CreatedDate,CreatedTime,Symbol,Type,Volume,Price,Side,CallPut,Strike,Spot,Premium,ExpirationDate,Color,ImpliedVolatility,Dte,ER,StockEtf,Sector,Uoa,Weekly,MktCap,OI
7/24/2026,9:30:00 AM,PLTR,SWEEP,1201,8.2084,B,CALL,130,124.75,985825,8/28/2026,MAGENTA,0,35,F,STOCK,Information Technology,T,T,286478000000,230
7/24/2026,9:30:03 AM,LLY,ML/,1,258.4,,CALL,940,1193.49,25840,8/7/2026,MAGENTA,0,14,F,STOCK,Health Care,F,T,1037874000000,1
7/24/2026,9:30:04 AM,LRCX,ML/,8,33.1725,,PUT,327.5,313.60,26538,8/7/2026,MAGENTA,0,14,F,STOCK,Information Technology,F,T,512158000000,1
7/24/2026,9:30:09 AM,LLY,ML/,6,227.67,,PUT,1260,1193.49,136602,12/17/2027,MAGENTA,0,511,F,STOCK,Health Care,T,F,1037874000000,1
7/24/2026,9:30:23 AM,PLTR,SWEEP,1400,8.2,B,CALL,130,125.3,1148000,8/28/2026,MAGENTA,0,35,F,STOCK,Information Technology,T,T,286478000000,230
7/24/2026,9:31:58 AM,PLTR,BLOCK,250,12.25,A,PUT,130,123.8,306250,8/14/2026,MAGENTA,0,21,F,STOCK,Information Technology,F,T,286478000000,0
7/24/2026,9:31:58 AM,PLTR,SWEEP,500,10.55,A,PUT,126,123.8,527500,8/21/2026,MAGENTA,0,28,F,STOCK,Information Technology,T,F,286478000000,23
7/24/2026,9:32:09 AM,WDC,ML/,10,36.02,,PUT,537.5,535,36020,7/31/2026,MAGENTA,0,7,F,STOCK,Information Technology,F,T,252521000000,7
7/24/2026,9:32:59 AM,LRCX,ML/,20,239.04,,CALL,82,317.85,478080,12/18/2026,MAGENTA,0,147,F,STOCK,Information Technology,F,F,512158000000,0
7/24/2026,9:32:59 AM,LRCX,ML/,20,239.67,,CALL,82,317.85,479340,1/15/2027,MAGENTA,0,175,F,STOCK,Information Technology,F,F,512158000000,0
7/24/2026,9:35:16 AM,ASML,BLOCK,3,100,,CALL,1795,1793.215,30000,8/14/2026,MAGENTA,0,21,F,STOCK,Information Technology,T,T,758742000000,3
7/24/2026,9:35:19 AM,CRWV,ML/,85,8.33,,PUT,82,78.465,70805,8/7/2026,MAGENTA,0,14,F,STOCK,Information Technology,T,T,49810000000,42
7/24/2026,9:35:46 AM,LLY,BLOCK,1,601.92,,PUT,1780,1187.677,60192,6/17/2027,MAGENTA,0,328,F,STOCK,Health Care,F,T,1037874000000,1
7/24/2026,9:38:59 AM,CRWV,ML/,200,6.7789,,PUT,81,77,135577,7/31/2026,MAGENTA,0,7,F,STOCK,Information Technology,T,T,49810000000,126
7/24/2026,9:39:35 AM,CRWV,ML/,125,8.6322,,PUT,81,77,107902,8/7/2026,MAGENTA,0,14,F,STOCK,Information Technology,T,T,49810000000,155
7/24/2026,9:39:35 AM,CRWV,ML/,125,6.8522,,PUT,81,77,85652,7/31/2026,MAGENTA,0,7,F,STOCK,Information Technology,T,T,49810000000,126
7/24/2026,9:39:48 AM,CRWV,ML/,33,8.5939,,PUT,81,76.805,28360,8/7/2026,MAGENTA,0,14,F,STOCK,Information Technology,T,T,49810000000,155
7/24/2026,9:39:59 AM,CRWV,ML/,38,8.65,,PUT,81,76.805,32870,8/7/2026,MAGENTA,0,14,F,STOCK,Information Technology,T,T,49810000000,155
7/24/2026,9:39:59 AM,CRWV,ML/,38,6.87,,PUT,81,76.805,26106,7/31/2026,MAGENTA,0,7,F,STOCK,Information Technology,T,T,49810000000,126
7/24/2026,9:40:53 AM,ASML,BLOCK,3,92,,CALL,1795,1782.915,27600,8/14/2026,MAGENTA,0,21,F,STOCK,Information Technology,T,T,758742000000,3
7/24/2026,9:40:56 AM,HOOD,ML/,1295,4.23,,PUT,93,95.785,547785,7/31/2026,MAGENTA,0,7,F,STOCK,Financials,F,T,95192000000,0
7/24/2026,9:40:56 AM,HOOD,ML/,1295,6.1938,,PUT,97,95.785,802097,7/31/2026,MAGENTA,0,7,F,STOCK,Financials,F,T,95192000000,304
7/24/2026,9:41:21 AM,LLY,BLOCK,100,2.82,,CALL,1500,1192.58,28200,8/21/2026,MAGENTA,0,28,F,STOCK,Health Care,T,F,1037874000000,145
7/24/2026,9:41:41 AM,ASML,BLOCK,7,818.6,,PUT,2580,1782.915,573020,10/16/2026,MAGENTA,0,84,F,STOCK,Information Technology,F,F,758742000000,0
7/24/2026,9:41:56 AM,CRWV,ML/,364,7.79,,PUT,82,76.86,283556,7/31/2026,MAGENTA,0,7,F,STOCK,Information Technology,T,T,49810000000,118
7/24/2026,9:41:56 AM,CRWV,ML/,364,9.52,,PUT,82,76.86,346528,8/7/2026,MAGENTA,0,14,F,STOCK,Information Technology,T,T,49810000000,42
7/24/2026,9:42:18 AM,ASML,BLOCK,10,67,,CALL,1765,1776.13,67000,7/31/2026,MAGENTA,0,7,F,STOCK,Information Technology,F,T,758742000000,4
7/24/2026,9:42:24 AM,ASML,BLOCK,7,839.7,A,PUT,2600,1776.13,587790,10/16/2026,MAGENTA,0,84,F,STOCK,Information Technology,F,F,758742000000,0
7/24/2026,9:42:35 AM,CRWV,ML/,200,9.8437,,PUT,55,76.22,196874,3/19/2027,MAGENTA,0,238,F,STOCK,Information Technology,T,F,49810000000,5
7/24/2026,9:43:09 AM,LLY,BLOCK,50,2.76,,CALL,1500,1191.38,13800,8/21/2026,MAGENTA,0,28,F,STOCK,Health Care,T,F,1037874000000,145
7/24/2026,9:43:17 AM,LLY,BLOCK,60,2.77,,CALL,1500,1191.38,16620,8/21/2026,MAGENTA,0,28,F,STOCK,Health Care,T,F,1037874000000,145
7/24/2026,9:45:40 AM,ASML,BLOCK,1,385.3,,PUT,2040,1785.13,38530,11/20/2026,MAGENTA,0,119,F,STOCK,Information Technology,F,F,758742000000,1
7/24/2026,9:46:13 AM,HOOD,ML/,2000,3.93,,CALL,101,96.37,786000,7/31/2026,MAGENTA,0,7,F,STOCK,Financials,T,T,95192000000,235
7/24/2026,9:46:13 AM,HOOD,ML/,2000,5.5,,CALL,97,96.37,1100000,7/31/2026,MAGENTA,0,7,F,STOCK,Financials,F,T,95192000000,217
7/24/2026,9:46:26 AM,HOOD,BLOCK,100,6,,CALL,96,96.38,60000,7/31/2026,MAGENTA,0,7,F,STOCK,Financials,T,T,95192000000,4
7/24/2026,9:46:48 AM,LLY,ML/,2,235.69,,CALL,1180,1200.905,47138,9/17/2027,MAGENTA,0,420,F,STOCK,Health Care,T,F,1037874000000,7
7/24/2026,9:47:17 AM,ASML,BLOCK,10,66.16,,CALL,1765,1782.585,66160,7/31/2026,MAGENTA,0,7,F,STOCK,Information Technology,T,T,758742000000,4
7/24/2026,9:47:25 AM,LRCX,ML/,17,17.8753,,PUT,310,316.605,30388,7/31/2026,MAGENTA,0,7,F,STOCK,Information Technology,T,T,512158000000,276
7/24/2026,9:47:30 AM,PLTR,BLOCK,16,26.83,,PUT,150,123.11,42928,7/31/2026,MAGENTA,0,7,F,STOCK,Information Technology,F,T,286478000000,5
7/24/2026,9:47:44 AM,HOOD,ML/,45,6.15,,CALL,96,96.38,27675,7/31/2026,MAGENTA,0,7,F,STOCK,Financials,T,T,95192000000,4
7/24/2026,9:47:44 AM,LRCX,ML/,22,18.14,,PUT,310,316.605,39908,7/31/2026,MAGENTA,0,7,F,STOCK,Information Technology,T,T,512158000000,276
7/24/2026,9:47:56 AM,LLY,BLOCK,183,1.01,,CALL,1310,1200.905,18483,7/31/2026,MAGENTA,0,7,F,STOCK,Health Care,F,T,1037874000000,14
7/24/2026,9:47:57 AM,WDC,BLOCK,7,51.4,,CALL,960,536.852,35980,1/15/2027,MAGENTA,0,175,F,STOCK,Information Technology,T,F,252521000000,21
7/24/2026,9:48:17 AM,WDC,BLOCK,7,51.1,,CALL,960,536.75,35770,1/15/2027,MAGENTA,0,175,F,STOCK,Information Technology,T,F,252521000000,21
7/24/2026,9:48:26 AM,LRCX,ML/,15,18.292,,PUT,310,316.605,27438,7/31/2026,MAGENTA,0,7,F,STOCK,Information Technology,T,T,512158000000,276
7/24/2026,9:48:32 AM,WDC,BLOCK,7,51.2,,CALL,960,536.75,35840,1/15/2027,MAGENTA,0,175,F,STOCK,Information Technology,T,F,252521000000,21
7/24/2026,9:48:39 AM,HOOD,ML/,2000,4.83,,CALL,99,96.905,966000,7/31/2026,MAGENTA,0,7,F,STOCK,Financials,T,T,95192000000,289
7/24/2026,9:48:46 AM,LRCX,ML/,16,18.5181,,PUT,310,315.265,29629,7/31/2026,MAGENTA,0,7,F,STOCK,Information Technology,T,T,512158000000,276
7/24/2026,9:48:52 AM,WDC,BLOCK,5,51,,CALL,960,536.75,25500,1/15/2027,MAGENTA,0,175,F,STOCK,Information Technology,T,F,252521000000,21
7/24/2026,9:49:03 AM,WDC,BLOCK,5,51.3,,CALL,960,536.75,25650,1/15/2027,MAGENTA,0,175,F,STOCK,Information Technology,T,F,252521000000,21
7/24/2026,9:49:04 AM,LRCX,ML/,17,18.4271,,PUT,310,315.265,31326,7/31/2026,MAGENTA,0,7,F,STOCK,Information Technology,T,T,512158000000,276
7/24/2026,9:49:24 AM,LRCX,ML/,15,18.4347,,PUT,310,315.265,27652,7/31/2026,MAGENTA,0,7,F,STOCK,Information Technology,T,T,512158000000,276
7/24/2026,9:49:42 AM,LRCX,ML/,24,17.5542,,PUT,310,315.265,42130,7/31/2026,MAGENTA,0,7,F,STOCK,Information Technology,T,T,512158000000,276
7/24/2026,9:49:47 AM,WDC,BLOCK,5,51.236,,CALL,960,536.75,25618,1/15/2027,MAGENTA,0,175,F,STOCK,Information Technology,T,F,252521000000,21
7/24/2026,9:49:55 AM,WDC,BLOCK,5,51.8,,CALL,960,536.75,25900,1/15/2027,MAGENTA,0,175,F,STOCK,Information Technology,T,F,252521000000,21
7/24/2026,9:49:58 AM,HOOD,ML/,165,7.95,,PUT,99,96.9,131175,8/7/2026,MAGENTA,0,14,F,STOCK,Financials,T,T,95192000000,96
7/24/2026,9:50:10 AM,LLY,BLOCK,70,2.85,,CALL,1500,1196.09,19950,8/21/2026,MAGENTA,0,28,F,STOCK,Health Care,T,F,1037874000000,145
7/24/2026,9:50:12 AM,WDC,BLOCK,7,51.2,,CALL,960,536.75,35840,1/15/2027,MAGENTA,0,175,F,STOCK,Information Technology,T,F,252521000000,21
7/24/2026,9:50:17 AM,LRCX,SWEEP,98,3.2459,,CALL,405,315.63,31810,8/7/2026,MAGENTA,0,14,F,STOCK,Information Technology,T,T,512158000000,20
7/24/2026,9:51:35 AM,WDC,BLOCK,7,49.8,,CALL,960,537.815,34860,1/15/2027,MAGENTA,0,175,F,STOCK,Information Technology,T,F,252521000000,21
7/24/2026,9:55:05 AM,LRCX,SWEEP,93,4.2514,,CALL,510,312.565,39538,9/18/2026,MAGENTA,0,56,F,STOCK,Information Technology,T,F,512158000000,48
7/24/2026,9:56:07 AM,WDC,BLOCK,110,46.1407,B,CALL,555,529.6,507548,8/14/2026,MAGENTA,0,21,F,STOCK,Information Technology,T,T,252521000000,22
7/24/2026,9:57:10 AM,HOOD,ML/,3691,3.38,,CALL,101,95.18,1247558,7/31/2026,MAGENTA,0,7,F,STOCK,Financials,T,T,95192000000,235
7/24/2026,9:57:10 AM,HOOD,ML/,3691,2.1,,PUT,86,95.18,775110,7/31/2026,MAGENTA,0,7,F,STOCK,Financials,F,T,95192000000,325
7/24/2026,9:57:35 AM,LLY,SWEEP,26,61.4673,,PUT,1250,1195,159815,7/31/2026,MAGENTA,0,7,F,STOCK,Health Care,T,T,1037874000000,14
7/24/2026,9:59:57 AM,ASML,BLOCK,10,63,,CALL,1765,1766.44,63000,7/31/2026,MAGENTA,0,7,F,STOCK,Information Technology,T,T,758742000000,4
7/24/2026,10:00:08 AM,WDC,SWEEP,28,17.35,,PUT,430,530.38,48580,8/14/2026,MAGENTA,0,21,F,STOCK,Information Technology,T,T,252521000000,6
7/24/2026,10:03:14 AM,LLY,ML/,8,56.395,,PUT,1185,1198,45116,8/28/2026,MAGENTA,0,35,F,STOCK,Health Care,T,T,1037874000000,7
7/24/2026,10:04:59 AM,LLY,ML/,7,52.0243,,PUT,1185,1198.35,36417,8/21/2026,MAGENTA,0,28,F,STOCK,Health Care,T,F,1037874000000,14
7/24/2026,10:05:46 AM,LRCX,BLOCK,50,27.3,A,CALL,300,311.77,136500,7/31/2026,MAGENTA,0,7,F,STOCK,Information Technology,T,T,512158000000,79
7/24/2026,10:07:13 AM,CRWV,BLOCK,20,18.95,,CALL,60,75.095,37900,8/28/2026,MAGENTA,0,35,F,STOCK,Information Technology,F,T,49810000000,6
7/24/2026,10:09:55 AM,LLY,ML/,21,52.1,,PUT,1185,1197.81,109410,8/21/2026,MAGENTA,0,28,F,STOCK,Health Care,T,F,1037874000000,14
7/24/2026,10:10:06 AM,PLTR,BLOCK,80,1.31,,PUT,40,122.85,10480,9/17/2027,MAGENTA,0,420,F,STOCK,Information Technology,F,F,286478000000,10
7/24/2026,10:10:24 AM,HOOD,ML/,100,1.88,,PUT,86,95.67,18800,7/31/2026,MAGENTA,0,7,F,STOCK,Financials,T,T,95192000000,325
7/24/2026,10:14:08 AM,LRCX,BLOCK,50,29,,CALL,300,311.77,145000,7/31/2026,MAGENTA,0,7,F,STOCK,Information Technology,T,T,512158000000,79
7/24/2026,10:17:10 AM,LRCX,SWEEP,54,26.7333,,CALL,300,311.77,144360,7/31/2026,MAGENTA,0,7,F,STOCK,Information Technology,T,T,512158000000,79
7/24/2026,10:18:58 AM,HOOD,SWEEP,1363,3.2,,CALL,155,95.67,436165,11/20/2026,MAGENTA,0,119,F,STOCK,Financials,T,F,95192000000,194
7/24/2026,10:19:58 AM,HOOD,ML/,50,2.38,,PUT,87,95.67,11900,7/31/2026,MAGENTA,0,7,F,STOCK,Financials,T,T,95192000000,219
7/24/2026,10:21:35 AM,LRCX,BLOCK,15,27,,CALL,300,311.77,40500,7/31/2026,MAGENTA,0,7,F,STOCK,Information Technology,T,T,512158000000,79
7/24/2026,10:21:40 AM,LRCX,BLOCK,27,27,,CALL,300,311.77,72900,7/31/2026,MAGENTA,0,7,F,STOCK,Information Technology,T,T,512158000000,79
7/24/2026,10:25:49 AM,LRCX,ML/,1834,8.57,,CALL,342.5,311.77,1571738,7/31/2026,MAGENTA,0,7,F,STOCK,Information Technology,T,T,512158000000,12
7/24/2026,10:25:49 AM,LRCX,ML/,1834,11.51,,CALL,332.5,311.77,2110934,7/31/2026,MAGENTA,0,7,F,STOCK,Information Technology,F,T,512158000000,23
7/24/2026,10:26:43 AM,LRCX,ML/,24,11.4792,B,CALL,332.5,311.77,27550,7/31/2026,MAGENTA,0,7,F,STOCK,Information Technology,T,T,512158000000,23
7/24/2026,10:26:49 AM,HOOD,BLOCK,50,7.45,,CALL,97,95.67,37250,8/21/2026,MAGENTA,0,28,F,STOCK,Financials,F,F,95192000000,3
7/24/2026,10:28:45 AM,HOOD,ML/,580,3.1571,A,CALL,101,95.67,183110,7/31/2026,MAGENTA,0,7,F,STOCK,Financials,T,T,95192000000,235
7/24/2026,10:28:45 AM,HOOD,ML/,580,4.58,A,CALL,97,95.67,265640,7/31/2026,MAGENTA,0,7,F,STOCK,Financials,T,T,95192000000,217
7/24/2026,10:32:22 AM,PLTR,ML/,2699,1.87,,PUT,119,122.85,504713,7/31/2026,MAGENTA,0,7,F,STOCK,Information Technology,T,T,286478000000,412
7/24/2026,10:32:22 AM,PLTR,ML/,2699,0.54,,PUT,112,122.85,145746,7/31/2026,MAGENTA,0,7,F,STOCK,Information Technology,T,T,286478000000,573
7/24/2026,10:33:48 AM,PLTR,ML/,237,1.0167,,PUT,116,122.92,24095,7/31/2026,MAGENTA,0,7,F,STOCK,Information Technology,T,T,286478000000,105
7/24/2026,10:33:55 AM,WDC,SWEEP,197,13.4982,,CALL,580,525.75,265915,7/31/2026,MAGENTA,0,7,F,STOCK,Information Technology,T,T,252521000000,273
7/24/2026,10:39:56 AM,ASML,ML/,160,60.42,,PUT,1760,1768,966720,7/31/2026,MAGENTA,0,7,F,STOCK,Information Technology,T,T,758742000000,18
7/24/2026,10:40:32 AM,WDC,BLOCK,5,50,,PUT,552.5,527.2,25000,7/31/2026,MAGENTA,0,7,F,STOCK,Information Technology,F,T,252521000000,1
7/24/2026,10:41:03 AM,PLTR,ML/,44,7.15,,CALL,130,123.117,31460,8/28/2026,MAGENTA,0,35,F,STOCK,Information Technology,T,T,286478000000,230
7/24/2026,10:41:47 AM,PLTR,BLOCK,66,7.1,A,CALL,130,123.117,46860,8/28/2026,MAGENTA,0,35,F,STOCK,Information Technology,T,T,286478000000,230
7/24/2026,10:41:57 AM,LRCX,ML/,1080,8.35,,PUT,277.5,308.22,901796,7/31/2026,MAGENTA,0,7,F,STOCK,Information Technology,F,T,512158000000,0
7/24/2026,10:41:57 AM,LRCX,ML/,1080,12.9801,,CALL,322.5,308.22,1401850,7/31/2026,MAGENTA,0,7,F,STOCK,Information Technology,T,T,512158000000,120
7/24/2026,10:43:56 AM,LRCX,SWEEP,290,12.1,,CALL,325,307.21,350900,7/31/2026,MAGENTA,0,7,F,STOCK,Information Technology,T,T,512158000000,57
7/24/2026,10:46:09 AM,ASML,BLOCK,3,963.1,A,CALL,860,1762.29,288930,6/17/2027,MAGENTA,0,328,F,STOCK,Information Technology,F,T,758742000000,0
7/24/2026,10:46:45 AM,WDC,ML/,87,92.1664,B,CALL,460,527.2,801848,8/14/2026,MAGENTA,0,21,F,STOCK,Information Technology,T,T,252521000000,102
7/24/2026,10:47:06 AM,CRWV,ML/,30,9.08,,PUT,82,74.755,27240,7/31/2026,MAGENTA,0,7,F,STOCK,Information Technology,T,T,49810000000,118
7/24/2026,10:47:13 AM,WDC,ML/,50,92.4242,A,CALL,460,527.2,462121,8/14/2026,MAGENTA,0,21,F,STOCK,Information Technology,T,T,252521000000,102
7/24/2026,10:47:18 AM,WDC,ML/,24,91.8758,A,CALL,460,527.2,220502,8/14/2026,MAGENTA,0,21,F,STOCK,Information Technology,T,T,252521000000,102
7/24/2026,10:47:21 AM,WDC,ML/,10,92.25,A,CALL,460,527.2,92250,8/14/2026,MAGENTA,0,21,F,STOCK,Information Technology,T,T,252521000000,102
7/24/2026,10:47:23 AM,WDC,ML/,15,92.3953,A,CALL,460,527.2,138593,8/14/2026,MAGENTA,0,21,F,STOCK,Information Technology,T,T,252521000000,102
7/24/2026,10:47:33 AM,HOOD,ML/,58,45.93,,CALL,50,94.23,266394,11/20/2026,MAGENTA,0,119,F,STOCK,Financials,F,F,95192000000,0
7/24/2026,10:47:34 AM,WDC,ML/,51,92.6475,A,CALL,460,527.2,472502,8/14/2026,MAGENTA,0,21,F,STOCK,Information Technology,T,T,252521000000,102
7/24/2026,10:48:00 AM,LLY,ML/,25,57.17,,CALL,1195,1202.5,142925,8/14/2026,MAGENTA,0,21,F,STOCK,Health Care,T,T,1037874000000,6
7/24/2026,10:48:14 AM,WDC,ML/,50,91.8098,A,CALL,460,527.2,459049,8/14/2026,MAGENTA,0,21,F,STOCK,Information Technology,T,T,252521000000,102
7/24/2026,10:48:24 AM,LLY,ML/,7,53.35,,PUT,1185,1202.5,37345,8/21/2026,MAGENTA,0,28,F,STOCK,Health Care,T,F,1037874000000,14
7/24/2026,10:48:24 AM,LLY,ML/,7,57.4,,PUT,1185,1202.5,40180,8/28/2026,MAGENTA,0,35,F,STOCK,Health Care,T,T,1037874000000,7
7/24/2026,10:48:39 AM,WDC,ML/,50,91.7508,A,CALL,460,527.2,458754,8/14/2026,MAGENTA,0,21,F,STOCK,Information Technology,T,T,252521000000,102
7/24/2026,10:48:59 AM,WDC,ML/,14,91.32,A,CALL,460,527.2,127848,8/14/2026,MAGENTA,0,21,F,STOCK,Information Technology,T,T,252521000000,102
7/24/2026,10:49:03 AM,WDC,ML/,36,91.6731,A,CALL,460,527.2,330023,8/14/2026,MAGENTA,0,21,F,STOCK,Information Technology,T,T,252521000000,102
7/24/2026,10:49:12 AM,WDC,ML/,50,92.393,A,CALL,460,527.2,461965,8/14/2026,MAGENTA,0,21,F,STOCK,Information Technology,T,T,252521000000,102
7/24/2026,10:51:04 AM,WDC,ML/,34,19.0971,,PUT,435,527.2,64930,8/14/2026,MAGENTA,0,21,F,STOCK,Information Technology,T,T,252521000000,2
7/24/2026,10:51:24 AM,PLTR,SWEEP,959,5.5,A,CALL,120,123.117,527450,7/31/2026,MAGENTA,0,7,F,STOCK,Information Technology,T,T,286478000000,747
7/24/2026,11:00:05 AM,CRWV,BLOCK,10,44.9,,PUT,120,74.755,44900,8/7/2026,MAGENTA,0,14,F,STOCK,Information Technology,T,T,49810000000,19
7/24/2026,11:00:16 AM,HOOD,ML/,20,17.4,,CALL,80,94.23,34800,8/28/2026,MAGENTA,0,35,F,STOCK,Financials,T,T,95192000000,8
7/24/2026,11:01:01 AM,LRCX,SWEEP,47,27,B,CALL,300,308.22,126900,7/31/2026,MAGENTA,0,7,F,STOCK,Information Technology,T,T,512158000000,79
7/24/2026,11:02:31 AM,HOOD,BLOCK,48,6.75,,CALL,94,94.23,32400,8/7/2026,MAGENTA,0,14,F,STOCK,Financials,T,T,95192000000,24
7/24/2026,11:08:20 AM,WDC,ML/,70,93.3393,,PUT,490,527.2,653375,11/20/2026,MAGENTA,0,119,F,STOCK,Information Technology,F,F,252521000000,54
7/24/2026,11:08:20 AM,WDC,SWEEP,46,78.2507,,PUT,460,527.2,359953,11/20/2026,MAGENTA,0,119,F,STOCK,Information Technology,F,F,252521000000,0
7/24/2026,11:09:56 AM,PLTR,SWEEP,482,4.05,B,PUT,110,123.117,195210,8/28/2026,MAGENTA,0,35,F,STOCK,Information Technology,T,T,286478000000,39
7/24/2026,11:10:35 AM,WDC,BLOCK,36,13.1406,,CALL,580,527.2,47306,7/31/2026,MAGENTA,0,7,F,STOCK,Information Technology,T,T,252521000000,273
7/24/2026,11:10:53 AM,HOOD,ML/,2000,2.79,,CALL,101,94.23,558000,7/31/2026,MAGENTA,0,7,F,STOCK,Financials,T,T,95192000000,235
7/24/2026,11:10:53 AM,HOOD,ML/,2000,4.13,,CALL,97,94.23,826000,7/31/2026,MAGENTA,0,7,F,STOCK,Financials,T,T,95192000000,217
7/24/2026,11:10:59 AM,PLTR,BLOCK,4,71.49,,PUT,195,123.117,28596,8/28/2026,MAGENTA,0,35,F,STOCK,Information Technology,F,T,286478000000,1
7/24/2026,11:11:07 AM,WDC,ML/,14,27.53,,PUT,517.5,527.2,38542,7/31/2026,MAGENTA,0,7,F,STOCK,Information Technology,F,T,252521000000,3
7/24/2026,11:14:08 AM,ASML,BLOCK,1,362.7,,CALL,2720,1768,36270,6/16/2028,MAGENTA,0,693,F,STOCK,Information Technology,T,F,758742000000,3
7/24/2026,11:14:58 AM,LRCX,ML/,150,61.36,,PUT,280,308.22,920400,3/19/2027,MAGENTA,0,238,F,STOCK,Information Technology,F,F,512158000000,0
7/24/2026,11:15:07 AM,PLTR,SWEEP,1015,6.1,A,CALL,120,123.117,619150,7/31/2026,MAGENTA,0,7,F,STOCK,Information Technology,T,T,286478000000,747
7/24/2026,11:15:33 AM,HOOD,BLOCK,66,10.2,,CALL,150,94.23,67320,4/16/2027,MAGENTA,0,266,F,STOCK,Financials,T,F,95192000000,12
7/24/2026,11:15:48 AM,LRCX,BLOCK,23,27,,CALL,300,308.22,62100,7/31/2026,MAGENTA,0,7,F,STOCK,Information Technology,T,T,512158000000,79
7/24/2026,11:15:49 AM,LRCX,BLOCK,27,27,,CALL,300,308.22,72900,7/31/2026,MAGENTA,0,7,F,STOCK,Information Technology,T,T,512158000000,79
7/24/2026,11:17:15 AM,LRCX,BLOCK,50,27,A,CALL,300,308.22,135000,7/31/2026,MAGENTA,0,7,F,STOCK,Information Technology,T,T,512158000000,79
7/24/2026,11:19:41 AM,ASML,BLOCK,10,60,,PUT,1775,1768,60000,7/31/2026,MAGENTA,0,7,F,STOCK,Information Technology,F,T,758742000000,5
7/24/2026,11:20:02 AM,WDC,SWEEP,32,12.1828,,CALL,690,527.2,38985,8/14/2026,MAGENTA,0,21,F,STOCK,Information Technology,F,T,252521000000,9
7/24/2026,11:20:14 AM,ASML,BLOCK,8,325.29,A,CALL,1560,1768,260232,10/16/2026,MAGENTA,0,84,F,STOCK,Information Technology,F,F,758742000000,0
7/24/2026,11:20:31 AM,PLTR,ML/,25,23.28,,PUT,147,123.117,58200,7/31/2026,MAGENTA,0,7,F,STOCK,Information Technology,F,T,286478000000,4
7/24/2026,11:21:43 AM,WDC,SWEEP,50,14.5324,,CALL,580,527.2,72662,7/31/2026,MAGENTA,0,7,F,STOCK,Information Technology,T,T,252521000000,273
7/24/2026,11:22:54 AM,LRCX,BLOCK,20,18.098,,PUT,310,313.288,36196,7/31/2026,MAGENTA,0,7,F,STOCK,Information Technology,T,T,512158000000,276
7/24/2026,11:28:21 AM,LRCX,BLOCK,50,27,,CALL,300,313,135000,7/31/2026,MAGENTA,0,7,F,STOCK,Information Technology,T,T,512158000000,79
7/24/2026,11:28:59 AM,CRWV,BLOCK,57,3.85,,CALL,87,75.235,21945,8/14/2026,MAGENTA,0,21,F,STOCK,Information Technology,T,T,49810000000,10
7/24/2026,11:31:06 AM,ASML,BLOCK,10,332,,CALL,1450,1768,332000,7/31/2026,MAGENTA,0,7,F,STOCK,Information Technology,F,T,758742000000,0
7/24/2026,11:34:11 AM,PLTR,ML/,108,8.6307,,PUT,121,124.02,93212,9/4/2026,MAGENTA,0,42,F,STOCK,Information Technology,F,T,286478000000,2
7/24/2026,11:37:23 AM,HOOD,SWEEP,117,3.15,B,CALL,101,95.29,36855,7/31/2026,MAGENTA,0,7,F,STOCK,Financials,T,T,95192000000,235
7/24/2026,11:37:53 AM,HOOD,BLOCK,100,3.1998,A,CALL,101,95.315,31998,7/31/2026,MAGENTA,0,7,F,STOCK,Financials,T,T,95192000000,235
7/24/2026,11:40:21 AM,ASML,ML/,120,5.0267,,PUT,920,1780.84,60320,8/28/2026,MAGENTA,0,35,F,STOCK,Information Technology,F,T,758742000000,2
7/24/2026,11:41:20 AM,HOOD,SWEEP,58,4.6569,BB,CALL,97,95.315,27010,7/31/2026,MAGENTA,0,7,F,STOCK,Financials,T,T,95192000000,217
7/24/2026,11:42:19 AM,CRWV,BLOCK,140,3.15,,CALL,78,75.555,44100,7/31/2026,MAGENTA,0,7,F,STOCK,Information Technology,T,T,49810000000,4
7/24/2026,11:42:40 AM,LLY,BLOCK,65,4.5508,,CALL,1255,1199.46,29580,7/31/2026,MAGENTA,0,7,F,STOCK,Health Care,T,T,1037874000000,17
7/24/2026,11:44:40 AM,LLY,BLOCK,9,41.8,,CALL,1230,1201.63,37620,8/14/2026,MAGENTA,0,21,F,STOCK,Health Care,T,T,1037874000000,3
7/24/2026,11:45:29 AM,LLY,ML/,10,151.61,,PUT,1220,1201.63,151610,3/19/2027,MAGENTA,0,238,F,STOCK,Health Care,T,F,1037874000000,22
7/24/2026,11:47:05 AM,LLY,ML/,5,151.41,,PUT,1220,1202.99,75705,3/19/2027,MAGENTA,0,238,F,STOCK,Health Care,T,F,1037874000000,22
7/24/2026,11:47:37 AM,LLY,ML/,2,151.155,B,PUT,1220,1202.99,30231,3/19/2027,MAGENTA,0,238,F,STOCK,Health Care,T,F,1037874000000,22
7/24/2026,11:49:50 AM,ASML,BLOCK,1,308,,PUT,1360,1783.29,30800,12/15/2028,MAGENTA,0,875,F,STOCK,Information Technology,F,F,758742000000,5
7/24/2026,11:50:03 AM,ASML,BLOCK,1,309.82,,PUT,1360,1785.02,30982,12/15/2028,MAGENTA,0,875,F,STOCK,Information Technology,F,F,758742000000,5
7/24/2026,11:50:30 AM,ASML,BLOCK,1,308,B,PUT,1360,1785.275,30800,12/15/2028,MAGENTA,0,875,F,STOCK,Information Technology,F,F,758742000000,5
7/24/2026,11:50:36 AM,ASML,BLOCK,2,308.89,B,PUT,1360,1785.275,61778,12/15/2028,MAGENTA,0,875,F,STOCK,Information Technology,F,F,758742000000,5
7/24/2026,11:50:41 AM,ASML,BLOCK,3,310.6,A,PUT,1360,1785.275,93180,12/15/2028,MAGENTA,0,875,F,STOCK,Information Technology,F,F,758742000000,5
7/24/2026,11:51:05 AM,ASML,BLOCK,1,308.5,B,PUT,1360,1785.275,30850,12/15/2028,MAGENTA,0,875,F,STOCK,Information Technology,T,F,758742000000,5
7/24/2026,11:51:13 AM,ASML,BLOCK,1,309.5,A,PUT,1360,1785.275,30950,12/15/2028,MAGENTA,0,875,F,STOCK,Information Technology,F,F,758742000000,5
7/24/2026,11:51:15 AM,ASML,BLOCK,3,309.75,A,PUT,1360,1785.275,92925,12/15/2028,MAGENTA,0,875,F,STOCK,Information Technology,T,F,758742000000,5
7/24/2026,11:51:34 AM,ASML,BLOCK,5,310.34,A,PUT,1360,1785.275,155170,12/15/2028,MAGENTA,0,875,F,STOCK,Information Technology,T,F,758742000000,5
7/24/2026,11:52:32 AM,LLY,BLOCK,5,62.7,BB,CALL,1230,1201.55,31350,9/18/2026,MAGENTA,0,56,F,STOCK,Health Care,T,F,1037874000000,7
7/24/2026,11:52:51 AM,LLY,BLOCK,10,63.233,,CALL,1230,1200.435,63233,9/18/2026,MAGENTA,0,56,F,STOCK,Health Care,T,F,1037874000000,7
7/24/2026,11:53:09 AM,LLY,ML/,7,50.6,,PUT,1185,1200.435,35420,8/21/2026,MAGENTA,0,28,F,STOCK,Health Care,T,F,1037874000000,14
7/24/2026,11:53:09 AM,LLY,ML/,7,54.75,,PUT,1185,1200.435,38325,8/28/2026,MAGENTA,0,35,F,STOCK,Health Care,T,T,1037874000000,7
7/24/2026,11:55:34 AM,LLY,ML/,7,54.41,,PUT,1185,1200.435,38087,8/28/2026,MAGENTA,0,35,F,STOCK,Health Care,T,T,1037874000000,7
7/24/2026,11:55:34 AM,LLY,ML/,7,50.41,,PUT,1185,1200.435,35287,8/21/2026,MAGENTA,0,28,F,STOCK,Health Care,T,F,1037874000000,14
7/24/2026,11:55:57 AM,LRCX,ML/,17,42.2529,,CALL,280,315.56,71830,7/31/2026,MAGENTA,0,7,F,STOCK,Information Technology,F,T,512158000000,9
7/24/2026,11:56:06 AM,LRCX,BLOCK,60,3.3,,CALL,372.5,315.68,19800,7/31/2026,MAGENTA,0,7,F,STOCK,Information Technology,F,T,512158000000,44
7/24/2026,11:56:30 AM,ASML,BLOCK,13,21.7,,CALL,1965,1789.795,28210,8/7/2026,MAGENTA,0,14,F,STOCK,Information Technology,F,T,758742000000,8
7/24/2026,11:56:34 AM,LRCX,SWEEP,104,3.3,,CALL,372.5,315.68,34320,7/31/2026,MAGENTA,0,7,F,STOCK,Information Technology,F,T,512158000000,44
7/24/2026,11:57:13 AM,CRWV,BLOCK,30,9,,CALL,76,75.96,27000,8/21/2026,MAGENTA,0,28,F,STOCK,Information Technology,T,F,49810000000,16
7/24/2026,12:01:40 PM,ASML,BLOCK,3,410.2,A,PUT,1560,1790.98,123060,12/15/2028,MAGENTA,0,875,F,STOCK,Information Technology,T,F,758742000000,2
7/24/2026,12:01:47 PM,ASML,SWEEP,5,70,,CALL,1765,1790.98,35000,7/31/2026,MAGENTA,0,7,F,STOCK,Information Technology,T,T,758742000000,4
7/24/2026,12:01:59 PM,ASML,BLOCK,3,410.72,A,PUT,1560,1788.8,123216,12/15/2028,MAGENTA,0,875,F,STOCK,Information Technology,T,F,758742000000,2
7/24/2026,12:02:33 PM,ASML,BLOCK,3,409.7,A,PUT,1560,1788.8,122910,12/15/2028,MAGENTA,0,875,F,STOCK,Information Technology,T,F,758742000000,2
7/24/2026,12:03:02 PM,ASML,BLOCK,3,410.22,A,PUT,1560,1788.8,123066,12/15/2028,MAGENTA,0,875,F,STOCK,Information Technology,T,F,758742000000,2
7/24/2026,12:03:19 PM,ASML,BLOCK,2,409.28,A,PUT,1560,1789.89,81856,12/15/2028,MAGENTA,0,875,F,STOCK,Information Technology,T,F,758742000000,2
7/24/2026,12:03:21 PM,ASML,BLOCK,3,409.36,A,PUT,1560,1789.89,122808,12/15/2028,MAGENTA,0,875,F,STOCK,Information Technology,T,F,758742000000,2
7/24/2026,12:03:54 PM,ASML,BLOCK,5,72,,CALL,1765,1789.89,36000,7/31/2026,MAGENTA,0,7,F,STOCK,Information Technology,T,T,758742000000,4
7/24/2026,12:04:34 PM,HOOD,SWEEP,355,2.79,,CALL,102,95.35,99045,7/31/2026,MAGENTA,0,7,F,STOCK,Financials,T,T,95192000000,406
7/24/2026,12:04:35 PM,HOOD,SWEEP,319,2.7719,B,CALL,102,95.35,88425,7/31/2026,MAGENTA,0,7,F,STOCK,Financials,T,T,95192000000,406
7/24/2026,12:05:01 PM,ASML,BLOCK,5,408.3,A,PUT,1560,1789.89,204150,12/15/2028,MAGENTA,0,875,F,STOCK,Information Technology,T,F,758742000000,2
7/24/2026,12:06:00 PM,CRWV,BLOCK,9,44.4,,PUT,120,75.68,39960,8/7/2026,MAGENTA,0,14,F,STOCK,Information Technology,T,T,49810000000,19
7/24/2026,12:07:33 PM,PLTR,BLOCK,400,7.3544,,CALL,130,123.79,294177,8/28/2026,MAGENTA,0,35,F,STOCK,Information Technology,T,T,286478000000,230
7/24/2026,12:08:21 PM,ASML,BLOCK,5,73.02,,CALL,1765,1792.275,36510,7/31/2026,MAGENTA,0,7,F,STOCK,Information Technology,T,T,758742000000,4
7/24/2026,12:10:28 PM,ASML,BLOCK,4,75,,CALL,1765,1796.99,30000,7/31/2026,MAGENTA,0,7,F,STOCK,Information Technology,T,T,758742000000,4
7/24/2026,12:10:34 PM,ASML,BLOCK,1,263,,PUT,1260,1796.99,26300,12/15/2028,MAGENTA,0,875,F,STOCK,Information Technology,F,F,758742000000,1
7/24/2026,12:11:27 PM,ASML,BLOCK,1,262.1,,PUT,1260,1796.99,26210,12/15/2028,MAGENTA,0,875,F,STOCK,Information Technology,T,F,758742000000,1
7/24/2026,12:11:50 PM,LLY,ML/,10,69.331,,CALL,1200,1201.46,69331,9/4/2026,MAGENTA,0,42,F,STOCK,Health Care,F,T,1037874000000,1
7/24/2026,12:12:16 PM,ASML,BLOCK,10,73.73,,CALL,1765,1796.847,73730,7/31/2026,MAGENTA,0,7,F,STOCK,Information Technology,T,T,758742000000,4
7/24/2026,12:12:46 PM,WDC,ML/,15,29.88,,CALL,542.5,536.32,44820,7/31/2026,MAGENTA,0,7,F,STOCK,Information Technology,F,T,252521000000,3
7/24/2026,12:13:09 PM,ASML,ML/,7,51.56,,PUT,1780,1792,36092,7/31/2026,MAGENTA,0,7,F,STOCK,Information Technology,T,T,758742000000,1
7/24/2026,12:13:26 PM,HOOD,ML/,100,4.7142,,CALL,97,95.275,47142,7/31/2026,MAGENTA,0,7,F,STOCK,Financials,T,T,95192000000,217
7/24/2026,12:13:59 PM,ASML,ML/,107,10.5428,,CALL,1950,1792,112808,7/31/2026,MAGENTA,0,7,F,STOCK,Information Technology,T,T,758742000000,45
7/24/2026,12:13:59 PM,ASML,ML/,114,52.016,,PUT,1780,1792,592982,7/31/2026,MAGENTA,0,7,F,STOCK,Information Technology,T,T,758742000000,1
7/24/2026,12:14:59 PM,ASML,ML/,81,10.4067,,CALL,1950,1792,84294,7/31/2026,MAGENTA,0,7,F,STOCK,Information Technology,T,T,758742000000,45
7/24/2026,12:14:59 PM,ASML,ML/,81,52.1007,B,PUT,1780,1792,422016,7/31/2026,MAGENTA,0,7,F,STOCK,Information Technology,T,T,758742000000,1
7/24/2026,12:16:58 PM,CRWV,BLOCK,8,44.4,,PUT,120,76.04,35520,8/7/2026,MAGENTA,0,14,F,STOCK,Information Technology,T,T,49810000000,19
7/24/2026,12:17:03 PM,ASML,BLOCK,2,219.35,,PUT,1910,1790.19,43870,9/18/2026,MAGENTA,0,56,F,STOCK,Information Technology,T,F,758742000000,1
7/24/2026,12:18:40 PM,ASML,BLOCK,3,910.5,,CALL,960,1786.785,273150,6/17/2027,MAGENTA,0,328,F,STOCK,Information Technology,F,T,758742000000,0
7/24/2026,12:18:50 PM,CRWV,ML/,190,5,,PUT,74,75.63,95000,8/7/2026,MAGENTA,0,14,F,STOCK,Information Technology,F,T,49810000000,28
7/24/2026,12:19:12 PM,HOOD,BLOCK,50,7.6324,,CALL,97,95.245,38162,8/21/2026,MAGENTA,0,28,F,STOCK,Financials,T,F,95192000000,3
7/24/2026,12:19:56 PM,LRCX,ML/,25,16.4472,,PUT,310,315.235,41118,7/31/2026,MAGENTA,0,7,F,STOCK,Information Technology,T,T,512158000000,276
7/24/2026,12:19:57 PM,ASML,BLOCK,15,69.1,B,PUT,1810,1786.53,103650,7/31/2026,MAGENTA,0,7,F,STOCK,Information Technology,T,T,758742000000,4
7/24/2026,12:21:47 PM,ASML,BLOCK,5,70,,PUT,1810,1786.84,35000,7/31/2026,MAGENTA,0,7,F,STOCK,Information Technology,T,T,758742000000,4
7/24/2026,12:22:43 PM,ASML,BLOCK,10,68.05,,PUT,1810,1786.84,68050,7/31/2026,MAGENTA,0,7,F,STOCK,Information Technology,T,T,758742000000,4
7/24/2026,12:24:38 PM,LRCX,ML/,20,16.274,,PUT,310,316.415,32548,7/31/2026,MAGENTA,0,7,F,STOCK,Information Technology,T,T,512158000000,276
7/24/2026,12:27:15 PM,CRWV,ML/,55,60.0413,,PUT,125,75.455,330227,6/17/2027,MAGENTA,0,328,F,STOCK,Information Technology,F,T,49810000000,0
7/24/2026,12:29:00 PM,LRCX,ML/,20,16.72,,PUT,310,315.44,33440,7/31/2026,MAGENTA,0,7,F,STOCK,Information Technology,T,T,512158000000,276
7/24/2026,12:29:20 PM,ASML,SWEEP,9,59.7889,,CALL,1870,1785.44,53810,8/14/2026,MAGENTA,0,21,F,STOCK,Information Technology,T,T,758742000000,1
7/24/2026,12:30:26 PM,LLY,ML/,20,43.85,,CALL,1235,1201.345,87700,8/21/2026,MAGENTA,0,28,F,STOCK,Health Care,T,F,1037874000000,3
7/24/2026,12:31:56 PM,LLY,ML/,6,58.115,,PUT,1195,1202.41,34869,8/28/2026,MAGENTA,0,35,F,STOCK,Health Care,F,T,1037874000000,1
7/24/2026,12:33:26 PM,LRCX,ML/,20,17.3985,,PUT,310,313.3,34797,7/31/2026,MAGENTA,0,7,F,STOCK,Information Technology,T,T,512158000000,276
7/24/2026,12:33:37 PM,HOOD,SWEEP,96,3,,CALL,101,95.16,28800,7/31/2026,MAGENTA,0,7,F,STOCK,Financials,T,T,95192000000,235
7/24/2026,12:35:17 PM,HOOD,BLOCK,101,8.45,,CALL,260,95.118,85345,12/17/2027,MAGENTA,0,511,F,STOCK,Financials,T,F,95192000000,205
7/24/2026,12:36:26 PM,LRCX,ML/,19,17.6605,,PUT,310,313.25,33555,7/31/2026,MAGENTA,0,7,F,STOCK,Information Technology,T,T,512158000000,276
7/24/2026,12:37:49 PM,HOOD,BLOCK,89,8.3,,CALL,260,95.14,73870,12/17/2027,MAGENTA,0,511,F,STOCK,Financials,T,F,95192000000,205
7/24/2026,12:38:29 PM,WDC,ML/,10,47.53,,PUT,557.5,532.825,47530,7/31/2026,MAGENTA,0,7,F,STOCK,Information Technology,F,T,252521000000,5
7/24/2026,12:39:08 PM,ASML,BLOCK,1,295.1,,PUT,1420,1784.6,29510,6/16/2028,MAGENTA,0,693,F,STOCK,Information Technology,F,F,758742000000,1
7/24/2026,12:39:30 PM,ASML,BLOCK,1,295.8,,PUT,1420,1780.53,29580,6/16/2028,MAGENTA,0,693,F,STOCK,Information Technology,T,F,758742000000,1
7/24/2026,12:39:55 PM,LRCX,ML/,19,17.8721,,PUT,310,312.14,33957,7/31/2026,MAGENTA,0,7,F,STOCK,Information Technology,T,T,512158000000,276
7/24/2026,12:40:01 PM,ASML,BLOCK,3,295.5,,PUT,1420,1780.53,88650,6/16/2028,MAGENTA,0,693,F,STOCK,Information Technology,T,F,758742000000,1
7/24/2026,12:40:15 PM,ASML,BLOCK,1,295.25,,PUT,1420,1780.53,29525,6/16/2028,MAGENTA,0,693,F,STOCK,Information Technology,T,F,758742000000,1
7/24/2026,12:40:17 PM,ASML,BLOCK,2,295.1,,PUT,1420,1780.53,59020,6/16/2028,MAGENTA,0,693,F,STOCK,Information Technology,T,F,758742000000,1
7/24/2026,12:40:47 PM,LLY,ML/,15,80.106,,CALL,1125,1200.45,120159,7/31/2026,MAGENTA,0,7,F,STOCK,Health Care,T,T,1037874000000,16
7/24/2026,12:41:29 PM,ASML,BLOCK,3,919,B,CALL,940,1779.67,275700,6/17/2027,MAGENTA,0,328,F,STOCK,Information Technology,F,T,758742000000,0
7/24/2026,12:41:32 PM,PLTR,BLOCK,100,5.06,,PUT,92.5,123.585,50600,12/18/2026,MAGENTA,0,147,F,STOCK,Information Technology,T,F,286478000000,65
7/24/2026,12:43:57 PM,LRCX,ML/,23,18.0804,,PUT,310,311.725,41585,7/31/2026,MAGENTA,0,7,F,STOCK,Information Technology,T,T,512158000000,276
7/24/2026,12:46:49 PM,LRCX,ML/,23,18.0891,,PUT,310,311.42,41605,7/31/2026,MAGENTA,0,7,F,STOCK,Information Technology,T,T,512158000000,276
7/24/2026,12:48:47 PM,LRCX,ML/,15,18.83,,PUT,310,310.915,28245,7/31/2026,MAGENTA,0,7,F,STOCK,Information Technology,T,T,512158000000,276
7/24/2026,12:49:10 PM,ASML,BLOCK,3,909.7,,CALL,950,1780.905,272910,6/17/2027,MAGENTA,0,328,F,STOCK,Information Technology,F,T,758742000000,0
7/24/2026,12:49:49 PM,ASML,BLOCK,3,1000.2,B,CALL,840,1777.455,300060,6/17/2027,MAGENTA,0,328,F,STOCK,Information Technology,F,T,758742000000,0
7/24/2026,12:53:10 PM,LLY,ML/,20,185.35,,CALL,1400,1201.28,370700,1/21/2028,MAGENTA,0,546,F,STOCK,Health Care,F,F,1037874000000,0
7/24/2026,1:03:15 PM,LRCX,ML/,17,24.4059,,CALL,320,311.57,41490,8/14/2026,MAGENTA,0,21,F,STOCK,Information Technology,T,T,512158000000,18
7/24/2026,1:03:15 PM,LRCX,SWEEP,14,20.3321,,CALL,330,311.57,28465,8/14/2026,MAGENTA,0,21,F,STOCK,Information Technology,T,T,512158000000,9
7/24/2026,1:03:16 PM,LRCX,BLOCK,14,18.5321,,CALL,335,311.57,25945,8/14/2026,MAGENTA,0,21,F,STOCK,Information Technology,F,T,512158000000,8
7/24/2026,1:04:19 PM,LRCX,SWEEP,35,11.25,,CALL,332.5,311.61,39375,7/31/2026,MAGENTA,0,7,F,STOCK,Information Technology,T,T,512158000000,23
7/24/2026,1:05:20 PM,HOOD,BLOCK,48,6.85,,CALL,94,94.95,32880,8/7/2026,MAGENTA,0,14,F,STOCK,Financials,T,T,95192000000,24
7/24/2026,1:09:00 PM,LRCX,ML/,6,74.77,,CALL,240,310.81,44862,8/7/2026,MAGENTA,0,14,F,STOCK,Information Technology,F,T,512158000000,1
7/24/2026,1:09:00 PM,LRCX,ML/,6,66.02,,CALL,250,310.81,39612,8/7/2026,MAGENTA,0,14,F,STOCK,Information Technology,F,T,512158000000,3
7/24/2026,1:09:13 PM,CRWV,BLOCK,66,22.7,B,CALL,55,74.04,149820,9/18/2026,MAGENTA,0,56,F,STOCK,Information Technology,T,F,49810000000,131
7/24/2026,1:09:32 PM,WDC,ML/,50,108.12,,CALL,590,527.53,540600,12/18/2026,MAGENTA,0,147,F,STOCK,Information Technology,T,F,252521000000,33
7/24/2026,1:09:32 PM,WDC,ML/,50,96.47,,CALL,590,527.53,482350,11/20/2026,MAGENTA,0,119,F,STOCK,Information Technology,F,F,252521000000,0
7/24/2026,1:10:00 PM,ASML,BLOCK,15,64.25,,CALL,2600,1772.55,96375,12/18/2026,MAGENTA,0,147,F,STOCK,Information Technology,T,F,758742000000,3
7/24/2026,1:10:04 PM,ASML,BLOCK,7,79,,PUT,1810,1772.33,55300,7/31/2026,MAGENTA,0,7,F,STOCK,Information Technology,T,T,758742000000,4
7/24/2026,1:10:04 PM,CRWV,BLOCK,72,9.2,,CALL,97.5,74.04,66240,11/20/2026,MAGENTA,0,119,F,STOCK,Information Technology,F,F,49810000000,110
7/24/2026,1:10:20 PM,CRWV,BLOCK,60,9.2298,B,CALL,97.5,74.04,55379,11/20/2026,MAGENTA,0,119,F,STOCK,Information Technology,F,F,49810000000,110
7/24/2026,1:10:35 PM,CRWV,BLOCK,60,9.2,B,CALL,97.5,74.09,55200,11/20/2026,MAGENTA,0,119,F,STOCK,Information Technology,F,F,49810000000,110
7/24/2026,1:10:50 PM,CRWV,BLOCK,37,9.2,B,CALL,97.5,74.09,34040,11/20/2026,MAGENTA,0,119,F,STOCK,Information Technology,T,F,49810000000,110
7/24/2026,1:11:05 PM,CRWV,BLOCK,36,9.2028,B,CALL,97.5,74.09,33130,11/20/2026,MAGENTA,0,119,F,STOCK,Information Technology,T,F,49810000000,110
7/24/2026,1:12:42 PM,ASML,ML/,259,33.79,,CALL,1830,1772.33,875161,7/31/2026,MAGENTA,0,7,F,STOCK,Information Technology,F,T,758742000000,17
7/24/2026,1:12:42 PM,ASML,ML/,259,20.01,,CALL,1880,1772.33,518259,7/31/2026,MAGENTA,0,7,F,STOCK,Information Technology,F,T,758742000000,25
7/24/2026,1:13:22 PM,HOOD,BLOCK,52,2.9,,CALL,101,94.88,15080,7/31/2026,MAGENTA,0,7,F,STOCK,Financials,T,T,95192000000,235
7/24/2026,1:13:35 PM,ASML,ML/,1,535.13,,CALL,1240,1774.41,53513,7/31/2026,MAGENTA,0,7,F,STOCK,Information Technology,F,T,758742000000,1
7/24/2026,1:13:35 PM,ASML,ML/,1,533.13,,CALL,1245,1774.41,53313,8/14/2026,MAGENTA,0,21,F,STOCK,Information Technology,F,T,758742000000,1
7/24/2026,1:15:13 PM,LLY,BLOCK,2,262.08,,PUT,1400,1201.935,52416,3/19/2027,MAGENTA,0,238,F,STOCK,Health Care,F,F,1037874000000,1
7/24/2026,1:16:06 PM,WDC,BLOCK,6,43.3,,PUT,485,528.18,25980,8/28/2026,MAGENTA,0,35,F,STOCK,Information Technology,T,T,252521000000,1
7/24/2026,1:16:57 PM,LRCX,SWEEP,164,5.4996,,PUT,255,310.557,90194,8/7/2026,MAGENTA,0,14,F,STOCK,Information Technology,F,T,512158000000,53
7/24/2026,1:18:00 PM,ASML,ML/,13,83.65,,PUT,1820,1772.14,108745,7/31/2026,MAGENTA,0,7,F,STOCK,Information Technology,T,T,758742000000,9
7/24/2026,1:18:57 PM,PLTR,SWEEP,524,5.75,,PUT,115,123.30,301299,8/28/2026,MAGENTA,0,35,F,STOCK,Information Technology,F,T,286478000000,335
7/24/2026,1:20:12 PM,ASML,ML/,77,83.1,,PUT,1820,1776.93,639870,7/31/2026,MAGENTA,0,7,F,STOCK,Information Technology,F,T,758742000000,29
7/24/2026,1:24:04 PM,WDC,SWEEP,64,13.0345,,CALL,580,530.00,83421,7/31/2026,MAGENTA,0,7,F,STOCK,Information Technology,T,T,252521000000,273
7/24/2026,1:25:06 PM,LLY,ML/,6,421.405,,CALL,900,1201.59,252843,12/17/2027,MAGENTA,0,511,F,STOCK,Health Care,F,F,1037874000000,0
7/24/2026,1:26:09 PM,PLTR,SWEEP,345,6.1,A,PUT,116,123.46,210450,8/28/2026,MAGENTA,0,35,F,STOCK,Information Technology,T,T,286478000000,83
7/24/2026,1:27:49 PM,LLY,ML/,4,142.54,,CALL,1080,1200.655,57016,8/28/2026,MAGENTA,0,35,F,STOCK,Health Care,F,T,1037874000000,2
7/24/2026,1:28:25 PM,LRCX,SWEEP,24,11.5,,CALL,332.5,311.53,27600,7/31/2026,MAGENTA,0,7,F,STOCK,Information Technology,T,T,512158000000,23
7/24/2026,1:29:45 PM,HOOD,BLOCK,100,3.35,,CALL,101,96.11,33500,7/31/2026,MAGENTA,0,7,F,STOCK,Financials,T,T,95192000000,235
7/24/2026,1:32:43 PM,PLTR,BLOCK,16,54.3,,CALL,75,123.3,86880,3/19/2027,MAGENTA,0,238,F,STOCK,Information Technology,T,F,286478000000,71
7/24/2026,1:33:49 PM,LRCX,BLOCK,24,11.55,,CALL,332.5,312.58,27720,7/31/2026,MAGENTA,0,7,F,STOCK,Information Technology,T,T,512158000000,23
7/24/2026,1:36:19 PM,LLY,ML/,10,77.963,,CALL,1125,1199.27,77963,7/31/2026,MAGENTA,0,7,F,STOCK,Health Care,T,T,1037874000000,16
7/24/2026,1:39:14 PM,ASML,ML/,1,723,,CALL,1680,1779.81,72300,12/15/2028,MAGENTA,0,875,F,STOCK,Information Technology,F,F,758742000000,1
7/24/2026,1:41:11 PM,CRWV,ML/,400,26.25,,PUT,67.5,74.44,1050000,6/16/2028,MAGENTA,0,693,F,STOCK,Information Technology,T,F,49810000000,2
7/24/2026,1:41:11 PM,CRWV,ML/,400,19.2,,PUT,67.5,74.44,768000,6/17/2027,MAGENTA,0,328,F,STOCK,Information Technology,T,T,49810000000,11
7/24/2026,1:42:46 PM,CRWV,ML/,200,26.25,,PUT,67.5,74.27,525000,6/16/2028,MAGENTA,0,693,F,STOCK,Information Technology,T,F,49810000000,2
7/24/2026,1:42:46 PM,CRWV,ML/,200,19.2,,PUT,67.5,74.27,384000,6/17/2027,MAGENTA,0,328,F,STOCK,Information Technology,T,T,49810000000,11
7/24/2026,1:44:37 PM,HOOD,ML/,300,3.0967,,CALL,101,95.25,92900,7/31/2026,MAGENTA,0,7,F,STOCK,Financials,T,T,95192000000,235
7/24/2026,1:44:37 PM,HOOD,ML/,300,4.58,,CALL,97,95.25,137400,7/31/2026,MAGENTA,0,7,F,STOCK,Financials,T,T,95192000000,217
7/24/2026,1:45:45 PM,LLY,ML/,6,57.9433,,PUT,1190,1198,34766,8/28/2026,MAGENTA,0,35,F,STOCK,Health Care,T,T,1037874000000,12
7/24/2026,1:45:45 PM,LLY,SWEEP,423,54.3955,,PUT,1180,1198,2300928,8/28/2026,MAGENTA,0,35,F,STOCK,Health Care,T,T,1037874000000,35
7/24/2026,1:46:47 PM,WDC,BLOCK,2000,0.8,,PUT,365,528.4,160000,7/31/2026,MAGENTA,0,7,F,STOCK,Information Technology,T,T,252521000000,21
7/24/2026,1:48:23 PM,CRWV,ML/,250,3.8299,,CALL,75,74.3,95748,7/31/2026,MAGENTA,0,7,F,STOCK,Information Technology,T,T,49810000000,463
7/24/2026,1:50:45 PM,LLY,ML/,5,55.15,,PUT,1180,1196.88,27575,8/28/2026,MAGENTA,0,35,F,STOCK,Health Care,T,T,1037874000000,35
7/24/2026,1:50:50 PM,LLY,BLOCK,6,54.97,,PUT,1180,1195.245,32982,8/28/2026,MAGENTA,0,35,F,STOCK,Health Care,T,T,1037874000000,35
7/24/2026,1:51:05 PM,LLY,ML/,7,53.22,,PUT,1185,1195.245,37254,8/21/2026,MAGENTA,0,28,F,STOCK,Health Care,T,F,1037874000000,14
7/24/2026,1:51:05 PM,LLY,ML/,7,57.72,,PUT,1185,1195.245,40404,8/28/2026,MAGENTA,0,35,F,STOCK,Health Care,T,T,1037874000000,7
7/24/2026,1:54:28 PM,CRWV,SWEEP,28,107.2643,,PUT,170,74.469,300340,12/15/2028,MAGENTA,0,875,F,STOCK,Information Technology,F,F,49810000000,0
7/24/2026,1:58:37 PM,PLTR,SWEEP,434,4.2998,,CALL,140,123.75,186610,8/28/2026,MAGENTA,0,35,F,STOCK,Information Technology,T,T,286478000000,252
7/24/2026,2:00:02 PM,CRWV,ML/,47,10.69,,PUT,82,74.14,50243,8/7/2026,MAGENTA,0,14,F,STOCK,Information Technology,T,T,49810000000,42
7/24/2026,2:00:02 PM,CRWV,ML/,47,9.19,,PUT,82,74.14,43193,7/31/2026,MAGENTA,0,7,F,STOCK,Information Technology,T,T,49810000000,118
7/24/2026,2:00:29 PM,ASML,ML/,12,69.52,,PUT,1660,1777.645,83424,8/28/2026,MAGENTA,0,35,F,STOCK,Information Technology,F,T,758742000000,6
7/24/2026,2:02:53 PM,LLY,SWEEP,17,23.2235,,CALL,1192.5,1195.755,39480,7/31/2026,MAGENTA,0,7,F,STOCK,Health Care,F,T,1037874000000,11
7/24/2026,2:06:11 PM,CRWV,ML/,200,0.68,,PUT,63,73.89,13600,7/31/2026,MAGENTA,0,7,F,STOCK,Information Technology,T,T,49810000000,223
7/24/2026,2:11:04 PM,LRCX,ML/,50,18.9358,,PUT,310,310.3,94679,7/31/2026,MAGENTA,0,7,F,STOCK,Information Technology,T,T,512158000000,276
7/24/2026,2:11:45 PM,WDC,BLOCK,10,31.5,,CALL,527.5,527.7,31500,7/31/2026,MAGENTA,0,7,F,STOCK,Information Technology,T,T,252521000000,12
7/24/2026,2:12:39 PM,ASML,SWEEP,7,86.2,,CALL,1795,1773.05,60340,8/14/2026,MAGENTA,0,21,F,STOCK,Information Technology,T,T,758742000000,3
7/24/2026,2:15:49 PM,CRWV,ML/,144,3.45,,CALL,75,73.63,49680,7/31/2026,MAGENTA,0,7,F,STOCK,Information Technology,T,T,49810000000,463
7/24/2026,2:16:00 PM,CRWV,BLOCK,100,3.478,,CALL,75,73.63,34780,7/31/2026,MAGENTA,0,7,F,STOCK,Information Technology,T,T,49810000000,463
7/24/2026,2:17:17 PM,LRCX,SWEEP,358,5.7473,,PUT,255,308.82,205754,8/7/2026,MAGENTA,0,14,F,STOCK,Information Technology,T,T,512158000000,53
7/24/2026,2:17:55 PM,ASML,BLOCK,5,80.208,,PUT,1810,1772.01,40104,7/31/2026,MAGENTA,0,7,F,STOCK,Information Technology,T,T,758742000000,4
7/24/2026,2:19:09 PM,ASML,ML/,6,54.12,,PUT,1760,1769.345,32472,7/31/2026,MAGENTA,0,7,F,STOCK,Information Technology,T,T,758742000000,18
7/24/2026,2:19:14 PM,ASML,BLOCK,5,82,A,PUT,1810,1769.345,41000,7/31/2026,MAGENTA,0,7,F,STOCK,Information Technology,T,T,758742000000,4
7/24/2026,2:20:55 PM,CRWV,ML/,70,3.45,,CALL,94,73.62,24150,8/28/2026,MAGENTA,0,35,F,STOCK,Information Technology,F,T,49810000000,44
7/24/2026,2:21:00 PM,WDC,ML/,20,37.43,,CALL,625,523.04,74860,9/4/2026,MAGENTA,0,42,F,STOCK,Information Technology,F,T,252521000000,2
7/24/2026,2:21:00 PM,WDC,ML/,10,62.38,,CALL,550,523.04,62380,9/4/2026,MAGENTA,0,42,F,STOCK,Information Technology,F,T,252521000000,1
7/24/2026,2:22:50 PM,PLTR,SWEEP,500,7.45,,CALL,130,123.74,372500,8/28/2026,MAGENTA,0,35,F,STOCK,Information Technology,T,T,286478000000,230
7/24/2026,2:24:32 PM,WDC,ML/,4,220.3675,,CALL,340,522.59,88147,11/20/2026,MAGENTA,0,119,F,STOCK,Information Technology,T,F,252521000000,1
7/24/2026,2:26:54 PM,WDC,SWEEP,93,35.7967,,PUT,472.5,521.55,332909,8/21/2026,MAGENTA,0,28,F,STOCK,Information Technology,F,F,252521000000,8
7/24/2026,2:26:54 PM,WDC,SWEEP,98,36.9429,,PUT,475,521.55,362040,8/21/2026,MAGENTA,0,28,F,STOCK,Information Technology,F,F,252521000000,5
7/24/2026,2:26:54 PM,WDC,SWEEP,19,33.9132,,PUT,467.5,521.55,64435,8/21/2026,MAGENTA,0,28,F,STOCK,Information Technology,F,F,252521000000,2
7/24/2026,2:26:58 PM,WDC,BLOCK,11,30.5,,CALL,522.5,521.55,33550,7/31/2026,MAGENTA,0,7,F,STOCK,Information Technology,F,T,252521000000,1
7/24/2026,2:27:24 PM,LLY,ML/,5,60.46,,PUT,1190,1194.815,30230,8/28/2026,MAGENTA,0,35,F,STOCK,Health Care,T,T,1037874000000,12
7/24/2026,2:28:18 PM,LRCX,BLOCK,88,5.452,,CALL,550,307.375,47978,10/16/2026,MAGENTA,0,84,F,STOCK,Information Technology,F,F,512158000000,35
7/24/2026,2:28:25 PM,ASML,BLOCK,10,85,,PUT,1810,1768.12,85000,7/31/2026,MAGENTA,0,7,F,STOCK,Information Technology,T,T,758742000000,4
7/24/2026,2:29:07 PM,LLY,BLOCK,5,119.2,,PUT,1300,1193.28,59600,8/7/2026,MAGENTA,0,14,F,STOCK,Health Care,F,T,1037874000000,3
7/24/2026,2:29:11 PM,CRWV,BLOCK,50,8.35,,CALL,77,73.63,41750,8/28/2026,MAGENTA,0,35,F,STOCK,Information Technology,F,T,49810000000,21
7/24/2026,2:29:39 PM,ASML,SWEEP,4,125.85,,PUT,1795,1763.02,50340,8/21/2026,MAGENTA,0,28,F,STOCK,Information Technology,T,F,758742000000,3
7/24/2026,2:30:14 PM,LRCX,BLOCK,21,40.7,,PUT,325,306.721,85470,8/21/2026,MAGENTA,0,28,F,STOCK,Information Technology,F,F,512158000000,26
7/24/2026,2:30:18 PM,LRCX,BLOCK,56,9.3036,,PUT,260,306.721,52100,8/14/2026,MAGENTA,0,21,F,STOCK,Information Technology,T,T,512158000000,24
7/24/2026,2:30:31 PM,LRCX,BLOCK,128,6.2648,,CALL,385,306.63,80190,8/14/2026,MAGENTA,0,21,F,STOCK,Information Technology,F,T,512158000000,21
7/24/2026,2:30:32 PM,LRCX,BLOCK,7,39.4,,PUT,322.5,306.63,27580,8/21/2026,MAGENTA,0,28,F,STOCK,Information Technology,F,F,512158000000,13
7/24/2026,2:30:55 PM,CRWV,BLOCK,100,3.4,,CALL,75,73.63,34000,7/31/2026,MAGENTA,0,7,F,STOCK,Information Technology,T,T,49810000000,463
7/24/2026,2:31:49 PM,LRCX,ML/,57,17.6186,,PUT,302.5,306.21,100426,7/31/2026,MAGENTA,0,7,F,STOCK,Information Technology,T,T,512158000000,6
7/24/2026,2:31:56 PM,WDC,ML/,76,47.835,,PUT,520,516.61,363546,8/7/2026,MAGENTA,0,14,F,STOCK,Information Technology,F,T,252521000000,29
7/24/2026,2:34:33 PM,ASML,SWEEP,2,165,,PUT,1790,1759.285,33000,9/18/2026,MAGENTA,0,56,F,STOCK,Information Technology,T,F,758742000000,6
7/24/2026,2:35:13 PM,CRWV,ML/,101,3.3196,,CALL,75,73.39,33528,7/31/2026,MAGENTA,0,7,F,STOCK,Information Technology,T,T,49810000000,463
7/24/2026,2:35:17 PM,ASML,SWEEP,33,127.9364,,PUT,1795,1759.285,422190,8/21/2026,MAGENTA,0,28,F,STOCK,Information Technology,T,F,758742000000,3
7/24/2026,2:36:01 PM,HOOD,BLOCK,80,4.5,,CALL,97,94.9,36000,7/31/2026,MAGENTA,0,7,F,STOCK,Financials,T,T,95192000000,217
7/24/2026,2:37:11 PM,WDC,BLOCK,60,10.1,,CALL,580,517.73,60600,7/31/2026,MAGENTA,0,7,F,STOCK,Information Technology,T,T,252521000000,273
7/24/2026,2:37:50 PM,LRCX,ML/,80,31.83,,CALL,305,305.87,254640,8/21/2026,MAGENTA,0,28,F,STOCK,Information Technology,F,F,512158000000,1
7/24/2026,2:39:06 PM,ASML,BLOCK,7,126.1,,PUT,1795,1763.32,88270,8/21/2026,MAGENTA,0,28,F,STOCK,Information Technology,T,F,758742000000,3
7/24/2026,2:39:16 PM,ASML,ML/,5,568.81,,CALL,1680,1762.14,284405,1/21/2028,MAGENTA,0,546,F,STOCK,Information Technology,F,F,758742000000,0
7/24/2026,2:40:11 PM,ASML,SWEEP,2,128.6,,PUT,1795,1762.14,25720,8/21/2026,MAGENTA,0,28,F,STOCK,Information Technology,T,F,758742000000,3
7/24/2026,2:40:17 PM,ASML,BLOCK,2,128.7,,PUT,1795,1757,25740,8/21/2026,MAGENTA,0,28,F,STOCK,Information Technology,T,F,758742000000,3
7/24/2026,2:40:32 PM,ASML,BLOCK,8,44.7,,PUT,1675,1757,35760,8/7/2026,MAGENTA,0,14,F,STOCK,Information Technology,T,T,758742000000,1
7/24/2026,2:40:32 PM,ASML,BLOCK,11,43.2,,PUT,1670,1757,47520,8/7/2026,MAGENTA,0,14,F,STOCK,Information Technology,T,T,758742000000,1
7/24/2026,2:45:26 PM,CRWV,ML/,2668,1.4265,,CALL,125,73.155,380594,9/18/2026,MAGENTA,0,56,F,STOCK,Information Technology,T,F,49810000000,2494
7/24/2026,2:46:25 PM,WDC,SWEEP,5,57.7,,PUT,515,516.145,28850,8/21/2026,MAGENTA,0,28,F,STOCK,Information Technology,F,F,252521000000,10
7/24/2026,2:46:43 PM,WDC,SWEEP,11,57.8591,,PUT,515,517.28,63645,8/21/2026,MAGENTA,0,28,F,STOCK,Information Technology,F,F,252521000000,10
7/24/2026,2:46:45 PM,ASML,BLOCK,4,127.325,,PUT,1795,1760.1,50930,8/21/2026,MAGENTA,0,28,F,STOCK,Information Technology,T,F,758742000000,3
7/24/2026,2:50:31 PM,WDC,BLOCK,150,56,AA,PUT,520,517.28,840000,8/14/2026,MAGENTA,0,21,F,STOCK,Information Technology,T,T,252521000000,58
7/24/2026,2:51:36 PM,PLTR,ML/,2200,1.66,,PUT,100,124.75,365200,8/28/2026,MAGENTA,0,35,F,STOCK,Information Technology,F,T,286478000000,541
7/24/2026,2:52:30 PM,ASML,BLOCK,9,128.4,,PUT,1795,1755.765,115560,8/21/2026,MAGENTA,0,28,F,STOCK,Information Technology,T,F,758742000000,3
7/24/2026,2:53:25 PM,HOOD,SWEEP,2732,3.6997,,PUT,65,94.88,1010747,11/20/2026,MAGENTA,0,119,F,STOCK,Financials,T,F,95192000000,1740
7/24/2026,2:56:00 PM,ASML,ML/,10,28.13,,PUT,1680,1755.78,28130,7/31/2026,MAGENTA,0,7,F,STOCK,Information Technology,T,T,758742000000,6
7/24/2026,2:58:03 PM,LLY,ML/,9,332.12,,CALL,1120,1192.35,298908,6/16/2028,MAGENTA,0,693,F,STOCK,Health Care,F,F,1037874000000,0
7/24/2026,2:59:24 PM,ASML,SWEEP,10,202.4,,PUT,1850,1756.715,202400,9/18/2026,MAGENTA,0,56,F,STOCK,Information Technology,T,F,758742000000,6
7/24/2026,3:01:21 PM,WDC,ML/,16,160.6,,PUT,675,513.98,256960,7/31/2026,MAGENTA,0,7,F,STOCK,Information Technology,F,T,252521000000,0
7/24/2026,3:01:21 PM,WDC,ML/,24,104.88,,PUT,580,513.98,251712,8/28/2026,MAGENTA,0,35,F,STOCK,Information Technology,T,T,252521000000,2
7/24/2026,3:04:48 PM,CRWV,SWEEP,21,120.9262,,PUT,185,73.305,253945,12/15/2028,MAGENTA,0,875,F,STOCK,Information Technology,T,F,49810000000,2
7/24/2026,3:06:55 PM,ASML,ML/,10,57.13,,PUT,1600,1755.59,57130,8/28/2026,MAGENTA,0,35,F,STOCK,Information Technology,F,T,758742000000,6
7/24/2026,3:07:18 PM,WDC,BLOCK,48,10.5,,PUT,180,513.529,50400,3/19/2027,MAGENTA,0,238,F,STOCK,Information Technology,T,F,252521000000,29
7/24/2026,3:08:59 PM,PLTR,SWEEP,511,7.5573,,CALL,130,124.145,386180,8/28/2026,MAGENTA,0,35,F,STOCK,Information Technology,T,T,286478000000,230
7/24/2026,3:09:26 PM,ASML,SWEEP,8,134.1875,,PUT,1795,1749.775,107350,8/21/2026,MAGENTA,0,28,F,STOCK,Information Technology,T,F,758742000000,3
7/24/2026,3:10:00 PM,ASML,SWEEP,13,136.1538,,PUT,1795,1745.645,177000,8/21/2026,MAGENTA,0,28,F,STOCK,Information Technology,T,F,758742000000,3
7/24/2026,3:10:34 PM,ASML,ML/,5,119.91,,PUT,1740,1745.645,59955,8/28/2026,MAGENTA,0,35,F,STOCK,Information Technology,T,T,758742000000,1
7/24/2026,3:10:37 PM,ASML,BLOCK,17,138.2471,A,PUT,1795,1745.645,235020,8/21/2026,MAGENTA,0,28,F,STOCK,Information Technology,T,F,758742000000,3
7/24/2026,3:10:41 PM,ASML,BLOCK,7,672.8,B,CALL,1140,1745.645,470960,1/15/2027,MAGENTA,0,175,F,STOCK,Information Technology,F,F,758742000000,0
7/24/2026,3:11:28 PM,HOOD,ML/,2200,1.2284,,PUT,70,94.24,270248,8/28/2026,MAGENTA,0,35,F,STOCK,Financials,T,T,95192000000,99
7/24/2026,3:12:15 PM,ASML,ML/,5,119.45,,PUT,1740,1741.875,59725,8/28/2026,MAGENTA,0,35,F,STOCK,Information Technology,T,T,758742000000,1
7/24/2026,3:12:29 PM,ASML,SWEEP,10,27.1,,CALL,1830,1745.09,27100,7/31/2026,MAGENTA,0,7,F,STOCK,Information Technology,T,T,758742000000,17
7/24/2026,3:13:08 PM,PLTR,BLOCK,30,106.1,A,PUT,230,124.36,318300,12/18/2026,MAGENTA,0,147,F,STOCK,Information Technology,T,F,286478000000,2
7/24/2026,3:13:43 PM,LLY,BLOCK,10,310.45,B,CALL,930,1192.97,310450,1/15/2027,MAGENTA,0,175,F,STOCK,Health Care,F,F,1037874000000,0
7/24/2026,3:16:28 PM,ASML,BLOCK,2,173,,PUT,1570,1743.615,34600,1/15/2027,MAGENTA,0,175,F,STOCK,Information Technology,T,F,758742000000,1
7/24/2026,3:16:52 PM,LRCX,SWEEP,290,7.0975,,PUT,255,301.725,205828,8/7/2026,MAGENTA,0,14,F,STOCK,Information Technology,T,T,512158000000,53
7/24/2026,3:18:03 PM,CRWV,SWEEP,500,0.6684,,CALL,110,73.36,33420,8/14/2026,MAGENTA,0,21,F,STOCK,Information Technology,T,T,49810000000,159
7/24/2026,3:18:29 PM,ASML,BLOCK,2,140.6,,PUT,1820,1743.975,28120,8/14/2026,MAGENTA,0,21,F,STOCK,Information Technology,F,T,758742000000,1
7/24/2026,3:22:48 PM,ASML,SWEEP,12,48.9917,,PUT,1555,1741.299,58790,8/28/2026,MAGENTA,0,35,F,STOCK,Information Technology,T,T,758742000000,1
7/24/2026,3:25:04 PM,PLTR,SWEEP,416,23.8,A,PUT,130,123.84,990080,2/19/2027,MAGENTA,0,210,F,STOCK,Information Technology,F,F,286478000000,232
7/24/2026,3:25:32 PM,CRWV,BLOCK,20,23.5,,CALL,50,73.31,47000,7/31/2026,MAGENTA,0,7,F,STOCK,Information Technology,F,T,49810000000,1
7/24/2026,3:25:48 PM,ASML,BLOCK,8,313.1,,PUT,1900,1744.5,250480,11/20/2026,MAGENTA,0,119,F,STOCK,Information Technology,T,F,758742000000,5
7/24/2026,3:26:36 PM,ASML,ML/,4,111,,PUT,1745,1743.9,44400,8/21/2026,MAGENTA,0,28,F,STOCK,Information Technology,F,F,758742000000,15
7/24/2026,3:26:42 PM,ASML,ML/,5,532.958,,PUT,1760,1743.9,266479,12/15/2028,MAGENTA,0,875,F,STOCK,Information Technology,F,F,758742000000,0
7/24/2026,3:26:42 PM,ASML,ML/,5,520.038,,PUT,1740,1743.9,260019,12/15/2028,MAGENTA,0,875,F,STOCK,Information Technology,F,F,758742000000,1
7/24/2026,3:26:53 PM,ASML,ML/,4,110.765,,PUT,1745,1743.9,44306,8/21/2026,MAGENTA,0,28,F,STOCK,Information Technology,F,F,758742000000,15
7/24/2026,3:26:54 PM,LLY,ML/,7,55.6214,,PUT,1180,1191.95,38935,8/28/2026,MAGENTA,0,35,F,STOCK,Health Care,T,T,1037874000000,35
7/24/2026,3:27:49 PM,ASML,ML/,5,109.3,,PUT,1745,1745.33,54650,8/21/2026,MAGENTA,0,28,F,STOCK,Information Technology,T,F,758742000000,15
7/24/2026,3:27:52 PM,ASML,ML/,4,109,,PUT,1745,1745.33,43600,8/21/2026,MAGENTA,0,28,F,STOCK,Information Technology,T,F,758742000000,15
7/24/2026,3:28:01 PM,ASML,ML/,4,109.56,A,PUT,1745,1745.33,43824,8/21/2026,MAGENTA,0,28,F,STOCK,Information Technology,T,F,758742000000,15
7/24/2026,3:28:18 PM,CRWV,BLOCK,20,13.68,,CALL,60,73.22,27360,7/31/2026,MAGENTA,0,7,F,STOCK,Information Technology,T,T,49810000000,27
7/24/2026,3:28:26 PM,ASML,ML/,3,109.2833,,PUT,1745,1745.33,32785,8/21/2026,MAGENTA,0,28,F,STOCK,Information Technology,T,F,758742000000,15
7/24/2026,3:29:36 PM,ASML,ML/,3,108.01,,PUT,1745,1747.544,32403,8/21/2026,MAGENTA,0,28,F,STOCK,Information Technology,T,F,758742000000,15
7/24/2026,3:30:14 PM,ASML,ML/,3,108.4033,,PUT,1745,1749.358,32521,8/21/2026,MAGENTA,0,28,F,STOCK,Information Technology,T,F,758742000000,15
7/24/2026,3:31:07 PM,LRCX,SWEEP,375,6.8478,,PUT,255,304.44,256793,8/7/2026,MAGENTA,0,14,F,STOCK,Information Technology,T,T,512158000000,53
7/24/2026,3:31:10 PM,CRWV,ML/,90,5.9,,CALL,70,73.2,53100,7/31/2026,MAGENTA,0,7,F,STOCK,Information Technology,T,T,49810000000,130
7/24/2026,3:31:10 PM,CRWV,ML/,90,3.32,,CALL,75,73.2,29880,7/31/2026,MAGENTA,0,7,F,STOCK,Information Technology,T,T,49810000000,463
7/24/2026,3:31:15 PM,ASML,ML/,9,107.7833,,PUT,1745,1749.358,97005,8/21/2026,MAGENTA,0,28,F,STOCK,Information Technology,T,F,758742000000,15
7/24/2026,3:31:15 PM,ASML,ML/,10,108.024,,PUT,1745,1749.358,108024,8/21/2026,MAGENTA,0,28,F,STOCK,Information Technology,T,F,758742000000,15
7/24/2026,3:31:45 PM,LLY,ML/,9,65.66,,PUT,1200,1192.8,59094,8/28/2026,MAGENTA,0,35,F,STOCK,Health Care,F,T,1037874000000,1
7/24/2026,3:32:23 PM,LLY,ML/,4,65.33,,PUT,1200,1192.8,26132,8/28/2026,MAGENTA,0,35,F,STOCK,Health Care,F,T,1037874000000,1
7/24/2026,3:32:31 PM,LLY,ML/,4,65.39,,PUT,1200,1192.8,26156,8/28/2026,MAGENTA,0,35,F,STOCK,Health Care,F,T,1037874000000,1
7/24/2026,3:32:36 PM,ASML,ML/,10,49.13,,CALL,1775,1750.488,49130,7/31/2026,MAGENTA,0,7,F,STOCK,Information Technology,T,T,758742000000,8
7/24/2026,3:32:41 PM,LLY,ML/,4,65.34,,PUT,1200,1192.8,26136,8/28/2026,MAGENTA,0,35,F,STOCK,Health Care,F,T,1037874000000,1
7/24/2026,3:32:43 PM,LLY,ML/,4,65.32,,PUT,1200,1192.93,26128,8/28/2026,MAGENTA,0,35,F,STOCK,Health Care,F,T,1037874000000,1
7/24/2026,3:32:47 PM,LLY,ML/,4,65.34,,PUT,1200,1192.93,26136,8/28/2026,MAGENTA,0,35,F,STOCK,Health Care,F,T,1037874000000,1
7/24/2026,3:32:51 PM,LLY,ML/,4,65.31,,PUT,1200,1192.93,26124,8/28/2026,MAGENTA,0,35,F,STOCK,Health Care,F,T,1037874000000,1
7/24/2026,3:33:39 PM,LLY,ML/,7,60.1186,,PUT,1190,1193.44,42083,8/28/2026,MAGENTA,0,35,F,STOCK,Health Care,T,T,1037874000000,12
7/24/2026,3:34:15 PM,CRWV,ML/,56,9.283,,PUT,81,73.08,51985,7/31/2026,MAGENTA,0,7,F,STOCK,Information Technology,T,T,49810000000,126
7/24/2026,3:34:24 PM,LLY,ML/,4,65.77,,PUT,1200,1193.44,26308,8/28/2026,MAGENTA,0,35,F,STOCK,Health Care,T,T,1037874000000,1
7/24/2026,3:36:37 PM,ASML,BLOCK,10,73.5,,CALL,1725,1749.08,73500,7/31/2026,MAGENTA,0,7,F,STOCK,Information Technology,T,T,758742000000,2
7/24/2026,3:39:47 PM,WDC,BLOCK,10,28.5,,CALL,522.5,516.91,28500,7/31/2026,MAGENTA,0,7,F,STOCK,Information Technology,T,T,252521000000,1
7/24/2026,3:40:06 PM,ASML,ML/,1,958.26,,CALL,1000,1748.25,95826,6/16/2028,MAGENTA,0,693,F,STOCK,Information Technology,F,F,758742000000,1
7/24/2026,3:40:35 PM,CRWV,BLOCK,500,4.8,A,CALL,75,72.62,240000,8/7/2026,MAGENTA,0,14,F,STOCK,Information Technology,T,T,49810000000,36
7/24/2026,3:40:53 PM,LRCX,ML/,450,27.35,,PUT,230,303.675,1230750,12/18/2026,MAGENTA,0,147,F,STOCK,Information Technology,F,F,512158000000,345
7/24/2026,3:41:14 PM,CRWV,ML/,125,3.82,,CALL,73,72.419,47750,7/31/2026,MAGENTA,0,7,F,STOCK,Information Technology,T,T,49810000000,158
7/24/2026,3:41:59 PM,WDC,BLOCK,150,9.7947,,CALL,580,516.04,146921,7/31/2026,MAGENTA,0,7,F,STOCK,Information Technology,T,T,252521000000,273
7/24/2026,3:42:27 PM,LRCX,BLOCK,39,17.4346,,CALL,305,302.92,67995,7/31/2026,MAGENTA,0,7,F,STOCK,Information Technology,F,T,512158000000,22
7/24/2026,3:42:27 PM,LLY,BLOCK,23,21.5652,,CALL,1192.5,1193.2,49600,7/31/2026,MAGENTA,0,7,F,STOCK,Health Care,T,T,1037874000000,11
7/24/2026,3:42:47 PM,CRWV,ML/,158,3.8475,,CALL,73,72.405,60791,7/31/2026,MAGENTA,0,7,F,STOCK,Information Technology,T,T,49810000000,158
7/24/2026,3:43:38 PM,LLY,ML/,4,65.6,,PUT,1200,1193.94,26240,8/28/2026,MAGENTA,0,35,F,STOCK,Health Care,T,T,1037874000000,1
7/24/2026,3:43:47 PM,LLY,ML/,4,65.84,,PUT,1200,1193.94,26336,8/28/2026,MAGENTA,0,35,F,STOCK,Health Care,T,T,1037874000000,1
7/24/2026,3:43:54 PM,LLY,ML/,9,65.3844,,PUT,1200,1192.26,58846,8/28/2026,MAGENTA,0,35,F,STOCK,Health Care,T,T,1037874000000,1
7/24/2026,3:44:08 PM,LLY,ML/,4,65.9625,,PUT,1200,1192.26,26385,8/28/2026,MAGENTA,0,35,F,STOCK,Health Care,T,T,1037874000000,1
7/24/2026,3:44:14 PM,ASML,BLOCK,72,217,B,PUT,1500,1745.7,1562400,6/17/2027,MAGENTA,0,328,F,STOCK,Information Technology,F,T,758742000000,34
7/24/2026,3:44:16 PM,LLY,ML/,4,65.94,,PUT,1200,1192.26,26376,8/28/2026,MAGENTA,0,35,F,STOCK,Health Care,T,T,1037874000000,1
7/24/2026,3:44:30 PM,ASML,BLOCK,72,176,,PUT,1500,1747.55,1267200,3/19/2027,MAGENTA,0,238,F,STOCK,Information Technology,T,F,758742000000,48
7/24/2026,3:44:40 PM,CRWV,ML/,99,3.847,,CALL,73,72.311,38085,7/31/2026,MAGENTA,0,7,F,STOCK,Information Technology,T,T,49810000000,158
7/24/2026,3:45:09 PM,WDC,ML/,5,58.8,,PUT,515,516.04,29400,8/21/2026,MAGENTA,0,28,F,STOCK,Information Technology,T,F,252521000000,10
7/24/2026,3:45:46 PM,LRCX,BLOCK,23,35.2,,CALL,295,303.355,80960,8/21/2026,MAGENTA,0,28,F,STOCK,Information Technology,F,F,512158000000,1
7/24/2026,3:49:30 PM,WDC,ML/,1,332.8,,PUT,850,517.55,33280,7/31/2026,MAGENTA,0,7,F,STOCK,Information Technology,F,T,252521000000,1
7/24/2026,3:49:41 PM,HOOD,BLOCK,50,8.75,,CALL,95,94.255,43750,8/28/2026,MAGENTA,0,35,F,STOCK,Financials,T,T,95192000000,7
7/24/2026,3:49:44 PM,WDC,BLOCK,10,30.4,,CALL,522.5,518.6,30400,7/31/2026,MAGENTA,0,7,F,STOCK,Information Technology,T,T,252521000000,1
7/24/2026,3:50:00 PM,HOOD,SWEEP,49,6.8,,PUT,97,94.3,33320,7/31/2026,MAGENTA,0,7,F,STOCK,Financials,T,T,95192000000,304
7/24/2026,3:51:02 PM,LRCX,ML/,43,6.44,,CALL,342.5,303.66,27692,7/31/2026,MAGENTA,0,7,F,STOCK,Information Technology,T,T,512158000000,12
7/24/2026,3:51:02 PM,LRCX,ML/,43,18.97,,PUT,302.5,303.66,81571,7/31/2026,MAGENTA,0,7,F,STOCK,Information Technology,T,T,512158000000,6
7/24/2026,3:51:21 PM,LRCX,BLOCK,46,106,B,CALL,220,302.77,487600,11/20/2026,MAGENTA,0,119,F,STOCK,Information Technology,F,F,512158000000,32
7/24/2026,3:54:07 PM,ASML,BLOCK,8,349.7,A,PUT,1960,1745.44,279760,11/20/2026,MAGENTA,0,119,F,STOCK,Information Technology,T,F,758742000000,5
7/24/2026,3:54:22 PM,LLY,ML/,6,59.8317,,PUT,1190,1194.045,35899,8/28/2026,MAGENTA,0,35,F,STOCK,Health Care,T,T,1037874000000,12
7/24/2026,3:54:37 PM,LLY,ML/,6,65.25,,PUT,1200,1194.045,39150,8/28/2026,MAGENTA,0,35,F,STOCK,Health Care,T,T,1037874000000,1
7/24/2026,3:54:38 PM,LLY,BLOCK,8,59.71,,PUT,1190,1194.045,47768,8/28/2026,MAGENTA,0,35,F,STOCK,Health Care,T,T,1037874000000,12
7/24/2026,3:54:47 PM,LLY,ML/,4,65.03,,PUT,1200,1194.045,26012,8/28/2026,MAGENTA,0,35,F,STOCK,Health Care,T,T,1037874000000,1
7/24/2026,3:54:49 PM,LLY,ML/,8,53.69,,PUT,1185,1194.045,42952,8/21/2026,MAGENTA,0,28,F,STOCK,Health Care,T,F,1037874000000,14
7/24/2026,3:54:49 PM,LLY,ML/,8,57.65,,PUT,1185,1194.045,46120,8/28/2026,MAGENTA,0,35,F,STOCK,Health Care,T,T,1037874000000,7
7/24/2026,3:54:53 PM,LLY,BLOCK,4,64.8,B,PUT,1200,1194.045,25920,8/28/2026,MAGENTA,0,35,F,STOCK,Health Care,T,T,1037874000000,1
7/24/2026,3:54:56 PM,LLY,ML/,8,54.5025,,PUT,1185,1194.045,43602,8/21/2026,MAGENTA,0,28,F,STOCK,Health Care,T,F,1037874000000,14
7/24/2026,3:54:56 PM,LLY,ML/,8,58.4025,A,PUT,1185,1194.045,46722,8/28/2026,MAGENTA,0,35,F,STOCK,Health Care,T,T,1037874000000,7
7/24/2026,3:55:07 PM,LLY,BLOCK,4,64.61,A,PUT,1200,1193.92,25844,8/28/2026,MAGENTA,0,35,F,STOCK,Health Care,T,T,1037874000000,1
7/24/2026,3:55:19 PM,LLY,ML/,4,63.72,,PUT,1200,1193.92,25488,8/28/2026,MAGENTA,0,35,F,STOCK,Health Care,T,T,1037874000000,1
7/24/2026,3:55:20 PM,LLY,BLOCK,4,64.44,A,PUT,1200,1193.92,25776,8/28/2026,MAGENTA,0,35,F,STOCK,Health Care,T,T,1037874000000,1
7/24/2026,3:55:24 PM,LRCX,ML/,80,30.4,,CALL,305,302.39,243200,8/21/2026,MAGENTA,0,28,F,STOCK,Information Technology,T,F,512158000000,1
7/24/2026,3:55:34 PM,PLTR,ML/,13,57.05,,PUT,180,123.24,74165,7/31/2026,MAGENTA,0,7,F,STOCK,Information Technology,F,T,286478000000,1
7/24/2026,3:55:38 PM,WDC,ML/,1,381.65,,PUT,900,517.14,38165,7/31/2026,MAGENTA,0,7,F,STOCK,Information Technology,F,T,252521000000,1
7/24/2026,3:55:39 PM,LLY,BLOCK,8,64.3,B,PUT,1200,1193.92,51440,8/28/2026,MAGENTA,0,35,F,STOCK,Health Care,T,T,1037874000000,1
7/24/2026,3:56:05 PM,ASML,ML/,1,819.5,A,CALL,1380,1750.34,81950,12/15/2028,MAGENTA,0,875,F,STOCK,Information Technology,F,F,758742000000,1
7/24/2026,3:56:15 PM,PLTR,BLOCK,75,2.56,BB,CALL,125,123.24,19200,7/31/2026,MAGENTA,0,7,F,STOCK,Information Technology,T,T,286478000000,995
7/24/2026,3:56:24 PM,ASML,ML/,149,120.37,A,PUT,1600,1753.1,1793513,10/16/2026,MAGENTA,0,84,F,STOCK,Information Technology,T,F,758742000000,28
7/24/2026,3:56:38 PM,CRWV,SWEEP,66,14.75,,CALL,60,71.83,97350,8/14/2026,MAGENTA,0,21,F,STOCK,Information Technology,F,T,49810000000,18
7/24/2026,3:57:25 PM,PLTR,BLOCK,100,2.6,,CALL,125,122.85,26000,7/31/2026,MAGENTA,0,7,F,STOCK,Information Technology,T,T,286478000000,995
7/24/2026,3:57:52 PM,LLY,ML/,4,63.375,,PUT,1200,1193.92,25350,8/28/2026,MAGENTA,0,35,F,STOCK,Health Care,T,T,1037874000000,1
7/24/2026,3:58:09 PM,ASML,BLOCK,8,77.035,,CALL,1725,1754.635,61628,7/31/2026,MAGENTA,0,7,F,STOCK,Information Technology,T,T,758742000000,2
7/24/2026,3:58:28 PM,LLY,ML/,7,63.7,,PUT,1200,1196.3,44590,8/28/2026,MAGENTA,0,35,F,STOCK,Health Care,T,T,1037874000000,1
7/24/2026,3:58:31 PM,CRWV,BLOCK,2250,14.35,B,PUT,50,71.7,3228750,1/21/2028,MAGENTA,0,546,F,STOCK,Information Technology,T,F,49810000000,626
7/24/2026,3:58:32 PM,CRWV,ML/,200,2.78,,PUT,69,71.7,55600,7/31/2026,MAGENTA,0,7,F,STOCK,Information Technology,T,T,49810000000,170
7/24/2026,3:59:00 PM,CRWV,SWEEP,102,5,,CALL,70,71.7,51000,7/31/2026,MAGENTA,0,7,F,STOCK,Information Technology,T,T,49810000000,130
7/24/2026,3:59:29 PM,PLTR,ML/,50,5.2752,,CALL,120,123.01,26376,7/31/2026,MAGENTA,0,7,F,STOCK,Information Technology,T,T,286478000000,747
7/24/2026,3:59:55 PM,PLTR,BLOCK,70,2.59,B,CALL,125,123.01,18130,7/31/2026,MAGENTA,0,7,F,STOCK,Information Technology,T,T,286478000000,995
7/24/2026,9:30:01 AM,PLTR,BLOCK,70,1.5,,CALL,131,124.75,10500,7/31/2026,WHITE,0,7,F,STOCK,Information Technology,F,T,286478000000,4734
7/24/2026,9:30:01 AM,PLTR,ML/,88,1.8002,,PUT,120,124.75,15842,7/31/2026,WHITE,0,7,F,STOCK,Information Technology,F,T,286478000000,3484
7/24/2026,9:30:01 AM,LLY,BLOCK,2,223.4,,CALL,1050,1193.49,44680,1/15/2027,WHITE,0,175,F,STOCK,Health Care,F,F,1037874000000,841
7/24/2026,9:30:02 AM,ASML,BLOCK,1,374.2,,PUT,2130,1784.96,37420,9/4/2026,WHITE,0,42,F,STOCK,Information Technology,F,T,758742000000,0
7/24/2026,9:30:02 AM,ASML,BLOCK,1,365.8,,PUT,2120,1784.96,36580,9/4/2026,WHITE,0,42,F,STOCK,Information Technology,F,T,758742000000,0
7/24/2026,9:30:03 AM,ASML,BLOCK,5,131,,PUT,1800,1784.96,65500,8/28/2026,WHITE,0,35,F,STOCK,Information Technology,F,T,758742000000,16
7/24/2026,9:30:03 AM,LLY,ML/,1,255.74,,CALL,940,1193.49,25574,7/31/2026,WHITE,0,7,F,STOCK,Health Care,F,T,1037874000000,0
7/24/2026,9:30:04 AM,HOOD,ML/,100,4.76,,PUT,98,99.38,47600,7/31/2026,WHITE,0,7,F,STOCK,Financials,F,T,95192000000,0
7/24/2026,9:30:05 AM,LLY,ML/,2,360.64,,CALL,870,1193.49,72128,1/15/2027,WHITE,0,175,F,STOCK,Health Care,F,F,1037874000000,0
7/24/2026,9:30:05 AM,LLY,ML/,2,225.34,,CALL,1050,1193.49,45068,1/15/2027,WHITE,0,175,F,STOCK,Health Care,F,F,1037874000000,841
7/24/2026,9:30:05 AM,CRWV,ML/,400,2.19,,CALL,85,78.76,87600,7/31/2026,WHITE,0,7,F,STOCK,Information Technology,F,T,49810000000,2617
7/24/2026,9:30:08 AM,PLTR,SWEEP,83,21.15,BB,CALL,125,124.75,175545,1/15/2027,WHITE,0,175,F,STOCK,Information Technology,F,F,286478000000,7388
7/24/2026,9:30:08 AM,LLY,BLOCK,1,305.6,,CALL,1000,1193.49,30560,6/17/2027,WHITE,0,328,F,STOCK,Health Care,F,T,1037874000000,299
7/24/2026,9:30:09 AM,PLTR,SWEEP,12,21.2667,,CALL,125,124.75,25520,1/15/2027,WHITE,0,175,F,STOCK,Information Technology,F,F,286478000000,7452
7/24/2026,9:30:08 AM,WDC,BLOCK,10,133,B,PUT,620,534.80,133000,9/18/2026,WHITE,0,56,F,STOCK,Information Technology,F,F,252521000000,86
7/24/2026,9:30:07 AM,ASML,ML/,1,339.76,,CALL,1700,1784.96,33976,1/15/2027,WHITE,0,175,F,STOCK,Information Technology,F,F,758742000000,200
7/24/2026,9:30:10 AM,LLY,ML/,3,234.15,,CALL,1240,1195.889,70245,12/17/2027,WHITE,0,511,F,STOCK,Health Care,F,F,1037874000000,24
7/24/2026,9:30:10 AM,LLY,ML/,3,242.4,,CALL,1240,1195.889,72720,1/21/2028,WHITE,0,546,F,STOCK,Health Care,F,F,1037874000000,0
7/24/2026,9:30:17 AM,WDC,SWEEP,25,14.8,,CALL,665,534.80,37000,8/7/2026,WHITE,0,14,F,STOCK,Information Technology,F,T,252521000000,55
7/24/2026,9:30:19 AM,PLTR,SWEEP,85,4.5765,,CALL,123,125.3,38900,7/31/2026,WHITE,0,7,F,STOCK,Information Technology,F,T,286478000000,239
7/24/2026,9:30:22 AM,PLTR,BLOCK,50,3.72,,CALL,125,125.3,18600,7/31/2026,WHITE,0,7,F,STOCK,Information Technology,F,T,286478000000,995
7/24/2026,9:30:24 AM,PLTR,SWEEP,59,2.8808,,CALL,127,125.3,16997,7/31/2026,WHITE,0,7,F,STOCK,Information Technology,F,T,286478000000,4534
7/24/2026,9:30:23 AM,PLTR,ML/,269,1.7549,,PUT,120,125.3,47206,7/31/2026,WHITE,0,7,F,STOCK,Information Technology,F,T,286478000000,3484
7/24/2026,9:30:23 AM,PLTR,SWEEP,66,2.4679,,PUT,122,125.3,16288,7/31/2026,WHITE,0,7,F,STOCK,Information Technology,F,T,286478000000,904
7/24/2026,9:30:36 AM,WDC,BLOCK,15,42,,CALL,520,534.80,63000,7/31/2026,WHITE,0,7,F,STOCK,Information Technology,F,T,252521000000,45
7/24/2026,9:30:41 AM,WDC,BLOCK,20,287.9,A,PUT,750,535,575800,1/15/2027,WHITE,0,175,F,STOCK,Information Technology,F,F,252521000000,26
7/24/2026,9:30:53 AM,WDC,BLOCK,10,46,,CALL,550,535,46000,8/7/2026,WHITE,0,14,F,STOCK,Information Technology,F,T,252521000000,73
7/24/2026,9:31:14 AM,LRCX,BLOCK,4,116,,CALL,200,312.42,46400,7/31/2026,WHITE,0,7,F,STOCK,Information Technology,F,T,512158000000,0
7/24/2026,9:31:19 AM,PLTR,SWEEP,50,3.35,,CALL,125,125.3,16750,7/31/2026,WHITE,0,7,F,STOCK,Information Technology,F,T,286478000000,995
7/24/2026,9:31:19 AM,HOOD,BLOCK,17,14.8,,CALL,115,99,25160,1/15/2027,WHITE,0,175,F,STOCK,Financials,F,F,95192000000,2412
7/24/2026,9:31:21 AM,WDC,BLOCK,5,52,,PUT,560,535,26000,7/31/2026,WHITE,0,7,F,STOCK,Information Technology,F,T,252521000000,123
7/24/2026,9:31:23 AM,LRCX,BLOCK,10,107.47,B,CALL,250,312.42,107470,1/15/2027,WHITE,0,175,F,STOCK,Information Technology,F,F,512158000000,899
7/24/2026,9:31:27 AM,WDC,BLOCK,20,75,,PUT,550,535,150000,8/21/2026,WHITE,0,28,F,STOCK,Information Technology,F,F,252521000000,335
7/24/2026,9:32:00 AM,HOOD,ML/,240,4.05,,CALL,102,98.11,97200,7/31/2026,WHITE,0,7,F,STOCK,Financials,F,T,95192000000,406
7/24/2026,9:32:00 AM,HOOD,ML/,240,5.79,,PUT,98,98.11,138960,7/31/2026,WHITE,0,7,F,STOCK,Financials,F,T,95192000000,377
7/24/2026,9:32:00 AM,HOOD,ML/,240,6.63,,PUT,100,98.11,159120,7/31/2026,WHITE,0,7,F,STOCK,Financials,F,T,95192000000,2675
7/24/2026,9:32:09 AM,WDC,ML/,10,36.89,,PUT,540,535,36890,7/31/2026,WHITE,0,7,F,STOCK,Information Technology,F,T,252521000000,1028
7/24/2026,9:32:11 AM,CRWV,ML/,32,8.1544,,PUT,82,78.53,26094,8/7/2026,WHITE,0,14,F,STOCK,Information Technology,F,T,49810000000,42
7/24/2026,9:32:18 AM,LLY,BLOCK,4,98,,CALL,1100,1195.538,39200,7/31/2026,WHITE,0,7,F,STOCK,Health Care,F,T,1037874000000,24
7/24/2026,9:32:28 AM,LRCX,BLOCK,10,109.95,,CALL,250,312.42,109950,1/15/2027,WHITE,0,175,F,STOCK,Information Technology,F,F,512158000000,899
7/24/2026,9:32:46 AM,LRCX,ML/,15,22.2,,PUT,320,317.85,33300,7/31/2026,WHITE,0,7,F,STOCK,Information Technology,F,T,512158000000,350
7/24/2026,9:32:46 AM,LRCX,ML/,15,17.2,,PUT,310,317.85,25800,7/31/2026,WHITE,0,7,F,STOCK,Information Technology,F,T,512158000000,276
7/24/2026,9:32:51 AM,HOOD,BLOCK,50,4.7,,CALL,103,97.8,23500,8/7/2026,WHITE,0,14,F,STOCK,Financials,F,T,95192000000,169
7/24/2026,9:32:56 AM,LRCX,BLOCK,10,111.07,A,CALL,250,317.85,111070,1/15/2027,WHITE,0,175,F,STOCK,Information Technology,F,F,512158000000,899
7/24/2026,9:32:58 AM,CRWV,SWEEP,246,2.3013,,CALL,85,79.165,56613,7/31/2026,WHITE,0,7,F,STOCK,Information Technology,F,T,49810000000,2617
7/24/2026,9:33:00 AM,LLY,BLOCK,3,96.95,,CALL,1100,1194.22,29085,7/31/2026,WHITE,0,7,F,STOCK,Health Care,F,T,1037874000000,24
7/24/2026,9:33:02 AM,HOOD,BLOCK,13,50.5,,CALL,80,97.8,65650,12/15/2028,WHITE,0,875,F,STOCK,Financials,F,F,95192000000,247
7/24/2026,9:33:03 AM,LLY,BLOCK,1,259.16,,CALL,1200,1194.22,25916,1/21/2028,WHITE,0,546,F,STOCK,Health Care,F,F,1037874000000,186
7/24/2026,9:33:15 AM,WDC,BLOCK,1,446.35,,CALL,100,535.79,44635,1/15/2027,WHITE,0,175,F,STOCK,Information Technology,F,F,252521000000,0
7/24/2026,9:33:15 AM,WDC,BLOCK,1,381,,CALL,165,535.79,38100,10/16/2026,WHITE,0,84,F,STOCK,Information Technology,F,F,252521000000,0
7/24/2026,9:33:21 AM,ASML,BLOCK,1,974,,CALL,820,1787,97400,8/21/2026,WHITE,0,28,F,STOCK,Information Technology,F,F,758742000000,8
7/24/2026,9:33:26 AM,LRCX,BLOCK,10,110.38,B,CALL,250,317.85,110380,1/15/2027,WHITE,0,175,F,STOCK,Information Technology,F,F,512158000000,899
7/24/2026,9:33:49 AM,CRWV,SWEEP,200,3.25,,CALL,82,79.165,65000,7/31/2026,WHITE,0,7,F,STOCK,Information Technology,F,T,49810000000,484
7/24/2026,9:33:52 AM,HOOD,BLOCK,30,16.65,,PUT,110,97.8,49950,8/21/2026,WHITE,0,28,F,STOCK,Financials,F,F,95192000000,2133
7/24/2026,9:33:56 AM,HOOD,BLOCK,33,7.75,,CALL,100,97.8,25575,8/21/2026,WHITE,0,28,F,STOCK,Financials,F,F,95192000000,13051
7/24/2026,9:34:06 AM,LLY,ML/,5,53.912,,PUT,1175,1191.69,26956,8/28/2026,WHITE,0,35,F,STOCK,Health Care,F,T,1037874000000,11
7/24/2026,9:34:09 AM,WDC,BLOCK,1,401.15,,CALL,145,535.79,40115,10/16/2026,WHITE,0,84,F,STOCK,Information Technology,F,F,252521000000,0
7/24/2026,9:34:15 AM,ASML,ML/,2,1138.815,,CALL,670,1793.215,227763,1/15/2027,WHITE,0,175,F,STOCK,Information Technology,F,F,758742000000,70
7/24/2026,9:34:15 AM,LLY,ML/,1,344.58,,CALL,1180,1191.69,34458,12/15/2028,WHITE,0,875,F,STOCK,Health Care,F,F,1037874000000,14
7/24/2026,9:34:21 AM,LRCX,BLOCK,10,111.157,,CALL,250,317.85,111157,1/15/2027,WHITE,0,175,F,STOCK,Information Technology,F,F,512158000000,899
7/24/2026,9:34:35 AM,CRWV,BLOCK,100,4.05,,PUT,50,78.465,40500,11/20/2026,WHITE,0,119,F,STOCK,Information Technology,F,F,49810000000,2756
7/24/2026,9:34:38 AM,LLY,BLOCK,5,66.66,,CALL,1190,1191.69,33330,8/28/2026,WHITE,0,35,F,STOCK,Health Care,F,T,1037874000000,0
7/24/2026,9:34:39 AM,WDC,BLOCK,5,75.05,,PUT,610,545.075,37525,7/31/2026,WHITE,0,7,F,STOCK,Information Technology,F,T,252521000000,0
7/24/2026,9:34:55 AM,HOOD,BLOCK,50,2.77,,CALL,110,97.26,13850,8/7/2026,WHITE,0,14,F,STOCK,Financials,F,T,95192000000,853
7/24/2026,9:35:12 AM,LLY,BLOCK,1,330.2,,CALL,900,1191.69,33020,1/15/2027,WHITE,0,175,F,STOCK,Health Care,F,F,1037874000000,587
7/24/2026,9:35:13 AM,LRCX,BLOCK,3,115.9,,CALL,360,319.03,34770,1/21/2028,WHITE,0,546,F,STOCK,Information Technology,F,F,512158000000,449
7/24/2026,9:35:14 AM,WDC,BLOCK,7,38.5,,CALL,550,545.075,26950,7/31/2026,WHITE,0,7,F,STOCK,Information Technology,F,T,252521000000,197
7/24/2026,9:35:14 AM,ASML,BLOCK,1,508.9,,CALL,1900,1793.215,50890,1/21/2028,WHITE,0,546,F,STOCK,Information Technology,F,F,758742000000,102
7/24/2026,9:35:18 AM,LRCX,BLOCK,10,110.67,B,CALL,250,319.03,110670,1/15/2027,WHITE,0,175,F,STOCK,Information Technology,F,F,512158000000,899
7/24/2026,9:35:19 AM,CRWV,ML/,85,6.45,,PUT,82,78.465,54825,7/31/2026,WHITE,0,7,F,STOCK,Information Technology,F,T,49810000000,118
7/24/2026,9:35:49 AM,LRCX,BLOCK,10,110.24,B,CALL,250,319.03,110240,1/15/2027,WHITE,0,175,F,STOCK,Information Technology,F,F,512158000000,899
7/24/2026,9:35:58 AM,PLTR,BLOCK,78,19.15,A,CALL,140,124.13,149370,3/19/2027,WHITE,0,238,F,STOCK,Information Technology,F,F,286478000000,3000
7/24/2026,9:36:06 AM,CRWV,ML/,10,52.07,,PUT,130,78.89,52070,8/21/2026,WHITE,0,28,F,STOCK,Information Technology,F,F,49810000000,351
7/24/2026,9:36:06 AM,CRWV,ML/,20,42.35,,PUT,120,78.89,84700,8/21/2026,WHITE,0,28,F,STOCK,Information Technology,F,F,49810000000,1490
7/24/2026,9:36:06 AM,CRWV,ML/,20,33.22,,PUT,110,78.89,66440,8/21/2026,WHITE,0,28,F,STOCK,Information Technology,F,F,49810000000,3091
7/24/2026,9:36:06 AM,CRWV,ML/,10,61.53,,PUT,140,78.89,61530,8/21/2026,WHITE,0,28,F,STOCK,Information Technology,F,F,49810000000,0
7/24/2026,9:36:16 AM,PLTR,SWEEP,10,27.9,,CALL,160,124.13,27900,1/21/2028,WHITE,0,546,F,STOCK,Information Technology,F,F,286478000000,1679
7/24/2026,9:36:22 AM,HOOD,SWEEP,16,18.4,,CALL,100,97.6,29440,1/15/2027,WHITE,0,175,F,STOCK,Financials,F,F,95192000000,12435
7/24/2026,9:36:29 AM,HOOD,BLOCK,160,1.16,,CALL,150,97.6,18560,9/18/2026,WHITE,0,56,F,STOCK,Financials,F,F,95192000000,7923
7/24/2026,9:36:29 AM,WDC,BLOCK,1,283.3,,PUT,820,545.075,28330,8/14/2026,WHITE,0,21,F,STOCK,Information Technology,F,T,252521000000,0
7/24/2026,9:36:29 AM,WDC,BLOCK,1,312.15,,PUT,850,545.075,31215,8/14/2026,WHITE,0,21,F,STOCK,Information Technology,F,T,252521000000,0
7/24/2026,9:36:30 AM,LRCX,ML/,16,18.1038,,PUT,310,317.475,28966,7/31/2026,WHITE,0,7,F,STOCK,Information Technology,F,T,512158000000,276
7/24/2026,9:36:35 AM,ASML,ML/,1,372.01,,CALL,1425,1792.165,37201,8/7/2026,WHITE,0,14,F,STOCK,Information Technology,F,T,758742000000,0
7/24/2026,9:36:49 AM,LRCX,ML/,15,17.9853,,PUT,310,317.475,26978,7/31/2026,WHITE,0,7,F,STOCK,Information Technology,F,T,512158000000,276
7/24/2026,9:36:58 AM,ASML,BLOCK,5,100,,CALL,1790,1789.72,50000,8/14/2026,WHITE,0,21,F,STOCK,Information Technology,F,T,758742000000,0
7/24/2026,9:36:58 AM,LLY,SWEEP,70,247,,CALL,1000,1190.94,1729000,12/18/2026,WHITE,0,147,F,STOCK,Health Care,F,F,1037874000000,946
7/24/2026,9:36:58 AM,CRWV,BLOCK,101,5.6,,PUT,55,78.89,56560,11/20/2026,WHITE,0,119,F,STOCK,Information Technology,F,F,49810000000,0
7/24/2026,9:37:05 AM,CRWV,ML/,301,2.36,,CALL,83,77.137,71036,7/31/2026,WHITE,0,7,F,STOCK,Information Technology,F,T,49810000000,1348
7/24/2026,9:37:05 AM,CRWV,ML/,301,1.61,,CALL,86,77.137,48461,7/31/2026,WHITE,0,7,F,STOCK,Information Technology,F,T,49810000000,0
7/24/2026,9:37:10 AM,LRCX,ML/,15,18.0573,,PUT,310,317.475,27086,7/31/2026,WHITE,0,7,F,STOCK,Information Technology,F,T,512158000000,276
7/24/2026,9:37:14 AM,LLY,BLOCK,5,185,,CALL,1020,1190.94,92500,8/21/2026,WHITE,0,28,F,STOCK,Health Care,F,F,1037874000000,138
7/24/2026,9:37:32 AM,LRCX,ML/,14,18.0643,,PUT,310,316.41,25290,7/31/2026,WHITE,0,7,F,STOCK,Information Technology,F,T,512158000000,276
7/24/2026,9:37:52 AM,LRCX,ML/,14,17.8757,,PUT,310,316.41,25026,7/31/2026,WHITE,0,7,F,STOCK,Information Technology,F,T,512158000000,276
7/24/2026,9:37:59 AM,LLY,ML/,6,51.91,,PUT,1180,1190.94,31146,8/21/2026,WHITE,0,28,F,STOCK,Health Care,F,F,1037874000000,104
7/24/2026,9:37:59 AM,LLY,ML/,6,55.84,,PUT,1180,1190.94,33504,8/28/2026,WHITE,0,35,F,STOCK,Health Care,F,T,1037874000000,35
7/24/2026,9:38:11 AM,LRCX,ML/,16,17.3487,,PUT,310,316.41,27758,7/31/2026,WHITE,0,7,F,STOCK,Information Technology,F,T,512158000000,276
7/24/2026,9:38:18 AM,PLTR,BLOCK,30,12.09,,PUT,125,123.58,36270,9/18/2026,WHITE,0,56,F,STOCK,Information Technology,F,F,286478000000,10326
7/24/2026,9:38:24 AM,CRWV,BLOCK,100,1.85,,CALL,85,77.137,18500,7/31/2026,WHITE,0,7,F,STOCK,Information Technology,F,T,49810000000,2617
7/24/2026,9:38:27 AM,LLY,BLOCK,5,375,,CALL,900,1194.365,187500,6/17/2027,WHITE,0,328,F,STOCK,Health Care,F,T,1037874000000,518
7/24/2026,9:38:39 AM,LLY,BLOCK,1,302,,CALL,900,1194.365,30200,8/21/2026,WHITE,0,28,F,STOCK,Health Care,F,F,1037874000000,128
7/24/2026,9:38:43 AM,LLY,BLOCK,17,50.6412,,CALL,1200,1194.365,86090,8/7/2026,WHITE,0,14,F,STOCK,Health Care,F,T,1037874000000,150
7/24/2026,9:38:45 AM,LLY,BLOCK,5,50.68,,CALL,1200,1194.365,25340,8/7/2026,WHITE,0,14,F,STOCK,Health Care,F,T,1037874000000,151
7/24/2026,9:38:53 AM,LRCX,ML/,15,18.1653,,PUT,310,316.41,27248,7/31/2026,WHITE,0,7,F,STOCK,Information Technology,F,T,512158000000,276
7/24/2026,9:38:57 AM,LLY,BLOCK,100,3.06,,CALL,1500,1194.365,30600,8/21/2026,WHITE,0,28,F,STOCK,Health Care,F,F,1037874000000,145
7/24/2026,9:38:57 AM,LLY,BLOCK,1,250,,CALL,1100,1194.365,25000,6/17/2027,WHITE,0,328,F,STOCK,Health Care,F,T,1037874000000,1327
7/24/2026,9:39:00 AM,LLY,BLOCK,5,50.56,,CALL,1200,1194.365,25280,8/7/2026,WHITE,0,14,F,STOCK,Health Care,F,T,1037874000000,151
7/24/2026,9:38:59 AM,LLY,SWEEP,70,247,B,CALL,1000,1194.365,1729000,12/18/2026,WHITE,0,147,F,STOCK,Health Care,F,F,1037874000000,946
7/24/2026,9:39:11 AM,LRCX,ML/,14,18.1993,,PUT,310,316.49,25479,7/31/2026,WHITE,0,7,F,STOCK,Information Technology,F,T,512158000000,276
7/24/2026,9:39:14 AM,LLY,ML/,3,139.14,,CALL,1180,1194.365,41742,12/18/2026,WHITE,0,147,F,STOCK,Health Care,F,F,1037874000000,211
7/24/2026,9:39:14 AM,LLY,ML/,3,129.14,,CALL,1200,1194.365,38742,12/18/2026,WHITE,0,147,F,STOCK,Health Care,F,F,1037874000000,949
7/24/2026,9:39:18 AM,CRWV,BLOCK,254,5.1402,,CALL,100,77,130560,9/18/2026,WHITE,0,56,F,STOCK,Information Technology,F,F,49810000000,6798
7/24/2026,9:39:20 AM,LLY,BLOCK,10,28.5,,CALL,1190,1194.365,28500,7/31/2026,WHITE,0,7,F,STOCK,Health Care,F,T,1037874000000,177
7/24/2026,9:39:30 AM,LRCX,ML/,16,18.1519,,PUT,310,316.49,29043,7/31/2026,WHITE,0,7,F,STOCK,Information Technology,F,T,512158000000,276
7/24/2026,9:39:46 AM,WDC,BLOCK,2,131,,CALL,800,540.645,26200,6/17/2027,WHITE,0,328,F,STOCK,Information Technology,F,T,252521000000,82
7/24/2026,9:39:46 AM,PLTR,BLOCK,22,18.95,,CALL,140,123.64,41690,3/19/2027,WHITE,0,238,F,STOCK,Information Technology,F,F,286478000000,3000
7/24/2026,9:39:50 AM,LRCX,ML/,15,17.6887,,PUT,310,316.49,26533,7/31/2026,WHITE,0,7,F,STOCK,Information Technology,F,T,512158000000,276
7/24/2026,9:40:07 AM,LRCX,ML/,15,17.664,,PUT,310,316.49,26496,7/31/2026,WHITE,0,7,F,STOCK,Information Technology,F,T,512158000000,276
7/24/2026,9:40:11 AM,LRCX,BLOCK,10,108.908,,CALL,250,316.49,108908,1/15/2027,WHITE,0,175,F,STOCK,Information Technology,F,F,512158000000,899
7/24/2026,9:40:12 AM,PLTR,BLOCK,30,10.7,,CALL,150,123.5,32100,12/18/2026,WHITE,0,147,F,STOCK,Information Technology,F,F,286478000000,3358
7/24/2026,9:40:26 AM,LRCX,ML/,15,17.3987,,PUT,310,316.325,26098,7/31/2026,WHITE,0,7,F,STOCK,Information Technology,F,T,512158000000,276
7/24/2026,9:40:31 AM,ASML,BLOCK,1,335,,CALL,1700,1789.72,33500,1/15/2027,WHITE,0,175,F,STOCK,Information Technology,F,F,758742000000,200
7/24/2026,9:40:33 AM,ASML,ML/,10,164.8,,CALL,2000,1789.72,164800,11/20/2026,WHITE,0,119,F,STOCK,Information Technology,F,F,758742000000,69
7/24/2026,9:40:33 AM,ASML,ML/,10,154.8,,CALL,1800,1789.72,154800,9/18/2026,WHITE,0,56,F,STOCK,Information Technology,F,F,758742000000,1213
7/24/2026,9:40:34 AM,WDC,BLOCK,1,304,,CALL,550,542,30400,12/15/2028,WHITE,0,875,F,STOCK,Information Technology,F,F,252521000000,83
7/24/2026,9:40:42 AM,HOOD,BLOCK,19,15.38,,CALL,120,96.38,29222,3/19/2027,WHITE,0,238,F,STOCK,Financials,F,F,95192000000,739
7/24/2026,9:40:47 AM,LRCX,ML/,15,18.492,,PUT,310,316.325,27738,7/31/2026,WHITE,0,7,F,STOCK,Information Technology,F,T,512158000000,276
7/24/2026,9:41:09 AM,PLTR,BLOCK,55,3.3955,,PUT,123,123.5,18675,7/31/2026,WHITE,0,7,F,STOCK,Information Technology,F,T,286478000000,795
7/24/2026,9:41:09 AM,LLY,BLOCK,5,150,,PUT,1300,1192.58,75000,10/16/2026,WHITE,0,84,F,STOCK,Health Care,F,F,1037874000000,22
7/24/2026,9:41:11 AM,LRCX,BLOCK,10,107.44,B,CALL,250,316.325,107440,1/15/2027,WHITE,0,175,F,STOCK,Information Technology,F,F,512158000000,899
7/24/2026,9:41:13 AM,HOOD,ML/,20,26.45,,CALL,70,95.785,52900,7/31/2026,WHITE,0,7,F,STOCK,Financials,F,T,95192000000,0
7/24/2026,9:41:13 AM,HOOD,ML/,30,23.85,,CALL,85,95.785,71550,12/18/2026,WHITE,0,147,F,STOCK,Financials,F,F,95192000000,1387
7/24/2026,9:41:13 AM,HOOD,ML/,30,26.65,,CALL,80,95.785,79950,12/18/2026,WHITE,0,147,F,STOCK,Financials,F,F,95192000000,1337
7/24/2026,9:41:17 AM,CRWV,BLOCK,100,1,,PUT,66,76.805,10000,7/31/2026,WHITE,0,7,F,STOCK,Information Technology,F,T,49810000000,558
7/24/2026,9:41:28 AM,LRCX,ML/,14,18.65,,PUT,310,316.325,26110,7/31/2026,WHITE,0,7,F,STOCK,Information Technology,F,T,512158000000,276
7/24/2026,9:41:29 AM,HOOD,BLOCK,20,14.4,,CALL,110,95.785,28800,1/15/2027,WHITE,0,175,F,STOCK,Financials,F,F,95192000000,5066
7/24/2026,9:41:30 AM,ASML,BLOCK,5,76.642,,PUT,1805,1782.915,38321,7/31/2026,WHITE,0,7,F,STOCK,Information Technology,F,T,758742000000,10
7/24/2026,9:41:40 AM,CRWV,BLOCK,100,1.63,,CALL,130,76.86,16300,9/18/2026,WHITE,0,56,F,STOCK,Information Technology,F,F,49810000000,7277
7/24/2026,9:41:49 AM,LRCX,ML/,14,18.6457,,PUT,310,314.95,26104,7/31/2026,WHITE,0,7,F,STOCK,Information Technology,F,T,512158000000,276
7/24/2026,9:41:55 AM,HOOD,BLOCK,20,15.1,,PUT,110,95.785,30200,7/31/2026,WHITE,0,7,F,STOCK,Financials,F,T,95192000000,1356
7/24/2026,9:42:09 AM,LRCX,ML/,16,18.1762,,PUT,310,314.95,29082,7/31/2026,WHITE,0,7,F,STOCK,Information Technology,F,T,512158000000,276
7/24/2026,9:42:12 AM,LLY,ML/,10,63.18,,CALL,1140,1196.23,63180,7/31/2026,WHITE,0,7,F,STOCK,Health Care,F,T,1037874000000,0
7/24/2026,9:42:18 AM,ASML,BLOCK,1,330.5,,CALL,1700,1776.13,33050,1/15/2027,WHITE,0,175,F,STOCK,Information Technology,F,F,758742000000,200
7/24/2026,9:42:22 AM,WDC,ML/,23,77.42,,PUT,560,542,178066,8/21/2026,WHITE,0,28,F,STOCK,Information Technology,F,F,252521000000,230
7/24/2026,9:42:22 AM,WDC,ML/,23,56.04,,CALL,560,542,128892,8/21/2026,WHITE,0,28,F,STOCK,Information Technology,F,F,252521000000,195
7/24/2026,9:42:23 AM,CRWV,BLOCK,100,2.05,,PUT,40,76.86,20500,11/20/2026,WHITE,0,119,F,STOCK,Information Technology,F,F,49810000000,1131
7/24/2026,9:42:26 AM,LLY,ML/,10,63.13,,CALL,1140,1196.23,63130,7/31/2026,WHITE,0,7,F,STOCK,Health Care,F,T,1037874000000,0
7/24/2026,9:42:31 AM,LRCX,ML/,15,18.254,,PUT,310,314.95,27381,7/31/2026,WHITE,0,7,F,STOCK,Information Technology,F,T,512158000000,276
7/24/2026,9:42:33 AM,CRWV,ML/,35,11.32,,PUT,82,76.22,39620,8/14/2026,WHITE,0,21,F,STOCK,Information Technology,F,T,49810000000,0
7/24/2026,9:42:33 AM,PLTR,ML/,10,47.2,,CALL,85,123.52,47200,3/19/2027,WHITE,0,238,F,STOCK,Information Technology,F,F,286478000000,0
7/24/2026,9:42:33 AM,PLTR,ML/,10,46.3,,CALL,85,123.52,46300,2/19/2027,WHITE,0,210,F,STOCK,Information Technology,F,F,286478000000,16
7/24/2026,9:42:34 AM,CRWV,BLOCK,56,2.0357,,CALL,83,76.22,11400,7/31/2026,WHITE,0,7,F,STOCK,Information Technology,F,T,49810000000,1348
7/24/2026,9:42:35 AM,CRWV,ML/,200,7.6521,,PUT,50,76.22,153042,3/19/2027,WHITE,0,238,F,STOCK,Information Technology,F,F,49810000000,400
7/24/2026,9:42:39 AM,LLY,ML/,10,61.711,,CALL,1140,1196.23,61711,7/31/2026,WHITE,0,7,F,STOCK,Health Care,F,T,1037874000000,0
7/24/2026,9:42:50 AM,HOOD,BLOCK,25,11.85,,CALL,120,95.72,29625,1/15/2027,WHITE,0,175,F,STOCK,Financials,F,F,95192000000,8323
7/24/2026,9:43:00 AM,ASML,SWEEP,2,287.275,,CALL,1800,1776.13,57455,1/15/2027,WHITE,0,175,F,STOCK,Information Technology,F,F,758742000000,345
7/24/2026,9:43:01 AM,LLY,SWEEP,10,68.925,,PUT,1210,1196.23,68925,8/21/2026,WHITE,0,28,F,STOCK,Health Care,F,F,1037874000000,48
7/24/2026,9:43:01 AM,LLY,SWEEP,4,71.775,,PUT,1215,1196.23,28710,8/21/2026,WHITE,0,28,F,STOCK,Health Care,F,F,1037874000000,0
7/24/2026,9:43:09 AM,HOOD,ML/,50,3.08,,PUT,90,95.72,15400,7/31/2026,WHITE,0,7,F,STOCK,Financials,F,T,95192000000,2245
7/24/2026,9:43:12 AM,LRCX,BLOCK,2,201.79,,CALL,125,316.265,40358,3/19/2027,WHITE,0,238,F,STOCK,Information Technology,F,F,512158000000,0
7/24/2026,9:43:19 AM,WDC,BLOCK,1,523.98,,CALL,15,537.38,52398,1/15/2027,WHITE,0,175,F,STOCK,Information Technology,F,F,252521000000,6
7/24/2026,9:43:25 AM,PLTR,BLOCK,20,17.3,,CALL,125,123.52,34600,11/20/2026,WHITE,0,119,F,STOCK,Information Technology,F,F,286478000000,1124
7/24/2026,9:43:31 AM,ASML,BLOCK,3,102,,CALL,1775,1780.66,30600,8/14/2026,WHITE,0,21,F,STOCK,Information Technology,F,T,758742000000,11
7/24/2026,9:43:48 AM,CRWV,BLOCK,50,3.15,,PUT,60,76.22,15750,8/28/2026,WHITE,0,35,F,STOCK,Information Technology,F,T,49810000000,0
7/24/2026,9:43:53 AM,WDC,BLOCK,4,177.65,,CALL,450,537.38,71060,12/18/2026,WHITE,0,147,F,STOCK,Information Technology,F,F,252521000000,664
7/24/2026,9:43:55 AM,ASML,ML/,2,935,,CALL,1000,1780.66,187000,12/17/2027,WHITE,0,511,F,STOCK,Information Technology,F,F,758742000000,5
7/24/2026,9:43:55 AM,ASML,ML/,2,875,,CALL,1000,1780.66,175000,6/17/2027,WHITE,0,328,F,STOCK,Information Technology,F,T,758742000000,187
7/24/2026,9:43:56 AM,PLTR,BLOCK,20,18.85,,CALL,125,123.52,37700,12/18/2026,WHITE,0,147,F,STOCK,Information Technology,F,F,286478000000,1651
7/24/2026,9:44:01 AM,CRWV,BLOCK,100,2.7,,CALL,81,76.49,27000,7/31/2026,WHITE,0,7,F,STOCK,Information Technology,F,T,49810000000,435
7/24/2026,9:44:29 AM,ASML,BLOCK,1,1105.68,A,CALL,700,1780.66,110568,1/15/2027,WHITE,0,175,F,STOCK,Information Technology,F,F,758742000000,99
7/24/2026,9:44:30 AM,PLTR,BLOCK,90,14.8,B,CALL,135,122.93,133200,12/18/2026,WHITE,0,147,F,STOCK,Information Technology,F,F,286478000000,1316
7/24/2026,9:44:31 AM,WDC,BLOCK,3,83.4,,PUT,370,541.58,25020,6/17/2027,WHITE,0,328,F,STOCK,Information Technology,F,T,252521000000,130
7/24/2026,9:44:40 AM,WDC,ML/,4,69.55,,PUT,550,541.58,27820,8/21/2026,WHITE,0,28,F,STOCK,Information Technology,F,F,252521000000,335
7/24/2026,9:44:40 AM,WDC,ML/,4,63.9,,PUT,550,541.58,25560,8/14/2026,WHITE,0,21,F,STOCK,Information Technology,F,T,252521000000,26
7/24/2026,9:44:42 AM,LLY,BLOCK,1,256,,CALL,1200,1192.595,25600,1/21/2028,WHITE,0,546,F,STOCK,Health Care,F,F,1037874000000,186
7/24/2026,9:44:54 AM,ASML,BLOCK,1,318.6,,CALL,1740,1785.13,31860,1/15/2027,WHITE,0,175,F,STOCK,Information Technology,F,F,758742000000,59
7/24/2026,9:44:55 AM,PLTR,ML/,65,2.9,,CALL,170,122.93,18850,10/16/2026,WHITE,0,84,F,STOCK,Information Technology,F,F,286478000000,3053
7/24/2026,9:44:55 AM,PLTR,ML/,65,2.56,,CALL,139,122.93,16640,8/7/2026,WHITE,0,14,F,STOCK,Information Technology,F,T,286478000000,0
7/24/2026,9:45:02 AM,LRCX,BLOCK,116,3.55,,CALL,380,318.5,41180,7/31/2026,WHITE,0,7,F,STOCK,Information Technology,F,T,512158000000,848
7/24/2026,9:45:05 AM,LRCX,BLOCK,55,3.55,,CALL,380,318.5,19525,7/31/2026,WHITE,0,7,F,STOCK,Information Technology,F,T,512158000000,848
7/24/2026,9:45:06 AM,LRCX,SWEEP,301,3.5,,CALL,380,318.5,105350,7/31/2026,WHITE,0,7,F,STOCK,Information Technology,F,T,512158000000,848
7/24/2026,9:45:07 AM,CRWV,SWEEP,30,11,,CALL,80,76.49,33000,9/18/2026,WHITE,0,56,F,STOCK,Information Technology,F,F,49810000000,3914
7/24/2026,9:45:12 AM,CRWV,BLOCK,241,5.1315,,CALL,100,76.49,123669,9/18/2026,WHITE,0,56,F,STOCK,Information Technology,F,F,49810000000,6798
7/24/2026,9:45:17 AM,LRCX,SWEEP,14,33.7821,,PUT,250,318.5,47295,12/18/2026,WHITE,0,147,F,STOCK,Information Technology,F,F,512158000000,819
7/24/2026,9:45:20 AM,ASML,BLOCK,1,324.36,,PUT,2000,1785.13,32436,10/16/2026,WHITE,0,84,F,STOCK,Information Technology,F,F,758742000000,11
7/24/2026,9:45:22 AM,WDC,BLOCK,1,528.1,,CALL,15,541.58,52810,1/15/2027,WHITE,0,175,F,STOCK,Information Technology,F,F,252521000000,6
7/24/2026,9:45:22 AM,CRWV,SWEEP,140,3.5107,,CALL,95,76.76,49150,8/21/2026,WHITE,0,28,F,STOCK,Information Technology,F,F,49810000000,1554
7/24/2026,9:45:24 AM,ASML,BLOCK,2,160,,PUT,1800,1785.13,32000,9/18/2026,WHITE,0,56,F,STOCK,Information Technology,F,F,758742000000,267
7/24/2026,9:45:33 AM,LRCX,ML/,9,33.55,,PUT,300,318.5,30195,9/18/2026,WHITE,0,56,F,STOCK,Information Technology,F,F,512158000000,2284
7/24/2026,9:45:34 AM,HOOD,BLOCK,10,37.66,,PUT,100,96.37,37660,12/15/2028,WHITE,0,875,F,STOCK,Financials,F,F,95192000000,148
7/24/2026,9:45:35 AM,LRCX,ML/,9,33.66,,PUT,300,318.5,30294,9/18/2026,WHITE,0,56,F,STOCK,Information Technology,F,F,512158000000,2284
7/24/2026,9:45:41 AM,LLY,BLOCK,10,56,,PUT,1250,1200.94,56000,7/31/2026,WHITE,0,7,F,STOCK,Health Care,F,T,1037874000000,0
7/24/2026,9:45:42 AM,ASML,ML/,1,479.8,,CALL,1420,1782.585,47980,12/18/2026,WHITE,0,147,F,STOCK,Information Technology,F,F,758742000000,0
7/24/2026,9:45:42 AM,ASML,ML/,1,493.57,,CALL,1400,1782.585,49357,12/18/2026,WHITE,0,147,F,STOCK,Information Technology,F,F,758742000000,25
7/24/2026,9:45:45 AM,ASML,ML/,1,876.02,,CALL,1000,1782.585,87602,6/17/2027,WHITE,0,328,F,STOCK,Information Technology,F,T,758742000000,187
7/24/2026,9:45:45 AM,ASML,ML/,1,936.02,,CALL,1000,1782.585,93602,12/17/2027,WHITE,0,511,F,STOCK,Information Technology,F,F,758742000000,5
7/24/2026,9:45:47 AM,ASML,BLOCK,6,66.98,,PUT,1790,1782.585,40188,7/31/2026,WHITE,0,7,F,STOCK,Information Technology,F,T,758742000000,42
7/24/2026,9:45:51 AM,WDC,BLOCK,3,83.6,,PUT,370,540.275,25080,6/17/2027,WHITE,0,328,F,STOCK,Information Technology,F,T,252521000000,130
7/24/2026,9:45:54 AM,WDC,ML/,60,7.9,,PUT,330,540.275,47400,9/4/2026,WHITE,0,42,F,STOCK,Information Technology,F,T,252521000000,0
7/24/2026,9:45:54 AM,WDC,ML/,60,6.8,,PUT,320,540.275,40800,9/4/2026,WHITE,0,42,F,STOCK,Information Technology,F,T,252521000000,0
7/24/2026,9:45:55 AM,PLTR,ML/,50,3.846,,CALL,123,122.93,19230,7/31/2026,WHITE,0,7,F,STOCK,Information Technology,F,T,286478000000,239
7/24/2026,9:45:56 AM,LRCX,SWEEP,52,42.5125,,CALL,320,318.5,221065,9/18/2026,WHITE,0,56,F,STOCK,Information Technology,F,F,512158000000,995
7/24/2026,9:45:57 AM,LRCX,BLOCK,14,38.1107,,CALL,330,318.5,53355,9/18/2026,WHITE,0,56,F,STOCK,Information Technology,F,F,512158000000,1783
7/24/2026,9:45:58 AM,LRCX,BLOCK,13,29.85,,PUT,250,318.5,38805,11/20/2026,WHITE,0,119,F,STOCK,Information Technology,F,F,512158000000,179
7/24/2026,9:46:02 AM,HOOD,ML/,20,14.7,,PUT,100,96.37,29400,10/16/2026,WHITE,0,84,F,STOCK,Financials,F,F,95192000000,2311
7/24/2026,9:46:06 AM,WDC,BLOCK,3,83.9,,PUT,370,540.275,25170,6/17/2027,WHITE,0,328,F,STOCK,Information Technology,F,T,252521000000,130
7/24/2026,9:46:07 AM,PLTR,BLOCK,15,24.85,,CALL,110,123.11,37275,11/20/2026,WHITE,0,119,F,STOCK,Information Technology,F,F,286478000000,267
7/24/2026,9:46:07 AM,HOOD,ML/,50,17.74,,CALL,95,96.37,88700,11/20/2026,WHITE,0,119,F,STOCK,Financials,F,F,95192000000,1211
7/24/2026,9:46:07 AM,HOOD,ML/,50,19.31,,CALL,95,96.37,96550,12/18/2026,WHITE,0,147,F,STOCK,Financials,F,F,95192000000,331
7/24/2026,9:46:08 AM,PLTR,BLOCK,50,7.5,,CALL,135,123.11,37500,9/18/2026,WHITE,0,56,F,STOCK,Information Technology,F,F,286478000000,24010
7/24/2026,9:46:28 AM,WDC,BLOCK,5,51.1,,CALL,960,540.275,25550,1/15/2027,WHITE,0,175,F,STOCK,Information Technology,F,F,252521000000,0
7/24/2026,9:46:31 AM,LRCX,SWEEP,17,33.9118,,PUT,260,317.15,57650,11/20/2026,WHITE,0,119,F,STOCK,Information Technology,F,F,512158000000,285
7/24/2026,9:46:32 AM,WDC,BLOCK,3,84,,PUT,370,540.275,25200,6/17/2027,WHITE,0,328,F,STOCK,Information Technology,F,T,252521000000,130
7/24/2026,9:46:35 AM,PLTR,BLOCK,5,62.3,,PUT,185,123.11,31150,9/18/2026,WHITE,0,56,F,STOCK,Information Technology,F,F,286478000000,0
7/24/2026,9:46:41 AM,LLY,ML/,8,265.5275,,CALL,1120,1200.905,212422,9/17/2027,WHITE,0,420,F,STOCK,Health Care,F,F,1037874000000,16
7/24/2026,9:46:42 AM,PLTR,BLOCK,30,21.95,,CALL,115,123.11,65850,11/20/2026,WHITE,0,119,F,STOCK,Information Technology,F,F,286478000000,670
7/24/2026,9:46:48 AM,WDC,BLOCK,5,50.8,,CALL,960,536.852,25400,1/15/2027,WHITE,0,175,F,STOCK,Information Technology,F,F,252521000000,0
7/24/2026,9:46:48 AM,LLY,ML/,2,265.56,,CALL,1120,1200.905,53112,9/17/2027,WHITE,0,420,F,STOCK,Health Care,F,F,1037874000000,16
7/24/2026,9:46:52 AM,LRCX,ML/,70,7.8776,,PUT,280,317.15,55143,7/31/2026,WHITE,0,7,F,STOCK,Information Technology,F,T,512158000000,0
7/24/2026,9:46:56 AM,LLY,SWEEP,14,21.95,,CALL,1205,1200.905,30730,7/31/2026,WHITE,0,7,F,STOCK,Health Care,F,T,1037874000000,35
7/24/2026,9:46:56 AM,WDC,BLOCK,5,51.4,,CALL,960,536.852,25700,1/15/2027,WHITE,0,175,F,STOCK,Information Technology,F,F,252521000000,0
7/24/2026,9:47:00 AM,WDC,BLOCK,3,83.7,,PUT,370,536.852,25110,6/17/2027,WHITE,0,328,F,STOCK,Information Technology,F,T,252521000000,130
7/24/2026,9:47:12 AM,HOOD,ML/,67,8.6036,,PUT,100,96.38,57644,8/7/2026,WHITE,0,14,F,STOCK,Financials,F,T,95192000000,529
7/24/2026,9:47:12 AM,HOOD,ML/,67,8.0882,,PUT,99,96.38,54191,8/7/2026,WHITE,0,14,F,STOCK,Financials,F,T,95192000000,0
7/24/2026,9:47:17 AM,WDC,BLOCK,5,51.1,,CALL,960,536.852,25550,1/15/2027,WHITE,0,175,F,STOCK,Information Technology,F,F,252521000000,0
7/24/2026,9:47:37 AM,LLY,SWEEP,12,31.125,,CALL,1260,1200.905,37350,8/14/2026,WHITE,0,21,F,STOCK,Health Care,F,T,1037874000000,0
7/24/2026,9:47:44 AM,LLY,BLOCK,8,61,,CALL,1200,1200.905,48800,8/21/2026,WHITE,0,28,F,STOCK,Health Care,F,F,1037874000000,2311
7/24/2026,9:48:03 AM,LLY,BLOCK,3,96.9167,,CALL,1140,1200.97,29075,8/21/2026,WHITE,0,28,F,STOCK,Health Care,F,F,1037874000000,349
7/24/2026,9:48:05 AM,PLTR,BLOCK,50,3.6,,PUT,123,123.2,18000,7/31/2026,WHITE,0,7,F,STOCK,Information Technology,F,T,286478000000,795
7/24/2026,9:48:08 AM,PLTR,BLOCK,50,8.4,,CALL,140,123.2,42000,10/16/2026,WHITE,0,84,F,STOCK,Information Technology,F,F,286478000000,3647
7/24/2026,9:48:11 AM,LLY,SWEEP,27,23.7215,,CALL,1200,1200.97,64048,7/31/2026,WHITE,0,7,F,STOCK,Health Care,F,T,1037874000000,605
7/24/2026,9:48:13 AM,CRWV,BLOCK,101,3.8,,PUT,75,76.76,38380,7/31/2026,WHITE,0,7,F,STOCK,Information Technology,F,T,49810000000,2684
7/24/2026,9:48:14 AM,LLY,BLOCK,1,281,,CALL,1160,1200.24,28100,1/21/2028,WHITE,0,546,F,STOCK,Health Care,F,F,1037874000000,42
7/24/2026,9:48:29 AM,LLY,BLOCK,4,100,,CALL,1300,1200.24,40000,1/15/2027,WHITE,0,175,F,STOCK,Health Care,F,F,1037874000000,688
7/24/2026,9:48:30 AM,HOOD,ML/,65,27.2532,,CALL,70,96.905,177146,8/21/2026,WHITE,0,28,F,STOCK,Financials,F,F,95192000000,836
7/24/2026,9:48:30 AM,HOOD,ML/,65,27.1849,,CALL,120,96.905,176702,12/17/2027,WHITE,0,511,F,STOCK,Financials,F,F,95192000000,5770
7/24/2026,9:48:39 AM,HOOD,ML/,2000,3.4,,CALL,103,96.905,680000,7/31/2026,WHITE,0,7,F,STOCK,Financials,F,T,95192000000,2914
7/24/2026,9:49:00 AM,HOOD,BLOCK,32,7.9013,,CALL,290,96.905,25284,1/21/2028,WHITE,0,546,F,STOCK,Financials,F,F,95192000000,14662
7/24/2026,9:49:29 AM,CRWV,SWEEP,28,12,,CALL,120,76.436,33600,3/19/2027,WHITE,0,238,F,STOCK,Information Technology,F,F,49810000000,1287
7/24/2026,9:49:31 AM,LLY,SWEEP,16,70.7,,PUT,1100,1200.24,113120,12/18/2026,WHITE,0,147,F,STOCK,Health Care,F,F,1037874000000,558
7/24/2026,9:49:38 AM,LLY,BLOCK,20,14.69,,PUT,1060,1200.24,29380,8/21/2026,WHITE,0,28,F,STOCK,Health Care,F,F,1037874000000,0
7/24/2026,9:49:39 AM,CRWV,ML/,150,6.43,,PUT,80,76.436,96450,7/31/2026,WHITE,0,7,F,STOCK,Information Technology,F,T,49810000000,3094
7/24/2026,9:49:39 AM,CRWV,ML/,125,5.442,,PUT,75,76.436,68025,8/7/2026,WHITE,0,14,F,STOCK,Information Technology,F,T,49810000000,1275
7/24/2026,9:49:40 AM,HOOD,ML/,13,56.8085,,PUT,150,96.9,73851,12/18/2026,WHITE,0,147,F,STOCK,Financials,F,F,95192000000,139
7/24/2026,9:49:43 AM,LLY,SWEEP,4,103.1,,PUT,1160,1198.61,41240,1/15/2027,WHITE,0,175,F,STOCK,Health Care,F,F,1037874000000,169
7/24/2026,9:49:44 AM,LLY,SWEEP,8,103.15,,PUT,1160,1198.61,82520,1/15/2027,WHITE,0,175,F,STOCK,Health Care,F,F,1037874000000,169
7/24/2026,9:49:46 AM,LLY,BLOCK,2,548.54,B,CALL,700,1198.61,109708,9/17/2027,WHITE,0,420,F,STOCK,Health Care,F,F,1037874000000,9
7/24/2026,9:49:58 AM,HOOD,ML/,165,8.51,,PUT,100,96.9,140415,8/7/2026,WHITE,0,14,F,STOCK,Financials,F,T,95192000000,529
7/24/2026,9:50:01 AM,LLY,SWEEP,8,103.1,,PUT,1160,1198.61,82480,1/15/2027,WHITE,0,175,F,STOCK,Health Care,F,F,1037874000000,169
7/24/2026,9:50:22 AM,CRWV,BLOCK,78,7.65,,CALL,80,76.36,59670,8/21/2026,WHITE,0,28,F,STOCK,Information Technology,F,F,49810000000,6313
7/24/2026,9:50:25 AM,WDC,ML/,20,18.31,,CALL,580,537.815,36620,7/31/2026,WHITE,0,7,F,STOCK,Information Technology,F,T,252521000000,268
7/24/2026,9:50:26 AM,WDC,ML/,20,18.12,,CALL,580,537.815,36240,7/31/2026,WHITE,0,7,F,STOCK,Information Technology,F,T,252521000000,273
7/24/2026,9:50:28 AM,LRCX,BLOCK,1,269.6,,CALL,45,315.63,26960,9/18/2026,WHITE,0,56,F,STOCK,Information Technology,F,F,512158000000,93
7/24/2026,9:50:28 AM,HOOD,BLOCK,100,1.58,,PUT,85,96.9,15800,7/31/2026,WHITE,0,7,F,STOCK,Financials,F,T,95192000000,0
7/24/2026,9:50:28 AM,LRCX,BLOCK,1,255.85,,PUT,570,315.63,25585,7/31/2026,WHITE,0,7,F,STOCK,Information Technology,F,T,512158000000,0
7/24/2026,9:50:31 AM,CRWV,BLOCK,76,2.4172,,PUT,71,76.36,18371,7/31/2026,WHITE,0,7,F,STOCK,Information Technology,F,T,49810000000,0
7/24/2026,9:50:53 AM,ASML,BLOCK,1,266.9,,CALL,1720,1775.155,26690,11/20/2026,WHITE,0,119,F,STOCK,Information Technology,F,F,758742000000,108
7/24/2026,9:51:03 AM,CRWV,BLOCK,59,1.83,,PUT,69,76.36,10797,7/31/2026,WHITE,0,7,F,STOCK,Information Technology,F,T,49810000000,0
7/24/2026,9:51:04 AM,HOOD,BLOCK,29,20.25,,CALL,155,96.295,58725,1/21/2028,WHITE,0,546,F,STOCK,Financials,F,F,95192000000,274
7/24/2026,9:51:04 AM,PLTR,ML/,20,20.3,,CALL,135,123.23,40600,3/19/2027,WHITE,0,238,F,STOCK,Information Technology,F,F,286478000000,908
7/24/2026,9:51:04 AM,PLTR,ML/,20,20.6,,CALL,130,123.23,41200,2/19/2027,WHITE,0,210,F,STOCK,Information Technology,F,F,286478000000,672
7/24/2026,9:51:11 AM,PLTR,BLOCK,399,0.8,,CALL,132,123.23,31920,7/31/2026,WHITE,0,7,F,STOCK,Information Technology,F,T,286478000000,4240
7/24/2026,9:51:14 AM,CRWV,SWEEP,52,2.96,,PUT,72,76.36,15392,7/31/2026,WHITE,0,7,F,STOCK,Information Technology,F,T,49810000000,917
7/24/2026,9:51:29 AM,ASML,BLOCK,4,99.5,,PUT,1805,1771.36,39800,8/7/2026,WHITE,0,14,F,STOCK,Information Technology,F,T,758742000000,0
7/24/2026,9:51:30 AM,WDC,BLOCK,2,126.5,,PUT,450,537.815,25300,6/17/2027,WHITE,0,328,F,STOCK,Information Technology,F,T,252521000000,268
7/24/2026,9:51:32 AM,ASML,BLOCK,6,71.44,,PUT,1790,1771.36,42864,7/31/2026,WHITE,0,7,F,STOCK,Information Technology,F,T,758742000000,42
7/24/2026,9:51:47 AM,WDC,ML/,10,40.895,,PUT,500,532.77,40895,8/14/2026,WHITE,0,21,F,STOCK,Information Technology,F,T,252521000000,56
7/24/2026,9:51:47 AM,WDC,ML/,10,33.982,,PUT,500,532.77,33982,8/7/2026,WHITE,0,14,F,STOCK,Information Technology,F,T,252521000000,91
7/24/2026,9:51:48 AM,WDC,BLOCK,2,126.53,,PUT,450,532.77,25306,6/17/2027,WHITE,0,328,F,STOCK,Information Technology,F,T,252521000000,268
7/24/2026,9:51:48 AM,WDC,BLOCK,1,518.63,,CALL,15,532.77,51863,1/15/2027,WHITE,0,175,F,STOCK,Information Technology,F,F,252521000000,6
7/24/2026,9:52:05 AM,LLY,ML/,7,59.79,,PUT,1200,1196.09,41853,8/21/2026,WHITE,0,28,F,STOCK,Health Care,F,F,1037874000000,194
7/24/2026,9:52:08 AM,WDC,ML/,32,16.8788,,CALL,580,532.77,54012,7/31/2026,WHITE,0,7,F,STOCK,Information Technology,F,T,252521000000,273
7/24/2026,9:52:17 AM,ASML,BLOCK,1,350.22,,CALL,1760,1771.36,35022,3/19/2027,WHITE,0,238,F,STOCK,Information Technology,F,F,758742000000,9
7/24/2026,9:52:33 AM,LLY,ML/,6,53.1833,,PUT,1185,1198.205,31910,8/21/2026,WHITE,0,28,F,STOCK,Health Care,F,F,1037874000000,14
7/24/2026,9:52:33 AM,LLY,ML/,6,57.1467,,PUT,1185,1198.205,34288,8/28/2026,WHITE,0,35,F,STOCK,Health Care,F,T,1037874000000,7
7/24/2026,9:52:35 AM,ASML,BLOCK,5,73.99,,PUT,1790,1768.35,36995,7/31/2026,WHITE,0,7,F,STOCK,Information Technology,F,T,758742000000,42
7/24/2026,9:52:37 AM,LRCX,BLOCK,15,17.2,,PUT,210,315.63,25800,11/20/2026,WHITE,0,119,F,STOCK,Information Technology,F,F,512158000000,0
7/24/2026,9:52:39 AM,ASML,BLOCK,5,62.86,,PUT,1770,1768.35,31430,7/31/2026,WHITE,0,7,F,STOCK,Information Technology,F,T,758742000000,11
7/24/2026,9:52:46 AM,HOOD,BLOCK,20,18.6,,CALL,95,96.295,37200,12/18/2026,WHITE,0,147,F,STOCK,Financials,F,F,95192000000,331
7/24/2026,9:53:03 AM,HOOD,SWEEP,115,6.0001,,CALL,120,95.51,69001,10/16/2026,WHITE,0,84,F,STOCK,Financials,F,F,95192000000,2968
7/24/2026,9:53:04 AM,CRWV,SWEEP,107,6.2818,,PUT,75,75.34,67215,8/7/2026,WHITE,0,14,F,STOCK,Information Technology,F,T,49810000000,1275
7/24/2026,9:53:05 AM,HOOD,BLOCK,70,10.4173,,CALL,240,95.51,72921,1/21/2028,WHITE,0,546,F,STOCK,Financials,F,F,95192000000,1403
7/24/2026,9:53:08 AM,LRCX,BLOCK,10,132.85,B,CALL,185,312.45,132850,9/18/2026,WHITE,0,56,F,STOCK,Information Technology,F,F,512158000000,183
7/24/2026,9:53:08 AM,LRCX,BLOCK,15,87.6,B,CALL,240,312.45,131400,9/18/2026,WHITE,0,56,F,STOCK,Information Technology,F,F,512158000000,1485
7/24/2026,9:53:14 AM,CRWV,BLOCK,250,1.69,,CALL,100,75.34,42250,8/14/2026,WHITE,0,21,F,STOCK,Information Technology,F,T,49810000000,1801
7/24/2026,9:53:15 AM,LLY,BLOCK,3,116.1,,CALL,1105,1198.205,34830,8/14/2026,WHITE,0,21,F,STOCK,Health Care,F,T,1037874000000,42
7/24/2026,9:53:22 AM,LRCX,BLOCK,16,49.85,,CALL,370,312.45,79760,12/18/2026,WHITE,0,147,F,STOCK,Information Technology,F,F,512158000000,980
7/24/2026,9:53:26 AM,LRCX,BLOCK,4,292.62,B,PUT,560,312.45,117048,1/21/2028,WHITE,0,546,F,STOCK,Information Technology,F,F,512158000000,42
7/24/2026,9:53:28 AM,ASML,BLOCK,1,305.86,,CALL,1740,1768.35,30586,1/15/2027,WHITE,0,175,F,STOCK,Information Technology,F,F,758742000000,59
7/24/2026,9:53:31 AM,WDC,BLOCK,2,207,,PUT,520,532.77,41400,1/21/2028,WHITE,0,546,F,STOCK,Information Technology,F,F,252521000000,296
7/24/2026,9:53:40 AM,WDC,BLOCK,2,149.7,,PUT,490,532.77,29940,6/17/2027,WHITE,0,328,F,STOCK,Information Technology,F,T,252521000000,105
7/24/2026,9:53:40 AM,CRWV,SWEEP,100,6.2,,PUT,75,74.825,62000,8/7/2026,WHITE,0,14,F,STOCK,Information Technology,F,T,49810000000,1275
7/24/2026,9:53:41 AM,LRCX,BLOCK,5,75.42,,CALL,300,312.45,37710,12/18/2026,WHITE,0,147,F,STOCK,Information Technology,F,F,512158000000,745
7/24/2026,9:53:42 AM,CRWV,BLOCK,250,1.63,,CALL,100,74.825,40750,8/14/2026,WHITE,0,21,F,STOCK,Information Technology,F,T,49810000000,1801
7/24/2026,9:53:43 AM,HOOD,BLOCK,15,25.432,,CALL,100,95.51,38148,6/17/2027,WHITE,0,328,F,STOCK,Financials,F,T,95192000000,5181
7/24/2026,9:53:48 AM,PLTR,ML/,100,1.07,,PUT,115,122.32,10700,7/31/2026,WHITE,0,7,F,STOCK,Information Technology,F,T,286478000000,1973
7/24/2026,9:53:53 AM,WDC,BLOCK,2,150,,PUT,490,531.24,30000,6/17/2027,WHITE,0,328,F,STOCK,Information Technology,F,T,252521000000,105
7/24/2026,9:53:57 AM,ASML,BLOCK,4,67.31,,CALL,1797.5,1766.46,26924,8/7/2026,WHITE,0,14,F,STOCK,Information Technology,F,T,758742000000,0
7/24/2026,9:53:58 AM,WDC,BLOCK,3,149.6,,PUT,490,531.24,44880,6/17/2027,WHITE,0,328,F,STOCK,Information Technology,F,T,252521000000,105
7/24/2026,9:54:03 AM,HOOD,BLOCK,17,18.25,,CALL,100,95.51,31025,1/15/2027,WHITE,0,175,F,STOCK,Financials,F,F,95192000000,12435
7/24/2026,9:54:07 AM,ASML,BLOCK,1,340,,PUT,1900,1766.46,34000,1/15/2027,WHITE,0,175,F,STOCK,Information Technology,F,F,758742000000,274
7/24/2026,9:54:08 AM,WDC,BLOCK,2,149.6,,PUT,490,531.24,29920,6/17/2027,WHITE,0,328,F,STOCK,Information Technology,F,T,252521000000,105
7/24/2026,9:54:14 AM,WDC,BLOCK,2,206.96,,PUT,520,531.24,41392,1/21/2028,WHITE,0,546,F,STOCK,Information Technology,F,F,252521000000,296
7/24/2026,9:54:18 AM,WDC,BLOCK,3,149.8,,PUT,490,531.24,44940,6/17/2027,WHITE,0,328,F,STOCK,Information Technology,F,T,252521000000,105
7/24/2026,9:54:18 AM,CRWV,SWEEP,92,1.44,,CALL,84,74.825,13248,7/31/2026,WHITE,0,7,F,STOCK,Information Technology,F,T,49810000000,992
7/24/2026,9:54:19 AM,WDC,BLOCK,2,150.1,,PUT,490,531.24,30020,6/17/2027,WHITE,0,328,F,STOCK,Information Technology,F,T,252521000000,105
7/24/2026,9:54:26 AM,CRWV,BLOCK,70,8.8,,CALL,80,74.825,61600,9/4/2026,WHITE,0,42,F,STOCK,Information Technology,F,T,49810000000,0
7/24/2026,9:54:31 AM,WDC,BLOCK,2,149.6,,PUT,490,531.24,29920,6/17/2027,WHITE,0,328,F,STOCK,Information Technology,F,T,252521000000,105
7/24/2026,9:54:36 AM,CRWV,BLOCK,25,14.64,,CALL,80,74.825,36600,11/20/2026,WHITE,0,119,F,STOCK,Information Technology,F,F,49810000000,336
7/24/2026,9:54:38 AM,WDC,SWEEP,2,149.5,,PUT,490,531.24,29900,6/17/2027,WHITE,0,328,F,STOCK,Information Technology,F,T,252521000000,105
7/24/2026,9:54:39 AM,WDC,BLOCK,2,150.17,,PUT,490,531.24,30034,6/17/2027,WHITE,0,328,F,STOCK,Information Technology,F,T,252521000000,105
7/24/2026,9:54:49 AM,WDC,BLOCK,2,150.1,,PUT,490,531.24,30020,6/17/2027,WHITE,0,328,F,STOCK,Information Technology,F,T,252521000000,105
7/24/2026,9:54:54 AM,PLTR,BLOCK,50,2.45,,CALL,125,122.32,12250,7/31/2026,WHITE,0,7,F,STOCK,Information Technology,F,T,286478000000,995
7/24/2026,9:54:56 AM,PLTR,BLOCK,14,53.26,,CALL,90,122.32,74564,1/21/2028,WHITE,0,546,F,STOCK,Information Technology,F,F,286478000000,602
7/24/2026,9:54:58 AM,WDC,BLOCK,2,206.83,,PUT,520,531.24,41366,1/21/2028,WHITE,0,546,F,STOCK,Information Technology,F,F,252521000000,296
7/24/2026,9:55:04 AM,ASML,BLOCK,5,180,,PUT,1600,1766.46,90000,1/15/2027,WHITE,0,175,F,STOCK,Information Technology,F,F,758742000000,465
7/24/2026,9:55:05 AM,HOOD,BLOCK,31,9.1,,CALL,260,95.33,28210,1/21/2028,WHITE,0,546,F,STOCK,Financials,F,F,95192000000,279
7/24/2026,9:55:08 AM,LRCX,BLOCK,15,22.6,,PUT,190,312.565,33900,3/19/2027,WHITE,0,238,F,STOCK,Information Technology,F,F,512158000000,193
7/24/2026,9:55:18 AM,PLTR,ML/,80,2.62,,PUT,120,122.13,20960,7/31/2026,WHITE,0,7,F,STOCK,Information Technology,F,T,286478000000,3484
7/24/2026,9:55:22 AM,WDC,BLOCK,20,21,,PUT,500,529.6,42000,7/31/2026,WHITE,0,7,F,STOCK,Information Technology,F,T,252521000000,322
7/24/2026,9:55:29 AM,HOOD,BLOCK,59,2.5,,CALL,130,95.33,14750,9/18/2026,WHITE,0,56,F,STOCK,Financials,F,F,95192000000,2918
7/24/2026,9:55:33 AM,HOOD,BLOCK,17,17.76,,CALL,100,95.13,30192,1/15/2027,WHITE,0,175,F,STOCK,Financials,F,F,95192000000,12435
7/24/2026,9:55:45 AM,WDC,BLOCK,50,17,,CALL,575,529.6,85000,7/31/2026,WHITE,0,7,F,STOCK,Information Technology,F,T,252521000000,124
7/24/2026,9:55:46 AM,WDC,BLOCK,3,150.5,,PUT,490,529.6,45150,6/17/2027,WHITE,0,328,F,STOCK,Information Technology,F,T,252521000000,105
7/24/2026,9:56:01 AM,WDC,BLOCK,3,150.7,,PUT,490,529.6,45210,6/17/2027,WHITE,0,328,F,STOCK,Information Technology,F,T,252521000000,105
7/24/2026,9:56:06 AM,HOOD,BLOCK,17,18.2,,PUT,75,95.13,30940,1/21/2028,WHITE,0,546,F,STOCK,Financials,F,F,95192000000,2747
7/24/2026,9:56:17 AM,ASML,BLOCK,3,202.7867,,CALL,2000,1761.09,60836,1/15/2027,WHITE,0,175,F,STOCK,Information Technology,F,F,758742000000,587
7/24/2026,9:56:17 AM,WDC,BLOCK,5,150.47,,PUT,490,530.099,75235,6/17/2027,WHITE,0,328,F,STOCK,Information Technology,F,T,252521000000,105
7/24/2026,9:56:18 AM,CRWV,BLOCK,50,5.05,,CALL,130,74.57,25250,11/20/2026,WHITE,0,119,F,STOCK,Information Technology,F,F,49810000000,594
7/24/2026,9:56:27 AM,HOOD,BLOCK,10,25.3,,CALL,100,95.13,25300,6/17/2027,WHITE,0,328,F,STOCK,Financials,F,T,95192000000,5181
7/24/2026,9:56:28 AM,WDC,BLOCK,3,87.4,,PUT,460,530.099,26220,12/18/2026,WHITE,0,147,F,STOCK,Information Technology,F,F,252521000000,209
7/24/2026,9:56:35 AM,ASML,ML/,3,125.22,,PUT,1815,1760.44,37566,8/14/2026,WHITE,0,21,F,STOCK,Information Technology,F,T,758742000000,0
7/24/2026,9:56:35 AM,ASML,ML/,3,116.32,,PUT,1800,1760.44,34896,8/14/2026,WHITE,0,21,F,STOCK,Information Technology,F,T,758742000000,15
7/24/2026,9:56:37 AM,WDC,BLOCK,3,150.6,,PUT,490,530.099,45180,6/17/2027,WHITE,0,328,F,STOCK,Information Technology,F,T,252521000000,105
7/24/2026,9:56:53 AM,PLTR,BLOCK,64,2.5373,,CALL,270,122.22,16239,3/19/2027,WHITE,0,238,F,STOCK,Information Technology,F,F,286478000000,817
7/24/2026,9:56:55 AM,WDC,BLOCK,3,150.3,,PUT,490,530.099,45090,6/17/2027,WHITE,0,328,F,STOCK,Information Technology,F,T,252521000000,105
7/24/2026,9:57:05 AM,CRWV,ML/,23,14.4187,,PUT,70,74.71,33163,12/18/2026,WHITE,0,147,F,STOCK,Information Technology,F,F,49810000000,7498
7/24/2026,9:57:05 AM,CRWV,ML/,23,14.5335,,PUT,80,74.71,33427,9/18/2026,WHITE,0,56,F,STOCK,Information Technology,F,F,49810000000,4524
7/24/2026,9:57:07 AM,ASML,BLOCK,1,321.07,,CALL,1700,1760.44,32107,1/15/2027,WHITE,0,175,F,STOCK,Information Technology,F,F,758742000000,200
7/24/2026,9:57:09 AM,CRWV,ML/,25,14.4376,,PUT,70,74.71,36094,12/18/2026,WHITE,0,147,F,STOCK,Information Technology,F,F,49810000000,7498
7/24/2026,9:57:09 AM,CRWV,ML/,25,14.5136,,PUT,80,74.71,36284,9/18/2026,WHITE,0,56,F,STOCK,Information Technology,F,F,49810000000,4524
7/24/2026,9:57:14 AM,HOOD,BLOCK,45,7.15,,PUT,96,95.18,32175,8/7/2026,WHITE,0,14,F,STOCK,Financials,F,T,95192000000,0
7/24/2026,9:57:19 AM,HOOD,ML/,55,12.8,,CALL,110,95.18,70400,12/18/2026,WHITE,0,147,F,STOCK,Financials,F,F,95192000000,1701
7/24/2026,9:57:19 AM,HOOD,ML/,55,11.75,,CALL,100,95.18,64625,10/16/2026,WHITE,0,84,F,STOCK,Financials,F,F,95192000000,2512
7/24/2026,9:57:20 AM,WDC,BLOCK,3,150,,PUT,490,530.099,45000,6/17/2027,WHITE,0,328,F,STOCK,Information Technology,F,T,252521000000,105
7/24/2026,9:57:24 AM,LLY,BLOCK,30,60,,CALL,1240,1199.02,180000,9/18/2026,WHITE,0,56,F,STOCK,Health Care,F,F,1037874000000,779
7/24/2026,9:57:28 AM,LLY,BLOCK,33,15.9188,,CALL,1210,1199.02,52532,7/31/2026,WHITE,0,7,F,STOCK,Health Care,F,T,1037874000000,177
7/24/2026,9:57:36 AM,LLY,SWEEP,14,57.1929,,PUT,1245,1195,80070,7/31/2026,WHITE,0,7,F,STOCK,Health Care,F,T,1037874000000,0
7/24/2026,9:57:37 AM,HOOD,BLOCK,20,14.3,,CALL,110,95.18,28600,1/15/2027,WHITE,0,175,F,STOCK,Financials,F,F,95192000000,5066
7/24/2026,9:57:54 AM,WDC,ML/,36,15.0767,,CALL,580,529.505,54276,7/31/2026,WHITE,0,7,F,STOCK,Information Technology,F,T,252521000000,273
7/24/2026,9:58:00 AM,HOOD,BLOCK,100,3.15,,CALL,125,95.18,31500,9/18/2026,WHITE,0,56,F,STOCK,Financials,F,F,95192000000,1680
7/24/2026,9:58:04 AM,ASML,BLOCK,5,76.38,,PUT,1790,1760.44,38190,7/31/2026,WHITE,0,7,F,STOCK,Information Technology,F,T,758742000000,42
7/24/2026,9:58:04 AM,LRCX,BLOCK,30,9.5297,,CALL,385,311.06,28589,8/21/2026,WHITE,0,28,F,STOCK,Information Technology,F,F,512158000000,2076
7/24/2026,9:58:07 AM,CRWV,BLOCK,166,4.6,,PUT,75,74.71,76360,7/31/2026,WHITE,0,7,F,STOCK,Information Technology,F,T,49810000000,2684
7/24/2026,9:58:10 AM,CRWV,BLOCK,500,13.45,A,CALL,90,74.71,672500,12/18/2026,WHITE,0,147,F,STOCK,Information Technology,F,F,49810000000,1190
7/24/2026,9:58:14 AM,PLTR,ML/,30,8.4,,PUT,130,122.22,25200,7/31/2026,WHITE,0,7,F,STOCK,Information Technology,F,T,286478000000,3395
7/24/2026,9:58:17 AM,CRWV,ML/,75,2.11,,PUT,65,74.71,15825,8/7/2026,WHITE,0,14,F,STOCK,Information Technology,F,T,49810000000,1334
7/24/2026,9:58:21 AM,WDC,ML/,10,28.37,,PUT,450,529.505,28370,8/21/2026,WHITE,0,28,F,STOCK,Information Technology,F,F,252521000000,690
7/24/2026,9:58:25 AM,WDC,ML/,19,39.31,,PUT,480,529.505,74689,8/21/2026,WHITE,0,28,F,STOCK,Information Technology,F,F,252521000000,410
7/24/2026,9:58:25 AM,WDC,ML/,19,40.75,,PUT,440,529.505,77425,9/18/2026,WHITE,0,56,F,STOCK,Information Technology,F,F,252521000000,504
7/24/2026,9:58:30 AM,CRWV,ML/,200,4.2,,CALL,85,74.81,84000,8/14/2026,WHITE,0,21,F,STOCK,Information Technology,F,T,49810000000,1267
7/24/2026,9:58:30 AM,CRWV,ML/,200,3.92,,CALL,86,74.81,78400,8/14/2026,WHITE,0,21,F,STOCK,Information Technology,F,T,49810000000,0
7/24/2026,9:58:31 AM,LRCX,BLOCK,10,31.65,,CALL,340,311.749,31650,9/18/2026,WHITE,0,56,F,STOCK,Information Technology,F,F,512158000000,2861
7/24/2026,9:58:39 AM,HOOD,BLOCK,100,3.12,,PUT,75,95.38,31200,9/18/2026,WHITE,0,56,F,STOCK,Financials,F,F,95192000000,6355
7/24/2026,9:58:40 AM,CRWV,BLOCK,100,28.15,A,CALL,135,74.81,281500,12/15/2028,WHITE,0,875,F,STOCK,Information Technology,F,F,49810000000,1516
7/24/2026,9:58:56 AM,LLY,ML/,2,184.98,,CALL,1700,1195,36996,12/15/2028,WHITE,0,875,F,STOCK,Health Care,F,F,1037874000000,55
7/24/2026,9:58:56 AM,LLY,ML/,2,219.48,,CALL,1060,1195,43896,1/15/2027,WHITE,0,175,F,STOCK,Health Care,F,F,1037874000000,94
7/24/2026,9:58:57 AM,WDC,BLOCK,2,149.8,,PUT,490,531.6,29960,6/17/2027,WHITE,0,328,F,STOCK,Information Technology,F,T,252521000000,105
7/24/2026,9:58:59 AM,ASML,BLOCK,1,324.3,,CALL,1700,1764.545,32430,1/15/2027,WHITE,0,175,F,STOCK,Information Technology,F,F,758742000000,200
7/24/2026,9:59:00 AM,HOOD,ML/,10,25.45,,PUT,110,95.38,25450,12/18/2026,WHITE,0,147,F,STOCK,Financials,F,F,95192000000,714
7/24/2026,9:59:00 AM,ASML,BLOCK,5,75,,PUT,1790,1764.545,37500,7/31/2026,WHITE,0,7,F,STOCK,Information Technology,F,T,758742000000,42
7/24/2026,9:59:03 AM,PLTR,BLOCK,20,118.7,B,CALL,5,122.54,237400,12/15/2028,WHITE,0,875,F,STOCK,Information Technology,F,F,286478000000,1997
7/24/2026,9:59:07 AM,CRWV,BLOCK,94,4.44,,CALL,75,74.81,41736,7/31/2026,WHITE,0,7,F,STOCK,Information Technology,F,T,49810000000,463
7/24/2026,9:59:10 AM,WDC,BLOCK,2,150.23,,PUT,490,531.6,30046,6/17/2027,WHITE,0,328,F,STOCK,Information Technology,F,T,252521000000,105
7/24/2026,9:59:28 AM,PLTR,ML/,70,3.848,,PUT,123,122.54,26936,7/31/2026,WHITE,0,7,F,STOCK,Information Technology,F,T,286478000000,795
7/24/2026,9:59:34 AM,WDC,BLOCK,2,149.6,,PUT,490,531.6,29920,6/17/2027,WHITE,0,328,F,STOCK,Information Technology,F,T,252521000000,105
7/24/2026,9:59:34 AM,PLTR,BLOCK,2,127.925,,PUT,250,122.54,25585,2/19/2027,WHITE,0,210,F,STOCK,Information Technology,F,F,286478000000,75
7/24/2026,9:59:36 AM,HOOD,ML/,38,23.39,,CALL,135,95.38,88882,12/17/2027,WHITE,0,511,F,STOCK,Financials,F,F,95192000000,352
7/24/2026,9:59:36 AM,HOOD,ML/,38,24.49,,CALL,130,95.38,93062,12/17/2027,WHITE,0,511,F,STOCK,Financials,F,F,95192000000,0
7/24/2026,9:59:39 AM,ASML,BLOCK,1,280.5,,CALL,2760,1764.545,28050,1/21/2028,WHITE,0,546,F,STOCK,Information Technology,F,F,758742000000,52
7/24/2026,9:59:47 AM,ASML,BLOCK,6,145,,CALL,1800,1764.545,87000,9/18/2026,WHITE,0,56,F,STOCK,Information Technology,F,F,758742000000,1213
7/24/2026,9:59:49 AM,WDC,BLOCK,2,150.01,,PUT,490,531.6,30002,6/17/2027,WHITE,0,328,F,STOCK,Information Technology,F,T,252521000000,105
7/24/2026,10:00:04 AM,LRCX,SWEEP,20,30.8025,,PUT,250,311.749,61605,11/20/2026,WHITE,0,119,F,STOCK,Information Technology,F,F,512158000000,179
7/24/2026,10:00:07 AM,WDC,BLOCK,3,149.5,,PUT,490,530.38,44850,6/17/2027,WHITE,0,328,F,STOCK,Information Technology,F,T,252521000000,105
7/24/2026,10:00:13 AM,CRWV,ML/,19,17.58,,PUT,85,74.81,33402,9/18/2026,WHITE,0,56,F,STOCK,Information Technology,F,F,49810000000,4221
7/24/2026,10:00:13 AM,CRWV,ML/,38,14.33,,PUT,80,74.81,54454,9/18/2026,WHITE,0,56,F,STOCK,Information Technology,F,F,49810000000,4524
7/24/2026,10:00:13 AM,CRWV,ML/,38,10.06,,PUT,72.5,74.81,38228,9/18/2026,WHITE,0,56,F,STOCK,Information Technology,F,F,49810000000,1520
7/24/2026,10:00:14 AM,CRWV,BLOCK,400,4.15,A,CALL,90,74.81,166000,8/21/2026,WHITE,0,28,F,STOCK,Information Technology,F,F,49810000000,3953
7/24/2026,10:00:14 AM,CRWV,BLOCK,40,9.1,,CALL,82.5,74.81,36400,9/18/2026,WHITE,0,56,F,STOCK,Information Technology,F,F,49810000000,1557
7/24/2026,10:00:17 AM,WDC,BLOCK,3,149.93,,PUT,490,530.38,44979,6/17/2027,WHITE,0,328,F,STOCK,Information Technology,F,T,252521000000,105
7/24/2026,10:00:28 AM,HOOD,SWEEP,136,3.1,,PUT,50,95.64,42160,3/19/2027,WHITE,0,238,F,STOCK,Financials,F,F,95192000000,2671
7/24/2026,10:00:31 AM,WDC,BLOCK,3,149.4,,PUT,490,530.38,44820,6/17/2027,WHITE,0,328,F,STOCK,Information Technology,F,T,252521000000,105
7/24/2026,10:00:59 AM,ASML,ML/,1,298.65,,CALL,1500,1766.44,29865,8/21/2026,WHITE,0,28,F,STOCK,Information Technology,F,F,758742000000,518
7/24/2026,10:01:00 AM,WDC,BLOCK,3,149,,PUT,490,530.38,44700,6/17/2027,WHITE,0,328,F,STOCK,Information Technology,F,T,252521000000,105
7/24/2026,10:01:18 AM,CRWV,SWEEP,38,9.3,,CALL,100,75.27,35340,11/20/2026,WHITE,0,119,F,STOCK,Information Technology,F,F,49810000000,2029
7/24/2026,10:01:19 AM,ASML,BLOCK,6,60,,PUT,1770,1766.44,36000,7/31/2026,WHITE,0,7,F,STOCK,Information Technology,F,T,758742000000,11
7/24/2026,10:01:22 AM,WDC,BLOCK,2,149.1,,PUT,490,533.725,29820,6/17/2027,WHITE,0,328,F,STOCK,Information Technology,F,T,252521000000,105
7/24/2026,10:01:25 AM,LLY,SWEEP,8,45.6813,,PUT,1160,1196.27,36545,8/28/2026,WHITE,0,35,F,STOCK,Health Care,F,T,1037874000000,51
7/24/2026,10:01:26 AM,ASML,BLOCK,6,81,,PUT,1740,1773.34,48600,8/14/2026,WHITE,0,21,F,STOCK,Information Technology,F,T,758742000000,22
7/24/2026,10:01:32 AM,WDC,BLOCK,2,149.63,,PUT,490,533.725,29926,6/17/2027,WHITE,0,328,F,STOCK,Information Technology,F,T,252521000000,105
7/24/2026,10:01:34 AM,HOOD,BLOCK,200,7.4,B,PUT,60,95.836,148000,6/17/2027,WHITE,0,328,F,STOCK,Financials,F,T,95192000000,1160
7/24/2026,10:01:47 AM,WDC,BLOCK,2,148.9,,PUT,490,533.725,29780,6/17/2027,WHITE,0,328,F,STOCK,Information Technology,F,T,252521000000,105
7/24/2026,10:01:50 AM,LLY,ML/,6,50.41,,PUT,1180,1198,30246,8/21/2026,WHITE,0,28,F,STOCK,Health Care,F,F,1037874000000,104
7/24/2026,10:01:50 AM,LLY,ML/,6,54.69,,PUT,1180,1198,32814,8/28/2026,WHITE,0,35,F,STOCK,Health Care,F,T,1037874000000,35
7/24/2026,10:01:52 AM,HOOD,ML/,118,3.9151,,CALL,100,95.836,46198,7/31/2026,WHITE,0,7,F,STOCK,Financials,F,T,95192000000,2390
7/24/2026,10:02:05 AM,HOOD,ML/,182,3.9177,,CALL,100,95.836,71303,7/31/2026,WHITE,0,7,F,STOCK,Financials,F,T,95192000000,2390
7/24/2026,10:02:15 AM,WDC,BLOCK,2,149.05,,PUT,490,533.725,29810,6/17/2027,WHITE,0,328,F,STOCK,Information Technology,F,T,252521000000,105
7/24/2026,10:02:21 AM,HOOD,ML/,20,16.92,,CALL,95,95.836,33840,11/20/2026,WHITE,0,119,F,STOCK,Financials,F,F,95192000000,1211
7/24/2026,10:02:21 AM,HOOD,ML/,20,16.52,,CALL,90,95.836,33040,10/16/2026,WHITE,0,84,F,STOCK,Financials,F,F,95192000000,1048
7/24/2026,10:02:32 AM,HOOD,BLOCK,82,1.4,,CALL,110,95.836,11480,7/31/2026,WHITE,0,7,F,STOCK,Financials,F,T,95192000000,2638
7/24/2026,10:02:36 AM,LRCX,BLOCK,12,34.8,,PUT,250,312.33,41760,12/18/2026,WHITE,0,147,F,STOCK,Information Technology,F,F,512158000000,819
7/24/2026,10:02:40 AM,PLTR,SWEEP,100,18.6,B,CALL,140,122.365,186000,3/19/2027,WHITE,0,238,F,STOCK,Information Technology,F,F,286478000000,3000
7/24/2026,10:02:40 AM,LRCX,BLOCK,10,39,,PUT,260,312.33,39000,12/18/2026,WHITE,0,147,F,STOCK,Information Technology,F,F,512158000000,573
7/24/2026,10:02:43 AM,PLTR,SWEEP,235,0.53,,CALL,134,122.365,12455,7/31/2026,WHITE,0,7,F,STOCK,Information Technology,F,T,286478000000,7270
7/24/2026,10:02:43 AM,WDC,BLOCK,2,149.4,,PUT,490,533.725,29880,6/17/2027,WHITE,0,328,F,STOCK,Information Technology,F,T,252521000000,105
7/24/2026,10:02:44 AM,HOOD,BLOCK,10,25.75,,CALL,100,95.7,25750,6/17/2027,WHITE,0,328,F,STOCK,Financials,F,T,95192000000,5181
7/24/2026,10:02:48 AM,CRWV,ML/,375,2.18,,PUT,70,75.27,81750,7/31/2026,WHITE,0,7,F,STOCK,Information Technology,F,T,49810000000,3684
7/24/2026,10:02:48 AM,CRWV,ML/,375,7.18,,PUT,80,75.27,269250,7/31/2026,WHITE,0,7,F,STOCK,Information Technology,F,T,49810000000,3094
7/24/2026,10:02:53 AM,WDC,BLOCK,2,149.9,,PUT,490,530.49,29980,6/17/2027,WHITE,0,328,F,STOCK,Information Technology,F,T,252521000000,105
7/24/2026,10:02:59 AM,CRWV,BLOCK,6,42,,CALL,60,75.26,25200,6/16/2028,WHITE,0,693,F,STOCK,Information Technology,F,F,49810000000,122
7/24/2026,10:02:59 AM,HOOD,ML/,326,3.17,,PUT,90,95.7,103342,7/31/2026,WHITE,0,7,F,STOCK,Financials,F,T,95192000000,2245
7/24/2026,10:03:14 AM,LLY,ML/,8,52.45,,PUT,1185,1198,41960,8/21/2026,WHITE,0,28,F,STOCK,Health Care,F,F,1037874000000,14
7/24/2026,10:03:14 AM,PLTR,BLOCK,50,9.9,,PUT,90,123.02,49500,6/17/2027,WHITE,0,328,F,STOCK,Information Technology,F,T,286478000000,6681
7/24/2026,10:03:16 AM,CRWV,BLOCK,100,1.32,,CALL,85,75.26,13200,7/31/2026,WHITE,0,7,F,STOCK,Information Technology,F,T,49810000000,2617
7/24/2026,10:03:25 AM,CRWV,BLOCK,50,3.85,,PUT,74,75.26,19250,7/31/2026,WHITE,0,7,F,STOCK,Information Technology,F,T,49810000000,0
7/24/2026,10:03:29 AM,WDC,BLOCK,2,150.4,,PUT,490,530.49,30080,6/17/2027,WHITE,0,328,F,STOCK,Information Technology,F,T,252521000000,105
7/24/2026,10:03:32 AM,CRWV,ML/,125,2.1107,,PUT,65,75.26,26384,8/7/2026,WHITE,0,14,F,STOCK,Information Technology,F,T,49810000000,1334
7/24/2026,10:03:40 AM,WDC,ML/,25,13.41,,PUT,475,530.49,33525,7/31/2026,WHITE,0,7,F,STOCK,Information Technology,F,T,252521000000,81
7/24/2026,10:03:40 AM,WDC,ML/,25,12.14,,PUT,470,530.49,30350,7/31/2026,WHITE,0,7,F,STOCK,Information Technology,F,T,252521000000,1088
7/24/2026,10:03:40 AM,WDC,BLOCK,2,150.94,,PUT,490,530.49,30188,6/17/2027,WHITE,0,328,F,STOCK,Information Technology,F,T,252521000000,105
7/24/2026,10:03:41 AM,HOOD,BLOCK,20,13.48,,PUT,100,95.7,26960,9/18/2026,WHITE,0,56,F,STOCK,Financials,F,F,95192000000,3913
7/24/2026,10:03:48 AM,HOOD,ML/,30,9.902,,CALL,115,95.415,29706,11/20/2026,WHITE,0,119,F,STOCK,Financials,F,F,95192000000,1105
7/24/2026,10:03:48 AM,HOOD,ML/,30,10.006,,CALL,105,95.415,30018,10/16/2026,WHITE,0,84,F,STOCK,Financials,F,F,95192000000,1740
7/24/2026,10:03:55 AM,WDC,BLOCK,3,150.4,,PUT,490,530.49,45120,6/17/2027,WHITE,0,328,F,STOCK,Information Technology,F,T,252521000000,105
7/24/2026,10:04:03 AM,WDC,BLOCK,5,62.3,,PUT,390,528.69,31150,1/15/2027,WHITE,0,175,F,STOCK,Information Technology,F,F,252521000000,371
7/24/2026,10:04:12 AM,WDC,BLOCK,3,150.6,,PUT,490,528.69,45180,6/17/2027,WHITE,0,328,F,STOCK,Information Technology,F,T,252521000000,105
7/24/2026,10:04:13 AM,WDC,BLOCK,5,62.8,,PUT,390,528.69,31400,1/15/2027,WHITE,0,175,F,STOCK,Information Technology,F,F,252521000000,371
7/24/2026,10:04:19 AM,HOOD,SWEEP,250,0.44,,CALL,120,95.415,11000,7/31/2026,WHITE,0,7,F,STOCK,Financials,F,T,95192000000,5782
7/24/2026,10:04:18 AM,CRWV,BLOCK,100,13.3853,,CALL,90,75.26,133853,12/18/2026,WHITE,0,147,F,STOCK,Information Technology,F,F,49810000000,1190
7/24/2026,10:04:25 AM,ASML,ML/,13,102.5123,,CALL,1700,1770,133266,7/31/2026,WHITE,0,7,F,STOCK,Information Technology,F,T,758742000000,77
7/24/2026,10:04:26 AM,PLTR,SWEEP,455,9.3995,,PUT,122,123.02,427678,8/28/2026,WHITE,0,35,F,STOCK,Information Technology,F,T,286478000000,522
7/24/2026,10:04:30 AM,CRWV,ML/,65,5.5443,,PUT,62.5,75.08,36038,9/18/2026,WHITE,0,56,F,STOCK,Information Technology,F,F,49810000000,8919
7/24/2026,10:04:31 AM,WDC,BLOCK,3,150.2,,PUT,490,528.69,45060,6/17/2027,WHITE,0,328,F,STOCK,Information Technology,F,T,252521000000,105
7/24/2026,10:04:31 AM,HOOD,SWEEP,47,8.85,,CALL,90,95.415,41595,7/31/2026,WHITE,0,7,F,STOCK,Financials,F,T,95192000000,0
7/24/2026,10:04:36 AM,WDC,BLOCK,7,62.5,,PUT,390,528.69,43750,1/15/2027,WHITE,0,175,F,STOCK,Information Technology,F,F,252521000000,371
7/24/2026,10:04:36 AM,ASML,ML/,22,102.1855,,CALL,1700,1770,224808,7/31/2026,WHITE,0,7,F,STOCK,Information Technology,F,T,758742000000,77
7/24/2026,10:04:41 AM,WDC,BLOCK,3,150.7,,PUT,490,528.69,45210,6/17/2027,WHITE,0,328,F,STOCK,Information Technology,F,T,252521000000,105
7/24/2026,10:04:59 AM,WDC,BLOCK,3,149.9,,PUT,490,528.69,44970,6/17/2027,WHITE,0,328,F,STOCK,Information Technology,F,T,252521000000,105
7/24/2026,10:04:59 AM,LLY,ML/,7,47.8743,,PUT,1185,1198.35,33512,8/14/2026,WHITE,0,21,F,STOCK,Health Care,F,T,1037874000000,75
7/24/2026,10:05:00 AM,WDC,BLOCK,7,62.3,,PUT,390,528.69,43610,1/15/2027,WHITE,0,175,F,STOCK,Information Technology,F,F,252521000000,371
7/24/2026,10:05:02 AM,ASML,BLOCK,10,65.5,,PUT,1560,1770,65500,9/18/2026,WHITE,0,56,F,STOCK,Information Technology,F,F,758742000000,310
7/24/2026,10:05:08 AM,CRWV,BLOCK,20,26.85,,CALL,50,75.08,53700,8/28/2026,WHITE,0,35,F,STOCK,Information Technology,F,T,49810000000,0
7/24/2026,10:05:16 AM,LRCX,BLOCK,13,25.2146,,PUT,312.5,311.935,32779,8/7/2026,WHITE,0,14,F,STOCK,Information Technology,F,T,512158000000,52
7/24/2026,10:05:17 AM,LRCX,BLOCK,11,26.5391,,PUT,315,311.935,29193,8/7/2026,WHITE,0,14,F,STOCK,Information Technology,F,T,512158000000,94
7/24/2026,10:05:23 AM,ASML,BLOCK,9,65,,PUT,1560,1769.529,58500,9/18/2026,WHITE,0,56,F,STOCK,Information Technology,F,F,758742000000,310
7/24/2026,10:05:24 AM,WDC,BLOCK,5,61.8,,PUT,390,529.11,30900,1/15/2027,WHITE,0,175,F,STOCK,Information Technology,F,F,252521000000,371
7/24/2026,10:05:25 AM,CRWV,ML/,8,34.58,,PUT,105,75.08,27664,10/16/2026,WHITE,0,84,F,STOCK,Information Technology,F,F,49810000000,1718
7/24/2026,10:05:25 AM,CRWV,ML/,8,35.05,,PUT,100,75.08,28040,1/15/2027,WHITE,0,175,F,STOCK,Information Technology,F,F,49810000000,6811
7/24/2026,10:05:34 AM,WDC,BLOCK,3,149.59,,PUT,490,529.11,44877,6/17/2027,WHITE,0,328,F,STOCK,Information Technology,F,T,252521000000,105
7/24/2026,10:05:36 AM,HOOD,BLOCK,50,2.92,,PUT,55,95.415,14600,1/15/2027,WHITE,0,175,F,STOCK,Financials,F,F,95192000000,547
7/24/2026,10:05:39 AM,WDC,BLOCK,5,61.9,,PUT,390,529.11,30950,1/15/2027,WHITE,0,175,F,STOCK,Information Technology,F,F,252521000000,371
7/24/2026,10:05:45 AM,CRWV,BLOCK,1000,1,B,CALL,140,75.095,100000,9/18/2026,WHITE,0,56,F,STOCK,Information Technology,F,F,49810000000,6587
7/24/2026,10:05:57 AM,WDC,BLOCK,2,149.4,,PUT,490,529.11,29880,6/17/2027,WHITE,0,328,F,STOCK,Information Technology,F,T,252521000000,105
7/24/2026,10:06:08 AM,LRCX,BLOCK,5,51.3,,PUT,345,311.77,25650,8/21/2026,WHITE,0,28,F,STOCK,Information Technology,F,F,512158000000,49
7/24/2026,10:06:08 AM,ASML,ML/,1,572.93,,CALL,1300,1769.529,57293,1/15/2027,WHITE,0,175,F,STOCK,Information Technology,F,F,758742000000,172
7/24/2026,10:06:08 AM,ASML,ML/,1,730.43,,CALL,1100,1769.529,73043,1/15/2027,WHITE,0,175,F,STOCK,Information Technology,F,F,758742000000,84
7/24/2026,10:06:09 AM,WDC,BLOCK,2,149.8,,PUT,490,529.11,29960,6/17/2027,WHITE,0,328,F,STOCK,Information Technology,F,T,252521000000,105
7/24/2026,10:06:09 AM,LLY,ML/,1,253,,CALL,1200,1197.81,25300,12/17/2027,WHITE,0,511,F,STOCK,Health Care,F,F,1037874000000,67
7/24/2026,10:06:09 AM,LLY,ML/,1,261,,CALL,1180,1197.81,26100,12/17/2027,WHITE,0,511,F,STOCK,Health Care,F,F,1037874000000,15
7/24/2026,10:06:15 AM,CRWV,ML/,150,4.6308,,CALL,75,75.095,69462,7/31/2026,WHITE,0,7,F,STOCK,Information Technology,F,T,49810000000,463
7/24/2026,10:06:35 AM,LRCX,BLOCK,10,57.55,,PUT,340,311.77,57550,9/18/2026,WHITE,0,56,F,STOCK,Information Technology,F,F,512158000000,22970
7/24/2026,10:06:38 AM,WDC,BLOCK,2,149.8,,PUT,490,529.11,29960,6/17/2027,WHITE,0,328,F,STOCK,Information Technology,F,T,252521000000,105
7/24/2026,10:06:45 AM,PLTR,BLOCK,50,9.9,,PUT,90,122.71,49500,6/17/2027,WHITE,0,328,F,STOCK,Information Technology,F,T,286478000000,6681
7/24/2026,10:06:52 AM,WDC,BLOCK,2,150.24,,PUT,490,529.11,30048,6/17/2027,WHITE,0,328,F,STOCK,Information Technology,F,T,252521000000,105
7/24/2026,10:06:55 AM,ASML,ML/,1,362.35,,CALL,1410,1769.529,36235,7/31/2026,WHITE,0,7,F,STOCK,Information Technology,F,T,758742000000,0
7/24/2026,10:07:08 AM,CRWV,ML/,80,10.975,,PUT,85,75.095,87800,7/31/2026,WHITE,0,7,F,STOCK,Information Technology,F,T,49810000000,2180
7/24/2026,10:07:11 AM,CRWV,ML/,120,10.97,,PUT,85,75.095,131640,7/31/2026,WHITE,0,7,F,STOCK,Information Technology,F,T,49810000000,2180
7/24/2026,10:07:27 AM,LLY,BLOCK,10,35.6,,CALL,1260,1197.81,35600,8/21/2026,WHITE,0,28,F,STOCK,Health Care,F,F,1037874000000,737
7/24/2026,10:07:42 AM,CRWV,BLOCK,25,11.05,,PUT,75,75.095,27625,9/18/2026,WHITE,0,56,F,STOCK,Information Technology,F,F,49810000000,3841
7/24/2026,10:07:49 AM,CRWV,BLOCK,30,10.4,,PUT,77,75.095,31200,8/28/2026,WHITE,0,35,F,STOCK,Information Technology,F,T,49810000000,0
7/24/2026,10:07:50 AM,HOOD,BLOCK,20,14.45,,CALL,110,95.67,28900,1/15/2027,WHITE,0,175,F,STOCK,Financials,F,F,95192000000,5066
7/24/2026,10:07:59 AM,CRWV,ML/,22,32.39,,PUT,100,75.095,71258,11/20/2026,WHITE,0,119,F,STOCK,Information Technology,F,F,49810000000,1445
7/24/2026,10:07:59 AM,CRWV,ML/,22,26.89,,PUT,100,75.095,59158,8/21/2026,WHITE,0,28,F,STOCK,Information Technology,F,F,49810000000,3227
7/24/2026,10:08:02 AM,ASML,ML/,4,72.85,,CALL,2020,1769.529,29140,9/18/2026,WHITE,0,56,F,STOCK,Information Technology,F,F,758742000000,0
7/24/2026,10:08:02 AM,ASML,ML/,4,83.64,,PUT,1620,1769.529,33456,9/18/2026,WHITE,0,56,F,STOCK,Information Technology,F,F,758742000000,82
7/24/2026,10:08:03 AM,CRWV,SWEEP,24,10.95,,PUT,75,75.095,26280,9/18/2026,WHITE,0,56,F,STOCK,Information Technology,F,F,49810000000,3841
7/24/2026,10:08:11 AM,ASML,BLOCK,6,68.94,,PUT,1790,1769.529,41364,7/31/2026,WHITE,0,7,F,STOCK,Information Technology,F,T,758742000000,42
7/24/2026,10:08:17 AM,ASML,BLOCK,1,265.2,,PUT,1780,1769.529,26520,1/15/2027,WHITE,0,175,F,STOCK,Information Technology,F,F,758742000000,45
7/24/2026,10:08:34 AM,LLY,ML/,25,14.0712,,CALL,1220,1197.81,35178,7/31/2026,WHITE,0,7,F,STOCK,Health Care,F,T,1037874000000,97
7/24/2026,10:09:06 AM,HOOD,BLOCK,6,47.34,,CALL,65,95.67,28404,12/17/2027,WHITE,0,511,F,STOCK,Financials,F,F,95192000000,0
7/24/2026,10:09:21 AM,PLTR,BLOCK,10,76.86,,PUT,200,122.85,76860,8/21/2026,WHITE,0,28,F,STOCK,Information Technology,F,F,286478000000,238
7/24/2026,10:09:21 AM,HOOD,SWEEP,55,4.1,,PUT,90,95.67,22550,8/7/2026,WHITE,0,14,F,STOCK,Financials,F,T,95192000000,0
7/24/2026,10:09:24 AM,CRWV,BLOCK,50,2.6828,,CALL,80,75.095,13414,7/31/2026,WHITE,0,7,F,STOCK,Information Technology,F,T,49810000000,8950
7/24/2026,10:09:34 AM,CRWV,BLOCK,50,5.4,,PUT,42.5,75.095,27000,3/19/2027,WHITE,0,238,F,STOCK,Information Technology,F,F,49810000000,0
7/24/2026,10:09:40 AM,CRWV,SWEEP,38,10.8,,CALL,85,75.095,41040,10/16/2026,WHITE,0,84,F,STOCK,Information Technology,F,F,49810000000,968
7/24/2026,10:09:55 AM,LLY,ML/,21,47.95,,PUT,1185,1197.81,100695,8/14/2026,WHITE,0,21,F,STOCK,Health Care,F,T,1037874000000,75
7/24/2026,10:10:03 AM,LRCX,BLOCK,2,210,,CALL,108,311.77,42000,12/18/2026,WHITE,0,147,F,STOCK,Information Technology,F,F,512158000000,0
7/24/2026,10:10:06 AM,LLY,BLOCK,1,308,,CALL,1100,1197.81,30800,1/21/2028,WHITE,0,546,F,STOCK,Health Care,F,F,1037874000000,438
7/24/2026,10:10:08 AM,LRCX,ML/,9,34.8,,CALL,310,311.77,31320,8/21/2026,WHITE,0,28,F,STOCK,Information Technology,F,F,512158000000,4960
7/24/2026,10:10:08 AM,LRCX,ML/,11,34.82,,CALL,310,311.77,38302,8/21/2026,WHITE,0,28,F,STOCK,Information Technology,F,F,512158000000,4985
7/24/2026,10:10:08 AM,LRCX,ML/,11,25.82,,CALL,330,311.77,28402,8/21/2026,WHITE,0,28,F,STOCK,Information Technology,F,F,512158000000,812
7/24/2026,10:10:17 AM,HOOD,SWEEP,51,2.5,,PUT,85,95.67,12750,8/7/2026,WHITE,0,14,F,STOCK,Financials,F,T,95192000000,333
7/24/2026,10:10:29 AM,HOOD,SWEEP,51,2.47,,PUT,85,95.67,12597,8/7/2026,WHITE,0,14,F,STOCK,Financials,F,T,95192000000,333
7/24/2026,10:10:33 AM,LLY,ML/,10,49.5,,CALL,1200,1197.81,49500,8/7/2026,WHITE,0,14,F,STOCK,Health Care,F,T,1037874000000,151
7/24/2026,10:10:33 AM,LLY,ML/,10,38.5,,CALL,1225,1197.81,38500,8/7/2026,WHITE,0,14,F,STOCK,Health Care,F,T,1037874000000,24
7/24/2026,10:11:04 AM,LLY,BLOCK,1,308,,CALL,1100,1197.81,30800,1/21/2028,WHITE,0,546,F,STOCK,Health Care,F,F,1037874000000,438
7/24/2026,10:11:06 AM,LRCX,ML/,5,109.7,,CALL,290,311.77,54850,6/17/2027,WHITE,0,328,F,STOCK,Information Technology,F,T,512158000000,54
7/24/2026,10:11:06 AM,LRCX,ML/,5,106.1,,CALL,270,311.77,53050,3/19/2027,WHITE,0,238,F,STOCK,Information Technology,F,F,512158000000,0
7/24/2026,10:11:11 AM,HOOD,SWEEP,80,4,,CALL,103,95.67,32000,8/7/2026,WHITE,0,14,F,STOCK,Financials,F,T,95192000000,169
7/24/2026,10:11:14 AM,CRWV,SWEEP,212,1.69,,CALL,84,75.095,35828,7/31/2026,WHITE,0,7,F,STOCK,Information Technology,F,T,49810000000,992
7/24/2026,10:11:18 AM,CRWV,ML/,30,10.4487,,PUT,85,75.095,31346,7/31/2026,WHITE,0,7,F,STOCK,Information Technology,F,T,49810000000,2180
7/24/2026,10:11:34 AM,WDC,BLOCK,4,112,,CALL,600,529.11,44800,12/18/2026,WHITE,0,147,F,STOCK,Information Technology,F,F,252521000000,371
7/24/2026,10:11:37 AM,HOOD,BLOCK,45,16.45,,CALL,100,95.67,74025,12/18/2026,WHITE,0,147,F,STOCK,Financials,F,F,95192000000,3971
7/24/2026,10:11:38 AM,CRWV,BLOCK,100,1.1,,CALL,140,75.095,11000,9/18/2026,WHITE,0,56,F,STOCK,Information Technology,F,F,49810000000,6587
7/24/2026,10:12:00 AM,HOOD,SWEEP,56,3.85,,CALL,100,95.67,21560,7/31/2026,WHITE,0,7,F,STOCK,Financials,F,T,95192000000,2390
7/24/2026,10:12:01 AM,HOOD,ML/,160,6.093,,CALL,120,95.67,97488,10/16/2026,WHITE,0,84,F,STOCK,Financials,F,F,95192000000,2968
7/24/2026,10:12:01 AM,HOOD,ML/,320,1.5986,,CALL,160,95.67,51156,10/16/2026,WHITE,0,84,F,STOCK,Financials,F,F,95192000000,729
7/24/2026,10:12:22 AM,PLTR,BLOCK,50,9.9,,PUT,90,122.85,49500,6/17/2027,WHITE,0,328,F,STOCK,Information Technology,F,T,286478000000,6681
7/24/2026,10:12:24 AM,HOOD,ML/,40,10.75,,PUT,104,95.67,43000,7/31/2026,WHITE,0,7,F,STOCK,Financials,F,T,95192000000,111
7/24/2026,10:12:24 AM,HOOD,ML/,40,10.05,,PUT,103,95.67,40200,7/31/2026,WHITE,0,7,F,STOCK,Financials,F,T,95192000000,364
7/24/2026,10:12:34 AM,WDC,BLOCK,20,19,,PUT,500,529.11,38000,7/31/2026,WHITE,0,7,F,STOCK,Information Technology,F,T,252521000000,322
7/24/2026,10:13:07 AM,HOOD,ML/,10,57.17,,CALL,40,95.67,57170,1/15/2027,WHITE,0,175,F,STOCK,Financials,F,F,95192000000,3111
7/24/2026,10:13:07 AM,HOOD,ML/,10,56.42,,CALL,60,95.67,56420,12/15/2028,WHITE,0,875,F,STOCK,Financials,F,F,95192000000,10
7/24/2026,10:13:33 AM,HOOD,BLOCK,110,1.3312,,CALL,125,95.67,14643,8/21/2026,WHITE,0,28,F,STOCK,Financials,F,F,95192000000,4597
7/24/2026,10:14:01 AM,CRWV,ML/,100,1,,PUT,66,75.095,10000,7/31/2026,WHITE,0,7,F,STOCK,Information Technology,F,T,49810000000,558
7/24/2026,10:14:21 AM,WDC,BLOCK,10,32.79,,CALL,537.5,529.11,32790,7/31/2026,WHITE,0,7,F,STOCK,Information Technology,F,T,252521000000,0
7/24/2026,10:14:27 AM,LLY,BLOCK,1,255,,CALL,1000,1197.81,25500,12/18/2026,WHITE,0,147,F,STOCK,Health Care,F,F,1037874000000,946
7/24/2026,10:14:47 AM,LRCX,SWEEP,209,12.9814,,CALL,370,311.77,271311,8/21/2026,WHITE,0,28,F,STOCK,Information Technology,F,F,512158000000,2596
7/24/2026,10:14:47 AM,CRWV,BLOCK,30,27.88,,CALL,82.5,75.095,83640,9/17/2027,WHITE,0,420,F,STOCK,Information Technology,F,F,49810000000,47
7/24/2026,10:15:06 AM,LLY,ML/,3,90.2,,CALL,1115,1197.81,27060,7/31/2026,WHITE,0,7,F,STOCK,Health Care,F,T,1037874000000,12
7/24/2026,10:15:06 AM,LLY,BLOCK,1,375,,CALL,940,1197.81,37500,9/17/2027,WHITE,0,420,F,STOCK,Health Care,F,F,1037874000000,19
7/24/2026,10:15:08 AM,LLY,BLOCK,10,57.5,,PUT,1200,1197.81,57500,8/21/2026,WHITE,0,28,F,STOCK,Health Care,F,F,1037874000000,194
7/24/2026,10:15:26 AM,LRCX,SWEEP,199,1.9605,,PUT,240,311.77,39013,7/31/2026,WHITE,0,7,F,STOCK,Information Technology,F,T,512158000000,245
7/24/2026,10:15:33 AM,LLY,BLOCK,5,63,,CALL,1200,1197.81,31500,8/21/2026,WHITE,0,28,F,STOCK,Health Care,F,F,1037874000000,2311
7/24/2026,10:15:35 AM,LLY,BLOCK,5,145,,CALL,1200,1197.81,72500,1/15/2027,WHITE,0,175,F,STOCK,Health Care,F,F,1037874000000,1339
7/24/2026,10:15:35 AM,ASML,BLOCK,1,618,,CALL,2000,1769.529,61800,12/15/2028,WHITE,0,875,F,STOCK,Information Technology,F,F,758742000000,110
7/24/2026,10:15:43 AM,HOOD,BLOCK,25,10.14,,PUT,100,95.67,25350,8/14/2026,WHITE,0,21,F,STOCK,Financials,F,T,95192000000,330
7/24/2026,10:15:48 AM,WDC,BLOCK,34,20.0324,,PUT,500,529.11,68110,7/31/2026,WHITE,0,7,F,STOCK,Information Technology,F,T,252521000000,322
7/24/2026,10:15:49 AM,CRWV,ML/,200,1.11,,PUT,66,75.095,22200,7/31/2026,WHITE,0,7,F,STOCK,Information Technology,F,T,49810000000,558
7/24/2026,10:15:49 AM,CRWV,ML/,200,0.73,,PUT,64,75.095,14600,7/31/2026,WHITE,0,7,F,STOCK,Information Technology,F,T,49810000000,0
7/24/2026,10:15:54 AM,HOOD,BLOCK,50,10.2138,,PUT,100,95.67,51069,8/14/2026,WHITE,0,21,F,STOCK,Financials,F,T,95192000000,330
7/24/2026,10:15:57 AM,CRWV,ML/,200,0.76,,PUT,64,75.095,15200,7/31/2026,WHITE,0,7,F,STOCK,Information Technology,F,T,49810000000,0
7/24/2026,10:16:00 AM,PLTR,BLOCK,37,10.3,,PUT,105,122.85,38110,1/15/2027,WHITE,0,175,F,STOCK,Information Technology,F,F,286478000000,15212
7/24/2026,10:16:01 AM,LLY,BLOCK,5,195,,CALL,1020,1197.81,97500,8/21/2026,WHITE,0,28,F,STOCK,Health Care,F,F,1037874000000,138
7/24/2026,10:16:05 AM,LLY,BLOCK,1,250.5,,CALL,1160,1197.81,25050,9/17/2027,WHITE,0,420,F,STOCK,Health Care,F,F,1037874000000,23
7/24/2026,10:16:09 AM,WDC,ML/,7,66.47,,CALL,580,529.11,46529,9/18/2026,WHITE,0,56,F,STOCK,Information Technology,F,F,252521000000,165
7/24/2026,10:16:09 AM,WDC,ML/,7,38.92,,CALL,680,529.11,27244,9/18/2026,WHITE,0,56,F,STOCK,Information Technology,F,F,252521000000,70
7/24/2026,10:16:09 AM,HOOD,BLOCK,18,16.7772,,CALL,175,95.67,30199,1/21/2028,WHITE,0,546,F,STOCK,Financials,F,F,95192000000,0
7/24/2026,10:16:10 AM,HOOD,ML/,50,5.78,,CALL,95,95.67,28900,7/31/2026,WHITE,0,7,F,STOCK,Financials,F,T,95192000000,493
7/24/2026,10:16:16 AM,LRCX,SWEEP,3,97.6,,CALL,220,311.77,29280,8/21/2026,WHITE,0,28,F,STOCK,Information Technology,F,F,512158000000,70
7/24/2026,10:16:17 AM,LRCX,SWEEP,6,97.55,,CALL,220,311.77,58530,8/21/2026,WHITE,0,28,F,STOCK,Information Technology,F,F,512158000000,70
7/24/2026,10:16:18 AM,LRCX,SWEEP,6,97.5,,CALL,220,311.77,58500,8/21/2026,WHITE,0,28,F,STOCK,Information Technology,F,F,512158000000,70
7/24/2026,10:16:19 AM,LRCX,SWEEP,15,97.4567,,CALL,220,311.77,146185,8/21/2026,WHITE,0,28,F,STOCK,Information Technology,F,F,512158000000,70
7/24/2026,10:16:19 AM,LRCX,ML/,3,110.9,,CALL,260,311.77,33270,3/19/2027,WHITE,0,238,F,STOCK,Information Technology,F,F,512158000000,0
7/24/2026,10:16:35 AM,PLTR,SWEEP,93,9.35,,CALL,160,122.85,86955,1/15/2027,WHITE,0,175,F,STOCK,Information Technology,F,F,286478000000,13342
7/24/2026,10:16:38 AM,PLTR,BLOCK,27,9.35,,CALL,160,122.85,25245,1/15/2027,WHITE,0,175,F,STOCK,Information Technology,F,F,286478000000,13342
7/24/2026,10:16:51 AM,PLTR,BLOCK,50,8.478,,PUT,100,122.85,42390,1/15/2027,WHITE,0,175,F,STOCK,Information Technology,F,F,286478000000,11238
7/24/2026,10:16:56 AM,ASML,BLOCK,4,67.67,,PUT,1785,1769.529,27068,7/31/2026,WHITE,0,7,F,STOCK,Information Technology,F,T,758742000000,0
7/24/2026,10:17:07 AM,PLTR,BLOCK,34,9.95,,PUT,100,122.85,33830,2/19/2027,WHITE,0,210,F,STOCK,Information Technology,F,F,286478000000,928
7/24/2026,10:17:07 AM,PLTR,BLOCK,3,108.05,,PUT,230,122.85,32415,1/15/2027,WHITE,0,175,F,STOCK,Information Technology,F,F,286478000000,0
7/24/2026,10:17:08 AM,WDC,BLOCK,15,38,,CALL,520,529.11,57000,7/31/2026,WHITE,0,7,F,STOCK,Information Technology,F,T,252521000000,45
7/24/2026,10:17:09 AM,LLY,ML/,1,269.44,,CALL,940,1197.81,26944,8/21/2026,WHITE,0,28,F,STOCK,Health Care,F,F,1037874000000,0
7/24/2026,10:17:11 AM,LRCX,SWEEP,12,25.2833,,CALL,302.5,311.77,30340,7/31/2026,WHITE,0,7,F,STOCK,Information Technology,F,T,512158000000,0
7/24/2026,10:17:14 AM,CRWV,ML/,151,4.4282,,CALL,75,75.095,66866,7/31/2026,WHITE,0,7,F,STOCK,Information Technology,F,T,49810000000,463
7/24/2026,10:17:28 AM,LRCX,SWEEP,16,34.5562,,PUT,260,311.77,55290,11/20/2026,WHITE,0,119,F,STOCK,Information Technology,F,F,512158000000,285
7/24/2026,10:17:29 AM,LLY,BLOCK,7,39.8286,,CALL,1177.5,1197.81,27880,7/31/2026,WHITE,0,7,F,STOCK,Health Care,F,T,1037874000000,0
7/24/2026,10:17:43 AM,LLY,SWEEP,12,66.6542,,CALL,1177.5,1197.81,79985,8/7/2026,WHITE,0,14,F,STOCK,Health Care,F,T,1037874000000,0
7/24/2026,10:17:44 AM,LLY,SWEEP,10,59.435,,CALL,1190,1197.81,59435,8/7/2026,WHITE,0,14,F,STOCK,Health Care,F,T,1037874000000,113
7/24/2026,10:17:44 AM,LLY,SWEEP,17,22.1971,,CALL,1280,1197.81,37735,8/7/2026,WHITE,0,14,F,STOCK,Health Care,F,T,1037874000000,274
7/24/2026,10:17:51 AM,ASML,BLOCK,1,327.25,,CALL,1700,1769.529,32725,1/15/2027,WHITE,0,175,F,STOCK,Information Technology,F,F,758742000000,200
7/24/2026,10:17:56 AM,PLTR,BLOCK,31,8.25,,PUT,95,122.85,25575,2/19/2027,WHITE,0,210,F,STOCK,Information Technology,F,F,286478000000,232
7/24/2026,10:17:58 AM,PLTR,BLOCK,32,9.3,,CALL,160,122.85,29760,1/15/2027,WHITE,0,175,F,STOCK,Information Technology,F,F,286478000000,13342
7/24/2026,10:18:10 AM,HOOD,SWEEP,39,15.9369,,CALL,180,95.67,62154,1/21/2028,WHITE,0,546,F,STOCK,Financials,F,F,95192000000,2113
7/24/2026,10:18:16 AM,PLTR,BLOCK,100,1.01,,CALL,130,122.85,10100,7/31/2026,WHITE,0,7,F,STOCK,Information Technology,F,T,286478000000,22997
7/24/2026,10:18:18 AM,CRWV,SWEEP,378,4.3985,,PUT,75,75.095,166265,7/31/2026,WHITE,0,7,F,STOCK,Information Technology,F,T,49810000000,2684
7/24/2026,10:18:18 AM,CRWV,SWEEP,144,4.3858,,PUT,75,75.095,63155,7/31/2026,WHITE,0,7,F,STOCK,Information Technology,F,T,49810000000,2684
7/24/2026,10:18:20 AM,LRCX,BLOCK,10,86.8,,CALL,240,311.77,86800,9/18/2026,WHITE,0,56,F,STOCK,Information Technology,F,F,512158000000,1485
7/24/2026,10:18:35 AM,CRWV,BLOCK,55,2.05,,CALL,120,75.095,11275,9/18/2026,WHITE,0,56,F,STOCK,Information Technology,F,F,49810000000,14722
7/24/2026,10:18:37 AM,ASML,ML/,20,101.707,,CALL,1700,1769.529,203414,7/31/2026,WHITE,0,7,F,STOCK,Information Technology,F,T,758742000000,77
7/24/2026,10:18:52 AM,PLTR,BLOCK,55,2.06,,CALL,140,122.85,11330,8/7/2026,WHITE,0,14,F,STOCK,Information Technology,F,T,286478000000,2651
7/24/2026,10:18:54 AM,WDC,BLOCK,1,415.75,,CALL,115,529.11,41575,1/15/2027,WHITE,0,175,F,STOCK,Information Technology,F,F,252521000000,0
7/24/2026,10:18:58 AM,HOOD,BLOCK,54,2.8094,,CALL,160,95.67,15171,11/20/2026,WHITE,0,119,F,STOCK,Financials,F,F,95192000000,2271
7/24/2026,10:18:58 AM,LRCX,BLOCK,100,7.0368,,CALL,400,311.77,70368,8/21/2026,WHITE,0,28,F,STOCK,Information Technology,F,F,512158000000,6687
7/24/2026,10:19:06 AM,HOOD,SWEEP,62,2.3077,,CALL,130,95.67,14308,9/18/2026,WHITE,0,56,F,STOCK,Financials,F,F,95192000000,2918
7/24/2026,10:19:08 AM,PLTR,BLOCK,50,8.25,,PUT,95,122.85,41250,2/19/2027,WHITE,0,210,F,STOCK,Information Technology,F,F,286478000000,232
7/24/2026,10:19:12 AM,LRCX,ML/,4,64.64,,CALL,600,311.77,25856,1/21/2028,WHITE,0,546,F,STOCK,Information Technology,F,F,512158000000,948
7/24/2026,10:19:12 AM,LRCX,ML/,4,85.68,,CALL,470,311.77,34272,1/21/2028,WHITE,0,546,F,STOCK,Information Technology,F,F,512158000000,0
7/24/2026,10:19:14 AM,LRCX,ML/,4,85.55,B,CALL,470,311.77,34220,1/21/2028,WHITE,0,546,F,STOCK,Information Technology,F,F,512158000000,0
7/24/2026,10:19:14 AM,LRCX,ML/,4,64.66,,CALL,600,311.77,25864,1/21/2028,WHITE,0,546,F,STOCK,Information Technology,F,F,512158000000,948
7/24/2026,10:19:33 AM,WDC,ML/,10,76.7,,PUT,390,529.11,76700,3/19/2027,WHITE,0,238,F,STOCK,Information Technology,F,F,252521000000,0
7/24/2026,10:19:33 AM,WDC,ML/,10,62.3,,PUT,390,529.11,62300,1/15/2027,WHITE,0,175,F,STOCK,Information Technology,F,F,252521000000,371
7/24/2026,10:19:41 AM,LRCX,ML/,10,64.6,,CALL,600,311.77,64600,1/21/2028,WHITE,0,546,F,STOCK,Information Technology,F,F,512158000000,948
7/24/2026,10:19:45 AM,LRCX,ML/,10,64.65,,CALL,600,311.77,64650,1/21/2028,WHITE,0,546,F,STOCK,Information Technology,F,F,512158000000,948
7/24/2026,10:20:29 AM,CRWV,BLOCK,3,133.5,,PUT,200,75.095,40050,12/15/2028,WHITE,0,875,F,STOCK,Information Technology,F,F,49810000000,5802
7/24/2026,10:20:44 AM,HOOD,BLOCK,34,19.5,,PUT,95,95.67,66300,2/19/2027,WHITE,0,210,F,STOCK,Financials,F,F,95192000000,0
7/24/2026,10:20:44 AM,HOOD,BLOCK,36,33.2,A,PUT,110,95.67,119520,6/17/2027,WHITE,0,328,F,STOCK,Financials,F,T,95192000000,281
7/24/2026,10:20:47 AM,LLY,SWEEP,5,72.97,,CALL,1135,1197.81,36485,7/31/2026,WHITE,0,7,F,STOCK,Health Care,F,T,1037874000000,26
7/24/2026,10:21:08 AM,HOOD,ML/,35,7.67,,CALL,130,95.67,26845,12/18/2026,WHITE,0,147,F,STOCK,Financials,F,F,95192000000,3547
7/24/2026,10:21:10 AM,HOOD,BLOCK,100,1.7,,CALL,120,95.67,17000,8/21/2026,WHITE,0,28,F,STOCK,Financials,F,F,95192000000,10261
7/24/2026,10:21:19 AM,PLTR,ML/,50,2.33,,PUT,120,122.85,11650,7/31/2026,WHITE,0,7,F,STOCK,Information Technology,F,T,286478000000,3484
7/24/2026,10:21:28 AM,LLY,BLOCK,10,120.05,,CALL,1105,1197.81,120050,8/14/2026,WHITE,0,21,F,STOCK,Health Care,F,T,1037874000000,42
7/24/2026,10:21:28 AM,HOOD,SWEEP,51,4.65,,CALL,100,95.67,23715,8/7/2026,WHITE,0,14,F,STOCK,Financials,F,T,95192000000,339
7/24/2026,10:21:46 AM,CRWV,SWEEP,74,2.8215,,PUT,72,75.095,20879,7/31/2026,WHITE,0,7,F,STOCK,Information Technology,F,T,49810000000,917
7/24/2026,10:21:48 AM,HOOD,BLOCK,100,5.8,,CALL,97,95.67,58000,8/7/2026,WHITE,0,14,F,STOCK,Financials,F,T,95192000000,0
7/24/2026,10:22:00 AM,HOOD,BLOCK,12,25,,CALL,100,95.67,30000,6/17/2027,WHITE,0,328,F,STOCK,Financials,F,T,95192000000,5181
7/24/2026,10:22:02 AM,PLTR,BLOCK,40,10.2,,PUT,105,122.85,40800,1/15/2027,WHITE,0,175,F,STOCK,Information Technology,F,F,286478000000,15212
7/24/2026,10:22:29 AM,PLTR,BLOCK,55,2.22,,CALL,140,122.85,12210,8/7/2026,WHITE,0,14,F,STOCK,Information Technology,F,T,286478000000,2651
7/24/2026,10:22:32 AM,CRWV,ML/,12,31.62,,CALL,95,75.095,37944,6/16/2028,WHITE,0,693,F,STOCK,Information Technology,F,F,49810000000,0
7/24/2026,10:22:32 AM,CRWV,ML/,12,26.77,,CALL,95,75.095,32124,12/17/2027,WHITE,0,511,F,STOCK,Information Technology,F,F,49810000000,0
7/24/2026,10:23:04 AM,ASML,BLOCK,1,326.95,,CALL,1700,1769.529,32695,1/15/2027,WHITE,0,175,F,STOCK,Information Technology,F,F,758742000000,200
7/24/2026,10:23:37 AM,WDC,SWEEP,32,68.6437,,PUT,420,529.11,219660,12/18/2026,WHITE,0,147,F,STOCK,Information Technology,F,F,252521000000,91
7/24/2026,10:23:38 AM,LLY,BLOCK,6,105.05,,CALL,1100,1197.81,63030,7/31/2026,WHITE,0,7,F,STOCK,Health Care,F,T,1037874000000,24
7/24/2026,10:23:49 AM,LRCX,BLOCK,25,17,,CALL,320,311.77,42500,7/31/2026,WHITE,0,7,F,STOCK,Information Technology,F,T,512158000000,2026
7/24/2026,10:23:52 AM,PLTR,BLOCK,50,8.3,,PUT,100,122.85,41500,1/15/2027,WHITE,0,175,F,STOCK,Information Technology,F,F,286478000000,11238
7/24/2026,10:23:53 AM,ASML,BLOCK,5,76.1,,PUT,1600,1769.529,38050,9/18/2026,WHITE,0,56,F,STOCK,Information Technology,F,F,758742000000,195
7/24/2026,10:23:56 AM,CRWV,ML/,30,16.99,,PUT,75,75.095,50970,12/18/2026,WHITE,0,147,F,STOCK,Information Technology,F,F,49810000000,1104
7/24/2026,10:23:56 AM,CRWV,ML/,30,13.9,,PUT,67.5,75.095,41700,1/15/2027,WHITE,0,175,F,STOCK,Information Technology,F,F,49810000000,1193
7/24/2026,10:23:56 AM,CRWV,ML/,30,12.66,,PUT,65,75.095,37980,1/15/2027,WHITE,0,175,F,STOCK,Information Technology,F,F,49810000000,5281
7/24/2026,10:23:56 AM,CRWV,ML/,30,18.47,,PUT,77.5,75.095,55410,12/18/2026,WHITE,0,147,F,STOCK,Information Technology,F,F,49810000000,0
7/24/2026,10:24:13 AM,PLTR,BLOCK,69,69.05,B,PUT,170,122.85,476445,12/15/2028,WHITE,0,875,F,STOCK,Information Technology,F,F,286478000000,782
7/24/2026,10:24:15 AM,PLTR,BLOCK,50,9.75,,PUT,100,122.85,48750,2/19/2027,WHITE,0,210,F,STOCK,Information Technology,F,F,286478000000,928
7/24/2026,10:24:35 AM,PLTR,BLOCK,30,11.7,,CALL,130,122.85,35100,10/16/2026,WHITE,0,84,F,STOCK,Information Technology,F,F,286478000000,1959
7/24/2026,10:24:42 AM,HOOD,SWEEP,2285,3.2501,B,CALL,110,95.67,742645,8/21/2026,WHITE,0,28,F,STOCK,Financials,F,F,95192000000,7206
7/24/2026,10:24:48 AM,LRCX,BLOCK,6,43.45,,CALL,310,311.77,26070,9/18/2026,WHITE,0,56,F,STOCK,Information Technology,F,F,512158000000,708
7/24/2026,10:24:48 AM,LRCX,SWEEP,7,38.9214,,CALL,320,311.77,27245,9/18/2026,WHITE,0,56,F,STOCK,Information Technology,F,F,512158000000,995
7/24/2026,10:24:50 AM,LRCX,BLOCK,42,38.8048,,CALL,320,311.77,162980,9/18/2026,WHITE,0,56,F,STOCK,Information Technology,F,F,512158000000,995
7/24/2026,10:24:54 AM,HOOD,BLOCK,33,31.35,B,CALL,100,95.67,103455,12/17/2027,WHITE,0,511,F,STOCK,Financials,F,F,95192000000,10107
7/24/2026,10:24:54 AM,HOOD,SWEEP,15,38.1,,PUT,110,95.67,57150,12/17/2027,WHITE,0,511,F,STOCK,Financials,F,F,95192000000,517
7/24/2026,10:24:56 AM,PLTR,BLOCK,70,2.31,,CALL,126,122.85,16170,7/31/2026,WHITE,0,7,F,STOCK,Information Technology,F,T,286478000000,877
7/24/2026,10:24:57 AM,LRCX,ML/,40,6.67,,CALL,350,311.77,26680,7/31/2026,WHITE,0,7,F,STOCK,Information Technology,F,T,512158000000,1024
7/24/2026,10:25:01 AM,HOOD,BLOCK,36,10.5,,PUT,80,95.67,37800,1/15/2027,WHITE,0,175,F,STOCK,Financials,F,F,95192000000,9025
7/24/2026,10:25:26 AM,HOOD,BLOCK,28,10.85,,PUT,95,95.67,30380,9/18/2026,WHITE,0,56,F,STOCK,Financials,F,F,95192000000,2451
7/24/2026,10:25:32 AM,PLTR,BLOCK,112,0.98,,PUT,101,122.85,10976,8/7/2026,WHITE,0,14,F,STOCK,Information Technology,F,T,286478000000,0
7/24/2026,10:25:40 AM,LLY,BLOCK,3,86.5,,CALL,1840,1197.81,25950,1/21/2028,WHITE,0,546,F,STOCK,Health Care,F,F,1037874000000,21
7/24/2026,10:25:58 AM,LLY,BLOCK,3,86.3,,CALL,1840,1197.81,25890,1/21/2028,WHITE,0,546,F,STOCK,Health Care,F,F,1037874000000,21
7/24/2026,10:25:59 AM,HOOD,ML/,15,20.61,,PUT,100,95.67,30915,1/15/2027,WHITE,0,175,F,STOCK,Financials,F,F,95192000000,9465
7/24/2026,10:25:59 AM,HOOD,ML/,15,19.1,,PUT,105,95.67,28650,10/16/2026,WHITE,0,84,F,STOCK,Financials,F,F,95192000000,299
7/24/2026,10:26:08 AM,PLTR,BLOCK,69,5.1,,PUT,126,122.85,35190,7/31/2026,WHITE,0,7,F,STOCK,Information Technology,F,T,286478000000,1597
7/24/2026,10:26:24 AM,PLTR,BLOCK,20,13.6,,CALL,110,122.85,27200,7/31/2026,WHITE,0,7,F,STOCK,Information Technology,F,T,286478000000,636
7/24/2026,10:27:20 AM,PLTR,BLOCK,24,11.7,,CALL,140,122.85,28080,11/20/2026,WHITE,0,119,F,STOCK,Information Technology,F,F,286478000000,2450
7/24/2026,10:27:24 AM,ASML,BLOCK,1,327.85,,CALL,1700,1769.529,32785,1/15/2027,WHITE,0,175,F,STOCK,Information Technology,F,F,758742000000,200
7/24/2026,10:27:32 AM,CRWV,BLOCK,150,5.7,,CALL,120,75.095,85500,11/20/2026,WHITE,0,119,F,STOCK,Information Technology,F,F,49810000000,1409
7/24/2026,10:28:13 AM,HOOD,SWEEP,100,1.1,,CALL,110,95.67,11000,7/31/2026,WHITE,0,7,F,STOCK,Financials,F,T,95192000000,2638
7/24/2026,10:28:17 AM,ASML,BLOCK,5,460.906,,CALL,1460,1769.529,230453,1/15/2027,WHITE,0,175,F,STOCK,Information Technology,F,F,758742000000,94
7/24/2026,10:28:26 AM,LRCX,SWEEP,10,61.25,,PUT,230,311.77,61250,1/21/2028,WHITE,0,546,F,STOCK,Information Technology,F,F,512158000000,216
7/24/2026,10:28:29 AM,HOOD,SWEEP,103,15.7008,,PUT,100,95.67,161718,10/16/2026,WHITE,0,84,F,STOCK,Financials,F,F,95192000000,2311
7/24/2026,10:28:55 AM,HOOD,BLOCK,100,1.59,,CALL,120,95.67,15900,8/21/2026,WHITE,0,28,F,STOCK,Financials,F,F,95192000000,10261
7/24/2026,10:29:01 AM,WDC,ML/,1,309.63,,CALL,500,529.11,30963,12/15/2028,WHITE,0,875,F,STOCK,Information Technology,F,F,252521000000,112
7/24/2026,10:29:01 AM,CRWV,BLOCK,16,21.62,,CALL,105,75.095,34592,9/17/2027,WHITE,0,420,F,STOCK,Information Technology,F,F,49810000000,200
7/24/2026,10:29:17 AM,HOOD,BLOCK,24,13.55,,CALL,90,95.67,32520,9/18/2026,WHITE,0,56,F,STOCK,Financials,F,F,95192000000,6928
7/24/2026,10:30:24 AM,LRCX,SWEEP,100,10.901,,PUT,290,311.77,109010,7/31/2026,WHITE,0,7,F,STOCK,Information Technology,F,T,512158000000,3310
7/24/2026,10:30:33 AM,WDC,BLOCK,10,32.5,,CALL,530,529.11,32500,7/31/2026,WHITE,0,7,F,STOCK,Information Technology,F,T,252521000000,36
7/24/2026,10:30:33 AM,CRWV,SWEEP,35,9.8509,,CALL,80,75.095,34478,9/18/2026,WHITE,0,56,F,STOCK,Information Technology,F,F,49810000000,3914
7/24/2026,10:30:33 AM,CRWV,BLOCK,10,45,,PUT,120,75.095,45000,8/7/2026,WHITE,0,14,F,STOCK,Information Technology,F,T,49810000000,19
7/24/2026,10:30:41 AM,WDC,ML/,3,115.52,,CALL,550,529.11,34656,11/20/2026,WHITE,0,119,F,STOCK,Information Technology,F,F,252521000000,125
7/24/2026,10:30:41 AM,WDC,ML/,3,123.52,,CALL,530,529.11,37056,11/20/2026,WHITE,0,119,F,STOCK,Information Technology,F,F,252521000000,21
7/24/2026,10:31:07 AM,HOOD,BLOCK,35,18.3,,CALL,160,95.67,64050,1/21/2028,WHITE,0,546,F,STOCK,Financials,F,F,95192000000,1298
7/24/2026,10:31:07 AM,HOOD,SWEEP,118,20.9758,,PUT,90,95.67,247515,6/17/2027,WHITE,0,328,F,STOCK,Financials,F,T,95192000000,1185
7/24/2026,10:31:07 AM,HOOD,BLOCK,18,23.7611,,PUT,95,95.67,42770,6/17/2027,WHITE,0,328,F,STOCK,Financials,F,T,95192000000,0
7/24/2026,10:31:08 AM,HOOD,SWEEP,13,25.5654,,PUT,90,95.67,33235,12/17/2027,WHITE,0,511,F,STOCK,Financials,F,F,95192000000,3797
7/24/2026,10:31:08 AM,HOOD,BLOCK,42,12.3424,,PUT,105,95.67,51838,7/31/2026,WHITE,0,7,F,STOCK,Financials,F,T,95192000000,1187
7/24/2026,10:31:16 AM,HOOD,BLOCK,50,15.6444,,CALL,90,95.67,78222,10/16/2026,WHITE,0,84,F,STOCK,Financials,F,F,95192000000,1048
7/24/2026,10:31:17 AM,LLY,BLOCK,3,144.8333,,PUT,1300,1197.81,43450,10/16/2026,WHITE,0,84,F,STOCK,Health Care,F,F,1037874000000,22
7/24/2026,10:31:20 AM,LLY,BLOCK,1,346.07,,CALL,1200,1197.81,34607,12/15/2028,WHITE,0,875,F,STOCK,Health Care,F,F,1037874000000,147
7/24/2026,10:31:24 AM,HOOD,BLOCK,20,12.95,,CALL,150,95.67,25900,6/17/2027,WHITE,0,328,F,STOCK,Financials,F,T,95192000000,1861
7/24/2026,10:31:40 AM,ASML,BLOCK,1,257.2,,PUT,1760,1769.529,25720,1/15/2027,WHITE,0,175,F,STOCK,Information Technology,F,F,758742000000,87
7/24/2026,10:31:44 AM,LRCX,SWEEP,15,32.9067,,CALL,460,311.77,49360,1/15/2027,WHITE,0,175,F,STOCK,Information Technology,F,F,512158000000,250
7/24/2026,10:31:47 AM,HOOD,BLOCK,28,13.3,,CALL,90,95.67,37240,9/18/2026,WHITE,0,56,F,STOCK,Financials,F,F,95192000000,6928
7/24/2026,10:31:54 AM,CRWV,BLOCK,50,2.4,,CALL,200,75.095,12000,1/15/2027,WHITE,0,175,F,STOCK,Information Technology,F,F,49810000000,7858
7/24/2026,10:32:58 AM,WDC,BLOCK,1,750,,PUT,1160,529.11,75000,12/15/2028,WHITE,0,875,F,STOCK,Information Technology,F,F,252521000000,2
7/24/2026,10:33:02 AM,ASML,BLOCK,1,272.3,,CALL,1760,1776.37,27230,12/18/2026,WHITE,0,147,F,STOCK,Information Technology,F,F,758742000000,21
7/24/2026,10:33:07 AM,WDC,BLOCK,3,123.9,,PUT,510,529.11,37170,1/15/2027,WHITE,0,175,F,STOCK,Information Technology,F,F,252521000000,82
7/24/2026,10:33:16 AM,WDC,ML/,5,66.53,,PUT,560,527.05,33265,8/7/2026,WHITE,0,14,F,STOCK,Information Technology,F,T,252521000000,37
7/24/2026,10:33:16 AM,WDC,ML/,5,70.28,,PUT,565,527.05,35140,8/7/2026,WHITE,0,14,F,STOCK,Information Technology,F,T,252521000000,38
7/24/2026,10:33:28 AM,HOOD,BLOCK,12,33.5,,CALL,65,95.795,40200,11/20/2026,WHITE,0,119,F,STOCK,Financials,F,F,95192000000,0
7/24/2026,10:33:28 AM,WDC,ML/,2,252.8,,CALL,500,525.75,50560,1/21/2028,WHITE,0,546,F,STOCK,Information Technology,F,F,252521000000,140
7/24/2026,10:33:28 AM,WDC,ML/,2,184.7,,CALL,800,525.75,36940,1/21/2028,WHITE,0,546,F,STOCK,Information Technology,F,F,252521000000,0
7/24/2026,10:33:48 AM,PLTR,ML/,237,2.1004,,PUT,120,122.92,49780,7/31/2026,WHITE,0,7,F,STOCK,Information Technology,F,T,286478000000,3484
7/24/2026,10:33:51 AM,WDC,ML/,5,53.37,,CALL,550,525.75,26685,8/21/2026,WHITE,0,28,F,STOCK,Information Technology,F,F,252521000000,491
7/24/2026,10:33:54 AM,LRCX,ML/,50,3.04,,CALL,370,311.408,15200,7/31/2026,WHITE,0,7,F,STOCK,Information Technology,F,T,512158000000,460
7/24/2026,10:33:54 AM,LRCX,ML/,50,5.92,,CALL,350,311.408,29600,7/31/2026,WHITE,0,7,F,STOCK,Information Technology,F,T,512158000000,1024
7/24/2026,10:33:58 AM,LLY,BLOCK,2,240,,CALL,1500,1200.2,48000,12/15/2028,WHITE,0,875,F,STOCK,Health Care,F,F,1037874000000,581
7/24/2026,10:34:07 AM,PLTR,BLOCK,200,0.77,,CALL,132,123.15,15400,7/31/2026,WHITE,0,7,F,STOCK,Information Technology,F,T,286478000000,4240
7/24/2026,10:34:18 AM,PLTR,ML/,20,12.933,,PUT,130,123.15,25866,8/21/2026,WHITE,0,28,F,STOCK,Information Technology,F,F,286478000000,15078
7/24/2026,10:34:22 AM,WDC,BLOCK,3,124,,PUT,510,525.75,37200,1/15/2027,WHITE,0,175,F,STOCK,Information Technology,F,F,252521000000,82
7/24/2026,10:34:29 AM,ASML,BLOCK,2,210.4,,PUT,1700,1768.1,42080,12/18/2026,WHITE,0,147,F,STOCK,Information Technology,F,F,758742000000,51
7/24/2026,10:34:29 AM,LRCX,BLOCK,200,6.5178,,CALL,400,308.86,130357,8/21/2026,WHITE,0,28,F,STOCK,Information Technology,F,F,512158000000,6687
7/24/2026,10:34:38 AM,HOOD,BLOCK,55,8.26,,PUT,99,94.34,45430,7/31/2026,WHITE,0,7,F,STOCK,Financials,F,T,95192000000,253
7/24/2026,10:34:44 AM,WDC,BLOCK,3,124.1,,PUT,510,530.51,37230,1/15/2027,WHITE,0,175,F,STOCK,Information Technology,F,F,252521000000,82
7/24/2026,10:35:01 AM,WDC,SWEEP,28,41,A,PUT,540,530.51,114800,7/31/2026,WHITE,0,7,F,STOCK,Information Technology,F,T,252521000000,1028
7/24/2026,10:35:16 AM,LRCX,SWEEP,315,6.3571,,CALL,400,308.86,200250,8/21/2026,WHITE,0,28,F,STOCK,Information Technology,F,F,512158000000,6687
7/24/2026,10:35:16 AM,LLY,SWEEP,147,71.051,,CALL,1180,1204,1044449,8/21/2026,WHITE,0,28,F,STOCK,Health Care,F,F,1037874000000,404
7/24/2026,10:35:30 AM,LLY,BLOCK,2,406.11,,CALL,800,1202.5,81222,9/18/2026,WHITE,0,56,F,STOCK,Health Care,F,F,1037874000000,158
7/24/2026,10:35:39 AM,LLY,SWEEP,3,87,,CALL,1220,1202.5,26100,10/16/2026,WHITE,0,84,F,STOCK,Health Care,F,F,1037874000000,165
7/24/2026,10:35:46 AM,WDC,BLOCK,3,149.2,,PUT,370,530.51,44760,12/15/2028,WHITE,0,875,F,STOCK,Information Technology,F,F,252521000000,0
7/24/2026,10:35:52 AM,LLY,BLOCK,4,174.05,,CALL,1040,1202.5,69620,8/21/2026,WHITE,0,28,F,STOCK,Health Care,F,F,1037874000000,224
7/24/2026,10:36:02 AM,ASML,ML/,25,83.74,,CALL,1830,1768,209350,8/21/2026,WHITE,0,28,F,STOCK,Information Technology,F,F,758742000000,63
7/24/2026,10:36:02 AM,ASML,ML/,50,96.06,,CALL,1800,1768,480300,8/21/2026,WHITE,0,28,F,STOCK,Information Technology,F,F,758742000000,224
7/24/2026,10:36:02 AM,ASML,ML/,25,109.78,,CALL,1770,1768,274450,8/21/2026,WHITE,0,28,F,STOCK,Information Technology,F,F,758742000000,112
7/24/2026,10:36:21 AM,CRWV,ML/,34,14.4532,,PUT,80,75.655,49141,9/18/2026,WHITE,0,56,F,STOCK,Information Technology,F,F,49810000000,4524
7/24/2026,10:36:21 AM,CRWV,ML/,34,14.3732,,PUT,70,75.655,48869,12/18/2026,WHITE,0,147,F,STOCK,Information Technology,F,F,49810000000,7498
7/24/2026,10:36:20 AM,HOOD,BLOCK,10,46,,CALL,65,94.215,46000,1/21/2028,WHITE,0,546,F,STOCK,Financials,F,F,95192000000,614
7/24/2026,10:36:29 AM,HOOD,ML/,20,33.8245,,CALL,95,94.215,67649,1/21/2028,WHITE,0,546,F,STOCK,Financials,F,F,95192000000,1038
7/24/2026,10:36:30 AM,HOOD,ML/,100,6.75,,PUT,90,94.215,67500,8/28/2026,WHITE,0,35,F,STOCK,Financials,F,T,95192000000,239
7/24/2026,10:36:34 AM,ASML,ML/,1,277.61,,CALL,1800,1768,27761,1/15/2027,WHITE,0,175,F,STOCK,Information Technology,F,F,758742000000,345
7/24/2026,10:36:34 AM,ASML,ML/,1,294.89,,CALL,1760,1768,29489,1/15/2027,WHITE,0,175,F,STOCK,Information Technology,F,F,758742000000,19
7/24/2026,10:36:35 AM,LLY,SWEEP,4,174.45,,CALL,1040,1202.5,69780,8/21/2026,WHITE,0,28,F,STOCK,Health Care,F,F,1037874000000,224
7/24/2026,10:36:35 AM,LLY,BLOCK,6,63.75,,CALL,1420,1202.5,38250,1/15/2027,WHITE,0,175,F,STOCK,Health Care,F,F,1037874000000,210
7/24/2026,10:36:38 AM,HOOD,BLOCK,40,22.65,,CALL,75,94.23,90600,9/18/2026,WHITE,0,56,F,STOCK,Financials,F,F,95192000000,0
7/24/2026,10:36:53 AM,WDC,BLOCK,2,148.82,,PUT,370,527.2,29764,12/15/2028,WHITE,0,875,F,STOCK,Information Technology,F,F,252521000000,0
7/24/2026,10:37:09 AM,HOOD,BLOCK,99,3.65,,PUT,90,94.23,36135,7/31/2026,WHITE,0,7,F,STOCK,Financials,F,T,95192000000,2245
7/24/2026,10:37:12 AM,HOOD,BLOCK,15,35.15,,CALL,60,94.23,52725,9/18/2026,WHITE,0,56,F,STOCK,Financials,F,F,95192000000,85
7/24/2026,10:37:16 AM,LRCX,ML/,5,54.39,,CALL,480,308.22,27195,6/17/2027,WHITE,0,328,F,STOCK,Information Technology,F,T,512158000000,132
7/24/2026,10:37:28 AM,LRCX,ML/,5,54.36,,CALL,480,308.22,27180,6/17/2027,WHITE,0,328,F,STOCK,Information Technology,F,T,512158000000,132
7/24/2026,10:37:28 AM,CRWV,ML/,105,6.6384,,CALL,90,74.755,69703,9/18/2026,WHITE,0,56,F,STOCK,Information Technology,F,F,49810000000,11131
7/24/2026,10:37:39 AM,ASML,ML/,7,81.95,,PUT,1765,1768,57365,8/7/2026,WHITE,0,14,F,STOCK,Information Technology,F,T,758742000000,12
7/24/2026,10:37:39 AM,ASML,ML/,7,74.45,,PUT,1750,1768,52115,8/7/2026,WHITE,0,14,F,STOCK,Information Technology,F,T,758742000000,79
7/24/2026,10:37:54 AM,WDC,BLOCK,1,266,,CALL,670,527.2,26600,12/15/2028,WHITE,0,875,F,STOCK,Information Technology,F,F,252521000000,0
7/24/2026,10:38:04 AM,LLY,ML/,10,60.9,,CALL,1200,1202.5,60900,8/21/2026,WHITE,0,28,F,STOCK,Health Care,F,F,1037874000000,2311
7/24/2026,10:38:13 AM,WDC,BLOCK,4,94.1,,PUT,470,527.2,37640,12/18/2026,WHITE,0,147,F,STOCK,Information Technology,F,F,252521000000,101
7/24/2026,10:38:17 AM,WDC,BLOCK,1,267.27,,CALL,670,527.2,26727,12/15/2028,WHITE,0,875,F,STOCK,Information Technology,F,F,252521000000,0
7/24/2026,10:38:19 AM,CRWV,ML/,50,5.27,,CALL,85,74.755,26350,8/21/2026,WHITE,0,28,F,STOCK,Information Technology,F,F,49810000000,2512
7/24/2026,10:38:19 AM,CRWV,ML/,50,8.86,,CALL,75,74.755,44300,8/21/2026,WHITE,0,28,F,STOCK,Information Technology,F,F,49810000000,3156
7/24/2026,10:38:21 AM,HOOD,SWEEP,167,11.3928,,PUT,95,94.23,190260,9/18/2026,WHITE,0,56,F,STOCK,Financials,F,F,95192000000,2451
7/24/2026,10:38:22 AM,HOOD,ML/,11,23.85,,CALL,100,94.23,26235,5/21/2027,WHITE,0,301,F,STOCK,Financials,F,F,95192000000,243
7/24/2026,10:38:24 AM,WDC,BLOCK,4,94.1,,PUT,470,527.2,37640,12/18/2026,WHITE,0,147,F,STOCK,Information Technology,F,F,252521000000,101
7/24/2026,10:38:24 AM,HOOD,SWEEP,189,11.3879,,PUT,95,94.23,215231,9/18/2026,WHITE,0,56,F,STOCK,Financials,F,F,95192000000,2451
7/24/2026,10:38:33 AM,LLY,ML/,6,48.9133,,PUT,1180,1202.5,29348,8/21/2026,WHITE,0,28,F,STOCK,Health Care,F,F,1037874000000,104
7/24/2026,10:38:33 AM,LLY,ML/,6,53.03,,PUT,1180,1202.5,31818,8/28/2026,WHITE,0,35,F,STOCK,Health Care,F,T,1037874000000,35
7/24/2026,10:38:40 AM,LLY,ML/,1,265.15,,CALL,1180,1202.5,26515,12/17/2027,WHITE,0,511,F,STOCK,Health Care,F,F,1037874000000,15
7/24/2026,10:38:40 AM,LLY,ML/,1,256.1,,CALL,1200,1202.5,25610,12/17/2027,WHITE,0,511,F,STOCK,Health Care,F,F,1037874000000,67
7/24/2026,10:38:43 AM,HOOD,BLOCK,67,4.5,,CALL,150,94.23,30150,12/18/2026,WHITE,0,147,F,STOCK,Financials,F,F,95192000000,3280
7/24/2026,10:38:46 AM,PLTR,ML/,30,17.06,,PUT,140,123.117,51180,7/31/2026,WHITE,0,7,F,STOCK,Information Technology,F,T,286478000000,397
7/24/2026,10:38:46 AM,WDC,BLOCK,1,266.5,,CALL,670,527.2,26650,12/15/2028,WHITE,0,875,F,STOCK,Information Technology,F,F,252521000000,0
7/24/2026,10:38:52 AM,WDC,BLOCK,1,269.89,,CALL,670,527.2,26989,12/15/2028,WHITE,0,875,F,STOCK,Information Technology,F,F,252521000000,0
7/24/2026,10:39:00 AM,LLY,BLOCK,1,316.1,,CALL,920,1202.5,31610,12/18/2026,WHITE,0,147,F,STOCK,Health Care,F,F,1037874000000,449
7/24/2026,10:39:02 AM,HOOD,BLOCK,232,4.45,,CALL,150,94.23,103240,12/18/2026,WHITE,0,147,F,STOCK,Financials,F,F,95192000000,3280
7/24/2026,10:39:04 AM,HOOD,SWEEP,151,10.5,,CALL,95,94.23,158550,9/18/2026,WHITE,0,56,F,STOCK,Financials,F,F,95192000000,4018
7/24/2026,10:39:06 AM,HOOD,ML/,150,2.18,,CALL,103,94.23,32700,7/31/2026,WHITE,0,7,F,STOCK,Financials,F,T,95192000000,2914
7/24/2026,10:39:06 AM,HOOD,ML/,150,0.9544,,CALL,110,94.23,14316,7/31/2026,WHITE,0,7,F,STOCK,Financials,F,T,95192000000,2638
7/24/2026,10:39:07 AM,HOOD,BLOCK,145,10.1,B,CALL,90,94.23,146450,8/21/2026,WHITE,0,28,F,STOCK,Financials,F,F,95192000000,9132
7/24/2026,10:39:09 AM,WDC,BLOCK,3,266.3,,CALL,670,527.2,79890,12/15/2028,WHITE,0,875,F,STOCK,Information Technology,F,F,252521000000,11
7/24/2026,10:39:10 AM,HOOD,SWEEP,98,10.4995,,CALL,95,94.23,102895,9/18/2026,WHITE,0,56,F,STOCK,Financials,F,F,95192000000,4018
7/24/2026,10:39:12 AM,HOOD,SWEEP,71,2.91,,CALL,110,94.23,20661,8/21/2026,WHITE,0,28,F,STOCK,Financials,F,F,95192000000,7206
7/24/2026,10:39:14 AM,ASML,BLOCK,20,44.93,,PUT,1200,1768,89860,12/18/2026,WHITE,0,147,F,STOCK,Information Technology,F,F,758742000000,0
7/24/2026,10:39:15 AM,WDC,ML/,2,154.2,,CALL,660,527.2,30840,6/17/2027,WHITE,0,328,F,STOCK,Information Technology,F,T,252521000000,39
7/24/2026,10:39:15 AM,WDC,ML/,2,157.75,,CALL,550,527.2,31550,3/19/2027,WHITE,0,238,F,STOCK,Information Technology,F,F,252521000000,142
7/24/2026,10:39:23 AM,LLY,ML/,1,256.14,,CALL,1200,1202.5,25614,12/17/2027,WHITE,0,511,F,STOCK,Health Care,F,F,1037874000000,67
7/24/2026,10:39:23 AM,LLY,ML/,1,265.1,,CALL,1180,1202.5,26510,12/17/2027,WHITE,0,511,F,STOCK,Health Care,F,F,1037874000000,15
7/24/2026,10:39:32 AM,HOOD,SWEEP,51,3.6,,CALL,98,94.23,18360,7/31/2026,WHITE,0,7,F,STOCK,Financials,F,T,95192000000,0
7/24/2026,10:39:33 AM,WDC,BLOCK,15,34.71,,CALL,520,527.2,52065,7/31/2026,WHITE,0,7,F,STOCK,Information Technology,F,T,252521000000,45
7/24/2026,10:39:35 AM,CRWV,BLOCK,147,25.1,B,CALL,150,74.755,368970,12/15/2028,WHITE,0,875,F,STOCK,Information Technology,F,F,49810000000,1406
7/24/2026,10:39:43 AM,HOOD,BLOCK,150,0.85,,CALL,150,94.23,12750,9/18/2026,WHITE,0,56,F,STOCK,Financials,F,F,95192000000,7923
7/24/2026,10:39:49 AM,HOOD,ML/,145,2.17,A,CALL,103,94.23,31465,7/31/2026,WHITE,0,7,F,STOCK,Financials,F,T,95192000000,2914
7/24/2026,10:39:49 AM,HOOD,ML/,152,0.9691,,CALL,110,94.23,14731,7/31/2026,WHITE,0,7,F,STOCK,Financials,F,T,95192000000,2638
7/24/2026,10:39:55 AM,HOOD,BLOCK,18,20.5,,CALL,95,94.23,36900,2/19/2027,WHITE,0,210,F,STOCK,Financials,F,F,95192000000,0
7/24/2026,10:39:55 AM,HOOD,BLOCK,24,24.5,,PUT,105,94.23,58800,1/15/2027,WHITE,0,175,F,STOCK,Financials,F,F,95192000000,873
7/24/2026,10:39:57 AM,WDC,BLOCK,1,267.03,,CALL,670,527.2,26703,12/15/2028,WHITE,0,875,F,STOCK,Information Technology,F,F,252521000000,11
7/24/2026,10:39:59 AM,HOOD,ML/,30,12.36,,CALL,200,94.23,37080,12/17/2027,WHITE,0,511,F,STOCK,Financials,F,F,95192000000,438
7/24/2026,10:40:04 AM,PLTR,ML/,17,35.5729,,PUT,120,123.117,60474,12/15/2028,WHITE,0,875,F,STOCK,Information Technology,F,F,286478000000,2823
7/24/2026,10:40:05 AM,ASML,ML/,1,291.07,,CALL,1760,1768,29107,1/15/2027,WHITE,0,175,F,STOCK,Information Technology,F,F,758742000000,19
7/24/2026,10:40:05 AM,ASML,BLOCK,2,317.9,,CALL,1700,1768,63580,1/15/2027,WHITE,0,175,F,STOCK,Information Technology,F,F,758742000000,200
7/24/2026,10:40:05 AM,ASML,ML/,1,273.82,,CALL,1800,1768,27382,1/15/2027,WHITE,0,175,F,STOCK,Information Technology,F,F,758742000000,345
7/24/2026,10:40:08 AM,CRWV,ML/,9,57.59,,PUT,110,74.755,51831,12/15/2028,WHITE,0,875,F,STOCK,Information Technology,F,F,49810000000,315
7/24/2026,10:40:08 AM,CRWV,ML/,9,61.44,,PUT,115,74.755,55296,12/15/2028,WHITE,0,875,F,STOCK,Information Technology,F,F,49810000000,161
7/24/2026,10:40:09 AM,WDC,BLOCK,4,65.1,,PUT,270,527.2,26040,1/21/2028,WHITE,0,546,F,STOCK,Information Technology,F,F,252521000000,916
7/24/2026,10:40:17 AM,ASML,BLOCK,3,823.4,A,CALL,1040,1768,247020,6/17/2027,WHITE,0,328,F,STOCK,Information Technology,F,T,758742000000,22
7/24/2026,10:40:20 AM,ASML,BLOCK,6,74.5883,,PUT,1785,1768,44753,7/31/2026,WHITE,0,7,F,STOCK,Information Technology,F,T,758742000000,14
7/24/2026,10:40:21 AM,WDC,BLOCK,2,266.01,,CALL,670,527.2,53202,12/15/2028,WHITE,0,875,F,STOCK,Information Technology,F,F,252521000000,11
7/24/2026,10:40:34 AM,WDC,BLOCK,1,265.4,,CALL,670,527.2,26540,12/15/2028,WHITE,0,875,F,STOCK,Information Technology,F,F,252521000000,11
7/24/2026,10:40:48 AM,CRWV,BLOCK,51,34,B,CALL,100,74.755,173400,12/15/2028,WHITE,0,875,F,STOCK,Information Technology,F,F,49810000000,6122
7/24/2026,10:40:50 AM,WDC,BLOCK,5,65.2,,PUT,270,527.2,32600,1/21/2028,WHITE,0,546,F,STOCK,Information Technology,F,F,252521000000,916
7/24/2026,10:40:58 AM,ASML,BLOCK,2,164.73,,PUT,1790,1768,32946,9/18/2026,WHITE,0,56,F,STOCK,Information Technology,F,F,758742000000,6
7/24/2026,10:40:59 AM,HOOD,BLOCK,33,13,,PUT,85,94.23,42900,1/15/2027,WHITE,0,175,F,STOCK,Financials,F,F,95192000000,6890
7/24/2026,10:40:59 AM,LLY,BLOCK,1,255,,CALL,1220,1202.5,25500,1/21/2028,WHITE,0,546,F,STOCK,Health Care,F,F,1037874000000,39
7/24/2026,10:41:02 AM,CRWV,ML/,57,4.6298,,PUT,75,74.755,26390,7/31/2026,WHITE,0,7,F,STOCK,Information Technology,F,T,49810000000,2684
7/24/2026,10:41:02 AM,CRWV,ML/,57,4.0702,,CALL,75,74.755,23200,7/31/2026,WHITE,0,7,F,STOCK,Information Technology,F,T,49810000000,463
7/24/2026,10:41:34 AM,ASML,BLOCK,1,307,,CALL,1680,1768,30700,12/18/2026,WHITE,0,147,F,STOCK,Information Technology,F,F,758742000000,31
7/24/2026,10:41:47 AM,PLTR,BLOCK,66,4.7,,CALL,130,123.117,31020,8/7/2026,WHITE,0,14,F,STOCK,Information Technology,F,T,286478000000,1660
7/24/2026,10:41:49 AM,WDC,ML/,5,53.83,,CALL,680,527.2,26915,10/16/2026,WHITE,0,84,F,STOCK,Information Technology,F,F,252521000000,68
7/24/2026,10:41:49 AM,WDC,ML/,5,51.75,,CALL,690,527.2,25875,10/16/2026,WHITE,0,84,F,STOCK,Information Technology,F,F,252521000000,0
7/24/2026,10:42:00 AM,HOOD,ML/,74,2.0803,,CALL,103,94.23,15394,7/31/2026,WHITE,0,7,F,STOCK,Financials,F,T,95192000000,2914
7/24/2026,10:42:03 AM,WDC,BLOCK,1,290,,CALL,550,527.2,29000,12/15/2028,WHITE,0,875,F,STOCK,Information Technology,F,F,252521000000,83
7/24/2026,10:42:03 AM,HOOD,ML/,37,9.95,,CALL,90,94.23,36815,8/21/2026,WHITE,0,28,F,STOCK,Financials,F,F,95192000000,9132
7/24/2026,10:42:07 AM,HOOD,ML/,15,18.02,,CALL,120,94.23,27030,6/17/2027,WHITE,0,328,F,STOCK,Financials,F,T,95192000000,1161
7/24/2026,10:42:25 AM,HOOD,ML/,20,15.39,,CALL,110,94.23,30780,2/19/2027,WHITE,0,210,F,STOCK,Financials,F,F,95192000000,384
7/24/2026,10:42:35 AM,HOOD,BLOCK,100,4.8,,CALL,100,94.23,48000,8/14/2026,WHITE,0,21,F,STOCK,Financials,F,T,95192000000,182
7/24/2026,10:43:02 AM,WDC,SWEEP,154,1.014,,CALL,700,523.64,15616,7/31/2026,WHITE,0,7,F,STOCK,Information Technology,F,T,252521000000,428
7/24/2026,10:43:19 AM,CRWV,BLOCK,39,13.1,,PUT,77.5,74.64,51090,9/18/2026,WHITE,0,56,F,STOCK,Information Technology,F,F,49810000000,2963
7/24/2026,10:43:30 AM,HOOD,SWEEP,92,5.65,,CALL,100,93.47,51980,8/21/2026,WHITE,0,28,F,STOCK,Financials,F,F,95192000000,13051
7/24/2026,10:43:10 AM,LLY,SWEEP,13,21.7,,CALL,1200,1196.91,28210,7/31/2026,WHITE,0,7,F,STOCK,Health Care,F,T,1037874000000,605
7/24/2026,10:44:34 AM,LLY,BLOCK,4,84.95,,CALL,1220,1196.42,33980,10/16/2026,WHITE,0,84,F,STOCK,Health Care,F,F,1037874000000,0
7/24/2026,10:43:35 AM,HOOD,SWEEP,408,5.65,B,CALL,100,93.47,230520,8/21/2026,WHITE,0,28,F,STOCK,Financials,F,F,95192000000,13051
7/24/2026,10:43:08 AM,LRCX,SWEEP,4,128.9,,PUT,370,307.21,51560,6/17/2027,WHITE,0,328,F,STOCK,Information Technology,F,T,512158000000,180
7/24/2026,10:43:11 AM,HOOD,SWEEP,500,1.3,,PUT,70,93.47,65000,8/28/2026,WHITE,0,35,F,STOCK,Financials,F,T,95192000000,0
7/24/2026,10:44:30 AM,LRCX,SWEEP,6,51.425,,CALL,310,307.84,30855,10/16/2026,WHITE,0,84,F,STOCK,Information Technology,F,F,512158000000,111
7/24/2026,10:43:17 AM,LRCX,ML/,5,66.83,,PUT,350,307.21,33415,9/18/2026,WHITE,0,56,F,STOCK,Information Technology,F,F,512158000000,1532
7/24/2026,10:43:17 AM,LRCX,ML/,5,65.27,,PUT,360,307.21,32635,8/21/2026,WHITE,0,28,F,STOCK,Information Technology,F,F,512158000000,5196
7/24/2026,10:43:21 AM,ASML,BLOCK,7,64.72,,PUT,1765,1758.09,45304,7/31/2026,WHITE,0,7,F,STOCK,Information Technology,F,T,758742000000,21
7/24/2026,10:43:22 AM,LLY,BLOCK,25,49.5828,,CALL,1200,1196.91,123957,8/7/2026,WHITE,0,14,F,STOCK,Health Care,F,T,1037874000000,151
7/24/2026,10:44:37 AM,LLY,BLOCK,4,84.7,,CALL,1220,1196.42,33880,10/16/2026,WHITE,0,84,F,STOCK,Health Care,F,F,1037874000000,165
7/24/2026,10:43:33 AM,LLY,ML/,1,264.23,,CALL,1200,1196.91,26423,1/21/2028,WHITE,0,546,F,STOCK,Health Care,F,F,1037874000000,186
7/24/2026,10:43:33 AM,LLY,ML/,1,272.78,,CALL,1180,1196.91,27278,1/21/2028,WHITE,0,546,F,STOCK,Health Care,F,F,1037874000000,30
7/24/2026,10:43:45 AM,CRWV,BLOCK,23,15.1,,PUT,77.5,74.64,34730,10/16/2026,WHITE,0,84,F,STOCK,Information Technology,F,F,49810000000,0
7/24/2026,10:44:55 AM,WDC,SWEEP,3,200.8,,PUT,450,524.43,60240,12/15/2028,WHITE,0,875,F,STOCK,Information Technology,F,F,252521000000,400
7/24/2026,10:43:50 AM,LRCX,SWEEP,38,9.3616,,PUT,250,307.21,35574,8/21/2026,WHITE,0,28,F,STOCK,Information Technology,F,F,512158000000,6630
7/24/2026,10:43:53 AM,LLY,SWEEP,14,25.85,,CALL,1275,1196.91,36190,8/14/2026,WHITE,0,21,F,STOCK,Health Care,F,T,1037874000000,0
7/24/2026,10:44:08 AM,HOOD,BLOCK,30,40.1,A,PUT,120,93.30,120300,5/21/2027,WHITE,0,301,F,STOCK,Financials,F,F,95192000000,75
7/24/2026,10:44:08 AM,HOOD,BLOCK,30,31.65,,PUT,110,93.30,94950,4/16/2027,WHITE,0,266,F,STOCK,Financials,F,F,95192000000,98
7/24/2026,10:44:10 AM,HOOD,BLOCK,62,5.05,,CALL,135,93.30,31310,11/20/2026,WHITE,0,119,F,STOCK,Financials,F,F,95192000000,0
7/24/2026,10:44:13 AM,HOOD,ML/,15,54.18,,CALL,50,93.30,81270,12/17/2027,WHITE,0,511,F,STOCK,Financials,F,F,95192000000,1405
7/24/2026,10:44:37 AM,ASML,BLOCK,4,120.3,,CALL,1660,1758.19,48120,7/31/2026,WHITE,0,7,F,STOCK,Information Technology,F,T,758742000000,0
7/24/2026,10:45:03 AM,WDC,BLOCK,2,163.8,,CALL,890,527.2,32760,1/21/2028,WHITE,0,546,F,STOCK,Information Technology,F,F,252521000000,0
7/24/2026,10:45:01 AM,LLY,SWEEP,14,18.3643,,CALL,1285,1202.5,25710,8/7/2026,WHITE,0,14,F,STOCK,Health Care,F,T,1037874000000,18
7/24/2026,10:45:06 AM,WDC,BLOCK,2,165.33,,CALL,890,527.2,33066,1/21/2028,WHITE,0,546,F,STOCK,Information Technology,F,F,252521000000,0
7/24/2026,10:45:13 AM,LRCX,BLOCK,250,13.5,B,PUT,220,306.63,337500,10/16/2026,WHITE,0,84,F,STOCK,Information Technology,F,F,512158000000,447
7/24/2026,10:45:14 AM,WDC,BLOCK,3,201.3733,,PUT,450,527.2,60412,12/15/2028,WHITE,0,875,F,STOCK,Information Technology,F,F,252521000000,400
7/24/2026,10:45:26 AM,WDC,BLOCK,2,163.6,,CALL,890,527.2,32720,1/21/2028,WHITE,0,546,F,STOCK,Information Technology,F,F,252521000000,0
7/24/2026,10:45:28 AM,HOOD,ML/,29,11.4721,,PUT,95,94.23,33269,9/18/2026,WHITE,0,56,F,STOCK,Financials,F,F,95192000000,2451
7/24/2026,10:45:32 AM,HOOD,ML/,57,5.29,,CALL,110,94.23,30153,9/18/2026,WHITE,0,56,F,STOCK,Financials,F,F,95192000000,4294
7/24/2026,10:45:32 AM,HOOD,ML/,57,11.53,B,PUT,95,94.23,65721,9/18/2026,WHITE,0,56,F,STOCK,Financials,F,F,95192000000,2451
7/24/2026,10:45:30 AM,CRWV,BLOCK,21,20.1314,,CALL,95,74.755,42276,6/17/2027,WHITE,0,328,F,STOCK,Information Technology,F,T,49810000000,295
7/24/2026,10:45:33 AM,WDC,BLOCK,2,164.825,B,CALL,890,527.2,32965,1/21/2028,WHITE,0,546,F,STOCK,Information Technology,F,F,252521000000,0
7/24/2026,10:45:55 AM,PLTR,BLOCK,249,0.84,,CALL,300,122.78,20916,1/15/2027,WHITE,0,175,F,STOCK,Information Technology,F,F,286478000000,6911
7/24/2026,10:45:57 AM,HOOD,ML/,68,2.1176,,CALL,103,94.23,14400,7/31/2026,WHITE,0,7,F,STOCK,Financials,F,T,95192000000,0
7/24/2026,10:46:01 AM,HOOD,ML/,60,2.1183,B,CALL,103,94.23,12710,7/31/2026,WHITE,0,7,F,STOCK,Financials,F,T,95192000000,2914
7/24/2026,10:46:01 AM,WDC,BLOCK,2,163.4,B,CALL,890,527.2,32680,1/21/2028,WHITE,0,546,F,STOCK,Information Technology,F,F,252521000000,0
7/24/2026,10:46:02 AM,LLY,BLOCK,5,53.3,,CALL,1210,1202.5,26650,8/21/2026,WHITE,0,28,F,STOCK,Health Care,F,F,1037874000000,129
7/24/2026,10:46:03 AM,WDC,ML/,49,91.64,,CALL,460,527.2,449036,8/14/2026,WHITE,0,21,F,STOCK,Information Technology,F,T,252521000000,102
7/24/2026,10:46:04 AM,WDC,BLOCK,2,164,B,CALL,890,527.2,32800,1/21/2028,WHITE,0,546,F,STOCK,Information Technology,F,F,252521000000,0
7/24/2026,10:46:16 AM,WDC,ML/,2,281.45,,CALL,400,527.2,56290,1/21/2028,WHITE,0,546,F,STOCK,Information Technology,F,F,252521000000,240
7/24/2026,10:46:16 AM,WDC,ML/,2,127.105,,CALL,1160,527.2,25421,1/21/2028,WHITE,0,546,F,STOCK,Information Technology,F,F,252521000000,82
7/24/2026,10:46:22 AM,LLY,BLOCK,100,1.25,,CALL,1300,1202.5,12500,7/31/2026,WHITE,0,7,F,STOCK,Health Care,F,T,1037874000000,508
7/24/2026,10:46:23 AM,WDC,ML/,50,92.054,A,CALL,460,527.2,460270,8/14/2026,WHITE,0,21,F,STOCK,Information Technology,F,T,252521000000,102
7/24/2026,10:46:32 AM,WDC,BLOCK,3,163.6,B,CALL,890,527.2,49080,1/21/2028,WHITE,0,546,F,STOCK,Information Technology,F,F,252521000000,0
7/24/2026,10:46:35 AM,HOOD,SWEEP,68,3.95,,CALL,97,94.23,26860,7/31/2026,WHITE,0,7,F,STOCK,Financials,F,T,95192000000,217
7/24/2026,10:46:42 AM,WDC,BLOCK,2,163.81,B,CALL,890,527.2,32762,1/21/2028,WHITE,0,546,F,STOCK,Information Technology,F,F,252521000000,0
7/24/2026,10:46:42 AM,PLTR,BLOCK,1000,23.1,,PUT,120,122.93,2310000,6/17/2027,WHITE,0,328,F,STOCK,Information Technology,F,T,286478000000,5988
7/24/2026,10:46:43 AM,HOOD,ML/,50,11.56,A,PUT,95,94.23,57800,9/18/2026,WHITE,0,56,F,STOCK,Financials,F,F,95192000000,2451
7/24/2026,10:46:43 AM,HOOD,ML/,50,5.29,,CALL,110,94.23,26450,9/18/2026,WHITE,0,56,F,STOCK,Financials,F,F,95192000000,4294
7/24/2026,10:46:45 AM,LLY,BLOCK,8,88.65,,PUT,1200,1202.5,70920,10/16/2026,WHITE,0,84,F,STOCK,Health Care,F,F,1037874000000,38
7/24/2026,10:46:46 AM,HOOD,BLOCK,35,12.3,,PUT,80,94.23,43050,2/19/2027,WHITE,0,210,F,STOCK,Financials,F,F,95192000000,0
7/24/2026,10:47:15 AM,PLTR,SWEEP,131,1.97,,PUT,95,122.80,25807,9/18/2026,WHITE,0,56,F,STOCK,Information Technology,F,F,286478000000,6192
7/24/2026,10:47:30 AM,HOOD,ML/,15,21.31,,PUT,100,94.23,31965,1/15/2027,WHITE,0,175,F,STOCK,Financials,F,F,95192000000,9465
7/24/2026,10:47:30 AM,HOOD,ML/,15,18.25,,PUT,95,94.23,27375,1/15/2027,WHITE,0,175,F,STOCK,Financials,F,F,95192000000,1153
7/24/2026,10:47:33 AM,HOOD,ML/,58,46.43,,CALL,50,94.23,269294,12/18/2026,WHITE,0,147,F,STOCK,Financials,F,F,95192000000,206
7/24/2026,10:47:40 AM,LLY,BLOCK,5,88.49,,PUT,1200,1202.5,44245,10/16/2026,WHITE,0,84,F,STOCK,Health Care,F,F,1037874000000,38
7/24/2026,10:47:42 AM,LLY,BLOCK,4,65.8,,PUT,1210,1202.5,26320,8/21/2026,WHITE,0,28,F,STOCK,Health Care,F,F,1037874000000,48
7/24/2026,10:47:51 AM,HOOD,BLOCK,100,2.9198,,CALL,100,94.23,29198,7/31/2026,WHITE,0,7,F,STOCK,Financials,F,T,95192000000,2390
7/24/2026,10:48:00 AM,LLY,ML/,25,54.67,,CALL,1200,1202.5,136675,8/14/2026,WHITE,0,21,F,STOCK,Health Care,F,T,1037874000000,147
7/24/2026,10:48:08 AM,WDC,BLOCK,5,79.55,,PUT,250,527.2,39775,12/15/2028,WHITE,0,875,F,STOCK,Information Technology,F,F,252521000000,97
7/24/2026,10:48:11 AM,ASML,BLOCK,10,31.5,,CALL,2020,1768,31500,8/21/2026,WHITE,0,28,F,STOCK,Information Technology,F,F,758742000000,101
7/24/2026,10:48:18 AM,CRWV,ML/,13,20.25,,CALL,70,74.755,26325,12/18/2026,WHITE,0,147,F,STOCK,Information Technology,F,F,49810000000,392
7/24/2026,10:48:28 AM,LLY,BLOCK,5,53.076,,CALL,1210,1202.5,26538,8/21/2026,WHITE,0,28,F,STOCK,Health Care,F,F,1037874000000,129
7/24/2026,10:48:38 AM,WDC,BLOCK,5,80.05,,PUT,250,527.2,40025,12/15/2028,WHITE,0,875,F,STOCK,Information Technology,F,F,252521000000,97
7/24/2026,10:48:49 AM,ASML,BLOCK,1,312.45,,CALL,1840,1768,31245,3/19/2027,WHITE,0,238,F,STOCK,Information Technology,F,F,758742000000,0
7/24/2026,10:48:50 AM,HOOD,ML/,20,14.154,,PUT,105,94.23,28308,8/7/2026,WHITE,0,14,F,STOCK,Financials,F,T,95192000000,0
7/24/2026,10:48:50 AM,HOOD,ML/,22,15.3141,,CALL,110,94.23,33691,2/19/2027,WHITE,0,210,F,STOCK,Financials,F,F,95192000000,384
7/24/2026,10:48:50 AM,WDC,ML/,1,285.34,,CALL,570,527.2,28534,12/15/2028,WHITE,0,875,F,STOCK,Information Technology,F,F,252521000000,12
7/24/2026,10:48:51 AM,WDC,ML/,1,285.14,,CALL,570,527.2,28514,12/15/2028,WHITE,0,875,F,STOCK,Information Technology,F,F,252521000000,12
7/24/2026,10:49:01 AM,CRWV,BLOCK,100,2.35,,PUT,70,74.755,23500,7/31/2026,WHITE,0,7,F,STOCK,Information Technology,F,T,49810000000,3684
7/24/2026,10:49:00 AM,WDC,ML/,1,291.12,,CALL,550,527.2,29112,12/15/2028,WHITE,0,875,F,STOCK,Information Technology,F,F,252521000000,83
7/24/2026,10:49:00 AM,WDC,ML/,2,195.945,,CALL,1140,527.2,39189,12/15/2028,WHITE,0,875,F,STOCK,Information Technology,F,F,252521000000,31
7/24/2026,10:49:00 AM,WDC,ML/,1,284.52,,CALL,580,527.2,28452,12/15/2028,WHITE,0,875,F,STOCK,Information Technology,F,F,252521000000,23
7/24/2026,10:49:01 AM,WDC,BLOCK,7,79.6,A,PUT,250,527.2,55720,12/15/2028,WHITE,0,875,F,STOCK,Information Technology,F,F,252521000000,97
7/24/2026,10:49:05 AM,WDC,ML/,1,290.92,,CALL,550,527.2,29092,12/15/2028,WHITE,0,875,F,STOCK,Information Technology,F,F,252521000000,83
7/24/2026,10:49:09 AM,CRWV,BLOCK,63,2.35,,PUT,70,74.755,14805,7/31/2026,WHITE,0,7,F,STOCK,Information Technology,F,T,49810000000,3684
7/24/2026,10:49:09 AM,LRCX,BLOCK,33,30.8,A,PUT,230,308.22,101640,1/15/2027,WHITE,0,175,F,STOCK,Information Technology,F,F,512158000000,2071
7/24/2026,10:49:13 AM,WDC,BLOCK,7,79.92,A,PUT,250,527.2,55944,12/15/2028,WHITE,0,875,F,STOCK,Information Technology,F,F,252521000000,97
7/24/2026,10:49:14 AM,CRWV,SWEEP,239,2.35,,PUT,70,74.755,56165,7/31/2026,WHITE,0,7,F,STOCK,Information Technology,F,T,49810000000,3684
7/24/2026,10:49:16 AM,CRWV,SWEEP,25,13.05,,PUT,77.5,74.755,32625,9/18/2026,WHITE,0,56,F,STOCK,Information Technology,F,F,49810000000,2963
7/24/2026,10:49:16 AM,CRWV,BLOCK,56,2.35,,PUT,70,74.755,13160,7/31/2026,WHITE,0,7,F,STOCK,Information Technology,F,T,49810000000,3684
7/24/2026,10:49:21 AM,WDC,ML/,1,283.9,,CALL,580,527.2,28390,12/15/2028,WHITE,0,875,F,STOCK,Information Technology,F,F,252521000000,23
7/24/2026,10:49:25 AM,CRWV,BLOCK,498,3.9133,,PUT,70,74.755,194884,8/7/2026,WHITE,0,14,F,STOCK,Information Technology,F,T,49810000000,1495
7/24/2026,10:49:29 AM,LLY,SWEEP,20,17.0775,,PUT,1090,1202.5,34155,8/14/2026,WHITE,0,21,F,STOCK,Health Care,F,T,1037874000000,0
7/24/2026,10:49:29 AM,WDC,BLOCK,3,105.75,,CALL,600,527.2,31725,12/18/2026,WHITE,0,147,F,STOCK,Information Technology,F,F,252521000000,371
7/24/2026,10:49:32 AM,CRWV,SWEEP,500,2.35,A,PUT,70,74.755,117500,7/31/2026,WHITE,0,7,F,STOCK,Information Technology,F,T,49810000000,3684
7/24/2026,10:49:37 AM,HOOD,BLOCK,14,29.05,,CALL,150,94.23,40670,12/15/2028,WHITE,0,875,F,STOCK,Financials,F,F,95192000000,306
7/24/2026,10:49:36 AM,WDC,BLOCK,11,79.4,A,PUT,250,527.2,87340,12/15/2028,WHITE,0,875,F,STOCK,Information Technology,F,F,252521000000,97
7/24/2026,10:49:36 AM,WDC,ML/,1,286.77,,CALL,570,527.2,28677,12/15/2028,WHITE,0,875,F,STOCK,Information Technology,F,F,252521000000,12
7/24/2026,10:49:38 AM,HOOD,BLOCK,33,29.05,,CALL,150,94.23,95865,12/15/2028,WHITE,0,875,F,STOCK,Financials,F,F,95192000000,305
7/24/2026,10:49:38 AM,ASML,ML/,20,12.7,,CALL,2020,1768,25400,8/7/2026,WHITE,0,14,F,STOCK,Information Technology,F,T,758742000000,0
7/24/2026,10:49:41 AM,HOOD,BLOCK,63,29.05,,CALL,150,94.23,183015,12/15/2028,WHITE,0,875,F,STOCK,Financials,F,F,95192000000,305
7/24/2026,10:49:42 AM,WDC,ML/,1,287.37,,CALL,570,527.2,28737,12/15/2028,WHITE,0,875,F,STOCK,Information Technology,F,F,252521000000,12
7/24/2026,10:49:52 AM,CRWV,BLOCK,50,2.34,,CALL,80,74.755,11700,7/31/2026,WHITE,0,7,F,STOCK,Information Technology,F,T,49810000000,8950
7/24/2026,10:49:57 AM,PLTR,BLOCK,9,78.7,,PUT,200,123.117,70830,1/15/2027,WHITE,0,175,F,STOCK,Information Technology,F,F,286478000000,1947
7/24/2026,10:49:58 AM,WDC,ML/,2,172.1,,PUT,690,527.2,34420,8/7/2026,WHITE,0,14,F,STOCK,Information Technology,F,T,252521000000,5
7/24/2026,10:49:58 AM,WDC,ML/,2,172.4,,PUT,675,527.2,34480,8/28/2026,WHITE,0,35,F,STOCK,Information Technology,F,T,252521000000,0
7/24/2026,10:49:59 AM,CRWV,SWEEP,502,2.3336,A,PUT,70,74.755,117148,7/31/2026,WHITE,0,7,F,STOCK,Information Technology,F,T,49810000000,3684
7/24/2026,10:50:03 AM,LLY,BLOCK,8,98.75,,PUT,1220,1202.5,79000,10/16/2026,WHITE,0,84,F,STOCK,Health Care,F,F,1037874000000,143
7/24/2026,10:50:17 AM,CRWV,BLOCK,50,9.56,,PUT,83,74.755,47800,7/31/2026,WHITE,0,7,F,STOCK,Information Technology,F,T,49810000000,701
7/24/2026,10:50:18 AM,LRCX,SWEEP,45,11.2522,,PUT,230,308.22,50635,9/18/2026,WHITE,0,56,F,STOCK,Information Technology,F,F,512158000000,1498
7/24/2026,10:50:30 AM,WDC,BLOCK,5,79.1,B,PUT,250,527.2,39550,12/15/2028,WHITE,0,875,F,STOCK,Information Technology,F,F,252521000000,97
7/24/2026,10:50:46 AM,ASML,BLOCK,3,136.72,,CALL,2900,1768,41016,6/17/2027,WHITE,0,328,F,STOCK,Information Technology,F,T,758742000000,158
7/24/2026,10:51:00 AM,ASML,BLOCK,3,137.4,,CALL,2900,1768,41220,6/17/2027,WHITE,0,328,F,STOCK,Information Technology,F,T,758742000000,158
7/24/2026,10:51:04 AM,WDC,ML/,34,20.9,,PUT,425,527.2,71060,8/21/2026,WHITE,0,28,F,STOCK,Information Technology,F,F,252521000000,0
7/24/2026,10:51:08 AM,HOOD,BLOCK,50,25.5,A,CALL,125,94.23,127500,1/21/2028,WHITE,0,546,F,STOCK,Financials,F,F,95192000000,1192
7/24/2026,10:51:21 AM,LRCX,BLOCK,116,6.71,,CALL,400,308.22,77836,8/21/2026,WHITE,0,28,F,STOCK,Information Technology,F,F,512158000000,6687
7/24/2026,10:51:22 AM,HOOD,BLOCK,11,25.8127,,PUT,90,94.23,28394,12/17/2027,WHITE,0,511,F,STOCK,Financials,F,F,95192000000,3797
7/24/2026,10:51:32 AM,ASML,BLOCK,3,136.35,,CALL,2900,1768,40905,6/17/2027,WHITE,0,328,F,STOCK,Information Technology,F,T,758742000000,158
7/24/2026,10:51:37 AM,WDC,SWEEP,7,100,,CALL,950,527.2,70000,6/17/2027,WHITE,0,328,F,STOCK,Information Technology,F,T,252521000000,0
7/24/2026,10:51:39 AM,PLTR,SWEEP,100,2.8,,CALL,125,123.117,28000,7/31/2026,WHITE,0,7,F,STOCK,Information Technology,F,T,286478000000,995
7/24/2026,10:51:41 AM,ASML,BLOCK,3,136.91,A,CALL,2900,1768,41073,6/17/2027,WHITE,0,328,F,STOCK,Information Technology,F,T,758742000000,158
7/24/2026,10:51:55 AM,HOOD,BLOCK,150,31.5,A,CALL,70,94.23,472500,12/18/2026,WHITE,0,147,F,STOCK,Financials,F,F,95192000000,654
7/24/2026,10:52:07 AM,HOOD,ML/,58,19.925,,CALL,220,94.23,115565,12/15/2028,WHITE,0,875,F,STOCK,Financials,F,F,95192000000,751
7/24/2026,10:52:07 AM,HOOD,ML/,58,18.075,,CALL,85,94.23,104835,10/16/2026,WHITE,0,84,F,STOCK,Financials,F,F,95192000000,1024
7/24/2026,10:52:11 AM,HOOD,SWEEP,90,3.829,,CALL,98,94.23,34461,7/31/2026,WHITE,0,7,F,STOCK,Financials,F,T,95192000000,180
7/24/2026,10:52:11 AM,CRWV,BLOCK,50,9.55,,PUT,75,74.755,47750,8/28/2026,WHITE,0,35,F,STOCK,Information Technology,F,T,49810000000,70
7/24/2026,10:52:12 AM,LRCX,BLOCK,50,7.3,,CALL,345,308.22,36500,7/31/2026,WHITE,0,7,F,STOCK,Information Technology,F,T,512158000000,620
7/24/2026,10:52:13 AM,WDC,BLOCK,15,63.1,,CALL,525,527.2,94650,8/21/2026,WHITE,0,28,F,STOCK,Information Technology,F,F,252521000000,0
7/24/2026,10:52:33 AM,ASML,BLOCK,2,136.7,B,CALL,2900,1768,27340,6/17/2027,WHITE,0,328,F,STOCK,Information Technology,F,T,758742000000,158
7/24/2026,10:52:34 AM,CRWV,BLOCK,95,9.1,,CALL,75,74.755,86450,8/21/2026,WHITE,0,28,F,STOCK,Information Technology,F,F,49810000000,3156
7/24/2026,10:52:41 AM,LRCX,SWEEP,12,46.8625,,CALL,300,308.22,56235,9/18/2026,WHITE,0,56,F,STOCK,Information Technology,F,F,512158000000,905
7/24/2026,10:52:51 AM,LLY,BLOCK,5,65.1,,PUT,1210,1202.5,32550,8/21/2026,WHITE,0,28,F,STOCK,Health Care,F,F,1037874000000,48
7/24/2026,10:52:54 AM,ASML,BLOCK,2,135.7,A,CALL,2900,1768,27140,6/17/2027,WHITE,0,328,F,STOCK,Information Technology,F,T,758742000000,158
7/24/2026,10:53:05 AM,CRWV,BLOCK,100,6.19,,PUT,75,74.755,61900,8/7/2026,WHITE,0,14,F,STOCK,Information Technology,F,T,49810000000,1275
7/24/2026,10:53:09 AM,LRCX,ML/,11,36.76,,PUT,320,308.22,40436,8/21/2026,WHITE,0,28,F,STOCK,Information Technology,F,F,512158000000,1190
7/24/2026,10:53:09 AM,LRCX,ML/,11,26.91,,CALL,320,308.22,29601,8/21/2026,WHITE,0,28,F,STOCK,Information Technology,F,F,512158000000,1821
7/24/2026,10:53:12 AM,PLTR,SWEEP,12,21.95,,PUT,140,123.117,26340,9/18/2026,WHITE,0,56,F,STOCK,Information Technology,F,F,286478000000,8772
7/24/2026,10:53:17 AM,CRWV,BLOCK,55,5.4,,CALL,73,74.755,29700,7/31/2026,WHITE,0,7,F,STOCK,Information Technology,F,T,49810000000,158
7/24/2026,10:53:32 AM,WDC,BLOCK,61,6.3,,CALL,800,527.2,38430,8/21/2026,WHITE,0,28,F,STOCK,Information Technology,F,F,252521000000,505
7/24/2026,10:53:52 AM,PLTR,SWEEP,60,2.79,,CALL,125,123.117,16740,7/31/2026,WHITE,0,7,F,STOCK,Information Technology,F,T,286478000000,995
7/24/2026,10:53:58 AM,CRWV,BLOCK,22,14.2,,CALL,75,74.755,31240,10/16/2026,WHITE,0,84,F,STOCK,Information Technology,F,F,49810000000,349
7/24/2026,10:54:21 AM,CRWV,BLOCK,24,13.1,,CALL,77.5,74.755,31440,10/16/2026,WHITE,0,84,F,STOCK,Information Technology,F,F,49810000000,166
7/24/2026,10:54:27 AM,LLY,BLOCK,1,407.06,,CALL,800,1202.5,40706,10/16/2026,WHITE,0,84,F,STOCK,Health Care,F,F,1037874000000,0
7/24/2026,10:54:35 AM,HOOD,BLOCK,50,13.05,,PUT,105,94.23,65250,7/31/2026,WHITE,0,7,F,STOCK,Financials,F,T,95192000000,1187
7/24/2026,10:54:37 AM,HOOD,BLOCK,41,22.98,,PUT,110,94.23,94218,10/16/2026,WHITE,0,84,F,STOCK,Financials,F,F,95192000000,2348
7/24/2026,10:54:56 AM,ASML,BLOCK,4,86.5,,CALL,2900,1768,34600,3/19/2027,WHITE,0,238,F,STOCK,Information Technology,F,F,758742000000,84
7/24/2026,10:54:59 AM,HOOD,BLOCK,10,61.23,,CALL,40,94.23,61230,1/21/2028,WHITE,0,546,F,STOCK,Financials,F,F,95192000000,0
7/24/2026,10:55:02 AM,PLTR,ML/,12,21.95,,PUT,140,123.117,26340,9/18/2026,WHITE,0,56,F,STOCK,Information Technology,F,F,286478000000,8772
7/24/2026,10:55:07 AM,HOOD,BLOCK,95,7.15,,PUT,95,94.23,67925,8/7/2026,WHITE,0,14,F,STOCK,Financials,F,T,95192000000,0
7/24/2026,10:55:21 AM,LLY,SWEEP,3,94.2167,,CALL,1200,1202.5,28265,10/16/2026,WHITE,0,84,F,STOCK,Health Care,F,F,1037874000000,441
7/24/2026,10:55:34 AM,LRCX,SWEEP,12,23.5708,,PUT,220,308.22,28285,12/18/2026,WHITE,0,147,F,STOCK,Information Technology,F,F,512158000000,578
7/24/2026,10:55:45 AM,CRWV,BLOCK,100,4.9865,,CALL,150,74.755,49865,1/15/2027,WHITE,0,175,F,STOCK,Information Technology,F,F,49810000000,14688
7/24/2026,10:55:45 AM,CRWV,BLOCK,66,23.75,,CALL,55,74.755,156750,9/18/2026,WHITE,0,56,F,STOCK,Information Technology,F,F,49810000000,131
7/24/2026,10:55:47 AM,ASML,ML/,1,355.15,,CALL,1440,1768,35515,8/28/2026,WHITE,0,35,F,STOCK,Information Technology,F,T,758742000000,0
7/24/2026,10:55:51 AM,CRWV,BLOCK,250,14,B,CALL,150,74.755,350000,9/17/2027,WHITE,0,420,F,STOCK,Information Technology,F,F,49810000000,760
7/24/2026,10:55:54 AM,CRWV,BLOCK,100,4.963,,CALL,150,74.755,49630,1/15/2027,WHITE,0,175,F,STOCK,Information Technology,F,F,49810000000,14688
7/24/2026,10:56:07 AM,HOOD,BLOCK,50,5.5,,PUT,94,94.23,27500,7/31/2026,WHITE,0,7,F,STOCK,Financials,F,T,95192000000,0
7/24/2026,10:56:08 AM,CRWV,BLOCK,24,29.4,,CALL,90,74.755,70560,1/21/2028,WHITE,0,546,F,STOCK,Information Technology,F,F,49810000000,855
7/24/2026,10:56:44 AM,PLTR,SWEEP,44,45.4989,,CALL,80,123.117,200195,10/16/2026,WHITE,0,84,F,STOCK,Information Technology,F,F,286478000000,423
7/24/2026,10:56:51 AM,LRCX,BLOCK,5,52.8,,CALL,420,308.22,26400,3/19/2027,WHITE,0,238,F,STOCK,Information Technology,F,F,512158000000,86
7/24/2026,10:56:56 AM,ASML,ML/,1,557.15,,CALL,1720,1768,55715,1/21/2028,WHITE,0,546,F,STOCK,Information Technology,F,F,758742000000,0
7/24/2026,10:56:56 AM,ASML,ML/,1,549.15,,CALL,1740,1768,54915,1/21/2028,WHITE,0,546,F,STOCK,Information Technology,F,F,758742000000,0
7/24/2026,10:56:59 AM,PLTR,BLOCK,202,16.9998,,PUT,115,123.117,343395,3/19/2027,WHITE,0,238,F,STOCK,Information Technology,F,F,286478000000,2165
7/24/2026,10:57:02 AM,WDC,SWEEP,41,13.25,,PUT,240,527.2,54325,12/18/2026,WHITE,0,147,F,STOCK,Information Technology,F,F,252521000000,264
7/24/2026,10:57:02 AM,ASML,BLOCK,1,440,,CALL,2000,1768,44000,12/17/2027,WHITE,0,511,F,STOCK,Information Technology,F,F,758742000000,32
7/24/2026,10:57:03 AM,ASML,ML/,2,925.28,,CALL,1000,1768,185056,12/17/2027,WHITE,0,511,F,STOCK,Information Technology,F,F,758742000000,5
7/24/2026,10:57:03 AM,ASML,ML/,2,865.72,,CALL,1000,1768,173144,6/17/2027,WHITE,0,328,F,STOCK,Information Technology,F,T,758742000000,187
7/24/2026,10:57:42 AM,HOOD,ML/,22,14.3,,PUT,107,94.23,31460,7/31/2026,WHITE,0,7,F,STOCK,Financials,F,T,95192000000,893
7/24/2026,10:59:56 AM,ASML,BLOCK,3,103.3,,CALL,1910,1768,30990,9/18/2026,WHITE,0,56,F,STOCK,Information Technology,F,F,758742000000,11
7/24/2026,10:59:57 AM,ASML,BLOCK,4,103.3,,CALL,1910,1768,41320,9/18/2026,WHITE,0,56,F,STOCK,Information Technology,F,F,758742000000,11
7/24/2026,10:59:55 AM,HOOD,BLOCK,35,33.2,B,PUT,110,94.23,116200,6/17/2027,WHITE,0,328,F,STOCK,Financials,F,T,95192000000,281
7/24/2026,11:00:08 AM,HOOD,BLOCK,45,19.8,,CALL,75,94.23,89100,7/31/2026,WHITE,0,7,F,STOCK,Financials,F,T,95192000000,172
7/24/2026,11:00:16 AM,HOOD,ML/,20,15.77,,CALL,80,94.23,31540,8/7/2026,WHITE,0,14,F,STOCK,Financials,F,T,95192000000,55
7/24/2026,11:00:23 AM,HOOD,BLOCK,61,16,,CALL,130,94.23,97600,6/17/2027,WHITE,0,328,F,STOCK,Financials,F,T,95192000000,1032
7/24/2026,11:00:46 AM,HOOD,BLOCK,60,3.24,,CALL,100,94.23,19440,7/31/2026,WHITE,0,7,F,STOCK,Financials,F,T,95192000000,2390
7/24/2026,11:00:53 AM,LRCX,BLOCK,10,136.4,B,CALL,200,308.22,136400,1/15/2027,WHITE,0,175,F,STOCK,Information Technology,F,F,512158000000,477
7/24/2026,11:00:56 AM,PLTR,BLOCK,41,47.25,A,CALL,80,123.117,193725,11/20/2026,WHITE,0,119,F,STOCK,Information Technology,F,F,286478000000,188
7/24/2026,11:00:57 AM,PLTR,SWEEP,55,4.05,,CALL,123,123.117,22275,7/31/2026,WHITE,0,7,F,STOCK,Information Technology,F,T,286478000000,239
7/24/2026,11:00:57 AM,PLTR,BLOCK,41,40.4,A,CALL,85,123.117,165640,9/18/2026,WHITE,0,56,F,STOCK,Information Technology,F,F,286478000000,10175
7/24/2026,11:01:02 AM,ASML,BLOCK,2,174.59,,PUT,1600,1768,34918,1/15/2027,WHITE,0,175,F,STOCK,Information Technology,F,F,758742000000,465
7/24/2026,11:01:12 AM,CRWV,BLOCK,100,6.6,,PUT,71,74.755,66000,8/21/2026,WHITE,0,28,F,STOCK,Information Technology,F,F,49810000000,0
7/24/2026,11:01:25 AM,LLY,BLOCK,1,491,,CALL,800,1202.5,49100,1/21/2028,WHITE,0,546,F,STOCK,Health Care,F,F,1037874000000,93
7/24/2026,11:01:29 AM,PLTR,BLOCK,50,4.9,,CALL,145,123.117,24500,9/18/2026,WHITE,0,56,F,STOCK,Information Technology,F,F,286478000000,3500
7/24/2026,11:01:31 AM,HOOD,BLOCK,27,21.38,,CALL,90,94.23,57726,1/15/2027,WHITE,0,175,F,STOCK,Financials,F,F,95192000000,2925
7/24/2026,11:02:07 AM,LLY,BLOCK,41,73,B,PUT,940,1202.5,299300,9/17/2027,WHITE,0,420,F,STOCK,Health Care,F,F,1037874000000,46
7/24/2026,11:02:23 AM,CRWV,BLOCK,196,0.55,,CALL,90,74.755,10780,7/31/2026,WHITE,0,7,F,STOCK,Information Technology,F,T,49810000000,4210
7/24/2026,11:02:39 AM,HOOD,BLOCK,500,0.85,,CALL,150,94.23,42500,9/18/2026,WHITE,0,56,F,STOCK,Financials,F,F,95192000000,7923
7/24/2026,11:02:50 AM,ASML,BLOCK,3,158.4933,,PUT,1790,1768,47548,9/18/2026,WHITE,0,56,F,STOCK,Information Technology,F,F,758742000000,6
7/24/2026,11:03:16 AM,CRWV,ML/,375,7.3118,,PUT,80,74.755,274191,7/31/2026,WHITE,0,7,F,STOCK,Information Technology,F,T,49810000000,3094
7/24/2026,11:03:16 AM,CRWV,ML/,375,2.2024,,PUT,70,74.755,82591,7/31/2026,WHITE,0,7,F,STOCK,Information Technology,F,T,49810000000,3684
7/24/2026,11:03:35 AM,PLTR,BLOCK,10,37,,PUT,135,123.117,37000,12/17/2027,WHITE,0,511,F,STOCK,Information Technology,F,F,286478000000,1003
7/24/2026,11:03:38 AM,ASML,BLOCK,3,98.64,,PUT,1180,1768,29592,6/17/2027,WHITE,0,328,F,STOCK,Information Technology,F,T,758742000000,18
7/24/2026,11:03:46 AM,LLY,ML/,22,18.2164,,CALL,1400,1202.5,40076,9/18/2026,WHITE,0,56,F,STOCK,Health Care,F,F,1037874000000,975
7/24/2026,11:03:46 AM,LLY,ML/,22,32.9282,,CALL,1320,1202.5,72442,9/18/2026,WHITE,0,56,F,STOCK,Health Care,F,F,1037874000000,849
7/24/2026,11:03:47 AM,LLY,ML/,25,18.9184,,CALL,1400,1202.5,47296,9/18/2026,WHITE,0,56,F,STOCK,Health Care,F,F,1037874000000,975
7/24/2026,11:03:47 AM,LLY,ML/,25,33.6984,,CALL,1320,1202.5,84246,9/18/2026,WHITE,0,56,F,STOCK,Health Care,F,F,1037874000000,849
7/24/2026,11:03:48 AM,LLY,ML/,24,18.8692,,CALL,1400,1202.5,45286,9/18/2026,WHITE,0,56,F,STOCK,Health Care,F,F,1037874000000,975
7/24/2026,11:03:48 AM,LLY,ML/,24,33.6692,,CALL,1320,1202.5,80806,9/18/2026,WHITE,0,56,F,STOCK,Health Care,F,F,1037874000000,849
7/24/2026,11:03:49 AM,LLY,ML/,9,33.01,,CALL,1320,1202.5,29709,9/18/2026,WHITE,0,56,F,STOCK,Health Care,F,F,1037874000000,849
7/24/2026,11:03:49 AM,CRWV,SWEEP,20,38.525,,PUT,82.5,74.755,77050,12/15/2028,WHITE,0,875,F,STOCK,Information Technology,F,F,49810000000,613
7/24/2026,11:03:51 AM,LLY,ML/,25,33.622,A,CALL,1320,1202.5,84055,9/18/2026,WHITE,0,56,F,STOCK,Health Care,F,F,1037874000000,849
7/24/2026,11:03:51 AM,LLY,ML/,25,18.822,A,CALL,1400,1202.5,47055,9/18/2026,WHITE,0,56,F,STOCK,Health Care,F,F,1037874000000,975
7/24/2026,11:03:54 AM,LLY,ML/,25,33.8464,A,CALL,1320,1202.5,84616,9/18/2026,WHITE,0,56,F,STOCK,Health Care,F,F,1037874000000,849
7/24/2026,11:03:54 AM,LLY,ML/,25,19.1064,A,CALL,1400,1202.5,47766,9/18/2026,WHITE,0,56,F,STOCK,Health Care,F,F,1037874000000,975
7/24/2026,11:03:55 AM,LLY,ML/,24,18.865,A,CALL,1400,1202.5,45276,9/18/2026,WHITE,0,56,F,STOCK,Health Care,F,F,1037874000000,975
7/24/2026,11:03:55 AM,LLY,ML/,24,33.635,A,CALL,1320,1202.5,80724,9/18/2026,WHITE,0,56,F,STOCK,Health Care,F,F,1037874000000,849
7/24/2026,11:03:57 AM,LLY,ML/,24,18.8833,A,CALL,1400,1202.5,45320,9/18/2026,WHITE,0,56,F,STOCK,Health Care,F,F,1037874000000,975
7/24/2026,11:03:57 AM,LLY,ML/,24,33.6133,A,CALL,1320,1202.5,80672,9/18/2026,WHITE,0,56,F,STOCK,Health Care,F,F,1037874000000,849
7/24/2026,11:03:59 AM,LLY,ML/,26,33.7519,A,CALL,1320,1202.5,87755,9/18/2026,WHITE,0,56,F,STOCK,Health Care,F,F,1037874000000,849
7/24/2026,11:03:59 AM,LLY,ML/,26,19.0119,A,CALL,1400,1202.5,49431,9/18/2026,WHITE,0,56,F,STOCK,Health Care,F,F,1037874000000,975
7/24/2026,11:04:00 AM,LLY,ML/,24,18.9446,AA,CALL,1400,1202.5,45467,9/18/2026,WHITE,0,56,F,STOCK,Health Care,F,F,1037874000000,975
7/24/2026,11:04:00 AM,LLY,ML/,24,33.6763,A,CALL,1320,1202.5,80823,9/18/2026,WHITE,0,56,F,STOCK,Health Care,F,F,1037874000000,849
7/24/2026,11:04:01 AM,LLY,ML/,24,32.9563,B,CALL,1320,1202.5,79095,9/18/2026,WHITE,0,56,F,STOCK,Health Care,F,F,1037874000000,849
7/24/2026,11:04:01 AM,LLY,ML/,24,18.2263,A,CALL,1400,1202.5,43743,9/18/2026,WHITE,0,56,F,STOCK,Health Care,F,F,1037874000000,975
7/24/2026,11:04:04 AM,CRWV,BLOCK,100,6.6,B,PUT,71,74.755,66000,8/21/2026,WHITE,0,28,F,STOCK,Information Technology,F,F,49810000000,0
7/24/2026,11:04:14 AM,LLY,ML/,25,18.996,AA,CALL,1400,1202.5,47490,9/18/2026,WHITE,0,56,F,STOCK,Health Care,F,F,1037874000000,975
7/24/2026,11:04:14 AM,LLY,ML/,25,33.686,A,CALL,1320,1202.5,84215,9/18/2026,WHITE,0,56,F,STOCK,Health Care,F,F,1037874000000,849
7/24/2026,11:04:15 AM,LLY,ML/,25,33.8084,A,CALL,1320,1202.5,84521,9/18/2026,WHITE,0,56,F,STOCK,Health Care,F,F,1037874000000,849
7/24/2026,11:04:15 AM,LLY,ML/,25,19.1184,AA,CALL,1400,1202.5,47796,9/18/2026,WHITE,0,56,F,STOCK,Health Care,F,F,1037874000000,975
7/24/2026,11:04:16 AM,ASML,ML/,3,94.4,,PUT,1650,1768,28320,9/18/2026,WHITE,0,56,F,STOCK,Information Technology,F,F,758742000000,0
7/24/2026,11:04:16 AM,ASML,ML/,4,90.55,,PUT,1640,1768,36220,9/18/2026,WHITE,0,56,F,STOCK,Information Technology,F,F,758742000000,121
7/24/2026,11:04:17 AM,LLY,ML/,26,33.8346,A,CALL,1320,1202.5,87970,9/18/2026,WHITE,0,56,F,STOCK,Health Care,F,F,1037874000000,849
7/24/2026,11:04:17 AM,LLY,ML/,26,19.1442,AA,CALL,1400,1202.5,49775,9/18/2026,WHITE,0,56,F,STOCK,Health Care,F,F,1037874000000,975
7/24/2026,11:04:18 AM,LLY,ML/,25,33.57,A,CALL,1320,1202.5,83925,9/18/2026,WHITE,0,56,F,STOCK,Health Care,F,F,1037874000000,849
7/24/2026,11:04:18 AM,LLY,ML/,25,18.87,AA,CALL,1400,1202.5,47175,9/18/2026,WHITE,0,56,F,STOCK,Health Care,F,F,1037874000000,975
7/24/2026,11:04:17 AM,LRCX,BLOCK,15,70.45,,PUT,370,308.22,105675,8/21/2026,WHITE,0,28,F,STOCK,Information Technology,F,F,512158000000,435
7/24/2026,11:04:22 AM,HOOD,BLOCK,15,18.9,,CALL,80,94.23,28350,9/18/2026,WHITE,0,56,F,STOCK,Financials,F,F,95192000000,1540
7/24/2026,11:04:38 AM,LRCX,SWEEP,3,133.9833,,PUT,430,308.22,40195,10/16/2026,WHITE,0,84,F,STOCK,Information Technology,F,F,512158000000,41
7/24/2026,11:04:41 AM,CRWV,SWEEP,20,33.45,,PUT,75,74.755,66900,12/15/2028,WHITE,0,875,F,STOCK,Information Technology,F,F,49810000000,1429
7/24/2026,11:04:43 AM,LRCX,BLOCK,2,177.6,,PUT,480,308.22,35520,10/16/2026,WHITE,0,84,F,STOCK,Information Technology,F,F,512158000000,0
7/24/2026,11:04:43 AM,LRCX,BLOCK,2,177.7,,PUT,480,308.22,35540,10/16/2026,WHITE,0,84,F,STOCK,Information Technology,F,F,512158000000,0
7/24/2026,11:04:47 AM,LRCX,BLOCK,3,159.75,,PUT,460,308.22,47925,10/16/2026,WHITE,0,84,F,STOCK,Information Technology,F,F,512158000000,0
7/24/2026,11:04:48 AM,LRCX,BLOCK,3,159.55,,PUT,460,308.22,47865,10/16/2026,WHITE,0,84,F,STOCK,Information Technology,F,F,512158000000,0
7/24/2026,11:04:51 AM,HOOD,ML/,24,15.85,,CALL,95,94.23,38040,11/20/2026,WHITE,0,119,F,STOCK,Financials,F,F,95192000000,1211
7/24/2026,11:04:51 AM,HOOD,ML/,24,13.98,,CALL,100,94.23,33552,11/20/2026,WHITE,0,119,F,STOCK,Financials,F,F,95192000000,1880
7/24/2026,11:04:58 AM,LLY,ML/,22,33.5282,,CALL,1320,1202.5,73762,9/18/2026,WHITE,0,56,F,STOCK,Health Care,F,F,1037874000000,849
7/24/2026,11:04:58 AM,LLY,ML/,22,18.8982,A,CALL,1400,1202.5,41576,9/18/2026,WHITE,0,56,F,STOCK,Health Care,F,F,1037874000000,975
7/24/2026,11:04:59 AM,LLY,ML/,26,32.8362,B,CALL,1320,1202.5,85374,9/18/2026,WHITE,0,56,F,STOCK,Health Care,F,F,1037874000000,849
7/24/2026,11:04:59 AM,LLY,ML/,26,18.1962,A,CALL,1400,1202.5,47310,9/18/2026,WHITE,0,56,F,STOCK,Health Care,F,F,1037874000000,975
7/24/2026,11:05:00 AM,LLY,ML/,26,32.9546,A,CALL,1320,1202.5,85682,9/18/2026,WHITE,0,56,F,STOCK,Health Care,F,F,1037874000000,849
7/24/2026,11:05:00 AM,LLY,ML/,26,18.2446,A,CALL,1400,1202.5,47436,9/18/2026,WHITE,0,56,F,STOCK,Health Care,F,F,1037874000000,975
7/24/2026,11:05:01 AM,LLY,ML/,25,32.812,A,CALL,1320,1202.5,82030,9/18/2026,WHITE,0,56,F,STOCK,Health Care,F,F,1037874000000,849
7/24/2026,11:05:01 AM,LLY,ML/,25,18.112,A,CALL,1400,1202.5,45280,9/18/2026,WHITE,0,56,F,STOCK,Health Care,F,F,1037874000000,975
7/24/2026,11:05:03 AM,LLY,ML/,23,32.8361,A,CALL,1320,1202.5,75523,9/18/2026,WHITE,0,56,F,STOCK,Health Care,F,F,1037874000000,849
7/24/2026,11:05:03 AM,LLY,ML/,23,18.1461,A,CALL,1400,1202.5,41736,9/18/2026,WHITE,0,56,F,STOCK,Health Care,F,F,1037874000000,975
7/24/2026,11:05:09 AM,ASML,BLOCK,1,332,,CALL,2900,1768,33200,6/16/2028,WHITE,0,693,F,STOCK,Information Technology,F,F,758742000000,12
7/24/2026,11:05:09 AM,CRWV,SWEEP,33,14.35,,CALL,125,74.755,47355,6/17/2027,WHITE,0,328,F,STOCK,Information Technology,F,T,49810000000,636
7/24/2026,11:05:14 AM,LLY,ML/,24,32.3533,B,CALL,1320,1202.5,77648,9/18/2026,WHITE,0,56,F,STOCK,Health Care,F,F,1037874000000,849
7/24/2026,11:05:14 AM,LLY,ML/,24,17.6771,B,CALL,1400,1202.5,42425,9/18/2026,WHITE,0,56,F,STOCK,Health Care,F,F,1037874000000,975
7/24/2026,11:05:15 AM,LLY,ML/,32,18.0047,A,CALL,1400,1202.5,57615,9/18/2026,WHITE,0,56,F,STOCK,Health Care,F,F,1037874000000,975
7/24/2026,11:05:15 AM,LLY,ML/,27,32.7674,A,CALL,1320,1202.5,88472,9/18/2026,WHITE,0,56,F,STOCK,Health Care,F,F,1037874000000,849
7/24/2026,11:05:16 AM,LLY,ML/,25,33.0224,A,CALL,1320,1202.5,82556,9/18/2026,WHITE,0,56,F,STOCK,Health Care,F,F,1037874000000,849
7/24/2026,11:05:16 AM,LLY,ML/,25,18.3424,A,CALL,1400,1202.5,45856,9/18/2026,WHITE,0,56,F,STOCK,Health Care,F,F,1037874000000,975
7/24/2026,11:05:17 AM,HOOD,SWEEP,74,2.67,,CALL,125,94.23,19758,9/18/2026,WHITE,0,56,F,STOCK,Financials,F,F,95192000000,1680
7/24/2026,11:05:18 AM,LLY,ML/,10,32.68,B,CALL,1320,1202.5,32680,9/18/2026,WHITE,0,56,F,STOCK,Health Care,F,F,1037874000000,849
7/24/2026,11:05:18 AM,LRCX,BLOCK,8,82.4,,PUT,300,308.22,65920,6/17/2027,WHITE,0,328,F,STOCK,Information Technology,F,T,512158000000,99
7/24/2026,11:05:24 AM,LLY,ML/,24,17.8904,A,CALL,1400,1202.5,42937,9/18/2026,WHITE,0,56,F,STOCK,Health Care,F,F,1037874000000,975
7/24/2026,11:05:24 AM,LLY,ML/,24,32.5504,B,CALL,1320,1202.5,78121,9/18/2026,WHITE,0,56,F,STOCK,Health Care,F,F,1037874000000,849
7/24/2026,11:05:25 AM,LLY,ML/,19,18.1337,A,CALL,1400,1202.5,34454,9/18/2026,WHITE,0,56,F,STOCK,Health Care,F,F,1037874000000,975
7/24/2026,11:05:25 AM,LLY,ML/,19,32.86,A,CALL,1320,1202.5,62434,9/18/2026,WHITE,0,56,F,STOCK,Health Care,F,F,1037874000000,849
7/24/2026,11:05:33 AM,ASML,BLOCK,1,268.5,,PUT,1620,1768,26850,6/17/2027,WHITE,0,328,F,STOCK,Information Technology,F,T,758742000000,0
7/24/2026,11:05:55 AM,ASML,BLOCK,1,268.6,,PUT,1620,1768,26860,6/17/2027,WHITE,0,328,F,STOCK,Information Technology,F,T,758742000000,0
7/24/2026,11:06:11 AM,HOOD,BLOCK,92,7,,PUT,95,94.23,64400,8/7/2026,WHITE,0,14,F,STOCK,Financials,F,T,95192000000,0
7/24/2026,11:06:34 AM,CRWV,SWEEP,51,2.2,,CALL,100,74.755,11220,8/21/2026,WHITE,0,28,F,STOCK,Information Technology,F,F,49810000000,66388
7/24/2026,11:06:35 AM,LRCX,SWEEP,4,64.5625,,CALL,320,308.22,25825,12/18/2026,WHITE,0,147,F,STOCK,Information Technology,F,F,512158000000,562
7/24/2026,11:06:36 AM,LRCX,BLOCK,10,56.8,,CALL,340,308.22,56800,12/18/2026,WHITE,0,147,F,STOCK,Information Technology,F,F,512158000000,1302
7/24/2026,11:06:48 AM,ASML,BLOCK,6,374.5,B,CALL,1480,1768,224700,10/16/2026,WHITE,0,84,F,STOCK,Information Technology,F,F,758742000000,39
7/24/2026,11:06:51 AM,CRWV,ML/,9,61.45,,PUT,115,74.755,55305,12/15/2028,WHITE,0,875,F,STOCK,Information Technology,F,F,49810000000,161
7/24/2026,11:06:51 AM,CRWV,ML/,9,57.67,,PUT,110,74.755,51903,12/15/2028,WHITE,0,875,F,STOCK,Information Technology,F,F,49810000000,315
7/24/2026,11:06:57 AM,LRCX,BLOCK,50,53.1,,CALL,370,308.22,265500,1/15/2027,WHITE,0,175,F,STOCK,Information Technology,F,F,512158000000,1301
7/24/2026,11:06:59 AM,HOOD,ML/,75,7,,CALL,140,94.23,52500,1/15/2027,WHITE,0,175,F,STOCK,Financials,F,F,95192000000,7086
7/24/2026,11:06:59 AM,HOOD,ML/,75,3.42,,CALL,180,94.23,25650,1/15/2027,WHITE,0,175,F,STOCK,Financials,F,F,95192000000,11502
7/24/2026,11:06:59 AM,HOOD,ML/,27,37.05,,CALL,85,94.23,100035,12/17/2027,WHITE,0,511,F,STOCK,Financials,F,F,95192000000,2221
7/24/2026,11:06:59 AM,HOOD,ML/,27,37.7,,CALL,110,94.23,101790,12/15/2028,WHITE,0,875,F,STOCK,Financials,F,F,95192000000,166
7/24/2026,11:07:03 AM,HOOD,ML/,81,7.7998,,CALL,120,94.23,63178,11/20/2026,WHITE,0,119,F,STOCK,Financials,F,F,95192000000,854
7/24/2026,11:07:04 AM,PLTR,ML/,26,40.15,,PUT,140,123.117,104390,12/17/2027,WHITE,0,511,F,STOCK,Information Technology,F,F,286478000000,2102
7/24/2026,11:07:04 AM,PLTR,ML/,26,38.13,,PUT,145,123.117,99138,6/17/2027,WHITE,0,328,F,STOCK,Information Technology,F,T,286478000000,5901
7/24/2026,11:07:14 AM,HOOD,BLOCK,20,62.95,A,PUT,155,94.23,125900,11/20/2026,WHITE,0,119,F,STOCK,Financials,F,F,95192000000,20
7/24/2026,11:07:45 AM,WDC,BLOCK,4,67.85,,PUT,500,527.2,27140,9/18/2026,WHITE,0,56,F,STOCK,Information Technology,F,F,252521000000,256
7/24/2026,11:07:57 AM,HOOD,BLOCK,50,5.7,,CALL,150,94.23,28500,1/15/2027,WHITE,0,175,F,STOCK,Financials,F,F,95192000000,11833
7/24/2026,11:07:58 AM,LRCX,BLOCK,9,127.5,B,PUT,370,308.22,114750,6/17/2027,WHITE,0,328,F,STOCK,Information Technology,F,T,512158000000,180
7/24/2026,11:08:15 AM,CRWV,BLOCK,17,20.2,,CALL,60,74.755,34340,9/18/2026,WHITE,0,56,F,STOCK,Information Technology,F,F,49810000000,270
7/24/2026,11:08:20 AM,WDC,SWEEP,24,83.1,,PUT,470,527.2,199440,11/20/2026,WHITE,0,119,F,STOCK,Information Technology,F,F,252521000000,163
7/24/2026,11:08:20 AM,WDC,ML/,5,134.93,,CALL,490,527.2,67465,11/20/2026,WHITE,0,119,F,STOCK,Information Technology,F,F,252521000000,127
7/24/2026,11:08:20 AM,WDC,ML/,4,88.25,,PUT,480,527.2,35300,11/20/2026,WHITE,0,119,F,STOCK,Information Technology,F,F,252521000000,0
7/24/2026,11:08:20 AM,WDC,SWEEP,29,72.2983,,PUT,480,527.2,209665,10/16/2026,WHITE,0,84,F,STOCK,Information Technology,F,F,252521000000,63
7/24/2026,11:08:20 AM,WDC,ML/,2,141.325,,CALL,480,527.2,28265,11/20/2026,WHITE,0,119,F,STOCK,Information Technology,F,F,252521000000,13
7/24/2026,11:08:20 AM,WDC,SWEEP,6,76.9417,,PUT,490,527.2,46165,10/16/2026,WHITE,0,84,F,STOCK,Information Technology,F,F,252521000000,0
7/24/2026,11:08:20 AM,WDC,BLOCK,21,92.5019,,PUT,520,527.2,194254,10/16/2026,WHITE,0,84,F,STOCK,Information Technology,F,F,252521000000,70
7/24/2026,11:08:20 AM,WDC,ML/,25,98.786,,PUT,500,527.2,246965,11/20/2026,WHITE,0,119,F,STOCK,Information Technology,F,F,252521000000,52
7/24/2026,11:08:20 AM,WDC,ML/,6,130.4667,,CALL,500,527.2,78280,11/20/2026,WHITE,0,119,F,STOCK,Information Technology,F,F,252521000000,55
7/24/2026,11:08:35 AM,CRWV,BLOCK,7,43.65,,PUT,90,74.755,30555,12/15/2028,WHITE,0,875,F,STOCK,Information Technology,F,F,49810000000,573
7/24/2026,11:09:03 AM,LRCX,BLOCK,6,72.5,,PUT,300,308.22,43500,3/19/2027,WHITE,0,238,F,STOCK,Information Technology,F,F,512158000000,811
7/24/2026,11:09:56 AM,LRCX,BLOCK,9,110.2,,PUT,360,308.22,99180,3/19/2027,WHITE,0,238,F,STOCK,Information Technology,F,F,512158000000,39
7/24/2026,11:10:51 AM,HOOD,BLOCK,100,3.05,,CALL,100,94.23,30500,7/31/2026,WHITE,0,7,F,STOCK,Financials,F,T,95192000000,2390
7/24/2026,11:10:53 AM,LRCX,SWEEP,18,26.5278,,PUT,280,308.22,47750,9/18/2026,WHITE,0,56,F,STOCK,Information Technology,F,F,512158000000,3226
7/24/2026,11:10:53 AM,LRCX,SWEEP,61,22.6992,,PUT,270,308.22,138465,9/18/2026,WHITE,0,56,F,STOCK,Information Technology,F,F,512158000000,1629
7/24/2026,11:10:56 AM,HOOD,ML/,50,14.27,,PUT,90,94.23,71350,12/18/2026,WHITE,0,147,F,STOCK,Financials,F,F,95192000000,2008
7/24/2026,11:10:56 AM,HOOD,ML/,50,13.72,,CALL,105,94.23,68600,12/18/2026,WHITE,0,147,F,STOCK,Financials,F,F,95192000000,1393
7/24/2026,11:10:59 AM,WDC,BLOCK,10,107.9,A,CALL,480,527.2,107900,9/18/2026,WHITE,0,56,F,STOCK,Information Technology,F,F,252521000000,486
7/24/2026,11:11:03 AM,CRWV,ML/,15,29.29,,PUT,80,74.755,43935,9/17/2027,WHITE,0,420,F,STOCK,Information Technology,F,F,49810000000,786
7/24/2026,11:11:03 AM,CRWV,ML/,15,28.57,,PUT,82.5,74.755,42855,6/17/2027,WHITE,0,328,F,STOCK,Information Technology,F,T,49810000000,105
7/24/2026,11:11:04 AM,CRWV,BLOCK,83,20.2064,,CALL,60,74.755,167713,9/18/2026,WHITE,0,56,F,STOCK,Information Technology,F,F,49810000000,270
7/24/2026,11:11:29 AM,LLY,BLOCK,2,181.73,,CALL,1040,1202.5,36346,9/18/2026,WHITE,0,56,F,STOCK,Health Care,F,F,1037874000000,1608
7/24/2026,11:11:42 AM,ASML,BLOCK,2,283.68,,CALL,1620,1768,56736,10/16/2026,WHITE,0,84,F,STOCK,Information Technology,F,F,758742000000,0
7/24/2026,11:12:09 AM,ASML,BLOCK,1,365,,CALL,2720,1768,36500,6/16/2028,WHITE,0,693,F,STOCK,Information Technology,F,F,758742000000,3
7/24/2026,11:12:18 AM,WDC,BLOCK,10,129.8,,CALL,510,527.2,129800,11/20/2026,WHITE,0,119,F,STOCK,Information Technology,F,F,252521000000,105
7/24/2026,11:12:21 AM,CRWV,BLOCK,50,6.2002,,PUT,70,74.755,31001,8/21/2026,WHITE,0,28,F,STOCK,Information Technology,F,F,49810000000,4825
7/24/2026,11:12:24 AM,ASML,BLOCK,1,365.64,,CALL,2720,1768,36564,6/16/2028,WHITE,0,693,F,STOCK,Information Technology,F,F,758742000000,3
7/24/2026,11:12:43 AM,ASML,BLOCK,1,364.6,,CALL,2720,1768,36460,6/16/2028,WHITE,0,693,F,STOCK,Information Technology,F,F,758742000000,3
7/24/2026,11:12:49 AM,HOOD,ML/,61,5.2041,,PUT,94,94.23,31745,7/31/2026,WHITE,0,7,F,STOCK,Financials,F,T,95192000000,0
7/24/2026,11:12:49 AM,HOOD,ML/,61,5.7,,PUT,95,94.23,34770,7/31/2026,WHITE,0,7,F,STOCK,Financials,F,T,95192000000,1259
7/24/2026,11:12:57 AM,PLTR,BLOCK,15,21.29,,PUT,145,123.117,31935,7/31/2026,WHITE,0,7,F,STOCK,Information Technology,F,T,286478000000,301
7/24/2026,11:12:58 AM,HOOD,SWEEP,159,3.2,,CALL,100,94.23,50880,7/31/2026,WHITE,0,7,F,STOCK,Financials,F,T,95192000000,2390
7/24/2026,11:13:02 AM,HOOD,SWEEP,821,3.1569,B,CALL,100,94.23,259180,7/31/2026,WHITE,0,7,F,STOCK,Financials,F,T,95192000000,2390
7/24/2026,11:13:06 AM,CRWV,BLOCK,30,12.1,,CALL,100,74.755,36300,1/15/2027,WHITE,0,175,F,STOCK,Information Technology,F,F,49810000000,9483
7/24/2026,11:13:09 AM,PLTR,BLOCK,100,1.3503,,PUT,105,123.117,13503,8/7/2026,WHITE,0,14,F,STOCK,Information Technology,F,T,286478000000,946
7/24/2026,11:13:20 AM,ASML,BLOCK,4,128.51,,CALL,1660,1768,51404,7/31/2026,WHITE,0,7,F,STOCK,Information Technology,F,T,758742000000,0
7/24/2026,11:13:24 AM,PLTR,BLOCK,100,3,,CALL,125,123.117,30000,7/31/2026,WHITE,0,7,F,STOCK,Information Technology,F,T,286478000000,995
7/24/2026,11:14:04 AM,HOOD,BLOCK,100,3.75,,CALL,130,94.23,37500,10/16/2026,WHITE,0,84,F,STOCK,Financials,F,F,95192000000,1299
7/24/2026,11:14:10 AM,CRWV,BLOCK,166,4.6,,PUT,60,74.755,76360,9/18/2026,WHITE,0,56,F,STOCK,Information Technology,F,F,49810000000,8622
7/24/2026,11:14:25 AM,HOOD,BLOCK,10,37,,CALL,115,94.23,37000,12/15/2028,WHITE,0,875,F,STOCK,Financials,F,F,95192000000,243
7/24/2026,11:14:27 AM,LLY,SWEEP,9,35.5611,,CALL,1520,1202.5,32005,12/18/2026,WHITE,0,147,F,STOCK,Health Care,F,F,1037874000000,0
7/24/2026,11:14:29 AM,WDC,ML/,3,86.58,,CALL,450,527.2,25974,7/31/2026,WHITE,0,7,F,STOCK,Information Technology,F,T,252521000000,0
7/24/2026,11:14:52 AM,HOOD,BLOCK,100,33.1,B,CALL,130,94.23,331000,12/15/2028,WHITE,0,875,F,STOCK,Financials,F,F,95192000000,274
7/24/2026,11:14:58 AM,LRCX,ML/,150,53.27,,PUT,300,308.22,799050,11/20/2026,WHITE,0,119,F,STOCK,Information Technology,F,F,512158000000,592
7/24/2026,11:15:07 AM,PLTR,BLOCK,41,31.75,A,CALL,95,123.117,130175,9/18/2026,WHITE,0,56,F,STOCK,Information Technology,F,F,286478000000,788
7/24/2026,11:15:07 AM,PLTR,BLOCK,41,54.3,,CALL,80,123.117,222630,6/17/2027,WHITE,0,328,F,STOCK,Information Technology,F,T,286478000000,760
7/24/2026,11:15:08 AM,HOOD,BLOCK,13,21.25,,PUT,113,94.23,27625,9/4/2026,WHITE,0,42,F,STOCK,Financials,F,T,95192000000,0
7/24/2026,11:15:14 AM,HOOD,BLOCK,20,15.71,,CALL,80,94.23,31420,7/31/2026,WHITE,0,7,F,STOCK,Financials,F,T,95192000000,99
7/24/2026,11:15:14 AM,LRCX,BLOCK,10,72.86,,CALL,350,308.22,72860,3/19/2027,WHITE,0,238,F,STOCK,Information Technology,F,F,512158000000,138
7/24/2026,11:15:19 AM,CRWV,BLOCK,80,3.3,,PUT,42.5,74.755,26400,12/18/2026,WHITE,0,147,F,STOCK,Information Technology,F,F,49810000000,95
7/24/2026,11:15:20 AM,ASML,ML/,100,3.11,,CALL,2180,1768,31100,8/7/2026,WHITE,0,14,F,STOCK,Information Technology,F,T,758742000000,0
7/24/2026,11:15:20 AM,ASML,ML/,100,2.9,,CALL,2190,1768,29000,8/7/2026,WHITE,0,14,F,STOCK,Information Technology,F,T,758742000000,0
7/24/2026,11:15:35 AM,HOOD,BLOCK,111,12.9508,,CALL,200,94.23,143754,12/17/2027,WHITE,0,511,F,STOCK,Financials,F,F,95192000000,438
7/24/2026,11:15:39 AM,HOOD,BLOCK,57,4.0804,,CALL,145,94.23,23258,11/20/2026,WHITE,0,119,F,STOCK,Financials,F,F,95192000000,134
7/24/2026,11:15:40 AM,HOOD,BLOCK,70,4.0803,,CALL,145,94.23,28562,11/20/2026,WHITE,0,119,F,STOCK,Financials,F,F,95192000000,134
7/24/2026,11:15:41 AM,HOOD,SWEEP,26,12.9077,A,CALL,200,94.23,33560,12/17/2027,WHITE,0,511,F,STOCK,Financials,F,F,95192000000,438
7/24/2026,11:15:56 AM,HOOD,SWEEP,50,3.55,A,CALL,100,94.23,17750,7/31/2026,WHITE,0,7,F,STOCK,Financials,F,T,95192000000,2390
7/24/2026,11:15:59 AM,LRCX,BLOCK,8,106.05,,PUT,340,308.22,84840,6/17/2027,WHITE,0,328,F,STOCK,Information Technology,F,T,512158000000,136
7/24/2026,11:16:22 AM,LLY,BLOCK,2,410.3,,CALL,800,1202.5,82060,10/16/2026,WHITE,0,84,F,STOCK,Health Care,F,F,1037874000000,0
7/24/2026,11:16:29 AM,PLTR,ML/,614,2.3274,,CALL,127,123.117,142900,7/31/2026,WHITE,0,7,F,STOCK,Information Technology,F,T,286478000000,4534
7/24/2026,11:16:29 AM,PLTR,ML/,511,1.126,,CALL,131,123.117,57537,7/31/2026,WHITE,0,7,F,STOCK,Information Technology,F,T,286478000000,4734
7/24/2026,11:16:29 AM,PLTR,ML/,83,2.35,AA,CALL,127,123.117,19505,7/31/2026,WHITE,0,7,F,STOCK,Information Technology,F,T,286478000000,4534
7/24/2026,11:16:29 AM,PLTR,ML/,186,1.1413,,CALL,131,123.117,21228,7/31/2026,WHITE,0,7,F,STOCK,Information Technology,F,T,286478000000,4734
7/24/2026,11:16:31 AM,PLTR,BLOCK,200,3.2,,CALL,125,123.117,64000,7/31/2026,WHITE,0,7,F,STOCK,Information Technology,F,T,286478000000,995
7/24/2026,11:16:44 AM,HOOD,BLOCK,30,33.1,B,CALL,130,94.23,99300,12/15/2028,WHITE,0,875,F,STOCK,Financials,F,F,95192000000,274
7/24/2026,11:17:00 AM,PLTR,BLOCK,100,1.33,,CALL,130,123.117,13300,7/31/2026,WHITE,0,7,F,STOCK,Information Technology,F,T,286478000000,22997
7/24/2026,11:17:14 AM,HOOD,SWEEP,45,6,,CALL,140,94.23,27000,12/18/2026,WHITE,0,147,F,STOCK,Financials,F,F,95192000000,1296
7/24/2026,11:17:23 AM,PLTR,ML/,264,2.2473,,CALL,127,123.117,59328,7/31/2026,WHITE,0,7,F,STOCK,Information Technology,F,T,286478000000,4534
7/24/2026,11:17:23 AM,PLTR,ML/,264,1.0873,,CALL,131,123.117,28704,7/31/2026,WHITE,0,7,F,STOCK,Information Technology,F,T,286478000000,4734
7/24/2026,11:17:26 AM,HOOD,SWEEP,22,14.3,,CALL,100,94.23,31460,11/20/2026,WHITE,0,119,F,STOCK,Financials,F,F,95192000000,1880
7/24/2026,11:17:30 AM,HOOD,BLOCK,20,14,,CALL,110,94.23,28000,1/15/2027,WHITE,0,175,F,STOCK,Financials,F,F,95192000000,5066
7/24/2026,11:17:58 AM,CRWV,BLOCK,50,3.65,,PUT,74,74.755,18250,7/31/2026,WHITE,0,7,F,STOCK,Information Technology,F,T,49810000000,216
7/24/2026,11:18:08 AM,WDC,SWEEP,22,110.1182,,CALL,480,527.2,242260,9/18/2026,WHITE,0,56,F,STOCK,Information Technology,F,F,252521000000,486
7/24/2026,11:18:14 AM,WDC,BLOCK,2,151.15,,CALL,400,527.2,30230,8/28/2026,WHITE,0,35,F,STOCK,Information Technology,F,T,252521000000,0
7/24/2026,11:18:26 AM,LLY,BLOCK,1,342,,CALL,1200,1202.5,34200,12/15/2028,WHITE,0,875,F,STOCK,Health Care,F,F,1037874000000,147
7/24/2026,11:18:27 AM,ASML,BLOCK,1,540,,CALL,1500,1768,54000,6/17/2027,WHITE,0,328,F,STOCK,Information Technology,F,T,758742000000,36
7/24/2026,11:18:36 AM,LLY,SWEEP,62,8.494,,CALL,1420,1202.5,52663,8/28/2026,WHITE,0,35,F,STOCK,Health Care,F,T,1037874000000,89
7/24/2026,11:18:39 AM,LRCX,BLOCK,7,99.75,,PUT,330,308.22,69825,6/17/2027,WHITE,0,328,F,STOCK,Information Technology,F,T,512158000000,155
7/24/2026,11:18:59 AM,LLY,BLOCK,1,267.3,,PUT,1440,1202.5,26730,11/20/2026,WHITE,0,119,F,STOCK,Health Care,F,F,1037874000000,0
7/24/2026,11:18:59 AM,LLY,BLOCK,1,267.4,,PUT,1440,1202.5,26740,11/20/2026,WHITE,0,119,F,STOCK,Health Care,F,F,1037874000000,0
7/24/2026,11:18:59 AM,LLY,SWEEP,52,9.2702,,CALL,1440,1202.5,48205,9/4/2026,WHITE,0,42,F,STOCK,Health Care,F,T,1037874000000,0
7/24/2026,11:19:01 AM,PLTR,ML/,12,43.32,,CALL,110,123.117,51984,12/17/2027,WHITE,0,511,F,STOCK,Information Technology,F,F,286478000000,8225
7/24/2026,11:19:01 AM,PLTR,ML/,12,42.29,,CALL,115,123.117,50748,1/21/2028,WHITE,0,546,F,STOCK,Information Technology,F,F,286478000000,547
7/24/2026,11:19:08 AM,CRWV,BLOCK,50,15.75,,PUT,75,74.755,78750,11/20/2026,WHITE,0,119,F,STOCK,Information Technology,F,F,49810000000,2747
7/24/2026,11:19:15 AM,CRWV,ML/,50,26.61,,CALL,100,74.755,133050,1/21/2028,WHITE,0,546,F,STOCK,Information Technology,F,F,49810000000,2700
7/24/2026,11:19:15 AM,CRWV,ML/,50,11.88,,CALL,210,74.755,59400,1/21/2028,WHITE,0,546,F,STOCK,Information Technology,F,F,49810000000,24071
7/24/2026,11:19:34 AM,CRWV,BLOCK,20,15.39,,CALL,60,74.755,30780,7/31/2026,WHITE,0,7,F,STOCK,Information Technology,F,T,49810000000,0
7/24/2026,11:19:40 AM,CRWV,SWEEP,50,2.3,,CALL,80,74.755,11500,7/31/2026,WHITE,0,7,F,STOCK,Information Technology,F,T,49810000000,8950
7/24/2026,11:19:46 AM,CRWV,BLOCK,50,4.65,,PUT,50,74.755,23250,11/20/2026,WHITE,0,119,F,STOCK,Information Technology,F,F,49810000000,2756
7/24/2026,11:19:56 AM,ASML,BLOCK,8,262.17,A,CALL,1660,1768,209736,10/16/2026,WHITE,0,84,F,STOCK,Information Technology,F,F,758742000000,21
7/24/2026,11:20:00 AM,ASML,BLOCK,1,259.3,,CALL,1540,1768,25930,8/21/2026,WHITE,0,28,F,STOCK,Information Technology,F,F,758742000000,28
7/24/2026,11:20:09 AM,CRWV,BLOCK,50,2.3,,CALL,80,74.755,11500,7/31/2026,WHITE,0,7,F,STOCK,Information Technology,F,T,49810000000,8950
7/24/2026,11:20:09 AM,PLTR,ML/,50,3.0444,,PUT,123,123.117,15222,7/31/2026,WHITE,0,7,F,STOCK,Information Technology,F,T,286478000000,795
7/24/2026,11:20:15 AM,PLTR,ML/,25,17.13,,PUT,141,123.117,42825,7/31/2026,WHITE,0,7,F,STOCK,Information Technology,F,T,286478000000,30
7/24/2026,11:20:21 AM,WDC,BLOCK,100,2,,PUT,400,527.2,20000,7/31/2026,WHITE,0,7,F,STOCK,Information Technology,F,T,252521000000,136
7/24/2026,11:20:48 AM,ASML,BLOCK,10,85.5,,CALL,1830,1768,85500,8/21/2026,WHITE,0,28,F,STOCK,Information Technology,F,F,758742000000,63
7/24/2026,11:20:57 AM,HOOD,BLOCK,30,11.9,,CALL,155,94.23,35700,6/17/2027,WHITE,0,328,F,STOCK,Financials,F,T,95192000000,617
7/24/2026,11:21:25 AM,LRCX,BLOCK,4,80.1,,CALL,250,308.22,32040,9/18/2026,WHITE,0,56,F,STOCK,Information Technology,F,F,512158000000,510
7/24/2026,11:21:38 AM,CRWV,BLOCK,50,4,,CALL,76,74.755,20000,7/31/2026,WHITE,0,7,F,STOCK,Information Technology,F,T,49810000000,0
7/24/2026,11:21:39 AM,WDC,SWEEP,20,131.55,,PUT,560,527.2,263100,11/20/2026,WHITE,0,119,F,STOCK,Information Technology,F,F,252521000000,34
7/24/2026,11:21:46 AM,CRWV,BLOCK,50,17,,CALL,75,75.225,85000,11/20/2026,WHITE,0,119,F,STOCK,Information Technology,F,F,49810000000,999
7/24/2026,11:21:51 AM,PLTR,ML/,35,8.83,,CALL,116,123.117,30905,7/31/2026,WHITE,0,7,F,STOCK,Information Technology,F,T,286478000000,154
7/24/2026,11:21:51 AM,PLTR,ML/,35,14.15,,CALL,110,123.117,49525,7/31/2026,WHITE,0,7,F,STOCK,Information Technology,F,T,286478000000,636
7/24/2026,11:21:55 AM,HOOD,BLOCK,41,8.4,,PUT,100,94.23,34440,7/31/2026,WHITE,0,7,F,STOCK,Financials,F,T,95192000000,2675
7/24/2026,11:21:55 AM,HOOD,BLOCK,24,17.75,,PUT,95,94.23,42600,1/15/2027,WHITE,0,175,F,STOCK,Financials,F,F,95192000000,1153
7/24/2026,11:21:59 AM,WDC,BLOCK,6,119.55,,PUT,540,527.2,71730,11/20/2026,WHITE,0,119,F,STOCK,Information Technology,F,F,252521000000,70
7/24/2026,11:22:00 AM,LRCX,ML/,52,47.814,,PUT,280,313.288,248633,12/18/2026,WHITE,0,147,F,STOCK,Information Technology,F,F,512158000000,1168
7/24/2026,11:22:00 AM,LRCX,ML/,57,32.0839,,PUT,315,313.288,182878,8/21/2026,WHITE,0,28,F,STOCK,Information Technology,F,F,512158000000,99
7/24/2026,11:22:03 AM,HOOD,BLOCK,50,5.5,,CALL,95,94.23,27500,7/31/2026,WHITE,0,7,F,STOCK,Financials,F,T,95192000000,493
7/24/2026,11:22:13 AM,ASML,BLOCK,10,282.87,B,CALL,1800,1776,282870,1/15/2027,WHITE,0,175,F,STOCK,Information Technology,F,F,758742000000,345
7/24/2026,11:22:15 AM,LLY,SWEEP,62,5.95,,PUT,1000,1202.5,36890,8/21/2026,WHITE,0,28,F,STOCK,Health Care,F,F,1037874000000,1180
7/24/2026,11:22:19 AM,WDC,BLOCK,4,64.55,,PUT,500,527.2,25820,9/18/2026,WHITE,0,56,F,STOCK,Information Technology,F,F,252521000000,256
7/24/2026,11:22:21 AM,PLTR,SWEEP,88,1.8423,,PUT,120,123.117,16212,7/31/2026,WHITE,0,7,F,STOCK,Information Technology,F,T,286478000000,3484
7/24/2026,11:22:28 AM,WDC,SWEEP,12,81.4,,PUT,470,527.2,97680,11/20/2026,WHITE,0,119,F,STOCK,Information Technology,F,F,252521000000,163
7/24/2026,11:22:31 AM,ASML,BLOCK,10,360.28,A,CALL,1640,1768,360280,1/15/2027,WHITE,0,175,F,STOCK,Information Technology,F,F,758742000000,32
7/24/2026,11:22:37 AM,WDC,SWEEP,6,107.55,,PUT,520,527.2,64530,11/20/2026,WHITE,0,119,F,STOCK,Information Technology,F,F,252521000000,232
7/24/2026,11:22:42 AM,WDC,SWEEP,6,125.05,,PUT,550,527.2,75030,11/20/2026,WHITE,0,119,F,STOCK,Information Technology,F,F,252521000000,88
7/24/2026,11:22:46 AM,WDC,BLOCK,3,113.15,,PUT,530,527.2,33945,11/20/2026,WHITE,0,119,F,STOCK,Information Technology,F,F,252521000000,76
7/24/2026,11:22:47 AM,WDC,BLOCK,3,113.2,,PUT,530,527.2,33960,11/20/2026,WHITE,0,119,F,STOCK,Information Technology,F,F,252521000000,76
7/24/2026,11:22:59 AM,LRCX,ML/,14,47.8543,,PUT,280,313.288,66996,12/18/2026,WHITE,0,147,F,STOCK,Information Technology,F,F,512158000000,1168
7/24/2026,11:22:59 AM,LRCX,ML/,15,32.2313,,PUT,315,313.288,48347,8/21/2026,WHITE,0,28,F,STOCK,Information Technology,F,F,512158000000,99
7/24/2026,11:23:04 AM,WDC,ML/,10,30.557,,CALL,535,527.2,30557,7/31/2026,WHITE,0,7,F,STOCK,Information Technology,F,T,252521000000,50
7/24/2026,11:23:11 AM,LRCX,ML/,2,190.23,,CALL,135,308.22,38046,3/19/2027,WHITE,0,238,F,STOCK,Information Technology,F,F,512158000000,0
7/24/2026,11:23:11 AM,LRCX,ML/,2,191.37,,CALL,160,308.22,38274,1/21/2028,WHITE,0,546,F,STOCK,Information Technology,F,F,512158000000,197
7/24/2026,11:23:26 AM,WDC,SWEEP,2,157.325,,PUT,570,527.2,31465,1/15/2027,WHITE,0,175,F,STOCK,Information Technology,F,F,252521000000,34
7/24/2026,11:23:30 AM,PLTR,ML/,15,17.81,,CALL,110,123.117,26715,8/21/2026,WHITE,0,28,F,STOCK,Information Technology,F,F,286478000000,1090
7/24/2026,11:23:36 AM,LRCX,ML/,19,47.5832,B,PUT,280,308.22,90408,12/18/2026,WHITE,0,147,F,STOCK,Information Technology,F,F,512158000000,1168
7/24/2026,11:23:36 AM,LRCX,ML/,19,31.9626,,PUT,315,308.22,60729,8/21/2026,WHITE,0,28,F,STOCK,Information Technology,F,F,512158000000,99
7/24/2026,11:23:38 AM,WDC,SWEEP,2,183.45,,PUT,610,527.2,36690,1/15/2027,WHITE,0,175,F,STOCK,Information Technology,F,F,252521000000,49
7/24/2026,11:24:00 AM,LRCX,BLOCK,5,100.35,,CALL,310,308.22,50175,6/17/2027,WHITE,0,328,F,STOCK,Information Technology,F,T,512158000000,276
7/24/2026,11:24:28 AM,WDC,BLOCK,1,319.2,,PUT,650,527.2,31920,6/16/2028,WHITE,0,693,F,STOCK,Information Technology,F,F,252521000000,0
7/24/2026,11:24:37 AM,WDC,BLOCK,1,317.5,,PUT,650,530.335,31750,6/16/2028,WHITE,0,693,F,STOCK,Information Technology,F,F,252521000000,0
7/24/2026,11:24:38 AM,LRCX,ML/,9,47.9311,A,PUT,280,308.22,43138,12/18/2026,WHITE,0,147,F,STOCK,Information Technology,F,F,512158000000,1168
7/24/2026,11:24:41 AM,LRCX,ML/,6,47.92,A,PUT,280,308.22,28752,12/18/2026,WHITE,0,147,F,STOCK,Information Technology,F,F,512158000000,1168
7/24/2026,11:25:14 AM,LRCX,ML/,6,47.7217,B,PUT,280,312.54,28633,12/18/2026,WHITE,0,147,F,STOCK,Information Technology,F,F,512158000000,1168
7/24/2026,11:25:23 AM,LRCX,SWEEP,6,47.6,B,PUT,280,312.54,28560,12/18/2026,WHITE,0,147,F,STOCK,Information Technology,F,F,512158000000,1168
7/24/2026,11:25:34 AM,LRCX,SWEEP,16,47.55,A,PUT,280,312.54,76080,12/18/2026,WHITE,0,147,F,STOCK,Information Technology,F,F,512158000000,1168
7/24/2026,11:25:40 AM,LLY,ML/,20,12.84,,PUT,1180,1202.5,25680,7/31/2026,WHITE,0,7,F,STOCK,Health Care,F,T,1037874000000,179
7/24/2026,11:25:52 AM,WDC,SWEEP,22,118.2295,,CALL,570,530.335,260105,12/18/2026,WHITE,0,147,F,STOCK,Information Technology,F,F,252521000000,129
7/24/2026,11:25:55 AM,WDC,SWEEP,21,69.5,,PUT,480,530.335,145950,10/16/2026,WHITE,0,84,F,STOCK,Information Technology,F,F,252521000000,63
7/24/2026,11:25:58 AM,CRWV,SWEEP,55,3.4,,PUT,65,75.225,18700,8/14/2026,WHITE,0,21,F,STOCK,Information Technology,F,T,49810000000,811
7/24/2026,11:26:00 AM,WDC,SWEEP,20,60.075,,PUT,460,530.335,120150,10/16/2026,WHITE,0,84,F,STOCK,Information Technology,F,F,252521000000,648
7/24/2026,11:26:16 AM,WDC,SWEEP,2,142.175,,CALL,510,531.44,28435,12/18/2026,WHITE,0,147,F,STOCK,Information Technology,F,F,252521000000,0
7/24/2026,11:26:25 AM,LRCX,SWEEP,25,47.35,B,PUT,280,312.54,118375,12/18/2026,WHITE,0,147,F,STOCK,Information Technology,F,F,512158000000,1168
7/24/2026,11:26:54 AM,CRWV,BLOCK,100,2.0713,,CALL,81,75.235,20713,7/31/2026,WHITE,0,7,F,STOCK,Information Technology,F,T,49810000000,435
7/24/2026,11:27:17 AM,LLY,BLOCK,3,189.2,,CALL,1020,1198.2,56760,8/21/2026,WHITE,0,28,F,STOCK,Health Care,F,F,1037874000000,138
7/24/2026,11:27:40 AM,HOOD,SWEEP,91,6.4,,CALL,100,94.23,58240,8/21/2026,WHITE,0,28,F,STOCK,Financials,F,F,95192000000,13051
7/24/2026,11:27:54 AM,LRCX,BLOCK,20,27.7505,,PUT,155,313.135,55501,1/21/2028,WHITE,0,546,F,STOCK,Information Technology,F,F,512158000000,87
7/24/2026,11:27:59 AM,LLY,BLOCK,3,114.97,,CALL,1260,1198.9,34491,1/15/2027,WHITE,0,175,F,STOCK,Health Care,F,F,1037874000000,263
7/24/2026,11:28:21 AM,PLTR,BLOCK,35,36.25,,CALL,90,124.1,126875,9/18/2026,WHITE,0,56,F,STOCK,Information Technology,F,F,286478000000,320
7/24/2026,11:28:55 AM,LRCX,ML/,37,13.3516,,CALL,590,313,49401,12/18/2026,WHITE,0,147,F,STOCK,Information Technology,F,F,512158000000,222
7/24/2026,11:28:55 AM,LRCX,ML/,37,22.4143,,CALL,500,313,82933,12/18/2026,WHITE,0,147,F,STOCK,Information Technology,F,F,512158000000,293
7/24/2026,11:28:56 AM,LRCX,ML/,14,21.3429,,CALL,510,313,29880,12/18/2026,WHITE,0,147,F,STOCK,Information Technology,F,F,512158000000,71
7/24/2026,11:29:07 AM,LLY,BLOCK,5,59.5,,PUT,1140,1198.9,29750,10/16/2026,WHITE,0,84,F,STOCK,Health Care,F,F,1037874000000,296
7/24/2026,11:29:08 AM,LLY,BLOCK,10,54.4,,PUT,1160,1198.9,54400,9/18/2026,WHITE,0,56,F,STOCK,Health Care,F,F,1037874000000,156
7/24/2026,11:29:08 AM,LLY,BLOCK,5,97.15,,PUT,1220,1198.9,48575,10/16/2026,WHITE,0,84,F,STOCK,Health Care,F,F,1037874000000,143
7/24/2026,11:29:08 AM,PLTR,BLOCK,25,15.1,,CALL,140,124.355,37750,1/15/2027,WHITE,0,175,F,STOCK,Information Technology,F,F,286478000000,5323
7/24/2026,11:29:32 AM,PLTR,BLOCK,60,26.94,B,PUT,145,124.355,161640,10/16/2026,WHITE,0,84,F,STOCK,Information Technology,F,F,286478000000,3047
7/24/2026,11:29:46 AM,CRWV,BLOCK,265,2.07,,PUT,65,74.98,54855,8/7/2026,WHITE,0,14,F,STOCK,Information Technology,F,T,49810000000,1334
7/24/2026,11:29:56 AM,LLY,ML/,1,252.24,,CALL,1200,1199.04,25224,12/17/2027,WHITE,0,511,F,STOCK,Health Care,F,F,1037874000000,67
7/24/2026,11:29:57 AM,LRCX,SWEEP,10,108.3,,PUT,360,313,108300,3/19/2027,WHITE,0,238,F,STOCK,Information Technology,F,F,512158000000,39
7/24/2026,11:30:12 AM,CRWV,BLOCK,335,2.07,,PUT,65,74.98,69345,8/7/2026,WHITE,0,14,F,STOCK,Information Technology,F,T,49810000000,1334
7/24/2026,11:30:28 AM,HOOD,BLOCK,20,18.73,,CALL,165,95.31,37460,1/21/2028,WHITE,0,546,F,STOCK,Financials,F,F,95192000000,336
7/24/2026,11:30:33 AM,HOOD,ML/,70,3.6,,CALL,120,95.31,25200,9/18/2026,WHITE,0,56,F,STOCK,Financials,F,F,95192000000,5040
7/24/2026,11:30:33 AM,HOOD,ML/,70,11.3,,CALL,95,95.31,79100,9/18/2026,WHITE,0,56,F,STOCK,Financials,F,F,95192000000,4018
7/24/2026,11:31:01 AM,LLY,ML/,3,251.92,,CALL,1200,1198.14,75576,12/17/2027,WHITE,0,511,F,STOCK,Health Care,F,F,1037874000000,67
7/24/2026,11:31:03 AM,ASML,ML/,2,276.25,,CALL,2700,1768,55250,12/17/2027,WHITE,0,511,F,STOCK,Information Technology,F,F,758742000000,5
7/24/2026,11:31:03 AM,ASML,ML/,2,271.9,,PUT,1480,1768,54380,12/17/2027,WHITE,0,511,F,STOCK,Information Technology,F,F,758742000000,24
7/24/2026,11:31:06 AM,LRCX,ML/,15,17.28,,CALL,350,312.475,25920,8/21/2026,WHITE,0,28,F,STOCK,Information Technology,F,F,512158000000,1935
7/24/2026,11:31:14 AM,ASML,ML/,7,37,,CALL,2120,1781.57,25900,9/4/2026,WHITE,0,42,F,STOCK,Information Technology,F,T,758742000000,0
7/24/2026,11:31:14 AM,PLTR,BLOCK,70,11.6917,,PUT,125,124.065,81842,9/18/2026,WHITE,0,56,F,STOCK,Information Technology,F,F,286478000000,10326
7/24/2026,11:31:15 AM,CRWV,SWEEP,80,2.76,,PUT,72,75.04,22080,7/31/2026,WHITE,0,7,F,STOCK,Information Technology,F,T,49810000000,917
7/24/2026,11:31:26 AM,CRWV,BLOCK,10,27.9,,PUT,103,75.04,27900,7/31/2026,WHITE,0,7,F,STOCK,Information Technology,F,T,49810000000,227
7/24/2026,11:32:29 AM,PLTR,ML/,32,10.23,,CALL,135,124.25,32736,10/16/2026,WHITE,0,84,F,STOCK,Information Technology,F,F,286478000000,4426
7/24/2026,11:33:07 AM,CRWV,BLOCK,25,11.6,,PUT,65,75.23,29000,12/18/2026,WHITE,0,147,F,STOCK,Information Technology,F,F,49810000000,689
7/24/2026,11:33:41 AM,LRCX,BLOCK,10,69.65,,CALL,410,312.475,69650,6/17/2027,WHITE,0,328,F,STOCK,Information Technology,F,T,512158000000,67
7/24/2026,11:34:08 AM,PLTR,BLOCK,14,23.8857,,CALL,115,124.02,33440,12/18/2026,WHITE,0,147,F,STOCK,Information Technology,F,F,286478000000,1609
7/24/2026,11:34:28 AM,HOOD,BLOCK,10,37.8,,CALL,85,95.355,37800,1/21/2028,WHITE,0,546,F,STOCK,Financials,F,F,95192000000,1240
7/24/2026,11:34:36 AM,LRCX,SWEEP,11,29.8545,,PUT,230,312.705,32840,1/15/2027,WHITE,0,175,F,STOCK,Information Technology,F,F,512158000000,2071
7/24/2026,11:34:43 AM,CRWV,BLOCK,10,27.5,,PUT,100,75.2,27500,8/28/2026,WHITE,0,35,F,STOCK,Information Technology,F,T,49810000000,0
7/24/2026,11:34:54 AM,HOOD,BLOCK,80,3.67,,CALL,120,95.29,29360,9/18/2026,WHITE,0,56,F,STOCK,Financials,F,F,95192000000,5040
7/24/2026,11:34:57 AM,HOOD,BLOCK,11,25.25,,CALL,100,95.29,27775,6/17/2027,WHITE,0,328,F,STOCK,Financials,F,T,95192000000,5181
7/24/2026,11:35:08 AM,LLY,BLOCK,10,77.1,,CALL,1200,1198.14,77100,9/18/2026,WHITE,0,56,F,STOCK,Health Care,F,F,1037874000000,1132
7/24/2026,11:35:12 AM,LRCX,SWEEP,26,10.4462,,CALL,335,312.705,27160,7/31/2026,WHITE,0,7,F,STOCK,Information Technology,F,T,512158000000,70
7/24/2026,11:35:21 AM,LLY,ML/,5,53.558,,PUT,1180,1197.835,26779,8/28/2026,WHITE,0,35,F,STOCK,Health Care,F,T,1037874000000,35
7/24/2026,11:35:38 AM,LLY,BLOCK,5,115.3,,CALL,1420,1197.835,57650,6/17/2027,WHITE,0,328,F,STOCK,Health Care,F,T,1037874000000,97
7/24/2026,11:35:38 AM,LLY,BLOCK,5,127.45,,CALL,1380,1197.835,63725,6/17/2027,WHITE,0,328,F,STOCK,Health Care,F,T,1037874000000,0
7/24/2026,11:35:38 AM,LLY,SWEEP,3,121.4,,CALL,1400,1197.835,36420,6/17/2027,WHITE,0,328,F,STOCK,Health Care,F,T,1037874000000,0
7/24/2026,11:35:39 AM,LLY,BLOCK,5,115.1,,CALL,1420,1197.835,57550,6/17/2027,WHITE,0,328,F,STOCK,Health Care,F,T,1037874000000,98
7/24/2026,11:35:39 AM,LLY,BLOCK,5,127.1,,CALL,1380,1197.835,63550,6/17/2027,WHITE,0,328,F,STOCK,Health Care,F,T,1037874000000,0
7/24/2026,11:35:39 AM,LRCX,BLOCK,10,31.3,,CALL,470,312.68,31300,1/15/2027,WHITE,0,175,F,STOCK,Information Technology,F,F,512158000000,486
7/24/2026,11:35:44 AM,LRCX,BLOCK,10,31.3,,CALL,470,312.68,31300,1/15/2027,WHITE,0,175,F,STOCK,Information Technology,F,F,512158000000,486
7/24/2026,11:36:18 AM,ASML,BLOCK,1,261,,CALL,2900,1780.875,26100,1/21/2028,WHITE,0,546,F,STOCK,Information Technology,F,F,758742000000,76
7/24/2026,11:36:29 AM,ASML,BLOCK,1,262,,CALL,2900,1778.28,26200,1/21/2028,WHITE,0,546,F,STOCK,Information Technology,F,F,758742000000,76
7/24/2026,11:36:30 AM,LRCX,BLOCK,44,7.05,,PUT,210,312.68,31020,9/18/2026,WHITE,0,56,F,STOCK,Information Technology,F,F,512158000000,606
7/24/2026,11:36:54 AM,WDC,BLOCK,2,128,,CALL,540,529.57,25600,12/18/2026,WHITE,0,147,F,STOCK,Information Technology,F,F,252521000000,65
7/24/2026,11:37:14 AM,ASML,BLOCK,1,261.4,,CALL,2900,1778.28,26140,1/21/2028,WHITE,0,546,F,STOCK,Information Technology,F,F,758742000000,76
7/24/2026,11:37:14 AM,LLY,SWEEP,111,20.8527,,PUT,1100,1197.835,231465,8/21/2026,WHITE,0,28,F,STOCK,Health Care,F,F,1037874000000,821
7/24/2026,11:37:34 AM,ASML,BLOCK,1,261.3,,CALL,2900,1778.28,26130,1/21/2028,WHITE,0,546,F,STOCK,Information Technology,F,F,758742000000,76
7/24/2026,11:38:00 AM,LRCX,BLOCK,10,65.1,,CALL,310,313.02,65100,11/20/2026,WHITE,0,119,F,STOCK,Information Technology,F,F,512158000000,0
7/24/2026,11:38:00 AM,WDC,BLOCK,10,109.016,,CALL,480,529.57,109016,9/18/2026,WHITE,0,56,F,STOCK,Information Technology,F,F,252521000000,486
7/24/2026,11:38:01 AM,LRCX,BLOCK,50,6.8,,CALL,350,313.02,34000,7/31/2026,WHITE,0,7,F,STOCK,Information Technology,F,T,512158000000,1024
7/24/2026,11:38:02 AM,CRWV,BLOCK,179,2.38,,CALL,80,75.11,42602,7/31/2026,WHITE,0,7,F,STOCK,Information Technology,F,T,49810000000,8950
7/24/2026,11:38:25 AM,WDC,BLOCK,5,64.45,,PUT,500,531.685,32225,9/18/2026,WHITE,0,56,F,STOCK,Information Technology,F,F,252521000000,256
7/24/2026,11:38:30 AM,CRWV,BLOCK,88,2.35,,CALL,200,75.26,20680,1/15/2027,WHITE,0,175,F,STOCK,Information Technology,F,F,49810000000,7858
7/24/2026,11:38:40 AM,WDC,BLOCK,2,128.1,,CALL,530,531.685,25620,12/18/2026,WHITE,0,147,F,STOCK,Information Technology,F,F,252521000000,0
7/24/2026,11:38:44 AM,ASML,BLOCK,1,894.39,,PUT,2400,1778.64,89439,6/16/2028,WHITE,0,693,F,STOCK,Information Technology,F,F,758742000000,0
7/24/2026,11:39:08 AM,LRCX,BLOCK,50,6.9,,CALL,350,313.89,34500,7/31/2026,WHITE,0,7,F,STOCK,Information Technology,F,T,512158000000,1024
7/24/2026,11:39:26 AM,CRWV,BLOCK,85,7.05,,PUT,35,75.26,59925,12/17/2027,WHITE,0,511,F,STOCK,Information Technology,F,F,49810000000,0
7/24/2026,11:39:46 AM,LRCX,BLOCK,6,93.1,,PUT,360,314.7,55860,12/18/2026,WHITE,0,147,F,STOCK,Information Technology,F,F,512158000000,156
7/24/2026,11:40:18 AM,LRCX,BLOCK,50,7,,CALL,350,314.7,35000,7/31/2026,WHITE,0,7,F,STOCK,Information Technology,F,T,512158000000,1024
7/24/2026,11:40:19 AM,ASML,BLOCK,1,928,,PUT,2440,1780.84,92800,6/16/2028,WHITE,0,693,F,STOCK,Information Technology,F,F,758742000000,0
7/24/2026,11:40:19 AM,WDC,BLOCK,12,130.75,,CALL,510,531.685,156900,11/20/2026,WHITE,0,119,F,STOCK,Information Technology,F,F,252521000000,105
7/24/2026,11:40:21 AM,ASML,ML/,120,5.0367,,PUT,920,1780.84,60440,9/4/2026,WHITE,0,42,F,STOCK,Information Technology,F,T,758742000000,0
7/24/2026,11:40:33 AM,LRCX,BLOCK,50,7.016,,CALL,350,315.305,35080,7/31/2026,WHITE,0,7,F,STOCK,Information Technology,F,T,512158000000,1024
7/24/2026,11:40:35 AM,CRWV,BLOCK,50,2.45,,CALL,80,75.38,12250,7/31/2026,WHITE,0,7,F,STOCK,Information Technology,F,T,49810000000,8950
7/24/2026,11:40:36 AM,CRWV,BLOCK,10,27.1,,PUT,102,75.38,27100,7/31/2026,WHITE,0,7,F,STOCK,Information Technology,F,T,49810000000,0
7/24/2026,11:40:39 AM,LRCX,BLOCK,8,31.9,,CALL,340,315.305,25520,9/18/2026,WHITE,0,56,F,STOCK,Information Technology,F,F,512158000000,2861
7/24/2026,11:41:00 AM,ASML,BLOCK,4,132.5,,CALL,1840,1785.191,53000,9/18/2026,WHITE,0,56,F,STOCK,Information Technology,F,F,758742000000,99
7/24/2026,11:41:22 AM,LRCX,BLOCK,9,43.75,,PUT,320,315.305,39375,9/18/2026,WHITE,0,56,F,STOCK,Information Technology,F,F,512158000000,861
7/24/2026,11:41:23 AM,CRWV,BLOCK,250,4.25,,CALL,80,75.555,106250,8/7/2026,WHITE,0,14,F,STOCK,Information Technology,F,T,49810000000,1333
7/24/2026,11:41:57 AM,LRCX,SWEEP,21,16.0905,,PUT,307.5,315.305,33790,7/31/2026,WHITE,0,7,F,STOCK,Information Technology,F,T,512158000000,0
7/24/2026,11:42:00 AM,PLTR,BLOCK,100,1.21,,CALL,130,123.885,12100,7/31/2026,WHITE,0,7,F,STOCK,Information Technology,F,T,286478000000,22997
7/24/2026,11:42:06 AM,LRCX,SWEEP,12,38.45,,PUT,310,315.305,46140,9/18/2026,WHITE,0,56,F,STOCK,Information Technology,F,F,512158000000,841
7/24/2026,11:42:20 AM,PLTR,BLOCK,150,1.2,,CALL,130,123.85,18000,7/31/2026,WHITE,0,7,F,STOCK,Information Technology,F,T,286478000000,22997
7/24/2026,11:42:21 AM,PLTR,BLOCK,10,27.1,,CALL,130,123.85,27100,6/17/2027,WHITE,0,328,F,STOCK,Information Technology,F,T,286478000000,3647
7/24/2026,11:43:01 AM,CRWV,BLOCK,30,13.2,,CALL,77.5,75.41,39600,10/16/2026,WHITE,0,84,F,STOCK,Information Technology,F,F,49810000000,166
7/24/2026,11:43:05 AM,LRCX,BLOCK,20,27.55,,PUT,155,314.414,55100,1/21/2028,WHITE,0,546,F,STOCK,Information Technology,F,F,512158000000,87
7/24/2026,11:43:11 AM,LRCX,BLOCK,10,129.95,B,CALL,210,314.414,129950,1/15/2027,WHITE,0,175,F,STOCK,Information Technology,F,F,512158000000,405
7/24/2026,11:43:20 AM,WDC,BLOCK,15,80.05,,CALL,700,533.24,120075,12/18/2026,WHITE,0,147,F,STOCK,Information Technology,F,F,252521000000,124
7/24/2026,11:43:29 AM,CRWV,BLOCK,10,27.25,,PUT,100,75.41,27250,8/28/2026,WHITE,0,35,F,STOCK,Information Technology,F,T,49810000000,58
7/24/2026,11:43:29 AM,PLTR,BLOCK,10,58.55,,CALL,100,123.85,58550,12/15/2028,WHITE,0,875,F,STOCK,Information Technology,F,F,286478000000,2729
7/24/2026,11:43:44 AM,PLTR,BLOCK,60,2.82,,CALL,125,123.675,16920,7/31/2026,WHITE,0,7,F,STOCK,Information Technology,F,T,286478000000,995
7/24/2026,11:43:50 AM,LLY,ML/,6,103.9233,,CALL,1360,1200.88,62354,3/19/2027,WHITE,0,238,F,STOCK,Health Care,F,F,1037874000000,54
7/24/2026,11:43:50 AM,LLY,ML/,6,151.2533,,PUT,1220,1200.88,90752,3/19/2027,WHITE,0,238,F,STOCK,Health Care,F,F,1037874000000,22
7/24/2026,11:43:51 AM,LLY,ML/,5,104.03,,CALL,1360,1200.88,52015,3/19/2027,WHITE,0,238,F,STOCK,Health Care,F,F,1037874000000,54
7/24/2026,11:43:51 AM,LLY,ML/,5,151.49,,PUT,1220,1200.88,75745,3/19/2027,WHITE,0,238,F,STOCK,Health Care,F,F,1037874000000,22
7/24/2026,11:43:53 AM,LLY,ML/,15,104.2333,,CALL,1360,1200.88,156350,3/19/2027,WHITE,0,238,F,STOCK,Health Care,F,F,1037874000000,54
7/24/2026,11:43:54 AM,PLTR,ML/,17,19.45,,PUT,120,123.675,33065,3/19/2027,WHITE,0,238,F,STOCK,Information Technology,F,F,286478000000,6713
7/24/2026,11:43:56 AM,CRWV,BLOCK,83,4.55,,PUT,60,75.21,37765,9/18/2026,WHITE,0,56,F,STOCK,Information Technology,F,F,49810000000,8622
7/24/2026,11:44:05 AM,ASML,BLOCK,2,410,,CALL,2500,1785.191,82000,6/16/2028,WHITE,0,693,F,STOCK,Information Technology,F,F,758742000000,4
7/24/2026,11:44:20 AM,LLY,BLOCK,7,43.85,,CALL,1225,1200.88,30695,8/14/2026,WHITE,0,21,F,STOCK,Health Care,F,T,1037874000000,18
7/24/2026,11:44:44 AM,PLTR,BLOCK,75,2.85,,CALL,125,123.675,21375,7/31/2026,WHITE,0,7,F,STOCK,Information Technology,F,T,286478000000,995
7/24/2026,11:44:47 AM,PLTR,ML/,31,9.3597,,PUT,120,123.68,29015,9/18/2026,WHITE,0,56,F,STOCK,Information Technology,F,F,286478000000,20073
7/24/2026,11:44:49 AM,WDC,ML/,1,295.05,,CALL,560,531.62,29505,12/15/2028,WHITE,0,875,F,STOCK,Information Technology,F,F,252521000000,21
7/24/2026,11:44:51 AM,WDC,ML/,1,295,,CALL,560,531.62,29500,12/15/2028,WHITE,0,875,F,STOCK,Information Technology,F,F,252521000000,21
7/24/2026,11:45:25 AM,PLTR,BLOCK,130,0.95,,CALL,150,123.68,12350,8/7/2026,WHITE,0,14,F,STOCK,Information Technology,F,T,286478000000,5188
7/24/2026,11:45:29 AM,LLY,ML/,10,104.14,,CALL,1360,1201.63,104140,3/19/2027,WHITE,0,238,F,STOCK,Health Care,F,F,1037874000000,54
7/24/2026,11:45:35 AM,WDC,ML/,1,269.15,,CALL,550,531.62,26915,6/16/2028,WHITE,0,693,F,STOCK,Information Technology,F,F,252521000000,0
7/24/2026,11:45:40 AM,WDC,ML/,1,267.82,B,CALL,550,531.62,26782,6/16/2028,WHITE,0,693,F,STOCK,Information Technology,F,F,252521000000,0
7/24/2026,11:46:05 AM,ASML,BLOCK,1,333,,CALL,1700,1780.85,33300,1/15/2027,WHITE,0,175,F,STOCK,Information Technology,F,F,758742000000,200
7/24/2026,11:46:14 AM,WDC,BLOCK,15,80.05,A,CALL,700,531.62,120075,12/18/2026,WHITE,0,147,F,STOCK,Information Technology,F,F,252521000000,124
7/24/2026,11:46:26 AM,LRCX,SWEEP,61,4.95,,PUT,195,313.5,30195,9/18/2026,WHITE,0,56,F,STOCK,Information Technology,F,F,512158000000,472
7/24/2026,11:46:27 AM,LLY,BLOCK,2,412.85,,CALL,800,1201.63,82570,10/16/2026,WHITE,0,84,F,STOCK,Health Care,F,F,1037874000000,23
7/24/2026,11:47:05 AM,LLY,ML/,5,104.51,,CALL,1360,1202.99,52255,3/19/2027,WHITE,0,238,F,STOCK,Health Care,F,F,1037874000000,54
7/24/2026,11:47:13 AM,LRCX,BLOCK,20,31.55,,CALL,340,314,63100,9/18/2026,WHITE,0,56,F,STOCK,Information Technology,F,F,512158000000,2861
7/24/2026,11:47:17 AM,LLY,BLOCK,20,13.76,,CALL,1220,1202.99,27520,7/31/2026,WHITE,0,7,F,STOCK,Health Care,F,T,1037874000000,97
7/24/2026,11:47:27 AM,HOOD,BLOCK,58,6.15,,CALL,100,94.86,35670,8/21/2026,WHITE,0,28,F,STOCK,Financials,F,F,95192000000,13051
7/24/2026,11:47:55 AM,ASML,BLOCK,1,336.53,,PUT,1420,1782.69,33653,12/15/2028,WHITE,0,875,F,STOCK,Information Technology,F,F,758742000000,0
7/24/2026,11:49:01 AM,LLY,ML/,15,62.13,,PUT,1180,1201.36,93195,9/18/2026,WHITE,0,56,F,STOCK,Health Care,F,F,1037874000000,90
7/24/2026,11:49:01 AM,LLY,ML/,15,84.75,,PUT,1200,1201.36,127125,10/16/2026,WHITE,0,84,F,STOCK,Health Care,F,F,1037874000000,38
7/24/2026,11:49:24 AM,LRCX,BLOCK,12,49.5,,PUT,330,314.51,59400,9/18/2026,WHITE,0,56,F,STOCK,Information Technology,F,F,512158000000,687
7/24/2026,11:49:46 AM,PLTR,BLOCK,17,15.7,,CALL,170,123.61,26690,6/17/2027,WHITE,0,328,F,STOCK,Information Technology,F,T,286478000000,2824
7/24/2026,11:49:48 AM,LLY,SWEEP,50,12,,PUT,1180,1201.36,60000,7/31/2026,WHITE,0,7,F,STOCK,Health Care,F,T,1037874000000,179
7/24/2026,11:49:57 AM,HOOD,BLOCK,20,15,,PUT,90,94.88,30000,1/15/2027,WHITE,0,175,F,STOCK,Financials,F,F,95192000000,2694
7/24/2026,11:50:07 AM,LLY,BLOCK,1,304.17,,CALL,900,1201.36,30417,8/21/2026,WHITE,0,28,F,STOCK,Health Care,F,F,1037874000000,128
7/24/2026,11:50:19 AM,ASML,BLOCK,5,50.1,,CALL,1800,1785.02,25050,7/31/2026,WHITE,0,7,F,STOCK,Information Technology,F,T,758742000000,40
7/24/2026,11:50:29 AM,LRCX,BLOCK,11,52.25,,CALL,380,314.89,57475,1/15/2027,WHITE,0,175,F,STOCK,Information Technology,F,F,512158000000,291
7/24/2026,11:50:29 AM,LRCX,SWEEP,6,47.05,,PUT,280,314.89,28230,12/18/2026,WHITE,0,147,F,STOCK,Information Technology,F,F,512158000000,1168
7/24/2026,11:50:29 AM,LRCX,BLOCK,50,6.9,,CALL,350,314.89,34500,7/31/2026,WHITE,0,7,F,STOCK,Information Technology,F,T,512158000000,1024
7/24/2026,11:50:31 AM,LLY,ML/,3,129.9733,,CALL,1100,1201.36,38992,9/4/2026,WHITE,0,42,F,STOCK,Health Care,F,T,1037874000000,0
7/24/2026,11:50:40 AM,PLTR,SWEEP,20,14.3555,,CALL,110,123.76,28711,7/31/2026,WHITE,0,7,F,STOCK,Information Technology,F,T,286478000000,636
7/24/2026,11:50:48 AM,HOOD,SWEEP,14,28.45,,PUT,95,94.97,39830,12/17/2027,WHITE,0,511,F,STOCK,Financials,F,F,95192000000,628
7/24/2026,11:51:09 AM,WDC,ML/,3,121.39,,PUT,530,535.74,36417,12/18/2026,WHITE,0,147,F,STOCK,Information Technology,F,F,252521000000,56
7/24/2026,11:51:09 AM,WDC,ML/,3,135.83,,CALL,530,535.74,40749,12/18/2026,WHITE,0,147,F,STOCK,Information Technology,F,F,252521000000,40
7/24/2026,11:51:17 AM,LLY,BLOCK,5,65,,CALL,1230,1200.35,32500,9/18/2026,WHITE,0,56,F,STOCK,Health Care,F,F,1037874000000,7
7/24/2026,11:51:21 AM,ASML,SWEEP,7,61.6,,PUT,1680,1785.275,43120,8/21/2026,WHITE,0,28,F,STOCK,Information Technology,F,F,758742000000,144
7/24/2026,11:51:22 AM,WDC,BLOCK,4,62.75,,PUT,500,535.74,25100,9/18/2026,WHITE,0,56,F,STOCK,Information Technology,F,F,252521000000,256
7/24/2026,11:52:02 AM,LLY,ML/,7,56.42,,PUT,1190,1201.55,39494,8/28/2026,WHITE,0,35,F,STOCK,Health Care,F,T,1037874000000,12
7/24/2026,11:52:02 AM,LLY,ML/,7,52.47,,PUT,1190,1201.55,36729,8/21/2026,WHITE,0,28,F,STOCK,Health Care,F,F,1037874000000,62
7/24/2026,11:52:27 AM,HOOD,BLOCK,10,28.45,,PUT,95,94.97,28450,12/17/2027,WHITE,0,511,F,STOCK,Financials,F,F,95192000000,628
7/24/2026,11:52:34 AM,WDC,BLOCK,4,81.55,,CALL,500,535.74,32620,8/21/2026,WHITE,0,28,F,STOCK,Information Technology,F,F,252521000000,544
7/24/2026,11:52:39 AM,CRWV,BLOCK,78,6.85,,PUT,80,75.67,53430,7/31/2026,WHITE,0,7,F,STOCK,Information Technology,F,T,49810000000,3094
7/24/2026,11:52:39 AM,LRCX,SWEEP,82,4.8,,PUT,195,315.05,39360,9/18/2026,WHITE,0,56,F,STOCK,Information Technology,F,F,512158000000,472
7/24/2026,11:52:40 AM,PLTR,BLOCK,200,2.69,,CALL,125,123.585,53800,7/31/2026,WHITE,0,7,F,STOCK,Information Technology,F,T,286478000000,995
7/24/2026,11:52:42 AM,CRWV,BLOCK,78,6.85,,PUT,80,75.67,53430,7/31/2026,WHITE,0,7,F,STOCK,Information Technology,F,T,49810000000,3094
7/24/2026,11:53:12 AM,PLTR,BLOCK,25,11.75,,CALL,150,123.31,29375,1/15/2027,WHITE,0,175,F,STOCK,Information Technology,F,F,286478000000,18175
7/24/2026,11:53:21 AM,PLTR,ML/,75,4.1333,,CALL,122,123.31,31000,7/31/2026,WHITE,0,7,F,STOCK,Information Technology,F,T,286478000000,611
7/24/2026,11:53:24 AM,HOOD,SWEEP,9,31.55,,PUT,100,94.97,28395,12/17/2027,WHITE,0,511,F,STOCK,Financials,F,F,95192000000,1810
7/24/2026,11:53:30 AM,WDC,SWEEP,114,52.2075,B,PUT,520,534.93,595166,8/21/2026,WHITE,0,28,F,STOCK,Information Technology,F,F,252521000000,155
7/24/2026,11:53:44 AM,CRWV,BLOCK,15,22.23,,CALL,90,75.49,33345,6/17/2027,WHITE,0,328,F,STOCK,Information Technology,F,T,49810000000,1019
7/24/2026,11:53:51 AM,PLTR,BLOCK,40,6.3,,CALL,128,123.31,25200,8/14/2026,WHITE,0,21,F,STOCK,Information Technology,F,T,286478000000,0
7/24/2026,11:55:02 AM,WDC,BLOCK,10,26.8,,CALL,640,534.93,26800,8/21/2026,WHITE,0,28,F,STOCK,Information Technology,F,F,252521000000,131
7/24/2026,11:55:07 AM,CRWV,BLOCK,40,12.25,,CALL,75,75.49,49000,9/18/2026,WHITE,0,56,F,STOCK,Information Technology,F,F,49810000000,1401
7/24/2026,11:55:17 AM,HOOD,ML/,99,20.3361,,CALL,150,94.95,201327,1/21/2028,WHITE,0,546,F,STOCK,Financials,F,F,95192000000,4151
7/24/2026,11:55:17 AM,HOOD,ML/,100,9.6382,,CALL,250,94.95,96382,1/21/2028,WHITE,0,546,F,STOCK,Financials,F,F,95192000000,2279
7/24/2026,11:55:37 AM,CRWV,BLOCK,14,36.8,,PUT,95,75.76,51520,6/17/2027,WHITE,0,328,F,STOCK,Information Technology,F,T,49810000000,281
7/24/2026,11:55:45 AM,PLTR,BLOCK,8,31.7,,PUT,135,123.25,25360,6/17/2027,WHITE,0,328,F,STOCK,Information Technology,F,T,286478000000,5570
7/24/2026,11:55:48 AM,ASML,BLOCK,1,842.3,,CALL,970,1786.18,84230,11/20/2026,WHITE,0,119,F,STOCK,Information Technology,F,F,758742000000,0
7/24/2026,11:55:59 AM,WDC,SWEEP,56,4.55,,CALL,640,535.115,25480,7/31/2026,WHITE,0,7,F,STOCK,Information Technology,F,T,252521000000,354
7/24/2026,11:55:59 AM,LLY,SWEEP,16,31.55,,PUT,1000,1200.62,50480,11/20/2026,WHITE,0,119,F,STOCK,Health Care,F,F,1037874000000,349
7/24/2026,11:55:59 AM,PLTR,BLOCK,30,14.35,,PUT,120,123.41,43050,11/20/2026,WHITE,0,119,F,STOCK,Information Technology,F,F,286478000000,6702
7/24/2026,11:56:00 AM,WDC,BLOCK,73,4.5453,,CALL,640,535.115,33181,7/31/2026,WHITE,0,7,F,STOCK,Information Technology,F,T,252521000000,354
7/24/2026,11:56:05 AM,WDC,ML/,10,33.71,,CALL,570,535.115,33710,8/7/2026,WHITE,0,14,F,STOCK,Information Technology,F,T,252521000000,56
7/24/2026,11:56:05 AM,WDC,ML/,10,37.81,,CALL,560,535.115,37810,8/7/2026,WHITE,0,14,F,STOCK,Information Technology,F,T,252521000000,50
7/24/2026,11:56:08 AM,HOOD,BLOCK,50,2.87,,PUT,55,94.95,14350,1/15/2027,WHITE,0,175,F,STOCK,Financials,F,F,95192000000,547
7/24/2026,11:56:26 AM,ASML,BLOCK,2,271.7,,PUT,1840,1789.795,54340,12/18/2026,WHITE,0,147,F,STOCK,Information Technology,F,F,758742000000,21
7/24/2026,11:56:26 AM,PLTR,BLOCK,37,7.85,,PUT,105,123.41,29045,11/20/2026,WHITE,0,119,F,STOCK,Information Technology,F,F,286478000000,8608
7/24/2026,11:56:34 AM,LRCX,BLOCK,70,3.61,,CALL,370,315.68,25270,7/31/2026,WHITE,0,7,F,STOCK,Information Technology,F,T,512158000000,460
7/24/2026,11:56:34 AM,HOOD,SWEEP,24,31.8,,CALL,100,95.02,76320,12/17/2027,WHITE,0,511,F,STOCK,Financials,F,F,95192000000,10107
7/24/2026,11:57:32 AM,CRWV,SWEEP,165,0.61,,CALL,90,75.96,10065,7/31/2026,WHITE,0,7,F,STOCK,Information Technology,F,T,49810000000,4210
7/24/2026,11:57:37 AM,CRWV,BLOCK,7,36.85,,PUT,95,75.96,25795,6/17/2027,WHITE,0,328,F,STOCK,Information Technology,F,T,49810000000,281
7/24/2026,11:57:40 AM,CRWV,SWEEP,7,36.85,A,PUT,95,75.96,25795,6/17/2027,WHITE,0,328,F,STOCK,Information Technology,F,T,49810000000,281
7/24/2026,11:58:01 AM,PLTR,BLOCK,500,1.97,,PUT,120,123.41,98500,7/31/2026,WHITE,0,7,F,STOCK,Information Technology,F,T,286478000000,3484
7/24/2026,11:58:01 AM,LLY,ML/,10,29.07,,CALL,1250,1200.62,29070,8/7/2026,WHITE,0,14,F,STOCK,Health Care,F,T,1037874000000,0
7/24/2026,11:58:01 AM,LLY,ML/,10,50.19,,CALL,1200,1200.62,50190,8/7/2026,WHITE,0,14,F,STOCK,Health Care,F,T,1037874000000,151
7/24/2026,11:58:08 AM,CRWV,BLOCK,40,24.15,,CALL,55,75.89,96600,9/18/2026,WHITE,0,56,F,STOCK,Information Technology,F,F,49810000000,131
7/24/2026,11:58:20 AM,LRCX,SWEEP,20,38.15,,CALL,600,315.68,76300,6/17/2027,WHITE,0,328,F,STOCK,Information Technology,F,T,512158000000,299
7/24/2026,11:58:32 AM,LRCX,BLOCK,20,44.7,,CALL,550,315.87,89400,6/17/2027,WHITE,0,328,F,STOCK,Information Technology,F,T,512158000000,121
7/24/2026,11:58:34 AM,PLTR,BLOCK,63,2.31,,CALL,126,123.43,14553,7/31/2026,WHITE,0,7,F,STOCK,Information Technology,F,T,286478000000,877
7/24/2026,11:58:44 AM,LRCX,ML/,5,58.2,,PUT,360,315.87,29100,8/21/2026,WHITE,0,28,F,STOCK,Information Technology,F,F,512158000000,5196
7/24/2026,11:58:44 AM,LRCX,ML/,5,60.99,,PUT,350,315.87,30495,9/18/2026,WHITE,0,56,F,STOCK,Information Technology,F,F,512158000000,1532
7/24/2026,11:59:04 AM,ASML,BLOCK,25,53,B,CALL,1800,1791.64,132500,7/31/2026,WHITE,0,7,F,STOCK,Information Technology,F,T,758742000000,40
7/24/2026,11:59:30 AM,HOOD,SWEEP,13,31.4,,PUT,100,95.02,40820,12/17/2027,WHITE,0,511,F,STOCK,Financials,F,F,95192000000,1810
7/24/2026,11:59:40 AM,WDC,BLOCK,65,5.46,,CALL,720,537.11,35490,8/7/2026,WHITE,0,14,F,STOCK,Information Technology,F,T,252521000000,0
7/24/2026,11:59:42 AM,LRCX,SWEEP,7,50.7,,PUT,280,315.87,35490,1/15/2027,WHITE,0,175,F,STOCK,Information Technology,F,F,512158000000,454
7/24/2026,12:00:19 PM,ASML,BLOCK,2,346.31,,CALL,2900,1791.64,69262,6/16/2028,WHITE,0,693,F,STOCK,Information Technology,F,F,758742000000,12
7/24/2026,12:00:27 PM,PLTR,SWEEP,50,4.9,,CALL,121,123.43,24500,7/31/2026,WHITE,0,7,F,STOCK,Information Technology,F,T,286478000000,0
7/24/2026,12:00:33 PM,PLTR,BLOCK,7,44.21,,CALL,140,123.43,30947,12/15/2028,WHITE,0,875,F,STOCK,Information Technology,F,F,286478000000,2668
7/24/2026,12:00:42 PM,WDC,BLOCK,5,50,,CALL,700,536.705,25000,10/16/2026,WHITE,0,84,F,STOCK,Information Technology,F,F,252521000000,185
7/24/2026,12:00:59 PM,ASML,BLOCK,1,410,,PUT,1560,1790.98,41000,12/15/2028,WHITE,0,875,F,STOCK,Information Technology,F,F,758742000000,2
7/24/2026,12:01:02 PM,LRCX,BLOCK,12,52.35,,CALL,500,316.4,62820,6/17/2027,WHITE,0,328,F,STOCK,Information Technology,F,T,512158000000,258
7/24/2026,12:01:16 PM,ASML,BLOCK,1,411.1,,PUT,1560,1790.98,41110,12/15/2028,WHITE,0,875,F,STOCK,Information Technology,F,F,758742000000,2
7/24/2026,12:01:26 PM,HOOD,BLOCK,30,19.65,,CALL,95,95.195,58950,1/15/2027,WHITE,0,175,F,STOCK,Financials,F,F,95192000000,3687
7/24/2026,12:02:14 PM,CRWV,BLOCK,40,18.25,,CALL,60,75.89,73000,8/21/2026,WHITE,0,28,F,STOCK,Information Technology,F,F,49810000000,1113
7/24/2026,12:02:50 PM,ASML,BLOCK,4,336.82,,CALL,1700,1788.8,134728,1/15/2027,WHITE,0,175,F,STOCK,Information Technology,F,F,758742000000,200
7/24/2026,12:02:52 PM,WDC,BLOCK,5,62.35,,PUT,500,535.86,31175,9/18/2026,WHITE,0,56,F,STOCK,Information Technology,F,F,252521000000,256
7/24/2026,12:03:10 PM,PLTR,BLOCK,5,56.8,,PUT,180,123.51,28400,9/18/2026,WHITE,0,56,F,STOCK,Information Technology,F,F,286478000000,2420
7/24/2026,12:03:14 PM,WDC,ML/,2,211.48,,CALL,350,535.38,42296,10/16/2026,WHITE,0,84,F,STOCK,Information Technology,F,F,252521000000,58
7/24/2026,12:03:23 PM,LRCX,SWEEP,20,44.4,,CALL,550,315.82,88800,6/17/2027,WHITE,0,328,F,STOCK,Information Technology,F,T,512158000000,121
7/24/2026,12:03:55 PM,CRWV,SWEEP,115,1.2,,CALL,85,75.455,13800,7/31/2026,WHITE,0,7,F,STOCK,Information Technology,F,T,49810000000,2617
7/24/2026,12:04:04 PM,LRCX,BLOCK,7,82.45,,CALL,370,316.05,57715,6/17/2027,WHITE,0,328,F,STOCK,Information Technology,F,T,512158000000,392
7/24/2026,12:04:10 PM,CRWV,SWEEP,134,1.2,,CALL,85,75.645,16080,7/31/2026,WHITE,0,7,F,STOCK,Information Technology,F,T,49810000000,2617
7/24/2026,12:04:25 PM,HOOD,SWEEP,89,2.82,,CALL,102,95.12,25098,7/31/2026,WHITE,0,7,F,STOCK,Financials,F,T,95192000000,406
7/24/2026,12:04:40 PM,CRWV,SWEEP,150,1.2,,CALL,85,75.645,18000,7/31/2026,WHITE,0,7,F,STOCK,Information Technology,F,T,49810000000,2617
7/24/2026,12:04:44 PM,CRWV,SWEEP,92,1.2,,CALL,85,75.645,11040,7/31/2026,WHITE,0,7,F,STOCK,Information Technology,F,T,49810000000,2617
7/24/2026,12:04:46 PM,LRCX,BLOCK,3,103.15,,PUT,370,316.05,30945,1/15/2027,WHITE,0,175,F,STOCK,Information Technology,F,F,512158000000,416
7/24/2026,12:04:49 PM,WDC,ML/,5,70.46,,PUT,595,535.38,35230,7/31/2026,WHITE,0,7,F,STOCK,Information Technology,F,T,252521000000,61
7/24/2026,12:05:15 PM,CRWV,BLOCK,202,1.2,,CALL,85,75.645,24240,7/31/2026,WHITE,0,7,F,STOCK,Information Technology,F,T,49810000000,2617
7/24/2026,12:05:33 PM,PLTR,BLOCK,10,85.32,,CALL,50,123.555,85320,12/15/2028,WHITE,0,875,F,STOCK,Information Technology,F,F,286478000000,488
7/24/2026,12:05:49 PM,ASML,BLOCK,1,425.5,,CALL,2900,1792.01,42550,12/15/2028,WHITE,0,875,F,STOCK,Information Technology,F,F,758742000000,125
7/24/2026,12:06:08 PM,CRWV,BLOCK,25,32.2,,CALL,45,75.68,80500,9/18/2026,WHITE,0,56,F,STOCK,Information Technology,F,F,49810000000,0
7/24/2026,12:06:09 PM,ASML,BLOCK,1,427.4,,CALL,2900,1792.01,42740,12/15/2028,WHITE,0,875,F,STOCK,Information Technology,F,F,758742000000,125
7/24/2026,12:06:35 PM,ASML,BLOCK,3,426.1,B,CALL,2900,1791.175,127830,12/15/2028,WHITE,0,875,F,STOCK,Information Technology,F,F,758742000000,125
7/24/2026,12:06:44 PM,LRCX,SWEEP,13,79.95,B,PUT,300,316.75,103935,6/17/2027,WHITE,0,328,F,STOCK,Information Technology,F,T,512158000000,99
7/24/2026,12:07:07 PM,ASML,BLOCK,10,36,,CALL,2020,1791.175,36000,8/21/2026,WHITE,0,28,F,STOCK,Information Technology,F,F,758742000000,101
7/24/2026,12:07:18 PM,LRCX,ML/,3,124.13,,PUT,340,316.03,37239,1/21/2028,WHITE,0,546,F,STOCK,Information Technology,F,F,512158000000,47
7/24/2026,12:07:29 PM,ASML,BLOCK,10,36,,CALL,2020,1791.175,36000,8/21/2026,WHITE,0,28,F,STOCK,Information Technology,F,F,758742000000,101
7/24/2026,12:07:46 PM,ASML,BLOCK,3,426.52,AA,CALL,2900,1792.275,127956,12/15/2028,WHITE,0,875,F,STOCK,Information Technology,F,F,758742000000,125
7/24/2026,12:08:07 PM,HOOD,ML/,25,17.64,,CALL,100,95.35,44100,1/15/2027,WHITE,0,175,F,STOCK,Financials,F,F,95192000000,12435
7/24/2026,12:08:31 PM,ASML,BLOCK,3,426.2,B,CALL,2900,1792.275,127860,12/15/2028,WHITE,0,875,F,STOCK,Information Technology,F,F,758742000000,125
7/24/2026,12:08:45 PM,ASML,BLOCK,2,339.4,,CALL,1700,1792.275,67880,1/15/2027,WHITE,0,175,F,STOCK,Information Technology,F,F,758742000000,200
7/24/2026,12:09:21 PM,ASML,BLOCK,1,427.3,A,CALL,2900,1792.45,42730,12/15/2028,WHITE,0,875,F,STOCK,Information Technology,F,F,758742000000,125
7/24/2026,12:09:49 PM,ASML,BLOCK,2,425.8,,CALL,2900,1792.45,85160,12/15/2028,WHITE,0,875,F,STOCK,Information Technology,F,F,758742000000,125
7/24/2026,12:09:52 PM,CRWV,BLOCK,10,29.25,,PUT,92.5,75.68,29250,1/15/2027,WHITE,0,175,F,STOCK,Information Technology,F,F,49810000000,447
7/24/2026,12:09:53 PM,PLTR,BLOCK,10,85.25,,CALL,50,123.75,85250,12/15/2028,WHITE,0,875,F,STOCK,Information Technology,F,F,286478000000,488
7/24/2026,12:10:12 PM,ASML,BLOCK,3,107.0333,,CALL,1775,1792.45,32110,8/14/2026,WHITE,0,21,F,STOCK,Information Technology,F,T,758742000000,11
7/24/2026,12:10:38 PM,ASML,BLOCK,4,68,,PUT,1600,1796.99,27200,9/18/2026,WHITE,0,56,F,STOCK,Information Technology,F,F,758742000000,195
7/24/2026,12:10:41 PM,LLY,BLOCK,16,23,,CALL,1440,1203.44,36800,10/16/2026,WHITE,0,84,F,STOCK,Health Care,F,F,1037874000000,0
7/24/2026,12:10:56 PM,LRCX,SWEEP,94,3.2989,,PUT,180,316.03,31010,9/18/2026,WHITE,0,56,F,STOCK,Information Technology,F,F,512158000000,1398
7/24/2026,12:11:04 PM,LLY,BLOCK,2,186.15,,CALL,1100,1201.46,37230,12/18/2026,WHITE,0,147,F,STOCK,Health Care,F,F,1037874000000,950
7/24/2026,12:11:16 PM,LRCX,BLOCK,10,61.35,,PUT,320,317.86,61350,11/20/2026,WHITE,0,119,F,STOCK,Information Technology,F,F,512158000000,199
7/24/2026,12:11:23 PM,WDC,ML/,25,10.61,,PUT,475,537.11,26525,7/31/2026,WHITE,0,7,F,STOCK,Information Technology,F,T,252521000000,81
7/24/2026,12:11:27 PM,CRWV,ML/,30,25.38,,CALL,70,76,76140,3/19/2027,WHITE,0,238,F,STOCK,Information Technology,F,F,49810000000,0
7/24/2026,12:11:27 PM,CRWV,ML/,30,28.78,,CALL,70,76,86340,6/17/2027,WHITE,0,328,F,STOCK,Information Technology,F,T,49810000000,116
7/24/2026,12:11:50 PM,LLY,ML/,10,32.098,,CALL,1300,1201.46,32098,9/4/2026,WHITE,0,42,F,STOCK,Health Care,F,T,1037874000000,0
7/24/2026,12:11:50 PM,LLY,ML/,10,51.303,,CALL,1240,1201.46,51303,9/4/2026,WHITE,0,42,F,STOCK,Health Care,F,T,1037874000000,0
7/24/2026,12:12:44 PM,WDC,BLOCK,3,216.6,,PUT,480,537.68,64980,12/15/2028,WHITE,0,875,F,STOCK,Information Technology,F,F,252521000000,46
7/24/2026,12:12:46 PM,WDC,ML/,15,28.68,,CALL,545,536.32,43020,7/31/2026,WHITE,0,7,F,STOCK,Information Technology,F,T,252521000000,88
7/24/2026,12:12:57 PM,WDC,BLOCK,3,217.7,,PUT,480,536.32,65310,12/15/2028,WHITE,0,875,F,STOCK,Information Technology,F,F,252521000000,46
7/24/2026,12:13:04 PM,ASML,BLOCK,1,275.6,,CALL,1780,1796.847,27560,12/18/2026,WHITE,0,147,F,STOCK,Information Technology,F,F,758742000000,23
7/24/2026,12:13:08 PM,HOOD,ML/,100,1.8364,,CALL,106,95.42,18364,7/31/2026,WHITE,0,7,F,STOCK,Financials,F,T,95192000000,2155
7/24/2026,12:13:22 PM,WDC,BLOCK,5,216.75,B,PUT,480,536.32,108375,12/15/2028,WHITE,0,875,F,STOCK,Information Technology,F,F,252521000000,46
7/24/2026,12:13:26 PM,HOOD,ML/,100,2.037,,CALL,105,95.275,20370,7/31/2026,WHITE,0,7,F,STOCK,Financials,F,T,95192000000,2230
7/24/2026,12:13:28 PM,WDC,BLOCK,5,223.85,B,PUT,720,536.32,111925,10/16/2026,WHITE,0,84,F,STOCK,Information Technology,F,F,252521000000,36
7/24/2026,12:13:39 PM,WDC,BLOCK,5,217.7,B,PUT,480,536.32,108850,12/15/2028,WHITE,0,875,F,STOCK,Information Technology,F,F,252521000000,46
7/24/2026,12:14:13 PM,WDC,BLOCK,5,216.8,A,PUT,480,536.32,108400,12/15/2028,WHITE,0,875,F,STOCK,Information Technology,F,F,252521000000,46
7/24/2026,12:14:23 PM,HOOD,BLOCK,9,31.3544,,PUT,100,95.275,28219,12/17/2027,WHITE,0,511,F,STOCK,Financials,F,F,95192000000,1810
7/24/2026,12:14:34 PM,WDC,BLOCK,5,217,A,PUT,480,535.27,108500,12/15/2028,WHITE,0,875,F,STOCK,Information Technology,F,F,252521000000,46
7/24/2026,12:14:45 PM,LRCX,BLOCK,9,82,,CALL,370,317.86,73800,6/17/2027,WHITE,0,328,F,STOCK,Information Technology,F,T,512158000000,392
7/24/2026,12:14:46 PM,HOOD,BLOCK,54,5.12,,PUT,65,95.29,27648,1/15/2027,WHITE,0,175,F,STOCK,Financials,F,F,95192000000,7351
7/24/2026,12:14:58 PM,HOOD,BLOCK,13,21.8,,CALL,90,95.29,28340,1/15/2027,WHITE,0,175,F,STOCK,Financials,F,F,95192000000,2925
7/24/2026,12:15:20 PM,LRCX,SWEEP,10,37.75,,PUT,260,315.975,37750,12/18/2026,WHITE,0,147,F,STOCK,Information Technology,F,F,512158000000,573
7/24/2026,12:15:21 PM,WDC,BLOCK,2,216.5,A,PUT,480,535.27,43300,12/15/2028,WHITE,0,875,F,STOCK,Information Technology,F,F,252521000000,46
7/24/2026,12:15:33 PM,WDC,BLOCK,3,217.2,A,PUT,480,535.27,65160,12/15/2028,WHITE,0,875,F,STOCK,Information Technology,F,F,252521000000,46
7/24/2026,12:15:56 PM,WDC,BLOCK,5,143.85,,CALL,450,534.445,71925,10/16/2026,WHITE,0,84,F,STOCK,Information Technology,F,F,252521000000,203
7/24/2026,12:16:04 PM,WDC,BLOCK,5,62.45,,PUT,500,534.445,31225,9/18/2026,WHITE,0,56,F,STOCK,Information Technology,F,F,252521000000,256
7/24/2026,12:16:10 PM,WDC,BLOCK,4,217,B,PUT,480,534.445,86800,12/15/2028,WHITE,0,875,F,STOCK,Information Technology,F,F,252521000000,46
7/24/2026,12:16:14 PM,WDC,BLOCK,5,217.88,A,PUT,480,534.445,108940,12/15/2028,WHITE,0,875,F,STOCK,Information Technology,F,F,252521000000,46
7/24/2026,12:16:27 PM,PLTR,SWEEP,147,21.85,A,CALL,110,123.56,321195,10/16/2026,WHITE,0,84,F,STOCK,Information Technology,F,F,286478000000,507
7/24/2026,12:16:28 PM,PLTR,SWEEP,14,21.85,,CALL,110,123.56,30590,10/16/2026,WHITE,0,84,F,STOCK,Information Technology,F,F,286478000000,508
7/24/2026,12:16:28 PM,HOOD,ML/,26,21.1381,,CALL,100,95.29,54959,3/19/2027,WHITE,0,238,F,STOCK,Financials,F,F,95192000000,4128
7/24/2026,12:17:00 PM,WDC,ML/,1,297.6,,CALL,550,534.445,29760,12/15/2028,WHITE,0,875,F,STOCK,Information Technology,F,F,252521000000,83
7/24/2026,12:17:00 PM,WDC,ML/,1,265.9,,CALL,700,534.445,26590,12/15/2028,WHITE,0,875,F,STOCK,Information Technology,F,F,252521000000,70
7/24/2026,12:17:00 PM,WDC,BLOCK,4,105.55,,PUT,550,534.445,42220,10/16/2026,WHITE,0,84,F,STOCK,Information Technology,F,F,252521000000,79
7/24/2026,12:17:08 PM,CRWV,ML/,100,6.64,,CALL,200,75.59,66400,6/17/2027,WHITE,0,328,F,STOCK,Information Technology,F,T,49810000000,2690
7/24/2026,12:17:08 PM,CRWV,ML/,100,1.77,,CALL,200,75.59,17700,12/18/2026,WHITE,0,147,F,STOCK,Information Technology,F,F,49810000000,5731
7/24/2026,12:17:15 PM,CRWV,BLOCK,50,4.35,,PUT,76,75.59,21750,7/31/2026,WHITE,0,7,F,STOCK,Information Technology,F,T,49810000000,0
7/24/2026,12:17:21 PM,WDC,BLOCK,3,217.9,B,PUT,480,533.465,65370,12/15/2028,WHITE,0,875,F,STOCK,Information Technology,F,F,252521000000,46
7/24/2026,12:17:40 PM,ASML,ML/,15,26.672,,PUT,1550,1786.785,40008,8/21/2026,WHITE,0,28,F,STOCK,Information Technology,F,F,758742000000,0
7/24/2026,12:17:40 PM,ASML,ML/,15,24.968,,PUT,1540,1786.785,37452,8/21/2026,WHITE,0,28,F,STOCK,Information Technology,F,F,758742000000,154
7/24/2026,12:18:07 PM,CRWV,BLOCK,40,10.5,,PUT,85,75.59,42000,7/31/2026,WHITE,0,7,F,STOCK,Information Technology,F,T,49810000000,2180
7/24/2026,12:18:13 PM,HOOD,ML/,9,30.17,,CALL,110,95.31,27153,1/21/2028,WHITE,0,546,F,STOCK,Financials,F,F,95192000000,1429
7/24/2026,12:18:15 PM,WDC,BLOCK,3,217.6867,A,PUT,480,533.465,65306,12/15/2028,WHITE,0,875,F,STOCK,Information Technology,F,F,252521000000,46
7/24/2026,12:18:38 PM,WDC,BLOCK,3,98.5,,CALL,540,533.8,29550,10/16/2026,WHITE,0,84,F,STOCK,Information Technology,F,F,252521000000,76
7/24/2026,12:18:45 PM,PLTR,BLOCK,32,16.85,,PUT,125,123.56,53920,11/20/2026,WHITE,0,119,F,STOCK,Information Technology,F,F,286478000000,2003
7/24/2026,12:18:49 PM,LLY,BLOCK,5,57.05,,PUT,1200,1201.7,28525,8/21/2026,WHITE,0,28,F,STOCK,Health Care,F,F,1037874000000,194
7/24/2026,12:19:18 PM,PLTR,ML/,40,33.89,,CALL,100,123.68,135560,1/15/2027,WHITE,0,175,F,STOCK,Information Technology,F,F,286478000000,7107
7/24/2026,12:19:18 PM,PLTR,ML/,40,35.8,,CALL,100,123.68,143200,2/19/2027,WHITE,0,210,F,STOCK,Information Technology,F,F,286478000000,289
7/24/2026,12:19:22 PM,LRCX,BLOCK,63,28.65,B,CALL,350,315.975,180495,9/18/2026,WHITE,0,56,F,STOCK,Information Technology,F,F,512158000000,1946
7/24/2026,12:19:25 PM,WDC,ML/,2,199.76,,CALL,1140,533.8,39952,12/15/2028,WHITE,0,875,F,STOCK,Information Technology,F,F,252521000000,31
7/24/2026,12:19:25 PM,WDC,ML/,2,197.26,,CALL,1160,533.8,39452,12/15/2028,WHITE,0,875,F,STOCK,Information Technology,F,F,252521000000,407
7/24/2026,12:19:30 PM,LRCX,BLOCK,68,28.6,A,CALL,350,315.975,194480,9/18/2026,WHITE,0,56,F,STOCK,Information Technology,F,F,512158000000,1946
7/24/2026,12:19:36 PM,LRCX,BLOCK,45,28.65,A,CALL,350,315.21,128925,9/18/2026,WHITE,0,56,F,STOCK,Information Technology,F,F,512158000000,1946
7/24/2026,12:19:44 PM,LRCX,BLOCK,57,28.75,A,CALL,350,315.235,163875,9/18/2026,WHITE,0,56,F,STOCK,Information Technology,F,F,512158000000,1946
7/24/2026,12:20:05 PM,LRCX,BLOCK,4,114.3,,CALL,280,315.235,45720,6/17/2027,WHITE,0,328,F,STOCK,Information Technology,F,T,512158000000,162
7/24/2026,12:20:07 PM,WDC,BLOCK,4,98.35,,CALL,540,533.8,39340,10/16/2026,WHITE,0,84,F,STOCK,Information Technology,F,F,252521000000,76
7/24/2026,12:20:11 PM,WDC,ML/,2,127.02,,CALL,550,533.8,25404,12/18/2026,WHITE,0,147,F,STOCK,Information Technology,F,F,252521000000,0
7/24/2026,12:20:16 PM,WDC,BLOCK,4,98.55,,CALL,540,533.78,39420,10/16/2026,WHITE,0,84,F,STOCK,Information Technology,F,F,252521000000,76
7/24/2026,12:20:16 PM,WDC,BLOCK,3,94.6,,CALL,550,533.78,28380,10/16/2026,WHITE,0,84,F,STOCK,Information Technology,F,F,252521000000,227
7/24/2026,12:21:33 PM,ASML,SWEEP,6,53.6833,,CALL,2900,1788.2,32210,1/15/2027,WHITE,0,175,F,STOCK,Information Technology,F,F,758742000000,335
7/24/2026,12:21:42 PM,LRCX,SWEEP,22,59,B,PUT,260,315.235,129800,6/17/2027,WHITE,0,328,F,STOCK,Information Technology,F,T,512158000000,122
7/24/2026,12:21:48 PM,PLTR,BLOCK,8,38.2,,PUT,145,123.68,30560,6/17/2027,WHITE,0,328,F,STOCK,Information Technology,F,T,286478000000,5901
7/24/2026,12:22:00 PM,LLY,BLOCK,148,34.27,,CALL,1320,1201.23,507196,9/18/2026,WHITE,0,56,F,STOCK,Health Care,F,F,1037874000000,849
7/24/2026,12:22:17 PM,WDC,BLOCK,5,94.4,,CALL,550,533.78,47200,10/16/2026,WHITE,0,84,F,STOCK,Information Technology,F,F,252521000000,227
7/24/2026,12:22:18 PM,LLY,ML/,44,32.9341,,PUT,1100,1200.96,144910,9/18/2026,WHITE,0,56,F,STOCK,Health Care,F,F,1037874000000,379
7/24/2026,12:22:18 PM,LLY,ML/,44,23.5945,,PUT,1060,1200.96,103816,9/18/2026,WHITE,0,56,F,STOCK,Health Care,F,F,1037874000000,239
7/24/2026,12:22:46 PM,LLY,SWEEP,4,64.75,,CALL,1340,1200.96,25900,11/20/2026,WHITE,0,119,F,STOCK,Health Care,F,F,1037874000000,0
7/24/2026,12:22:55 PM,CRWV,BLOCK,34,13,,PUT,75,75.665,44200,10/16/2026,WHITE,0,84,F,STOCK,Information Technology,F,F,49810000000,3069
7/24/2026,12:23:07 PM,LRCX,ML/,10,36.378,,CALL,330,315.24,36378,9/18/2026,WHITE,0,56,F,STOCK,Information Technology,F,F,512158000000,1783
7/24/2026,12:23:09 PM,LLY,BLOCK,1,758,,CALL,500,1200.96,75800,12/15/2028,WHITE,0,875,F,STOCK,Health Care,F,F,1037874000000,0
7/24/2026,12:23:11 PM,LLY,SWEEP,156,5.75,,PUT,1000,1200.96,89700,8/21/2026,WHITE,0,28,F,STOCK,Health Care,F,F,1037874000000,1180
7/24/2026,12:24:08 PM,CRWV,BLOCK,50,17,,CALL,59,75.665,85000,7/31/2026,WHITE,0,7,F,STOCK,Information Technology,F,T,49810000000,0
7/24/2026,12:24:12 PM,CRWV,SWEEP,200,1.22,,CALL,85,75.665,24400,7/31/2026,WHITE,0,7,F,STOCK,Information Technology,F,T,49810000000,2617
7/24/2026,12:24:15 PM,CRWV,BLOCK,25,28.8,,CALL,70,75.665,72000,6/17/2027,WHITE,0,328,F,STOCK,Information Technology,F,T,49810000000,116
7/24/2026,12:24:28 PM,CRWV,BLOCK,20,15.1,,CALL,61,75.7,30200,7/31/2026,WHITE,0,7,F,STOCK,Information Technology,F,T,49810000000,0
7/24/2026,12:24:37 PM,CRWV,SWEEP,200,1.2107,,CALL,85,75.7,24214,7/31/2026,WHITE,0,7,F,STOCK,Information Technology,F,T,49810000000,2617
7/24/2026,12:24:39 PM,HOOD,BLOCK,100,3.33,,CALL,135,95.245,33300,10/16/2026,WHITE,0,84,F,STOCK,Financials,F,F,95192000000,740
7/24/2026,12:24:45 PM,CRWV,ML/,138,3.7913,,PUT,75,75.7,52320,7/31/2026,WHITE,0,7,F,STOCK,Information Technology,F,T,49810000000,2684
7/24/2026,12:24:48 PM,CRWV,BLOCK,68,2.7369,,CALL,79,75.7,18611,7/31/2026,WHITE,0,7,F,STOCK,Information Technology,F,T,49810000000,499
7/24/2026,12:24:55 PM,HOOD,BLOCK,150,1.79,,CALL,135,95.695,26850,9/18/2026,WHITE,0,56,F,STOCK,Financials,F,F,95192000000,7655
7/24/2026,12:25:04 PM,LLY,ML/,44,52.54,,CALL,1260,1201.085,231176,9/18/2026,WHITE,0,56,F,STOCK,Health Care,F,F,1037874000000,468
7/24/2026,12:25:04 PM,LLY,ML/,44,39.3,,CALL,1300,1201.085,172920,9/18/2026,WHITE,0,56,F,STOCK,Health Care,F,F,1037874000000,1076
7/24/2026,12:25:04 PM,LLY,ML/,44,18.21,,CALL,1400,1201.085,80124,9/18/2026,WHITE,0,56,F,STOCK,Health Care,F,F,1037874000000,975
7/24/2026,12:25:04 PM,LLY,ML/,44,25,,CALL,1360,1201.085,110000,9/18/2026,WHITE,0,56,F,STOCK,Health Care,F,F,1037874000000,988
7/24/2026,12:25:07 PM,HOOD,BLOCK,50,5.5,,PUT,96,95.695,27500,7/31/2026,WHITE,0,7,F,STOCK,Financials,F,T,95192000000,410
7/24/2026,12:26:00 PM,PLTR,ML/,181,3.35,,PUT,110,123.59,60635,8/21/2026,WHITE,0,28,F,STOCK,Information Technology,F,F,286478000000,14024
7/24/2026,12:27:10 PM,LRCX,BLOCK,31,28.5,,CALL,350,316.32,88350,9/18/2026,WHITE,0,56,F,STOCK,Information Technology,F,F,512158000000,1946
7/24/2026,12:27:13 PM,CRWV,ML/,7,60.06,,PUT,125,75.7,42042,6/17/2027,WHITE,0,328,F,STOCK,Information Technology,F,T,49810000000,0
7/24/2026,12:27:14 PM,CRWV,ML/,6,60.08,,PUT,125,75.7,36048,6/17/2027,WHITE,0,328,F,STOCK,Information Technology,F,T,49810000000,0
7/24/2026,12:27:15 PM,CRWV,ML/,55,33.0613,,PUT,97.5,75.455,181837,1/15/2027,WHITE,0,175,F,STOCK,Information Technology,F,F,49810000000,1109
7/24/2026,12:27:22 PM,CRWV,ML/,5,60.01,,PUT,125,75.455,30005,6/17/2027,WHITE,0,328,F,STOCK,Information Technology,F,T,49810000000,0
7/24/2026,12:27:27 PM,CRWV,ML/,5,59.96,,PUT,125,75.455,29980,6/17/2027,WHITE,0,328,F,STOCK,Information Technology,F,T,49810000000,0
7/24/2026,12:27:31 PM,PLTR,SWEEP,111,21.95,A,CALL,110,123.68,243645,10/16/2026,WHITE,0,84,F,STOCK,Information Technology,F,F,286478000000,508
7/24/2026,12:27:32 PM,LRCX,SWEEP,35,28.5057,B,CALL,350,315.44,99770,9/18/2026,WHITE,0,56,F,STOCK,Information Technology,F,F,512158000000,1946
7/24/2026,12:27:36 PM,LRCX,SWEEP,46,28.5043,B,CALL,350,315.44,131120,9/18/2026,WHITE,0,56,F,STOCK,Information Technology,F,F,512158000000,1946
7/24/2026,12:27:39 PM,LRCX,SWEEP,45,28.51,B,CALL,350,315.44,128295,9/18/2026,WHITE,0,56,F,STOCK,Information Technology,F,F,512158000000,1946
7/24/2026,12:27:40 PM,ASML,BLOCK,1,334.1,,CALL,1700,1790.78,33410,1/15/2027,WHITE,0,175,F,STOCK,Information Technology,F,F,758742000000,200
7/24/2026,12:27:44 PM,LRCX,BLOCK,47,28.5,A,CALL,350,315.44,133950,9/18/2026,WHITE,0,56,F,STOCK,Information Technology,F,F,512158000000,1946
7/24/2026,12:27:48 PM,LRCX,BLOCK,42,28.5,A,CALL,350,315.44,119700,9/18/2026,WHITE,0,56,F,STOCK,Information Technology,F,F,512158000000,1946
7/24/2026,12:27:49 PM,LRCX,BLOCK,6,49.9,,CALL,370,315.44,29940,12/18/2026,WHITE,0,147,F,STOCK,Information Technology,F,F,512158000000,980
7/24/2026,12:28:00 PM,LLY,BLOCK,3,142.93,,CALL,1200,1201.025,42879,1/15/2027,WHITE,0,175,F,STOCK,Health Care,F,F,1037874000000,1339
7/24/2026,12:28:01 PM,LRCX,BLOCK,13,37.95,,PUT,260,315.44,49335,12/18/2026,WHITE,0,147,F,STOCK,Information Technology,F,F,512158000000,573
7/24/2026,12:28:19 PM,PLTR,BLOCK,50,4.88,,CALL,135,123.725,24400,8/21/2026,WHITE,0,28,F,STOCK,Information Technology,F,F,286478000000,9266
7/24/2026,12:28:19 PM,PLTR,BLOCK,29,9.3,,PUT,120,123.725,26970,9/18/2026,WHITE,0,56,F,STOCK,Information Technology,F,F,286478000000,20073
7/24/2026,12:29:24 PM,CRWV,ML/,23,60.0239,,PUT,125,75.455,138055,6/17/2027,WHITE,0,328,F,STOCK,Information Technology,F,T,49810000000,124
7/24/2026,12:29:24 PM,CRWV,ML/,23,33.0322,,PUT,97.5,75.455,75974,1/15/2027,WHITE,0,175,F,STOCK,Information Technology,F,F,49810000000,1109
7/24/2026,12:29:55 PM,PLTR,BLOCK,14,20.9,,PUT,130,123.725,29260,12/18/2026,WHITE,0,147,F,STOCK,Information Technology,F,F,286478000000,9363
7/24/2026,12:30:04 PM,LRCX,BLOCK,14,25.5036,,CALL,320,314.82,35705,8/14/2026,WHITE,0,21,F,STOCK,Information Technology,F,T,512158000000,0
7/24/2026,12:30:17 PM,WDC,SWEEP,52,16.05,,CALL,690,534.155,83460,8/21/2026,WHITE,0,28,F,STOCK,Information Technology,F,F,252521000000,0
7/24/2026,12:30:26 PM,LLY,ML/,10,46.22,,CALL,1230,1201.345,46220,8/21/2026,WHITE,0,28,F,STOCK,Health Care,F,F,1037874000000,274
7/24/2026,12:30:26 PM,LLY,ML/,10,41.6,,CALL,1240,1201.345,41600,8/21/2026,WHITE,0,28,F,STOCK,Health Care,F,F,1037874000000,490
7/24/2026,12:30:27 PM,LLY,ML/,1,262.5,,CALL,1180,1201.345,26250,12/17/2027,WHITE,0,511,F,STOCK,Health Care,F,F,1037874000000,15
7/24/2026,12:30:28 PM,LRCX,SWEEP,44,25.4909,,PUT,280,314.82,112160,9/18/2026,WHITE,0,56,F,STOCK,Information Technology,F,F,512158000000,3226
7/24/2026,12:30:32 PM,LLY,BLOCK,1,256.85,,CALL,1220,1201.345,25685,1/21/2028,WHITE,0,546,F,STOCK,Health Care,F,F,1037874000000,39
7/24/2026,12:30:40 PM,CRWV,BLOCK,69,2.35,,CALL,200,75.63,16215,1/15/2027,WHITE,0,175,F,STOCK,Information Technology,F,F,49810000000,7858
7/24/2026,12:30:46 PM,LRCX,BLOCK,7,111.8,,PUT,350,313.3,78260,6/17/2027,WHITE,0,328,F,STOCK,Information Technology,F,T,512158000000,89
7/24/2026,12:30:46 PM,LRCX,BLOCK,11,112.4,B,CALL,280,313.3,123640,6/17/2027,WHITE,0,328,F,STOCK,Information Technology,F,T,512158000000,162
7/24/2026,12:30:47 PM,CRWV,BLOCK,22,19,,CALL,77.5,75.37,41800,1/15/2027,WHITE,0,175,F,STOCK,Information Technology,F,F,49810000000,236
7/24/2026,12:32:04 PM,CRWV,SWEEP,20,19.2225,,CALL,70,75.42,38445,11/20/2026,WHITE,0,119,F,STOCK,Information Technology,F,F,49810000000,0
7/24/2026,12:32:25 PM,PLTR,BLOCK,50,3.08,,PUT,123,123.775,15400,7/31/2026,WHITE,0,7,F,STOCK,Information Technology,F,T,286478000000,795
7/24/2026,12:32:38 PM,CRWV,SWEEP,122,1.7704,,CALL,220,75.42,21599,1/15/2027,WHITE,0,175,F,STOCK,Information Technology,F,F,49810000000,3180
7/24/2026,12:32:38 PM,CRWV,BLOCK,95,3.3238,,CALL,175,75.42,31576,1/15/2027,WHITE,0,175,F,STOCK,Information Technology,F,F,49810000000,0
7/24/2026,12:32:41 PM,PLTR,SWEEP,107,2,,CALL,180,123.69,21400,10/16/2026,WHITE,0,84,F,STOCK,Information Technology,F,F,286478000000,1245
7/24/2026,12:33:07 PM,CRWV,ML/,300,0.76,,PUT,65,75.42,22800,7/31/2026,WHITE,0,7,F,STOCK,Information Technology,F,T,49810000000,1713
7/24/2026,12:33:13 PM,HOOD,ML/,25,13.74,,CALL,200,95.695,34350,1/21/2028,WHITE,0,546,F,STOCK,Financials,F,F,95192000000,4199
7/24/2026,12:34:15 PM,LLY,ML/,103,1.06,,PUT,1100,1202.38,10918,7/31/2026,WHITE,0,7,F,STOCK,Health Care,F,T,1037874000000,392
7/24/2026,12:35:17 PM,HOOD,BLOCK,50,9,,CALL,250,95.118,45000,12/17/2027,WHITE,0,511,F,STOCK,Financials,F,F,95192000000,795
7/24/2026,12:35:54 PM,HOOD,BLOCK,50,40.45,A,CALL,60,95.118,202250,1/15/2027,WHITE,0,175,F,STOCK,Financials,F,F,95192000000,3068
7/24/2026,12:35:55 PM,CRWV,SWEEP,20,23.825,,CALL,70,75.475,47650,2/19/2027,WHITE,0,210,F,STOCK,Information Technology,F,F,49810000000,0
7/24/2026,12:36:07 PM,LRCX,BLOCK,11,86.65,,PUT,310,313.02,95315,6/17/2027,WHITE,0,328,F,STOCK,Information Technology,F,T,512158000000,232
7/24/2026,12:36:23 PM,WDC,BLOCK,2,129.2,,PUT,560,531.515,25840,11/20/2026,WHITE,0,119,F,STOCK,Information Technology,F,F,252521000000,34
7/24/2026,12:36:35 PM,CRWV,SWEEP,20,15.8225,,CALL,67.5,75.48,31645,9/18/2026,WHITE,0,56,F,STOCK,Information Technology,F,F,49810000000,0
7/24/2026,12:36:46 PM,PLTR,BLOCK,11,31.5,,PUT,135,123.69,34650,6/17/2027,WHITE,0,328,F,STOCK,Information Technology,F,T,286478000000,5570
7/24/2026,12:36:46 PM,PLTR,BLOCK,10,38.1,,PUT,145,123.69,38100,6/17/2027,WHITE,0,328,F,STOCK,Information Technology,F,T,286478000000,5901
7/24/2026,12:37:55 PM,PLTR,SWEEP,150,1.9003,,PUT,120,123.7,28505,7/31/2026,WHITE,0,7,F,STOCK,Information Technology,F,T,286478000000,3484
7/24/2026,12:38:06 PM,CRWV,SWEEP,20,16.95,,CALL,75,75.48,33900,11/20/2026,WHITE,0,119,F,STOCK,Information Technology,F,F,49810000000,999
7/24/2026,12:38:10 PM,PLTR,SWEEP,688,0.57,,CALL,170,123.75,39216,8/21/2026,WHITE,0,28,F,STOCK,Information Technology,F,F,286478000000,6374
7/24/2026,12:38:20 PM,HOOD,BLOCK,24,40.2,,CALL,60,95.14,96480,1/15/2027,WHITE,0,175,F,STOCK,Financials,F,F,95192000000,3068
7/24/2026,12:38:29 PM,WDC,ML/,20,36.89,,PUT,540,532.825,73780,7/31/2026,WHITE,0,7,F,STOCK,Information Technology,F,T,252521000000,1028
7/24/2026,12:38:45 PM,LRCX,SWEEP,6,132.4,,PUT,380,313.25,79440,6/17/2027,WHITE,0,328,F,STOCK,Information Technology,F,T,512158000000,115
7/24/2026,12:38:51 PM,PLTR,BLOCK,200,1.89,,PUT,120,123.75,37800,7/31/2026,WHITE,0,7,F,STOCK,Information Technology,F,T,286478000000,3484
7/24/2026,12:39:51 PM,PLTR,ML/,1500,11.87,,PUT,125,123.75,1780500,9/18/2026,WHITE,0,56,F,STOCK,Information Technology,F,F,286478000000,10326
7/24/2026,12:39:51 PM,PLTR,ML/,1500,5.98,,CALL,140,123.75,897000,9/18/2026,WHITE,0,56,F,STOCK,Information Technology,F,F,286478000000,7945
7/24/2026,12:40:09 PM,LLY,ML/,10,85.937,,CALL,1120,1201.665,85937,7/31/2026,WHITE,0,7,F,STOCK,Health Care,F,T,1037874000000,42
7/24/2026,12:40:09 PM,LLY,ML/,10,81.246,,CALL,1125,1201.665,81246,7/31/2026,WHITE,0,7,F,STOCK,Health Care,F,T,1037874000000,16
7/24/2026,12:40:23 PM,LLY,BLOCK,2,215.65,,PUT,1300,1201.665,43130,6/17/2027,WHITE,0,328,F,STOCK,Health Care,F,T,1037874000000,146
7/24/2026,12:40:23 PM,LLY,BLOCK,2,209.65,,PUT,1290,1201.665,41930,6/17/2027,WHITE,0,328,F,STOCK,Health Care,F,T,1037874000000,0
7/24/2026,12:40:24 PM,CRWV,BLOCK,50,2.26,,CALL,80,75.24,11300,7/31/2026,WHITE,0,7,F,STOCK,Information Technology,F,T,49810000000,8950
7/24/2026,12:40:47 PM,LLY,ML/,15,84.796,,CALL,1120,1200.45,127194,7/31/2026,WHITE,0,7,F,STOCK,Health Care,F,T,1037874000000,42
7/24/2026,12:40:51 PM,PLTR,BLOCK,200,1.96,,PUT,120,123.585,39200,7/31/2026,WHITE,0,7,F,STOCK,Information Technology,F,T,286478000000,3484
7/24/2026,12:41:06 PM,LRCX,BLOCK,26,20.4423,,PUT,290,312.22,53150,8/21/2026,WHITE,0,28,F,STOCK,Information Technology,F,F,512158000000,1254
7/24/2026,12:41:06 PM,LRCX,BLOCK,16,16.625,,PUT,280,312.22,26600,8/21/2026,WHITE,0,28,F,STOCK,Information Technology,F,F,512158000000,1969
7/24/2026,12:41:09 PM,LLY,BLOCK,2,192.05,,PUT,1260,1200.45,38410,6/17/2027,WHITE,0,328,F,STOCK,Health Care,F,T,1037874000000,2
7/24/2026,12:41:11 PM,ASML,SWEEP,2,314.8,,PUT,1460,1779.67,62960,6/16/2028,WHITE,0,693,F,STOCK,Information Technology,F,F,758742000000,0
7/24/2026,12:41:14 PM,LLY,BLOCK,2,197.7,,PUT,1270,1200.45,39540,6/17/2027,WHITE,0,328,F,STOCK,Health Care,F,T,1037874000000,6
7/24/2026,12:41:27 PM,LRCX,BLOCK,7,88.7,,CALL,340,311.725,62090,6/17/2027,WHITE,0,328,F,STOCK,Information Technology,F,T,512158000000,324
7/24/2026,12:41:27 PM,LRCX,BLOCK,4,99.5,,PUT,330,311.725,39800,6/17/2027,WHITE,0,328,F,STOCK,Information Technology,F,T,512158000000,155
7/24/2026,12:41:56 PM,PLTR,BLOCK,50,45.65,A,PUT,165,123.5,228250,11/20/2026,WHITE,0,119,F,STOCK,Information Technology,F,F,286478000000,619
7/24/2026,12:42:08 PM,PLTR,BLOCK,62,3.3,,CALL,124,123.5,20460,7/31/2026,WHITE,0,7,F,STOCK,Information Technology,F,T,286478000000,517
7/24/2026,12:42:32 PM,PLTR,BLOCK,89,3.25,,CALL,124,123.5,28925,7/31/2026,WHITE,0,7,F,STOCK,Information Technology,F,T,286478000000,517
7/24/2026,12:42:42 PM,HOOD,BLOCK,100,5.8,,PUT,96,95.135,58000,7/31/2026,WHITE,0,7,F,STOCK,Financials,F,T,95192000000,410
7/24/2026,12:42:52 PM,PLTR,BLOCK,40,50.55,A,CALL,80,123.5,202200,3/19/2027,WHITE,0,238,F,STOCK,Information Technology,F,F,286478000000,107
7/24/2026,12:43:14 PM,CRWV,ML/,4,64.37,,PUT,130,75.045,25748,6/17/2027,WHITE,0,328,F,STOCK,Information Technology,F,T,49810000000,0
7/24/2026,12:43:14 PM,CRWV,ML/,48,6.5808,,CALL,200,75.045,31588,6/17/2027,WHITE,0,328,F,STOCK,Information Technology,F,T,49810000000,2690
7/24/2026,12:43:19 PM,PLTR,BLOCK,100,5.09,,CALL,180,123.45,50900,12/18/2026,WHITE,0,147,F,STOCK,Information Technology,F,F,286478000000,4186
7/24/2026,12:43:28 PM,LLY,SWEEP,42,96.0929,,CALL,1200,1200.45,403590,10/16/2026,WHITE,0,84,F,STOCK,Health Care,F,F,1037874000000,441
7/24/2026,12:43:44 PM,CRWV,BLOCK,66,3.1,,PUT,55,74.935,20460,9/18/2026,WHITE,0,56,F,STOCK,Information Technology,F,F,49810000000,2243
7/24/2026,12:44:06 PM,PLTR,BLOCK,27,14.33,,PUT,120,123.45,38691,11/20/2026,WHITE,0,119,F,STOCK,Information Technology,F,F,286478000000,6702
7/24/2026,12:44:31 PM,ASML,BLOCK,3,872.9,,CALL,1000,1779.78,261870,6/17/2027,WHITE,0,328,F,STOCK,Information Technology,F,T,758742000000,187
7/24/2026,12:44:51 PM,PLTR,BLOCK,6,43.6,,CALL,95,123.372,26160,6/17/2027,WHITE,0,328,F,STOCK,Information Technology,F,T,286478000000,498
7/24/2026,12:44:55 PM,WDC,BLOCK,5,63.35,,PUT,500,530.04,31675,9/18/2026,WHITE,0,56,F,STOCK,Information Technology,F,F,252521000000,256
7/24/2026,12:45:06 PM,LRCX,SWEEP,123,7.2496,,PUT,265,311.62,89170,8/7/2026,WHITE,0,14,F,STOCK,Information Technology,F,T,512158000000,0
7/24/2026,12:45:07 PM,PLTR,BLOCK,57,11.9396,,CALL,250,123.372,68056,12/17/2027,WHITE,0,511,F,STOCK,Information Technology,F,F,286478000000,1092
7/24/2026,12:45:18 PM,PLTR,ML/,500,1.1251,,CALL,130,123.372,56254,7/31/2026,WHITE,0,7,F,STOCK,Information Technology,F,T,286478000000,22997
7/24/2026,12:45:18 PM,PLTR,ML/,500,2.2951,,CALL,126,123.372,114754,7/31/2026,WHITE,0,7,F,STOCK,Information Technology,F,T,286478000000,877
7/24/2026,12:45:19 PM,CRWV,BLOCK,66,1.53,,PUT,47.5,74.935,10098,9/18/2026,WHITE,0,56,F,STOCK,Information Technology,F,F,49810000000,775
7/24/2026,12:46:03 PM,LLY,ML/,7,36.45,,CALL,1230,1201.005,25515,8/7/2026,WHITE,0,14,F,STOCK,Health Care,F,T,1037874000000,38
7/24/2026,12:46:03 PM,LLY,ML/,7,38.17,,CALL,1225,1201.005,26719,8/7/2026,WHITE,0,14,F,STOCK,Health Care,F,T,1037874000000,24
7/24/2026,12:46:35 PM,CRWV,BLOCK,60,1.96,,PUT,50,74.945,11760,9/18/2026,WHITE,0,56,F,STOCK,Information Technology,F,F,49810000000,4722
7/24/2026,12:46:35 PM,CRWV,BLOCK,66,1.53,,PUT,47.5,74.945,10098,9/18/2026,WHITE,0,56,F,STOCK,Information Technology,F,F,49810000000,775
7/24/2026,12:46:50 PM,CRWV,BLOCK,111,7,,CALL,70,74.83,77700,7/31/2026,WHITE,0,7,F,STOCK,Information Technology,F,T,49810000000,130
7/24/2026,12:47:00 PM,LLY,ML/,10,27.03,,PUT,1150,1201.005,27030,8/7/2026,WHITE,0,14,F,STOCK,Health Care,F,T,1037874000000,150
7/24/2026,12:47:00 PM,LLY,ML/,10,28.47,,PUT,1155,1201.005,28470,8/7/2026,WHITE,0,14,F,STOCK,Health Care,F,T,1037874000000,118
7/24/2026,12:47:56 PM,CRWV,BLOCK,75,1.44,,PUT,30,74.83,10800,1/15/2027,WHITE,0,175,F,STOCK,Information Technology,F,F,49810000000,1659
7/24/2026,12:48:04 PM,CRWV,ML/,99,1.94,,CALL,210,74.79,19206,1/15/2027,WHITE,0,175,F,STOCK,Information Technology,F,F,49810000000,1575
7/24/2026,12:48:04 PM,CRWV,ML/,66,2.24,,CALL,200,74.79,14784,1/15/2027,WHITE,0,175,F,STOCK,Information Technology,F,F,49810000000,7858
7/24/2026,12:48:17 PM,PLTR,BLOCK,25,25.4,,PUT,135,123.32,63500,1/15/2027,WHITE,0,175,F,STOCK,Information Technology,F,F,286478000000,11099
7/24/2026,12:48:20 PM,LRCX,SWEEP,9,47.55,,CALL,370,311.07,42795,12/18/2026,WHITE,0,147,F,STOCK,Information Technology,F,F,512158000000,980
7/24/2026,12:48:21 PM,CRWV,BLOCK,66,3.1,,PUT,55,74.79,20460,9/18/2026,WHITE,0,56,F,STOCK,Information Technology,F,F,49810000000,2243
7/24/2026,12:48:25 PM,CRWV,BLOCK,100,8.18,,PUT,60,74.79,81800,11/20/2026,WHITE,0,119,F,STOCK,Information Technology,F,F,49810000000,417
7/24/2026,12:48:30 PM,CRWV,ML/,20,14.05,,CALL,70,74.79,28100,9/18/2026,WHITE,0,56,F,STOCK,Information Technology,F,F,49810000000,545
7/24/2026,12:48:30 PM,CRWV,ML/,20,19.85,,CALL,60,74.79,39700,9/18/2026,WHITE,0,56,F,STOCK,Information Technology,F,F,49810000000,270
7/24/2026,12:48:59 PM,PLTR,BLOCK,10,32.2,,CALL,100,123.11,32200,12/18/2026,WHITE,0,147,F,STOCK,Information Technology,F,F,286478000000,1445
7/24/2026,12:49:07 PM,WDC,BLOCK,15,18.45,,CALL,670,529.513,27675,8/21/2026,WHITE,0,28,F,STOCK,Information Technology,F,F,252521000000,132
7/24/2026,12:49:07 PM,PLTR,BLOCK,42,23.3,,CALL,115,123.11,97860,12/18/2026,WHITE,0,147,F,STOCK,Information Technology,F,F,286478000000,1609
7/24/2026,12:49:37 PM,CRWV,SWEEP,32,22.0453,,CALL,120,74.79,70545,1/21/2028,WHITE,0,546,F,STOCK,Information Technology,F,F,49810000000,4427
7/24/2026,12:49:51 PM,PLTR,ML/,102,12.1502,B,PUT,125,123.11,123932,9/18/2026,WHITE,0,56,F,STOCK,Information Technology,F,F,286478000000,10326
7/24/2026,12:50:04 PM,HOOD,BLOCK,20,15.1,,PUT,85,95.06,30200,3/19/2027,WHITE,0,238,F,STOCK,Financials,F,F,95192000000,7521
7/24/2026,12:50:48 PM,CRWV,BLOCK,25,86.2,B,PUT,145,74.665,215500,12/15/2028,WHITE,0,875,F,STOCK,Information Technology,F,F,49810000000,190
7/24/2026,12:50:50 PM,CRWV,SWEEP,20,23,,CALL,115,74.665,46000,1/21/2028,WHITE,0,546,F,STOCK,Information Technology,F,F,49810000000,0
7/24/2026,12:51:01 PM,CRWV,SWEEP,20,27.975,,CALL,92.5,74.69,55950,1/21/2028,WHITE,0,546,F,STOCK,Information Technology,F,F,49810000000,80
7/24/2026,12:51:03 PM,CRWV,SWEEP,20,28,,CALL,92.5,74.69,56000,1/21/2028,WHITE,0,546,F,STOCK,Information Technology,F,F,49810000000,80
7/24/2026,12:51:05 PM,HOOD,ML/,27,25.47,,PUT,120,94.88,68769,8/7/2026,WHITE,0,14,F,STOCK,Financials,F,T,95192000000,117
7/24/2026,12:51:29 PM,CRWV,BLOCK,10,33.7,,CALL,100,74.69,33700,12/15/2028,WHITE,0,875,F,STOCK,Information Technology,F,F,49810000000,6122
7/24/2026,12:51:33 PM,CRWV,SWEEP,37,26.15,,CALL,100,74.69,96755,1/21/2028,WHITE,0,546,F,STOCK,Information Technology,F,F,49810000000,2700
7/24/2026,12:51:36 PM,CRWV,BLOCK,10,26.15,A,CALL,100,74.69,26150,1/21/2028,WHITE,0,546,F,STOCK,Information Technology,F,F,49810000000,2700
7/24/2026,12:51:36 PM,WDC,BLOCK,10,29.75,,PUT,462.5,528.325,29750,8/21/2026,WHITE,0,28,F,STOCK,Information Technology,F,F,252521000000,0
7/24/2026,12:51:42 PM,CRWV,BLOCK,25,90.3,B,PUT,150,74.69,225750,12/15/2028,WHITE,0,875,F,STOCK,Information Technology,F,F,49810000000,1814
7/24/2026,12:51:53 PM,CRWV,BLOCK,66,1.97,,PUT,50,74.69,13002,9/18/2026,WHITE,0,56,F,STOCK,Information Technology,F,F,49810000000,4722
7/24/2026,12:51:53 PM,CRWV,BLOCK,10,26.137,,CALL,100,74.69,26137,1/21/2028,WHITE,0,546,F,STOCK,Information Technology,F,F,49810000000,2700
7/24/2026,12:51:58 PM,CRWV,SWEEP,14,33.7,,CALL,72.5,74.69,47180,1/21/2028,WHITE,0,546,F,STOCK,Information Technology,F,F,49810000000,0
7/24/2026,12:51:58 PM,PLTR,BLOCK,15,41.95,,CALL,97.5,123.11,62925,6/17/2027,WHITE,0,328,F,STOCK,Information Technology,F,T,286478000000,0
7/24/2026,12:52:14 PM,LLY,SWEEP,16,20.4,,PUT,1200,1201.99,32640,7/31/2026,WHITE,0,7,F,STOCK,Health Care,F,T,1037874000000,156
7/24/2026,12:52:15 PM,LLY,SWEEP,14,18.0429,,PUT,1195,1200.55,25260,7/31/2026,WHITE,0,7,F,STOCK,Health Care,F,T,1037874000000,0
7/24/2026,12:52:25 PM,CRWV,SWEEP,68,1.97,,PUT,50,74.67,13396,9/18/2026,WHITE,0,56,F,STOCK,Information Technology,F,F,49810000000,4722
7/24/2026,12:52:26 PM,ASML,BLOCK,1,250.6,,PUT,1760,1777.455,25060,1/15/2027,WHITE,0,175,F,STOCK,Information Technology,F,F,758742000000,87
7/24/2026,12:52:30 PM,CRWV,SWEEP,147,2.96,,PUT,72,74.67,43512,7/31/2026,WHITE,0,7,F,STOCK,Information Technology,F,T,49810000000,917
7/24/2026,12:52:36 PM,CRWV,BLOCK,25,86.2,,PUT,145,74.67,215500,12/15/2028,WHITE,0,875,F,STOCK,Information Technology,F,F,49810000000,190
7/24/2026,12:53:10 PM,PLTR,SWEEP,26,13.2058,,PUT,100,123.06,34335,6/17/2027,WHITE,0,328,F,STOCK,Information Technology,F,T,286478000000,11821
7/24/2026,12:53:10 PM,LLY,ML/,10,155.17,,CALL,1500,1201.28,155170,1/21/2028,WHITE,0,546,F,STOCK,Health Care,F,F,1037874000000,503
7/24/2026,12:53:10 PM,LLY,ML/,10,221.73,,CALL,1300,1201.28,221730,1/21/2028,WHITE,0,546,F,STOCK,Health Care,F,F,1037874000000,722
7/24/2026,12:54:38 PM,LRCX,ML/,15,22.1433,,PUT,300,311.14,33215,8/14/2026,WHITE,0,21,F,STOCK,Information Technology,F,T,512158000000,132
7/24/2026,12:54:38 PM,LRCX,ML/,15,25.16,,PUT,300,311.14,37740,8/21/2026,WHITE,0,28,F,STOCK,Information Technology,F,F,512158000000,1457
7/24/2026,12:53:37 PM,CRWV,SWEEP,712,0.66,,CALL,120,74.46,46992,8/21/2026,WHITE,0,28,F,STOCK,Information Technology,F,F,49810000000,16237
7/24/2026,12:53:50 PM,LLY,ML/,2,156.775,,CALL,1045,1201.28,31355,7/31/2026,WHITE,0,7,F,STOCK,Health Care,F,T,1037874000000,0
7/24/2026,12:54:07 PM,CRWV,BLOCK,25,90.2,B,PUT,150,74.53,225500,12/15/2028,WHITE,0,875,F,STOCK,Information Technology,F,F,49810000000,1814
7/24/2026,12:54:08 PM,WDC,BLOCK,5,158.15,,PUT,670,528.60,79075,8/21/2026,WHITE,0,28,F,STOCK,Information Technology,F,F,252521000000,70
7/24/2026,12:54:27 PM,LLY,ML/,2,192.3,,CALL,1010,1201.89,38460,7/31/2026,WHITE,0,7,F,STOCK,Health Care,F,T,1037874000000,0
7/24/2026,12:54:43 PM,HOOD,ML/,10,36.1,,CALL,120,94.85,36100,12/15/2028,WHITE,0,875,F,STOCK,Financials,F,F,95192000000,217
7/24/2026,12:54:43 PM,HOOD,ML/,10,41.35,,CALL,100,94.85,41350,12/15/2028,WHITE,0,875,F,STOCK,Financials,F,F,95192000000,295
7/24/2026,12:54:44 PM,PLTR,BLOCK,14,58.15,,CALL,70,123.01,81410,3/19/2027,WHITE,0,238,F,STOCK,Information Technology,F,F,286478000000,161
7/24/2026,12:55:17 PM,CRWV,SWEEP,70,2,,PUT,50,74.67,14000,9/18/2026,WHITE,0,56,F,STOCK,Information Technology,F,F,49810000000,4722
7/24/2026,12:55:30 PM,CRWV,BLOCK,20,86.3,,PUT,145,74.67,172600,12/15/2028,WHITE,0,875,F,STOCK,Information Technology,F,F,49810000000,190
7/24/2026,12:55:50 PM,ASML,ML/,1,533.46,,CALL,2320,1778.28,53346,12/15/2028,WHITE,0,875,F,STOCK,Information Technology,F,F,758742000000,2
7/24/2026,12:55:50 PM,ASML,ML/,1,528.86,,CALL,2340,1778.28,52886,12/15/2028,WHITE,0,875,F,STOCK,Information Technology,F,F,758742000000,3
7/24/2026,12:55:55 PM,ASML,BLOCK,1,329.76,,CALL,1700,1778.28,32976,1/15/2027,WHITE,0,175,F,STOCK,Information Technology,F,F,758742000000,200
7/24/2026,12:56:09 PM,ASML,BLOCK,10,56.14,,CALL,1780,1779.39,56140,7/31/2026,WHITE,0,7,F,STOCK,Information Technology,F,T,758742000000,33
7/24/2026,12:56:25 PM,CRWV,BLOCK,20,90.3,B,PUT,150,74.67,180600,12/15/2028,WHITE,0,875,F,STOCK,Information Technology,F,F,49810000000,1814
7/24/2026,12:56:26 PM,LLY,ML/,10,31.59,,CALL,1600,1201.59,31590,1/15/2027,WHITE,0,175,F,STOCK,Health Care,F,F,1037874000000,0
7/24/2026,12:56:26 PM,LLY,ML/,10,26.99,,CALL,1640,1201.59,26990,1/15/2027,WHITE,0,175,F,STOCK,Health Care,F,F,1037874000000,0
7/24/2026,12:57:15 PM,CRWV,BLOCK,25,21.9,,CALL,77.5,74.67,54750,3/19/2027,WHITE,0,238,F,STOCK,Information Technology,F,F,49810000000,65
7/24/2026,12:57:40 PM,HOOD,BLOCK,8,34.2,,PUT,120,94.91,27360,1/15/2027,WHITE,0,175,F,STOCK,Financials,F,F,95192000000,4836
7/24/2026,12:57:55 PM,ASML,BLOCK,1,859.1,,CALL,1020,1778.66,85910,6/17/2027,WHITE,0,328,F,STOCK,Information Technology,F,T,758742000000,12
7/24/2026,12:58:08 PM,CRWV,BLOCK,20,13.4,,PUT,75,74.76,26800,10/16/2026,WHITE,0,84,F,STOCK,Information Technology,F,F,49810000000,3069
7/24/2026,12:58:32 PM,CRWV,BLOCK,50,14,,CALL,75,74.76,70000,10/16/2026,WHITE,0,84,F,STOCK,Information Technology,F,F,49810000000,349
7/24/2026,12:59:07 PM,CRWV,ML/,5,64.54,,PUT,130,74.835,32270,6/17/2027,WHITE,0,328,F,STOCK,Information Technology,F,T,49810000000,86
7/24/2026,1:01:10 PM,PLTR,SWEEP,16,16.85,,CALL,125,123.08,26960,11/20/2026,WHITE,0,119,F,STOCK,Information Technology,F,F,286478000000,1124
7/24/2026,1:01:09 PM,CRWV,SWEEP,32,22.3875,,PUT,65,74.43,71640,1/21/2028,WHITE,0,546,F,STOCK,Information Technology,F,F,49810000000,0
7/24/2026,1:01:12 PM,CRWV,BLOCK,14,22.4357,,PUT,65,74.43,31410,1/21/2028,WHITE,0,546,F,STOCK,Information Technology,F,F,49810000000,0
7/24/2026,12:59:42 PM,LLY,ML/,2,151.2,,CALL,1060,1202.40,30240,8/7/2026,WHITE,0,14,F,STOCK,Health Care,F,T,1037874000000,11
7/24/2026,1:00:03 PM,PLTR,BLOCK,17,30.5,,CALL,200,122.97,51850,12/15/2028,WHITE,0,875,F,STOCK,Information Technology,F,F,286478000000,3752
7/24/2026,1:00:22 PM,PLTR,SWEEP,68,4.55,,CALL,135,122.97,30940,8/21/2026,WHITE,0,28,F,STOCK,Information Technology,F,F,286478000000,9266
7/24/2026,1:00:41 PM,ASML,BLOCK,5,148,,CALL,1800,1778.65,74000,9/18/2026,WHITE,0,56,F,STOCK,Information Technology,F,F,758742000000,1213
7/24/2026,1:00:41 PM,WDC,BLOCK,4,63.45,,PUT,500,528.88,25380,9/18/2026,WHITE,0,56,F,STOCK,Information Technology,F,F,252521000000,256
7/24/2026,1:00:42 PM,PLTR,BLOCK,40,44.75,A,CALL,92.5,122.97,179000,6/17/2027,WHITE,0,328,F,STOCK,Information Technology,F,T,286478000000,165
7/24/2026,1:00:50 PM,WDC,SWEEP,10,80.6,,CALL,640,528.88,80600,11/20/2026,WHITE,0,119,F,STOCK,Information Technology,F,F,252521000000,0
7/24/2026,1:00:50 PM,WDC,SWEEP,10,83.475,,CALL,630,528.88,83475,11/20/2026,WHITE,0,119,F,STOCK,Information Technology,F,F,252521000000,0
7/24/2026,1:00:50 PM,WDC,SWEEP,10,77.925,,CALL,650,528.88,77925,11/20/2026,WHITE,0,119,F,STOCK,Information Technology,F,F,252521000000,0
7/24/2026,1:01:10 PM,CRWV,BLOCK,66,3.15,,PUT,55,74.43,20790,9/18/2026,WHITE,0,56,F,STOCK,Information Technology,F,F,49810000000,2243
7/24/2026,1:01:02 PM,CRWV,SWEEP,51,8,,PUT,75,74.43,40800,8/14/2026,WHITE,0,21,F,STOCK,Information Technology,F,T,49810000000,0
7/24/2026,1:01:19 PM,CRWV,BLOCK,20,22.5,,PUT,65,74.43,45000,1/21/2028,WHITE,0,546,F,STOCK,Information Technology,F,F,49810000000,1693
7/24/2026,1:01:12 PM,WDC,SWEEP,10,31,,CALL,530,528.53,31000,7/31/2026,WHITE,0,7,F,STOCK,Information Technology,F,T,252521000000,36
7/24/2026,1:01:19 PM,CRWV,SWEEP,700,1.63,A,CALL,125,74.43,114100,9/18/2026,WHITE,0,56,F,STOCK,Information Technology,F,F,49810000000,2494
7/24/2026,1:01:14 PM,CRWV,SWEEP,257,22.4677,B,PUT,65,74.43,577420,1/21/2028,WHITE,0,546,F,STOCK,Information Technology,F,F,49810000000,1693
7/24/2026,1:01:55 PM,PLTR,BLOCK,72,4.8,,PUT,60,123.08,34560,12/17/2027,WHITE,0,511,F,STOCK,Information Technology,F,F,286478000000,3453
7/24/2026,1:02:03 PM,CRWV,BLOCK,65,3.15,,PUT,55,74.36,20475,9/18/2026,WHITE,0,56,F,STOCK,Information Technology,F,F,49810000000,2243
7/24/2026,1:02:09 PM,CRWV,BLOCK,16,17.5,,CALL,80,74.36,28000,1/15/2027,WHITE,0,175,F,STOCK,Information Technology,F,F,49810000000,2814
7/24/2026,1:02:19 PM,WDC,BLOCK,11,47,,CALL,530,528.60,51700,8/7/2026,WHITE,0,14,F,STOCK,Information Technology,F,T,252521000000,18
7/24/2026,1:02:22 PM,CRWV,BLOCK,210,2.32,,CALL,79,74.36,48720,7/31/2026,WHITE,0,7,F,STOCK,Information Technology,F,T,49810000000,499
7/24/2026,1:02:27 PM,CRWV,BLOCK,66,1.57,,PUT,47.5,74.36,10362,9/18/2026,WHITE,0,56,F,STOCK,Information Technology,F,F,49810000000,775
7/24/2026,1:02:43 PM,CRWV,SWEEP,215,2.9499,,CALL,125,74.37,63422,10/16/2026,WHITE,0,84,F,STOCK,Information Technology,F,F,49810000000,1277
7/24/2026,1:03:05 PM,PLTR,BLOCK,40,8.7,,PUT,87.5,123,34800,6/17/2027,WHITE,0,328,F,STOCK,Information Technology,F,T,286478000000,0
7/24/2026,1:03:15 PM,LRCX,ML/,18,22.31,,CALL,325,311.57,40158,8/14/2026,WHITE,0,21,F,STOCK,Information Technology,F,T,512158000000,0
7/24/2026,1:03:24 PM,PLTR,SWEEP,7,87.1286,,PUT,210,123,60990,11/20/2026,WHITE,0,119,F,STOCK,Information Technology,F,F,286478000000,0
7/24/2026,1:03:32 PM,LLY,ML/,150,19.55,,CALL,1320,1201.39,293250,8/21/2026,WHITE,0,28,F,STOCK,Health Care,F,F,1037874000000,315
7/24/2026,1:03:43 PM,PLTR,BLOCK,10,57.46,,PUT,180,123,57460,9/18/2026,WHITE,0,56,F,STOCK,Information Technology,F,F,286478000000,2420
7/24/2026,1:04:15 PM,LRCX,BLOCK,12,65.85,,PUT,290,311.61,79020,3/19/2027,WHITE,0,238,F,STOCK,Information Technology,F,F,512158000000,176
7/24/2026,1:05:03 PM,PLTR,BLOCK,70,2.35,,CALL,175,123.055,16450,10/16/2026,WHITE,0,84,F,STOCK,Information Technology,F,F,286478000000,1575
7/24/2026,1:05:24 PM,PLTR,BLOCK,9,58.2,,CALL,70,123.03,52380,3/19/2027,WHITE,0,238,F,STOCK,Information Technology,F,F,286478000000,161
7/24/2026,1:05:52 PM,LLY,ML/,10,31.47,,CALL,1600,1201.61,31470,1/15/2027,WHITE,0,175,F,STOCK,Health Care,F,F,1037874000000,584
7/24/2026,1:06:00 PM,HOOD,SWEEP,66,4.4,,CALL,100,94.88,29040,8/7/2026,WHITE,0,14,F,STOCK,Financials,F,T,95192000000,339
7/24/2026,1:06:03 PM,PLTR,ML/,30,43.84,,CALL,140,123.03,131520,12/15/2028,WHITE,0,875,F,STOCK,Information Technology,F,F,286478000000,2668
7/24/2026,1:06:03 PM,PLTR,ML/,30,42.44,,CALL,145,123.03,127320,12/15/2028,WHITE,0,875,F,STOCK,Information Technology,F,F,286478000000,1220
7/24/2026,1:06:35 PM,WDC,ML/,3,93.61,,CALL,640,528.6,28083,12/18/2026,WHITE,0,147,F,STOCK,Information Technology,F,F,252521000000,0
7/24/2026,1:06:47 PM,CRWV,BLOCK,66,3.2,,PUT,55,74.39,21120,9/18/2026,WHITE,0,56,F,STOCK,Information Technology,F,F,49810000000,2243
7/24/2026,1:07:02 PM,PLTR,BLOCK,22,12.2009,,PUT,125,123.03,26842,9/18/2026,WHITE,0,56,F,STOCK,Information Technology,F,F,286478000000,10326
7/24/2026,1:07:26 PM,WDC,ML/,4,77.07,,CALL,700,528.53,30828,12/18/2026,WHITE,0,147,F,STOCK,Information Technology,F,F,252521000000,124
7/24/2026,1:07:26 PM,WDC,ML/,3,92.68,,CALL,640,528.53,27804,12/18/2026,WHITE,0,147,F,STOCK,Information Technology,F,F,252521000000,42
7/24/2026,1:07:50 PM,PLTR,BLOCK,6,58.15,,CALL,70,122.98,34890,3/19/2027,WHITE,0,238,F,STOCK,Information Technology,F,F,286478000000,161
7/24/2026,1:07:54 PM,PLTR,BLOCK,40,50.2,A,CALL,80,122.98,200800,3/19/2027,WHITE,0,238,F,STOCK,Information Technology,F,F,286478000000,107
7/24/2026,1:07:55 PM,PLTR,BLOCK,30,9.3,,CALL,160,122.98,27900,1/15/2027,WHITE,0,175,F,STOCK,Information Technology,F,F,286478000000,13342
7/24/2026,1:08:15 PM,LRCX,BLOCK,12,21.1,,PUT,185,311.61,25320,3/19/2027,WHITE,0,238,F,STOCK,Information Technology,F,F,512158000000,0
7/24/2026,1:08:19 PM,CRWV,BLOCK,66,3.2,A,PUT,55,74.135,21120,9/18/2026,WHITE,0,56,F,STOCK,Information Technology,F,F,49810000000,2243
7/24/2026,1:08:23 PM,WDC,ML/,25,135.69,,CALL,520,528.53,339225,12/18/2026,WHITE,0,147,F,STOCK,Information Technology,F,F,252521000000,136
7/24/2026,1:08:23 PM,WDC,ML/,25,145.22,,CALL,520,528.53,363050,1/15/2027,WHITE,0,175,F,STOCK,Information Technology,F,F,252521000000,306
7/24/2026,1:08:35 PM,ASML,BLOCK,1,270.1,,PUT,1860,1772.55,27010,11/20/2026,WHITE,0,119,F,STOCK,Information Technology,F,F,758742000000,4
7/24/2026,1:08:35 PM,ASML,BLOCK,1,294.5,,PUT,1900,1772.55,29450,11/20/2026,WHITE,0,119,F,STOCK,Information Technology,F,F,758742000000,5
7/24/2026,1:08:44 PM,CRWV,BLOCK,25,29.5,,CALL,120,74.04,73750,12/15/2028,WHITE,0,875,F,STOCK,Information Technology,F,F,49810000000,2005
7/24/2026,1:08:53 PM,LLY,BLOCK,2,210,,CALL,1010,1202.42,42000,9/18/2026,WHITE,0,56,F,STOCK,Health Care,F,F,1037874000000,0
7/24/2026,1:09:02 PM,WDC,BLOCK,10,31.5,,CALL,527.5,527.53,31500,7/31/2026,WHITE,0,7,F,STOCK,Information Technology,F,T,252521000000,0
7/24/2026,1:09:08 PM,CRWV,BLOCK,66,3.2,,PUT,55,74.04,21120,9/18/2026,WHITE,0,56,F,STOCK,Information Technology,F,F,49810000000,2243
7/24/2026,1:09:12 PM,CRWV,BLOCK,66,2.03,,PUT,50,74.04,13398,9/18/2026,WHITE,0,56,F,STOCK,Information Technology,F,F,49810000000,4722
7/24/2026,1:10:03 PM,LRCX,SWEEP,22,27.5455,,PUT,317.5,310.81,60600,8/7/2026,WHITE,0,14,F,STOCK,Information Technology,F,T,512158000000,0
7/24/2026,1:10:03 PM,LRCX,SWEEP,37,30.5,,PUT,322.5,310.81,112850,8/7/2026,WHITE,0,14,F,STOCK,Information Technology,F,T,512158000000,48
7/24/2026,1:10:04 PM,LRCX,BLOCK,8,45.5,,PUT,230,310.81,36400,6/17/2027,WHITE,0,328,F,STOCK,Information Technology,F,T,512158000000,392
7/24/2026,1:10:26 PM,LLY,BLOCK,14,45.0057,,CALL,1800,1201.66,63008,6/17/2027,WHITE,0,328,F,STOCK,Health Care,F,T,1037874000000,0
7/24/2026,1:10:29 PM,LLY,ML/,5,56.154,,PUT,1190,1201.66,28077,8/28/2026,WHITE,0,35,F,STOCK,Health Care,F,T,1037874000000,12
7/24/2026,1:10:29 PM,LLY,ML/,5,52.124,,PUT,1190,1201.66,26062,8/21/2026,WHITE,0,28,F,STOCK,Health Care,F,F,1037874000000,62
7/24/2026,1:10:43 PM,LRCX,SWEEP,136,6.269,,PUT,260,310.557,85258,8/7/2026,WHITE,0,14,F,STOCK,Information Technology,F,T,512158000000,0
7/24/2026,1:11:07 PM,LLY,ML/,20,21.2,,PUT,1130,1201.34,42400,8/7/2026,WHITE,0,14,F,STOCK,Health Care,F,T,1037874000000,65
7/24/2026,1:11:10 PM,CRWV,BLOCK,10,33.3,,CALL,100,74.09,33300,12/15/2028,WHITE,0,875,F,STOCK,Information Technology,F,F,49810000000,6122
7/24/2026,1:11:13 PM,LLY,BLOCK,2,145,,PUT,1300,1201.34,29000,10/16/2026,WHITE,0,84,F,STOCK,Health Care,F,F,1037874000000,22
7/24/2026,1:12:36 PM,WDC,BLOCK,4,63.35,,PUT,500,527.53,25340,9/18/2026,WHITE,0,56,F,STOCK,Information Technology,F,F,252521000000,256
7/24/2026,1:12:40 PM,ASML,ML/,1,497.05,,CALL,1300,1772.33,49705,9/18/2026,WHITE,0,56,F,STOCK,Information Technology,F,F,758742000000,0
7/24/2026,1:12:40 PM,ASML,ML/,1,510.5,,CALL,1310,1772.33,51050,10/16/2026,WHITE,0,84,F,STOCK,Information Technology,F,F,758742000000,0
7/24/2026,1:12:40 PM,ASML,ML/,1,461.35,,CALL,1340,1772.33,46135,9/18/2026,WHITE,0,56,F,STOCK,Information Technology,F,F,758742000000,46
7/24/2026,1:12:40 PM,ASML,ML/,1,476.8,,CALL,1350,1772.33,47680,10/16/2026,WHITE,0,84,F,STOCK,Information Technology,F,F,758742000000,0
7/24/2026,1:12:54 PM,CRWV,ML/,20,18.702,,CALL,140,74.09,37404,1/21/2028,WHITE,0,546,F,STOCK,Information Technology,F,F,49810000000,869
7/24/2026,1:12:54 PM,CRWV,ML/,20,23.852,,CALL,110,74.09,47704,1/21/2028,WHITE,0,546,F,STOCK,Information Technology,F,F,49810000000,505
7/24/2026,1:13:08 PM,ASML,BLOCK,10,59,,CALL,1772.5,1774.41,59000,7/31/2026,WHITE,0,7,F,STOCK,Information Technology,F,T,758742000000,0
7/24/2026,1:13:19 PM,CRWV,ML/,50,18.6942,,CALL,140,74.22,93471,1/21/2028,WHITE,0,546,F,STOCK,Information Technology,F,F,49810000000,869
7/24/2026,1:13:19 PM,CRWV,ML/,50,23.8342,,CALL,110,74.22,119171,1/21/2028,WHITE,0,546,F,STOCK,Information Technology,F,F,49810000000,505
7/24/2026,1:13:57 PM,LLY,ML/,1,250.3,,CALL,1100,1201.34,25030,6/17/2027,WHITE,0,328,F,STOCK,Health Care,F,T,1037874000000,1327
7/24/2026,1:15:23 PM,HOOD,ML/,9,28.11,,PUT,120,94.79,25299,9/18/2026,WHITE,0,56,F,STOCK,Financials,F,F,95192000000,977
7/24/2026,1:15:32 PM,PLTR,BLOCK,28,34.8,,PUT,150,122.98,97440,12/18/2026,WHITE,0,147,F,STOCK,Information Technology,F,F,286478000000,4828
7/24/2026,1:16:16 PM,HOOD,BLOCK,24,28.35,,CALL,110,94.87,68040,12/17/2027,WHITE,0,511,F,STOCK,Financials,F,F,95192000000,718
7/24/2026,1:16:36 PM,ASML,BLOCK,1,952.8,,CALL,890,1774.41,95280,6/17/2027,WHITE,0,328,F,STOCK,Information Technology,F,T,758742000000,0
7/24/2026,1:16:56 PM,CRWV,SWEEP,99,2.29,,PUT,70,74.22,22671,7/31/2026,WHITE,0,7,F,STOCK,Information Technology,F,T,49810000000,3684
7/24/2026,1:17:14 PM,ASML,BLOCK,5,57.7,,PUT,1772.5,1772.14,28850,7/31/2026,WHITE,0,7,F,STOCK,Information Technology,F,T,758742000000,0
7/24/2026,1:19:53 PM,CRWV,ML/,33,23.8761,,CALL,110,74.43,78791,1/21/2028,WHITE,0,546,F,STOCK,Information Technology,F,F,49810000000,0
7/24/2026,1:19:53 PM,CRWV,ML/,33,18.7161,,CALL,140,74.43,61763,1/21/2028,WHITE,0,546,F,STOCK,Information Technology,F,F,49810000000,0
7/24/2026,1:19:11 PM,CRWV,BLOCK,53,2.07,,CALL,80,74.43,10971,7/31/2026,WHITE,0,7,F,STOCK,Information Technology,F,T,49810000000,8950
7/24/2026,1:18:39 PM,ASML,SWEEP,6,157.8167,,CALL,2000,1776.01,94690,11/20/2026,WHITE,0,119,F,STOCK,Information Technology,F,F,758742000000,69
7/24/2026,1:18:41 PM,LLY,BLOCK,4,263.42,B,CALL,1000,1201.46,105368,1/15/2027,WHITE,0,175,F,STOCK,Health Care,F,F,1037874000000,881
7/24/2026,1:19:56 PM,CRWV,ML/,17,18.72,,CALL,140,74.43,31824,1/21/2028,WHITE,0,546,F,STOCK,Information Technology,F,F,49810000000,869
7/24/2026,1:19:07 PM,PLTR,BLOCK,13,46.6,,CALL,90,123.27,60580,6/17/2027,WHITE,0,328,F,STOCK,Information Technology,F,T,286478000000,993
7/24/2026,1:19:25 PM,HOOD,BLOCK,100,4.77,,CALL,140,95.50,47700,11/20/2026,WHITE,0,119,F,STOCK,Financials,F,F,95192000000,0
7/24/2026,1:19:40 PM,HOOD,BLOCK,20,17.49,,PUT,95,95.50,34980,1/15/2027,WHITE,0,175,F,STOCK,Financials,F,F,95192000000,1153
7/24/2026,1:19:56 PM,CRWV,ML/,17,23.88,,CALL,110,74.43,40596,1/21/2028,WHITE,0,546,F,STOCK,Information Technology,F,F,49810000000,505
7/24/2026,1:19:54 PM,LRCX,BLOCK,8,83.3,,PUT,320,311.22,66640,3/19/2027,WHITE,0,238,F,STOCK,Information Technology,F,F,512158000000,231
7/24/2026,1:21:04 PM,PLTR,SWEEP,84,15.9,B,CALL,120,123.24,133560,10/16/2026,WHITE,0,84,F,STOCK,Information Technology,F,F,286478000000,1420
7/24/2026,1:21:08 PM,CRWV,BLOCK,40,25.35,A,PUT,87.5,74.48,101400,12/18/2026,WHITE,0,147,F,STOCK,Information Technology,F,F,49810000000,473
7/24/2026,1:21:27 PM,PLTR,BLOCK,200,3.995,,CALL,200,123.24,79900,1/15/2027,WHITE,0,175,F,STOCK,Information Technology,F,F,286478000000,17258
7/24/2026,1:22:10 PM,PLTR,BLOCK,200,0.96,,CALL,150,123.305,19200,8/7/2026,WHITE,0,14,F,STOCK,Information Technology,F,T,286478000000,5188
7/24/2026,1:22:22 PM,PLTR,BLOCK,27,21.65,,CALL,110,123.305,58455,10/16/2026,WHITE,0,84,F,STOCK,Information Technology,F,F,286478000000,508
7/24/2026,1:23:02 PM,ASML,BLOCK,1,416.94,,CALL,2900,1778.95,41694,12/15/2028,WHITE,0,875,F,STOCK,Information Technology,F,F,758742000000,125
7/24/2026,1:23:05 PM,LLY,ML/,2,216.47,,CALL,1070,1202.12,43294,1/15/2027,WHITE,0,175,F,STOCK,Health Care,F,F,1037874000000,0
7/24/2026,1:23:41 PM,PLTR,SWEEP,28,11.2,,CALL,125,123.25,31360,9/18/2026,WHITE,0,56,F,STOCK,Information Technology,F,F,286478000000,5601
7/24/2026,1:23:53 PM,PLTR,BLOCK,89,11.1611,B,CALL,125,123.25,99334,9/18/2026,WHITE,0,56,F,STOCK,Information Technology,F,F,286478000000,5601
7/24/2026,1:24:17 PM,ASML,ML/,2,165.2,,CALL,1680,1775.55,33040,8/21/2026,WHITE,0,28,F,STOCK,Information Technology,F,F,758742000000,59
7/24/2026,1:24:17 PM,ASML,ML/,2,208.6,,CALL,1680,1775.55,41720,9/18/2026,WHITE,0,56,F,STOCK,Information Technology,F,F,758742000000,0
7/24/2026,1:24:17 PM,ASML,ML/,2,165.6,,CALL,1760,1775.55,33120,9/18/2026,WHITE,0,56,F,STOCK,Information Technology,F,F,758742000000,139
7/24/2026,1:24:28 PM,PLTR,BLOCK,66,6.4,,CALL,130,123.25,42240,8/21/2026,WHITE,0,28,F,STOCK,Information Technology,F,F,286478000000,9650
7/24/2026,1:25:14 PM,ASML,BLOCK,10,33,,CALL,2020,1776.08,33000,8/21/2026,WHITE,0,28,F,STOCK,Information Technology,F,F,758742000000,101
7/24/2026,1:25:23 PM,ASML,BLOCK,10,33,,CALL,2020,1776.08,33000,8/21/2026,WHITE,0,28,F,STOCK,Information Technology,F,F,758742000000,101
7/24/2026,1:25:34 PM,CRWV,BLOCK,20,15.85,,PUT,75,74.45,31700,11/20/2026,WHITE,0,119,F,STOCK,Information Technology,F,F,49810000000,2747
7/24/2026,1:25:36 PM,PLTR,BLOCK,3,85,,CALL,50,123.35,25500,12/15/2028,WHITE,0,875,F,STOCK,Information Technology,F,F,286478000000,488
7/24/2026,1:25:37 PM,PLTR,BLOCK,3,85,,CALL,50,123.35,25500,12/15/2028,WHITE,0,875,F,STOCK,Information Technology,F,F,286478000000,488
7/24/2026,1:25:39 PM,PLTR,BLOCK,3,85,A,CALL,50,123.35,25500,12/15/2028,WHITE,0,875,F,STOCK,Information Technology,F,F,286478000000,488
7/24/2026,1:25:51 PM,WDC,BLOCK,5,100.4,,PUT,540,529.08,50200,10/16/2026,WHITE,0,84,F,STOCK,Information Technology,F,F,252521000000,90
7/24/2026,1:26:25 PM,LLY,ML/,2,378.48,,CALL,900,1200.751,75696,6/17/2027,WHITE,0,328,F,STOCK,Health Care,F,T,1037874000000,518
7/24/2026,1:26:25 PM,LLY,ML/,2,372.83,,CALL,880,1200.751,74566,3/19/2027,WHITE,0,238,F,STOCK,Health Care,F,F,1037874000000,0
7/24/2026,1:27:16 PM,CRWV,SWEEP,32,12.9984,,CALL,90,74.45,41595,12/18/2026,WHITE,0,147,F,STOCK,Information Technology,F,F,49810000000,1190
7/24/2026,1:27:49 PM,LLY,ML/,4,139.54,,CALL,1080,1200.655,55816,8/21/2026,WHITE,0,28,F,STOCK,Health Care,F,F,1037874000000,142
7/24/2026,1:29:47 PM,PLTR,BLOCK,21,13.05,,CALL,145,123.46,27405,1/15/2027,WHITE,0,175,F,STOCK,Information Technology,F,F,286478000000,5908
7/24/2026,1:29:56 PM,LLY,BLOCK,20,52.5,,CALL,1580,1200.88,105000,3/19/2027,WHITE,0,238,F,STOCK,Health Care,F,F,1037874000000,569
7/24/2026,1:29:57 PM,LLY,SWEEP,10,49.5,,PUT,1205,1200.88,49500,8/7/2026,WHITE,0,14,F,STOCK,Health Care,F,T,1037874000000,34
7/24/2026,1:30:47 PM,WDC,BLOCK,5,62.55,,PUT,500,529.715,31275,9/18/2026,WHITE,0,56,F,STOCK,Information Technology,F,F,252521000000,256
7/24/2026,1:31:19 PM,PLTR,SWEEP,134,16.0007,B,CALL,120,123.48,214410,10/16/2026,WHITE,0,84,F,STOCK,Information Technology,F,F,286478000000,1420
7/24/2026,1:31:20 PM,LLY,SWEEP,69,2.96,,PUT,860,1201.14,20424,9/18/2026,WHITE,0,56,F,STOCK,Health Care,F,F,1037874000000,199
7/24/2026,1:31:25 PM,PLTR,BLOCK,62,21.74,A,PUT,140,123.38,134788,9/18/2026,WHITE,0,56,F,STOCK,Information Technology,F,F,286478000000,8772
7/24/2026,1:31:27 PM,PLTR,SWEEP,22,11.55,,CALL,145,123.38,25410,12/18/2026,WHITE,0,147,F,STOCK,Information Technology,F,F,286478000000,1719
7/24/2026,1:32:26 PM,PLTR,SWEEP,25,10.2,,CALL,150,123.38,25500,12/18/2026,WHITE,0,147,F,STOCK,Information Technology,F,F,286478000000,3358
7/24/2026,1:33:25 PM,WDC,BLOCK,5,88,,CALL,480,531.22,44000,8/21/2026,WHITE,0,28,F,STOCK,Information Technology,F,F,252521000000,216
7/24/2026,1:33:41 PM,ASML,BLOCK,1,253.8,,CALL,1760,1780.807,25380,11/20/2026,WHITE,0,119,F,STOCK,Information Technology,F,F,758742000000,13
7/24/2026,1:33:52 PM,CRWV,SWEEP,29,115.8655,,PUT,180,74.634,336010,12/15/2028,WHITE,0,875,F,STOCK,Information Technology,F,F,49810000000,47
7/24/2026,1:34:21 PM,LLY,BLOCK,2,143.2,,PUT,1240,1199.655,28640,1/15/2027,WHITE,0,175,F,STOCK,Health Care,F,F,1037874000000,28
7/24/2026,1:34:21 PM,PLTR,BLOCK,23,49.95,,CALL,85,123.3,114885,6/17/2027,WHITE,0,328,F,STOCK,Information Technology,F,T,286478000000,521
7/24/2026,1:34:22 PM,CRWV,SWEEP,164,0.66,,CALL,120,74.56,10824,8/21/2026,WHITE,0,28,F,STOCK,Information Technology,F,F,49810000000,16237
7/24/2026,1:35:38 PM,CRWV,SWEEP,65,2.14,,PUT,70,74.56,13910,7/31/2026,WHITE,0,7,F,STOCK,Information Technology,F,T,49810000000,3684
7/24/2026,1:36:19 PM,LLY,ML/,10,69.42,,PUT,1210,1199.27,69420,9/4/2026,WHITE,0,42,F,STOCK,Health Care,F,T,1037874000000,0
7/24/2026,1:36:19 PM,LLY,ML/,10,39.88,,CALL,1300,1199.27,39880,9/18/2026,WHITE,0,56,F,STOCK,Health Care,F,F,1037874000000,1076
7/24/2026,1:36:19 PM,LLY,ML/,10,82.613,,CALL,1120,1199.27,82613,7/31/2026,WHITE,0,7,F,STOCK,Health Care,F,T,1037874000000,42
7/24/2026,1:37:02 PM,CRWV,SWEEP,52,2.16,,PUT,70,74.63,11232,7/31/2026,WHITE,0,7,F,STOCK,Information Technology,F,T,49810000000,3684
7/24/2026,1:37:10 PM,ASML,BLOCK,1,310.64,,CALL,1700,1780.045,31064,12/18/2026,WHITE,0,147,F,STOCK,Information Technology,F,F,758742000000,81
7/24/2026,1:37:18 PM,CRWV,SWEEP,41,10.5012,,CALL,150,74.565,43055,6/17/2027,WHITE,0,328,F,STOCK,Information Technology,F,T,49810000000,4223
7/24/2026,1:37:18 PM,CRWV,SWEEP,83,11.0994,,CALL,145,74.565,92125,6/17/2027,WHITE,0,328,F,STOCK,Information Technology,F,T,49810000000,0
7/24/2026,1:39:07 PM,CRWV,BLOCK,78,6.5581,,PUT,65,74.565,51153,9/18/2026,WHITE,0,56,F,STOCK,Information Technology,F,F,49810000000,7513
7/24/2026,1:39:14 PM,ASML,ML/,1,730.5,,CALL,1660,1779.81,73050,12/15/2028,WHITE,0,875,F,STOCK,Information Technology,F,F,758742000000,0
7/24/2026,1:39:26 PM,LLY,BLOCK,23,23.2,,CALL,1300,1197.78,53360,8/21/2026,WHITE,0,28,F,STOCK,Health Care,F,F,1037874000000,1227
7/24/2026,1:39:27 PM,CRWV,ML/,10,30.2,,PUT,105,74.44,30200,7/31/2026,WHITE,0,7,F,STOCK,Information Technology,F,T,49810000000,165
7/24/2026,1:39:27 PM,CRWV,ML/,10,30.4,,PUT,105,74.44,30400,8/7/2026,WHITE,0,14,F,STOCK,Information Technology,F,T,49810000000,51
7/24/2026,1:39:48 PM,ASML,BLOCK,2,208.5,,CALL,2000,1778.88,41700,1/15/2027,WHITE,0,175,F,STOCK,Information Technology,F,F,758742000000,587
7/24/2026,1:40:16 PM,LRCX,BLOCK,11,24.85,,PUT,300,312.375,27335,8/21/2026,WHITE,0,28,F,STOCK,Information Technology,F,F,512158000000,1457
7/24/2026,1:40:36 PM,HOOD,SWEEP,45,9.8,,CALL,105,96.1,44100,10/16/2026,WHITE,0,84,F,STOCK,Financials,F,F,95192000000,1740
7/24/2026,1:40:52 PM,LRCX,BLOCK,9,75.5,,PUT,290,311.32,67950,6/17/2027,WHITE,0,328,F,STOCK,Information Technology,F,T,512158000000,475
7/24/2026,1:40:54 PM,WDC,BLOCK,19,39.8,,CALL,515,531.118,75620,7/31/2026,WHITE,0,7,F,STOCK,Information Technology,F,T,252521000000,103
7/24/2026,1:41:15 PM,PLTR,BLOCK,20,18.4,,CALL,140,123.47,36800,3/19/2027,WHITE,0,238,F,STOCK,Information Technology,F,F,286478000000,3000
7/24/2026,1:41:18 PM,PLTR,BLOCK,15,18.4,,CALL,140,123.47,27600,3/19/2027,WHITE,0,238,F,STOCK,Information Technology,F,F,286478000000,3000
7/24/2026,1:41:20 PM,CRWV,SWEEP,50,15.65,,PUT,75,74.44,78250,11/20/2026,WHITE,0,119,F,STOCK,Information Technology,F,F,49810000000,2747
7/24/2026,1:41:26 PM,HOOD,BLOCK,40,12.65,,CALL,115,95.3,50600,1/15/2027,WHITE,0,175,F,STOCK,Financials,F,F,95192000000,2412
7/24/2026,1:41:35 PM,LLY,BLOCK,20,18.7,,CALL,1320,1197.79,37400,8/21/2026,WHITE,0,28,F,STOCK,Health Care,F,F,1037874000000,315
7/24/2026,1:42:01 PM,LRCX,ML/,10,231.67,,CALL,82,311.32,231670,12/18/2026,WHITE,0,147,F,STOCK,Information Technology,F,F,512158000000,148
7/24/2026,1:42:01 PM,LRCX,ML/,10,232.3,,CALL,82,311.32,232300,1/15/2027,WHITE,0,175,F,STOCK,Information Technology,F,F,512158000000,222
7/24/2026,1:42:12 PM,WDC,ML/,5,54.16,,PUT,530,529.22,27080,8/14/2026,WHITE,0,21,F,STOCK,Information Technology,F,T,252521000000,37
7/24/2026,1:42:13 PM,WDC,ML/,5,54.62,,PUT,530,529.22,27310,8/14/2026,WHITE,0,21,F,STOCK,Information Technology,F,T,252521000000,37
7/24/2026,1:42:20 PM,LLY,BLOCK,52,23.0956,,CALL,1300,1198,120097,8/21/2026,WHITE,0,28,F,STOCK,Health Care,F,F,1037874000000,1227
7/24/2026,1:42:22 PM,LRCX,ML/,7,231.42,,CALL,82,311.395,161994,12/18/2026,WHITE,0,147,F,STOCK,Information Technology,F,F,512158000000,148
7/24/2026,1:42:22 PM,LRCX,ML/,7,231.99,A,CALL,82,311.395,162393,1/15/2027,WHITE,0,175,F,STOCK,Information Technology,F,F,512158000000,222
7/24/2026,1:42:37 PM,LRCX,ML/,7,231.89,,CALL,82,311.395,162323,1/15/2027,WHITE,0,175,F,STOCK,Information Technology,F,F,512158000000,222
7/24/2026,1:42:37 PM,LRCX,ML/,7,231.32,A,CALL,82,311.395,161924,12/18/2026,WHITE,0,147,F,STOCK,Information Technology,F,F,512158000000,148
7/24/2026,1:43:09 PM,HOOD,SWEEP,50,3.3,,CALL,110,95.3,16500,8/21/2026,WHITE,0,28,F,STOCK,Financials,F,F,95192000000,7206
7/24/2026,1:43:43 PM,PLTR,BLOCK,80,1.62,,CALL,128,123.265,12960,7/31/2026,WHITE,0,7,F,STOCK,Information Technology,F,T,286478000000,3461
7/24/2026,1:43:43 PM,PLTR,BLOCK,17,15.5,,CALL,150,123.265,26350,3/19/2027,WHITE,0,238,F,STOCK,Information Technology,F,F,286478000000,2162
7/24/2026,1:45:03 PM,HOOD,BLOCK,38,25.35,,PUT,105,95.22,96330,2/19/2027,WHITE,0,210,F,STOCK,Financials,F,F,95192000000,125
7/24/2026,1:45:09 PM,CRWV,ML/,4,64.81,,PUT,130,74.32,25924,6/17/2027,WHITE,0,328,F,STOCK,Information Technology,F,T,49810000000,86
7/24/2026,1:45:10 PM,CRWV,ML/,11,34.44,,PUT,100,74.32,37884,12/18/2026,WHITE,0,147,F,STOCK,Information Technology,F,F,49810000000,2023
7/24/2026,1:45:10 PM,CRWV,ML/,11,64.82,,PUT,130,74.32,71302,6/17/2027,WHITE,0,328,F,STOCK,Information Technology,F,T,49810000000,86
7/24/2026,1:45:10 PM,CRWV,ML/,32,64.8244,,PUT,130,74.32,207438,6/17/2027,WHITE,0,328,F,STOCK,Information Technology,F,T,49810000000,86
7/24/2026,1:45:10 PM,CRWV,ML/,32,34.4537,,PUT,100,74.32,110252,12/18/2026,WHITE,0,147,F,STOCK,Information Technology,F,F,49810000000,2082
7/24/2026,1:45:45 PM,LLY,ML/,9,53.8289,,PUT,1190,1198,48446,8/21/2026,WHITE,0,28,F,STOCK,Health Care,F,F,1037874000000,62
7/24/2026,1:45:48 PM,CRWV,BLOCK,50,3.95,,PUT,74,74.28,19750,7/31/2026,WHITE,0,7,F,STOCK,Information Technology,F,T,49810000000,216
7/24/2026,1:45:56 PM,CRWV,BLOCK,100,6.95,,PUT,79,74.28,69500,7/31/2026,WHITE,0,7,F,STOCK,Information Technology,F,T,49810000000,477
7/24/2026,1:46:19 PM,CRWV,ML/,60,3.8128,,PUT,70,74.28,22877,8/7/2026,WHITE,0,14,F,STOCK,Information Technology,F,T,49810000000,1495
7/24/2026,1:46:19 PM,CRWV,ML/,60,6.1892,,PUT,75,74.28,37135,8/7/2026,WHITE,0,14,F,STOCK,Information Technology,F,T,49810000000,1275
7/24/2026,1:46:20 PM,CRWV,ML/,70,3.8206,,PUT,70,74.28,26744,8/7/2026,WHITE,0,14,F,STOCK,Information Technology,F,T,49810000000,1495
7/24/2026,1:46:20 PM,CRWV,ML/,70,6.1794,,PUT,75,74.28,43256,8/7/2026,WHITE,0,14,F,STOCK,Information Technology,F,T,49810000000,1275
7/24/2026,1:46:21 PM,CRWV,ML/,90,3.8214,,PUT,70,74.28,34393,8/7/2026,WHITE,0,14,F,STOCK,Information Technology,F,T,49810000000,1495
7/24/2026,1:46:21 PM,CRWV,ML/,90,6.1828,,PUT,75,74.28,55645,8/7/2026,WHITE,0,14,F,STOCK,Information Technology,F,T,49810000000,1275
7/24/2026,1:46:46 PM,LLY,BLOCK,30,15.05,,CALL,1340,1196.88,45150,8/21/2026,WHITE,0,28,F,STOCK,Health Care,F,F,1037874000000,2460
7/24/2026,1:46:48 PM,LLY,BLOCK,33,15,,CALL,1340,1196.88,49500,8/21/2026,WHITE,0,28,F,STOCK,Health Care,F,F,1037874000000,2460
7/24/2026,1:46:52 PM,LLY,BLOCK,17,15,,CALL,1340,1196.88,25500,8/21/2026,WHITE,0,28,F,STOCK,Health Care,F,F,1037874000000,2460
7/24/2026,1:46:58 PM,LRCX,SWEEP,25,14.35,,PUT,300,311.395,35875,7/31/2026,WHITE,0,7,F,STOCK,Information Technology,F,T,512158000000,615
7/24/2026,1:47:03 PM,CRWV,SWEEP,10,29.5,,CALL,120,74.3,29500,12/15/2028,WHITE,0,875,F,STOCK,Information Technology,F,F,49810000000,2005
7/24/2026,1:47:14 PM,PLTR,SWEEP,33,10.15,,PUT,92.5,123.39,33495,6/17/2027,WHITE,0,328,F,STOCK,Information Technology,F,T,286478000000,5098
7/24/2026,1:47:27 PM,ASML,ML/,14,60.85,,PUT,1635,1780,85190,8/28/2026,WHITE,0,35,F,STOCK,Information Technology,F,T,758742000000,22
7/24/2026,1:47:27 PM,ASML,ML/,14,57.7,,PUT,1625,1780,80780,8/28/2026,WHITE,0,35,F,STOCK,Information Technology,F,T,758742000000,20
7/24/2026,1:47:57 PM,WDC,BLOCK,4,63.4,,PUT,500,528.415,25360,9/18/2026,WHITE,0,56,F,STOCK,Information Technology,F,F,252521000000,256
7/24/2026,1:48:23 PM,CRWV,ML/,250,0.43,,CALL,90,74.3,10750,7/31/2026,WHITE,0,7,F,STOCK,Information Technology,F,T,49810000000,4210
7/24/2026,1:48:46 PM,HOOD,ML/,10,58.97,,CALL,45,95.22,58970,12/17/2027,WHITE,0,511,F,STOCK,Financials,F,F,95192000000,0
7/24/2026,1:48:46 PM,HOOD,ML/,10,59.02,,CALL,55,95.22,59020,12/15/2028,WHITE,0,875,F,STOCK,Financials,F,F,95192000000,0
7/24/2026,1:48:57 PM,PLTR,BLOCK,22,53.35,A,CALL,80,123.58,117370,6/17/2027,WHITE,0,328,F,STOCK,Information Technology,F,T,286478000000,760
7/24/2026,1:49:37 PM,HOOD,BLOCK,750,10.95,,PUT,70,95.26,821250,6/17/2027,WHITE,0,328,F,STOCK,Financials,F,T,95192000000,2535
7/24/2026,1:49:42 PM,LRCX,BLOCK,14,51.2,,PUT,330,311.06,71680,9/18/2026,WHITE,0,56,F,STOCK,Information Technology,F,F,512158000000,687
7/24/2026,1:50:30 PM,PLTR,ML/,23,25.2191,,CALL,100,123.5,58004,8/21/2026,WHITE,0,28,F,STOCK,Information Technology,F,F,286478000000,998
7/24/2026,1:50:33 PM,PLTR,ML/,27,25.25,,CALL,100,123.5,68175,8/21/2026,WHITE,0,28,F,STOCK,Information Technology,F,F,286478000000,998
7/24/2026,1:50:36 PM,PLTR,BLOCK,18,24.9,,PUT,130,123.5,44820,3/19/2027,WHITE,0,238,F,STOCK,Information Technology,F,F,286478000000,4381
7/24/2026,1:50:45 PM,PLTR,BLOCK,80,27.85,B,PUT,120,123.59,222800,12/17/2027,WHITE,0,511,F,STOCK,Information Technology,F,F,286478000000,2570
7/24/2026,1:50:45 PM,LLY,ML/,5,50.85,,PUT,1180,1196.88,25425,8/21/2026,WHITE,0,28,F,STOCK,Health Care,F,F,1037874000000,104
7/24/2026,1:50:49 PM,CRWV,ML/,5,56.412,,PUT,120,74.27,28206,6/17/2027,WHITE,0,328,F,STOCK,Information Technology,F,T,49810000000,106
7/24/2026,1:50:55 PM,HOOD,SWEEP,459,4.65,,CALL,115,95.26,213434,9/18/2026,WHITE,0,56,F,STOCK,Financials,F,F,95192000000,5415
7/24/2026,1:51:00 PM,PLTR,ML/,10,27.92,,PUT,150,123.59,27920,8/21/2026,WHITE,0,28,F,STOCK,Information Technology,F,F,286478000000,5256
7/24/2026,1:51:00 PM,PLTR,ML/,10,33.42,,PUT,150,123.59,33420,11/20/2026,WHITE,0,119,F,STOCK,Information Technology,F,F,286478000000,5497
7/24/2026,1:51:00 PM,PLTR,BLOCK,40,7,,PUT,82.5,123.59,28000,6/17/2027,WHITE,0,328,F,STOCK,Information Technology,F,T,286478000000,422
7/24/2026,1:51:12 PM,PLTR,BLOCK,18,15.3,,PUT,120,123.59,27540,12/18/2026,WHITE,0,147,F,STOCK,Information Technology,F,F,286478000000,7610
7/24/2026,1:51:14 PM,LLY,ML/,25,14.18,,CALL,1300,1195.245,35450,8/7/2026,WHITE,0,14,F,STOCK,Health Care,F,T,1037874000000,32
7/24/2026,1:51:17 PM,PLTR,BLOCK,18,15.3,,PUT,120,123.59,27540,12/18/2026,WHITE,0,147,F,STOCK,Information Technology,F,F,286478000000,7610
7/24/2026,1:51:18 PM,PLTR,SWEEP,120,6.95,,PUT,70,123.59,83400,12/17/2027,WHITE,0,511,F,STOCK,Information Technology,F,F,286478000000,2883
7/24/2026,1:52:07 PM,LRCX,ML/,17,25.0829,,PUT,300,311.275,42641,8/21/2026,WHITE,0,28,F,STOCK,Information Technology,F,F,512158000000,1457
7/24/2026,1:52:06 PM,LRCX,ML/,26,22.105,,PUT,300,311.275,57473,8/14/2026,WHITE,0,21,F,STOCK,Information Technology,F,T,512158000000,132
7/24/2026,1:53:05 PM,HOOD,SWEEP,321,3.7001,,PUT,85,95.375,118772,8/21/2026,WHITE,0,28,F,STOCK,Financials,F,F,95192000000,5683
7/24/2026,1:53:06 PM,HOOD,SWEEP,102,3.7,,PUT,85,95.375,37740,8/21/2026,WHITE,0,28,F,STOCK,Financials,F,F,95192000000,5683
7/24/2026,1:53:09 PM,PLTR,BLOCK,22,64.75,,CALL,65,123.655,142450,6/17/2027,WHITE,0,328,F,STOCK,Information Technology,F,T,286478000000,580
7/24/2026,1:53:23 PM,ASML,BLOCK,1,330,,CALL,1700,1776.55,33000,1/15/2027,WHITE,0,175,F,STOCK,Information Technology,F,F,758742000000,200
7/24/2026,1:53:30 PM,LLY,ML/,11,41.15,,PUT,1120,1195.245,45265,9/18/2026,WHITE,0,56,F,STOCK,Health Care,F,F,1037874000000,194
7/24/2026,1:53:30 PM,LLY,ML/,10,34.85,,PUT,1100,1195.245,34850,9/18/2026,WHITE,0,56,F,STOCK,Health Care,F,F,1037874000000,379
7/24/2026,1:53:30 PM,LLY,ML/,10,38.05,,CALL,1300,1195.245,38050,9/18/2026,WHITE,0,56,F,STOCK,Health Care,F,F,1037874000000,1076
7/24/2026,1:53:41 PM,LRCX,BLOCK,8,75.7,,PUT,290,311.065,60560,6/17/2027,WHITE,0,328,F,STOCK,Information Technology,F,T,512158000000,475
7/24/2026,1:54:02 PM,HOOD,ML/,10,58.98,,CALL,45,95.37,58980,12/17/2027,WHITE,0,511,F,STOCK,Financials,F,F,95192000000,285
7/24/2026,1:54:23 PM,LRCX,BLOCK,5,94.85,,PUT,290,311.1,47425,1/21/2028,WHITE,0,546,F,STOCK,Information Technology,F,F,512158000000,62
7/24/2026,1:54:58 PM,PLTR,BLOCK,88,33.74,B,PUT,130,123.55,296912,12/17/2027,WHITE,0,511,F,STOCK,Information Technology,F,F,286478000000,5059
7/24/2026,1:55:05 PM,HOOD,SWEEP,545,1.6017,,CALL,120,95.37,87292,8/21/2026,WHITE,0,28,F,STOCK,Financials,F,F,95192000000,10261
7/24/2026,1:55:13 PM,HOOD,SWEEP,153,8.5,,CALL,95,95.305,130050,8/21/2026,WHITE,0,28,F,STOCK,Financials,F,F,95192000000,3380
7/24/2026,1:55:26 PM,CRWV,BLOCK,6,71.8,,PUT,130,74.25,43080,6/16/2028,WHITE,0,693,F,STOCK,Information Technology,F,F,49810000000,0
7/24/2026,1:55:49 PM,LRCX,BLOCK,8,99.7,,PUT,330,311.1,79760,6/17/2027,WHITE,0,328,F,STOCK,Information Technology,F,T,512158000000,155
7/24/2026,1:55:51 PM,PLTR,ML/,300,3.75,,PUT,115,123.62,112500,8/7/2026,WHITE,0,14,F,STOCK,Information Technology,F,T,286478000000,1273
7/24/2026,1:56:18 PM,HOOD,ML/,12,33.17,,CALL,100,95.305,39804,1/21/2028,WHITE,0,546,F,STOCK,Financials,F,F,95192000000,9612
7/24/2026,1:56:18 PM,HOOD,ML/,12,48.8583,,PUT,125,95.305,58630,1/21/2028,WHITE,0,546,F,STOCK,Financials,F,F,95192000000,0
7/24/2026,1:56:29 PM,PLTR,SWEEP,160,1.9572,,CALL,180,123.62,31316,10/16/2026,WHITE,0,84,F,STOCK,Information Technology,F,F,286478000000,1245
7/24/2026,1:56:37 PM,HOOD,ML/,50,33.1296,,CALL,100,95.39,165648,1/21/2028,WHITE,0,546,F,STOCK,Financials,F,F,95192000000,9612
7/24/2026,1:56:37 PM,HOOD,ML/,50,13.7512,,CALL,200,95.39,68756,1/21/2028,WHITE,0,546,F,STOCK,Financials,F,F,95192000000,4199
7/24/2026,1:56:39 PM,LRCX,BLOCK,20,19.7,,PUT,200,311.215,39400,1/15/2027,WHITE,0,175,F,STOCK,Information Technology,F,F,512158000000,1468
7/24/2026,1:56:46 PM,PLTR,BLOCK,40,6.3,,PUT,80,123.62,25200,6/17/2027,WHITE,0,328,F,STOCK,Information Technology,F,T,286478000000,10134
7/24/2026,1:57:22 PM,LRCX,BLOCK,2,126.95,,CALL,310,311.215,25390,1/21/2028,WHITE,0,546,F,STOCK,Information Technology,F,F,512158000000,176
7/24/2026,1:57:57 PM,PLTR,BLOCK,6,58.65,,CALL,70,123.62,35190,3/19/2027,WHITE,0,238,F,STOCK,Information Technology,F,F,286478000000,161
7/24/2026,1:58:05 PM,PLTR,SWEEP,262,1.08,,PUT,70,123.75,28296,11/20/2026,WHITE,0,119,F,STOCK,Information Technology,F,F,286478000000,0
7/24/2026,1:58:13 PM,HOOD,ML/,9,48.94,,PUT,125,95.39,44046,1/21/2028,WHITE,0,546,F,STOCK,Financials,F,F,95192000000,274
7/24/2026,1:58:13 PM,HOOD,ML/,9,33.1289,,CALL,100,95.39,29816,1/21/2028,WHITE,0,546,F,STOCK,Financials,F,F,95192000000,9612
7/24/2026,1:58:28 PM,PLTR,BLOCK,35,11.9,,PUT,97.5,123.75,41650,6/17/2027,WHITE,0,328,F,STOCK,Information Technology,F,T,286478000000,1518
7/24/2026,1:58:28 PM,LLY,BLOCK,3,243.45,,CALL,1160,1195.37,73035,9/17/2027,WHITE,0,420,F,STOCK,Health Care,F,F,1037874000000,23
7/24/2026,1:59:17 PM,CRWV,BLOCK,50,4.24,,CALL,74,74.25,21200,7/31/2026,WHITE,0,7,F,STOCK,Information Technology,F,T,49810000000,0
7/24/2026,2:00:05 PM,PLTR,ML/,79,6.9051,,PUT,123,123.75,54550,8/7/2026,WHITE,0,14,F,STOCK,Information Technology,F,T,286478000000,1159
7/24/2026,2:00:06 PM,LRCX,BLOCK,6,91.35,,CALL,330,311.055,54810,6/17/2027,WHITE,0,328,F,STOCK,Information Technology,F,T,512158000000,124
7/24/2026,2:00:07 PM,CRWV,BLOCK,30,11.3,A,CALL,75,74.14,33900,9/18/2026,WHITE,0,56,F,STOCK,Information Technology,F,F,49810000000,1401
7/24/2026,2:00:21 PM,LLY,ML/,1,312.32,,CALL,900,1195.79,31232,10/16/2026,WHITE,0,84,F,STOCK,Health Care,F,F,1037874000000,0
7/24/2026,2:00:21 PM,LLY,ML/,1,267.52,,CALL,950,1195.79,26752,10/16/2026,WHITE,0,84,F,STOCK,Health Care,F,F,1037874000000,0
7/24/2026,2:00:29 PM,ASML,ML/,12,67.9992,,PUT,1655,1777.645,81599,8/28/2026,WHITE,0,35,F,STOCK,Information Technology,F,T,758742000000,0
7/24/2026,2:01:40 PM,PLTR,BLOCK,440,3.4868,,PUT,124,123.98,153420,7/31/2026,WHITE,0,7,F,STOCK,Information Technology,F,T,286478000000,819
7/24/2026,2:02:38 PM,HOOD,ML/,15,29.752,,CALL,80,95.56,44628,3/19/2027,WHITE,0,238,F,STOCK,Financials,F,F,95192000000,1374
7/24/2026,2:02:38 PM,HOOD,ML/,15,30.0767,,CALL,85,95.56,45115,5/21/2027,WHITE,0,301,F,STOCK,Financials,F,F,95192000000,0
7/24/2026,2:02:41 PM,WDC,ML/,10,29.7,,CALL,700,528.095,29700,9/18/2026,WHITE,0,56,F,STOCK,Information Technology,F,F,252521000000,1396
7/24/2026,2:02:41 PM,WDC,ML/,10,33.5,,CALL,680,528.095,33500,9/18/2026,WHITE,0,56,F,STOCK,Information Technology,F,F,252521000000,70
7/24/2026,2:03:37 PM,LLY,SWEEP,5,64.45,,PUT,1080,1195.62,32225,12/18/2026,WHITE,0,147,F,STOCK,Health Care,F,F,1037874000000,73
7/24/2026,2:03:58 PM,WDC,BLOCK,5,63.55,,PUT,500,528.235,31775,9/18/2026,WHITE,0,56,F,STOCK,Information Technology,F,F,252521000000,256
7/24/2026,2:04:00 PM,CRWV,BLOCK,79,4.1,,CALL,74,73.983,32390,7/31/2026,WHITE,0,7,F,STOCK,Information Technology,F,T,49810000000,225
7/24/2026,2:04:05 PM,PLTR,ML/,500,1.1897,,CALL,130,123.868,59484,7/31/2026,WHITE,0,7,F,STOCK,Information Technology,F,T,286478000000,22997
7/24/2026,2:04:17 PM,WDC,ML/,2,194.965,,PUT,600,528.085,38993,3/19/2027,WHITE,0,238,F,STOCK,Information Technology,F,F,252521000000,15
7/24/2026,2:04:17 PM,WDC,ML/,2,303.965,,PUT,750,528.085,60793,3/19/2027,WHITE,0,238,F,STOCK,Information Technology,F,F,252521000000,0
7/24/2026,2:04:18 PM,HOOD,BLOCK,26,17.6,,PUT,95,95.18,45760,1/15/2027,WHITE,0,175,F,STOCK,Financials,F,F,95192000000,1153
7/24/2026,2:04:22 PM,LRCX,BLOCK,5,106.3,,CALL,290,310.52,53150,6/17/2027,WHITE,0,328,F,STOCK,Information Technology,F,T,512158000000,54
7/24/2026,2:04:24 PM,LLY,SWEEP,4,64.15,,PUT,1080,1195.62,25660,12/18/2026,WHITE,0,147,F,STOCK,Health Care,F,F,1037874000000,73
7/24/2026,2:05:03 PM,LLY,SWEEP,5,64.3,,PUT,1080,1195.64,32150,12/18/2026,WHITE,0,147,F,STOCK,Health Care,F,F,1037874000000,73
7/24/2026,2:05:21 PM,PLTR,BLOCK,11,31.4,,PUT,135,123.63,34540,6/17/2027,WHITE,0,328,F,STOCK,Information Technology,F,T,286478000000,5570
7/24/2026,2:05:23 PM,ASML,BLOCK,10,60.5,,CALL,1900,1774.525,60500,8/21/2026,WHITE,0,28,F,STOCK,Information Technology,F,F,758742000000,1218
7/24/2026,2:05:33 PM,HOOD,BLOCK,500,24.55,,CALL,125,95.12,1227500,12/17/2027,WHITE,0,511,F,STOCK,Financials,F,F,95192000000,1123
7/24/2026,2:05:35 PM,PLTR,BLOCK,12,28.3,,PUT,130,123.54,33960,6/17/2027,WHITE,0,328,F,STOCK,Information Technology,F,T,286478000000,8651
7/24/2026,2:05:47 PM,LLY,SWEEP,4,64.2,,PUT,1080,1195.64,25680,12/18/2026,WHITE,0,147,F,STOCK,Health Care,F,F,1037874000000,73
7/24/2026,2:06:04 PM,CRWV,BLOCK,21,12.3,,PUT,72.5,73.89,25830,10/16/2026,WHITE,0,84,F,STOCK,Information Technology,F,F,49810000000,3031
7/24/2026,2:06:11 PM,CRWV,ML/,200,0.99,,PUT,65,73.89,19800,7/31/2026,WHITE,0,7,F,STOCK,Information Technology,F,T,49810000000,1713
7/24/2026,2:06:22 PM,ASML,BLOCK,1,329,,CALL,1700,1774.185,32900,1/15/2027,WHITE,0,175,F,STOCK,Information Technology,F,F,758742000000,200
7/24/2026,2:06:30 PM,LRCX,ML/,160,23.1137,,CALL,330,310.38,369820,8/21/2026,WHITE,0,28,F,STOCK,Information Technology,F,F,512158000000,812
7/24/2026,2:06:30 PM,LRCX,ML/,160,4.592,,CALL,420,310.38,73472,8/21/2026,WHITE,0,28,F,STOCK,Information Technology,F,F,512158000000,938
7/24/2026,2:06:30 PM,LRCX,ML/,320,6.5032,,CALL,400,310.38,208104,8/21/2026,WHITE,0,28,F,STOCK,Information Technology,F,F,512158000000,6687
7/24/2026,2:06:38 PM,LRCX,ML/,250,1.2164,,CALL,500,310.234,30409,8/21/2026,WHITE,0,28,F,STOCK,Information Technology,F,F,512158000000,1938
7/24/2026,2:06:38 PM,LRCX,ML/,250,6.4844,,CALL,400,310.234,162111,8/21/2026,WHITE,0,28,F,STOCK,Information Technology,F,F,512158000000,6687
7/24/2026,2:06:49 PM,CRWV,SWEEP,65,12.5,,PUT,84,73.84,81250,8/7/2026,WHITE,0,14,F,STOCK,Information Technology,F,T,49810000000,228
7/24/2026,2:07:00 PM,CRWV,BLOCK,31,13.75,,PUT,75,73.84,42625,10/16/2026,WHITE,0,84,F,STOCK,Information Technology,F,F,49810000000,3069
7/24/2026,2:07:16 PM,HOOD,BLOCK,50,5.6,,CALL,95,95.205,28000,7/31/2026,WHITE,0,7,F,STOCK,Financials,F,T,95192000000,493
7/24/2026,2:07:41 PM,CRWV,ML/,50,3.89,,PUT,70,73.84,19450,8/7/2026,WHITE,0,14,F,STOCK,Information Technology,F,T,49810000000,1495
7/24/2026,2:07:41 PM,CRWV,ML/,50,5.12,,PUT,67,73.84,25600,8/21/2026,WHITE,0,28,F,STOCK,Information Technology,F,F,49810000000,0
7/24/2026,2:07:51 PM,LRCX,BLOCK,25,16.8,,PUT,210,310.234,42000,11/20/2026,WHITE,0,119,F,STOCK,Information Technology,F,F,512158000000,0
7/24/2026,2:08:29 PM,CRWV,BLOCK,50,2.65,,CALL,95,73.868,13250,8/21/2026,WHITE,0,28,F,STOCK,Information Technology,F,F,49810000000,1554
7/24/2026,2:08:47 PM,CRWV,BLOCK,22,12.3,,PUT,72.5,73.868,27060,10/16/2026,WHITE,0,84,F,STOCK,Information Technology,F,F,49810000000,3031
7/24/2026,2:08:54 PM,LLY,SWEEP,5,64.05,,PUT,1080,1197.225,32025,12/18/2026,WHITE,0,147,F,STOCK,Health Care,F,F,1037874000000,73
7/24/2026,2:09:07 PM,LRCX,ML/,30,13.486,,PUT,270,310.28,40458,8/21/2026,WHITE,0,28,F,STOCK,Information Technology,F,F,512158000000,946
7/24/2026,2:09:07 PM,LRCX,ML/,30,10.6627,,PUT,290,310.28,31988,7/31/2026,WHITE,0,7,F,STOCK,Information Technology,F,T,512158000000,3310
7/24/2026,2:09:20 PM,WDC,BLOCK,10,46.042,,CALL,700,528.085,46042,10/16/2026,WHITE,0,84,F,STOCK,Information Technology,F,F,252521000000,185
7/24/2026,2:09:27 PM,CRWV,BLOCK,29,13.75,,PUT,75,73.868,39875,10/16/2026,WHITE,0,84,F,STOCK,Information Technology,F,F,49810000000,3069
7/24/2026,2:09:38 PM,LLY,SWEEP,5,64.05,,PUT,1080,1196.635,32025,12/18/2026,WHITE,0,147,F,STOCK,Health Care,F,F,1037874000000,73
7/24/2026,2:09:48 PM,LRCX,ML/,50,2.5966,,CALL,450,310.49,12983,8/21/2026,WHITE,0,28,F,STOCK,Information Technology,F,F,512158000000,2480
7/24/2026,2:09:48 PM,LRCX,ML/,50,11.3856,,CALL,370,310.49,56928,8/21/2026,WHITE,0,28,F,STOCK,Information Technology,F,F,512158000000,2596
7/24/2026,2:09:51 PM,PLTR,BLOCK,10,116.6,B,PUT,240,123.93,116600,2/19/2027,WHITE,0,210,F,STOCK,Information Technology,F,F,286478000000,47
7/24/2026,2:10:03 PM,PLTR,BLOCK,200,9.5594,,PUT,110,123.93,191187,11/20/2026,WHITE,0,119,F,STOCK,Information Technology,F,F,286478000000,4551
7/24/2026,2:10:16 PM,LRCX,ML/,164,11.2678,,CALL,370,310.49,184792,8/21/2026,WHITE,0,28,F,STOCK,Information Technology,F,F,512158000000,2596
7/24/2026,2:10:16 PM,LRCX,ML/,160,1.4664,,CALL,480,310.49,23462,8/21/2026,WHITE,0,28,F,STOCK,Information Technology,F,F,512158000000,530
7/24/2026,2:10:22 PM,LLY,SWEEP,5,64.1,,PUT,1080,1196.635,32050,12/18/2026,WHITE,0,147,F,STOCK,Health Care,F,F,1037874000000,73
7/24/2026,2:10:28 PM,LRCX,BLOCK,50,13.65,,PUT,270,310.3,68250,8/21/2026,WHITE,0,28,F,STOCK,Information Technology,F,F,512158000000,946
7/24/2026,2:10:34 PM,CRWV,BLOCK,19,13.35,,CALL,75,73.9,25365,10/16/2026,WHITE,0,84,F,STOCK,Information Technology,F,F,49810000000,349
7/24/2026,2:10:52 PM,PLTR,BLOCK,4,87.05,,CALL,37,123.93,34820,1/15/2027,WHITE,0,175,F,STOCK,Information Technology,F,F,286478000000,0
7/24/2026,2:11:00 PM,LLY,SWEEP,4,64.3,,PUT,1080,1196.325,25720,12/18/2026,WHITE,0,147,F,STOCK,Health Care,F,F,1037874000000,73
7/24/2026,2:11:02 PM,ASML,BLOCK,7,211.1,,PUT,1600,1774.185,147770,3/19/2027,WHITE,0,238,F,STOCK,Information Technology,F,F,758742000000,117
7/24/2026,2:11:04 PM,LRCX,ML/,50,3.0712,,CALL,370,310.3,15356,7/31/2026,WHITE,0,7,F,STOCK,Information Technology,F,T,512158000000,460
7/24/2026,2:11:04 PM,LRCX,ML/,50,5.4494,,PUT,270,310.3,27247,7/31/2026,WHITE,0,7,F,STOCK,Information Technology,F,T,512158000000,909
7/24/2026,2:11:10 PM,PLTR,BLOCK,14,25.6,,CALL,100,123.87,35840,8/21/2026,WHITE,0,28,F,STOCK,Information Technology,F,F,286478000000,998
7/24/2026,2:11:32 PM,CRWV,ML/,40,11.32,,CALL,80,73.8,45280,10/16/2026,WHITE,0,84,F,STOCK,Information Technology,F,F,49810000000,1703
7/24/2026,2:11:32 PM,CRWV,ML/,40,7.52,,CALL,85,73.8,30080,9/18/2026,WHITE,0,56,F,STOCK,Information Technology,F,F,49810000000,2522
7/24/2026,2:12:22 PM,CRWV,BLOCK,25,13.3,,CALL,75,73.79,33250,10/16/2026,WHITE,0,84,F,STOCK,Information Technology,F,F,49810000000,349
7/24/2026,2:12:28 PM,ASML,ML/,1,533.45,,CALL,2000,1774.625,53345,6/16/2028,WHITE,0,693,F,STOCK,Information Technology,F,F,758742000000,11
7/24/2026,2:12:46 PM,CRWV,ML/,80,2.34,,PUT,70,73.79,18720,7/31/2026,WHITE,0,7,F,STOCK,Information Technology,F,T,49810000000,3684
7/24/2026,2:13:04 PM,PLTR,BLOCK,5,58.3,,CALL,100,123.87,29150,12/15/2028,WHITE,0,875,F,STOCK,Information Technology,F,F,286478000000,2729
7/24/2026,2:13:17 PM,CRWV,ML/,20,25.75,,PUT,100,73.8,51500,7/31/2026,WHITE,0,7,F,STOCK,Information Technology,F,T,49810000000,1379
7/24/2026,2:13:17 PM,CRWV,ML/,20,18.99,,PUT,93,73.8,37980,7/31/2026,WHITE,0,7,F,STOCK,Information Technology,F,T,49810000000,0
7/24/2026,2:13:17 PM,CRWV,ML/,20,24.4,,PUT,99,73.8,48800,7/31/2026,WHITE,0,7,F,STOCK,Information Technology,F,T,49810000000,0
7/24/2026,2:13:17 PM,CRWV,ML/,20,20.29,,PUT,94,73.8,40580,7/31/2026,WHITE,0,7,F,STOCK,Information Technology,F,T,49810000000,526
7/24/2026,2:13:27 PM,LRCX,SWEEP,38,20.5553,,CALL,370,310.3,78110,9/18/2026,WHITE,0,56,F,STOCK,Information Technology,F,F,512158000000,644
7/24/2026,2:13:47 PM,ASML,BLOCK,5,100.55,,PUT,1760,1773.05,50275,8/21/2026,WHITE,0,28,F,STOCK,Information Technology,F,F,758742000000,66
7/24/2026,2:14:19 PM,LLY,BLOCK,1,613.25,,PUT,1800,1196.325,61325,6/17/2027,WHITE,0,328,F,STOCK,Health Care,F,T,1037874000000,0
7/24/2026,2:14:26 PM,CRWV,ML/,50,2.44,,PUT,70,73.8,12200,7/31/2026,WHITE,0,7,F,STOCK,Information Technology,F,T,49810000000,3684
7/24/2026,2:14:48 PM,LRCX,BLOCK,216,6.2826,B,CALL,400,309.5,135705,8/21/2026,WHITE,0,28,F,STOCK,Information Technology,F,F,512158000000,6687
7/24/2026,2:15:00 PM,PLTR,SWEEP,66,22,A,CALL,110,123.8,145200,10/16/2026,WHITE,0,84,F,STOCK,Information Technology,F,F,286478000000,508
7/24/2026,2:15:04 PM,LRCX,BLOCK,4,69.5,,CALL,320,309.619,27800,1/15/2027,WHITE,0,175,F,STOCK,Information Technology,F,F,512158000000,925
7/24/2026,2:15:31 PM,CRWV,SWEEP,50,4.4,,CALL,73,73.66,22000,7/31/2026,WHITE,0,7,F,STOCK,Information Technology,F,T,49810000000,158
7/24/2026,2:15:53 PM,HOOD,SWEEP,1305,0.83,A,PUT,60,95.405,108315,9/18/2026,WHITE,0,56,F,STOCK,Financials,F,F,95192000000,2222
7/24/2026,2:16:12 PM,ASML,BLOCK,9,74.3,,PUT,1700,1773.24,66870,8/21/2026,WHITE,0,28,F,STOCK,Information Technology,F,F,758742000000,807
7/24/2026,2:16:13 PM,CRWV,ML/,11,30.7318,,PUT,77.5,73.63,33805,1/21/2028,WHITE,0,546,F,STOCK,Information Technology,F,F,49810000000,206
7/24/2026,2:16:13 PM,CRWV,ML/,11,27.3682,,PUT,80,73.63,30105,6/17/2027,WHITE,0,328,F,STOCK,Information Technology,F,T,49810000000,844
7/24/2026,2:16:15 PM,CRWV,BLOCK,30,12.4,,PUT,72.5,73.63,37200,10/16/2026,WHITE,0,84,F,STOCK,Information Technology,F,F,49810000000,3031
7/24/2026,2:16:22 PM,HOOD,BLOCK,10,36.35,,CALL,120,95.32,36350,12/15/2028,WHITE,0,875,F,STOCK,Financials,F,F,95192000000,217
7/24/2026,2:16:43 PM,WDC,ML/,20,23.9,,PUT,510,526.746,47800,7/31/2026,WHITE,0,7,F,STOCK,Information Technology,F,T,252521000000,89
7/24/2026,2:16:53 PM,LLY,BLOCK,3,114.5,,PUT,1180,1195.05,34350,1/15/2027,WHITE,0,175,F,STOCK,Health Care,F,F,1037874000000,79
7/24/2026,2:17:03 PM,LRCX,BLOCK,5,82,,PUT,300,309.619,41000,6/17/2027,WHITE,0,328,F,STOCK,Information Technology,F,T,512158000000,99
7/24/2026,2:17:15 PM,HOOD,BLOCK,18,14.9,,PUT,90,95.32,26820,1/15/2027,WHITE,0,175,F,STOCK,Financials,F,F,95192000000,2694
7/24/2026,2:17:17 PM,LRCX,SWEEP,114,6.7992,,PUT,275,308.82,77511,7/31/2026,WHITE,0,7,F,STOCK,Information Technology,F,T,512158000000,0
7/24/2026,2:17:29 PM,LLY,ML/,4,62.7225,,CALL,1190,1194.828,25089,8/21/2026,WHITE,0,28,F,STOCK,Health Care,F,F,1037874000000,242
7/24/2026,2:18:01 PM,PLTR,SWEEP,120,22,A,CALL,110,123.77,264000,10/16/2026,WHITE,0,84,F,STOCK,Information Technology,F,F,286478000000,508
7/24/2026,2:18:08 PM,LLY,BLOCK,10,34.875,,PUT,1100,1194.828,34875,9/18/2026,WHITE,0,56,F,STOCK,Health Care,F,F,1037874000000,379
7/24/2026,2:18:08 PM,LLY,SWEEP,10,41.225,,PUT,1120,1194.828,41225,9/18/2026,WHITE,0,56,F,STOCK,Health Care,F,F,1037874000000,194
7/24/2026,2:18:22 PM,WDC,BLOCK,15,37.97,,CALL,510,525.63,56955,7/31/2026,WHITE,0,7,F,STOCK,Information Technology,F,T,252521000000,197
7/24/2026,2:18:33 PM,WDC,BLOCK,4,97.35,,PUT,530,523.1,38940,10/16/2026,WHITE,0,84,F,STOCK,Information Technology,F,F,252521000000,82
7/24/2026,2:19:12 PM,CRWV,BLOCK,10,38.85,,CALL,75,73.62,38850,12/15/2028,WHITE,0,875,F,STOCK,Information Technology,F,F,49810000000,535
7/24/2026,2:19:20 PM,LRCX,BLOCK,4,70.85,,PUT,280,308.82,28340,6/17/2027,WHITE,0,328,F,STOCK,Information Technology,F,T,512158000000,199
7/24/2026,2:19:20 PM,LRCX,BLOCK,9,100.85,,CALL,300,308.82,90765,6/17/2027,WHITE,0,328,F,STOCK,Information Technology,F,T,512158000000,134
7/24/2026,2:19:36 PM,LLY,ML/,1,282.62,,CALL,970,1195.07,28262,1/15/2027,WHITE,0,175,F,STOCK,Health Care,F,F,1037874000000,112
7/24/2026,2:19:36 PM,LLY,ML/,1,275.26,,CALL,980,1195.07,27526,1/15/2027,WHITE,0,175,F,STOCK,Health Care,F,F,1037874000000,0
7/24/2026,2:19:43 PM,WDC,BLOCK,4,65.2,,PUT,500,523.1,26080,9/18/2026,WHITE,0,56,F,STOCK,Information Technology,F,F,252521000000,256
7/24/2026,2:19:48 PM,HOOD,ML/,14,21.98,,CALL,90,95.26,30772,1/15/2027,WHITE,0,175,F,STOCK,Financials,F,F,95192000000,2925
7/24/2026,2:20:02 PM,WDC,BLOCK,10,29.95,,CALL,525,523.04,29950,7/31/2026,WHITE,0,7,F,STOCK,Information Technology,F,T,252521000000,34
7/24/2026,2:20:04 PM,LRCX,SWEEP,13,35.1,,CALL,300,308.43,45630,8/21/2026,WHITE,0,28,F,STOCK,Information Technology,F,F,512158000000,784
7/24/2026,2:20:11 PM,HOOD,BLOCK,51,5.55,,CALL,120,95.09,28305,10/16/2026,WHITE,0,84,F,STOCK,Financials,F,F,95192000000,2968
7/24/2026,2:20:26 PM,LRCX,BLOCK,2,167,,CALL,200,308.43,33400,1/21/2028,WHITE,0,546,F,STOCK,Information Technology,F,F,512158000000,235
7/24/2026,2:20:47 PM,HOOD,SWEEP,53,5.55,,CALL,95,95.09,29415,7/31/2026,WHITE,0,7,F,STOCK,Financials,F,T,95192000000,493
7/24/2026,2:20:55 PM,PLTR,BLOCK,19,13.3,,PUT,110,123.78,25270,2/19/2027,WHITE,0,210,F,STOCK,Information Technology,F,F,286478000000,0
7/24/2026,2:21:27 PM,LRCX,SWEEP,28,10.7936,,CALL,370,308.43,30222,8/21/2026,WHITE,0,28,F,STOCK,Information Technology,F,F,512158000000,2596
7/24/2026,2:21:28 PM,LRCX,BLOCK,9,71.95,,PUT,370,308.43,64755,8/21/2026,WHITE,0,28,F,STOCK,Information Technology,F,F,512158000000,435
7/24/2026,2:21:54 PM,LLY,ML/,12,345.48,,CALL,1190,1194.88,414576,12/15/2028,WHITE,0,875,F,STOCK,Health Care,F,F,1037874000000,30
7/24/2026,2:21:54 PM,LLY,ML/,12,340.85,,CALL,1200,1194.88,409020,12/15/2028,WHITE,0,875,F,STOCK,Health Care,F,F,1037874000000,147
7/24/2026,2:22:38 PM,LRCX,ML/,5,82.276,,CALL,470,308.23,41138,1/21/2028,WHITE,0,546,F,STOCK,Information Technology,F,F,512158000000,34
7/24/2026,2:22:38 PM,LRCX,ML/,5,61.488,,CALL,600,308.23,30744,1/21/2028,WHITE,0,546,F,STOCK,Information Technology,F,F,512158000000,948
7/24/2026,2:22:44 PM,LRCX,ML/,5,61.52,,CALL,600,308.225,30760,1/21/2028,WHITE,0,546,F,STOCK,Information Technology,F,F,512158000000,948
7/24/2026,2:22:44 PM,LRCX,ML/,5,82.2,,CALL,470,308.225,41100,1/21/2028,WHITE,0,546,F,STOCK,Information Technology,F,F,512158000000,34
7/24/2026,2:22:56 PM,ASML,BLOCK,10,52.1,,CALL,1780,1766.785,52100,7/31/2026,WHITE,0,7,F,STOCK,Information Technology,F,T,758742000000,33
7/24/2026,2:23:27 PM,HOOD,ML/,17,48.9912,,PUT,125,95.09,83285,1/21/2028,WHITE,0,546,F,STOCK,Financials,F,F,95192000000,274
7/24/2026,2:23:27 PM,HOOD,ML/,17,33.0788,,CALL,100,95.09,56234,1/21/2028,WHITE,0,546,F,STOCK,Financials,F,F,95192000000,9612
7/24/2026,2:23:30 PM,HOOD,ML/,23,13.79,,CALL,200,95.09,31717,1/21/2028,WHITE,0,546,F,STOCK,Financials,F,F,95192000000,4199
7/24/2026,2:23:30 PM,HOOD,ML/,23,48.98,B,PUT,125,95.09,112654,1/21/2028,WHITE,0,546,F,STOCK,Financials,F,F,95192000000,274
7/24/2026,2:23:30 PM,HOOD,ML/,23,33.11,,CALL,100,95.09,76153,1/21/2028,WHITE,0,546,F,STOCK,Financials,F,F,95192000000,9612
7/24/2026,2:24:32 PM,WDC,ML/,4,249.55,,CALL,300,522.59,99820,11/20/2026,WHITE,0,119,F,STOCK,Information Technology,F,F,252521000000,25
7/24/2026,2:25:24 PM,LRCX,ML/,50,2.13,,PUT,200,308.225,10650,8/21/2026,WHITE,0,28,F,STOCK,Information Technology,F,F,512158000000,1282
7/24/2026,2:25:25 PM,LRCX,BLOCK,3,119,,CALL,320,308.225,35700,1/21/2028,WHITE,0,546,F,STOCK,Information Technology,F,F,512158000000,492
7/24/2026,2:25:27 PM,WDC,BLOCK,6,65.7,,PUT,500,521.55,39420,9/18/2026,WHITE,0,56,F,STOCK,Information Technology,F,F,252521000000,256
7/24/2026,2:25:35 PM,LRCX,BLOCK,10,32.15,,CALL,330,308.225,32150,9/18/2026,WHITE,0,56,F,STOCK,Information Technology,F,F,512158000000,1783
7/24/2026,2:26:00 PM,PLTR,BLOCK,87,3.05,,PUT,123,123.74,26535,7/31/2026,WHITE,0,7,F,STOCK,Information Technology,F,T,286478000000,795
7/24/2026,2:26:11 PM,PLTR,SWEEP,599,1.28,,CALL,175,123.74,76672,9/18/2026,WHITE,0,56,F,STOCK,Information Technology,F,F,286478000000,5240
7/24/2026,2:26:38 PM,CRWV,BLOCK,79,3.9,,CALL,74,73.595,30810,7/31/2026,WHITE,0,7,F,STOCK,Information Technology,F,T,49810000000,225
7/24/2026,2:26:54 PM,WDC,SWEEP,63,34.9498,,PUT,470,521.55,220184,8/21/2026,WHITE,0,28,F,STOCK,Information Technology,F,F,252521000000,618
7/24/2026,2:26:55 PM,PLTR,SWEEP,69,2.883,,CALL,170,123.83,19893,10/16/2026,WHITE,0,84,F,STOCK,Information Technology,F,F,286478000000,3053
7/24/2026,2:27:24 PM,LLY,ML/,5,56.48,,PUT,1190,1194.815,28240,8/21/2026,WHITE,0,28,F,STOCK,Health Care,F,F,1037874000000,62
7/24/2026,2:27:40 PM,CRWV,BLOCK,169,1.75,,CALL,80,73.66,29575,7/31/2026,WHITE,0,7,F,STOCK,Information Technology,F,T,49810000000,8950
7/24/2026,2:28:30 PM,LLY,BLOCK,3,115,,PUT,1180,1193.07,34500,1/15/2027,WHITE,0,175,F,STOCK,Health Care,F,F,1037874000000,79
7/24/2026,2:28:41 PM,ASML,ML/,10,25.72,,PUT,1615,1763.02,25720,8/7/2026,WHITE,0,14,F,STOCK,Information Technology,F,T,758742000000,0
7/24/2026,2:28:45 PM,CRWV,BLOCK,50,4.35,,CALL,73,73.66,21750,7/31/2026,WHITE,0,7,F,STOCK,Information Technology,F,T,49810000000,158
7/24/2026,2:29:31 PM,LLY,BLOCK,10,51.7,,PUT,1200,1193.28,51700,8/7/2026,WHITE,0,14,F,STOCK,Health Care,F,T,1037874000000,58
7/24/2026,2:29:34 PM,WDC,ML/,4,116.03,,CALL,480,519.135,46412,10/16/2026,WHITE,0,84,F,STOCK,Information Technology,F,F,252521000000,41
7/24/2026,2:29:34 PM,WDC,ML/,4,103.12,,CALL,510,519.135,41248,10/16/2026,WHITE,0,84,F,STOCK,Information Technology,F,F,252521000000,44
7/24/2026,2:29:54 PM,PLTR,ML/,22,13.97,,CALL,120,123.83,30734,9/18/2026,WHITE,0,56,F,STOCK,Information Technology,F,F,286478000000,3360
7/24/2026,2:30:06 PM,PLTR,SWEEP,260,1.28,,CALL,130,123.845,33280,7/31/2026,WHITE,0,7,F,STOCK,Information Technology,F,T,286478000000,22997
7/24/2026,2:30:14 PM,LRCX,SWEEP,43,37.7,,PUT,320,306.721,162110,8/21/2026,WHITE,0,28,F,STOCK,Information Technology,F,F,512158000000,1190
7/24/2026,2:30:14 PM,LRCX,SWEEP,9,42.3,,PUT,327.5,306.721,38070,8/21/2026,WHITE,0,28,F,STOCK,Information Technology,F,F,512158000000,0
7/24/2026,2:30:14 PM,LRCX,SWEEP,12,31.9833,,PUT,310,306.721,38380,8/21/2026,WHITE,0,28,F,STOCK,Information Technology,F,F,512158000000,1043
7/24/2026,2:30:14 PM,LRCX,SWEEP,17,18.2294,,PUT,280,306.721,30990,8/21/2026,WHITE,0,28,F,STOCK,Information Technology,F,F,512158000000,1969
7/24/2026,2:30:14 PM,LRCX,SWEEP,22,30.8568,,PUT,307.5,306.721,67885,8/21/2026,WHITE,0,28,F,STOCK,Information Technology,F,F,512158000000,54
7/24/2026,2:30:19 PM,LRCX,BLOCK,10,30.775,,PUT,307.5,306.721,30775,8/21/2026,WHITE,0,28,F,STOCK,Information Technology,F,F,512158000000,54
7/24/2026,2:30:18 PM,LRCX,SWEEP,23,32.0413,,PUT,310,306.721,73695,8/21/2026,WHITE,0,28,F,STOCK,Information Technology,F,F,512158000000,1043
7/24/2026,2:30:18 PM,LRCX,SWEEP,19,18.2447,,PUT,280,306.721,34665,8/21/2026,WHITE,0,28,F,STOCK,Information Technology,F,F,512158000000,1969
7/24/2026,2:30:18 PM,LRCX,SWEEP,24,28.1875,,PUT,302.5,306.721,67650,8/21/2026,WHITE,0,28,F,STOCK,Information Technology,F,F,512158000000,0
7/24/2026,2:30:18 PM,LRCX,SWEEP,28,24.6,,PUT,295,306.721,68880,8/21/2026,WHITE,0,28,F,STOCK,Information Technology,F,F,512158000000,0
7/24/2026,2:30:18 PM,LRCX,SWEEP,19,20.2526,,PUT,285,306.721,38480,8/21/2026,WHITE,0,28,F,STOCK,Information Technology,F,F,512158000000,104
7/24/2026,2:30:18 PM,LRCX,SWEEP,14,23.45,,PUT,292.5,306.721,32830,8/21/2026,WHITE,0,28,F,STOCK,Information Technology,F,F,512158000000,54
7/24/2026,2:30:18 PM,LRCX,SWEEP,35,37.8,B,PUT,320,306.721,132300,8/21/2026,WHITE,0,28,F,STOCK,Information Technology,F,F,512158000000,1190
7/24/2026,2:30:18 PM,LRCX,SWEEP,35,15.55,,PUT,280,306.721,54425,8/14/2026,WHITE,0,21,F,STOCK,Information Technology,F,T,512158000000,0
7/24/2026,2:30:19 PM,LRCX,SWEEP,33,8.15,,PUT,255,306.721,26895,8/14/2026,WHITE,0,21,F,STOCK,Information Technology,F,T,512158000000,399
7/24/2026,2:30:25 PM,LRCX,BLOCK,14,18.3,,CALL,340,306.721,25620,8/21/2026,WHITE,0,28,F,STOCK,Information Technology,F,F,512158000000,2075
7/24/2026,2:30:29 PM,LRCX,BLOCK,12,94.9,A,PUT,320,306.63,113880,6/17/2027,WHITE,0,328,F,STOCK,Information Technology,F,T,512158000000,160
7/24/2026,2:30:29 PM,LRCX,BLOCK,7,103.5,,CALL,290,306.63,72450,6/17/2027,WHITE,0,328,F,STOCK,Information Technology,F,T,512158000000,54
7/24/2026,2:30:31 PM,LRCX,SWEEP,170,10.6265,,CALL,370,306.63,180650,8/21/2026,WHITE,0,28,F,STOCK,Information Technology,F,F,512158000000,2596
7/24/2026,2:30:34 PM,WDC,BLOCK,5,129,,PUT,550,518.555,64500,11/20/2026,WHITE,0,119,F,STOCK,Information Technology,F,F,252521000000,88
7/24/2026,2:30:59 PM,HOOD,BLOCK,20,15.89,,CALL,80,95.245,31780,7/31/2026,WHITE,0,7,F,STOCK,Financials,F,T,95192000000,99
7/24/2026,2:31:01 PM,WDC,SWEEP,22,12.2977,,PUT,425,518.555,27055,8/7/2026,WHITE,0,14,F,STOCK,Information Technology,F,T,252521000000,0
7/24/2026,2:31:06 PM,WDC,BLOCK,5,67.65,,PUT,500,517.27,33825,9/18/2026,WHITE,0,56,F,STOCK,Information Technology,F,F,252521000000,256
7/24/2026,2:31:12 PM,HOOD,BLOCK,15,34,,CALL,130,95.245,51000,12/15/2028,WHITE,0,875,F,STOCK,Financials,F,F,95192000000,274
7/24/2026,2:31:18 PM,WDC,BLOCK,5,63,,PUT,535,516.61,31500,8/14/2026,WHITE,0,21,F,STOCK,Information Technology,F,T,252521000000,0
7/24/2026,2:31:20 PM,PLTR,ML/,300,19.35,,PUT,90,123.845,580500,12/15/2028,WHITE,0,875,F,STOCK,Information Technology,F,F,286478000000,8960
7/24/2026,2:31:25 PM,ASML,BLOCK,1,525,,CALL,2000,1761.13,52500,6/16/2028,WHITE,0,693,F,STOCK,Information Technology,F,F,758742000000,11
7/24/2026,2:31:34 PM,LRCX,ML/,9,65.75,,CALL,300,306.63,59175,11/20/2026,WHITE,0,119,F,STOCK,Information Technology,F,F,512158000000,237
7/24/2026,2:31:34 PM,LRCX,ML/,9,91.75,,CALL,250,306.63,82575,11/20/2026,WHITE,0,119,F,STOCK,Information Technology,F,F,512158000000,0
7/24/2026,2:31:36 PM,ASML,BLOCK,1,1080,B,CALL,700,1760.19,108000,1/15/2027,WHITE,0,175,F,STOCK,Information Technology,F,F,758742000000,99
7/24/2026,2:31:51 PM,LRCX,SWEEP,74,14.1696,,PUT,295,306.21,104855,7/31/2026,WHITE,0,7,F,STOCK,Information Technology,F,T,512158000000,295
7/24/2026,2:31:52 PM,LRCX,SWEEP,90,14.1661,,PUT,295,306.21,127495,7/31/2026,WHITE,0,7,F,STOCK,Information Technology,F,T,512158000000,295
7/24/2026,2:32:09 PM,LRCX,SWEEP,24,14.05,,PUT,295,306.21,33720,7/31/2026,WHITE,0,7,F,STOCK,Information Technology,F,T,512158000000,295
7/24/2026,2:32:11 PM,PLTR,ML/,125,0.81,,PUT,115,123.72,10125,7/31/2026,WHITE,0,7,F,STOCK,Information Technology,F,T,286478000000,1973
7/24/2026,2:32:44 PM,WDC,ML/,143,45.477,,PUT,490,516.61,650321,8/21/2026,WHITE,0,28,F,STOCK,Information Technology,F,F,252521000000,144
7/24/2026,2:32:44 PM,WDC,ML/,28,68.34,,CALL,500,516.61,191352,8/21/2026,WHITE,0,28,F,STOCK,Information Technology,F,F,252521000000,544
7/24/2026,2:32:44 PM,WDC,ML/,83,50.3749,,PUT,500,516.61,418112,8/21/2026,WHITE,0,28,F,STOCK,Information Technology,F,F,252521000000,1505
7/24/2026,2:32:46 PM,PLTR,BLOCK,160,1.28,,CALL,175,123.72,20480,9/18/2026,WHITE,0,56,F,STOCK,Information Technology,F,F,286478000000,5240
7/24/2026,2:32:47 PM,HOOD,BLOCK,80,6.75,,CALL,115,95.04,54000,10/16/2026,WHITE,0,84,F,STOCK,Financials,F,F,95192000000,974
7/24/2026,2:33:01 PM,LLY,BLOCK,100,35.75,B,CALL,1250,1193.28,357500,8/21/2026,WHITE,0,28,F,STOCK,Health Care,F,F,1037874000000,1335
7/24/2026,2:33:09 PM,PLTR,ML/,125,0.8,,PUT,115,123.7,10000,7/31/2026,WHITE,0,7,F,STOCK,Information Technology,F,T,286478000000,1973
7/24/2026,2:33:13 PM,LRCX,BLOCK,173,9.4445,,CALL,430,306.21,163390,9/18/2026,WHITE,0,56,F,STOCK,Information Technology,F,F,512158000000,325
7/24/2026,2:33:13 PM,PLTR,BLOCK,20,14.85,,PUT,130,123.7,29700,9/18/2026,WHITE,0,56,F,STOCK,Information Technology,F,F,286478000000,10855
7/24/2026,2:33:14 PM,LRCX,SWEEP,39,11.9577,,CALL,410,306.21,46635,9/18/2026,WHITE,0,56,F,STOCK,Information Technology,F,F,512158000000,1065
7/24/2026,2:33:16 PM,LLY,SWEEP,52,104.16,AA,PUT,1160,1193.28,541632,1/15/2027,WHITE,0,175,F,STOCK,Health Care,F,F,1037874000000,169
7/24/2026,2:33:26 PM,LLY,SWEEP,13,72.0154,,PUT,1100,1192.535,93620,12/18/2026,WHITE,0,147,F,STOCK,Health Care,F,F,1037874000000,558
7/24/2026,2:33:27 PM,LLY,SWEEP,27,72.1315,,PUT,1100,1192.535,194755,12/18/2026,WHITE,0,147,F,STOCK,Health Care,F,F,1037874000000,558
7/24/2026,2:33:28 PM,LLY,SWEEP,5,72.2,,PUT,1100,1192.53,36100,12/18/2026,WHITE,0,147,F,STOCK,Health Care,F,F,1037874000000,558
7/24/2026,2:33:31 PM,LLY,SWEEP,5,71.1,B,PUT,1100,1192.53,35550,12/18/2026,WHITE,0,147,F,STOCK,Health Care,F,F,1037874000000,558
7/24/2026,2:33:38 PM,ASML,BLOCK,15,53.2,,PUT,1200,1759.585,79800,1/15/2027,WHITE,0,175,F,STOCK,Information Technology,F,F,758742000000,227
7/24/2026,2:33:48 PM,LLY,BLOCK,2,209.525,,PUT,1340,1192.53,41905,1/15/2027,WHITE,0,175,F,STOCK,Health Care,F,F,1037874000000,13
7/24/2026,2:33:54 PM,PLTR,SWEEP,232,3.1991,,PUT,123,123.7,74220,7/31/2026,WHITE,0,7,F,STOCK,Information Technology,F,T,286478000000,795
7/24/2026,2:34:23 PM,WDC,BLOCK,4,88.3325,,CALL,500,517.23,35333,9/18/2026,WHITE,0,56,F,STOCK,Information Technology,F,F,252521000000,540
7/24/2026,2:34:27 PM,CRWV,BLOCK,1000,4.75,A,PUT,55,73.39,475000,10/16/2026,WHITE,0,84,F,STOCK,Information Technology,F,F,49810000000,1025
7/24/2026,2:34:46 PM,WDC,BLOCK,11,23.2,,PUT,500,517.19,25520,7/31/2026,WHITE,0,7,F,STOCK,Information Technology,F,T,252521000000,322
7/24/2026,2:34:47 PM,LRCX,BLOCK,42,12.6,,PUT,280,306.24,52920,8/7/2026,WHITE,0,14,F,STOCK,Information Technology,F,T,512158000000,0
7/24/2026,2:35:06 PM,LRCX,BLOCK,36,40.15,B,PUT,260,305.875,144540,12/18/2026,WHITE,0,147,F,STOCK,Information Technology,F,F,512158000000,573
7/24/2026,2:35:07 PM,CRWV,BLOCK,30,20,,CALL,92.5,73.39,60000,6/17/2027,WHITE,0,328,F,STOCK,Information Technology,F,T,49810000000,97
7/24/2026,2:35:07 PM,WDC,BLOCK,6,68,A,PUT,500,517.19,40800,9/18/2026,WHITE,0,56,F,STOCK,Information Technology,F,F,252521000000,256
7/24/2026,2:35:13 PM,CRWV,BLOCK,18,27,,CALL,70,73.39,48600,6/17/2027,WHITE,0,328,F,STOCK,Information Technology,F,T,49810000000,116
7/24/2026,2:35:13 PM,CRWV,BLOCK,10,31,,CALL,60,73.39,31000,6/17/2027,WHITE,0,328,F,STOCK,Information Technology,F,T,49810000000,131
7/24/2026,2:35:38 PM,HOOD,BLOCK,45,8.9,,CALL,130,95.09,40050,1/15/2027,WHITE,0,175,F,STOCK,Financials,F,F,95192000000,4695
7/24/2026,2:35:45 PM,PLTR,ML/,83,14.55,,CALL,175,123.69,120765,6/17/2027,WHITE,0,328,F,STOCK,Information Technology,F,T,286478000000,1997
7/24/2026,2:35:45 PM,PLTR,ML/,83,15.63,,CALL,150,123.69,129729,3/19/2027,WHITE,0,238,F,STOCK,Information Technology,F,F,286478000000,2162
7/24/2026,2:35:57 PM,WDC,SWEEP,30,46.6303,,CALL,610,517.19,139891,9/18/2026,WHITE,0,56,F,STOCK,Information Technology,F,F,252521000000,83
7/24/2026,2:36:03 PM,PLTR,SWEEP,24,10.65,,PUT,110,123.72,25560,12/18/2026,WHITE,0,147,F,STOCK,Information Technology,F,F,286478000000,14672
7/24/2026,2:36:04 PM,PLTR,SWEEP,25,10.65,,PUT,110,123.72,26625,12/18/2026,WHITE,0,147,F,STOCK,Information Technology,F,F,286478000000,14672
7/24/2026,2:36:11 PM,LRCX,ML/,10,29.17,,CALL,470,305.875,29170,1/15/2027,WHITE,0,175,F,STOCK,Information Technology,F,F,512158000000,486
7/24/2026,2:36:17 PM,PLTR,SWEEP,41,15.25,,PUT,120,123.72,62525,12/18/2026,WHITE,0,147,F,STOCK,Information Technology,F,F,286478000000,7610
7/24/2026,2:36:17 PM,PLTR,SWEEP,44,12.8045,,PUT,115,123.72,56340,12/18/2026,WHITE,0,147,F,STOCK,Information Technology,F,F,286478000000,2904
7/24/2026,2:36:17 PM,PLTR,SWEEP,37,13.85,,PUT,115,123.72,51245,1/15/2027,WHITE,0,175,F,STOCK,Information Technology,F,F,286478000000,5486
7/24/2026,2:36:18 PM,PLTR,SWEEP,91,1.31,,CALL,130,123.72,11921,7/31/2026,WHITE,0,7,F,STOCK,Information Technology,F,T,286478000000,22997
7/24/2026,2:36:23 PM,CRWV,BLOCK,184,1.91,,CALL,79,73.145,35144,7/31/2026,WHITE,0,7,F,STOCK,Information Technology,F,T,49810000000,499
7/24/2026,2:36:25 PM,WDC,BLOCK,20,23,,PUT,500,517.73,46000,7/31/2026,WHITE,0,7,F,STOCK,Information Technology,F,T,252521000000,322
7/24/2026,2:36:26 PM,LRCX,BLOCK,11,71.45,,PUT,280,305.87,78595,6/17/2027,WHITE,0,328,F,STOCK,Information Technology,F,T,512158000000,199
7/24/2026,2:36:44 PM,CRWV,BLOCK,200,12.25,,CALL,90,73.24,245000,12/18/2026,WHITE,0,147,F,STOCK,Information Technology,F,F,49810000000,1190
7/24/2026,2:36:45 PM,LRCX,SWEEP,5,50.9,,PUT,340,305.87,25450,8/21/2026,WHITE,0,28,F,STOCK,Information Technology,F,F,512158000000,1608
7/24/2026,2:36:47 PM,LRCX,SWEEP,22,50.9091,,PUT,340,305.87,112000,8/21/2026,WHITE,0,28,F,STOCK,Information Technology,F,F,512158000000,1608
7/24/2026,2:36:56 PM,ASML,BLOCK,12,79.4,,PUT,1700,1759.285,95280,8/21/2026,WHITE,0,28,F,STOCK,Information Technology,F,F,758742000000,807
7/24/2026,2:36:59 PM,ASML,BLOCK,18,79.4,B,PUT,1700,1759.285,142920,8/21/2026,WHITE,0,28,F,STOCK,Information Technology,F,F,758742000000,807
7/24/2026,2:37:01 PM,HOOD,ML/,18,28.0861,,PUT,120,94.9,50555,9/18/2026,WHITE,0,56,F,STOCK,Financials,F,F,95192000000,977
7/24/2026,2:37:01 PM,HOOD,ML/,18,22.0561,,PUT,115,94.9,39701,8/21/2026,WHITE,0,28,F,STOCK,Financials,F,F,95192000000,1835
7/24/2026,2:37:04 PM,CRWV,BLOCK,200,12.3,A,CALL,90,73.24,246000,12/18/2026,WHITE,0,147,F,STOCK,Information Technology,F,F,49810000000,1190
7/24/2026,2:37:07 PM,ASML,BLOCK,4,79.7,,PUT,1700,1763.32,31880,8/21/2026,WHITE,0,28,F,STOCK,Information Technology,F,F,758742000000,807
7/24/2026,2:37:50 PM,LRCX,ML/,80,29.48,,CALL,310,305.87,235840,8/21/2026,WHITE,0,28,F,STOCK,Information Technology,F,F,512158000000,4985
7/24/2026,2:38:14 PM,LRCX,ML/,16,21.5162,,CALL,330,305.89,34426,8/21/2026,WHITE,0,28,F,STOCK,Information Technology,F,F,512158000000,812
7/24/2026,2:38:34 PM,LRCX,BLOCK,6,121.4,,PUT,360,305.89,72840,6/17/2027,WHITE,0,328,F,STOCK,Information Technology,F,T,512158000000,106
7/24/2026,2:39:23 PM,PLTR,ML/,5,58.28,,CALL,100,123.72,29140,12/15/2028,WHITE,0,875,F,STOCK,Information Technology,F,F,286478000000,2729
7/24/2026,2:39:47 PM,CRWV,ML/,157,3.36,,PUT,55,73.24,52752,9/18/2026,WHITE,0,56,F,STOCK,Information Technology,F,F,49810000000,2243
7/24/2026,2:39:47 PM,CRWV,ML/,159,2.06,,CALL,115,73.24,32754,9/18/2026,WHITE,0,56,F,STOCK,Information Technology,F,F,49810000000,4166
7/24/2026,2:39:47 PM,CRWV,ML/,843,3.38,,PUT,55,73.24,284934,9/18/2026,WHITE,0,56,F,STOCK,Information Technology,F,F,49810000000,2243
7/24/2026,2:39:47 PM,CRWV,ML/,843,2.08,,CALL,115,73.24,175344,9/18/2026,WHITE,0,56,F,STOCK,Information Technology,F,F,49810000000,4422
7/24/2026,2:39:48 PM,ASML,BLOCK,1,318,,CALL,1700,1762.14,31800,1/15/2027,WHITE,0,175,F,STOCK,Information Technology,F,F,758742000000,200
7/24/2026,2:39:55 PM,CRWV,ML/,181,3.4141,,PUT,55,73.196,61795,9/18/2026,WHITE,0,56,F,STOCK,Information Technology,F,F,49810000000,2243
7/24/2026,2:39:55 PM,CRWV,ML/,181,2.1154,B,CALL,115,73.196,38289,9/18/2026,WHITE,0,56,F,STOCK,Information Technology,F,F,49810000000,4422
7/24/2026,2:40:05 PM,WDC,ML/,5,75.04,,PUT,350,517.896,37520,6/17/2027,WHITE,0,328,F,STOCK,Information Technology,F,T,252521000000,83
7/24/2026,2:40:05 PM,ASML,BLOCK,5,77.7,,PUT,1755,1762.14,38850,8/7/2026,WHITE,0,14,F,STOCK,Information Technology,F,T,758742000000,162
7/24/2026,2:40:05 PM,WDC,ML/,5,89.44,,PUT,380,517.896,44720,6/17/2027,WHITE,0,328,F,STOCK,Information Technology,F,T,252521000000,99
7/24/2026,2:40:11 PM,ASML,BLOCK,12,65.7,,PUT,1660,1762.14,78840,8/21/2026,WHITE,0,28,F,STOCK,Information Technology,F,F,758742000000,546
7/24/2026,2:40:15 PM,WDC,ML/,25,14.83,,PUT,475,517.896,37075,7/31/2026,WHITE,0,7,F,STOCK,Information Technology,F,T,252521000000,81
7/24/2026,2:40:15 PM,WDC,ML/,25,13.41,,PUT,470,517.896,33525,7/31/2026,WHITE,0,7,F,STOCK,Information Technology,F,T,252521000000,1088
7/24/2026,2:40:17 PM,ASML,BLOCK,6,123.015,,PUT,1785,1757,73809,8/21/2026,WHITE,0,28,F,STOCK,Information Technology,F,F,758742000000,0
7/24/2026,2:40:17 PM,ASML,BLOCK,2,134.125,,PUT,1805,1757,26825,8/21/2026,WHITE,0,28,F,STOCK,Information Technology,F,F,758742000000,0
7/24/2026,2:40:17 PM,ASML,BLOCK,4,125.3925,,PUT,1790,1757,50157,8/21/2026,WHITE,0,28,F,STOCK,Information Technology,F,F,758742000000,63
7/24/2026,2:40:20 PM,HOOD,BLOCK,36,26.55,,PUT,100,94.92,95580,6/17/2027,WHITE,0,328,F,STOCK,Financials,F,T,95192000000,803
7/24/2026,2:40:20 PM,WDC,BLOCK,6,68.45,A,PUT,500,516.18,41070,9/18/2026,WHITE,0,56,F,STOCK,Information Technology,F,F,252521000000,256
7/24/2026,2:40:59 PM,ASML,ML/,5,128.05,,CALL,1650,1757,64025,7/31/2026,WHITE,0,7,F,STOCK,Information Technology,F,T,758742000000,0
7/24/2026,2:41:07 PM,CRWV,ML/,200,5.03,,PUT,60,73.196,100600,9/18/2026,WHITE,0,56,F,STOCK,Information Technology,F,F,49810000000,8622
7/24/2026,2:41:07 PM,CRWV,ML/,400,1.395,,CALL,125,73.196,55800,9/18/2026,WHITE,0,56,F,STOCK,Information Technology,F,F,49810000000,2494
7/24/2026,2:41:27 PM,CRWV,ML/,52,4.0119,,PUT,73,73.13,20862,7/31/2026,WHITE,0,7,F,STOCK,Information Technology,F,T,49810000000,383
7/24/2026,2:41:27 PM,WDC,BLOCK,20,24,,PUT,500,516.18,48000,7/31/2026,WHITE,0,7,F,STOCK,Information Technology,F,T,252521000000,322
7/24/2026,2:41:44 PM,ASML,ML/,4,125.83,,CALL,1650,1757,50332,7/31/2026,WHITE,0,7,F,STOCK,Information Technology,F,T,758742000000,0
7/24/2026,2:42:03 PM,ASML,BLOCK,25,66.7,A,PUT,1660,1755.06,166750,8/21/2026,WHITE,0,28,F,STOCK,Information Technology,F,F,758742000000,546
7/24/2026,2:42:04 PM,LLY,BLOCK,3,115.8,,PUT,1180,1192.53,34740,1/15/2027,WHITE,0,175,F,STOCK,Health Care,F,F,1037874000000,79
7/24/2026,2:42:16 PM,CRWV,BLOCK,250,3.2,,CALL,80,73.13,80000,8/7/2026,WHITE,0,14,F,STOCK,Information Technology,F,T,49810000000,1333
7/24/2026,2:42:46 PM,ASML,SWEEP,3,245.1,,CALL,1600,1755.06,73530,9/18/2026,WHITE,0,56,F,STOCK,Information Technology,F,F,758742000000,474
7/24/2026,2:43:06 PM,LRCX,SWEEP,10,31.35,,CALL,330,305.01,31350,9/18/2026,WHITE,0,56,F,STOCK,Information Technology,F,F,512158000000,1783
7/24/2026,2:43:36 PM,ASML,BLOCK,1,316.93,B,CALL,1700,1755.06,31693,1/15/2027,WHITE,0,175,F,STOCK,Information Technology,F,F,758742000000,200
7/24/2026,2:43:51 PM,CRWV,BLOCK,70,10.52,,CALL,120,73.13,73640,3/19/2027,WHITE,0,238,F,STOCK,Information Technology,F,F,49810000000,1287
7/24/2026,2:44:20 PM,HOOD,BLOCK,19,23.85,,PUT,105,94.75,45315,1/15/2027,WHITE,0,175,F,STOCK,Financials,F,F,95192000000,873
7/24/2026,2:44:22 PM,CRWV,BLOCK,200,2.15,,CALL,97.5,73.155,43000,8/21/2026,WHITE,0,28,F,STOCK,Information Technology,F,F,49810000000,2182
7/24/2026,2:44:31 PM,LRCX,ML/,5,58.46,,PUT,290,304.99,29230,1/15/2027,WHITE,0,175,F,STOCK,Information Technology,F,F,512158000000,882
7/24/2026,2:45:14 PM,WDC,BLOCK,6,68.9,AA,PUT,500,515.17,41340,9/18/2026,WHITE,0,56,F,STOCK,Information Technology,F,F,252521000000,256
7/24/2026,2:45:26 PM,CRWV,ML/,1334,5.0608,,PUT,60,73.155,675114,9/18/2026,WHITE,0,56,F,STOCK,Information Technology,F,F,49810000000,8622
7/24/2026,2:45:30 PM,CRWV,ML/,50,12.43,,PUT,85,73.155,62150,7/31/2026,WHITE,0,7,F,STOCK,Information Technology,F,T,49810000000,2180
7/24/2026,2:45:30 PM,CRWV,ML/,50,15.98,,PUT,85,73.155,79900,8/21/2026,WHITE,0,28,F,STOCK,Information Technology,F,F,49810000000,3875
7/24/2026,2:45:30 PM,HOOD,ML/,74,1.51,,CALL,107,94.66,11174,7/31/2026,WHITE,0,7,F,STOCK,Financials,F,T,95192000000,1080
7/24/2026,2:46:21 PM,WDC,SWEEP,3,94.75,,PUT,520,516.145,28425,10/16/2026,WHITE,0,84,F,STOCK,Information Technology,F,F,252521000000,70
7/24/2026,2:46:27 PM,WDC,SWEEP,4,73.5,,PUT,480,516.145,29400,10/16/2026,WHITE,0,84,F,STOCK,Information Technology,F,F,252521000000,63
7/24/2026,2:46:29 PM,WDC,SWEEP,5,50.55,,PUT,430,517.28,25275,10/16/2026,WHITE,0,84,F,STOCK,Information Technology,F,F,252521000000,83
7/24/2026,2:46:32 PM,WDC,BLOCK,6,43.15,,CALL,560,517.28,25890,8/21/2026,WHITE,0,28,F,STOCK,Information Technology,F,F,252521000000,195
7/24/2026,2:46:33 PM,WDC,SWEEP,3,94.85,,PUT,520,517.28,28455,10/16/2026,WHITE,0,84,F,STOCK,Information Technology,F,F,252521000000,70
7/24/2026,2:46:34 PM,WDC,SWEEP,7,59.2214,,PUT,450,517.28,41455,10/16/2026,WHITE,0,84,F,STOCK,Information Technology,F,F,252521000000,262
7/24/2026,2:46:35 PM,ASML,BLOCK,11,27.7,,CALL,1840,1756.195,30470,7/31/2026,WHITE,0,7,F,STOCK,Information Technology,F,T,758742000000,71
7/24/2026,2:46:36 PM,ASML,BLOCK,13,45.9,,PUT,1600,1756.195,59670,8/21/2026,WHITE,0,28,F,STOCK,Information Technology,F,F,758742000000,679
7/24/2026,2:46:37 PM,WDC,SWEEP,3,93.2,,CALL,530,517.28,27960,10/16/2026,WHITE,0,84,F,STOCK,Information Technology,F,F,252521000000,62
7/24/2026,2:46:40 PM,WDC,SWEEP,5,63.75,,PUT,460,517.28,31875,10/16/2026,WHITE,0,84,F,STOCK,Information Technology,F,F,252521000000,648
7/24/2026,2:46:40 PM,WDC,BLOCK,4,96.2,,PUT,550,517.28,38480,9/18/2026,WHITE,0,56,F,STOCK,Information Technology,F,F,252521000000,140
7/24/2026,2:46:43 PM,WDC,BLOCK,6,50.15,,PUT,500,517.28,30090,8/21/2026,WHITE,0,28,F,STOCK,Information Technology,F,F,252521000000,1505
7/24/2026,2:46:46 PM,ASML,BLOCK,2,133.005,,PUT,1805,1760.1,26601,8/21/2026,WHITE,0,28,F,STOCK,Information Technology,F,F,758742000000,5
7/24/2026,2:46:48 PM,WDC,SWEEP,6,59.25,,CALL,630,517.28,35550,10/16/2026,WHITE,0,84,F,STOCK,Information Technology,F,F,252521000000,50
7/24/2026,2:46:49 PM,WDC,SWEEP,6,64.95,,CALL,610,517.28,38970,10/16/2026,WHITE,0,84,F,STOCK,Information Technology,F,F,252521000000,0
7/24/2026,2:46:50 PM,WDC,SWEEP,4,77.9,,CALL,570,517.28,31160,10/16/2026,WHITE,0,84,F,STOCK,Information Technology,F,F,252521000000,44
7/24/2026,2:46:53 PM,WDC,SWEEP,6,68.1917,,CALL,600,517.28,40915,10/16/2026,WHITE,0,84,F,STOCK,Information Technology,F,F,252521000000,125
7/24/2026,2:47:02 PM,LRCX,BLOCK,5,90.6,,CALL,420,305.07,45300,1/21/2028,WHITE,0,546,F,STOCK,Information Technology,F,F,512158000000,102
7/24/2026,2:47:02 PM,WDC,BLOCK,4,65.035,,CALL,610,517.28,26014,10/16/2026,WHITE,0,84,F,STOCK,Information Technology,F,F,252521000000,0
7/24/2026,2:47:09 PM,LRCX,BLOCK,5,59,,CALL,380,305.07,29500,3/19/2027,WHITE,0,238,F,STOCK,Information Technology,F,F,512158000000,0
7/24/2026,2:47:38 PM,PLTR,ML/,20,19.25,,CALL,125,124.19,38500,12/18/2026,WHITE,0,147,F,STOCK,Information Technology,F,F,286478000000,1651
7/24/2026,2:47:38 PM,PLTR,ML/,20,17.7,,CALL,125,124.19,35400,11/20/2026,WHITE,0,119,F,STOCK,Information Technology,F,F,286478000000,1124
7/24/2026,2:47:58 PM,HOOD,ML/,60,10.2,,CALL,125,94.87,61200,1/15/2027,WHITE,0,175,F,STOCK,Financials,F,F,95192000000,3145
7/24/2026,2:47:58 PM,HOOD,ML/,60,11.46,,CALL,155,94.87,68760,6/17/2027,WHITE,0,328,F,STOCK,Financials,F,T,95192000000,617
7/24/2026,2:48:05 PM,PLTR,BLOCK,10,30.75,,CALL,200,124.42,30750,12/15/2028,WHITE,0,875,F,STOCK,Information Technology,F,F,286478000000,3752
7/24/2026,2:48:20 PM,HOOD,BLOCK,18,32.95,,PUT,110,95.11,59310,6/17/2027,WHITE,0,328,F,STOCK,Financials,F,T,95192000000,281
7/24/2026,2:48:26 PM,CRWV,BLOCK,14,23.7,,CALL,80,73.465,33180,6/17/2027,WHITE,0,328,F,STOCK,Information Technology,F,T,49810000000,300
7/24/2026,2:49:12 PM,ASML,BLOCK,2,139.4,,PUT,1815,1760.1,27880,8/21/2026,WHITE,0,28,F,STOCK,Information Technology,F,F,758742000000,0
7/24/2026,2:49:17 PM,ASML,BLOCK,5,180.5,,PUT,1600,1760.1,90250,1/15/2027,WHITE,0,175,F,STOCK,Information Technology,F,F,758742000000,465
7/24/2026,2:49:21 PM,ASML,ML/,2,505.01,,CALL,1300,1757.23,101002,10/16/2026,WHITE,0,84,F,STOCK,Information Technology,F,F,758742000000,5
7/24/2026,2:49:44 PM,LLY,BLOCK,1,354.2,,CALL,920,1191.185,35420,6/17/2027,WHITE,0,328,F,STOCK,Health Care,F,T,1037874000000,0
7/24/2026,2:49:59 PM,CRWV,BLOCK,326,2.17,A,CALL,97.5,73.52,70742,8/21/2026,WHITE,0,28,F,STOCK,Information Technology,F,F,49810000000,2182
7/24/2026,2:50:02 PM,CRWV,BLOCK,92,1.74,,CALL,80,73.52,16008,7/31/2026,WHITE,0,7,F,STOCK,Information Technology,F,T,49810000000,8950
7/24/2026,2:50:03 PM,ASML,ML/,3,98.7,,PUT,1650,1757.23,29610,9/18/2026,WHITE,0,56,F,STOCK,Information Technology,F,F,758742000000,8
7/24/2026,2:50:03 PM,ASML,ML/,3,93.7,,CALL,1920,1757.23,28110,9/18/2026,WHITE,0,56,F,STOCK,Information Technology,F,F,758742000000,114
7/24/2026,2:50:13 PM,PLTR,ML/,500,2.513,,CALL,127,124.58,125650,7/31/2026,WHITE,0,7,F,STOCK,Information Technology,F,T,286478000000,4534
7/24/2026,2:50:13 PM,PLTR,ML/,500,1.263,,CALL,131,124.58,63150,7/31/2026,WHITE,0,7,F,STOCK,Information Technology,F,T,286478000000,4734
7/24/2026,2:50:32 PM,PLTR,ML/,68,1.5116,,CALL,130,124.58,10279,7/31/2026,WHITE,0,7,F,STOCK,Information Technology,F,T,286478000000,22997
7/24/2026,2:50:44 PM,LRCX,BLOCK,5,85.5,,CALL,440,305.255,42750,1/21/2028,WHITE,0,546,F,STOCK,Information Technology,F,F,512158000000,139
7/24/2026,2:50:46 PM,ASML,BLOCK,1,317,B,CALL,1700,1757.23,31700,1/15/2027,WHITE,0,175,F,STOCK,Information Technology,F,F,758742000000,200
7/24/2026,2:50:52 PM,WDC,BLOCK,4,69.0625,,PUT,500,516.01,27625,9/18/2026,WHITE,0,56,F,STOCK,Information Technology,F,F,252521000000,256
7/24/2026,2:51:06 PM,CRWV,BLOCK,94,1.74,,CALL,80,73.45,16356,7/31/2026,WHITE,0,7,F,STOCK,Information Technology,F,T,49810000000,8950
7/24/2026,2:51:07 PM,HOOD,SWEEP,320,0.32,,CALL,120,95.11,10240,7/31/2026,WHITE,0,7,F,STOCK,Financials,F,T,95192000000,5782
7/24/2026,2:51:38 PM,PLTR,ML/,140,1.5467,,CALL,130,124.75,21654,7/31/2026,WHITE,0,7,F,STOCK,Information Technology,F,T,286478000000,22997
7/24/2026,2:51:38 PM,PLTR,ML/,210,0.5912,,CALL,135,124.75,12416,7/31/2026,WHITE,0,7,F,STOCK,Information Technology,F,T,286478000000,4539
7/24/2026,2:52:22 PM,LLY,ML/,4,247.95,,CALL,1200,1192.305,99180,12/17/2027,WHITE,0,511,F,STOCK,Health Care,F,F,1037874000000,67
7/24/2026,2:52:22 PM,LLY,ML/,4,76.32,,CALL,1120,1192.305,30528,7/31/2026,WHITE,0,7,F,STOCK,Health Care,F,T,1037874000000,42
7/24/2026,2:52:31 PM,LLY,BLOCK,1,294,,CALL,900,1192.35,29400,8/7/2026,WHITE,0,14,F,STOCK,Health Care,F,T,1037874000000,0
7/24/2026,2:52:34 PM,LRCX,BLOCK,10,74.504,,PUT,370,304.505,74504,8/21/2026,WHITE,0,28,F,STOCK,Information Technology,F,F,512158000000,435
7/24/2026,2:52:41 PM,PLTR,BLOCK,25,20,,CALL,190,124.75,50000,12/17/2027,WHITE,0,511,F,STOCK,Information Technology,F,F,286478000000,1712
7/24/2026,2:52:44 PM,LRCX,BLOCK,15,45,,PUT,270,304.79,67500,12/18/2026,WHITE,0,147,F,STOCK,Information Technology,F,F,512158000000,499
7/24/2026,2:52:58 PM,HOOD,BLOCK,100,3.98,,PUT,92,94.88,39800,7/31/2026,WHITE,0,7,F,STOCK,Financials,F,T,95192000000,0
7/24/2026,2:53:02 PM,CRWV,ML/,20,18.9,,PUT,92,73.45,37800,7/31/2026,WHITE,0,7,F,STOCK,Information Technology,F,T,49810000000,578
7/24/2026,2:53:02 PM,CRWV,ML/,20,26.46,,PUT,100,73.45,52920,7/31/2026,WHITE,0,7,F,STOCK,Information Technology,F,T,49810000000,1379
7/24/2026,2:53:02 PM,CRWV,ML/,20,25.29,,PUT,99,73.45,50580,7/31/2026,WHITE,0,7,F,STOCK,Information Technology,F,T,49810000000,95
7/24/2026,2:53:02 PM,CRWV,ML/,20,17.79,,PUT,91,73.45,35580,7/31/2026,WHITE,0,7,F,STOCK,Information Technology,F,T,49810000000,565
7/24/2026,2:53:32 PM,WDC,SWEEP,2,157.15,,PUT,560,516.01,31430,1/15/2027,WHITE,0,175,F,STOCK,Information Technology,F,F,252521000000,286
7/24/2026,2:54:05 PM,HOOD,BLOCK,48,8.4,,PUT,75,94.88,40320,1/15/2027,WHITE,0,175,F,STOCK,Financials,F,F,95192000000,5546
7/24/2026,2:54:14 PM,PLTR,SWEEP,31,12.05,,CALL,140,124.66,37355,11/20/2026,WHITE,0,119,F,STOCK,Information Technology,F,F,286478000000,2450
7/24/2026,2:54:24 PM,PLTR,BLOCK,10,31.41,,CALL,120,124.66,31410,6/17/2027,WHITE,0,328,F,STOCK,Information Technology,F,T,286478000000,3570
7/24/2026,2:54:28 PM,ASML,BLOCK,1,505,,CALL,1820,1756.56,50500,1/21/2028,WHITE,0,546,F,STOCK,Information Technology,F,F,758742000000,9
7/24/2026,2:54:35 PM,PLTR,BLOCK,55,9.6629,,CALL,160,124.535,53146,1/15/2027,WHITE,0,175,F,STOCK,Information Technology,F,F,286478000000,13342
7/24/2026,2:55:11 PM,PLTR,BLOCK,26,31.36,,CALL,120,124.535,81536,6/17/2027,WHITE,0,328,F,STOCK,Information Technology,F,T,286478000000,3570
7/24/2026,2:55:15 PM,WDC,BLOCK,6,69.6,AA,PUT,500,515.47,41760,9/18/2026,WHITE,0,56,F,STOCK,Information Technology,F,F,252521000000,256
7/24/2026,2:56:00 PM,ASML,ML/,10,30.83,,PUT,1690,1755.78,30830,7/31/2026,WHITE,0,7,F,STOCK,Information Technology,F,T,758742000000,0
7/24/2026,2:56:06 PM,LRCX,BLOCK,13,37.84,,PUT,210,304.79,49192,6/17/2027,WHITE,0,328,F,STOCK,Information Technology,F,T,512158000000,236
7/24/2026,2:56:19 PM,CRWV,SWEEP,217,2.56,,PUT,70,73.575,55552,7/31/2026,WHITE,0,7,F,STOCK,Information Technology,F,T,49810000000,3684
7/24/2026,2:58:03 PM,ASML,ML/,1,484.81,,CALL,2480,1756.99,48481,12/15/2028,WHITE,0,875,F,STOCK,Information Technology,F,F,758742000000,13
7/24/2026,2:58:03 PM,ASML,ML/,1,489.2,,CALL,2460,1756.99,48920,12/15/2028,WHITE,0,875,F,STOCK,Information Technology,F,F,758742000000,15
7/24/2026,2:58:03 PM,LLY,ML/,9,306.12,,CALL,1100,1192.35,275508,1/21/2028,WHITE,0,546,F,STOCK,Health Care,F,F,1037874000000,438
7/24/2026,2:58:08 PM,PLTR,BLOCK,100,1.3,,PUT,105,124.555,13000,8/7/2026,WHITE,0,14,F,STOCK,Information Technology,F,T,286478000000,946
7/24/2026,2:58:09 PM,WDC,BLOCK,15,34,BB,CALL,510,514.705,51000,7/31/2026,WHITE,0,7,F,STOCK,Information Technology,F,T,252521000000,197
7/24/2026,2:58:21 PM,LRCX,ML/,15,111.15,,CALL,340,304.985,166725,1/21/2028,WHITE,0,546,F,STOCK,Information Technology,F,F,512158000000,253
7/24/2026,2:58:21 PM,LRCX,ML/,15,102.95,,CALL,370,304.985,154425,1/21/2028,WHITE,0,546,F,STOCK,Information Technology,F,F,512158000000,312
7/24/2026,2:58:24 PM,ASML,ML/,2,489.45,,CALL,2460,1756.715,97890,12/15/2028,WHITE,0,875,F,STOCK,Information Technology,F,F,758742000000,15
7/24/2026,2:58:24 PM,ASML,ML/,2,493.95,,CALL,2440,1756.715,98790,12/15/2028,WHITE,0,875,F,STOCK,Information Technology,F,F,758742000000,12
7/24/2026,2:58:42 PM,LRCX,ML/,10,33.66,,PUT,322.5,304.98,33660,8/7/2026,WHITE,0,14,F,STOCK,Information Technology,F,T,512158000000,48
7/24/2026,2:59:11 PM,PLTR,SWEEP,113,2.4818,,CALL,127,124.555,28044,7/31/2026,WHITE,0,7,F,STOCK,Information Technology,F,T,286478000000,4534
7/24/2026,2:59:21 PM,LRCX,ML/,10,45.45,,PUT,335,304.98,45450,8/14/2026,WHITE,0,21,F,STOCK,Information Technology,F,T,512158000000,65
7/24/2026,2:59:21 PM,LRCX,ML/,10,42.06,,PUT,340,304.98,42060,7/31/2026,WHITE,0,7,F,STOCK,Information Technology,F,T,512158000000,2942
7/24/2026,2:59:27 PM,ASML,ML/,6,56.15,,PUT,1750,1755.66,33690,7/31/2026,WHITE,0,7,F,STOCK,Information Technology,F,T,758742000000,279
7/24/2026,2:59:59 PM,WDC,ML/,1,294.64,,CALL,500,515.095,29464,12/15/2028,WHITE,0,875,F,STOCK,Information Technology,F,F,252521000000,112
7/24/2026,2:59:59 PM,WDC,ML/,1,282.56,,CALL,550,515.095,28256,12/15/2028,WHITE,0,875,F,STOCK,Information Technology,F,F,252521000000,83
7/24/2026,3:00:21 PM,LRCX,ML/,10,41.95,,PUT,340,304.98,41950,7/31/2026,WHITE,0,7,F,STOCK,Information Technology,F,T,512158000000,2942
7/24/2026,3:00:21 PM,LRCX,ML/,10,45.65,,PUT,335,304.98,45650,8/14/2026,WHITE,0,21,F,STOCK,Information Technology,F,T,512158000000,65
7/24/2026,3:00:28 PM,PLTR,ML/,10,41.87,,CALL,150,124.535,41870,12/15/2028,WHITE,0,875,F,STOCK,Information Technology,F,F,286478000000,3451
7/24/2026,3:00:28 PM,PLTR,ML/,10,39.22,,CALL,120,124.535,39220,12/17/2027,WHITE,0,511,F,STOCK,Information Technology,F,F,286478000000,1157
7/24/2026,3:00:44 PM,LLY,BLOCK,1,255.77,,CALL,1000,1193.34,25577,1/15/2027,WHITE,0,175,F,STOCK,Health Care,F,F,1037874000000,881
7/24/2026,3:01:09 PM,ASML,ML/,4,83.7125,,PUT,1800,1755.66,33485,7/31/2026,WHITE,0,7,F,STOCK,Information Technology,F,T,758742000000,62
7/24/2026,3:01:12 PM,ASML,ML/,3,83.85,,PUT,1800,1755.66,25155,7/31/2026,WHITE,0,7,F,STOCK,Information Technology,F,T,758742000000,62
7/24/2026,3:01:21 PM,WDC,BLOCK,10,41,,CALL,630,513.98,41000,9/18/2026,WHITE,0,56,F,STOCK,Information Technology,F,F,252521000000,124
7/24/2026,3:01:21 PM,WDC,ML/,16,141.6,,PUT,655,513.98,226560,7/31/2026,WHITE,0,7,F,STOCK,Information Technology,F,T,252521000000,29
7/24/2026,3:01:38 PM,PLTR,BLOCK,40,95.6,A,PUT,220,124.5,382400,8/21/2026,WHITE,0,28,F,STOCK,Information Technology,F,F,286478000000,51
7/24/2026,3:01:38 PM,PLTR,BLOCK,30,85.6,,PUT,210,124.5,256800,8/21/2026,WHITE,0,28,F,STOCK,Information Technology,F,F,286478000000,36
7/24/2026,3:01:38 PM,PLTR,BLOCK,120,75.6,A,PUT,200,124.5,907200,8/21/2026,WHITE,0,28,F,STOCK,Information Technology,F,F,286478000000,238
7/24/2026,3:01:38 PM,PLTR,BLOCK,50,105.6,A,PUT,230,124.5,528000,9/18/2026,WHITE,0,56,F,STOCK,Information Technology,F,F,286478000000,100
7/24/2026,3:01:46 PM,PLTR,BLOCK,35,8.05,,PUT,124,124.5,28175,8/14/2026,WHITE,0,21,F,STOCK,Information Technology,F,T,286478000000,0
7/24/2026,3:02:19 PM,ASML,BLOCK,3,215.5,,CALL,2400,1757.51,64650,6/17/2027,WHITE,0,328,F,STOCK,Information Technology,F,T,758742000000,9
7/24/2026,3:02:36 PM,HOOD,ML/,10,28.137,,PUT,120,94.945,28137,9/18/2026,WHITE,0,56,F,STOCK,Financials,F,F,95192000000,977
7/24/2026,3:02:48 PM,PLTR,BLOCK,25,14.8,,CALL,110,124.51,37000,7/31/2026,WHITE,0,7,F,STOCK,Information Technology,F,T,286478000000,636
7/24/2026,3:02:48 PM,PLTR,BLOCK,50,2.05,,CALL,150,124.51,10250,8/21/2026,WHITE,0,28,F,STOCK,Information Technology,F,F,286478000000,12029
7/24/2026,3:02:49 PM,CRWV,ML/,200,1.465,,CALL,145,73.46,29300,10/16/2026,WHITE,0,84,F,STOCK,Information Technology,F,F,49810000000,2277
7/24/2026,3:02:49 PM,CRWV,ML/,100,6.065,,CALL,80,73.46,60650,8/21/2026,WHITE,0,28,F,STOCK,Information Technology,F,F,49810000000,6313
7/24/2026,3:03:02 PM,LRCX,SWEEP,123,5.614,,PUT,230,304.345,69052,8/21/2026,WHITE,0,28,F,STOCK,Information Technology,F,F,512158000000,0
7/24/2026,3:03:04 PM,ASML,BLOCK,9,42.1,,PUT,1580,1757.51,37890,8/21/2026,WHITE,0,28,F,STOCK,Information Technology,F,F,758742000000,535
7/24/2026,3:03:38 PM,LLY,ML/,1,382.35,,CALL,820,1190.5,38235,10/16/2026,WHITE,0,84,F,STOCK,Health Care,F,F,1037874000000,0
7/24/2026,3:03:38 PM,LLY,ML/,1,344.65,,CALL,860,1190.5,34465,10/16/2026,WHITE,0,84,F,STOCK,Health Care,F,F,1037874000000,0
7/24/2026,3:03:48 PM,LRCX,ML/,10,45.59,,PUT,335,304.56,45590,8/14/2026,WHITE,0,21,F,STOCK,Information Technology,F,T,512158000000,65
7/24/2026,3:03:48 PM,LRCX,ML/,10,42.22,,PUT,340,304.56,42220,7/31/2026,WHITE,0,7,F,STOCK,Information Technology,F,T,512158000000,2942
7/24/2026,3:04:57 PM,WDC,BLOCK,44,17,,CALL,800,514.08,74800,9/18/2026,WHITE,0,56,F,STOCK,Information Technology,F,F,252521000000,113
7/24/2026,3:05:02 PM,WDC,SWEEP,22,14.05,,PUT,470,514.08,30910,7/31/2026,WHITE,0,7,F,STOCK,Information Technology,F,T,252521000000,1088
7/24/2026,3:05:02 PM,LRCX,ML/,10,36.32,,PUT,310,304.56,36320,8/28/2026,WHITE,0,35,F,STOCK,Information Technology,F,T,512158000000,54
7/24/2026,3:05:08 PM,PLTR,BLOCK,10,26.73,,CALL,120,124.51,26730,3/19/2027,WHITE,0,238,F,STOCK,Information Technology,F,F,286478000000,1101
7/24/2026,3:05:45 PM,WDC,BLOCK,3,123,,CALL,400,513.529,36900,8/7/2026,WHITE,0,14,F,STOCK,Information Technology,F,T,252521000000,41
7/24/2026,3:05:48 PM,PLTR,BLOCK,100,1.41,BB,CALL,130,124.33,14100,7/31/2026,WHITE,0,7,F,STOCK,Information Technology,F,T,286478000000,22997
7/24/2026,3:06:05 PM,HOOD,ML/,43,29.56,,CALL,110,94.72,127108,1/21/2028,WHITE,0,546,F,STOCK,Financials,F,F,95192000000,1429
7/24/2026,3:06:22 PM,LRCX,ML/,5,139,,CALL,170,304.51,69500,9/18/2026,WHITE,0,56,F,STOCK,Information Technology,F,F,512158000000,321
7/24/2026,3:06:22 PM,LRCX,ML/,5,139.95,,CALL,185,304.51,69975,1/15/2027,WHITE,0,175,F,STOCK,Information Technology,F,F,512158000000,0
7/24/2026,3:06:35 PM,HOOD,ML/,10,25.32,,CALL,80,94.52,25320,12/18/2026,WHITE,0,147,F,STOCK,Financials,F,F,95192000000,1337
7/24/2026,3:06:55 PM,ASML,ML/,10,62.32,,PUT,1615,1755.59,62320,8/28/2026,WHITE,0,35,F,STOCK,Information Technology,F,T,758742000000,0
7/24/2026,3:06:56 PM,LRCX,BLOCK,10,75.25,,PUT,370,305.11,75250,8/21/2026,WHITE,0,28,F,STOCK,Information Technology,F,F,512158000000,435
7/24/2026,3:07:15 PM,ASML,BLOCK,6,62.2,,CALL,1835,1751,37320,8/14/2026,WHITE,0,21,F,STOCK,Information Technology,F,T,758742000000,0
7/24/2026,3:07:19 PM,PLTR,SWEEP,200,1.06,,CALL,180,124.33,21200,9/18/2026,WHITE,0,56,F,STOCK,Information Technology,F,F,286478000000,7136
7/24/2026,3:07:21 PM,HOOD,ML/,23,14.68,,CALL,81,94.52,33764,7/31/2026,WHITE,0,7,F,STOCK,Financials,F,T,95192000000,0
7/24/2026,3:07:26 PM,LRCX,ML/,5,95.31,B,CALL,220,305.11,47655,9/18/2026,WHITE,0,56,F,STOCK,Information Technology,F,F,512158000000,0
7/24/2026,3:07:26 PM,LRCX,ML/,5,98.49,,CALL,250,305.11,49245,1/15/2027,WHITE,0,175,F,STOCK,Information Technology,F,F,512158000000,899
7/24/2026,3:07:37 PM,ASML,BLOCK,2,135,,CALL,1800,1751,27000,9/18/2026,WHITE,0,56,F,STOCK,Information Technology,F,F,758742000000,1213
7/24/2026,3:07:45 PM,WDC,BLOCK,12,32.2,BB,CALL,510,511.32,38640,7/31/2026,WHITE,0,7,F,STOCK,Information Technology,F,T,252521000000,197
7/24/2026,3:07:47 PM,LLY,ML/,14,42.04,,CALL,1160,1191.385,58856,7/31/2026,WHITE,0,7,F,STOCK,Health Care,F,T,1037874000000,67
7/24/2026,3:07:48 PM,CRWV,ML/,264,1.4641,,CALL,145,73.25,38652,10/16/2026,WHITE,0,84,F,STOCK,Information Technology,F,F,49810000000,2277
7/24/2026,3:07:48 PM,CRWV,ML/,132,6.0682,,CALL,80,73.25,80100,8/21/2026,WHITE,0,28,F,STOCK,Information Technology,F,F,49810000000,6313
7/24/2026,3:08:01 PM,WDC,ML/,2,142.5,,CALL,560,511.32,28500,3/19/2027,WHITE,0,238,F,STOCK,Information Technology,F,F,252521000000,154
7/24/2026,3:08:09 PM,LRCX,SWEEP,14,40.9536,,PUT,260,305.11,57335,12/18/2026,WHITE,0,147,F,STOCK,Information Technology,F,F,512158000000,573
7/24/2026,3:08:19 PM,ASML,ML/,30,14.33,,CALL,2160,1751,42990,8/21/2026,WHITE,0,28,F,STOCK,Information Technology,F,F,758742000000,107
7/24/2026,3:08:19 PM,ASML,ML/,30,55.2493,,CALL,1900,1751,165748,8/21/2026,WHITE,0,28,F,STOCK,Information Technology,F,F,758742000000,1218
7/24/2026,3:08:21 PM,HOOD,BLOCK,14,26.35,,CALL,95,94.24,36890,6/17/2027,WHITE,0,328,F,STOCK,Financials,F,T,95192000000,541
7/24/2026,3:08:27 PM,LRCX,ML/,10,224.34,,CALL,82,303.3,224340,1/15/2027,WHITE,0,175,F,STOCK,Information Technology,F,F,512158000000,222
7/24/2026,3:08:27 PM,LRCX,ML/,10,223.71,,CALL,82,303.3,223710,12/18/2026,WHITE,0,147,F,STOCK,Information Technology,F,F,512158000000,148
7/24/2026,3:08:34 PM,PLTR,BLOCK,100,8.04,,CALL,127,124.18,80400,8/21/2026,WHITE,0,28,F,STOCK,Information Technology,F,F,286478000000,2409
7/24/2026,3:09:06 PM,PLTR,BLOCK,65,2.3251,,CALL,127,124.145,15113,7/31/2026,WHITE,0,7,F,STOCK,Information Technology,F,T,286478000000,4534
7/24/2026,3:09:27 PM,ASML,BLOCK,1,403.5,,PUT,1700,1749.775,40350,1/21/2028,WHITE,0,546,F,STOCK,Information Technology,F,F,758742000000,130
7/24/2026,3:09:33 PM,ASML,BLOCK,12,43,,PUT,1575,1749.775,51600,8/21/2026,WHITE,0,28,F,STOCK,Information Technology,F,F,758742000000,0
7/24/2026,3:09:35 PM,ASML,ML/,50,95.74,,PUT,1720,1749.775,478700,8/21/2026,WHITE,0,28,F,STOCK,Information Technology,F,F,758742000000,206
7/24/2026,3:09:35 PM,ASML,ML/,50,21.7,,CALL,2080,1749.775,108500,8/21/2026,WHITE,0,28,F,STOCK,Information Technology,F,F,758742000000,230
7/24/2026,3:09:35 PM,ASML,ML/,50,86.74,,PUT,1700,1749.775,433700,8/21/2026,WHITE,0,28,F,STOCK,Information Technology,F,F,758742000000,807
7/24/2026,3:09:35 PM,ASML,ML/,50,24.15,,CALL,2060,1749.775,120750,8/21/2026,WHITE,0,28,F,STOCK,Information Technology,F,F,758742000000,122
7/24/2026,3:09:38 PM,WDC,SWEEP,10,26.38,,PUT,500,511.32,26380,7/31/2026,WHITE,0,7,F,STOCK,Information Technology,F,T,252521000000,322
7/24/2026,3:09:38 PM,WDC,BLOCK,26,27.5835,,PUT,502.5,511.32,71717,7/31/2026,WHITE,0,7,F,STOCK,Information Technology,F,T,252521000000,0
7/24/2026,3:09:41 PM,LRCX,SWEEP,14,36.75,,PUT,250,303.3,51450,12/18/2026,WHITE,0,147,F,STOCK,Information Technology,F,F,512158000000,819
7/24/2026,3:09:45 PM,PLTR,ML/,41,39.37,,CALL,160,124.145,161417,12/15/2028,WHITE,0,875,F,STOCK,Information Technology,F,F,286478000000,1987
7/24/2026,3:09:49 PM,LRCX,BLOCK,10,32,,CALL,300,302.5,32000,8/21/2026,WHITE,0,28,F,STOCK,Information Technology,F,F,512158000000,784
7/24/2026,3:09:59 PM,ASML,BLOCK,8,70.2013,,PUT,1765,1745.645,56161,7/31/2026,WHITE,0,7,F,STOCK,Information Technology,F,T,758742000000,21
7/24/2026,3:10:01 PM,ASML,ML/,1,772.4,,CALL,1000,1745.645,77240,11/20/2026,WHITE,0,119,F,STOCK,Information Technology,F,F,758742000000,0
7/24/2026,3:10:01 PM,ASML,ML/,1,359.13,,CALL,1390,1745.645,35913,7/31/2026,WHITE,0,7,F,STOCK,Information Technology,F,T,758742000000,0
7/24/2026,3:10:01 PM,ASML,ML/,1,963.46,,CALL,800,1745.645,96346,11/20/2026,WHITE,0,119,F,STOCK,Information Technology,F,F,758742000000,0
7/24/2026,3:10:09 PM,CRWV,BLOCK,134,0.78,,CALL,85,73.25,10452,7/31/2026,WHITE,0,7,F,STOCK,Information Technology,F,T,49810000000,2617
7/24/2026,3:10:34 PM,LRCX,BLOCK,7,56.2,,CALL,330,302.5,39340,12/18/2026,WHITE,0,147,F,STOCK,Information Technology,F,F,512158000000,572
7/24/2026,3:10:32 PM,ASML,BLOCK,1,262.8,,PUT,1680,1745.645,26280,3/19/2027,WHITE,0,238,F,STOCK,Information Technology,F,F,758742000000,0
7/24/2026,3:10:33 PM,ASML,BLOCK,6,129.9,,CALL,1685,1745.645,77940,8/14/2026,WHITE,0,21,F,STOCK,Information Technology,F,T,758742000000,0
7/24/2026,3:10:34 PM,ASML,ML/,5,131.03,,PUT,1760,1745.645,65515,8/28/2026,WHITE,0,35,F,STOCK,Information Technology,F,T,758742000000,0
7/24/2026,3:10:55 PM,ASML,BLOCK,1,365,,PUT,1860,1745.645,36500,3/19/2027,WHITE,0,238,F,STOCK,Information Technology,F,F,758742000000,0
7/24/2026,3:10:56 PM,ASML,BLOCK,2,150,,CALL,1760,1745.645,30000,9/18/2026,WHITE,0,56,F,STOCK,Information Technology,F,F,758742000000,139
7/24/2026,3:10:56 PM,ASML,ML/,2,156.45,,PUT,1760,1745.645,31290,9/18/2026,WHITE,0,56,F,STOCK,Information Technology,F,F,758742000000,62
7/24/2026,3:10:56 PM,ASML,ML/,2,151.15,,PUT,1750,1745.645,30230,9/18/2026,WHITE,0,56,F,STOCK,Information Technology,F,F,758742000000,0
7/24/2026,3:11:08 PM,ASML,SWEEP,2,129.55,,PUT,1780,1741.875,25910,8/21/2026,WHITE,0,28,F,STOCK,Information Technology,F,F,758742000000,104
7/24/2026,3:11:16 PM,LRCX,BLOCK,79,2.38,AA,PUT,200,302.5,18802,8/21/2026,WHITE,0,28,F,STOCK,Information Technology,F,F,512158000000,1282
7/24/2026,3:11:17 PM,ASML,BLOCK,7,64.1,,PUT,1750,1741.875,44870,7/31/2026,WHITE,0,7,F,STOCK,Information Technology,F,T,758742000000,279
7/24/2026,3:11:18 PM,ASML,BLOCK,3,150,,CALL,1760,1741.875,45000,9/18/2026,WHITE,0,56,F,STOCK,Information Technology,F,F,758742000000,139
7/24/2026,3:11:19 PM,WDC,BLOCK,3,120,,CALL,530,510.475,36000,12/18/2026,WHITE,0,147,F,STOCK,Information Technology,F,F,252521000000,40
7/24/2026,3:11:30 PM,ASML,BLOCK,2,141.1,,PUT,1800,1741.875,28220,8/21/2026,WHITE,0,28,F,STOCK,Information Technology,F,F,758742000000,172
7/24/2026,3:11:42 PM,WDC,ML/,1,250.74,,CALL,300,511.245,25074,1/15/2027,WHITE,0,175,F,STOCK,Information Technology,F,F,252521000000,373
7/24/2026,3:11:58 PM,ASML,SWEEP,2,159.05,,PUT,1810,1741.875,31810,8/28/2026,WHITE,0,35,F,STOCK,Information Technology,F,T,758742000000,0
7/24/2026,3:12:08 PM,LRCX,SWEEP,10,46.36,,CALL,360,301.965,46360,12/18/2026,WHITE,0,147,F,STOCK,Information Technology,F,F,512158000000,650
7/24/2026,3:12:07 PM,ASML,BLOCK,2,167.25,,PUT,1825,1741.875,33450,8/28/2026,WHITE,0,35,F,STOCK,Information Technology,F,T,758742000000,0
7/24/2026,3:12:09 PM,LRCX,BLOCK,78,46.3669,,CALL,360,301.965,361662,12/18/2026,WHITE,0,147,F,STOCK,Information Technology,F,F,512158000000,650
7/24/2026,3:12:09 PM,PLTR,ML/,50,3.25,,PUT,110,124.325,16250,8/21/2026,WHITE,0,28,F,STOCK,Information Technology,F,F,286478000000,14024
7/24/2026,3:12:15 PM,ASML,ML/,5,129.55,,PUT,1760,1741.875,64775,8/28/2026,WHITE,0,35,F,STOCK,Information Technology,F,T,758742000000,0
7/24/2026,3:12:19 PM,LLY,ML/,22,42.08,,CALL,1160,1192.87,92576,7/31/2026,WHITE,0,7,F,STOCK,Health Care,F,T,1037874000000,67
7/24/2026,3:12:21 PM,HOOD,SWEEP,11,33,,CALL,140,94.32,36300,12/15/2028,WHITE,0,875,F,STOCK,Financials,F,F,95192000000,63
7/24/2026,3:13:03 PM,LRCX,ML/,10,96.41,,PUT,350,301.965,96410,1/15/2027,WHITE,0,175,F,STOCK,Information Technology,F,F,512158000000,438
7/24/2026,3:13:03 PM,LRCX,ML/,10,110.35,,PUT,370,301.965,110350,1/15/2027,WHITE,0,175,F,STOCK,Information Technology,F,F,512158000000,416
7/24/2026,3:13:03 PM,LRCX,ML/,10,90.17,,PUT,340,301.965,90170,1/15/2027,WHITE,0,175,F,STOCK,Information Technology,F,F,512158000000,968
7/24/2026,3:13:03 PM,LRCX,ML/,10,77.44,,PUT,320,301.965,77440,1/15/2027,WHITE,0,175,F,STOCK,Information Technology,F,F,512158000000,333
7/24/2026,3:13:04 PM,CRWV,BLOCK,50,10.95,,PUT,65,73.19,54750,11/20/2026,WHITE,0,119,F,STOCK,Information Technology,F,F,49810000000,587
7/24/2026,3:13:07 PM,ASML,ML/,1,398.59,,CALL,1500,1745,39859,12/18/2026,WHITE,0,147,F,STOCK,Information Technology,F,F,758742000000,81
7/24/2026,3:13:07 PM,ASML,ML/,1,408.43,,CALL,1350,1745,40843,8/21/2026,WHITE,0,28,F,STOCK,Information Technology,F,F,758742000000,115
7/24/2026,3:13:14 PM,ASML,BLOCK,1,401.99,,CALL,2900,1745,40199,12/15/2028,WHITE,0,875,F,STOCK,Information Technology,F,F,758742000000,125
7/24/2026,3:13:19 PM,ASML,SWEEP,2,157.3,,PUT,1790,1745,31460,9/4/2026,WHITE,0,42,F,STOCK,Information Technology,F,T,758742000000,0
7/24/2026,3:13:23 PM,ASML,BLOCK,1,283.4,,CALL,1760,1745,28340,1/15/2027,WHITE,0,175,F,STOCK,Information Technology,F,F,758742000000,19
7/24/2026,3:13:31 PM,PLTR,BLOCK,20,29.75,,CALL,95,124.36,59500,8/7/2026,WHITE,0,14,F,STOCK,Information Technology,F,T,286478000000,0
7/24/2026,3:13:43 PM,ASML,SWEEP,2,132.4,,PUT,1710,1745,26480,9/18/2026,WHITE,0,56,F,STOCK,Information Technology,F,F,758742000000,0
7/24/2026,3:13:49 PM,WDC,ML/,30,39.75,,CALL,500,511.245,119250,7/31/2026,WHITE,0,7,F,STOCK,Information Technology,F,T,252521000000,97
7/24/2026,3:13:52 PM,LRCX,ML/,5,137.77,,CALL,185,302.555,68885,1/15/2027,WHITE,0,175,F,STOCK,Information Technology,F,F,512158000000,84
7/24/2026,3:13:52 PM,LRCX,ML/,5,136.714,,CALL,170,302.555,68357,9/18/2026,WHITE,0,56,F,STOCK,Information Technology,F,F,512158000000,321
7/24/2026,3:13:53 PM,ASML,SWEEP,6,127.7,,PUT,1700,1743.56,76620,9/18/2026,WHITE,0,56,F,STOCK,Information Technology,F,F,758742000000,195
7/24/2026,3:13:54 PM,ASML,BLOCK,10,164.6,,PUT,1840,1743.56,164600,8/21/2026,WHITE,0,28,F,STOCK,Information Technology,F,F,758742000000,82
7/24/2026,3:14:03 PM,CRWV,BLOCK,100,9.75,,CALL,77.5,73.27,97500,9/18/2026,WHITE,0,56,F,STOCK,Information Technology,F,F,49810000000,894
7/24/2026,3:14:09 PM,LRCX,ML/,10,49.45,,CALL,370,302.555,49450,1/15/2027,WHITE,0,175,F,STOCK,Information Technology,F,F,512158000000,1301
7/24/2026,3:14:09 PM,LRCX,ML/,10,52.22,,CALL,360,302.555,52220,1/15/2027,WHITE,0,175,F,STOCK,Information Technology,F,F,512158000000,926
7/24/2026,3:14:09 PM,LRCX,ML/,10,58.67,,CALL,340,302.555,58670,1/15/2027,WHITE,0,175,F,STOCK,Information Technology,F,F,512158000000,1093
7/24/2026,3:14:09 PM,LRCX,ML/,10,43.83,,CALL,390,302.555,43830,1/15/2027,WHITE,0,175,F,STOCK,Information Technology,F,F,512158000000,285
7/24/2026,3:14:20 PM,LRCX,BLOCK,6,55.24,,CALL,350,302.555,33144,1/15/2027,WHITE,0,175,F,STOCK,Information Technology,F,F,512158000000,1242
7/24/2026,3:14:32 PM,HOOD,BLOCK,200,1.55,,CALL,120,94.32,31000,8/21/2026,WHITE,0,28,F,STOCK,Financials,F,F,95192000000,10261
7/24/2026,3:14:51 PM,CRWV,ML/,25,12.54,,PUT,72.5,73.27,31350,10/16/2026,WHITE,0,84,F,STOCK,Information Technology,F,F,49810000000,3031
7/24/2026,3:14:51 PM,CRWV,ML/,25,12.06,,PUT,75,73.27,30150,9/18/2026,WHITE,0,56,F,STOCK,Information Technology,F,F,49810000000,3841
7/24/2026,3:15:05 PM,ASML,BLOCK,2,252.35,,PUT,1800,1743.56,50470,11/20/2026,WHITE,0,119,F,STOCK,Information Technology,F,F,758742000000,15
7/24/2026,3:15:08 PM,PLTR,BLOCK,30,30.3,,CALL,95,124.185,90900,8/21/2026,WHITE,0,28,F,STOCK,Information Technology,F,F,286478000000,142
7/24/2026,3:15:19 PM,PLTR,SWEEP,71,1.63,,CALL,129,124.13,11573,7/31/2026,WHITE,0,7,F,STOCK,Information Technology,F,T,286478000000,3938
7/24/2026,3:15:35 PM,WDC,BLOCK,3,126,,CALL,510,510.95,37800,12/18/2026,WHITE,0,147,F,STOCK,Information Technology,F,F,252521000000,54
7/24/2026,3:15:41 PM,ASML,SWEEP,2,159.9,,PUT,1540,1743.615,31980,1/15/2027,WHITE,0,175,F,STOCK,Information Technology,F,F,758742000000,43
7/24/2026,3:15:53 PM,LLY,ML/,1,281.73,,CALL,930,1193.007,28173,10/16/2026,WHITE,0,84,F,STOCK,Health Care,F,F,1037874000000,0
7/24/2026,3:15:55 PM,LRCX,ML/,10,32.97,,PUT,270,302.345,32970,10/16/2026,WHITE,0,84,F,STOCK,Information Technology,F,F,512158000000,404
7/24/2026,3:15:55 PM,LRCX,ML/,10,37.52,,PUT,280,302.345,37520,10/16/2026,WHITE,0,84,F,STOCK,Information Technology,F,F,512158000000,319
7/24/2026,3:16:00 PM,PLTR,ML/,5,112.13,,CALL,15,124.13,56065,12/15/2028,WHITE,0,875,F,STOCK,Information Technology,F,F,286478000000,240
7/24/2026,3:16:08 PM,ASML,BLOCK,2,136.15,,PUT,1480,1743.615,27230,1/15/2027,WHITE,0,175,F,STOCK,Information Technology,F,F,758742000000,0
7/24/2026,3:16:09 PM,ASML,BLOCK,1,310.55,BB,CALL,1700,1743.615,31055,1/15/2027,WHITE,0,175,F,STOCK,Information Technology,F,F,758742000000,200
7/24/2026,3:16:10 PM,LRCX,BLOCK,22,13.89,,PUT,290,301.725,30558,7/31/2026,WHITE,0,7,F,STOCK,Information Technology,F,T,512158000000,3310
7/24/2026,3:16:18 PM,LRCX,BLOCK,6,76.95,,PUT,370,301.725,46170,8/21/2026,WHITE,0,28,F,STOCK,Information Technology,F,F,512158000000,435
7/24/2026,3:16:25 PM,LRCX,BLOCK,4,76.95,,PUT,370,301.725,30780,8/21/2026,WHITE,0,28,F,STOCK,Information Technology,F,F,512158000000,435
7/24/2026,3:16:26 PM,ASML,BLOCK,1,323.1,,CALL,1800,1743.615,32310,3/19/2027,WHITE,0,238,F,STOCK,Information Technology,F,F,758742000000,19
7/24/2026,3:16:28 PM,LRCX,BLOCK,6,45.81,,CALL,380,301.725,27486,1/15/2027,WHITE,0,175,F,STOCK,Information Technology,F,F,512158000000,291
7/24/2026,3:16:32 PM,HOOD,BLOCK,47,5.91,,CALL,100,94.275,27777,8/21/2026,WHITE,0,28,F,STOCK,Financials,F,F,95192000000,13051
7/24/2026,3:16:36 PM,HOOD,SWEEP,190,0.8516,,CALL,150,94.275,16180,9/18/2026,WHITE,0,56,F,STOCK,Financials,F,F,95192000000,7923
7/24/2026,3:16:46 PM,HOOD,BLOCK,200,0.55,,CALL,115,94.26,11000,7/31/2026,WHITE,0,7,F,STOCK,Financials,F,T,95192000000,2454
7/24/2026,3:16:48 PM,ASML,BLOCK,2,125.85,,PUT,1360,1743.69,25170,3/19/2027,WHITE,0,238,F,STOCK,Information Technology,F,F,758742000000,0
7/24/2026,3:16:53 PM,HOOD,SWEEP,140,0.85,,CALL,150,94.26,11900,9/18/2026,WHITE,0,56,F,STOCK,Financials,F,F,95192000000,7923
7/24/2026,3:16:58 PM,ASML,SWEEP,2,298,,PUT,1660,1743.69,59600,6/17/2027,WHITE,0,328,F,STOCK,Information Technology,F,T,758742000000,0
7/24/2026,3:16:59 PM,ASML,SWEEP,6,364.35,,PUT,1780,1743.69,218610,6/17/2027,WHITE,0,328,F,STOCK,Information Technology,F,T,758742000000,13
7/24/2026,3:17:01 PM,PLTR,BLOCK,110,0.93,,CALL,132,124.13,10230,7/31/2026,WHITE,0,7,F,STOCK,Information Technology,F,T,286478000000,4240
7/24/2026,3:17:03 PM,HOOD,BLOCK,190,1.5499,,CALL,120,94.26,29449,8/21/2026,WHITE,0,28,F,STOCK,Financials,F,F,95192000000,10261
7/24/2026,3:17:08 PM,ASML,BLOCK,2,352.45,,PUT,1760,1743.69,70490,6/17/2027,WHITE,0,328,F,STOCK,Information Technology,F,T,758742000000,0
7/24/2026,3:17:25 PM,CRWV,ML/,46,19.6487,,PUT,88,73.26,90384,9/4/2026,WHITE,0,42,F,STOCK,Information Technology,F,T,49810000000,0
7/24/2026,3:17:25 PM,CRWV,ML/,46,20.5913,,PUT,90,73.26,94720,8/28/2026,WHITE,0,35,F,STOCK,Information Technology,F,T,49810000000,0
7/24/2026,3:17:33 PM,LRCX,ML/,5,154.746,,CALL,150,301.725,77373,9/18/2026,WHITE,0,56,F,STOCK,Information Technology,F,F,512158000000,0
7/24/2026,3:17:33 PM,LRCX,ML/,5,155.828,,CALL,160,301.725,77914,1/15/2027,WHITE,0,175,F,STOCK,Information Technology,F,F,512158000000,344
7/24/2026,3:17:37 PM,CRWV,BLOCK,20,23.51,,PUT,82.5,73.36,47020,1/15/2027,WHITE,0,175,F,STOCK,Information Technology,F,F,49810000000,1838
7/24/2026,3:17:40 PM,ASML,BLOCK,1,382.3,,PUT,1680,1743.69,38230,12/17/2027,WHITE,0,511,F,STOCK,Information Technology,F,F,758742000000,3
7/24/2026,3:17:41 PM,ASML,BLOCK,1,382.8,,PUT,1680,1743.69,38280,12/17/2027,WHITE,0,511,F,STOCK,Information Technology,F,F,758742000000,3
7/24/2026,3:17:44 PM,CRWV,BLOCK,200,11.47,,PUT,84,73.36,229400,7/31/2026,WHITE,0,7,F,STOCK,Information Technology,F,T,49810000000,501
7/24/2026,3:17:44 PM,HOOD,BLOCK,25,13.35,,PUT,106,94.26,33375,7/31/2026,WHITE,0,7,F,STOCK,Financials,F,T,95192000000,387
7/24/2026,3:17:49 PM,PLTR,ML/,10,41.67,,CALL,150,124.08,41670,12/15/2028,WHITE,0,875,F,STOCK,Information Technology,F,F,286478000000,3451
7/24/2026,3:17:49 PM,PLTR,ML/,10,30.95,,CALL,200,124.08,30950,12/15/2028,WHITE,0,875,F,STOCK,Information Technology,F,F,286478000000,3752
7/24/2026,3:17:56 PM,PLTR,ML/,59,34.9769,,PUT,120,124.08,206364,12/15/2028,WHITE,0,875,F,STOCK,Information Technology,F,F,286478000000,2823
7/24/2026,3:17:56 PM,PLTR,ML/,59,31.2234,,PUT,125,124.08,184218,1/21/2028,WHITE,0,546,F,STOCK,Information Technology,F,F,286478000000,5896
7/24/2026,3:18:00 PM,PLTR,ML/,5,111.93,,CALL,15,124.08,55965,12/15/2028,WHITE,0,875,F,STOCK,Information Technology,F,F,286478000000,240
7/24/2026,3:18:09 PM,CRWV,BLOCK,200,0.57,,CALL,120,73.36,11400,8/21/2026,WHITE,0,28,F,STOCK,Information Technology,F,F,49810000000,16237
7/24/2026,3:18:10 PM,ASML,SWEEP,4,91,,CALL,1760,1743.975,36400,8/14/2026,WHITE,0,21,F,STOCK,Information Technology,F,T,758742000000,7
7/24/2026,3:18:52 PM,ASML,SWEEP,10,107.73,,PUT,1790,1743.975,107730,8/7/2026,WHITE,0,14,F,STOCK,Information Technology,F,T,758742000000,40
7/24/2026,3:19:04 PM,LRCX,ML/,10,40.65,,PUT,315,302.37,40650,8/28/2026,WHITE,0,35,F,STOCK,Information Technology,F,T,512158000000,0
7/24/2026,3:19:04 PM,LRCX,ML/,10,44.1,,PUT,310,302.37,44100,9/18/2026,WHITE,0,56,F,STOCK,Information Technology,F,F,512158000000,841
7/24/2026,3:19:08 PM,HOOD,BLOCK,50,5.3,,PUT,94,94.235,26500,7/31/2026,WHITE,0,7,F,STOCK,Financials,F,T,95192000000,511
7/24/2026,3:19:09 PM,PLTR,ML/,10,111.9,,CALL,15,124.08,111900,12/15/2028,WHITE,0,875,F,STOCK,Information Technology,F,F,286478000000,240
7/24/2026,3:19:17 PM,HOOD,BLOCK,10,89.65,,CALL,5,94.235,89650,12/17/2027,WHITE,0,511,F,STOCK,Financials,F,F,95192000000,0
7/24/2026,3:19:25 PM,LLY,BLOCK,10,309.16,A,CALL,930,1192.19,309160,1/15/2027,WHITE,0,175,F,STOCK,Health Care,F,F,1037874000000,106
7/24/2026,3:19:50 PM,HOOD,BLOCK,50,5.02,BB,CALL,95,94.21,25100,7/31/2026,WHITE,0,7,F,STOCK,Financials,F,T,95192000000,493
7/24/2026,3:19:55 PM,HOOD,ML/,20,12.56,,PUT,105,94.21,25120,7/31/2026,WHITE,0,7,F,STOCK,Financials,F,T,95192000000,1187
7/24/2026,3:20:01 PM,HOOD,ML/,40,13.92,,PUT,107,94.21,55680,7/31/2026,WHITE,0,7,F,STOCK,Financials,F,T,95192000000,893
7/24/2026,3:20:27 PM,LRCX,ML/,5,155.85,,CALL,160,302.29,77925,1/15/2027,WHITE,0,175,F,STOCK,Information Technology,F,F,512158000000,344
7/24/2026,3:20:27 PM,LRCX,ML/,5,154.65,,CALL,150,302.29,77325,9/18/2026,WHITE,0,56,F,STOCK,Information Technology,F,F,512158000000,746
7/24/2026,3:20:30 PM,ASML,SWEEP,2,127.75,,CALL,1690,1743.975,25550,8/14/2026,WHITE,0,21,F,STOCK,Information Technology,F,T,758742000000,0
7/24/2026,3:20:37 PM,PLTR,ML/,10,111.88,,CALL,15,123.95,111880,12/15/2028,WHITE,0,875,F,STOCK,Information Technology,F,F,286478000000,240
7/24/2026,3:21:03 PM,CRWV,ML/,100,6.743,,PUT,70,73.36,67430,8/21/2026,WHITE,0,28,F,STOCK,Information Technology,F,F,49810000000,4825
7/24/2026,3:21:03 PM,CRWV,ML/,100,8.007,,CALL,75,73.36,80070,8/21/2026,WHITE,0,28,F,STOCK,Information Technology,F,F,49810000000,3156
7/24/2026,3:21:08 PM,LLY,ML/,1,337.9,,CALL,1200,1191.575,33790,12/15/2028,WHITE,0,875,F,STOCK,Health Care,F,F,1037874000000,147
7/24/2026,3:21:08 PM,LLY,ML/,1,342.22,,CALL,1190,1191.575,34222,12/15/2028,WHITE,0,875,F,STOCK,Health Care,F,F,1037874000000,30
7/24/2026,3:21:19 PM,ASML,BLOCK,2,133.55,,CALL,1730,1741.299,26710,8/28/2026,WHITE,0,35,F,STOCK,Information Technology,F,T,758742000000,3
7/24/2026,3:21:25 PM,ASML,ML/,10,58.3,,CALL,1745,1741.299,58300,7/31/2026,WHITE,0,7,F,STOCK,Information Technology,F,T,758742000000,32
7/24/2026,3:21:25 PM,ASML,ML/,10,60.8,,CALL,1740,1741.299,60800,7/31/2026,WHITE,0,7,F,STOCK,Information Technology,F,T,758742000000,0
7/24/2026,3:21:43 PM,PLTR,BLOCK,19,13.97,,PUT,120,124.07,26543,11/20/2026,WHITE,0,119,F,STOCK,Information Technology,F,F,286478000000,6702
7/24/2026,3:21:45 PM,LRCX,BLOCK,11,59.64,,PUT,290,302.25,65604,1/15/2027,WHITE,0,175,F,STOCK,Information Technology,F,F,512158000000,882
7/24/2026,3:21:55 PM,HOOD,BLOCK,10,25.39,,CALL,70,94.21,25390,8/21/2026,WHITE,0,28,F,STOCK,Financials,F,F,95192000000,836
7/24/2026,3:23:05 PM,LRCX,ML/,10,32.77,,CALL,350,302.25,32770,10/16/2026,WHITE,0,84,F,STOCK,Information Technology,F,F,512158000000,753
7/24/2026,3:23:05 PM,LRCX,ML/,10,36.02,,CALL,340,302.25,36020,10/16/2026,WHITE,0,84,F,STOCK,Information Technology,F,F,512158000000,359
7/24/2026,3:23:05 PM,ASML,ML/,20,91,,PUT,1800,1745.04,182000,7/31/2026,WHITE,0,7,F,STOCK,Information Technology,F,T,758742000000,62
7/24/2026,3:23:10 PM,WDC,BLOCK,5,184,,CALL,410,511.205,92000,1/15/2027,WHITE,0,175,F,STOCK,Information Technology,F,F,252521000000,711
7/24/2026,3:23:36 PM,ASML,ML/,1,515.01,,CALL,1240,1745.04,51501,8/28/2026,WHITE,0,35,F,STOCK,Information Technology,F,T,758742000000,0
7/24/2026,3:23:49 PM,ASML,SWEEP,22,35.4182,,PUT,1460,1745.04,77920,9/4/2026,WHITE,0,42,F,STOCK,Information Technology,F,T,758742000000,0
7/24/2026,3:23:53 PM,CRWV,BLOCK,21,37.3,,CALL,80,73.32,78330,12/15/2028,WHITE,0,875,F,STOCK,Information Technology,F,F,49810000000,374
7/24/2026,3:24:01 PM,WDC,BLOCK,10,68.9,,CALL,540,512.68,68900,9/18/2026,WHITE,0,56,F,STOCK,Information Technology,F,F,252521000000,332
7/24/2026,3:24:02 PM,LRCX,ML/,5,155.37,,CALL,150,302.625,77685,9/18/2026,WHITE,0,56,F,STOCK,Information Technology,F,F,512158000000,746
7/24/2026,3:24:02 PM,LRCX,ML/,5,156.58,,CALL,160,302.625,78290,1/15/2027,WHITE,0,175,F,STOCK,Information Technology,F,F,512158000000,344
7/24/2026,3:24:28 PM,PLTR,ML/,5,111.78,,CALL,15,124.07,55890,12/15/2028,WHITE,0,875,F,STOCK,Information Technology,F,F,286478000000,240
7/24/2026,3:24:32 PM,ASML,BLOCK,2,565,,CALL,1280,1745.04,113000,1/15/2027,WHITE,0,175,F,STOCK,Information Technology,F,F,758742000000,491
7/24/2026,3:24:42 PM,ASML,BLOCK,3,119.9,,PUT,1520,1744.5,35970,11/20/2026,WHITE,0,119,F,STOCK,Information Technology,F,F,758742000000,0
7/24/2026,3:24:42 PM,ASML,BLOCK,3,127.5,,PUT,1540,1744.5,38250,11/20/2026,WHITE,0,119,F,STOCK,Information Technology,F,F,758742000000,0
7/24/2026,3:24:42 PM,ASML,BLOCK,3,119.6,,PUT,1520,1744.5,35880,11/20/2026,WHITE,0,119,F,STOCK,Information Technology,F,F,758742000000,0
7/24/2026,3:24:43 PM,ASML,BLOCK,3,127.2,,PUT,1540,1744.5,38160,11/20/2026,WHITE,0,119,F,STOCK,Information Technology,F,F,758742000000,0
7/24/2026,3:24:55 PM,CRWV,BLOCK,100,2.6,,PUT,70,73.31,26000,7/31/2026,WHITE,0,7,F,STOCK,Information Technology,F,T,49810000000,3684
7/24/2026,3:25:04 PM,PLTR,BLOCK,100,18.15,,PUT,120,123.84,181500,2/19/2027,WHITE,0,210,F,STOCK,Information Technology,F,F,286478000000,466
7/24/2026,3:25:04 PM,PLTR,SWEEP,203,34.55,A,PUT,145,123.84,701365,3/19/2027,WHITE,0,238,F,STOCK,Information Technology,F,F,286478000000,367
7/24/2026,3:25:04 PM,PLTR,SWEEP,300,31.15,A,PUT,140,123.84,934500,3/19/2027,WHITE,0,238,F,STOCK,Information Technology,F,F,286478000000,739
7/24/2026,3:25:07 PM,PLTR,SWEEP,119,3.4,,PUT,110,123.84,40460,8/21/2026,WHITE,0,28,F,STOCK,Information Technology,F,F,286478000000,14024
7/24/2026,3:25:31 PM,LRCX,ML/,16,32.82,,PUT,325,302.625,52512,7/31/2026,WHITE,0,7,F,STOCK,Information Technology,F,T,512158000000,102
7/24/2026,3:25:35 PM,LLY,BLOCK,80,3.8156,,CALL,1250,1191.44,30525,7/31/2026,WHITE,0,7,F,STOCK,Health Care,F,T,1037874000000,531
7/24/2026,3:25:49 PM,WDC,BLOCK,2,127,,CALL,510,512.68,25400,12/18/2026,WHITE,0,147,F,STOCK,Information Technology,F,F,252521000000,54
7/24/2026,3:26:20 PM,PLTR,ML/,5,111.74,,CALL,15,123.84,55870,12/15/2028,WHITE,0,875,F,STOCK,Information Technology,F,F,286478000000,240
7/24/2026,3:26:25 PM,PLTR,SWEEP,44,9.4,,PUT,120,123.84,41360,9/18/2026,WHITE,0,56,F,STOCK,Information Technology,F,F,286478000000,20073
7/24/2026,3:26:30 PM,LRCX,ML/,10,47.14,,PUT,335,302.48,47140,8/14/2026,WHITE,0,21,F,STOCK,Information Technology,F,T,512158000000,65
7/24/2026,3:26:30 PM,LRCX,ML/,10,43.87,,PUT,340,302.48,43870,7/31/2026,WHITE,0,7,F,STOCK,Information Technology,F,T,512158000000,2942
7/24/2026,3:26:44 PM,PLTR,SWEEP,71,11.05,,PUT,95,123.74,78455,6/17/2027,WHITE,0,328,F,STOCK,Information Technology,F,T,286478000000,5776
7/24/2026,3:26:54 PM,LLY,ML/,7,51.7286,,PUT,1180,1191.95,36210,8/21/2026,WHITE,0,28,F,STOCK,Health Care,F,F,1037874000000,104
7/24/2026,3:26:57 PM,ASML,BLOCK,1,515,,CALL,1240,1743.9,51500,8/28/2026,WHITE,0,35,F,STOCK,Information Technology,F,T,758742000000,0
7/24/2026,3:27:12 PM,LRCX,BLOCK,10,72.4,,CALL,250,302.48,72400,9/18/2026,WHITE,0,56,F,STOCK,Information Technology,F,F,512158000000,510
7/24/2026,3:27:12 PM,WDC,SWEEP,7,39.5143,,CALL,550,512.32,27660,8/14/2026,WHITE,0,21,F,STOCK,Information Technology,F,T,252521000000,45
7/24/2026,3:27:13 PM,WDC,SWEEP,8,39.4312,,CALL,550,512.32,31545,8/14/2026,WHITE,0,21,F,STOCK,Information Technology,F,T,252521000000,45
7/24/2026,3:27:19 PM,PLTR,BLOCK,92,5.05,,CALL,135,123.78,46460,8/21/2026,WHITE,0,28,F,STOCK,Information Technology,F,F,286478000000,9266
7/24/2026,3:28:05 PM,LRCX,ML/,10,43.55,,PUT,340,303.29,43550,7/31/2026,WHITE,0,7,F,STOCK,Information Technology,F,T,512158000000,2942
7/24/2026,3:28:05 PM,LRCX,ML/,10,46.85,,PUT,335,303.29,46850,8/14/2026,WHITE,0,21,F,STOCK,Information Technology,F,T,512158000000,65
7/24/2026,3:28:12 PM,WDC,SWEEP,5,68.89,,PUT,540,513.465,34445,8/14/2026,WHITE,0,21,F,STOCK,Information Technology,F,T,252521000000,56
7/24/2026,3:28:13 PM,WDC,SWEEP,5,75.19,,PUT,550,513.465,37595,8/14/2026,WHITE,0,21,F,STOCK,Information Technology,F,T,252521000000,26
7/24/2026,3:28:13 PM,WDC,SWEEP,8,65.975,,PUT,535,513.465,52780,8/14/2026,WHITE,0,21,F,STOCK,Information Technology,F,T,252521000000,33
7/24/2026,3:28:21 PM,ASML,BLOCK,11,40.8,,CALL,2400,1745.33,44880,10/16/2026,WHITE,0,84,F,STOCK,Information Technology,F,F,758742000000,39
7/24/2026,3:28:33 PM,CRWV,ML/,80,2.33,,PUT,60,73.245,18640,8/14/2026,WHITE,0,21,F,STOCK,Information Technology,F,T,49810000000,500
7/24/2026,3:28:36 PM,PLTR,SWEEP,64,5,,CALL,190,123.78,32000,1/15/2027,WHITE,0,175,F,STOCK,Information Technology,F,F,286478000000,5036
7/24/2026,3:29:01 PM,WDC,ML/,20,39.48,,PUT,530,513.465,78960,7/31/2026,WHITE,0,7,F,STOCK,Information Technology,F,T,252521000000,116
7/24/2026,3:29:28 PM,LRCX,BLOCK,3,83.7,,CALL,340,303.29,25110,6/17/2027,WHITE,0,328,F,STOCK,Information Technology,F,T,512158000000,324
7/24/2026,3:29:50 PM,HOOD,BLOCK,10,30.2,,CALL,70,94.31,30200,11/20/2026,WHITE,0,119,F,STOCK,Financials,F,F,95192000000,348
7/24/2026,3:29:52 PM,HOOD,BLOCK,12,32.625,,CALL,100,94.31,39150,1/21/2028,WHITE,0,546,F,STOCK,Financials,F,F,95192000000,9612
7/24/2026,3:30:00 PM,HOOD,BLOCK,455,5.75,B,CALL,150,94.325,261625,1/15/2027,WHITE,0,175,F,STOCK,Financials,F,F,95192000000,11833
7/24/2026,3:30:19 PM,HOOD,BLOCK,10,25.89,,PUT,120,94.325,25890,7/31/2026,WHITE,0,7,F,STOCK,Financials,F,T,95192000000,372
7/24/2026,3:30:41 PM,CRWV,BLOCK,65,1.84,,CALL,100,73.245,11960,8/21/2026,WHITE,0,28,F,STOCK,Information Technology,F,F,49810000000,66388
7/24/2026,3:30:45 PM,PLTR,BLOCK,30,16.99,,CALL,145,123.655,50970,3/19/2027,WHITE,0,238,F,STOCK,Information Technology,F,F,286478000000,959
7/24/2026,3:31:05 PM,HOOD,BLOCK,55,20.3,,CALL,100,94.325,111650,3/19/2027,WHITE,0,238,F,STOCK,Financials,F,F,95192000000,4128
7/24/2026,3:31:09 PM,HOOD,ML/,20,22.8,,PUT,115,94.325,45600,8/21/2026,WHITE,0,28,F,STOCK,Financials,F,F,95192000000,1835
7/24/2026,3:31:09 PM,HOOD,ML/,20,24.5,,PUT,115,94.325,49000,9/18/2026,WHITE,0,56,F,STOCK,Financials,F,F,95192000000,4705
7/24/2026,3:31:24 PM,HOOD,ML/,30,13.83,,PUT,100,94.19,41490,9/18/2026,WHITE,0,56,F,STOCK,Financials,F,F,95192000000,3913
7/24/2026,3:31:24 PM,HOOD,ML/,30,11.42,,PUT,100,94.19,34260,8/21/2026,WHITE,0,28,F,STOCK,Financials,F,F,95192000000,4138
7/24/2026,3:31:32 PM,CRWV,BLOCK,20,16.4,,PUT,75,73.2,32800,11/20/2026,WHITE,0,119,F,STOCK,Information Technology,F,F,49810000000,2747
7/24/2026,3:31:35 PM,LLY,BLOCK,1,487.5,,CALL,800,1192.8,48750,1/21/2028,WHITE,0,546,F,STOCK,Health Care,F,F,1037874000000,93
7/24/2026,3:31:45 PM,LLY,ML/,9,61.8122,,PUT,1200,1192.8,55631,8/21/2026,WHITE,0,28,F,STOCK,Health Care,F,F,1037874000000,194
7/24/2026,3:31:48 PM,PLTR,SWEEP,39,9.5,,PUT,120,123.43,37050,9/18/2026,WHITE,0,56,F,STOCK,Information Technology,F,F,286478000000,20073
7/24/2026,3:31:57 PM,LLY,BLOCK,2,138.15,,CALL,1200,1192.8,27630,1/15/2027,WHITE,0,175,F,STOCK,Health Care,F,F,1037874000000,1339
7/24/2026,3:32:15 PM,CRWV,ML/,568,1.3964,,CALL,145,73.2,79318,10/16/2026,WHITE,0,84,F,STOCK,Information Technology,F,F,49810000000,2277
7/24/2026,3:32:15 PM,CRWV,ML/,284,5.9242,,CALL,80,73.2,168248,8/21/2026,WHITE,0,28,F,STOCK,Information Technology,F,F,49810000000,6313
7/24/2026,3:32:15 PM,LRCX,BLOCK,163,4.95,,CALL,350,304.99,80685,7/31/2026,WHITE,0,7,F,STOCK,Information Technology,F,T,512158000000,1024
7/24/2026,3:32:26 PM,PLTR,BLOCK,74,9.5,,PUT,120,123.55,70300,9/18/2026,WHITE,0,56,F,STOCK,Information Technology,F,F,286478000000,20073
7/24/2026,3:32:26 PM,HOOD,BLOCK,20,14,,CALL,100,94.22,28000,11/20/2026,WHITE,0,119,F,STOCK,Financials,F,F,95192000000,1880
7/24/2026,3:32:28 PM,PLTR,SWEEP,4,119.025,,CALL,5,123.55,47610,12/15/2028,WHITE,0,875,F,STOCK,Information Technology,F,F,286478000000,1997
7/24/2026,3:32:35 PM,PLTR,SWEEP,30,17.15,,CALL,125,123.55,51450,11/20/2026,WHITE,0,119,F,STOCK,Information Technology,F,F,286478000000,1124
7/24/2026,3:32:36 PM,ASML,ML/,10,87.37,,CALL,1700,1750.488,87370,7/31/2026,WHITE,0,7,F,STOCK,Information Technology,F,T,758742000000,77
7/24/2026,3:32:41 PM,ASML,ML/,2,561,,CALL,2140,1750.488,112200,12/15/2028,WHITE,0,875,F,STOCK,Information Technology,F,F,758742000000,13
7/24/2026,3:32:41 PM,ASML,ML/,2,599,,CALL,2000,1750.488,119800,12/15/2028,WHITE,0,875,F,STOCK,Information Technology,F,F,758742000000,110
7/24/2026,3:32:48 PM,WDC,ML/,10,180.63,,CALL,400,514.05,180630,12/18/2026,WHITE,0,147,F,STOCK,Information Technology,F,F,252521000000,398
7/24/2026,3:33:14 PM,PLTR,SWEEP,54,9.45,,PUT,120,123.55,51030,9/18/2026,WHITE,0,56,F,STOCK,Information Technology,F,F,286478000000,20073
7/24/2026,3:33:17 PM,CRWV,ML/,20,14.55,,PUT,67.5,73.08,29100,1/15/2027,WHITE,0,175,F,STOCK,Information Technology,F,F,49810000000,1193
7/24/2026,3:33:28 PM,LRCX,BLOCK,10,37.829,,CALL,480,304.99,37829,3/19/2027,WHITE,0,238,F,STOCK,Information Technology,F,F,512158000000,0
7/24/2026,3:33:36 PM,CRWV,SWEEP,151,2.67,B,PUT,70,73.08,40317,7/31/2026,WHITE,0,7,F,STOCK,Information Technology,F,T,49810000000,3684
7/24/2026,3:33:39 PM,LLY,ML/,7,56.2129,,PUT,1190,1193.44,39349,8/21/2026,WHITE,0,28,F,STOCK,Health Care,F,F,1037874000000,62
7/24/2026,3:33:47 PM,HOOD,BLOCK,72,25.85,B,PUT,120,94.3,186120,7/31/2026,WHITE,0,7,F,STOCK,Financials,F,T,95192000000,372
7/24/2026,3:34:25 PM,CRWV,BLOCK,130,3.48,,CALL,165,73.08,45240,1/15/2027,WHITE,0,175,F,STOCK,Information Technology,F,F,49810000000,5852
7/24/2026,3:34:36 PM,CRWV,ML/,53,6.04,,CALL,80,73.085,32012,8/21/2026,WHITE,0,28,F,STOCK,Information Technology,F,F,49810000000,6313
7/24/2026,3:34:37 PM,CRWV,ML/,47,5.9983,,CALL,80,73.085,28192,8/21/2026,WHITE,0,28,F,STOCK,Information Technology,F,F,49810000000,6313
7/24/2026,3:34:51 PM,CRWV,ML/,246,0.4665,,CALL,100,73.045,11477,8/7/2026,WHITE,0,14,F,STOCK,Information Technology,F,T,49810000000,2409
7/24/2026,3:34:51 PM,CRWV,ML/,123,6.0331,,CALL,80,73.045,74207,8/21/2026,WHITE,0,28,F,STOCK,Information Technology,F,F,49810000000,6313
7/24/2026,3:35:03 PM,CRWV,SWEEP,96,14.9,A,PUT,70,73.045,143040,12/18/2026,WHITE,0,147,F,STOCK,Information Technology,F,F,49810000000,7498
7/24/2026,3:35:11 PM,HOOD,BLOCK,80,3.25,,CALL,100,94.37,26000,7/31/2026,WHITE,0,7,F,STOCK,Financials,F,T,95192000000,2390
7/24/2026,3:35:14 PM,PLTR,SWEEP,96,54.4,A,CALL,110,123.64,522240,12/15/2028,WHITE,0,875,F,STOCK,Information Technology,F,F,286478000000,1344
7/24/2026,3:35:27 PM,PLTR,ML/,2500,9.5,B,PUT,125,123.67,2375000,8/21/2026,WHITE,0,28,F,STOCK,Information Technology,F,F,286478000000,11502
7/24/2026,3:35:28 PM,ASML,ML/,20,19.75,,CALL,2100,1749.855,39500,8/21/2026,WHITE,0,28,F,STOCK,Information Technology,F,F,758742000000,938
7/24/2026,3:35:28 PM,ASML,ML/,10,27.53,,CALL,2040,1749.855,27530,8/21/2026,WHITE,0,28,F,STOCK,Information Technology,F,F,758742000000,96
7/24/2026,3:35:40 PM,CRWV,BLOCK,50,7.08,,PUT,65,73.045,35400,9/18/2026,WHITE,0,56,F,STOCK,Information Technology,F,F,49810000000,7513
7/24/2026,3:36:09 PM,HOOD,BLOCK,10,31.46,,CALL,100,94.5,31460,12/17/2027,WHITE,0,511,F,STOCK,Financials,F,F,95192000000,10107
7/24/2026,3:36:21 PM,CRWV,BLOCK,12,30.1,,CALL,77.5,73.045,36120,12/17/2027,WHITE,0,511,F,STOCK,Information Technology,F,F,49810000000,48
7/24/2026,3:36:37 PM,PLTR,BLOCK,50,8.3,,PUT,125,123.67,41500,8/7/2026,WHITE,0,14,F,STOCK,Information Technology,F,T,286478000000,635
7/24/2026,3:36:42 PM,LRCX,ML/,5,128.55,,CALL,200,304.57,64275,1/15/2027,WHITE,0,175,F,STOCK,Information Technology,F,F,512158000000,477
7/24/2026,3:36:42 PM,LRCX,ML/,5,124.5,,CALL,185,304.57,62250,9/18/2026,WHITE,0,56,F,STOCK,Information Technology,F,F,512158000000,183
7/24/2026,3:37:28 PM,HOOD,BLOCK,50,29.824,,CALL,85,94.5,149120,5/21/2027,WHITE,0,301,F,STOCK,Financials,F,F,95192000000,136
7/24/2026,3:37:51 PM,PLTR,ML/,200,14.22,,PUT,120,123.555,284400,11/20/2026,WHITE,0,119,F,STOCK,Information Technology,F,F,286478000000,6702
7/24/2026,3:37:51 PM,PLTR,ML/,200,19.82,,PUT,130,123.555,396400,11/20/2026,WHITE,0,119,F,STOCK,Information Technology,F,F,286478000000,3877
7/24/2026,3:38:36 PM,ASML,ML/,1,278.11,,CALL,1780,1749.015,27811,1/15/2027,WHITE,0,175,F,STOCK,Information Technology,F,F,758742000000,40
7/24/2026,3:38:36 PM,ASML,ML/,1,295.72,,CALL,1740,1749.015,29572,1/15/2027,WHITE,0,175,F,STOCK,Information Technology,F,F,758742000000,59
7/24/2026,3:38:57 PM,HOOD,BLOCK,60,20.63,A,CALL,100,94.45,123780,3/19/2027,WHITE,0,238,F,STOCK,Financials,F,F,95192000000,4128
7/24/2026,3:39:07 PM,HOOD,BLOCK,50,19.95,,CALL,75,94.56,99750,7/31/2026,WHITE,0,7,F,STOCK,Financials,F,T,95192000000,172
7/24/2026,3:39:45 PM,CRWV,BLOCK,59,2.3086,,PUT,40,72.905,13621,11/20/2026,WHITE,0,119,F,STOCK,Information Technology,F,F,49810000000,1131
7/24/2026,3:39:52 PM,CRWV,BLOCK,100,7,,CALL,85,72.62,70000,9/18/2026,WHITE,0,56,F,STOCK,Information Technology,F,F,49810000000,2522
7/24/2026,3:39:55 PM,ASML,BLOCK,3,136,,CALL,1800,1750,40800,9/18/2026,WHITE,0,56,F,STOCK,Information Technology,F,F,758742000000,1213
7/24/2026,3:39:57 PM,PLTR,BLOCK,30,14,,CALL,110,123.52,42000,7/31/2026,WHITE,0,7,F,STOCK,Information Technology,F,T,286478000000,636
7/24/2026,3:40:02 PM,LRCX,BLOCK,20,17.28,,PUT,300,304.1,34560,7/31/2026,WHITE,0,7,F,STOCK,Information Technology,F,T,512158000000,615
7/24/2026,3:40:06 PM,ASML,ML/,1,950.76,,CALL,1100,1748.25,95076,12/15/2028,WHITE,0,875,F,STOCK,Information Technology,F,F,758742000000,9
7/24/2026,3:40:07 PM,CRWV,BLOCK,100,7,,CALL,85,72.62,70000,9/18/2026,WHITE,0,56,F,STOCK,Information Technology,F,F,49810000000,2522
7/24/2026,3:40:15 PM,CRWV,BLOCK,30,28.3,,CALL,120,72.62,84900,12/15/2028,WHITE,0,875,F,STOCK,Information Technology,F,F,49810000000,2005
7/24/2026,3:40:19 PM,ASML,BLOCK,1,406,,CALL,1740,1748.25,40600,6/17/2027,WHITE,0,328,F,STOCK,Information Technology,F,T,758742000000,7
7/24/2026,3:40:20 PM,CRWV,BLOCK,100,5.4956,,PUT,75,72.62,54956,7/31/2026,WHITE,0,7,F,STOCK,Information Technology,F,T,49810000000,2684
7/24/2026,3:40:30 PM,LLY,ML/,6,43.51,,CALL,1280,1193.075,26106,9/18/2026,WHITE,0,56,F,STOCK,Health Care,F,F,1037874000000,0
7/24/2026,3:40:41 PM,CRWV,BLOCK,50,7,B,CALL,85,72.62,35000,9/18/2026,WHITE,0,56,F,STOCK,Information Technology,F,F,49810000000,2522
7/24/2026,3:40:56 PM,CRWV,SWEEP,20,16.25,,CALL,72.5,72.62,32500,11/20/2026,WHITE,0,119,F,STOCK,Information Technology,F,F,49810000000,0
7/24/2026,3:41:04 PM,CRWV,BLOCK,5,51,,PUT,100,72.62,25500,12/15/2028,WHITE,0,875,F,STOCK,Information Technology,F,F,49810000000,403
7/24/2026,3:41:13 PM,ASML,BLOCK,2,152,B,PUT,1750,1748.25,30400,9/18/2026,WHITE,0,56,F,STOCK,Information Technology,F,F,758742000000,8
7/24/2026,3:41:14 PM,CRWV,ML/,125,4.3,,CALL,72,72.419,53750,7/31/2026,WHITE,0,7,F,STOCK,Information Technology,F,T,49810000000,309
7/24/2026,3:41:22 PM,CRWV,SWEEP,72,7.0007,,CALL,85,72.405,50405,9/18/2026,WHITE,0,56,F,STOCK,Information Technology,F,F,49810000000,2522
7/24/2026,3:41:24 PM,PLTR,ML/,10,38.77,,CALL,95,123.376,38770,2/19/2027,WHITE,0,210,F,STOCK,Information Technology,F,F,286478000000,0
7/24/2026,3:41:24 PM,PLTR,ML/,10,32.57,,CALL,105,123.376,32570,2/19/2027,WHITE,0,210,F,STOCK,Information Technology,F,F,286478000000,0
7/24/2026,3:41:30 PM,WDC,ML/,1,328.52,,CALL,200,516.23,32852,1/15/2027,WHITE,0,175,F,STOCK,Information Technology,F,F,252521000000,415
7/24/2026,3:41:42 PM,PLTR,BLOCK,40,46.5,A,CALL,80,123.235,186000,11/20/2026,WHITE,0,119,F,STOCK,Information Technology,F,F,286478000000,188
7/24/2026,3:41:45 PM,PLTR,BLOCK,40,9.35,,PUT,90,123.235,37400,6/17/2027,WHITE,0,328,F,STOCK,Information Technology,F,T,286478000000,6681
7/24/2026,3:41:46 PM,CRWV,BLOCK,100,39.3,A,CALL,70,72.405,393000,12/15/2028,WHITE,0,875,F,STOCK,Information Technology,F,F,49810000000,380
7/24/2026,3:41:53 PM,ASML,BLOCK,3,953.5,A,CALL,860,1746.3,286050,6/17/2027,WHITE,0,328,F,STOCK,Information Technology,F,T,758742000000,8
7/24/2026,3:41:55 PM,PLTR,BLOCK,100,2.16,,PUT,120,123.235,21600,7/31/2026,WHITE,0,7,F,STOCK,Information Technology,F,T,286478000000,3484
7/24/2026,3:41:58 PM,CRWV,BLOCK,66,20.95,A,PUT,87.5,72.405,138270,9/18/2026,WHITE,0,56,F,STOCK,Information Technology,F,F,49810000000,708
7/24/2026,3:41:58 PM,CRWV,BLOCK,60,7,,CALL,85,72.405,42000,9/18/2026,WHITE,0,56,F,STOCK,Information Technology,F,F,49810000000,2522
7/24/2026,3:42:01 PM,CRWV,BLOCK,68,19.15,A,PUT,85,72.405,130220,9/18/2026,WHITE,0,56,F,STOCK,Information Technology,F,F,49810000000,4221
7/24/2026,3:42:03 PM,HOOD,ML/,30,13.19,,PUT,105,94.56,39570,8/7/2026,WHITE,0,14,F,STOCK,Financials,F,T,95192000000,0
7/24/2026,3:42:03 PM,HOOD,ML/,45,13.22,,PUT,105,94.56,59490,8/7/2026,WHITE,0,14,F,STOCK,Financials,F,T,95192000000,0
7/24/2026,3:42:05 PM,PLTR,BLOCK,150,9.3899,,CALL,160,123.235,140848,1/15/2027,WHITE,0,175,F,STOCK,Information Technology,F,F,286478000000,13342
7/24/2026,3:42:07 PM,PLTR,BLOCK,200,0.55,,PUT,50,123.235,11000,1/15/2027,WHITE,0,175,F,STOCK,Information Technology,F,F,286478000000,56546
7/24/2026,3:42:07 PM,LRCX,SWEEP,9,143.7333,,PUT,390,303.675,129360,6/17/2027,WHITE,0,328,F,STOCK,Information Technology,F,T,512158000000,255
7/24/2026,3:42:13 PM,PLTR,BLOCK,15,17.4,,PUT,85,123.235,26100,12/15/2028,WHITE,0,875,F,STOCK,Information Technology,F,F,286478000000,3454
7/24/2026,3:42:17 PM,WDC,BLOCK,20,55,,CALL,500,516.04,110000,8/7/2026,WHITE,0,14,F,STOCK,Information Technology,F,T,252521000000,51
7/24/2026,3:42:30 PM,PLTR,SWEEP,90,3.2,,CALL,124,123.235,28800,7/31/2026,WHITE,0,7,F,STOCK,Information Technology,F,T,286478000000,517
7/24/2026,3:42:32 PM,CRWV,BLOCK,68,9.25,BB,CALL,77.5,72.405,62900,9/18/2026,WHITE,0,56,F,STOCK,Information Technology,F,F,49810000000,894
7/24/2026,3:42:37 PM,PLTR,BLOCK,11,49.85,,CALL,75,123.235,54835,10/16/2026,WHITE,0,84,F,STOCK,Information Technology,F,F,286478000000,53
7/24/2026,3:42:52 PM,PLTR,ML/,23,11.36,,PUT,130,123.26,26128,8/7/2026,WHITE,0,14,F,STOCK,Information Technology,F,T,286478000000,1872
7/24/2026,3:42:53 PM,CRWV,BLOCK,68,19.1,A,PUT,85,72.34,129880,9/18/2026,WHITE,0,56,F,STOCK,Information Technology,F,F,49810000000,4221
7/24/2026,3:42:56 PM,CRWV,SWEEP,100,8.5494,,PUT,67.5,72.34,85494,9/18/2026,WHITE,0,56,F,STOCK,Information Technology,F,F,49810000000,1154
7/24/2026,3:43:04 PM,ASML,BLOCK,3,403.6,A,CALL,1460,1746.3,121080,11/20/2026,WHITE,0,119,F,STOCK,Information Technology,F,F,758742000000,24
7/24/2026,3:43:07 PM,ASML,BLOCK,1,400,,CALL,1760,1746.3,40000,6/17/2027,WHITE,0,328,F,STOCK,Information Technology,F,T,758742000000,17
7/24/2026,3:43:10 PM,HOOD,ML/,168,1.32,,CALL,160,94.259,22176,10/16/2026,WHITE,0,84,F,STOCK,Financials,F,F,95192000000,729
7/24/2026,3:43:10 PM,HOOD,ML/,84,5.34,,CALL,120,94.259,44856,10/16/2026,WHITE,0,84,F,STOCK,Financials,F,F,95192000000,2968
7/24/2026,3:43:13 PM,CRWV,SWEEP,20,28.325,,CALL,85,72.335,56650,1/21/2028,WHITE,0,546,F,STOCK,Information Technology,F,F,49810000000,625
7/24/2026,3:43:14 PM,HOOD,ML/,116,5.32,,CALL,120,94.259,61712,10/16/2026,WHITE,0,84,F,STOCK,Financials,F,F,95192000000,2968
7/24/2026,3:43:14 PM,HOOD,ML/,232,1.31,,CALL,160,94.259,30392,10/16/2026,WHITE,0,84,F,STOCK,Financials,F,F,95192000000,729
7/24/2026,3:43:15 PM,CRWV,BLOCK,60,28.3372,,CALL,85,72.335,170023,1/21/2028,WHITE,0,546,F,STOCK,Information Technology,F,F,49810000000,625
7/24/2026,3:43:23 PM,PLTR,BLOCK,40,10.2,,PUT,92.5,123.26,40800,6/17/2027,WHITE,0,328,F,STOCK,Information Technology,F,T,286478000000,5098
7/24/2026,3:43:35 PM,CRWV,BLOCK,21,20.85,,PUT,87.5,72.335,43785,9/18/2026,WHITE,0,56,F,STOCK,Information Technology,F,F,49810000000,708
7/24/2026,3:43:35 PM,CRWV,BLOCK,68,17.25,B,PUT,82.5,72.335,117300,9/18/2026,WHITE,0,56,F,STOCK,Information Technology,F,F,49810000000,744
7/24/2026,3:43:38 PM,CRWV,SWEEP,132,0.8,,CALL,84,72.335,10560,7/31/2026,WHITE,0,7,F,STOCK,Information Technology,F,T,49810000000,992
7/24/2026,3:43:46 PM,ASML,BLOCK,3,928.2,B,CALL,890,1745.7,278460,6/17/2027,WHITE,0,328,F,STOCK,Information Technology,F,T,758742000000,57
7/24/2026,3:43:47 PM,ASML,BLOCK,3,403.4,,CALL,1460,1745.7,121020,11/20/2026,WHITE,0,119,F,STOCK,Information Technology,F,F,758742000000,24
7/24/2026,3:43:48 PM,ASML,BLOCK,81,150,A,PUT,1600,1745.7,1215000,11/20/2026,WHITE,0,119,F,STOCK,Information Technology,F,F,758742000000,175
7/24/2026,3:43:49 PM,LLY,SWEEP,28,17.1214,,CALL,1400,1192.26,47940,9/18/2026,WHITE,0,56,F,STOCK,Health Care,F,F,1037874000000,975
7/24/2026,3:43:51 PM,PLTR,SWEEP,49,9.6,,PUT,120,123.26,47040,9/18/2026,WHITE,0,56,F,STOCK,Information Technology,F,F,286478000000,20073
7/24/2026,3:43:54 PM,LLY,ML/,9,61.1456,,PUT,1200,1192.26,55031,8/21/2026,WHITE,0,28,F,STOCK,Health Care,F,F,1037874000000,194
7/24/2026,3:44:01 PM,CRWV,BLOCK,68,9.35,BB,CALL,77.5,72.335,63580,9/18/2026,WHITE,0,56,F,STOCK,Information Technology,F,F,49810000000,894
7/24/2026,3:44:02 PM,CRWV,BLOCK,95,7.5,,CALL,75,72.335,71250,8/21/2026,WHITE,0,28,F,STOCK,Information Technology,F,F,49810000000,3156
7/24/2026,3:44:09 PM,CRWV,BLOCK,68,6.9,BB,CALL,85,72.335,46920,9/18/2026,WHITE,0,56,F,STOCK,Information Technology,F,F,49810000000,2522
7/24/2026,3:44:31 PM,CRWV,BLOCK,5,51.5,B,PUT,100,72.311,25750,12/15/2028,WHITE,0,875,F,STOCK,Information Technology,F,F,49810000000,403
7/24/2026,3:44:38 PM,PLTR,BLOCK,6,49.9,,CALL,75,123.31,29940,10/16/2026,WHITE,0,84,F,STOCK,Information Technology,F,F,286478000000,53
7/24/2026,3:44:40 PM,PLTR,SWEEP,23,49.9,A,CALL,75,123.31,114770,10/16/2026,WHITE,0,84,F,STOCK,Information Technology,F,F,286478000000,53
7/24/2026,3:44:42 PM,CRWV,BLOCK,95,4.3,,CALL,72,72.311,40850,7/31/2026,WHITE,0,7,F,STOCK,Information Technology,F,T,49810000000,309
7/24/2026,3:44:45 PM,PLTR,SWEEP,45,9.6,,PUT,120,123.31,43200,9/18/2026,WHITE,0,56,F,STOCK,Information Technology,F,F,286478000000,20073
7/24/2026,3:45:00 PM,PLTR,SWEEP,38,9.6,,PUT,120,123.31,36480,9/18/2026,WHITE,0,56,F,STOCK,Information Technology,F,F,286478000000,20073
7/24/2026,3:45:07 PM,ASML,BLOCK,3,457.5,A,CALL,1350,1747.55,137250,10/16/2026,WHITE,0,84,F,STOCK,Information Technology,F,F,758742000000,10
7/24/2026,3:45:09 PM,WDC,ML/,5,56.15,,PUT,510,516.04,28075,8/21/2026,WHITE,0,28,F,STOCK,Information Technology,F,F,252521000000,150
7/24/2026,3:45:28 PM,CRWV,BLOCK,20,15.7365,,CALL,60,72.311,31473,8/21/2026,WHITE,0,28,F,STOCK,Information Technology,F,F,49810000000,1113
7/24/2026,3:45:30 PM,CRWV,SWEEP,20,15.825,A,CALL,60,72.311,31650,8/21/2026,WHITE,0,28,F,STOCK,Information Technology,F,F,49810000000,1113
7/24/2026,3:45:31 PM,CRWV,BLOCK,65,4.35,,CALL,72,72.311,28275,7/31/2026,WHITE,0,7,F,STOCK,Information Technology,F,T,49810000000,309
7/24/2026,3:45:45 PM,WDC,SWEEP,15,31,,PUT,515,515.825,46500,7/31/2026,WHITE,0,7,F,STOCK,Information Technology,F,T,252521000000,109
7/24/2026,3:46:20 PM,PLTR,BLOCK,40,10.15,B,PUT,92.5,123.34,40600,6/17/2027,WHITE,0,328,F,STOCK,Information Technology,F,T,286478000000,5098
7/24/2026,3:46:22 PM,CRWV,SWEEP,20,19.4,,CALL,55,72.34,38800,8/21/2026,WHITE,0,28,F,STOCK,Information Technology,F,F,49810000000,157
7/24/2026,3:46:23 PM,PLTR,BLOCK,22,30.75,,CALL,120,123.34,67650,6/17/2027,WHITE,0,328,F,STOCK,Information Technology,F,T,286478000000,3570
7/24/2026,3:46:26 PM,CRWV,BLOCK,20,19.357,,CALL,55,72.34,38714,8/21/2026,WHITE,0,28,F,STOCK,Information Technology,F,F,49810000000,157
7/24/2026,3:46:29 PM,CRWV,BLOCK,25,28,,CALL,100,72.34,70000,6/16/2028,WHITE,0,693,F,STOCK,Information Technology,F,F,49810000000,425
7/24/2026,3:46:29 PM,ASML,BLOCK,1,313,B,CALL,1700,1747.55,31300,1/15/2027,WHITE,0,175,F,STOCK,Information Technology,F,F,758742000000,200
7/24/2026,3:46:37 PM,PLTR,BLOCK,20,27.45,,CALL,140,123.423,54900,9/17/2027,WHITE,0,420,F,STOCK,Information Technology,F,F,286478000000,457
7/24/2026,3:46:37 PM,CRWV,BLOCK,12,39.3,,CALL,70,72.34,47160,12/15/2028,WHITE,0,875,F,STOCK,Information Technology,F,F,49810000000,380
7/24/2026,3:46:45 PM,LRCX,ML/,711,58.73,,CALL,340,303.27,4175703,1/15/2027,WHITE,0,175,F,STOCK,Information Technology,F,F,512158000000,1093
7/24/2026,3:46:45 PM,LRCX,ML/,711,62.48,,CALL,330,303.27,4442328,1/15/2027,WHITE,0,175,F,STOCK,Information Technology,F,F,512158000000,1302
7/24/2026,3:46:44 PM,LLY,BLOCK,5,128.932,,CALL,1130,1192.26,64466,10/16/2026,WHITE,0,84,F,STOCK,Health Care,F,F,1037874000000,84
7/24/2026,3:46:53 PM,HOOD,SWEEP,81,3.1512,,CALL,100,94.43,25525,7/31/2026,WHITE,0,7,F,STOCK,Financials,F,T,95192000000,2390
7/24/2026,3:46:58 PM,ASML,ML/,6,61.2867,,PUT,1750,1746.51,36772,7/31/2026,WHITE,0,7,F,STOCK,Information Technology,F,T,758742000000,279
7/24/2026,3:47:04 PM,ASML,ML/,1,263.46,,CALL,1520,1746.51,26346,8/21/2026,WHITE,0,28,F,STOCK,Information Technology,F,F,758742000000,51
7/24/2026,3:47:04 PM,ASML,ML/,1,263.43,,CALL,1760,1746.51,26343,12/18/2026,WHITE,0,147,F,STOCK,Information Technology,F,F,758742000000,21
7/24/2026,3:47:04 PM,ASML,ML/,1,280.32,,CALL,1500,1746.51,28032,8/21/2026,WHITE,0,28,F,STOCK,Information Technology,F,F,758742000000,518
7/24/2026,3:47:04 PM,ASML,ML/,1,273.02,,CALL,1740,1746.51,27302,12/18/2026,WHITE,0,147,F,STOCK,Information Technology,F,F,758742000000,35
7/24/2026,3:47:10 PM,ASML,BLOCK,1,251.1,,CALL,1740,1746.51,25110,11/20/2026,WHITE,0,119,F,STOCK,Information Technology,F,F,758742000000,109
7/24/2026,3:47:17 PM,ASML,BLOCK,1,666,,CALL,1780,1746.51,66600,12/15/2028,WHITE,0,875,F,STOCK,Information Technology,F,F,758742000000,4
7/24/2026,3:47:21 PM,PLTR,BLOCK,10,38.49,,CALL,120,123.423,38490,12/17/2027,WHITE,0,511,F,STOCK,Information Technology,F,F,286478000000,1157
7/24/2026,3:47:29 PM,PLTR,BLOCK,30,11.3,,CALL,125,123.423,33900,9/18/2026,WHITE,0,56,F,STOCK,Information Technology,F,F,286478000000,5601
7/24/2026,3:47:29 PM,ASML,BLOCK,3,103.9,,PUT,1480,1746.51,31170,11/20/2026,WHITE,0,119,F,STOCK,Information Technology,F,F,758742000000,13
7/24/2026,3:47:36 PM,CRWV,BLOCK,30,21.35,,PUT,70,72.145,64050,6/17/2027,WHITE,0,328,F,STOCK,Information Technology,F,T,49810000000,3744
7/24/2026,3:47:38 PM,HOOD,SWEEP,67,1.81,,CALL,105,94.28,12127,7/31/2026,WHITE,0,7,F,STOCK,Financials,F,T,95192000000,2230
7/24/2026,3:47:55 PM,ASML,BLOCK,3,104,,PUT,1480,1746.51,31200,11/20/2026,WHITE,0,119,F,STOCK,Information Technology,F,F,758742000000,13
7/24/2026,3:47:55 PM,WDC,BLOCK,4,62.7,,CALL,515,517.55,25080,8/21/2026,WHITE,0,28,F,STOCK,Information Technology,F,F,252521000000,0
7/24/2026,3:48:03 PM,CRWV,SWEEP,462,0.24,,CALL,140,72.145,11088,8/21/2026,WHITE,0,28,F,STOCK,Information Technology,F,F,49810000000,5296
7/24/2026,3:48:09 PM,HOOD,BLOCK,50,3.2,,CALL,180,94.28,16000,1/15/2027,WHITE,0,175,F,STOCK,Financials,F,F,95192000000,11502
7/24/2026,3:48:13 PM,LLY,BLOCK,16,18,,CALL,1200,1191.595,28800,7/31/2026,WHITE,0,7,F,STOCK,Health Care,F,T,1037874000000,605
7/24/2026,3:48:14 PM,CRWV,BLOCK,21,12.4114,,CALL,65,72.15,26064,8/21/2026,WHITE,0,28,F,STOCK,Information Technology,F,F,49810000000,1148
7/24/2026,3:48:19 PM,CRWV,BLOCK,48,19.3,,CALL,55,72.15,92640,8/21/2026,WHITE,0,28,F,STOCK,Information Technology,F,F,49810000000,157
7/24/2026,3:48:33 PM,CRWV,ML/,79,2.2342,,CALL,77,72.15,17650,7/31/2026,WHITE,0,7,F,STOCK,Information Technology,F,T,49810000000,2369
7/24/2026,3:48:34 PM,CRWV,ML/,61,2.24,,CALL,77,72.15,13664,7/31/2026,WHITE,0,7,F,STOCK,Information Technology,F,T,49810000000,1994
7/24/2026,3:48:36 PM,CRWV,BLOCK,50,8.45,,CALL,80,72.15,42250,9/18/2026,WHITE,0,56,F,STOCK,Information Technology,F,F,49810000000,3914
7/24/2026,3:48:45 PM,CRWV,ML/,126,2.2506,,CALL,77,72.15,28357,7/31/2026,WHITE,0,7,F,STOCK,Information Technology,F,T,49810000000,1994
7/24/2026,3:48:58 PM,ASML,BLOCK,3,103.7,,PUT,1480,1749.245,31110,11/20/2026,WHITE,0,119,F,STOCK,Information Technology,F,F,758742000000,13
7/24/2026,3:49:01 PM,CRWV,ML/,50,8.8,,PUT,60,72.15,44000,11/20/2026,WHITE,0,119,F,STOCK,Information Technology,F,F,49810000000,417
7/24/2026,3:49:01 PM,CRWV,ML/,50,7.75,,PUT,55,72.15,38750,12/18/2026,WHITE,0,147,F,STOCK,Information Technology,F,F,49810000000,3789
7/24/2026,3:49:05 PM,PLTR,BLOCK,10,26.1,,CALL,120,123.29,26100,3/19/2027,WHITE,0,238,F,STOCK,Information Technology,F,F,286478000000,1101
7/24/2026,3:49:30 PM,WDC,ML/,1,322.82,,PUT,840,517.55,32282,7/31/2026,WHITE,0,7,F,STOCK,Information Technology,F,T,252521000000,0
7/24/2026,3:49:41 PM,WDC,ML/,29,14.1259,,CALL,565,518.6,40965,7/31/2026,WHITE,0,7,F,STOCK,Information Technology,F,T,252521000000,107
7/24/2026,3:49:42 PM,PLTR,BLOCK,29,18.35,,PUT,135,123.29,53215,9/18/2026,WHITE,0,56,F,STOCK,Information Technology,F,F,286478000000,9280
7/24/2026,3:49:57 PM,WDC,BLOCK,4,63.15,,CALL,515,518.6,25260,8/21/2026,WHITE,0,28,F,STOCK,Information Technology,F,F,252521000000,8
7/24/2026,3:50:11 PM,CRWV,BLOCK,150,1.48,,CALL,80,72.36,22200,7/31/2026,WHITE,0,7,F,STOCK,Information Technology,F,T,49810000000,8950
7/24/2026,3:50:38 PM,WDC,BLOCK,10,50.223,,PUT,550,518.6,50223,7/31/2026,WHITE,0,7,F,STOCK,Information Technology,F,T,252521000000,122
7/24/2026,3:50:52 PM,CRWV,SWEEP,258,1.44,,CALL,80,72.36,37152,7/31/2026,WHITE,0,7,F,STOCK,Information Technology,F,T,49810000000,8950
7/24/2026,3:50:57 PM,ASML,ML/,7,81.83,,PUT,1750,1749.245,57281,8/7/2026,WHITE,0,14,F,STOCK,Information Technology,F,T,758742000000,79
7/24/2026,3:51:02 PM,LRCX,ML/,43,7.14,,PUT,270,303.66,30702,7/31/2026,WHITE,0,7,F,STOCK,Information Technology,F,T,512158000000,909
7/24/2026,3:51:02 PM,HOOD,ML/,138,1.83,,CALL,105,94.3,25254,7/31/2026,WHITE,0,7,F,STOCK,Financials,F,T,95192000000,2230
7/24/2026,3:51:02 PM,HOOD,ML/,138,1.78,,PUT,85,94.3,24564,7/31/2026,WHITE,0,7,F,STOCK,Financials,F,T,95192000000,903
7/24/2026,3:51:02 PM,HOOD,ML/,138,5.26,,PUT,94,94.3,72588,7/31/2026,WHITE,0,7,F,STOCK,Financials,F,T,95192000000,511
7/24/2026,3:51:02 PM,HOOD,ML/,138,5.5,,CALL,94,94.3,75900,7/31/2026,WHITE,0,7,F,STOCK,Financials,F,T,95192000000,194
7/24/2026,3:51:05 PM,PLTR,SWEEP,48,9.7,A,PUT,120,123.29,46560,9/18/2026,WHITE,0,56,F,STOCK,Information Technology,F,F,286478000000,20073
7/24/2026,3:51:16 PM,LLY,BLOCK,2,149.45,,CALL,1100,1192.72,29890,10/16/2026,WHITE,0,84,F,STOCK,Health Care,F,F,1037874000000,72
7/24/2026,3:51:16 PM,LLY,BLOCK,2,142.95,,CALL,1110,1192.72,28590,10/16/2026,WHITE,0,84,F,STOCK,Health Care,F,F,1037874000000,109
7/24/2026,3:51:16 PM,LLY,BLOCK,2,136.65,,CALL,1120,1192.72,27330,10/16/2026,WHITE,0,84,F,STOCK,Health Care,F,F,1037874000000,80
7/24/2026,3:51:16 PM,LLY,SWEEP,4,130.65,,CALL,1130,1192.72,52260,10/16/2026,WHITE,0,84,F,STOCK,Health Care,F,F,1037874000000,84
7/24/2026,3:51:17 PM,LLY,SWEEP,2,136.175,,CALL,1120,1192.72,27235,10/16/2026,WHITE,0,84,F,STOCK,Health Care,F,F,1037874000000,80
7/24/2026,3:51:18 PM,LLY,BLOCK,2,142.55,,CALL,1110,1192.72,28510,10/16/2026,WHITE,0,84,F,STOCK,Health Care,F,F,1037874000000,109
7/24/2026,3:51:23 PM,ASML,ML/,2,125.95,,PUT,1850,1745.8,25190,7/31/2026,WHITE,0,7,F,STOCK,Information Technology,F,T,758742000000,23
7/24/2026,3:51:35 PM,LLY,SWEEP,2,188.675,,CALL,1070,1193.87,37735,11/20/2026,WHITE,0,119,F,STOCK,Health Care,F,F,1037874000000,0
7/24/2026,3:51:34 PM,LRCX,BLOCK,64,27.45,,CALL,370,302.77,175680,10/16/2026,WHITE,0,84,F,STOCK,Information Technology,F,F,512158000000,119
7/24/2026,3:51:45 PM,PLTR,SWEEP,45,9.65,,PUT,120,123.03,43425,9/18/2026,WHITE,0,56,F,STOCK,Information Technology,F,F,286478000000,20073
7/24/2026,3:51:55 PM,ASML,BLOCK,10,57.5,,CALL,1800,1745.8,57500,8/7/2026,WHITE,0,14,F,STOCK,Information Technology,F,T,758742000000,16
7/24/2026,3:52:03 PM,LLY,BLOCK,154,1.5,,PUT,1100,1193.87,23100,7/31/2026,WHITE,0,7,F,STOCK,Health Care,F,T,1037874000000,392
7/24/2026,3:52:20 PM,ASML,BLOCK,2,189.1,,CALL,1655,1745.8,37820,9/4/2026,WHITE,0,42,F,STOCK,Information Technology,F,T,758742000000,0
7/24/2026,3:52:53 PM,WDC,BLOCK,2,247.32,,CALL,370,517.661,49464,6/17/2027,WHITE,0,328,F,STOCK,Information Technology,F,T,252521000000,0
7/24/2026,3:53:09 PM,CRWV,BLOCK,75,6.46,,PUT,70,72.17,48450,8/14/2026,WHITE,0,21,F,STOCK,Information Technology,F,T,49810000000,476
7/24/2026,3:53:47 PM,LRCX,BLOCK,50,46,A,CALL,380,302.77,230000,1/15/2027,WHITE,0,175,F,STOCK,Information Technology,F,F,512158000000,291
7/24/2026,3:53:49 PM,LLY,BLOCK,7,45.5,,CALL,1270,1193.87,31850,9/18/2026,WHITE,0,56,F,STOCK,Health Care,F,F,1037874000000,0
7/24/2026,3:53:50 PM,CRWV,ML/,20,15.45,,PUT,87,72.01,30900,7/31/2026,WHITE,0,7,F,STOCK,Information Technology,F,T,49810000000,509
7/24/2026,3:53:50 PM,CRWV,ML/,20,24.58,,PUT,97,72.01,49160,7/31/2026,WHITE,0,7,F,STOCK,Information Technology,F,T,49810000000,56
7/24/2026,3:53:50 PM,CRWV,ML/,20,25.49,,PUT,98,72.01,50980,7/31/2026,WHITE,0,7,F,STOCK,Information Technology,F,T,49810000000,244
7/24/2026,3:53:50 PM,CRWV,ML/,20,16.28,,PUT,88,72.01,32560,7/31/2026,WHITE,0,7,F,STOCK,Information Technology,F,T,49810000000,0
7/24/2026,3:54:13 PM,HOOD,BLOCK,52,32.399,,CALL,100,94.21,168475,1/21/2028,WHITE,0,546,F,STOCK,Financials,F,F,95192000000,9612
7/24/2026,3:54:15 PM,CRWV,BLOCK,90,11.4,B,CALL,135,72.01,102600,6/17/2027,WHITE,0,328,F,STOCK,Information Technology,F,T,49810000000,566
7/24/2026,3:54:22 PM,LLY,ML/,6,55.89,,PUT,1190,1194.045,33534,8/21/2026,WHITE,0,28,F,STOCK,Health Care,F,F,1037874000000,62
7/24/2026,3:54:26 PM,HOOD,BLOCK,49,32.4,B,CALL,100,94.465,158760,1/21/2028,WHITE,0,546,F,STOCK,Financials,F,F,95192000000,9612
7/24/2026,3:54:29 PM,LLY,ML/,1,396.52,,CALL,800,1194.045,39652,8/28/2026,WHITE,0,35,F,STOCK,Health Care,F,T,1037874000000,0
7/24/2026,3:54:30 PM,PLTR,SWEEP,46,9.65,,PUT,120,123.03,44390,9/18/2026,WHITE,0,56,F,STOCK,Information Technology,F,F,286478000000,20073
7/24/2026,3:54:37 PM,LLY,ML/,6,61.385,,PUT,1200,1194.045,36831,8/21/2026,WHITE,0,28,F,STOCK,Health Care,F,F,1037874000000,194
7/24/2026,3:54:37 PM,PLTR,BLOCK,13,25.7,,CALL,160,123.03,33410,12/17/2027,WHITE,0,511,F,STOCK,Information Technology,F,F,286478000000,1215
7/24/2026,3:54:38 PM,LLY,BLOCK,8,55.75,B,PUT,1190,1194.045,44600,8/21/2026,WHITE,0,28,F,STOCK,Health Care,F,F,1037874000000,62
7/24/2026,3:54:47 PM,CRWV,SWEEP,104,1.3519,,CALL,80,72.01,14060,7/31/2026,WHITE,0,7,F,STOCK,Information Technology,F,T,49810000000,8950
7/24/2026,3:54:50 PM,HOOD,ML/,201,1.2901,,CALL,108,94.465,25932,7/31/2026,WHITE,0,7,F,STOCK,Financials,F,T,95192000000,416
7/24/2026,3:54:50 PM,PLTR,BLOCK,30,13.55,,CALL,120,123.24,40650,9/18/2026,WHITE,0,56,F,STOCK,Information Technology,F,F,286478000000,3360
7/24/2026,3:54:56 PM,LLY,BLOCK,2,139.5,,CALL,1200,1194.045,27900,1/15/2027,WHITE,0,175,F,STOCK,Health Care,F,F,1037874000000,1339
7/24/2026,3:55:00 PM,PLTR,SWEEP,141,5.3,,PUT,115,123.24,74730,8/21/2026,WHITE,0,28,F,STOCK,Information Technology,F,F,286478000000,10726
7/24/2026,3:55:00 PM,PLTR,SWEEP,42,7.1,,CALL,124,123.24,29820,8/7/2026,WHITE,0,14,F,STOCK,Information Technology,F,T,286478000000,229
7/24/2026,3:55:00 PM,PLTR,BLOCK,50,27.79,A,PUT,145,123.24,138950,10/16/2026,WHITE,0,84,F,STOCK,Information Technology,F,F,286478000000,3047
7/24/2026,3:55:09 PM,PLTR,BLOCK,29,9,,CALL,130,123.24,26100,9/18/2026,WHITE,0,56,F,STOCK,Information Technology,F,F,286478000000,4518
7/24/2026,3:55:19 PM,CRWV,BLOCK,12,23.31,,CALL,125,71.86,27972,6/16/2028,WHITE,0,693,F,STOCK,Information Technology,F,F,49810000000,0
7/24/2026,3:55:24 PM,LRCX,ML/,80,32.85,,CALL,300,302.39,262800,8/21/2026,WHITE,0,28,F,STOCK,Information Technology,F,F,512158000000,784
7/24/2026,3:55:28 PM,CRWV,BLOCK,99,4.3,,PUT,42.5,71.86,42570,1/15/2027,WHITE,0,175,F,STOCK,Information Technology,F,F,49810000000,1157
7/24/2026,3:55:38 PM,WDC,ML/,1,371.68,,PUT,890,517.14,37168,7/31/2026,WHITE,0,7,F,STOCK,Information Technology,F,T,252521000000,0
7/24/2026,3:55:38 PM,LLY,BLOCK,8,60.4,,PUT,1200,1193.92,48320,8/21/2026,WHITE,0,28,F,STOCK,Health Care,F,F,1037874000000,194
7/24/2026,3:55:50 PM,HOOD,BLOCK,78,25.46,BB,PUT,120,94.465,198588,7/31/2026,WHITE,0,7,F,STOCK,Financials,F,T,95192000000,372
7/24/2026,3:56:00 PM,ASML,BLOCK,2,232.5,,CALL,1620,1750.34,46500,9/18/2026,WHITE,0,56,F,STOCK,Information Technology,F,F,758742000000,0
7/24/2026,3:56:05 PM,ASML,ML/,1,842.5,,CALL,1120,1750.34,84250,1/21/2028,WHITE,0,546,F,STOCK,Information Technology,F,F,758742000000,0
7/24/2026,3:56:09 PM,CRWV,BLOCK,100,11.75,A,CALL,90,71.86,117500,12/18/2026,WHITE,0,147,F,STOCK,Information Technology,F,F,49810000000,1190
7/24/2026,3:56:49 PM,CRWV,BLOCK,30,11.4,B,CALL,135,71.83,34200,6/17/2027,WHITE,0,328,F,STOCK,Information Technology,F,T,49810000000,566
7/24/2026,3:56:51 PM,HOOD,ML/,17,20.1147,,CALL,90,94.84,34195,12/18/2026,WHITE,0,147,F,STOCK,Financials,F,F,95192000000,1860
7/24/2026,3:56:51 PM,HOOD,ML/,17,23.1147,,CALL,130,94.84,39295,12/17/2027,WHITE,0,511,F,STOCK,Financials,F,F,95192000000,0
7/24/2026,3:57:12 PM,LRCX,BLOCK,10,73.1,,CALL,280,303.795,73100,11/20/2026,WHITE,0,119,F,STOCK,Information Technology,F,F,512158000000,0
7/24/2026,3:57:23 PM,ASML,BLOCK,1,259.9,,CALL,2200,1753.1,25990,6/17/2027,WHITE,0,328,F,STOCK,Information Technology,F,T,758742000000,17
7/24/2026,3:57:27 PM,CRWV,BLOCK,30,32.9,,CALL,90,71.83,98700,12/15/2028,WHITE,0,875,F,STOCK,Information Technology,F,F,49810000000,423
7/24/2026,3:57:37 PM,CRWV,ML/,250,0.55,,CALL,120,71.7,13750,8/21/2026,WHITE,0,28,F,STOCK,Information Technology,F,F,49810000000,16237
7/24/2026,3:57:37 PM,CRWV,ML/,250,7.3594,,CALL,75,71.7,183984,8/21/2026,WHITE,0,28,F,STOCK,Information Technology,F,F,49810000000,3156
7/24/2026,3:58:00 PM,PLTR,SWEEP,3614,1.0033,,CALL,130,122.93,362576,7/31/2026,WHITE,0,7,F,STOCK,Information Technology,F,T,286478000000,22997
7/24/2026,3:58:00 PM,PLTR,BLOCK,293,7.9914,,PUT,130,122.93,234149,7/31/2026,WHITE,0,7,F,STOCK,Information Technology,F,T,286478000000,3395
7/24/2026,3:58:10 PM,HOOD,ML/,100,4.48,,CALL,105,94.84,44800,8/21/2026,WHITE,0,28,F,STOCK,Financials,F,F,95192000000,3782
7/24/2026,3:58:14 PM,LLY,BLOCK,4,66.5,,CALL,1220,1196.3,26600,9/18/2026,WHITE,0,56,F,STOCK,Health Care,F,F,1037874000000,638
7/24/2026,3:58:20 PM,ASML,ML/,2,377.9,,PUT,2100,1754.635,75580,9/4/2026,WHITE,0,42,F,STOCK,Information Technology,F,T,758742000000,0
7/24/2026,3:58:20 PM,ASML,ML/,1,369.7,,PUT,2090,1754.635,36970,9/4/2026,WHITE,0,42,F,STOCK,Information Technology,F,T,758742000000,0
7/24/2026,3:58:20 PM,ASML,ML/,1,386.3,,PUT,2110,1754.635,38630,9/4/2026,WHITE,0,42,F,STOCK,Information Technology,F,T,758742000000,0
7/24/2026,3:58:22 PM,LLY,ML/,3,330.23,,CALL,1220,1196.3,99069,12/15/2028,WHITE,0,875,F,STOCK,Health Care,F,F,1037874000000,28
7/24/2026,3:58:22 PM,LLY,ML/,3,338.28,,CALL,1200,1196.3,101484,12/15/2028,WHITE,0,875,F,STOCK,Health Care,F,F,1037874000000,147
7/24/2026,3:58:28 PM,LLY,ML/,7,59.4,,PUT,1200,1196.3,41580,8/21/2026,WHITE,0,28,F,STOCK,Health Care,F,F,1037874000000,194
7/24/2026,3:58:32 PM,HOOD,ML/,99,4.5347,,CALL,105,95.037,44894,8/21/2026,WHITE,0,28,F,STOCK,Financials,F,F,95192000000,3782
7/24/2026,3:58:38 PM,LRCX,BLOCK,10,67.1,,CALL,320,304.29,67100,1/15/2027,WHITE,0,175,F,STOCK,Information Technology,F,F,512158000000,925
7/24/2026,3:58:44 PM,HOOD,SWEEP,32,8.05,,CALL,110,95.037,25760,10/16/2026,WHITE,0,84,F,STOCK,Financials,F,F,95192000000,1412
7/24/2026,3:58:52 PM,HOOD,ML/,99,4.5398,,CALL,105,95.037,44944,8/21/2026,WHITE,0,28,F,STOCK,Financials,F,F,95192000000,3782
7/24/2026,3:59:03 PM,PLTR,BLOCK,100,1.93,,PUT,95,123.01,19300,9/18/2026,WHITE,0,56,F,STOCK,Information Technology,F,F,286478000000,6192
7/24/2026,3:59:10 PM,HOOD,ML/,83,9,,CALL,89,95.037,74700,7/31/2026,WHITE,0,7,F,STOCK,Financials,F,T,95192000000,136
7/24/2026,3:59:10 PM,HOOD,ML/,83,9.15,,CALL,92,95.037,75945,8/14/2026,WHITE,0,21,F,STOCK,Financials,F,T,95192000000,0
7/24/2026,3:59:18 PM,HOOD,ML/,102,4.4888,,CALL,105,95.037,45786,8/21/2026,WHITE,0,28,F,STOCK,Financials,F,F,95192000000,3782
7/24/2026,3:59:36 PM,CRWV,ML/,9,63.5,,PUT,115,71.73,57150,12/15/2028,WHITE,0,875,F,STOCK,Information Technology,F,F,49810000000,161
7/24/2026,3:59:36 PM,CRWV,ML/,9,59.47,,PUT,110,71.73,53523,12/15/2028,WHITE,0,875,F,STOCK,Information Technology,F,F,49810000000,315
7/24/2026,3:59:38 PM,ASML,SWEEP,10,37,,CALL,2050,1755.83,37000,8/28/2026,WHITE,0,35,F,STOCK,Information Technology,F,T,758742000000,15
7/24/2026,3:59:41 PM,HOOD,ML/,99,4.4898,,CALL,105,95.037,44449,8/21/2026,WHITE,0,28,F,STOCK,Financials,F,F,95192000000,3782
7/24/2026,3:59:49 PM,CRWV,BLOCK,100,1.1,,CALL,130,71.73,11000,9/18/2026,WHITE,0,56,F,STOCK,Information Technology,F,F,49810000000,7277
7/24/2026,3:59:49 PM,PLTR,SWEEP,56,8.8,,CALL,175,123.01,49280,2/19/2027,WHITE,0,210,F,STOCK,Information Technology,F,F,286478000000,0
7/24/2026,3:59:50 PM,LRCX,BLOCK,5,58.2,,CALL,250,304.59,29100,7/31/2026,WHITE,0,7,F,STOCK,Information Technology,F,T,512158000000,0
7/24/2026,3:59:56 PM,CRWV,ML/,209,1.0046,,CALL,82,71.73,20997,7/31/2026,WHITE,0,7,F,STOCK,Information Technology,F,T,49810000000,484
7/24/2026,3:59:55 PM,ASML,BLOCK,11,56.86,BB,PUT,1750,1755.83,62546,7/31/2026,WHITE,0,7,F,STOCK,Information Technology,F,T,758742000000,279
7/24/2026,3:59:56 PM,PLTR,BLOCK,10,35.95,,PUT,120,123.01,35950,12/15/2028,WHITE,0,875,F,STOCK,Information Technology,F,F,286478000000,2823
7/24/2026,9:30:09 AM,LLY,ML/,6,221.74,,PUT,1200,1193.49,133044,6/16/2028,YELLOW,0,693,F,STOCK,Health Care,F,F,1037874000000,0
7/24/2026,9:32:00 AM,HOOD,ML/,240,3.54,,CALL,104,98.11,84960,7/31/2026,YELLOW,0,7,F,STOCK,Financials,T,T,95192000000,198
7/24/2026,9:33:18 AM,ASML,BLOCK,12,99.9858,,CALL,1795,1787,119983,8/14/2026,YELLOW,0,21,F,STOCK,Information Technology,F,T,758742000000,3
7/24/2026,9:38:02 AM,PLTR,SWEEP,282,4.9495,,CALL,139,123.58,139577,8/28/2026,YELLOW,0,35,F,STOCK,Information Technology,F,T,286478000000,205
7/24/2026,9:38:59 AM,CRWV,ML/,200,8.5788,,PUT,81,77,171577,8/7/2026,YELLOW,0,14,F,STOCK,Information Technology,T,T,49810000000,155
7/24/2026,9:39:03 AM,LLY,SWEEP,92,3.1962,,CALL,1500,1194.365,29405,8/21/2026,YELLOW,0,28,F,STOCK,Health Care,T,F,1037874000000,145
7/24/2026,9:41:09 AM,ASML,BLOCK,8,229.9,B,PUT,1910,1782.915,183920,9/18/2026,YELLOW,0,56,F,STOCK,Information Technology,F,F,758742000000,1
7/24/2026,9:41:13 AM,HOOD,ML/,20,26.7,,CALL,70,95.785,53400,8/7/2026,YELLOW,0,14,F,STOCK,Financials,F,T,95192000000,17
7/24/2026,9:42:40 AM,CRWV,ML/,200,8.02,,CALL,77,76.22,160400,8/14/2026,YELLOW,0,21,F,STOCK,Information Technology,F,T,49810000000,53
7/24/2026,9:42:40 AM,CRWV,ML/,200,7.57,,CALL,78,76.22,151400,8/14/2026,YELLOW,0,21,F,STOCK,Information Technology,F,T,49810000000,26
7/24/2026,9:42:50 AM,LRCX,ML/,16,18.1225,,PUT,310,314.95,28996,7/31/2026,YELLOW,0,7,F,STOCK,Information Technology,T,T,512158000000,276
7/24/2026,9:43:09 AM,LRCX,ML/,15,17.6907,,PUT,310,316.265,26536,7/31/2026,YELLOW,0,7,F,STOCK,Information Technology,T,T,512158000000,276
7/24/2026,9:43:49 AM,LRCX,ML/,15,17.818,,PUT,310,316.265,26727,7/31/2026,YELLOW,0,7,F,STOCK,Information Technology,T,T,512158000000,276
7/24/2026,9:44:49 AM,LRCX,ML/,16,17.5481,,PUT,310,316.265,28077,7/31/2026,YELLOW,0,7,F,STOCK,Information Technology,T,T,512158000000,276
7/24/2026,9:45:28 AM,LRCX,ML/,15,17.3727,,PUT,310,318.5,26059,7/31/2026,YELLOW,0,7,F,STOCK,Information Technology,T,T,512158000000,276
7/24/2026,9:45:47 AM,LRCX,ML/,15,17.418,,PUT,310,318.5,26127,7/31/2026,YELLOW,0,7,F,STOCK,Information Technology,T,T,512158000000,276
7/24/2026,9:46:07 AM,LRCX,ML/,15,17.5587,,PUT,310,317.15,26338,7/31/2026,YELLOW,0,7,F,STOCK,Information Technology,T,T,512158000000,276
7/24/2026,9:46:41 AM,LLY,ML/,8,235.7275,,CALL,1180,1200.905,188582,9/17/2027,YELLOW,0,420,F,STOCK,Health Care,T,F,1037874000000,7
7/24/2026,9:46:49 AM,LRCX,ML/,17,18.2965,,PUT,310,317.15,31104,7/31/2026,YELLOW,0,7,F,STOCK,Information Technology,T,T,512158000000,276
7/24/2026,9:47:07 AM,LRCX,ML/,14,18.135,,PUT,310,317.15,25389,7/31/2026,YELLOW,0,7,F,STOCK,Information Technology,T,T,512158000000,276
7/24/2026,9:47:26 AM,WDC,BLOCK,7,51.5,,CALL,960,536.852,36050,1/15/2027,YELLOW,0,175,F,STOCK,Information Technology,T,F,252521000000,21
7/24/2026,9:52:05 AM,LLY,ML/,7,55.39,,PUT,1200,1196.09,38773,8/14/2026,YELLOW,0,21,F,STOCK,Health Care,F,T,1037874000000,14
7/24/2026,9:55:38 AM,ASML,BLOCK,1,1048.62,,CALL,730,1761.09,104862,12/18/2026,YELLOW,0,147,F,STOCK,Information Technology,F,F,758742000000,0
7/24/2026,9:56:38 AM,PLTR,SWEEP,1052,5,A,CALL,120,122.22,526000,7/31/2026,YELLOW,0,7,F,STOCK,Information Technology,T,T,286478000000,747
7/24/2026,10:02:08 AM,LRCX,BLOCK,50,27.66,A,CALL,300,312.33,138300,7/31/2026,YELLOW,0,7,F,STOCK,Information Technology,F,T,512158000000,0
7/24/2026,10:02:59 AM,HOOD,ML/,326,2.2,,PUT,87,95.7,71720,7/31/2026,YELLOW,0,7,F,STOCK,Financials,F,T,95192000000,219
7/24/2026,10:05:12 AM,LRCX,BLOCK,50,27,A,CALL,300,311.935,135000,7/31/2026,YELLOW,0,7,F,STOCK,Information Technology,T,T,512158000000,79
7/24/2026,10:07:13 AM,WDC,BLOCK,2,150,,PUT,490,529.11,30000,6/17/2027,YELLOW,0,328,F,STOCK,Information Technology,T,T,252521000000,105
7/24/2026,10:08:34 AM,LLY,ML/,25,20.258,,CALL,1205,1197.81,50645,7/31/2026,YELLOW,0,7,F,STOCK,Health Care,T,T,1037874000000,35
7/24/2026,10:10:30 AM,WDC,BLOCK,2,149.3,,PUT,490,529.11,29860,6/17/2027,YELLOW,0,328,F,STOCK,Information Technology,T,T,252521000000,105
7/24/2026,10:10:50 AM,WDC,BLOCK,2,149.34,,PUT,490,529.11,29868,6/17/2027,YELLOW,0,328,F,STOCK,Information Technology,T,T,252521000000,105
7/24/2026,10:15:57 AM,CRWV,ML/,200,1.08,,PUT,66,75.095,21600,7/31/2026,YELLOW,0,7,F,STOCK,Information Technology,T,T,49810000000,558
7/24/2026,10:17:27 AM,CRWV,BLOCK,76,1.52,,PUT,62,75.095,11552,8/7/2026,YELLOW,0,14,F,STOCK,Information Technology,F,T,49810000000,60
7/24/2026,10:18:12 AM,ASML,BLOCK,10,58.8,,CALL,1775,1769.529,58800,7/31/2026,YELLOW,0,7,F,STOCK,Information Technology,F,T,758742000000,8
7/24/2026,10:19:41 AM,LRCX,ML/,10,78.4,,CALL,510,311.77,78400,1/21/2028,YELLOW,0,546,F,STOCK,Information Technology,F,F,512158000000,18
7/24/2026,10:19:45 AM,LRCX,ML/,10,78.3,,CALL,510,311.77,78300,1/21/2028,YELLOW,0,546,F,STOCK,Information Technology,F,F,512158000000,18
7/24/2026,10:30:47 AM,LRCX,SWEEP,15,81.45,B,CALL,480,311.77,122175,1/21/2028,YELLOW,0,546,F,STOCK,Information Technology,F,F,512158000000,0
7/24/2026,10:33:54 AM,WDC,SWEEP,190,13.5853,,CALL,580,525.75,258120,7/31/2026,YELLOW,0,7,F,STOCK,Information Technology,T,T,252521000000,273
7/24/2026,10:33:56 AM,CRWV,BLOCK,10,45,,PUT,120,75.77,45000,8/7/2026,YELLOW,0,14,F,STOCK,Information Technology,T,T,49810000000,19
7/24/2026,10:35:51 AM,WDC,BLOCK,30,41.1,,PUT,170,527.2,123300,12/15/2028,YELLOW,0,875,F,STOCK,Information Technology,F,F,252521000000,7
7/24/2026,10:36:01 AM,PLTR,BLOCK,46,5.45,,CALL,120,123.15,25070,7/31/2026,YELLOW,0,7,F,STOCK,Information Technology,T,T,286478000000,747
7/24/2026,10:36:30 AM,HOOD,ML/,100,6.65,,CALL,100,94.215,66500,8/28/2026,YELLOW,0,35,F,STOCK,Financials,T,T,95192000000,87
7/24/2026,10:38:46 AM,PLTR,ML/,30,17.29,,PUT,138,123.117,51870,8/7/2026,YELLOW,0,14,F,STOCK,Information Technology,F,T,286478000000,24
7/24/2026,10:41:32 AM,WDC,BLOCK,1,264.44,,CALL,670,527.2,26444,12/15/2028,YELLOW,0,875,F,STOCK,Information Technology,T,F,252521000000,11
7/24/2026,10:43:48 AM,LRCX,BLOCK,28,21.77,,CALL,340,307.21,60956,8/28/2026,YELLOW,0,35,F,STOCK,Information Technology,T,T,512158000000,24
7/24/2026,10:45:50 AM,HOOD,BLOCK,500,0.63,,CALL,113,94.23,31500,7/31/2026,YELLOW,0,7,F,STOCK,Financials,T,T,95192000000,499
7/24/2026,10:46:22 AM,PLTR,ML/,200,8.9637,,CALL,127,122.93,179274,9/4/2026,YELLOW,0,42,F,STOCK,Information Technology,F,T,286478000000,0
7/24/2026,10:46:22 AM,PLTR,ML/,200,9.3653,,CALL,126,122.93,187306,9/4/2026,YELLOW,0,42,F,STOCK,Information Technology,F,T,286478000000,0
7/24/2026,10:46:33 AM,WDC,ML/,21,92.9462,A,CALL,460,527.2,195187,8/14/2026,YELLOW,0,21,F,STOCK,Information Technology,T,T,252521000000,102
7/24/2026,10:46:55 AM,LLY,SWEEP,18,82.5,B,CALL,1155,1202.5,148500,8/21/2026,YELLOW,0,28,F,STOCK,Health Care,F,F,1037874000000,0
7/24/2026,10:48:49 AM,LLY,BLOCK,20,63.1775,,PUT,1205,1202.5,126355,8/21/2026,YELLOW,0,28,F,STOCK,Health Care,F,F,1037874000000,0
7/24/2026,10:50:59 AM,LRCX,BLOCK,26,41.75,,PUT,220,308.22,108550,6/17/2027,YELLOW,0,328,F,STOCK,Information Technology,F,T,512158000000,0
7/24/2026,10:56:07 AM,LLY,BLOCK,5,57.1,,PUT,1200,1202.5,28550,8/14/2026,YELLOW,0,21,F,STOCK,Health Care,F,T,1037874000000,14
7/24/2026,11:00:22 AM,PLTR,BLOCK,41,51.55,,CALL,75,123.117,211355,11/20/2026,YELLOW,0,119,F,STOCK,Information Technology,F,F,286478000000,0
7/24/2026,11:00:56 AM,PLTR,BLOCK,41,51.65,A,CALL,75,123.117,211765,11/20/2026,YELLOW,0,119,F,STOCK,Information Technology,F,F,286478000000,0
7/24/2026,11:05:15 AM,HOOD,BLOCK,190,9.358,,CALL,240,94.23,177802,12/17/2027,YELLOW,0,511,F,STOCK,Financials,T,F,95192000000,165
7/24/2026,11:08:20 AM,WDC,SWEEP,105,81.1558,B,PUT,500,527.2,852136,10/16/2026,YELLOW,0,84,F,STOCK,Information Technology,T,F,252521000000,85
7/24/2026,11:08:20 AM,WDC,SWEEP,44,86.8386,,PUT,510,527.2,382090,10/16/2026,YELLOW,0,84,F,STOCK,Information Technology,T,F,252521000000,41
7/24/2026,11:19:19 AM,CRWV,ML/,100,1.07,,PUT,66,74.755,10700,7/31/2026,YELLOW,0,7,F,STOCK,Information Technology,T,T,49810000000,558
7/24/2026,11:24:38 AM,LRCX,ML/,9,32.3444,B,PUT,315,308.22,29110,8/21/2026,YELLOW,0,28,F,STOCK,Information Technology,T,F,512158000000,99
7/24/2026,11:30:22 AM,LLY,SWEEP,144,9.4503,,CALL,1480,1199.04,136085,9/18/2026,YELLOW,0,56,F,STOCK,Health Care,F,F,1037874000000,0
7/24/2026,11:32:18 AM,ASML,BLOCK,3,152.5,,PUT,1790,1781.57,45750,9/18/2026,YELLOW,0,56,F,STOCK,Information Technology,T,F,758742000000,6
7/24/2026,11:34:11 AM,PLTR,ML/,108,12.9307,,PUT,131,124.02,139652,8/21/2026,YELLOW,0,28,F,STOCK,Information Technology,F,F,286478000000,33
7/24/2026,11:34:39 AM,LRCX,SWEEP,31,46.7,,CALL,450,312.705,144770,3/19/2027,YELLOW,0,238,F,STOCK,Information Technology,F,F,512158000000,0
7/24/2026,11:34:40 AM,LRCX,BLOCK,27,46.7,B,CALL,450,312.705,126090,3/19/2027,YELLOW,0,238,F,STOCK,Information Technology,F,F,512158000000,0
7/24/2026,11:43:41 AM,LRCX,BLOCK,15,125.05,B,PUT,340,314.414,187575,1/21/2028,YELLOW,0,546,F,STOCK,Information Technology,F,F,512158000000,0
7/24/2026,11:43:53 AM,LLY,ML/,15,151.6833,,PUT,1220,1200.88,227525,3/19/2027,YELLOW,0,238,F,STOCK,Health Care,T,F,1037874000000,22
7/24/2026,11:46:10 AM,PLTR,BLOCK,61,16.61,,PUT,136,123.68,101321,8/21/2026,YELLOW,0,28,F,STOCK,Information Technology,F,F,286478000000,0
7/24/2026,11:53:21 AM,PLTR,ML/,50,3.6,,CALL,123,123.31,18000,7/31/2026,YELLOW,0,7,F,STOCK,Information Technology,T,T,286478000000,239
7/24/2026,11:55:59 AM,LRCX,ML/,33,42.22,,CALL,280,315.56,139326,7/31/2026,YELLOW,0,7,F,STOCK,Information Technology,F,T,512158000000,9
7/24/2026,11:56:40 AM,LRCX,ML/,50,42.78,A,CALL,280,315.68,213900,7/31/2026,YELLOW,0,7,F,STOCK,Information Technology,F,T,512158000000,9
7/24/2026,12:04:30 PM,HOOD,SWEEP,79,2.81,,CALL,102,95.12,22199,7/31/2026,YELLOW,0,7,F,STOCK,Financials,T,T,95192000000,406
7/24/2026,12:04:32 PM,HOOD,SWEEP,107,2.81,B,CALL,102,95.35,30067,7/31/2026,YELLOW,0,7,F,STOCK,Financials,T,T,95192000000,406
7/24/2026,12:13:08 PM,HOOD,ML/,100,4.3036,,CALL,98,95.42,43036,7/31/2026,YELLOW,0,7,F,STOCK,Financials,T,T,95192000000,180
7/24/2026,12:18:50 PM,CRWV,ML/,190,6.35,,PUT,73,75.63,120650,8/14/2026,YELLOW,0,21,F,STOCK,Information Technology,F,T,49810000000,0
7/24/2026,12:24:45 PM,CRWV,ML/,164,4.5329,,CALL,75,75.7,74340,7/31/2026,YELLOW,0,7,F,STOCK,Information Technology,T,T,49810000000,463
7/24/2026,12:30:04 PM,LRCX,SWEEP,17,31.0059,,CALL,315,314.82,52710,8/21/2026,YELLOW,0,28,F,STOCK,Information Technology,F,F,512158000000,13
7/24/2026,12:31:56 PM,LLY,ML/,6,54.03,,PUT,1195,1202.41,32418,8/21/2026,YELLOW,0,28,F,STOCK,Health Care,F,F,1037874000000,5
7/24/2026,12:33:07 PM,CRWV,ML/,300,0.51,,PUT,63,75.42,15300,7/31/2026,YELLOW,0,7,F,STOCK,Information Technology,F,T,49810000000,223
7/24/2026,12:34:25 PM,HOOD,SWEEP,256,8.4982,,CALL,260,95.16,217555,12/17/2027,YELLOW,0,511,F,STOCK,Financials,F,F,95192000000,205
7/24/2026,12:37:01 PM,HOOD,BLOCK,50,23.35,A,CALL,195,95.17,116750,12/15/2028,YELLOW,0,875,F,STOCK,Financials,F,F,95192000000,34
7/24/2026,12:41:35 PM,PLTR,BLOCK,40,54.55,A,CALL,75,123.585,218200,3/19/2027,YELLOW,0,238,F,STOCK,Information Technology,F,F,286478000000,71
7/24/2026,12:42:28 PM,PLTR,BLOCK,40,54.5,B,CALL,75,123.5,218000,3/19/2027,YELLOW,0,238,F,STOCK,Information Technology,F,F,286478000000,71
7/24/2026,12:45:33 PM,LLY,BLOCK,150,34.27,B,CALL,1320,1201.67,514050,9/18/2026,YELLOW,0,56,F,STOCK,Health Care,T,F,1037874000000,849
7/24/2026,12:48:25 PM,LLY,ML/,2,623.76,,CALL,580,1201.99,124752,9/18/2026,YELLOW,0,56,F,STOCK,Health Care,F,F,1037874000000,0
7/24/2026,12:48:25 PM,LLY,ML/,2,562.76,,CALL,660,1201.99,112552,3/19/2027,YELLOW,0,238,F,STOCK,Health Care,F,F,1037874000000,0
7/24/2026,12:51:00 PM,PLTR,BLOCK,40,46.5,A,CALL,90,123.103,186000,6/17/2027,YELLOW,0,328,F,STOCK,Information Technology,F,T,286478000000,0
7/24/2026,12:51:57 PM,PLTR,BLOCK,8,54.15,,CALL,75,123.11,43320,3/19/2027,YELLOW,0,238,F,STOCK,Information Technology,T,F,286478000000,71
7/24/2026,12:53:52 PM,PLTR,BLOCK,40,49.65,,CALL,85,123.06,198600,6/17/2027,YELLOW,0,328,F,STOCK,Information Technology,F,T,286478000000,0
7/24/2026,12:56:03 PM,PLTR,BLOCK,5,54.1,,CALL,75,123.095,27050,3/19/2027,YELLOW,0,238,F,STOCK,Information Technology,T,F,286478000000,71
7/24/2026,12:58:19 PM,LLY,ML/,5,151.08,,CALL,1060,1201.59,75540,8/7/2026,YELLOW,0,14,F,STOCK,Health Care,F,T,1037874000000,11
7/24/2026,12:58:58 PM,LLY,ML/,7,151.2457,,CALL,1060,1201.69,105872,8/7/2026,YELLOW,0,14,F,STOCK,Health Care,F,T,1037874000000,11
7/24/2026,1:00:50 PM,WDC,SWEEP,20,72.675,,CALL,670,528.88,145350,11/20/2026,YELLOW,0,119,F,STOCK,Information Technology,F,F,252521000000,0
7/24/2026,1:00:56 PM,PLTR,BLOCK,40,60.35,A,CALL,70,122.97,241400,6/17/2027,YELLOW,0,328,F,STOCK,Information Technology,F,T,286478000000,0
7/24/2026,1:02:20 PM,WDC,BLOCK,14,47,,CALL,530,528.60,65800,8/7/2026,YELLOW,0,14,F,STOCK,Information Technology,T,T,252521000000,18
7/24/2026,1:02:44 PM,PLTR,SWEEP,60,2.53,,CALL,125,123,15180,7/31/2026,YELLOW,0,7,F,STOCK,Information Technology,T,T,286478000000,995
7/24/2026,1:03:02 PM,PLTR,BLOCK,5,54.05,,CALL,75,123,27025,3/19/2027,YELLOW,0,238,F,STOCK,Information Technology,T,F,286478000000,71
7/24/2026,1:03:51 PM,CRWV,SWEEP,20,111.725,,PUT,175,74.37,223450,12/15/2028,YELLOW,0,875,F,STOCK,Information Technology,F,F,49810000000,2
7/24/2026,1:04:00 PM,CRWV,BLOCK,66,22.95,A,CALL,55,74.39,151470,9/18/2026,YELLOW,0,56,F,STOCK,Information Technology,T,F,49810000000,131
7/24/2026,1:04:08 PM,LLY,BLOCK,5,52.85,,PUT,1200,1201.39,26425,8/14/2026,YELLOW,0,21,F,STOCK,Health Care,F,T,1037874000000,14
7/24/2026,1:07:43 PM,PLTR,SWEEP,300,2.45,,PUT,121,122.98,73500,7/31/2026,YELLOW,0,7,F,STOCK,Information Technology,T,T,286478000000,263
7/24/2026,1:10:41 PM,CRWV,BLOCK,200,0.86,,PUT,64,74.09,17200,7/31/2026,YELLOW,0,7,F,STOCK,Information Technology,T,T,49810000000,519
7/24/2026,1:10:42 PM,LLY,SWEEP,42,33.669,,PUT,1135,1201.34,141410,8/28/2026,YELLOW,0,35,F,STOCK,Health Care,F,T,1037874000000,5
7/24/2026,1:16:47 PM,PLTR,BLOCK,22,64.45,,CALL,65,123.135,141790,6/17/2027,YELLOW,0,328,F,STOCK,Information Technology,F,T,286478000000,0
7/24/2026,1:16:48 PM,WDC,BLOCK,15,35.5,,CALL,520,527.25,53250,7/31/2026,YELLOW,0,7,F,STOCK,Information Technology,T,T,252521000000,45
7/24/2026,1:22:46 PM,PLTR,BLOCK,50,3.62,,CALL,123,123.305,18100,7/31/2026,YELLOW,0,7,F,STOCK,Information Technology,T,T,286478000000,239
7/24/2026,1:25:06 PM,LLY,ML/,6,405.05,,CALL,820,1201.59,243030,12/18/2026,YELLOW,0,147,F,STOCK,Health Care,F,F,1037874000000,0
7/24/2026,1:29:50 PM,ASML,BLOCK,2,769,A,CALL,1140,1776.08,153800,6/17/2027,YELLOW,0,328,F,STOCK,Information Technology,F,T,758742000000,0
7/24/2026,1:48:53 PM,CRWV,SWEEP,20,96.75,,PUT,160,74.27,193500,6/16/2028,YELLOW,0,693,F,STOCK,Information Technology,F,F,49810000000,0
7/24/2026,1:51:37 PM,PLTR,ML/,10,246.42,,PUT,370,123.59,246420,1/21/2028,YELLOW,0,546,F,STOCK,Information Technology,F,F,286478000000,0
7/24/2026,1:51:37 PM,PLTR,ML/,10,196.97,,PUT,320,123.59,196970,1/21/2028,YELLOW,0,546,F,STOCK,Information Technology,F,F,286478000000,1
7/24/2026,1:53:30 PM,LLY,ML/,11,32.85,,CALL,1320,1195.245,36135,9/18/2026,YELLOW,0,56,F,STOCK,Health Care,T,F,1037874000000,849
7/24/2026,1:54:02 PM,HOOD,ML/,10,59.03,,CALL,55,95.37,59030,12/15/2028,YELLOW,0,875,F,STOCK,Financials,T,F,95192000000,16
7/24/2026,1:56:37 PM,HOOD,ML/,50,48.9216,,PUT,125,95.39,244608,1/21/2028,YELLOW,0,546,F,STOCK,Financials,F,F,95192000000,0
7/24/2026,2:01:01 PM,PLTR,BLOCK,500,0.53,,PUT,113,123.98,26500,7/31/2026,YELLOW,0,7,F,STOCK,Information Technology,T,T,286478000000,471
7/24/2026,2:04:05 PM,PLTR,ML/,500,2.4297,,CALL,126,123.868,121484,7/31/2026,YELLOW,0,7,F,STOCK,Information Technology,T,T,286478000000,877
7/24/2026,2:05:48 PM,LLY,ML/,20,14.243,,CALL,1300,1195.64,28486,8/7/2026,YELLOW,0,14,F,STOCK,Health Care,T,T,1037874000000,32
7/24/2026,2:10:08 PM,PLTR,BLOCK,20,57.3025,,PUT,180,123.93,114605,10/16/2026,YELLOW,0,84,F,STOCK,Information Technology,F,F,286478000000,0
7/24/2026,2:22:09 PM,PLTR,SWEEP,68,22,A,CALL,110,123.67,149600,10/16/2026,YELLOW,0,84,F,STOCK,Information Technology,T,F,286478000000,508
7/24/2026,2:22:12 PM,PLTR,SWEEP,61,22,A,CALL,110,123.67,134200,10/16/2026,YELLOW,0,84,F,STOCK,Information Technology,T,F,286478000000,508
7/24/2026,2:24:01 PM,HOOD,ML/,50,2.14,,PUT,84,95.245,10700,8/7/2026,YELLOW,0,14,F,STOCK,Financials,F,T,95192000000,48
7/24/2026,2:28:25 PM,WDC,ML/,50,2.26,,PUT,400,520.92,11300,7/31/2026,YELLOW,0,7,F,STOCK,Information Technology,T,T,252521000000,136
7/24/2026,2:29:39 PM,ASML,BLOCK,3,780,B,CALL,1020,1763.02,234000,12/18/2026,YELLOW,0,147,F,STOCK,Information Technology,F,F,758742000000,0
7/24/2026,2:30:14 PM,LRCX,SWEEP,41,33.4195,,PUT,312.5,306.721,137020,8/21/2026,YELLOW,0,28,F,STOCK,Information Technology,F,F,512158000000,51
7/24/2026,2:30:14 PM,LRCX,SWEEP,35,36.2929,,PUT,317.5,306.721,127025,8/21/2026,YELLOW,0,28,F,STOCK,Information Technology,F,F,512158000000,33
7/24/2026,2:30:14 PM,LRCX,SWEEP,11,34.9318,,PUT,315,306.721,38425,8/21/2026,YELLOW,0,28,F,STOCK,Information Technology,T,F,512158000000,99
7/24/2026,2:30:18 PM,LRCX,SWEEP,13,34.8654,,PUT,315,306.721,45325,8/21/2026,YELLOW,0,28,F,STOCK,Information Technology,T,F,512158000000,99
7/24/2026,2:30:18 PM,LRCX,SWEEP,28,39.3,B,PUT,322.5,306.721,110040,8/21/2026,YELLOW,0,28,F,STOCK,Information Technology,F,F,512158000000,13
7/24/2026,2:30:18 PM,LRCX,SWEEP,25,40.8,A,PUT,325,306.721,102000,8/21/2026,YELLOW,0,28,F,STOCK,Information Technology,F,F,512158000000,26
7/24/2026,2:30:18 PM,LRCX,BLOCK,17,33.4853,,PUT,312.5,306.721,56925,8/21/2026,YELLOW,0,28,F,STOCK,Information Technology,F,F,512158000000,51
7/24/2026,2:30:18 PM,LRCX,BLOCK,7,36.3,,PUT,317.5,306.721,25410,8/21/2026,YELLOW,0,28,F,STOCK,Information Technology,F,F,512158000000,33
7/24/2026,2:31:56 PM,WDC,ML/,76,54.265,,PUT,520,516.61,412414,8/14/2026,YELLOW,0,21,F,STOCK,Information Technology,T,T,252521000000,58
7/24/2026,2:33:42 PM,ASML,BLOCK,11,119.5,,PUT,1760,1759.585,131450,8/28/2026,YELLOW,0,35,F,STOCK,Information Technology,F,T,758742000000,0
7/24/2026,2:34:30 PM,ASML,BLOCK,14,119.5,,PUT,1760,1759.585,167300,8/28/2026,YELLOW,0,35,F,STOCK,Information Technology,F,T,758742000000,0
7/24/2026,2:39:13 PM,ASML,ML/,4,282.875,,CALL,2720,1762.14,113150,1/21/2028,YELLOW,0,546,F,STOCK,Information Technology,F,F,758742000000,0
7/24/2026,2:39:13 PM,ASML,ML/,4,568.02,,CALL,1680,1762.14,227208,1/21/2028,YELLOW,0,546,F,STOCK,Information Technology,F,F,758742000000,0
7/24/2026,2:39:16 PM,ASML,ML/,5,283.1,,CALL,2720,1762.14,141550,1/21/2028,YELLOW,0,546,F,STOCK,Information Technology,F,F,758742000000,0
7/24/2026,2:41:19 PM,LRCX,BLOCK,25,81.85,B,CALL,460,305.89,204625,1/21/2028,YELLOW,0,546,F,STOCK,Information Technology,F,F,512158000000,0
7/24/2026,2:41:27 PM,CRWV,ML/,52,3.7242,,CALL,74,73.13,19366,7/31/2026,YELLOW,0,7,F,STOCK,Information Technology,T,T,49810000000,225
7/24/2026,2:46:14 PM,PLTR,BLOCK,90,3.25,,CALL,125,123.71,29250,7/31/2026,YELLOW,0,7,F,STOCK,Information Technology,T,T,286478000000,995
7/24/2026,2:46:22 PM,WDC,SWEEP,4,89.35,,PUT,510,516.145,35740,10/16/2026,YELLOW,0,84,F,STOCK,Information Technology,T,F,252521000000,41
7/24/2026,2:49:53 PM,PLTR,BLOCK,70,3.4,,CALL,125,124.42,23800,7/31/2026,YELLOW,0,7,F,STOCK,Information Technology,T,T,286478000000,995
7/24/2026,2:51:36 PM,PLTR,ML/,2200,1.09,,PUT,95,124.75,239800,8/28/2026,YELLOW,0,35,F,STOCK,Information Technology,F,T,286478000000,171
7/24/2026,2:54:29 PM,PLTR,BLOCK,102,3.3802,,CALL,125,124.535,34478,7/31/2026,YELLOW,0,7,F,STOCK,Information Technology,T,T,286478000000,995
7/24/2026,2:57:31 PM,PLTR,ML/,20,59.98,,CALL,75,124.535,119960,9/17/2027,YELLOW,0,420,F,STOCK,Information Technology,F,F,286478000000,0
7/24/2026,2:57:31 PM,PLTR,ML/,20,60.7,,CALL,77.5,124.535,121400,12/17/2027,YELLOW,0,511,F,STOCK,Information Technology,F,F,286478000000,0
7/24/2026,2:59:27 PM,ASML,ML/,6,49.35,,PUT,1735,1755.66,29610,7/31/2026,YELLOW,0,7,F,STOCK,Information Technology,T,T,758742000000,5
7/24/2026,3:01:21 PM,WDC,ML/,24,91.8,,PUT,560,513.98,220320,8/28/2026,YELLOW,0,35,F,STOCK,Information Technology,F,T,252521000000,7
7/24/2026,3:06:03 PM,PLTR,BLOCK,60,3.3,BB,CALL,125,124.33,19800,7/31/2026,YELLOW,0,7,F,STOCK,Information Technology,T,T,286478000000,995
7/24/2026,3:06:55 PM,ASML,ML/,20,60.47,,PUT,1610,1755.59,120940,8/28/2026,YELLOW,0,35,F,STOCK,Information Technology,F,T,758742000000,2
7/24/2026,3:07:15 PM,CRWV,BLOCK,128,11.8,A,CALL,135,73.32,151040,6/17/2027,YELLOW,0,328,F,STOCK,Information Technology,F,T,49810000000,0
7/24/2026,3:10:03 PM,ASML,SWEEP,16,119.8,A,PUT,1720,1745.645,191680,9/4/2026,YELLOW,0,42,F,STOCK,Information Technology,F,T,758742000000,0
7/24/2026,3:11:28 PM,HOOD,ML/,2200,0.7384,,PUT,65,94.24,162448,8/28/2026,YELLOW,0,35,F,STOCK,Financials,F,T,95192000000,10
7/24/2026,3:16:59 PM,ASML,SWEEP,6,341.55,,PUT,1740,1743.69,204930,6/17/2027,YELLOW,0,328,F,STOCK,Information Technology,T,T,758742000000,5
7/24/2026,3:20:40 PM,LRCX,SWEEP,66,9.325,,PUT,265,302.29,61545,8/7/2026,YELLOW,0,14,F,STOCK,Information Technology,T,T,512158000000,185
7/24/2026,3:22:49 PM,ASML,SWEEP,12,46.35,,PUT,1545,1741.299,55620,8/28/2026,YELLOW,0,35,F,STOCK,Information Technology,F,T,758742000000,9
7/24/2026,3:26:25 PM,ASML,ML/,12,110.8,,PUT,1745,1743.9,132960,8/21/2026,YELLOW,0,28,F,STOCK,Information Technology,F,F,758742000000,15
7/24/2026,3:26:26 PM,ASML,ML/,16,110.8225,,PUT,1745,1743.9,177316,8/21/2026,YELLOW,0,28,F,STOCK,Information Technology,F,F,758742000000,15
7/24/2026,3:26:29 PM,ASML,ML/,20,110.7585,A,PUT,1745,1743.9,221517,8/21/2026,YELLOW,0,28,F,STOCK,Information Technology,F,F,758742000000,15
7/24/2026,3:27:14 PM,WDC,SWEEP,28,43.3357,,CALL,540,512.32,121340,8/14/2026,YELLOW,0,21,F,STOCK,Information Technology,F,T,252521000000,20
7/24/2026,3:31:47 PM,HOOD,BLOCK,62,7.4,,PUT,98,94.22,45880,7/31/2026,YELLOW,0,7,F,STOCK,Financials,T,T,95192000000,377
7/24/2026,3:32:48 PM,WDC,ML/,10,193,,CALL,430,514.05,193000,3/19/2027,YELLOW,0,238,F,STOCK,Information Technology,F,F,252521000000,0
7/24/2026,3:37:00 PM,WDC,SWEEP,40,27.5012,,CALL,525,515.07,110005,7/31/2026,YELLOW,0,7,F,STOCK,Information Technology,T,T,252521000000,34
7/24/2026,3:40:02 PM,LRCX,BLOCK,10,120.1,B,CALL,190,304.1,120100,9/18/2026,YELLOW,0,56,F,STOCK,Information Technology,F,F,512158000000,0
7/24/2026,3:41:46 PM,PLTR,BLOCK,40,42.3,B,CALL,85,123.235,169200,11/20/2026,YELLOW,0,119,F,STOCK,Information Technology,F,F,286478000000,0
7/24/2026,3:42:28 PM,PLTR,BLOCK,40,54.95,A,CALL,77.5,123.235,219800,6/17/2027,YELLOW,0,328,F,STOCK,Information Technology,F,T,286478000000,0
7/24/2026,3:44:15 PM,CRWV,SWEEP,619,3.9,,PUT,72,72.335,241410,7/31/2026,YELLOW,0,7,F,STOCK,Information Technology,T,T,49810000000,917
7/24/2026,3:44:27 PM,CRWV,SWEEP,94,3.95,A,PUT,72,72.311,37130,7/31/2026,YELLOW,0,7,F,STOCK,Information Technology,T,T,49810000000,917
7/24/2026,3:44:31 PM,LLY,BLOCK,97,30.72,,CALL,1320,1192.26,297984,9/18/2026,YELLOW,0,56,F,STOCK,Health Care,T,F,1037874000000,849
7/24/2026,3:47:32 PM,LRCX,ML/,7,149.6043,,CALL,170,303.27,104723,1/15/2027,YELLOW,0,175,F,STOCK,Information Technology,F,F,512158000000,0
7/24/2026,3:47:32 PM,LRCX,ML/,7,146.9471,,CALL,160,303.27,102863,9/18/2026,YELLOW,0,56,F,STOCK,Information Technology,F,F,512158000000,0
7/24/2026,3:48:49 PM,PLTR,BLOCK,90,2.7633,,CALL,125,123.423,24870,7/31/2026,YELLOW,0,7,F,STOCK,Information Technology,T,T,286478000000,995
7/24/2026,3:49:34 PM,CRWV,BLOCK,60,1.7,,CALL,79,72.15,10200,7/31/2026,YELLOW,0,7,F,STOCK,Information Technology,T,T,49810000000,499
7/24/2026,3:50:57 PM,ASML,ML/,7,89.63,,PUT,1765,1749.245,62741,8/7/2026,YELLOW,0,14,F,STOCK,Information Technology,T,T,758742000000,12
7/24/2026,3:51:02 PM,LRCX,ML/,43,19.68,,CALL,302.5,303.66,84624,7/31/2026,YELLOW,0,7,F,STOCK,Information Technology,T,T,512158000000,49
7/24/2026,3:51:17 PM,PLTR,BLOCK,51,3.5996,,CALL,123,123.03,18358,7/31/2026,YELLOW,0,7,F,STOCK,Information Technology,T,T,286478000000,239
7/24/2026,3:51:57 PM,PLTR,BLOCK,70,2.31,,CALL,126,123.03,16170,7/31/2026,YELLOW,0,7,F,STOCK,Information Technology,T,T,286478000000,877
7/24/2026,3:57:17 PM,CRWV,BLOCK,150,11.75,A,CALL,90,71.83,176250,12/18/2026,YELLOW,0,147,F,STOCK,Information Technology,T,F,49810000000,1190
7/24/2026,3:59:18 PM,CRWV,BLOCK,1000,3.15,AA,PUT,70,71.73,315000,7/31/2026,YELLOW,0,7,F,STOCK,Information Technology,T,T,49810000000,3684
7/24/2026,3:59:30 PM,CRWV,BLOCK,1000,3.16,AA,PUT,70,71.73,316000,7/31/2026,YELLOW,0,7,F,STOCK,Information Technology,T,T,49810000000,3684
