
[1m[46m RUN [49m[22m [36mv4.0.18 [39m[90mC:/Users/Patrick/uct-worktrees/notebook-w10-l13/app[39m

 [31m❯[39m src/__tests__/entryExcludesChartEngine.test.js [2m([22m[2m7 tests[22m[2m | [22m[31m2 failed[39m[2m)[22m[33m 418[2mms[22m[39m
     [32m✓[39m ⭐ NON-VACUITY: the walk from index.html reaches the always-mounted shell[32m 1[2mms[22m[39m
[31m     [31m×[31m ⛔ no module under components/chart/engine/ is on the entry's static closure[39m[32m 9[2mms[22m[39m
     [32m✓[39m 🧪 CONTROL: the same walker DOES reach the engine along a chain that is still static[32m 53[2mms[22m[39m
     [32m✓[39m 🧪 CONTROL: a dynamic import() is not followed, although its target is eager-heavy[32m 17[2mms[22m[39m
     [32m✓[39m 🧪 CONTROL: the lazy settings door in widgetEmbedCore is dynamic, and its target is engine-heavy[32m 54[2mms[22m[39m
[31m     [31m×[31m pages/journal-2-0/surfaces/NotebookSurface.jsx: no components/chart/engine/ module on its static closure[39m[32m 219[2mms[22m[39m
     [32m✓[39m pages/journal-2-0/JournalLayout.jsx: no components/chart/engine/ module on its static closure[32m 63[2mms[22m[39m
 [32m✓[39m src/components/chart/IndicatorSettingsDialog.everyAdjustment.test.jsx [2m([22m[2m61 tests[22m[2m)[22m[33m 33910[2mms[22m[39m
     [33m[2m✓[22m[39m rsi [33m 856[2mms[22m[39m
     [33m[2m✓[22m[39m macd [33m 1907[2mms[22m[39m
     [33m[2m✓[22m[39m bb [33m 1141[2mms[22m[39m
     [33m[2m✓[22m[39m vwap [33m 1571[2mms[22m[39m
     [33m[2m✓[22m[39m stoch [33m 1536[2mms[22m[39m
     [33m[2m✓[22m[39m atr [33m 765[2mms[22m[39m
     [33m[2m✓[22m[39m sar [33m 1139[2mms[22m[39m
     [33m[2m✓[22m[39m ichimoku [33m 3156[2mms[22m[39m
     [33m[2m✓[22m[39m mfi [33m 715[2mms[22m[39m
     [33m[2m✓[22m[39m cci [33m 761[2mms[22m[39m
     [33m[2m✓[22m[39m williamsR [33m 763[2mms[22m[39m
     [33m[2m✓[22m[39m adx [33m 1566[2mms[22m[39m
     [33m[2m✓[22m[39m obv [33m 379[2mms[22m[39m
     [33m[2m✓[22m[39m donchian [33m 734[2mms[22m[39m
     [33m[2m✓[22m[39m avwap [33m 1560[2mms[22m[39m
     [33m[2m✓[22m[39m atrBands [33m 1114[2mms[22m[39m
     [33m[2m✓[22m[39m movingAverage [33m 1125[2mms[22m[39m
     [33m[2m✓[22m[39m dataSeries [33m 394[2mms[22m[39m
     [33m[2m✓[22m[39m dollarVolume [33m 391[2mms[22m[39m
     [33m[2m✓[22m[39m rsLine [33m 1137[2mms[22m[39m
     [33m[2m✓[22m[39m rsi [33m 464[2mms[22m[39m
     [33m[2m✓[22m[39m macd [33m 454[2mms[22m[39m
     [33m[2m✓[22m[39m bb [33m 469[2mms[22m[39m
     [33m[2m✓[22m[39m vwap [33m 530[2mms[22m[39m
     [33m[2m✓[22m[39m stoch [33m 458[2mms[22m[39m
     [33m[2m✓[22m[39m atr [33m 420[2mms[22m[39m
     [33m[2m✓[22m[39m sar [33m 459[2mms[22m[39m
     [33m[2m✓[22m[39m ichimoku [33m 459[2mms[22m[39m
     [33m[2m✓[22m[39m mfi [33m 413[2mms[22m[39m
     [33m[2m✓[22m[39m cci [33m 477[2mms[22m[39m
     [33m[2m✓[22m[39m williamsR [33m 463[2mms[22m[39m
     [33m[2m✓[22m[39m adx [33m 442[2mms[22m[39m
     [33m[2m✓[22m[39m obv [33m 472[2mms[22m[39m
     [33m[2m✓[22m[39m donchian [33m 446[2mms[22m[39m
     [33m[2m✓[22m[39m avwap [33m 442[2mms[22m[39m
     [33m[2m✓[22m[39m atrBands [33m 480[2mms[22m[39m
     [33m[2m✓[22m[39m movingAverage [33m 470[2mms[22m[39m
     [33m[2m✓[22m[39m dataSeries [33m 482[2mms[22m[39m
     [33m[2m✓[22m[39m dollarVolume [33m 455[2mms[22m[39m
     [33m[2m✓[22m[39m rsLine [33m 445[2mms[22m[39m
 [32m✓[39m src/utils/marketSession.currentness.test.js [2m([22m[2m65 tests[22m[2m)[22m[33m 42580[2mms[22m[39m
     [33m[2m✓[22m[39m 2026-09-28: no prior-session tail is ever fresh once a bucket of 2026-09-28 has completed [33m 12240[2mms[22m[39m
     [33m[2m✓[22m[39m 2026-09-23: no prior-session tail is ever fresh once a bucket of 2026-09-23 has completed [33m 15130[2mms[22m[39m
     [33m[2m✓[22m[39m 2026-01-20: no prior-session tail is ever fresh once a bucket of 2026-01-20 has completed [33m 14993[2mms[22m[39m
 [32m✓[39m src/pages/journal-2-0/components/notebook/NoteEditorPage.cleanReread.test.jsx [2m([22m[2m6 tests[22m[2m)[22m[33m 19266[2mms[22m[39m
     [33m[2m✓[22m[39m visibilitychange: the append is adopted, the next word lands on it -- no conflicted copy [33m 3783[2mms[22m[39m
     [33m[2m✓[22m[39m window focus (a window switched back to) does the same [33m 3359[2mms[22m[39m
     [33m[2m✓[22m[39m words typed and not yet sent when the member comes back: nothing is adopted, the save forks, the append survives [33m 4061[2mms[22m[39m
     [33m[2m✓[22m[39m a word typed WHILE the re-read is on the wire stays on screen and in the local layers; nothing is adopted over it [33m 3816[2mms[22m[39m
     [33m[2m✓[22m[39m an entry still QUEUED for the note in the offline layer: the editor does not adopt [33m 2125[2mms[22m[39m
     [33m[2m✓[22m[39m an UNREADABLE unsent-work store is not clean: no extra GET, nothing adopted [33m 2120[2mms[22m[39m
 [32m✓[39m src/hub/rule12Paths.test.js [2m([22m[2m28 tests[22m[2m)[22m[33m 1789[2mms[22m[39m
     [33m[2m✓[22m[39m the rail can actually see this branch's changes — the non-vacuity control [33m 370[2mms[22m[39m
     [33m[2m✓[22m[39m ⛔ no file under the Notebook workstream's paths is touched, except the one permitted card [33m 515[2mms[22m[39m
     [33m[2m✓[22m[39m ⛔ the permitted file may ONLY gain the attribute — the exception is a shape, not a filename [33m 624[2mms[22m[39m
 [32m✓[39m src/pages/journal-2-0/lib/offline/f5p1OwnerSendsQueued.test.jsx [2m([22m[2m35 tests[22m[2m)[22m[33m 119970[2mms[22m[39m
     [33m[2m✓[22m[39m nothing moved on the server: the owner sends them, no banner, queue settled [33m 4475[2mms[22m[39m
     [33m[2m✓[22m[39m a metadata door moved it while away: 409, rebase, sent — no fork [33m 2458[2mms[22m[39m
     [33m[2m✓[22m[39m an append door added a widget while away: merged — sentence AND widget survive, no fork [33m 2533[2mms[22m[39m
     [33m[2m✓[22m[39m a second writer rewrote it while away: exactly ONE fork, never clobbered, queue settled [33m 2417[2mms[22m[39m
     [33m[2m✓[22m[39m a BLOCKED entry is not auto-sent — the member is asked, as before [33m 2390[2mms[22m[39m
     [33m[2m✓[22m[39m ⛔⛔ Restore after a second writer, then a keystroke: ONE fork, the other device’s words kept [33m 5405[2mms[22m[39m
     [33m[2m✓[22m[39m ⛔⛔ Restore after an append door, then a keystroke: the words AND the widget survive, no fork [33m 5494[2mms[22m[39m
     [33m[2m✓[22m[39m ⛔⛔ S2-A: words typed BEFORE recovery resolves are not overwritten — the queued words are offered, both survive [33m 2536[2mms[22m[39m
     [33m[2m✓[22m[39m ⛔⛔ S2-B: a save ON THE WIRE when recovery resolves is never raced — nothing is saved over it [33m 3145[2mms[22m[39m
     [33m[2m✓[22m[39m ⛔⛔ S2-A′: an edit since hydration is enough — even with its save LANDED, the queued words are offered, not adopted [33m 3452[2mms[22m[39m
     [33m[2m✓[22m[39m ⛔⛔ S2-B (Restore): a Restore clicked while the member’s own save is on the wire WAITS for it — nothing is saved over it [33m 5564[2mms[22m[39m
     [33m[2m✓[22m[39m ⛔ N6: when the view cannot take the queued words they are OFFERED — never passed off as adopted while still queued [33m 1138[2mms[22m[39m
     [33m[2m✓[22m[39m ⛔⛔ S1: words typed while the sibling is being created are never settled away [33m 3299[2mms[22m[39m
     [33m[2m✓[22m[39m ⛔⛔ S1′: a keystroke during the owner’s settle is on top of the server copy — its snapshot and draft survive, even offline [33m 4088[2mms[22m[39m
     [33m[2m✓[22m[39m ⛔⛔ R2: a keystroke still inside the durable window when the sibling lands is NOT settled away — the editor’s gate alone [33m 3495[2mms[22m[39m
     [33m[2m✓[22m[39m ⛔⛔ R1: typing ACROSS the view swap — words typed during the create request survive the next keystroke on the new view [33m 3843[2mms[22m[39m
     [33m[2m✓[22m[39m ⛔⛔ N4: a poisoned record is OFFERED, never adopted — nobody types, and the widget stays on the server [33m 2645[2mms[22m[39m
     [33m[2m✓[22m[39m ⛔⛔ N4: Restore of a poisoned record never adopts on its base — the Restore itself does not drop the widget [33m 4341[2mms[22m[39m
     [33m[2m✓[22m[39m ⭐ adopted and sent on the older copy: a metadata move rebases, the words arrive, no banner, no fork [33m 2441[2mms[22m[39m
     [33m[2m✓[22m[39m ⛔⛔ Restore on the older copy after a second writer, then a keystroke: ONE fork, the other device’s words kept [33m 5415[2mms[22m[39m
     [33m[2m✓[22m[39m ⭐ the draft the editor writes RECORDS the revision its words were typed on (the editor half) [33m 575[2mms[22m[39m
     [33m[2m✓[22m[39m ⛔⛔ a CRASH DRAFT that won, another device saved since, Restore then a keystroke: ONE fork, the other device’s words kept [33m 5400[2mms[22m[39m
     [33m[2m✓[22m[39m ⛔⛔ a record whose base is NEWER than its entry (the legitimate drain-rebase shape), a second writer, Restore then a keystroke: ONE fork, kept [33m 5478[2mms[22m[39m
     [33m[2m✓[22m[39m ⭐⭐ the open editor HOLDS its note’s owner lock, and another tab’s leading sweep leaves the note to it [33m 2809[2mms[22m[39m
     [33m[2m✓[22m[39m ⛔⛔ a keystroke queued behind an IN-FLIGHT durable write survives the fork fallback’s flush and the view swap [33m 4016[2mms[22m[39m
     [33m[2m✓[22m[39m ⛔⛔ (a) another tab’s sweep lands the SAME queued words while this editor opens: its own send 409s — no fork, the queue settles [33m 2432[2mms[22m[39m
     [33m[2m✓[22m[39m ⭐ (a) and a keystroke typed after the landing still goes out, on the server’s revision — nothing is swallowed by “caught up” [33m 3701[2mms[22m[39m
     [33m[2m✓[22m[39m ⛔ (a) CONTROL — a server that holds DIFFERENT words still forks: “landed” is byte-identical content, nothing looser [33m 2445[2mms[22m[39m
     [33m[2m✓[22m[39m ⛔⛔ (b) the title CLEARED offline, the tab crashed, Restore with the server unmoved: the cleared title and subtitle LAND [33m 4242[2mms[22m[39m
     [33m[2m✓[22m[39m ⛔⛔ (b) the NEXT session: a durable copy whose base has no body (as an offline Restore leaves it) is OFFERED, and its Restore still sends the cleared title [33m 4270[2mms[22m[39m
     [33m[2m✓[22m[39m ⭐ (b) CONTROL — against a KNOWN base an unchanged title is still not re-sent [33m 2436[2mms[22m[39m
     [33m[2m✓[22m[39m ⛔⛔ NN-1: the NEXT session, a base with no body, a door moved the note while away — nothing sent by ourselves, nothing forked; the words are OFFERED [33m 2582[2mms[22m[39m
     [33m[2m✓[22m[39m ⭐ NN-1: …and a Restore is the member’s choice — it sends on the words’ own revision and a moved server forks: ONE sibling, both copies kept [33m 4274[2mms[22m[39m
     [33m[2m✓[22m[39m ⭐⭐ NN-2: a METADATA-only difference is LANDED — the sweep landed the same words and a door moved folder and tags: no fork, nothing re-sent, the server’s folder and tags left alone [33m 2390[2mms[22m[39m
     [33m[2m✓[22m[39m ⛔⛔ NN-2: a TITLE-only difference is NOT landed — the same body landed but another device renamed the note: ONE fork, the rename kept [33m 2344[2mms[22m[39m
 [32m✓[39m src/pages/journal-2-0/a11y/noteEditor.a11y.test.jsx [2m([22m[2m13 tests[22m[2m)[22m[33m 24499[2mms[22m[39m
     [33m[2m✓[22m[39m surface "editor": axe finds 0 violations [33m 1020[2mms[22m[39m
     [33m[2m✓[22m[39m surface "editor:flags-off": axe finds 0 violations [33m 773[2mms[22m[39m
     [33m[2m✓[22m[39m surface "editor-slash": axe finds 0 violations [33m 2710[2mms[22m[39m
     [33m[2m✓[22m[39m surface "editor-find": axe finds 0 violations [33m 1943[2mms[22m[39m
     [33m[2m✓[22m[39m surface "editor-outline": axe finds 0 violations [33m 1628[2mms[22m[39m
     [33m[2m✓[22m[39m surface "editor-color": axe finds 0 violations [33m 1652[2mms[22m[39m
     [33m[2m✓[22m[39m surface "editor-table": axe finds 0 violations [33m 1419[2mms[22m[39m
     [33m[2m✓[22m[39m surface "editor-emoji": axe finds 0 violations [33m 2445[2mms[22m[39m
     [33m[2m✓[22m[39m surface "editor-note-link": axe finds 0 violations [33m 2898[2mms[22m[39m
     [33m[2m✓[22m[39m surface "editor-link-paste": axe finds 0 violations [33m 2494[2mms[22m[39m
     [33m[2m✓[22m[39m surface "editor-writing-help": axe finds 0 violations [33m 1905[2mms[22m[39m
     [33m[2m✓[22m[39m surface "editor-history": axe finds 0 violations [33m 2033[2mms[22m[39m
     [33m[2m✓[22m[39m surface "editor-palette": axe finds 0 violations [33m 1577[2mms[22m[39m
 [32m✓[39m src/pages/journal-2-0/lib/widgetEmbed.test.jsx [2m([22m[2m65 tests[22m[2m)[22m[33m 14499[2mms[22m[39m
     [33m[2m✓[22m[39m Aftermath peeks the window through now — view-only, draw-exclusive, never persisted [33m 348[2mms[22m[39m
     [33m[2m✓[22m[39m never rasterizes before the chart signals bars-ready (the blank-archive race) [33m 4019[2mms[22m[39m
     [33m[2m✓[22m[39m captures once bars are ready and patches the fallback onto the node [33m 3608[2mms[22m[39m
     [33m[2m✓[22m[39m refuses to rasterize a body showing a fallback, even with bars already ready [33m 6056[2mms[22m[39m
 [32m✓[39m src/pages/journal-2-0/components/notebook/NoteEditorPage.unsentTrash.test.jsx [2m([22m[2m14 tests[22m[2m)[22m[33m 15964[2mms[22m[39m
     [33m[2m✓[22m[39m a note holding unsent words is NOT trashed: the dialog names what is unsent [33m 834[2mms[22m[39m
     [33m[2m✓[22m[39m Send first: the words land (PUT 200) BEFORE the trash -- no 404, nothing stranded [33m 496[2mms[22m[39m
     [33m[2m✓[22m[39m still unsent after sending: it says so and does NOT trash [33m 1509[2mms[22m[39m
     [33m[2m✓[22m[39m Trash anyway is the member's explicit choice: it trashes [33m 885[2mms[22m[39m
     [33m[2m✓[22m[39m the door-guard mode cannot hide unsent words (the RAW signal decides) [33m 499[2mms[22m[39m
     [33m[2m✓[22m[39m an unreadable store is not a clean one: it asks, and says it could not check [33m 526[2mms[22m[39m
     [33m[2m✓[22m[39m words TYPED a moment ago (still inside the debounce, not in the store) stop the trash too [33m 802[2mms[22m[39m
     [33m[2m✓[22m[39m a Delete the server refuses says it could not trash the note, stays said past the old 2.4s fade, and leaves the note where it was [33m 3578[2mms[22m[39m
     [33m[2m✓[22m[39m …and so does a Trash anyway that the network drops, and it too stays said past 2.4s [33m 3940[2mms[22m[39m
     [33m[2m✓[22m[39m CONTROL: a note with nothing unsent trashes at once, no second question [33m 519[2mms[22m[39m
     [33m[2m✓[22m[39m a never-edited note containing a table trashes at once (CLEAN verdict, no typing) [33m 675[2mms[22m[39m
     [33m[2m✓[22m[39m a never-edited note containing a codeBlock trashes at once (CLEAN verdict, no typing) [33m 678[2mms[22m[39m
     [33m[2m✓[22m[39m a never-edited note containing a callout trashes at once (CLEAN verdict, no typing) [33m 553[2mms[22m[39m
     [33m[2m✓[22m[39m a never-edited note containing a taskList trashes at once (CLEAN verdict, no typing) [33m 467[2mms[22m[39m
 [32m✓[39m src/components/chart/builder/builderInputs.symbolClosure.test.js [2m([22m[2m22 tests[22m[2m)[22m[33m 11710[2mms[22m[39m
     [33m[2m✓[22m[39m mid_engagement__22-rsi-levels-regime-map closes over its own symbols (was: `lv3`) [33m 1737[2mms[22m[39m
     [33m[2m✓[22m[39m an output whose rows are stripped IS reported unbacked — control for the audit [33m 3039[2mms[22m[39m
     [33m[2m✓[22m[39m a sibling output that reads an input reports it in `memberInputs` [33m 3145[2mms[22m[39m
     [33m[2m✓[22m[39m the union over carried outputs covers every name any carried formula reads [33m 3374[2mms[22m[39m
 [32m✓[39m src/pages/journal-2-0/a11y/focusFlows.test.jsx [2m([22m[2m14 tests[22m[2m)[22m[33m 11970[2mms[22m[39m
     [33m[2m✓[22m[39m opening an existing note from the list focuses its heading, never a field [33m 485[2mms[22m[39m
     [33m[2m✓[22m[39m making a NEW note puts focus in its title (typing it is the next act) [33m 399[2mms[22m[39m
     [33m[2m✓[22m[39m a member who clicked into the sidebar keeps focus there when the note closes [33m 907[2mms[22m[39m
     [33m[2m✓[22m[39m deleting a note through ConfirmModal puts focus on the NEXT row [33m 1687[2mms[22m[39m
     [33m[2m✓[22m[39m deleting the LAST row puts focus on the pane heading, which then shows [33m 1833[2mms[22m[39m
     [33m[2m✓[22m[39m the skip link is the first focusable thing in the tab, and it moves focus [33m 473[2mms[22m[39m
     [33m[2m✓[22m[39m a Notebook Sheet (Save view) gives focus back to the button that opened it [33m 361[2mms[22m[39m
     [33m[2m✓[22m[39m closing Ask gives focus back to the Ask toggle [33m 1150[2mms[22m[39m
     [33m[2m✓[22m[39m closing the find bar gives focus back to the note [33m 623[2mms[22m[39m
     [33m[2m✓[22m[39m Escape in the slash menu leaves focus in the note, caret unmoved [33m 1365[2mms[22m[39m
     [33m[2m✓[22m[39m Escape in the emoji menu leaves focus in the note, caret unmoved [33m 1342[2mms[22m[39m
     [33m[2m✓[22m[39m closing the colour menu gives focus back to its toolbar button [33m 528[2mms[22m[39m
     [33m[2m✓[22m[39m closing the outline gives focus back to its toolbar button [33m 520[2mms[22m[39m
[90mstdout[2m | src/components/chart/engine/ast/pineStrictCensus.test.js[2m > [22m[2mstrict census
[22m[39m{
 "scripts": 129,
 "translate_lenient_ok": 68,
 "translate_strict_ok": 72,
 "translate_lenient_only": 10,
 "runtime_ok": 37,
 "runtime_ok_and_all_plots_present": 37,
 "runtime_ok_but_dropped_plots": 0,
 "HOSTABLE_strict_translate_AND_runtime": 32,
 "runtime_ok_but_translate_lenient_only": 0
}

-- lenient-but-not-strict (silent partials), first 12 --
   oos1/high_engagement__10-rsi-divergence-faytterro.pine  outputs=3 null=2
   oos1/high_engagement__22-reversal-probability-profile-algoalpha.pine  outputs=8 null=6
   oos1/mid_engagement__17-volume-surge-radar.pine  outputs=28 null=26
   oos1/mid_engagement__22-rsi-levels-regime-map.pine  outputs=28 null=2
   community/06-qqe-mod.pine  outputs=6 null=3
   community/23-higher-timeframe-ema.pine  outputs=1 null=0
   community/24-multi-timeframe-rsi.pine  outputs=8 null=6
   community/25-spy-expected-move-by-vix.pine  outputs=21 null=20
   curated/03-rsi-directional-momentum-scanner.pine  outputs=20 null=4
   curated/15-anchored-vwap.pine  outputs=11 null=10

-- runtime ok but DROPPED plots, first 12 --

 [32m✓[39m src/components/chart/engine/ast/pineStrictCensus.test.js [2m([22m[2m1 test[22m[2m)[22m[33m 7232[2mms[22m[39m
   [33m[2m✓[22m[39m strict census [33m 7231[2mms[22m[39m
 [32m✓[39m src/components/chart/builder/BuilderSheet.test.jsx [2m([22m[2m66 tests[22m[2m)[22m[33m 14078[2mms[22m[39m
     [33m[2m✓[22m[39m an invalid formula shows an ERROR CHIP and never a blank chart [33m 605[2mms[22m[39m
     [33m[2m✓[22m[39m ⛔ MANDATORY: a refused formula shows its REASON, verbatim, at every door [33m 399[2mms[22m[39m
     [33m[2m✓[22m[39m the READ-BACK is shown before Save, and Save is disabled until it is [33m 883[2mms[22m[39m
     [33m[2m✓[22m[39m ⛔ MANDATORY: the read-back is `sentenceFor`'s OWN string — not the source, not a paraphrase [33m 501[2mms[22m[39m
     [33m[2m✓[22m[39m a formula with NO read-back cannot be saved [33m 578[2mms[22m[39m
     [33m[2m✓[22m[39m 🔴 THE WRONG DOOR: `foo(close, 3)` is refused as an UNKNOWN FUNCTION, never as a repaint [33m 460[2mms[22m[39m
     [33m[2m✓[22m[39m ⛔ the builder does NOT write into `chart_settings` [33m 448[2mms[22m[39m
     [33m[2m✓[22m[39m a store refusal reaches the user as the STORE's sentence, not a paraphrase [33m 438[2mms[22m[39m
     [33m[2m✓[22m[39m installs the STORED definition and writes ONE instance naming the STORE's id [33m 476[2mms[22m[39m
     [33m[2m✓[22m[39m ⛔ writes NOTHING when the store REFUSES the save [33m 458[2mms[22m[39m
     [33m[2m✓[22m[39m ⛔ writes NOTHING, and SAYS SO, when the definition cannot INSTALL [33m 441[2mms[22m[39m
     [33m[2m✓[22m[39m RISK-012: two Save clicks fired before the first repaint still write ONCE [33m 474[2mms[22m[39m
     [33m[2m✓[22m[39m a READ-ONLY mount still saves and still refuses to touch a chart it has no handle on [33m 449[2mms[22m[39m
     [33m[2m✓[22m[39m ⭐ drafting from the sheet issues the REAL propose request [33m 383[2mms[22m[39m
     [33m[2m✓[22m[39m ⭐⭐ accepting a proposal lands in the SHEET'S OWN formula state [33m 1146[2mms[22m[39m
     [33m[2m✓[22m[39m ⛔ THE BOX STILL NEVER SAVES — accepting writes nothing [33m 792[2mms[22m[39m
     [33m[2m✓[22m[39m Cancel on a DIRTY sheet does not close — it asks [33m 405[2mms[22m[39m
     [33m[2m✓[22m[39m …and "Discard" then actually closes [33m 460[2mms[22m[39m
     [33m[2m✓[22m[39m …and "Keep editing" leaves the formula exactly where it was [33m 875[2mms[22m[39m
     [33m[2m✓[22m[39m ⛔ THE CONTROL — a CLEAN sheet closes instantly, with no prompt [33m 393[2mms[22m[39m
     [33m[2m✓[22m[39m 🔴 recolouring plot 1 with the FORMULA BOX untouched is dirty too (FIX ROUND 1, MINOR 5) [33m 407[2mms[22m[39m
     [33m[2m✓[22m[39m the trash icon ARMS a confirm — it does not delete [33m 761[2mms[22m[39m
     [33m[2m✓[22m[39m ⛔ "Keep" disarms it, still without deleting [33m 1119[2mms[22m[39m
 [32m✓[39m src/pages/desk/VideosSection.landing.test.jsx [2m([22m[2m90 tests[22m[2m)[22m[33m 7743[2mms[22m[39m
   [33m[2m✓[22m[39m a path resolving fewer than 2 lessons is hidden; all-hidden drops the section [33m 369[2mms[22m[39m
   [33m[2m✓[22m[39m progress math: unstarted cards carry no bar/count; partial shows "n of M" + bar width; all-done shows full [33m 679[2mms[22m[39m
   [33m[2m✓[22m[39m card click writes ?path=<slug> by MERGING params and opens the syllabus [33m 375[2mms[22m[39m
 [32m✓[39m src/components/chart/builder/BuilderSheet.edit.test.jsx [2m([22m[2m20 tests[22m[2m)[22m[33m 8000[2mms[22m[39m
     [33m[2m✓[22m[39m puts its SOURCE and its NAME back in the form, and says it is an edit [33m 356[2mms[22m[39m
     [33m[2m✓[22m[39m PUTs to the definition's own id and the chart draws the NEW values [33m 454[2mms[22m[39m
     [33m[2m✓[22m[39m reconciles the STORE's version and rev into what it installs [33m 648[2mms[22m[39m
     [33m[2m✓[22m[39m a RENAME reaches the registry, which a static version would have hidden [33m 558[2mms[22m[39m
     [33m[2m✓[22m[39m says how many alerts the maths change moved, and only when it moved some [33m 623[2mms[22m[39m
     [33m[2m✓[22m[39m a RENAME claims NO migration [33m 532[2mms[22m[39m
     [33m[2m✓[22m[39m sends NOTHING and leaves the drawn definition untouched [33m 630[2mms[22m[39m
     [33m[2m✓[22m[39m a STORE refusal leaves the drawn definition untouched too [33m 631[2mms[22m[39m
     [33m[2m✓[22m[39m writes NO instance on an edit, and the CREATE control writes exactly one [33m 1140[2mms[22m[39m
     [33m[2m✓[22m[39m the builder can SAVE an input-referencing formula [33m 528[2mms[22m[39m
     [33m[2m✓[22m[39m the note appears when a description was already typed [33m 565[2mms[22m[39m
     [33m[2m✓[22m[39m ⛔ THE CONTROL — with no description there is nothing to mark [33m 495[2mms[22m[39m
 [32m✓[39m src/pages/journal-2-0/components/notebook/NoteEditorPage.interleavings.test.jsx [2m([22m[2m6 tests[22m[2m)[22m[33m 4408[2mms[22m[39m
     [33m[2m✓[22m[39m the durable copy lands FIRST and the ack then retires it [33m 1265[2mms[22m[39m
     [33m[2m✓[22m[39m ends clean: the late local write cannot leave the note owing a sync [33m 305[2mms[22m[39m
     [33m[2m✓[22m[39m ⭐ the NEWEST words survive, in both the working copy and the intent [33m 422[2mms[22m[39m
     [33m[2m✓[22m[39m the synchronous draft still holds the newest text, and it is what recovery offers [33m 700[2mms[22m[39m
     [33m[2m✓[22m[39m the working copy AND its queued intent are what reopening recovers [33m 1279[2mms[22m[39m
     [33m[2m✓[22m[39m ⛔ cannot resurrect the dirty flag or re-queue an intent the server already has [33m 435[2mms[22m[39m
 [32m✓[39m src/components/chart/engine/__tests__/vendorHarness/vendorHarness.c21DualView.test.js [2m([22m[2m3 tests[22m[2m)[22m[33m 921[2mms[22m[39m
     [33m[2m✓[22m[39m ⭐ the runtime run finds TradingView's 43 patterns in its order — and the bar is over the ceiling [33m 466[2mms[22m[39m
 [32m✓[39m src/pages/journal-2-0/components/notebook/FolderSidebar.test.jsx [2m([22m[2m128 tests[22m[2m)[22m[33m 5585[2mms[22m[39m
     [33m[2m✓[22m[39m caps the tag list to the top 40 by count and reveals the rest via "Show all tags" [33m 1570[2mms[22m[39m
 [32m✓[39m src/pages/journal-2-0/components/notebook/NoteEditorPage.unlock.test.jsx [2m([22m[2m4 tests[22m[2m)[22m[33m 3413[2mms[22m[39m
     [33m[2m✓[22m[39m unlock, a keystroke, the autosave: the PUT carries the POST-unlock revision and lands — no 409, no fork [33m 1572[2mms[22m[39m
     [33m[2m✓[22m[39m the unlock's revision is recorded as THIS browser's, and the durable copy is settled onto it [33m 450[2mms[22m[39m
     [33m[2m✓[22m[39m ⛔ CONTROL — a server copy that MOVED BEYOND the lock (another device wrote words) is never adopted as the base [33m 833[2mms[22m[39m
     [33m[2m✓[22m[39m an unlock answer with no revision in it (a bare {ok:true}) still unlocks, and settles nothing it was not told [33m 557[2mms[22m[39m
 [32m✓[39m src/pages/breadth/breadthUrlRoute.test.jsx [2m([22m[2m17 tests[22m[2m)[22m[33m 4005[2mms[22m[39m
     [33m[2m✓[22m[39m still applies the link on the FIRST mount after a tab switch away and back [33m 369[2mms[22m[39m
     [33m[2m✓[22m[39m a window change that empties rows does not resurrect the link [33m 436[2mms[22m[39m
     [33m[2m✓[22m[39m and does not write the reverted style back into the stored preference [33m 508[2mms[22m[39m
     [33m[2m✓[22m[39m a style change, a layout change and the window all reach the query [33m 709[2mms[22m[39m
     [33m[2m✓[22m[39m drops the quad from the query on the way back to Single [33m 439[2mms[22m[39m
[90mstdout[2m | src/components/ui/formControls.census.test.js[2m > [22m[2mthe census, printed[2m > [22m[2mreports kinds, implementations, clusters, wrappers and label association
[22m[39m[term-067 form-control census]
    population 1772 files · with controls 271 · sites 969 · listbox popups (not counted) 25
    derived primitives (app/src/components/ui/): app/src/components/ui/Checkbox {Checkbox} · app/src/components/ui/Input {Input} · app/src/components/ui/Select {Select} · app/src/components/ui/Switch {Switch}
    partner-owned (counted, not dropped): app/src/pages/OptionsFlow.jsx = 17 sites
    by kind:
      text                           266
      select                         164
      checkbox                       126
      toggle-button                  114
      number                          96
      textarea                        63
      date                            45
      file                            27
      switch                          22
      radio                           17
      range                           14
      primitive:Switch                 5
      primitive:Select                 3
      color                            2
      dynamic                          2
      primitive:Input                  2
      primitive:Checkbox               1
    by implementation:
      native                         814
      pressed                        114
      aria                            30
      primitive                       11
    by kind / implementation:
      text / native                  266
      select / native                164
      checkbox / native              125
      toggle-button / pressed        114
      number / native                 96
      textarea / native               63
      date / native                   45
      file / native                   27
      switch / aria                   22
      range / native                  13
      radio / native                  11
      radio / aria                     6
      primitive:Switch / primitive     5
      primitive:Select / primitive     3
      color / native                   2
      dynamic / native                 2
      primitive:Input / primitive      2
      checkbox / aria                  1
      primitive:Checkbox / primitive     1
      range / aria                     1
    hand-rolled switches (the ONE ratcheted family):
        12  app/src/components/chart/ChartSettingsModal.jsx
         3  app/src/components/chart/ChartDrawingOverlay.jsx
         3  app/src/pages/charts/mobile/MobileIndicatorSheet.jsx
         2  app/src/components/chart/ChartSettingsIndicators.jsx
         2  app/src/components/chart/IndicatorSettingsDialog.jsx
    label association:
      labelled                       656
      placeholder-only               184
      unlabelled                     111
      primitive                       11
      indeterminate                    6
      hidden                           1
    label association, by kind:
      text             labelled=132 placeholder-only=118 unlabelled=15 indeterminate=1
      select           labelled=111 unlabelled=47 placeholder-only=4 indeterminate=2
      checkbox         labelled=121 unlabelled=5
      toggle-button    labelled=114
      number           labelled=59 placeholder-only=26 unlabelled=9 indeterminate=2
      textarea         placeholder-only=36 labelled=22 unlabelled=5
      date             labelled=39 unlabelled=6
      file             unlabelled=14 labelled=12 hidden=1
      switch           labelled=18 unlabelled=3 indeterminate=1
      radio            labelled=16 unlabelled=1
      range            labelled=9 unlabelled=5
      primitive:Switch primitive=5
      primitive:Select primitive=3
      color            labelled=1 unlabelled=1
      dynamic          labelled=2
      primitive:Input  primitive=2
      primitive:Checkbox primitive=1
    most unlabelled sites:
        14  app/src/pages/Settings.jsx
         9  app/src/pages/OptionsFlow_admin.jsx
         8  app/src/components/chart/ChartToolbar.jsx
         8  app/src/pages/desk/TeamSection.jsx
         5  app/src/pages/OptionsFlow.jsx
         4  app/src/pages/Admin.jsx
         4  app/src/pages/LiveFlowMassive.jsx
         4  app/src/pages/ModelBook.jsx
         4  app/src/pages/journal-2-0/components/options/AddOptionStrategyModal.jsx
         3  app/src/components/chart/ChartSettingsModal.jsx
    duplication clusters (hand-rolled shape, >=3 sites in >=2 files):
        54 sites /  36 files  pressed:toggle-button <button type=button> [aria-pressed,className] > ()
        19 sites /   4 files  aria:switch <button type=button> [aria-checked,className] > (span)
        15 sites /  14 files  pressed:toggle-button <button type=button> [aria-pressed,className] > (UIcon)
        10 sites /   6 files  pressed:toggle-button <button type=button> [aria-pressed,className] > (span)
         7 sites /   6 files  pressed:toggle-button <button type=button> [aria-pressed,className] > (span,span)
         7 sites /   4 files  pressed:toggle-button <button> [aria-pressed,className] > ()
         5 sites /   3 files  primitive:primitive:Switch <Switch> [className] > ()
         4 sites /   4 files  aria:radio <button type=button> [aria-checked,className] > ()
         3 sites /   3 files  pressed:toggle-button <button type=button> [aria-pressed,style] > ()
    local wrapper components (one control, <=6 elements):
      AccountSelect          x1
      AddStockRow            x1
      AddTickerBar           x1
      ArchiveSearch          x1
      AttachVideoSearch      x1
      BarsField              x1
      BreadthViewSwitcher    x1
      CB                     x1
      CaptureMenu            x1
      ChartEarningsButton    x1
      ChartPanelsButton      x1
      CheckList              x1
      ChipRow                x1
      DeferredTextInput      x1
      FilingWatchAction      x1
      HubScrubRange          x1
      MapRow                 x1
      NegateToggle           x1
      NoteCard               x1
      NoteEditor             x1
      NumField               x1
      NumberField            x1
      NumberInput            x1
      NumberSetting          x1
      PatternToolbarButton   x1
      QuickPresetSwitcher    x1
      ResizableImageView     x1
      Row                    x1
      SaveScanButton         x1
      Scrubber               x1
      SearchBox              x1
      SideToggles            x1
      SwitchTickerBox        x1
      SymbolInput            x1
      TagChipPicker          x1
      TagSuggestInput        x1
      TextInputOverlay       x1
      ThemeSearchBox         x1
      TickerList             x1
      Tile                   x1
      ViewHoldingsControl    x1

 [32m✓[39m src/components/ui/formControls.census.test.js [2m([22m[2m25 tests[22m[2m)[22m[33m 2737[2mms[22m[39m
     [33m[2m✓[22m[39m git returned a real tree, and parse failures are zero [33m 2713[2mms[22m[39m
 [32m✓[39m src/pages/journal-2-0/components/notebook/MemberTemplates.test.jsx [2m([22m[2m6 tests[22m[2m)[22m[33m 2129[2mms[22m[39m
     [33m[2m✓[22m[39m renames in place and says so [33m 650[2mms[22m[39m
     [33m[2m✓[22m[39m asks before deleting, and deletes only on the second press [33m 422[2mms[22m[39m
     [33m[2m✓[22m[39m "Keep it" deletes nothing, and a refused delete says the template is still there [33m 794[2mms[22m[39m
 [32m✓[39m src/components/chart/mobileScaleAndVolume.test.jsx [2m([22m[2m27 tests[22m[2m)[22m[33m 2074[2mms[22m[39m
     [33m[2m✓[22m[39m they are CONTEXTUAL — no crosshair, no rows [33m 402[2mms[22m[39m
 [32m✓[39m src/pages/journal-2-0/components/notebook/NoteEditorPage.wave5.test.jsx [2m([22m[2m7 tests[22m[2m)[22m[33m 1959[2mms[22m[39m
     [33m[2m✓[22m[39m the toolbar button opens the picker; a pick colours the selection and closes it [33m 943[2mms[22m[39m
 [32m✓[39m src/pages/journal-2-0/lib/lazyChunk.test.jsx [2m([22m[2m14 tests[22m[2m)[22m[33m 1877[2mms[22m[39m
     [33m[2m✓[22m[39m rendered: the view appears with NO page reload (the walk’s W7, in jsdom) [33m 330[2mms[22m[39m
     [33m[2m✓[22m[39m one failed import followed by success renders the view with NO page reload [33m 328[2mms[22m[39m
     [33m[2m✓[22m[39m one failed import followed by success renders the view with NO page reload [33m 327[2mms[22m[39m
     [33m[2m✓[22m[39m two failed imports: NO page reload, and the leaf’s own fallback is shown [33m 328[2mms[22m[39m
     [33m[2m✓[22m[39m a module that throws while it evaluates is not retried; the leaf’s fallback, no reload [33m 334[2mms[22m[39m
 [32m✓[39m src/components/chart/ChartSettingsModal.chartData.test.jsx [2m([22m[2m33 tests[22m[2m)[22m[33m 2303[2mms[22m[39m
     [33m[2m✓[22m[39m ⚰️⚰️⚰️ the shell does not resize when you switch tabs — any of them [33m 302[2mms[22m[39m
     [33m[2m✓[22m[39m ⚰️⚰️ …and NO TAB IS CAPPED INSIDE IT EITHER [33m 313[2mms[22m[39m
 [32m✓[39m src/pages/Watchlists.rowmenu.test.jsx [2m([22m[2m8 tests[22m[2m)[22m[33m 1905[2mms[22m[39m
   [33m[2m✓[22m[39m a note opened from the row menu shows what was saved and persists an edit [33m 763[2mms[22m[39m
   [33m[2m✓[22m[39m the price alert entry opens the alert popover for that symbol [33m 392[2mms[22m[39m
 [32m✓[39m src/pages/journal-2-0/components/notebook/ResearchHome.citations.test.jsx [2m([22m[2m10 tests[22m[2m)[22m[33m 1777[2mms[22m[39m
     [33m[2m✓[22m[39m an EXCERPT opens its PDF at the cited page, emphasising the passage [33m 574[2mms[22m[39m
 [32m✓[39m src/pages/journal-2-0/components/notebook/NoteEditorPage.conflict.test.jsx [2m([22m[2m11 tests[22m[2m)[22m[33m 1826[2mms[22m[39m
     [33m[2m✓[22m[39m does NOT re-send the local body after the server prose moved on [33m 632[2mms[22m[39m
 [32m✓[39m src/pages/journal-2-0/components/notebook/BulkActionBar.test.jsx [2m([22m[2m28 tests[22m[2m)[22m[33m 1727[2mms[22m[39m
 [32m✓[39m src/pages/journal-2-0/components/VoiceInputButton.holdOnFailure.test.jsx [2m([22m[2m10 tests[22m[2m)[22m[33m 1519[2mms[22m[39m
 [32m✓[39m src/pages/journal-2-0/tabs/OpenPositionsTab.deleteFocus.test.jsx [2m([22m[2m3 tests[22m[2m)[22m[33m 1617[2mms[22m[39m
     [33m[2m✓[22m[39m deleting a row lands on the NEXT row as it shows, not <body> [33m 714[2mms[22m[39m
     [33m[2m✓[22m[39m deleting the last row lands on the row before it [33m 545[2mms[22m[39m
     [33m[2m✓[22m[39m deleting the only row lands on "+ Add Position" [33m 357[2mms[22m[39m
 [32m✓[39m src/components/TickerActions.listpicker.test.jsx [2m([22m[2m6 tests[22m[2m)[22m[33m 627[2mms[22m[39m
 [32m✓[39m src/components/chart/DrawingContextMenu.test.jsx [2m([22m[2m64 tests[22m[2m)[22m[33m 1677[2mms[22m[39m
 [32m✓[39m src/pages/journal-2-0/hooks/useJ2Notes.tagFollow.test.jsx [2m([22m[2m6 tests[22m[2m)[22m[33m 1388[2mms[22m[39m
     [33m[2m✓[22m[39m one focus after a tag moved elsewhere asks the tags once, however many lists see it [33m 311[2mms[22m[39m
 [32m✓[39m src/pages/charts/widgets/DockNews.test.jsx [2m([22m[2m30 tests[22m[2m)[22m[33m 1381[2mms[22m[39m
     [33m[2m✓[22m[39m searches stored history server-side after debounce [33m 436[2mms[22m[39m
 [32m✓[39m src/pages/journal-2-0/components/notebook/NoteFindBar.test.jsx [2m([22m[2m32 tests[22m[2m)[22m[33m 1565[2mms[22m[39m
 [32m✓[39m src/components/chart/engine/__tests__/secondarySourceLive.test.jsx [2m([22m[2m22 tests[22m[2m)[22m[33m 1407[2mms[22m[39m
 [32m✓[39m src/components/chart/engine/__tests__/c12BlockState.vendor.test.js [2m([22m[2m8 tests[22m[2m)[22m[33m 1307[2mms[22m[39m
 [32m✓[39m src/components/chart/builder/pineBoxImportTelemetry.test.jsx [2m([22m[2m5 tests[22m[2m)[22m[33m 1222[2mms[22m[39m
     [33m[2m✓[22m[39m ⭐⭐ onImportTelemetry fires once, with the dialect, exactly when onPick fires [33m 349[2mms[22m[39m
 [32m✓[39m src/pages/journal-2-0/components/notebook/TableToolbar.test.jsx [2m([22m[2m22 tests[22m[2m)[22m[33m 1316[2mms[22m[39m
 [32m✓[39m src/pages/charts/widgets/ScanObjectCard.test.jsx [2m([22m[2m5 tests[22m[2m)[22m[33m 1175[2mms[22m[39m
     [33m[2m✓[22m[39m lands in the Formula field on the Conditions tab, and Save writes that exact tree [33m 1062[2mms[22m[39m
 [32m✓[39m src/components/provenance/Cited.test.jsx [2m([22m[2m21 tests[22m[2m)[22m[33m 1194[2mms[22m[39m
 [32m✓[39m src/pages/journal-2-0/components/ImportCsvModal.test.jsx [2m([22m[2m16 tests[22m[2m)[22m[33m 1086[2mms[22m[39m
 [32m✓[39m src/pages/journal-2-0/components/notebook/NoteEditorPage.telemetry.test.jsx [2m([22m[2m6 tests[22m[2m)[22m[33m 1086[2mms[22m[39m
     [33m[2m✓[22m[39m a save that gives up (a 4xx) is reported once, as http, not retrying [33m 609[2mms[22m[39m
 [32m✓[39m src/components/calendar/CallRecapSection.citations.test.jsx [2m([22m[2m17 tests[22m[2m)[22m[33m 1079[2mms[22m[39m
 [32m✓[39m src/pages/desk/PathView.planned.test.jsx [2m([22m[2m23 tests[22m[2m)[22m[33m 1103[2mms[22m[39m
 [32m✓[39m src/pages/journal-2-0/components/notebook/NoteEditorPage.loaderror.test.jsx [2m([22m[2m7 tests[22m[2m)[22m[33m 1025[2mms[22m[39m
     [33m[2m✓[22m[39m shows a distinct error card, never an infinite "Loading…", when the initial fetch fails [33m 465[2mms[22m[39m
 [32m✓[39m src/pages/journal-2-0/components/notebook/NoteEditorPage.blockquoteAfterList.test.jsx [2m([22m[2m2 tests[22m[2m)[22m[33m 1032[2mms[22m[39m
     [33m[2m✓[22m[39m the walk's own sequence: caret in a paragraph, click "1. List", then click "❝" -- a real, pre-existing schema refusal, not a regression [33m 878[2mms[22m[39m
 [32m✓[39m src/pages/journal-2-0/lib/memoDocJSON.test.js [2m([22m[2m6 tests[22m[2m)[22m[33m 416[2mms[22m[39m
 [32m✓[39m src/components/chart/engine/__tests__/textValueForms.vendor.test.js [2m([22m[2m10 tests[22m[2m)[22m[33m 1150[2mms[22m[39m
     [33m[2m✓[22m[39m ⭐⭐ ema-ribbon's footer: "RDDT", as TradingView drew it [33m 304[2mms[22m[39m
     [33m[2m✓[22m[39m ⭐⭐ rsmi: the vendor's info box, character for character [33m 500[2mms[22m[39m
 [32m✓[39m src/pages/journal-2-0/tabs/NotebookTab.calendarView.test.jsx [2m([22m[2m6 tests[22m[2m)[22m[33m 1022[2mms[22m[39m
     [33m[2m✓[22m[39m switching to calendar mounts it and takes down the card grid [33m 383[2mms[22m[39m
 [32m✓[39m src/components/chart/engine/__tests__/vendorHarness/vendorHarness.c16Smc.test.js [2m([22m[2m5 tests[22m[2m)[22m[33m 987[2mms[22m[39m
     [33m[2m✓[22m[39m ⭐ the member door converts the zone logic WHOLE — nothing dropped [33m 333[2mms[22m[39m
 [32m✓[39m src/components/research/sections/StatementPanels.test.jsx [2m([22m[2m32 tests[22m[2m)[22m[33m 1050[2mms[22m[39m
 [32m✓[39m src/pages/desk/ArticleReader.actions.test.jsx [2m([22m[2m8 tests[22m[2m)[22m[33m 871[2mms[22m[39m
 [32m✓[39m src/components/chart/builder/BuilderSheet.dynamicColour.test.jsx [2m([22m[2m4 tests[22m[2m)[22m[33m 895[2mms[22m[39m
     [33m[2m✓[22m[39m ⭐ multi-plot: the rule lands on the row that carried it, not on plot 1 [33m 302[2mms[22m[39m
 [32m✓[39m src/pages/Dashboard.holiday.test.jsx [2m([22m[2m12 tests[22m[2m)[22m[33m 1286[2mms[22m[39m
     [33m[2m✓[22m[39m PREMARKET on a closure renders The Week twice, never the catalyst hero [33m 666[2mms[22m[39m
 [32m✓[39m src/pages/journal-2-0/JournalLayout.compactHeader.test.jsx [2m([22m[2m22 tests[22m[2m)[22m[33m 953[2mms[22m[39m
     [33m[2m✓[22m[39m M-1 -- the open tools fold again when the route changes (and stay folded on return) [33m 342[2mms[22m[39m
 [32m✓[39m src/pages/journal-2-0/components/notebook/NoteOutline.test.jsx [2m([22m[2m22 tests[22m[2m)[22m[33m 908[2mms[22m[39m
 [32m✓[39m src/components/chart/SourceField.test.jsx [2m([22m[2m17 tests[22m[2m)[22m[33m 887[2mms[22m[39m
 [32m✓[39m src/components/TickerActions.compare.test.jsx [2m([22m[2m5 tests[22m[2m)[22m[33m 331[2mms[22m[39m
 [32m✓[39m src/pages/journal-2-0/components/notebook/FinancialFactView.test.jsx [2m([22m[2m13 tests[22m[2m)[22m[32m 221[2mms[22m[39m
 [32m✓[39m src/pages/journal-2-0/components/notebook/NoteEditorPage.viewNotMounted.test.jsx [2m([22m[2m3 tests[22m[2m)[22m[33m 969[2mms[22m[39m
     [33m[2m✓[22m[39m the page survives: no ErrorBoundary fallback, the editor renders the note [33m 765[2mms[22m[39m
 [32m✓[39m src/components/Layout.skipLink.test.jsx [2m([22m[2m5 tests[22m[2m)[22m[33m 780[2mms[22m[39m
 [32m✓[39m src/lib/taxonomy/a8Taxonomy.rail.test.js [2m([22m[2m5 tests[22m[2m)[22m[33m 792[2mms[22m[39m
     [33m[2m✓[22m[39m no product module restates an A8 vocabulary or holds a bare tag literal in a tag position [33m 784[2mms[22m[39m
 [32m✓[39m src/pages/cot/cotCompose.test.js [2m([22m[2m12 tests[22m[2m)[22m[33m 764[2mms[22m[39m
 [32m✓[39m src/pages/journal-2-0/components/notebook/PropertiesSection.autofill.test.jsx [2m([22m[2m12 tests[22m[2m)[22m[33m 764[2mms[22m[39m
 [32m✓[39m src/components/chart/builder/editor/CodeEditor.test.jsx [2m([22m[2m36 tests[22m[2m)[22m[33m 814[2mms[22m[39m
     [33m[2m✓[22m[39m ⛔ AND THE SETTLED SCOPE REACHES THE COMPLETION SOURCE, not only the tokenizer [33m 354[2mms[22m[39m
 [32m✓[39m src/pages/journal-2-0/tabs/NotebookTab.timeline.test.jsx [2m([22m[2m3 tests[22m[2m)[22m[33m 757[2mms[22m[39m
     [33m[2m✓[22m[39m is offered in the toolbar and draws the timeline [33m 546[2mms[22m[39m
 [32m✓[39m src/pages/journal-2-0/lib/offline/selfFork.test.jsx [2m([22m[2m12 tests[22m[2m)[22m[33m 664[2mms[22m[39m
 [32m✓[39m src/pages/Watchlists.virtualized.test.jsx [2m([22m[2m6 tests[22m[2m)[22m[33m 707[2mms[22m[39m
 [32m✓[39m src/components/chart/IndicatorAlertPopover.test.jsx [2m([22m[2m47 tests[22m[2m)[22m[33m 627[2mms[22m[39m
 [32m✓[39m src/pages/screener/sharedScreen.route.test.jsx [2m([22m[2m9 tests[22m[2m)[22m[33m 658[2mms[22m[39m
     [33m[2m✓[22m[39m the URL a member copies renders the shared screen [33m 348[2mms[22m[39m
 [32m✓[39m src/hub/hubWiring.test.jsx [2m([22m[2m13 tests[22m[2m)[22m[33m 364[2mms[22m[39m
 [32m✓[39m src/pages/calendar/Calendar.earningsRoute.test.jsx [2m([22m[2m18 tests[22m[2m)[22m[33m 714[2mms[22m[39m
 [32m✓[39m src/pages/journal-2-0/components/InboundEmailCard.test.jsx [2m([22m[2m13 tests[22m[2m)[22m[33m 708[2mms[22m[39m
 [32m✓[39m src/components/navGroups.route.test.jsx [2m([22m[2m10 tests[22m[2m)[22m[33m 670[2mms[22m[39m
     [33m[2m✓[22m[39m /catalysts on its own resolves to the 404 page — proving the gap is real, not assumed [33m 326[2mms[22m[39m
 [32m✓[39m src/components/chart/indicators.macdAlignment.test.js [2m([22m[2m364 tests[22m[2m)[22m[33m 666[2mms[22m[39m
 [32m✓[39m src/components/chart/engine/__tests__/vendorHarness/vendorHarness.trendlinesLegacy.test.js [2m([22m[2m3 tests[22m[2m)[22m[33m 639[2mms[22m[39m
 [32m✓[39m src/pages/charts/widgets/AiSearchWidget.scanObject.test.jsx [2m([22m[2m3 tests[22m[2m)[22m[33m 640[2mms[22m[39m
     [33m[2m✓[22m[39m flag on: the object appears BESIDE the prose with its Open in builder door [33m 371[2mms[22m[39m
 [32m✓[39m src/pages/formulas/formulaReference.route.test.jsx [2m([22m[2m8 tests[22m[2m)[22m[33m 597[2mms[22m[39m
 [32m✓[39m src/components/chart/builder/ImportBox.sourceSurvival.test.jsx [2m([22m[2m5 tests[22m[2m)[22m[33m 610[2mms[22m[39m
 [32m✓[39m src/pages/journal-2-0/a11y/settingsCards.a11y.test.jsx [2m([22m[2m4 tests[22m[2m)[22m[33m 556[2mms[22m[39m
 [32m✓[39m src/pages/cot/cotAnalogs.test.js [2m([22m[2m34 tests[22m[2m)[22m[33m 587[2mms[22m[39m
 [32m✓[39m src/pages/journal-2-0/components/notebook/ThesisReviewSection.test.jsx [2m([22m[2m28 tests[22m[2m)[22m[33m 577[2mms[22m[39m
 [32m✓[39m src/pages/journal-2-0/surfaces/TodaySurface.test.jsx [2m([22m[2m26 tests[22m[2m)[22m[33m 553[2mms[22m[39m
 [32m✓[39m src/components/chart/ChartToolbar.a11y.test.jsx [2m([22m[2m4 tests[22m[2m)[22m[33m 543[2mms[22m[39m
 [32m✓[39m src/pages/dashboardHeroByWidth.test.jsx [2m([22m[2m5 tests[22m[2m)[22m[33m 403[2mms[22m[39m
 [32m✓[39m src/pages/ProvenanceDemo.test.jsx [2m([22m[2m16 tests[22m[2m)[22m[33m 588[2mms[22m[39m
 [32m✓[39m src/pages/journal-2-0/a11y/axeHarness.contract.test.js [2m([22m[2m22 tests[22m[2m)[22m[33m 595[2mms[22m[39m
 [32m✓[39m src/pages/journal-2-0/lib/noteContentGuard.test.jsx [2m([22m[2m18 tests[22m[2m)[22m[33m 560[2mms[22m[39m
 [32m✓[39m src/components/chart/engine/useEconomicSources.test.jsx [2m([22m[2m9 tests[22m[2m)[22m[33m 474[2mms[22m[39m
 [32m✓[39m src/components/screener/StructureProvenance.test.jsx [2m([22m[2m61 tests[22m[2m)[22m[33m 471[2mms[22m[39m
 [32m✓[39m src/components/chart/ChartSettingsModal.header-colors.test.jsx [2m([22m[2m4 tests[22m[2m)[22m[33m 478[2mms[22m[39m
 [32m✓[39m src/pages/journal-2-0/components/notebook/TickerResearchWorkspace.test.jsx [2m([22m[2m15 tests[22m[2m)[22m[33m 482[2mms[22m[39m
 [32m✓[39m src/components/chart/pane/ChartPane.test.jsx [2m([22m[2m20 tests[22m[2m)[22m[33m 478[2mms[22m[39m
 [32m✓[39m src/pages/calendar/Calendar.viewLadder.test.jsx [2m([22m[2m6 tests[22m[2m)[22m[33m 456[2mms[22m[39m
 [32m✓[39m src/pages/cot/PositioningRail.test.jsx [2m([22m[2m16 tests[22m[2m)[22m[33m 493[2mms[22m[39m
 [32m✓[39m src/pages/journal-2-0/lib/nestedComponents.test.js [2m([22m[2m2 tests[22m[2m)[22m[33m 464[2mms[22m[39m
     [33m[2m✓[22m[39m holds for every Notebook .jsx file [33m 457[2mms[22m[39m
 [32m✓[39m src/components/TickerPopup.flagkey.test.jsx [2m([22m[2m6 tests[22m[2m)[22m[33m 474[2mms[22m[39m
 [32m✓[39m src/pages/breadth/PresetRow.test.jsx [2m([22m[2m9 tests[22m[2m)[22m[33m 418[2mms[22m[39m
 [32m✓[39m src/pages/BreadthCharts.a11y.test.jsx [2m([22m[2m2 tests[22m[2m)[22m[33m 467[2mms[22m[39m
 [32m✓[39m src/lib/presentation/s10Adoption.test.jsx [2m([22m[2m17 tests[22m[2m)[22m[33m 468[2mms[22m[39m
 [32m✓[39m src/pages/breadth/staleWindowLabel.test.jsx [2m([22m[2m3 tests[22m[2m)[22m[33m 417[2mms[22m[39m
 [32m✓[39m src/components/chart/builder/EvidenceTab.test.jsx [2m([22m[2m23 tests[22m[2m)[22m[33m 384[2mms[22m[39m
 [32m✓[39m src/components/chart/engine/__tests__/objectWindowReductions.test.js [2m([22m[2m9 tests[22m[2m)[22m[32m 109[2mms[22m[39m
 [32m✓[39m src/components/TickerPopup.anchor.test.jsx [2m([22m[2m3 tests[22m[2m)[22m[33m 403[2mms[22m[39m
     [33m[2m✓[22m[39m forwards anchorDate + Back-to-today wiring into stockChartProps [33m 361[2mms[22m[39m
 [32m✓[39m src/components/chart/engine/__tests__/paneReadoutPlacement.stockchart.test.jsx [2m([22m[2m3 tests[22m[2m)[22m[33m 409[2mms[22m[39m
 [32m✓[39m src/components/chart/ChartSettingsModal.volumepane.test.jsx [2m([22m[2m6 tests[22m[2m)[22m[33m 397[2mms[22m[39m
 [32m✓[39m src/components/chart/builder/StarterLibrary.test.jsx [2m([22m[2m19 tests[22m[2m)[22m[33m 443[2mms[22m[39m
[90mstdout[2m | src/pages/optionsFlow/flowChartsReuse.test.js
[22m[39m[ML/ rescue] rescued 19 isolated ML/ trades (0 with derived direction from 70%+ ASK flow shape)

 [32m✓[39m src/pages/optionsFlow/flowChartsReuse.test.js [2m([22m[2m7 tests[22m[2m)[22m[33m 404[2mms[22m[39m
 [32m✓[39m src/pages/journal-2-0/components/trust/SyncTrustCenter.test.jsx [2m([22m[2m19 tests[22m[2m)[22m[33m 453[2mms[22m[39m
 [32m✓[39m src/pages/journal-2-0/tabs/NotebookTab.daily.test.jsx [2m([22m[2m4 tests[22m[2m)[22m[33m 382[2mms[22m[39m
 [32m✓[39m src/lib/presentation/compactAdoption.test.jsx [2m([22m[2m15 tests[22m[2m)[22m[33m 399[2mms[22m[39m
 [32m✓[39m src/components/chart/engine/ast/sessionClockTimeframe.test.js [2m([22m[2m9 tests[22m[2m)[22m[33m 372[2mms[22m[39m
 [32m✓[39m src/pages/journal-2-0/lib/importer/census.test.js [2m([22m[2m22 tests[22m[2m)[22m[33m 393[2mms[22m[39m
 [32m✓[39m src/pages/breadth/BreadthViews.theread.test.jsx [2m([22m[2m5 tests[22m[2m)[22m[33m 363[2mms[22m[39m
 [32m✓[39m src/components/research/sections/SetupSection.test.jsx [2m([22m[2m68 tests[22m[2m)[22m[33m 384[2mms[22m[39m
 [32m✓[39m src/pages/BrokersPage.test.jsx [2m([22m[2m6 tests[22m[2m)[22m[33m 348[2mms[22m[39m
 [32m✓[39m src/pages/journal-2-0/rawErrorSurface.test.js [2m([22m[2m8 tests[22m[2m)[22m[33m 354[2mms[22m[39m
     [33m[2m✓[22m[39m no native alert(), and no caught exception rendered into member-facing text [33m 346[2mms[22m[39m
[90mstdout[2m | src/components/chart/engine/__tests__/objectPerf.measure.test.js[2m > [22m[2mC3B — cost, measured[2m > [22m[2m⭐⭐ 1 / 10 / 100 objects over 5,000 bars, evaluate + render-state + paint
[22m[39m
=== C3B OBJECT COST — 5,000 bars ===
   objects   evaluate   renderState     paint      ops executed
         1     11.5ms        0.62ms      0.38ms        5001
        10     51.0ms        0.18ms      0.06ms       50010
       100    259.0ms        0.21ms      0.13ms      500100

[90mstdout[2m | src/components/chart/engine/__tests__/objectPerf.measure.test.js[2m > [22m[2mC3B — cost, measured[2m > [22m[2m⭐⭐ HIGH TURNOVER: create+delete every bar for 5,000 bars stays FLAT
[22m[39m   high turnover: 5,000 create/delete cycles in 12.3ms, peak live 1

[90mstdout[2m | src/components/chart/engine/__tests__/objectPerf.measure.test.js[2m > [22m[2mC3B — cost, measured[2m > [22m[2m⭐ a big DASHBOARD — 1 table, 60 cells, rewritten on the last bar only
[22m[39m   dashboard: 60 cells over 5,000 bars in 26.8ms, 61 ops executed (not 300000)

 [32m✓[39m src/components/chart/engine/__tests__/objectPerf.measure.test.js [2m([22m[2m4 tests[22m[2m)[22m[33m 376[2mms[22m[39m
     [33m[2m✓[22m[39m ⭐⭐ 1 / 10 / 100 objects over 5,000 bars, evaluate + render-state + paint [33m 326[2mms[22m[39m
 [32m✓[39m src/pages/journal-2-0/components/insights/InsightsHub.test.jsx [2m([22m[2m15 tests[22m[2m)[22m[33m 359[2mms[22m[39m
 [32m✓[39m src/pages/journal-2-0/components/notebook/DocumentPreviewSheet.scrollchain.test.jsx [2m([22m[2m5 tests[22m[2m)[22m[33m 346[2mms[22m[39m
     [33m[2m✓[22m[39m renders the viewer INSIDE the element carrying the styled body class [33m 342[2mms[22m[39m
 [32m✓[39m src/components/chart/legendSingleAuthority.test.js [2m([22m[2m2 tests[22m[2m)[22m[33m 328[2mms[22m[39m
     [33m[2m✓[22m[39m no module outside the resolver, the schema and a stored preset blob reads header.showLegend [33m 319[2mms[22m[39m
 [32m✓[39m src/components/chart/ChartDrawingOverlay.touchRouting.test.jsx [2m([22m[2m25 tests[22m[2m)[22m[33m 372[2mms[22m[39m
 [32m✓[39m src/pages/journal-2-0/components/notebook/CaptureHost.test.jsx [2m([22m[2m18 tests[22m[2m)[22m[33m 357[2mms[22m[39m
 [32m✓[39m src/pages/watchlist/prebuiltDirectory.test.js [2m([22m[2m8 tests[22m[2m)[22m[33m 304[2mms[22m[39m
 [32m✓[39m src/pages/journal-2-0/components/PerformancePanel.test.jsx [2m([22m[2m4 tests[22m[2m)[22m[32m 290[2mms[22m[39m
 [32m✓[39m src/pages/journal-2-0/surfaces/TradesSurface.test.jsx [2m([22m[2m6 tests[22m[2m)[22m[32m 276[2mms[22m[39m
 [32m✓[39m src/hub/journalSheetStacking.test.jsx [2m([22m[2m5 tests[22m[2m)[22m[32m 248[2mms[22m[39m
 [32m✓[39m src/pages/optionsFlow/FlowExplainButton.test.jsx [2m([22m[2m9 tests[22m[2m)[22m[32m 265[2mms[22m[39m
 [32m✓[39m src/components/voice/VoiceHallucinationsPanel.test.jsx [2m([22m[2m4 tests[22m[2m)[22m[32m 295[2mms[22m[39m
 [32m✓[39m src/pages/journal-2-0/lib/textColor.test.js [2m([22m[2m24 tests[22m[2m)[22m[32m 280[2mms[22m[39m
 [32m✓[39m src/pages/optionsFlow/flowParts.test.js [2m([22m[2m39 tests[22m[2m)[22m[32m 268[2mms[22m[39m
 [32m✓[39m src/pages/journal-2-0/hooks/useJ2NoteVersions.test.js [2m([22m[2m11 tests[22m[2m)[22m[32m 247[2mms[22m[39m
 [32m✓[39m src/pages/Watchlists.perfcols.test.jsx [2m([22m[2m5 tests[22m[2m)[22m[32m 247[2mms[22m[39m
 [32m✓[39m src/pages/journal-2-0/lib/jsxDuplicateProps.test.js [2m([22m[2m3 tests[22m[2m)[22m[32m 235[2mms[22m[39m
 [32m✓[39m src/components/tiles/CatalystFlow.test.jsx [2m([22m[2m3 tests[22m[2m)[22m[32m 262[2mms[22m[39m
 [32m✓[39m src/components/StockChart.updateRefusal.test.jsx [2m([22m[2m3 tests[22m[2m)[22m[32m 233[2mms[22m[39m
 [32m✓[39m src/pages/journal-2-0/hooks/useHoldingsSparklines.test.js [2m([22m[2m4 tests[22m[2m)[22m[32m 247[2mms[22m[39m
 [32m✓[39m src/components/StockChart.hollowPillColor.test.jsx [2m([22m[2m4 tests[22m[2m)[22m[32m 244[2mms[22m[39m
 [32m✓[39m src/pages/charts/widgets/MarketContextWidget.test.jsx [2m([22m[2m14 tests[22m[2m)[22m[32m 245[2mms[22m[39m
 [32m✓[39m src/pages/journal-2-0/components/notebook/TagSuggestInput.test.jsx [2m([22m[2m7 tests[22m[2m)[22m[32m 243[2mms[22m[39m
 [32m✓[39m src/components/chart/engine/ast/securityTupleSlots.test.js [2m([22m[2m7 tests[22m[2m)[22m[32m 252[2mms[22m[39m
 [32m✓[39m src/pages/Terms.test.jsx [2m([22m[2m4 tests[22m[2m)[22m[32m 231[2mms[22m[39m
 [32m✓[39m src/pages/charts/WidgetHeader.test.jsx [2m([22m[2m6 tests[22m[2m)[22m[32m 200[2mms[22m[39m
 [32m✓[39m src/pages/journal-2-0/lib/typingWholeDocWalks.test.js [2m([22m[2m12 tests[22m[2m)[22m[32m 214[2mms[22m[39m
 [32m✓[39m src/pages/charts/widgets/ScatterWidget.linkedList.test.jsx [2m([22m[2m11 tests[22m[2m)[22m[32m 205[2mms[22m[39m
 [32m✓[39m src/hub/sections/notebookVoiceNote.test.jsx [2m([22m[2m12 tests[22m[2m)[22m[32m 222[2mms[22m[39m
 [32m✓[39m src/pages/journal-2-0/LogTradeButton.test.jsx [2m([22m[2m2 tests[22m[2m)[22m[32m 208[2mms[22m[39m
 [32m✓[39m src/components/tiles/JournalSnapshotTile.test.jsx [2m([22m[2m10 tests[22m[2m)[22m[32m 226[2mms[22m[39m
 [32m✓[39m src/pages/journal-2-0/components/CoachStrip.test.jsx [2m([22m[2m14 tests[22m[2m)[22m[32m 216[2mms[22m[39m
 [32m✓[39m src/components/voice/AudioPlayerBar.test.jsx [2m([22m[2m5 tests[22m[2m)[22m[32m 197[2mms[22m[39m
 [32m✓[39m src/components/voice/ReadAloudButton.test.jsx [2m([22m[2m3 tests[22m[2m)[22m[32m 190[2mms[22m[39m
 [32m✓[39m src/pages/journal-2-0/components/HoldingsList.test.jsx [2m([22m[2m6 tests[22m[2m)[22m[32m 198[2mms[22m[39m
 [32m✓[39m src/pages/journal-2-0/lib/importer/commit.test.js [2m([22m[2m18 tests[22m[2m)[22m[32m 205[2mms[22m[39m
 [32m✓[39m src/components/chart/engine/ast/pine.alertLane.test.js [2m([22m[2m7 tests[22m[2m)[22m[32m 197[2mms[22m[39m
 [32m✓[39m src/components/chart/engine/__tests__/paneRealization.test.js [2m([22m[2m16 tests[22m[2m)[22m[32m 206[2mms[22m[39m
 [32m✓[39m src/pages/CotData.test.jsx [2m([22m[2m4 tests[22m[2m)[22m[32m 207[2mms[22m[39m
 [32m✓[39m src/components/settings/FilingWatchesPanel.test.jsx [2m([22m[2m9 tests[22m[2m)[22m[32m 170[2mms[22m[39m
 [32m✓[39m src/hooks/useSingleStockEtfs.test.js [2m([22m[2m5 tests[22m[2m)[22m[32m 170[2mms[22m[39m
 [32m✓[39m src/pages/cot/useCotNarrativeArchive.test.jsx [2m([22m[2m3 tests[22m[2m)[22m[32m 199[2mms[22m[39m
 [32m✓[39m src/pages/__tests__/ThemesRender.letter0929.test.jsx [2m([22m[2m6 tests[22m[2m)[22m[32m 186[2mms[22m[39m
 [32m✓[39m src/pages/charts/grid/GroupPicker.test.jsx [2m([22m[2m2 tests[22m[2m)[22m[32m 204[2mms[22m[39m
 [32m✓[39m src/pages/UCT20.test.jsx [2m([22m[2m3 tests[22m[2m)[22m[32m 187[2mms[22m[39m
 [32m✓[39m src/pages/journal-2-0/hooks/useNoteLinkTarget.test.js [2m([22m[2m3 tests[22m[2m)[22m[32m 162[2mms[22m[39m
 [32m✓[39m src/hub/homeScrub.test.jsx [2m([22m[2m15 tests[22m[2m)[22m[32m 184[2mms[22m[39m
 [32m✓[39m src/components/chart/engine/ast/pine.timeout.test.js [2m([22m[2m18 tests[22m[2m)[22m[32m 217[2mms[22m[39m
 [32m✓[39m src/pages/breadth/BreadthViews.windowShrink.test.jsx [2m([22m[2m6 tests[22m[2m)[22m[32m 181[2mms[22m[39m
[90mstdout[2m | src/components/chart/engine/ast/lint.test.js[2m > [22m[2mthe measurement over the shipped definitions — and it is allowed to disagree with us[2m > [22m[2mthe measurement over the shipped catalogue is the one written in the decision record
[22m[39m
── REPAINT LINTER — THE FULL VERDICT TABLE ──
  rsi.rsi                  undecidable-hand-written   —
  rsi.bands                undecidable-hand-written   —
  rsi.midline              undecidable-hand-written   —
  macd.macd                undecidable-hand-written   —
  macd.signal              undecidable-hand-written   —
  macd.histogram           undecidable-hand-written   —
  macd.zero                undecidable-hand-written   —
  bb.upper                 undecidable-hand-written   —
  bb.middle                undecidable-hand-written   —
  bb.lower                 undecidable-hand-written   —
  vwap.vwap                undecidable-hand-written   —
  stoch.k                  undecidable-hand-written   —
  stoch.d                  undecidable-hand-written   —
  stoch.overbought         undecidable-hand-written   —
  stoch.oversold           undecidable-hand-written   —
  atr.atr                  undecidable-hand-written   —
  sar.sar                  undecidable-hand-written   —
  ichimoku.tenkan          undecidable-hand-written   —
  ichimoku.kijun           undecidable-hand-written   —
  ichimoku.spanA           undecidable-hand-written   —
  ichimoku.spanB           undecidable-hand-written   —
  ichimoku.chikou          decided                    preview-repaints
  mfi.mfi                  undecidable-hand-written   —
  mfi.bands                undecidable-hand-written   —
  cci.cci                  undecidable-hand-written   —
  cci.bands                undecidable-hand-written   —
  cci.zero                 undecidable-hand-written   —
  williamsR.williams_r     undecidable-hand-written   —
  williamsR.bands          undecidable-hand-written   —
  adx.adx                  undecidable-hand-written   —
  adx.plusDI               undecidable-hand-written   —
  adx.minusDI              undecidable-hand-written   —
  adx.trend                undecidable-hand-written   —
  obv.obv                  undecidable-hand-written   —
  donchian.upper           undecidable-hand-written   —
  donchian.middle          undecidable-hand-written   —
  donchian.lower           undecidable-hand-written   —
  avwap.avwap              undecidable-hand-written   —
  atrBands.upper           undecidable-hand-written   —
  atrBands.middle          undecidable-hand-written   —
  atrBands.lower           undecidable-hand-written   —
  movingAverage.ma         undecidable-hand-written   —
  dataSeries.value         undecidable-hand-written   —
  dollarVolume.dv          undecidable-hand-written   —
  rsLine.rsLine            undecidable-hand-written   —
  45 plots across 20 definitions · 1 decided · 44 undecidable-hand-written
  ⚠ DISAGREEMENT ichimoku.chikou: shipped=non-repainting measured=preview-repaints
     the compute is hand-written and unreadable to this linter, but a forward dependency of 26 bars was PINNED outside this repo's source and handed in and DECLARED by the plot as its forward window — bar i's value is written to index i-26, so the point at a historical index moves while the newest bar forms and is final the moment that bar closes


 [32m✓[39m src/components/chart/engine/ast/lint.test.js [2m([22m[2m55 tests[22m[2m)[22m[32m 163[2mms[22m[39m
 [32m✓[39m src/components/mobile/useFocusTrap.test.jsx [2m([22m[2m18 tests[22m[2m)[22m[32m 168[2mms[22m[39m
 [32m✓[39m src/pages/charts/widgets/ChartWidget.test.jsx [2m([22m[2m9 tests[22m[2m)[22m[32m 148[2mms[22m[39m
 [32m✓[39m src/pages/charts/mobile/tfDoor.wire.test.jsx [2m([22m[2m4 tests[22m[2m)[22m[32m 136[2mms[22m[39m
 [32m✓[39m src/components/research-kit/RatingCrown.test.jsx [2m([22m[2m35 tests[22m[2m)[22m[32m 144[2mms[22m[39m
 [32m✓[39m src/pages/research/tabs/OwnershipTab.test.jsx [2m([22m[2m2 tests[22m[2m)[22m[32m 149[2mms[22m[39m
 [32m✓[39m src/hub/hubShowing.test.js [2m([22m[2m8 tests[22m[2m)[22m[32m 126[2mms[22m[39m
 [32m✓[39m src/pages/journal-2-0/components/position/HistorySection.test.jsx [2m([22m[2m7 tests[22m[2m)[22m[32m 141[2mms[22m[39m
 [32m✓[39m src/pages/settings/joystickSettingsControls.test.jsx [2m([22m[2m12 tests[22m[2m)[22m[32m 115[2mms[22m[39m
 [32m✓[39m src/pages/journal-2-0/surfaces/NotebookSurface.gate.test.jsx [2m([22m[2m4 tests[22m[2m)[22m[32m 124[2mms[22m[39m
 [32m✓[39m src/pages/community/Composer.test.jsx [2m([22m[2m2 tests[22m[2m)[22m[32m 122[2mms[22m[39m
 [32m✓[39m src/components/chart/engine/ast/vectorUnroll.test.js [2m([22m[2m9 tests[22m[2m)[22m[32m 126[2mms[22m[39m
 [32m✓[39m src/components/research-kit/RangeSlider.test.jsx [2m([22m[2m31 tests[22m[2m)[22m[32m 133[2mms[22m[39m
 [32m✓[39m src/pages/journal-2-0/components/notebook/NoteLinkView.split.test.jsx [2m([22m[2m3 tests[22m[2m)[22m[32m 122[2mms[22m[39m
 [32m✓[39m src/pages/breadth/views/RadarView.test.jsx [2m([22m[2m12 tests[22m[2m)[22m[32m 119[2mms[22m[39m
 [32m✓[39m src/components/chart/engine/ast/thinkscript.test.js [2m([22m[2m223 tests[22m[2m)[22m[32m 114[2mms[22m[39m
 [32m✓[39m src/pages/journal-2-0/lib/offline/crashDraftBase.test.jsx [2m([22m[2m25 tests[22m[2m)[22m[32m 114[2mms[22m[39m
 [32m✓[39m src/pages/journal-2-0/lib/splitView.test.jsx [2m([22m[2m4 tests[22m[2m)[22m[32m 114[2mms[22m[39m
 [32m✓[39m src/utils/warmTailRepair.test.js [2m([22m[2m9 tests[22m[2m)[22m[32m 128[2mms[22m[39m
 [32m✓[39m src/pages/breadth/views/AnalogueDeckView.test.jsx [2m([22m[2m11 tests[22m[2m)[22m[32m 132[2mms[22m[39m
 [32m✓[39m src/pages/calendar/EarningsTile.test.jsx [2m([22m[2m4 tests[22m[2m)[22m[32m 114[2mms[22m[39m
 [32m✓[39m src/components/research-kit/charts/LollipopChart.test.jsx [2m([22m[2m22 tests[22m[2m)[22m[32m 109[2mms[22m[39m
 [32m✓[39m src/floor2/AddressChips.test.jsx [2m([22m[2m3 tests[22m[2m)[22m[32m 103[2mms[22m[39m
 [32m✓[39m src/pages/dashboard/TheWeek.errors.test.jsx [2m([22m[2m5 tests[22m[2m)[22m[32m 73[2mms[22m[39m
 [32m✓[39m src/components/chart/engine/ast/pine.floatcast.test.js [2m([22m[2m6 tests[22m[2m)[22m[32m 99[2mms[22m[39m
 [32m✓[39m src/hooks/useTickerReturns.test.jsx [2m([22m[2m6 tests[22m[2m)[22m[32m 93[2mms[22m[39m
 [32m✓[39m src/components/chart/engine/defSchema.test.js [2m([22m[2m131 tests[22m[2m)[22m[32m 99[2mms[22m[39m
 [32m✓[39m src/pages/journal-2-0/a11y/notebookContrast.test.js [2m([22m[2m10 tests[22m[2m | [22m[33m1 skipped[39m[2m)[22m[32m 137[2mms[22m[39m
 [32m✓[39m src/components/screener/ScanResults.review.test.jsx [2m([22m[2m8 tests[22m[2m)[22m[32m 94[2mms[22m[39m
 [32m✓[39m src/components/chart/engine/ast/pine.runLength.test.js [2m([22m[2m19 tests[22m[2m)[22m[32m 142[2mms[22m[39m
 [32m✓[39m src/pages/journal-2-0/lib/importer/serverConvert.contract.test.js [2m([22m[2m29 tests[22m[2m)[22m[32m 127[2mms[22m[39m
 [32m✓[39m src/pages/calendar/CalendarDayTable.test.jsx [2m([22m[2m13 tests[22m[2m)[22m[32m 95[2mms[22m[39m
 [32m✓[39m src/pages/journal-2-0/lib/widgetEmbedId.test.js [2m([22m[2m11 tests[22m[2m)[22m[32m 92[2mms[22m[39m
 [32m✓[39m src/pages/journal-2-0/components/insights/VerdictScorecard.test.jsx [2m([22m[2m7 tests[22m[2m)[22m[32m 97[2mms[22m[39m
 [32m✓[39m src/lib/persistence/personalization.test.js [2m([22m[2m10 tests[22m[2m)[22m[32m 86[2mms[22m[39m
[90mstdout[2m | src/components/chart/engine/runtime/__tests__/boxedNumericCost.test.js[2m > [22m[2mthe cost of boxed slots on numeric work[2m > [22m[2mstays under a generous per-instruction ceiling, and reports the figure
[22m[39mboxed numeric cost: 143.58 ns/instruction (40.2 ms over 20000 bars x 14 instructions)

 [32m✓[39m src/components/chart/engine/runtime/__tests__/boxedNumericCost.test.js [2m([22m[2m1 test[22m[2m)[22m[32m 93[2mms[22m[39m
 [32m✓[39m src/pages/dashboard/ZoneRead.test.jsx [2m([22m[2m36 tests[22m[2m)[22m[32m 87[2mms[22m[39m
 [32m✓[39m src/components/chart/engine/runtime/__tests__/methodDrawings.test.js [2m([22m[2m13 tests[22m[2m)[22m[32m 81[2mms[22m[39m
 [32m✓[39m src/components/chart/engine/ast/pine.accumulatorOffer.test.js [2m([22m[2m10 tests[22m[2m)[22m[32m 83[2mms[22m[39m
 [32m✓[39m src/components/chart/engine/__tests__/fundamentalSource.test.js [2m([22m[2m21 tests[22m[2m)[22m[32m 46[2mms[22m[39m
 [32m✓[39m src/components/chart/engine/runtime/__tests__/c18WhileAndLastBar.test.js [2m([22m[2m25 tests[22m[2m)[22m[32m 94[2mms[22m[39m
 [32m✓[39m src/components/chart/engine/ast/pine.obvAverage.test.js [2m([22m[2m15 tests[22m[2m)[22m[32m 75[2mms[22m[39m
 [32m✓[39m src/utils/marketSession.eligibility.test.js [2m([22m[2m15 tests[22m[2m)[22m[32m 73[2mms[22m[39m
 [32m✓[39m src/pages/journal-2-0/surfaces/today/TodayWeekStrip.test.jsx [2m([22m[2m4 tests[22m[2m)[22m[32m 80[2mms[22m[39m
 [32m✓[39m src/components/chart/engine/ast/pine.variables.test.js [2m([22m[2m55 tests[22m[2m)[22m[32m 69[2mms[22m[39m
 [32m✓[39m src/pages/journal-2-0/components/notebook/ShareTargetPage.test.jsx [2m([22m[2m13 tests[22m[2m)[22m[32m 67[2mms[22m[39m
[90mstdout[2m | src/components/chart/engine/ast/thinkscriptIntake.test.js[2m > [22m[2mthe committed corpus[2m > [22m[2mis measured and printed
[22m[39m
[thinkscript corpus] 10/24 translate, 23 columns, 10 saveable

 [32m✓[39m src/components/chart/engine/ast/thinkscriptIntake.test.js [2m([22m[2m6 tests[22m[2m)[22m[32m 70[2mms[22m[39m
 [32m✓[39m src/components/chart/engine/runtime/__tests__/presentationOutputs.test.js [2m([22m[2m8 tests[22m[2m)[22m[32m 19[2mms[22m[39m
 [32m✓[39m src/components/Layout.firstRunSlot.test.jsx [2m([22m[2m3 tests[22m[2m)[22m[32m 57[2mms[22m[39m
 [32m✓[39m src/pages/dashboard/ZoneDoors.readOnly.test.jsx [2m([22m[2m5 tests[22m[2m)[22m[32m 54[2mms[22m[39m
 [32m✓[39m src/pages/breadth/drill/BreadthDrillBoard.test.jsx [2m([22m[2m16 tests[22m[2m)[22m[32m 58[2mms[22m[39m
 [32m✓[39m src/pages/ChartRender.breadth.test.jsx [2m([22m[2m2 tests[22m[2m)[22m[32m 57[2mms[22m[39m
 [32m✓[39m src/pages/optionsFlow/FlowIcon.test.jsx [2m([22m[2m6 tests[22m[2m)[22m[32m 54[2mms[22m[39m
 [32m✓[39m src/components/chart/legend/LegendRow.test.jsx [2m([22m[2m15 tests[22m[2m)[22m[32m 60[2mms[22m[39m
 [32m✓[39m src/pages/settings/JoystickSettingsCard.test.jsx [2m([22m[2m11 tests[22m[2m)[22m[32m 62[2mms[22m[39m
 [32m✓[39m src/components/calendar/TranscriptSearchAll.test.jsx [2m([22m[2m9 tests[22m[2m)[22m[32m 49[2mms[22m[39m
 [32m✓[39m src/pages/journal-2-0/components/CompassOverview.test.jsx [2m([22m[2m4 tests[22m[2m)[22m[32m 51[2mms[22m[39m
 [32m✓[39m src/components/chart/engine/__tests__/pinePaletteVendor.test.js [2m([22m[2m23 tests[22m[2m)[22m[32m 53[2mms[22m[39m
 [32m✓[39m src/components/chart/engine/ast/pine.window.test.js [2m([22m[2m27 tests[22m[2m)[22m[32m 63[2mms[22m[39m
 [32m✓[39m src/pages/journal-2-0/components/PortfolioAttentionBanner.test.jsx [2m([22m[2m6 tests[22m[2m)[22m[32m 46[2mms[22m[39m
 [32m✓[39m src/components/chart/engine/ast/pine.timeframe.test.js [2m([22m[2m17 tests[22m[2m)[22m[32m 51[2mms[22m[39m
 [32m✓[39m src/components/chart/engine/ast/pine.convergence.test.js [2m([22m[2m31 tests[22m[2m)[22m[32m 50[2mms[22m[39m
 [32m✓[39m src/components/tiles/MarketBreadth.wirestamp.test.jsx [2m([22m[2m4 tests[22m[2m)[22m[32m 44[2mms[22m[39m
 [32m✓[39m src/components/__tests__/computeSMA.test.js [2m([22m[2m33 tests[22m[2m)[22m[32m 46[2mms[22m[39m
[90mstdout[2m | src/pages/research/i1S8Boundary.test.js[2m > [22m[2mTERM-034 — the boundary, over EVERY Ask-AI door the research pages mount[2m > [22m[2mthe widened roots are derived, reach both doors, and contain the original surface
[22m[39m[i1-rail:s8-boundary] denominator: 2 research pages, 2 Ask-AI doors [app/src/pages/research/components/ComparisonAskAi.jsx, app/src/pages/research/tabs/AskAiTab.jsx], 6 modules in the widened surface (Ask-AI tab alone: 5), 0 findings

 [32m✓[39m src/pages/research/i1S8Boundary.test.js [2m([22m[2m15 tests[22m[2m)[22m[32m 53[2mms[22m[39m
 [32m✓[39m src/components/admin/ChatModerationPanel.test.jsx [2m([22m[2m5 tests[22m[2m)[22m[32m 45[2mms[22m[39m
 [32m✓[39m src/components/chart/builder/editor/PreviewPane.test.jsx [2m([22m[2m12 tests[22m[2m)[22m[32m 44[2mms[22m[39m
 [32m✓[39m src/pages/calendar/todaysBrief.test.jsx [2m([22m[2m5 tests[22m[2m)[22m[32m 43[2mms[22m[39m
 [32m✓[39m src/pages/optionsFlow/gexAssumption.noUpsell.test.jsx [2m([22m[2m5 tests[22m[2m)[22m[32m 43[2mms[22m[39m
 [32m✓[39m src/pages/screener/FilterChips.test.jsx [2m([22m[2m5 tests[22m[2m)[22m[32m 42[2mms[22m[39m
 [32m✓[39m src/components/ErrorBoundary.beacon.test.jsx [2m([22m[2m4 tests[22m[2m)[22m[32m 37[2mms[22m[39m
 [32m✓[39m src/components/chart/engine/ast/pine.implicitBoolCast.test.js [2m([22m[2m19 tests[22m[2m)[22m[32m 45[2mms[22m[39m
 [32m✓[39m src/components/chart/engine/__tests__/objectRegisterTaint.test.js [2m([22m[2m15 tests[22m[2m)[22m[32m 40[2mms[22m[39m
 [32m✓[39m src/pages/journal-2-0/components/notebook/proseEmbedIsolation.test.js [2m([22m[2m3 tests[22m[2m)[22m[32m 38[2mms[22m[39m
 [32m✓[39m src/components/research-kit/CheckupRow.test.jsx [2m([22m[2m9 tests[22m[2m)[22m[32m 45[2mms[22m[39m
 [32m✓[39m src/hooks/useUserTickerSet.test.jsx [2m([22m[2m8 tests[22m[2m)[22m[32m 18[2mms[22m[39m
 [32m✓[39m src/components/chart/engine/runtime/__tests__/methodsAndArrayMembers.test.js [2m([22m[2m17 tests[22m[2m)[22m[32m 35[2mms[22m[39m
 [32m✓[39m src/components/chart/builder/editor/diagnostics.test.js [2m([22m[2m19 tests[22m[2m)[22m[32m 36[2mms[22m[39m
 [32m✓[39m src/pages/journal-2-0/components/BrokerImportingBanner.test.jsx [2m([22m[2m2 tests[22m[2m)[22m[32m 33[2mms[22m[39m
 [32m✓[39m src/components/chart/indicatorCatalog.test.js [2m([22m[2m25 tests[22m[2m)[22m[32m 31[2mms[22m[39m
 [32m✓[39m src/components/chart/engine/runtime/__tests__/timeFamilyVendorReadings.test.js [2m([22m[2m9 tests[22m[2m)[22m[32m 35[2mms[22m[39m
 [32m✓[39m src/components/chart/engine/runtime/__tests__/vendorSkippedCallHistory.test.js [2m([22m[2m6 tests[22m[2m)[22m[32m 28[2mms[22m[39m
 [32m✓[39m src/components/chart/engine/ast/reduceMembers.test.js [2m([22m[2m10 tests[22m[2m)[22m[32m 30[2mms[22m[39m
 [32m✓[39m src/hooks/useSettledSym.test.jsx [2m([22m[2m4 tests[22m[2m)[22m[32m 26[2mms[22m[39m
 [32m✓[39m src/components/chart/builder/memberPane/objectsOnlyAnchorMode.test.js [2m([22m[2m5 tests[22m[2m)[22m[32m 32[2mms[22m[39m
 [32m✓[39m src/hub/noteCardIdentity.test.jsx [2m([22m[2m5 tests[22m[2m)[22m[32m 27[2mms[22m[39m
 [32m✓[39m src/components/chart/useChartDrawings.test.js [2m([22m[2m12 tests[22m[2m)[22m[32m 28[2mms[22m[39m
 [32m✓[39m src/components/chart/engine/ast/objectCommaStatements.test.js [2m([22m[2m5 tests[22m[2m)[22m[32m 39[2mms[22m[39m
 [32m✓[39m src/pages/charts/ChartsSymContext.test.jsx [2m([22m[2m3 tests[22m[2m)[22m[32m 30[2mms[22m[39m
 [32m✓[39m src/components/chart/engine/runtime/__tests__/warmupParity.test.js [2m([22m[2m15 tests[22m[2m)[22m[32m 29[2mms[22m[39m
 [32m✓[39m src/components/chart/engine/ast/textUserFunction.test.js [2m([22m[2m9 tests[22m[2m)[22m[32m 30[2mms[22m[39m
 [32m✓[39m src/components/chart/drawingsStore.test.js [2m([22m[2m24 tests[22m[2m)[22m[32m 28[2mms[22m[39m
 [32m✓[39m src/pages/journal-2-0/hooks/useScope.test.jsx [2m([22m[2m11 tests[22m[2m)[22m[32m 26[2mms[22m[39m
 [32m✓[39m src/components/chart/engine/ast/pine.naGuard.test.js [2m([22m[2m7 tests[22m[2m)[22m[32m 31[2mms[22m[39m
 [32m✓[39m src/components/chart/engine/ast/pine.udfBinding.test.js [2m([22m[2m9 tests[22m[2m)[22m[32m 27[2mms[22m[39m
 [32m✓[39m src/pages/research/tabs/EstimatesBand.test.jsx [2m([22m[2m3 tests[22m[2m)[22m[32m 26[2mms[22m[39m
 [32m✓[39m src/components/chart/engine/runtime/__tests__/blockValuedBinding.test.js [2m([22m[2m11 tests[22m[2m)[22m[32m 29[2mms[22m[39m
 [32m✓[39m src/components/chart/useTracingsSync.viaStore.test.js [2m([22m[2m6 tests[22m[2m)[22m[32m 23[2mms[22m[39m
 [32m✓[39m src/components/chart/engine/runtime/__tests__/colours.test.js [2m([22m[2m22 tests[22m[2m)[22m[32m 27[2mms[22m[39m
 [32m✓[39m src/components/chart/drawingSettingsSchema.test.js [2m([22m[2m70 tests[22m[2m)[22m[32m 31[2mms[22m[39m
 [32m✓[39m src/components/chart/builder/editor/languages.test.js [2m([22m[2m21 tests[22m[2m)[22m[32m 26[2mms[22m[39m
 [32m✓[39m src/components/chart/engine/runtime/__tests__/typedArrayNew.test.js [2m([22m[2m6 tests[22m[2m)[22m[32m 23[2mms[22m[39m
 [32m✓[39m src/components/chart/engine/ast/pine.mathShapes.test.js [2m([22m[2m6 tests[22m[2m)[22m[32m 22[2mms[22m[39m
 [32m✓[39m src/pages/research/tabs/CallsTab.test.jsx [2m([22m[2m1 test[22m[2m)[22m[32m 21[2mms[22m[39m
 [32m✓[39m src/components/chart/engine/__tests__/objectDivergedAfterState.test.js [2m([22m[2m1 test[22m[2m)[22m[32m 23[2mms[22m[39m
 [32m✓[39m src/hub/hubSmoothnessWiring.test.jsx [2m([22m[2m7 tests[22m[2m)[22m[32m 21[2mms[22m[39m
 [32m✓[39m src/components/chart/engine/ast/rvolSliceParseEvidence.test.js [2m([22m[2m4 tests[22m[2m)[22m[32m 21[2mms[22m[39m
 [32m✓[39m src/components/chart/engine/ast/pine.plotarrow.test.js [2m([22m[2m5 tests[22m[2m)[22m[32m 20[2mms[22m[39m
 [32m✓[39m src/components/chart/engine/ast/pineColourNaSelector.test.js [2m([22m[2m3 tests[22m[2m)[22m[32m 22[2mms[22m[39m
 [32m✓[39m src/pages/journal-2-0/components/notebook/NoteVideoHero.test.jsx [2m([22m[2m3 tests[22m[2m)[22m[32m 20[2mms[22m[39m
 [32m✓[39m src/components/chart/engine/runtime/__tests__/requestHoist.test.js [2m([22m[2m9 tests[22m[2m)[22m[32m 21[2mms[22m[39m
 [32m✓[39m src/components/chart/engine/runtime/__tests__/constantLengthRefusal.test.js [2m([22m[2m8 tests[22m[2m)[22m[32m 19[2mms[22m[39m
 [32m✓[39m src/components/chart/engine/ast/pineOffsetColour.test.js [2m([22m[2m5 tests[22m[2m)[22m[32m 20[2mms[22m[39m
 [32m✓[39m src/components/mobile/StickyActionBar.test.jsx [2m([22m[2m1 test[22m[2m)[22m[32m 19[2mms[22m[39m
 [32m✓[39m src/components/chart/engine/runtime/__tests__/colourNaSelector.test.js [2m([22m[2m3 tests[22m[2m)[22m[32m 17[2mms[22m[39m
 [32m✓[39m src/components/chart/engine/ast/pineV4InputColour.test.js [2m([22m[2m3 tests[22m[2m)[22m[32m 17[2mms[22m[39m
 [32m✓[39m src/pages/journal-2-0/lib/searchResultLabel.test.js [2m([22m[2m17 tests[22m[2m)[22m[32m 15[2mms[22m[39m
 [32m✓[39m src/components/chart/engine/__tests__/alertSets.test.js [2m([22m[2m40 tests[22m[2m)[22m[32m 15[2mms[22m[39m
 [32m✓[39m src/components/chart/engine/ast/thinkscript.studyref.test.js [2m([22m[2m22 tests[22m[2m)[22m[32m 17[2mms[22m[39m
 [32m✓[39m src/components/chart/engine/ast/formulaDocs.test.js [2m([22m[2m4 tests[22m[2m)[22m[32m 15[2mms[22m[39m
 [32m✓[39m src/components/chart/engine/ast/thinkscript.suggestPersonalised.test.js [2m([22m[2m6 tests[22m[2m)[22m[32m 14[2mms[22m[39m
 [32m✓[39m src/components/firstRun/firstRunStage.test.jsx [2m([22m[2m5 tests[22m[2m)[22m[32m 24[2mms[22m[39m
 [32m✓[39m src/components/chart/engine/ast/pineRuntimeClock.test.js [2m([22m[2m11 tests[22m[2m)[22m[32m 17[2mms[22m[39m
 [32m✓[39m src/components/chart/engine/runtime/__tests__/functionGlobalReads.test.js [2m([22m[2m11 tests[22m[2m)[22m[32m 16[2mms[22m[39m
 [32m✓[39m src/components/chart/engine/runtime/__tests__/state.test.js [2m([22m[2m16 tests[22m[2m)[22m[32m 17[2mms[22m[39m
 [32m✓[39m src/components/chart/engine/ast/pine.resolutionOrder.test.js [2m([22m[2m4 tests[22m[2m)[22m[32m 31[2mms[22m[39m
 [32m✓[39m src/pages/research/hooks/useResearchOverview.test.js [2m([22m[2m2 tests[22m[2m)[22m[32m 14[2mms[22m[39m
 [32m✓[39m src/components/chart/engine/__tests__/candlePresentation.test.js [2m([22m[2m25 tests[22m[2m)[22m[32m 22[2mms[22m[39m
 [32m✓[39m src/components/chart/engine/ast/thinkscript.knob.test.js [2m([22m[2m10 tests[22m[2m)[22m[32m 34[2mms[22m[39m
 [32m✓[39m src/components/chart/engine/__tests__/instanceInputSurvivesTheMirror.test.js [2m([22m[2m68 tests[22m[2m)[22m[32m 14[2mms[22m[39m
 [32m✓[39m src/components/chart/engine/__tests__/movingAverageSource.test.js [2m([22m[2m16 tests[22m[2m)[22m[32m 15[2mms[22m[39m
 [32m✓[39m src/pages/journal-2-0/lib/tagTree.test.js [2m([22m[2m10 tests[22m[2m)[22m[32m 12[2mms[22m[39m
 [32m✓[39m src/pages/desk/articleProgress.test.js [2m([22m[2m15 tests[22m[2m)[22m[32m 16[2mms[22m[39m
 [32m✓[39m src/components/chart/drawingMeasure.test.js [2m([22m[2m73 tests[22m[2m)[22m[32m 12[2mms[22m[39m
 [32m✓[39m src/pages/journal-2-0/components/notebook/PdfDocumentViewer.test.jsx [2m([22m[2m12 tests[22m[2m)[22m[32m 11[2mms[22m[39m
 [32m✓[39m src/components/chart/legend/chipMenu.test.js [2m([22m[2m18 tests[22m[2m)[22m[32m 11[2mms[22m[39m
 [32m✓[39m src/components/chart/engine/ast/objectHandleHistory.test.js [2m([22m[2m6 tests[22m[2m)[22m[32m 12[2mms[22m[39m
 [32m✓[39m src/utils/marketSession.dailyFrontier.test.js [2m([22m[2m16 tests[22m[2m)[22m[32m 11[2mms[22m[39m
 [32m✓[39m src/pages/desk/videoProgress.test.js [2m([22m[2m7 tests[22m[2m)[22m[32m 26[2mms[22m[39m
 [32m✓[39m src/components/chart/engine/instanceControls.test.js [2m([22m[2m31 tests[22m[2m)[22m[32m 10[2mms[22m[39m
 [32m✓[39m src/components/chart/engine/runtime/__tests__/iterOutputs.test.js [2m([22m[2m12 tests[22m[2m)[22m[32m 10[2mms[22m[39m
 [32m✓[39m src/components/chart/drawingLabels.test.js [2m([22m[2m45 tests[22m[2m)[22m[32m 11[2mms[22m[39m
 [32m✓[39m src/pages/journal-2-0/lib/tiptap.test.js [2m([22m[2m2 tests[22m[2m)[22m[32m 10[2mms[22m[39m
 [32m✓[39m src/hub/sections/chartSection.test.jsx [2m([22m[2m23 tests[22m[2m)[22m[32m 11[2mms[22m[39m
 [32m✓[39m src/components/chart/drawingsStore.normalize.test.js [2m([22m[2m20 tests[22m[2m)[22m[32m 10[2mms[22m[39m
 [32m✓[39m src/components/chart/chartRegion.test.js [2m([22m[2m15 tests[22m[2m)[22m[32m 10[2mms[22m[39m
 [32m✓[39m src/components/chart/engine/__tests__/fillBinding.test.js [2m([22m[2m6 tests[22m[2m)[22m[32m 9[2mms[22m[39m
 [32m✓[39m src/components/chart/engine/symbolProjection.test.js [2m([22m[2m25 tests[22m[2m)[22m[32m 10[2mms[22m[39m
 [32m✓[39m src/hooks/livePriceStore.test.js [2m([22m[2m11 tests[22m[2m)[22m[32m 9[2mms[22m[39m
 [32m✓[39m src/pages/journal-2-0/lib/openCitation.test.js [2m([22m[2m12 tests[22m[2m)[22m[32m 8[2mms[22m[39m
 [32m✓[39m src/components/chart/engine/__tests__/bindStage.test.js [2m([22m[2m9 tests[22m[2m)[22m[32m 9[2mms[22m[39m
 [32m✓[39m src/components/chart/engine/runtime/__tests__/seedWarmup.test.js [2m([22m[2m8 tests[22m[2m)[22m[32m 8[2mms[22m[39m
 [32m✓[39m src/components/chart/__tests__/chromeGeometry.test.js [2m([22m[2m26 tests[22m[2m)[22m[32m 8[2mms[22m[39m
 [32m✓[39m src/econHarness/econHarnessAbsent.test.js [2m([22m[2m4 tests[22m[2m)[22m[32m 6[2mms[22m[39m
 [32m✓[39m src/components/chart/engine/__tests__/zorder.test.js [2m([22m[2m32 tests[22m[2m)[22m[32m 9[2mms[22m[39m
 [32m✓[39m src/components/chart/engine/__tests__/barCloseStateWire.test.js [2m([22m[2m14 tests[22m[2m)[22m[32m 8[2mms[22m[39m
 [32m✓[39m src/widgets/captureRelease.test.js [2m([22m[2m10 tests[22m[2m)[22m[32m 7[2mms[22m[39m
 [32m✓[39m src/components/chart/drawingSchema.test.js [2m([22m[2m27 tests[22m[2m)[22m[32m 8[2mms[22m[39m
 [32m✓[39m src/pages/charts/widgetTabs.test.js [2m([22m[2m13 tests[22m[2m)[22m[32m 6[2mms[22m[39m
 [32m✓[39m src/components/chart/discoveryCatalog.economic.test.js [2m([22m[2m10 tests[22m[2m)[22m[32m 7[2mms[22m[39m
 [32m✓[39m src/components/chart/signatureData.test.js [2m([22m[2m25 tests[22m[2m)[22m[32m 7[2mms[22m[39m
 [32m✓[39m src/pages/charts/grid/peerFill.test.js [2m([22m[2m6 tests[22m[2m)[22m[32m 6[2mms[22m[39m
 [32m✓[39m src/pages/charts/widgets/snapshotFetcherPair.test.js [2m([22m[2m11 tests[22m[2m)[22m[32m 7[2mms[22m[39m
 [32m✓[39m src/pages/journal-2-0/lib/offline/q1ProbePage.test.js [2m([22m[2m4 tests[22m[2m)[22m[32m 6[2mms[22m[39m
 [32m✓[39m src/components/chart/engine/ast/interpret.bindTimeText.test.js [2m([22m[2m6 tests[22m[2m)[22m[32m 6[2mms[22m[39m
 [32m✓[39m src/components/chart/builder/BuilderSheet.legend.test.js [2m([22m[2m12 tests[22m[2m)[22m[32m 7[2mms[22m[39m
 [32m✓[39m src/pages/journal-2-0/lib/timeline.test.js [2m([22m[2m13 tests[22m[2m)[22m[32m 7[2mms[22m[39m
 [32m✓[39m src/pages/breadth/views/viewMetricConfig.test.js [2m([22m[2m9 tests[22m[2m)[22m[32m 7[2mms[22m[39m
 [32m✓[39m src/components/chart/engine/__tests__/volumeNumericPane.test.js [2m([22m[2m11 tests[22m[2m)[22m[32m 6[2mms[22m[39m
 [32m✓[39m src/pages/optionsFlow/flowKeyTrace.test.js [2m([22m[2m12 tests[22m[2m)[22m[32m 7[2mms[22m[39m
 [32m✓[39m src/pages/charts/presentation/devicePresentation.test.js [2m([22m[2m24 tests[22m[2m)[22m[32m 6[2mms[22m[39m
 [32m✓[39m src/components/chart/engine/__tests__/objectRenderState.test.js [2m([22m[2m16 tests[22m[2m)[22m[32m 7[2mms[22m[39m
 [32m✓[39m src/components/provenance/freshnessContract.test.js [2m([22m[2m18 tests[22m[2m)[22m[32m 6[2mms[22m[39m
 [32m✓[39m src/components/chart/engine/ast/interpretTfMemo.test.js [2m([22m[2m1 test[22m[2m)[22m[32m 6[2mms[22m[39m
 [32m✓[39m src/components/chart/engine/__tests__/fillPrimitive.test.js [2m([22m[2m17 tests[22m[2m)[22m[32m 6[2mms[22m[39m
 [32m✓[39m src/components/chart/engine/__tests__/readoutSiblingChips.test.js [2m([22m[2m16 tests[22m[2m)[22m[32m 6[2mms[22m[39m
 [32m✓[39m src/components/chart/engine/ast/bindFoldableAgreement.test.js [2m([22m[2m29 tests[22m[2m)[22m[32m 6[2mms[22m[39m
 [32m✓[39m src/components/chart/engine/__tests__/displayTarget.test.js [2m([22m[2m15 tests[22m[2m)[22m[32m 5[2mms[22m[39m
 [32m✓[39m src/pages/charts/widgets/dockThemeColors.test.js [2m([22m[2m16 tests[22m[2m)[22m[32m 6[2mms[22m[39m
 [32m✓[39m src/components/video/videoStore.test.js [2m([22m[2m16 tests[22m[2m)[22m[32m 4[2mms[22m[39m
 [32m✓[39m src/components/chart/drawingText.test.js [2m([22m[2m21 tests[22m[2m)[22m[32m 6[2mms[22m[39m
 [32m✓[39m src/components/voice/FloatingOrb.zorder.test.js [2m([22m[2m9 tests[22m[2m)[22m[32m 4[2mms[22m[39m
 [32m✓[39m src/components/chart/engine/ast/requestEmptyTimeframe.test.js [2m([22m[2m6 tests[22m[2m)[22m[32m 26[2mms[22m[39m
 [32m✓[39m src/pages/breadth/chartMagnitude.test.js [2m([22m[2m5 tests[22m[2m)[22m[32m 4[2mms[22m[39m
 [32m✓[39m src/components/chart/legendHandoff.test.js [2m([22m[2m3 tests[22m[2m)[22m[32m 5[2mms[22m[39m
 [32m✓[39m src/pages/journal-2-0/components/notebook/onboarding/tourAnchors.test.js [2m([22m[2m14 tests[22m[2m)[22m[32m 4[2mms[22m[39m
 [32m✓[39m src/components/chart/engine/__tests__/vendorHarness/vendorHarness.c28StaleSnapshot.test.js [2m([22m[2m2 tests[22m[2m)[22m[33m 1892[2mms[22m[39m
     [33m[2m✓[22m[39m ⭐ every drawn cell is TradingView's text at its table and address [33m 1020[2mms[22m[39m
     [33m[2m✓[22m[39m 🔴 the four cells that read it are withheld, and the rest still draw (control) [33m 870[2mms[22m[39m
 [32m✓[39m src/components/chart/engine/ast/lastFallthroughs.test.js [2m([22m[2m6 tests[22m[2m)[22m[32m 5[2mms[22m[39m
 [32m✓[39m src/components/mobile/haptics.test.js [2m([22m[2m3 tests[22m[2m)[22m[32m 4[2mms[22m[39m
 [32m✓[39m src/components/dashboard/buildRail.test.js [2m([22m[2m6 tests[22m[2m)[22m[32m 5[2mms[22m[39m
 [32m✓[39m src/pages/charts/review/feedWindow.test.js [2m([22m[2m12 tests[22m[2m)[22m[32m 4[2mms[22m[39m
 [32m✓[39m src/hub/symbolContext.test.jsx [2m([22m[2m7 tests[22m[2m)[22m[32m 4[2mms[22m[39m
 [32m✓[39m src/pages/journal-2-0/components/notebook/CaptureDialog.hintContrast.test.js [2m([22m[2m6 tests[22m[2m)[22m[32m 5[2mms[22m[39m
 [32m✓[39m src/pages/charts/grid/groupsApi.test.js [2m([22m[2m3 tests[22m[2m)[22m[32m 4[2mms[22m[39m
 [32m✓[39m src/pages/Settings.sharingCard.test.js [2m([22m[2m4 tests[22m[2m)[22m[32m 4[2mms[22m[39m
 [32m✓[39m src/pages/screener/shell/specUrl.test.js [2m([22m[2m5 tests[22m[2m)[22m[32m 3[2mms[22m[39m
 [32m✓[39m src/components/chart/__tests__/volumeOptsSurfaces.test.js [2m([22m[2m3 tests[22m[2m)[22m[32m 4[2mms[22m[39m
[90mstdout[2m | src/components/chart/engine/ast/capabilityDemandCensus.test.js[2m > [22m[2m⭐⭐⭐ capability demand — total, not just first blocker (§7)[2m > [22m[2mreports both numbers for every family — ⚠ PARTIAL: measured WITHOUT 29 absent local-only pine_oos member(s) (docs/pine/LICENSING.md)
[22m[39m
  129 scripts, 37 executing end-to-end

  family              DEMAND  sites  1st-blk  exec   hidden
  --------------------------------------------------------------
  state                   58   1078        —     5   —
  history                 22    108        4     0   18
  udf                     49    328        1     2   48
  elseIf                  12     28        —     0   —
  switch                  11     14        0     0   11
  loop                    31    179        0     3   31
  tuple                   32    157        0     0   32
  collection              27    853        0     1   27
  object                  40    765        4     0   36
  mtf                     23     84        2     0   21
  text                    28    320        0     0   28
  conversion              17     58        1     0   16
  presentation           124    676        1    37   123
  udt                      6      9        0     0   6
  varip                    0      0        0     0   0
  windowedBuiltin        119    729        —    33   —
  windowedOverState       15     80        2     0   13

 [32m✓[39m src/components/chart/engine/ast/capabilityDemandCensus.test.js [2m([22m[2m4 tests[22m[2m)[22m[32m 4[2mms[22m[39m
 [32m✓[39m src/pages/breadth/grouping/groupItems.test.js [2m([22m[2m4 tests[22m[2m)[22m[32m 4[2mms[22m[39m
 [32m✓[39m src/components/chart/chartScreenshot.test.js [2m([22m[2m8 tests[22m[2m)[22m[32m 4[2mms[22m[39m
 [32m✓[39m src/pages/breadth/views/divergence.test.js [2m([22m[2m7 tests[22m[2m)[22m[32m 3[2mms[22m[39m
 [32m✓[39m src/components/chart/__tests__/priceAxisPinSite.test.js [2m([22m[2m4 tests[22m[2m)[22m[32m 4[2mms[22m[39m
 [32m✓[39m src/pages/journal-2-0/lib/offline/notebookFlags.serverDefaults.test.js [2m([22m[2m6 tests[22m[2m)[22m[32m 3[2mms[22m[39m
 [32m✓[39m src/pages/charts/VersionHistory.keyLabels.test.js [2m([22m[2m3 tests[22m[2m)[22m[32m 3[2mms[22m[39m
 [32m✓[39m src/pages/journal-2-0/a11y/skipLinkUntappable.test.js [2m([22m[2m8 tests[22m[2m)[22m[32m 4[2mms[22m[39m
 [32m✓[39m src/components/video/hostStyle.test.js [2m([22m[2m10 tests[22m[2m)[22m[32m 4[2mms[22m[39m
 [32m✓[39m src/pages/breadth/ffillKeys.test.js [2m([22m[2m6 tests[22m[2m)[22m[32m 4[2mms[22m[39m
 [32m✓[39m src/pages/journal-2-0/lib/noteReturnTrail.test.js [2m([22m[2m6 tests[22m[2m)[22m[32m 3[2mms[22m[39m
[90mstdout[2m | src/components/chart/engine/ast/pine.oosBaseline.test.js[2m > [22m[2mOOS Layer A baseline[2m > [22m[2m⭐ writes the full per-script report
[22m[39m
=== OOS LAYER A: 30 scripts from C:\Users\Patrick\uct-worktrees\notebook-w10-l13\tests\fixtures\pine_oos ===
  RAW_ACCEPTED                 8
  ASSISTED_ACCEPTED            0
  CORRECTLY_REFUSED            22
  INVALID_SOURCE               0
  UNKNOWN_NEEDS_ADJUDICATION   0
  TRUTHFUL OUTCOME RATE        100.0%
  flagged for SWR audit        7

=== PRIMARY BLOCKERS ===
    4  pine:function
    4  pine:state
    4  pine:reassign
    2  pine:builtin
    2  pine:request
    2  pine:no-output
    1  pine:tuple
    1  pine:module
    1  pine:collection
    1  pine:constant-only

 [32m✓[39m src/components/chart/engine/ast/pine.oosBaseline.test.js [2m([22m[2m4 tests[22m[2m)[22m[32m 3[2mms[22m[39m
 [32m✓[39m src/pages/journal-2-0/components/notebook/onboarding/sampleNotebook.test.js [2m([22m[2m5 tests[22m[2m)[22m[32m 3[2mms[22m[39m
 [32m✓[39m src/pages/charts/sessionToggleWidth.test.js [2m([22m[2m5 tests[22m[2m)[22m[32m 3[2mms[22m[39m
 [32m✓[39m src/pages/charts/grid/GridChartCell.timeframeLabels.test.jsx [2m([22m[2m3 tests[22m[2m)[22m[32m 3[2mms[22m[39m
 [32m✓[39m src/routes/liveFlowRetired.route.test.jsx [2m([22m[2m5 tests[22m[2m)[22m[32m 3[2mms[22m[39m
 [32m✓[39m src/components/chart/keyboardBindingCollisions.test.js [2m([22m[2m5 tests[22m[2m)[22m[32m 3[2mms[22m[39m
 [32m✓[39m src/components/tiles/CatalystTable.citations.test.jsx [2m([22m[2m3 tests[22m[2m)[22m[32m 130[2mms[22m[39m
 [32m✓[39m src/pages/charts/popout/popoutState.test.js [2m([22m[2m6 tests[22m[2m)[22m[32m 3[2mms[22m[39m
 [2m[90m↓[39m[22m src/components/chart/engine/ast/varSeed.measure.test.js [2m([22m[2m1 test[22m[2m | [22m[33m1 skipped[39m[2m)[22m
[90mstdout[2m | src/components/chart/engine/runtime/__tests__/historyPerf.test.js[2m > [22m[2m⭐ what runtime history costs[2m > [22m[2mreports the shape, against a no-history baseline
[22m[39m
   bars  slots  cells   ms(hist)  ms(none)  overhead   ns/bar   ring B
   ----------------------------------------------------------------
    300      1      1     0.571      0.51       12%    1902       8
    300     10     10     2.463     2.466     -0.2%    8209      80
    300    100    100    34.977    37.977     -7.9%  116591     800
   5000      1      1    12.749    12.677      0.6%    2550       8
   5000     10     10    63.913    65.373     -2.2%   12783      80
   5000    100    100   567.783   577.663     -1.7%  113557     800

   whole market (5000 symbols, rings only — the program is shared):
     census-typical  3 slots x 1 bar = 24 B/symbol -> 0.11 MB
     10 slots        -> 0.38 MB, 319.565 s VM time at 5,000 bars
     100 slots       -> 3.81 MB, 2838.915 s VM time at 5,000 bars

 [32m✓[39m src/components/chart/engine/runtime/__tests__/historyPerf.test.js [2m([22m[2m3 tests[22m[2m)[22m[32m 14[2mms[22m[39m

[2m Test Files [22m [1m[31m1 failed[39m[22m[2m | [22m[1m[32m385 passed[39m[22m[2m | [22m[33m1 skipped[39m[90m (387)[39m
[2m      Tests [22m [1m[31m2 failed[39m[22m[2m | [22m[1m[32m5834 passed[39m[22m[2m | [22m[33m2 skipped[39m[90m (5838)[39m
[2m     Errors [22m [1m[31m2 errors[39m[22m
[2m   Start at [22m 08:35:05
[2m   Duration [22m 430.61s[2m (transform 17.04s, setup 42.62s, import 111.68s, tests 460.18s, environment 170.36s)[22m

[90mstderr[2m | src/pages/journal-2-0/lib/offline/f5p1OwnerSendsQueued.test.jsx[2m > [22m[2mF5P-1 — queued words leave while the member sits on the note[2m > [22m[2man append door added a widget while away: merged — sentence AND widget survive, no fork
[22m[39mlinkifyjs: already initialized - will not register custom scheme "https" until manual call of linkify.init(). Register all schemes and plugins before invoking linkify the first time.

[90mstderr[2m | src/pages/journal-2-0/lib/offline/f5p1OwnerSendsQueued.test.jsx[2m > [22m[2mD3 — Restore never overwrites a server that moved, and never drops its appends[2m > [22m[2m⛔⛔ Restore after an append door, then a keystroke: the words AND the widget survive, no fork
[22m[39mlinkifyjs: already initialized - will not register custom scheme "https" until manual call of linkify.init(). Register all schemes and plugins before invoking linkify the first time.

[90mstderr[2m | src/pages/journal-2-0/lib/offline/f5p1OwnerSendsQueued.test.jsx[2m > [22m[2mfix round 1 — adoption and the owner’s fork never lose what the member is doing[2m > [22m[2m⛔⛔ S2-B: a save ON THE WIRE when recovery resolves is never raced — nothing is saved over it
[22m[39mlinkifyjs: already initialized - will not register custom scheme "https" until manual call of linkify.init(). Register all schemes and plugins before invoking linkify the first time.

[90mstderr[2m | src/pages/journal-2-0/lib/offline/f5p1OwnerSendsQueued.test.jsx[2m > [22m[2mfix round 1 — adoption and the owner’s fork never lose what the member is doing[2m > [22m[2m⛔⛔ S2-B (Restore): a Restore clicked while the member’s own save is on the wire WAITS for it — nothing is saved over it
[22m[39mlinkifyjs: already initialized - will not register custom scheme "https" until manual call of linkify.init(). Register all schemes and plugins before invoking linkify the first time.

[90mstderr[2m | src/pages/journal-2-0/lib/offline/f5p1OwnerSendsQueued.test.jsx[2m > [22m[2mfix round 2 — the editor’s own S1 gate, and a base the queued entry disagrees with[2m > [22m[2m⛔⛔ N4: a poisoned record is OFFERED, never adopted — nobody types, and the widget stays on the server
[22m[39mlinkifyjs: already initialized - will not register custom scheme "https" until manual call of linkify.init(). Register all schemes and plugins before invoking linkify the first time.

[90mstderr[2m | src/pages/journal-2-0/lib/offline/f5p1OwnerSendsQueued.test.jsx[2m > [22m[2mfix round 2 — the editor’s own S1 gate, and a base the queued entry disagrees with[2m > [22m[2m⛔⛔ N4: Restore of a poisoned record never adopts on its base — the Restore itself does not drop the widget
[22m[39mlinkifyjs: already initialized - will not register custom scheme "https" until manual call of linkify.init(). Register all schemes and plugins before invoking linkify the first time.

(node:53488) TimeoutNaNWarning: NaN is not a number.
Timeout duration was set to 1.
(Use `node --trace-warnings ...` to show where the warning was created)
[90mstderr[2m | src/pages/journal-2-0/a11y/noteEditor.a11y.test.jsx[2m > [22m[2mnote editor (wave-8 flags ON)[2m > [22m[2msurface "editor": axe finds 0 violations
[22m[39mflushSync was called from inside a lifecycle method. React cannot flush when React is already rendering. Consider moving this call to a scheduler task or micro task.
flushSync was called from inside a lifecycle method. React cannot flush when React is already rendering. Consider moving this call to a scheduler task or micro task.
flushSync was called from inside a lifecycle method. React cannot flush when React is already rendering. Consider moving this call to a scheduler task or micro task.

[90mstderr[2m | src/pages/journal-2-0/a11y/noteEditor.a11y.test.jsx[2m > [22m[2mnote editor (wave-8 flags ON)[2m > [22m[2msurface "editor": axe finds 0 violations
[22m[39mlinkifyjs: already initialized - will not register custom scheme "https" until manual call of linkify.init(). Register all schemes and plugins before invoking linkify the first time.

[90mstderr[2m | src/pages/journal-2-0/a11y/noteEditor.a11y.test.jsx[2m > [22m[2mnote editor (wave-8 flags ON)[2m > [22m[2msurface "editor": axe finds 0 violations
[22m[39mAn update to NoteStats inside a test was not wrapped in act(...).

When testing, code that causes React state updates should be wrapped into act(...):

act(() => {
  /* fire events that update state */
});
/* assert on the output */

This ensures that you're testing the behavior the user would see in the browser. Learn more at https://react.dev/link/wrap-tests-with-act

[90mstderr[2m | src/pages/journal-2-0/a11y/noteEditor.a11y.test.jsx[2m > [22m[2mnote editor (wave-8 flags ON)[2m > [22m[2msurface "editor": axe finds 0 violations
[22m[39mAn update to Root inside a test was not wrapped in act(...).

When testing, code that causes React state updates should be wrapped into act(...):

act(() => {
  /* fire events that update state */
});
/* assert on the output */

This ensures that you're testing the behavior the user would see in the browser. Learn more at https://react.dev/link/wrap-tests-with-act

[90mstderr[2m | src/pages/journal-2-0/a11y/noteEditor.a11y.test.jsx[2m > [22m[2mnote editor (wave-8 flags OFF)[2m > [22m[2msurface "editor:flags-off": axe finds 0 violations
[22m[39mflushSync was called from inside a lifecycle method. React cannot flush when React is already rendering. Consider moving this call to a scheduler task or micro task.
flushSync was called from inside a lifecycle method. React cannot flush when React is already rendering. Consider moving this call to a scheduler task or micro task.
flushSync was called from inside a lifecycle method. React cannot flush when React is already rendering. Consider moving this call to a scheduler task or micro task.

[90mstderr[2m | src/pages/journal-2-0/a11y/noteEditor.a11y.test.jsx[2m > [22m[2mnote editor (wave-8 flags OFF)[2m > [22m[2msurface "editor:flags-off": axe finds 0 violations
[22m[39mAn update to NoteStats inside a test was not wrapped in act(...).

When testing, code that causes React state updates should be wrapped into act(...):

act(() => {
  /* fire events that update state */
});
/* assert on the output */

This ensures that you're testing the behavior the user would see in the browser. Learn more at https://react.dev/link/wrap-tests-with-act

[90mstderr[2m | src/pages/journal-2-0/a11y/noteEditor.a11y.test.jsx[2m > [22m[2mnote editor (wave-8 flags OFF)[2m > [22m[2msurface "editor:flags-off": axe finds 0 violations
[22m[39mAn update to Root inside a test was not wrapped in act(...).

When testing, code that causes React state updates should be wrapped into act(...):

act(() => {
  /* fire events that update state */
});
/* assert on the output */

This ensures that you're testing the behavior the user would see in the browser. Learn more at https://react.dev/link/wrap-tests-with-act

[90mstderr[2m | src/pages/journal-2-0/a11y/noteEditor.a11y.test.jsx[2m > [22m[2mnote editor popups[2m > [22m[2msurface "editor-slash": axe finds 0 violations
[22m[39mflushSync was called from inside a lifecycle method. React cannot flush when React is already rendering. Consider moving this call to a scheduler task or micro task.
flushSync was called from inside a lifecycle method. React cannot flush when React is already rendering. Consider moving this call to a scheduler task or micro task.
flushSync was called from inside a lifecycle method. React cannot flush when React is already rendering. Consider moving this call to a scheduler task or micro task.

[90mstderr[2m | src/pages/journal-2-0/a11y/noteEditor.a11y.test.jsx[2m > [22m[2mnote editor popups[2m > [22m[2msurface "editor-slash": axe finds 0 violations
[22m[39mAn update to Root inside a test was not wrapped in act(...).

When testing, code that causes React state updates should be wrapped into act(...):

act(() => {
  /* fire events that update state */
});
/* assert on the output */

This ensures that you're testing the behavior the user would see in the browser. Learn more at https://react.dev/link/wrap-tests-with-act

[90mstderr[2m | src/pages/journal-2-0/a11y/noteEditor.a11y.test.jsx[2m > [22m[2mnote editor popups[2m > [22m[2msurface "editor-find": axe finds 0 violations
[22m[39mflushSync was called from inside a lifecycle method. React cannot flush when React is already rendering. Consider moving this call to a scheduler task or micro task.
flushSync was called from inside a lifecycle method. React cannot flush when React is already rendering. Consider moving this call to a scheduler task or micro task.
flushSync was called from inside a lifecycle method. React cannot flush when React is already rendering. Consider moving this call to a scheduler task or micro task.

[90mstderr[2m | src/pages/journal-2-0/a11y/noteEditor.a11y.test.jsx[2m > [22m[2mnote editor popups[2m > [22m[2msurface "editor-find": axe finds 0 violations
[22m[39mAn update to Root inside a test was not wrapped in act(...).

When testing, code that causes React state updates should be wrapped into act(...):

act(() => {
  /* fire events that update state */
});
/* assert on the output */

This ensures that you're testing the behavior the user would see in the browser. Learn more at https://react.dev/link/wrap-tests-with-act

[90mstderr[2m | src/pages/journal-2-0/a11y/noteEditor.a11y.test.jsx[2m > [22m[2mnote editor popups[2m > [22m[2msurface "editor-outline": axe finds 0 violations
[22m[39mflushSync was called from inside a lifecycle method. React cannot flush when React is already rendering. Consider moving this call to a scheduler task or micro task.
flushSync was called from inside a lifecycle method. React cannot flush when React is already rendering. Consider moving this call to a scheduler task or micro task.
flushSync was called from inside a lifecycle method. React cannot flush when React is already rendering. Consider moving this call to a scheduler task or micro task.

[90mstderr[2m | src/pages/journal-2-0/a11y/noteEditor.a11y.test.jsx[2m > [22m[2mnote editor popups[2m > [22m[2msurface "editor-outline": axe finds 0 violations
[22m[39mAn update to Root inside a test was not wrapped in act(...).

When testing, code that causes React state updates should be wrapped into act(...):

act(() => {
  /* fire events that update state */
});
/* assert on the output */

This ensures that you're testing the behavior the user would see in the browser. Learn more at https://react.dev/link/wrap-tests-with-act

[90mstderr[2m | src/pages/journal-2-0/a11y/noteEditor.a11y.test.jsx[2m > [22m[2mnote editor popups[2m > [22m[2msurface "editor-color": axe finds 0 violations
[22m[39mflushSync was called from inside a lifecycle method. React cannot flush when React is already rendering. Consider moving this call to a scheduler task or micro task.
flushSync was called from inside a lifecycle method. React cannot flush when React is already rendering. Consider moving this call to a scheduler task or micro task.
flushSync was called from inside a lifecycle method. React cannot flush when React is already rendering. Consider moving this call to a scheduler task or micro task.

[90mstderr[2m | src/pages/journal-2-0/a11y/noteEditor.a11y.test.jsx[2m > [22m[2mnote editor popups[2m > [22m[2msurface "editor-color": axe finds 0 violations
[22m[39mAn update to Root inside a test was not wrapped in act(...).

When testing, code that causes React state updates should be wrapped into act(...):

act(() => {
  /* fire events that update state */
});
/* assert on the output */

This ensures that you're testing the behavior the user would see in the browser. Learn more at https://react.dev/link/wrap-tests-with-act

[90mstderr[2m | src/pages/journal-2-0/a11y/noteEditor.a11y.test.jsx[2m > [22m[2mnote editor popups[2m > [22m[2msurface "editor-table": axe finds 0 violations
[22m[39mflushSync was called from inside a lifecycle method. React cannot flush when React is already rendering. Consider moving this call to a scheduler task or micro task.
flushSync was called from inside a lifecycle method. React cannot flush when React is already rendering. Consider moving this call to a scheduler task or micro task.
flushSync was called from inside a lifecycle method. React cannot flush when React is already rendering. Consider moving this call to a scheduler task or micro task.

[90mstderr[2m | src/pages/journal-2-0/a11y/noteEditor.a11y.test.jsx[2m > [22m[2mnote editor popups[2m > [22m[2msurface "editor-table": axe finds 0 violations
[22m[39mAn update to NoteStats inside a test was not wrapped in act(...).

When testing, code that causes React state updates should be wrapped into act(...):

act(() => {
  /* fire events that update state */
});
/* assert on the output */

This ensures that you're testing the behavior the user would see in the browser. Learn more at https://react.dev/link/wrap-tests-with-act

[90mstderr[2m | src/pages/journal-2-0/a11y/noteEditor.a11y.test.jsx[2m > [22m[2mnote editor popups[2m > [22m[2msurface "editor-table": axe finds 0 violations
[22m[39mAn update to Root inside a test was not wrapped in act(...).

When testing, code that causes React state updates should be wrapped into act(...):

act(() => {
  /* fire events that update state */
});
/* assert on the output */

This ensures that you're testing the behavior the user would see in the browser. Learn more at https://react.dev/link/wrap-tests-with-act

[90mstderr[2m | src/pages/journal-2-0/a11y/noteEditor.a11y.test.jsx[2m > [22m[2mnote editor popups[2m > [22m[2msurface "editor-emoji": axe finds 0 violations
[22m[39mflushSync was called from inside a lifecycle method. React cannot flush when React is already rendering. Consider moving this call to a scheduler task or micro task.
flushSync was called from inside a lifecycle method. React cannot flush when React is already rendering. Consider moving this call to a scheduler task or micro task.
flushSync was called from inside a lifecycle method. React cannot flush when React is already rendering. Consider moving this call to a scheduler task or micro task.

[90mstderr[2m | src/pages/journal-2-0/a11y/noteEditor.a11y.test.jsx[2m > [22m[2mnote editor popups[2m > [22m[2msurface "editor-emoji": axe finds 0 violations
[22m[39mAn update to Root inside a test was not wrapped in act(...).

When testing, code that causes React state updates should be wrapped into act(...):

act(() => {
  /* fire events that update state */
});
/* assert on the output */

This ensures that you're testing the behavior the user would see in the browser. Learn more at https://react.dev/link/wrap-tests-with-act

[90mstderr[2m | src/pages/journal-2-0/a11y/noteEditor.a11y.test.jsx[2m > [22m[2mnote editor popups[2m > [22m[2msurface "editor-note-link": axe finds 0 violations
[22m[39mflushSync was called from inside a lifecycle method. React cannot flush when React is already rendering. Consider moving this call to a scheduler task or micro task.
flushSync was called from inside a lifecycle method. React cannot flush when React is already rendering. Consider moving this call to a scheduler task or micro task.
flushSync was called from inside a lifecycle method. React cannot flush when React is already rendering. Consider moving this call to a scheduler task or micro task.

[90mstderr[2m | src/pages/journal-2-0/a11y/noteEditor.a11y.test.jsx[2m > [22m[2mnote editor popups[2m > [22m[2msurface "editor-note-link": axe finds 0 violations
[22m[39mAn update to Root inside a test was not wrapped in act(...).

When testing, code that causes React state updates should be wrapped into act(...):

act(() => {
  /* fire events that update state */
});
/* assert on the output */

This ensures that you're testing the behavior the user would see in the browser. Learn more at https://react.dev/link/wrap-tests-with-act

[90mstderr[2m | src/pages/journal-2-0/a11y/noteEditor.a11y.test.jsx[2m > [22m[2mnote editor popups[2m > [22m[2msurface "editor-link-paste": axe finds 0 violations
[22m[39mflushSync was called from inside a lifecycle method. React cannot flush when React is already rendering. Consider moving this call to a scheduler task or micro task.
flushSync was called from inside a lifecycle method. React cannot flush when React is already rendering. Consider moving this call to a scheduler task or micro task.
flushSync was called from inside a lifecycle method. React cannot flush when React is already rendering. Consider moving this call to a scheduler task or micro task.

[90mstderr[2m | src/pages/journal-2-0/a11y/noteEditor.a11y.test.jsx[2m > [22m[2mnote editor popups[2m > [22m[2msurface "editor-link-paste": axe finds 0 violations
[22m[39mAn update to Root inside a test was not wrapped in act(...).

When testing, code that causes React state updates should be wrapped into act(...):

act(() => {
  /* fire events that update state */
});
/* assert on the output */

This ensures that you're testing the behavior the user would see in the browser. Learn more at https://react.dev/link/wrap-tests-with-act

[90mstderr[2m | src/pages/journal-2-0/a11y/noteEditor.a11y.test.jsx[2m > [22m[2mnote editor popups[2m > [22m[2msurface "editor-writing-help": axe finds 0 violations
[22m[39mflushSync was called from inside a lifecycle method. React cannot flush when React is already rendering. Consider moving this call to a scheduler task or micro task.
flushSync was called from inside a lifecycle method. React cannot flush when React is already rendering. Consider moving this call to a scheduler task or micro task.
flushSync was called from inside a lifecycle method. React cannot flush when React is already rendering. Consider moving this call to a scheduler task or micro task.

[90mstderr[2m | src/pages/journal-2-0/a11y/noteEditor.a11y.test.jsx[2m > [22m[2mnote editor popups[2m > [22m[2msurface "editor-writing-help": axe finds 0 violations
[22m[39mAn update to Root inside a test was not wrapped in act(...).

When testing, code that causes React state updates should be wrapped into act(...):

act(() => {
  /* fire events that update state */
});
/* assert on the output */

This ensures that you're testing the behavior the user would see in the browser. Learn more at https://react.dev/link/wrap-tests-with-act

[90mstderr[2m | src/pages/journal-2-0/a11y/noteEditor.a11y.test.jsx[2m > [22m[2mnote editor popups[2m > [22m[2msurface "editor-history": axe finds 0 violations
[22m[39mflushSync was called from inside a lifecycle method. React cannot flush when React is already rendering. Consider moving this call to a scheduler task or micro task.
flushSync was called from inside a lifecycle method. React cannot flush when React is already rendering. Consider moving this call to a scheduler task or micro task.
flushSync was called from inside a lifecycle method. React cannot flush when React is already rendering. Consider moving this call to a scheduler task or micro task.

[90mstderr[2m | src/pages/journal-2-0/a11y/noteEditor.a11y.test.jsx[2m > [22m[2mnote editor popups[2m > [22m[2msurface "editor-history": axe finds 0 violations
[22m[39mRender methods should be a pure function of props and state; triggering nested component updates from render is not allowed. If necessary, trigger nested updates in componentDidUpdate.

Check the render method of NoteVersionPreview.
flushSync was called from inside a lifecycle method. React cannot flush when React is already rendering. Consider moving this call to a scheduler task or micro task.
flushSync was called from inside a lifecycle method. React cannot flush when React is already rendering. Consider moving this call to a scheduler task or micro task.

[90mstderr[2m | src/pages/journal-2-0/a11y/noteEditor.a11y.test.jsx[2m > [22m[2mnote editor popups[2m > [22m[2msurface "editor-history": axe finds 0 violations
[22m[39mAn update to Root inside a test was not wrapped in act(...).

When testing, code that causes React state updates should be wrapped into act(...):

act(() => {
  /* fire events that update state */
});
/* assert on the output */

This ensures that you're testing the behavior the user would see in the browser. Learn more at https://react.dev/link/wrap-tests-with-act
An update to Root inside a test was not wrapped in act(...).

When testing, code that causes React state updates should be wrapped into act(...):

act(() => {
  /* fire events that update state */
});
/* assert on the output */

This ensures that you're testing the behavior the user would see in the browser. Learn more at https://react.dev/link/wrap-tests-with-act

[90mstderr[2m | src/pages/journal-2-0/a11y/noteEditor.a11y.test.jsx[2m > [22m[2mnote editor popups[2m > [22m[2msurface "editor-palette": axe finds 0 violations
[22m[39mflushSync was called from inside a lifecycle method. React cannot flush when React is already rendering. Consider moving this call to a scheduler task or micro task.
flushSync was called from inside a lifecycle method. React cannot flush when React is already rendering. Consider moving this call to a scheduler task or micro task.
flushSync was called from inside a lifecycle method. React cannot flush when React is already rendering. Consider moving this call to a scheduler task or micro task.

[90mstderr[2m | src/pages/journal-2-0/a11y/noteEditor.a11y.test.jsx[2m > [22m[2mnote editor popups[2m > [22m[2msurface "editor-palette": axe finds 0 violations
[22m[39mAn update to Root inside a test was not wrapped in act(...).

When testing, code that causes React state updates should be wrapped into act(...):

act(() => {
  /* fire events that update state */
});
/* assert on the output */

This ensures that you're testing the behavior the user would see in the browser. Learn more at https://react.dev/link/wrap-tests-with-act

[90mstderr[2m | src/pages/journal-2-0/lib/widgetEmbed.test.jsx[2m > [22m[2mWidgetEmbedView self-archive bars-ready gate[2m > [22m[2mrefuses to rasterize a body showing a fallback, even with bars already ready
[22m[39mError: chart render blew up
    at C:/Users/Patrick/uct-worktrees/notebook-w10-l13/app/src/pages/journal-2-0/lib/widgetEmbed.test.jsx:42:65
    at default (C:/Users/Patrick/uct-worktrees/notebook-w10-l13/app/src/pages/journal-2-0/lib/widgetEmbed.test.jsx:42:99)
    at Object.react_stack_bottom_frame [90m(C:\Users\Patrick\uct-worktrees\notebook-w10-l13\app\[39mnode_modules\[4mreact-dom[24m\cjs\react-dom-client.development.js:25904:20[90m)[39m
    at renderWithHooks [90m(C:\Users\Patrick\uct-worktrees\notebook-w10-l13\app\[39mnode_modules\[4mreact-dom[24m\cjs\react-dom-client.development.js:7662:22[90m)[39m
    at updateFunctionComponent [90m(C:\Users\Patrick\uct-worktrees\notebook-w10-l13\app\[39mnode_modules\[4mreact-dom[24m\cjs\react-dom-client.development.js:10166:19[90m)[39m
    at beginWork [90m(C:\Users\Patrick\uct-worktrees\notebook-w10-l13\app\[39mnode_modules\[4mreact-dom[24m\cjs\react-dom-client.development.js:11778:18[90m)[39m
    at runWithFiberInDEV [90m(C:\Users\Patrick\uct-worktrees\notebook-w10-l13\app\[39mnode_modules\[4mreact-dom[24m\cjs\react-dom-client.development.js:874:13[90m)[39m
    at performUnitOfWork [90m(C:\Users\Patrick\uct-worktrees\notebook-w10-l13\app\[39mnode_modules\[4mreact-dom[24m\cjs\react-dom-client.development.js:17641:22[90m)[39m
    at workLoopSync [90m(C:\Users\Patrick\uct-worktrees\notebook-w10-l13\app\[39mnode_modules\[4mreact-dom[24m\cjs\react-dom-client.development.js:17469:41[90m)[39m
    at renderRootSync [90m(C:\Users\Patrick\uct-worktrees\notebook-w10-l13\app\[39mnode_modules\[4mreact-dom[24m\cjs\react-dom-client.development.js:17450:11[90m)[39m {
  [stack]: [36m[Getter/Setter][39m,
  [message]: [32m'chart render blew up'[39m
}

The above error occurred in the <default> component.

React will try to recreate this component tree from scratch using the error boundary you provided, EmbedErrorBoundary.


[90mstderr[2m | src/pages/journal-2-0/a11y/focusFlows.test.jsx[2m > [22m[2mfocus in the Notebook tab[2m > [22m[2mopening an existing note from the list focuses its heading, never a field
[22m[39mflushSync was called from inside a lifecycle method. React cannot flush when React is already rendering. Consider moving this call to a scheduler task or micro task.
flushSync was called from inside a lifecycle method. React cannot flush when React is already rendering. Consider moving this call to a scheduler task or micro task.
flushSync was called from inside a lifecycle method. React cannot flush when React is already rendering. Consider moving this call to a scheduler task or micro task.

[90mstderr[2m | src/pages/journal-2-0/a11y/focusFlows.test.jsx[2m > [22m[2mfocus in the Notebook tab[2m > [22m[2mopening an existing note from the list focuses its heading, never a field
[22m[39mlinkifyjs: already initialized - will not register custom scheme "https" until manual call of linkify.init(). Register all schemes and plugins before invoking linkify the first time.

[90mstderr[2m | src/pages/journal-2-0/a11y/focusFlows.test.jsx[2m > [22m[2mfocus in the Notebook tab[2m > [22m[2mopening an existing note from the list focuses its heading, never a field
[22m[39mAn update to Root inside a test was not wrapped in act(...).

When testing, code that causes React state updates should be wrapped into act(...):

act(() => {
  /* fire events that update state */
});
/* assert on the output */

This ensures that you're testing the behavior the user would see in the browser. Learn more at https://react.dev/link/wrap-tests-with-act

[90mstderr[2m | src/pages/journal-2-0/a11y/focusFlows.test.jsx[2m > [22m[2mfocus in the Notebook tab[2m > [22m[2mmaking a NEW note puts focus in its title (typing it is the next act)
[22m[39mflushSync was called from inside a lifecycle method. React cannot flush when React is already rendering. Consider moving this call to a scheduler task or micro task.
flushSync was called from inside a lifecycle method. React cannot flush when React is already rendering. Consider moving this call to a scheduler task or micro task.
flushSync was called from inside a lifecycle method. React cannot flush when React is already rendering. Consider moving this call to a scheduler task or micro task.

[90mstderr[2m | src/pages/journal-2-0/a11y/focusFlows.test.jsx[2m > [22m[2mfocus in the Notebook tab[2m > [22m[2mmaking a NEW note puts focus in its title (typing it is the next act)
[22m[39mlinkifyjs: already initialized - will not register custom scheme "https" until manual call of linkify.init(). Register all schemes and plugins before invoking linkify the first time.

[90mstderr[2m | src/pages/journal-2-0/a11y/focusFlows.test.jsx[2m > [22m[2mfocus in the Notebook tab[2m > [22m[2mmaking a NEW note puts focus in its title (typing it is the next act)
[22m[39mAn update to Root inside a test was not wrapped in act(...).

When testing, code that causes React state updates should be wrapped into act(...):

act(() => {
  /* fire events that update state */
});
/* assert on the output */

This ensures that you're testing the behavior the user would see in the browser. Learn more at https://react.dev/link/wrap-tests-with-act

[90mstderr[2m | src/pages/journal-2-0/a11y/focusFlows.test.jsx[2m > [22m[2mfocus in the Notebook tab[2m > [22m[2mgoing back to the list puts focus on the row that opened the note
[22m[39mflushSync was called from inside a lifecycle method. React cannot flush when React is already rendering. Consider moving this call to a scheduler task or micro task.
flushSync was called from inside a lifecycle method. React cannot flush when React is already rendering. Consider moving this call to a scheduler task or micro task.
flushSync was called from inside a lifecycle method. React cannot flush when React is already rendering. Consider moving this call to a scheduler task or micro task.

[90mstderr[2m | src/pages/journal-2-0/a11y/focusFlows.test.jsx[2m > [22m[2mfocus in the Notebook tab[2m > [22m[2mgoing back to the list puts focus on the row that opened the note
[22m[39mlinkifyjs: already initialized - will not register custom scheme "https" until manual call of linkify.init(). Register all schemes and plugins before invoking linkify the first time.

[90mstderr[2m | src/pages/journal-2-0/a11y/focusFlows.test.jsx[2m > [22m[2mfocus in the Notebook tab[2m > [22m[2ma member who clicked into the sidebar keeps focus there when the note closes
[22m[39mflushSync was called from inside a lifecycle method. React cannot flush when React is already rendering. Consider moving this call to a scheduler task or micro task.
flushSync was called from inside a lifecycle method. React cannot flush when React is already rendering. Consider moving this call to a scheduler task or micro task.
flushSync was called from inside a lifecycle method. React cannot flush when React is already rendering. Consider moving this call to a scheduler task or micro task.

[90mstderr[2m | src/pages/journal-2-0/a11y/focusFlows.test.jsx[2m > [22m[2mfocus in the Notebook tab[2m > [22m[2ma member who clicked into the sidebar keeps focus there when the note closes
[22m[39mlinkifyjs: already initialized - will not register custom scheme "https" until manual call of linkify.init(). Register all schemes and plugins before invoking linkify the first time.

[90mstderr[2m | src/pages/journal-2-0/a11y/focusFlows.test.jsx[2m > [22m[2mfocus in the Notebook tab[2m > [22m[2mdeleting a note through ConfirmModal puts focus on the NEXT row
[22m[39mflushSync was called from inside a lifecycle method. React cannot flush when React is already rendering. Consider moving this call to a scheduler task or micro task.
flushSync was called from inside a lifecycle method. React cannot flush when React is already rendering. Consider moving this call to a scheduler task or micro task.
flushSync was called from inside a lifecycle method. React cannot flush when React is already rendering. Consider moving this call to a scheduler task or micro task.

[90mstderr[2m | src/pages/journal-2-0/a11y/focusFlows.test.jsx[2m > [22m[2mfocus in the Notebook tab[2m > [22m[2mdeleting a note through ConfirmModal puts focus on the NEXT row
[22m[39mlinkifyjs: already initialized - will not register custom scheme "https" until manual call of linkify.init(). Register all schemes and plugins before invoking linkify the first time.

[90mstderr[2m | src/pages/journal-2-0/a11y/focusFlows.test.jsx[2m > [22m[2mfocus in the Notebook tab[2m > [22m[2mdeleting the LAST row puts focus on the pane heading, which then shows
[22m[39mflushSync was called from inside a lifecycle method. React cannot flush when React is already rendering. Consider moving this call to a scheduler task or micro task.
flushSync was called from inside a lifecycle method. React cannot flush when React is already rendering. Consider moving this call to a scheduler task or micro task.
flushSync was called from inside a lifecycle method. React cannot flush when React is already rendering. Consider moving this call to a scheduler task or micro task.

[90mstderr[2m | src/pages/journal-2-0/a11y/focusFlows.test.jsx[2m > [22m[2mfocus in the Notebook tab[2m > [22m[2mdeleting the LAST row puts focus on the pane heading, which then shows
[22m[39mlinkifyjs: already initialized - will not register custom scheme "https" until manual call of linkify.init(). Register all schemes and plugins before invoking linkify the first time.

[90mstderr[2m | src/pages/journal-2-0/a11y/focusFlows.test.jsx[2m > [22m[2mfocus in the Notebook tab[2m > [22m[2mthe skip link is the first focusable thing in the tab, and it moves focus
[22m[39mflushSync was called from inside a lifecycle method. React cannot flush when React is already rendering. Consider moving this call to a scheduler task or micro task.
flushSync was called from inside a lifecycle method. React cannot flush when React is already rendering. Consider moving this call to a scheduler task or micro task.
flushSync was called from inside a lifecycle method. React cannot flush when React is already rendering. Consider moving this call to a scheduler task or micro task.

[90mstderr[2m | src/pages/journal-2-0/a11y/focusFlows.test.jsx[2m > [22m[2mfocus in the Notebook tab[2m > [22m[2mthe skip link is the first focusable thing in the tab, and it moves focus
[22m[39mlinkifyjs: already initialized - will not register custom scheme "https" until manual call of linkify.init(). Register all schemes and plugins before invoking linkify the first time.

[90mstderr[2m | src/pages/journal-2-0/a11y/focusFlows.test.jsx[2m > [22m[2mfocus in the Notebook tab[2m > [22m[2mthe skip link is the first focusable thing in the tab, and it moves focus
[22m[39mAn update to Root inside a test was not wrapped in act(...).

When testing, code that causes React state updates should be wrapped into act(...):

act(() => {
  /* fire events that update state */
});
/* assert on the output */

This ensures that you're testing the behavior the user would see in the browser. Learn more at https://react.dev/link/wrap-tests-with-act

[90mstderr[2m | src/pages/journal-2-0/a11y/focusFlows.test.jsx[2m > [22m[2mfocus in the note editor[2m > [22m[2mclosing Ask gives focus back to the Ask toggle
[22m[39mflushSync was called from inside a lifecycle method. React cannot flush when React is already rendering. Consider moving this call to a scheduler task or micro task.
flushSync was called from inside a lifecycle method. React cannot flush when React is already rendering. Consider moving this call to a scheduler task or micro task.
flushSync was called from inside a lifecycle method. React cannot flush when React is already rendering. Consider moving this call to a scheduler task or micro task.

[90mstderr[2m | src/pages/journal-2-0/a11y/focusFlows.test.jsx[2m > [22m[2mfocus in the note editor[2m > [22m[2mclosing Ask gives focus back to the Ask toggle
[22m[39mlinkifyjs: already initialized - will not register custom scheme "https" until manual call of linkify.init(). Register all schemes and plugins before invoking linkify the first time.

[90mstderr[2m | src/pages/journal-2-0/a11y/focusFlows.test.jsx[2m > [22m[2mfocus in the note editor[2m > [22m[2mclosing Ask gives focus back to the Ask toggle
[22m[39mAn update to Root inside a test was not wrapped in act(...).

When testing, code that causes React state updates should be wrapped into act(...):

act(() => {
  /* fire events that update state */
});
/* assert on the output */

This ensures that you're testing the behavior the user would see in the browser. Learn more at https://react.dev/link/wrap-tests-with-act

[90mstderr[2m | src/pages/journal-2-0/a11y/focusFlows.test.jsx[2m > [22m[2mfocus in the note editor[2m > [22m[2mclosing the find bar gives focus back to the note
[22m[39mflushSync was called from inside a lifecycle method. React cannot flush when React is already rendering. Consider moving this call to a scheduler task or micro task.
flushSync was called from inside a lifecycle method. React cannot flush when React is already rendering. Consider moving this call to a scheduler task or micro task.
flushSync was called from inside a lifecycle method. React cannot flush when React is already rendering. Consider moving this call to a scheduler task or micro task.

[90mstderr[2m | src/pages/journal-2-0/a11y/focusFlows.test.jsx[2m > [22m[2mfocus in the note editor[2m > [22m[2mclosing the find bar gives focus back to the note
[22m[39mAn update to Root inside a test was not wrapped in act(...).

When testing, code that causes React state updates should be wrapped into act(...):

act(() => {
  /* fire events that update state */
});
/* assert on the output */

This ensures that you're testing the behavior the user would see in the browser. Learn more at https://react.dev/link/wrap-tests-with-act

[90mstderr[2m | src/pages/journal-2-0/a11y/focusFlows.test.jsx[2m > [22m[2mfocus in the note editor[2m > [22m[2mEscape in the slash menu leaves focus in the note, caret unmoved
[22m[39mflushSync was called from inside a lifecycle method. React cannot flush when React is already rendering. Consider moving this call to a scheduler task or micro task.
flushSync was called from inside a lifecycle method. React cannot flush when React is already rendering. Consider moving this call to a scheduler task or micro task.
flushSync was called from inside a lifecycle method. React cannot flush when React is already rendering. Consider moving this call to a scheduler task or micro task.

[90mstderr[2m | src/pages/journal-2-0/a11y/focusFlows.test.jsx[2m > [22m[2mfocus in the note editor[2m > [22m[2mEscape in the slash menu leaves focus in the note, caret unmoved
[22m[39mAn update to Root inside a test was not wrapped in act(...).

When testing, code that causes React state updates should be wrapped into act(...):

act(() => {
  /* fire events that update state */
});
/* assert on the output */

This ensures that you're testing the behavior the user would see in the browser. Learn more at https://react.dev/link/wrap-tests-with-act

[90mstderr[2m | src/pages/journal-2-0/a11y/focusFlows.test.jsx[2m > [22m[2mfocus in the note editor[2m > [22m[2mEscape in the emoji menu leaves focus in the note, caret unmoved
[22m[39mflushSync was called from inside a lifecycle method. React cannot flush when React is already rendering. Consider moving this call to a scheduler task or micro task.
flushSync was called from inside a lifecycle method. React cannot flush when React is already rendering. Consider moving this call to a scheduler task or micro task.
flushSync was called from inside a lifecycle method. React cannot flush when React is already rendering. Consider moving this call to a scheduler task or micro task.

[90mstderr[2m | src/pages/journal-2-0/a11y/focusFlows.test.jsx[2m > [22m[2mfocus in the note editor[2m > [22m[2mEscape in the emoji menu leaves focus in the note, caret unmoved
[22m[39mAn update to Root inside a test was not wrapped in act(...).

When testing, code that causes React state updates should be wrapped into act(...):

act(() => {
  /* fire events that update state */
});
/* assert on the output */

This ensures that you're testing the behavior the user would see in the browser. Learn more at https://react.dev/link/wrap-tests-with-act

[90mstderr[2m | src/pages/journal-2-0/a11y/focusFlows.test.jsx[2m > [22m[2mfocus in the note editor[2m > [22m[2mclosing the colour menu gives focus back to its toolbar button
[22m[39mflushSync was called from inside a lifecycle method. React cannot flush when React is already rendering. Consider moving this call to a scheduler task or micro task.
flushSync was called from inside a lifecycle method. React cannot flush when React is already rendering. Consider moving this call to a scheduler task or micro task.
flushSync was called from inside a lifecycle method. React cannot flush when React is already rendering. Consider moving this call to a scheduler task or micro task.

[90mstderr[2m | src/pages/journal-2-0/a11y/focusFlows.test.jsx[2m > [22m[2mfocus in the note editor[2m > [22m[2mclosing the colour menu gives focus back to its toolbar button
[22m[39mAn update to Root inside a test was not wrapped in act(...).

When testing, code that causes React state updates should be wrapped into act(...):

act(() => {
  /* fire events that update state */
});
/* assert on the output */

This ensures that you're testing the behavior the user would see in the browser. Learn more at https://react.dev/link/wrap-tests-with-act

[90mstderr[2m | src/pages/journal-2-0/a11y/focusFlows.test.jsx[2m > [22m[2mfocus in the note editor[2m > [22m[2mclosing the outline gives focus back to its toolbar button
[22m[39mflushSync was called from inside a lifecycle method. React cannot flush when React is already rendering. Consider moving this call to a scheduler task or micro task.
flushSync was called from inside a lifecycle method. React cannot flush when React is already rendering. Consider moving this call to a scheduler task or micro task.
flushSync was called from inside a lifecycle method. React cannot flush when React is already rendering. Consider moving this call to a scheduler task or micro task.

[90mstderr[2m | src/pages/journal-2-0/a11y/focusFlows.test.jsx[2m > [22m[2mfocus in the note editor[2m > [22m[2mclosing the outline gives focus back to its toolbar button
[22m[39mAn update to Root inside a test was not wrapped in act(...).

When testing, code that causes React state updates should be wrapped into act(...):

act(() => {
  /* fire events that update state */
});
/* assert on the output */

This ensures that you're testing the behavior the user would see in the browser. Learn more at https://react.dev/link/wrap-tests-with-act

[90mstderr[2m | src/pages/journal-2-0/components/notebook/NoteEditorPage.interleavings.test.jsx[2m > [22m[2mC — an edit arrives while a write is in flight and the server then fails[2m > [22m[2m⭐ the NEWEST words survive, in both the working copy and the intent
[22m[39mautosave failed (retry 1 in 1000ms) Error: network down
    at C:/Users/Patrick/uct-worktrees/notebook-w10-l13/app/src/pages/journal-2-0/components/notebook/NoteEditorPage.interleavings.test.jsx:150:34
    at [90mfile:///C:/Users/Patrick/uct-worktrees/notebook-w10-l13/app/[39mnode_modules/[4m@vitest/runner[24m/dist/index.js:145:11
    at [90mfile:///C:/Users/Patrick/uct-worktrees/notebook-w10-l13/app/[39mnode_modules/[4m@vitest/runner[24m/dist/index.js:915:26
    at [90mfile:///C:/Users/Patrick/uct-worktrees/notebook-w10-l13/app/[39mnode_modules/[4m@vitest/runner[24m/dist/index.js:1243:20
    at new Promise (<anonymous>)
    at runWithTimeout [90m(file:///C:/Users/Patrick/uct-worktrees/notebook-w10-l13/app/[39mnode_modules/[4m@vitest/runner[24m/dist/index.js:1209:10[90m)[39m
    at [90mfile:///C:/Users/Patrick/uct-worktrees/notebook-w10-l13/app/[39mnode_modules/[4m@vitest/runner[24m/dist/index.js:1653:37
    at Traces.$ [90m(file:///C:/Users/Patrick/uct-worktrees/notebook-w10-l13/app/[39mnode_modules/[4mvitest[24m/dist/chunks/traces.CCmnQaNT.js:142:27[90m)[39m
    at trace [90m(file:///C:/Users/Patrick/uct-worktrees/notebook-w10-l13/app/[39mnode_modules/[4mvitest[24m/dist/chunks/test.B8ej_ZHS.js:239:21[90m)[39m
    at runTest [90m(file:///C:/Users/Patrick/uct-worktrees/notebook-w10-l13/app/[39mnode_modules/[4m@vitest/runner[24m/dist/index.js:1653:12[90m)[39m

[90mstderr[2m | src/pages/journal-2-0/components/notebook/FolderSidebar.test.jsx[2m > [22m[2mfolder delete error surfacing[2m > [22m[2msurfaces a failed delete to the member WITHOUT rendering the raw exception
[22m[39m[notebook] delete folder failed Error: cannot delete: a folder named 'Setups' already exists at the destination — rename it first
    at C:/Users/Patrick/uct-worktrees/notebook-w10-l13/app/src/pages/journal-2-0/components/notebook/FolderSidebar.test.jsx:507:38
    at [90mfile:///C:/Users/Patrick/uct-worktrees/notebook-w10-l13/app/[39mnode_modules/[4m@vitest/runner[24m/dist/index.js:145:11
    at [90mfile:///C:/Users/Patrick/uct-worktrees/notebook-w10-l13/app/[39mnode_modules/[4m@vitest/runner[24m/dist/index.js:915:26
    at [90mfile:///C:/Users/Patrick/uct-worktrees/notebook-w10-l13/app/[39mnode_modules/[4m@vitest/runner[24m/dist/index.js:1243:20
    at new Promise (<anonymous>)
    at runWithTimeout [90m(file:///C:/Users/Patrick/uct-worktrees/notebook-w10-l13/app/[39mnode_modules/[4m@vitest/runner[24m/dist/index.js:1209:10[90m)[39m
    at [90mfile:///C:/Users/Patrick/uct-worktrees/notebook-w10-l13/app/[39mnode_modules/[4m@vitest/runner[24m/dist/index.js:1653:37
    at Traces.$ [90m(file:///C:/Users/Patrick/uct-worktrees/notebook-w10-l13/app/[39mnode_modules/[4mvitest[24m/dist/chunks/traces.CCmnQaNT.js:142:27[90m)[39m
    at trace [90m(file:///C:/Users/Patrick/uct-worktrees/notebook-w10-l13/app/[39mnode_modules/[4mvitest[24m/dist/chunks/test.B8ej_ZHS.js:239:21[90m)[39m
    at runTest [90m(file:///C:/Users/Patrick/uct-worktrees/notebook-w10-l13/app/[39mnode_modules/[4m@vitest/runner[24m/dist/index.js:1653:12[90m)[39m

[90mstderr[2m | src/pages/journal-2-0/components/notebook/NoteEditorPage.interleavings.test.jsx[2m > [22m[2mE — the tab closes after the durable write but before the PUT[2m > [22m[2mthe working copy AND its queued intent are what reopening recovers
[22m[39mautosave failed (retry 1 in 1000ms) Error: network down
    at C:/Users/Patrick/uct-worktrees/notebook-w10-l13/app/src/pages/journal-2-0/components/notebook/NoteEditorPage.interleavings.test.jsx:203:34
    at [90mfile:///C:/Users/Patrick/uct-worktrees/notebook-w10-l13/app/[39mnode_modules/[4m@vitest/runner[24m/dist/index.js:145:11
    at [90mfile:///C:/Users/Patrick/uct-worktrees/notebook-w10-l13/app/[39mnode_modules/[4m@vitest/runner[24m/dist/index.js:915:26
    at [90mfile:///C:/Users/Patrick/uct-worktrees/notebook-w10-l13/app/[39mnode_modules/[4m@vitest/runner[24m/dist/index.js:1243:20
    at new Promise (<anonymous>)
    at runWithTimeout [90m(file:///C:/Users/Patrick/uct-worktrees/notebook-w10-l13/app/[39mnode_modules/[4m@vitest/runner[24m/dist/index.js:1209:10[90m)[39m
    at [90mfile:///C:/Users/Patrick/uct-worktrees/notebook-w10-l13/app/[39mnode_modules/[4m@vitest/runner[24m/dist/index.js:1653:37
    at Traces.$ [90m(file:///C:/Users/Patrick/uct-worktrees/notebook-w10-l13/app/[39mnode_modules/[4mvitest[24m/dist/chunks/traces.CCmnQaNT.js:142:27[90m)[39m
    at trace [90m(file:///C:/Users/Patrick/uct-worktrees/notebook-w10-l13/app/[39mnode_modules/[4mvitest[24m/dist/chunks/test.B8ej_ZHS.js:239:21[90m)[39m
    at runTest [90m(file:///C:/Users/Patrick/uct-worktrees/notebook-w10-l13/app/[39mnode_modules/[4m@vitest/runner[24m/dist/index.js:1653:12[90m)[39m

[90mstderr[2m | src/pages/journal-2-0/components/notebook/NoteEditorPage.interleavings.test.jsx[2m > [22m[2mE — the tab closes after the durable write but before the PUT[2m > [22m[2mthe working copy AND its queued intent are what reopening recovers
[22m[39mautosave failed (retry 2 in 2000ms) Error: network down
    at C:/Users/Patrick/uct-worktrees/notebook-w10-l13/app/src/pages/journal-2-0/components/notebook/NoteEditorPage.interleavings.test.jsx:203:34
    at [90mfile:///C:/Users/Patrick/uct-worktrees/notebook-w10-l13/app/[39mnode_modules/[4m@vitest/runner[24m/dist/index.js:145:11
    at [90mfile:///C:/Users/Patrick/uct-worktrees/notebook-w10-l13/app/[39mnode_modules/[4m@vitest/runner[24m/dist/index.js:915:26
    at [90mfile:///C:/Users/Patrick/uct-worktrees/notebook-w10-l13/app/[39mnode_modules/[4m@vitest/runner[24m/dist/index.js:1243:20
    at new Promise (<anonymous>)
    at runWithTimeout [90m(file:///C:/Users/Patrick/uct-worktrees/notebook-w10-l13/app/[39mnode_modules/[4m@vitest/runner[24m/dist/index.js:1209:10[90m)[39m
    at [90mfile:///C:/Users/Patrick/uct-worktrees/notebook-w10-l13/app/[39mnode_modules/[4m@vitest/runner[24m/dist/index.js:1653:37
    at Traces.$ [90m(file:///C:/Users/Patrick/uct-worktrees/notebook-w10-l13/app/[39mnode_modules/[4mvitest[24m/dist/chunks/traces.CCmnQaNT.js:142:27[90m)[39m
    at trace [90m(file:///C:/Users/Patrick/uct-worktrees/notebook-w10-l13/app/[39mnode_modules/[4mvitest[24m/dist/chunks/test.B8ej_ZHS.js:239:21[90m)[39m
    at runTest [90m(file:///C:/Users/Patrick/uct-worktrees/notebook-w10-l13/app/[39mnode_modules/[4m@vitest/runner[24m/dist/index.js:1653:12[90m)[39m
autosave failed (retry 1 in 1000ms) Error: network down
    at C:/Users/Patrick/uct-worktrees/notebook-w10-l13/app/src/pages/journal-2-0/components/notebook/NoteEditorPage.interleavings.test.jsx:203:34
    at [90mfile:///C:/Users/Patrick/uct-worktrees/notebook-w10-l13/app/[39mnode_modules/[4m@vitest/runner[24m/dist/index.js:145:11
    at [90mfile:///C:/Users/Patrick/uct-worktrees/notebook-w10-l13/app/[39mnode_modules/[4m@vitest/runner[24m/dist/index.js:915:26
    at [90mfile:///C:/Users/Patrick/uct-worktrees/notebook-w10-l13/app/[39mnode_modules/[4m@vitest/runner[24m/dist/index.js:1243:20
    at new Promise (<anonymous>)
    at runWithTimeout [90m(file:///C:/Users/Patrick/uct-worktrees/notebook-w10-l13/app/[39mnode_modules/[4m@vitest/runner[24m/dist/index.js:1209:10[90m)[39m
    at [90mfile:///C:/Users/Patrick/uct-worktrees/notebook-w10-l13/app/[39mnode_modules/[4m@vitest/runner[24m/dist/index.js:1653:37
    at Traces.$ [90m(file:///C:/Users/Patrick/uct-worktrees/notebook-w10-l13/app/[39mnode_modules/[4mvitest[24m/dist/chunks/traces.CCmnQaNT.js:142:27[90m)[39m
    at trace [90m(file:///C:/Users/Patrick/uct-worktrees/notebook-w10-l13/app/[39mnode_modules/[4mvitest[24m/dist/chunks/test.B8ej_ZHS.js:239:21[90m)[39m
    at runTest [90m(file:///C:/Users/Patrick/uct-worktrees/notebook-w10-l13/app/[39mnode_modules/[4m@vitest/runner[24m/dist/index.js:1653:12[90m)[39m

[90mstderr[2m | src/components/chart/mobileScaleAndVolume.test.jsx[2m > [22m[2mMOB-06′ #1 — the phone can reach every price-scale mode[2m > [22m[2mCONTROL · the price-axis long-press builds a Price scale section at all
[22m[39mAn update to StockChart inside a test was not wrapped in act(...).

When testing, code that causes React state updates should be wrapped into act(...):

act(() => {
  /* fire events that update state */
});
/* assert on the output */

This ensures that you're testing the behavior the user would see in the browser. Learn more at https://react.dev/link/wrap-tests-with-act
An update to StockChart inside a test was not wrapped in act(...).

When testing, code that causes React state updates should be wrapped into act(...):

act(() => {
  /* fire events that update state */
});
/* assert on the output */

This ensures that you're testing the behavior the user would see in the browser. Learn more at https://react.dev/link/wrap-tests-with-act
An update to StockChart inside a test was not wrapped in act(...).

When testing, code that causes React state updates should be wrapped into act(...):

act(() => {
  /* fire events that update state */
});
/* assert on the output */

This ensures that you're testing the behavior the user would see in the browser. Learn more at https://react.dev/link/wrap-tests-with-act
An update to StockChart inside a test was not wrapped in act(...).

When testing, code that causes React state updates should be wrapped into act(...):

act(() => {
  /* fire events that update state */
});
/* assert on the output */

This ensures that you're testing the behavior the user would see in the browser. Learn more at https://react.dev/link/wrap-tests-with-act
An update to StockChart inside a test was not wrapped in act(...).

When testing, code that causes React state updates should be wrapped into act(...):

act(() => {
  /* fire events that update state */
});
/* assert on the output */

This ensures that you're testing the behavior the user would see in the browser. Learn more at https://react.dev/link/wrap-tests-with-act
An update to StockChart inside a test was not wrapped in act(...).

When testing, code that causes React state updates should be wrapped into act(...):

act(() => {
  /* fire events that update state */
});
/* assert on the output */

This ensures that you're testing the behavior the user would see in the browser. Learn more at https://react.dev/link/wrap-tests-with-act
An update to StockChart inside a test was not wrapped in act(...).

When testing, code that causes React state updates should be wrapped into act(...):

act(() => {
  /* fire events that update state */
});
/* assert on the output */

This ensures that you're testing the behavior the user would see in the browser. Learn more at https://react.dev/link/wrap-tests-with-act
An update to StockChart inside a test was not wrapped in act(...).

When testing, code that causes React state updates should be wrapped into act(...):

act(() => {
  /* fire events that update state */
});
/* assert on the output */

This ensures that you're testing the behavior the user would see in the browser. Learn more at https://react.dev/link/wrap-tests-with-act
An update to IndicatorLibraryDialog inside a test was not wrapped in act(...).

When testing, code that causes React state updates should be wrapped into act(...):

act(() => {
  /* fire events that update state */
});
/* assert on the output */

This ensures that you're testing the behavior the user would see in the browser. Learn more at https://react.dev/link/wrap-tests-with-act
An update to StockChart inside a test was not wrapped in act(...).

When testing, code that causes React state updates should be wrapped into act(...):

act(() => {
  /* fire events that update state */
});
/* assert on the output */

This ensures that you're testing the behavior the user would see in the browser. Learn more at https://react.dev/link/wrap-tests-with-act
An update to StockChart inside a test was not wrapped in act(...).

When testing, code that causes React state updates should be wrapped into act(...):

act(() => {
  /* fire events that update state */
});
/* assert on the output */

This ensures that you're testing the behavior the user would see in the browser. Learn more at https://react.dev/link/wrap-tests-with-act

[90mstderr[2m | src/components/chart/mobileScaleAndVolume.test.jsx[2m > [22m[2mMOB-06′ #1 — the phone can reach every price-scale mode[2m > [22m[2moffers all three MODES, not just Log — Percent is the orphan this repairs
[22m[39mAn update to StockChart inside a test was not wrapped in act(...).

When testing, code that causes React state updates should be wrapped into act(...):

act(() => {
  /* fire events that update state */
});
/* assert on the output */

This ensures that you're testing the behavior the user would see in the browser. Learn more at https://react.dev/link/wrap-tests-with-act
An update to StockChart inside a test was not wrapped in act(...).

When testing, code that causes React state updates should be wrapped into act(...):

act(() => {
  /* fire events that update state */
});
/* assert on the output */

This ensures that you're testing the behavior the user would see in the browser. Learn more at https://react.dev/link/wrap-tests-with-act
An update to StockChart inside a test was not wrapped in act(...).

When testing, code that causes React state updates should be wrapped into act(...):

act(() => {
  /* fire events that update state */
});
/* assert on the output */

This ensures that you're testing the behavior the user would see in the browser. Learn more at https://react.dev/link/wrap-tests-with-act
An update to StockChart inside a test was not wrapped in act(...).

When testing, code that causes React state updates should be wrapped into act(...):

act(() => {
  /* fire events that update state */
});
/* assert on the output */

This ensures that you're testing the behavior the user would see in the browser. Learn more at https://react.dev/link/wrap-tests-with-act
An update to StockChart inside a test was not wrapped in act(...).

When testing, code that causes React state updates should be wrapped into act(...):

act(() => {
  /* fire events that update state */
});
/* assert on the output */

This ensures that you're testing the behavior the user would see in the browser. Learn more at https://react.dev/link/wrap-tests-with-act
An update to StockChart inside a test was not wrapped in act(...).

When testing, code that causes React state updates should be wrapped into act(...):

act(() => {
  /* fire events that update state */
});
/* assert on the output */

This ensures that you're testing the behavior the user would see in the browser. Learn more at https://react.dev/link/wrap-tests-with-act
An update to StockChart inside a test was not wrapped in act(...).

When testing, code that causes React state updates should be wrapped into act(...):

act(() => {
  /* fire events that update state */
});
/* assert on the output */

This ensures that you're testing the behavior the user would see in the browser. Learn more at https://react.dev/link/wrap-tests-with-act
An update to StockChart inside a test was not wrapped in act(...).

When testing, code that causes React state updates should be wrapped into act(...):

act(() => {
  /* fire events that update state */
});
/* assert on the output */

This ensures that you're testing the behavior the user would see in the browser. Learn more at https://react.dev/link/wrap-tests-with-act
An update to StockChart inside a test was not wrapped in act(...).

When testing, code that causes React state updates should be wrapped into act(...):

act(() => {
  /* fire events that update state */
});
/* assert on the output */

This ensures that you're testing the behavior the user would see in the browser. Learn more at https://react.dev/link/wrap-tests-with-act

[90mstderr[2m | src/components/chart/mobileScaleAndVolume.test.jsx[2m > [22m[2mMOB-06′ #1 — the phone can reach every price-scale mode[2m > [22m[2mAuto-scale survives as a FIT action, not folded into the mode group
[22m[39mAn update to StockChart inside a test was not wrapped in act(...).

When testing, code that causes React state updates should be wrapped into act(...):

act(() => {
  /* fire events that update state */
});
/* assert on the output */

This ensures that you're testing the behavior the user would see in the browser. Learn more at https://react.dev/link/wrap-tests-with-act
An update to StockChart inside a test was not wrapped in act(...).

When testing, code that causes React state updates should be wrapped into act(...):

act(() => {
  /* fire events that update state */
});
/* assert on the output */

This ensures that you're testing the behavior the user would see in the browser. Learn more at https://react.dev/link/wrap-tests-with-act
An update to StockChart inside a test was not wrapped in act(...).

When testing, code that causes React state updates should be wrapped into act(...):

act(() => {
  /* fire events that update state */
});
/* assert on the output */

This ensures that you're testing the behavior the user would see in the browser. Learn more at https://react.dev/link/wrap-tests-with-act
An update to StockChart inside a test was not wrapped in act(...).

When testing, code that causes React state updates should be wrapped into act(...):

act(() => {
  /* fire events that update state */
});
/* assert on the output */

This ensures that you're testing the behavior the user would see in the browser. Learn more at https://react.dev/link/wrap-tests-with-act
An update to StockChart inside a test was not wrapped in act(...).

When testing, code that causes React state updates should be wrapped into act(...):

act(() => {
  /* fire events that update state */
});
/* assert on the output */

This ensures that you're testing the behavior the user would see in the browser. Learn more at https://react.dev/link/wrap-tests-with-act
An update to StockChart inside a test was not wrapped in act(...).

When testing, code that causes React state updates should be wrapped into act(...):

act(() => {
  /* fire events that update state */
});
/* assert on the output */

This ensures that you're testing the behavior the user would see in the browser. Learn more at https://react.dev/link/wrap-tests-with-act
An update to StockChart inside a test was not wrapped in act(...).

When testing, code that causes React state updates should be wrapped into act(...):

act(() => {
  /* fire events that update state */
});
/* assert on the output */

This ensures that you're testing the behavior the user would see in the browser. Learn more at https://react.dev/link/wrap-tests-with-act
An update to StockChart inside a test was not wrapped in act(...).

When testing, code that causes React state updates should be wrapped into act(...):

act(() => {
  /* fire events that update state */
});
/* assert on the output */

This ensures that you're testing the behavior the user would see in the browser. Learn more at https://react.dev/link/wrap-tests-with-act
An update to StockChart inside a test was not wrapped in act(...).

When testing, code that causes React state updates should be wrapped into act(...):

act(() => {
  /* fire events that update state */
});
/* assert on the output */

This ensures that you're testing the behavior the user would see in the browser. Learn more at https://react.dev/link/wrap-tests-with-act

[90mstderr[2m | src/components/chart/mobileScaleAndVolume.test.jsx[2m > [22m[2mMOB-06′ #1 — the phone can reach every price-scale mode[2m > [22m[2mpicking Percent turns percent scale ON
[22m[39mAn update to StockChart inside a test was not wrapped in act(...).

When testing, code that causes React state updates should be wrapped into act(...):

act(() => {
  /* fire events that update state */
});
/* assert on the output */

This ensures that you're testing the behavior the user would see in the browser. Learn more at https://react.dev/link/wrap-tests-with-act
An update to StockChart inside a test was not wrapped in act(...).

When testing, code that causes React state updates should be wrapped into act(...):

act(() => {
  /* fire events that update state */
});
/* assert on the output */

This ensures that you're testing the behavior the user would see in the browser. Learn more at https://react.dev/link/wrap-tests-with-act
An update to StockChart inside a test was not wrapped in act(...).

When testing, code that causes React state updates should be wrapped into act(...):

act(() => {
  /* fire events that update state */
});
/* assert on the output */

This ensures that you're testing the behavior the user would see in the browser. Learn more at https://react.dev/link/wrap-tests-with-act
An update to StockChart inside a test was not wrapped in act(...).

When testing, code that causes React state updates should be wrapped into act(...):

act(() => {
  /* fire events that update state */
});
/* assert on the output */

This ensures that you're testing the behavior the user would see in the browser. Learn more at https://react.dev/link/wrap-tests-with-act
An update to StockChart inside a test was not wrapped in act(...).

When testing, code that causes React state updates should be wrapped into act(...):

act(() => {
  /* fire events that update state */
});
/* assert on the output */

This ensures that you're testing the behavior the user would see in the browser. Learn more at https://react.dev/link/wrap-tests-with-act
An update to StockChart inside a test was not wrapped in act(...).

When testing, code that causes React state updates should be wrapped into act(...):

act(() => {
  /* fire events that update state */
});
/* assert on the output */

This ensures that you're testing the behavior the user would see in the browser. Learn more at https://react.dev/link/wrap-tests-with-act
An update to StockChart inside a test was not wrapped in act(...).

When testing, code that causes React state updates should be wrapped into act(...):

act(() => {
  /* fire events that update state */
});
/* assert on the output */

This ensures that you're testing the behavior the user would see in the browser. Learn more at https://react.dev/link/wrap-tests-with-act
An update to StockChart inside a test was not wrapped in act(...).

When testing, code that causes React state updates should be wrapped into act(...):

act(() => {
  /* fire events that update state */
});
/* assert on the output */

This ensures that you're testing the behavior the user would see in the browser. Learn more at https://react.dev/link/wrap-tests-with-act
An update to StockChart inside a test was not wrapped in act(...).

When testing, code that causes React state updates should be wrapped into act(...):

act(() => {
  /* fire events that update state */
});
/* assert on the output */

This ensures that you're testing the behavior the user would see in the browser. Learn more at https://react.dev/link/wrap-tests-with-act

[90mstderr[2m | src/components/chart/mobileScaleAndVolume.test.jsx[2m > [22m[2mMOB-06′ #1 — the phone can reach every price-scale mode[2m > [22m[2m…and clears logScale in the SAME write — one writer owns both booleans
[22m[39mAn update to StockChart inside a test was not wrapped in act(...).

When testing, code that causes React state updates should be wrapped into act(...):

act(() => {
  /* fire events that update state */
});
/* assert on the output */

This ensures that you're testing the behavior the user would see in the browser. Learn more at https://react.dev/link/wrap-tests-with-act
An update to StockChart inside a test was not wrapped in act(...).

When testing, code that causes React state updates should be wrapped into act(...):

act(() => {
  /* fire events that update state */
});
/* assert on the output */

This ensures that you're testing the behavior the user would see in the browser. Learn more at https://react.dev/link/wrap-tests-with-act
An update to StockChart inside a test was not wrapped in act(...).

When testing, code that causes React state updates should be wrapped into act(...):

act(() => {
  /* fire events that update state */
});
/* assert on the output */

This ensures that you're testing the behavior the user would see in the browser. Learn more at https://react.dev/link/wrap-tests-with-act
An update to StockChart inside a test was not wrapped in act(...).

When testing, code that causes React state updates should be wrapped into act(...):

act(() => {
  /* fire events that update state */
});
/* assert on the output */

This ensures that you're testing the behavior the user would see in the browser. Learn more at https://react.dev/link/wrap-tests-with-act
An update to StockChart inside a test was not wrapped in act(...).

When testing, code that causes React state updates should be wrapped into act(...):

act(() => {
  /* fire events that update state */
});
/* assert on the output */

This ensures that you're testing the behavior the user would see in the browser. Learn more at https://react.dev/link/wrap-tests-with-act
An update to StockChart inside a test was not wrapped in act(...).

When testing, code that causes React state updates should be wrapped into act(...):

act(() => {
  /* fire events that update state */
});
/* assert on the output */

This ensures that you're testing the behavior the user would see in the browser. Learn more at https://react.dev/link/wrap-tests-with-act
An update to StockChart inside a test was not wrapped in act(...).

When testing, code that causes React state updates should be wrapped into act(...):

act(() => {
  /* fire events that update state */
});
/* assert on the output */

This ensures that you're testing the behavior the user would see in the browser. Learn more at https://react.dev/link/wrap-tests-with-act
An update to StockChart inside a test was not wrapped in act(...).

When testing, code that causes React state updates should be wrapped into act(...):

act(() => {
  /* fire events that update state */
});
/* assert on the output */

This ensures that you're testing the behavior the user would see in the browser. Learn more at https://react.dev/link/wrap-tests-with-act
An update to StockChart inside a test was not wrapped in act(...).

When testing, code that causes React state updates should be wrapped into act(...):

act(() => {
  /* fire events that update state */
});
/* assert on the output */

This ensures that you're testing the behavior the user would see in the browser. Learn more at https://react.dev/link/wrap-tests-with-act

[90mstderr[2m | src/components/chart/mobileScaleAndVolume.test.jsx[2m > [22m[2mMOB-06′ #1 — the phone can reach every price-scale mode[2m > [22m[2mthe ticked row is the ACTIVE mode, and it updates immediately
[22m[39mAn update to StockChart inside a test was not wrapped in act(...).

When testing, code that causes React state updates should be wrapped into act(...):

act(() => {
  /* fire events that update state */
});
/* assert on the output */

This ensures that you're testing the behavior the user would see in the browser. Learn more at https://react.dev/link/wrap-tests-with-act
An update to StockChart inside a test was not wrapped in act(...).

When testing, code that causes React state updates should be wrapped into act(...):

act(() => {
  /* fire events that update state */
});
/* assert on the output */

This ensures that you're testing the behavior the user would see in the browser. Learn more at https://react.dev/link/wrap-tests-with-act
An update to StockChart inside a test was not wrapped in act(...).

When testing, code that causes React state updates should be wrapped into act(...):

act(() => {
  /* fire events that update state */
});
/* assert on the output */

This ensures that you're testing the behavior the user would see in the browser. Learn more at https://react.dev/link/wrap-tests-with-act
An update to StockChart inside a test was not wrapped in act(...).

When testing, code that causes React state updates should be wrapped into act(...):

act(() => {
  /* fire events that update state */
});
/* assert on the output */

This ensures that you're testing the behavior the user would see in the browser. Learn more at https://react.dev/link/wrap-tests-with-act
An update to StockChart inside a test was not wrapped in act(...).

When testing, code that causes React state updates should be wrapped into act(...):

act(() => {
  /* fire events that update state */
});
/* assert on the output */

This ensures that you're testing the behavior the user would see in the browser. Learn more at https://react.dev/link/wrap-tests-with-act
An update to StockChart inside a test was not wrapped in act(...).

When testing, code that causes React state updates should be wrapped into act(...):

act(() => {
  /* fire events that update state */
});
/* assert on the output */

This ensures that you're testing the behavior the user would see in the browser. Learn more at https://react.dev/link/wrap-tests-with-act
An update to StockChart inside a test was not wrapped in act(...).

When testing, code that causes React state updates should be wrapped into act(...):

act(() => {
  /* fire events that update state */
});
/* assert on the output */

This ensures that you're testing the behavior the user would see in the browser. Learn more at https://react.dev/link/wrap-tests-with-act
An update to StockChart inside a test was not wrapped in act(...).

When testing, code that causes React state updates should be wrapped into act(...):

act(() => {
  /* fire events that update state */
});
/* assert on the output */

This ensures that you're testing the behavior the user would see in the browser. Learn more at https://react.dev/link/wrap-tests-with-act
An update to StockChart inside a test was not wrapped in act(...).

When testing, code that causes React state updates should be wrapped into act(...):

act(() => {
  /* fire events that update state */
});
/* assert on the output */

This ensures that you're testing the behavior the user would see in the browser. Learn more at https://react.dev/link/wrap-tests-with-act

[90mstderr[2m | src/components/chart/mobileScaleAndVolume.test.jsx[2m > [22m[2mMOB-06′ #1 — the phone can reach every price-scale mode[2m > [22m[2ma chart that OPENS on Percent shows Percent ticked
[22m[39mAn update to StockChart inside a test was not wrapped in act(...).

When testing, code that causes React state updates should be wrapped into act(...):

act(() => {
  /* fire events that update state */
});
/* assert on the output */

This ensures that you're testing the behavior the user would see in the browser. Learn more at https://react.dev/link/wrap-tests-with-act
An update to StockChart inside a test was not wrapped in act(...).

When testing, code that causes React state updates should be wrapped into act(...):

act(() => {
  /* fire events that update state */
});
/* assert on the output */

This ensures that you're testing the behavior the user would see in the browser. Learn more at https://react.dev/link/wrap-tests-with-act
An update to StockChart inside a test was not wrapped in act(...).

When testing, code that causes React state updates should be wrapped into act(...):

act(() => {
  /* fire events that update state */
});
/* assert on the output */

This ensures that you're testing the behavior the user would see in the browser. Learn more at https://react.dev/link/wrap-tests-with-act
An update to StockChart inside a test was not wrapped in act(...).

When testing, code that causes React state updates should be wrapped into act(...):

act(() => {
  /* fire events that update state */
});
/* assert on the output */

This ensures that you're testing the behavior the user would see in the browser. Learn more at https://react.dev/link/wrap-tests-with-act
An update to StockChart inside a test was not wrapped in act(...).

When testing, code that causes React state updates should be wrapped into act(...):

act(() => {
  /* fire events that update state */
});
/* assert on the output */

This ensures that you're testing the behavior the user would see in the browser. Learn more at https://react.dev/link/wrap-tests-with-act
An update to StockChart inside a test was not wrapped in act(...).

When testing, code that causes React state updates should be wrapped into act(...):

act(() => {
  /* fire events that update state */
});
/* assert on the output */

This ensures that you're testing the behavior the user would see in the browser. Learn more at https://react.dev/link/wrap-tests-with-act
An update to StockChart inside a test was not wrapped in act(...).

When testing, code that causes React state updates should be wrapped into act(...):

act(() => {
  /* fire events that update state */
});
/* assert on the output */

This ensures that you're testing the behavior the user would see in the browser. Learn more at https://react.dev/link/wrap-tests-with-act
An update to StockChart inside a test was not wrapped in act(...).

When testing, code that causes React state updates should be wrapped into act(...):

act(() => {
  /* fire events that update state */
});
/* assert on the output */

This ensures that you're testing the behavior the user would see in the browser. Learn more at https://react.dev/link/wrap-tests-with-act
An update to StockChart inside a test was not wrapped in act(...).

When testing, code that causes React state updates should be wrapped into act(...):

act(() => {
  /* fire events that update state */
});
/* assert on the output */

This ensures that you're testing the behavior the user would see in the browser. Learn more at https://react.dev/link/wrap-tests-with-act

[90mstderr[2m | src/components/chart/mobileScaleAndVolume.test.jsx[2m > [22m[2mMOB-06′ #1 — the phone can reach every price-scale mode[2m > [22m[2m🔴 REGRESSION · picking Log while Percent is on actually LEAVES Percent
[22m[39mAn update to StockChart inside a test was not wrapped in act(...).

When testing, code that causes React state updates should be wrapped into act(...):

act(() => {
  /* fire events that update state */
});
/* assert on the output */

This ensures that you're testing the behavior the user would see in the browser. Learn more at https://react.dev/link/wrap-tests-with-act
An update to StockChart inside a test was not wrapped in act(...).

When testing, code that causes React state updates should be wrapped into act(...):

act(() => {
  /* fire events that update state */
});
/* assert on the output */

This ensures that you're testing the behavior the user would see in the browser. Learn more at https://react.dev/link/wrap-tests-with-act
An update to StockChart inside a test was not wrapped in act(...).

When testing, code that causes React state updates should be wrapped into act(...):

act(() => {
  /* fire events that update state */
});
/* assert on the output */

This ensures that you're testing the behavior the user would see in the browser. Learn more at https://react.dev/link/wrap-tests-with-act
An update to StockChart inside a test was not wrapped in act(...).

When testing, code that causes React state updates should be wrapped into act(...):

act(() => {
  /* fire events that update state */
});
/* assert on the output */

This ensures that you're testing the behavior the user would see in the browser. Learn more at https://react.dev/link/wrap-tests-with-act
An update to StockChart inside a test was not wrapped in act(...).

When testing, code that causes React state updates should be wrapped into act(...):

act(() => {
  /* fire events that update state */
});
/* assert on the output */

This ensures that you're testing the behavior the user would see in the browser. Learn more at https://react.dev/link/wrap-tests-with-act
An update to StockChart inside a test was not wrapped in act(...).

When testing, code that causes React state updates should be wrapped into act(...):

act(() => {
  /* fire events that update state */
});
/* assert on the output */

This ensures that you're testing the behavior the user would see in the browser. Learn more at https://react.dev/link/wrap-tests-with-act
An update to StockChart inside a test was not wrapped in act(...).

When testing, code that causes React state updates should be wrapped into act(...):

act(() => {
  /* fire events that update state */
});
/* assert on the output */

This ensures that you're testing the behavior the user would see in the browser. Learn more at https://react.dev/link/wrap-tests-with-act
An update to StockChart inside a test was not wrapped in act(...).

When testing, code that causes React state updates should be wrapped into act(...):

act(() => {
  /* fire events that update state */
});
/* assert on the output */

This ensures that you're testing the behavior the user would see in the browser. Learn more at https://react.dev/link/wrap-tests-with-act
An update to StockChart inside a test was not wrapped in act(...).

When testing, code that causes React state updates should be wrapped into act(...):

act(() => {
  /* fire events that update state */
});
/* assert on the output */

This ensures that you're testing the behavior the user would see in the browser. Learn more at https://react.dev/link/wrap-tests-with-act

[90mstderr[2m | src/components/chart/mobileScaleAndVolume.test.jsx[2m > [22m[2mMOB-06′ #1 — the phone can reach every price-scale mode[2m > [22m[2mArithmetic clears BOTH — the third mode is a real destination
[22m[39mAn update to StockChart inside a test was not wrapped in act(...).

When testing, code that causes React state updates should be wrapped into act(...):

act(() => {
  /* fire events that update state */
});
/* assert on the output */

This ensures that you're testing the behavior the user would see in the browser. Learn more at https://react.dev/link/wrap-tests-with-act
An update to StockChart inside a test was not wrapped in act(...).

When testing, code that causes React state updates should be wrapped into act(...):

act(() => {
  /* fire events that update state */
});
/* assert on the output */

This ensures that you're testing the behavior the user would see in the browser. Learn more at https://react.dev/link/wrap-tests-with-act
An update to StockChart inside a test was not wrapped in act(...).

When testing, code that causes React state updates should be wrapped into act(...):

act(() => {
  /* fire events that update state */
});
/* assert on the output */

This ensures that you're testing the behavior the user would see in the browser. Learn more at https://react.dev/link/wrap-tests-with-act
An update to StockChart inside a test was not wrapped in act(...).

When testing, code that causes React state updates should be wrapped into act(...):

act(() => {
  /* fire events that update state */
});
/* assert on the output */

This ensures that you're testing the behavior the user would see in the browser. Learn more at https://react.dev/link/wrap-tests-with-act
An update to StockChart inside a test was not wrapped in act(...).

When testing, code that causes React state updates should be wrapped into act(...):

act(() => {
  /* fire events that update state */
});
/* assert on the output */

This ensures that you're testing the behavior the user would see in the browser. Learn more at https://react.dev/link/wrap-tests-with-act
An update to StockChart inside a test was not wrapped in act(...).

When testing, code that causes React state updates should be wrapped into act(...):

act(() => {
  /* fire events that update state */
});
/* assert on the output */

This ensures that you're testing the behavior the user would see in the browser. Learn more at https://react.dev/link/wrap-tests-with-act
An update to StockChart inside a test was not wrapped in act(...).

When testing, code that causes React state updates should be wrapped into act(...):

act(() => {
  /* fire events that update state */
});
/* assert on the output */

This ensures that you're testing the behavior the user would see in the browser. Learn more at https://react.dev/link/wrap-tests-with-act
An update to StockChart inside a test was not wrapped in act(...).

When testing, code that causes React state updates should be wrapped into act(...):

act(() => {
  /* fire events that update state */
});
/* assert on the output */

This ensures that you're testing the behavior the user would see in the browser. Learn more at https://react.dev/link/wrap-tests-with-act
An update to StockChart inside a test was not wrapped in act(...).

When testing, code that causes React state updates should be wrapped into act(...):

act(() => {
  /* fire events that update state */
});
/* assert on the output */

This ensures that you're testing the behavior the user would see in the browser. Learn more at https://react.dev/link/wrap-tests-with-act

[90mstderr[2m | src/components/chart/mobileScaleAndVolume.test.jsx[2m > [22m[2mMOB-06′ #1 — the phone can reach every price-scale mode[2m > [22m[2mthe price-AREA sheet's Log row routes through the same writer
[22m[39mAn update to StockChart inside a test was not wrapped in act(...).

When testing, code that causes React state updates should be wrapped into act(...):

act(() => {
  /* fire events that update state */
});
/* assert on the output */

This ensures that you're testing the behavior the user would see in the browser. Learn more at https://react.dev/link/wrap-tests-with-act
An update to StockChart inside a test was not wrapped in act(...).

When testing, code that causes React state updates should be wrapped into act(...):

act(() => {
  /* fire events that update state */
});
/* assert on the output */

This ensures that you're testing the behavior the user would see in the browser. Learn more at https://react.dev/link/wrap-tests-with-act
An update to StockChart inside a test was not wrapped in act(...).

When testing, code that causes React state updates should be wrapped into act(...):

act(() => {
  /* fire events that update state */
});
/* assert on the output */

This ensures that you're testing the behavior the user would see in the browser. Learn more at https://react.dev/link/wrap-tests-with-act
An update to StockChart inside a test was not wrapped in act(...).

When testing, code that causes React state updates should be wrapped into act(...):

act(() => {
  /* fire events that update state */
});
/* assert on the output */

This ensures that you're testing the behavior the user would see in the browser. Learn more at https://react.dev/link/wrap-tests-with-act
An update to StockChart inside a test was not wrapped in act(...).

When testing, code that causes React state updates should be wrapped into act(...):

act(() => {
  /* fire events that update state */
});
/* assert on the output */

This ensures that you're testing the behavior the user would see in the browser. Learn more at https://react.dev/link/wrap-tests-with-act
An update to StockChart inside a test was not wrapped in act(...).

When testing, code that causes React state updates should be wrapped into act(...):

act(() => {
  /* fire events that update state */
});
/* assert on the output */

This ensures that you're testing the behavior the user would see in the browser. Learn more at https://react.dev/link/wrap-tests-with-act
An update to StockChart inside a test was not wrapped in act(...).

When testing, code that causes React state updates should be wrapped into act(...):

act(() => {
  /* fire events that update state */
});
/* assert on the output */

This ensures that you're testing the behavior the user would see in the browser. Learn more at https://react.dev/link/wrap-tests-with-act
An update to StockChart inside a test was not wrapped in act(...).

When testing, code that causes React state updates should be wrapped into act(...):

act(() => {
  /* fire events that update state */
});
/* assert on the output */

This ensures that you're testing the behavior the user would see in the browser. Learn more at https://react.dev/link/wrap-tests-with-act
An update to StockChart inside a test was not wrapped in act(...).

When testing, code that causes React state updates should be wrapped into act(...):

act(() => {
  /* fire events that update state */
});
/* assert on the output */

This ensures that you're testing the behavior the user would see in the browser. Learn more at https://react.dev/link/wrap-tests-with-act

[90mstderr[2m | src/components/chart/mobileScaleAndVolume.test.jsx[2m > [22m[2mMOB-06′ #1 — the phone can reach every price-scale mode[2m > [22m[2mDESKTOP UNCHANGED · the A/L/% chips write the same fact through the same writer
[22m[39mAn update to StockChart inside a test was not wrapped in act(...).

When testing, code that causes React state updates should be wrapped into act(...):

act(() => {
  /* fire events that update state */
});
/* assert on the output */

This ensures that you're testing the behavior the user would see in the browser. Learn more at https://react.dev/link/wrap-tests-with-act
An update to StockChart inside a test was not wrapped in act(...).

When testing, code that causes React state updates should be wrapped into act(...):

act(() => {
  /* fire events that update state */
});
/* assert on the output */

This ensures that you're testing the behavior the user would see in the browser. Learn more at https://react.dev/link/wrap-tests-with-act
An update to StockChart inside a test was not wrapped in act(...).

When testing, code that causes React state updates should be wrapped into act(...):

act(() => {
  /* fire events that update state */
});
/* assert on the output */

This ensures that you're testing the behavior the user would see in the browser. Learn more at https://react.dev/link/wrap-tests-with-act
An update to StockChart inside a test was not wrapped in act(...).

When testing, code that causes React state updates should be wrapped into act(...):

act(() => {
  /* fire events that update state */
});
/* assert on the output */

This ensures that you're testing the behavior the user would see in the browser. Learn more at https://react.dev/link/wrap-tests-with-act
An update to StockChart inside a test was not wrapped in act(...).

When testing, code that causes React state updates should be wrapped into act(...):

act(() => {
  /* fire events that update state */
});
/* assert on the output */

This ensures that you're testing the behavior the user would see in the browser. Learn more at https://react.dev/link/wrap-tests-with-act
An update to StockChart inside a test was not wrapped in act(...).

When testing, code that causes React state updates should be wrapped into act(...):

act(() => {
  /* fire events that update state */
});
/* assert on the output */

This ensures that you're testing the behavior the user would see in the browser. Learn more at https://react.dev/link/wrap-tests-with-act
An update to StockChart inside a test was not wrapped in act(...).

When testing, code that causes React state updates should be wrapped into act(...):

act(() => {
  /* fire events that update state */
});
/* assert on the output */

This ensures that you're testing the behavior the user would see in the browser. Learn more at https://react.dev/link/wrap-tests-with-act
An update to StockChart inside a test was not wrapped in act(...).

When testing, code that causes React state updates should be wrapped into act(...):

act(() => {
  /* fire events that update state */
});
/* assert on the output */

This ensures that you're testing the behavior the user would see in the browser. Learn more at https://react.dev/link/wrap-tests-with-act
An update to StockChart inside a test was not wrapped in act(...).

When testing, code that causes React state updates should be wrapped into act(...):

act(() => {
  /* fire events that update state */
});
/* assert on the output */

This ensures that you're testing the behavior the user would see in the browser. Learn more at https://react.dev/link/wrap-tests-with-act

[90mstderr[2m | src/components/chart/mobileScaleAndVolume.test.jsx[2m > [22m[2mMOB-06′ #1 — the phone can reach every price-scale mode[2m > [22m[2mDESKTOP UNCHANGED · the chips still show the active mode
[22m[39mAn update to StockChart inside a test was not wrapped in act(...).

When testing, code that causes React state updates should be wrapped into act(...):

act(() => {
  /* fire events that update state */
});
/* assert on the output */

This ensures that you're testing the behavior the user would see in the browser. Learn more at https://react.dev/link/wrap-tests-with-act
An update to StockChart inside a test was not wrapped in act(...).

When testing, code that causes React state updates should be wrapped into act(...):

act(() => {
  /* fire events that update state */
});
/* assert on the output */

This ensures that you're testing the behavior the user would see in the browser. Learn more at https://react.dev/link/wrap-tests-with-act
An update to StockChart inside a test was not wrapped in act(...).

When testing, code that causes React state updates should be wrapped into act(...):

act(() => {
  /* fire events that update state */
});
/* assert on the output */

This ensures that you're testing the behavior the user would see in the browser. Learn more at https://react.dev/link/wrap-tests-with-act
An update to StockChart inside a test was not wrapped in act(...).

When testing, code that causes React state updates should be wrapped into act(...):

act(() => {
  /* fire events that update state */
});
/* assert on the output */

This ensures that you're testing the behavior the user would see in the browser. Learn more at https://react.dev/link/wrap-tests-with-act
An update to StockChart inside a test was not wrapped in act(...).

When testing, code that causes React state updates should be wrapped into act(...):

act(() => {
  /* fire events that update state */
});
/* assert on the output */

This ensures that you're testing the behavior the user would see in the browser. Learn more at https://react.dev/link/wrap-tests-with-act
An update to StockChart inside a test was not wrapped in act(...).

When testing, code that causes React state updates should be wrapped into act(...):

act(() => {
  /* fire events that update state */
});
/* assert on the output */

This ensures that you're testing the behavior the user would see in the browser. Learn more at https://react.dev/link/wrap-tests-with-act
An update to StockChart inside a test was not wrapped in act(...).

When testing, code that causes React state updates should be wrapped into act(...):

act(() => {
  /* fire events that update state */
});
/* assert on the output */

This ensures that you're testing the behavior the user would see in the browser. Learn more at https://react.dev/link/wrap-tests-with-act
An update to StockChart inside a test was not wrapped in act(...).

When testing, code that causes React state updates should be wrapped into act(...):

act(() => {
  /* fire events that update state */
});
/* assert on the output */

This ensures that you're testing the behavior the user would see in the browser. Learn more at https://react.dev/link/wrap-tests-with-act
An update to StockChart inside a test was not wrapped in act(...).

When testing, code that causes React state updates should be wrapped into act(...):

act(() => {
  /* fire events that update state */
});
/* assert on the output */

This ensures that you're testing the behavior the user would see in the browser. Learn more at https://react.dev/link/wrap-tests-with-act

[90mstderr[2m | src/components/chart/mobileScaleAndVolume.test.jsx[2m > [22m[2mMOB-06′ #1 — the phone can reach every price-scale mode[2m > [22m[2mthe menu is POINTER-AGNOSTIC — a coarse pointer gets the same rows
[22m[39mAn update to StockChart inside a test was not wrapped in act(...).

When testing, code that causes React state updates should be wrapped into act(...):

act(() => {
  /* fire events that update state */
});
/* assert on the output */

This ensures that you're testing the behavior the user would see in the browser. Learn more at https://react.dev/link/wrap-tests-with-act
An update to StockChart inside a test was not wrapped in act(...).

When testing, code that causes React state updates should be wrapped into act(...):

act(() => {
  /* fire events that update state */
});
/* assert on the output */

This ensures that you're testing the behavior the user would see in the browser. Learn more at https://react.dev/link/wrap-tests-with-act
An update to StockChart inside a test was not wrapped in act(...).

When testing, code that causes React state updates should be wrapped into act(...):

act(() => {
  /* fire events that update state */
});
/* assert on the output */

This ensures that you're testing the behavior the user would see in the browser. Learn more at https://react.dev/link/wrap-tests-with-act
An update to StockChart inside a test was not wrapped in act(...).

When testing, code that causes React state updates should be wrapped into act(...):

act(() => {
  /* fire events that update state */
});
/* assert on the output */

This ensures that you're testing the behavior the user would see in the browser. Learn more at https://react.dev/link/wrap-tests-with-act
An update to StockChart inside a test was not wrapped in act(...).

When testing, code that causes React state updates should be wrapped into act(...):

act(() => {
  /* fire events that update state */
});
/* assert on the output */

This ensures that you're testing the behavior the user would see in the browser. Learn more at https://react.dev/link/wrap-tests-with-act
An update to StockChart inside a test was not wrapped in act(...).

When testing, code that causes React state updates should be wrapped into act(...):

act(() => {
  /* fire events that update state */
});
/* assert on the output */

This ensures that you're testing the behavior the user would see in the browser. Learn more at https://react.dev/link/wrap-tests-with-act
An update to StockChart inside a test was not wrapped in act(...).

When testing, code that causes React state updates should be wrapped into act(...):

act(() => {
  /* fire events that update state */
});
/* assert on the output */

This ensures that you're testing the behavior the user would see in the browser. Learn more at https://react.dev/link/wrap-tests-with-act
An update to StockChart inside a test was not wrapped in act(...).

When testing, code that causes React state updates should be wrapped into act(...):

act(() => {
  /* fire events that update state */
});
/* assert on the output */

This ensures that you're testing the behavior the user would see in the browser. Learn more at https://react.dev/link/wrap-tests-with-act
An update to StockChart inside a test was not wrapped in act(...).

When testing, code that causes React state updates should be wrapped into act(...):

act(() => {
  /* fire events that update state */
});
/* assert on the output */

This ensures that you're testing the behavior the user would see in the browser. Learn more at https://react.dev/link/wrap-tests-with-act

[90mstderr[2m | src/components/chart/mobileScaleAndVolume.test.jsx[2m > [22m[2mMOB-06′ #1 — the phone can reach every price-scale mode[2m > [22m[2mNO always-visible % chip was added to the phone — the TASK was restored, not the furniture
[22m[39mAn update to StockChart inside a test was not wrapped in act(...).

When testing, code that causes React state updates should be wrapped into act(...):

act(() => {
  /* fire events that update state */
});
/* assert on the output */

This ensures that you're testing the behavior the user would see in the browser. Learn more at https://react.dev/link/wrap-tests-with-act
An update to StockChart inside a test was not wrapped in act(...).

When testing, code that causes React state updates should be wrapped into act(...):

act(() => {
  /* fire events that update state */
});
/* assert on the output */

This ensures that you're testing the behavior the user would see in the browser. Learn more at https://react.dev/link/wrap-tests-with-act
An update to StockChart inside a test was not wrapped in act(...).

When testing, code that causes React state updates should be wrapped into act(...):

act(() => {
  /* fire events that update state */
});
/* assert on the output */

This ensures that you're testing the behavior the user would see in the browser. Learn more at https://react.dev/link/wrap-tests-with-act
An update to StockChart inside a test was not wrapped in act(...).

When testing, code that causes React state updates should be wrapped into act(...):

act(() => {
  /* fire events that update state */
});
/* assert on the output */

This ensures that you're testing the behavior the user would see in the browser. Learn more at https://react.dev/link/wrap-tests-with-act
An update to StockChart inside a test was not wrapped in act(...).

When testing, code that causes React state updates should be wrapped into act(...):

act(() => {
  /* fire events that update state */
});
/* assert on the output */

This ensures that you're testing the behavior the user would see in the browser. Learn more at https://react.dev/link/wrap-tests-with-act
An update to StockChart inside a test was not wrapped in act(...).

When testing, code that causes React state updates should be wrapped into act(...):

act(() => {
  /* fire events that update state */
});
/* assert on the output */

This ensures that you're testing the behavior the user would see in the browser. Learn more at https://react.dev/link/wrap-tests-with-act
An update to StockChart inside a test was not wrapped in act(...).

When testing, code that causes React state updates should be wrapped into act(...):

act(() => {
  /* fire events that update state */
});
/* assert on the output */

This ensures that you're testing the behavior the user would see in the browser. Learn more at https://react.dev/link/wrap-tests-with-act
An update to StockChart inside a test was not wrapped in act(...).

When testing, code that causes React state updates should be wrapped into act(...):

act(() => {
  /* fire events that update state */
});
/* assert on the output */

This ensures that you're testing the behavior the user would see in the browser. Learn more at https://react.dev/link/wrap-tests-with-act
An update to StockChart inside a test was not wrapped in act(...).

When testing, code that causes React state updates should be wrapped into act(...):

act(() => {
  /* fire events that update state */
});
/* assert on the output */

This ensures that you're testing the behavior the user would see in the browser. Learn more at https://react.dev/link/wrap-tests-with-act

[90mstderr[2m | src/pages/journal-2-0/components/notebook/NoteEditorPage.wave5.test.jsx[2m > [22m[2mNoteEditorPage — text color + highlight door (Wave 5)[2m > [22m[2mthe toolbar button opens the picker; a pick colours the selection and closes it
[22m[39mAn update to TableToolbar inside a test was not wrapped in act(...).

When testing, code that causes React state updates should be wrapped into act(...):

act(() => {
  /* fire events that update state */
});
/* assert on the output */

This ensures that you're testing the behavior the user would see in the browser. Learn more at https://react.dev/link/wrap-tests-with-act
An update to LinkPasteMenu inside a test was not wrapped in act(...).

When testing, code that causes React state updates should be wrapped into act(...):

act(() => {
  /* fire events that update state */
});
/* assert on the output */

This ensures that you're testing the behavior the user would see in the browser. Learn more at https://react.dev/link/wrap-tests-with-act
An update to NoteEditorPage inside a test was not wrapped in act(...).

When testing, code that causes React state updates should be wrapped into act(...):

act(() => {
  /* fire events that update state */
});
/* assert on the output */

This ensures that you're testing the behavior the user would see in the browser. Learn more at https://react.dev/link/wrap-tests-with-act
An update to NoteEditorPage inside a test was not wrapped in act(...).

When testing, code that causes React state updates should be wrapped into act(...):

act(() => {
  /* fire events that update state */
});
/* assert on the output */

This ensures that you're testing the behavior the user would see in the browser. Learn more at https://react.dev/link/wrap-tests-with-act

[90mstderr[2m | src/components/chart/ChartSettingsModal.chartData.test.jsx[2m > [22m[2mthe left column IS the pane map[2m > [22m[2m⭐ renders one group per map group, in the map's own order
[22m[39mAn update to ChartSettingsModal inside a test was not wrapped in act(...).

When testing, code that causes React state updates should be wrapped into act(...):

act(() => {
  /* fire events that update state */
});
/* assert on the output */

This ensures that you're testing the behavior the user would see in the browser. Learn more at https://react.dev/link/wrap-tests-with-act

[90mstderr[2m | src/components/chart/ChartSettingsModal.chartData.test.jsx[2m > [22m[2mthe left column IS the pane map[2m > [22m[2m⭐ renders one group per map group, in the map's own order
[22m[39mAn update to ChartSettingsModal inside a test was not wrapped in act(...).

When testing, code that causes React state updates should be wrapped into act(...):

act(() => {
  /* fire events that update state */
});
/* assert on the output */

This ensures that you're testing the behavior the user would see in the browser. Learn more at https://react.dev/link/wrap-tests-with-act

[90mstderr[2m | src/components/chart/ChartSettingsModal.chartData.test.jsx[2m > [22m[2mthe left column IS the pane map[2m > [22m[2m⭐⭐ a guest is listed UNDER its host, not in a group of its own
[22m[39mAn update to ChartSettingsModal inside a test was not wrapped in act(...).

When testing, code that causes React state updates should be wrapped into act(...):

act(() => {
  /* fire events that update state */
});
/* assert on the output */

This ensures that you're testing the behavior the user would see in the browser. Learn more at https://react.dev/link/wrap-tests-with-act

[90mstderr[2m | src/components/chart/ChartSettingsModal.chartData.test.jsx[2m > [22m[2mthe left column IS the pane map[2m > [22m[2m⭐⭐ a guest is listed UNDER its host, not in a group of its own
[22m[39mAn update to ChartSettingsModal inside a test was not wrapped in act(...).

When testing, code that causes React state updates should be wrapped into act(...):

act(() => {
  /* fire events that update state */
});
/* assert on the output */

This ensures that you're testing the behavior the user would see in the browser. Learn more at https://react.dev/link/wrap-tests-with-act

[90mstderr[2m | src/components/chart/ChartSettingsModal.chartData.test.jsx[2m > [22m[2mthe left column IS the pane map[2m > [22m[2m⛔⛔ an orphan is grouped as NEEDS ATTENTION and says why
[22m[39mAn update to ChartSettingsModal inside a test was not wrapped in act(...).

When testing, code that causes React state updates should be wrapped into act(...):

act(() => {
  /* fire events that update state */
});
/* assert on the output */

This ensures that you're testing the behavior the user would see in the browser. Learn more at https://react.dev/link/wrap-tests-with-act

[90mstderr[2m | src/components/chart/ChartSettingsModal.chartData.test.jsx[2m > [22m[2mthe left column IS the pane map[2m > [22m[2m⛔⛔ an orphan is grouped as NEEDS ATTENTION and says why
[22m[39mAn update to ChartSettingsModal inside a test was not wrapped in act(...).

When testing, code that causes React state updates should be wrapped into act(...):

act(() => {
  /* fire events that update state */
});
/* assert on the output */

This ensures that you're testing the behavior the user would see in the browser. Learn more at https://react.dev/link/wrap-tests-with-act

[90mstderr[2m | src/components/chart/ChartSettingsModal.chartData.test.jsx[2m > [22m[2m⚰️ switched off is not broken[2m > [22m[2m⚰️ hiding an own-pane row reads "Not shown", never "Needs attention"
[22m[39mAn update to ChartSettingsModal inside a test was not wrapped in act(...).

When testing, code that causes React state updates should be wrapped into act(...):

act(() => {
  /* fire events that update state */
});
/* assert on the output */

This ensures that you're testing the behavior the user would see in the browser. Learn more at https://react.dev/link/wrap-tests-with-act

[90mstderr[2m | src/components/chart/ChartSettingsModal.chartData.test.jsx[2m > [22m[2m⚰️ switched off is not broken[2m > [22m[2m⚰️ hiding an own-pane row reads "Not shown", never "Needs attention"
[22m[39mAn update to ChartSettingsModal inside a test was not wrapped in act(...).

When testing, code that causes React state updates should be wrapped into act(...):

act(() => {
  /* fire events that update state */
});
/* assert on the output */

This ensures that you're testing the behavior the user would see in the browser. Learn more at https://react.dev/link/wrap-tests-with-act

[90mstderr[2m | src/components/chart/ChartSettingsModal.chartData.test.jsx[2m > [22m[2m⛔⛔ the engine's vocabulary never reaches the member[2m > [22m[2mno @inst, @host, source ref or instance id is rendered as TEXT
[22m[39mAn update to ChartSettingsModal inside a test was not wrapped in act(...).

When testing, code that causes React state updates should be wrapped into act(...):

act(() => {
  /* fire events that update state */
});
/* assert on the output */

This ensures that you're testing the behavior the user would see in the browser. Learn more at https://react.dev/link/wrap-tests-with-act

[90mstderr[2m | src/components/chart/ChartSettingsModal.chartData.test.jsx[2m > [22m[2m⛔⛔ the engine's vocabulary never reaches the member[2m > [22m[2mno @inst, @host, source ref or instance id is rendered as TEXT
[22m[39mAn update to ChartSettingsModal inside a test was not wrapped in act(...).

When testing, code that causes React state updates should be wrapped into act(...):

act(() => {
  /* fire events that update state */
});
/* assert on the output */

This ensures that you're testing the behavior the user would see in the browser. Learn more at https://react.dev/link/wrap-tests-with-act

[90mstderr[2m | src/components/chart/ChartSettingsModal.chartData.test.jsx[2m > [22m[2mthe inspector holds exactly one selection[2m > [22m[2m⭐ selecting a row shows THAT row's form
[22m[39mAn update to ChartSettingsModal inside a test was not wrapped in act(...).

When testing, code that causes React state updates should be wrapped into act(...):

act(() => {
  /* fire events that update state */
});
/* assert on the output */

This ensures that you're testing the behavior the user would see in the browser. Learn more at https://react.dev/link/wrap-tests-with-act

[90mstderr[2m | src/components/chart/ChartSettingsModal.chartData.test.jsx[2m > [22m[2mthe inspector holds exactly one selection[2m > [22m[2m⭐ selecting a row shows THAT row's form
[22m[39mAn update to ChartSettingsModal inside a test was not wrapped in act(...).

When testing, code that causes React state updates should be wrapped into act(...):

act(() => {
  /* fire events that update state */
});
/* assert on the output */

This ensures that you're testing the behavior the user would see in the browser. Learn more at https://react.dev/link/wrap-tests-with-act

[90mstderr[2m | src/components/chart/ChartSettingsModal.chartData.test.jsx[2m > [22m[2mthe inspector holds exactly one selection[2m > [22m[2m⭐ selecting a SECOND row replaces the first — one form at a time
[22m[39mAn update to ChartSettingsModal inside a test was not wrapped in act(...).

When testing, code that causes React state updates should be wrapped into act(...):

act(() => {
  /* fire events that update state */
});
/* assert on the output */

This ensures that you're testing the behavior the user would see in the browser. Learn more at https://react.dev/link/wrap-tests-with-act

[90mstderr[2m | src/components/chart/ChartSettingsModal.chartData.test.jsx[2m > [22m[2mthe inspector holds exactly one selection[2m > [22m[2m⭐ selecting a SECOND row replaces the first — one form at a time
[22m[39mAn update to ChartSettingsModal inside a test was not wrapped in act(...).

When testing, code that causes React state updates should be wrapped into act(...):

act(() => {
  /* fire events that update state */
});
/* assert on the output */

This ensures that you're testing the behavior the user would see in the browser. Learn more at https://react.dev/link/wrap-tests-with-act

[90mstderr[2m | src/components/chart/ChartSettingsModal.chartData.test.jsx[2m > [22m[2mthe inspector holds exactly one selection[2m > [22m[2m⭐ REMOVE IS THE INSPECTOR'S, AND IT TAKES THE SELECTED ROW OFF THE CHART
[22m[39mAn update to ChartSettingsModal inside a test was not wrapped in act(...).

When testing, code that causes React state updates should be wrapped into act(...):

act(() => {
  /* fire events that update state */
});
/* assert on the output */

This ensures that you're testing the behavior the user would see in the browser. Learn more at https://react.dev/link/wrap-tests-with-act

[90mstderr[2m | src/components/chart/ChartSettingsModal.chartData.test.jsx[2m > [22m[2mthe inspector holds exactly one selection[2m > [22m[2m⭐ REMOVE IS THE INSPECTOR'S, AND IT TAKES THE SELECTED ROW OFF THE CHART
[22m[39mAn update to ChartSettingsModal inside a test was not wrapped in act(...).

When testing, code that causes React state updates should be wrapped into act(...):

act(() => {
  /* fire events that update state */
});
/* assert on the output */

This ensures that you're testing the behavior the user would see in the browser. Learn more at https://react.dev/link/wrap-tests-with-act

[90mstderr[2m | src/components/chart/ChartSettingsModal.chartData.test.jsx[2m > [22m[2mthe inspector holds exactly one selection[2m > [22m[2m⭐ …and removing the SELECTED row empties the Inspector
[22m[39mAn update to ChartSettingsModal inside a test was not wrapped in act(...).

When testing, code that causes React state updates should be wrapped into act(...):

act(() => {
  /* fire events that update state */
});
/* assert on the output */

This ensures that you're testing the behavior the user would see in the browser. Learn more at https://react.dev/link/wrap-tests-with-act

[90mstderr[2m | src/components/chart/ChartSettingsModal.chartData.test.jsx[2m > [22m[2mthe inspector holds exactly one selection[2m > [22m[2m⭐ …and removing the SELECTED row empties the Inspector
[22m[39mAn update to ChartSettingsModal inside a test was not wrapped in act(...).

When testing, code that causes React state updates should be wrapped into act(...):

act(() => {
  /* fire events that update state */
});
/* assert on the output */

This ensures that you're testing the behavior the user would see in the browser. Learn more at https://react.dev/link/wrap-tests-with-act

[90mstderr[2m | src/components/chart/ChartSettingsModal.chartData.test.jsx[2m > [22m[2mthe inspector holds exactly one selection[2m > [22m[2m⛔ THE LIST POINTS `aria-controls` AT THE REGION ITS SELECTION DRIVES
[22m[39mAn update to ChartSettingsModal inside a test was not wrapped in act(...).

When testing, code that causes React state updates should be wrapped into act(...):

act(() => {
  /* fire events that update state */
});
/* assert on the output */

This ensures that you're testing the behavior the user would see in the browser. Learn more at https://react.dev/link/wrap-tests-with-act

[90mstderr[2m | src/components/chart/ChartSettingsModal.chartData.test.jsx[2m > [22m[2mthe inspector holds exactly one selection[2m > [22m[2m⛔ THE LIST POINTS `aria-controls` AT THE REGION ITS SELECTION DRIVES
[22m[39mAn update to ChartSettingsModal inside a test was not wrapped in act(...).

When testing, code that causes React state updates should be wrapped into act(...):

act(() => {
  /* fire events that update state */
});
/* assert on the output */

This ensures that you're testing the behavior the user would see in the browser. Learn more at https://react.dev/link/wrap-tests-with-act

[90mstderr[2m | src/components/chart/ChartSettingsModal.chartData.test.jsx[2m > [22m[2mthe inspector holds exactly one selection[2m > [22m[2m⛔ THE ROWS ARE OPTIONS, AND EXACTLY ONE IS SELECTED AND TABBABLE
[22m[39mAn update to ChartSettingsModal inside a test was not wrapped in act(...).

When testing, code that causes React state updates should be wrapped into act(...):

act(() => {
  /* fire events that update state */
});
/* assert on the output */

This ensures that you're testing the behavior the user would see in the browser. Learn more at https://react.dev/link/wrap-tests-with-act

[90mstderr[2m | src/components/chart/ChartSettingsModal.chartData.test.jsx[2m > [22m[2mthe inspector holds exactly one selection[2m > [22m[2m⛔ THE ROWS ARE OPTIONS, AND EXACTLY ONE IS SELECTED AND TABBABLE
[22m[39mAn update to ChartSettingsModal inside a test was not wrapped in act(...).

When testing, code that causes React state updates should be wrapped into act(...):

act(() => {
  /* fire events that update state */
});
/* assert on the output */

This ensures that you're testing the behavior the user would see in the browser. Learn more at https://react.dev/link/wrap-tests-with-act

[90mstderr[2m | src/components/chart/ChartSettingsModal.chartData.test.jsx[2m > [22m[2mthe inspector holds exactly one selection[2m > [22m[2m⭐ ↓ AND ↑ WALK THE WHOLE STRUCTURE, PANE BOUNDARIES INCLUDED
[22m[39mAn update to ChartSettingsModal inside a test was not wrapped in act(...).

When testing, code that causes React state updates should be wrapped into act(...):

act(() => {
  /* fire events that update state */
});
/* assert on the output */

This ensures that you're testing the behavior the user would see in the browser. Learn more at https://react.dev/link/wrap-tests-with-act

[90mstderr[2m | src/components/chart/ChartSettingsModal.chartData.test.jsx[2m > [22m[2mthe inspector holds exactly one selection[2m > [22m[2m⭐ ↓ AND ↑ WALK THE WHOLE STRUCTURE, PANE BOUNDARIES INCLUDED
[22m[39mAn update to ChartSettingsModal inside a test was not wrapped in act(...).

When testing, code that causes React state updates should be wrapped into act(...):

act(() => {
  /* fire events that update state */
});
/* assert on the output */

This ensures that you're testing the behavior the user would see in the browser. Learn more at https://react.dev/link/wrap-tests-with-act

[90mstderr[2m | src/components/chart/ChartSettingsModal.chartData.test.jsx[2m > [22m[2m⚰️⚰️ THE EDITOR IS A SECOND COLUMN, NOT A REGION INSIDE A ROW[2m > [22m[2m⭐⭐ the editor is a SIBLING of the structure — never inside a row
[22m[39mAn update to ChartSettingsModal inside a test was not wrapped in act(...).

When testing, code that causes React state updates should be wrapped into act(...):

act(() => {
  /* fire events that update state */
});
/* assert on the output */

This ensures that you're testing the behavior the user would see in the browser. Learn more at https://react.dev/link/wrap-tests-with-act

[90mstderr[2m | src/components/chart/ChartSettingsModal.chartData.test.jsx[2m > [22m[2m⚰️⚰️ THE EDITOR IS A SECOND COLUMN, NOT A REGION INSIDE A ROW[2m > [22m[2m⭐⭐ the editor is a SIBLING of the structure — never inside a row
[22m[39mAn update to ChartSettingsModal inside a test was not wrapped in act(...).

When testing, code that causes React state updates should be wrapped into act(...):

act(() => {
  /* fire events that update state */
});
/* assert on the output */

This ensures that you're testing the behavior the user would see in the browser. Learn more at https://react.dev/link/wrap-tests-with-act

[90mstderr[2m | src/components/chart/ChartSettingsModal.chartData.test.jsx[2m > [22m[2m⚰️⚰️ THE EDITOR IS A SECOND COLUMN, NOT A REGION INSIDE A ROW[2m > [22m[2m⭐⭐ SELECTING A DIFFERENT ROW SWAPS THE FORM AND MOVES NOTHING ELSE
[22m[39mAn update to ChartSettingsModal inside a test was not wrapped in act(...).

When testing, code that causes React state updates should be wrapped into act(...):

act(() => {
  /* fire events that update state */
});
/* assert on the output */

This ensures that you're testing the behavior the user would see in the browser. Learn more at https://react.dev/link/wrap-tests-with-act

[90mstderr[2m | src/components/chart/ChartSettingsModal.chartData.test.jsx[2m > [22m[2m⚰️⚰️ THE EDITOR IS A SECOND COLUMN, NOT A REGION INSIDE A ROW[2m > [22m[2m⭐⭐ SELECTING A DIFFERENT ROW SWAPS THE FORM AND MOVES NOTHING ELSE
[22m[39mAn update to ChartSettingsModal inside a test was not wrapped in act(...).

When testing, code that causes React state updates should be wrapped into act(...):

act(() => {
  /* fire events that update state */
});
/* assert on the output */

This ensures that you're testing the behavior the user would see in the browser. Learn more at https://react.dev/link/wrap-tests-with-act

[90mstderr[2m | src/components/chart/ChartSettingsModal.chartData.test.jsx[2m > [22m[2m⚰️⚰️ THE EDITOR IS A SECOND COLUMN, NOT A REGION INSIDE A ROW[2m > [22m[2m⚰️ clicking the SELECTED row again KEEPS it — it does not toggle shut
[22m[39mAn update to ChartSettingsModal inside a test was not wrapped in act(...).

When testing, code that causes React state updates should be wrapped into act(...):

act(() => {
  /* fire events that update state */
});
/* assert on the output */

This ensures that you're testing the behavior the user would see in the browser. Learn more at https://react.dev/link/wrap-tests-with-act

[90mstderr[2m | src/components/chart/ChartSettingsModal.chartData.test.jsx[2m > [22m[2m⚰️⚰️ THE EDITOR IS A SECOND COLUMN, NOT A REGION INSIDE A ROW[2m > [22m[2m⚰️ clicking the SELECTED row again KEEPS it — it does not toggle shut
[22m[39mAn update to ChartSettingsModal inside a test was not wrapped in act(...).

When testing, code that causes React state updates should be wrapped into act(...):

act(() => {
  /* fire events that update state */
});
/* assert on the output */

This ensures that you're testing the behavior the user would see in the browser. Learn more at https://react.dev/link/wrap-tests-with-act

[90mstderr[2m | src/components/chart/ChartSettingsModal.chartData.test.jsx[2m > [22m[2m⚰️⚰️ THE EDITOR IS A SECOND COLUMN, NOT A REGION INSIDE A ROW[2m > [22m[2m⭐ no selection → no editor, and a real empty state instead
[22m[39mAn update to ChartSettingsModal inside a test was not wrapped in act(...).

When testing, code that causes React state updates should be wrapped into act(...):

act(() => {
  /* fire events that update state */
});
/* assert on the output */

This ensures that you're testing the behavior the user would see in the browser. Learn more at https://react.dev/link/wrap-tests-with-act

[90mstderr[2m | src/components/chart/ChartSettingsModal.chartData.test.jsx[2m > [22m[2m⚰️⚰️ THE EDITOR IS A SECOND COLUMN, NOT A REGION INSIDE A ROW[2m > [22m[2m⭐ no selection → no editor, and a real empty state instead
[22m[39mAn update to ChartSettingsModal inside a test was not wrapped in act(...).

When testing, code that causes React state updates should be wrapped into act(...):

act(() => {
  /* fire events that update state */
});
/* assert on the output */

This ensures that you're testing the behavior the user would see in the browser. Learn more at https://react.dev/link/wrap-tests-with-act

[90mstderr[2m | src/components/chart/ChartSettingsModal.chartData.test.jsx[2m > [22m[2m⚰️⚰️ THE EDITOR IS A SECOND COLUMN, NOT A REGION INSIDE A ROW[2m > [22m[2m⭐⭐ every control the inline editor carried is still in the Inspector
[22m[39mAn update to ChartSettingsModal inside a test was not wrapped in act(...).

When testing, code that causes React state updates should be wrapped into act(...):

act(() => {
  /* fire events that update state */
});
/* assert on the output */

This ensures that you're testing the behavior the user would see in the browser. Learn more at https://react.dev/link/wrap-tests-with-act

[90mstderr[2m | src/components/chart/ChartSettingsModal.chartData.test.jsx[2m > [22m[2m⚰️⚰️ THE EDITOR IS A SECOND COLUMN, NOT A REGION INSIDE A ROW[2m > [22m[2m⭐⭐ every control the inline editor carried is still in the Inspector
[22m[39mAn update to ChartSettingsModal inside a test was not wrapped in act(...).

When testing, code that causes React state updates should be wrapped into act(...):

act(() => {
  /* fire events that update state */
});
/* assert on the output */

This ensures that you're testing the behavior the user would see in the browser. Learn more at https://react.dev/link/wrap-tests-with-act

[90mstderr[2m | src/components/chart/ChartSettingsModal.chartData.test.jsx[2m > [22m[2m⚰️⚰️ THE EDITOR IS A SECOND COLUMN, NOT A REGION INSIDE A ROW[2m > [22m[2m⭐⭐ CORE AND APPEARANCE ARE DERIVED FROM THE DEFINITION, not listed here
[22m[39mAn update to ChartSettingsModal inside a test was not wrapped in act(...).

When testing, code that causes React state updates should be wrapped into act(...):

act(() => {
  /* fire events that update state */
});
/* assert on the output */

This ensures that you're testing the behavior the user would see in the browser. Learn more at https://react.dev/link/wrap-tests-with-act

[90mstderr[2m | src/components/chart/ChartSettingsModal.chartData.test.jsx[2m > [22m[2m⚰️⚰️ THE EDITOR IS A SECOND COLUMN, NOT A REGION INSIDE A ROW[2m > [22m[2m⭐⭐ CORE AND APPEARANCE ARE DERIVED FROM THE DEFINITION, not listed here
[22m[39mAn update to ChartSettingsModal inside a test was not wrapped in act(...).

When testing, code that causes React state updates should be wrapped into act(...):

act(() => {
  /* fire events that update state */
});
/* assert on the output */

This ensures that you're testing the behavior the user would see in the browser. Learn more at https://react.dev/link/wrap-tests-with-act

[90mstderr[2m | src/components/chart/ChartSettingsModal.chartData.test.jsx[2m > [22m[2m⚰️ the Track B deep link lands on the inline editor[2m > [22m[2m⚰️ `data:<instanceId>` opens Indicators with THAT row SELECTED
[22m[39mAn update to ChartSettingsModal inside a test was not wrapped in act(...).

When testing, code that causes React state updates should be wrapped into act(...):

act(() => {
  /* fire events that update state */
});
/* assert on the output */

This ensures that you're testing the behavior the user would see in the browser. Learn more at https://react.dev/link/wrap-tests-with-act

[90mstderr[2m | src/components/chart/ChartSettingsModal.chartData.test.jsx[2m > [22m[2m⚰️ the Track B deep link lands on the inline editor[2m > [22m[2m⚰️ `data:<instanceId>` opens Indicators with THAT row SELECTED
[22m[39mAn update to ChartSettingsModal inside a test was not wrapped in act(...).

When testing, code that causes React state updates should be wrapped into act(...):

act(() => {
  /* fire events that update state */
});
/* assert on the output */

This ensures that you're testing the behavior the user would see in the browser. Learn more at https://react.dev/link/wrap-tests-with-act

[90mstderr[2m | src/components/chart/ChartSettingsModal.chartData.test.jsx[2m > [22m[2m⚰️ the Track B deep link lands on the inline editor[2m > [22m[2m⭐ `ind:<instanceId>` still works — the older spelling is not dropped
[22m[39mAn update to ChartSettingsModal inside a test was not wrapped in act(...).

When testing, code that causes React state updates should be wrapped into act(...):

act(() => {
  /* fire events that update state */
});
/* assert on the output */

This ensures that you're testing the behavior the user would see in the browser. Learn more at https://react.dev/link/wrap-tests-with-act

[90mstderr[2m | src/components/chart/ChartSettingsModal.chartData.test.jsx[2m > [22m[2m⚰️ the Track B deep link lands on the inline editor[2m > [22m[2m⭐ `ind:<instanceId>` still works — the older spelling is not dropped
[22m[39mAn update to ChartSettingsModal inside a test was not wrapped in act(...).

When testing, code that causes React state updates should be wrapped into act(...):

act(() => {
  /* fire events that update state */
});
/* assert on the output */

This ensures that you're testing the behavior the user would see in the browser. Learn more at https://react.dev/link/wrap-tests-with-act

[90mstderr[2m | src/components/chart/ChartSettingsModal.chartData.test.jsx[2m > [22m[2m⚰️ the Track B deep link lands on the inline editor[2m > [22m[2m⭐⭐ with TWO QQQ series the link opens the one it names
[22m[39mAn update to ChartSettingsModal inside a test was not wrapped in act(...).

When testing, code that causes React state updates should be wrapped into act(...):

act(() => {
  /* fire events that update state */
});
/* assert on the output */

This ensures that you're testing the behavior the user would see in the browser. Learn more at https://react.dev/link/wrap-tests-with-act

[90mstderr[2m | src/components/chart/ChartSettingsModal.chartData.test.jsx[2m > [22m[2m⚰️ the Track B deep link lands on the inline editor[2m > [22m[2m⭐⭐ with TWO QQQ series the link opens the one it names
[22m[39mAn update to ChartSettingsModal inside a test was not wrapped in act(...).

When testing, code that causes React state updates should be wrapped into act(...):

act(() => {
  /* fire events that update state */
});
/* assert on the output */

This ensures that you're testing the behavior the user would see in the browser. Learn more at https://react.dev/link/wrap-tests-with-act

[90mstderr[2m | src/components/chart/ChartSettingsModal.chartData.test.jsx[2m > [22m[2m⭐⭐ PANE REORDERING IS DISCOVERABLE (owner §23, §25)[2m > [22m[2m⭐ THE DOOR IS A LABELLED WORD IN THE NORMAL VIEW — not an icon, not a hover
[22m[39mAn update to ChartSettingsModal inside a test was not wrapped in act(...).

When testing, code that causes React state updates should be wrapped into act(...):

act(() => {
  /* fire events that update state */
});
/* assert on the output */

This ensures that you're testing the behavior the user would see in the browser. Learn more at https://react.dev/link/wrap-tests-with-act

[90mstderr[2m | src/components/chart/ChartSettingsModal.chartData.test.jsx[2m > [22m[2m⭐⭐ PANE REORDERING IS DISCOVERABLE (owner §23, §25)[2m > [22m[2m⭐ THE DOOR IS A LABELLED WORD IN THE NORMAL VIEW — not an icon, not a hover
[22m[39mAn update to ChartSettingsModal inside a test was not wrapped in act(...).

When testing, code that causes React state updates should be wrapped into act(...):

act(() => {
  /* fire events that update state */
});
/* assert on the output */

This ensures that you're testing the behavior the user would see in the browser. Learn more at https://react.dev/link/wrap-tests-with-act

[90mstderr[2m | src/components/chart/ChartSettingsModal.chartData.test.jsx[2m > [22m[2m⭐⭐ PANE REORDERING IS DISCOVERABLE (owner §23, §25)[2m > [22m[2m⛔ THE NORMAL VIEW CARRIES NO PANE-MOVE CONTROLS AT ALL
[22m[39mAn update to ChartSettingsModal inside a test was not wrapped in act(...).

When testing, code that causes React state updates should be wrapped into act(...):

act(() => {
  /* fire events that update state */
});
/* assert on the output */

This ensures that you're testing the behavior the user would see in the browser. Learn more at https://react.dev/link/wrap-tests-with-act

[90mstderr[2m | src/components/chart/ChartSettingsModal.chartData.test.jsx[2m > [22m[2m⭐⭐ PANE REORDERING IS DISCOVERABLE (owner §23, §25)[2m > [22m[2m⛔ THE NORMAL VIEW CARRIES NO PANE-MOVE CONTROLS AT ALL
[22m[39mAn update to ChartSettingsModal inside a test was not wrapped in act(...).

When testing, code that causes React state updates should be wrapped into act(...):

act(() => {
  /* fire events that update state */
});
/* assert on the output */

This ensures that you're testing the behavior the user would see in the browser. Learn more at https://react.dev/link/wrap-tests-with-act

[90mstderr[2m | src/components/chart/ChartSettingsModal.chartData.test.jsx[2m > [22m[2m⭐⭐ PANE REORDERING IS DISCOVERABLE (owner §23, §25)[2m > [22m[2m⭐ AND INSIDE ARRANGE THEY ARE PRESENT, FULL-STRENGTH AND LABELLED
[22m[39mAn update to ChartSettingsModal inside a test was not wrapped in act(...).

When testing, code that causes React state updates should be wrapped into act(...):

act(() => {
  /* fire events that update state */
});
/* assert on the output */

This ensures that you're testing the behavior the user would see in the browser. Learn more at https://react.dev/link/wrap-tests-with-act

[90mstderr[2m | src/components/chart/ChartSettingsModal.chartData.test.jsx[2m > [22m[2m⭐⭐ PANE REORDERING IS DISCOVERABLE (owner §23, §25)[2m > [22m[2m⭐ AND INSIDE ARRANGE THEY ARE PRESENT, FULL-STRENGTH AND LABELLED
[22m[39mAn update to ChartSettingsModal inside a test was not wrapped in act(...).

When testing, code that causes React state updates should be wrapped into act(...):

act(() => {
  /* fire events that update state */
});
/* assert on the output */

This ensures that you're testing the behavior the user would see in the browser. Learn more at https://react.dev/link/wrap-tests-with-act

[90mstderr[2m | src/components/chart/ChartSettingsModal.chartData.test.jsx[2m > [22m[2m⭐⭐ PANE REORDERING IS DISCOVERABLE (owner §23, §25)[2m > [22m[2m⭐ Done returns the panel to the calm view
[22m[39mAn update to ChartSettingsModal inside a test was not wrapped in act(...).

When testing, code that causes React state updates should be wrapped into act(...):

act(() => {
  /* fire events that update state */
});
/* assert on the output */

This ensures that you're testing the behavior the user would see in the browser. Learn more at https://react.dev/link/wrap-tests-with-act

[90mstderr[2m | src/components/chart/ChartSettingsModal.chartData.test.jsx[2m > [22m[2m⭐⭐ PANE REORDERING IS DISCOVERABLE (owner §23, §25)[2m > [22m[2m⭐ Done returns the panel to the calm view
[22m[39mAn update to ChartSettingsModal inside a test was not wrapped in act(...).

When testing, code that causes React state updates should be wrapped into act(...):

act(() => {
  /* fire events that update state */
});
/* assert on the output */

This ensures that you're testing the behavior the user would see in the browser. Learn more at https://react.dev/link/wrap-tests-with-act

[90mstderr[2m | src/components/chart/ChartSettingsModal.chartData.test.jsx[2m > [22m[2m⚰️ whole panes can be reordered from the pane map[2m > [22m[2m⚰️ Move up puts a pane ABOVE Price — and Move down brings it back
[22m[39mAn update to ChartSettingsModal inside a test was not wrapped in act(...).

When testing, code that causes React state updates should be wrapped into act(...):

act(() => {
  /* fire events that update state */
});
/* assert on the output */

This ensures that you're testing the behavior the user would see in the browser. Learn more at https://react.dev/link/wrap-tests-with-act

[90mstderr[2m | src/components/chart/ChartSettingsModal.chartData.test.jsx[2m > [22m[2m⚰️ whole panes can be reordered from the pane map[2m > [22m[2m⚰️ Move up puts a pane ABOVE Price — and Move down brings it back
[22m[39mAn update to ChartSettingsModal inside a test was not wrapped in act(...).

When testing, code that causes React state updates should be wrapped into act(...):

act(() => {
  /* fire events that update state */
});
/* assert on the output */

This ensures that you're testing the behavior the user would see in the browser. Learn more at https://react.dev/link/wrap-tests-with-act

[90mstderr[2m | src/components/chart/ChartSettingsModal.chartData.test.jsx[2m > [22m[2m⚰️ whole panes can be reordered from the pane map[2m > [22m[2m⭐ Price itself is orderable — and has no Remove
[22m[39mAn update to ChartSettingsModal inside a test was not wrapped in act(...).

When testing, code that causes React state updates should be wrapped into act(...):

act(() => {
  /* fire events that update state */
});
/* assert on the output */

This ensures that you're testing the behavior the user would see in the browser. Learn more at https://react.dev/link/wrap-tests-with-act

[90mstderr[2m | src/components/chart/ChartSettingsModal.chartData.test.jsx[2m > [22m[2m⚰️ whole panes can be reordered from the pane map[2m > [22m[2m⭐ Price itself is orderable — and has no Remove
[22m[39mAn update to ChartSettingsModal inside a test was not wrapped in act(...).

When testing, code that causes React state updates should be wrapped into act(...):

act(() => {
  /* fire events that update state */
});
/* assert on the output */

This ensures that you're testing the behavior the user would see in the browser. Learn more at https://react.dev/link/wrap-tests-with-act

[90mstderr[2m | src/components/chart/ChartSettingsModal.chartData.test.jsx[2m > [22m[2m⚰️ whole panes can be reordered from the pane map[2m > [22m[2m⛔ the boundaries disable rather than wrap
[22m[39mAn update to ChartSettingsModal inside a test was not wrapped in act(...).

When testing, code that causes React state updates should be wrapped into act(...):

act(() => {
  /* fire events that update state */
});
/* assert on the output */

This ensures that you're testing the behavior the user would see in the browser. Learn more at https://react.dev/link/wrap-tests-with-act

[90mstderr[2m | src/components/chart/ChartSettingsModal.chartData.test.jsx[2m > [22m[2m⚰️ whole panes can be reordered from the pane map[2m > [22m[2m⛔ the boundaries disable rather than wrap
[22m[39mAn update to ChartSettingsModal inside a test was not wrapped in act(...).

When testing, code that causes React state updates should be wrapped into act(...):

act(() => {
  /* fire events that update state */
});
/* assert on the output */

This ensures that you're testing the behavior the user would see in the browser. Learn more at https://react.dev/link/wrap-tests-with-act

[90mstderr[2m | src/components/chart/ChartSettingsModal.chartData.test.jsx[2m > [22m[2m⚰️ whole panes can be reordered from the pane map[2m > [22m[2m⛔⛔ Needs attention is NOT a pane and offers no reorder
[22m[39mAn update to ChartSettingsModal inside a test was not wrapped in act(...).

When testing, code that causes React state updates should be wrapped into act(...):

act(() => {
  /* fire events that update state */
});
/* assert on the output */

This ensures that you're testing the behavior the user would see in the browser. Learn more at https://react.dev/link/wrap-tests-with-act

[90mstderr[2m | src/components/chart/ChartSettingsModal.chartData.test.jsx[2m > [22m[2m⚰️ whole panes can be reordered from the pane map[2m > [22m[2m⛔⛔ Needs attention is NOT a pane and offers no reorder
[22m[39mAn update to ChartSettingsModal inside a test was not wrapped in act(...).

When testing, code that causes React state updates should be wrapped into act(...):

act(() => {
  /* fire events that update state */
});
/* assert on the output */

This ensures that you're testing the behavior the user would see in the browser. Learn more at https://react.dev/link/wrap-tests-with-act

[90mstderr[2m | src/components/chart/ChartSettingsModal.chartData.test.jsx[2m > [22m[2m⚰️ whole panes can be reordered from the pane map[2m > [22m[2m⚰️⚰️ moving a HOST pane carries its guests and rewrites no placement
[22m[39mAn update to ChartSettingsModal inside a test was not wrapped in act(...).

When testing, code that causes React state updates should be wrapped into act(...):

act(() => {
  /* fire events that update state */
});
/* assert on the output */

This ensures that you're testing the behavior the user would see in the browser. Learn more at https://react.dev/link/wrap-tests-with-act

[90mstderr[2m | src/components/chart/ChartSettingsModal.chartData.test.jsx[2m > [22m[2m⚰️ whole panes can be reordered from the pane map[2m > [22m[2m⚰️⚰️ moving a HOST pane carries its guests and rewrites no placement
[22m[39mAn update to ChartSettingsModal inside a test was not wrapped in act(...).

When testing, code that causes React state updates should be wrapped into act(...):

act(() => {
  /* fire events that update state */
});
/* assert on the output */

This ensures that you're testing the behavior the user would see in the browser. Learn more at https://react.dev/link/wrap-tests-with-act

[90mstderr[2m | src/components/chart/ChartSettingsModal.chartData.test.jsx[2m > [22m[2m⚰️ whole panes can be reordered from the pane map[2m > [22m[2m⭐ the writer is canonical — the UI stores `paneOrder`, nothing else
[22m[39mAn update to ChartSettingsModal inside a test was not wrapped in act(...).

When testing, code that causes React state updates should be wrapped into act(...):

act(() => {
  /* fire events that update state */
});
/* assert on the output */

This ensures that you're testing the behavior the user would see in the browser. Learn more at https://react.dev/link/wrap-tests-with-act

[90mstderr[2m | src/components/chart/ChartSettingsModal.chartData.test.jsx[2m > [22m[2m⚰️ whole panes can be reordered from the pane map[2m > [22m[2m⭐ the writer is canonical — the UI stores `paneOrder`, nothing else
[22m[39mAn update to ChartSettingsModal inside a test was not wrapped in act(...).

When testing, code that causes React state updates should be wrapped into act(...):

act(() => {
  /* fire events that update state */
});
/* assert on the output */

This ensures that you're testing the behavior the user would see in the browser. Learn more at https://react.dev/link/wrap-tests-with-act

[90mstderr[2m | src/components/chart/ChartSettingsModal.chartData.test.jsx[2m > [22m[2m⚰️⚰️⚰️ CHART SETTINGS IS ONE WINDOW, AT ONE WIDTH[2m > [22m[2m⚰️⚰️⚰️ the shell does not resize when you switch tabs — any of them
[22m[39mAn update to ChartSettingsModal inside a test was not wrapped in act(...).

When testing, code that causes React state updates should be wrapped into act(...):

act(() => {
  /* fire events that update state */
});
/* assert on the output */

This ensures that you're testing the behavior the user would see in the browser. Learn more at https://react.dev/link/wrap-tests-with-act

[90mstderr[2m | src/components/chart/ChartSettingsModal.chartData.test.jsx[2m > [22m[2m⚰️⚰️⚰️ CHART SETTINGS IS ONE WINDOW, AT ONE WIDTH[2m > [22m[2m⚰️⚰️⚰️ the shell does not resize when you switch tabs — any of them
[22m[39mAn update to ChartSettingsModal inside a test was not wrapped in act(...).

When testing, code that causes React state updates should be wrapped into act(...):

act(() => {
  /* fire events that update state */
});
/* assert on the output */

This ensures that you're testing the behavior the user would see in the browser. Learn more at https://react.dev/link/wrap-tests-with-act

[90mstderr[2m | src/components/chart/ChartSettingsModal.chartData.test.jsx[2m > [22m[2m⚰️⚰️⚰️ CHART SETTINGS IS ONE WINDOW, AT ONE WIDTH[2m > [22m[2m⚰️⚰️ …and NO TAB IS CAPPED INSIDE IT EITHER
[22m[39mAn update to ChartSettingsModal inside a test was not wrapped in act(...).

When testing, code that causes React state updates should be wrapped into act(...):

act(() => {
  /* fire events that update state */
});
/* assert on the output */

This ensures that you're testing the behavior the user would see in the browser. Learn more at https://react.dev/link/wrap-tests-with-act

[90mstderr[2m | src/components/chart/ChartSettingsModal.chartData.test.jsx[2m > [22m[2m⚰️⚰️⚰️ CHART SETTINGS IS ONE WINDOW, AT ONE WIDTH[2m > [22m[2m⚰️⚰️ …and NO TAB IS CAPPED INSIDE IT EITHER
[22m[39mAn update to ChartSettingsModal inside a test was not wrapped in act(...).

When testing, code that causes React state updates should be wrapped into act(...):

act(() => {
  /* fire events that update state */
});
/* assert on the output */

This ensures that you're testing the behavior the user would see in the browser. Learn more at https://react.dev/link/wrap-tests-with-act

[90mstderr[2m | src/pages/journal-2-0/components/notebook/ResearchHome.citations.test.jsx[2m > [22m[2mResearch Home ("My Notebook") — citations[2m > [22m[2ma source with no destination says so instead of doing nothing
[22m[39mAn update to AskPanel inside a test was not wrapped in act(...).

When testing, code that causes React state updates should be wrapped into act(...):

act(() => {
  /* fire events that update state */
});
/* assert on the output */

This ensures that you're testing the behavior the user would see in the browser. Learn more at https://react.dev/link/wrap-tests-with-act

[90mstderr[2m | src/pages/journal-2-0/components/notebook/BulkActionBar.test.jsx[2m > [22m[2mBulkActionBar — Export selected offers every format (wave 9, D1)[2m > [22m[2mEscape with the Tags panel open closes it and hands focus to the Tags toggle
[22m[39mAn update to TagSuggestInput inside a test was not wrapped in act(...).

When testing, code that causes React state updates should be wrapped into act(...):

act(() => {
  /* fire events that update state */
});
/* assert on the output */

This ensures that you're testing the behavior the user would see in the browser. Learn more at https://react.dev/link/wrap-tests-with-act

(node:51952) TimeoutNaNWarning: NaN is not a number.
Timeout duration was set to 1.
(Use `node --trace-warnings ...` to show where the warning was created)
[90mstderr[2m | src/components/chart/engine/__tests__/secondarySourceLive.test.jsx[2m > [22m[2m§13–§17 · LIFECYCLE THROUGH THE REAL COMPONENT[2m > [22m[2m§13 a TIMEFRAME change re-keys the fetch and keeps the durable source
[22m[39mpaneLayout: pane 1 is 300px, expected 179px (re-applied once and it did not take; the chart is drawn anyway)

[90mstderr[2m | src/components/chart/engine/__tests__/secondarySourceLive.test.jsx[2m > [22m[2m§13–§17 · LIFECYCLE THROUGH THE REAL COMPONENT[2m > [22m[2m§17 REMOVE then RE-ADD resolves normally — no gravestone for an instrument
[22m[39mpaneLayout: pane 0 is 300px, expected 1203px (re-applied once and it did not take; the chart is drawn anyway)

[90mstderr[2m | src/pages/journal-2-0/components/notebook/TableToolbar.test.jsx[2m > [22m[2m<TableToolbar>[2m > [22m[2ma control that would do nothing is disabled, never a silent click (the only column)
[22m[39mAn update to TableToolbar inside a test was not wrapped in act(...).

When testing, code that causes React state updates should be wrapped into act(...):

act(() => {
  /* fire events that update state */
});
/* assert on the output */

This ensures that you're testing the behavior the user would see in the browser. Learn more at https://react.dev/link/wrap-tests-with-act
An update to Harness inside a test was not wrapped in act(...).

When testing, code that causes React state updates should be wrapped into act(...):

act(() => {
  /* fire events that update state */
});
/* assert on the output */

This ensures that you're testing the behavior the user would see in the browser. Learn more at https://react.dev/link/wrap-tests-with-act

[90mstderr[2m | src/pages/journal-2-0/components/ImportCsvModal.test.jsx[2m > [22m[2mImportCsvModal — step 1 (drop)[2m > [22m[2mmounts with title
[22m[39mAn update to ImportCsvModal inside a test was not wrapped in act(...).

When testing, code that causes React state updates should be wrapped into act(...):

act(() => {
  /* fire events that update state */
});
/* assert on the output */

This ensures that you're testing the behavior the user would see in the browser. Learn more at https://react.dev/link/wrap-tests-with-act

[90mstderr[2m | src/pages/journal-2-0/components/ImportCsvModal.test.jsx[2m > [22m[2mImportCsvModal — step 1 (drop)[2m > [22m[2mrenders the dropzone with instruction text
[22m[39mAn update to ImportCsvModal inside a test was not wrapped in act(...).

When testing, code that causes React state updates should be wrapped into act(...):

act(() => {
  /* fire events that update state */
});
/* assert on the output */

This ensures that you're testing the behavior the user would see in the browser. Learn more at https://react.dev/link/wrap-tests-with-act

[90mstderr[2m | src/pages/journal-2-0/components/ImportCsvModal.test.jsx[2m > [22m[2mImportCsvModal — step 1 (drop)[2m > [22m[2mrenders template download buttons
[22m[39mAn update to ImportCsvModal inside a test was not wrapped in act(...).

When testing, code that causes React state updates should be wrapped into act(...):

act(() => {
  /* fire events that update state */
});
/* assert on the output */

This ensures that you're testing the behavior the user would see in the browser. Learn more at https://react.dev/link/wrap-tests-with-act

[90mstderr[2m | src/pages/journal-2-0/components/ImportCsvModal.test.jsx[2m > [22m[2mImportCsvModal — step 1 (drop)[2m > [22m[2mlists all supported formats incl. competitor presets
[22m[39mAn update to ImportCsvModal inside a test was not wrapped in act(...).

When testing, code that causes React state updates should be wrapped into act(...):

act(() => {
  /* fire events that update state */
});
/* assert on the output */

This ensures that you're testing the behavior the user would see in the browser. Learn more at https://react.dev/link/wrap-tests-with-act

[90mstderr[2m | src/pages/journal-2-0/components/ImportCsvModal.test.jsx[2m > [22m[2mImportCsvModal — step 1 (drop)[2m > [22m[2mshows the auto-detect subtitle for competitor exports
[22m[39mAn update to ImportCsvModal inside a test was not wrapped in act(...).

When testing, code that causes React state updates should be wrapped into act(...):

act(() => {
  /* fire events that update state */
});
/* assert on the output */

This ensures that you're testing the behavior the user would see in the browser. Learn more at https://react.dev/link/wrap-tests-with-act

[90mstderr[2m | src/pages/journal-2-0/components/ImportCsvModal.test.jsx[2m > [22m[2mImportCsvModal — step 1 (drop)[2m > [22m[2mEsc closes the modal
[22m[39mAn update to ImportCsvModal inside a test was not wrapped in act(...).

When testing, code that causes React state updates should be wrapped into act(...):

act(() => {
  /* fire events that update state */
});
/* assert on the output */

This ensures that you're testing the behavior the user would see in the browser. Learn more at https://react.dev/link/wrap-tests-with-act

[90mstderr[2m | src/pages/journal-2-0/components/notebook/NoteEditorPage.telemetry.test.jsx[2m > [22m[2msave_failed[2m > [22m[2ma save that gives up (a 4xx) is reported once, as http, not retrying
[22m[39mautosave failed (non-retryable) Error: 404
    at httpError (C:/Users/Patrick/uct-worktrees/notebook-w10-l13/app/src/pages/journal-2-0/components/notebook/NoteEditorPage.telemetry.test.jsx:33:71)
    at C:/Users/Patrick/uct-worktrees/notebook-w10-l13/app/src/pages/journal-2-0/components/notebook/NoteEditorPage.telemetry.test.jsx:74:34
    at [90mfile:///C:/Users/Patrick/uct-worktrees/notebook-w10-l13/app/[39mnode_modules/[4m@vitest/runner[24m/dist/index.js:145:11
    at [90mfile:///C:/Users/Patrick/uct-worktrees/notebook-w10-l13/app/[39mnode_modules/[4m@vitest/runner[24m/dist/index.js:915:26
    at [90mfile:///C:/Users/Patrick/uct-worktrees/notebook-w10-l13/app/[39mnode_modules/[4m@vitest/runner[24m/dist/index.js:1243:20
    at new Promise (<anonymous>)
    at runWithTimeout [90m(file:///C:/Users/Patrick/uct-worktrees/notebook-w10-l13/app/[39mnode_modules/[4m@vitest/runner[24m/dist/index.js:1209:10[90m)[39m
    at [90mfile:///C:/Users/Patrick/uct-worktrees/notebook-w10-l13/app/[39mnode_modules/[4m@vitest/runner[24m/dist/index.js:1653:37
    at Traces.$ [90m(file:///C:/Users/Patrick/uct-worktrees/notebook-w10-l13/app/[39mnode_modules/[4mvitest[24m/dist/chunks/traces.CCmnQaNT.js:142:27[90m)[39m
    at trace [90m(file:///C:/Users/Patrick/uct-worktrees/notebook-w10-l13/app/[39mnode_modules/[4mvitest[24m/dist/chunks/test.B8ej_ZHS.js:239:21[90m)[39m {
  status: [33m404[39m
}

[90mstderr[2m | src/pages/journal-2-0/components/notebook/NoteEditorPage.telemetry.test.jsx[2m > [22m[2msave_failed[2m > [22m[2ma retry streak (network) is reported ONCE when it begins, never per backoff attempt
[22m[39mautosave failed (retry 1 in 1000ms) Error: Failed to fetch
    at C:/Users/Patrick/uct-worktrees/notebook-w10-l13/app/src/pages/journal-2-0/components/notebook/NoteEditorPage.telemetry.test.jsx:82:34
    at [90mfile:///C:/Users/Patrick/uct-worktrees/notebook-w10-l13/app/[39mnode_modules/[4m@vitest/runner[24m/dist/index.js:145:11
    at [90mfile:///C:/Users/Patrick/uct-worktrees/notebook-w10-l13/app/[39mnode_modules/[4m@vitest/runner[24m/dist/index.js:915:26
    at [90mfile:///C:/Users/Patrick/uct-worktrees/notebook-w10-l13/app/[39mnode_modules/[4m@vitest/runner[24m/dist/index.js:1243:20
    at new Promise (<anonymous>)
    at runWithTimeout [90m(file:///C:/Users/Patrick/uct-worktrees/notebook-w10-l13/app/[39mnode_modules/[4m@vitest/runner[24m/dist/index.js:1209:10[90m)[39m
    at [90mfile:///C:/Users/Patrick/uct-worktrees/notebook-w10-l13/app/[39mnode_modules/[4m@vitest/runner[24m/dist/index.js:1653:37
    at Traces.$ [90m(file:///C:/Users/Patrick/uct-worktrees/notebook-w10-l13/app/[39mnode_modules/[4mvitest[24m/dist/chunks/traces.CCmnQaNT.js:142:27[90m)[39m
    at trace [90m(file:///C:/Users/Patrick/uct-worktrees/notebook-w10-l13/app/[39mnode_modules/[4mvitest[24m/dist/chunks/test.B8ej_ZHS.js:239:21[90m)[39m
    at runTest [90m(file:///C:/Users/Patrick/uct-worktrees/notebook-w10-l13/app/[39mnode_modules/[4m@vitest/runner[24m/dist/index.js:1653:12[90m)[39m

[90mstderr[2m | src/pages/journal-2-0/components/notebook/NoteEditorPage.telemetry.test.jsx[2m > [22m[2msave_failed[2m > [22m[2ma retry streak (network) is reported ONCE when it begins, never per backoff attempt
[22m[39mautosave failed (retry 2 in 2000ms) Error: Failed to fetch
    at C:/Users/Patrick/uct-worktrees/notebook-w10-l13/app/src/pages/journal-2-0/components/notebook/NoteEditorPage.telemetry.test.jsx:82:34
    at [90mfile:///C:/Users/Patrick/uct-worktrees/notebook-w10-l13/app/[39mnode_modules/[4m@vitest/runner[24m/dist/index.js:145:11
    at [90mfile:///C:/Users/Patrick/uct-worktrees/notebook-w10-l13/app/[39mnode_modules/[4m@vitest/runner[24m/dist/index.js:915:26
    at [90mfile:///C:/Users/Patrick/uct-worktrees/notebook-w10-l13/app/[39mnode_modules/[4m@vitest/runner[24m/dist/index.js:1243:20
    at new Promise (<anonymous>)
    at runWithTimeout [90m(file:///C:/Users/Patrick/uct-worktrees/notebook-w10-l13/app/[39mnode_modules/[4m@vitest/runner[24m/dist/index.js:1209:10[90m)[39m
    at [90mfile:///C:/Users/Patrick/uct-worktrees/notebook-w10-l13/app/[39mnode_modules/[4m@vitest/runner[24m/dist/index.js:1653:37
    at Traces.$ [90m(file:///C:/Users/Patrick/uct-worktrees/notebook-w10-l13/app/[39mnode_modules/[4mvitest[24m/dist/chunks/traces.CCmnQaNT.js:142:27[90m)[39m
    at trace [90m(file:///C:/Users/Patrick/uct-worktrees/notebook-w10-l13/app/[39mnode_modules/[4mvitest[24m/dist/chunks/test.B8ej_ZHS.js:239:21[90m)[39m
    at runTest [90m(file:///C:/Users/Patrick/uct-worktrees/notebook-w10-l13/app/[39mnode_modules/[4m@vitest/runner[24m/dist/index.js:1653:12[90m)[39m

[90mstderr[2m | src/pages/journal-2-0/components/notebook/NoteEditorPage.telemetry.test.jsx[2m > [22m[2msave_failed[2m > [22m[2ma retry streak (network) is reported ONCE when it begins, never per backoff attempt
[22m[39mautosave failed (retry 3 in 4000ms) Error: Failed to fetch
    at C:/Users/Patrick/uct-worktrees/notebook-w10-l13/app/src/pages/journal-2-0/components/notebook/NoteEditorPage.telemetry.test.jsx:82:34
    at [90mfile:///C:/Users/Patrick/uct-worktrees/notebook-w10-l13/app/[39mnode_modules/[4m@vitest/runner[24m/dist/index.js:145:11
    at [90mfile:///C:/Users/Patrick/uct-worktrees/notebook-w10-l13/app/[39mnode_modules/[4m@vitest/runner[24m/dist/index.js:915:26
    at [90mfile:///C:/Users/Patrick/uct-worktrees/notebook-w10-l13/app/[39mnode_modules/[4m@vitest/runner[24m/dist/index.js:1243:20
    at new Promise (<anonymous>)
    at runWithTimeout [90m(file:///C:/Users/Patrick/uct-worktrees/notebook-w10-l13/app/[39mnode_modules/[4m@vitest/runner[24m/dist/index.js:1209:10[90m)[39m
    at [90mfile:///C:/Users/Patrick/uct-worktrees/notebook-w10-l13/app/[39mnode_modules/[4m@vitest/runner[24m/dist/index.js:1653:37
    at Traces.$ [90m(file:///C:/Users/Patrick/uct-worktrees/notebook-w10-l13/app/[39mnode_modules/[4mvitest[24m/dist/chunks/traces.CCmnQaNT.js:142:27[90m)[39m
    at trace [90m(file:///C:/Users/Patrick/uct-worktrees/notebook-w10-l13/app/[39mnode_modules/[4mvitest[24m/dist/chunks/test.B8ej_ZHS.js:239:21[90m)[39m
    at runTest [90m(file:///C:/Users/Patrick/uct-worktrees/notebook-w10-l13/app/[39mnode_modules/[4m@vitest/runner[24m/dist/index.js:1653:12[90m)[39m

[90mstderr[2m | src/pages/journal-2-0/components/notebook/NoteEditorPage.telemetry.test.jsx[2m > [22m[2msave_failed[2m > [22m[2ma retry streak (network) is reported ONCE when it begins, never per backoff attempt
[22m[39mautosave failed (retry 4 in 8000ms) Error: Failed to fetch
    at C:/Users/Patrick/uct-worktrees/notebook-w10-l13/app/src/pages/journal-2-0/components/notebook/NoteEditorPage.telemetry.test.jsx:82:34
    at [90mfile:///C:/Users/Patrick/uct-worktrees/notebook-w10-l13/app/[39mnode_modules/[4m@vitest/runner[24m/dist/index.js:145:11
    at [90mfile:///C:/Users/Patrick/uct-worktrees/notebook-w10-l13/app/[39mnode_modules/[4m@vitest/runner[24m/dist/index.js:915:26
    at [90mfile:///C:/Users/Patrick/uct-worktrees/notebook-w10-l13/app/[39mnode_modules/[4m@vitest/runner[24m/dist/index.js:1243:20
    at new Promise (<anonymous>)
    at runWithTimeout [90m(file:///C:/Users/Patrick/uct-worktrees/notebook-w10-l13/app/[39mnode_modules/[4m@vitest/runner[24m/dist/index.js:1209:10[90m)[39m
    at [90mfile:///C:/Users/Patrick/uct-worktrees/notebook-w10-l13/app/[39mnode_modules/[4m@vitest/runner[24m/dist/index.js:1653:37
    at Traces.$ [90m(file:///C:/Users/Patrick/uct-worktrees/notebook-w10-l13/app/[39mnode_modules/[4mvitest[24m/dist/chunks/traces.CCmnQaNT.js:142:27[90m)[39m
    at trace [90m(file:///C:/Users/Patrick/uct-worktrees/notebook-w10-l13/app/[39mnode_modules/[4mvitest[24m/dist/chunks/test.B8ej_ZHS.js:239:21[90m)[39m
    at runTest [90m(file:///C:/Users/Patrick/uct-worktrees/notebook-w10-l13/app/[39mnode_modules/[4m@vitest/runner[24m/dist/index.js:1653:12[90m)[39m

[90mstderr[2m | src/pages/journal-2-0/components/notebook/NoteEditorPage.telemetry.test.jsx[2m > [22m[2msave_failed[2m > [22m[2ma retry streak (network) is reported ONCE when it begins, never per backoff attempt
[22m[39mautosave failed (retry 5 in 15000ms) Error: Failed to fetch
    at C:/Users/Patrick/uct-worktrees/notebook-w10-l13/app/src/pages/journal-2-0/components/notebook/NoteEditorPage.telemetry.test.jsx:82:34
    at [90mfile:///C:/Users/Patrick/uct-worktrees/notebook-w10-l13/app/[39mnode_modules/[4m@vitest/runner[24m/dist/index.js:145:11
    at [90mfile:///C:/Users/Patrick/uct-worktrees/notebook-w10-l13/app/[39mnode_modules/[4m@vitest/runner[24m/dist/index.js:915:26
    at [90mfile:///C:/Users/Patrick/uct-worktrees/notebook-w10-l13/app/[39mnode_modules/[4m@vitest/runner[24m/dist/index.js:1243:20
    at new Promise (<anonymous>)
    at runWithTimeout [90m(file:///C:/Users/Patrick/uct-worktrees/notebook-w10-l13/app/[39mnode_modules/[4m@vitest/runner[24m/dist/index.js:1209:10[90m)[39m
    at [90mfile:///C:/Users/Patrick/uct-worktrees/notebook-w10-l13/app/[39mnode_modules/[4m@vitest/runner[24m/dist/index.js:1653:37
    at Traces.$ [90m(file:///C:/Users/Patrick/uct-worktrees/notebook-w10-l13/app/[39mnode_modules/[4mvitest[24m/dist/chunks/traces.CCmnQaNT.js:142:27[90m)[39m
    at trace [90m(file:///C:/Users/Patrick/uct-worktrees/notebook-w10-l13/app/[39mnode_modules/[4mvitest[24m/dist/chunks/test.B8ej_ZHS.js:239:21[90m)[39m
    at runTest [90m(file:///C:/Users/Patrick/uct-worktrees/notebook-w10-l13/app/[39mnode_modules/[4m@vitest/runner[24m/dist/index.js:1653:12[90m)[39m

[90mstderr[2m | src/pages/journal-2-0/components/notebook/NoteEditorPage.telemetry.test.jsx[2m > [22m[2msave_success[2m > [22m[2ma save that fails reports no save_success (the SLO would read a failure as a success)
[22m[39mautosave failed (non-retryable) Error: 404
    at httpError (C:/Users/Patrick/uct-worktrees/notebook-w10-l13/app/src/pages/journal-2-0/components/notebook/NoteEditorPage.telemetry.test.jsx:33:71)
    at C:/Users/Patrick/uct-worktrees/notebook-w10-l13/app/src/pages/journal-2-0/components/notebook/NoteEditorPage.telemetry.test.jsx:129:34
    at [90mfile:///C:/Users/Patrick/uct-worktrees/notebook-w10-l13/app/[39mnode_modules/[4m@vitest/runner[24m/dist/index.js:145:11
    at [90mfile:///C:/Users/Patrick/uct-worktrees/notebook-w10-l13/app/[39mnode_modules/[4m@vitest/runner[24m/dist/index.js:915:26
    at [90mfile:///C:/Users/Patrick/uct-worktrees/notebook-w10-l13/app/[39mnode_modules/[4m@vitest/runner[24m/dist/index.js:1243:20
    at new Promise (<anonymous>)
    at runWithTimeout [90m(file:///C:/Users/Patrick/uct-worktrees/notebook-w10-l13/app/[39mnode_modules/[4m@vitest/runner[24m/dist/index.js:1209:10[90m)[39m
    at [90mfile:///C:/Users/Patrick/uct-worktrees/notebook-w10-l13/app/[39mnode_modules/[4m@vitest/runner[24m/dist/index.js:1653:37
    at Traces.$ [90m(file:///C:/Users/Patrick/uct-worktrees/notebook-w10-l13/app/[39mnode_modules/[4mvitest[24m/dist/chunks/traces.CCmnQaNT.js:142:27[90m)[39m
    at trace [90m(file:///C:/Users/Patrick/uct-worktrees/notebook-w10-l13/app/[39mnode_modules/[4mvitest[24m/dist/chunks/test.B8ej_ZHS.js:239:21[90m)[39m {
  status: [33m404[39m
}

[90mstderr[2m | src/pages/journal-2-0/components/notebook/NoteEditorPage.loaderror.test.jsx[2m > [22m[2mNoteEditorPage — note-load error state (P0-2 fix)[2m > [22m[2mshows a distinct error card, never an infinite "Loading…", when the initial fetch fails
[22m[39mnote load failed Error: 500
    at useJ2Note (C:/Users/Patrick/uct-worktrees/notebook-w10-l13/app/src/pages/journal-2-0/components/notebook/NoteEditorPage.loaderror.test.jsx:35:16)
    at NoteEditorPage (C:/Users/Patrick/uct-worktrees/notebook-w10-l13/app/src/pages/journal-2-0/components/notebook/NoteEditorPage.jsx:683:77)
    at Object.react_stack_bottom_frame [90m(C:\Users\Patrick\uct-worktrees\notebook-w10-l13\app\[39mnode_modules\[4mreact-dom[24m\cjs\react-dom-client.development.js:25904:20[90m)[39m
    at renderWithHooks [90m(C:\Users\Patrick\uct-worktrees\notebook-w10-l13\app\[39mnode_modules\[4mreact-dom[24m\cjs\react-dom-client.development.js:7662:22[90m)[39m
    at updateFunctionComponent [90m(C:\Users\Patrick\uct-worktrees\notebook-w10-l13\app\[39mnode_modules\[4mreact-dom[24m\cjs\react-dom-client.development.js:10166:19[90m)[39m
    at beginWork [90m(C:\Users\Patrick\uct-worktrees\notebook-w10-l13\app\[39mnode_modules\[4mreact-dom[24m\cjs\react-dom-client.development.js:11778:18[90m)[39m
    at runWithFiberInDEV [90m(C:\Users\Patrick\uct-worktrees\notebook-w10-l13\app\[39mnode_modules\[4mreact-dom[24m\cjs\react-dom-client.development.js:874:13[90m)[39m
    at performUnitOfWork [90m(C:\Users\Patrick\uct-worktrees\notebook-w10-l13\app\[39mnode_modules\[4mreact-dom[24m\cjs\react-dom-client.development.js:17641:22[90m)[39m
    at workLoopSync [90m(C:\Users\Patrick\uct-worktrees\notebook-w10-l13\app\[39mnode_modules\[4mreact-dom[24m\cjs\react-dom-client.development.js:17469:41[90m)[39m
    at renderRootSync [90m(C:\Users\Patrick\uct-worktrees\notebook-w10-l13\app\[39mnode_modules\[4mreact-dom[24m\cjs\react-dom-client.development.js:17450:11[90m)[39m

[90mstderr[2m | src/pages/journal-2-0/components/notebook/NoteEditorPage.loaderror.test.jsx[2m > [22m[2mNoteEditorPage — note-load error state (P0-2 fix)[2m > [22m[2mshows a distinct error card, never an infinite "Loading…", when the initial fetch fails
[22m[39mAn update to NoteEditorPage inside a test was not wrapped in act(...).

When testing, code that causes React state updates should be wrapped into act(...):

act(() => {
  /* fire events that update state */
});
/* assert on the output */

This ensures that you're testing the behavior the user would see in the browser. Learn more at https://react.dev/link/wrap-tests-with-act
An update to NoteEditorPage inside a test was not wrapped in act(...).

When testing, code that causes React state updates should be wrapped into act(...):

act(() => {
  /* fire events that update state */
});
/* assert on the output */

This ensures that you're testing the behavior the user would see in the browser. Learn more at https://react.dev/link/wrap-tests-with-act
An update to NoteEditorPage inside a test was not wrapped in act(...).

When testing, code that causes React state updates should be wrapped into act(...):

act(() => {
  /* fire events that update state */
});
/* assert on the output */

This ensures that you're testing the behavior the user would see in the browser. Learn more at https://react.dev/link/wrap-tests-with-act
An update to NoteEditorPage inside a test was not wrapped in act(...).

When testing, code that causes React state updates should be wrapped into act(...):

act(() => {
  /* fire events that update state */
});
/* assert on the output */

This ensures that you're testing the behavior the user would see in the browser. Learn more at https://react.dev/link/wrap-tests-with-act
An update to NoteEditorPage inside a test was not wrapped in act(...).

When testing, code that causes React state updates should be wrapped into act(...):

act(() => {
  /* fire events that update state */
});
/* assert on the output */

This ensures that you're testing the behavior the user would see in the browser. Learn more at https://react.dev/link/wrap-tests-with-act
An update to NoteEditorPage inside a test was not wrapped in act(...).

When testing, code that causes React state updates should be wrapped into act(...):

act(() => {
  /* fire events that update state */
});
/* assert on the output */

This ensures that you're testing the behavior the user would see in the browser. Learn more at https://react.dev/link/wrap-tests-with-act
An update to NoteEditorPage inside a test was not wrapped in act(...).

When testing, code that causes React state updates should be wrapped into act(...):

act(() => {
  /* fire events that update state */
});
/* assert on the output */

This ensures that you're testing the behavior the user would see in the browser. Learn more at https://react.dev/link/wrap-tests-with-act
note load failed Error: 500
    at useJ2Note (C:/Users/Patrick/uct-worktrees/notebook-w10-l13/app/src/pages/journal-2-0/components/notebook/NoteEditorPage.loaderror.test.jsx:35:16)
    at NoteEditorPage (C:/Users/Patrick/uct-worktrees/notebook-w10-l13/app/src/pages/journal-2-0/components/notebook/NoteEditorPage.jsx:683:77)
    at Object.react_stack_bottom_frame [90m(C:\Users\Patrick\uct-worktrees\notebook-w10-l13\app\[39mnode_modules\[4mreact-dom[24m\cjs\react-dom-client.development.js:25904:20[90m)[39m
    at renderWithHooks [90m(C:\Users\Patrick\uct-worktrees\notebook-w10-l13\app\[39mnode_modules\[4mreact-dom[24m\cjs\react-dom-client.development.js:7662:22[90m)[39m
    at updateFunctionComponent [90m(C:\Users\Patrick\uct-worktrees\notebook-w10-l13\app\[39mnode_modules\[4mreact-dom[24m\cjs\react-dom-client.development.js:10166:19[90m)[39m
    at beginWork [90m(C:\Users\Patrick\uct-worktrees\notebook-w10-l13\app\[39mnode_modules\[4mreact-dom[24m\cjs\react-dom-client.development.js:11778:18[90m)[39m
    at runWithFiberInDEV [90m(C:\Users\Patrick\uct-worktrees\notebook-w10-l13\app\[39mnode_modules\[4mreact-dom[24m\cjs\react-dom-client.development.js:874:13[90m)[39m
    at performUnitOfWork [90m(C:\Users\Patrick\uct-worktrees\notebook-w10-l13\app\[39mnode_modules\[4mreact-dom[24m\cjs\react-dom-client.development.js:17641:22[90m)[39m
    at workLoopSync [90m(C:\Users\Patrick\uct-worktrees\notebook-w10-l13\app\[39mnode_modules\[4mreact-dom[24m\cjs\react-dom-client.development.js:17469:41[90m)[39m
    at renderRootSync [90m(C:\Users\Patrick\uct-worktrees\notebook-w10-l13\app\[39mnode_modules\[4mreact-dom[24m\cjs\react-dom-client.development.js:17450:11[90m)[39m

[90mstderr[2m | src/pages/journal-2-0/components/notebook/NoteEditorPage.loaderror.test.jsx[2m > [22m[2mNoteEditorPage — note-load error state (P0-2 fix)[2m > [22m[2mnever shows the raw backend error text (bare HTTP status)
[22m[39mnote load failed Error: 500
    at useJ2Note (C:/Users/Patrick/uct-worktrees/notebook-w10-l13/app/src/pages/journal-2-0/components/notebook/NoteEditorPage.loaderror.test.jsx:35:16)
    at NoteEditorPage (C:/Users/Patrick/uct-worktrees/notebook-w10-l13/app/src/pages/journal-2-0/components/notebook/NoteEditorPage.jsx:683:77)
    at Object.react_stack_bottom_frame [90m(C:\Users\Patrick\uct-worktrees\notebook-w10-l13\app\[39mnode_modules\[4mreact-dom[24m\cjs\react-dom-client.development.js:25904:20[90m)[39m
    at renderWithHooks [90m(C:\Users\Patrick\uct-worktrees\notebook-w10-l13\app\[39mnode_modules\[4mreact-dom[24m\cjs\react-dom-client.development.js:7662:22[90m)[39m
    at updateFunctionComponent [90m(C:\Users\Patrick\uct-worktrees\notebook-w10-l13\app\[39mnode_modules\[4mreact-dom[24m\cjs\react-dom-client.development.js:10166:19[90m)[39m
    at beginWork [90m(C:\Users\Patrick\uct-worktrees\notebook-w10-l13\app\[39mnode_modules\[4mreact-dom[24m\cjs\react-dom-client.development.js:11778:18[90m)[39m
    at runWithFiberInDEV [90m(C:\Users\Patrick\uct-worktrees\notebook-w10-l13\app\[39mnode_modules\[4mreact-dom[24m\cjs\react-dom-client.development.js:874:13[90m)[39m
    at performUnitOfWork [90m(C:\Users\Patrick\uct-worktrees\notebook-w10-l13\app\[39mnode_modules\[4mreact-dom[24m\cjs\react-dom-client.development.js:17641:22[90m)[39m
    at workLoopSync [90m(C:\Users\Patrick\uct-worktrees\notebook-w10-l13\app\[39mnode_modules\[4mreact-dom[24m\cjs\react-dom-client.development.js:17469:41[90m)[39m
    at renderRootSync [90m(C:\Users\Patrick\uct-worktrees\notebook-w10-l13\app\[39mnode_modules\[4mreact-dom[24m\cjs\react-dom-client.development.js:17450:11[90m)[39m

[90mstderr[2m | src/pages/journal-2-0/components/notebook/NoteEditorPage.loaderror.test.jsx[2m > [22m[2mNoteEditorPage — note-load error state (P0-2 fix)[2m > [22m[2mnever shows the raw backend error text (bare HTTP status)
[22m[39mAn update to NoteEditorPage inside a test was not wrapped in act(...).

When testing, code that causes React state updates should be wrapped into act(...):

act(() => {
  /* fire events that update state */
});
/* assert on the output */

This ensures that you're testing the behavior the user would see in the browser. Learn more at https://react.dev/link/wrap-tests-with-act
An update to NoteEditorPage inside a test was not wrapped in act(...).

When testing, code that causes React state updates should be wrapped into act(...):

act(() => {
  /* fire events that update state */
});
/* assert on the output */

This ensures that you're testing the behavior the user would see in the browser. Learn more at https://react.dev/link/wrap-tests-with-act
An update to NoteEditorPage inside a test was not wrapped in act(...).

When testing, code that causes React state updates should be wrapped into act(...):

act(() => {
  /* fire events that update state */
});
/* assert on the output */

This ensures that you're testing the behavior the user would see in the browser. Learn more at https://react.dev/link/wrap-tests-with-act
An update to NoteEditorPage inside a test was not wrapped in act(...).

When testing, code that causes React state updates should be wrapped into act(...):

act(() => {
  /* fire events that update state */
});
/* assert on the output */

This ensures that you're testing the behavior the user would see in the browser. Learn more at https://react.dev/link/wrap-tests-with-act
An update to NoteEditorPage inside a test was not wrapped in act(...).

When testing, code that causes React state updates should be wrapped into act(...):

act(() => {
  /* fire events that update state */
});
/* assert on the output */

This ensures that you're testing the behavior the user would see in the browser. Learn more at https://react.dev/link/wrap-tests-with-act
An update to NoteEditorPage inside a test was not wrapped in act(...).

When testing, code that causes React state updates should be wrapped into act(...):

act(() => {
  /* fire events that update state */
});
/* assert on the output */

This ensures that you're testing the behavior the user would see in the browser. Learn more at https://react.dev/link/wrap-tests-with-act
An update to NoteEditorPage inside a test was not wrapped in act(...).

When testing, code that causes React state updates should be wrapped into act(...):

act(() => {
  /* fire events that update state */
});
/* assert on the output */

This ensures that you're testing the behavior the user would see in the browser. Learn more at https://react.dev/link/wrap-tests-with-act
note load failed Error: 500
    at useJ2Note (C:/Users/Patrick/uct-worktrees/notebook-w10-l13/app/src/pages/journal-2-0/components/notebook/NoteEditorPage.loaderror.test.jsx:35:16)
    at NoteEditorPage (C:/Users/Patrick/uct-worktrees/notebook-w10-l13/app/src/pages/journal-2-0/components/notebook/NoteEditorPage.jsx:683:77)
    at Object.react_stack_bottom_frame [90m(C:\Users\Patrick\uct-worktrees\notebook-w10-l13\app\[39mnode_modules\[4mreact-dom[24m\cjs\react-dom-client.development.js:25904:20[90m)[39m
    at renderWithHooks [90m(C:\Users\Patrick\uct-worktrees\notebook-w10-l13\app\[39mnode_modules\[4mreact-dom[24m\cjs\react-dom-client.development.js:7662:22[90m)[39m
    at updateFunctionComponent [90m(C:\Users\Patrick\uct-worktrees\notebook-w10-l13\app\[39mnode_modules\[4mreact-dom[24m\cjs\react-dom-client.development.js:10166:19[90m)[39m
    at beginWork [90m(C:\Users\Patrick\uct-worktrees\notebook-w10-l13\app\[39mnode_modules\[4mreact-dom[24m\cjs\react-dom-client.development.js:11778:18[90m)[39m
    at runWithFiberInDEV [90m(C:\Users\Patrick\uct-worktrees\notebook-w10-l13\app\[39mnode_modules\[4mreact-dom[24m\cjs\react-dom-client.development.js:874:13[90m)[39m
    at performUnitOfWork [90m(C:\Users\Patrick\uct-worktrees\notebook-w10-l13\app\[39mnode_modules\[4mreact-dom[24m\cjs\react-dom-client.development.js:17641:22[90m)[39m
    at workLoopSync [90m(C:\Users\Patrick\uct-worktrees\notebook-w10-l13\app\[39mnode_modules\[4mreact-dom[24m\cjs\react-dom-client.development.js:17469:41[90m)[39m
    at renderRootSync [90m(C:\Users\Patrick\uct-worktrees\notebook-w10-l13\app\[39mnode_modules\[4mreact-dom[24m\cjs\react-dom-client.development.js:17450:11[90m)[39m

[90mstderr[2m | src/pages/journal-2-0/components/notebook/NoteEditorPage.loaderror.test.jsx[2m > [22m[2mNoteEditorPage — note-load error state (P0-2 fix)[2m > [22m[2mreassures the member their work is safe -- this is a connection problem, not data loss
[22m[39mnote load failed Error: 500
    at useJ2Note (C:/Users/Patrick/uct-worktrees/notebook-w10-l13/app/src/pages/journal-2-0/components/notebook/NoteEditorPage.loaderror.test.jsx:35:16)
    at NoteEditorPage (C:/Users/Patrick/uct-worktrees/notebook-w10-l13/app/src/pages/journal-2-0/components/notebook/NoteEditorPage.jsx:683:77)
    at Object.react_stack_bottom_frame [90m(C:\Users\Patrick\uct-worktrees\notebook-w10-l13\app\[39mnode_modules\[4mreact-dom[24m\cjs\react-dom-client.development.js:25904:20[90m)[39m
    at renderWithHooks [90m(C:\Users\Patrick\uct-worktrees\notebook-w10-l13\app\[39mnode_modules\[4mreact-dom[24m\cjs\react-dom-client.development.js:7662:22[90m)[39m
    at updateFunctionComponent [90m(C:\Users\Patrick\uct-worktrees\notebook-w10-l13\app\[39mnode_modules\[4mreact-dom[24m\cjs\react-dom-client.development.js:10166:19[90m)[39m
    at beginWork [90m(C:\Users\Patrick\uct-worktrees\notebook-w10-l13\app\[39mnode_modules\[4mreact-dom[24m\cjs\react-dom-client.development.js:11778:18[90m)[39m
    at runWithFiberInDEV [90m(C:\Users\Patrick\uct-worktrees\notebook-w10-l13\app\[39mnode_modules\[4mreact-dom[24m\cjs\react-dom-client.development.js:874:13[90m)[39m
    at performUnitOfWork [90m(C:\Users\Patrick\uct-worktrees\notebook-w10-l13\app\[39mnode_modules\[4mreact-dom[24m\cjs\react-dom-client.development.js:17641:22[90m)[39m
    at workLoopSync [90m(C:\Users\Patrick\uct-worktrees\notebook-w10-l13\app\[39mnode_modules\[4mreact-dom[24m\cjs\react-dom-client.development.js:17469:41[90m)[39m
    at renderRootSync [90m(C:\Users\Patrick\uct-worktrees\notebook-w10-l13\app\[39mnode_modules\[4mreact-dom[24m\cjs\react-dom-client.development.js:17450:11[90m)[39m

[90mstderr[2m | src/pages/journal-2-0/components/notebook/NoteEditorPage.loaderror.test.jsx[2m > [22m[2mNoteEditorPage — note-load error state (P0-2 fix)[2m > [22m[2mreassures the member their work is safe -- this is a connection problem, not data loss
[22m[39mAn update to NoteEditorPage inside a test was not wrapped in act(...).

When testing, code that causes React state updates should be wrapped into act(...):

act(() => {
  /* fire events that update state */
});
/* assert on the output */

This ensures that you're testing the behavior the user would see in the browser. Learn more at https://react.dev/link/wrap-tests-with-act
An update to NoteEditorPage inside a test was not wrapped in act(...).

When testing, code that causes React state updates should be wrapped into act(...):

act(() => {
  /* fire events that update state */
});
/* assert on the output */

This ensures that you're testing the behavior the user would see in the browser. Learn more at https://react.dev/link/wrap-tests-with-act
An update to NoteEditorPage inside a test was not wrapped in act(...).

When testing, code that causes React state updates should be wrapped into act(...):

act(() => {
  /* fire events that update state */
});
/* assert on the output */

This ensures that you're testing the behavior the user would see in the browser. Learn more at https://react.dev/link/wrap-tests-with-act
An update to NoteEditorPage inside a test was not wrapped in act(...).

When testing, code that causes React state updates should be wrapped into act(...):

act(() => {
  /* fire events that update state */
});
/* assert on the output */

This ensures that you're testing the behavior the user would see in the browser. Learn more at https://react.dev/link/wrap-tests-with-act
An update to NoteEditorPage inside a test was not wrapped in act(...).

When testing, code that causes React state updates should be wrapped into act(...):

act(() => {
  /* fire events that update state */
});
/* assert on the output */

This ensures that you're testing the behavior the user would see in the browser. Learn more at https://react.dev/link/wrap-tests-with-act
An update to NoteEditorPage inside a test was not wrapped in act(...).

When testing, code that causes React state updates should be wrapped into act(...):

act(() => {
  /* fire events that update state */
});
/* assert on the output */

This ensures that you're testing the behavior the user would see in the browser. Learn more at https://react.dev/link/wrap-tests-with-act
An update to NoteEditorPage inside a test was not wrapped in act(...).

When testing, code that causes React state updates should be wrapped into act(...):

act(() => {
  /* fire events that update state */
});
/* assert on the output */

This ensures that you're testing the behavior the user would see in the browser. Learn more at https://react.dev/link/wrap-tests-with-act
note load failed Error: 500
    at useJ2Note (C:/Users/Patrick/uct-worktrees/notebook-w10-l13/app/src/pages/journal-2-0/components/notebook/NoteEditorPage.loaderror.test.jsx:35:16)
    at NoteEditorPage (C:/Users/Patrick/uct-worktrees/notebook-w10-l13/app/src/pages/journal-2-0/components/notebook/NoteEditorPage.jsx:683:77)
    at Object.react_stack_bottom_frame [90m(C:\Users\Patrick\uct-worktrees\notebook-w10-l13\app\[39mnode_modules\[4mreact-dom[24m\cjs\react-dom-client.development.js:25904:20[90m)[39m
    at renderWithHooks [90m(C:\Users\Patrick\uct-worktrees\notebook-w10-l13\app\[39mnode_modules\[4mreact-dom[24m\cjs\react-dom-client.development.js:7662:22[90m)[39m
    at updateFunctionComponent [90m(C:\Users\Patrick\uct-worktrees\notebook-w10-l13\app\[39mnode_modules\[4mreact-dom[24m\cjs\react-dom-client.development.js:10166:19[90m)[39m
    at beginWork [90m(C:\Users\Patrick\uct-worktrees\notebook-w10-l13\app\[39mnode_modules\[4mreact-dom[24m\cjs\react-dom-client.development.js:11778:18[90m)[39m
    at runWithFiberInDEV [90m(C:\Users\Patrick\uct-worktrees\notebook-w10-l13\app\[39mnode_modules\[4mreact-dom[24m\cjs\react-dom-client.development.js:874:13[90m)[39m
    at performUnitOfWork [90m(C:\Users\Patrick\uct-worktrees\notebook-w10-l13\app\[39mnode_modules\[4mreact-dom[24m\cjs\react-dom-client.development.js:17641:22[90m)[39m
    at workLoopSync [90m(C:\Users\Patrick\uct-worktrees\notebook-w10-l13\app\[39mnode_modules\[4mreact-dom[24m\cjs\react-dom-client.development.js:17469:41[90m)[39m
    at renderRootSync [90m(C:\Users\Patrick\uct-worktrees\notebook-w10-l13\app\[39mnode_modules\[4mreact-dom[24m\cjs\react-dom-client.development.js:17450:11[90m)[39m

[90mstderr[2m | src/pages/journal-2-0/components/notebook/NoteEditorPage.loaderror.test.jsx[2m > [22m[2mNoteEditorPage — note-load error state (P0-2 fix)[2m > [22m[2moffers a retry action wired to refresh()
[22m[39mnote load failed Error: 500
    at useJ2Note (C:/Users/Patrick/uct-worktrees/notebook-w10-l13/app/src/pages/journal-2-0/components/notebook/NoteEditorPage.loaderror.test.jsx:35:16)
    at NoteEditorPage (C:/Users/Patrick/uct-worktrees/notebook-w10-l13/app/src/pages/journal-2-0/components/notebook/NoteEditorPage.jsx:683:77)
    at Object.react_stack_bottom_frame [90m(C:\Users\Patrick\uct-worktrees\notebook-w10-l13\app\[39mnode_modules\[4mreact-dom[24m\cjs\react-dom-client.development.js:25904:20[90m)[39m
    at renderWithHooks [90m(C:\Users\Patrick\uct-worktrees\notebook-w10-l13\app\[39mnode_modules\[4mreact-dom[24m\cjs\react-dom-client.development.js:7662:22[90m)[39m
    at updateFunctionComponent [90m(C:\Users\Patrick\uct-worktrees\notebook-w10-l13\app\[39mnode_modules\[4mreact-dom[24m\cjs\react-dom-client.development.js:10166:19[90m)[39m
    at beginWork [90m(C:\Users\Patrick\uct-worktrees\notebook-w10-l13\app\[39mnode_modules\[4mreact-dom[24m\cjs\react-dom-client.development.js:11778:18[90m)[39m
    at runWithFiberInDEV [90m(C:\Users\Patrick\uct-worktrees\notebook-w10-l13\app\[39mnode_modules\[4mreact-dom[24m\cjs\react-dom-client.development.js:874:13[90m)[39m
    at performUnitOfWork [90m(C:\Users\Patrick\uct-worktrees\notebook-w10-l13\app\[39mnode_modules\[4mreact-dom[24m\cjs\react-dom-client.development.js:17641:22[90m)[39m
    at workLoopSync [90m(C:\Users\Patrick\uct-worktrees\notebook-w10-l13\app\[39mnode_modules\[4mreact-dom[24m\cjs\react-dom-client.development.js:17469:41[90m)[39m
    at renderRootSync [90m(C:\Users\Patrick\uct-worktrees\notebook-w10-l13\app\[39mnode_modules\[4mreact-dom[24m\cjs\react-dom-client.development.js:17450:11[90m)[39m

[90mstderr[2m | src/pages/journal-2-0/components/notebook/NoteEditorPage.loaderror.test.jsx[2m > [22m[2mNoteEditorPage — note-load error state (P0-2 fix)[2m > [22m[2moffers a retry action wired to refresh()
[22m[39mAn update to NoteEditorPage inside a test was not wrapped in act(...).

When testing, code that causes React state updates should be wrapped into act(...):

act(() => {
  /* fire events that update state */
});
/* assert on the output */

This ensures that you're testing the behavior the user would see in the browser. Learn more at https://react.dev/link/wrap-tests-with-act
An update to NoteEditorPage inside a test was not wrapped in act(...).

When testing, code that causes React state updates should be wrapped into act(...):

act(() => {
  /* fire events that update state */
});
/* assert on the output */

This ensures that you're testing the behavior the user would see in the browser. Learn more at https://react.dev/link/wrap-tests-with-act
An update to NoteEditorPage inside a test was not wrapped in act(...).

When testing, code that causes React state updates should be wrapped into act(...):

act(() => {
  /* fire events that update state */
});
/* assert on the output */

This ensures that you're testing the behavior the user would see in the browser. Learn more at https://react.dev/link/wrap-tests-with-act
An update to NoteEditorPage inside a test was not wrapped in act(...).

When testing, code that causes React state updates should be wrapped into act(...):

act(() => {
  /* fire events that update state */
});
/* assert on the output */

This ensures that you're testing the behavior the user would see in the browser. Learn more at https://react.dev/link/wrap-tests-with-act
An update to ThesisSection inside a test was not wrapped in act(...).

When testing, code that causes React state updates should be wrapped into act(...):

act(() => {
  /* fire events that update state */
});
/* assert on the output */

This ensures that you're testing the behavior the user would see in the browser. Learn more at https://react.dev/link/wrap-tests-with-act
An update to NoteEditorPage inside a test was not wrapped in act(...).

When testing, code that causes React state updates should be wrapped into act(...):

act(() => {
  /* fire events that update state */
});
/* assert on the output */

This ensures that you're testing the behavior the user would see in the browser. Learn more at https://react.dev/link/wrap-tests-with-act
An update to ThesisSection inside a test was not wrapped in act(...).

When testing, code that causes React state updates should be wrapped into act(...):

act(() => {
  /* fire events that update state */
});
/* assert on the output */

This ensures that you're testing the behavior the user would see in the browser. Learn more at https://react.dev/link/wrap-tests-with-act
An update to NoteEditorPage inside a test was not wrapped in act(...).

When testing, code that causes React state updates should be wrapped into act(...):

act(() => {
  /* fire events that update state */
});
/* assert on the output */

This ensures that you're testing the behavior the user would see in the browser. Learn more at https://react.dev/link/wrap-tests-with-act
An update to ThesisSection inside a test was not wrapped in act(...).

When testing, code that causes React state updates should be wrapped into act(...):

act(() => {
  /* fire events that update state */
});
/* assert on the output */

This ensures that you're testing the behavior the user would see in the browser. Learn more at https://react.dev/link/wrap-tests-with-act
An update to NoteEditorPage inside a test was not wrapped in act(...).

When testing, code that causes React state updates should be wrapped into act(...):

act(() => {
  /* fire events that update state */
});
/* assert on the output */

This ensures that you're testing the behavior the user would see in the browser. Learn more at https://react.dev/link/wrap-tests-with-act
An update to ThesisSection inside a test was not wrapped in act(...).

When testing, code that causes React state updates should be wrapped into act(...):

act(() => {
  /* fire events that update state */
});
/* assert on the output */

This ensures that you're testing the behavior the user would see in the browser. Learn more at https://react.dev/link/wrap-tests-with-act
An update to NoteEditorPage inside a test was not wrapped in act(...).

When testing, code that causes React state updates should be wrapped into act(...):

act(() => {
  /* fire events that update state */
});
/* assert on the output */

This ensures that you're testing the behavior the user would see in the browser. Learn more at https://react.dev/link/wrap-tests-with-act

[90mstderr[2m | src/pages/journal-2-0/components/notebook/NoteEditorPage.loaderror.test.jsx[2m > [22m[2mNoteEditorPage — note-load error state (P0-2 fix)[2m > [22m[2moffers a retry action wired to refresh()
[22m[39mAn update to NoteLinkedTradeChips inside a test was not wrapped in act(...).

When testing, code that causes React state updates should be wrapped into act(...):

act(() => {
  /* fire events that update state */
});
/* assert on the output */

This ensures that you're testing the behavior the user would see in the browser. Learn more at https://react.dev/link/wrap-tests-with-act
An update to PropertiesSection inside a test was not wrapped in act(...).

When testing, code that causes React state updates should be wrapped into act(...):

act(() => {
  /* fire events that update state */
});
/* assert on the output */

This ensures that you're testing the behavior the user would see in the browser. Learn more at https://react.dev/link/wrap-tests-with-act
An update to PropertiesSection inside a test was not wrapped in act(...).

When testing, code that causes React state updates should be wrapped into act(...):

act(() => {
  /* fire events that update state */
});
/* assert on the output */

This ensures that you're testing the behavior the user would see in the browser. Learn more at https://react.dev/link/wrap-tests-with-act
An update to NoteBacklinksSection inside a test was not wrapped in act(...).

When testing, code that causes React state updates should be wrapped into act(...):

act(() => {
  /* fire events that update state */
});
/* assert on the output */

This ensures that you're testing the behavior the user would see in the browser. Learn more at https://react.dev/link/wrap-tests-with-act
An update to NoteBacklinksSection inside a test was not wrapped in act(...).

When testing, code that causes React state updates should be wrapped into act(...):

act(() => {
  /* fire events that update state */
});
/* assert on the output */

This ensures that you're testing the behavior the user would see in the browser. Learn more at https://react.dev/link/wrap-tests-with-act
An update to UnlinkedMentions inside a test was not wrapped in act(...).

When testing, code that causes React state updates should be wrapped into act(...):

act(() => {
  /* fire events that update state */
});
/* assert on the output */

This ensures that you're testing the behavior the user would see in the browser. Learn more at https://react.dev/link/wrap-tests-with-act

[90mstderr[2m | src/pages/journal-2-0/components/notebook/NoteEditorPage.loaderror.test.jsx[2m > [22m[2mNoteEditorPage — note-load error state (P0-2 fix)[2m > [22m[2ma successful retry replaces the error card with the real editor
[22m[39mnote load failed Error: 500
    at useJ2Note (C:/Users/Patrick/uct-worktrees/notebook-w10-l13/app/src/pages/journal-2-0/components/notebook/NoteEditorPage.loaderror.test.jsx:35:16)
    at NoteEditorPage (C:/Users/Patrick/uct-worktrees/notebook-w10-l13/app/src/pages/journal-2-0/components/notebook/NoteEditorPage.jsx:683:77)
    at Object.react_stack_bottom_frame [90m(C:\Users\Patrick\uct-worktrees\notebook-w10-l13\app\[39mnode_modules\[4mreact-dom[24m\cjs\react-dom-client.development.js:25904:20[90m)[39m
    at renderWithHooks [90m(C:\Users\Patrick\uct-worktrees\notebook-w10-l13\app\[39mnode_modules\[4mreact-dom[24m\cjs\react-dom-client.development.js:7662:22[90m)[39m
    at updateFunctionComponent [90m(C:\Users\Patrick\uct-worktrees\notebook-w10-l13\app\[39mnode_modules\[4mreact-dom[24m\cjs\react-dom-client.development.js:10166:19[90m)[39m
    at beginWork [90m(C:\Users\Patrick\uct-worktrees\notebook-w10-l13\app\[39mnode_modules\[4mreact-dom[24m\cjs\react-dom-client.development.js:11778:18[90m)[39m
    at runWithFiberInDEV [90m(C:\Users\Patrick\uct-worktrees\notebook-w10-l13\app\[39mnode_modules\[4mreact-dom[24m\cjs\react-dom-client.development.js:874:13[90m)[39m
    at performUnitOfWork [90m(C:\Users\Patrick\uct-worktrees\notebook-w10-l13\app\[39mnode_modules\[4mreact-dom[24m\cjs\react-dom-client.development.js:17641:22[90m)[39m
    at workLoopSync [90m(C:\Users\Patrick\uct-worktrees\notebook-w10-l13\app\[39mnode_modules\[4mreact-dom[24m\cjs\react-dom-client.development.js:17469:41[90m)[39m
    at renderRootSync [90m(C:\Users\Patrick\uct-worktrees\notebook-w10-l13\app\[39mnode_modules\[4mreact-dom[24m\cjs\react-dom-client.development.js:17450:11[90m)[39m

[90mstderr[2m | src/pages/journal-2-0/components/notebook/NoteEditorPage.loaderror.test.jsx[2m > [22m[2mNoteEditorPage — note-load error state (P0-2 fix)[2m > [22m[2moffers safe back-navigation when showBack is true
[22m[39mnote load failed Error: 500
    at useJ2Note (C:/Users/Patrick/uct-worktrees/notebook-w10-l13/app/src/pages/journal-2-0/components/notebook/NoteEditorPage.loaderror.test.jsx:35:16)
    at NoteEditorPage (C:/Users/Patrick/uct-worktrees/notebook-w10-l13/app/src/pages/journal-2-0/components/notebook/NoteEditorPage.jsx:683:77)
    at Object.react_stack_bottom_frame [90m(C:\Users\Patrick\uct-worktrees\notebook-w10-l13\app\[39mnode_modules\[4mreact-dom[24m\cjs\react-dom-client.development.js:25904:20[90m)[39m
    at renderWithHooks [90m(C:\Users\Patrick\uct-worktrees\notebook-w10-l13\app\[39mnode_modules\[4mreact-dom[24m\cjs\react-dom-client.development.js:7662:22[90m)[39m
    at updateFunctionComponent [90m(C:\Users\Patrick\uct-worktrees\notebook-w10-l13\app\[39mnode_modules\[4mreact-dom[24m\cjs\react-dom-client.development.js:10166:19[90m)[39m
    at beginWork [90m(C:\Users\Patrick\uct-worktrees\notebook-w10-l13\app\[39mnode_modules\[4mreact-dom[24m\cjs\react-dom-client.development.js:11778:18[90m)[39m
    at runWithFiberInDEV [90m(C:\Users\Patrick\uct-worktrees\notebook-w10-l13\app\[39mnode_modules\[4mreact-dom[24m\cjs\react-dom-client.development.js:874:13[90m)[39m
    at performUnitOfWork [90m(C:\Users\Patrick\uct-worktrees\notebook-w10-l13\app\[39mnode_modules\[4mreact-dom[24m\cjs\react-dom-client.development.js:17641:22[90m)[39m
    at workLoopSync [90m(C:\Users\Patrick\uct-worktrees\notebook-w10-l13\app\[39mnode_modules\[4mreact-dom[24m\cjs\react-dom-client.development.js:17469:41[90m)[39m
    at renderRootSync [90m(C:\Users\Patrick\uct-worktrees\notebook-w10-l13\app\[39mnode_modules\[4mreact-dom[24m\cjs\react-dom-client.development.js:17450:11[90m)[39m

[90mstderr[2m | src/pages/journal-2-0/components/notebook/NoteEditorPage.loaderror.test.jsx[2m > [22m[2mNoteEditorPage — note-load error state (P0-2 fix)[2m > [22m[2moffers safe back-navigation when showBack is true
[22m[39mAn update to NoteEditorPage inside a test was not wrapped in act(...).

When testing, code that causes React state updates should be wrapped into act(...):

act(() => {
  /* fire events that update state */
});
/* assert on the output */

This ensures that you're testing the behavior the user would see in the browser. Learn more at https://react.dev/link/wrap-tests-with-act
An update to NoteEditorPage inside a test was not wrapped in act(...).

When testing, code that causes React state updates should be wrapped into act(...):

act(() => {
  /* fire events that update state */
});
/* assert on the output */

This ensures that you're testing the behavior the user would see in the browser. Learn more at https://react.dev/link/wrap-tests-with-act
An update to NoteEditorPage inside a test was not wrapped in act(...).

When testing, code that causes React state updates should be wrapped into act(...):

act(() => {
  /* fire events that update state */
});
/* assert on the output */

This ensures that you're testing the behavior the user would see in the browser. Learn more at https://react.dev/link/wrap-tests-with-act
An update to NoteEditorPage inside a test was not wrapped in act(...).

When testing, code that causes React state updates should be wrapped into act(...):

act(() => {
  /* fire events that update state */
});
/* assert on the output */

This ensures that you're testing the behavior the user would see in the browser. Learn more at https://react.dev/link/wrap-tests-with-act
An update to NoteEditorPage inside a test was not wrapped in act(...).

When testing, code that causes React state updates should be wrapped into act(...):

act(() => {
  /* fire events that update state */
});
/* assert on the output */

This ensures that you're testing the behavior the user would see in the browser. Learn more at https://react.dev/link/wrap-tests-with-act
An update to NoteEditorPage inside a test was not wrapped in act(...).

When testing, code that causes React state updates should be wrapped into act(...):

act(() => {
  /* fire events that update state */
});
/* assert on the output */

This ensures that you're testing the behavior the user would see in the browser. Learn more at https://react.dev/link/wrap-tests-with-act
An update to NoteEditorPage inside a test was not wrapped in act(...).

When testing, code that causes React state updates should be wrapped into act(...):

act(() => {
  /* fire events that update state */
});
/* assert on the output */

This ensures that you're testing the behavior the user would see in the browser. Learn more at https://react.dev/link/wrap-tests-with-act
note load failed Error: 500
    at useJ2Note (C:/Users/Patrick/uct-worktrees/notebook-w10-l13/app/src/pages/journal-2-0/components/notebook/NoteEditorPage.loaderror.test.jsx:35:16)
    at NoteEditorPage (C:/Users/Patrick/uct-worktrees/notebook-w10-l13/app/src/pages/journal-2-0/components/notebook/NoteEditorPage.jsx:683:77)
    at Object.react_stack_bottom_frame [90m(C:\Users\Patrick\uct-worktrees\notebook-w10-l13\app\[39mnode_modules\[4mreact-dom[24m\cjs\react-dom-client.development.js:25904:20[90m)[39m
    at renderWithHooks [90m(C:\Users\Patrick\uct-worktrees\notebook-w10-l13\app\[39mnode_modules\[4mreact-dom[24m\cjs\react-dom-client.development.js:7662:22[90m)[39m
    at updateFunctionComponent [90m(C:\Users\Patrick\uct-worktrees\notebook-w10-l13\app\[39mnode_modules\[4mreact-dom[24m\cjs\react-dom-client.development.js:10166:19[90m)[39m
    at beginWork [90m(C:\Users\Patrick\uct-worktrees\notebook-w10-l13\app\[39mnode_modules\[4mreact-dom[24m\cjs\react-dom-client.development.js:11778:18[90m)[39m
    at runWithFiberInDEV [90m(C:\Users\Patrick\uct-worktrees\notebook-w10-l13\app\[39mnode_modules\[4mreact-dom[24m\cjs\react-dom-client.development.js:874:13[90m)[39m
    at performUnitOfWork [90m(C:\Users\Patrick\uct-worktrees\notebook-w10-l13\app\[39mnode_modules\[4mreact-dom[24m\cjs\react-dom-client.development.js:17641:22[90m)[39m
    at workLoopSync [90m(C:\Users\Patrick\uct-worktrees\notebook-w10-l13\app\[39mnode_modules\[4mreact-dom[24m\cjs\react-dom-client.development.js:17469:41[90m)[39m
    at renderRootSync [90m(C:\Users\Patrick\uct-worktrees\notebook-w10-l13\app\[39mnode_modules\[4mreact-dom[24m\cjs\react-dom-client.development.js:17450:11[90m)[39m

[90mstderr[2m | src/pages/journal-2-0/components/notebook/NoteEditorPage.loaderror.test.jsx[2m > [22m[2mNoteEditorPage — note-load error state (P0-2 fix)[2m > [22m[2momits the back button when showBack is false (matches the real editor header's own convention)
[22m[39mnote load failed Error: 500
    at useJ2Note (C:/Users/Patrick/uct-worktrees/notebook-w10-l13/app/src/pages/journal-2-0/components/notebook/NoteEditorPage.loaderror.test.jsx:35:16)
    at NoteEditorPage (C:/Users/Patrick/uct-worktrees/notebook-w10-l13/app/src/pages/journal-2-0/components/notebook/NoteEditorPage.jsx:683:77)
    at Object.react_stack_bottom_frame [90m(C:\Users\Patrick\uct-worktrees\notebook-w10-l13\app\[39mnode_modules\[4mreact-dom[24m\cjs\react-dom-client.development.js:25904:20[90m)[39m
    at renderWithHooks [90m(C:\Users\Patrick\uct-worktrees\notebook-w10-l13\app\[39mnode_modules\[4mreact-dom[24m\cjs\react-dom-client.development.js:7662:22[90m)[39m
    at updateFunctionComponent [90m(C:\Users\Patrick\uct-worktrees\notebook-w10-l13\app\[39mnode_modules\[4mreact-dom[24m\cjs\react-dom-client.development.js:10166:19[90m)[39m
    at beginWork [90m(C:\Users\Patrick\uct-worktrees\notebook-w10-l13\app\[39mnode_modules\[4mreact-dom[24m\cjs\react-dom-client.development.js:11778:18[90m)[39m
    at runWithFiberInDEV [90m(C:\Users\Patrick\uct-worktrees\notebook-w10-l13\app\[39mnode_modules\[4mreact-dom[24m\cjs\react-dom-client.development.js:874:13[90m)[39m
    at performUnitOfWork [90m(C:\Users\Patrick\uct-worktrees\notebook-w10-l13\app\[39mnode_modules\[4mreact-dom[24m\cjs\react-dom-client.development.js:17641:22[90m)[39m
    at workLoopSync [90m(C:\Users\Patrick\uct-worktrees\notebook-w10-l13\app\[39mnode_modules\[4mreact-dom[24m\cjs\react-dom-client.development.js:17469:41[90m)[39m
    at renderRootSync [90m(C:\Users\Patrick\uct-worktrees\notebook-w10-l13\app\[39mnode_modules\[4mreact-dom[24m\cjs\react-dom-client.development.js:17450:11[90m)[39m

[90mstderr[2m | src/pages/journal-2-0/components/notebook/NoteEditorPage.loaderror.test.jsx[2m > [22m[2mNoteEditorPage — note-load error state (P0-2 fix)[2m > [22m[2momits the back button when showBack is false (matches the real editor header's own convention)
[22m[39mAn update to NoteEditorPage inside a test was not wrapped in act(...).

When testing, code that causes React state updates should be wrapped into act(...):

act(() => {
  /* fire events that update state */
});
/* assert on the output */

This ensures that you're testing the behavior the user would see in the browser. Learn more at https://react.dev/link/wrap-tests-with-act
An update to NoteEditorPage inside a test was not wrapped in act(...).

When testing, code that causes React state updates should be wrapped into act(...):

act(() => {
  /* fire events that update state */
});
/* assert on the output */

This ensures that you're testing the behavior the user would see in the browser. Learn more at https://react.dev/link/wrap-tests-with-act
An update to NoteEditorPage inside a test was not wrapped in act(...).

When testing, code that causes React state updates should be wrapped into act(...):

act(() => {
  /* fire events that update state */
});
/* assert on the output */

This ensures that you're testing the behavior the user would see in the browser. Learn more at https://react.dev/link/wrap-tests-with-act
An update to NoteEditorPage inside a test was not wrapped in act(...).

When testing, code that causes React state updates should be wrapped into act(...):

act(() => {
  /* fire events that update state */
});
/* assert on the output */

This ensures that you're testing the behavior the user would see in the browser. Learn more at https://react.dev/link/wrap-tests-with-act
An update to NoteEditorPage inside a test was not wrapped in act(...).

When testing, code that causes React state updates should be wrapped into act(...):

act(() => {
  /* fire events that update state */
});
/* assert on the output */

This ensures that you're testing the behavior the user would see in the browser. Learn more at https://react.dev/link/wrap-tests-with-act
An update to NoteEditorPage inside a test was not wrapped in act(...).

When testing, code that causes React state updates should be wrapped into act(...):

act(() => {
  /* fire events that update state */
});
/* assert on the output */

This ensures that you're testing the behavior the user would see in the browser. Learn more at https://react.dev/link/wrap-tests-with-act
An update to NoteEditorPage inside a test was not wrapped in act(...).

When testing, code that causes React state updates should be wrapped into act(...):

act(() => {
  /* fire events that update state */
});
/* assert on the output */

This ensures that you're testing the behavior the user would see in the browser. Learn more at https://react.dev/link/wrap-tests-with-act
note load failed Error: 500
    at useJ2Note (C:/Users/Patrick/uct-worktrees/notebook-w10-l13/app/src/pages/journal-2-0/components/notebook/NoteEditorPage.loaderror.test.jsx:35:16)
    at NoteEditorPage (C:/Users/Patrick/uct-worktrees/notebook-w10-l13/app/src/pages/journal-2-0/components/notebook/NoteEditorPage.jsx:683:77)
    at Object.react_stack_bottom_frame [90m(C:\Users\Patrick\uct-worktrees\notebook-w10-l13\app\[39mnode_modules\[4mreact-dom[24m\cjs\react-dom-client.development.js:25904:20[90m)[39m
    at renderWithHooks [90m(C:\Users\Patrick\uct-worktrees\notebook-w10-l13\app\[39mnode_modules\[4mreact-dom[24m\cjs\react-dom-client.development.js:7662:22[90m)[39m
    at updateFunctionComponent [90m(C:\Users\Patrick\uct-worktrees\notebook-w10-l13\app\[39mnode_modules\[4mreact-dom[24m\cjs\react-dom-client.development.js:10166:19[90m)[39m
    at beginWork [90m(C:\Users\Patrick\uct-worktrees\notebook-w10-l13\app\[39mnode_modules\[4mreact-dom[24m\cjs\react-dom-client.development.js:11778:18[90m)[39m
    at runWithFiberInDEV [90m(C:\Users\Patrick\uct-worktrees\notebook-w10-l13\app\[39mnode_modules\[4mreact-dom[24m\cjs\react-dom-client.development.js:874:13[90m)[39m
    at performUnitOfWork [90m(C:\Users\Patrick\uct-worktrees\notebook-w10-l13\app\[39mnode_modules\[4mreact-dom[24m\cjs\react-dom-client.development.js:17641:22[90m)[39m
    at workLoopSync [90m(C:\Users\Patrick\uct-worktrees\notebook-w10-l13\app\[39mnode_modules\[4mreact-dom[24m\cjs\react-dom-client.development.js:17469:41[90m)[39m
    at renderRootSync [90m(C:\Users\Patrick\uct-worktrees\notebook-w10-l13\app\[39mnode_modules\[4mreact-dom[24m\cjs\react-dom-client.development.js:17450:11[90m)[39m

[90mstderr[2m | src/pages/journal-2-0/components/notebook/NoteEditorPage.blockquoteAfterList.test.jsx[2m > [22m[2mG-131 (second finding): "❝" after "1. List" -- desktop, reproduces the walk exactly[2m > [22m[2mthe walk's own sequence: caret in a paragraph, click "1. List", then click "❝" -- a real, pre-existing schema refusal, not a regression
[22m[39mAn update to TableToolbar inside a test was not wrapped in act(...).

When testing, code that causes React state updates should be wrapped into act(...):

act(() => {
  /* fire events that update state */
});
/* assert on the output */

This ensures that you're testing the behavior the user would see in the browser. Learn more at https://react.dev/link/wrap-tests-with-act
An update to LinkPasteMenu inside a test was not wrapped in act(...).

When testing, code that causes React state updates should be wrapped into act(...):

act(() => {
  /* fire events that update state */
});
/* assert on the output */

This ensures that you're testing the behavior the user would see in the browser. Learn more at https://react.dev/link/wrap-tests-with-act
An update to NoteEditorPage inside a test was not wrapped in act(...).

When testing, code that causes React state updates should be wrapped into act(...):

act(() => {
  /* fire events that update state */
});
/* assert on the output */

This ensures that you're testing the behavior the user would see in the browser. Learn more at https://react.dev/link/wrap-tests-with-act
An update to NoteEditorPage inside a test was not wrapped in act(...).

When testing, code that causes React state updates should be wrapped into act(...):

act(() => {
  /* fire events that update state */
});
/* assert on the output */

This ensures that you're testing the behavior the user would see in the browser. Learn more at https://react.dev/link/wrap-tests-with-act

[90mstderr[2m | src/pages/journal-2-0/components/notebook/NoteEditorPage.blockquoteAfterList.test.jsx[2m > [22m[2mG-131 (second finding): "❝" after "1. List" -- desktop, reproduces the walk exactly[2m > [22m[2mcontrol: on a plain paragraph (no list) the SAME button is live, pressed state updates, and the doc really does gain a <blockquote>
[22m[39mAn update to TableToolbar inside a test was not wrapped in act(...).

When testing, code that causes React state updates should be wrapped into act(...):

act(() => {
  /* fire events that update state */
});
/* assert on the output */

This ensures that you're testing the behavior the user would see in the browser. Learn more at https://react.dev/link/wrap-tests-with-act
An update to LinkPasteMenu inside a test was not wrapped in act(...).

When testing, code that causes React state updates should be wrapped into act(...):

act(() => {
  /* fire events that update state */
});
/* assert on the output */

This ensures that you're testing the behavior the user would see in the browser. Learn more at https://react.dev/link/wrap-tests-with-act
An update to NoteEditorPage inside a test was not wrapped in act(...).

When testing, code that causes React state updates should be wrapped into act(...):

act(() => {
  /* fire events that update state */
});
/* assert on the output */

This ensures that you're testing the behavior the user would see in the browser. Learn more at https://react.dev/link/wrap-tests-with-act
An update to NoteEditorPage inside a test was not wrapped in act(...).

When testing, code that causes React state updates should be wrapped into act(...):

act(() => {
  /* fire events that update state */
});
/* assert on the output */

This ensures that you're testing the behavior the user would see in the browser. Learn more at https://react.dev/link/wrap-tests-with-act

[90mstderr[2m | src/pages/journal-2-0/tabs/NotebookTab.calendarView.test.jsx[2m > [22m[2mNotebookTab — calendar view wiring[2m > [22m[2moffers a calendar view among the five
[22m[39mAn update to NotebookTab inside a test was not wrapped in act(...).

When testing, code that causes React state updates should be wrapped into act(...):

act(() => {
  /* fire events that update state */
});
/* assert on the output */

This ensures that you're testing the behavior the user would see in the browser. Learn more at https://react.dev/link/wrap-tests-with-act
An update to NotebookTab inside a test was not wrapped in act(...).

When testing, code that causes React state updates should be wrapped into act(...):

act(() => {
  /* fire events that update state */
});
/* assert on the output */

This ensures that you're testing the behavior the user would see in the browser. Learn more at https://react.dev/link/wrap-tests-with-act
An update to NotebookTab inside a test was not wrapped in act(...).

When testing, code that causes React state updates should be wrapped into act(...):

act(() => {
  /* fire events that update state */
});
/* assert on the output */

This ensures that you're testing the behavior the user would see in the browser. Learn more at https://react.dev/link/wrap-tests-with-act
An update to NotebookTab inside a test was not wrapped in act(...).

When testing, code that causes React state updates should be wrapped into act(...):

act(() => {
  /* fire events that update state */
});
/* assert on the output */

This ensures that you're testing the behavior the user would see in the browser. Learn more at https://react.dev/link/wrap-tests-with-act
An update to NotebookTab inside a test was not wrapped in act(...).

When testing, code that causes React state updates should be wrapped into act(...):

act(() => {
  /* fire events that update state */
});
/* assert on the output */

This ensures that you're testing the behavior the user would see in the browser. Learn more at https://react.dev/link/wrap-tests-with-act

[90mstderr[2m | src/pages/journal-2-0/tabs/NotebookTab.calendarView.test.jsx[2m > [22m[2mNotebookTab — calendar view wiring[2m > [22m[2mTRASH never renders the calendar
[22m[39mAn update to NotebookTab inside a test was not wrapped in act(...).

When testing, code that causes React state updates should be wrapped into act(...):

act(() => {
  /* fire events that update state */
});
/* assert on the output */

This ensures that you're testing the behavior the user would see in the browser. Learn more at https://react.dev/link/wrap-tests-with-act
An update to NotebookTab inside a test was not wrapped in act(...).

When testing, code that causes React state updates should be wrapped into act(...):

act(() => {
  /* fire events that update state */
});
/* assert on the output */

This ensures that you're testing the behavior the user would see in the browser. Learn more at https://react.dev/link/wrap-tests-with-act
An update to NotebookTab inside a test was not wrapped in act(...).

When testing, code that causes React state updates should be wrapped into act(...):

act(() => {
  /* fire events that update state */
});
/* assert on the output */

This ensures that you're testing the behavior the user would see in the browser. Learn more at https://react.dev/link/wrap-tests-with-act
An update to NotebookTab inside a test was not wrapped in act(...).

When testing, code that causes React state updates should be wrapped into act(...):

act(() => {
  /* fire events that update state */
});
/* assert on the output */

This ensures that you're testing the behavior the user would see in the browser. Learn more at https://react.dev/link/wrap-tests-with-act
An update to NotebookTab inside a test was not wrapped in act(...).

When testing, code that causes React state updates should be wrapped into act(...):

act(() => {
  /* fire events that update state */
});
/* assert on the output */

This ensures that you're testing the behavior the user would see in the browser. Learn more at https://react.dev/link/wrap-tests-with-act

[90mstderr[2m | src/pages/journal-2-0/JournalLayout.compactHeader.test.jsx[2m > [22m[2mD-1 -- the phone Notebook header folds (rendered)[2m > [22m[2mM-1 -- the open tools fold again when the route changes (and stay folded on return)
[22m[39mAn update to J2PriceProvider inside a test was not wrapped in act(...).

When testing, code that causes React state updates should be wrapped into act(...):

act(() => {
  /* fire events that update state */
});
/* assert on the output */

This ensures that you're testing the behavior the user would see in the browser. Learn more at https://react.dev/link/wrap-tests-with-act

[90mstderr[2m | src/pages/journal-2-0/JournalLayout.compactHeader.test.jsx[2m > [22m[2mD-1 -- the phone Notebook header folds (rendered)[2m > [22m[2mM-1 -- a search-param change on the same route (opening a note) leaves the tools as they are
[22m[39mAn update to J2PriceProvider inside a test was not wrapped in act(...).

When testing, code that causes React state updates should be wrapped into act(...):

act(() => {
  /* fire events that update state */
});
/* assert on the output */

This ensures that you're testing the behavior the user would see in the browser. Learn more at https://react.dev/link/wrap-tests-with-act

[90mstderr[2m | src/pages/journal-2-0/JournalLayout.compactHeader.test.jsx[2m > [22m[2mD-1 -- the phone Notebook header folds (rendered)[2m > [22m[2mon the Notebook the root is marked compact and carries a closed "Journal tools" disclosure
[22m[39mAn update to J2PriceProvider inside a test was not wrapped in act(...).

When testing, code that causes React state updates should be wrapped into act(...):

act(() => {
  /* fire events that update state */
});
/* assert on the output */

This ensures that you're testing the behavior the user would see in the browser. Learn more at https://react.dev/link/wrap-tests-with-act

[90mstderr[2m | src/pages/journal-2-0/JournalLayout.compactHeader.test.jsx[2m > [22m[2mD-1 -- the phone Notebook header folds (rendered)[2m > [22m[2maria-controls names the element that holds ?, account, report, settings and More -- and NOT Log Trade
[22m[39mAn update to J2PriceProvider inside a test was not wrapped in act(...).

When testing, code that causes React state updates should be wrapped into act(...):

act(() => {
  /* fire events that update state */
});
/* assert on the output */

This ensures that you're testing the behavior the user would see in the browser. Learn more at https://react.dev/link/wrap-tests-with-act

[90mstderr[2m | src/pages/journal-2-0/JournalLayout.compactHeader.test.jsx[2m > [22m[2mD-1 -- the phone Notebook header folds (rendered)[2m > [22m[2mtapping the disclosure opens and closes it (aria-expanded and the root marker move together)
[22m[39mAn update to J2PriceProvider inside a test was not wrapped in act(...).

When testing, code that causes React state updates should be wrapped into act(...):

act(() => {
  /* fire events that update state */
});
/* assert on the output */

This ensures that you're testing the behavior the user would see in the browser. Learn more at https://react.dev/link/wrap-tests-with-act

[90mstderr[2m | src/pages/journal-2-0/JournalLayout.compactHeader.test.jsx[2m > [22m[2mD-1 -- the phone Notebook header folds (rendered)[2m > [22m[2mopened, the More menu still works from inside the fold
[22m[39mAn update to J2PriceProvider inside a test was not wrapped in act(...).

When testing, code that causes React state updates should be wrapped into act(...):

act(() => {
  /* fire events that update state */
});
/* assert on the output */

This ensures that you're testing the behavior the user would see in the browser. Learn more at https://react.dev/link/wrap-tests-with-act

[90mstderr[2m | src/pages/journal-2-0/JournalLayout.compactHeader.test.jsx[2m > [22m[2mD-1 -- the phone Notebook header folds (rendered)[2m > [22m[2mthe Log Trade split menu still opens on the folded header
[22m[39mAn update to J2PriceProvider inside a test was not wrapped in act(...).

When testing, code that causes React state updates should be wrapped into act(...):

act(() => {
  /* fire events that update state */
});
/* assert on the output */

This ensures that you're testing the behavior the user would see in the browser. Learn more at https://react.dev/link/wrap-tests-with-act

[90mstderr[2m | src/pages/journal-2-0/JournalLayout.compactHeader.test.jsx[2m > [22m[2mD-1 -- the phone Notebook header folds (rendered)[2m > [22m[2mevery Journal tab stays in the phone strip on the Notebook (none folded away)
[22m[39mAn update to J2PriceProvider inside a test was not wrapped in act(...).

When testing, code that causes React state updates should be wrapped into act(...):

act(() => {
  /* fire events that update state */
});
/* assert on the output */

This ensures that you're testing the behavior the user would see in the browser. Learn more at https://react.dev/link/wrap-tests-with-act

[90mstderr[2m | src/pages/journal-2-0/JournalLayout.compactHeader.test.jsx[2m > [22m[2mD-1 -- the phone Notebook header folds (rendered)[2m > [22m[2m⭐ CONTROL -- off the Notebook there is no fold and no disclosure
[22m[39mAn update to J2PriceProvider inside a test was not wrapped in act(...).

When testing, code that causes React state updates should be wrapped into act(...):

act(() => {
  /* fire events that update state */
});
/* assert on the output */

This ensures that you're testing the behavior the user would see in the browser. Learn more at https://react.dev/link/wrap-tests-with-act

[90mstderr[2m | src/pages/journal-2-0/JournalLayout.compactHeader.test.jsx[2m > [22m[2mM-5 -- one authority for the Notebook route (lib/journalRoutes.js)[2m > [22m[2mthe section nav (desktop rail and phone strip) links to NOTEBOOK_PATH, the route the fold keys on
[22m[39mAn update to J2PriceProvider inside a test was not wrapped in act(...).

When testing, code that causes React state updates should be wrapped into act(...):

act(() => {
  /* fire events that update state */
});
/* assert on the output */

This ensures that you're testing the behavior the user would see in the browser. Learn more at https://react.dev/link/wrap-tests-with-act

[90mstderr[2m | src/pages/journal-2-0/components/notebook/NoteOutline.test.jsx[2m > [22m[2m<NoteOutline> follows every change to the note, and every jump lands somewhere visible[2m > [22m[2mS3: a content swap that emits no update (restore, sync, adoption) redraws the list
[22m[39mlinkifyjs: already initialized - will not register custom scheme "https" until manual call of linkify.init(). Register all schemes and plugins before invoking linkify the first time.

[90mstderr[2m | src/components/chart/SourceField.test.jsx[2m > [22m[2mthe Indicators tab draws the control, not just the descriptor[2m > [22m[2m⭐⭐ a direct series row carries an operable Source control
[22m[39mAn update to ChartSettingsModal inside a test was not wrapped in act(...).

When testing, code that causes React state updates should be wrapped into act(...):

act(() => {
  /* fire events that update state */
});
/* assert on the output */

This ensures that you're testing the behavior the user would see in the browser. Learn more at https://react.dev/link/wrap-tests-with-act

[90mstderr[2m | src/components/chart/SourceField.test.jsx[2m > [22m[2mthe Indicators tab draws the control, not just the descriptor[2m > [22m[2m⭐⭐ a direct series row carries an operable Source control
[22m[39mAn update to ChartSettingsModal inside a test was not wrapped in act(...).

When testing, code that causes React state updates should be wrapped into act(...):

act(() => {
  /* fire events that update state */
});
/* assert on the output */

This ensures that you're testing the behavior the user would see in the browser. Learn more at https://react.dev/link/wrap-tests-with-act

[90mstderr[2m | src/components/chart/SourceField.test.jsx[2m > [22m[2mthe Indicators tab draws the control, not just the descriptor[2m > [22m[2m⭐⭐ THE ROW IS NAMED FROM ITS SOURCE, not "Data Series" four times
[22m[39mAn update to ChartSettingsModal inside a test was not wrapped in act(...).

When testing, code that causes React state updates should be wrapped into act(...):

act(() => {
  /* fire events that update state */
});
/* assert on the output */

This ensures that you're testing the behavior the user would see in the browser. Learn more at https://react.dev/link/wrap-tests-with-act

[90mstderr[2m | src/components/chart/SourceField.test.jsx[2m > [22m[2mthe Indicators tab draws the control, not just the descriptor[2m > [22m[2m⭐⭐ THE ROW IS NAMED FROM ITS SOURCE, not "Data Series" four times
[22m[39mAn update to ChartSettingsModal inside a test was not wrapped in act(...).

When testing, code that causes React state updates should be wrapped into act(...):

act(() => {
  /* fire events that update state */
});
/* assert on the output */

This ensures that you're testing the behavior the user would see in the browser. Learn more at https://react.dev/link/wrap-tests-with-act

[90mstderr[2m | src/components/chart/SourceField.test.jsx[2m > [22m[2mthe Indicators tab draws the control, not just the descriptor[2m > [22m[2m⛔ …and an ORDINARY definition keeps its catalogue noun
[22m[39mAn update to ChartSettingsModal inside a test was not wrapped in act(...).

When testing, code that causes React state updates should be wrapped into act(...):

act(() => {
  /* fire events that update state */
});
/* assert on the output */

This ensures that you're testing the behavior the user would see in the browser. Learn more at https://react.dev/link/wrap-tests-with-act

[90mstderr[2m | src/components/chart/SourceField.test.jsx[2m > [22m[2mthe Indicators tab draws the control, not just the descriptor[2m > [22m[2m⛔ …and an ORDINARY definition keeps its catalogue noun
[22m[39mAn update to ChartSettingsModal inside a test was not wrapped in act(...).

When testing, code that causes React state updates should be wrapped into act(...):

act(() => {
  /* fire events that update state */
});
/* assert on the output */

This ensures that you're testing the behavior the user would see in the browser. Learn more at https://react.dev/link/wrap-tests-with-act

[90mstderr[2m | src/components/chart/SourceField.test.jsx[2m > [22m[2mthe Indicators tab draws the control, not just the descriptor[2m > [22m[2m⛔ …and the control the tab drew writes through the row patch
[22m[39mAn update to ChartSettingsModal inside a test was not wrapped in act(...).

When testing, code that causes React state updates should be wrapped into act(...):

act(() => {
  /* fire events that update state */
});
/* assert on the output */

This ensures that you're testing the behavior the user would see in the browser. Learn more at https://react.dev/link/wrap-tests-with-act

[90mstderr[2m | src/components/chart/SourceField.test.jsx[2m > [22m[2mthe Indicators tab draws the control, not just the descriptor[2m > [22m[2m⛔ …and the control the tab drew writes through the row patch
[22m[39mAn update to ChartSettingsModal inside a test was not wrapped in act(...).

When testing, code that causes React state updates should be wrapped into act(...):

act(() => {
  /* fire events that update state */
});
/* assert on the output */

This ensures that you're testing the behavior the user would see in the browser. Learn more at https://react.dev/link/wrap-tests-with-act

[90mstderr[2m | src/components/Layout.skipLink.test.jsx[2m > [22m[2mthe app shell skip link (A2R-01)[2m > [22m[2mis the first focusable element in the shell, before the nav
[22m[39mAn update to AuthProvider inside a test was not wrapped in act(...).

When testing, code that causes React state updates should be wrapped into act(...):

act(() => {
  /* fire events that update state */
});
/* assert on the output */

This ensures that you're testing the behavior the user would see in the browser. Learn more at https://react.dev/link/wrap-tests-with-act
An update to AuthProvider inside a test was not wrapped in act(...).

When testing, code that causes React state updates should be wrapped into act(...):

act(() => {
  /* fire events that update state */
});
/* assert on the output */

This ensures that you're testing the behavior the user would see in the browser. Learn more at https://react.dev/link/wrap-tests-with-act
An update to AlertBell inside a test was not wrapped in act(...).

When testing, code that causes React state updates should be wrapped into act(...):

act(() => {
  /* fire events that update state */
});
/* assert on the output */

This ensures that you're testing the behavior the user would see in the browser. Learn more at https://react.dev/link/wrap-tests-with-act
An update to HubRoot inside a test was not wrapped in act(...).

When testing, code that causes React state updates should be wrapped into act(...):

act(() => {
  /* fire events that update state */
});
/* assert on the output */

This ensures that you're testing the behavior the user would see in the browser. Learn more at https://react.dev/link/wrap-tests-with-act
An update to HubProvider inside a test was not wrapped in act(...).

When testing, code that causes React state updates should be wrapped into act(...):

act(() => {
  /* fire events that update state */
});
/* assert on the output */

This ensures that you're testing the behavior the user would see in the browser. Learn more at https://react.dev/link/wrap-tests-with-act
An update to Layout inside a test was not wrapped in act(...).

When testing, code that causes React state updates should be wrapped into act(...):

act(() => {
  /* fire events that update state */
});
/* assert on the output */

This ensures that you're testing the behavior the user would see in the browser. Learn more at https://react.dev/link/wrap-tests-with-act
An update to Layout inside a test was not wrapped in act(...).

When testing, code that causes React state updates should be wrapped into act(...):

act(() => {
  /* fire events that update state */
});
/* assert on the output */

This ensures that you're testing the behavior the user would see in the browser. Learn more at https://react.dev/link/wrap-tests-with-act

[90mstderr[2m | src/pages/journal-2-0/tabs/NotebookTab.timeline.test.jsx[2m > [22m[2mthe Timeline view mode[2m > [22m[2msaves WITH the settings the timeline reports
[22m[39mAn update to NotebookTab inside a test was not wrapped in act(...).

When testing, code that causes React state updates should be wrapped into act(...):

act(() => {
  /* fire events that update state */
});
/* assert on the output */

This ensures that you're testing the behavior the user would see in the browser. Learn more at https://react.dev/link/wrap-tests-with-act

[90mstderr[2m | src/hub/hubWiring.test.jsx[2m > [22m[2mLayout — orb/feedback-FAB mount gate (spec exception a)[2m > [22m[2mhub disabled (default jsdom: no CSS.supports/visualViewport): FeedbackWidget renders, the hub does not
[22m[39mAn update to AuthProvider inside a test was not wrapped in act(...).

When testing, code that causes React state updates should be wrapped into act(...):

act(() => {
  /* fire events that update state */
});
/* assert on the output */

This ensures that you're testing the behavior the user would see in the browser. Learn more at https://react.dev/link/wrap-tests-with-act
An update to AuthProvider inside a test was not wrapped in act(...).

When testing, code that causes React state updates should be wrapped into act(...):

act(() => {
  /* fire events that update state */
});
/* assert on the output */

This ensures that you're testing the behavior the user would see in the browser. Learn more at https://react.dev/link/wrap-tests-with-act

[90mstderr[2m | src/hub/hubWiring.test.jsx[2m > [22m[2mLayout — orb/feedback-FAB mount gate (spec exception a)[2m > [22m[2mhub enabled on a touch viewport: FeedbackWidget does NOT render, the hub does
[22m[39mAn update to AuthProvider inside a test was not wrapped in act(...).

When testing, code that causes React state updates should be wrapped into act(...):

act(() => {
  /* fire events that update state */
});
/* assert on the output */

This ensures that you're testing the behavior the user would see in the browser. Learn more at https://react.dev/link/wrap-tests-with-act
An update to AuthProvider inside a test was not wrapped in act(...).

When testing, code that causes React state updates should be wrapped into act(...):

act(() => {
  /* fire events that update state */
});
/* assert on the output */

This ensures that you're testing the behavior the user would see in the browser. Learn more at https://react.dev/link/wrap-tests-with-act

[90mstderr[2m | src/pages/calendar/Calendar.earningsRoute.test.jsx[2m > [22m[2mCalendar × earnings modal route[2m > [22m[2mGATE C3: a crashed boundary recovers when the user opens a DIFFERENT symbol
[22m[39mError: synthetic crash for GATE C3
    at default (C:/Users/Patrick/uct-worktrees/notebook-w10-l13/app/src/pages/calendar/Calendar.earningsRoute.test.jsx:31:37)
    at Object.react_stack_bottom_frame [90m(C:\Users\Patrick\uct-worktrees\notebook-w10-l13\app\[39mnode_modules\[4mreact-dom[24m\cjs\react-dom-client.development.js:25904:20[90m)[39m
    at renderWithHooks [90m(C:\Users\Patrick\uct-worktrees\notebook-w10-l13\app\[39mnode_modules\[4mreact-dom[24m\cjs\react-dom-client.development.js:7662:22[90m)[39m
    at updateFunctionComponent [90m(C:\Users\Patrick\uct-worktrees\notebook-w10-l13\app\[39mnode_modules\[4mreact-dom[24m\cjs\react-dom-client.development.js:10166:19[90m)[39m
    at beginWork [90m(C:\Users\Patrick\uct-worktrees\notebook-w10-l13\app\[39mnode_modules\[4mreact-dom[24m\cjs\react-dom-client.development.js:11778:18[90m)[39m
    at runWithFiberInDEV [90m(C:\Users\Patrick\uct-worktrees\notebook-w10-l13\app\[39mnode_modules\[4mreact-dom[24m\cjs\react-dom-client.development.js:874:13[90m)[39m
    at performUnitOfWork [90m(C:\Users\Patrick\uct-worktrees\notebook-w10-l13\app\[39mnode_modules\[4mreact-dom[24m\cjs\react-dom-client.development.js:17641:22[90m)[39m
    at workLoopSync [90m(C:\Users\Patrick\uct-worktrees\notebook-w10-l13\app\[39mnode_modules\[4mreact-dom[24m\cjs\react-dom-client.development.js:17469:41[90m)[39m
    at renderRootSync [90m(C:\Users\Patrick\uct-worktrees\notebook-w10-l13\app\[39mnode_modules\[4mreact-dom[24m\cjs\react-dom-client.development.js:17450:11[90m)[39m
    at performWorkOnRoot [90m(C:\Users\Patrick\uct-worktrees\notebook-w10-l13\app\[39mnode_modules\[4mreact-dom[24m\cjs\react-dom-client.development.js:16583:35[90m)[39m {
  [stack]: [36m[Getter/Setter][39m,
  [message]: [32m'synthetic crash for GATE C3'[39m
}

The above error occurred in the <default> component.

React will try to recreate this component tree from scratch using the error boundary you provided, ErrorBoundary.

[ErrorBoundary] Error: synthetic crash for GATE C3
    at default (C:/Users/Patrick/uct-worktrees/notebook-w10-l13/app/src/pages/calendar/Calendar.earningsRoute.test.jsx:31:37)
    at Object.react_stack_bottom_frame [90m(C:\Users\Patrick\uct-worktrees\notebook-w10-l13\app\[39mnode_modules\[4mreact-dom[24m\cjs\react-dom-client.development.js:25904:20[90m)[39m
    at renderWithHooks [90m(C:\Users\Patrick\uct-worktrees\notebook-w10-l13\app\[39mnode_modules\[4mreact-dom[24m\cjs\react-dom-client.development.js:7662:22[90m)[39m
    at updateFunctionComponent [90m(C:\Users\Patrick\uct-worktrees\notebook-w10-l13\app\[39mnode_modules\[4mreact-dom[24m\cjs\react-dom-client.development.js:10166:19[90m)[39m
    at beginWork [90m(C:\Users\Patrick\uct-worktrees\notebook-w10-l13\app\[39mnode_modules\[4mreact-dom[24m\cjs\react-dom-client.development.js:11778:18[90m)[39m
    at runWithFiberInDEV [90m(C:\Users\Patrick\uct-worktrees\notebook-w10-l13\app\[39mnode_modules\[4mreact-dom[24m\cjs\react-dom-client.development.js:874:13[90m)[39m
    at performUnitOfWork [90m(C:\Users\Patrick\uct-worktrees\notebook-w10-l13\app\[39mnode_modules\[4mreact-dom[24m\cjs\react-dom-client.development.js:17641:22[90m)[39m
    at workLoopSync [90m(C:\Users\Patrick\uct-worktrees\notebook-w10-l13\app\[39mnode_modules\[4mreact-dom[24m\cjs\react-dom-client.development.js:17469:41[90m)[39m
    at renderRootSync [90m(C:\Users\Patrick\uct-worktrees\notebook-w10-l13\app\[39mnode_modules\[4mreact-dom[24m\cjs\react-dom-client.development.js:17450:11[90m)[39m
    at performWorkOnRoot [90m(C:\Users\Patrick\uct-worktrees\notebook-w10-l13\app\[39mnode_modules\[4mreact-dom[24m\cjs\react-dom-client.development.js:16583:35[90m)[39m 
    at default (C:/Users/Patrick/uct-worktrees/notebook-w10-l13/app/src/pages/calendar/Calendar.earningsRoute.test.jsx:3:15)
    at ErrorBoundary (C:/Users/Patrick/uct-worktrees/notebook-w10-l13/app/src/components/ErrorBoundary.jsx:11:5)
    at div (<anonymous>)
    at Calendar (C:/Users/Patrick/uct-worktrees/notebook-w10-l13/app/src/pages/Calendar.jsx:69:84)
    at RenderedRoute (file:///C:/Users/Patrick/uct-worktrees/notebook-w10-l13/app/node_modules/react-router/dist/development/chunk-JZWAC4HX.mjs:5853:26)
    at Routes (file:///C:/Users/Patrick/uct-worktrees/notebook-w10-l13/app/node_modules/react-router/dist/development/chunk-JZWAC4HX.mjs:6653:3)
    at Router (file:///C:/Users/Patrick/uct-worktrees/notebook-w10-l13/app/node_modules/react-router/dist/development/chunk-JZWAC4HX.mjs:6594:13)
    at HistoryRouter (file:///C:/Users/Patrick/uct-worktrees/notebook-w10-l13/app/node_modules/react-router/dist/development/chunk-JZWAC4HX.mjs:9906:3)

[90mstderr[2m | src/pages/journal-2-0/components/notebook/ThesisReviewSection.test.jsx[2m > [22m[2m⛔ completing a review with a next date lands the note revision[2m > [22m[2m⛔ CONTROL — with NO next date there is no note write, so nothing is settled
[22m[39mAn update to ThesisReviewSection inside a test was not wrapped in act(...).

When testing, code that causes React state updates should be wrapped into act(...):

act(() => {
  /* fire events that update state */
});
/* assert on the output */

This ensures that you're testing the behavior the user would see in the browser. Learn more at https://react.dev/link/wrap-tests-with-act
An update to ThesisReviewSection inside a test was not wrapped in act(...).

When testing, code that causes React state updates should be wrapped into act(...):

act(() => {
  /* fire events that update state */
});
/* assert on the output */

This ensures that you're testing the behavior the user would see in the browser. Learn more at https://react.dev/link/wrap-tests-with-act
An update to ThesisReviewSection inside a test was not wrapped in act(...).

When testing, code that causes React state updates should be wrapped into act(...):

act(() => {
  /* fire events that update state */
});
/* assert on the output */

This ensures that you're testing the behavior the user would see in the browser. Learn more at https://react.dev/link/wrap-tests-with-act
An update to ThesisReviewSection inside a test was not wrapped in act(...).

When testing, code that causes React state updates should be wrapped into act(...):

act(() => {
  /* fire events that update state */
});
/* assert on the output */

This ensures that you're testing the behavior the user would see in the browser. Learn more at https://react.dev/link/wrap-tests-with-act

[90mstderr[2m | src/pages/journal-2-0/surfaces/TodaySurface.test.jsx[2m > [22m[2mTodaySurface — session leads (concrete account with data)[2m > [22m[2mmarket (broker account) → the BrokerAccountHero lead renders
[22m[39mAn update to SyncFreshnessChip inside a test was not wrapped in act(...).

When testing, code that causes React state updates should be wrapped into act(...):

act(() => {
  /* fire events that update state */
});
/* assert on the output */

This ensures that you're testing the behavior the user would see in the browser. Learn more at https://react.dev/link/wrap-tests-with-act

[90mstderr[2m | src/pages/journal-2-0/surfaces/TodaySurface.test.jsx[2m > [22m[2mTodaySurface — I1 cold-cache loading gate[2m > [22m[2monce settled with data, renders the real lead (no skeleton)
[22m[39mAn update to SyncFreshnessChip inside a test was not wrapped in act(...).

When testing, code that causes React state updates should be wrapped into act(...):

act(() => {
  /* fire events that update state */
});
/* assert on the output */

This ensures that you're testing the behavior the user would see in the browser. Learn more at https://react.dev/link/wrap-tests-with-act

[90mstderr[2m | src/pages/journal-2-0/surfaces/TodaySurface.test.jsx[2m > [22m[2mTodaySurface — First Edge Report lead (P0 First-Insight)[2m > [22m[2mdoes NOT show the report when the trigger is off (the normal lead renders)
[22m[39mAn update to SyncFreshnessChip inside a test was not wrapped in act(...).

When testing, code that causes React state updates should be wrapped into act(...):

act(() => {
  /* fire events that update state */
});
/* assert on the output */

This ensures that you're testing the behavior the user would see in the browser. Learn more at https://react.dev/link/wrap-tests-with-act

[90mstderr[2m | src/pages/journal-2-0/lib/noteContentGuard.test.jsx[2m > [22m[2mthe guard itself[2m > [22m[2man unknown node type LOCKS the editor, without emitting the update that is every autosave
[22m[39m[tiptap warn]: Invalid content. Passed value: {
  type: [32m'doc'[39m,
  content: [
    { type: [32m'paragraph'[39m, content: [36m[Array][39m },
    { type: [32m'waveSixDiagram'[39m }
  ]
} Error: RangeError: Unknown node type: waveSixDiagram
    at Schema.nodeType [90m(file:///C:/Users/Patrick/uct-worktrees/notebook-w10-l13/app/[39mnode_modules/[4mprosemirror-model[24m/dist/index.js:2490:19[90m)[39m
    at Node.fromJSON [90m(file:///C:/Users/Patrick/uct-worktrees/notebook-w10-l13/app/[39mnode_modules/[4mprosemirror-model[24m/dist/index.js:1530:27[90m)[39m
    at Schema.nodeFromJSON [90m(file:///C:/Users/Patrick/uct-worktrees/notebook-w10-l13/app/[39mnode_modules/[4mprosemirror-model[24m/dist/index.js:2448:42[90m)[39m
    at Array.map (<anonymous>)
    at Fragment.fromJSON [90m(file:///C:/Users/Patrick/uct-worktrees/notebook-w10-l13/app/[39mnode_modules/[4mprosemirror-model[24m/dist/index.js:314:41[90m)[39m
    at Node.fromJSON [90m(file:///C:/Users/Patrick/uct-worktrees/notebook-w10-l13/app/[39mnode_modules/[4mprosemirror-model[24m/dist/index.js:1529:32[90m)[39m
    at Schema.nodeFromJSON [90m(file:///C:/Users/Patrick/uct-worktrees/notebook-w10-l13/app/[39mnode_modules/[4mprosemirror-model[24m/dist/index.js:2448:42[90m)[39m
    at createNodeFromContent [90m(file:///C:/Users/Patrick/uct-worktrees/notebook-w10-l13/app/[39mnode_modules/[4m@tiptap/core[24m/dist/index.js:664:27[90m)[39m
    at createDocument [90m(file:///C:/Users/Patrick/uct-worktrees/notebook-w10-l13/app/[39mnode_modules/[4m@tiptap/core[24m/dist/index.js:1173:10[90m)[39m
    at Editor.createDoc [90m(file:///C:/Users/Patrick/uct-worktrees/notebook-w10-l13/app/[39mnode_modules/[4m@tiptap/core[24m/dist/index.js:5100:13[90m)[39m

[90mstderr[2m | src/pages/journal-2-0/lib/noteContentGuard.test.jsx[2m > [22m[2mthe guard itself[2m > [22m[2man unknown mark type LOCKS the editor, without emitting the update that is every autosave
[22m[39m[tiptap warn]: Invalid content. Passed value: { type: [32m'doc'[39m, content: [ { type: [32m'paragraph'[39m, content: [36m[Array][39m } ] } Error: RangeError: There is no mark type waveSixUnderwave in this schema
    at Mark.fromJSON [90m(file:///C:/Users/Patrick/uct-worktrees/notebook-w10-l13/app/[39mnode_modules/[4mprosemirror-model[24m/dist/index.js:505:19[90m)[39m
    at Schema.markFromJSON [90m(file:///C:/Users/Patrick/uct-worktrees/notebook-w10-l13/app/[39mnode_modules/[4mprosemirror-model[24m/dist/index.js:2449:42[90m)[39m
    at Array.map (<anonymous>)
    at Node.fromJSON [90m(file:///C:/Users/Patrick/uct-worktrees/notebook-w10-l13/app/[39mnode_modules/[4mprosemirror-model[24m/dist/index.js:1522:32[90m)[39m
    at Schema.nodeFromJSON [90m(file:///C:/Users/Patrick/uct-worktrees/notebook-w10-l13/app/[39mnode_modules/[4mprosemirror-model[24m/dist/index.js:2448:42[90m)[39m
    at Array.map (<anonymous>)
    at Fragment.fromJSON [90m(file:///C:/Users/Patrick/uct-worktrees/notebook-w10-l13/app/[39mnode_modules/[4mprosemirror-model[24m/dist/index.js:314:41[90m)[39m
    at Node.fromJSON [90m(file:///C:/Users/Patrick/uct-worktrees/notebook-w10-l13/app/[39mnode_modules/[4mprosemirror-model[24m/dist/index.js:1529:32[90m)[39m
    at Schema.nodeFromJSON [90m(file:///C:/Users/Patrick/uct-worktrees/notebook-w10-l13/app/[39mnode_modules/[4mprosemirror-model[24m/dist/index.js:2448:42[90m)[39m
    at Array.map (<anonymous>)

[90mstderr[2m | src/pages/journal-2-0/lib/noteContentGuard.test.jsx[2m > [22m[2mthe Model Book entry editor (UpbRichEditor)[2m > [22m[2man unknown node: locked, said in words, and NOT saved on open
[22m[39m[tiptap warn]: Invalid content. Passed value: {
  type: [32m'doc'[39m,
  content: [
    { type: [32m'paragraph'[39m, content: [36m[Array][39m },
    { type: [32m'waveSixDiagram'[39m }
  ]
} Error: RangeError: Unknown node type: waveSixDiagram
    at Schema.nodeType [90m(file:///C:/Users/Patrick/uct-worktrees/notebook-w10-l13/app/[39mnode_modules/[4mprosemirror-model[24m/dist/index.js:2490:19[90m)[39m
    at Node.fromJSON [90m(file:///C:/Users/Patrick/uct-worktrees/notebook-w10-l13/app/[39mnode_modules/[4mprosemirror-model[24m/dist/index.js:1530:27[90m)[39m
    at Schema.nodeFromJSON [90m(file:///C:/Users/Patrick/uct-worktrees/notebook-w10-l13/app/[39mnode_modules/[4mprosemirror-model[24m/dist/index.js:2448:42[90m)[39m
    at Array.map (<anonymous>)
    at Fragment.fromJSON [90m(file:///C:/Users/Patrick/uct-worktrees/notebook-w10-l13/app/[39mnode_modules/[4mprosemirror-model[24m/dist/index.js:314:41[90m)[39m
    at Node.fromJSON [90m(file:///C:/Users/Patrick/uct-worktrees/notebook-w10-l13/app/[39mnode_modules/[4mprosemirror-model[24m/dist/index.js:1529:32[90m)[39m
    at Schema.nodeFromJSON [90m(file:///C:/Users/Patrick/uct-worktrees/notebook-w10-l13/app/[39mnode_modules/[4mprosemirror-model[24m/dist/index.js:2448:42[90m)[39m
    at createNodeFromContent [90m(file:///C:/Users/Patrick/uct-worktrees/notebook-w10-l13/app/[39mnode_modules/[4m@tiptap/core[24m/dist/index.js:664:27[90m)[39m
    at createDocument [90m(file:///C:/Users/Patrick/uct-worktrees/notebook-w10-l13/app/[39mnode_modules/[4m@tiptap/core[24m/dist/index.js:1173:10[90m)[39m
    at Editor.createDoc [90m(file:///C:/Users/Patrick/uct-worktrees/notebook-w10-l13/app/[39mnode_modules/[4m@tiptap/core[24m/dist/index.js:5100:13[90m)[39m

[90mstderr[2m | src/pages/journal-2-0/lib/noteContentGuard.test.jsx[2m > [22m[2mthe Model Book entry editor (UpbRichEditor)[2m > [22m[2man unknown mark: locked, said in words, and NOT saved on open
[22m[39m[tiptap warn]: Invalid content. Passed value: { type: [32m'doc'[39m, content: [ { type: [32m'paragraph'[39m, content: [36m[Array][39m } ] } Error: RangeError: There is no mark type waveSixUnderwave in this schema
    at Mark.fromJSON [90m(file:///C:/Users/Patrick/uct-worktrees/notebook-w10-l13/app/[39mnode_modules/[4mprosemirror-model[24m/dist/index.js:505:19[90m)[39m
    at Schema.markFromJSON [90m(file:///C:/Users/Patrick/uct-worktrees/notebook-w10-l13/app/[39mnode_modules/[4mprosemirror-model[24m/dist/index.js:2449:42[90m)[39m
    at Array.map (<anonymous>)
    at Node.fromJSON [90m(file:///C:/Users/Patrick/uct-worktrees/notebook-w10-l13/app/[39mnode_modules/[4mprosemirror-model[24m/dist/index.js:1522:32[90m)[39m
    at Schema.nodeFromJSON [90m(file:///C:/Users/Patrick/uct-worktrees/notebook-w10-l13/app/[39mnode_modules/[4mprosemirror-model[24m/dist/index.js:2448:42[90m)[39m
    at Array.map (<anonymous>)
    at Fragment.fromJSON [90m(file:///C:/Users/Patrick/uct-worktrees/notebook-w10-l13/app/[39mnode_modules/[4mprosemirror-model[24m/dist/index.js:314:41[90m)[39m
    at Node.fromJSON [90m(file:///C:/Users/Patrick/uct-worktrees/notebook-w10-l13/app/[39mnode_modules/[4mprosemirror-model[24m/dist/index.js:1529:32[90m)[39m
    at Schema.nodeFromJSON [90m(file:///C:/Users/Patrick/uct-worktrees/notebook-w10-l13/app/[39mnode_modules/[4mprosemirror-model[24m/dist/index.js:2448:42[90m)[39m
    at Array.map (<anonymous>)

[90mstderr[2m | src/pages/journal-2-0/lib/noteContentGuard.test.jsx[2m > [22m[2mthe Model Book entry editor (UpbRichEditor)[2m > [22m[2ma save pending when the editor switches to an unreadable entry never writes the empty stand-in
[22m[39m[tiptap warn]: Invalid content. Passed value: {
  type: [32m'doc'[39m,
  content: [
    { type: [32m'paragraph'[39m, content: [36m[Array][39m },
    { type: [32m'waveSixDiagram'[39m }
  ]
} Error: RangeError: Unknown node type: waveSixDiagram
    at Schema.nodeType [90m(file:///C:/Users/Patrick/uct-worktrees/notebook-w10-l13/app/[39mnode_modules/[4mprosemirror-model[24m/dist/index.js:2490:19[90m)[39m
    at Node.fromJSON [90m(file:///C:/Users/Patrick/uct-worktrees/notebook-w10-l13/app/[39mnode_modules/[4mprosemirror-model[24m/dist/index.js:1530:27[90m)[39m
    at Schema.nodeFromJSON [90m(file:///C:/Users/Patrick/uct-worktrees/notebook-w10-l13/app/[39mnode_modules/[4mprosemirror-model[24m/dist/index.js:2448:42[90m)[39m
    at Array.map (<anonymous>)
    at Fragment.fromJSON [90m(file:///C:/Users/Patrick/uct-worktrees/notebook-w10-l13/app/[39mnode_modules/[4mprosemirror-model[24m/dist/index.js:314:41[90m)[39m
    at Node.fromJSON [90m(file:///C:/Users/Patrick/uct-worktrees/notebook-w10-l13/app/[39mnode_modules/[4mprosemirror-model[24m/dist/index.js:1529:32[90m)[39m
    at Schema.nodeFromJSON [90m(file:///C:/Users/Patrick/uct-worktrees/notebook-w10-l13/app/[39mnode_modules/[4mprosemirror-model[24m/dist/index.js:2448:42[90m)[39m
    at createNodeFromContent [90m(file:///C:/Users/Patrick/uct-worktrees/notebook-w10-l13/app/[39mnode_modules/[4m@tiptap/core[24m/dist/index.js:664:27[90m)[39m
    at createDocument [90m(file:///C:/Users/Patrick/uct-worktrees/notebook-w10-l13/app/[39mnode_modules/[4m@tiptap/core[24m/dist/index.js:1173:10[90m)[39m
    at Editor.createDoc [90m(file:///C:/Users/Patrick/uct-worktrees/notebook-w10-l13/app/[39mnode_modules/[4m@tiptap/core[24m/dist/index.js:5100:13[90m)[39m

[90mstderr[2m | src/pages/journal-2-0/lib/noteContentGuard.test.jsx[2m > [22m[2mthe /charts Notebook widget[2m > [22m[2man unknown node: locked, said in words, and nothing written
[22m[39m[tiptap warn]: Invalid content. Passed value: {
  type: [32m'doc'[39m,
  content: [
    { type: [32m'paragraph'[39m, content: [36m[Array][39m },
    { type: [32m'waveSixDiagram'[39m }
  ]
} Error: RangeError: Unknown node type: waveSixDiagram
    at Schema.nodeType [90m(file:///C:/Users/Patrick/uct-worktrees/notebook-w10-l13/app/[39mnode_modules/[4mprosemirror-model[24m/dist/index.js:2490:19[90m)[39m
    at Node.fromJSON [90m(file:///C:/Users/Patrick/uct-worktrees/notebook-w10-l13/app/[39mnode_modules/[4mprosemirror-model[24m/dist/index.js:1530:27[90m)[39m
    at Schema.nodeFromJSON [90m(file:///C:/Users/Patrick/uct-worktrees/notebook-w10-l13/app/[39mnode_modules/[4mprosemirror-model[24m/dist/index.js:2448:42[90m)[39m
    at Array.map (<anonymous>)
    at Fragment.fromJSON [90m(file:///C:/Users/Patrick/uct-worktrees/notebook-w10-l13/app/[39mnode_modules/[4mprosemirror-model[24m/dist/index.js:314:41[90m)[39m
    at Node.fromJSON [90m(file:///C:/Users/Patrick/uct-worktrees/notebook-w10-l13/app/[39mnode_modules/[4mprosemirror-model[24m/dist/index.js:1529:32[90m)[39m
    at Schema.nodeFromJSON [90m(file:///C:/Users/Patrick/uct-worktrees/notebook-w10-l13/app/[39mnode_modules/[4mprosemirror-model[24m/dist/index.js:2448:42[90m)[39m
    at createNodeFromContent [90m(file:///C:/Users/Patrick/uct-worktrees/notebook-w10-l13/app/[39mnode_modules/[4m@tiptap/core[24m/dist/index.js:664:27[90m)[39m
    at createDocument [90m(file:///C:/Users/Patrick/uct-worktrees/notebook-w10-l13/app/[39mnode_modules/[4m@tiptap/core[24m/dist/index.js:1173:10[90m)[39m
    at Editor.createDoc [90m(file:///C:/Users/Patrick/uct-worktrees/notebook-w10-l13/app/[39mnode_modules/[4m@tiptap/core[24m/dist/index.js:5100:13[90m)[39m

[90mstderr[2m | src/pages/journal-2-0/lib/noteContentGuard.test.jsx[2m > [22m[2mthe /charts Notebook widget[2m > [22m[2man unknown mark: locked, said in words, and nothing written
[22m[39m[tiptap warn]: Invalid content. Passed value: { type: [32m'doc'[39m, content: [ { type: [32m'paragraph'[39m, content: [36m[Array][39m } ] } Error: RangeError: There is no mark type waveSixUnderwave in this schema
    at Mark.fromJSON [90m(file:///C:/Users/Patrick/uct-worktrees/notebook-w10-l13/app/[39mnode_modules/[4mprosemirror-model[24m/dist/index.js:505:19[90m)[39m
    at Schema.markFromJSON [90m(file:///C:/Users/Patrick/uct-worktrees/notebook-w10-l13/app/[39mnode_modules/[4mprosemirror-model[24m/dist/index.js:2449:42[90m)[39m
    at Array.map (<anonymous>)
    at Node.fromJSON [90m(file:///C:/Users/Patrick/uct-worktrees/notebook-w10-l13/app/[39mnode_modules/[4mprosemirror-model[24m/dist/index.js:1522:32[90m)[39m
    at Schema.nodeFromJSON [90m(file:///C:/Users/Patrick/uct-worktrees/notebook-w10-l13/app/[39mnode_modules/[4mprosemirror-model[24m/dist/index.js:2448:42[90m)[39m
    at Array.map (<anonymous>)
    at Fragment.fromJSON [90m(file:///C:/Users/Patrick/uct-worktrees/notebook-w10-l13/app/[39mnode_modules/[4mprosemirror-model[24m/dist/index.js:314:41[90m)[39m
    at Node.fromJSON [90m(file:///C:/Users/Patrick/uct-worktrees/notebook-w10-l13/app/[39mnode_modules/[4mprosemirror-model[24m/dist/index.js:1529:32[90m)[39m
    at Schema.nodeFromJSON [90m(file:///C:/Users/Patrick/uct-worktrees/notebook-w10-l13/app/[39mnode_modules/[4mprosemirror-model[24m/dist/index.js:2448:42[90m)[39m
    at Array.map (<anonymous>)

[90mstderr[2m | src/pages/journal-2-0/lib/noteContentGuard.test.jsx[2m > [22m[2mthe read-only surfaces say so instead of rendering an empty note[2m > [22m[2mVersion History preview
[22m[39m[tiptap warn]: Invalid content. Passed value: {
  type: [32m'doc'[39m,
  content: [
    { type: [32m'paragraph'[39m, content: [36m[Array][39m },
    { type: [32m'waveSixDiagram'[39m }
  ]
} Error: RangeError: Unknown node type: waveSixDiagram
    at Schema.nodeType [90m(file:///C:/Users/Patrick/uct-worktrees/notebook-w10-l13/app/[39mnode_modules/[4mprosemirror-model[24m/dist/index.js:2490:19[90m)[39m
    at Node.fromJSON [90m(file:///C:/Users/Patrick/uct-worktrees/notebook-w10-l13/app/[39mnode_modules/[4mprosemirror-model[24m/dist/index.js:1530:27[90m)[39m
    at Schema.nodeFromJSON [90m(file:///C:/Users/Patrick/uct-worktrees/notebook-w10-l13/app/[39mnode_modules/[4mprosemirror-model[24m/dist/index.js:2448:42[90m)[39m
    at Array.map (<anonymous>)
    at Fragment.fromJSON [90m(file:///C:/Users/Patrick/uct-worktrees/notebook-w10-l13/app/[39mnode_modules/[4mprosemirror-model[24m/dist/index.js:314:41[90m)[39m
    at Node.fromJSON [90m(file:///C:/Users/Patrick/uct-worktrees/notebook-w10-l13/app/[39mnode_modules/[4mprosemirror-model[24m/dist/index.js:1529:32[90m)[39m
    at Schema.nodeFromJSON [90m(file:///C:/Users/Patrick/uct-worktrees/notebook-w10-l13/app/[39mnode_modules/[4mprosemirror-model[24m/dist/index.js:2448:42[90m)[39m
    at createNodeFromContent [90m(file:///C:/Users/Patrick/uct-worktrees/notebook-w10-l13/app/[39mnode_modules/[4m@tiptap/core[24m/dist/index.js:664:27[90m)[39m
    at createDocument [90m(file:///C:/Users/Patrick/uct-worktrees/notebook-w10-l13/app/[39mnode_modules/[4m@tiptap/core[24m/dist/index.js:1173:10[90m)[39m
    at Editor.createDoc [90m(file:///C:/Users/Patrick/uct-worktrees/notebook-w10-l13/app/[39mnode_modules/[4m@tiptap/core[24m/dist/index.js:5100:13[90m)[39m

[90mstderr[2m | src/pages/journal-2-0/lib/noteContentGuard.test.jsx[2m > [22m[2mthe read-only surfaces say so instead of rendering an empty note[2m > [22m[2mthe public shared-note page
[22m[39m[tiptap warn]: Invalid content. Passed value: { type: [32m'doc'[39m, content: [ { type: [32m'paragraph'[39m, content: [36m[Array][39m } ] } Error: RangeError: There is no mark type waveSixUnderwave in this schema
    at Mark.fromJSON [90m(file:///C:/Users/Patrick/uct-worktrees/notebook-w10-l13/app/[39mnode_modules/[4mprosemirror-model[24m/dist/index.js:505:19[90m)[39m
    at Schema.markFromJSON [90m(file:///C:/Users/Patrick/uct-worktrees/notebook-w10-l13/app/[39mnode_modules/[4mprosemirror-model[24m/dist/index.js:2449:42[90m)[39m
    at Array.map (<anonymous>)
    at Node.fromJSON [90m(file:///C:/Users/Patrick/uct-worktrees/notebook-w10-l13/app/[39mnode_modules/[4mprosemirror-model[24m/dist/index.js:1522:32[90m)[39m
    at Schema.nodeFromJSON [90m(file:///C:/Users/Patrick/uct-worktrees/notebook-w10-l13/app/[39mnode_modules/[4mprosemirror-model[24m/dist/index.js:2448:42[90m)[39m
    at Array.map (<anonymous>)
    at Fragment.fromJSON [90m(file:///C:/Users/Patrick/uct-worktrees/notebook-w10-l13/app/[39mnode_modules/[4mprosemirror-model[24m/dist/index.js:314:41[90m)[39m
    at Node.fromJSON [90m(file:///C:/Users/Patrick/uct-worktrees/notebook-w10-l13/app/[39mnode_modules/[4mprosemirror-model[24m/dist/index.js:1529:32[90m)[39m
    at Schema.nodeFromJSON [90m(file:///C:/Users/Patrick/uct-worktrees/notebook-w10-l13/app/[39mnode_modules/[4mprosemirror-model[24m/dist/index.js:2448:42[90m)[39m
    at Array.map (<anonymous>)

[90mstderr[2m | src/components/chart/ChartSettingsModal.header-colors.test.jsx[2m > [22m[2mChartSettingsModal — header colors[2m > [22m[2mthere is no Auto affordance anywhere in the Show section
[22m[39mAn update to ChartSettingsModal inside a test was not wrapped in act(...).

When testing, code that causes React state updates should be wrapped into act(...):

act(() => {
  /* fire events that update state */
});
/* assert on the output */

This ensures that you're testing the behavior the user would see in the browser. Learn more at https://react.dev/link/wrap-tests-with-act

[90mstderr[2m | src/components/chart/ChartSettingsModal.header-colors.test.jsx[2m > [22m[2mChartSettingsModal — header colors[2m > [22m[2mthere is no Auto affordance anywhere in the Show section
[22m[39mAn update to ChartSettingsModal inside a test was not wrapped in act(...).

When testing, code that causes React state updates should be wrapped into act(...):

act(() => {
  /* fire events that update state */
});
/* assert on the output */

This ensures that you're testing the behavior the user would see in the browser. Learn more at https://react.dev/link/wrap-tests-with-act

[90mstderr[2m | src/components/chart/ChartSettingsModal.header-colors.test.jsx[2m > [22m[2mChartSettingsModal — header colors[2m > [22m[2mDay change exposes an up-day and a down-day swatch that write separate colors
[22m[39mAn update to ChartSettingsModal inside a test was not wrapped in act(...).

When testing, code that causes React state updates should be wrapped into act(...):

act(() => {
  /* fire events that update state */
});
/* assert on the output */

This ensures that you're testing the behavior the user would see in the browser. Learn more at https://react.dev/link/wrap-tests-with-act

[90mstderr[2m | src/components/chart/ChartSettingsModal.header-colors.test.jsx[2m > [22m[2mChartSettingsModal — header colors[2m > [22m[2mDay change exposes an up-day and a down-day swatch that write separate colors
[22m[39mAn update to ChartSettingsModal inside a test was not wrapped in act(...).

When testing, code that causes React state updates should be wrapped into act(...):

act(() => {
  /* fire events that update state */
});
/* assert on the output */

This ensures that you're testing the behavior the user would see in the browser. Learn more at https://react.dev/link/wrap-tests-with-act

[90mstderr[2m | src/components/chart/ChartSettingsModal.header-colors.test.jsx[2m > [22m[2mChartSettingsModal — header colors[2m > [22m[2msingle-color items write their own key without touching siblings
[22m[39mAn update to ChartSettingsModal inside a test was not wrapped in act(...).

When testing, code that causes React state updates should be wrapped into act(...):

act(() => {
  /* fire events that update state */
});
/* assert on the output */

This ensures that you're testing the behavior the user would see in the browser. Learn more at https://react.dev/link/wrap-tests-with-act

[90mstderr[2m | src/components/chart/ChartSettingsModal.header-colors.test.jsx[2m > [22m[2mChartSettingsModal — header colors[2m > [22m[2msingle-color items write their own key without touching siblings
[22m[39mAn update to ChartSettingsModal inside a test was not wrapped in act(...).

When testing, code that causes React state updates should be wrapped into act(...):

act(() => {
  /* fire events that update state */
});
/* assert on the output */

This ensures that you're testing the behavior the user would see in the browser. Learn more at https://react.dev/link/wrap-tests-with-act

[90mstderr[2m | src/components/chart/ChartSettingsModal.header-colors.test.jsx[2m > [22m[2mChartSettingsModal — header colors[2m > [22m[2mhiding an item removes its color swatch(es)
[22m[39mAn update to ChartSettingsModal inside a test was not wrapped in act(...).

When testing, code that causes React state updates should be wrapped into act(...):

act(() => {
  /* fire events that update state */
});
/* assert on the output */

This ensures that you're testing the behavior the user would see in the browser. Learn more at https://react.dev/link/wrap-tests-with-act

[90mstderr[2m | src/components/chart/ChartSettingsModal.header-colors.test.jsx[2m > [22m[2mChartSettingsModal — header colors[2m > [22m[2mhiding an item removes its color swatch(es)
[22m[39mAn update to ChartSettingsModal inside a test was not wrapped in act(...).

When testing, code that causes React state updates should be wrapped into act(...):

act(() => {
  /* fire events that update state */
});
/* assert on the output */

This ensures that you're testing the behavior the user would see in the browser. Learn more at https://react.dev/link/wrap-tests-with-act

[90mstderr[2m | src/pages/cot/PositioningRail.test.jsx[2m > [22m[2mPositioningRail[2m > [22m[2mshows the latest report by default with every group and open interest in the table
[22m[39mAn update to ForwardRef(PositioningRail2) inside a test was not wrapped in act(...).

When testing, code that causes React state updates should be wrapped into act(...):

act(() => {
  /* fire events that update state */
});
/* assert on the output */

This ensures that you're testing the behavior the user would see in the browser. Learn more at https://react.dev/link/wrap-tests-with-act
An update to ForwardRef(PositioningRail2) inside a test was not wrapped in act(...).

When testing, code that causes React state updates should be wrapped into act(...):

act(() => {
  /* fire events that update state */
});
/* assert on the output */

This ensures that you're testing the behavior the user would see in the browser. Learn more at https://react.dev/link/wrap-tests-with-act

[90mstderr[2m | src/pages/cot/PositioningRail.test.jsx[2m > [22m[2mPositioningRail[2m > [22m[2mrenders the bias and crowding read for the latest week
[22m[39mAn update to ForwardRef(PositioningRail2) inside a test was not wrapped in act(...).

When testing, code that causes React state updates should be wrapped into act(...):

act(() => {
  /* fire events that update state */
});
/* assert on the output */

This ensures that you're testing the behavior the user would see in the browser. Learn more at https://react.dev/link/wrap-tests-with-act
An update to ForwardRef(PositioningRail2) inside a test was not wrapped in act(...).

When testing, code that causes React state updates should be wrapped into act(...):

act(() => {
  /* fire events that update state */
});
/* assert on the output */

This ensures that you're testing the behavior the user would see in the browser. Learn more at https://react.dev/link/wrap-tests-with-act

[90mstderr[2m | src/pages/cot/PositioningRail.test.jsx[2m > [22m[2mPositioningRail[2m > [22m[2mfollows an imperative setIndex and resets to latest on null
[22m[39mAn update to ForwardRef(PositioningRail2) inside a test was not wrapped in act(...).

When testing, code that causes React state updates should be wrapped into act(...):

act(() => {
  /* fire events that update state */
});
/* assert on the output */

This ensures that you're testing the behavior the user would see in the browser. Learn more at https://react.dev/link/wrap-tests-with-act
An update to ForwardRef(PositioningRail2) inside a test was not wrapped in act(...).

When testing, code that causes React state updates should be wrapped into act(...):

act(() => {
  /* fire events that update state */
});
/* assert on the output */

This ensures that you're testing the behavior the user would see in the browser. Learn more at https://react.dev/link/wrap-tests-with-act

[90mstderr[2m | src/pages/cot/PositioningRail.test.jsx[2m > [22m[2mPositioningRail[2m > [22m[2msnaps back to the latest week when the rows change
[22m[39mAn update to ForwardRef(PositioningRail2) inside a test was not wrapped in act(...).

When testing, code that causes React state updates should be wrapped into act(...):

act(() => {
  /* fire events that update state */
});
/* assert on the output */

This ensures that you're testing the behavior the user would see in the browser. Learn more at https://react.dev/link/wrap-tests-with-act
An update to ForwardRef(PositioningRail2) inside a test was not wrapped in act(...).

When testing, code that causes React state updates should be wrapped into act(...):

act(() => {
  /* fire events that update state */
});
/* assert on the output */

This ensures that you're testing the behavior the user would see in the browser. Learn more at https://react.dev/link/wrap-tests-with-act

[90mstderr[2m | src/pages/cot/PositioningRail.test.jsx[2m > [22m[2mPositioningRail[2m > [22m[2mshows the VIX caveat only for VI
[22m[39mAn update to ForwardRef(PositioningRail2) inside a test was not wrapped in act(...).

When testing, code that causes React state updates should be wrapped into act(...):

act(() => {
  /* fire events that update state */
});
/* assert on the output */

This ensures that you're testing the behavior the user would see in the browser. Learn more at https://react.dev/link/wrap-tests-with-act
An update to ForwardRef(PositioningRail2) inside a test was not wrapped in act(...).

When testing, code that causes React state updates should be wrapped into act(...):

act(() => {
  /* fire events that update state */
});
/* assert on the output */

This ensures that you're testing the behavior the user would see in the browser. Learn more at https://react.dev/link/wrap-tests-with-act

[90mstderr[2m | src/pages/cot/PositioningRail.test.jsx[2m > [22m[2mPositioningRail[2m > [22m[2mrenders nothing without rows
[22m[39mAn update to ForwardRef(PositioningRail2) inside a test was not wrapped in act(...).

When testing, code that causes React state updates should be wrapped into act(...):

act(() => {
  /* fire events that update state */
});
/* assert on the output */

This ensures that you're testing the behavior the user would see in the browser. Learn more at https://react.dev/link/wrap-tests-with-act

[90mstderr[2m | src/pages/cot/PositioningRail.test.jsx[2m > [22m[2mPositioningRail — v2 sections[2m > [22m[2mshows a precedents section with the proxy named once price bars are supplied
[22m[39mAn update to ForwardRef(PositioningRail2) inside a test was not wrapped in act(...).

When testing, code that causes React state updates should be wrapped into act(...):

act(() => {
  /* fire events that update state */
});
/* assert on the output */

This ensures that you're testing the behavior the user would see in the browser. Learn more at https://react.dev/link/wrap-tests-with-act
An update to ForwardRef(PositioningRail2) inside a test was not wrapped in act(...).

When testing, code that causes React state updates should be wrapped into act(...):

act(() => {
  /* fire events that update state */
});
/* assert on the output */

This ensures that you're testing the behavior the user would see in the browser. Learn more at https://react.dev/link/wrap-tests-with-act

[90mstderr[2m | src/pages/cot/PositioningRail.test.jsx[2m > [22m[2mPositioningRail — v2 sections[2m > [22m[2mtells the reader when this setup has no prior episode
[22m[39mAn update to ForwardRef(PositioningRail2) inside a test was not wrapped in act(...).

When testing, code that causes React state updates should be wrapped into act(...):

act(() => {
  /* fire events that update state */
});
/* assert on the output */

This ensures that you're testing the behavior the user would see in the browser. Learn more at https://react.dev/link/wrap-tests-with-act
An update to ForwardRef(PositioningRail2) inside a test was not wrapped in act(...).

When testing, code that causes React state updates should be wrapped into act(...):

act(() => {
  /* fire events that update state */
});
/* assert on the output */

This ensures that you're testing the behavior the user would see in the browser. Learn more at https://react.dev/link/wrap-tests-with-act

[90mstderr[2m | src/pages/cot/PositioningRail.test.jsx[2m > [22m[2mPositioningRail — v2 sections[2m > [22m[2mexplains the absence of precedents instead of hiding the section
[22m[39mAn update to ForwardRef(PositioningRail2) inside a test was not wrapped in act(...).

When testing, code that causes React state updates should be wrapped into act(...):

act(() => {
  /* fire events that update state */
});
/* assert on the output */

This ensures that you're testing the behavior the user would see in the browser. Learn more at https://react.dev/link/wrap-tests-with-act
An update to ForwardRef(PositioningRail2) inside a test was not wrapped in act(...).

When testing, code that causes React state updates should be wrapped into act(...):

act(() => {
  /* fire events that update state */
});
/* assert on the output */

This ensures that you're testing the behavior the user would see in the browser. Learn more at https://react.dev/link/wrap-tests-with-act

[90mstderr[2m | src/pages/cot/PositioningRail.test.jsx[2m > [22m[2mPositioningRail — v2 sections[2m > [22m[2mnames the hedgers-only match when the strict pairing was too rare
[22m[39mAn update to ForwardRef(PositioningRail2) inside a test was not wrapped in act(...).

When testing, code that causes React state updates should be wrapped into act(...):

act(() => {
  /* fire events that update state */
});
/* assert on the output */

This ensures that you're testing the behavior the user would see in the browser. Learn more at https://react.dev/link/wrap-tests-with-act
An update to ForwardRef(PositioningRail2) inside a test was not wrapped in act(...).

When testing, code that causes React state updates should be wrapped into act(...):

act(() => {
  /* fire events that update state */
});
/* assert on the output */

This ensures that you're testing the behavior the user would see in the browser. Learn more at https://react.dev/link/wrap-tests-with-act

[90mstderr[2m | src/pages/cot/PositioningRail.test.jsx[2m > [22m[2mPositioningRail — v2 sections[2m > [22m[2mrenders the who-is-who note for the asset class
[22m[39mAn update to ForwardRef(PositioningRail2) inside a test was not wrapped in act(...).

When testing, code that causes React state updates should be wrapped into act(...):

act(() => {
  /* fire events that update state */
});
/* assert on the output */

This ensures that you're testing the behavior the user would see in the browser. Learn more at https://react.dev/link/wrap-tests-with-act
An update to ForwardRef(PositioningRail2) inside a test was not wrapped in act(...).

When testing, code that causes React state updates should be wrapped into act(...):

act(() => {
  /* fire events that update state */
});
/* assert on the output */

This ensures that you're testing the behavior the user would see in the browser. Learn more at https://react.dev/link/wrap-tests-with-act

[90mstderr[2m | src/components/chart/ChartSettingsModal.volumepane.test.jsx[2m > [22m[2mChartSettingsModal — volume separate-pane on a surface that fixes it[2m > [22m[2mis live on a normal surface: clicking it writes volume.separatePane
[22m[39mAn update to ChartSettingsModal inside a test was not wrapped in act(...).

When testing, code that causes React state updates should be wrapped into act(...):

act(() => {
  /* fire events that update state */
});
/* assert on the output */

This ensures that you're testing the behavior the user would see in the browser. Learn more at https://react.dev/link/wrap-tests-with-act

[90mstderr[2m | src/components/chart/ChartSettingsModal.volumepane.test.jsx[2m > [22m[2mChartSettingsModal — volume separate-pane on a surface that fixes it[2m > [22m[2mis live on a normal surface: clicking it writes volume.separatePane
[22m[39mAn update to ChartSettingsModal inside a test was not wrapped in act(...).

When testing, code that causes React state updates should be wrapped into act(...):

act(() => {
  /* fire events that update state */
});
/* assert on the output */

This ensures that you're testing the behavior the user would see in the browser. Learn more at https://react.dev/link/wrap-tests-with-act

[90mstderr[2m | src/components/chart/ChartSettingsModal.volumepane.test.jsx[2m > [22m[2mChartSettingsModal — volume separate-pane on a surface that fixes it[2m > [22m[2mrenders inert — and writes nothing — when the surface fixes the pane
[22m[39mAn update to ChartSettingsModal inside a test was not wrapped in act(...).

When testing, code that causes React state updates should be wrapped into act(...):

act(() => {
  /* fire events that update state */
});
/* assert on the output */

This ensures that you're testing the behavior the user would see in the browser. Learn more at https://react.dev/link/wrap-tests-with-act

[90mstderr[2m | src/components/chart/ChartSettingsModal.volumepane.test.jsx[2m > [22m[2mChartSettingsModal — volume separate-pane on a surface that fixes it[2m > [22m[2mrenders inert — and writes nothing — when the surface fixes the pane
[22m[39mAn update to ChartSettingsModal inside a test was not wrapped in act(...).

When testing, code that causes React state updates should be wrapped into act(...):

act(() => {
  /* fire events that update state */
});
/* assert on the output */

This ensures that you're testing the behavior the user would see in the browser. Learn more at https://react.dev/link/wrap-tests-with-act

[90mstderr[2m | src/components/chart/ChartSettingsModal.volumepane.test.jsx[2m > [22m[2mChartSettingsModal — volume separate-pane on a surface that fixes it[2m > [22m[2mscopes the lock to volume — the other indicator toggles stay live
[22m[39mAn update to ChartSettingsModal inside a test was not wrapped in act(...).

When testing, code that causes React state updates should be wrapped into act(...):

act(() => {
  /* fire events that update state */
});
/* assert on the output */

This ensures that you're testing the behavior the user would see in the browser. Learn more at https://react.dev/link/wrap-tests-with-act

[90mstderr[2m | src/components/chart/ChartSettingsModal.volumepane.test.jsx[2m > [22m[2mChartSettingsModal — volume separate-pane on a surface that fixes it[2m > [22m[2mscopes the lock to volume — the other indicator toggles stay live
[22m[39mAn update to ChartSettingsModal inside a test was not wrapped in act(...).

When testing, code that causes React state updates should be wrapped into act(...):

act(() => {
  /* fire events that update state */
});
/* assert on the output */

This ensures that you're testing the behavior the user would see in the browser. Learn more at https://react.dev/link/wrap-tests-with-act

[90mstderr[2m | src/pages/journal-2-0/tabs/NotebookTab.daily.test.jsx[2m > [22m[2mToday[2m > [22m[2ma refusal says nothing was created
[22m[39m[notebook] open daily note failed Error: daily note request failed (500)
    at openDailyNote (C:/Users/Patrick/uct-worktrees/notebook-w10-l13/app/src/pages/journal-2-0/lib/dailyNote.js:30:17)
    at openToday (C:/Users/Patrick/uct-worktrees/notebook-w10-l13/app/src/pages/journal-2-0/tabs/NotebookTab.jsx:1499:50) {
  status: [33m500[39m
}

[90mstderr[2m | src/lib/presentation/compactAdoption.test.jsx[2m > [22m[2mrendered: the COT positioning rail shows the same WoW text[2m > [22m[2mWoW {"commercials":2500,"largeSpecs":-2500,"smallSpecs":999,"oi":1500}
[22m[39mAn update to ForwardRef(PositioningRail2) inside a test was not wrapped in act(...).

When testing, code that causes React state updates should be wrapped into act(...):

act(() => {
  /* fire events that update state */
});
/* assert on the output */

This ensures that you're testing the behavior the user would see in the browser. Learn more at https://react.dev/link/wrap-tests-with-act
An update to ForwardRef(PositioningRail2) inside a test was not wrapped in act(...).

When testing, code that causes React state updates should be wrapped into act(...):

act(() => {
  /* fire events that update state */
});
/* assert on the output */

This ensures that you're testing the behavior the user would see in the browser. Learn more at https://react.dev/link/wrap-tests-with-act

[90mstderr[2m | src/lib/presentation/compactAdoption.test.jsx[2m > [22m[2mrendered: the COT positioning rail shows the same WoW text[2m > [22m[2mWoW {"commercials":2072358,"largeSpecs":-1000000000,"smallSpecs":0,"oi":-10560}
[22m[39mAn update to ForwardRef(PositioningRail2) inside a test was not wrapped in act(...).

When testing, code that causes React state updates should be wrapped into act(...):

act(() => {
  /* fire events that update state */
});
/* assert on the output */

This ensures that you're testing the behavior the user would see in the browser. Learn more at https://react.dev/link/wrap-tests-with-act
An update to ForwardRef(PositioningRail2) inside a test was not wrapped in act(...).

When testing, code that causes React state updates should be wrapped into act(...):

act(() => {
  /* fire events that update state */
});
/* assert on the output */

This ensures that you're testing the behavior the user would see in the browser. Learn more at https://react.dev/link/wrap-tests-with-act

[90mstderr[2m | src/pages/breadth/BreadthViews.theread.test.jsx[2m > [22m[2mThe Read is on the Views tab[2m > [22m[2mCONTROL: the same counter sees the lens that DOES fetch
[22m[39mAn update to TheReadStrip inside a test was not wrapped in act(...).

When testing, code that causes React state updates should be wrapped into act(...):

act(() => {
  /* fire events that update state */
});
/* assert on the output */

This ensures that you're testing the behavior the user would see in the browser. Learn more at https://react.dev/link/wrap-tests-with-act
An update to ScoreAttributionView inside a test was not wrapped in act(...).

When testing, code that causes React state updates should be wrapped into act(...):

act(() => {
  /* fire events that update state */
});
/* assert on the output */

This ensures that you're testing the behavior the user would see in the browser. Learn more at https://react.dev/link/wrap-tests-with-act

[90mstderr[2m | src/pages/journal-2-0/components/notebook/CaptureHost.test.jsx[2m > [22m[2mevery door opens the SAME dialog[2m > [22m[2mthe palette door opens it
[22m[39mAn update to CaptureHost inside a test was not wrapped in act(...).

When testing, code that causes React state updates should be wrapped into act(...):

act(() => {
  /* fire events that update state */
});
/* assert on the output */

This ensures that you're testing the behavior the user would see in the browser. Learn more at https://react.dev/link/wrap-tests-with-act
An update to CaptureHost inside a test was not wrapped in act(...).

When testing, code that causes React state updates should be wrapped into act(...):

act(() => {
  /* fire events that update state */
});
/* assert on the output */

This ensures that you're testing the behavior the user would see in the browser. Learn more at https://react.dev/link/wrap-tests-with-act
An update to CaptureHost inside a test was not wrapped in act(...).

When testing, code that causes React state updates should be wrapped into act(...):

act(() => {
  /* fire events that update state */
});
/* assert on the output */

This ensures that you're testing the behavior the user would see in the browser. Learn more at https://react.dev/link/wrap-tests-with-act

[90mstderr[2m | src/pages/journal-2-0/components/notebook/CaptureHost.test.jsx[2m > [22m[2mevery door opens the SAME dialog[2m > [22m[2mpalette and hotkey open ONE dialog, not two products
[22m[39mAn update to CaptureHost inside a test was not wrapped in act(...).

When testing, code that causes React state updates should be wrapped into act(...):

act(() => {
  /* fire events that update state */
});
/* assert on the output */

This ensures that you're testing the behavior the user would see in the browser. Learn more at https://react.dev/link/wrap-tests-with-act
An update to CaptureHost inside a test was not wrapped in act(...).

When testing, code that causes React state updates should be wrapped into act(...):

act(() => {
  /* fire events that update state */
});
/* assert on the output */

This ensures that you're testing the behavior the user would see in the browser. Learn more at https://react.dev/link/wrap-tests-with-act
An update to CaptureHost inside a test was not wrapped in act(...).

When testing, code that causes React state updates should be wrapped into act(...):

act(() => {
  /* fire events that update state */
});
/* assert on the output */

This ensures that you're testing the behavior the user would see in the browser. Learn more at https://react.dev/link/wrap-tests-with-act

[90mstderr[2m | src/pages/journal-2-0/components/notebook/CaptureHost.test.jsx[2m > [22m[2mcontext supplies DEFAULTS, visibly (§3/§4)[2m > [22m[2ma research door prefills the destination and shows it
[22m[39mAn update to CaptureHost inside a test was not wrapped in act(...).

When testing, code that causes React state updates should be wrapped into act(...):

act(() => {
  /* fire events that update state */
});
/* assert on the output */

This ensures that you're testing the behavior the user would see in the browser. Learn more at https://react.dev/link/wrap-tests-with-act
An update to CaptureHost inside a test was not wrapped in act(...).

When testing, code that causes React state updates should be wrapped into act(...):

act(() => {
  /* fire events that update state */
});
/* assert on the output */

This ensures that you're testing the behavior the user would see in the browser. Learn more at https://react.dev/link/wrap-tests-with-act
An update to CaptureHost inside a test was not wrapped in act(...).

When testing, code that causes React state updates should be wrapped into act(...):

act(() => {
  /* fire events that update state */
});
/* assert on the output */

This ensures that you're testing the behavior the user would see in the browser. Learn more at https://react.dev/link/wrap-tests-with-act

[90mstderr[2m | src/pages/journal-2-0/components/notebook/CaptureHost.test.jsx[2m > [22m[2mcontext supplies DEFAULTS, visibly (§3/§4)[2m > [22m[2mprefilled source fields arrive populated so the fast path is type-and-save
[22m[39mAn update to CaptureHost inside a test was not wrapped in act(...).

When testing, code that causes React state updates should be wrapped into act(...):

act(() => {
  /* fire events that update state */
});
/* assert on the output */

This ensures that you're testing the behavior the user would see in the browser. Learn more at https://react.dev/link/wrap-tests-with-act
An update to CaptureHost inside a test was not wrapped in act(...).

When testing, code that causes React state updates should be wrapped into act(...):

act(() => {
  /* fire events that update state */
});
/* assert on the output */

This ensures that you're testing the behavior the user would see in the browser. Learn more at https://react.dev/link/wrap-tests-with-act
An update to CaptureHost inside a test was not wrapped in act(...).

When testing, code that causes React state updates should be wrapped into act(...):

act(() => {
  /* fire events that update state */
});
/* assert on the output */

This ensures that you're testing the behavior the user would see in the browser. Learn more at https://react.dev/link/wrap-tests-with-act

[90mstderr[2m | src/pages/journal-2-0/components/notebook/CaptureHost.test.jsx[2m > [22m[2mcapture preserves the member context (§5/§20)[2m > [22m[2msaving does NOT navigate away
[22m[39mAn update to CaptureHost inside a test was not wrapped in act(...).

When testing, code that causes React state updates should be wrapped into act(...):

act(() => {
  /* fire events that update state */
});
/* assert on the output */

This ensures that you're testing the behavior the user would see in the browser. Learn more at https://react.dev/link/wrap-tests-with-act
An update to CaptureHost inside a test was not wrapped in act(...).

When testing, code that causes React state updates should be wrapped into act(...):

act(() => {
  /* fire events that update state */
});
/* assert on the output */

This ensures that you're testing the behavior the user would see in the browser. Learn more at https://react.dev/link/wrap-tests-with-act
An update to CaptureHost inside a test was not wrapped in act(...).

When testing, code that causes React state updates should be wrapped into act(...):

act(() => {
  /* fire events that update state */
});
/* assert on the output */

This ensures that you're testing the behavior the user would see in the browser. Learn more at https://react.dev/link/wrap-tests-with-act

[90mstderr[2m | src/pages/journal-2-0/components/notebook/CaptureHost.test.jsx[2m > [22m[2mcapture preserves the member context (§5/§20)[2m > [22m[2mclosing returns the dialog to nothing
[22m[39mAn update to CaptureHost inside a test was not wrapped in act(...).

When testing, code that causes React state updates should be wrapped into act(...):

act(() => {
  /* fire events that update state */
});
/* assert on the output */

This ensures that you're testing the behavior the user would see in the browser. Learn more at https://react.dev/link/wrap-tests-with-act
An update to CaptureHost inside a test was not wrapped in act(...).

When testing, code that causes React state updates should be wrapped into act(...):

act(() => {
  /* fire events that update state */
});
/* assert on the output */

This ensures that you're testing the behavior the user would see in the browser. Learn more at https://react.dev/link/wrap-tests-with-act
An update to CaptureHost inside a test was not wrapped in act(...).

When testing, code that causes React state updates should be wrapped into act(...):

act(() => {
  /* fire events that update state */
});
/* assert on the output */

This ensures that you're testing the behavior the user would see in the browser. Learn more at https://react.dev/link/wrap-tests-with-act

[90mstderr[2m | src/components/tiles/CatalystFlow.test.jsx[2m > [22m[2mrenders earnings table
[22m[39mAn update to AuthProvider inside a test was not wrapped in act(...).

When testing, code that causes React state updates should be wrapped into act(...):

act(() => {
  /* fire events that update state */
});
/* assert on the output */

This ensures that you're testing the behavior the user would see in the browser. Learn more at https://react.dev/link/wrap-tests-with-act
An update to AuthProvider inside a test was not wrapped in act(...).

When testing, code that causes React state updates should be wrapped into act(...):

act(() => {
  /* fire events that update state */
});
/* assert on the output */

This ensures that you're testing the behavior the user would see in the browser. Learn more at https://react.dev/link/wrap-tests-with-act

[90mstderr[2m | src/components/tiles/CatalystFlow.test.jsx[2m > [22m[2mrenders skeleton (no crash) when no data
[22m[39mAn update to AuthProvider inside a test was not wrapped in act(...).

When testing, code that causes React state updates should be wrapped into act(...):

act(() => {
  /* fire events that update state */
});
/* assert on the output */

This ensures that you're testing the behavior the user would see in the browser. Learn more at https://react.dev/link/wrap-tests-with-act
An update to AuthProvider inside a test was not wrapped in act(...).

When testing, code that causes React state updates should be wrapped into act(...):

act(() => {
  /* fire events that update state */
});
/* assert on the output */

This ensures that you're testing the behavior the user would see in the browser. Learn more at https://react.dev/link/wrap-tests-with-act

[90mstderr[2m | src/components/tiles/CatalystFlow.test.jsx[2m > [22m[2mthe section tabs are NOT inert — clicking one actually switches sections
[22m[39mAn update to AuthProvider inside a test was not wrapped in act(...).

When testing, code that causes React state updates should be wrapped into act(...):

act(() => {
  /* fire events that update state */
});
/* assert on the output */

This ensures that you're testing the behavior the user would see in the browser. Learn more at https://react.dev/link/wrap-tests-with-act
An update to AuthProvider inside a test was not wrapped in act(...).

When testing, code that causes React state updates should be wrapped into act(...):

act(() => {
  /* fire events that update state */
});
/* assert on the output */

This ensures that you're testing the behavior the user would see in the browser. Learn more at https://react.dev/link/wrap-tests-with-act

[90mstderr[2m | src/components/StockChart.updateRefusal.test.jsx[2m > [22m[2ma refused series update never reaches the error boundary[2m > [22m[2msurvives a daily chart whose every update() throws "Cannot update oldest data"
[22m[39m[StockChart] live update error: Cannot update oldest data, last time=[object Object], new time=[object Object]

[90mstderr[2m | src/components/StockChart.updateRefusal.test.jsx[2m > [22m[2ma refused series update never reaches the error boundary[2m > [22m[2msurvives the same on the line chart type (the non-OHLC re-top branch)
[22m[39m[StockChart] live update error: Cannot update oldest data, last time=[object Object], new time=[object Object]

[90mstderr[2m | src/components/StockChart.updateRefusal.test.jsx[2m > [22m[2ma refused series update never reaches the error boundary[2m > [22m[2msurvives the same on a weekly chart (breadth widgets sit on D/W/M)
[22m[39m[StockChart] live update error: Cannot update oldest data, last time=[object Object], new time=[object Object]
[StockChart] live update error: Cannot update oldest data, last time=[object Object], new time=[object Object]

[90mstderr[2m | src/components/StockChart.updateRefusal.test.jsx[2m > [22m[2ma refused series update never reaches the error boundary[2m > [22m[2msurvives the same on a weekly chart (breadth widgets sit on D/W/M)
[22m[39m[StockChart] live update error: Cannot update oldest data, last time=[object Object], new time=[object Object]

[90mstderr[2m | src/components/StockChart.updateRefusal.test.jsx[2m > [22m[2ma refused series update never reaches the error boundary[2m > [22m[2msurvives the same on a weekly chart (breadth widgets sit on D/W/M)
[22m[39m[StockChart] live update error: Cannot update oldest data, last time=[object Object], new time=[object Object]

[90mstderr[2m | src/components/StockChart.updateRefusal.test.jsx[2m > [22m[2ma refused series update never reaches the error boundary[2m > [22m[2msurvives the same on a weekly chart (breadth widgets sit on D/W/M)
[22m[39m[StockChart] live update error: Cannot update oldest data, last time=[object Object], new time=[object Object]

[90mstderr[2m | src/components/StockChart.hollowPillColor.test.jsx[2m > [22m[2mhollow candle body color (the black price-pill bug)[2m > [22m[2mnetchange mode (_paintNet, the confirmed root cause): per-bar hollow color keeps the real up/down RGB
[22m[39mAn update to StockChart inside a test was not wrapped in act(...).

When testing, code that causes React state updates should be wrapped into act(...):

act(() => {
  /* fire events that update state */
});
/* assert on the output */

This ensures that you're testing the behavior the user would see in the browser. Learn more at https://react.dev/link/wrap-tests-with-act
An update to StockChart inside a test was not wrapped in act(...).

When testing, code that causes React state updates should be wrapped into act(...):

act(() => {
  /* fire events that update state */
});
/* assert on the output */

This ensures that you're testing the behavior the user would see in the browser. Learn more at https://react.dev/link/wrap-tests-with-act
An update to StockChart inside a test was not wrapped in act(...).

When testing, code that causes React state updates should be wrapped into act(...):

act(() => {
  /* fire events that update state */
});
/* assert on the output */

This ensures that you're testing the behavior the user would see in the browser. Learn more at https://react.dev/link/wrap-tests-with-act
An update to StockChart inside a test was not wrapped in act(...).

When testing, code that causes React state updates should be wrapped into act(...):

act(() => {
  /* fire events that update state */
});
/* assert on the output */

This ensures that you're testing the behavior the user would see in the browser. Learn more at https://react.dev/link/wrap-tests-with-act
An update to StockChart inside a test was not wrapped in act(...).

When testing, code that causes React state updates should be wrapped into act(...):

act(() => {
  /* fire events that update state */
});
/* assert on the output */

This ensures that you're testing the behavior the user would see in the browser. Learn more at https://react.dev/link/wrap-tests-with-act
An update to StockChart inside a test was not wrapped in act(...).

When testing, code that causes React state updates should be wrapped into act(...):

act(() => {
  /* fire events that update state */
});
/* assert on the output */

This ensures that you're testing the behavior the user would see in the browser. Learn more at https://react.dev/link/wrap-tests-with-act
An update to StockChart inside a test was not wrapped in act(...).

When testing, code that causes React state updates should be wrapped into act(...):

act(() => {
  /* fire events that update state */
});
/* assert on the output */

This ensures that you're testing the behavior the user would see in the browser. Learn more at https://react.dev/link/wrap-tests-with-act
An update to IndicatorLibraryDialog inside a test was not wrapped in act(...).

When testing, code that causes React state updates should be wrapped into act(...):

act(() => {
  /* fire events that update state */
});
/* assert on the output */

This ensures that you're testing the behavior the user would see in the browser. Learn more at https://react.dev/link/wrap-tests-with-act
An update to StockChart inside a test was not wrapped in act(...).

When testing, code that causes React state updates should be wrapped into act(...):

act(() => {
  /* fire events that update state */
});
/* assert on the output */

This ensures that you're testing the behavior the user would see in the browser. Learn more at https://react.dev/link/wrap-tests-with-act
An update to StockChart inside a test was not wrapped in act(...).

When testing, code that causes React state updates should be wrapped into act(...):

act(() => {
  /* fire events that update state */
});
/* assert on the output */

This ensures that you're testing the behavior the user would see in the browser. Learn more at https://react.dev/link/wrap-tests-with-act

[90mstderr[2m | src/components/StockChart.hollowPillColor.test.jsx[2m > [22m[2mhollow candle body color (the black price-pill bug)[2m > [22m[2mnetchange mode (_paintNet, the confirmed root cause): per-bar hollow color keeps the real up/down RGB
[22m[39mAn update to StockChart inside a test was not wrapped in act(...).

When testing, code that causes React state updates should be wrapped into act(...):

act(() => {
  /* fire events that update state */
});
/* assert on the output */

This ensures that you're testing the behavior the user would see in the browser. Learn more at https://react.dev/link/wrap-tests-with-act
An update to ChartDrawingOverlay inside a test was not wrapped in act(...).

When testing, code that causes React state updates should be wrapped into act(...):

act(() => {
  /* fire events that update state */
});
/* assert on the output */

This ensures that you're testing the behavior the user would see in the browser. Learn more at https://react.dev/link/wrap-tests-with-act
An update to ChartDrawingOverlay inside a test was not wrapped in act(...).

When testing, code that causes React state updates should be wrapped into act(...):

act(() => {
  /* fire events that update state */
});
/* assert on the output */

This ensures that you're testing the behavior the user would see in the browser. Learn more at https://react.dev/link/wrap-tests-with-act
An update to ChartDrawingOverlay inside a test was not wrapped in act(...).

When testing, code that causes React state updates should be wrapped into act(...):

act(() => {
  /* fire events that update state */
});
/* assert on the output */

This ensures that you're testing the behavior the user would see in the browser. Learn more at https://react.dev/link/wrap-tests-with-act
An update to ChartDrawingOverlay inside a test was not wrapped in act(...).

When testing, code that causes React state updates should be wrapped into act(...):

act(() => {
  /* fire events that update state */
});
/* assert on the output */

This ensures that you're testing the behavior the user would see in the browser. Learn more at https://react.dev/link/wrap-tests-with-act
An update to ChartDrawingOverlay inside a test was not wrapped in act(...).

When testing, code that causes React state updates should be wrapped into act(...):

act(() => {
  /* fire events that update state */
});
/* assert on the output */

This ensures that you're testing the behavior the user would see in the browser. Learn more at https://react.dev/link/wrap-tests-with-act
An update to ChartDrawingOverlay inside a test was not wrapped in act(...).

When testing, code that causes React state updates should be wrapped into act(...):

act(() => {
  /* fire events that update state */
});
/* assert on the output */

This ensures that you're testing the behavior the user would see in the browser. Learn more at https://react.dev/link/wrap-tests-with-act
An update to StockChart inside a test was not wrapped in act(...).

When testing, code that causes React state updates should be wrapped into act(...):

act(() => {
  /* fire events that update state */
});
/* assert on the output */

This ensures that you're testing the behavior the user would see in the browser. Learn more at https://react.dev/link/wrap-tests-with-act
An update to StockChart inside a test was not wrapped in act(...).

When testing, code that causes React state updates should be wrapped into act(...):

act(() => {
  /* fire events that update state */
});
/* assert on the output */

This ensures that you're testing the behavior the user would see in the browser. Learn more at https://react.dev/link/wrap-tests-with-act
An update to StockChart inside a test was not wrapped in act(...).

When testing, code that causes React state updates should be wrapped into act(...):

act(() => {
  /* fire events that update state */
});
/* assert on the output */

This ensures that you're testing the behavior the user would see in the browser. Learn more at https://react.dev/link/wrap-tests-with-act
An update to StockChart inside a test was not wrapped in act(...).

When testing, code that causes React state updates should be wrapped into act(...):

act(() => {
  /* fire events that update state */
});
/* assert on the output */

This ensures that you're testing the behavior the user would see in the browser. Learn more at https://react.dev/link/wrap-tests-with-act
An update to StockChart inside a test was not wrapped in act(...).

When testing, code that causes React state updates should be wrapped into act(...):

act(() => {
  /* fire events that update state */
});
/* assert on the output */

This ensures that you're testing the behavior the user would see in the browser. Learn more at https://react.dev/link/wrap-tests-with-act
An error occurred in the <StockChart> component.

Consider adding an error boundary to your tree to customize error handling behavior.
Visit https://react.dev/link/error-boundaries to learn more about error boundaries.


[90mstderr[2m | src/components/StockChart.hollowPillColor.test.jsx[2m > [22m[2mhollow candle body color (the black price-pill bug)[2m > [22m[2mhollow chart TYPE (series-level 'Live color apply', line ~8809): upColor keeps the real up RGB
[22m[39mAn update to StockChart inside a test was not wrapped in act(...).

When testing, code that causes React state updates should be wrapped into act(...):

act(() => {
  /* fire events that update state */
});
/* assert on the output */

This ensures that you're testing the behavior the user would see in the browser. Learn more at https://react.dev/link/wrap-tests-with-act
An update to StockChart inside a test was not wrapped in act(...).

When testing, code that causes React state updates should be wrapped into act(...):

act(() => {
  /* fire events that update state */
});
/* assert on the output */

This ensures that you're testing the behavior the user would see in the browser. Learn more at https://react.dev/link/wrap-tests-with-act
An update to StockChart inside a test was not wrapped in act(...).

When testing, code that causes React state updates should be wrapped into act(...):

act(() => {
  /* fire events that update state */
});
/* assert on the output */

This ensures that you're testing the behavior the user would see in the browser. Learn more at https://react.dev/link/wrap-tests-with-act
An update to StockChart inside a test was not wrapped in act(...).

When testing, code that causes React state updates should be wrapped into act(...):

act(() => {
  /* fire events that update state */
});
/* assert on the output */

This ensures that you're testing the behavior the user would see in the browser. Learn more at https://react.dev/link/wrap-tests-with-act
An update to StockChart inside a test was not wrapped in act(...).

When testing, code that causes React state updates should be wrapped into act(...):

act(() => {
  /* fire events that update state */
});
/* assert on the output */

This ensures that you're testing the behavior the user would see in the browser. Learn more at https://react.dev/link/wrap-tests-with-act
An update to StockChart inside a test was not wrapped in act(...).

When testing, code that causes React state updates should be wrapped into act(...):

act(() => {
  /* fire events that update state */
});
/* assert on the output */

This ensures that you're testing the behavior the user would see in the browser. Learn more at https://react.dev/link/wrap-tests-with-act
An update to StockChart inside a test was not wrapped in act(...).

When testing, code that causes React state updates should be wrapped into act(...):

act(() => {
  /* fire events that update state */
});
/* assert on the output */

This ensures that you're testing the behavior the user would see in the browser. Learn more at https://react.dev/link/wrap-tests-with-act
An update to StockChart inside a test was not wrapped in act(...).

When testing, code that causes React state updates should be wrapped into act(...):

act(() => {
  /* fire events that update state */
});
/* assert on the output */

This ensures that you're testing the behavior the user would see in the browser. Learn more at https://react.dev/link/wrap-tests-with-act

[90mstderr[2m | src/components/StockChart.hollowPillColor.test.jsx[2m > [22m[2mhollow candle body color (the black price-pill bug)[2m > [22m[2mhollow chart TYPE (series-level 'Live color apply', line ~8809): upColor keeps the real up RGB
[22m[39mAn update to StockChart inside a test was not wrapped in act(...).

When testing, code that causes React state updates should be wrapped into act(...):

act(() => {
  /* fire events that update state */
});
/* assert on the output */

This ensures that you're testing the behavior the user would see in the browser. Learn more at https://react.dev/link/wrap-tests-with-act
An update to ChartDrawingOverlay inside a test was not wrapped in act(...).

When testing, code that causes React state updates should be wrapped into act(...):

act(() => {
  /* fire events that update state */
});
/* assert on the output */

This ensures that you're testing the behavior the user would see in the browser. Learn more at https://react.dev/link/wrap-tests-with-act
An update to ChartDrawingOverlay inside a test was not wrapped in act(...).

When testing, code that causes React state updates should be wrapped into act(...):

act(() => {
  /* fire events that update state */
});
/* assert on the output */

This ensures that you're testing the behavior the user would see in the browser. Learn more at https://react.dev/link/wrap-tests-with-act
An update to ChartDrawingOverlay inside a test was not wrapped in act(...).

When testing, code that causes React state updates should be wrapped into act(...):

act(() => {
  /* fire events that update state */
});
/* assert on the output */

This ensures that you're testing the behavior the user would see in the browser. Learn more at https://react.dev/link/wrap-tests-with-act
An update to ChartDrawingOverlay inside a test was not wrapped in act(...).

When testing, code that causes React state updates should be wrapped into act(...):

act(() => {
  /* fire events that update state */
});
/* assert on the output */

This ensures that you're testing the behavior the user would see in the browser. Learn more at https://react.dev/link/wrap-tests-with-act
An update to ChartDrawingOverlay inside a test was not wrapped in act(...).

When testing, code that causes React state updates should be wrapped into act(...):

act(() => {
  /* fire events that update state */
});
/* assert on the output */

This ensures that you're testing the behavior the user would see in the browser. Learn more at https://react.dev/link/wrap-tests-with-act
An update to ChartDrawingOverlay inside a test was not wrapped in act(...).

When testing, code that causes React state updates should be wrapped into act(...):

act(() => {
  /* fire events that update state */
});
/* assert on the output */

This ensures that you're testing the behavior the user would see in the browser. Learn more at https://react.dev/link/wrap-tests-with-act
An update to StockChart inside a test was not wrapped in act(...).

When testing, code that causes React state updates should be wrapped into act(...):

act(() => {
  /* fire events that update state */
});
/* assert on the output */

This ensures that you're testing the behavior the user would see in the browser. Learn more at https://react.dev/link/wrap-tests-with-act
An update to StockChart inside a test was not wrapped in act(...).

When testing, code that causes React state updates should be wrapped into act(...):

act(() => {
  /* fire events that update state */
});
/* assert on the output */

This ensures that you're testing the behavior the user would see in the browser. Learn more at https://react.dev/link/wrap-tests-with-act
An update to StockChart inside a test was not wrapped in act(...).

When testing, code that causes React state updates should be wrapped into act(...):

act(() => {
  /* fire events that update state */
});
/* assert on the output */

This ensures that you're testing the behavior the user would see in the browser. Learn more at https://react.dev/link/wrap-tests-with-act
An update to StockChart inside a test was not wrapped in act(...).

When testing, code that causes React state updates should be wrapped into act(...):

act(() => {
  /* fire events that update state */
});
/* assert on the output */

This ensures that you're testing the behavior the user would see in the browser. Learn more at https://react.dev/link/wrap-tests-with-act
An update to StockChart inside a test was not wrapped in act(...).

When testing, code that causes React state updates should be wrapped into act(...):

act(() => {
  /* fire events that update state */
});
/* assert on the output */

This ensures that you're testing the behavior the user would see in the browser. Learn more at https://react.dev/link/wrap-tests-with-act
An error occurred in the <StockChart> component.

Consider adding an error boundary to your tree to customize error handling behavior.
Visit https://react.dev/link/error-boundaries to learn more about error boundaries.


[90mstderr[2m | src/pages/journal-2-0/components/notebook/TagSuggestInput.test.jsx[2m > [22m[2mTagSuggestInput[2m > [22m[2ma pointer takes a suggestion without stealing focus from the field
[22m[39mAn update to TagSuggestInput inside a test was not wrapped in act(...).

When testing, code that causes React state updates should be wrapped into act(...):

act(() => {
  /* fire events that update state */
});
/* assert on the output */

This ensures that you're testing the behavior the user would see in the browser. Learn more at https://react.dev/link/wrap-tests-with-act

[90mstderr[2m | src/pages/Terms.test.jsx[2m > [22m[2mrenders the FRED attribution sentence verbatim
[22m[39mAn update to AuthProvider inside a test was not wrapped in act(...).

When testing, code that causes React state updates should be wrapped into act(...):

act(() => {
  /* fire events that update state */
});
/* assert on the output */

This ensures that you're testing the behavior the user would see in the browser. Learn more at https://react.dev/link/wrap-tests-with-act
An update to AuthProvider inside a test was not wrapped in act(...).

When testing, code that causes React state updates should be wrapped into act(...):

act(() => {
  /* fire events that update state */
});
/* assert on the output */

This ensures that you're testing the behavior the user would see in the browser. Learn more at https://react.dev/link/wrap-tests-with-act

[90mstderr[2m | src/pages/Terms.test.jsx[2m > [22m[2mlinks to FRED's Terms of Use
[22m[39mAn update to AuthProvider inside a test was not wrapped in act(...).

When testing, code that causes React state updates should be wrapped into act(...):

act(() => {
  /* fire events that update state */
});
/* assert on the output */

This ensures that you're testing the behavior the user would see in the browser. Learn more at https://react.dev/link/wrap-tests-with-act
An update to AuthProvider inside a test was not wrapped in act(...).

When testing, code that causes React state updates should be wrapped into act(...):

act(() => {
  /* fire events that update state */
});
/* assert on the output */

This ensures that you're testing the behavior the user would see in the browser. Learn more at https://react.dev/link/wrap-tests-with-act

[90mstderr[2m | src/pages/Terms.test.jsx[2m > [22m[2mstates that FRED-derived feature use is subject to FRED's own terms
[22m[39mAn update to AuthProvider inside a test was not wrapped in act(...).

When testing, code that causes React state updates should be wrapped into act(...):

act(() => {
  /* fire events that update state */
});
/* assert on the output */

This ensures that you're testing the behavior the user would see in the browser. Learn more at https://react.dev/link/wrap-tests-with-act
An update to AuthProvider inside a test was not wrapped in act(...).

When testing, code that causes React state updates should be wrapped into act(...):

act(() => {
  /* fire events that update state */
});
/* assert on the output */

This ensures that you're testing the behavior the user would see in the browser. Learn more at https://react.dev/link/wrap-tests-with-act

[90mstderr[2m | src/pages/Terms.test.jsx[2m > [22m[2mthe new section is numbered 13 and does not renumber any existing section
[22m[39mAn update to AuthProvider inside a test was not wrapped in act(...).

When testing, code that causes React state updates should be wrapped into act(...):

act(() => {
  /* fire events that update state */
});
/* assert on the output */

This ensures that you're testing the behavior the user would see in the browser. Learn more at https://react.dev/link/wrap-tests-with-act
An update to AuthProvider inside a test was not wrapped in act(...).

When testing, code that causes React state updates should be wrapped into act(...):

act(() => {
  /* fire events that update state */
});
/* assert on the output */

This ensures that you're testing the behavior the user would see in the browser. Learn more at https://react.dev/link/wrap-tests-with-act

[90mstderr[2m | src/pages/charts/widgets/ScatterWidget.linkedList.test.jsx[2m > [22m[2mthe Market Map follows its group's list-ref channel[2m > [22m[2ma group-A watchlist on "Leaders" re-points a following group-A Market Map to that list
[22m[39mAn update to ScatterWidget inside a test was not wrapped in act(...).

When testing, code that causes React state updates should be wrapped into act(...):

act(() => {
  /* fire events that update state */
});
/* assert on the output */

This ensures that you're testing the behavior the user would see in the browser. Learn more at https://react.dev/link/wrap-tests-with-act

[90mstderr[2m | src/pages/charts/widgets/ScatterWidget.linkedList.test.jsx[2m > [22m[2mthe Market Map follows its group's list-ref channel[2m > [22m[2m⛔ every publish the watchlist makes is ADMITTED — a wrong-kind publish fails here by name
[22m[39mAn update to ScatterWidget inside a test was not wrapped in act(...).

When testing, code that causes React state updates should be wrapped into act(...):

act(() => {
  /* fire events that update state */
});
/* assert on the output */

This ensures that you're testing the behavior the user would see in the browser. Learn more at https://react.dev/link/wrap-tests-with-act

[90mstderr[2m | src/pages/charts/widgets/ScatterWidget.linkedList.test.jsx[2m > [22m[2mthe Market Map follows its group's list-ref channel[2m > [22m[2mpicking a different list in the watchlist moves the Market Map with it
[22m[39mAn update to ScatterWidget inside a test was not wrapped in act(...).

When testing, code that causes React state updates should be wrapped into act(...):

act(() => {
  /* fire events that update state */
});
/* assert on the output */

This ensures that you're testing the behavior the user would see in the browser. Learn more at https://react.dev/link/wrap-tests-with-act

[90mstderr[2m | src/pages/charts/widgets/ScatterWidget.linkedList.test.jsx[2m > [22m[2mthe Market Map follows its group's list-ref channel[2m > [22m[2m⛔ a Market Map in group B does not follow group A's list
[22m[39mAn update to ScatterWidget inside a test was not wrapped in act(...).

When testing, code that causes React state updates should be wrapped into act(...):

act(() => {
  /* fire events that update state */
});
/* assert on the output */

This ensures that you're testing the behavior the user would see in the browser. Learn more at https://react.dev/link/wrap-tests-with-act

[90mstderr[2m | src/pages/charts/widgets/ScatterWidget.linkedList.test.jsx[2m > [22m[2mthe Market Map follows its group's list-ref channel[2m > [22m[2m⛔ a Market Map that never turned the toggle on plots its own universe exactly as before
[22m[39mAn update to ScatterWidget inside a test was not wrapped in act(...).

When testing, code that causes React state updates should be wrapped into act(...):

act(() => {
  /* fire events that update state */
});
/* assert on the output */

This ensures that you're testing the behavior the user would see in the browser. Learn more at https://react.dev/link/wrap-tests-with-act

[90mstderr[2m | src/pages/charts/widgets/ScatterWidget.linkedList.test.jsx[2m > [22m[2mthe Market Map follows its group's list-ref channel[2m > [22m[2mswitching the watchlist to a list the map cannot resolve CLEARS the link — no stale list
[22m[39mAn update to ScatterWidget inside a test was not wrapped in act(...).

When testing, code that causes React state updates should be wrapped into act(...):

act(() => {
  /* fire events that update state */
});
/* assert on the output */

This ensures that you're testing the behavior the user would see in the browser. Learn more at https://react.dev/link/wrap-tests-with-act

[90mstderr[2m | src/pages/charts/widgets/ScatterWidget.linkedList.test.jsx[2m > [22m[2mthe Market Map follows its group's list-ref channel[2m > [22m[2mremoving the watchlist clears its list — the map falls back to its own universe
[22m[39mAn update to ScatterWidget inside a test was not wrapped in act(...).

When testing, code that causes React state updates should be wrapped into act(...):

act(() => {
  /* fire events that update state */
});
/* assert on the output */

This ensures that you're testing the behavior the user would see in the browser. Learn more at https://react.dev/link/wrap-tests-with-act

[90mstderr[2m | src/hub/sections/notebookVoiceNote.test.jsx[2m > [22m[2mD-17 — the action exists and is wired (non-vacuity)[2m > [22m[2m⛔ the controller gives it a run body — the registry alone would be a silent bubble
[22m[39mAn update to HubProvider inside a test was not wrapped in act(...).

When testing, code that causes React state updates should be wrapped into act(...):

act(() => {
  /* fire events that update state */
});
/* assert on the output */

This ensures that you're testing the behavior the user would see in the browser. Learn more at https://react.dev/link/wrap-tests-with-act

[90mstderr[2m | src/hub/sections/notebookVoiceNote.test.jsx[2m > [22m[2mD-17 — the action exists and is wired (non-vacuity)[2m > [22m[2moff the Notebook route the controller registers nothing to fire
[22m[39mAn update to HubProvider inside a test was not wrapped in act(...).

When testing, code that causes React state updates should be wrapped into act(...):

act(() => {
  /* fire events that update state */
});
/* assert on the output */

This ensures that you're testing the behavior the user would see in the browser. Learn more at https://react.dev/link/wrap-tests-with-act

[90mstderr[2m | src/pages/charts/widgets/ScatterWidget.linkedList.test.jsx[2m > [22m[2mthe Market Map follows its group's list-ref channel[2m > [22m[2mthe toggle is a real control: it persists followList, and picking a saved tab turns it off
[22m[39mAn update to ScatterWidget inside a test was not wrapped in act(...).

When testing, code that causes React state updates should be wrapped into act(...):

act(() => {
  /* fire events that update state */
});
/* assert on the output */

This ensures that you're testing the behavior the user would see in the browser. Learn more at https://react.dev/link/wrap-tests-with-act

[90mstderr[2m | src/pages/charts/widgets/ScatterWidget.linkedList.test.jsx[2m > [22m[2mthe Market Map follows its group's list-ref channel[2m > [22m[2mclicking a saved universe tab while following turns following off
[22m[39mAn update to ScatterWidget inside a test was not wrapped in act(...).

When testing, code that causes React state updates should be wrapped into act(...):

act(() => {
  /* fire events that update state */
});
/* assert on the output */

This ensures that you're testing the behavior the user would see in the browser. Learn more at https://react.dev/link/wrap-tests-with-act

[90mstderr[2m | src/pages/journal-2-0/LogTradeButton.test.jsx[2m > [22m[2mLogTradeButton — handleCreatePosition (P0-18 fix)[2m > [22m[2mreturns the created position -- AddPositionModal needs created.id to attach a thesis link
[22m[39mAn update to LogTradeButton inside a test was not wrapped in act(...).

When testing, code that causes React state updates should be wrapped into act(...):

act(() => {
  /* fire events that update state */
});
/* assert on the output */

This ensures that you're testing the behavior the user would see in the browser. Learn more at https://react.dev/link/wrap-tests-with-act

[90mstderr[2m | src/components/tiles/JournalSnapshotTile.test.jsx[2m > [22m[2mempty state (no broker) is a connect call-to-action (no fake data)
[22m[39mAn update to AuthProvider inside a test was not wrapped in act(...).

When testing, code that causes React state updates should be wrapped into act(...):

act(() => {
  /* fire events that update state */
});
/* assert on the output */

This ensures that you're testing the behavior the user would see in the browser. Learn more at https://react.dev/link/wrap-tests-with-act
An update to AuthProvider inside a test was not wrapped in act(...).

When testing, code that causes React state updates should be wrapped into act(...):

act(() => {
  /* fire events that update state */
});
/* assert on the output */

This ensures that you're testing the behavior the user would see in the browser. Learn more at https://react.dev/link/wrap-tests-with-act

[90mstderr[2m | src/components/tiles/JournalSnapshotTile.test.jsx[2m > [22m[2mempty state (broker connected) shows the synced/flat message
[22m[39mAn update to AuthProvider inside a test was not wrapped in act(...).

When testing, code that causes React state updates should be wrapped into act(...):

act(() => {
  /* fire events that update state */
});
/* assert on the output */

This ensures that you're testing the behavior the user would see in the browser. Learn more at https://react.dev/link/wrap-tests-with-act
An update to AuthProvider inside a test was not wrapped in act(...).

When testing, code that causes React state updates should be wrapped into act(...):

act(() => {
  /* fire events that update state */
});
/* assert on the output */

This ensures that you're testing the behavior the user would see in the browser. Learn more at https://react.dev/link/wrap-tests-with-act

[90mstderr[2m | src/components/tiles/JournalSnapshotTile.test.jsx[2m > [22m[2mrenders portfolio value + Today + Open P&L from open positions
[22m[39mAn update to AuthProvider inside a test was not wrapped in act(...).

When testing, code that causes React state updates should be wrapped into act(...):

act(() => {
  /* fire events that update state */
});
/* assert on the output */

This ensures that you're testing the behavior the user would see in the browser. Learn more at https://react.dev/link/wrap-tests-with-act
An update to AuthProvider inside a test was not wrapped in act(...).

When testing, code that causes React state updates should be wrapped into act(...):

act(() => {
  /* fire events that update state */
});
/* assert on the output */

This ensures that you're testing the behavior the user would see in the browser. Learn more at https://react.dev/link/wrap-tests-with-act

[90mstderr[2m | src/components/tiles/JournalSnapshotTile.test.jsx[2m > [22m[2mbroker account: hero uses real net-liq balance, never $0.00 when live feed is empty
[22m[39mAn update to AuthProvider inside a test was not wrapped in act(...).

When testing, code that causes React state updates should be wrapped into act(...):

act(() => {
  /* fire events that update state */
});
/* assert on the output */

This ensures that you're testing the behavior the user would see in the browser. Learn more at https://react.dev/link/wrap-tests-with-act
An update to AuthProvider inside a test was not wrapped in act(...).

When testing, code that causes React state updates should be wrapped into act(...):

act(() => {
  /* fire events that update state */
});
/* assert on the output */

This ensures that you're testing the behavior the user would see in the browser. Learn more at https://react.dev/link/wrap-tests-with-act

[90mstderr[2m | src/components/tiles/JournalSnapshotTile.test.jsx[2m > [22m[2mbroker account with no equity basis yet shows the placeholder, never $0.00
[22m[39mAn update to AuthProvider inside a test was not wrapped in act(...).

When testing, code that causes React state updates should be wrapped into act(...):

act(() => {
  /* fire events that update state */
});
/* assert on the output */

This ensures that you're testing the behavior the user would see in the browser. Learn more at https://react.dev/link/wrap-tests-with-act
An update to AuthProvider inside a test was not wrapped in act(...).

When testing, code that causes React state updates should be wrapped into act(...):

act(() => {
  /* fire events that update state */
});
/* assert on the output */

This ensures that you're testing the behavior the user would see in the browser. Learn more at https://react.dev/link/wrap-tests-with-act

[90mstderr[2m | src/components/tiles/JournalSnapshotTile.test.jsx[2m > [22m[2mincludes open option strategies with broker value
[22m[39mAn update to AuthProvider inside a test was not wrapped in act(...).

When testing, code that causes React state updates should be wrapped into act(...):

act(() => {
  /* fire events that update state */
});
/* assert on the output */

This ensures that you're testing the behavior the user would see in the browser. Learn more at https://react.dev/link/wrap-tests-with-act
An update to AuthProvider inside a test was not wrapped in act(...).

When testing, code that causes React state updates should be wrapped into act(...):

act(() => {
  /* fire events that update state */
});
/* assert on the output */

This ensures that you're testing the behavior the user would see in the browser. Learn more at https://react.dev/link/wrap-tests-with-act

[90mstderr[2m | src/components/tiles/JournalSnapshotTile.test.jsx[2m > [22m[2mbroker headline = cash + live market value (Robinhood-accurate, beats stale broker total)
[22m[39mAn update to AuthProvider inside a test was not wrapped in act(...).

When testing, code that causes React state updates should be wrapped into act(...):

act(() => {
  /* fire events that update state */
});
/* assert on the output */

This ensures that you're testing the behavior the user would see in the browser. Learn more at https://react.dev/link/wrap-tests-with-act
An update to AuthProvider inside a test was not wrapped in act(...).

When testing, code that causes React state updates should be wrapped into act(...):

act(() => {
  /* fire events that update state */
});
/* assert on the output */

This ensures that you're testing the behavior the user would see in the browser. Learn more at https://react.dev/link/wrap-tests-with-act

[90mstderr[2m | src/components/tiles/JournalSnapshotTile.test.jsx[2m > [22m[2mbroker headline counts option market value in the net-liq
[22m[39mAn update to AuthProvider inside a test was not wrapped in act(...).

When testing, code that causes React state updates should be wrapped into act(...):

act(() => {
  /* fire events that update state */
});
/* assert on the output */

This ensures that you're testing the behavior the user would see in the browser. Learn more at https://react.dev/link/wrap-tests-with-act
An update to AuthProvider inside a test was not wrapped in act(...).

When testing, code that causes React state updates should be wrapped into act(...):

act(() => {
  /* fire events that update state */
});
/* assert on the output */

This ensures that you're testing the behavior the user would see in the browser. Learn more at https://react.dev/link/wrap-tests-with-act

[90mstderr[2m | src/components/tiles/JournalSnapshotTile.test.jsx[2m > [22m[2mpopulated tile links into the journal positions tab
[22m[39mAn update to AuthProvider inside a test was not wrapped in act(...).

When testing, code that causes React state updates should be wrapped into act(...):

act(() => {
  /* fire events that update state */
});
/* assert on the output */

This ensures that you're testing the behavior the user would see in the browser. Learn more at https://react.dev/link/wrap-tests-with-act
An update to AuthProvider inside a test was not wrapped in act(...).

When testing, code that causes React state updates should be wrapped into act(...):

act(() => {
  /* fire events that update state */
});
/* assert on the output */

This ensures that you're testing the behavior the user would see in the browser. Learn more at https://react.dev/link/wrap-tests-with-act

Not implemented: HTMLMediaElement's load() method
[90mstderr[2m | src/pages/CotData.test.jsx[2m > [22m[2mno freshness line renders when /status has not resolved yet
[22m[39mAn update to CotData inside a test was not wrapped in act(...).

When testing, code that causes React state updates should be wrapped into act(...):

act(() => {
  /* fire events that update state */
});
/* assert on the output */

This ensures that you're testing the behavior the user would see in the browser. Learn more at https://react.dev/link/wrap-tests-with-act
An update to CotData inside a test was not wrapped in act(...).

When testing, code that causes React state updates should be wrapped into act(...):

act(() => {
  /* fire events that update state */
});
/* assert on the output */

This ensures that you're testing the behavior the user would see in the browser. Learn more at https://react.dev/link/wrap-tests-with-act
An update to CotData inside a test was not wrapped in act(...).

When testing, code that causes React state updates should be wrapped into act(...):

act(() => {
  /* fire events that update state */
});
/* assert on the output */

This ensures that you're testing the behavior the user would see in the browser. Learn more at https://react.dev/link/wrap-tests-with-act

[90mstderr[2m | src/pages/CotData.test.jsx[2m > [22m[2mthe live "INDICES" group from /api/cot/symbols is reachable from the picker
[22m[39mAn update to CotData inside a test was not wrapped in act(...).

When testing, code that causes React state updates should be wrapped into act(...):

act(() => {
  /* fire events that update state */
});
/* assert on the output */

This ensures that you're testing the behavior the user would see in the browser. Learn more at https://react.dev/link/wrap-tests-with-act

[90mstderr[2m | src/pages/CotData.test.jsx[2m > [22m[2mfalls back to the hardcoded symbol list without crashing when /symbols has not resolved
[22m[39mAn update to CotData inside a test was not wrapped in act(...).

When testing, code that causes React state updates should be wrapped into act(...):

act(() => {
  /* fire events that update state */
});
/* assert on the output */

This ensures that you're testing the behavior the user would see in the browser. Learn more at https://react.dev/link/wrap-tests-with-act

[90mstderr[2m | src/pages/UCT20.test.jsx[2m > [22m[2mrenders UCT 20 heading
[22m[39mAn update to AuthProvider inside a test was not wrapped in act(...).

When testing, code that causes React state updates should be wrapped into act(...):

act(() => {
  /* fire events that update state */
});
/* assert on the output */

This ensures that you're testing the behavior the user would see in the browser. Learn more at https://react.dev/link/wrap-tests-with-act
An update to AuthProvider inside a test was not wrapped in act(...).

When testing, code that causes React state updates should be wrapped into act(...):

act(() => {
  /* fire events that update state */
});
/* assert on the output */

This ensures that you're testing the behavior the user would see in the browser. Learn more at https://react.dev/link/wrap-tests-with-act

[90mstderr[2m | src/pages/UCT20.test.jsx[2m > [22m[2mheld banner shows the list's verified date, not the push date
[22m[39mAn update to AuthProvider inside a test was not wrapped in act(...).

When testing, code that causes React state updates should be wrapped into act(...):

act(() => {
  /* fire events that update state */
});
/* assert on the output */

This ensures that you're testing the behavior the user would see in the browser. Learn more at https://react.dev/link/wrap-tests-with-act
An update to AuthProvider inside a test was not wrapped in act(...).

When testing, code that causes React state updates should be wrapped into act(...):

act(() => {
  /* fire events that update state */
});
/* assert on the output */

This ensures that you're testing the behavior the user would see in the browser. Learn more at https://react.dev/link/wrap-tests-with-act

[90mstderr[2m | src/pages/UCT20.test.jsx[2m > [22m[2mthe performance tile renders below the stock list
[22m[39mAn update to AuthProvider inside a test was not wrapped in act(...).

When testing, code that causes React state updates should be wrapped into act(...):

act(() => {
  /* fire events that update state */
});
/* assert on the output */

This ensures that you're testing the behavior the user would see in the browser. Learn more at https://react.dev/link/wrap-tests-with-act
An update to AuthProvider inside a test was not wrapped in act(...).

When testing, code that causes React state updates should be wrapped into act(...):

act(() => {
  /* fire events that update state */
});
/* assert on the output */

This ensures that you're testing the behavior the user would see in the browser. Learn more at https://react.dev/link/wrap-tests-with-act

[90mstderr[2m | src/pages/breadth/BreadthViews.windowShrink.test.jsx[2m > [22m[2mthe cursor cannot outlive the window it sat in[2m > [22m[2mlands in bounds — on the new window’s oldest row — after a shrink
[22m[39mAn update to BreadthViews inside a test was not wrapped in act(...).

When testing, code that causes React state updates should be wrapped into act(...):

act(() => {
  /* fire events that update state */
});
/* assert on the output */

This ensures that you're testing the behavior the user would see in the browser. Learn more at https://react.dev/link/wrap-tests-with-act

[90mstderr[2m | src/pages/breadth/BreadthViews.windowShrink.test.jsx[2m > [22m[2mthe cursor cannot outlive the window it sat in[2m > [22m[2mnever prints an impossible position at any depth of shrink
[22m[39mAn update to BreadthViews inside a test was not wrapped in act(...).

When testing, code that causes React state updates should be wrapped into act(...):

act(() => {
  /* fire events that update state */
});
/* assert on the output */

This ensures that you're testing the behavior the user would see in the browser. Learn more at https://react.dev/link/wrap-tests-with-act

[90mstderr[2m | src/pages/breadth/BreadthViews.windowShrink.test.jsx[2m > [22m[2mthe cursor cannot outlive the window it sat in[2m > [22m[2mleaves the cursor alone when the window GROWS
[22m[39mAn update to BreadthViews inside a test was not wrapped in act(...).

When testing, code that causes React state updates should be wrapped into act(...):

act(() => {
  /* fire events that update state */
});
/* assert on the output */

This ensures that you're testing the behavior the user would see in the browser. Learn more at https://react.dev/link/wrap-tests-with-act

[90mstderr[2m | src/pages/breadth/BreadthViews.windowShrink.test.jsx[2m > [22m[2mthe cursor cannot outlive the window it sat in[2m > [22m[2mdrags an IN-FLIGHT playback run back into the new window
[22m[39mAn update to BreadthViews inside a test was not wrapped in act(...).

When testing, code that causes React state updates should be wrapped into act(...):

act(() => {
  /* fire events that update state */
});
/* assert on the output */

This ensures that you're testing the behavior the user would see in the browser. Learn more at https://react.dev/link/wrap-tests-with-act

[90mstderr[2m | src/pages/research/tabs/OwnershipTab.test.jsx[2m > [22m[2mOwnershipTab[2m > [22m[2mrenders institutional, short interest, share counts, and insider activity
[22m[39m[ECharts] Can't get DOM width or height. Please check dom.clientWidth and dom.clientHeight. They should not be 0.For example, you may need to call this in the callback of window.onload.

[90mstderr[2m | src/pages/research/tabs/OwnershipTab.test.jsx[2m > [22m[2mOwnershipTab[2m > [22m[2mshows an entity-unresolved note when Entity Master has not linked the symbol
[22m[39m[ECharts] Can't get DOM width or height. Please check dom.clientWidth and dom.clientHeight. They should not be 0.For example, you may need to call this in the callback of window.onload.

[90mstderr[2m | src/pages/community/Composer.test.jsx[2m > [22m[2mcomposer renders editor and submit button
[22m[39m[tiptap warn]: Duplicate extension names found: ['link']. This can lead to issues.

[90mstderr[2m | src/pages/community/Composer.test.jsx[2m > [22m[2mcomposer renders editor and submit button
[22m[39mAn update to AuthProvider inside a test was not wrapped in act(...).

When testing, code that causes React state updates should be wrapped into act(...):

act(() => {
  /* fire events that update state */
});
/* assert on the output */

This ensures that you're testing the behavior the user would see in the browser. Learn more at https://react.dev/link/wrap-tests-with-act
An update to AuthProvider inside a test was not wrapped in act(...).

When testing, code that causes React state updates should be wrapped into act(...):

act(() => {
  /* fire events that update state */
});
/* assert on the output */

This ensures that you're testing the behavior the user would see in the browser. Learn more at https://react.dev/link/wrap-tests-with-act

[90mstderr[2m | src/pages/ChartRender.breadth.test.jsx[2m > [22m[2mChartRender ?breadth=[2m > [22m[2mpaints a breadth metric like ChartPane does
[22m[39mAn update to ChartRender inside a test was not wrapped in act(...).

When testing, code that causes React state updates should be wrapped into act(...):

act(() => {
  /* fire events that update state */
});
/* assert on the output */

This ensures that you're testing the behavior the user would see in the browser. Learn more at https://react.dev/link/wrap-tests-with-act
An update to ChartRender inside a test was not wrapped in act(...).

When testing, code that causes React state updates should be wrapped into act(...):

act(() => {
  /* fire events that update state */
});
/* assert on the output */

This ensures that you're testing the behavior the user would see in the browser. Learn more at https://react.dev/link/wrap-tests-with-act

[90mstderr[2m | src/pages/ChartRender.breadth.test.jsx[2m > [22m[2mChartRender ?breadth=[2m > [22m[2mchanges nothing for a stock
[22m[39mAn update to ChartRender inside a test was not wrapped in act(...).

When testing, code that causes React state updates should be wrapped into act(...):

act(() => {
  /* fire events that update state */
});
/* assert on the output */

This ensures that you're testing the behavior the user would see in the browser. Learn more at https://react.dev/link/wrap-tests-with-act
An update to ChartRender inside a test was not wrapped in act(...).

When testing, code that causes React state updates should be wrapped into act(...):

act(() => {
  /* fire events that update state */
});
/* assert on the output */

This ensures that you're testing the behavior the user would see in the browser. Learn more at https://react.dev/link/wrap-tests-with-act

[90mstderr[2m | src/components/admin/ChatModerationPanel.test.jsx[2m > [22m[2mrenders open reports with Hide/Dismiss actions
[22m[39mAn update to AuthProvider inside a test was not wrapped in act(...).

When testing, code that causes React state updates should be wrapped into act(...):

act(() => {
  /* fire events that update state */
});
/* assert on the output */

This ensures that you're testing the behavior the user would see in the browser. Learn more at https://react.dev/link/wrap-tests-with-act
An update to AuthProvider inside a test was not wrapped in act(...).

When testing, code that causes React state updates should be wrapped into act(...):

act(() => {
  /* fire events that update state */
});
/* assert on the output */

This ensures that you're testing the behavior the user would see in the browser. Learn more at https://react.dev/link/wrap-tests-with-act
An update to AuthProvider inside a test was not wrapped in act(...).

When testing, code that causes React state updates should be wrapped into act(...):

act(() => {
  /* fire events that update state */
});
/* assert on the output */

This ensures that you're testing the behavior the user would see in the browser. Learn more at https://react.dev/link/wrap-tests-with-act
An update to AuthProvider inside a test was not wrapped in act(...).

When testing, code that causes React state updates should be wrapped into act(...):

act(() => {
  /* fire events that update state */
});
/* assert on the output */

This ensures that you're testing the behavior the user would see in the browser. Learn more at https://react.dev/link/wrap-tests-with-act
An update to AuthProvider inside a test was not wrapped in act(...).

When testing, code that causes React state updates should be wrapped into act(...):

act(() => {
  /* fire events that update state */
});
/* assert on the output */

This ensures that you're testing the behavior the user would see in the browser. Learn more at https://react.dev/link/wrap-tests-with-act
An update to AuthProvider inside a test was not wrapped in act(...).

When testing, code that causes React state updates should be wrapped into act(...):

act(() => {
  /* fire events that update state */
});
/* assert on the output */

This ensures that you're testing the behavior the user would see in the browser. Learn more at https://react.dev/link/wrap-tests-with-act
An update to AuthProvider inside a test was not wrapped in act(...).

When testing, code that causes React state updates should be wrapped into act(...):

act(() => {
  /* fire events that update state */
});
/* assert on the output */

This ensures that you're testing the behavior the user would see in the browser. Learn more at https://react.dev/link/wrap-tests-with-act
An update to AuthProvider inside a test was not wrapped in act(...).

When testing, code that causes React state updates should be wrapped into act(...):

act(() => {
  /* fire events that update state */
});
/* assert on the output */

This ensures that you're testing the behavior the user would see in the browser. Learn more at https://react.dev/link/wrap-tests-with-act
An update to AuthProvider inside a test was not wrapped in act(...).

When testing, code that causes React state updates should be wrapped into act(...):

act(() => {
  /* fire events that update state */
});
/* assert on the output */

This ensures that you're testing the behavior the user would see in the browser. Learn more at https://react.dev/link/wrap-tests-with-act
An update to AuthProvider inside a test was not wrapped in act(...).

When testing, code that causes React state updates should be wrapped into act(...):

act(() => {
  /* fire events that update state */
});
/* assert on the output */

This ensures that you're testing the behavior the user would see in the browser. Learn more at https://react.dev/link/wrap-tests-with-act
An update to AuthProvider inside a test was not wrapped in act(...).

When testing, code that causes React state updates should be wrapped into act(...):

act(() => {
  /* fire events that update state */
});
/* assert on the output */

This ensures that you're testing the behavior the user would see in the browser. Learn more at https://react.dev/link/wrap-tests-with-act
An update to AuthProvider inside a test was not wrapped in act(...).

When testing, code that causes React state updates should be wrapped into act(...):

act(() => {
  /* fire events that update state */
});
/* assert on the output */

This ensures that you're testing the behavior the user would see in the browser. Learn more at https://react.dev/link/wrap-tests-with-act
An update to AuthProvider inside a test was not wrapped in act(...).

When testing, code that causes React state updates should be wrapped into act(...):

act(() => {
  /* fire events that update state */
});
/* assert on the output */

This ensures that you're testing the behavior the user would see in the browser. Learn more at https://react.dev/link/wrap-tests-with-act
An update to AuthProvider inside a test was not wrapped in act(...).

When testing, code that causes React state updates should be wrapped into act(...):

act(() => {
  /* fire events that update state */
});
/* assert on the output */

This ensures that you're testing the behavior the user would see in the browser. Learn more at https://react.dev/link/wrap-tests-with-act
An update to AuthProvider inside a test was not wrapped in act(...).

When testing, code that causes React state updates should be wrapped into act(...):

act(() => {
  /* fire events that update state */
});
/* assert on the output */

This ensures that you're testing the behavior the user would see in the browser. Learn more at https://react.dev/link/wrap-tests-with-act
An update to AuthProvider inside a test was not wrapped in act(...).

When testing, code that causes React state updates should be wrapped into act(...):

act(() => {
  /* fire events that update state */
});
/* assert on the output */

This ensures that you're testing the behavior the user would see in the browser. Learn more at https://react.dev/link/wrap-tests-with-act
An update to AuthProvider inside a test was not wrapped in act(...).

When testing, code that causes React state updates should be wrapped into act(...):

act(() => {
  /* fire events that update state */
});
/* assert on the output */

This ensures that you're testing the behavior the user would see in the browser. Learn more at https://react.dev/link/wrap-tests-with-act
An update to AuthProvider inside a test was not wrapped in act(...).

When testing, code that causes React state updates should be wrapped into act(...):

act(() => {
  /* fire events that update state */
});
/* assert on the output */

This ensures that you're testing the behavior the user would see in the browser. Learn more at https://react.dev/link/wrap-tests-with-act
An update to AuthProvider inside a test was not wrapped in act(...).

When testing, code that causes React state updates should be wrapped into act(...):

act(() => {
  /* fire events that update state */
});
/* assert on the output */

This ensures that you're testing the behavior the user would see in the browser. Learn more at https://react.dev/link/wrap-tests-with-act
An update to AuthProvider inside a test was not wrapped in act(...).

When testing, code that causes React state updates should be wrapped into act(...):

act(() => {
  /* fire events that update state */
});
/* assert on the output */

This ensures that you're testing the behavior the user would see in the browser. Learn more at https://react.dev/link/wrap-tests-with-act

[90mstderr[2m | src/components/admin/ChatModerationPanel.test.jsx[2m > [22m[2mdoes not render a Mute author action
[22m[39mAn update to AuthProvider inside a test was not wrapped in act(...).

When testing, code that causes React state updates should be wrapped into act(...):

act(() => {
  /* fire events that update state */
});
/* assert on the output */

This ensures that you're testing the behavior the user would see in the browser. Learn more at https://react.dev/link/wrap-tests-with-act
An update to AuthProvider inside a test was not wrapped in act(...).

When testing, code that causes React state updates should be wrapped into act(...):

act(() => {
  /* fire events that update state */
});
/* assert on the output */

This ensures that you're testing the behavior the user would see in the browser. Learn more at https://react.dev/link/wrap-tests-with-act
An update to AuthProvider inside a test was not wrapped in act(...).

When testing, code that causes React state updates should be wrapped into act(...):

act(() => {
  /* fire events that update state */
});
/* assert on the output */

This ensures that you're testing the behavior the user would see in the browser. Learn more at https://react.dev/link/wrap-tests-with-act
An update to AuthProvider inside a test was not wrapped in act(...).

When testing, code that causes React state updates should be wrapped into act(...):

act(() => {
  /* fire events that update state */
});
/* assert on the output */

This ensures that you're testing the behavior the user would see in the browser. Learn more at https://react.dev/link/wrap-tests-with-act
An update to AuthProvider inside a test was not wrapped in act(...).

When testing, code that causes React state updates should be wrapped into act(...):

act(() => {
  /* fire events that update state */
});
/* assert on the output */

This ensures that you're testing the behavior the user would see in the browser. Learn more at https://react.dev/link/wrap-tests-with-act
An update to AuthProvider inside a test was not wrapped in act(...).

When testing, code that causes React state updates should be wrapped into act(...):

act(() => {
  /* fire events that update state */
});
/* assert on the output */

This ensures that you're testing the behavior the user would see in the browser. Learn more at https://react.dev/link/wrap-tests-with-act
An update to AuthProvider inside a test was not wrapped in act(...).

When testing, code that causes React state updates should be wrapped into act(...):

act(() => {
  /* fire events that update state */
});
/* assert on the output */

This ensures that you're testing the behavior the user would see in the browser. Learn more at https://react.dev/link/wrap-tests-with-act
An update to AuthProvider inside a test was not wrapped in act(...).

When testing, code that causes React state updates should be wrapped into act(...):

act(() => {
  /* fire events that update state */
});
/* assert on the output */

This ensures that you're testing the behavior the user would see in the browser. Learn more at https://react.dev/link/wrap-tests-with-act
An update to AuthProvider inside a test was not wrapped in act(...).

When testing, code that causes React state updates should be wrapped into act(...):

act(() => {
  /* fire events that update state */
});
/* assert on the output */

This ensures that you're testing the behavior the user would see in the browser. Learn more at https://react.dev/link/wrap-tests-with-act
An update to AuthProvider inside a test was not wrapped in act(...).

When testing, code that causes React state updates should be wrapped into act(...):

act(() => {
  /* fire events that update state */
});
/* assert on the output */

This ensures that you're testing the behavior the user would see in the browser. Learn more at https://react.dev/link/wrap-tests-with-act
An update to AuthProvider inside a test was not wrapped in act(...).

When testing, code that causes React state updates should be wrapped into act(...):

act(() => {
  /* fire events that update state */
});
/* assert on the output */

This ensures that you're testing the behavior the user would see in the browser. Learn more at https://react.dev/link/wrap-tests-with-act
An update to AuthProvider inside a test was not wrapped in act(...).

When testing, code that causes React state updates should be wrapped into act(...):

act(() => {
  /* fire events that update state */
});
/* assert on the output */

This ensures that you're testing the behavior the user would see in the browser. Learn more at https://react.dev/link/wrap-tests-with-act
An update to AuthProvider inside a test was not wrapped in act(...).

When testing, code that causes React state updates should be wrapped into act(...):

act(() => {
  /* fire events that update state */
});
/* assert on the output */

This ensures that you're testing the behavior the user would see in the browser. Learn more at https://react.dev/link/wrap-tests-with-act
An update to AuthProvider inside a test was not wrapped in act(...).

When testing, code that causes React state updates should be wrapped into act(...):

act(() => {
  /* fire events that update state */
});
/* assert on the output */

This ensures that you're testing the behavior the user would see in the browser. Learn more at https://react.dev/link/wrap-tests-with-act
An update to AuthProvider inside a test was not wrapped in act(...).

When testing, code that causes React state updates should be wrapped into act(...):

act(() => {
  /* fire events that update state */
});
/* assert on the output */

This ensures that you're testing the behavior the user would see in the browser. Learn more at https://react.dev/link/wrap-tests-with-act
An update to AuthProvider inside a test was not wrapped in act(...).

When testing, code that causes React state updates should be wrapped into act(...):

act(() => {
  /* fire events that update state */
});
/* assert on the output */

This ensures that you're testing the behavior the user would see in the browser. Learn more at https://react.dev/link/wrap-tests-with-act
An update to AuthProvider inside a test was not wrapped in act(...).

When testing, code that causes React state updates should be wrapped into act(...):

act(() => {
  /* fire events that update state */
});
/* assert on the output */

This ensures that you're testing the behavior the user would see in the browser. Learn more at https://react.dev/link/wrap-tests-with-act
An update to AuthProvider inside a test was not wrapped in act(...).

When testing, code that causes React state updates should be wrapped into act(...):

act(() => {
  /* fire events that update state */
});
/* assert on the output */

This ensures that you're testing the behavior the user would see in the browser. Learn more at https://react.dev/link/wrap-tests-with-act
An update to AuthProvider inside a test was not wrapped in act(...).

When testing, code that causes React state updates should be wrapped into act(...):

act(() => {
  /* fire events that update state */
});
/* assert on the output */

This ensures that you're testing the behavior the user would see in the browser. Learn more at https://react.dev/link/wrap-tests-with-act
An update to AuthProvider inside a test was not wrapped in act(...).

When testing, code that causes React state updates should be wrapped into act(...):

act(() => {
  /* fire events that update state */
});
/* assert on the output */

This ensures that you're testing the behavior the user would see in the browser. Learn more at https://react.dev/link/wrap-tests-with-act

[90mstderr[2m | src/components/admin/ChatModerationPanel.test.jsx[2m > [22m[2mHide calls the PATCH endpoint with the correct body
[22m[39mAn update to AuthProvider inside a test was not wrapped in act(...).

When testing, code that causes React state updates should be wrapped into act(...):

act(() => {
  /* fire events that update state */
});
/* assert on the output */

This ensures that you're testing the behavior the user would see in the browser. Learn more at https://react.dev/link/wrap-tests-with-act
An update to AuthProvider inside a test was not wrapped in act(...).

When testing, code that causes React state updates should be wrapped into act(...):

act(() => {
  /* fire events that update state */
});
/* assert on the output */

This ensures that you're testing the behavior the user would see in the browser. Learn more at https://react.dev/link/wrap-tests-with-act
An update to AuthProvider inside a test was not wrapped in act(...).

When testing, code that causes React state updates should be wrapped into act(...):

act(() => {
  /* fire events that update state */
});
/* assert on the output */

This ensures that you're testing the behavior the user would see in the browser. Learn more at https://react.dev/link/wrap-tests-with-act
An update to AuthProvider inside a test was not wrapped in act(...).

When testing, code that causes React state updates should be wrapped into act(...):

act(() => {
  /* fire events that update state */
});
/* assert on the output */

This ensures that you're testing the behavior the user would see in the browser. Learn more at https://react.dev/link/wrap-tests-with-act
An update to AuthProvider inside a test was not wrapped in act(...).

When testing, code that causes React state updates should be wrapped into act(...):

act(() => {
  /* fire events that update state */
});
/* assert on the output */

This ensures that you're testing the behavior the user would see in the browser. Learn more at https://react.dev/link/wrap-tests-with-act
An update to AuthProvider inside a test was not wrapped in act(...).

When testing, code that causes React state updates should be wrapped into act(...):

act(() => {
  /* fire events that update state */
});
/* assert on the output */

This ensures that you're testing the behavior the user would see in the browser. Learn more at https://react.dev/link/wrap-tests-with-act
An update to AuthProvider inside a test was not wrapped in act(...).

When testing, code that causes React state updates should be wrapped into act(...):

act(() => {
  /* fire events that update state */
});
/* assert on the output */

This ensures that you're testing the behavior the user would see in the browser. Learn more at https://react.dev/link/wrap-tests-with-act
An update to AuthProvider inside a test was not wrapped in act(...).

When testing, code that causes React state updates should be wrapped into act(...):

act(() => {
  /* fire events that update state */
});
/* assert on the output */

This ensures that you're testing the behavior the user would see in the browser. Learn more at https://react.dev/link/wrap-tests-with-act
An update to AuthProvider inside a test was not wrapped in act(...).

When testing, code that causes React state updates should be wrapped into act(...):

act(() => {
  /* fire events that update state */
});
/* assert on the output */

This ensures that you're testing the behavior the user would see in the browser. Learn more at https://react.dev/link/wrap-tests-with-act
An update to AuthProvider inside a test was not wrapped in act(...).

When testing, code that causes React state updates should be wrapped into act(...):

act(() => {
  /* fire events that update state */
});
/* assert on the output */

This ensures that you're testing the behavior the user would see in the browser. Learn more at https://react.dev/link/wrap-tests-with-act
An update to AuthProvider inside a test was not wrapped in act(...).

When testing, code that causes React state updates should be wrapped into act(...):

act(() => {
  /* fire events that update state */
});
/* assert on the output */

This ensures that you're testing the behavior the user would see in the browser. Learn more at https://react.dev/link/wrap-tests-with-act
An update to AuthProvider inside a test was not wrapped in act(...).

When testing, code that causes React state updates should be wrapped into act(...):

act(() => {
  /* fire events that update state */
});
/* assert on the output */

This ensures that you're testing the behavior the user would see in the browser. Learn more at https://react.dev/link/wrap-tests-with-act
An update to AuthProvider inside a test was not wrapped in act(...).

When testing, code that causes React state updates should be wrapped into act(...):

act(() => {
  /* fire events that update state */
});
/* assert on the output */

This ensures that you're testing the behavior the user would see in the browser. Learn more at https://react.dev/link/wrap-tests-with-act
An update to AuthProvider inside a test was not wrapped in act(...).

When testing, code that causes React state updates should be wrapped into act(...):

act(() => {
  /* fire events that update state */
});
/* assert on the output */

This ensures that you're testing the behavior the user would see in the browser. Learn more at https://react.dev/link/wrap-tests-with-act
An update to AuthProvider inside a test was not wrapped in act(...).

When testing, code that causes React state updates should be wrapped into act(...):

act(() => {
  /* fire events that update state */
});
/* assert on the output */

This ensures that you're testing the behavior the user would see in the browser. Learn more at https://react.dev/link/wrap-tests-with-act
An update to AuthProvider inside a test was not wrapped in act(...).

When testing, code that causes React state updates should be wrapped into act(...):

act(() => {
  /* fire events that update state */
});
/* assert on the output */

This ensures that you're testing the behavior the user would see in the browser. Learn more at https://react.dev/link/wrap-tests-with-act
An update to AuthProvider inside a test was not wrapped in act(...).

When testing, code that causes React state updates should be wrapped into act(...):

act(() => {
  /* fire events that update state */
});
/* assert on the output */

This ensures that you're testing the behavior the user would see in the browser. Learn more at https://react.dev/link/wrap-tests-with-act
An update to AuthProvider inside a test was not wrapped in act(...).

When testing, code that causes React state updates should be wrapped into act(...):

act(() => {
  /* fire events that update state */
});
/* assert on the output */

This ensures that you're testing the behavior the user would see in the browser. Learn more at https://react.dev/link/wrap-tests-with-act
An update to AuthProvider inside a test was not wrapped in act(...).

When testing, code that causes React state updates should be wrapped into act(...):

act(() => {
  /* fire events that update state */
});
/* assert on the output */

This ensures that you're testing the behavior the user would see in the browser. Learn more at https://react.dev/link/wrap-tests-with-act
An update to AuthProvider inside a test was not wrapped in act(...).

When testing, code that causes React state updates should be wrapped into act(...):

act(() => {
  /* fire events that update state */
});
/* assert on the output */

This ensures that you're testing the behavior the user would see in the browser. Learn more at https://react.dev/link/wrap-tests-with-act

[90mstderr[2m | src/components/admin/ChatModerationPanel.test.jsx[2m > [22m[2mDismiss calls the PATCH endpoint with the correct body
[22m[39mAn update to AuthProvider inside a test was not wrapped in act(...).

When testing, code that causes React state updates should be wrapped into act(...):

act(() => {
  /* fire events that update state */
});
/* assert on the output */

This ensures that you're testing the behavior the user would see in the browser. Learn more at https://react.dev/link/wrap-tests-with-act
An update to AuthProvider inside a test was not wrapped in act(...).

When testing, code that causes React state updates should be wrapped into act(...):

act(() => {
  /* fire events that update state */
});
/* assert on the output */

This ensures that you're testing the behavior the user would see in the browser. Learn more at https://react.dev/link/wrap-tests-with-act
An update to AuthProvider inside a test was not wrapped in act(...).

When testing, code that causes React state updates should be wrapped into act(...):

act(() => {
  /* fire events that update state */
});
/* assert on the output */

This ensures that you're testing the behavior the user would see in the browser. Learn more at https://react.dev/link/wrap-tests-with-act
An update to AuthProvider inside a test was not wrapped in act(...).

When testing, code that causes React state updates should be wrapped into act(...):

act(() => {
  /* fire events that update state */
});
/* assert on the output */

This ensures that you're testing the behavior the user would see in the browser. Learn more at https://react.dev/link/wrap-tests-with-act
An update to AuthProvider inside a test was not wrapped in act(...).

When testing, code that causes React state updates should be wrapped into act(...):

act(() => {
  /* fire events that update state */
});
/* assert on the output */

This ensures that you're testing the behavior the user would see in the browser. Learn more at https://react.dev/link/wrap-tests-with-act
An update to AuthProvider inside a test was not wrapped in act(...).

When testing, code that causes React state updates should be wrapped into act(...):

act(() => {
  /* fire events that update state */
});
/* assert on the output */

This ensures that you're testing the behavior the user would see in the browser. Learn more at https://react.dev/link/wrap-tests-with-act
An update to AuthProvider inside a test was not wrapped in act(...).

When testing, code that causes React state updates should be wrapped into act(...):

act(() => {
  /* fire events that update state */
});
/* assert on the output */

This ensures that you're testing the behavior the user would see in the browser. Learn more at https://react.dev/link/wrap-tests-with-act
An update to AuthProvider inside a test was not wrapped in act(...).

When testing, code that causes React state updates should be wrapped into act(...):

act(() => {
  /* fire events that update state */
});
/* assert on the output */

This ensures that you're testing the behavior the user would see in the browser. Learn more at https://react.dev/link/wrap-tests-with-act
An update to AuthProvider inside a test was not wrapped in act(...).

When testing, code that causes React state updates should be wrapped into act(...):

act(() => {
  /* fire events that update state */
});
/* assert on the output */

This ensures that you're testing the behavior the user would see in the browser. Learn more at https://react.dev/link/wrap-tests-with-act
An update to AuthProvider inside a test was not wrapped in act(...).

When testing, code that causes React state updates should be wrapped into act(...):

act(() => {
  /* fire events that update state */
});
/* assert on the output */

This ensures that you're testing the behavior the user would see in the browser. Learn more at https://react.dev/link/wrap-tests-with-act
An update to AuthProvider inside a test was not wrapped in act(...).

When testing, code that causes React state updates should be wrapped into act(...):

act(() => {
  /* fire events that update state */
});
/* assert on the output */

This ensures that you're testing the behavior the user would see in the browser. Learn more at https://react.dev/link/wrap-tests-with-act
An update to AuthProvider inside a test was not wrapped in act(...).

When testing, code that causes React state updates should be wrapped into act(...):

act(() => {
  /* fire events that update state */
});
/* assert on the output */

This ensures that you're testing the behavior the user would see in the browser. Learn more at https://react.dev/link/wrap-tests-with-act
An update to AuthProvider inside a test was not wrapped in act(...).

When testing, code that causes React state updates should be wrapped into act(...):

act(() => {
  /* fire events that update state */
});
/* assert on the output */

This ensures that you're testing the behavior the user would see in the browser. Learn more at https://react.dev/link/wrap-tests-with-act
An update to AuthProvider inside a test was not wrapped in act(...).

When testing, code that causes React state updates should be wrapped into act(...):

act(() => {
  /* fire events that update state */
});
/* assert on the output */

This ensures that you're testing the behavior the user would see in the browser. Learn more at https://react.dev/link/wrap-tests-with-act
An update to AuthProvider inside a test was not wrapped in act(...).

When testing, code that causes React state updates should be wrapped into act(...):

act(() => {
  /* fire events that update state */
});
/* assert on the output */

This ensures that you're testing the behavior the user would see in the browser. Learn more at https://react.dev/link/wrap-tests-with-act
An update to AuthProvider inside a test was not wrapped in act(...).

When testing, code that causes React state updates should be wrapped into act(...):

act(() => {
  /* fire events that update state */
});
/* assert on the output */

This ensures that you're testing the behavior the user would see in the browser. Learn more at https://react.dev/link/wrap-tests-with-act
An update to AuthProvider inside a test was not wrapped in act(...).

When testing, code that causes React state updates should be wrapped into act(...):

act(() => {
  /* fire events that update state */
});
/* assert on the output */

This ensures that you're testing the behavior the user would see in the browser. Learn more at https://react.dev/link/wrap-tests-with-act
An update to AuthProvider inside a test was not wrapped in act(...).

When testing, code that causes React state updates should be wrapped into act(...):

act(() => {
  /* fire events that update state */
});
/* assert on the output */

This ensures that you're testing the behavior the user would see in the browser. Learn more at https://react.dev/link/wrap-tests-with-act
An update to AuthProvider inside a test was not wrapped in act(...).

When testing, code that causes React state updates should be wrapped into act(...):

act(() => {
  /* fire events that update state */
});
/* assert on the output */

This ensures that you're testing the behavior the user would see in the browser. Learn more at https://react.dev/link/wrap-tests-with-act
An update to AuthProvider inside a test was not wrapped in act(...).

When testing, code that causes React state updates should be wrapped into act(...):

act(() => {
  /* fire events that update state */
});
/* assert on the output */

This ensures that you're testing the behavior the user would see in the browser. Learn more at https://react.dev/link/wrap-tests-with-act

[90mstderr[2m | src/components/admin/ChatModerationPanel.test.jsx[2m > [22m[2man empty queue renders "Queue is clear" rather than a blank panel
[22m[39mAn update to AuthProvider inside a test was not wrapped in act(...).

When testing, code that causes React state updates should be wrapped into act(...):

act(() => {
  /* fire events that update state */
});
/* assert on the output */

This ensures that you're testing the behavior the user would see in the browser. Learn more at https://react.dev/link/wrap-tests-with-act
An update to AuthProvider inside a test was not wrapped in act(...).

When testing, code that causes React state updates should be wrapped into act(...):

act(() => {
  /* fire events that update state */
});
/* assert on the output */

This ensures that you're testing the behavior the user would see in the browser. Learn more at https://react.dev/link/wrap-tests-with-act
An update to AuthProvider inside a test was not wrapped in act(...).

When testing, code that causes React state updates should be wrapped into act(...):

act(() => {
  /* fire events that update state */
});
/* assert on the output */

This ensures that you're testing the behavior the user would see in the browser. Learn more at https://react.dev/link/wrap-tests-with-act
An update to AuthProvider inside a test was not wrapped in act(...).

When testing, code that causes React state updates should be wrapped into act(...):

act(() => {
  /* fire events that update state */
});
/* assert on the output */

This ensures that you're testing the behavior the user would see in the browser. Learn more at https://react.dev/link/wrap-tests-with-act
An update to AuthProvider inside a test was not wrapped in act(...).

When testing, code that causes React state updates should be wrapped into act(...):

act(() => {
  /* fire events that update state */
});
/* assert on the output */

This ensures that you're testing the behavior the user would see in the browser. Learn more at https://react.dev/link/wrap-tests-with-act
An update to AuthProvider inside a test was not wrapped in act(...).

When testing, code that causes React state updates should be wrapped into act(...):

act(() => {
  /* fire events that update state */
});
/* assert on the output */

This ensures that you're testing the behavior the user would see in the browser. Learn more at https://react.dev/link/wrap-tests-with-act
An update to AuthProvider inside a test was not wrapped in act(...).

When testing, code that causes React state updates should be wrapped into act(...):

act(() => {
  /* fire events that update state */
});
/* assert on the output */

This ensures that you're testing the behavior the user would see in the browser. Learn more at https://react.dev/link/wrap-tests-with-act
An update to AuthProvider inside a test was not wrapped in act(...).

When testing, code that causes React state updates should be wrapped into act(...):

act(() => {
  /* fire events that update state */
});
/* assert on the output */

This ensures that you're testing the behavior the user would see in the browser. Learn more at https://react.dev/link/wrap-tests-with-act
An update to AuthProvider inside a test was not wrapped in act(...).

When testing, code that causes React state updates should be wrapped into act(...):

act(() => {
  /* fire events that update state */
});
/* assert on the output */

This ensures that you're testing the behavior the user would see in the browser. Learn more at https://react.dev/link/wrap-tests-with-act
An update to AuthProvider inside a test was not wrapped in act(...).

When testing, code that causes React state updates should be wrapped into act(...):

act(() => {
  /* fire events that update state */
});
/* assert on the output */

This ensures that you're testing the behavior the user would see in the browser. Learn more at https://react.dev/link/wrap-tests-with-act
An update to AuthProvider inside a test was not wrapped in act(...).

When testing, code that causes React state updates should be wrapped into act(...):

act(() => {
  /* fire events that update state */
});
/* assert on the output */

This ensures that you're testing the behavior the user would see in the browser. Learn more at https://react.dev/link/wrap-tests-with-act
An update to AuthProvider inside a test was not wrapped in act(...).

When testing, code that causes React state updates should be wrapped into act(...):

act(() => {
  /* fire events that update state */
});
/* assert on the output */

This ensures that you're testing the behavior the user would see in the browser. Learn more at https://react.dev/link/wrap-tests-with-act
An update to AuthProvider inside a test was not wrapped in act(...).

When testing, code that causes React state updates should be wrapped into act(...):

act(() => {
  /* fire events that update state */
});
/* assert on the output */

This ensures that you're testing the behavior the user would see in the browser. Learn more at https://react.dev/link/wrap-tests-with-act
An update to AuthProvider inside a test was not wrapped in act(...).

When testing, code that causes React state updates should be wrapped into act(...):

act(() => {
  /* fire events that update state */
});
/* assert on the output */

This ensures that you're testing the behavior the user would see in the browser. Learn more at https://react.dev/link/wrap-tests-with-act
An update to AuthProvider inside a test was not wrapped in act(...).

When testing, code that causes React state updates should be wrapped into act(...):

act(() => {
  /* fire events that update state */
});
/* assert on the output */

This ensures that you're testing the behavior the user would see in the browser. Learn more at https://react.dev/link/wrap-tests-with-act
An update to AuthProvider inside a test was not wrapped in act(...).

When testing, code that causes React state updates should be wrapped into act(...):

act(() => {
  /* fire events that update state */
});
/* assert on the output */

This ensures that you're testing the behavior the user would see in the browser. Learn more at https://react.dev/link/wrap-tests-with-act
An update to AuthProvider inside a test was not wrapped in act(...).

When testing, code that causes React state updates should be wrapped into act(...):

act(() => {
  /* fire events that update state */
});
/* assert on the output */

This ensures that you're testing the behavior the user would see in the browser. Learn more at https://react.dev/link/wrap-tests-with-act
An update to AuthProvider inside a test was not wrapped in act(...).

When testing, code that causes React state updates should be wrapped into act(...):

act(() => {
  /* fire events that update state */
});
/* assert on the output */

This ensures that you're testing the behavior the user would see in the browser. Learn more at https://react.dev/link/wrap-tests-with-act
An update to AuthProvider inside a test was not wrapped in act(...).

When testing, code that causes React state updates should be wrapped into act(...):

act(() => {
  /* fire events that update state */
});
/* assert on the output */

This ensures that you're testing the behavior the user would see in the browser. Learn more at https://react.dev/link/wrap-tests-with-act
An update to AuthProvider inside a test was not wrapped in act(...).

When testing, code that causes React state updates should be wrapped into act(...):

act(() => {
  /* fire events that update state */
});
/* assert on the output */

This ensures that you're testing the behavior the user would see in the browser. Learn more at https://react.dev/link/wrap-tests-with-act

[90mstderr[2m | src/pages/calendar/todaysBrief.test.jsx[2m > [22m[2mTodaysBrief[2m > [22m[2mlists my upcoming reporters with source badges (POSITION gold vs UCT20)
[22m[39mAn update to TodaysBrief inside a test was not wrapped in act(...).

When testing, code that causes React state updates should be wrapped into act(...):

act(() => {
  /* fire events that update state */
});
/* assert on the output */

This ensures that you're testing the behavior the user would see in the browser. Learn more at https://react.dev/link/wrap-tests-with-act

[90mstderr[2m | src/pages/calendar/todaysBrief.test.jsx[2m > [22m[2mTodaysBrief[2m > [22m[2mshows reported verdict + live gap for my names that printed
[22m[39mAn update to TodaysBrief inside a test was not wrapped in act(...).

When testing, code that causes React state updates should be wrapped into act(...):

act(() => {
  /* fire events that update state */
});
/* assert on the output */

This ensures that you're testing the behavior the user would see in the browser. Learn more at https://react.dev/link/wrap-tests-with-act

[90mstderr[2m | src/pages/calendar/todaysBrief.test.jsx[2m > [22m[2mTodaysBrief[2m > [22m[2msurfaces only KEY macro events today
[22m[39mAn update to TodaysBrief inside a test was not wrapped in act(...).

When testing, code that causes React state updates should be wrapped into act(...):

act(() => {
  /* fire events that update state */
});
/* assert on the output */

This ensures that you're testing the behavior the user would see in the browser. Learn more at https://react.dev/link/wrap-tests-with-act

[90mstderr[2m | src/pages/calendar/todaysBrief.test.jsx[2m > [22m[2mTodaysBrief[2m > [22m[2mdoes NOT render an upcoming reporter that already reported (no double-count)
[22m[39mAn update to TodaysBrief inside a test was not wrapped in act(...).

When testing, code that causes React state updates should be wrapped into act(...):

act(() => {
  /* fire events that update state */
});
/* assert on the output */

This ensures that you're testing the behavior the user would see in the browser. Learn more at https://react.dev/link/wrap-tests-with-act

[90mstderr[2m | src/pages/calendar/todaysBrief.test.jsx[2m > [22m[2mTodaysBrief[2m > [22m[2mrenders NOTHING when the user has no names + nothing reported (no empty-state band)
[22m[39mAn update to TodaysBrief inside a test was not wrapped in act(...).

When testing, code that causes React state updates should be wrapped into act(...):

act(() => {
  /* fire events that update state */
});
/* assert on the output */

This ensures that you're testing the behavior the user would see in the browser. Learn more at https://react.dev/link/wrap-tests-with-act

[90mstderr[2m | src/hub/hubSmoothnessWiring.test.jsx[2m > [22m[2mthe capture rides the trace gate — it is not a second switch[2m > [22m[2m⛔ TOGGLE OFF: not one animation frame is requested
[22m[39mAn update to TestComponent inside a test was not wrapped in act(...).

When testing, code that causes React state updates should be wrapped into act(...):

act(() => {
  /* fire events that update state */
});
/* assert on the output */

This ensures that you're testing the behavior the user would see in the browser. Learn more at https://react.dev/link/wrap-tests-with-act
An update to TestComponent inside a test was not wrapped in act(...).

When testing, code that causes React state updates should be wrapped into act(...):

act(() => {
  /* fire events that update state */
});
/* assert on the output */

This ensures that you're testing the behavior the user would see in the browser. Learn more at https://react.dev/link/wrap-tests-with-act
An update to TestComponent inside a test was not wrapped in act(...).

When testing, code that causes React state updates should be wrapped into act(...):

act(() => {
  /* fire events that update state */
});
/* assert on the output */

This ensures that you're testing the behavior the user would see in the browser. Learn more at https://react.dev/link/wrap-tests-with-act
An update to TestComponent inside a test was not wrapped in act(...).

When testing, code that causes React state updates should be wrapped into act(...):

act(() => {
  /* fire events that update state */
});
/* assert on the output */

This ensures that you're testing the behavior the user would see in the browser. Learn more at https://react.dev/link/wrap-tests-with-act

[90mstderr[2m | src/hub/hubSmoothnessWiring.test.jsx[2m > [22m[2mthe capture rides the trace gate — it is not a second switch[2m > [22m[2m⭐ CONTROL — TOGGLE ON: the loop starts, so the zero above is a gate and not a broken stub
[22m[39mAn update to TestComponent inside a test was not wrapped in act(...).

When testing, code that causes React state updates should be wrapped into act(...):

act(() => {
  /* fire events that update state */
});
/* assert on the output */

This ensures that you're testing the behavior the user would see in the browser. Learn more at https://react.dev/link/wrap-tests-with-act
An update to TestComponent inside a test was not wrapped in act(...).

When testing, code that causes React state updates should be wrapped into act(...):

act(() => {
  /* fire events that update state */
});
/* assert on the output */

This ensures that you're testing the behavior the user would see in the browser. Learn more at https://react.dev/link/wrap-tests-with-act

[90mstderr[2m | src/hub/hubSmoothnessWiring.test.jsx[2m > [22m[2mthe summary reaches the row a member copies out[2m > [22m[2mthe pointerup row carries a smoothness summary with real frame numbers
[22m[39mAn update to TestComponent inside a test was not wrapped in act(...).

When testing, code that causes React state updates should be wrapped into act(...):

act(() => {
  /* fire events that update state */
});
/* assert on the output */

This ensures that you're testing the behavior the user would see in the browser. Learn more at https://react.dev/link/wrap-tests-with-act
An update to TestComponent inside a test was not wrapped in act(...).

When testing, code that causes React state updates should be wrapped into act(...):

act(() => {
  /* fire events that update state */
});
/* assert on the output */

This ensures that you're testing the behavior the user would see in the browser. Learn more at https://react.dev/link/wrap-tests-with-act
An update to TestComponent inside a test was not wrapped in act(...).

When testing, code that causes React state updates should be wrapped into act(...):

act(() => {
  /* fire events that update state */
});
/* assert on the output */

This ensures that you're testing the behavior the user would see in the browser. Learn more at https://react.dev/link/wrap-tests-with-act
An update to TestComponent inside a test was not wrapped in act(...).

When testing, code that causes React state updates should be wrapped into act(...):

act(() => {
  /* fire events that update state */
});
/* assert on the output */

This ensures that you're testing the behavior the user would see in the browser. Learn more at https://react.dev/link/wrap-tests-with-act

[90mstderr[2m | src/hub/hubSmoothnessWiring.test.jsx[2m > [22m[2mthe summary reaches the row a member copies out[2m > [22m[2mthe rows BETWEEN down and up carry smoothness: null — a shape, not a gap
[22m[39mAn update to TestComponent inside a test was not wrapped in act(...).

When testing, code that causes React state updates should be wrapped into act(...):

act(() => {
  /* fire events that update state */
});
/* assert on the output */

This ensures that you're testing the behavior the user would see in the browser. Learn more at https://react.dev/link/wrap-tests-with-act
An update to TestComponent inside a test was not wrapped in act(...).

When testing, code that causes React state updates should be wrapped into act(...):

act(() => {
  /* fire events that update state */
});
/* assert on the output */

This ensures that you're testing the behavior the user would see in the browser. Learn more at https://react.dev/link/wrap-tests-with-act
An update to TestComponent inside a test was not wrapped in act(...).

When testing, code that causes React state updates should be wrapped into act(...):

act(() => {
  /* fire events that update state */
});
/* assert on the output */

This ensures that you're testing the behavior the user would see in the browser. Learn more at https://react.dev/link/wrap-tests-with-act
An update to TestComponent inside a test was not wrapped in act(...).

When testing, code that causes React state updates should be wrapped into act(...):

act(() => {
  /* fire events that update state */
});
/* assert on the output */

This ensures that you're testing the behavior the user would see in the browser. Learn more at https://react.dev/link/wrap-tests-with-act

[90mstderr[2m | src/hub/hubSmoothnessWiring.test.jsx[2m > [22m[2mthe summary reaches the row a member copies out[2m > [22m[2m⛔ THE OTHER ANSWER — a stalled gesture reports the stall, through the real wiring
[22m[39mAn update to TestComponent inside a test was not wrapped in act(...).

When testing, code that causes React state updates should be wrapped into act(...):

act(() => {
  /* fire events that update state */
});
/* assert on the output */

This ensures that you're testing the behavior the user would see in the browser. Learn more at https://react.dev/link/wrap-tests-with-act
An update to TestComponent inside a test was not wrapped in act(...).

When testing, code that causes React state updates should be wrapped into act(...):

act(() => {
  /* fire events that update state */
});
/* assert on the output */

This ensures that you're testing the behavior the user would see in the browser. Learn more at https://react.dev/link/wrap-tests-with-act

[90mstderr[2m | src/hub/hubSmoothnessWiring.test.jsx[2m > [22m[2mit never damages the gesture it measures[2m > [22m[2m⛔ a capture that throws does NOT take the gesture down
[22m[39mAn update to TestComponent inside a test was not wrapped in act(...).

When testing, code that causes React state updates should be wrapped into act(...):

act(() => {
  /* fire events that update state */
});
/* assert on the output */

This ensures that you're testing the behavior the user would see in the browser. Learn more at https://react.dev/link/wrap-tests-with-act
An update to TestComponent inside a test was not wrapped in act(...).

When testing, code that causes React state updates should be wrapped into act(...):

act(() => {
  /* fire events that update state */
});
/* assert on the output */

This ensures that you're testing the behavior the user would see in the browser. Learn more at https://react.dev/link/wrap-tests-with-act
An update to TestComponent inside a test was not wrapped in act(...).

When testing, code that causes React state updates should be wrapped into act(...):

act(() => {
  /* fire events that update state */
});
/* assert on the output */

This ensures that you're testing the behavior the user would see in the browser. Learn more at https://react.dev/link/wrap-tests-with-act
An update to TestComponent inside a test was not wrapped in act(...).

When testing, code that causes React state updates should be wrapped into act(...):

act(() => {
  /* fire events that update state */
});
/* assert on the output */

This ensures that you're testing the behavior the user would see in the browser. Learn more at https://react.dev/link/wrap-tests-with-act

[90mstderr[2m | src/hub/hubSmoothnessWiring.test.jsx[2m > [22m[2mit never damages the gesture it measures[2m > [22m[2m⛔ UNMOUNTING MID-GESTURE STOPS THE LOOP — the pending frame must not RE-ARM
[22m[39mAn update to TestComponent inside a test was not wrapped in act(...).

When testing, code that causes React state updates should be wrapped into act(...):

act(() => {
  /* fire events that update state */
});
/* assert on the output */

This ensures that you're testing the behavior the user would see in the browser. Learn more at https://react.dev/link/wrap-tests-with-act
An update to TestComponent inside a test was not wrapped in act(...).

When testing, code that causes React state updates should be wrapped into act(...):

act(() => {
  /* fire events that update state */
});
/* assert on the output */

This ensures that you're testing the behavior the user would see in the browser. Learn more at https://react.dev/link/wrap-tests-with-act

[90mstderr[2m | src/pages/journal-2-0/components/notebook/PdfDocumentViewer.test.jsx
[22m[39mWarning: Please use the `legacy` build in Node.js environments.


[31m⎯⎯⎯⎯⎯⎯⎯[39m[1m[41m Failed Tests 2 [49m[22m[31m⎯⎯⎯⎯⎯⎯⎯[39m

[41m[1m FAIL [22m[49m src/__tests__/entryExcludesChartEngine.test.js[2m > [22m⛔ the entry chunk does not statically reach the chart engine[2m > [22m⛔ no module under components/chart/engine/ is on the entry's static closure
[31m[1mAssertionError[22m: the entry chunk statically reaches the chart engine (3 modules):
  components/chart/engine/legacyCotGroups.js via
    → main.jsx
    → App.jsx
    → components/Layout.jsx
    → hooks/usePreferences.js
    → components/chart/instanceShape.js
    → components/chart/engine/legacyCotGroups.js
  components/chart/engine/groupBars.js via
    → main.jsx
    → App.jsx
    → components/Layout.jsx
    → hooks/usePreferences.js
    → components/chart/instanceShape.js
    → components/chart/engine/legacyCotGroups.js
    → components/chart/engine/groupBars.js
  components/chart/engine/cotFollow.js via
    → main.jsx
    → App.jsx
    → components/Layout.jsx
    → hooks/usePreferences.js
    → components/chart/instanceShape.js
    → components/chart/engine/legacyCotGroups.js
    → components/chart/engine/cotFollow.js
Make the edge nearest the always-mounted shell a dynamic import() — see components/journalCaptureLoader.js.: expected 3 to be +0 // Object.is equality[39m

[32m- Expected[39m
[31m+ Received[39m

[32m- 0[39m
[31m+ 3[39m

[36m [2m❯[22m src/__tests__/entryExcludesChartEngine.test.js:[2m153:48[22m[39m
    [90m151| [39m    expect(hits.length, `the entry chunk statically reaches the chart …
    [90m152| [39m      + 'Make the edge nearest the always-mounted shell a dynamic impo…
    [90m153| [39m      [33m+[39m [32m'components/journalCaptureLoader.js.'[39m)[33m.[39m[34mtoBe[39m([34m0[39m)
    [90m   | [39m                                               [31m^[39m
    [90m154| [39m  })
    [90m155| [39m

[31m[2m⎯⎯⎯⎯⎯⎯⎯⎯⎯⎯⎯⎯⎯⎯⎯⎯⎯⎯⎯⎯⎯⎯⎯⎯[1/2]⎯[22m[39m

[41m[1m FAIL [22m[49m src/__tests__/entryExcludesChartEngine.test.js[2m > [22m⛔ the Notebook and Journal routes do not statically reach the chart engine[2m > [22mpages/journal-2-0/surfaces/NotebookSurface.jsx: no components/chart/engine/ module on its static closure
[31m[1mAssertionError[22m: pages/journal-2-0/surfaces/NotebookSurface.jsx statically reaches the chart engine (3 modules):
  components/chart/engine/legacyCotGroups.js via
    → pages/journal-2-0/surfaces/NotebookSurface.jsx
    → pages/journal-2-0/tabs/NotebookTab.jsx
    → hooks/usePreferences.js
    → components/chart/instanceShape.js
    → components/chart/engine/legacyCotGroups.js
  components/chart/engine/groupBars.js via
    → pages/journal-2-0/surfaces/NotebookSurface.jsx
    → pages/journal-2-0/tabs/NotebookTab.jsx
    → hooks/usePreferences.js
    → components/chart/instanceShape.js
    → components/chart/engine/legacyCotGroups.js
    → components/chart/engine/groupBars.js
  components/chart/engine/cotFollow.js via
    → pages/journal-2-0/surfaces/NotebookSurface.jsx
    → pages/journal-2-0/tabs/NotebookTab.jsx
    → hooks/usePreferences.js
    → components/chart/instanceShape.js
    → components/chart/engine/legacyCotGroups.js
    → components/chart/engine/cotFollow.js
: expected 3 to be +0 // Object.is equality[39m

[32m- Expected[39m
[31m+ Received[39m

[32m- 0[39m
[31m+ 3[39m

[36m [2m❯[22m src/__tests__/entryExcludesChartEngine.test.js:[2m208:114[22m[39m
    [90m206| [39m      [35mconst[39m hits [33m=[39m [34mengineHits[39m(closure)
    [90m207| [39m      const report = hits.slice(0, 3).map((h) => `  ${rel(h)} via\n   …
    [90m208| [39m      expect(hits.length, `${start} statically reaches the chart engin…
    [90m   | [39m                                                                                                                 [31m^[39m
    [90m209| [39m    })
    [90m210| [39m  }

[31m[2m⎯⎯⎯⎯⎯⎯⎯⎯⎯⎯⎯⎯⎯⎯⎯⎯⎯⎯⎯⎯⎯⎯⎯⎯[2/2]⎯[22m[39m

[31m⎯⎯⎯⎯⎯⎯[39m[1m[41m Unhandled Errors [49m[22m[31m⎯⎯⎯⎯⎯⎯[39m
[31m[1m
Vitest caught 2 unhandled errors during the test run.
This might cause false positive tests. Resolve unhandled errors to make sure your tests are not affected.[22m[39m

[31m⎯⎯⎯⎯⎯[39m[1m[41m Uncaught Exception [49m[22m[31m⎯⎯⎯⎯⎯[39m
[31m[1mError[22m: [vitest] No "BaselineSeries" export is defined on the "lightweight-charts" mock. Did you forget to return it from "vi.mock"?
If you need to partially mock a module, you can use "importOriginal" helper inside:
[39m
vi.mock(import("lightweight-charts"), async (importOriginal) => {
  const actual = await importOriginal()
  return {
    ...actual,
    // your mocked methods
  }
})

[90m [2m❯[22m VitestMocker.createError node_modules/vitest/dist/chunks/startModuleRunner.DEj0jb3e.js:[2m311:17[22m[39m
[90m [2m❯[22m Object.get node_modules/vitest/dist/chunks/startModuleRunner.DEj0jb3e.js:[2m384:16[22m[39m
[36m [2m❯[22m engineLwc src/components/StockChart.jsx:[2m502:44[22m[39m
    [90m500| [39mlet _engineLwc = null
    [90m501| [39mconst engineLwc = () => (_engineLwc || (_engineLwc = {
    [90m502| [39m  LineSeries, HistogramSeries, AreaSeries, BaselineSeries, LineStyle, …
    [90m   | [39m                                           [31m^[39m
    [90m503| [39m  // ⚠️ THE ENGINE CAN ONLY BUILD WHAT THIS OBJECT CARRIES. `binder.SE…
    [90m504| [39m  // names a constructor and reads it off HERE, so a series type absen…
[90m [2m❯[22m src/components/StockChart.jsx:[2m12643:71[22m[39m
[90m [2m❯[22m src/components/StockChart.jsx:[2m13743:5[22m[39m
[90m [2m❯[22m Object.react_stack_bottom_frame node_modules/react-dom/cjs/react-dom-client.development.js:[2m25989:20[22m[39m
[90m [2m❯[22m runWithFiberInDEV node_modules/react-dom/cjs/react-dom-client.development.js:[2m874:13[22m[39m
[90m [2m❯[22m commitHookEffectListMount node_modules/react-dom/cjs/react-dom-client.development.js:[2m13249:29[22m[39m
[90m [2m❯[22m commitHookPassiveMountEffects node_modules/react-dom/cjs/react-dom-client.development.js:[2m13336:11[22m[39m
[90m [2m❯[22m commitPassiveMountOnFiber node_modules/react-dom/cjs/react-dom-client.development.js:[2m15484:13[22m[39m

[31mThis error originated in "[1msrc/components/StockChart.hollowPillColor.test.jsx[22m" test file. It doesn't mean the error was thrown inside the file itself, but while it was running.[39m
[31mThe latest test that might've caused the error is "[1mnetchange mode (_paintNet, the confirmed root cause): per-bar hollow color keeps the real up/down RGB[22m". It might mean one of the following:
- The error was thrown, while Vitest was running this test.
- If the error occurred after the test had been completed, this was the last documented test before it was thrown.[39m

[31m⎯⎯⎯⎯⎯[39m[1m[41m Uncaught Exception [49m[22m[31m⎯⎯⎯⎯⎯[39m
[31m[1mError[22m: [vitest] No "BaselineSeries" export is defined on the "lightweight-charts" mock. Did you forget to return it from "vi.mock"?
If you need to partially mock a module, you can use "importOriginal" helper inside:
[39m
vi.mock(import("lightweight-charts"), async (importOriginal) => {
  const actual = await importOriginal()
  return {
    ...actual,
    // your mocked methods
  }
})

[90m [2m❯[22m VitestMocker.createError node_modules/vitest/dist/chunks/startModuleRunner.DEj0jb3e.js:[2m311:17[22m[39m
[90m [2m❯[22m Object.get node_modules/vitest/dist/chunks/startModuleRunner.DEj0jb3e.js:[2m384:16[22m[39m
[36m [2m❯[22m engineLwc src/components/StockChart.jsx:[2m502:44[22m[39m
    [90m500| [39mlet _engineLwc = null
    [90m501| [39mconst engineLwc = () => (_engineLwc || (_engineLwc = {
    [90m502| [39m  LineSeries, HistogramSeries, AreaSeries, BaselineSeries, LineStyle, …
    [90m   | [39m                                           [31m^[39m
    [90m503| [39m  // ⚠️ THE ENGINE CAN ONLY BUILD WHAT THIS OBJECT CARRIES. `binder.SE…
    [90m504| [39m  // names a constructor and reads it off HERE, so a series type absen…
[90m [2m❯[22m src/components/StockChart.jsx:[2m12643:71[22m[39m
[90m [2m❯[22m src/components/StockChart.jsx:[2m13743:5[22m[39m
[90m [2m❯[22m Object.react_stack_bottom_frame node_modules/react-dom/cjs/react-dom-client.development.js:[2m25989:20[22m[39m
[90m [2m❯[22m runWithFiberInDEV node_modules/react-dom/cjs/react-dom-client.development.js:[2m874:13[22m[39m
[90m [2m❯[22m commitHookEffectListMount node_modules/react-dom/cjs/react-dom-client.development.js:[2m13249:29[22m[39m
[90m [2m❯[22m commitHookPassiveMountEffects node_modules/react-dom/cjs/react-dom-client.development.js:[2m13336:11[22m[39m
[90m [2m❯[22m commitPassiveMountOnFiber node_modules/react-dom/cjs/react-dom-client.development.js:[2m15484:13[22m[39m

[31mThis error originated in "[1msrc/components/StockChart.hollowPillColor.test.jsx[22m" test file. It doesn't mean the error was thrown inside the file itself, but while it was running.[39m
[31mThe latest test that might've caused the error is "[1mhollow chart TYPE (series-level 'Live color apply', line ~8809): upColor keeps the real up RGB[22m". It might mean one of the following:
- The error was thrown, while Vitest was running this test.
- If the error occurred after the test had been completed, this was the last documented test before it was thrown.[39m
[31m⎯⎯⎯⎯⎯⎯⎯⎯⎯⎯⎯⎯⎯⎯⎯⎯⎯⎯⎯⎯⎯⎯⎯⎯⎯⎯⎯⎯⎯⎯[39m

