
[1m[46m RUN [49m[22m [36mv4.0.18 [39m[90mC:/Users/Patrick/uct-worktrees/notebook-w13-landing/app[39m

 [32m✓[39m src/components/chart/engine/pool.test.js [2m([22m[2m103 tests[22m[2m)[22m[32m 30[2mms[22m[39m
[90mstdout[2m | src/pages/journal-2-0/lib/offline/offlineWordsSurvive.property.test.jsx[2m > [22m[2m🔬 WHERE DO THE WORDS GO — diagnostic, printed not asserted[2m > [22m[2mafter a hero write discards the queued entry, what is left on the device?
[22m[39mBEFORE  outbox entries: [33m1[39m
BEFORE  working copy body: {"type":"doc","content":[{"type":"paragraph","content":[{"type":"text","text":"typed online. typed offline — THIS is the sentence that must survive."}]}]}
DRAIN   results: [{}]
AFTER   outbox entries: [33m0[39m
AFTER   working copy body: {"type":"doc","content":[{"type":"paragraph","content":[{"type":"text","text":"typed online. typed offline — THIS is the sentence that must survive."}]}]}
AFTER   working copy dirty flag: [33m0[39m
AFTER   server body: {"type":"doc","content":[{"type":"paragraph","content":[{"type":"text","text":"typed online. typed offline — THIS is the sentence that must survive."}]}]}
AFTER   forks created: [33m0[39m
FORK    body handed to fork(): {}
VERDICT sentence in the FORK? [33mfalse[39m
VERDICT sentence on device? [33mtrue[39m

 [32m✓[39m src/components/chart/engine/__tests__/enumerationSites.test.js [2m([22m[2m41 tests[22m[2m)[22m[33m 4338[2mms[22m[39m
     [33m[2m✓[22m[39m names every shipped module that hand-lists four or more indicators [33m 1666[2mms[22m[39m
     [33m[2m✓[22m[39m names every shipped Python module that hand-lists four or more indicators [33m 2277[2mms[22m[39m
 [32m✓[39m src/components/chart/engine/binder.test.js [2m([22m[2m68 tests[22m[2m)[22m[32m 77[2mms[22m[39m
 [32m✓[39m src/components/chart/engine/__tests__/vendorHarness/vendorHarness.test.js [2m([22m[2m59 tests[22m[2m)[22m[33m 2215[2mms[22m[39m
 [32m✓[39m src/pages/journal-2-0/tabs/NotebookTab.bulk.test.jsx [2m([22m[2m54 tests[22m[2m)[22m[33m 13844[2mms[22m[39m
     [33m[2m✓[22m[39m a second Ctrl+Alt+B after tagging still reaches "Move to select" cheaply (same stable anchor) [33m 349[2mms[22m[39m
     [33m[2m✓[22m[39m telemetry — the bulk bar's Move sends ONE bulk_used with the op and counts, no ids or names [33m 323[2mms[22m[39m
     [33m[2m✓[22m[39m add a tag, remove a tag [33m 468[2mms[22m[39m
     [33m[2m✓[22m[39m export: the selected notes, minus any waiting to sync, and a sentence saying so [33m 316[2mms[22m[39m
     [33m[2m✓[22m[39m Undo puts every note back in the folder it LEFT, through the same door, and lands the revisions [33m 542[2mms[22m[39m
     [33m[2m✓[22m[39m says which stayed and why — never "try again" after an Undo [33m 387[2mms[22m[39m
     [33m[2m✓[22m[39m Undo pressed while another batch runs is QUEUED, said so, and restores when that batch ends [33m 581[2mms[22m[39m
     [33m[2m✓[22m[39m a later action's sentence appears BESIDE the Undo, never in place of it [33m 373[2mms[22m[39m
     [33m[2m✓[22m[39m R1-S2: the Undo keeps its OWN slot — a later sentence is a sibling in the stack, never over or around it [33m 345[2mms[22m[39m
     [33m[2m✓[22m[39m trash: the true sentence, nothing sent, and "Trash anyway" proceeds only after the confirmation [33m 450[2mms[22m[39m
     [33m[2m✓[22m[39m Cancel goes back to the sentence and sends nothing [33m 398[2mms[22m[39m
     [33m[2m✓[22m[39m a partial trash: the Undo for what moved and the offer for what could not be checked stand side by side [33m 340[2mms[22m[39m
     [33m[2m✓[22m[39m export: the same truth, and "Export anyway" exports only after the confirmation [33m 437[2mms[22m[39m
     [33m[2m✓[22m[39m a move or a favourite does not; a tag edit and a trash do [33m 992[2mms[22m[39m
     [33m[2m✓[22m[39m its notes JOIN the Undo on screen: one Undo restores the whole trash, and focus follows the decision [33m 436[2mms[22m[39m
     [33m[2m✓[22m[39m when nothing moved, "Trash anyway" takes focus as it appears, and gets it back after Cancel [33m 837[2mms[22m[39m
 [32m✓[39m src/pages/journal-2-0/lib/pasteContainers.test.js [2m([22m[2m68 tests[22m[2m)[22m[33m 914[2mms[22m[39m
 [32m✓[39m src/lib/journal-2-0/calculations.test.js [2m([22m[2m117 tests[22m[2m)[22m[32m 12[2mms[22m[39m
 [32m✓[39m src/components/chart/ChartSettingsModal.indicators.test.jsx [2m([22m[2m29 tests[22m[2m)[22m[33m 2830[2mms[22m[39m
     [33m[2m✓[22m[39m ⛔ New Formula renders ONLY when the host can reach the builder [33m 308[2mms[22m[39m
 [32m✓[39m src/pages/journal-2-0/lib/askCitation.parity.test.js [2m([22m[2m404 tests[22m[2m)[22m[32m 37[2mms[22m[39m
 [32m✓[39m src/components/chart/engine/__tests__/generatedSettingsRows.test.jsx [2m([22m[2m25 tests[22m[2m)[22m[33m 775[2mms[22m[39m
 [32m✓[39m src/components/video/GlobalVideoLayer.test.jsx [2m([22m[2m54 tests[22m[2m)[22m[33m 547[2mms[22m[39m
 [32m✓[39m src/components/chart/engine/__tests__/mfiCciWilliamsFlipParity.test.js [2m([22m[2m32 tests[22m[2m)[22m[32m 24[2mms[22m[39m
 [32m✓[39m src/pages/journal-2-0/lib/offline/doorEnumeration.test.js [2m([22m[2m15 tests[22m[2m)[22m[33m 1605[2mms[22m[39m
     [33m[2m✓[22m[39m ② every OTHER server-side writer of j2_notes is a known second writer [33m 359[2mms[22m[39m
     [33m[2m✓[22m[39m ⑤ SERVER-side doors OUTSIDE journal_two.py are a LEDGER, each with its settle story [33m 515[2mms[22m[39m
     [33m[2m✓[22m[39m ③ CLIENT: every write to a door route lands its revision, or is a NAMED exception [33m 413[2mms[22m[39m
 [32m✓[39m src/components/chart/engine/ast/pine.derived.test.js [2m([22m[2m26 tests[22m[2m)[22m[32m 61[2mms[22m[39m
 [32m✓[39m src/pages/journal-2-0/lib/offline/offlineWordsSurvive.property.test.jsx [2m([22m[2m132 tests[22m[2m)[22m[33m 55260[2mms[22m[39m
     [33m[2m✓[22m[39m folder door · marker LIVE [33m 311[2mms[22m[39m
     [33m[2m✓[22m[39m folder door · marker EXPIRED [33m 315[2mms[22m[39m
     [33m[2m✓[22m[39m folder door · slow PUT (landed, ring populated) [33m 302[2mms[22m[39m
     [33m[2m✓[22m[39m folder door · the editor merged it and saved; its settle read the pre-merge record [33m 314[2mms[22m[39m
     [33m[2m✓[22m[39m ticker door · marker LIVE [33m 312[2mms[22m[39m
     [33m[2m✓[22m[39m ticker door · marker EXPIRED [33m 312[2mms[22m[39m
     [33m[2m✓[22m[39m ticker door · the editor merged it and saved; its settle read the pre-merge record [33m 315[2mms[22m[39m
     [33m[2m✓[22m[39m tags door · marker LIVE [33m 312[2mms[22m[39m
     [33m[2m✓[22m[39m tags door · marker EXPIRED [33m 314[2mms[22m[39m
     [33m[2m✓[22m[39m append_widget_embed door · marker EXPIRED [33m 316[2mms[22m[39m
     [33m[2m✓[22m[39m append_widget_embed door · the editor merged it and saved; its settle read the pre-merge record [33m 312[2mms[22m[39m
     [33m[2m✓[22m[39m append_financial_fact door · reload mid-flight (marker from a dead tab) [33m 312[2mms[22m[39m
     [33m[2m✓[22m[39m append_document_excerpt door · slow PUT (landed, ring populated) [33m 311[2mms[22m[39m
     [33m[2m✓[22m[39m append_document_excerpt door · the editor merged it and saved; its settle read the pre-merge record [33m 311[2mms[22m[39m
     [33m[2m✓[22m[39m typed while open · tab B sweeps → open → type → reconnect → owner saves → close [33m 469[2mms[22m[39m
     [33m[2m✓[22m[39m typed while open · open → tab B sweeps → type → reconnect → owner saves → close [33m 500[2mms[22m[39m
     [33m[2m✓[22m[39m typed while open · open → type → tab B sweeps → reconnect → owner saves → close [33m 448[2mms[22m[39m
     [33m[2m✓[22m[39m typed while open · open → type → reconnect → tab B sweeps → owner saves → close [33m 500[2mms[22m[39m
     [33m[2m✓[22m[39m typed while open · open → type → reconnect → owner saves → tab B sweeps → close [33m 487[2mms[22m[39m
     [33m[2m✓[22m[39m typed while open · open → type → reconnect → owner saves → close → tab B sweeps [33m 468[2mms[22m[39m
     [33m[2m✓[22m[39m typed while open · tab B sweeps → open → tab B sweeps → type → reconnect → owner saves → close [33m 518[2mms[22m[39m
     [33m[2m✓[22m[39m typed while open · tab B sweeps → open → type → tab B sweeps → reconnect → owner saves → close [33m 549[2mms[22m[39m
     [33m[2m✓[22m[39m typed while open · tab B sweeps → open → type → reconnect → tab B sweeps → owner saves → close [33m 546[2mms[22m[39m
     [33m[2m✓[22m[39m typed while open · tab B sweeps → open → type → reconnect → owner saves → tab B sweeps → close [33m 545[2mms[22m[39m
     [33m[2m✓[22m[39m typed while open · tab B sweeps → open → type → reconnect → owner saves → close → tab B sweeps [33m 529[2mms[22m[39m
     [33m[2m✓[22m[39m typed while open · open → tab B sweeps → type → tab B sweeps → reconnect → owner saves → close [33m 558[2mms[22m[39m
     [33m[2m✓[22m[39m typed while open · open → tab B sweeps → type → reconnect → tab B sweeps → owner saves → close [33m 530[2mms[22m[39m
     [33m[2m✓[22m[39m typed while open · open → tab B sweeps → type → reconnect → owner saves → tab B sweeps → close [33m 550[2mms[22m[39m
     [33m[2m✓[22m[39m typed while open · open → tab B sweeps → type → reconnect → owner saves → close → tab B sweeps [33m 539[2mms[22m[39m
     [33m[2m✓[22m[39m typed while open · open → type → tab B sweeps → reconnect → tab B sweeps → owner saves → close [33m 528[2mms[22m[39m
     [33m[2m✓[22m[39m typed while open · open → type → tab B sweeps → reconnect → owner saves → tab B sweeps → close [33m 564[2mms[22m[39m
     [33m[2m✓[22m[39m typed while open · open → type → tab B sweeps → reconnect → owner saves → close → tab B sweeps [33m 536[2mms[22m[39m
     [33m[2m✓[22m[39m typed while open · open → type → reconnect → tab B sweeps → owner saves → tab B sweeps → close [33m 562[2mms[22m[39m
     [33m[2m✓[22m[39m typed while open · open → type → reconnect → tab B sweeps → owner saves → close → tab B sweeps [33m 545[2mms[22m[39m
     [33m[2m✓[22m[39m typed while open · open → type → reconnect → owner saves → tab B sweeps → close → tab B sweeps [33m 531[2mms[22m[39m
     [33m[2m✓[22m[39m typed on an earlier visit, reopened · tab B sweeps → type → open → reconnect → owner saves → close [33m 458[2mms[22m[39m
     [33m[2m✓[22m[39m typed on an earlier visit, reopened · type → tab B sweeps → open → reconnect → owner saves → close [33m 477[2mms[22m[39m
     [33m[2m✓[22m[39m typed on an earlier visit, reopened · type → open → tab B sweeps → reconnect → owner saves → close [33m 484[2mms[22m[39m
     [33m[2m✓[22m[39m typed on an earlier visit, reopened · type → open → reconnect → tab B sweeps → owner saves → close [33m 501[2mms[22m[39m
     [33m[2m✓[22m[39m typed on an earlier visit, reopened · type → open → reconnect → owner saves → tab B sweeps → close [33m 482[2mms[22m[39m
     [33m[2m✓[22m[39m typed on an earlier visit, reopened · type → open → reconnect → owner saves → close → tab B sweeps [33m 488[2mms[22m[39m
     [33m[2m✓[22m[39m typed on an earlier visit, reopened · tab B sweeps → type → tab B sweeps → open → reconnect → owner saves → close [33m 407[2mms[22m[39m
     [33m[2m✓[22m[39m typed on an earlier visit, reopened · tab B sweeps → type → open → tab B sweeps → reconnect → owner saves → close [33m 548[2mms[22m[39m
     [33m[2m✓[22m[39m typed on an earlier visit, reopened · tab B sweeps → type → open → reconnect → tab B sweeps → owner saves → close [33m 527[2mms[22m[39m
     [33m[2m✓[22m[39m typed on an earlier visit, reopened · tab B sweeps → type → open → reconnect → owner saves → tab B sweeps → close [33m 549[2mms[22m[39m
     [33m[2m✓[22m[39m typed on an earlier visit, reopened · tab B sweeps → type → open → reconnect → owner saves → close → tab B sweeps [33m 560[2mms[22m[39m
     [33m[2m✓[22m[39m typed on an earlier visit, reopened · type → tab B sweeps → open → tab B sweeps → reconnect → owner saves → close [33m 518[2mms[22m[39m
     [33m[2m✓[22m[39m typed on an earlier visit, reopened · type → tab B sweeps → open → reconnect → tab B sweeps → owner saves → close [33m 559[2mms[22m[39m
     [33m[2m✓[22m[39m typed on an earlier visit, reopened · type → tab B sweeps → open → reconnect → owner saves → tab B sweeps → close [33m 530[2mms[22m[39m
     [33m[2m✓[22m[39m typed on an earlier visit, reopened · type → tab B sweeps → open → reconnect → owner saves → close → tab B sweeps [33m 546[2mms[22m[39m
     [33m[2m✓[22m[39m typed on an earlier visit, reopened · type → open → tab B sweeps → reconnect → tab B sweeps → owner saves → close [33m 519[2mms[22m[39m
     [33m[2m✓[22m[39m typed on an earlier visit, reopened · type → open → tab B sweeps → reconnect → owner saves → tab B sweeps → close [33m 532[2mms[22m[39m
     [33m[2m✓[22m[39m typed on an earlier visit, reopened · type → open → tab B sweeps → reconnect → owner saves → close → tab B sweeps [33m 532[2mms[22m[39m
     [33m[2m✓[22m[39m typed on an earlier visit, reopened · type → open → reconnect → tab B sweeps → owner saves → tab B sweeps → close [33m 518[2mms[22m[39m
     [33m[2m✓[22m[39m typed on an earlier visit, reopened · type → open → reconnect → tab B sweeps → owner saves → close → tab B sweeps [33m 484[2mms[22m[39m
     [33m[2m✓[22m[39m typed on an earlier visit, reopened · type → open → reconnect → owner saves → tab B sweeps → close → tab B sweeps [33m 546[2mms[22m[39m
     [33m[2m✓[22m[39m a crash draft alone · the other device saves before the member reopens [33m 523[2mms[22m[39m
     [33m[2m✓[22m[39m a crash draft alone · the other device saves after reopening, before Restore [33m 560[2mms[22m[39m
     [33m[2m✓[22m[39m a crash draft alone · the other device saves after Restore, before the keystroke [33m 565[2mms[22m[39m
     [33m[2m✓[22m[39m a crash draft ahead of a lagging durable copy · the other device saves before the member reopens [33m 624[2mms[22m[39m
     [33m[2m✓[22m[39m a crash draft ahead of a lagging durable copy · the other device saves after reopening, before Restore [33m 676[2mms[22m[39m
     [33m[2m✓[22m[39m a crash draft ahead of a lagging durable copy · the other device saves after Restore, before the keystroke [33m 656[2mms[22m[39m
     [33m[2m✓[22m[39m a durable record whose base the entry refuses · the other device saves before the member reopens [33m 673[2mms[22m[39m
     [33m[2m✓[22m[39m a durable record whose base the entry refuses · the other device saves after reopening, before Restore [33m 690[2mms[22m[39m
     [33m[2m✓[22m[39m a durable record whose base the entry refuses · the other device saves after Restore, before the keystroke [33m 672[2mms[22m[39m
     [33m[2m✓[22m[39m the keystroke's write lands before the check [33m 357[2mms[22m[39m
     [33m[2m✓[22m[39m the keystroke's write lands after the queue read [33m 314[2mms[22m[39m
     [33m[2m✓[22m[39m the keystroke's write lands after the write [33m 315[2mms[22m[39m
     [33m[2m✓[22m[39m the write lands before Kb [33m 780[2mms[22m[39m
     [33m[2m✓[22m[39m the write lands before the flush [33m 797[2mms[22m[39m
     [33m[2m✓[22m[39m the write lands before the new view’s keystroke [33m 794[2mms[22m[39m
     [33m[2m✓[22m[39m the write lands last [33m 784[2mms[22m[39m
     [33m[2m✓[22m[39m A hydrated before B’s PUT landed · B claims → A opens → B’s PUT lands → B settles → A saves [33m 592[2mms[22m[39m
     [33m[2m✓[22m[39m A hydrated before B’s PUT landed · B claims → A opens → B’s PUT lands → A saves → B settles [33m 578[2mms[22m[39m
     [33m[2m✓[22m[39m A hydrated before B’s PUT landed · B claims → A opens → A saves → B’s PUT lands → B settles [33m 606[2mms[22m[39m
     [33m[2m✓[22m[39m A hydrated before B’s PUT landed · B claims → B’s PUT lands → A opens → B settles → A saves [33m 580[2mms[22m[39m
     [33m[2m✓[22m[39m A hydrated before B’s PUT landed · B claims → B’s PUT lands → A opens → A saves → B settles [33m 592[2mms[22m[39m
     [33m[2m✓[22m[39m A hydrated before B’s PUT landed · B claims → B’s PUT lands → B settles → A opens → A saves [33m 572[2mms[22m[39m
     [33m[2m✓[22m[39m A hydrated when it opened · B claims → A opens → B’s PUT lands → B settles → A saves [33m 591[2mms[22m[39m
     [33m[2m✓[22m[39m A hydrated when it opened · B claims → A opens → B’s PUT lands → A saves → B settles [33m 613[2mms[22m[39m
     [33m[2m✓[22m[39m A hydrated when it opened · B claims → A opens → A saves → B’s PUT lands → B settles [33m 594[2mms[22m[39m
     [33m[2m✓[22m[39m A hydrated when it opened · B claims → B’s PUT lands → A opens → B settles → A saves [33m 610[2mms[22m[39m
     [33m[2m✓[22m[39m A hydrated when it opened · B claims → B’s PUT lands → A opens → A saves → B settles [33m 607[2mms[22m[39m
     [33m[2m✓[22m[39m A hydrated when it opened · B claims → B’s PUT lands → B settles → A opens → A saves [33m 595[2mms[22m[39m
 [32m✓[39m src/widgets/registry.test.js [2m([22m[2m33 tests[22m[2m)[22m[32m 16[2mms[22m[39m
 [32m✓[39m src/components/chart/drawingRenderers.multiline.test.js [2m([22m[2m59 tests[22m[2m)[22m[32m 228[2mms[22m[39m
 [32m✓[39m src/components/chart/engine/ast/objectFnInline.test.js [2m([22m[2m57 tests[22m[2m)[22m[32m 77[2mms[22m[39m
 [32m✓[39m src/pages/journal-2-0/tabs/NotebookTab.test.jsx [2m([22m[2m53 tests[22m[2m)[22m[33m 11885[2mms[22m[39m
     [33m[2m✓[22m[39m empty notebook renders the picker inline with all families [33m 441[2mms[22m[39m
     [33m[2m✓[22m[39m the Templates button opens the sheet picker (second picker instance) [33m 840[2mms[22m[39m
     [33m[2m✓[22m[39m picking Daily Game Plan POSTs seeded body + template title + preset tags [33m 373[2mms[22m[39m
     [33m[2m✓[22m[39m picking Blank note POSTs with no bodyJson (existing blank behavior) [33m 332[2mms[22m[39m
     [33m[2m✓[22m[39m the primary "+ New note" button still creates a blank note [33m 345[2mms[22m[39m
     [33m[2m✓[22m[39m 13Q-2: the primary "+ New note" button opens with focus in the BODY, not the title [33m 381[2mms[22m[39m
     [33m[2m✓[22m[39m 13Q-2: a TEMPLATE pick still opens with focus on the TITLE (I-1 unchanged) [33m 409[2mms[22m[39m
     [33m[2m✓[22m[39m 13Q-2: a "Blank note" TEMPLATE CARD pick (no body, but a typed title) still opens on the TITLE [33m 367[2mms[22m[39m
     [33m[2m✓[22m[39m opens the editor for the created note after a template pick [33m 432[2mms[22m[39m
     [33m[2m✓[22m[39m 13Q-Q1check: "+ New note" primes the note's SWR cache before opening it [33m 361[2mms[22m[39m
     [33m[2m✓[22m[39m header AND empty-state each expose an Import entry point; the empty-state one opens the wizard [33m 653[2mms[22m[39m
     [33m[2m✓[22m[39m the header Import button also opens the wizard [33m 331[2mms[22m[39m
     [33m[2m✓[22m[39m a completed import (ImportWizard calling onImported) refreshes notes [33m 345[2mms[22m[39m
     [33m[2m✓[22m[39m the toolbar Export button opens the real export dialog [33m 936[2mms[22m[39m
     [33m[2m✓[22m[39m offers a retry wired to the hook's own refresh -- not reimplemented [33m 307[2mms[22m[39m
     [33m[2m✓[22m[39m the Save-view button is absent in Graph mode [33m 649[2mms[22m[39m
     [33m[2m✓[22m[39m ⛔ CONTROL — the same button IS present in List mode [33m 328[2mms[22m[39m
     [33m[2m✓[22m[39m ⛔ CONTROL — the same predicate CONTROLS_JS applies: aria-pressed alone, with no group ancestor, is not enough [33m 342[2mms[22m[39m
     [33m[2m✓[22m[39m Save view stays a SIBLING of the group, not swallowed into it (Save view is an action, not a view toggle) [33m 423[2mms[22m[39m
     [33m[2m✓[22m[39m deleting the ACTIVE view drops the "Clear filter" affordance once confirmed [33m 1371[2mms[22m[39m
     [33m[2m✓[22m[39m cancelling the confirm leaves the view selected (no delete call) [33m 462[2mms[22m[39m
 [32m✓[39m src/pages/cot/cotRead.test.js [2m([22m[2m77 tests[22m[2m)[22m[32m 23[2mms[22m[39m
[90mstdout[2m | src/components/dailyFirstPaintAcceptance.test.jsx[2m > [22m[2mDAILY first-paint acceptance[2m > [22m[2msession context is stated, not assumed — and the pin is load-bearing
[22m[39m[ACCEPT-CONTEXT] frontier=2026-09-22 rth=true etNow=14:26:00 pinned=Tue 09/22 14:26

 [32m✓[39m src/components/StockChart.anchor.test.jsx [2m([22m[2m27 tests[22m[2m)[22m[33m 3704[2mms[22m[39m
     [33m[2m✓[22m[39m renders the exitReplayLabel pill when anchorDate + onExitReplay are set [33m 327[2mms[22m[39m
     [33m[2m✓[22m[39m converges on the anchor frame even when early writes are clamped away [33m 407[2mms[22m[39m
     [33m[2m✓[22m[39m but a pan during that window ends the re-assertion (the latch still wins) [33m 1432[2mms[22m[39m
[90mstdout[2m | src/components/dailyFirstPaintAcceptance.test.jsx[2m > [22m[2mDAILY first-paint acceptance[2m > [22m[2mACCEPTANCE SUMMARY
[22m[39m[ACCEPT-SUMMARY]
PASS    | D0 idb@frontier fresh  | -                                              | n 260->260 | lastT 2026-09-22 | today O360 H361 L359 C360.5          | final O360 H361 L359 C360.5          | src cache   | ins 0 | pad 6.579->6.579      | to 265.579->265.579 | 47ms | ops -
PASS    | D1 idb-1 + pack        | -                                              | n 261->261 | lastT 2026-09-22 | today O360 H361 L359 C360.5          | final O360 H361 L359 C360.5          | src cache   | ins 0 | pad 6.579->6.579      | to 266.579->266.579 | 79ms | ops setData,setData
PASS    | D2 idb-2               | -                                              | n 262->262 | lastT 2026-09-22 | today O360 H361 L359 C360.5          | final O360 H361 L359 C360.5          | src network | ins 0 | pad 6.579->6.579      | to 267.579->267.579 | 344ms | ops -
PASS    | D5 idb-5               | -                                              | n 265->265 | lastT 2026-09-22 | today O360 H361 L359 C360.5          | final O360 H361 L359 C360.5          | src network | ins 0 | pad 6.579->6.579      | to 270.579->270.579 | 338ms | ops -
PASS    | D20 idb-20             | -                                              | n 280->280 | lastT 2026-09-22 | today O360 H361 L359 C360.5          | final O360 H361 L359 C360.5          | src network | ins 0 | pad 6.579->6.579      | to 285.579->285.579 | 329ms | ops -
PASS    | D250 idb-250           | -                                              | n 510->510 | lastT 2026-09-22 | today O360 H361 L359 C360.5          | final O360 H361 L359 C360.5          | src network | ins 0 | pad 6.579->6.579      | to 515.579->515.579 | 375ms | ops -
PASS    | NO-IDB cold            | -                                              | n 260->260 | lastT 2026-09-22 | today O360 H361 L359 C360.5          | final O360 H361 L359 C360.5          | src network | ins 0 | pad 6.579->6.579      | to 265.579->265.579 | 337ms | ops -
PASS    | PACK-EXPIRED idb-1     | -                                              | n 261->261 | lastT 2026-09-22 | today O360 H361 L359 C360.5          | final O360 H361 L359 C360.5          | src network | ins 0 | pad 6.579->6.579      | to 266.579->266.579 | 341ms | ops -
PASS    | STALE-TODAY + pack     | -                                              | n 260->260 | lastT 2026-09-22 | today O360 H361 L359 C360.5          | final O360 H361 L359 C360.5          | src cache   | ins 0 | pad 6.579->6.579      | to 265.579->265.579 | 62ms | ops update
PASS    | STALE-TODAY no seed    | -                                              | n 260->260 | lastT 2026-09-22 | today O360 H361 L359 C360.5          | final O360 H361 L359 C360.5          | src network | ins 0 | pad 6.579->6.579      | to 265.579->265.579 | 330ms | ops -
PASS    | LIVE-SEED idb-1        | -                                              | n 261->261 | lastT 2026-09-22 | today O360 H361 L359 C360.5          | final O360 H361 L359 C360.5          | src cache   | ins 0 | pad 6.579->6.579      | to 266.579->266.579 | 62ms | ops setData,update,setData,update
PASS    | AFTER-BELL idb@today   | -                                              | n 260->260 | lastT 2026-09-22 | today O360 H361 L359 C360.5          | final O360 H361 L359 C360.5          | src network | ins 0 | pad 6.579->6.579      | to 265.579->265.579 | 361ms | ops -
FAIL    | NC-A missing today     | TODAY_IS_WHITESPACE_AT_FIRST_PAINT             | n 261->261 | lastT 2026-09-22 | today HOLE                           | final HOLE                           | src network | ins 0 | pad 6.579->6.579      | to 266.579->266.579 | 382ms | ops -
FAIL    | NC-B late insertion    | RIGHT_EDGE_INSERTION_AFTER_PAINT,VISIBLE_RANGE_DRIFT | n 260->261 | lastT 2026-09-22 | today O360 H361 L359 C360.5          | final O360 H361 L359 C360.5          | src cache   | ins 1 | pad 6.579->7.579      | to 265.579->266.579 | 63ms | ops setData
FAIL    | NC-C stale wick        | TODAY_OHLC_CORRECTED_AFTER_PAINT               | n 260->260 | lastT 2026-09-22 | today O360 H360.6 L359.8 C360.2      | final O360 H361 L359 C360.5          | src cache   | ins 0 | pad 6.579->6.579      | to 265.579->265.579 | 62ms | ops update
FAIL    | NC-D camera move       | VISIBLE_RANGE_DRIFT                            | n 260->260 | lastT 2026-09-22 | today O360 H361 L359 C360.5          | final O360 H361 L359 C360.5          | src cache   | ins 0 | pad 6.579->10.579     | to 265.579->269.579 | 62ms | ops -
INVALID | NC-E dead observation  | target symbol never painted candle data

 [32m✓[39m src/components/dailyFirstPaintAcceptance.test.jsx [2m([22m[2m19 tests[22m[2m)[22m[33m 21789[2mms[22m[39m
     [33m[2m✓[22m[39m D0 — IDB tail at the frontier, written just now [33m 1039[2mms[22m[39m
     [33m[2m✓[22m[39m D1 — IDB tail one session behind, pack fresh [33m 950[2mms[22m[39m
     [33m[2m✓[22m[39m D2 — IDB tail two sessions behind (the reported shift shape) [33m 1226[2mms[22m[39m
     [33m[2m✓[22m[39m D5 — IDB tail five sessions behind [33m 1250[2mms[22m[39m
     [33m[2m✓[22m[39m D20 — IDB tail twenty sessions behind [33m 1205[2mms[22m[39m
     [33m[2m✓[22m[39m D250 — IDB tail ~250 sessions behind (the PLL class) [33m 1243[2mms[22m[39m
     [33m[2m✓[22m[39m NO-IDB — never opened in this browser [33m 1194[2mms[22m[39m
     [33m[2m✓[22m[39m PACK-EXPIRED — IDB one session behind and no local current-session source [33m 1226[2mms[22m[39m
     [33m[2m✓[22m[39m STALE-TODAY — IDB reaches the frontier but was written hours ago, pack fresh [33m 934[2mms[22m[39m
     [33m[2m✓[22m[39m STALE-TODAY, NO SEED — nothing local can make today current [33m 1186[2mms[22m[39m
     [33m[2m✓[22m[39m LIVE-SEED — the live-price store is the freshest current-session door [33m 919[2mms[22m[39m
     [33m[2m✓[22m[39m AFTER THE BELL — a fresh today-dated cache is DEFERRED to the sealed close (by design) [33m 1216[2mms[22m[39m
     [33m[2m✓[22m[39m NC-A missing today — nothing anywhere can supply the frontier [33m 1270[2mms[22m[39m
     [33m[2m✓[22m[39m NC-B late right-edge insertion [33m 950[2mms[22m[39m
     [33m[2m✓[22m[39m NC-C stale wick corrected after paint [33m 890[2mms[22m[39m
     [33m[2m✓[22m[39m NC-D camera moved after first paint [33m 919[2mms[22m[39m
     [33m[2m✓[22m[39m NC-E dead observation returns INVALID, never PASS [33m 4168[2mms[22m[39m
 [32m✓[39m src/components/chart/engine/ast/c33ObjectReads.test.js [2m([22m[2m33 tests[22m[2m)[22m[32m 83[2mms[22m[39m
 [32m✓[39m src/components/chart/builder/ImportBox.thinkscript.test.jsx [2m([22m[2m25 tests[22m[2m)[22m[33m 2228[2mms[22m[39m
 [32m✓[39m src/pages/journal-2-0/components/notebook/doorsThroughTheEditor.property.test.jsx [2m([22m[2m20 tests[22m[2m)[22m[33m 24989[2mms[22m[39m
     [33m[2m✓[22m[39m ⛔ door `folder` with 1 queued send(s) in flight ⇒ the sentence is on the server [33m 1604[2mms[22m[39m
     [33m[2m✓[22m[39m ⛔ door `folder` with 2 queued send(s) in flight ⇒ the sentence is on the server [33m 1585[2mms[22m[39m
     [33m[2m✓[22m[39m ⛔ door `folder` with 3 queued send(s) in flight ⇒ the sentence is on the server [33m 1641[2mms[22m[39m
     [33m[2m✓[22m[39m ⛔ door `folder` with 4 queued send(s) in flight ⇒ the sentence is on the server [33m 1717[2mms[22m[39m
     [33m[2m✓[22m[39m ⛔ door `folder` with 5 queued send(s) in flight ⇒ the sentence is on the server [33m 1777[2mms[22m[39m
     [33m[2m✓[22m[39m ⛔ door `ticker`, N=3 — the same door class, the same invariant [33m 1645[2mms[22m[39m
     [33m[2m✓[22m[39m ⛔ door `tags`, N=3 — the same door class, the same invariant [33m 1633[2mms[22m[39m
     [33m[2m✓[22m[39m ⛔ door fires, sends in flight, THEN the member navigates away [33m 1668[2mms[22m[39m
     [33m[2m✓[22m[39m ⛔ the same, with the door firing AFTER the note is already unexcluded [33m 1907[2mms[22m[39m
     [33m[2m✓[22m[39m ⛔ the sentence survives an unmount while a save is on the wire [33m 1748[2mms[22m[39m
     [33m[2m✓[22m[39m ⛔ a door landing during a slow save does not discard the queued words [33m 1768[2mms[22m[39m
     [33m[2m✓[22m[39m ⭐ with no door and no offline window, the ordinary save lands (the rail is not always-red) [33m 507[2mms[22m[39m
     [33m[2m✓[22m[39m ⛔ the assertion is REAL: a server that never took the body reads as FAILED [33m 509[2mms[22m[39m
     [33m[2m✓[22m[39m ⭐ the door really does move the revision without carrying a body [33m 487[2mms[22m[39m
     [33m[2m✓[22m[39m ⛔ (a) after a door 200, no queued entry still holds a pre-door baseline [33m 999[2mms[22m[39m
     [33m[2m✓[22m[39m ⛔ (b) the full chain ends with the sentence on the server and no fork [33m 1466[2mms[22m[39m
     [33m[2m✓[22m[39m ⭐ CONTROL — a GENUINELY foreign 409 still forks (the fix must not swallow that) [33m 1449[2mms[22m[39m
 [32m✓[39m src/pages/journal-2-0/lib/askInsertNodes.test.js [2m([22m[2m43 tests[22m[2m)[22m[33m 354[2mms[22m[39m
 [32m✓[39m src/pages/journal-2-0/JournalLayout.test.jsx [2m([22m[2m49 tests[22m[2m)[22m[33m 2306[2mms[22m[39m
 [32m✓[39m src/components/chart/keyboardShortcuts.test.js [2m([22m[2m74 tests[22m[2m)[22m[32m 10[2mms[22m[39m
 [32m✓[39m src/hub/sections/journalSection.test.jsx [2m([22m[2m36 tests[22m[2m)[22m[33m 630[2mms[22m[39m
 [32m✓[39m src/components/chart/builder/builderInputs.test.js [2m([22m[2m21 tests[22m[2m)[22m[33m 4884[2mms[22m[39m
     [33m[2m✓[22m[39m ../tests/fixtures/pine — the plain call still folds everything, and the DOOR admits real knobs [33m 2390[2mms[22m[39m
     [33m[2m✓[22m[39m ../tests/fixtures/pine_community — the plain call still folds everything, and the DOOR admits real knobs [33m 663[2mms[22m[39m
     [33m[2m✓[22m[39m ⭐⭐ …and every one of those lengths reaches the member as a FIELD [33m 1794[2mms[22m[39m
 [32m✓[39m src/components/chart/engine/__tests__/fillColourRuns.test.js [2m([22m[2m15 tests[22m[2m)[22m[32m 13[2mms[22m[39m
 [32m✓[39m src/components/chart/engine/lowerTf.test.js [2m([22m[2m35 tests[22m[2m)[22m[32m 28[2mms[22m[39m
 [32m✓[39m src/components/chart/engine/__tests__/vendorHarness/vendorHarness.c33ObjectReads.test.js [2m([22m[2m15 tests[22m[2m)[22m[33m 6114[2mms[22m[39m
     [33m[2m✓[22m[39m ⭐ the two boxes and two lines TradingView holds: same ids, text, prices, time order and colours [33m 494[2mms[22m[39m
     [33m[2m✓[22m[39m ⭐ the table: every cell this chart draws is TradingView's text at its address [33m 376[2mms[22m[39m
     [33m[2m✓[22m[39m ⭐ the weekly and monthly boxes (texts `(W)` / `(M)`) are read, and deleted the bar they are made [33m 368[2mms[22m[39m
     [33m[2m✓[22m[39m ⭐ every label TradingView holds, in creation order: text, price, bar order and text colour [33m 587[2mms[22m[39m
     [33m[2m✓[22m[39m ⭐ on wave 9 the divider's guard is READ (C30 `time("W")`): all 504 of TradingView's lines (C49), beside the 504 labels [33m 626[2mms[22m[39m
     [33m[2m✓[22m[39m ⭐ C48 — a getter's history on a LIVE handle is the number one bar ago: the four `LW | …` labels are drawn [33m 529[2mms[22m[39m
     [33m[2m✓[22m[39m ⭐ the steps under its partial guards are carried and never drawn: the table is TradingView's three cells [33m 319[2mms[22m[39m
     [33m[2m✓[22m[39m ⭐ on every bar of every RDDT 1D capture: `window.lastBarTime`, in milliseconds [33m 2506[2mms[22m[39m
 [32m✓[39m src/components/chart/engine/__tests__/vendorHarness/vendorHarness.c42OneExecution.test.js [2m([22m[2m21 tests[22m[2m)[22m[33m 1628[2mms[22m[39m
     [33m[2m✓[22m[39m ⭐ cell (2,3) reads `maxSpread = ta.highest(spread, 50)` as its one run does: ten full glyphs [33m 429[2mms[22m[39m
 [32m✓[39m src/components/chart/ChartSettingsModal.displayIn.test.jsx [2m([22m[2m14 tests[22m[2m)[22m[33m 1077[2mms[22m[39m
 [32m✓[39m src/components/chart/engine/__tests__/vendorHarness/vendorHarness.c47SimpleSwitch.test.js [2m([22m[2m17 tests[22m[2m)[22m[33m 5103[2mms[22m[39m
     [33m[2m✓[22m[39m two call sites with different texts run two arms, each with its own state [33m 1525[2mms[22m[39m
     [33m[2m✓[22m[39m ⛔ graded: artemis's cells stay 21 / 16 — the five KNN cells are dropped, not drawn [33m 2233[2mms[22m[39m
     [33m[2m✓[22m[39m the vote with its three features' `na` filled: TradingView's `80%`, at the product's own limits [33m 694[2mms[22m[39m
 [32m✓[39m src/components/chart/engine/__tests__/vendorHarness/vendorHarness.c30TimeAnchor.test.js [2m([22m[2m27 tests[22m[2m)[22m[33m 2569[2mms[22m[39m
     [33m[2m✓[22m[39m CONTROL: a vendor column anchored to the CALENDAR Monday instead is caught on every holiday week [33m 950[2mms[22m[39m
     [33m[2m✓[22m[39m every line we hold is one TradingView holds — all 504 (C49: its oldest too), none of ours unmatched [33m 550[2mms[22m[39m
     [33m[2m✓[22m[39m ⭐ the 100 dividers: one per week TradingView draws one, at the same place in the sequence, same span [33m 538[2mms[22m[39m
[90mstdout[2m | src/pages/journal-2-0/lib/offline/q1AppendWriterCensus.test.jsx[2m > [22m[2m⛔⛔ Q1 STEP 2 — which writer reconciles the record clean on the append route[2m > [22m[2m⛔ the append sequence, instrumented: the spy log names the writer
[22m[39m
===== Q1 STEP 2 SPY LOG (putNoteWithIntent) =====
[
 {
  "n": 1,
  "writer": "rebaseEntry at outboxDrain.js:303",
  "intent": "entry note:note-append-cell",
  "dirtyBefore": 1,
  "dirtyAfter": 1,
  "sentenceInRecordBefore": true,
  "sentenceInRecordAfter": true,
  "sentenceInIntent": true,
  "queuedBefore": 1,
  "queuedAfter": 1,
  "baselineAfter": "2026-09-17T10:00:00.000Z"
 },
 {
  "n": 2,
  "writer": "settleSent at outboxDrain.js:83",
  "intent": "NULL",
  "dirtyBefore": 1,
  "dirtyAfter": 0,
  "sentenceInRecordBefore": true,
  "sentenceInRecordAfter": true,
  "sentenceInIntent": "NULL",
  "queuedBefore": 1,
  "queuedAfter": 0,
  "baselineAfter": "2026-09-17T10:02:00.000Z"
 }
]
===== WIRE =====
[
 {
  "method": "POST",
  "url": "/api/j2/notes/note-append-cell/opened",
  "baseUpdatedAt": null,
  "status": 200,
  "note": "recents only, no revision move"
 },
 {
  "method": "POST",
  "url": "/api/j2/notes/note-append-cell/embeds",
  "baseUpdatedAt": null,
  "status": 200,
  "movedTo": "2026-09-17T10:01:00.000Z"
 },
 {
  "method": "PUT",
  "url": "/api/j2/notes/note-append-cell",
  "baseUpdatedAt": "2026-09-17T10:00:00.000Z",
  "status": 409,
  "serverAt": "2026-09-17T10:01:00.000Z"
 },
 {
  "method": "GET",
  "url": "/api/j2/notes/note-append-cell",
  "baseUpdatedAt": null,
  "status": 200,
  "serverAt": "2026-09-17T10:01:00.000Z"
 },
 {
  "method": "PUT",
  "url": "/api/j2/notes/note-append-cell",
  "baseUpdatedAt": "2026-09-17T10:01:00.000Z",
  "status": 200,
  "movedTo": "2026-09-17T10:02:00.000Z",
  "sentSentence": true
 }
]
===== DRAIN RESULTS =====
[
 {
  "mutationId": "note:note-append-cell",
  "noteId": "note-append-cell",
  "outcome": "sent",
  "reason": "409 on our own revision — rebased onto 2026-09-17T10:01:00.000Z and resent"
 }
]
===== FINAL STATE =====
{
 "toast": "Chart sent to “T”",
 "recordDirty": 0,
 "sentenceInRecord": true,
 "queuedEntries": 0,
 "sentenceInQueuedEntry": false,
 "sentenceInServerBody": true,
 "forkedCopies": 0
}

[90mstdout[2m | src/pages/journal-2-0/lib/offline/q1AppendWriterCensus.test.jsx[2m > [22m[2m⛔⛔ Q1 STEP 2 — which writer reconciles the record clean on the append route[2m > [22m[2m⛔⛔ with the EDITOR owning the note, the spy names the writer
[22m[39m
===== ITERATION 2 SPY LOG (putNoteWithIntent) =====
[
 {
  "n": 1,
  "writer": "persist at useDurableNote.js:628",
  "intent": "entry note:note-append-cell",
  "dirtyBefore": 1,
  "dirtyAfter": 1,
  "sentenceInRecordBefore": true,
  "sentenceInRecordAfter": true,
  "sentenceInIntent": true,
  "queuedBefore": 1,
  "queuedAfter": 1,
  "baselineAfter": "2026-09-17T10:00:00.000Z"
 }
]
===== DRAIN (expected: skipped) =====
[
 {
  "mutationId": "note:note-append-cell",
  "noteId": "note-append-cell",
  "outcome": "skipped"
 }
]
===== FINAL STATE =====
{
 "recordDirty": 1,
 "recordBase": "2026-09-17T10:00:00.000Z",
 "sentenceInRecord": true,
 "queuedEntries": 1,
 "sentenceInQueuedEntry": true,
 "sentenceInServerBody": false,
 "forkedCopies": 0,
 "trailShape": "(queued, dirty, base, sentence-in-record) = (1, true, 2026-09-17T10:00:00.000Z, true)"
}

 [32m✓[39m src/pages/journal-2-0/lib/offline/q1AppendWriterCensus.test.jsx [2m([22m[2m2 tests[22m[2m)[22m[33m 977[2mms[22m[39m
     [33m[2m✓[22m[39m ⛔ the append sequence, instrumented: the spy log names the writer [33m 474[2mms[22m[39m
     [33m[2m✓[22m[39m ⛔⛔ with the EDITOR owning the note, the spy names the writer [33m 502[2mms[22m[39m
 [32m✓[39m src/components/chart/engine/ast/pine.tuples.test.js [2m([22m[2m35 tests[22m[2m)[22m[32m 55[2mms[22m[39m
 [32m✓[39m src/components/chart/engine/__tests__/vendorHarness/vendorHarness.c47BoolNaLatch.test.js [2m([22m[2m25 tests[22m[2m)[22m[33m 15014[2mms[22m[39m
     [33m[2m✓[22m[39m ⭐ the harness grades the capture MATCH — objects and overall (was DIVERGE, labels 28 / 27) [33m 2384[2mms[22m[39m
     [33m[2m✓[22m[39m ⭐⭐ all 28 labels and the line: TradingView's id, text and y, x at its rank — id for id [33m 2134[2mms[22m[39m
     [33m[2m✓[22m[39m ⭐ THE WITNESS — TradingView's id 2: made on bar 58, the first `trend := true` [33m 2023[2mms[22m[39m
     [33m[2m✓[22m[39m ⭐ the latch's own column from the listing: `false` on bars 0–57, `true` on bar 58; `trend[1]` on bar 0 is `false` [33m 2330[2mms[22m[39m
     [33m[2m✓[22m[39m ⛔ behind the curtain (no listing statement) the latch is UNKNOWN until its first assignment — never a guessed `false` [33m 2136[2mms[22m[39m
     [33m[2m✓[22m[39m ⛔ CONTROL — the same script declared `//@version=5` keeps the legacy fold and does NOT draw the first flip [33m 1547[2mms[22m[39m
     [33m[2m✓[22m[39m ⭐ the cap is where it was: trend-duration's program evaluates with nothing refused on the node budget [33m 2200[2mms[22m[39m
 [32m✓[39m src/components/chart/IndicatorAlertPopover.scope.test.jsx [2m([22m[2m13 tests[22m[2m)[22m[33m 476[2mms[22m[39m
 [32m✓[39m src/components/chart/builder/BuilderSheet.criteria.test.jsx [2m([22m[2m16 tests[22m[2m)[22m[33m 4225[2mms[22m[39m
     [33m[2m✓[22m[39m picking a condition fills the FORMULA BOX and produces the tree read-back [33m 391[2mms[22m[39m
     [33m[2m✓[22m[39m and the SHIPPED badge, budget and save gate all run on it [33m 311[2mms[22m[39m
     [33m[2m✓[22m[39m ⭐ THE PHASE'S ACCEPTANCE FORMULA is BUILT through the picker, not typed [33m 905[2mms[22m[39m
     [33m[2m✓[22m[39m and a TYPED negation comes back as a row with its toggle on — the other direction [33m 312[2mms[22m[39m
     [33m[2m✓[22m[39m the SAVED document carries no picker shape [33m 385[2mms[22m[39m
     [33m[2m✓[22m[39m ⭐ TYPED AND PICKED PRODUCE THE SAME DOCUMENT, byte for byte but the id [33m 637[2mms[22m[39m
 [32m✓[39m src/components/chart/legend/IndicatorChip.test.jsx [2m([22m[2m22 tests[22m[2m)[22m[32m 59[2mms[22m[39m
 [32m✓[39m src/components/chart/engine/__tests__/userDefinitionDraws.test.jsx [2m([22m[2m6 tests[22m[2m)[22m[33m 388[2mms[22m[39m
[90mstdout[2m | src/lib/presentation/handRolledFormatters.census.test.js[2m > [22m[2mthe census, printed[2m > [22m[2mreports totals, by kind, the largest files and the partner line
[22m[39m[term-066 census]
    population 1960 files · with sites 404 · sites 2127
    by kind {"toFixed":1348,"toLocaleString":322,"toLocaleDateString":103,"Intl.DateTimeFormat":54,"magnitudeSuffix":268,"Intl.NumberFormat":3,"toLocaleTimeString":26,"toPrecision":3}
    partner-owned (baselined, not dropped): app/src/pages/OptionsFlow.jsx = 194
    largest:
     250  app/src/pages/OptionsFlow_admin.jsx
     194  app/src/pages/OptionsFlow.jsx
      65  app/src/components/StockChart.jsx
      58  app/src/pages/DarkPool.jsx
      46  app/src/pages/LiveFlowMassive.jsx
      29  app/src/pages/screener/columnDefs.js
      25  app/src/pages/Watchlists.jsx
      23  app/src/components/fundamentals/AboutPanel.jsx
      23  app/src/pages/charts/widgets/CompanySearch.jsx
      23  app/src/pages/charts/widgets/ownershipModel.js
      21  app/src/pages/AlertTester.jsx
      21  app/src/pages/charts/widgets/DockFinancials.jsx
      20  app/src/components/chart/headerFields.js
      19  app/src/pages/research/tabs/OwnershipTab.jsx
      18  app/src/pages/charts/widgets/earningsRows.js

 [31m❯[39m src/lib/presentation/handRolledFormatters.census.test.js [2m([22m[2m15 tests[22m[2m | [22m[31m1 failed[39m[2m)[22m[33m 1581[2mms[22m[39m
     [32m✓[39m counts each kind once in code[32m 4[2mms[22m[39m
     [32m✓[39m sees a magnitude suffix in a template literal AND in a string concatenation[32m 1[2mms[22m[39m
     [32m✓[39m a kind named like an Object.prototype method still counts as a NUMBER[32m 0[2mms[22m[39m
     [32m✓[39m does NOT count a division that is not followed by a unit, or a unit with no division[32m 0[2mms[22m[39m
     [32m✓[39m ignores comments and string contents — and the control proves code IS seen[32m 0[2mms[22m[39m
     [32m✓[39m a computed access or a look-alike name is not a site[32m 0[2mms[22m[39m
     [33m[2m✓[22m[39m git returned a real tree, and parse failures are zero [33m 1562[2mms[22m[39m
     [32m✓[39m names a known offender — the census is not silently empty[32m 0[2mms[22m[39m
     [32m✓[39m the owner module is excluded, and the exclusion is load-bearing[32m 1[2mms[22m[39m
     [32m✓[39m a planted new file with sites is ADDED, by name[32m 0[2mms[22m[39m
     [32m✓[39m growth is caught by name, and a shrink is slack to bank[32m 0[2mms[22m[39m
[31m     [31m×[31m no file gained a site, and no new file appeared[39m[32m 7[2mms[22m[39m
     [32m✓[39m the baseline is tight — progress is banked in the commit that makes it[32m 1[2mms[22m[39m
     [32m✓[39m the committed baseline is byte-exactly what its writer produces[32m 1[2mms[22m[39m
     [32m✓[39m reports totals, by kind, the largest files and the partner line[32m 1[2mms[22m[39m
 [32m✓[39m src/pages/journal-2-0/components/notebook/ResearchHome.sample.test.jsx [2m([22m[2m22 tests[22m[2m)[22m[33m 1522[2mms[22m[39m
 [32m✓[39m src/pages/breadth/v2/v23Wiring.test.jsx [2m([22m[2m21 tests[22m[2m)[22m[33m 582[2mms[22m[39m
 [32m✓[39m src/components/chart/engine/__tests__/treesLane.test.js [2m([22m[2m12 tests[22m[2m)[22m[32m 42[2mms[22m[39m
 [32m✓[39m src/pages/charts/builderDoor.wire.test.jsx [2m([22m[2m5 tests[22m[2m)[22m[33m 2910[2mms[22m[39m
     [33m[2m✓[22m[39m DESKTOP: Indicators → New formula opens the builder [33m 976[2mms[22m[39m
     [33m[2m✓[22m[39m PHONE (≤640px, the MobileChartsApp branch): the same door opens the same builder [33m 637[2mms[22m[39m
     [33m[2m✓[22m[39m the picker itself is reachable through that door — not merely the sheet [33m 640[2mms[22m[39m
     [33m[2m✓[22m[39m CONTROL — the legacy gear really is suppressed on /charts, so this door is the only one [33m 641[2mms[22m[39m
 [32m✓[39m src/components/chart/engine/__tests__/plotDisplacement.test.js [2m([22m[2m25 tests[22m[2m)[22m[32m 88[2mms[22m[39m
 [32m✓[39m src/pages/journal-2-0/components/notebook/NoteExportControls.test.jsx [2m([22m[2m26 tests[22m[2m)[22m[33m 1403[2mms[22m[39m
 [32m✓[39m src/components/chart/engine/ast/switchedCounter.test.js [2m([22m[2m32 tests[22m[2m)[22m[32m 186[2mms[22m[39m
 [32m✓[39m src/hub/flowNavigateOnly.test.jsx [2m([22m[2m7 tests[22m[2m)[22m[32m 261[2mms[22m[39m
 [32m✓[39m src/hub/sections/notebookSection.test.jsx [2m([22m[2m19 tests[22m[2m)[22m[32m 79[2mms[22m[39m
 [32m✓[39m src/pages/journal-2-0/components/notebook/CaptureDialog.test.jsx [2m([22m[2m38 tests[22m[2m)[22m[33m 706[2mms[22m[39m
 [32m✓[39m src/pages/screener/ScreensManager.door.test.jsx [2m([22m[2m16 tests[22m[2m)[22m[33m 940[2mms[22m[39m
     [33m[2m✓[22m[39m "New scan" mounts the builder on the Conditions picker with nothing to edit [33m 471[2mms[22m[39m
 [32m✓[39m src/pages/journal-2-0/a11y/silentFailures.test.jsx [2m([22m[2m15 tests[22m[2m)[22m[33m 10217[2mms[22m[39m
     [33m[2m✓[22m[39m favorite: the star goes back AND a sentence says the note was not added [33m 3702[2mms[22m[39m
     [33m[2m✓[22m[39m add-tag: a sentence says the tag was not added, and the typed tag is given back [33m 3223[2mms[22m[39m
     [33m[2m✓[22m[39m the note-body autosave PUT (the secondary write add-tag also drives): a forced-offline retry says a real sentence, not just "Reconnecting…" [33m 1102[2mms[22m[39m
     [33m[2m✓[22m[39m a failed tag add, then a SUCCESSFUL favorite toggle: the tag sentence and the typed tag stay [33m 690[2mms[22m[39m
     [33m[2m✓[22m[39m the reverse: a failed favorite, then a SUCCESSFUL tag add: the favorite sentence stays [33m 435[2mms[22m[39m
     [33m[2m✓[22m[39m both can show at once, each with its own Dismiss [33m 471[2mms[22m[39m
 [32m✓[39m src/components/chart/engine/__tests__/vendorHarness/vendorHarness.c37ObjectColours.test.js [2m([22m[2m19 tests[22m[2m)[22m[33m 20583[2mms[22m[39m
     [33m[2m✓[22m[39m ⭐ `color.new(<the theme colour>, <arithmetic over an input>)`: every colour slot of artemis [33m 2188[2mms[22m[39m
     [33m[2m✓[22m[39m ⭐ a one-expression colour helper is read with the call's arguments in place: ema-ribbon [33m 665[2mms[22m[39m
     [33m[2m✓[22m[39m ⭐ v4: lines and labels in v4's `color.blue`, label text in `color.black` — rsi-swing, fibonacci-pivots [33m 891[2mms[22m[39m
     [33m[2m✓[22m[39m ⭐ v5: label text in `color.black`, an unset box fill OPAQUE `color.blue` — vw-object-gc-b [33m 1344[2mms[22m[39m
     [33m[2m✓[22m[39m ⭐ v5: a table cell's unset text is `color.black` — htf-liquidity, keltner-center-of-gravity [33m 14089[2mms[22m[39m
 [32m✓[39m src/pages/journal-2-0/components/notebook/NoteEditorPage.excerpts.test.jsx [2m([22m[2m7 tests[22m[2m)[22m[33m 1358[2mms[22m[39m
     [33m[2m✓[22m[39m opening the PDF preview resolves the documentId from the note's own document list [33m 699[2mms[22m[39m
 [32m✓[39m src/pages/calendar/callRecap.test.jsx [2m([22m[2m37 tests[22m[2m)[22m[32m 279[2mms[22m[39m
 [32m✓[39m src/components/chart/engine/ast/pine.guardCensus.test.js [2m([22m[2m3 tests[22m[2m)[22m[32m 2[2mms[22m[39m
 [32m✓[39m src/pages/journal-2-0/components/notebook/NoteEditorPage.durable.test.jsx [2m([22m[2m15 tests[22m[2m)[22m[33m 6973[2mms[22m[39m
     [33m[2m✓[22m[39m writes the synchronous draft immediately and the durable copy after the window [33m 815[2mms[22m[39m
     [33m[2m✓[22m[39m ⭐ coalesces a burst — ONE durable write, not one per keystroke [33m 335[2mms[22m[39m
     [33m[2m✓[22m[39m the account is part of the DATABASE NAME, so another member has another store [33m 312[2mms[22m[39m
     [33m[2m✓[22m[39m a successful save clears the queued intent and marks the copy clean [33m 559[2mms[22m[39m
     [33m[2m✓[22m[39m ⛔ a failed save leaves the work durable, queued, and HONESTLY labelled [33m 584[2mms[22m[39m
     [33m[2m✓[22m[39m offers a durable copy from a previous session even with no localStorage draft [33m 448[2mms[22m[39m
     [33m[2m✓[22m[39m ⭐ and stays quiet when the durable copy is CLEAN — the server is newer, not us [33m 437[2mms[22m[39m
     [33m[2m✓[22m[39m the editor still works when IndexedDB is unavailable [33m 408[2mms[22m[39m
     [33m[2m✓[22m[39m with the wave switched off, nothing is written to IndexedDB and the Notebook is unchanged [33m 406[2mms[22m[39m
     [33m[2m✓[22m[39m ⭐ and the same keystroke DOES reach the store when it is switched ON [33m 329[2mms[22m[39m
     [33m[2m✓[22m[39m ⭐ says "on this device" ONLY when persisted() was actually granted [33m 588[2mms[22m[39m
     [33m[2m✓[22m[39m says "in this browser" when it was not — and does NOT call that private mode [33m 570[2mms[22m[39m
     [33m[2m✓[22m[39m ⛔ a refused persist() never blocks offline editing or raises an error [33m 546[2mms[22m[39m
     [33m[2m✓[22m[39m leaves an existing durable copy and its outbox entry untouched while the editor works normally [33m 633[2mms[22m[39m
 [32m✓[39m src/components/chart/engine/ast/postfixMember.test.js [2m([22m[2m28 tests[22m[2m)[22m[32m 56[2mms[22m[39m
 [32m✓[39m src/hooks/usePreferences.test.js [2m([22m[2m21 tests[22m[2m)[22m[33m 1678[2mms[22m[39m
 [32m✓[39m src/pages/breadth/v2/chartOption.test.js [2m([22m[2m40 tests[22m[2m)[22m[32m 22[2mms[22m[39m
 [32m✓[39m src/pages/breadth/drill/BreadthDrillList.test.jsx [2m([22m[2m29 tests[22m[2m)[22m[33m 636[2mms[22m[39m
 [32m✓[39m src/pages/charts/LayoutDock.test.jsx [2m([22m[2m36 tests[22m[2m)[22m[33m 885[2mms[22m[39m
 [32m✓[39m src/pages/journal-2-0/components/PortfolioSettingsModal.test.jsx [2m([22m[2m23 tests[22m[2m)[22m[33m 3590[2mms[22m[39m
     [33m[2m✓[22m[39m Phase B guard inputs ship in the save payload [33m 396[2mms[22m[39m
     [33m[2m✓[22m[39m adds a rule to a setup and includes setupRules in the save payload [33m 472[2mms[22m[39m
 [32m✓[39m src/components/chart/engine/ast/argRoles.test.js [2m([22m[2m15 tests[22m[2m)[22m[32m 37[2mms[22m[39m
 [32m✓[39m src/pages/charts/widgets/DockEarnings.test.jsx [2m([22m[2m27 tests[22m[2m)[22m[33m 440[2mms[22m[39m
 [32m✓[39m src/components/chart/engine/__tests__/rsiFlipAParity.test.js [2m([22m[2m7 tests[22m[2m)[22m[32m 11[2mms[22m[39m
 [32m✓[39m src/hub/gestureTraceEngineParity.test.jsx [2m([22m[2m22 tests[22m[2m)[22m[32m 46[2mms[22m[39m
 [32m✓[39m src/components/chart/engine/ast/vendorTruth.test.js [2m([22m[2m29 tests[22m[2m)[22m[33m 6866[2mms[22m[39m
     [33m[2m✓[22m[39m ⛔ an ACCEPTED row reaches a member by a declared hook KIND [33m 6825[2mms[22m[39m
 [32m✓[39m src/pages/charts/widgets/ScannerResults.journalDoor.test.jsx [2m([22m[2m12 tests[22m[2m)[22m[32m 134[2mms[22m[39m
 [32m✓[39m src/pages/journal-2-0/components/notebook/NoteEditorPage.phoneFormat.test.jsx [2m([22m[2m11 tests[22m[2m)[22m[33m 2387[2mms[22m[39m
     [33m[2m✓[22m[39m one toggle, collapsed, controlling exactly four runs inside the Editor toolbar [33m 870[2mms[22m[39m
 [32m✓[39m src/pages/terminal/TerminalBoards.test.jsx [2m([22m[2m15 tests[22m[2m)[22m[33m 489[2mms[22m[39m
 [32m✓[39m src/components/chart/engine/__tests__/memberPaneGate.test.js [2m([22m[2m9 tests[22m[2m)[22m[33m 3124[2mms[22m[39m
     [33m[2m✓[22m[39m ⛔ is read in exactly ONE place, so a rename is one line [33m 794[2mms[22m[39m
     [33m[2m✓[22m[39m ⭐⭐ NO PATH FROM THE APP ENTRY REACHES THE RUNTIME LANE WITHOUT PASSING THROUGH A GATE CONSULT [33m 1498[2mms[22m[39m
     [33m[2m✓[22m[39m ⭐⭐ THE GATE NOW HAS A CONSUMER, AND IT CONSULTS THE GATE (T5) [33m 823[2mms[22m[39m
 [32m✓[39m src/components/chart/engine/ast/pine.paramManifest.test.js [2m([22m[2m15 tests[22m[2m)[22m[32m 33[2mms[22m[39m
 [32m✓[39m src/pages/journal-2-0/lib/tradeCanvas.test.js [2m([22m[2m30 tests[22m[2m)[22m[32m 136[2mms[22m[39m
 [32m✓[39m src/components/chart/engine/ast/pine.forLoopReassignSilentWrongResult.test.js [2m([22m[2m18 tests[22m[2m)[22m[32m 39[2mms[22m[39m
 [32m✓[39m src/pages/journal-2-0/lib/mathNodes.test.js [2m([22m[2m32 tests[22m[2m)[22m[33m 2580[2mms[22m[39m
     [33m[2m✓[22m[39m KaTeX is imported by katexRender.js ONLY, and katexRender only through import() -- no note pays for it without math [33m 2053[2mms[22m[39m
 [32m✓[39m src/components/chart/engine/__tests__/vendorHarness/vendorHarness.c45GaugeColour.test.js [2m([22m[2m14 tests[22m[2m)[22m[33m 497[2mms[22m[39m
 [32m✓[39m src/pages/calendar/impliedMoveReason.test.jsx [2m([22m[2m30 tests[22m[2m)[22m[32m 87[2mms[22m[39m
 [32m✓[39m src/components/chart/engine/ast/pine.barstate.test.js [2m([22m[2m15 tests[22m[2m)[22m[32m 32[2mms[22m[39m
 [32m✓[39m src/components/chart/engine/ast/doorCoverage.test.js [2m([22m[2m10 tests[22m[2m)[22m[32m 7[2mms[22m[39m
 [32m✓[39m src/components/chart/engine/ast/compatHarness.publicScript.test.js [2m([22m[2m5 tests[22m[2m)[22m[32m 11[2mms[22m[39m
 [32m✓[39m src/pages/journal-2-0/components/notebook/NoteEditorPage.writingHelp.test.jsx [2m([22m[2m10 tests[22m[2m)[22m[33m 3490[2mms[22m[39m
     [33m[2m✓[22m[39m flag OFF (never latched): no toolbar entry, no slash item [33m 996[2mms[22m[39m
     [33m[2m✓[22m[39m ⛔⛔ the draft streams into the PREVIEW and the note is untouched until Accept [33m 617[2mms[22m[39m
     [33m[2m✓[22m[39m telemetry — Accept in the panel sends writing_help_used once; the preview and Discard send none [33m 510[2mms[22m[39m
 [32m✓[39m src/pages/breadth/BreadthViews.urlstate.test.jsx [2m([22m[2m17 tests[22m[2m)[22m[33m 822[2mms[22m[39m
[90mstdout[2m | src/components/chart/builder/paramSingleTranslation.test.js[2m > [22m[2mC2D.1 — every locator resolves against the tree that is SAVED[2m > [22m[2mmid_engagement__22-rsi-levels-regime-map
[22m[39m  mid_engagement__22-rsi-levels-regime-map: 3 parameters, 4065 locators, all resolve

[90mstdout[2m | src/components/chart/builder/paramSingleTranslation.test.js[2m > [22m[2mC2D.1 — every locator resolves against the tree that is SAVED[2m > [22m[2mhigh_engagement__12-cm-ultimate-rsi-mtf-chrismoody
[22m[39m  high_engagement__12-cm-ultimate-rsi-mtf-chrismoody: 1 parameters, 36 locators, all resolve

[90mstdout[2m | src/components/chart/builder/paramSingleTranslation.test.js[2m > [22m[2mC2D.1 — every locator resolves against the tree that is SAVED[2m > [22m[2mmid_engagement__14-master-line-lite
[22m[39m  mid_engagement__14-master-line-lite: 1 parameters, 95 locators, all resolve

[90mstdout[2m | src/components/chart/builder/paramSingleTranslation.test.js[2m > [22m[2mC2D.1 — every locator resolves against the tree that is SAVED[2m > [22m[2mhigh_engagement__03-supertrend-kivancozbilgic
[22m[39m  high_engagement__03-supertrend-kivancozbilgic: 2 parameters, 552 locators, all resolve

[90mstdout[2m | src/pages/journal-2-0/components/notebook/NoteEditorPage.nullbaseline.test.jsx[2m > [22m[2m⚰️ the search: which server shapes can still queue a null baseline?[2m > [22m[2m⛔ the PUT succeeds but its response carries no updatedAt, and the member kept typing
[22m[39mACK without updatedAt -> outbox: [{"mutationId":"note:n1","noteId":"n1","kind":"note-update","patch":{"title":"first words","subtitle":"","bodyJson":{"type":"doc","content":[{"type":"paragraph","content":[{"type":"text","text":"Original body"}]}]}},"baseUpdatedAt":"T1","generation":2,"sessionId":"d928a8d1-1eb8-4c39-a194-0bfb327c02e3","queuedAt":1791136216450,"writtenSchema":4}]
ACK without updatedAt -> notes : [{"noteId":"n1","title":"first words","subtitle":"","bodyJson":{"type":"doc","content":[{"type":"paragraph","content":[{"type":"text","text":"Original body"}]}]},"baseUpdatedAt":"T1","generation":2,"sessionId":"d928a8d1-1eb8-4c39-a194-0bfb327c02e3","localSavedAt":1791136216450,"dirty":1,"writtenSchema":4,"serverBase":{"title":"NVDA thesis","subtitle":"","bodyJson":{"type":"doc","content":[{"type":"paragraph","content":[{"type":"text","text":"Original body"}]}]},"updatedAt":"T1"}}]

[90mstdout[2m | src/pages/journal-2-0/components/notebook/NoteEditorPage.nullbaseline.test.jsx[2m > [22m[2m⚰️ the search: which server shapes can still queue a null baseline?[2m > [22m[2m⛔ the PUT succeeds with an EMPTY updatedAt, and the member kept typing
[22m[39mACK with empty updatedAt -> outbox: [{"mutationId":"note:n1","noteId":"n1","kind":"note-update","patch":{"title":"first words","subtitle":"","bodyJson":{"type":"doc","content":[{"type":"paragraph","content":[{"type":"text","text":"Original body"}]}]}},"baseUpdatedAt":"T1","generation":2,"sessionId":"d928a8d1-1eb8-4c39-a194-0bfb327c02e3","queuedAt":1791136217231,"writtenSchema":4}]

[90mstdout[2m | src/pages/journal-2-0/components/notebook/NoteEditorPage.nullbaseline.test.jsx[2m > [22m[2m⚰️ §15 step 9 — REOPEN a note that already has unsynced work on disk[2m > [22m[2mreopening on top of unsynced work queues NO new baseline-less entry
[22m[39mREOPEN -> outbox: [{"mutationId":"note:n1","noteId":"n1","kind":"note-update","patch":{"title":"typed before the reload","subtitle":"","bodyJson":{"type":"doc","content":[{"type":"paragraph","content":[{"type":"text","text":"unsynced words"}]}]}},"baseUpdatedAt":"T1","generation":7,"sessionId":"session-before-the-reload","queuedAt":1791136156470}]
REOPEN -> notes : [{"noteId":"n1","title":"typed before the reload","subtitle":"","bodyJson":{"type":"doc","content":[{"type":"paragraph","content":[{"type":"text","text":"unsynced words"}]}]},"baseUpdatedAt":"T1","generation":7,"sessionId":"session-before-the-reload","localSavedAt":1791136156470,"dirty":1}]

 [32m✓[39m src/pages/journal-2-0/components/notebook/NoteEditorPage.nullbaseline.test.jsx [2m([22m[2m8 tests[22m[2m)[22m[33m 4213[2mms[22m[39m
     [33m[2m✓[22m[39m CONTROL — an ordinary note queues its real baseline [33m 825[2mms[22m[39m
     [33m[2m✓[22m[39m ⚰️ a note served with an EMPTY updatedAt — null is queued, and never sent [33m 331[2mms[22m[39m
     [33m[2m✓[22m[39m ⚰️ a note served with NO updatedAt key at all — same story [33m 326[2mms[22m[39m
     [33m[2m✓[22m[39m ⛔ the PUT succeeds but its response carries no updatedAt, and the member kept typing [33m 781[2mms[22m[39m
     [33m[2m✓[22m[39m ⛔ the PUT succeeds with an EMPTY updatedAt, and the member kept typing [33m 779[2mms[22m[39m
     [33m[2m✓[22m[39m reopening on top of unsynced work queues NO new baseline-less entry [33m 468[2mms[22m[39m
     [33m[2m✓[22m[39m ⭐ CONTROL — the seeded work is actually there and actually recovered [33m 516[2mms[22m[39m
 [32m✓[39m src/components/chart/builder/paramSingleTranslation.test.js [2m([22m[2m13 tests[22m[2m)[22m[33m 10432[2mms[22m[39m
     [33m[2m✓[22m[39m mid_engagement__22-rsi-levels-regime-map: trees are byte-identical with and without paramManifest [33m 3959[2mms[22m[39m
     [33m[2m✓[22m[39m mid_engagement__22-rsi-levels-regime-map [33m 2115[2mms[22m[39m
     [33m[2m✓[22m[39m one Pine input gets exactly one control [33m 1853[2mms[22m[39m
     [33m[2m✓[22m[39m the sheet re-parses the printed text, and the astPath still lands [33m 2033[2mms[22m[39m
 [32m✓[39m src/pages/screener/shell/ShellToolbar.test.jsx [2m([22m[2m14 tests[22m[2m)[22m[33m 523[2mms[22m[39m
 [32m✓[39m src/components/chart/engine/__tests__/vendorHarness/vendorHarness.c47ConstTernary.test.js [2m([22m[2m15 tests[22m[2m)[22m[33m 613[2mms[22m[39m
     [33m[2m✓[22m[39m ⛔ and the ceiling behind the walls: the profile's own loop is 1,674,010 instructions on the last bar, against 200,000 [33m 371[2mms[22m[39m
 [32m✓[39m src/components/chart/engine/ast/openingRangeBoolCast.vendor.test.js [2m([22m[2m5 tests[22m[2m)[22m[33m 305[2mms[22m[39m
[90mstdout[2m | src/components/research/sections/sectionFetchAdoption.test.jsx[2m > [22m[2mTERM-033 — the population, as a denominator[2m > [22m[2mcensus: 70 of 4578 files under app/src still swallow with .catch(() => null) (78 counting comment mentions) — 4 named sites railed above, the rest are the census ticket, not this one
[22m[39m[TERM-033 census] 70 live / 78 raw of 4578 files:
  components/admin/AiSearchInsightsPanel.jsx
  components/admin/CompassHealthPanel.jsx
  components/admin/DataPipelineHealthPanel.jsx
  components/admin/ThemeEngineHealthPanel.jsx
  components/AlertBell.jsx
  components/calendar/KeywordAlerts.jsx
  components/chart/builder/FormulaField.jsx
  components/chart/builder/PineBox.jsx
  components/research/QuoteStrip.jsx
  components/RsBadge.jsx
  components/StockChart.jsx
  hooks/livePriceStore.js
  hooks/useAnalystIntel.js
  hooks/useCallRecap.js
  hooks/useEarningsAudio.js
  hooks/useEarningsBrief.js
  hooks/useEarningsTable.js
  hooks/useExpectedMove.js
  hooks/useFilings.js
  hooks/useFlagged.js
  hooks/useFundamentals.js
  hooks/useFundamentalSnapshot.js
  hooks/useLiveBreadth.js
  hooks/useOwnership.js
  hooks/useSentiment.js
  hooks/useTimedTranscript.js
  hooks/useTranscriptQuarters.js
  hooks/useWatchlistAlerts.js
  lib/presentation/s10Adoption.test.jsx
  lib/swallowedFetch.census.test.js
  pages/Admin.jsx
  pages/AiSearchPage.jsx
  pages/charts/widgets/AiSearchWidget.jsx
  pages/charts/widgets/DockEarnings.jsx
  pages/charts/widgets/DockOwnership.jsx
  pages/charts/widgets/dockPrefetch.js
  pages/charts/widgets/EtfHoldingsResults.jsx
  pages/charts/widgets/NewHighsLowsWidget.jsx
  pages/charts/widgets/NhnlPulseWidget.jsx
  pages/charts/widgets/PeriodSortResults.jsx
  pages/charts/widgets/ScannerResults.jsx
  pages/charts/widgets/ScatterWidget.jsx
  pages/charts/widgets/VolumeScanWidget.jsx
  pages/DarkPool.jsx
  pages/journal-2-0/components/notebook/AskPanel.jsx
  pages/journal-2-0/components/position/PositionDetailPage.jsx
  pages/journal-2-0/components/trade/TradeDetailPage.jsx
  pages/journal-2-0/hooks/useHoldingsSparklines.js
  pages/journal-2-0/hooks/useIntradayEquityCurve.js
  pages/journal-2-0/lib/memberTemplates.js
  pages/journal-2-0/lib/noteBatch.js
  pages/journal-2-0/lib/writingHelpStream.js
  pages/modelbook/SetupsView.jsx
  pages/OptionsFlow.jsx
  pages/research/hooks/useAnalystRatings.js
  pages/research/hooks/useCallRecap.js
  pages/research/hooks/useCatalystHistory.js
  pages/research/hooks/useCompanyNews.js
  pages/research/hooks/useComparison.js
  pages/research/hooks/useEarningsAudio.js
  pages/research/hooks/useEstimates.js
  pages/research/hooks/useFinancials.js
  pages/research/hooks/useModelBookAppearances.js
  pages/research/hooks/useOwnership.js
  pages/research/hooks/useRatings.js
  pages/research/hooks/useResearchFlow.js
  pages/research/hooks/useResearchOverview.js
  pages/research/hooks/useTechnical.js
  pages/Watchlists.jsx
  testing/device/slopSteps.js

 [32m✓[39m src/components/research/sections/sectionFetchAdoption.test.jsx [2m([22m[2m20 tests[22m[2m)[22m[33m 329[2mms[22m[39m
 [32m✓[39m src/pages/charts/review/ReviewFeed.test.jsx [2m([22m[2m15 tests[22m[2m)[22m[33m 847[2mms[22m[39m
 [32m✓[39m src/lib/journal-2-0/closedSessionMarks.test.js [2m([22m[2m25 tests[22m[2m)[22m[32m 17[2mms[22m[39m
 [32m✓[39m src/pages/journal-2-0/a11y/parts.a11y.test.jsx [2m([22m[2m23 tests[22m[2m)[22m[33m 6194[2mms[22m[39m
     [33m[2m✓[22m[39m surface "editor-nodes": axe finds 0 violations [33m 1276[2mms[22m[39m
     [33m[2m✓[22m[39m surface "embed-breadth": axe finds 0 violations [33m 470[2mms[22m[39m
     [33m[2m✓[22m[39m surface "editor-thesis": axe finds 0 violations [33m 2189[2mms[22m[39m
 [32m✓[39m src/pages/breadth/views/PercentileLadderView.test.jsx [2m([22m[2m13 tests[22m[2m)[22m[32m 169[2mms[22m[39m
 [32m✓[39m src/components/chart/addIndicatorDoor.test.jsx [2m([22m[2m9 tests[22m[2m)[22m[33m 1251[2mms[22m[39m
 [32m✓[39m src/pages/journal-2-0/lib/offline/writtenSchemaDrain.test.js [2m([22m[2m13 tests[22m[2m)[22m[32m 9[2mms[22m[39m
 [32m✓[39m src/components/chart/engine/__tests__/finiteWindowNa.test.js [2m([22m[2m20 tests[22m[2m)[22m[32m 7[2mms[22m[39m
 [32m✓[39m src/hub/tickIsAskedNotDecided.test.jsx [2m([22m[2m18 tests[22m[2m)[22m[32m 160[2mms[22m[39m
 [32m✓[39m src/components/admin/DataPipelineHealthPanel.test.jsx [2m([22m[2m20 tests[22m[2m)[22m[33m 402[2mms[22m[39m
 [32m✓[39m src/components/chart/engine/ast/refusalsAreASurfaceProperty.test.js [2m([22m[2m7 tests[22m[2m)[22m[33m 1467[2mms[22m[39m
     [33m[2m✓[22m[39m ⛔⛔ THE REGRESSION GUARD — the pane never refuses a name it declares it accepts [33m 1021[2mms[22m[39m
 [32m✓[39m src/components/chart/builder/paramCarry.test.js [2m([22m[2m19 tests[22m[2m)[22m[32m 8[2mms[22m[39m
 [32m✓[39m src/components/chart/engine/runtime/__tests__/requests.test.js [2m([22m[2m15 tests[22m[2m)[22m[32m 36[2mms[22m[39m
 [32m✓[39m src/components/chart/builder/memberPane/colourOnlyInputs.test.js [2m([22m[2m9 tests[22m[2m)[22m[32m 88[2mms[22m[39m
 [32m✓[39m src/components/chart/engine/runtime/__tests__/refusalsThatMeanOppositeThings.test.js [2m([22m[2m6 tests[22m[2m)[22m[32m 45[2mms[22m[39m
 [32m✓[39m src/pages/journal-2-0/lib/codeBlockNode.test.js [2m([22m[2m24 tests[22m[2m)[22m[33m 338[2mms[22m[39m
 [32m✓[39m src/pages/journal-2-0/lib/dateMentionNode.test.js [2m([22m[2m26 tests[22m[2m)[22m[33m 571[2mms[22m[39m
[90mstdout[2m | src/components/chart/builder/markerSemantics.test.js[2m > [22m[2mC3A-CLOSE — the shape approximation matrix[2m > [22m[2mevery Pine shape, its rendered shape, and its approximation class
[22m[39m
=== C3A-CLOSE — SHAPE APPROXIMATION MATRIX ===
  Pine source shape        → UCT rendered   flagged   class
  shape.circle             → circle         false     EXACT
  shape.square             → square         false     EXACT
  shape.arrowup            → arrowUp        false     EXACT
  shape.arrowdown          → arrowDown      false     EXACT
  shape.triangleup         → arrowUp        true      CLOSE_APPROXIMATION
  shape.triangledown       → arrowDown      true      CLOSE_APPROXIMATION
  shape.labelup            → arrowUp        true      CLOSE_APPROXIMATION
  shape.labeldown          → arrowDown      true      CLOSE_APPROXIMATION
  shape.diamond            → square         true      CLOSE_APPROXIMATION
  shape.flag               → arrowUp        true      MATERIAL_APPROXIMATION
  shape.cross              → square         true      MATERIAL_APPROXIMATION
  shape.xcross             → square         true      MATERIAL_APPROXIMATION

  EXACT 4  ·  CLOSE 5  ·  MATERIAL 3  ·  UNSUPPORTED 0

 [32m✓[39m src/components/chart/builder/markerSemantics.test.js [2m([22m[2m8 tests[22m[2m)[22m[32m 52[2mms[22m[39m
 [32m✓[39m src/components/chart/engine/runtime/__tests__/tableClear.test.js [2m([22m[2m12 tests[22m[2m)[22m[32m 105[2mms[22m[39m
 [32m✓[39m src/pages/charts/widgets/WatchlistWidget.sources.test.jsx [2m([22m[2m10 tests[22m[2m)[22m[33m 527[2mms[22m[39m
 [32m✓[39m src/pages/cot/cotDivergence.test.js [2m([22m[2m20 tests[22m[2m)[22m[32m 29[2mms[22m[39m
 [32m✓[39m src/components/chart/engine/__tests__/vendorHarness/vendorHarness.c40ForIn.test.js [2m([22m[2m5 tests[22m[2m)[22m[33m 556[2mms[22m[39m
     [33m[2m✓[22m[39m ict-killzones (`for l in levels`, a list of user types — not walked) stays MATCH [33m 326[2mms[22m[39m
 [32m✓[39m src/components/chart/builder/memberPane/conditionColumn.test.js [2m([22m[2m7 tests[22m[2m)[22m[32m 79[2mms[22m[39m
 [32m✓[39m src/components/chart/technicalStudies.oracle.test.js [2m([22m[2m46 tests[22m[2m)[22m[33m 791[2mms[22m[39m
 [32m✓[39m src/pages/journal-2-0/components/notebook/NoteEditorPage.attachments.test.jsx [2m([22m[2m7 tests[22m[2m)[22m[33m 1393[2mms[22m[39m
     [33m[2m✓[22m[39m renders a discoverable, accessibly-labeled "Attach a file" toolbar button [33m 751[2mms[22m[39m
 [32m✓[39m src/routePrefetch.test.js [2m([22m[2m28 tests[22m[2m)[22m[32m 27[2mms[22m[39m
 [32m✓[39m src/components/chart/engine/symbolSource.test.js [2m([22m[2m27 tests[22m[2m)[22m[32m 6[2mms[22m[39m
 [32m✓[39m src/components/chart/engine/__tests__/vendorHarness/vendorHarness.c20MaxPain.test.js [2m([22m[2m3 tests[22m[2m)[22m[33m 986[2mms[22m[39m
     [33m[2m✓[22m[39m from the listing: every object drawn is TradingView's, value for value, in its creation order [33m 447[2mms[22m[39m
     [33m[2m✓[22m[39m C29 — nothing is withheld: every box and label TradingView drew is drawn [33m 305[2mms[22m[39m
 [32m✓[39m src/components/chart/engine/ast/pine.tfternary.test.js [2m([22m[2m11 tests[22m[2m)[22m[32m 33[2mms[22m[39m
 [32m✓[39m src/pages/journal-2-0/lib/importer/obsidian.test.js [2m([22m[2m15 tests[22m[2m)[22m[32m 50[2mms[22m[39m
 [32m✓[39m src/components/chart/engine/runtime/__tests__/crossFamily.test.js [2m([22m[2m8 tests[22m[2m)[22m[32m 39[2mms[22m[39m
 [32m✓[39m src/pages/screener/ScreensManager.screenAlerts.test.jsx [2m([22m[2m5 tests[22m[2m)[22m[32m 134[2mms[22m[39m
 [32m✓[39m src/pages/journal-2-0/lib/earningsPrep.test.js [2m([22m[2m10 tests[22m[2m)[22m[32m 30[2mms[22m[39m
 [32m✓[39m src/components/chart/engine/__tests__/technicalLibraryTier1.test.js [2m([22m[2m39 tests[22m[2m)[22m[32m 22[2mms[22m[39m
 [32m✓[39m src/pages/journal-2-0/lib/searchNavigation.test.js [2m([22m[2m28 tests[22m[2m)[22m[32m 6[2mms[22m[39m
 [32m✓[39m src/pages/parityBars/intraday5m.test.js [2m([22m[2m8 tests[22m[2m)[22m[32m 118[2mms[22m[39m
 [32m✓[39m src/hooks/useSymbolHandoff.test.jsx [2m([22m[2m18 tests[22m[2m)[22m[32m 113[2mms[22m[39m
 [32m✓[39m src/pages/journal-2-0/lib/noteSwitcher.test.js [2m([22m[2m29 tests[22m[2m)[22m[32m 8[2mms[22m[39m
 [32m✓[39m src/pages/calendar/useEarningsModalRoute.test.jsx [2m([22m[2m19 tests[22m[2m)[22m[32m 169[2mms[22m[39m
 [32m✓[39m src/pages/journal-2-0/components/connectors/DropboxFolderPicker.test.jsx [2m([22m[2m12 tests[22m[2m)[22m[33m 664[2mms[22m[39m
 [32m✓[39m src/components/chart/engine/ast/pine.community.test.js [2m([22m[2m4 tests[22m[2m)[22m[33m 667[2mms[22m[39m
     [33m[2m✓[22m[39m ⭐ exactly these scripts translate — named, so a swap cannot hide in a total [33m 323[2mms[22m[39m
     [33m[2m✓[22m[39m ⛔ and every other script refuses BY A DECLARED GUARD, never by throwing [33m 342[2mms[22m[39m
 [32m✓[39m src/components/chart/builder/BuilderSheet.indicators.test.jsx [2m([22m[2m7 tests[22m[2m)[22m[33m 519[2mms[22m[39m
     [33m[2m✓[22m[39m the SAVE GATE admits it and the sheet PUTS the parser`s own tree [33m 345[2mms[22m[39m
 [32m✓[39m src/components/chart/engine/__tests__/paneSizes.test.js [2m([22m[2m19 tests[22m[2m)[22m[32m 7[2mms[22m[39m
 [32m✓[39m src/components/chart/engine/runtime/__tests__/dynamicHistoryOffset.test.js [2m([22m[2m10 tests[22m[2m)[22m[32m 30[2mms[22m[39m
 [32m✓[39m src/components/chart/engine/__tests__/objectCollector.vendor.test.js [2m([22m[2m13 tests[22m[2m)[22m[33m 3189[2mms[22m[39m
     [33m[2m✓[22m[39m vw-object-gc-a 1d: every family's held ids equal TradingView's [33m 1021[2mms[22m[39m
     [33m[2m✓[22m[39m vw-object-gc-b 1d: every family's held ids equal TradingView's [33m 621[2mms[22m[39m
     [33m[2m✓[22m[39m vw-object-gc-c 1d: every family's held ids equal TradingView's [33m 718[2mms[22m[39m
 [32m✓[39m src/components/chart/__tests__/cotFollow.test.js [2m([22m[2m26 tests[22m[2m)[22m[32m 25[2mms[22m[39m
 [32m✓[39m src/hub/PlanTradeSheet.test.jsx [2m([22m[2m16 tests[22m[2m)[22m[32m 154[2mms[22m[39m
 [32m✓[39m src/pages/journal-2-0/components/notebook/AskPanel.navNotice.test.jsx [2m([22m[2m15 tests[22m[2m)[22m[33m 1604[2mms[22m[39m
 [32m✓[39m src/components/chart/engine/eligibility.test.js [2m([22m[2m20 tests[22m[2m)[22m[32m 6[2mms[22m[39m
 [32m✓[39m src/hub/sections/calendarSection.test.jsx [2m([22m[2m24 tests[22m[2m)[22m[32m 8[2mms[22m[39m
 [32m✓[39m src/hub/tapHintIsBacked.test.js [2m([22m[2m5 tests[22m[2m)[22m[32m 4[2mms[22m[39m
 [32m✓[39m src/pages/breadth/views/breadthEvents.test.js [2m([22m[2m21 tests[22m[2m)[22m[32m 9[2mms[22m[39m
 [32m✓[39m src/pages/ComingSoon.test.jsx [2m([22m[2m22 tests[22m[2m)[22m[33m 565[2mms[22m[39m
 [32m✓[39m src/components/chart/engine/__tests__/vendorHarness/vendorHarness.c38HistoryRead.test.js [2m([22m[2m7 tests[22m[2m)[22m[33m 4495[2mms[22m[39m
     [33m[2m✓[22m[39m vw-offset-na: MATCH — `close[na]` is the bar's own close on all 100 na bars [33m 1588[2mms[22m[39m
     [33m[2m✓[22m[39m vw-mbb-auto: MATCH — offsets 0..399 with no `max_bars_back`, each the vendor's own bar [33m 1328[2mms[22m[39m
     [33m[2m✓[22m[39m CONTROL — the grade can fail: one vendor value moved is one DIVERGE, at that bar [33m 1292[2mms[22m[39m
 [32m✓[39m src/pages/journal-2-0/a11y/dialogs.a11y.test.jsx [2m([22m[2m15 tests[22m[2m)[22m[33m 2679[2mms[22m[39m
     [33m[2m✓[22m[39m surface "template-picker": axe finds 0 violations [33m 911[2mms[22m[39m
 [32m✓[39m src/components/chart/engine/__tests__/emptyPaneReclaim.test.js [2m([22m[2m8 tests[22m[2m)[22m[32m 168[2mms[22m[39m
 [32m✓[39m src/pages/journal-2-0/lib/templateContext.test.js [2m([22m[2m14 tests[22m[2m)[22m[32m 22[2mms[22m[39m
 [32m✓[39m src/pages/journal-2-0/lib/offline/ringVouchAuthority.test.js [2m([22m[2m8 tests[22m[2m)[22m[32m 9[2mms[22m[39m
 [32m✓[39m src/components/chart/engine/runtime/__tests__/groupBVendorReadings.test.js [2m([22m[2m5 tests[22m[2m)[22m[32m 28[2mms[22m[39m
 [32m✓[39m src/utils/dividerColor.test.js [2m([22m[2m35 tests[22m[2m)[22m[32m 7[2mms[22m[39m
 [32m✓[39m src/pages/journal-2-0/components/notebook/AskCitationView.test.jsx [2m([22m[2m11 tests[22m[2m)[22m[32m 177[2mms[22m[39m
 [32m✓[39m src/components/chart/builder/compatHarness.level3Fixture.test.js [2m([22m[2m6 tests[22m[2m)[22m[32m 13[2mms[22m[39m
 [32m✓[39m src/pages/journal-2-0/lib/extensionBoundary.test.js [2m([22m[2m16 tests[22m[2m)[22m[32m 21[2mms[22m[39m
 [32m✓[39m src/hub/useHubSettings.test.jsx [2m([22m[2m12 tests[22m[2m)[22m[33m 862[2mms[22m[39m
 [32m✓[39m src/pages/journal-2-0/components/connectors/ConnectTilesCompact.test.jsx [2m([22m[2m7 tests[22m[2m)[22m[33m 433[2mms[22m[39m
 [32m✓[39m src/pages/breadth/v2/panels.test.js [2m([22m[2m18 tests[22m[2m)[22m[32m 8[2mms[22m[39m
[90mstdout[2m | src/components/chart/builder/objectCorpus.test.js[2m > [22m[2mC3B — the object translator against the frozen 60[2m > [22m[2m⭐⭐ THE THREE POPULATIONS, REPORTED APART
[22m[39m
=== C3B OBJECT TRANSLATION, frozen 60 ===
  A · all scripts                        30
  B · object-demand (census)             46
  C · execution-reachable (census)       27   ⭐ C3B'S TARGET

  scripts yielding an OBJECT PROGRAM     16
    …of the reachable 27                 13/27
    …of the loop-blocked 19              3/19  (partial: their non-loop ops only)
  reachable scripts with NO program yet  3
      high_engagement__10-rsi-divergence-faytterro
        diag {"loopBlocked":0,"loopBlockedCalls":[],"getters":[],"unsupported":[],"outOfScope":[],"unresolvedValues":6,"loopValuesUnresolved":0,"droppedOps":6,"dropReasons":{"guard:create":6},"attemptedOps":6,"unconvertedLoopOps":{},"lostRemovals":[],"collectedOps":6,"guardRefusals":["create@107: pine:reassign","create@108: pine:reassign","create@111: pine:reassign","create@112: pine:reassign","create@141: pine:reassign","create@164: pine:reassign"]}
      long_tail__11-percent-range-tool
        diag {"loopBlocked":0,"loopBlockedCalls":[],"getters":[],"unsupported":[],"outOfScope":[],"unresolvedValues":0,"loopValuesUnresolved":0,"droppedOps":15,"dropReasons":{"guard:delete":2,"guard:create":2,"guard:update":10,"content:withheld":1},"attemptedOps":19,"unconvertedLoopOps":{},"lostRemovals":[{"via":"guard:delete","family":"line","reaches":false},{"via":"guard:delete","family":"label","reaches":false}],"inlinedCalls":1,"collectedOps":1,"collsDiverged":2,"collsDivergedWhy":["outp_labels: coll:sized@81","outp_lines: coll:sized@80"],"contentWithheld":{"regs":2,"sites":0,"colls":1}}
      mid_engagement__21-market-compass-dynamic-range
        diag {"loopBlocked":0,"loopBlockedCalls":[],"getters":[],"unsupported":[],"outOfScope":[],"unresolvedValues":21,"loopValuesUnresolved":0,"droppedOps":21,"dropReasons":{"create:box":3,"create:line":9,"create:label":9},"attemptedOps":42,"unconvertedLoopOps":{},"lostRemovals":[],"collectedOps":42,"unboundLocals":14,"unboundLocalNames":["rightBarOffset"],"collsDiverged":0,"collsDivergedWhy":[]}

  THE REACHABLE 27, ONE LINE EACH
      9n   68u    9d  11reg  0coll   58tree  label+table              mid_engagement__22-rsi-levels-regime-map   ⚠ dropped 17
      7n   11u    0d   3reg  2coll   19tree  box+label+table          mid_engagement__16-ict-smc-guide   ⚠ dropped 6
      1n   17u    1d   2reg  0coll   10tree  label+table              long_tail__12-setup-grader   ⚠ dropped 5
      1n   16u    0d   1reg  0coll   12tree  table                    mid_engagement__17-volume-surge-radar   ⚠ dropped 14
      2n   11u    0d   2reg  0coll    4tree  table                    mid_engagement__20-mann-kendall-trend-significance   ⚠ dropped 7
      1n    8u    0d   1reg  0coll    1tree  table                    long_tail__08-vix-term-structure   ⚠ dropped 8
      1n    5u    2d   3reg  0coll    8tree  line+table               long_tail__04-warm-up-curtain   ⚠ dropped 4
      1n    7u    0d   1reg  0coll    3tree  table                    long_tail__07-hurst-exponent-regime   ⚠ dropped 8
      1n    6u    0d   1reg  0coll    3tree  table                    long_tail__05-master-line-plus   ⚠ dropped 2
      1n    1u    0d   2reg  1coll    3tree  box+table                long_tail__03-heikin-ashi-lag-meter   ⚠ dropped 27
      2n    0u    0d   2reg  0coll    3tree  table                    high_engagement__18-cross-correlation-kioseff-trading   ⚠ dropped 12
      1n    1u    0d   1reg  0coll    3tree  table                    mid_engagement__14-master-line-lite
      1n    0u    0d   0reg  0coll    3tree  label                    mid_engagement__19-oliver-kell-volume-monitor
      0n    0u    0d   0reg  0coll    0tree  —                        high_engagement__10-rsi-divergence-faytterro   ⚠ dropped 6
      0n    0u    0d   0reg  0coll    0tree  —                        long_tail__11-percent-range-tool   ⚠ dropped 15
      0n    0u    0d   0reg  0coll    0tree  —                        mid_engagement__21-market-compass-dynamic-range   ⚠ dropped 21

  WHAT THE TRANSLATOR REFUSED, ACROSS ALL 60
    ops inside a loop body (RISK-043):   11
    getter calls (object state → value): none
    out-of-scope families:               polyline, polyline.delete
    unsupported methods:                 box.set_text_halign, box.set_text_valign, table.new
    ops dropped (a value would not fold): 447

 [32m✓[39m src/components/chart/builder/objectCorpus.test.js [2m([22m[2m5 tests[22m[2m)[22m[33m 1223[2mms[22m[39m
     [33m[2m✓[22m[39m ⭐ every emitted program is a VALID object program [33m 1217[2mms[22m[39m
 [32m✓[39m src/hooks/useFilingWatch.test.jsx [2m([22m[2m12 tests[22m[2m)[22m[33m 888[2mms[22m[39m
 [32m✓[39m src/pages/journal-2-0/components/notebook/NoteEditorPage.firstRunDefer.test.jsx [2m([22m[2m3 tests[22m[2m)[22m[33m 1267[2mms[22m[39m
     [33m[2m✓[22m[39m 390 px: neither shows while the editor is open, nothing is marked seen, and both show on the next surface [33m 972[2mms[22m[39m
 [32m✓[39m src/pages/breadth/CompareGrid.test.jsx [2m([22m[2m13 tests[22m[2m)[22m[33m 690[2mms[22m[39m
 [32m✓[39m src/pages/breadth/useBreadthCustomize.test.js [2m([22m[2m25 tests[22m[2m)[22m[32m 39[2mms[22m[39m
 [32m✓[39m src/components/chart/engine/ast/bothLanesAreTwoLanes.test.js [2m([22m[2m12 tests[22m[2m)[22m[32m 74[2mms[22m[39m
 [32m✓[39m src/pages/journal-2-0/lib/calloutNode.variant.test.js [2m([22m[2m17 tests[22m[2m)[22m[33m 569[2mms[22m[39m
 [32m✓[39m src/components/chart/engine/ast/pine.screenerCorpus.test.js [2m([22m[2m6 tests[22m[2m)[22m[32m 8[2mms[22m[39m
[90mstdout[2m | src/components/chart/builder/libraryIntake.test.js[2m > [22m[2mthe numbers this would show a prospect[2m > [22m[2m⭐ prints the manifest for the whole committed corpus
[22m[39m
of 75 scripts: 44 translate · 44 compute · 44 save · 15 screen as written (+29 with a comparison you choose) · 31 refuse
     4  thinkscript:arity
     3  pine:request
     3  pine:reassign
     3  thinkscript:state
     2  pine:function
     2  pine:no-output
     2  thinkscript:time
     1  pine:builtin
     1  pine:declaration-strategy
     1  pine:state
     1  pine:window
     1  pine:collection
     1  pine:block
     1  pine:module
     1  thinkscript:block
     1  thinkscript:study-ref
     1  thinkscript:strategy
     1  thinkscript:aggregation
     1  thinkscript:account


 [32m✓[39m src/components/chart/engine/__tests__/paneSizeOwnership.test.js [2m([22m[2m11 tests[22m[2m)[22m[32m 9[2mms[22m[39m
 [32m✓[39m src/components/chart/builder/libraryIntake.test.js [2m([22m[2m14 tests[22m[2m)[22m[33m 9033[2mms[22m[39m
     [33m[2m✓[22m[39m ⛔⛔ they are NOT the same number — which is the whole reason for four [33m 1197[2mms[22m[39m
     [33m[2m✓[22m[39m ⭐ every reach agrees with the door that owns it [33m 1674[2mms[22m[39m
     [33m[2m✓[22m[39m ⭐⭐ a REFUSED script still hands back what came across [33m 917[2mms[22m[39m
     [33m[2m✓[22m[39m ⛔ a refusal carries the guard and the line, not just a sentence [33m 834[2mms[22m[39m
     [33m[2m✓[22m[39m ⛔ the guard roster is a roster, not a score [33m 848[2mms[22m[39m
     [33m[2m✓[22m[39m ⭐ prints the manifest for the whole committed corpus [33m 916[2mms[22m[39m
     [33m[2m✓[22m[39m ⛔⛔ `screens: as-written` equals the scan door's own count [33m 1741[2mms[22m[39m
     [33m[2m✓[22m[39m ⛔ and every script that translates is accounted for by exactly one screen state [33m 903[2mms[22m[39m
 [32m✓[39m src/pages/journal-2-0/components/AddTradeModal.test.jsx [2m([22m[2m9 tests[22m[2m)[22m[33m 1857[2mms[22m[39m
     [33m[2m✓[22m[39m attaches the Compass verdict to the submitted payload after a run [33m 343[2mms[22m[39m
 [32m✓[39m src/pages/breadth/DailyOverview.test.jsx [2m([22m[2m8 tests[22m[2m)[22m[32m 245[2mms[22m[39m
 [32m✓[39m src/pages/breadth/breadthWindow.test.jsx [2m([22m[2m7 tests[22m[2m)[22m[33m 685[2mms[22m[39m
     [33m[2m✓[22m[39m shows 90/180/365 on Views, and none of the monitor-only choices [33m 347[2mms[22m[39m
 [32m✓[39m src/pages/journal-2-0/components/insights/EdgeScoreCard.test.jsx [2m([22m[2m11 tests[22m[2m)[22m[33m 354[2mms[22m[39m
 [32m✓[39m src/pages/journal-2-0/tabs/NotebookTab.archive.test.jsx [2m([22m[2m5 tests[22m[2m)[22m[33m 1129[2mms[22m[39m
     [33m[2m✓[22m[39m lists the archive sentinel with no tag, ticker or saved-view scoping [33m 374[2mms[22m[39m
 [32m✓[39m src/pages/journal-2-0/lib/askCitation.schemaParity.test.js [2m([22m[2m68 tests[22m[2m)[22m[32m 11[2mms[22m[39m
 [32m✓[39m src/components/chart/engine/ast/pine.continuation.test.js [2m([22m[2m7 tests[22m[2m)[22m[32m 37[2mms[22m[39m
 [32m✓[39m src/lib/persistence/persistenceManifest.test.js [2m([22m[2m13 tests[22m[2m)[22m[33m 3621[2mms[22m[39m
     [33m[2m✓[22m[39m CONTROL: a new localStorage key in a shipped file is reported by name, with the fix [33m 3236[2mms[22m[39m
     [33m[2m✓[22m[39m does not count a key planted by a TEST file [33m 374[2mms[22m[39m
 [32m✓[39m src/components/chart/engine/runtime/__tests__/runtimeStatementShapes.test.js [2m([22m[2m16 tests[22m[2m)[22m[32m 37[2mms[22m[39m
 [32m✓[39m src/styles/themeIslands.test.js [2m([22m[2m5 tests[22m[2m)[22m[32m 5[2mms[22m[39m
 [32m✓[39m src/components/chart/engine/__tests__/paneSizeKeyIdentity.test.js [2m([22m[2m9 tests[22m[2m)[22m[32m 5[2mms[22m[39m
 [32m✓[39m src/components/StockChart.sessionExtChip.test.jsx [2m([22m[2m3 tests[22m[2m)[22m[33m 305[2mms[22m[39m
 [32m✓[39m src/components/chart/engine/ast/mfiPine.vendor.test.js [2m([22m[2m8 tests[22m[2m)[22m[33m 380[2mms[22m[39m
     [33m[2m✓[22m[39m ⭐ the pasted SCRIPT reaches mfiPine — the door, not only the table entry [33m 337[2mms[22m[39m
 [32m✓[39m src/pages/journal-2-0/components/notebook/NoteEditorPage.noteMenu.test.jsx [2m([22m[2m6 tests[22m[2m)[22m[33m 2283[2mms[22m[39m
     [33m[2m✓[22m[39m renders the four organise-this-note actions behind "More note actions" (K2, D-3), wired to the REAL note [33m 901[2mms[22m[39m
     [33m[2m✓[22m[39m Save as template POSTs /api/j2/note-templates and reports the template row it produced [33m 390[2mms[22m[39m
     [33m[2m✓[22m[39m Open a note beside… reveals the search picker, and picking a note calls onOpenBeside [33m 565[2mms[22m[39m
 [32m✓[39m src/components/chart/engine/__tests__/objectLostGeometry.test.js [2m([22m[2m9 tests[22m[2m)[22m[32m 66[2mms[22m[39m
 [32m✓[39m src/components/research-kit/InfoTip.test.jsx [2m([22m[2m15 tests[22m[2m)[22m[32m 252[2mms[22m[39m
 [32m✓[39m src/components/chart/engine/__tests__/vendorHarness/vendorHarness.c35SimpleArg.test.js [2m([22m[2m4 tests[22m[2m)[22m[32m 195[2mms[22m[39m
 [32m✓[39m src/components/StockChart.staleReadout.test.jsx [2m([22m[2m2 tests[22m[2m)[22m[33m 1659[2mms[22m[39m
     [33m[2m✓[22m[39m does not print the previous ticker's O/H/L/C under the new ticker [33m 864[2mms[22m[39m
     [33m[2m✓[22m[39m shows no readout at all rather than a wrong one [33m 794[2mms[22m[39m
 [32m✓[39m src/components/chart/liveBarClassify.test.js [2m([22m[2m16 tests[22m[2m)[22m[32m 6[2mms[22m[39m
 [32m✓[39m src/components/chart/builder/ImportBox.toScreen.test.jsx [2m([22m[2m6 tests[22m[2m)[22m[33m 638[2mms[22m[39m
 [32m✓[39m src/components/chart/engine/ast/pine.localScope.test.js [2m([22m[2m5 tests[22m[2m)[22m[32m 29[2mms[22m[39m
 [32m✓[39m src/components/chart/engine/__tests__/economicCurrentness.test.js [2m([22m[2m11 tests[22m[2m)[22m[32m 7[2mms[22m[39m
 [32m✓[39m src/pages/charts/widgets/BreadthWidget.test.jsx [2m([22m[2m14 tests[22m[2m)[22m[33m 1778[2mms[22m[39m
   [33m[2m✓[22m[39m top row is a flat tab strip with Heatmap ⇄ Ratio Bars view pills (no title) [33m 637[2mms[22m[39m
   [33m[2m✓[22m[39m the Ratio Bars pill switches to split gauges (persisted via opts.view) [33m 476[2mms[22m[39m
   [33m[2m✓[22m[39m the ＋ menu toggles a reading [33m 309[2mms[22m[39m
 [32m✓[39m src/components/chart/engine/__tests__/objectBlockVars.test.js [2m([22m[2m5 tests[22m[2m)[22m[32m 102[2mms[22m[39m
 [32m✓[39m src/pages/journal-2-0/tabs/NotebookTab.boardView.test.jsx [2m([22m[2m7 tests[22m[2m)[22m[33m 1153[2mms[22m[39m
     [33m[2m✓[22m[39m switching to board mounts the board and takes down the card grid [33m 398[2mms[22m[39m
 [32m✓[39m src/pages/breadth/drill/BreadthDrillModal.a11y.test.jsx [2m([22m[2m18 tests[22m[2m)[22m[32m 237[2mms[22m[39m
 [32m✓[39m src/pages/charts/boardDocument.test.js [2m([22m[2m15 tests[22m[2m)[22m[32m 7[2mms[22m[39m
 [32m✓[39m src/components/chart/ChartToolbar.indicatorLibrary.test.jsx [2m([22m[2m6 tests[22m[2m)[22m[33m 2659[2mms[22m[39m
     [33m[2m✓[22m[39m ⛔ NO labelled Indicators button — Chart Settings → Indicators is the one home [33m 371[2mms[22m[39m
     [33m[2m✓[22m[39m adds an indicator end to end, through the toolbar's own settings writer [33m 647[2mms[22m[39m
     [33m[2m✓[22m[39m ⭐ opens the ONE mounted builder through `openFormulaBuilder` [33m 469[2mms[22m[39m
     [33m[2m✓[22m[39m 🐛 a click inside the library does not close the settings panel underneath [33m 1126[2mms[22m[39m
 [32m✓[39m src/pages/journal-2-0/components/notebook/ScannedTextPanel.test.jsx [2m([22m[2m11 tests[22m[2m)[22m[33m 412[2mms[22m[39m
 [32m✓[39m src/pages/calendar/WireView.test.jsx [2m([22m[2m15 tests[22m[2m)[22m[32m 62[2mms[22m[39m
 [32m✓[39m src/pages/journal-2-0/components/notebook/NoteEditorPage.wave13q1check.attachRace.test.jsx [2m([22m[2m4 tests[22m[2m)[22m[33m 1847[2mms[22m[39m
     [33m[2m✓[22m[39m fires onOpenFocused and lands the caret in .ProseMirror once the real attach happens, even though the editor DOM was disconnected when the effect first ran [33m 664[2mms[22m[39m
     [33m[2m✓[22m[39m never fires onOpenFocused while the editor DOM stays disconnected -- it waits quietly rather than firing on a detached node [33m 964[2mms[22m[39m
 [2m[90m↓[39m[22m src/components/chart/engine/ast/varReadOrder.measure.test.js [2m([22m[2m1 test[22m[2m | [22m[33m1 skipped[39m[2m)[22m
 [32m✓[39m src/pages/journal-2-0/components/notebook/NoteEditorPage.draft.test.jsx [2m([22m[2m8 tests[22m[2m)[22m[33m 1776[2mms[22m[39m
     [33m[2m✓[22m[39m a fresh note with no local draft shows no recovery banner [33m 659[2mms[22m[39m
 [32m✓[39m src/hooks/usePreferences.writeConfirmation.test.js [2m([22m[2m10 tests[22m[2m)[22m[32m 34[2mms[22m[39m
 [32m✓[39m src/components/chart/engine/economicPrimary.test.js [2m([22m[2m13 tests[22m[2m)[22m[32m 9[2mms[22m[39m
 [32m✓[39m src/components/chart/engine/runtime/__tests__/windowPerf.test.js [2m([22m[2m5 tests[22m[2m)[22m[33m 1617[2mms[22m[39m
     [33m[2m✓[22m[39m ⭐ the report: sites × bars, with the cell count beside the time [33m 1325[2mms[22m[39m
 [32m✓[39m src/pages/charts/widgets/NewsWidget.test.jsx [2m([22m[2m11 tests[22m[2m)[22m[32m 97[2mms[22m[39m
 [32m✓[39m src/components/research/sections/AskAiSection.test.jsx [2m([22m[2m8 tests[22m[2m)[22m[33m 318[2mms[22m[39m
 [32m✓[39m src/components/chart/engine/__tests__/binderCalcFrames.test.js [2m([22m[2m7 tests[22m[2m)[22m[32m 18[2mms[22m[39m
 [32m✓[39m src/pages/admin/ChartHealth.test.jsx [2m([22m[2m9 tests[22m[2m)[22m[32m 121[2mms[22m[39m
 [32m✓[39m src/components/chart/engine/ast/pine.modulo.test.js [2m([22m[2m10 tests[22m[2m)[22m[32m 30[2mms[22m[39m
 [32m✓[39m src/components/chart/engine/ast/pine.displace.test.js [2m([22m[2m10 tests[22m[2m)[22m[32m 32[2mms[22m[39m
 [32m✓[39m src/components/chart/engine/__tests__/computeContainment.test.js [2m([22m[2m8 tests[22m[2m)[22m[32m 49[2mms[22m[39m
 [32m✓[39m src/pages/journal-2-0/components/calendar/DayDetailPage.test.jsx [2m([22m[2m6 tests[22m[2m)[22m[32m 91[2mms[22m[39m
 [32m✓[39m src/pages/breadth/drill/drillWorkspace.test.jsx [2m([22m[2m9 tests[22m[2m)[22m[32m 22[2mms[22m[39m
 [32m✓[39m src/components/chart/ChartToolbar.legend.test.jsx [2m([22m[2m10 tests[22m[2m)[22m[33m 1247[2mms[22m[39m
 [32m✓[39m src/components/StockChart.annotationsMobileDrawBar.test.jsx [2m([22m[2m3 tests[22m[2m)[22m[32m 192[2mms[22m[39m
 [32m✓[39m src/pages/charts/grid/useMultiChartState.test.jsx [2m([22m[2m10 tests[22m[2m)[22m[32m 26[2mms[22m[39m
 [32m✓[39m src/components/chart/engine/ast/switchedResetByOtherState.test.js [2m([22m[2m8 tests[22m[2m)[22m[32m 84[2mms[22m[39m
 [32m✓[39m src/pages/journal-2-0/components/connectors/SourceRow.test.jsx [2m([22m[2m12 tests[22m[2m)[22m[32m 190[2mms[22m[39m
 [32m✓[39m src/hub/reachMode.test.js [2m([22m[2m13 tests[22m[2m)[22m[32m 4[2mms[22m[39m
 [32m✓[39m src/components/chart/engine/runtime/__tests__/requestTupleInline.test.js [2m([22m[2m11 tests[22m[2m)[22m[32m 26[2mms[22m[39m
 [32m✓[39m src/pages/journal-2-0/lib/offline/outboxLeader.test.js [2m([22m[2m12 tests[22m[2m)[22m[32m 99[2mms[22m[39m
 [32m✓[39m src/pages/breadth/sentimentAge.test.jsx [2m([22m[2m11 tests[22m[2m)[22m[32m 146[2mms[22m[39m
 [32m✓[39m src/hooks/marketIndicatorFamilySplit.test.js [2m([22m[2m13 tests[22m[2m)[22m[32m 11[2mms[22m[39m
 [32m✓[39m src/components/chart/engine/__tests__/clockTimeframeWire.test.js [2m([22m[2m4 tests[22m[2m)[22m[32m 11[2mms[22m[39m
 [32m✓[39m src/pages/journal-2-0/lib/offline/supersedeProvesContent.test.js [2m([22m[2m3 tests[22m[2m)[22m[33m 530[2mms[22m[39m
 [32m✓[39m src/components/chart/engine/ast/atrPine.vendor.test.js [2m([22m[2m6 tests[22m[2m)[22m[32m 73[2mms[22m[39m
 [32m✓[39m src/pages/screener/columnDescCoverage.test.js [2m([22m[2m64 tests[22m[2m)[22m[32m 7[2mms[22m[39m
 [32m✓[39m src/components/chart/engine/ast/pine.depth.test.js [2m([22m[2m10 tests[22m[2m)[22m[32m 278[2mms[22m[39m
 [32m✓[39m src/components/chart/engine/ast/objectLiveGuards.test.js [2m([22m[2m10 tests[22m[2m)[22m[32m 7[2mms[22m[39m
 [32m✓[39m src/components/chart/engine/ast/functionLocalRecurrence.test.js [2m([22m[2m7 tests[22m[2m)[22m[32m 130[2mms[22m[39m
 [32m✓[39m src/components/chart/engine/runtime/__tests__/namedDefval.test.js [2m([22m[2m6 tests[22m[2m)[22m[32m 25[2mms[22m[39m
 [32m✓[39m src/components/chart/engine/ast/paramIdSource.test.js [2m([22m[2m11 tests[22m[2m)[22m[32m 34[2mms[22m[39m
 [32m✓[39m src/pages/journal-2-0/lib/formula/offlineNeverStoresComputed.test.js [2m([22m[2m6 tests[22m[2m)[22m[32m 39[2mms[22m[39m
 [32m✓[39m src/components/StockChart.economic.test.jsx [2m([22m[2m4 tests[22m[2m)[22m[33m 380[2mms[22m[39m
 [32m✓[39m src/pages/Watchlists.addfail.test.jsx [2m([22m[2m2 tests[22m[2m)[22m[33m 1012[2mms[22m[39m
   [33m[2m✓[22m[39m a failed add tells the user instead of failing silently [33m 607[2mms[22m[39m
   [33m[2m✓[22m[39m a successful add surfaces no error and refreshes the list [33m 404[2mms[22m[39m
 [32m✓[39m src/pages/journal-2-0/lib/captureContext.test.js [2m([22m[2m11 tests[22m[2m)[22m[33m 313[2mms[22m[39m
 [32m✓[39m src/components/chart/builder/BuilderSheet.siblingInputUnion.test.jsx [2m([22m[2m3 tests[22m[2m)[22m[33m 625[2mms[22m[39m
     [33m[2m✓[22m[39m ⭐ and both reach the SAVED DOCUMENT [33m 317[2mms[22m[39m
 [32m✓[39m src/pages/breadth/breadthUrlState.test.js [2m([22m[2m20 tests[22m[2m)[22m[32m 6[2mms[22m[39m
 [32m✓[39m src/components/chart/engine/ast/paramIdLegacy.test.js [2m([22m[2m7 tests[22m[2m)[22m[33m 33675[2mms[22m[39m
     [33m[2m✓[22m[39m ⛔ every script the pinned artifact gives ids to has an entry of that length — ⚠ PARTIAL: measured WITHOUT 29 absent local-only pine_oos member(s) (docs/pine/LICENSING.md) [33m 704[2mms[22m[39m
     [33m[2m✓[22m[39m ⛔⛔ plain SCREEN lane: every frozen id still addresses the same input [33m 7177[2mms[22m[39m
     [33m[2m✓[22m[39m ⛔⛔ memberStrict: every frozen id still addresses the same input, through the member door [33m 14163[2mms[22m[39m
     [33m[2m✓[22m[39m ⛔⛔ memberScreen: every frozen id still addresses the same input, through the member door [33m 11410[2mms[22m[39m
 [32m✓[39m src/components/chart/engine/ast/routingSentencesRespectD2.test.js [2m([22m[2m4 tests[22m[2m)[22m[32m 26[2mms[22m[39m
 [32m✓[39m src/pages/screener/shell/FilterBand.test.jsx [2m([22m[2m14 tests[22m[2m)[22m[32m 50[2mms[22m[39m
 [32m✓[39m src/pages/BreadthCharts.mechanics.test.jsx [2m([22m[2m8 tests[22m[2m)[22m[33m 830[2mms[22m[39m
 [32m✓[39m src/hooks/useLiveBreadth.test.js [2m([22m[2m11 tests[22m[2m)[22m[33m 668[2mms[22m[39m
 [32m✓[39m src/components/chart/engine/runtime/__tests__/iterTrees.test.js [2m([22m[2m9 tests[22m[2m)[22m[32m 31[2mms[22m[39m
[90mstdout[2m | src/components/chart/engine/__tests__/recurrenceCost.measure.test.js[2m > [22m[2mC2A.5 — the real cost of a recurrence, per step[2m > [22m[2mms against steps, below the ceiling
[22m[39m
=== C2A.5 RECURRENCE COST ===
   1000 bars × 250 warmup =    250000 steps     7ms
   2000 bars × 250 warmup =    500000 steps    18ms
   3000 bars × 250 warmup =    750000 steps    20ms
   3900 bars × 250 warmup =    975000 steps    25ms
   5000 bars × 190 warmup =    950000 steps    23ms
   2000 bars × 480 warmup =    960000 steps    18ms

  mean ~26.5 ns/step
  current ceiling 12000000 steps  ~= 319ms
  a 5,000-bar chart with a 250 warmup = 1,250,000 steps ~= 33ms
  break-even bar count at warmup 250 = 48000 bars

[90mstdout[2m | src/components/chart/engine/__tests__/recurrenceCost.measure.test.js[2m > [22m[2mC2A.5 — the real cost of a recurrence, per step[2m > [22m[2m⛔ the ceiling refuses BEFORE running — the refusal is not the cost
[22m[39m
  refusal at 12501 × 960 took 2ms (it never ran)

 [32m✓[39m src/components/chart/engine/__tests__/recurrenceCost.measure.test.js [2m([22m[2m2 tests[22m[2m)[22m[32m 226[2mms[22m[39m
 [32m✓[39m src/pages/journal-2-0/components/LoadFailed.test.jsx [2m([22m[2m9 tests[22m[2m)[22m[32m 240[2mms[22m[39m
 [32m✓[39m src/pages/LiveFlowMassive.rightclick.test.jsx [2m([22m[2m3 tests[22m[2m)[22m[33m 827[2mms[22m[39m
   [33m[2m✓[22m[39m right-click on a ticker cell opens the chart popup [33m 631[2mms[22m[39m
 [32m✓[39m src/pages/screener/shell/UniverseBar.test.jsx [2m([22m[2m11 tests[22m[2m)[22m[33m 444[2mms[22m[39m
 [32m✓[39m src/components/chart/engine/runtime/__tests__/declarationPersistence.test.js [2m([22m[2m8 tests[22m[2m)[22m[32m 25[2mms[22m[39m
 [32m✓[39m src/pages/research/tabs/FlowTab.test.jsx [2m([22m[2m9 tests[22m[2m)[22m[32m 84[2mms[22m[39m
 [32m✓[39m src/components/screener/ScanResults.value.test.jsx [2m([22m[2m11 tests[22m[2m)[22m[32m 87[2mms[22m[39m
 [32m✓[39m src/components/chart/engine/__tests__/objectLatchedGuards.test.js [2m([22m[2m4 tests[22m[2m)[22m[32m 59[2mms[22m[39m
 [32m✓[39m src/components/chart/engine/ast/thinkscript.inertia.test.js [2m([22m[2m6 tests[22m[2m)[22m[32m 31[2mms[22m[39m
 [32m✓[39m src/components/chart/engine/ast/pine.c31LoopScope.test.js [2m([22m[2m9 tests[22m[2m)[22m[32m 34[2mms[22m[39m
 [32m✓[39m src/hub/hubRegistrarLoop.test.jsx [2m([22m[2m5 tests[22m[2m)[22m[32m 178[2mms[22m[39m
 [32m✓[39m src/pages/journal-2-0/lib/notebookTelemetry.test.js [2m([22m[2m12 tests[22m[2m)[22m[32m 7[2mms[22m[39m
 [32m✓[39m src/components/research-kit/charts/echartsCore.test.jsx [2m([22m[2m13 tests[22m[2m)[22m[32m 114[2mms[22m[39m
 [32m✓[39m src/components/chart/engine/__tests__/vendorHarness/vendorHarness.c35RuntimeError.test.js [2m([22m[2m3 tests[22m[2m)[22m[32m 129[2mms[22m[39m
 [32m✓[39m src/pages/journal-2-0/a11y/deleteFocusFallback.test.jsx [2m([22m[2m4 tests[22m[2m)[22m[33m 2259[2mms[22m[39m
     [33m[2m✓[22m[39m deleting the first folder lands on the NEXT folder row, not <body> [33m 532[2mms[22m[39m
     [33m[2m✓[22m[39m deleting the LAST folder lands on the one before it [33m 385[2mms[22m[39m
     [33m[2m✓[22m[39m deleting a view lands on the NEXT view row, not <body> [33m 686[2mms[22m[39m
     [33m[2m✓[22m[39m deleting the only view lands on the pane heading [33m 655[2mms[22m[39m
 [32m✓[39m src/hooks/useRovingTabIndex.test.jsx [2m([22m[2m10 tests[22m[2m)[22m[32m 53[2mms[22m[39m
 [32m✓[39m src/pages/journal-2-0/components/VoiceInputButton.hintInFlow.test.jsx [2m([22m[2m7 tests[22m[2m)[22m[32m 262[2mms[22m[39m
 [32m✓[39m src/hub/autoHideOnTextFocus.test.jsx [2m([22m[2m21 tests[22m[2m)[22m[32m 42[2mms[22m[39m
 [32m✓[39m src/pages/journal-2-0/components/notebook/NoteStats.test.jsx [2m([22m[2m15 tests[22m[2m)[22m[32m 164[2mms[22m[39m
 [32m✓[39m src/components/chart/breadthLibrary.parity.test.js [2m([22m[2m34 tests[22m[2m)[22m[32m 9[2mms[22m[39m
 [32m✓[39m src/pages/journal-2-0/components/CompassChat.test.jsx [2m([22m[2m10 tests[22m[2m)[22m[33m 899[2mms[22m[39m
     [33m[2m✓[22m[39m typing + Send calls send [33m 356[2mms[22m[39m
 [32m✓[39m src/components/chart/engine/ast/pineMathFloorAccept.test.js [2m([22m[2m3 tests[22m[2m)[22m[32m 89[2mms[22m[39m
 [32m✓[39m src/pages/journal-2-0/components/notebook/AskSurface.markup.test.jsx [2m([22m[2m4 tests[22m[2m)[22m[32m 91[2mms[22m[39m
 [32m✓[39m src/pages/charts/widgets/ChartWidget.session.test.jsx [2m([22m[2m5 tests[22m[2m)[22m[33m 443[2mms[22m[39m
 [32m✓[39m src/lib/todayPackClient.keepwarm.test.js [2m([22m[2m7 tests[22m[2m)[22m[32m 10[2mms[22m[39m
 [32m✓[39m src/components/chart/engine/__tests__/vendorHarness/vendorHarness.c11cPta.test.js [2m([22m[2m2 tests[22m[2m)[22m[33m 869[2mms[22m[39m
     [33m[2m✓[22m[39m ⭐ from the listing day (the capture's `startsAtBar0`): every object TradingView holds, id for id [33m 487[2mms[22m[39m
     [33m[2m✓[22m[39m a window NOT from the listing: the curtain withholds the first triplet; every other object is TradingView's [33m 381[2mms[22m[39m
 [32m✓[39m src/components/NavBar.overflow.test.js [2m([22m[2m6 tests[22m[2m)[22m[32m 4[2mms[22m[39m
 [32m✓[39m src/components/AuthGuard.transient.test.jsx [2m([22m[2m6 tests[22m[2m)[22m[32m 142[2mms[22m[39m
 [32m✓[39m src/components/chart/engine/ast/pineIntake.test.js [2m([22m[2m3 tests[22m[2m)[22m[32m 26[2mms[22m[39m
 [32m✓[39m src/pages/charts/widgets/chartDock.width.test.js [2m([22m[2m16 tests[22m[2m)[22m[32m 5[2mms[22m[39m
 [32m✓[39m src/components/chart/engine/__tests__/objectFnInline.vendor.test.js [2m([22m[2m4 tests[22m[2m)[22m[33m 15740[2mms[22m[39m
     [33m[2m✓[22m[39m ⭐ 37 of TradingView's 45 cells are drawn, and every one is a cell TradingView shows [33m 563[2mms[22m[39m
     [33m[2m✓[22m[39m ⭐ its lines are held (C49: all 504) and its labels are the 504 (C33) [33m 510[2mms[22m[39m
     [33m[2m✓[22m[39m ⛔ its lines are withheld: TradingView holds two per bar where this chart makes one [33m 14521[2mms[22m[39m
 [32m✓[39m src/components/chart/engine/ast/objectsOnly.test.js [2m([22m[2m6 tests[22m[2m)[22m[32m 73[2mms[22m[39m
 [32m✓[39m src/pages/Methodology.test.jsx [2m([22m[2m10 tests[22m[2m)[22m[32m 216[2mms[22m[39m
 [32m✓[39m src/pages/journal-2-0/components/notebook/FolderSidebar.searchFiltersTouchTier.test.js [2m([22m[2m4 tests[22m[2m)[22m[32m 3[2mms[22m[39m
 [32m✓[39m src/components/chart/engine/ast/pine.sourceAdapters.test.js [2m([22m[2m6 tests[22m[2m)[22m[32m 27[2mms[22m[39m
 [32m✓[39m src/components/chart/engine/ast/thinkscript.covariance.test.js [2m([22m[2m7 tests[22m[2m)[22m[32m 18[2mms[22m[39m
 [32m✓[39m src/lib/panelContract.test.js [2m([22m[2m13 tests[22m[2m)[22m[32m 6[2mms[22m[39m
 [32m✓[39m src/pages/journal-2-0/lib/noteContentGuard.reason.test.jsx [2m([22m[2m9 tests[22m[2m)[22m[32m 192[2mms[22m[39m
 [32m✓[39m src/components/chart/builder/pineBoxOfferedColumns.test.jsx [2m([22m[2m3 tests[22m[2m)[22m[33m 1000[2mms[22m[39m
     [33m[2m✓[22m[39m ⭐⭐ offers only the columns that read a bar, and says so in the legend [33m 556[2mms[22m[39m
     [33m[2m✓[22m[39m ⭐ every withheld plot is still SHOWN, with the reason it is not offered [33m 407[2mms[22m[39m
 [32m✓[39m src/pages/journal-2-0/components/notebook/AskPanel.telemetry.test.jsx [2m([22m[2m6 tests[22m[2m)[22m[33m 491[2mms[22m[39m
 [32m✓[39m src/pages/journal-2-0/lib/useDisclosureFocus.test.jsx [2m([22m[2m6 tests[22m[2m)[22m[32m 281[2mms[22m[39m
 [32m✓[39m src/pages/journal-2-0/components/notebook/NoteEditorPage.noteLinkRaceRealDoor.control.test.jsx [2m([22m[2m1 test[22m[2m)[22m[33m 920[2mms[22m[39m
     [33m[2m✓[22m[39m loses the popup the instant a space is typed, with allowSpaces forced false [33m 919[2mms[22m[39m
 [32m✓[39m src/pages/journal-2-0/tabs/NotebookTab.tradeCanvas.test.jsx [2m([22m[2m5 tests[22m[2m)[22m[33m 1878[2mms[22m[39m
     [33m[2m✓[22m[39m absent while no flag has latched [33m 746[2mms[22m[39m
     [33m[2m✓[22m[39m absent while the gate is latched OFF (every other flag on) [33m 324[2mms[22m[39m
     [33m[2m✓[22m[39m gate on: one press makes a canvas note (a tradeCanvas body, tagged) and opens it [33m 690[2mms[22m[39m
 [32m✓[39m src/widgets/registerPanel.test.js [2m([22m[2m12 tests[22m[2m)[22m[32m 5[2mms[22m[39m
 [32m✓[39m src/pages/journal-2-0/components/notebook/BulkActionBar.rovingGroup.test.jsx [2m([22m[2m9 tests[22m[2m)[22m[33m 538[2mms[22m[39m
 [32m✓[39m src/pages/journal-2-0/components/notebook/ThesisChip.test.jsx [2m([22m[2m12 tests[22m[2m)[22m[33m 315[2mms[22m[39m
 [32m✓[39m src/pages/journal-2-0/components/notebook/TemplatePicker.searchKeyboardReach.test.jsx [2m([22m[2m11 tests[22m[2m)[22m[33m 858[2mms[22m[39m
 [32m✓[39m src/pages/desk/CurriculumLessons.test.jsx [2m([22m[2m4 tests[22m[2m)[22m[32m 82[2mms[22m[39m
 [32m✓[39m src/pages/journal-2-0/lib/noteVersionDiff.test.js [2m([22m[2m16 tests[22m[2m)[22m[32m 31[2mms[22m[39m
 [32m✓[39m src/pages/cot/PositioningRail.notebookDoor.test.jsx [2m([22m[2m4 tests[22m[2m)[22m[32m 277[2mms[22m[39m
 [32m✓[39m src/components/research-kit/ConsensusBar.test.jsx [2m([22m[2m14 tests[22m[2m)[22m[32m 52[2mms[22m[39m
 [32m✓[39m src/surfaces/pageTitle.test.js [2m([22m[2m9 tests[22m[2m)[22m[32m 4[2mms[22m[39m
 [32m✓[39m src/components/intro/IntroAnimation.focusTrap.test.jsx [2m([22m[2m4 tests[22m[2m)[22m[33m 314[2mms[22m[39m
 [32m✓[39m src/pages/LiveFlow.rightclick.test.jsx [2m([22m[2m3 tests[22m[2m)[22m[33m 694[2mms[22m[39m
   [33m[2m✓[22m[39m right-click on a ticker cell opens the chart popup [33m 557[2mms[22m[39m
 [32m✓[39m src/components/chart/__tests__/mtfAreaDefaultCoexist.test.js [2m([22m[2m5 tests[22m[2m)[22m[32m 10[2mms[22m[39m
 [32m✓[39m src/pages/Watchlists.embeddedphone.test.js [2m([22m[2m7 tests[22m[2m)[22m[32m 3[2mms[22m[39m
 [32m✓[39m src/utils/uid.insecureOrigin.test.js [2m([22m[2m5 tests[22m[2m)[22m[32m 13[2mms[22m[39m
 [32m✓[39m src/utils/resampleBars.test.js [2m([22m[2m11 tests[22m[2m)[22m[32m 5[2mms[22m[39m
 [32m✓[39m src/pages/journal-2-0/lib/holdingsRows.test.js [2m([22m[2m12 tests[22m[2m)[22m[32m 11[2mms[22m[39m
 [32m✓[39m src/pages/__tests__/InternalsRender.letter0929.test.jsx [2m([22m[2m8 tests[22m[2m)[22m[32m 174[2mms[22m[39m
 [32m✓[39m src/pages/journal-2-0/tabs/TradeJournalTab.openTrade.test.jsx [2m([22m[2m2 tests[22m[2m)[22m[32m 70[2mms[22m[39m
 [32m✓[39m src/components/chart/ChartVLineOverlay.test.jsx [2m([22m[2m10 tests[22m[2m)[22m[32m 3[2mms[22m[39m
 [32m✓[39m src/pages/screener/shell/ScannerShell.notebookDoor.test.jsx [2m([22m[2m3 tests[22m[2m)[22m[33m 455[2mms[22m[39m
 [32m✓[39m src/pages/journal-2-0/components/notebook/NoteEditorPage.toolbarIdentity.test.jsx [2m([22m[2m2 tests[22m[2m)[22m[33m 1022[2mms[22m[39m
     [33m[2m✓[22m[39m a button keeps its DOM node across a re-render the page really made [33m 827[2mms[22m[39m
 [32m✓[39m src/components/tiles/EpBaseRate.test.jsx [2m([22m[2m7 tests[22m[2m)[22m[32m 55[2mms[22m[39m
 [32m✓[39m src/pages/breadth/MetricReadout.test.jsx [2m([22m[2m11 tests[22m[2m)[22m[32m 171[2mms[22m[39m
 [32m✓[39m src/components/chart/engine/ast/pine.excludedRulings.test.js [2m([22m[2m4 tests[22m[2m)[22m[32m 24[2mms[22m[39m
 [32m✓[39m src/pages/journal-2-0/lib/sendToJournal.test.js [2m([22m[2m5 tests[22m[2m)[22m[32m 4[2mms[22m[39m
 [32m✓[39m src/pages/research/tabs/OwnershipTab.edgar.test.jsx [2m([22m[2m6 tests[22m[2m)[22m[32m 165[2mms[22m[39m
 [32m✓[39m src/components/research-kit/EmptyState.test.jsx [2m([22m[2m14 tests[22m[2m)[22m[32m 145[2mms[22m[39m
 [32m✓[39m src/pages/journal-2-0/components/EditPositionModal.test.jsx [2m([22m[2m7 tests[22m[2m)[22m[33m 895[2mms[22m[39m
 [32m✓[39m src/components/chart/engine/ast/runtimeColourLiteral8.vendor.test.js [2m([22m[2m2 tests[22m[2m)[22m[32m 16[2mms[22m[39m
 [32m✓[39m src/pages/breadth/v2/BreadthChartsV2.test.jsx [2m([22m[2m7 tests[22m[2m)[22m[32m 135[2mms[22m[39m
 [32m✓[39m src/pages/calendar/MyStocksHub.crashRecovery.test.jsx [2m([22m[2m1 test[22m[2m)[22m[32m 100[2mms[22m[39m
 [32m✓[39m src/pages/journal-2-0/lib/captureFinancialFact.test.js [2m([22m[2m7 tests[22m[2m)[22m[32m 5[2mms[22m[39m
 [32m✓[39m src/components/chart/builder/pineBoolVisibility.test.js [2m([22m[2m6 tests[22m[2m)[22m[32m 38[2mms[22m[39m
 [32m✓[39m src/hooks/useTickerIpo.test.jsx [2m([22m[2m11 tests[22m[2m)[22m[32m 281[2mms[22m[39m
 [32m✓[39m src/components/chart/engine/ast/memberInputs.test.js [2m([22m[2m5 tests[22m[2m)[22m[32m 27[2mms[22m[39m
 [32m✓[39m src/pages/charts/widgets/LeverageInverseControl.test.jsx [2m([22m[2m7 tests[22m[2m)[22m[33m 329[2mms[22m[39m
 [32m✓[39m src/components/howTo/HowToChecklist.test.jsx [2m([22m[2m12 tests[22m[2m)[22m[32m 27[2mms[22m[39m
 [32m✓[39m src/components/calendar/TranscriptChapters.test.jsx [2m([22m[2m5 tests[22m[2m)[22m[32m 55[2mms[22m[39m
 [32m✓[39m src/components/voice/FloatingOrb.chartShellSlot.test.js [2m([22m[2m4 tests[22m[2m)[22m[32m 4[2mms[22m[39m
 [32m✓[39m src/components/chart/crosshairSync.test.js [2m([22m[2m12 tests[22m[2m)[22m[32m 4[2mms[22m[39m
 [2m[90m↓[39m[22m src/components/chart/engine/__tests__/vendorHarness/colourCensus.measure.test.js [2m([22m[2m1 test[22m[2m | [22m[33m1 skipped[39m[2m)[22m
 [32m✓[39m src/pages/breadth/BreadthViews.test.jsx [2m([22m[2m5 tests[22m[2m)[22m[33m 429[2mms[22m[39m
 [32m✓[39m src/components/mobile/useLongPress.test.jsx [2m([22m[2m7 tests[22m[2m)[22m[32m 32[2mms[22m[39m
 [32m✓[39m src/components/chart/engine/ast/pine.switchTopLevel.test.js [2m([22m[2m5 tests[22m[2m)[22m[32m 27[2mms[22m[39m
 [32m✓[39m src/components/research/askAiSuggestions.test.js [2m([22m[2m7 tests[22m[2m)[22m[32m 5[2mms[22m[39m
 [32m✓[39m src/components/calendar/KeywordAlerts.test.jsx [2m([22m[2m10 tests[22m[2m)[22m[32m 161[2mms[22m[39m
 [32m✓[39m src/lib/journal-2-0/format.test.js [2m([22m[2m42 tests[22m[2m)[22m[32m 21[2mms[22m[39m
 [32m✓[39m src/components/chart/engine/__tests__/objectGuardRefusals.test.js [2m([22m[2m5 tests[22m[2m)[22m[33m 429[2mms[22m[39m
     [33m[2m✓[22m[39m ⭐ C12s — artemis-oscillator-pro: the four creates C17 named now convert [33m 401[2mms[22m[39m
 [32m✓[39m src/pages/journal-2-0/lib/oneWritePath.test.js [2m([22m[2m5 tests[22m[2m)[22m[32m 19[2mms[22m[39m
 [32m✓[39m src/pages/research/tabs/CatalystsTab.test.jsx [2m([22m[2m6 tests[22m[2m)[22m[32m 125[2mms[22m[39m
 [32m✓[39m src/pages/journal-2-0/a11y/earningsPrep.a11y.test.jsx [2m([22m[2m4 tests[22m[2m)[22m[33m 493[2mms[22m[39m
 [32m✓[39m src/components/chart/engine/ast/runtimeStrategyWord.vendor.test.js [2m([22m[2m3 tests[22m[2m)[22m[32m 42[2mms[22m[39m
 [32m✓[39m src/pages/charts/widgetChrome.test.js [2m([22m[2m10 tests[22m[2m)[22m[32m 6[2mms[22m[39m
 [32m✓[39m src/pages/journal-2-0/components/notebook/WidgetEmbedView.mobileDrawBar.test.jsx [2m([22m[2m3 tests[22m[2m)[22m[33m 565[2mms[22m[39m
     [33m[2m✓[22m[39m coarse pointer + Draw mode: ChartEmbed receives mobileDrawBar=true [33m 463[2mms[22m[39m
 [32m✓[39m src/components/admin/AiSearchInsightsPanel.test.jsx [2m([22m[2m3 tests[22m[2m)[22m[32m 113[2mms[22m[39m
 [32m✓[39m src/components/chart/engine/__tests__/vendorHarness/vendorHarness.c29BarCounters.test.js [2m([22m[2m3 tests[22m[2m)[22m[33m 388[2mms[22m[39m
 [32m✓[39m src/pages/journal-2-0/surfaces/AccountsSurface.test.jsx [2m([22m[2m5 tests[22m[2m)[22m[32m 84[2mms[22m[39m
 [32m✓[39m src/components/research-kit/VerdictChip.test.jsx [2m([22m[2m16 tests[22m[2m)[22m[32m 146[2mms[22m[39m
 [32m✓[39m src/components/brand/UTMark.test.jsx [2m([22m[2m6 tests[22m[2m)[22m[32m 117[2mms[22m[39m
 [32m✓[39m src/pages/optionsFlow/noEmoji.guard.test.js [2m([22m[2m4 tests[22m[2m)[22m[32m 3[2mms[22m[39m
 [32m✓[39m src/components/research-kit/charts/RevisionColumns.test.jsx [2m([22m[2m12 tests[22m[2m)[22m[32m 114[2mms[22m[39m
 [32m✓[39m src/pages/journal-2-0/components/CsvColumnMapper.test.jsx [2m([22m[2m6 tests[22m[2m)[22m[33m 364[2mms[22m[39m
 [32m✓[39m src/components/chart/dragSlop.wire.test.js [2m([22m[2m5 tests[22m[2m)[22m[32m 3[2mms[22m[39m
 [32m✓[39m src/pages/journal-2-0/lib/offline/deferralReachesTheMember.test.jsx [2m([22m[2m4 tests[22m[2m)[22m[32m 149[2mms[22m[39m
 [32m✓[39m src/components/chart/engine/ast/outputPresentationPositional.test.js [2m([22m[2m6 tests[22m[2m)[22m[32m 22[2mms[22m[39m
 [32m✓[39m src/components/chart/engine/ast/sym.shape.test.js [2m([22m[2m5 tests[22m[2m)[22m[32m 4[2mms[22m[39m
 [32m✓[39m src/components/chart/engine/ast/listingPineBool.test.js [2m([22m[2m2 tests[22m[2m)[22m[32m 32[2mms[22m[39m
 [32m✓[39m src/pages/journal-2-0/tabs/NotebookTab.voiceNotes.test.jsx [2m([22m[2m5 tests[22m[2m)[22m[33m 3001[2mms[22m[39m
     [33m[2m✓[22m[39m nobody while no flag has latched [33m 768[2mms[22m[39m
     [33m[2m✓[22m[39m nobody while the gate is latched OFF (every other flag on) [33m 563[2mms[22m[39m
     [33m[2m✓[22m[39m not a free member, gate on [33m 333[2mms[22m[39m
     [33m[2m✓[22m[39m a paid member with the gate on: Voice note, Upload recording, From a Desk session [33m 373[2mms[22m[39m
     [33m[2m✓[22m[39m Upload recording opens the voice-note dialog on its upload step [33m 963[2mms[22m[39m
 [32m✓[39m src/pages/research/tabs/ModelBookTab.test.jsx [2m([22m[2m5 tests[22m[2m)[22m[32m 63[2mms[22m[39m
 [32m✓[39m src/components/Layout.pageTracking.test.jsx [2m([22m[2m1 test[22m[2m)[22m[32m 51[2mms[22m[39m
 [32m✓[39m src/pages/journal-2-0/components/notebook/NoteEditorPage.noteLinks.test.jsx [2m([22m[2m3 tests[22m[2m)[22m[33m 903[2mms[22m[39m
     [33m[2m✓[22m[39m mounts successfully with a noteLink node in the initial body (no plugin-key crash) [33m 706[2mms[22m[39m
 [32m✓[39m src/components/chart/engine/__tests__/computeRevMigration.test.js [2m([22m[2m3 tests[22m[2m)[22m[32m 4[2mms[22m[39m
 [32m✓[39m src/pages/research/depth/EarningsReactionPanel.test.jsx [2m([22m[2m5 tests[22m[2m)[22m[32m 83[2mms[22m[39m
 [32m✓[39m src/components/chart/drawingAlertMode.test.jsx [2m([22m[2m6 tests[22m[2m)[22m[32m 246[2mms[22m[39m
 [32m✓[39m src/pages/ChartRender.vintage.test.jsx [2m([22m[2m6 tests[22m[2m)[22m[32m 114[2mms[22m[39m
 [32m✓[39m src/components/navGroups.test.js [2m([22m[2m5 tests[22m[2m)[22m[32m 4[2mms[22m[39m
 [32m✓[39m src/pages/charts/widgets/dockPrefetch.test.js [2m([22m[2m10 tests[22m[2m)[22m[32m 6[2mms[22m[39m
 [32m✓[39m src/pages/journal-2-0/lib/importer/intake.test.js [2m([22m[2m6 tests[22m[2m)[22m[32m 27[2mms[22m[39m
 [32m✓[39m src/pages/compareColors.test.js [2m([22m[2m4 tests[22m[2m)[22m[32m 3[2mms[22m[39m
 [32m✓[39m src/pages/journal-2-0/components/notebook/ExcerptView.test.jsx [2m([22m[2m4 tests[22m[2m)[22m[32m 132[2mms[22m[39m
 [32m✓[39m src/pages/journal-2-0/components/notebook/ResearchHome.aiActions.test.jsx [2m([22m[2m2 tests[22m[2m)[22m[32m 204[2mms[22m[39m
 [32m✓[39m src/pages/admin/PatternAdmin.test.jsx [2m([22m[2m3 tests[22m[2m)[22m[32m 54[2mms[22m[39m
 [32m✓[39m src/hub/hubAutoHideRoot.test.jsx [2m([22m[2m2 tests[22m[2m)[22m[32m 69[2mms[22m[39m
 [32m✓[39m src/pages/Breadth.pageHeaderBleed.test.js [2m([22m[2m4 tests[22m[2m)[22m[32m 3[2mms[22m[39m
 [32m✓[39m src/pages/Dashboard.session.test.jsx [2m([22m[2m4 tests[22m[2m)[22m[33m 721[2mms[22m[39m
   [33m[2m✓[22m[39m WEEKEND renders The Week, never the weekday hero [33m 513[2mms[22m[39m
 [32m✓[39m src/pages/charts/repackAroundMoved.test.js [2m([22m[2m5 tests[22m[2m)[22m[32m 12[2mms[22m[39m
 [32m✓[39m src/hub/hapticsPreferenceWiring.test.js [2m([22m[2m3 tests[22m[2m)[22m[32m 4[2mms[22m[39m
 [32m✓[39m src/pages/research/DeskCoverage.test.jsx [2m([22m[2m7 tests[22m[2m)[22m[32m 145[2mms[22m[39m
 [32m✓[39m src/pages/screener/shell/ResultCards.test.jsx [2m([22m[2m3 tests[22m[2m)[22m[32m 55[2mms[22m[39m
 [32m✓[39m src/hooks/useAnimatedNumber.test.js [2m([22m[2m5 tests[22m[2m)[22m[33m 302[2mms[22m[39m
 [32m✓[39m src/pages/research/tabs/EstimatesTab.test.jsx [2m([22m[2m4 tests[22m[2m)[22m[32m 166[2mms[22m[39m
 [32m✓[39m src/pages/journal-2-0/hooks/useJ2NoteTags.revalidate.test.jsx [2m([22m[2m1 test[22m[2m)[22m[32m 84[2mms[22m[39m
 [32m✓[39m src/components/chart/engine/ast/udfTypedParams.test.js [2m([22m[2m7 tests[22m[2m)[22m[32m 36[2mms[22m[39m
 [32m✓[39m src/pages/charts/widgets/widgetKeyboardOwnership.test.js [2m([22m[2m3 tests[22m[2m)[22m[32m 3[2mms[22m[39m
 [32m✓[39m src/pages/breadth/views/MetersView.test.jsx [2m([22m[2m6 tests[22m[2m)[22m[32m 189[2mms[22m[39m
 [32m✓[39m src/testing/pinnedWallClock.test.js [2m([22m[2m5 tests[22m[2m)[22m[32m 48[2mms[22m[39m
 [32m✓[39m src/pages/ChartRender.headertf.test.jsx [2m([22m[2m3 tests[22m[2m)[22m[32m 87[2mms[22m[39m
 [32m✓[39m src/pages/journal-2-0/lib/calloutNode.test.js [2m([22m[2m6 tests[22m[2m)[22m[32m 70[2mms[22m[39m
 [32m✓[39m src/utils/barsIDB.heal.test.js [2m([22m[2m10 tests[22m[2m)[22m[32m 4[2mms[22m[39m
 [32m✓[39m src/pages/journal-2-0/hooks/useThesisChips.test.js [2m([22m[2m5 tests[22m[2m)[22m[32m 238[2mms[22m[39m
 [32m✓[39m src/pages/journal-2-0/components/notebook/NoteTagsField.test.jsx [2m([22m[2m4 tests[22m[2m)[22m[32m 210[2mms[22m[39m
 [32m✓[39m src/components/chart/ChartSettingsModal.barthickness.test.jsx [2m([22m[2m9 tests[22m[2m)[22m[33m 1302[2mms[22m[39m
     [33m[2m✓[22m[39m shows the control for bars and writes candles.thinBars [33m 307[2mms[22m[39m
 [32m✓[39m src/pages/journal-2-0/lib/noteSelection.test.js [2m([22m[2m8 tests[22m[2m)[22m[32m 17[2mms[22m[39m
 [32m✓[39m src/pages/journal-2-0/lib/searchTelemetry.test.jsx [2m([22m[2m3 tests[22m[2m)[22m[32m 18[2mms[22m[39m
 [32m✓[39m src/lib/journal-2-0/researchReturnContext.test.js [2m([22m[2m9 tests[22m[2m)[22m[32m 4[2mms[22m[39m
 [32m✓[39m src/pages/journal-2-0/components/connectors/ConnectedAppsCard.voiceWidgetClearance.test.js [2m([22m[2m3 tests[22m[2m)[22m[32m 5[2mms[22m[39m
 [32m✓[39m src/pages/screener/shell/TypeFilterControl.test.jsx [2m([22m[2m5 tests[22m[2m)[22m[32m 177[2mms[22m[39m
 [32m✓[39m src/hooks/useTimedTranscript.test.js [2m([22m[2m6 tests[22m[2m)[22m[32m 4[2mms[22m[39m
 [32m✓[39m src/pages/journal-2-0/components/notebook/PropertiesSection.templateReveal.test.jsx [2m([22m[2m2 tests[22m[2m)[22m[32m 117[2mms[22m[39m
 [32m✓[39m src/pages/journal-2-0/components/NoTradeWindowsEditor.test.jsx [2m([22m[2m4 tests[22m[2m)[22m[32m 209[2mms[22m[39m
 [32m✓[39m src/pages/journal-2-0/tabs/OpenPositionsTab.test.jsx [2m([22m[2m1 test[22m[2m)[22m[32m 46[2mms[22m[39m
 [32m✓[39m src/components/voice/VoiceInsightsPanel.resurface.test.jsx [2m([22m[2m3 tests[22m[2m)[22m[32m 159[2mms[22m[39m
 [32m✓[39m src/pages/research/LeadershipBadge.test.jsx [2m([22m[2m6 tests[22m[2m)[22m[32m 33[2mms[22m[39m
 [32m✓[39m src/utils/profileFormat.test.js [2m([22m[2m4 tests[22m[2m)[22m[32m 4[2mms[22m[39m
 [32m✓[39m src/components/StockChart.gate.test.js [2m([22m[2m4 tests[22m[2m)[22m[32m 3[2mms[22m[39m
 [32m✓[39m src/pages/watchlist/communityPick.test.js [2m([22m[2m4 tests[22m[2m)[22m[32m 2[2mms[22m[39m
 [32m✓[39m src/hooks/useUserDefinitions.metaMutate.test.js [2m([22m[2m3 tests[22m[2m)[22m[32m 3[2mms[22m[39m
 [32m✓[39m src/components/chart/builder/usePineLibraries.test.jsx [2m([22m[2m2 tests[22m[2m)[22m[32m 51[2mms[22m[39m
 [32m✓[39m src/pages/research/tabs/RatingsTab.test.jsx [2m([22m[2m3 tests[22m[2m)[22m[32m 65[2mms[22m[39m
 [32m✓[39m src/pages/ChartRender.indexlevels.test.jsx [2m([22m[2m3 tests[22m[2m)[22m[32m 71[2mms[22m[39m
 [32m✓[39m src/innerHtmlIdentity.test.js [2m([22m[2m2 tests[22m[2m)[22m[32m 250[2mms[22m[39m
 [32m✓[39m src/components/dashboard/sessionModel.test.js [2m([22m[2m3 tests[22m[2m)[22m[32m 8[2mms[22m[39m
 [32m✓[39m src/components/ui/Switch.test.jsx [2m([22m[2m4 tests[22m[2m)[22m[32m 28[2mms[22m[39m
 [32m✓[39m src/pages/journal-2-0/SharedNotePage.test.jsx [2m([22m[2m2 tests[22m[2m)[22m[32m 132[2mms[22m[39m
 [32m✓[39m src/pages/journal-2-0/components/notebook/import/ImportWizardBoundary.test.jsx [2m([22m[2m3 tests[22m[2m)[22m[32m 34[2mms[22m[39m
 [32m✓[39m src/lib/chartDeepLink.test.js [2m([22m[2m4 tests[22m[2m)[22m[32m 3[2mms[22m[39m
 [32m✓[39m src/pages/charts/LegacyRedirect.test.jsx [2m([22m[2m4 tests[22m[2m)[22m[32m 29[2mms[22m[39m
 [32m✓[39m src/components/admin/CompassHealthPanel.test.jsx [2m([22m[2m5 tests[22m[2m)[22m[32m 73[2mms[22m[39m
 [32m✓[39m src/testing/scan/scanHarnessAbsent.test.js [2m([22m[2m3 tests[22m[2m)[22m[32m 5[2mms[22m[39m
 [32m✓[39m src/context/VoiceContext.pageHint.test.js [2m([22m[2m8 tests[22m[2m)[22m[32m 3[2mms[22m[39m
 [32m✓[39m src/pages/journal-2-0/components/InterventionBanner.test.jsx [2m([22m[2m4 tests[22m[2m)[22m[32m 175[2mms[22m[39m
 [32m✓[39m src/pages/journal-2-0/lib/tagDelta.test.js [2m([22m[2m5 tests[22m[2m)[22m[32m 3[2mms[22m[39m
 [32m✓[39m src/pages/journal-2-0/components/notebook/NoteExportControls.a11y.test.jsx [2m([22m[2m2 tests[22m[2m)[22m[32m 232[2mms[22m[39m
 [32m✓[39m src/pages/MorningWire.test.jsx [2m([22m[2m2 tests[22m[2m)[22m[32m 71[2mms[22m[39m
 [32m✓[39m src/pages/journal-2-0/lib/noteCreation.test.js [2m([22m[2m2 tests[22m[2m)[22m[32m 3[2mms[22m[39m
 [32m✓[39m src/pages/PortfolioHeat.freePages.test.js [2m([22m[2m2 tests[22m[2m)[22m[32m 3[2mms[22m[39m
 [32m✓[39m src/pages/charts/grid/symAdmission.test.js [2m([22m[2m4 tests[22m[2m)[22m[32m 3[2mms[22m[39m
 [32m✓[39m src/pages/journal-2-0/components/notebook/AskInsertView.test.jsx [2m([22m[2m3 tests[22m[2m)[22m[32m 118[2mms[22m[39m
 [32m✓[39m src/pages/breadth/QuickPresetSwitcher.test.jsx [2m([22m[2m2 tests[22m[2m)[22m[32m 117[2mms[22m[39m
 [32m✓[39m src/pages/breadth/chartMetrics.cadence.test.js [2m([22m[2m3 tests[22m[2m)[22m[32m 3[2mms[22m[39m
 [32m✓[39m src/components/mobile/SegmentedNav.test.jsx [2m([22m[2m2 tests[22m[2m)[22m[32m 121[2mms[22m[39m
 [32m✓[39m src/pages/journal-2-0/hooks/useSpyBenchmark.test.js [2m([22m[2m4 tests[22m[2m)[22m[32m 3[2mms[22m[39m
 [32m✓[39m src/pages/charts/grid/pinEtf.test.js [2m([22m[2m3 tests[22m[2m)[22m[32m 3[2mms[22m[39m
 [32m✓[39m src/pages/screener/shell/liveSort.test.js [2m([22m[2m2 tests[22m[2m)[22m[32m 3[2mms[22m[39m
 [32m✓[39m src/components/admin/CommunityReportsPanel.test.jsx [2m([22m[2m1 test[22m[2m)[22m[32m 31[2mms[22m[39m

[2m Test Files [22m [1m[31m1 failed[39m[22m[2m | [22m[1m[32m430 passed[39m[22m[2m | [22m[33m2 skipped[39m[90m (433)[39m
[2m      Tests [22m [1m[31m1 failed[39m[22m[2m | [22m[1m[32m6077 passed[39m[22m[2m | [22m[33m2 skipped[39m[90m (6080)[39m
[2m   Start at [22m 12:46:57
[2m   Duration [22m 444.06s[2m (transform 16.56s, setup 49.89s, import 124.65s, tests 452.96s, environment 201.47s)[22m

[90mstderr[2m | src/pages/journal-2-0/tabs/NotebookTab.bulk.test.jsx[2m > [22m[2mNotebookTab — selecting notes[2m > [22m[2mevery card in the list view carries a checkbox; the board view carries none
[22m[39mAn update to NotebookTab inside a test was not wrapped in act(...).

When testing, code that causes React state updates should be wrapped into act(...):

act(() => {
  /* fire events that update state */
});
/* assert on the output */

This ensures that you're testing the behavior the user would see in the browser. Learn more at https://react.dev/link/wrap-tests-with-act
An update to NotebookTab inside a test was not wrapped in act(...).

When testing, code that causes React state updates should be wrapped into act(...):

act(() => {
  /* fire events that update state */
});
/* assert on the output */

This ensures that you're testing the behavior the user would see in the browser. Learn more at https://react.dev/link/wrap-tests-with-act
An update to NotebookTab inside a test was not wrapped in act(...).

When testing, code that causes React state updates should be wrapped into act(...):

act(() => {
  /* fire events that update state */
});
/* assert on the output */

This ensures that you're testing the behavior the user would see in the browser. Learn more at https://react.dev/link/wrap-tests-with-act
An update to NotebookTab inside a test was not wrapped in act(...).

When testing, code that causes React state updates should be wrapped into act(...):

act(() => {
  /* fire events that update state */
});
/* assert on the output */

This ensures that you're testing the behavior the user would see in the browser. Learn more at https://react.dev/link/wrap-tests-with-act
An update to NotebookTab inside a test was not wrapped in act(...).

When testing, code that causes React state updates should be wrapped into act(...):

act(() => {
  /* fire events that update state */
});
/* assert on the output */

This ensures that you're testing the behavior the user would see in the browser. Learn more at https://react.dev/link/wrap-tests-with-act

[90mstderr[2m | src/pages/journal-2-0/tabs/NotebookTab.bulk.test.jsx[2m > [22m[2mNotebookTab — selecting notes[2m > [22m[2mselecting shows the toolbar with a count; clicking a card body still opens the note
[22m[39mAn update to NotebookTab inside a test was not wrapped in act(...).

When testing, code that causes React state updates should be wrapped into act(...):

act(() => {
  /* fire events that update state */
});
/* assert on the output */

This ensures that you're testing the behavior the user would see in the browser. Learn more at https://react.dev/link/wrap-tests-with-act
An update to NotebookTab inside a test was not wrapped in act(...).

When testing, code that causes React state updates should be wrapped into act(...):

act(() => {
  /* fire events that update state */
});
/* assert on the output */

This ensures that you're testing the behavior the user would see in the browser. Learn more at https://react.dev/link/wrap-tests-with-act
An update to NotebookTab inside a test was not wrapped in act(...).

When testing, code that causes React state updates should be wrapped into act(...):

act(() => {
  /* fire events that update state */
});
/* assert on the output */

This ensures that you're testing the behavior the user would see in the browser. Learn more at https://react.dev/link/wrap-tests-with-act
An update to NotebookTab inside a test was not wrapped in act(...).

When testing, code that causes React state updates should be wrapped into act(...):

act(() => {
  /* fire events that update state */
});
/* assert on the output */

This ensures that you're testing the behavior the user would see in the browser. Learn more at https://react.dev/link/wrap-tests-with-act
An update to NotebookTab inside a test was not wrapped in act(...).

When testing, code that causes React state updates should be wrapped into act(...):

act(() => {
  /* fire events that update state */
});
/* assert on the output */

This ensures that you're testing the behavior the user would see in the browser. Learn more at https://react.dev/link/wrap-tests-with-act

[90mstderr[2m | src/pages/journal-2-0/tabs/NotebookTab.bulk.test.jsx[2m > [22m[2mNotebookTab — selecting notes[2m > [22m[2mShift+click selects the range between
[22m[39mAn update to NotebookTab inside a test was not wrapped in act(...).

When testing, code that causes React state updates should be wrapped into act(...):

act(() => {
  /* fire events that update state */
});
/* assert on the output */

This ensures that you're testing the behavior the user would see in the browser. Learn more at https://react.dev/link/wrap-tests-with-act
An update to NotebookTab inside a test was not wrapped in act(...).

When testing, code that causes React state updates should be wrapped into act(...):

act(() => {
  /* fire events that update state */
});
/* assert on the output */

This ensures that you're testing the behavior the user would see in the browser. Learn more at https://react.dev/link/wrap-tests-with-act
An update to NotebookTab inside a test was not wrapped in act(...).

When testing, code that causes React state updates should be wrapped into act(...):

act(() => {
  /* fire events that update state */
});
/* assert on the output */

This ensures that you're testing the behavior the user would see in the browser. Learn more at https://react.dev/link/wrap-tests-with-act
An update to NotebookTab inside a test was not wrapped in act(...).

When testing, code that causes React state updates should be wrapped into act(...):

act(() => {
  /* fire events that update state */
});
/* assert on the output */

This ensures that you're testing the behavior the user would see in the browser. Learn more at https://react.dev/link/wrap-tests-with-act
An update to NotebookTab inside a test was not wrapped in act(...).

When testing, code that causes React state updates should be wrapped into act(...):

act(() => {
  /* fire events that update state */
});
/* assert on the output */

This ensures that you're testing the behavior the user would see in the browser. Learn more at https://react.dev/link/wrap-tests-with-act
An update to BulkActionBar inside a test was not wrapped in act(...).

When testing, code that causes React state updates should be wrapped into act(...):

act(() => {
  /* fire events that update state */
});
/* assert on the output */

This ensures that you're testing the behavior the user would see in the browser. Learn more at https://react.dev/link/wrap-tests-with-act

[90mstderr[2m | src/pages/journal-2-0/tabs/NotebookTab.bulk.test.jsx[2m > [22m[2mNotebookTab — selecting notes[2m > [22m[2m"Select all N shown" selects every note in view
[22m[39mAn update to NotebookTab inside a test was not wrapped in act(...).

When testing, code that causes React state updates should be wrapped into act(...):

act(() => {
  /* fire events that update state */
});
/* assert on the output */

This ensures that you're testing the behavior the user would see in the browser. Learn more at https://react.dev/link/wrap-tests-with-act
An update to NotebookTab inside a test was not wrapped in act(...).

When testing, code that causes React state updates should be wrapped into act(...):

act(() => {
  /* fire events that update state */
});
/* assert on the output */

This ensures that you're testing the behavior the user would see in the browser. Learn more at https://react.dev/link/wrap-tests-with-act
An update to NotebookTab inside a test was not wrapped in act(...).

When testing, code that causes React state updates should be wrapped into act(...):

act(() => {
  /* fire events that update state */
});
/* assert on the output */

This ensures that you're testing the behavior the user would see in the browser. Learn more at https://react.dev/link/wrap-tests-with-act
An update to NotebookTab inside a test was not wrapped in act(...).

When testing, code that causes React state updates should be wrapped into act(...):

act(() => {
  /* fire events that update state */
});
/* assert on the output */

This ensures that you're testing the behavior the user would see in the browser. Learn more at https://react.dev/link/wrap-tests-with-act
An update to NotebookTab inside a test was not wrapped in act(...).

When testing, code that causes React state updates should be wrapped into act(...):

act(() => {
  /* fire events that update state */
});
/* assert on the output */

This ensures that you're testing the behavior the user would see in the browser. Learn more at https://react.dev/link/wrap-tests-with-act
An update to BulkActionBar inside a test was not wrapped in act(...).

When testing, code that causes React state updates should be wrapped into act(...):

act(() => {
  /* fire events that update state */
});
/* assert on the output */

This ensures that you're testing the behavior the user would see in the browser. Learn more at https://react.dev/link/wrap-tests-with-act

[90mstderr[2m | src/pages/journal-2-0/tabs/NotebookTab.bulk.test.jsx[2m > [22m[2mNotebookTab — selecting notes[2m > [22m[2mEsc clears the selection
[22m[39mAn update to NotebookTab inside a test was not wrapped in act(...).

When testing, code that causes React state updates should be wrapped into act(...):

act(() => {
  /* fire events that update state */
});
/* assert on the output */

This ensures that you're testing the behavior the user would see in the browser. Learn more at https://react.dev/link/wrap-tests-with-act
An update to NotebookTab inside a test was not wrapped in act(...).

When testing, code that causes React state updates should be wrapped into act(...):

act(() => {
  /* fire events that update state */
});
/* assert on the output */

This ensures that you're testing the behavior the user would see in the browser. Learn more at https://react.dev/link/wrap-tests-with-act
An update to NotebookTab inside a test was not wrapped in act(...).

When testing, code that causes React state updates should be wrapped into act(...):

act(() => {
  /* fire events that update state */
});
/* assert on the output */

This ensures that you're testing the behavior the user would see in the browser. Learn more at https://react.dev/link/wrap-tests-with-act
An update to NotebookTab inside a test was not wrapped in act(...).

When testing, code that causes React state updates should be wrapped into act(...):

act(() => {
  /* fire events that update state */
});
/* assert on the output */

This ensures that you're testing the behavior the user would see in the browser. Learn more at https://react.dev/link/wrap-tests-with-act
An update to NotebookTab inside a test was not wrapped in act(...).

When testing, code that causes React state updates should be wrapped into act(...):

act(() => {
  /* fire events that update state */
});
/* assert on the output */

This ensures that you're testing the behavior the user would see in the browser. Learn more at https://react.dev/link/wrap-tests-with-act

[90mstderr[2m | src/pages/journal-2-0/tabs/NotebookTab.bulk.test.jsx[2m > [22m[2mNotebookTab — selecting notes[2m > [22m[2mEscape on an open "Export selected" keeps the selection and the focus in the bar; the next Escape clears and lands on the list heading
[22m[39mAn update to NotebookTab inside a test was not wrapped in act(...).

When testing, code that causes React state updates should be wrapped into act(...):

act(() => {
  /* fire events that update state */
});
/* assert on the output */

This ensures that you're testing the behavior the user would see in the browser. Learn more at https://react.dev/link/wrap-tests-with-act
An update to NotebookTab inside a test was not wrapped in act(...).

When testing, code that causes React state updates should be wrapped into act(...):

act(() => {
  /* fire events that update state */
});
/* assert on the output */

This ensures that you're testing the behavior the user would see in the browser. Learn more at https://react.dev/link/wrap-tests-with-act
An update to NotebookTab inside a test was not wrapped in act(...).

When testing, code that causes React state updates should be wrapped into act(...):

act(() => {
  /* fire events that update state */
});
/* assert on the output */

This ensures that you're testing the behavior the user would see in the browser. Learn more at https://react.dev/link/wrap-tests-with-act
An update to NotebookTab inside a test was not wrapped in act(...).

When testing, code that causes React state updates should be wrapped into act(...):

act(() => {
  /* fire events that update state */
});
/* assert on the output */

This ensures that you're testing the behavior the user would see in the browser. Learn more at https://react.dev/link/wrap-tests-with-act
An update to NotebookTab inside a test was not wrapped in act(...).

When testing, code that causes React state updates should be wrapped into act(...):

act(() => {
  /* fire events that update state */
});
/* assert on the output */

This ensures that you're testing the behavior the user would see in the browser. Learn more at https://react.dev/link/wrap-tests-with-act

[90mstderr[2m | src/pages/journal-2-0/tabs/NotebookTab.bulk.test.jsx[2m > [22m[2mNotebookTab — selecting notes[2m > [22m[2m"Clear" in the bar lands focus on the list heading, not on <body>
[22m[39mAn update to NotebookTab inside a test was not wrapped in act(...).

When testing, code that causes React state updates should be wrapped into act(...):

act(() => {
  /* fire events that update state */
});
/* assert on the output */

This ensures that you're testing the behavior the user would see in the browser. Learn more at https://react.dev/link/wrap-tests-with-act
An update to NotebookTab inside a test was not wrapped in act(...).

When testing, code that causes React state updates should be wrapped into act(...):

act(() => {
  /* fire events that update state */
});
/* assert on the output */

This ensures that you're testing the behavior the user would see in the browser. Learn more at https://react.dev/link/wrap-tests-with-act
An update to NotebookTab inside a test was not wrapped in act(...).

When testing, code that causes React state updates should be wrapped into act(...):

act(() => {
  /* fire events that update state */
});
/* assert on the output */

This ensures that you're testing the behavior the user would see in the browser. Learn more at https://react.dev/link/wrap-tests-with-act
An update to NotebookTab inside a test was not wrapped in act(...).

When testing, code that causes React state updates should be wrapped into act(...):

act(() => {
  /* fire events that update state */
});
/* assert on the output */

This ensures that you're testing the behavior the user would see in the browser. Learn more at https://react.dev/link/wrap-tests-with-act
An update to NotebookTab inside a test was not wrapped in act(...).

When testing, code that causes React state updates should be wrapped into act(...):

act(() => {
  /* fire events that update state */
});
/* assert on the output */

This ensures that you're testing the behavior the user would see in the browser. Learn more at https://react.dev/link/wrap-tests-with-act

[90mstderr[2m | src/pages/journal-2-0/tabs/NotebookTab.bulk.test.jsx[2m > [22m[2mNotebookTab — selecting notes[2m > [22m[2m⛔ Esc while typing a tag does NOT throw the selection away
[22m[39mAn update to NotebookTab inside a test was not wrapped in act(...).

When testing, code that causes React state updates should be wrapped into act(...):

act(() => {
  /* fire events that update state */
});
/* assert on the output */

This ensures that you're testing the behavior the user would see in the browser. Learn more at https://react.dev/link/wrap-tests-with-act
An update to NotebookTab inside a test was not wrapped in act(...).

When testing, code that causes React state updates should be wrapped into act(...):

act(() => {
  /* fire events that update state */
});
/* assert on the output */

This ensures that you're testing the behavior the user would see in the browser. Learn more at https://react.dev/link/wrap-tests-with-act
An update to NotebookTab inside a test was not wrapped in act(...).

When testing, code that causes React state updates should be wrapped into act(...):

act(() => {
  /* fire events that update state */
});
/* assert on the output */

This ensures that you're testing the behavior the user would see in the browser. Learn more at https://react.dev/link/wrap-tests-with-act
An update to NotebookTab inside a test was not wrapped in act(...).

When testing, code that causes React state updates should be wrapped into act(...):

act(() => {
  /* fire events that update state */
});
/* assert on the output */

This ensures that you're testing the behavior the user would see in the browser. Learn more at https://react.dev/link/wrap-tests-with-act
An update to NotebookTab inside a test was not wrapped in act(...).

When testing, code that causes React state updates should be wrapped into act(...):

act(() => {
  /* fire events that update state */
});
/* assert on the output */

This ensures that you're testing the behavior the user would see in the browser. Learn more at https://react.dev/link/wrap-tests-with-act
An update to BulkActionBar inside a test was not wrapped in act(...).

When testing, code that causes React state updates should be wrapped into act(...):

act(() => {
  /* fire events that update state */
});
/* assert on the output */

This ensures that you're testing the behavior the user would see in the browser. Learn more at https://react.dev/link/wrap-tests-with-act

[90mstderr[2m | src/pages/journal-2-0/tabs/NotebookTab.bulk.test.jsx[2m > [22m[2mNotebookTab — selecting notes[2m > [22m[2mgoing to another folder starts a fresh selection
[22m[39mAn update to NotebookTab inside a test was not wrapped in act(...).

When testing, code that causes React state updates should be wrapped into act(...):

act(() => {
  /* fire events that update state */
});
/* assert on the output */

This ensures that you're testing the behavior the user would see in the browser. Learn more at https://react.dev/link/wrap-tests-with-act
An update to NotebookTab inside a test was not wrapped in act(...).

When testing, code that causes React state updates should be wrapped into act(...):

act(() => {
  /* fire events that update state */
});
/* assert on the output */

This ensures that you're testing the behavior the user would see in the browser. Learn more at https://react.dev/link/wrap-tests-with-act
An update to NotebookTab inside a test was not wrapped in act(...).

When testing, code that causes React state updates should be wrapped into act(...):

act(() => {
  /* fire events that update state */
});
/* assert on the output */

This ensures that you're testing the behavior the user would see in the browser. Learn more at https://react.dev/link/wrap-tests-with-act
An update to NotebookTab inside a test was not wrapped in act(...).

When testing, code that causes React state updates should be wrapped into act(...):

act(() => {
  /* fire events that update state */
});
/* assert on the output */

This ensures that you're testing the behavior the user would see in the browser. Learn more at https://react.dev/link/wrap-tests-with-act
An update to NotebookTab inside a test was not wrapped in act(...).

When testing, code that causes React state updates should be wrapped into act(...):

act(() => {
  /* fire events that update state */
});
/* assert on the output */

This ensures that you're testing the behavior the user would see in the browser. Learn more at https://react.dev/link/wrap-tests-with-act

[90mstderr[2m | src/pages/journal-2-0/tabs/NotebookTab.bulk.test.jsx[2m > [22m[2mNotebookTab — selecting notes[2m > [22m[2mthe table view selects too, with a select-all header
[22m[39mAn update to NotebookTab inside a test was not wrapped in act(...).

When testing, code that causes React state updates should be wrapped into act(...):

act(() => {
  /* fire events that update state */
});
/* assert on the output */

This ensures that you're testing the behavior the user would see in the browser. Learn more at https://react.dev/link/wrap-tests-with-act
An update to NotebookTab inside a test was not wrapped in act(...).

When testing, code that causes React state updates should be wrapped into act(...):

act(() => {
  /* fire events that update state */
});
/* assert on the output */

This ensures that you're testing the behavior the user would see in the browser. Learn more at https://react.dev/link/wrap-tests-with-act
An update to NotebookTab inside a test was not wrapped in act(...).

When testing, code that causes React state updates should be wrapped into act(...):

act(() => {
  /* fire events that update state */
});
/* assert on the output */

This ensures that you're testing the behavior the user would see in the browser. Learn more at https://react.dev/link/wrap-tests-with-act
An update to NotebookTab inside a test was not wrapped in act(...).

When testing, code that causes React state updates should be wrapped into act(...):

act(() => {
  /* fire events that update state */
});
/* assert on the output */

This ensures that you're testing the behavior the user would see in the browser. Learn more at https://react.dev/link/wrap-tests-with-act
An update to NotebookTab inside a test was not wrapped in act(...).

When testing, code that causes React state updates should be wrapped into act(...):

act(() => {
  /* fire events that update state */
});
/* assert on the output */

This ensures that you're testing the behavior the user would see in the browser. Learn more at https://react.dev/link/wrap-tests-with-act
An update to BulkActionBar inside a test was not wrapped in act(...).

When testing, code that causes React state updates should be wrapped into act(...):

act(() => {
  /* fire events that update state */
});
/* assert on the output */

This ensures that you're testing the behavior the user would see in the browser. Learn more at https://react.dev/link/wrap-tests-with-act

[90mstderr[2m | src/pages/journal-2-0/tabs/NotebookTab.bulk.test.jsx[2m > [22m[2mNotebookTab — selecting notes[2m > [22m[2mShift+ArrowDown extends the selection to the next note, and moves focus there
[22m[39mAn update to NotebookTab inside a test was not wrapped in act(...).

When testing, code that causes React state updates should be wrapped into act(...):

act(() => {
  /* fire events that update state */
});
/* assert on the output */

This ensures that you're testing the behavior the user would see in the browser. Learn more at https://react.dev/link/wrap-tests-with-act
An update to NotebookTab inside a test was not wrapped in act(...).

When testing, code that causes React state updates should be wrapped into act(...):

act(() => {
  /* fire events that update state */
});
/* assert on the output */

This ensures that you're testing the behavior the user would see in the browser. Learn more at https://react.dev/link/wrap-tests-with-act
An update to NotebookTab inside a test was not wrapped in act(...).

When testing, code that causes React state updates should be wrapped into act(...):

act(() => {
  /* fire events that update state */
});
/* assert on the output */

This ensures that you're testing the behavior the user would see in the browser. Learn more at https://react.dev/link/wrap-tests-with-act
An update to NotebookTab inside a test was not wrapped in act(...).

When testing, code that causes React state updates should be wrapped into act(...):

act(() => {
  /* fire events that update state */
});
/* assert on the output */

This ensures that you're testing the behavior the user would see in the browser. Learn more at https://react.dev/link/wrap-tests-with-act
An update to NotebookTab inside a test was not wrapped in act(...).

When testing, code that causes React state updates should be wrapped into act(...):

act(() => {
  /* fire events that update state */
});
/* assert on the output */

This ensures that you're testing the behavior the user would see in the browser. Learn more at https://react.dev/link/wrap-tests-with-act
An update to BulkActionBar inside a test was not wrapped in act(...).

When testing, code that causes React state updates should be wrapped into act(...):

act(() => {
  /* fire events that update state */
});
/* assert on the output */

This ensures that you're testing the behavior the user would see in the browser. Learn more at https://react.dev/link/wrap-tests-with-act

[90mstderr[2m | src/pages/journal-2-0/tabs/NotebookTab.bulk.test.jsx[2m > [22m[2mNotebookTab — selecting notes[2m > [22m[2mShift+ArrowUp extends upward
[22m[39mAn update to NotebookTab inside a test was not wrapped in act(...).

When testing, code that causes React state updates should be wrapped into act(...):

act(() => {
  /* fire events that update state */
});
/* assert on the output */

This ensures that you're testing the behavior the user would see in the browser. Learn more at https://react.dev/link/wrap-tests-with-act
An update to NotebookTab inside a test was not wrapped in act(...).

When testing, code that causes React state updates should be wrapped into act(...):

act(() => {
  /* fire events that update state */
});
/* assert on the output */

This ensures that you're testing the behavior the user would see in the browser. Learn more at https://react.dev/link/wrap-tests-with-act
An update to NotebookTab inside a test was not wrapped in act(...).

When testing, code that causes React state updates should be wrapped into act(...):

act(() => {
  /* fire events that update state */
});
/* assert on the output */

This ensures that you're testing the behavior the user would see in the browser. Learn more at https://react.dev/link/wrap-tests-with-act
An update to NotebookTab inside a test was not wrapped in act(...).

When testing, code that causes React state updates should be wrapped into act(...):

act(() => {
  /* fire events that update state */
});
/* assert on the output */

This ensures that you're testing the behavior the user would see in the browser. Learn more at https://react.dev/link/wrap-tests-with-act
An update to NotebookTab inside a test was not wrapped in act(...).

When testing, code that causes React state updates should be wrapped into act(...):

act(() => {
  /* fire events that update state */
});
/* assert on the output */

This ensures that you're testing the behavior the user would see in the browser. Learn more at https://react.dev/link/wrap-tests-with-act
An update to BulkActionBar inside a test was not wrapped in act(...).

When testing, code that causes React state updates should be wrapped into act(...):

act(() => {
  /* fire events that update state */
});
/* assert on the output */

This ensures that you're testing the behavior the user would see in the browser. Learn more at https://react.dev/link/wrap-tests-with-act

[90mstderr[2m | src/pages/journal-2-0/tabs/NotebookTab.bulk.test.jsx[2m > [22m[2mNotebookTab — selecting notes[2m > [22m[2mShift+Arrow past the first/last row is a no-op (no note to extend to)
[22m[39mAn update to NotebookTab inside a test was not wrapped in act(...).

When testing, code that causes React state updates should be wrapped into act(...):

act(() => {
  /* fire events that update state */
});
/* assert on the output */

This ensures that you're testing the behavior the user would see in the browser. Learn more at https://react.dev/link/wrap-tests-with-act
An update to NotebookTab inside a test was not wrapped in act(...).

When testing, code that causes React state updates should be wrapped into act(...):

act(() => {
  /* fire events that update state */
});
/* assert on the output */

This ensures that you're testing the behavior the user would see in the browser. Learn more at https://react.dev/link/wrap-tests-with-act
An update to NotebookTab inside a test was not wrapped in act(...).

When testing, code that causes React state updates should be wrapped into act(...):

act(() => {
  /* fire events that update state */
});
/* assert on the output */

This ensures that you're testing the behavior the user would see in the browser. Learn more at https://react.dev/link/wrap-tests-with-act
An update to NotebookTab inside a test was not wrapped in act(...).

When testing, code that causes React state updates should be wrapped into act(...):

act(() => {
  /* fire events that update state */
});
/* assert on the output */

This ensures that you're testing the behavior the user would see in the browser. Learn more at https://react.dev/link/wrap-tests-with-act
An update to NotebookTab inside a test was not wrapped in act(...).

When testing, code that causes React state updates should be wrapped into act(...):

act(() => {
  /* fire events that update state */
});
/* assert on the output */

This ensures that you're testing the behavior the user would see in the browser. Learn more at https://react.dev/link/wrap-tests-with-act
An update to BulkActionBar inside a test was not wrapped in act(...).

When testing, code that causes React state updates should be wrapped into act(...):

act(() => {
  /* fire events that update state */
});
/* assert on the output */

This ensures that you're testing the behavior the user would see in the browser. Learn more at https://react.dev/link/wrap-tests-with-act

[90mstderr[2m | src/pages/journal-2-0/tabs/NotebookTab.bulk.test.jsx[2m > [22m[2mNotebookTab — selecting notes[2m > [22m[2m⛔ CONTROL -- ArrowDown WITHOUT Shift does not select (plain Tab/Arrow browsing is unaffected)
[22m[39mAn update to NotebookTab inside a test was not wrapped in act(...).

When testing, code that causes React state updates should be wrapped into act(...):

act(() => {
  /* fire events that update state */
});
/* assert on the output */

This ensures that you're testing the behavior the user would see in the browser. Learn more at https://react.dev/link/wrap-tests-with-act
An update to NotebookTab inside a test was not wrapped in act(...).

When testing, code that causes React state updates should be wrapped into act(...):

act(() => {
  /* fire events that update state */
});
/* assert on the output */

This ensures that you're testing the behavior the user would see in the browser. Learn more at https://react.dev/link/wrap-tests-with-act
An update to NotebookTab inside a test was not wrapped in act(...).

When testing, code that causes React state updates should be wrapped into act(...):

act(() => {
  /* fire events that update state */
});
/* assert on the output */

This ensures that you're testing the behavior the user would see in the browser. Learn more at https://react.dev/link/wrap-tests-with-act
An update to NotebookTab inside a test was not wrapped in act(...).

When testing, code that causes React state updates should be wrapped into act(...):

act(() => {
  /* fire events that update state */
});
/* assert on the output */

This ensures that you're testing the behavior the user would see in the browser. Learn more at https://react.dev/link/wrap-tests-with-act
An update to NotebookTab inside a test was not wrapped in act(...).

When testing, code that causes React state updates should be wrapped into act(...):

act(() => {
  /* fire events that update state */
});
/* assert on the output */

This ensures that you're testing the behavior the user would see in the browser. Learn more at https://react.dev/link/wrap-tests-with-act
An update to BulkActionBar inside a test was not wrapped in act(...).

When testing, code that causes React state updates should be wrapped into act(...):

act(() => {
  /* fire events that update state */
});
/* assert on the output */

This ensures that you're testing the behavior the user would see in the browser. Learn more at https://react.dev/link/wrap-tests-with-act

[90mstderr[2m | src/pages/journal-2-0/tabs/NotebookTab.bulk.test.jsx[2m > [22m[2mNotebookTab — selecting notes[2m > [22m[2mCtrl+Alt+B jumps focus straight into the bulk bar once a selection exists
[22m[39mAn update to NotebookTab inside a test was not wrapped in act(...).

When testing, code that causes React state updates should be wrapped into act(...):

act(() => {
  /* fire events that update state */
});
/* assert on the output */

This ensures that you're testing the behavior the user would see in the browser. Learn more at https://react.dev/link/wrap-tests-with-act
An update to NotebookTab inside a test was not wrapped in act(...).

When testing, code that causes React state updates should be wrapped into act(...):

act(() => {
  /* fire events that update state */
});
/* assert on the output */

This ensures that you're testing the behavior the user would see in the browser. Learn more at https://react.dev/link/wrap-tests-with-act
An update to NotebookTab inside a test was not wrapped in act(...).

When testing, code that causes React state updates should be wrapped into act(...):

act(() => {
  /* fire events that update state */
});
/* assert on the output */

This ensures that you're testing the behavior the user would see in the browser. Learn more at https://react.dev/link/wrap-tests-with-act
An update to NotebookTab inside a test was not wrapped in act(...).

When testing, code that causes React state updates should be wrapped into act(...):

act(() => {
  /* fire events that update state */
});
/* assert on the output */

This ensures that you're testing the behavior the user would see in the browser. Learn more at https://react.dev/link/wrap-tests-with-act
An update to NotebookTab inside a test was not wrapped in act(...).

When testing, code that causes React state updates should be wrapped into act(...):

act(() => {
  /* fire events that update state */
});
/* assert on the output */

This ensures that you're testing the behavior the user would see in the browser. Learn more at https://react.dev/link/wrap-tests-with-act
An update to BulkActionBar inside a test was not wrapped in act(...).

When testing, code that causes React state updates should be wrapped into act(...):

act(() => {
  /* fire events that update state */
});
/* assert on the output */

This ensures that you're testing the behavior the user would see in the browser. Learn more at https://react.dev/link/wrap-tests-with-act

[90mstderr[2m | src/pages/journal-2-0/tabs/NotebookTab.bulk.test.jsx[2m > [22m[2mNotebookTab — selecting notes[2m > [22m[2ma second Ctrl+Alt+B after tagging still reaches "Move to select" cheaply (same stable anchor)
[22m[39mAn update to NotebookTab inside a test was not wrapped in act(...).

When testing, code that causes React state updates should be wrapped into act(...):

act(() => {
  /* fire events that update state */
});
/* assert on the output */

This ensures that you're testing the behavior the user would see in the browser. Learn more at https://react.dev/link/wrap-tests-with-act
An update to NotebookTab inside a test was not wrapped in act(...).

When testing, code that causes React state updates should be wrapped into act(...):

act(() => {
  /* fire events that update state */
});
/* assert on the output */

This ensures that you're testing the behavior the user would see in the browser. Learn more at https://react.dev/link/wrap-tests-with-act
An update to NotebookTab inside a test was not wrapped in act(...).

When testing, code that causes React state updates should be wrapped into act(...):

act(() => {
  /* fire events that update state */
});
/* assert on the output */

This ensures that you're testing the behavior the user would see in the browser. Learn more at https://react.dev/link/wrap-tests-with-act
An update to NotebookTab inside a test was not wrapped in act(...).

When testing, code that causes React state updates should be wrapped into act(...):

act(() => {
  /* fire events that update state */
});
/* assert on the output */

This ensures that you're testing the behavior the user would see in the browser. Learn more at https://react.dev/link/wrap-tests-with-act
An update to NotebookTab inside a test was not wrapped in act(...).

When testing, code that causes React state updates should be wrapped into act(...):

act(() => {
  /* fire events that update state */
});
/* assert on the output */

This ensures that you're testing the behavior the user would see in the browser. Learn more at https://react.dev/link/wrap-tests-with-act
An update to BulkActionBar inside a test was not wrapped in act(...).

When testing, code that causes React state updates should be wrapped into act(...):

act(() => {
  /* fire events that update state */
});
/* assert on the output */

This ensures that you're testing the behavior the user would see in the browser. Learn more at https://react.dev/link/wrap-tests-with-act

[90mstderr[2m | src/pages/journal-2-0/tabs/NotebookTab.bulk.test.jsx[2m > [22m[2mNotebookTab — selecting notes[2m > [22m[2mthe shortcut does nothing without a selection (nothing to jump to)
[22m[39mAn update to NotebookTab inside a test was not wrapped in act(...).

When testing, code that causes React state updates should be wrapped into act(...):

act(() => {
  /* fire events that update state */
});
/* assert on the output */

This ensures that you're testing the behavior the user would see in the browser. Learn more at https://react.dev/link/wrap-tests-with-act
An update to NotebookTab inside a test was not wrapped in act(...).

When testing, code that causes React state updates should be wrapped into act(...):

act(() => {
  /* fire events that update state */
});
/* assert on the output */

This ensures that you're testing the behavior the user would see in the browser. Learn more at https://react.dev/link/wrap-tests-with-act
An update to NotebookTab inside a test was not wrapped in act(...).

When testing, code that causes React state updates should be wrapped into act(...):

act(() => {
  /* fire events that update state */
});
/* assert on the output */

This ensures that you're testing the behavior the user would see in the browser. Learn more at https://react.dev/link/wrap-tests-with-act
An update to NotebookTab inside a test was not wrapped in act(...).

When testing, code that causes React state updates should be wrapped into act(...):

act(() => {
  /* fire events that update state */
});
/* assert on the output */

This ensures that you're testing the behavior the user would see in the browser. Learn more at https://react.dev/link/wrap-tests-with-act
An update to NotebookTab inside a test was not wrapped in act(...).

When testing, code that causes React state updates should be wrapped into act(...):

act(() => {
  /* fire events that update state */
});
/* assert on the output */

This ensures that you're testing the behavior the user would see in the browser. Learn more at https://react.dev/link/wrap-tests-with-act

[90mstderr[2m | src/pages/journal-2-0/tabs/NotebookTab.bulk.test.jsx[2m > [22m[2mNotebookTab — selecting notes[2m > [22m[2mthe bar carries a visible hint naming the shortcut
[22m[39mAn update to NotebookTab inside a test was not wrapped in act(...).

When testing, code that causes React state updates should be wrapped into act(...):

act(() => {
  /* fire events that update state */
});
/* assert on the output */

This ensures that you're testing the behavior the user would see in the browser. Learn more at https://react.dev/link/wrap-tests-with-act
An update to NotebookTab inside a test was not wrapped in act(...).

When testing, code that causes React state updates should be wrapped into act(...):

act(() => {
  /* fire events that update state */
});
/* assert on the output */

This ensures that you're testing the behavior the user would see in the browser. Learn more at https://react.dev/link/wrap-tests-with-act
An update to NotebookTab inside a test was not wrapped in act(...).

When testing, code that causes React state updates should be wrapped into act(...):

act(() => {
  /* fire events that update state */
});
/* assert on the output */

This ensures that you're testing the behavior the user would see in the browser. Learn more at https://react.dev/link/wrap-tests-with-act
An update to NotebookTab inside a test was not wrapped in act(...).

When testing, code that causes React state updates should be wrapped into act(...):

act(() => {
  /* fire events that update state */
});
/* assert on the output */

This ensures that you're testing the behavior the user would see in the browser. Learn more at https://react.dev/link/wrap-tests-with-act
An update to NotebookTab inside a test was not wrapped in act(...).

When testing, code that causes React state updates should be wrapped into act(...):

act(() => {
  /* fire events that update state */
});
/* assert on the output */

This ensures that you're testing the behavior the user would see in the browser. Learn more at https://react.dev/link/wrap-tests-with-act
An update to BulkActionBar inside a test was not wrapped in act(...).

When testing, code that causes React state updates should be wrapped into act(...):

act(() => {
  /* fire events that update state */
});
/* assert on the output */

This ensures that you're testing the behavior the user would see in the browser. Learn more at https://react.dev/link/wrap-tests-with-act

[90mstderr[2m | src/pages/journal-2-0/tabs/NotebookTab.bulk.test.jsx[2m > [22m[2mNotebookTab — bulk actions[2m > [22m[2ma refused request is an alert with the reason, lands nothing, and keeps the selection
[22m[39m[notebook] bulk action failed Error: folder not found
    at runNoteBatch (C:/Users/Patrick/uct-worktrees/notebook-w13-landing/app/src/pages/journal-2-0/lib/noteBatch.js:197:19)
    at runBulk (C:/Users/Patrick/uct-worktrees/notebook-w13-landing/app/src/pages/journal-2-0/tabs/NotebookTab.jsx:1314:23) {
  status: [33m400[39m,
  detail: [32m'folder not found'[39m
}

[90mstderr[2m | src/components/chart/ChartSettingsModal.indicators.test.jsx[2m > [22m[2man inert field says WHY, to a screen reader and not only to a pointer[2m > [22m[2mevery disabled control carries aria-disabled, the reason, and a resolvable description
[22m[39mAn update to ChartSettingsModal inside a test was not wrapped in act(...).

When testing, code that causes React state updates should be wrapped into act(...):

act(() => {
  /* fire events that update state */
});
/* assert on the output */

This ensures that you're testing the behavior the user would see in the browser. Learn more at https://react.dev/link/wrap-tests-with-act

[90mstderr[2m | src/components/chart/ChartSettingsModal.indicators.test.jsx[2m > [22m[2man inert field says WHY, to a screen reader and not only to a pointer[2m > [22m[2man ENABLED control gets none of it — the reason is not sprayed everywhere
[22m[39mAn update to ChartSettingsModal inside a test was not wrapped in act(...).

When testing, code that causes React state updates should be wrapped into act(...):

act(() => {
  /* fire events that update state */
});
/* assert on the output */

This ensures that you're testing the behavior the user would see in the browser. Learn more at https://react.dev/link/wrap-tests-with-act

[90mstderr[2m | src/components/chart/ChartSettingsModal.indicators.test.jsx[2m > [22m[2mChartSettingsModal — the ACTIVE list is what the chart draws[2m > [22m[2mlists the MA overlays and the volume pane, and NOT the definitions that are off
[22m[39mAn update to ChartSettingsModal inside a test was not wrapped in act(...).

When testing, code that causes React state updates should be wrapped into act(...):

act(() => {
  /* fire events that update state */
});
/* assert on the output */

This ensures that you're testing the behavior the user would see in the browser. Learn more at https://react.dev/link/wrap-tests-with-act

[90mstderr[2m | src/components/chart/ChartSettingsModal.indicators.test.jsx[2m > [22m[2mChartSettingsModal — the ACTIVE list is what the chart draws[2m > [22m[2m…and every definition IS reachable — through search, which is the add-flow
[22m[39mAn update to ChartSettingsModal inside a test was not wrapped in act(...).

When testing, code that causes React state updates should be wrapped into act(...):

act(() => {
  /* fire events that update state */
});
/* assert on the output */

This ensures that you're testing the behavior the user would see in the browser. Learn more at https://react.dev/link/wrap-tests-with-act

[90mstderr[2m | src/components/chart/ChartSettingsModal.indicators.test.jsx[2m > [22m[2mChartSettingsModal — the ACTIVE list is what the chart draws[2m > [22m[2moffers exactly the controls the DEFINITION declares, by its own labels
[22m[39mAn update to ChartSettingsModal inside a test was not wrapped in act(...).

When testing, code that causes React state updates should be wrapped into act(...):

act(() => {
  /* fire events that update state */
});
/* assert on the output */

This ensures that you're testing the behavior the user would see in the browser. Learn more at https://react.dev/link/wrap-tests-with-act

[90mstderr[2m | src/components/chart/ChartSettingsModal.indicators.test.jsx[2m > [22m[2mChartSettingsModal — the row is a CONTROL DOOR onto a flipped indicator[2m > [22m[2madding VWAP from search writes an INSTANCE, not just the legacy flag
[22m[39mAn update to ChartSettingsModal inside a test was not wrapped in act(...).

When testing, code that causes React state updates should be wrapped into act(...):

act(() => {
  /* fire events that update state */
});
/* assert on the output */

This ensures that you're testing the behavior the user would see in the browser. Learn more at https://react.dev/link/wrap-tests-with-act

[90mstderr[2m | src/components/chart/ChartSettingsModal.indicators.test.jsx[2m > [22m[2mChartSettingsModal — the row is a CONTROL DOOR onto a flipped indicator[2m > [22m[2mREMOVING VWAP tombstones it — the mirror alone comes back on the next paint
[22m[39mAn update to ChartSettingsModal inside a test was not wrapped in act(...).

When testing, code that causes React state updates should be wrapped into act(...):

act(() => {
  /* fire events that update state */
});
/* assert on the output */

This ensures that you're testing the behavior the user would see in the browser. Learn more at https://react.dev/link/wrap-tests-with-act

[90mstderr[2m | src/components/chart/ChartSettingsModal.indicators.test.jsx[2m > [22m[2mChartSettingsModal — the row is a CONTROL DOOR onto a flipped indicator[2m > [22m[2m⛔ THE INSPECTOR IS THE ONLY REMOVE DOOR — a row carries ORDER and nothing else
[22m[39mAn update to ChartSettingsModal inside a test was not wrapped in act(...).

When testing, code that causes React state updates should be wrapped into act(...):

act(() => {
  /* fire events that update state */
});
/* assert on the output */

This ensures that you're testing the behavior the user would see in the browser. Learn more at https://react.dev/link/wrap-tests-with-act

[90mstderr[2m | src/components/chart/ChartSettingsModal.indicators.test.jsx[2m > [22m[2mChartSettingsModal — the row is a CONTROL DOOR onto a flipped indicator[2m > [22m[2m🔴 removing a MOVING AVERAGE tombstones its slot — it never SPLICES
[22m[39mAn update to ChartSettingsModal inside a test was not wrapped in act(...).

When testing, code that causes React state updates should be wrapped into act(...):

act(() => {
  /* fire events that update state */
});
/* assert on the output */

This ensures that you're testing the behavior the user would see in the browser. Learn more at https://react.dev/link/wrap-tests-with-act

[90mstderr[2m | src/components/chart/ChartSettingsModal.indicators.test.jsx[2m > [22m[2mChartSettingsModal — the row is a CONTROL DOOR onto a flipped indicator[2m > [22m[2m…and the tombstoned MA leaves the ACTIVE list but comes back from search
[22m[39mAn update to ChartSettingsModal inside a test was not wrapped in act(...).

When testing, code that causes React state updates should be wrapped into act(...):

act(() => {
  /* fire events that update state */
});
/* assert on the output */

This ensures that you're testing the behavior the user would see in the browser. Learn more at https://react.dev/link/wrap-tests-with-act

[90mstderr[2m | src/components/chart/ChartSettingsModal.indicators.test.jsx[2m > [22m[2mChartSettingsModal — the row is a CONTROL DOOR onto a flipped indicator[2m > [22m[2m🔴 removing VOLUME writes `removed`, never `visible` — two different facts
[22m[39mAn update to ChartSettingsModal inside a test was not wrapped in act(...).

When testing, code that causes React state updates should be wrapped into act(...):

act(() => {
  /* fire events that update state */
});
/* assert on the output */

This ensures that you're testing the behavior the user would see in the browser. Learn more at https://react.dev/link/wrap-tests-with-act

[90mstderr[2m | src/components/chart/ChartSettingsModal.indicators.test.jsx[2m > [22m[2mChartSettingsModal — the row is a CONTROL DOOR onto a flipped indicator[2m > [22m[2m⭐ Volume's BOTH colours are editable — in the Inspector, by their own names
[22m[39mAn update to ChartSettingsModal inside a test was not wrapped in act(...).

When testing, code that causes React state updates should be wrapped into act(...):

act(() => {
  /* fire events that update state */
});
/* assert on the output */

This ensures that you're testing the behavior the user would see in the browser. Learn more at https://react.dev/link/wrap-tests-with-act

[90mstderr[2m | src/components/chart/ChartSettingsModal.indicators.test.jsx[2m > [22m[2mChartSettingsModal — the row is a CONTROL DOOR onto a flipped indicator[2m > [22m[2m⭐⭐ …and the TOGGLE only HIDES it: off is not gone, and the settings survive
[22m[39mAn update to ChartSettingsModal inside a test was not wrapped in act(...).

When testing, code that causes React state updates should be wrapped into act(...):

act(() => {
  /* fire events that update state */
});
/* assert on the output */

This ensures that you're testing the behavior the user would see in the browser. Learn more at https://react.dev/link/wrap-tests-with-act

[90mstderr[2m | src/components/chart/ChartSettingsModal.indicators.test.jsx[2m > [22m[2mChartSettingsModal — the row is a CONTROL DOOR onto a flipped indicator[2m > [22m[2m⭐ the opacity box reaches the STORED INSTANCE, which a raw section write never did
[22m[39mAn update to ChartSettingsModal inside a test was not wrapped in act(...).

When testing, code that causes React state updates should be wrapped into act(...):

act(() => {
  /* fire events that update state */
});
/* assert on the output */

This ensures that you're testing the behavior the user would see in the browser. Learn more at https://react.dev/link/wrap-tests-with-act

[90mstderr[2m | src/components/chart/ChartSettingsModal.indicators.test.jsx[2m > [22m[2mChartSettingsModal — the row is a CONTROL DOOR onto a flipped indicator[2m > [22m[2ma TOMBSTONED VWAP is absent from the list, though the legacy mirror still says on
[22m[39mAn update to ChartSettingsModal inside a test was not wrapped in act(...).

When testing, code that causes React state updates should be wrapped into act(...):

act(() => {
  /* fire events that update state */
});
/* assert on the output */

This ensures that you're testing the behavior the user would see in the browser. Learn more at https://react.dev/link/wrap-tests-with-act

[90mstderr[2m | src/components/chart/ChartSettingsModal.indicators.test.jsx[2m > [22m[2mChartSettingsModal — the ways IN (search · add · author)[2m > [22m[2msearch matches on the SHORT name, not only the long one
[22m[39mAn update to ChartSettingsModal inside a test was not wrapped in act(...).

When testing, code that causes React state updates should be wrapped into act(...):

act(() => {
  /* fire events that update state */
});
/* assert on the output */

This ensures that you're testing the behavior the user would see in the browser. Learn more at https://react.dev/link/wrap-tests-with-act

[90mstderr[2m | src/components/chart/ChartSettingsModal.indicators.test.jsx[2m > [22m[2mChartSettingsModal — the ways IN (search · add · author)[2m > [22m[2man already-active row says so, and still offers a SECOND — duplicates survive
[22m[39mAn update to ChartSettingsModal inside a test was not wrapped in act(...).

When testing, code that causes React state updates should be wrapped into act(...):

act(() => {
  /* fire events that update state */
});
/* assert on the output */

This ensures that you're testing the behavior the user would see in the browser. Learn more at https://react.dev/link/wrap-tests-with-act

[90mstderr[2m | src/components/chart/ChartSettingsModal.indicators.test.jsx[2m > [22m[2mChartSettingsModal — the ways IN (search · add · author)[2m > [22m[2m⛔ New Formula renders ONLY when the host can reach the builder
[22m[39mAn update to ChartSettingsModal inside a test was not wrapped in act(...).

When testing, code that causes React state updates should be wrapped into act(...):

act(() => {
  /* fire events that update state */
});
/* assert on the output */

This ensures that you're testing the behavior the user would see in the browser. Learn more at https://react.dev/link/wrap-tests-with-act

[90mstderr[2m | src/components/chart/ChartSettingsModal.indicators.test.jsx[2m > [22m[2mChartSettingsModal — the ways IN (search · add · author)[2m > [22m[2mthe legend gear deep link opens THAT row, already SELECTED
[22m[39mAn update to ChartSettingsModal inside a test was not wrapped in act(...).

When testing, code that causes React state updates should be wrapped into act(...):

act(() => {
  /* fire events that update state */
});
/* assert on the output */

This ensures that you're testing the behavior the user would see in the browser. Learn more at https://react.dev/link/wrap-tests-with-act

[90mstderr[2m | src/components/chart/ChartSettingsModal.indicators.test.jsx[2m > [22m[2mChartSettingsModal — the ways IN (search · add · author)[2m > [22m[2m⛔ …and WITHOUT the deep link every row starts collapsed
[22m[39mAn update to ChartSettingsModal inside a test was not wrapped in act(...).

When testing, code that causes React state updates should be wrapped into act(...):

act(() => {
  /* fire events that update state */
});
/* assert on the output */

This ensures that you're testing the behavior the user would see in the browser. Learn more at https://react.dev/link/wrap-tests-with-act

[90mstderr[2m | src/components/chart/ChartSettingsModal.indicators.test.jsx[2m > [22m[2mChartSettingsModal — the ways IN (search · add · author)[2m > [22m[2mEscape in discovery goes BACK — it does not close the modal out from under you
[22m[39mAn update to ChartSettingsModal inside a test was not wrapped in act(...).

When testing, code that causes React state updates should be wrapped into act(...):

act(() => {
  /* fire events that update state */
});
/* assert on the output */

This ensures that you're testing the behavior the user would see in the browser. Learn more at https://react.dev/link/wrap-tests-with-act

[90mstderr[2m | src/components/chart/ChartSettingsModal.indicators.test.jsx[2m > [22m[2ma gear deep link opens the row it names — every row, not a sample[2m > [22m[2m⛔ the LEGEND s spelling for a moving average reaches this tab s row
[22m[39mAn update to ChartSettingsModal inside a test was not wrapped in act(...).

When testing, code that causes React state updates should be wrapped into act(...):

act(() => {
  /* fire events that update state */
});
/* assert on the output */

This ensures that you're testing the behavior the user would see in the browser. Learn more at https://react.dev/link/wrap-tests-with-act

[90mstderr[2m | src/components/chart/ChartSettingsModal.indicators.test.jsx[2m > [22m[2ma gear deep link opens the row it names — every row, not a sample[2m > [22m[2m…and EVERY moving average, addressed the way the legend addresses it
[22m[39mAn update to ChartSettingsModal inside a test was not wrapped in act(...).

When testing, code that causes React state updates should be wrapped into act(...):

act(() => {
  /* fire events that update state */
});
/* assert on the output */

This ensures that you're testing the behavior the user would see in the browser. Learn more at https://react.dev/link/wrap-tests-with-act

[90mstderr[2m | src/components/chart/ChartSettingsModal.indicators.test.jsx[2m > [22m[2ma gear deep link opens the row it names — every row, not a sample[2m > [22m[2m⭐ 0 IS A ROW — the falsy-index trap, asserted on its own
[22m[39mAn update to ChartSettingsModal inside a test was not wrapped in act(...).

When testing, code that causes React state updates should be wrapped into act(...):

act(() => {
  /* fire events that update state */
});
/* assert on the output */

This ensures that you're testing the behavior the user would see in the browser. Learn more at https://react.dev/link/wrap-tests-with-act

[90mstderr[2m | src/components/chart/ChartSettingsModal.indicators.test.jsx[2m > [22m[2ma gear deep link opens the row it names — every row, not a sample[2m > [22m[2mvolume and an engine instance pass straight through, unchanged
[22m[39mAn update to ChartSettingsModal inside a test was not wrapped in act(...).

When testing, code that causes React state updates should be wrapped into act(...):

act(() => {
  /* fire events that update state */
});
/* assert on the output */

This ensures that you're testing the behavior the user would see in the browser. Learn more at https://react.dev/link/wrap-tests-with-act

[90mstderr[2m | src/components/chart/ChartSettingsModal.indicators.test.jsx[2m > [22m[2ma gear deep link opens the row it names — every row, not a sample[2m > [22m[2m⭐⭐ TRACK B — `data:<id>` IS THE SAME ADDRESS, and that is the Chart Data seam
[22m[39mAn update to ChartSettingsModal inside a test was not wrapped in act(...).

When testing, code that causes React state updates should be wrapped into act(...):

act(() => {
  /* fire events that update state */
});
/* assert on the output */

This ensures that you're testing the behavior the user would see in the browser. Learn more at https://react.dev/link/wrap-tests-with-act

[90mstderr[2m | src/components/chart/ChartSettingsModal.indicators.test.jsx[2m > [22m[2ma gear deep link opens the row it names — every row, not a sample[2m > [22m[2m⛔ and the control: no `ind:`/`data:` target opens NOTHING
[22m[39mAn update to ChartSettingsModal inside a test was not wrapped in act(...).

When testing, code that causes React state updates should be wrapped into act(...):

act(() => {
  /* fire events that update state */
});
/* assert on the output */

This ensures that you're testing the behavior the user would see in the browser. Learn more at https://react.dev/link/wrap-tests-with-act

[90mstderr[2m | src/components/chart/ChartSettingsModal.indicators.test.jsx[2m > [22m[2ma gear deep link opens the row it names — every row, not a sample[2m > [22m[2m⛔⛔ EVERY id this tab publishes is reachable from a deep link
[22m[39mAn update to ChartSettingsModal inside a test was not wrapped in act(...).

When testing, code that causes React state updates should be wrapped into act(...):

act(() => {
  /* fire events that update state */
});
/* assert on the output */

This ensures that you're testing the behavior the user would see in the browser. Learn more at https://react.dev/link/wrap-tests-with-act

[90mstderr[2m | src/components/chart/engine/__tests__/generatedSettingsRows.test.jsx[2m > [22m[2m…and it reaches the real dialog, not just the row builder[2m > [22m[2mrenders a row per ACTIVE row — derived from listAllIndicators, never a typed list
[22m[39mAn update to ChartSettingsModal inside a test was not wrapped in act(...).

When testing, code that causes React state updates should be wrapped into act(...):

act(() => {
  /* fire events that update state */
});
/* assert on the output */

This ensures that you're testing the behavior the user would see in the browser. Learn more at https://react.dev/link/wrap-tests-with-act

[90mstderr[2m | src/components/chart/engine/__tests__/generatedSettingsRows.test.jsx[2m > [22m[2m…and it reaches the real dialog, not just the row builder[2m > [22m[2m⭐ MACD's two colours have a control now — the gap B3 measured and could not close
[22m[39mAn update to ChartSettingsModal inside a test was not wrapped in act(...).

When testing, code that causes React state updates should be wrapped into act(...):

act(() => {
  /* fire events that update state */
});
/* assert on the output */

This ensures that you're testing the behavior the user would see in the browser. Learn more at https://react.dev/link/wrap-tests-with-act

[90mstderr[2m | src/components/chart/engine/__tests__/generatedSettingsRows.test.jsx[2m > [22m[2m…and it reaches the real dialog, not just the row builder[2m > [22m[2m⭐ ichimoku's three periods render LIVE in the real dialog — nothing is greyed
[22m[39mAn update to ChartSettingsModal inside a test was not wrapped in act(...).

When testing, code that causes React state updates should be wrapped into act(...):

act(() => {
  /* fire events that update state */
});
/* assert on the output */

This ensures that you're testing the behavior the user would see in the browser. Learn more at https://react.dev/link/wrap-tests-with-act

[90mstderr[2m | src/components/chart/engine/__tests__/generatedSettingsRows.test.jsx[2m > [22m[2m…and it reaches the real dialog, not just the row builder[2m > [22m[2m⭐⭐ the COLLAPSED swatch of each RSI row already shows ITS OWN colour
[22m[39mAn update to ChartSettingsModal inside a test was not wrapped in act(...).

When testing, code that causes React state updates should be wrapped into act(...):

act(() => {
  /* fire events that update state */
});
/* assert on the output */

This ensures that you're testing the behavior the user would see in the browser. Learn more at https://react.dev/link/wrap-tests-with-act

[90mstderr[2m | src/components/chart/engine/__tests__/generatedSettingsRows.test.jsx[2m > [22m[2m…and it reaches the real dialog, not just the row builder[2m > [22m[2m⭐ each of TWO RSI rows opens the colour panel on ITS OWN colour
[22m[39mAn update to ChartSettingsModal inside a test was not wrapped in act(...).

When testing, code that causes React state updates should be wrapped into act(...):

act(() => {
  /* fire events that update state */
});
/* assert on the output */

This ensures that you're testing the behavior the user would see in the browser. Learn more at https://react.dev/link/wrap-tests-with-act

[90mstderr[2m | src/components/chart/engine/__tests__/generatedSettingsRows.test.jsx[2m > [22m[2m…and it reaches the real dialog, not just the row builder[2m > [22m[2m⭐ …and editing the SECOND row's colour writes the SECOND instance
[22m[39mAn update to ChartSettingsModal inside a test was not wrapped in act(...).

When testing, code that causes React state updates should be wrapped into act(...):

act(() => {
  /* fire events that update state */
});
/* assert on the output */

This ensures that you're testing the behavior the user would see in the browser. Learn more at https://react.dev/link/wrap-tests-with-act

(node:25108) TimeoutNaNWarning: NaN is not a number.
Timeout duration was set to 1.
(Use `node --trace-warnings ...` to show where the warning was created)
[90mstderr[2m | src/pages/journal-2-0/tabs/NotebookTab.test.jsx[2m > [22m[2mNotebookTab — template picker[2m > [22m[2mempty notebook renders the picker inline with all families
[22m[39mAn update to MemberTemplates inside a test was not wrapped in act(...).

When testing, code that causes React state updates should be wrapped into act(...):

act(() => {
  /* fire events that update state */
});
/* assert on the output */

This ensures that you're testing the behavior the user would see in the browser. Learn more at https://react.dev/link/wrap-tests-with-act
An update to NotebookTab inside a test was not wrapped in act(...).

When testing, code that causes React state updates should be wrapped into act(...):

act(() => {
  /* fire events that update state */
});
/* assert on the output */

This ensures that you're testing the behavior the user would see in the browser. Learn more at https://react.dev/link/wrap-tests-with-act
An update to NotebookTab inside a test was not wrapped in act(...).

When testing, code that causes React state updates should be wrapped into act(...):

act(() => {
  /* fire events that update state */
});
/* assert on the output */

This ensures that you're testing the behavior the user would see in the browser. Learn more at https://react.dev/link/wrap-tests-with-act
An update to NotebookTab inside a test was not wrapped in act(...).

When testing, code that causes React state updates should be wrapped into act(...):

act(() => {
  /* fire events that update state */
});
/* assert on the output */

This ensures that you're testing the behavior the user would see in the browser. Learn more at https://react.dev/link/wrap-tests-with-act
An update to NotebookTab inside a test was not wrapped in act(...).

When testing, code that causes React state updates should be wrapped into act(...):

act(() => {
  /* fire events that update state */
});
/* assert on the output */

This ensures that you're testing the behavior the user would see in the browser. Learn more at https://react.dev/link/wrap-tests-with-act
An update to NotebookTab inside a test was not wrapped in act(...).

When testing, code that causes React state updates should be wrapped into act(...):

act(() => {
  /* fire events that update state */
});
/* assert on the output */

This ensures that you're testing the behavior the user would see in the browser. Learn more at https://react.dev/link/wrap-tests-with-act
An update to MemberTemplates inside a test was not wrapped in act(...).

When testing, code that causes React state updates should be wrapped into act(...):

act(() => {
  /* fire events that update state */
});
/* assert on the output */

This ensures that you're testing the behavior the user would see in the browser. Learn more at https://react.dev/link/wrap-tests-with-act

[90mstderr[2m | src/pages/journal-2-0/tabs/NotebookTab.test.jsx[2m > [22m[2mNotebookTab — template picker[2m > [22m[2mthe Templates button opens the sheet picker (second picker instance)
[22m[39mAn update to MemberTemplates inside a test was not wrapped in act(...).

When testing, code that causes React state updates should be wrapped into act(...):

act(() => {
  /* fire events that update state */
});
/* assert on the output */

This ensures that you're testing the behavior the user would see in the browser. Learn more at https://react.dev/link/wrap-tests-with-act
An update to NotebookTab inside a test was not wrapped in act(...).

When testing, code that causes React state updates should be wrapped into act(...):

act(() => {
  /* fire events that update state */
});
/* assert on the output */

This ensures that you're testing the behavior the user would see in the browser. Learn more at https://react.dev/link/wrap-tests-with-act
An update to NotebookTab inside a test was not wrapped in act(...).

When testing, code that causes React state updates should be wrapped into act(...):

act(() => {
  /* fire events that update state */
});
/* assert on the output */

This ensures that you're testing the behavior the user would see in the browser. Learn more at https://react.dev/link/wrap-tests-with-act
An update to MemberTemplates inside a test was not wrapped in act(...).

When testing, code that causes React state updates should be wrapped into act(...):

act(() => {
  /* fire events that update state */
});
/* assert on the output */

This ensures that you're testing the behavior the user would see in the browser. Learn more at https://react.dev/link/wrap-tests-with-act
An update to NotebookTab inside a test was not wrapped in act(...).

When testing, code that causes React state updates should be wrapped into act(...):

act(() => {
  /* fire events that update state */
});
/* assert on the output */

This ensures that you're testing the behavior the user would see in the browser. Learn more at https://react.dev/link/wrap-tests-with-act
An update to NotebookTab inside a test was not wrapped in act(...).

When testing, code that causes React state updates should be wrapped into act(...):

act(() => {
  /* fire events that update state */
});
/* assert on the output */

This ensures that you're testing the behavior the user would see in the browser. Learn more at https://react.dev/link/wrap-tests-with-act
An update to NotebookTab inside a test was not wrapped in act(...).

When testing, code that causes React state updates should be wrapped into act(...):

act(() => {
  /* fire events that update state */
});
/* assert on the output */

This ensures that you're testing the behavior the user would see in the browser. Learn more at https://react.dev/link/wrap-tests-with-act
An update to MemberTemplates inside a test was not wrapped in act(...).

When testing, code that causes React state updates should be wrapped into act(...):

act(() => {
  /* fire events that update state */
});
/* assert on the output */

This ensures that you're testing the behavior the user would see in the browser. Learn more at https://react.dev/link/wrap-tests-with-act
An update to MemberTemplates inside a test was not wrapped in act(...).

When testing, code that causes React state updates should be wrapped into act(...):

act(() => {
  /* fire events that update state */
});
/* assert on the output */

This ensures that you're testing the behavior the user would see in the browser. Learn more at https://react.dev/link/wrap-tests-with-act

[90mstderr[2m | src/pages/journal-2-0/tabs/NotebookTab.test.jsx[2m > [22m[2mNotebookTab — template picker[2m > [22m[2man unknown ?new= key strips quietly without creating anything
[22m[39mAn update to NotebookTab inside a test was not wrapped in act(...).

When testing, code that causes React state updates should be wrapped into act(...):

act(() => {
  /* fire events that update state */
});
/* assert on the output */

This ensures that you're testing the behavior the user would see in the browser. Learn more at https://react.dev/link/wrap-tests-with-act
An update to NotebookTab inside a test was not wrapped in act(...).

When testing, code that causes React state updates should be wrapped into act(...):

act(() => {
  /* fire events that update state */
});
/* assert on the output */

This ensures that you're testing the behavior the user would see in the browser. Learn more at https://react.dev/link/wrap-tests-with-act
An update to NotebookTab inside a test was not wrapped in act(...).

When testing, code that causes React state updates should be wrapped into act(...):

act(() => {
  /* fire events that update state */
});
/* assert on the output */

This ensures that you're testing the behavior the user would see in the browser. Learn more at https://react.dev/link/wrap-tests-with-act
An update to NotebookTab inside a test was not wrapped in act(...).

When testing, code that causes React state updates should be wrapped into act(...):

act(() => {
  /* fire events that update state */
});
/* assert on the output */

This ensures that you're testing the behavior the user would see in the browser. Learn more at https://react.dev/link/wrap-tests-with-act
An update to NotebookTab inside a test was not wrapped in act(...).

When testing, code that causes React state updates should be wrapped into act(...):

act(() => {
  /* fire events that update state */
});
/* assert on the output */

This ensures that you're testing the behavior the user would see in the browser. Learn more at https://react.dev/link/wrap-tests-with-act

[90mstderr[2m | src/pages/journal-2-0/tabs/NotebookTab.test.jsx[2m > [22m[2mNotebookTab — Wave H Research Home vs. All Notes grid[2m > [22m[2mbare-root (no note/folder/tag/view) renders Research Home, not the grid
[22m[39mAn update to NotebookTab inside a test was not wrapped in act(...).

When testing, code that causes React state updates should be wrapped into act(...):

act(() => {
  /* fire events that update state */
});
/* assert on the output */

This ensures that you're testing the behavior the user would see in the browser. Learn more at https://react.dev/link/wrap-tests-with-act
An update to NotebookTab inside a test was not wrapped in act(...).

When testing, code that causes React state updates should be wrapped into act(...):

act(() => {
  /* fire events that update state */
});
/* assert on the output */

This ensures that you're testing the behavior the user would see in the browser. Learn more at https://react.dev/link/wrap-tests-with-act
An update to NotebookTab inside a test was not wrapped in act(...).

When testing, code that causes React state updates should be wrapped into act(...):

act(() => {
  /* fire events that update state */
});
/* assert on the output */

This ensures that you're testing the behavior the user would see in the browser. Learn more at https://react.dev/link/wrap-tests-with-act
An update to NotebookTab inside a test was not wrapped in act(...).

When testing, code that causes React state updates should be wrapped into act(...):

act(() => {
  /* fire events that update state */
});
/* assert on the output */

This ensures that you're testing the behavior the user would see in the browser. Learn more at https://react.dev/link/wrap-tests-with-act
An update to NotebookTab inside a test was not wrapped in act(...).

When testing, code that causes React state updates should be wrapped into act(...):

act(() => {
  /* fire events that update state */
});
/* assert on the output */

This ensures that you're testing the behavior the user would see in the browser. Learn more at https://react.dev/link/wrap-tests-with-act

[90mstderr[2m | src/pages/journal-2-0/tabs/NotebookTab.test.jsx[2m > [22m[2mNotebookTab — Wave H Research Home vs. All Notes grid[2m > [22m[2m?view=all renders the All Notes grid/picker, not Research Home
[22m[39mAn update to MemberTemplates inside a test was not wrapped in act(...).

When testing, code that causes React state updates should be wrapped into act(...):

act(() => {
  /* fire events that update state */
});
/* assert on the output */

This ensures that you're testing the behavior the user would see in the browser. Learn more at https://react.dev/link/wrap-tests-with-act
An update to NotebookTab inside a test was not wrapped in act(...).

When testing, code that causes React state updates should be wrapped into act(...):

act(() => {
  /* fire events that update state */
});
/* assert on the output */

This ensures that you're testing the behavior the user would see in the browser. Learn more at https://react.dev/link/wrap-tests-with-act
An update to NotebookTab inside a test was not wrapped in act(...).

When testing, code that causes React state updates should be wrapped into act(...):

act(() => {
  /* fire events that update state */
});
/* assert on the output */

This ensures that you're testing the behavior the user would see in the browser. Learn more at https://react.dev/link/wrap-tests-with-act
An update to NotebookTab inside a test was not wrapped in act(...).

When testing, code that causes React state updates should be wrapped into act(...):

act(() => {
  /* fire events that update state */
});
/* assert on the output */

This ensures that you're testing the behavior the user would see in the browser. Learn more at https://react.dev/link/wrap-tests-with-act
An update to NotebookTab inside a test was not wrapped in act(...).

When testing, code that causes React state updates should be wrapped into act(...):

act(() => {
  /* fire events that update state */
});
/* assert on the output */

This ensures that you're testing the behavior the user would see in the browser. Learn more at https://react.dev/link/wrap-tests-with-act
An update to NotebookTab inside a test was not wrapped in act(...).

When testing, code that causes React state updates should be wrapped into act(...):

act(() => {
  /* fire events that update state */
});
/* assert on the output */

This ensures that you're testing the behavior the user would see in the browser. Learn more at https://react.dev/link/wrap-tests-with-act
An update to MemberTemplates inside a test was not wrapped in act(...).

When testing, code that causes React state updates should be wrapped into act(...):

act(() => {
  /* fire events that update state */
});
/* assert on the output */

This ensures that you're testing the behavior the user would see in the browser. Learn more at https://react.dev/link/wrap-tests-with-act

[90mstderr[2m | src/pages/journal-2-0/tabs/NotebookTab.test.jsx[2m > [22m[2mNotebookTab — Wave H Research Home vs. All Notes grid[2m > [22m[2mopening a note leaves Research Home for the editor, even from bare-root
[22m[39mAn update to NotebookTab inside a test was not wrapped in act(...).

When testing, code that causes React state updates should be wrapped into act(...):

act(() => {
  /* fire events that update state */
});
/* assert on the output */

This ensures that you're testing the behavior the user would see in the browser. Learn more at https://react.dev/link/wrap-tests-with-act
An update to NotebookTab inside a test was not wrapped in act(...).

When testing, code that causes React state updates should be wrapped into act(...):

act(() => {
  /* fire events that update state */
});
/* assert on the output */

This ensures that you're testing the behavior the user would see in the browser. Learn more at https://react.dev/link/wrap-tests-with-act
An update to NotebookTab inside a test was not wrapped in act(...).

When testing, code that causes React state updates should be wrapped into act(...):

act(() => {
  /* fire events that update state */
});
/* assert on the output */

This ensures that you're testing the behavior the user would see in the browser. Learn more at https://react.dev/link/wrap-tests-with-act
An update to NotebookTab inside a test was not wrapped in act(...).

When testing, code that causes React state updates should be wrapped into act(...):

act(() => {
  /* fire events that update state */
});
/* assert on the output */

This ensures that you're testing the behavior the user would see in the browser. Learn more at https://react.dev/link/wrap-tests-with-act
An update to NotebookTab inside a test was not wrapped in act(...).

When testing, code that causes React state updates should be wrapped into act(...):

act(() => {
  /* fire events that update state */
});
/* assert on the output */

This ensures that you're testing the behavior the user would see in the browser. Learn more at https://react.dev/link/wrap-tests-with-act

[90mstderr[2m | src/pages/journal-2-0/tabs/NotebookTab.test.jsx[2m > [22m[2mNotebookTab — Wave H Research Home vs. All Notes grid[2m > [22m[2ma real folder/tag filter leaves Research Home for the grid
[22m[39mAn update to NotebookTab inside a test was not wrapped in act(...).

When testing, code that causes React state updates should be wrapped into act(...):

act(() => {
  /* fire events that update state */
});
/* assert on the output */

This ensures that you're testing the behavior the user would see in the browser. Learn more at https://react.dev/link/wrap-tests-with-act
An update to NotebookTab inside a test was not wrapped in act(...).

When testing, code that causes React state updates should be wrapped into act(...):

act(() => {
  /* fire events that update state */
});
/* assert on the output */

This ensures that you're testing the behavior the user would see in the browser. Learn more at https://react.dev/link/wrap-tests-with-act
An update to NotebookTab inside a test was not wrapped in act(...).

When testing, code that causes React state updates should be wrapped into act(...):

act(() => {
  /* fire events that update state */
});
/* assert on the output */

This ensures that you're testing the behavior the user would see in the browser. Learn more at https://react.dev/link/wrap-tests-with-act
An update to NotebookTab inside a test was not wrapped in act(...).

When testing, code that causes React state updates should be wrapped into act(...):

act(() => {
  /* fire events that update state */
});
/* assert on the output */

This ensures that you're testing the behavior the user would see in the browser. Learn more at https://react.dev/link/wrap-tests-with-act
An update to MemberTemplates inside a test was not wrapped in act(...).

When testing, code that causes React state updates should be wrapped into act(...):

act(() => {
  /* fire events that update state */
});
/* assert on the output */

This ensures that you're testing the behavior the user would see in the browser. Learn more at https://react.dev/link/wrap-tests-with-act
An update to NotebookTab inside a test was not wrapped in act(...).

When testing, code that causes React state updates should be wrapped into act(...):

act(() => {
  /* fire events that update state */
});
/* assert on the output */

This ensures that you're testing the behavior the user would see in the browser. Learn more at https://react.dev/link/wrap-tests-with-act

[90mstderr[2m | src/pages/journal-2-0/tabs/NotebookTab.test.jsx[2m > [22m[2mNotebookTab — Wave H Research Home vs. All Notes grid[2m > [22m[2ma real folder/tag filter leaves Research Home for the grid
[22m[39mAn update to MemberTemplates inside a test was not wrapped in act(...).

When testing, code that causes React state updates should be wrapped into act(...):

act(() => {
  /* fire events that update state */
});
/* assert on the output */

This ensures that you're testing the behavior the user would see in the browser. Learn more at https://react.dev/link/wrap-tests-with-act

[90mstderr[2m | src/pages/journal-2-0/tabs/NotebookTab.test.jsx[2m > [22m[2mNotebookTab — Wave H Research Home vs. All Notes grid[2m > [22m[2mthe trash view is never mistaken for Research Home
[22m[39mAn update to NotebookTab inside a test was not wrapped in act(...).

When testing, code that causes React state updates should be wrapped into act(...):

act(() => {
  /* fire events that update state */
});
/* assert on the output */

This ensures that you're testing the behavior the user would see in the browser. Learn more at https://react.dev/link/wrap-tests-with-act
An update to NotebookTab inside a test was not wrapped in act(...).

When testing, code that causes React state updates should be wrapped into act(...):

act(() => {
  /* fire events that update state */
});
/* assert on the output */

This ensures that you're testing the behavior the user would see in the browser. Learn more at https://react.dev/link/wrap-tests-with-act
An update to NotebookTab inside a test was not wrapped in act(...).

When testing, code that causes React state updates should be wrapped into act(...):

act(() => {
  /* fire events that update state */
});
/* assert on the output */

This ensures that you're testing the behavior the user would see in the browser. Learn more at https://react.dev/link/wrap-tests-with-act
An update to NotebookTab inside a test was not wrapped in act(...).

When testing, code that causes React state updates should be wrapped into act(...):

act(() => {
  /* fire events that update state */
});
/* assert on the output */

This ensures that you're testing the behavior the user would see in the browser. Learn more at https://react.dev/link/wrap-tests-with-act
An update to NotebookTab inside a test was not wrapped in act(...).

When testing, code that causes React state updates should be wrapped into act(...):

act(() => {
  /* fire events that update state */
});
/* assert on the output */

This ensures that you're testing the behavior the user would see in the browser. Learn more at https://react.dev/link/wrap-tests-with-act

[90mstderr[2m | src/pages/journal-2-0/tabs/NotebookTab.test.jsx[2m > [22m[2mNotebookTab — import[2m > [22m[2mempty state pitches the import path
[22m[39mAn update to MemberTemplates inside a test was not wrapped in act(...).

When testing, code that causes React state updates should be wrapped into act(...):

act(() => {
  /* fire events that update state */
});
/* assert on the output */

This ensures that you're testing the behavior the user would see in the browser. Learn more at https://react.dev/link/wrap-tests-with-act
An update to NotebookTab inside a test was not wrapped in act(...).

When testing, code that causes React state updates should be wrapped into act(...):

act(() => {
  /* fire events that update state */
});
/* assert on the output */

This ensures that you're testing the behavior the user would see in the browser. Learn more at https://react.dev/link/wrap-tests-with-act
An update to NotebookTab inside a test was not wrapped in act(...).

When testing, code that causes React state updates should be wrapped into act(...):

act(() => {
  /* fire events that update state */
});
/* assert on the output */

This ensures that you're testing the behavior the user would see in the browser. Learn more at https://react.dev/link/wrap-tests-with-act
An update to NotebookTab inside a test was not wrapped in act(...).

When testing, code that causes React state updates should be wrapped into act(...):

act(() => {
  /* fire events that update state */
});
/* assert on the output */

This ensures that you're testing the behavior the user would see in the browser. Learn more at https://react.dev/link/wrap-tests-with-act
An update to NotebookTab inside a test was not wrapped in act(...).

When testing, code that causes React state updates should be wrapped into act(...):

act(() => {
  /* fire events that update state */
});
/* assert on the output */

This ensures that you're testing the behavior the user would see in the browser. Learn more at https://react.dev/link/wrap-tests-with-act
An update to NotebookTab inside a test was not wrapped in act(...).

When testing, code that causes React state updates should be wrapped into act(...):

act(() => {
  /* fire events that update state */
});
/* assert on the output */

This ensures that you're testing the behavior the user would see in the browser. Learn more at https://react.dev/link/wrap-tests-with-act
An update to MemberTemplates inside a test was not wrapped in act(...).

When testing, code that causes React state updates should be wrapped into act(...):

act(() => {
  /* fire events that update state */
});
/* assert on the output */

This ensures that you're testing the behavior the user would see in the browser. Learn more at https://react.dev/link/wrap-tests-with-act

[90mstderr[2m | src/pages/journal-2-0/tabs/NotebookTab.test.jsx[2m > [22m[2mNotebookTab — initial grid loading (G-106)[2m > [22m[2mshows a Skeleton loading state, not bare text, before the first page lands
[22m[39mAn update to NotebookTab inside a test was not wrapped in act(...).

When testing, code that causes React state updates should be wrapped into act(...):

act(() => {
  /* fire events that update state */
});
/* assert on the output */

This ensures that you're testing the behavior the user would see in the browser. Learn more at https://react.dev/link/wrap-tests-with-act
An update to NotebookTab inside a test was not wrapped in act(...).

When testing, code that causes React state updates should be wrapped into act(...):

act(() => {
  /* fire events that update state */
});
/* assert on the output */

This ensures that you're testing the behavior the user would see in the browser. Learn more at https://react.dev/link/wrap-tests-with-act
An update to NotebookTab inside a test was not wrapped in act(...).

When testing, code that causes React state updates should be wrapped into act(...):

act(() => {
  /* fire events that update state */
});
/* assert on the output */

This ensures that you're testing the behavior the user would see in the browser. Learn more at https://react.dev/link/wrap-tests-with-act
An update to NotebookTab inside a test was not wrapped in act(...).

When testing, code that causes React state updates should be wrapped into act(...):

act(() => {
  /* fire events that update state */
});
/* assert on the output */

This ensures that you're testing the behavior the user would see in the browser. Learn more at https://react.dev/link/wrap-tests-with-act
An update to NotebookTab inside a test was not wrapped in act(...).

When testing, code that causes React state updates should be wrapped into act(...):

act(() => {
  /* fire events that update state */
});
/* assert on the output */

This ensures that you're testing the behavior the user would see in the browser. Learn more at https://react.dev/link/wrap-tests-with-act

[90mstderr[2m | src/pages/journal-2-0/tabs/NotebookTab.test.jsx[2m > [22m[2mNotebookTab — initial grid loading (G-106)[2m > [22m[2mthe loading skeleton disappears once notes land
[22m[39mAn update to NotebookTab inside a test was not wrapped in act(...).

When testing, code that causes React state updates should be wrapped into act(...):

act(() => {
  /* fire events that update state */
});
/* assert on the output */

This ensures that you're testing the behavior the user would see in the browser. Learn more at https://react.dev/link/wrap-tests-with-act
An update to NotebookTab inside a test was not wrapped in act(...).

When testing, code that causes React state updates should be wrapped into act(...):

act(() => {
  /* fire events that update state */
});
/* assert on the output */

This ensures that you're testing the behavior the user would see in the browser. Learn more at https://react.dev/link/wrap-tests-with-act
An update to NotebookTab inside a test was not wrapped in act(...).

When testing, code that causes React state updates should be wrapped into act(...):

act(() => {
  /* fire events that update state */
});
/* assert on the output */

This ensures that you're testing the behavior the user would see in the browser. Learn more at https://react.dev/link/wrap-tests-with-act
An update to NotebookTab inside a test was not wrapped in act(...).

When testing, code that causes React state updates should be wrapped into act(...):

act(() => {
  /* fire events that update state */
});
/* assert on the output */

This ensures that you're testing the behavior the user would see in the browser. Learn more at https://react.dev/link/wrap-tests-with-act
An update to NotebookTab inside a test was not wrapped in act(...).

When testing, code that causes React state updates should be wrapped into act(...):

act(() => {
  /* fire events that update state */
});
/* assert on the output */

This ensures that you're testing the behavior the user would see in the browser. Learn more at https://react.dev/link/wrap-tests-with-act

[90mstderr[2m | src/pages/journal-2-0/tabs/NotebookTab.test.jsx[2m > [22m[2mNotebookTab — initial grid loading (G-106)[2m > [22m[2ma genuinely empty (loaded) notebook shows the empty state, never the skeleton
[22m[39mAn update to MemberTemplates inside a test was not wrapped in act(...).

When testing, code that causes React state updates should be wrapped into act(...):

act(() => {
  /* fire events that update state */
});
/* assert on the output */

This ensures that you're testing the behavior the user would see in the browser. Learn more at https://react.dev/link/wrap-tests-with-act
An update to NotebookTab inside a test was not wrapped in act(...).

When testing, code that causes React state updates should be wrapped into act(...):

act(() => {
  /* fire events that update state */
});
/* assert on the output */

This ensures that you're testing the behavior the user would see in the browser. Learn more at https://react.dev/link/wrap-tests-with-act
An update to NotebookTab inside a test was not wrapped in act(...).

When testing, code that causes React state updates should be wrapped into act(...):

act(() => {
  /* fire events that update state */
});
/* assert on the output */

This ensures that you're testing the behavior the user would see in the browser. Learn more at https://react.dev/link/wrap-tests-with-act
An update to NotebookTab inside a test was not wrapped in act(...).

When testing, code that causes React state updates should be wrapped into act(...):

act(() => {
  /* fire events that update state */
});
/* assert on the output */

This ensures that you're testing the behavior the user would see in the browser. Learn more at https://react.dev/link/wrap-tests-with-act
An update to NotebookTab inside a test was not wrapped in act(...).

When testing, code that causes React state updates should be wrapped into act(...):

act(() => {
  /* fire events that update state */
});
/* assert on the output */

This ensures that you're testing the behavior the user would see in the browser. Learn more at https://react.dev/link/wrap-tests-with-act
An update to NotebookTab inside a test was not wrapped in act(...).

When testing, code that causes React state updates should be wrapped into act(...):

act(() => {
  /* fire events that update state */
});
/* assert on the output */

This ensures that you're testing the behavior the user would see in the browser. Learn more at https://react.dev/link/wrap-tests-with-act
An update to MemberTemplates inside a test was not wrapped in act(...).

When testing, code that causes React state updates should be wrapped into act(...):

act(() => {
  /* fire events that update state */
});
/* assert on the output */

This ensures that you're testing the behavior the user would see in the browser. Learn more at https://react.dev/link/wrap-tests-with-act

[90mstderr[2m | src/pages/journal-2-0/tabs/NotebookTab.test.jsx[2m > [22m[2mNotebookTab — pagination (Task 11: the browse path must survive a migrated library)[2m > [22m[2mshows how many of how many notes are loaded — the honest count, not a silent 100-row wall
[22m[39mAn update to NotebookTab inside a test was not wrapped in act(...).

When testing, code that causes React state updates should be wrapped into act(...):

act(() => {
  /* fire events that update state */
});
/* assert on the output */

This ensures that you're testing the behavior the user would see in the browser. Learn more at https://react.dev/link/wrap-tests-with-act
An update to NotebookTab inside a test was not wrapped in act(...).

When testing, code that causes React state updates should be wrapped into act(...):

act(() => {
  /* fire events that update state */
});
/* assert on the output */

This ensures that you're testing the behavior the user would see in the browser. Learn more at https://react.dev/link/wrap-tests-with-act
An update to NotebookTab inside a test was not wrapped in act(...).

When testing, code that causes React state updates should be wrapped into act(...):

act(() => {
  /* fire events that update state */
});
/* assert on the output */

This ensures that you're testing the behavior the user would see in the browser. Learn more at https://react.dev/link/wrap-tests-with-act
An update to NotebookTab inside a test was not wrapped in act(...).

When testing, code that causes React state updates should be wrapped into act(...):

act(() => {
  /* fire events that update state */
});
/* assert on the output */

This ensures that you're testing the behavior the user would see in the browser. Learn more at https://react.dev/link/wrap-tests-with-act
An update to NotebookTab inside a test was not wrapped in act(...).

When testing, code that causes React state updates should be wrapped into act(...):

act(() => {
  /* fire events that update state */
});
/* assert on the output */

This ensures that you're testing the behavior the user would see in the browser. Learn more at https://react.dev/link/wrap-tests-with-act

[90mstderr[2m | src/pages/journal-2-0/tabs/NotebookTab.test.jsx[2m > [22m[2mNotebookTab — pagination (Task 11: the browse path must survive a migrated library)[2m > [22m[2mrenders "Load more" only while more of the total remains unloaded
[22m[39mAn update to NotebookTab inside a test was not wrapped in act(...).

When testing, code that causes React state updates should be wrapped into act(...):

act(() => {
  /* fire events that update state */
});
/* assert on the output */

This ensures that you're testing the behavior the user would see in the browser. Learn more at https://react.dev/link/wrap-tests-with-act
An update to NotebookTab inside a test was not wrapped in act(...).

When testing, code that causes React state updates should be wrapped into act(...):

act(() => {
  /* fire events that update state */
});
/* assert on the output */

This ensures that you're testing the behavior the user would see in the browser. Learn more at https://react.dev/link/wrap-tests-with-act
An update to NotebookTab inside a test was not wrapped in act(...).

When testing, code that causes React state updates should be wrapped into act(...):

act(() => {
  /* fire events that update state */
});
/* assert on the output */

This ensures that you're testing the behavior the user would see in the browser. Learn more at https://react.dev/link/wrap-tests-with-act
An update to NotebookTab inside a test was not wrapped in act(...).

When testing, code that causes React state updates should be wrapped into act(...):

act(() => {
  /* fire events that update state */
});
/* assert on the output */

This ensures that you're testing the behavior the user would see in the browser. Learn more at https://react.dev/link/wrap-tests-with-act
An update to NotebookTab inside a test was not wrapped in act(...).

When testing, code that causes React state updates should be wrapped into act(...):

act(() => {
  /* fire events that update state */
});
/* assert on the output */

This ensures that you're testing the behavior the user would see in the browser. Learn more at https://react.dev/link/wrap-tests-with-act

[90mstderr[2m | src/pages/journal-2-0/tabs/NotebookTab.test.jsx[2m > [22m[2mNotebookTab — pagination (Task 11: the browse path must survive a migrated library)[2m > [22m[2mclicking "Load more" calls the hook's loadMore — fetching the next page is delegated, not reimplemented here
[22m[39mAn update to NotebookTab inside a test was not wrapped in act(...).

When testing, code that causes React state updates should be wrapped into act(...):

act(() => {
  /* fire events that update state */
});
/* assert on the output */

This ensures that you're testing the behavior the user would see in the browser. Learn more at https://react.dev/link/wrap-tests-with-act
An update to NotebookTab inside a test was not wrapped in act(...).

When testing, code that causes React state updates should be wrapped into act(...):

act(() => {
  /* fire events that update state */
});
/* assert on the output */

This ensures that you're testing the behavior the user would see in the browser. Learn more at https://react.dev/link/wrap-tests-with-act
An update to NotebookTab inside a test was not wrapped in act(...).

When testing, code that causes React state updates should be wrapped into act(...):

act(() => {
  /* fire events that update state */
});
/* assert on the output */

This ensures that you're testing the behavior the user would see in the browser. Learn more at https://react.dev/link/wrap-tests-with-act
An update to NotebookTab inside a test was not wrapped in act(...).

When testing, code that causes React state updates should be wrapped into act(...):

act(() => {
  /* fire events that update state */
});
/* assert on the output */

This ensures that you're testing the behavior the user would see in the browser. Learn more at https://react.dev/link/wrap-tests-with-act
An update to NotebookTab inside a test was not wrapped in act(...).

When testing, code that causes React state updates should be wrapped into act(...):

act(() => {
  /* fire events that update state */
});
/* assert on the output */

This ensures that you're testing the behavior the user would see in the browser. Learn more at https://react.dev/link/wrap-tests-with-act

[90mstderr[2m | src/pages/journal-2-0/tabs/NotebookTab.test.jsx[2m > [22m[2mNotebookTab — pagination (Task 11: the browse path must survive a migrated library)[2m > [22m[2mdisables the control and says so while a page is in flight
[22m[39mAn update to NotebookTab inside a test was not wrapped in act(...).

When testing, code that causes React state updates should be wrapped into act(...):

act(() => {
  /* fire events that update state */
});
/* assert on the output */

This ensures that you're testing the behavior the user would see in the browser. Learn more at https://react.dev/link/wrap-tests-with-act
An update to NotebookTab inside a test was not wrapped in act(...).

When testing, code that causes React state updates should be wrapped into act(...):

act(() => {
  /* fire events that update state */
});
/* assert on the output */

This ensures that you're testing the behavior the user would see in the browser. Learn more at https://react.dev/link/wrap-tests-with-act
An update to NotebookTab inside a test was not wrapped in act(...).

When testing, code that causes React state updates should be wrapped into act(...):

act(() => {
  /* fire events that update state */
});
/* assert on the output */

This ensures that you're testing the behavior the user would see in the browser. Learn more at https://react.dev/link/wrap-tests-with-act
An update to NotebookTab inside a test was not wrapped in act(...).

When testing, code that causes React state updates should be wrapped into act(...):

act(() => {
  /* fire events that update state */
});
/* assert on the output */

This ensures that you're testing the behavior the user would see in the browser. Learn more at https://react.dev/link/wrap-tests-with-act
An update to NotebookTab inside a test was not wrapped in act(...).

When testing, code that causes React state updates should be wrapped into act(...):

act(() => {
  /* fire events that update state */
});
/* assert on the output */

This ensures that you're testing the behavior the user would see in the browser. Learn more at https://react.dev/link/wrap-tests-with-act

[90mstderr[2m | src/pages/journal-2-0/tabs/NotebookTab.test.jsx[2m > [22m[2mNotebookTab — notes-load error sanitization (P1-1 fix)[2m > [22m[2mnever shows the raw fetch error (bare HTTP status)
[22m[39mAn update to MemberTemplates inside a test was not wrapped in act(...).

When testing, code that causes React state updates should be wrapped into act(...):

act(() => {
  /* fire events that update state */
});
/* assert on the output */

This ensures that you're testing the behavior the user would see in the browser. Learn more at https://react.dev/link/wrap-tests-with-act
An update to NotebookTab inside a test was not wrapped in act(...).

When testing, code that causes React state updates should be wrapped into act(...):

act(() => {
  /* fire events that update state */
});
/* assert on the output */

This ensures that you're testing the behavior the user would see in the browser. Learn more at https://react.dev/link/wrap-tests-with-act
An update to NotebookTab inside a test was not wrapped in act(...).

When testing, code that causes React state updates should be wrapped into act(...):

act(() => {
  /* fire events that update state */
});
/* assert on the output */

This ensures that you're testing the behavior the user would see in the browser. Learn more at https://react.dev/link/wrap-tests-with-act
An update to NotebookTab inside a test was not wrapped in act(...).

When testing, code that causes React state updates should be wrapped into act(...):

act(() => {
  /* fire events that update state */
});
/* assert on the output */

This ensures that you're testing the behavior the user would see in the browser. Learn more at https://react.dev/link/wrap-tests-with-act
An update to NotebookTab inside a test was not wrapped in act(...).

When testing, code that causes React state updates should be wrapped into act(...):

act(() => {
  /* fire events that update state */
});
/* assert on the output */

This ensures that you're testing the behavior the user would see in the browser. Learn more at https://react.dev/link/wrap-tests-with-act
An update to NotebookTab inside a test was not wrapped in act(...).

When testing, code that causes React state updates should be wrapped into act(...):

act(() => {
  /* fire events that update state */
});
/* assert on the output */

This ensures that you're testing the behavior the user would see in the browser. Learn more at https://react.dev/link/wrap-tests-with-act
An update to MemberTemplates inside a test was not wrapped in act(...).

When testing, code that causes React state updates should be wrapped into act(...):

act(() => {
  /* fire events that update state */
});
/* assert on the output */

This ensures that you're testing the behavior the user would see in the browser. Learn more at https://react.dev/link/wrap-tests-with-act

[90mstderr[2m | src/pages/journal-2-0/tabs/NotebookTab.test.jsx[2m > [22m[2mNotebookTab — notes-load error sanitization (P1-1 fix)[2m > [22m[2moffers a retry wired to the hook's own refresh -- not reimplemented
[22m[39mAn update to MemberTemplates inside a test was not wrapped in act(...).

When testing, code that causes React state updates should be wrapped into act(...):

act(() => {
  /* fire events that update state */
});
/* assert on the output */

This ensures that you're testing the behavior the user would see in the browser. Learn more at https://react.dev/link/wrap-tests-with-act
An update to NotebookTab inside a test was not wrapped in act(...).

When testing, code that causes React state updates should be wrapped into act(...):

act(() => {
  /* fire events that update state */
});
/* assert on the output */

This ensures that you're testing the behavior the user would see in the browser. Learn more at https://react.dev/link/wrap-tests-with-act
An update to NotebookTab inside a test was not wrapped in act(...).

When testing, code that causes React state updates should be wrapped into act(...):

act(() => {
  /* fire events that update state */
});
/* assert on the output */

This ensures that you're testing the behavior the user would see in the browser. Learn more at https://react.dev/link/wrap-tests-with-act
An update to NotebookTab inside a test was not wrapped in act(...).

When testing, code that causes React state updates should be wrapped into act(...):

act(() => {
  /* fire events that update state */
});
/* assert on the output */

This ensures that you're testing the behavior the user would see in the browser. Learn more at https://react.dev/link/wrap-tests-with-act
An update to NotebookTab inside a test was not wrapped in act(...).

When testing, code that causes React state updates should be wrapped into act(...):

act(() => {
  /* fire events that update state */
});
/* assert on the output */

This ensures that you're testing the behavior the user would see in the browser. Learn more at https://react.dev/link/wrap-tests-with-act
An update to NotebookTab inside a test was not wrapped in act(...).

When testing, code that causes React state updates should be wrapped into act(...):

act(() => {
  /* fire events that update state */
});
/* assert on the output */

This ensures that you're testing the behavior the user would see in the browser. Learn more at https://react.dev/link/wrap-tests-with-act
An update to MemberTemplates inside a test was not wrapped in act(...).

When testing, code that causes React state updates should be wrapped into act(...):

act(() => {
  /* fire events that update state */
});
/* assert on the output */

This ensures that you're testing the behavior the user would see in the browser. Learn more at https://react.dev/link/wrap-tests-with-act

[90mstderr[2m | src/pages/journal-2-0/tabs/NotebookTab.test.jsx[2m > [22m[2mNotebookTab — Wave 0 trash view[2m > [22m[2mselecting Trash from the sidebar fetches the deleted view, not the active folder/tag filters
[22m[39mAn update to NotebookTab inside a test was not wrapped in act(...).

When testing, code that causes React state updates should be wrapped into act(...):

act(() => {
  /* fire events that update state */
});
/* assert on the output */

This ensures that you're testing the behavior the user would see in the browser. Learn more at https://react.dev/link/wrap-tests-with-act
An update to NotebookTab inside a test was not wrapped in act(...).

When testing, code that causes React state updates should be wrapped into act(...):

act(() => {
  /* fire events that update state */
});
/* assert on the output */

This ensures that you're testing the behavior the user would see in the browser. Learn more at https://react.dev/link/wrap-tests-with-act
An update to NotebookTab inside a test was not wrapped in act(...).

When testing, code that causes React state updates should be wrapped into act(...):

act(() => {
  /* fire events that update state */
});
/* assert on the output */

This ensures that you're testing the behavior the user would see in the browser. Learn more at https://react.dev/link/wrap-tests-with-act
An update to NotebookTab inside a test was not wrapped in act(...).

When testing, code that causes React state updates should be wrapped into act(...):

act(() => {
  /* fire events that update state */
});
/* assert on the output */

This ensures that you're testing the behavior the user would see in the browser. Learn more at https://react.dev/link/wrap-tests-with-act
An update to NotebookTab inside a test was not wrapped in act(...).

When testing, code that causes React state updates should be wrapped into act(...):

act(() => {
  /* fire events that update state */
});
/* assert on the output */

This ensures that you're testing the behavior the user would see in the browser. Learn more at https://react.dev/link/wrap-tests-with-act

[90mstderr[2m | src/pages/journal-2-0/tabs/NotebookTab.test.jsx[2m > [22m[2mNotebookTab — Wave 0 trash view[2m > [22m[2mshows a "Trash is empty" message, not the create-a-note pitch, when the trash view has nothing
[22m[39mAn update to NotebookTab inside a test was not wrapped in act(...).

When testing, code that causes React state updates should be wrapped into act(...):

act(() => {
  /* fire events that update state */
});
/* assert on the output */

This ensures that you're testing the behavior the user would see in the browser. Learn more at https://react.dev/link/wrap-tests-with-act
An update to NotebookTab inside a test was not wrapped in act(...).

When testing, code that causes React state updates should be wrapped into act(...):

act(() => {
  /* fire events that update state */
});
/* assert on the output */

This ensures that you're testing the behavior the user would see in the browser. Learn more at https://react.dev/link/wrap-tests-with-act
An update to NotebookTab inside a test was not wrapped in act(...).

When testing, code that causes React state updates should be wrapped into act(...):

act(() => {
  /* fire events that update state */
});
/* assert on the output */

This ensures that you're testing the behavior the user would see in the browser. Learn more at https://react.dev/link/wrap-tests-with-act
An update to NotebookTab inside a test was not wrapped in act(...).

When testing, code that causes React state updates should be wrapped into act(...):

act(() => {
  /* fire events that update state */
});
/* assert on the output */

This ensures that you're testing the behavior the user would see in the browser. Learn more at https://react.dev/link/wrap-tests-with-act
An update to NotebookTab inside a test was not wrapped in act(...).

When testing, code that causes React state updates should be wrapped into act(...):

act(() => {
  /* fire events that update state */
});
/* assert on the output */

This ensures that you're testing the behavior the user would see in the browser. Learn more at https://react.dev/link/wrap-tests-with-act

[90mstderr[2m | src/pages/journal-2-0/tabs/NotebookTab.test.jsx[2m > [22m[2mNotebookTab — Wave 0 trash view[2m > [22m[2mleaving the trash view (Clear filter) returns to the normal active-notes fetch
[22m[39mAn update to NotebookTab inside a test was not wrapped in act(...).

When testing, code that causes React state updates should be wrapped into act(...):

act(() => {
  /* fire events that update state */
});
/* assert on the output */

This ensures that you're testing the behavior the user would see in the browser. Learn more at https://react.dev/link/wrap-tests-with-act
An update to NotebookTab inside a test was not wrapped in act(...).

When testing, code that causes React state updates should be wrapped into act(...):

act(() => {
  /* fire events that update state */
});
/* assert on the output */

This ensures that you're testing the behavior the user would see in the browser. Learn more at https://react.dev/link/wrap-tests-with-act
An update to NotebookTab inside a test was not wrapped in act(...).

When testing, code that causes React state updates should be wrapped into act(...):

act(() => {
  /* fire events that update state */
});
/* assert on the output */

This ensures that you're testing the behavior the user would see in the browser. Learn more at https://react.dev/link/wrap-tests-with-act
An update to NotebookTab inside a test was not wrapped in act(...).

When testing, code that causes React state updates should be wrapped into act(...):

act(() => {
  /* fire events that update state */
});
/* assert on the output */

This ensures that you're testing the behavior the user would see in the browser. Learn more at https://react.dev/link/wrap-tests-with-act
An update to NotebookTab inside a test was not wrapped in act(...).

When testing, code that causes React state updates should be wrapped into act(...):

act(() => {
  /* fire events that update state */
});
/* assert on the output */

This ensures that you're testing the behavior the user would see in the browser. Learn more at https://react.dev/link/wrap-tests-with-act

[90mstderr[2m | src/pages/journal-2-0/tabs/NotebookTab.test.jsx[2m > [22m[2mNotebookTab — Wave 0 trash view[2m > [22m[2mWave B: ?folder=__trash__ deep link opens directly into the Trash view (the command palette's "Open Trash" destination)
[22m[39mAn update to NotebookTab inside a test was not wrapped in act(...).

When testing, code that causes React state updates should be wrapped into act(...):

act(() => {
  /* fire events that update state */
});
/* assert on the output */

This ensures that you're testing the behavior the user would see in the browser. Learn more at https://react.dev/link/wrap-tests-with-act
An update to NotebookTab inside a test was not wrapped in act(...).

When testing, code that causes React state updates should be wrapped into act(...):

act(() => {
  /* fire events that update state */
});
/* assert on the output */

This ensures that you're testing the behavior the user would see in the browser. Learn more at https://react.dev/link/wrap-tests-with-act
An update to NotebookTab inside a test was not wrapped in act(...).

When testing, code that causes React state updates should be wrapped into act(...):

act(() => {
  /* fire events that update state */
});
/* assert on the output */

This ensures that you're testing the behavior the user would see in the browser. Learn more at https://react.dev/link/wrap-tests-with-act
An update to NotebookTab inside a test was not wrapped in act(...).

When testing, code that causes React state updates should be wrapped into act(...):

act(() => {
  /* fire events that update state */
});
/* assert on the output */

This ensures that you're testing the behavior the user would see in the browser. Learn more at https://react.dev/link/wrap-tests-with-act
An update to NotebookTab inside a test was not wrapped in act(...).

When testing, code that causes React state updates should be wrapped into act(...):

act(() => {
  /* fire events that update state */
});
/* assert on the output */

This ensures that you're testing the behavior the user would see in the browser. Learn more at https://react.dev/link/wrap-tests-with-act

[90mstderr[2m | src/pages/journal-2-0/tabs/NotebookTab.test.jsx[2m > [22m[2mNotebookTab — Wave 0 trash view[2m > [22m[2mWave B: ?folder=__trash__ ALSO works as a same-route client-side navigation while NotebookTab is already mounted -- the command palette's real path (caught live: a lazy useState/one-time useEffect only fires on first mount and silently no-ops here)
[22m[39mAn update to NotebookTab inside a test was not wrapped in act(...).

When testing, code that causes React state updates should be wrapped into act(...):

act(() => {
  /* fire events that update state */
});
/* assert on the output */

This ensures that you're testing the behavior the user would see in the browser. Learn more at https://react.dev/link/wrap-tests-with-act
An update to NotebookTab inside a test was not wrapped in act(...).

When testing, code that causes React state updates should be wrapped into act(...):

act(() => {
  /* fire events that update state */
});
/* assert on the output */

This ensures that you're testing the behavior the user would see in the browser. Learn more at https://react.dev/link/wrap-tests-with-act
An update to NotebookTab inside a test was not wrapped in act(...).

When testing, code that causes React state updates should be wrapped into act(...):

act(() => {
  /* fire events that update state */
});
/* assert on the output */

This ensures that you're testing the behavior the user would see in the browser. Learn more at https://react.dev/link/wrap-tests-with-act
An update to NotebookTab inside a test was not wrapped in act(...).

When testing, code that causes React state updates should be wrapped into act(...):

act(() => {
  /* fire events that update state */
});
/* assert on the output */

This ensures that you're testing the behavior the user would see in the browser. Learn more at https://react.dev/link/wrap-tests-with-act
An update to NotebookTab inside a test was not wrapped in act(...).

When testing, code that causes React state updates should be wrapped into act(...):

act(() => {
  /* fire events that update state */
});
/* assert on the output */

This ensures that you're testing the behavior the user would see in the browser. Learn more at https://react.dev/link/wrap-tests-with-act

[90mstderr[2m | src/pages/journal-2-0/tabs/NotebookTab.test.jsx[2m > [22m[2m⛔ restoring from trash lands the note revision[2m > [22m[2m⛔ CONTROL — a REFUSED restore settles nothing
[22m[39m[notebook] restore note failed Error: 404
    at restoreNote (C:/Users/Patrick/uct-worktrees/notebook-w13-landing/app/src/pages/journal-2-0/tabs/NotebookTab.jsx:1055:26)

[90mstderr[2m | src/pages/journal-2-0/tabs/NotebookTab.test.jsx[2m > [22m[2m⛔ Graph mode never offers a "Save this view" trap[2m > [22m[2mthe Save-view button is absent in Graph mode
[22m[39mAn update to MemberTemplates inside a test was not wrapped in act(...).

When testing, code that causes React state updates should be wrapped into act(...):

act(() => {
  /* fire events that update state */
});
/* assert on the output */

This ensures that you're testing the behavior the user would see in the browser. Learn more at https://react.dev/link/wrap-tests-with-act
An update to NotebookTab inside a test was not wrapped in act(...).

When testing, code that causes React state updates should be wrapped into act(...):

act(() => {
  /* fire events that update state */
});
/* assert on the output */

This ensures that you're testing the behavior the user would see in the browser. Learn more at https://react.dev/link/wrap-tests-with-act
An update to NotebookTab inside a test was not wrapped in act(...).

When testing, code that causes React state updates should be wrapped into act(...):

act(() => {
  /* fire events that update state */
});
/* assert on the output */

This ensures that you're testing the behavior the user would see in the browser. Learn more at https://react.dev/link/wrap-tests-with-act
An update to NotebookTab inside a test was not wrapped in act(...).

When testing, code that causes React state updates should be wrapped into act(...):

act(() => {
  /* fire events that update state */
});
/* assert on the output */

This ensures that you're testing the behavior the user would see in the browser. Learn more at https://react.dev/link/wrap-tests-with-act
An update to NotebookTab inside a test was not wrapped in act(...).

When testing, code that causes React state updates should be wrapped into act(...):

act(() => {
  /* fire events that update state */
});
/* assert on the output */

This ensures that you're testing the behavior the user would see in the browser. Learn more at https://react.dev/link/wrap-tests-with-act
An update to NotebookTab inside a test was not wrapped in act(...).

When testing, code that causes React state updates should be wrapped into act(...):

act(() => {
  /* fire events that update state */
});
/* assert on the output */

This ensures that you're testing the behavior the user would see in the browser. Learn more at https://react.dev/link/wrap-tests-with-act
An update to MemberTemplates inside a test was not wrapped in act(...).

When testing, code that causes React state updates should be wrapped into act(...):

act(() => {
  /* fire events that update state */
});
/* assert on the output */

This ensures that you're testing the behavior the user would see in the browser. Learn more at https://react.dev/link/wrap-tests-with-act

[90mstderr[2m | src/pages/journal-2-0/tabs/NotebookTab.test.jsx[2m > [22m[2m⛔ Graph mode never offers a "Save this view" trap[2m > [22m[2m⛔ CONTROL — the same button IS present in List mode
[22m[39mAn update to MemberTemplates inside a test was not wrapped in act(...).

When testing, code that causes React state updates should be wrapped into act(...):

act(() => {
  /* fire events that update state */
});
/* assert on the output */

This ensures that you're testing the behavior the user would see in the browser. Learn more at https://react.dev/link/wrap-tests-with-act
An update to NotebookTab inside a test was not wrapped in act(...).

When testing, code that causes React state updates should be wrapped into act(...):

act(() => {
  /* fire events that update state */
});
/* assert on the output */

This ensures that you're testing the behavior the user would see in the browser. Learn more at https://react.dev/link/wrap-tests-with-act
An update to NotebookTab inside a test was not wrapped in act(...).

When testing, code that causes React state updates should be wrapped into act(...):

act(() => {
  /* fire events that update state */
});
/* assert on the output */

This ensures that you're testing the behavior the user would see in the browser. Learn more at https://react.dev/link/wrap-tests-with-act
An update to NotebookTab inside a test was not wrapped in act(...).

When testing, code that causes React state updates should be wrapped into act(...):

act(() => {
  /* fire events that update state */
});
/* assert on the output */

This ensures that you're testing the behavior the user would see in the browser. Learn more at https://react.dev/link/wrap-tests-with-act
An update to NotebookTab inside a test was not wrapped in act(...).

When testing, code that causes React state updates should be wrapped into act(...):

act(() => {
  /* fire events that update state */
});
/* assert on the output */

This ensures that you're testing the behavior the user would see in the browser. Learn more at https://react.dev/link/wrap-tests-with-act
An update to NotebookTab inside a test was not wrapped in act(...).

When testing, code that causes React state updates should be wrapped into act(...):

act(() => {
  /* fire events that update state */
});
/* assert on the output */

This ensures that you're testing the behavior the user would see in the browser. Learn more at https://react.dev/link/wrap-tests-with-act
An update to MemberTemplates inside a test was not wrapped in act(...).

When testing, code that causes React state updates should be wrapped into act(...):

act(() => {
  /* fire events that update state */
});
/* assert on the output */

This ensures that you're testing the behavior the user would see in the browser. Learn more at https://react.dev/link/wrap-tests-with-act

[90mstderr[2m | src/pages/journal-2-0/tabs/NotebookTab.test.jsx[2m > [22m[2m⛔⛔ FX2 — the view-mode buttons expose a labelled group (proof-walk item 2)[2m > [22m[2mthe seven view buttons sit inside one labelled role=group
[22m[39mAn update to MemberTemplates inside a test was not wrapped in act(...).

When testing, code that causes React state updates should be wrapped into act(...):

act(() => {
  /* fire events that update state */
});
/* assert on the output */

This ensures that you're testing the behavior the user would see in the browser. Learn more at https://react.dev/link/wrap-tests-with-act
An update to NotebookTab inside a test was not wrapped in act(...).

When testing, code that causes React state updates should be wrapped into act(...):

act(() => {
  /* fire events that update state */
});
/* assert on the output */

This ensures that you're testing the behavior the user would see in the browser. Learn more at https://react.dev/link/wrap-tests-with-act
An update to NotebookTab inside a test was not wrapped in act(...).

When testing, code that causes React state updates should be wrapped into act(...):

act(() => {
  /* fire events that update state */
});
/* assert on the output */

This ensures that you're testing the behavior the user would see in the browser. Learn more at https://react.dev/link/wrap-tests-with-act
An update to NotebookTab inside a test was not wrapped in act(...).

When testing, code that causes React state updates should be wrapped into act(...):

act(() => {
  /* fire events that update state */
});
/* assert on the output */

This ensures that you're testing the behavior the user would see in the browser. Learn more at https://react.dev/link/wrap-tests-with-act
An update to NotebookTab inside a test was not wrapped in act(...).

When testing, code that causes React state updates should be wrapped into act(...):

act(() => {
  /* fire events that update state */
});
/* assert on the output */

This ensures that you're testing the behavior the user would see in the browser. Learn more at https://react.dev/link/wrap-tests-with-act
An update to NotebookTab inside a test was not wrapped in act(...).

When testing, code that causes React state updates should be wrapped into act(...):

act(() => {
  /* fire events that update state */
});
/* assert on the output */

This ensures that you're testing the behavior the user would see in the browser. Learn more at https://react.dev/link/wrap-tests-with-act
An update to MemberTemplates inside a test was not wrapped in act(...).

When testing, code that causes React state updates should be wrapped into act(...):

act(() => {
  /* fire events that update state */
});
/* assert on the output */

This ensures that you're testing the behavior the user would see in the browser. Learn more at https://react.dev/link/wrap-tests-with-act

[90mstderr[2m | src/pages/journal-2-0/tabs/NotebookTab.test.jsx[2m > [22m[2m⛔⛔ FX2 — the view-mode buttons expose a labelled group (proof-walk item 2)[2m > [22m[2mthe active view keeps aria-pressed="true", now INSIDE the group CONTROLS_JS looks for
[22m[39mAn update to MemberTemplates inside a test was not wrapped in act(...).

When testing, code that causes React state updates should be wrapped into act(...):

act(() => {
  /* fire events that update state */
});
/* assert on the output */

This ensures that you're testing the behavior the user would see in the browser. Learn more at https://react.dev/link/wrap-tests-with-act
An update to NotebookTab inside a test was not wrapped in act(...).

When testing, code that causes React state updates should be wrapped into act(...):

act(() => {
  /* fire events that update state */
});
/* assert on the output */

This ensures that you're testing the behavior the user would see in the browser. Learn more at https://react.dev/link/wrap-tests-with-act
An update to NotebookTab inside a test was not wrapped in act(...).

When testing, code that causes React state updates should be wrapped into act(...):

act(() => {
  /* fire events that update state */
});
/* assert on the output */

This ensures that you're testing the behavior the user would see in the browser. Learn more at https://react.dev/link/wrap-tests-with-act
An update to NotebookTab inside a test was not wrapped in act(...).

When testing, code that causes React state updates should be wrapped into act(...):

act(() => {
  /* fire events that update state */
});
/* assert on the output */

This ensures that you're testing the behavior the user would see in the browser. Learn more at https://react.dev/link/wrap-tests-with-act
An update to NotebookTab inside a test was not wrapped in act(...).

When testing, code that causes React state updates should be wrapped into act(...):

act(() => {
  /* fire events that update state */
});
/* assert on the output */

This ensures that you're testing the behavior the user would see in the browser. Learn more at https://react.dev/link/wrap-tests-with-act
An update to NotebookTab inside a test was not wrapped in act(...).

When testing, code that causes React state updates should be wrapped into act(...):

act(() => {
  /* fire events that update state */
});
/* assert on the output */

This ensures that you're testing the behavior the user would see in the browser. Learn more at https://react.dev/link/wrap-tests-with-act
An update to MemberTemplates inside a test was not wrapped in act(...).

When testing, code that causes React state updates should be wrapped into act(...):

act(() => {
  /* fire events that update state */
});
/* assert on the output */

This ensures that you're testing the behavior the user would see in the browser. Learn more at https://react.dev/link/wrap-tests-with-act

[90mstderr[2m | src/pages/journal-2-0/tabs/NotebookTab.test.jsx[2m > [22m[2m⛔⛔ FX2 — the view-mode buttons expose a labelled group (proof-walk item 2)[2m > [22m[2m⛔ CONTROL — the same predicate CONTROLS_JS applies: aria-pressed alone, with no group ancestor, is not enough
[22m[39mAn update to MemberTemplates inside a test was not wrapped in act(...).

When testing, code that causes React state updates should be wrapped into act(...):

act(() => {
  /* fire events that update state */
});
/* assert on the output */

This ensures that you're testing the behavior the user would see in the browser. Learn more at https://react.dev/link/wrap-tests-with-act
An update to NotebookTab inside a test was not wrapped in act(...).

When testing, code that causes React state updates should be wrapped into act(...):

act(() => {
  /* fire events that update state */
});
/* assert on the output */

This ensures that you're testing the behavior the user would see in the browser. Learn more at https://react.dev/link/wrap-tests-with-act
An update to NotebookTab inside a test was not wrapped in act(...).

When testing, code that causes React state updates should be wrapped into act(...):

act(() => {
  /* fire events that update state */
});
/* assert on the output */

This ensures that you're testing the behavior the user would see in the browser. Learn more at https://react.dev/link/wrap-tests-with-act
An update to NotebookTab inside a test was not wrapped in act(...).

When testing, code that causes React state updates should be wrapped into act(...):

act(() => {
  /* fire events that update state */
});
/* assert on the output */

This ensures that you're testing the behavior the user would see in the browser. Learn more at https://react.dev/link/wrap-tests-with-act
An update to NotebookTab inside a test was not wrapped in act(...).

When testing, code that causes React state updates should be wrapped into act(...):

act(() => {
  /* fire events that update state */
});
/* assert on the output */

This ensures that you're testing the behavior the user would see in the browser. Learn more at https://react.dev/link/wrap-tests-with-act
An update to NotebookTab inside a test was not wrapped in act(...).

When testing, code that causes React state updates should be wrapped into act(...):

act(() => {
  /* fire events that update state */
});
/* assert on the output */

This ensures that you're testing the behavior the user would see in the browser. Learn more at https://react.dev/link/wrap-tests-with-act
An update to MemberTemplates inside a test was not wrapped in act(...).

When testing, code that causes React state updates should be wrapped into act(...):

act(() => {
  /* fire events that update state */
});
/* assert on the output */

This ensures that you're testing the behavior the user would see in the browser. Learn more at https://react.dev/link/wrap-tests-with-act

[90mstderr[2m | src/pages/journal-2-0/tabs/NotebookTab.test.jsx[2m > [22m[2m⛔⛔ FX2 — the view-mode buttons expose a labelled group (proof-walk item 2)[2m > [22m[2mSave view stays a SIBLING of the group, not swallowed into it (Save view is an action, not a view toggle)
[22m[39mAn update to MemberTemplates inside a test was not wrapped in act(...).

When testing, code that causes React state updates should be wrapped into act(...):

act(() => {
  /* fire events that update state */
});
/* assert on the output */

This ensures that you're testing the behavior the user would see in the browser. Learn more at https://react.dev/link/wrap-tests-with-act
An update to NotebookTab inside a test was not wrapped in act(...).

When testing, code that causes React state updates should be wrapped into act(...):

act(() => {
  /* fire events that update state */
});
/* assert on the output */

This ensures that you're testing the behavior the user would see in the browser. Learn more at https://react.dev/link/wrap-tests-with-act
An update to NotebookTab inside a test was not wrapped in act(...).

When testing, code that causes React state updates should be wrapped into act(...):

act(() => {
  /* fire events that update state */
});
/* assert on the output */

This ensures that you're testing the behavior the user would see in the browser. Learn more at https://react.dev/link/wrap-tests-with-act
An update to NotebookTab inside a test was not wrapped in act(...).

When testing, code that causes React state updates should be wrapped into act(...):

act(() => {
  /* fire events that update state */
});
/* assert on the output */

This ensures that you're testing the behavior the user would see in the browser. Learn more at https://react.dev/link/wrap-tests-with-act
An update to NotebookTab inside a test was not wrapped in act(...).

When testing, code that causes React state updates should be wrapped into act(...):

act(() => {
  /* fire events that update state */
});
/* assert on the output */

This ensures that you're testing the behavior the user would see in the browser. Learn more at https://react.dev/link/wrap-tests-with-act
An update to NotebookTab inside a test was not wrapped in act(...).

When testing, code that causes React state updates should be wrapped into act(...):

act(() => {
  /* fire events that update state */
});
/* assert on the output */

This ensures that you're testing the behavior the user would see in the browser. Learn more at https://react.dev/link/wrap-tests-with-act
An update to MemberTemplates inside a test was not wrapped in act(...).

When testing, code that causes React state updates should be wrapped into act(...):

act(() => {
  /* fire events that update state */
});
/* assert on the output */

This ensures that you're testing the behavior the user would see in the browser. Learn more at https://react.dev/link/wrap-tests-with-act

[90mstderr[2m | src/pages/journal-2-0/tabs/NotebookTab.test.jsx[2m > [22m[2mSaved view delete clears activeView when it was the active one (UX #1)[2m > [22m[2mcancelling the confirm leaves the view selected (no delete call)
[22m[39mAn update to MemberTemplates inside a test was not wrapped in act(...).

When testing, code that causes React state updates should be wrapped into act(...):

act(() => {
  /* fire events that update state */
});
/* assert on the output */

This ensures that you're testing the behavior the user would see in the browser. Learn more at https://react.dev/link/wrap-tests-with-act
An update to NotebookTab inside a test was not wrapped in act(...).

When testing, code that causes React state updates should be wrapped into act(...):

act(() => {
  /* fire events that update state */
});
/* assert on the output */

This ensures that you're testing the behavior the user would see in the browser. Learn more at https://react.dev/link/wrap-tests-with-act
An update to NotebookTab inside a test was not wrapped in act(...).

When testing, code that causes React state updates should be wrapped into act(...):

act(() => {
  /* fire events that update state */
});
/* assert on the output */

This ensures that you're testing the behavior the user would see in the browser. Learn more at https://react.dev/link/wrap-tests-with-act
An update to NotebookTab inside a test was not wrapped in act(...).

When testing, code that causes React state updates should be wrapped into act(...):

act(() => {
  /* fire events that update state */
});
/* assert on the output */

This ensures that you're testing the behavior the user would see in the browser. Learn more at https://react.dev/link/wrap-tests-with-act
An update to NotebookTab inside a test was not wrapped in act(...).

When testing, code that causes React state updates should be wrapped into act(...):

act(() => {
  /* fire events that update state */
});
/* assert on the output */

This ensures that you're testing the behavior the user would see in the browser. Learn more at https://react.dev/link/wrap-tests-with-act
An update to NotebookTab inside a test was not wrapped in act(...).

When testing, code that causes React state updates should be wrapped into act(...):

act(() => {
  /* fire events that update state */
});
/* assert on the output */

This ensures that you're testing the behavior the user would see in the browser. Learn more at https://react.dev/link/wrap-tests-with-act
An update to MemberTemplates inside a test was not wrapped in act(...).

When testing, code that causes React state updates should be wrapped into act(...):

act(() => {
  /* fire events that update state */
});
/* assert on the output */

This ensures that you're testing the behavior the user would see in the browser. Learn more at https://react.dev/link/wrap-tests-with-act

[90mstderr[2m | src/components/StockChart.anchor.test.jsx[2m > [22m[2manchored chart — "Back to today" pill[2m > [22m[2mrenders the exitReplayLabel pill when anchorDate + onExitReplay are set
[22m[39mAn update to StockChart inside a test was not wrapped in act(...).

When testing, code that causes React state updates should be wrapped into act(...):

act(() => {
  /* fire events that update state */
});
/* assert on the output */

This ensures that you're testing the behavior the user would see in the browser. Learn more at https://react.dev/link/wrap-tests-with-act

[90mstderr[2m | src/components/StockChart.anchor.test.jsx[2m > [22m[2manchored chart — "Back to today" pill[2m > [22m[2mrenders the exitReplayLabel pill when anchorDate + onExitReplay are set
[22m[39mAn update to StockChart inside a test was not wrapped in act(...).

When testing, code that causes React state updates should be wrapped into act(...):

act(() => {
  /* fire events that update state */
});
/* assert on the output */

This ensures that you're testing the behavior the user would see in the browser. Learn more at https://react.dev/link/wrap-tests-with-act
An update to StockChart inside a test was not wrapped in act(...).

When testing, code that causes React state updates should be wrapped into act(...):

act(() => {
  /* fire events that update state */
});
/* assert on the output */

This ensures that you're testing the behavior the user would see in the browser. Learn more at https://react.dev/link/wrap-tests-with-act
An update to StockChart inside a test was not wrapped in act(...).

When testing, code that causes React state updates should be wrapped into act(...):

act(() => {
  /* fire events that update state */
});
/* assert on the output */

This ensures that you're testing the behavior the user would see in the browser. Learn more at https://react.dev/link/wrap-tests-with-act
An update to StockChart inside a test was not wrapped in act(...).

When testing, code that causes React state updates should be wrapped into act(...):

act(() => {
  /* fire events that update state */
});
/* assert on the output */

This ensures that you're testing the behavior the user would see in the browser. Learn more at https://react.dev/link/wrap-tests-with-act
An update to StockChart inside a test was not wrapped in act(...).

When testing, code that causes React state updates should be wrapped into act(...):

act(() => {
  /* fire events that update state */
});
/* assert on the output */

This ensures that you're testing the behavior the user would see in the browser. Learn more at https://react.dev/link/wrap-tests-with-act
An update to StockChart inside a test was not wrapped in act(...).

When testing, code that causes React state updates should be wrapped into act(...):

act(() => {
  /* fire events that update state */
});
/* assert on the output */

This ensures that you're testing the behavior the user would see in the browser. Learn more at https://react.dev/link/wrap-tests-with-act
An update to StockChart inside a test was not wrapped in act(...).

When testing, code that causes React state updates should be wrapped into act(...):

act(() => {
  /* fire events that update state */
});
/* assert on the output */

This ensures that you're testing the behavior the user would see in the browser. Learn more at https://react.dev/link/wrap-tests-with-act
An update to StockChart inside a test was not wrapped in act(...).

When testing, code that causes React state updates should be wrapped into act(...):

act(() => {
  /* fire events that update state */
});
/* assert on the output */

This ensures that you're testing the behavior the user would see in the browser. Learn more at https://react.dev/link/wrap-tests-with-act
An update to IndicatorLibraryDialog inside a test was not wrapped in act(...).

When testing, code that causes React state updates should be wrapped into act(...):

act(() => {
  /* fire events that update state */
});
/* assert on the output */

This ensures that you're testing the behavior the user would see in the browser. Learn more at https://react.dev/link/wrap-tests-with-act
An update to StockChart inside a test was not wrapped in act(...).

When testing, code that causes React state updates should be wrapped into act(...):

act(() => {
  /* fire events that update state */
});
/* assert on the output */

This ensures that you're testing the behavior the user would see in the browser. Learn more at https://react.dev/link/wrap-tests-with-act

[90mstderr[2m | src/components/StockChart.anchor.test.jsx[2m > [22m[2manchored chart — "Back to today" pill[2m > [22m[2mclicking the pill calls onExitReplay
[22m[39mAn update to StockChart inside a test was not wrapped in act(...).

When testing, code that causes React state updates should be wrapped into act(...):

act(() => {
  /* fire events that update state */
});
/* assert on the output */

This ensures that you're testing the behavior the user would see in the browser. Learn more at https://react.dev/link/wrap-tests-with-act

[90mstderr[2m | src/components/StockChart.anchor.test.jsx[2m > [22m[2manchored chart — "Back to today" pill[2m > [22m[2mclicking the pill calls onExitReplay
[22m[39mAn update to StockChart inside a test was not wrapped in act(...).

When testing, code that causes React state updates should be wrapped into act(...):

act(() => {
  /* fire events that update state */
});
/* assert on the output */

This ensures that you're testing the behavior the user would see in the browser. Learn more at https://react.dev/link/wrap-tests-with-act
An update to StockChart inside a test was not wrapped in act(...).

When testing, code that causes React state updates should be wrapped into act(...):

act(() => {
  /* fire events that update state */
});
/* assert on the output */

This ensures that you're testing the behavior the user would see in the browser. Learn more at https://react.dev/link/wrap-tests-with-act
An update to StockChart inside a test was not wrapped in act(...).

When testing, code that causes React state updates should be wrapped into act(...):

act(() => {
  /* fire events that update state */
});
/* assert on the output */

This ensures that you're testing the behavior the user would see in the browser. Learn more at https://react.dev/link/wrap-tests-with-act
An update to StockChart inside a test was not wrapped in act(...).

When testing, code that causes React state updates should be wrapped into act(...):

act(() => {
  /* fire events that update state */
});
/* assert on the output */

This ensures that you're testing the behavior the user would see in the browser. Learn more at https://react.dev/link/wrap-tests-with-act
An update to StockChart inside a test was not wrapped in act(...).

When testing, code that causes React state updates should be wrapped into act(...):

act(() => {
  /* fire events that update state */
});
/* assert on the output */

This ensures that you're testing the behavior the user would see in the browser. Learn more at https://react.dev/link/wrap-tests-with-act
An update to StockChart inside a test was not wrapped in act(...).

When testing, code that causes React state updates should be wrapped into act(...):

act(() => {
  /* fire events that update state */
});
/* assert on the output */

This ensures that you're testing the behavior the user would see in the browser. Learn more at https://react.dev/link/wrap-tests-with-act
An update to StockChart inside a test was not wrapped in act(...).

When testing, code that causes React state updates should be wrapped into act(...):

act(() => {
  /* fire events that update state */
});
/* assert on the output */

This ensures that you're testing the behavior the user would see in the browser. Learn more at https://react.dev/link/wrap-tests-with-act
An update to StockChart inside a test was not wrapped in act(...).

When testing, code that causes React state updates should be wrapped into act(...):

act(() => {
  /* fire events that update state */
});
/* assert on the output */

This ensures that you're testing the behavior the user would see in the browser. Learn more at https://react.dev/link/wrap-tests-with-act

[90mstderr[2m | src/components/StockChart.anchor.test.jsx[2m > [22m[2manchored chart — "Back to today" pill[2m > [22m[2mno anchorDate (and no replay/startMarker) → no pill at all
[22m[39mAn update to StockChart inside a test was not wrapped in act(...).

When testing, code that causes React state updates should be wrapped into act(...):

act(() => {
  /* fire events that update state */
});
/* assert on the output */

This ensures that you're testing the behavior the user would see in the browser. Learn more at https://react.dev/link/wrap-tests-with-act

[90mstderr[2m | src/components/StockChart.anchor.test.jsx[2m > [22m[2manchored chart — "Back to today" pill[2m > [22m[2mno anchorDate (and no replay/startMarker) → no pill at all
[22m[39mAn update to StockChart inside a test was not wrapped in act(...).

When testing, code that causes React state updates should be wrapped into act(...):

act(() => {
  /* fire events that update state */
});
/* assert on the output */

This ensures that you're testing the behavior the user would see in the browser. Learn more at https://react.dev/link/wrap-tests-with-act
An update to StockChart inside a test was not wrapped in act(...).

When testing, code that causes React state updates should be wrapped into act(...):

act(() => {
  /* fire events that update state */
});
/* assert on the output */

This ensures that you're testing the behavior the user would see in the browser. Learn more at https://react.dev/link/wrap-tests-with-act
An update to StockChart inside a test was not wrapped in act(...).

When testing, code that causes React state updates should be wrapped into act(...):

act(() => {
  /* fire events that update state */
});
/* assert on the output */

This ensures that you're testing the behavior the user would see in the browser. Learn more at https://react.dev/link/wrap-tests-with-act
An update to StockChart inside a test was not wrapped in act(...).

When testing, code that causes React state updates should be wrapped into act(...):

act(() => {
  /* fire events that update state */
});
/* assert on the output */

This ensures that you're testing the behavior the user would see in the browser. Learn more at https://react.dev/link/wrap-tests-with-act
An update to StockChart inside a test was not wrapped in act(...).

When testing, code that causes React state updates should be wrapped into act(...):

act(() => {
  /* fire events that update state */
});
/* assert on the output */

This ensures that you're testing the behavior the user would see in the browser. Learn more at https://react.dev/link/wrap-tests-with-act
An update to StockChart inside a test was not wrapped in act(...).

When testing, code that causes React state updates should be wrapped into act(...):

act(() => {
  /* fire events that update state */
});
/* assert on the output */

This ensures that you're testing the behavior the user would see in the browser. Learn more at https://react.dev/link/wrap-tests-with-act
An update to StockChart inside a test was not wrapped in act(...).

When testing, code that causes React state updates should be wrapped into act(...):

act(() => {
  /* fire events that update state */
});
/* assert on the output */

This ensures that you're testing the behavior the user would see in the browser. Learn more at https://react.dev/link/wrap-tests-with-act
An update to StockChart inside a test was not wrapped in act(...).

When testing, code that causes React state updates should be wrapped into act(...):

act(() => {
  /* fire events that update state */
});
/* assert on the output */

This ensures that you're testing the behavior the user would see in the browser. Learn more at https://react.dev/link/wrap-tests-with-act

[90mstderr[2m | src/components/StockChart.anchor.test.jsx[2m > [22m[2manchored chart — "Back to today" pill[2m > [22m[2mreplayCutoff without exitReplayLabel keeps the original pill text
[22m[39mAn update to StockChart inside a test was not wrapped in act(...).

When testing, code that causes React state updates should be wrapped into act(...):

act(() => {
  /* fire events that update state */
});
/* assert on the output */

This ensures that you're testing the behavior the user would see in the browser. Learn more at https://react.dev/link/wrap-tests-with-act

[90mstderr[2m | src/components/StockChart.anchor.test.jsx[2m > [22m[2manchored chart — "Back to today" pill[2m > [22m[2mreplayCutoff without exitReplayLabel keeps the original pill text
[22m[39mAn update to StockChart inside a test was not wrapped in act(...).

When testing, code that causes React state updates should be wrapped into act(...):

act(() => {
  /* fire events that update state */
});
/* assert on the output */

This ensures that you're testing the behavior the user would see in the browser. Learn more at https://react.dev/link/wrap-tests-with-act
An update to StockChart inside a test was not wrapped in act(...).

When testing, code that causes React state updates should be wrapped into act(...):

act(() => {
  /* fire events that update state */
});
/* assert on the output */

This ensures that you're testing the behavior the user would see in the browser. Learn more at https://react.dev/link/wrap-tests-with-act
An update to StockChart inside a test was not wrapped in act(...).

When testing, code that causes React state updates should be wrapped into act(...):

act(() => {
  /* fire events that update state */
});
/* assert on the output */

This ensures that you're testing the behavior the user would see in the browser. Learn more at https://react.dev/link/wrap-tests-with-act
An update to StockChart inside a test was not wrapped in act(...).

When testing, code that causes React state updates should be wrapped into act(...):

act(() => {
  /* fire events that update state */
});
/* assert on the output */

This ensures that you're testing the behavior the user would see in the browser. Learn more at https://react.dev/link/wrap-tests-with-act
An update to StockChart inside a test was not wrapped in act(...).

When testing, code that causes React state updates should be wrapped into act(...):

act(() => {
  /* fire events that update state */
});
/* assert on the output */

This ensures that you're testing the behavior the user would see in the browser. Learn more at https://react.dev/link/wrap-tests-with-act
An update to StockChart inside a test was not wrapped in act(...).

When testing, code that causes React state updates should be wrapped into act(...):

act(() => {
  /* fire events that update state */
});
/* assert on the output */

This ensures that you're testing the behavior the user would see in the browser. Learn more at https://react.dev/link/wrap-tests-with-act
An update to StockChart inside a test was not wrapped in act(...).

When testing, code that causes React state updates should be wrapped into act(...):

act(() => {
  /* fire events that update state */
});
/* assert on the output */

This ensures that you're testing the behavior the user would see in the browser. Learn more at https://react.dev/link/wrap-tests-with-act

[90mstderr[2m | src/components/StockChart.anchor.test.jsx[2m > [22m[2manchored chart — "Back to today" pill[2m > [22m[2manchor preceding every loaded bar → INERT: no pill
[22m[39mAn update to StockChart inside a test was not wrapped in act(...).

When testing, code that causes React state updates should be wrapped into act(...):

act(() => {
  /* fire events that update state */
});
/* assert on the output */

This ensures that you're testing the behavior the user would see in the browser. Learn more at https://react.dev/link/wrap-tests-with-act

[90mstderr[2m | src/components/StockChart.anchor.test.jsx[2m > [22m[2manchored chart — "Back to today" pill[2m > [22m[2manchor preceding every loaded bar → INERT: no pill
[22m[39mAn update to StockChart inside a test was not wrapped in act(...).

When testing, code that causes React state updates should be wrapped into act(...):

act(() => {
  /* fire events that update state */
});
/* assert on the output */

This ensures that you're testing the behavior the user would see in the browser. Learn more at https://react.dev/link/wrap-tests-with-act
An update to StockChart inside a test was not wrapped in act(...).

When testing, code that causes React state updates should be wrapped into act(...):

act(() => {
  /* fire events that update state */
});
/* assert on the output */

This ensures that you're testing the behavior the user would see in the browser. Learn more at https://react.dev/link/wrap-tests-with-act
An update to StockChart inside a test was not wrapped in act(...).

When testing, code that causes React state updates should be wrapped into act(...):

act(() => {
  /* fire events that update state */
});
/* assert on the output */

This ensures that you're testing the behavior the user would see in the browser. Learn more at https://react.dev/link/wrap-tests-with-act
An update to StockChart inside a test was not wrapped in act(...).

When testing, code that causes React state updates should be wrapped into act(...):

act(() => {
  /* fire events that update state */
});
/* assert on the output */

This ensures that you're testing the behavior the user would see in the browser. Learn more at https://react.dev/link/wrap-tests-with-act
An update to StockChart inside a test was not wrapped in act(...).

When testing, code that causes React state updates should be wrapped into act(...):

act(() => {
  /* fire events that update state */
});
/* assert on the output */

This ensures that you're testing the behavior the user would see in the browser. Learn more at https://react.dev/link/wrap-tests-with-act
An update to StockChart inside a test was not wrapped in act(...).

When testing, code that causes React state updates should be wrapped into act(...):

act(() => {
  /* fire events that update state */
});
/* assert on the output */

This ensures that you're testing the behavior the user would see in the browser. Learn more at https://react.dev/link/wrap-tests-with-act
An update to StockChart inside a test was not wrapped in act(...).

When testing, code that causes React state updates should be wrapped into act(...):

act(() => {
  /* fire events that update state */
});
/* assert on the output */

This ensures that you're testing the behavior the user would see in the browser. Learn more at https://react.dev/link/wrap-tests-with-act
An update to StockChart inside a test was not wrapped in act(...).

When testing, code that causes React state updates should be wrapped into act(...):

act(() => {
  /* fire events that update state */
});
/* assert on the output */

This ensures that you're testing the behavior the user would see in the browser. Learn more at https://react.dev/link/wrap-tests-with-act

[90mstderr[2m | src/components/dailyFirstPaintAcceptance.test.jsx[2m > [22m[2mDAILY first-paint acceptance[2m > [22m[2mD0 — IDB tail at the frontier, written just now
[22m[39mAn update to StockChart inside a test was not wrapped in act(...).

When testing, code that causes React state updates should be wrapped into act(...):

act(() => {
  /* fire events that update state */
});
/* assert on the output */

This ensures that you're testing the behavior the user would see in the browser. Learn more at https://react.dev/link/wrap-tests-with-act
An update to StockChart inside a test was not wrapped in act(...).

When testing, code that causes React state updates should be wrapped into act(...):

act(() => {
  /* fire events that update state */
});
/* assert on the output */

This ensures that you're testing the behavior the user would see in the browser. Learn more at https://react.dev/link/wrap-tests-with-act

[90mstderr[2m | src/components/dailyFirstPaintAcceptance.test.jsx[2m > [22m[2mDAILY first-paint acceptance[2m > [22m[2mD0 — IDB tail at the frontier, written just now
[22m[39mAn update to StockChart inside a test was not wrapped in act(...).

When testing, code that causes React state updates should be wrapped into act(...):

act(() => {
  /* fire events that update state */
});
/* assert on the output */

This ensures that you're testing the behavior the user would see in the browser. Learn more at https://react.dev/link/wrap-tests-with-act
An update to StockChart inside a test was not wrapped in act(...).

When testing, code that causes React state updates should be wrapped into act(...):

act(() => {
  /* fire events that update state */
});
/* assert on the output */

This ensures that you're testing the behavior the user would see in the browser. Learn more at https://react.dev/link/wrap-tests-with-act
An update to PatternOverlay inside a test was not wrapped in act(...).

When testing, code that causes React state updates should be wrapped into act(...):

act(() => {
  /* fire events that update state */
});
/* assert on the output */

This ensures that you're testing the behavior the user would see in the browser. Learn more at https://react.dev/link/wrap-tests-with-act
An update to ChartDrawingOverlay inside a test was not wrapped in act(...).

When testing, code that causes React state updates should be wrapped into act(...):

act(() => {
  /* fire events that update state */
});
/* assert on the output */

This ensures that you're testing the behavior the user would see in the browser. Learn more at https://react.dev/link/wrap-tests-with-act
An update to ChartDrawingOverlay inside a test was not wrapped in act(...).

When testing, code that causes React state updates should be wrapped into act(...):

act(() => {
  /* fire events that update state */
});
/* assert on the output */

This ensures that you're testing the behavior the user would see in the browser. Learn more at https://react.dev/link/wrap-tests-with-act
An update to ChartDrawingOverlay inside a test was not wrapped in act(...).

When testing, code that causes React state updates should be wrapped into act(...):

act(() => {
  /* fire events that update state */
});
/* assert on the output */

This ensures that you're testing the behavior the user would see in the browser. Learn more at https://react.dev/link/wrap-tests-with-act
An update to ChartDrawingOverlay inside a test was not wrapped in act(...).

When testing, code that causes React state updates should be wrapped into act(...):

act(() => {
  /* fire events that update state */
});
/* assert on the output */

This ensures that you're testing the behavior the user would see in the browser. Learn more at https://react.dev/link/wrap-tests-with-act
An update to ChartDrawingOverlay inside a test was not wrapped in act(...).

When testing, code that causes React state updates should be wrapped into act(...):

act(() => {
  /* fire events that update state */
});
/* assert on the output */

This ensures that you're testing the behavior the user would see in the browser. Learn more at https://react.dev/link/wrap-tests-with-act
An update to ChartDrawingOverlay inside a test was not wrapped in act(...).

When testing, code that causes React state updates should be wrapped into act(...):

act(() => {
  /* fire events that update state */
});
/* assert on the output */

This ensures that you're testing the behavior the user would see in the browser. Learn more at https://react.dev/link/wrap-tests-with-act
An update to StockChart inside a test was not wrapped in act(...).

When testing, code that causes React state updates should be wrapped into act(...):

act(() => {
  /* fire events that update state */
});
/* assert on the output */

This ensures that you're testing the behavior the user would see in the browser. Learn more at https://react.dev/link/wrap-tests-with-act
An update to StockChart inside a test was not wrapped in act(...).

When testing, code that causes React state updates should be wrapped into act(...):

act(() => {
  /* fire events that update state */
});
/* assert on the output */

This ensures that you're testing the behavior the user would see in the browser. Learn more at https://react.dev/link/wrap-tests-with-act
An update to StockChart inside a test was not wrapped in act(...).

When testing, code that causes React state updates should be wrapped into act(...):

act(() => {
  /* fire events that update state */
});
/* assert on the output */

This ensures that you're testing the behavior the user would see in the browser. Learn more at https://react.dev/link/wrap-tests-with-act
An update to StockChart inside a test was not wrapped in act(...).

When testing, code that causes React state updates should be wrapped into act(...):

act(() => {
  /* fire events that update state */
});
/* assert on the output */

This ensures that you're testing the behavior the user would see in the browser. Learn more at https://react.dev/link/wrap-tests-with-act
An update to StockChart inside a test was not wrapped in act(...).

When testing, code that causes React state updates should be wrapped into act(...):

act(() => {
  /* fire events that update state */
});
/* assert on the output */

This ensures that you're testing the behavior the user would see in the browser. Learn more at https://react.dev/link/wrap-tests-with-act
An update to StockChart inside a test was not wrapped in act(...).

When testing, code that causes React state updates should be wrapped into act(...):

act(() => {
  /* fire events that update state */
});
/* assert on the output */

This ensures that you're testing the behavior the user would see in the browser. Learn more at https://react.dev/link/wrap-tests-with-act

[90mstderr[2m | src/components/dailyFirstPaintAcceptance.test.jsx[2m > [22m[2mDAILY first-paint acceptance[2m > [22m[2mD0 — IDB tail at the frontier, written just now
[22m[39mAn update to StockChart inside a test was not wrapped in act(...).

When testing, code that causes React state updates should be wrapped into act(...):

act(() => {
  /* fire events that update state */
});
/* assert on the output */

This ensures that you're testing the behavior the user would see in the browser. Learn more at https://react.dev/link/wrap-tests-with-act

[90mstderr[2m | src/components/dailyFirstPaintAcceptance.test.jsx[2m > [22m[2mDAILY first-paint acceptance[2m > [22m[2mD0 — IDB tail at the frontier, written just now
[22m[39mAn update to StockChart inside a test was not wrapped in act(...).

When testing, code that causes React state updates should be wrapped into act(...):

act(() => {
  /* fire events that update state */
});
/* assert on the output */

This ensures that you're testing the behavior the user would see in the browser. Learn more at https://react.dev/link/wrap-tests-with-act

[90mstderr[2m | src/components/dailyFirstPaintAcceptance.test.jsx[2m > [22m[2mDAILY first-paint acceptance[2m > [22m[2mD0 — IDB tail at the frontier, written just now
[22m[39mAn update to StockChart inside a test was not wrapped in act(...).

When testing, code that causes React state updates should be wrapped into act(...):

act(() => {
  /* fire events that update state */
});
/* assert on the output */

This ensures that you're testing the behavior the user would see in the browser. Learn more at https://react.dev/link/wrap-tests-with-act

[90mstderr[2m | src/components/dailyFirstPaintAcceptance.test.jsx[2m > [22m[2mDAILY first-paint acceptance[2m > [22m[2mD0 — IDB tail at the frontier, written just now
[22m[39mAn update to StockChart inside a test was not wrapped in act(...).

When testing, code that causes React state updates should be wrapped into act(...):

act(() => {
  /* fire events that update state */
});
/* assert on the output */

This ensures that you're testing the behavior the user would see in the browser. Learn more at https://react.dev/link/wrap-tests-with-act

[90mstderr[2m | src/components/StockChart.anchor.test.jsx[2m > [22m[2manchorDate → survives the first-load layout race[2m > [22m[2mbut a pan during that window ends the re-assertion (the latch still wins)
[22m[39mAn update to StockChart inside a test was not wrapped in act(...).

When testing, code that causes React state updates should be wrapped into act(...):

act(() => {
  /* fire events that update state */
});
/* assert on the output */

This ensures that you're testing the behavior the user would see in the browser. Learn more at https://react.dev/link/wrap-tests-with-act

[90mstderr[2m | src/components/StockChart.anchor.test.jsx[2m > [22m[2manchorDate → survives the first-load layout race[2m > [22m[2mbut a pan during that window ends the re-assertion (the latch still wins)
[22m[39mAn update to StockChart inside a test was not wrapped in act(...).

When testing, code that causes React state updates should be wrapped into act(...):

act(() => {
  /* fire events that update state */
});
/* assert on the output */

This ensures that you're testing the behavior the user would see in the browser. Learn more at https://react.dev/link/wrap-tests-with-act
An update to StockChart inside a test was not wrapped in act(...).

When testing, code that causes React state updates should be wrapped into act(...):

act(() => {
  /* fire events that update state */
});
/* assert on the output */

This ensures that you're testing the behavior the user would see in the browser. Learn more at https://react.dev/link/wrap-tests-with-act
An update to StockChart inside a test was not wrapped in act(...).

When testing, code that causes React state updates should be wrapped into act(...):

act(() => {
  /* fire events that update state */
});
/* assert on the output */

This ensures that you're testing the behavior the user would see in the browser. Learn more at https://react.dev/link/wrap-tests-with-act
An update to StockChart inside a test was not wrapped in act(...).

When testing, code that causes React state updates should be wrapped into act(...):

act(() => {
  /* fire events that update state */
});
/* assert on the output */

This ensures that you're testing the behavior the user would see in the browser. Learn more at https://react.dev/link/wrap-tests-with-act
An update to StockChart inside a test was not wrapped in act(...).

When testing, code that causes React state updates should be wrapped into act(...):

act(() => {
  /* fire events that update state */
});
/* assert on the output */

This ensures that you're testing the behavior the user would see in the browser. Learn more at https://react.dev/link/wrap-tests-with-act
An update to StockChart inside a test was not wrapped in act(...).

When testing, code that causes React state updates should be wrapped into act(...):

act(() => {
  /* fire events that update state */
});
/* assert on the output */

This ensures that you're testing the behavior the user would see in the browser. Learn more at https://react.dev/link/wrap-tests-with-act
An update to StockChart inside a test was not wrapped in act(...).

When testing, code that causes React state updates should be wrapped into act(...):

act(() => {
  /* fire events that update state */
});
/* assert on the output */

This ensures that you're testing the behavior the user would see in the browser. Learn more at https://react.dev/link/wrap-tests-with-act
An update to StockChart inside a test was not wrapped in act(...).

When testing, code that causes React state updates should be wrapped into act(...):

act(() => {
  /* fire events that update state */
});
/* assert on the output */

This ensures that you're testing the behavior the user would see in the browser. Learn more at https://react.dev/link/wrap-tests-with-act

[90mstderr[2m | src/components/StockChart.anchor.test.jsx[2m > [22m[2manchorDate → survives the first-load layout race[2m > [22m[2mbut a pan during that window ends the re-assertion (the latch still wins)
[22m[39mAn update to StockChart inside a test was not wrapped in act(...).

When testing, code that causes React state updates should be wrapped into act(...):

act(() => {
  /* fire events that update state */
});
/* assert on the output */

This ensures that you're testing the behavior the user would see in the browser. Learn more at https://react.dev/link/wrap-tests-with-act

[90mstderr[2m | src/components/dailyFirstPaintAcceptance.test.jsx[2m > [22m[2mDAILY first-paint acceptance[2m > [22m[2mD1 — IDB tail one session behind, pack fresh
[22m[39mAn update to StockChart inside a test was not wrapped in act(...).

When testing, code that causes React state updates should be wrapped into act(...):

act(() => {
  /* fire events that update state */
});
/* assert on the output */

This ensures that you're testing the behavior the user would see in the browser. Learn more at https://react.dev/link/wrap-tests-with-act
An update to StockChart inside a test was not wrapped in act(...).

When testing, code that causes React state updates should be wrapped into act(...):

act(() => {
  /* fire events that update state */
});
/* assert on the output */

This ensures that you're testing the behavior the user would see in the browser. Learn more at https://react.dev/link/wrap-tests-with-act

[90mstderr[2m | src/components/dailyFirstPaintAcceptance.test.jsx[2m > [22m[2mDAILY first-paint acceptance[2m > [22m[2mD1 — IDB tail one session behind, pack fresh
[22m[39mAn update to StockChart inside a test was not wrapped in act(...).

When testing, code that causes React state updates should be wrapped into act(...):

act(() => {
  /* fire events that update state */
});
/* assert on the output */

This ensures that you're testing the behavior the user would see in the browser. Learn more at https://react.dev/link/wrap-tests-with-act
An update to StockChart inside a test was not wrapped in act(...).

When testing, code that causes React state updates should be wrapped into act(...):

act(() => {
  /* fire events that update state */
});
/* assert on the output */

This ensures that you're testing the behavior the user would see in the browser. Learn more at https://react.dev/link/wrap-tests-with-act
An update to PatternOverlay inside a test was not wrapped in act(...).

When testing, code that causes React state updates should be wrapped into act(...):

act(() => {
  /* fire events that update state */
});
/* assert on the output */

This ensures that you're testing the behavior the user would see in the browser. Learn more at https://react.dev/link/wrap-tests-with-act
An update to ChartDrawingOverlay inside a test was not wrapped in act(...).

When testing, code that causes React state updates should be wrapped into act(...):

act(() => {
  /* fire events that update state */
});
/* assert on the output */

This ensures that you're testing the behavior the user would see in the browser. Learn more at https://react.dev/link/wrap-tests-with-act
An update to ChartDrawingOverlay inside a test was not wrapped in act(...).

When testing, code that causes React state updates should be wrapped into act(...):

act(() => {
  /* fire events that update state */
});
/* assert on the output */

This ensures that you're testing the behavior the user would see in the browser. Learn more at https://react.dev/link/wrap-tests-with-act
An update to ChartDrawingOverlay inside a test was not wrapped in act(...).

When testing, code that causes React state updates should be wrapped into act(...):

act(() => {
  /* fire events that update state */
});
/* assert on the output */

This ensures that you're testing the behavior the user would see in the browser. Learn more at https://react.dev/link/wrap-tests-with-act
An update to ChartDrawingOverlay inside a test was not wrapped in act(...).

When testing, code that causes React state updates should be wrapped into act(...):

act(() => {
  /* fire events that update state */
});
/* assert on the output */

This ensures that you're testing the behavior the user would see in the browser. Learn more at https://react.dev/link/wrap-tests-with-act
An update to ChartDrawingOverlay inside a test was not wrapped in act(...).

When testing, code that causes React state updates should be wrapped into act(...):

act(() => {
  /* fire events that update state */
});
/* assert on the output */

This ensures that you're testing the behavior the user would see in the browser. Learn more at https://react.dev/link/wrap-tests-with-act
An update to ChartDrawingOverlay inside a test was not wrapped in act(...).

When testing, code that causes React state updates should be wrapped into act(...):

act(() => {
  /* fire events that update state */
});
/* assert on the output */

This ensures that you're testing the behavior the user would see in the browser. Learn more at https://react.dev/link/wrap-tests-with-act
An update to StockChart inside a test was not wrapped in act(...).

When testing, code that causes React state updates should be wrapped into act(...):

act(() => {
  /* fire events that update state */
});
/* assert on the output */

This ensures that you're testing the behavior the user would see in the browser. Learn more at https://react.dev/link/wrap-tests-with-act
An update to StockChart inside a test was not wrapped in act(...).

When testing, code that causes React state updates should be wrapped into act(...):

act(() => {
  /* fire events that update state */
});
/* assert on the output */

This ensures that you're testing the behavior the user would see in the browser. Learn more at https://react.dev/link/wrap-tests-with-act
An update to StockChart inside a test was not wrapped in act(...).

When testing, code that causes React state updates should be wrapped into act(...):

act(() => {
  /* fire events that update state */
});
/* assert on the output */

This ensures that you're testing the behavior the user would see in the browser. Learn more at https://react.dev/link/wrap-tests-with-act
An update to StockChart inside a test was not wrapped in act(...).

When testing, code that causes React state updates should be wrapped into act(...):

act(() => {
  /* fire events that update state */
});
/* assert on the output */

This ensures that you're testing the behavior the user would see in the browser. Learn more at https://react.dev/link/wrap-tests-with-act
An update to StockChart inside a test was not wrapped in act(...).

When testing, code that causes React state updates should be wrapped into act(...):

act(() => {
  /* fire events that update state */
});
/* assert on the output */

This ensures that you're testing the behavior the user would see in the browser. Learn more at https://react.dev/link/wrap-tests-with-act
An update to StockChart inside a test was not wrapped in act(...).

When testing, code that causes React state updates should be wrapped into act(...):

act(() => {
  /* fire events that update state */
});
/* assert on the output */

This ensures that you're testing the behavior the user would see in the browser. Learn more at https://react.dev/link/wrap-tests-with-act

[90mstderr[2m | src/components/dailyFirstPaintAcceptance.test.jsx[2m > [22m[2mDAILY first-paint acceptance[2m > [22m[2mD1 — IDB tail one session behind, pack fresh
[22m[39mAn update to StockChart inside a test was not wrapped in act(...).

When testing, code that causes React state updates should be wrapped into act(...):

act(() => {
  /* fire events that update state */
});
/* assert on the output */

This ensures that you're testing the behavior the user would see in the browser. Learn more at https://react.dev/link/wrap-tests-with-act

[90mstderr[2m | src/components/dailyFirstPaintAcceptance.test.jsx[2m > [22m[2mDAILY first-paint acceptance[2m > [22m[2mD1 — IDB tail one session behind, pack fresh
[22m[39mAn update to StockChart inside a test was not wrapped in act(...).

When testing, code that causes React state updates should be wrapped into act(...):

act(() => {
  /* fire events that update state */
});
/* assert on the output */

This ensures that you're testing the behavior the user would see in the browser. Learn more at https://react.dev/link/wrap-tests-with-act

[90mstderr[2m | src/components/dailyFirstPaintAcceptance.test.jsx[2m > [22m[2mDAILY first-paint acceptance[2m > [22m[2mD1 — IDB tail one session behind, pack fresh
[22m[39mAn update to StockChart inside a test was not wrapped in act(...).

When testing, code that causes React state updates should be wrapped into act(...):

act(() => {
  /* fire events that update state */
});
/* assert on the output */

This ensures that you're testing the behavior the user would see in the browser. Learn more at https://react.dev/link/wrap-tests-with-act

[90mstderr[2m | src/components/dailyFirstPaintAcceptance.test.jsx[2m > [22m[2mDAILY first-paint acceptance[2m > [22m[2mD1 — IDB tail one session behind, pack fresh
[22m[39mAn update to StockChart inside a test was not wrapped in act(...).

When testing, code that causes React state updates should be wrapped into act(...):

act(() => {
  /* fire events that update state */
});
/* assert on the output */

This ensures that you're testing the behavior the user would see in the browser. Learn more at https://react.dev/link/wrap-tests-with-act
An update to StockChart inside a test was not wrapped in act(...).

When testing, code that causes React state updates should be wrapped into act(...):

act(() => {
  /* fire events that update state */
});
/* assert on the output */

This ensures that you're testing the behavior the user would see in the browser. Learn more at https://react.dev/link/wrap-tests-with-act
An update to StockChart inside a test was not wrapped in act(...).

When testing, code that causes React state updates should be wrapped into act(...):

act(() => {
  /* fire events that update state */
});
/* assert on the output */

This ensures that you're testing the behavior the user would see in the browser. Learn more at https://react.dev/link/wrap-tests-with-act
An update to StockChart inside a test was not wrapped in act(...).

When testing, code that causes React state updates should be wrapped into act(...):

act(() => {
  /* fire events that update state */
});
/* assert on the output */

This ensures that you're testing the behavior the user would see in the browser. Learn more at https://react.dev/link/wrap-tests-with-act
An update to StockChart inside a test was not wrapped in act(...).

When testing, code that causes React state updates should be wrapped into act(...):

act(() => {
  /* fire events that update state */
});
/* assert on the output */

This ensures that you're testing the behavior the user would see in the browser. Learn more at https://react.dev/link/wrap-tests-with-act
An update to StockChart inside a test was not wrapped in act(...).

When testing, code that causes React state updates should be wrapped into act(...):

act(() => {
  /* fire events that update state */
});
/* assert on the output */

This ensures that you're testing the behavior the user would see in the browser. Learn more at https://react.dev/link/wrap-tests-with-act

[90mstderr[2m | src/components/dailyFirstPaintAcceptance.test.jsx[2m > [22m[2mDAILY first-paint acceptance[2m > [22m[2mD1 — IDB tail one session behind, pack fresh
[22m[39mAn update to StockChart inside a test was not wrapped in act(...).

When testing, code that causes React state updates should be wrapped into act(...):

act(() => {
  /* fire events that update state */
});
/* assert on the output */

This ensures that you're testing the behavior the user would see in the browser. Learn more at https://react.dev/link/wrap-tests-with-act
An update to StockChart inside a test was not wrapped in act(...).

When testing, code that causes React state updates should be wrapped into act(...):

act(() => {
  /* fire events that update state */
});
/* assert on the output */

This ensures that you're testing the behavior the user would see in the browser. Learn more at https://react.dev/link/wrap-tests-with-act
An update to StockChart inside a test was not wrapped in act(...).

When testing, code that causes React state updates should be wrapped into act(...):

act(() => {
  /* fire events that update state */
});
/* assert on the output */

This ensures that you're testing the behavior the user would see in the browser. Learn more at https://react.dev/link/wrap-tests-with-act
An update to StockChart inside a test was not wrapped in act(...).

When testing, code that causes React state updates should be wrapped into act(...):

act(() => {
  /* fire events that update state */
});
/* assert on the output */

This ensures that you're testing the behavior the user would see in the browser. Learn more at https://react.dev/link/wrap-tests-with-act

[90mstderr[2m | src/components/dailyFirstPaintAcceptance.test.jsx[2m > [22m[2mDAILY first-paint acceptance[2m > [22m[2mD2 — IDB tail two sessions behind (the reported shift shape)
[22m[39mAn update to StockChart inside a test was not wrapped in act(...).

When testing, code that causes React state updates should be wrapped into act(...):

act(() => {
  /* fire events that update state */
});
/* assert on the output */

This ensures that you're testing the behavior the user would see in the browser. Learn more at https://react.dev/link/wrap-tests-with-act
An update to StockChart inside a test was not wrapped in act(...).

When testing, code that causes React state updates should be wrapped into act(...):

act(() => {
  /* fire events that update state */
});
/* assert on the output */

This ensures that you're testing the behavior the user would see in the browser. Learn more at https://react.dev/link/wrap-tests-with-act

[90mstderr[2m | src/components/dailyFirstPaintAcceptance.test.jsx[2m > [22m[2mDAILY first-paint acceptance[2m > [22m[2mD2 — IDB tail two sessions behind (the reported shift shape)
[22m[39mAn update to StockChart inside a test was not wrapped in act(...).

When testing, code that causes React state updates should be wrapped into act(...):

act(() => {
  /* fire events that update state */
});
/* assert on the output */

This ensures that you're testing the behavior the user would see in the browser. Learn more at https://react.dev/link/wrap-tests-with-act
An update to StockChart inside a test was not wrapped in act(...).

When testing, code that causes React state updates should be wrapped into act(...):

act(() => {
  /* fire events that update state */
});
/* assert on the output */

This ensures that you're testing the behavior the user would see in the browser. Learn more at https://react.dev/link/wrap-tests-with-act

[90mstderr[2m | src/components/dailyFirstPaintAcceptance.test.jsx[2m > [22m[2mDAILY first-paint acceptance[2m > [22m[2mD2 — IDB tail two sessions behind (the reported shift shape)
[22m[39mAn update to StockChart inside a test was not wrapped in act(...).

When testing, code that causes React state updates should be wrapped into act(...):

act(() => {
  /* fire events that update state */
});
/* assert on the output */

This ensures that you're testing the behavior the user would see in the browser. Learn more at https://react.dev/link/wrap-tests-with-act

[90mstderr[2m | src/components/dailyFirstPaintAcceptance.test.jsx[2m > [22m[2mDAILY first-paint acceptance[2m > [22m[2mD2 — IDB tail two sessions behind (the reported shift shape)
[22m[39mAn update to StockChart inside a test was not wrapped in act(...).

When testing, code that causes React state updates should be wrapped into act(...):

act(() => {
  /* fire events that update state */
});
/* assert on the output */

This ensures that you're testing the behavior the user would see in the browser. Learn more at https://react.dev/link/wrap-tests-with-act

[90mstderr[2m | src/components/dailyFirstPaintAcceptance.test.jsx[2m > [22m[2mDAILY first-paint acceptance[2m > [22m[2mD2 — IDB tail two sessions behind (the reported shift shape)
[22m[39mAn update to StockChart inside a test was not wrapped in act(...).

When testing, code that causes React state updates should be wrapped into act(...):

act(() => {
  /* fire events that update state */
});
/* assert on the output */

This ensures that you're testing the behavior the user would see in the browser. Learn more at https://react.dev/link/wrap-tests-with-act

[90mstderr[2m | src/components/dailyFirstPaintAcceptance.test.jsx[2m > [22m[2mDAILY first-paint acceptance[2m > [22m[2mD2 — IDB tail two sessions behind (the reported shift shape)
[22m[39mAn update to StockChart inside a test was not wrapped in act(...).

When testing, code that causes React state updates should be wrapped into act(...):

act(() => {
  /* fire events that update state */
});
/* assert on the output */

This ensures that you're testing the behavior the user would see in the browser. Learn more at https://react.dev/link/wrap-tests-with-act

[90mstderr[2m | src/components/dailyFirstPaintAcceptance.test.jsx[2m > [22m[2mDAILY first-paint acceptance[2m > [22m[2mD2 — IDB tail two sessions behind (the reported shift shape)
[22m[39mAn update to PatternOverlay inside a test was not wrapped in act(...).

When testing, code that causes React state updates should be wrapped into act(...):

act(() => {
  /* fire events that update state */
});
/* assert on the output */

This ensures that you're testing the behavior the user would see in the browser. Learn more at https://react.dev/link/wrap-tests-with-act
An update to ChartDrawingOverlay inside a test was not wrapped in act(...).

When testing, code that causes React state updates should be wrapped into act(...):

act(() => {
  /* fire events that update state */
});
/* assert on the output */

This ensures that you're testing the behavior the user would see in the browser. Learn more at https://react.dev/link/wrap-tests-with-act
An update to ChartDrawingOverlay inside a test was not wrapped in act(...).

When testing, code that causes React state updates should be wrapped into act(...):

act(() => {
  /* fire events that update state */
});
/* assert on the output */

This ensures that you're testing the behavior the user would see in the browser. Learn more at https://react.dev/link/wrap-tests-with-act
An update to ChartDrawingOverlay inside a test was not wrapped in act(...).

When testing, code that causes React state updates should be wrapped into act(...):

act(() => {
  /* fire events that update state */
});
/* assert on the output */

This ensures that you're testing the behavior the user would see in the browser. Learn more at https://react.dev/link/wrap-tests-with-act
An update to ChartDrawingOverlay inside a test was not wrapped in act(...).

When testing, code that causes React state updates should be wrapped into act(...):

act(() => {
  /* fire events that update state */
});
/* assert on the output */

This ensures that you're testing the behavior the user would see in the browser. Learn more at https://react.dev/link/wrap-tests-with-act
An update to ChartDrawingOverlay inside a test was not wrapped in act(...).

When testing, code that causes React state updates should be wrapped into act(...):

act(() => {
  /* fire events that update state */
});
/* assert on the output */

This ensures that you're testing the behavior the user would see in the browser. Learn more at https://react.dev/link/wrap-tests-with-act
An update to ChartDrawingOverlay inside a test was not wrapped in act(...).

When testing, code that causes React state updates should be wrapped into act(...):

act(() => {
  /* fire events that update state */
});
/* assert on the output */

This ensures that you're testing the behavior the user would see in the browser. Learn more at https://react.dev/link/wrap-tests-with-act
An update to StockChart inside a test was not wrapped in act(...).

When testing, code that causes React state updates should be wrapped into act(...):

act(() => {
  /* fire events that update state */
});
/* assert on the output */

This ensures that you're testing the behavior the user would see in the browser. Learn more at https://react.dev/link/wrap-tests-with-act
An update to StockChart inside a test was not wrapped in act(...).

When testing, code that causes React state updates should be wrapped into act(...):

act(() => {
  /* fire events that update state */
});
/* assert on the output */

This ensures that you're testing the behavior the user would see in the browser. Learn more at https://react.dev/link/wrap-tests-with-act
An update to StockChart inside a test was not wrapped in act(...).

When testing, code that causes React state updates should be wrapped into act(...):

act(() => {
  /* fire events that update state */
});
/* assert on the output */

This ensures that you're testing the behavior the user would see in the browser. Learn more at https://react.dev/link/wrap-tests-with-act
An update to StockChart inside a test was not wrapped in act(...).

When testing, code that causes React state updates should be wrapped into act(...):

act(() => {
  /* fire events that update state */
});
/* assert on the output */

This ensures that you're testing the behavior the user would see in the browser. Learn more at https://react.dev/link/wrap-tests-with-act
An update to StockChart inside a test was not wrapped in act(...).

When testing, code that causes React state updates should be wrapped into act(...):

act(() => {
  /* fire events that update state */
});
/* assert on the output */

This ensures that you're testing the behavior the user would see in the browser. Learn more at https://react.dev/link/wrap-tests-with-act
An update to StockChart inside a test was not wrapped in act(...).

When testing, code that causes React state updates should be wrapped into act(...):

act(() => {
  /* fire events that update state */
});
/* assert on the output */

This ensures that you're testing the behavior the user would see in the browser. Learn more at https://react.dev/link/wrap-tests-with-act
An update to StockChart inside a test was not wrapped in act(...).

When testing, code that causes React state updates should be wrapped into act(...):

act(() => {
  /* fire events that update state */
});
/* assert on the output */

This ensures that you're testing the behavior the user would see in the browser. Learn more at https://react.dev/link/wrap-tests-with-act

[90mstderr[2m | src/components/dailyFirstPaintAcceptance.test.jsx[2m > [22m[2mDAILY first-paint acceptance[2m > [22m[2mD2 — IDB tail two sessions behind (the reported shift shape)
[22m[39mAn update to StockChart inside a test was not wrapped in act(...).

When testing, code that causes React state updates should be wrapped into act(...):

act(() => {
  /* fire events that update state */
});
/* assert on the output */

This ensures that you're testing the behavior the user would see in the browser. Learn more at https://react.dev/link/wrap-tests-with-act
An update to StockChart inside a test was not wrapped in act(...).

When testing, code that causes React state updates should be wrapped into act(...):

act(() => {
  /* fire events that update state */
});
/* assert on the output */

This ensures that you're testing the behavior the user would see in the browser. Learn more at https://react.dev/link/wrap-tests-with-act
An update to StockChart inside a test was not wrapped in act(...).

When testing, code that causes React state updates should be wrapped into act(...):

act(() => {
  /* fire events that update state */
});
/* assert on the output */

This ensures that you're testing the behavior the user would see in the browser. Learn more at https://react.dev/link/wrap-tests-with-act
An update to StockChart inside a test was not wrapped in act(...).

When testing, code that causes React state updates should be wrapped into act(...):

act(() => {
  /* fire events that update state */
});
/* assert on the output */

This ensures that you're testing the behavior the user would see in the browser. Learn more at https://react.dev/link/wrap-tests-with-act
An update to StockChart inside a test was not wrapped in act(...).

When testing, code that causes React state updates should be wrapped into act(...):

act(() => {
  /* fire events that update state */
});
/* assert on the output */

This ensures that you're testing the behavior the user would see in the browser. Learn more at https://react.dev/link/wrap-tests-with-act
An update to StockChart inside a test was not wrapped in act(...).

When testing, code that causes React state updates should be wrapped into act(...):

act(() => {
  /* fire events that update state */
});
/* assert on the output */

This ensures that you're testing the behavior the user would see in the browser. Learn more at https://react.dev/link/wrap-tests-with-act

[90mstderr[2m | src/components/StockChart.anchor.test.jsx[2m > [22m[2mview lock — no drift across ticker switches (apply-only)[2m > [22m[2ma plain click (no drag) never overwrites the stored lock
[22m[39mAn update to StockChart inside a test was not wrapped in act(...).

When testing, code that causes React state updates should be wrapped into act(...):

act(() => {
  /* fire events that update state */
});
/* assert on the output */

This ensures that you're testing the behavior the user would see in the browser. Learn more at https://react.dev/link/wrap-tests-with-act

[90mstderr[2m | src/components/dailyFirstPaintAcceptance.test.jsx[2m > [22m[2mDAILY first-paint acceptance[2m > [22m[2mD2 — IDB tail two sessions behind (the reported shift shape)
[22m[39mAn update to StockChart inside a test was not wrapped in act(...).

When testing, code that causes React state updates should be wrapped into act(...):

act(() => {
  /* fire events that update state */
});
/* assert on the output */

This ensures that you're testing the behavior the user would see in the browser. Learn more at https://react.dev/link/wrap-tests-with-act

[90mstderr[2m | src/components/dailyFirstPaintAcceptance.test.jsx[2m > [22m[2mDAILY first-paint acceptance[2m > [22m[2mD5 — IDB tail five sessions behind
[22m[39mAn update to StockChart inside a test was not wrapped in act(...).

When testing, code that causes React state updates should be wrapped into act(...):

act(() => {
  /* fire events that update state */
});
/* assert on the output */

This ensures that you're testing the behavior the user would see in the browser. Learn more at https://react.dev/link/wrap-tests-with-act
An update to StockChart inside a test was not wrapped in act(...).

When testing, code that causes React state updates should be wrapped into act(...):

act(() => {
  /* fire events that update state */
});
/* assert on the output */

This ensures that you're testing the behavior the user would see in the browser. Learn more at https://react.dev/link/wrap-tests-with-act

[90mstderr[2m | src/components/dailyFirstPaintAcceptance.test.jsx[2m > [22m[2mDAILY first-paint acceptance[2m > [22m[2mD5 — IDB tail five sessions behind
[22m[39mAn update to StockChart inside a test was not wrapped in act(...).

When testing, code that causes React state updates should be wrapped into act(...):

act(() => {
  /* fire events that update state */
});
/* assert on the output */

This ensures that you're testing the behavior the user would see in the browser. Learn more at https://react.dev/link/wrap-tests-with-act
An update to StockChart inside a test was not wrapped in act(...).

When testing, code that causes React state updates should be wrapped into act(...):

act(() => {
  /* fire events that update state */
});
/* assert on the output */

This ensures that you're testing the behavior the user would see in the browser. Learn more at https://react.dev/link/wrap-tests-with-act

[90mstderr[2m | src/components/dailyFirstPaintAcceptance.test.jsx[2m > [22m[2mDAILY first-paint acceptance[2m > [22m[2mD5 — IDB tail five sessions behind
[22m[39mAn update to StockChart inside a test was not wrapped in act(...).

When testing, code that causes React state updates should be wrapped into act(...):

act(() => {
  /* fire events that update state */
});
/* assert on the output */

This ensures that you're testing the behavior the user would see in the browser. Learn more at https://react.dev/link/wrap-tests-with-act

[90mstderr[2m | src/components/dailyFirstPaintAcceptance.test.jsx[2m > [22m[2mDAILY first-paint acceptance[2m > [22m[2mD5 — IDB tail five sessions behind
[22m[39mAn update to StockChart inside a test was not wrapped in act(...).

When testing, code that causes React state updates should be wrapped into act(...):

act(() => {
  /* fire events that update state */
});
/* assert on the output */

This ensures that you're testing the behavior the user would see in the browser. Learn more at https://react.dev/link/wrap-tests-with-act

[90mstderr[2m | src/components/dailyFirstPaintAcceptance.test.jsx[2m > [22m[2mDAILY first-paint acceptance[2m > [22m[2mD5 — IDB tail five sessions behind
[22m[39mAn update to StockChart inside a test was not wrapped in act(...).

When testing, code that causes React state updates should be wrapped into act(...):

act(() => {
  /* fire events that update state */
});
/* assert on the output */

This ensures that you're testing the behavior the user would see in the browser. Learn more at https://react.dev/link/wrap-tests-with-act

[90mstderr[2m | src/components/dailyFirstPaintAcceptance.test.jsx[2m > [22m[2mDAILY first-paint acceptance[2m > [22m[2mD5 — IDB tail five sessions behind
[22m[39mAn update to StockChart inside a test was not wrapped in act(...).

When testing, code that causes React state updates should be wrapped into act(...):

act(() => {
  /* fire events that update state */
});
/* assert on the output */

This ensures that you're testing the behavior the user would see in the browser. Learn more at https://react.dev/link/wrap-tests-with-act

[90mstderr[2m | src/components/dailyFirstPaintAcceptance.test.jsx[2m > [22m[2mDAILY first-paint acceptance[2m > [22m[2mD5 — IDB tail five sessions behind
[22m[39mAn update to PatternOverlay inside a test was not wrapped in act(...).

When testing, code that causes React state updates should be wrapped into act(...):

act(() => {
  /* fire events that update state */
});
/* assert on the output */

This ensures that you're testing the behavior the user would see in the browser. Learn more at https://react.dev/link/wrap-tests-with-act
An update to ChartDrawingOverlay inside a test was not wrapped in act(...).

When testing, code that causes React state updates should be wrapped into act(...):

act(() => {
  /* fire events that update state */
});
/* assert on the output */

This ensures that you're testing the behavior the user would see in the browser. Learn more at https://react.dev/link/wrap-tests-with-act
An update to ChartDrawingOverlay inside a test was not wrapped in act(...).

When testing, code that causes React state updates should be wrapped into act(...):

act(() => {
  /* fire events that update state */
});
/* assert on the output */

This ensures that you're testing the behavior the user would see in the browser. Learn more at https://react.dev/link/wrap-tests-with-act
An update to ChartDrawingOverlay inside a test was not wrapped in act(...).

When testing, code that causes React state updates should be wrapped into act(...):

act(() => {
  /* fire events that update state */
});
/* assert on the output */

This ensures that you're testing the behavior the user would see in the browser. Learn more at https://react.dev/link/wrap-tests-with-act
An update to ChartDrawingOverlay inside a test was not wrapped in act(...).

When testing, code that causes React state updates should be wrapped into act(...):

act(() => {
  /* fire events that update state */
});
/* assert on the output */

This ensures that you're testing the behavior the user would see in the browser. Learn more at https://react.dev/link/wrap-tests-with-act
An update to ChartDrawingOverlay inside a test was not wrapped in act(...).

When testing, code that causes React state updates should be wrapped into act(...):

act(() => {
  /* fire events that update state */
});
/* assert on the output */

This ensures that you're testing the behavior the user would see in the browser. Learn more at https://react.dev/link/wrap-tests-with-act
An update to ChartDrawingOverlay inside a test was not wrapped in act(...).

When testing, code that causes React state updates should be wrapped into act(...):

act(() => {
  /* fire events that update state */
});
/* assert on the output */

This ensures that you're testing the behavior the user would see in the browser. Learn more at https://react.dev/link/wrap-tests-with-act
An update to StockChart inside a test was not wrapped in act(...).

When testing, code that causes React state updates should be wrapped into act(...):

act(() => {
  /* fire events that update state */
});
/* assert on the output */

This ensures that you're testing the behavior the user would see in the browser. Learn more at https://react.dev/link/wrap-tests-with-act
An update to StockChart inside a test was not wrapped in act(...).

When testing, code that causes React state updates should be wrapped into act(...):

act(() => {
  /* fire events that update state */
});
/* assert on the output */

This ensures that you're testing the behavior the user would see in the browser. Learn more at https://react.dev/link/wrap-tests-with-act
An update to StockChart inside a test was not wrapped in act(...).

When testing, code that causes React state updates should be wrapped into act(...):

act(() => {
  /* fire events that update state */
});
/* assert on the output */

This ensures that you're testing the behavior the user would see in the browser. Learn more at https://react.dev/link/wrap-tests-with-act
An update to StockChart inside a test was not wrapped in act(...).

When testing, code that causes React state updates should be wrapped into act(...):

act(() => {
  /* fire events that update state */
});
/* assert on the output */

This ensures that you're testing the behavior the user would see in the browser. Learn more at https://react.dev/link/wrap-tests-with-act
An update to StockChart inside a test was not wrapped in act(...).

When testing, code that causes React state updates should be wrapped into act(...):

act(() => {
  /* fire events that update state */
});
/* assert on the output */

This ensures that you're testing the behavior the user would see in the browser. Learn more at https://react.dev/link/wrap-tests-with-act
An update to StockChart inside a test was not wrapped in act(...).

When testing, code that causes React state updates should be wrapped into act(...):

act(() => {
  /* fire events that update state */
});
/* assert on the output */

This ensures that you're testing the behavior the user would see in the browser. Learn more at https://react.dev/link/wrap-tests-with-act
An update to StockChart inside a test was not wrapped in act(...).

When testing, code that causes React state updates should be wrapped into act(...):

act(() => {
  /* fire events that update state */
});
/* assert on the output */

This ensures that you're testing the behavior the user would see in the browser. Learn more at https://react.dev/link/wrap-tests-with-act

[90mstderr[2m | src/components/dailyFirstPaintAcceptance.test.jsx[2m > [22m[2mDAILY first-paint acceptance[2m > [22m[2mD5 — IDB tail five sessions behind
[22m[39mAn update to StockChart inside a test was not wrapped in act(...).

When testing, code that causes React state updates should be wrapped into act(...):

act(() => {
  /* fire events that update state */
});
/* assert on the output */

This ensures that you're testing the behavior the user would see in the browser. Learn more at https://react.dev/link/wrap-tests-with-act
An update to StockChart inside a test was not wrapped in act(...).

When testing, code that causes React state updates should be wrapped into act(...):

act(() => {
  /* fire events that update state */
});
/* assert on the output */

This ensures that you're testing the behavior the user would see in the browser. Learn more at https://react.dev/link/wrap-tests-with-act
An update to StockChart inside a test was not wrapped in act(...).

When testing, code that causes React state updates should be wrapped into act(...):

act(() => {
  /* fire events that update state */
});
/* assert on the output */

This ensures that you're testing the behavior the user would see in the browser. Learn more at https://react.dev/link/wrap-tests-with-act
An update to StockChart inside a test was not wrapped in act(...).

When testing, code that causes React state updates should be wrapped into act(...):

act(() => {
  /* fire events that update state */
});
/* assert on the output */

This ensures that you're testing the behavior the user would see in the browser. Learn more at https://react.dev/link/wrap-tests-with-act
An update to StockChart inside a test was not wrapped in act(...).

When testing, code that causes React state updates should be wrapped into act(...):

act(() => {
  /* fire events that update state */
});
/* assert on the output */

This ensures that you're testing the behavior the user would see in the browser. Learn more at https://react.dev/link/wrap-tests-with-act
An update to StockChart inside a test was not wrapped in act(...).

When testing, code that causes React state updates should be wrapped into act(...):

act(() => {
  /* fire events that update state */
});
/* assert on the output */

This ensures that you're testing the behavior the user would see in the browser. Learn more at https://react.dev/link/wrap-tests-with-act

[90mstderr[2m | src/components/dailyFirstPaintAcceptance.test.jsx[2m > [22m[2mDAILY first-paint acceptance[2m > [22m[2mD5 — IDB tail five sessions behind
[22m[39mAn update to StockChart inside a test was not wrapped in act(...).

When testing, code that causes React state updates should be wrapped into act(...):

act(() => {
  /* fire events that update state */
});
/* assert on the output */

This ensures that you're testing the behavior the user would see in the browser. Learn more at https://react.dev/link/wrap-tests-with-act

[90mstderr[2m | src/components/dailyFirstPaintAcceptance.test.jsx[2m > [22m[2mDAILY first-paint acceptance[2m > [22m[2mD20 — IDB tail twenty sessions behind
[22m[39mAn update to StockChart inside a test was not wrapped in act(...).

When testing, code that causes React state updates should be wrapped into act(...):

act(() => {
  /* fire events that update state */
});
/* assert on the output */

This ensures that you're testing the behavior the user would see in the browser. Learn more at https://react.dev/link/wrap-tests-with-act
An update to StockChart inside a test was not wrapped in act(...).

When testing, code that causes React state updates should be wrapped into act(...):

act(() => {
  /* fire events that update state */
});
/* assert on the output */

This ensures that you're testing the behavior the user would see in the browser. Learn more at https://react.dev/link/wrap-tests-with-act

[90mstderr[2m | src/components/dailyFirstPaintAcceptance.test.jsx[2m > [22m[2mDAILY first-paint acceptance[2m > [22m[2mD20 — IDB tail twenty sessions behind
[22m[39mAn update to StockChart inside a test was not wrapped in act(...).

When testing, code that causes React state updates should be wrapped into act(...):

act(() => {
  /* fire events that update state */
});
/* assert on the output */

This ensures that you're testing the behavior the user would see in the browser. Learn more at https://react.dev/link/wrap-tests-with-act
An update to StockChart inside a test was not wrapped in act(...).

When testing, code that causes React state updates should be wrapped into act(...):

act(() => {
  /* fire events that update state */
});
/* assert on the output */

This ensures that you're testing the behavior the user would see in the browser. Learn more at https://react.dev/link/wrap-tests-with-act

[90mstderr[2m | src/components/dailyFirstPaintAcceptance.test.jsx[2m > [22m[2mDAILY first-paint acceptance[2m > [22m[2mD20 — IDB tail twenty sessions behind
[22m[39mAn update to StockChart inside a test was not wrapped in act(...).

When testing, code that causes React state updates should be wrapped into act(...):

act(() => {
  /* fire events that update state */
});
/* assert on the output */

This ensures that you're testing the behavior the user would see in the browser. Learn more at https://react.dev/link/wrap-tests-with-act

[90mstderr[2m | src/components/dailyFirstPaintAcceptance.test.jsx[2m > [22m[2mDAILY first-paint acceptance[2m > [22m[2mD20 — IDB tail twenty sessions behind
[22m[39mAn update to StockChart inside a test was not wrapped in act(...).

When testing, code that causes React state updates should be wrapped into act(...):

act(() => {
  /* fire events that update state */
});
/* assert on the output */

This ensures that you're testing the behavior the user would see in the browser. Learn more at https://react.dev/link/wrap-tests-with-act

[90mstderr[2m | src/components/dailyFirstPaintAcceptance.test.jsx[2m > [22m[2mDAILY first-paint acceptance[2m > [22m[2mD20 — IDB tail twenty sessions behind
[22m[39mAn update to StockChart inside a test was not wrapped in act(...).

When testing, code that causes React state updates should be wrapped into act(...):

act(() => {
  /* fire events that update state */
});
/* assert on the output */

This ensures that you're testing the behavior the user would see in the browser. Learn more at https://react.dev/link/wrap-tests-with-act

[90mstderr[2m | src/components/dailyFirstPaintAcceptance.test.jsx[2m > [22m[2mDAILY first-paint acceptance[2m > [22m[2mD20 — IDB tail twenty sessions behind
[22m[39mAn update to StockChart inside a test was not wrapped in act(...).

When testing, code that causes React state updates should be wrapped into act(...):

act(() => {
  /* fire events that update state */
});
/* assert on the output */

This ensures that you're testing the behavior the user would see in the browser. Learn more at https://react.dev/link/wrap-tests-with-act

[90mstderr[2m | src/components/dailyFirstPaintAcceptance.test.jsx[2m > [22m[2mDAILY first-paint acceptance[2m > [22m[2mD20 — IDB tail twenty sessions behind
[22m[39mAn update to PatternOverlay inside a test was not wrapped in act(...).

When testing, code that causes React state updates should be wrapped into act(...):

act(() => {
  /* fire events that update state */
});
/* assert on the output */

This ensures that you're testing the behavior the user would see in the browser. Learn more at https://react.dev/link/wrap-tests-with-act
An update to ChartDrawingOverlay inside a test was not wrapped in act(...).

When testing, code that causes React state updates should be wrapped into act(...):

act(() => {
  /* fire events that update state */
});
/* assert on the output */

This ensures that you're testing the behavior the user would see in the browser. Learn more at https://react.dev/link/wrap-tests-with-act
An update to ChartDrawingOverlay inside a test was not wrapped in act(...).

When testing, code that causes React state updates should be wrapped into act(...):

act(() => {
  /* fire events that update state */
});
/* assert on the output */

This ensures that you're testing the behavior the user would see in the browser. Learn more at https://react.dev/link/wrap-tests-with-act
An update to ChartDrawingOverlay inside a test was not wrapped in act(...).

When testing, code that causes React state updates should be wrapped into act(...):

act(() => {
  /* fire events that update state */
});
/* assert on the output */

This ensures that you're testing the behavior the user would see in the browser. Learn more at https://react.dev/link/wrap-tests-with-act
An update to ChartDrawingOverlay inside a test was not wrapped in act(...).

When testing, code that causes React state updates should be wrapped into act(...):

act(() => {
  /* fire events that update state */
});
/* assert on the output */

This ensures that you're testing the behavior the user would see in the browser. Learn more at https://react.dev/link/wrap-tests-with-act
An update to ChartDrawingOverlay inside a test was not wrapped in act(...).

When testing, code that causes React state updates should be wrapped into act(...):

act(() => {
  /* fire events that update state */
});
/* assert on the output */

This ensures that you're testing the behavior the user would see in the browser. Learn more at https://react.dev/link/wrap-tests-with-act
An update to ChartDrawingOverlay inside a test was not wrapped in act(...).

When testing, code that causes React state updates should be wrapped into act(...):

act(() => {
  /* fire events that update state */
});
/* assert on the output */

This ensures that you're testing the behavior the user would see in the browser. Learn more at https://react.dev/link/wrap-tests-with-act
An update to StockChart inside a test was not wrapped in act(...).

When testing, code that causes React state updates should be wrapped into act(...):

act(() => {
  /* fire events that update state */
});
/* assert on the output */

This ensures that you're testing the behavior the user would see in the browser. Learn more at https://react.dev/link/wrap-tests-with-act
An update to StockChart inside a test was not wrapped in act(...).

When testing, code that causes React state updates should be wrapped into act(...):

act(() => {
  /* fire events that update state */
});
/* assert on the output */

This ensures that you're testing the behavior the user would see in the browser. Learn more at https://react.dev/link/wrap-tests-with-act
An update to StockChart inside a test was not wrapped in act(...).

When testing, code that causes React state updates should be wrapped into act(...):

act(() => {
  /* fire events that update state */
});
/* assert on the output */

This ensures that you're testing the behavior the user would see in the browser. Learn more at https://react.dev/link/wrap-tests-with-act
An update to StockChart inside a test was not wrapped in act(...).

When testing, code that causes React state updates should be wrapped into act(...):

act(() => {
  /* fire events that update state */
});
/* assert on the output */

This ensures that you're testing the behavior the user would see in the browser. Learn more at https://react.dev/link/wrap-tests-with-act
An update to StockChart inside a test was not wrapped in act(...).

When testing, code that causes React state updates should be wrapped into act(...):

act(() => {
  /* fire events that update state */
});
/* assert on the output */

This ensures that you're testing the behavior the user would see in the browser. Learn more at https://react.dev/link/wrap-tests-with-act
An update to StockChart inside a test was not wrapped in act(...).

When testing, code that causes React state updates should be wrapped into act(...):

act(() => {
  /* fire events that update state */
});
/* assert on the output */

This ensures that you're testing the behavior the user would see in the browser. Learn more at https://react.dev/link/wrap-tests-with-act
An update to StockChart inside a test was not wrapped in act(...).

When testing, code that causes React state updates should be wrapped into act(...):

act(() => {
  /* fire events that update state */
});
/* assert on the output */

This ensures that you're testing the behavior the user would see in the browser. Learn more at https://react.dev/link/wrap-tests-with-act

[90mstderr[2m | src/components/dailyFirstPaintAcceptance.test.jsx[2m > [22m[2mDAILY first-paint acceptance[2m > [22m[2mD20 — IDB tail twenty sessions behind
[22m[39mAn update to StockChart inside a test was not wrapped in act(...).

When testing, code that causes React state updates should be wrapped into act(...):

act(() => {
  /* fire events that update state */
});
/* assert on the output */

This ensures that you're testing the behavior the user would see in the browser. Learn more at https://react.dev/link/wrap-tests-with-act
An update to StockChart inside a test was not wrapped in act(...).

When testing, code that causes React state updates should be wrapped into act(...):

act(() => {
  /* fire events that update state */
});
/* assert on the output */

This ensures that you're testing the behavior the user would see in the browser. Learn more at https://react.dev/link/wrap-tests-with-act
An update to StockChart inside a test was not wrapped in act(...).

When testing, code that causes React state updates should be wrapped into act(...):

act(() => {
  /* fire events that update state */
});
/* assert on the output */

This ensures that you're testing the behavior the user would see in the browser. Learn more at https://react.dev/link/wrap-tests-with-act
An update to StockChart inside a test was not wrapped in act(...).

When testing, code that causes React state updates should be wrapped into act(...):

act(() => {
  /* fire events that update state */
});
/* assert on the output */

This ensures that you're testing the behavior the user would see in the browser. Learn more at https://react.dev/link/wrap-tests-with-act
An update to StockChart inside a test was not wrapped in act(...).

When testing, code that causes React state updates should be wrapped into act(...):

act(() => {
  /* fire events that update state */
});
/* assert on the output */

This ensures that you're testing the behavior the user would see in the browser. Learn more at https://react.dev/link/wrap-tests-with-act
An update to StockChart inside a test was not wrapped in act(...).

When testing, code that causes React state updates should be wrapped into act(...):

act(() => {
  /* fire events that update state */
});
/* assert on the output */

This ensures that you're testing the behavior the user would see in the browser. Learn more at https://react.dev/link/wrap-tests-with-act

[90mstderr[2m | src/pages/journal-2-0/components/notebook/doorsThroughTheEditor.property.test.jsx[2m > [22m[2m⛔⛔ THE INVARIANT — the offline sentence reaches the server body, and nothing forks[2m > [22m[2m⛔ door `folder` with 1 queued send(s) in flight ⇒ the sentence is on the server
[22m[39mAn update to TableToolbar inside a test was not wrapped in act(...).

When testing, code that causes React state updates should be wrapped into act(...):

act(() => {
  /* fire events that update state */
});
/* assert on the output */

This ensures that you're testing the behavior the user would see in the browser. Learn more at https://react.dev/link/wrap-tests-with-act
An update to LinkPasteMenu inside a test was not wrapped in act(...).

When testing, code that causes React state updates should be wrapped into act(...):

act(() => {
  /* fire events that update state */
});
/* assert on the output */

This ensures that you're testing the behavior the user would see in the browser. Learn more at https://react.dev/link/wrap-tests-with-act
An update to NoteEditorPage inside a test was not wrapped in act(...).

When testing, code that causes React state updates should be wrapped into act(...):

act(() => {
  /* fire events that update state */
});
/* assert on the output */

This ensures that you're testing the behavior the user would see in the browser. Learn more at https://react.dev/link/wrap-tests-with-act
An update to NoteEditorPage inside a test was not wrapped in act(...).

When testing, code that causes React state updates should be wrapped into act(...):

act(() => {
  /* fire events that update state */
});
/* assert on the output */

This ensures that you're testing the behavior the user would see in the browser. Learn more at https://react.dev/link/wrap-tests-with-act
An update to NoteEditorPage inside a test was not wrapped in act(...).

When testing, code that causes React state updates should be wrapped into act(...):

act(() => {
  /* fire events that update state */
});
/* assert on the output */

This ensures that you're testing the behavior the user would see in the browser. Learn more at https://react.dev/link/wrap-tests-with-act
An update to NoteEditorPage inside a test was not wrapped in act(...).

When testing, code that causes React state updates should be wrapped into act(...):

act(() => {
  /* fire events that update state */
});
/* assert on the output */

This ensures that you're testing the behavior the user would see in the browser. Learn more at https://react.dev/link/wrap-tests-with-act
An update to NoteEditorPage inside a test was not wrapped in act(...).

When testing, code that causes React state updates should be wrapped into act(...):

act(() => {
  /* fire events that update state */
});
/* assert on the output */

This ensures that you're testing the behavior the user would see in the browser. Learn more at https://react.dev/link/wrap-tests-with-act

[90mstderr[2m | src/pages/journal-2-0/components/notebook/doorsThroughTheEditor.property.test.jsx[2m > [22m[2m⛔⛔ THE INVARIANT — the offline sentence reaches the server body, and nothing forks[2m > [22m[2m⛔ door `folder` with 1 queued send(s) in flight ⇒ the sentence is on the server
[22m[39mautosave failed (retry 1 in 1000ms) TypeError: Failed to fetch
    at Object.srv.offlineError (C:/Users/Patrick/uct-worktrees/notebook-w13-landing/app/src/pages/journal-2-0/components/notebook/doorsThroughTheEditor.property.test.jsx:125:15)
    at C:/Users/Patrick/uct-worktrees/notebook-w13-landing/app/src/pages/journal-2-0/components/notebook/doorsThroughTheEditor.property.test.jsx:160:38
    at Mock (file:///C:/Users/Patrick/uct-worktrees/_nb-shared-install/node_modules/[4m@vitest/spy[24m/dist/index.js:285:34)
    at Object.commitSave [as current] (C:/Users/Patrick/uct-worktrees/notebook-w13-landing/app/src/pages/journal-2-0/components/notebook/NoteEditorPage.jsx:3203:23)
    at C:/Users/Patrick/uct-worktrees/notebook-w13-landing/app/src/pages/journal-2-0/components/notebook/NoteEditorPage.jsx:1580:59
    at callTimer (file:///C:/Users/Patrick/uct-worktrees/_nb-shared-install/node_modules/[4mvitest[24m/dist/chunks/vi.2VT5v0um.js:2111:25)
    at doTickInner (file:///C:/Users/Patrick/uct-worktrees/_nb-shared-install/node_modules/[4mvitest[24m/dist/chunks/vi.2VT5v0um.js:2714:30)
    at doTick (file:///C:/Users/Patrick/uct-worktrees/_nb-shared-install/node_modules/[4mvitest[24m/dist/chunks/vi.2VT5v0um.js:2795:21)
    at Object.tick (file:///C:/Users/Patrick/uct-worktrees/_nb-shared-install/node_modules/[4mvitest[24m/dist/chunks/vi.2VT5v0um.js:2803:21)
    at FakeTimers.advanceTimersByTime (file:///C:/Users/Patrick/uct-worktrees/_nb-shared-install/node_modules/[4mvitest[24m/dist/chunks/vi.2VT5v0um.js:3529:44)

[90mstderr[2m | src/pages/journal-2-0/components/notebook/doorsThroughTheEditor.property.test.jsx[2m > [22m[2m⛔⛔ THE INVARIANT — the offline sentence reaches the server body, and nothing forks[2m > [22m[2m⛔ door `folder` with 1 queued send(s) in flight ⇒ the sentence is on the server
[22m[39mAn update to TableToolbar inside a test was not wrapped in act(...).

When testing, code that causes React state updates should be wrapped into act(...):

act(() => {
  /* fire events that update state */
});
/* assert on the output */

This ensures that you're testing the behavior the user would see in the browser. Learn more at https://react.dev/link/wrap-tests-with-act
An update to LinkPasteMenu inside a test was not wrapped in act(...).

When testing, code that causes React state updates should be wrapped into act(...):

act(() => {
  /* fire events that update state */
});
/* assert on the output */

This ensures that you're testing the behavior the user would see in the browser. Learn more at https://react.dev/link/wrap-tests-with-act
An update to NoteEditorPage inside a test was not wrapped in act(...).

When testing, code that causes React state updates should be wrapped into act(...):

act(() => {
  /* fire events that update state */
});
/* assert on the output */

This ensures that you're testing the behavior the user would see in the browser. Learn more at https://react.dev/link/wrap-tests-with-act
An update to NoteEditorPage inside a test was not wrapped in act(...).

When testing, code that causes React state updates should be wrapped into act(...):

act(() => {
  /* fire events that update state */
});
/* assert on the output */

This ensures that you're testing the behavior the user would see in the browser. Learn more at https://react.dev/link/wrap-tests-with-act
An update to NoteEditorPage inside a test was not wrapped in act(...).

When testing, code that causes React state updates should be wrapped into act(...):

act(() => {
  /* fire events that update state */
});
/* assert on the output */

This ensures that you're testing the behavior the user would see in the browser. Learn more at https://react.dev/link/wrap-tests-with-act
An update to NoteEditorPage inside a test was not wrapped in act(...).

When testing, code that causes React state updates should be wrapped into act(...):

act(() => {
  /* fire events that update state */
});
/* assert on the output */

This ensures that you're testing the behavior the user would see in the browser. Learn more at https://react.dev/link/wrap-tests-with-act
An update to NoteEditorPage inside a test was not wrapped in act(...).

When testing, code that causes React state updates should be wrapped into act(...):

act(() => {
  /* fire events that update state */
});
/* assert on the output */

This ensures that you're testing the behavior the user would see in the browser. Learn more at https://react.dev/link/wrap-tests-with-act

[90mstderr[2m | src/components/dailyFirstPaintAcceptance.test.jsx[2m > [22m[2mDAILY first-paint acceptance[2m > [22m[2mD20 — IDB tail twenty sessions behind
[22m[39mAn update to StockChart inside a test was not wrapped in act(...).

When testing, code that causes React state updates should be wrapped into act(...):

act(() => {
  /* fire events that update state */
});
/* assert on the output */

This ensures that you're testing the behavior the user would see in the browser. Learn more at https://react.dev/link/wrap-tests-with-act

[90mstderr[2m | src/components/dailyFirstPaintAcceptance.test.jsx[2m > [22m[2mDAILY first-paint acceptance[2m > [22m[2mD250 — IDB tail ~250 sessions behind (the PLL class)
[22m[39mAn update to StockChart inside a test was not wrapped in act(...).

When testing, code that causes React state updates should be wrapped into act(...):

act(() => {
  /* fire events that update state */
});
/* assert on the output */

This ensures that you're testing the behavior the user would see in the browser. Learn more at https://react.dev/link/wrap-tests-with-act
An update to StockChart inside a test was not wrapped in act(...).

When testing, code that causes React state updates should be wrapped into act(...):

act(() => {
  /* fire events that update state */
});
/* assert on the output */

This ensures that you're testing the behavior the user would see in the browser. Learn more at https://react.dev/link/wrap-tests-with-act

[90mstderr[2m | src/components/dailyFirstPaintAcceptance.test.jsx[2m > [22m[2mDAILY first-paint acceptance[2m > [22m[2mD250 — IDB tail ~250 sessions behind (the PLL class)
[22m[39mAn update to StockChart inside a test was not wrapped in act(...).

When testing, code that causes React state updates should be wrapped into act(...):

act(() => {
  /* fire events that update state */
});
/* assert on the output */

This ensures that you're testing the behavior the user would see in the browser. Learn more at https://react.dev/link/wrap-tests-with-act
An update to StockChart inside a test was not wrapped in act(...).

When testing, code that causes React state updates should be wrapped into act(...):

act(() => {
  /* fire events that update state */
});
/* assert on the output */

This ensures that you're testing the behavior the user would see in the browser. Learn more at https://react.dev/link/wrap-tests-with-act

[90mstderr[2m | src/components/dailyFirstPaintAcceptance.test.jsx[2m > [22m[2mDAILY first-paint acceptance[2m > [22m[2mD250 — IDB tail ~250 sessions behind (the PLL class)
[22m[39mAn update to StockChart inside a test was not wrapped in act(...).

When testing, code that causes React state updates should be wrapped into act(...):

act(() => {
  /* fire events that update state */
});
/* assert on the output */

This ensures that you're testing the behavior the user would see in the browser. Learn more at https://react.dev/link/wrap-tests-with-act

[90mstderr[2m | src/components/dailyFirstPaintAcceptance.test.jsx[2m > [22m[2mDAILY first-paint acceptance[2m > [22m[2mD250 — IDB tail ~250 sessions behind (the PLL class)
[22m[39mAn update to StockChart inside a test was not wrapped in act(...).

When testing, code that causes React state updates should be wrapped into act(...):

act(() => {
  /* fire events that update state */
});
/* assert on the output */

This ensures that you're testing the behavior the user would see in the browser. Learn more at https://react.dev/link/wrap-tests-with-act

[90mstderr[2m | src/components/dailyFirstPaintAcceptance.test.jsx[2m > [22m[2mDAILY first-paint acceptance[2m > [22m[2mD250 — IDB tail ~250 sessions behind (the PLL class)
[22m[39mAn update to StockChart inside a test was not wrapped in act(...).

When testing, code that causes React state updates should be wrapped into act(...):

act(() => {
  /* fire events that update state */
});
/* assert on the output */

This ensures that you're testing the behavior the user would see in the browser. Learn more at https://react.dev/link/wrap-tests-with-act

[90mstderr[2m | src/components/dailyFirstPaintAcceptance.test.jsx[2m > [22m[2mDAILY first-paint acceptance[2m > [22m[2mD250 — IDB tail ~250 sessions behind (the PLL class)
[22m[39mAn update to StockChart inside a test was not wrapped in act(...).

When testing, code that causes React state updates should be wrapped into act(...):

act(() => {
  /* fire events that update state */
});
/* assert on the output */

This ensures that you're testing the behavior the user would see in the browser. Learn more at https://react.dev/link/wrap-tests-with-act

[90mstderr[2m | src/components/dailyFirstPaintAcceptance.test.jsx[2m > [22m[2mDAILY first-paint acceptance[2m > [22m[2mD250 — IDB tail ~250 sessions behind (the PLL class)
[22m[39mAn update to PatternOverlay inside a test was not wrapped in act(...).

When testing, code that causes React state updates should be wrapped into act(...):

act(() => {
  /* fire events that update state */
});
/* assert on the output */

This ensures that you're testing the behavior the user would see in the browser. Learn more at https://react.dev/link/wrap-tests-with-act
An update to ChartDrawingOverlay inside a test was not wrapped in act(...).

When testing, code that causes React state updates should be wrapped into act(...):

act(() => {
  /* fire events that update state */
});
/* assert on the output */

This ensures that you're testing the behavior the user would see in the browser. Learn more at https://react.dev/link/wrap-tests-with-act
An update to ChartDrawingOverlay inside a test was not wrapped in act(...).

When testing, code that causes React state updates should be wrapped into act(...):

act(() => {
  /* fire events that update state */
});
/* assert on the output */

This ensures that you're testing the behavior the user would see in the browser. Learn more at https://react.dev/link/wrap-tests-with-act
An update to ChartDrawingOverlay inside a test was not wrapped in act(...).

When testing, code that causes React state updates should be wrapped into act(...):

act(() => {
  /* fire events that update state */
});
/* assert on the output */

This ensures that you're testing the behavior the user would see in the browser. Learn more at https://react.dev/link/wrap-tests-with-act
An update to ChartDrawingOverlay inside a test was not wrapped in act(...).

When testing, code that causes React state updates should be wrapped into act(...):

act(() => {
  /* fire events that update state */
});
/* assert on the output */

This ensures that you're testing the behavior the user would see in the browser. Learn more at https://react.dev/link/wrap-tests-with-act
An update to ChartDrawingOverlay inside a test was not wrapped in act(...).

When testing, code that causes React state updates should be wrapped into act(...):

act(() => {
  /* fire events that update state */
});
/* assert on the output */

This ensures that you're testing the behavior the user would see in the browser. Learn more at https://react.dev/link/wrap-tests-with-act
An update to ChartDrawingOverlay inside a test was not wrapped in act(...).

When testing, code that causes React state updates should be wrapped into act(...):

act(() => {
  /* fire events that update state */
});
/* assert on the output */

This ensures that you're testing the behavior the user would see in the browser. Learn more at https://react.dev/link/wrap-tests-with-act
An update to StockChart inside a test was not wrapped in act(...).

When testing, code that causes React state updates should be wrapped into act(...):

act(() => {
  /* fire events that update state */
});
/* assert on the output */

This ensures that you're testing the behavior the user would see in the browser. Learn more at https://react.dev/link/wrap-tests-with-act
An update to StockChart inside a test was not wrapped in act(...).

When testing, code that causes React state updates should be wrapped into act(...):

act(() => {
  /* fire events that update state */
});
/* assert on the output */

This ensures that you're testing the behavior the user would see in the browser. Learn more at https://react.dev/link/wrap-tests-with-act
An update to StockChart inside a test was not wrapped in act(...).

When testing, code that causes React state updates should be wrapped into act(...):

act(() => {
  /* fire events that update state */
});
/* assert on the output */

This ensures that you're testing the behavior the user would see in the browser. Learn more at https://react.dev/link/wrap-tests-with-act
An update to StockChart inside a test was not wrapped in act(...).

When testing, code that causes React state updates should be wrapped into act(...):

act(() => {
  /* fire events that update state */
});
/* assert on the output */

This ensures that you're testing the behavior the user would see in the browser. Learn more at https://react.dev/link/wrap-tests-with-act
An update to StockChart inside a test was not wrapped in act(...).

When testing, code that causes React state updates should be wrapped into act(...):

act(() => {
  /* fire events that update state */
});
/* assert on the output */

This ensures that you're testing the behavior the user would see in the browser. Learn more at https://react.dev/link/wrap-tests-with-act
An update to StockChart inside a test was not wrapped in act(...).

When testing, code that causes React state updates should be wrapped into act(...):

act(() => {
  /* fire events that update state */
});
/* assert on the output */

This ensures that you're testing the behavior the user would see in the browser. Learn more at https://react.dev/link/wrap-tests-with-act
An update to StockChart inside a test was not wrapped in act(...).

When testing, code that causes React state updates should be wrapped into act(...):

act(() => {
  /* fire events that update state */
});
/* assert on the output */

This ensures that you're testing the behavior the user would see in the browser. Learn more at https://react.dev/link/wrap-tests-with-act

[90mstderr[2m | src/components/dailyFirstPaintAcceptance.test.jsx[2m > [22m[2mDAILY first-paint acceptance[2m > [22m[2mD250 — IDB tail ~250 sessions behind (the PLL class)
[22m[39mAn update to StockChart inside a test was not wrapped in act(...).

When testing, code that causes React state updates should be wrapped into act(...):

act(() => {
  /* fire events that update state */
});
/* assert on the output */

This ensures that you're testing the behavior the user would see in the browser. Learn more at https://react.dev/link/wrap-tests-with-act
An update to StockChart inside a test was not wrapped in act(...).

When testing, code that causes React state updates should be wrapped into act(...):

act(() => {
  /* fire events that update state */
});
/* assert on the output */

This ensures that you're testing the behavior the user would see in the browser. Learn more at https://react.dev/link/wrap-tests-with-act
An update to StockChart inside a test was not wrapped in act(...).

When testing, code that causes React state updates should be wrapped into act(...):

act(() => {
  /* fire events that update state */
});
/* assert on the output */

This ensures that you're testing the behavior the user would see in the browser. Learn more at https://react.dev/link/wrap-tests-with-act
An update to StockChart inside a test was not wrapped in act(...).

When testing, code that causes React state updates should be wrapped into act(...):

act(() => {
  /* fire events that update state */
});
/* assert on the output */

This ensures that you're testing the behavior the user would see in the browser. Learn more at https://react.dev/link/wrap-tests-with-act
An update to StockChart inside a test was not wrapped in act(...).

When testing, code that causes React state updates should be wrapped into act(...):

act(() => {
  /* fire events that update state */
});
/* assert on the output */

This ensures that you're testing the behavior the user would see in the browser. Learn more at https://react.dev/link/wrap-tests-with-act
An update to StockChart inside a test was not wrapped in act(...).

When testing, code that causes React state updates should be wrapped into act(...):

act(() => {
  /* fire events that update state */
});
/* assert on the output */

This ensures that you're testing the behavior the user would see in the browser. Learn more at https://react.dev/link/wrap-tests-with-act

[90mstderr[2m | src/pages/journal-2-0/components/notebook/doorsThroughTheEditor.property.test.jsx[2m > [22m[2m⛔⛔ THE INVARIANT — the offline sentence reaches the server body, and nothing forks[2m > [22m[2m⛔ door `folder` with 2 queued send(s) in flight ⇒ the sentence is on the server
[22m[39mAn update to TableToolbar inside a test was not wrapped in act(...).

When testing, code that causes React state updates should be wrapped into act(...):

act(() => {
  /* fire events that update state */
});
/* assert on the output */

This ensures that you're testing the behavior the user would see in the browser. Learn more at https://react.dev/link/wrap-tests-with-act
An update to LinkPasteMenu inside a test was not wrapped in act(...).

When testing, code that causes React state updates should be wrapped into act(...):

act(() => {
  /* fire events that update state */
});
/* assert on the output */

This ensures that you're testing the behavior the user would see in the browser. Learn more at https://react.dev/link/wrap-tests-with-act
An update to NoteEditorPage inside a test was not wrapped in act(...).

When testing, code that causes React state updates should be wrapped into act(...):

act(() => {
  /* fire events that update state */
});
/* assert on the output */

This ensures that you're testing the behavior the user would see in the browser. Learn more at https://react.dev/link/wrap-tests-with-act
An update to NoteEditorPage inside a test was not wrapped in act(...).

When testing, code that causes React state updates should be wrapped into act(...):

act(() => {
  /* fire events that update state */
});
/* assert on the output */

This ensures that you're testing the behavior the user would see in the browser. Learn more at https://react.dev/link/wrap-tests-with-act
An update to NoteEditorPage inside a test was not wrapped in act(...).

When testing, code that causes React state updates should be wrapped into act(...):

act(() => {
  /* fire events that update state */
});
/* assert on the output */

This ensures that you're testing the behavior the user would see in the browser. Learn more at https://react.dev/link/wrap-tests-with-act
An update to NoteEditorPage inside a test was not wrapped in act(...).

When testing, code that causes React state updates should be wrapped into act(...):

act(() => {
  /* fire events that update state */
});
/* assert on the output */

This ensures that you're testing the behavior the user would see in the browser. Learn more at https://react.dev/link/wrap-tests-with-act
An update to NoteEditorPage inside a test was not wrapped in act(...).

When testing, code that causes React state updates should be wrapped into act(...):

act(() => {
  /* fire events that update state */
});
/* assert on the output */

This ensures that you're testing the behavior the user would see in the browser. Learn more at https://react.dev/link/wrap-tests-with-act

[90mstderr[2m | src/pages/journal-2-0/components/notebook/doorsThroughTheEditor.property.test.jsx[2m > [22m[2m⛔⛔ THE INVARIANT — the offline sentence reaches the server body, and nothing forks[2m > [22m[2m⛔ door `folder` with 2 queued send(s) in flight ⇒ the sentence is on the server
[22m[39mautosave failed (retry 1 in 1000ms) TypeError: Failed to fetch
    at Object.srv.offlineError (C:/Users/Patrick/uct-worktrees/notebook-w13-landing/app/src/pages/journal-2-0/components/notebook/doorsThroughTheEditor.property.test.jsx:125:15)
    at C:/Users/Patrick/uct-worktrees/notebook-w13-landing/app/src/pages/journal-2-0/components/notebook/doorsThroughTheEditor.property.test.jsx:160:38
    at Mock (file:///C:/Users/Patrick/uct-worktrees/_nb-shared-install/node_modules/[4m@vitest/spy[24m/dist/index.js:285:34)
    at Object.commitSave [as current] (C:/Users/Patrick/uct-worktrees/notebook-w13-landing/app/src/pages/journal-2-0/components/notebook/NoteEditorPage.jsx:3203:23)
    at C:/Users/Patrick/uct-worktrees/notebook-w13-landing/app/src/pages/journal-2-0/components/notebook/NoteEditorPage.jsx:1580:59
    at callTimer (file:///C:/Users/Patrick/uct-worktrees/_nb-shared-install/node_modules/[4mvitest[24m/dist/chunks/vi.2VT5v0um.js:2111:25)
    at doTickInner (file:///C:/Users/Patrick/uct-worktrees/_nb-shared-install/node_modules/[4mvitest[24m/dist/chunks/vi.2VT5v0um.js:2714:30)
    at doTick (file:///C:/Users/Patrick/uct-worktrees/_nb-shared-install/node_modules/[4mvitest[24m/dist/chunks/vi.2VT5v0um.js:2795:21)
    at Object.tick (file:///C:/Users/Patrick/uct-worktrees/_nb-shared-install/node_modules/[4mvitest[24m/dist/chunks/vi.2VT5v0um.js:2803:21)
    at FakeTimers.advanceTimersByTime (file:///C:/Users/Patrick/uct-worktrees/_nb-shared-install/node_modules/[4mvitest[24m/dist/chunks/vi.2VT5v0um.js:3529:44)

[90mstderr[2m | src/components/dailyFirstPaintAcceptance.test.jsx[2m > [22m[2mDAILY first-paint acceptance[2m > [22m[2mD250 — IDB tail ~250 sessions behind (the PLL class)
[22m[39mAn update to StockChart inside a test was not wrapped in act(...).

When testing, code that causes React state updates should be wrapped into act(...):

act(() => {
  /* fire events that update state */
});
/* assert on the output */

This ensures that you're testing the behavior the user would see in the browser. Learn more at https://react.dev/link/wrap-tests-with-act

[90mstderr[2m | src/pages/journal-2-0/components/notebook/doorsThroughTheEditor.property.test.jsx[2m > [22m[2m⛔⛔ THE INVARIANT — the offline sentence reaches the server body, and nothing forks[2m > [22m[2m⛔ door `folder` with 2 queued send(s) in flight ⇒ the sentence is on the server
[22m[39mAn update to TableToolbar inside a test was not wrapped in act(...).

When testing, code that causes React state updates should be wrapped into act(...):

act(() => {
  /* fire events that update state */
});
/* assert on the output */

This ensures that you're testing the behavior the user would see in the browser. Learn more at https://react.dev/link/wrap-tests-with-act
An update to LinkPasteMenu inside a test was not wrapped in act(...).

When testing, code that causes React state updates should be wrapped into act(...):

act(() => {
  /* fire events that update state */
});
/* assert on the output */

This ensures that you're testing the behavior the user would see in the browser. Learn more at https://react.dev/link/wrap-tests-with-act
An update to NoteEditorPage inside a test was not wrapped in act(...).

When testing, code that causes React state updates should be wrapped into act(...):

act(() => {
  /* fire events that update state */
});
/* assert on the output */

This ensures that you're testing the behavior the user would see in the browser. Learn more at https://react.dev/link/wrap-tests-with-act
An update to NoteEditorPage inside a test was not wrapped in act(...).

When testing, code that causes React state updates should be wrapped into act(...):

act(() => {
  /* fire events that update state */
});
/* assert on the output */

This ensures that you're testing the behavior the user would see in the browser. Learn more at https://react.dev/link/wrap-tests-with-act
An update to NoteEditorPage inside a test was not wrapped in act(...).

When testing, code that causes React state updates should be wrapped into act(...):

act(() => {
  /* fire events that update state */
});
/* assert on the output */

This ensures that you're testing the behavior the user would see in the browser. Learn more at https://react.dev/link/wrap-tests-with-act
An update to NoteEditorPage inside a test was not wrapped in act(...).

When testing, code that causes React state updates should be wrapped into act(...):

act(() => {
  /* fire events that update state */
});
/* assert on the output */

This ensures that you're testing the behavior the user would see in the browser. Learn more at https://react.dev/link/wrap-tests-with-act
An update to NoteEditorPage inside a test was not wrapped in act(...).

When testing, code that causes React state updates should be wrapped into act(...):

act(() => {
  /* fire events that update state */
});
/* assert on the output */

This ensures that you're testing the behavior the user would see in the browser. Learn more at https://react.dev/link/wrap-tests-with-act

[90mstderr[2m | src/pages/journal-2-0/components/notebook/doorsThroughTheEditor.property.test.jsx[2m > [22m[2m⛔⛔ THE INVARIANT — the offline sentence reaches the server body, and nothing forks[2m > [22m[2m⛔ door `folder` with 2 queued send(s) in flight ⇒ the sentence is on the server
[22m[39mAn update to TableToolbar inside a test was not wrapped in act(...).

When testing, code that causes React state updates should be wrapped into act(...):

act(() => {
  /* fire events that update state */
});
/* assert on the output */

This ensures that you're testing the behavior the user would see in the browser. Learn more at https://react.dev/link/wrap-tests-with-act
An update to LinkPasteMenu inside a test was not wrapped in act(...).

When testing, code that causes React state updates should be wrapped into act(...):

act(() => {
  /* fire events that update state */
});
/* assert on the output */

This ensures that you're testing the behavior the user would see in the browser. Learn more at https://react.dev/link/wrap-tests-with-act
An update to NoteEditorPage inside a test was not wrapped in act(...).

When testing, code that causes React state updates should be wrapped into act(...):

act(() => {
  /* fire events that update state */
});
/* assert on the output */

This ensures that you're testing the behavior the user would see in the browser. Learn more at https://react.dev/link/wrap-tests-with-act
An update to NoteEditorPage inside a test was not wrapped in act(...).

When testing, code that causes React state updates should be wrapped into act(...):

act(() => {
  /* fire events that update state */
});
/* assert on the output */

This ensures that you're testing the behavior the user would see in the browser. Learn more at https://react.dev/link/wrap-tests-with-act
An update to NoteEditorPage inside a test was not wrapped in act(...).

When testing, code that causes React state updates should be wrapped into act(...):

act(() => {
  /* fire events that update state */
});
/* assert on the output */

This ensures that you're testing the behavior the user would see in the browser. Learn more at https://react.dev/link/wrap-tests-with-act
An update to NoteEditorPage inside a test was not wrapped in act(...).

When testing, code that causes React state updates should be wrapped into act(...):

act(() => {
  /* fire events that update state */
});
/* assert on the output */

This ensures that you're testing the behavior the user would see in the browser. Learn more at https://react.dev/link/wrap-tests-with-act

[90mstderr[2m | src/components/dailyFirstPaintAcceptance.test.jsx[2m > [22m[2mDAILY first-paint acceptance[2m > [22m[2mNO-IDB — never opened in this browser
[22m[39mAn update to StockChart inside a test was not wrapped in act(...).

When testing, code that causes React state updates should be wrapped into act(...):

act(() => {
  /* fire events that update state */
});
/* assert on the output */

This ensures that you're testing the behavior the user would see in the browser. Learn more at https://react.dev/link/wrap-tests-with-act

[90mstderr[2m | src/components/dailyFirstPaintAcceptance.test.jsx[2m > [22m[2mDAILY first-paint acceptance[2m > [22m[2mNO-IDB — never opened in this browser
[22m[39mAn update to StockChart inside a test was not wrapped in act(...).

When testing, code that causes React state updates should be wrapped into act(...):

act(() => {
  /* fire events that update state */
});
/* assert on the output */

This ensures that you're testing the behavior the user would see in the browser. Learn more at https://react.dev/link/wrap-tests-with-act
An update to StockChart inside a test was not wrapped in act(...).

When testing, code that causes React state updates should be wrapped into act(...):

act(() => {
  /* fire events that update state */
});
/* assert on the output */

This ensures that you're testing the behavior the user would see in the browser. Learn more at https://react.dev/link/wrap-tests-with-act

[90mstderr[2m | src/components/dailyFirstPaintAcceptance.test.jsx[2m > [22m[2mDAILY first-paint acceptance[2m > [22m[2mNO-IDB — never opened in this browser
[22m[39mAn update to StockChart inside a test was not wrapped in act(...).

When testing, code that causes React state updates should be wrapped into act(...):

act(() => {
  /* fire events that update state */
});
/* assert on the output */

This ensures that you're testing the behavior the user would see in the browser. Learn more at https://react.dev/link/wrap-tests-with-act

[90mstderr[2m | src/components/dailyFirstPaintAcceptance.test.jsx[2m > [22m[2mDAILY first-paint acceptance[2m > [22m[2mNO-IDB — never opened in this browser
[22m[39mAn update to StockChart inside a test was not wrapped in act(...).

When testing, code that causes React state updates should be wrapped into act(...):

act(() => {
  /* fire events that update state */
});
/* assert on the output */

This ensures that you're testing the behavior the user would see in the browser. Learn more at https://react.dev/link/wrap-tests-with-act

[90mstderr[2m | src/components/dailyFirstPaintAcceptance.test.jsx[2m > [22m[2mDAILY first-paint acceptance[2m > [22m[2mNO-IDB — never opened in this browser
[22m[39mAn update to StockChart inside a test was not wrapped in act(...).

When testing, code that causes React state updates should be wrapped into act(...):

act(() => {
  /* fire events that update state */
});
/* assert on the output */

This ensures that you're testing the behavior the user would see in the browser. Learn more at https://react.dev/link/wrap-tests-with-act

[90mstderr[2m | src/components/dailyFirstPaintAcceptance.test.jsx[2m > [22m[2mDAILY first-paint acceptance[2m > [22m[2mNO-IDB — never opened in this browser
[22m[39mAn update to StockChart inside a test was not wrapped in act(...).

When testing, code that causes React state updates should be wrapped into act(...):

act(() => {
  /* fire events that update state */
});
/* assert on the output */

This ensures that you're testing the behavior the user would see in the browser. Learn more at https://react.dev/link/wrap-tests-with-act

[90mstderr[2m | src/components/dailyFirstPaintAcceptance.test.jsx[2m > [22m[2mDAILY first-paint acceptance[2m > [22m[2mNO-IDB — never opened in this browser
[22m[39mAn update to PatternOverlay inside a test was not wrapped in act(...).

When testing, code that causes React state updates should be wrapped into act(...):

act(() => {
  /* fire events that update state */
});
/* assert on the output */

This ensures that you're testing the behavior the user would see in the browser. Learn more at https://react.dev/link/wrap-tests-with-act
An update to ChartDrawingOverlay inside a test was not wrapped in act(...).

When testing, code that causes React state updates should be wrapped into act(...):

act(() => {
  /* fire events that update state */
});
/* assert on the output */

This ensures that you're testing the behavior the user would see in the browser. Learn more at https://react.dev/link/wrap-tests-with-act
An update to ChartDrawingOverlay inside a test was not wrapped in act(...).

When testing, code that causes React state updates should be wrapped into act(...):

act(() => {
  /* fire events that update state */
});
/* assert on the output */

This ensures that you're testing the behavior the user would see in the browser. Learn more at https://react.dev/link/wrap-tests-with-act
An update to ChartDrawingOverlay inside a test was not wrapped in act(...).

When testing, code that causes React state updates should be wrapped into act(...):

act(() => {
  /* fire events that update state */
});
/* assert on the output */

This ensures that you're testing the behavior the user would see in the browser. Learn more at https://react.dev/link/wrap-tests-with-act
An update to ChartDrawingOverlay inside a test was not wrapped in act(...).

When testing, code that causes React state updates should be wrapped into act(...):

act(() => {
  /* fire events that update state */
});
/* assert on the output */

This ensures that you're testing the behavior the user would see in the browser. Learn more at https://react.dev/link/wrap-tests-with-act
An update to ChartDrawingOverlay inside a test was not wrapped in act(...).

When testing, code that causes React state updates should be wrapped into act(...):

act(() => {
  /* fire events that update state */
});
/* assert on the output */

This ensures that you're testing the behavior the user would see in the browser. Learn more at https://react.dev/link/wrap-tests-with-act
An update to ChartDrawingOverlay inside a test was not wrapped in act(...).

When testing, code that causes React state updates should be wrapped into act(...):

act(() => {
  /* fire events that update state */
});
/* assert on the output */

This ensures that you're testing the behavior the user would see in the browser. Learn more at https://react.dev/link/wrap-tests-with-act
An update to StockChart inside a test was not wrapped in act(...).

When testing, code that causes React state updates should be wrapped into act(...):

act(() => {
  /* fire events that update state */
});
/* assert on the output */

This ensures that you're testing the behavior the user would see in the browser. Learn more at https://react.dev/link/wrap-tests-with-act
An update to StockChart inside a test was not wrapped in act(...).

When testing, code that causes React state updates should be wrapped into act(...):

act(() => {
  /* fire events that update state */
});
/* assert on the output */

This ensures that you're testing the behavior the user would see in the browser. Learn more at https://react.dev/link/wrap-tests-with-act
An update to StockChart inside a test was not wrapped in act(...).

When testing, code that causes React state updates should be wrapped into act(...):

act(() => {
  /* fire events that update state */
});
/* assert on the output */

This ensures that you're testing the behavior the user would see in the browser. Learn more at https://react.dev/link/wrap-tests-with-act
An update to StockChart inside a test was not wrapped in act(...).

When testing, code that causes React state updates should be wrapped into act(...):

act(() => {
  /* fire events that update state */
});
/* assert on the output */

This ensures that you're testing the behavior the user would see in the browser. Learn more at https://react.dev/link/wrap-tests-with-act
An update to StockChart inside a test was not wrapped in act(...).

When testing, code that causes React state updates should be wrapped into act(...):

act(() => {
  /* fire events that update state */
});
/* assert on the output */

This ensures that you're testing the behavior the user would see in the browser. Learn more at https://react.dev/link/wrap-tests-with-act
An update to StockChart inside a test was not wrapped in act(...).

When testing, code that causes React state updates should be wrapped into act(...):

act(() => {
  /* fire events that update state */
});
/* assert on the output */

This ensures that you're testing the behavior the user would see in the browser. Learn more at https://react.dev/link/wrap-tests-with-act
An update to StockChart inside a test was not wrapped in act(...).

When testing, code that causes React state updates should be wrapped into act(...):

act(() => {
  /* fire events that update state */
});
/* assert on the output */

This ensures that you're testing the behavior the user would see in the browser. Learn more at https://react.dev/link/wrap-tests-with-act

[90mstderr[2m | src/components/dailyFirstPaintAcceptance.test.jsx[2m > [22m[2mDAILY first-paint acceptance[2m > [22m[2mNO-IDB — never opened in this browser
[22m[39mAn update to StockChart inside a test was not wrapped in act(...).

When testing, code that causes React state updates should be wrapped into act(...):

act(() => {
  /* fire events that update state */
});
/* assert on the output */

This ensures that you're testing the behavior the user would see in the browser. Learn more at https://react.dev/link/wrap-tests-with-act

[90mstderr[2m | src/components/dailyFirstPaintAcceptance.test.jsx[2m > [22m[2mDAILY first-paint acceptance[2m > [22m[2mNO-IDB — never opened in this browser
[22m[39mAn update to StockChart inside a test was not wrapped in act(...).

When testing, code that causes React state updates should be wrapped into act(...):

act(() => {
  /* fire events that update state */
});
/* assert on the output */

This ensures that you're testing the behavior the user would see in the browser. Learn more at https://react.dev/link/wrap-tests-with-act

[90mstderr[2m | src/pages/journal-2-0/components/notebook/doorsThroughTheEditor.property.test.jsx[2m > [22m[2m⛔⛔ THE INVARIANT — the offline sentence reaches the server body, and nothing forks[2m > [22m[2m⛔ door `folder` with 3 queued send(s) in flight ⇒ the sentence is on the server
[22m[39mAn update to TableToolbar inside a test was not wrapped in act(...).

When testing, code that causes React state updates should be wrapped into act(...):

act(() => {
  /* fire events that update state */
});
/* assert on the output */

This ensures that you're testing the behavior the user would see in the browser. Learn more at https://react.dev/link/wrap-tests-with-act
An update to LinkPasteMenu inside a test was not wrapped in act(...).

When testing, code that causes React state updates should be wrapped into act(...):

act(() => {
  /* fire events that update state */
});
/* assert on the output */

This ensures that you're testing the behavior the user would see in the browser. Learn more at https://react.dev/link/wrap-tests-with-act
An update to NoteEditorPage inside a test was not wrapped in act(...).

When testing, code that causes React state updates should be wrapped into act(...):

act(() => {
  /* fire events that update state */
});
/* assert on the output */

This ensures that you're testing the behavior the user would see in the browser. Learn more at https://react.dev/link/wrap-tests-with-act
An update to NoteEditorPage inside a test was not wrapped in act(...).

When testing, code that causes React state updates should be wrapped into act(...):

act(() => {
  /* fire events that update state */
});
/* assert on the output */

This ensures that you're testing the behavior the user would see in the browser. Learn more at https://react.dev/link/wrap-tests-with-act
An update to NoteEditorPage inside a test was not wrapped in act(...).

When testing, code that causes React state updates should be wrapped into act(...):

act(() => {
  /* fire events that update state */
});
/* assert on the output */

This ensures that you're testing the behavior the user would see in the browser. Learn more at https://react.dev/link/wrap-tests-with-act
An update to NoteEditorPage inside a test was not wrapped in act(...).

When testing, code that causes React state updates should be wrapped into act(...):

act(() => {
  /* fire events that update state */
});
/* assert on the output */

This ensures that you're testing the behavior the user would see in the browser. Learn more at https://react.dev/link/wrap-tests-with-act
An update to NoteEditorPage inside a test was not wrapped in act(...).

When testing, code that causes React state updates should be wrapped into act(...):

act(() => {
  /* fire events that update state */
});
/* assert on the output */

This ensures that you're testing the behavior the user would see in the browser. Learn more at https://react.dev/link/wrap-tests-with-act

[90mstderr[2m | src/pages/journal-2-0/components/notebook/doorsThroughTheEditor.property.test.jsx[2m > [22m[2m⛔⛔ THE INVARIANT — the offline sentence reaches the server body, and nothing forks[2m > [22m[2m⛔ door `folder` with 3 queued send(s) in flight ⇒ the sentence is on the server
[22m[39mautosave failed (retry 1 in 1000ms) TypeError: Failed to fetch
    at Object.srv.offlineError (C:/Users/Patrick/uct-worktrees/notebook-w13-landing/app/src/pages/journal-2-0/components/notebook/doorsThroughTheEditor.property.test.jsx:125:15)
    at C:/Users/Patrick/uct-worktrees/notebook-w13-landing/app/src/pages/journal-2-0/components/notebook/doorsThroughTheEditor.property.test.jsx:160:38
    at Mock (file:///C:/Users/Patrick/uct-worktrees/_nb-shared-install/node_modules/[4m@vitest/spy[24m/dist/index.js:285:34)
    at Object.commitSave [as current] (C:/Users/Patrick/uct-worktrees/notebook-w13-landing/app/src/pages/journal-2-0/components/notebook/NoteEditorPage.jsx:3203:23)
    at C:/Users/Patrick/uct-worktrees/notebook-w13-landing/app/src/pages/journal-2-0/components/notebook/NoteEditorPage.jsx:1580:59
    at callTimer (file:///C:/Users/Patrick/uct-worktrees/_nb-shared-install/node_modules/[4mvitest[24m/dist/chunks/vi.2VT5v0um.js:2111:25)
    at doTickInner (file:///C:/Users/Patrick/uct-worktrees/_nb-shared-install/node_modules/[4mvitest[24m/dist/chunks/vi.2VT5v0um.js:2714:30)
    at doTick (file:///C:/Users/Patrick/uct-worktrees/_nb-shared-install/node_modules/[4mvitest[24m/dist/chunks/vi.2VT5v0um.js:2795:21)
    at Object.tick (file:///C:/Users/Patrick/uct-worktrees/_nb-shared-install/node_modules/[4mvitest[24m/dist/chunks/vi.2VT5v0um.js:2803:21)
    at FakeTimers.advanceTimersByTime (file:///C:/Users/Patrick/uct-worktrees/_nb-shared-install/node_modules/[4mvitest[24m/dist/chunks/vi.2VT5v0um.js:3529:44)

[90mstderr[2m | src/components/dailyFirstPaintAcceptance.test.jsx[2m > [22m[2mDAILY first-paint acceptance[2m > [22m[2mPACK-EXPIRED — IDB one session behind and no local current-session source
[22m[39mAn update to StockChart inside a test was not wrapped in act(...).

When testing, code that causes React state updates should be wrapped into act(...):

act(() => {
  /* fire events that update state */
});
/* assert on the output */

This ensures that you're testing the behavior the user would see in the browser. Learn more at https://react.dev/link/wrap-tests-with-act
An update to StockChart inside a test was not wrapped in act(...).

When testing, code that causes React state updates should be wrapped into act(...):

act(() => {
  /* fire events that update state */
});
/* assert on the output */

This ensures that you're testing the behavior the user would see in the browser. Learn more at https://react.dev/link/wrap-tests-with-act

[90mstderr[2m | src/components/dailyFirstPaintAcceptance.test.jsx[2m > [22m[2mDAILY first-paint acceptance[2m > [22m[2mPACK-EXPIRED — IDB one session behind and no local current-session source
[22m[39mAn update to StockChart inside a test was not wrapped in act(...).

When testing, code that causes React state updates should be wrapped into act(...):

act(() => {
  /* fire events that update state */
});
/* assert on the output */

This ensures that you're testing the behavior the user would see in the browser. Learn more at https://react.dev/link/wrap-tests-with-act
An update to StockChart inside a test was not wrapped in act(...).

When testing, code that causes React state updates should be wrapped into act(...):

act(() => {
  /* fire events that update state */
});
/* assert on the output */

This ensures that you're testing the behavior the user would see in the browser. Learn more at https://react.dev/link/wrap-tests-with-act

[90mstderr[2m | src/pages/journal-2-0/components/notebook/doorsThroughTheEditor.property.test.jsx[2m > [22m[2m⛔⛔ THE INVARIANT — the offline sentence reaches the server body, and nothing forks[2m > [22m[2m⛔ door `folder` with 3 queued send(s) in flight ⇒ the sentence is on the server
[22m[39mAn update to TableToolbar inside a test was not wrapped in act(...).

When testing, code that causes React state updates should be wrapped into act(...):

act(() => {
  /* fire events that update state */
});
/* assert on the output */

This ensures that you're testing the behavior the user would see in the browser. Learn more at https://react.dev/link/wrap-tests-with-act
An update to LinkPasteMenu inside a test was not wrapped in act(...).

When testing, code that causes React state updates should be wrapped into act(...):

act(() => {
  /* fire events that update state */
});
/* assert on the output */

This ensures that you're testing the behavior the user would see in the browser. Learn more at https://react.dev/link/wrap-tests-with-act
An update to NoteEditorPage inside a test was not wrapped in act(...).

When testing, code that causes React state updates should be wrapped into act(...):

act(() => {
  /* fire events that update state */
});
/* assert on the output */

This ensures that you're testing the behavior the user would see in the browser. Learn more at https://react.dev/link/wrap-tests-with-act
An update to NoteEditorPage inside a test was not wrapped in act(...).

When testing, code that causes React state updates should be wrapped into act(...):

act(() => {
  /* fire events that update state */
});
/* assert on the output */

This ensures that you're testing the behavior the user would see in the browser. Learn more at https://react.dev/link/wrap-tests-with-act
An update to NoteEditorPage inside a test was not wrapped in act(...).

When testing, code that causes React state updates should be wrapped into act(...):

act(() => {
  /* fire events that update state */
});
/* assert on the output */

This ensures that you're testing the behavior the user would see in the browser. Learn more at https://react.dev/link/wrap-tests-with-act
An update to NoteEditorPage inside a test was not wrapped in act(...).

When testing, code that causes React state updates should be wrapped into act(...):

act(() => {
  /* fire events that update state */
});
/* assert on the output */

This ensures that you're testing the behavior the user would see in the browser. Learn more at https://react.dev/link/wrap-tests-with-act
An update to NoteEditorPage inside a test was not wrapped in act(...).

When testing, code that causes React state updates should be wrapped into act(...):

act(() => {
  /* fire events that update state */
});
/* assert on the output */

This ensures that you're testing the behavior the user would see in the browser. Learn more at https://react.dev/link/wrap-tests-with-act

[90mstderr[2m | src/pages/journal-2-0/components/notebook/doorsThroughTheEditor.property.test.jsx[2m > [22m[2m⛔⛔ THE INVARIANT — the offline sentence reaches the server body, and nothing forks[2m > [22m[2m⛔ door `folder` with 3 queued send(s) in flight ⇒ the sentence is on the server
[22m[39mAn update to TableToolbar inside a test was not wrapped in act(...).

When testing, code that causes React state updates should be wrapped into act(...):

act(() => {
  /* fire events that update state */
});
/* assert on the output */

This ensures that you're testing the behavior the user would see in the browser. Learn more at https://react.dev/link/wrap-tests-with-act
An update to LinkPasteMenu inside a test was not wrapped in act(...).

When testing, code that causes React state updates should be wrapped into act(...):

act(() => {
  /* fire events that update state */
});
/* assert on the output */

This ensures that you're testing the behavior the user would see in the browser. Learn more at https://react.dev/link/wrap-tests-with-act
An update to NoteEditorPage inside a test was not wrapped in act(...).

When testing, code that causes React state updates should be wrapped into act(...):

act(() => {
  /* fire events that update state */
});
/* assert on the output */

This ensures that you're testing the behavior the user would see in the browser. Learn more at https://react.dev/link/wrap-tests-with-act
An update to NoteEditorPage inside a test was not wrapped in act(...).

When testing, code that causes React state updates should be wrapped into act(...):

act(() => {
  /* fire events that update state */
});
/* assert on the output */

This ensures that you're testing the behavior the user would see in the browser. Learn more at https://react.dev/link/wrap-tests-with-act
An update to NoteEditorPage inside a test was not wrapped in act(...).

When testing, code that causes React state updates should be wrapped into act(...):

act(() => {
  /* fire events that update state */
});
/* assert on the output */

This ensures that you're testing the behavior the user would see in the browser. Learn more at https://react.dev/link/wrap-tests-with-act
An update to NoteEditorPage inside a test was not wrapped in act(...).

When testing, code that causes React state updates should be wrapped into act(...):

act(() => {
  /* fire events that update state */
});
/* assert on the output */

This ensures that you're testing the behavior the user would see in the browser. Learn more at https://react.dev/link/wrap-tests-with-act

[90mstderr[2m | src/components/dailyFirstPaintAcceptance.test.jsx[2m > [22m[2mDAILY first-paint acceptance[2m > [22m[2mPACK-EXPIRED — IDB one session behind and no local current-session source
[22m[39mAn update to StockChart inside a test was not wrapped in act(...).

When testing, code that causes React state updates should be wrapped into act(...):

act(() => {
  /* fire events that update state */
});
/* assert on the output */

This ensures that you're testing the behavior the user would see in the browser. Learn more at https://react.dev/link/wrap-tests-with-act

[90mstderr[2m | src/components/dailyFirstPaintAcceptance.test.jsx[2m > [22m[2mDAILY first-paint acceptance[2m > [22m[2mPACK-EXPIRED — IDB one session behind and no local current-session source
[22m[39mAn update to StockChart inside a test was not wrapped in act(...).

When testing, code that causes React state updates should be wrapped into act(...):

act(() => {
  /* fire events that update state */
});
/* assert on the output */

This ensures that you're testing the behavior the user would see in the browser. Learn more at https://react.dev/link/wrap-tests-with-act

[90mstderr[2m | src/components/dailyFirstPaintAcceptance.test.jsx[2m > [22m[2mDAILY first-paint acceptance[2m > [22m[2mPACK-EXPIRED — IDB one session behind and no local current-session source
[22m[39mAn update to StockChart inside a test was not wrapped in act(...).

When testing, code that causes React state updates should be wrapped into act(...):

act(() => {
  /* fire events that update state */
});
/* assert on the output */

This ensures that you're testing the behavior the user would see in the browser. Learn more at https://react.dev/link/wrap-tests-with-act

[90mstderr[2m | src/pages/journal-2-0/components/notebook/doorsThroughTheEditor.property.test.jsx[2m > [22m[2m⛔⛔ THE INVARIANT — the offline sentence reaches the server body, and nothing forks[2m > [22m[2m⛔ door `folder` with 3 queued send(s) in flight ⇒ the sentence is on the server
[22m[39mAn update to TableToolbar inside a test was not wrapped in act(...).

When testing, code that causes React state updates should be wrapped into act(...):

act(() => {
  /* fire events that update state */
});
/* assert on the output */

This ensures that you're testing the behavior the user would see in the browser. Learn more at https://react.dev/link/wrap-tests-with-act
An update to LinkPasteMenu inside a test was not wrapped in act(...).

When testing, code that causes React state updates should be wrapped into act(...):

act(() => {
  /* fire events that update state */
});
/* assert on the output */

This ensures that you're testing the behavior the user would see in the browser. Learn more at https://react.dev/link/wrap-tests-with-act
An update to NoteEditorPage inside a test was not wrapped in act(...).

When testing, code that causes React state updates should be wrapped into act(...):

act(() => {
  /* fire events that update state */
});
/* assert on the output */

This ensures that you're testing the behavior the user would see in the browser. Learn more at https://react.dev/link/wrap-tests-with-act
An update to NoteEditorPage inside a test was not wrapped in act(...).

When testing, code that causes React state updates should be wrapped into act(...):

act(() => {
  /* fire events that update state */
});
/* assert on the output */

This ensures that you're testing the behavior the user would see in the browser. Learn more at https://react.dev/link/wrap-tests-with-act
An update to NoteEditorPage inside a test was not wrapped in act(...).

When testing, code that causes React state updates should be wrapped into act(...):

act(() => {
  /* fire events that update state */
});
/* assert on the output */

This ensures that you're testing the behavior the user would see in the browser. Learn more at https://react.dev/link/wrap-tests-with-act
An update to NoteEditorPage inside a test was not wrapped in act(...).

When testing, code that causes React state updates should be wrapped into act(...):

act(() => {
  /* fire events that update state */
});
/* assert on the output */

This ensures that you're testing the behavior the user would see in the browser. Learn more at https://react.dev/link/wrap-tests-with-act

[90mstderr[2m | src/pages/journal-2-0/components/notebook/doorsThroughTheEditor.property.test.jsx[2m > [22m[2m⛔⛔ THE INVARIANT — the offline sentence reaches the server body, and nothing forks[2m > [22m[2m⛔ door `folder` with 3 queued send(s) in flight ⇒ the sentence is on the server
[22m[39mautosave failed (non-retryable) Error: conflict
    at Object.srv.applyPut (C:/Users/Patrick/uct-worktrees/notebook-w13-landing/app/src/pages/journal-2-0/components/notebook/doorsThroughTheEditor.property.test.jsx:104:19)
    at C:/Users/Patrick/uct-worktrees/notebook-w13-landing/app/src/pages/journal-2-0/components/notebook/doorsThroughTheEditor.property.test.jsx:162:19 {
  status: [33m409[39m
}

[90mstderr[2m | src/components/dailyFirstPaintAcceptance.test.jsx[2m > [22m[2mDAILY first-paint acceptance[2m > [22m[2mPACK-EXPIRED — IDB one session behind and no local current-session source
[22m[39mAn update to StockChart inside a test was not wrapped in act(...).

When testing, code that causes React state updates should be wrapped into act(...):

act(() => {
  /* fire events that update state */
});
/* assert on the output */

This ensures that you're testing the behavior the user would see in the browser. Learn more at https://react.dev/link/wrap-tests-with-act

[90mstderr[2m | src/components/dailyFirstPaintAcceptance.test.jsx[2m > [22m[2mDAILY first-paint acceptance[2m > [22m[2mPACK-EXPIRED — IDB one session behind and no local current-session source
[22m[39mAn update to PatternOverlay inside a test was not wrapped in act(...).

When testing, code that causes React state updates should be wrapped into act(...):

act(() => {
  /* fire events that update state */
});
/* assert on the output */

This ensures that you're testing the behavior the user would see in the browser. Learn more at https://react.dev/link/wrap-tests-with-act
An update to ChartDrawingOverlay inside a test was not wrapped in act(...).

When testing, code that causes React state updates should be wrapped into act(...):

act(() => {
  /* fire events that update state */
});
/* assert on the output */

This ensures that you're testing the behavior the user would see in the browser. Learn more at https://react.dev/link/wrap-tests-with-act
An update to ChartDrawingOverlay inside a test was not wrapped in act(...).

When testing, code that causes React state updates should be wrapped into act(...):

act(() => {
  /* fire events that update state */
});
/* assert on the output */

This ensures that you're testing the behavior the user would see in the browser. Learn more at https://react.dev/link/wrap-tests-with-act
An update to ChartDrawingOverlay inside a test was not wrapped in act(...).

When testing, code that causes React state updates should be wrapped into act(...):

act(() => {
  /* fire events that update state */
});
/* assert on the output */

This ensures that you're testing the behavior the user would see in the browser. Learn more at https://react.dev/link/wrap-tests-with-act
An update to ChartDrawingOverlay inside a test was not wrapped in act(...).

When testing, code that causes React state updates should be wrapped into act(...):

act(() => {
  /* fire events that update state */
});
/* assert on the output */

This ensures that you're testing the behavior the user would see in the browser. Learn more at https://react.dev/link/wrap-tests-with-act
An update to ChartDrawingOverlay inside a test was not wrapped in act(...).

When testing, code that causes React state updates should be wrapped into act(...):

act(() => {
  /* fire events that update state */
});
/* assert on the output */

This ensures that you're testing the behavior the user would see in the browser. Learn more at https://react.dev/link/wrap-tests-with-act
An update to ChartDrawingOverlay inside a test was not wrapped in act(...).

When testing, code that causes React state updates should be wrapped into act(...):

act(() => {
  /* fire events that update state */
});
/* assert on the output */

This ensures that you're testing the behavior the user would see in the browser. Learn more at https://react.dev/link/wrap-tests-with-act
An update to StockChart inside a test was not wrapped in act(...).

When testing, code that causes React state updates should be wrapped into act(...):

act(() => {
  /* fire events that update state */
});
/* assert on the output */

This ensures that you're testing the behavior the user would see in the browser. Learn more at https://react.dev/link/wrap-tests-with-act
An update to StockChart inside a test was not wrapped in act(...).

When testing, code that causes React state updates should be wrapped into act(...):

act(() => {
  /* fire events that update state */
});
/* assert on the output */

This ensures that you're testing the behavior the user would see in the browser. Learn more at https://react.dev/link/wrap-tests-with-act
An update to StockChart inside a test was not wrapped in act(...).

When testing, code that causes React state updates should be wrapped into act(...):

act(() => {
  /* fire events that update state */
});
/* assert on the output */

This ensures that you're testing the behavior the user would see in the browser. Learn more at https://react.dev/link/wrap-tests-with-act
An update to StockChart inside a test was not wrapped in act(...).

When testing, code that causes React state updates should be wrapped into act(...):

act(() => {
  /* fire events that update state */
});
/* assert on the output */

This ensures that you're testing the behavior the user would see in the browser. Learn more at https://react.dev/link/wrap-tests-with-act
An update to StockChart inside a test was not wrapped in act(...).

When testing, code that causes React state updates should be wrapped into act(...):

act(() => {
  /* fire events that update state */
});
/* assert on the output */

This ensures that you're testing the behavior the user would see in the browser. Learn more at https://react.dev/link/wrap-tests-with-act
An update to StockChart inside a test was not wrapped in act(...).

When testing, code that causes React state updates should be wrapped into act(...):

act(() => {
  /* fire events that update state */
});
/* assert on the output */

This ensures that you're testing the behavior the user would see in the browser. Learn more at https://react.dev/link/wrap-tests-with-act
An update to StockChart inside a test was not wrapped in act(...).

When testing, code that causes React state updates should be wrapped into act(...):

act(() => {
  /* fire events that update state */
});
/* assert on the output */

This ensures that you're testing the behavior the user would see in the browser. Learn more at https://react.dev/link/wrap-tests-with-act

[90mstderr[2m | src/components/dailyFirstPaintAcceptance.test.jsx[2m > [22m[2mDAILY first-paint acceptance[2m > [22m[2mPACK-EXPIRED — IDB one session behind and no local current-session source
[22m[39mAn update to StockChart inside a test was not wrapped in act(...).

When testing, code that causes React state updates should be wrapped into act(...):

act(() => {
  /* fire events that update state */
});
/* assert on the output */

This ensures that you're testing the behavior the user would see in the browser. Learn more at https://react.dev/link/wrap-tests-with-act
An update to StockChart inside a test was not wrapped in act(...).

When testing, code that causes React state updates should be wrapped into act(...):

act(() => {
  /* fire events that update state */
});
/* assert on the output */

This ensures that you're testing the behavior the user would see in the browser. Learn more at https://react.dev/link/wrap-tests-with-act
An update to StockChart inside a test was not wrapped in act(...).

When testing, code that causes React state updates should be wrapped into act(...):

act(() => {
  /* fire events that update state */
});
/* assert on the output */

This ensures that you're testing the behavior the user would see in the browser. Learn more at https://react.dev/link/wrap-tests-with-act
An update to StockChart inside a test was not wrapped in act(...).

When testing, code that causes React state updates should be wrapped into act(...):

act(() => {
  /* fire events that update state */
});
/* assert on the output */

This ensures that you're testing the behavior the user would see in the browser. Learn more at https://react.dev/link/wrap-tests-with-act
An update to StockChart inside a test was not wrapped in act(...).

When testing, code that causes React state updates should be wrapped into act(...):

act(() => {
  /* fire events that update state */
});
/* assert on the output */

This ensures that you're testing the behavior the user would see in the browser. Learn more at https://react.dev/link/wrap-tests-with-act

[90mstderr[2m | src/components/dailyFirstPaintAcceptance.test.jsx[2m > [22m[2mDAILY first-paint acceptance[2m > [22m[2mPACK-EXPIRED — IDB one session behind and no local current-session source
[22m[39mAn update to StockChart inside a test was not wrapped in act(...).

When testing, code that causes React state updates should be wrapped into act(...):

act(() => {
  /* fire events that update state */
});
/* assert on the output */

This ensures that you're testing the behavior the user would see in the browser. Learn more at https://react.dev/link/wrap-tests-with-act

[90mstderr[2m | src/components/dailyFirstPaintAcceptance.test.jsx[2m > [22m[2mDAILY first-paint acceptance[2m > [22m[2mSTALE-TODAY — IDB reaches the frontier but was written hours ago, pack fresh
[22m[39mAn update to StockChart inside a test was not wrapped in act(...).

When testing, code that causes React state updates should be wrapped into act(...):

act(() => {
  /* fire events that update state */
});
/* assert on the output */

This ensures that you're testing the behavior the user would see in the browser. Learn more at https://react.dev/link/wrap-tests-with-act
An update to StockChart inside a test was not wrapped in act(...).

When testing, code that causes React state updates should be wrapped into act(...):

act(() => {
  /* fire events that update state */
});
/* assert on the output */

This ensures that you're testing the behavior the user would see in the browser. Learn more at https://react.dev/link/wrap-tests-with-act

[90mstderr[2m | src/components/dailyFirstPaintAcceptance.test.jsx[2m > [22m[2mDAILY first-paint acceptance[2m > [22m[2mSTALE-TODAY — IDB reaches the frontier but was written hours ago, pack fresh
[22m[39mAn update to StockChart inside a test was not wrapped in act(...).

When testing, code that causes React state updates should be wrapped into act(...):

act(() => {
  /* fire events that update state */
});
/* assert on the output */

This ensures that you're testing the behavior the user would see in the browser. Learn more at https://react.dev/link/wrap-tests-with-act
An update to StockChart inside a test was not wrapped in act(...).

When testing, code that causes React state updates should be wrapped into act(...):

act(() => {
  /* fire events that update state */
});
/* assert on the output */

This ensures that you're testing the behavior the user would see in the browser. Learn more at https://react.dev/link/wrap-tests-with-act
An update to PatternOverlay inside a test was not wrapped in act(...).

When testing, code that causes React state updates should be wrapped into act(...):

act(() => {
  /* fire events that update state */
});
/* assert on the output */

This ensures that you're testing the behavior the user would see in the browser. Learn more at https://react.dev/link/wrap-tests-with-act
An update to ChartDrawingOverlay inside a test was not wrapped in act(...).

When testing, code that causes React state updates should be wrapped into act(...):

act(() => {
  /* fire events that update state */
});
/* assert on the output */

This ensures that you're testing the behavior the user would see in the browser. Learn more at https://react.dev/link/wrap-tests-with-act
An update to ChartDrawingOverlay inside a test was not wrapped in act(...).

When testing, code that causes React state updates should be wrapped into act(...):

act(() => {
  /* fire events that update state */
});
/* assert on the output */

This ensures that you're testing the behavior the user would see in the browser. Learn more at https://react.dev/link/wrap-tests-with-act
An update to ChartDrawingOverlay inside a test was not wrapped in act(...).

When testing, code that causes React state updates should be wrapped into act(...):

act(() => {
  /* fire events that update state */
});
/* assert on the output */

This ensures that you're testing the behavior the user would see in the browser. Learn more at https://react.dev/link/wrap-tests-with-act
An update to ChartDrawingOverlay inside a test was not wrapped in act(...).

When testing, code that causes React state updates should be wrapped into act(...):

act(() => {
  /* fire events that update state */
});
/* assert on the output */

This ensures that you're testing the behavior the user would see in the browser. Learn more at https://react.dev/link/wrap-tests-with-act
An update to ChartDrawingOverlay inside a test was not wrapped in act(...).

When testing, code that causes React state updates should be wrapped into act(...):

act(() => {
  /* fire events that update state */
});
/* assert on the output */

This ensures that you're testing the behavior the user would see in the browser. Learn more at https://react.dev/link/wrap-tests-with-act
An update to ChartDrawingOverlay inside a test was not wrapped in act(...).

When testing, code that causes React state updates should be wrapped into act(...):

act(() => {
  /* fire events that update state */
});
/* assert on the output */

This ensures that you're testing the behavior the user would see in the browser. Learn more at https://react.dev/link/wrap-tests-with-act
An update to StockChart inside a test was not wrapped in act(...).

When testing, code that causes React state updates should be wrapped into act(...):

act(() => {
  /* fire events that update state */
});
/* assert on the output */

This ensures that you're testing the behavior the user would see in the browser. Learn more at https://react.dev/link/wrap-tests-with-act
An update to StockChart inside a test was not wrapped in act(...).

When testing, code that causes React state updates should be wrapped into act(...):

act(() => {
  /* fire events that update state */
});
/* assert on the output */

This ensures that you're testing the behavior the user would see in the browser. Learn more at https://react.dev/link/wrap-tests-with-act
An update to StockChart inside a test was not wrapped in act(...).

When testing, code that causes React state updates should be wrapped into act(...):

act(() => {
  /* fire events that update state */
});
/* assert on the output */

This ensures that you're testing the behavior the user would see in the browser. Learn more at https://react.dev/link/wrap-tests-with-act
An update to StockChart inside a test was not wrapped in act(...).

When testing, code that causes React state updates should be wrapped into act(...):

act(() => {
  /* fire events that update state */
});
/* assert on the output */

This ensures that you're testing the behavior the user would see in the browser. Learn more at https://react.dev/link/wrap-tests-with-act
An update to StockChart inside a test was not wrapped in act(...).

When testing, code that causes React state updates should be wrapped into act(...):

act(() => {
  /* fire events that update state */
});
/* assert on the output */

This ensures that you're testing the behavior the user would see in the browser. Learn more at https://react.dev/link/wrap-tests-with-act
An update to StockChart inside a test was not wrapped in act(...).

When testing, code that causes React state updates should be wrapped into act(...):

act(() => {
  /* fire events that update state */
});
/* assert on the output */

This ensures that you're testing the behavior the user would see in the browser. Learn more at https://react.dev/link/wrap-tests-with-act

[90mstderr[2m | src/components/dailyFirstPaintAcceptance.test.jsx[2m > [22m[2mDAILY first-paint acceptance[2m > [22m[2mSTALE-TODAY — IDB reaches the frontier but was written hours ago, pack fresh
[22m[39mAn update to StockChart inside a test was not wrapped in act(...).

When testing, code that causes React state updates should be wrapped into act(...):

act(() => {
  /* fire events that update state */
});
/* assert on the output */

This ensures that you're testing the behavior the user would see in the browser. Learn more at https://react.dev/link/wrap-tests-with-act

[90mstderr[2m | src/components/dailyFirstPaintAcceptance.test.jsx[2m > [22m[2mDAILY first-paint acceptance[2m > [22m[2mSTALE-TODAY — IDB reaches the frontier but was written hours ago, pack fresh
[22m[39mAn update to StockChart inside a test was not wrapped in act(...).

When testing, code that causes React state updates should be wrapped into act(...):

act(() => {
  /* fire events that update state */
});
/* assert on the output */

This ensures that you're testing the behavior the user would see in the browser. Learn more at https://react.dev/link/wrap-tests-with-act

[90mstderr[2m | src/components/dailyFirstPaintAcceptance.test.jsx[2m > [22m[2mDAILY first-paint acceptance[2m > [22m[2mSTALE-TODAY — IDB reaches the frontier but was written hours ago, pack fresh
[22m[39mAn update to StockChart inside a test was not wrapped in act(...).

When testing, code that causes React state updates should be wrapped into act(...):

act(() => {
  /* fire events that update state */
});
/* assert on the output */

This ensures that you're testing the behavior the user would see in the browser. Learn more at https://react.dev/link/wrap-tests-with-act

[90mstderr[2m | src/pages/journal-2-0/components/notebook/doorsThroughTheEditor.property.test.jsx[2m > [22m[2m⛔⛔ THE INVARIANT — the offline sentence reaches the server body, and nothing forks[2m > [22m[2m⛔ door `folder` with 4 queued send(s) in flight ⇒ the sentence is on the server
[22m[39mAn update to TableToolbar inside a test was not wrapped in act(...).

When testing, code that causes React state updates should be wrapped into act(...):

act(() => {
  /* fire events that update state */
});
/* assert on the output */

This ensures that you're testing the behavior the user would see in the browser. Learn more at https://react.dev/link/wrap-tests-with-act
An update to LinkPasteMenu inside a test was not wrapped in act(...).

When testing, code that causes React state updates should be wrapped into act(...):

act(() => {
  /* fire events that update state */
});
/* assert on the output */

This ensures that you're testing the behavior the user would see in the browser. Learn more at https://react.dev/link/wrap-tests-with-act
An update to NoteEditorPage inside a test was not wrapped in act(...).

When testing, code that causes React state updates should be wrapped into act(...):

act(() => {
  /* fire events that update state */
});
/* assert on the output */

This ensures that you're testing the behavior the user would see in the browser. Learn more at https://react.dev/link/wrap-tests-with-act
An update to NoteEditorPage inside a test was not wrapped in act(...).

When testing, code that causes React state updates should be wrapped into act(...):

act(() => {
  /* fire events that update state */
});
/* assert on the output */

This ensures that you're testing the behavior the user would see in the browser. Learn more at https://react.dev/link/wrap-tests-with-act
An update to NoteEditorPage inside a test was not wrapped in act(...).

When testing, code that causes React state updates should be wrapped into act(...):

act(() => {
  /* fire events that update state */
});
/* assert on the output */

This ensures that you're testing the behavior the user would see in the browser. Learn more at https://react.dev/link/wrap-tests-with-act
An update to NoteEditorPage inside a test was not wrapped in act(...).

When testing, code that causes React state updates should be wrapped into act(...):

act(() => {
  /* fire events that update state */
});
/* assert on the output */

This ensures that you're testing the behavior the user would see in the browser. Learn more at https://react.dev/link/wrap-tests-with-act
An update to NoteEditorPage inside a test was not wrapped in act(...).

When testing, code that causes React state updates should be wrapped into act(...):

act(() => {
  /* fire events that update state */
});
/* assert on the output */

This ensures that you're testing the behavior the user would see in the browser. Learn more at https://react.dev/link/wrap-tests-with-act

[90mstderr[2m | src/pages/journal-2-0/components/notebook/doorsThroughTheEditor.property.test.jsx[2m > [22m[2m⛔⛔ THE INVARIANT — the offline sentence reaches the server body, and nothing forks[2m > [22m[2m⛔ door `folder` with 4 queued send(s) in flight ⇒ the sentence is on the server
[22m[39mautosave failed (retry 1 in 1000ms) TypeError: Failed to fetch
    at Object.srv.offlineError (C:/Users/Patrick/uct-worktrees/notebook-w13-landing/app/src/pages/journal-2-0/components/notebook/doorsThroughTheEditor.property.test.jsx:125:15)
    at C:/Users/Patrick/uct-worktrees/notebook-w13-landing/app/src/pages/journal-2-0/components/notebook/doorsThroughTheEditor.property.test.jsx:160:38
    at Mock (file:///C:/Users/Patrick/uct-worktrees/_nb-shared-install/node_modules/[4m@vitest/spy[24m/dist/index.js:285:34)
    at Object.commitSave [as current] (C:/Users/Patrick/uct-worktrees/notebook-w13-landing/app/src/pages/journal-2-0/components/notebook/NoteEditorPage.jsx:3203:23)
    at C:/Users/Patrick/uct-worktrees/notebook-w13-landing/app/src/pages/journal-2-0/components/notebook/NoteEditorPage.jsx:1580:59
    at callTimer (file:///C:/Users/Patrick/uct-worktrees/_nb-shared-install/node_modules/[4mvitest[24m/dist/chunks/vi.2VT5v0um.js:2111:25)
    at doTickInner (file:///C:/Users/Patrick/uct-worktrees/_nb-shared-install/node_modules/[4mvitest[24m/dist/chunks/vi.2VT5v0um.js:2714:30)
    at doTick (file:///C:/Users/Patrick/uct-worktrees/_nb-shared-install/node_modules/[4mvitest[24m/dist/chunks/vi.2VT5v0um.js:2795:21)
    at Object.tick (file:///C:/Users/Patrick/uct-worktrees/_nb-shared-install/node_modules/[4mvitest[24m/dist/chunks/vi.2VT5v0um.js:2803:21)
    at FakeTimers.advanceTimersByTime (file:///C:/Users/Patrick/uct-worktrees/_nb-shared-install/node_modules/[4mvitest[24m/dist/chunks/vi.2VT5v0um.js:3529:44)

[90mstderr[2m | src/components/dailyFirstPaintAcceptance.test.jsx[2m > [22m[2mDAILY first-paint acceptance[2m > [22m[2mSTALE-TODAY — IDB reaches the frontier but was written hours ago, pack fresh
[22m[39mAn update to StockChart inside a test was not wrapped in act(...).

When testing, code that causes React state updates should be wrapped into act(...):

act(() => {
  /* fire events that update state */
});
/* assert on the output */

This ensures that you're testing the behavior the user would see in the browser. Learn more at https://react.dev/link/wrap-tests-with-act
An update to StockChart inside a test was not wrapped in act(...).

When testing, code that causes React state updates should be wrapped into act(...):

act(() => {
  /* fire events that update state */
});
/* assert on the output */

This ensures that you're testing the behavior the user would see in the browser. Learn more at https://react.dev/link/wrap-tests-with-act
An update to StockChart inside a test was not wrapped in act(...).

When testing, code that causes React state updates should be wrapped into act(...):

act(() => {
  /* fire events that update state */
});
/* assert on the output */

This ensures that you're testing the behavior the user would see in the browser. Learn more at https://react.dev/link/wrap-tests-with-act
An update to StockChart inside a test was not wrapped in act(...).

When testing, code that causes React state updates should be wrapped into act(...):

act(() => {
  /* fire events that update state */
});
/* assert on the output */

This ensures that you're testing the behavior the user would see in the browser. Learn more at https://react.dev/link/wrap-tests-with-act
An update to StockChart inside a test was not wrapped in act(...).

When testing, code that causes React state updates should be wrapped into act(...):

act(() => {
  /* fire events that update state */
});
/* assert on the output */

This ensures that you're testing the behavior the user would see in the browser. Learn more at https://react.dev/link/wrap-tests-with-act
An update to StockChart inside a test was not wrapped in act(...).

When testing, code that causes React state updates should be wrapped into act(...):

act(() => {
  /* fire events that update state */
});
/* assert on the output */

This ensures that you're testing the behavior the user would see in the browser. Learn more at https://react.dev/link/wrap-tests-with-act

[90mstderr[2m | src/pages/journal-2-0/components/notebook/doorsThroughTheEditor.property.test.jsx[2m > [22m[2m⛔⛔ THE INVARIANT — the offline sentence reaches the server body, and nothing forks[2m > [22m[2m⛔ door `folder` with 4 queued send(s) in flight ⇒ the sentence is on the server
[22m[39mAn update to TableToolbar inside a test was not wrapped in act(...).

When testing, code that causes React state updates should be wrapped into act(...):

act(() => {
  /* fire events that update state */
});
/* assert on the output */

This ensures that you're testing the behavior the user would see in the browser. Learn more at https://react.dev/link/wrap-tests-with-act
An update to LinkPasteMenu inside a test was not wrapped in act(...).

When testing, code that causes React state updates should be wrapped into act(...):

act(() => {
  /* fire events that update state */
});
/* assert on the output */

This ensures that you're testing the behavior the user would see in the browser. Learn more at https://react.dev/link/wrap-tests-with-act
An update to NoteEditorPage inside a test was not wrapped in act(...).

When testing, code that causes React state updates should be wrapped into act(...):

act(() => {
  /* fire events that update state */
});
/* assert on the output */

This ensures that you're testing the behavior the user would see in the browser. Learn more at https://react.dev/link/wrap-tests-with-act
An update to NoteEditorPage inside a test was not wrapped in act(...).

When testing, code that causes React state updates should be wrapped into act(...):

act(() => {
  /* fire events that update state */
});
/* assert on the output */

This ensures that you're testing the behavior the user would see in the browser. Learn more at https://react.dev/link/wrap-tests-with-act
An update to NoteEditorPage inside a test was not wrapped in act(...).

When testing, code that causes React state updates should be wrapped into act(...):

act(() => {
  /* fire events that update state */
});
/* assert on the output */

This ensures that you're testing the behavior the user would see in the browser. Learn more at https://react.dev/link/wrap-tests-with-act
An update to NoteEditorPage inside a test was not wrapped in act(...).

When testing, code that causes React state updates should be wrapped into act(...):

act(() => {
  /* fire events that update state */
});
/* assert on the output */

This ensures that you're testing the behavior the user would see in the browser. Learn more at https://react.dev/link/wrap-tests-with-act
An update to NoteEditorPage inside a test was not wrapped in act(...).

When testing, code that causes React state updates should be wrapped into act(...):

act(() => {
  /* fire events that update state */
});
/* assert on the output */

This ensures that you're testing the behavior the user would see in the browser. Learn more at https://react.dev/link/wrap-tests-with-act

[90mstderr[2m | src/pages/journal-2-0/components/notebook/doorsThroughTheEditor.property.test.jsx[2m > [22m[2m⛔⛔ THE INVARIANT — the offline sentence reaches the server body, and nothing forks[2m > [22m[2m⛔ door `folder` with 4 queued send(s) in flight ⇒ the sentence is on the server
[22m[39mAn update to TableToolbar inside a test was not wrapped in act(...).

When testing, code that causes React state updates should be wrapped into act(...):

act(() => {
  /* fire events that update state */
});
/* assert on the output */

This ensures that you're testing the behavior the user would see in the browser. Learn more at https://react.dev/link/wrap-tests-with-act
An update to LinkPasteMenu inside a test was not wrapped in act(...).

When testing, code that causes React state updates should be wrapped into act(...):

act(() => {
  /* fire events that update state */
});
/* assert on the output */

This ensures that you're testing the behavior the user would see in the browser. Learn more at https://react.dev/link/wrap-tests-with-act
An update to NoteEditorPage inside a test was not wrapped in act(...).

When testing, code that causes React state updates should be wrapped into act(...):

act(() => {
  /* fire events that update state */
});
/* assert on the output */

This ensures that you're testing the behavior the user would see in the browser. Learn more at https://react.dev/link/wrap-tests-with-act
An update to NoteEditorPage inside a test was not wrapped in act(...).

When testing, code that causes React state updates should be wrapped into act(...):

act(() => {
  /* fire events that update state */
});
/* assert on the output */

This ensures that you're testing the behavior the user would see in the browser. Learn more at https://react.dev/link/wrap-tests-with-act
An update to NoteEditorPage inside a test was not wrapped in act(...).

When testing, code that causes React state updates should be wrapped into act(...):

act(() => {
  /* fire events that update state */
});
/* assert on the output */

This ensures that you're testing the behavior the user would see in the browser. Learn more at https://react.dev/link/wrap-tests-with-act
An update to NoteEditorPage inside a test was not wrapped in act(...).

When testing, code that causes React state updates should be wrapped into act(...):

act(() => {
  /* fire events that update state */
});
/* assert on the output */

This ensures that you're testing the behavior the user would see in the browser. Learn more at https://react.dev/link/wrap-tests-with-act

[90mstderr[2m | src/pages/journal-2-0/components/notebook/doorsThroughTheEditor.property.test.jsx[2m > [22m[2m⛔⛔ THE INVARIANT — the offline sentence reaches the server body, and nothing forks[2m > [22m[2m⛔ door `folder` with 4 queued send(s) in flight ⇒ the sentence is on the server
[22m[39mAn update to TableToolbar inside a test was not wrapped in act(...).

When testing, code that causes React state updates should be wrapped into act(...):

act(() => {
  /* fire events that update state */
});
/* assert on the output */

This ensures that you're testing the behavior the user would see in the browser. Learn more at https://react.dev/link/wrap-tests-with-act
An update to LinkPasteMenu inside a test was not wrapped in act(...).

When testing, code that causes React state updates should be wrapped into act(...):

act(() => {
  /* fire events that update state */
});
/* assert on the output */

This ensures that you're testing the behavior the user would see in the browser. Learn more at https://react.dev/link/wrap-tests-with-act
An update to NoteEditorPage inside a test was not wrapped in act(...).

When testing, code that causes React state updates should be wrapped into act(...):

act(() => {
  /* fire events that update state */
});
/* assert on the output */

This ensures that you're testing the behavior the user would see in the browser. Learn more at https://react.dev/link/wrap-tests-with-act
An update to NoteEditorPage inside a test was not wrapped in act(...).

When testing, code that causes React state updates should be wrapped into act(...):

act(() => {
  /* fire events that update state */
});
/* assert on the output */

This ensures that you're testing the behavior the user would see in the browser. Learn more at https://react.dev/link/wrap-tests-with-act
An update to NoteEditorPage inside a test was not wrapped in act(...).

When testing, code that causes React state updates should be wrapped into act(...):

act(() => {
  /* fire events that update state */
});
/* assert on the output */

This ensures that you're testing the behavior the user would see in the browser. Learn more at https://react.dev/link/wrap-tests-with-act
An update to NoteEditorPage inside a test was not wrapped in act(...).

When testing, code that causes React state updates should be wrapped into act(...):

act(() => {
  /* fire events that update state */
});
/* assert on the output */

This ensures that you're testing the behavior the user would see in the browser. Learn more at https://react.dev/link/wrap-tests-with-act

[90mstderr[2m | src/pages/journal-2-0/components/notebook/doorsThroughTheEditor.property.test.jsx[2m > [22m[2m⛔⛔ THE INVARIANT — the offline sentence reaches the server body, and nothing forks[2m > [22m[2m⛔ door `folder` with 4 queued send(s) in flight ⇒ the sentence is on the server
[22m[39mAn update to TableToolbar inside a test was not wrapped in act(...).

When testing, code that causes React state updates should be wrapped into act(...):

act(() => {
  /* fire events that update state */
});
/* assert on the output */

This ensures that you're testing the behavior the user would see in the browser. Learn more at https://react.dev/link/wrap-tests-with-act
An update to LinkPasteMenu inside a test was not wrapped in act(...).

When testing, code that causes React state updates should be wrapped into act(...):

act(() => {
  /* fire events that update state */
});
/* assert on the output */

This ensures that you're testing the behavior the user would see in the browser. Learn more at https://react.dev/link/wrap-tests-with-act
An update to NoteEditorPage inside a test was not wrapped in act(...).

When testing, code that causes React state updates should be wrapped into act(...):

act(() => {
  /* fire events that update state */
});
/* assert on the output */

This ensures that you're testing the behavior the user would see in the browser. Learn more at https://react.dev/link/wrap-tests-with-act
An update to NoteEditorPage inside a test was not wrapped in act(...).

When testing, code that causes React state updates should be wrapped into act(...):

act(() => {
  /* fire events that update state */
});
/* assert on the output */

This ensures that you're testing the behavior the user would see in the browser. Learn more at https://react.dev/link/wrap-tests-with-act
An update to NoteEditorPage inside a test was not wrapped in act(...).

When testing, code that causes React state updates should be wrapped into act(...):

act(() => {
  /* fire events that update state */
});
/* assert on the output */

This ensures that you're testing the behavior the user would see in the browser. Learn more at https://react.dev/link/wrap-tests-with-act
An update to NoteEditorPage inside a test was not wrapped in act(...).

When testing, code that causes React state updates should be wrapped into act(...):

act(() => {
  /* fire events that update state */
});
/* assert on the output */

This ensures that you're testing the behavior the user would see in the browser. Learn more at https://react.dev/link/wrap-tests-with-act

[90mstderr[2m | src/pages/journal-2-0/components/notebook/doorsThroughTheEditor.property.test.jsx[2m > [22m[2m⛔⛔ THE INVARIANT — the offline sentence reaches the server body, and nothing forks[2m > [22m[2m⛔ door `folder` with 4 queued send(s) in flight ⇒ the sentence is on the server
[22m[39mautosave failed (non-retryable) Error: conflict
    at Object.srv.applyPut (C:/Users/Patrick/uct-worktrees/notebook-w13-landing/app/src/pages/journal-2-0/components/notebook/doorsThroughTheEditor.property.test.jsx:104:19)
    at C:/Users/Patrick/uct-worktrees/notebook-w13-landing/app/src/pages/journal-2-0/components/notebook/doorsThroughTheEditor.property.test.jsx:162:19 {
  status: [33m409[39m
}
autosave failed (non-retryable) Error: conflict
    at Object.srv.applyPut (C:/Users/Patrick/uct-worktrees/notebook-w13-landing/app/src/pages/journal-2-0/components/notebook/doorsThroughTheEditor.property.test.jsx:104:19)
    at C:/Users/Patrick/uct-worktrees/notebook-w13-landing/app/src/pages/journal-2-0/components/notebook/doorsThroughTheEditor.property.test.jsx:162:19 {
  status: [33m409[39m
}

[90mstderr[2m | src/components/dailyFirstPaintAcceptance.test.jsx[2m > [22m[2mDAILY first-paint acceptance[2m > [22m[2mSTALE-TODAY, NO SEED — nothing local can make today current
[22m[39mAn update to StockChart inside a test was not wrapped in act(...).

When testing, code that causes React state updates should be wrapped into act(...):

act(() => {
  /* fire events that update state */
});
/* assert on the output */

This ensures that you're testing the behavior the user would see in the browser. Learn more at https://react.dev/link/wrap-tests-with-act
An update to StockChart inside a test was not wrapped in act(...).

When testing, code that causes React state updates should be wrapped into act(...):

act(() => {
  /* fire events that update state */
});
/* assert on the output */

This ensures that you're testing the behavior the user would see in the browser. Learn more at https://react.dev/link/wrap-tests-with-act

[90mstderr[2m | src/components/dailyFirstPaintAcceptance.test.jsx[2m > [22m[2mDAILY first-paint acceptance[2m > [22m[2mSTALE-TODAY, NO SEED — nothing local can make today current
[22m[39mAn update to StockChart inside a test was not wrapped in act(...).

When testing, code that causes React state updates should be wrapped into act(...):

act(() => {
  /* fire events that update state */
});
/* assert on the output */

This ensures that you're testing the behavior the user would see in the browser. Learn more at https://react.dev/link/wrap-tests-with-act
An update to StockChart inside a test was not wrapped in act(...).

When testing, code that causes React state updates should be wrapped into act(...):

act(() => {
  /* fire events that update state */
});
/* assert on the output */

This ensures that you're testing the behavior the user would see in the browser. Learn more at https://react.dev/link/wrap-tests-with-act

[90mstderr[2m | src/components/dailyFirstPaintAcceptance.test.jsx[2m > [22m[2mDAILY first-paint acceptance[2m > [22m[2mSTALE-TODAY, NO SEED — nothing local can make today current
[22m[39mAn update to StockChart inside a test was not wrapped in act(...).

When testing, code that causes React state updates should be wrapped into act(...):

act(() => {
  /* fire events that update state */
});
/* assert on the output */

This ensures that you're testing the behavior the user would see in the browser. Learn more at https://react.dev/link/wrap-tests-with-act

[90mstderr[2m | src/components/dailyFirstPaintAcceptance.test.jsx[2m > [22m[2mDAILY first-paint acceptance[2m > [22m[2mSTALE-TODAY, NO SEED — nothing local can make today current
[22m[39mAn update to StockChart inside a test was not wrapped in act(...).

When testing, code that causes React state updates should be wrapped into act(...):

act(() => {
  /* fire events that update state */
});
/* assert on the output */

This ensures that you're testing the behavior the user would see in the browser. Learn more at https://react.dev/link/wrap-tests-with-act

[90mstderr[2m | src/components/dailyFirstPaintAcceptance.test.jsx[2m > [22m[2mDAILY first-paint acceptance[2m > [22m[2mSTALE-TODAY, NO SEED — nothing local can make today current
[22m[39mAn update to StockChart inside a test was not wrapped in act(...).

When testing, code that causes React state updates should be wrapped into act(...):

act(() => {
  /* fire events that update state */
});
/* assert on the output */

This ensures that you're testing the behavior the user would see in the browser. Learn more at https://react.dev/link/wrap-tests-with-act

[90mstderr[2m | src/components/dailyFirstPaintAcceptance.test.jsx[2m > [22m[2mDAILY first-paint acceptance[2m > [22m[2mSTALE-TODAY, NO SEED — nothing local can make today current
[22m[39mAn update to StockChart inside a test was not wrapped in act(...).

When testing, code that causes React state updates should be wrapped into act(...):

act(() => {
  /* fire events that update state */
});
/* assert on the output */

This ensures that you're testing the behavior the user would see in the browser. Learn more at https://react.dev/link/wrap-tests-with-act

[90mstderr[2m | src/components/dailyFirstPaintAcceptance.test.jsx[2m > [22m[2mDAILY first-paint acceptance[2m > [22m[2mSTALE-TODAY, NO SEED — nothing local can make today current
[22m[39mAn update to PatternOverlay inside a test was not wrapped in act(...).

When testing, code that causes React state updates should be wrapped into act(...):

act(() => {
  /* fire events that update state */
});
/* assert on the output */

This ensures that you're testing the behavior the user would see in the browser. Learn more at https://react.dev/link/wrap-tests-with-act
An update to ChartDrawingOverlay inside a test was not wrapped in act(...).

When testing, code that causes React state updates should be wrapped into act(...):

act(() => {
  /* fire events that update state */
});
/* assert on the output */

This ensures that you're testing the behavior the user would see in the browser. Learn more at https://react.dev/link/wrap-tests-with-act
An update to ChartDrawingOverlay inside a test was not wrapped in act(...).

When testing, code that causes React state updates should be wrapped into act(...):

act(() => {
  /* fire events that update state */
});
/* assert on the output */

This ensures that you're testing the behavior the user would see in the browser. Learn more at https://react.dev/link/wrap-tests-with-act
An update to ChartDrawingOverlay inside a test was not wrapped in act(...).

When testing, code that causes React state updates should be wrapped into act(...):

act(() => {
  /* fire events that update state */
});
/* assert on the output */

This ensures that you're testing the behavior the user would see in the browser. Learn more at https://react.dev/link/wrap-tests-with-act
An update to ChartDrawingOverlay inside a test was not wrapped in act(...).

When testing, code that causes React state updates should be wrapped into act(...):

act(() => {
  /* fire events that update state */
});
/* assert on the output */

This ensures that you're testing the behavior the user would see in the browser. Learn more at https://react.dev/link/wrap-tests-with-act
An update to ChartDrawingOverlay inside a test was not wrapped in act(...).

When testing, code that causes React state updates should be wrapped into act(...):

act(() => {
  /* fire events that update state */
});
/* assert on the output */

This ensures that you're testing the behavior the user would see in the browser. Learn more at https://react.dev/link/wrap-tests-with-act
An update to ChartDrawingOverlay inside a test was not wrapped in act(...).

When testing, code that causes React state updates should be wrapped into act(...):

act(() => {
  /* fire events that update state */
});
/* assert on the output */

This ensures that you're testing the behavior the user would see in the browser. Learn more at https://react.dev/link/wrap-tests-with-act
An update to StockChart inside a test was not wrapped in act(...).

When testing, code that causes React state updates should be wrapped into act(...):

act(() => {
  /* fire events that update state */
});
/* assert on the output */

This ensures that you're testing the behavior the user would see in the browser. Learn more at https://react.dev/link/wrap-tests-with-act
An update to StockChart inside a test was not wrapped in act(...).

When testing, code that causes React state updates should be wrapped into act(...):

act(() => {
  /* fire events that update state */
});
/* assert on the output */

This ensures that you're testing the behavior the user would see in the browser. Learn more at https://react.dev/link/wrap-tests-with-act
An update to StockChart inside a test was not wrapped in act(...).

When testing, code that causes React state updates should be wrapped into act(...):

act(() => {
  /* fire events that update state */
});
/* assert on the output */

This ensures that you're testing the behavior the user would see in the browser. Learn more at https://react.dev/link/wrap-tests-with-act
An update to StockChart inside a test was not wrapped in act(...).

When testing, code that causes React state updates should be wrapped into act(...):

act(() => {
  /* fire events that update state */
});
/* assert on the output */

This ensures that you're testing the behavior the user would see in the browser. Learn more at https://react.dev/link/wrap-tests-with-act
An update to StockChart inside a test was not wrapped in act(...).

When testing, code that causes React state updates should be wrapped into act(...):

act(() => {
  /* fire events that update state */
});
/* assert on the output */

This ensures that you're testing the behavior the user would see in the browser. Learn more at https://react.dev/link/wrap-tests-with-act
An update to StockChart inside a test was not wrapped in act(...).

When testing, code that causes React state updates should be wrapped into act(...):

act(() => {
  /* fire events that update state */
});
/* assert on the output */

This ensures that you're testing the behavior the user would see in the browser. Learn more at https://react.dev/link/wrap-tests-with-act
An update to StockChart inside a test was not wrapped in act(...).

When testing, code that causes React state updates should be wrapped into act(...):

act(() => {
  /* fire events that update state */
});
/* assert on the output */

This ensures that you're testing the behavior the user would see in the browser. Learn more at https://react.dev/link/wrap-tests-with-act

[90mstderr[2m | src/components/dailyFirstPaintAcceptance.test.jsx[2m > [22m[2mDAILY first-paint acceptance[2m > [22m[2mSTALE-TODAY, NO SEED — nothing local can make today current
[22m[39mAn update to StockChart inside a test was not wrapped in act(...).

When testing, code that causes React state updates should be wrapped into act(...):

act(() => {
  /* fire events that update state */
});
/* assert on the output */

This ensures that you're testing the behavior the user would see in the browser. Learn more at https://react.dev/link/wrap-tests-with-act

[90mstderr[2m | src/pages/journal-2-0/components/notebook/doorsThroughTheEditor.property.test.jsx[2m > [22m[2m⛔⛔ THE INVARIANT — the offline sentence reaches the server body, and nothing forks[2m > [22m[2m⛔ door `folder` with 5 queued send(s) in flight ⇒ the sentence is on the server
[22m[39mAn update to TableToolbar inside a test was not wrapped in act(...).

When testing, code that causes React state updates should be wrapped into act(...):

act(() => {
  /* fire events that update state */
});
/* assert on the output */

This ensures that you're testing the behavior the user would see in the browser. Learn more at https://react.dev/link/wrap-tests-with-act
An update to LinkPasteMenu inside a test was not wrapped in act(...).

When testing, code that causes React state updates should be wrapped into act(...):

act(() => {
  /* fire events that update state */
});
/* assert on the output */

This ensures that you're testing the behavior the user would see in the browser. Learn more at https://react.dev/link/wrap-tests-with-act
An update to NoteEditorPage inside a test was not wrapped in act(...).

When testing, code that causes React state updates should be wrapped into act(...):

act(() => {
  /* fire events that update state */
});
/* assert on the output */

This ensures that you're testing the behavior the user would see in the browser. Learn more at https://react.dev/link/wrap-tests-with-act
An update to NoteEditorPage inside a test was not wrapped in act(...).

When testing, code that causes React state updates should be wrapped into act(...):

act(() => {
  /* fire events that update state */
});
/* assert on the output */

This ensures that you're testing the behavior the user would see in the browser. Learn more at https://react.dev/link/wrap-tests-with-act
An update to NoteEditorPage inside a test was not wrapped in act(...).

When testing, code that causes React state updates should be wrapped into act(...):

act(() => {
  /* fire events that update state */
});
/* assert on the output */

This ensures that you're testing the behavior the user would see in the browser. Learn more at https://react.dev/link/wrap-tests-with-act
An update to NoteEditorPage inside a test was not wrapped in act(...).

When testing, code that causes React state updates should be wrapped into act(...):

act(() => {
  /* fire events that update state */
});
/* assert on the output */

This ensures that you're testing the behavior the user would see in the browser. Learn more at https://react.dev/link/wrap-tests-with-act
An update to NoteEditorPage inside a test was not wrapped in act(...).

When testing, code that causes React state updates should be wrapped into act(...):

act(() => {
  /* fire events that update state */
});
/* assert on the output */

This ensures that you're testing the behavior the user would see in the browser. Learn more at https://react.dev/link/wrap-tests-with-act

[90mstderr[2m | src/pages/journal-2-0/components/notebook/doorsThroughTheEditor.property.test.jsx[2m > [22m[2m⛔⛔ THE INVARIANT — the offline sentence reaches the server body, and nothing forks[2m > [22m[2m⛔ door `folder` with 5 queued send(s) in flight ⇒ the sentence is on the server
[22m[39mautosave failed (retry 1 in 1000ms) TypeError: Failed to fetch
    at Object.srv.offlineError (C:/Users/Patrick/uct-worktrees/notebook-w13-landing/app/src/pages/journal-2-0/components/notebook/doorsThroughTheEditor.property.test.jsx:125:15)
    at C:/Users/Patrick/uct-worktrees/notebook-w13-landing/app/src/pages/journal-2-0/components/notebook/doorsThroughTheEditor.property.test.jsx:160:38
    at Mock (file:///C:/Users/Patrick/uct-worktrees/_nb-shared-install/node_modules/[4m@vitest/spy[24m/dist/index.js:285:34)
    at Object.commitSave [as current] (C:/Users/Patrick/uct-worktrees/notebook-w13-landing/app/src/pages/journal-2-0/components/notebook/NoteEditorPage.jsx:3203:23)
    at C:/Users/Patrick/uct-worktrees/notebook-w13-landing/app/src/pages/journal-2-0/components/notebook/NoteEditorPage.jsx:1580:59
    at callTimer (file:///C:/Users/Patrick/uct-worktrees/_nb-shared-install/node_modules/[4mvitest[24m/dist/chunks/vi.2VT5v0um.js:2111:25)
    at doTickInner (file:///C:/Users/Patrick/uct-worktrees/_nb-shared-install/node_modules/[4mvitest[24m/dist/chunks/vi.2VT5v0um.js:2714:30)
    at doTick (file:///C:/Users/Patrick/uct-worktrees/_nb-shared-install/node_modules/[4mvitest[24m/dist/chunks/vi.2VT5v0um.js:2795:21)
    at Object.tick (file:///C:/Users/Patrick/uct-worktrees/_nb-shared-install/node_modules/[4mvitest[24m/dist/chunks/vi.2VT5v0um.js:2803:21)
    at FakeTimers.advanceTimersByTime (file:///C:/Users/Patrick/uct-worktrees/_nb-shared-install/node_modules/[4mvitest[24m/dist/chunks/vi.2VT5v0um.js:3529:44)

[90mstderr[2m | src/components/dailyFirstPaintAcceptance.test.jsx[2m > [22m[2mDAILY first-paint acceptance[2m > [22m[2mLIVE-SEED — the live-price store is the freshest current-session door
[22m[39mAn update to StockChart inside a test was not wrapped in act(...).

When testing, code that causes React state updates should be wrapped into act(...):

act(() => {
  /* fire events that update state */
});
/* assert on the output */

This ensures that you're testing the behavior the user would see in the browser. Learn more at https://react.dev/link/wrap-tests-with-act
An update to StockChart inside a test was not wrapped in act(...).

When testing, code that causes React state updates should be wrapped into act(...):

act(() => {
  /* fire events that update state */
});
/* assert on the output */

This ensures that you're testing the behavior the user would see in the browser. Learn more at https://react.dev/link/wrap-tests-with-act

[90mstderr[2m | src/components/dailyFirstPaintAcceptance.test.jsx[2m > [22m[2mDAILY first-paint acceptance[2m > [22m[2mLIVE-SEED — the live-price store is the freshest current-session door
[22m[39mAn update to StockChart inside a test was not wrapped in act(...).

When testing, code that causes React state updates should be wrapped into act(...):

act(() => {
  /* fire events that update state */
});
/* assert on the output */

This ensures that you're testing the behavior the user would see in the browser. Learn more at https://react.dev/link/wrap-tests-with-act
An update to StockChart inside a test was not wrapped in act(...).

When testing, code that causes React state updates should be wrapped into act(...):

act(() => {
  /* fire events that update state */
});
/* assert on the output */

This ensures that you're testing the behavior the user would see in the browser. Learn more at https://react.dev/link/wrap-tests-with-act
An update to PatternOverlay inside a test was not wrapped in act(...).

When testing, code that causes React state updates should be wrapped into act(...):

act(() => {
  /* fire events that update state */
});
/* assert on the output */

This ensures that you're testing the behavior the user would see in the browser. Learn more at https://react.dev/link/wrap-tests-with-act
An update to ChartDrawingOverlay inside a test was not wrapped in act(...).

When testing, code that causes React state updates should be wrapped into act(...):

act(() => {
  /* fire events that update state */
});
/* assert on the output */

This ensures that you're testing the behavior the user would see in the browser. Learn more at https://react.dev/link/wrap-tests-with-act
An update to ChartDrawingOverlay inside a test was not wrapped in act(...).

When testing, code that causes React state updates should be wrapped into act(...):

act(() => {
  /* fire events that update state */
});
/* assert on the output */

This ensures that you're testing the behavior the user would see in the browser. Learn more at https://react.dev/link/wrap-tests-with-act
An update to ChartDrawingOverlay inside a test was not wrapped in act(...).

When testing, code that causes React state updates should be wrapped into act(...):

act(() => {
  /* fire events that update state */
});
/* assert on the output */

This ensures that you're testing the behavior the user would see in the browser. Learn more at https://react.dev/link/wrap-tests-with-act
An update to ChartDrawingOverlay inside a test was not wrapped in act(...).

When testing, code that causes React state updates should be wrapped into act(...):

act(() => {
  /* fire events that update state */
});
/* assert on the output */

This ensures that you're testing the behavior the user would see in the browser. Learn more at https://react.dev/link/wrap-tests-with-act
An update to ChartDrawingOverlay inside a test was not wrapped in act(...).

When testing, code that causes React state updates should be wrapped into act(...):

act(() => {
  /* fire events that update state */
});
/* assert on the output */

This ensures that you're testing the behavior the user would see in the browser. Learn more at https://react.dev/link/wrap-tests-with-act
An update to ChartDrawingOverlay inside a test was not wrapped in act(...).

When testing, code that causes React state updates should be wrapped into act(...):

act(() => {
  /* fire events that update state */
});
/* assert on the output */

This ensures that you're testing the behavior the user would see in the browser. Learn more at https://react.dev/link/wrap-tests-with-act
An update to StockChart inside a test was not wrapped in act(...).

When testing, code that causes React state updates should be wrapped into act(...):

act(() => {
  /* fire events that update state */
});
/* assert on the output */

This ensures that you're testing the behavior the user would see in the browser. Learn more at https://react.dev/link/wrap-tests-with-act
An update to StockChart inside a test was not wrapped in act(...).

When testing, code that causes React state updates should be wrapped into act(...):

act(() => {
  /* fire events that update state */
});
/* assert on the output */

This ensures that you're testing the behavior the user would see in the browser. Learn more at https://react.dev/link/wrap-tests-with-act
An update to StockChart inside a test was not wrapped in act(...).

When testing, code that causes React state updates should be wrapped into act(...):

act(() => {
  /* fire events that update state */
});
/* assert on the output */

This ensures that you're testing the behavior the user would see in the browser. Learn more at https://react.dev/link/wrap-tests-with-act
An update to StockChart inside a test was not wrapped in act(...).

When testing, code that causes React state updates should be wrapped into act(...):

act(() => {
  /* fire events that update state */
});
/* assert on the output */

This ensures that you're testing the behavior the user would see in the browser. Learn more at https://react.dev/link/wrap-tests-with-act
An update to StockChart inside a test was not wrapped in act(...).

When testing, code that causes React state updates should be wrapped into act(...):

act(() => {
  /* fire events that update state */
});
/* assert on the output */

This ensures that you're testing the behavior the user would see in the browser. Learn more at https://react.dev/link/wrap-tests-with-act
An update to StockChart inside a test was not wrapped in act(...).

When testing, code that causes React state updates should be wrapped into act(...):

act(() => {
  /* fire events that update state */
});
/* assert on the output */

This ensures that you're testing the behavior the user would see in the browser. Learn more at https://react.dev/link/wrap-tests-with-act

[90mstderr[2m | src/pages/journal-2-0/components/notebook/doorsThroughTheEditor.property.test.jsx[2m > [22m[2m⛔⛔ THE INVARIANT — the offline sentence reaches the server body, and nothing forks[2m > [22m[2m⛔ door `folder` with 5 queued send(s) in flight ⇒ the sentence is on the server
[22m[39mAn update to TableToolbar inside a test was not wrapped in act(...).

When testing, code that causes React state updates should be wrapped into act(...):

act(() => {
  /* fire events that update state */
});
/* assert on the output */

This ensures that you're testing the behavior the user would see in the browser. Learn more at https://react.dev/link/wrap-tests-with-act
An update to LinkPasteMenu inside a test was not wrapped in act(...).

When testing, code that causes React state updates should be wrapped into act(...):

act(() => {
  /* fire events that update state */
});
/* assert on the output */

This ensures that you're testing the behavior the user would see in the browser. Learn more at https://react.dev/link/wrap-tests-with-act
An update to NoteEditorPage inside a test was not wrapped in act(...).

When testing, code that causes React state updates should be wrapped into act(...):

act(() => {
  /* fire events that update state */
});
/* assert on the output */

This ensures that you're testing the behavior the user would see in the browser. Learn more at https://react.dev/link/wrap-tests-with-act
An update to NoteEditorPage inside a test was not wrapped in act(...).

When testing, code that causes React state updates should be wrapped into act(...):

act(() => {
  /* fire events that update state */
});
/* assert on the output */

This ensures that you're testing the behavior the user would see in the browser. Learn more at https://react.dev/link/wrap-tests-with-act
An update to NoteEditorPage inside a test was not wrapped in act(...).

When testing, code that causes React state updates should be wrapped into act(...):

act(() => {
  /* fire events that update state */
});
/* assert on the output */

This ensures that you're testing the behavior the user would see in the browser. Learn more at https://react.dev/link/wrap-tests-with-act
An update to NoteEditorPage inside a test was not wrapped in act(...).

When testing, code that causes React state updates should be wrapped into act(...):

act(() => {
  /* fire events that update state */
});
/* assert on the output */

This ensures that you're testing the behavior the user would see in the browser. Learn more at https://react.dev/link/wrap-tests-with-act
An update to NoteEditorPage inside a test was not wrapped in act(...).

When testing, code that causes React state updates should be wrapped into act(...):

act(() => {
  /* fire events that update state */
});
/* assert on the output */

This ensures that you're testing the behavior the user would see in the browser. Learn more at https://react.dev/link/wrap-tests-with-act

[90mstderr[2m | src/components/dailyFirstPaintAcceptance.test.jsx[2m > [22m[2mDAILY first-paint acceptance[2m > [22m[2mLIVE-SEED — the live-price store is the freshest current-session door
[22m[39mAn update to StockChart inside a test was not wrapped in act(...).

When testing, code that causes React state updates should be wrapped into act(...):

act(() => {
  /* fire events that update state */
});
/* assert on the output */

This ensures that you're testing the behavior the user would see in the browser. Learn more at https://react.dev/link/wrap-tests-with-act

[90mstderr[2m | src/components/dailyFirstPaintAcceptance.test.jsx[2m > [22m[2mDAILY first-paint acceptance[2m > [22m[2mLIVE-SEED — the live-price store is the freshest current-session door
[22m[39mAn update to StockChart inside a test was not wrapped in act(...).

When testing, code that causes React state updates should be wrapped into act(...):

act(() => {
  /* fire events that update state */
});
/* assert on the output */

This ensures that you're testing the behavior the user would see in the browser. Learn more at https://react.dev/link/wrap-tests-with-act

[90mstderr[2m | src/pages/journal-2-0/components/notebook/doorsThroughTheEditor.property.test.jsx[2m > [22m[2m⛔⛔ THE INVARIANT — the offline sentence reaches the server body, and nothing forks[2m > [22m[2m⛔ door `folder` with 5 queued send(s) in flight ⇒ the sentence is on the server
[22m[39mAn update to TableToolbar inside a test was not wrapped in act(...).

When testing, code that causes React state updates should be wrapped into act(...):

act(() => {
  /* fire events that update state */
});
/* assert on the output */

This ensures that you're testing the behavior the user would see in the browser. Learn more at https://react.dev/link/wrap-tests-with-act
An update to LinkPasteMenu inside a test was not wrapped in act(...).

When testing, code that causes React state updates should be wrapped into act(...):

act(() => {
  /* fire events that update state */
});
/* assert on the output */

This ensures that you're testing the behavior the user would see in the browser. Learn more at https://react.dev/link/wrap-tests-with-act
An update to NoteEditorPage inside a test was not wrapped in act(...).

When testing, code that causes React state updates should be wrapped into act(...):

act(() => {
  /* fire events that update state */
});
/* assert on the output */

This ensures that you're testing the behavior the user would see in the browser. Learn more at https://react.dev/link/wrap-tests-with-act
An update to NoteEditorPage inside a test was not wrapped in act(...).

When testing, code that causes React state updates should be wrapped into act(...):

act(() => {
  /* fire events that update state */
});
/* assert on the output */

This ensures that you're testing the behavior the user would see in the browser. Learn more at https://react.dev/link/wrap-tests-with-act
An update to NoteEditorPage inside a test was not wrapped in act(...).

When testing, code that causes React state updates should be wrapped into act(...):

act(() => {
  /* fire events that update state */
});
/* assert on the output */

This ensures that you're testing the behavior the user would see in the browser. Learn more at https://react.dev/link/wrap-tests-with-act
An update to NoteEditorPage inside a test was not wrapped in act(...).

When testing, code that causes React state updates should be wrapped into act(...):

act(() => {
  /* fire events that update state */
});
/* assert on the output */

This ensures that you're testing the behavior the user would see in the browser. Learn more at https://react.dev/link/wrap-tests-with-act

[90mstderr[2m | src/pages/journal-2-0/components/notebook/doorsThroughTheEditor.property.test.jsx[2m > [22m[2m⛔⛔ THE INVARIANT — the offline sentence reaches the server body, and nothing forks[2m > [22m[2m⛔ door `folder` with 5 queued send(s) in flight ⇒ the sentence is on the server
[22m[39mAn update to TableToolbar inside a test was not wrapped in act(...).

When testing, code that causes React state updates should be wrapped into act(...):

act(() => {
  /* fire events that update state */
});
/* assert on the output */

This ensures that you're testing the behavior the user would see in the browser. Learn more at https://react.dev/link/wrap-tests-with-act
An update to LinkPasteMenu inside a test was not wrapped in act(...).

When testing, code that causes React state updates should be wrapped into act(...):

act(() => {
  /* fire events that update state */
});
/* assert on the output */

This ensures that you're testing the behavior the user would see in the browser. Learn more at https://react.dev/link/wrap-tests-with-act
An update to NoteEditorPage inside a test was not wrapped in act(...).

When testing, code that causes React state updates should be wrapped into act(...):

act(() => {
  /* fire events that update state */
});
/* assert on the output */

This ensures that you're testing the behavior the user would see in the browser. Learn more at https://react.dev/link/wrap-tests-with-act
An update to NoteEditorPage inside a test was not wrapped in act(...).

When testing, code that causes React state updates should be wrapped into act(...):

act(() => {
  /* fire events that update state */
});
/* assert on the output */

This ensures that you're testing the behavior the user would see in the browser. Learn more at https://react.dev/link/wrap-tests-with-act
An update to NoteEditorPage inside a test was not wrapped in act(...).

When testing, code that causes React state updates should be wrapped into act(...):

act(() => {
  /* fire events that update state */
});
/* assert on the output */

This ensures that you're testing the behavior the user would see in the browser. Learn more at https://react.dev/link/wrap-tests-with-act
An update to NoteEditorPage inside a test was not wrapped in act(...).

When testing, code that causes React state updates should be wrapped into act(...):

act(() => {
  /* fire events that update state */
});
/* assert on the output */

This ensures that you're testing the behavior the user would see in the browser. Learn more at https://react.dev/link/wrap-tests-with-act

[90mstderr[2m | src/pages/journal-2-0/components/notebook/doorsThroughTheEditor.property.test.jsx[2m > [22m[2m⛔⛔ THE INVARIANT — the offline sentence reaches the server body, and nothing forks[2m > [22m[2m⛔ door `folder` with 5 queued send(s) in flight ⇒ the sentence is on the server
[22m[39mAn update to TableToolbar inside a test was not wrapped in act(...).

When testing, code that causes React state updates should be wrapped into act(...):

act(() => {
  /* fire events that update state */
});
/* assert on the output */

This ensures that you're testing the behavior the user would see in the browser. Learn more at https://react.dev/link/wrap-tests-with-act
An update to LinkPasteMenu inside a test was not wrapped in act(...).

When testing, code that causes React state updates should be wrapped into act(...):

act(() => {
  /* fire events that update state */
});
/* assert on the output */

This ensures that you're testing the behavior the user would see in the browser. Learn more at https://react.dev/link/wrap-tests-with-act
An update to NoteEditorPage inside a test was not wrapped in act(...).

When testing, code that causes React state updates should be wrapped into act(...):

act(() => {
  /* fire events that update state */
});
/* assert on the output */

This ensures that you're testing the behavior the user would see in the browser. Learn more at https://react.dev/link/wrap-tests-with-act
An update to NoteEditorPage inside a test was not wrapped in act(...).

When testing, code that causes React state updates should be wrapped into act(...):

act(() => {
  /* fire events that update state */
});
/* assert on the output */

This ensures that you're testing the behavior the user would see in the browser. Learn more at https://react.dev/link/wrap-tests-with-act
An update to NoteEditorPage inside a test was not wrapped in act(...).

When testing, code that causes React state updates should be wrapped into act(...):

act(() => {
  /* fire events that update state */
});
/* assert on the output */

This ensures that you're testing the behavior the user would see in the browser. Learn more at https://react.dev/link/wrap-tests-with-act
An update to NoteEditorPage inside a test was not wrapped in act(...).

When testing, code that causes React state updates should be wrapped into act(...):

act(() => {
  /* fire events that update state */
});
/* assert on the output */

This ensures that you're testing the behavior the user would see in the browser. Learn more at https://react.dev/link/wrap-tests-with-act

[90mstderr[2m | src/components/dailyFirstPaintAcceptance.test.jsx[2m > [22m[2mDAILY first-paint acceptance[2m > [22m[2mLIVE-SEED — the live-price store is the freshest current-session door
[22m[39mAn update to StockChart inside a test was not wrapped in act(...).

When testing, code that causes React state updates should be wrapped into act(...):

act(() => {
  /* fire events that update state */
});
/* assert on the output */

This ensures that you're testing the behavior the user would see in the browser. Learn more at https://react.dev/link/wrap-tests-with-act

[90mstderr[2m | src/components/dailyFirstPaintAcceptance.test.jsx[2m > [22m[2mDAILY first-paint acceptance[2m > [22m[2mLIVE-SEED — the live-price store is the freshest current-session door
[22m[39mAn update to StockChart inside a test was not wrapped in act(...).

When testing, code that causes React state updates should be wrapped into act(...):

act(() => {
  /* fire events that update state */
});
/* assert on the output */

This ensures that you're testing the behavior the user would see in the browser. Learn more at https://react.dev/link/wrap-tests-with-act
An update to StockChart inside a test was not wrapped in act(...).

When testing, code that causes React state updates should be wrapped into act(...):

act(() => {
  /* fire events that update state */
});
/* assert on the output */

This ensures that you're testing the behavior the user would see in the browser. Learn more at https://react.dev/link/wrap-tests-with-act
An update to StockChart inside a test was not wrapped in act(...).

When testing, code that causes React state updates should be wrapped into act(...):

act(() => {
  /* fire events that update state */
});
/* assert on the output */

This ensures that you're testing the behavior the user would see in the browser. Learn more at https://react.dev/link/wrap-tests-with-act
An update to StockChart inside a test was not wrapped in act(...).

When testing, code that causes React state updates should be wrapped into act(...):

act(() => {
  /* fire events that update state */
});
/* assert on the output */

This ensures that you're testing the behavior the user would see in the browser. Learn more at https://react.dev/link/wrap-tests-with-act
An update to StockChart inside a test was not wrapped in act(...).

When testing, code that causes React state updates should be wrapped into act(...):

act(() => {
  /* fire events that update state */
});
/* assert on the output */

This ensures that you're testing the behavior the user would see in the browser. Learn more at https://react.dev/link/wrap-tests-with-act
An update to StockChart inside a test was not wrapped in act(...).

When testing, code that causes React state updates should be wrapped into act(...):

act(() => {
  /* fire events that update state */
});
/* assert on the output */

This ensures that you're testing the behavior the user would see in the browser. Learn more at https://react.dev/link/wrap-tests-with-act

[90mstderr[2m | src/components/dailyFirstPaintAcceptance.test.jsx[2m > [22m[2mDAILY first-paint acceptance[2m > [22m[2mLIVE-SEED — the live-price store is the freshest current-session door
[22m[39mAn update to StockChart inside a test was not wrapped in act(...).

When testing, code that causes React state updates should be wrapped into act(...):

act(() => {
  /* fire events that update state */
});
/* assert on the output */

This ensures that you're testing the behavior the user would see in the browser. Learn more at https://react.dev/link/wrap-tests-with-act
An update to StockChart inside a test was not wrapped in act(...).

When testing, code that causes React state updates should be wrapped into act(...):

act(() => {
  /* fire events that update state */
});
/* assert on the output */

This ensures that you're testing the behavior the user would see in the browser. Learn more at https://react.dev/link/wrap-tests-with-act
An update to StockChart inside a test was not wrapped in act(...).

When testing, code that causes React state updates should be wrapped into act(...):

act(() => {
  /* fire events that update state */
});
/* assert on the output */

This ensures that you're testing the behavior the user would see in the browser. Learn more at https://react.dev/link/wrap-tests-with-act
An update to StockChart inside a test was not wrapped in act(...).

When testing, code that causes React state updates should be wrapped into act(...):

act(() => {
  /* fire events that update state */
});
/* assert on the output */

This ensures that you're testing the behavior the user would see in the browser. Learn more at https://react.dev/link/wrap-tests-with-act

[90mstderr[2m | src/pages/journal-2-0/components/notebook/doorsThroughTheEditor.property.test.jsx[2m > [22m[2m⛔⛔ THE INVARIANT — the offline sentence reaches the server body, and nothing forks[2m > [22m[2m⛔ door `folder` with 5 queued send(s) in flight ⇒ the sentence is on the server
[22m[39mAn update to TableToolbar inside a test was not wrapped in act(...).

When testing, code that causes React state updates should be wrapped into act(...):

act(() => {
  /* fire events that update state */
});
/* assert on the output */

This ensures that you're testing the behavior the user would see in the browser. Learn more at https://react.dev/link/wrap-tests-with-act
An update to LinkPasteMenu inside a test was not wrapped in act(...).

When testing, code that causes React state updates should be wrapped into act(...):

act(() => {
  /* fire events that update state */
});
/* assert on the output */

This ensures that you're testing the behavior the user would see in the browser. Learn more at https://react.dev/link/wrap-tests-with-act
An update to NoteEditorPage inside a test was not wrapped in act(...).

When testing, code that causes React state updates should be wrapped into act(...):

act(() => {
  /* fire events that update state */
});
/* assert on the output */

This ensures that you're testing the behavior the user would see in the browser. Learn more at https://react.dev/link/wrap-tests-with-act
An update to NoteEditorPage inside a test was not wrapped in act(...).

When testing, code that causes React state updates should be wrapped into act(...):

act(() => {
  /* fire events that update state */
});
/* assert on the output */

This ensures that you're testing the behavior the user would see in the browser. Learn more at https://react.dev/link/wrap-tests-with-act
An update to NoteEditorPage inside a test was not wrapped in act(...).

When testing, code that causes React state updates should be wrapped into act(...):

act(() => {
  /* fire events that update state */
});
/* assert on the output */

This ensures that you're testing the behavior the user would see in the browser. Learn more at https://react.dev/link/wrap-tests-with-act
An update to NoteEditorPage inside a test was not wrapped in act(...).

When testing, code that causes React state updates should be wrapped into act(...):

act(() => {
  /* fire events that update state */
});
/* assert on the output */

This ensures that you're testing the behavior the user would see in the browser. Learn more at https://react.dev/link/wrap-tests-with-act

[90mstderr[2m | src/pages/journal-2-0/components/notebook/doorsThroughTheEditor.property.test.jsx[2m > [22m[2m⛔⛔ THE INVARIANT — the offline sentence reaches the server body, and nothing forks[2m > [22m[2m⛔ door `folder` with 5 queued send(s) in flight ⇒ the sentence is on the server
[22m[39mautosave failed (non-retryable) Error: conflict
    at Object.srv.applyPut (C:/Users/Patrick/uct-worktrees/notebook-w13-landing/app/src/pages/journal-2-0/components/notebook/doorsThroughTheEditor.property.test.jsx:104:19)
    at C:/Users/Patrick/uct-worktrees/notebook-w13-landing/app/src/pages/journal-2-0/components/notebook/doorsThroughTheEditor.property.test.jsx:162:19 {
  status: [33m409[39m
}
autosave failed (non-retryable) Error: conflict
    at Object.srv.applyPut (C:/Users/Patrick/uct-worktrees/notebook-w13-landing/app/src/pages/journal-2-0/components/notebook/doorsThroughTheEditor.property.test.jsx:104:19)
    at C:/Users/Patrick/uct-worktrees/notebook-w13-landing/app/src/pages/journal-2-0/components/notebook/doorsThroughTheEditor.property.test.jsx:162:19 {
  status: [33m409[39m
}
autosave failed (non-retryable) Error: conflict
    at Object.srv.applyPut (C:/Users/Patrick/uct-worktrees/notebook-w13-landing/app/src/pages/journal-2-0/components/notebook/doorsThroughTheEditor.property.test.jsx:104:19)
    at C:/Users/Patrick/uct-worktrees/notebook-w13-landing/app/src/pages/journal-2-0/components/notebook/doorsThroughTheEditor.property.test.jsx:162:19 {
  status: [33m409[39m
}

[90mstderr[2m | src/components/dailyFirstPaintAcceptance.test.jsx[2m > [22m[2mDAILY first-paint acceptance[2m > [22m[2mAFTER THE BELL — a fresh today-dated cache is DEFERRED to the sealed close (by design)
[22m[39mAn update to StockChart inside a test was not wrapped in act(...).

When testing, code that causes React state updates should be wrapped into act(...):

act(() => {
  /* fire events that update state */
});
/* assert on the output */

This ensures that you're testing the behavior the user would see in the browser. Learn more at https://react.dev/link/wrap-tests-with-act
An update to StockChart inside a test was not wrapped in act(...).

When testing, code that causes React state updates should be wrapped into act(...):

act(() => {
  /* fire events that update state */
});
/* assert on the output */

This ensures that you're testing the behavior the user would see in the browser. Learn more at https://react.dev/link/wrap-tests-with-act

[90mstderr[2m | src/components/dailyFirstPaintAcceptance.test.jsx[2m > [22m[2mDAILY first-paint acceptance[2m > [22m[2mAFTER THE BELL — a fresh today-dated cache is DEFERRED to the sealed close (by design)
[22m[39mAn update to StockChart inside a test was not wrapped in act(...).

When testing, code that causes React state updates should be wrapped into act(...):

act(() => {
  /* fire events that update state */
});
/* assert on the output */

This ensures that you're testing the behavior the user would see in the browser. Learn more at https://react.dev/link/wrap-tests-with-act
An update to StockChart inside a test was not wrapped in act(...).

When testing, code that causes React state updates should be wrapped into act(...):

act(() => {
  /* fire events that update state */
});
/* assert on the output */

This ensures that you're testing the behavior the user would see in the browser. Learn more at https://react.dev/link/wrap-tests-with-act

[90mstderr[2m | src/components/dailyFirstPaintAcceptance.test.jsx[2m > [22m[2mDAILY first-paint acceptance[2m > [22m[2mAFTER THE BELL — a fresh today-dated cache is DEFERRED to the sealed close (by design)
[22m[39mAn update to StockChart inside a test was not wrapped in act(...).

When testing, code that causes React state updates should be wrapped into act(...):

act(() => {
  /* fire events that update state */
});
/* assert on the output */

This ensures that you're testing the behavior the user would see in the browser. Learn more at https://react.dev/link/wrap-tests-with-act

[90mstderr[2m | src/components/dailyFirstPaintAcceptance.test.jsx[2m > [22m[2mDAILY first-paint acceptance[2m > [22m[2mAFTER THE BELL — a fresh today-dated cache is DEFERRED to the sealed close (by design)
[22m[39mAn update to StockChart inside a test was not wrapped in act(...).

When testing, code that causes React state updates should be wrapped into act(...):

act(() => {
  /* fire events that update state */
});
/* assert on the output */

This ensures that you're testing the behavior the user would see in the browser. Learn more at https://react.dev/link/wrap-tests-with-act

[90mstderr[2m | src/components/dailyFirstPaintAcceptance.test.jsx[2m > [22m[2mDAILY first-paint acceptance[2m > [22m[2mAFTER THE BELL — a fresh today-dated cache is DEFERRED to the sealed close (by design)
[22m[39mAn update to StockChart inside a test was not wrapped in act(...).

When testing, code that causes React state updates should be wrapped into act(...):

act(() => {
  /* fire events that update state */
});
/* assert on the output */

This ensures that you're testing the behavior the user would see in the browser. Learn more at https://react.dev/link/wrap-tests-with-act

[90mstderr[2m | src/components/dailyFirstPaintAcceptance.test.jsx[2m > [22m[2mDAILY first-paint acceptance[2m > [22m[2mAFTER THE BELL — a fresh today-dated cache is DEFERRED to the sealed close (by design)
[22m[39mAn update to StockChart inside a test was not wrapped in act(...).

When testing, code that causes React state updates should be wrapped into act(...):

act(() => {
  /* fire events that update state */
});
/* assert on the output */

This ensures that you're testing the behavior the user would see in the browser. Learn more at https://react.dev/link/wrap-tests-with-act

[90mstderr[2m | src/components/dailyFirstPaintAcceptance.test.jsx[2m > [22m[2mDAILY first-paint acceptance[2m > [22m[2mAFTER THE BELL — a fresh today-dated cache is DEFERRED to the sealed close (by design)
[22m[39mAn update to PatternOverlay inside a test was not wrapped in act(...).

When testing, code that causes React state updates should be wrapped into act(...):

act(() => {
  /* fire events that update state */
});
/* assert on the output */

This ensures that you're testing the behavior the user would see in the browser. Learn more at https://react.dev/link/wrap-tests-with-act
An update to ChartDrawingOverlay inside a test was not wrapped in act(...).

When testing, code that causes React state updates should be wrapped into act(...):

act(() => {
  /* fire events that update state */
});
/* assert on the output */

This ensures that you're testing the behavior the user would see in the browser. Learn more at https://react.dev/link/wrap-tests-with-act
An update to ChartDrawingOverlay inside a test was not wrapped in act(...).

When testing, code that causes React state updates should be wrapped into act(...):

act(() => {
  /* fire events that update state */
});
/* assert on the output */

This ensures that you're testing the behavior the user would see in the browser. Learn more at https://react.dev/link/wrap-tests-with-act
An update to ChartDrawingOverlay inside a test was not wrapped in act(...).

When testing, code that causes React state updates should be wrapped into act(...):

act(() => {
  /* fire events that update state */
});
/* assert on the output */

This ensures that you're testing the behavior the user would see in the browser. Learn more at https://react.dev/link/wrap-tests-with-act
An update to ChartDrawingOverlay inside a test was not wrapped in act(...).

When testing, code that causes React state updates should be wrapped into act(...):

act(() => {
  /* fire events that update state */
});
/* assert on the output */

This ensures that you're testing the behavior the user would see in the browser. Learn more at https://react.dev/link/wrap-tests-with-act
An update to ChartDrawingOverlay inside a test was not wrapped in act(...).

When testing, code that causes React state updates should be wrapped into act(...):

act(() => {
  /* fire events that update state */
});
/* assert on the output */

This ensures that you're testing the behavior the user would see in the browser. Learn more at https://react.dev/link/wrap-tests-with-act
An update to ChartDrawingOverlay inside a test was not wrapped in act(...).

When testing, code that causes React state updates should be wrapped into act(...):

act(() => {
  /* fire events that update state */
});
/* assert on the output */

This ensures that you're testing the behavior the user would see in the browser. Learn more at https://react.dev/link/wrap-tests-with-act
An update to StockChart inside a test was not wrapped in act(...).

When testing, code that causes React state updates should be wrapped into act(...):

act(() => {
  /* fire events that update state */
});
/* assert on the output */

This ensures that you're testing the behavior the user would see in the browser. Learn more at https://react.dev/link/wrap-tests-with-act
An update to StockChart inside a test was not wrapped in act(...).

When testing, code that causes React state updates should be wrapped into act(...):

act(() => {
  /* fire events that update state */
});
/* assert on the output */

This ensures that you're testing the behavior the user would see in the browser. Learn more at https://react.dev/link/wrap-tests-with-act
An update to StockChart inside a test was not wrapped in act(...).

When testing, code that causes React state updates should be wrapped into act(...):

act(() => {
  /* fire events that update state */
});
/* assert on the output */

This ensures that you're testing the behavior the user would see in the browser. Learn more at https://react.dev/link/wrap-tests-with-act
An update to StockChart inside a test was not wrapped in act(...).

When testing, code that causes React state updates should be wrapped into act(...):

act(() => {
  /* fire events that update state */
});
/* assert on the output */

This ensures that you're testing the behavior the user would see in the browser. Learn more at https://react.dev/link/wrap-tests-with-act
An update to StockChart inside a test was not wrapped in act(...).

When testing, code that causes React state updates should be wrapped into act(...):

act(() => {
  /* fire events that update state */
});
/* assert on the output */

This ensures that you're testing the behavior the user would see in the browser. Learn more at https://react.dev/link/wrap-tests-with-act
An update to StockChart inside a test was not wrapped in act(...).

When testing, code that causes React state updates should be wrapped into act(...):

act(() => {
  /* fire events that update state */
});
/* assert on the output */

This ensures that you're testing the behavior the user would see in the browser. Learn more at https://react.dev/link/wrap-tests-with-act
An update to StockChart inside a test was not wrapped in act(...).

When testing, code that causes React state updates should be wrapped into act(...):

act(() => {
  /* fire events that update state */
});
/* assert on the output */

This ensures that you're testing the behavior the user would see in the browser. Learn more at https://react.dev/link/wrap-tests-with-act

[90mstderr[2m | src/pages/journal-2-0/components/notebook/doorsThroughTheEditor.property.test.jsx[2m > [22m[2m⛔⛔ THE INVARIANT — the offline sentence reaches the server body, and nothing forks[2m > [22m[2m⛔ door `ticker`, N=3 — the same door class, the same invariant
[22m[39mAn update to TableToolbar inside a test was not wrapped in act(...).

When testing, code that causes React state updates should be wrapped into act(...):

act(() => {
  /* fire events that update state */
});
/* assert on the output */

This ensures that you're testing the behavior the user would see in the browser. Learn more at https://react.dev/link/wrap-tests-with-act
An update to LinkPasteMenu inside a test was not wrapped in act(...).

When testing, code that causes React state updates should be wrapped into act(...):

act(() => {
  /* fire events that update state */
});
/* assert on the output */

This ensures that you're testing the behavior the user would see in the browser. Learn more at https://react.dev/link/wrap-tests-with-act
An update to NoteEditorPage inside a test was not wrapped in act(...).

When testing, code that causes React state updates should be wrapped into act(...):

act(() => {
  /* fire events that update state */
});
/* assert on the output */

This ensures that you're testing the behavior the user would see in the browser. Learn more at https://react.dev/link/wrap-tests-with-act
An update to NoteEditorPage inside a test was not wrapped in act(...).

When testing, code that causes React state updates should be wrapped into act(...):

act(() => {
  /* fire events that update state */
});
/* assert on the output */

This ensures that you're testing the behavior the user would see in the browser. Learn more at https://react.dev/link/wrap-tests-with-act
An update to NoteEditorPage inside a test was not wrapped in act(...).

When testing, code that causes React state updates should be wrapped into act(...):

act(() => {
  /* fire events that update state */
});
/* assert on the output */

This ensures that you're testing the behavior the user would see in the browser. Learn more at https://react.dev/link/wrap-tests-with-act
An update to NoteEditorPage inside a test was not wrapped in act(...).

When testing, code that causes React state updates should be wrapped into act(...):

act(() => {
  /* fire events that update state */
});
/* assert on the output */

This ensures that you're testing the behavior the user would see in the browser. Learn more at https://react.dev/link/wrap-tests-with-act
An update to NoteEditorPage inside a test was not wrapped in act(...).

When testing, code that causes React state updates should be wrapped into act(...):

act(() => {
  /* fire events that update state */
});
/* assert on the output */

This ensures that you're testing the behavior the user would see in the browser. Learn more at https://react.dev/link/wrap-tests-with-act

[90mstderr[2m | src/pages/journal-2-0/components/notebook/doorsThroughTheEditor.property.test.jsx[2m > [22m[2m⛔⛔ THE INVARIANT — the offline sentence reaches the server body, and nothing forks[2m > [22m[2m⛔ door `ticker`, N=3 — the same door class, the same invariant
[22m[39mautosave failed (retry 1 in 1000ms) TypeError: Failed to fetch
    at Object.srv.offlineError (C:/Users/Patrick/uct-worktrees/notebook-w13-landing/app/src/pages/journal-2-0/components/notebook/doorsThroughTheEditor.property.test.jsx:125:15)
    at C:/Users/Patrick/uct-worktrees/notebook-w13-landing/app/src/pages/journal-2-0/components/notebook/doorsThroughTheEditor.property.test.jsx:160:38
    at Mock (file:///C:/Users/Patrick/uct-worktrees/_nb-shared-install/node_modules/[4m@vitest/spy[24m/dist/index.js:285:34)
    at Object.commitSave [as current] (C:/Users/Patrick/uct-worktrees/notebook-w13-landing/app/src/pages/journal-2-0/components/notebook/NoteEditorPage.jsx:3203:23)
    at C:/Users/Patrick/uct-worktrees/notebook-w13-landing/app/src/pages/journal-2-0/components/notebook/NoteEditorPage.jsx:1580:59
    at callTimer (file:///C:/Users/Patrick/uct-worktrees/_nb-shared-install/node_modules/[4mvitest[24m/dist/chunks/vi.2VT5v0um.js:2111:25)
    at doTickInner (file:///C:/Users/Patrick/uct-worktrees/_nb-shared-install/node_modules/[4mvitest[24m/dist/chunks/vi.2VT5v0um.js:2714:30)
    at doTick (file:///C:/Users/Patrick/uct-worktrees/_nb-shared-install/node_modules/[4mvitest[24m/dist/chunks/vi.2VT5v0um.js:2795:21)
    at Object.tick (file:///C:/Users/Patrick/uct-worktrees/_nb-shared-install/node_modules/[4mvitest[24m/dist/chunks/vi.2VT5v0um.js:2803:21)
    at FakeTimers.advanceTimersByTime (file:///C:/Users/Patrick/uct-worktrees/_nb-shared-install/node_modules/[4mvitest[24m/dist/chunks/vi.2VT5v0um.js:3529:44)

[90mstderr[2m | src/components/dailyFirstPaintAcceptance.test.jsx[2m > [22m[2mDAILY first-paint acceptance[2m > [22m[2mAFTER THE BELL — a fresh today-dated cache is DEFERRED to the sealed close (by design)
[22m[39mAn update to StockChart inside a test was not wrapped in act(...).

When testing, code that causes React state updates should be wrapped into act(...):

act(() => {
  /* fire events that update state */
});
/* assert on the output */

This ensures that you're testing the behavior the user would see in the browser. Learn more at https://react.dev/link/wrap-tests-with-act

[90mstderr[2m | src/pages/journal-2-0/components/notebook/doorsThroughTheEditor.property.test.jsx[2m > [22m[2m⛔⛔ THE INVARIANT — the offline sentence reaches the server body, and nothing forks[2m > [22m[2m⛔ door `ticker`, N=3 — the same door class, the same invariant
[22m[39mAn update to TableToolbar inside a test was not wrapped in act(...).

When testing, code that causes React state updates should be wrapped into act(...):

act(() => {
  /* fire events that update state */
});
/* assert on the output */

This ensures that you're testing the behavior the user would see in the browser. Learn more at https://react.dev/link/wrap-tests-with-act
An update to LinkPasteMenu inside a test was not wrapped in act(...).

When testing, code that causes React state updates should be wrapped into act(...):

act(() => {
  /* fire events that update state */
});
/* assert on the output */

This ensures that you're testing the behavior the user would see in the browser. Learn more at https://react.dev/link/wrap-tests-with-act
An update to NoteEditorPage inside a test was not wrapped in act(...).

When testing, code that causes React state updates should be wrapped into act(...):

act(() => {
  /* fire events that update state */
});
/* assert on the output */

This ensures that you're testing the behavior the user would see in the browser. Learn more at https://react.dev/link/wrap-tests-with-act
An update to NoteEditorPage inside a test was not wrapped in act(...).

When testing, code that causes React state updates should be wrapped into act(...):

act(() => {
  /* fire events that update state */
});
/* assert on the output */

This ensures that you're testing the behavior the user would see in the browser. Learn more at https://react.dev/link/wrap-tests-with-act
An update to NoteEditorPage inside a test was not wrapped in act(...).

When testing, code that causes React state updates should be wrapped into act(...):

act(() => {
  /* fire events that update state */
});
/* assert on the output */

This ensures that you're testing the behavior the user would see in the browser. Learn more at https://react.dev/link/wrap-tests-with-act
An update to NoteEditorPage inside a test was not wrapped in act(...).

When testing, code that causes React state updates should be wrapped into act(...):

act(() => {
  /* fire events that update state */
});
/* assert on the output */

This ensures that you're testing the behavior the user would see in the browser. Learn more at https://react.dev/link/wrap-tests-with-act
An update to NoteEditorPage inside a test was not wrapped in act(...).

When testing, code that causes React state updates should be wrapped into act(...):

act(() => {
  /* fire events that update state */
});
/* assert on the output */

This ensures that you're testing the behavior the user would see in the browser. Learn more at https://react.dev/link/wrap-tests-with-act

[90mstderr[2m | src/pages/journal-2-0/components/notebook/doorsThroughTheEditor.property.test.jsx[2m > [22m[2m⛔⛔ THE INVARIANT — the offline sentence reaches the server body, and nothing forks[2m > [22m[2m⛔ door `ticker`, N=3 — the same door class, the same invariant
[22m[39mAn update to TableToolbar inside a test was not wrapped in act(...).

When testing, code that causes React state updates should be wrapped into act(...):

act(() => {
  /* fire events that update state */
});
/* assert on the output */

This ensures that you're testing the behavior the user would see in the browser. Learn more at https://react.dev/link/wrap-tests-with-act
An update to LinkPasteMenu inside a test was not wrapped in act(...).

When testing, code that causes React state updates should be wrapped into act(...):

act(() => {
  /* fire events that update state */
});
/* assert on the output */

This ensures that you're testing the behavior the user would see in the browser. Learn more at https://react.dev/link/wrap-tests-with-act
An update to NoteEditorPage inside a test was not wrapped in act(...).

When testing, code that causes React state updates should be wrapped into act(...):

act(() => {
  /* fire events that update state */
});
/* assert on the output */

This ensures that you're testing the behavior the user would see in the browser. Learn more at https://react.dev/link/wrap-tests-with-act
An update to NoteEditorPage inside a test was not wrapped in act(...).

When testing, code that causes React state updates should be wrapped into act(...):

act(() => {
  /* fire events that update state */
});
/* assert on the output */

This ensures that you're testing the behavior the user would see in the browser. Learn more at https://react.dev/link/wrap-tests-with-act
An update to NoteEditorPage inside a test was not wrapped in act(...).

When testing, code that causes React state updates should be wrapped into act(...):

act(() => {
  /* fire events that update state */
});
/* assert on the output */

This ensures that you're testing the behavior the user would see in the browser. Learn more at https://react.dev/link/wrap-tests-with-act
An update to NoteEditorPage inside a test was not wrapped in act(...).

When testing, code that causes React state updates should be wrapped into act(...):

act(() => {
  /* fire events that update state */
});
/* assert on the output */

This ensures that you're testing the behavior the user would see in the browser. Learn more at https://react.dev/link/wrap-tests-with-act

[90mstderr[2m | src/pages/journal-2-0/components/notebook/doorsThroughTheEditor.property.test.jsx[2m > [22m[2m⛔⛔ THE INVARIANT — the offline sentence reaches the server body, and nothing forks[2m > [22m[2m⛔ door `ticker`, N=3 — the same door class, the same invariant
[22m[39mAn update to TableToolbar inside a test was not wrapped in act(...).

When testing, code that causes React state updates should be wrapped into act(...):

act(() => {
  /* fire events that update state */
});
/* assert on the output */

This ensures that you're testing the behavior the user would see in the browser. Learn more at https://react.dev/link/wrap-tests-with-act
An update to LinkPasteMenu inside a test was not wrapped in act(...).

When testing, code that causes React state updates should be wrapped into act(...):

act(() => {
  /* fire events that update state */
});
/* assert on the output */

This ensures that you're testing the behavior the user would see in the browser. Learn more at https://react.dev/link/wrap-tests-with-act
An update to NoteEditorPage inside a test was not wrapped in act(...).

When testing, code that causes React state updates should be wrapped into act(...):

act(() => {
  /* fire events that update state */
});
/* assert on the output */

This ensures that you're testing the behavior the user would see in the browser. Learn more at https://react.dev/link/wrap-tests-with-act
An update to NoteEditorPage inside a test was not wrapped in act(...).

When testing, code that causes React state updates should be wrapped into act(...):

act(() => {
  /* fire events that update state */
});
/* assert on the output */

This ensures that you're testing the behavior the user would see in the browser. Learn more at https://react.dev/link/wrap-tests-with-act
An update to NoteEditorPage inside a test was not wrapped in act(...).

When testing, code that causes React state updates should be wrapped into act(...):

act(() => {
  /* fire events that update state */
});
/* assert on the output */

This ensures that you're testing the behavior the user would see in the browser. Learn more at https://react.dev/link/wrap-tests-with-act
An update to NoteEditorPage inside a test was not wrapped in act(...).

When testing, code that causes React state updates should be wrapped into act(...):

act(() => {
  /* fire events that update state */
});
/* assert on the output */

This ensures that you're testing the behavior the user would see in the browser. Learn more at https://react.dev/link/wrap-tests-with-act

[90mstderr[2m | src/pages/journal-2-0/components/notebook/doorsThroughTheEditor.property.test.jsx[2m > [22m[2m⛔⛔ THE INVARIANT — the offline sentence reaches the server body, and nothing forks[2m > [22m[2m⛔ door `ticker`, N=3 — the same door class, the same invariant
[22m[39mautosave failed (non-retryable) Error: conflict
    at Object.srv.applyPut (C:/Users/Patrick/uct-worktrees/notebook-w13-landing/app/src/pages/journal-2-0/components/notebook/doorsThroughTheEditor.property.test.jsx:104:19)
    at C:/Users/Patrick/uct-worktrees/notebook-w13-landing/app/src/pages/journal-2-0/components/notebook/doorsThroughTheEditor.property.test.jsx:162:19 {
  status: [33m409[39m
}

[90mstderr[2m | src/components/dailyFirstPaintAcceptance.test.jsx[2m > [22m[2mDAILY first-paint acceptance[2m > [22m[2mNC-A missing today — nothing anywhere can supply the frontier
[22m[39mAn update to StockChart inside a test was not wrapped in act(...).

When testing, code that causes React state updates should be wrapped into act(...):

act(() => {
  /* fire events that update state */
});
/* assert on the output */

This ensures that you're testing the behavior the user would see in the browser. Learn more at https://react.dev/link/wrap-tests-with-act

[90mstderr[2m | src/components/dailyFirstPaintAcceptance.test.jsx[2m > [22m[2mDAILY first-paint acceptance[2m > [22m[2mNC-A missing today — nothing anywhere can supply the frontier
[22m[39mAn update to StockChart inside a test was not wrapped in act(...).

When testing, code that causes React state updates should be wrapped into act(...):

act(() => {
  /* fire events that update state */
});
/* assert on the output */

This ensures that you're testing the behavior the user would see in the browser. Learn more at https://react.dev/link/wrap-tests-with-act
An update to StockChart inside a test was not wrapped in act(...).

When testing, code that causes React state updates should be wrapped into act(...):

act(() => {
  /* fire events that update state */
});
/* assert on the output */

This ensures that you're testing the behavior the user would see in the browser. Learn more at https://react.dev/link/wrap-tests-with-act

[90mstderr[2m | src/components/dailyFirstPaintAcceptance.test.jsx[2m > [22m[2mDAILY first-paint acceptance[2m > [22m[2mNC-A missing today — nothing anywhere can supply the frontier
[22m[39mAn update to StockChart inside a test was not wrapped in act(...).

When testing, code that causes React state updates should be wrapped into act(...):

act(() => {
  /* fire events that update state */
});
/* assert on the output */

This ensures that you're testing the behavior the user would see in the browser. Learn more at https://react.dev/link/wrap-tests-with-act

[90mstderr[2m | src/components/dailyFirstPaintAcceptance.test.jsx[2m > [22m[2mDAILY first-paint acceptance[2m > [22m[2mNC-A missing today — nothing anywhere can supply the frontier
[22m[39mAn update to StockChart inside a test was not wrapped in act(...).

When testing, code that causes React state updates should be wrapped into act(...):

act(() => {
  /* fire events that update state */
});
/* assert on the output */

This ensures that you're testing the behavior the user would see in the browser. Learn more at https://react.dev/link/wrap-tests-with-act

[90mstderr[2m | src/components/dailyFirstPaintAcceptance.test.jsx[2m > [22m[2mDAILY first-paint acceptance[2m > [22m[2mNC-A missing today — nothing anywhere can supply the frontier
[22m[39mAn update to StockChart inside a test was not wrapped in act(...).

When testing, code that causes React state updates should be wrapped into act(...):

act(() => {
  /* fire events that update state */
});
/* assert on the output */

This ensures that you're testing the behavior the user would see in the browser. Learn more at https://react.dev/link/wrap-tests-with-act

[90mstderr[2m | src/components/dailyFirstPaintAcceptance.test.jsx[2m > [22m[2mDAILY first-paint acceptance[2m > [22m[2mNC-A missing today — nothing anywhere can supply the frontier
[22m[39mAn update to StockChart inside a test was not wrapped in act(...).

When testing, code that causes React state updates should be wrapped into act(...):

act(() => {
  /* fire events that update state */
});
/* assert on the output */

This ensures that you're testing the behavior the user would see in the browser. Learn more at https://react.dev/link/wrap-tests-with-act

[90mstderr[2m | src/components/dailyFirstPaintAcceptance.test.jsx[2m > [22m[2mDAILY first-paint acceptance[2m > [22m[2mNC-A missing today — nothing anywhere can supply the frontier
[22m[39mAn update to PatternOverlay inside a test was not wrapped in act(...).

When testing, code that causes React state updates should be wrapped into act(...):

act(() => {
  /* fire events that update state */
});
/* assert on the output */

This ensures that you're testing the behavior the user would see in the browser. Learn more at https://react.dev/link/wrap-tests-with-act
An update to ChartDrawingOverlay inside a test was not wrapped in act(...).

When testing, code that causes React state updates should be wrapped into act(...):

act(() => {
  /* fire events that update state */
});
/* assert on the output */

This ensures that you're testing the behavior the user would see in the browser. Learn more at https://react.dev/link/wrap-tests-with-act
An update to ChartDrawingOverlay inside a test was not wrapped in act(...).

When testing, code that causes React state updates should be wrapped into act(...):

act(() => {
  /* fire events that update state */
});
/* assert on the output */

This ensures that you're testing the behavior the user would see in the browser. Learn more at https://react.dev/link/wrap-tests-with-act
An update to ChartDrawingOverlay inside a test was not wrapped in act(...).

When testing, code that causes React state updates should be wrapped into act(...):

act(() => {
  /* fire events that update state */
});
/* assert on the output */

This ensures that you're testing the behavior the user would see in the browser. Learn more at https://react.dev/link/wrap-tests-with-act
An update to ChartDrawingOverlay inside a test was not wrapped in act(...).

When testing, code that causes React state updates should be wrapped into act(...):

act(() => {
  /* fire events that update state */
});
/* assert on the output */

This ensures that you're testing the behavior the user would see in the browser. Learn more at https://react.dev/link/wrap-tests-with-act
An update to ChartDrawingOverlay inside a test was not wrapped in act(...).

When testing, code that causes React state updates should be wrapped into act(...):

act(() => {
  /* fire events that update state */
});
/* assert on the output */

This ensures that you're testing the behavior the user would see in the browser. Learn more at https://react.dev/link/wrap-tests-with-act
An update to ChartDrawingOverlay inside a test was not wrapped in act(...).

When testing, code that causes React state updates should be wrapped into act(...):

act(() => {
  /* fire events that update state */
});
/* assert on the output */

This ensures that you're testing the behavior the user would see in the browser. Learn more at https://react.dev/link/wrap-tests-with-act
An update to StockChart inside a test was not wrapped in act(...).

When testing, code that causes React state updates should be wrapped into act(...):

act(() => {
  /* fire events that update state */
});
/* assert on the output */

This ensures that you're testing the behavior the user would see in the browser. Learn more at https://react.dev/link/wrap-tests-with-act
An update to StockChart inside a test was not wrapped in act(...).

When testing, code that causes React state updates should be wrapped into act(...):

act(() => {
  /* fire events that update state */
});
/* assert on the output */

This ensures that you're testing the behavior the user would see in the browser. Learn more at https://react.dev/link/wrap-tests-with-act
An update to StockChart inside a test was not wrapped in act(...).

When testing, code that causes React state updates should be wrapped into act(...):

act(() => {
  /* fire events that update state */
});
/* assert on the output */

This ensures that you're testing the behavior the user would see in the browser. Learn more at https://react.dev/link/wrap-tests-with-act
An update to StockChart inside a test was not wrapped in act(...).

When testing, code that causes React state updates should be wrapped into act(...):

act(() => {
  /* fire events that update state */
});
/* assert on the output */

This ensures that you're testing the behavior the user would see in the browser. Learn more at https://react.dev/link/wrap-tests-with-act
An update to StockChart inside a test was not wrapped in act(...).

When testing, code that causes React state updates should be wrapped into act(...):

act(() => {
  /* fire events that update state */
});
/* assert on the output */

This ensures that you're testing the behavior the user would see in the browser. Learn more at https://react.dev/link/wrap-tests-with-act
An update to StockChart inside a test was not wrapped in act(...).

When testing, code that causes React state updates should be wrapped into act(...):

act(() => {
  /* fire events that update state */
});
/* assert on the output */

This ensures that you're testing the behavior the user would see in the browser. Learn more at https://react.dev/link/wrap-tests-with-act
An update to StockChart inside a test was not wrapped in act(...).

When testing, code that causes React state updates should be wrapped into act(...):

act(() => {
  /* fire events that update state */
});
/* assert on the output */

This ensures that you're testing the behavior the user would see in the browser. Learn more at https://react.dev/link/wrap-tests-with-act

[90mstderr[2m | src/components/dailyFirstPaintAcceptance.test.jsx[2m > [22m[2mDAILY first-paint acceptance[2m > [22m[2mNC-A missing today — nothing anywhere can supply the frontier
[22m[39mAn update to StockChart inside a test was not wrapped in act(...).

When testing, code that causes React state updates should be wrapped into act(...):

act(() => {
  /* fire events that update state */
});
/* assert on the output */

This ensures that you're testing the behavior the user would see in the browser. Learn more at https://react.dev/link/wrap-tests-with-act

[90mstderr[2m | src/components/dailyFirstPaintAcceptance.test.jsx[2m > [22m[2mDAILY first-paint acceptance[2m > [22m[2mNC-A missing today — nothing anywhere can supply the frontier
[22m[39mAn update to StockChart inside a test was not wrapped in act(...).

When testing, code that causes React state updates should be wrapped into act(...):

act(() => {
  /* fire events that update state */
});
/* assert on the output */

This ensures that you're testing the behavior the user would see in the browser. Learn more at https://react.dev/link/wrap-tests-with-act

[90mstderr[2m | src/pages/journal-2-0/components/notebook/doorsThroughTheEditor.property.test.jsx[2m > [22m[2m⛔⛔ THE INVARIANT — the offline sentence reaches the server body, and nothing forks[2m > [22m[2m⛔ door `tags`, N=3 — the same door class, the same invariant
[22m[39mAn update to TableToolbar inside a test was not wrapped in act(...).

When testing, code that causes React state updates should be wrapped into act(...):

act(() => {
  /* fire events that update state */
});
/* assert on the output */

This ensures that you're testing the behavior the user would see in the browser. Learn more at https://react.dev/link/wrap-tests-with-act
An update to LinkPasteMenu inside a test was not wrapped in act(...).

When testing, code that causes React state updates should be wrapped into act(...):

act(() => {
  /* fire events that update state */
});
/* assert on the output */

This ensures that you're testing the behavior the user would see in the browser. Learn more at https://react.dev/link/wrap-tests-with-act
An update to NoteEditorPage inside a test was not wrapped in act(...).

When testing, code that causes React state updates should be wrapped into act(...):

act(() => {
  /* fire events that update state */
});
/* assert on the output */

This ensures that you're testing the behavior the user would see in the browser. Learn more at https://react.dev/link/wrap-tests-with-act
An update to NoteEditorPage inside a test was not wrapped in act(...).

When testing, code that causes React state updates should be wrapped into act(...):

act(() => {
  /* fire events that update state */
});
/* assert on the output */

This ensures that you're testing the behavior the user would see in the browser. Learn more at https://react.dev/link/wrap-tests-with-act
An update to NoteEditorPage inside a test was not wrapped in act(...).

When testing, code that causes React state updates should be wrapped into act(...):

act(() => {
  /* fire events that update state */
});
/* assert on the output */

This ensures that you're testing the behavior the user would see in the browser. Learn more at https://react.dev/link/wrap-tests-with-act
An update to NoteEditorPage inside a test was not wrapped in act(...).

When testing, code that causes React state updates should be wrapped into act(...):

act(() => {
  /* fire events that update state */
});
/* assert on the output */

This ensures that you're testing the behavior the user would see in the browser. Learn more at https://react.dev/link/wrap-tests-with-act
An update to NoteEditorPage inside a test was not wrapped in act(...).

When testing, code that causes React state updates should be wrapped into act(...):

act(() => {
  /* fire events that update state */
});
/* assert on the output */

This ensures that you're testing the behavior the user would see in the browser. Learn more at https://react.dev/link/wrap-tests-with-act

[90mstderr[2m | src/pages/journal-2-0/components/notebook/doorsThroughTheEditor.property.test.jsx[2m > [22m[2m⛔⛔ THE INVARIANT — the offline sentence reaches the server body, and nothing forks[2m > [22m[2m⛔ door `tags`, N=3 — the same door class, the same invariant
[22m[39mautosave failed (retry 1 in 1000ms) TypeError: Failed to fetch
    at Object.srv.offlineError (C:/Users/Patrick/uct-worktrees/notebook-w13-landing/app/src/pages/journal-2-0/components/notebook/doorsThroughTheEditor.property.test.jsx:125:15)
    at C:/Users/Patrick/uct-worktrees/notebook-w13-landing/app/src/pages/journal-2-0/components/notebook/doorsThroughTheEditor.property.test.jsx:160:38
    at Mock (file:///C:/Users/Patrick/uct-worktrees/_nb-shared-install/node_modules/[4m@vitest/spy[24m/dist/index.js:285:34)
    at Object.commitSave [as current] (C:/Users/Patrick/uct-worktrees/notebook-w13-landing/app/src/pages/journal-2-0/components/notebook/NoteEditorPage.jsx:3203:23)
    at C:/Users/Patrick/uct-worktrees/notebook-w13-landing/app/src/pages/journal-2-0/components/notebook/NoteEditorPage.jsx:1580:59
    at callTimer (file:///C:/Users/Patrick/uct-worktrees/_nb-shared-install/node_modules/[4mvitest[24m/dist/chunks/vi.2VT5v0um.js:2111:25)
    at doTickInner (file:///C:/Users/Patrick/uct-worktrees/_nb-shared-install/node_modules/[4mvitest[24m/dist/chunks/vi.2VT5v0um.js:2714:30)
    at doTick (file:///C:/Users/Patrick/uct-worktrees/_nb-shared-install/node_modules/[4mvitest[24m/dist/chunks/vi.2VT5v0um.js:2795:21)
    at Object.tick (file:///C:/Users/Patrick/uct-worktrees/_nb-shared-install/node_modules/[4mvitest[24m/dist/chunks/vi.2VT5v0um.js:2803:21)
    at FakeTimers.advanceTimersByTime (file:///C:/Users/Patrick/uct-worktrees/_nb-shared-install/node_modules/[4mvitest[24m/dist/chunks/vi.2VT5v0um.js:3529:44)

[90mstderr[2m | src/components/dailyFirstPaintAcceptance.test.jsx[2m > [22m[2mDAILY first-paint acceptance[2m > [22m[2mNC-B late right-edge insertion
[22m[39mAn update to StockChart inside a test was not wrapped in act(...).

When testing, code that causes React state updates should be wrapped into act(...):

act(() => {
  /* fire events that update state */
});
/* assert on the output */

This ensures that you're testing the behavior the user would see in the browser. Learn more at https://react.dev/link/wrap-tests-with-act
An update to StockChart inside a test was not wrapped in act(...).

When testing, code that causes React state updates should be wrapped into act(...):

act(() => {
  /* fire events that update state */
});
/* assert on the output */

This ensures that you're testing the behavior the user would see in the browser. Learn more at https://react.dev/link/wrap-tests-with-act

[90mstderr[2m | src/components/dailyFirstPaintAcceptance.test.jsx[2m > [22m[2mDAILY first-paint acceptance[2m > [22m[2mNC-B late right-edge insertion
[22m[39mAn update to StockChart inside a test was not wrapped in act(...).

When testing, code that causes React state updates should be wrapped into act(...):

act(() => {
  /* fire events that update state */
});
/* assert on the output */

This ensures that you're testing the behavior the user would see in the browser. Learn more at https://react.dev/link/wrap-tests-with-act
An update to StockChart inside a test was not wrapped in act(...).

When testing, code that causes React state updates should be wrapped into act(...):

act(() => {
  /* fire events that update state */
});
/* assert on the output */

This ensures that you're testing the behavior the user would see in the browser. Learn more at https://react.dev/link/wrap-tests-with-act
An update to PatternOverlay inside a test was not wrapped in act(...).

When testing, code that causes React state updates should be wrapped into act(...):

act(() => {
  /* fire events that update state */
});
/* assert on the output */

This ensures that you're testing the behavior the user would see in the browser. Learn more at https://react.dev/link/wrap-tests-with-act
An update to ChartDrawingOverlay inside a test was not wrapped in act(...).

When testing, code that causes React state updates should be wrapped into act(...):

act(() => {
  /* fire events that update state */
});
/* assert on the output */

This ensures that you're testing the behavior the user would see in the browser. Learn more at https://react.dev/link/wrap-tests-with-act
An update to ChartDrawingOverlay inside a test was not wrapped in act(...).

When testing, code that causes React state updates should be wrapped into act(...):

act(() => {
  /* fire events that update state */
});
/* assert on the output */

This ensures that you're testing the behavior the user would see in the browser. Learn more at https://react.dev/link/wrap-tests-with-act
An update to ChartDrawingOverlay inside a test was not wrapped in act(...).

When testing, code that causes React state updates should be wrapped into act(...):

act(() => {
  /* fire events that update state */
});
/* assert on the output */

This ensures that you're testing the behavior the user would see in the browser. Learn more at https://react.dev/link/wrap-tests-with-act
An update to ChartDrawingOverlay inside a test was not wrapped in act(...).

When testing, code that causes React state updates should be wrapped into act(...):

act(() => {
  /* fire events that update state */
});
/* assert on the output */

This ensures that you're testing the behavior the user would see in the browser. Learn more at https://react.dev/link/wrap-tests-with-act
An update to ChartDrawingOverlay inside a test was not wrapped in act(...).

When testing, code that causes React state updates should be wrapped into act(...):

act(() => {
  /* fire events that update state */
});
/* assert on the output */

This ensures that you're testing the behavior the user would see in the browser. Learn more at https://react.dev/link/wrap-tests-with-act
An update to ChartDrawingOverlay inside a test was not wrapped in act(...).

When testing, code that causes React state updates should be wrapped into act(...):

act(() => {
  /* fire events that update state */
});
/* assert on the output */

This ensures that you're testing the behavior the user would see in the browser. Learn more at https://react.dev/link/wrap-tests-with-act
An update to StockChart inside a test was not wrapped in act(...).

When testing, code that causes React state updates should be wrapped into act(...):

act(() => {
  /* fire events that update state */
});
/* assert on the output */

This ensures that you're testing the behavior the user would see in the browser. Learn more at https://react.dev/link/wrap-tests-with-act
An update to StockChart inside a test was not wrapped in act(...).

When testing, code that causes React state updates should be wrapped into act(...):

act(() => {
  /* fire events that update state */
});
/* assert on the output */

This ensures that you're testing the behavior the user would see in the browser. Learn more at https://react.dev/link/wrap-tests-with-act
An update to StockChart inside a test was not wrapped in act(...).

When testing, code that causes React state updates should be wrapped into act(...):

act(() => {
  /* fire events that update state */
});
/* assert on the output */

This ensures that you're testing the behavior the user would see in the browser. Learn more at https://react.dev/link/wrap-tests-with-act
An update to StockChart inside a test was not wrapped in act(...).

When testing, code that causes React state updates should be wrapped into act(...):

act(() => {
  /* fire events that update state */
});
/* assert on the output */

This ensures that you're testing the behavior the user would see in the browser. Learn more at https://react.dev/link/wrap-tests-with-act
An update to StockChart inside a test was not wrapped in act(...).

When testing, code that causes React state updates should be wrapped into act(...):

act(() => {
  /* fire events that update state */
});
/* assert on the output */

This ensures that you're testing the behavior the user would see in the browser. Learn more at https://react.dev/link/wrap-tests-with-act
An update to StockChart inside a test was not wrapped in act(...).

When testing, code that causes React state updates should be wrapped into act(...):

act(() => {
  /* fire events that update state */
});
/* assert on the output */

This ensures that you're testing the behavior the user would see in the browser. Learn more at https://react.dev/link/wrap-tests-with-act

[90mstderr[2m | src/pages/journal-2-0/components/notebook/doorsThroughTheEditor.property.test.jsx[2m > [22m[2m⛔⛔ THE INVARIANT — the offline sentence reaches the server body, and nothing forks[2m > [22m[2m⛔ door `tags`, N=3 — the same door class, the same invariant
[22m[39mAn update to TableToolbar inside a test was not wrapped in act(...).

When testing, code that causes React state updates should be wrapped into act(...):

act(() => {
  /* fire events that update state */
});
/* assert on the output */

This ensures that you're testing the behavior the user would see in the browser. Learn more at https://react.dev/link/wrap-tests-with-act
An update to LinkPasteMenu inside a test was not wrapped in act(...).

When testing, code that causes React state updates should be wrapped into act(...):

act(() => {
  /* fire events that update state */
});
/* assert on the output */

This ensures that you're testing the behavior the user would see in the browser. Learn more at https://react.dev/link/wrap-tests-with-act
An update to NoteEditorPage inside a test was not wrapped in act(...).

When testing, code that causes React state updates should be wrapped into act(...):

act(() => {
  /* fire events that update state */
});
/* assert on the output */

This ensures that you're testing the behavior the user would see in the browser. Learn more at https://react.dev/link/wrap-tests-with-act
An update to NoteEditorPage inside a test was not wrapped in act(...).

When testing, code that causes React state updates should be wrapped into act(...):

act(() => {
  /* fire events that update state */
});
/* assert on the output */

This ensures that you're testing the behavior the user would see in the browser. Learn more at https://react.dev/link/wrap-tests-with-act
An update to NoteEditorPage inside a test was not wrapped in act(...).

When testing, code that causes React state updates should be wrapped into act(...):

act(() => {
  /* fire events that update state */
});
/* assert on the output */

This ensures that you're testing the behavior the user would see in the browser. Learn more at https://react.dev/link/wrap-tests-with-act
An update to NoteEditorPage inside a test was not wrapped in act(...).

When testing, code that causes React state updates should be wrapped into act(...):

act(() => {
  /* fire events that update state */
});
/* assert on the output */

This ensures that you're testing the behavior the user would see in the browser. Learn more at https://react.dev/link/wrap-tests-with-act
An update to NoteEditorPage inside a test was not wrapped in act(...).

When testing, code that causes React state updates should be wrapped into act(...):

act(() => {
  /* fire events that update state */
});
/* assert on the output */

This ensures that you're testing the behavior the user would see in the browser. Learn more at https://react.dev/link/wrap-tests-with-act

[90mstderr[2m | src/components/dailyFirstPaintAcceptance.test.jsx[2m > [22m[2mDAILY first-paint acceptance[2m > [22m[2mNC-B late right-edge insertion
[22m[39mAn update to StockChart inside a test was not wrapped in act(...).

When testing, code that causes React state updates should be wrapped into act(...):

act(() => {
  /* fire events that update state */
});
/* assert on the output */

This ensures that you're testing the behavior the user would see in the browser. Learn more at https://react.dev/link/wrap-tests-with-act

[90mstderr[2m | src/components/dailyFirstPaintAcceptance.test.jsx[2m > [22m[2mDAILY first-paint acceptance[2m > [22m[2mNC-B late right-edge insertion
[22m[39mAn update to StockChart inside a test was not wrapped in act(...).

When testing, code that causes React state updates should be wrapped into act(...):

act(() => {
  /* fire events that update state */
});
/* assert on the output */

This ensures that you're testing the behavior the user would see in the browser. Learn more at https://react.dev/link/wrap-tests-with-act

[90mstderr[2m | src/pages/journal-2-0/components/notebook/doorsThroughTheEditor.property.test.jsx[2m > [22m[2m⛔⛔ THE INVARIANT — the offline sentence reaches the server body, and nothing forks[2m > [22m[2m⛔ door `tags`, N=3 — the same door class, the same invariant
[22m[39mAn update to TableToolbar inside a test was not wrapped in act(...).

When testing, code that causes React state updates should be wrapped into act(...):

act(() => {
  /* fire events that update state */
});
/* assert on the output */

This ensures that you're testing the behavior the user would see in the browser. Learn more at https://react.dev/link/wrap-tests-with-act
An update to LinkPasteMenu inside a test was not wrapped in act(...).

When testing, code that causes React state updates should be wrapped into act(...):

act(() => {
  /* fire events that update state */
});
/* assert on the output */

This ensures that you're testing the behavior the user would see in the browser. Learn more at https://react.dev/link/wrap-tests-with-act
An update to NoteEditorPage inside a test was not wrapped in act(...).

When testing, code that causes React state updates should be wrapped into act(...):

act(() => {
  /* fire events that update state */
});
/* assert on the output */

This ensures that you're testing the behavior the user would see in the browser. Learn more at https://react.dev/link/wrap-tests-with-act
An update to NoteEditorPage inside a test was not wrapped in act(...).

When testing, code that causes React state updates should be wrapped into act(...):

act(() => {
  /* fire events that update state */
});
/* assert on the output */

This ensures that you're testing the behavior the user would see in the browser. Learn more at https://react.dev/link/wrap-tests-with-act
An update to NoteEditorPage inside a test was not wrapped in act(...).

When testing, code that causes React state updates should be wrapped into act(...):

act(() => {
  /* fire events that update state */
});
/* assert on the output */

This ensures that you're testing the behavior the user would see in the browser. Learn more at https://react.dev/link/wrap-tests-with-act
An update to NoteEditorPage inside a test was not wrapped in act(...).

When testing, code that causes React state updates should be wrapped into act(...):

act(() => {
  /* fire events that update state */
});
/* assert on the output */

This ensures that you're testing the behavior the user would see in the browser. Learn more at https://react.dev/link/wrap-tests-with-act

[90mstderr[2m | src/pages/journal-2-0/components/notebook/doorsThroughTheEditor.property.test.jsx[2m > [22m[2m⛔⛔ THE INVARIANT — the offline sentence reaches the server body, and nothing forks[2m > [22m[2m⛔ door `tags`, N=3 — the same door class, the same invariant
[22m[39mAn update to TableToolbar inside a test was not wrapped in act(...).

When testing, code that causes React state updates should be wrapped into act(...):

act(() => {
  /* fire events that update state */
});
/* assert on the output */

This ensures that you're testing the behavior the user would see in the browser. Learn more at https://react.dev/link/wrap-tests-with-act
An update to LinkPasteMenu inside a test was not wrapped in act(...).

When testing, code that causes React state updates should be wrapped into act(...):

act(() => {
  /* fire events that update state */
});
/* assert on the output */

This ensures that you're testing the behavior the user would see in the browser. Learn more at https://react.dev/link/wrap-tests-with-act
An update to NoteEditorPage inside a test was not wrapped in act(...).

When testing, code that causes React state updates should be wrapped into act(...):

act(() => {
  /* fire events that update state */
});
/* assert on the output */

This ensures that you're testing the behavior the user would see in the browser. Learn more at https://react.dev/link/wrap-tests-with-act
An update to NoteEditorPage inside a test was not wrapped in act(...).

When testing, code that causes React state updates should be wrapped into act(...):

act(() => {
  /* fire events that update state */
});
/* assert on the output */

This ensures that you're testing the behavior the user would see in the browser. Learn more at https://react.dev/link/wrap-tests-with-act
An update to NoteEditorPage inside a test was not wrapped in act(...).

When testing, code that causes React state updates should be wrapped into act(...):

act(() => {
  /* fire events that update state */
});
/* assert on the output */

This ensures that you're testing the behavior the user would see in the browser. Learn more at https://react.dev/link/wrap-tests-with-act
An update to NoteEditorPage inside a test was not wrapped in act(...).

When testing, code that causes React state updates should be wrapped into act(...):

act(() => {
  /* fire events that update state */
});
/* assert on the output */

This ensures that you're testing the behavior the user would see in the browser. Learn more at https://react.dev/link/wrap-tests-with-act

[90mstderr[2m | src/pages/journal-2-0/components/notebook/doorsThroughTheEditor.property.test.jsx[2m > [22m[2m⛔⛔ THE INVARIANT — the offline sentence reaches the server body, and nothing forks[2m > [22m[2m⛔ door `tags`, N=3 — the same door class, the same invariant
[22m[39mautosave failed (non-retryable) Error: conflict
    at Object.srv.applyPut (C:/Users/Patrick/uct-worktrees/notebook-w13-landing/app/src/pages/journal-2-0/components/notebook/doorsThroughTheEditor.property.test.jsx:104:19)
    at C:/Users/Patrick/uct-worktrees/notebook-w13-landing/app/src/pages/journal-2-0/components/notebook/doorsThroughTheEditor.property.test.jsx:162:19 {
  status: [33m409[39m
}

[90mstderr[2m | src/components/dailyFirstPaintAcceptance.test.jsx[2m > [22m[2mDAILY first-paint acceptance[2m > [22m[2mNC-B late right-edge insertion
[22m[39mAn update to StockChart inside a test was not wrapped in act(...).

When testing, code that causes React state updates should be wrapped into act(...):

act(() => {
  /* fire events that update state */
});
/* assert on the output */

This ensures that you're testing the behavior the user would see in the browser. Learn more at https://react.dev/link/wrap-tests-with-act

[90mstderr[2m | src/components/dailyFirstPaintAcceptance.test.jsx[2m > [22m[2mDAILY first-paint acceptance[2m > [22m[2mNC-B late right-edge insertion
[22m[39mAn update to StockChart inside a test was not wrapped in act(...).

When testing, code that causes React state updates should be wrapped into act(...):

act(() => {
  /* fire events that update state */
});
/* assert on the output */

This ensures that you're testing the behavior the user would see in the browser. Learn more at https://react.dev/link/wrap-tests-with-act
An update to StockChart inside a test was not wrapped in act(...).

When testing, code that causes React state updates should be wrapped into act(...):

act(() => {
  /* fire events that update state */
});
/* assert on the output */

This ensures that you're testing the behavior the user would see in the browser. Learn more at https://react.dev/link/wrap-tests-with-act
An update to StockChart inside a test was not wrapped in act(...).

When testing, code that causes React state updates should be wrapped into act(...):

act(() => {
  /* fire events that update state */
});
/* assert on the output */

This ensures that you're testing the behavior the user would see in the browser. Learn more at https://react.dev/link/wrap-tests-with-act
An update to StockChart inside a test was not wrapped in act(...).

When testing, code that causes React state updates should be wrapped into act(...):

act(() => {
  /* fire events that update state */
});
/* assert on the output */

This ensures that you're testing the behavior the user would see in the browser. Learn more at https://react.dev/link/wrap-tests-with-act
An update to StockChart inside a test was not wrapped in act(...).

When testing, code that causes React state updates should be wrapped into act(...):

act(() => {
  /* fire events that update state */
});
/* assert on the output */

This ensures that you're testing the behavior the user would see in the browser. Learn more at https://react.dev/link/wrap-tests-with-act
An update to StockChart inside a test was not wrapped in act(...).

When testing, code that causes React state updates should be wrapped into act(...):

act(() => {
  /* fire events that update state */
});
/* assert on the output */

This ensures that you're testing the behavior the user would see in the browser. Learn more at https://react.dev/link/wrap-tests-with-act

[90mstderr[2m | src/components/dailyFirstPaintAcceptance.test.jsx[2m > [22m[2mDAILY first-paint acceptance[2m > [22m[2mNC-C stale wick corrected after paint
[22m[39mAn update to StockChart inside a test was not wrapped in act(...).

When testing, code that causes React state updates should be wrapped into act(...):

act(() => {
  /* fire events that update state */
});
/* assert on the output */

This ensures that you're testing the behavior the user would see in the browser. Learn more at https://react.dev/link/wrap-tests-with-act
An update to StockChart inside a test was not wrapped in act(...).

When testing, code that causes React state updates should be wrapped into act(...):

act(() => {
  /* fire events that update state */
});
/* assert on the output */

This ensures that you're testing the behavior the user would see in the browser. Learn more at https://react.dev/link/wrap-tests-with-act

[90mstderr[2m | src/components/dailyFirstPaintAcceptance.test.jsx[2m > [22m[2mDAILY first-paint acceptance[2m > [22m[2mNC-C stale wick corrected after paint
[22m[39mAn update to StockChart inside a test was not wrapped in act(...).

When testing, code that causes React state updates should be wrapped into act(...):

act(() => {
  /* fire events that update state */
});
/* assert on the output */

This ensures that you're testing the behavior the user would see in the browser. Learn more at https://react.dev/link/wrap-tests-with-act
An update to StockChart inside a test was not wrapped in act(...).

When testing, code that causes React state updates should be wrapped into act(...):

act(() => {
  /* fire events that update state */
});
/* assert on the output */

This ensures that you're testing the behavior the user would see in the browser. Learn more at https://react.dev/link/wrap-tests-with-act
An update to PatternOverlay inside a test was not wrapped in act(...).

When testing, code that causes React state updates should be wrapped into act(...):

act(() => {
  /* fire events that update state */
});
/* assert on the output */

This ensures that you're testing the behavior the user would see in the browser. Learn more at https://react.dev/link/wrap-tests-with-act
An update to ChartDrawingOverlay inside a test was not wrapped in act(...).

When testing, code that causes React state updates should be wrapped into act(...):

act(() => {
  /* fire events that update state */
});
/* assert on the output */

This ensures that you're testing the behavior the user would see in the browser. Learn more at https://react.dev/link/wrap-tests-with-act
An update to ChartDrawingOverlay inside a test was not wrapped in act(...).

When testing, code that causes React state updates should be wrapped into act(...):

act(() => {
  /* fire events that update state */
});
/* assert on the output */

This ensures that you're testing the behavior the user would see in the browser. Learn more at https://react.dev/link/wrap-tests-with-act
An update to ChartDrawingOverlay inside a test was not wrapped in act(...).

When testing, code that causes React state updates should be wrapped into act(...):

act(() => {
  /* fire events that update state */
});
/* assert on the output */

This ensures that you're testing the behavior the user would see in the browser. Learn more at https://react.dev/link/wrap-tests-with-act
An update to ChartDrawingOverlay inside a test was not wrapped in act(...).

When testing, code that causes React state updates should be wrapped into act(...):

act(() => {
  /* fire events that update state */
});
/* assert on the output */

This ensures that you're testing the behavior the user would see in the browser. Learn more at https://react.dev/link/wrap-tests-with-act
An update to ChartDrawingOverlay inside a test was not wrapped in act(...).

When testing, code that causes React state updates should be wrapped into act(...):

act(() => {
  /* fire events that update state */
});
/* assert on the output */

This ensures that you're testing the behavior the user would see in the browser. Learn more at https://react.dev/link/wrap-tests-with-act
An update to ChartDrawingOverlay inside a test was not wrapped in act(...).

When testing, code that causes React state updates should be wrapped into act(...):

act(() => {
  /* fire events that update state */
});
/* assert on the output */

This ensures that you're testing the behavior the user would see in the browser. Learn more at https://react.dev/link/wrap-tests-with-act
An update to StockChart inside a test was not wrapped in act(...).

When testing, code that causes React state updates should be wrapped into act(...):

act(() => {
  /* fire events that update state */
});
/* assert on the output */

This ensures that you're testing the behavior the user would see in the browser. Learn more at https://react.dev/link/wrap-tests-with-act
An update to StockChart inside a test was not wrapped in act(...).

When testing, code that causes React state updates should be wrapped into act(...):

act(() => {
  /* fire events that update state */
});
/* assert on the output */

This ensures that you're testing the behavior the user would see in the browser. Learn more at https://react.dev/link/wrap-tests-with-act
An update to StockChart inside a test was not wrapped in act(...).

When testing, code that causes React state updates should be wrapped into act(...):

act(() => {
  /* fire events that update state */
});
/* assert on the output */

This ensures that you're testing the behavior the user would see in the browser. Learn more at https://react.dev/link/wrap-tests-with-act
An update to StockChart inside a test was not wrapped in act(...).

When testing, code that causes React state updates should be wrapped into act(...):

act(() => {
  /* fire events that update state */
});
/* assert on the output */

This ensures that you're testing the behavior the user would see in the browser. Learn more at https://react.dev/link/wrap-tests-with-act
An update to StockChart inside a test was not wrapped in act(...).

When testing, code that causes React state updates should be wrapped into act(...):

act(() => {
  /* fire events that update state */
});
/* assert on the output */

This ensures that you're testing the behavior the user would see in the browser. Learn more at https://react.dev/link/wrap-tests-with-act
An update to StockChart inside a test was not wrapped in act(...).

When testing, code that causes React state updates should be wrapped into act(...):

act(() => {
  /* fire events that update state */
});
/* assert on the output */

This ensures that you're testing the behavior the user would see in the browser. Learn more at https://react.dev/link/wrap-tests-with-act

[90mstderr[2m | src/components/dailyFirstPaintAcceptance.test.jsx[2m > [22m[2mDAILY first-paint acceptance[2m > [22m[2mNC-C stale wick corrected after paint
[22m[39mAn update to StockChart inside a test was not wrapped in act(...).

When testing, code that causes React state updates should be wrapped into act(...):

act(() => {
  /* fire events that update state */
});
/* assert on the output */

This ensures that you're testing the behavior the user would see in the browser. Learn more at https://react.dev/link/wrap-tests-with-act

[90mstderr[2m | src/components/dailyFirstPaintAcceptance.test.jsx[2m > [22m[2mDAILY first-paint acceptance[2m > [22m[2mNC-C stale wick corrected after paint
[22m[39mAn update to StockChart inside a test was not wrapped in act(...).

When testing, code that causes React state updates should be wrapped into act(...):

act(() => {
  /* fire events that update state */
});
/* assert on the output */

This ensures that you're testing the behavior the user would see in the browser. Learn more at https://react.dev/link/wrap-tests-with-act

[90mstderr[2m | src/components/dailyFirstPaintAcceptance.test.jsx[2m > [22m[2mDAILY first-paint acceptance[2m > [22m[2mNC-C stale wick corrected after paint
[22m[39mAn update to StockChart inside a test was not wrapped in act(...).

When testing, code that causes React state updates should be wrapped into act(...):

act(() => {
  /* fire events that update state */
});
/* assert on the output */

This ensures that you're testing the behavior the user would see in the browser. Learn more at https://react.dev/link/wrap-tests-with-act

[90mstderr[2m | src/components/dailyFirstPaintAcceptance.test.jsx[2m > [22m[2mDAILY first-paint acceptance[2m > [22m[2mNC-C stale wick corrected after paint
[22m[39mAn update to StockChart inside a test was not wrapped in act(...).

When testing, code that causes React state updates should be wrapped into act(...):

act(() => {
  /* fire events that update state */
});
/* assert on the output */

This ensures that you're testing the behavior the user would see in the browser. Learn more at https://react.dev/link/wrap-tests-with-act
An update to StockChart inside a test was not wrapped in act(...).

When testing, code that causes React state updates should be wrapped into act(...):

act(() => {
  /* fire events that update state */
});
/* assert on the output */

This ensures that you're testing the behavior the user would see in the browser. Learn more at https://react.dev/link/wrap-tests-with-act
An update to StockChart inside a test was not wrapped in act(...).

When testing, code that causes React state updates should be wrapped into act(...):

act(() => {
  /* fire events that update state */
});
/* assert on the output */

This ensures that you're testing the behavior the user would see in the browser. Learn more at https://react.dev/link/wrap-tests-with-act
An update to StockChart inside a test was not wrapped in act(...).

When testing, code that causes React state updates should be wrapped into act(...):

act(() => {
  /* fire events that update state */
});
/* assert on the output */

This ensures that you're testing the behavior the user would see in the browser. Learn more at https://react.dev/link/wrap-tests-with-act
An update to StockChart inside a test was not wrapped in act(...).

When testing, code that causes React state updates should be wrapped into act(...):

act(() => {
  /* fire events that update state */
});
/* assert on the output */

This ensures that you're testing the behavior the user would see in the browser. Learn more at https://react.dev/link/wrap-tests-with-act
An update to StockChart inside a test was not wrapped in act(...).

When testing, code that causes React state updates should be wrapped into act(...):

act(() => {
  /* fire events that update state */
});
/* assert on the output */

This ensures that you're testing the behavior the user would see in the browser. Learn more at https://react.dev/link/wrap-tests-with-act

[90mstderr[2m | src/pages/journal-2-0/components/notebook/doorsThroughTheEditor.property.test.jsx[2m > [22m[2m⛔⛔ THE ORDERING PRODUCTION ACTUALLY HAD — the note LEAVES excludeNoteId[2m > [22m[2m⛔ door fires, sends in flight, THEN the member navigates away
[22m[39mAn update to TableToolbar inside a test was not wrapped in act(...).

When testing, code that causes React state updates should be wrapped into act(...):

act(() => {
  /* fire events that update state */
});
/* assert on the output */

This ensures that you're testing the behavior the user would see in the browser. Learn more at https://react.dev/link/wrap-tests-with-act
An update to LinkPasteMenu inside a test was not wrapped in act(...).

When testing, code that causes React state updates should be wrapped into act(...):

act(() => {
  /* fire events that update state */
});
/* assert on the output */

This ensures that you're testing the behavior the user would see in the browser. Learn more at https://react.dev/link/wrap-tests-with-act
An update to NoteEditorPage inside a test was not wrapped in act(...).

When testing, code that causes React state updates should be wrapped into act(...):

act(() => {
  /* fire events that update state */
});
/* assert on the output */

This ensures that you're testing the behavior the user would see in the browser. Learn more at https://react.dev/link/wrap-tests-with-act
An update to NoteEditorPage inside a test was not wrapped in act(...).

When testing, code that causes React state updates should be wrapped into act(...):

act(() => {
  /* fire events that update state */
});
/* assert on the output */

This ensures that you're testing the behavior the user would see in the browser. Learn more at https://react.dev/link/wrap-tests-with-act
An update to NoteEditorPage inside a test was not wrapped in act(...).

When testing, code that causes React state updates should be wrapped into act(...):

act(() => {
  /* fire events that update state */
});
/* assert on the output */

This ensures that you're testing the behavior the user would see in the browser. Learn more at https://react.dev/link/wrap-tests-with-act
An update to NoteEditorPage inside a test was not wrapped in act(...).

When testing, code that causes React state updates should be wrapped into act(...):

act(() => {
  /* fire events that update state */
});
/* assert on the output */

This ensures that you're testing the behavior the user would see in the browser. Learn more at https://react.dev/link/wrap-tests-with-act
An update to NoteEditorPage inside a test was not wrapped in act(...).

When testing, code that causes React state updates should be wrapped into act(...):

act(() => {
  /* fire events that update state */
});
/* assert on the output */

This ensures that you're testing the behavior the user would see in the browser. Learn more at https://react.dev/link/wrap-tests-with-act

[90mstderr[2m | src/pages/journal-2-0/components/notebook/doorsThroughTheEditor.property.test.jsx[2m > [22m[2m⛔⛔ THE ORDERING PRODUCTION ACTUALLY HAD — the note LEAVES excludeNoteId[2m > [22m[2m⛔ door fires, sends in flight, THEN the member navigates away
[22m[39mautosave failed (retry 1 in 1000ms) TypeError: Failed to fetch
    at Object.srv.offlineError (C:/Users/Patrick/uct-worktrees/notebook-w13-landing/app/src/pages/journal-2-0/components/notebook/doorsThroughTheEditor.property.test.jsx:125:15)
    at C:/Users/Patrick/uct-worktrees/notebook-w13-landing/app/src/pages/journal-2-0/components/notebook/doorsThroughTheEditor.property.test.jsx:160:38
    at Mock (file:///C:/Users/Patrick/uct-worktrees/_nb-shared-install/node_modules/[4m@vitest/spy[24m/dist/index.js:285:34)
    at Object.commitSave [as current] (C:/Users/Patrick/uct-worktrees/notebook-w13-landing/app/src/pages/journal-2-0/components/notebook/NoteEditorPage.jsx:3203:23)
    at C:/Users/Patrick/uct-worktrees/notebook-w13-landing/app/src/pages/journal-2-0/components/notebook/NoteEditorPage.jsx:1580:59
    at callTimer (file:///C:/Users/Patrick/uct-worktrees/_nb-shared-install/node_modules/[4mvitest[24m/dist/chunks/vi.2VT5v0um.js:2111:25)
    at doTickInner (file:///C:/Users/Patrick/uct-worktrees/_nb-shared-install/node_modules/[4mvitest[24m/dist/chunks/vi.2VT5v0um.js:2714:30)
    at doTick (file:///C:/Users/Patrick/uct-worktrees/_nb-shared-install/node_modules/[4mvitest[24m/dist/chunks/vi.2VT5v0um.js:2795:21)
    at Object.tick (file:///C:/Users/Patrick/uct-worktrees/_nb-shared-install/node_modules/[4mvitest[24m/dist/chunks/vi.2VT5v0um.js:2803:21)
    at FakeTimers.advanceTimersByTime (file:///C:/Users/Patrick/uct-worktrees/_nb-shared-install/node_modules/[4mvitest[24m/dist/chunks/vi.2VT5v0um.js:3529:44)

[90mstderr[2m | src/pages/journal-2-0/components/notebook/doorsThroughTheEditor.property.test.jsx[2m > [22m[2m⛔⛔ THE ORDERING PRODUCTION ACTUALLY HAD — the note LEAVES excludeNoteId[2m > [22m[2m⛔ door fires, sends in flight, THEN the member navigates away
[22m[39mAn update to TableToolbar inside a test was not wrapped in act(...).

When testing, code that causes React state updates should be wrapped into act(...):

act(() => {
  /* fire events that update state */
});
/* assert on the output */

This ensures that you're testing the behavior the user would see in the browser. Learn more at https://react.dev/link/wrap-tests-with-act
An update to LinkPasteMenu inside a test was not wrapped in act(...).

When testing, code that causes React state updates should be wrapped into act(...):

act(() => {
  /* fire events that update state */
});
/* assert on the output */

This ensures that you're testing the behavior the user would see in the browser. Learn more at https://react.dev/link/wrap-tests-with-act
An update to NoteEditorPage inside a test was not wrapped in act(...).

When testing, code that causes React state updates should be wrapped into act(...):

act(() => {
  /* fire events that update state */
});
/* assert on the output */

This ensures that you're testing the behavior the user would see in the browser. Learn more at https://react.dev/link/wrap-tests-with-act
An update to NoteEditorPage inside a test was not wrapped in act(...).

When testing, code that causes React state updates should be wrapped into act(...):

act(() => {
  /* fire events that update state */
});
/* assert on the output */

This ensures that you're testing the behavior the user would see in the browser. Learn more at https://react.dev/link/wrap-tests-with-act
An update to NoteEditorPage inside a test was not wrapped in act(...).

When testing, code that causes React state updates should be wrapped into act(...):

act(() => {
  /* fire events that update state */
});
/* assert on the output */

This ensures that you're testing the behavior the user would see in the browser. Learn more at https://react.dev/link/wrap-tests-with-act
An update to NoteEditorPage inside a test was not wrapped in act(...).

When testing, code that causes React state updates should be wrapped into act(...):

act(() => {
  /* fire events that update state */
});
/* assert on the output */

This ensures that you're testing the behavior the user would see in the browser. Learn more at https://react.dev/link/wrap-tests-with-act
An update to NoteEditorPage inside a test was not wrapped in act(...).

When testing, code that causes React state updates should be wrapped into act(...):

act(() => {
  /* fire events that update state */
});
/* assert on the output */

This ensures that you're testing the behavior the user would see in the browser. Learn more at https://react.dev/link/wrap-tests-with-act

[90mstderr[2m | src/components/dailyFirstPaintAcceptance.test.jsx[2m > [22m[2mDAILY first-paint acceptance[2m > [22m[2mNC-D camera moved after first paint
[22m[39mAn update to StockChart inside a test was not wrapped in act(...).

When testing, code that causes React state updates should be wrapped into act(...):

act(() => {
  /* fire events that update state */
});
/* assert on the output */

This ensures that you're testing the behavior the user would see in the browser. Learn more at https://react.dev/link/wrap-tests-with-act
An update to StockChart inside a test was not wrapped in act(...).

When testing, code that causes React state updates should be wrapped into act(...):

act(() => {
  /* fire events that update state */
});
/* assert on the output */

This ensures that you're testing the behavior the user would see in the browser. Learn more at https://react.dev/link/wrap-tests-with-act

[90mstderr[2m | src/components/dailyFirstPaintAcceptance.test.jsx[2m > [22m[2mDAILY first-paint acceptance[2m > [22m[2mNC-D camera moved after first paint
[22m[39mAn update to StockChart inside a test was not wrapped in act(...).

When testing, code that causes React state updates should be wrapped into act(...):

act(() => {
  /* fire events that update state */
});
/* assert on the output */

This ensures that you're testing the behavior the user would see in the browser. Learn more at https://react.dev/link/wrap-tests-with-act
An update to StockChart inside a test was not wrapped in act(...).

When testing, code that causes React state updates should be wrapped into act(...):

act(() => {
  /* fire events that update state */
});
/* assert on the output */

This ensures that you're testing the behavior the user would see in the browser. Learn more at https://react.dev/link/wrap-tests-with-act
An update to PatternOverlay inside a test was not wrapped in act(...).

When testing, code that causes React state updates should be wrapped into act(...):

act(() => {
  /* fire events that update state */
});
/* assert on the output */

This ensures that you're testing the behavior the user would see in the browser. Learn more at https://react.dev/link/wrap-tests-with-act
An update to ChartDrawingOverlay inside a test was not wrapped in act(...).

When testing, code that causes React state updates should be wrapped into act(...):

act(() => {
  /* fire events that update state */
});
/* assert on the output */

This ensures that you're testing the behavior the user would see in the browser. Learn more at https://react.dev/link/wrap-tests-with-act
An update to ChartDrawingOverlay inside a test was not wrapped in act(...).

When testing, code that causes React state updates should be wrapped into act(...):

act(() => {
  /* fire events that update state */
});
/* assert on the output */

This ensures that you're testing the behavior the user would see in the browser. Learn more at https://react.dev/link/wrap-tests-with-act
An update to ChartDrawingOverlay inside a test was not wrapped in act(...).

When testing, code that causes React state updates should be wrapped into act(...):

act(() => {
  /* fire events that update state */
});
/* assert on the output */

This ensures that you're testing the behavior the user would see in the browser. Learn more at https://react.dev/link/wrap-tests-with-act
An update to ChartDrawingOverlay inside a test was not wrapped in act(...).

When testing, code that causes React state updates should be wrapped into act(...):

act(() => {
  /* fire events that update state */
});
/* assert on the output */

This ensures that you're testing the behavior the user would see in the browser. Learn more at https://react.dev/link/wrap-tests-with-act
An update to ChartDrawingOverlay inside a test was not wrapped in act(...).

When testing, code that causes React state updates should be wrapped into act(...):

act(() => {
  /* fire events that update state */
});
/* assert on the output */

This ensures that you're testing the behavior the user would see in the browser. Learn more at https://react.dev/link/wrap-tests-with-act
An update to ChartDrawingOverlay inside a test was not wrapped in act(...).

When testing, code that causes React state updates should be wrapped into act(...):

act(() => {
  /* fire events that update state */
});
/* assert on the output */

This ensures that you're testing the behavior the user would see in the browser. Learn more at https://react.dev/link/wrap-tests-with-act
An update to StockChart inside a test was not wrapped in act(...).

When testing, code that causes React state updates should be wrapped into act(...):

act(() => {
  /* fire events that update state */
});
/* assert on the output */

This ensures that you're testing the behavior the user would see in the browser. Learn more at https://react.dev/link/wrap-tests-with-act
An update to StockChart inside a test was not wrapped in act(...).

When testing, code that causes React state updates should be wrapped into act(...):

act(() => {
  /* fire events that update state */
});
/* assert on the output */

This ensures that you're testing the behavior the user would see in the browser. Learn more at https://react.dev/link/wrap-tests-with-act
An update to StockChart inside a test was not wrapped in act(...).

When testing, code that causes React state updates should be wrapped into act(...):

act(() => {
  /* fire events that update state */
});
/* assert on the output */

This ensures that you're testing the behavior the user would see in the browser. Learn more at https://react.dev/link/wrap-tests-with-act
An update to StockChart inside a test was not wrapped in act(...).

When testing, code that causes React state updates should be wrapped into act(...):

act(() => {
  /* fire events that update state */
});
/* assert on the output */

This ensures that you're testing the behavior the user would see in the browser. Learn more at https://react.dev/link/wrap-tests-with-act
An update to StockChart inside a test was not wrapped in act(...).

When testing, code that causes React state updates should be wrapped into act(...):

act(() => {
  /* fire events that update state */
});
/* assert on the output */

This ensures that you're testing the behavior the user would see in the browser. Learn more at https://react.dev/link/wrap-tests-with-act
An update to StockChart inside a test was not wrapped in act(...).

When testing, code that causes React state updates should be wrapped into act(...):

act(() => {
  /* fire events that update state */
});
/* assert on the output */

This ensures that you're testing the behavior the user would see in the browser. Learn more at https://react.dev/link/wrap-tests-with-act

[90mstderr[2m | src/pages/journal-2-0/components/notebook/doorsThroughTheEditor.property.test.jsx[2m > [22m[2m⛔⛔ THE ORDERING PRODUCTION ACTUALLY HAD — the note LEAVES excludeNoteId[2m > [22m[2m⛔ door fires, sends in flight, THEN the member navigates away
[22m[39mAn update to TableToolbar inside a test was not wrapped in act(...).

When testing, code that causes React state updates should be wrapped into act(...):

act(() => {
  /* fire events that update state */
});
/* assert on the output */

This ensures that you're testing the behavior the user would see in the browser. Learn more at https://react.dev/link/wrap-tests-with-act
An update to LinkPasteMenu inside a test was not wrapped in act(...).

When testing, code that causes React state updates should be wrapped into act(...):

act(() => {
  /* fire events that update state */
});
/* assert on the output */

This ensures that you're testing the behavior the user would see in the browser. Learn more at https://react.dev/link/wrap-tests-with-act
An update to NoteEditorPage inside a test was not wrapped in act(...).

When testing, code that causes React state updates should be wrapped into act(...):

act(() => {
  /* fire events that update state */
});
/* assert on the output */

This ensures that you're testing the behavior the user would see in the browser. Learn more at https://react.dev/link/wrap-tests-with-act
An update to NoteEditorPage inside a test was not wrapped in act(...).

When testing, code that causes React state updates should be wrapped into act(...):

act(() => {
  /* fire events that update state */
});
/* assert on the output */

This ensures that you're testing the behavior the user would see in the browser. Learn more at https://react.dev/link/wrap-tests-with-act
An update to NoteEditorPage inside a test was not wrapped in act(...).

When testing, code that causes React state updates should be wrapped into act(...):

act(() => {
  /* fire events that update state */
});
/* assert on the output */

This ensures that you're testing the behavior the user would see in the browser. Learn more at https://react.dev/link/wrap-tests-with-act
An update to NoteEditorPage inside a test was not wrapped in act(...).

When testing, code that causes React state updates should be wrapped into act(...):

act(() => {
  /* fire events that update state */
});
/* assert on the output */

This ensures that you're testing the behavior the user would see in the browser. Learn more at https://react.dev/link/wrap-tests-with-act

[90mstderr[2m | src/pages/journal-2-0/components/notebook/doorsThroughTheEditor.property.test.jsx[2m > [22m[2m⛔⛔ THE ORDERING PRODUCTION ACTUALLY HAD — the note LEAVES excludeNoteId[2m > [22m[2m⛔ door fires, sends in flight, THEN the member navigates away
[22m[39mAn update to TableToolbar inside a test was not wrapped in act(...).

When testing, code that causes React state updates should be wrapped into act(...):

act(() => {
  /* fire events that update state */
});
/* assert on the output */

This ensures that you're testing the behavior the user would see in the browser. Learn more at https://react.dev/link/wrap-tests-with-act
An update to LinkPasteMenu inside a test was not wrapped in act(...).

When testing, code that causes React state updates should be wrapped into act(...):

act(() => {
  /* fire events that update state */
});
/* assert on the output */

This ensures that you're testing the behavior the user would see in the browser. Learn more at https://react.dev/link/wrap-tests-with-act
An update to NoteEditorPage inside a test was not wrapped in act(...).

When testing, code that causes React state updates should be wrapped into act(...):

act(() => {
  /* fire events that update state */
});
/* assert on the output */

This ensures that you're testing the behavior the user would see in the browser. Learn more at https://react.dev/link/wrap-tests-with-act
An update to NoteEditorPage inside a test was not wrapped in act(...).

When testing, code that causes React state updates should be wrapped into act(...):

act(() => {
  /* fire events that update state */
});
/* assert on the output */

This ensures that you're testing the behavior the user would see in the browser. Learn more at https://react.dev/link/wrap-tests-with-act
An update to NoteEditorPage inside a test was not wrapped in act(...).

When testing, code that causes React state updates should be wrapped into act(...):

act(() => {
  /* fire events that update state */
});
/* assert on the output */

This ensures that you're testing the behavior the user would see in the browser. Learn more at https://react.dev/link/wrap-tests-with-act
An update to NoteEditorPage inside a test was not wrapped in act(...).

When testing, code that causes React state updates should be wrapped into act(...):

act(() => {
  /* fire events that update state */
});
/* assert on the output */

This ensures that you're testing the behavior the user would see in the browser. Learn more at https://react.dev/link/wrap-tests-with-act

[90mstderr[2m | src/components/dailyFirstPaintAcceptance.test.jsx[2m > [22m[2mDAILY first-paint acceptance[2m > [22m[2mNC-D camera moved after first paint
[22m[39mAn update to StockChart inside a test was not wrapped in act(...).

When testing, code that causes React state updates should be wrapped into act(...):

act(() => {
  /* fire events that update state */
});
/* assert on the output */

This ensures that you're testing the behavior the user would see in the browser. Learn more at https://react.dev/link/wrap-tests-with-act

[90mstderr[2m | src/components/dailyFirstPaintAcceptance.test.jsx[2m > [22m[2mDAILY first-paint acceptance[2m > [22m[2mNC-D camera moved after first paint
[22m[39mAn update to StockChart inside a test was not wrapped in act(...).

When testing, code that causes React state updates should be wrapped into act(...):

act(() => {
  /* fire events that update state */
});
/* assert on the output */

This ensures that you're testing the behavior the user would see in the browser. Learn more at https://react.dev/link/wrap-tests-with-act

[90mstderr[2m | src/pages/journal-2-0/components/notebook/doorsThroughTheEditor.property.test.jsx[2m > [22m[2m⛔⛔ THE ORDERING PRODUCTION ACTUALLY HAD — the note LEAVES excludeNoteId[2m > [22m[2m⛔ door fires, sends in flight, THEN the member navigates away
[22m[39mautosave failed (non-retryable) Error: conflict
    at Object.srv.applyPut (C:/Users/Patrick/uct-worktrees/notebook-w13-landing/app/src/pages/journal-2-0/components/notebook/doorsThroughTheEditor.property.test.jsx:104:19)
    at C:/Users/Patrick/uct-worktrees/notebook-w13-landing/app/src/pages/journal-2-0/components/notebook/doorsThroughTheEditor.property.test.jsx:162:19 {
  status: [33m409[39m
}

[90mstderr[2m | src/components/dailyFirstPaintAcceptance.test.jsx[2m > [22m[2mDAILY first-paint acceptance[2m > [22m[2mNC-D camera moved after first paint
[22m[39mAn update to StockChart inside a test was not wrapped in act(...).

When testing, code that causes React state updates should be wrapped into act(...):

act(() => {
  /* fire events that update state */
});
/* assert on the output */

This ensures that you're testing the behavior the user would see in the browser. Learn more at https://react.dev/link/wrap-tests-with-act

[90mstderr[2m | src/components/dailyFirstPaintAcceptance.test.jsx[2m > [22m[2mDAILY first-paint acceptance[2m > [22m[2mNC-D camera moved after first paint
[22m[39mAn update to StockChart inside a test was not wrapped in act(...).

When testing, code that causes React state updates should be wrapped into act(...):

act(() => {
  /* fire events that update state */
});
/* assert on the output */

This ensures that you're testing the behavior the user would see in the browser. Learn more at https://react.dev/link/wrap-tests-with-act

[90mstderr[2m | src/components/dailyFirstPaintAcceptance.test.jsx[2m > [22m[2mDAILY first-paint acceptance[2m > [22m[2mNC-E dead observation returns INVALID, never PASS
[22m[39mAn update to StockChart inside a test was not wrapped in act(...).

When testing, code that causes React state updates should be wrapped into act(...):

act(() => {
  /* fire events that update state */
});
/* assert on the output */

This ensures that you're testing the behavior the user would see in the browser. Learn more at https://react.dev/link/wrap-tests-with-act

[90mstderr[2m | src/components/dailyFirstPaintAcceptance.test.jsx[2m > [22m[2mDAILY first-paint acceptance[2m > [22m[2mNC-E dead observation returns INVALID, never PASS
[22m[39mAn update to StockChart inside a test was not wrapped in act(...).

When testing, code that causes React state updates should be wrapped into act(...):

act(() => {
  /* fire events that update state */
});
/* assert on the output */

This ensures that you're testing the behavior the user would see in the browser. Learn more at https://react.dev/link/wrap-tests-with-act
An update to StockChart inside a test was not wrapped in act(...).

When testing, code that causes React state updates should be wrapped into act(...):

act(() => {
  /* fire events that update state */
});
/* assert on the output */

This ensures that you're testing the behavior the user would see in the browser. Learn more at https://react.dev/link/wrap-tests-with-act

[90mstderr[2m | src/components/dailyFirstPaintAcceptance.test.jsx[2m > [22m[2mDAILY first-paint acceptance[2m > [22m[2mNC-E dead observation returns INVALID, never PASS
[22m[39mAn update to StockChart inside a test was not wrapped in act(...).

When testing, code that causes React state updates should be wrapped into act(...):

act(() => {
  /* fire events that update state */
});
/* assert on the output */

This ensures that you're testing the behavior the user would see in the browser. Learn more at https://react.dev/link/wrap-tests-with-act

[90mstderr[2m | src/components/dailyFirstPaintAcceptance.test.jsx[2m > [22m[2mDAILY first-paint acceptance[2m > [22m[2mNC-E dead observation returns INVALID, never PASS
[22m[39mAn update to StockChart inside a test was not wrapped in act(...).

When testing, code that causes React state updates should be wrapped into act(...):

act(() => {
  /* fire events that update state */
});
/* assert on the output */

This ensures that you're testing the behavior the user would see in the browser. Learn more at https://react.dev/link/wrap-tests-with-act

[90mstderr[2m | src/components/dailyFirstPaintAcceptance.test.jsx[2m > [22m[2mDAILY first-paint acceptance[2m > [22m[2mNC-E dead observation returns INVALID, never PASS
[22m[39mAn update to StockChart inside a test was not wrapped in act(...).

When testing, code that causes React state updates should be wrapped into act(...):

act(() => {
  /* fire events that update state */
});
/* assert on the output */

This ensures that you're testing the behavior the user would see in the browser. Learn more at https://react.dev/link/wrap-tests-with-act

[90mstderr[2m | src/components/dailyFirstPaintAcceptance.test.jsx[2m > [22m[2mDAILY first-paint acceptance[2m > [22m[2mNC-E dead observation returns INVALID, never PASS
[22m[39mAn update to StockChart inside a test was not wrapped in act(...).

When testing, code that causes React state updates should be wrapped into act(...):

act(() => {
  /* fire events that update state */
});
/* assert on the output */

This ensures that you're testing the behavior the user would see in the browser. Learn more at https://react.dev/link/wrap-tests-with-act

[90mstderr[2m | src/pages/journal-2-0/components/notebook/doorsThroughTheEditor.property.test.jsx[2m > [22m[2m⛔⛔ THE ORDERING PRODUCTION ACTUALLY HAD — the note LEAVES excludeNoteId[2m > [22m[2m⛔ the same, with the door firing AFTER the note is already unexcluded
[22m[39mAn update to TableToolbar inside a test was not wrapped in act(...).

When testing, code that causes React state updates should be wrapped into act(...):

act(() => {
  /* fire events that update state */
});
/* assert on the output */

This ensures that you're testing the behavior the user would see in the browser. Learn more at https://react.dev/link/wrap-tests-with-act
An update to LinkPasteMenu inside a test was not wrapped in act(...).

When testing, code that causes React state updates should be wrapped into act(...):

act(() => {
  /* fire events that update state */
});
/* assert on the output */

This ensures that you're testing the behavior the user would see in the browser. Learn more at https://react.dev/link/wrap-tests-with-act
An update to NoteEditorPage inside a test was not wrapped in act(...).

When testing, code that causes React state updates should be wrapped into act(...):

act(() => {
  /* fire events that update state */
});
/* assert on the output */

This ensures that you're testing the behavior the user would see in the browser. Learn more at https://react.dev/link/wrap-tests-with-act
An update to NoteEditorPage inside a test was not wrapped in act(...).

When testing, code that causes React state updates should be wrapped into act(...):

act(() => {
  /* fire events that update state */
});
/* assert on the output */

This ensures that you're testing the behavior the user would see in the browser. Learn more at https://react.dev/link/wrap-tests-with-act
An update to NoteEditorPage inside a test was not wrapped in act(...).

When testing, code that causes React state updates should be wrapped into act(...):

act(() => {
  /* fire events that update state */
});
/* assert on the output */

This ensures that you're testing the behavior the user would see in the browser. Learn more at https://react.dev/link/wrap-tests-with-act
An update to NoteEditorPage inside a test was not wrapped in act(...).

When testing, code that causes React state updates should be wrapped into act(...):

act(() => {
  /* fire events that update state */
});
/* assert on the output */

This ensures that you're testing the behavior the user would see in the browser. Learn more at https://react.dev/link/wrap-tests-with-act
An update to NoteEditorPage inside a test was not wrapped in act(...).

When testing, code that causes React state updates should be wrapped into act(...):

act(() => {
  /* fire events that update state */
});
/* assert on the output */

This ensures that you're testing the behavior the user would see in the browser. Learn more at https://react.dev/link/wrap-tests-with-act

[90mstderr[2m | src/pages/journal-2-0/components/notebook/doorsThroughTheEditor.property.test.jsx[2m > [22m[2m⛔⛔ THE ORDERING PRODUCTION ACTUALLY HAD — the note LEAVES excludeNoteId[2m > [22m[2m⛔ the same, with the door firing AFTER the note is already unexcluded
[22m[39mautosave failed (retry 1 in 1000ms) TypeError: Failed to fetch
    at Object.srv.offlineError (C:/Users/Patrick/uct-worktrees/notebook-w13-landing/app/src/pages/journal-2-0/components/notebook/doorsThroughTheEditor.property.test.jsx:125:15)
    at C:/Users/Patrick/uct-worktrees/notebook-w13-landing/app/src/pages/journal-2-0/components/notebook/doorsThroughTheEditor.property.test.jsx:160:38
    at Mock (file:///C:/Users/Patrick/uct-worktrees/_nb-shared-install/node_modules/[4m@vitest/spy[24m/dist/index.js:285:34)
    at Object.commitSave [as current] (C:/Users/Patrick/uct-worktrees/notebook-w13-landing/app/src/pages/journal-2-0/components/notebook/NoteEditorPage.jsx:3203:23)
    at C:/Users/Patrick/uct-worktrees/notebook-w13-landing/app/src/pages/journal-2-0/components/notebook/NoteEditorPage.jsx:1580:59
    at callTimer (file:///C:/Users/Patrick/uct-worktrees/_nb-shared-install/node_modules/[4mvitest[24m/dist/chunks/vi.2VT5v0um.js:2111:25)
    at doTickInner (file:///C:/Users/Patrick/uct-worktrees/_nb-shared-install/node_modules/[4mvitest[24m/dist/chunks/vi.2VT5v0um.js:2714:30)
    at doTick (file:///C:/Users/Patrick/uct-worktrees/_nb-shared-install/node_modules/[4mvitest[24m/dist/chunks/vi.2VT5v0um.js:2795:21)
    at Object.tick (file:///C:/Users/Patrick/uct-worktrees/_nb-shared-install/node_modules/[4mvitest[24m/dist/chunks/vi.2VT5v0um.js:2803:21)
    at FakeTimers.advanceTimersByTime (file:///C:/Users/Patrick/uct-worktrees/_nb-shared-install/node_modules/[4mvitest[24m/dist/chunks/vi.2VT5v0um.js:3529:44)

[90mstderr[2m | src/pages/journal-2-0/components/notebook/doorsThroughTheEditor.property.test.jsx[2m > [22m[2m⛔⛔ THE ORDERING PRODUCTION ACTUALLY HAD — the note LEAVES excludeNoteId[2m > [22m[2m⛔ the same, with the door firing AFTER the note is already unexcluded
[22m[39mAn update to TableToolbar inside a test was not wrapped in act(...).

When testing, code that causes React state updates should be wrapped into act(...):

act(() => {
  /* fire events that update state */
});
/* assert on the output */

This ensures that you're testing the behavior the user would see in the browser. Learn more at https://react.dev/link/wrap-tests-with-act
An update to LinkPasteMenu inside a test was not wrapped in act(...).

When testing, code that causes React state updates should be wrapped into act(...):

act(() => {
  /* fire events that update state */
});
/* assert on the output */

This ensures that you're testing the behavior the user would see in the browser. Learn more at https://react.dev/link/wrap-tests-with-act
An update to NoteEditorPage inside a test was not wrapped in act(...).

When testing, code that causes React state updates should be wrapped into act(...):

act(() => {
  /* fire events that update state */
});
/* assert on the output */

This ensures that you're testing the behavior the user would see in the browser. Learn more at https://react.dev/link/wrap-tests-with-act
An update to NoteEditorPage inside a test was not wrapped in act(...).

When testing, code that causes React state updates should be wrapped into act(...):

act(() => {
  /* fire events that update state */
});
/* assert on the output */

This ensures that you're testing the behavior the user would see in the browser. Learn more at https://react.dev/link/wrap-tests-with-act
An update to NoteEditorPage inside a test was not wrapped in act(...).

When testing, code that causes React state updates should be wrapped into act(...):

act(() => {
  /* fire events that update state */
});
/* assert on the output */

This ensures that you're testing the behavior the user would see in the browser. Learn more at https://react.dev/link/wrap-tests-with-act
An update to NoteEditorPage inside a test was not wrapped in act(...).

When testing, code that causes React state updates should be wrapped into act(...):

act(() => {
  /* fire events that update state */
});
/* assert on the output */

This ensures that you're testing the behavior the user would see in the browser. Learn more at https://react.dev/link/wrap-tests-with-act
An update to NoteEditorPage inside a test was not wrapped in act(...).

When testing, code that causes React state updates should be wrapped into act(...):

act(() => {
  /* fire events that update state */
});
/* assert on the output */

This ensures that you're testing the behavior the user would see in the browser. Learn more at https://react.dev/link/wrap-tests-with-act

[90mstderr[2m | src/pages/journal-2-0/components/notebook/doorsThroughTheEditor.property.test.jsx[2m > [22m[2m⛔⛔ THE ORDERING PRODUCTION ACTUALLY HAD — the note LEAVES excludeNoteId[2m > [22m[2m⛔ the same, with the door firing AFTER the note is already unexcluded
[22m[39mAn update to TableToolbar inside a test was not wrapped in act(...).

When testing, code that causes React state updates should be wrapped into act(...):

act(() => {
  /* fire events that update state */
});
/* assert on the output */

This ensures that you're testing the behavior the user would see in the browser. Learn more at https://react.dev/link/wrap-tests-with-act
An update to LinkPasteMenu inside a test was not wrapped in act(...).

When testing, code that causes React state updates should be wrapped into act(...):

act(() => {
  /* fire events that update state */
});
/* assert on the output */

This ensures that you're testing the behavior the user would see in the browser. Learn more at https://react.dev/link/wrap-tests-with-act
An update to NoteEditorPage inside a test was not wrapped in act(...).

When testing, code that causes React state updates should be wrapped into act(...):

act(() => {
  /* fire events that update state */
});
/* assert on the output */

This ensures that you're testing the behavior the user would see in the browser. Learn more at https://react.dev/link/wrap-tests-with-act
An update to NoteEditorPage inside a test was not wrapped in act(...).

When testing, code that causes React state updates should be wrapped into act(...):

act(() => {
  /* fire events that update state */
});
/* assert on the output */

This ensures that you're testing the behavior the user would see in the browser. Learn more at https://react.dev/link/wrap-tests-with-act
An update to NoteEditorPage inside a test was not wrapped in act(...).

When testing, code that causes React state updates should be wrapped into act(...):

act(() => {
  /* fire events that update state */
});
/* assert on the output */

This ensures that you're testing the behavior the user would see in the browser. Learn more at https://react.dev/link/wrap-tests-with-act
An update to NoteEditorPage inside a test was not wrapped in act(...).

When testing, code that causes React state updates should be wrapped into act(...):

act(() => {
  /* fire events that update state */
});
/* assert on the output */

This ensures that you're testing the behavior the user would see in the browser. Learn more at https://react.dev/link/wrap-tests-with-act

[90mstderr[2m | src/pages/journal-2-0/components/notebook/doorsThroughTheEditor.property.test.jsx[2m > [22m[2m⛔⛔ THE ORDERING PRODUCTION ACTUALLY HAD — the note LEAVES excludeNoteId[2m > [22m[2m⛔ the same, with the door firing AFTER the note is already unexcluded
[22m[39mAn update to TableToolbar inside a test was not wrapped in act(...).

When testing, code that causes React state updates should be wrapped into act(...):

act(() => {
  /* fire events that update state */
});
/* assert on the output */

This ensures that you're testing the behavior the user would see in the browser. Learn more at https://react.dev/link/wrap-tests-with-act
An update to LinkPasteMenu inside a test was not wrapped in act(...).

When testing, code that causes React state updates should be wrapped into act(...):

act(() => {
  /* fire events that update state */
});
/* assert on the output */

This ensures that you're testing the behavior the user would see in the browser. Learn more at https://react.dev/link/wrap-tests-with-act
An update to NoteEditorPage inside a test was not wrapped in act(...).

When testing, code that causes React state updates should be wrapped into act(...):

act(() => {
  /* fire events that update state */
});
/* assert on the output */

This ensures that you're testing the behavior the user would see in the browser. Learn more at https://react.dev/link/wrap-tests-with-act
An update to NoteEditorPage inside a test was not wrapped in act(...).

When testing, code that causes React state updates should be wrapped into act(...):

act(() => {
  /* fire events that update state */
});
/* assert on the output */

This ensures that you're testing the behavior the user would see in the browser. Learn more at https://react.dev/link/wrap-tests-with-act
An update to NoteEditorPage inside a test was not wrapped in act(...).

When testing, code that causes React state updates should be wrapped into act(...):

act(() => {
  /* fire events that update state */
});
/* assert on the output */

This ensures that you're testing the behavior the user would see in the browser. Learn more at https://react.dev/link/wrap-tests-with-act
An update to NoteEditorPage inside a test was not wrapped in act(...).

When testing, code that causes React state updates should be wrapped into act(...):

act(() => {
  /* fire events that update state */
});
/* assert on the output */

This ensures that you're testing the behavior the user would see in the browser. Learn more at https://react.dev/link/wrap-tests-with-act

[90mstderr[2m | src/components/dailyFirstPaintAcceptance.test.jsx[2m > [22m[2mDAILY first-paint acceptance[2m > [22m[2mNC-E dead observation returns INVALID, never PASS
[22m[39mAn update to StockChart inside a test was not wrapped in act(...).

When testing, code that causes React state updates should be wrapped into act(...):

act(() => {
  /* fire events that update state */
});
/* assert on the output */

This ensures that you're testing the behavior the user would see in the browser. Learn more at https://react.dev/link/wrap-tests-with-act

[90mstderr[2m | src/pages/journal-2-0/components/notebook/doorsThroughTheEditor.property.test.jsx[2m > [22m[2m⛔⛔ THE ORDERING PRODUCTION ACTUALLY HAD — the note LEAVES excludeNoteId[2m > [22m[2m⛔ the same, with the door firing AFTER the note is already unexcluded
[22m[39mautosave failed (non-retryable) Error: conflict
    at Object.srv.applyPut (C:/Users/Patrick/uct-worktrees/notebook-w13-landing/app/src/pages/journal-2-0/components/notebook/doorsThroughTheEditor.property.test.jsx:104:19)
    at C:/Users/Patrick/uct-worktrees/notebook-w13-landing/app/src/pages/journal-2-0/components/notebook/doorsThroughTheEditor.property.test.jsx:162:19 {
  status: [33m409[39m
}

[90mstderr[2m | src/pages/journal-2-0/components/notebook/doorsThroughTheEditor.property.test.jsx[2m > [22m[2m⛔ reload mid-flight, through the real path[2m > [22m[2m⛔ the sentence survives an unmount while a save is on the wire
[22m[39mAn update to TableToolbar inside a test was not wrapped in act(...).

When testing, code that causes React state updates should be wrapped into act(...):

act(() => {
  /* fire events that update state */
});
/* assert on the output */

This ensures that you're testing the behavior the user would see in the browser. Learn more at https://react.dev/link/wrap-tests-with-act
An update to LinkPasteMenu inside a test was not wrapped in act(...).

When testing, code that causes React state updates should be wrapped into act(...):

act(() => {
  /* fire events that update state */
});
/* assert on the output */

This ensures that you're testing the behavior the user would see in the browser. Learn more at https://react.dev/link/wrap-tests-with-act
An update to NoteEditorPage inside a test was not wrapped in act(...).

When testing, code that causes React state updates should be wrapped into act(...):

act(() => {
  /* fire events that update state */
});
/* assert on the output */

This ensures that you're testing the behavior the user would see in the browser. Learn more at https://react.dev/link/wrap-tests-with-act
An update to NoteEditorPage inside a test was not wrapped in act(...).

When testing, code that causes React state updates should be wrapped into act(...):

act(() => {
  /* fire events that update state */
});
/* assert on the output */

This ensures that you're testing the behavior the user would see in the browser. Learn more at https://react.dev/link/wrap-tests-with-act
An update to NoteEditorPage inside a test was not wrapped in act(...).

When testing, code that causes React state updates should be wrapped into act(...):

act(() => {
  /* fire events that update state */
});
/* assert on the output */

This ensures that you're testing the behavior the user would see in the browser. Learn more at https://react.dev/link/wrap-tests-with-act
An update to NoteEditorPage inside a test was not wrapped in act(...).

When testing, code that causes React state updates should be wrapped into act(...):

act(() => {
  /* fire events that update state */
});
/* assert on the output */

This ensures that you're testing the behavior the user would see in the browser. Learn more at https://react.dev/link/wrap-tests-with-act
An update to NoteEditorPage inside a test was not wrapped in act(...).

When testing, code that causes React state updates should be wrapped into act(...):

act(() => {
  /* fire events that update state */
});
/* assert on the output */

This ensures that you're testing the behavior the user would see in the browser. Learn more at https://react.dev/link/wrap-tests-with-act

[90mstderr[2m | src/pages/journal-2-0/components/notebook/doorsThroughTheEditor.property.test.jsx[2m > [22m[2m⛔ reload mid-flight, through the real path[2m > [22m[2m⛔ the sentence survives an unmount while a save is on the wire
[22m[39mautosave failed (retry 1 in 1000ms) TypeError: Failed to fetch
    at Object.srv.offlineError (C:/Users/Patrick/uct-worktrees/notebook-w13-landing/app/src/pages/journal-2-0/components/notebook/doorsThroughTheEditor.property.test.jsx:125:15)
    at C:/Users/Patrick/uct-worktrees/notebook-w13-landing/app/src/pages/journal-2-0/components/notebook/doorsThroughTheEditor.property.test.jsx:160:38
    at Mock (file:///C:/Users/Patrick/uct-worktrees/_nb-shared-install/node_modules/[4m@vitest/spy[24m/dist/index.js:285:34)
    at Object.commitSave [as current] (C:/Users/Patrick/uct-worktrees/notebook-w13-landing/app/src/pages/journal-2-0/components/notebook/NoteEditorPage.jsx:3203:23)
    at C:/Users/Patrick/uct-worktrees/notebook-w13-landing/app/src/pages/journal-2-0/components/notebook/NoteEditorPage.jsx:1580:59
    at callTimer (file:///C:/Users/Patrick/uct-worktrees/_nb-shared-install/node_modules/[4mvitest[24m/dist/chunks/vi.2VT5v0um.js:2111:25)
    at doTickInner (file:///C:/Users/Patrick/uct-worktrees/_nb-shared-install/node_modules/[4mvitest[24m/dist/chunks/vi.2VT5v0um.js:2714:30)
    at doTick (file:///C:/Users/Patrick/uct-worktrees/_nb-shared-install/node_modules/[4mvitest[24m/dist/chunks/vi.2VT5v0um.js:2795:21)
    at Object.tick (file:///C:/Users/Patrick/uct-worktrees/_nb-shared-install/node_modules/[4mvitest[24m/dist/chunks/vi.2VT5v0um.js:2803:21)
    at FakeTimers.advanceTimersByTime (file:///C:/Users/Patrick/uct-worktrees/_nb-shared-install/node_modules/[4mvitest[24m/dist/chunks/vi.2VT5v0um.js:3529:44)

[90mstderr[2m | src/pages/journal-2-0/components/notebook/doorsThroughTheEditor.property.test.jsx[2m > [22m[2m⛔ reload mid-flight, through the real path[2m > [22m[2m⛔ the sentence survives an unmount while a save is on the wire
[22m[39mAn update to TableToolbar inside a test was not wrapped in act(...).

When testing, code that causes React state updates should be wrapped into act(...):

act(() => {
  /* fire events that update state */
});
/* assert on the output */

This ensures that you're testing the behavior the user would see in the browser. Learn more at https://react.dev/link/wrap-tests-with-act
An update to LinkPasteMenu inside a test was not wrapped in act(...).

When testing, code that causes React state updates should be wrapped into act(...):

act(() => {
  /* fire events that update state */
});
/* assert on the output */

This ensures that you're testing the behavior the user would see in the browser. Learn more at https://react.dev/link/wrap-tests-with-act
An update to NoteEditorPage inside a test was not wrapped in act(...).

When testing, code that causes React state updates should be wrapped into act(...):

act(() => {
  /* fire events that update state */
});
/* assert on the output */

This ensures that you're testing the behavior the user would see in the browser. Learn more at https://react.dev/link/wrap-tests-with-act
An update to NoteEditorPage inside a test was not wrapped in act(...).

When testing, code that causes React state updates should be wrapped into act(...):

act(() => {
  /* fire events that update state */
});
/* assert on the output */

This ensures that you're testing the behavior the user would see in the browser. Learn more at https://react.dev/link/wrap-tests-with-act
An update to NoteEditorPage inside a test was not wrapped in act(...).

When testing, code that causes React state updates should be wrapped into act(...):

act(() => {
  /* fire events that update state */
});
/* assert on the output */

This ensures that you're testing the behavior the user would see in the browser. Learn more at https://react.dev/link/wrap-tests-with-act
An update to NoteEditorPage inside a test was not wrapped in act(...).

When testing, code that causes React state updates should be wrapped into act(...):

act(() => {
  /* fire events that update state */
});
/* assert on the output */

This ensures that you're testing the behavior the user would see in the browser. Learn more at https://react.dev/link/wrap-tests-with-act
An update to NoteEditorPage inside a test was not wrapped in act(...).

When testing, code that causes React state updates should be wrapped into act(...):

act(() => {
  /* fire events that update state */
});
/* assert on the output */

This ensures that you're testing the behavior the user would see in the browser. Learn more at https://react.dev/link/wrap-tests-with-act

[90mstderr[2m | src/pages/journal-2-0/components/notebook/doorsThroughTheEditor.property.test.jsx[2m > [22m[2m⛔ slow PUT, through the real path[2m > [22m[2m⛔ a door landing during a slow save does not discard the queued words
[22m[39mAn update to TableToolbar inside a test was not wrapped in act(...).

When testing, code that causes React state updates should be wrapped into act(...):

act(() => {
  /* fire events that update state */
});
/* assert on the output */

This ensures that you're testing the behavior the user would see in the browser. Learn more at https://react.dev/link/wrap-tests-with-act
An update to LinkPasteMenu inside a test was not wrapped in act(...).

When testing, code that causes React state updates should be wrapped into act(...):

act(() => {
  /* fire events that update state */
});
/* assert on the output */

This ensures that you're testing the behavior the user would see in the browser. Learn more at https://react.dev/link/wrap-tests-with-act
An update to NoteEditorPage inside a test was not wrapped in act(...).

When testing, code that causes React state updates should be wrapped into act(...):

act(() => {
  /* fire events that update state */
});
/* assert on the output */

This ensures that you're testing the behavior the user would see in the browser. Learn more at https://react.dev/link/wrap-tests-with-act
An update to NoteEditorPage inside a test was not wrapped in act(...).

When testing, code that causes React state updates should be wrapped into act(...):

act(() => {
  /* fire events that update state */
});
/* assert on the output */

This ensures that you're testing the behavior the user would see in the browser. Learn more at https://react.dev/link/wrap-tests-with-act
An update to NoteEditorPage inside a test was not wrapped in act(...).

When testing, code that causes React state updates should be wrapped into act(...):

act(() => {
  /* fire events that update state */
});
/* assert on the output */

This ensures that you're testing the behavior the user would see in the browser. Learn more at https://react.dev/link/wrap-tests-with-act
An update to NoteEditorPage inside a test was not wrapped in act(...).

When testing, code that causes React state updates should be wrapped into act(...):

act(() => {
  /* fire events that update state */
});
/* assert on the output */

This ensures that you're testing the behavior the user would see in the browser. Learn more at https://react.dev/link/wrap-tests-with-act
An update to NoteEditorPage inside a test was not wrapped in act(...).

When testing, code that causes React state updates should be wrapped into act(...):

act(() => {
  /* fire events that update state */
});
/* assert on the output */

This ensures that you're testing the behavior the user would see in the browser. Learn more at https://react.dev/link/wrap-tests-with-act

[90mstderr[2m | src/pages/journal-2-0/components/notebook/doorsThroughTheEditor.property.test.jsx[2m > [22m[2m⛔ slow PUT, through the real path[2m > [22m[2m⛔ a door landing during a slow save does not discard the queued words
[22m[39mautosave failed (retry 1 in 1000ms) TypeError: Failed to fetch
    at Object.srv.offlineError (C:/Users/Patrick/uct-worktrees/notebook-w13-landing/app/src/pages/journal-2-0/components/notebook/doorsThroughTheEditor.property.test.jsx:125:15)
    at C:/Users/Patrick/uct-worktrees/notebook-w13-landing/app/src/pages/journal-2-0/components/notebook/doorsThroughTheEditor.property.test.jsx:160:38
    at Mock (file:///C:/Users/Patrick/uct-worktrees/_nb-shared-install/node_modules/[4m@vitest/spy[24m/dist/index.js:285:34)
    at Object.commitSave [as current] (C:/Users/Patrick/uct-worktrees/notebook-w13-landing/app/src/pages/journal-2-0/components/notebook/NoteEditorPage.jsx:3203:23)
    at C:/Users/Patrick/uct-worktrees/notebook-w13-landing/app/src/pages/journal-2-0/components/notebook/NoteEditorPage.jsx:1580:59
    at callTimer (file:///C:/Users/Patrick/uct-worktrees/_nb-shared-install/node_modules/[4mvitest[24m/dist/chunks/vi.2VT5v0um.js:2111:25)
    at doTickInner (file:///C:/Users/Patrick/uct-worktrees/_nb-shared-install/node_modules/[4mvitest[24m/dist/chunks/vi.2VT5v0um.js:2714:30)
    at doTick (file:///C:/Users/Patrick/uct-worktrees/_nb-shared-install/node_modules/[4mvitest[24m/dist/chunks/vi.2VT5v0um.js:2795:21)
    at Object.tick (file:///C:/Users/Patrick/uct-worktrees/_nb-shared-install/node_modules/[4mvitest[24m/dist/chunks/vi.2VT5v0um.js:2803:21)
    at FakeTimers.advanceTimersByTime (file:///C:/Users/Patrick/uct-worktrees/_nb-shared-install/node_modules/[4mvitest[24m/dist/chunks/vi.2VT5v0um.js:3529:44)

[90mstderr[2m | src/pages/journal-2-0/components/notebook/doorsThroughTheEditor.property.test.jsx[2m > [22m[2m⛔ slow PUT, through the real path[2m > [22m[2m⛔ a door landing during a slow save does not discard the queued words
[22m[39mAn update to TableToolbar inside a test was not wrapped in act(...).

When testing, code that causes React state updates should be wrapped into act(...):

act(() => {
  /* fire events that update state */
});
/* assert on the output */

This ensures that you're testing the behavior the user would see in the browser. Learn more at https://react.dev/link/wrap-tests-with-act
An update to LinkPasteMenu inside a test was not wrapped in act(...).

When testing, code that causes React state updates should be wrapped into act(...):

act(() => {
  /* fire events that update state */
});
/* assert on the output */

This ensures that you're testing the behavior the user would see in the browser. Learn more at https://react.dev/link/wrap-tests-with-act
An update to NoteEditorPage inside a test was not wrapped in act(...).

When testing, code that causes React state updates should be wrapped into act(...):

act(() => {
  /* fire events that update state */
});
/* assert on the output */

This ensures that you're testing the behavior the user would see in the browser. Learn more at https://react.dev/link/wrap-tests-with-act
An update to NoteEditorPage inside a test was not wrapped in act(...).

When testing, code that causes React state updates should be wrapped into act(...):

act(() => {
  /* fire events that update state */
});
/* assert on the output */

This ensures that you're testing the behavior the user would see in the browser. Learn more at https://react.dev/link/wrap-tests-with-act
An update to NoteEditorPage inside a test was not wrapped in act(...).

When testing, code that causes React state updates should be wrapped into act(...):

act(() => {
  /* fire events that update state */
});
/* assert on the output */

This ensures that you're testing the behavior the user would see in the browser. Learn more at https://react.dev/link/wrap-tests-with-act
An update to NoteEditorPage inside a test was not wrapped in act(...).

When testing, code that causes React state updates should be wrapped into act(...):

act(() => {
  /* fire events that update state */
});
/* assert on the output */

This ensures that you're testing the behavior the user would see in the browser. Learn more at https://react.dev/link/wrap-tests-with-act
An update to NoteEditorPage inside a test was not wrapped in act(...).

When testing, code that causes React state updates should be wrapped into act(...):

act(() => {
  /* fire events that update state */
});
/* assert on the output */

This ensures that you're testing the behavior the user would see in the browser. Learn more at https://react.dev/link/wrap-tests-with-act

[90mstderr[2m | src/pages/journal-2-0/components/notebook/doorsThroughTheEditor.property.test.jsx[2m > [22m[2m⭐ CONTROLS — the rail can distinguish, and can fail[2m > [22m[2m⭐ with no door and no offline window, the ordinary save lands (the rail is not always-red)
[22m[39mAn update to TableToolbar inside a test was not wrapped in act(...).

When testing, code that causes React state updates should be wrapped into act(...):

act(() => {
  /* fire events that update state */
});
/* assert on the output */

This ensures that you're testing the behavior the user would see in the browser. Learn more at https://react.dev/link/wrap-tests-with-act
An update to LinkPasteMenu inside a test was not wrapped in act(...).

When testing, code that causes React state updates should be wrapped into act(...):

act(() => {
  /* fire events that update state */
});
/* assert on the output */

This ensures that you're testing the behavior the user would see in the browser. Learn more at https://react.dev/link/wrap-tests-with-act
An update to NoteEditorPage inside a test was not wrapped in act(...).

When testing, code that causes React state updates should be wrapped into act(...):

act(() => {
  /* fire events that update state */
});
/* assert on the output */

This ensures that you're testing the behavior the user would see in the browser. Learn more at https://react.dev/link/wrap-tests-with-act
An update to NoteEditorPage inside a test was not wrapped in act(...).

When testing, code that causes React state updates should be wrapped into act(...):

act(() => {
  /* fire events that update state */
});
/* assert on the output */

This ensures that you're testing the behavior the user would see in the browser. Learn more at https://react.dev/link/wrap-tests-with-act
An update to NoteEditorPage inside a test was not wrapped in act(...).

When testing, code that causes React state updates should be wrapped into act(...):

act(() => {
  /* fire events that update state */
});
/* assert on the output */

This ensures that you're testing the behavior the user would see in the browser. Learn more at https://react.dev/link/wrap-tests-with-act
An update to NoteEditorPage inside a test was not wrapped in act(...).

When testing, code that causes React state updates should be wrapped into act(...):

act(() => {
  /* fire events that update state */
});
/* assert on the output */

This ensures that you're testing the behavior the user would see in the browser. Learn more at https://react.dev/link/wrap-tests-with-act
An update to NoteEditorPage inside a test was not wrapped in act(...).

When testing, code that causes React state updates should be wrapped into act(...):

act(() => {
  /* fire events that update state */
});
/* assert on the output */

This ensures that you're testing the behavior the user would see in the browser. Learn more at https://react.dev/link/wrap-tests-with-act

[90mstderr[2m | src/pages/journal-2-0/components/notebook/doorsThroughTheEditor.property.test.jsx[2m > [22m[2m⭐ CONTROLS — the rail can distinguish, and can fail[2m > [22m[2m⛔ the assertion is REAL: a server that never took the body reads as FAILED
[22m[39mAn update to TableToolbar inside a test was not wrapped in act(...).

When testing, code that causes React state updates should be wrapped into act(...):

act(() => {
  /* fire events that update state */
});
/* assert on the output */

This ensures that you're testing the behavior the user would see in the browser. Learn more at https://react.dev/link/wrap-tests-with-act
An update to LinkPasteMenu inside a test was not wrapped in act(...).

When testing, code that causes React state updates should be wrapped into act(...):

act(() => {
  /* fire events that update state */
});
/* assert on the output */

This ensures that you're testing the behavior the user would see in the browser. Learn more at https://react.dev/link/wrap-tests-with-act
An update to NoteEditorPage inside a test was not wrapped in act(...).

When testing, code that causes React state updates should be wrapped into act(...):

act(() => {
  /* fire events that update state */
});
/* assert on the output */

This ensures that you're testing the behavior the user would see in the browser. Learn more at https://react.dev/link/wrap-tests-with-act
An update to NoteEditorPage inside a test was not wrapped in act(...).

When testing, code that causes React state updates should be wrapped into act(...):

act(() => {
  /* fire events that update state */
});
/* assert on the output */

This ensures that you're testing the behavior the user would see in the browser. Learn more at https://react.dev/link/wrap-tests-with-act
An update to NoteEditorPage inside a test was not wrapped in act(...).

When testing, code that causes React state updates should be wrapped into act(...):

act(() => {
  /* fire events that update state */
});
/* assert on the output */

This ensures that you're testing the behavior the user would see in the browser. Learn more at https://react.dev/link/wrap-tests-with-act
An update to NoteEditorPage inside a test was not wrapped in act(...).

When testing, code that causes React state updates should be wrapped into act(...):

act(() => {
  /* fire events that update state */
});
/* assert on the output */

This ensures that you're testing the behavior the user would see in the browser. Learn more at https://react.dev/link/wrap-tests-with-act
An update to NoteEditorPage inside a test was not wrapped in act(...).

When testing, code that causes React state updates should be wrapped into act(...):

act(() => {
  /* fire events that update state */
});
/* assert on the output */

This ensures that you're testing the behavior the user would see in the browser. Learn more at https://react.dev/link/wrap-tests-with-act

[90mstderr[2m | src/pages/journal-2-0/components/notebook/doorsThroughTheEditor.property.test.jsx[2m > [22m[2m⛔⛔ THE MEASURED CHAIN — the rig transcript, replayed[2m > [22m[2m⛔ (a) after a door 200, no queued entry still holds a pre-door baseline
[22m[39mAn update to TableToolbar inside a test was not wrapped in act(...).

When testing, code that causes React state updates should be wrapped into act(...):

act(() => {
  /* fire events that update state */
});
/* assert on the output */

This ensures that you're testing the behavior the user would see in the browser. Learn more at https://react.dev/link/wrap-tests-with-act
An update to LinkPasteMenu inside a test was not wrapped in act(...).

When testing, code that causes React state updates should be wrapped into act(...):

act(() => {
  /* fire events that update state */
});
/* assert on the output */

This ensures that you're testing the behavior the user would see in the browser. Learn more at https://react.dev/link/wrap-tests-with-act
An update to NoteEditorPage inside a test was not wrapped in act(...).

When testing, code that causes React state updates should be wrapped into act(...):

act(() => {
  /* fire events that update state */
});
/* assert on the output */

This ensures that you're testing the behavior the user would see in the browser. Learn more at https://react.dev/link/wrap-tests-with-act
An update to NoteEditorPage inside a test was not wrapped in act(...).

When testing, code that causes React state updates should be wrapped into act(...):

act(() => {
  /* fire events that update state */
});
/* assert on the output */

This ensures that you're testing the behavior the user would see in the browser. Learn more at https://react.dev/link/wrap-tests-with-act
An update to NoteEditorPage inside a test was not wrapped in act(...).

When testing, code that causes React state updates should be wrapped into act(...):

act(() => {
  /* fire events that update state */
});
/* assert on the output */

This ensures that you're testing the behavior the user would see in the browser. Learn more at https://react.dev/link/wrap-tests-with-act
An update to NoteEditorPage inside a test was not wrapped in act(...).

When testing, code that causes React state updates should be wrapped into act(...):

act(() => {
  /* fire events that update state */
});
/* assert on the output */

This ensures that you're testing the behavior the user would see in the browser. Learn more at https://react.dev/link/wrap-tests-with-act
An update to NoteEditorPage inside a test was not wrapped in act(...).

When testing, code that causes React state updates should be wrapped into act(...):

act(() => {
  /* fire events that update state */
});
/* assert on the output */

This ensures that you're testing the behavior the user would see in the browser. Learn more at https://react.dev/link/wrap-tests-with-act

[90mstderr[2m | src/pages/journal-2-0/components/notebook/doorsThroughTheEditor.property.test.jsx[2m > [22m[2m⛔⛔ THE MEASURED CHAIN — the rig transcript, replayed[2m > [22m[2m⛔ (a) after a door 200, no queued entry still holds a pre-door baseline
[22m[39mAn update to TableToolbar inside a test was not wrapped in act(...).

When testing, code that causes React state updates should be wrapped into act(...):

act(() => {
  /* fire events that update state */
});
/* assert on the output */

This ensures that you're testing the behavior the user would see in the browser. Learn more at https://react.dev/link/wrap-tests-with-act
An update to LinkPasteMenu inside a test was not wrapped in act(...).

When testing, code that causes React state updates should be wrapped into act(...):

act(() => {
  /* fire events that update state */
});
/* assert on the output */

This ensures that you're testing the behavior the user would see in the browser. Learn more at https://react.dev/link/wrap-tests-with-act
An update to NoteEditorPage inside a test was not wrapped in act(...).

When testing, code that causes React state updates should be wrapped into act(...):

act(() => {
  /* fire events that update state */
});
/* assert on the output */

This ensures that you're testing the behavior the user would see in the browser. Learn more at https://react.dev/link/wrap-tests-with-act
An update to NoteEditorPage inside a test was not wrapped in act(...).

When testing, code that causes React state updates should be wrapped into act(...):

act(() => {
  /* fire events that update state */
});
/* assert on the output */

This ensures that you're testing the behavior the user would see in the browser. Learn more at https://react.dev/link/wrap-tests-with-act
An update to NoteEditorPage inside a test was not wrapped in act(...).

When testing, code that causes React state updates should be wrapped into act(...):

act(() => {
  /* fire events that update state */
});
/* assert on the output */

This ensures that you're testing the behavior the user would see in the browser. Learn more at https://react.dev/link/wrap-tests-with-act
An update to NoteEditorPage inside a test was not wrapped in act(...).

When testing, code that causes React state updates should be wrapped into act(...):

act(() => {
  /* fire events that update state */
});
/* assert on the output */

This ensures that you're testing the behavior the user would see in the browser. Learn more at https://react.dev/link/wrap-tests-with-act
An update to NoteEditorPage inside a test was not wrapped in act(...).

When testing, code that causes React state updates should be wrapped into act(...):

act(() => {
  /* fire events that update state */
});
/* assert on the output */

This ensures that you're testing the behavior the user would see in the browser. Learn more at https://react.dev/link/wrap-tests-with-act

[90mstderr[2m | src/pages/journal-2-0/components/notebook/doorsThroughTheEditor.property.test.jsx[2m > [22m[2m⛔⛔ THE MEASURED CHAIN — the rig transcript, replayed[2m > [22m[2m⛔ (a) after a door 200, no queued entry still holds a pre-door baseline
[22m[39mautosave failed (retry 1 in 1000ms) TypeError: Failed to fetch
    at Object.srv.offlineError (C:/Users/Patrick/uct-worktrees/notebook-w13-landing/app/src/pages/journal-2-0/components/notebook/doorsThroughTheEditor.property.test.jsx:125:15)
    at C:/Users/Patrick/uct-worktrees/notebook-w13-landing/app/src/pages/journal-2-0/components/notebook/doorsThroughTheEditor.property.test.jsx:160:38
    at Mock (file:///C:/Users/Patrick/uct-worktrees/_nb-shared-install/node_modules/[4m@vitest/spy[24m/dist/index.js:285:34)
    at Object.commitSave [as current] (C:/Users/Patrick/uct-worktrees/notebook-w13-landing/app/src/pages/journal-2-0/components/notebook/NoteEditorPage.jsx:3203:23)
    at C:/Users/Patrick/uct-worktrees/notebook-w13-landing/app/src/pages/journal-2-0/components/notebook/NoteEditorPage.jsx:1580:59
    at callTimer (file:///C:/Users/Patrick/uct-worktrees/_nb-shared-install/node_modules/[4mvitest[24m/dist/chunks/vi.2VT5v0um.js:2111:25)
    at doTickInner (file:///C:/Users/Patrick/uct-worktrees/_nb-shared-install/node_modules/[4mvitest[24m/dist/chunks/vi.2VT5v0um.js:2714:30)
    at doTick (file:///C:/Users/Patrick/uct-worktrees/_nb-shared-install/node_modules/[4mvitest[24m/dist/chunks/vi.2VT5v0um.js:2795:21)
    at Object.tick (file:///C:/Users/Patrick/uct-worktrees/_nb-shared-install/node_modules/[4mvitest[24m/dist/chunks/vi.2VT5v0um.js:2803:21)
    at FakeTimers.advanceTimersByTime (file:///C:/Users/Patrick/uct-worktrees/_nb-shared-install/node_modules/[4mvitest[24m/dist/chunks/vi.2VT5v0um.js:3529:44)

[90mstderr[2m | src/pages/journal-2-0/components/notebook/doorsThroughTheEditor.property.test.jsx[2m > [22m[2m⛔⛔ THE MEASURED CHAIN — the rig transcript, replayed[2m > [22m[2m⛔ (b) the full chain ends with the sentence on the server and no fork
[22m[39mAn update to TableToolbar inside a test was not wrapped in act(...).

When testing, code that causes React state updates should be wrapped into act(...):

act(() => {
  /* fire events that update state */
});
/* assert on the output */

This ensures that you're testing the behavior the user would see in the browser. Learn more at https://react.dev/link/wrap-tests-with-act
An update to LinkPasteMenu inside a test was not wrapped in act(...).

When testing, code that causes React state updates should be wrapped into act(...):

act(() => {
  /* fire events that update state */
});
/* assert on the output */

This ensures that you're testing the behavior the user would see in the browser. Learn more at https://react.dev/link/wrap-tests-with-act
An update to NoteEditorPage inside a test was not wrapped in act(...).

When testing, code that causes React state updates should be wrapped into act(...):

act(() => {
  /* fire events that update state */
});
/* assert on the output */

This ensures that you're testing the behavior the user would see in the browser. Learn more at https://react.dev/link/wrap-tests-with-act
An update to NoteEditorPage inside a test was not wrapped in act(...).

When testing, code that causes React state updates should be wrapped into act(...):

act(() => {
  /* fire events that update state */
});
/* assert on the output */

This ensures that you're testing the behavior the user would see in the browser. Learn more at https://react.dev/link/wrap-tests-with-act
An update to NoteEditorPage inside a test was not wrapped in act(...).

When testing, code that causes React state updates should be wrapped into act(...):

act(() => {
  /* fire events that update state */
});
/* assert on the output */

This ensures that you're testing the behavior the user would see in the browser. Learn more at https://react.dev/link/wrap-tests-with-act
An update to NoteEditorPage inside a test was not wrapped in act(...).

When testing, code that causes React state updates should be wrapped into act(...):

act(() => {
  /* fire events that update state */
});
/* assert on the output */

This ensures that you're testing the behavior the user would see in the browser. Learn more at https://react.dev/link/wrap-tests-with-act
An update to NoteEditorPage inside a test was not wrapped in act(...).

When testing, code that causes React state updates should be wrapped into act(...):

act(() => {
  /* fire events that update state */
});
/* assert on the output */

This ensures that you're testing the behavior the user would see in the browser. Learn more at https://react.dev/link/wrap-tests-with-act

[90mstderr[2m | src/pages/journal-2-0/components/notebook/doorsThroughTheEditor.property.test.jsx[2m > [22m[2m⛔⛔ THE MEASURED CHAIN — the rig transcript, replayed[2m > [22m[2m⛔ (b) the full chain ends with the sentence on the server and no fork
[22m[39mAn update to TableToolbar inside a test was not wrapped in act(...).

When testing, code that causes React state updates should be wrapped into act(...):

act(() => {
  /* fire events that update state */
});
/* assert on the output */

This ensures that you're testing the behavior the user would see in the browser. Learn more at https://react.dev/link/wrap-tests-with-act
An update to LinkPasteMenu inside a test was not wrapped in act(...).

When testing, code that causes React state updates should be wrapped into act(...):

act(() => {
  /* fire events that update state */
});
/* assert on the output */

This ensures that you're testing the behavior the user would see in the browser. Learn more at https://react.dev/link/wrap-tests-with-act
An update to NoteEditorPage inside a test was not wrapped in act(...).

When testing, code that causes React state updates should be wrapped into act(...):

act(() => {
  /* fire events that update state */
});
/* assert on the output */

This ensures that you're testing the behavior the user would see in the browser. Learn more at https://react.dev/link/wrap-tests-with-act
An update to NoteEditorPage inside a test was not wrapped in act(...).

When testing, code that causes React state updates should be wrapped into act(...):

act(() => {
  /* fire events that update state */
});
/* assert on the output */

This ensures that you're testing the behavior the user would see in the browser. Learn more at https://react.dev/link/wrap-tests-with-act
An update to NoteEditorPage inside a test was not wrapped in act(...).

When testing, code that causes React state updates should be wrapped into act(...):

act(() => {
  /* fire events that update state */
});
/* assert on the output */

This ensures that you're testing the behavior the user would see in the browser. Learn more at https://react.dev/link/wrap-tests-with-act
An update to NoteEditorPage inside a test was not wrapped in act(...).

When testing, code that causes React state updates should be wrapped into act(...):

act(() => {
  /* fire events that update state */
});
/* assert on the output */

This ensures that you're testing the behavior the user would see in the browser. Learn more at https://react.dev/link/wrap-tests-with-act
An update to NoteEditorPage inside a test was not wrapped in act(...).

When testing, code that causes React state updates should be wrapped into act(...):

act(() => {
  /* fire events that update state */
});
/* assert on the output */

This ensures that you're testing the behavior the user would see in the browser. Learn more at https://react.dev/link/wrap-tests-with-act

[90mstderr[2m | src/pages/journal-2-0/components/notebook/doorsThroughTheEditor.property.test.jsx[2m > [22m[2m⛔⛔ THE MEASURED CHAIN — the rig transcript, replayed[2m > [22m[2m⛔ (b) the full chain ends with the sentence on the server and no fork
[22m[39mautosave failed (retry 1 in 1000ms) TypeError: Failed to fetch
    at Object.srv.offlineError (C:/Users/Patrick/uct-worktrees/notebook-w13-landing/app/src/pages/journal-2-0/components/notebook/doorsThroughTheEditor.property.test.jsx:125:15)
    at C:/Users/Patrick/uct-worktrees/notebook-w13-landing/app/src/pages/journal-2-0/components/notebook/doorsThroughTheEditor.property.test.jsx:160:38
    at Mock (file:///C:/Users/Patrick/uct-worktrees/_nb-shared-install/node_modules/[4m@vitest/spy[24m/dist/index.js:285:34)
    at Object.commitSave [as current] (C:/Users/Patrick/uct-worktrees/notebook-w13-landing/app/src/pages/journal-2-0/components/notebook/NoteEditorPage.jsx:3203:23)
    at C:/Users/Patrick/uct-worktrees/notebook-w13-landing/app/src/pages/journal-2-0/components/notebook/NoteEditorPage.jsx:1580:59
    at callTimer (file:///C:/Users/Patrick/uct-worktrees/_nb-shared-install/node_modules/[4mvitest[24m/dist/chunks/vi.2VT5v0um.js:2111:25)
    at doTickInner (file:///C:/Users/Patrick/uct-worktrees/_nb-shared-install/node_modules/[4mvitest[24m/dist/chunks/vi.2VT5v0um.js:2714:30)
    at doTick (file:///C:/Users/Patrick/uct-worktrees/_nb-shared-install/node_modules/[4mvitest[24m/dist/chunks/vi.2VT5v0um.js:2795:21)
    at Object.tick (file:///C:/Users/Patrick/uct-worktrees/_nb-shared-install/node_modules/[4mvitest[24m/dist/chunks/vi.2VT5v0um.js:2803:21)
    at FakeTimers.advanceTimersByTime (file:///C:/Users/Patrick/uct-worktrees/_nb-shared-install/node_modules/[4mvitest[24m/dist/chunks/vi.2VT5v0um.js:3529:44)

[90mstderr[2m | src/pages/journal-2-0/components/notebook/doorsThroughTheEditor.property.test.jsx[2m > [22m[2m⛔⛔ THE MEASURED CHAIN — the rig transcript, replayed[2m > [22m[2m⭐ CONTROL — a GENUINELY foreign 409 still forks (the fix must not swallow that)
[22m[39mAn update to TableToolbar inside a test was not wrapped in act(...).

When testing, code that causes React state updates should be wrapped into act(...):

act(() => {
  /* fire events that update state */
});
/* assert on the output */

This ensures that you're testing the behavior the user would see in the browser. Learn more at https://react.dev/link/wrap-tests-with-act
An update to LinkPasteMenu inside a test was not wrapped in act(...).

When testing, code that causes React state updates should be wrapped into act(...):

act(() => {
  /* fire events that update state */
});
/* assert on the output */

This ensures that you're testing the behavior the user would see in the browser. Learn more at https://react.dev/link/wrap-tests-with-act
An update to NoteEditorPage inside a test was not wrapped in act(...).

When testing, code that causes React state updates should be wrapped into act(...):

act(() => {
  /* fire events that update state */
});
/* assert on the output */

This ensures that you're testing the behavior the user would see in the browser. Learn more at https://react.dev/link/wrap-tests-with-act
An update to NoteEditorPage inside a test was not wrapped in act(...).

When testing, code that causes React state updates should be wrapped into act(...):

act(() => {
  /* fire events that update state */
});
/* assert on the output */

This ensures that you're testing the behavior the user would see in the browser. Learn more at https://react.dev/link/wrap-tests-with-act
An update to NoteEditorPage inside a test was not wrapped in act(...).

When testing, code that causes React state updates should be wrapped into act(...):

act(() => {
  /* fire events that update state */
});
/* assert on the output */

This ensures that you're testing the behavior the user would see in the browser. Learn more at https://react.dev/link/wrap-tests-with-act
An update to NoteEditorPage inside a test was not wrapped in act(...).

When testing, code that causes React state updates should be wrapped into act(...):

act(() => {
  /* fire events that update state */
});
/* assert on the output */

This ensures that you're testing the behavior the user would see in the browser. Learn more at https://react.dev/link/wrap-tests-with-act
An update to NoteEditorPage inside a test was not wrapped in act(...).

When testing, code that causes React state updates should be wrapped into act(...):

act(() => {
  /* fire events that update state */
});
/* assert on the output */

This ensures that you're testing the behavior the user would see in the browser. Learn more at https://react.dev/link/wrap-tests-with-act

[90mstderr[2m | src/pages/journal-2-0/components/notebook/doorsThroughTheEditor.property.test.jsx[2m > [22m[2m⛔⛔ THE MEASURED CHAIN — the rig transcript, replayed[2m > [22m[2m⭐ CONTROL — a GENUINELY foreign 409 still forks (the fix must not swallow that)
[22m[39mAn update to TableToolbar inside a test was not wrapped in act(...).

When testing, code that causes React state updates should be wrapped into act(...):

act(() => {
  /* fire events that update state */
});
/* assert on the output */

This ensures that you're testing the behavior the user would see in the browser. Learn more at https://react.dev/link/wrap-tests-with-act
An update to LinkPasteMenu inside a test was not wrapped in act(...).

When testing, code that causes React state updates should be wrapped into act(...):

act(() => {
  /* fire events that update state */
});
/* assert on the output */

This ensures that you're testing the behavior the user would see in the browser. Learn more at https://react.dev/link/wrap-tests-with-act
An update to NoteEditorPage inside a test was not wrapped in act(...).

When testing, code that causes React state updates should be wrapped into act(...):

act(() => {
  /* fire events that update state */
});
/* assert on the output */

This ensures that you're testing the behavior the user would see in the browser. Learn more at https://react.dev/link/wrap-tests-with-act
An update to NoteEditorPage inside a test was not wrapped in act(...).

When testing, code that causes React state updates should be wrapped into act(...):

act(() => {
  /* fire events that update state */
});
/* assert on the output */

This ensures that you're testing the behavior the user would see in the browser. Learn more at https://react.dev/link/wrap-tests-with-act
An update to NoteEditorPage inside a test was not wrapped in act(...).

When testing, code that causes React state updates should be wrapped into act(...):

act(() => {
  /* fire events that update state */
});
/* assert on the output */

This ensures that you're testing the behavior the user would see in the browser. Learn more at https://react.dev/link/wrap-tests-with-act
An update to NoteEditorPage inside a test was not wrapped in act(...).

When testing, code that causes React state updates should be wrapped into act(...):

act(() => {
  /* fire events that update state */
});
/* assert on the output */

This ensures that you're testing the behavior the user would see in the browser. Learn more at https://react.dev/link/wrap-tests-with-act
An update to NoteEditorPage inside a test was not wrapped in act(...).

When testing, code that causes React state updates should be wrapped into act(...):

act(() => {
  /* fire events that update state */
});
/* assert on the output */

This ensures that you're testing the behavior the user would see in the browser. Learn more at https://react.dev/link/wrap-tests-with-act

[90mstderr[2m | src/pages/journal-2-0/components/notebook/doorsThroughTheEditor.property.test.jsx[2m > [22m[2m⛔⛔ THE MEASURED CHAIN — the rig transcript, replayed[2m > [22m[2m⭐ CONTROL — a GENUINELY foreign 409 still forks (the fix must not swallow that)
[22m[39mautosave failed (retry 1 in 1000ms) TypeError: Failed to fetch
    at Object.srv.offlineError (C:/Users/Patrick/uct-worktrees/notebook-w13-landing/app/src/pages/journal-2-0/components/notebook/doorsThroughTheEditor.property.test.jsx:125:15)
    at C:/Users/Patrick/uct-worktrees/notebook-w13-landing/app/src/pages/journal-2-0/components/notebook/doorsThroughTheEditor.property.test.jsx:160:38
    at Mock (file:///C:/Users/Patrick/uct-worktrees/_nb-shared-install/node_modules/[4m@vitest/spy[24m/dist/index.js:285:34)
    at Object.commitSave [as current] (C:/Users/Patrick/uct-worktrees/notebook-w13-landing/app/src/pages/journal-2-0/components/notebook/NoteEditorPage.jsx:3203:23)
    at C:/Users/Patrick/uct-worktrees/notebook-w13-landing/app/src/pages/journal-2-0/components/notebook/NoteEditorPage.jsx:1580:59
    at callTimer (file:///C:/Users/Patrick/uct-worktrees/_nb-shared-install/node_modules/[4mvitest[24m/dist/chunks/vi.2VT5v0um.js:2111:25)
    at doTickInner (file:///C:/Users/Patrick/uct-worktrees/_nb-shared-install/node_modules/[4mvitest[24m/dist/chunks/vi.2VT5v0um.js:2714:30)
    at doTick (file:///C:/Users/Patrick/uct-worktrees/_nb-shared-install/node_modules/[4mvitest[24m/dist/chunks/vi.2VT5v0um.js:2795:21)
    at Object.tick (file:///C:/Users/Patrick/uct-worktrees/_nb-shared-install/node_modules/[4mvitest[24m/dist/chunks/vi.2VT5v0um.js:2803:21)
    at FakeTimers.advanceTimersByTime (file:///C:/Users/Patrick/uct-worktrees/_nb-shared-install/node_modules/[4mvitest[24m/dist/chunks/vi.2VT5v0um.js:3529:44)

[90mstderr[2m | src/pages/journal-2-0/JournalLayout.test.jsx[2m > [22m[2mJournalLayout — primary nav[2m > [22m[2mrenders the 6 primary nav items as links (paid)
[22m[39mAn update to J2PriceProvider inside a test was not wrapped in act(...).

When testing, code that causes React state updates should be wrapped into act(...):

act(() => {
  /* fire events that update state */
});
/* assert on the output */

This ensures that you're testing the behavior the user would see in the browser. Learn more at https://react.dev/link/wrap-tests-with-act

[90mstderr[2m | src/pages/journal-2-0/JournalLayout.test.jsx[2m > [22m[2mJournalLayout — primary nav[2m > [22m[2mhas no emoji in the nav
[22m[39mAn update to J2PriceProvider inside a test was not wrapped in act(...).

When testing, code that causes React state updates should be wrapped into act(...):

act(() => {
  /* fire events that update state */
});
/* assert on the output */

This ensures that you're testing the behavior the user would see in the browser. Learn more at https://react.dev/link/wrap-tests-with-act

[90mstderr[2m | src/pages/journal-2-0/JournalLayout.test.jsx[2m > [22m[2mJournalLayout — surfaces via nested routes[2m > [22m[2mthe index route renders the Today surface
[22m[39mAn update to J2PriceProvider inside a test was not wrapped in act(...).

When testing, code that causes React state updates should be wrapped into act(...):

act(() => {
  /* fire events that update state */
});
/* assert on the output */

This ensures that you're testing the behavior the user would see in the browser. Learn more at https://react.dev/link/wrap-tests-with-act

[90mstderr[2m | src/pages/journal-2-0/JournalLayout.test.jsx[2m > [22m[2mJournalLayout — surfaces via nested routes[2m > [22m[2mnavigating to Trades renders TradesSurface with the Open segment active
[22m[39mAn update to J2PriceProvider inside a test was not wrapped in act(...).

When testing, code that causes React state updates should be wrapped into act(...):

act(() => {
  /* fire events that update state */
});
/* assert on the output */

This ensures that you're testing the behavior the user would see in the browser. Learn more at https://react.dev/link/wrap-tests-with-act

[90mstderr[2m | src/pages/journal-2-0/JournalLayout.test.jsx[2m > [22m[2mJournalLayout — surfaces via nested routes[2m > [22m[2mTrades ?seg=closed renders the Closed (Trade Journal) segment
[22m[39mAn update to J2PriceProvider inside a test was not wrapped in act(...).

When testing, code that causes React state updates should be wrapped into act(...):

act(() => {
  /* fire events that update state */
});
/* assert on the output */

This ensures that you're testing the behavior the user would see in the browser. Learn more at https://react.dev/link/wrap-tests-with-act

[90mstderr[2m | src/pages/journal-2-0/JournalLayout.test.jsx[2m > [22m[2mJournalLayout — surfaces via nested routes[2m > [22m[2mInsights route renders the Analytics tab
[22m[39mAn update to J2PriceProvider inside a test was not wrapped in act(...).

When testing, code that causes React state updates should be wrapped into act(...):

act(() => {
  /* fire events that update state */
});
/* assert on the output */

This ensures that you're testing the behavior the user would see in the browser. Learn more at https://react.dev/link/wrap-tests-with-act

[90mstderr[2m | src/pages/journal-2-0/JournalLayout.test.jsx[2m > [22m[2mJournalLayout — Compass paid gating[2m > [22m[2mshows Compass as a link when paid
[22m[39mAn update to J2PriceProvider inside a test was not wrapped in act(...).

When testing, code that causes React state updates should be wrapped into act(...):

act(() => {
  /* fire events that update state */
});
/* assert on the output */

This ensures that you're testing the behavior the user would see in the browser. Learn more at https://react.dev/link/wrap-tests-with-act

[90mstderr[2m | src/pages/journal-2-0/JournalLayout.test.jsx[2m > [22m[2mJournalLayout — Compass paid gating[2m > [22m[2mshows Compass as a present-but-disabled teaser when NOT paid (never hidden)
[22m[39mAn update to J2PriceProvider inside a test was not wrapped in act(...).

When testing, code that causes React state updates should be wrapped into act(...):

act(() => {
  /* fire events that update state */
});
/* assert on the output */

This ensures that you're testing the behavior the user would see in the browser. Learn more at https://react.dev/link/wrap-tests-with-act

[90mstderr[2m | src/pages/journal-2-0/JournalLayout.test.jsx[2m > [22m[2mJournalLayout — Compass paid gating[2m > [22m[2mgates the Compass route with a teaser for a free deep-link
[22m[39mAn update to J2PriceProvider inside a test was not wrapped in act(...).

When testing, code that causes React state updates should be wrapped into act(...):

act(() => {
  /* fire events that update state */
});
/* assert on the output */

This ensures that you're testing the behavior the user would see in the browser. Learn more at https://react.dev/link/wrap-tests-with-act

[90mstderr[2m | src/pages/journal-2-0/JournalLayout.test.jsx[2m > [22m[2mJournalLayout — permanent ?j2tab= redirect shim (A3)[2m > [22m[2m/journal?j2tab=analytics&ins=edge redirects to /journal/insights?ins=edge
[22m[39mAn update to J2PriceProvider inside a test was not wrapped in act(...).

When testing, code that causes React state updates should be wrapped into act(...):

act(() => {
  /* fire events that update state */
});
/* assert on the output */

This ensures that you're testing the behavior the user would see in the browser. Learn more at https://react.dev/link/wrap-tests-with-act

[90mstderr[2m | src/pages/journal-2-0/JournalLayout.test.jsx[2m > [22m[2mJournalLayout — permanent ?j2tab= redirect shim (A3)[2m > [22m[2m/journal?j2tab=positions redirects to the Trades / Open segment
[22m[39mAn update to J2PriceProvider inside a test was not wrapped in act(...).

When testing, code that causes React state updates should be wrapped into act(...):

act(() => {
  /* fire events that update state */
});
/* assert on the output */

This ensures that you're testing the behavior the user would see in the browser. Learn more at https://react.dev/link/wrap-tests-with-act

[90mstderr[2m | src/pages/journal-2-0/JournalLayout.test.jsx[2m > [22m[2mJournalLayout — permanent ?j2tab= redirect shim (A3)[2m > [22m[2m/journal?j2tab=notebook&note=abc redirects to the Notebook tab, preserving note
[22m[39mAn update to J2PriceProvider inside a test was not wrapped in act(...).

When testing, code that causes React state updates should be wrapped into act(...):

act(() => {
  /* fire events that update state */
});
/* assert on the output */

This ensures that you're testing the behavior the user would see in the browser. Learn more at https://react.dev/link/wrap-tests-with-act

[90mstderr[2m | src/pages/journal-2-0/JournalLayout.test.jsx[2m > [22m[2mJournalLayout — permanent ?j2tab= redirect shim (A3)[2m > [22m[2m/journal?j2tab=community redirects to the Community route
[22m[39mAn update to J2PriceProvider inside a test was not wrapped in act(...).

When testing, code that causes React state updates should be wrapped into act(...):

act(() => {
  /* fire events that update state */
});
/* assert on the output */

This ensures that you're testing the behavior the user would see in the browser. Learn more at https://react.dev/link/wrap-tests-with-act

[90mstderr[2m | src/pages/journal-2-0/JournalLayout.test.jsx[2m > [22m[2mJournalLayout — permanent ?j2tab= redirect shim (A3)[2m > [22m[2mplain /journal (no j2tab) does NOT redirect — Today renders
[22m[39mAn update to J2PriceProvider inside a test was not wrapped in act(...).

When testing, code that causes React state updates should be wrapped into act(...):

act(() => {
  /* fire events that update state */
});
/* assert on the output */

This ensures that you're testing the behavior the user would see in the browser. Learn more at https://react.dev/link/wrap-tests-with-act

[90mstderr[2m | src/pages/journal-2-0/JournalLayout.test.jsx[2m > [22m[2mJournalLayout — g> navigation hotkeys (A4)[2m > [22m[2mg>y navigates to Insights
[22m[39mAn update to J2PriceProvider inside a test was not wrapped in act(...).

When testing, code that causes React state updates should be wrapped into act(...):

act(() => {
  /* fire events that update state */
});
/* assert on the output */

This ensures that you're testing the behavior the user would see in the browser. Learn more at https://react.dev/link/wrap-tests-with-act

[90mstderr[2m | src/pages/journal-2-0/JournalLayout.test.jsx[2m > [22m[2mJournalLayout — g> navigation hotkeys (A4)[2m > [22m[2mg>c navigates to Community
[22m[39mAn update to J2PriceProvider inside a test was not wrapped in act(...).

When testing, code that causes React state updates should be wrapped into act(...):

act(() => {
  /* fire events that update state */
});
/* assert on the output */

This ensures that you're testing the behavior the user would see in the browser. Learn more at https://react.dev/link/wrap-tests-with-act

[90mstderr[2m | src/pages/journal-2-0/JournalLayout.test.jsx[2m > [22m[2mJournalLayout — g> navigation hotkeys (A4)[2m > [22m[2mg>o (Today) navigates back to /journal from another surface
[22m[39mAn update to J2PriceProvider inside a test was not wrapped in act(...).

When testing, code that causes React state updates should be wrapped into act(...):

act(() => {
  /* fire events that update state */
});
/* assert on the output */

This ensures that you're testing the behavior the user would see in the browser. Learn more at https://react.dev/link/wrap-tests-with-act

[90mstderr[2m | src/pages/journal-2-0/JournalLayout.test.jsx[2m > [22m[2mJournalLayout — g> navigation hotkeys (A4)[2m > [22m[2mg>p navigates to Trades / Open segment
[22m[39mAn update to J2PriceProvider inside a test was not wrapped in act(...).

When testing, code that causes React state updates should be wrapped into act(...):

act(() => {
  /* fire events that update state */
});
/* assert on the output */

This ensures that you're testing the behavior the user would see in the browser. Learn more at https://react.dev/link/wrap-tests-with-act

[90mstderr[2m | src/pages/journal-2-0/JournalLayout.test.jsx[2m > [22m[2mJournalLayout — g> navigation hotkeys (A4)[2m > [22m[2mg>k routes to Compass when paid
[22m[39mAn update to J2PriceProvider inside a test was not wrapped in act(...).

When testing, code that causes React state updates should be wrapped into act(...):

act(() => {
  /* fire events that update state */
});
/* assert on the output */

This ensures that you're testing the behavior the user would see in the browser. Learn more at https://react.dev/link/wrap-tests-with-act

[90mstderr[2m | src/pages/journal-2-0/JournalLayout.test.jsx[2m > [22m[2mJournalLayout — g> navigation hotkeys (A4)[2m > [22m[2mg>k is a no-op for free users (Compass stays locked)
[22m[39mAn update to J2PriceProvider inside a test was not wrapped in act(...).

When testing, code that causes React state updates should be wrapped into act(...):

act(() => {
  /* fire events that update state */
});
/* assert on the output */

This ensures that you're testing the behavior the user would see in the browser. Learn more at https://react.dev/link/wrap-tests-with-act

[90mstderr[2m | src/pages/journal-2-0/JournalLayout.test.jsx[2m > [22m[2mJournalLayout — "+ Log Trade" header action (A5)[2m > [22m[2mrenders a persistent "+ Log Trade" action in the header
[22m[39mAn update to J2PriceProvider inside a test was not wrapped in act(...).

When testing, code that causes React state updates should be wrapped into act(...):

act(() => {
  /* fire events that update state */
});
/* assert on the output */

This ensures that you're testing the behavior the user would see in the browser. Learn more at https://react.dev/link/wrap-tests-with-act

[90mstderr[2m | src/pages/journal-2-0/JournalLayout.test.jsx[2m > [22m[2mJournalLayout — "+ Log Trade" header action (A5)[2m > [22m[2mis present on every surface, not just Today
[22m[39mAn update to J2PriceProvider inside a test was not wrapped in act(...).

When testing, code that causes React state updates should be wrapped into act(...):

act(() => {
  /* fire events that update state */
});
/* assert on the output */

This ensures that you're testing the behavior the user would see in the browser. Learn more at https://react.dev/link/wrap-tests-with-act

[90mstderr[2m | src/pages/journal-2-0/JournalLayout.test.jsx[2m > [22m[2mJournalLayout — "+ Log Trade" header action (A5)[2m > [22m[2mclicking "+ Log Trade" opens a menu with the two log choices
[22m[39mAn update to J2PriceProvider inside a test was not wrapped in act(...).

When testing, code that causes React state updates should be wrapped into act(...):

act(() => {
  /* fire events that update state */
});
/* assert on the output */

This ensures that you're testing the behavior the user would see in the browser. Learn more at https://react.dev/link/wrap-tests-with-act

[90mstderr[2m | src/pages/journal-2-0/JournalLayout.test.jsx[2m > [22m[2mJournalLayout — "+ Log Trade" header action (A5)[2m > [22m[2m"Log open position" opens the AddPositionModal add flow
[22m[39mAn update to J2PriceProvider inside a test was not wrapped in act(...).

When testing, code that causes React state updates should be wrapped into act(...):

act(() => {
  /* fire events that update state */
});
/* assert on the output */

This ensures that you're testing the behavior the user would see in the browser. Learn more at https://react.dev/link/wrap-tests-with-act

[90mstderr[2m | src/pages/journal-2-0/JournalLayout.test.jsx[2m > [22m[2mJournalLayout — "+ Log Trade" header action (A5)[2m > [22m[2m"Log closed trade" opens the AddTradeModal add flow
[22m[39mAn update to J2PriceProvider inside a test was not wrapped in act(...).

When testing, code that causes React state updates should be wrapped into act(...):

act(() => {
  /* fire events that update state */
});
/* assert on the output */

This ensures that you're testing the behavior the user would see in the browser. Learn more at https://react.dev/link/wrap-tests-with-act

[90mstderr[2m | src/pages/journal-2-0/JournalLayout.test.jsx[2m > [22m[2mJournalLayout — "+ Log Trade" header action (A5)[2m > [22m[2mthe add flow closes via the modal onClose
[22m[39mAn update to J2PriceProvider inside a test was not wrapped in act(...).

When testing, code that causes React state updates should be wrapped into act(...):

act(() => {
  /* fire events that update state */
});
/* assert on the output */

This ensures that you're testing the behavior the user would see in the browser. Learn more at https://react.dev/link/wrap-tests-with-act

[90mstderr[2m | src/pages/journal-2-0/JournalLayout.test.jsx[2m > [22m[2mJournalLayout — "+ Log Trade" header action (A5)[2m > [22m[2mthe Log Trade menu uses no emoji
[22m[39mAn update to J2PriceProvider inside a test was not wrapped in act(...).

When testing, code that causes React state updates should be wrapped into act(...):

act(() => {
  /* fire events that update state */
});
/* assert on the output */

This ensures that you're testing the behavior the user would see in the browser. Learn more at https://react.dev/link/wrap-tests-with-act

[90mstderr[2m | src/pages/journal-2-0/JournalLayout.test.jsx[2m > [22m[2mJournalLayout — Community/Accounts overflow (A5)[2m > [22m[2mkeeps the primary nav at exactly the 6 sections (no Community/Accounts)
[22m[39mAn update to J2PriceProvider inside a test was not wrapped in act(...).

When testing, code that causes React state updates should be wrapped into act(...):

act(() => {
  /* fire events that update state */
});
/* assert on the output */

This ensures that you're testing the behavior the user would see in the browser. Learn more at https://react.dev/link/wrap-tests-with-act

[90mstderr[2m | src/pages/journal-2-0/JournalLayout.test.jsx[2m > [22m[2mJournalLayout — Community/Accounts overflow (A5)[2m > [22m[2mthe header exposes a "More" overflow trigger
[22m[39mAn update to J2PriceProvider inside a test was not wrapped in act(...).

When testing, code that causes React state updates should be wrapped into act(...):

act(() => {
  /* fire events that update state */
});
/* assert on the output */

This ensures that you're testing the behavior the user would see in the browser. Learn more at https://react.dev/link/wrap-tests-with-act

[90mstderr[2m | src/pages/journal-2-0/JournalLayout.test.jsx[2m > [22m[2mJournalLayout — Community/Accounts overflow (A5)[2m > [22m[2mthe overflow menu links to both Community and Accounts routes
[22m[39mAn update to J2PriceProvider inside a test was not wrapped in act(...).

When testing, code that causes React state updates should be wrapped into act(...):

act(() => {
  /* fire events that update state */
});
/* assert on the output */

This ensures that you're testing the behavior the user would see in the browser. Learn more at https://react.dev/link/wrap-tests-with-act

[90mstderr[2m | src/pages/journal-2-0/JournalLayout.test.jsx[2m > [22m[2mJournalLayout — Community/Accounts overflow (A5)[2m > [22m[2mclicking Community in the overflow navigates to the Community route
[22m[39mAn update to J2PriceProvider inside a test was not wrapped in act(...).

When testing, code that causes React state updates should be wrapped into act(...):

act(() => {
  /* fire events that update state */
});
/* assert on the output */

This ensures that you're testing the behavior the user would see in the browser. Learn more at https://react.dev/link/wrap-tests-with-act

[90mstderr[2m | src/pages/journal-2-0/JournalLayout.test.jsx[2m > [22m[2mJournalLayout — Community/Accounts overflow (A5)[2m > [22m[2mclicking Accounts in the overflow navigates to the Accounts route
[22m[39mAn update to J2PriceProvider inside a test was not wrapped in act(...).

When testing, code that causes React state updates should be wrapped into act(...):

act(() => {
  /* fire events that update state */
});
/* assert on the output */

This ensures that you're testing the behavior the user would see in the browser. Learn more at https://react.dev/link/wrap-tests-with-act

[90mstderr[2m | src/pages/journal-2-0/JournalLayout.test.jsx[2m > [22m[2mJournalLayout — Community/Accounts overflow (A5)[2m > [22m[2mthe overflow menu uses no emoji
[22m[39mAn update to J2PriceProvider inside a test was not wrapped in act(...).

When testing, code that causes React state updates should be wrapped into act(...):

act(() => {
  /* fire events that update state */
});
/* assert on the output */

This ensures that you're testing the behavior the user would see in the browser. Learn more at https://react.dev/link/wrap-tests-with-act

[90mstderr[2m | src/pages/journal-2-0/JournalLayout.test.jsx[2m > [22m[2mJournalLayout — mobile section nav (B5)[2m > [22m[2mmounts the phone JournalMobileNav alongside the desktop rail
[22m[39mAn update to J2PriceProvider inside a test was not wrapped in act(...).

When testing, code that causes React state updates should be wrapped into act(...):

act(() => {
  /* fire events that update state */
});
/* assert on the output */

This ensures that you're testing the behavior the user would see in the browser. Learn more at https://react.dev/link/wrap-tests-with-act

[90mstderr[2m | src/pages/journal-2-0/JournalLayout.test.jsx[2m > [22m[2mJournalLayout — mobile section nav (B5)[2m > [22m[2mthe mobile nav carries all 6 sections
[22m[39mAn update to J2PriceProvider inside a test was not wrapped in act(...).

When testing, code that causes React state updates should be wrapped into act(...):

act(() => {
  /* fire events that update state */
});
/* assert on the output */

This ensures that you're testing the behavior the user would see in the browser. Learn more at https://react.dev/link/wrap-tests-with-act

[90mstderr[2m | src/pages/journal-2-0/JournalLayout.test.jsx[2m > [22m[2mJournalLayout — mobile section nav (B5)[2m > [22m[2mthe desktop rail is the hide-on-phone class + the mobile nav is hide-on-desktop
[22m[39mAn update to J2PriceProvider inside a test was not wrapped in act(...).

When testing, code that causes React state updates should be wrapped into act(...):

act(() => {
  /* fire events that update state */
});
/* assert on the output */

This ensures that you're testing the behavior the user would see in the browser. Learn more at https://react.dev/link/wrap-tests-with-act

[90mstderr[2m | src/pages/journal-2-0/JournalLayout.test.jsx[2m > [22m[2mJournalLayout — mobile section nav (B5)[2m > [22m[2mthe mobile nav uses no emoji
[22m[39mAn update to J2PriceProvider inside a test was not wrapped in act(...).

When testing, code that causes React state updates should be wrapped into act(...):

act(() => {
  /* fire events that update state */
});
/* assert on the output */

This ensures that you're testing the behavior the user would see in the browser. Learn more at https://react.dev/link/wrap-tests-with-act

[90mstderr[2m | src/pages/journal-2-0/JournalLayout.test.jsx[2m > [22m[2mJournalLayout — mobile quick-log FAB (B5)[2m > [22m[2mmounts a phone quick-log FAB (distinct from the header "+ Log Trade")
[22m[39mAn update to J2PriceProvider inside a test was not wrapped in act(...).

When testing, code that causes React state updates should be wrapped into act(...):

act(() => {
  /* fire events that update state */
});
/* assert on the output */

This ensures that you're testing the behavior the user would see in the browser. Learn more at https://react.dev/link/wrap-tests-with-act

[90mstderr[2m | src/pages/journal-2-0/JournalLayout.test.jsx[2m > [22m[2mJournalLayout — mobile quick-log FAB (B5)[2m > [22m[2mis present on every surface, not just Today
[22m[39mAn update to J2PriceProvider inside a test was not wrapped in act(...).

When testing, code that causes React state updates should be wrapped into act(...):

act(() => {
  /* fire events that update state */
});
/* assert on the output */

This ensures that you're testing the behavior the user would see in the browser. Learn more at https://react.dev/link/wrap-tests-with-act

[90mstderr[2m | src/pages/journal-2-0/JournalLayout.test.jsx[2m > [22m[2mJournalLayout — mobile quick-log FAB (B5)[2m > [22m[2mopens a two-choice add menu that opens the AddPositionModal add flow
[22m[39mAn update to J2PriceProvider inside a test was not wrapped in act(...).

When testing, code that causes React state updates should be wrapped into act(...):

act(() => {
  /* fire events that update state */
});
/* assert on the output */

This ensures that you're testing the behavior the user would see in the browser. Learn more at https://react.dev/link/wrap-tests-with-act

[90mstderr[2m | src/pages/journal-2-0/JournalLayout.test.jsx[2m > [22m[2mJournalLayout — mobile quick-log FAB (B5)[2m > [22m[2mthe "Log closed trade" choice opens the AddTradeModal add flow
[22m[39mAn update to J2PriceProvider inside a test was not wrapped in act(...).

When testing, code that causes React state updates should be wrapped into act(...):

act(() => {
  /* fire events that update state */
});
/* assert on the output */

This ensures that you're testing the behavior the user would see in the browser. Learn more at https://react.dev/link/wrap-tests-with-act

[90mstderr[2m | src/pages/journal-2-0/JournalLayout.test.jsx[2m > [22m[2mJournalLayout — mobile quick-log FAB (B5)[2m > [22m[2mthe FAB + its menu use no emoji
[22m[39mAn update to J2PriceProvider inside a test was not wrapped in act(...).

When testing, code that causes React state updates should be wrapped into act(...):

act(() => {
  /* fire events that update state */
});
/* assert on the output */

This ensures that you're testing the behavior the user would see in the browser. Learn more at https://react.dev/link/wrap-tests-with-act

[90mstderr[2m | src/pages/journal-2-0/JournalLayout.test.jsx[2m > [22m[2mJournalLayout — keyboard shortcuts door (A2R-04)[2m > [22m[2ma plain click still opens it too (regression)
[22m[39mAn update to J2PriceProvider inside a test was not wrapped in act(...).

When testing, code that causes React state updates should be wrapped into act(...):

act(() => {
  /* fire events that update state */
});
/* assert on the output */

This ensures that you're testing the behavior the user would see in the browser. Learn more at https://react.dev/link/wrap-tests-with-act

[90mstderr[2m | src/pages/journal-2-0/lib/askInsertNodes.test.js[2m > [22m[2mappendAskInsert leaves the caret after the answer, never in it (close-out)[2m > [22m[2mdoes not take focus: on the click path focus belongs to the Ask panel
[22m[39mlinkifyjs: already initialized - will not register custom scheme "https" until manual call of linkify.init(). Register all schemes and plugins before invoking linkify the first time.

[90mstderr[2m | src/pages/journal-2-0/JournalLayout.test.jsx[2m > [22m[2mJournalLayout — keyboard shortcuts door (A2R-04)[2m > [22m[2mthe "?" shortcut does NOT fire while typing in a text field (2.1.4)
[22m[39mAn update to J2PriceProvider inside a test was not wrapped in act(...).

When testing, code that causes React state updates should be wrapped into act(...):

act(() => {
  /* fire events that update state */
});
/* assert on the output */

This ensures that you're testing the behavior the user would see in the browser. Learn more at https://react.dev/link/wrap-tests-with-act

[90mstderr[2m | src/hub/sections/journalSection.test.jsx[2m > [22m[2mthe contract[2m > [22m[2mthe tab registers a config that passes validateSectionConfig
[22m[39mAn update to HubProvider inside a test was not wrapped in act(...).

When testing, code that causes React state updates should be wrapped into act(...):

act(() => {
  /* fire events that update state */
});
/* assert on the output */

This ensures that you're testing the behavior the user would see in the browser. Learn more at https://react.dev/link/wrap-tests-with-act

[90mstderr[2m | src/hub/sections/journalSection.test.jsx[2m > [22m[2mthe contract[2m > [22m[2m⛔ the registry mode is spread in, so the chip and fanFor survive
[22m[39mAn update to HubProvider inside a test was not wrapped in act(...).

When testing, code that causes React state updates should be wrapped into act(...):

act(() => {
  /* fire events that update state */
});
/* assert on the output */

This ensures that you're testing the behavior the user would see in the browser. Learn more at https://react.dev/link/wrap-tests-with-act

[90mstderr[2m | src/hub/sections/journalSection.test.jsx[2m > [22m[2mthe contract[2m > [22m[2mthe list adapter reports the rendered items, an identity key and a scrollTo
[22m[39mAn update to HubProvider inside a test was not wrapped in act(...).

When testing, code that causes React state updates should be wrapped into act(...):

act(() => {
  /* fire events that update state */
});
/* assert on the output */

This ensures that you're testing the behavior the user would see in the browser. Learn more at https://react.dev/link/wrap-tests-with-act

[90mstderr[2m | src/hub/sections/journalSection.test.jsx[2m > [22m[2mthe cursor[2m > [22m[2m⛔ walks the RENDERED order, not the array the tab holds
[22m[39mAn update to HubProvider inside a test was not wrapped in act(...).

When testing, code that causes React state updates should be wrapped into act(...):

act(() => {
  /* fire events that update state */
});
/* assert on the output */

This ensures that you're testing the behavior the user would see in the browser. Learn more at https://react.dev/link/wrap-tests-with-act

[90mstderr[2m | src/hub/sections/journalSection.test.jsx[2m > [22m[2mthe cursor[2m > [22m[2mnormalises BOTH surfaces to the bare position id and states which surface it was
[22m[39mAn update to TickerPopup inside a test was not wrapped in act(...).

When testing, code that causes React state updates should be wrapped into act(...):

act(() => {
  /* fire events that update state */
});
/* assert on the output */

This ensures that you're testing the behavior the user would see in the browser. Learn more at https://react.dev/link/wrap-tests-with-act
An update to TickerPopup inside a test was not wrapped in act(...).

When testing, code that causes React state updates should be wrapped into act(...):

act(() => {
  /* fire events that update state */
});
/* assert on the output */

This ensures that you're testing the behavior the user would see in the browser. Learn more at https://react.dev/link/wrap-tests-with-act
An update to HubProvider inside a test was not wrapped in act(...).

When testing, code that causes React state updates should be wrapped into act(...):

act(() => {
  /* fire events that update state */
});
/* assert on the output */

This ensures that you're testing the behavior the user would see in the browser. Learn more at https://react.dev/link/wrap-tests-with-act
An update to TickerPopup inside a test was not wrapped in act(...).

When testing, code that causes React state updates should be wrapped into act(...):

act(() => {
  /* fire events that update state */
});
/* assert on the output */

This ensures that you're testing the behavior the user would see in the browser. Learn more at https://react.dev/link/wrap-tests-with-act
An update to TickerPopup inside a test was not wrapped in act(...).

When testing, code that causes React state updates should be wrapped into act(...):

act(() => {
  /* fire events that update state */
});
/* assert on the output */

This ensures that you're testing the behavior the user would see in the browser. Learn more at https://react.dev/link/wrap-tests-with-act
An update to TickerPopup inside a test was not wrapped in act(...).

When testing, code that causes React state updates should be wrapped into act(...):

act(() => {
  /* fire events that update state */
});
/* assert on the output */

This ensures that you're testing the behavior the user would see in the browser. Learn more at https://react.dev/link/wrap-tests-with-act
An update to TickerPopup inside a test was not wrapped in act(...).

When testing, code that causes React state updates should be wrapped into act(...):

act(() => {
  /* fire events that update state */
});
/* assert on the output */

This ensures that you're testing the behavior the user would see in the browser. Learn more at https://react.dev/link/wrap-tests-with-act
An update to TickerPopup inside a test was not wrapped in act(...).

When testing, code that causes React state updates should be wrapped into act(...):

act(() => {
  /* fire events that update state */
});
/* assert on the output */

This ensures that you're testing the behavior the user would see in the browser. Learn more at https://react.dev/link/wrap-tests-with-act
An update to TickerPopup inside a test was not wrapped in act(...).

When testing, code that causes React state updates should be wrapped into act(...):

act(() => {
  /* fire events that update state */
});
/* assert on the output */

This ensures that you're testing the behavior the user would see in the browser. Learn more at https://react.dev/link/wrap-tests-with-act

[90mstderr[2m | src/hub/sections/journalSection.test.jsx[2m > [22m[2mthe cursor[2m > [22m[2mtap advances, double-tap retreats, and both CLAMP rather than wrap
[22m[39mAn update to HubProvider inside a test was not wrapped in act(...).

When testing, code that causes React state updates should be wrapped into act(...):

act(() => {
  /* fire events that update state */
});
/* assert on the output */

This ensures that you're testing the behavior the user would see in the browser. Learn more at https://react.dev/link/wrap-tests-with-act

[90mstderr[2m | src/hub/sections/journalSection.test.jsx[2m > [22m[2mthe cursor[2m > [22m[2mpaints data-hub-cursor on exactly one carrier at a time
[22m[39mAn update to HubProvider inside a test was not wrapped in act(...).

When testing, code that causes React state updates should be wrapped into act(...):

act(() => {
  /* fire events that update state */
});
/* assert on the output */

This ensures that you're testing the behavior the user would see in the browser. Learn more at https://react.dev/link/wrap-tests-with-act

[90mstderr[2m | src/hub/sections/journalSection.test.jsx[2m > [22m[2mthe scrub — 0.01 steps, clamped so it never crosses entry[2m > [22m[2mdrag UP raises the stop; the readout tracks every step at 2dp
[22m[39mAn update to HubProvider inside a test was not wrapped in act(...).

When testing, code that causes React state updates should be wrapped into act(...):

act(() => {
  /* fire events that update state */
});
/* assert on the output */

This ensures that you're testing the behavior the user would see in the browser. Learn more at https://react.dev/link/wrap-tests-with-act

[90mstderr[2m | src/hub/sections/journalSection.test.jsx[2m > [22m[2mthe scrub — 0.01 steps, clamped so it never crosses entry[2m > [22m[2mdrag DOWN lowers it — the sign is inverted because screen y grows downward
[22m[39mAn update to HubProvider inside a test was not wrapped in act(...).

When testing, code that causes React state updates should be wrapped into act(...):

act(() => {
  /* fire events that update state */
});
/* assert on the output */

This ensures that you're testing the behavior the user would see in the browser. Learn more at https://react.dev/link/wrap-tests-with-act

[90mstderr[2m | src/hub/sections/journalSection.test.jsx[2m > [22m[2mthe scrub — 0.01 steps, clamped so it never crosses entry[2m > [22m[2m⛔ a Long stop clamps ONE TICK below the entry, however far the member drags
[22m[39mAn update to HubProvider inside a test was not wrapped in act(...).

When testing, code that causes React state updates should be wrapped into act(...):

act(() => {
  /* fire events that update state */
});
/* assert on the output */

This ensures that you're testing the behavior the user would see in the browser. Learn more at https://react.dev/link/wrap-tests-with-act

[90mstderr[2m | src/hub/sections/journalSection.test.jsx[2m > [22m[2mthe scrub — 0.01 steps, clamped so it never crosses entry[2m > [22m[2mat rest the readout is the position’s own stop
[22m[39mAn update to HubProvider inside a test was not wrapped in act(...).

When testing, code that causes React state updates should be wrapped into act(...):

act(() => {
  /* fire events that update state */
});
/* assert on the output */

This ensures that you're testing the behavior the user would see in the browser. Learn more at https://react.dev/link/wrap-tests-with-act

[90mstderr[2m | src/hub/sections/journalSection.test.jsx[2m > [22m[2mthe scrub — 0.01 steps, clamped so it never crosses entry[2m > [22m[2ma horizontal move is ignored — the engine reports the dominant axis per move
[22m[39mAn update to HubProvider inside a test was not wrapped in act(...).

When testing, code that causes React state updates should be wrapped into act(...):

act(() => {
  /* fire events that update state */
});
/* assert on the output */

This ensures that you're testing the behavior the user would see in the browser. Learn more at https://react.dev/link/wrap-tests-with-act

[90mstderr[2m | src/hub/sections/journalSection.test.jsx[2m > [22m[2mthe scrub — 0.01 steps, clamped so it never crosses entry[2m > [22m[2m⛔ the R — case: a position with no risk basis narrates the stop and refuses to invent R
[22m[39mAn update to HubProvider inside a test was not wrapped in act(...).

When testing, code that causes React state updates should be wrapped into act(...):

act(() => {
  /* fire events that update state */
});
/* assert on the output */

This ensures that you're testing the behavior the user would see in the browser. Learn more at https://react.dev/link/wrap-tests-with-act

[90mstderr[2m | src/hub/sections/journalSection.test.jsx[2m > [22m[2mthe write — the sheet is the only thing that writes[2m > [22m[2ma release that never moved opens nothing at all
[22m[39mAn update to HubProvider inside a test was not wrapped in act(...).

When testing, code that causes React state updates should be wrapped into act(...):

act(() => {
  /* fire events that update state */
});
/* assert on the output */

This ensures that you're testing the behavior the user would see in the browser. Learn more at https://react.dev/link/wrap-tests-with-act

[90mstderr[2m | src/hub/sections/journalSection.test.jsx[2m > [22m[2m⛔ an OPTION row carries a STRATEGY id — every position action is disabled there[2m > [22m[2mthe cursor may land on it, and the chip reads the row’s own label
[22m[39mAn update to TickerPopup inside a test was not wrapped in act(...).

When testing, code that causes React state updates should be wrapped into act(...):

act(() => {
  /* fire events that update state */
});
/* assert on the output */

This ensures that you're testing the behavior the user would see in the browser. Learn more at https://react.dev/link/wrap-tests-with-act
An update to TickerPopup inside a test was not wrapped in act(...).

When testing, code that causes React state updates should be wrapped into act(...):

act(() => {
  /* fire events that update state */
});
/* assert on the output */

This ensures that you're testing the behavior the user would see in the browser. Learn more at https://react.dev/link/wrap-tests-with-act
An update to TickerPopup inside a test was not wrapped in act(...).

When testing, code that causes React state updates should be wrapped into act(...):

act(() => {
  /* fire events that update state */
});
/* assert on the output */

This ensures that you're testing the behavior the user would see in the browser. Learn more at https://react.dev/link/wrap-tests-with-act
An update to TickerPopup inside a test was not wrapped in act(...).

When testing, code that causes React state updates should be wrapped into act(...):

act(() => {
  /* fire events that update state */
});
/* assert on the output */

This ensures that you're testing the behavior the user would see in the browser. Learn more at https://react.dev/link/wrap-tests-with-act
An update to TickerPopup inside a test was not wrapped in act(...).

When testing, code that causes React state updates should be wrapped into act(...):

act(() => {
  /* fire events that update state */
});
/* assert on the output */

This ensures that you're testing the behavior the user would see in the browser. Learn more at https://react.dev/link/wrap-tests-with-act
An update to TickerPopup inside a test was not wrapped in act(...).

When testing, code that causes React state updates should be wrapped into act(...):

act(() => {
  /* fire events that update state */
});
/* assert on the output */

This ensures that you're testing the behavior the user would see in the browser. Learn more at https://react.dev/link/wrap-tests-with-act
An update to TickerPopup inside a test was not wrapped in act(...).

When testing, code that causes React state updates should be wrapped into act(...):

act(() => {
  /* fire events that update state */
});
/* assert on the output */

This ensures that you're testing the behavior the user would see in the browser. Learn more at https://react.dev/link/wrap-tests-with-act
An update to TickerPopup inside a test was not wrapped in act(...).

When testing, code that causes React state updates should be wrapped into act(...):

act(() => {
  /* fire events that update state */
});
/* assert on the output */

This ensures that you're testing the behavior the user would see in the browser. Learn more at https://react.dev/link/wrap-tests-with-act
An update to TickerPopup inside a test was not wrapped in act(...).

When testing, code that causes React state updates should be wrapped into act(...):

act(() => {
  /* fire events that update state */
});
/* assert on the output */

This ensures that you're testing the behavior the user would see in the browser. Learn more at https://react.dev/link/wrap-tests-with-act
An update to TickerPopup inside a test was not wrapped in act(...).

When testing, code that causes React state updates should be wrapped into act(...):

act(() => {
  /* fire events that update state */
});
/* assert on the output */

This ensures that you're testing the behavior the user would see in the browser. Learn more at https://react.dev/link/wrap-tests-with-act
An update to TickerPopup inside a test was not wrapped in act(...).

When testing, code that causes React state updates should be wrapped into act(...):

act(() => {
  /* fire events that update state */
});
/* assert on the output */

This ensures that you're testing the behavior the user would see in the browser. Learn more at https://react.dev/link/wrap-tests-with-act
An update to TickerPopup inside a test was not wrapped in act(...).

When testing, code that causes React state updates should be wrapped into act(...):

act(() => {
  /* fire events that update state */
});
/* assert on the output */

This ensures that you're testing the behavior the user would see in the browser. Learn more at https://react.dev/link/wrap-tests-with-act
An update to HubProvider inside a test was not wrapped in act(...).

When testing, code that causes React state updates should be wrapped into act(...):

act(() => {
  /* fire events that update state */
});
/* assert on the output */

This ensures that you're testing the behavior the user would see in the browser. Learn more at https://react.dev/link/wrap-tests-with-act

[90mstderr[2m | src/hub/sections/journalSection.test.jsx[2m > [22m[2m⛔ an OPTION row carries a STRATEGY id — every position action is disabled there[2m > [22m[2mit publishes NO selectedPosition, which is what disables every requires:"position" bubble
[22m[39mAn update to TickerPopup inside a test was not wrapped in act(...).

When testing, code that causes React state updates should be wrapped into act(...):

act(() => {
  /* fire events that update state */
});
/* assert on the output */

This ensures that you're testing the behavior the user would see in the browser. Learn more at https://react.dev/link/wrap-tests-with-act
An update to TickerPopup inside a test was not wrapped in act(...).

When testing, code that causes React state updates should be wrapped into act(...):

act(() => {
  /* fire events that update state */
});
/* assert on the output */

This ensures that you're testing the behavior the user would see in the browser. Learn more at https://react.dev/link/wrap-tests-with-act
An update to TickerPopup inside a test was not wrapped in act(...).

When testing, code that causes React state updates should be wrapped into act(...):

act(() => {
  /* fire events that update state */
});
/* assert on the output */

This ensures that you're testing the behavior the user would see in the browser. Learn more at https://react.dev/link/wrap-tests-with-act
An update to TickerPopup inside a test was not wrapped in act(...).

When testing, code that causes React state updates should be wrapped into act(...):

act(() => {
  /* fire events that update state */
});
/* assert on the output */

This ensures that you're testing the behavior the user would see in the browser. Learn more at https://react.dev/link/wrap-tests-with-act
An update to TickerPopup inside a test was not wrapped in act(...).

When testing, code that causes React state updates should be wrapped into act(...):

act(() => {
  /* fire events that update state */
});
/* assert on the output */

This ensures that you're testing the behavior the user would see in the browser. Learn more at https://react.dev/link/wrap-tests-with-act
An update to TickerPopup inside a test was not wrapped in act(...).

When testing, code that causes React state updates should be wrapped into act(...):

act(() => {
  /* fire events that update state */
});
/* assert on the output */

This ensures that you're testing the behavior the user would see in the browser. Learn more at https://react.dev/link/wrap-tests-with-act
An update to TickerPopup inside a test was not wrapped in act(...).

When testing, code that causes React state updates should be wrapped into act(...):

act(() => {
  /* fire events that update state */
});
/* assert on the output */

This ensures that you're testing the behavior the user would see in the browser. Learn more at https://react.dev/link/wrap-tests-with-act
An update to TickerPopup inside a test was not wrapped in act(...).

When testing, code that causes React state updates should be wrapped into act(...):

act(() => {
  /* fire events that update state */
});
/* assert on the output */

This ensures that you're testing the behavior the user would see in the browser. Learn more at https://react.dev/link/wrap-tests-with-act
An update to TickerPopup inside a test was not wrapped in act(...).

When testing, code that causes React state updates should be wrapped into act(...):

act(() => {
  /* fire events that update state */
});
/* assert on the output */

This ensures that you're testing the behavior the user would see in the browser. Learn more at https://react.dev/link/wrap-tests-with-act
An update to TickerPopup inside a test was not wrapped in act(...).

When testing, code that causes React state updates should be wrapped into act(...):

act(() => {
  /* fire events that update state */
});
/* assert on the output */

This ensures that you're testing the behavior the user would see in the browser. Learn more at https://react.dev/link/wrap-tests-with-act
An update to TickerPopup inside a test was not wrapped in act(...).

When testing, code that causes React state updates should be wrapped into act(...):

act(() => {
  /* fire events that update state */
});
/* assert on the output */

This ensures that you're testing the behavior the user would see in the browser. Learn more at https://react.dev/link/wrap-tests-with-act
An update to TickerPopup inside a test was not wrapped in act(...).

When testing, code that causes React state updates should be wrapped into act(...):

act(() => {
  /* fire events that update state */
});
/* assert on the output */

This ensures that you're testing the behavior the user would see in the browser. Learn more at https://react.dev/link/wrap-tests-with-act
An update to HubProvider inside a test was not wrapped in act(...).

When testing, code that causes React state updates should be wrapped into act(...):

act(() => {
  /* fire events that update state */
});
/* assert on the output */

This ensures that you're testing the behavior the user would see in the browser. Learn more at https://react.dev/link/wrap-tests-with-act

[90mstderr[2m | src/hub/sections/journalSection.test.jsx[2m > [22m[2m⛔ an OPTION row carries a STRATEGY id — every position action is disabled there[2m > [22m[2ma scrub on an option row proposes nothing and opens nothing
[22m[39mAn update to TickerPopup inside a test was not wrapped in act(...).

When testing, code that causes React state updates should be wrapped into act(...):

act(() => {
  /* fire events that update state */
});
/* assert on the output */

This ensures that you're testing the behavior the user would see in the browser. Learn more at https://react.dev/link/wrap-tests-with-act
An update to TickerPopup inside a test was not wrapped in act(...).

When testing, code that causes React state updates should be wrapped into act(...):

act(() => {
  /* fire events that update state */
});
/* assert on the output */

This ensures that you're testing the behavior the user would see in the browser. Learn more at https://react.dev/link/wrap-tests-with-act
An update to TickerPopup inside a test was not wrapped in act(...).

When testing, code that causes React state updates should be wrapped into act(...):

act(() => {
  /* fire events that update state */
});
/* assert on the output */

This ensures that you're testing the behavior the user would see in the browser. Learn more at https://react.dev/link/wrap-tests-with-act
An update to TickerPopup inside a test was not wrapped in act(...).

When testing, code that causes React state updates should be wrapped into act(...):

act(() => {
  /* fire events that update state */
});
/* assert on the output */

This ensures that you're testing the behavior the user would see in the browser. Learn more at https://react.dev/link/wrap-tests-with-act
An update to TickerPopup inside a test was not wrapped in act(...).

When testing, code that causes React state updates should be wrapped into act(...):

act(() => {
  /* fire events that update state */
});
/* assert on the output */

This ensures that you're testing the behavior the user would see in the browser. Learn more at https://react.dev/link/wrap-tests-with-act
An update to TickerPopup inside a test was not wrapped in act(...).

When testing, code that causes React state updates should be wrapped into act(...):

act(() => {
  /* fire events that update state */
});
/* assert on the output */

This ensures that you're testing the behavior the user would see in the browser. Learn more at https://react.dev/link/wrap-tests-with-act
An update to TickerPopup inside a test was not wrapped in act(...).

When testing, code that causes React state updates should be wrapped into act(...):

act(() => {
  /* fire events that update state */
});
/* assert on the output */

This ensures that you're testing the behavior the user would see in the browser. Learn more at https://react.dev/link/wrap-tests-with-act
An update to TickerPopup inside a test was not wrapped in act(...).

When testing, code that causes React state updates should be wrapped into act(...):

act(() => {
  /* fire events that update state */
});
/* assert on the output */

This ensures that you're testing the behavior the user would see in the browser. Learn more at https://react.dev/link/wrap-tests-with-act
An update to TickerPopup inside a test was not wrapped in act(...).

When testing, code that causes React state updates should be wrapped into act(...):

act(() => {
  /* fire events that update state */
});
/* assert on the output */

This ensures that you're testing the behavior the user would see in the browser. Learn more at https://react.dev/link/wrap-tests-with-act
An update to TickerPopup inside a test was not wrapped in act(...).

When testing, code that causes React state updates should be wrapped into act(...):

act(() => {
  /* fire events that update state */
});
/* assert on the output */

This ensures that you're testing the behavior the user would see in the browser. Learn more at https://react.dev/link/wrap-tests-with-act
An update to TickerPopup inside a test was not wrapped in act(...).

When testing, code that causes React state updates should be wrapped into act(...):

act(() => {
  /* fire events that update state */
});
/* assert on the output */

This ensures that you're testing the behavior the user would see in the browser. Learn more at https://react.dev/link/wrap-tests-with-act
An update to TickerPopup inside a test was not wrapped in act(...).

When testing, code that causes React state updates should be wrapped into act(...):

act(() => {
  /* fire events that update state */
});
/* assert on the output */

This ensures that you're testing the behavior the user would see in the browser. Learn more at https://react.dev/link/wrap-tests-with-act
An update to HubProvider inside a test was not wrapped in act(...).

When testing, code that causes React state updates should be wrapped into act(...):

act(() => {
  /* fire events that update state */
});
/* assert on the output */

This ensures that you're testing the behavior the user would see in the browser. Learn more at https://react.dev/link/wrap-tests-with-act

[90mstderr[2m | src/components/chart/ChartSettingsModal.displayIn.test.jsx[2m > [22m[2mwhere the control appears[2m > [22m[2m⭐ a direct series row has one, with an accessible label
[22m[39mAn update to ChartSettingsModal inside a test was not wrapped in act(...).

When testing, code that causes React state updates should be wrapped into act(...):

act(() => {
  /* fire events that update state */
});
/* assert on the output */

This ensures that you're testing the behavior the user would see in the browser. Learn more at https://react.dev/link/wrap-tests-with-act

[90mstderr[2m | src/components/chart/ChartSettingsModal.displayIn.test.jsx[2m > [22m[2mwhere the control appears[2m > [22m[2m⛔⛔ A FIXTURE GAINS NOTHING — derived, exactly as the summary's silence is
[22m[39mAn update to ChartSettingsModal inside a test was not wrapped in act(...).

When testing, code that causes React state updates should be wrapped into act(...):

act(() => {
  /* fire events that update state */
});
/* assert on the output */

This ensures that you're testing the behavior the user would see in the browser. Learn more at https://react.dev/link/wrap-tests-with-act

[90mstderr[2m | src/components/chart/ChartSettingsModal.displayIn.test.jsx[2m > [22m[2mthe options are the canonical helper's, verbatim[2m > [22m[2m⭐⭐ value-for-value and label-for-label, after the Automatic row
[22m[39mAn update to ChartSettingsModal inside a test was not wrapped in act(...).

When testing, code that causes React state updates should be wrapped into act(...):

act(() => {
  /* fire events that update state */
});
/* assert on the output */

This ensures that you're testing the behavior the user would see in the browser. Learn more at https://react.dev/link/wrap-tests-with-act

[90mstderr[2m | src/components/chart/ChartSettingsModal.displayIn.test.jsx[2m > [22m[2mthe options are the canonical helper's, verbatim[2m > [22m[2m⭐⭐ AUTOMATIC IS THE SELECTED ROW UNTIL THE MEMBER CHOOSES, AND AGAIN AFTER
[22m[39mAn update to ChartSettingsModal inside a test was not wrapped in act(...).

When testing, code that causes React state updates should be wrapped into act(...):

act(() => {
  /* fire events that update state */
});
/* assert on the output */

This ensures that you're testing the behavior the user would see in the browser. Learn more at https://react.dev/link/wrap-tests-with-act

[90mstderr[2m | src/components/chart/ChartSettingsModal.displayIn.test.jsx[2m > [22m[2mthe options are the canonical helper's, verbatim[2m > [22m[2m⭐ the CURRENT target is the selected one
[22m[39mAn update to ChartSettingsModal inside a test was not wrapped in act(...).

When testing, code that causes React state updates should be wrapped into act(...):

act(() => {
  /* fire events that update state */
});
/* assert on the output */

This ensures that you're testing the behavior the user would see in the browser. Learn more at https://react.dev/link/wrap-tests-with-act

[90mstderr[2m | src/components/chart/ChartSettingsModal.displayIn.test.jsx[2m > [22m[2mthe options are the canonical helper's, verbatim[2m > [22m[2m⛔⛔ AN INSTANCE IS NEVER OFFERED ITSELF
[22m[39mAn update to ChartSettingsModal inside a test was not wrapped in act(...).

When testing, code that causes React state updates should be wrapped into act(...):

act(() => {
  /* fire events that update state */
});
/* assert on the output */

This ensures that you're testing the behavior the user would see in the browser. Learn more at https://react.dev/link/wrap-tests-with-act

[90mstderr[2m | src/components/chart/ChartSettingsModal.displayIn.test.jsx[2m > [22m[2mthe options are the canonical helper's, verbatim[2m > [22m[2m⭐⭐ DUPLICATE HOSTS ARE DISTINGUISHABLE, by the chart's own names
[22m[39mAn update to ChartSettingsModal inside a test was not wrapped in act(...).

When testing, code that causes React state updates should be wrapped into act(...):

act(() => {
  /* fire events that update state */
});
/* assert on the output */

This ensures that you're testing the behavior the user would see in the browser. Learn more at https://react.dev/link/wrap-tests-with-act

[90mstderr[2m | src/components/chart/ChartSettingsModal.displayIn.test.jsx[2m > [22m[2mthe live loop — editor writes, summary reports[2m > [22m[2m⭐⭐ OWN PANE → QQQ → OWN PANE, with the PANE MAP following each time
[22m[39mAn update to ChartSettingsModal inside a test was not wrapped in act(...).

When testing, code that causes React state updates should be wrapped into act(...):

act(() => {
  /* fire events that update state */
});
/* assert on the output */

This ensures that you're testing the behavior the user would see in the browser. Learn more at https://react.dev/link/wrap-tests-with-act

[90mstderr[2m | src/components/chart/ChartSettingsModal.displayIn.test.jsx[2m > [22m[2mthe live loop — editor writes, summary reports[2m > [22m[2m⭐ the write goes through the canonical writer, into placement.target
[22m[39mAn update to ChartSettingsModal inside a test was not wrapped in act(...).

When testing, code that causes React state updates should be wrapped into act(...):

act(() => {
  /* fire events that update state */
});
/* assert on the output */

This ensures that you're testing the behavior the user would see in the browser. Learn more at https://react.dev/link/wrap-tests-with-act

[90mstderr[2m | src/components/chart/ChartSettingsModal.displayIn.test.jsx[2m > [22m[2man orphaned target stays honest[2m > [22m[2m⭐⭐ the PANE HEADING says needs attention and the CONTROL says unavailable
[22m[39mAn update to ChartSettingsModal inside a test was not wrapped in act(...).

When testing, code that causes React state updates should be wrapped into act(...):

act(() => {
  /* fire events that update state */
});
/* assert on the output */

This ensures that you're testing the behavior the user would see in the browser. Learn more at https://react.dev/link/wrap-tests-with-act

[90mstderr[2m | src/components/chart/ChartSettingsModal.displayIn.test.jsx[2m > [22m[2man orphaned target stays honest[2m > [22m[2m⛔ …and that option is not a DESTINATION — it is disabled
[22m[39mAn update to ChartSettingsModal inside a test was not wrapped in act(...).

When testing, code that causes React state updates should be wrapped into act(...):

act(() => {
  /* fire events that update state */
});
/* assert on the output */

This ensures that you're testing the behavior the user would see in the browser. Learn more at https://react.dev/link/wrap-tests-with-act

[90mstderr[2m | src/components/chart/ChartSettingsModal.displayIn.test.jsx[2m > [22m[2man orphaned target stays honest[2m > [22m[2m⛔⛔ NO SILENT RECONNECT — a NEW QQQ does not adopt the orphan
[22m[39mAn update to ChartSettingsModal inside a test was not wrapped in act(...).

When testing, code that causes React state updates should be wrapped into act(...):

act(() => {
  /* fire events that update state */
});
/* assert on the output */

This ensures that you're testing the behavior the user would see in the browser. Learn more at https://react.dev/link/wrap-tests-with-act

[90mstderr[2m | src/components/chart/ChartSettingsModal.displayIn.test.jsx[2m > [22m[2man orphaned target stays honest[2m > [22m[2m⭐⭐ AND AN EXPLICIT CHOICE REPAIRS IT
[22m[39mAn update to ChartSettingsModal inside a test was not wrapped in act(...).

When testing, code that causes React state updates should be wrapped into act(...):

act(() => {
  /* fire events that update state */
});
/* assert on the output */

This ensures that you're testing the behavior the user would see in the browser. Learn more at https://react.dev/link/wrap-tests-with-act

[90mstderr[2m | src/components/chart/ChartSettingsModal.displayIn.test.jsx[2m > [22m[2ma derived series places like any other[2m > [22m[2m⭐ MA over a symbol can be sent to a pane, and its NAME follows the pane
[22m[39mAn update to ChartSettingsModal inside a test was not wrapped in act(...).

When testing, code that causes React state updates should be wrapped into act(...):

act(() => {
  /* fire events that update state */
});
/* assert on the output */

This ensures that you're testing the behavior the user would see in the browser. Learn more at https://react.dev/link/wrap-tests-with-act

[90mstderr[2m | src/pages/journal-2-0/components/notebook/ResearchHome.sample.test.jsx[2m > [22m[2mthe first-run screen[2m > [22m[2moffers the sample and the tour to a paid member when the gate is on
[22m[39mAn update to ResearchHome inside a test was not wrapped in act(...).

When testing, code that causes React state updates should be wrapped into act(...):

act(() => {
  /* fire events that update state */
});
/* assert on the output */

This ensures that you're testing the behavior the user would see in the browser. Learn more at https://react.dev/link/wrap-tests-with-act

[90mstderr[2m | src/pages/journal-2-0/components/notebook/ResearchHome.sample.test.jsx[2m > [22m[2mthe first-run screen[2m > [22m[2moffers neither while the gate is off (nor before any flag has latched)
[22m[39mAn update to ResearchHome inside a test was not wrapped in act(...).

When testing, code that causes React state updates should be wrapped into act(...):

act(() => {
  /* fire events that update state */
});
/* assert on the output */

This ensures that you're testing the behavior the user would see in the browser. Learn more at https://react.dev/link/wrap-tests-with-act
An update to ResearchHome inside a test was not wrapped in act(...).

When testing, code that causes React state updates should be wrapped into act(...):

act(() => {
  /* fire events that update state */
});
/* assert on the output */

This ensures that you're testing the behavior the user would see in the browser. Learn more at https://react.dev/link/wrap-tests-with-act

[90mstderr[2m | src/pages/journal-2-0/components/notebook/ResearchHome.sample.test.jsx[2m > [22m[2mthe first-run screen[2m > [22m[2man unpaid member gets the tour but not the sample
[22m[39mAn update to ResearchHome inside a test was not wrapped in act(...).

When testing, code that causes React state updates should be wrapped into act(...):

act(() => {
  /* fire events that update state */
});
/* assert on the output */

This ensures that you're testing the behavior the user would see in the browser. Learn more at https://react.dev/link/wrap-tests-with-act

[90mstderr[2m | src/pages/journal-2-0/components/notebook/ResearchHome.sample.test.jsx[2m > [22m[2mthe first-run screen[2m > [22m[2m"Take the tour" asks the tour to open
[22m[39mAn update to ResearchHome inside a test was not wrapped in act(...).

When testing, code that causes React state updates should be wrapped into act(...):

act(() => {
  /* fire events that update state */
});
/* assert on the output */

This ensures that you're testing the behavior the user would see in the browser. Learn more at https://react.dev/link/wrap-tests-with-act

[90mstderr[2m | src/hub/sections/notebookSection.test.jsx[2m > [22m[2mQ5 — off the Notebook route, the controller does nothing[2m > [22m[2m⛔ off-route it registers no mode and reads no cards
[22m[39mAn update to HubProvider inside a test was not wrapped in act(...).

When testing, code that causes React state updates should be wrapped into act(...):

act(() => {
  /* fire events that update state */
});
/* assert on the output */

This ensures that you're testing the behavior the user would see in the browser. Learn more at https://react.dev/link/wrap-tests-with-act

[90mstderr[2m | src/hub/sections/notebookSection.test.jsx[2m > [22m[2mQ5 — off the Notebook route, the controller does nothing[2m > [22m[2mon-route it reads the cards that are there
[22m[39mAn update to HubProvider inside a test was not wrapped in act(...).

When testing, code that causes React state updates should be wrapped into act(...):

act(() => {
  /* fire events that update state */
});
/* assert on the output */

This ensures that you're testing the behavior the user would see in the browser. Learn more at https://react.dev/link/wrap-tests-with-act

[90mstderr[2m | src/hub/sections/notebookSection.test.jsx[2m > [22m[2mopening a note writes the URL[2m > [22m[2m⛔ through applyTargetToParams, so a stale doc/page cannot survive
[22m[39mAn update to HubProvider inside a test was not wrapped in act(...).

When testing, code that causes React state updates should be wrapped into act(...):

act(() => {
  /* fire events that update state */
});
/* assert on the output */

This ensures that you're testing the behavior the user would see in the browser. Learn more at https://react.dev/link/wrap-tests-with-act

[90mstderr[2m | src/hub/sections/notebookSection.test.jsx[2m > [22m[2mopening a note writes the URL[2m > [22m[2mopening nothing writes nothing
[22m[39mAn update to HubProvider inside a test was not wrapped in act(...).

When testing, code that causes React state updates should be wrapped into act(...):

act(() => {
  /* fire events that update state */
});
/* assert on the output */

This ensures that you're testing the behavior the user would see in the browser. Learn more at https://react.dev/link/wrap-tests-with-act

[90mstderr[2m | src/hub/sections/notebookSection.test.jsx[2m > [22m[2mB11 — the cursor is painted, and tap advances it[2m > [22m[2m⛔ exactly ONE card carries data-hub-cursor, and it is the one the index names
[22m[39mAn update to HubProvider inside a test was not wrapped in act(...).

When testing, code that causes React state updates should be wrapped into act(...):

act(() => {
  /* fire events that update state */
});
/* assert on the output */

This ensures that you're testing the behavior the user would see in the browser. Learn more at https://react.dev/link/wrap-tests-with-act

[90mstderr[2m | src/hub/sections/notebookSection.test.jsx[2m > [22m[2mB11 — the cursor is painted, and tap advances it[2m > [22m[2madvancing moves the paint, and never paints two at once
[22m[39mAn update to HubProvider inside a test was not wrapped in act(...).

When testing, code that causes React state updates should be wrapped into act(...):

act(() => {
  /* fire events that update state */
});
/* assert on the output */

This ensures that you're testing the behavior the user would see in the browser. Learn more at https://react.dev/link/wrap-tests-with-act

[90mstderr[2m | src/hub/sections/notebookSection.test.jsx[2m > [22m[2mB11 — the cursor is painted, and tap advances it[2m > [22m[2m⛔ tap ADVANCES and OPENS THE NOTE IT LANDS ON — the registry promises "tap: next note"
[22m[39mAn update to HubProvider inside a test was not wrapped in act(...).

When testing, code that causes React state updates should be wrapped into act(...):

act(() => {
  /* fire events that update state */
});
/* assert on the output */

This ensures that you're testing the behavior the user would see in the browser. Learn more at https://react.dev/link/wrap-tests-with-act

[90mstderr[2m | src/hub/sections/notebookSection.test.jsx[2m > [22m[2mB11 — the cursor is painted, and tap advances it[2m > [22m[2m⛔ D-43 — double-tap REVERSES and opens the PREVIOUS note, which spec §C3 has always promised
[22m[39mAn update to HubProvider inside a test was not wrapped in act(...).

When testing, code that causes React state updates should be wrapped into act(...):

act(() => {
  /* fire events that update state */
});
/* assert on the output */

This ensures that you're testing the behavior the user would see in the browser. Learn more at https://react.dev/link/wrap-tests-with-act

[90mstderr[2m | src/hub/sections/notebookSection.test.jsx[2m > [22m[2mB11 — the cursor is painted, and tap advances it[2m > [22m[2m⛔ the REGISTERED config satisfies `contracts.js`, Reverse included
[22m[39mAn update to HubProvider inside a test was not wrapped in act(...).

When testing, code that causes React state updates should be wrapped into act(...):

act(() => {
  /* fire events that update state */
});
/* assert on the output */

This ensures that you're testing the behavior the user would see in the browser. Learn more at https://react.dev/link/wrap-tests-with-act

[90mstderr[2m | src/hub/sections/notebookSection.test.jsx[2m > [22m[2mB11 — the cursor is painted, and tap advances it[2m > [22m[2man empty grid paints nothing and does not throw
[22m[39mAn update to HubProvider inside a test was not wrapped in act(...).

When testing, code that causes React state updates should be wrapped into act(...):

act(() => {
  /* fire events that update state */
});
/* assert on the output */

This ensures that you're testing the behavior the user would see in the browser. Learn more at https://react.dev/link/wrap-tests-with-act

[90mstderr[2m | src/hub/sections/notebookSection.test.jsx[2m > [22m[2m⛔ the list identity is the FILTER, not the selection[2m > [22m[2mopening a note does NOT reset the cursor — the bug that made tap useless
[22m[39mAn update to HubProvider inside a test was not wrapped in act(...).

When testing, code that causes React state updates should be wrapped into act(...):

act(() => {
  /* fire events that update state */
});
/* assert on the output */

This ensures that you're testing the behavior the user would see in the browser. Learn more at https://react.dev/link/wrap-tests-with-act

[90mstderr[2m | src/hub/sections/notebookSection.test.jsx[2m > [22m[2m⛔ the list identity is the FILTER, not the selection[2m > [22m[2mchanging the FILTER does reset it — a different folder is a different list
[22m[39mAn update to HubProvider inside a test was not wrapped in act(...).

When testing, code that causes React state updates should be wrapped into act(...):

act(() => {
  /* fire events that update state */
});
/* assert on the output */

This ensures that you're testing the behavior the user would see in the browser. Learn more at https://react.dev/link/wrap-tests-with-act
An update to HubProvider inside a test was not wrapped in act(...).

When testing, code that causes React state updates should be wrapped into act(...):

act(() => {
  /* fire events that update state */
});
/* assert on the output */

This ensures that you're testing the behavior the user would see in the browser. Learn more at https://react.dev/link/wrap-tests-with-act

[90mstderr[2m | src/pages/screener/ScreensManager.door.test.jsx[2m > [22m[2mthe authoring door[2m > [22m[2mclosing the sheet leaves nothing mounted
[22m[39mAn update to ScreensManager inside a test was not wrapped in act(...).

When testing, code that causes React state updates should be wrapped into act(...):

act(() => {
  /* fire events that update state */
});
/* assert on the output */

This ensures that you're testing the behavior the user would see in the browser. Learn more at https://react.dev/link/wrap-tests-with-act

[90mstderr[2m | src/pages/screener/ScreensManager.door.test.jsx[2m > [22m[2mthe authoring door[2m > [22m[2monSaved closes the sheet and opens the NEW scan's detail
[22m[39mAn update to ScreensManager inside a test was not wrapped in act(...).

When testing, code that causes React state updates should be wrapped into act(...):

act(() => {
  /* fire events that update state */
});
/* assert on the output */

This ensures that you're testing the behavior the user would see in the browser. Learn more at https://react.dev/link/wrap-tests-with-act
An update to ScreensManager inside a test was not wrapped in act(...).

When testing, code that causes React state updates should be wrapped into act(...):

act(() => {
  /* fire events that update state */
});
/* assert on the output */

This ensures that you're testing the behavior the user would see in the browser. Learn more at https://react.dev/link/wrap-tests-with-act
An update to ScreensManager inside a test was not wrapped in act(...).

When testing, code that causes React state updates should be wrapped into act(...):

act(() => {
  /* fire events that update state */
});
/* assert on the output */

This ensures that you're testing the behavior the user would see in the browser. Learn more at https://react.dev/link/wrap-tests-with-act

[90mstderr[2m | src/pages/screener/ScreensManager.door.test.jsx[2m > [22m[2mthe authoring door[2m > [22m[2ma save that names no row still closes the sheet and opens nothing
[22m[39mAn update to ScreensManager inside a test was not wrapped in act(...).

When testing, code that causes React state updates should be wrapped into act(...):

act(() => {
  /* fire events that update state */
});
/* assert on the output */

This ensures that you're testing the behavior the user would see in the browser. Learn more at https://react.dev/link/wrap-tests-with-act

[90mstderr[2m | src/pages/journal-2-0/a11y/silentFailures.test.jsx[2m > [22m[2ma failed WRITE is said, and stays said[2m > [22m[2mfavorite: the star goes back AND a sentence says the note was not added
[22m[39mflushSync was called from inside a lifecycle method. React cannot flush when React is already rendering. Consider moving this call to a scheduler task or micro task.
flushSync was called from inside a lifecycle method. React cannot flush when React is already rendering. Consider moving this call to a scheduler task or micro task.
flushSync was called from inside a lifecycle method. React cannot flush when React is already rendering. Consider moving this call to a scheduler task or micro task.

[90mstderr[2m | src/pages/journal-2-0/a11y/silentFailures.test.jsx[2m > [22m[2ma failed WRITE is said, and stays said[2m > [22m[2mfavorite: the star goes back AND a sentence says the note was not added
[22m[39mlinkifyjs: already initialized - will not register custom scheme "https" until manual call of linkify.init(). Register all schemes and plugins before invoking linkify the first time.

[90mstderr[2m | src/pages/journal-2-0/a11y/silentFailures.test.jsx[2m > [22m[2ma failed WRITE is said, and stays said[2m > [22m[2mfavorite: the star goes back AND a sentence says the note was not added
[22m[39mAn update to Root inside a test was not wrapped in act(...).

When testing, code that causes React state updates should be wrapped into act(...):

act(() => {
  /* fire events that update state */
});
/* assert on the output */

This ensures that you're testing the behavior the user would see in the browser. Learn more at https://react.dev/link/wrap-tests-with-act

[90mstderr[2m | src/pages/journal-2-0/a11y/silentFailures.test.jsx[2m > [22m[2ma failed WRITE is said, and stays said[2m > [22m[2madd-tag: a sentence says the tag was not added, and the typed tag is given back
[22m[39mflushSync was called from inside a lifecycle method. React cannot flush when React is already rendering. Consider moving this call to a scheduler task or micro task.
flushSync was called from inside a lifecycle method. React cannot flush when React is already rendering. Consider moving this call to a scheduler task or micro task.
flushSync was called from inside a lifecycle method. React cannot flush when React is already rendering. Consider moving this call to a scheduler task or micro task.

[90mstderr[2m | src/pages/journal-2-0/a11y/silentFailures.test.jsx[2m > [22m[2ma failed WRITE is said, and stays said[2m > [22m[2madd-tag: a sentence says the tag was not added, and the typed tag is given back
[22m[39mAn update to Root inside a test was not wrapped in act(...).

When testing, code that causes React state updates should be wrapped into act(...):

act(() => {
  /* fire events that update state */
});
/* assert on the output */

This ensures that you're testing the behavior the user would see in the browser. Learn more at https://react.dev/link/wrap-tests-with-act

[90mstderr[2m | src/pages/journal-2-0/a11y/silentFailures.test.jsx[2m > [22m[2ma failed WRITE is said, and stays said[2m > [22m[2mthe note-body autosave PUT (the secondary write add-tag also drives): a forced-offline retry says a real sentence, not just "Reconnecting…"
[22m[39mflushSync was called from inside a lifecycle method. React cannot flush when React is already rendering. Consider moving this call to a scheduler task or micro task.
flushSync was called from inside a lifecycle method. React cannot flush when React is already rendering. Consider moving this call to a scheduler task or micro task.
flushSync was called from inside a lifecycle method. React cannot flush when React is already rendering. Consider moving this call to a scheduler task or micro task.

[90mstderr[2m | src/pages/journal-2-0/a11y/silentFailures.test.jsx[2m > [22m[2ma failed WRITE is said, and stays said[2m > [22m[2mthe note-body autosave PUT (the secondary write add-tag also drives): a forced-offline retry says a real sentence, not just "Reconnecting…"
[22m[39mautosave failed (retry 1 in 1000ms) TypeError: Failed to fetch
    at C:/Users/Patrick/uct-worktrees/notebook-w13-landing/app/src/pages/journal-2-0/a11y/silentFailures.test.jsx:90:31
    at Mock (file:///C:/Users/Patrick/uct-worktrees/_nb-shared-install/node_modules/[4m@vitest/spy[24m/dist/index.js:285:34)
    at update (C:/Users/Patrick/uct-worktrees/notebook-w13-landing/app/src/pages/journal-2-0/hooks/useJ2Notes.js:228:25)
    at Object.commitSave [as current] (C:/Users/Patrick/uct-worktrees/notebook-w13-landing/app/src/pages/journal-2-0/components/notebook/NoteEditorPage.jsx:3203:17)

[90mstderr[2m | src/pages/journal-2-0/a11y/silentFailures.test.jsx[2m > [22m[2ma failed WRITE is said, and stays said[2m > [22m[2mthe note-body autosave PUT (the secondary write add-tag also drives): a forced-offline retry says a real sentence, not just "Reconnecting…"
[22m[39mAn update to Root inside a test was not wrapped in act(...).

When testing, code that causes React state updates should be wrapped into act(...):

act(() => {
  /* fire events that update state */
});
/* assert on the output */

This ensures that you're testing the behavior the user would see in the browser. Learn more at https://react.dev/link/wrap-tests-with-act

[90mstderr[2m | src/pages/journal-2-0/a11y/silentFailures.test.jsx[2m > [22m[2ma failed READ is said where its data would have shown[2m > [22m[2ma note side read (attachments) -> one sentence in the note, with Try again
[22m[39mflushSync was called from inside a lifecycle method. React cannot flush when React is already rendering. Consider moving this call to a scheduler task or micro task.
flushSync was called from inside a lifecycle method. React cannot flush when React is already rendering. Consider moving this call to a scheduler task or micro task.
flushSync was called from inside a lifecycle method. React cannot flush when React is already rendering. Consider moving this call to a scheduler task or micro task.

[90mstderr[2m | src/pages/journal-2-0/a11y/silentFailures.test.jsx[2m > [22m[2ma failed READ is said where its data would have shown[2m > [22m[2ma note side read (attachments) -> one sentence in the note, with Try again
[22m[39mAn update to Root inside a test was not wrapped in act(...).

When testing, code that causes React state updates should be wrapped into act(...):

act(() => {
  /* fire events that update state */
});
/* assert on the output */

This ensures that you're testing the behavior the user would see in the browser. Learn more at https://react.dev/link/wrap-tests-with-act

[90mstderr[2m | src/pages/journal-2-0/a11y/silentFailures.test.jsx[2m > [22m[2mone write's success never erases the other write's failure[2m > [22m[2ma failed tag add, then a SUCCESSFUL favorite toggle: the tag sentence and the typed tag stay
[22m[39mflushSync was called from inside a lifecycle method. React cannot flush when React is already rendering. Consider moving this call to a scheduler task or micro task.
flushSync was called from inside a lifecycle method. React cannot flush when React is already rendering. Consider moving this call to a scheduler task or micro task.
flushSync was called from inside a lifecycle method. React cannot flush when React is already rendering. Consider moving this call to a scheduler task or micro task.

[90mstderr[2m | src/pages/journal-2-0/a11y/silentFailures.test.jsx[2m > [22m[2mone write's success never erases the other write's failure[2m > [22m[2ma failed tag add, then a SUCCESSFUL favorite toggle: the tag sentence and the typed tag stay
[22m[39mlinkifyjs: already initialized - will not register custom scheme "https" until manual call of linkify.init(). Register all schemes and plugins before invoking linkify the first time.

[90mstderr[2m | src/pages/journal-2-0/a11y/silentFailures.test.jsx[2m > [22m[2mone write's success never erases the other write's failure[2m > [22m[2ma failed tag add, then a SUCCESSFUL favorite toggle: the tag sentence and the typed tag stay
[22m[39mAn update to Root inside a test was not wrapped in act(...).

When testing, code that causes React state updates should be wrapped into act(...):

act(() => {
  /* fire events that update state */
});
/* assert on the output */

This ensures that you're testing the behavior the user would see in the browser. Learn more at https://react.dev/link/wrap-tests-with-act

[90mstderr[2m | src/pages/journal-2-0/a11y/silentFailures.test.jsx[2m > [22m[2mone write's success never erases the other write's failure[2m > [22m[2mthe reverse: a failed favorite, then a SUCCESSFUL tag add: the favorite sentence stays
[22m[39mflushSync was called from inside a lifecycle method. React cannot flush when React is already rendering. Consider moving this call to a scheduler task or micro task.
flushSync was called from inside a lifecycle method. React cannot flush when React is already rendering. Consider moving this call to a scheduler task or micro task.
flushSync was called from inside a lifecycle method. React cannot flush when React is already rendering. Consider moving this call to a scheduler task or micro task.

[90mstderr[2m | src/pages/journal-2-0/a11y/silentFailures.test.jsx[2m > [22m[2mone write's success never erases the other write's failure[2m > [22m[2mthe reverse: a failed favorite, then a SUCCESSFUL tag add: the favorite sentence stays
[22m[39mAn update to Root inside a test was not wrapped in act(...).

When testing, code that causes React state updates should be wrapped into act(...):

act(() => {
  /* fire events that update state */
});
/* assert on the output */

This ensures that you're testing the behavior the user would see in the browser. Learn more at https://react.dev/link/wrap-tests-with-act

[90mstderr[2m | src/pages/journal-2-0/a11y/silentFailures.test.jsx[2m > [22m[2mone write's success never erases the other write's failure[2m > [22m[2mboth can show at once, each with its own Dismiss
[22m[39mflushSync was called from inside a lifecycle method. React cannot flush when React is already rendering. Consider moving this call to a scheduler task or micro task.
flushSync was called from inside a lifecycle method. React cannot flush when React is already rendering. Consider moving this call to a scheduler task or micro task.
flushSync was called from inside a lifecycle method. React cannot flush when React is already rendering. Consider moving this call to a scheduler task or micro task.

[90mstderr[2m | src/pages/journal-2-0/a11y/silentFailures.test.jsx[2m > [22m[2mone write's success never erases the other write's failure[2m > [22m[2mboth can show at once, each with its own Dismiss
[22m[39mAn update to Root inside a test was not wrapped in act(...).

When testing, code that causes React state updates should be wrapped into act(...):

act(() => {
  /* fire events that update state */
});
/* assert on the output */

This ensures that you're testing the behavior the user would see in the browser. Learn more at https://react.dev/link/wrap-tests-with-act

[90mstderr[2m | src/pages/journal-2-0/components/notebook/NoteEditorPage.durable.test.jsx[2m > [22m[2mthe server ack and the local intent[2m > [22m[2m⛔ a failed save leaves the work durable, queued, and HONESTLY labelled
[22m[39mautosave failed (retry 1 in 1000ms) Error: network down
    at C:/Users/Patrick/uct-worktrees/notebook-w13-landing/app/src/pages/journal-2-0/components/notebook/NoteEditorPage.durable.test.jsx:159:18
    at file:///C:/Users/Patrick/uct-worktrees/_nb-shared-install/node_modules/[4m@vitest/runner[24m/dist/index.js:145:11
    at file:///C:/Users/Patrick/uct-worktrees/_nb-shared-install/node_modules/[4m@vitest/runner[24m/dist/index.js:915:26
    at file:///C:/Users/Patrick/uct-worktrees/_nb-shared-install/node_modules/[4m@vitest/runner[24m/dist/index.js:1243:20
    at new Promise (<anonymous>)
    at runWithTimeout (file:///C:/Users/Patrick/uct-worktrees/_nb-shared-install/node_modules/[4m@vitest/runner[24m/dist/index.js:1209:10)
    at file:///C:/Users/Patrick/uct-worktrees/_nb-shared-install/node_modules/[4m@vitest/runner[24m/dist/index.js:1653:37
    at Traces.$ (file:///C:/Users/Patrick/uct-worktrees/_nb-shared-install/node_modules/[4mvitest[24m/dist/chunks/traces.CCmnQaNT.js:142:27)
    at trace (file:///C:/Users/Patrick/uct-worktrees/_nb-shared-install/node_modules/[4mvitest[24m/dist/chunks/test.B8ej_ZHS.js:239:21)
    at runTest (file:///C:/Users/Patrick/uct-worktrees/_nb-shared-install/node_modules/[4m@vitest/runner[24m/dist/index.js:1653:12)

[90mstderr[2m | src/pages/calendar/callRecap.test.jsx[2m > [22m[2mrating trend — the shape the SERVER actually sends[2m > [22m[2mrenders the bucket counts, not an empty row
[22m[39m[ECharts] Can't get DOM width or height. Please check dom.clientWidth and dom.clientHeight. They should not be 0.For example, you may need to call this in the callback of window.onload.

[90mstderr[2m | src/pages/calendar/callRecap.test.jsx[2m > [22m[2mrating trend — the shape the SERVER actually sends[2m > [22m[2mlabels each period rather than leaving the row nameless
[22m[39m[ECharts] Can't get DOM width or height. Please check dom.clientWidth and dom.clientHeight. They should not be 0.For example, you may need to call this in the callback of window.onload.

[90mstderr[2m | src/pages/calendar/callRecap.test.jsx[2m > [22m[2mrating trend — the shape the SERVER actually sends[2m > [22m[2mshows a net move only when there IS one, and never for a null delta
[22m[39m[ECharts] Can't get DOM width or height. Please check dom.clientWidth and dom.clientHeight. They should not be 0.For example, you may need to call this in the callback of window.onload.

[90mstderr[2m | src/pages/journal-2-0/components/notebook/NoteEditorPage.durable.test.jsx[2m > [22m[2m⛔ the noun narrows when the platform will not promise retention[2m > [22m[2m⭐ says "on this device" ONLY when persisted() was actually granted
[22m[39mautosave failed (retry 1 in 1000ms) Error: network down
    at typeOfflineAndRead (C:/Users/Patrick/uct-worktrees/notebook-w13-landing/app/src/pages/journal-2-0/components/notebook/NoteEditorPage.durable.test.jsx:304:34)
    at C:/Users/Patrick/uct-worktrees/notebook-w13-landing/app/src/pages/journal-2-0/components/notebook/NoteEditorPage.durable.test.jsx:313:11
    at file:///C:/Users/Patrick/uct-worktrees/_nb-shared-install/node_modules/[4m@vitest/runner[24m/dist/index.js:145:11
    at file:///C:/Users/Patrick/uct-worktrees/_nb-shared-install/node_modules/[4m@vitest/runner[24m/dist/index.js:915:26
    at file:///C:/Users/Patrick/uct-worktrees/_nb-shared-install/node_modules/[4m@vitest/runner[24m/dist/index.js:1243:20
    at new Promise (<anonymous>)
    at runWithTimeout (file:///C:/Users/Patrick/uct-worktrees/_nb-shared-install/node_modules/[4m@vitest/runner[24m/dist/index.js:1209:10)
    at file:///C:/Users/Patrick/uct-worktrees/_nb-shared-install/node_modules/[4m@vitest/runner[24m/dist/index.js:1653:37
    at Traces.$ (file:///C:/Users/Patrick/uct-worktrees/_nb-shared-install/node_modules/[4mvitest[24m/dist/chunks/traces.CCmnQaNT.js:142:27)
    at trace (file:///C:/Users/Patrick/uct-worktrees/_nb-shared-install/node_modules/[4mvitest[24m/dist/chunks/test.B8ej_ZHS.js:239:21)

[90mstderr[2m | src/pages/journal-2-0/components/notebook/NoteEditorPage.durable.test.jsx[2m > [22m[2m⛔ the noun narrows when the platform will not promise retention[2m > [22m[2msays "in this browser" when it was not — and does NOT call that private mode
[22m[39mautosave failed (retry 1 in 1000ms) Error: network down
    at typeOfflineAndRead (C:/Users/Patrick/uct-worktrees/notebook-w13-landing/app/src/pages/journal-2-0/components/notebook/NoteEditorPage.durable.test.jsx:304:34)
    at C:/Users/Patrick/uct-worktrees/notebook-w13-landing/app/src/pages/journal-2-0/components/notebook/NoteEditorPage.durable.test.jsx:323:11
    at file:///C:/Users/Patrick/uct-worktrees/_nb-shared-install/node_modules/[4m@vitest/runner[24m/dist/index.js:145:11
    at file:///C:/Users/Patrick/uct-worktrees/_nb-shared-install/node_modules/[4m@vitest/runner[24m/dist/index.js:915:26
    at file:///C:/Users/Patrick/uct-worktrees/_nb-shared-install/node_modules/[4m@vitest/runner[24m/dist/index.js:1243:20
    at new Promise (<anonymous>)
    at runWithTimeout (file:///C:/Users/Patrick/uct-worktrees/_nb-shared-install/node_modules/[4m@vitest/runner[24m/dist/index.js:1209:10)
    at file:///C:/Users/Patrick/uct-worktrees/_nb-shared-install/node_modules/[4m@vitest/runner[24m/dist/index.js:1653:37
    at Traces.$ (file:///C:/Users/Patrick/uct-worktrees/_nb-shared-install/node_modules/[4mvitest[24m/dist/chunks/traces.CCmnQaNT.js:142:27)
    at trace (file:///C:/Users/Patrick/uct-worktrees/_nb-shared-install/node_modules/[4mvitest[24m/dist/chunks/test.B8ej_ZHS.js:239:21)

[90mstderr[2m | src/pages/journal-2-0/components/notebook/NoteEditorPage.durable.test.jsx[2m > [22m[2m⛔ the noun narrows when the platform will not promise retention[2m > [22m[2m⛔ a refused persist() never blocks offline editing or raises an error
[22m[39mautosave failed (retry 1 in 1000ms) Error: network down
    at typeOfflineAndRead (C:/Users/Patrick/uct-worktrees/notebook-w13-landing/app/src/pages/journal-2-0/components/notebook/NoteEditorPage.durable.test.jsx:304:34)
    at C:/Users/Patrick/uct-worktrees/notebook-w13-landing/app/src/pages/journal-2-0/components/notebook/NoteEditorPage.durable.test.jsx:335:11
    at file:///C:/Users/Patrick/uct-worktrees/_nb-shared-install/node_modules/[4m@vitest/runner[24m/dist/index.js:145:11
    at file:///C:/Users/Patrick/uct-worktrees/_nb-shared-install/node_modules/[4m@vitest/runner[24m/dist/index.js:915:26
    at file:///C:/Users/Patrick/uct-worktrees/_nb-shared-install/node_modules/[4m@vitest/runner[24m/dist/index.js:1243:20
    at new Promise (<anonymous>)
    at runWithTimeout (file:///C:/Users/Patrick/uct-worktrees/_nb-shared-install/node_modules/[4m@vitest/runner[24m/dist/index.js:1209:10)
    at file:///C:/Users/Patrick/uct-worktrees/_nb-shared-install/node_modules/[4m@vitest/runner[24m/dist/index.js:1653:37
    at Traces.$ (file:///C:/Users/Patrick/uct-worktrees/_nb-shared-install/node_modules/[4mvitest[24m/dist/chunks/traces.CCmnQaNT.js:142:27)
    at trace (file:///C:/Users/Patrick/uct-worktrees/_nb-shared-install/node_modules/[4mvitest[24m/dist/chunks/test.B8ej_ZHS.js:239:21)

[90mstderr[2m | src/pages/charts/LayoutDock.test.jsx[2m > [22m[2mLayoutDock — the layout library[2m > [22m[2mdeletes from the library, behind a confirm
[22m[39mAn update to LayoutDock inside a test was not wrapped in act(...).

When testing, code that causes React state updates should be wrapped into act(...):

act(() => {
  /* fire events that update state */
});
/* assert on the output */

This ensures that you're testing the behavior the user would see in the browser. Learn more at https://react.dev/link/wrap-tests-with-act

[90mstderr[2m | src/pages/charts/LayoutDock.test.jsx[2m > [22m[2mLayoutDock — the layout library[2m > [22m[2mdeletes from the library, behind a confirm
[22m[39mAn update to LayoutDock inside a test was not wrapped in act(...).

When testing, code that causes React state updates should be wrapped into act(...):

act(() => {
  /* fire events that update state */
});
/* assert on the output */

This ensures that you're testing the behavior the user would see in the browser. Learn more at https://react.dev/link/wrap-tests-with-act

[90mstderr[2m | src/pages/charts/LayoutDock.test.jsx[2m > [22m[2mLayoutDock — the rail menu[2m > [22m[2mcannot move the first slot left or the last one right
[22m[39mAn update to LayoutDock inside a test was not wrapped in act(...).

When testing, code that causes React state updates should be wrapped into act(...):

act(() => {
  /* fire events that update state */
});
/* assert on the output */

This ensures that you're testing the behavior the user would see in the browser. Learn more at https://react.dev/link/wrap-tests-with-act

[90mstderr[2m | src/pages/journal-2-0/components/notebook/NoteEditorPage.nullbaseline.test.jsx[2m > [22m[2m⚰️ the search: which server shapes can still queue a null baseline?[2m > [22m[2mCONTROL — an ordinary note queues its real baseline
[22m[39mautosave failed (retry 1 in 1000ms) Error: offline
    at C:/Users/Patrick/uct-worktrees/notebook-w13-landing/app/src/pages/journal-2-0/components/notebook/NoteEditorPage.nullbaseline.test.jsx:98:48
    at file:///C:/Users/Patrick/uct-worktrees/_nb-shared-install/node_modules/[4m@vitest/runner[24m/dist/index.js:145:11
    at file:///C:/Users/Patrick/uct-worktrees/_nb-shared-install/node_modules/[4m@vitest/runner[24m/dist/index.js:915:26
    at file:///C:/Users/Patrick/uct-worktrees/_nb-shared-install/node_modules/[4m@vitest/runner[24m/dist/index.js:1243:20
    at new Promise (<anonymous>)
    at runWithTimeout (file:///C:/Users/Patrick/uct-worktrees/_nb-shared-install/node_modules/[4m@vitest/runner[24m/dist/index.js:1209:10)
    at file:///C:/Users/Patrick/uct-worktrees/_nb-shared-install/node_modules/[4m@vitest/runner[24m/dist/index.js:1653:37
    at Traces.$ (file:///C:/Users/Patrick/uct-worktrees/_nb-shared-install/node_modules/[4mvitest[24m/dist/chunks/traces.CCmnQaNT.js:142:27)
    at trace (file:///C:/Users/Patrick/uct-worktrees/_nb-shared-install/node_modules/[4mvitest[24m/dist/chunks/test.B8ej_ZHS.js:239:21)
    at runTest (file:///C:/Users/Patrick/uct-worktrees/_nb-shared-install/node_modules/[4m@vitest/runner[24m/dist/index.js:1653:12) {
  status: [33m0[39m
}

[90mstderr[2m | src/pages/journal-2-0/components/notebook/NoteEditorPage.nullbaseline.test.jsx[2m > [22m[2m⚰️ the search: which server shapes can still queue a null baseline?[2m > [22m[2m⚰️ a note served with an EMPTY updatedAt — null is queued, and never sent
[22m[39mautosave failed (retry 1 in 1000ms) Error: offline
    at C:/Users/Patrick/uct-worktrees/notebook-w13-landing/app/src/pages/journal-2-0/components/notebook/NoteEditorPage.nullbaseline.test.jsx:120:48
    at file:///C:/Users/Patrick/uct-worktrees/_nb-shared-install/node_modules/[4m@vitest/runner[24m/dist/index.js:145:11
    at file:///C:/Users/Patrick/uct-worktrees/_nb-shared-install/node_modules/[4m@vitest/runner[24m/dist/index.js:915:26
    at file:///C:/Users/Patrick/uct-worktrees/_nb-shared-install/node_modules/[4m@vitest/runner[24m/dist/index.js:1243:20
    at new Promise (<anonymous>)
    at runWithTimeout (file:///C:/Users/Patrick/uct-worktrees/_nb-shared-install/node_modules/[4m@vitest/runner[24m/dist/index.js:1209:10)
    at file:///C:/Users/Patrick/uct-worktrees/_nb-shared-install/node_modules/[4m@vitest/runner[24m/dist/index.js:1653:37
    at Traces.$ (file:///C:/Users/Patrick/uct-worktrees/_nb-shared-install/node_modules/[4mvitest[24m/dist/chunks/traces.CCmnQaNT.js:142:27)
    at trace (file:///C:/Users/Patrick/uct-worktrees/_nb-shared-install/node_modules/[4mvitest[24m/dist/chunks/test.B8ej_ZHS.js:239:21)
    at runTest (file:///C:/Users/Patrick/uct-worktrees/_nb-shared-install/node_modules/[4m@vitest/runner[24m/dist/index.js:1653:12) {
  status: [33m0[39m
}

[90mstderr[2m | src/pages/journal-2-0/components/notebook/NoteEditorPage.nullbaseline.test.jsx[2m > [22m[2m⚰️ the search: which server shapes can still queue a null baseline?[2m > [22m[2m⚰️ a note served with NO updatedAt key at all — same story
[22m[39mautosave failed (retry 1 in 1000ms) Error: offline
    at C:/Users/Patrick/uct-worktrees/notebook-w13-landing/app/src/pages/journal-2-0/components/notebook/NoteEditorPage.nullbaseline.test.jsx:141:48
    at file:///C:/Users/Patrick/uct-worktrees/_nb-shared-install/node_modules/[4m@vitest/runner[24m/dist/index.js:145:11
    at file:///C:/Users/Patrick/uct-worktrees/_nb-shared-install/node_modules/[4m@vitest/runner[24m/dist/index.js:915:26
    at file:///C:/Users/Patrick/uct-worktrees/_nb-shared-install/node_modules/[4m@vitest/runner[24m/dist/index.js:1243:20
    at new Promise (<anonymous>)
    at runWithTimeout (file:///C:/Users/Patrick/uct-worktrees/_nb-shared-install/node_modules/[4m@vitest/runner[24m/dist/index.js:1209:10)
    at file:///C:/Users/Patrick/uct-worktrees/_nb-shared-install/node_modules/[4m@vitest/runner[24m/dist/index.js:1653:37
    at Traces.$ (file:///C:/Users/Patrick/uct-worktrees/_nb-shared-install/node_modules/[4mvitest[24m/dist/chunks/traces.CCmnQaNT.js:142:27)
    at trace (file:///C:/Users/Patrick/uct-worktrees/_nb-shared-install/node_modules/[4mvitest[24m/dist/chunks/test.B8ej_ZHS.js:239:21)
    at runTest (file:///C:/Users/Patrick/uct-worktrees/_nb-shared-install/node_modules/[4m@vitest/runner[24m/dist/index.js:1653:12) {
  status: [33m0[39m
}

[90mstderr[2m | src/pages/journal-2-0/a11y/parts.a11y.test.jsx[2m > [22m[2mcustom node views inside a note[2m > [22m[2msurface "editor-nodes": axe finds 0 violations
[22m[39mlinkifyjs: already initialized - will not register custom scheme "https" until manual call of linkify.init(). Register all schemes and plugins before invoking linkify the first time.

[90mstderr[2m | src/pages/journal-2-0/a11y/parts.a11y.test.jsx[2m > [22m[2mcustom node views inside a note[2m > [22m[2msurface "editor-nodes": axe finds 0 violations
[22m[39mAn update to NoteStats inside a test was not wrapped in act(...).

When testing, code that causes React state updates should be wrapped into act(...):

act(() => {
  /* fire events that update state */
});
/* assert on the output */

This ensures that you're testing the behavior the user would see in the browser. Learn more at https://react.dev/link/wrap-tests-with-act

[90mstderr[2m | src/pages/journal-2-0/a11y/parts.a11y.test.jsx[2m > [22m[2mjournal embed renderers[2m > [22m[2msurface "embed-ai-search": axe finds 0 violations
[22m[39mEach child in a list should have a unique "key" prop.

Check the render method of `div`. It was passed a child from AiSearchWidget. See https://react.dev/link/warning-keys for more information.

[90mstderr[2m | src/pages/journal-2-0/a11y/parts.a11y.test.jsx[2m > [22m[2meditor side sections[2m > [22m[2msurface "editor-thesis": axe finds 0 violations
[22m[39mflushSync was called from inside a lifecycle method. React cannot flush when React is already rendering. Consider moving this call to a scheduler task or micro task.
flushSync was called from inside a lifecycle method. React cannot flush when React is already rendering. Consider moving this call to a scheduler task or micro task.
flushSync was called from inside a lifecycle method. React cannot flush when React is already rendering. Consider moving this call to a scheduler task or micro task.

[90mstderr[2m | src/pages/journal-2-0/a11y/parts.a11y.test.jsx[2m > [22m[2meditor side sections[2m > [22m[2msurface "editor-thesis": axe finds 0 violations
[22m[39mlinkifyjs: already initialized - will not register custom scheme "https" until manual call of linkify.init(). Register all schemes and plugins before invoking linkify the first time.

[90mstderr[2m | src/pages/journal-2-0/a11y/parts.a11y.test.jsx[2m > [22m[2meditor side sections[2m > [22m[2msurface "editor-thesis": axe finds 0 violations
[22m[39mAn update to Root inside a test was not wrapped in act(...).

When testing, code that causes React state updates should be wrapped into act(...):

act(() => {
  /* fire events that update state */
});
/* assert on the output */

This ensures that you're testing the behavior the user would see in the browser. Learn more at https://react.dev/link/wrap-tests-with-act

[90mstderr[2m | src/components/chart/addIndicatorDoor.test.jsx[2m > [22m[2m⛔⛔ "DATA SERIES" IS NOT A MEMBER CONCEPT (owner §8)[2m > [22m[2m⭐⭐ the substrate is never offered as a row to add
[22m[39mAn update to ChartSettingsModal inside a test was not wrapped in act(...).

When testing, code that causes React state updates should be wrapped into act(...):

act(() => {
  /* fire events that update state */
});
/* assert on the output */

This ensures that you're testing the behavior the user would see in the browser. Learn more at https://react.dev/link/wrap-tests-with-act

[90mstderr[2m | src/components/chart/addIndicatorDoor.test.jsx[2m > [22m[2m⭐⭐ ONE MOVING AVERAGE IN BROWSE (owner §34)[2m > [22m[2man ordinary chart offers exactly one
[22m[39mAn update to ChartSettingsModal inside a test was not wrapped in act(...).

When testing, code that causes React state updates should be wrapped into act(...):

act(() => {
  /* fire events that update state */
});
/* assert on the output */

This ensures that you're testing the behavior the user would see in the browser. Learn more at https://react.dev/link/wrap-tests-with-act

[90mstderr[2m | src/components/chart/addIndicatorDoor.test.jsx[2m > [22m[2m⭐⭐ ONE MOVING AVERAGE IN BROWSE (owner §34)[2m > [22m[2m⭐⭐ AND SO DOES A CHART WITH A TOMBSTONED OVERLAY TO REVIVE
[22m[39mAn update to ChartSettingsModal inside a test was not wrapped in act(...).

When testing, code that causes React state updates should be wrapped into act(...):

act(() => {
  /* fire events that update state */
});
/* assert on the output */

This ensures that you're testing the behavior the user would see in the browser. Learn more at https://react.dev/link/wrap-tests-with-act

[90mstderr[2m | src/components/chart/addIndicatorDoor.test.jsx[2m > [22m[2m⭐⭐ ONE MOVING AVERAGE IN BROWSE (owner §34)[2m > [22m[2m⛔ AND THE REVIVE ROW STILL REVIVES — §33, the compatibility half
[22m[39mAn update to ChartSettingsModal inside a test was not wrapped in act(...).

When testing, code that causes React state updates should be wrapped into act(...):

act(() => {
  /* fire events that update state */
});
/* assert on the output */

This ensures that you're testing the behavior the user would see in the browser. Learn more at https://react.dev/link/wrap-tests-with-act

(node:56860) TimeoutNaNWarning: NaN is not a number.
Timeout duration was set to 1.
(Use `node --trace-warnings ...` to show where the warning was created)
Not implemented: navigation to another Document
[90mstderr[2m | src/pages/journal-2-0/components/notebook/AskPanel.navNotice.test.jsx[2m > [22m[2mAskPanel — what a tapped citation could not open[2m > [22m[2ma new question clears the notice
[22m[39mAn update to AskPanel inside a test was not wrapped in act(...).

When testing, code that causes React state updates should be wrapped into act(...):

act(() => {
  /* fire events that update state */
});
/* assert on the output */

This ensures that you're testing the behavior the user would see in the browser. Learn more at https://react.dev/link/wrap-tests-with-act
An update to AskPanel inside a test was not wrapped in act(...).

When testing, code that causes React state updates should be wrapped into act(...):

act(() => {
  /* fire events that update state */
});
/* assert on the output */

This ensures that you're testing the behavior the user would see in the browser. Learn more at https://react.dev/link/wrap-tests-with-act
An update to AskPanel inside a test was not wrapped in act(...).

When testing, code that causes React state updates should be wrapped into act(...):

act(() => {
  /* fire events that update state */
});
/* assert on the output */

This ensures that you're testing the behavior the user would see in the browser. Learn more at https://react.dev/link/wrap-tests-with-act

[90mstderr[2m | src/pages/journal-2-0/components/notebook/AskPanel.navNotice.test.jsx[2m > [22m[2mAskPanel — what a tapped citation could not open[2m > [22m[2ma new question clears the notice
[22m[39mAn update to AskPanel inside a test was not wrapped in act(...).

When testing, code that causes React state updates should be wrapped into act(...):

act(() => {
  /* fire events that update state */
});
/* assert on the output */

This ensures that you're testing the behavior the user would see in the browser. Learn more at https://react.dev/link/wrap-tests-with-act

[90mstderr[2m | src/pages/journal-2-0/components/notebook/AskPanel.navNotice.test.jsx[2m > [22m[2mAskPanel — what a tapped citation could not open[2m > [22m[2ma new question clears the notice
[22m[39mAn update to AskPanel inside a test was not wrapped in act(...).

When testing, code that causes React state updates should be wrapped into act(...):

act(() => {
  /* fire events that update state */
});
/* assert on the output */

This ensures that you're testing the behavior the user would see in the browser. Learn more at https://react.dev/link/wrap-tests-with-act

[90mstderr[2m | src/pages/journal-2-0/components/notebook/AskPanel.navNotice.test.jsx[2m > [22m[2mAskPanel — what a tapped citation could not open[2m > [22m[2ma new question aborts a tap still in flight
[22m[39mAn update to AskPanel inside a test was not wrapped in act(...).

When testing, code that causes React state updates should be wrapped into act(...):

act(() => {
  /* fire events that update state */
});
/* assert on the output */

This ensures that you're testing the behavior the user would see in the browser. Learn more at https://react.dev/link/wrap-tests-with-act
An update to AskPanel inside a test was not wrapped in act(...).

When testing, code that causes React state updates should be wrapped into act(...):

act(() => {
  /* fire events that update state */
});
/* assert on the output */

This ensures that you're testing the behavior the user would see in the browser. Learn more at https://react.dev/link/wrap-tests-with-act
An update to AskPanel inside a test was not wrapped in act(...).

When testing, code that causes React state updates should be wrapped into act(...):

act(() => {
  /* fire events that update state */
});
/* assert on the output */

This ensures that you're testing the behavior the user would see in the browser. Learn more at https://react.dev/link/wrap-tests-with-act

[90mstderr[2m | src/pages/journal-2-0/components/notebook/AskPanel.navNotice.test.jsx[2m > [22m[2mAskPanel — what a tapped citation could not open[2m > [22m[2ma new question aborts a tap still in flight
[22m[39mAn update to AskPanel inside a test was not wrapped in act(...).

When testing, code that causes React state updates should be wrapped into act(...):

act(() => {
  /* fire events that update state */
});
/* assert on the output */

This ensures that you're testing the behavior the user would see in the browser. Learn more at https://react.dev/link/wrap-tests-with-act

[90mstderr[2m | src/pages/journal-2-0/components/notebook/AskPanel.navNotice.test.jsx[2m > [22m[2mAskPanel — what a tapped citation could not open[2m > [22m[2ma new question aborts a tap still in flight
[22m[39mAn update to AskPanel inside a test was not wrapped in act(...).

When testing, code that causes React state updates should be wrapped into act(...):

act(() => {
  /* fire events that update state */
});
/* assert on the output */

This ensures that you're testing the behavior the user would see in the browser. Learn more at https://react.dev/link/wrap-tests-with-act

Not implemented: navigation to another Document
[90mstderr[2m | src/pages/breadth/CompareGrid.test.jsx[2m > [22m[2mCompareGrid[2m > [22m[2mrenders one pane per quad entry, tagged with its style
[22m[39mAn update to AnalogueDeckView inside a test was not wrapped in act(...).

When testing, code that causes React state updates should be wrapped into act(...):

act(() => {
  /* fire events that update state */
});
/* assert on the output */

This ensures that you're testing the behavior the user would see in the browser. Learn more at https://react.dev/link/wrap-tests-with-act

[90mstderr[2m | src/pages/breadth/CompareGrid.test.jsx[2m > [22m[2mCompareGrid[2m > [22m[2masks the caller for props ONCE PER PANE, by that pane’s style
[22m[39mAn update to AnalogueDeckView inside a test was not wrapped in act(...).

When testing, code that causes React state updates should be wrapped into act(...):

act(() => {
  /* fire events that update state */
});
/* assert on the output */

This ensures that you're testing the behavior the user would see in the browser. Learn more at https://react.dev/link/wrap-tests-with-act

[90mstderr[2m | src/pages/breadth/CompareGrid.test.jsx[2m > [22m[2mCompareGrid[2m > [22m[2mmounts no scrubber and no date header of its own
[22m[39mAn update to AnalogueDeckView inside a test was not wrapped in act(...).

When testing, code that causes React state updates should be wrapped into act(...):

act(() => {
  /* fire events that update state */
});
/* assert on the output */

This ensures that you're testing the behavior the user would see in the browser. Learn more at https://react.dev/link/wrap-tests-with-act

[90mstderr[2m | src/pages/breadth/CompareGrid.test.jsx[2m > [22m[2mCompareGrid[2m > [22m[2mderives every picker option from the registry, never a local list
[22m[39mAn update to AnalogueDeckView inside a test was not wrapped in act(...).

When testing, code that causes React state updates should be wrapped into act(...):

act(() => {
  /* fire events that update state */
});
/* assert on the output */

This ensures that you're testing the behavior the user would see in the browser. Learn more at https://react.dev/link/wrap-tests-with-act

[90mstderr[2m | src/pages/breadth/CompareGrid.test.jsx[2m > [22m[2mCompareGrid[2m > [22m[2mreports a pick as (paneIndex, styleKey) and changes nothing itself
[22m[39mAn update to AnalogueDeckView inside a test was not wrapped in act(...).

When testing, code that causes React state updates should be wrapped into act(...):

act(() => {
  /* fire events that update state */
});
/* assert on the output */

This ensures that you're testing the behavior the user would see in the browser. Learn more at https://react.dev/link/wrap-tests-with-act

[90mstderr[2m | src/pages/breadth/CompareGrid.test.jsx[2m > [22m[2mCompareGrid[2m > [22m[2msurvives a style with no component rather than throwing the tab away
[22m[39mAn update to AnalogueDeckView inside a test was not wrapped in act(...).

When testing, code that causes React state updates should be wrapped into act(...):

act(() => {
  /* fire events that update state */
});
/* assert on the output */

This ensures that you're testing the behavior the user would see in the browser. Learn more at https://react.dev/link/wrap-tests-with-act

[90mstderr[2m | src/pages/breadth/CompareGrid.test.jsx[2m > [22m[2meach pane carries its own Customize[2m > [22m[2masks the caller for a panel ONCE PER PANE, by that pane’s style
[22m[39mAn update to AnalogueDeckView inside a test was not wrapped in act(...).

When testing, code that causes React state updates should be wrapped into act(...):

act(() => {
  /* fire events that update state */
});
/* assert on the output */

This ensures that you're testing the behavior the user would see in the browser. Learn more at https://react.dev/link/wrap-tests-with-act

[90mstderr[2m | src/pages/breadth/CompareGrid.test.jsx[2m > [22m[2meach pane carries its own Customize[2m > [22m[2mopens the panel for the pane’s OWN style, one at a time
[22m[39mAn update to AnalogueDeckView inside a test was not wrapped in act(...).

When testing, code that causes React state updates should be wrapped into act(...):

act(() => {
  /* fire events that update state */
});
/* assert on the output */

This ensures that you're testing the behavior the user would see in the browser. Learn more at https://react.dev/link/wrap-tests-with-act

[90mstderr[2m | src/pages/breadth/CompareGrid.test.jsx[2m > [22m[2meach pane carries its own Customize[2m > [22m[2mrenders no gear when there is no panel to open
[22m[39mAn update to AnalogueDeckView inside a test was not wrapped in act(...).

When testing, code that causes React state updates should be wrapped into act(...):

act(() => {
  /* fire events that update state */
});
/* assert on the output */

This ensures that you're testing the behavior the user would see in the browser. Learn more at https://react.dev/link/wrap-tests-with-act

[90mstderr[2m | src/pages/breadth/CompareGrid.test.jsx[2m > [22m[2meach pane carries its own Customize[2m > [22m[2mcloses the panel when the pane changes style under it
[22m[39mAn update to AnalogueDeckView inside a test was not wrapped in act(...).

When testing, code that causes React state updates should be wrapped into act(...):

act(() => {
  /* fire events that update state */
});
/* assert on the output */

This ensures that you're testing the behavior the user would see in the browser. Learn more at https://react.dev/link/wrap-tests-with-act

[90mstderr[2m | src/pages/breadth/CompareGrid.test.jsx[2m > [22m[2meach pane carries its own Customize[2m > [22m[2mnames the pane’s preset on the gear when it is not the default
[22m[39mAn update to AnalogueDeckView inside a test was not wrapped in act(...).

When testing, code that causes React state updates should be wrapped into act(...):

act(() => {
  /* fire events that update state */
});
/* assert on the output */

This ensures that you're testing the behavior the user would see in the browser. Learn more at https://react.dev/link/wrap-tests-with-act

[90mstderr[2m | src/pages/breadth/CompareGrid.test.jsx[2m > [22m[2mone style in two panes WOULD collide — the control[2m > [22m[2mduplicates every id that style owns
[22m[39mAn update to AnalogueDeckView inside a test was not wrapped in act(...).

When testing, code that causes React state updates should be wrapped into act(...):

act(() => {
  /* fire events that update state */
});
/* assert on the output */

This ensures that you're testing the behavior the user would see in the browser. Learn more at https://react.dev/link/wrap-tests-with-act

[90mstderr[2m | src/pages/journal-2-0/lib/calloutNode.variant.test.js[2m > [22m[2mthe callout's own control (node view)[2m > [22m[2ma styled callout draws its UIcon — an SVG, never an emoji — and names its style
[22m[39mAn update to Root inside a test was not wrapped in act(...).

When testing, code that causes React state updates should be wrapped into act(...):

act(() => {
  /* fire events that update state */
});
/* assert on the output */

This ensures that you're testing the behavior the user would see in the browser. Learn more at https://react.dev/link/wrap-tests-with-act
An update to Root inside a test was not wrapped in act(...).

When testing, code that causes React state updates should be wrapped into act(...):

act(() => {
  /* fire events that update state */
});
/* assert on the output */

This ensures that you're testing the behavior the user would see in the browser. Learn more at https://react.dev/link/wrap-tests-with-act
An update to Root inside a test was not wrapped in act(...).

When testing, code that causes React state updates should be wrapped into act(...):

act(() => {
  /* fire events that update state */
});
/* assert on the output */

This ensures that you're testing the behavior the user would see in the browser. Learn more at https://react.dev/link/wrap-tests-with-act

[90mstderr[2m | src/pages/journal-2-0/lib/calloutNode.variant.test.js[2m > [22m[2mthe callout's own control (node view)[2m > [22m[2ma styled callout draws its UIcon — an SVG, never an emoji — and names its style
[22m[39mAn update to Root inside a test was not wrapped in act(...).

When testing, code that causes React state updates should be wrapped into act(...):

act(() => {
  /* fire events that update state */
});
/* assert on the output */

This ensures that you're testing the behavior the user would see in the browser. Learn more at https://react.dev/link/wrap-tests-with-act

[90mstderr[2m | src/pages/journal-2-0/lib/calloutNode.variant.test.js[2m > [22m[2mthe callout's own control (node view)[2m > [22m[2mopens the five styles, marks the current one, and a pick restyles THIS callout
[22m[39mAn update to Root inside a test was not wrapped in act(...).

When testing, code that causes React state updates should be wrapped into act(...):

act(() => {
  /* fire events that update state */
});
/* assert on the output */

This ensures that you're testing the behavior the user would see in the browser. Learn more at https://react.dev/link/wrap-tests-with-act
An update to Root inside a test was not wrapped in act(...).

When testing, code that causes React state updates should be wrapped into act(...):

act(() => {
  /* fire events that update state */
});
/* assert on the output */

This ensures that you're testing the behavior the user would see in the browser. Learn more at https://react.dev/link/wrap-tests-with-act
An update to Root inside a test was not wrapped in act(...).

When testing, code that causes React state updates should be wrapped into act(...):

act(() => {
  /* fire events that update state */
});
/* assert on the output */

This ensures that you're testing the behavior the user would see in the browser. Learn more at https://react.dev/link/wrap-tests-with-act
An update to Root inside a test was not wrapped in act(...).

When testing, code that causes React state updates should be wrapped into act(...):

act(() => {
  /* fire events that update state */
});
/* assert on the output */

This ensures that you're testing the behavior the user would see in the browser. Learn more at https://react.dev/link/wrap-tests-with-act
An update to Root inside a test was not wrapped in act(...).

When testing, code that causes React state updates should be wrapped into act(...):

act(() => {
  /* fire events that update state */
});
/* assert on the output */

This ensures that you're testing the behavior the user would see in the browser. Learn more at https://react.dev/link/wrap-tests-with-act
An update to Root inside a test was not wrapped in act(...).

When testing, code that causes React state updates should be wrapped into act(...):

act(() => {
  /* fire events that update state */
});
/* assert on the output */

This ensures that you're testing the behavior the user would see in the browser. Learn more at https://react.dev/link/wrap-tests-with-act
An update to Root inside a test was not wrapped in act(...).

When testing, code that causes React state updates should be wrapped into act(...):

act(() => {
  /* fire events that update state */
});
/* assert on the output */

This ensures that you're testing the behavior the user would see in the browser. Learn more at https://react.dev/link/wrap-tests-with-act
An update to Root inside a test was not wrapped in act(...).

When testing, code that causes React state updates should be wrapped into act(...):

act(() => {
  /* fire events that update state */
});
/* assert on the output */

This ensures that you're testing the behavior the user would see in the browser. Learn more at https://react.dev/link/wrap-tests-with-act
An update to Root inside a test was not wrapped in act(...).

When testing, code that causes React state updates should be wrapped into act(...):

act(() => {
  /* fire events that update state */
});
/* assert on the output */

This ensures that you're testing the behavior the user would see in the browser. Learn more at https://react.dev/link/wrap-tests-with-act
An update to Root inside a test was not wrapped in act(...).

When testing, code that causes React state updates should be wrapped into act(...):

act(() => {
  /* fire events that update state */
});
/* assert on the output */

This ensures that you're testing the behavior the user would see in the browser. Learn more at https://react.dev/link/wrap-tests-with-act
An update to Root inside a test was not wrapped in act(...).

When testing, code that causes React state updates should be wrapped into act(...):

act(() => {
  /* fire events that update state */
});
/* assert on the output */

This ensures that you're testing the behavior the user would see in the browser. Learn more at https://react.dev/link/wrap-tests-with-act

[90mstderr[2m | src/pages/journal-2-0/lib/calloutNode.variant.test.js[2m > [22m[2mthe callout's own control (node view)[2m > [22m[2mopens the five styles, marks the current one, and a pick restyles THIS callout
[22m[39mAn update to Root inside a test was not wrapped in act(...).

When testing, code that causes React state updates should be wrapped into act(...):

act(() => {
  /* fire events that update state */
});
/* assert on the output */

This ensures that you're testing the behavior the user would see in the browser. Learn more at https://react.dev/link/wrap-tests-with-act
An update to Root inside a test was not wrapped in act(...).

When testing, code that causes React state updates should be wrapped into act(...):

act(() => {
  /* fire events that update state */
});
/* assert on the output */

This ensures that you're testing the behavior the user would see in the browser. Learn more at https://react.dev/link/wrap-tests-with-act

[90mstderr[2m | src/pages/journal-2-0/lib/calloutNode.variant.test.js[2m > [22m[2mthe callout's own control (node view)[2m > [22m[2man emoji callout can be given a style (and its emoji is kept in the document)
[22m[39mAn update to Root inside a test was not wrapped in act(...).

When testing, code that causes React state updates should be wrapped into act(...):

act(() => {
  /* fire events that update state */
});
/* assert on the output */

This ensures that you're testing the behavior the user would see in the browser. Learn more at https://react.dev/link/wrap-tests-with-act
An update to Root inside a test was not wrapped in act(...).

When testing, code that causes React state updates should be wrapped into act(...):

act(() => {
  /* fire events that update state */
});
/* assert on the output */

This ensures that you're testing the behavior the user would see in the browser. Learn more at https://react.dev/link/wrap-tests-with-act
An update to Root inside a test was not wrapped in act(...).

When testing, code that causes React state updates should be wrapped into act(...):

act(() => {
  /* fire events that update state */
});
/* assert on the output */

This ensures that you're testing the behavior the user would see in the browser. Learn more at https://react.dev/link/wrap-tests-with-act
An update to Root inside a test was not wrapped in act(...).

When testing, code that causes React state updates should be wrapped into act(...):

act(() => {
  /* fire events that update state */
});
/* assert on the output */

This ensures that you're testing the behavior the user would see in the browser. Learn more at https://react.dev/link/wrap-tests-with-act
An update to Root inside a test was not wrapped in act(...).

When testing, code that causes React state updates should be wrapped into act(...):

act(() => {
  /* fire events that update state */
});
/* assert on the output */

This ensures that you're testing the behavior the user would see in the browser. Learn more at https://react.dev/link/wrap-tests-with-act

[90mstderr[2m | src/pages/journal-2-0/lib/calloutNode.variant.test.js[2m > [22m[2mthe callout's own control (node view)[2m > [22m[2man emoji callout can be given a style (and its emoji is kept in the document)
[22m[39mAn update to Root inside a test was not wrapped in act(...).

When testing, code that causes React state updates should be wrapped into act(...):

act(() => {
  /* fire events that update state */
});
/* assert on the output */

This ensures that you're testing the behavior the user would see in the browser. Learn more at https://react.dev/link/wrap-tests-with-act

[90mstderr[2m | src/pages/journal-2-0/lib/calloutNode.variant.test.js[2m > [22m[2mthe callout's own control (node view)[2m > [22m[2mEscape closes the picker and hands focus back; so does a press outside it
[22m[39mAn update to Root inside a test was not wrapped in act(...).

When testing, code that causes React state updates should be wrapped into act(...):

act(() => {
  /* fire events that update state */
});
/* assert on the output */

This ensures that you're testing the behavior the user would see in the browser. Learn more at https://react.dev/link/wrap-tests-with-act
An update to Root inside a test was not wrapped in act(...).

When testing, code that causes React state updates should be wrapped into act(...):

act(() => {
  /* fire events that update state */
});
/* assert on the output */

This ensures that you're testing the behavior the user would see in the browser. Learn more at https://react.dev/link/wrap-tests-with-act
An update to Root inside a test was not wrapped in act(...).

When testing, code that causes React state updates should be wrapped into act(...):

act(() => {
  /* fire events that update state */
});
/* assert on the output */

This ensures that you're testing the behavior the user would see in the browser. Learn more at https://react.dev/link/wrap-tests-with-act
An update to Root inside a test was not wrapped in act(...).

When testing, code that causes React state updates should be wrapped into act(...):

act(() => {
  /* fire events that update state */
});
/* assert on the output */

This ensures that you're testing the behavior the user would see in the browser. Learn more at https://react.dev/link/wrap-tests-with-act
An update to Root inside a test was not wrapped in act(...).

When testing, code that causes React state updates should be wrapped into act(...):

act(() => {
  /* fire events that update state */
});
/* assert on the output */

This ensures that you're testing the behavior the user would see in the browser. Learn more at https://react.dev/link/wrap-tests-with-act
An update to Root inside a test was not wrapped in act(...).

When testing, code that causes React state updates should be wrapped into act(...):

act(() => {
  /* fire events that update state */
});
/* assert on the output */

This ensures that you're testing the behavior the user would see in the browser. Learn more at https://react.dev/link/wrap-tests-with-act
An update to Root inside a test was not wrapped in act(...).

When testing, code that causes React state updates should be wrapped into act(...):

act(() => {
  /* fire events that update state */
});
/* assert on the output */

This ensures that you're testing the behavior the user would see in the browser. Learn more at https://react.dev/link/wrap-tests-with-act
An update to Root inside a test was not wrapped in act(...).

When testing, code that causes React state updates should be wrapped into act(...):

act(() => {
  /* fire events that update state */
});
/* assert on the output */

This ensures that you're testing the behavior the user would see in the browser. Learn more at https://react.dev/link/wrap-tests-with-act
An update to Root inside a test was not wrapped in act(...).

When testing, code that causes React state updates should be wrapped into act(...):

act(() => {
  /* fire events that update state */
});
/* assert on the output */

This ensures that you're testing the behavior the user would see in the browser. Learn more at https://react.dev/link/wrap-tests-with-act
An update to Root inside a test was not wrapped in act(...).

When testing, code that causes React state updates should be wrapped into act(...):

act(() => {
  /* fire events that update state */
});
/* assert on the output */

This ensures that you're testing the behavior the user would see in the browser. Learn more at https://react.dev/link/wrap-tests-with-act
An update to Root inside a test was not wrapped in act(...).

When testing, code that causes React state updates should be wrapped into act(...):

act(() => {
  /* fire events that update state */
});
/* assert on the output */

This ensures that you're testing the behavior the user would see in the browser. Learn more at https://react.dev/link/wrap-tests-with-act
An update to Root inside a test was not wrapped in act(...).

When testing, code that causes React state updates should be wrapped into act(...):

act(() => {
  /* fire events that update state */
});
/* assert on the output */

This ensures that you're testing the behavior the user would see in the browser. Learn more at https://react.dev/link/wrap-tests-with-act
An update to Root inside a test was not wrapped in act(...).

When testing, code that causes React state updates should be wrapped into act(...):

act(() => {
  /* fire events that update state */
});
/* assert on the output */

This ensures that you're testing the behavior the user would see in the browser. Learn more at https://react.dev/link/wrap-tests-with-act

[90mstderr[2m | src/pages/journal-2-0/lib/calloutNode.variant.test.js[2m > [22m[2mthe callout's own control (node view)[2m > [22m[2mEscape closes the picker and hands focus back; so does a press outside it
[22m[39mAn update to Root inside a test was not wrapped in act(...).

When testing, code that causes React state updates should be wrapped into act(...):

act(() => {
  /* fire events that update state */
});
/* assert on the output */

This ensures that you're testing the behavior the user would see in the browser. Learn more at https://react.dev/link/wrap-tests-with-act

[90mstderr[2m | src/pages/journal-2-0/lib/calloutNode.variant.test.js[2m > [22m[2mthe callout's own control (node view)[2m > [22m[2marrow keys move between the styles
[22m[39mAn update to Root inside a test was not wrapped in act(...).

When testing, code that causes React state updates should be wrapped into act(...):

act(() => {
  /* fire events that update state */
});
/* assert on the output */

This ensures that you're testing the behavior the user would see in the browser. Learn more at https://react.dev/link/wrap-tests-with-act
An update to Root inside a test was not wrapped in act(...).

When testing, code that causes React state updates should be wrapped into act(...):

act(() => {
  /* fire events that update state */
});
/* assert on the output */

This ensures that you're testing the behavior the user would see in the browser. Learn more at https://react.dev/link/wrap-tests-with-act
An update to Root inside a test was not wrapped in act(...).

When testing, code that causes React state updates should be wrapped into act(...):

act(() => {
  /* fire events that update state */
});
/* assert on the output */

This ensures that you're testing the behavior the user would see in the browser. Learn more at https://react.dev/link/wrap-tests-with-act

[90mstderr[2m | src/pages/journal-2-0/lib/calloutNode.variant.test.js[2m > [22m[2mthe callout's own control (node view)[2m > [22m[2marrow keys move between the styles
[22m[39mAn update to Root inside a test was not wrapped in act(...).

When testing, code that causes React state updates should be wrapped into act(...):

act(() => {
  /* fire events that update state */
});
/* assert on the output */

This ensures that you're testing the behavior the user would see in the browser. Learn more at https://react.dev/link/wrap-tests-with-act
An update to Root inside a test was not wrapped in act(...).

When testing, code that causes React state updates should be wrapped into act(...):

act(() => {
  /* fire events that update state */
});
/* assert on the output */

This ensures that you're testing the behavior the user would see in the browser. Learn more at https://react.dev/link/wrap-tests-with-act
An update to Root inside a test was not wrapped in act(...).

When testing, code that causes React state updates should be wrapped into act(...):

act(() => {
  /* fire events that update state */
});
/* assert on the output */

This ensures that you're testing the behavior the user would see in the browser. Learn more at https://react.dev/link/wrap-tests-with-act
An update to Root inside a test was not wrapped in act(...).

When testing, code that causes React state updates should be wrapped into act(...):

act(() => {
  /* fire events that update state */
});
/* assert on the output */

This ensures that you're testing the behavior the user would see in the browser. Learn more at https://react.dev/link/wrap-tests-with-act
An update to Root inside a test was not wrapped in act(...).

When testing, code that causes React state updates should be wrapped into act(...):

act(() => {
  /* fire events that update state */
});
/* assert on the output */

This ensures that you're testing the behavior the user would see in the browser. Learn more at https://react.dev/link/wrap-tests-with-act
An update to Root inside a test was not wrapped in act(...).

When testing, code that causes React state updates should be wrapped into act(...):

act(() => {
  /* fire events that update state */
});
/* assert on the output */

This ensures that you're testing the behavior the user would see in the browser. Learn more at https://react.dev/link/wrap-tests-with-act

[90mstderr[2m | src/pages/journal-2-0/lib/calloutNode.variant.test.js[2m > [22m[2mthe callout's own control (node view)[2m > [22m[2ma read-only editor (a locked note) offers no picker
[22m[39mAn update to Root inside a test was not wrapped in act(...).

When testing, code that causes React state updates should be wrapped into act(...):

act(() => {
  /* fire events that update state */
});
/* assert on the output */

This ensures that you're testing the behavior the user would see in the browser. Learn more at https://react.dev/link/wrap-tests-with-act

[90mstderr[2m | src/pages/journal-2-0/lib/calloutNode.variant.test.js[2m > [22m[2mthe callout's own control (node view)[2m > [22m[2ma read-only editor (a locked note) offers no picker
[22m[39mAn update to Root inside a test was not wrapped in act(...).

When testing, code that causes React state updates should be wrapped into act(...):

act(() => {
  /* fire events that update state */
});
/* assert on the output */

This ensures that you're testing the behavior the user would see in the browser. Learn more at https://react.dev/link/wrap-tests-with-act

[90mstderr[2m | src/pages/journal-2-0/lib/calloutNode.variant.test.js[2m > [22m[2mthe callout's own control (node view)[2m > [22m[2m/Callout inserts a STYLED callout (a note)
[22m[39mAn update to Root inside a test was not wrapped in act(...).

When testing, code that causes React state updates should be wrapped into act(...):

act(() => {
  /* fire events that update state */
});
/* assert on the output */

This ensures that you're testing the behavior the user would see in the browser. Learn more at https://react.dev/link/wrap-tests-with-act

[90mstderr[2m | src/pages/journal-2-0/lib/calloutNode.variant.test.js[2m > [22m[2mthe callout's own control (node view)[2m > [22m[2m/Callout inserts a STYLED callout (a note)
[22m[39mAn update to Root inside a test was not wrapped in act(...).

When testing, code that causes React state updates should be wrapped into act(...):

act(() => {
  /* fire events that update state */
});
/* assert on the output */

This ensures that you're testing the behavior the user would see in the browser. Learn more at https://react.dev/link/wrap-tests-with-act

[90mstderr[2m | src/lib/persistence/persistenceManifest.test.js[2m > [22m[2mthe manifest is current[2m > [22m[2mdeclares every key the code persists (fix: node tools/persistence_census.mjs --write)
[22m[39m[persistence-census] 1 undeclared (fix: node tools/persistence_census.mjs --write):
  undeclared persisted key 'calendar.orderBoostOff' (localStorage) at app/src/pages/calendar/depth/OrderExplain.jsx:17 — declare it: node tools/persistence_census.mjs --write, then give it a surface, label and kind in app/src/lib/persistence/persistenceManifest.json

[90mstderr[2m | src/components/StockChart.sessionExtChip.test.jsx[2m > [22m[2mthe Pre/Post word sits on the price scale, not on the pane[2m > [22m[2mgives the orange ext price line the WORD as its title on a wide plot
[22m[39mAn update to StockChart inside a test was not wrapped in act(...).

When testing, code that causes React state updates should be wrapped into act(...):

act(() => {
  /* fire events that update state */
});
/* assert on the output */

This ensures that you're testing the behavior the user would see in the browser. Learn more at https://react.dev/link/wrap-tests-with-act
An update to StockChart inside a test was not wrapped in act(...).

When testing, code that causes React state updates should be wrapped into act(...):

act(() => {
  /* fire events that update state */
});
/* assert on the output */

This ensures that you're testing the behavior the user would see in the browser. Learn more at https://react.dev/link/wrap-tests-with-act
An update to StockChart inside a test was not wrapped in act(...).

When testing, code that causes React state updates should be wrapped into act(...):

act(() => {
  /* fire events that update state */
});
/* assert on the output */

This ensures that you're testing the behavior the user would see in the browser. Learn more at https://react.dev/link/wrap-tests-with-act
An update to StockChart inside a test was not wrapped in act(...).

When testing, code that causes React state updates should be wrapped into act(...):

act(() => {
  /* fire events that update state */
});
/* assert on the output */

This ensures that you're testing the behavior the user would see in the browser. Learn more at https://react.dev/link/wrap-tests-with-act
An update to StockChart inside a test was not wrapped in act(...).

When testing, code that causes React state updates should be wrapped into act(...):

act(() => {
  /* fire events that update state */
});
/* assert on the output */

This ensures that you're testing the behavior the user would see in the browser. Learn more at https://react.dev/link/wrap-tests-with-act
An update to StockChart inside a test was not wrapped in act(...).

When testing, code that causes React state updates should be wrapped into act(...):

act(() => {
  /* fire events that update state */
});
/* assert on the output */

This ensures that you're testing the behavior the user would see in the browser. Learn more at https://react.dev/link/wrap-tests-with-act
An update to StockChart inside a test was not wrapped in act(...).

When testing, code that causes React state updates should be wrapped into act(...):

act(() => {
  /* fire events that update state */
});
/* assert on the output */

This ensures that you're testing the behavior the user would see in the browser. Learn more at https://react.dev/link/wrap-tests-with-act
An update to IndicatorLibraryDialog inside a test was not wrapped in act(...).

When testing, code that causes React state updates should be wrapped into act(...):

act(() => {
  /* fire events that update state */
});
/* assert on the output */

This ensures that you're testing the behavior the user would see in the browser. Learn more at https://react.dev/link/wrap-tests-with-act
An update to StockChart inside a test was not wrapped in act(...).

When testing, code that causes React state updates should be wrapped into act(...):

act(() => {
  /* fire events that update state */
});
/* assert on the output */

This ensures that you're testing the behavior the user would see in the browser. Learn more at https://react.dev/link/wrap-tests-with-act
An update to StockChart inside a test was not wrapped in act(...).

When testing, code that causes React state updates should be wrapped into act(...):

act(() => {
  /* fire events that update state */
});
/* assert on the output */

This ensures that you're testing the behavior the user would see in the browser. Learn more at https://react.dev/link/wrap-tests-with-act

[90mstderr[2m | src/components/StockChart.sessionExtChip.test.jsx[2m > [22m[2mthe Pre/Post word sits on the price scale, not on the pane[2m > [22m[2mgives the orange ext price line the WORD as its title on a wide plot
[22m[39mAn update to StockChart inside a test was not wrapped in act(...).

When testing, code that causes React state updates should be wrapped into act(...):

act(() => {
  /* fire events that update state */
});
/* assert on the output */

This ensures that you're testing the behavior the user would see in the browser. Learn more at https://react.dev/link/wrap-tests-with-act
An update to ChartDrawingOverlay inside a test was not wrapped in act(...).

When testing, code that causes React state updates should be wrapped into act(...):

act(() => {
  /* fire events that update state */
});
/* assert on the output */

This ensures that you're testing the behavior the user would see in the browser. Learn more at https://react.dev/link/wrap-tests-with-act
An update to ChartDrawingOverlay inside a test was not wrapped in act(...).

When testing, code that causes React state updates should be wrapped into act(...):

act(() => {
  /* fire events that update state */
});
/* assert on the output */

This ensures that you're testing the behavior the user would see in the browser. Learn more at https://react.dev/link/wrap-tests-with-act
An update to ChartDrawingOverlay inside a test was not wrapped in act(...).

When testing, code that causes React state updates should be wrapped into act(...):

act(() => {
  /* fire events that update state */
});
/* assert on the output */

This ensures that you're testing the behavior the user would see in the browser. Learn more at https://react.dev/link/wrap-tests-with-act
An update to ChartDrawingOverlay inside a test was not wrapped in act(...).

When testing, code that causes React state updates should be wrapped into act(...):

act(() => {
  /* fire events that update state */
});
/* assert on the output */

This ensures that you're testing the behavior the user would see in the browser. Learn more at https://react.dev/link/wrap-tests-with-act
An update to ChartDrawingOverlay inside a test was not wrapped in act(...).

When testing, code that causes React state updates should be wrapped into act(...):

act(() => {
  /* fire events that update state */
});
/* assert on the output */

This ensures that you're testing the behavior the user would see in the browser. Learn more at https://react.dev/link/wrap-tests-with-act
An update to ChartDrawingOverlay inside a test was not wrapped in act(...).

When testing, code that causes React state updates should be wrapped into act(...):

act(() => {
  /* fire events that update state */
});
/* assert on the output */

This ensures that you're testing the behavior the user would see in the browser. Learn more at https://react.dev/link/wrap-tests-with-act
An update to StockChart inside a test was not wrapped in act(...).

When testing, code that causes React state updates should be wrapped into act(...):

act(() => {
  /* fire events that update state */
});
/* assert on the output */

This ensures that you're testing the behavior the user would see in the browser. Learn more at https://react.dev/link/wrap-tests-with-act
An update to StockChart inside a test was not wrapped in act(...).

When testing, code that causes React state updates should be wrapped into act(...):

act(() => {
  /* fire events that update state */
});
/* assert on the output */

This ensures that you're testing the behavior the user would see in the browser. Learn more at https://react.dev/link/wrap-tests-with-act
An update to StockChart inside a test was not wrapped in act(...).

When testing, code that causes React state updates should be wrapped into act(...):

act(() => {
  /* fire events that update state */
});
/* assert on the output */

This ensures that you're testing the behavior the user would see in the browser. Learn more at https://react.dev/link/wrap-tests-with-act
An update to StockChart inside a test was not wrapped in act(...).

When testing, code that causes React state updates should be wrapped into act(...):

act(() => {
  /* fire events that update state */
});
/* assert on the output */

This ensures that you're testing the behavior the user would see in the browser. Learn more at https://react.dev/link/wrap-tests-with-act
An update to StockChart inside a test was not wrapped in act(...).

When testing, code that causes React state updates should be wrapped into act(...):

act(() => {
  /* fire events that update state */
});
/* assert on the output */

This ensures that you're testing the behavior the user would see in the browser. Learn more at https://react.dev/link/wrap-tests-with-act
An update to StockChart inside a test was not wrapped in act(...).

When testing, code that causes React state updates should be wrapped into act(...):

act(() => {
  /* fire events that update state */
});
/* assert on the output */

This ensures that you're testing the behavior the user would see in the browser. Learn more at https://react.dev/link/wrap-tests-with-act

[90mstderr[2m | src/components/StockChart.sessionExtChip.test.jsx[2m > [22m[2mthe Pre/Post word sits on the price scale, not on the pane[2m > [22m[2mgives the orange ext price line the WORD as its title on a wide plot
[22m[39mAn update to PatternOverlay inside a test was not wrapped in act(...).

When testing, code that causes React state updates should be wrapped into act(...):

act(() => {
  /* fire events that update state */
});
/* assert on the output */

This ensures that you're testing the behavior the user would see in the browser. Learn more at https://react.dev/link/wrap-tests-with-act
An update to StockChart inside a test was not wrapped in act(...).

When testing, code that causes React state updates should be wrapped into act(...):

act(() => {
  /* fire events that update state */
});
/* assert on the output */

This ensures that you're testing the behavior the user would see in the browser. Learn more at https://react.dev/link/wrap-tests-with-act
An update to StockChart inside a test was not wrapped in act(...).

When testing, code that causes React state updates should be wrapped into act(...):

act(() => {
  /* fire events that update state */
});
/* assert on the output */

This ensures that you're testing the behavior the user would see in the browser. Learn more at https://react.dev/link/wrap-tests-with-act
An update to StockChart inside a test was not wrapped in act(...).

When testing, code that causes React state updates should be wrapped into act(...):

act(() => {
  /* fire events that update state */
});
/* assert on the output */

This ensures that you're testing the behavior the user would see in the browser. Learn more at https://react.dev/link/wrap-tests-with-act
An update to StockChart inside a test was not wrapped in act(...).

When testing, code that causes React state updates should be wrapped into act(...):

act(() => {
  /* fire events that update state */
});
/* assert on the output */

This ensures that you're testing the behavior the user would see in the browser. Learn more at https://react.dev/link/wrap-tests-with-act
An update to StockChart inside a test was not wrapped in act(...).

When testing, code that causes React state updates should be wrapped into act(...):

act(() => {
  /* fire events that update state */
});
/* assert on the output */

This ensures that you're testing the behavior the user would see in the browser. Learn more at https://react.dev/link/wrap-tests-with-act
An update to StockChart inside a test was not wrapped in act(...).

When testing, code that causes React state updates should be wrapped into act(...):

act(() => {
  /* fire events that update state */
});
/* assert on the output */

This ensures that you're testing the behavior the user would see in the browser. Learn more at https://react.dev/link/wrap-tests-with-act

[90mstderr[2m | src/components/StockChart.sessionExtChip.test.jsx[2m > [22m[2mthe Pre/Post word sits on the price scale, not on the pane[2m > [22m[2mdoes not render the chip when price labels are switched off
[22m[39mAn update to StockChart inside a test was not wrapped in act(...).

When testing, code that causes React state updates should be wrapped into act(...):

act(() => {
  /* fire events that update state */
});
/* assert on the output */

This ensures that you're testing the behavior the user would see in the browser. Learn more at https://react.dev/link/wrap-tests-with-act
An update to StockChart inside a test was not wrapped in act(...).

When testing, code that causes React state updates should be wrapped into act(...):

act(() => {
  /* fire events that update state */
});
/* assert on the output */

This ensures that you're testing the behavior the user would see in the browser. Learn more at https://react.dev/link/wrap-tests-with-act
An update to StockChart inside a test was not wrapped in act(...).

When testing, code that causes React state updates should be wrapped into act(...):

act(() => {
  /* fire events that update state */
});
/* assert on the output */

This ensures that you're testing the behavior the user would see in the browser. Learn more at https://react.dev/link/wrap-tests-with-act
An update to StockChart inside a test was not wrapped in act(...).

When testing, code that causes React state updates should be wrapped into act(...):

act(() => {
  /* fire events that update state */
});
/* assert on the output */

This ensures that you're testing the behavior the user would see in the browser. Learn more at https://react.dev/link/wrap-tests-with-act
An update to StockChart inside a test was not wrapped in act(...).

When testing, code that causes React state updates should be wrapped into act(...):

act(() => {
  /* fire events that update state */
});
/* assert on the output */

This ensures that you're testing the behavior the user would see in the browser. Learn more at https://react.dev/link/wrap-tests-with-act
An update to StockChart inside a test was not wrapped in act(...).

When testing, code that causes React state updates should be wrapped into act(...):

act(() => {
  /* fire events that update state */
});
/* assert on the output */

This ensures that you're testing the behavior the user would see in the browser. Learn more at https://react.dev/link/wrap-tests-with-act
An update to StockChart inside a test was not wrapped in act(...).

When testing, code that causes React state updates should be wrapped into act(...):

act(() => {
  /* fire events that update state */
});
/* assert on the output */

This ensures that you're testing the behavior the user would see in the browser. Learn more at https://react.dev/link/wrap-tests-with-act
An update to StockChart inside a test was not wrapped in act(...).

When testing, code that causes React state updates should be wrapped into act(...):

act(() => {
  /* fire events that update state */
});
/* assert on the output */

This ensures that you're testing the behavior the user would see in the browser. Learn more at https://react.dev/link/wrap-tests-with-act
An update to StockChart inside a test was not wrapped in act(...).

When testing, code that causes React state updates should be wrapped into act(...):

act(() => {
  /* fire events that update state */
});
/* assert on the output */

This ensures that you're testing the behavior the user would see in the browser. Learn more at https://react.dev/link/wrap-tests-with-act

[90mstderr[2m | src/components/StockChart.sessionExtChip.test.jsx[2m > [22m[2mthe Pre/Post word sits on the price scale, not on the pane[2m > [22m[2mdoes not render the chip when price labels are switched off
[22m[39mAn update to StockChart inside a test was not wrapped in act(...).

When testing, code that causes React state updates should be wrapped into act(...):

act(() => {
  /* fire events that update state */
});
/* assert on the output */

This ensures that you're testing the behavior the user would see in the browser. Learn more at https://react.dev/link/wrap-tests-with-act
An update to StockChart inside a test was not wrapped in act(...).

When testing, code that causes React state updates should be wrapped into act(...):

act(() => {
  /* fire events that update state */
});
/* assert on the output */

This ensures that you're testing the behavior the user would see in the browser. Learn more at https://react.dev/link/wrap-tests-with-act

[90mstderr[2m | src/pages/journal-2-0/components/notebook/NoteEditorPage.noteMenu.test.jsx[2m > [22m[2mNoteEditorPage — the note menu door (wave 6 fix round 1, I1)[2m > [22m[2mthe menu api carries sendPendingEdits: a word inside the autosave window is sent before it answers
[22m[39mAn update to TableToolbar inside a test was not wrapped in act(...).

When testing, code that causes React state updates should be wrapped into act(...):

act(() => {
  /* fire events that update state */
});
/* assert on the output */

This ensures that you're testing the behavior the user would see in the browser. Learn more at https://react.dev/link/wrap-tests-with-act
An update to LinkPasteMenu inside a test was not wrapped in act(...).

When testing, code that causes React state updates should be wrapped into act(...):

act(() => {
  /* fire events that update state */
});
/* assert on the output */

This ensures that you're testing the behavior the user would see in the browser. Learn more at https://react.dev/link/wrap-tests-with-act
An update to NoteEditorPage inside a test was not wrapped in act(...).

When testing, code that causes React state updates should be wrapped into act(...):

act(() => {
  /* fire events that update state */
});
/* assert on the output */

This ensures that you're testing the behavior the user would see in the browser. Learn more at https://react.dev/link/wrap-tests-with-act
An update to NoteEditorPage inside a test was not wrapped in act(...).

When testing, code that causes React state updates should be wrapped into act(...):

act(() => {
  /* fire events that update state */
});
/* assert on the output */

This ensures that you're testing the behavior the user would see in the browser. Learn more at https://react.dev/link/wrap-tests-with-act
An update to NoteEditorPage inside a test was not wrapped in act(...).

When testing, code that causes React state updates should be wrapped into act(...):

act(() => {
  /* fire events that update state */
});
/* assert on the output */

This ensures that you're testing the behavior the user would see in the browser. Learn more at https://react.dev/link/wrap-tests-with-act
An update to NoteEditorPage inside a test was not wrapped in act(...).

When testing, code that causes React state updates should be wrapped into act(...):

act(() => {
  /* fire events that update state */
});
/* assert on the output */

This ensures that you're testing the behavior the user would see in the browser. Learn more at https://react.dev/link/wrap-tests-with-act

[90mstderr[2m | src/pages/journal-2-0/components/notebook/NoteEditorPage.noteMenu.test.jsx[2m > [22m[2mNoteEditorPage — the note menu door (wave 6 fix round 1, I1)[2m > [22m[2mCONTROL: with nothing typed there is nothing to send, and it answers true
[22m[39mAn update to NoteEditorPage inside a test was not wrapped in act(...).

When testing, code that causes React state updates should be wrapped into act(...):

act(() => {
  /* fire events that update state */
});
/* assert on the output */

This ensures that you're testing the behavior the user would see in the browser. Learn more at https://react.dev/link/wrap-tests-with-act

[90mstderr[2m | src/pages/charts/widgets/BreadthWidget.test.jsx[2m > [22m[2mrenders the heatmap with grouped tier tiles from the live metric defs
[22m[39mAn update to BreadthWidget inside a test was not wrapped in act(...).

When testing, code that causes React state updates should be wrapped into act(...):

act(() => {
  /* fire events that update state */
});
/* assert on the output */

This ensures that you're testing the behavior the user would see in the browser. Learn more at https://react.dev/link/wrap-tests-with-act
An update to BreadthWidget inside a test was not wrapped in act(...).

When testing, code that causes React state updates should be wrapped into act(...):

act(() => {
  /* fire events that update state */
});
/* assert on the output */

This ensures that you're testing the behavior the user would see in the browser. Learn more at https://react.dev/link/wrap-tests-with-act

[90mstderr[2m | src/pages/charts/widgets/BreadthWidget.test.jsx[2m > [22m[2mrenders the heatmap with grouped tier tiles from the live metric defs
[22m[39mAn update to BreadthWidget inside a test was not wrapped in act(...).

When testing, code that causes React state updates should be wrapped into act(...):

act(() => {
  /* fire events that update state */
});
/* assert on the output */

This ensures that you're testing the behavior the user would see in the browser. Learn more at https://react.dev/link/wrap-tests-with-act

[90mstderr[2m | src/pages/charts/widgets/BreadthWidget.test.jsx[2m > [22m[2mtop row is a flat tab strip with Heatmap ⇄ Ratio Bars view pills (no title)
[22m[39mAn update to BreadthWidget inside a test was not wrapped in act(...).

When testing, code that causes React state updates should be wrapped into act(...):

act(() => {
  /* fire events that update state */
});
/* assert on the output */

This ensures that you're testing the behavior the user would see in the browser. Learn more at https://react.dev/link/wrap-tests-with-act
An update to BreadthWidget inside a test was not wrapped in act(...).

When testing, code that causes React state updates should be wrapped into act(...):

act(() => {
  /* fire events that update state */
});
/* assert on the output */

This ensures that you're testing the behavior the user would see in the browser. Learn more at https://react.dev/link/wrap-tests-with-act

[90mstderr[2m | src/pages/charts/widgets/BreadthWidget.test.jsx[2m > [22m[2mtop row is a flat tab strip with Heatmap ⇄ Ratio Bars view pills (no title)
[22m[39mAn update to BreadthWidget inside a test was not wrapped in act(...).

When testing, code that causes React state updates should be wrapped into act(...):

act(() => {
  /* fire events that update state */
});
/* assert on the output */

This ensures that you're testing the behavior the user would see in the browser. Learn more at https://react.dev/link/wrap-tests-with-act

[90mstderr[2m | src/pages/charts/widgets/BreadthWidget.test.jsx[2m > [22m[2mthe Internals group + its readings appear (advance/decline, from-open, on-volume)
[22m[39mAn update to BreadthWidget inside a test was not wrapped in act(...).

When testing, code that causes React state updates should be wrapped into act(...):

act(() => {
  /* fire events that update state */
});
/* assert on the output */

This ensures that you're testing the behavior the user would see in the browser. Learn more at https://react.dev/link/wrap-tests-with-act
An update to BreadthWidget inside a test was not wrapped in act(...).

When testing, code that causes React state updates should be wrapped into act(...):

act(() => {
  /* fire events that update state */
});
/* assert on the output */

This ensures that you're testing the behavior the user would see in the browser. Learn more at https://react.dev/link/wrap-tests-with-act

[90mstderr[2m | src/pages/charts/widgets/BreadthWidget.test.jsx[2m > [22m[2mthe Internals group + its readings appear (advance/decline, from-open, on-volume)
[22m[39mAn update to BreadthWidget inside a test was not wrapped in act(...).

When testing, code that causes React state updates should be wrapped into act(...):

act(() => {
  /* fire events that update state */
});
/* assert on the output */

This ensures that you're testing the behavior the user would see in the browser. Learn more at https://react.dev/link/wrap-tests-with-act

[90mstderr[2m | src/pages/charts/widgets/BreadthWidget.test.jsx[2m > [22m[2mthe Ratio Bars pill switches to split gauges (persisted via opts.view)
[22m[39mAn update to BreadthWidget inside a test was not wrapped in act(...).

When testing, code that causes React state updates should be wrapped into act(...):

act(() => {
  /* fire events that update state */
});
/* assert on the output */

This ensures that you're testing the behavior the user would see in the browser. Learn more at https://react.dev/link/wrap-tests-with-act
An update to BreadthWidget inside a test was not wrapped in act(...).

When testing, code that causes React state updates should be wrapped into act(...):

act(() => {
  /* fire events that update state */
});
/* assert on the output */

This ensures that you're testing the behavior the user would see in the browser. Learn more at https://react.dev/link/wrap-tests-with-act

[90mstderr[2m | src/pages/charts/widgets/BreadthWidget.test.jsx[2m > [22m[2mthe Ratio Bars pill switches to split gauges (persisted via opts.view)
[22m[39mAn update to BreadthWidget inside a test was not wrapped in act(...).

When testing, code that causes React state updates should be wrapped into act(...):

act(() => {
  /* fire events that update state */
});
/* assert on the output */

This ensures that you're testing the behavior the user would see in the browser. Learn more at https://react.dev/link/wrap-tests-with-act

[90mstderr[2m | src/pages/charts/widgets/BreadthWidget.test.jsx[2m > [22m[2mRatio Bars shows ALL five pairs, including the live-only internals
[22m[39mAn update to BreadthWidget inside a test was not wrapped in act(...).

When testing, code that causes React state updates should be wrapped into act(...):

act(() => {
  /* fire events that update state */
});
/* assert on the output */

This ensures that you're testing the behavior the user would see in the browser. Learn more at https://react.dev/link/wrap-tests-with-act
An update to BreadthWidget inside a test was not wrapped in act(...).

When testing, code that causes React state updates should be wrapped into act(...):

act(() => {
  /* fire events that update state */
});
/* assert on the output */

This ensures that you're testing the behavior the user would see in the browser. Learn more at https://react.dev/link/wrap-tests-with-act

[90mstderr[2m | src/pages/charts/widgets/BreadthWidget.test.jsx[2m > [22m[2mRatio Bars shows ALL five pairs, including the live-only internals
[22m[39mAn update to BreadthWidget inside a test was not wrapped in act(...).

When testing, code that causes React state updates should be wrapped into act(...):

act(() => {
  /* fire events that update state */
});
/* assert on the output */

This ensures that you're testing the behavior the user would see in the browser. Learn more at https://react.dev/link/wrap-tests-with-act

[90mstderr[2m | src/pages/charts/widgets/BreadthWidget.test.jsx[2m > [22m[2mopts.view=ratio renders Ratio Bars on mount
[22m[39mAn update to BreadthWidget inside a test was not wrapped in act(...).

When testing, code that causes React state updates should be wrapped into act(...):

act(() => {
  /* fire events that update state */
});
/* assert on the output */

This ensures that you're testing the behavior the user would see in the browser. Learn more at https://react.dev/link/wrap-tests-with-act
An update to BreadthWidget inside a test was not wrapped in act(...).

When testing, code that causes React state updates should be wrapped into act(...):

act(() => {
  /* fire events that update state */
});
/* assert on the output */

This ensures that you're testing the behavior the user would see in the browser. Learn more at https://react.dev/link/wrap-tests-with-act

[90mstderr[2m | src/pages/charts/widgets/BreadthWidget.test.jsx[2m > [22m[2mopts.view=ratio renders Ratio Bars on mount
[22m[39mAn update to BreadthWidget inside a test was not wrapped in act(...).

When testing, code that causes React state updates should be wrapped into act(...):

act(() => {
  /* fire events that update state */
});
/* assert on the output */

This ensures that you're testing the behavior the user would see in the browser. Learn more at https://react.dev/link/wrap-tests-with-act

[90mstderr[2m | src/pages/charts/widgets/BreadthWidget.test.jsx[2m > [22m[2mfooter shows a last-updated TIME (like the Scanner) + a refresh button
[22m[39mAn update to BreadthWidget inside a test was not wrapped in act(...).

When testing, code that causes React state updates should be wrapped into act(...):

act(() => {
  /* fire events that update state */
});
/* assert on the output */

This ensures that you're testing the behavior the user would see in the browser. Learn more at https://react.dev/link/wrap-tests-with-act
An update to BreadthWidget inside a test was not wrapped in act(...).

When testing, code that causes React state updates should be wrapped into act(...):

act(() => {
  /* fire events that update state */
});
/* assert on the output */

This ensures that you're testing the behavior the user would see in the browser. Learn more at https://react.dev/link/wrap-tests-with-act

[90mstderr[2m | src/pages/charts/widgets/BreadthWidget.test.jsx[2m > [22m[2mfooter shows a last-updated TIME (like the Scanner) + a refresh button
[22m[39mAn update to BreadthWidget inside a test was not wrapped in act(...).

When testing, code that causes React state updates should be wrapped into act(...):

act(() => {
  /* fire events that update state */
});
/* assert on the output */

This ensures that you're testing the behavior the user would see in the browser. Learn more at https://react.dev/link/wrap-tests-with-act

[90mstderr[2m | src/pages/charts/widgets/BreadthWidget.test.jsx[2m > [22m[2mthe ✕ on a tile hides that reading through opts.hiddenMetrics
[22m[39mAn update to BreadthWidget inside a test was not wrapped in act(...).

When testing, code that causes React state updates should be wrapped into act(...):

act(() => {
  /* fire events that update state */
});
/* assert on the output */

This ensures that you're testing the behavior the user would see in the browser. Learn more at https://react.dev/link/wrap-tests-with-act
An update to BreadthWidget inside a test was not wrapped in act(...).

When testing, code that causes React state updates should be wrapped into act(...):

act(() => {
  /* fire events that update state */
});
/* assert on the output */

This ensures that you're testing the behavior the user would see in the browser. Learn more at https://react.dev/link/wrap-tests-with-act

[90mstderr[2m | src/pages/charts/widgets/BreadthWidget.test.jsx[2m > [22m[2mthe ✕ on a tile hides that reading through opts.hiddenMetrics
[22m[39mAn update to BreadthWidget inside a test was not wrapped in act(...).

When testing, code that causes React state updates should be wrapped into act(...):

act(() => {
  /* fire events that update state */
});
/* assert on the output */

This ensures that you're testing the behavior the user would see in the browser. Learn more at https://react.dev/link/wrap-tests-with-act

[90mstderr[2m | src/pages/charts/widgets/BreadthWidget.test.jsx[2m > [22m[2ma hidden reading renders no tile
[22m[39mAn update to BreadthWidget inside a test was not wrapped in act(...).

When testing, code that causes React state updates should be wrapped into act(...):

act(() => {
  /* fire events that update state */
});
/* assert on the output */

This ensures that you're testing the behavior the user would see in the browser. Learn more at https://react.dev/link/wrap-tests-with-act
An update to BreadthWidget inside a test was not wrapped in act(...).

When testing, code that causes React state updates should be wrapped into act(...):

act(() => {
  /* fire events that update state */
});
/* assert on the output */

This ensures that you're testing the behavior the user would see in the browser. Learn more at https://react.dev/link/wrap-tests-with-act

[90mstderr[2m | src/pages/charts/widgets/BreadthWidget.test.jsx[2m > [22m[2ma hidden reading renders no tile
[22m[39mAn update to BreadthWidget inside a test was not wrapped in act(...).

When testing, code that causes React state updates should be wrapped into act(...):

act(() => {
  /* fire events that update state */
});
/* assert on the output */

This ensures that you're testing the behavior the user would see in the browser. Learn more at https://react.dev/link/wrap-tests-with-act

[90mstderr[2m | src/pages/charts/widgets/BreadthWidget.test.jsx[2m > [22m[2mthe ＋ menu toggles a reading
[22m[39mAn update to BreadthWidget inside a test was not wrapped in act(...).

When testing, code that causes React state updates should be wrapped into act(...):

act(() => {
  /* fire events that update state */
});
/* assert on the output */

This ensures that you're testing the behavior the user would see in the browser. Learn more at https://react.dev/link/wrap-tests-with-act
An update to BreadthWidget inside a test was not wrapped in act(...).

When testing, code that causes React state updates should be wrapped into act(...):

act(() => {
  /* fire events that update state */
});
/* assert on the output */

This ensures that you're testing the behavior the user would see in the browser. Learn more at https://react.dev/link/wrap-tests-with-act

[90mstderr[2m | src/pages/charts/widgets/BreadthWidget.test.jsx[2m > [22m[2mthe ＋ menu toggles a reading
[22m[39mAn update to BreadthWidget inside a test was not wrapped in act(...).

When testing, code that causes React state updates should be wrapped into act(...):

act(() => {
  /* fire events that update state */
});
/* assert on the output */

This ensures that you're testing the behavior the user would see in the browser. Learn more at https://react.dev/link/wrap-tests-with-act

[90mstderr[2m | src/pages/charts/widgets/BreadthWidget.test.jsx[2m > [22m[2mshows loading state before data arrives
[22m[39mAn update to BreadthWidget inside a test was not wrapped in act(...).

When testing, code that causes React state updates should be wrapped into act(...):

act(() => {
  /* fire events that update state */
});
/* assert on the output */

This ensures that you're testing the behavior the user would see in the browser. Learn more at https://react.dev/link/wrap-tests-with-act
An update to BreadthWidget inside a test was not wrapped in act(...).

When testing, code that causes React state updates should be wrapped into act(...):

act(() => {
  /* fire events that update state */
});
/* assert on the output */

This ensures that you're testing the behavior the user would see in the browser. Learn more at https://react.dev/link/wrap-tests-with-act

[90mstderr[2m | src/pages/charts/widgets/BreadthWidget.test.jsx[2m > [22m[2mshows loading state before data arrives
[22m[39mAn update to BreadthWidget inside a test was not wrapped in act(...).

When testing, code that causes React state updates should be wrapped into act(...):

act(() => {
  /* fire events that update state */
});
/* assert on the output */

This ensures that you're testing the behavior the user would see in the browser. Learn more at https://react.dev/link/wrap-tests-with-act

[90mstderr[2m | src/pages/charts/widgets/BreadthWidget.test.jsx[2m > [22m[2mhas a settings gear
[22m[39mAn update to BreadthWidget inside a test was not wrapped in act(...).

When testing, code that causes React state updates should be wrapped into act(...):

act(() => {
  /* fire events that update state */
});
/* assert on the output */

This ensures that you're testing the behavior the user would see in the browser. Learn more at https://react.dev/link/wrap-tests-with-act
An update to BreadthWidget inside a test was not wrapped in act(...).

When testing, code that causes React state updates should be wrapped into act(...):

act(() => {
  /* fire events that update state */
});
/* assert on the output */

This ensures that you're testing the behavior the user would see in the browser. Learn more at https://react.dev/link/wrap-tests-with-act

[90mstderr[2m | src/pages/charts/widgets/BreadthWidget.test.jsx[2m > [22m[2mhas a settings gear
[22m[39mAn update to BreadthWidget inside a test was not wrapped in act(...).

When testing, code that causes React state updates should be wrapped into act(...):

act(() => {
  /* fire events that update state */
});
/* assert on the output */

This ensures that you're testing the behavior the user would see in the browser. Learn more at https://react.dev/link/wrap-tests-with-act

[90mstderr[2m | src/pages/journal-2-0/tabs/NotebookTab.boardView.test.jsx[2m > [22m[2mNotebookTab — board view wiring[2m > [22m[2moffers a board view beside list, table and graph
[22m[39mAn update to NotebookTab inside a test was not wrapped in act(...).

When testing, code that causes React state updates should be wrapped into act(...):

act(() => {
  /* fire events that update state */
});
/* assert on the output */

This ensures that you're testing the behavior the user would see in the browser. Learn more at https://react.dev/link/wrap-tests-with-act
An update to NotebookTab inside a test was not wrapped in act(...).

When testing, code that causes React state updates should be wrapped into act(...):

act(() => {
  /* fire events that update state */
});
/* assert on the output */

This ensures that you're testing the behavior the user would see in the browser. Learn more at https://react.dev/link/wrap-tests-with-act
An update to NotebookTab inside a test was not wrapped in act(...).

When testing, code that causes React state updates should be wrapped into act(...):

act(() => {
  /* fire events that update state */
});
/* assert on the output */

This ensures that you're testing the behavior the user would see in the browser. Learn more at https://react.dev/link/wrap-tests-with-act
An update to NotebookTab inside a test was not wrapped in act(...).

When testing, code that causes React state updates should be wrapped into act(...):

act(() => {
  /* fire events that update state */
});
/* assert on the output */

This ensures that you're testing the behavior the user would see in the browser. Learn more at https://react.dev/link/wrap-tests-with-act
An update to NotebookTab inside a test was not wrapped in act(...).

When testing, code that causes React state updates should be wrapped into act(...):

act(() => {
  /* fire events that update state */
});
/* assert on the output */

This ensures that you're testing the behavior the user would see in the browser. Learn more at https://react.dev/link/wrap-tests-with-act

[90mstderr[2m | src/pages/journal-2-0/tabs/NotebookTab.boardView.test.jsx[2m > [22m[2mNotebookTab — board view wiring[2m > [22m[2mOFFERS "Save view" in board mode, and captures the GROUPING
[22m[39mAn update to NotebookTab inside a test was not wrapped in act(...).

When testing, code that causes React state updates should be wrapped into act(...):

act(() => {
  /* fire events that update state */
});
/* assert on the output */

This ensures that you're testing the behavior the user would see in the browser. Learn more at https://react.dev/link/wrap-tests-with-act

[90mstderr[2m | src/components/chart/ChartToolbar.indicatorLibrary.test.jsx[2m > [22m[2mChartToolbar — the indicator library[2m > [22m[2m⛔ NO labelled Indicators button — Chart Settings → Indicators is the one home
[22m[39mAn update to ForwardRef(ChartToolbar) inside a test was not wrapped in act(...).

When testing, code that causes React state updates should be wrapped into act(...):

act(() => {
  /* fire events that update state */
});
/* assert on the output */

This ensures that you're testing the behavior the user would see in the browser. Learn more at https://react.dev/link/wrap-tests-with-act

[90mstderr[2m | src/components/chart/ChartToolbar.indicatorLibrary.test.jsx[2m > [22m[2mChartToolbar — the indicator library[2m > [22m[2madds an indicator end to end, through the toolbar's own settings writer
[22m[39mAn update to ForwardRef(ChartToolbar) inside a test was not wrapped in act(...).

When testing, code that causes React state updates should be wrapped into act(...):

act(() => {
  /* fire events that update state */
});
/* assert on the output */

This ensures that you're testing the behavior the user would see in the browser. Learn more at https://react.dev/link/wrap-tests-with-act

[90mstderr[2m | src/components/chart/ChartToolbar.indicatorLibrary.test.jsx[2m > [22m[2mChartToolbar — the indicator library[2m > [22m[2m⭐ opens the ONE mounted builder through `openFormulaBuilder`
[22m[39mAn update to ForwardRef(ChartToolbar) inside a test was not wrapped in act(...).

When testing, code that causes React state updates should be wrapped into act(...):

act(() => {
  /* fire events that update state */
});
/* assert on the output */

This ensures that you're testing the behavior the user would see in the browser. Learn more at https://react.dev/link/wrap-tests-with-act
An update to ForwardRef(ChartToolbar) inside a test was not wrapped in act(...).

When testing, code that causes React state updates should be wrapped into act(...):

act(() => {
  /* fire events that update state */
});
/* assert on the output */

This ensures that you're testing the behavior the user would see in the browser. Learn more at https://react.dev/link/wrap-tests-with-act

[90mstderr[2m | src/components/chart/ChartToolbar.indicatorLibrary.test.jsx[2m > [22m[2mChartToolbar — the indicator library[2m > [22m[2m…and a MANAGED mount site opens it through the same imperative door
[22m[39mAn update to ForwardRef(ChartToolbar) inside a test was not wrapped in act(...).

When testing, code that causes React state updates should be wrapped into act(...):

act(() => {
  /* fire events that update state */
});
/* assert on the output */

This ensures that you're testing the behavior the user would see in the browser. Learn more at https://react.dev/link/wrap-tests-with-act

[90mstderr[2m | src/components/chart/ChartToolbar.indicatorLibrary.test.jsx[2m > [22m[2mChartToolbar — the indicator library[2m > [22m[2m🐛 a click inside the library does not close the settings panel underneath
[22m[39mAn update to ForwardRef(ChartToolbar) inside a test was not wrapped in act(...).

When testing, code that causes React state updates should be wrapped into act(...):

act(() => {
  /* fire events that update state */
});
/* assert on the output */

This ensures that you're testing the behavior the user would see in the browser. Learn more at https://react.dev/link/wrap-tests-with-act

[90mstderr[2m | src/pages/journal-2-0/components/notebook/ScannedTextPanel.test.jsx[2m > [22m[2mthe selection path is the viewer's existing one[2m > [22m[2mcollapses when the page changes, rather than showing the last page's words
[22m[39mAn update to ScannedTextPanel inside a test was not wrapped in act(...).

When testing, code that causes React state updates should be wrapped into act(...):

act(() => {
  /* fire events that update state */
});
/* assert on the output */

This ensures that you're testing the behavior the user would see in the browser. Learn more at https://react.dev/link/wrap-tests-with-act
An update to ScannedTextPanel inside a test was not wrapped in act(...).

When testing, code that causes React state updates should be wrapped into act(...):

act(() => {
  /* fire events that update state */
});
/* assert on the output */

This ensures that you're testing the behavior the user would see in the browser. Learn more at https://react.dev/link/wrap-tests-with-act
An update to ScannedTextPanel inside a test was not wrapped in act(...).

When testing, code that causes React state updates should be wrapped into act(...):

act(() => {
  /* fire events that update state */
});
/* assert on the output */

This ensures that you're testing the behavior the user would see in the browser. Learn more at https://react.dev/link/wrap-tests-with-act

[90mstderr[2m | src/pages/research/tabs/FlowTab.test.jsx[2m > [22m[2mFlowTab[2m > [22m[2mshows a loading state before data resolves
[22m[39mAn update to AuthProvider inside a test was not wrapped in act(...).

When testing, code that causes React state updates should be wrapped into act(...):

act(() => {
  /* fire events that update state */
});
/* assert on the output */

This ensures that you're testing the behavior the user would see in the browser. Learn more at https://react.dev/link/wrap-tests-with-act
An update to AuthProvider inside a test was not wrapped in act(...).

When testing, code that causes React state updates should be wrapped into act(...):

act(() => {
  /* fire events that update state */
});
/* assert on the output */

This ensures that you're testing the behavior the user would see in the browser. Learn more at https://react.dev/link/wrap-tests-with-act

[90mstderr[2m | src/pages/research/tabs/FlowTab.test.jsx[2m > [22m[2mFlowTab[2m > [22m[2mshows an honest empty state when the endpoint returns no qualifying contracts
[22m[39mAn update to AuthProvider inside a test was not wrapped in act(...).

When testing, code that causes React state updates should be wrapped into act(...):

act(() => {
  /* fire events that update state */
});
/* assert on the output */

This ensures that you're testing the behavior the user would see in the browser. Learn more at https://react.dev/link/wrap-tests-with-act
An update to AuthProvider inside a test was not wrapped in act(...).

When testing, code that causes React state updates should be wrapped into act(...):

act(() => {
  /* fire events that update state */
});
/* assert on the output */

This ensures that you're testing the behavior the user would see in the browser. Learn more at https://react.dev/link/wrap-tests-with-act

[90mstderr[2m | src/pages/research/tabs/FlowTab.test.jsx[2m > [22m[2mFlowTab[2m > [22m[2mshows an honest empty state when the endpoint reports ok:false (no symbol)
[22m[39mAn update to AuthProvider inside a test was not wrapped in act(...).

When testing, code that causes React state updates should be wrapped into act(...):

act(() => {
  /* fire events that update state */
});
/* assert on the output */

This ensures that you're testing the behavior the user would see in the browser. Learn more at https://react.dev/link/wrap-tests-with-act
An update to AuthProvider inside a test was not wrapped in act(...).

When testing, code that causes React state updates should be wrapped into act(...):

act(() => {
  /* fire events that update state */
});
/* assert on the output */

This ensures that you're testing the behavior the user would see in the browser. Learn more at https://react.dev/link/wrap-tests-with-act

[90mstderr[2m | src/pages/research/tabs/FlowTab.test.jsx[2m > [22m[2mFlowTab[2m > [22m[2mrenders the net-flow summary with direction, premiums, spot, and window
[22m[39mAn update to AuthProvider inside a test was not wrapped in act(...).

When testing, code that causes React state updates should be wrapped into act(...):

act(() => {
  /* fire events that update state */
});
/* assert on the output */

This ensures that you're testing the behavior the user would see in the browser. Learn more at https://react.dev/link/wrap-tests-with-act
An update to AuthProvider inside a test was not wrapped in act(...).

When testing, code that causes React state updates should be wrapped into act(...):

act(() => {
  /* fire events that update state */
});
/* assert on the output */

This ensures that you're testing the behavior the user would see in the browser. Learn more at https://react.dev/link/wrap-tests-with-act

[90mstderr[2m | src/pages/research/tabs/FlowTab.test.jsx[2m > [22m[2mFlowTab[2m > [22m[2mrenders the top-contracts table with premium/volume/OI/perf
[22m[39mAn update to AuthProvider inside a test was not wrapped in act(...).

When testing, code that causes React state updates should be wrapped into act(...):

act(() => {
  /* fire events that update state */
});
/* assert on the output */

This ensures that you're testing the behavior the user would see in the browser. Learn more at https://react.dev/link/wrap-tests-with-act
An update to AuthProvider inside a test was not wrapped in act(...).

When testing, code that causes React state updates should be wrapped into act(...):

act(() => {
  /* fire events that update state */
});
/* assert on the output */

This ensures that you're testing the behavior the user would see in the browser. Learn more at https://react.dev/link/wrap-tests-with-act

[90mstderr[2m | src/pages/research/tabs/FlowTab.test.jsx[2m > [22m[2mFlowTab[2m > [22m[2mnever fabricates a direction from unclassified premium
[22m[39mAn update to AuthProvider inside a test was not wrapped in act(...).

When testing, code that causes React state updates should be wrapped into act(...):

act(() => {
  /* fire events that update state */
});
/* assert on the output */

This ensures that you're testing the behavior the user would see in the browser. Learn more at https://react.dev/link/wrap-tests-with-act
An update to AuthProvider inside a test was not wrapped in act(...).

When testing, code that causes React state updates should be wrapped into act(...):

act(() => {
  /* fire events that update state */
});
/* assert on the output */

This ensures that you're testing the behavior the user would see in the browser. Learn more at https://react.dev/link/wrap-tests-with-act

[90mstderr[2m | src/pages/research/tabs/FlowTab.test.jsx[2m > [22m[2mFlowTab[2m > [22m[2mthe source line is S8 <Provenance>, wording unchanged
[22m[39mAn update to AuthProvider inside a test was not wrapped in act(...).

When testing, code that causes React state updates should be wrapped into act(...):

act(() => {
  /* fire events that update state */
});
/* assert on the output */

This ensures that you're testing the behavior the user would see in the browser. Learn more at https://react.dev/link/wrap-tests-with-act
An update to AuthProvider inside a test was not wrapped in act(...).

When testing, code that causes React state updates should be wrapped into act(...):

act(() => {
  /* fire events that update state */
});
/* assert on the output */

This ensures that you're testing the behavior the user would see in the browser. Learn more at https://react.dev/link/wrap-tests-with-act

[90mstderr[2m | src/pages/research/tabs/FlowTab.test.jsx[2m > [22m[2mFlowTab[2m > [22m[2mthe source disclosure names the endpoint and never invents an observed time
[22m[39mAn update to AuthProvider inside a test was not wrapped in act(...).

When testing, code that causes React state updates should be wrapped into act(...):

act(() => {
  /* fire events that update state */
});
/* assert on the output */

This ensures that you're testing the behavior the user would see in the browser. Learn more at https://react.dev/link/wrap-tests-with-act
An update to AuthProvider inside a test was not wrapped in act(...).

When testing, code that causes React state updates should be wrapped into act(...):

act(() => {
  /* fire events that update state */
});
/* assert on the output */

This ensures that you're testing the behavior the user would see in the browser. Learn more at https://react.dev/link/wrap-tests-with-act

[90mstderr[2m | src/pages/research/tabs/FlowTab.test.jsx[2m > [22m[2mFlowTab[2m > [22m[2mis a real control: the empty state cites nothing
[22m[39mAn update to AuthProvider inside a test was not wrapped in act(...).

When testing, code that causes React state updates should be wrapped into act(...):

act(() => {
  /* fire events that update state */
});
/* assert on the output */

This ensures that you're testing the behavior the user would see in the browser. Learn more at https://react.dev/link/wrap-tests-with-act
An update to AuthProvider inside a test was not wrapped in act(...).

When testing, code that causes React state updates should be wrapped into act(...):

act(() => {
  /* fire events that update state */
});
/* assert on the output */

This ensures that you're testing the behavior the user would see in the browser. Learn more at https://react.dev/link/wrap-tests-with-act

(node:47572) TimeoutNaNWarning: NaN is not a number.
Timeout duration was set to 1.
(Use `node --trace-warnings ...` to show where the warning was created)
[90mstderr[2m | src/pages/journal-2-0/lib/noteContentGuard.reason.test.jsx[2m > [22m[2m⛔⛔ the lock remembers its reason, and the notice SAYS it[2m > [22m[2ma malformed stored body: locked, and the notice shows the MALFORMED sentence
[22m[39m[tiptap warn]: Invalid content. Passed value: {
  type: [32m'doc'[39m,
  content: [
    { type: [32m'paragraph'[39m, content: [36m[Array][39m },
    { type: [32m'paragraph'[39m, content: [36m[Array][39m }
  ]
} Error: RangeError: Empty text nodes are not allowed
    at new TextNode (file:///C:/Users/Patrick/uct-worktrees/_nb-shared-install/node_modules/[4mprosemirror-model[24m/dist/index.js:1543:19)
    at Schema.text (file:///C:/Users/Patrick/uct-worktrees/_nb-shared-install/node_modules/[4mprosemirror-model[24m/dist/index.js:2474:16)
    at Node.fromJSON (file:///C:/Users/Patrick/uct-worktrees/_nb-shared-install/node_modules/[4mprosemirror-model[24m/dist/index.js:1527:27)
    at Schema.nodeFromJSON (file:///C:/Users/Patrick/uct-worktrees/_nb-shared-install/node_modules/[4mprosemirror-model[24m/dist/index.js:2448:42)
    at Array.map (<anonymous>)
    at Fragment.fromJSON (file:///C:/Users/Patrick/uct-worktrees/_nb-shared-install/node_modules/[4mprosemirror-model[24m/dist/index.js:314:41)
    at Node.fromJSON (file:///C:/Users/Patrick/uct-worktrees/_nb-shared-install/node_modules/[4mprosemirror-model[24m/dist/index.js:1529:32)
    at Schema.nodeFromJSON (file:///C:/Users/Patrick/uct-worktrees/_nb-shared-install/node_modules/[4mprosemirror-model[24m/dist/index.js:2448:42)
    at Array.map (<anonymous>)
    at Fragment.fromJSON (file:///C:/Users/Patrick/uct-worktrees/_nb-shared-install/node_modules/[4mprosemirror-model[24m/dist/index.js:314:41)

[90mstderr[2m | src/pages/journal-2-0/lib/noteContentGuard.reason.test.jsx[2m > [22m[2m⛔⛔ the lock remembers its reason, and the notice SAYS it[2m > [22m[2ma body from a newer bundle: locked, and the notice keeps the NEWER sentence
[22m[39m[tiptap warn]: Invalid content. Passed value: {
  type: [32m'doc'[39m,
  content: [
    { type: [32m'paragraph'[39m, content: [36m[Array][39m },
    { type: [32m'waveElevenDiagram'[39m }
  ]
} Error: RangeError: Unknown node type: waveElevenDiagram
    at Schema.nodeType (file:///C:/Users/Patrick/uct-worktrees/_nb-shared-install/node_modules/[4mprosemirror-model[24m/dist/index.js:2490:19)
    at Node.fromJSON (file:///C:/Users/Patrick/uct-worktrees/_nb-shared-install/node_modules/[4mprosemirror-model[24m/dist/index.js:1530:27)
    at Schema.nodeFromJSON (file:///C:/Users/Patrick/uct-worktrees/_nb-shared-install/node_modules/[4mprosemirror-model[24m/dist/index.js:2448:42)
    at Array.map (<anonymous>)
    at Fragment.fromJSON (file:///C:/Users/Patrick/uct-worktrees/_nb-shared-install/node_modules/[4mprosemirror-model[24m/dist/index.js:314:41)
    at Node.fromJSON (file:///C:/Users/Patrick/uct-worktrees/_nb-shared-install/node_modules/[4mprosemirror-model[24m/dist/index.js:1529:32)
    at Schema.nodeFromJSON (file:///C:/Users/Patrick/uct-worktrees/_nb-shared-install/node_modules/[4mprosemirror-model[24m/dist/index.js:2448:42)
    at createNodeFromContent (file:///C:/Users/Patrick/uct-worktrees/_nb-shared-install/node_modules/[4m@tiptap/core[24m/dist/index.js:664:27)
    at createDocument (file:///C:/Users/Patrick/uct-worktrees/_nb-shared-install/node_modules/[4m@tiptap/core[24m/dist/index.js:1173:10)
    at Editor.createDoc (file:///C:/Users/Patrick/uct-worktrees/_nb-shared-install/node_modules/[4m@tiptap/core[24m/dist/index.js:5100:13)

[90mstderr[2m | src/pages/journal-2-0/lib/noteContentGuard.reason.test.jsx[2m > [22m[2m⛔⛔ the lock remembers its reason, and the notice SAYS it[2m > [22m[2ma notice rendered WITHOUT its editor (NoteEditorPage today) uses the unanimous live reason
[22m[39m[tiptap warn]: Invalid content. Passed value: {
  type: [32m'doc'[39m,
  content: [
    { type: [32m'paragraph'[39m, content: [36m[Array][39m },
    { type: [32m'paragraph'[39m, content: [36m[Array][39m }
  ]
} Error: RangeError: Empty text nodes are not allowed
    at new TextNode (file:///C:/Users/Patrick/uct-worktrees/_nb-shared-install/node_modules/[4mprosemirror-model[24m/dist/index.js:1543:19)
    at Schema.text (file:///C:/Users/Patrick/uct-worktrees/_nb-shared-install/node_modules/[4mprosemirror-model[24m/dist/index.js:2474:16)
    at Node.fromJSON (file:///C:/Users/Patrick/uct-worktrees/_nb-shared-install/node_modules/[4mprosemirror-model[24m/dist/index.js:1527:27)
    at Schema.nodeFromJSON (file:///C:/Users/Patrick/uct-worktrees/_nb-shared-install/node_modules/[4mprosemirror-model[24m/dist/index.js:2448:42)
    at Array.map (<anonymous>)
    at Fragment.fromJSON (file:///C:/Users/Patrick/uct-worktrees/_nb-shared-install/node_modules/[4mprosemirror-model[24m/dist/index.js:314:41)
    at Node.fromJSON (file:///C:/Users/Patrick/uct-worktrees/_nb-shared-install/node_modules/[4mprosemirror-model[24m/dist/index.js:1529:32)
    at Schema.nodeFromJSON (file:///C:/Users/Patrick/uct-worktrees/_nb-shared-install/node_modules/[4mprosemirror-model[24m/dist/index.js:2448:42)
    at Array.map (<anonymous>)
    at Fragment.fromJSON (file:///C:/Users/Patrick/uct-worktrees/_nb-shared-install/node_modules/[4mprosemirror-model[24m/dist/index.js:314:41)

[90mstderr[2m | src/pages/journal-2-0/lib/noteContentGuard.reason.test.jsx[2m > [22m[2m⛔⛔ the lock remembers its reason, and the notice SAYS it[2m > [22m[2m…and falls back to the NEWER sentence when live locked editors disagree
[22m[39m[tiptap warn]: Invalid content. Passed value: {
  type: [32m'doc'[39m,
  content: [
    { type: [32m'paragraph'[39m, content: [36m[Array][39m },
    { type: [32m'paragraph'[39m, content: [36m[Array][39m }
  ]
} Error: RangeError: Empty text nodes are not allowed
    at new TextNode (file:///C:/Users/Patrick/uct-worktrees/_nb-shared-install/node_modules/[4mprosemirror-model[24m/dist/index.js:1543:19)
    at Schema.text (file:///C:/Users/Patrick/uct-worktrees/_nb-shared-install/node_modules/[4mprosemirror-model[24m/dist/index.js:2474:16)
    at Node.fromJSON (file:///C:/Users/Patrick/uct-worktrees/_nb-shared-install/node_modules/[4mprosemirror-model[24m/dist/index.js:1527:27)
    at Schema.nodeFromJSON (file:///C:/Users/Patrick/uct-worktrees/_nb-shared-install/node_modules/[4mprosemirror-model[24m/dist/index.js:2448:42)
    at Array.map (<anonymous>)
    at Fragment.fromJSON (file:///C:/Users/Patrick/uct-worktrees/_nb-shared-install/node_modules/[4mprosemirror-model[24m/dist/index.js:314:41)
    at Node.fromJSON (file:///C:/Users/Patrick/uct-worktrees/_nb-shared-install/node_modules/[4mprosemirror-model[24m/dist/index.js:1529:32)
    at Schema.nodeFromJSON (file:///C:/Users/Patrick/uct-worktrees/_nb-shared-install/node_modules/[4mprosemirror-model[24m/dist/index.js:2448:42)
    at Array.map (<anonymous>)
    at Fragment.fromJSON (file:///C:/Users/Patrick/uct-worktrees/_nb-shared-install/node_modules/[4mprosemirror-model[24m/dist/index.js:314:41)
[tiptap warn]: Invalid content. Passed value: { type: [32m'doc'[39m, content: [ { type: [32m'paragraph'[39m, content: [36m[Array][39m } ] } Error: RangeError: There is no mark type waveElevenUnderwave in this schema
    at Mark.fromJSON (file:///C:/Users/Patrick/uct-worktrees/_nb-shared-install/node_modules/[4mprosemirror-model[24m/dist/index.js:505:19)
    at Schema.markFromJSON (file:///C:/Users/Patrick/uct-worktrees/_nb-shared-install/node_modules/[4mprosemirror-model[24m/dist/index.js:2449:42)
    at Array.map (<anonymous>)
    at Node.fromJSON (file:///C:/Users/Patrick/uct-worktrees/_nb-shared-install/node_modules/[4mprosemirror-model[24m/dist/index.js:1522:32)
    at Schema.nodeFromJSON (file:///C:/Users/Patrick/uct-worktrees/_nb-shared-install/node_modules/[4mprosemirror-model[24m/dist/index.js:2448:42)
    at Array.map (<anonymous>)
    at Fragment.fromJSON (file:///C:/Users/Patrick/uct-worktrees/_nb-shared-install/node_modules/[4mprosemirror-model[24m/dist/index.js:314:41)
    at Node.fromJSON (file:///C:/Users/Patrick/uct-worktrees/_nb-shared-install/node_modules/[4mprosemirror-model[24m/dist/index.js:1529:32)
    at Schema.nodeFromJSON (file:///C:/Users/Patrick/uct-worktrees/_nb-shared-install/node_modules/[4mprosemirror-model[24m/dist/index.js:2448:42)
    at Array.map (<anonymous>)

[90mstderr[2m | src/pages/journal-2-0/lib/noteContentGuard.reason.test.jsx[2m > [22m[2ma real surface wired with its editor[2m > [22m[2mthe version-history preview of a malformed version shows the MALFORMED sentence
[22m[39m[tiptap warn]: Invalid content. Passed value: {
  type: [32m'doc'[39m,
  content: [
    { type: [32m'paragraph'[39m, content: [36m[Array][39m },
    { type: [32m'paragraph'[39m, content: [36m[Array][39m }
  ]
} Error: RangeError: Empty text nodes are not allowed
    at new TextNode (file:///C:/Users/Patrick/uct-worktrees/_nb-shared-install/node_modules/[4mprosemirror-model[24m/dist/index.js:1543:19)
    at Schema.text (file:///C:/Users/Patrick/uct-worktrees/_nb-shared-install/node_modules/[4mprosemirror-model[24m/dist/index.js:2474:16)
    at Node.fromJSON (file:///C:/Users/Patrick/uct-worktrees/_nb-shared-install/node_modules/[4mprosemirror-model[24m/dist/index.js:1527:27)
    at Schema.nodeFromJSON (file:///C:/Users/Patrick/uct-worktrees/_nb-shared-install/node_modules/[4mprosemirror-model[24m/dist/index.js:2448:42)
    at Array.map (<anonymous>)
    at Fragment.fromJSON (file:///C:/Users/Patrick/uct-worktrees/_nb-shared-install/node_modules/[4mprosemirror-model[24m/dist/index.js:314:41)
    at Node.fromJSON (file:///C:/Users/Patrick/uct-worktrees/_nb-shared-install/node_modules/[4mprosemirror-model[24m/dist/index.js:1529:32)
    at Schema.nodeFromJSON (file:///C:/Users/Patrick/uct-worktrees/_nb-shared-install/node_modules/[4mprosemirror-model[24m/dist/index.js:2448:42)
    at Array.map (<anonymous>)
    at Fragment.fromJSON (file:///C:/Users/Patrick/uct-worktrees/_nb-shared-install/node_modules/[4mprosemirror-model[24m/dist/index.js:314:41)

[90mstderr[2m | src/pages/__tests__/InternalsRender.letter0929.test.jsx[2m > [22m[2mMarketBreadth delta (shared with the Dashboard tile)[2m > [22m[2mCONTROL: a real move keeps its arrow
[22m[39mAn update to MarketBreadth inside a test was not wrapped in act(...).

When testing, code that causes React state updates should be wrapped into act(...):

act(() => {
  /* fire events that update state */
});
/* assert on the output */

This ensures that you're testing the behavior the user would see in the browser. Learn more at https://react.dev/link/wrap-tests-with-act

[90mstderr[2m | src/pages/__tests__/InternalsRender.letter0929.test.jsx[2m > [22m[2mMarketBreadth delta (shared with the Dashboard tile)[2m > [22m[2ma negative move keeps its arrow
[22m[39mAn update to MarketBreadth inside a test was not wrapped in act(...).

When testing, code that causes React state updates should be wrapped into act(...):

act(() => {
  /* fire events that update state */
});
/* assert on the output */

This ensures that you're testing the behavior the user would see in the browser. Learn more at https://react.dev/link/wrap-tests-with-act

[90mstderr[2m | src/pages/__tests__/InternalsRender.letter0929.test.jsx[2m > [22m[2mMarketBreadth delta (shared with the Dashboard tile)[2m > [22m[2mzero renders no delta at all
[22m[39mAn update to MarketBreadth inside a test was not wrapped in act(...).

When testing, code that causes React state updates should be wrapped into act(...):

act(() => {
  /* fire events that update state */
});
/* assert on the output */

This ensures that you're testing the behavior the user would see in the browser. Learn more at https://react.dev/link/wrap-tests-with-act

[90mstderr[2m | src/pages/screener/shell/ScannerShell.notebookDoor.test.jsx[2m > [22m[2mScreener — Save to Notebook (G-040)[2m > [22m[2mis disabled until a result has landed — there is nothing to freeze yet
[22m[39mAn update to CriteriaBox inside a test was not wrapped in act(...).

When testing, code that causes React state updates should be wrapped into act(...):

act(() => {
  /* fire events that update state */
});
/* assert on the output */

This ensures that you're testing the behavior the user would see in the browser. Learn more at https://react.dev/link/wrap-tests-with-act

[90mstderr[2m | src/pages/screener/shell/ScannerShell.notebookDoor.test.jsx[2m > [22m[2mScreener — Save to Notebook (G-040)[2m > [22m[2mis disabled until a result has landed — there is nothing to freeze yet
[22m[39mAn update to PromoteButton inside a test was not wrapped in act(...).

When testing, code that causes React state updates should be wrapped into act(...):

act(() => {
  /* fire events that update state */
});
/* assert on the output */

This ensures that you're testing the behavior the user would see in the browser. Learn more at https://react.dev/link/wrap-tests-with-act
An update to ScannerShell inside a test was not wrapped in act(...).

When testing, code that causes React state updates should be wrapped into act(...):

act(() => {
  /* fire events that update state */
});
/* assert on the output */

This ensures that you're testing the behavior the user would see in the browser. Learn more at https://react.dev/link/wrap-tests-with-act
An update to ScreensManager inside a test was not wrapped in act(...).

When testing, code that causes React state updates should be wrapped into act(...):

act(() => {
  /* fire events that update state */
});
/* assert on the output */

This ensures that you're testing the behavior the user would see in the browser. Learn more at https://react.dev/link/wrap-tests-with-act
An update to PresetChips inside a test was not wrapped in act(...).

When testing, code that causes React state updates should be wrapped into act(...):

act(() => {
  /* fire events that update state */
});
/* assert on the output */

This ensures that you're testing the behavior the user would see in the browser. Learn more at https://react.dev/link/wrap-tests-with-act
An update to ScannerShell inside a test was not wrapped in act(...).

When testing, code that causes React state updates should be wrapped into act(...):

act(() => {
  /* fire events that update state */
});
/* assert on the output */

This ensures that you're testing the behavior the user would see in the browser. Learn more at https://react.dev/link/wrap-tests-with-act
An update to ScreensManager inside a test was not wrapped in act(...).

When testing, code that causes React state updates should be wrapped into act(...):

act(() => {
  /* fire events that update state */
});
/* assert on the output */

This ensures that you're testing the behavior the user would see in the browser. Learn more at https://react.dev/link/wrap-tests-with-act
An update to CriteriaBox inside a test was not wrapped in act(...).

When testing, code that causes React state updates should be wrapped into act(...):

act(() => {
  /* fire events that update state */
});
/* assert on the output */

This ensures that you're testing the behavior the user would see in the browser. Learn more at https://react.dev/link/wrap-tests-with-act

[90mstderr[2m | src/pages/calendar/MyStocksHub.crashRecovery.test.jsx[2m > [22m[2mMyStocksHub crashed-boundary recovery (C3)[2m > [22m[2ma crashed boundary recovers when the user opens a DIFFERENT symbol
[22m[39mError: synthetic crash for GATE C3 (MyStocksHub)
    at default (C:/Users/Patrick/uct-worktrees/notebook-w13-landing/app/src/pages/calendar/MyStocksHub.crashRecovery.test.jsx:73:37)
    at Object.react_stack_bottom_frame (C:\Users\Patrick\uct-worktrees\_nb-shared-install\node_modules\[4mreact-dom[24m\cjs\react-dom-client.development.js:25904:20)
    at renderWithHooks (C:\Users\Patrick\uct-worktrees\_nb-shared-install\node_modules\[4mreact-dom[24m\cjs\react-dom-client.development.js:7662:22)
    at updateFunctionComponent (C:\Users\Patrick\uct-worktrees\_nb-shared-install\node_modules\[4mreact-dom[24m\cjs\react-dom-client.development.js:10166:19)
    at beginWork (C:\Users\Patrick\uct-worktrees\_nb-shared-install\node_modules\[4mreact-dom[24m\cjs\react-dom-client.development.js:11778:18)
    at runWithFiberInDEV (C:\Users\Patrick\uct-worktrees\_nb-shared-install\node_modules\[4mreact-dom[24m\cjs\react-dom-client.development.js:874:13)
    at performUnitOfWork (C:\Users\Patrick\uct-worktrees\_nb-shared-install\node_modules\[4mreact-dom[24m\cjs\react-dom-client.development.js:17641:22)
    at workLoopSync (C:\Users\Patrick\uct-worktrees\_nb-shared-install\node_modules\[4mreact-dom[24m\cjs\react-dom-client.development.js:17469:41)
    at renderRootSync (C:\Users\Patrick\uct-worktrees\_nb-shared-install\node_modules\[4mreact-dom[24m\cjs\react-dom-client.development.js:17450:11)
    at performWorkOnRoot (C:\Users\Patrick\uct-worktrees\_nb-shared-install\node_modules\[4mreact-dom[24m\cjs\react-dom-client.development.js:16583:35) {
  [stack]: [36m[Getter/Setter][39m,
  [message]: [32m'synthetic crash for GATE C3 (MyStocksHub)'[39m
}

The above error occurred in the <default> component.

React will try to recreate this component tree from scratch using the error boundary you provided, ErrorBoundary.

[ErrorBoundary] Error: synthetic crash for GATE C3 (MyStocksHub)
    at default (C:/Users/Patrick/uct-worktrees/notebook-w13-landing/app/src/pages/calendar/MyStocksHub.crashRecovery.test.jsx:73:37)
    at Object.react_stack_bottom_frame (C:\Users\Patrick\uct-worktrees\_nb-shared-install\node_modules\[4mreact-dom[24m\cjs\react-dom-client.development.js:25904:20)
    at renderWithHooks (C:\Users\Patrick\uct-worktrees\_nb-shared-install\node_modules\[4mreact-dom[24m\cjs\react-dom-client.development.js:7662:22)
    at updateFunctionComponent (C:\Users\Patrick\uct-worktrees\_nb-shared-install\node_modules\[4mreact-dom[24m\cjs\react-dom-client.development.js:10166:19)
    at beginWork (C:\Users\Patrick\uct-worktrees\_nb-shared-install\node_modules\[4mreact-dom[24m\cjs\react-dom-client.development.js:11778:18)
    at runWithFiberInDEV (C:\Users\Patrick\uct-worktrees\_nb-shared-install\node_modules\[4mreact-dom[24m\cjs\react-dom-client.development.js:874:13)
    at performUnitOfWork (C:\Users\Patrick\uct-worktrees\_nb-shared-install\node_modules\[4mreact-dom[24m\cjs\react-dom-client.development.js:17641:22)
    at workLoopSync (C:\Users\Patrick\uct-worktrees\_nb-shared-install\node_modules\[4mreact-dom[24m\cjs\react-dom-client.development.js:17469:41)
    at renderRootSync (C:\Users\Patrick\uct-worktrees\_nb-shared-install\node_modules\[4mreact-dom[24m\cjs\react-dom-client.development.js:17450:11)
    at performWorkOnRoot (C:\Users\Patrick\uct-worktrees\_nb-shared-install\node_modules\[4mreact-dom[24m\cjs\react-dom-client.development.js:16583:35) 
    at default (C:/Users/Patrick/uct-worktrees/notebook-w13-landing/app/src/pages/calendar/MyStocksHub.crashRecovery.test.jsx:58:15)
    at ErrorBoundary (C:/Users/Patrick/uct-worktrees/notebook-w13-landing/app/src/components/ErrorBoundary.jsx:11:5)
    at div (<anonymous>)
    at MyStocksHub (C:/Users/Patrick/uct-worktrees/notebook-w13-landing/app/src/pages/calendar/MyStocksHub.jsx:596:71)
    at Router (file:///C:/Users/Patrick/uct-worktrees/_nb-shared-install/node_modules/react-router/dist/development/chunk-JZWAC4HX.mjs:6594:13)
    at MemoryRouter (file:///C:/Users/Patrick/uct-worktrees/_nb-shared-install/node_modules/react-router/dist/development/chunk-JZWAC4HX.mjs:6510:3)

[90mstderr[2m | src/pages/breadth/BreadthViews.test.jsx[2m > [22m[2mBreadthViews[2m > [22m[2mdefaults to the treemap view
[22m[39mAn update to BreadthViews inside a test was not wrapped in act(...).

When testing, code that causes React state updates should be wrapped into act(...):

act(() => {
  /* fire events that update state */
});
/* assert on the output */

This ensures that you're testing the behavior the user would see in the browser. Learn more at https://react.dev/link/wrap-tests-with-act

[90mstderr[2m | src/pages/breadth/BreadthViews.test.jsx[2m > [22m[2mBreadthViews[2m > [22m[2mswitching to Rings swaps the rendered view
[22m[39mAn update to BreadthViews inside a test was not wrapped in act(...).

When testing, code that causes React state updates should be wrapped into act(...):

act(() => {
  /* fire events that update state */
});
/* assert on the output */

This ensures that you're testing the behavior the user would see in the browser. Learn more at https://react.dev/link/wrap-tests-with-act

[90mstderr[2m | src/pages/breadth/BreadthViews.test.jsx[2m > [22m[2mBreadthViews[2m > [22m[2mswitching to a LENS renders the lens through the real container
[22m[39mAn update to BreadthViews inside a test was not wrapped in act(...).

When testing, code that causes React state updates should be wrapped into act(...):

act(() => {
  /* fire events that update state */
});
/* assert on the output */

This ensures that you're testing the behavior the user would see in the browser. Learn more at https://react.dev/link/wrap-tests-with-act

[90mstderr[2m | src/pages/breadth/BreadthViews.test.jsx[2m > [22m[2mBreadthViews[2m > [22m[2ma lens whose window is too short renders its stated refusal, not a chart
[22m[39mAn update to BreadthViews inside a test was not wrapped in act(...).

When testing, code that causes React state updates should be wrapped into act(...):

act(() => {
  /* fire events that update state */
});
/* assert on the output */

This ensures that you're testing the behavior the user would see in the browser. Learn more at https://react.dev/link/wrap-tests-with-act

[90mstderr[2m | src/pages/breadth/BreadthViews.test.jsx[2m > [22m[2mBreadthViews[2m > [22m[2mnames the cursor’s session once in the chrome, in the header cluster
[22m[39mAn update to BreadthViews inside a test was not wrapped in act(...).

When testing, code that causes React state updates should be wrapped into act(...):

act(() => {
  /* fire events that update state */
});
/* assert on the output */

This ensures that you're testing the behavior the user would see in the browser. Learn more at https://react.dev/link/wrap-tests-with-act

[90mstderr[2m | src/pages/journal-2-0/a11y/earningsPrep.a11y.test.jsx[2m > [22m[2mlane 13C surfaces (earnings prep)[2m > [22m[2msurface "reporting-soon-refused": axe finds 0 violations
[22m[39m[earnings-prep] create failed Error: You've drafted 20 earnings prep notes today, the daily limit. It resets at midnight Eastern.
    at readError (C:/Users/Patrick/uct-worktrees/notebook-w13-landing/app/src/pages/journal-2-0/lib/earningsPrepShared.js:65:15)
    at requestPrepDraft (C:/Users/Patrick/uct-worktrees/notebook-w13-landing/app/src/pages/journal-2-0/lib/earningsPrepShared.js:82:22)
    at createEarningsPrepNote (C:/Users/Patrick/uct-worktrees/notebook-w13-landing/app/src/pages/journal-2-0/lib/earningsPrep.js:30:17)
    at create (C:/Users/Patrick/uct-worktrees/notebook-w13-landing/app/src/pages/journal-2-0/components/notebook/ReportingSoon.jsx:44:20) {
  status: [33m429[39m
}

[90mstderr[2m | src/pages/ChartRender.vintage.test.jsx[2m > [22m[2mChartRender footer — data vintage[2m > [22m[2msays so when the numbers are not from today
[22m[39mAn update to ChartRender inside a test was not wrapped in act(...).

When testing, code that causes React state updates should be wrapped into act(...):

act(() => {
  /* fire events that update state */
});
/* assert on the output */

This ensures that you're testing the behavior the user would see in the browser. Learn more at https://react.dev/link/wrap-tests-with-act
An update to ChartRender inside a test was not wrapped in act(...).

When testing, code that causes React state updates should be wrapped into act(...):

act(() => {
  /* fire events that update state */
});
/* assert on the output */

This ensures that you're testing the behavior the user would see in the browser. Learn more at https://react.dev/link/wrap-tests-with-act

[90mstderr[2m | src/pages/ChartRender.vintage.test.jsx[2m > [22m[2mChartRender footer — data vintage[2m > [22m[2mstays silent when the data IS today — a normal chart is unchanged
[22m[39mAn update to ChartRender inside a test was not wrapped in act(...).

When testing, code that causes React state updates should be wrapped into act(...):

act(() => {
  /* fire events that update state */
});
/* assert on the output */

This ensures that you're testing the behavior the user would see in the browser. Learn more at https://react.dev/link/wrap-tests-with-act
An update to ChartRender inside a test was not wrapped in act(...).

When testing, code that causes React state updates should be wrapped into act(...):

act(() => {
  /* fire events that update state */
});
/* assert on the output */

This ensures that you're testing the behavior the user would see in the browser. Learn more at https://react.dev/link/wrap-tests-with-act

[90mstderr[2m | src/pages/ChartRender.vintage.test.jsx[2m > [22m[2mChartRender footer — data vintage[2m > [22m[2mstays silent when the payload carries no vintage at all
[22m[39mAn update to ChartRender inside a test was not wrapped in act(...).

When testing, code that causes React state updates should be wrapped into act(...):

act(() => {
  /* fire events that update state */
});
/* assert on the output */

This ensures that you're testing the behavior the user would see in the browser. Learn more at https://react.dev/link/wrap-tests-with-act
An update to ChartRender inside a test was not wrapped in act(...).

When testing, code that causes React state updates should be wrapped into act(...):

act(() => {
  /* fire events that update state */
});
/* assert on the output */

This ensures that you're testing the behavior the user would see in the browser. Learn more at https://react.dev/link/wrap-tests-with-act

[90mstderr[2m | src/pages/ChartRender.vintage.test.jsx[2m > [22m[2mChartRender footer — data vintage[2m > [22m[2mignores an unparseable vintage rather than printing rubbish under the chart
[22m[39mAn update to ChartRender inside a test was not wrapped in act(...).

When testing, code that causes React state updates should be wrapped into act(...):

act(() => {
  /* fire events that update state */
});
/* assert on the output */

This ensures that you're testing the behavior the user would see in the browser. Learn more at https://react.dev/link/wrap-tests-with-act
An update to ChartRender inside a test was not wrapped in act(...).

When testing, code that causes React state updates should be wrapped into act(...):

act(() => {
  /* fire events that update state */
});
/* assert on the output */

This ensures that you're testing the behavior the user would see in the browser. Learn more at https://react.dev/link/wrap-tests-with-act

[90mstderr[2m | src/pages/ChartRender.vintage.test.jsx[2m > [22m[2mChartRender footer — data vintage[2m > [22m[2mleaves the parity fixture stamp frozen
[22m[39mAn update to ChartRender inside a test was not wrapped in act(...).

When testing, code that causes React state updates should be wrapped into act(...):

act(() => {
  /* fire events that update state */
});
/* assert on the output */

This ensures that you're testing the behavior the user would see in the browser. Learn more at https://react.dev/link/wrap-tests-with-act
An update to ChartRender inside a test was not wrapped in act(...).

When testing, code that causes React state updates should be wrapped into act(...):

act(() => {
  /* fire events that update state */
});
/* assert on the output */

This ensures that you're testing the behavior the user would see in the browser. Learn more at https://react.dev/link/wrap-tests-with-act

[90mstderr[2m | src/pages/ChartRender.vintage.test.jsx[2m > [22m[2mChartRender footer — data vintage[2m > [22m[2mstill renders the strip itself
[22m[39mAn update to ChartRender inside a test was not wrapped in act(...).

When testing, code that causes React state updates should be wrapped into act(...):

act(() => {
  /* fire events that update state */
});
/* assert on the output */

This ensures that you're testing the behavior the user would see in the browser. Learn more at https://react.dev/link/wrap-tests-with-act

[90mstderr[2m | src/pages/ChartRender.vintage.test.jsx[2m > [22m[2mChartRender footer — data vintage[2m > [22m[2mstill renders the strip itself
[22m[39mAn update to ChartRender inside a test was not wrapped in act(...).

When testing, code that causes React state updates should be wrapped into act(...):

act(() => {
  /* fire events that update state */
});
/* assert on the output */

This ensures that you're testing the behavior the user would see in the browser. Learn more at https://react.dev/link/wrap-tests-with-act

[90mstderr[2m | src/pages/journal-2-0/components/notebook/ResearchHome.aiActions.test.jsx[2m > [22m[2mthe AI actions box survives the home changing layout[2m > [22m[2mquiet -> full keeps what the member typed (and so a plan or an applied list)
[22m[39mAn update to ResearchHome inside a test was not wrapped in act(...).

When testing, code that causes React state updates should be wrapped into act(...):

act(() => {
  /* fire events that update state */
});
/* assert on the output */

This ensures that you're testing the behavior the user would see in the browser. Learn more at https://react.dev/link/wrap-tests-with-act

[90mstderr[2m | src/pages/journal-2-0/components/notebook/ResearchHome.aiActions.test.jsx[2m > [22m[2mthe AI actions box survives the home changing layout[2m > [22m[2mis absent from both layouts while the flag is off
[22m[39mAn update to ResearchHome inside a test was not wrapped in act(...).

When testing, code that causes React state updates should be wrapped into act(...):

act(() => {
  /* fire events that update state */
});
/* assert on the output */

This ensures that you're testing the behavior the user would see in the browser. Learn more at https://react.dev/link/wrap-tests-with-act

[90mstderr[2m | src/pages/research/tabs/EstimatesTab.test.jsx[2m > [22m[2mEstimatesTab[2m > [22m[2mrenders forward estimates and revisions
[22m[39m[ECharts] Can't get DOM width or height. Please check dom.clientWidth and dom.clientHeight. They should not be 0.For example, you may need to call this in the callback of window.onload.

[90mstderr[2m | src/pages/research/tabs/EstimatesTab.test.jsx[2m > [22m[2mEstimatesTab[2m > [22m[2mdoes not render any analyst-consensus / price-target / rating-change content
[22m[39m[ECharts] Can't get DOM width or height. Please check dom.clientWidth and dom.clientHeight. They should not be 0.For example, you may need to call this in the callback of window.onload.

(node:57096) TimeoutNaNWarning: NaN is not a number.
Timeout duration was set to 1.
(Use `node --trace-warnings ...` to show where the warning was created)
[90mstderr[2m | src/components/chart/ChartSettingsModal.barthickness.test.jsx[2m > [22m[2mChartSettingsModal — bar thickness[2m > [22m[2mshows the control for bars and writes candles.thinBars
[22m[39mAn update to ChartSettingsModal inside a test was not wrapped in act(...).

When testing, code that causes React state updates should be wrapped into act(...):

act(() => {
  /* fire events that update state */
});
/* assert on the output */

This ensures that you're testing the behavior the user would see in the browser. Learn more at https://react.dev/link/wrap-tests-with-act

[90mstderr[2m | src/components/chart/ChartSettingsModal.barthickness.test.jsx[2m > [22m[2mChartSettingsModal — bar thickness[2m > [22m[2mshows the control for hlc and writes candles.thinBars
[22m[39mAn update to ChartSettingsModal inside a test was not wrapped in act(...).

When testing, code that causes React state updates should be wrapped into act(...):

act(() => {
  /* fire events that update state */
});
/* assert on the output */

This ensures that you're testing the behavior the user would see in the browser. Learn more at https://react.dev/link/wrap-tests-with-act

[90mstderr[2m | src/components/chart/ChartSettingsModal.barthickness.test.jsx[2m > [22m[2mChartSettingsModal — bar thickness[2m > [22m[2mmarks the active option pressed
[22m[39mAn update to ChartSettingsModal inside a test was not wrapped in act(...).

When testing, code that causes React state updates should be wrapped into act(...):

act(() => {
  /* fire events that update state */
});
/* assert on the output */

This ensures that you're testing the behavior the user would see in the browser. Learn more at https://react.dev/link/wrap-tests-with-act

[90mstderr[2m | src/components/chart/ChartSettingsModal.barthickness.test.jsx[2m > [22m[2mChartSettingsModal — bar thickness[2m > [22m[2mhides the control for candles — the library offers no width option there
[22m[39mAn update to ChartSettingsModal inside a test was not wrapped in act(...).

When testing, code that causes React state updates should be wrapped into act(...):

act(() => {
  /* fire events that update state */
});
/* assert on the output */

This ensures that you're testing the behavior the user would see in the browser. Learn more at https://react.dev/link/wrap-tests-with-act

[90mstderr[2m | src/components/chart/ChartSettingsModal.barthickness.test.jsx[2m > [22m[2mChartSettingsModal — bar thickness[2m > [22m[2mhides the control for hollow — the library offers no width option there
[22m[39mAn update to ChartSettingsModal inside a test was not wrapped in act(...).

When testing, code that causes React state updates should be wrapped into act(...):

act(() => {
  /* fire events that update state */
});
/* assert on the output */

This ensures that you're testing the behavior the user would see in the browser. Learn more at https://react.dev/link/wrap-tests-with-act

[90mstderr[2m | src/components/chart/ChartSettingsModal.barthickness.test.jsx[2m > [22m[2mChartSettingsModal — bar thickness[2m > [22m[2mhides the control for line — the library offers no width option there
[22m[39mAn update to ChartSettingsModal inside a test was not wrapped in act(...).

When testing, code that causes React state updates should be wrapped into act(...):

act(() => {
  /* fire events that update state */
});
/* assert on the output */

This ensures that you're testing the behavior the user would see in the browser. Learn more at https://react.dev/link/wrap-tests-with-act

[90mstderr[2m | src/components/chart/ChartSettingsModal.barthickness.test.jsx[2m > [22m[2mChartSettingsModal — bar thickness[2m > [22m[2mhides the control for area — the library offers no width option there
[22m[39mAn update to ChartSettingsModal inside a test was not wrapped in act(...).

When testing, code that causes React state updates should be wrapped into act(...):

act(() => {
  /* fire events that update state */
});
/* assert on the output */

This ensures that you're testing the behavior the user would see in the browser. Learn more at https://react.dev/link/wrap-tests-with-act

[90mstderr[2m | src/components/chart/ChartSettingsModal.barthickness.test.jsx[2m > [22m[2mChartSettingsModal — bar thickness[2m > [22m[2mpreserves the other candle settings when toggling thickness
[22m[39mAn update to ChartSettingsModal inside a test was not wrapped in act(...).

When testing, code that causes React state updates should be wrapped into act(...):

act(() => {
  /* fire events that update state */
});
/* assert on the output */

This ensures that you're testing the behavior the user would see in the browser. Learn more at https://react.dev/link/wrap-tests-with-act

[90mstderr[2m | src/pages/journal-2-0/tabs/OpenPositionsTab.test.jsx[2m > [22m[2mOpenPositionsTab — Sync Trust Center wiring[2m > [22m[2mmounts the SyncTrustCenter as the ONE broker-sync surface (slim bar retired)
[22m[39mAn update to PortfolioAttentionBanner inside a test was not wrapped in act(...).

When testing, code that causes React state updates should be wrapped into act(...):

act(() => {
  /* fire events that update state */
});
/* assert on the output */

This ensures that you're testing the behavior the user would see in the browser. Learn more at https://react.dev/link/wrap-tests-with-act

[90mstderr[2m | src/pages/ChartRender.indexlevels.test.jsx[2m > [22m[2mChartRender ?res= ?piv= ?sup=[2m > [22m[2mdraws Resistance, Pivot and Support at their prices
[22m[39mAn update to ChartRender inside a test was not wrapped in act(...).

When testing, code that causes React state updates should be wrapped into act(...):

act(() => {
  /* fire events that update state */
});
/* assert on the output */

This ensures that you're testing the behavior the user would see in the browser. Learn more at https://react.dev/link/wrap-tests-with-act
An update to ChartRender inside a test was not wrapped in act(...).

When testing, code that causes React state updates should be wrapped into act(...):

act(() => {
  /* fire events that update state */
});
/* assert on the output */

This ensures that you're testing the behavior the user would see in the browser. Learn more at https://react.dev/link/wrap-tests-with-act

[90mstderr[2m | src/pages/ChartRender.indexlevels.test.jsx[2m > [22m[2mChartRender ?res= ?piv= ?sup=[2m > [22m[2mdraws the major levels as a second, dotted Resistance/Support line (owner 9/30)
[22m[39mAn update to ChartRender inside a test was not wrapped in act(...).

When testing, code that causes React state updates should be wrapped into act(...):

act(() => {
  /* fire events that update state */
});
/* assert on the output */

This ensures that you're testing the behavior the user would see in the browser. Learn more at https://react.dev/link/wrap-tests-with-act
An update to ChartRender inside a test was not wrapped in act(...).

When testing, code that causes React state updates should be wrapped into act(...):

act(() => {
  /* fire events that update state */
});
/* assert on the output */

This ensures that you're testing the behavior the user would see in the browser. Learn more at https://react.dev/link/wrap-tests-with-act

[90mstderr[2m | src/pages/ChartRender.indexlevels.test.jsx[2m > [22m[2mChartRender ?res= ?piv= ?sup=[2m > [22m[2mdraws nothing extra when they are absent or invalid
[22m[39mAn update to ChartRender inside a test was not wrapped in act(...).

When testing, code that causes React state updates should be wrapped into act(...):

act(() => {
  /* fire events that update state */
});
/* assert on the output */

This ensures that you're testing the behavior the user would see in the browser. Learn more at https://react.dev/link/wrap-tests-with-act
An update to ChartRender inside a test was not wrapped in act(...).

When testing, code that causes React state updates should be wrapped into act(...):

act(() => {
  /* fire events that update state */
});
/* assert on the output */

This ensures that you're testing the behavior the user would see in the browser. Learn more at https://react.dev/link/wrap-tests-with-act

[90mstderr[2m | src/pages/MorningWire.test.jsx[2m > [22m[2mrenders morning wire heading
[22m[39mAn update to AuthProvider inside a test was not wrapped in act(...).

When testing, code that causes React state updates should be wrapped into act(...):

act(() => {
  /* fire events that update state */
});
/* assert on the output */

This ensures that you're testing the behavior the user would see in the browser. Learn more at https://react.dev/link/wrap-tests-with-act
An update to AuthProvider inside a test was not wrapped in act(...).

When testing, code that causes React state updates should be wrapped into act(...):

act(() => {
  /* fire events that update state */
});
/* assert on the output */

This ensures that you're testing the behavior the user would see in the browser. Learn more at https://react.dev/link/wrap-tests-with-act

[90mstderr[2m | src/pages/MorningWire.test.jsx[2m > [22m[2mrenders rundown HTML content
[22m[39mAn update to AuthProvider inside a test was not wrapped in act(...).

When testing, code that causes React state updates should be wrapped into act(...):

act(() => {
  /* fire events that update state */
});
/* assert on the output */

This ensures that you're testing the behavior the user would see in the browser. Learn more at https://react.dev/link/wrap-tests-with-act
An update to AuthProvider inside a test was not wrapped in act(...).

When testing, code that causes React state updates should be wrapped into act(...):

act(() => {
  /* fire events that update state */
});
/* assert on the output */

This ensures that you're testing the behavior the user would see in the browser. Learn more at https://react.dev/link/wrap-tests-with-act

[90mstderr[2m | src/components/admin/CommunityReportsPanel.test.jsx[2m > [22m[2mrenders open reports with actions
[22m[39mAn update to AuthProvider inside a test was not wrapped in act(...).

When testing, code that causes React state updates should be wrapped into act(...):

act(() => {
  /* fire events that update state */
});
/* assert on the output */

This ensures that you're testing the behavior the user would see in the browser. Learn more at https://react.dev/link/wrap-tests-with-act
An update to AuthProvider inside a test was not wrapped in act(...).

When testing, code that causes React state updates should be wrapped into act(...):

act(() => {
  /* fire events that update state */
});
/* assert on the output */

This ensures that you're testing the behavior the user would see in the browser. Learn more at https://react.dev/link/wrap-tests-with-act


[31m⎯⎯⎯⎯⎯⎯⎯[39m[1m[41m Failed Tests 1 [49m[22m[31m⎯⎯⎯⎯⎯⎯⎯[39m

[41m[1m FAIL [22m[49m src/lib/presentation/handRolledFormatters.census.test.js[2m > [22m⭐ HAND-ROLLED FORMATTERS MAY NOT GROW[2m > [22mno file gained a site, and no new file appeared
[31m[1mAssertionError[22m: NEW hand-rolled formatter file(s) — format through lib/presentation/presentationPrimitives instead:
  app/src/pages/journal-2-0/lib/earningsPrepShared.js (2 site(s)): expected [ { …(2) } ] to deeply equal [][39m

[32m- Expected[39m
[31m+ Received[39m

[32m- [][39m
[31m+ [[39m
[31m+   {[39m
[31m+     "file": "app/src/pages/journal-2-0/lib/earningsPrepShared.js",[39m
[31m+     "now": 2,[39m
[31m+   },[39m
[31m+ ][39m

[36m [2m❯[22m src/lib/presentation/handRolledFormatters.census.test.js:[2m376:66[22m[39m
    [90m374| [39m    expect(v.added, 'NEW hand-rolled formatter file(s) — format throug…
    [90m375| [39m      [33m+[39m [32m'lib/presentation/presentationPrimitives instead:\n  '[39m
    [90m376| [39m      + fmtList(v.added, (r) => `${r.file} (${r.now} site(s))`)).toEqu…
    [90m   | [39m                                                                 [31m^[39m
    [90m377| [39m    expect(v.grew, 'these files gained hand-rolled formatter sites:\n …
    [90m378| [39m      + fmtList(v.grew, (r) => `${r.file}: ${r.was} -> ${r.now}`)).toE…

[31m[2m⎯⎯⎯⎯⎯⎯⎯⎯⎯⎯⎯⎯⎯⎯⎯⎯⎯⎯⎯⎯⎯⎯⎯⎯[1/1]⎯[22m[39m

