Date,Timestamp,Ticker,Volume,Price,Pct_of_Avg30Day,Notional,Message,Type,SecurityType,Industry,Sector,Avg30Day,Float,EarningsDate
6/5/2026,6:10:03 PM,PINS,1929677,21.42,,41333681.34,DARK BLOCK  $41.0M 9.66% AvgVol,Block,Equity,Entertainment,Media,,560,20260806
6/5/2026,6:09:52 PM,UBER,1813192,70.71,,128210806.32,DARK BLOCK  $128.0M 9.51% AvgVol,Block,Equity,IT Services,IT Services & Software,,2035,20260805
6/5/2026,6:09:03 PM,EFA,196000,102.26,,20042960,DARK BLOCK  $20.0M 1.43% AvgVol,Block,ETF/Fund,ETFs,Miscellaneous,,738,
6/5/2026,6:08:06 PM,SPY,110000,737.04,,81074400,DARK BLOCK  $81.0M 0.24% AvgVol,Block,ETF/Fund,ETFs,Miscellaneous,,1034,
6/5/2026,6:01:22 PM,HPE,1122000,49.2,,55202400,DARK BLOCK  $55.0M 4.12% AvgVol,Block,Equity,Computer Hardware & Equipment,IT Hardware,,1321,20260902
6/5/2026,6:01:22 PM,HPE,170100,49.2,,8368920.000000001,DARK BLOCK  $8.3M 0.62% AvgVol,Block,Equity,Computer Hardware & Equipment,IT Hardware,,1321,20260902
6/5/2026,6:01:22 PM,ECL,246760,257.97,,63656677.20000001,DARK BLOCK  $63.0M 15.05% AvgVol,Block,Equity,Specialty Chemicals,Chemicals,,280,20260804
6/5/2026,6:01:22 PM,ECL,177200,257.97,,45712284.00000001,DARK BLOCK  $45.0M 10.81% AvgVol,Block,Equity,Specialty Chemicals,Chemicals,,280,20260804
6/5/2026,6:01:22 PM,NXPI,133900,295.96,,39629044,DARK BLOCK  $39.0M 3.29% AvgVol,Block,Equity,Semiconductors,IT Hardware,,252,20260720
6/5/2026,6:01:22 PM,GILD,1639000,129.16,,211693240,DARK BLOCK  $211.0M 25.03% AvgVol,Block,Equity,Biotechnology,Pharmaceuticals & Biotechnology,,1237,20260806
6/5/2026,6:01:22 PM,NXPI,396500,295.96,,117348139.99999999,DARK BLOCK  $117.0M 9.74% AvgVol,Block,Equity,Semiconductors,IT Hardware,,252,20260720
6/5/2026,6:01:22 PM,GOOGL,690520,368.53,,254477335.6,DARK BLOCK  $254.0M 2.28% AvgVol,Block,Equity,Entertainment,Media,,12116,20260722
6/5/2026,6:01:21 PM,ICE,877600,141.5,,124180400,DARK BLOCK  $124.0M 23.31% AvgVol,Block,Equity,Finance Intermediaries & Services,Investments & Brokers,,565,20260730
6/5/2026,6:01:21 PM,PLD,1067600,144.54,,154310904,DARK BLOCK  $154.0M 32.79% AvgVol,Block,Equity,REITs,Real Estate,,927,20260715
6/5/2026,6:01:21 PM,META,362080,593,,214713440,DARK BLOCK  $214.0M 2.18% AvgVol,Block,Equity,Entertainment,Media,,2185,20260729
6/5/2026,6:01:21 PM,NDAQ,115380,87.28,,10070366.4,DARK BLOCK  $10.0M 3.38% AvgVol,Block,Equity,Finance Intermediaries & Services,Investments & Brokers,,562,20260723
6/5/2026,5:59:24 PM,D,105635,66.9,,7066981.500000001,DARK BLOCK  $7.0M 1.3% AvgVol,Block,Equity,Electric Utilities,Electric Utilities,,878,20260807
6/5/2026,5:59:24 PM,NEM,172767,99.71,,17226597.57,DARK BLOCK  $17.0M 2.33% AvgVol,Block,Equity,Precious Metals,Metals & Mining,,1066,20260723
6/5/2026,5:59:24 PM,ADM,157330,80.92,,12731143.6,DARK BLOCK  $12.0M 3.93% AvgVol,Block,Equity,Food,Food & Beverage,,479,20260804
6/5/2026,5:59:24 PM,HSIC,236545,77.45,,18320410.25,DARK BLOCK  $18.0M 14.4% AvgVol,Block,Common Equity,Pharmaceuticals,Pharmaceuticals & Biotechnology,,112,20260804
6/5/2026,5:59:24 PM,XYL,143204,109.94,,15743847.76,DARK BLOCK  $15.0M 6.66% AvgVol,Block,Equity,Industrial Machinery & Equipment,Machinery,,236,20260730
6/5/2026,5:59:24 PM,HAL,146100,39.18,,5724198,DARK BLOCK  $5.7M 1.29% AvgVol,Block,Equity,Equipment & Services,Oil & Gas,,830,20260728
6/5/2026,5:59:24 PM,HRL,304214,23.62,,7185534.680000001,DARK BLOCK  $7.1M 4.88% AvgVol,Block,Equity,Food,Food & Beverage,,547,20260827
6/5/2026,5:59:24 PM,MRK,147138,120.79,,17772799.02,DARK BLOCK  $17.0M 1.64% AvgVol,Block,ADR,Pharmaceuticals,Pharmaceuticals & Biotechnology,,2465,20260804
6/5/2026,5:59:24 PM,DOW,358104,33.97,,12164792.879999999,DARK BLOCK  $12.0M 3.0% AvgVol,Block,Equity,Plastics,Synthetic Materials,,720,20260723
6/5/2026,5:59:24 PM,PFE,311386,26.04,,8108491.4399999995,DARK BLOCK  $8.1M 0.86% AvgVol,Block,Equity,Pharmaceuticals,Pharmaceuticals & Biotechnology,,5664,20260804
6/5/2026,5:59:24 PM,DD,162271,46.85,,7602396.350000001,DARK BLOCK  $7.6M 4.27% AvgVol,Block,Equity,Plastics,Synthetic Materials,,405,20260804
6/5/2026,5:59:24 PM,BKNG,247590,165.84,,41060325.6,DARK BLOCK  $41.0M 3.2% AvgVol,Block,ADR,"""Hotels, Restaurants & Travel""",Consumer Services,,774,20260804
6/5/2026,5:59:24 PM,CSX,345404,46.99,,16230533.96,DARK BLOCK  $16.0M 2.61% AvgVol,Block,Equity,Rail,Transport,,1852,20260722
6/5/2026,5:59:24 PM,GM,633600,82.11,,52024896,DARK BLOCK  $52.0M 8.3% AvgVol,Block,Equity,Autos- Manufacturing,Autos & Auto Parts,,896,20260721
6/5/2026,5:59:24 PM,GM,552521,82.11,,45367499.31,DARK BLOCK  $45.0M 7.24% AvgVol,Block,Equity,Autos- Manufacturing,Autos & Auto Parts,,896,20260721
6/5/2026,5:58:53 PM,SPY,,737.55,,,Unusual Very Large Block,Block,ETF/Fund,ETFs,Miscellaneous,,1034,
6/5/2026,5:58:53 PM,SPY,1443314,737.55,,1064516240.6999999,DARK BLOCK  $1.0B 3.1% AvgVol,Block,ETF/Fund,ETFs,Miscellaneous,,1034,
6/5/2026,5:56:02 PM,CBRS,174645,201.01,,35105391.449999996,DARK BLOCK  $35.0M 1.74% AvgVol,Block,Equity,,,,215,
6/5/2026,5:55:19 PM,TSM,100000,415.17,,41517000,DARK BLOCK  $41.0M 0.75% AvgVol,Block,Equity,Semiconductors,IT Hardware,,5128,20260716
6/5/2026,5:55:16 PM,JEF,102257,55.69,,5694692.33,DARK BLOCK  $5.6M 5.05% AvgVol,Block,Equity,Finance Intermediaries & Services,Investments & Brokers,,204,20260624
6/5/2026,5:55:14 PM,NU,976946,11.97,,11694043.620000001,DARK BLOCK  $11.0M 1.73% AvgVol,Block,Equity,Banking,Banking & Savings,,4855,20260813
6/5/2026,5:55:14 PM,LAZ,122970,46.36,,5700889.2,DARK BLOCK  $5.7M 10.11% AvgVol,Block,Equity,Finance Intermediaries & Services,Investments & Brokers,,111,20260723
6/5/2026,5:55:13 PM,VXF,176700,231.9,,40976730,DARK BLOCK  $40.0M 53.29% AvgVol,Block,ETF/Fund,ETFs,Miscellaneous,,125,
6/5/2026,5:55:13 PM,SKM,137017,37.44,,5129916.4799999995,DARK BLOCK  $5.1M 5.43% AvgVol,Block,Equity,Services,Communications,,383,20260805
6/5/2026,5:55:13 PM,NOK,449041,14.38,,6457209.58,DARK BLOCK  $6.4M 0.36% AvgVol,Block,Equity,Manufacturing,Communications,,5742,20260723
6/5/2026,5:55:11 PM,MIAX,244258,39.21,,9577356.18,DARK BLOCK  $9.5M 18.33% AvgVol,Block,Equity,,,,94,20260805
6/5/2026,5:55:10 PM,FTI,114135,66.82,,7626500.699999999,DARK BLOCK  $7.6M 2.06% AvgVol,Block,Equity,Equipment & Services,Oil & Gas,,398,20260723
6/5/2026,5:55:09 PM,BIL,142800,91.45,,13059060,DARK BLOCK  $13.0M 1.49% AvgVol,Block,ETF/Fund,ETFs,Miscellaneous,,501,
6/5/2026,5:55:09 PM,B,227236,39.46,,8966732.56,DARK BLOCK  $8.9M 1.74% AvgVol,Block,Equity,Precious Metals,Metals & Mining,,1675,20260810
6/5/2026,5:55:09 PM,AGI,146578,35.52,,5206450.5600000005,DARK BLOCK  $5.2M 4.62% AvgVol,Block,Equity,Precious Metals,Metals & Mining,,419,20260729
6/5/2026,5:55:09 PM,GDX,138266,78.84,,10900891.440000001,DARK BLOCK  $10.0M 0.68% AvgVol,Block,ETF/Fund,ETFs,Miscellaneous,,304,
6/5/2026,5:55:09 PM,CRDO,256118,206.89,,52988253.019999996,DARK BLOCK  $52.0M 3.68% AvgVol,Block,Common Equity,Semiconductors,IT Hardware,,184,20260902
6/5/2026,5:55:09 PM,BABA,187517,121.06,,22700808.02,DARK BLOCK  $22.0M 1.65% AvgVol,Block,Equity,Internet & Software,Consumer Discretionary,,2099,20260904
6/5/2026,5:40:11 PM,ASX,122211,34.03,,4158840.33,DARK BLOCK  $4.1M 1.4% AvgVol,Block,Equity,Semiconductors,IT Hardware,,2223,20260730
6/5/2026,5:35:19 PM,SOXS,800000,6.74,,5392000,DARK BLOCK  $5.3M 0.26% AvgVol,Block,ETF/Fund,ETFs,Miscellaneous,,287,
6/5/2026,5:33:14 PM,SNY,163080,45.02,,7341861.600000001,DARK AVGPRC  $7.3M 6.03% AvgVol,Block,Equity,Pharmaceuticals,Pharmaceuticals & Biotechnology,,2400,20260730
6/5/2026,5:31:25 PM,SPY,433865,737.55,,319997130.75,DARK BLOCK  $319.0M 0.93% AvgVol,Block,ETF/Fund,ETFs,Miscellaneous,,1034,
6/5/2026,5:30:13 PM,EFA,123934,102.26,,12673490.84,DARK BLOCK  $12.0M 0.9% AvgVol,Block,ETF/Fund,ETFs,Miscellaneous,,738,
6/5/2026,5:30:01 PM,QQQ,145112,705.06,,102312666.72,DARK BLOCK  $102.0M 0.38% AvgVol,Block,ETF/Fund,ETFs,Miscellaneous,,664,
6/5/2026,5:26:02 PM,TU,1300936,12.33,,16040540.88,DARK AVGPRC  $16.0M 27.35% AvgVol,Block,Equity,Services,Communications,,1574,20260807
6/5/2026,5:26:00 PM,EMA,204550,51.82,,10599781,DARK AVGPRC  $10.0M 59.19% AvgVol,Block,Equity,Electric Utilities,Electric Utilities,,305,20260814
6/5/2026,5:26:00 PM,RY,139326,194.22,,27059895.72,DARK AVGPRC  $27.0M 9.3% AvgVol,Block,Equity,Banking,Banking & Savings,,1397,20260826
6/5/2026,5:26:00 PM,EQX,427082,10.81,,4616756.42,DARK AVGPRC  $4.6M 4.23% AvgVol,Block,Equity,Precious Metals,Metals & Mining,,789,20260812
6/5/2026,5:25:59 PM,MGA,212650,66.12,,14060418.000000002,DARK AVGPRC  $14.0M 13.56% AvgVol,Block,Equity,Auto Parts,Autos & Auto Parts,,272,20260807
6/5/2026,5:25:59 PM,FTS,255472,55.86,,14270665.92,DARK AVGPRC  $14.0M 39.26% AvgVol,Block,Equity,Electric Utilities,Electric Utilities,,509,20260807
6/5/2026,5:25:59 PM,EGO,136541,29.6,,4041613.6,DARK AVGPRC  $4.0M 3.9% AvgVol,Block,Equity,Precious Metals,Metals & Mining,,260,20260730
6/5/2026,5:25:59 PM,TD,130515,113.21,,14775603.149999999,DARK AVGPRC  $14.0M 6.96% AvgVol,Block,Equity,Banking,Banking & Savings,,1656,20260827
6/5/2026,5:25:59 PM,CNI,442929,120.53,,53386232.37,DARK AVGPRC  $53.0M 32.84% AvgVol,Block,Equity,Rail,Transport,,593,20260724
6/5/2026,5:25:59 PM,B,398413,39.41,,15701456.329999998,DARK AVGPRC  $15.0M 3.05% AvgVol,Block,Equity,Precious Metals,Metals & Mining,,1675,20260810
6/5/2026,5:25:59 PM,PBA,105181,48.86,,5139143.66,DARK AVGPRC  $5.1M 9.47% AvgVol,Block,Equity,Equipment & Services,Oil & Gas,,581,20260806
6/5/2026,5:25:59 PM,RCI,128790,37.68,,4852807.2,DARK AVGPRC  $4.8M 10.3% AvgVol,Block,Equity,Services,Communications,,540,20260722
6/5/2026,5:25:58 PM,MFC,858682,38.76,,33282514.319999997,DARK AVGPRC  $33.0M 35.12% AvgVol,Block,Equity,Life & Health,Insurance,,1668,20260805
6/5/2026,5:25:58 PM,CM,175915,109,,19174735,DARK AVGPRC  $19.0M 15.38% AvgVol,Block,Equity,Banking,Banking & Savings,,914,20260827
6/5/2026,5:23:31 PM,RCAT,505294,12.68,,6407127.92,DARK AVGPRC  $6.4M 3.37% AvgVol,Block,Common Equity,Electronic Instruments & Related Products,IT Hardware,,122,0
6/5/2026,5:22:29 PM,JPM,255612,312.37,,79845520.44,DARK AVGPRC  $79.0M 3.14% AvgVol,Block,Equity,Banking,Banking & Savings,,2668,20260721
6/5/2026,5:22:29 PM,IVZ,586278,27.35,,16034703.3,DARK AVGPRC  $16.0M 11.02% AvgVol,Block,Equity,Wealth Management,Investments & Brokers,,437,20260728
6/5/2026,5:22:29 PM,DIS,571618,99.71,,56996030.779999994,DARK AVGPRC  $56.0M 6.61% AvgVol,Block,Equity,Entertainment,Media,,1733,20260805
6/5/2026,5:22:29 PM,HAL,186933,39.18,,7324034.94,DARK AVGPRC  $7.3M 1.64% AvgVol,Block,Equity,Equipment & Services,Oil & Gas,,830,20260728
6/5/2026,5:22:29 PM,NEM,166144,99.71,,16566218.239999998,DARK AVGPRC  $16.0M 2.24% AvgVol,Block,Equity,Precious Metals,Metals & Mining,,1066,20260723
6/5/2026,5:22:29 PM,XHB,155320,103.51,,16077173.200000001,DARK AVGPRC  $16.0M 6.66% AvgVol,Block,ETF/Fund,ETFs,Miscellaneous,,14,
6/5/2026,5:22:29 PM,HYG,548967,79.43,,43604448.81,DARK AVGPRC  $43.0M 1.5% AvgVol,Block,ETF/Fund,ETFs,Miscellaneous,,198,
6/5/2026,5:22:29 PM,XLI,110601,174.18,,19264482.18,DARK AVGPRC  $19.0M 1.34% AvgVol,Block,ETF/Fund,ETFs,Miscellaneous,,175,
6/5/2026,5:22:29 PM,TSLA,285514,391,,111635974,DARK AVGPRC  $111.0M 0.53% AvgVol,Block,Common Equity,Autos- Manufacturing,Autos & Auto Parts,,3008,20260722
6/5/2026,5:22:29 PM,IEF,106048,93.62,,9928213.76,DARK AVGPRC  $9.9M 1.45% AvgVol,Block,ETF/Fund,ETFs,Miscellaneous,,509,
6/5/2026,5:22:29 PM,NVDA,231164,205.1,,47411736.4,DARK AVGPRC  $47.0M 0.14% AvgVol,Block,Equity,Semiconductors,IT Hardware,,23246,20260826
6/5/2026,5:22:29 PM,QQQ,126718,705.06,,89343793.08,DARK AVGPRC  $89.0M 0.33% AvgVol,Block,ETF/Fund,ETFs,Miscellaneous,,664,
6/5/2026,5:22:29 PM,LQD,101710,108.17,,11001970.7,DARK AVGPRC  $11.0M 0.39% AvgVol,Block,ETF/Fund,ETFs,Miscellaneous,,272,
6/5/2026,5:22:29 PM,IGV,291537,95.85,,27943821.45,DARK AVGPRC  $27.0M 1.29% AvgVol,Block,ETF/Fund,ETFs,Miscellaneous,,160,
6/5/2026,5:22:29 PM,OHI,124949,44.47,,5556482.03,DARK AVGPRC  $5.5M 5.35% AvgVol,Block,Equity,REITs,Real Estate,,293,20260730
6/5/2026,5:22:29 PM,DOC,522568,19.79,,10341620.719999999,DARK AVGPRC  $10.0M 5.01% AvgVol,Block,Equity,REITs,Real Estate,,689,20260723
6/5/2026,5:22:29 PM,CRWV,484577,100.39,,48646685.03,DARK AVGPRC  $48.0M 1.64% AvgVol,Block,Common Equity,Internet & Software,IT Services & Software,,447,20260811
6/5/2026,5:22:29 PM,KWEB,909301,26.38,,23987360.38,DARK AVGPRC  $23.0M 2.97% AvgVol,Block,ETF/Fund,,,,233,
6/5/2026,5:22:29 PM,MU,77194,864.01,,66696387.94,DARK AVGPRC  $66.0M 0.15% AvgVol,Block,ADR,Semiconductors,IT Hardware,,1125,20260624
6/5/2026,5:22:28 PM,KEY,449698,21.76,,9785428.48,DARK AVGPRC  $9.7M 4.28% AvgVol,Block,Equity,Banking,Banking & Savings,,1078,20260728
6/5/2026,5:22:28 PM,F,,14.9,,,Unusual Very Large Block,Block,ADR,Autos- Manufacturing,Autos & Auto Parts,,3959,20260729
6/5/2026,5:22:28 PM,F,4631403,14.9,,69007904.7,DARK AVGPRC  $69.0M 6.39% AvgVol,Block,ADR,Autos- Manufacturing,Autos & Auto Parts,,3959,20260729
6/5/2026,5:22:28 PM,ONON,239598,37.08,,8884293.84,DARK AVGPRC  $8.8M 3.69% AvgVol,Block,Equity,"""Apparel, Footwear & Accessories""",Textiles & Apparel,,638,20260811
6/5/2026,5:22:28 PM,HWM,109444,251.9,,27568943.6,DARK AVGPRC  $27.0M 4.21% AvgVol,Block,Equity,Non-Precious Metals,Metals & Mining,,400,20260730
6/5/2026,5:22:28 PM,UBER,119462,70.71,,8447158.02,DARK AVGPRC  $8.4M 0.63% AvgVol,Block,Equity,IT Services,IT Services & Software,,2035,20260805
6/5/2026,5:22:28 PM,UNH,187644,399.47,,74958148.68,DARK AVGPRC  $74.0M 2.68% AvgVol,Block,Equity,Life & Health,Health Care,,905,20260804
6/5/2026,5:22:28 PM,IWF,189096,122.69,,23200188.24,DARK AVGPRC  $23.0M 3.92% AvgVol,Block,ETF/Fund,ETFs,Miscellaneous,,1034,
6/5/2026,5:22:28 PM,NBIS,136487,227.81,,31093103.47,DARK AVGPRC  $31.0M 0.77% AvgVol,Block,Common Equity,Internet & Software,IT Services & Software,,253,20260806
6/5/2026,5:22:28 PM,XLF,192431,52.3,,10064141.299999999,DARK AVGPRC  $10.0M 0.56% AvgVol,Block,ETF/Fund,ETFs,Miscellaneous,,964,
6/5/2026,5:22:28 PM,ENPH,312775,56.07,,17537294.25,DARK AVGPRC  $17.0M 3.42% AvgVol,Block,Common Equity,Semiconductors,IT Hardware,,127,20260728
6/5/2026,5:22:28 PM,MSFT,122189,416.67,,50912490.63,DARK AVGPRC  $50.0M 0.34% AvgVol,Block,Equity,Internet & Software,IT Services & Software,,7426,20260729
6/5/2026,5:22:28 PM,CURB,220219,29.27,,6445810.13,DARK AVGPRC  $6.4M 28.98% AvgVol,Block,Equity,"""Property, Real Estate & Development""",Real Estate,,105,20260727
6/5/2026,5:22:28 PM,OKLO,299492,58.09,,17397490.28,DARK AVGPRC  $17.0M 1.86% AvgVol,Block,Common Equity,Miscellaneous,Utilities,,173,20260810
6/5/2026,5:22:28 PM,MRK,1440288,120.79,,173972387.52,DARK AVGPRC  $173.0M 16.06% AvgVol,Block,ADR,Pharmaceuticals,Pharmaceuticals & Biotechnology,,2465,20260804
6/5/2026,5:22:28 PM,JHX,195699,22.66,,4434539.34,DARK AVGPRC  $4.4M 2.66% AvgVol,Block,Equity,Construction Materials,Construction Materials,,580,20260818
6/5/2026,5:22:28 PM,IYR,163847,102.54,,16800871.380000003,DARK AVGPRC  $16.0M 3.06% AvgVol,Block,ETF/Fund,ETFs,Miscellaneous,,47,
6/5/2026,5:22:28 PM,SMCI,2081150,41.64,,86659086,DARK AVGPRC  $86.0M 4.9% AvgVol,Block,Common Equity,Computer Hardware & Equipment,IT Hardware,,601,20260804
6/5/2026,5:22:28 PM,DELL,219221,394.39,,86458570.19,DARK AVGPRC  $86.0M 2.38% AvgVol,Block,Equity,Computer Hardware & Equipment,IT Hardware,,645,20260827
6/5/2026,5:22:28 PM,FIS,103616,40.95,,4243075.2,DARK AVGPRC  $4.2M 1.51% AvgVol,Block,Equity,Business Services,Commercial Services & Supplies,,515,20260804
6/5/2026,5:22:28 PM,OLMA,631754,10.31,,6513383.74,DARK AVGPRC  $6.5M 55.85% AvgVol,Block,Common Equity,Pharmaceuticals,Pharmaceuticals & Biotechnology,,87,20260810
6/5/2026,5:22:28 PM,HAS,340602,84.18,,28671876.360000003,DARK AVGPRC  $28.0M 16.87% AvgVol,Block,Equity,Leisure Equipment,Consumer Goods,,140,20260722
6/5/2026,5:22:28 PM,GRAB,1467078,3.34,,4900040.52,DARK AVGPRC  $4.9M 2.9% AvgVol,Block,Common Equity,Business Services,Information Technology,,4097,20260730
6/5/2026,5:22:28 PM,INTC,596316,99.17,,59136657.72,DARK AVGPRC  $59.0M 0.4% AvgVol,Block,Common Equity,Semiconductors,IT Hardware,,5023,20260723
6/5/2026,5:22:28 PM,AAPL,239170,307.34,,73506507.8,DARK AVGPRC  $73.0M 0.5% AvgVol,Block,Equity,Computer Hardware & Equipment,IT Hardware,,14678,20260730
6/5/2026,5:22:28 PM,PLTR,170310,135.53,,23082114.3,DARK AVGPRC  $23.0M 0.39% AvgVol,Block,Common Equity,IT Services,IT Services & Software,,2397,20260803
6/5/2026,5:22:28 PM,META,111221,593,,65954053,DARK AVGPRC  $65.0M 0.67% AvgVol,Block,Equity,Entertainment,Media,,2185,20260729
6/5/2026,5:22:28 PM,CLSK,256608,15.59,,4000518.7199999997,DARK AVGPRC  $4.0M 1.11% AvgVol,Block,Common Equity,Miscellaneous,Financials,,256,20260806
6/5/2026,5:22:28 PM,NDAQ,338129,87.28,,29511899.12,DARK AVGPRC  $29.0M 9.91% AvgVol,Block,Equity,Finance Intermediaries & Services,Investments & Brokers,,562,20260723
6/5/2026,5:22:28 PM,CSCO,124466,121.64,,15140044.24,DARK AVGPRC  $15.0M 0.48% AvgVol,Block,Equity,Manufacturing,Communications,,3941,20260812
6/5/2026,5:22:28 PM,EMB,105190,95.4,,10035126,DARK AVGPRC  $10.0M 1.55% AvgVol,Block,ETF/Fund,ETFs,Miscellaneous,,147,
6/5/2026,5:22:28 PM,MSTR,159861,120.44,,19253658.84,DARK AVGPRC  $19.0M 0.98% AvgVol,Block,Common Equity,Internet & Software,IT Services & Software,,327,20260730
6/5/2026,5:22:28 PM,DOW,149198,33.97,,5068256.06,DARK AVGPRC  $5.0M 1.25% AvgVol,Block,Equity,Plastics,Synthetic Materials,,720,20260723
6/5/2026,5:22:28 PM,TSN,293832,58.73,,17256753.36,DARK AVGPRC  $17.0M 9.78% AvgVol,Block,Equity,Food,Food & Beverage,,344,20260803
6/5/2026,5:22:28 PM,DVN,176383,44.28,,7810239.24,DARK AVGPRC  $7.8M 1.2% AvgVol,Block,Equity,Production & Extraction,Oil & Gas,,592,20260804
6/5/2026,5:22:28 PM,HPE,522376,49.2,,25700899.200000003,DARK AVGPRC  $25.0M 1.92% AvgVol,Block,Equity,Computer Hardware & Equipment,IT Hardware,,1321,20260902
6/5/2026,5:22:28 PM,CARR,110822,67.16,,7442805.52,DARK AVGPRC  $7.4M 1.63% AvgVol,Block,Equity,Metal Products,Metals & Mining,,830,20260804
6/5/2026,5:22:28 PM,KO,1744767,79.48,,138674081.16,DARK AVGPRC  $138.0M 11.68% AvgVol,Block,Equity,Beverages,Food & Beverage,,4263,20260728
6/5/2026,5:22:28 PM,FXI,191572,34.75,,6657127,DARK AVGPRC  $6.6M 0.66% AvgVol,Block,ETF/Fund,ETFs,Miscellaneous,,156,
6/5/2026,5:22:28 PM,EWY,288667,175.19,,50571571.73,DARK AVGPRC  $50.0M 1.69% AvgVol,Block,ETF/Fund,ETFs,Miscellaneous,,118,
6/5/2026,5:22:28 PM,EXLS,687185,29.67,,20388778.950000003,DARK AVGPRC  $20.0M 26.92% AvgVol,Block,Common Equity,Business Services,Commercial Services & Supplies,,147,20260804
6/5/2026,5:22:28 PM,FAST,115411,46.79,,5400080.6899999995,DARK AVGPRC  $5.4M 1.76% AvgVol,Block,Equity,Retail - Hardware & Home Improvement,Retail,,1144,20260713
6/5/2026,5:22:28 PM,GILD,258700,129.16,,33413692,DARK AVGPRC  $33.0M 3.95% AvgVol,Block,Equity,Biotechnology,Pharmaceuticals & Biotechnology,,1237,20260806
6/5/2026,5:22:28 PM,GEV,61234,933.61,,57168674.74,DARK AVGPRC  $57.0M 2.31% AvgVol,Block,Equity,Electrical Equipment,Electrical Equipment,,268,20260722
6/5/2026,5:22:28 PM,IBM,295282,284.84,,84108124.88,DARK AVGPRC  $84.0M 2.79% AvgVol,Block,Equity,IT Services,IT Services & Software,,937,20260722
6/5/2026,5:22:28 PM,AMT,251792,194.12,,48877863.04,DARK AVGPRC  $48.0M 8.35% AvgVol,Block,Equity,REITs,Real Estate,,465,20260804
6/5/2026,5:22:28 PM,OWL,517518,9.8,,5071676.4,DARK AVGPRC  $5.0M 1.84% AvgVol,Block,Equity,Finance Intermediaries & Services,Investments & Brokers,,1554,20260730
6/5/2026,5:22:28 PM,AMH,156400,33.27,,5203428.000000001,DARK AVGPRC  $5.2M 4.71% AvgVol,Block,Equity,REITs,Real Estate,,340,20260730
6/5/2026,5:22:28 PM,INVH,194213,30.04,,5834158.52,DARK AVGPRC  $5.8M 3.49% AvgVol,Block,Equity,REITs,Real Estate,,594,20260729
6/5/2026,5:22:28 PM,SYRE,224037,73.65,,16500325.05,DARK AVGPRC  $16.0M 21.63% AvgVol,Block,Common Equity,Pharmaceuticals,Pharmaceuticals & Biotechnology,,86,20260804
6/5/2026,5:22:28 PM,XOM,1283976,149.92,,192493681.92,DARK AVGPRC  $192.0M 7.7% AvgVol,Block,ADR,Production & Extraction,Oil & Gas,,4143,20260807
6/5/2026,5:22:28 PM,ETR,239626,110.74,,26536183.24,DARK AVGPRC  $26.0M 6.19% AvgVol,Block,Equity,Electric Utilities,Electric Utilities,,456,20260729
6/5/2026,5:22:28 PM,CSX,100803,46.99,,4736732.97,DARK AVGPRC  $4.7M 0.76% AvgVol,Block,Equity,Rail,Transport,,1852,20260722
6/5/2026,5:22:28 PM,KRE,302732,70.17,,21242704.44,DARK AVGPRC  $21.0M 2.16% AvgVol,Block,ETF/Fund,ETFs,Miscellaneous,,56,
6/5/2026,5:22:28 PM,JCI,424104,143.65,,60922539.6,DARK AVGPRC  $60.0M 12.05% AvgVol,Block,Equity,Industrial Machinery & Equipment,Machinery,,610,20260804
6/5/2026,5:22:28 PM,HIMS,160933,26.19,,4214835.2700000005,DARK AVGPRC  $4.2M 0.68% AvgVol,Block,Common Equity,Diagnostic & Health Related Services,Health Care Services,,231,20260803
6/5/2026,5:22:28 PM,ARE,124634,51.28,,6391231.5200000005,DARK AVGPRC  $6.3M 5.44% AvgVol,Block,Equity,REITs,Real Estate,,171,20260803
6/5/2026,5:22:28 PM,HOOD,429184,82.47,,35394804.48,DARK AVGPRC  $35.0M 1.54% AvgVol,Block,Common Equity,Internet & Software,Financials,,900,20260729
6/5/2026,5:18:32 PM,PINS,218006,21.42,,4669688.5200000005,DARK BLOCK  $4.6M 1.09% AvgVol,Block,Equity,Entertainment,Media,,560,20260806
6/5/2026,5:16:17 PM,BBJP,135768,73.67,,10002028.56,DARK BLOCK  $10.0M 8.13% AvgVol,Block,ETF/Fund,,,,229,
6/5/2026,5:15:41 PM,EWZ,147045,34.01,,5001000.449999999,DARK BLOCK  $5.0M 0.51% AvgVol,Block,ETF/Fund,ETFs,Miscellaneous,,284,
6/5/2026,5:15:15 PM,IVV,168746,740.91,,125025598.86,DARK BLOCK  $125.0M 2.89% AvgVol,Block,ETF/Fund,ETFs,Miscellaneous,,1109,
6/5/2026,5:14:13 PM,EWS,1325162,28.67,,37992394.54,DARK BLOCK  $37.0M 162.34% AvgVol,Block,ETF/Fund,ETFs,Miscellaneous,,26,
6/5/2026,5:11:46 PM,XLF,526886,52.3,,27556137.799999997,DARK BLOCK  $27.0M 1.55% AvgVol,Block,ETF/Fund,ETFs,Miscellaneous,,964,
6/5/2026,5:08:44 PM,UUUU,417900,15.03,,6281037,DARK BLOCK  $6.2M 3.93% AvgVol,Block,Common Equity,Mining,Metals & Mining,,247,20260805
6/5/2026,5:07:45 PM,UUUU,564200,15.03,,8479926,DARK BLOCK  $8.4M 5.3% AvgVol,Block,Common Equity,Mining,Metals & Mining,,247,20260805
6/5/2026,5:06:58 PM,UUUU,564200,14.99,,8457358,Cancelled DARK BLOCK  $8.4M 5.3% AvgVol,Block,Common Equity,Mining,Metals & Mining,,247,20260805
6/5/2026,5:06:57 PM,IWM,156982,281.65,,44213980.3,DARK BLOCK  $44.0M 0.61% AvgVol,Block,ETF/Fund,ETFs,Miscellaneous,,273,
6/5/2026,5:06:42 PM,KWEB,470941,26.38,,12423423.58,DARK AVGPRC  $12.0M 1.54% AvgVol,Block,ETF/Fund,,,,233,
6/5/2026,5:06:42 PM,NVO,146447,42.96,,6291363.12,DARK AVGPRC  $6.2M 0.92% AvgVol,Block,Equity,Pharmaceuticals,Pharmaceuticals & Biotechnology,,4461,20260805
6/5/2026,5:06:42 PM,DELL,253850,394.39,,100115901.5,DARK AVGPRC  $100.0M 2.75% AvgVol,Block,Equity,Computer Hardware & Equipment,IT Hardware,,645,20260827
6/5/2026,5:06:42 PM,IBN,909159,25.95,,23592676.05,DARK AVGPRC  $23.0M 12.39% AvgVol,Block,Equity,Banking,Banking & Savings,,3584,20260717
6/5/2026,5:06:42 PM,XOM,103397,149.92,,15501278.239999998,DARK AVGPRC  $15.0M 0.62% AvgVol,Block,ADR,Production & Extraction,Oil & Gas,,4143,20260807
6/5/2026,5:06:42 PM,NTES,118899,119.48,,14206052.52,DARK AVGPRC  $14.0M 11.47% AvgVol,Block,Equity,Internet & Software,IT Services & Software,,289,20260813
6/5/2026,5:06:42 PM,ZTO,206311,22.28,,4596609.08,DARK AVGPRC  $4.5M 11.0% AvgVol,Block,Equity,Airlines/Air Freight,Transport,,563,20260818
6/5/2026,5:03:37 PM,EMB,162725,95.4,,15523965,DARK BLOCK  $15.0M 2.39% AvgVol,Block,ETF/Fund,ETFs,Miscellaneous,,147,
6/5/2026,5:03:37 PM,IGV,372172,95.85,,35672686.199999996,DARK BLOCK  $35.0M 1.65% AvgVol,Block,ETF/Fund,ETFs,Miscellaneous,,160,
6/5/2026,5:03:37 PM,GRAB,,3.34,,,Unusual Very Large Block,Block,Common Equity,Business Services,Information Technology,,4097,20260730
6/5/2026,5:03:37 PM,GRAB,9045079,3.34,,30210563.86,DARK BLOCK  $30.0M 17.89% AvgVol,Block,Common Equity,Business Services,Information Technology,,4097,20260730
6/5/2026,5:03:36 PM,BABA,159186,121.06,,19271057.16,DARK BLOCK  $19.0M 1.4% AvgVol,Block,Equity,Internet & Software,Consumer Discretionary,,2099,20260904
6/5/2026,5:03:36 PM,TXN,167329,285.06,,47698804.74,DARK BLOCK  $47.0M 1.88% AvgVol,Block,Equity,Semiconductors,IT Hardware,,904,20260728
6/5/2026,5:03:36 PM,TXN,127811,285.06,,36433803.660000004,DARK BLOCK  $36.0M 1.44% AvgVol,Block,Equity,Semiconductors,IT Hardware,,904,20260728
6/5/2026,5:02:25 PM,QQQ,172386,705.06,,121542473.16,DARK BLOCK  $121.0M 0.45% AvgVol,Block,ETF/Fund,ETFs,Miscellaneous,,664,
6/5/2026,5:02:25 PM,DIA,260339,509.7,,132694788.3,DARK BLOCK  SP2 $132.0M 5.84% AvgVol,Block,ETF/Fund,ETFs,Miscellaneous,,87,
6/5/2026,5:01:32 PM,EWZ,2089200,34.01,,71053692,DARK BLOCK  $71.0M 7.26% AvgVol,Block,ETF/Fund,ETFs,Miscellaneous,,284,
6/5/2026,5:01:08 PM,QQQ,,653.11,,,Phantom Print  Volume: 36 Spot: $701.25,Block,ETF/Fund,ETFs,Miscellaneous,,664,
6/5/2026,4:59:47 PM,QQQ,,667.36,,,Phantom Print  Volume: 18 Spot: $701.06,Block,ETF/Fund,ETFs,Miscellaneous,,664,
6/5/2026,4:58:08 PM,NVO,161372,42.96,,6932541.12,DARK BLOCK  $6.9M 1.02% AvgVol,Block,Equity,Pharmaceuticals,Pharmaceuticals & Biotechnology,,4461,20260805
6/5/2026,4:58:08 PM,NVDA,133193,205.1,,27317884.3,DARK BLOCK  $27.0M 0.08% AvgVol,Block,Equity,Semiconductors,IT Hardware,,23246,20260826
6/5/2026,4:58:08 PM,AAPL,232404,307.34,,71427045.36,DARK BLOCK  $71.0M 0.48% AvgVol,Block,Equity,Computer Hardware & Equipment,IT Hardware,,14678,20260730
6/5/2026,4:58:08 PM,HYG,165514,79.43,,13146777.020000001,DARK BLOCK  $13.0M 0.45% AvgVol,Block,ETF/Fund,ETFs,Miscellaneous,,198,
6/5/2026,4:58:08 PM,PYPL,544750,41.29,,22492727.5,DARK BLOCK  $22.0M 3.72% AvgVol,Block,Equity,Business Services,Financials,,876,20260804
6/5/2026,4:58:08 PM,AMCR,543879,38.13,,20738106.27,DARK BLOCK  $20.0M 12.74% AvgVol,Block,Equity,Containers & Packaging,Paper & Forest Products,,462,20260813
6/5/2026,4:58:08 PM,TTE,127506,88.71,,11311057.26,DARK BLOCK  $11.0M 10.04% AvgVol,Block,Equity,Production & Extraction,Oil & Gas,,2397,20260723
6/5/2026,4:58:08 PM,WFC,142689,81.94,,11691936.66,DARK BLOCK  $11.0M 0.85% AvgVol,Block,Equity,Banking,Banking & Savings,,3055,20260714
6/5/2026,4:58:08 PM,USB,325789,55.69,,18143189.41,DARK BLOCK  $18.0M 4.02% AvgVol,Block,Equity,Banking,Banking & Savings,,1549,20260716
6/5/2026,4:58:08 PM,CRM,157569,185.66,,29254260.54,DARK BLOCK  $29.0M 1.09% AvgVol,Block,Equity,Internet & Software,IT Services & Software,,790,20260902
6/5/2026,4:58:08 PM,GDX,1381904,78.84,,108949311.36,DARK BLOCK  $108.0M 6.78% AvgVol,Block,ETF/Fund,ETFs,Miscellaneous,,304,
6/5/2026,4:58:07 PM,IBKR,147186,84.4,,12422498.4,DARK BLOCK  $12.0M 2.86% AvgVol,Block,Equity,Finance Intermediaries & Services,Investments & Brokers,,1648,20260716
6/5/2026,4:58:07 PM,CRH,145783,105.06,,15315961.98,DARK BLOCK  $15.0M 2.9% AvgVol,Block,Equity,Construction Materials,Construction Materials,,668,20260805
6/5/2026,4:58:07 PM,VZ,299516,45.37,,13589040.92,DARK BLOCK  $13.0M 1.36% AvgVol,Block,Equity,Services,Communications,,4174,20260720
6/5/2026,4:58:07 PM,CL,152359,88.58,,13495960.22,DARK BLOCK  $13.0M 2.85% AvgVol,Block,Equity,Household & Personal Products,Household & Personal Products,,796,20260807
6/5/2026,4:58:07 PM,KO,375249,79.48,,29824790.520000003,DARK BLOCK  $29.0M 2.51% AvgVol,Block,Equity,Beverages,Food & Beverage,,4263,20260728
6/5/2026,4:58:07 PM,COO,188673,67.34,,12705239.82,DARK BLOCK  $12.0M 7.19% AvgVol,Block,Common Equity,Medical Instruments & Equipment,Health Care Equipment,,195,20260604
6/5/2026,4:58:07 PM,NDAQ,190466,87.28,,16623872.48,DARK BLOCK  $16.0M 5.58% AvgVol,Block,Equity,Finance Intermediaries & Services,Investments & Brokers,,562,20260723
6/5/2026,4:58:07 PM,UMC,267561,19.7,,5270951.7,DARK BLOCK  $5.2M 1.67% AvgVol,Block,Equity,Semiconductors,IT Hardware,,2316,20260729
6/5/2026,4:58:07 PM,DXCM,130762,72.86,,9527319.32,DARK BLOCK  $9.5M 2.04% AvgVol,Block,Common Equity,Medical Instruments & Equipment,Health Care Equipment,,384,20260729
6/5/2026,4:58:07 PM,AGI,144279,35.52,,5124790.08,DARK BLOCK  $5.1M 4.54% AvgVol,Block,Equity,Precious Metals,Metals & Mining,,419,20260729
6/5/2026,4:58:07 PM,RBRK,131016,73.41,,9617884.559999999,DARK BLOCK  $9.6M 3.83% AvgVol,Block,Equity,Internet & Software,IT Services & Software,,202,20260604
6/5/2026,4:58:07 PM,NFLX,104619,82.18,,8597589.42,DARK BLOCK  $8.5M 0.31% AvgVol,Block,Common Equity,Entertainment,Media,,4158,20260716
6/5/2026,4:58:07 PM,CSCO,345265,121.64,,41998034.6,DARK BLOCK  $41.0M 1.35% AvgVol,Block,Equity,Manufacturing,Communications,,3941,20260812
6/5/2026,4:58:07 PM,INBX,117369,87.01,,10212276.690000001,DARK BLOCK  $10.0M 19.92% AvgVol,Block,Common Equity,Biotechnology,Pharmaceuticals & Biotechnology,,14,20260812
6/5/2026,4:58:06 PM,KLAC,33903,1929.2,,65405667.6,DARK BLOCK  $65.0M 3.25% AvgVol,Block,Equity,Semiconductors,IT Hardware,,11,20260730
6/5/2026,4:58:06 PM,MSFT,333826,416.67,,139095279.42000002,DARK BLOCK  $139.0M 0.92% AvgVol,Block,Equity,Internet & Software,IT Services & Software,,7426,20260729
6/5/2026,4:58:06 PM,UBER,120066,70.71,,8489866.86,DARK BLOCK  $8.4M 0.63% AvgVol,Block,Equity,IT Services,IT Services & Software,,2035,20260805
6/5/2026,4:58:06 PM,ASML,30875,1641.74,,50688722.5,DARK BLOCK  $50.0M 1.9% AvgVol,Block,Equity,Semiconductors,IT Hardware,,393,20260715
6/5/2026,4:58:06 PM,MCHP,480925,88.34,,42484914.5,DARK BLOCK  $42.0M 4.15% AvgVol,Block,Equity,Semiconductors,IT Hardware,,531,20260806
6/5/2026,4:58:06 PM,NVST,448820,23.1,,10367742,DARK BLOCK  $10.0M 12.17% AvgVol,Block,Equity,Medical Instruments & Equipment,Health Care Equipment,,162,20260730
6/5/2026,4:58:06 PM,PLTR,157445,135.53,,21338520.85,DARK BLOCK  $21.0M 0.36% AvgVol,Block,Common Equity,IT Services,IT Services & Software,,2397,20260803
6/5/2026,4:58:06 PM,DT,311483,42.19,,13141467.77,DARK BLOCK  $13.0M 4.76% AvgVol,Block,Equity,IT Services,IT Services & Software,,291,20260805
6/5/2026,4:58:06 PM,DDOG,233866,234.11,,54750369.260000005,DARK BLOCK  $54.0M 3.45% AvgVol,Block,Common Equity,IT Services,IT Services & Software,,355,20260806
6/5/2026,4:58:05 PM,PNR,148819,73.15,,10886109.850000001,DARK BLOCK  $10.0M 6.11% AvgVol,Block,Equity,Industrial Machinery & Equipment,Machinery,,161,20260728
6/5/2026,4:58:05 PM,TSLA,588068,391,,229934588,DARK BLOCK  $229.0M 1.1% AvgVol,Block,Common Equity,Autos- Manufacturing,Autos & Auto Parts,,3008,20260722
6/5/2026,4:58:05 PM,AMAT,190942,453.01,,86498635.42,DARK BLOCK  $86.0M 2.56% AvgVol,Block,ADR,Semiconductors,IT Hardware,,791,20260813
6/5/2026,4:58:05 PM,MRVL,113582,263.47,,29925449.540000003,DARK BLOCK  $29.0M 0.34% AvgVol,Block,Equity,Semiconductors,IT Hardware,,874,20260827
6/5/2026,4:58:05 PM,BB,980459,9.41,,9226119.19,DARK BLOCK  $9.2M 3.06% AvgVol,Block,Equity,Internet & Software,IT Services & Software,,587,20260625
6/5/2026,4:58:05 PM,TEVA,361161,34.19,,12348094.59,DARK BLOCK  $12.0M 5.06% AvgVol,Block,Equity,Pharmaceuticals,Pharmaceuticals & Biotechnology,,1143,20260729
6/5/2026,4:58:05 PM,TOWN,306839,34.14,,10475483.46,DARK BLOCK  $10.0M 59.01% AvgVol,Block,Equity,Banking,Banking & Savings,,78,20260722
6/5/2026,4:58:05 PM,QCOM,266040,215.94,,57448677.6,DARK BLOCK  $57.0M 0.94% AvgVol,Block,Equity,Manufacturing,Communications,,1053,20260729
6/5/2026,4:58:05 PM,CBSH,220471,53.05,,11695986.549999999,DARK BLOCK  $11.0M 19.44% AvgVol,Block,Equity,Banking,Banking & Savings,,143,20260715
6/5/2026,4:58:04 PM,SWKS,117286,73.57,,8628731.02,DARK BLOCK  $8.6M 2.3% AvgVol,Block,Equity,Semiconductors,IT Hardware,,150,20260804
6/5/2026,4:53:56 PM,ARKK,333905,74.49,,24872583.45,DARK BLOCK  $24.0M 4.45% AvgVol,Block,ETF/Fund,,,,84,
6/5/2026,4:53:56 PM,DAL,236493,79.42,,18782274.06,DARK BLOCK  $18.0M 3.18% AvgVol,Block,Equity,Airlines/Air Freight,Transport,,651,20260709
6/5/2026,4:53:56 PM,NVDA,156741,205.1,,32147579.099999998,DARK BLOCK  $32.0M 0.09% AvgVol,Block,Equity,Semiconductors,IT Hardware,,23246,20260826
6/5/2026,4:53:56 PM,PLTR,110958,135.53,,15038137.74,DARK BLOCK  $15.0M 0.26% AvgVol,Block,Common Equity,IT Services,IT Services & Software,,2397,20260803
6/5/2026,4:53:18 PM,FLJP,160338,38.86,,6230734.68,DARK AVGPRC  $6.2M 15.08% AvgVol,Block,ETF/Fund,,,,94,
6/5/2026,4:50:08 PM,EWU,160376,46.38,,7438238.880000001,DARK AVGPRC  $7.4M 11.14% AvgVol,Block,ETF/Fund,ETFs,Miscellaneous,,73,
6/5/2026,4:49:42 PM,WDC,754335,511.72,,386008306.20000005,DARK BLOCK  $386.0M 10.0% AvgVol,Block,Equity,Computer Hardware & Equipment,IT Hardware,,344,20260729
6/5/2026,4:47:59 PM,MSTR,105000,121.07,,12712350,DARK BLOCK  $12.0M 0.64% AvgVol,Block,Common Equity,Internet & Software,IT Services & Software,,327,20260730
6/5/2026,4:46:32 PM,OKLO,135427,58.09,,7866954.430000001,DARK BLOCK  $7.8M 0.84% AvgVol,Block,Common Equity,Miscellaneous,Utilities,,173,20260810
6/5/2026,4:46:31 PM,IREN,136648,54.35,,7426818.8,DARK BLOCK  $7.4M 0.26% AvgVol,Block,Common Equity,Services,Financials,,357,20260827
6/5/2026,4:45:12 PM,VEU,126088,81.13,,10229519.44,DARK AVGPRC  $10.0M 4.9% AvgVol,Block,ETF/Fund,ETFs,Miscellaneous,,790,
6/5/2026,4:42:05 PM,PAAA,700000,51.35,,35945000,DARK BLOCK  $35.0M 35.02% AvgVol,Block,ETF/Fund,,,,196,
6/5/2026,4:40:40 PM,PAAA,275000,51.35,,14121250,DARK BLOCK  $14.0M 13.76% AvgVol,Block,ETF/Fund,,,,196,
6/5/2026,4:39:59 PM,SCZ,130072,83.52,,10863613.44,DARK AVGPRC  $10.0M 9.59% AvgVol,Block,ETF/Fund,ETFs,Miscellaneous,,171,
6/5/2026,4:39:17 PM,NU,996000,11.97,,11922120,DARK BLOCK  $11.0M 1.77% AvgVol,Block,Equity,Banking,Banking & Savings,,4855,20260813
6/5/2026,4:36:36 PM,VEA,211856,69.17,,14654079.52,DARK AVGPRC  $14.0M 1.94% AvgVol,Block,ETF/Fund,ETFs,Miscellaneous,,3214,
6/5/2026,4:35:18 PM,BABA,255200,121.06,,30894512,DARK AVGPRC  $30.0M 2.24% AvgVol,Block,Equity,Internet & Software,Consumer Discretionary,,2099,20260904
6/5/2026,4:35:18 PM,HMC,499000,26.7,,13323300,DARK AVGPRC  $13.0M 26.26% AvgVol,Block,Equity,Autos- Manufacturing,Autos & Auto Parts,,1560,20260805
6/5/2026,4:35:18 PM,HTHT,100500,45,,4522500,DARK AVGPRC  $4.5M 4.29% AvgVol,Block,Equity,"""Hotels, Restaurants & Travel""",Consumer Services,,307,20260819
6/5/2026,4:35:18 PM,VEA,191300,69.17,,13232221,DARK AVGPRC  $13.0M 1.75% AvgVol,Block,ETF/Fund,ETFs,Miscellaneous,,3214,
6/5/2026,4:34:54 PM,EWY,151110,175.19,,26472960.9,DARK BLOCK  $26.0M 0.88% AvgVol,Block,ETF/Fund,ETFs,Miscellaneous,,118,
6/5/2026,4:33:08 PM,EWY,1344266,175.19,,235501960.54,DARK BLOCK  $235.0M 7.86% AvgVol,Block,ETF/Fund,ETFs,Miscellaneous,,118,
6/5/2026,4:32:52 PM,SPY,125737,757.02,,95185423.74,DARK AVGPRC  SP61 $95.0M 0.27% AvgVol,Block,ETF/Fund,ETFs,Miscellaneous,,1034,
6/5/2026,4:32:31 PM,NVDA,361607,205.06,,74151131.42,DARK AVGPRC  $74.0M 0.22% AvgVol,Block,Equity,Semiconductors,IT Hardware,,23246,20260826
6/5/2026,4:32:23 PM,WDC,477377,511.72,,244283358.44000003,DARK BLOCK  $244.0M 6.33% AvgVol,Block,Equity,Computer Hardware & Equipment,IT Hardware,,344,20260729
6/5/2026,4:31:57 PM,PENG,102243,59.86,,6120265.9799999995,DARK AVGPRC  $6.1M 3.07% AvgVol,Block,Common Equity,Semiconductors,IT Hardware,,50,20260714
6/5/2026,4:30:59 PM,EWY,1138847,175.19,,199514605.93,DARK BLOCK  $199.0M 6.66% AvgVol,Block,ETF/Fund,ETFs,Miscellaneous,,118,
6/5/2026,4:30:08 PM,AXP,228087,310.66,,70857507.42,DARK BLOCK  $70.0M 6.88% AvgVol,Block,Equity,Credit & Lending,Credit & Lending,,681,20260724
6/5/2026,4:28:41 PM,NI,198308,46.61,,9243135.879999999,DARK BLOCK  $9.2M 4.13% AvgVol,Block,Equity,Gas Utilities,Gas Utilities,,477,20260805
6/5/2026,4:28:12 PM,AGG,500000,98.17,,49085000,DARK BLOCK  $49.0M 6.19% AvgVol,Block,ETF/Fund,ETFs,Miscellaneous,,1378,
6/5/2026,4:27:18 PM,MIGO,208000,28.3,,5886400,DARK BLOCK  $5.8M 591.29% AvgVol,Block,ETF/Fund,,,,25,
6/5/2026,4:24:37 PM,LQD,125000,108.43,,13553750,Cancelled DARK AVGPRC  $13.0M 0.48% AvgVol,Block,ETF/Fund,ETFs,Miscellaneous,,272,
6/5/2026,4:24:13 PM,APLD,1089936,39.62,,43183264.32,DARK BLOCK  $43.0M 4.63% AvgVol,Block,Common Equity,,Information Technology,,285,20260729
6/5/2026,4:23:19 PM,WDC,222000,511.72,,113601840,DARK BLOCK  $113.0M 2.94% AvgVol,Block,Equity,Computer Hardware & Equipment,IT Hardware,,344,20260729
6/5/2026,4:23:17 PM,APLD,1090000,39.62,,43185800,Cancelled DARK BLOCK  $43.0M 4.63% AvgVol,Block,Common Equity,,Information Technology,,285,20260729
6/5/2026,4:20:52 PM,VOO,1050773,677.62,,712024800.26,DARK BLOCK  $712.0M 17.57% AvgVol,Block,ETF/Fund,ETFs,Miscellaneous,,1404,
6/5/2026,4:20:27 PM,SPY,300000,737.04,,221112000,DARK AVGPRC  $221.0M 0.64% AvgVol,Block,ETF/Fund,ETFs,Miscellaneous,,1034,
6/5/2026,4:19:59 PM,CRWV,1150000,102,,117300000,DARK BLOCK  $117.0M 3.9% AvgVol,Block,Common Equity,Internet & Software,IT Services & Software,,447,20260811
6/5/2026,4:19:38 PM,IVV,654697,740.5,,484803128.5,DARK AVGPRC  $484.0M 11.22% AvgVol,Block,ETF/Fund,ETFs,Miscellaneous,,1109,
6/5/2026,4:18:58 PM,IVV,962556,740.51,,712782343.56,DARK BLOCK  $712.0M 16.5% AvgVol,Block,ETF/Fund,ETFs,Miscellaneous,,1109,
6/5/2026,4:17:50 PM,HEZU,225576,47.8,,10782532.799999999,DARK AVGPRC  $10.0M 317.56% AvgVol,Block,ETF/Fund,,,,11,
6/5/2026,4:17:50 PM,QQQ,205977,740.33,,152490952.41,DARK AVGPRC  SP70 $152.0M 0.54% AvgVol,Block,ETF/Fund,ETFs,Miscellaneous,,664,
6/5/2026,4:17:47 PM,ILF,656759,33.14,,21764993.26,DARK AVGPRC  $21.0M 22.46% AvgVol,Block,ETF/Fund,ETFs,Miscellaneous,,126,
6/5/2026,4:16:35 PM,ALM,830300,16.34,,13567102,DARK BLOCK  $13.0M 19.69% AvgVol,Block,Common Equity,Metal Products,Metals & Mining,,283,20260813
6/5/2026,4:16:31 PM,QQQ,200000,705.04,,141008000,DARK AVGPRC  $141.0M 0.52% AvgVol,Block,ETF/Fund,ETFs,Miscellaneous,,664,
6/5/2026,4:16:31 PM,QQQ,100000,705.05,,70505000,DARK AVGPRC  $70.0M 0.26% AvgVol,Block,ETF/Fund,ETFs,Miscellaneous,,664,
6/5/2026,4:16:31 PM,QQQ,100000,705.06,,70506000,DARK AVGPRC  $70.0M 0.26% AvgVol,Block,ETF/Fund,ETFs,Miscellaneous,,664,
6/5/2026,4:16:31 PM,QQQ,150000,705.06,,105758999.99999999,DARK AVGPRC  $105.0M 0.39% AvgVol,Block,ETF/Fund,ETFs,Miscellaneous,,664,
6/5/2026,4:16:31 PM,QQQ,100000,705.06,,70506000,DARK AVGPRC  $70.0M 0.26% AvgVol,Block,ETF/Fund,ETFs,Miscellaneous,,664,
6/5/2026,4:16:31 PM,QQQ,103000,705.07,,72622210,DARK AVGPRC  $72.0M 0.27% AvgVol,Block,ETF/Fund,ETFs,Miscellaneous,,664,
6/5/2026,4:16:31 PM,QQQ,100000,705.04,,70504000,DARK AVGPRC  $70.0M 0.26% AvgVol,Block,ETF/Fund,ETFs,Miscellaneous,,664,
6/5/2026,4:16:31 PM,QQQ,100000,705.04,,70504000,DARK AVGPRC  $70.0M 0.26% AvgVol,Block,ETF/Fund,ETFs,Miscellaneous,,664,
6/5/2026,4:16:31 PM,QQQ,100000,705.07,,70507000,DARK AVGPRC  $70.0M 0.26% AvgVol,Block,ETF/Fund,ETFs,Miscellaneous,,664,
6/5/2026,4:16:31 PM,QQQ,494000,705.06,,348299640,DARK AVGPRC  $348.0M 1.29% AvgVol,Block,ETF/Fund,ETFs,Miscellaneous,,664,
6/5/2026,4:16:31 PM,QQQ,100000,705.07,,70507000,DARK AVGPRC  $70.0M 0.26% AvgVol,Block,ETF/Fund,ETFs,Miscellaneous,,664,
6/5/2026,4:16:31 PM,QQQ,100000,705.08,,70508000,DARK AVGPRC  $70.0M 0.26% AvgVol,Block,ETF/Fund,ETFs,Miscellaneous,,664,
6/5/2026,4:16:31 PM,QQQ,150000,705.07,,105760500.00000001,DARK AVGPRC  $105.0M 0.39% AvgVol,Block,ETF/Fund,ETFs,Miscellaneous,,664,
6/5/2026,4:16:31 PM,QQQ,100000,705.08,,70508000,DARK AVGPRC  $70.0M 0.26% AvgVol,Block,ETF/Fund,ETFs,Miscellaneous,,664,
6/5/2026,4:16:31 PM,QQQ,506000,705.06,,356760360,DARK AVGPRC  $356.0M 1.32% AvgVol,Block,ETF/Fund,ETFs,Miscellaneous,,664,
6/5/2026,4:16:31 PM,SPY,200000,736.98,,147396000,DARK AVGPRC  $147.0M 0.43% AvgVol,Block,ETF/Fund,ETFs,Miscellaneous,,1034,
6/5/2026,4:16:31 PM,SPY,100000,736.97,,73697000,DARK AVGPRC  $73.0M 0.21% AvgVol,Block,ETF/Fund,ETFs,Miscellaneous,,1034,
6/5/2026,4:16:31 PM,SPY,100000,737,,73700000,DARK AVGPRC  $73.0M 0.21% AvgVol,Block,ETF/Fund,ETFs,Miscellaneous,,1034,
6/5/2026,4:16:31 PM,SPY,500000,737.03,,368515000,DARK AVGPRC  $368.0M 1.07% AvgVol,Block,ETF/Fund,ETFs,Miscellaneous,,1034,
6/5/2026,4:16:31 PM,SPY,300000,736.98,,221094000,DARK AVGPRC  $221.0M 0.64% AvgVol,Block,ETF/Fund,ETFs,Miscellaneous,,1034,
6/5/2026,4:16:31 PM,SPY,1000000,737.01,,737010000,DARK AVGPRC  $737.0M 2.14% AvgVol,Block,ETF/Fund,ETFs,Miscellaneous,,1034,
6/5/2026,4:16:31 PM,SPY,500000,737.02,,368510000,DARK AVGPRC  $368.0M 1.07% AvgVol,Block,ETF/Fund,ETFs,Miscellaneous,,1034,
6/5/2026,4:16:31 PM,SPY,500000,737.03,,368515000,DARK AVGPRC  $368.0M 1.07% AvgVol,Block,ETF/Fund,ETFs,Miscellaneous,,1034,
6/5/2026,4:16:31 PM,SPY,100000,736.98,,73698000,DARK AVGPRC  $73.0M 0.21% AvgVol,Block,ETF/Fund,ETFs,Miscellaneous,,1034,
6/5/2026,4:16:31 PM,SPY,100000,736.97,,73697000,DARK AVGPRC  $73.0M 0.21% AvgVol,Block,ETF/Fund,ETFs,Miscellaneous,,1034,
6/5/2026,4:16:31 PM,SPY,68000,736.97,,50113960,DARK AVGPRC  $50.0M 0.15% AvgVol,Block,ETF/Fund,ETFs,Miscellaneous,,1034,
6/5/2026,4:16:31 PM,SPY,100000,736.93,,73693000,DARK AVGPRC  $73.0M 0.21% AvgVol,Block,ETF/Fund,ETFs,Miscellaneous,,1034,
6/5/2026,4:16:31 PM,SPY,100000,736.98,,73698000,DARK AVGPRC  $73.0M 0.21% AvgVol,Block,ETF/Fund,ETFs,Miscellaneous,,1034,
6/5/2026,4:16:31 PM,SPY,200000,737.03,,147406000,DARK AVGPRC  $147.0M 0.43% AvgVol,Block,ETF/Fund,ETFs,Miscellaneous,,1034,
6/5/2026,4:16:31 PM,SPY,1000000,737.03,,737030000,DARK AVGPRC  $737.0M 2.14% AvgVol,Block,ETF/Fund,ETFs,Miscellaneous,,1034,
6/5/2026,4:16:31 PM,SPY,500000,737.02,,368510000,DARK AVGPRC  $368.0M 1.07% AvgVol,Block,ETF/Fund,ETFs,Miscellaneous,,1034,
6/5/2026,4:16:31 PM,SPY,200000,737.03,,147406000,DARK AVGPRC  $147.0M 0.43% AvgVol,Block,ETF/Fund,ETFs,Miscellaneous,,1034,
6/5/2026,4:16:15 PM,HYG,150000,79.43,,11914500.000000002,DARK BLOCK  $11.0M 0.41% AvgVol,Block,ETF/Fund,ETFs,Miscellaneous,,198,
6/5/2026,4:14:59 PM,QSR,385074,72.66,,27979476.84,DARK BLOCK  $27.0M 10.96% AvgVol,Block,Equity,"""Hotels, Restaurants & Travel""",Consumer Services,,343,20260806
6/5/2026,4:14:58 PM,NFLX,405354,82.18,,33311991.720000003,DARK BLOCK  $33.0M 1.2% AvgVol,Block,Common Equity,Entertainment,Media,,4158,20260716
6/5/2026,4:14:58 PM,PLTR,445880,135.53,,60430116.4,DARK BLOCK  $60.0M 1.03% AvgVol,Block,Common Equity,IT Services,IT Services & Software,,2397,20260803
6/5/2026,4:13:59 PM,IGV,241841,95.66,,23134510.06,DARK AVGPRC  $23.0M 1.07% AvgVol,Block,ETF/Fund,ETFs,Miscellaneous,,160,
6/5/2026,4:13:58 PM,SCHG,1870599,33.75,,63132716.25,DARK AVGPRC  $63.0M 15.33% AvgVol,Block,ETF/Fund,,,,1732,
6/5/2026,4:13:25 PM,GOOG,279321,365.76,,102164448.96,DARK BLOCK  $102.0M 1.33% AvgVol,Block,Equity,Entertainment,Media,,12116,20260722
6/5/2026,4:13:24 PM,LPX,500000,70.81,,35405000,DARK AVGPRC  $35.0M 40.24% AvgVol,Block,Equity,Paper & Forest Products,Paper & Forest Products,,69,20260805
6/5/2026,4:13:11 PM,SSNC,350000,69.91,,24468500,DARK AVGPRC  $24.0M 13.41% AvgVol,Block,Equity,Internet & Software,IT Services & Software,,202,20260722
6/5/2026,4:12:55 PM,AAPL,221398,307.34,,68044461.32,DARK BLOCK  $68.0M 0.46% AvgVol,Block,Equity,Computer Hardware & Equipment,IT Hardware,,14678,20260730
6/5/2026,4:12:49 PM,SPY,,735.05,,,Unusual Very Large Block,Block,ETF/Fund,ETFs,Miscellaneous,,1034,
6/5/2026,4:12:49 PM,SPY,1500000,735.05,,1102575000,DARK AVGPRC  $1.1B 3.22% AvgVol,Block,ETF/Fund,ETFs,Miscellaneous,,1034,
6/5/2026,4:12:39 PM,SPY,1000000,736.95,,736950000,DARK AVGPRC  $736.0M 2.14% AvgVol,Block,ETF/Fund,ETFs,Miscellaneous,,1034,
6/5/2026,4:12:23 PM,ADI,365628,408.96,,149527226.88,DARK AVGPRC  $149.0M 8.38% AvgVol,Block,Equity,Semiconductors,IT Hardware,,485,20260819
6/5/2026,4:12:12 PM,STZ,725794,140.91,,102271632.53999999,DARK BLOCK  $102.0M 37.8% AvgVol,Block,Equity,Beverages,Food & Beverage,,150,20260630
6/5/2026,4:12:12 PM,LPLA,342654,288.49,,98852252.46000001,DARK BLOCK  $98.0M 34.01% AvgVol,Block,Equity,Finance Intermediaries & Services,Investments & Brokers,,79,20260730
6/5/2026,4:12:11 PM,SPGI,119013,424.44,,50513877.72,DARK BLOCK  $50.0M 5.88% AvgVol,Block,Equity,Finance Intermediaries & Services,Investments & Brokers,,295,20260730
6/5/2026,4:12:05 PM,ORLY,275000,90.33,,24840750,DARK AVGPRC  $24.0M 4.45% AvgVol,Block,Common Equity,Retail - Automotive,Retail,,822,20260722
6/5/2026,4:11:43 PM,JPM,321658,312.37,,100476309.46000001,DARK BLOCK  $100.0M 3.95% AvgVol,Block,Equity,Banking,Banking & Savings,,2668,20260721
6/5/2026,4:11:42 PM,STM,350000,70.72,,24752000,DARK AVGPRC  $24.0M 2.76% AvgVol,Block,Equity,Semiconductors,IT Hardware,,898,20260723
6/5/2026,4:11:31 PM,FLJP,128905,38.86,,5009248.3,DARK BLOCK  $5.0M 12.13% AvgVol,Block,ETF/Fund,,,,94,
6/5/2026,4:11:27 PM,EWS,1288801,28.67,,36949924.67,DARK BLOCK  $36.0M 157.89% AvgVol,Block,ETF/Fund,ETFs,Miscellaneous,,26,
6/5/2026,4:11:24 PM,BBJP,132596,73.67,,9768347.32,DARK BLOCK  $9.7M 7.94% AvgVol,Block,ETF/Fund,,,,229,
6/5/2026,4:11:21 PM,SPY,125737,757.02,,95185423.74,DARK AVGPRC  SP60 $95.0M 0.27% AvgVol,Block,ETF/Fund,ETFs,Miscellaneous,,1034,
6/5/2026,4:11:16 PM,TSM,100000,420,,42000000,DARK BLOCK  $42.0M 0.75% AvgVol,Block,Equity,Semiconductors,IT Hardware,,5128,20260716
6/5/2026,4:11:16 PM,EWA,997672,28.06,,27994676.32,DARK AVGPRC  $27.0M 51.97% AvgVol,Block,ETF/Fund,ETFs,Miscellaneous,,49,
6/5/2026,4:11:06 PM,EWZ,144258,34.01,,4906214.58,DARK BLOCK  $4.9M 0.5% AvgVol,Block,ETF/Fund,ETFs,Miscellaneous,,284,
6/5/2026,4:11:03 PM,VEA,276924,69.17,,19154833.080000002,DARK BLOCK  $19.0M 2.54% AvgVol,Block,ETF/Fund,ETFs,Miscellaneous,,3214,
6/5/2026,4:11:01 PM,EDV,196123,63.64,,12481267.72,DARK BLOCK  $12.0M 17.38% AvgVol,Block,ETF/Fund,ETFs,Miscellaneous,,60,
6/5/2026,4:11:00 PM,MCHI,918267,54.44,,49990455.48,DARK AVGPRC  $49.0M 32.62% AvgVol,Block,ETF/Fund,ETFs,Miscellaneous,,115,
6/5/2026,4:10:58 PM,XOVR,1100000,19.58,,21537999.999999996,DARK BLOCK  $21.0M 24.4% AvgVol,Block,ETF/Fund,,,,98,
6/5/2026,4:10:57 PM,URTH,103677,200.38,,20774797.259999998,DARK BLOCK  $20.0M 7.46% AvgVol,Block,ETF/Fund,,,,39,
6/5/2026,4:10:37 PM,IVV,165193,740.91,,122393145.63,DARK BLOCK  $122.0M 2.83% AvgVol,Block,ETF/Fund,ETFs,Miscellaneous,,1109,
6/5/2026,4:10:35 PM,EWT,611629,98.08,,59988572.32,DARK AVGPRC  $59.0M 10.67% AvgVol,Block,ETF/Fund,ETFs,Miscellaneous,,105,
6/5/2026,4:10:33 PM,IEUR,396928,74.36,,29515566.08,DARK BLOCK  $29.0M 39.8% AvgVol,Block,ETF/Fund,ETFs,Miscellaneous,,117,
6/5/2026,4:10:23 PM,NVDA,361607,205.06,,74151131.42,DARK BLOCK  $74.0M 0.22% AvgVol,Block,Equity,Semiconductors,IT Hardware,,23246,20260826
6/5/2026,4:10:21 PM,INDA,211197,47.34,,9998065.98,DARK AVGPRC  $9.9M 3.52% AvgVol,Block,ETF/Fund,ETFs,Miscellaneous,,139,
6/5/2026,4:10:20 PM,USDU,278724,26.48,,7380611.5200000005,DARK BLOCK  $7.3M 94.06% AvgVol,Block,ETF/Fund,ETFs,Miscellaneous,,14,
6/5/2026,4:10:11 PM,AMAT,199323,453.01,,90295312.23,DARK BLOCK  $90.0M 2.67% AvgVol,Block,ADR,Semiconductors,IT Hardware,,791,20260813
6/5/2026,4:10:06 PM,PDBA,165843,35.2,,5837673.600000001,DARK BLOCK  $5.8M 39.21% AvgVol,Block,ETF/Fund,ETFs,Miscellaneous,,14,
6/5/2026,4:09:57 PM,VGLT,229730,54.36,,12488122.8,DARK BLOCK  $12.0M 10.37% AvgVol,Block,ETF/Fund,ETFs,Miscellaneous,,182,
6/5/2026,4:09:36 PM,IVV,963890,740.5,,713760545,DARK AVGPRC  $713.0M 16.52% AvgVol,Block,ETF/Fund,ETFs,Miscellaneous,,1109,
6/5/2026,4:09:33 PM,DASH,100000,157.85,,15785000,DARK BLOCK  $15.0M 2.03% AvgVol,Block,Common Equity,"""Hotels, Restaurants & Travel""",Consumer Services,,435,20260805
6/5/2026,4:09:17 PM,ELF,109489,49.51,,5420800.39,DARK AVGPRC  $5.4M 2.92% AvgVol,Block,Equity,Household & Personal Products,Household & Personal Products,,59,20260805
6/5/2026,4:09:17 PM,BAC,505386,53.79,,27184712.94,DARK AVGPRC  $27.0M 1.45% AvgVol,Block,Equity,Banking,Banking & Savings,,7077,20260714
6/5/2026,4:09:17 PM,TSN,102954,58.75,,6048547.5,DARK AVGPRC  $6.0M 3.43% AvgVol,Block,Equity,Food,Food & Beverage,,344,20260803
6/5/2026,4:08:46 PM,VOO,1002085,677.63,,679042858.55,DARK AVGPRC  $679.0M 16.76% AvgVol,Block,ETF/Fund,ETFs,Miscellaneous,,1404,
6/5/2026,4:08:42 PM,XLK,142635,179.49,,25601556.150000002,DARK BLOCK  $25.0M 1.19% AvgVol,Block,ETF/Fund,ETFs,Miscellaneous,,651,
6/5/2026,4:08:28 PM,INDA,117871,47.88,,5643663.48,DARK BLOCK  $5.6M 1.96% AvgVol,Block,ETF/Fund,ETFs,Miscellaneous,,139,
6/5/2026,4:08:23 PM,CP,1123508,90.6,,101789824.8,DARK BLOCK  $101.0M 35.36% AvgVol,Block,Equity,Rail,Transport,,887,20260729
6/5/2026,4:07:47 PM,SCHR,510000,24.5,,12495000,DARK BLOCK  $12.0M 17.59% AvgVol,Block,ETF/Fund,ETFs,Miscellaneous,,527,
6/5/2026,4:07:38 PM,QQQ,102989,740.33,,76245846.37,DARK AVGPRC  SP69 $76.0M 0.27% AvgVol,Block,ETF/Fund,ETFs,Miscellaneous,,664,
6/5/2026,4:07:36 PM,QQQ,102989,740.33,,76245846.37,DARK AVGPRC  SP68 $76.0M 0.27% AvgVol,Block,ETF/Fund,ETFs,Miscellaneous,,664,
6/5/2026,4:07:28 PM,EWC,137711,58.34,,8034059.74,DARK AVGPRC  $8.0M 6.2% AvgVol,Block,ETF/Fund,ETFs,Miscellaneous,,91,
6/5/2026,4:07:23 PM,SPTL,483366,25.83,,12485343.78,DARK BLOCK  $12.0M 7.4% AvgVol,Block,ETF/Fund,ETFs,Miscellaneous,,389,
6/5/2026,4:06:55 PM,SMCI,108118,41.64,,4502033.5200000005,DARK AVGPRC  $4.5M 0.25% AvgVol,Block,Common Equity,Computer Hardware & Equipment,IT Hardware,,601,20260804
6/5/2026,4:06:38 PM,VONV,,103.72,,,Unusual Very Large Block,Block,ETF/Fund,ETFs,Miscellaneous,,185,
6/5/2026,4:06:38 PM,VONV,4358397,103.72,,452052936.84,DARK BLOCK  $452.0M 575.88% AvgVol,Block,ETF/Fund,ETFs,Miscellaneous,,185,
6/5/2026,4:06:24 PM,KGC,1951300,26.22,,51163086,DARK BLOCK  $51.0M 26.13% AvgVol,Block,Equity,Precious Metals,Metals & Mining,,1180,20260729
6/5/2026,4:06:24 PM,ON,1151904,117.26,,135072263.04,DARK BLOCK  $135.0M 8.94% AvgVol,Block,Common Equity,Semiconductors,IT Hardware,,390,20260803
6/5/2026,4:06:24 PM,VTRS,3680300,15.88,,58443164,DARK BLOCK  $58.0M 29.67% AvgVol,Block,Equity,Pharmaceuticals,Pharmaceuticals & Biotechnology,,1164,20260806
6/5/2026,4:06:14 PM,SPY,125737,757.02,,95185423.74,DARK AVGPRC  SP59 $95.0M 0.27% AvgVol,Block,ETF/Fund,ETFs,Miscellaneous,,1034,
6/5/2026,4:06:14 PM,SPY,125737,757.02,,95185423.74,DARK AVGPRC  SP58 $95.0M 0.27% AvgVol,Block,ETF/Fund,ETFs,Miscellaneous,,1034,
6/5/2026,4:06:12 PM,HYEM,355000,20.08,,7128399.999999999,DARK BLOCK  $7.1M 295.2% AvgVol,Block,ETF/Fund,ETFs,Miscellaneous,,25,
6/5/2026,4:06:11 PM,FNDX,800000,30.74,,24592000,DARK BLOCK  $24.0M 18.48% AvgVol,Block,ETF/Fund,,,,821,
6/5/2026,4:06:06 PM,MIAX,158521,39.21,,6215608.41,DARK AVGPRC  $6.2M 11.89% AvgVol,Block,Equity,,,,94,20260805
6/5/2026,4:06:05 PM,ECL,196493,259.3,,50950634.9,DARK AVGPRC  $50.0M 11.99% AvgVol,Block,Equity,Specialty Chemicals,Chemicals,,280,20260804
6/5/2026,4:06:03 PM,GDXJ,543648,100.59,,54685552.32,DARK BLOCK  $54.0M 10.09% AvgVol,Block,ETF/Fund,ETFs,Miscellaneous,,73,
6/5/2026,4:06:01 PM,NEM,384599,99.71,,38348366.29,DARK BLOCK  $38.0M 5.19% AvgVol,Block,Equity,Precious Metals,Metals & Mining,,1066,20260723
6/5/2026,4:06:01 PM,MRK,176154,120.79,,21277641.66,DARK BLOCK  $21.0M 1.96% AvgVol,Block,ADR,Pharmaceuticals,Pharmaceuticals & Biotechnology,,2465,20260804
6/5/2026,4:06:01 PM,HPE,485755,49.2,,23899146,DARK BLOCK  $23.0M 1.78% AvgVol,Block,Equity,Computer Hardware & Equipment,IT Hardware,,1321,20260902
6/5/2026,4:06:01 PM,KVUE,957198,17.71,,16951976.580000002,DARK BLOCK  $16.0M 4.72% AvgVol,Block,Equity,Retail - Furniture & Home Furnishings,Retail,,1920,20260806
6/5/2026,4:06:01 PM,CPRT,176025,30.96,,5449734,DARK BLOCK  $5.4M 1.98% AvgVol,Block,Common Equity,Business Services,Commercial Services & Supplies,,870,20260903
6/5/2026,4:06:01 PM,PANW,108555,272.05,,29532387.75,DARK BLOCK  $29.0M 1.25% AvgVol,Block,Common Equity,Internet & Software,IT Services & Software,,804,20260817
6/5/2026,4:06:01 PM,CSCO,219777,121.64,,26733674.28,DARK BLOCK  $26.0M 0.86% AvgVol,Block,Equity,Manufacturing,Communications,,3941,20260812
6/5/2026,4:06:01 PM,MSFT,134033,416.67,,55847530.11,DARK BLOCK  $55.0M 0.37% AvgVol,Block,Equity,Internet & Software,IT Services & Software,,7426,20260729
6/5/2026,4:06:01 PM,META,1001128,593,,593668904,DARK BLOCK  $593.0M 6.02% AvgVol,Block,Equity,Entertainment,Media,,2185,20260729
6/5/2026,4:06:01 PM,TJX,654519,160.71,,105187748.49000001,DARK BLOCK  $105.0M 11.36% AvgVol,Block,Equity,Retail - Apparel and Accessories,Retail,,1104,20260819
6/5/2026,4:06:01 PM,TEVA,649576,34.19,,22209003.439999998,DARK BLOCK  $22.0M 9.11% AvgVol,Block,Equity,Pharmaceuticals,Pharmaceuticals & Biotechnology,,1143,20260729
6/5/2026,4:06:01 PM,CCL,563602,27.41,,15448330.82,DARK BLOCK  $15.0M 1.98% AvgVol,Block,Equity,,,,1239,20260623
6/5/2026,4:06:01 PM,TFC,886279,49.2,,43604926.800000004,DARK BLOCK  $43.0M 11.83% AvgVol,Block,Equity,Banking,Banking & Savings,,1245,20260717
6/5/2026,4:06:01 PM,GLW,460662,177.58,,81804357.96000001,DARK BLOCK  $81.0M 3.24% AvgVol,Block,Equity,Electrical Equipment,Information Technology,,858,20260804
6/5/2026,4:06:01 PM,RKT,405557,12.65,,5130296.05,DARK BLOCK  $5.1M 1.78% AvgVol,Block,Equity,Finance Intermediaries & Services,Investments & Brokers,,2829,20260730
6/5/2026,4:06:01 PM,F,1672358,14.9,,24918134.2,DARK BLOCK  $24.0M 2.31% AvgVol,Block,ADR,Autos- Manufacturing,Autos & Auto Parts,,3959,20260729
6/5/2026,4:06:01 PM,RBLX,577322,41.82,,24143606.04,DARK BLOCK  $24.0M 4.35% AvgVol,Block,Equity,Entertainment,Media,,671,20260730
6/5/2026,4:06:01 PM,AMD,205989,466.38,,96069149.82,DARK BLOCK  $96.0M 0.5% AvgVol,Block,Common Equity,Semiconductors,IT Hardware,,1622,20260804
6/5/2026,4:06:01 PM,NXPI,410224,295.96,,121409895.03999999,DARK BLOCK  $121.0M 10.08% AvgVol,Block,Equity,Semiconductors,IT Hardware,,252,20260720
6/5/2026,4:06:01 PM,INTC,2458753,99.17,,243834535.01,DARK BLOCK  $243.0M 1.66% AvgVol,Block,Common Equity,Semiconductors,IT Hardware,,5023,20260723
6/5/2026,4:06:01 PM,ZS,134516,130.78,,17592002.48,DARK BLOCK  $17.0M 2.44% AvgVol,Block,Common Equity,Internet & Software,IT Services & Software,,161,20260901
6/5/2026,4:06:01 PM,VALE,1377607,15.23,,20980954.61,DARK BLOCK  $20.0M 5.74% AvgVol,Block,Equity,Non-Precious Metals,Metals & Mining,,4539,20260730
6/5/2026,4:06:01 PM,MA,485749,491.08,,238541618.92,DARK BLOCK  $238.0M 12.81% AvgVol,Block,Equity,Business Services,Financials,,882,20260730
6/5/2026,4:06:01 PM,BSX,797168,48.55,,38702506.4,DARK BLOCK  $38.0M 3.59% AvgVol,Block,Equity,Medical Instruments & Equipment,Health Care Equipment,,1481,20260722
6/5/2026,4:06:01 PM,AAPL,952393,307.34,,292708464.62,DARK BLOCK  $292.0M 1.98% AvgVol,Block,Equity,Computer Hardware & Equipment,IT Hardware,,14678,20260730
6/5/2026,4:05:49 PM,SGI,153565,68.01,,10443955.65,DARK AVGPRC  $10.0M 4.79% AvgVol,Block,Equity,Furniture,Consumer Goods,,199,20260806
6/5/2026,4:05:49 PM,IQMM,469000,100.13,,46960970,DARK BLOCK  $46.0M 26.69% AvgVol,Block,ETF/Fund,,,,219,
6/5/2026,4:05:47 PM,BAC,1400000,53.43,,74802000,DARK BLOCK  $74.0M 4.02% AvgVol,Block,Equity,Banking,Banking & Savings,,7077,20260714
6/5/2026,4:05:45 PM,SYRE,279000,73.65,,20548350,DARK BLOCK  $20.0M 26.94% AvgVol,Block,Common Equity,Pharmaceuticals,Pharmaceuticals & Biotechnology,,86,20260804
6/5/2026,4:05:45 PM,ADM,144946,80.92,,11729030.32,DARK AVGPRC  $11.0M 3.62% AvgVol,Block,Equity,Food,Food & Beverage,,479,20260804
6/5/2026,4:05:44 PM,AAPL,383052,307.34,,117727201.67999999,DARK AVGPRC  $117.0M 0.8% AvgVol,Block,Equity,Computer Hardware & Equipment,IT Hardware,,14678,20260730
6/5/2026,4:05:32 PM,LLY,48531,1131.42,,54908944.02,DARK BLOCK  $54.0M 1.45% AvgVol,Block,Equity,Pharmaceuticals,Pharmaceuticals & Biotechnology,,940,20260806
6/5/2026,4:05:28 PM,VSH,418000,57.2,,23909600,DARK BLOCK  $23.0M 6.87% AvgVol,Block,Equity,Electrical Equipment,Electrical Equipment,,124,20260805
6/5/2026,4:05:16 PM,INDA,135881,47.34,,6432606.54,DARK BLOCK  $6.4M 2.26% AvgVol,Block,ETF/Fund,ETFs,Miscellaneous,,139,
6/5/2026,4:05:16 PM,VGSH,266907,58.04,,15491282.28,DARK BLOCK  $15.0M 7.4% AvgVol,Block,ETF/Fund,ETFs,Miscellaneous,,498,
6/5/2026,4:05:16 PM,BIDWU,686000,9.95,,6825699.999999999,DARK BLOCK  $6.8M 52.9% AvgVol,Block,Equity,,,,,
6/5/2026,4:05:16 PM,IPVVU,750720,9.94,,7462156.8,DARK BLOCK  $7.4M 9.223372036854776E16% AvgVol,Block,Equity,,,,,
6/5/2026,4:05:16 PM,GIX,704476,9.94,,7002491.4399999995,DARK BLOCK  $6.9M 6198.75% AvgVol,Block,Equity,Miscellaneous,Miscellaneous,,,
6/5/2026,4:05:16 PM,LTGRU,441600,10.01,,4420416,DARK BLOCK  $4.4M 9.223372036854776E16% AvgVol,Block,Equity,,,,,
6/5/2026,4:05:14 PM,AAPL,111795,307.34,,34359075.3,DARK AVGPRC  $34.0M 0.23% AvgVol,Block,Equity,Computer Hardware & Equipment,IT Hardware,,14678,20260730
6/5/2026,4:05:11 PM,INN,2003688,5.77,,11561279.76,DARK BLOCK  $11.0M 209.75% AvgVol,Block,Equity,REITs,Real Estate,,103,20260804
6/5/2026,4:04:49 PM,LYV,257400,160.07,,41202018,DARK BLOCK  $41.0M 10.05% AvgVol,Block,Equity,Entertainment,Media,,228,20260806
6/5/2026,4:04:19 PM,IYH,1800000,64.67,,116406000,DARK AVGPRC  $116.0M 263.05% AvgVol,Block,ETF/Fund,ETFs,Miscellaneous,,48,
6/5/2026,4:04:14 PM,QQQ,136400,716.69,,97756516,DARK AVGPRC  $97.0M 0.36% AvgVol,Block,ETF/Fund,ETFs,Miscellaneous,,664,
6/5/2026,4:03:38 PM,APLD,1090000,39.62,,43185800,DARK BLOCK  $43.0M 4.63% AvgVol,Block,Common Equity,,Information Technology,,285,20260729
6/5/2026,4:03:30 PM,DYNF,302875,66.25,,20065468.75,DARK BLOCK  $20.0M 12.63% AvgVol,Block,ETF/Fund,,,,543,
6/5/2026,4:03:30 PM,DYNF,302875,66.25,,20065468.75,DARK BLOCK  $20.0M 12.63% AvgVol,Block,ETF/Fund,,,,543,
6/5/2026,4:03:30 PM,DYNF,302875,66.25,,20065468.75,DARK BLOCK  $20.0M 12.63% AvgVol,Block,ETF/Fund,,,,543,
6/5/2026,4:03:30 PM,DYNF,302873,66.25,,20065336.25,DARK BLOCK  $20.0M 12.63% AvgVol,Block,ETF/Fund,,,,543,
6/5/2026,4:03:19 PM,PFE,194629,26.04,,5068139.16,DARK AVGPRC  $5.0M 0.54% AvgVol,Block,Equity,Pharmaceuticals,Pharmaceuticals & Biotechnology,,5664,20260804
6/5/2026,4:03:14 PM,HRB,134000,38.14,,5110760,DARK BLOCK  $5.1M 4.77% AvgVol,Block,Equity,Miscellaneous Consumer Services,Consumer Services,,124,20260811
6/5/2026,4:03:09 PM,LNT,113416,72.87,,8264623.920000001,DARK BLOCK  $8.2M 4.5% AvgVol,Block,Equity,Electric Utilities,Electric Utilities,,257,20260806
6/5/2026,4:03:07 PM,SCHE,277821,35.13,,9759851.73,DARK BLOCK  $9.7M 10.21% AvgVol,Block,ETF/Fund,,,,348,
6/5/2026,4:02:53 PM,BHDG,224000,25.8,,5779200,DARK BLOCK  $5.7M 2295.36% AvgVol,Block,ETF/Fund,,,,,
6/5/2026,4:02:48 PM,GDX,646250,79.28,,51234700,DARK AVGPRC  $51.0M 3.17% AvgVol,Block,ETF/Fund,ETFs,Miscellaneous,,304,
6/5/2026,4:02:43 PM,NVDA,361607,205.1,,74165595.7,DARK AVGPRC  $74.0M 0.22% AvgVol,Block,Equity,Semiconductors,IT Hardware,,23246,20260826
6/5/2026,4:02:42 PM,C,226352,132.47,,29984849.44,DARK BLOCK  $29.0M 2.09% AvgVol,Block,Equity,Banking,Banking & Savings,,1703,20260714
6/5/2026,4:02:42 PM,EEM,100000,64.46,,6445999.999999999,DARK BLOCK  $6.4M 0.37% AvgVol,Block,ETF/Fund,ETFs,Miscellaneous,,442,
6/5/2026,4:02:22 PM,SPEM,243235,50.49,,12280935.15,DARK BLOCK  $12.0M 10.07% AvgVol,Block,ETF/Fund,ETFs,Miscellaneous,,342,
6/5/2026,4:02:21 PM,EWY,305000,175.19,,53432950,DARK BLOCK  $53.0M 1.78% AvgVol,Block,ETF/Fund,ETFs,Miscellaneous,,118,
6/5/2026,4:02:19 PM,SMH,150000,573.5,,86025000,DARK AVGPRC  $86.0M 1.52% AvgVol,Block,ETF/Fund,ETFs,Miscellaneous,,112,
6/5/2026,4:02:12 PM,KLMN,,30.42,,,Unusual Very Large Block,Block,ETF/Fund,,,,72,
6/5/2026,4:02:12 PM,KLMN,9380000,30.42,,285339600,DARK AVGPRC  $285.0M 2630176.93% AvgVol,Block,ETF/Fund,,,,72,
6/5/2026,4:02:09 PM,HASI,177352,38.74,,6870616.48,DARK AVGPRC  $6.8M 16.92% AvgVol,Block,Equity,REITs,Real Estate,,125,20260806
6/5/2026,4:02:07 PM,ARMK,355209,53.41,,18971712.689999998,DARK BLOCK  $18.0M 10.87% AvgVol,Block,Equity,Miscellaneous Consumer Services,Consumer Services,,255,20260804
6/5/2026,4:02:01 PM,CDE,896493,16.37,,14675590.41,DARK BLOCK  $14.0M 4.49% AvgVol,Block,Equity,Precious Metals,Metals & Mining,,1025,20260805
6/5/2026,4:02:01 PM,VUG,320621,86.66,,27785015.86,DARK AVGPRC  $27.0M 4.83% AvgVol,Block,ETF/Fund,ETFs,Miscellaneous,,2574,
6/5/2026,4:02:00 PM,WFC,302000,81.94,,24745880,DARK BLOCK  $24.0M 1.79% AvgVol,Block,Equity,Banking,Banking & Savings,,3055,20260714
6/5/2026,4:01:50 PM,F,,14.9,,,Unusual Very Large Block,Block,ADR,Autos- Manufacturing,Autos & Auto Parts,,3959,20260729
6/5/2026,4:01:50 PM,F,9056153,14.9,,134936679.70000002,DARK AVGPRC  $134.0M 12.5% AvgVol,Block,ADR,Autos- Manufacturing,Autos & Auto Parts,,3959,20260729
6/5/2026,4:01:47 PM,F,529445,14.9,,7888730.5,DARK BLOCK  $7.8M 0.73% AvgVol,Block,ADR,Autos- Manufacturing,Autos & Auto Parts,,3959,20260729
6/5/2026,4:01:43 PM,GLW,100000,177.58,,17758000,DARK BLOCK  $17.0M 0.7% AvgVol,Block,Equity,Electrical Equipment,Information Technology,,858,20260804
6/5/2026,4:01:37 PM,IEMG,255947,78.65,,20130231.55,DARK BLOCK  $20.0M 1.95% AvgVol,Block,ETF/Fund,,,,1941,
6/5/2026,4:01:35 PM,IWF,810781,122.69,,99474720.89,DARK BLOCK  $99.0M 16.79% AvgVol,Block,ETF/Fund,ETFs,Miscellaneous,,1034,
6/5/2026,4:01:31 PM,VTWO,162000,113.83,,18440460,DARK BLOCK  $18.0M 7.83% AvgVol,Block,ETF/Fund,ETFs,Miscellaneous,,141,
6/5/2026,4:01:29 PM,MSFT,300000,416.36,,124908000,DARK BLOCK  $124.0M 0.82% AvgVol,Block,Equity,Internet & Software,IT Services & Software,,7426,20260729
6/5/2026,4:01:24 PM,BMNR,275000,15.9,,4372500,DARK BLOCK  $4.3M 0.79% AvgVol,Block,Equity,Internet & Software,Financials,,569,0
6/5/2026,4:01:19 PM,HPE,100000,49.2,,4920000,DARK BLOCK  $4.9M 0.37% AvgVol,Block,Equity,Computer Hardware & Equipment,IT Hardware,,1321,20260902
6/5/2026,4:01:16 PM,CECO,134006,78.02,,10455148.12,DARK BLOCK  $10.0M 13.84% AvgVol,Block,Common Equity,Industrial Machinery & Equipment,Machinery,,30,20260804
6/5/2026,4:01:16 PM,AVO,524543,10.22,,5360829.46,DARK BLOCK  $5.3M 47.61% AvgVol,Block,Common Equity,Food,Food & Beverage,,70,20260608
6/5/2026,4:01:06 PM,MO,254328,72.19,,18359938.32,DARK AVGPRC  $18.0M 2.74% AvgVol,Block,Equity,Tobacco Products,Tobacco,,1668,20260729
6/5/2026,4:01:04 PM,HPE,1000000,49.2,,49200000,DARK AVGPRC  $49.0M 3.67% AvgVol,Block,Equity,Computer Hardware & Equipment,IT Hardware,,1321,20260902
6/5/2026,4:01:04 PM,HPE,268818,49.2,,13225845.600000001,DARK AVGPRC  $13.0M 0.99% AvgVol,Block,Equity,Computer Hardware & Equipment,IT Hardware,,1321,20260902
6/5/2026,4:01:01 PM,MRK,104500,120.79,,12622555,DARK BLOCK  $12.0M 1.17% AvgVol,Block,ADR,Pharmaceuticals,Pharmaceuticals & Biotechnology,,2465,20260804
6/5/2026,4:01:00 PM,NVCR,259930,17.16,,4460398.8,DARK BLOCK  $4.4M 14.62% AvgVol,Block,Common Equity,Medical Instruments & Equipment,Health Care Equipment,,109,20260723
6/5/2026,4:00:59 PM,HPE,104683,49.2,,5150403.600000001,DARK BLOCK  $5.1M 0.38% AvgVol,Block,Equity,Computer Hardware & Equipment,IT Hardware,,1321,20260902
6/5/2026,4:00:55 PM,DIS,601490,99.71,,59974567.9,DARK AVGPRC  $59.0M 6.96% AvgVol,Block,Equity,Entertainment,Media,,1733,20260805
6/5/2026,4:00:52 PM,XOM,2000934,149.92,,299980025.28,DARK AVGPRC  $299.0M 12.0% AvgVol,Block,ADR,Production & Extraction,Oil & Gas,,4143,20260807
6/5/2026,4:00:51 PM,IVV,200000,740.91,,148182000,DARK BLOCK  $148.0M 3.43% AvgVol,Block,ETF/Fund,ETFs,Miscellaneous,,1109,
6/5/2026,4:00:50 PM,NVCR,260197,17.16,,4464980.5200000005,DARK BLOCK  $4.4M 14.64% AvgVol,Block,Common Equity,Medical Instruments & Equipment,Health Care Equipment,,109,20260723
6/5/2026,4:00:46 PM,EGO,182090,29.59,,5388043.1,DARK BLOCK  $5.3M 5.2% AvgVol,Block,Equity,Precious Metals,Metals & Mining,,260,20260730
6/5/2026,4:00:44 PM,AEE,194284,109.27,,21229412.68,DARK BLOCK  $21.0M 10.6% AvgVol,Block,Equity,Electric Utilities,Electric Utilities,,275,20260730
6/5/2026,4:00:43 PM,EGO,182332,29.59,,5395203.88,DARK BLOCK  $5.3M 5.21% AvgVol,Block,Equity,Precious Metals,Metals & Mining,,260,20260730
6/5/2026,4:00:39 PM,AVTR,918500,9.16,,8413460,DARK BLOCK  $8.4M 8.99% AvgVol,Block,Equity,Specialty Chemicals,Chemicals,,682,20260807
6/5/2026,4:00:39 PM,PPL,162871,35.74,,5821009.54,DARK BLOCK  $5.8M 1.82% AvgVol,Block,Equity,Electric Utilities,Electric Utilities,,749,20260730
6/5/2026,4:00:39 PM,NVDA,114080,205.1,,23397808,DARK BLOCK  $23.0M 0.07% AvgVol,Block,Equity,Semiconductors,IT Hardware,,23246,20260826
6/5/2026,4:00:38 PM,NVDA,175000,205.1,,35892500,DARK BLOCK  $35.0M 0.1% AvgVol,Block,Equity,Semiconductors,IT Hardware,,23246,20260826
6/5/2026,4:00:38 PM,ZTO,200000,22.28,,4456000,DARK BLOCK  $4.4M 10.66% AvgVol,Block,Equity,Airlines/Air Freight,Transport,,563,20260818
6/5/2026,4:00:37 PM,NVDA,184695,205.1,,37880944.5,DARK BLOCK  $37.0M 0.11% AvgVol,Block,Equity,Semiconductors,IT Hardware,,23246,20260826
6/5/2026,4:00:37 PM,ETR,272743,110.74,,30203559.82,DARK BLOCK  $30.0M 7.04% AvgVol,Block,Equity,Electric Utilities,Electric Utilities,,456,20260729
6/5/2026,4:00:36 PM,NVDA,226832,205.1,,46523243.199999996,DARK BLOCK  $46.0M 0.14% AvgVol,Block,Equity,Semiconductors,IT Hardware,,23246,20260826
6/5/2026,4:00:36 PM,NVDA,250000,205.1,,51275000,DARK BLOCK  $51.0M 0.15% AvgVol,Block,Equity,Semiconductors,IT Hardware,,23246,20260826
6/5/2026,4:00:35 PM,NVDA,300000,205.1,,61530000,DARK BLOCK  $61.0M 0.18% AvgVol,Block,Equity,Semiconductors,IT Hardware,,23246,20260826
6/5/2026,4:00:32 PM,AXS,105180,98.81,,10392835.8,DARK BLOCK  $10.0M 17.25% AvgVol,Block,Equity,General Insurance,Insurance,,73,20260804
6/5/2026,4:00:30 PM,DKS,146142,214.83,,31395685.860000003,DARK BLOCK  $31.0M 12.36% AvgVol,Block,Equity,Retail - Specialty,Retail,,63,20260827
6/5/2026,4:00:29 PM,IONS,109200,74.48,,8133216,DARK BLOCK  $8.1M 6.05% AvgVol,Block,Common Equity,Pharmaceuticals,Pharmaceuticals & Biotechnology,,162,20260729
6/5/2026,4:00:29 PM,VWO,276624,58.03,,16052490.72,DARK BLOCK  $16.0M 3.55% AvgVol,Block,ETF/Fund,ETFs,Miscellaneous,,2034,
6/5/2026,4:00:29 PM,EFA,322901,102.26,,33019856.26,DARK BLOCK  $33.0M 2.35% AvgVol,Block,ETF/Fund,ETFs,Miscellaneous,,738,
6/5/2026,4:00:29 PM,RKT,,12.65,,,Unusual Very Large Block,Block,Equity,Finance Intermediaries & Services,Investments & Brokers,,2829,20260730
6/5/2026,4:00:29 PM,RKT,5821043,12.65,,73636193.95,DARK BLOCK  $73.0M 25.5% AvgVol,Block,Equity,Finance Intermediaries & Services,Investments & Brokers,,2829,20260730
6/5/2026,4:00:29 PM,TCOM,237400,47.69,,11321606,DARK BLOCK  $11.0M 8.24% AvgVol,Block,ADR,"""Hotels, Restaurants & Travel""",Consumer Services,,649,20260608
6/5/2026,4:00:28 PM,NTES,120900,119.48,,14445132,DARK BLOCK  $14.0M 11.66% AvgVol,Block,Equity,Internet & Software,IT Services & Software,,289,20260813
6/5/2026,4:00:28 PM,FUTU,100000,92.33,,9233000,DARK BLOCK  $9.2M 1.89% AvgVol,Block,Equity,Finance Intermediaries & Services,Investments & Brokers,,140,20260819
6/5/2026,4:00:27 PM,EWY,106225,175.2,,18610620,DARK ISO BBDay $18.0M 0.62% AvgVol,Block,ETF/Fund,ETFs,Miscellaneous,,118,
6/5/2026,4:00:26 PM,ALGT,101800,84.12,,8563416,DARK BLOCK  $8.5M 16.06% AvgVol,Block,Common Equity,Airlines/Air Freight,Transport,,16,20260803
6/5/2026,4:00:25 PM,NVDA,370500,205.1,,75989550,DARK BLOCK  $75.0M 0.22% AvgVol,Block,Equity,Semiconductors,IT Hardware,,23246,20260826
6/5/2026,4:00:25 PM,AAPL,111586,307.34,,34294841.239999995,DARK BLOCK  $34.0M 0.23% AvgVol,Block,Equity,Computer Hardware & Equipment,IT Hardware,,14678,20260730
6/5/2026,4:00:24 PM,AAPL,123083,307.34,,37828329.22,DARK BLOCK  $37.0M 0.26% AvgVol,Block,Equity,Computer Hardware & Equipment,IT Hardware,,14678,20260730
6/5/2026,4:00:24 PM,AMT,357000,194.12,,69300840,DARK AVGPRC  $69.0M 11.84% AvgVol,Block,Equity,REITs,Real Estate,,465,20260804
6/5/2026,4:00:24 PM,VEA,347942,69.17,,24067148.14,DARK BLOCK  $24.0M 3.19% AvgVol,Block,ETF/Fund,ETFs,Miscellaneous,,3214,
6/5/2026,4:00:24 PM,SYF,100033,70.84,,7086337.720000001,DARK BLOCK  $7.0M 2.5% AvgVol,Block,Equity,Credit & Lending,Credit & Lending,,335,20260728
6/5/2026,4:00:24 PM,SGI,134900,68.01,,9174549,DARK BLOCK  $9.1M 4.2% AvgVol,Block,Equity,Furniture,Consumer Goods,,199,20260806
6/5/2026,4:00:23 PM,JPM,289774,312.37,,90516704.38,DARK AVGPRC  $90.0M 3.56% AvgVol,Block,Equity,Banking,Banking & Savings,,2668,20260721
6/5/2026,4:00:23 PM,ROKU,141422,122.26,,17290253.720000003,DARK BLOCK  $17.0M 5.74% AvgVol,Block,Common Equity,Entertainment,Media,,147,20260730
6/5/2026,4:00:23 PM,DUK,100780,124.22,,12518891.6,DARK AVGPRC  $12.0M 3.19% AvgVol,Block,Equity,Electric Utilities,Electric Utilities,,778,20260804
6/5/2026,4:00:23 PM,HIMS,200000,26.19,,5238000,DARK BLOCK  $5.2M 0.84% AvgVol,Block,Common Equity,Diagnostic & Health Related Services,Health Care Services,,231,20260803
6/5/2026,4:00:23 PM,MET,127117,84.49,,10740115.33,DARK BLOCK  $10.0M 3.78% AvgVol,Block,Equity,Life & Health,Insurance,,640,20260805
6/5/2026,4:00:22 PM,OMC,191838,75.31,,14447319.780000001,DARK BLOCK  $14.0M 4.61% AvgVol,Block,Equity,Advertising,Media,,281,20260721
6/5/2026,4:00:22 PM,CXT,115064,36.13,,4157262.3200000003,DARK AVGPRC  $4.1M 14.02% AvgVol,Block,Equity,Industrial Machinery & Equipment,Machinery,,57,20260805
6/5/2026,4:00:22 PM,LYB,904135,64.5,,58316707.5,DARK AVGPRC  $58.0M 16.8% AvgVol,Block,Equity,Diversified Chemicals,Chemicals,,322,20260807
6/5/2026,4:00:21 PM,CCL,153951,27.41,,4219796.91,DARK BLOCK  $4.2M 0.54% AvgVol,Block,Equity,,,,1239,20260623
6/5/2026,4:00:21 PM,SCHW,129584,88.84,,11512242.56,DARK AVGPRC  $11.0M 1.15% AvgVol,Block,Equity,Finance Intermediaries & Services,Investments & Brokers,,1629,20260717
6/5/2026,4:00:21 PM,PCOR,164955,48.57,,8011864.35,DARK AVGPRC  $8.0M 6.15% AvgVol,Block,Equity,Internet & Software,IT Services & Software,,150,20260730
6/5/2026,4:00:20 PM,GDX,192638,78.84,,15187579.92,DARK BLOCK  $15.0M 0.94% AvgVol,Block,ETF/Fund,ETFs,Miscellaneous,,304,
6/5/2026,4:00:20 PM,BRK.B,273000,488.13,,133259490,DARK BLOCK  $133.0M 5.48% AvgVol,Block,Stock,General Insurance,Insurance,,2026,20260807
6/5/2026,4:00:20 PM,TSM,134760,415.17,,55948309.2,DARK BLOCK  $55.0M 1.01% AvgVol,Block,Equity,Semiconductors,IT Hardware,,5128,20260716
6/5/2026,4:00:19 PM,FAST,105600,46.79,,4941024,DARK BLOCK  $4.9M 1.61% AvgVol,Block,Equity,Retail - Hardware & Home Improvement,Retail,,1144,20260713
6/5/2026,4:00:19 PM,EFA,150000,102.26,,15339000,DARK BLOCK  $15.0M 1.09% AvgVol,Block,ETF/Fund,ETFs,Miscellaneous,,738,
6/5/2026,4:00:19 PM,NKE,109800,42.98,,4719204,DARK BLOCK  $4.7M 0.53% AvgVol,Block,Equity,"""Apparel, Footwear & Accessories""",Textiles & Apparel,,1469,20260630
6/5/2026,4:00:18 PM,PLD,1355901,144.54,,195981930.54,DARK AVGPRC  $195.0M 41.65% AvgVol,Block,Equity,REITs,Real Estate,,927,20260715
6/5/2026,4:00:18 PM,WBD,500000,26.24,,13120000,DARK BLOCK  $13.0M 2.87% AvgVol,Block,Common Equity,Entertainment,Media,,2507,20260806
6/5/2026,4:00:18 PM,FXI,500000,34.75,,17375000,DARK BLOCK  $17.0M 1.73% AvgVol,Block,ETF/Fund,ETFs,Miscellaneous,,156,
6/5/2026,4:00:18 PM,MSFT,137416,416.67,,57257124.72,DARK BLOCK  $57.0M 0.38% AvgVol,Block,Equity,Internet & Software,IT Services & Software,,7426,20260729
6/5/2026,4:00:18 PM,KEY,1287954,21.76,,28025879.040000003,DARK AVGPRC  $28.0M 12.27% AvgVol,Block,Equity,Banking,Banking & Savings,,1078,20260728
6/5/2026,4:00:18 PM,PLTR,102960,135.53,,13954168.8,DARK BLOCK  $13.0M 0.24% AvgVol,Block,Common Equity,IT Services,IT Services & Software,,2397,20260803
6/5/2026,4:00:18 PM,ACWI,200000,154.39,,30877999.999999996,DARK BLOCK  $30.0M 5.9% AvgVol,Block,ETF/Fund,ETFs,Miscellaneous,,207,
6/5/2026,4:00:18 PM,JNJ,705000,232.77,,164102850,DARK BLOCK  $164.0M 9.32% AvgVol,Block,Equity,Pharmaceuticals,Pharmaceuticals & Biotechnology,,2403,20260715
6/5/2026,4:00:18 PM,UMC,900000,19.7,,17730000,DARK BLOCK  $17.0M 5.6% AvgVol,Block,Equity,Semiconductors,IT Hardware,,2316,20260729
6/5/2026,4:00:18 PM,WBD,500000,26.24,,13120000,DARK BLOCK  $13.0M 2.87% AvgVol,Block,Common Equity,Entertainment,Media,,2507,20260806
6/5/2026,4:00:18 PM,TSM,362096,415.17,,150331396.32,DARK BLOCK  $150.0M 2.71% AvgVol,Block,Equity,Semiconductors,IT Hardware,,5128,20260716
6/5/2026,4:00:18 PM,SCHW,110000,88.84,,9772400,DARK BLOCK  $9.7M 0.98% AvgVol,Block,Equity,Finance Intermediaries & Services,Investments & Brokers,,1629,20260717
6/5/2026,4:00:18 PM,AMAT,198000,453.01,,89695980,DARK BLOCK  $89.0M 2.66% AvgVol,Block,ADR,Semiconductors,IT Hardware,,791,20260813
6/5/2026,4:00:17 PM,QSR,670000,72.66,,48682200,DARK BLOCK  $48.0M 19.06% AvgVol,Block,Equity,"""Hotels, Restaurants & Travel""",Consumer Services,,343,20260806
6/5/2026,4:00:17 PM,WMT,100000,118.88,,11888000,DARK BLOCK  $11.0M 0.47% AvgVol,Block,Equity,Retail - General Merchandise/Department Stores,Retail,,7963,20260820
6/5/2026,4:00:17 PM,AAPL,271683,307.34,,83499053.22,DARK BLOCK  $83.0M 0.57% AvgVol,Block,Equity,Computer Hardware & Equipment,IT Hardware,,14678,20260730
6/5/2026,4:00:17 PM,PEP,704000,141.92,,99911679.99999999,DARK BLOCK  $99.0M 10.61% AvgVol,Block,Equity,Beverages,Food & Beverage,,1365,20260716
6/5/2026,4:00:17 PM,CSCO,178085,121.64,,21662259.4,DARK BLOCK  $21.0M 0.69% AvgVol,Block,Equity,Manufacturing,Communications,,3941,20260812
6/5/2026,4:00:17 PM,SWKS,458043,73.57,,33698223.51,DARK BLOCK  $33.0M 9.0% AvgVol,Block,Equity,Semiconductors,IT Hardware,,150,20260804
6/5/2026,4:00:16 PM,GOOGL,142000,368.53,,52331259.99999999,DARK BLOCK  $52.0M 0.47% AvgVol,Block,Equity,Entertainment,Media,,12116,20260722
6/5/2026,4:00:16 PM,ONON,426296,37.08,,15807055.68,DARK AVGPRC  $15.0M 6.56% AvgVol,Block,Equity,"""Apparel, Footwear & Accessories""",Textiles & Apparel,,638,20260811
6/5/2026,4:00:16 PM,GOOGL,200000,368.53,,73706000,DARK BLOCK  $73.0M 0.66% AvgVol,Block,Equity,Entertainment,Media,,12116,20260722
6/5/2026,4:00:15 PM,NFLX,626000,82.18,,51444680.00000001,DARK BLOCK  $51.0M 1.86% AvgVol,Block,Common Equity,Entertainment,Media,,4158,20260716
6/5/2026,4:00:15 PM,ETR,106600,110.74,,11804884,DARK AVGPRC  $11.0M 2.75% AvgVol,Block,Equity,Electric Utilities,Electric Utilities,,456,20260729
6/5/2026,4:00:15 PM,MCD,300000,279.84,,83951999.99999999,DARK BLOCK  $83.0M 7.06% AvgVol,Block,Equity,"""Hotels, Restaurants & Travel""",Consumer Services,,708,20260805
6/5/2026,4:00:15 PM,ECL,239755,257.97,,61849597.35000001,DARK AVGPRC  $61.0M 14.63% AvgVol,Block,Equity,Specialty Chemicals,Chemicals,,280,20260804
6/5/2026,4:00:15 PM,NVDA,449685,205.1,,92230393.5,DARK BLOCK  $92.0M 0.27% AvgVol,Block,Equity,Semiconductors,IT Hardware,,23246,20260826
6/5/2026,4:00:15 PM,BCPC,113439,159.91,,18140030.49,DARK AVGPRC  $18.0M 54.94% AvgVol,Block,Common Equity,Specialty Chemicals,Chemicals,,31,20260730
6/5/2026,4:00:15 PM,ETR,419200,110.74,,46422208,DARK AVGPRC  $46.0M 10.82% AvgVol,Block,Equity,Electric Utilities,Electric Utilities,,456,20260729
6/5/2026,4:00:15 PM,NVDA,800000,205.1,,164080000,DARK BLOCK  $164.0M 0.48% AvgVol,Block,Equity,Semiconductors,IT Hardware,,23246,20260826
6/5/2026,4:00:15 PM,ETR,204100,110.74,,22602034,DARK AVGPRC  $22.0M 5.27% AvgVol,Block,Equity,Electric Utilities,Electric Utilities,,456,20260729
6/5/2026,4:00:15 PM,NVDA,867745,205.1,,177974499.5,DARK BLOCK  $177.0M 0.52% AvgVol,Block,Equity,Semiconductors,IT Hardware,,23246,20260826
6/5/2026,4:00:15 PM,SHY,130000,81.86,,10641800,DARK BLOCK  $10.0M 4.11% AvgVol,Block,ETF/Fund,ETFs,Miscellaneous,,308,
6/5/2026,4:00:15 PM,EXC,281928,45.75,,12898206,DARK BLOCK  $12.0M 3.36% AvgVol,Block,Equity,Electric Utilities,Electric Utilities,,1022,20260730
6/5/2026,4:00:15 PM,TLT,300000,85.06,,25518000,DARK BLOCK  $25.0M 1.18% AvgVol,Block,ETF/Fund,ETFs,Miscellaneous,,505,
6/5/2026,4:00:14 PM,HWM,141336,251.9,,35602538.4,DARK AVGPRC  $35.0M 5.44% AvgVol,Block,Equity,Non-Precious Metals,Metals & Mining,,400,20260730
6/5/2026,4:00:14 PM,APG,117925,41.98,,4950491.5,DARK AVGPRC  $4.9M 4.21% AvgVol,Block,Equity,Construction Services,Commercial Services & Supplies,,433,20260730
6/5/2026,4:00:14 PM,JCI,471078,143.65,,67670354.7,DARK AVGPRC  $67.0M 13.38% AvgVol,Block,Equity,Industrial Machinery & Equipment,Machinery,,610,20260804
6/5/2026,4:00:14 PM,VRT,191314,300.51,,57491770.14,DARK AVGPRC  $57.0M 3.26% AvgVol,Block,Equity,Retail - Appliances and Electronics,Industrials,,384,20260729
6/5/2026,4:00:14 PM,AGG,113368,98.17,,11129336.56,DARK BLOCK  $11.0M 1.4% AvgVol,Block,ETF/Fund,ETFs,Miscellaneous,,1378,
6/5/2026,4:00:14 PM,NEM,393902,99.71,,39275968.419999994,DARK AVGPRC  $39.0M 5.32% AvgVol,Block,Equity,Precious Metals,Metals & Mining,,1066,20260723
6/5/2026,4:00:14 PM,KO,875500,79.48,,69584740,DARK AVGPRC  $69.0M 5.86% AvgVol,Block,Equity,Beverages,Food & Beverage,,4263,20260728
6/5/2026,4:00:14 PM,QTWO,141339,45.71,,6460605.69,DARK AVGPRC  $6.4M 14.44% AvgVol,Block,Equity,Internet & Software,IT Services & Software,,62,20260729
6/5/2026,4:00:13 PM,WEC,137380,112.95,,15517071,DARK AVGPRC  $15.0M 6.69% AvgVol,Block,Equity,Electric Utilities,Electric Utilities,,325,20260729
6/5/2026,4:00:13 PM,FLUT,517039,100.49,,51957249.11,DARK AVGPRC  $51.0M 16.51% AvgVol,Block,Common Equity,"""Hotels, Restaurants & Travel""",Consumer Services,,173,20260806
6/5/2026,4:00:13 PM,NXPI,650313,295.96,,192466635.48,DARK BLOCK  $192.0M 15.98% AvgVol,Block,Equity,Semiconductors,IT Hardware,,252,20260720
6/5/2026,4:00:13 PM,GEV,248234,933.61,,231753744.74,DARK AVGPRC  $231.0M 9.36% AvgVol,Block,Equity,Electrical Equipment,Electrical Equipment,,268,20260722
6/5/2026,4:00:13 PM,AAPL,172072,307.34,,52884608.48,DARK BLOCK  $52.0M 0.36% AvgVol,Block,Equity,Computer Hardware & Equipment,IT Hardware,,14678,20260730
6/5/2026,4:00:12 PM,UNH,170000,399.47,,67909900,DARK AVGPRC  $67.0M 2.43% AvgVol,Block,Equity,Life & Health,Health Care,,905,20260804
6/5/2026,4:00:12 PM,CHWY,340701,20.64,,7032068.640000001,DARK AVGPRC  $7.0M 3.97% AvgVol,Block,Equity,Retail - Specialty,Retail,,416,20260610
6/5/2026,4:00:12 PM,GIS,670900,33.15,,22240335,DARK AVGPRC  $22.0M 7.06% AvgVol,Block,Equity,Food,Food & Beverage,,532,20260701
6/5/2026,4:00:12 PM,NVDA,284864,205.1,,58425606.4,DARK BLOCK  $58.0M 0.17% AvgVol,Block,Equity,Semiconductors,IT Hardware,,23246,20260826
6/5/2026,4:00:12 PM,GRAB,2534323,3.34,,8464638.82,DARK AVGPRC  $8.4M 5.01% AvgVol,Block,Common Equity,Business Services,Information Technology,,4097,20260730
6/5/2026,4:00:11 PM,FISV,104800,54.43,,5704264,DARK BLOCK  $5.7M 1.55% AvgVol,Block,Common Equity,IT Services,IT Services & Software,,532,20260722
6/5/2026,4:00:11 PM,GM,102200,82.11,,8391642,DARK BLOCK  $8.3M 1.34% AvgVol,Block,Equity,Autos- Manufacturing,Autos & Auto Parts,,896,20260721
6/5/2026,4:00:11 PM,GPN,107562,66.32,,7133511.839999999,DARK BLOCK  $7.1M 2.9% AvgVol,Block,Equity,Business Services,Commercial Services & Supplies,,271,20260805
6/5/2026,4:00:11 PM,SCHW,112800,88.84,,10021152,DARK BLOCK  $10.0M 1.0% AvgVol,Block,Equity,Finance Intermediaries & Services,Investments & Brokers,,1629,20260717
6/5/2026,4:00:11 PM,AIG,132000,75.49,,9964680,DARK BLOCK  $9.9M 2.87% AvgVol,Block,Equity,General Insurance,Insurance,,527,20260805
6/5/2026,4:00:11 PM,COP,110300,117.14,,12920542,DARK BLOCK  $12.0M 1.42% AvgVol,Block,Equity,Production & Extraction,Oil & Gas,,1217,20260806
6/5/2026,4:00:11 PM,DAL,143234,79.42,,11375644.28,DARK BLOCK  $11.0M 1.92% AvgVol,Block,Equity,Airlines/Air Freight,Transport,,651,20260709
6/5/2026,4:00:11 PM,AMRZ,101010,53.58,,5412115.8,DARK BLOCK  $5.4M 3.25% AvgVol,Block,Equity,Construction Materials,Construction Materials,,553,20260805
6/5/2026,4:00:11 PM,BAC,134400,53.83,,7234752,DARK BLOCK  $7.2M 0.39% AvgVol,Block,Equity,Banking,Banking & Savings,,7077,20260714
6/5/2026,4:00:11 PM,NKE,127500,42.98,,5479950,DARK BLOCK  $5.4M 0.61% AvgVol,Block,Equity,"""Apparel, Footwear & Accessories""",Textiles & Apparel,,1469,20260630
6/5/2026,4:00:10 PM,FITB,119443,52.01,,6212230.43,DARK BLOCK  $6.2M 2.0% AvgVol,Block,Equity,Banking,Banking & Savings,,901,20260717
6/5/2026,4:00:10 PM,TVTX,220579,45.81,,10104723.99,DARK AVGPRC  $10.0M 9.68% AvgVol,Block,Common Equity,Biotechnology,Pharmaceuticals & Biotechnology,,92,20260805
6/5/2026,4:00:10 PM,ATRO,169763,84.72,,14382321.36,DARK AVGPRC  $14.0M 31.65% AvgVol,Block,Equity,Aerospace,Aerospace & Defense,,32,20260805
6/5/2026,4:00:09 PM,CRWV,144406,100.39,,14496918.34,DARK AVGPRC  $14.0M 0.49% AvgVol,Block,Common Equity,Internet & Software,IT Services & Software,,447,20260811
6/5/2026,4:00:09 PM,OKTA,183200,118.72,,21749504,DARK AVGPRC  $21.0M 4.5% AvgVol,Block,Common Equity,Internet & Software,IT Services & Software,,176,20260825
6/5/2026,4:00:09 PM,ACGL,114018,91.19,,10397301.42,DARK AVGPRC  $10.0M 4.6% AvgVol,Block,Common Equity,General Insurance,Insurance,,337,20260804
6/5/2026,4:00:09 PM,EXLS,667494,29.67,,19804546.98,DARK AVGPRC  $19.0M 26.15% AvgVol,Block,Common Equity,Business Services,Commercial Services & Supplies,,147,20260804
6/5/2026,4:00:09 PM,PCVX,179531,47.36,,8502588.16,DARK AVGPRC  $8.5M 11.52% AvgVol,Block,Common Equity,Biotechnology,Pharmaceuticals & Biotechnology,,144,20260805
6/5/2026,4:00:09 PM,NXPI,143223,295.96,,42388279.08,DARK AVGPRC  $42.0M 3.52% AvgVol,Block,Equity,Semiconductors,IT Hardware,,252,20260720
6/5/2026,4:00:09 PM,NDAQ,344300,87.28,,30050504,DARK AVGPRC  $30.0M 10.09% AvgVol,Block,Equity,Finance Intermediaries & Services,Investments & Brokers,,562,20260723
6/5/2026,4:00:09 PM,MSFT,102674,416.67,,42781175.58,DARK AVGPRC  $42.0M 0.28% AvgVol,Block,Equity,Internet & Software,IT Services & Software,,7426,20260729
6/5/2026,4:00:08 PM,WMT,928052,118.88,,110326821.75999999,DARK AVGPRC  $110.0M 4.39% AvgVol,Block,Equity,Retail - General Merchandise/Department Stores,Retail,,7963,20260820
6/5/2026,4:00:08 PM,AMZN,115033,246.03,,28301568.99,DARK BLOCK  $28.0M 0.26% AvgVol,Block,Common Equity,Retail - Specialty,Retail,,9799,20260730
6/5/2026,4:00:08 PM,OKTA,141048,118.72,,16745218.56,DARK BLOCK  $16.0M 3.47% AvgVol,Block,Common Equity,Internet & Software,IT Services & Software,,176,20260825
6/5/2026,4:00:08 PM,META,247000,593,,146471000,DARK AVGPRC  $146.0M 1.48% AvgVol,Block,Equity,Entertainment,Media,,2185,20260729
6/5/2026,4:00:08 PM,NVDA,124908,205.1,,25618630.8,DARK AVGPRC  $25.0M 0.07% AvgVol,Block,Equity,Semiconductors,IT Hardware,,23246,20260826
6/5/2026,4:00:08 PM,META,486894,593,,288728142,DARK AVGPRC  $288.0M 2.93% AvgVol,Block,Equity,Entertainment,Media,,2185,20260729
6/5/2026,4:00:08 PM,GILD,536100,129.16,,69242676,DARK AVGPRC  $69.0M 8.19% AvgVol,Block,Equity,Biotechnology,Pharmaceuticals & Biotechnology,,1237,20260806
6/5/2026,4:00:08 PM,QQQ,102999,740.33,,76253249.67,DARK AVGPRC  SP67 $76.0M 0.27% AvgVol,Block,ETF/Fund,ETFs,Miscellaneous,,664,
6/5/2026,4:00:08 PM,NVDA,113496,205.1,,23278029.599999998,DARK BLOCK  $23.0M 0.07% AvgVol,Block,Equity,Semiconductors,IT Hardware,,23246,20260826
6/5/2026,4:00:08 PM,ABNB,124977,133.54,,16689428.579999998,DARK BLOCK  $16.0M 3.21% AvgVol,Block,Common Equity,"""Hotels, Restaurants & Travel""",Consumer Services,,602,20260805
6/5/2026,4:00:08 PM,SSNC,138857,69.91,,9707492.87,DARK BLOCK  $9.7M 5.32% AvgVol,Block,Equity,Internet & Software,IT Services & Software,,202,20260722
6/5/2026,4:00:08 PM,GEHC,117600,64.67,,7605192,DARK BLOCK  $7.6M 1.91% AvgVol,Block,Equity,Medical Instruments & Equipment,Health Care Equipment,,454,20260729
6/5/2026,4:00:08 PM,FISV,181636,54.43,,9886447.48,DARK BLOCK  $9.8M 2.68% AvgVol,Block,Common Equity,IT Services,IT Services & Software,,532,20260722
6/5/2026,4:00:08 PM,MU,152839,864.01,,132054424.39,DARK BLOCK  $132.0M 0.3% AvgVol,Block,ADR,Semiconductors,IT Hardware,,1125,20260624
6/5/2026,4:00:08 PM,NVDA,439786,205.1,,90200108.6,DARK BLOCK  $90.0M 0.26% AvgVol,Block,Equity,Semiconductors,IT Hardware,,23246,20260826
6/5/2026,4:00:08 PM,ZM,140446,101.62,,14272122.520000001,DARK BLOCK  $14.0M 2.65% AvgVol,Block,Common Equity,IT Services,IT Services & Software,,293,20260820
6/5/2026,4:00:08 PM,PFG,324883,105.22,,34184189.26,DARK BLOCK  $34.0M 26.94% AvgVol,Block,Equity,Life & Health,Insurance,,213,20260727
6/5/2026,4:00:07 PM,KR,138018,63.57,,8773804.26,DARK BLOCK  $8.7M 2.39% AvgVol,Block,Equity,Retail - General Merchandise/Department Stores,Retail,,610,20260618
6/5/2026,4:00:06 PM,TPR,119286,140.1,,16711968.6,DARK BLOCK  $16.0M 4.88% AvgVol,Block,Equity,"""Apparel, Footwear & Accessories""",Textiles & Apparel,,202,20260813
6/5/2026,4:00:06 PM,UHS,154944,145.17,,22493220.479999997,DARK BLOCK  $22.0M 13.27% AvgVol,Block,Equity,Hospitals & Health Care Facilities,Health Care Services,,50,20260727
6/5/2026,4:00:04 PM,SPY,125749,757.02,,95194507.98,DARK AVGPRC  SP57 $95.0M 0.27% AvgVol,Block,ETF/Fund,ETFs,Miscellaneous,,1034,
6/5/2026,4:00:02 PM,AGG,146693,98.17,,14400851.81,DARK BLOCK  $14.0M 1.81% AvgVol,Block,ETF/Fund,ETFs,Miscellaneous,,1378,
6/5/2026,3:59:51 PM,QQQ,102999,740.33,,76253249.67,DARK BLOCK  SP66 $76.0M 0.27% AvgVol,Block,ETF/Fund,ETFs,Miscellaneous,,664,
6/5/2026,3:59:48 PM,SPY,125749,757.02,,95194507.98,DARK BLOCK  SP56 $95.0M 0.27% AvgVol,Block,ETF/Fund,ETFs,Miscellaneous,,1034,
6/5/2026,3:59:42 PM,DDOG,100000,233.52,,23352000,BLOCK  $23.0M 1.47% AvgVol,Block,Common Equity,IT Services,IT Services & Software,,355,20260806
6/5/2026,3:59:42 PM,QQQ,102999,740.33,,76253249.67,DARK BLOCK  SP65 $76.0M 0.27% AvgVol,Block,ETF/Fund,ETFs,Miscellaneous,,664,
6/5/2026,3:59:39 PM,QQQ,102999,740.33,,76253249.67,DARK BLOCK  SP64 $76.0M 0.27% AvgVol,Block,ETF/Fund,ETFs,Miscellaneous,,664,
6/5/2026,3:59:39 PM,BIL,110000,91.45,,10059500,DARK BLOCK  $10.0M 1.15% AvgVol,Block,ETF/Fund,ETFs,Miscellaneous,,501,
6/5/2026,3:59:33 PM,CWB,101600,105.18,,10686288,DARK ISO BB $10.0M 10.56% AvgVol,Block,ETF/Fund,ETFs,Miscellaneous,,57,
6/5/2026,3:59:31 PM,SRLN,528730,40.32,,21318393.6,DARK ISO  $21.0M 24.77% AvgVol,Block,ETF/Fund,,,,129,
6/5/2026,3:59:30 PM,VTIP,2318000,50.3,,116595400,DARK BLOCK  $116.0M 86.73% AvgVol,Block,ETF/Fund,ETFs,Miscellaneous,,356,
6/5/2026,3:59:26 PM,SPEM,837547,50.55,,42338000.849999994,DARK ISO AA $42.0M 34.67% AvgVol,Block,ETF/Fund,ETFs,Miscellaneous,,342,
6/5/2026,3:59:25 PM,XLB,446811,50.62,,22617572.82,DARK ISO BB $22.0M 3.97% AvgVol,Block,ETF/Fund,ETFs,Miscellaneous,,142,
6/5/2026,3:59:25 PM,XLK,469040,180.68,,84746147.2,DARK ISO AA $84.0M 3.92% AvgVol,Block,ETF/Fund,ETFs,Miscellaneous,,651,
6/5/2026,3:59:25 PM,KALV,168337,26.95,,4536682.149999999,BLOCK  $4.5M 2.86% AvgVol,Block,Common Equity,Pharmaceuticals,Pharmaceuticals & Biotechnology,,50,0
6/5/2026,3:59:23 PM,QQQ,102999,740.33,,76253249.67,DARK BLOCK  SP63 $76.0M 0.27% AvgVol,Block,ETF/Fund,ETFs,Miscellaneous,,664,
6/5/2026,3:59:23 PM,MSFT,100000,417.46,,41746000,BLOCK  $41.0M 0.27% AvgVol,Block,Equity,Internet & Software,IT Services & Software,,7426,20260729
6/5/2026,3:59:17 PM,IEMG,373800,78.64,,29395632,DARK BLOCK  $29.0M 2.85% AvgVol,Block,ETF/Fund,,,,1941,
6/5/2026,3:59:13 PM,QQQ,102999,740.33,,76253249.67,DARK BLOCK  SP62 $76.0M 0.27% AvgVol,Block,ETF/Fund,ETFs,Miscellaneous,,664,
6/5/2026,3:59:12 PM,QQQ,102999,740.33,,76253249.67,DARK BLOCK  SP61 $76.0M 0.27% AvgVol,Block,ETF/Fund,ETFs,Miscellaneous,,664,
6/5/2026,3:59:02 PM,SPY,125749,757.02,,95194507.98,DARK BLOCK  SP55 $95.0M 0.27% AvgVol,Block,ETF/Fund,ETFs,Miscellaneous,,1034,
6/5/2026,3:58:55 PM,SPY,125749,757.02,,95194507.98,DARK BLOCK  SP54 $95.0M 0.27% AvgVol,Block,ETF/Fund,ETFs,Miscellaneous,,1034,
6/5/2026,3:58:52 PM,USDU,175481,26.47,,4644982.069999999,DARK BLOCK  $4.6M 59.22% AvgVol,Block,ETF/Fund,ETFs,Miscellaneous,,14,
6/5/2026,3:58:52 PM,USDU,,26.47,,,Unusual Dark Pool Activity,DarkPool,ETF/Fund,ETFs,Miscellaneous,,14,
6/5/2026,3:58:49 PM,SPY,125749,757.02,,95194507.98,DARK BLOCK  SP53 $95.0M 0.27% AvgVol,Block,ETF/Fund,ETFs,Miscellaneous,,1034,
6/5/2026,3:58:35 PM,QQQ,102999,740.33,,76253249.67,DARK BLOCK  SP60 $76.0M 0.27% AvgVol,Block,ETF/Fund,ETFs,Miscellaneous,,664,
6/5/2026,3:57:31 PM,DDOG,400000,233.52,,93408000,BLOCK  $93.0M 5.9% AvgVol,Block,Common Equity,IT Services,IT Services & Software,,355,20260806
6/5/2026,3:56:54 PM,SPY,125749,757.02,,95194507.98,DARK BLOCK  SP52 $95.0M 0.27% AvgVol,Block,ETF/Fund,ETFs,Miscellaneous,,1034,
6/5/2026,3:56:40 PM,QQQ,102989,740.33,,76245846.37,DARK BLOCK  SP59 $76.0M 0.27% AvgVol,Block,ETF/Fund,ETFs,Miscellaneous,,664,
6/5/2026,3:56:34 PM,PYPL,100000,41.4,,4140000,DARK BLOCK  $4.1M 0.68% AvgVol,Block,Equity,Business Services,Financials,,876,20260804
6/5/2026,3:56:33 PM,QQQ,102989,740.33,,76245846.37,DARK BLOCK  SP58 $76.0M 0.27% AvgVol,Block,ETF/Fund,ETFs,Miscellaneous,,664,
6/5/2026,3:56:25 PM,QQQ,102989,740.33,,76245846.37,DARK BLOCK  SP57 $76.0M 0.27% AvgVol,Block,ETF/Fund,ETFs,Miscellaneous,,664,
6/5/2026,3:56:20 PM,QQQ,102989,740.33,,76245846.37,DARK BLOCK  SP56 $76.0M 0.27% AvgVol,Block,ETF/Fund,ETFs,Miscellaneous,,664,
6/5/2026,3:56:17 PM,QQQ,102989,740.33,,76245846.37,DARK BLOCK  SP55 $76.0M 0.27% AvgVol,Block,ETF/Fund,ETFs,Miscellaneous,,664,
6/5/2026,3:55:39 PM,CLSK,513500,15.5,,7959250,BLOCK  $7.9M 2.23% AvgVol,Block,Common Equity,Miscellaneous,Financials,,256,20260806
6/5/2026,3:55:37 PM,DASH,125000,157.85,,19731250,DARK ISO AA $19.0M 2.54% AvgVol,Block,Common Equity,"""Hotels, Restaurants & Travel""",Consumer Services,,435,20260805
6/5/2026,3:55:33 PM,QQQ,102989,740.33,,76245846.37,DARK BLOCK  SP54 $76.0M 0.27% AvgVol,Block,ETF/Fund,ETFs,Miscellaneous,,664,
6/5/2026,3:55:22 PM,SPY,125737,757.02,,95185423.74,DARK BLOCK  SP51 $95.0M 0.27% AvgVol,Block,ETF/Fund,ETFs,Miscellaneous,,1034,
6/5/2026,3:55:16 PM,QQQ,102989,740.33,,76245846.37,DARK BLOCK  SP53 $76.0M 0.27% AvgVol,Block,ETF/Fund,ETFs,Miscellaneous,,664,
6/5/2026,3:55:12 PM,SMH,100000,578.14,,57814000,DARK BLOCK  $57.0M 1.01% AvgVol,Block,ETF/Fund,ETFs,Miscellaneous,,112,
6/5/2026,3:54:52 PM,BUFR,522424,36.19,,18906524.56,DARK BLOCK  $18.0M 43.45% AvgVol,Block,ETF/Fund,,,,263,
6/5/2026,3:54:31 PM,XOM,529604,150.45,,79678921.8,DARK AVGPRC  $79.0M 3.18% AvgVol,Block,ADR,Production & Extraction,Oil & Gas,,4143,20260807
6/5/2026,3:54:21 PM,QQQ,129500,708.93,,91806435,DARK BLOCK  $91.0M 0.34% AvgVol,Block,ETF/Fund,ETFs,Miscellaneous,,664,
6/5/2026,3:54:16 PM,META,,593.3,,,Alpha Gold Alert,AlphaGold,,,,,,
6/5/2026,3:54:11 PM,META,,593.23,,,"Large Bullish Flow CALL@$88.0 Strike 565.0 Exp Dec 18, 2026",Options,,,,,,
6/5/2026,3:53:44 PM,QQQ,102989,740.33,,76245846.37,DARK BLOCK  SP52 $76.0M 0.27% AvgVol,Block,ETF/Fund,ETFs,Miscellaneous,,664,
6/5/2026,3:53:02 PM,EWZ,136500,34.05,,4647825,DARK BLOCK  $4.6M 0.47% AvgVol,Block,ETF/Fund,ETFs,Miscellaneous,,284,
6/5/2026,3:52:53 PM,PG,162000,146.16,,23677920,DARK BLOCK  $23.0M 1.85% AvgVol,Block,Equity,Household & Personal Products,Household & Personal Products,,2323,20260804
6/5/2026,3:52:35 PM,XHLF,210356,50.19,,10557767.639999999,DARK BLOCK  $10.0M 56.86% AvgVol,Block,ETF/Fund,ETFs,Miscellaneous,,38,
6/5/2026,3:52:24 PM,QQQ,102989,740.33,,76245846.37,DARK BLOCK  SP51 $76.0M 0.27% AvgVol,Block,ETF/Fund,ETFs,Miscellaneous,,664,
6/5/2026,3:52:24 PM,QQQ,205977,740.33,,152490952.41,DARK BLOCK  SP50 $152.0M 0.54% AvgVol,Block,ETF/Fund,ETFs,Miscellaneous,,664,
6/5/2026,3:51:55 PM,QQQ,102989,740.33,,76245846.37,DARK BLOCK  SP49 $76.0M 0.27% AvgVol,Block,ETF/Fund,ETFs,Miscellaneous,,664,
6/5/2026,3:51:35 PM,SPY,125737,757.02,,95185423.74,DARK BLOCK  SP50 $95.0M 0.27% AvgVol,Block,ETF/Fund,ETFs,Miscellaneous,,1034,
6/5/2026,3:51:22 PM,MYCH,378368,24.81,,9387310.08,DARK BLOCK  $9.3M 137.15% AvgVol,Block,ETF/Fund,,,,22,
6/5/2026,3:51:18 PM,SPY,125737,757.02,,95185423.74,DARK BLOCK  SP49 $95.0M 0.27% AvgVol,Block,ETF/Fund,ETFs,Miscellaneous,,1034,
6/5/2026,3:51:11 PM,QQQ,102989,740.33,,76245846.37,DARK BLOCK  SP48 $76.0M 0.27% AvgVol,Block,ETF/Fund,ETFs,Miscellaneous,,664,
6/5/2026,3:50:37 PM,DASH,200184,157.85,,31599044.4,DARK ISO AA $31.0M 4.07% AvgVol,Block,Common Equity,"""Hotels, Restaurants & Travel""",Consumer Services,,435,20260805
6/5/2026,3:50:22 PM,PYPL,100000,41.3,,4129999.9999999995,DARK BLOCK  $4.1M 0.68% AvgVol,Block,Equity,Business Services,Financials,,876,20260804
6/5/2026,3:50:19 PM,QQQ,102989,740.33,,76245846.37,DARK BLOCK  SP47 $76.0M 0.27% AvgVol,Block,ETF/Fund,ETFs,Miscellaneous,,664,
6/5/2026,3:49:36 PM,QQQ,102989,740.33,,76245846.37,DARK BLOCK  SP46 $76.0M 0.27% AvgVol,Block,ETF/Fund,ETFs,Miscellaneous,,664,
6/5/2026,3:49:28 PM,MRVL,600000,277.8,,166680000,BLOCK  $166.0M 1.77% AvgVol,Block,Equity,Semiconductors,IT Hardware,,874,20260827
6/5/2026,3:48:43 PM,SPY,125737,757.02,,95185423.74,DARK BLOCK  SP48 $95.0M 0.27% AvgVol,Block,ETF/Fund,ETFs,Miscellaneous,,1034,
6/5/2026,3:48:42 PM,CAT,295000,905.95,,267255250,BLOCK  $267.0M 11.24% AvgVol,Block,Equity,Construction Services,Commercial Services & Supplies,,459,20260804
6/5/2026,3:48:25 PM,PENG,152700,60.3,,9207810,DARK BLOCK  $9.2M 4.59% AvgVol,Block,Common Equity,Semiconductors,IT Hardware,,50,20260714
6/5/2026,3:48:25 PM,PENG,,60.3,,,Unusual Dark Pool Activity,DarkPool,Common Equity,Semiconductors,IT Hardware,,50,20260714
6/5/2026,3:48:15 PM,SPY,125737,757.02,,95185423.74,DARK BLOCK  SP47 $95.0M 0.27% AvgVol,Block,ETF/Fund,ETFs,Miscellaneous,,1034,
6/5/2026,3:48:03 PM,QQQ,102989,740.33,,76245846.37,DARK BLOCK  SP45 $76.0M 0.27% AvgVol,Block,ETF/Fund,ETFs,Miscellaneous,,664,
6/5/2026,3:47:51 PM,ASRT,200000,23.45,,4690000,DARK BLOCK  $4.6M 52.12% AvgVol,Block,Common Equity,Pharmaceuticals,Pharmaceuticals & Biotechnology,,6,20260810
6/5/2026,3:47:51 PM,ASRT,,23.45,,,Unusual Dark Pool Activity,DarkPool,Common Equity,Pharmaceuticals,Pharmaceuticals & Biotechnology,,6,20260810
6/5/2026,3:47:14 PM,INSM,100000,95.15,,9515000,DARK BLOCK  $9.5M 2.81% AvgVol,Block,Common Equity,Biotechnology,Pharmaceuticals & Biotechnology,,212,20260806
6/5/2026,3:47:14 PM,INSM,,95.15,,,Unusual Dark Pool Activity,DarkPool,Common Equity,Biotechnology,Pharmaceuticals & Biotechnology,,212,20260806
6/5/2026,3:46:57 PM,BE,,260.51,,,"Swift Bullish Flow CALL@$30.0 Strike 240.0 Exp Jun 12, 2026",Options,,,,,,
6/5/2026,3:46:36 PM,AVT,138800,87.16,,12097808,DARK BLOCK  $12.0M 9.51% AvgVol,Block,Equity,Electrical Equipment,Electrical Equipment,,80,20260805
6/5/2026,3:45:52 PM,NVDA,112000,204.92,,22951040,Cancelled DARK BLOCK  $22.0M 0.07% AvgVol,Block,Equity,Semiconductors,IT Hardware,,23246,20260826
6/5/2026,3:45:48 PM,SPMO,258227,144.89,,37414510.029999994,DARK ISO BB $37.0M 12.67% AvgVol,Block,ETF/Fund,,,,132,
6/5/2026,3:45:48 PM,SPMO,,144.89,,,Unusual Dark Pool Activity,DarkPool,ETF/Fund,,,,132,
6/5/2026,3:45:47 PM,IWM,,277.98,,,Phantom Print  Volume CNCL: 70k Spot: $281.61,Block,ETF/Fund,ETFs,Miscellaneous,,273,
6/5/2026,3:45:43 PM,FIG,268456,21.67,,5817441.5200000005,DARK BLOCK  $5.8M 1.28% AvgVol,Block,Equity,,Information Technology,,445,20260902
6/5/2026,3:45:43 PM,FIG,,21.67,,,Unusual Dark Pool Activity,DarkPool,Equity,,Information Technology,,445,20260902
6/5/2026,3:45:43 PM,PYPL,140827,41.12,,5790806.239999999,DARK BLOCK  $5.7M 0.96% AvgVol,Block,Equity,Business Services,Financials,,876,20260804
6/5/2026,3:45:35 PM,ASML,37000,1651,,61087000,DARK AVGPRC  $61.0M 2.28% AvgVol,Block,Equity,Semiconductors,IT Hardware,,393,20260715
6/5/2026,3:45:35 PM,ASML,,1651,,,Unusual Dark Pool Activity,DarkPool,Equity,Semiconductors,IT Hardware,,393,20260715
6/5/2026,3:43:31 PM,BE,,258.42,,,"Large Bullish Flow CALL@$28.9 Strike 240.0 Exp Jun 12, 2026",Options,,,,,,
6/5/2026,3:43:15 PM,DASH,1927384,158.85,,306164948.4,DARK ISO AA $306.0M 39.14% AvgVol,Block,Common Equity,"""Hotels, Restaurants & Travel""",Consumer Services,,435,20260805
6/5/2026,3:43:15 PM,DASH,,158.85,,,Unusual Dark Pool Activity,DarkPool,Common Equity,"""Hotels, Restaurants & Travel""",Consumer Services,,435,20260805
6/5/2026,3:43:02 PM,AMD,150000,472.23,,70834500,DARK BLOCK  $70.0M 0.36% AvgVol,Block,Common Equity,Semiconductors,IT Hardware,,1622,20260804
6/5/2026,3:43:00 PM,CZR,250000,29.15,,7287500,DARK BLOCK  $7.2M 3.09% AvgVol,Block,Common Equity,"""Hotels, Restaurants & Travel""",Consumer Services,,203,20260804
6/5/2026,3:42:16 PM,XLU,165117,44.25,,7306427.25,DARK ISO AA $7.3M 0.79% AvgVol,Block,ETF/Fund,ETFs,Miscellaneous,,502,
6/5/2026,3:41:48 PM,IWM,135000,281.26,,37970100,BLOCK  $37.0M 0.52% AvgVol,Block,ETF/Fund,ETFs,Miscellaneous,,273,
6/5/2026,3:41:42 PM,QQQ,156000,708.88,,110585280,DARK BLOCK  $110.0M 0.41% AvgVol,Block,ETF/Fund,ETFs,Miscellaneous,,664,
6/5/2026,3:39:45 PM,QQQ,102999,740.33,,76253249.67,DARK BLOCK  SP44 $76.0M 0.27% AvgVol,Block,ETF/Fund,ETFs,Miscellaneous,,664,
6/5/2026,3:39:30 PM,EWZ,390000,34.05,,13279499.999999998,BLOCK  $13.0M 1.35% AvgVol,Block,ETF/Fund,ETFs,Miscellaneous,,284,
6/5/2026,3:39:00 PM,JAAA,167797,50.56,,8483816.32,DARK BLOCK  $8.4M 3.06% AvgVol,Block,ETF/Fund,,,,539,
6/5/2026,3:37:20 PM,QQQ,102999,740.33,,76253249.67,DARK BLOCK  SP43 $76.0M 0.27% AvgVol,Block,ETF/Fund,ETFs,Miscellaneous,,664,
6/5/2026,3:37:14 PM,ONDS,,10.63,,,"Repeater Bullish Flow CALL@$1.74 Strike 10.0 Exp Jul 17, 2026",Options,,,,,,
6/5/2026,3:37:03 PM,WBD,338068,26.05,,8806671.4,DARK ISO BB $8.8M 1.94% AvgVol,Block,Common Equity,Entertainment,Media,,2507,20260806
6/5/2026,3:36:46 PM,QQQ,,707.86,,,Unusual Very Large Block,Block,ETF/Fund,ETFs,Miscellaneous,,664,
6/5/2026,3:36:46 PM,QQQ,1700000,707.86,,1203362000,BLOCK  $1.2B 4.43% AvgVol,Block,ETF/Fund,ETFs,Miscellaneous,,664,
6/5/2026,3:36:30 PM,NVDA,257600,206.08,,53086208,BLOCK  $53.0M 0.15% AvgVol,Block,Equity,Semiconductors,IT Hardware,,23246,20260826
6/5/2026,3:36:26 PM,GDX,114114,79.17,,9034405.38,DARK BLOCK  $9.0M 0.56% AvgVol,Block,ETF/Fund,ETFs,Miscellaneous,,304,
6/5/2026,3:36:17 PM,QCOM,100000,219.68,,21968000,DARK BLOCK  $21.0M 0.35% AvgVol,Block,Equity,Manufacturing,Communications,,1053,20260729
6/5/2026,3:35:54 PM,OKLO,300000,59.21,,17763000,BLOCK  $17.0M 1.87% AvgVol,Block,Common Equity,Miscellaneous,Utilities,,173,20260810
6/5/2026,3:35:52 PM,XBI,108932,128.75,,14024995,DARK BLOCK  $14.0M 1.33% AvgVol,Block,ETF/Fund,ETFs,Miscellaneous,,60,
6/5/2026,3:35:52 PM,QQQM,106580,293.69,,31301480.2,DARK AVGPRC  $31.0M 2.7% AvgVol,Block,ETF/Fund,,,,316,
6/5/2026,3:35:52 PM,UNH,170000,400.89,,68151300,BLOCK  $68.0M 2.43% AvgVol,Block,Equity,Life & Health,Health Care,,905,20260804
6/5/2026,3:35:25 PM,CRM,150000,186.5,,27975000,BLOCK  $27.0M 1.04% AvgVol,Block,Equity,Internet & Software,IT Services & Software,,790,20260902
6/5/2026,3:35:12 PM,FDVV,113962,60.62,,6908376.4399999995,DARK BLOCK  $6.9M 16.76% AvgVol,Block,ETF/Fund,,,,156,
6/5/2026,3:35:12 PM,FDVV,,60.62,,,Unusual Dark Pool Activity,DarkPool,ETF/Fund,,,,156,
6/5/2026,3:34:43 PM,ALM,355800,16.34,,5813772,DARK BLOCK  $5.8M 8.44% AvgVol,Block,Common Equity,Metal Products,Metals & Mining,,283,20260813
6/5/2026,3:34:35 PM,WBD,492400,26.01,,12807324,DARK ISO BB $12.0M 2.83% AvgVol,Block,Common Equity,Entertainment,Media,,2507,20260806
6/5/2026,3:34:28 PM,CSX,406898,46.91,,19087585.18,DARK BLOCK  $19.0M 3.07% AvgVol,Block,Equity,Rail,Transport,,1852,20260722
6/5/2026,3:34:14 PM,MU,200000,880.35,,176070000,BLOCK  $176.0M 0.39% AvgVol,Block,ADR,Semiconductors,IT Hardware,,1125,20260624
6/5/2026,3:33:58 PM,MU,375000,878,,329250000,BLOCK  $329.0M 0.74% AvgVol,Block,ADR,Semiconductors,IT Hardware,,1125,20260624
6/5/2026,3:33:24 PM,TER,200000,361,,72200000,BLOCK  $72.0M 4.97% AvgVol,Block,Equity,Semiconductors,IT Hardware,,156,20260804
6/5/2026,3:32:37 PM,MU,,874.77,,,"Repeater Bullish Flow CALL@$0.421 Strike 900.0 Exp Jun 5, 2026",Options,,,,,,
6/5/2026,3:32:37 PM,SPY,500000,737.91,,368955000,DARK BLOCK  $368.0M 1.07% AvgVol,Block,ETF/Fund,ETFs,Miscellaneous,,1034,
6/5/2026,3:31:37 PM,ON,400000,120,,48000000,BLOCK  $48.0M 3.1% AvgVol,Block,Common Equity,Semiconductors,IT Hardware,,390,20260803
6/5/2026,3:31:00 PM,META,250000,591.3,,147825000,BLOCK  $147.0M 1.5% AvgVol,Block,Equity,Entertainment,Media,,2185,20260729
6/5/2026,3:30:02 PM,LULU,300000,114.7,,34410000,BLOCK  $34.0M 8.5% AvgVol,Block,Common Equity,Retail - Apparel and Accessories,Retail,,120,20260604
6/5/2026,3:29:24 PM,SMCI,900000,41.85,,37665000,BLOCK  $37.0M 2.12% AvgVol,Block,Common Equity,Computer Hardware & Equipment,IT Hardware,,601,20260804
6/5/2026,3:29:23 PM,AMD,250000,470,,117500000,DARK BLOCK  $117.0M 0.61% AvgVol,Block,Common Equity,Semiconductors,IT Hardware,,1622,20260804
6/5/2026,3:29:12 PM,PLTR,500000,134.73,,67365000,DARK BLOCK  $67.0M 1.15% AvgVol,Block,Common Equity,IT Services,IT Services & Software,,2397,20260803
6/5/2026,3:28:58 PM,SGOV,109010,100.46,,10951144.6,DARK BLOCK  $10.0M 0.55% AvgVol,Block,ETF/Fund,,,,911,
6/5/2026,3:28:28 PM,MSTR,100000,117,,11700000,DARK BLOCK  $11.0M 0.61% AvgVol,Block,Common Equity,Internet & Software,IT Services & Software,,327,20260730
6/5/2026,3:28:05 PM,WBD,295012,25.96,,7658511.5200000005,DARK AVGPRC  $7.6M 1.69% AvgVol,Block,Common Equity,Entertainment,Media,,2507,20260806
6/5/2026,3:27:10 PM,MSTR,,117.01,,,"Steady Bullish Flow CALL@$1.438 Strike 116.0 Exp Jun 5, 2026",Options,,,,,,
6/5/2026,3:27:10 PM,IGV,156000,95.25,,14859000,DARK BLOCK  $14.0M 0.69% AvgVol,Block,ETF/Fund,ETFs,Miscellaneous,,160,
6/5/2026,3:27:00 PM,SPY,170000,737.73,,125414100,DARK BLOCK  $125.0M 0.36% AvgVol,Block,ETF/Fund,ETFs,Miscellaneous,,1034,
6/5/2026,3:26:37 PM,TSLA,,389.96,,,"Repeater Bearish Flow PUT@$0.12 Strike 385.0 Exp Jun 5, 2026",Options,,,,,,
6/5/2026,3:26:27 PM,SMH,139320,575.04,,80114572.8,DARK ISO AA $80.0M 1.41% AvgVol,Block,ETF/Fund,ETFs,Miscellaneous,,112,
6/5/2026,3:26:18 PM,SIRI,250000,26.49,,6622500,DARK BLOCK  $6.6M 4.71% AvgVol,Block,Equity,Radio & Television,Media,,336,20260730
6/5/2026,3:25:41 PM,NVDA,112000,204.92,,22951040,DARK BLOCK  $22.0M 0.07% AvgVol,Block,Equity,Semiconductors,IT Hardware,,23246,20260826
6/5/2026,3:24:54 PM,EEM,100000,64.55,,6455000,DARK BLOCK  $6.4M 0.37% AvgVol,Block,ETF/Fund,ETFs,Miscellaneous,,442,
6/5/2026,3:24:33 PM,NVDA,,205.36,,,"Steady Bullish Flow CALL@$2.89 Strike 205.0 Exp Jun 8, 2026",Options,,,,,,
6/5/2026,3:24:28 PM,VOO,93500,677.03,,63302305,DARK ISO BB $63.0M 1.56% AvgVol,Block,ETF/Fund,ETFs,Miscellaneous,,1404,
6/5/2026,3:24:17 PM,PPL,262103,35.68,,9351835.04,DARK ISO  $9.3M 2.93% AvgVol,Block,Equity,Electric Utilities,Electric Utilities,,749,20260730
6/5/2026,3:23:48 PM,FTS,160015,55.93,,8949638.95,DARK BLOCK  $8.9M 24.59% AvgVol,Block,Equity,Electric Utilities,Electric Utilities,,509,20260807
6/5/2026,3:23:40 PM,AA,230000,71.7,,16491000,DARK BLOCK  $16.0M 5.56% AvgVol,Block,Equity,Non-Precious Metals,Metals & Mining,,263,20260715
6/5/2026,3:23:40 PM,AA,,71.7,,,Unusual Dark Pool Activity,DarkPool,Equity,Non-Precious Metals,Metals & Mining,,263,20260715
6/5/2026,3:23:36 PM,EMB,110000,95.45,,10499500,DARK BLOCK  $10.0M 1.62% AvgVol,Block,ETF/Fund,ETFs,Miscellaneous,,147,
6/5/2026,3:22:32 PM,IGIB,384021,52.68,,20230226.28,DARK ISO BB $20.0M 15.66% AvgVol,Block,ETF/Fund,ETFs,Miscellaneous,,340,
6/5/2026,3:22:17 PM,SPY,125737,757.02,,95185423.74,DARK BLOCK  SP46 $95.0M 0.27% AvgVol,Block,ETF/Fund,ETFs,Miscellaneous,,1034,
6/5/2026,3:22:10 PM,NVDA,330000,205.25,,67732500,BLOCK  $67.0M 0.2% AvgVol,Block,Equity,Semiconductors,IT Hardware,,23246,20260826
6/5/2026,3:22:03 PM,DRAM,100000,55.91,,5591000,DARK BLOCK  $5.5M 0.32% AvgVol,Block,ETF/Fund,,,,211,
6/5/2026,3:20:13 PM,SPY,127500,736.71,,93930525,DARK BLOCK  $93.0M 0.27% AvgVol,Block,ETF/Fund,ETFs,Miscellaneous,,1034,
6/5/2026,3:20:06 PM,SPY,125737,757.02,,95185423.74,DARK BLOCK  SP45 $95.0M 0.27% AvgVol,Block,ETF/Fund,ETFs,Miscellaneous,,1034,
6/5/2026,3:20:00 PM,KBWB,899213,89.42,,80407626.46000001,DARK ISO  $80.0M 95.46% AvgVol,Block,ETF/Fund,ETFs,Miscellaneous,,61,
6/5/2026,3:20:00 PM,KBWB,,89.42,,,Unusual Dark Pool Activity,DarkPool,ETF/Fund,ETFs,Miscellaneous,,61,
6/5/2026,3:19:35 PM,PYPL,542677,41.25,,22385426.25,DARK BLOCK  $22.0M 3.71% AvgVol,Block,Equity,Business Services,Financials,,876,20260804
6/5/2026,3:19:06 PM,VTV,220343,211.87,,46684071.410000004,DARK ISO BB $46.0M 9.43% AvgVol,Block,ETF/Fund,ETFs,Miscellaneous,,838,
6/5/2026,3:18:45 PM,QQQ,102999,740.33,,76253249.67,DARK BLOCK  SP42 $76.0M 0.27% AvgVol,Block,ETF/Fund,ETFs,Miscellaneous,,664,
6/5/2026,3:18:38 PM,FWD,358243,134.15,,48058298.45,DARK ISO BBDay $48.0M 167.94% AvgVol,Block,ETF/Fund,,,,20,
6/5/2026,3:18:38 PM,FWD,,134.15,,,Unusual Dark Pool Activity,DarkPool,ETF/Fund,,,,20,
6/5/2026,3:18:37 PM,QQQ,102999,740.33,,76253249.67,DARK BLOCK  SP41 $76.0M 0.27% AvgVol,Block,ETF/Fund,ETFs,Miscellaneous,,664,
6/5/2026,3:18:32 PM,QQQ,102999,740.33,,76253249.67,DARK BLOCK  SP40 $76.0M 0.27% AvgVol,Block,ETF/Fund,ETFs,Miscellaneous,,664,
6/5/2026,3:18:12 PM,WBD,250000,26,,6500000,DARK ISO AA $6.5M 1.43% AvgVol,Block,Common Equity,Entertainment,Media,,2507,20260806
6/5/2026,3:18:00 PM,MAR,158540,391.1,,62004994,DARK ISO AA $62.0M 11.46% AvgVol,Block,Equity,"""Hotels, Restaurants & Travel""",Consumer Services,,233,20260804
6/5/2026,3:18:00 PM,MAR,,391.1,,,Unusual Dark Pool Activity,DarkPool,Equity,"""Hotels, Restaurants & Travel""",Consumer Services,,233,20260804
6/5/2026,3:17:13 PM,NEE,100000,85.27,,8527000,DARK BLOCK  $8.5M 0.82% AvgVol,Block,Equity,Electric Utilities,Electric Utilities,,2081,20260722
6/5/2026,3:16:59 PM,JPM,150000,311.5,,46725000,BLOCK  $46.0M 1.84% AvgVol,Block,Equity,Banking,Banking & Savings,,2668,20260721
6/5/2026,3:16:54 PM,DTE,114950,145.6,,16736720,DARK ISO BB $16.0M 6.91% AvgVol,Block,Equity,Electric Utilities,Electric Utilities,,206,20260804
6/5/2026,3:16:54 PM,DTE,,145.6,,,Unusual Dark Pool Activity,DarkPool,Equity,Electric Utilities,Electric Utilities,,206,20260804
6/5/2026,3:16:03 PM,CORB,179814,29.29,,5266752.06,DARK BLOCK  $5.2M 194.23% AvgVol,Block,ETF/Fund,,,,35,
6/5/2026,3:16:03 PM,CORB,,29.29,,,Unusual Dark Pool Activity,DarkPool,ETF/Fund,,,,35,
6/5/2026,3:15:43 PM,JAAA,110299,50.55,,5575614.449999999,DARK BLOCK  $5.5M 2.01% AvgVol,Block,ETF/Fund,,,,539,
6/5/2026,3:15:19 PM,QQQ,102999,740.33,,76253249.67,DARK BLOCK  SP39 $76.0M 0.27% AvgVol,Block,ETF/Fund,ETFs,Miscellaneous,,664,
6/5/2026,3:14:43 PM,NYM,180293,25.03,,4512733.79,DARK ISO  $4.5M 188.59% AvgVol,Block,ETF/Fund,,,,52,
6/5/2026,3:14:43 PM,NYM,,25.03,,,Unusual Dark Pool Activity,DarkPool,ETF/Fund,,,,52,
6/5/2026,3:14:40 PM,META,800000,589.74,,471792000,DARK BLOCK  $471.0M 4.81% AvgVol,Block,Equity,Entertainment,Media,,2185,20260729
6/5/2026,3:14:15 PM,TSLA,,389.37,,,"Repeater Bearish Flow PUT@$0.65 Strike 387.5 Exp Jun 5, 2026",Options,,,,,,
6/5/2026,3:13:46 PM,QQQ,102999,740.33,,76253249.67,DARK BLOCK  SP38 $76.0M 0.27% AvgVol,Block,ETF/Fund,ETFs,Miscellaneous,,664,
6/5/2026,3:13:36 PM,MU,280000,875.3,,245084000,DARK BLOCK  $245.0M 0.55% AvgVol,Block,ADR,Semiconductors,IT Hardware,,1125,20260624
6/5/2026,3:13:22 PM,IWM,,277.98,,,Phantom Print  Volume: 70k Spot: $280.74,Block,ETF/Fund,ETFs,Miscellaneous,,273,
6/5/2026,3:13:11 PM,VTEB,101165,50.26,,5084552.899999999,DARK BLOCK  $5.0M 1.36% AvgVol,Block,ETF/Fund,,,,853,
6/5/2026,3:13:03 PM,AVGO,250000,388,,97000000,DARK BLOCK  $97.0M 1.15% AvgVol,Block,Equity,Semiconductors,IT Hardware,,4734,20260903
6/5/2026,3:12:54 PM,MRVL,,274.19,,,Options Active Alert,Options,,,,,,
6/5/2026,3:12:54 PM,MRVL,,274.19,,,"Rapidfire Bullish Flow CALL@$60.5 Strike 260.0 Exp Aug 21, 2026",Options,,,,,,
6/5/2026,3:12:53 PM,MRVL,,274.22,,,"Steady Bullish Flow CALL@$60.014 Strike 260.0 Exp Aug 21, 2026",Options,,,,,,
6/5/2026,3:12:46 PM,MRVL,,273.36,,,Alpha Gold Alert,AlphaGold,,,,,,
6/5/2026,3:12:06 PM,SPHY,215007,23.25,,4998912.75,DARK BLOCK  $4.9M 4.69% AvgVol,Block,ETF/Fund,ETFs,Miscellaneous,,471,
6/5/2026,3:11:55 PM,JAAA,250000,50.56,,12640000,DARK BLOCK  $12.0M 4.56% AvgVol,Block,ETF/Fund,,,,539,
6/5/2026,3:11:48 PM,MRVL,,272.85,,,"Large Bullish Flow CALL@$59.326 Strike 260.0 Exp Aug 21, 2026",Options,,,,,,
6/5/2026,3:11:45 PM,AVIG,147546,41.07,,6059714.22,DARK ISO BBDay $6.0M 47.77% AvgVol,Block,ETF/Fund,,,,45,
6/5/2026,3:11:45 PM,AVIG,,41.07,,,Unusual Dark Pool Activity,DarkPool,ETF/Fund,,,,45,
6/5/2026,3:11:36 PM,QQQ,205998,740.33,,152506499.34,DARK BLOCK  SP37 $152.0M 0.54% AvgVol,Block,ETF/Fund,ETFs,Miscellaneous,,664,
6/5/2026,3:10:57 PM,COPX,104708,81.06,,8487630.48,DARK ISO BB $8.4M 2.51% AvgVol,Block,ETF/Fund,ETFs,Miscellaneous,,90,
6/5/2026,3:10:47 PM,KALV,342784,26.94,,9234600.96,DARK BLOCK  $9.2M 5.83% AvgVol,Block,Common Equity,Pharmaceuticals,Pharmaceuticals & Biotechnology,,50,0
6/5/2026,3:10:45 PM,CVE,858700,28.4,,24387080,BLOCK  $24.0M 10.23% AvgVol,Block,Equity,Production & Extraction,Oil & Gas,,1869,20260730
6/5/2026,3:10:44 PM,SNDK,67500,1557.56,,105135300,BLOCK  $105.0M 0.49% AvgVol,Block,Common Equity,Computer Hardware & Equipment,IT Hardware,,148,20260813
6/5/2026,3:10:33 PM,AGG,550000,98.21,,54015500,DARK BLOCK  $54.0M 6.8% AvgVol,Block,ETF/Fund,ETFs,Miscellaneous,,1378,
6/5/2026,3:10:25 PM,LQD,742500,108.24,,80368200,DARK BLOCK  $80.0M 2.88% AvgVol,Block,ETF/Fund,ETFs,Miscellaneous,,272,
6/5/2026,3:09:49 PM,SPYM,171238,86.88,,14877157.44,DARK BLOCK  $14.0M 1.99% AvgVol,Block,ETF/Fund,ETFs,Miscellaneous,,1651,
6/5/2026,3:09:24 PM,VCIT,742500,81.93,,60833025.00000001,DARK BLOCK  $60.0M 8.85% AvgVol,Block,ETF/Fund,ETFs,Miscellaneous,,796,
6/5/2026,3:09:19 PM,BND,550000,72.83,,40056500,DARK BLOCK  $40.0M 6.73% AvgVol,Block,ETF/Fund,ETFs,Miscellaneous,,2087,
6/5/2026,3:09:00 PM,WEC,100000,113.44,,11344000,DARK BLOCK  $11.0M 4.87% AvgVol,Block,Equity,Electric Utilities,Electric Utilities,,325,20260729
6/5/2026,3:08:49 PM,MU,100000,889.5,,88950000,DARK BLOCK  $88.0M 0.2% AvgVol,Block,ADR,Semiconductors,IT Hardware,,1125,20260624
6/5/2026,3:08:36 PM,COHR,,377.11,,,"Repeater Bearish Flow PUT@$4.812 Strike 377.5 Exp Jun 5, 2026",Options,,,,,,
6/5/2026,3:08:27 PM,MSTR,350000,116.31,,40708500,DARK BLOCK  $40.0M 2.14% AvgVol,Block,Common Equity,Internet & Software,IT Services & Software,,327,20260730
6/5/2026,3:08:26 PM,VCLT,996200,74.6,,74316520,DARK ISO AA $74.0M 19.01% AvgVol,Block,ETF/Fund,ETFs,Miscellaneous,,103,
6/5/2026,3:07:58 PM,QQQ,102999,740.33,,76253249.67,DARK BLOCK  SP36 $76.0M 0.27% AvgVol,Block,ETF/Fund,ETFs,Miscellaneous,,664,
6/5/2026,3:07:18 PM,FXI,750000,34.73,,26047499.999999996,BLOCK  $26.0M 2.59% AvgVol,Block,ETF/Fund,ETFs,Miscellaneous,,156,
6/5/2026,3:07:13 PM,MU,150000,889.4,,133410000,DARK BLOCK  $133.0M 0.3% AvgVol,Block,ADR,Semiconductors,IT Hardware,,1125,20260624
6/5/2026,3:06:55 PM,JPST,107099,50.41,,5398860.59,DARK BLOCK  $5.3M 1.67% AvgVol,Block,ETF/Fund,,,,758,
6/5/2026,3:06:48 PM,QQQ,102999,740.33,,76253249.67,DARK BLOCK  SP35 $76.0M 0.27% AvgVol,Block,ETF/Fund,ETFs,Miscellaneous,,664,
6/5/2026,3:06:04 PM,AMZN,300000,247.64,,74292000,BLOCK  $74.0M 0.68% AvgVol,Block,Common Equity,Retail - Specialty,Retail,,9799,20260730
6/5/2026,3:05:55 PM,QINT,106765,69.11,,7378529.15,DARK BLOCK  $7.3M 371.89% AvgVol,Block,ETF/Fund,,,,8,
6/5/2026,3:05:55 PM,QINT,,69.11,,,Unusual Dark Pool Activity,DarkPool,ETF/Fund,,,,8,
6/5/2026,3:05:53 PM,IVV,1063380,742.73,,789804227.4,DARK AVGPRC  $789.0M 18.22% AvgVol,Block,ETF/Fund,ETFs,Miscellaneous,,1109,
6/5/2026,3:05:36 PM,AAPL,,309.13,,,"Repeater Bearish Flow PUT@$0.229 Strike 307.5 Exp Jun 5, 2026",Options,,,,,,
6/5/2026,3:05:06 PM,AMD,800000,475.5,,380400000,DARK BLOCK  $380.0M 1.94% AvgVol,Block,Common Equity,Semiconductors,IT Hardware,,1622,20260804
6/5/2026,3:05:04 PM,CWB,253870,105.32,,26737588.4,DARK ISO AA $26.0M 26.39% AvgVol,Block,ETF/Fund,ETFs,Miscellaneous,,57,
6/5/2026,3:04:25 PM,XLE,105000,57.89,,6078450,BLOCK  $6.0M 0.27% AvgVol,Block,ETF/Fund,ETFs,Miscellaneous,,684,
6/5/2026,3:04:20 PM,IEF,300000,93.7,,28110000,DARK BLOCK  $28.0M 4.09% AvgVol,Block,ETF/Fund,ETFs,Miscellaneous,,509,
6/5/2026,3:04:10 PM,HYG,130000,79.48,,10332400,BLOCK  $10.0M 0.36% AvgVol,Block,ETF/Fund,ETFs,Miscellaneous,,198,
6/5/2026,3:03:47 PM,VEA,760069,69.49,,52817194.809999995,DARK AVGPRC  $52.0M 6.97% AvgVol,Block,ETF/Fund,ETFs,Miscellaneous,,3214,
6/5/2026,3:03:46 PM,LQD,400000,108.32,,43328000,DARK BLOCK  $43.0M 1.55% AvgVol,Block,ETF/Fund,ETFs,Miscellaneous,,272,
6/5/2026,3:03:40 PM,TLT,120000,85.22,,10226400,DARK BLOCK  $10.0M 0.47% AvgVol,Block,ETF/Fund,ETFs,Miscellaneous,,505,
6/5/2026,3:03:30 PM,QQQ,102999,740.33,,76253249.67,DARK BLOCK  SP34 $76.0M 0.27% AvgVol,Block,ETF/Fund,ETFs,Miscellaneous,,664,
6/5/2026,3:03:14 PM,AIA,155291,134.18,,20836946.380000003,DARK AVGPRC  $20.0M 26.59% AvgVol,Block,ETF/Fund,ETFs,Miscellaneous,,35,
6/5/2026,3:02:58 PM,FXI,186000,34.67,,6448620,BLOCK  $6.4M 0.64% AvgVol,Block,ETF/Fund,ETFs,Miscellaneous,,156,
6/5/2026,3:02:43 PM,CSCO,190000,122.5,,23275000,BLOCK  $23.0M 0.74% AvgVol,Block,Equity,Manufacturing,Communications,,3941,20260812
6/5/2026,3:02:34 PM,IGM,249256,157.57,,39275267.92,DARK AVGPRC  $39.0M 42.2% AvgVol,Block,ETF/Fund,ETFs,Miscellaneous,,66,
6/5/2026,3:02:34 PM,IGM,,157.57,,,Unusual Dark Pool Activity,DarkPool,ETF/Fund,ETFs,Miscellaneous,,66,
6/5/2026,3:01:35 PM,VTV,104904,212.41,,22282658.64,DARK ISO AA $22.0M 4.49% AvgVol,Block,ETF/Fund,ETFs,Miscellaneous,,838,
6/5/2026,3:01:06 PM,ORLY,294570,90.18,,26564322.6,DARK ISO BB $26.0M 4.76% AvgVol,Block,Common Equity,Retail - Automotive,Retail,,822,20260722
6/5/2026,3:00:56 PM,META,100000,593.92,,59391999.99999999,BLOCK  $59.0M 0.6% AvgVol,Block,Equity,Entertainment,Media,,2185,20260729
6/5/2026,3:00:38 PM,XBI,500000,128.47,,64235000,BLOCK  $64.0M 6.11% AvgVol,Block,ETF/Fund,ETFs,Miscellaneous,,60,
6/5/2026,3:00:16 PM,SPSB,868918,29.9,,25980648.2,DARK BLOCK  $25.0M 35.71% AvgVol,Block,ETF/Fund,ETFs,Miscellaneous,,340,
6/5/2026,2:59:45 PM,VTV,600000,213.06,,127836000,DARK AVGPRC  $127.0M 25.68% AvgVol,Block,ETF/Fund,ETFs,Miscellaneous,,838,
6/5/2026,2:59:36 PM,MU,,885.86,,,"Repeater Bullish Flow CALL@$5.0 Strike 890.0 Exp Jun 5, 2026",Options,,,,,,
6/5/2026,2:59:29 PM,SPY,125737,757.02,,95185423.74,DARK BLOCK  SP44 $95.0M 0.27% AvgVol,Block,ETF/Fund,ETFs,Miscellaneous,,1034,
6/5/2026,2:59:16 PM,AMD,100000,468.16,,46816000,BLOCK  $46.0M 0.24% AvgVol,Block,Common Equity,Semiconductors,IT Hardware,,1622,20260804
6/5/2026,2:58:41 PM,MSFT,100000,417.48,,41748000,BLOCK  $41.0M 0.27% AvgVol,Block,Equity,Internet & Software,IT Services & Software,,7426,20260729
6/5/2026,2:58:25 PM,SPY,125737,757.02,,95185423.74,DARK BLOCK  SP43 $95.0M 0.27% AvgVol,Block,ETF/Fund,ETFs,Miscellaneous,,1034,
6/5/2026,2:58:06 PM,BIL,271043,91.45,,24786882.35,DARK BLOCK  $24.0M 2.83% AvgVol,Block,ETF/Fund,ETFs,Miscellaneous,,501,
6/5/2026,2:57:21 PM,AMD,,469.98,,,"Roulette Bullish Flow CALL@$4.033 Strike 467.5 Exp Jun 5, 2026",Options,,,,,,
6/5/2026,2:57:15 PM,UMC,,19.85,,,"Repeater Bearish Flow PUT@$6.1 Strike 25.0 Exp Jul 17, 2026",Options,,,,,,
6/5/2026,2:57:09 PM,SPY,125737,757.02,,95185423.74,DARK BLOCK  SP42 $95.0M 0.27% AvgVol,Block,ETF/Fund,ETFs,Miscellaneous,,1034,
6/5/2026,2:57:01 PM,SPY,125737,757.02,,95185423.74,DARK BLOCK  SP41 $95.0M 0.27% AvgVol,Block,ETF/Fund,ETFs,Miscellaneous,,1034,
6/5/2026,2:56:38 PM,SPY,125737,757.02,,95185423.74,DARK BLOCK  SP40 $95.0M 0.27% AvgVol,Block,ETF/Fund,ETFs,Miscellaneous,,1034,
6/5/2026,2:56:18 PM,IBDZ,749504,25.83,,19359688.32,DARK BLOCK  $19.0M 498.58% AvgVol,Block,ETF/Fund,,,,33,
6/5/2026,2:56:18 PM,IBDZ,,25.83,,,Unusual Dark Pool Activity,DarkPool,ETF/Fund,,,,33,
6/5/2026,2:56:15 PM,QQQ,412037,740.33,,305043352.21000004,DARK AVGPRC  SP33 $305.0M 1.07% AvgVol,Block,ETF/Fund,ETFs,Miscellaneous,,664,
6/5/2026,2:55:59 PM,UUUU,564200,14.99,,8457358,DARK BLOCK  $8.4M 5.3% AvgVol,Block,Common Equity,Mining,Metals & Mining,,247,20260805
6/5/2026,2:55:55 PM,T,2150000,22.88,,49192000,Cancelled DARK BLOCK  $49.0M 5.72% AvgVol,Block,Equity,Services,Communications,,6942,20260722
6/5/2026,2:55:53 PM,BND,104096,72.87,,7585475.5200000005,DARK BLOCK  $7.5M 1.27% AvgVol,Block,ETF/Fund,ETFs,Miscellaneous,,2087,
6/5/2026,2:55:52 PM,QQQ,,705.33,,,Phantom Print  Volume: 4.5k Spot: $708.85,Block,ETF/Fund,ETFs,Miscellaneous,,664,
6/5/2026,2:55:38 PM,IBDY,925359,25.57,,23661429.63,DARK ISO  $23.0M 371.35% AvgVol,Block,ETF/Fund,,,,44,
6/5/2026,2:55:38 PM,IBDY,,25.57,,,Unusual Dark Pool Activity,DarkPool,ETF/Fund,,,,44,
6/5/2026,2:55:34 PM,UUUU,731400,14.96,,10941744,DARK BLOCK  $10.0M 6.88% AvgVol,Block,Common Equity,Mining,Metals & Mining,,247,20260805
6/5/2026,2:55:34 PM,UUUU,,14.96,,,Unusual Dark Pool Activity,DarkPool,Common Equity,Mining,Metals & Mining,,247,20260805
6/5/2026,2:55:05 PM,IBDX,433117,24.98,,10819262.66,DARK BLOCK  $10.0M 216.48% AvgVol,Block,ETF/Fund,ETFs,Miscellaneous,,66,
6/5/2026,2:55:05 PM,IBDX,,24.98,,,Unusual Dark Pool Activity,DarkPool,ETF/Fund,ETFs,Miscellaneous,,66,
6/5/2026,2:55:03 PM,XLP,144000,84.18,,12121920.000000002,BLOCK  $12.0M 1.21% AvgVol,Block,ETF/Fund,ETFs,Miscellaneous,,178,
6/5/2026,2:54:59 PM,AAPL,200000,309.88,,61976000,BLOCK  $61.0M 0.42% AvgVol,Block,Equity,Computer Hardware & Equipment,IT Hardware,,14678,20260730
6/5/2026,2:54:53 PM,RDVY,124520,75.73,,9429899.6,DARK BLOCK  $9.4M 13.06% AvgVol,Block,ETF/Fund,,,,297,
6/5/2026,2:54:53 PM,RDVY,,75.73,,,Unusual Dark Pool Activity,DarkPool,ETF/Fund,,,,297,
6/5/2026,2:54:35 PM,IBDW,519038,20.69,,10738896.22,DARK BLOCK  $10.0M 111.53% AvgVol,Block,ETF/Fund,ETFs,Miscellaneous,,114,
6/5/2026,2:54:35 PM,IBDW,,20.69,,,Unusual Dark Pool Activity,DarkPool,ETF/Fund,ETFs,Miscellaneous,,114,
6/5/2026,2:53:53 PM,SPY,125737,757.02,,95185423.74,DARK BLOCK  SP39 $95.0M 0.27% AvgVol,Block,ETF/Fund,ETFs,Miscellaneous,,1034,
6/5/2026,2:53:31 PM,SCI,200000,71,,14200000,DARK BLOCK  $14.0M 14.12% AvgVol,Block,Equity,Miscellaneous Consumer Services,Consumer Services,,133,20260729
6/5/2026,2:53:24 PM,QQQ,103009,740.33,,76260652.97,DARK BLOCK  SP32 $76.0M 0.27% AvgVol,Block,ETF/Fund,ETFs,Miscellaneous,,664,
6/5/2026,2:52:54 PM,SPY,440000,739,,325160000,BLOCK  $325.0M 0.94% AvgVol,Block,ETF/Fund,ETFs,Miscellaneous,,1034,
6/5/2026,2:52:43 PM,QQQ,412037,740.33,,305043352.21000004,Cancelled DARK BLOCK  SP31 $305.0M 1.07% AvgVol,Block,ETF/Fund,ETFs,Miscellaneous,,664,
6/5/2026,2:52:09 PM,SPHY,641600,23.27,,14930032,DARK BLOCK  $14.0M 13.99% AvgVol,Block,ETF/Fund,ETFs,Miscellaneous,,471,
6/5/2026,2:51:53 PM,QQQ,412037,740.33,,305043352.21000004,DARK AVGPRC  SP32 $305.0M 1.07% AvgVol,Block,ETF/Fund,ETFs,Miscellaneous,,664,
6/5/2026,2:51:04 PM,QQQ,103009,740.33,,76260652.97,DARK BLOCK  SP31 $76.0M 0.27% AvgVol,Block,ETF/Fund,ETFs,Miscellaneous,,664,
6/5/2026,2:50:56 PM,NVDA,,205.17,,,"Large Bullish Flow CALL@$9.822 Strike 205.0 Exp Jul 2, 2026",Options,,,,,,
6/5/2026,2:50:39 PM,SPY,500000,738.68,,369340000,DARK BLOCK  $369.0M 1.07% AvgVol,Block,ETF/Fund,ETFs,Miscellaneous,,1034,
6/5/2026,2:50:33 PM,AAPL,1050000,310.11,,325615500,BLOCK  $325.0M 2.18% AvgVol,Block,Equity,Computer Hardware & Equipment,IT Hardware,,14678,20260730
6/5/2026,2:50:18 PM,ZROZ,100000,62.79,,6279000,DARK ISO  $6.2M 19.74% AvgVol,Block,ETF/Fund,,,,22,
6/5/2026,2:49:53 PM,SPY,125737,757.02,,95185423.74,DARK BLOCK  SP38 $95.0M 0.27% AvgVol,Block,ETF/Fund,ETFs,Miscellaneous,,1034,
6/5/2026,2:49:53 PM,SPY,125737,757.02,,95185423.74,DARK BLOCK  SP37 $95.0M 0.27% AvgVol,Block,ETF/Fund,ETFs,Miscellaneous,,1034,
6/5/2026,2:49:42 PM,CPNG,500000,15.75,,7875000,DARK BLOCK  $7.8M 2.16% AvgVol,Block,Equity,Retail - Specialty,Retail,,1795,20260804
6/5/2026,2:49:12 PM,SCNM,936818,25.03,,23448554.540000003,DARK BLOCK  $23.0M 5218.39% AvgVol,Block,ETF/Fund,,,,8,
6/5/2026,2:49:12 PM,SCNM,,25.03,,,Unusual Dark Pool Activity,DarkPool,ETF/Fund,,,,8,
6/5/2026,2:49:12 PM,SCEC,612802,24.85,,15228129.700000001,DARK BLOCK  $15.0M 606.34% AvgVol,Block,ETF/Fund,,,,22,
6/5/2026,2:49:12 PM,SCEC,,24.85,,,Unusual Dark Pool Activity,DarkPool,ETF/Fund,,,,22,
6/5/2026,2:48:16 PM,SPY,125737,757.02,,95185423.74,DARK BLOCK  SP36 $95.0M 0.27% AvgVol,Block,ETF/Fund,ETFs,Miscellaneous,,1034,
6/5/2026,2:48:09 PM,AAPL,800000,310.92,,248736000,DARK BLOCK  $248.0M 1.66% AvgVol,Block,Equity,Computer Hardware & Equipment,IT Hardware,,14678,20260730
6/5/2026,2:47:48 PM,T,2150000,22.96,,49364000,DARK BLOCK  $49.0M 5.72% AvgVol,Block,Equity,Services,Communications,,6942,20260722
6/5/2026,2:47:33 PM,WBD,250000,26.06,,6515000,DARK BLOCK  $6.5M 1.43% AvgVol,Block,Common Equity,Entertainment,Media,,2507,20260806
6/5/2026,2:47:16 PM,AAPL,500000,310.2,,155100000,DARK BLOCK  $155.0M 1.04% AvgVol,Block,Equity,Computer Hardware & Equipment,IT Hardware,,14678,20260730
6/5/2026,2:47:01 PM,ACWI,116945,154.49,,18066833.05,DARK BLOCK  $18.0M 3.45% AvgVol,Block,ETF/Fund,ETFs,Miscellaneous,,207,
6/5/2026,2:47:01 PM,VT,117332,153.99,,18067954.68,DARK BLOCK  $18.0M 4.16% AvgVol,Block,ETF/Fund,ETFs,Miscellaneous,,475,
6/5/2026,2:46:51 PM,SPY,125737,757.02,,95185423.74,DARK BLOCK  SP35 $95.0M 0.27% AvgVol,Block,ETF/Fund,ETFs,Miscellaneous,,1034,
6/5/2026,2:46:19 PM,EWJ,193170,91.42,,17659601.4,DARK ISO BBDay $17.0M 3.44% AvgVol,Block,ETF/Fund,ETFs,Miscellaneous,,231,
6/5/2026,2:46:13 PM,SPLB,1166971,22.19,,25895086.490000002,DARK BLOCK  $25.0M 40.0% AvgVol,Block,ETF/Fund,ETFs,Miscellaneous,,56,
6/5/2026,2:44:41 PM,SPTL,998458,25.84,,25800154.72,DARK BLOCK  $25.0M 15.28% AvgVol,Block,ETF/Fund,ETFs,Miscellaneous,,389,
6/5/2026,2:44:37 PM,SPYM,100328,87.1,,8738568.799999999,DARK BLOCK  $8.7M 1.17% AvgVol,Block,ETF/Fund,ETFs,Miscellaneous,,1651,
6/5/2026,2:44:13 PM,IOT,249500,35.05,,8744975,DARK ISO AA $8.7M 4.59% AvgVol,Block,Equity,Internet & Software,IT Services & Software,,580,20260604
6/5/2026,2:44:13 PM,RBLX,100000,41.44,,4144000,DARK BLOCK  $4.1M 0.75% AvgVol,Block,Equity,Entertainment,Media,,671,20260730
6/5/2026,2:44:08 PM,DJT,,8.28,,,"Repeater Bullish Flow CALL@$3.84 Strike 8.0 Exp Jan 21, 2028",Options,,,,,,
6/5/2026,2:43:17 PM,QQQ,103009,740.33,,76260652.97,DARK BLOCK  SP30 $76.0M 0.27% AvgVol,Block,ETF/Fund,ETFs,Miscellaneous,,664,
6/5/2026,2:43:17 PM,QQQ,103009,740.33,,76260652.97,DARK BLOCK  SP29 $76.0M 0.27% AvgVol,Block,ETF/Fund,ETFs,Miscellaneous,,664,
6/5/2026,2:43:04 PM,PENG,137600,59.8,,8228480,BLOCK  $8.2M 4.13% AvgVol,Block,Common Equity,Semiconductors,IT Hardware,,50,20260714
6/5/2026,2:40:30 PM,SPY,125737,757.02,,95185423.74,DARK BLOCK  SP34 $95.0M 0.27% AvgVol,Block,ETF/Fund,ETFs,Miscellaneous,,1034,
6/5/2026,2:40:30 PM,SPY,125737,757.02,,95185423.74,DARK BLOCK  SP33 $95.0M 0.27% AvgVol,Block,ETF/Fund,ETFs,Miscellaneous,,1034,
6/5/2026,2:40:17 PM,ALLY,114802,42.62,,4892861.239999999,DARK BLOCK  $4.8M 3.69% AvgVol,Block,Equity,Credit & Lending,Credit & Lending,,305,20260717
6/5/2026,2:40:17 PM,ALLY,,42.62,,,Unusual Dark Pool Activity,DarkPool,Equity,Credit & Lending,Credit & Lending,,305,20260717
6/5/2026,2:39:43 PM,SPTL,329619,25.86,,8523947.34,DARK BLOCK  $8.5M 5.04% AvgVol,Block,ETF/Fund,ETFs,Miscellaneous,,389,
6/5/2026,2:38:54 PM,MU,100000,887.7,,88770000,DARK BLOCK  $88.0M 0.2% AvgVol,Block,ADR,Semiconductors,IT Hardware,,1125,20260624
6/5/2026,2:38:34 PM,AAPL,800000,310.92,,248736000,Cancelled DARK BLOCK  $248.0M 1.66% AvgVol,Block,Equity,Computer Hardware & Equipment,IT Hardware,,14678,20260730
6/5/2026,2:38:32 PM,WMT,200000,120.79,,24158000,BLOCK  $24.0M 0.95% AvgVol,Block,Equity,Retail - General Merchandise/Department Stores,Retail,,7963,20260820
6/5/2026,2:38:11 PM,QQQ,80000,710.5,,56840000,DARK BLOCK  $56.0M 0.21% AvgVol,Block,ETF/Fund,ETFs,Miscellaneous,,664,
6/5/2026,2:37:44 PM,MU,400000,887.7,,355080000,DARK BLOCK  $355.0M 0.79% AvgVol,Block,ADR,Semiconductors,IT Hardware,,1125,20260624
6/5/2026,2:37:33 PM,HYG,170000,79.52,,13518400,BLOCK  $13.0M 0.47% AvgVol,Block,ETF/Fund,ETFs,Miscellaneous,,198,
6/5/2026,2:37:30 PM,JPM,,313.11,,,"Repeater Bearish Flow PUT@$3.398 Strike 285.0 Exp Jul 17, 2026",Options,,,,,,
6/5/2026,2:37:27 PM,LQD,1000000,108.31,,108310000,DARK BLOCK  $108.0M 3.87% AvgVol,Block,ETF/Fund,ETFs,Miscellaneous,,272,
6/5/2026,2:37:27 PM,LQD,,108.31,,,Unusual Dark Pool Activity,DarkPool,ETF/Fund,ETFs,Miscellaneous,,272,
6/5/2026,2:37:27 PM,AAPL,800000,310.92,,248736000,DARK BLOCK  $248.0M 1.66% AvgVol,Block,Equity,Computer Hardware & Equipment,IT Hardware,,14678,20260730
6/5/2026,2:37:15 PM,VXX,314067,25.03,,7861097.010000001,DARK BLOCK  $7.8M 3.78% AvgVol,Block,Structured Products,,,,18,
6/5/2026,2:37:15 PM,VXX,,25.03,,,Unusual Dark Pool Activity,DarkPool,Structured Products,,,,18,
6/5/2026,2:37:12 PM,RBLX,100000,41.37,,4136999.9999999995,DARK BLOCK  $4.1M 0.75% AvgVol,Block,Equity,Entertainment,Media,,671,20260730
6/5/2026,2:37:01 PM,LQD,100000,108.33,,10833000,DARK BLOCK  $10.0M 0.39% AvgVol,Block,ETF/Fund,ETFs,Miscellaneous,,272,
6/5/2026,2:36:47 PM,XLY,176000,115.6,,20345600,DARK BLOCK  $20.0M 2.2% AvgVol,Block,ETF/Fund,ETFs,Miscellaneous,,196,
6/5/2026,2:36:34 PM,WBD,495614,26,,12885964,DARK ISO BB $12.0M 2.84% AvgVol,Block,Common Equity,Entertainment,Media,,2507,20260806
6/5/2026,2:36:31 PM,MU,,882.19,,,"Roulette Bullish Flow CALL@$19.85 Strike 865.0 Exp Jun 5, 2026",Options,,,,,,
6/5/2026,2:35:43 PM,T,2150000,22.88,,49192000,DARK BLOCK  $49.0M 5.72% AvgVol,Block,Equity,Services,Communications,,6942,20260722
6/5/2026,2:35:26 PM,ADP,240000,234.3,,56232000,BLOCK  $56.0M 7.98% AvgVol,Block,Equity,Business Services,Commercial Services & Supplies,,398,20260729
6/5/2026,2:34:36 PM,LQD,100000,108.3,,10830000,DARK BLOCK  $10.0M 0.39% AvgVol,Block,ETF/Fund,ETFs,Miscellaneous,,272,
6/5/2026,2:34:04 PM,SHV,227397,110.11,,25038683.669999998,DARK BLOCK  $25.0M 9.67% AvgVol,Block,ETF/Fund,ETFs,Miscellaneous,,188,
6/5/2026,2:34:04 PM,SHV,,110.11,,,Unusual Dark Pool Activity,DarkPool,ETF/Fund,ETFs,Miscellaneous,,188,
6/5/2026,2:33:26 PM,SPY,125724,757.02,,95175582.48,DARK BLOCK  SP32 $95.0M 0.27% AvgVol,Block,ETF/Fund,ETFs,Miscellaneous,,1034,
6/5/2026,2:33:21 PM,QQQ,103009,740.33,,76260652.97,DARK BLOCK  SP28 $76.0M 0.27% AvgVol,Block,ETF/Fund,ETFs,Miscellaneous,,664,
6/5/2026,2:33:21 PM,RBLX,100000,41.22,,4122000,DARK BLOCK  $4.1M 0.75% AvgVol,Block,Equity,Entertainment,Media,,671,20260730
6/5/2026,2:32:51 PM,WMS,649300,130,,84409000,DARK ISO BB $84.0M 75.92% AvgVol,Block,Equity,Plastics,Synthetic Materials,,76,20260806
6/5/2026,2:32:51 PM,WMS,,130,,,Unusual Dark Pool Activity,DarkPool,Equity,Plastics,Synthetic Materials,,76,20260806
6/5/2026,2:32:40 PM,SPY,125724,757.02,,95175582.48,DARK BLOCK  SP31 $95.0M 0.27% AvgVol,Block,ETF/Fund,ETFs,Miscellaneous,,1034,
6/5/2026,2:32:31 PM,SPY,125724,757.02,,95175582.48,DARK BLOCK  SP30 $95.0M 0.27% AvgVol,Block,ETF/Fund,ETFs,Miscellaneous,,1034,
6/5/2026,2:32:31 PM,TSEL,587283,28.32,,16631854.56,DARK BLOCK  $16.0M 2224.87% AvgVol,Block,ETF/Fund,,,,4,
6/5/2026,2:32:31 PM,TSEL,,28.32,,,Unusual Dark Pool Activity,DarkPool,ETF/Fund,,,,4,
6/5/2026,2:31:28 PM,TSLA,,392.35,,,"Repeater Bullish Flow CALL@$1.46 Strike 392.5 Exp Jun 5, 2026",Options,,,,,,
6/5/2026,2:31:25 PM,EMEQ,312945,62.73,,19631039.849999998,DARK BLOCK  $19.0M 171.5% AvgVol,Block,ETF/Fund,,,,9,
6/5/2026,2:31:25 PM,EMEQ,,62.73,,,Unusual Dark Pool Activity,DarkPool,ETF/Fund,,,,9,
6/5/2026,2:31:09 PM,MU,300000,887.55,,266265000,DARK BLOCK  $266.0M 0.59% AvgVol,Block,ADR,Semiconductors,IT Hardware,,1125,20260624
6/5/2026,2:31:06 PM,PAVE,208835,56.75,,11851386.25,DARK ISO AA $11.0M 12.75% AvgVol,Block,ETF/Fund,,,,240,
6/5/2026,2:30:10 PM,BKLN,500000,20.48,,10240000,DARK BLOCK  $10.0M 5.15% AvgVol,Block,ETF/Fund,ETFs,Miscellaneous,,351,
6/5/2026,2:29:55 PM,RSPG,112279,104.85,,11772453.149999999,DARK ISO BB $11.0M 106.53% AvgVol,Block,ETF/Fund,ETFs,Miscellaneous,,5,
6/5/2026,2:29:55 PM,RSPG,,104.85,,,Unusual Dark Pool Activity,DarkPool,ETF/Fund,ETFs,Miscellaneous,,5,
6/5/2026,2:29:50 PM,QQQ,390000,711,,277290000,BLOCK  $277.0M 1.02% AvgVol,Block,ETF/Fund,ETFs,Miscellaneous,,664,
6/5/2026,2:29:49 PM,XLV,250000,154,,38500000,DARK AVGPRC  $38.0M 2.57% AvgVol,Block,ETF/Fund,ETFs,Miscellaneous,,256,
6/5/2026,2:29:47 PM,UBS,249490,47.42,,11830815.8,DARK ISO AA $11.0M 10.55% AvgVol,Block,Equity,Banking,Banking & Savings,,3123,20260729
6/5/2026,2:29:47 PM,UBS,,47.42,,,Unusual Dark Pool Activity,DarkPool,Equity,Banking,Banking & Savings,,3123,20260729
6/5/2026,2:29:41 PM,QQQ,375000,710.26,,266347500,DARK BLOCK  $266.0M 0.98% AvgVol,Block,ETF/Fund,ETFs,Miscellaneous,,664,
6/5/2026,2:29:39 PM,COST,200000,983.47,,196694000,BLOCK  $196.0M 9.16% AvgVol,Block,Equity,Retail - General Merchandise/Department Stores,Retail,,443,20260924
6/5/2026,2:29:22 PM,LQD,771270,108.26,,83497690.2,DARK ISO BB $83.0M 2.99% AvgVol,Block,ETF/Fund,ETFs,Miscellaneous,,272,
6/5/2026,2:29:22 PM,IEF,460800,93.68,,43167744,DARK ISO AA $43.0M 6.29% AvgVol,Block,ETF/Fund,ETFs,Miscellaneous,,509,
6/5/2026,2:29:22 PM,TLT,234894,85.15,,20001224.1,DARK ISO  $20.0M 0.92% AvgVol,Block,ETF/Fund,ETFs,Miscellaneous,,505,
6/5/2026,2:29:13 PM,GPIX,244053,54.81,,13376544.93,DARK BLOCK  $13.0M 29.22% AvgVol,Block,ETF/Fund,,,,75,
6/5/2026,2:29:13 PM,GPIX,,54.81,,,Unusual Dark Pool Activity,DarkPool,ETF/Fund,,,,75,
6/5/2026,2:29:08 PM,JEPI,233737,55.72,,13023825.64,DARK BLOCK  $13.0M 3.79% AvgVol,Block,ETF/Fund,,,,795,
6/5/2026,2:29:08 PM,JEPI,,55.72,,,Unusual Dark Pool Activity,DarkPool,ETF/Fund,,,,795,
6/5/2026,2:27:49 PM,AMZN,300000,249.01,,74703000,BLOCK  $74.0M 0.68% AvgVol,Block,Common Equity,Retail - Specialty,Retail,,9799,20260730
6/5/2026,2:27:17 PM,RPRX,250000,55.35,,13837500,DARK BLOCK  $13.0M 6.21% AvgVol,Block,Equity,Pharmaceuticals,Pharmaceuticals & Biotechnology,,575,20260805
6/5/2026,2:27:09 PM,MU,,883.66,,,"Repeater Bearish Flow PUT@$0.94 Strike 500.0 Exp Jun 12, 2026",Options,,,,,,
6/5/2026,2:27:07 PM,TW,159400,103.11,,16435734,DARK ISO AA $16.0M 8.91% AvgVol,Block,Equity,Brokers & Intermediaries,Insurance,,235,20260729
6/5/2026,2:27:07 PM,TW,,103.11,,,Unusual Dark Pool Activity,DarkPool,Equity,Brokers & Intermediaries,Insurance,,235,20260729
6/5/2026,2:26:44 PM,UMC,,20,,,"Repeater Bearish Flow PUT@$4.2 Strike 24.0 Exp Jun 18, 2026",Options,,,,,,
6/5/2026,2:26:41 PM,AMAT,260000,463.15,,120419000,BLOCK  $120.0M 3.49% AvgVol,Block,ADR,Semiconductors,IT Hardware,,791,20260813
6/5/2026,2:25:48 PM,PUK,354099,25.57,,9054311.43,DARK AVGPRC AA $9.0M 39.93% AvgVol,Block,Equity,Life & Health,Insurance,,1260,0
6/5/2026,2:25:48 PM,PUK,,25.57,,,Unusual Dark Pool Activity,DarkPool,Equity,Life & Health,Insurance,,1260,0
6/5/2026,2:25:45 PM,WBD,200000,26.14,,5228000,DARK ISO AA $5.2M 1.15% AvgVol,Block,Common Equity,Entertainment,Media,,2507,20260806
6/5/2026,2:25:27 PM,RSP,123600,208.6,,25782960,DARK ISO AA $25.0M 1.29% AvgVol,Block,ETF/Fund,ETFs,Miscellaneous,,427,
6/5/2026,2:25:02 PM,SW,118777,41.5,,4929245.5,DARK BLOCK  $4.9M 2.33% AvgVol,Block,Equity,Containers & Packaging,Consumer Discretionary,,524,20260729
6/5/2026,2:24:58 PM,SPY,125724,757.02,,95175582.48,DARK BLOCK  SP29 $95.0M 0.27% AvgVol,Block,ETF/Fund,ETFs,Miscellaneous,,1034,
6/5/2026,2:24:58 PM,SPY,125724,757.02,,95175582.48,DARK BLOCK  SP28 $95.0M 0.27% AvgVol,Block,ETF/Fund,ETFs,Miscellaneous,,1034,
6/5/2026,2:23:13 PM,BUFR,216198,36.23,,7832853.539999999,DARK BLOCK  $7.8M 17.98% AvgVol,Block,ETF/Fund,,,,263,
6/5/2026,2:23:13 PM,SGOV,291555,100.46,,29289615.299999997,DARK BLOCK  $29.0M 1.46% AvgVol,Block,ETF/Fund,,,,911,
6/5/2026,2:22:52 PM,MU,590000,888,,523920000,BLOCK  $523.0M 1.16% AvgVol,Block,ADR,Semiconductors,IT Hardware,,1125,20260624
6/5/2026,2:22:31 PM,QQQ,103009,740.33,,76260652.97,DARK BLOCK  SP27 $76.0M 0.27% AvgVol,Block,ETF/Fund,ETFs,Miscellaneous,,664,
6/5/2026,2:21:34 PM,LIN,180000,509.48,,91706400,BLOCK  $91.0M 8.49% AvgVol,Block,Equity,Specialty Chemicals,Chemicals,,462,20260807
6/5/2026,2:21:22 PM,XLV,127500,154.03,,19638825,BLOCK  $19.0M 1.31% AvgVol,Block,ETF/Fund,ETFs,Miscellaneous,,256,
6/5/2026,2:20:51 PM,LCID,,5.14,,,"Repeater Bearish Flow PUT@$1.31 Strike 6.0 Exp Jul 17, 2026",Options,,,,,,
6/5/2026,2:20:51 PM,MU,400000,891.6,,356640000,DARK BLOCK  $356.0M 0.79% AvgVol,Block,ADR,Semiconductors,IT Hardware,,1125,20260624
6/5/2026,2:20:41 PM,MU,400000,889.8,,355920000,DARK BLOCK  $355.0M 0.79% AvgVol,Block,ADR,Semiconductors,IT Hardware,,1125,20260624
6/5/2026,2:20:19 PM,SCI,218710,70.7,,15462797,DARK ISO BB $15.0M 15.44% AvgVol,Block,Equity,Miscellaneous Consumer Services,Consumer Services,,133,20260729
6/5/2026,2:17:16 PM,BIL,230000,91.45,,21033500,DARK BLOCK  $21.0M 2.4% AvgVol,Block,ETF/Fund,ETFs,Miscellaneous,,501,
6/5/2026,2:17:03 PM,BIL,200000,91.45,,18290000,DARK BLOCK  $18.0M 2.09% AvgVol,Block,ETF/Fund,ETFs,Miscellaneous,,501,
6/5/2026,2:17:00 PM,SPY,125724,757.02,,95175582.48,DARK BLOCK  SP27 $95.0M 0.27% AvgVol,Block,ETF/Fund,ETFs,Miscellaneous,,1034,
6/5/2026,2:16:57 PM,QQQ,,710.74,,,Phantom Print  Volume: 9.8k Spot: $711.77,Block,ETF/Fund,ETFs,Miscellaneous,,664,
6/5/2026,2:16:45 PM,MSTR,,114.76,,,"Repeater Bearish Flow PUT@$1.81 Strike 116.0 Exp Jun 5, 2026",Options,,,,,,
6/5/2026,2:16:31 PM,FLG,500000,13.94,,6970000,DARK BLOCK  $6.9M 11.72% AvgVol,Block,Equity,Banking,Banking & Savings,,416,20260724
6/5/2026,2:16:31 PM,FLG,,13.94,,,Unusual Dark Pool Activity,DarkPool,Equity,Banking,Banking & Savings,,416,20260724
6/5/2026,2:15:48 PM,QQQ,103009,740.33,,76260652.97,DARK BLOCK  SP26 $76.0M 0.27% AvgVol,Block,ETF/Fund,ETFs,Miscellaneous,,664,
6/5/2026,2:15:34 PM,ARXS,346000,39.26,,13583960,DARK BLOCK  $13.0M 32.11% AvgVol,Block,Equity,Aerospace,Aerospace & Defense,,404,20260527
6/5/2026,2:15:34 PM,ARXS,,39.26,,,Unusual Dark Pool Activity,DarkPool,Equity,Aerospace,Aerospace & Defense,,404,20260527
6/5/2026,2:15:33 PM,AG,299300,17.03,,5097079,BLOCK  $5.0M 2.42% AvgVol,Block,Equity,Precious Metals,Metals & Mining,,489,20260813
6/5/2026,2:15:30 PM,BIL,250000,91.45,,22862500,DARK ISO  $22.0M 2.61% AvgVol,Block,ETF/Fund,ETFs,Miscellaneous,,501,
6/5/2026,2:15:15 PM,FLEX,100000,152.25,,15225000,DARK BLOCK  $15.0M 1.57% AvgVol,Block,Common Equity,Electrical Equipment,Information Technology,,364,20260723
6/5/2026,2:15:15 PM,FLEX,,152.25,,,Unusual Dark Pool Activity,DarkPool,Common Equity,Electrical Equipment,Information Technology,,364,20260723
6/5/2026,2:15:14 PM,BIL,175000,91.45,,16003750,DARK ISO  $16.0M 1.83% AvgVol,Block,ETF/Fund,ETFs,Miscellaneous,,501,
6/5/2026,2:15:04 PM,QQQ,103009,740.33,,76260652.97,DARK BLOCK  SP25 $76.0M 0.27% AvgVol,Block,ETF/Fund,ETFs,Miscellaneous,,664,
6/5/2026,2:12:26 PM,DRAM,1100000,57.02,,62722000,BLOCK  $62.0M 3.54% AvgVol,Block,ETF/Fund,,,,211,
6/5/2026,2:11:43 PM,SPY,125724,757.02,,95175582.48,DARK BLOCK  SP26 $95.0M 0.27% AvgVol,Block,ETF/Fund,ETFs,Miscellaneous,,1034,
6/5/2026,2:11:41 PM,NVDA,222500,207,,46057500,BLOCK  $46.0M 0.13% AvgVol,Block,Equity,Semiconductors,IT Hardware,,23246,20260826
6/5/2026,2:11:14 PM,JNK,322728,95.82,,30923796.959999997,DARK ISO AA $30.0M 11.95% AvgVol,Block,ETF/Fund,,,,79,
6/5/2026,2:11:11 PM,XRT,144000,82.77,,11918880,BLOCK  $11.0M 2.55% AvgVol,Block,ETF/Fund,ETFs,Miscellaneous,,7,
6/5/2026,2:11:03 PM,SMCI,124200,42.19,,5239998,DARK BLOCK  $5.2M 0.29% AvgVol,Block,Common Equity,Computer Hardware & Equipment,IT Hardware,,601,20260804
6/5/2026,2:11:01 PM,TLT,530673,85.06,,45139045.38,DARK BLOCK  $45.0M 2.09% AvgVol,Block,ETF/Fund,ETFs,Miscellaneous,,505,
6/5/2026,2:10:55 PM,JPST,100000,50.41,,5041000,DARK BLOCK  $5.0M 1.56% AvgVol,Block,ETF/Fund,,,,758,
6/5/2026,2:10:23 PM,AGG,301685,98.23,,29634517.55,DARK ISO AA $29.0M 3.73% AvgVol,Block,ETF/Fund,ETFs,Miscellaneous,,1378,
6/5/2026,2:10:09 PM,EMXC,250309,94.99,,23776851.91,DARK BLOCK  $23.0M 10.3% AvgVol,Block,ETF/Fund,,,,244,
6/5/2026,2:09:59 PM,SPY,125724,757.02,,95175582.48,DARK BLOCK  SP25 $95.0M 0.27% AvgVol,Block,ETF/Fund,ETFs,Miscellaneous,,1034,
6/5/2026,2:09:57 PM,XLF,240000,52.15,,12516000,BLOCK  $12.0M 0.7% AvgVol,Block,ETF/Fund,ETFs,Miscellaneous,,964,
6/5/2026,2:09:29 PM,EVRG,112000,83.41,,9341920,DARK BLOCK  $9.3M 5.44% AvgVol,Block,Equity,Electric Utilities,Electric Utilities,,230,20260806
6/5/2026,2:09:18 PM,SMH,118750,583.75,,69320312.5,DARK BLOCK  $69.0M 1.2% AvgVol,Block,ETF/Fund,ETFs,Miscellaneous,,112,
6/5/2026,2:08:58 PM,ALM,355800,16.76,,5963208.000000001,DARK BLOCK  $5.9M 8.44% AvgVol,Block,Common Equity,Metal Products,Metals & Mining,,283,20260813
6/5/2026,2:08:38 PM,SPHY,500000,23.28,,11640000,DARK BLOCK  $11.0M 10.9% AvgVol,Block,ETF/Fund,ETFs,Miscellaneous,,471,
6/5/2026,2:08:36 PM,IBIT,550000,34.42,,18931000,BLOCK  $18.0M 1.38% AvgVol,Block,ETF/Fund,Holding and other Investment Offices,Miscellaneous,,1401,
6/5/2026,2:08:14 PM,VZ,400000,45.66,,18264000,BLOCK  $18.0M 1.82% AvgVol,Block,Equity,Services,Communications,,4174,20260720
6/5/2026,2:08:09 PM,EQX,412049,10.95,,4511936.55,DARK BLOCK  $4.5M 4.08% AvgVol,Block,Equity,Precious Metals,Metals & Mining,,789,20260812
6/5/2026,2:07:43 PM,NVDA,148100,207.19,,30684839,BLOCK  $30.0M 0.09% AvgVol,Block,Equity,Semiconductors,IT Hardware,,23246,20260826
6/5/2026,2:07:19 PM,QQQ,165000,714.52,,117895800,BLOCK  $117.0M 0.43% AvgVol,Block,ETF/Fund,ETFs,Miscellaneous,,664,
6/5/2026,2:07:16 PM,UMAC,,26.35,,,"Roulette Bullish Flow CALL@$1.152 Strike 26.0 Exp Jun 5, 2026",Options,,,,,,
6/5/2026,2:07:08 PM,BE,,260.91,,,Alpha Gold Alert,AlphaGold,,,,,,
6/5/2026,2:07:04 PM,BE,,260.91,,,"Large Bullish Flow CALL@$59.85 Strike 270.0 Exp Sep 18, 2026",Options,,,,,,
6/5/2026,2:06:52 PM,BKCH,439398,77.02,,33842433.96,DARK ISO AA $33.0M 431.26% AvgVol,Block,ETF/Fund,ETFs,Miscellaneous,,4,
6/5/2026,2:06:52 PM,BKCH,,77.02,,,Unusual Dark Pool Activity,DarkPool,ETF/Fund,ETFs,Miscellaneous,,4,
6/5/2026,2:06:08 PM,ALM,355800,16.77,,5966766,Cancelled DARK BLOCK  $5.9M 8.44% AvgVol,Block,Common Equity,Metal Products,Metals & Mining,,283,20260813
6/5/2026,2:05:42 PM,SPY,125724,757.02,,95175582.48,DARK BLOCK  SP24 $95.0M 0.27% AvgVol,Block,ETF/Fund,ETFs,Miscellaneous,,1034,
6/5/2026,2:05:16 PM,SMCI,159400,41.84,,6669296.000000001,DARK BLOCK  $6.6M 0.38% AvgVol,Block,Common Equity,Computer Hardware & Equipment,IT Hardware,,601,20260804
6/5/2026,2:04:43 PM,IAU,413728,81.5,,33718832,DARK ISO BB $33.0M 7.8% AvgVol,Block,ETF/Fund,,,,825,
6/5/2026,2:04:31 PM,IYM,428792,182.41,,78215948.72,DARK ISO BB $78.0M 264.2% AvgVol,Block,ETF/Fund,ETFs,Miscellaneous,,7,
6/5/2026,2:04:31 PM,IYM,,182.41,,,Unusual Dark Pool Activity,DarkPool,ETF/Fund,ETFs,Miscellaneous,,7,
6/5/2026,2:04:25 PM,WBD,233564,26.27,,6135726.28,DARK ISO AA $6.1M 1.34% AvgVol,Block,Common Equity,Entertainment,Media,,2507,20260806
6/5/2026,2:04:17 PM,SPY,125724,757.02,,95175582.48,DARK BLOCK  SP23 $95.0M 0.27% AvgVol,Block,ETF/Fund,ETFs,Miscellaneous,,1034,
6/5/2026,2:04:10 PM,EEM,300000,65.5,,19650000,DARK BLOCK  $19.0M 1.1% AvgVol,Block,ETF/Fund,ETFs,Miscellaneous,,442,
6/5/2026,2:03:48 PM,VZ,400000,45.46,,18184000,Cancelled DARK BLOCK  $18.0M 1.82% AvgVol,Block,Equity,Services,Communications,,4174,20260720
6/5/2026,2:03:46 PM,PENG,166000,60.9,,10109400,BLOCK  $10.0M 4.98% AvgVol,Block,Common Equity,Semiconductors,IT Hardware,,50,20260714
6/5/2026,2:03:20 PM,QQQ,102999,740.33,,76253249.67,DARK BLOCK  SP24 $76.0M 0.27% AvgVol,Block,ETF/Fund,ETFs,Miscellaneous,,664,
6/5/2026,2:03:14 PM,QQQ,102999,740.33,,76253249.67,DARK BLOCK  SP23 $76.0M 0.27% AvgVol,Block,ETF/Fund,ETFs,Miscellaneous,,664,
6/5/2026,2:02:31 PM,JAAA,101440,50.56,,5128806.4,DARK BLOCK  $5.1M 1.85% AvgVol,Block,ETF/Fund,,,,539,
6/5/2026,2:02:02 PM,KR,160000,63.27,,10123200,DARK BLOCK  $10.0M 2.78% AvgVol,Block,Equity,Retail - General Merchandise/Department Stores,Retail,,610,20260618
6/5/2026,2:01:21 PM,DBA,295987,26.4,,7814056.8,DARK ISO  $7.8M 18.31% AvgVol,Block,ETF/Fund,ETFs,Miscellaneous,,44,
6/5/2026,2:01:21 PM,DBA,293031,26.4,,7736018.399999999,DARK ISO  $7.7M 18.12% AvgVol,Block,ETF/Fund,ETFs,Miscellaneous,,44,
6/5/2026,2:00:18 PM,SPY,125724,757.02,,95175582.48,DARK BLOCK  SP22 $95.0M 0.27% AvgVol,Block,ETF/Fund,ETFs,Miscellaneous,,1034,
6/5/2026,1:59:16 PM,QQQ,102999,740.33,,76253249.67,DARK BLOCK  SP22 $76.0M 0.27% AvgVol,Block,ETF/Fund,ETFs,Miscellaneous,,664,
6/5/2026,1:59:03 PM,GOOGL,150000,368.06,,55209000,DARK BLOCK  $55.0M 0.49% AvgVol,Block,Equity,Entertainment,Media,,12116,20260722
6/5/2026,1:58:33 PM,EEM,300000,65.5,,19650000,DARK BLOCK  $19.0M 1.1% AvgVol,Block,ETF/Fund,ETFs,Miscellaneous,,442,
6/5/2026,1:58:18 PM,COST,,982.23,,,Alpha Gold Alert,AlphaGold,,,,,,
6/5/2026,1:58:14 PM,COST,,982.23,,,"Large Bullish Flow CALL@$45.9 Strike 980.0 Exp Aug 21, 2026",Options,,,,,,
6/5/2026,1:57:38 PM,SMH,97500,583,,56842500,DARK BLOCK  $56.0M 0.99% AvgVol,Block,ETF/Fund,ETFs,Miscellaneous,,112,
6/5/2026,1:57:35 PM,ORCL,400000,215.63,,86252000,BLOCK  $86.0M 1.66% AvgVol,Block,Equity,Internet & Software,IT Services & Software,,1699,20260610
6/5/2026,1:56:34 PM,HYG,102000,79.55,,8114100,DARK BLOCK  $8.1M 0.28% AvgVol,Block,ETF/Fund,ETFs,Miscellaneous,,198,
6/5/2026,1:56:28 PM,VNET,3500000,8.87,,31044999.999999996,BLOCK  $31.0M 36.59% AvgVol,Block,ADR,Internet & Software,IT Services & Software,,237,20260820
6/5/2026,1:56:27 PM,SCHX,354192,29.32,,10384909.44,DARK BLOCK  $10.0M 2.47% AvgVol,Block,ETF/Fund,,,,2438,
6/5/2026,1:56:20 PM,TQQQ,117345,76.55,,8982759.75,DARK ISO BB $8.9M 0.17% AvgVol,Block,ETF/Fund,ETFs,Miscellaneous,,470,
6/5/2026,1:55:47 PM,QLD,460752,92.3,,42527409.6,DARK ISO BB $42.0M 10.09% AvgVol,Block,ETF/Fund,ETFs,Miscellaneous,,146,
6/5/2026,1:55:24 PM,MUFG,220000,19.98,,4395600,BLOCK  $4.3M 7.32% AvgVol,Block,Equity,Banking,Banking & Savings,,11867,20260803
6/5/2026,1:55:21 PM,PPTA,1400000,22.55,,31570000,BLOCK  $31.0M 94.43% AvgVol,Block,Common Equity,Precious Metals,Metals & Mining,,124,20260812
6/5/2026,1:55:20 PM,BKNG,100000,166.01,,16601000,BLOCK  $16.0M 1.29% AvgVol,Block,ADR,"""Hotels, Restaurants & Travel""",Consumer Services,,774,20260804
6/5/2026,1:54:59 PM,SSO,571133,67.08,,38311601.64,DARK BLOCK  $38.0M 16.94% AvgVol,Block,ETF/Fund,,,,120,
6/5/2026,1:54:22 PM,SPYV,162090,61.06,,9897215.4,DARK ISO  $9.8M 6.22% AvgVol,Block,ETF/Fund,ETFs,Miscellaneous,,576,
6/5/2026,1:53:11 PM,AMD,,475.79,,,"Roulette Bullish Flow CALL@$3.499 Strike 475.0 Exp Jun 5, 2026",Options,,,,,,
6/5/2026,1:53:03 PM,EVRG,146100,83.24,,12161364,DARK BLOCK  $12.0M 7.1% AvgVol,Block,Equity,Electric Utilities,Electric Utilities,,230,20260806
6/5/2026,1:52:50 PM,SPY,125724,757.02,,95175582.48,DARK BLOCK  SP21 $95.0M 0.27% AvgVol,Block,ETF/Fund,ETFs,Miscellaneous,,1034,
6/5/2026,1:52:44 PM,SPY,125724,757.02,,95175582.48,DARK BLOCK  SP20 $95.0M 0.27% AvgVol,Block,ETF/Fund,ETFs,Miscellaneous,,1034,
6/5/2026,1:52:38 PM,SPY,125724,757.02,,95175582.48,DARK BLOCK  SP19 $95.0M 0.27% AvgVol,Block,ETF/Fund,ETFs,Miscellaneous,,1034,
6/5/2026,1:52:29 PM,EEM,250000,65.35,,16337499.999999998,DARK BLOCK  $16.0M 0.91% AvgVol,Block,ETF/Fund,ETFs,Miscellaneous,,442,
6/5/2026,1:51:09 PM,GILD,350000,130.46,,45661000,BLOCK  $45.0M 5.34% AvgVol,Block,Equity,Biotechnology,Pharmaceuticals & Biotechnology,,1237,20260806
6/5/2026,1:49:47 PM,EAGL,303031,33.01,,10003053.309999999,DARK BLOCK  $10.0M 113.24% AvgVol,Block,ETF/Fund,,,,129,
6/5/2026,1:46:57 PM,IBIT,195000,34.44,,6715800,DARK BLOCK  $6.7M 0.49% AvgVol,Block,ETF/Fund,Holding and other Investment Offices,Miscellaneous,,1401,
6/5/2026,1:46:16 PM,ACWI,104440,155.57,,16247730.799999999,DARK ISO AA $16.0M 3.08% AvgVol,Block,ETF/Fund,ETFs,Miscellaneous,,207,
6/5/2026,1:44:56 PM,VZ,400000,45.46,,18184000,Cancelled DARK BLOCK  $18.0M 1.82% AvgVol,Block,Equity,Services,Communications,,4174,20260720
6/5/2026,1:44:46 PM,VZ,400000,45.46,,18184000,DARK BLOCK  $18.0M 1.82% AvgVol,Block,Equity,Services,Communications,,4174,20260720
6/5/2026,1:44:45 PM,ARM,150000,349.01,,52351500,DARK BLOCK  $52.0M 1.17% AvgVol,Block,ADR,Semiconductors,IT Hardware,,1056,20260729
6/5/2026,1:44:43 PM,VZ,400000,45.46,,18184000,DARK BLOCK  $18.0M 1.82% AvgVol,Block,Equity,Services,Communications,,4174,20260720
6/5/2026,1:44:04 PM,AMZN,1500000,253.62,,380430000,BLOCK  $380.0M 3.4% AvgVol,Block,Common Equity,Retail - Specialty,Retail,,9799,20260730
6/5/2026,1:43:30 PM,QQQ,450000,715.32,,321894000,BLOCK  $321.0M 1.17% AvgVol,Block,ETF/Fund,ETFs,Miscellaneous,,664,
6/5/2026,1:43:21 PM,LQD,500000,108.23,,54115000,BLOCK  $54.0M 1.94% AvgVol,Block,ETF/Fund,ETFs,Miscellaneous,,272,
6/5/2026,1:43:11 PM,PBMR,157400,31.89,,5019486,DARK ISO BBDay $5.0M 1619.38% AvgVol,Block,ETF/Fund,,,,1,
6/5/2026,1:43:11 PM,PBMR,,31.89,,,Unusual Dark Pool Activity,DarkPool,ETF/Fund,,,,1,
6/5/2026,1:42:37 PM,ORCL,350000,215.93,,75575500,BLOCK  $75.0M 1.45% AvgVol,Block,Equity,Internet & Software,IT Services & Software,,1699,20260610
6/5/2026,1:42:34 PM,IWM,331500,283.5,,93980250,DARK BLOCK  $93.0M 1.29% AvgVol,Block,ETF/Fund,ETFs,Miscellaneous,,273,
6/5/2026,1:42:24 PM,FCPT,,24.78,,,"Swift Bullish Flow CALL@$0.478 Strike 25.0 Exp Jun 18, 2026",Options,,,,,,
6/5/2026,1:42:17 PM,NFLX,1300000,81.11,,105443000,BLOCK  $105.0M 3.86% AvgVol,Block,Common Equity,Entertainment,Media,,4158,20260716
6/5/2026,1:42:07 PM,MSFT,200000,420.7,,84140000,BLOCK  $84.0M 0.55% AvgVol,Block,Equity,Internet & Software,IT Services & Software,,7426,20260729
6/5/2026,1:41:02 PM,AVGO,300000,396,,118800000,DARK BLOCK  $118.0M 1.37% AvgVol,Block,Equity,Semiconductors,IT Hardware,,4734,20260903
6/5/2026,1:40:41 PM,IBIT,128172,34.5,,4421934,BLOCK  $4.4M 0.32% AvgVol,Block,ETF/Fund,Holding and other Investment Offices,Miscellaneous,,1401,
6/5/2026,1:40:39 PM,JPST,167674,50.42,,8454123.08,DARK BLOCK  $8.4M 2.61% AvgVol,Block,ETF/Fund,,,,758,
6/5/2026,1:40:36 PM,WMT,900000,120.19,,108171000,DARK BLOCK  $108.0M 4.26% AvgVol,Block,Equity,Retail - General Merchandise/Department Stores,Retail,,7963,20260820
6/5/2026,1:40:29 PM,BUFQ,200667,38.88,,7801932.960000001,DARK BLOCK  $7.8M 119.38% AvgVol,Block,ETF/Fund,,,,37,
6/5/2026,1:40:29 PM,BUFQ,,38.88,,,Unusual Dark Pool Activity,DarkPool,ETF/Fund,,,,37,
6/5/2026,1:40:22 PM,SPY,125724,757.02,,95175582.48,DARK BLOCK  SP18 $95.0M 0.27% AvgVol,Block,ETF/Fund,ETFs,Miscellaneous,,1034,
6/5/2026,1:40:15 PM,AMAT,175000,471.99,,82598250,BLOCK  $82.0M 2.35% AvgVol,Block,ADR,Semiconductors,IT Hardware,,791,20260813
6/5/2026,1:40:03 PM,USFR,481852,50.38,,24275703.76,DARK BLOCK  $24.0M 10.62% AvgVol,Block,ETF/Fund,ETFs,Miscellaneous,,338,
6/5/2026,1:40:02 PM,SPYG,213373,118.12,,25203618.76,DARK BLOCK  $25.0M 7.99% AvgVol,Block,ETF/Fund,ETFs,Miscellaneous,,443,
6/5/2026,1:38:49 PM,SPY,125724,757.02,,95175582.48,DARK BLOCK  SP17 $95.0M 0.27% AvgVol,Block,ETF/Fund,ETFs,Miscellaneous,,1034,
6/5/2026,1:38:34 PM,SPY,125724,757.02,,95175582.48,DARK BLOCK  SP16 $95.0M 0.27% AvgVol,Block,ETF/Fund,ETFs,Miscellaneous,,1034,
6/5/2026,1:38:19 PM,WBD,250000,26.4,,6600000,DARK BLOCK  $6.6M 1.43% AvgVol,Block,Common Equity,Entertainment,Media,,2507,20260806
6/5/2026,1:37:23 PM,TSLA,,396.62,,,"Repeater Bullish Flow CALL@$2.7 Strike 395.0 Exp Jun 5, 2026",Options,,,,,,
6/5/2026,1:37:03 PM,SPY,125724,757.02,,95175582.48,DARK BLOCK  SP15 $95.0M 0.27% AvgVol,Block,ETF/Fund,ETFs,Miscellaneous,,1034,
6/5/2026,1:36:54 PM,DYNF,127466,66.57,,8485411.62,DARK BLOCK  $8.4M 5.31% AvgVol,Block,ETF/Fund,,,,543,
6/5/2026,1:36:40 PM,TSLA,,396.35,,,"Steady Bullish Flow CALL@$1.4 Strike 397.5 Exp Jun 5, 2026",Options,,,,,,
6/5/2026,1:36:34 PM,IUSB,140085,45.82,,6418694.7,DARK BLOCK  $6.4M 1.74% AvgVol,Block,ETF/Fund,ETFs,Miscellaneous,,813,
6/5/2026,1:36:05 PM,FLTR,350320,25.52,,8940166.4,DARK ISO  $8.9M 40.61% AvgVol,Block,ETF/Fund,ETFs,Miscellaneous,,107,
6/5/2026,1:35:54 PM,AMZN,330000,252.6,,83358000,DARK BLOCK  $83.0M 0.75% AvgVol,Block,Common Equity,Retail - Specialty,Retail,,9799,20260730
6/5/2026,1:35:48 PM,PURR,,8.43,,,Options Active Alert,Options,,,,,,
6/5/2026,1:35:48 PM,PURR,,8.43,,,"Rapidfire Bullish Flow CALL@$1.0 Strike 23.0 Exp Dec 18, 2026",Options,,,,,,
6/5/2026,1:35:35 PM,VCLT,200000,74.56,,14912000,DARK BLOCK  $14.0M 3.82% AvgVol,Block,ETF/Fund,ETFs,Miscellaneous,,103,
6/5/2026,1:34:57 PM,SPY,125724,757.02,,95175582.48,DARK BLOCK  SP14 $95.0M 0.27% AvgVol,Block,ETF/Fund,ETFs,Miscellaneous,,1034,
6/5/2026,1:34:34 PM,NVDA,,208.02,,,"Repeater Bullish Flow CALL@$1.2 Strike 207.5 Exp Jun 5, 2026",Options,,,,,,
6/5/2026,1:33:37 PM,OLMA,747385,10.05,,7511219.250000001,DARK ISO  $7.5M 66.07% AvgVol,Block,Common Equity,Pharmaceuticals,Pharmaceuticals & Biotechnology,,87,20260810
6/5/2026,1:33:37 PM,OLMA,,10.05,,,Unusual Dark Pool Activity,DarkPool,Common Equity,Pharmaceuticals,Pharmaceuticals & Biotechnology,,87,20260810
6/5/2026,1:33:10 PM,EMLP,328300,43.65,,14330295,DARK ISO AA $14.0M 126.9% AvgVol,Block,ETF/Fund,Holding and other Investment Offices,Miscellaneous,,91,
6/5/2026,1:33:10 PM,EMLP,,43.65,,,Unusual Dark Pool Activity,DarkPool,ETF/Fund,Holding and other Investment Offices,Miscellaneous,,91,
6/5/2026,1:33:05 PM,FDP,,30.39,,,"Steady Bullish Flow CALL@$1.099 Strike 30.0 Exp Jun 18, 2026",Options,,,,,,
6/5/2026,1:33:01 PM,NEE,187500,85.49,,16029374.999999998,DARK BLOCK  $16.0M 1.54% AvgVol,Block,Equity,Electric Utilities,Electric Utilities,,2081,20260722
6/5/2026,1:32:56 PM,PPH,250000,106.5,,26625000,DARK AVGPRC  $26.0M 145.36% AvgVol,Block,ETF/Fund,ETFs,Miscellaneous,,9,
6/5/2026,1:32:56 PM,PPH,,106.5,,,Unusual Dark Pool Activity,DarkPool,ETF/Fund,ETFs,Miscellaneous,,9,
6/5/2026,1:32:53 PM,ASX,120000,34.44,,4132799.9999999995,DARK BLOCK  $4.1M 1.37% AvgVol,Block,Equity,Semiconductors,IT Hardware,,2223,20260730
6/5/2026,1:32:47 PM,AVEM,105883,92.28,,9770883.24,DARK BLOCK  $9.7M 5.22% AvgVol,Block,ETF/Fund,,,,268,
6/5/2026,1:32:36 PM,BOXX,418205,116.95,,48909074.75,DARK BLOCK  $48.0M 19.09% AvgVol,Block,ETF/Fund,,,,103,
6/5/2026,1:32:31 PM,QQQ,103009,740.33,,76260652.97,DARK BLOCK  SP21 $76.0M 0.27% AvgVol,Block,ETF/Fund,ETFs,Miscellaneous,,664,
6/5/2026,1:32:31 PM,QQQ,,740.33,,,Unusual Dark Pool Activity,DarkPool,ETF/Fund,ETFs,Miscellaneous,,664,
6/5/2026,1:32:10 PM,NEE,250000,85.48,,21370000,DARK BLOCK  $21.0M 2.06% AvgVol,Block,Equity,Electric Utilities,Electric Utilities,,2081,20260722
6/5/2026,1:31:50 PM,CSCO,114827,123.22,,14148982.94,DARK BLOCK  $14.0M 0.45% AvgVol,Block,Equity,Manufacturing,Communications,,3941,20260812
6/5/2026,1:31:07 PM,VGSH,188547,58.05,,10945153.35,DARK BLOCK  $10.0M 5.23% AvgVol,Block,ETF/Fund,ETFs,Miscellaneous,,498,
6/5/2026,1:31:01 PM,SPHY,500000,23.29,,11645000,DARK BLOCK  $11.0M 10.9% AvgVol,Block,ETF/Fund,ETFs,Miscellaneous,,471,
6/5/2026,1:31:00 PM,SGOV,109069,100.45,,10955981.05,DARK BLOCK  $10.0M 0.55% AvgVol,Block,ETF/Fund,,,,911,
6/5/2026,1:30:55 PM,HYG,108000,79.52,,8588160,DARK BLOCK  $8.5M 0.3% AvgVol,Block,ETF/Fund,ETFs,Miscellaneous,,198,
6/5/2026,1:30:16 PM,POET,,12.74,,,"Repeater Bullish Flow CALL@$0.35 Strike 15.5 Exp Jun 12, 2026",Options,,,,,,
6/5/2026,1:29:29 PM,CSCO,500000,123.29,,61645000,BLOCK  $61.0M 1.95% AvgVol,Block,Equity,Manufacturing,Communications,,3941,20260812
6/5/2026,1:28:52 PM,ORLY,200000,90.05,,18010000,DARK BLOCK  $18.0M 3.23% AvgVol,Block,Common Equity,Retail - Automotive,Retail,,822,20260722
6/5/2026,1:27:35 PM,BUFR,200460,36.29,,7274693.399999999,DARK BLOCK  $7.2M 16.67% AvgVol,Block,ETF/Fund,,,,263,
6/5/2026,1:27:35 PM,BUFR,,36.29,,,Unusual Dark Pool Activity,DarkPool,ETF/Fund,,,,263,
6/5/2026,1:27:30 PM,EEM,2000000,65.5,,131000000,DARK BLOCK  $131.0M 7.31% AvgVol,Block,ETF/Fund,ETFs,Miscellaneous,,442,
6/5/2026,1:27:30 PM,EEM,,65.5,,,Unusual Dark Pool Activity,DarkPool,ETF/Fund,ETFs,Miscellaneous,,442,
6/5/2026,1:27:15 PM,PYPL,795666,41.39,,32932615.740000002,BLOCK  $32.0M 5.44% AvgVol,Block,Equity,Business Services,Financials,,876,20260804
6/5/2026,1:26:56 PM,FTSM,138699,59.79,,8292813.21,DARK BLOCK  $8.2M 18.04% AvgVol,Block,ETF/Fund,,,,107,
6/5/2026,1:26:56 PM,FTSM,,59.79,,,Unusual Dark Pool Activity,DarkPool,ETF/Fund,,,,107,
6/5/2026,1:26:17 PM,FE,272200,46.4,,12630080,DARK BLOCK  $12.0M 4.73% AvgVol,Block,Equity,Electric Utilities,Electric Utilities,,577,20260729
6/5/2026,1:26:07 PM,ET,325000,19.52,,6344000,DARK BLOCK  $6.3M 2.35% AvgVol,Block,Equity,Equipment & Services,Oil & Gas,,3328,20260805
6/5/2026,1:25:11 PM,AAPL,,311.31,,,"Repeater Bullish Flow CALL@$1.649 Strike 310.0 Exp Jun 5, 2026",Options,,,,,,
6/5/2026,1:24:55 PM,KMB,112101,98.13,,11000471.129999999,DARK BLOCK  $10.0M 2.43% AvgVol,Block,Equity,Household & Personal Products,Household & Personal Products,,329,20260807
6/5/2026,1:24:55 PM,KMB,,98.13,,,Unusual Dark Pool Activity,DarkPool,Equity,Household & Personal Products,Household & Personal Products,,329,20260807
6/5/2026,1:24:52 PM,QQQ,450000,713.66,,321147000,DARK BLOCK  $321.0M 1.17% AvgVol,Block,ETF/Fund,ETFs,Miscellaneous,,664,
6/5/2026,1:24:51 PM,QQQ,103009,740.33,,76260652.97,DARK BLOCK  SP20 $76.0M 0.27% AvgVol,Block,ETF/Fund,ETFs,Miscellaneous,,664,
6/5/2026,1:24:45 PM,BNDX,113434,48.04,,5449369.36,DARK BLOCK  $5.4M 2.08% AvgVol,Block,ETF/Fund,ETFs,Miscellaneous,,1640,
6/5/2026,1:24:24 PM,ARM,500000,349.01,,174505000,BLOCK  $174.0M 3.91% AvgVol,Block,ADR,Semiconductors,IT Hardware,,1056,20260729
6/5/2026,1:22:41 PM,COPX,100000,82.48,,8248000,DARK BLOCK  $8.2M 2.4% AvgVol,Block,ETF/Fund,ETFs,Miscellaneous,,90,
6/5/2026,1:22:22 PM,JSCP,554252,46.89,,25988876.28,DARK BLOCK  $25.0M 299.36% AvgVol,Block,ETF/Fund,,,,31,
6/5/2026,1:22:22 PM,JSCP,,46.89,,,Unusual Dark Pool Activity,DarkPool,ETF/Fund,,,,31,
6/5/2026,1:22:08 PM,SPY,125724,757.02,,95175582.48,DARK BLOCK  SP13 $95.0M 0.27% AvgVol,Block,ETF/Fund,ETFs,Miscellaneous,,1034,
6/5/2026,1:22:08 PM,SPY,125724,757.02,,95175582.48,DARK BLOCK  SP12 $95.0M 0.27% AvgVol,Block,ETF/Fund,ETFs,Miscellaneous,,1034,
6/5/2026,1:21:53 PM,VEA,100470,69.76,,7008787.2,DARK ISO AA $7.0M 0.92% AvgVol,Block,ETF/Fund,ETFs,Miscellaneous,,3214,
6/5/2026,1:21:49 PM,QQQ,180000,715.41,,128773800,Cancelled DARK BLOCK  $128.0M 0.47% AvgVol,Block,ETF/Fund,ETFs,Miscellaneous,,664,
6/5/2026,1:20:22 PM,META,270000,608,,164160000,BLOCK  $164.0M 1.62% AvgVol,Block,Equity,Entertainment,Media,,2185,20260729
6/5/2026,1:20:16 PM,RISR,197068,36.34,,7161451.120000001,DARK BLOCK  $7.1M 248.4% AvgVol,Block,ETF/Fund,ETFs,Miscellaneous,,6,
6/5/2026,1:19:59 PM,BAC,186000,53.53,,9956580,BLOCK  $9.9M 0.53% AvgVol,Block,Equity,Banking,Banking & Savings,,7077,20260714
6/5/2026,1:18:50 PM,IAGG,214061,50.19,,10743721.59,DARK ISO AA $10.0M 6.92% AvgVol,Block,ETF/Fund,,,,267,
6/5/2026,1:18:20 PM,SPY,125724,757.02,,95175582.48,DARK BLOCK  SP11 $95.0M 0.27% AvgVol,Block,ETF/Fund,ETFs,Miscellaneous,,1034,
6/5/2026,1:18:20 PM,SPY,125724,757.02,,95175582.48,DARK BLOCK  SP10 $95.0M 0.27% AvgVol,Block,ETF/Fund,ETFs,Miscellaneous,,1034,
6/5/2026,1:17:57 PM,HYG,161500,79.6,,12855400,DARK BLOCK  $12.0M 0.44% AvgVol,Block,ETF/Fund,ETFs,Miscellaneous,,198,
6/5/2026,1:17:49 PM,TOTL,128796,39.11,,5037211.56,DARK ISO BB $5.0M 33.35% AvgVol,Block,ETF/Fund,,,,105,
6/5/2026,1:17:49 PM,TOTL,,39.11,,,Unusual Dark Pool Activity,DarkPool,ETF/Fund,,,,105,
6/5/2026,1:17:24 PM,LALT,540913,24.58,,13295641.54,DARK BLOCK  $13.0M 988.68% AvgVol,Block,ETF/Fund,,,,2,
6/5/2026,1:17:24 PM,LALT,,24.58,,,Unusual Dark Pool Activity,DarkPool,ETF/Fund,,,,2,
6/5/2026,1:16:54 PM,IUSB,178509,45.87,,8188207.829999999,DARK ISO AA $8.1M 2.22% AvgVol,Block,ETF/Fund,ETFs,Miscellaneous,,813,
6/5/2026,1:16:53 PM,AMD,200000,473.49,,94698000,DARK BLOCK  $94.0M 0.49% AvgVol,Block,Common Equity,Semiconductors,IT Hardware,,1622,20260804
6/5/2026,1:14:59 PM,ALM,355800,16.77,,5966766,DARK BLOCK  $5.9M 8.44% AvgVol,Block,Common Equity,Metal Products,Metals & Mining,,283,20260813
6/5/2026,1:14:44 PM,NOVTU,100000,66.15,,6615000.000000001,DARK BLOCK  $6.6M 120.82% AvgVol,Block,Equity,Electronic Instruments & Related Products,IT Hardware,,,
6/5/2026,1:14:43 PM,QQQ,250000,714.92,,178730000,BLOCK  $178.0M 0.65% AvgVol,Block,ETF/Fund,ETFs,Miscellaneous,,664,
6/5/2026,1:14:19 PM,NOVTU,100000,66.15,,6615000.000000001,DARK BLOCK  $6.6M 120.82% AvgVol,Block,Equity,Electronic Instruments & Related Products,IT Hardware,,,
6/5/2026,1:14:10 PM,NOVTU,200000,66.15,,13230000.000000002,DARK BLOCK  $13.0M 241.64% AvgVol,Block,Equity,Electronic Instruments & Related Products,IT Hardware,,,
6/5/2026,1:14:02 PM,SPY,290000,743.5,,215615000,BLOCK  $215.0M 0.62% AvgVol,Block,ETF/Fund,ETFs,Miscellaneous,,1034,
6/5/2026,1:13:53 PM,NOVT,175000,156.06,,27310500,DARK BLOCK  $27.0M 35.56% AvgVol,Block,Common Equity,Electronic Instruments & Related Products,IT Hardware,,35,20260804
6/5/2026,1:13:53 PM,NOVT,,156.06,,,Unusual Dark Pool Activity,DarkPool,Common Equity,Electronic Instruments & Related Products,IT Hardware,,35,20260804
6/5/2026,1:13:53 PM,NOVTU,500000,66.09,,33045000,DARK BLOCK  $33.0M 604.11% AvgVol,Block,Equity,Electronic Instruments & Related Products,IT Hardware,,,
6/5/2026,1:13:53 PM,NOVTU,,66.09,,,Unusual Dark Pool Activity,DarkPool,Equity,Electronic Instruments & Related Products,IT Hardware,,,
6/5/2026,1:13:18 PM,LQD,320000,108.32,,34662400,DARK BLOCK  $34.0M 1.24% AvgVol,Block,ETF/Fund,ETFs,Miscellaneous,,272,
6/5/2026,1:12:16 PM,BSV,,77.6,,,Unusual Very Large Block,Block,ETF/Fund,ETFs,Miscellaneous,,570,
6/5/2026,1:12:16 PM,BSV,7974691,77.6,,618836021.5999999,DARK ISO  $618.0M 364.6% AvgVol,Block,ETF/Fund,ETFs,Miscellaneous,,570,
6/5/2026,1:11:56 PM,HECA,346346,27.15,,9403293.9,DARK BLOCK  $9.4M 166.8% AvgVol,Block,ETF/Fund,,,,12,
6/5/2026,1:11:48 PM,BSV,3960780,77.6,,307356528,DARK ISO BB $307.0M 181.09% AvgVol,Block,ETF/Fund,ETFs,Miscellaneous,,570,
6/5/2026,1:11:48 PM,BSV,,77.6,,,Unusual Very Large Block,Block,ETF/Fund,ETFs,Miscellaneous,,570,
6/5/2026,1:11:48 PM,BSV,4220313,77.6,,327496288.79999995,DARK ISO BB $327.0M 192.95% AvgVol,Block,ETF/Fund,ETFs,Miscellaneous,,570,
6/5/2026,1:11:48 PM,BSV,,77.6,,,Unusual Dark Pool Activity,DarkPool,ETF/Fund,ETFs,Miscellaneous,,570,
6/5/2026,1:11:47 PM,KR,225000,63.25,,14231250,DARK ISO BB $14.0M 3.9% AvgVol,Block,Equity,Retail - General Merchandise/Department Stores,Retail,,610,20260618
6/5/2026,1:11:00 PM,EWY,100000,183.93,,18393000,DARK BLOCK  $18.0M 0.58% AvgVol,Block,ETF/Fund,ETFs,Miscellaneous,,118,
6/5/2026,1:10:18 PM,SPY,125724,757.02,,95175582.48,DARK BLOCK  SP9 $95.0M 0.27% AvgVol,Block,ETF/Fund,ETFs,Miscellaneous,,1034,
6/5/2026,1:10:14 PM,EEM,100000,65.4,,6540000.000000001,DARK BLOCK  $6.5M 0.37% AvgVol,Block,ETF/Fund,ETFs,Miscellaneous,,442,
6/5/2026,1:10:02 PM,CSCO,500000,123.58,,61790000,DARK BLOCK  $61.0M 1.95% AvgVol,Block,Equity,Manufacturing,Communications,,3941,20260812
6/5/2026,1:09:53 PM,FTGC,145019,28.28,,4101137.3200000003,DARK ISO AA $4.1M 19.37% AvgVol,Block,ETF/Fund,ETFs,Miscellaneous,,92,
6/5/2026,1:09:53 PM,FTGC,,28.28,,,Unusual Dark Pool Activity,DarkPool,ETF/Fund,ETFs,Miscellaneous,,92,
6/5/2026,1:09:50 PM,XHLF,234844,50.21,,11791517.24,DARK ISO AADay $11.0M 63.48% AvgVol,Block,ETF/Fund,ETFs,Miscellaneous,,38,
6/5/2026,1:09:50 PM,XHLF,,50.21,,,Unusual Dark Pool Activity,DarkPool,ETF/Fund,ETFs,Miscellaneous,,38,
6/5/2026,1:09:46 PM,BHP,125000,83.85,,10481250,DARK AVGPRC  $10.0M 5.14% AvgVol,Block,Equity,Mining,Metals & Mining,,2537,0
6/5/2026,1:08:33 PM,TSLA,,396.19,,,"Repeater Bearish Flow PUT@$0.32 Strike 390.0 Exp Jun 5, 2026",Options,,,,,,
6/5/2026,1:08:17 PM,FMDE,177824,39.47,,7018713.28,DARK BLOCK  $7.0M 23.31% AvgVol,Block,ETF/Fund,,,,175,
6/5/2026,1:08:17 PM,FMDE,,39.47,,,Unusual Dark Pool Activity,DarkPool,ETF/Fund,,,,175,
6/5/2026,1:08:10 PM,CORZ,198000,25.85,,5118300,DARK BLOCK  $5.1M 1.24% AvgVol,Block,Common Equity,Internet & Software,IT Services & Software,,317,20260814
6/5/2026,1:07:54 PM,SPTL,338853,25.9,,8776292.7,DARK BLOCK  $8.7M 5.18% AvgVol,Block,ETF/Fund,ETFs,Miscellaneous,,389,
6/5/2026,1:07:52 PM,MCHP,120000,90.2,,10824000,BLOCK  $10.0M 1.04% AvgVol,Block,Equity,Semiconductors,IT Hardware,,531,20260806
6/5/2026,1:07:33 PM,QQQ,180000,715.41,,128773800,DARK BLOCK  $128.0M 0.47% AvgVol,Block,ETF/Fund,ETFs,Miscellaneous,,664,
6/5/2026,1:07:32 PM,PULS,,49.58,,,Unusual Very Large Block,Block,ETF/Fund,,,,327,
6/5/2026,1:07:32 PM,PULS,12453078,49.58,,617423607.24,DARK BLOCK  $617.0M 561.41% AvgVol,Block,ETF/Fund,,,,327,
6/5/2026,1:07:32 PM,PULS,,49.58,,,Unusual Dark Pool Activity,DarkPool,ETF/Fund,,,,327,
6/5/2026,1:06:56 PM,QQQ,180000,715.41,,128773800,DARK BLOCK  $128.0M 0.47% AvgVol,Block,ETF/Fund,ETFs,Miscellaneous,,664,
6/5/2026,1:06:32 PM,SPAB,1942462,25.34,,49221987.08,DARK BLOCK  $49.0M 64.62% AvgVol,Block,ETF/Fund,ETFs,Miscellaneous,,379,
6/5/2026,1:06:32 PM,SPYM,385892,87.52,,33773267.839999996,DARK BLOCK  $33.0M 4.49% AvgVol,Block,ETF/Fund,ETFs,Miscellaneous,,1651,
6/5/2026,1:06:31 PM,SPDW,435267,49.75,,21654533.25,DARK ISO BB $21.0M 12.95% AvgVol,Block,ETF/Fund,ETFs,Miscellaneous,,797,
6/5/2026,1:06:31 PM,XLP,126083,83.68,,10550625.440000001,DARK ISO BB $10.0M 1.06% AvgVol,Block,ETF/Fund,ETFs,Miscellaneous,,178,
6/5/2026,1:06:31 PM,SPLB,640548,22.22,,14232976.559999999,DARK BLOCK  $14.0M 21.96% AvgVol,Block,ETF/Fund,ETFs,Miscellaneous,,56,
6/5/2026,1:06:31 PM,SPTL,1624135,25.91,,42081337.85,DARK ISO  $42.0M 24.85% AvgVol,Block,ETF/Fund,ETFs,Miscellaneous,,389,
6/5/2026,1:06:28 PM,ZROZ,100000,62.94,,6294000,DARK BLOCK  $6.2M 19.74% AvgVol,Block,ETF/Fund,,,,22,
6/5/2026,1:05:58 PM,STX,130000,862.84,,112169200,BLOCK  $112.0M 3.04% AvgVol,Block,Equity,Peripherals,IT Hardware,,224,20260804
6/5/2026,1:05:47 PM,SCHD,154130,32.44,,4999977.199999999,DARK BLOCK  $4.9M 0.79% AvgVol,Block,ETF/Fund,,,,2917,
6/5/2026,1:05:11 PM,PXH,448683,28.49,,12782978.67,DARK BLOCK  $12.0M 204.75% AvgVol,Block,ETF/Fund,ETFs,Miscellaneous,,68,
6/5/2026,1:05:11 PM,PXH,,28.49,,,Unusual Dark Pool Activity,DarkPool,ETF/Fund,ETFs,Miscellaneous,,68,
6/5/2026,1:04:39 PM,SPY,125724,757.02,,95175582.48,DARK BLOCK  SP8 $95.0M 0.27% AvgVol,Block,ETF/Fund,ETFs,Miscellaneous,,1034,
6/5/2026,1:04:24 PM,PXF,201618,75.86,,15294741.48,DARK ISO  $15.0M 234.68% AvgVol,Block,ETF/Fund,ETFs,Miscellaneous,,37,
6/5/2026,1:04:24 PM,PXF,,75.86,,,Unusual Dark Pool Activity,DarkPool,ETF/Fund,ETFs,Miscellaneous,,37,
6/5/2026,1:04:23 PM,QQQ,103009,740.33,,76260652.97,DARK BLOCK  SP19 $76.0M 0.27% AvgVol,Block,ETF/Fund,ETFs,Miscellaneous,,664,
6/5/2026,1:04:06 PM,GILD,165000,130.85,,21590250,BLOCK  $21.0M 2.52% AvgVol,Block,Equity,Biotechnology,Pharmaceuticals & Biotechnology,,1237,20260806
6/5/2026,1:03:32 PM,TSLA,,396.62,,,"Repeater Bearish Flow PUT@$0.563 Strike 392.5 Exp Jun 5, 2026",Options,,,,,,
6/5/2026,1:02:57 PM,EEM,175000,65.46,,11455499.999999998,BLOCK  $11.0M 0.64% AvgVol,Block,ETF/Fund,ETFs,Miscellaneous,,442,
6/5/2026,1:02:28 PM,QQQ,103009,740.33,,76260652.97,DARK BLOCK  SP18 $76.0M 0.27% AvgVol,Block,ETF/Fund,ETFs,Miscellaneous,,664,
6/5/2026,1:02:15 PM,AMZN,229900,253.2,,58210680,BLOCK  $58.0M 0.52% AvgVol,Block,Common Equity,Retail - Specialty,Retail,,9799,20260730
6/5/2026,1:02:03 PM,CRWV,530000,99.75,,52867500,BLOCK  $52.0M 1.8% AvgVol,Block,Common Equity,Internet & Software,IT Services & Software,,447,20260811
6/5/2026,1:01:22 PM,SPY,125724,757.02,,95175582.48,DARK BLOCK  SP7 $95.0M 0.27% AvgVol,Block,ETF/Fund,ETFs,Miscellaneous,,1034,
6/5/2026,1:00:46 PM,AAPL,650000,310.7,,201955000,BLOCK  $201.0M 1.35% AvgVol,Block,Equity,Computer Hardware & Equipment,IT Hardware,,14678,20260730
6/5/2026,1:00:16 PM,TECS,729733,7.39,,5392726.87,DARK BLOCK  $5.3M 11.67% AvgVol,Block,ETF/Fund,ETFs,Miscellaneous,,9,
6/5/2026,1:00:16 PM,TECS,,7.39,,,Unusual Dark Pool Activity,DarkPool,ETF/Fund,ETFs,Miscellaneous,,9,
6/5/2026,12:59:20 PM,PYPL,118100,41.55,,4907055,DARK BLOCK  $4.9M 0.81% AvgVol,Block,Equity,Business Services,Financials,,876,20260804
6/5/2026,12:59:11 PM,BTDR,750000,17.37,,13027500,BLOCK  $13.0M 8.33% AvgVol,Block,Common Equity,Miscellaneous,Information Technology,,235,20260817
6/5/2026,12:59:09 PM,OXY,199100,57.1,,11368610,DARK ISO BB $11.0M 1.69% AvgVol,Block,ADR,Production & Extraction,Oil & Gas,,989,20260805
6/5/2026,12:58:27 PM,EEM,2000000,65.55,,131100000,DARK BLOCK  $131.0M 7.31% AvgVol,Block,ETF/Fund,ETFs,Miscellaneous,,442,
6/5/2026,12:57:47 PM,PYPL,177500,41.5,,7366250,DARK BLOCK  $7.3M 1.21% AvgVol,Block,Equity,Business Services,Financials,,876,20260804
6/5/2026,12:57:32 PM,EFA,182000,102.85,,18718700,BLOCK  $18.0M 1.33% AvgVol,Block,ETF/Fund,ETFs,Miscellaneous,,738,
6/5/2026,12:57:11 PM,INTC,127400,102.73,,13087802,DARK BLOCK  $13.0M 0.09% AvgVol,Block,Common Equity,Semiconductors,IT Hardware,,5023,20260723
6/5/2026,12:57:10 PM,PYPL,100000,41.52,,4152000.0000000005,DARK BLOCK  $4.1M 0.68% AvgVol,Block,Equity,Business Services,Financials,,876,20260804
6/5/2026,12:56:02 PM,NVDA,,207.82,,,"Repeater Bearish Flow PUT@$1.3 Strike 205.0 Exp Jun 8, 2026",Options,,,,,,
6/5/2026,12:55:28 PM,AAPL,1400000,311.18,,435652000,BLOCK  $435.0M 2.91% AvgVol,Block,Equity,Computer Hardware & Equipment,IT Hardware,,14678,20260730
6/5/2026,12:55:24 PM,QQQ,103009,740.33,,76260652.97,DARK BLOCK  SP17 $76.0M 0.27% AvgVol,Block,ETF/Fund,ETFs,Miscellaneous,,664,
6/5/2026,12:55:18 PM,GS,140000,1050.68,,147095200,DARK BLOCK  $147.0M 7.19% AvgVol,Block,Equity,Finance Intermediaries & Services,Investments & Brokers,,293,20260714
6/5/2026,12:54:21 PM,EWY,144900,183.28,,26557272,DARK ISO AA $26.0M 0.85% AvgVol,Block,ETF/Fund,ETFs,Miscellaneous,,118,
6/5/2026,12:54:07 PM,CIBR,192650,87.46,,16849169,DARK ISO BB $16.0M 11.92% AvgVol,Block,ETF/Fund,,,,153,
6/5/2026,12:53:56 PM,GDX,643867,80.17,,51618817.39,DARK ISO BB $51.0M 3.16% AvgVol,Block,ETF/Fund,ETFs,Miscellaneous,,304,
6/5/2026,12:53:48 PM,CTSH,1000000,53.28,,53280000,BLOCK  $53.0M 11.79% AvgVol,Block,Equity,IT Services,IT Services & Software,,471,20260729
6/5/2026,12:53:03 PM,IONQ,106171,60.5,,6423345.5,DARK BLOCK  $6.4M 0.33% AvgVol,Block,Common Equity,Holding and other Investment Offices,Information Technology,,373,20260805
6/5/2026,12:52:48 PM,BIL,187187,91.44,,17116379.28,DARK BLOCK  $17.0M 1.96% AvgVol,Block,ETF/Fund,ETFs,Miscellaneous,,501,
6/5/2026,12:52:38 PM,QQQ,103009,740.33,,76260652.97,DARK BLOCK  SP16 $76.0M 0.27% AvgVol,Block,ETF/Fund,ETFs,Miscellaneous,,664,
6/5/2026,12:51:20 PM,QQQ,103020,740.33,,76268796.60000001,DARK BLOCK  SP15 $76.0M 0.27% AvgVol,Block,ETF/Fund,ETFs,Miscellaneous,,664,
6/5/2026,12:50:35 PM,RLAY,356364,13,,4632732,DARK BLOCK  $4.6M 8.34% AvgVol,Block,Common Equity,Biotechnology,Pharmaceuticals & Biotechnology,,191,20260806
6/5/2026,12:50:35 PM,RLAY,,13,,,Unusual Dark Pool Activity,DarkPool,Common Equity,Biotechnology,Pharmaceuticals & Biotechnology,,191,20260806
6/5/2026,12:50:32 PM,PHVS,269108,31.5,,8476902,DARK BLOCK  $8.4M 69.11% AvgVol,Block,Common Equity,Pharmaceuticals,Pharmaceuticals & Biotechnology,,65,20260811
6/5/2026,12:50:32 PM,PHVS,,31.5,,,Unusual Dark Pool Activity,DarkPool,Common Equity,Pharmaceuticals,Pharmaceuticals & Biotechnology,,65,20260811
6/5/2026,12:50:20 PM,QQQ,164831,740.33,,122029334.23,DARK BLOCK  SP14 $122.0M 0.43% AvgVol,Block,ETF/Fund,ETFs,Miscellaneous,,664,
6/5/2026,12:50:02 PM,SPY,125724,757.02,,95175582.48,DARK BLOCK  SP6 $95.0M 0.27% AvgVol,Block,ETF/Fund,ETFs,Miscellaneous,,1034,
6/5/2026,12:49:43 PM,XLP,100066,83.79,,8384530.140000001,DARK BLOCK  $8.3M 0.84% AvgVol,Block,ETF/Fund,ETFs,Miscellaneous,,178,
6/5/2026,12:49:37 PM,VGUS,112651,75.5,,8505150.5,DARK BLOCK  $8.5M 74.43% AvgVol,Block,ETF/Fund,,,,12,
6/5/2026,12:49:37 PM,VGUS,,75.5,,,Unusual Dark Pool Activity,DarkPool,ETF/Fund,,,,12,
6/5/2026,12:49:01 PM,IBIT,464514,34.57,,16058248.98,BLOCK  $16.0M 1.17% AvgVol,Block,ETF/Fund,Holding and other Investment Offices,Miscellaneous,,1401,
6/5/2026,12:48:48 PM,FBTC,154353,53.04,,8186883.12,BLOCK  $8.1M 4.32% AvgVol,Block,Fund,,,,213,
6/5/2026,12:48:02 PM,MU,,889.98,,,"Roulette Bullish Flow CALL@$13.797 Strike 885.0 Exp Jun 5, 2026",Options,,,,,,
6/5/2026,12:47:44 PM,AVSE,126874,77.45,,9826391.3,DARK BLOCK  $9.8M 1539.81% AvgVol,Block,ETF/Fund,,,,2,
6/5/2026,12:47:44 PM,AVSE,,77.45,,,Unusual Dark Pool Activity,DarkPool,ETF/Fund,,,,2,
6/5/2026,12:46:15 PM,EEM,290000,65.38,,18960200,BLOCK  $18.0M 1.06% AvgVol,Block,ETF/Fund,ETFs,Miscellaneous,,442,
6/5/2026,12:46:12 PM,HYG,379500,79.5,,30170250,BLOCK  $30.0M 1.04% AvgVol,Block,ETF/Fund,ETFs,Miscellaneous,,198,
6/5/2026,12:44:51 PM,KOD,155685,31,,4826235,DARK BLOCK  $4.8M 25.32% AvgVol,Block,Common Equity,Pharmaceuticals,Pharmaceuticals & Biotechnology,,62,20260812
6/5/2026,12:44:51 PM,KOD,,31,,,Unusual Dark Pool Activity,DarkPool,Common Equity,Pharmaceuticals,Pharmaceuticals & Biotechnology,,62,20260812
6/5/2026,12:44:41 PM,IWM,384000,283.75,,108960000,DARK BLOCK  $108.0M 1.49% AvgVol,Block,ETF/Fund,ETFs,Miscellaneous,,273,
6/5/2026,12:44:30 PM,MU,,895.84,,,"Repeater Bearish Flow PUT@$20.398 Strike 800.0 Exp Jun 12, 2026",Options,,,,,,
6/5/2026,12:43:56 PM,EMLC,300000,25.18,,7554000,DARK BLOCK  $7.5M 10.52% AvgVol,Block,ETF/Fund,ETFs,Miscellaneous,,190,
6/5/2026,12:42:52 PM,IBM,150000,284,,42600000,BLOCK  $42.0M 1.42% AvgVol,Block,Equity,IT Services,IT Services & Software,,937,20260722
6/5/2026,12:42:43 PM,TSLA,,397.45,,,"Repeater Bearish Flow PUT@$0.97 Strike 395.0 Exp Jun 5, 2026",Options,,,,,,
6/5/2026,12:42:43 PM,HYG,110900,79.49,,8815441,DARK BLOCK  $8.8M 0.3% AvgVol,Block,ETF/Fund,ETFs,Miscellaneous,,198,
6/5/2026,12:42:32 PM,FCPT,194268,24.5,,4759566,DARK BLOCK  $4.7M 26.63% AvgVol,Block,Equity,REITs,Real Estate,,108,20260804
6/5/2026,12:42:32 PM,FCPT,,24.5,,,Unusual Dark Pool Activity,DarkPool,Equity,REITs,Real Estate,,108,20260804
6/5/2026,12:41:48 PM,NOBL,157784,54.59,,8613428.56,DARK BLOCK  $8.6M 17.84% AvgVol,Block,ETF/Fund,,,,206,
6/5/2026,12:41:35 PM,EMXC,115005,95.3,,10959976.5,DARK BLOCK  $10.0M 4.73% AvgVol,Block,ETF/Fund,,,,244,
6/5/2026,12:40:13 PM,MCHI,108600,54.4,,5907840,DARK ISO  $5.9M 3.86% AvgVol,Block,ETF/Fund,ETFs,Miscellaneous,,115,
6/5/2026,12:40:11 PM,RING,340759,69.54,,23696380.860000003,DARK ISO BB $23.0M 92.51% AvgVol,Block,ETF/Fund,ETFs,Miscellaneous,,35,
6/5/2026,12:40:11 PM,RING,,69.54,,,Unusual Dark Pool Activity,DarkPool,ETF/Fund,ETFs,Miscellaneous,,35,
6/5/2026,12:40:07 PM,FLTR,249703,25.51,,6369923.53,DARK BLOCK  $6.3M 28.95% AvgVol,Block,ETF/Fund,ETFs,Miscellaneous,,107,
6/5/2026,12:40:07 PM,FLTR,,25.51,,,Unusual Dark Pool Activity,DarkPool,ETF/Fund,ETFs,Miscellaneous,,107,
6/5/2026,12:39:55 PM,SCI,229349,70.5,,16169104.5,DARK ISO BB $16.0M 16.2% AvgVol,Block,Equity,Miscellaneous Consumer Services,Consumer Services,,133,20260729
6/5/2026,12:39:49 PM,SPY,125724,757.02,,95175582.48,DARK BLOCK  SP5 $95.0M 0.27% AvgVol,Block,ETF/Fund,ETFs,Miscellaneous,,1034,
6/5/2026,12:39:10 PM,ZJUN,171000,27.34,,4675140,DARK BLOCK  $4.6M 173.99% AvgVol,Block,ETF/Fund,,,,1,
6/5/2026,12:39:10 PM,ZJUN,,27.34,,,Unusual Dark Pool Activity,DarkPool,ETF/Fund,,,,1,
6/5/2026,12:39:00 PM,ZOCT,170000,27.51,,4676700,DARK BLOCK  $4.6M 1743.05% AvgVol,Block,Equity,,,,4,
6/5/2026,12:39:00 PM,ZOCT,,27.51,,,Unusual Dark Pool Activity,DarkPool,Equity,,,,4,
6/5/2026,12:38:59 PM,NVDA,,207.92,,,"Repeater Bearish Flow PUT@$11.8 Strike 200.0 Exp Aug 21, 2026",Options,,,,,,
6/5/2026,12:38:42 PM,VST,278000,149.35,,41519300,BLOCK  $41.0M 5.27% AvgVol,Block,Equity,Electric Utilities,Electric Utilities,,337,20260806
6/5/2026,12:38:23 PM,AAPL,,311.13,,,"Repeater Bearish Flow PUT@$0.537 Strike 310.0 Exp Jun 5, 2026",Options,,,,,,
6/5/2026,12:38:08 PM,SPY,125724,757.02,,95175582.48,DARK BLOCK  SP4 $95.0M 0.27% AvgVol,Block,ETF/Fund,ETFs,Miscellaneous,,1034,
6/5/2026,12:38:05 PM,SMIZ,112267,42.31,,4750016.7700000005,DARK BLOCK  $4.7M 592.33% AvgVol,Block,ETF/Fund,,,,6,
6/5/2026,12:38:05 PM,SMIZ,,42.31,,,Unusual Dark Pool Activity,DarkPool,ETF/Fund,,,,6,
6/5/2026,12:37:54 PM,PLTR,200000,136.89,,27377999.999999996,DARK BLOCK  $27.0M 0.46% AvgVol,Block,Common Equity,IT Services,IT Services & Software,,2397,20260803
6/5/2026,12:36:52 PM,EEM,155000,65.53,,10157150,BLOCK  $10.0M 0.57% AvgVol,Block,ETF/Fund,ETFs,Miscellaneous,,442,
6/5/2026,12:32:14 PM,SPY,125724,757.02,,95175582.48,DARK BLOCK  SP3 $95.0M 0.27% AvgVol,Block,ETF/Fund,ETFs,Miscellaneous,,1034,
6/5/2026,12:32:06 PM,EEM,116000,65.55,,7603800,BLOCK  $7.6M 0.42% AvgVol,Block,ETF/Fund,ETFs,Miscellaneous,,442,
6/5/2026,12:32:05 PM,SPEM,122020,50.9,,6210818,DARK BLOCK  $6.2M 5.05% AvgVol,Block,ETF/Fund,ETFs,Miscellaneous,,342,
6/5/2026,12:31:58 PM,EWTX,204051,35,,7141785,DARK ISO BB $7.1M 13.97% AvgVol,Block,Common Equity,Pharmaceuticals,Pharmaceuticals & Biotechnology,,107,20260806
6/5/2026,12:31:57 PM,DVYE,182069,33.6,,6117518.4,DARK BLOCK  $6.1M 128.2% AvgVol,Block,ETF/Fund,ETFs,Miscellaneous,,37,
6/5/2026,12:31:57 PM,DVYE,,33.6,,,Unusual Dark Pool Activity,DarkPool,ETF/Fund,ETFs,Miscellaneous,,37,
6/5/2026,12:31:44 PM,QQQ,,740.33,,,Unusual Very Large Block,Block,ETF/Fund,ETFs,Miscellaneous,,664,
6/5/2026,12:31:44 PM,QQQ,1390898,740.33,,1029723516.34,DARK AVGPRC  SP13 $1.0B 3.63% AvgVol,Block,ETF/Fund,ETFs,Miscellaneous,,664,
6/5/2026,12:31:38 PM,RMOP,394945,25.32,,10000007.4,DARK BLOCK  $10.0M 411.63% AvgVol,Block,ETF/Fund,,,,15,
6/5/2026,12:31:38 PM,RMOP,,25.32,,,Unusual Dark Pool Activity,DarkPool,ETF/Fund,,,,15,
6/5/2026,12:31:22 PM,QQQ,103009,740.33,,76260652.97,DARK BLOCK  SP12 $76.0M 0.27% AvgVol,Block,ETF/Fund,ETFs,Miscellaneous,,664,
6/5/2026,12:31:07 PM,SMBS,245764,25.23,,6200625.72,DARK BLOCK  $6.2M 22.9% AvgVol,Block,ETF/Fund,,,,251,
6/5/2026,12:30:15 PM,MSTR,,118.14,,,"Steady Bullish Flow CALL@$0.99 Strike 119.0 Exp Jun 5, 2026",Options,,,,,,
6/5/2026,12:30:07 PM,FNDX,385198,30.91,,11906470.18,DARK BLOCK  $11.0M 8.9% AvgVol,Block,ETF/Fund,,,,821,
6/5/2026,12:30:07 PM,FNDX,,30.91,,,Unusual Dark Pool Activity,DarkPool,ETF/Fund,,,,821,
6/5/2026,12:29:56 PM,SPHY,250000,23.28,,5820000,DARK ISO  $5.8M 5.45% AvgVol,Block,ETF/Fund,ETFs,Miscellaneous,,471,
6/5/2026,12:29:54 PM,BAC,156300,53.47,,8357361,BLOCK BBDay $8.3M 0.45% AvgVol,Block,Equity,Banking,Banking & Savings,,7077,20260714
6/5/2026,12:29:33 PM,SCHG,131800,34.13,,4498334,DARK BLOCK  $4.4M 1.08% AvgVol,Block,ETF/Fund,,,,1732,
6/5/2026,12:29:33 PM,SCHX,153300,29.34,,4497822,DARK BLOCK  $4.4M 1.07% AvgVol,Block,ETF/Fund,,,,2438,
6/5/2026,12:29:33 PM,FNDX,145400,30.93,,4497222,DARK BLOCK  $4.4M 3.36% AvgVol,Block,ETF/Fund,,,,821,
6/5/2026,12:29:33 PM,SCHX,153300,29.34,,4497822,DARK BLOCK  $4.4M 1.07% AvgVol,Block,ETF/Fund,,,,2438,
6/5/2026,12:29:16 PM,HPE,126000,49.57,,6245820,DARK AVGPRC  $6.2M 0.46% AvgVol,Block,Equity,Computer Hardware & Equipment,IT Hardware,,1321,20260902
6/5/2026,12:28:38 PM,CGDV,208695,48.29,,10077881.55,DARK ISO BB $10.0M 6.01% AvgVol,Block,ETF/Fund,ETFs,Miscellaneous,,723,
6/5/2026,12:28:32 PM,USFD,110417,84,,9275028,DARK BLOCK  $9.2M 4.38% AvgVol,Block,Equity,"""Retail - Food & Beverage, Drug & Tobacco""",Retail,,220,20260806
6/5/2026,12:27:14 PM,PVAL,222556,50.77,,11299168.120000001,DARK BLOCK  $11.0M 14.18% AvgVol,Block,ETF/Fund,ETFs,Miscellaneous,,218,
6/5/2026,12:26:49 PM,T,868012,22.72,,19721232.64,DARK ISO AA $19.0M 2.31% AvgVol,Block,Equity,Services,Communications,,6942,20260722
6/5/2026,12:26:39 PM,TAXS,182600,50.27,,9179302,DARK BLOCK  $9.1M 892.97% AvgVol,Block,ETF/Fund,,,,2,
6/5/2026,12:26:34 PM,VSH,,58.15,,,"Repeater Bearish Flow PUT@$8.2 Strike 55.0 Exp Jul 17, 2026",Options,,,,,,
6/5/2026,12:25:29 PM,EEM,102844,65.62,,6748623.28,DARK BLOCK  $6.7M 0.38% AvgVol,Block,ETF/Fund,ETFs,Miscellaneous,,442,
6/5/2026,12:25:08 PM,TAXS,127000,50.27,,6384290,DARK BLOCK  $6.3M 621.07% AvgVol,Block,ETF/Fund,,,,2,
6/5/2026,12:25:08 PM,TAXS,,50.27,,,Unusual Dark Pool Activity,DarkPool,ETF/Fund,,,,2,
6/5/2026,12:24:06 PM,CLDX,203394,29.1,,5918765.4,DARK ISO BB $5.9M 27.92% AvgVol,Block,Common Equity,Biotechnology,Pharmaceuticals & Biotechnology,,78,20260806
6/5/2026,12:24:06 PM,CLDX,,29.1,,,Unusual Dark Pool Activity,DarkPool,Common Equity,Biotechnology,Pharmaceuticals & Biotechnology,,78,20260806
6/5/2026,12:23:50 PM,PYPL,100000,41.59,,4159000.0000000005,BLOCK  $4.1M 0.68% AvgVol,Block,Equity,Business Services,Financials,,876,20260804
6/5/2026,12:22:54 PM,NOK,,14.67,,,Alpha Gold Alert,AlphaGold,,,,,,
6/5/2026,12:22:53 PM,NOK,742730,14.68,,10903276.4,DARK ISO  $10.0M 0.59% AvgVol,Block,Equity,Manufacturing,Communications,,5742,20260723
6/5/2026,12:21:03 PM,EXEL,152467,52.7,,8035010.9,DARK ISO  $8.0M 5.46% AvgVol,Block,Common Equity,Pharmaceuticals,Pharmaceuticals & Biotechnology,,244,20260727
6/5/2026,12:18:29 PM,GOOGL,139800,369.2,,51614160,BLOCK  $51.0M 0.46% AvgVol,Block,Equity,Entertainment,Media,,12116,20260722
6/5/2026,12:18:21 PM,NVDA,800000,208.35,,166680000,BLOCK  $166.0M 0.48% AvgVol,Block,Equity,Semiconductors,IT Hardware,,23246,20260826
6/5/2026,12:18:14 PM,KR,200000,63.05,,12610000,DARK BLOCK  $12.0M 3.47% AvgVol,Block,Equity,Retail - General Merchandise/Department Stores,Retail,,610,20260618
6/5/2026,12:17:51 PM,QQQ,103009,740.33,,76260652.97,DARK BLOCK  SP11 $76.0M 0.27% AvgVol,Block,ETF/Fund,ETFs,Miscellaneous,,664,
6/5/2026,12:17:51 PM,QQQ,103009,740.33,,76260652.97,DARK BLOCK  SP10 $76.0M 0.27% AvgVol,Block,ETF/Fund,ETFs,Miscellaneous,,664,
6/5/2026,12:17:43 PM,QQQ,103009,740.33,,76260652.97,DARK BLOCK  SP9 $76.0M 0.27% AvgVol,Block,ETF/Fund,ETFs,Miscellaneous,,664,
6/5/2026,12:17:08 PM,QQQ,103009,740.33,,76260652.97,DARK BLOCK  SP8 $76.0M 0.27% AvgVol,Block,ETF/Fund,ETFs,Miscellaneous,,664,
6/5/2026,12:17:08 PM,META,300000,610.3,,183090000,BLOCK  $183.0M 1.8% AvgVol,Block,Equity,Entertainment,Media,,2185,20260729
6/5/2026,12:15:53 PM,XLE,336000,58.17,,19545120,BLOCK  $19.0M 0.87% AvgVol,Block,ETF/Fund,ETFs,Miscellaneous,,684,
6/5/2026,12:15:44 PM,BIL,100480,91.45,,9188896,DARK BLOCK  $9.1M 1.05% AvgVol,Block,ETF/Fund,ETFs,Miscellaneous,,501,
6/5/2026,12:15:02 PM,VNQ,214833,96.94,,20825911.02,DARK ISO AA $20.0M 7.14% AvgVol,Block,ETF/Fund,ETFs,Miscellaneous,,384,
6/5/2026,12:14:06 PM,AG,285829,17.3,,4944841.7,BLOCK  $4.9M 2.31% AvgVol,Block,Equity,Precious Metals,Metals & Mining,,489,20260813
6/5/2026,12:12:51 PM,AMD,500000,482.28,,241140000,BLOCK  $241.0M 1.21% AvgVol,Block,Common Equity,Semiconductors,IT Hardware,,1622,20260804
6/5/2026,12:12:45 PM,PK,500000,14.2,,7100000,DARK ISO BB $7.1M 10.56% AvgVol,Block,Equity,REITs,Real Estate,,201,20260806
6/5/2026,12:12:45 PM,PK,,14.2,,,Unusual Dark Pool Activity,DarkPool,Equity,REITs,Real Estate,,201,20260806
6/5/2026,12:12:38 PM,AVEM,107724,92.8,,9996787.2,DARK BLOCK  $9.9M 5.31% AvgVol,Block,ETF/Fund,,,,268,
6/5/2026,12:12:37 PM,CNTA,200000,39.75,,7950000,DARK BLOCK  $7.9M 15.24% AvgVol,Block,ADR,Pharmaceuticals,Pharmaceuticals & Biotechnology,,149,20260811
6/5/2026,12:12:19 PM,SPDW,198495,49.86,,9896960.7,DARK ISO AA $9.8M 5.9% AvgVol,Block,ETF/Fund,ETFs,Miscellaneous,,797,
6/5/2026,12:11:58 PM,PCG,417700,17.12,,7151024,DARK BLOCK  $7.1M 2.04% AvgVol,Block,Equity,Electric Utilities,Electric Utilities,,2674,20260730
6/5/2026,12:11:28 PM,MSFT,250000,421.32,,105330000,DARK BLOCK  $105.0M 0.69% AvgVol,Block,Equity,Internet & Software,IT Services & Software,,7426,20260729
6/5/2026,12:11:25 PM,SPAB,404070,25.32,,10231052.4,DARK BLOCK  $10.0M 13.44% AvgVol,Block,ETF/Fund,ETFs,Miscellaneous,,379,
6/5/2026,12:11:24 PM,BRK.B,193783,488,,94566104,DARK ISO BB $94.0M 3.89% AvgVol,Block,Stock,General Insurance,Insurance,,2026,20260807
6/5/2026,12:11:24 PM,BRK.B,,488,,,Unusual Dark Pool Activity,DarkPool,Stock,General Insurance,Insurance,,2026,20260807
6/5/2026,12:11:23 PM,IEMG,125109,79.94,,10001213.459999999,DARK BLOCK  $10.0M 0.96% AvgVol,Block,ETF/Fund,,,,1941,
6/5/2026,12:11:19 PM,AMZN,,252.83,,,"Large Bullish Flow CALL@$4.05 Strike 270.0 Exp Jul 10, 2026",Options,,,,,,
6/5/2026,12:11:03 PM,FISR,1265951,25.39,,32142495.89,DARK BLOCK  $32.0M 978.53% AvgVol,Block,ETF/Fund,,,,18,
6/5/2026,12:10:58 PM,ORLA,400000,10.64,,4256000,DARK BLOCK  $4.2M 11.91% AvgVol,Block,Equity,Precious Metals,Metals & Mining,,345,20260810
6/5/2026,12:10:42 PM,ORLA,515556,10.62,,5475204.72,DARK BLOCK  $5.4M 15.36% AvgVol,Block,Equity,Precious Metals,Metals & Mining,,345,20260810
6/5/2026,12:10:42 PM,ORLA,,10.62,,,Unusual Dark Pool Activity,DarkPool,Equity,Precious Metals,Metals & Mining,,345,20260810
6/5/2026,12:10:02 PM,SPTL,384520,25.86,,9943687.2,DARK BLOCK  $9.9M 5.88% AvgVol,Block,ETF/Fund,ETFs,Miscellaneous,,389,
6/5/2026,12:09:51 PM,QQQ,102999,740.33,,76253249.67,DARK BLOCK  SP7 $76.0M 0.27% AvgVol,Block,ETF/Fund,ETFs,Miscellaneous,,664,
6/5/2026,12:09:12 PM,MLYS,183750,23.85,,4382437.5,DARK ISO BBDay $4.3M 13.5% AvgVol,Block,Common Equity,Pharmaceuticals,Pharmaceuticals & Biotechnology,,82,20260811
6/5/2026,12:09:12 PM,MLYS,,23.85,,,Unusual Dark Pool Activity,DarkPool,Common Equity,Pharmaceuticals,Pharmaceuticals & Biotechnology,,82,20260811
6/5/2026,12:08:36 PM,PEB,337000,17.05,,5745850,DARK BLOCK  $5.7M 14.82% AvgVol,Block,Equity,REITs,Real Estate,,109,20260804
6/5/2026,12:08:36 PM,PEB,,17.05,,,Unusual Dark Pool Activity,DarkPool,Equity,REITs,Real Estate,,109,20260804
6/5/2026,12:06:25 PM,HYG,114151,79.5,,9075004.5,DARK BLOCK  $9.0M 0.31% AvgVol,Block,ETF/Fund,ETFs,Miscellaneous,,198,
6/5/2026,12:05:57 PM,BBVA,252769,22.42,,5667080.98,DARK AVGPRC  $5.6M 16.66% AvgVol,Block,Equity,Banking,Banking & Savings,,5708,20260729
6/5/2026,12:05:13 PM,BBVA,300000,22.42,,6726000.000000001,DARK AVGPRC  $6.7M 19.77% AvgVol,Block,Equity,Banking,Banking & Savings,,5708,20260729
6/5/2026,12:05:13 PM,BBVA,,22.42,,,Unusual Dark Pool Activity,DarkPool,Equity,Banking,Banking & Savings,,5708,20260729
6/5/2026,12:03:12 PM,EWTX,196293,35.7,,7007660.100000001,DARK BLOCK  $7.0M 13.44% AvgVol,Block,Common Equity,Pharmaceuticals,Pharmaceuticals & Biotechnology,,107,20260806
6/5/2026,12:02:49 PM,QQQ,74000,720.14,,53290360,DARK BLOCK  $53.0M 0.19% AvgVol,Block,ETF/Fund,ETFs,Miscellaneous,,664,
6/5/2026,12:02:46 PM,EWY,102000,187.28,,19102560,DARK AVGPRC  $19.0M 0.6% AvgVol,Block,ETF/Fund,ETFs,Miscellaneous,,118,
6/5/2026,12:01:56 PM,EEM,337500,66.3,,22376250,DARK BLOCK  $22.0M 1.23% AvgVol,Block,ETF/Fund,ETFs,Miscellaneous,,442,
6/5/2026,12:00:34 PM,ALM,296500,16.67,,4942655.000000001,DARK BLOCK  $4.9M 7.03% AvgVol,Block,Common Equity,Metal Products,Metals & Mining,,283,20260813
6/5/2026,12:00:26 PM,AGG,142421,98.28,,13997135.88,DARK BLOCK  $13.0M 1.76% AvgVol,Block,ETF/Fund,ETFs,Miscellaneous,,1378,
6/5/2026,12:00:17 PM,RPRX,153124,55.02,,8424882.48,DARK BLOCK  $8.4M 3.8% AvgVol,Block,Equity,Pharmaceuticals,Pharmaceuticals & Biotechnology,,575,20260805
6/5/2026,11:59:56 AM,VCIT,129746,81.98,,10636577.08,DARK BLOCK  $10.0M 1.55% AvgVol,Block,ETF/Fund,ETFs,Miscellaneous,,796,
6/5/2026,11:59:05 AM,IAU,152330,81.51,,12416418.3,DARK ISO BBDay $12.0M 2.87% AvgVol,Block,ETF/Fund,,,,825,
6/5/2026,11:59:05 AM,EEM,112328,65.84,,7395675.5200000005,DARK BLOCK  $7.3M 0.41% AvgVol,Block,ETF/Fund,ETFs,Miscellaneous,,442,
6/5/2026,11:58:41 AM,ING,900000,29.88,,26892000,DARK AVGPRC  $26.0M 37.8% AvgVol,Block,Equity,Banking,Banking & Savings,,2910,20260730
6/5/2026,11:58:05 AM,ORLY,174678,89.38,,15612719.639999999,DARK ISO BB $15.0M 2.82% AvgVol,Block,Common Equity,Retail - Automotive,Retail,,822,20260722
6/5/2026,11:57:58 AM,ING,683713,29.88,,20429344.439999998,DARK AVGPRC  $20.0M 28.72% AvgVol,Block,Equity,Banking,Banking & Savings,,2910,20260730
6/5/2026,11:57:58 AM,ING,,29.88,,,Unusual Dark Pool Activity,DarkPool,Equity,Banking,Banking & Savings,,2910,20260730
6/5/2026,11:57:55 AM,KVUE,500000,17.42,,8710000,DARK AVGPRC  $8.7M 2.46% AvgVol,Block,Equity,Retail - Furniture & Home Furnishings,Retail,,1920,20260806
6/5/2026,11:57:47 AM,RCAT,1300000,13.04,,16952000,BLOCK  $16.0M 8.66% AvgVol,Block,Common Equity,Electronic Instruments & Related Products,IT Hardware,,122,0
6/5/2026,11:57:37 AM,XLV,151585,152.01,,23042435.849999998,DARK AVGPRC  $23.0M 1.56% AvgVol,Block,ETF/Fund,ETFs,Miscellaneous,,256,
6/5/2026,11:57:05 AM,CMS,146900,71.85,,10554765,DARK BLOCK  $10.0M 4.89% AvgVol,Block,Equity,Electric Utilities,Electric Utilities,,307,20260730
6/5/2026,11:56:56 AM,FCX,100000,65.2,,6520000,BLOCK  $6.5M 0.69% AvgVol,Block,Equity,Mining,Metals & Mining,,1427,20260722
6/5/2026,11:56:53 AM,KEEL,1011800,5.2,,5261360,DARK BLOCK  $5.2M 2.66% AvgVol,Block,Equity,Internet & Software,IT Services & Software,,602,20260811
6/5/2026,11:56:50 AM,CMS,167900,71.82,,12058577.999999998,DARK BLOCK  $12.0M 5.59% AvgVol,Block,Equity,Electric Utilities,Electric Utilities,,307,20260730
6/5/2026,11:56:34 AM,TTEQ,117662,42.2,,4965336.4,DARK BLOCK  $4.9M 83.1% AvgVol,Block,ETF/Fund,,,,6,
6/5/2026,11:56:34 AM,TTEQ,,42.2,,,Unusual Dark Pool Activity,DarkPool,ETF/Fund,,,,6,
6/5/2026,11:56:30 AM,VCIT,300000,81.98,,24594000,DARK ISO  $24.0M 3.57% AvgVol,Block,ETF/Fund,ETFs,Miscellaneous,,796,
6/5/2026,11:56:06 AM,TSLA,,400.86,,,"Repeater Bullish Flow CALL@$2.76 Strike 400.0 Exp Jun 5, 2026",Options,,,,,,
6/5/2026,11:55:43 AM,LQD,125000,108.29,,13536250,DARK BLOCK  $13.0M 0.48% AvgVol,Block,ETF/Fund,ETFs,Miscellaneous,,272,
6/5/2026,11:54:33 AM,FXI,670000,34.84,,23342800.000000004,BLOCK  $23.0M 2.31% AvgVol,Block,ETF/Fund,ETFs,Miscellaneous,,156,
6/5/2026,11:53:42 AM,EEM,176500,65.93,,11636645.000000002,DARK ISO AA $11.0M 0.65% AvgVol,Block,ETF/Fund,ETFs,Miscellaneous,,442,
6/5/2026,11:50:45 AM,EMB,491046,95.54,,46914534.84,DARK ISO AA $46.0M 7.21% AvgVol,Block,ETF/Fund,ETFs,Miscellaneous,,147,
6/5/2026,11:48:35 AM,XLK,132675,184.94,,24536914.5,DARK BLOCK  $24.0M 1.11% AvgVol,Block,ETF/Fund,ETFs,Miscellaneous,,651,
6/5/2026,11:47:51 AM,IWF,100785,126.83,,12782561.55,DARK AVGPRC  $12.0M 2.09% AvgVol,Block,ETF/Fund,ETFs,Miscellaneous,,1034,
6/5/2026,11:47:51 AM,IWF,100785,126.83,,12782561.55,Cancelled DARK AVGPRC  $12.0M 2.09% AvgVol,Block,ETF/Fund,ETFs,Miscellaneous,,1034,
6/5/2026,11:47:00 AM,XLF,102578,52.24,,5358674.72,DARK ISO AA $5.3M 0.3% AvgVol,Block,ETF/Fund,ETFs,Miscellaneous,,964,
6/5/2026,11:46:07 AM,IWF,100785,126.83,,12782561.55,DARK AVGPRC  $12.0M 2.09% AvgVol,Block,ETF/Fund,ETFs,Miscellaneous,,1034,
6/5/2026,11:46:05 AM,AMD,,486.71,,,"Roulette Bullish Flow CALL@$4.998 Strike 485.0 Exp Jun 5, 2026",Options,,,,,,
6/5/2026,11:45:43 AM,QQQ,91225,725,,66138125,Cancelled DARK BLOCK  $66.0M 0.24% AvgVol,Block,ETF/Fund,ETFs,Miscellaneous,,664,
6/5/2026,11:44:46 AM,MSFT,200000,421.08,,84216000,BLOCK  $84.0M 0.55% AvgVol,Block,Equity,Internet & Software,IT Services & Software,,7426,20260729
6/5/2026,11:44:11 AM,SPHQ,177154,86.07,,15247644.78,DARK ISO AA $15.0M 13.79% AvgVol,Block,ETF/Fund,ETFs,Miscellaneous,,220,
6/5/2026,11:44:11 AM,SPHQ,,86.07,,,Unusual Dark Pool Activity,DarkPool,ETF/Fund,ETFs,Miscellaneous,,220,
6/5/2026,11:43:54 AM,APTV,125000,71.06,,8882500,DARK BLOCK  $8.8M 3.17% AvgVol,Block,Equity,Auto Parts,Autos & Auto Parts,,211,20260730
6/5/2026,11:43:51 AM,SMH,95000,590.66,,56112700,DARK BLOCK  $56.0M 0.96% AvgVol,Block,ETF/Fund,ETFs,Miscellaneous,,112,
6/5/2026,11:43:25 AM,BBIO,102032,69.11,,7051431.52,DARK BLOCK  $7.0M 3.09% AvgVol,Block,Common Equity,Pharmaceuticals,Pharmaceuticals & Biotechnology,,195,20260804
6/5/2026,11:43:15 AM,TLT,615000,85.14,,52361100,BLOCK  $52.0M 2.42% AvgVol,Block,ETF/Fund,ETFs,Miscellaneous,,505,
6/5/2026,11:42:54 AM,MSFT,,421.05,,,"Repeater Bearish Flow PUT@$1.044 Strike 420.0 Exp Jun 5, 2026",Options,,,,,,
6/5/2026,11:42:00 AM,SGOV,234530,100.46,,23560883.799999997,DARK BLOCK  $23.0M 1.18% AvgVol,Block,ETF/Fund,,,,911,
6/5/2026,11:40:29 AM,NGIF,380266,12.77,,4855996.82,DARK BLOCK  $4.8M 94.68% AvgVol,Block,ETF/Fund,,,,,
6/5/2026,11:40:29 AM,NGIF,,12.77,,,Unusual Dark Pool Activity,DarkPool,ETF/Fund,,,,,
6/5/2026,11:40:12 AM,LQD,250000,108.3,,27075000,DARK BLOCK  $27.0M 0.97% AvgVol,Block,ETF/Fund,ETFs,Miscellaneous,,272,
6/5/2026,11:39:45 AM,VCSH,165260,78.65,,12997699.000000002,DARK BLOCK  $12.0M 3.88% AvgVol,Block,ETF/Fund,ETFs,Miscellaneous,,536,
6/5/2026,11:39:31 AM,QQQI,166236,56.1,,9325839.6,DARK BLOCK  $9.3M 2.74% AvgVol,Block,ETF/Fund,,,,214,
6/5/2026,11:39:31 AM,QQQI,,56.1,,,Unusual Dark Pool Activity,DarkPool,ETF/Fund,,,,214,
6/5/2026,11:39:31 AM,QYLD,499155,18.01,,8989781.55,DARK BLOCK  $8.9M 9.79% AvgVol,Block,ETF/Fund,,,,464,
6/5/2026,11:39:31 AM,QYLD,,18.01,,,Unusual Dark Pool Activity,DarkPool,ETF/Fund,,,,464,
6/5/2026,11:39:29 AM,XYLD,115126,40.64,,4678720.64,DARK BLOCK  $4.6M 17.85% AvgVol,Block,ETF/Fund,,,,77,
6/5/2026,11:39:29 AM,XYLD,,40.64,,,Unusual Dark Pool Activity,DarkPool,ETF/Fund,,,,77,
6/5/2026,11:39:03 AM,SAP,125000,186.33,,23291250,DARK AVGPRC  $23.0M 3.34% AvgVol,Block,Equity,Internet & Software,IT Services & Software,,1138,20260728
6/5/2026,11:39:03 AM,SAP,,186.33,,,Unusual Dark Pool Activity,DarkPool,Equity,Internet & Software,IT Services & Software,,1138,20260728
6/5/2026,11:38:19 AM,EEM,100000,65.91,,6591000,DARK BLOCK  $6.5M 0.37% AvgVol,Block,ETF/Fund,ETFs,Miscellaneous,,442,
6/5/2026,11:37:49 AM,EEM,319600,66.28,,21183088,DARK BLOCK  $21.0M 1.17% AvgVol,Block,ETF/Fund,ETFs,Miscellaneous,,442,
6/5/2026,11:37:41 AM,MSTR,,116.72,,,"Repeater Bearish Flow PUT@$1.58 Strike 100.0 Exp Jun 12, 2026",Options,,,,,,
6/5/2026,11:37:14 AM,NVDA,,208.06,,,"Repeater Bearish Flow PUT@$0.3 Strike 205.0 Exp Jun 5, 2026",Options,,,,,,
6/5/2026,11:35:42 AM,IVW,209860,137.14,,28780200.4,DARK AVGPRC  $28.0M 8.98% AvgVol,Block,ETF/Fund,ETFs,Miscellaneous,,543,
6/5/2026,11:35:42 AM,IVW,,137.14,,,Unusual Dark Pool Activity,DarkPool,ETF/Fund,ETFs,Miscellaneous,,543,
6/5/2026,11:35:31 AM,C,248500,133.14,,33085289.999999996,DARK ISO AA $33.0M 2.3% AvgVol,Block,Equity,Banking,Banking & Savings,,1703,20260714
6/5/2026,11:35:13 AM,LSGR,248663,44.33,,11023230.79,DARK BLOCK  $11.0M 209.15% AvgVol,Block,ETF/Fund,,,,19,
6/5/2026,11:35:13 AM,LSGR,,44.33,,,Unusual Dark Pool Activity,DarkPool,ETF/Fund,,,,19,
6/5/2026,11:34:16 AM,MPLX,217500,56.64,,12319200,BLOCK  $12.0M 9.62% AvgVol,Block,Equity,Equipment & Services,Oil & Gas,,1014,20260804
6/5/2026,11:33:01 AM,GEV,,946.67,,,"Large Bullish Flow CALL@$112.791 Strike 950.0 Exp Sep 18, 2026",Options,,,,,,
6/5/2026,11:32:46 AM,NVDA,477200,208.71,,99596412,BLOCK  $99.0M 0.28% AvgVol,Block,Equity,Semiconductors,IT Hardware,,23246,20260826
6/5/2026,11:32:25 AM,HYG,2500000,79.56,,198900000,DARK BLOCK  $198.0M 6.84% AvgVol,Block,ETF/Fund,ETFs,Miscellaneous,,198,
6/5/2026,11:32:23 AM,SNDK,,1647.81,,,"Repeater Bearish Flow PUT@$15.921 Strike 1350.0 Exp Jun 12, 2026",Options,,,,,,
6/5/2026,11:31:16 AM,KWEB,750000,26.6,,19950000,BLOCK  $19.0M 2.45% AvgVol,Block,ETF/Fund,,,,233,
6/5/2026,11:31:16 AM,KNX,150000,79.4,,11910000,DARK BLOCK  $11.0M 3.44% AvgVol,Block,Equity,Trucking,Transport,,162,20260722
6/5/2026,11:31:08 AM,CVE,143007,29.05,,4154353.35,BLOCK  $4.1M 1.7% AvgVol,Block,Equity,Production & Extraction,Oil & Gas,,1869,20260730
6/5/2026,11:30:57 AM,NVDA,,208.77,,,"Rapidfire Bullish Flow CALL@$0.64 Strike 210.0 Exp Jun 5, 2026",Options,,,,,,
6/5/2026,11:30:47 AM,QQQ,92250,725,,66881250,DARK BLOCK  $66.0M 0.24% AvgVol,Block,ETF/Fund,ETFs,Miscellaneous,,664,
6/5/2026,11:30:39 AM,USFD,146685,83.8,,12292203,DARK ISO BB $12.0M 5.81% AvgVol,Block,Equity,"""Retail - Food & Beverage, Drug & Tobacco""",Retail,,220,20260806
6/5/2026,11:30:24 AM,USFD,250000,83.8,,20950000,DARK BLOCK  $20.0M 9.91% AvgVol,Block,Equity,"""Retail - Food & Beverage, Drug & Tobacco""",Retail,,220,20260806
6/5/2026,11:30:02 AM,NOBL,163561,54.61,,8932066.209999999,DARK BLOCK  $8.9M 18.49% AvgVol,Block,ETF/Fund,,,,206,
6/5/2026,11:30:02 AM,NOBL,,54.61,,,Unusual Dark Pool Activity,DarkPool,ETF/Fund,,,,206,
6/5/2026,11:29:49 AM,EEM,375000,66.17,,24813750,DARK BLOCK  $24.0M 1.37% AvgVol,Block,ETF/Fund,ETFs,Miscellaneous,,442,
6/5/2026,11:29:43 AM,ET,250000,19.61,,4902500,DARK BLOCK  $4.9M 1.81% AvgVol,Block,Equity,Equipment & Services,Oil & Gas,,3328,20260805
6/5/2026,11:29:25 AM,EEM,118400,66.02,,7816767.999999999,DARK BLOCK  $7.8M 0.43% AvgVol,Block,ETF/Fund,ETFs,Miscellaneous,,442,
6/5/2026,11:28:32 AM,QQQ,91225,725,,66138125,DARK BLOCK  $66.0M 0.24% AvgVol,Block,ETF/Fund,ETFs,Miscellaneous,,664,
6/5/2026,11:27:09 AM,NG,795600,7.68,,6110208,DARK ISO AA $6.1M 27.42% AvgVol,Block,Common Equity,Precious Metals,Metals & Mining,,431,20260624
6/5/2026,11:27:09 AM,NG,,7.68,,,Unusual Dark Pool Activity,DarkPool,Common Equity,Precious Metals,Metals & Mining,,431,20260624
6/5/2026,11:26:43 AM,HYG,125000,79.57,,9946250,DARK BLOCK  $9.9M 0.34% AvgVol,Block,ETF/Fund,ETFs,Miscellaneous,,198,
6/5/2026,11:26:16 AM,TLT,187500,85.2,,15975000,BLOCK  $15.0M 0.74% AvgVol,Block,ETF/Fund,ETFs,Miscellaneous,,505,
6/5/2026,11:25:54 AM,TLT,400000,85.18,,34072000,BLOCK  $34.0M 1.57% AvgVol,Block,ETF/Fund,ETFs,Miscellaneous,,505,
6/5/2026,11:25:29 AM,PCG,376428,17.19,,6470797.32,DARK BLOCK  $6.4M 1.83% AvgVol,Block,Equity,Electric Utilities,Electric Utilities,,2674,20260730
6/5/2026,11:25:14 AM,MSFT,251300,421.92,,106028496,BLOCK  $106.0M 0.69% AvgVol,Block,Equity,Internet & Software,IT Services & Software,,7426,20260729
6/5/2026,11:24:59 AM,PAY,336498,20.6,,6931858.800000001,DARK BLOCK  $6.9M 47.75% AvgVol,Block,Equity,Internet & Software,IT Services & Software,,125,20260803
6/5/2026,11:24:59 AM,PAY,,20.6,,,Unusual Dark Pool Activity,DarkPool,Equity,Internet & Software,IT Services & Software,,125,20260803
6/5/2026,11:24:08 AM,SPY,110000,748.53,,82338300,DARK BLOCK  $82.0M 0.24% AvgVol,Block,ETF/Fund,ETFs,Miscellaneous,,1034,
6/5/2026,11:23:50 AM,ET,225000,19.62,,4414500,DARK BLOCK  $4.4M 1.63% AvgVol,Block,Equity,Equipment & Services,Oil & Gas,,3328,20260805
6/5/2026,11:23:50 AM,ET,,19.62,,,Unusual Dark Pool Activity,DarkPool,Equity,Equipment & Services,Oil & Gas,,3328,20260805
6/5/2026,11:23:13 AM,QQQ,102999,740.33,,76253249.67,DARK BLOCK  SP6 $76.0M 0.27% AvgVol,Block,ETF/Fund,ETFs,Miscellaneous,,664,
6/5/2026,11:22:22 AM,NWG,1000000,15.95,,15950000,DARK AVGPRC  $15.0M 28.01% AvgVol,Block,Equity,Banking,Banking & Savings,,3986,20260724
6/5/2026,11:22:19 AM,HECA,161959,27.32,,4424719.88,DARK ISO  $4.4M 78.0% AvgVol,Block,ETF/Fund,,,,12,
6/5/2026,11:22:19 AM,HECA,,27.32,,,Unusual Dark Pool Activity,DarkPool,ETF/Fund,,,,12,
6/5/2026,11:22:01 AM,NWG,1010922,15.95,,16124205.899999999,DARK AVGPRC  $16.0M 28.32% AvgVol,Block,Equity,Banking,Banking & Savings,,3986,20260724
6/5/2026,11:22:01 AM,NWG,,15.95,,,Unusual Dark Pool Activity,DarkPool,Equity,Banking,Banking & Savings,,3986,20260724
6/5/2026,11:21:51 AM,MSFT,150000,422,,63300000,BLOCK  $63.0M 0.41% AvgVol,Block,Equity,Internet & Software,IT Services & Software,,7426,20260729
6/5/2026,11:21:35 AM,CWAN,200000,24.38,,4876000,DARK BLOCK  $4.8M 6.66% AvgVol,Block,Equity,Internet & Software,IT Services & Software,,298,20260805
6/5/2026,11:21:13 AM,QQQ,102999,740.33,,76253249.67,DARK BLOCK  SP5 $76.0M 0.27% AvgVol,Block,ETF/Fund,ETFs,Miscellaneous,,664,
6/5/2026,11:20:47 AM,AMZN,325900,253.69,,82677571,DARK BLOCK  $82.0M 0.74% AvgVol,Block,Common Equity,Retail - Specialty,Retail,,9799,20260730
6/5/2026,11:18:39 AM,NU,1660000,12.09,,20069400,BLOCK  $20.0M 2.94% AvgVol,Block,Equity,Banking,Banking & Savings,,4855,20260813
6/5/2026,11:18:30 AM,CGCP,579581,22.23,,12884085.63,DARK BLOCK  $12.0M 36.76% AvgVol,Block,ETF/Fund,ETFs,Miscellaneous,,351,
6/5/2026,11:18:30 AM,CGCP,,22.23,,,Unusual Dark Pool Activity,DarkPool,ETF/Fund,ETFs,Miscellaneous,,351,
6/5/2026,11:18:22 AM,CGCB,494399,26.04,,12874149.959999999,DARK BLOCK  $12.0M 40.16% AvgVol,Block,ETF/Fund,,,,198,
6/5/2026,11:18:22 AM,CGCB,,26.04,,,Unusual Dark Pool Activity,DarkPool,ETF/Fund,,,,198,
6/5/2026,11:17:57 AM,MRCY,160800,116,,18652800,DARK BLOCK  $18.0M 25.68% AvgVol,Block,Common Equity,Electronic Instruments & Related Products,IT Hardware,,59,20260810
6/5/2026,11:17:57 AM,MRCY,,116,,,Unusual Dark Pool Activity,DarkPool,Common Equity,Electronic Instruments & Related Products,IT Hardware,,59,20260810
6/5/2026,11:17:28 AM,SPIB,132974,33.28,,4425374.72,DARK BLOCK  $4.4M 1.76% AvgVol,Block,ETF/Fund,ETFs,Miscellaneous,,348,
6/5/2026,11:16:52 AM,APD,260457,284.99,,74227640.43,DARK ISO BB $74.0M 23.91% AvgVol,Block,Equity,Specialty Chemicals,Chemicals,,218,20260730
6/5/2026,11:16:52 AM,APD,,284.99,,,Unusual Dark Pool Activity,DarkPool,Equity,Specialty Chemicals,Chemicals,,218,20260730
6/5/2026,11:15:50 AM,CCEP,473099,93.56,,44263142.44,DARK ISO BB $44.0M 27.09% AvgVol,Block,Equity,Beverages,Food & Beverage,,460,20260609
6/5/2026,11:15:36 AM,LYG,2986000,5.37,,16034820,DARK AVGPRC  $16.0M 16.86% AvgVol,Block,Equity,Banking,Banking & Savings,,14622,20260723
6/5/2026,11:15:36 AM,LYG,,5.37,,,Unusual Dark Pool Activity,DarkPool,Equity,Banking,Banking & Savings,,14622,20260723
6/5/2026,11:15:09 AM,MARA,370200,12.81,,4742262,DARK BLOCK  $4.7M 0.85% AvgVol,Block,Common Equity,Internet & Software,Financials,,381,20260804
6/5/2026,11:15:01 AM,MARA,345600,12.8,,4423680,DARK BLOCK  $4.4M 0.8% AvgVol,Block,Common Equity,Internet & Software,Financials,,381,20260804
6/5/2026,11:14:26 AM,MSFT,500000,421.98,,210990000,BLOCK  $210.0M 1.37% AvgVol,Block,Equity,Internet & Software,IT Services & Software,,7426,20260729
6/5/2026,11:14:09 AM,TSLA,,402.27,,,"Repeater Bearish Flow PUT@$1.561 Strike 400.0 Exp Jun 5, 2026",Options,,,,,,
6/5/2026,11:13:50 AM,PYLD,313400,26.27,,8233018,DARK BLOCK  $8.2M 7.91% AvgVol,Block,ETF/Fund,,,,517,
6/5/2026,11:13:49 AM,QQQ,102999,740.33,,76253249.67,DARK BLOCK  SP4 $76.0M 0.27% AvgVol,Block,ETF/Fund,ETFs,Miscellaneous,,664,
6/5/2026,11:13:40 AM,MLM,86917,583.38,,50705639.46,DARK ISO AA $50.0M 15.89% AvgVol,Block,Equity,Construction Materials,Construction Materials,,59,20260806
6/5/2026,11:13:40 AM,MLM,,583.38,,,Unusual Dark Pool Activity,DarkPool,Equity,Construction Materials,Construction Materials,,59,20260806
6/5/2026,11:13:39 AM,SPHY,178419,23.3,,4157162.7,DARK BLOCK  $4.1M 3.89% AvgVol,Block,ETF/Fund,ETFs,Miscellaneous,,471,
6/5/2026,11:13:37 AM,XLB,704384,51.25,,36099680,DARK ISO AA $36.0M 6.25% AvgVol,Block,ETF/Fund,ETFs,Miscellaneous,,142,
6/5/2026,11:13:37 AM,XLC,236146,112.43,,26549894.78,DARK ISO  $26.0M 4.82% AvgVol,Block,ETF/Fund,,,,216,
6/5/2026,11:13:37 AM,XLC,,112.43,,,Unusual Dark Pool Activity,DarkPool,ETF/Fund,,,,216,
6/5/2026,11:13:37 AM,XLF,975017,52.41,,51100640.97,DARK BLOCK  $51.0M 2.86% AvgVol,Block,ETF/Fund,ETFs,Miscellaneous,,964,
6/5/2026,11:12:27 AM,TSLA,101700,403.4,,41025780,BLOCK  $41.0M 0.19% AvgVol,Block,Common Equity,Autos- Manufacturing,Autos & Auto Parts,,3008,20260722
6/5/2026,11:12:03 AM,EEM,200000,66.55,,13310000,DARK BLOCK  $13.0M 0.73% AvgVol,Block,ETF/Fund,ETFs,Miscellaneous,,442,
6/5/2026,11:11:53 AM,NVDA,,209.75,,,"Repeater Bearish Flow PUT@$0.37 Strike 207.5 Exp Jun 5, 2026",Options,,,,,,
6/5/2026,11:11:01 AM,C,450000,133.63,,60133500,BLOCK  $60.0M 4.16% AvgVol,Block,Equity,Banking,Banking & Savings,,1703,20260714
6/5/2026,11:09:38 AM,IEMG,131428,80.58,,10590468.24,DARK ISO AA $10.0M 1.0% AvgVol,Block,ETF/Fund,,,,1941,
6/5/2026,11:09:10 AM,IONS,212424,75.25,,15984906,DARK ISO BB $15.0M 11.76% AvgVol,Block,Common Equity,Pharmaceuticals,Pharmaceuticals & Biotechnology,,162,20260729
6/5/2026,11:09:10 AM,IONS,,75.25,,,Unusual Dark Pool Activity,DarkPool,Common Equity,Pharmaceuticals,Pharmaceuticals & Biotechnology,,162,20260729
6/5/2026,11:08:38 AM,TLT,448717,85.17,,38217226.89,DARK BLOCK  $38.0M 1.77% AvgVol,Block,ETF/Fund,ETFs,Miscellaneous,,505,
6/5/2026,11:08:26 AM,VCLT,361864,74.73,,27042096.720000003,DARK BLOCK  $27.0M 6.91% AvgVol,Block,ETF/Fund,ETFs,Miscellaneous,,103,
6/5/2026,11:07:22 AM,AAPL,,313.16,,,"Repeater Bearish Flow PUT@$2.29 Strike 315.0 Exp Jun 5, 2026",Options,,,,,,
6/5/2026,11:06:43 AM,FNGU,138148,29.62,,4091943.7600000002,DARK BLOCK  $4.0M 2.25% AvgVol,Block,Structured Products,Banking,Banking & Savings,,80,
6/5/2026,11:06:43 AM,FNGU,,29.62,,,Unusual Dark Pool Activity,DarkPool,Structured Products,Banking,Banking & Savings,,80,
6/5/2026,11:04:43 AM,TSLA,,403.65,,,"Rapidfire Bullish Flow CALL@$1.341 Strike 407.5 Exp Jun 5, 2026",Options,,,,,,
6/5/2026,11:04:42 AM,HOOD,600000,84.75,,50850000,BLOCK  $50.0M 2.16% AvgVol,Block,Common Equity,Internet & Software,Financials,,900,20260729
6/5/2026,11:03:46 AM,AVT,113900,88.5,,10080150,DARK BLOCK  $10.0M 7.8% AvgVol,Block,Equity,Electrical Equipment,Electrical Equipment,,80,20260805
6/5/2026,11:02:51 AM,IREN,122000,55.99,,6830780,BLOCK  $6.8M 0.23% AvgVol,Block,Common Equity,Services,Financials,,357,20260827
6/5/2026,11:02:50 AM,HNGE,,66.43,,,"Swift Bullish Flow CALL@$0.836 Strike 75.0 Exp Jun 18, 2026",Options,,,,,,
6/5/2026,11:02:37 AM,BP,100000,43.88,,4388000,DARK AVGPRC  $4.3M 1.09% AvgVol,Block,Equity,Production & Extraction,Oil & Gas,,2592,20260804
6/5/2026,11:02:35 AM,QQQ,76000,724.56,,55066559.99999999,BLOCK  $55.0M 0.2% AvgVol,Block,ETF/Fund,ETFs,Miscellaneous,,664,
6/5/2026,11:02:05 AM,BP,100000,43.88,,4388000,DARK AVGPRC  $4.3M 1.09% AvgVol,Block,Equity,Production & Extraction,Oil & Gas,,2592,20260804
6/5/2026,11:01:43 AM,BP,100000,43.88,,4388000,DARK AVGPRC  $4.3M 1.09% AvgVol,Block,Equity,Production & Extraction,Oil & Gas,,2592,20260804
6/5/2026,10:59:35 AM,CSX,100000,47.04,,4704000,DARK BLOCK  $4.7M 0.75% AvgVol,Block,Equity,Rail,Transport,,1852,20260722
6/5/2026,10:59:29 AM,BSCW,352841,20.44,,7212070.04,DARK BLOCK  $7.2M 108.77% AvgVol,Block,ETF/Fund,,,,69,
6/5/2026,10:59:29 AM,BSCW,,20.44,,,Unusual Dark Pool Activity,DarkPool,ETF/Fund,,,,69,
6/5/2026,10:58:28 AM,ETHA,603700,12.04,,7268547.999999999,DARK BLOCK  $7.2M 2.53% AvgVol,Block,ETF/Fund,,,,394,
6/5/2026,10:57:33 AM,ASTS,124900,99.2,,12390080,DARK BLOCK  $12.0M 0.54% AvgVol,Block,Common Equity,Miscellaneous,Information Technology,,388,20260810
6/5/2026,10:56:38 AM,MARA,341900,12.55,,4290845,DARK BLOCK  $4.2M 0.79% AvgVol,Block,Common Equity,Internet & Software,Financials,,381,20260804
6/5/2026,10:56:35 AM,IWM,113289,291.96,,33075856.439999998,DARK BLOCK  $33.0M 0.44% AvgVol,Block,ETF/Fund,ETFs,Miscellaneous,,273,
6/5/2026,10:56:30 AM,USFR,111488,50.38,,5616765.44,DARK BLOCK  $5.6M 2.46% AvgVol,Block,ETF/Fund,ETFs,Miscellaneous,,338,
6/5/2026,10:56:03 AM,BKGI,209646,45.64,,9568243.44,DARK BLOCK  $9.5M 82.83% AvgVol,Block,ETF/Fund,,,,23,
6/5/2026,10:56:03 AM,BKGI,,45.64,,,Unusual Dark Pool Activity,DarkPool,ETF/Fund,,,,23,
6/5/2026,10:55:50 AM,LULU,,116.44,,,"Steady Bullish Flow CALL@$1.498 Strike 116.0 Exp Jun 5, 2026",Options,,,,,,
6/5/2026,10:54:37 AM,AVGO,104000,399.93,,41592720,DARK BLOCK  $41.0M 0.48% AvgVol,Block,Equity,Semiconductors,IT Hardware,,4734,20260903
6/5/2026,10:53:00 AM,BEKE,450000,16.19,,7285500.000000001,DARK BLOCK  $7.2M 8.34% AvgVol,Block,Equity,"""Property, Real Estate & Development""",Real Estate,,1118,20260825
6/5/2026,10:50:40 AM,PFGC,566324,94.65,,53602566.6,DARK ISO BB $53.0M 31.38% AvgVol,Block,Equity,"""Retail - Food & Beverage, Drug & Tobacco""",Retail,,150,20260812
6/5/2026,10:50:40 AM,PFGC,,94.65,,,Unusual Dark Pool Activity,DarkPool,Equity,"""Retail - Food & Beverage, Drug & Tobacco""",Retail,,150,20260812
6/5/2026,10:49:58 AM,ACHR,1200000,5.86,,7032000,BLOCK  $7.0M 2.55% AvgVol,Block,Common Equity,Aerospace,Aerospace & Defense,,759,20260810
6/5/2026,10:49:52 AM,HUT,,115.19,,,Alpha Gold Alert,AlphaGold,,,,,,
6/5/2026,10:49:48 AM,HUT,,115.19,,,"Large Bullish Flow CALL@$26.15 Strike 115.0 Exp Sep 18, 2026",Options,,,,,,
6/5/2026,10:49:16 AM,TLT,100000,85.14,,8514000,DARK BLOCK  $8.5M 0.39% AvgVol,Block,ETF/Fund,ETFs,Miscellaneous,,505,
6/5/2026,10:48:48 AM,VXUS,241358,84.55,,20406818.9,DARK BLOCK  $20.0M 3.95% AvgVol,Block,ETF/Fund,ETFs,Miscellaneous,,1750,
6/5/2026,10:48:38 AM,VXUS,116480,84.56,,9849548.8,DARK BLOCK  $9.8M 1.9% AvgVol,Block,ETF/Fund,ETFs,Miscellaneous,,1750,
6/5/2026,10:48:30 AM,XENE,100000,53.15,,5315000,DARK BLOCK  $5.3M 8.67% AvgVol,Block,Common Equity,Biotechnology,Pharmaceuticals & Biotechnology,,92,20260810
6/5/2026,10:48:18 AM,NVDA,,210.63,,,"Repeater Bearish Flow PUT@$2.03 Strike 210.0 Exp Jun 8, 2026",Options,,,,,,
6/5/2026,10:48:08 AM,CMG,194875,29.76,,5799480,DARK BLOCK  $5.7M 1.03% AvgVol,Block,Equity,"""Hotels, Restaurants & Travel""",Consumer Services,,1276,20260729
6/5/2026,10:48:08 AM,BNDX,366647,48.02,,17606388.94,DARK BLOCK  $17.0M 6.71% AvgVol,Block,ETF/Fund,ETFs,Miscellaneous,,1640,
6/5/2026,10:47:46 AM,IXC,205000,55.04,,11283200,DARK BLOCK  $11.0M 18.28% AvgVol,Block,ETF/Fund,ETFs,Miscellaneous,,46,
6/5/2026,10:47:46 AM,IXC,,55.04,,,Unusual Dark Pool Activity,DarkPool,ETF/Fund,ETFs,Miscellaneous,,46,
6/5/2026,10:47:17 AM,XLV,135167,154.11,,20830586.37,Cancelled DARK BLOCK  $20.0M 1.39% AvgVol,Block,ETF/Fund,ETFs,Miscellaneous,,256,
6/5/2026,10:47:05 AM,BND,400749,72.89,,29210594.61,DARK BLOCK  $29.0M 4.9% AvgVol,Block,ETF/Fund,ETFs,Miscellaneous,,2087,
6/5/2026,10:45:06 AM,MUB,250000,106.88,,26720000,DARK BLOCK  $26.0M 7.56% AvgVol,Block,ETF/Fund,ETFs,Miscellaneous,,418,
6/5/2026,10:44:44 AM,RWX,355502,26.8,,9527453.6,DARK BLOCK  $9.5M 1645.8% AvgVol,Block,ETF/Fund,ETFs,Miscellaneous,,9,
6/5/2026,10:44:44 AM,RWX,,26.8,,,Unusual Dark Pool Activity,DarkPool,ETF/Fund,ETFs,Miscellaneous,,9,
6/5/2026,10:44:38 AM,RISR,204120,36.31,,7411597.2,DARK BLOCK  $7.4M 257.28% AvgVol,Block,ETF/Fund,ETFs,Miscellaneous,,6,
6/5/2026,10:44:38 AM,RISR,,36.31,,,Unusual Dark Pool Activity,DarkPool,ETF/Fund,ETFs,Miscellaneous,,6,
6/5/2026,10:44:03 AM,CMG,378000,29.61,,11192580,DARK BLOCK  $11.0M 2.0% AvgVol,Block,Equity,"""Hotels, Restaurants & Travel""",Consumer Services,,1276,20260729
6/5/2026,10:43:20 AM,IOT,400000,36.1,,14440000,DARK ISO AA $14.0M 7.35% AvgVol,Block,Equity,Internet & Software,IT Services & Software,,580,20260604
6/5/2026,10:43:20 AM,NCLO,200000,24.97,,4994000,DARK BLOCK  $4.9M 825.42% AvgVol,Block,ETF/Fund,,,,5,
6/5/2026,10:43:20 AM,NCLO,,24.97,,,Unusual Dark Pool Activity,DarkPool,ETF/Fund,,,,5,
6/5/2026,10:43:08 AM,IGV,165000,97.35,,16062749.999999998,DARK BLOCK  $16.0M 0.73% AvgVol,Block,ETF/Fund,ETFs,Miscellaneous,,160,
6/5/2026,10:42:06 AM,SCI,149600,71.15,,10644040,Cancelled DARK ISO AA $10.0M 10.56% AvgVol,Block,Equity,Miscellaneous Consumer Services,Consumer Services,,133,20260729
6/5/2026,10:41:59 AM,IWM,125876,291.96,,36750756.96,DARK BLOCK  SP1 $36.0M 0.49% AvgVol,Block,ETF/Fund,ETFs,Miscellaneous,,273,
6/5/2026,10:41:55 AM,UNH,330000,401.3,,132429000,DARK BLOCK  $132.0M 4.71% AvgVol,Block,Equity,Life & Health,Health Care,,905,20260804
6/5/2026,10:40:35 AM,NOK,,15.38,,,"Repeater Bullish Flow CALL@$1.909 Strike 15.0 Exp Jul 17, 2026",Options,,,,,,
6/5/2026,10:40:19 AM,CZR,168876,29.22,,4934556.72,DARK BLOCK  $4.9M 2.09% AvgVol,Block,Common Equity,"""Hotels, Restaurants & Travel""",Consumer Services,,203,20260804
6/5/2026,10:40:13 AM,HST,739565,24.73,,18289442.45,DARK BLOCK  $18.0M 9.3% AvgVol,Block,Equity,REITs,Real Estate,,674,20260729
6/5/2026,10:39:43 AM,IREN,104700,56.25,,5889375,DARK BLOCK  $5.8M 0.2% AvgVol,Block,Common Equity,Services,Financials,,357,20260827
6/5/2026,10:39:37 AM,SPDW,607133,50.26,,30514504.58,DARK BLOCK  $30.0M 18.06% AvgVol,Block,ETF/Fund,ETFs,Miscellaneous,,797,
6/5/2026,10:39:27 AM,PVAL,221482,51.08,,11313300.56,DARK BLOCK  $11.0M 14.11% AvgVol,Block,ETF/Fund,ETFs,Miscellaneous,,218,
6/5/2026,10:39:27 AM,USFD,1137526,83,,94414658,DARK ISO BB $94.0M 45.07% AvgVol,Block,Equity,"""Retail - Food & Beverage, Drug & Tobacco""",Retail,,220,20260806
6/5/2026,10:39:26 AM,PIPR,159700,76.65,,12241005,DARK ISO BB $12.0M 25.92% AvgVol,Block,Equity,Finance Intermediaries & Services,Investments & Brokers,,71,20260807
6/5/2026,10:39:26 AM,PIPR,,76.65,,,Unusual Dark Pool Activity,DarkPool,Equity,Finance Intermediaries & Services,Investments & Brokers,,71,20260807
6/5/2026,10:39:14 AM,VONG,121611,129,,15687819,DARK BLOCK  $15.0M 8.25% AvgVol,Block,ETF/Fund,ETFs,Miscellaneous,,345,
6/5/2026,10:39:06 AM,BKLC,175687,143.84,,25270818.080000002,DARK BLOCK  $25.0M 100.9% AvgVol,Block,ETF/Fund,,,,36,
6/5/2026,10:39:06 AM,BKLC,,143.84,,,Unusual Dark Pool Activity,DarkPool,ETF/Fund,,,,36,
6/5/2026,10:38:58 AM,QQQ,270000,727.81,,196508700,DARK BLOCK  $196.0M 0.7% AvgVol,Block,ETF/Fund,ETFs,Miscellaneous,,664,
6/5/2026,10:38:34 AM,EEM,266624,66.42,,17709166.080000002,DARK ISO BB $17.0M 0.97% AvgVol,Block,ETF/Fund,ETFs,Miscellaneous,,442,
6/5/2026,10:38:25 AM,AAPL,,314.29,,,"Repeater Bearish Flow PUT@$0.51 Strike 312.5 Exp Jun 5, 2026",Options,,,,,,
6/5/2026,10:37:53 AM,SCHD,275074,32.6,,8967412.4,DARK BLOCK  $8.9M 1.4% AvgVol,Block,ETF/Fund,,,,2917,
6/5/2026,10:37:53 AM,SCHD,436729,32.59,,14232998.110000001,DARK BLOCK  $14.0M 2.22% AvgVol,Block,ETF/Fund,,,,2917,
6/5/2026,10:37:53 AM,IWF,142337,125.36,,17843366.32,DARK BLOCK  $17.0M 2.95% AvgVol,Block,ETF/Fund,ETFs,Miscellaneous,,1034,
6/5/2026,10:36:56 AM,TLT,350000,85.12,,29792000,DARK ISO AA $29.0M 1.38% AvgVol,Block,ETF/Fund,ETFs,Miscellaneous,,505,
6/5/2026,10:36:52 AM,SUI,144318,124.2,,17924295.6,DARK BLOCK  $17.0M 16.09% AvgVol,Block,Equity,REITs,Real Estate,,121,20260729
6/5/2026,10:36:52 AM,SUI,,124.2,,,Unusual Dark Pool Activity,DarkPool,Equity,REITs,Real Estate,,121,20260729
6/5/2026,10:36:45 AM,HUT,120000,116,,13920000,DARK BLOCK  $13.0M 2.45% AvgVol,Block,Common Equity,Miscellaneous,Financials,,112,20260806
6/5/2026,10:36:44 AM,LQD,210195,108.41,,22787239.95,DARK BLOCK  $22.0M 0.81% AvgVol,Block,ETF/Fund,ETFs,Miscellaneous,,272,
6/5/2026,10:36:30 AM,CCI,160747,94.1,,15126292.7,DARK BLOCK  $15.0M 4.65% AvgVol,Block,Equity,REITs,Real Estate,,436,20260722
6/5/2026,10:36:30 AM,CCI,,94.1,,,Unusual Dark Pool Activity,DarkPool,Equity,REITs,Real Estate,,436,20260722
6/5/2026,10:36:22 AM,EMB,149292,95.63,,14276793.959999999,DARK ISO BB $14.0M 2.19% AvgVol,Block,ETF/Fund,ETFs,Miscellaneous,,147,
6/5/2026,10:35:56 AM,ALM,365000,16.99,,6201349.999999999,DARK BLOCK  $6.2M 8.66% AvgVol,Block,Common Equity,Metal Products,Metals & Mining,,283,20260813
6/5/2026,10:35:56 AM,ALM,,16.99,,,Unusual Dark Pool Activity,DarkPool,Common Equity,Metal Products,Metals & Mining,,283,20260813
6/5/2026,10:34:25 AM,CZR,250000,29.22,,7305000,DARK BLOCK  $7.3M 3.09% AvgVol,Block,Common Equity,"""Hotels, Restaurants & Travel""",Consumer Services,,203,20260804
6/5/2026,10:34:00 AM,AAPL,100000,314.09,,31408999.999999996,DARK BLOCK  $31.0M 0.21% AvgVol,Block,Equity,Computer Hardware & Equipment,IT Hardware,,14678,20260730
6/5/2026,10:33:51 AM,MCHP,120000,92.77,,11132400,BLOCK  $11.0M 1.04% AvgVol,Block,Equity,Semiconductors,IT Hardware,,531,20260806
6/5/2026,10:32:42 AM,CZR,175000,29.25,,5118750,BLOCK  $5.1M 2.17% AvgVol,Block,Common Equity,"""Hotels, Restaurants & Travel""",Consumer Services,,203,20260804
6/5/2026,10:32:22 AM,XLV,135167,154.11,,20830586.37,DARK BLOCK  $20.0M 1.39% AvgVol,Block,ETF/Fund,ETFs,Miscellaneous,,256,
6/5/2026,10:31:57 AM,MSTR,750000,117.99,,88492500,BLOCK  $88.0M 4.58% AvgVol,Block,Common Equity,Internet & Software,IT Services & Software,,327,20260730
6/5/2026,10:31:39 AM,CSCO,120000,125.15,,15018000,BLOCK  $15.0M 0.47% AvgVol,Block,Equity,Manufacturing,Communications,,3941,20260812
6/5/2026,10:31:02 AM,TSLA,,407.76,,,"Rapidfire Bullish Flow CALL@$0.889 Strike 415.0 Exp Jun 5, 2026",Options,,,,,,
6/5/2026,10:30:38 AM,SCI,112371,71.15,,7995196.65,DARK BLOCK  $7.9M 7.93% AvgVol,Block,Equity,Miscellaneous Consumer Services,Consumer Services,,133,20260729
6/5/2026,10:30:11 AM,BWX,1786010,21.77,,38881437.699999996,DARK BLOCK  $38.0M 338.12% AvgVol,Block,ETF/Fund,ETFs,Miscellaneous,,66,
6/5/2026,10:30:11 AM,BWX,,21.77,,,Unusual Dark Pool Activity,DarkPool,ETF/Fund,ETFs,Miscellaneous,,66,
6/5/2026,10:29:51 AM,T,898000,22.75,,20429500,DARK BLOCK  $20.0M 2.39% AvgVol,Block,Equity,Services,Communications,,6942,20260722
6/5/2026,10:29:38 AM,SPY,89950,749.14,,67385143,DARK BLOCK  $67.0M 0.19% AvgVol,Block,ETF/Fund,ETFs,Miscellaneous,,1034,
6/5/2026,10:29:04 AM,TSLA,,406.38,,,"Repeater Bullish Flow CALL@$1.745 Strike 410.0 Exp Jun 5, 2026",Options,,,,,,
6/5/2026,10:28:57 AM,HYG,244438,79.58,,19452376.04,DARK ISO  $19.0M 0.67% AvgVol,Block,ETF/Fund,ETFs,Miscellaneous,,198,
6/5/2026,10:28:07 AM,SLM,393400,22.42,,8820028,DARK ISO AA $8.8M 14.67% AvgVol,Block,Equity,Credit & Lending,Credit & Lending,,185,20260723
6/5/2026,10:28:07 AM,SLM,,22.42,,,Unusual Dark Pool Activity,DarkPool,Equity,Credit & Lending,Credit & Lending,,185,20260723
6/5/2026,10:27:56 AM,META,143800,618,,88868400,BLOCK  $88.0M 0.86% AvgVol,Block,Equity,Entertainment,Media,,2185,20260729
6/5/2026,10:27:39 AM,TSLA,,405.91,,,"Repeater Bearish Flow PUT@$3.965 Strike 407.5 Exp Jun 5, 2026",Options,,,,,,
6/5/2026,10:27:11 AM,JNK,236844,95.85,,22701497.4,DARK BLOCK  $22.0M 8.77% AvgVol,Block,ETF/Fund,,,,79,
6/5/2026,10:26:34 AM,VCIT,250000,82.01,,20502500,DARK BLOCK  $20.0M 2.98% AvgVol,Block,ETF/Fund,ETFs,Miscellaneous,,796,
6/5/2026,10:26:25 AM,KRE,217632,70.01,,15236416.32,DARK ISO BB $15.0M 1.55% AvgVol,Block,ETF/Fund,ETFs,Miscellaneous,,56,
6/5/2026,10:26:23 AM,SPTL,2930293,25.85,,75748074.05,DARK BLOCK  $75.0M 44.83% AvgVol,Block,ETF/Fund,ETFs,Miscellaneous,,389,
6/5/2026,10:26:23 AM,SPTL,,25.85,,,Unusual Dark Pool Activity,DarkPool,ETF/Fund,ETFs,Miscellaneous,,389,
6/5/2026,10:25:54 AM,ICLN,387372,22,,8522184,BLOCK  $8.5M 5.6% AvgVol,Block,ETF/Fund,ETFs,Miscellaneous,,136,
6/5/2026,10:25:27 AM,EWY,260000,188,,48880000,DARK BLOCK  $48.0M 1.52% AvgVol,Block,ETF/Fund,ETFs,Miscellaneous,,118,
6/5/2026,10:25:26 AM,BHP,150000,84.23,,12634500,DARK BLOCK  $12.0M 6.16% AvgVol,Block,Equity,Mining,Metals & Mining,,2537,0
6/5/2026,10:25:26 AM,BHP,,84.23,,,Unusual Dark Pool Activity,DarkPool,Equity,Mining,Metals & Mining,,2537,0
6/5/2026,10:23:45 AM,LQD,1300000,108.35,,140855000,DARK BLOCK  $140.0M 5.04% AvgVol,Block,ETF/Fund,ETFs,Miscellaneous,,272,
6/5/2026,10:23:36 AM,FISR,164420,25.4,,4176267.9999999995,DARK BLOCK  $4.1M 127.09% AvgVol,Block,ETF/Fund,,,,18,
6/5/2026,10:23:02 AM,XLB,189621,51.16,,9701010.36,DARK ISO BBDay $9.7M 1.68% AvgVol,Block,ETF/Fund,ETFs,Miscellaneous,,142,
6/5/2026,10:22:47 AM,SJNK,162000,24.92,,4037040.0000000005,DARK BLOCK  $4.0M 6.56% AvgVol,Block,ETF/Fund,ETFs,Miscellaneous,,190,
6/5/2026,10:22:26 AM,EWZ,200000,34.31,,6862000,DARK BLOCK  $6.8M 0.69% AvgVol,Block,ETF/Fund,ETFs,Miscellaneous,,284,
6/5/2026,10:22:21 AM,EEM,111567,66.34,,7401354.78,DARK BLOCK  $7.4M 0.41% AvgVol,Block,ETF/Fund,ETFs,Miscellaneous,,442,
6/5/2026,10:21:43 AM,VTIP,125793,50.32,,6329903.76,DARK BLOCK  $6.3M 4.71% AvgVol,Block,ETF/Fund,ETFs,Miscellaneous,,356,
6/5/2026,10:21:43 AM,VTIP,,50.32,,,Unusual Dark Pool Activity,DarkPool,ETF/Fund,ETFs,Miscellaneous,,356,
6/5/2026,10:21:33 AM,SCI,100000,71.15,,7115000.000000001,DARK BLOCK  $7.1M 7.06% AvgVol,Block,Equity,Miscellaneous Consumer Services,Consumer Services,,133,20260729
6/5/2026,10:20:54 AM,SNDK,,1658.66,,,"Roulette Bearish Flow PUT@$74.411 Strike 1725.0 Exp Jun 5, 2026",Options,,,,,,
6/5/2026,10:20:05 AM,NNN,120000,44.18,,5301600,DARK BLOCK  $5.3M 6.21% AvgVol,Block,Equity,REITs,Real Estate,,188,20260804
6/5/2026,10:19:19 AM,BND,212229,72.9,,15471494.100000001,DARK BLOCK  $15.0M 2.6% AvgVol,Block,ETF/Fund,ETFs,Miscellaneous,,2087,
6/5/2026,10:19:09 AM,NVDA,,212.72,,,"Repeater Bullish Flow CALL@$1.25 Strike 212.5 Exp Jun 5, 2026",Options,,,,,,
6/5/2026,10:18:41 AM,HYG,459850,79.6,,36604060,DARK ISO BB $36.0M 1.26% AvgVol,Block,ETF/Fund,ETFs,Miscellaneous,,198,
6/5/2026,10:18:24 AM,VXUS,135149,84.61,,11434956.89,DARK BLOCK  $11.0M 2.21% AvgVol,Block,ETF/Fund,ETFs,Miscellaneous,,1750,
6/5/2026,10:18:19 AM,BNDX,217754,48.02,,10456547.08,DARK BLOCK  $10.0M 3.98% AvgVol,Block,ETF/Fund,ETFs,Miscellaneous,,1640,
6/5/2026,10:18:16 AM,FRO,221600,35,,7756000,DARK ISO AADay $7.7M 8.29% AvgVol,Block,Equity,Equipment & Services,Oil & Gas,,222,20260227
6/5/2026,10:18:16 AM,FRO,,35,,,Unusual Dark Pool Activity,DarkPool,Equity,Equipment & Services,Oil & Gas,,222,20260227
6/5/2026,10:15:50 AM,SPY,125712,757.02,,95166498.24,DARK BLOCK  SP2 $95.0M 0.27% AvgVol,Block,ETF/Fund,ETFs,Miscellaneous,,1034,
6/5/2026,10:15:43 AM,SCHP,351006,26.49,,9298148.94,DARK BLOCK  $9.2M 8.96% AvgVol,Block,ETF/Fund,ETFs,Miscellaneous,,584,
6/5/2026,10:15:36 AM,MPWR,35000,1559,,54565000,BLOCK  $54.0M 5.18% AvgVol,Block,Equity,Semiconductors,IT Hardware,,47,20260730
6/5/2026,10:15:12 AM,SCHZ,300002,22.99,,6897045.9799999995,DARK BLOCK  $6.8M 12.99% AvgVol,Block,ETF/Fund,ETFs,Miscellaneous,,444,
6/5/2026,10:15:12 AM,SCHZ,,22.99,,,Unusual Dark Pool Activity,DarkPool,ETF/Fund,ETFs,Miscellaneous,,444,
6/5/2026,10:15:06 AM,XLI,100904,176.13,,17772221.52,DARK AVGPRC  $17.0M 1.22% AvgVol,Block,ETF/Fund,ETFs,Miscellaneous,,175,
6/5/2026,10:14:50 AM,XLK,100000,186.45,,18645000,DARK ISO BB $18.0M 0.84% AvgVol,Block,ETF/Fund,ETFs,Miscellaneous,,651,
6/5/2026,10:14:46 AM,BKLN,243843,20.49,,4996343.069999999,DARK BLOCK  $4.9M 2.51% AvgVol,Block,ETF/Fund,ETFs,Miscellaneous,,351,
6/5/2026,10:14:10 AM,WMT,750000,120.5,,90375000,BLOCK  $90.0M 3.55% AvgVol,Block,Equity,Retail - General Merchandise/Department Stores,Retail,,7963,20260820
6/5/2026,10:13:22 AM,Z,118000,35.55,,4194900,BLOCK  $4.1M 2.89% AvgVol,Block,Common Equity,"""Property, Real Estate & Development""",Communication Services,,228,20260805
6/5/2026,10:13:21 AM,IWM,121000,287.15,,34745150,DARK BLOCK  $34.0M 0.47% AvgVol,Block,ETF/Fund,ETFs,Miscellaneous,,273,
6/5/2026,10:12:36 AM,AVGO,250000,399.15,,99787500,DARK BLOCK  $99.0M 1.15% AvgVol,Block,Equity,Semiconductors,IT Hardware,,4734,20260903
6/5/2026,10:12:33 AM,NVDA,890000,212.21,,188866900,DARK BLOCK  $188.0M 0.53% AvgVol,Block,Equity,Semiconductors,IT Hardware,,23246,20260826
6/5/2026,10:12:15 AM,MSTR,,118.75,,,"Repeater Bearish Flow PUT@$0.632 Strike 115.0 Exp Jun 5, 2026",Options,,,,,,
6/5/2026,10:11:50 AM,IBHG,1353088,22.02,,29794997.759999998,DARK BLOCK  $29.0M 1036.14% AvgVol,Block,ETF/Fund,ETFs,Miscellaneous,,19,
6/5/2026,10:11:50 AM,IBHG,,22.02,,,Unusual Dark Pool Activity,DarkPool,ETF/Fund,ETFs,Miscellaneous,,19,
6/5/2026,10:11:47 AM,GH,249500,128,,31936000,DARK ISO BB $31.0M 10.97% AvgVol,Block,Common Equity,Medical Instruments & Equipment,Health Care Equipment,,132,20260729
6/5/2026,10:11:47 AM,GH,,128,,,Unusual Dark Pool Activity,DarkPool,Common Equity,Medical Instruments & Equipment,Health Care Equipment,,132,20260729
6/5/2026,10:11:41 AM,IREN,232000,55.2,,12806400,BLOCK  $12.0M 0.44% AvgVol,Block,Common Equity,Services,Financials,,357,20260827
6/5/2026,10:11:31 AM,TSLA,,409.3,,,"Repeater Bearish Flow PUT@$1.53 Strike 405.0 Exp Jun 5, 2026",Options,,,,,,
6/5/2026,10:10:38 AM,CNC,126148,62.25,,7852713,DARK BLOCK  $7.8M 1.96% AvgVol,Block,Equity,Hospitals & Health Care Facilities,Health Care Services,,491,20260724
6/5/2026,10:10:26 AM,SCI,149600,71.15,,10644040,DARK ISO BB $10.0M 10.56% AvgVol,Block,Equity,Miscellaneous Consumer Services,Consumer Services,,133,20260729
6/5/2026,10:10:26 AM,SCI,,71.15,,,Unusual Dark Pool Activity,DarkPool,Equity,Miscellaneous Consumer Services,Consumer Services,,133,20260729
6/5/2026,10:10:25 AM,IBHF,1320666,22.6,,29847051.6,DARK BLOCK  $29.0M 338.93% AvgVol,Block,ETF/Fund,,,,40,
6/5/2026,10:10:25 AM,IBHF,,22.6,,,Unusual Dark Pool Activity,DarkPool,ETF/Fund,,,,40,
6/5/2026,10:10:20 AM,QQQ,102999,740.33,,76253249.67,DARK BLOCK  SP3 $76.0M 0.27% AvgVol,Block,ETF/Fund,ETFs,Miscellaneous,,664,
6/5/2026,10:10:17 AM,IXUS,157440,95.19,,14986713.6,DARK BLOCK  $14.0M 8.59% AvgVol,Block,ETF/Fund,ETFs,Miscellaneous,,604,
6/5/2026,10:10:17 AM,IXUS,,95.19,,,Unusual Dark Pool Activity,DarkPool,ETF/Fund,ETFs,Miscellaneous,,604,
6/5/2026,10:09:52 AM,MU,,933.93,,,"Repeater Bullish Flow CALL@$10.4 Strike 940.0 Exp Jun 5, 2026",Options,,,,,,
6/5/2026,10:09:46 AM,BND,546126,72.89,,39807124.14,DARK BLOCK  $39.0M 6.68% AvgVol,Block,ETF/Fund,ETFs,Miscellaneous,,2087,
6/5/2026,10:09:39 AM,BND,546126,72.88,,39801662.879999995,Cancelled DARK BLOCK  $39.0M 6.68% AvgVol,Block,ETF/Fund,ETFs,Miscellaneous,,2087,
6/5/2026,10:08:55 AM,BND,546126,72.88,,39801662.879999995,DARK BLOCK  $39.0M 6.68% AvgVol,Block,ETF/Fund,ETFs,Miscellaneous,,2087,
6/5/2026,10:08:38 AM,EWZ,186000,34.5,,6417000,DARK BLOCK  $6.4M 0.65% AvgVol,Block,ETF/Fund,ETFs,Miscellaneous,,284,
6/5/2026,10:08:35 AM,RUN,298300,13.77,,4107591,DARK ISO  $4.1M 3.51% AvgVol,Block,Common Equity,Electrical Equipment,Information Technology,,230,20260805
6/5/2026,10:08:35 AM,RUN,,13.77,,,Unusual Dark Pool Activity,DarkPool,Common Equity,Electrical Equipment,Information Technology,,230,20260805
6/5/2026,10:08:14 AM,META,160000,615.08,,98412800,BLOCK  $98.0M 0.96% AvgVol,Block,Equity,Entertainment,Media,,2185,20260729
6/5/2026,10:07:57 AM,USFD,499900,83,,41491700,DARK ISO  $41.0M 19.81% AvgVol,Block,Equity,"""Retail - Food & Beverage, Drug & Tobacco""",Retail,,220,20260806
6/5/2026,10:07:57 AM,USFD,,83,,,Unusual Dark Pool Activity,DarkPool,Equity,"""Retail - Food & Beverage, Drug & Tobacco""",Retail,,220,20260806
6/5/2026,10:07:44 AM,RBRK,107500,73.7,,7922750,BLOCK  $7.9M 3.14% AvgVol,Block,Equity,Internet & Software,IT Services & Software,,202,20260604
6/5/2026,10:07:04 AM,SHEL,505405,86.4,,43666992,DARK BLOCK  $43.0M 6.15% AvgVol,Block,Equity,Production & Extraction,Oil & Gas,,2803,20260730
6/5/2026,10:06:46 AM,NBIS,127255,230,,29268650,DARK BLOCK  $29.0M 0.72% AvgVol,Block,Common Equity,Internet & Software,IT Services & Software,,253,20260806
6/5/2026,10:06:42 AM,XLV,2920000,153.3,,447636000.00000006,DARK BLOCK  $447.0M 29.97% AvgVol,Block,ETF/Fund,ETFs,Miscellaneous,,256,
6/5/2026,10:05:18 AM,GEV,,946.14,,,Alpha Gold Alert,AlphaGold,,,,,,
6/5/2026,10:05:14 AM,GEV,,946.14,,,"Large Bullish Flow CALL@$75.0 Strike 1000.0 Exp Aug 21, 2026",Options,,,,,,
6/5/2026,10:04:35 AM,SQQQ,202111,40.37,,8159221.069999999,DARK BLOCK  $8.1M 0.34% AvgVol,Block,ETF/Fund,ETFs,Miscellaneous,,58,
6/5/2026,10:04:31 AM,VGIT,474434,58.57,,27787599.38,DARK BLOCK  $27.0M 14.65% AvgVol,Block,ETF/Fund,ETFs,Miscellaneous,,682,
6/5/2026,10:04:15 AM,VMBS,288875,46.43,,13412466.25,DARK ISO  $13.0M 20.94% AvgVol,Block,ETF/Fund,ETFs,Miscellaneous,,323,
6/5/2026,10:04:15 AM,VMBS,,46.43,,,Unusual Dark Pool Activity,DarkPool,ETF/Fund,ETFs,Miscellaneous,,323,
6/5/2026,10:03:56 AM,SPY,100000,749.34,,74934000,BLOCK BB $74.0M 0.21% AvgVol,Block,ETF/Fund,ETFs,Miscellaneous,,1034,
6/5/2026,10:03:32 AM,CNC,100000,62.12,,6212000,DARK BLOCK  $6.2M 1.56% AvgVol,Block,Equity,Hospitals & Health Care Facilities,Health Care Services,,491,20260724
6/5/2026,10:03:03 AM,NNN,100000,44.32,,4432000,DARK BLOCK  $4.4M 5.18% AvgVol,Block,Equity,REITs,Real Estate,,188,20260804
6/5/2026,10:03:03 AM,NNN,,44.32,,,Unusual Dark Pool Activity,DarkPool,Equity,REITs,Real Estate,,188,20260804
6/5/2026,10:02:44 AM,WBD,150000,26.96,,4044000,DARK BLOCK  $4.0M 0.86% AvgVol,Block,Common Equity,Entertainment,Media,,2507,20260806
6/5/2026,10:02:29 AM,CNP,100000,42.59,,4259000,DARK BLOCK  $4.2M 1.82% AvgVol,Block,Equity,Electric Utilities,Electric Utilities,,652,20260723
6/5/2026,10:02:07 AM,CWB,175000,106.72,,18676000,DARK BLOCK  $18.0M 18.19% AvgVol,Block,ETF/Fund,ETFs,Miscellaneous,,57,
6/5/2026,10:02:07 AM,CWB,,106.72,,,Unusual Dark Pool Activity,DarkPool,ETF/Fund,ETFs,Miscellaneous,,57,
6/5/2026,10:01:58 AM,DBA,250384,26.63,,6667725.92,DARK ISO AA $6.6M 15.49% AvgVol,Block,ETF/Fund,ETFs,Miscellaneous,,44,
6/5/2026,10:01:58 AM,DBA,,26.63,,,Unusual Dark Pool Activity,DarkPool,ETF/Fund,ETFs,Miscellaneous,,44,
6/5/2026,10:00:43 AM,PBW,110000,42.89,,4717900,DARK AVGPRC  $4.7M 10.59% AvgVol,Block,ETF/Fund,ETFs,Miscellaneous,,12,
6/5/2026,10:00:43 AM,PBW,,42.89,,,Unusual Dark Pool Activity,DarkPool,ETF/Fund,ETFs,Miscellaneous,,12,
6/5/2026,10:00:26 AM,MSTR,,120.18,,,"Repeater Bearish Flow PUT@$2.159 Strike 80.0 Exp Jul 17, 2026",Options,,,,,,
6/5/2026,10:00:09 AM,NBIS,,229.64,,,"Roulette Bullish Flow CALL@$3.55 Strike 232.5 Exp Jun 5, 2026",Options,,,,,,
6/5/2026,10:00:08 AM,SHEL,505405,86.4,,43666992,DARK BLOCK  $43.0M 6.15% AvgVol,Block,Equity,Production & Extraction,Oil & Gas,,2803,20260730
6/5/2026,9:59:43 AM,IBIT,117391,34.41,,4039424.3099999996,DARK BLOCK  $4.0M 0.29% AvgVol,Block,ETF/Fund,Holding and other Investment Offices,Miscellaneous,,1401,
6/5/2026,9:59:33 AM,VTI,235086,369.09,,86767891.74,DARK ISO BB $86.0M 7.28% AvgVol,Block,Equity,ETFs,Miscellaneous,,1762,
6/5/2026,9:59:33 AM,VTI,,369.09,,,Unusual Dark Pool Activity,DarkPool,Equity,ETFs,Miscellaneous,,1762,
6/5/2026,9:58:46 AM,SPAB,750200,25.34,,19010068,DARK BLOCK  $19.0M 24.96% AvgVol,Block,ETF/Fund,ETFs,Miscellaneous,,379,
6/5/2026,9:58:36 AM,VEA,514203,70.65,,36328441.95,DARK ISO AA $36.0M 4.72% AvgVol,Block,ETF/Fund,ETFs,Miscellaneous,,3214,
6/5/2026,9:58:14 AM,MU,,922.72,,,"Repeater Bearish Flow PUT@$2.486 Strike 875.0 Exp Jun 5, 2026",Options,,,,,,
6/5/2026,9:58:01 AM,QQQ,270000,726.17,,196065900,DARK BLOCK  $196.0M 0.7% AvgVol,Block,ETF/Fund,ETFs,Miscellaneous,,664,
6/5/2026,9:57:37 AM,QXO,333000,15.86,,5281380,DARK AVGPRC  $5.2M 1.97% AvgVol,Block,Equity,Internet & Software,IT Services & Software,,725,20260813
6/5/2026,9:57:35 AM,ALK,100000,43.11,,4311000,DARK BLOCK  $4.3M 2.9% AvgVol,Block,Equity,Airlines/Air Freight,Transport,,110,20260722
6/5/2026,9:57:06 AM,SMA,266819,31,,8271389,DARK BLOCK  $8.2M 40.87% AvgVol,Block,Equity,REITs,Real Estate,,55,20260805
6/5/2026,9:57:06 AM,SMA,,31,,,Unusual Dark Pool Activity,DarkPool,Equity,REITs,Real Estate,,55,20260805
6/5/2026,9:56:21 AM,PYPL,275183,41.85,,11516408.55,DARK BLOCK  $11.0M 1.88% AvgVol,Block,Equity,Business Services,Financials,,876,20260804
6/5/2026,9:56:13 AM,QQQ,100000,726.4,,72640000,BLOCK  $72.0M 0.26% AvgVol,Block,ETF/Fund,ETFs,Miscellaneous,,664,
6/5/2026,9:56:11 AM,CAT,205000,921.5,,188907500,BLOCK  $188.0M 7.81% AvgVol,Block,Equity,Construction Services,Commercial Services & Supplies,,459,20260804
6/5/2026,9:56:11 AM,WBD,278857,26.96,,7517984.720000001,DARK BLOCK  $7.5M 1.6% AvgVol,Block,Common Equity,Entertainment,Media,,2507,20260806
6/5/2026,9:55:30 AM,DIA,100233,516.57,,51777360.81,DARK BLOCK  SP1 $51.0M 2.25% AvgVol,Block,ETF/Fund,ETFs,Miscellaneous,,87,
6/5/2026,9:55:22 AM,CERY,282045,36.2,,10210029,DARK BLOCK  $10.0M 253.2% AvgVol,Block,ETF/Fund,,,,28,
6/5/2026,9:55:22 AM,CERY,,36.2,,,Unusual Dark Pool Activity,DarkPool,ETF/Fund,,,,28,
6/5/2026,9:54:11 AM,AMZN,800000,253.78,,203024000,BLOCK  $203.0M 1.81% AvgVol,Block,Common Equity,Retail - Specialty,Retail,,9799,20260730
6/5/2026,9:53:47 AM,NVDA,,213.35,,,Options Active Alert,Options,,,,,,
6/5/2026,9:53:47 AM,NVDA,,213.62,,,"Rapidfire Bullish Flow CALL@$0.9 Strike 215.0 Exp Jun 5, 2026",Options,,,,,,
6/5/2026,9:53:30 AM,FELC,151794,42.05,,6382937.699999999,DARK BLOCK  $6.3M 21.01% AvgVol,Block,ETF/Fund,,,,182,
6/5/2026,9:53:11 AM,QQQ,206019,740.33,,152522046.27,DARK BLOCK  SP2 $152.0M 0.54% AvgVol,Block,ETF/Fund,ETFs,Miscellaneous,,664,
6/5/2026,9:53:07 AM,SPTI,771025,28.21,,21750615.25,DARK BLOCK  $21.0M 32.48% AvgVol,Block,ETF/Fund,ETFs,Miscellaneous,,357,
6/5/2026,9:52:02 AM,QQQ,103009,740.33,,76260652.97,DARK BLOCK  SP1 $76.0M 0.27% AvgVol,Block,ETF/Fund,ETFs,Miscellaneous,,664,
6/5/2026,9:51:56 AM,MU,,932.2,,,Options Active Alert,Options,,,,,,
6/5/2026,9:51:56 AM,MU,,931.84,,,"Rapidfire Bullish Flow CALL@$8.0 Strike 950.0 Exp Jun 5, 2026",Options,,,,,,
6/5/2026,9:51:56 AM,MU,,931.84,,,"Large Bullish Flow CALL@$8.0 Strike 950.0 Exp Jun 5, 2026",Options,,,,,,
6/5/2026,9:51:56 AM,SPY,125712,757.02,,95166498.24,DARK BLOCK  SP1 $95.0M 0.27% AvgVol,Block,ETF/Fund,ETFs,Miscellaneous,,1034,
6/5/2026,9:51:41 AM,EWY,100069,188,,18812972,DARK BLOCK  $18.0M 0.59% AvgVol,Block,ETF/Fund,ETFs,Miscellaneous,,118,
6/5/2026,9:51:22 AM,QBTS,,25.3,,,"Repeater Bearish Flow PUT@$1.3 Strike 26.5 Exp Jun 5, 2026",Options,,,,,,
6/5/2026,9:50:46 AM,PPL,249600,35.3,,8810880,DARK ISO  $8.8M 2.79% AvgVol,Block,Equity,Electric Utilities,Electric Utilities,,749,20260730
6/5/2026,9:50:40 AM,UNH,1150000,398.15,,457872500,BLOCK  $457.0M 16.41% AvgVol,Block,Equity,Life & Health,Health Care,,905,20260804
6/5/2026,9:50:34 AM,SRLN,192408,40.36,,7765586.88,DARK BLOCK  $7.7M 9.01% AvgVol,Block,ETF/Fund,,,,129,
6/5/2026,9:50:19 AM,MSTR,,121.88,,,"Repeater Bearish Flow PUT@$1.294 Strike 120.0 Exp Jun 5, 2026",Options,,,,,,
6/5/2026,9:50:07 AM,FWONK,139995,86.25,,12074568.75,DARK ISO BB $12.0M 6.76% AvgVol,Block,Common Equity,Radio & Television,Media,,224,20260806
6/5/2026,9:50:07 AM,FWONK,,86.25,,,Unusual Dark Pool Activity,DarkPool,Common Equity,Radio & Television,Media,,224,20260806
6/5/2026,9:49:58 AM,LQD,242593,108.37,,26289803.41,DARK ISO BB $26.0M 0.94% AvgVol,Block,ETF/Fund,ETFs,Miscellaneous,,272,
6/5/2026,9:49:53 AM,META,160000,624.4,,99904000,BLOCK  $99.0M 0.96% AvgVol,Block,Equity,Entertainment,Media,,2185,20260729
6/5/2026,9:49:49 AM,CDE,234721,17.38,,4079450.98,BLOCK  $4.0M 1.18% AvgVol,Block,Equity,Precious Metals,Metals & Mining,,1025,20260805
6/5/2026,9:49:49 AM,CDE,232185,17.38,,4035375.3,BLOCK  $4.0M 1.16% AvgVol,Block,Equity,Precious Metals,Metals & Mining,,1025,20260805
6/5/2026,9:49:47 AM,TQQQ,149900,80.01,,11993499,DARK BLOCK  $11.0M 0.21% AvgVol,Block,ETF/Fund,ETFs,Miscellaneous,,470,
6/5/2026,9:49:47 AM,TQQQ,,80.01,,,Unusual Dark Pool Activity,DarkPool,ETF/Fund,ETFs,Miscellaneous,,470,
6/5/2026,9:49:45 AM,SPY,72295,749.55,,54188717.25,BLOCK  $54.0M 0.16% AvgVol,Block,ETF/Fund,ETFs,Miscellaneous,,1034,
6/5/2026,9:49:25 AM,MSLC,329284,58.9,,19394827.599999998,DARK BLOCK  $19.0M 533.0% AvgVol,Block,ETF/Fund,Holding and other Investment Offices,Miscellaneous,,67,
6/5/2026,9:49:25 AM,MSLC,,58.9,,,Unusual Dark Pool Activity,DarkPool,ETF/Fund,Holding and other Investment Offices,Miscellaneous,,67,
6/5/2026,9:48:51 AM,INFL,103900,52.32,,5436048,DARK ISO AADay $5.4M 32.52% AvgVol,Block,ETF/Fund,,,,30,
6/5/2026,9:48:51 AM,INFL,,52.32,,,Unusual Dark Pool Activity,DarkPool,ETF/Fund,,,,30,
6/5/2026,9:47:45 AM,MSSM,403202,58.9,,23748597.8,DARK BLOCK  $23.0M 3535.34% AvgVol,Block,ETF/Fund,Holding and other Investment Offices,Miscellaneous,,12,
6/5/2026,9:47:45 AM,MSSM,,58.9,,,Unusual Dark Pool Activity,DarkPool,ETF/Fund,Holding and other Investment Offices,Miscellaneous,,12,
6/5/2026,9:47:31 AM,UDR,150000,39,,5850000,DARK BLOCK  $5.8M 3.03% AvgVol,Block,Equity,REITs,Real Estate,,319,20260729
6/5/2026,9:47:22 AM,IJH,178149,74.69,,13305948.81,DARK ISO BB $13.0M 2.48% AvgVol,Block,ETF/Fund,ETFs,Miscellaneous,,1597,
6/5/2026,9:46:40 AM,AVGO,100000,402.2,,40220000,DARK BLOCK  $40.0M 0.46% AvgVol,Block,Equity,Semiconductors,IT Hardware,,4734,20260903
6/5/2026,9:45:56 AM,RTX,123930,179.38,,22230563.4,DARK BLOCK  $22.0M 2.08% AvgVol,Block,Equity,Aerospace,Aerospace & Defense,,1346,20260728
6/5/2026,9:45:43 AM,TSLA,,412.85,,,"Repeater Bearish Flow PUT@$2.4 Strike 410.0 Exp Jun 5, 2026",Options,,,,,,
6/5/2026,9:44:04 AM,TMHC,100000,71.52,,7152000,DARK BLOCK  $7.1M 4.15% AvgVol,Block,Equity,Builders,Consumer Services,,91,20260722
6/5/2026,9:44:00 AM,NKE,1000000,43.46,,43460000,BLOCK  $43.0M 4.81% AvgVol,Block,Equity,"""Apparel, Footwear & Accessories""",Textiles & Apparel,,1469,20260630
6/5/2026,9:43:47 AM,XLF,402812,52.27,,21054983.240000002,DARK ISO AA $21.0M 1.18% AvgVol,Block,ETF/Fund,ETFs,Miscellaneous,,964,
6/5/2026,9:43:12 AM,IBIT,214033,35.03,,7497575.99,DARK ISO AA $7.4M 0.54% AvgVol,Block,ETF/Fund,Holding and other Investment Offices,Miscellaneous,,1401,
6/5/2026,9:43:09 AM,SPY,75000,750.83,,56312250,BLOCK  $56.0M 0.16% AvgVol,Block,ETF/Fund,ETFs,Miscellaneous,,1034,
6/5/2026,9:42:33 AM,EWY,309497,187.97,,58176151.089999996,Cancelled DARK ISO BB $58.0M 1.81% AvgVol,Block,ETF/Fund,ETFs,Miscellaneous,,118,
6/5/2026,9:42:26 AM,EWY,309497,187.97,,58176151.089999996,DARK ISO BB $58.0M 1.81% AvgVol,Block,ETF/Fund,ETFs,Miscellaneous,,118,
6/5/2026,9:42:09 AM,LQD,125000,108.43,,13553750,DARK AVGPRC  $13.0M 0.48% AvgVol,Block,ETF/Fund,ETFs,Miscellaneous,,272,
6/5/2026,9:42:01 AM,LQD,394000,108.41,,42713540,DARK BLOCK  $42.0M 1.53% AvgVol,Block,ETF/Fund,ETFs,Miscellaneous,,272,
6/5/2026,9:41:01 AM,TSLA,,416.15,,,"Repeater Bearish Flow PUT@$2.232 Strike 412.5 Exp Jun 5, 2026",Options,,,,,,
6/5/2026,9:40:04 AM,ORCL,138890,226,,31389140,BLOCK  $31.0M 0.58% AvgVol,Block,Equity,Internet & Software,IT Services & Software,,1699,20260610
6/5/2026,9:39:42 AM,EWY,334797,188.85,,63226413.449999996,Cancelled DARK BLOCK  $63.0M 1.96% AvgVol,Block,ETF/Fund,ETFs,Miscellaneous,,118,
6/5/2026,9:39:39 AM,MU,,943.61,,,"Repeater Bearish Flow PUT@$0.549 Strike 850.0 Exp Jun 5, 2026",Options,,,,,,
6/5/2026,9:39:34 AM,EWY,334797,188.85,,63226413.449999996,DARK BLOCK  $63.0M 1.96% AvgVol,Block,ETF/Fund,ETFs,Miscellaneous,,118,
6/5/2026,9:39:06 AM,NOW,117240,118.24,,13862457.6,DARK BLOCK  $13.0M 0.35% AvgVol,Block,Equity,Internet & Software,IT Services & Software,,1027,20260722
6/5/2026,9:38:57 AM,GOOG,105600,365.5,,38596800,BLOCK  $38.0M 0.5% AvgVol,Block,Equity,Entertainment,Media,,12116,20260722
6/5/2026,9:38:49 AM,ALK,187433,43,,8059619,DARK BLOCK  $8.0M 5.44% AvgVol,Block,Equity,Airlines/Air Freight,Transport,,110,20260722
6/5/2026,9:38:49 AM,ALK,,43,,,Unusual Dark Pool Activity,DarkPool,Equity,Airlines/Air Freight,Transport,,110,20260722
6/5/2026,9:38:30 AM,NVDA,,213.4,,,"Repeater Bearish Flow PUT@$0.403 Strike 210.0 Exp Jun 5, 2026",Options,,,,,,
6/5/2026,9:38:13 AM,ARM,125220,363,,45454860,BLOCK  $45.0M 0.98% AvgVol,Block,ADR,Semiconductors,IT Hardware,,1056,20260729
6/5/2026,9:37:43 AM,EWJ,182473,92.85,,16942618.05,DARK ISO AA $16.0M 3.25% AvgVol,Block,ETF/Fund,ETFs,Miscellaneous,,231,
6/5/2026,9:37:41 AM,SPLB,221086,22.24,,4916952.64,DARK BLOCK  $4.9M 7.58% AvgVol,Block,ETF/Fund,ETFs,Miscellaneous,,56,
6/5/2026,9:37:41 AM,SPLB,,22.24,,,Unusual Dark Pool Activity,DarkPool,ETF/Fund,ETFs,Miscellaneous,,56,
6/5/2026,9:37:41 AM,SPAB,321864,25.35,,8159252.4,DARK BLOCK  $8.1M 10.71% AvgVol,Block,ETF/Fund,ETFs,Miscellaneous,,379,
6/5/2026,9:37:41 AM,SPAB,,25.35,,,Unusual Dark Pool Activity,DarkPool,ETF/Fund,ETFs,Miscellaneous,,379,
6/5/2026,9:37:40 AM,FISR,913130,25.41,,23202633.3,DARK BLOCK  $23.0M 705.81% AvgVol,Block,ETF/Fund,,,,18,
6/5/2026,9:37:40 AM,FISR,,25.41,,,Unusual Dark Pool Activity,DarkPool,ETF/Fund,,,,18,
6/5/2026,9:37:40 AM,SOXS,833635,6,,5001810,DARK BLOCK  $5.0M 0.27% AvgVol,Block,ETF/Fund,ETFs,Miscellaneous,,287,
6/5/2026,9:37:39 AM,SPDW,244951,50.38,,12340631.38,DARK ISO  $12.0M 7.29% AvgVol,Block,ETF/Fund,ETFs,Miscellaneous,,797,
6/5/2026,9:37:39 AM,SPDW,,50.38,,,Unusual Dark Pool Activity,DarkPool,ETF/Fund,ETFs,Miscellaneous,,797,
6/5/2026,9:37:39 AM,SPTL,875881,25.85,,22641523.85,DARK BLOCK  $22.0M 13.4% AvgVol,Block,ETF/Fund,ETFs,Miscellaneous,,389,
6/5/2026,9:37:15 AM,TSLA,,418.68,,,"Repeater Bearish Flow PUT@$2.286 Strike 415.0 Exp Jun 5, 2026",Options,,,,,,
6/5/2026,9:35:44 AM,APTV,145019,72.66,,10537080.54,DARK BLOCK  $10.0M 3.68% AvgVol,Block,Equity,Auto Parts,Autos & Auto Parts,,211,20260730
6/5/2026,9:35:40 AM,GDX,180000,83.5,,15030000,BLOCK  $15.0M 0.88% AvgVol,Block,ETF/Fund,ETFs,Miscellaneous,,304,
6/5/2026,9:35:19 AM,MUB,247800,106.82,,26469996,DARK ISO AA $26.0M 7.5% AvgVol,Block,ETF/Fund,ETFs,Miscellaneous,,418,
6/5/2026,9:35:12 AM,GDX,176800,83.5,,14762800,BLOCK  $14.0M 0.87% AvgVol,Block,ETF/Fund,ETFs,Miscellaneous,,304,
6/5/2026,9:34:04 AM,KO,249500,78.14,,19495930,DARK ISO BB $19.0M 1.67% AvgVol,Block,Equity,Beverages,Food & Beverage,,4263,20260728
6/5/2026,9:34:02 AM,KEEL,860000,5.26,,4523600,DARK BLOCK  $4.5M 2.26% AvgVol,Block,Equity,Internet & Software,IT Services & Software,,602,20260811
6/5/2026,9:34:02 AM,KEEL,,5.26,,,Unusual Dark Pool Activity,DarkPool,Equity,Internet & Software,IT Services & Software,,602,20260811
6/5/2026,9:33:56 AM,ARM,125220,370,,46331400,BLOCK  $46.0M 0.98% AvgVol,Block,ADR,Semiconductors,IT Hardware,,1056,20260729
6/5/2026,9:33:05 AM,RTX,116829,179.16,,20931083.64,DARK BLOCK  $20.0M 1.96% AvgVol,Block,Equity,Aerospace,Aerospace & Defense,,1346,20260728
6/5/2026,9:33:02 AM,NVDA,,214.28,,,"Repeater Bearish Flow PUT@$0.92 Strike 212.5 Exp Jun 5, 2026",Options,,,,,,
6/5/2026,9:32:25 AM,RTX,123930,178.43,,22112829.900000002,DARK BLOCK  $22.0M 2.08% AvgVol,Block,Equity,Aerospace,Aerospace & Defense,,1346,20260728
6/5/2026,9:32:24 AM,GNR,311400,72.8,,22669920,DARK BLOCK  $22.0M 116.9% AvgVol,Block,ETF/Fund,ETFs,Miscellaneous,,66,
6/5/2026,9:32:24 AM,GNR,,72.8,,,Unusual Dark Pool Activity,DarkPool,ETF/Fund,ETFs,Miscellaneous,,66,
6/5/2026,9:32:19 AM,MU,,957,,,"Roulette Bullish Flow CALL@$10.4 Strike 975.0 Exp Jun 5, 2026",Options,,,,,,
6/5/2026,9:31:54 AM,CWAN,205679,24.4,,5018567.6,DARK BLOCK  $5.0M 6.85% AvgVol,Block,Equity,Internet & Software,IT Services & Software,,298,20260805
6/5/2026,9:31:36 AM,NVDA,,214.16,,,"Repeater Bearish Flow PUT@$2.421 Strike 215.0 Exp Jun 5, 2026",Options,,,,,,
6/5/2026,9:31:34 AM,AAPL,,314,,,"Rapidfire Bullish Flow CALL@$1.868 Strike 312.5 Exp Jun 5, 2026",Options,,,,,,
6/5/2026,9:31:33 AM,TSLA,,424.03,,,Options Active Alert,Options,,,,,,
6/5/2026,9:31:33 AM,TSLA,,424.26,,,"Rapidfire Bullish Flow CALL@$0.522 Strike 440.0 Exp Jun 5, 2026",Options,,,,,,
6/5/2026,9:30:56 AM,ESNT,998600,56.15,,56071390,DARK ISO BBDay $56.0M 138.17% AvgVol,Block,Equity,General Insurance,Insurance,,88,20260814
6/5/2026,9:30:56 AM,ESNT,,56.15,,,Unusual Dark Pool Activity,DarkPool,Equity,General Insurance,Insurance,,88,20260814
6/5/2026,9:30:50 AM,BOXX,249500,116.94,,29176530,DARK BLOCK  $29.0M 11.39% AvgVol,Block,ETF/Fund,,,,103,
6/5/2026,9:30:50 AM,BOXX,,116.94,,,Unusual Dark Pool Activity,DarkPool,ETF/Fund,,,,103,
6/5/2026,9:30:36 AM,UNH,,402.27,,,Options Active Alert,Options,,,,,,
6/5/2026,9:30:36 AM,UNH,,401.74,,,"Rapidfire Bullish Flow CALL@$1.796 Strike 405.0 Exp Jun 5, 2026",Options,,,,,,
6/5/2026,9:30:27 AM,AAPL,,312.78,,,Options Active Alert,Options,,,,,,
6/5/2026,9:30:27 AM,AAPL,,312.98,,,"Rapidfire Bullish Flow CALL@$0.864 Strike 315.0 Exp Jun 5, 2026",Options,,,,,,
6/5/2026,9:25:59 AM,UMC,1358700,20.79,,28247373,DARK AVGPRC  $28.0M 8.46% AvgVol,Block,Equity,Semiconductors,IT Hardware,,2316,20260729
6/5/2026,9:23:57 AM,BP,309836,43.85,,13586308.6,DARK BLOCK  $13.0M 3.37% AvgVol,Block,Equity,Production & Extraction,Oil & Gas,,2592,20260804
6/5/2026,9:08:27 AM,EWY,318567,194.2,,61865711.4,DARK BLOCK  $61.0M 1.86% AvgVol,Block,ETF/Fund,ETFs,Miscellaneous,,118,
6/5/2026,8:50:15 AM,TQQQ,102361,82.25,,8419192.25,BLOCK  $8.4M 0.15% AvgVol,Block,ETF/Fund,ETFs,Miscellaneous,,470,
6/5/2026,8:49:22 AM,VOO,425000,692.89,,294478250,DARK BLOCK  $294.0M 7.11% AvgVol,Block,ETF/Fund,ETFs,Miscellaneous,,1404,
6/5/2026,8:40:50 AM,SOXS,800000,5.76,,4608000,DARK BLOCK  $4.6M 0.26% AvgVol,Block,ETF/Fund,ETFs,Miscellaneous,,287,
6/5/2026,8:37:17 AM,NVDA,247742,218.66,,54171265.72,DARK AVGPRC  $54.0M 0.15% AvgVol,Block,Equity,Semiconductors,IT Hardware,,23246,20260826
6/5/2026,8:30:43 AM,NVS,100000,148.05,,14805000.000000002,DARK AVGPRC  $14.0M 7.24% AvgVol,Block,Equity,Pharmaceuticals,Pharmaceuticals & Biotechnology,,1907,20260716
6/5/2026,8:30:43 AM,NVS,,148.05,,,Unusual Dark Pool Activity,DarkPool,Equity,Pharmaceuticals,Pharmaceuticals & Biotechnology,,1907,20260716
6/5/2026,8:25:46 AM,AMKR,143800,73.82,,10615315.999999998,DARK BLOCK  $10.0M 2.72% AvgVol,Block,Equity,Semiconductors,IT Hardware,,182,20260727
6/5/2026,8:22:44 AM,AMKR,209975,73.82,,15500354.499999998,DARK BLOCK  $15.0M 3.97% AvgVol,Block,Equity,Semiconductors,IT Hardware,,182,20260727
6/5/2026,8:22:44 AM,AMKR,,73.82,,,Unusual Dark Pool Activity,DarkPool,Equity,Semiconductors,IT Hardware,,182,20260727
6/5/2026,8:20:22 AM,IBM,165688,301.77,,49999667.76,DARK AVGPRC  $49.0M 1.56% AvgVol,Block,Equity,IT Services,IT Services & Software,,937,20260722
6/5/2026,8:20:22 AM,PLTR,301529,141.7,,42726659.3,DARK AVGPRC  $42.0M 0.69% AvgVol,Block,Common Equity,IT Services,IT Services & Software,,2397,20260803
6/5/2026,8:20:22 AM,NVDA,228662,218.66,,49999232.92,DARK AVGPRC  $49.0M 0.14% AvgVol,Block,Equity,Semiconductors,IT Hardware,,23246,20260826
6/5/2026,8:20:22 AM,NVDA,228659,218.66,,49998576.94,DARK AVGPRC  $49.0M 0.14% AvgVol,Block,Equity,Semiconductors,IT Hardware,,23246,20260826
6/5/2026,8:20:22 AM,NVDA,228656,218.66,,49997920.96,DARK AVGPRC  $49.0M 0.14% AvgVol,Block,Equity,Semiconductors,IT Hardware,,23246,20260826
6/5/2026,8:20:22 AM,NVDA,178514,218.66,,39033871.24,DARK AVGPRC  $39.0M 0.11% AvgVol,Block,Equity,Semiconductors,IT Hardware,,23246,20260826
6/5/2026,8:20:22 AM,WMT,116612,117.74,,13729896.879999999,DARK AVGPRC  $13.0M 0.55% AvgVol,Block,Equity,Retail - General Merchandise/Department Stores,Retail,,7963,20260820
6/5/2026,8:20:22 AM,NVDA,228663,218.66,,49999451.58,DARK AVGPRC  $49.0M 0.14% AvgVol,Block,Equity,Semiconductors,IT Hardware,,23246,20260826
6/5/2026,8:20:22 AM,NVDA,228658,218.66,,49998358.28,DARK AVGPRC  $49.0M 0.14% AvgVol,Block,Equity,Semiconductors,IT Hardware,,23246,20260826
6/5/2026,8:20:22 AM,NVDA,228662,218.66,,49999232.92,DARK AVGPRC  $49.0M 0.14% AvgVol,Block,Equity,Semiconductors,IT Hardware,,23246,20260826
6/5/2026,8:20:22 AM,NVDA,228663,218.66,,49999451.58,DARK AVGPRC  $49.0M 0.14% AvgVol,Block,Equity,Semiconductors,IT Hardware,,23246,20260826
6/5/2026,8:20:22 AM,NVDA,222357,218.66,,48620581.62,DARK AVGPRC  $48.0M 0.13% AvgVol,Block,Equity,Semiconductors,IT Hardware,,23246,20260826
6/5/2026,8:20:22 AM,NVDA,228657,218.66,,49998139.62,DARK AVGPRC  $49.0M 0.14% AvgVol,Block,Equity,Semiconductors,IT Hardware,,23246,20260826
6/5/2026,8:20:22 AM,NVDA,228661,218.66,,49999014.26,DARK AVGPRC  $49.0M 0.14% AvgVol,Block,Equity,Semiconductors,IT Hardware,,23246,20260826
6/5/2026,8:20:22 AM,NVDA,228664,218.66,,49999670.24,DARK AVGPRC  $49.0M 0.14% AvgVol,Block,Equity,Semiconductors,IT Hardware,,23246,20260826
6/5/2026,8:20:22 AM,NVDA,228660,218.66,,49998795.6,DARK AVGPRC  $49.0M 0.14% AvgVol,Block,Equity,Semiconductors,IT Hardware,,23246,20260826
6/5/2026,8:20:22 AM,NVDA,228655,218.66,,49997702.3,DARK AVGPRC  $49.0M 0.14% AvgVol,Block,Equity,Semiconductors,IT Hardware,,23246,20260826
6/5/2026,8:20:22 AM,NVDA,228664,218.66,,49999670.24,DARK AVGPRC  $49.0M 0.14% AvgVol,Block,Equity,Semiconductors,IT Hardware,,23246,20260826
6/5/2026,8:20:22 AM,NVDA,228664,218.66,,49999670.24,DARK AVGPRC  $49.0M 0.14% AvgVol,Block,Equity,Semiconductors,IT Hardware,,23246,20260826
6/5/2026,8:20:22 AM,NVDA,106225,218.66,,23227158.5,DARK AVGPRC  $23.0M 0.06% AvgVol,Block,Equity,Semiconductors,IT Hardware,,23246,20260826
6/5/2026,8:20:22 AM,IVZ,1774936,28.17,,49999947.120000005,DARK AVGPRC  $49.0M 33.36% AvgVol,Block,Equity,Wealth Management,Investments & Brokers,,437,20260728
6/5/2026,8:20:22 AM,IVZ,,28.17,,,Unusual Dark Pool Activity,DarkPool,Equity,Wealth Management,Investments & Brokers,,437,20260728
6/5/2026,8:20:22 AM,IVZ,355012,28.17,,10000688.040000001,DARK AVGPRC  $10.0M 6.67% AvgVol,Block,Equity,Wealth Management,Investments & Brokers,,437,20260728
6/5/2026,8:20:22 AM,XOM,178606,152.04,,27155256.24,DARK AVGPRC  $27.0M 1.07% AvgVol,Block,ADR,Production & Extraction,Oil & Gas,,4143,20260807
6/5/2026,8:20:22 AM,IBM,112833,301.77,,34049614.41,DARK AVGPRC  $34.0M 1.06% AvgVol,Block,Equity,IT Services,IT Services & Software,,937,20260722
6/5/2026,8:20:22 AM,XOM,284798,152.04,,43300687.919999994,DARK AVGPRC  $43.0M 1.71% AvgVol,Block,ADR,Production & Extraction,Oil & Gas,,4143,20260807
6/5/2026,8:20:22 AM,XOM,151153,152.04,,22981302.119999997,DARK AVGPRC  $22.0M 0.91% AvgVol,Block,ADR,Production & Extraction,Oil & Gas,,4143,20260807
6/5/2026,8:17:37 AM,AMKR,124666,73.82,,9202844.12,DARK BLOCK  $9.2M 2.35% AvgVol,Block,Equity,Semiconductors,IT Hardware,,182,20260727
6/5/2026,8:11:57 AM,FANG,121351,202.94,,24626971.94,DARK AVGPRC  $24.0M 5.33% AvgVol,Block,Equity,Production & Extraction,Oil & Gas,,279,20260803
6/5/2026,8:11:57 AM,FANG,,202.94,,,Unusual Dark Pool Activity,DarkPool,Equity,Production & Extraction,Oil & Gas,,279,20260803
6/5/2026,8:09:26 AM,IWM,156982,292.01,,45840313.82,DARK BLOCK  $45.0M 0.61% AvgVol,Block,ETF/Fund,ETFs,Miscellaneous,,273,
6/5/2026,8:06:03 AM,EWZ,1620000,34.8,,56375999.99999999,DARK BLOCK  $56.0M 5.63% AvgVol,Block,ETF/Fund,ETFs,Miscellaneous,,284,
6/5/2026,8:04:50 AM,PYPL,619064,42.75,,26464986,DARK AVGPRC  $26.0M 4.23% AvgVol,Block,Equity,Business Services,Financials,,876,20260804
6/5/2026,7:54:32 AM,EFA,300000,104.95,,31485000,DARK AVGPRC  $31.0M 2.19% AvgVol,Block,ETF/Fund,ETFs,Miscellaneous,,738,
6/5/2026,7:40:38 AM,BABA,850000,125.4,,106590000,DARK BLOCK  $106.0M 7.46% AvgVol,Block,Equity,Internet & Software,Consumer Discretionary,,2099,20260904
6/5/2026,7:37:54 AM,IYH,1863130,64.54,,120246410.20000002,DARK BLOCK  $120.0M 272.27% AvgVol,Block,ETF/Fund,ETFs,Miscellaneous,,48,
6/5/2026,7:37:54 AM,IYH,,64.54,,,Unusual Dark Pool Activity,DarkPool,ETF/Fund,ETFs,Miscellaneous,,48,
6/5/2026,7:36:26 AM,UAMY,519883,8.65,,4496987.95,DARK BLOCK  $4.4M 3.97% AvgVol,Block,Equity,Metal Products,Metals & Mining,,141,20260811
6/5/2026,7:36:26 AM,UAMY,,8.65,,,Unusual Dark Pool Activity,DarkPool,Equity,Metal Products,Metals & Mining,,141,20260811
