CreatedDate,CreatedTime,Symbol,Type,Volume,Price,Side,CallPut,Strike,Spot,Premium,ExpirationDate,Color,ImpliedVolatility,Dte,ER,StockEtf,Sector,Uoa,Weekly,MktCap,OI
6/2/2026,3:59:59 PM,AAPL,SWEEP,408,0.333,AA,CALL,320,315.04,13567,6/3/2026,MAGENTA,0.28,1,F,STOCK,Information Technology,F,T,4583336000000,4129
6/2/2026,3:59:59 PM,NVDA,BLOCK,296,2.19,B,CALL,250,222.82000000000002,64824,6/26/2026,WHITE,0.44,24,F,STOCK,Information Technology,F,F,5109588000000,12196
6/2/2026,3:59:59 PM,NVDA,BLOCK,200,12.35,B,CALL,225,222.8,247000,7/17/2026,WHITE,0.42,45,F,STOCK,Information Technology,F,F,5109588000000,23205
6/2/2026,3:59:59 PM,AMD,SWEEP,252,0.81,B,CALL,600,521.24,20417,6/5/2026,MAGENTA,0.9,3,F,STOCK,Information Technology,F,T,841553000000,4021
6/2/2026,3:59:59 PM,GOOG,BLOCK,172,1.28,A,CALL,370,358.39000000000004,22016,6/5/2026,MAGENTA,0.39,3,F,STOCK,Communication Services,F,T,4560826000000,805
6/2/2026,3:59:59 PM,NOW,SWEEP,250,16.15,,CALL,120,127.65,403750,7/17/2026,WHITE,0.68,45,F,STOCK,Information Technology,F,F,128225000000,10890
6/2/2026,3:59:58 PM,META,SWEEP,103,1.36,B,CALL,700,597.71,14005,6/18/2026,WHITE,0.46,16,F,STOCK,Communication Services,F,F,1599968000000,26912
6/2/2026,3:59:58 PM,TSLA,BLOCK,142,22.95,A,CALL,520,423.81,325890,10/16/2026,WHITE,0.5,136,F,STOCK,Consumer Discretionary,F,F,1636707000000,1692
6/2/2026,3:59:55 PM,NVDA,SWEEP,404,0.35,A,CALL,230,222.92000000000002,14140,6/3/2026,MAGENTA,0.51,1,F,STOCK,Information Technology,F,T,5109588000000,19163
6/2/2026,3:59:55 PM,MSFT,BLOCK,800,1.43,B,PUT,435,441.32,114400,6/3/2026,YELLOW,0.41,1,F,STOCK,Information Technology,F,T,3344578000000,373
6/2/2026,3:59:54 PM,NOK,BLOCK,156,0.71,B,PUT,17,16.845,11076,6/5/2026,MAGENTA,1.03,3,F,STOCK,Information Technology,F,T,85214000000,603
6/2/2026,3:59:54 PM,AAPL,BLOCK,100,25.1,A,CALL,450,315.36,251000,12/15/2028,WHITE,0.28,927,F,STOCK,Information Technology,F,F,4583336000000,642
6/2/2026,3:59:54 PM,NOK,SWEEP,152,2.12,B,CALL,30,16.845,32224,1/15/2027,WHITE,0.95,227,F,STOCK,Information Technology,F,F,85214000000,25998
6/2/2026,3:59:53 PM,AMZN,SWEEP,501,1.44,,CALL,257.5,256.51,72145,6/3/2026,MAGENTA,0.35,1,F,STOCK,Consumer Discretionary,F,T,2911304000000,576
6/2/2026,3:59:52 PM,MU,SWEEP,200,12.1,A,PUT,990,1064.2557,242000,6/5/2026,MAGENTA,1.03,3,F,STOCK,Information Technology,F,T,1095029000000,459
6/2/2026,3:59:52 PM,IREN,BLOCK,200,2.15,,PUT,65,66.59,43000,6/5/2026,WHITE,1.21,3,F,STOCK,Financials,F,T,22707000000,5474
6/2/2026,3:59:52 PM,NVDA,SWEEP,806,0.19,A,PUT,215,222.87,15314,6/3/2026,MAGENTA,0.48,1,F,STOCK,Information Technology,F,T,5109588000000,6553
6/2/2026,3:59:51 PM,KOPN,SWEEP,280,0.775,BB,CALL,6.5,6.09,21700,6/18/2026,YELLOW,1.84,16,F,STOCK,Information Technology,F,F,1044000000,121
6/2/2026,3:59:51 PM,AAPL,BLOCK,275,0.82,,CALL,317.5,315.29,22551,6/3/2026,MAGENTA,0.26,1,F,STOCK,Information Technology,F,T,4583336000000,5037
6/2/2026,3:59:50 PM,MCHP,SWEEP,250,1.2,B,CALL,100,96.96000000000001,30000,6/5/2026,WHITE,0.68,3,F,STOCK,Information Technology,F,T,51307000000,2244
6/2/2026,3:59:50 PM,ONDS,BLOCK,450,0.95,,CALL,13,13.565000000000001,42750,6/5/2026,WHITE,1.3,3,F,STOCK,Information Technology,F,T,6638000000,11058
6/2/2026,3:59:49 PM,NOW,SWEEP,350,19.3,A,CALL,110,127.625,675500,6/18/2026,WHITE,0.73,16,F,STOCK,Information Technology,F,F,128225000000,9962
6/2/2026,3:59:49 PM,NFLX,SWEEP,150,0.8,B,CALL,84,83.325,12000,6/5/2026,MAGENTA,0.36,3,F,STOCK,Communication Services,F,T,362212000000,1853
6/2/2026,3:59:49 PM,NVDA,SWEEP,1194,0.18,A,PUT,215,222.895,21492,6/3/2026,MAGENTA,0.48,1,F,STOCK,Information Technology,F,T,5109588000000,6553
6/2/2026,3:59:46 PM,TSLA,BLOCK,200,0.78,A,PUT,412.5,423.99,15600,6/3/2026,MAGENTA,0.49,1,F,STOCK,Consumer Discretionary,F,T,1636707000000,1280
6/2/2026,3:59:43 PM,RGTI,SWEEP,450,4.95,B,CALL,30,26.900000000000002,222750,8/21/2026,WHITE,1.21,80,F,STOCK,Information Technology,F,F,8489000000,3402
6/2/2026,3:59:42 PM,NU,BLOCK,299,0.75,A,CALL,12,11.915000000000001,22425,7/17/2026,MAGENTA,0.46,45,F,STOCK,Financials,F,F,63755000000,555
6/2/2026,3:59:42 PM,TSLA,SWEEP,100,2.509,A,PUT,420,424.0291,25094,6/3/2026,MAGENTA,0.48,1,F,STOCK,Consumer Discretionary,F,T,1636707000000,2782
6/2/2026,3:59:41 PM,GOOGL,SWEEP,800,0.15,A,CALL,377.5,361.83000000000004,12000,6/3/2026,YELLOW,0.47,1,F,STOCK,Communication Services,F,T,4608199000000,785
6/2/2026,3:59:40 PM,AAPL,SWEEP,100,1.67,A,CALL,350,315.33,16700,7/17/2026,MAGENTA,0.24,45,F,STOCK,Information Technology,F,F,4583336000000,8167
6/2/2026,3:59:40 PM,META,SWEEP,138,1.6,A,PUT,587.5,597.77,22080,6/3/2026,MAGENTA,0.42,1,F,STOCK,Communication Services,F,T,1599968000000,1374
6/2/2026,3:59:39 PM,TSLA,SWEEP,101,2.129,AA,CALL,430,424.02000000000004,21502,6/3/2026,MAGENTA,0.5,1,F,STOCK,Consumer Discretionary,F,T,1636707000000,6432
6/2/2026,3:59:39 PM,QCOM,BLOCK,300,5.05,,CALL,250,240.74,151500,6/5/2026,MAGENTA,1.01,3,F,STOCK,Information Technology,F,T,264575000000,2429
6/2/2026,3:59:38 PM,GOOGL,SWEEP,100,2.15,B,CALL,485,361.83000000000004,21500,8/21/2026,YELLOW,0.4,80,F,STOCK,Communication Services,F,F,4608199000000,37
6/2/2026,3:59:38 PM,DELL,SWEEP,500,54.5,A,CALL,500,435.26,2724982,9/18/2026,WHITE,0.81,108,F,STOCK,Information Technology,F,F,271801000000,1184
6/2/2026,3:59:37 PM,VLO,SWEEP,200,3.8,A,CALL,275,258.505,76000,6/18/2026,WHITE,0.45,16,F,STOCK,Energy,F,F,72695000000,1945
6/2/2026,3:59:37 PM,MRVL,SWEEP,839,0.147,A,PUT,172.5,290.68,12351,6/5/2026,MAGENTA,2.43,3,F,STOCK,Information Technology,F,T,183952000000,1353
6/2/2026,3:59:36 PM,NVDA,SWEEP,210,0.61,B,CALL,227.5,222.89000000000001,12820,6/3/2026,MAGENTA,0.46,1,F,STOCK,Information Technology,F,T,5109588000000,10823
6/2/2026,3:59:35 PM,FSLY,BLOCK,400,3.3,A,CALL,20,20.8,132000,7/17/2026,WHITE,1,45,F,STOCK,Information Technology,F,F,2780000000,4045
6/2/2026,3:59:35 PM,LRCX,BLOCK,500,22.0,A,CALL,360,334.47,1100000,7/17/2026,YELLOW,0.68,45,F,STOCK,Information Technology,F,F,397906000000,206
6/2/2026,3:59:34 PM,AAPL,SWEEP,300,0.46,A,CALL,325,315.33,13800,6/5/2026,WHITE,0.28,3,F,STOCK,Information Technology,F,T,4583336000000,9604
6/2/2026,3:59:34 PM,WDC,BLOCK,150,61.15,A,PUT,600,563.26,917250,6/18/2026,YELLOW,0.84,16,F,STOCK,Information Technology,F,F,183098000000,122
6/2/2026,3:59:34 PM,NOK,BLOCK,1238,0.24,B,CALL,18,16.825,29712,6/5/2026,WHITE,1.06,3,F,STOCK,Information Technology,F,T,85214000000,22092
6/2/2026,3:59:34 PM,TSLA,SWEEP,287,2.48,AA,PUT,420,424.02000000000004,71180,6/3/2026,MAGENTA,0.48,1,F,STOCK,Consumer Discretionary,F,T,1636707000000,2782
6/2/2026,3:59:33 PM,TE,SWEEP,205,2.931,B,CALL,11,12.05,60090,7/17/2026,MAGENTA,1.47,45,F,STOCK,Industrials,F,F,2949000000,7019
6/2/2026,3:59:32 PM,TSLA,SWEEP,100,8.428,A,CALL,422.5,424,84281,6/5/2026,MAGENTA,0.5,3,F,STOCK,Consumer Discretionary,F,T,1636707000000,2060
6/2/2026,3:59:32 PM,NFLX,BLOCK,200,3.95,A,CALL,91,83.33500000000001,79000,8/21/2026,WHITE,0.43,80,F,STOCK,Communication Services,F,F,362212000000,973
6/2/2026,3:59:30 PM,AAPL,SWEEP,203,0.6,A,PUT,312.5,315.325,12180,6/3/2026,MAGENTA,0.25,1,F,STOCK,Information Technology,F,T,4583336000000,424
6/2/2026,3:59:30 PM,NDXP,BLOCK,186,26.975,B,CALL,30880,0,501744,6/3/2026,YELLOW,0,1,F,STOCK,None,F,T,0,1
6/2/2026,3:59:30 PM,AMD,BLOCK,100,6.15,,CALL,550,521.4250000000001,61500,6/5/2026,MAGENTA,0.86,3,F,STOCK,Information Technology,F,T,841553000000,4709
6/2/2026,3:59:30 PM,NVDA,BLOCK,154,6.68,B,PUT,227.5,222.85,102872,6/5/2026,MAGENTA,0.49,3,F,STOCK,Information Technology,F,T,5109588000000,2295
6/2/2026,3:59:29 PM,GOOGL,BLOCK,250,1.24,A,PUT,357.5,361.65000000000003,31000,6/3/2026,YELLOW,0.38,1,F,STOCK,Communication Services,F,T,4608199000000,151
6/2/2026,3:59:29 PM,NVDA,SWEEP,375,1.3,A,CALL,230,222.835,48740,6/5/2026,MAGENTA,0.47,3,F,STOCK,Information Technology,F,T,5109588000000,48407
6/2/2026,3:59:29 PM,NVDA,SWEEP,509,0.89,A,CALL,232.5,222.835,45300,6/5/2026,MAGENTA,0.48,3,F,STOCK,Information Technology,F,T,5109588000000,7634
6/2/2026,3:59:28 PM,NVDA,BLOCK,300,12.25,A,CALL,215,222.815,367500,6/18/2026,WHITE,0.41,16,F,STOCK,Information Technology,F,F,5109588000000,54414
6/2/2026,3:59:27 PM,RDDT,SWEEP,200,6.898,,CALL,200,168.7515,137961,7/17/2026,WHITE,0.71,45,F,STOCK,Communication Services,F,F,33881000000,2751
6/2/2026,3:59:27 PM,POET,BLOCK,410,0.4,B,CALL,20,13.815000000000001,16400,6/18/2026,WHITE,1.63,16,F,STOCK,Information Technology,F,F,1887000000,9523
6/2/2026,3:59:27 PM,TSLA,SWEEP,100,16.5,A,CALL,500,424.105,165000,8/21/2026,WHITE,0.51,80,F,STOCK,Consumer Discretionary,F,F,1636707000000,10871
6/2/2026,3:59:27 PM,SMCI,BLOCK,200,1.52,B,CALL,51,50.125,30400,6/5/2026,MAGENTA,1.05,3,F,STOCK,Information Technology,F,T,27719000000,8216
6/2/2026,3:59:27 PM,LASE,BLOCK,155,0.65,A,CALL,3,2.43,10075,6/18/2026,YELLOW,4.13,16,F,STOCK,Industrials,T,F,29000000,15
6/2/2026,3:59:27 PM,SPCE,SWEEP,1406,0.595,A,CALL,8,4.63,83656,6/18/2026,MAGENTA,3.58,16,F,STOCK,Industrials,F,F,622000000,14734
6/2/2026,3:59:25 PM,GOOG,BLOCK,100,12.846,B,PUT,370,358.21500000000003,128460,6/5/2026,WHITE,0.38,3,F,STOCK,Communication Services,F,T,4560826000000,2944
6/2/2026,3:59:25 PM,NVDA,SWEEP,200,0.89,B,PUT,220,222.76000000000002,17800,6/3/2026,MAGENTA,0.43,1,F,STOCK,Information Technology,F,T,5109588000000,5677
6/2/2026,3:59:25 PM,RKLB,BLOCK,150,23.0,,CALL,125,123.305,345000,8/21/2026,WHITE,1.02,80,F,STOCK,Industrials,F,F,83039000000,897
6/2/2026,3:59:24 PM,ASTS,BLOCK,1000,0.54,B,PUT,50,118.14500000000001,54000,7/17/2026,WHITE,1.38,45,F,STOCK,Information Technology,F,F,44017000000,1075
6/2/2026,3:59:23 PM,NOK,SWEEP,498,0.45,B,CALL,20,16.795,22410,6/18/2026,WHITE,1.01,16,F,STOCK,Information Technology,F,F,85214000000,41935
6/2/2026,3:59:23 PM,NVDA,SWEEP,416,28.9,A,CALL,195,222.7537,1202240,6/18/2026,WHITE,0.49,16,F,STOCK,Information Technology,F,F,5109588000000,19093
6/2/2026,3:59:23 PM,MSFT,BLOCK,150,6.2,A,CALL,437.5,441.45500000000004,93000,6/3/2026,YELLOW,0.42,1,F,STOCK,Information Technology,F,T,3344578000000,150
6/2/2026,3:59:23 PM,TSLA,BLOCK,148,7.85,A,CALL,500,424.105,116180,7/17/2026,WHITE,0.5,45,F,STOCK,Consumer Discretionary,F,F,1636707000000,23084
6/2/2026,3:59:22 PM,AMD,BLOCK,264,47.769,A,CALL,600,521.845,1261114,8/21/2026,WHITE,0.77,80,F,STOCK,Information Technology,F,F,841553000000,1717
6/2/2026,3:59:22 PM,MU,BLOCK,100,67.5,B,CALL,1070,1064.8500000000001,675000,6/12/2026,MAGENTA,0.99,10,F,STOCK,Information Technology,F,F,1095029000000,394
6/2/2026,3:59:22 PM,PYPL,BLOCK,300,0.43,,CALL,45,44.56,12900,6/5/2026,WHITE,0.38,3,F,STOCK,Financials,F,T,39474000000,3296
6/2/2026,3:59:22 PM,NOK,BLOCK,500,2.2,A,CALL,19,16.795,110000,8/21/2026,WHITE,0.95,80,F,STOCK,Information Technology,F,F,85214000000,1922
6/2/2026,3:59:22 PM,IBM,SWEEP,200,1.03,A,CALL,380,329.77000000000004,20600,6/5/2026,MAGENTA,1.05,3,F,STOCK,Information Technology,F,T,279897000000,332
6/2/2026,3:59:21 PM,TSLA,BLOCK,100,3.72,B,CALL,440,424.1,37200,6/8/2026,MAGENTA,0.43,6,F,STOCK,Consumer Discretionary,F,F,1636707000000,1768
6/2/2026,3:59:21 PM,BAC,BLOCK,155,1.41,A,PUT,52,52.501000000000005,21855,7/2/2026,WHITE,0.28,30,F,STOCK,Financials,F,F,366184000000,627
6/2/2026,3:59:20 PM,LFVN,BLOCK,600,0.85,A,PUT,7.5,8.63,51000,6/18/2026,YELLOW,2.01,16,F,STOCK,Consumer Staples,T,F,99000000,563
6/2/2026,3:59:20 PM,NVDA,SWEEP,263,2.64,BB,CALL,225,222.75,69434,6/5/2026,WHITE,0.45,3,F,STOCK,Information Technology,F,T,5109588000000,79235
6/2/2026,3:59:19 PM,TSLA,SWEEP,243,0.65,B,PUT,387.5,424.083,15795,6/8/2026,YELLOW,0.46,6,F,STOCK,Consumer Discretionary,F,F,1636707000000,105
6/2/2026,3:59:19 PM,HPE,SWEEP,158,1.895,BB,PUT,55,56.18,29947,6/5/2026,YELLOW,1.22,3,F,STOCK,Information Technology,T,T,57107000000,32
6/2/2026,3:59:18 PM,SPCE,SWEEP,1010,0.55,A,CALL,8,4.63,55550,6/18/2026,MAGENTA,3.45,16,F,STOCK,Industrials,F,F,622000000,14734
6/2/2026,3:59:18 PM,KOPN,SWEEP,200,0.55,A,CALL,6.5,6.07,11000,6/12/2026,YELLOW,1.8,10,F,STOCK,Information Technology,F,F,1044000000,37
6/2/2026,3:59:15 PM,AMAT,SWEEP,529,21.742,A,CALL,550,490.15000000000003,1150155,7/17/2026,YELLOW,0.62,45,F,STOCK,Information Technology,F,F,357329000000,27
6/2/2026,3:59:14 PM,AAPL,SWEEP,5000,0.04,A,CALL,327.5,315.39,20000,6/3/2026,YELLOW,0.35,1,F,STOCK,Information Technology,F,T,4583336000000,281
6/2/2026,3:59:14 PM,HPE,SWEEP,154,1.895,A,PUT,55,56.136700000000005,29180,6/5/2026,YELLOW,1.21,3,F,STOCK,Information Technology,T,T,57107000000,32
6/2/2026,3:59:14 PM,MRVL,SWEEP,183,19.366,A,CALL,300,291,354390,6/12/2026,MAGENTA,1.21,10,F,STOCK,Information Technology,F,F,183952000000,450
6/2/2026,3:59:13 PM,INTU,BLOCK,150,5.6,A,PUT,297.5,322.175,84000,6/18/2026,YELLOW,0.57,16,F,STOCK,Information Technology,F,F,90685000000,23
6/2/2026,3:59:13 PM,MSFT,BLOCK,340,1.17,A,CALL,450,441.42,39780,6/3/2026,MAGENTA,0.44,1,F,STOCK,Information Technology,F,T,3344578000000,2970
6/2/2026,3:59:13 PM,MRLN,SWEEP,293,0.7,AA,CALL,12.5,7.57,20515,10/16/2026,WHITE,1.01,136,F,STOCK,None,F,F,777000000,6187
6/2/2026,3:59:11 PM,RDDT,SWEEP,200,6.95,A,CALL,200,168.8399,139000,7/17/2026,WHITE,0.71,45,F,STOCK,Communication Services,F,F,33881000000,2751
6/2/2026,3:59:10 PM,AMD,SWEEP,598,21.0,B,CALL,550,522.12,1255800,6/18/2026,WHITE,0.73,16,F,STOCK,Information Technology,F,F,841553000000,6159
6/2/2026,3:59:10 PM,CORZ,BLOCK,410,1.48,A,CALL,30,29.060000000000002,60680,6/18/2026,WHITE,0.77,16,F,STOCK,Information Technology,F,F,8535000000,68998
6/2/2026,3:59:10 PM,MSTR,SWEEP,285,4.05,AA,PUT,135,136.285,115430,6/5/2026,MAGENTA,0.95,3,F,STOCK,Information Technology,F,T,55752000000,3417
6/2/2026,3:59:10 PM,MRVL,SWEEP,185,19.37,B,CALL,300,291.12,358345,6/12/2026,MAGENTA,1.2,10,F,STOCK,Information Technology,F,F,183952000000,450
6/2/2026,3:59:09 PM,MU,BLOCK,100,10.52,B,CALL,1170,1064.425,105200,6/5/2026,MAGENTA,1.11,3,F,STOCK,Information Technology,F,T,1095029000000,809
6/2/2026,3:59:09 PM,IBM,BLOCK,211,4.95,B,CALL,380,329.75,104445,6/18/2026,WHITE,0.72,16,F,STOCK,Information Technology,F,F,279897000000,1830
6/2/2026,3:59:07 PM,SPCE,BLOCK,497,0.83,B,CALL,5,4.65,41251,6/18/2026,MAGENTA,2.49,16,F,STOCK,Industrials,F,F,622000000,17463
6/2/2026,3:59:05 PM,MU,BLOCK,80,120.7,B,PUT,900,1064.17,965600,9/18/2026,MAGENTA,0.93,108,F,STOCK,Information Technology,F,F,1095029000000,341
6/2/2026,3:59:05 PM,NVDA,BLOCK,223,1.13,B,CALL,225,222.77,25199,6/3/2026,MAGENTA,0.44,1,F,STOCK,Information Technology,F,T,5109588000000,23319
6/2/2026,3:59:04 PM,AAPL,SWEEP,150,1.65,B,CALL,350,315.362,24750,7/17/2026,MAGENTA,0.24,45,F,STOCK,Information Technology,F,F,4583336000000,8167
6/2/2026,3:59:03 PM,TSLA,SWEEP,177,1.79,B,CALL,445,423.99,31686,6/5/2026,MAGENTA,0.54,3,F,STOCK,Consumer Discretionary,F,T,1636707000000,5024
6/2/2026,3:59:02 PM,DAL,BLOCK,150,2.78,B,PUT,78,80.04,41700,7/2/2026,YELLOW,0.42,30,F,STOCK,Industrials,F,F,54188000000,97
6/2/2026,3:59:00 PM,SMR,BLOCK,244,1.18,B,CALL,14,13.935,28792,6/12/2026,MAGENTA,1.31,10,F,STOCK,Industrials,F,F,4630000000,689
6/2/2026,3:58:59 PM,NOK,BLOCK,176,2.7,A,CALL,20,16.795,47520,10/16/2026,WHITE,0.92,136,F,STOCK,Information Technology,F,F,85214000000,9048
6/2/2026,3:58:57 PM,UUUU,SWEEP,350,2.72,,CALL,19,19.515,95200,7/17/2026,MAGENTA,0.9,45,F,STOCK,Materials,F,F,4552000000,681
6/2/2026,3:58:57 PM,NVDA,SWEEP,200,2.14,A,CALL,250,222.7298,42800,6/26/2026,WHITE,0.44,24,F,STOCK,Information Technology,F,F,5109588000000,12196
6/2/2026,3:58:57 PM,GOOGL,BLOCK,350,0.6,B,CALL,370,361.485,21000,6/3/2026,YELLOW,0.42,1,F,STOCK,Communication Services,F,T,4608199000000,93
6/2/2026,3:58:56 PM,TSLA,SWEEP,200,7.85,A,CALL,500,423.96000000000004,157000,7/17/2026,WHITE,0.5,45,F,STOCK,Consumer Discretionary,F,F,1636707000000,23084
6/2/2026,3:58:56 PM,MSTR,BLOCK,300,12.55,,CALL,125,136.38,376500,6/5/2026,WHITE,1.03,3,F,STOCK,Information Technology,F,T,55752000000,708
6/2/2026,3:58:56 PM,IOT,BLOCK,151,5.2,A,CALL,34,37.27,78520,6/18/2026,WHITE,1.11,16,T,STOCK,Information Technology,F,F,20319000000,473
6/2/2026,3:58:56 PM,MSTR,BLOCK,200,1.25,B,CALL,170,136.385,25000,6/18/2026,WHITE,0.82,16,F,STOCK,Information Technology,F,F,55752000000,6687
6/2/2026,3:58:55 PM,AMD,SWEEP,132,3.5,B,CALL,565,522.1750000000001,46200,6/5/2026,WHITE,0.86,3,F,STOCK,Information Technology,F,T,841553000000,747
6/2/2026,3:58:55 PM,TSLA,BLOCK,225,0.81,A,PUT,412.5,423.96500000000003,18225,6/3/2026,MAGENTA,0.5,1,F,STOCK,Consumer Discretionary,F,T,1636707000000,1280
6/2/2026,3:58:54 PM,HPE,SWEEP,200,0.82,B,CALL,62,56.035000000000004,16400,6/5/2026,MAGENTA,1.34,3,F,STOCK,Information Technology,T,T,57107000000,1092
6/2/2026,3:58:53 PM,MU,SWEEP,210,14.719,B,PUT,1000,1063.45,309100,6/5/2026,MAGENTA,1.03,3,F,STOCK,Information Technology,F,T,1095029000000,5248
6/2/2026,3:58:52 PM,PANW,BLOCK,150,6.0,A,PUT,265,297.09000000000003,90000,6/5/2026,MAGENTA,1.74,3,T,STOCK,Information Technology,F,T,229859000000,239
6/2/2026,3:58:52 PM,PANW,SWEEP,236,1.5,B,PUT,220,297.09000000000003,35400,6/18/2026,WHITE,0.96,16,T,STOCK,Information Technology,F,F,229859000000,5964
6/2/2026,3:58:51 PM,MRLN,SWEEP,473,0.7,A,CALL,12.5,7.585,33110,10/16/2026,WHITE,1.01,136,F,STOCK,None,F,F,777000000,6187
6/2/2026,3:58:51 PM,GOOGL,SWEEP,100,2.135,A,CALL,485,361.64500000000004,21352,8/21/2026,YELLOW,0.4,80,F,STOCK,Communication Services,F,F,4608199000000,37
6/2/2026,3:58:50 PM,BLK,BLOCK,100,17.6,B,PUT,1005,1019.5250000000001,176000,6/12/2026,YELLOW,0.36,10,F,STOCK,Financials,F,F,162511000000,1
6/2/2026,3:58:49 PM,IBRX,SWEEP,500,1.85,B,CALL,10,7.265000000000001,92500,1/15/2027,WHITE,1.15,227,F,STOCK,Health Care,F,F,7876000000,64324
6/2/2026,3:58:48 PM,CRWV,SWEEP,500,0.2,A,PUT,75,119.11,10000,6/12/2026,WHITE,1.42,10,F,STOCK,Information Technology,F,F,49022000000,1828
6/2/2026,3:58:48 PM,INTC,SWEEP,1003,3.1,A,CALL,150,107.915,310921,7/17/2026,MAGENTA,0.9,45,F,STOCK,Information Technology,F,F,576381000000,13231
6/2/2026,3:58:47 PM,MSFT,BLOCK,201,11.0,A,PUT,440,441.505,221100,6/18/2026,WHITE,0.32,16,F,STOCK,Information Technology,F,F,3344578000000,3728
6/2/2026,3:58:44 PM,AAPL,SWEEP,2572,0.04,A,CALL,327.5,315.185,10288,6/3/2026,YELLOW,0.35,1,F,STOCK,Information Technology,F,T,4583336000000,281
6/2/2026,3:58:43 PM,MRVL,BLOCK,163,11.65,B,CALL,300,291.18,189895,6/5/2026,MAGENTA,1.46,3,F,STOCK,Information Technology,F,T,183952000000,979
6/2/2026,3:58:42 PM,PLTR,SWEEP,500,3.351,B,CALL,152.5,152.36,167561,6/5/2026,MAGENTA,0.62,3,F,STOCK,Information Technology,F,T,375275000000,2008
6/2/2026,3:58:41 PM,F,BLOCK,154,0.75,B,CALL,19,16.145,11550,9/18/2026,WHITE,0.49,108,F,STOCK,Consumer Discretionary,F,F,69493000000,7679
6/2/2026,3:58:41 PM,CMCSA,BLOCK,165,1.13,B,CALL,25,24.8579,18645,7/17/2026,WHITE,0.36,45,F,STOCK,Communication Services,F,F,88841000000,49273
6/2/2026,3:58:40 PM,AAPL,BLOCK,100,2.8,B,PUT,315,315.18,28000,6/5/2026,MAGENTA,0.26,3,F,STOCK,Information Technology,F,T,4583336000000,894
6/2/2026,3:58:40 PM,MSTR,SWEEP,300,1.76,A,CALL,145,136.395,52800,6/5/2026,MAGENTA,0.96,3,F,STOCK,Information Technology,F,T,55752000000,619
6/2/2026,3:58:39 PM,CI,BLOCK,500,4.2,A,PUT,230,272.09000000000003,210000,9/18/2026,WHITE,0.33,108,F,STOCK,Health Care,F,F,73381000000,1425
6/2/2026,3:58:38 PM,GOOG,SWEEP,800,3.551,B,CALL,370,358.28000000000003,284109,6/12/2026,YELLOW,0.33,10,F,STOCK,Communication Services,F,F,4560826000000,301
6/2/2026,3:58:37 PM,EOSE,SWEEP,425,0.371,B,CALL,11,9.425,15750,6/12/2026,YELLOW,1.43,10,F,STOCK,Industrials,F,F,2862000000,417
6/2/2026,3:58:36 PM,HPE,SWEEP,201,3.95,A,CALL,55,56.045,79395,6/12/2026,MAGENTA,0.93,10,F,STOCK,Information Technology,T,F,57107000000,2660
6/2/2026,3:58:33 PM,PURR,BLOCK,199,2.65,A,CALL,18,10.975,52735,9/18/2026,WHITE,1.84,108,F,STOCK,Industrials,F,F,1443000000,4056
6/2/2026,3:58:33 PM,MU,SWEEP,88,84.863,B,CALL,2020,1065.4850000000001,746795,11/20/2026,YELLOW,0.96,171,F,STOCK,Information Technology,F,F,1095029000000,0
6/2/2026,3:58:33 PM,TSLA,BLOCK,289,2.6,A,PUT,420,423.96000000000004,75139,6/3/2026,MAGENTA,0.49,1,F,STOCK,Consumer Discretionary,F,T,1636707000000,2782
6/2/2026,3:58:33 PM,WDC,BLOCK,100,1.35,A,CALL,650,563.52,13500,6/5/2026,WHITE,1,3,F,STOCK,Information Technology,F,T,183098000000,1122
6/2/2026,3:58:33 PM,NVDA,SWEEP,301,1.27,B,CALL,230,222.65,38228,6/5/2026,MAGENTA,0.47,3,F,STOCK,Information Technology,F,T,5109588000000,48407
6/2/2026,3:58:33 PM,IONQ,SWEEP,311,2.2,B,CALL,75,71.54,68420,6/5/2026,MAGENTA,1.39,3,F,STOCK,Information Technology,F,T,26901000000,2026
6/2/2026,3:58:32 PM,HPE,SWEEP,200,2.04,A,PUT,55,55.995000000000005,40800,6/5/2026,YELLOW,1.25,3,F,STOCK,Information Technology,T,T,57107000000,32
6/2/2026,3:58:29 PM,KDK,SWEEP,523,0.2,A,CALL,9,6.9813,10451,7/17/2026,WHITE,0.76,45,F,STOCK,Industrials,F,F,1294000000,5982
6/2/2026,3:58:28 PM,NVDA,SWEEP,202,0.33,A,CALL,230,222.69,6665,6/3/2026,MAGENTA,0.51,1,F,STOCK,Information Technology,F,T,5109588000000,19163
6/2/2026,3:58:27 PM,MSFT,BLOCK,100,1.21,B,CALL,450,441.495,12100,6/3/2026,MAGENTA,0.44,1,F,STOCK,Information Technology,F,T,3344578000000,2970
6/2/2026,3:58:26 PM,LASE,BLOCK,404,1.0,A,CALL,2,2.3979,40400,6/18/2026,YELLOW,4.43,16,F,STOCK,Industrials,T,F,29000000,25
6/2/2026,3:58:26 PM,GOOG,BLOCK,100,16.6,,PUT,375,358.33000000000004,166000,6/5/2026,WHITE,0.2,3,F,STOCK,Communication Services,F,T,4560826000000,1110
6/2/2026,3:58:26 PM,POET,SWEEP,170,1.25,B,CALL,16,13.81,21250,6/26/2026,WHITE,1.43,24,F,STOCK,Information Technology,F,F,1887000000,2582
6/2/2026,3:58:25 PM,INTC,BLOCK,1000,3.05,,CALL,150,107.85000000000001,305000,7/17/2026,MAGENTA,0.89,45,F,STOCK,Information Technology,F,F,576381000000,13231
6/2/2026,3:58:25 PM,HPE,BLOCK,200,2.96,A,CALL,55,55.975,59200,6/5/2026,MAGENTA,1.22,3,F,STOCK,Information Technology,T,T,57107000000,9191
6/2/2026,3:58:25 PM,AMD,SWEEP,163,2.43,,CALL,575,521.91,39609,6/5/2026,MAGENTA,0.88,3,F,STOCK,Information Technology,F,T,841553000000,1055
6/2/2026,3:58:25 PM,NFLX,BLOCK,550,0.5,,CALL,85,83.345,27500,6/5/2026,MAGENTA,0.37,3,F,STOCK,Communication Services,F,T,362212000000,2146
6/2/2026,3:58:25 PM,RGTI,SWEEP,172,0.68,A,CALL,30,26.933300000000003,11696,6/5/2026,MAGENTA,1.77,3,F,STOCK,Information Technology,F,T,8489000000,5623
6/2/2026,3:58:24 PM,SMCI,SWEEP,1100,1.5,B,CALL,51,50.08,165000,6/5/2026,MAGENTA,1.05,3,F,STOCK,Information Technology,F,T,27719000000,8216
6/2/2026,3:58:24 PM,GOOGL,BLOCK,120,2.12,A,PUT,355,361.77000000000004,25440,6/5/2026,MAGENTA,0.37,3,F,STOCK,Communication Services,F,T,4608199000000,3741
6/2/2026,3:58:24 PM,LASE,BLOCK,312,1.0,B,CALL,2,2.4,31200,6/18/2026,YELLOW,4.42,16,F,STOCK,Industrials,T,F,29000000,25
6/2/2026,3:58:24 PM,TSLA,SWEEP,201,1.156,AA,CALL,435,423.96000000000004,23243,6/3/2026,MAGENTA,0.53,1,F,STOCK,Consumer Discretionary,F,T,1636707000000,4549
6/2/2026,3:58:22 PM,MSTR,BLOCK,200,1.28,B,CALL,170,136.475,25600,6/18/2026,WHITE,0.82,16,F,STOCK,Information Technology,F,F,55752000000,6687
6/2/2026,3:58:22 PM,GOOG,BLOCK,190,7.0,A,CALL,365,358.3797,133000,6/18/2026,WHITE,0.32,16,F,STOCK,Communication Services,F,F,4560826000000,2925
6/2/2026,3:58:21 PM,TSLA,SWEEP,105,1.22,B,CALL,450,423.95,12810,6/5/2026,MAGENTA,0.55,3,F,STOCK,Consumer Discretionary,F,T,1636707000000,13389
6/2/2026,3:58:20 PM,NOK,SWEEP,162,0.538,B,CALL,17,16.816300000000002,8710,6/5/2026,MAGENTA,1.02,3,F,STOCK,Information Technology,F,T,85214000000,18876
6/2/2026,3:58:20 PM,CRWV,SWEEP,501,0.303,A,PUT,80,119.02000000000001,15198,6/12/2026,WHITE,1.33,10,F,STOCK,Information Technology,F,F,49022000000,1038
6/2/2026,3:58:20 PM,TSLA,BLOCK,100,21.95,A,CALL,475,423.94,219500,8/21/2026,MAGENTA,0.5,80,F,STOCK,Consumer Discretionary,F,F,1636707000000,159
6/2/2026,3:58:20 PM,SOFI,BLOCK,200,2.14,B,CALL,19,17.78,42800,9/18/2026,WHITE,0.67,108,F,STOCK,Financials,F,F,23371000000,2107
6/2/2026,3:58:20 PM,NOW,BLOCK,253,19.251,A,CALL,110,127.64,487040,6/18/2026,WHITE,0.72,16,F,STOCK,Information Technology,F,F,128225000000,9962
6/2/2026,3:58:20 PM,AAPL,SWEEP,126,0.74,B,CALL,317.5,315.0856,9325,6/3/2026,MAGENTA,0.25,1,F,STOCK,Information Technology,F,T,4583336000000,5037
6/2/2026,3:58:19 PM,BB,BLOCK,497,0.45,A,CALL,10.5,10.305,22365,6/5/2026,WHITE,1.44,3,F,STOCK,Information Technology,F,T,5287000000,4110
6/2/2026,3:58:19 PM,META,BLOCK,184,9.55,A,CALL,620,597.69,175720,6/18/2026,WHITE,0.36,16,F,STOCK,Communication Services,F,F,1599968000000,4424
6/2/2026,3:58:18 PM,NVDA,SWEEP,270,1.84,B,CALL,227.5,222.74,49690,6/5/2026,MAGENTA,0.46,3,F,STOCK,Information Technology,F,T,5109588000000,12162
6/2/2026,3:58:17 PM,LASE,SWEEP,584,0.9,A,CALL,2,2.4,52545,6/18/2026,YELLOW,3.81,16,F,STOCK,Industrials,T,F,29000000,25
6/2/2026,3:58:16 PM,MCHP,BLOCK,500,1.2,B,CALL,100,97.02000000000001,60000,6/5/2026,WHITE,0.67,3,F,STOCK,Information Technology,F,T,51307000000,2244
6/2/2026,3:58:16 PM,LASE,SWEEP,561,0.9,A,CALL,2,2.398,50490,6/18/2026,YELLOW,3.82,16,F,STOCK,Industrials,T,F,29000000,25
6/2/2026,3:58:15 PM,ULTA,BLOCK,100,11.7,A,CALL,540,495.61,117000,6/5/2026,YELLOW,1.53,3,T,STOCK,Consumer Discretionary,F,T,22165000000,45
6/2/2026,3:58:15 PM,AVGO,SWEEP,107,14.8,A,CALL,500,482.11,158360,6/5/2026,MAGENTA,1.27,3,T,STOCK,Information Technology,F,T,2115307000000,8066
6/2/2026,3:58:13 PM,META,BLOCK,75,2.65,,CALL,605,597.635,19875,6/3/2026,MAGENTA,0.44,1,F,STOCK,Communication Services,F,T,1599968000000,1291
6/2/2026,3:58:13 PM,CI,BLOCK,450,4.2,A,PUT,230,271.83,189000,9/18/2026,WHITE,0.33,108,F,STOCK,Health Care,F,F,73381000000,1425
6/2/2026,3:58:10 PM,SPCE,SWEEP,1864,3.9,A,PUT,8,4.6201,726935,6/18/2026,WHITE,3.4,16,F,STOCK,Industrials,F,F,622000000,4426
6/2/2026,3:58:10 PM,MSFT,BLOCK,200,6.9,A,PUT,430,441.33000000000004,138000,6/18/2026,WHITE,0.33,16,F,STOCK,Information Technology,F,F,3344578000000,6879
6/2/2026,3:58:07 PM,GOOG,BLOCK,160,4.05,A,PUT,357.5,358.41,64800,6/5/2026,MAGENTA,0.35,3,F,STOCK,Communication Services,F,T,4560826000000,750
6/2/2026,3:58:06 PM,MSFT,BLOCK,360,10.99,A,CALL,500,441.34000000000003,395641,8/21/2026,WHITE,0.36,80,F,STOCK,Information Technology,F,F,3344578000000,32744
6/2/2026,3:58:04 PM,DY,BLOCK,1355,0.45,B,CALL,660,484.2275,60963,6/18/2026,WHITE,0.68,16,F,STOCK,Industrials,F,F,15309000000,1390
6/2/2026,3:58:03 PM,VALE,BLOCK,400,0.4,B,CALL,18,16.835,16000,7/17/2026,MAGENTA,0.35,45,F,STOCK,Materials,F,F,73758000000,787
6/2/2026,3:58:03 PM,HPE,BLOCK,600,3.05,B,PUT,54,55.865,183008,6/18/2026,YELLOW,0.86,16,F,STOCK,Information Technology,T,F,57107000000,11
6/2/2026,3:58:02 PM,MU,SWEEP,500,20.4,A,PUT,1020,1065.72,1020002,6/5/2026,MAGENTA,1.04,3,F,STOCK,Information Technology,F,T,1095029000000,1310
6/2/2026,3:58:02 PM,HPQ,SWEEP,1000,0.14,A,CALL,38,27.25,14000,6/26/2026,YELLOW,0.8,24,F,STOCK,Information Technology,F,F,24729000000,568
6/2/2026,3:58:02 PM,TSLA,SWEEP,100,2.61,B,PUT,420,423.8999,26100,6/3/2026,MAGENTA,0.49,1,F,STOCK,Consumer Discretionary,F,T,1636707000000,2782
6/2/2026,3:58:01 PM,ULTA,BLOCK,200,11.5,A,CALL,540,495.485,230000,6/5/2026,YELLOW,1.52,3,T,STOCK,Consumer Discretionary,F,T,22165000000,45
6/2/2026,3:58:01 PM,TSLA,SWEEP,404,2.13,A,CALL,430,423.90000000000003,86051,6/3/2026,MAGENTA,0.51,1,F,STOCK,Consumer Discretionary,F,T,1636707000000,6432
6/2/2026,3:58:01 PM,NVDA,SWEEP,995,1.103,AA,CALL,225,222.73000000000002,109721,6/3/2026,MAGENTA,0.44,1,F,STOCK,Information Technology,F,T,5109588000000,23319
6/2/2026,3:58:01 PM,SNDK,BLOCK,88,85.0,A,PUT,1650,1716.9866,748000,6/12/2026,YELLOW,1.04,10,F,STOCK,Information Technology,F,F,251009000000,80
6/2/2026,3:58:00 PM,NVDA,SWEEP,347,1.28,A,CALL,230,222.73000000000002,44416,6/5/2026,MAGENTA,0.47,3,F,STOCK,Information Technology,F,T,5109588000000,48407
6/2/2026,3:58:00 PM,MU,BLOCK,87,4.85,B,CALL,1600,1065.54,42195,6/18/2026,WHITE,1.11,16,F,STOCK,Information Technology,F,F,1095029000000,2471
6/2/2026,3:57:59 PM,NOK,BLOCK,480,1.65,B,CALL,18,16.805,79200,7/17/2026,WHITE,0.9,45,F,STOCK,Information Technology,F,F,85214000000,18574
6/2/2026,3:57:58 PM,MRLN,SWEEP,331,0.75,A,CALL,12.5,7.665,24825,10/16/2026,WHITE,1.02,136,F,STOCK,None,F,F,777000000,6187
6/2/2026,3:57:58 PM,NU,SWEEP,1005,0.2,B,CALL,12,11.875,20100,6/5/2026,YELLOW,0.59,3,F,STOCK,Financials,F,T,63755000000,203
6/2/2026,3:57:58 PM,GLXY,BLOCK,200,3.25,A,CALL,30,29.055,65000,7/17/2026,WHITE,0.89,45,F,STOCK,Financials,F,F,11533000000,2834
6/2/2026,3:57:57 PM,CRCL,SWEEP,300,3.15,A,PUT,100,100.92,94500,6/5/2026,WHITE,0.99,3,F,STOCK,Financials,F,T,28089000000,3022
6/2/2026,3:57:57 PM,META,SWEEP,149,1.099,BB,CALL,615,597.6,16378,6/3/2026,MAGENTA,0.5,1,F,STOCK,Communication Services,F,T,1599968000000,1654
6/2/2026,3:57:56 PM,NVDA,SWEEP,182,2.12,A,CALL,250,222.645,38584,6/26/2026,WHITE,0.44,24,F,STOCK,Information Technology,F,F,5109588000000,12196
6/2/2026,3:57:56 PM,GOOGL,SWEEP,182,0.597,BB,CALL,370,361.79,10857,6/3/2026,YELLOW,0.41,1,F,STOCK,Communication Services,F,T,4608199000000,93
6/2/2026,3:57:54 PM,GOOGL,SWEEP,200,1.65,B,CALL,365,361.78000000000003,33000,6/3/2026,YELLOW,0.39,1,F,STOCK,Communication Services,F,T,4608199000000,1
6/2/2026,3:57:53 PM,MSTR,BLOCK,242,1.25,,CALL,170,136.215,30250,6/18/2026,WHITE,0.82,16,F,STOCK,Information Technology,F,F,55752000000,6687
6/2/2026,3:57:53 PM,AA,SWEEP,400,3.099,B,CALL,100,83.87,123960,7/17/2026,YELLOW,0.69,45,F,STOCK,Materials,F,F,20488000000,268
6/2/2026,3:57:53 PM,AXTI,SWEEP,357,0.3,B,PUT,80,110.78500000000001,10722,6/5/2026,YELLOW,2.08,3,F,STOCK,Information Technology,F,T,6749000000,333
6/2/2026,3:57:52 PM,NVDA,SWEEP,200,1.27,B,CALL,230,222.62,25400,6/5/2026,MAGENTA,0.47,3,F,STOCK,Information Technology,F,T,5109588000000,48407
6/2/2026,3:57:52 PM,GOOG,SWEEP,250,1.518,,PUT,350,358.57,37944,6/5/2026,MAGENTA,0.36,3,F,STOCK,Communication Services,F,T,4560826000000,1987
6/2/2026,3:57:51 PM,NVDA,BLOCK,500,1.19,A,CALL,250,222.62,59500,6/18/2026,WHITE,0.45,16,F,STOCK,Information Technology,F,F,5109588000000,69731
6/2/2026,3:57:50 PM,TSLA,SWEEP,409,2.09,AA,CALL,430,423.72,85492,6/3/2026,MAGENTA,0.51,1,F,STOCK,Consumer Discretionary,F,T,1636707000000,6432
6/2/2026,3:57:49 PM,META,SWEEP,76,4.4,,CALL,600,598.09,33440,6/3/2026,MAGENTA,0.42,1,F,STOCK,Communication Services,F,T,1599968000000,488
6/2/2026,3:57:48 PM,INTC,BLOCK,222,0.85,B,CALL,150,107.64,18870,6/18/2026,MAGENTA,1.06,16,F,STOCK,Information Technology,F,F,576381000000,42093
6/2/2026,3:57:47 PM,SRPT,BLOCK,300,0.85,A,PUT,15,16.240000000000002,25500,7/17/2026,MAGENTA,0.64,45,F,STOCK,Health Care,F,F,1886000000,824
6/2/2026,3:57:46 PM,MSFT,SWEEP,299,1.49,A,PUT,425,441.21000000000004,44551,6/5/2026,MAGENTA,0.43,3,F,STOCK,Information Technology,F,T,3344578000000,1883
6/2/2026,3:57:45 PM,MSFT,SWEEP,199,43.0,,CALL,400,441.17,855700,6/18/2026,WHITE,0.36,16,F,STOCK,Information Technology,F,F,3344578000000,9639
6/2/2026,3:57:45 PM,KDK,SWEEP,1000,0.353,A,CALL,8,6.99,35250,7/17/2026,WHITE,0.71,45,F,STOCK,Industrials,F,F,1294000000,9385
6/2/2026,3:57:44 PM,AMZN,SWEEP,180,2.22,B,PUT,257.5,256.85,39960,6/3/2026,MAGENTA,0.35,1,F,STOCK,Consumer Discretionary,F,T,2911304000000,2972
6/2/2026,3:57:43 PM,SPCE,SWEEP,225,0.52,A,CALL,10,4.675,11700,7/17/2026,MAGENTA,2.35,45,F,STOCK,Industrials,F,F,622000000,2732
6/2/2026,3:57:43 PM,LFCR,BLOCK,500,1.6,A,CALL,5,5.405,80000,12/18/2026,YELLOW,0.9,199,F,STOCK,Consumer Discretionary,F,F,188000000,15
6/2/2026,3:57:42 PM,CVNA,BLOCK,200,3.457,A,PUT,60,65.81,69140,7/17/2026,WHITE,0.68,45,F,STOCK,Consumer Discretionary,F,F,80069000000,7290
6/2/2026,3:57:42 PM,TSLA,BLOCK,130,1.73,A,CALL,500,423.64000000000004,22490,6/18/2026,WHITE,0.54,16,F,STOCK,Consumer Discretionary,F,F,1636707000000,38930
6/2/2026,3:57:42 PM,TSLA,SWEEP,411,2.051,AA,CALL,430,423.62,84277,6/3/2026,MAGENTA,0.51,1,F,STOCK,Consumer Discretionary,F,T,1636707000000,6432
6/2/2026,3:57:41 PM,AAPL,BLOCK,100,2.85,A,PUT,315,315.07,28500,6/5/2026,MAGENTA,0.26,3,F,STOCK,Information Technology,F,T,4583336000000,894
6/2/2026,3:57:40 PM,CLSK,BLOCK,400,0.99,A,CALL,19,17.485,39600,6/26/2026,WHITE,0.87,24,F,STOCK,Financials,F,F,4693000000,628
6/2/2026,3:57:39 PM,TSLA,SWEEP,200,1.08,A,CALL,435,423.6,21600,6/3/2026,MAGENTA,0.53,1,F,STOCK,Consumer Discretionary,F,T,1636707000000,4549
6/2/2026,3:57:38 PM,INFQ,SWEEP,999,0.2,A,CALL,40,20.05,19980,6/18/2026,MAGENTA,1.92,16,F,STOCK,None,F,F,3539000000,1760
6/2/2026,3:57:38 PM,HPE,SWEEP,900,1.94,B,CALL,57,56,174600,6/5/2026,YELLOW,1.18,3,F,STOCK,Information Technology,T,T,57107000000,354
6/2/2026,3:57:37 PM,PLTR,BLOCK,250,1.3,B,PUT,147,152.335,32500,6/5/2026,MAGENTA,0.61,3,F,STOCK,Information Technology,F,T,375275000000,3600
6/2/2026,3:57:37 PM,KOPN,BLOCK,200,1.3,A,CALL,5,6.08,26000,6/18/2026,WHITE,1.32,16,F,STOCK,Information Technology,F,F,1044000000,6336
6/2/2026,3:57:37 PM,GRRR,BLOCK,200,0.8,B,CALL,22,21.69,16000,6/5/2026,WHITE,1.2,3,F,STOCK,Information Technology,F,T,536000000,756
6/2/2026,3:57:37 PM,GOOG,SWEEP,100,2.443,A,CALL,365,358.75,24433,6/5/2026,MAGENTA,0.38,3,F,STOCK,Communication Services,F,T,4560826000000,283
6/2/2026,3:57:37 PM,SNDK,BLOCK,82,255.0,A,PUT,1150,1718.75,2091000,3/19/2027,WHITE,1.03,290,F,STOCK,Information Technology,F,F,251009000000,137
6/2/2026,3:57:36 PM,MRLN,SWEEP,420,0.75,A,CALL,12.5,7.67,31500,10/16/2026,WHITE,1.02,136,F,STOCK,None,F,F,777000000,6187
6/2/2026,3:57:35 PM,OPEN,BLOCK,197,1.37,B,CALL,7,5.3907,26989,1/15/2027,WHITE,1.09,227,F,STOCK,Real Estate,F,F,4862000000,49093
6/2/2026,3:57:35 PM,IBM,SWEEP,793,2.262,BB,CALL,360,330.84000000000003,179348,6/5/2026,MAGENTA,0.91,3,F,STOCK,Information Technology,F,T,279897000000,1128
6/2/2026,3:57:34 PM,CVNA,BLOCK,200,3.46,A,PUT,60,65.78,69200,7/17/2026,WHITE,0.68,45,F,STOCK,Consumer Discretionary,F,F,80069000000,7290
6/2/2026,3:57:32 PM,AAPL,BLOCK,499,8.8,A,CALL,310,315.115,439120,6/12/2026,WHITE,0.28,10,F,STOCK,Information Technology,F,F,4583336000000,6498
6/2/2026,3:57:31 PM,PLTR,SWEEP,192,0.71,A,PUT,144,152.36610000000002,13632,6/5/2026,MAGENTA,0.63,3,F,STOCK,Information Technology,F,T,375275000000,727
6/2/2026,3:57:31 PM,BSX,BLOCK,176,2.45,B,CALL,65,47.660000000000004,43120,1/15/2027,WHITE,0.47,227,F,STOCK,Health Care,F,F,71805000000,15067
6/2/2026,3:57:31 PM,NOK,BLOCK,171,3.68,A,CALL,20,16.795,62928,1/15/2027,WHITE,0.89,227,F,STOCK,Information Technology,F,F,85214000000,117764
6/2/2026,3:57:30 PM,META,SWEEP,142,1.1,B,CALL,615,598.155,15620,6/3/2026,MAGENTA,0.49,1,F,STOCK,Communication Services,F,T,1599968000000,1654
6/2/2026,3:57:29 PM,LASE,BLOCK,300,0.75,,CALL,2,2.4050000000000002,22500,6/12/2026,YELLOW,3.65,10,F,STOCK,Industrials,T,F,29000000,0
6/2/2026,3:57:29 PM,TSLA,BLOCK,100,3.64,A,CALL,425,423.23,36400,6/3/2026,MAGENTA,0.5,1,F,STOCK,Consumer Discretionary,F,T,1636707000000,4434
6/2/2026,3:57:28 PM,TE,BLOCK,181,0.9,,CALL,15,12.125,16290,6/18/2026,WHITE,1.8,16,F,STOCK,Industrials,F,F,2949000000,7096
6/2/2026,3:57:27 PM,NVDA,SWEEP,200,1.07,A,CALL,225,222.56,21400,6/3/2026,MAGENTA,0.44,1,F,STOCK,Information Technology,F,T,5109588000000,23319
6/2/2026,3:57:27 PM,RIVN,BLOCK,500,0.27,A,CALL,25,17.345,13500,7/17/2026,YELLOW,0.8,45,F,STOCK,Consumer Discretionary,F,F,20228000000,359
6/2/2026,3:57:26 PM,CAT,BLOCK,495,2.22,A,PUT,815,909.7950000000001,109890,6/12/2026,YELLOW,0.46,10,F,STOCK,Industrials,F,F,403418000000,340
6/2/2026,3:57:26 PM,MU,SWEEP,202,24.0,A,PUT,1030,1065.79,484800,6/5/2026,MAGENTA,1.04,3,F,STOCK,Information Technology,F,T,1095029000000,1322
6/2/2026,3:57:25 PM,TSLA,BLOCK,384,3.5,A,CALL,435,423.23,134400,6/5/2026,MAGENTA,0.52,3,F,STOCK,Consumer Discretionary,F,T,1636707000000,7193
6/2/2026,3:57:24 PM,CAT,BLOCK,170,2.21,A,PUT,815,909.88,37570,6/12/2026,MAGENTA,0.46,10,F,STOCK,Industrials,F,F,403418000000,340
6/2/2026,3:57:23 PM,ULTA,BLOCK,162,11.5,A,CALL,540,494.17,186300,6/5/2026,YELLOW,1.54,3,T,STOCK,Consumer Discretionary,F,T,22165000000,45
6/2/2026,3:57:23 PM,MSTR,BLOCK,337,1.5,B,PUT,127,136.209,50550,6/5/2026,MAGENTA,1,3,F,STOCK,Information Technology,F,T,55752000000,618
6/2/2026,3:57:22 PM,META,SWEEP,100,6.284,A,PUT,600,598.22,62840,6/3/2026,MAGENTA,0.43,1,F,STOCK,Communication Services,F,T,1599968000000,2580
6/2/2026,3:57:22 PM,NVDA,SWEEP,201,0.55,B,CALL,227.5,222.5774,11056,6/3/2026,MAGENTA,0.46,1,F,STOCK,Information Technology,F,T,5109588000000,10823
6/2/2026,3:57:21 PM,CRCL,SWEEP,751,0.65,A,CALL,113,100.9162,48814,6/5/2026,YELLOW,1.08,3,F,STOCK,Financials,F,T,28089000000,670
6/2/2026,3:57:20 PM,AAPL,SWEEP,100,2.8,A,PUT,315,315.13,28000,6/5/2026,MAGENTA,0.25,3,F,STOCK,Information Technology,F,T,4583336000000,894
6/2/2026,3:57:20 PM,AAPL,SWEEP,335,4.8,A,CALL,320,315.13,160800,6/18/2026,WHITE,0.26,16,F,STOCK,Information Technology,F,F,4583336000000,45554
6/2/2026,3:57:18 PM,CVX,SWEEP,400,1.13,B,CALL,200,187.67000000000002,45200,6/18/2026,WHITE,0.32,16,F,STOCK,Energy,F,F,363387000000,13872
6/2/2026,3:57:17 PM,GOOGL,BLOCK,1500,1.15,B,CALL,375,362.135,172500,6/5/2026,YELLOW,0.39,3,F,STOCK,Communication Services,F,T,4608199000000,734
6/2/2026,3:57:16 PM,CAT,BLOCK,188,8.45,B,PUT,862.5,910.12,158860,6/12/2026,YELLOW,0.44,10,F,STOCK,Industrials,F,F,403418000000,2
6/2/2026,3:57:16 PM,TSLA,BLOCK,202,4.0,A,PUT,415,423.185,80800,6/5/2026,MAGENTA,0.49,3,F,STOCK,Consumer Discretionary,F,T,1636707000000,3388
6/2/2026,3:57:15 PM,AMD,SWEEP,100,6.0,B,CALL,550,521.08,60000,6/5/2026,MAGENTA,0.86,3,F,STOCK,Information Technology,F,T,841553000000,4709
6/2/2026,3:57:14 PM,AAPL,BLOCK,250,1.67,A,CALL,315,315.08500000000004,41750,6/3/2026,MAGENTA,0.25,1,F,STOCK,Information Technology,F,T,4583336000000,9576
6/2/2026,3:57:14 PM,NOW,BLOCK,200,19.17,A,CALL,110,127.4881,383400,6/18/2026,WHITE,0.72,16,F,STOCK,Information Technology,F,F,128225000000,9962
6/2/2026,3:57:13 PM,AAPL,SWEEP,1250,0.3,A,CALL,320,315.09000000000003,37500,6/3/2026,MAGENTA,0.27,1,F,STOCK,Information Technology,F,T,4583336000000,4129
6/2/2026,3:57:12 PM,LAC,SWEEP,200,1.56,,CALL,5.5,5.755,31200,11/20/2026,WHITE,0.93,171,F,STOCK,Materials,F,F,1829000000,4664
6/2/2026,3:57:09 PM,AMD,BLOCK,250,0.883,A,CALL,600,521.7,22076,6/5/2026,MAGENTA,0.91,3,F,STOCK,Information Technology,F,T,841553000000,4021
6/2/2026,3:57:09 PM,RGTI,SWEEP,350,0.67,B,CALL,30,26.965,23450,6/5/2026,MAGENTA,1.74,3,F,STOCK,Information Technology,F,T,8489000000,5623
6/2/2026,3:57:08 PM,IBRX,SWEEP,492,2.4,A,CALL,7.5,7.215,118080,1/15/2027,WHITE,1.11,227,F,STOCK,Health Care,F,F,7876000000,11765
6/2/2026,3:57:07 PM,IBM,BLOCK,670,3.3,B,CALL,400,331.19,221100,6/18/2026,WHITE,0.76,16,F,STOCK,Information Technology,F,F,279897000000,4171
6/2/2026,3:57:06 PM,CLSK,BLOCK,193,3.3,B,CALL,25,17.4523,63690,1/15/2027,WHITE,0.97,227,F,STOCK,Financials,F,F,4693000000,17898
6/2/2026,3:57:06 PM,META,SWEEP,100,97.25,A,CALL,860,597.9200000000001,972500,12/15/2028,WHITE,0.42,927,F,STOCK,Communication Services,F,F,1599968000000,154
6/2/2026,3:57:06 PM,META,BLOCK,100,7.2,,CALL,630,597.94,72000,6/18/2026,WHITE,0.37,16,F,STOCK,Communication Services,F,F,1599968000000,8284
6/2/2026,3:57:06 PM,NOK,BLOCK,200,2.75,B,CALL,25,16.8157,55000,1/15/2027,WHITE,0.92,227,F,STOCK,Information Technology,F,F,85214000000,92931
6/2/2026,3:57:05 PM,APLD,BLOCK,200,1.37,B,PUT,46.5,47.7399,27400,6/5/2026,MAGENTA,1.13,3,F,STOCK,Information Technology,F,T,13511000000,369
6/2/2026,3:57:05 PM,PLTR,BLOCK,220,1.54,,CALL,157.5,152.28,33880,6/5/2026,MAGENTA,0.63,3,F,STOCK,Information Technology,F,T,375275000000,7291
6/2/2026,3:57:04 PM,AMD,SWEEP,202,2.356,AA,CALL,575,521.659,47601,6/5/2026,MAGENTA,0.88,3,F,STOCK,Information Technology,F,T,841553000000,1055
6/2/2026,3:57:04 PM,AAPL,BLOCK,226,0.68,A,PUT,312.5,315.035,15368,6/3/2026,MAGENTA,0.25,1,F,STOCK,Information Technology,F,T,4583336000000,424
6/2/2026,3:57:03 PM,NVDA,SWEEP,202,1.25,A,CALL,230,222.51500000000001,25250,6/5/2026,MAGENTA,0.48,3,F,STOCK,Information Technology,F,T,5109588000000,48407
6/2/2026,3:57:03 PM,NVDA,BLOCK,1400,8.8,A,CALL,250,222.51500000000001,1232000,8/21/2026,WHITE,0.44,80,F,STOCK,Information Technology,F,F,5109588000000,31777
6/2/2026,3:57:01 PM,IONQ,SWEEP,266,7.45,A,CALL,70,71.7801,198170,6/18/2026,WHITE,1.1,16,F,STOCK,Information Technology,F,F,26901000000,3924
6/2/2026,3:57:01 PM,ORCL,BLOCK,150,1.16,B,CALL,270,245.645,17400,6/5/2026,MAGENTA,0.87,3,F,STOCK,Information Technology,F,T,649353000000,4281
6/2/2026,3:57:01 PM,META,BLOCK,250,3.3,A,CALL,615,597.6750000000001,82500,6/5/2026,MAGENTA,0.43,3,F,STOCK,Communication Services,F,T,1599968000000,2023
6/2/2026,3:57:00 PM,META,BLOCK,250,3.2,B,CALL,615,597.645,80000,6/5/2026,MAGENTA,0.43,3,F,STOCK,Communication Services,F,T,1599968000000,2023
6/2/2026,3:56:59 PM,POET,BLOCK,300,0.64,B,CALL,14.5,13.860000000000001,19200,6/5/2026,WHITE,1.8,3,F,STOCK,Information Technology,F,T,1887000000,4204
6/2/2026,3:56:59 PM,GLW,SWEEP,190,7.373,A,CALL,200,200.75,140093,6/5/2026,MAGENTA,0.96,3,F,STOCK,Information Technology,F,T,155913000000,1555
6/2/2026,3:56:57 PM,UBS,BLOCK,400,2.25,A,PUT,50,48.15,90000,6/18/2026,YELLOW,0.28,16,F,STOCK,Financials,F,F,147076000000,204
6/2/2026,3:56:56 PM,META,SWEEP,500,1.08,A,CALL,615,597.85,54000,6/3/2026,MAGENTA,0.49,1,F,STOCK,Communication Services,F,T,1599968000000,1654
6/2/2026,3:56:56 PM,GOOGL,BLOCK,166,0.61,B,CALL,370,362.13,10126,6/3/2026,YELLOW,0.4,1,F,STOCK,Communication Services,F,T,4608199000000,93
6/2/2026,3:56:55 PM,GOOGL,BLOCK,218,0.61,B,CALL,370,362.15000000000003,13298,6/3/2026,YELLOW,0.4,1,F,STOCK,Communication Services,F,T,4608199000000,93
6/2/2026,3:56:55 PM,INTC,SWEEP,646,1.28,A,CALL,140,107.85000000000001,82688,6/18/2026,WHITE,0.99,16,F,STOCK,Information Technology,F,F,576381000000,10059
6/2/2026,3:56:54 PM,QBTS,SWEEP,209,2.24,A,PUT,31,30.01,46816,6/5/2026,YELLOW,1.55,3,F,STOCK,Information Technology,F,T,11149000000,86
6/2/2026,3:56:54 PM,AMZN,BLOCK,150,1.08,B,CALL,280,256.675,16200,6/18/2026,WHITE,0.34,16,F,STOCK,Consumer Discretionary,F,F,2911304000000,35524
6/2/2026,3:56:52 PM,TSLA,SWEEP,200,7.7,A,CALL,500,423.245,154000,7/17/2026,WHITE,0.5,45,F,STOCK,Consumer Discretionary,F,F,1636707000000,23084
6/2/2026,3:56:51 PM,META,SWEEP,150,6.4,B,PUT,600,597.8278,96000,6/3/2026,MAGENTA,0.42,1,F,STOCK,Communication Services,F,T,1599968000000,2580
6/2/2026,3:56:51 PM,IBM,SWEEP,292,33.602,AA,CALL,400,331.69010000000003,981178,1/15/2027,WHITE,0.54,227,F,STOCK,Information Technology,F,F,279897000000,4285
6/2/2026,3:56:50 PM,IBM,SWEEP,106,17.998,A,CALL,460,331.69010000000003,190780,11/20/2026,YELLOW,0.58,171,F,STOCK,Information Technology,F,F,279897000000,50
6/2/2026,3:56:50 PM,QUBT,SWEEP,200,1.12,B,CALL,12,12.265,22400,6/12/2026,MAGENTA,1.22,10,F,STOCK,Information Technology,F,F,2697000000,608
6/2/2026,3:56:49 PM,CCL,BLOCK,200,0.67,B,CALL,27.5,27.605,13400,6/5/2026,MAGENTA,0.62,3,F,STOCK,None,F,T,34766000000,1397
6/2/2026,3:56:48 PM,NOW,SWEEP,350,28.25,A,CALL,100,127.605,988750,6/18/2026,WHITE,0.77,16,F,STOCK,Information Technology,F,F,128225000000,13256
6/2/2026,3:56:47 PM,LCID,BLOCK,996,0.2,B,CALL,7,6.2001,19920,6/18/2026,WHITE,0.91,16,F,STOCK,Consumer Discretionary,F,F,2556000000,9888
6/2/2026,3:56:46 PM,QBTS,SWEEP,200,1.901,B,CALL,29.5,30.012700000000002,38014,6/5/2026,MAGENTA,1.51,3,F,STOCK,Information Technology,F,T,11149000000,738
6/2/2026,3:56:46 PM,CAT,SWEEP,300,16.965,A,CALL,910,910.25,508950,6/5/2026,YELLOW,0.51,3,F,STOCK,Industrials,F,T,403418000000,167
6/2/2026,3:56:45 PM,NVDA,SWEEP,256,0.77,B,CALL,350,222.45000000000002,19712,8/21/2026,WHITE,0.51,80,F,STOCK,Information Technology,F,F,5109588000000,3291
6/2/2026,3:56:45 PM,VIAV,BLOCK,200,3.4,B,CALL,65,52.77,68000,7/17/2026,MAGENTA,0.98,45,F,STOCK,Information Technology,F,F,11358000000,230
6/2/2026,3:56:45 PM,CRM,SWEEP,426,0.44,A,CALL,220,200.745,18744,6/5/2026,WHITE,0.7,3,F,STOCK,Information Technology,F,T,156361000000,15859
6/2/2026,3:56:42 PM,TSLA,SWEEP,115,3.5,B,CALL,475,423.29,40255,6/18/2026,WHITE,0.51,16,F,STOCK,Consumer Discretionary,F,F,1636707000000,6426
6/2/2026,3:56:41 PM,MSFT,SWEEP,200,13.05,B,CALL,440,441.285,261000,6/18/2026,WHITE,0.33,16,F,STOCK,Information Technology,F,F,3344578000000,14758
6/2/2026,3:56:41 PM,DELL,BLOCK,112,15.594,BB,PUT,370,434.77500000000003,174650,7/17/2026,MAGENTA,0.72,45,F,STOCK,Information Technology,F,F,271801000000,180
6/2/2026,3:56:40 PM,AVGO,SWEEP,100,20.5,B,CALL,485,482.5178,205000,6/5/2026,MAGENTA,1.24,3,T,STOCK,Information Technology,F,T,2115307000000,1222
6/2/2026,3:56:40 PM,TSLA,BLOCK,205,4.849,A,CALL,422.5,423.28000000000003,99405,6/3/2026,MAGENTA,0.5,1,F,STOCK,Consumer Discretionary,F,T,1636707000000,2734
6/2/2026,3:56:39 PM,GOOGL,SWEEP,726,2.389,A,PUT,340,362.4997,173410,6/18/2026,MAGENTA,0.34,16,F,STOCK,Communication Services,F,F,4608199000000,5128
6/2/2026,3:56:39 PM,MSTR,BLOCK,150,3.49,A,PUT,120,135.947,52350,6/18/2026,WHITE,0.89,16,F,STOCK,Information Technology,F,F,55752000000,4648
6/2/2026,3:56:39 PM,DGXX,BLOCK,1000,0.5,B,CALL,9,7.795,50000,6/18/2026,WHITE,1.41,16,F,STOCK,Information Technology,F,F,545000000,7099
6/2/2026,3:56:38 PM,HOOD,SWEEP,350,0.66,B,CALL,95,88.12,23100,6/5/2026,WHITE,0.87,3,F,STOCK,Financials,F,T,84917000000,16792
6/2/2026,3:56:37 PM,TOST,BLOCK,1000,0.72,A,CALL,30,26.355,72000,7/17/2026,WHITE,0.51,45,F,STOCK,Information Technology,F,F,13431000000,2394
6/2/2026,3:56:37 PM,OKLO,BLOCK,205,5.8,A,CALL,70,73.80120000000001,118900,6/5/2026,WHITE,1.37,3,F,STOCK,Utilities,F,T,11636000000,7901
6/2/2026,3:56:37 PM,TSLA,SWEEP,121,1.75,BB,CALL,500,423.34000000000003,21176,6/18/2026,WHITE,0.55,16,F,STOCK,Consumer Discretionary,F,F,1636707000000,38930
6/2/2026,3:56:36 PM,META,BLOCK,500,2.19,B,PUT,590,597.565,109500,6/3/2026,MAGENTA,0.41,1,F,STOCK,Communication Services,F,T,1599968000000,2714
6/2/2026,3:56:36 PM,RGTI,SWEEP,400,0.65,A,CALL,30,26.900000000000002,26000,6/5/2026,MAGENTA,1.74,3,F,STOCK,Information Technology,F,T,8489000000,5623
6/2/2026,3:56:34 PM,NVDA,SWEEP,201,1.07,B,CALL,225,222.53,21508,6/3/2026,MAGENTA,0.44,1,F,STOCK,Information Technology,F,T,5109588000000,23319
6/2/2026,3:56:34 PM,DELL,SWEEP,517,2.403,AA,PUT,400,434.87,124231,6/5/2026,MAGENTA,0.87,3,F,STOCK,Information Technology,F,T,271801000000,1338
6/2/2026,3:56:34 PM,OXY,BLOCK,150,6.86,B,CALL,60,59.135000000000005,102894,1/15/2027,WHITE,0.38,227,F,STOCK,Energy,F,F,56326000000,29025
6/2/2026,3:56:33 PM,PLTR,SWEEP,1000,0.899,BB,PUT,145,152.17000000000002,89864,6/5/2026,MAGENTA,0.62,3,F,STOCK,Information Technology,F,T,375275000000,4241
6/2/2026,3:56:32 PM,CTMX,BLOCK,400,0.75,B,CALL,3,3.1557,30000,8/21/2026,YELLOW,1.16,80,F,STOCK,Health Care,F,F,612000000,21
6/2/2026,3:56:32 PM,PANW,BLOCK,191,2.68,A,CALL,400,296.27000000000004,51192,6/12/2026,YELLOW,1.29,10,T,STOCK,Information Technology,F,F,229859000000,0
6/2/2026,3:56:31 PM,AAPL,SWEEP,151,0.73,B,CALL,317.5,315.09000000000003,11023,6/3/2026,MAGENTA,0.25,1,F,STOCK,Information Technology,F,T,4583336000000,5037
6/2/2026,3:56:31 PM,AMD,BLOCK,107,16.25,A,CALL,520,521.1700000000001,173875,6/5/2026,MAGENTA,0.83,3,F,STOCK,Information Technology,F,T,841553000000,5531
6/2/2026,3:56:31 PM,CRM,BLOCK,223,2.64,A,CALL,220,200.68,58872,6/18/2026,WHITE,0.53,16,F,STOCK,Information Technology,F,F,156361000000,13367
6/2/2026,3:56:30 PM,GOOGL,SWEEP,150,2.89,A,CALL,362.5,362.57,43350,6/3/2026,YELLOW,0.38,1,F,STOCK,Communication Services,F,T,4608199000000,0
6/2/2026,3:56:29 PM,LFVN,SWEEP,400,1.25,A,CALL,10,8.860000000000001,50000,6/18/2026,WHITE,2.26,16,F,STOCK,Consumer Staples,T,F,99000000,5146
6/2/2026,3:56:28 PM,INTC,SWEEP,200,0.59,A,CALL,160,107.775,11800,6/18/2026,WHITE,1.12,16,F,STOCK,Information Technology,F,F,576381000000,13615
6/2/2026,3:56:28 PM,CRM,SWEEP,155,2.642,AA,CALL,220,200.68,40944,6/18/2026,WHITE,0.53,16,F,STOCK,Information Technology,F,F,156361000000,13367
6/2/2026,3:56:28 PM,LITE,SWEEP,83,116.0,B,PUT,1050,1030.3500000000001,962800,6/26/2026,YELLOW,1.01,24,F,STOCK,Information Technology,F,F,66515000000,5
6/2/2026,3:56:27 PM,NOW,BLOCK,250,19.15,A,CALL,110,127.49000000000001,478750,6/18/2026,WHITE,0.72,16,F,STOCK,Information Technology,F,F,128225000000,9962
6/2/2026,3:56:27 PM,CRWV,BLOCK,280,1.8,B,CALL,127,119.17,50400,6/5/2026,MAGENTA,1.06,3,F,STOCK,Information Technology,F,T,49022000000,688
6/2/2026,3:56:26 PM,IBM,SWEEP,330,3.299,A,CALL,400,331.6725,108855,6/18/2026,WHITE,0.75,16,F,STOCK,Information Technology,F,F,279897000000,4171
6/2/2026,3:56:25 PM,CLF,BLOCK,400,3.45,A,CALL,13,14.819,138000,9/18/2026,WHITE,0.79,108,F,STOCK,Materials,F,F,7757000000,10895
6/2/2026,3:56:25 PM,MU,SWEEP,664,4.116,AA,PUT,770,1064.2250000000001,273308,6/12/2026,YELLOW,1.22,10,F,STOCK,Information Technology,F,F,1095029000000,302
6/2/2026,3:56:24 PM,GOOGL,SWEEP,250,0.64,A,CALL,370,362.51,16000,6/3/2026,YELLOW,0.39,1,F,STOCK,Communication Services,F,T,4608199000000,93
6/2/2026,3:56:23 PM,MSTR,SWEEP,337,4.151,B,CALL,175,135.945,139883,7/17/2026,WHITE,0.78,45,F,STOCK,Information Technology,F,F,55752000000,6407
6/2/2026,3:56:23 PM,VIAV,SWEEP,200,3.395,A,CALL,65,52.675000000000004,67892,7/17/2026,MAGENTA,0.99,45,F,STOCK,Information Technology,F,F,11358000000,230
6/2/2026,3:56:23 PM,AAPL,BLOCK,100,1.96,B,CALL,317.5,315.07,19600,6/5/2026,MAGENTA,0.26,3,F,STOCK,Information Technology,F,T,4583336000000,7096
6/2/2026,3:56:22 PM,EOSE,BLOCK,500,0.29,A,CALL,10,9.5,14500,6/5/2026,MAGENTA,1.42,3,F,STOCK,Industrials,F,T,2862000000,8727
6/2/2026,3:56:22 PM,GLXY,BLOCK,400,3.2,B,CALL,30,29,128000,7/17/2026,WHITE,0.88,45,F,STOCK,Financials,F,F,11533000000,2834
6/2/2026,3:56:22 PM,OLLI,BLOCK,270,5.5,B,CALL,80,79.1305,148500,6/18/2026,MAGENTA,0.89,16,T,STOCK,Consumer Discretionary,F,F,4951000000,883
6/2/2026,3:56:21 PM,TSLA,BLOCK,100,4.87,B,CALL,422.5,423.345,48700,6/3/2026,MAGENTA,0.5,1,F,STOCK,Consumer Discretionary,F,T,1636707000000,2734
6/2/2026,3:56:20 PM,IBM,SWEEP,146,61.585,BB,PUT,350,331.77500000000003,899138,1/15/2027,YELLOW,0.51,227,F,STOCK,Information Technology,F,F,279897000000,7
6/2/2026,3:56:19 PM,UBER,SWEEP,282,1.86,A,CALL,72.5,71.53,52452,6/18/2026,WHITE,0.38,16,F,STOCK,Information Technology,F,F,143306000000,2387
6/2/2026,3:56:19 PM,KOPN,BLOCK,700,0.21,B,PUT,5,6.125,14700,6/18/2026,WHITE,1.34,16,F,STOCK,Information Technology,F,F,1044000000,2260
6/2/2026,3:56:19 PM,GOOG,SWEEP,100,1.4,A,CALL,370,359.04,14000,6/5/2026,MAGENTA,0.39,3,F,STOCK,Communication Services,F,T,4560826000000,805
6/2/2026,3:56:18 PM,AAPL,SWEEP,220,1.641,B,CALL,315,315.06,36100,6/3/2026,MAGENTA,0.24,1,F,STOCK,Information Technology,F,T,4583336000000,9576
6/2/2026,3:56:17 PM,NVDA,SWEEP,500,2.31,A,CALL,300,222.56,115500,8/21/2026,WHITE,0.47,80,F,STOCK,Information Technology,F,F,5109588000000,24453
6/2/2026,3:56:15 PM,MRVL,BLOCK,434,2.22,B,PUT,250,289.71000000000004,96348,6/5/2026,YELLOW,1.43,3,F,STOCK,Information Technology,F,T,183952000000,244
6/2/2026,3:56:15 PM,TSLA,SWEEP,200,7.003,B,CALL,425,423.5588,140057,6/5/2026,MAGENTA,0.5,3,F,STOCK,Consumer Discretionary,F,T,1636707000000,5179
6/2/2026,3:56:13 PM,AAPL,SWEEP,301,0.71,A,CALL,317.5,315.035,21370,6/3/2026,MAGENTA,0.25,1,F,STOCK,Information Technology,F,T,4583336000000,5037
6/2/2026,3:56:13 PM,AAPL,SWEEP,100,1.61,AA,CALL,315,315.035,16100,6/3/2026,MAGENTA,0.24,1,F,STOCK,Information Technology,F,T,4583336000000,9576
6/2/2026,3:56:13 PM,PLTR,BLOCK,233,4.5,A,CALL,150,152.03,104850,6/5/2026,WHITE,0.62,3,F,STOCK,Information Technology,F,T,375275000000,9681
6/2/2026,3:56:11 PM,GOOG,BLOCK,100,1.35,A,CALL,370,358.98,13500,6/5/2026,MAGENTA,0.38,3,F,STOCK,Communication Services,F,T,4560826000000,805
6/2/2026,3:56:09 PM,MSTR,BLOCK,150,5.77,B,PUT,138,135.925,86550,6/5/2026,MAGENTA,0.94,3,F,STOCK,Information Technology,F,T,55752000000,1241
6/2/2026,3:56:09 PM,GOOGL,BLOCK,186,1.6,A,CALL,365,362.47,29760,6/3/2026,YELLOW,0.35,1,F,STOCK,Communication Services,F,T,4608199000000,1
6/2/2026,3:56:08 PM,GLW,SWEEP,256,38.531,AA,CALL,230,200.92000000000002,986385,1/15/2027,WHITE,0.76,227,F,STOCK,Information Technology,F,F,155913000000,2319
6/2/2026,3:56:07 PM,NVDA,SWEEP,172,1.28,A,CALL,230,222.51000000000002,22014,6/5/2026,MAGENTA,0.48,3,F,STOCK,Information Technology,F,T,5109588000000,48407
6/2/2026,3:56:06 PM,EOSE,SWEEP,158,0.8,B,CALL,10,9.4655,12640,6/18/2026,WHITE,1.28,16,F,STOCK,Industrials,F,F,2862000000,10053
6/2/2026,3:56:06 PM,GOOGL,BLOCK,428,1.6,A,CALL,365,362.33000000000004,68480,6/3/2026,YELLOW,0.36,1,F,STOCK,Communication Services,F,T,4608199000000,1
6/2/2026,3:56:04 PM,CSCO,BLOCK,150,1.82,,CALL,130,127.92,27300,6/5/2026,MAGENTA,0.59,3,F,STOCK,Information Technology,F,T,474627000000,2341
6/2/2026,3:56:01 PM,GOOG,SWEEP,127,1.59,B,PUT,350,358.595,20193,6/5/2026,MAGENTA,0.37,3,F,STOCK,Communication Services,F,T,4560826000000,1987
6/2/2026,3:56:01 PM,INTC,SWEEP,250,1.98,,CALL,113,107.765,49500,6/5/2026,MAGENTA,1.02,3,F,STOCK,Information Technology,F,T,576381000000,1029
6/2/2026,3:56:01 PM,NVDA,SWEEP,252,4.95,A,CALL,220,222.52,124738,6/5/2026,WHITE,0.44,3,F,STOCK,Information Technology,F,T,5109588000000,33214
6/2/2026,3:55:59 PM,INTC,SWEEP,425,2.91,A,CALL,110,107.75500000000001,123675,6/5/2026,MAGENTA,1,3,F,STOCK,Information Technology,F,T,576381000000,9396
6/2/2026,3:55:59 PM,MSFT,BLOCK,100,11.35,B,PUT,440,441.1395,113500,6/18/2026,WHITE,0.33,16,F,STOCK,Information Technology,F,F,3344578000000,3728
6/2/2026,3:55:58 PM,TTD,SWEEP,387,0.3,B,CALL,30,21.11,11610,7/17/2026,WHITE,0.76,45,F,STOCK,Communication Services,F,F,10135000000,14858
6/2/2026,3:55:57 PM,DG,SWEEP,162,1.289,BB,CALL,109,106.69030000000001,20888,6/5/2026,MAGENTA,0.58,3,T,STOCK,Consumer Discretionary,F,T,24359000000,523
6/2/2026,3:55:56 PM,ACN,SWEEP,333,11.1,A,CALL,185,185.96,369617,6/18/2026,WHITE,0.69,16,F,STOCK,Information Technology,F,F,124484000000,525
6/2/2026,3:55:55 PM,INTC,BLOCK,907,0.84,B,CALL,150,107.705,76188,6/18/2026,MAGENTA,1.06,16,F,STOCK,Information Technology,F,F,576381000000,42093
6/2/2026,3:55:53 PM,AVGO,BLOCK,500,27.0,B,CALL,520,482.2275,1350000,7/17/2026,WHITE,0.61,45,T,STOCK,Information Technology,F,F,2115307000000,2980
6/2/2026,3:55:53 PM,MSFT,BLOCK,300,4.6,,CALL,480,441.01500000000004,138000,7/2/2026,WHITE,0.33,30,F,STOCK,Information Technology,F,F,3344578000000,12657
6/2/2026,3:55:52 PM,META,BLOCK,213,2.54,B,CALL,625,597.36,54102,6/8/2026,YELLOW,0.36,6,F,STOCK,Communication Services,F,F,1599968000000,154
6/2/2026,3:55:52 PM,ACN,BLOCK,249,6.5,A,CALL,210,185.95000000000002,161850,7/17/2026,MAGENTA,0.57,45,F,STOCK,Information Technology,F,F,124484000000,420
6/2/2026,3:55:51 PM,WU,SWEEP,500,0.45,B,PUT,7,7.98,22502,11/20/2026,YELLOW,0.37,171,F,STOCK,Industrials,F,F,2540000000,69
6/2/2026,3:55:51 PM,GOOGL,SWEEP,131,2.04,,PUT,355,362.065,26724,6/5/2026,MAGENTA,0.37,3,F,STOCK,Communication Services,F,T,4608199000000,3741
6/2/2026,3:55:49 PM,TSLA,BLOCK,150,1.22,A,CALL,450,423.6,18300,6/5/2026,MAGENTA,0.55,3,F,STOCK,Consumer Discretionary,F,T,1636707000000,13389
6/2/2026,3:55:49 PM,INTC,SWEEP,1424,0.83,B,CALL,150,107.72,118192,6/18/2026,MAGENTA,1.06,16,F,STOCK,Information Technology,F,F,576381000000,42093
6/2/2026,3:55:48 PM,TSLA,SWEEP,100,6.35,B,CALL,470,423.64000000000004,63500,6/26/2026,MAGENTA,0.48,24,F,STOCK,Consumer Discretionary,F,F,1636707000000,1342
6/2/2026,3:55:47 PM,AAPL,SWEEP,150,1.67,A,PUT,315,314.88,25050,6/3/2026,MAGENTA,0.25,1,F,STOCK,Information Technology,F,T,4583336000000,468
6/2/2026,3:55:47 PM,NVDA,SWEEP,1000,0.19,B,CALL,232.5,222.48000000000002,19000,6/3/2026,MAGENTA,0.56,1,F,STOCK,Information Technology,F,T,5109588000000,8424
6/2/2026,3:55:47 PM,MU,BLOCK,80,100.0,B,CALL,1200,1068.1200000000001,800000,7/17/2026,WHITE,0.99,45,F,STOCK,Information Technology,F,F,1095029000000,2744
6/2/2026,3:55:47 PM,NOW,BLOCK,500,20.95,,CALL,120,127.485,1047500,8/21/2026,WHITE,0.72,80,F,STOCK,Information Technology,F,F,128225000000,5825
6/2/2026,3:55:46 PM,GLW,BLOCK,274,1.85,B,CALL,220,201.24,50690,6/5/2026,MAGENTA,1.04,3,F,STOCK,Information Technology,F,T,155913000000,802
6/2/2026,3:55:46 PM,VUZI,BLOCK,300,1.2,A,CALL,6,4.6266,36000,1/15/2027,WHITE,1.1,227,F,STOCK,Information Technology,F,F,382000000,1201
6/2/2026,3:55:46 PM,MSFT,BLOCK,100,3.16,B,CALL,460,440.9499,31600,6/10/2026,MAGENTA,0.37,8,F,STOCK,Information Technology,F,F,3344578000000,364
6/2/2026,3:55:45 PM,PLTR,BLOCK,375,1.67,B,PUT,148,152.06,62625,6/5/2026,MAGENTA,0.61,3,F,STOCK,Information Technology,F,T,375275000000,951
6/2/2026,3:55:45 PM,POET,SWEEP,200,0.95,B,CALL,15,13.895000000000001,19000,6/12/2026,WHITE,1.5,10,F,STOCK,Information Technology,F,F,1887000000,2272
6/2/2026,3:55:44 PM,MRVL,SWEEP,209,2.047,BB,PUT,250,290.12,42781,6/5/2026,MAGENTA,1.41,3,F,STOCK,Information Technology,F,T,183952000000,244
6/2/2026,3:55:42 PM,NU,BLOCK,299,0.95,B,CALL,15,11.825000000000001,28405,1/15/2027,WHITE,0.51,227,F,STOCK,Financials,F,F,63755000000,38357
6/2/2026,3:55:39 PM,AXTI,SWEEP,554,0.3,B,PUT,79,110.89,16620,6/5/2026,YELLOW,2.15,3,F,STOCK,Information Technology,F,T,6749000000,399
6/2/2026,3:55:38 PM,GOOG,BLOCK,150,36.35,B,CALL,375,358.65000000000003,545250,1/15/2027,WHITE,0.36,227,F,STOCK,Communication Services,F,F,4560826000000,807
6/2/2026,3:55:38 PM,AMZN,SWEEP,261,1.202,AA,PUT,255,256.47,31377,6/3/2026,MAGENTA,0.35,1,F,STOCK,Consumer Discretionary,F,T,2911304000000,2090
6/2/2026,3:55:38 PM,NOW,BLOCK,250,19.1,A,CALL,110,127.393,477500,6/18/2026,WHITE,0.73,16,F,STOCK,Information Technology,F,F,128225000000,9962
6/2/2026,3:55:37 PM,AVGO,SWEEP,101,0.83,A,CALL,650,482.19,8387,6/5/2026,WHITE,1.69,3,T,STOCK,Information Technology,F,T,2115307000000,2326
6/2/2026,3:55:36 PM,GOOGL,SWEEP,2000,0.1,A,CALL,402.5,362.01,20000,6/5/2026,YELLOW,0.54,3,F,STOCK,Communication Services,F,T,4608199000000,625
6/2/2026,3:55:35 PM,RXRX,SWEEP,200,1.7,B,CALL,5,3.5936000000000003,34000,1/21/2028,WHITE,1.15,598,F,STOCK,Health Care,F,F,1902000000,27173
6/2/2026,3:55:33 PM,INTC,SWEEP,584,0.83,A,CALL,150,107.7,48472,6/18/2026,MAGENTA,1.06,16,F,STOCK,Information Technology,F,F,576381000000,42093
6/2/2026,3:55:32 PM,MSFT,SWEEP,100,22.5,A,CALL,470,441.14000000000004,225000,9/18/2026,WHITE,0.35,108,F,STOCK,Information Technology,F,F,3344578000000,4846
6/2/2026,3:55:32 PM,TSLA,BLOCK,100,94.0,A,CALL,500,423.77500000000003,940000,1/21/2028,WHITE,0.53,598,F,STOCK,Consumer Discretionary,F,F,1636707000000,4222
6/2/2026,3:55:31 PM,AVGO,BLOCK,128,8.386,B,CALL,525,482.12,107336,6/5/2026,MAGENTA,1.32,3,T,STOCK,Information Technology,F,T,2115307000000,1190
6/2/2026,3:55:31 PM,CSCO,BLOCK,502,1.69,A,CALL,130,127.91000000000001,84840,6/5/2026,MAGENTA,0.56,3,F,STOCK,Information Technology,F,T,474627000000,2341
6/2/2026,3:55:27 PM,IBM,SWEEP,100,2.203,A,CALL,362.5,332.06,22025,6/5/2026,YELLOW,0.92,3,F,STOCK,Information Technology,F,T,279897000000,37
6/2/2026,3:55:27 PM,TSLA,BLOCK,200,7.82,A,CALL,500,423.58000000000004,156400,7/17/2026,WHITE,0.5,45,F,STOCK,Consumer Discretionary,F,F,1636707000000,23084
6/2/2026,3:55:26 PM,ULTA,BLOCK,200,11.507,A,CALL,540,493.675,230140,6/5/2026,YELLOW,1.55,3,T,STOCK,Consumer Discretionary,F,T,22165000000,45
6/2/2026,3:55:26 PM,NVDA,SWEEP,343,1.1,A,CALL,225,222.44,37730,6/3/2026,MAGENTA,0.46,1,F,STOCK,Information Technology,F,T,5109588000000,23319
6/2/2026,3:55:25 PM,BABA,SWEEP,1266,2.9,B,CALL,135,130.94,367141,6/18/2026,WHITE,0.41,16,F,STOCK,Consumer Discretionary,F,F,298010000000,13191
6/2/2026,3:55:24 PM,INTC,SWEEP,516,0.82,A,CALL,150,107.62,42312,6/18/2026,MAGENTA,1.05,16,F,STOCK,Information Technology,F,F,576381000000,42093
6/2/2026,3:55:23 PM,F,BLOCK,288,0.75,A,CALL,19,16.151,21600,9/18/2026,WHITE,0.49,108,F,STOCK,Consumer Discretionary,F,F,69493000000,7679
6/2/2026,3:55:22 PM,NVDA,BLOCK,180,3.5,A,CALL,220,222.525,63000,6/3/2026,MAGENTA,0.43,1,F,STOCK,Information Technology,F,T,5109588000000,14834
6/2/2026,3:55:22 PM,PLTR,BLOCK,450,1.46,B,CALL,157.5,151.99,65700,6/5/2026,MAGENTA,0.63,3,F,STOCK,Information Technology,F,T,375275000000,7291
6/2/2026,3:55:21 PM,RBLX,BLOCK,498,0.28,A,PUT,39,44.54,13944,6/12/2026,YELLOW,0.69,10,F,STOCK,Communication Services,F,F,31665000000,231
6/2/2026,3:55:21 PM,KOS,SWEEP,540,0.55,B,CALL,2.5,2.955,29700,6/18/2026,WHITE,1.14,16,F,STOCK,Energy,F,F,1660000000,8839
6/2/2026,3:55:20 PM,TSLA,SWEEP,141,1.25,B,CALL,450,423.68,17625,6/5/2026,MAGENTA,0.56,3,F,STOCK,Consumer Discretionary,F,T,1636707000000,13389
6/2/2026,3:55:19 PM,MSTR,SWEEP,224,1.57,B,PUT,127,135.94,35168,6/5/2026,MAGENTA,1,3,F,STOCK,Information Technology,F,T,55752000000,618
6/2/2026,3:55:19 PM,NOW,SWEEP,207,19.0,B,CALL,110,127.36,393300,6/18/2026,WHITE,0.71,16,F,STOCK,Information Technology,F,F,128225000000,9962
6/2/2026,3:55:19 PM,MPT,BLOCK,200,1.16,B,CALL,4,4.9997,23200,1/15/2027,WHITE,0.48,227,F,STOCK,Real Estate,F,F,3056000000,6210
6/2/2026,3:55:17 PM,HIMS,BLOCK,150,4.5,A,CALL,25,27.540000000000003,67500,7/17/2026,WHITE,0.82,45,F,STOCK,Health Care,F,F,6052000000,4568
6/2/2026,3:55:16 PM,MSFT,SWEEP,195,0.94,B,PUT,390,441.25,18330,6/18/2026,WHITE,0.39,16,F,STOCK,Information Technology,F,F,3344578000000,10517
6/2/2026,3:55:16 PM,SMR,SWEEP,517,0.8,A,CALL,14,14.035,41360,6/5/2026,MAGENTA,1.54,3,F,STOCK,Industrials,F,T,4630000000,4954
6/2/2026,3:55:15 PM,PL,SWEEP,200,0.65,A,PUT,37,48.64,13000,6/5/2026,MAGENTA,2.66,3,T,STOCK,Industrials,F,T,17702000000,280
6/2/2026,3:55:14 PM,META,BLOCK,150,6.6,B,CALL,602.5,597.39,99000,6/5/2026,MAGENTA,0.41,3,F,STOCK,Communication Services,F,T,1599968000000,615
6/2/2026,3:55:14 PM,MU,SWEEP,100,35.689,A,PUT,1060,1070.2060000000001,356888,6/5/2026,MAGENTA,1.06,3,F,STOCK,Information Technology,F,T,1095029000000,101
6/2/2026,3:55:12 PM,AAPL,BLOCK,489,1.15,A,CALL,320,314.88,56225,6/5/2026,MAGENTA,0.26,3,F,STOCK,Information Technology,F,T,4583336000000,26594
6/2/2026,3:55:11 PM,META,SWEEP,124,25.65,A,PUT,612.5,597.395,318060,6/18/2026,MAGENTA,0.35,16,F,STOCK,Communication Services,F,F,1599968000000,254
6/2/2026,3:55:09 PM,SMR,SWEEP,230,0.793,A,CALL,14,14.055,18234,6/5/2026,MAGENTA,1.51,3,F,STOCK,Industrials,F,T,4630000000,4954
6/2/2026,3:55:09 PM,META,SWEEP,198,39.75,B,PUT,550,597.4164000000001,787050,12/18/2026,WHITE,0.38,199,F,STOCK,Communication Services,F,F,1599968000000,3309
6/2/2026,3:55:08 PM,CLF,BLOCK,250,1.68,B,PUT,16,14.905000000000001,42000,6/18/2026,YELLOW,0.82,16,F,STOCK,Materials,F,F,7757000000,249
6/2/2026,3:55:07 PM,MSFT,BLOCK,100,4.7,,CALL,480,441.225,47000,7/2/2026,WHITE,0.33,30,F,STOCK,Information Technology,F,F,3344578000000,12657
6/2/2026,3:55:07 PM,TOYO,BLOCK,238,2.0,A,PUT,15,16.63,47600,7/17/2026,YELLOW,1.26,45,F,STOCK,Industrials,F,F,548000000,2
6/2/2026,3:55:04 PM,WULF,BLOCK,750,1.23,B,CALL,26,26.42,92250,6/5/2026,WHITE,1.06,3,F,STOCK,Financials,F,T,12665000000,3584
6/2/2026,3:55:04 PM,ACN,BLOCK,250,6.4,A,CALL,210,185.77,160000,7/17/2026,MAGENTA,0.57,45,F,STOCK,Information Technology,F,F,124484000000,420
6/2/2026,3:55:04 PM,IBM,BLOCK,144,61.343,BB,PUT,350,332.325,883340,1/15/2027,YELLOW,0.51,227,F,STOCK,Information Technology,F,F,279897000000,7
6/2/2026,3:55:03 PM,MU,BLOCK,135,4.1,B,CALL,1250,1070.1401,55350,6/5/2026,WHITE,1.18,3,F,STOCK,Information Technology,F,T,1095029000000,3105
6/2/2026,3:55:03 PM,MU,BLOCK,338,4.25,A,PUT,770,1070.8999000000001,143650,6/12/2026,YELLOW,1.24,10,F,STOCK,Information Technology,F,F,1095029000000,302
6/2/2026,3:55:02 PM,INFQ,BLOCK,180,5.3,B,CALL,17.5,20.62,95400,7/17/2026,WHITE,1.32,45,F,STOCK,None,F,F,3539000000,11382
6/2/2026,3:55:01 PM,MU,BLOCK,164,4.1,B,CALL,1250,1070.1000000000001,67240,6/5/2026,WHITE,1.18,3,F,STOCK,Information Technology,F,T,1095029000000,3105
6/2/2026,3:55:01 PM,MRVL,SWEEP,219,26.75,AA,CALL,280,289.31,585815,6/12/2026,YELLOW,1.15,10,F,STOCK,Information Technology,F,F,183952000000,76
6/2/2026,3:55:01 PM,NVDA,SWEEP,201,1.3,AA,CALL,230,222.44,26132,6/5/2026,MAGENTA,0.49,3,F,STOCK,Information Technology,F,T,5109588000000,48407
6/2/2026,3:55:00 PM,NVDA,SWEEP,203,2.057,AA,CALL,222.5,222.48000000000002,41759,6/3/2026,MAGENTA,0.44,1,F,STOCK,Information Technology,F,T,5109588000000,7335
6/2/2026,3:55:00 PM,NKE,SWEEP,500,1.322,B,CALL,50,43.665,66100,7/17/2026,WHITE,0.56,45,F,STOCK,Consumer Discretionary,F,F,68461000000,19821
6/2/2026,3:55:00 PM,AMZN,SWEEP,243,0.056,BB,CALL,270,256.63,1358,6/3/2026,WHITE,0.48,1,F,STOCK,Consumer Discretionary,F,T,2911304000000,7401
6/2/2026,3:55:00 PM,MSFT,BLOCK,154,2.45,B,CALL,500,441.175,37730,7/2/2026,MAGENTA,0.35,30,F,STOCK,Information Technology,F,F,3344578000000,740
6/2/2026,3:55:00 PM,AMZN,BLOCK,203,6.3,B,PUT,225,256.6,127890,9/18/2026,WHITE,0.35,108,F,STOCK,Consumer Discretionary,F,F,2911304000000,3296
6/2/2026,3:55:00 PM,TSLA,SWEEP,145,1.902,BB,PUT,417.5,423.54,27578,6/3/2026,MAGENTA,0.49,1,F,STOCK,Consumer Discretionary,F,T,1636707000000,1531
6/2/2026,3:55:00 PM,TSLA,SWEEP,102,9.643,B,CALL,420,423.54,98360,6/5/2026,MAGENTA,0.5,3,F,STOCK,Consumer Discretionary,F,T,1636707000000,6021
6/2/2026,3:55:00 PM,TSLA,BLOCK,100,1.67,A,CALL,432.5,423.54,16700,6/3/2026,MAGENTA,0.55,1,F,STOCK,Consumer Discretionary,F,T,1636707000000,1519
6/2/2026,3:54:58 PM,BBAI,BLOCK,1100,1.18,A,CALL,7,5.0572,129800,1/15/2027,WHITE,1.08,227,F,STOCK,Information Technology,F,F,2413000000,32471
6/2/2026,3:54:58 PM,PLTR,SWEEP,270,3.7,B,PUT,152.5,151.86,99900,6/5/2026,MAGENTA,0.62,3,F,STOCK,Information Technology,F,T,375275000000,3449
6/2/2026,3:54:58 PM,IDA,BLOCK,750,3.4,,CALL,145,136.53,255000,7/17/2026,ORANGE,0,45,F,STOCK,Utilities,F,F,7772000000,0
6/2/2026,3:54:58 PM,IDA,BLOCK,750,1.15,,PUT,130,136.53,86250,7/17/2026,ORANGE,0,45,F,STOCK,Utilities,F,F,7772000000,0
6/2/2026,3:54:58 PM,IDA,BLOCK,1500,1.2,,CALL,150,136.53,180000,7/17/2026,ORANGE,0,45,F,STOCK,Utilities,F,F,7772000000,1
6/2/2026,3:54:57 PM,NIO,BLOCK,158,0.64,A,CALL,5.5,6.035,10112,6/18/2026,WHITE,0.61,16,F,STOCK,Consumer Discretionary,F,F,12867000000,58930
6/2/2026,3:54:56 PM,META,SWEEP,258,2.874,A,CALL,605,598.5500000000001,74138,6/3/2026,MAGENTA,0.44,1,F,STOCK,Communication Services,F,T,1599968000000,1291
6/2/2026,3:54:56 PM,MU,SWEEP,97,4.1,B,CALL,1250,1073.42,39770,6/5/2026,WHITE,1.16,3,F,STOCK,Information Technology,F,T,1095029000000,3105
6/2/2026,3:54:55 PM,BA,BLOCK,300,2.02,A,CALL,220,217.375,60600,6/5/2026,MAGENTA,0.4,3,F,STOCK,Industrials,F,T,182216000000,1289
6/2/2026,3:54:54 PM,TSLA,BLOCK,100,2.24,B,CALL,430,423.69,22400,6/3/2026,MAGENTA,0.53,1,F,STOCK,Consumer Discretionary,F,T,1636707000000,6432
6/2/2026,3:54:52 PM,TSLA,BLOCK,102,7.249,A,CALL,452.5,423.81,73942,6/18/2026,WHITE,0.49,16,F,STOCK,Consumer Discretionary,F,F,1636707000000,250
6/2/2026,3:54:52 PM,SPCE,BLOCK,150,1.0,A,CALL,4.5,4.7250000000000005,15000,6/18/2026,WHITE,2.31,16,F,STOCK,Industrials,F,F,622000000,8902
6/2/2026,3:54:52 PM,TSLA,SWEEP,220,1.3,A,CALL,450,423.7395,28600,6/5/2026,MAGENTA,0.56,3,F,STOCK,Consumer Discretionary,F,T,1636707000000,13389
6/2/2026,3:54:51 PM,AAPL,BLOCK,100,3.1,A,CALL,312.5,314.87,31000,6/3/2026,MAGENTA,0.25,1,F,STOCK,Information Technology,F,T,4583336000000,4184
6/2/2026,3:54:51 PM,TSLA,SWEEP,177,4.041,AA,CALL,425,423.88,71520,6/3/2026,MAGENTA,0.51,1,F,STOCK,Consumer Discretionary,F,T,1636707000000,4434
6/2/2026,3:54:51 PM,RIVN,SWEEP,400,3.3,A,CALL,14,17.3,132000,6/5/2026,WHITE,0,3,F,STOCK,Consumer Discretionary,F,T,20228000000,3061
6/2/2026,3:54:51 PM,NVDA,SWEEP,197,1.1,AA,CALL,225,222.48000000000002,21666,6/3/2026,MAGENTA,0.45,1,F,STOCK,Information Technology,F,T,5109588000000,23319
6/2/2026,3:54:51 PM,TSLA,SWEEP,142,12.901,AA,CALL,425,423.99,183190,6/12/2026,MAGENTA,0.47,10,F,STOCK,Consumer Discretionary,F,F,1636707000000,3038
6/2/2026,3:54:50 PM,WDC,BLOCK,100,88.463,A,CALL,780,568.66,884632,12/18/2026,WHITE,0.89,199,F,STOCK,Information Technology,F,F,183098000000,258
6/2/2026,3:54:50 PM,AAPL,BLOCK,100,3.0,A,CALL,312.5,314.84000000000003,30000,6/3/2026,MAGENTA,0.24,1,F,STOCK,Information Technology,F,T,4583336000000,4184
6/2/2026,3:54:50 PM,TSLA,SWEEP,132,6.326,AA,CALL,420,423.99,83502,6/3/2026,MAGENTA,0.45,1,F,STOCK,Consumer Discretionary,F,T,1636707000000,4627
6/2/2026,3:54:50 PM,AXTI,BLOCK,265,17.4,B,CALL,112,111.83,461100,6/26/2026,WHITE,1.53,24,F,STOCK,Information Technology,F,F,6749000000,3462
6/2/2026,3:54:50 PM,TSLA,SWEEP,136,1.236,AA,CALL,450,423.90500000000003,16807,6/5/2026,MAGENTA,0.55,3,F,STOCK,Consumer Discretionary,F,T,1636707000000,13389
6/2/2026,3:54:50 PM,TSLA,SWEEP,129,3.792,AA,CALL,425,423.90500000000003,48918,6/3/2026,MAGENTA,0.49,1,F,STOCK,Consumer Discretionary,F,T,1636707000000,4434
6/2/2026,3:54:50 PM,BE,BLOCK,100,4.0,,CALL,420,301.41,40000,6/18/2026,MAGENTA,1.21,16,F,STOCK,Industrials,F,F,81066000000,125
6/2/2026,3:54:50 PM,GOOG,BLOCK,100,1.3,A,CALL,370,358.4802,13000,6/5/2026,MAGENTA,0.39,3,F,STOCK,Communication Services,F,T,4560826000000,805
6/2/2026,3:54:50 PM,WULF,BLOCK,450,2.23,A,CALL,24.5,26.425,100350,6/5/2026,WHITE,1.06,3,F,STOCK,Financials,F,T,12665000000,1530
6/2/2026,3:54:50 PM,INTC,SWEEP,164,0.807,B,CALL,150,107.48,13232,6/18/2026,MAGENTA,1.05,16,F,STOCK,Information Technology,F,F,576381000000,42093
6/2/2026,3:54:50 PM,CIFR,SWEEP,335,2.63,B,CALL,26,26.355,88105,6/18/2026,WHITE,1.12,16,F,STOCK,Financials,F,F,9674000000,7521
6/2/2026,3:54:50 PM,CRWV,BLOCK,302,5.45,B,CALL,130,119.18,164590,6/18/2026,WHITE,0.95,16,F,STOCK,Information Technology,F,F,49022000000,58116
6/2/2026,3:54:50 PM,GOOGL,SWEEP,178,2.58,A,CALL,367.5,361.83000000000004,45924,6/5/2026,YELLOW,0.37,3,F,STOCK,Communication Services,F,T,4608199000000,56
6/2/2026,3:54:50 PM,AAPL,SWEEP,128,1.92,B,PUT,315,314.855,24576,6/3/2026,MAGENTA,0.28,1,F,STOCK,Information Technology,F,T,4583336000000,468
6/2/2026,3:54:50 PM,AAPL,SWEEP,215,4.098,A,CALL,312.5,314.855,88106,6/5/2026,MAGENTA,0.24,3,F,STOCK,Information Technology,F,T,4583336000000,7611
6/2/2026,3:54:49 PM,SMR,SWEEP,299,0.78,B,CALL,14,14.055,23322,6/5/2026,MAGENTA,1.48,3,F,STOCK,Industrials,F,T,4630000000,4954
6/2/2026,3:54:47 PM,SSP,SWEEP,400,1.0,B,CALL,3,3.4450000000000003,40000,7/17/2026,YELLOW,1.73,45,F,STOCK,Communication Services,F,F,310000000,0
6/2/2026,3:54:47 PM,OKLO,BLOCK,200,5.1,B,CALL,100,73.60000000000001,102000,7/17/2026,MAGENTA,1.22,45,F,STOCK,Utilities,F,F,11636000000,3753
6/2/2026,3:54:47 PM,ACN,BLOCK,250,6.4,A,CALL,210,185.805,160000,7/17/2026,MAGENTA,0.57,45,F,STOCK,Information Technology,F,F,124484000000,420
6/2/2026,3:54:45 PM,NOW,BLOCK,500,20.7,,CALL,120,127.12570000000001,1035000,8/21/2026,WHITE,0.72,80,F,STOCK,Information Technology,F,F,128225000000,5825
6/2/2026,3:54:44 PM,TSLA,SWEEP,159,1.171,A,CALL,450,422.91,18617,6/5/2026,MAGENTA,0.56,3,F,STOCK,Consumer Discretionary,F,T,1636707000000,13389
6/2/2026,3:54:40 PM,AVGO,SWEEP,101,21.024,B,PUT,472.5,481.48,212340,6/12/2026,YELLOW,0.81,10,T,STOCK,Information Technology,F,F,2115307000000,1
6/2/2026,3:54:40 PM,RGTI,SWEEP,518,0.72,B,CALL,30,27.0974,37296,6/5/2026,MAGENTA,1.76,3,F,STOCK,Information Technology,F,T,8489000000,5623
6/2/2026,3:54:40 PM,SMCI,SWEEP,279,10.2,B,CALL,40,50.125,284587,6/5/2026,WHITE,1.34,3,F,STOCK,Information Technology,F,T,27719000000,10586
6/2/2026,3:54:40 PM,META,BLOCK,133,3.5,B,CALL,615,598.9402,46550,6/5/2026,MAGENTA,0.43,3,F,STOCK,Communication Services,F,T,1599968000000,2023
6/2/2026,3:54:38 PM,CSCO,BLOCK,349,1.75,A,CALL,130,127.985,61075,6/5/2026,MAGENTA,0.56,3,F,STOCK,Information Technology,F,T,474627000000,2341
6/2/2026,3:54:36 PM,BBAI,SWEEP,1000,0.02,B,CALL,6,5.0645,2000,6/5/2026,WHITE,1.27,3,F,STOCK,Information Technology,F,T,2413000000,13792
6/2/2026,3:54:35 PM,QBTS,BLOCK,476,4.95,B,PUT,33,29.98,235620,6/18/2026,YELLOW,1.24,16,F,STOCK,Information Technology,F,F,11149000000,23
6/2/2026,3:54:35 PM,NVDA,SWEEP,400,4.7,B,CALL,230,222.39000000000001,188000,6/18/2026,WHITE,0.42,16,F,STOCK,Information Technology,F,F,5109588000000,81340
6/2/2026,3:54:33 PM,TENB,BLOCK,200,2.2,A,CALL,30,30.719900000000003,44000,6/18/2026,WHITE,0.71,16,F,STOCK,Information Technology,F,F,3112000000,1556
6/2/2026,3:54:32 PM,NVDA,SWEEP,600,0.38,A,CALL,255,222.3896,22800,6/12/2026,WHITE,0.49,10,F,STOCK,Information Technology,F,F,5109588000000,4870
6/2/2026,3:54:28 PM,ACN,BLOCK,249,6.4,B,CALL,210,185.8822,159360,7/17/2026,MAGENTA,0.57,45,F,STOCK,Information Technology,F,F,124484000000,420
6/2/2026,3:54:28 PM,GOOG,BLOCK,100,1.25,A,CALL,370,358.11,12500,6/5/2026,MAGENTA,0.39,3,F,STOCK,Communication Services,F,T,4560826000000,805
6/2/2026,3:54:28 PM,CRWV,SWEEP,287,4.45,A,PUT,95,119.58,127710,7/17/2026,WHITE,0.9,45,F,STOCK,Information Technology,F,F,49022000000,2121
6/2/2026,3:54:27 PM,MSFT,SWEEP,115,1.42,,CALL,480,441.45,16330,6/12/2026,MAGENTA,0.39,10,F,STOCK,Information Technology,F,F,3344578000000,6136
6/2/2026,3:54:25 PM,MU,SWEEP,500,77.21,BB,CALL,1100,1074.91,3860500,6/18/2026,WHITE,0.98,16,F,STOCK,Information Technology,F,F,1095029000000,3883
6/2/2026,3:54:22 PM,AAPL,SWEEP,102,1.03,B,CALL,320,314.3781,10506,6/5/2026,MAGENTA,0.26,3,F,STOCK,Information Technology,F,T,4583336000000,26594
6/2/2026,3:54:20 PM,WMB,SWEEP,1001,0.7,B,PUT,65,71.29,70082,7/17/2026,WHITE,0.29,45,F,STOCK,Energy,F,F,87207000000,4843
6/2/2026,3:54:19 PM,TSLA,BLOCK,100,1.21,A,CALL,450,423.19,12100,6/5/2026,MAGENTA,0.56,3,F,STOCK,Consumer Discretionary,F,T,1636707000000,13389
6/2/2026,3:54:19 PM,NVDA,SWEEP,319,1.1,A,CALL,225,222.36,35090,6/3/2026,MAGENTA,0.46,1,F,STOCK,Information Technology,F,T,5109588000000,23319
6/2/2026,3:54:17 PM,MSFT,BLOCK,365,2.72,B,PUT,385,441.599,99280,7/17/2026,WHITE,0.33,45,F,STOCK,Information Technology,F,F,3344578000000,2424
6/2/2026,3:54:16 PM,MSFT,BLOCK,100,3.7,,CALL,470,441.61,37000,6/18/2026,WHITE,0.35,16,F,STOCK,Information Technology,F,F,3344578000000,16261
6/2/2026,3:54:15 PM,AMZN,BLOCK,150,5.27,A,PUT,257.5,257.47,79050,6/12/2026,WHITE,0.32,10,F,STOCK,Consumer Discretionary,F,F,2911304000000,500
6/2/2026,3:54:15 PM,META,SWEEP,250,1.2,A,CALL,615,599.91,30000,6/3/2026,MAGENTA,0.47,1,F,STOCK,Communication Services,F,T,1599968000000,1654
6/2/2026,3:54:14 PM,INTC,BLOCK,150,2.9,A,PUT,100,107.51,43500,6/12/2026,WHITE,0.87,10,F,STOCK,Information Technology,F,F,576381000000,4707
6/2/2026,3:54:14 PM,BAC,BLOCK,160,1.2,A,CALL,51.5,52.505,19200,6/5/2026,WHITE,0.3,3,F,STOCK,Financials,F,T,366184000000,2616
6/2/2026,3:54:14 PM,ATEN,BLOCK,200,0.95,B,CALL,40,32.493500000000004,19000,7/17/2026,YELLOW,0.69,45,F,STOCK,Information Technology,F,F,2170000000,4
6/2/2026,3:54:12 PM,FCX,BLOCK,200,1.66,B,CALL,72,71.81,33200,6/5/2026,MAGENTA,0.67,3,F,STOCK,Materials,F,T,94462000000,374
6/2/2026,3:54:12 PM,AMD,BLOCK,100,1.29,B,PUT,380,518.985,12900,6/18/2026,WHITE,0.86,16,F,STOCK,Information Technology,F,F,841553000000,2340
6/2/2026,3:54:11 PM,TSLA,BLOCK,150,8.7,B,CALL,445,423.075,130500,6/18/2026,WHITE,0.48,16,F,STOCK,Consumer Discretionary,F,F,1636707000000,10749
6/2/2026,3:54:11 PM,GOOGL,BLOCK,110,8.8,A,PUT,370,361.435,96800,6/3/2026,MAGENTA,0.33,1,F,STOCK,Communication Services,F,T,4608199000000,1387
6/2/2026,3:54:10 PM,NVDA,BLOCK,200,9.0,A,CALL,220,222.47,180000,6/18/2026,WHITE,0.41,16,F,STOCK,Information Technology,F,F,5109588000000,89819
6/2/2026,3:54:10 PM,GOOGL,SWEEP,202,1.15,A,PUT,357.5,361.45,23221,6/3/2026,YELLOW,0.36,1,F,STOCK,Communication Services,F,T,4608199000000,151
6/2/2026,3:54:10 PM,AMD,SWEEP,137,14.204,B,CALL,522.5,518.9768,194588,6/5/2026,WHITE,0.84,3,F,STOCK,Information Technology,F,T,841553000000,1643
6/2/2026,3:54:09 PM,NU,SWEEP,210,0.74,B,CALL,12,11.865,15540,7/17/2026,MAGENTA,0.47,45,F,STOCK,Financials,F,F,63755000000,555
6/2/2026,3:54:08 PM,ASST,BLOCK,687,1.1,B,CALL,20,16.165,75570,7/17/2026,MAGENTA,1.02,45,F,STOCK,Financials,F,F,1291000000,896
6/2/2026,3:54:07 PM,ON,BLOCK,194,4.7,B,CALL,128,128.54,91180,6/5/2026,YELLOW,0.95,3,F,STOCK,Information Technology,F,T,47271000000,57
6/2/2026,3:54:07 PM,BZAI,BLOCK,995,0.55,A,CALL,5,1.9400000000000002,54725,1/21/2028,WHITE,1.06,598,F,STOCK,None,F,F,250000000,16089
6/2/2026,3:54:06 PM,QCOM,BLOCK,153,7.55,B,CALL,242.5,240.66,115515,6/5/2026,MAGENTA,0.96,3,F,STOCK,Information Technology,F,T,264575000000,349
6/2/2026,3:54:06 PM,NVDA,BLOCK,200,1.15,A,CALL,250,222.38,23000,6/18/2026,WHITE,0.45,16,F,STOCK,Information Technology,F,F,5109588000000,69731
6/2/2026,3:54:05 PM,AAPL,SWEEP,218,6.554,B,CALL,312.5,314.08,142878,6/12/2026,WHITE,0.27,10,F,STOCK,Information Technology,F,F,4583336000000,2006
6/2/2026,3:54:05 PM,BA,BLOCK,298,3.1,,CALL,217.5,217.35,92380,6/5/2026,YELLOW,0.4,3,F,STOCK,Industrials,F,T,182216000000,115
6/2/2026,3:54:03 PM,FCX,SWEEP,300,1.64,A,CALL,72,71.8,49200,6/5/2026,MAGENTA,0.67,3,F,STOCK,Materials,F,T,94462000000,374
6/2/2026,3:54:03 PM,NVDA,SWEEP,500,1.15,A,CALL,250,222.37,57500,6/18/2026,WHITE,0.45,16,F,STOCK,Information Technology,F,F,5109588000000,69731
6/2/2026,3:54:00 PM,GOOGL,SWEEP,116,1.0,A,PUT,350,361.90500000000003,11600,6/5/2026,MAGENTA,0.37,3,F,STOCK,Communication Services,F,T,4608199000000,1979
6/2/2026,3:54:00 PM,TSLA,SWEEP,402,1.772,B,CALL,445,423.11,71230,6/5/2026,MAGENTA,0.55,3,F,STOCK,Consumer Discretionary,F,T,1636707000000,5024
6/2/2026,3:54:00 PM,GOOGL,BLOCK,200,1.55,B,CALL,365,361.87,31000,6/3/2026,YELLOW,0.37,1,F,STOCK,Communication Services,F,T,4608199000000,1
6/2/2026,3:54:00 PM,GOOG,BLOCK,100,1.92,A,PUT,220,358.40000000000003,19200,1/15/2027,WHITE,0.4,227,F,STOCK,Communication Services,F,F,4560826000000,1402
6/2/2026,3:53:59 PM,INTC,SWEEP,206,0.8,A,CALL,150,107.43,16480,6/18/2026,MAGENTA,1.05,16,F,STOCK,Information Technology,F,F,576381000000,42093
6/2/2026,3:53:59 PM,INTC,SWEEP,820,1.42,B,CALL,115,107.43,116470,6/5/2026,MAGENTA,1.03,3,F,STOCK,Information Technology,F,T,576381000000,8591
6/2/2026,3:53:58 PM,PANW,SWEEP,1000,0.268,A,CALL,510,295.87,26766,6/5/2026,YELLOW,2.54,3,T,STOCK,Information Technology,F,T,229859000000,0
6/2/2026,3:53:58 PM,MU,BLOCK,102,14.629,B,PUT,850,1074.99,149220,6/18/2026,WHITE,1.04,16,F,STOCK,Information Technology,F,F,1095029000000,1151
6/2/2026,3:53:55 PM,FCX,BLOCK,250,2.75,B,CALL,70,71.8699,68750,6/5/2026,MAGENTA,0.64,3,F,STOCK,Materials,F,T,94462000000,8378
6/2/2026,3:53:53 PM,TSLA,BLOCK,100,1.59,A,CALL,432.5,423.295,15900,6/3/2026,MAGENTA,0.54,1,F,STOCK,Consumer Discretionary,F,T,1636707000000,1519
6/2/2026,3:53:51 PM,TSLA,SWEEP,100,11.5,B,PUT,430,423.37,115000,6/5/2026,MAGENTA,0.51,3,F,STOCK,Consumer Discretionary,F,T,1636707000000,3426
6/2/2026,3:53:50 PM,TSLA,SWEEP,101,3.998,BB,PUT,415,423.37,40380,6/5/2026,MAGENTA,0.49,3,F,STOCK,Consumer Discretionary,F,T,1636707000000,3388
6/2/2026,3:53:50 PM,MU,SWEEP,200,73.5,,CALL,1070,1074.52,1470000,6/12/2026,MAGENTA,1,10,F,STOCK,Information Technology,F,F,1095029000000,394
6/2/2026,3:53:50 PM,AMZN,BLOCK,440,0.42,A,CALL,262.5,257.615,18480,6/3/2026,MAGENTA,0.36,1,F,STOCK,Consumer Discretionary,F,T,2911304000000,1055
6/2/2026,3:53:50 PM,AAPL,BLOCK,243,0.04,B,CALL,325,314.07,973,6/3/2026,MAGENTA,0.32,1,F,STOCK,Information Technology,F,T,4583336000000,2285
6/2/2026,3:53:50 PM,NVDA,SWEEP,155,1.06,BB,CALL,225,222.38,16433,6/3/2026,MAGENTA,0.45,1,F,STOCK,Information Technology,F,T,5109588000000,23319
6/2/2026,3:53:49 PM,AMD,BLOCK,100,36.638,BB,CALL,500,520.11,366375,6/12/2026,WHITE,0.74,10,F,STOCK,Information Technology,F,F,841553000000,810
6/2/2026,3:53:45 PM,GOOGL,SWEEP,407,55.0,B,CALL,420,362.15000000000003,2238500,12/17/2027,WHITE,0.39,563,F,STOCK,Communication Services,F,F,4608199000000,2359
6/2/2026,3:53:45 PM,MSFT,BLOCK,100,4.0,B,CALL,505,441.87,40000,7/17/2026,WHITE,0.34,45,F,STOCK,Information Technology,F,F,3344578000000,2038
6/2/2026,3:53:45 PM,ORCL,SWEEP,245,9.5,B,PUT,250,245.05,232750,6/5/2026,MAGENTA,0.76,3,F,STOCK,Information Technology,F,T,649353000000,387
6/2/2026,3:53:44 PM,GOOGL,BLOCK,100,1.13,B,CALL,375,362.1874,11300,6/5/2026,MAGENTA,0.39,3,F,STOCK,Communication Services,F,T,4608199000000,734
6/2/2026,3:53:44 PM,OLN,BLOCK,159,0.78,B,PUT,25,25.95,12402,6/18/2026,WHITE,0.56,16,F,STOCK,Materials,F,F,2946000000,385
6/2/2026,3:53:43 PM,GOOGL,BLOCK,132,55.0,B,CALL,420,362.2099,726000,12/17/2027,WHITE,0.39,563,F,STOCK,Communication Services,F,F,4608199000000,2359
6/2/2026,3:53:43 PM,MU,SWEEP,94,19.0,A,CALL,1140,1075.025,178600,6/5/2026,MAGENTA,1.1,3,F,STOCK,Information Technology,F,T,1095029000000,368
6/2/2026,3:53:43 PM,MU,SWEEP,223,8.62,AA,CALL,1200,1075.0900000000001,192233,6/5/2026,MAGENTA,1.14,3,F,STOCK,Information Technology,F,T,1095029000000,12130
6/2/2026,3:53:41 PM,GOOGL,BLOCK,132,55.0,B,CALL,420,362.135,726000,12/17/2027,WHITE,0.39,563,F,STOCK,Communication Services,F,F,4608199000000,2359
6/2/2026,3:53:40 PM,SLS,BLOCK,455,0.25,B,PUT,6,8.345,11375,6/18/2026,WHITE,1.74,16,F,STOCK,Health Care,F,F,1731000000,2056
6/2/2026,3:53:39 PM,GOOGL,BLOCK,176,55.0,B,CALL,420,362.165,968000,12/17/2027,WHITE,0.39,563,F,STOCK,Communication Services,F,F,4608199000000,2359
6/2/2026,3:53:37 PM,GOOGL,BLOCK,132,55.0,B,CALL,420,362.1701,726000,12/17/2027,WHITE,0.39,563,F,STOCK,Communication Services,F,F,4608199000000,2359
6/2/2026,3:53:37 PM,MU,SWEEP,77,31.001,AA,CALL,1100,1074.77,238710,6/5/2026,MAGENTA,1.08,3,F,STOCK,Information Technology,F,T,1095029000000,7773
6/2/2026,3:53:37 PM,ACN,BLOCK,462,6.2,A,CALL,210,185.98000000000002,286440,7/17/2026,YELLOW,0.56,45,F,STOCK,Information Technology,F,F,124484000000,420
6/2/2026,3:53:36 PM,TSLA,SWEEP,151,1.12,B,CALL,435,423.15000000000003,16913,6/3/2026,MAGENTA,0.55,1,F,STOCK,Consumer Discretionary,F,T,1636707000000,4549
6/2/2026,3:53:35 PM,GOOGL,BLOCK,132,55.0,B,CALL,420,362.24,726000,12/17/2027,WHITE,0.39,563,F,STOCK,Communication Services,F,F,4608199000000,2359
6/2/2026,3:53:35 PM,KLAC,BLOCK,101,120.0,A,CALL,2020,2038.75,1212000,6/18/2026,MAGENTA,0.64,16,F,STOCK,Information Technology,F,F,251029000000,132
6/2/2026,3:53:34 PM,ARM,BLOCK,100,1.876,A,PUT,350,403.56,18760,6/5/2026,WHITE,1.21,3,F,STOCK,Information Technology,F,T,373255000000,2102
6/2/2026,3:53:33 PM,META,SWEEP,134,0.883,B,CALL,720,599.95,11830,6/18/2026,MAGENTA,0.48,16,F,STOCK,Communication Services,F,F,1599968000000,108012
6/2/2026,3:53:32 PM,IOT,SWEEP,202,1.3,A,CALL,42,37.1499,26260,6/5/2026,MAGENTA,2.2,3,T,STOCK,Information Technology,F,T,20319000000,678
6/2/2026,3:53:31 PM,INTC,SWEEP,245,0.8,A,CALL,150,107.495,19600,6/18/2026,MAGENTA,1.05,16,F,STOCK,Information Technology,F,F,576381000000,42093
6/2/2026,3:53:31 PM,IOT,SWEEP,275,1.3,A,CALL,42,37.1248,35750,6/5/2026,MAGENTA,2.21,3,T,STOCK,Information Technology,F,T,20319000000,678
6/2/2026,3:53:31 PM,SG,BLOCK,998,0.4,A,PUT,8,8.465,39920,6/18/2026,YELLOW,0.89,16,F,STOCK,Consumer Discretionary,F,F,1183000000,366
6/2/2026,3:53:31 PM,IOT,SWEEP,386,1.25,A,CALL,42,37.136700000000005,48250,6/5/2026,MAGENTA,2.16,3,T,STOCK,Information Technology,F,T,20319000000,678
6/2/2026,3:53:29 PM,BAC,SWEEP,154,0.74,A,PUT,52.5,52.475,11396,6/5/2026,WHITE,0.38,3,F,STOCK,Financials,F,T,366184000000,844
6/2/2026,3:53:29 PM,IOT,SWEEP,216,1.25,B,CALL,42,37.15,27000,6/5/2026,WHITE,2.16,3,T,STOCK,Information Technology,F,T,20319000000,678
6/2/2026,3:53:28 PM,NFLX,SWEEP,175,10.111,B,CALL,90,83.345,176937,3/19/2027,WHITE,0.41,290,F,STOCK,Communication Services,F,F,362212000000,2479
6/2/2026,3:53:28 PM,PURR,SWEEP,196,1.3,A,CALL,18,11.01,25480,7/17/2026,WHITE,1.95,45,F,STOCK,Industrials,F,F,1443000000,3584
6/2/2026,3:53:28 PM,TSLA,SWEEP,150,1.75,A,CALL,445,423.06,26250,6/5/2026,MAGENTA,0.55,3,F,STOCK,Consumer Discretionary,F,T,1636707000000,5024
6/2/2026,3:53:28 PM,IOT,SWEEP,172,1.2,,CALL,42,37.1345,20640,6/5/2026,WHITE,2.12,3,T,STOCK,Information Technology,F,T,20319000000,678
6/2/2026,3:53:27 PM,GTLB,BLOCK,150,2.95,,CALL,33,31.78,44251,6/5/2026,MAGENTA,3.02,3,T,STOCK,Information Technology,F,T,5281000000,534
6/2/2026,3:53:27 PM,MSFT,SWEEP,100,12.9,A,CALL,460,441.96000000000004,129000,7/17/2026,WHITE,0.32,45,F,STOCK,Information Technology,F,F,3344578000000,6371
6/2/2026,3:53:24 PM,FCX,BLOCK,250,2.75,,CALL,70,71.89,68750,6/5/2026,MAGENTA,0.63,3,F,STOCK,Materials,F,T,94462000000,8378
6/2/2026,3:53:23 PM,MU,BLOCK,160,57.0,A,CALL,1045,1074.49,912000,6/5/2026,MAGENTA,1.05,3,F,STOCK,Information Technology,F,T,1095029000000,649
6/2/2026,3:53:21 PM,MU,SWEEP,100,30.0,A,CALL,1200,1074.6200000000001,300000,6/12/2026,MAGENTA,1.02,10,F,STOCK,Information Technology,F,F,1095029000000,1199
6/2/2026,3:53:21 PM,HPE,BLOCK,300,2.94,A,CALL,59,55.620000000000005,88200,6/18/2026,YELLOW,0.92,16,F,STOCK,Information Technology,T,F,57107000000,40
6/2/2026,3:53:20 PM,AMD,BLOCK,150,15.471,B,CALL,520,519.49,232060,6/5/2026,MAGENTA,0.83,3,F,STOCK,Information Technology,F,T,841553000000,5531
6/2/2026,3:53:20 PM,AAPL,BLOCK,100,2.26,B,CALL,320,314.195,22600,6/8/2026,MAGENTA,0.28,6,F,STOCK,Information Technology,F,F,4583336000000,986
6/2/2026,3:53:20 PM,AMZN,BLOCK,289,0.42,A,CALL,262.5,257.58,12138,6/3/2026,MAGENTA,0.36,1,F,STOCK,Consumer Discretionary,F,T,2911304000000,1055
6/2/2026,3:53:19 PM,NOK,BLOCK,1250,0.29,B,CALL,24,16.8518,36250,6/26/2026,YELLOW,1.1,24,F,STOCK,Information Technology,F,F,85214000000,130
6/2/2026,3:53:19 PM,CRWD,SWEEP,90,27.0,B,PUT,670,767.85,243000,7/17/2026,YELLOW,0.65,45,T,STOCK,Information Technology,F,F,185391000000,61
6/2/2026,3:53:17 PM,ACN,SWEEP,500,6.1,A,CALL,210,185.92000000000002,304978,7/17/2026,YELLOW,0.55,45,F,STOCK,Information Technology,F,F,124484000000,420
6/2/2026,3:53:14 PM,BTU,BLOCK,1000,0.969,A,CALL,30.5,29.580000000000002,96880,6/12/2026,YELLOW,0.69,10,F,STOCK,Materials,F,F,3294000000,0
6/2/2026,3:53:13 PM,MRVL,BLOCK,300,5.9,B,PUT,220,287.42,177000,7/2/2026,YELLOW,0.96,30,F,STOCK,Information Technology,F,F,183952000000,86
6/2/2026,3:53:13 PM,MSFT,SWEEP,173,0.88,B,PUT,390,441.9594,15224,6/18/2026,WHITE,0.39,16,F,STOCK,Information Technology,F,F,3344578000000,10517
6/2/2026,3:53:13 PM,GOOGL,BLOCK,200,1.9,,PUT,355,362.55,38000,6/5/2026,MAGENTA,0.37,3,F,STOCK,Communication Services,F,T,4608199000000,3741
6/2/2026,3:53:10 PM,MSFT,SWEEP,176,4.203,B,PUT,442.5,441.99,73968,6/3/2026,MAGENTA,0.43,1,F,STOCK,Information Technology,F,T,3344578000000,711
6/2/2026,3:53:10 PM,TSLA,SWEEP,112,13.201,AA,CALL,415,422.69,147855,6/8/2026,MAGENTA,0.41,6,F,STOCK,Consumer Discretionary,F,F,1636707000000,244
6/2/2026,3:53:10 PM,AVGO,SWEEP,112,47.5,A,CALL,437.5,479.92,531998,6/5/2026,WHITE,1.16,3,T,STOCK,Information Technology,F,T,2115307000000,686
6/2/2026,3:53:08 PM,DE,BLOCK,102,1.95,B,CALL,600,580.005,19894,6/5/2026,YELLOW,0.39,3,F,STOCK,Industrials,F,T,146446000000,20
6/2/2026,3:53:07 PM,TSLA,SWEEP,376,0.44,B,PUT,350,422.56,16544,6/12/2026,MAGENTA,0.61,10,F,STOCK,Consumer Discretionary,F,F,1636707000000,786
6/2/2026,3:53:06 PM,FCX,BLOCK,300,1.66,A,CALL,72,71.895,49800,6/5/2026,MAGENTA,0.66,3,F,STOCK,Materials,F,T,94462000000,374
6/2/2026,3:53:02 PM,IBM,BLOCK,200,9.65,B,CALL,330,330.84000000000003,193000,6/5/2026,MAGENTA,0.77,3,F,STOCK,Information Technology,F,T,279897000000,1995
6/2/2026,3:53:02 PM,NVDA,SWEEP,2816,0.17,A,CALL,232.5,222.20000000000002,47872,6/3/2026,MAGENTA,0.56,1,F,STOCK,Information Technology,F,T,5109588000000,8424
6/2/2026,3:53:01 PM,NVDA,BLOCK,176,1.2,A,CALL,230,222.19,21120,6/5/2026,MAGENTA,0.48,3,F,STOCK,Information Technology,F,T,5109588000000,48407
6/2/2026,3:53:01 PM,ASTS,BLOCK,177,1.7,A,CALL,180,118.37,30090,6/18/2026,WHITE,1.45,16,F,STOCK,Information Technology,F,F,44017000000,31095
6/2/2026,3:53:00 PM,AAPL,BLOCK,175,2.68,B,CALL,315,314.3869,46901,6/5/2026,WHITE,0.26,3,F,STOCK,Information Technology,F,T,4583336000000,30153
6/2/2026,3:52:58 PM,INTC,SWEEP,298,0.48,B,PUT,80,107.25500000000001,14304,6/18/2026,WHITE,0.92,16,F,STOCK,Information Technology,F,F,576381000000,21067
6/2/2026,3:52:56 PM,BSX,SWEEP,200,2.8,A,PUT,40,47.7273,56000,12/18/2026,WHITE,0.48,199,F,STOCK,Health Care,F,F,71805000000,43602
6/2/2026,3:52:54 PM,OKLO,BLOCK,200,5.7,A,CALL,70,73.6314,114000,6/5/2026,WHITE,1.38,3,F,STOCK,Utilities,F,T,11636000000,7901
6/2/2026,3:52:53 PM,LEN,BLOCK,249,2.65,A,CALL,100,90.905,65985,7/17/2026,MAGENTA,0.46,45,F,STOCK,Consumer Discretionary,F,F,22174000000,992
6/2/2026,3:52:52 PM,TSLA,BLOCK,100,6.4,,PUT,420,422.065,64000,6/5/2026,MAGENTA,0.49,3,F,STOCK,Consumer Discretionary,F,T,1636707000000,5322
6/2/2026,3:52:52 PM,CSCO,SWEEP,464,2.5,B,CALL,180,128.155,116000,10/16/2026,YELLOW,0.47,136,F,STOCK,Information Technology,F,F,474627000000,22
6/2/2026,3:52:51 PM,ACN,BLOCK,250,6.0,A,CALL,210,185.75400000000002,150000,7/17/2026,MAGENTA,0.55,45,F,STOCK,Information Technology,F,F,124484000000,420
6/2/2026,3:52:50 PM,TSLA,BLOCK,121,3.2,B,CALL,425,422.060521,38720,6/3/2026,MAGENTA,0.51,1,F,STOCK,Consumer Discretionary,F,T,1636707000000,4434
6/2/2026,3:52:48 PM,GOOGL,SWEEP,102,1.61,B,PUT,360,362.325,16423,6/3/2026,MAGENTA,0.35,1,F,STOCK,Communication Services,F,T,4608199000000,1035
6/2/2026,3:52:47 PM,BSX,BLOCK,200,0.59,A,CALL,85,47.745000000000005,11803,12/18/2026,WHITE,0.49,199,F,STOCK,Health Care,F,F,71805000000,108431
6/2/2026,3:52:46 PM,CSCO,BLOCK,165,0.951,B,PUT,124,128.14000000000001,15699,6/5/2026,YELLOW,0.55,3,F,STOCK,Information Technology,F,T,474627000000,55
6/2/2026,3:52:46 PM,MSFT,BLOCK,150,6.65,A,CALL,437.5,441.97,99750,6/3/2026,YELLOW,0.44,1,F,STOCK,Information Technology,F,T,3344578000000,150
6/2/2026,3:52:46 PM,META,SWEEP,260,0.5,A,CALL,625,600.1042,13000,6/3/2026,MAGENTA,0.52,1,F,STOCK,Communication Services,F,T,1599968000000,1067
6/2/2026,3:52:46 PM,INTC,SWEEP,682,0.78,A,CALL,150,107.2269,53196,6/18/2026,MAGENTA,1.05,16,F,STOCK,Information Technology,F,F,576381000000,42093
6/2/2026,3:52:45 PM,AVGO,SWEEP,100,1.3,B,CALL,620,479.23,13000,6/5/2026,MAGENTA,1.62,3,T,STOCK,Information Technology,F,T,2115307000000,123
6/2/2026,3:52:44 PM,BB,SWEEP,386,3.8,,CALL,15,10.25,146680,1/21/2028,WHITE,0.96,598,F,STOCK,Information Technology,F,F,5287000000,10131
6/2/2026,3:52:43 PM,HPE,SWEEP,410,2.9,A,CALL,55,56.015,118900,6/5/2026,MAGENTA,1.17,3,F,STOCK,Information Technology,T,T,57107000000,9191
6/2/2026,3:52:42 PM,QBTS,SWEEP,307,2.001,B,CALL,33,30.025000000000002,61416,6/18/2026,WHITE,1.24,16,F,STOCK,Information Technology,F,F,11149000000,933
6/2/2026,3:52:41 PM,VEEV,BLOCK,200,1.25,A,CALL,250,183.04000000000002,25000,6/18/2026,MAGENTA,0.98,16,T,STOCK,Health Care,F,F,28475000000,259
6/2/2026,3:52:41 PM,ASST,BLOCK,913,1.08,B,CALL,20,16.195,98604,7/17/2026,YELLOW,1,45,F,STOCK,Financials,F,F,1291000000,896
6/2/2026,3:52:41 PM,CSCO,SWEEP,190,1.419,A,CALL,131,128.10500000000002,26961,6/5/2026,YELLOW,0.56,3,F,STOCK,Information Technology,F,T,474627000000,138
6/2/2026,3:52:41 PM,CSCO,SWEEP,519,1.14,A,CALL,132,128.10500000000002,59166,6/5/2026,YELLOW,0.56,3,F,STOCK,Information Technology,F,T,474627000000,65
6/2/2026,3:52:39 PM,NFLX,SWEEP,150,6.751,BB,CALL,100,83.36500000000001,101270,3/19/2027,WHITE,0.4,290,F,STOCK,Communication Services,F,F,362212000000,10914
6/2/2026,3:52:39 PM,GLW,SWEEP,150,3.6,A,CALL,210,200.61,53998,6/5/2026,MAGENTA,0.99,3,F,STOCK,Information Technology,F,T,155913000000,555
6/2/2026,3:52:36 PM,IREN,BLOCK,2000,0.05,A,PUT,40,66.795,10000,6/5/2026,MAGENTA,2.52,3,F,STOCK,Financials,F,T,22707000000,8850
6/2/2026,3:52:34 PM,ULTA,SWEEP,101,2.699,A,CALL,600,496.98,27260,6/5/2026,MAGENTA,1.48,3,T,STOCK,Consumer Discretionary,F,T,22165000000,108
6/2/2026,3:52:34 PM,MRVL,BLOCK,296,5.96,B,PUT,220,287.2,176416,7/2/2026,YELLOW,0.96,30,F,STOCK,Information Technology,F,F,183952000000,86
6/2/2026,3:52:33 PM,PANW,SWEEP,184,12.652,AA,CALL,330,296.46000000000004,232799,6/18/2026,MAGENTA,0.99,16,T,STOCK,Information Technology,F,F,229859000000,372
6/2/2026,3:52:32 PM,MU,SWEEP,110,33.709,A,CALL,1600,1073.33,370795,7/17/2026,MAGENTA,1.04,45,F,STOCK,Information Technology,F,F,1095029000000,458
6/2/2026,3:52:32 PM,RGTI,SWEEP,531,0.72,A,CALL,30,27.0501,38232,6/5/2026,MAGENTA,1.77,3,F,STOCK,Information Technology,F,T,8489000000,5623
6/2/2026,3:52:29 PM,AAPL,SWEEP,112,1.38,B,CALL,315,314.42,15456,6/3/2026,MAGENTA,0.25,1,F,STOCK,Information Technology,F,T,4583336000000,9576
6/2/2026,3:52:28 PM,META,BLOCK,100,8.82,B,CALL,625,600.1256000000001,88200,6/18/2026,WHITE,0.36,16,F,STOCK,Communication Services,F,F,1599968000000,3297
6/2/2026,3:52:26 PM,DELL,BLOCK,100,194.0,B,CALL,450,435.75,1940000,12/15/2028,YELLOW,0.74,927,F,STOCK,Information Technology,F,F,271801000000,88
6/2/2026,3:52:26 PM,NVDA,SWEEP,200,1.18,,CALL,230,222.06,23600,6/5/2026,MAGENTA,0.48,3,F,STOCK,Information Technology,F,T,5109588000000,48407
6/2/2026,3:52:25 PM,NFLX,SWEEP,180,5.25,B,CALL,100,83.385,94500,1/15/2027,WHITE,0.39,227,F,STOCK,Communication Services,F,F,362212000000,30329
6/2/2026,3:52:20 PM,AAPL,SWEEP,129,1.99,A,PUT,312.5,314.4386,25671,6/5/2026,MAGENTA,0.25,3,F,STOCK,Information Technology,F,T,4583336000000,1315
6/2/2026,3:52:20 PM,TSLA,SWEEP,106,8.85,B,CALL,415,422.13,93813,6/3/2026,MAGENTA,0.5,1,F,STOCK,Consumer Discretionary,F,T,1636707000000,1316
6/2/2026,3:52:16 PM,NVDA,SWEEP,300,0.53,B,PUT,217.5,222.12990000000002,15900,6/3/2026,MAGENTA,0.45,1,F,STOCK,Information Technology,F,T,5109588000000,4222
6/2/2026,3:52:15 PM,MSTR,SWEEP,303,0.4,B,PUT,117,136.68,12120,6/5/2026,YELLOW,1.16,3,F,STOCK,Information Technology,F,T,55752000000,287
6/2/2026,3:52:15 PM,MSTR,SWEEP,469,0.3,B,PUT,115,136.68,14070,6/5/2026,MAGENTA,1.18,3,F,STOCK,Information Technology,F,T,55752000000,2958
6/2/2026,3:52:14 PM,AMZN,SWEEP,295,2.94,B,PUT,205,257.68,86730,9/18/2026,WHITE,0.38,108,F,STOCK,Consumer Discretionary,F,F,2911304000000,3435
6/2/2026,3:52:13 PM,T,SWEEP,2039,0.18,,PUT,24.5,24.6145,36702,6/5/2026,WHITE,0.26,3,F,STOCK,Information Technology,F,T,172318000000,5650
6/2/2026,3:52:11 PM,AAPL,SWEEP,536,0.24,A,CALL,320,314.4698,12864,6/3/2026,MAGENTA,0.27,1,F,STOCK,Information Technology,F,T,4583336000000,4129
6/2/2026,3:52:08 PM,NVDA,SWEEP,456,0.98,B,CALL,225,222.13,44689,6/3/2026,MAGENTA,0.45,1,F,STOCK,Information Technology,F,T,5109588000000,23319
6/2/2026,3:52:08 PM,ACN,BLOCK,500,5.9,A,CALL,210,185.37,295000,7/17/2026,YELLOW,0.55,45,F,STOCK,Information Technology,F,F,124484000000,420
6/2/2026,3:52:08 PM,MSFT,SWEEP,115,3.7,A,CALL,442.5,441.78000000000003,42550,6/3/2026,MAGENTA,0.44,1,F,STOCK,Information Technology,F,T,3344578000000,380
6/2/2026,3:52:07 PM,RGTI,SWEEP,507,0.71,A,CALL,30,27.045,35990,6/5/2026,MAGENTA,1.76,3,F,STOCK,Information Technology,F,T,8489000000,5623
6/2/2026,3:52:06 PM,NTGR,SWEEP,150,2.05,A,CALL,26,27.415000000000003,30750,6/18/2026,WHITE,0.53,16,F,STOCK,Information Technology,F,F,697000000,978
6/2/2026,3:52:05 PM,NVDA,BLOCK,200,8.62,B,CALL,250,222.12990000000002,172400,8/21/2026,WHITE,0.43,80,F,STOCK,Information Technology,F,F,5109588000000,31777
6/2/2026,3:52:03 PM,PURR,SWEEP,1000,2.6,A,CALL,18,10.945,259978,9/18/2026,WHITE,1.82,108,F,STOCK,Industrials,F,F,1443000000,4056
6/2/2026,3:52:02 PM,SPCE,BLOCK,168,0.95,A,CALL,5.5,4.635,15960,7/17/2026,WHITE,1.92,45,F,STOCK,Industrials,F,F,622000000,6004
6/2/2026,3:52:02 PM,AMD,SWEEP,84,36.341,B,CALL,560,519.3000000000001,305261,7/17/2026,WHITE,0.71,45,F,STOCK,Information Technology,F,F,841553000000,945
6/2/2026,3:52:01 PM,NVDA,SWEEP,3151,0.16,A,CALL,232.5,222.16,50415,6/3/2026,MAGENTA,0.55,1,F,STOCK,Information Technology,F,T,5109588000000,8424
6/2/2026,3:51:58 PM,AAPL,SWEEP,260,2.97,BB,CALL,325,314.32,77208,6/18/2026,WHITE,0.26,16,F,STOCK,Information Technology,F,F,4583336000000,13307
6/2/2026,3:51:57 PM,MSFT,BLOCK,100,10.95,A,PUT,440,441.54670000000004,109500,6/18/2026,WHITE,0.32,16,F,STOCK,Information Technology,F,F,3344578000000,3728
6/2/2026,3:51:56 PM,CRCL,SWEEP,501,0.974,AA,CALL,110,100.78,48784,6/5/2026,MAGENTA,1.05,3,F,STOCK,Financials,F,T,28089000000,1283
6/2/2026,3:51:51 PM,MSFT,BLOCK,250,5.5,B,PUT,405,441.535,137500,7/17/2026,WHITE,0.31,45,F,STOCK,Information Technology,F,F,3344578000000,2489
6/2/2026,3:51:51 PM,META,BLOCK,2378,0.89,B,CALL,720,600.2950000000001,211642,6/18/2026,MAGENTA,0.47,16,F,STOCK,Communication Services,F,F,1599968000000,108012
6/2/2026,3:51:50 PM,MSFT,SWEEP,190,1.316,B,CALL,450,441.57,24997,6/3/2026,MAGENTA,0.46,1,F,STOCK,Information Technology,F,T,3344578000000,2970
6/2/2026,3:51:48 PM,NFLX,SWEEP,500,0.49,,PUT,82,83.405,24500,6/5/2026,MAGENTA,0.35,3,F,STOCK,Communication Services,F,T,362212000000,4729
6/2/2026,3:51:46 PM,F,SWEEP,200,0.5,B,CALL,16,16.2928,10000,6/5/2026,WHITE,0.57,3,F,STOCK,Consumer Discretionary,F,T,69493000000,6894
6/2/2026,3:51:45 PM,SOFI,BLOCK,3075,0.04,A,PUT,13,17.7401,12300,6/12/2026,WHITE,1.06,10,F,STOCK,Financials,F,F,23371000000,8221
6/2/2026,3:51:42 PM,HPE,SWEEP,237,3.2,A,PUT,57,55.81,75840,6/5/2026,YELLOW,1.26,3,F,STOCK,Information Technology,T,T,57107000000,0
6/2/2026,3:51:41 PM,AMZN,BLOCK,164,2.88,B,PUT,205,257.64,47232,9/18/2026,WHITE,0.38,108,F,STOCK,Consumer Discretionary,F,F,2911304000000,3435
6/2/2026,3:51:41 PM,RGTI,SWEEP,275,0.7,AA,CALL,30,27.015,19261,6/5/2026,MAGENTA,1.76,3,F,STOCK,Information Technology,F,T,8489000000,5623
6/2/2026,3:51:41 PM,NVDA,BLOCK,1191,0.5,A,CALL,227.5,222.162,59550,6/3/2026,MAGENTA,0.47,1,F,STOCK,Information Technology,F,T,5109588000000,10823
6/2/2026,3:51:39 PM,MSFT,SWEEP,243,0.89,B,PUT,390,441.625,21627,6/18/2026,WHITE,0.39,16,F,STOCK,Information Technology,F,F,3344578000000,10517
6/2/2026,3:51:39 PM,VECO,SWEEP,200,2.4,A,CALL,65,60.52,47998,6/18/2026,WHITE,0.81,16,F,STOCK,Information Technology,F,F,3517000000,235
6/2/2026,3:51:38 PM,GOOG,BLOCK,200,10.67,B,CALL,400,359.3299,213399,8/21/2026,WHITE,0.36,80,F,STOCK,Communication Services,F,F,4560826000000,4321
6/2/2026,3:51:38 PM,DELL,SWEEP,114,1.342,A,PUT,390,435.97,15302,6/5/2026,MAGENTA,0.9,3,F,STOCK,Information Technology,F,T,271801000000,771
6/2/2026,3:51:37 PM,RGTI,SWEEP,896,0.69,A,CALL,30,27.03,61824,6/5/2026,MAGENTA,1.74,3,F,STOCK,Information Technology,F,T,8489000000,5623
6/2/2026,3:51:37 PM,KEEL,SWEEP,445,0.9,A,CALL,12,6.155,40050,11/20/2026,YELLOW,1.26,171,F,STOCK,Information Technology,F,F,3424000000,0
6/2/2026,3:51:37 PM,NU,SWEEP,750,0.73,A,CALL,13,11.875,54750,8/21/2026,MAGENTA,0.51,80,F,STOCK,Financials,F,F,63755000000,1520
6/2/2026,3:51:35 PM,RKLB,SWEEP,300,2.85,B,CALL,130,123.47500000000001,85500,6/5/2026,MAGENTA,1.2,3,F,STOCK,Industrials,F,T,83039000000,3713
6/2/2026,3:51:33 PM,NU,BLOCK,250,0.72,,CALL,13,11.875,18000,8/21/2026,MAGENTA,0.51,80,F,STOCK,Financials,F,F,63755000000,1520
6/2/2026,3:51:32 PM,HBAN,SWEEP,504,0.505,A,CALL,17,16.215,25450,8/21/2026,YELLOW,0.28,80,F,STOCK,Financials,F,F,33163000000,156
6/2/2026,3:51:30 PM,AVGO,BLOCK,200,29.15,B,CALL,620,479.11990000000003,583000,10/16/2026,YELLOW,0.6,136,T,STOCK,Information Technology,F,F,2115307000000,122
6/2/2026,3:51:30 PM,AAPL,BLOCK,100,1.07,B,CALL,320,314.54,10700,6/5/2026,MAGENTA,0.26,3,F,STOCK,Information Technology,F,T,4583336000000,26594
6/2/2026,3:51:30 PM,ACN,BLOCK,250,5.8,A,CALL,210,185.4211,145000,7/17/2026,WHITE,0.55,45,F,STOCK,Information Technology,F,F,124484000000,420
6/2/2026,3:51:29 PM,AAPL,SWEEP,200,2.85,AA,CALL,312.5,314.535,56994,6/3/2026,MAGENTA,0.25,1,F,STOCK,Information Technology,F,T,4583336000000,4184
6/2/2026,3:51:28 PM,ASTS,BLOCK,150,14.6,A,CALL,110,118.24000000000001,219000,6/12/2026,WHITE,1.32,10,F,STOCK,Information Technology,F,F,44017000000,1675
6/2/2026,3:51:28 PM,MU,SWEEP,121,2.638,A,PUT,685,1072.63,31914,6/12/2026,WHITE,1.47,10,F,STOCK,Information Technology,F,F,1095029000000,246
6/2/2026,3:51:25 PM,AAPL,SWEEP,107,1.84,B,PUT,315,314.51,19688,6/3/2026,MAGENTA,0.24,1,F,STOCK,Information Technology,F,T,4583336000000,468
6/2/2026,3:51:24 PM,TSLA,BLOCK,100,12.48,A,CALL,470,422.35790000000003,124800,7/17/2026,WHITE,0.48,45,F,STOCK,Consumer Discretionary,F,F,1636707000000,4987
6/2/2026,3:51:22 PM,SPCE,BLOCK,3759,0.4,B,CALL,10,4.605,150360,6/18/2026,MAGENTA,3.64,16,F,STOCK,Industrials,F,F,622000000,8891
6/2/2026,3:51:22 PM,TSLA,BLOCK,150,8.95,B,CALL,420,422.218,134250,6/5/2026,MAGENTA,0.51,3,F,STOCK,Consumer Discretionary,F,T,1636707000000,6021
6/2/2026,3:51:21 PM,LASE,BLOCK,200,0.65,,CALL,4,2.3850000000000002,13000,7/17/2026,YELLOW,3.12,45,F,STOCK,Industrials,T,F,29000000,3
6/2/2026,3:51:20 PM,GOOGL,BLOCK,100,1.59,A,CALL,365,362.47,15900,6/3/2026,YELLOW,0.35,1,F,STOCK,Communication Services,F,T,4608199000000,1
6/2/2026,3:51:19 PM,MSFT,SWEEP,275,1.325,A,CALL,450,441.6531,36425,6/3/2026,MAGENTA,0.46,1,F,STOCK,Information Technology,F,T,3344578000000,2970
6/2/2026,3:51:19 PM,MSFT,SWEEP,136,2.64,A,CALL,445,441.7,35904,6/3/2026,MAGENTA,0.44,1,F,STOCK,Information Technology,F,T,3344578000000,918
6/2/2026,3:51:18 PM,SNPS,BLOCK,100,1.2,,CALL,600,506.55,12000,6/18/2026,MAGENTA,0.49,16,F,STOCK,Information Technology,F,F,91071000000,292
6/2/2026,3:51:17 PM,MSFT,SWEEP,451,0.92,A,CALL,452.5,441.65500000000003,41492,6/3/2026,MAGENTA,0.47,1,F,STOCK,Information Technology,F,T,3344578000000,850
6/2/2026,3:51:15 PM,GOOGL,BLOCK,100,2.8,B,CALL,367.5,362.27500000000003,28000,6/5/2026,YELLOW,0.38,3,F,STOCK,Communication Services,F,T,4608199000000,56
6/2/2026,3:51:15 PM,GOOGL,BLOCK,126,55.0,B,CALL,420,362.28000000000003,693000,12/17/2027,WHITE,0.39,563,F,STOCK,Communication Services,F,F,4608199000000,2359
6/2/2026,3:51:12 PM,UBER,BLOCK,240,0.85,A,PUT,71,71.40220000000001,20400,6/5/2026,MAGENTA,0.41,3,F,STOCK,Information Technology,F,T,143306000000,1482
6/2/2026,3:51:10 PM,AAPL,SWEEP,1135,1.2,B,PUT,310,314.45,136200,6/5/2026,MAGENTA,0.26,3,F,STOCK,Information Technology,F,T,4583336000000,3637
6/2/2026,3:51:10 PM,GOOGL,SWEEP,171,1.572,AA,PUT,360,362.52340000000004,26879,6/3/2026,MAGENTA,0.35,1,F,STOCK,Communication Services,F,T,4608199000000,1035
6/2/2026,3:51:09 PM,TSLA,SWEEP,150,1.12,B,PUT,412.5,422.38,16800,6/3/2026,MAGENTA,0.51,1,F,STOCK,Consumer Discretionary,F,T,1636707000000,1280
6/2/2026,3:51:09 PM,NVDA,BLOCK,382,0.97,B,CALL,225,222.08,37054,6/3/2026,MAGENTA,0.45,1,F,STOCK,Information Technology,F,T,5109588000000,23319
6/2/2026,3:51:08 PM,MSFT,SWEEP,280,0.58,B,PUT,380,441.48,16240,6/18/2026,WHITE,0.41,16,F,STOCK,Information Technology,F,F,3344578000000,11636
6/2/2026,3:51:06 PM,AAPL,BLOCK,105,3.1,A,PUT,315,314.48,32550,6/5/2026,MAGENTA,0.25,3,F,STOCK,Information Technology,F,T,4583336000000,894
6/2/2026,3:51:05 PM,OKLO,SWEEP,269,0.73,A,CALL,120,73.55,19637,6/18/2026,WHITE,1.49,16,F,STOCK,Utilities,F,F,11636000000,4382
6/2/2026,3:51:05 PM,NVDA,SWEEP,500,0.53,B,PUT,217.5,222.1,26500,6/3/2026,MAGENTA,0.45,1,F,STOCK,Information Technology,F,T,5109588000000,4222
6/2/2026,3:51:04 PM,MU,SWEEP,106,2.435,A,PUT,680,1072.0951,25816,6/12/2026,WHITE,1.47,10,F,STOCK,Information Technology,F,F,1095029000000,200
6/2/2026,3:51:04 PM,AAPL,SWEEP,119,1.458,BB,CALL,315,314.515,17349,6/3/2026,MAGENTA,0.26,1,F,STOCK,Information Technology,F,T,4583336000000,9576
6/2/2026,3:51:04 PM,AAPL,SWEEP,1000,13.4,B,CALL,310,314.52000000000004,1340020,7/17/2026,WHITE,0.24,45,F,STOCK,Information Technology,F,F,4583336000000,37292
6/2/2026,3:51:04 PM,META,SWEEP,501,1.204,AA,CALL,615,600.3916,60321,6/3/2026,MAGENTA,0.46,1,F,STOCK,Communication Services,F,T,1599968000000,1654
6/2/2026,3:51:03 PM,MSFT,BLOCK,150,1.27,,CALL,450,441.44,19050,6/3/2026,MAGENTA,0.46,1,F,STOCK,Information Technology,F,T,3344578000000,2970
6/2/2026,3:50:59 PM,UEC,SWEEP,500,0.75,B,CALL,16.5,15.415000000000001,37500,6/18/2026,WHITE,0.91,16,F,STOCK,Materials,F,F,6750000000,2226
6/2/2026,3:50:59 PM,NVDA,SWEEP,204,14.25,B,CALL,220,222.13,290700,7/17/2026,WHITE,0.41,45,F,STOCK,Information Technology,F,F,5109588000000,84619
6/2/2026,3:50:59 PM,NVDA,SWEEP,445,1.85,BB,CALL,222.5,222.13,82311,6/3/2026,MAGENTA,0.44,1,F,STOCK,Information Technology,F,T,5109588000000,7335
6/2/2026,3:50:57 PM,FCX,SWEEP,425,2.4,B,CALL,75,71.96000000000001,102000,6/18/2026,WHITE,0.6,16,F,STOCK,Materials,F,F,94462000000,12983
6/2/2026,3:50:57 PM,LFVN,BLOCK,200,0.75,A,CALL,15,8.94,15000,6/18/2026,MAGENTA,2.9,16,F,STOCK,Consumer Staples,T,F,99000000,653
6/2/2026,3:50:56 PM,NVDA,BLOCK,253,0.5,A,CALL,227.5,222.1099,12650,6/3/2026,MAGENTA,0.47,1,F,STOCK,Information Technology,F,T,5109588000000,10823
6/2/2026,3:50:55 PM,SPCE,BLOCK,473,0.4,B,CALL,10,4.615,18920,6/18/2026,MAGENTA,3.64,16,F,STOCK,Industrials,F,F,622000000,8891
6/2/2026,3:50:55 PM,SPCE,SWEEP,215,1.2,A,PUT,5,4.615,25800,6/18/2026,WHITE,2.52,16,F,STOCK,Industrials,F,F,622000000,16294
6/2/2026,3:50:54 PM,GTLB,BLOCK,200,1.8,A,CALL,37,31.815,36000,6/5/2026,MAGENTA,3.11,3,T,STOCK,Information Technology,F,T,5281000000,2036
6/2/2026,3:50:52 PM,MRVL,BLOCK,229,45.232,B,CALL,300,285.695,1035806,8/21/2026,MAGENTA,0.95,80,F,STOCK,Information Technology,F,F,183952000000,311
6/2/2026,3:50:52 PM,MU,SWEEP,123,1.922,A,PUT,650,1071.785,23643,6/12/2026,WHITE,1.53,10,F,STOCK,Information Technology,F,F,1095029000000,941
6/2/2026,3:50:52 PM,MU,SWEEP,280,2.389,AA,PUT,677.5,1071.785,66887,6/12/2026,YELLOW,1.47,10,F,STOCK,Information Technology,F,F,1095029000000,2
6/2/2026,3:50:52 PM,MU,SWEEP,82,2.088,A,PUT,660,1071.785,17124,6/12/2026,WHITE,1.51,10,F,STOCK,Information Technology,F,F,1095029000000,1215
6/2/2026,3:50:52 PM,CLF,SWEEP,366,1.57,B,CALL,15,14.875,57462,7/17/2026,WHITE,0.77,45,F,STOCK,Materials,F,F,7757000000,11494
6/2/2026,3:50:51 PM,MU,SWEEP,283,1.999,A,PUT,655,1071.785,56571,6/12/2026,YELLOW,1.52,10,F,STOCK,Information Technology,F,F,1095029000000,139
6/2/2026,3:50:51 PM,MU,SWEEP,360,2.64,A,PUT,690,1071.785,95040,6/12/2026,YELLOW,1.45,10,F,STOCK,Information Technology,F,F,1095029000000,333
6/2/2026,3:50:51 PM,MU,SWEEP,183,2.337,A,PUT,670,1071.785,42768,6/12/2026,WHITE,1.5,10,F,STOCK,Information Technology,F,F,1095029000000,409
6/2/2026,3:50:45 PM,NVDA,BLOCK,269,6.55,B,PUT,160,222.14000000000001,176195,1/15/2027,WHITE,0.47,227,F,STOCK,Information Technology,F,F,5109588000000,23917
6/2/2026,3:50:43 PM,NVDA,SWEEP,700,0.54,B,PUT,217.5,222.13,37800,6/3/2026,MAGENTA,0.46,1,F,STOCK,Information Technology,F,T,5109588000000,4222
6/2/2026,3:50:43 PM,LAC,BLOCK,672,0.59,B,PUT,6,5.8108,39648,6/18/2026,YELLOW,1,16,F,STOCK,Materials,F,F,1829000000,3
6/2/2026,3:50:43 PM,RMBS,BLOCK,350,11.994,A,CALL,165,165.4,419790,6/18/2026,YELLOW,0.85,16,F,STOCK,Information Technology,F,F,15729000000,256
6/2/2026,3:50:41 PM,SMR,SWEEP,322,0.46,A,PUT,13.5,14.095,14812,6/5/2026,YELLOW,1.44,3,F,STOCK,Industrials,F,T,4630000000,205
6/2/2026,3:50:41 PM,SMR,SWEEP,479,0.59,A,CALL,14.5,14.095,28261,6/5/2026,MAGENTA,1.5,3,F,STOCK,Industrials,F,T,4630000000,2414
6/2/2026,3:50:41 PM,SMR,SWEEP,234,0.71,A,PUT,14,14.095,16614,6/5/2026,YELLOW,1.49,3,F,STOCK,Industrials,F,T,4630000000,95
6/2/2026,3:50:41 PM,AMPX,BLOCK,300,10.3,A,CALL,17,23.2889,309000,1/15/2027,WHITE,1.07,227,F,STOCK,Industrials,F,F,2872000000,5907
6/2/2026,3:50:40 PM,KEEL,SWEEP,4000,0.03,A,PUT,3.5,6.1371,12000,6/18/2026,YELLOW,1.61,16,F,STOCK,Information Technology,F,F,3424000000,3175
6/2/2026,3:50:39 PM,NTSK,BLOCK,200,1.55,A,PUT,10,12.205,31000,10/16/2026,WHITE,0.96,136,T,STOCK,Information Technology,F,F,4859000000,404
6/2/2026,3:50:37 PM,MSFT,BLOCK,100,1.3,B,CALL,450,441.5,13000,6/3/2026,MAGENTA,0.46,1,F,STOCK,Information Technology,F,T,3344578000000,2970
6/2/2026,3:50:36 PM,PURR,SWEEP,200,3.1,A,CALL,23,10.940000000000001,62000,12/18/2026,YELLOW,1.7,199,F,STOCK,Industrials,F,F,1443000000,0
6/2/2026,3:50:35 PM,NVDA,SWEEP,169,15.2,A,CALL,210,222.065,256880,6/18/2026,WHITE,0.42,16,F,STOCK,Information Technology,F,F,5109588000000,70668
6/2/2026,3:50:30 PM,MSFT,BLOCK,630,1.48,A,PUT,435,441.71000000000004,93241,6/3/2026,YELLOW,0.43,1,F,STOCK,Information Technology,F,T,3344578000000,373
6/2/2026,3:50:30 PM,META,BLOCK,200,28.7,B,CALL,750,600.28,574000,12/18/2026,WHITE,0.41,199,F,STOCK,Communication Services,F,F,1599968000000,4032
6/2/2026,3:50:29 PM,CSCO,SWEEP,210,1.729,AA,CALL,130,128.03,36301,6/5/2026,MAGENTA,0.56,3,F,STOCK,Information Technology,F,T,474627000000,2341
6/2/2026,3:50:24 PM,ASTS,SWEEP,279,6.161,B,CALL,140,118.33,171893,6/18/2026,WHITE,1.35,16,F,STOCK,Information Technology,F,F,44017000000,11380
6/2/2026,3:50:23 PM,HOOD,SWEEP,322,0.71,B,CALL,95,88.38000000000001,22862,6/5/2026,WHITE,0.87,3,F,STOCK,Financials,F,T,84917000000,16792
6/2/2026,3:50:22 PM,MSFT,BLOCK,750,0.87,B,PUT,390,441.81,65250,6/18/2026,WHITE,0.39,16,F,STOCK,Information Technology,F,F,3344578000000,10517
6/2/2026,3:50:21 PM,NVDA,BLOCK,200,1.17,A,PUT,220,222.085,23400,6/3/2026,MAGENTA,0.44,1,F,STOCK,Information Technology,F,T,5109588000000,5677
6/2/2026,3:50:18 PM,INTC,BLOCK,600,8.91,B,PUT,110,107.24000000000001,534614,6/18/2026,WHITE,0.83,16,F,STOCK,Information Technology,F,F,576381000000,12291
6/2/2026,3:50:15 PM,AMD,BLOCK,100,7.05,A,CALL,542.5,518.875,70503,6/5/2026,WHITE,0.84,3,F,STOCK,Information Technology,F,T,841553000000,1164
6/2/2026,3:50:14 PM,MSTR,BLOCK,1250,0.4,B,PUT,117,136.33,50020,6/5/2026,YELLOW,1.14,3,F,STOCK,Information Technology,F,T,55752000000,287
6/2/2026,3:50:14 PM,VUZI,BLOCK,200,1.7,B,CALL,4,4.665,34000,1/15/2027,WHITE,0.99,227,F,STOCK,Information Technology,F,F,382000000,2783
6/2/2026,3:50:11 PM,TSLA,BLOCK,150,1.65,B,PUT,415,422.25,24750,6/3/2026,MAGENTA,0.5,1,F,STOCK,Consumer Discretionary,F,T,1636707000000,2086
6/2/2026,3:50:11 PM,TSLA,BLOCK,398,3.4,A,CALL,435,422.19,135320,6/5/2026,WHITE,0.53,3,F,STOCK,Consumer Discretionary,F,T,1636707000000,7193
6/2/2026,3:50:10 PM,COHR,BLOCK,200,1.85,B,PUT,135,423.69,37000,9/18/2026,WHITE,1.15,108,F,STOCK,Information Technology,F,F,70717000000,210
6/2/2026,3:50:10 PM,MSFT,BLOCK,430,2.1,,PUT,437.5,441.865,90300,6/3/2026,MAGENTA,0.43,1,F,STOCK,Information Technology,F,T,3344578000000,445
6/2/2026,3:50:10 PM,AAPL,SWEEP,202,6.05,A,CALL,310,314.68,122210,6/5/2026,WHITE,0.28,3,F,STOCK,Information Technology,F,T,4583336000000,18954
6/2/2026,3:50:10 PM,AAPL,SWEEP,102,4.3,A,CALL,312.5,314.7,43860,6/5/2026,MAGENTA,0.27,3,F,STOCK,Information Technology,F,T,4583336000000,7611
6/2/2026,3:50:10 PM,AAPL,SWEEP,140,4.5,B,PUT,317.5,314.7,63000,6/5/2026,WHITE,0.26,3,F,STOCK,Information Technology,F,T,4583336000000,2434
6/2/2026,3:50:07 PM,CRWV,SWEEP,250,6.0,A,CALL,150,120.15950000000001,150000,7/17/2026,WHITE,0.89,45,F,STOCK,Information Technology,F,F,49022000000,5256
6/2/2026,3:50:06 PM,AMD,BLOCK,100,7.011,A,CALL,542.5,518.71,70105,6/5/2026,WHITE,0.84,3,F,STOCK,Information Technology,F,T,841553000000,1164
6/2/2026,3:50:05 PM,LEN,BLOCK,250,2.6,,CALL,100,90.89,65000,7/17/2026,MAGENTA,0.46,45,F,STOCK,Consumer Discretionary,F,F,22174000000,992
6/2/2026,3:50:02 PM,ALAB,SWEEP,120,57.926,,CALL,390,352.595,695114,8/21/2026,WHITE,1.08,80,F,STOCK,Information Technology,F,F,58767000000,1346
6/2/2026,3:50:02 PM,FCX,SWEEP,200,2.86,A,CALL,70,71.915,57200,6/5/2026,MAGENTA,0.67,3,F,STOCK,Materials,F,T,94462000000,8378
6/2/2026,3:50:02 PM,HPE,BLOCK,200,0.98,A,CALL,66,55.645,19600,6/12/2026,MAGENTA,1.08,10,F,STOCK,Information Technology,T,F,57107000000,1288
6/2/2026,3:50:00 PM,DOCU,SWEEP,205,8.2,A,CALL,55,54.78,168100,9/18/2026,MAGENTA,0.68,108,T,STOCK,Information Technology,F,F,10204000000,551
6/2/2026,3:50:00 PM,NVDA,SWEEP,338,1.776,A,CALL,222.5,221.98000000000002,60014,6/3/2026,MAGENTA,0.43,1,F,STOCK,Information Technology,F,T,5109588000000,7335
6/2/2026,3:50:00 PM,MU,BLOCK,160,4.1,B,CALL,1250,1072.2,65600,6/5/2026,WHITE,1.17,3,F,STOCK,Information Technology,F,T,1095029000000,3105
6/2/2026,3:50:00 PM,MARA,BLOCK,371,0.66,A,PUT,14.5,14.200000000000001,24486,6/5/2026,MAGENTA,0.96,3,F,STOCK,Financials,F,T,5482000000,2951
6/2/2026,3:50:00 PM,MSFT,SWEEP,102,1.57,AA,CALL,460,441.755,16016,6/5/2026,MAGENTA,0.45,3,F,STOCK,Information Technology,F,T,3344578000000,3731
6/2/2026,3:50:00 PM,WMT,SWEEP,197,0.68,B,PUT,112,113.15,13396,6/5/2026,MAGENTA,0.29,3,F,STOCK,Consumer Discretionary,F,T,922642000000,1958
6/2/2026,3:50:00 PM,AMZN,BLOCK,232,1.2,A,CALL,280,257.71500000000003,27838,6/18/2026,WHITE,0.34,16,F,STOCK,Consumer Discretionary,F,F,2911304000000,35524
6/2/2026,3:50:00 PM,AAPL,SWEEP,102,2.39,B,CALL,320,314.62,24378,6/8/2026,MAGENTA,0.28,6,F,STOCK,Information Technology,F,F,4583336000000,986
6/2/2026,3:50:00 PM,UBER,BLOCK,202,4.2,B,CALL,75,71.405,84840,8/21/2026,WHITE,0.41,80,F,STOCK,Information Technology,F,F,143306000000,3825
6/2/2026,3:49:58 PM,WMT,SWEEP,601,0.8,B,CALL,170,113.11,48081,1/15/2027,WHITE,0.31,227,F,STOCK,Consumer Discretionary,F,F,922642000000,6432
6/2/2026,3:49:58 PM,RGTI,SWEEP,687,0.19,A,CALL,35,27.1491,13053,6/5/2026,WHITE,1.96,3,F,STOCK,Information Technology,F,T,8489000000,6555
6/2/2026,3:49:56 PM,SNOW,SWEEP,250,11.06,B,CALL,300,263.15000000000003,276499,7/17/2026,MAGENTA,0.64,45,F,STOCK,Information Technology,F,F,88343000000,1249
6/2/2026,3:49:54 PM,MU,SWEEP,251,1.026,A,CALL,1350,1074.19,25758,6/5/2026,MAGENTA,1.23,3,F,STOCK,Information Technology,F,T,1095029000000,1215
6/2/2026,3:49:54 PM,SMCI,BLOCK,200,12.75,,CALL,50,50.195,255000,11/20/2026,WHITE,0.92,171,F,STOCK,Information Technology,F,F,27719000000,2278
6/2/2026,3:49:53 PM,OXY,SWEEP,500,1.36,A,CALL,65,59.365,68000,7/17/2026,MAGENTA,0.4,45,F,STOCK,Energy,F,F,56326000000,3759
6/2/2026,3:49:53 PM,INTC,BLOCK,200,0.76,A,CALL,120,107.23,15200,6/5/2026,MAGENTA,1.11,3,F,STOCK,Information Technology,F,T,576381000000,11759
6/2/2026,3:49:53 PM,MCHP,SWEEP,750,8.6,B,PUT,90,96.38000000000001,645000,9/18/2026,YELLOW,0.58,108,F,STOCK,Information Technology,F,F,51307000000,70
6/2/2026,3:49:49 PM,NVDA,SWEEP,210,1.15,A,CALL,230,221.98000000000002,24150,6/5/2026,MAGENTA,0.48,3,F,STOCK,Information Technology,F,T,5109588000000,48407
6/2/2026,3:49:49 PM,GOOG,BLOCK,100,22.33,A,CALL,365,359.3801,223300,8/21/2026,MAGENTA,0.36,80,F,STOCK,Communication Services,F,F,4560826000000,537
6/2/2026,3:49:48 PM,AMD,BLOCK,100,7.044,A,CALL,542.5,519.19,70440,6/5/2026,WHITE,0.84,3,F,STOCK,Information Technology,F,T,841553000000,1164
6/2/2026,3:49:46 PM,NVDA,BLOCK,530,0.48,B,CALL,227.5,221.9699,25440,6/3/2026,MAGENTA,0.48,1,F,STOCK,Information Technology,F,T,5109588000000,10823
6/2/2026,3:49:45 PM,NVDA,BLOCK,150,4.6,A,CALL,220,221.94,69000,6/5/2026,WHITE,0.44,3,F,STOCK,Information Technology,F,T,5109588000000,33214
6/2/2026,3:49:44 PM,T,BLOCK,1000,0.29,A,CALL,24.5,24.608800000000002,29000,6/5/2026,YELLOW,0.26,3,F,STOCK,Information Technology,F,T,172318000000,669
6/2/2026,3:49:43 PM,MU,BLOCK,103,2.0,A,CALL,1300,1074.72,20600,6/5/2026,MAGENTA,1.19,3,F,STOCK,Information Technology,F,T,1095029000000,4050
6/2/2026,3:49:37 PM,ASTS,BLOCK,183,5.42,A,CALL,120,118.73,99186,6/5/2026,MAGENTA,1.4,3,F,STOCK,Information Technology,F,T,44017000000,8865
6/2/2026,3:49:37 PM,HPE,SWEEP,169,0.36,B,CALL,66,55.545,6084,6/5/2026,MAGENTA,1.46,3,F,STOCK,Information Technology,T,T,57107000000,6527
6/2/2026,3:49:36 PM,MSFT,BLOCK,100,1.42,,CALL,480,441.6,14200,6/12/2026,MAGENTA,0.39,10,F,STOCK,Information Technology,F,F,3344578000000,6136
6/2/2026,3:49:36 PM,HPE,BLOCK,150,1.5,B,PUT,54,55.551100000000005,22500,6/5/2026,YELLOW,1.11,3,F,STOCK,Information Technology,T,T,57107000000,11
6/2/2026,3:49:35 PM,FIG,SWEEP,300,1.56,A,CALL,40,24.075,46800,9/18/2026,WHITE,0.99,108,F,STOCK,Information Technology,F,F,11364000000,3749
6/2/2026,3:49:34 PM,EOSE,SWEEP,1000,0.55,B,CALL,9.5,9.620000000000001,55000,6/5/2026,MAGENTA,1.41,3,F,STOCK,Industrials,F,T,2862000000,6283
6/2/2026,3:49:31 PM,NVDA,SWEEP,300,1.14,A,CALL,230,221.9001,34200,6/5/2026,MAGENTA,0.48,3,F,STOCK,Information Technology,F,T,5109588000000,48407
6/2/2026,3:49:29 PM,MXL,BLOCK,300,27.0,A,CALL,85,88.75,810000,9/18/2026,WHITE,1.35,108,F,STOCK,Information Technology,F,F,8321000000,1404
6/2/2026,3:49:25 PM,NVDA,SWEEP,500,4.5,B,CALL,230,221.87990000000002,225000,6/18/2026,WHITE,0.41,16,F,STOCK,Information Technology,F,F,5109588000000,81340
6/2/2026,3:49:23 PM,IBM,SWEEP,333,2.22,B,CALL,450,330.735,73926,6/26/2026,YELLOW,0.79,24,F,STOCK,Information Technology,F,F,279897000000,275
6/2/2026,3:49:23 PM,IREN,SWEEP,594,0.27,B,PUT,56,67.09,16038,6/5/2026,WHITE,1.4,3,F,STOCK,Financials,F,T,22707000000,3080
6/2/2026,3:49:23 PM,NVDA,BLOCK,200,3.2,A,CALL,235,221.86110000000002,64000,6/18/2026,WHITE,0.42,16,F,STOCK,Information Technology,F,F,5109588000000,32819
6/2/2026,3:49:21 PM,CRWV,SWEEP,403,4.35,A,CALL,160,120.2796,175305,7/17/2026,WHITE,0.89,45,F,STOCK,Information Technology,F,F,49022000000,2530
6/2/2026,3:49:20 PM,PFE,BLOCK,200,1.49,A,PUT,26,25.595000000000002,29800,8/21/2026,WHITE,0.24,80,F,STOCK,Health Care,F,F,149211000000,2936
6/2/2026,3:49:20 PM,META,SWEEP,134,9.05,B,PUT,470,600.39,121270,10/16/2026,WHITE,0.39,136,F,STOCK,Communication Services,F,F,1599968000000,685
6/2/2026,3:49:18 PM,WMT,SWEEP,275,0.69,A,PUT,112,113.04,18975,6/5/2026,MAGENTA,0.28,3,F,STOCK,Consumer Discretionary,F,T,922642000000,1958
6/2/2026,3:49:16 PM,OKTA,SWEEP,309,0.67,A,CALL,150,137,20694,6/5/2026,YELLOW,0.86,3,F,STOCK,Information Technology,F,T,21804000000,282
6/2/2026,3:49:15 PM,AMD,SWEEP,75,23.895,A,CALL,1050,519.26,179215,12/18/2026,YELLOW,0.79,199,F,STOCK,Information Technology,F,F,841553000000,70
6/2/2026,3:49:15 PM,GOOGL,SWEEP,200,1.018,,CALL,367.5,362.697,20358,6/3/2026,YELLOW,0.36,1,F,STOCK,Communication Services,F,T,4608199000000,10
6/2/2026,3:49:13 PM,NVDA,SWEEP,515,4.5,B,CALL,230,221.8051,231750,6/18/2026,WHITE,0.42,16,F,STOCK,Information Technology,F,F,5109588000000,81340
6/2/2026,3:49:12 PM,CRWV,SWEEP,251,0.15,B,PUT,90,120.12,3765,6/5/2026,WHITE,1.64,3,F,STOCK,Information Technology,F,T,49022000000,3254
6/2/2026,3:49:11 PM,HOOD,BLOCK,158,1.33,A,CALL,92,88.48,21014,6/5/2026,WHITE,0.84,3,F,STOCK,Financials,F,T,84917000000,6451
6/2/2026,3:49:09 PM,MU,SWEEP,500,0.93,B,CALL,1350,1073.135,46500,6/5/2026,MAGENTA,1.22,3,F,STOCK,Information Technology,F,T,1095029000000,1215
6/2/2026,3:49:07 PM,NVDA,SWEEP,200,39.0,A,CALL,220,221.76000000000002,780000,3/19/2027,WHITE,0.47,290,F,STOCK,Information Technology,F,F,5109588000000,8880
6/2/2026,3:49:07 PM,QUBT,BLOCK,360,1.1,A,CALL,13,12.325000000000001,39600,6/26/2026,WHITE,1.09,24,F,STOCK,Information Technology,F,F,2697000000,740
6/2/2026,3:49:07 PM,BMNR,SWEEP,250,3.492,A,CALL,22.5,17.8111,87300,1/15/2027,WHITE,0.88,227,F,STOCK,Financials,F,F,10975000000,15444
6/2/2026,3:49:06 PM,NVDA,SWEEP,284,1.75,BB,CALL,222.5,221.76000000000002,49696,6/3/2026,MAGENTA,0.45,1,F,STOCK,Information Technology,F,T,5109588000000,7335
6/2/2026,3:49:05 PM,PEGA,BLOCK,310,0.75,B,CALL,40,36.59,23250,6/18/2026,MAGENTA,0.63,16,F,STOCK,Information Technology,F,F,5971000000,653
6/2/2026,3:49:04 PM,OSCR,BLOCK,350,0.53,B,CALL,23,20.905,18550,6/18/2026,WHITE,0.72,16,F,STOCK,Health Care,F,F,6702000000,1358
6/2/2026,3:49:03 PM,IBM,BLOCK,114,5.85,B,CALL,340,330.75,66690,6/5/2026,MAGENTA,0.81,3,F,STOCK,Information Technology,F,T,279897000000,4997
6/2/2026,3:49:02 PM,HOOD,SWEEP,200,1.21,A,PUT,85,88.43,24200,6/5/2026,MAGENTA,0.82,3,F,STOCK,Financials,F,T,84917000000,2975
6/2/2026,3:49:01 PM,RR,BLOCK,2500,0.18,B,CALL,5,3.005,45000,7/17/2026,WHITE,1.5,45,T,STOCK,Industrials,F,F,649000000,24576
6/2/2026,3:49:00 PM,EOSE,BLOCK,207,0.57,A,CALL,10.5,9.625,11799,6/12/2026,MAGENTA,1.42,10,F,STOCK,Industrials,F,F,2862000000,1337
6/2/2026,3:48:59 PM,NVDA,SWEEP,500,4.5,B,CALL,220,221.815,225000,6/5/2026,WHITE,0.44,3,F,STOCK,Information Technology,F,T,5109588000000,33214
6/2/2026,3:48:55 PM,PLTR,SWEEP,200,2.3,B,PUT,150,152.185,46000,6/5/2026,MAGENTA,0.6,3,F,STOCK,Information Technology,F,T,375275000000,8410
6/2/2026,3:48:55 PM,CRCL,BLOCK,260,9.05,A,CALL,100,100.22500000000001,235300,6/26/2026,YELLOW,0.87,24,F,STOCK,Financials,F,F,28089000000,112
6/2/2026,3:48:53 PM,GOOGL,SWEEP,132,0.08,B,CALL,380,362.795,1056,6/3/2026,MAGENTA,0.45,1,F,STOCK,Communication Services,F,T,4608199000000,3087
6/2/2026,3:48:51 PM,MSTR,BLOCK,200,3.9,B,PUT,135,136.87,78000,6/5/2026,MAGENTA,0.97,3,F,STOCK,Information Technology,F,T,55752000000,3417
6/2/2026,3:48:50 PM,NVDA,BLOCK,502,0.26,A,CALL,230,221.69,13050,6/3/2026,MAGENTA,0.52,1,F,STOCK,Information Technology,F,T,5109588000000,19163
6/2/2026,3:48:50 PM,NVDA,SWEEP,500,4.45,A,CALL,220,221.66,222500,6/5/2026,WHITE,0.44,3,F,STOCK,Information Technology,F,T,5109588000000,33214
6/2/2026,3:48:49 PM,MU,BLOCK,100,4.1,B,CALL,1250,1074.345,41000,6/5/2026,WHITE,1.16,3,F,STOCK,Information Technology,F,T,1095029000000,3105
6/2/2026,3:48:44 PM,NVDA,BLOCK,200,1.15,B,CALL,285,221.67000000000002,23000,7/17/2026,WHITE,0.47,45,F,STOCK,Information Technology,F,F,5109588000000,3644
6/2/2026,3:48:41 PM,ALAB,SWEEP,160,8.22,B,CALL,377.5,354.06,131515,6/5/2026,YELLOW,1.32,3,F,STOCK,Information Technology,F,T,58767000000,4
6/2/2026,3:48:41 PM,BWA,BLOCK,275,1.6,A,CALL,80,74.72,44000,6/18/2026,WHITE,0.56,16,F,STOCK,Consumer Discretionary,F,F,14731000000,881
6/2/2026,3:48:36 PM,NVDA,SWEEP,512,0.47,A,CALL,227.5,221.68,24064,6/3/2026,MAGENTA,0.49,1,F,STOCK,Information Technology,F,T,5109588000000,10823
6/2/2026,3:48:36 PM,SMCI,BLOCK,201,2.0,A,CALL,50,50.14,40199,6/5/2026,MAGENTA,1.06,3,F,STOCK,Information Technology,F,T,27719000000,10496
6/2/2026,3:48:35 PM,MU,SWEEP,119,33.999,A,CALL,1600,1075.04,404590,7/17/2026,WHITE,1.04,45,F,STOCK,Information Technology,F,F,1095029000000,458
6/2/2026,3:48:33 PM,MSFT,SWEEP,200,0.7,A,CALL,470,441.6999,14000,6/5/2026,MAGENTA,0.48,3,F,STOCK,Information Technology,F,T,3344578000000,14932
6/2/2026,3:48:31 PM,TSLA,BLOCK,400,7.52,B,CALL,500,422.1,300800,7/17/2026,WHITE,0.5,45,F,STOCK,Consumer Discretionary,F,F,1636707000000,23084
6/2/2026,3:48:27 PM,MO,SWEEP,269,2.16,A,CALL,68,69.28,58104,7/2/2026,YELLOW,0.2,30,F,STOCK,Consumer Staples,F,F,116191000000,13
6/2/2026,3:48:27 PM,AMD,BLOCK,219,0.82,B,PUT,450,518.8001,17958,6/5/2026,WHITE,0.94,3,F,STOCK,Information Technology,F,T,841553000000,5929
6/2/2026,3:48:27 PM,NVDA,SWEEP,200,1.1,,CALL,230,221.66500000000002,22000,6/5/2026,MAGENTA,0.48,3,F,STOCK,Information Technology,F,T,5109588000000,48407
6/2/2026,3:48:26 PM,MRVL,BLOCK,259,28.36,AA,CALL,320,287.77000000000004,734524,7/17/2026,MAGENTA,1,45,F,STOCK,Information Technology,F,F,183952000000,984
6/2/2026,3:48:25 PM,RIVN,SWEEP,200,2.79,A,PUT,12,17.215,55800,1/21/2028,WHITE,0.74,598,F,STOCK,Consumer Discretionary,F,F,20228000000,12788
6/2/2026,3:48:25 PM,INTC,BLOCK,200,2.8,A,CALL,124,107.4002,56000,6/18/2026,MAGENTA,0.9,16,F,STOCK,Information Technology,F,F,576381000000,312
6/2/2026,3:48:24 PM,RKLB,BLOCK,200,2.95,A,CALL,130,123.7,59000,6/5/2026,MAGENTA,1.21,3,F,STOCK,Industrials,F,T,83039000000,3713
6/2/2026,3:48:21 PM,NVDA,SWEEP,500,4.45,B,CALL,220,221.63500000000002,222500,6/5/2026,WHITE,0.44,3,F,STOCK,Information Technology,F,T,5109588000000,33214
6/2/2026,3:48:21 PM,AMD,SWEEP,110,1.581,AA,CALL,580,518.9402,17390,6/5/2026,WHITE,0.87,3,F,STOCK,Information Technology,F,T,841553000000,1116
6/2/2026,3:48:21 PM,AMD,SWEEP,256,4.349,A,CALL,555,518.9402,111340,6/5/2026,WHITE,0.85,3,F,STOCK,Information Technology,F,T,841553000000,1469
6/2/2026,3:48:21 PM,AMD,SWEEP,296,1.94,A,CALL,575,518.9402,57424,6/5/2026,MAGENTA,0.87,3,F,STOCK,Information Technology,F,T,841553000000,1055
6/2/2026,3:48:21 PM,AMD,SWEEP,153,2.64,A,CALL,567.5,518.9402,40392,6/5/2026,YELLOW,0.86,3,F,STOCK,Information Technology,F,T,841553000000,136
6/2/2026,3:48:19 PM,NOW,SWEEP,150,11.5,,CALL,130,127.735,172500,7/17/2026,MAGENTA,0.69,45,F,STOCK,Information Technology,F,F,128225000000,5676
6/2/2026,3:48:19 PM,NVDA,SWEEP,226,0.899,A,CALL,225,221.655,20314,6/3/2026,MAGENTA,0.47,1,F,STOCK,Information Technology,F,T,5109588000000,23319
6/2/2026,3:48:19 PM,QUBT,SWEEP,280,1.25,A,CALL,14,12.24,35000,7/17/2026,WHITE,1.09,45,F,STOCK,Information Technology,F,F,2697000000,3605
6/2/2026,3:48:14 PM,NVDA,SWEEP,188,2.27,A,CALL,225,221.6199,42676,6/5/2026,WHITE,0.46,3,F,STOCK,Information Technology,F,T,5109588000000,79235
6/2/2026,3:48:14 PM,NVDA,SWEEP,540,0.88,A,CALL,225,221.63,47519,6/3/2026,MAGENTA,0.46,1,F,STOCK,Information Technology,F,T,5109588000000,23319
6/2/2026,3:48:13 PM,NVDA,SWEEP,541,0.45,B,CALL,227.5,221.62,24345,6/3/2026,MAGENTA,0.49,1,F,STOCK,Information Technology,F,T,5109588000000,10823
6/2/2026,3:48:10 PM,INTC,SWEEP,157,3.197,A,CALL,109,107.39500000000001,50196,6/5/2026,MAGENTA,1.01,3,F,STOCK,Information Technology,F,T,576381000000,716
6/2/2026,3:48:08 PM,GLXY,BLOCK,250,5.27,A,CALL,30,28.87,131750,9/18/2026,WHITE,0.9,108,F,STOCK,Financials,F,F,11533000000,1625
6/2/2026,3:48:08 PM,TSLA,BLOCK,830,11.15,A,CALL,750,422.39000000000004,925450,1/15/2027,WHITE,0.55,227,F,STOCK,Consumer Discretionary,F,F,1636707000000,6692
6/2/2026,3:48:06 PM,NVDA,SWEEP,179,0.87,A,CALL,225,221.6097,15573,6/3/2026,MAGENTA,0.46,1,F,STOCK,Information Technology,F,T,5109588000000,23319
6/2/2026,3:48:06 PM,CRM,SWEEP,300,0.541,B,CALL,217.5,200.91,16238,6/5/2026,WHITE,0.66,3,F,STOCK,Information Technology,F,T,156361000000,1047
6/2/2026,3:48:05 PM,AMD,BLOCK,100,5.13,A,CALL,550,518.8000000000001,51300,6/5/2026,MAGENTA,0.83,3,F,STOCK,Information Technology,F,T,841553000000,4709
6/2/2026,3:48:03 PM,DELL,BLOCK,101,1.42,,CALL,500,437.68,14344,6/5/2026,MAGENTA,1.01,3,F,STOCK,Information Technology,F,T,271801000000,3875
6/2/2026,3:48:03 PM,NOW,BLOCK,150,4.08,B,CALL,135,127.76,61200,6/12/2026,MAGENTA,0.82,10,F,STOCK,Information Technology,F,F,128225000000,1732
6/2/2026,3:48:02 PM,OKLO,BLOCK,200,5.6,A,CALL,70,73.56,112000,6/5/2026,WHITE,1.36,3,F,STOCK,Utilities,F,T,11636000000,7901
6/2/2026,3:48:02 PM,HIMS,SWEEP,175,1.23,B,CALL,35,27.4782,21525,7/17/2026,WHITE,0.89,45,F,STOCK,Health Care,F,F,6052000000,6673
6/2/2026,3:48:01 PM,TE,BLOCK,200,4.4,,CALL,11,12.155000000000001,88000,9/18/2026,MAGENTA,1.54,108,F,STOCK,Industrials,F,F,2949000000,503
6/2/2026,3:48:01 PM,BA,BLOCK,200,18.55,B,CALL,240,216.89000000000001,371000,1/15/2027,WHITE,0.38,227,F,STOCK,Industrials,F,F,182216000000,2963
6/2/2026,3:48:00 PM,RGTI,BLOCK,500,0.64,A,CALL,30,26.975,32000,6/5/2026,MAGENTA,1.7,3,F,STOCK,Information Technology,F,T,8489000000,5623
6/2/2026,3:47:59 PM,NVDA,SWEEP,358,2.251,BB,CALL,225,221.54000000000002,80598,6/5/2026,WHITE,0.46,3,F,STOCK,Information Technology,F,T,5109588000000,79235
6/2/2026,3:47:58 PM,AMD,SWEEP,201,6.25,,CALL,545,518.83,125620,6/5/2026,WHITE,0.83,3,F,STOCK,Information Technology,F,T,841553000000,930
6/2/2026,3:47:56 PM,TSLA,BLOCK,100,3.85,A,PUT,375,422.40000000000003,38500,6/26/2026,WHITE,0.47,24,F,STOCK,Consumer Discretionary,F,F,1636707000000,734
6/2/2026,3:47:56 PM,TSLA,SWEEP,100,1.109,AA,PUT,412.5,422.40000000000003,11089,6/3/2026,MAGENTA,0.51,1,F,STOCK,Consumer Discretionary,F,T,1636707000000,1280
6/2/2026,3:47:55 PM,OKLO,SWEEP,189,2.99,AA,CALL,75,73.47,56512,6/5/2026,MAGENTA,1.38,3,F,STOCK,Utilities,F,T,11636000000,2938
6/2/2026,3:47:53 PM,AMD,SWEEP,788,0.86,BB,PUT,450,518.8651,67762,6/5/2026,WHITE,0.95,3,F,STOCK,Information Technology,F,T,841553000000,5929
6/2/2026,3:47:53 PM,TSLA,BLOCK,171,11.15,A,CALL,750,422.32,190665,1/15/2027,WHITE,0.55,227,F,STOCK,Consumer Discretionary,F,F,1636707000000,6692
6/2/2026,3:47:47 PM,MRVL,BLOCK,200,39.97,BB,CALL,320,287.8263,799400,8/21/2026,MAGENTA,0.96,80,F,STOCK,Information Technology,F,F,183952000000,456
6/2/2026,3:47:47 PM,TE,BLOCK,160,4.4,,CALL,11,12.15,70400,9/18/2026,MAGENTA,1.54,108,F,STOCK,Industrials,F,F,2949000000,503
6/2/2026,3:47:45 PM,NVDA,SWEEP,700,0.67,A,PUT,217.5,221.505,46900,6/3/2026,MAGENTA,0.46,1,F,STOCK,Information Technology,F,T,5109588000000,4222
6/2/2026,3:47:45 PM,NVDA,SWEEP,600,4.353,B,CALL,220,221.5,261200,6/5/2026,WHITE,0.44,3,F,STOCK,Information Technology,F,T,5109588000000,33214
6/2/2026,3:47:44 PM,FLYW,SWEEP,499,0.25,B,CALL,17.5,15.135,12475,7/17/2026,WHITE,0.44,45,F,STOCK,Industrials,F,F,1979000000,1192
6/2/2026,3:47:44 PM,CORZ,BLOCK,240,0.6,B,CALL,35,28.945,14400,6/26/2026,WHITE,0.78,24,F,STOCK,Information Technology,F,F,8535000000,389
6/2/2026,3:47:44 PM,PLTR,BLOCK,150,1.03,B,CALL,160,152.29,15450,6/5/2026,MAGENTA,0.65,3,F,STOCK,Information Technology,F,T,375275000000,30213
6/2/2026,3:47:42 PM,NVDA,SWEEP,813,4.376,B,CALL,230,221.53,355793,6/18/2026,WHITE,0.41,16,F,STOCK,Information Technology,F,F,5109588000000,81340
6/2/2026,3:47:39 PM,NVDA,SWEEP,157,1.36,A,PUT,220,221.436,21350,6/3/2026,MAGENTA,0.43,1,F,STOCK,Information Technology,F,T,5109588000000,5677
6/2/2026,3:47:39 PM,NVDA,SWEEP,500,4.35,B,CALL,220,221.43200000000002,217500,6/5/2026,WHITE,0.45,3,F,STOCK,Information Technology,F,T,5109588000000,33214
6/2/2026,3:47:38 PM,BB,SWEEP,566,0.6,A,CALL,10,10.245000000000001,33960,6/5/2026,WHITE,1.27,3,F,STOCK,Information Technology,F,T,5287000000,11998
6/2/2026,3:47:38 PM,NVDA,SWEEP,501,2.54,B,PUT,222.5,221.43,127255,6/3/2026,MAGENTA,0.42,1,F,STOCK,Information Technology,F,T,5109588000000,3187
6/2/2026,3:47:37 PM,BSX,BLOCK,519,0.3,A,CALL,49,47.665,15570,6/5/2026,WHITE,0.45,3,F,STOCK,Health Care,F,T,71805000000,1657
6/2/2026,3:47:35 PM,NVDA,SWEEP,539,0.68,AA,PUT,217.5,221.52,36651,6/3/2026,MAGENTA,0.46,1,F,STOCK,Information Technology,F,T,5109588000000,4222
6/2/2026,3:47:35 PM,ODD,BLOCK,172,1.1,B,CALL,9,9.82,18920,6/12/2026,YELLOW,0.96,10,T,STOCK,Information Technology,F,F,777000000,3
6/2/2026,3:47:34 PM,AAPL,SWEEP,203,1.58,A,CALL,315,314.82,32074,6/3/2026,MAGENTA,0.25,1,F,STOCK,Information Technology,F,T,4583336000000,9576
6/2/2026,3:47:33 PM,NVDA,SWEEP,500,4.35,B,CALL,220,221.44500000000002,217500,6/5/2026,WHITE,0.45,3,F,STOCK,Information Technology,F,T,5109588000000,33214
6/2/2026,3:47:33 PM,AMD,SWEEP,878,0.685,AA,CALL,600,518.99,60127,6/5/2026,WHITE,0.9,3,F,STOCK,Information Technology,F,T,841553000000,4021
6/2/2026,3:47:32 PM,META,BLOCK,100,25.2,B,CALL,680,600.26,252000,9/18/2026,WHITE,0.4,108,F,STOCK,Communication Services,F,F,1599968000000,2499
6/2/2026,3:47:28 PM,HOOD,BLOCK,311,0.35,A,CALL,99,88.38000000000001,10885,6/5/2026,MAGENTA,0.95,3,F,STOCK,Financials,F,T,84917000000,1244
6/2/2026,3:47:27 PM,NVDA,SWEEP,811,0.675,AA,PUT,217.5,221.425,54775,6/3/2026,MAGENTA,0.45,1,F,STOCK,Information Technology,F,T,5109588000000,4222
6/2/2026,3:47:22 PM,NVDA,BLOCK,500,0.24,A,CALL,240,221.45000000000002,12000,6/5/2026,MAGENTA,0.54,3,F,STOCK,Information Technology,F,T,5109588000000,32362
6/2/2026,3:47:22 PM,AMD,BLOCK,100,5.17,A,CALL,550,518.94,51700,6/5/2026,MAGENTA,0.84,3,F,STOCK,Information Technology,F,T,841553000000,4709
6/2/2026,3:47:17 PM,AAPL,BLOCK,100,1.62,A,CALL,350,314.76,16200,7/17/2026,MAGENTA,0.25,45,F,STOCK,Information Technology,F,F,4583336000000,8167
6/2/2026,3:47:16 PM,TSLA,SWEEP,130,1.05,B,PUT,412.5,422.4101,13650,6/3/2026,MAGENTA,0.5,1,F,STOCK,Consumer Discretionary,F,T,1636707000000,1280
6/2/2026,3:47:16 PM,JPM,SWEEP,108,6.25,A,CALL,315,301.71000000000004,67500,7/17/2026,WHITE,0.27,45,F,STOCK,Financials,F,F,802004000000,2497
6/2/2026,3:47:15 PM,NVDA,SWEEP,460,43.606,B,CALL,180,221.41,2005870,7/17/2026,WHITE,0.48,45,F,STOCK,Information Technology,F,F,5109588000000,14721
6/2/2026,3:47:14 PM,TSLA,SWEEP,270,4.447,A,CALL,422.5,422.47,120080,6/3/2026,MAGENTA,0.5,1,F,STOCK,Consumer Discretionary,F,T,1636707000000,2734
6/2/2026,3:47:14 PM,NVDA,SWEEP,502,0.805,B,CALL,225,221.41,40404,6/3/2026,MAGENTA,0.46,1,F,STOCK,Information Technology,F,T,5109588000000,23319
6/2/2026,3:47:14 PM,GFS,BLOCK,174,1.8,B,CALL,100,84.35000000000001,31320,6/18/2026,WHITE,0.91,16,F,STOCK,Information Technology,F,F,44496000000,4299
6/2/2026,3:47:14 PM,NVDA,SWEEP,311,1.06,B,CALL,230,221.4,32966,6/5/2026,MAGENTA,0.48,3,F,STOCK,Information Technology,F,T,5109588000000,48407
6/2/2026,3:47:13 PM,TSLA,BLOCK,474,4.428,A,CALL,422.5,422.46500000000003,209890,6/3/2026,MAGENTA,0.5,1,F,STOCK,Consumer Discretionary,F,T,1636707000000,2734
6/2/2026,3:47:12 PM,TSLA,SWEEP,146,4.419,AA,CALL,422.5,422.5486,64520,6/3/2026,MAGENTA,0.5,1,F,STOCK,Consumer Discretionary,F,T,1636707000000,2734
6/2/2026,3:47:10 PM,NVDA,BLOCK,205,3.051,AA,PUT,220,221.37,62545,6/5/2026,MAGENTA,0.47,3,F,STOCK,Information Technology,F,T,5109588000000,11540
6/2/2026,3:47:09 PM,META,BLOCK,82,36.2,A,CALL,660,600.34,296840,10/16/2026,WHITE,0.39,136,F,STOCK,Communication Services,F,F,1599968000000,1314
6/2/2026,3:47:08 PM,LQDA,SWEEP,151,5.6,B,CALL,60,54.84,84560,7/17/2026,WHITE,0.98,45,F,STOCK,Health Care,F,F,5501000000,1432
6/2/2026,3:47:08 PM,MSFT,SWEEP,350,1.28,A,CALL,450,441.701,44800,6/3/2026,MAGENTA,0.45,1,F,STOCK,Information Technology,F,T,3344578000000,2970
6/2/2026,3:47:07 PM,ALOY,SWEEP,267,1.1,B,CALL,14,11.514100000000001,29370,7/17/2026,MAGENTA,1.19,45,F,STOCK,Information Technology,F,F,560000000,291
6/2/2026,3:47:06 PM,TSLA,SWEEP,100,6.35,B,PUT,420,422.19,63500,6/5/2026,MAGENTA,0.49,3,F,STOCK,Consumer Discretionary,F,T,1636707000000,5322
6/2/2026,3:47:05 PM,AAPL,BLOCK,200,34.85,A,CALL,280,314.71500000000003,697000,6/5/2026,WHITE,0.59,3,F,STOCK,Information Technology,F,T,4583336000000,897
6/2/2026,3:47:05 PM,BWA,BLOCK,330,2.29,A,CALL,77.5,74.55,75570,6/18/2026,MAGENTA,0.56,16,F,STOCK,Consumer Discretionary,F,F,14731000000,658
6/2/2026,3:47:04 PM,WULF,SWEEP,157,2.0,B,CALL,30,26.2904,31400,7/17/2026,WHITE,0.9,45,F,STOCK,Financials,F,F,12665000000,6956
6/2/2026,3:47:03 PM,NVDA,SWEEP,462,3.0,AA,PUT,220,221.485,138599,6/5/2026,MAGENTA,0.47,3,F,STOCK,Information Technology,F,T,5109588000000,11540
6/2/2026,3:47:03 PM,CSCO,SWEEP,170,14.3,BB,CALL,155,127.86,243100,6/17/2027,YELLOW,0.44,380,F,STOCK,Information Technology,F,F,474627000000,30
6/2/2026,3:47:02 PM,MU,SWEEP,153,56.0,A,CALL,1045,1072.155,856800,6/5/2026,MAGENTA,1.07,3,F,STOCK,Information Technology,F,T,1095029000000,649
6/2/2026,3:47:02 PM,MU,BLOCK,100,76.2,A,CALL,1100,1072.155,762000,6/18/2026,WHITE,0.98,16,F,STOCK,Information Technology,F,F,1095029000000,3883
6/2/2026,3:47:00 PM,TSLA,SWEEP,142,4.349,A,CALL,422.5,422.27000000000004,61756,6/3/2026,MAGENTA,0.5,1,F,STOCK,Consumer Discretionary,F,T,1636707000000,2734
6/2/2026,3:46:58 PM,LQDA,BLOCK,200,0.8,B,CALL,59,54.71,16000,6/5/2026,YELLOW,1.14,3,F,STOCK,Health Care,F,T,5501000000,47
6/2/2026,3:46:57 PM,BHC,SWEEP,600,0.281,B,CALL,7,5.025,16880,1/15/2027,WHITE,0.5,227,F,STOCK,Health Care,F,F,2003000000,3501
6/2/2026,3:46:55 PM,AAPL,BLOCK,140,2.91,B,CALL,315,314.7001,40740,6/5/2026,WHITE,0.27,3,F,STOCK,Information Technology,F,T,4583336000000,30153
6/2/2026,3:46:54 PM,AAPL,BLOCK,100,34.85,A,CALL,280,314.705,348500,6/5/2026,WHITE,0.6,3,F,STOCK,Information Technology,F,T,4583336000000,897
6/2/2026,3:46:54 PM,NVDA,SWEEP,236,2.95,A,PUT,220,221.56,69620,6/5/2026,MAGENTA,0.46,3,F,STOCK,Information Technology,F,T,5109588000000,11540
6/2/2026,3:46:54 PM,SOLS,BLOCK,834,1.45,,CALL,100,87.91229,120930,6/18/2026,MAGENTA,0.7,16,F,STOCK,Information Technology,F,F,13376000000,2313
6/2/2026,3:46:52 PM,META,BLOCK,123,2.55,A,CALL,650,600.275,31365,6/12/2026,WHITE,0.41,10,F,STOCK,Communication Services,F,F,1599968000000,3567
6/2/2026,3:46:52 PM,GOOG,SWEEP,151,7.099,A,PUT,300,359.73,107196,10/16/2026,WHITE,0.35,136,F,STOCK,Communication Services,F,F,4560826000000,1203
6/2/2026,3:46:52 PM,TSM,BLOCK,100,1.92,A,PUT,400,445.7216,19200,6/12/2026,WHITE,0.53,10,F,STOCK,Information Technology,F,F,2167571000000,1099
6/2/2026,3:46:50 PM,AAPL,BLOCK,100,1.88,B,CALL,317.5,314.69010000000003,18800,6/5/2026,MAGENTA,0.27,3,F,STOCK,Information Technology,F,T,4583336000000,7096
6/2/2026,3:46:45 PM,MSTR,BLOCK,232,8.3,A,CALL,180,136.725,192560,8/21/2026,WHITE,0.81,80,F,STOCK,Information Technology,F,F,55752000000,1452
6/2/2026,3:46:45 PM,GOOGL,SWEEP,200,0.5,B,PUT,355,363.0484,10000,6/3/2026,MAGENTA,0.39,1,F,STOCK,Communication Services,F,T,4608199000000,870
6/2/2026,3:46:43 PM,NVDA,SWEEP,562,4.5,B,CALL,220,221.67010000000002,252901,6/5/2026,WHITE,0.45,3,F,STOCK,Information Technology,F,T,5109588000000,33214
6/2/2026,3:46:43 PM,AAPL,SWEEP,1575,8.0,B,CALL,335,314.71500000000003,1259995,8/21/2026,WHITE,0.26,80,F,STOCK,Information Technology,F,F,4583336000000,3807
6/2/2026,3:46:43 PM,TSLA,BLOCK,100,3.34,A,PUT,420,422.185,33400,6/3/2026,MAGENTA,0.5,1,F,STOCK,Consumer Discretionary,F,T,1636707000000,2782
6/2/2026,3:46:40 PM,MPT,BLOCK,200,1.09,A,PUT,6,5.0072,21800,7/17/2026,WHITE,0.51,45,F,STOCK,Real Estate,F,F,3056000000,2840
6/2/2026,3:46:37 PM,INTC,SWEEP,700,0.17,B,PUT,65,107.3301,11900,6/26/2026,YELLOW,0.97,24,F,STOCK,Information Technology,F,F,576381000000,334
6/2/2026,3:46:35 PM,STM,BLOCK,201,1.48,BB,CALL,83,79.39,29750,6/5/2026,YELLOW,1,3,F,STOCK,Information Technology,T,T,62252000000,0
6/2/2026,3:46:35 PM,DELL,BLOCK,100,3.2,A,CALL,480,438.135,32000,6/5/2026,MAGENTA,0.98,3,F,STOCK,Information Technology,F,T,271801000000,537
6/2/2026,3:46:34 PM,AAPL,SWEEP,136,3.85,B,CALL,335,314.75,52360,7/17/2026,WHITE,0.24,45,F,STOCK,Information Technology,F,F,4583336000000,9166
6/2/2026,3:46:32 PM,TSLA,BLOCK,138,4.35,A,PUT,415,422.255,60030,6/5/2026,MAGENTA,0.49,3,F,STOCK,Consumer Discretionary,F,T,1636707000000,3388
6/2/2026,3:46:30 PM,HOOD,BLOCK,200,1.22,B,PUT,85,88.2625,24400,6/5/2026,MAGENTA,0.81,3,F,STOCK,Financials,F,T,84917000000,2975
6/2/2026,3:46:28 PM,NVDA,SWEEP,200,1.13,A,CALL,230,221.8435,22600,6/5/2026,MAGENTA,0.48,3,F,STOCK,Information Technology,F,T,5109588000000,48407
6/2/2026,3:46:23 PM,ASTS,BLOCK,200,17.25,A,CALL,115,118.39500000000001,345000,6/26/2026,MAGENTA,1.3,24,F,STOCK,Information Technology,F,F,44017000000,414
6/2/2026,3:46:23 PM,MU,BLOCK,100,130.62,B,PUT,1050,1070.81,1306196,7/17/2026,WHITE,0.97,45,F,STOCK,Information Technology,F,F,1095029000000,570
6/2/2026,3:46:22 PM,BMNR,BLOCK,500,0.64,B,PUT,18,17.805,32000,6/5/2026,WHITE,0.83,3,F,STOCK,Financials,F,T,10975000000,4572
6/2/2026,3:46:21 PM,MU,BLOCK,75,20.12,A,CALL,1500,1070.8600000000001,150900,6/26/2026,WHITE,1.1,24,F,STOCK,Information Technology,F,F,1095029000000,988
6/2/2026,3:46:21 PM,CLSK,BLOCK,450,1.04,B,CALL,17,17.6,46800,6/5/2026,WHITE,1.11,3,F,STOCK,Financials,F,T,4693000000,1220
6/2/2026,3:46:20 PM,NVDA,SWEEP,160,0.901,B,CALL,225,221.83010000000002,14410,6/3/2026,MAGENTA,0.45,1,F,STOCK,Information Technology,F,T,5109588000000,23319
6/2/2026,3:46:19 PM,OKLO,SWEEP,178,1.49,A,CALL,80,73.42,26517,6/5/2026,MAGENTA,1.42,3,F,STOCK,Utilities,F,T,11636000000,3931
6/2/2026,3:46:18 PM,MU,BLOCK,89,123.047,A,CALL,1050,1070.515,1095120,6/26/2026,MAGENTA,1.03,24,F,STOCK,Information Technology,F,F,1095029000000,401
6/2/2026,3:46:18 PM,TSLA,SWEEP,100,1.64,A,PUT,415,422.45,16400,6/3/2026,MAGENTA,0.5,1,F,STOCK,Consumer Discretionary,F,T,1636707000000,2086
6/2/2026,3:46:18 PM,MU,SWEEP,132,122.955,A,CALL,1050,1070.3700000000001,1623000,6/26/2026,MAGENTA,1.03,24,F,STOCK,Information Technology,F,F,1095029000000,401
6/2/2026,3:46:17 PM,BSX,BLOCK,390,0.3,A,CALL,49,47.568200000000004,11700,6/5/2026,WHITE,0.47,3,F,STOCK,Health Care,F,T,71805000000,1657
6/2/2026,3:46:16 PM,AAPL,SWEEP,1000,13.761,B,CALL,310,314.83,1376076,7/17/2026,WHITE,0.24,45,F,STOCK,Information Technology,F,F,4583336000000,37292
6/2/2026,3:46:15 PM,RIVN,BLOCK,500,0.34,B,CALL,17.5,17.2333,17002,6/5/2026,WHITE,0.73,3,F,STOCK,Consumer Discretionary,F,T,20228000000,5524
6/2/2026,3:46:15 PM,TE,BLOCK,160,4.4,,CALL,11,12.1194,70400,9/18/2026,WHITE,1.55,108,F,STOCK,Industrials,F,F,2949000000,503
6/2/2026,3:46:13 PM,PAYO,SWEEP,202,0.7,A,CALL,5,5.3746,14140,6/18/2026,WHITE,1.13,16,F,STOCK,Information Technology,T,F,1740000000,2469
6/2/2026,3:46:13 PM,BWA,BLOCK,900,3.113,B,CALL,75,74.4077,280154,6/18/2026,WHITE,0.54,16,F,STOCK,Consumer Discretionary,F,F,14731000000,4278
6/2/2026,3:46:11 PM,AVGO,SWEEP,135,43.5,A,CALL,500,478.26,587250,8/21/2026,WHITE,0.58,80,T,STOCK,Information Technology,F,F,2115307000000,2165
6/2/2026,3:46:11 PM,AVGO,SWEEP,399,25.075,A,CALL,520,478.355,1000495,7/17/2026,WHITE,0.61,45,T,STOCK,Information Technology,F,F,2115307000000,2980
6/2/2026,3:46:11 PM,AMAT,BLOCK,100,22.503,B,PUT,465,487.3,225030,7/2/2026,YELLOW,0.6,30,F,STOCK,Information Technology,F,F,357329000000,4
6/2/2026,3:46:11 PM,NVDA,SWEEP,888,4.4,A,CALL,250,221.93,390720,7/17/2026,WHITE,0.43,45,F,STOCK,Information Technology,F,F,5109588000000,55883
6/2/2026,3:46:10 PM,SMR,SWEEP,198,1.23,A,CALL,15,14.2498,24354,6/18/2026,WHITE,1.29,16,F,STOCK,Industrials,F,F,4630000000,22120
6/2/2026,3:46:09 PM,ONDS,SWEEP,150,1.4,A,CALL,13,13.725,21000,6/12/2026,WHITE,1.12,10,F,STOCK,Information Technology,F,F,6638000000,3286
6/2/2026,3:46:08 PM,APLD,SWEEP,799,0.69,B,CALL,52,47.93,55131,6/5/2026,MAGENTA,1.18,3,F,STOCK,Information Technology,F,T,13511000000,4407
6/2/2026,3:46:07 PM,TE,BLOCK,200,4.4,,CALL,11,12.1241,88000,9/18/2026,WHITE,1.55,108,F,STOCK,Industrials,F,F,2949000000,503
6/2/2026,3:46:05 PM,MRVL,BLOCK,195,70.5,A,CALL,220,288.3399,1374750,6/12/2026,WHITE,1.2,10,F,STOCK,Information Technology,F,F,183952000000,2475
6/2/2026,3:46:04 PM,VST,BLOCK,300,3.2,A,CALL,170,158.05,96000,6/18/2026,WHITE,0.56,16,F,STOCK,Utilities,F,F,54026000000,1715
6/2/2026,3:46:02 PM,MSTR,SWEEP,218,11.15,B,PUT,110,136.875,243070,9/18/2026,WHITE,0.85,108,F,STOCK,Information Technology,F,F,55752000000,942
6/2/2026,3:45:59 PM,AAPL,BLOCK,100,25.0,A,CALL,450,314.86,250000,12/15/2028,WHITE,0.28,927,F,STOCK,Information Technology,F,F,4583336000000,642
6/2/2026,3:45:59 PM,AMGN,SWEEP,134,3.65,B,CALL,327.5,328.1,48910,6/5/2026,WHITE,0.28,3,F,STOCK,Health Care,F,T,181768000000,589
6/2/2026,3:45:58 PM,AAPL,BLOCK,545,1.22,B,CALL,320,314.86,66490,6/5/2026,MAGENTA,0.27,3,F,STOCK,Information Technology,F,T,4583336000000,26594
6/2/2026,3:45:58 PM,HOOD,BLOCK,200,1.2,A,PUT,85,88.355,24000,6/5/2026,MAGENTA,0.81,3,F,STOCK,Financials,F,T,84917000000,2975
6/2/2026,3:45:55 PM,SPCE,SWEEP,150,0.899,AA,CALL,5,4.7093,13485,6/18/2026,MAGENTA,2.59,16,F,STOCK,Industrials,F,F,622000000,17463
6/2/2026,3:45:53 PM,SOFI,SWEEP,408,2.15,B,CALL,18,17.740000000000002,87720,8/21/2026,WHITE,0.67,80,F,STOCK,Financials,F,F,23371000000,8416
6/2/2026,3:45:53 PM,NU,SWEEP,377,0.55,B,CALL,17,11.835,20735,1/15/2027,WHITE,0.49,227,F,STOCK,Financials,F,F,63755000000,63816
6/2/2026,3:45:52 PM,AAPL,SWEEP,470,1.231,B,CALL,320,314.9315,57871,6/5/2026,MAGENTA,0.27,3,F,STOCK,Information Technology,F,T,4583336000000,26594
6/2/2026,3:45:52 PM,TGT,SWEEP,204,1.95,B,CALL,123,123.21000000000001,39780,6/5/2026,WHITE,0.42,3,F,STOCK,Consumer Discretionary,F,T,57712000000,492
6/2/2026,3:45:51 PM,IBM,SWEEP,189,7.076,,CALL,335,329.89,133744,6/5/2026,MAGENTA,0.78,3,F,STOCK,Information Technology,F,T,279897000000,1074
6/2/2026,3:45:49 PM,LWLG,BLOCK,150,7.2,A,CALL,17,12.73,108000,1/21/2028,WHITE,1.35,598,F,STOCK,Materials,F,F,1673000000,3001
6/2/2026,3:45:48 PM,GOOG,SWEEP,397,0.64,AA,PUT,345,359.7898,25412,6/5/2026,MAGENTA,0.38,3,F,STOCK,Communication Services,F,T,4560826000000,1042
6/2/2026,3:45:47 PM,GOOG,SWEEP,769,0.45,A,PUT,342.5,359.81,34605,6/5/2026,YELLOW,0.39,3,F,STOCK,Communication Services,F,T,4560826000000,104
6/2/2026,3:45:47 PM,GOOG,SWEEP,266,1.84,A,PUT,352.5,359.81,48944,6/5/2026,MAGENTA,0.36,3,F,STOCK,Communication Services,F,T,4560826000000,499
6/2/2026,3:45:46 PM,TSLA,SWEEP,100,2.27,B,PUT,417.5,422.665,22700,6/3/2026,MAGENTA,0.5,1,F,STOCK,Consumer Discretionary,F,T,1636707000000,1531
6/2/2026,3:45:46 PM,TJX,BLOCK,182,0.8,A,PUT,152.5,153.61,14560,6/5/2026,WHITE,0.23,3,F,STOCK,Consumer Discretionary,F,T,171124000000,982
6/2/2026,3:45:44 PM,ULTA,SWEEP,100,19.5,B,CALL,525,494.41,195000,6/18/2026,MAGENTA,0.76,16,T,STOCK,Consumer Discretionary,F,F,22165000000,124
6/2/2026,3:45:43 PM,UWMC,SWEEP,300,0.451,B,CALL,3,2.96,13515,1/15/2027,WHITE,0.63,227,F,STOCK,Financials,F,F,4899000000,3265
6/2/2026,3:45:42 PM,GOOG,SWEEP,200,2.7,,CALL,365,359.8301,54000,6/5/2026,MAGENTA,0.37,3,F,STOCK,Communication Services,F,T,4560826000000,283
6/2/2026,3:45:42 PM,EOSE,SWEEP,300,0.54,A,CALL,10.5,9.585,16200,6/12/2026,MAGENTA,1.4,10,F,STOCK,Industrials,F,F,2862000000,1337
6/2/2026,3:45:41 PM,MSTR,SWEEP,250,0.42,B,PUT,117,136.8285,10500,6/5/2026,MAGENTA,1.17,3,F,STOCK,Information Technology,F,T,55752000000,287
6/2/2026,3:45:40 PM,MSFT,SWEEP,198,4.707,B,CALL,480,441.71000000000004,93198,7/2/2026,WHITE,0.33,30,F,STOCK,Information Technology,F,F,3344578000000,12657
6/2/2026,3:45:38 PM,SPCE,SWEEP,184,0.88,A,CALL,5,4.7,16192,6/18/2026,MAGENTA,2.55,16,F,STOCK,Industrials,F,F,622000000,17463
6/2/2026,3:45:38 PM,NVDA,BLOCK,200,1.65,,CALL,227.5,221.9,33000,6/5/2026,MAGENTA,0.47,3,F,STOCK,Information Technology,F,T,5109588000000,12162
6/2/2026,3:45:38 PM,OPEN,BLOCK,200,0.69,B,CALL,10,5.45,13800,11/20/2026,WHITE,1.13,171,F,STOCK,Real Estate,F,F,4862000000,5796
6/2/2026,3:45:36 PM,MU,SWEEP,120,7.7,A,CALL,1200,1070.91,92400,6/5/2026,MAGENTA,1.12,3,F,STOCK,Information Technology,F,T,1095029000000,12130
6/2/2026,3:45:34 PM,PLTR,SWEEP,209,3.3,B,CALL,152.5,152.29500000000002,68970,6/5/2026,MAGENTA,0.61,3,F,STOCK,Information Technology,F,T,375275000000,2008
6/2/2026,3:45:34 PM,PLTR,SWEEP,201,2.27,B,CALL,155,152.29500000000002,45627,6/5/2026,MAGENTA,0.62,3,F,STOCK,Information Technology,F,T,375275000000,5812
6/2/2026,3:45:34 PM,NVDA,SWEEP,216,4.55,B,CALL,220,221.89000000000001,98280,6/5/2026,WHITE,0.44,3,F,STOCK,Information Technology,F,T,5109588000000,33214
6/2/2026,3:45:33 PM,MSTR,BLOCK,366,0.43,B,PUT,117,136.74,15738,6/5/2026,YELLOW,1.18,3,F,STOCK,Information Technology,F,T,55752000000,287
6/2/2026,3:45:32 PM,MSFT,BLOCK,100,19.83,A,PUT,455,441.69,198300,6/18/2026,WHITE,0.33,16,F,STOCK,Information Technology,F,F,3344578000000,1529
6/2/2026,3:45:30 PM,MSTR,BLOCK,500,0.43,,PUT,117,136.725,21500,6/5/2026,YELLOW,1.18,3,F,STOCK,Information Technology,F,T,55752000000,287
6/2/2026,3:45:28 PM,TSLA,SWEEP,133,2.35,BB,PUT,417.5,422.355,31261,6/3/2026,MAGENTA,0.5,1,F,STOCK,Consumer Discretionary,F,T,1636707000000,1531
6/2/2026,3:45:26 PM,SPCE,BLOCK,235,0.83,B,CALL,5.5,4.705,19505,6/18/2026,MAGENTA,2.82,16,F,STOCK,Industrials,F,F,622000000,5231
6/2/2026,3:45:24 PM,QUBT,BLOCK,686,1.0,B,CALL,12,12.145,68600,6/12/2026,YELLOW,1.16,10,F,STOCK,Information Technology,F,F,2697000000,608
6/2/2026,3:45:22 PM,MSFT,BLOCK,100,19.89,A,PUT,455,441.54,198900,6/18/2026,WHITE,0.33,16,F,STOCK,Information Technology,F,F,3344578000000,1529
6/2/2026,3:45:21 PM,AMZN,SWEEP,169,2.357,AA,CALL,260,257.4577,39825,6/5/2026,MAGENTA,0.37,3,F,STOCK,Consumer Discretionary,F,T,2911304000000,1710
6/2/2026,3:45:20 PM,MSFT,BLOCK,973,0.67,,CALL,470,441.54,65191,6/5/2026,MAGENTA,0.48,3,F,STOCK,Information Technology,F,T,3344578000000,14932
6/2/2026,3:45:20 PM,PLCE,BLOCK,918,0.15,,CALL,5,3.665,13770,6/18/2026,WHITE,1.66,16,T,STOCK,Consumer Discretionary,F,F,92000000,3295
6/2/2026,3:45:19 PM,OPEN,BLOCK,500,0.69,B,CALL,10,5.4541,34500,11/20/2026,WHITE,1.13,171,F,STOCK,Real Estate,F,F,4862000000,5796
6/2/2026,3:45:19 PM,INTU,BLOCK,200,3.59,A,PUT,312.5,323.59000000000003,71800,6/5/2026,YELLOW,0.69,3,F,STOCK,Information Technology,F,T,90685000000,53
6/2/2026,3:45:19 PM,AAPL,SWEEP,100,1.26,A,CALL,320,315.03000000000003,12600,6/5/2026,MAGENTA,0.27,3,F,STOCK,Information Technology,F,T,4583336000000,26594
6/2/2026,3:45:19 PM,AAPL,SWEEP,150,1.7,A,CALL,315,315.029,25500,6/3/2026,MAGENTA,0.25,1,F,STOCK,Information Technology,F,T,4583336000000,9576
6/2/2026,3:45:18 PM,NVDA,BLOCK,295,14.1,A,CALL,220,221.84,415950,7/17/2026,WHITE,0.42,45,F,STOCK,Information Technology,F,F,5109588000000,84619
6/2/2026,3:45:18 PM,NVDA,BLOCK,150,5.8,B,PUT,175,221.84,87000,10/16/2026,WHITE,0.46,136,F,STOCK,Information Technology,F,F,5109588000000,6463
6/2/2026,3:45:17 PM,ORCL,BLOCK,500,35.0,A,CALL,250,243.72500000000002,1750000,9/18/2026,WHITE,0.7,108,F,STOCK,Information Technology,F,F,649353000000,8596
6/2/2026,3:45:14 PM,ANET,SWEEP,200,11.528,B,PUT,175,174.77,230560,7/2/2026,YELLOW,0.58,30,F,STOCK,Information Technology,F,F,200805000000,0
6/2/2026,3:45:13 PM,VALE,BLOCK,5000,0.43,B,PUT,16,16.885,215000,7/17/2026,YELLOW,0.35,45,F,STOCK,Materials,F,F,73758000000,4889
6/2/2026,3:45:13 PM,EOSE,SWEEP,200,0.54,A,CALL,10.5,9.605,10800,6/12/2026,MAGENTA,1.38,10,F,STOCK,Industrials,F,F,2862000000,1337
6/2/2026,3:45:12 PM,OPEN,BLOCK,500,0.69,B,CALL,10,5.45,34500,11/20/2026,WHITE,1.13,171,F,STOCK,Real Estate,F,F,4862000000,5796
6/2/2026,3:45:11 PM,UBER,SWEEP,155,2.039,,CALL,71,71.33500000000001,31600,6/12/2026,MAGENTA,0.39,10,F,STOCK,Information Technology,F,F,143306000000,244
6/2/2026,3:45:08 PM,GOOGL,BLOCK,500,1.89,A,CALL,380,362.97,94500,6/10/2026,YELLOW,0.34,8,F,STOCK,Communication Services,F,F,4608199000000,67
6/2/2026,3:45:06 PM,NVDA,SWEEP,529,0.92,BB,CALL,225,221.92000000000002,48673,6/3/2026,MAGENTA,0.45,1,F,STOCK,Information Technology,F,T,5109588000000,23319
6/2/2026,3:45:04 PM,NVDA,BLOCK,250,4.5,A,PUT,215,221.865,112500,6/18/2026,WHITE,0.41,16,F,STOCK,Information Technology,F,F,5109588000000,14675
6/2/2026,3:45:04 PM,JPM,SWEEP,132,5.45,B,PUT,285,301.61,71940,7/17/2026,WHITE,0.29,45,F,STOCK,Financials,F,F,802004000000,10776
6/2/2026,3:45:03 PM,NVDA,SWEEP,540,0.941,BB,CALL,225,221.86,50803,6/3/2026,MAGENTA,0.46,1,F,STOCK,Information Technology,F,T,5109588000000,23319
6/2/2026,3:45:00 PM,AAPL,SWEEP,100,8.725,B,CALL,310,314.9901,87250,6/12/2026,WHITE,0.28,10,F,STOCK,Information Technology,F,F,4583336000000,6498
6/2/2026,3:45:00 PM,QBTS,SWEEP,500,1.27,A,CALL,31,30.05,63500,6/5/2026,MAGENTA,1.54,3,F,STOCK,Information Technology,F,T,11149000000,2520
6/2/2026,3:44:59 PM,NFLX,BLOCK,245,0.85,B,PUT,83,83.415,20825,6/5/2026,MAGENTA,0.35,3,F,STOCK,Communication Services,F,T,362212000000,3191
6/2/2026,3:44:59 PM,EPD,BLOCK,285,0.43,B,CALL,42,37.58,12255,9/18/2026,MAGENTA,0.23,108,F,STOCK,Energy,F,F,79531000000,6517
6/2/2026,3:44:58 PM,TSLA,SWEEP,100,2.55,AA,CALL,427.5,422.46500000000003,25504,6/3/2026,MAGENTA,0.52,1,F,STOCK,Consumer Discretionary,F,T,1636707000000,1968
6/2/2026,3:44:57 PM,AMZN,SWEEP,2000,5.15,B,PUT,220,257.42,1030010,9/18/2026,WHITE,0.36,108,F,STOCK,Consumer Discretionary,F,F,2911304000000,8480
6/2/2026,3:44:56 PM,EOSE,BLOCK,1000,0.29,B,CALL,12.5,9.625,29000,6/18/2026,YELLOW,1.34,16,F,STOCK,Industrials,F,F,2862000000,682
6/2/2026,3:44:55 PM,MARA,SWEEP,500,0.44,B,CALL,20,14.247900000000001,22000,7/17/2026,WHITE,0.94,45,F,STOCK,Financials,F,F,5482000000,9135
6/2/2026,3:44:54 PM,HIMS,BLOCK,464,1.07,B,CALL,30,27.4936,49648,6/18/2026,WHITE,0.87,16,F,STOCK,Health Care,F,F,6052000000,20405
6/2/2026,3:44:54 PM,NU,BLOCK,1500,0.72,AA,CALL,13,11.83,108000,8/21/2026,MAGENTA,0.51,80,F,STOCK,Financials,F,F,63755000000,1520
6/2/2026,3:44:53 PM,MRVL,BLOCK,200,17.75,B,PUT,280,287.325,355000,6/12/2026,YELLOW,1.14,10,F,STOCK,Information Technology,F,F,183952000000,0
6/2/2026,3:44:51 PM,TSLA,SWEEP,150,1.652,B,PUT,415,422.36,24777,6/3/2026,MAGENTA,0.5,1,F,STOCK,Consumer Discretionary,F,T,1636707000000,2086
6/2/2026,3:44:51 PM,CRWV,BLOCK,200,0.63,B,CALL,136,120.06,12600,6/5/2026,MAGENTA,1.09,3,F,STOCK,Information Technology,F,T,49022000000,755
6/2/2026,3:44:49 PM,AMD,BLOCK,200,24.25,A,CALL,520,518.025,485000,6/12/2026,MAGENTA,0.73,10,F,STOCK,Information Technology,F,F,841553000000,846
6/2/2026,3:44:48 PM,FCEL,BLOCK,150,1.55,B,CALL,35,25.03,23250,6/18/2026,WHITE,2.04,16,T,STOCK,Industrials,F,F,1147000000,2400
6/2/2026,3:44:46 PM,CSCO,BLOCK,200,2.4,A,CALL,128,127.74000000000001,48000,6/5/2026,MAGENTA,0.55,3,F,STOCK,Information Technology,F,T,474627000000,4089
6/2/2026,3:44:45 PM,CLS,BLOCK,200,23.47,B,PUT,430,469.79,469400,7/2/2026,YELLOW,0.79,30,F,STOCK,Information Technology,F,F,44309000000,0
6/2/2026,3:44:43 PM,NVDA,BLOCK,150,11.6,,CALL,220,221.97,174000,7/2/2026,WHITE,0.41,30,F,STOCK,Information Technology,F,F,5109588000000,3409
6/2/2026,3:44:38 PM,INTC,SWEEP,200,0.75,B,CALL,150,107.155,15000,6/18/2026,MAGENTA,1.04,16,F,STOCK,Information Technology,F,F,576381000000,42093
6/2/2026,3:44:36 PM,LEN,BLOCK,226,2.6,B,CALL,100,90.7628,58760,7/17/2026,WHITE,0.46,45,F,STOCK,Consumer Discretionary,F,F,22174000000,992
6/2/2026,3:44:32 PM,JPM,SWEEP,236,5.45,B,PUT,285,301.425,128620,7/17/2026,WHITE,0.29,45,F,STOCK,Financials,F,F,802004000000,10776
6/2/2026,3:44:30 PM,AMD,BLOCK,90,1.7,B,PUT,465,518.12,15300,6/5/2026,WHITE,0.9,3,F,STOCK,Information Technology,F,T,841553000000,2507
6/2/2026,3:44:30 PM,NVDA,BLOCK,200,4.45,,CALL,250,221.97,89000,7/17/2026,WHITE,0.43,45,F,STOCK,Information Technology,F,F,5109588000000,55883
6/2/2026,3:44:25 PM,AAPL,SWEEP,1853,0.06,A,CALL,325,315.11,11118,6/3/2026,MAGENTA,0.31,1,F,STOCK,Information Technology,F,T,4583336000000,2285
6/2/2026,3:44:21 PM,PCG,BLOCK,5000,0.16,B,CALL,17,16.6611,80000,6/5/2026,YELLOW,0.49,3,F,STOCK,Utilities,F,T,43790000000,1181
6/2/2026,3:44:18 PM,MU,BLOCK,104,40.754,BB,CALL,1070,1069.1383,423840,6/5/2026,MAGENTA,1.06,3,F,STOCK,Information Technology,F,T,1095029000000,749
6/2/2026,3:44:17 PM,TSLA,BLOCK,150,1.12,A,CALL,450,422.35,16804,6/5/2026,MAGENTA,0.56,3,F,STOCK,Consumer Discretionary,F,T,1636707000000,13389
6/2/2026,3:44:17 PM,TSLA,SWEEP,124,1.64,,PUT,415,422.356,20336,6/3/2026,MAGENTA,0.5,1,F,STOCK,Consumer Discretionary,F,T,1636707000000,2086
6/2/2026,3:44:16 PM,TSLA,SWEEP,400,1.91,B,CALL,430,422.26,76418,6/3/2026,MAGENTA,0.54,1,F,STOCK,Consumer Discretionary,F,T,1636707000000,6432
6/2/2026,3:44:14 PM,CGEM,BLOCK,200,1.15,A,PUT,13,15.540000000000001,23000,6/18/2026,YELLOW,1.86,16,F,STOCK,Health Care,F,F,1010000000,27
6/2/2026,3:44:14 PM,AI,BLOCK,1505,0.74,B,CALL,12.5,11.235000000000001,111370,6/18/2026,WHITE,1.28,16,T,STOCK,Information Technology,F,F,1564000000,4082
6/2/2026,3:44:13 PM,ODD,BLOCK,228,1.1,A,CALL,9,9.775,25080,6/12/2026,YELLOW,1.02,10,T,STOCK,Information Technology,F,F,777000000,3
6/2/2026,3:44:11 PM,NVDA,SWEEP,1050,4.6,B,CALL,230,222.05,483000,6/18/2026,WHITE,0.42,16,F,STOCK,Information Technology,F,F,5109588000000,81340
6/2/2026,3:44:07 PM,TSLA,SWEEP,112,1.95,B,CALL,495,422.53000000000003,21840,6/18/2026,WHITE,0.54,16,F,STOCK,Consumer Discretionary,F,F,1636707000000,11899
6/2/2026,3:44:07 PM,TEAM,SWEEP,250,1.375,AA,PUT,103,109.10000000000001,34386,6/5/2026,YELLOW,0.95,3,F,STOCK,Information Technology,F,T,27307000000,48
6/2/2026,3:44:05 PM,EOSE,BLOCK,200,0.84,,PUT,9,9.6209,16800,6/26/2026,WHITE,1.19,24,F,STOCK,Industrials,F,F,2862000000,251
6/2/2026,3:44:01 PM,GME,SWEEP,200,0.556,A,CALL,25,20.945,11118,7/17/2026,WHITE,0.6,45,T,STOCK,Consumer Discretionary,F,F,9503000000,18236
6/2/2026,3:44:00 PM,PANW,SWEEP,155,12.176,A,PUT,275,296.64,188734,6/18/2026,YELLOW,0.9,16,T,STOCK,Information Technology,F,F,229859000000,118
6/2/2026,3:44:00 PM,OPEN,SWEEP,400,0.69,B,CALL,10,5.46,27600,11/20/2026,WHITE,1.13,171,F,STOCK,Real Estate,F,F,4862000000,5796
6/2/2026,3:43:58 PM,PFE,SWEEP,200,0.95,B,CALL,26,25.605,19000,8/21/2026,WHITE,0.26,80,F,STOCK,Health Care,F,F,149211000000,31733
6/2/2026,3:43:57 PM,TSLA,SWEEP,177,4.65,B,CALL,422.5,422.78000000000003,82310,6/3/2026,MAGENTA,0.51,1,F,STOCK,Consumer Discretionary,F,T,1636707000000,2734
6/2/2026,3:43:56 PM,TSLA,SWEEP,101,2.26,A,PUT,417.5,422.77000000000004,22826,6/3/2026,MAGENTA,0.5,1,F,STOCK,Consumer Discretionary,F,T,1636707000000,1531
6/2/2026,3:43:54 PM,KKR,SWEEP,441,0.899,A,PUT,93,95.33,39665,6/5/2026,WHITE,0.54,3,F,STOCK,Financials,F,T,86141000000,832
6/2/2026,3:43:54 PM,AAPL,SWEEP,424,2.78,BB,PUT,305,315.02000000000004,117869,6/18/2026,WHITE,0.26,16,F,STOCK,Information Technology,F,F,4583336000000,5506
6/2/2026,3:43:53 PM,PLTR,SWEEP,200,1.05,A,CALL,160,152.46,21000,6/5/2026,MAGENTA,0.64,3,F,STOCK,Information Technology,F,T,375275000000,30213
6/2/2026,3:43:51 PM,META,SWEEP,125,3.6,A,PUT,520,600.3050000000001,45000,7/17/2026,WHITE,0.34,45,F,STOCK,Communication Services,F,F,1599968000000,3554
6/2/2026,3:43:51 PM,OKLO,SWEEP,789,0.8,B,PUT,65,73.28,63120,6/5/2026,WHITE,1.4,3,F,STOCK,Utilities,F,T,11636000000,11669
6/2/2026,3:43:50 PM,APLD,BLOCK,170,4.05,B,CALL,50,48.074200000000005,68850,6/26/2026,WHITE,0.98,24,F,STOCK,Information Technology,F,F,13511000000,753
6/2/2026,3:43:48 PM,AAPL,SWEEP,110,17.364,A,CALL,300,315.02500000000003,191000,6/18/2026,WHITE,0.28,16,F,STOCK,Information Technology,F,F,4583336000000,42228
6/2/2026,3:43:48 PM,MU,SWEEP,106,11.443,A,CALL,1170,1069.82,121300,6/5/2026,MAGENTA,1.11,3,F,STOCK,Information Technology,F,T,1095029000000,809
6/2/2026,3:43:47 PM,INTC,SWEEP,3543,0.18,A,CALL,195,107.0801,63774,6/18/2026,WHITE,1.29,16,F,STOCK,Information Technology,F,F,576381000000,23489
6/2/2026,3:43:47 PM,PFE,BLOCK,184,1.31,B,CALL,26,25.605,24104,10/16/2026,WHITE,0.27,136,F,STOCK,Health Care,F,F,149211000000,1143
6/2/2026,3:43:47 PM,ONDS,SWEEP,150,1.64,A,CALL,15,13.718300000000001,24600,7/17/2026,WHITE,1.1,45,F,STOCK,Information Technology,F,F,6638000000,26731
6/2/2026,3:43:46 PM,NVDA,SWEEP,190,15.0,B,CALL,230,222.02,285000,8/21/2026,WHITE,0.43,80,F,STOCK,Information Technology,F,F,5109588000000,25241
6/2/2026,3:43:46 PM,TSLA,BLOCK,167,2.731,BB,CALL,427.5,422.6902,45600,6/3/2026,MAGENTA,0.53,1,F,STOCK,Consumer Discretionary,F,T,1636707000000,1968
6/2/2026,3:43:45 PM,MRVL,BLOCK,300,6.05,B,PUT,220,287.09000000000003,181500,7/2/2026,YELLOW,0.96,30,F,STOCK,Information Technology,F,F,183952000000,86
6/2/2026,3:43:45 PM,RGTI,SWEEP,199,1.588,AA,CALL,34,26.925,31601,6/26/2026,YELLOW,1.36,24,F,STOCK,Information Technology,F,F,8489000000,28
6/2/2026,3:43:44 PM,NOK,SWEEP,200,1.0,A,CALL,17,16.865000000000002,20000,6/12/2026,MAGENTA,0.95,10,F,STOCK,Information Technology,F,F,85214000000,7003
6/2/2026,3:43:43 PM,MSFT,BLOCK,200,1.02,B,PUT,422.5,441.72,20400,6/5/2026,WHITE,0.43,3,F,STOCK,Information Technology,F,T,3344578000000,841
6/2/2026,3:43:43 PM,GOOG,BLOCK,297,13.5,B,CALL,390,359.6343,400950,8/21/2026,WHITE,0.36,80,F,STOCK,Communication Services,F,F,4560826000000,1941
6/2/2026,3:43:43 PM,GOOGL,BLOCK,100,87.7,B,CALL,400,362.79,877000,12/15/2028,WHITE,0.41,927,F,STOCK,Communication Services,F,F,4608199000000,3322
6/2/2026,3:43:43 PM,NVDA,BLOCK,150,5.6,B,CALL,240,222.02,84000,7/10/2026,MAGENTA,0.42,38,F,STOCK,Information Technology,F,F,5109588000000,523
6/2/2026,3:43:41 PM,NOW,SWEEP,288,6.7,A,CALL,220,128.09,192960,12/18/2026,WHITE,0.7,199,F,STOCK,Information Technology,F,F,128225000000,402
6/2/2026,3:43:37 PM,HIMS,BLOCK,333,1.07,B,CALL,30,27.48,35631,6/18/2026,WHITE,0.87,16,F,STOCK,Health Care,F,F,6052000000,20405
6/2/2026,3:43:32 PM,CAT,SWEEP,249,2.53,A,PUT,815,909.7900000000001,62997,6/12/2026,MAGENTA,0.48,10,F,STOCK,Industrials,F,F,403418000000,340
6/2/2026,3:43:31 PM,OMER,SWEEP,190,0.9,A,PUT,9,10.41,17096,7/17/2026,YELLOW,1.12,45,F,STOCK,Health Care,F,F,799000000,39
6/2/2026,3:43:30 PM,ORCL,BLOCK,500,20.05,A,CALL,280,244.07000000000002,1002500,8/21/2026,WHITE,0.71,80,F,STOCK,Information Technology,F,F,649353000000,2580
6/2/2026,3:43:29 PM,CAT,SWEEP,126,2.519,AA,PUT,815,909.7900000000001,31742,6/12/2026,WHITE,0.48,10,F,STOCK,Industrials,F,F,403418000000,340
6/2/2026,3:43:27 PM,ACHR,BLOCK,300,1.81,,CALL,7,6.8132,54300,1/15/2027,WHITE,0.87,227,F,STOCK,Industrials,F,F,5172000000,30338
6/2/2026,3:43:25 PM,GOOG,BLOCK,100,15.55,B,CALL,450,359.84000000000003,155500,1/15/2027,WHITE,0.36,227,F,STOCK,Communication Services,F,F,4560826000000,5551
6/2/2026,3:43:24 PM,CRWV,BLOCK,250,5.65,A,CALL,130,119.85000000000001,141250,6/18/2026,WHITE,0.95,16,F,STOCK,Information Technology,F,F,49022000000,58116
6/2/2026,3:43:23 PM,PFE,SWEEP,300,0.95,A,CALL,26,25.615000000000002,28500,8/21/2026,WHITE,0.26,80,F,STOCK,Health Care,F,F,149211000000,31733
6/2/2026,3:43:21 PM,MU,SWEEP,211,11.005,A,CALL,1170,1068.575,232199,6/5/2026,WHITE,1.1,3,F,STOCK,Information Technology,F,T,1095029000000,809
6/2/2026,3:43:19 PM,NVDA,SWEEP,177,0.98,A,CALL,225,222.0798,17346,6/3/2026,MAGENTA,0.46,1,F,STOCK,Information Technology,F,T,5109588000000,23319
6/2/2026,3:43:18 PM,MSTR,BLOCK,200,25.85,A,PUT,160,136.185,517000,6/18/2026,WHITE,0.8,16,F,STOCK,Information Technology,F,F,55752000000,5611
6/2/2026,3:43:17 PM,LAES,BLOCK,200,0.9,,CALL,4.5,3.7350000000000003,18000,1/15/2027,WHITE,0.97,227,F,STOCK,Information Technology,F,F,671000000,7913
6/2/2026,3:43:17 PM,AAPL,SWEEP,209,37.95,A,CALL,280,314.92,793150,7/17/2026,WHITE,0.31,45,F,STOCK,Information Technology,F,F,4583336000000,40154
6/2/2026,3:43:16 PM,TSLA,SWEEP,200,1.23,A,CALL,450,423.03000000000003,24600,6/5/2026,MAGENTA,0.56,3,F,STOCK,Consumer Discretionary,F,T,1636707000000,13389
6/2/2026,3:43:15 PM,BTBT,SWEEP,624,0.51,,CALL,2.5,1.98,31824,1/15/2027,WHITE,1.07,227,F,STOCK,Financials,F,F,705000000,13097
6/2/2026,3:43:13 PM,META,BLOCK,175,3.65,A,PUT,520,600.3431,63875,7/17/2026,WHITE,0.34,45,F,STOCK,Communication Services,F,F,1599968000000,3554
6/2/2026,3:43:12 PM,AAPL,BLOCK,110,26.35,A,CALL,290,314.90000000000003,289850,6/18/2026,WHITE,0.33,16,F,STOCK,Information Technology,F,F,4583336000000,25527
6/2/2026,3:43:12 PM,META,BLOCK,76,3.15,A,CALL,617.5,600.3050000000001,23940,6/5/2026,WHITE,0.42,3,F,STOCK,Communication Services,F,T,1599968000000,804
6/2/2026,3:43:09 PM,GOOG,BLOCK,500,4.14,A,CALL,370,360,207000,6/12/2026,YELLOW,0.34,10,F,STOCK,Communication Services,F,F,4560826000000,301
6/2/2026,3:43:08 PM,NVDA,SWEEP,202,0.98,BB,CALL,225,222,19794,6/3/2026,MAGENTA,0.46,1,F,STOCK,Information Technology,F,T,5109588000000,23319
6/2/2026,3:43:07 PM,NVDA,SWEEP,253,1.83,B,CALL,222.5,222.005,46299,6/3/2026,MAGENTA,0.44,1,F,STOCK,Information Technology,F,T,5109588000000,7335
6/2/2026,3:43:07 PM,CMPS,SWEEP,500,4.6,B,CALL,10,13.4,230000,8/21/2026,WHITE,1.17,80,F,STOCK,Health Care,F,F,1762000000,1572
6/2/2026,3:43:07 PM,MSTR,SWEEP,158,6.35,B,PUT,139,136.06,100330,6/5/2026,WHITE,0.96,3,F,STOCK,Information Technology,F,T,55752000000,5038
6/2/2026,3:43:06 PM,TSLA,BLOCK,548,1.16,B,CALL,435,423.4508,63568,6/3/2026,MAGENTA,0.55,1,F,STOCK,Consumer Discretionary,F,T,1636707000000,4549
6/2/2026,3:43:06 PM,F,BLOCK,545,0.82,B,CALL,16,16.305,44690,6/18/2026,WHITE,0.49,16,F,STOCK,Consumer Discretionary,F,F,69493000000,23571
6/2/2026,3:43:06 PM,TSLA,SWEEP,416,1.144,AA,CALL,435,423.47,47594,6/3/2026,MAGENTA,0.54,1,F,STOCK,Consumer Discretionary,F,T,1636707000000,4549
6/2/2026,3:43:01 PM,SPCE,BLOCK,186,0.9,A,CALL,5,4.7101,16740,6/18/2026,MAGENTA,2.59,16,F,STOCK,Industrials,F,F,622000000,17463
6/2/2026,3:43:01 PM,MSTR,SWEEP,500,1.04,A,PUT,100,136.085,52000,6/18/2026,MAGENTA,1.08,16,F,STOCK,Information Technology,F,F,55752000000,14913
6/2/2026,3:43:00 PM,NVDA,SWEEP,150,1.17,B,PUT,220,222.05,17553,6/3/2026,MAGENTA,0.44,1,F,STOCK,Information Technology,F,T,5109588000000,5677
6/2/2026,3:42:57 PM,OKLO,SWEEP,162,0.8,B,PUT,65,73.29,12960,6/5/2026,WHITE,1.4,3,F,STOCK,Utilities,F,T,11636000000,11669
6/2/2026,3:42:56 PM,MU,BLOCK,100,131.47,B,PUT,1050,1068.06,1314700,7/17/2026,WHITE,0.96,45,F,STOCK,Information Technology,F,F,1095029000000,570
6/2/2026,3:42:56 PM,NVDA,SWEEP,186,0.24,A,PUT,215,222.04000000000002,4464,6/3/2026,MAGENTA,0.47,1,F,STOCK,Information Technology,F,T,5109588000000,6553
6/2/2026,3:42:55 PM,NVDA,BLOCK,416,0.57,B,CALL,250,222.07850000000002,23712,6/12/2026,WHITE,0.48,10,F,STOCK,Information Technology,F,F,5109588000000,19497
6/2/2026,3:42:54 PM,NVDA,SWEEP,500,0.6,B,CALL,235,222.115,30000,6/5/2026,MAGENTA,0.52,3,F,STOCK,Information Technology,F,T,5109588000000,24309
6/2/2026,3:42:53 PM,NOK,SWEEP,500,2.75,,CALL,20,16.865000000000002,137500,10/16/2026,WHITE,0.92,136,F,STOCK,Information Technology,F,F,85214000000,9048
6/2/2026,3:42:49 PM,FRMI,SWEEP,627,1.9,B,CALL,10,6.62,119130,1/15/2027,WHITE,1.33,227,F,STOCK,Real Estate,F,F,4450000000,1866
6/2/2026,3:42:49 PM,TSLA,BLOCK,100,23.0,A,PUT,445,423.49,230000,6/5/2026,MAGENTA,0.52,3,F,STOCK,Consumer Discretionary,F,T,1636707000000,2367
6/2/2026,3:42:48 PM,TSLA,SWEEP,100,4.95,B,CALL,450,423.46000000000004,49500,6/12/2026,WHITE,0.5,10,F,STOCK,Consumer Discretionary,F,F,1636707000000,5952
6/2/2026,3:42:47 PM,AVGO,BLOCK,734,1.0,B,CALL,630,476.90500000000003,73400,6/5/2026,YELLOW,1.65,3,T,STOCK,Information Technology,F,T,2115307000000,152
6/2/2026,3:42:45 PM,TSLA,SWEEP,105,3.764,B,CALL,425,423.47,39526,6/3/2026,MAGENTA,0.5,1,F,STOCK,Consumer Discretionary,F,T,1636707000000,4434
6/2/2026,3:42:44 PM,BMNR,BLOCK,300,0.44,A,CALL,18,17.7398,13200,6/5/2026,MAGENTA,0.86,3,F,STOCK,Financials,F,T,10975000000,1182
6/2/2026,3:42:43 PM,TSLA,SWEEP,410,3.8,A,CALL,425,423.41,155790,6/3/2026,MAGENTA,0.51,1,F,STOCK,Consumer Discretionary,F,T,1636707000000,4434
6/2/2026,3:42:43 PM,AMZN,BLOCK,250,5.06,A,CALL,262.5,257.8451,126500,6/18/2026,WHITE,0.32,16,F,STOCK,Consumer Discretionary,F,F,2911304000000,2239
6/2/2026,3:42:43 PM,TSLA,SWEEP,234,4.995,AA,CALL,422.5,423.36,116880,6/3/2026,MAGENTA,0.51,1,F,STOCK,Consumer Discretionary,F,T,1636707000000,2734
6/2/2026,3:42:42 PM,FRMI,SWEEP,673,1.95,,CALL,10,6.625,131235,1/15/2027,WHITE,1.36,227,F,STOCK,Real Estate,F,F,4450000000,1866
6/2/2026,3:42:42 PM,TSLA,SWEEP,110,7.4,A,CALL,440,423.41,81400,6/12/2026,WHITE,0.49,10,F,STOCK,Consumer Discretionary,F,F,1636707000000,3468
6/2/2026,3:42:42 PM,TSLA,BLOCK,101,8.3,A,CALL,422.5,423.41,83826,6/5/2026,MAGENTA,0.51,3,F,STOCK,Consumer Discretionary,F,T,1636707000000,2060
6/2/2026,3:42:40 PM,GTLB,BLOCK,200,1.02,B,PUT,27,31.785,20400,6/5/2026,MAGENTA,2.63,3,T,STOCK,Information Technology,F,T,5281000000,309
6/2/2026,3:42:39 PM,AI,SWEEP,734,0.74,A,CALL,12.5,11.255,54316,6/18/2026,WHITE,1.28,16,T,STOCK,Information Technology,F,F,1564000000,4082
6/2/2026,3:42:38 PM,TECK,SWEEP,200,5.57,A,CALL,75,70.81,111400,8/21/2026,WHITE,0.54,80,F,STOCK,Materials,F,F,32391000000,2803
6/2/2026,3:42:36 PM,STM,BLOCK,1500,5.3,A,CALL,90,79.5711,795000,7/17/2026,YELLOW,0.81,45,F,STOCK,Information Technology,F,F,62252000000,149
6/2/2026,3:42:35 PM,AA,SWEEP,500,2.426,B,CALL,105,84.07000000000001,121280,7/17/2026,YELLOW,0.71,45,F,STOCK,Materials,F,F,20488000000,72
6/2/2026,3:42:35 PM,PGY,SWEEP,300,0.7,,CALL,16,15.165000000000001,21000,6/18/2026,WHITE,0.81,16,F,STOCK,Financials,F,F,1253000000,1429
6/2/2026,3:42:33 PM,NVDA,SWEEP,760,0.31,B,CALL,230,222.4497,23560,6/3/2026,MAGENTA,0.51,1,F,STOCK,Information Technology,F,T,5109588000000,19163
6/2/2026,3:42:32 PM,TE,SWEEP,250,1.65,B,CALL,12,12.155000000000001,41250,6/18/2026,WHITE,1.56,16,F,STOCK,Industrials,F,F,2949000000,5907
6/2/2026,3:42:30 PM,NVDA,SWEEP,500,0.29,A,CALL,240,222.44,14500,6/5/2026,MAGENTA,0.54,3,F,STOCK,Information Technology,F,T,5109588000000,32362
6/2/2026,3:42:30 PM,TSLA,SWEEP,502,2.129,AA,CALL,430,423.216,106859,6/3/2026,MAGENTA,0.53,1,F,STOCK,Consumer Discretionary,F,T,1636707000000,6432
6/2/2026,3:42:30 PM,SMR,BLOCK,200,1.35,A,CALL,23,14.2186,27000,8/21/2026,WHITE,1.31,80,F,STOCK,Industrials,F,F,4630000000,626
6/2/2026,3:42:29 PM,NVDA,BLOCK,500,1.28,B,CALL,230,222.45000000000002,64000,6/5/2026,MAGENTA,0.48,3,F,STOCK,Information Technology,F,T,5109588000000,48407
6/2/2026,3:42:27 PM,FRMI,BLOCK,520,0.26,B,PUT,6.5,6.61,13522,6/5/2026,MAGENTA,1.32,3,F,STOCK,Real Estate,F,T,4450000000,1258
6/2/2026,3:42:22 PM,ONDS,SWEEP,400,0.73,A,CALL,13.5,13.71,29200,6/5/2026,WHITE,1.26,3,F,STOCK,Information Technology,F,T,6638000000,10352
6/2/2026,3:42:22 PM,NFLX,BLOCK,200,0.55,B,CALL,85,83.50880000000001,11000,6/5/2026,MAGENTA,0.37,3,F,STOCK,Communication Services,F,T,362212000000,2146
6/2/2026,3:42:18 PM,TSLA,BLOCK,100,1.19,A,CALL,450,423.02000000000004,11900,6/5/2026,MAGENTA,0.56,3,F,STOCK,Consumer Discretionary,F,T,1636707000000,13389
6/2/2026,3:42:15 PM,TSLA,SWEEP,116,3.67,B,CALL,425,423.04,42572,6/3/2026,MAGENTA,0.52,1,F,STOCK,Consumer Discretionary,F,T,1636707000000,4434
6/2/2026,3:42:14 PM,NVDA,BLOCK,500,1.26,B,CALL,230,222.3683,63000,6/5/2026,MAGENTA,0.48,3,F,STOCK,Information Technology,F,T,5109588000000,48407
6/2/2026,3:42:14 PM,IONQ,SWEEP,250,1.05,B,CALL,91,71.855,26250,6/12/2026,WHITE,1.25,10,F,STOCK,Information Technology,F,F,26901000000,252
6/2/2026,3:42:14 PM,ASTS,BLOCK,900,0.21,B,PUT,90,118.35000000000001,18898,6/5/2026,WHITE,1.66,3,F,STOCK,Information Technology,F,T,44017000000,6276
6/2/2026,3:42:12 PM,INFQ,BLOCK,450,1.16,A,CALL,25,20.5,52200,6/18/2026,WHITE,1.51,16,F,STOCK,None,F,F,3539000000,5675
6/2/2026,3:42:11 PM,SMR,SWEEP,170,0.83,A,CALL,14,14.22,14110,6/5/2026,MAGENTA,1.4,3,F,STOCK,Industrials,F,T,4630000000,4954
6/2/2026,3:42:09 PM,AMZN,SWEEP,365,0.68,B,CALL,267.5,257.77,24820,6/5/2026,MAGENTA,0.38,3,F,STOCK,Consumer Discretionary,F,T,2911304000000,2343
6/2/2026,3:42:09 PM,TSLA,SWEEP,139,1.1,A,CALL,435,423.29,15287,6/3/2026,MAGENTA,0.54,1,F,STOCK,Consumer Discretionary,F,T,1636707000000,4549
6/2/2026,3:42:09 PM,TSLA,SWEEP,251,68.1,A,PUT,450,423.29,1709308,11/20/2026,WHITE,0.49,171,F,STOCK,Consumer Discretionary,F,F,1636707000000,849
6/2/2026,3:42:09 PM,TSLA,SWEEP,100,1.2,B,CALL,450,423.29,12000,6/5/2026,MAGENTA,0.55,3,F,STOCK,Consumer Discretionary,F,T,1636707000000,13389
6/2/2026,3:42:09 PM,TSLA,SWEEP,130,65.05,A,PUT,445,423.29,845650,11/20/2026,WHITE,0.49,171,F,STOCK,Consumer Discretionary,F,F,1636707000000,358
6/2/2026,3:42:09 PM,TSLA,SWEEP,661,62.05,A,PUT,440,423.29,4101505,11/20/2026,YELLOW,0.48,171,F,STOCK,Consumer Discretionary,F,F,1636707000000,234
6/2/2026,3:42:07 PM,RGTI,BLOCK,193,0.62,,CALL,35,26.8701,11966,6/12/2026,WHITE,1.55,10,F,STOCK,Information Technology,F,F,8489000000,1914
6/2/2026,3:42:06 PM,RGTI,SWEEP,500,0.62,A,CALL,35,26.87,31000,6/12/2026,WHITE,1.55,10,F,STOCK,Information Technology,F,F,8489000000,1914
6/2/2026,3:42:05 PM,NVDA,SWEEP,248,3.351,B,CALL,285,222.32500000000002,83093,8/21/2026,WHITE,0.45,80,F,STOCK,Information Technology,F,F,5109588000000,4174
6/2/2026,3:42:04 PM,WULF,BLOCK,251,1.64,,PUT,25.5,26.19,41164,6/18/2026,WHITE,0.92,16,F,STOCK,Financials,F,F,12665000000,625
6/2/2026,3:42:03 PM,TSM,BLOCK,200,20.332,B,PUT,440,445.785,406642,7/2/2026,YELLOW,0.46,30,F,STOCK,Information Technology,F,F,2167571000000,113
6/2/2026,3:42:03 PM,SHEL,BLOCK,350,0.39,A,CALL,115,86.785,13650,9/18/2026,WHITE,0.32,108,F,STOCK,Energy,F,F,235833000000,616
6/2/2026,3:42:02 PM,RGTI,SWEEP,500,0.62,A,CALL,35,26.905,31000,6/12/2026,WHITE,1.55,10,F,STOCK,Information Technology,F,F,8489000000,1914
6/2/2026,3:42:02 PM,NVDA,BLOCK,150,8.83,B,CALL,250,222.36,132450,8/21/2026,WHITE,0.44,80,F,STOCK,Information Technology,F,F,5109588000000,31777
6/2/2026,3:41:59 PM,TSLA,SWEEP,114,4.792,A,CALL,422.5,423.3,54632,6/3/2026,MAGENTA,0.49,1,F,STOCK,Consumer Discretionary,F,T,1636707000000,2734
6/2/2026,3:41:56 PM,NOW,BLOCK,300,15.2,A,CALL,135,128.205,456000,8/21/2026,MAGENTA,0.74,80,F,STOCK,Information Technology,F,F,128225000000,2274
6/2/2026,3:41:56 PM,TSLA,SWEEP,400,7.748,A,CALL,500,423.21000000000004,309935,7/17/2026,WHITE,0.5,45,F,STOCK,Consumer Discretionary,F,F,1636707000000,23084
6/2/2026,3:41:56 PM,TSLA,BLOCK,200,12.75,B,CALL,425,423.21000000000004,255000,6/12/2026,MAGENTA,0.48,10,F,STOCK,Consumer Discretionary,F,F,1636707000000,3038
6/2/2026,3:41:56 PM,TSLA,SWEEP,101,15.95,A,CALL,425,423.1601,161095,6/18/2026,WHITE,0.47,16,F,STOCK,Consumer Discretionary,F,F,1636707000000,10037
6/2/2026,3:41:56 PM,MU,SWEEP,102,40.719,A,CALL,1065,1066.1200000000001,415333,6/5/2026,MAGENTA,1.04,3,F,STOCK,Information Technology,F,T,1095029000000,346
6/2/2026,3:41:56 PM,TSLA,SWEEP,106,3.599,BB,CALL,435,423.22,38152,6/5/2026,WHITE,0.52,3,F,STOCK,Consumer Discretionary,F,T,1636707000000,7193
6/2/2026,3:41:55 PM,HD,BLOCK,214,21.4,B,CALL,330,311.59000000000003,457960,1/15/2027,WHITE,0.3,227,F,STOCK,Consumer Discretionary,F,F,316225000000,926
6/2/2026,3:41:53 PM,NVDA,SWEEP,500,4.95,B,CALL,220,222.465,247500,6/5/2026,WHITE,0.44,3,F,STOCK,Information Technology,F,T,5109588000000,33214
6/2/2026,3:41:52 PM,MU,BLOCK,100,127.0,A,CALL,945,1065.855,1270000,6/5/2026,WHITE,1.12,3,F,STOCK,Information Technology,F,T,1095029000000,676
6/2/2026,3:41:51 PM,KEEL,SWEEP,160,1.48,A,PUT,5.5,6.1450000000000005,23680,11/20/2026,YELLOW,1.18,171,F,STOCK,Information Technology,F,F,3424000000,78
6/2/2026,3:41:50 PM,TSLA,BLOCK,304,4.01,BB,PUT,415,423.21000000000004,121905,6/5/2026,MAGENTA,0.49,3,F,STOCK,Consumer Discretionary,F,T,1636707000000,3388
6/2/2026,3:41:50 PM,TSLA,BLOCK,125,1.15,AA,CALL,450,423.21000000000004,14376,6/5/2026,MAGENTA,0.55,3,F,STOCK,Consumer Discretionary,F,T,1636707000000,13389
6/2/2026,3:41:49 PM,TSLA,SWEEP,115,4.641,AA,CALL,422.5,423.21000000000004,53369,6/3/2026,MAGENTA,0.48,1,F,STOCK,Consumer Discretionary,F,T,1636707000000,2734
6/2/2026,3:41:48 PM,ET,SWEEP,1240,0.811,B,CALL,20,19.4768,100525,10/16/2026,WHITE,0.25,136,F,STOCK,Energy,F,F,65967000000,8742
6/2/2026,3:41:48 PM,TSLA,SWEEP,343,4.598,A,CALL,422.5,423.21000000000004,157700,6/3/2026,MAGENTA,0.48,1,F,STOCK,Consumer Discretionary,F,T,1636707000000,2734
6/2/2026,3:41:48 PM,META,SWEEP,88,1.63,B,PUT,580,600.32,14345,6/5/2026,WHITE,0.38,3,F,STOCK,Communication Services,F,T,1599968000000,2592
6/2/2026,3:41:48 PM,MU,BLOCK,400,26.2,A,CALL,1100,1065.46,1048000,6/5/2026,MAGENTA,1.05,3,F,STOCK,Information Technology,F,T,1095029000000,7773
6/2/2026,3:41:47 PM,NOW,SWEEP,300,15.2,A,CALL,135,128.225,456000,8/21/2026,MAGENTA,0.74,80,F,STOCK,Information Technology,F,F,128225000000,2274
6/2/2026,3:41:47 PM,NVDA,SWEEP,500,4.95,B,CALL,220,222.49,247500,6/5/2026,WHITE,0.44,3,F,STOCK,Information Technology,F,T,5109588000000,33214
6/2/2026,3:41:45 PM,FIGR,BLOCK,200,1.5,A,CALL,36,31.900000000000002,30000,7/2/2026,YELLOW,0.8,30,F,STOCK,Financials,F,F,6455000000,112
6/2/2026,3:41:44 PM,TXN,SWEEP,150,8.297,,PUT,285,303.985,124455,7/2/2026,YELLOW,0.48,30,F,STOCK,Information Technology,F,F,278197000000,7
6/2/2026,3:41:43 PM,DVN,SWEEP,1500,0.49,B,CALL,55,46.365,73500,7/17/2026,WHITE,0.43,45,F,STOCK,Energy,F,F,27646000000,30688
6/2/2026,3:41:42 PM,TSLA,SWEEP,106,12.002,B,PUT,415,422.955312,127218,6/18/2026,WHITE,0.45,16,F,STOCK,Consumer Discretionary,F,F,1636707000000,4372
6/2/2026,3:41:41 PM,TSLA,BLOCK,200,16.2,A,CALL,500,422.96500000000003,324000,8/21/2026,WHITE,0.51,80,F,STOCK,Consumer Discretionary,F,F,1636707000000,10871
6/2/2026,3:41:41 PM,NVDA,BLOCK,500,1.12,B,CALL,225,222.49,56000,6/3/2026,MAGENTA,0.46,1,F,STOCK,Information Technology,F,T,5109588000000,23319
6/2/2026,3:41:40 PM,GOOGL,SWEEP,200,3.25,,PUT,360,363.0901,65000,6/5/2026,MAGENTA,0.36,3,F,STOCK,Communication Services,F,T,4608199000000,2820
6/2/2026,3:41:39 PM,OXY,BLOCK,700,1.34,A,CALL,65,59.260000000000005,93800,7/17/2026,MAGENTA,0.4,45,F,STOCK,Energy,F,F,56326000000,3759
6/2/2026,3:41:39 PM,NEM,BLOCK,191,8.3,A,PUT,105,109.72,158530,9/18/2026,WHITE,0.47,108,F,STOCK,Materials,F,F,117227000000,706
6/2/2026,3:41:38 PM,NOW,SWEEP,200,15.2,A,CALL,135,128.195,304000,8/21/2026,WHITE,0.74,80,F,STOCK,Information Technology,F,F,128225000000,2274
6/2/2026,3:41:37 PM,STM,SWEEP,350,6.8,A,CALL,85,79.49000000000001,237983,7/17/2026,MAGENTA,0.8,45,F,STOCK,Information Technology,T,F,62252000000,480
6/2/2026,3:41:37 PM,MU,SWEEP,119,105.4,,PUT,1100,1064.3,1254260,6/18/2026,WHITE,0.97,16,F,STOCK,Information Technology,F,F,1095029000000,663
6/2/2026,3:41:36 PM,SNDK,SWEEP,109,39.065,B,CALL,1800,1727.6898,425810,6/5/2026,WHITE,1.08,3,F,STOCK,Information Technology,F,T,251009000000,831
6/2/2026,3:41:34 PM,TDAY,BLOCK,1900,0.45,B,CALL,8,7.825,85500,7/17/2026,YELLOW,0.47,45,F,STOCK,Communication Services,F,F,1145000000,256
6/2/2026,3:41:34 PM,STM,BLOCK,301,1.5,B,CALL,83,79.45,45150,6/5/2026,YELLOW,1,3,F,STOCK,Information Technology,T,T,62252000000,0
6/2/2026,3:41:33 PM,TSLA,SWEEP,195,0.369,BB,CALL,442.5,422.90000000000003,7205,6/3/2026,MAGENTA,0.57,1,F,STOCK,Consumer Discretionary,F,T,1636707000000,1138
6/2/2026,3:41:32 PM,TSLA,BLOCK,200,0.6,A,CALL,457.5,422.84000000000003,12000,6/5/2026,WHITE,0.56,3,F,STOCK,Consumer Discretionary,F,T,1636707000000,5122
6/2/2026,3:41:31 PM,TSLA,SWEEP,416,3.3,A,CALL,425,422.84000000000003,137279,6/3/2026,MAGENTA,0.48,1,F,STOCK,Consumer Discretionary,F,T,1636707000000,4434
6/2/2026,3:41:31 PM,XOM,BLOCK,172,14.6,A,PUT,145,150.04,251120,6/17/2027,WHITE,0.29,380,F,STOCK,Energy,F,F,602094000000,1755
6/2/2026,3:41:29 PM,EOSE,SWEEP,170,0.92,A,CALL,9.5,9.645,15640,6/12/2026,MAGENTA,1.33,10,F,STOCK,Industrials,F,F,2862000000,455
6/2/2026,3:41:29 PM,TSLA,SWEEP,500,0.49,A,CALL,460,422.69,24500,6/5/2026,WHITE,0.57,3,F,STOCK,Consumer Discretionary,F,T,1636707000000,10081
6/2/2026,3:41:26 PM,TSLA,SWEEP,117,1.799,A,CALL,430,422.63,21054,6/3/2026,MAGENTA,0.51,1,F,STOCK,Consumer Discretionary,F,T,1636707000000,6432
6/2/2026,3:41:26 PM,RDW,BLOCK,686,4.8,A,CALL,22,20.805,329280,8/21/2026,WHITE,1.36,80,F,STOCK,Industrials,F,F,4716000000,1045
6/2/2026,3:41:24 PM,MSFT,SWEEP,125,6.75,B,PUT,435,441.7871,84375,6/12/2026,MAGENTA,0.34,10,F,STOCK,Information Technology,F,F,3344578000000,802
6/2/2026,3:41:24 PM,MSFT,SWEEP,408,8.951,B,PUT,440,441.7871,365198,6/12/2026,MAGENTA,0.34,10,F,STOCK,Information Technology,F,F,3344578000000,477
6/2/2026,3:41:23 PM,TSLA,SWEEP,104,4.7,A,CALL,430,422.65000000000003,48880,6/5/2026,MAGENTA,0.51,3,F,STOCK,Consumer Discretionary,F,T,1636707000000,10493
6/2/2026,3:41:21 PM,UEC,SWEEP,415,0.75,A,CALL,16.5,15.440000000000001,31125,6/18/2026,WHITE,0.9,16,F,STOCK,Materials,F,F,6750000000,2226
6/2/2026,3:41:20 PM,HPE,SWEEP,200,1.81,B,CALL,57,55.525,36200,6/5/2026,MAGENTA,1.22,3,F,STOCK,Information Technology,T,T,57107000000,354
6/2/2026,3:41:17 PM,TSLA,SWEEP,105,1.66,A,CALL,430,422.305,17425,6/3/2026,MAGENTA,0.5,1,F,STOCK,Consumer Discretionary,F,T,1636707000000,6432
6/2/2026,3:41:17 PM,TSLA,SWEEP,200,4.1,A,CALL,422.5,422.305,82000,6/3/2026,MAGENTA,0.47,1,F,STOCK,Consumer Discretionary,F,T,1636707000000,2734
6/2/2026,3:41:15 PM,NVTS,BLOCK,300,1.164,A,CALL,27,25.8873,34912,6/5/2026,MAGENTA,1.74,3,F,STOCK,Information Technology,F,T,6216000000,1037
6/2/2026,3:41:15 PM,TSLA,BLOCK,250,7.5,,PUT,415,422.33000000000004,187500,6/10/2026,YELLOW,0.44,8,F,STOCK,Consumer Discretionary,F,F,1636707000000,141
6/2/2026,3:41:11 PM,TSLA,BLOCK,100,1.0,,PUT,412.5,422.02000000000004,10000,6/3/2026,MAGENTA,0.47,1,F,STOCK,Consumer Discretionary,F,T,1636707000000,1280
6/2/2026,3:41:11 PM,NOW,SWEEP,205,1.8,A,CALL,135,128.1499,36900,6/5/2026,MAGENTA,0.92,3,F,STOCK,Information Technology,F,T,128225000000,2228
6/2/2026,3:41:11 PM,NVDA,BLOCK,305,1.33,B,CALL,230,222.48000000000002,40565,6/5/2026,MAGENTA,0.49,3,F,STOCK,Information Technology,F,T,5109588000000,48407
6/2/2026,3:41:10 PM,MSFT,BLOCK,156,26.899,A,CALL,420,441.685,419623,6/18/2026,WHITE,0.36,16,F,STOCK,Information Technology,F,F,3344578000000,27799
6/2/2026,3:41:10 PM,AAPL,SWEEP,200,9.37,B,CALL,345,314.935,187400,10/16/2026,WHITE,0.25,136,F,STOCK,Information Technology,F,F,4583336000000,936
6/2/2026,3:41:10 PM,AAPL,SWEEP,200,8.8,B,CALL,340,314.9329,176000,9/18/2026,WHITE,0.25,108,F,STOCK,Information Technology,F,F,4583336000000,5666
6/2/2026,3:41:10 PM,TE,BLOCK,200,0.85,A,CALL,14,12.2225,17000,6/12/2026,MAGENTA,1.83,10,F,STOCK,Industrials,F,F,2949000000,275
6/2/2026,3:41:08 PM,INTC,SWEEP,499,3.401,B,CALL,120,106.92,169707,6/18/2026,WHITE,0.88,16,F,STOCK,Information Technology,F,F,576381000000,18532
6/2/2026,3:41:07 PM,META,SWEEP,75,2.68,B,CALL,620,600.19,20100,6/5/2026,MAGENTA,0.43,3,F,STOCK,Communication Services,F,T,1599968000000,4033
6/2/2026,3:41:06 PM,TSLA,SWEEP,104,1.719,BB,CALL,430,422.01320000000004,17879,6/3/2026,MAGENTA,0.52,1,F,STOCK,Consumer Discretionary,F,T,1636707000000,6432
6/2/2026,3:41:03 PM,NOW,SWEEP,200,15.1,,CALL,135,128.11260000000001,302000,8/21/2026,WHITE,0.74,80,F,STOCK,Information Technology,F,F,128225000000,2274
6/2/2026,3:41:03 PM,BB,SWEEP,450,0.91,B,CALL,9.5,10.24,40950,6/5/2026,MAGENTA,1.24,3,F,STOCK,Information Technology,F,T,5287000000,3810
6/2/2026,3:41:01 PM,TSLA,BLOCK,100,4.25,B,PUT,415,422.37,42500,6/5/2026,MAGENTA,0.49,3,F,STOCK,Consumer Discretionary,F,T,1636707000000,3388
6/2/2026,3:41:01 PM,ESPR,SWEEP,500,0.2,A,CALL,3,3.13,10000,9/18/2026,WHITE,0.16,108,F,STOCK,Health Care,F,F,805000000,1437
6/2/2026,3:41:00 PM,MSFT,SWEEP,248,1.95,B,CALL,457.5,441.71000000000004,48360,6/5/2026,MAGENTA,0.45,3,F,STOCK,Information Technology,F,T,3344578000000,921
6/2/2026,3:41:00 PM,MSFT,SWEEP,129,3.6,B,CALL,450,441.71000000000004,46440,6/5/2026,MAGENTA,0.43,3,F,STOCK,Information Technology,F,T,3344578000000,5636
6/2/2026,3:40:59 PM,WULF,BLOCK,450,2.01,A,CALL,24.5,26.175,90450,6/5/2026,WHITE,1.03,3,F,STOCK,Financials,F,T,12665000000,1530
6/2/2026,3:40:57 PM,TSLA,BLOCK,250,42.4,B,CALL,500,422.21840000000003,1060000,1/15/2027,WHITE,0.5,227,F,STOCK,Consumer Discretionary,F,F,1636707000000,20553
6/2/2026,3:40:55 PM,META,SWEEP,82,5.1,A,CALL,600,600.3100000000001,41820,6/3/2026,MAGENTA,0.39,1,F,STOCK,Communication Services,F,T,1599968000000,488
6/2/2026,3:40:54 PM,UBER,SWEEP,275,1.551,A,CALL,72,71.435,42655,6/12/2026,YELLOW,0.38,10,F,STOCK,Information Technology,F,F,143306000000,159
6/2/2026,3:40:52 PM,BB,SWEEP,180,2.23,,CALL,9,10.2299,40140,7/17/2026,WHITE,1.14,45,F,STOCK,Information Technology,F,F,5287000000,7897
6/2/2026,3:40:51 PM,IMVT,BLOCK,200,11.6,B,CALL,30,30.66,232000,3/19/2027,YELLOW,1.06,290,F,STOCK,Health Care,F,F,6836000000,20
6/2/2026,3:40:50 PM,TSLA,BLOCK,200,5.317,B,CALL,420,422.05,106344,6/3/2026,MAGENTA,0.48,1,F,STOCK,Consumer Discretionary,F,T,1636707000000,4627
6/2/2026,3:40:50 PM,CAT,BLOCK,196,11.0,B,CALL,920,909.615,215605,6/5/2026,YELLOW,0.47,3,F,STOCK,Industrials,F,T,403418000000,170
6/2/2026,3:40:47 PM,RKLB,SWEEP,217,6.75,B,CALL,130,123.49990000000001,146475,6/12/2026,MAGENTA,1.15,10,F,STOCK,Industrials,F,F,83039000000,1028
6/2/2026,3:40:47 PM,IBM,BLOCK,750,0.15,B,PUT,217.5,329.52500000000003,11250,6/18/2026,WHITE,0.85,16,F,STOCK,Information Technology,F,F,279897000000,806
6/2/2026,3:40:47 PM,META,SWEEP,132,8.7,B,CALL,600,600.26,114840,6/5/2026,MAGENTA,0.39,3,F,STOCK,Communication Services,F,T,1599968000000,1227
6/2/2026,3:40:45 PM,NOW,BLOCK,501,15.0,A,CALL,135,128.07,751500,8/21/2026,WHITE,0.73,80,F,STOCK,Information Technology,F,F,128225000000,2274
6/2/2026,3:40:45 PM,TSLA,BLOCK,100,4.19,A,CALL,422.5,422.01,41900,6/3/2026,MAGENTA,0.5,1,F,STOCK,Consumer Discretionary,F,T,1636707000000,2734
6/2/2026,3:40:44 PM,TSLA,SWEEP,410,1.519,BB,PUT,415,422.07,62292,6/3/2026,MAGENTA,0.47,1,F,STOCK,Consumer Discretionary,F,T,1636707000000,2086
6/2/2026,3:40:44 PM,CAT,SWEEP,106,11.0,A,CALL,920,909.705,116600,6/5/2026,MAGENTA,0.47,3,F,STOCK,Industrials,F,T,403418000000,170
6/2/2026,3:40:44 PM,TSLA,SWEEP,200,7.2,A,CALL,450,422.135,144000,6/18/2026,WHITE,0.48,16,F,STOCK,Consumer Discretionary,F,F,1636707000000,28769
6/2/2026,3:40:42 PM,TSLA,BLOCK,100,1.15,B,PUT,400,422.09000000000003,11500,6/5/2026,WHITE,0.51,3,F,STOCK,Consumer Discretionary,F,T,1636707000000,6556
6/2/2026,3:40:41 PM,GOOGL,SWEEP,261,1.95,A,CALL,365,363.34000000000003,50895,6/3/2026,YELLOW,0.35,1,F,STOCK,Communication Services,F,T,4608199000000,1
6/2/2026,3:40:37 PM,TSLA,BLOCK,100,1.15,,CALL,432.5,421.94,11500,6/3/2026,MAGENTA,0.52,1,F,STOCK,Consumer Discretionary,F,T,1636707000000,1519
6/2/2026,3:40:37 PM,MU,SWEEP,100,41.42,A,PUT,1065,1061.9,414198,6/5/2026,YELLOW,1.04,3,F,STOCK,Information Technology,F,T,1095029000000,33
6/2/2026,3:40:37 PM,RXRX,SWEEP,150,0.85,A,CALL,5,3.6,12750,1/15/2027,WHITE,1.09,227,F,STOCK,Health Care,F,F,1902000000,40401
6/2/2026,3:40:35 PM,EOSE,SWEEP,500,0.56,,CALL,10.5,9.615,28000,6/12/2026,MAGENTA,1.41,10,F,STOCK,Industrials,F,F,2862000000,1337
6/2/2026,3:40:34 PM,FSLY,BLOCK,435,5.2,B,CALL,20,20.9097,226200,9/18/2026,WHITE,1.06,108,F,STOCK,Information Technology,F,F,2780000000,7243
6/2/2026,3:40:33 PM,RGTI,BLOCK,1625,0.13,A,CALL,36,26.605,21125,6/5/2026,MAGENTA,2.07,3,F,STOCK,Information Technology,F,T,8489000000,1950
6/2/2026,3:40:32 PM,TSLA,SWEEP,400,1.592,BB,PUT,415,421.89000000000004,63698,6/3/2026,MAGENTA,0.48,1,F,STOCK,Consumer Discretionary,F,T,1636707000000,2086
6/2/2026,3:40:28 PM,RGTI,BLOCK,1625,0.13,A,CALL,36,26.565,21125,6/5/2026,WHITE,2.07,3,F,STOCK,Information Technology,F,T,8489000000,1950
6/2/2026,3:40:28 PM,SONY,SWEEP,500,0.45,A,CALL,30,22.845000000000002,22500,9/18/2026,WHITE,0.45,108,F,STOCK,Consumer Discretionary,F,F,128325000000,2751
6/2/2026,3:40:28 PM,NOW,SWEEP,300,15.0,A,CALL,135,127.96000000000001,450000,8/21/2026,WHITE,0.74,80,F,STOCK,Information Technology,F,F,128225000000,2274
6/2/2026,3:40:27 PM,RGTI,BLOCK,636,2.65,BB,CALL,27,26.567600000000002,168540,6/18/2026,WHITE,1.28,16,F,STOCK,Information Technology,F,F,8489000000,7285
6/2/2026,3:40:27 PM,GOOG,BLOCK,100,3.0,B,CALL,390,360.11,30000,6/26/2026,WHITE,0.33,24,F,STOCK,Communication Services,F,F,4560826000000,5549
6/2/2026,3:40:24 PM,TSLA,SWEEP,120,1.08,B,PUT,412.5,421.96000000000004,12960,6/3/2026,MAGENTA,0.49,1,F,STOCK,Consumer Discretionary,F,T,1636707000000,1280
6/2/2026,3:40:21 PM,TSLA,SWEEP,100,6.25,A,CALL,425,421.84000000000003,62499,6/5/2026,MAGENTA,0.5,3,F,STOCK,Consumer Discretionary,F,T,1636707000000,5179
6/2/2026,3:40:20 PM,MSFT,BLOCK,199,16.59,B,CALL,450,441.795,330141,7/17/2026,WHITE,0.32,45,F,STOCK,Information Technology,F,F,3344578000000,20377
6/2/2026,3:40:17 PM,NOW,SWEEP,200,15.0,,CALL,135,127.97,300000,8/21/2026,WHITE,0.74,80,F,STOCK,Information Technology,F,F,128225000000,2274
6/2/2026,3:40:13 PM,NOK,SWEEP,514,0.27,A,PUT,16,16.8459,13878,6/5/2026,WHITE,1.01,3,F,STOCK,Information Technology,F,T,85214000000,7626
6/2/2026,3:40:08 PM,TSLA,BLOCK,561,1.38,A,CALL,445,421.36,77418,6/5/2026,MAGENTA,0.53,3,F,STOCK,Consumer Discretionary,F,T,1636707000000,5024
6/2/2026,3:40:07 PM,BX,BLOCK,174,0.73,A,PUT,110,116.77000000000001,12702,6/5/2026,WHITE,0.72,3,F,STOCK,Financials,F,T,86894000000,6332
6/2/2026,3:40:04 PM,MDT,SWEEP,200,2.38,A,CALL,74,73.6951,47600,6/18/2026,YELLOW,0.41,16,T,STOCK,Health Care,F,F,94763000000,46
6/2/2026,3:40:04 PM,OXY,BLOCK,249,0.87,B,CALL,65,59.265,21663,7/2/2026,YELLOW,0.4,30,F,STOCK,Energy,F,F,56326000000,6
6/2/2026,3:40:03 PM,INTC,SWEEP,261,18.05,B,CALL,110,106.96000000000001,471106,9/18/2026,WHITE,0.82,108,F,STOCK,Information Technology,F,F,576381000000,19376
6/2/2026,3:39:57 PM,BTDR,SWEEP,1000,0.45,A,CALL,25,18.17,45000,6/18/2026,WHITE,1.41,16,F,STOCK,Information Technology,F,F,4119000000,18938
6/2/2026,3:39:56 PM,HIMS,BLOCK,198,1.07,A,CALL,30,27.491400000000002,21186,6/18/2026,WHITE,0.87,16,F,STOCK,Health Care,F,F,6052000000,20405
6/2/2026,3:39:52 PM,CSIQ,SWEEP,180,6.4,B,PUT,22,20.815,115200,11/20/2026,YELLOW,1.05,171,F,STOCK,Information Technology,F,F,1287000000,0
6/2/2026,3:39:50 PM,INTC,SWEEP,253,1.95,B,CALL,130,106.985,49335,6/18/2026,WHITE,0.93,16,F,STOCK,Information Technology,F,F,576381000000,19680
6/2/2026,3:39:46 PM,CRVS,SWEEP,156,10.088,A,PUT,18,11.64,157372,1/21/2028,YELLOW,1.03,598,F,STOCK,Health Care,F,F,1043000000,31
6/2/2026,3:39:42 PM,META,BLOCK,100,3.6,B,CALL,615,600.025,36000,6/5/2026,MAGENTA,0.42,3,F,STOCK,Communication Services,F,T,1599968000000,2023
6/2/2026,3:39:41 PM,AMD,SWEEP,220,0.57,B,CALL,600,516.085,12540,6/5/2026,WHITE,0.9,3,F,STOCK,Information Technology,F,T,841553000000,4021
6/2/2026,3:39:41 PM,TJX,SWEEP,361,0.8,A,CALL,155,153.8,28880,6/5/2026,WHITE,0.23,3,F,STOCK,Consumer Discretionary,F,T,171124000000,30378
6/2/2026,3:39:41 PM,NVDA,SWEEP,400,0.32,B,CALL,230,222.46,12800,6/3/2026,MAGENTA,0.52,1,F,STOCK,Information Technology,F,T,5109588000000,19163
6/2/2026,3:39:40 PM,NRGV,BLOCK,2632,0.55,B,CALL,6,5.845000000000001,144760,6/18/2026,WHITE,1.26,16,F,STOCK,Utilities,F,F,873000000,3135
6/2/2026,3:39:39 PM,AAPL,BLOCK,4863,0.75,B,PUT,290,314.8901,364725,6/18/2026,WHITE,0.29,16,F,STOCK,Information Technology,F,F,4583336000000,17141
6/2/2026,3:39:37 PM,TSLA,BLOCK,100,1.25,A,CALL,445,420.5325,12500,6/5/2026,MAGENTA,0.53,3,F,STOCK,Consumer Discretionary,F,T,1636707000000,5024
6/2/2026,3:39:37 PM,TSLA,SWEEP,108,1.719,AA,CALL,427.5,420.555,18564,6/3/2026,MAGENTA,0.49,1,F,STOCK,Consumer Discretionary,F,T,1636707000000,1968
6/2/2026,3:39:36 PM,OXY,BLOCK,250,0.6,A,CALL,70,59.308,15000,7/17/2026,WHITE,0.41,45,F,STOCK,Energy,F,F,56326000000,1116
6/2/2026,3:39:29 PM,ENPH,SWEEP,168,6.85,B,CALL,85,71.875,115080,7/17/2026,MAGENTA,1.12,45,F,STOCK,Information Technology,F,F,9009000000,295
6/2/2026,3:39:28 PM,BTDR,SWEEP,500,0.441,A,CALL,25,18.1151,22029,6/18/2026,WHITE,1.41,16,F,STOCK,Information Technology,F,F,4119000000,18938
6/2/2026,3:39:27 PM,META,SWEEP,100,28.4,,CALL,750,599.985,284000,12/18/2026,WHITE,0.41,199,F,STOCK,Communication Services,F,F,1599968000000,4032
6/2/2026,3:39:27 PM,VECO,SWEEP,224,9.1,A,CALL,75,60.150000000000006,203840,12/18/2026,YELLOW,0.77,199,F,STOCK,Information Technology,T,F,3517000000,111
6/2/2026,3:39:26 PM,SOUN,SWEEP,365,0.31,A,CALL,10,8.9297,11315,6/18/2026,WHITE,0.91,16,F,STOCK,Information Technology,F,F,3894000000,79665
6/2/2026,3:39:24 PM,CZR,BLOCK,2000,0.2,A,CALL,30,29.21,40000,7/17/2026,WHITE,0.11,45,F,STOCK,Consumer Discretionary,F,F,5916000000,31956
6/2/2026,3:39:20 PM,BWA,BLOCK,225,2.45,A,CALL,77.5,74.74000000000001,55125,6/18/2026,MAGENTA,0.57,16,F,STOCK,Consumer Discretionary,F,F,14731000000,658
6/2/2026,3:39:20 PM,MRVL,BLOCK,196,4.65,A,CALL,320,286.18,91140,6/5/2026,MAGENTA,1.48,3,F,STOCK,Information Technology,F,T,183952000000,2350
6/2/2026,3:39:17 PM,UBER,SWEEP,200,0.86,A,PUT,71,71.415,17200,6/5/2026,WHITE,0.41,3,F,STOCK,Information Technology,F,T,143306000000,1482
6/2/2026,3:39:16 PM,FSLR,BLOCK,1000,5.45,B,PUT,155,311.38,544965,1/15/2027,WHITE,0.7,227,F,STOCK,Information Technology,F,F,32965000000,2881
6/2/2026,3:39:10 PM,ASTS,BLOCK,200,2.26,B,CALL,170,117.82000000000001,45200,6/18/2026,WHITE,1.43,16,F,STOCK,Information Technology,F,F,44017000000,28405
6/2/2026,3:39:10 PM,MSFT,SWEEP,100,2.45,B,CALL,480,441.745,24500,6/18/2026,WHITE,0.36,16,F,STOCK,Information Technology,F,F,3344578000000,38116
6/2/2026,3:39:07 PM,DG,BLOCK,902,0.17,A,CALL,120,106,15334,6/5/2026,WHITE,0.82,3,T,STOCK,Consumer Discretionary,F,T,24359000000,8564
6/2/2026,3:38:55 PM,JD,BLOCK,150,6.85,B,CALL,30,30.2423,102751,1/21/2028,WHITE,0.4,598,F,STOCK,Consumer Discretionary,F,F,41299000000,3268
6/2/2026,3:38:54 PM,BB,BLOCK,500,0.46,A,PUT,9.5,10.25,23000,6/12/2026,YELLOW,1.2,10,F,STOCK,Information Technology,F,F,5287000000,66
6/2/2026,3:38:51 PM,QCOM,SWEEP,366,0.5,B,CALL,305,241.775,18300,6/5/2026,MAGENTA,1.42,3,F,STOCK,Information Technology,F,T,264575000000,418
6/2/2026,3:38:50 PM,TE,SWEEP,455,1.428,A,CALL,14,12.1301,64985,6/26/2026,MAGENTA,1.69,24,F,STOCK,Industrials,F,F,2949000000,568
6/2/2026,3:38:50 PM,TE,SWEEP,463,0.85,A,CALL,17,12.1301,39355,6/26/2026,WHITE,1.76,24,F,STOCK,Industrials,F,F,2949000000,5558
6/2/2026,3:38:50 PM,INFQ,BLOCK,500,3.85,,CALL,20,20.1703,192495,7/17/2026,WHITE,1.34,45,F,STOCK,None,F,F,3539000000,13839
6/2/2026,3:38:50 PM,MSTR,BLOCK,245,0.22,B,PUT,5,135.91,5392,9/17/2027,WHITE,1.41,472,F,STOCK,Information Technology,F,F,55752000000,1391
6/2/2026,3:38:43 PM,META,SWEEP,133,27.25,BB,CALL,605,599.94,362430,7/17/2026,MAGENTA,0.34,45,F,STOCK,Communication Services,F,F,1599968000000,728
6/2/2026,3:38:38 PM,NVDA,BLOCK,180,8.85,B,CALL,250,222.41,159300,8/21/2026,WHITE,0.44,80,F,STOCK,Information Technology,F,F,5109588000000,31777
6/2/2026,3:38:37 PM,AAPL,SWEEP,137,0.76,B,PUT,290,314.89500000000004,10412,6/18/2026,WHITE,0.29,16,F,STOCK,Information Technology,F,F,4583336000000,17141
6/2/2026,3:38:37 PM,RKLB,SWEEP,200,4.62,A,CALL,125,123.355,92400,6/5/2026,MAGENTA,1.2,3,F,STOCK,Industrials,F,T,83039000000,1559
6/2/2026,3:38:32 PM,ESTA,BLOCK,399,1.1,A,CALL,80,72.2902,43890,6/18/2026,YELLOW,0.59,16,F,STOCK,Health Care,F,F,2080000000,223
6/2/2026,3:38:31 PM,PATH,SWEEP,433,0.57,B,PUT,12,12.0225,24681,6/12/2026,YELLOW,0.74,10,F,STOCK,Information Technology,F,F,6140000000,172
6/2/2026,3:38:30 PM,MU,BLOCK,80,273.0,,CALL,1000,1062.68,2184000,10/16/2026,WHITE,0.95,136,F,STOCK,Information Technology,F,F,1095029000000,1316
6/2/2026,3:38:26 PM,AVGO,SWEEP,135,43.5,B,CALL,470,477.565,587250,7/17/2026,WHITE,0.59,45,T,STOCK,Information Technology,F,F,2115307000000,1326
6/2/2026,3:38:24 PM,NVDA,BLOCK,181,1.1,A,CALL,225,222.37,19910,6/3/2026,MAGENTA,0.46,1,F,STOCK,Information Technology,F,T,5109588000000,23319
6/2/2026,3:38:23 PM,NU,BLOCK,300,0.72,A,CALL,13,11.836,21600,8/21/2026,MAGENTA,0.51,80,F,STOCK,Financials,F,F,63755000000,1520
6/2/2026,3:38:23 PM,INFQ,BLOCK,150,1.03,A,CALL,25,20.23,15450,6/18/2026,WHITE,1.48,16,F,STOCK,None,F,F,3539000000,5675
6/2/2026,3:38:22 PM,AMD,SWEEP,148,18.822,B,CALL,530,515.83,278561,6/12/2026,MAGENTA,0.73,10,F,STOCK,Information Technology,F,F,841553000000,486
6/2/2026,3:38:19 PM,META,SWEEP,80,52.8,A,CALL,600,599.955,422400,9/18/2026,WHITE,0.39,108,F,STOCK,Communication Services,F,F,1599968000000,2795
6/2/2026,3:38:17 PM,MU,BLOCK,100,71.688,A,CALL,1060,1064.42,716880,6/12/2026,MAGENTA,0.99,10,F,STOCK,Information Technology,F,F,1095029000000,408
6/2/2026,3:38:16 PM,QCOM,SWEEP,500,0.49,B,CALL,305,241.86,24500,6/5/2026,YELLOW,1.42,3,F,STOCK,Information Technology,F,T,264575000000,418
6/2/2026,3:38:14 PM,MU,SWEEP,100,120.05,A,CALL,1050,1064.4685,1200500,6/26/2026,MAGENTA,1.04,24,F,STOCK,Information Technology,F,F,1095029000000,401
6/2/2026,3:38:07 PM,META,BLOCK,109,1.3,B,CALL,632.5,599.8921,14170,6/5/2026,WHITE,0.46,3,F,STOCK,Communication Services,F,T,1599968000000,691
6/2/2026,3:38:05 PM,FPS,SWEEP,200,3.1,A,CALL,60,56.95,62000,6/18/2026,WHITE,0.91,16,F,STOCK,Industrials,F,F,16640000000,1266
6/2/2026,3:38:04 PM,NVDA,SWEEP,250,4.6,B,CALL,250,222.37,115000,7/17/2026,WHITE,0.43,45,F,STOCK,Information Technology,F,F,5109588000000,55883
6/2/2026,3:38:01 PM,META,SWEEP,100,11.148,B,CALL,595,600.0600000000001,111475,6/5/2026,MAGENTA,0.38,3,F,STOCK,Communication Services,F,T,1599968000000,256
6/2/2026,3:38:01 PM,VG,BLOCK,2505,0.6,B,CALL,12.5,12.375,150300,6/12/2026,YELLOW,0.8,10,F,STOCK,Energy,F,F,29911000000,87
6/2/2026,3:38:00 PM,ONDS,SWEEP,414,1.1,A,CALL,13,13.827,45540,6/5/2026,WHITE,1.23,3,F,STOCK,Information Technology,F,T,6638000000,11058
6/2/2026,3:37:54 PM,LRCX,BLOCK,194,20.4,A,CALL,360,332.52000000000004,395765,7/17/2026,MAGENTA,0.66,45,F,STOCK,Information Technology,F,F,397906000000,206
6/2/2026,3:37:48 PM,LITE,SWEEP,80,17.3,A,PUT,820,1026.5618,138400,6/18/2026,WHITE,1.08,16,F,STOCK,Information Technology,F,F,66515000000,184
6/2/2026,3:37:45 PM,NRGV,SWEEP,361,0.55,A,CALL,6,5.845000000000001,19855,6/18/2026,WHITE,1.26,16,F,STOCK,Utilities,T,F,873000000,3135
6/2/2026,3:37:44 PM,CRWV,SWEEP,250,1.8,B,CALL,150,119.80000000000001,45000,6/18/2026,WHITE,0.96,16,F,STOCK,Information Technology,F,F,49022000000,51756
6/2/2026,3:37:41 PM,NVO,BLOCK,250,0.47,,PUT,40,43.03,11750,6/18/2026,WHITE,0.44,16,F,STOCK,Health Care,F,F,203514000000,24558
6/2/2026,3:37:40 PM,INTC,BLOCK,250,3.76,A,PUT,107,107.13000000000001,94000,6/5/2026,MAGENTA,0.99,3,F,STOCK,Information Technology,F,T,576381000000,2471
6/2/2026,3:37:38 PM,NOK,SWEEP,4456,0.03,A,PUT,10,16.8586,13368,6/12/2026,YELLOW,1.59,10,F,STOCK,Information Technology,F,F,85214000000,3516
6/2/2026,3:37:35 PM,CLF,BLOCK,200,1.85,A,CALL,20,14.955,37000,12/18/2026,WHITE,0.75,199,F,STOCK,Materials,F,F,7757000000,6837
6/2/2026,3:37:33 PM,NOW,SWEEP,400,13.7,B,CALL,125,127.86,548000,7/17/2026,WHITE,0.68,45,F,STOCK,Information Technology,F,F,128225000000,8603
6/2/2026,3:37:31 PM,AAPL,SWEEP,246,1.98,B,CALL,317.5,314.85,48708,6/5/2026,MAGENTA,0.27,3,F,STOCK,Information Technology,F,T,4583336000000,7096
6/2/2026,3:37:30 PM,NRGV,SWEEP,250,1.896,A,CALL,7,5.835,47412,1/15/2027,WHITE,1.24,227,F,STOCK,Utilities,T,F,873000000,670
6/2/2026,3:37:28 PM,CRWV,BLOCK,250,33.75,A,CALL,120,119.68,843750,1/15/2027,WHITE,0.9,227,F,STOCK,Information Technology,F,F,49022000000,5128
6/2/2026,3:37:28 PM,NOK,BLOCK,7000,0.04,A,PUT,10,16.855,28000,6/18/2026,WHITE,1.32,16,F,STOCK,Information Technology,F,F,85214000000,32350
6/2/2026,3:37:28 PM,NOW,SWEEP,177,13.7,B,CALL,125,127.92500000000001,242490,7/17/2026,WHITE,0.68,45,F,STOCK,Information Technology,F,F,128225000000,8603
6/2/2026,3:37:27 PM,NVDA,BLOCK,500,1.35,A,CALL,230,222.559,67500,6/5/2026,MAGENTA,0.49,3,F,STOCK,Information Technology,F,T,5109588000000,48407
6/2/2026,3:37:26 PM,HOOD,SWEEP,200,2.4,B,PUT,88,88.28,48000,6/5/2026,MAGENTA,0.8,3,F,STOCK,Financials,F,T,84917000000,626
6/2/2026,3:37:23 PM,AAOI,BLOCK,164,25.05,B,CALL,190,201.1599,410820,6/12/2026,MAGENTA,1.46,10,F,STOCK,Information Technology,F,F,12711000000,436
6/2/2026,3:37:23 PM,SOFI,SWEEP,400,0.6,A,CALL,18.5,17.755,24000,6/18/2026,WHITE,0.61,16,F,STOCK,Financials,F,F,23371000000,5691
6/2/2026,3:37:14 PM,STWD,SWEEP,239,1.0,A,PUT,18,17.085,23898,6/18/2026,WHITE,0.19,16,F,STOCK,Real Estate,F,F,6332000000,848
6/2/2026,3:37:13 PM,NOW,BLOCK,200,13.8,B,CALL,125,127.92,276000,7/17/2026,WHITE,0.68,45,F,STOCK,Information Technology,F,F,128225000000,8603
6/2/2026,3:37:13 PM,MSTR,SWEEP,157,9.939,B,CALL,250,136.125,156044,12/18/2026,WHITE,0.84,199,F,STOCK,Information Technology,F,F,55752000000,1202
6/2/2026,3:37:11 PM,MU,BLOCK,75,6.81,A,CALL,1200,1064.6100000000001,51075,6/5/2026,MAGENTA,1.12,3,F,STOCK,Information Technology,F,T,1095029000000,12130
6/2/2026,3:37:07 PM,NOW,SWEEP,200,13.8,B,CALL,125,127.92500000000001,276000,7/17/2026,WHITE,0.68,45,F,STOCK,Information Technology,F,F,128225000000,8603
6/2/2026,3:37:07 PM,TSLA,BLOCK,110,1.38,A,PUT,412.5,420.1899,15180,6/3/2026,MAGENTA,0.48,1,F,STOCK,Consumer Discretionary,F,T,1636707000000,1280
6/2/2026,3:37:04 PM,NVDA,SWEEP,390,0.64,B,CALL,235,222.6412,24961,6/5/2026,MAGENTA,0.51,3,F,STOCK,Information Technology,F,T,5109588000000,24309
6/2/2026,3:37:04 PM,INTC,BLOCK,433,0.27,B,CALL,130,107.14,11691,6/5/2026,WHITE,1.28,3,F,STOCK,Information Technology,F,T,576381000000,10521
6/2/2026,3:37:03 PM,SOFI,SWEEP,528,0.19,A,CALL,19.5,17.7508,10032,6/12/2026,WHITE,0.62,10,F,STOCK,Financials,F,F,23371000000,2726
6/2/2026,3:37:03 PM,NVDA,BLOCK,150,1.93,A,CALL,227.5,222.645,28950,6/5/2026,MAGENTA,0.48,3,F,STOCK,Information Technology,F,T,5109588000000,12162
6/2/2026,3:37:03 PM,MSTR,SWEEP,232,6.2,B,PUT,125,136.06990000000002,143840,6/26/2026,MAGENTA,0.82,24,F,STOCK,Information Technology,F,F,55752000000,518
6/2/2026,3:37:03 PM,MSTR,SWEEP,268,6.6,B,PUT,130,136.06990000000002,176880,6/18/2026,WHITE,0.85,16,F,STOCK,Information Technology,F,F,55752000000,9646
6/2/2026,3:37:03 PM,META,SWEEP,77,1.5,B,CALL,630,600.0600000000001,11550,6/5/2026,MAGENTA,0.46,3,F,STOCK,Communication Services,F,T,1599968000000,4322
6/2/2026,3:37:03 PM,META,SWEEP,116,1.3,B,CALL,700,600.0600000000001,15080,6/18/2026,WHITE,0.45,16,F,STOCK,Communication Services,F,F,1599968000000,26912
6/2/2026,3:37:02 PM,HOOD,SWEEP,200,2.45,B,PUT,88,88.215,49000,6/5/2026,MAGENTA,0.81,3,F,STOCK,Financials,F,T,84917000000,626
6/2/2026,3:37:01 PM,QCOM,SWEEP,193,0.14,A,PUT,192.5,242.78,2702,6/5/2026,WHITE,1.2,3,F,STOCK,Information Technology,F,T,264575000000,333
6/2/2026,3:37:00 PM,NOW,SWEEP,200,13.8,B,CALL,125,127.93,276000,7/17/2026,WHITE,0.68,45,F,STOCK,Information Technology,F,F,128225000000,8603
6/2/2026,3:36:58 PM,NVDA,BLOCK,180,3.65,B,CALL,220,222.62,65700,6/3/2026,MAGENTA,0.45,1,F,STOCK,Information Technology,F,T,5109588000000,14834
6/2/2026,3:36:57 PM,ORCL,SWEEP,200,1.14,A,CALL,270,244.64000000000001,22800,6/5/2026,WHITE,0.9,3,F,STOCK,Information Technology,F,T,649353000000,4281
6/2/2026,3:36:56 PM,AAPL,BLOCK,470,1.24,A,CALL,320,314.82,58280,6/5/2026,MAGENTA,0.28,3,F,STOCK,Information Technology,F,T,4583336000000,26594
6/2/2026,3:36:53 PM,AMZN,BLOCK,180,19.2,B,CALL,400,257.96500000000003,345600,1/21/2028,WHITE,0.39,598,F,STOCK,Consumer Discretionary,F,F,2911304000000,5899
6/2/2026,3:36:53 PM,ONDS,BLOCK,200,1.02,A,CALL,13,13.735000000000001,20400,6/5/2026,WHITE,1.2,3,F,STOCK,Information Technology,F,T,6638000000,11058
6/2/2026,3:36:49 PM,SOFI,SWEEP,1106,0.18,,CALL,20.5,17.7433,19908,6/18/2026,WHITE,0.63,16,F,STOCK,Financials,F,F,23371000000,2141
6/2/2026,3:36:48 PM,META,BLOCK,100,3.65,B,CALL,615,600.19,36500,6/5/2026,MAGENTA,0.42,3,F,STOCK,Communication Services,F,T,1599968000000,2023
6/2/2026,3:36:46 PM,WLK,BLOCK,350,0.3,A,CALL,105,86.6844,10500,6/18/2026,YELLOW,0.59,16,F,STOCK,Materials,F,F,11124000000,27
6/2/2026,3:36:44 PM,SPCE,SWEEP,250,1.09,B,PUT,5,4.665,27251,6/18/2026,WHITE,2.29,16,F,STOCK,Industrials,F,F,622000000,16294
6/2/2026,3:36:44 PM,MU,BLOCK,90,126.0,A,CALL,945,1064.49,1134000,6/5/2026,WHITE,1.14,3,F,STOCK,Information Technology,F,T,1095029000000,676
6/2/2026,3:36:42 PM,MU,SWEEP,83,6.736,A,CALL,1200,1064.53,55912,6/5/2026,MAGENTA,1.12,3,F,STOCK,Information Technology,F,T,1095029000000,12130
6/2/2026,3:36:40 PM,GOOGL,SWEEP,220,2.15,A,CALL,365,363.82,47300,6/3/2026,YELLOW,0.35,1,F,STOCK,Communication Services,F,T,4608199000000,1
6/2/2026,3:36:37 PM,MSTR,SWEEP,181,5.682,B,CALL,250,135.745,102847,10/16/2026,WHITE,0.85,136,F,STOCK,Information Technology,F,F,55752000000,633
6/2/2026,3:36:36 PM,MU,BLOCK,315,10.6,A,PUT,380,1064.19,333900,11/20/2026,WHITE,0.98,171,F,STOCK,Information Technology,F,F,1095029000000,3452
6/2/2026,3:36:32 PM,ATAI,BLOCK,235,0.45,,CALL,12,4.7713,10575,1/15/2027,WHITE,1.08,227,F,STOCK,Health Care,F,F,1667000000,1618
6/2/2026,3:36:29 PM,TSLA,SWEEP,140,1.39,BB,PUT,412.5,420.26,19461,6/3/2026,MAGENTA,0.48,1,F,STOCK,Consumer Discretionary,F,T,1636707000000,1280
6/2/2026,3:36:27 PM,MSTR,SWEEP,200,9.75,B,CALL,170,135.64000000000001,195000,8/21/2026,WHITE,0.8,80,F,STOCK,Information Technology,F,F,55752000000,1858
6/2/2026,3:36:25 PM,SG,BLOCK,200,0.5,A,CALL,9,8.55,10000,6/18/2026,WHITE,0.95,16,F,STOCK,Consumer Discretionary,F,F,1183000000,25952
6/2/2026,3:36:25 PM,SOFI,SWEEP,202,3.05,A,CALL,20,17.741400000000002,61610,1/15/2027,WHITE,0.68,227,F,STOCK,Financials,F,F,23371000000,73843
6/2/2026,3:36:20 PM,NU,BLOCK,199,0.7,A,PUT,12.5,11.835,13930,6/5/2026,WHITE,0.53,3,F,STOCK,Financials,F,T,63755000000,4983
6/2/2026,3:36:15 PM,META,BLOCK,2241,0.86,BB,CALL,720,600.2950000000001,192726,6/18/2026,MAGENTA,0.47,16,F,STOCK,Communication Services,F,F,1599968000000,108012
6/2/2026,3:36:14 PM,MDT,BLOCK,400,0.6,A,PUT,60,73.715,24000,8/21/2026,YELLOW,0.36,80,T,STOCK,Health Care,F,F,94763000000,111
6/2/2026,3:36:12 PM,LYFT,BLOCK,650,0.26,A,PUT,14,14.1073,16900,6/5/2026,MAGENTA,0.61,3,F,STOCK,Information Technology,F,T,5357000000,978
6/2/2026,3:36:12 PM,MSTR,SWEEP,1250,0.539,A,PUT,117,135.535,67356,6/5/2026,YELLOW,1.19,3,F,STOCK,Information Technology,F,T,55752000000,287
6/2/2026,3:36:09 PM,INFQ,SWEEP,500,1.0,A,CALL,25,20.19,50000,6/18/2026,WHITE,1.47,16,F,STOCK,None,F,F,3539000000,5675
6/2/2026,3:36:09 PM,SPCE,BLOCK,982,0.11,A,PUT,3,4.6657,10802,6/18/2026,WHITE,1.97,16,F,STOCK,Industrials,F,F,622000000,15363
6/2/2026,3:36:08 PM,UDR,SWEEP,471,0.3,A,CALL,40,36.6929,14127,7/17/2026,WHITE,0.26,45,F,STOCK,Real Estate,F,F,11989000000,2199
6/2/2026,3:36:02 PM,T,BLOCK,250,3.4,B,PUT,27,24.6054,85000,12/18/2026,WHITE,0.25,199,F,STOCK,Information Technology,F,F,172318000000,2836
6/2/2026,3:36:00 PM,PAYO,SWEEP,214,0.75,A,CALL,5,5.405,16050,6/18/2026,WHITE,1.2,16,F,STOCK,Information Technology,T,F,1740000000,2469
6/2/2026,3:36:00 PM,PLTR,BLOCK,200,2.16,A,PUT,150,152.57500000000002,43200,6/5/2026,MAGENTA,0.6,3,F,STOCK,Information Technology,F,T,375275000000,8410
6/2/2026,3:35:57 PM,MSTR,SWEEP,385,7.399,A,PUT,131,135.3,284848,6/18/2026,YELLOW,0.85,16,F,STOCK,Information Technology,F,F,55752000000,275
6/2/2026,3:35:57 PM,TSLA,SWEEP,100,1.36,B,PUT,400,419.99,13600,6/5/2026,WHITE,0.5,3,F,STOCK,Consumer Discretionary,F,T,1636707000000,6556
6/2/2026,3:35:55 PM,ESPR,SWEEP,500,0.2,A,CALL,3,3.13,10000,9/18/2026,WHITE,0.16,108,F,STOCK,Health Care,F,F,805000000,1437
6/2/2026,3:35:55 PM,MSTR,BLOCK,729,0.21,B,PUT,5,135.1,15309,9/17/2027,WHITE,1.4,472,F,STOCK,Information Technology,F,F,55752000000,1391
6/2/2026,3:35:53 PM,INFQ,SWEEP,500,1.0,A,CALL,25,20.11,50000,6/18/2026,WHITE,1.49,16,F,STOCK,None,F,F,3539000000,5675
6/2/2026,3:35:52 PM,MSFT,BLOCK,100,10.8,B,PUT,440,441.77000000000004,108000,6/18/2026,WHITE,0.32,16,F,STOCK,Information Technology,F,F,3344578000000,3728
6/2/2026,3:35:51 PM,NFLX,SWEEP,150,5.344,B,PUT,75,83.405,80153,1/15/2027,WHITE,0.38,227,F,STOCK,Communication Services,F,F,362212000000,9881
6/2/2026,3:35:50 PM,UDR,SWEEP,445,0.35,A,CALL,40,36.695,15564,7/17/2026,WHITE,0.27,45,F,STOCK,Real Estate,F,F,11989000000,2199
6/2/2026,3:35:50 PM,TSLA,BLOCK,220,0.62,B,CALL,452.5,419.9893,13640,6/5/2026,WHITE,0.54,3,F,STOCK,Consumer Discretionary,F,T,1636707000000,9649
6/2/2026,3:35:45 PM,AMZN,BLOCK,257,0.75,A,PUT,250,257.99,19275,6/5/2026,MAGENTA,0.36,3,F,STOCK,Consumer Discretionary,F,T,2911304000000,5173
6/2/2026,3:35:45 PM,PANW,BLOCK,280,1.35,A,PUT,180,295.84000000000003,37800,8/21/2026,MAGENTA,0.64,80,T,STOCK,Information Technology,F,F,229859000000,490
6/2/2026,3:35:44 PM,ONDS,BLOCK,500,1.0,A,CALL,13,13.68,50000,6/5/2026,WHITE,1.24,3,F,STOCK,Information Technology,F,T,6638000000,11058
6/2/2026,3:35:39 PM,AAPL,BLOCK,750,0.62,B,PUT,287.5,314.87,46500,6/18/2026,MAGENTA,0.3,16,F,STOCK,Information Technology,F,F,4583336000000,5417
6/2/2026,3:35:39 PM,NVDA,BLOCK,500,1.35,A,CALL,230,222.48000000000002,67500,6/5/2026,MAGENTA,0.49,3,F,STOCK,Information Technology,F,T,5109588000000,48407
6/2/2026,3:35:37 PM,META,BLOCK,100,6.65,B,CALL,635,600.2900000000001,66500,6/18/2026,WHITE,0.37,16,F,STOCK,Communication Services,F,F,1599968000000,2001
6/2/2026,3:35:37 PM,NVO,SWEEP,286,0.47,,PUT,40,43.035000000000004,13442,6/18/2026,WHITE,0.44,16,F,STOCK,Health Care,F,F,203514000000,24558
6/2/2026,3:35:36 PM,SHOP,SWEEP,660,1.985,A,CALL,126,117.07310000000001,131001,6/12/2026,YELLOW,0.66,10,F,STOCK,Information Technology,F,F,154044000000,122
6/2/2026,3:35:33 PM,HIMS,SWEEP,750,0.74,,CALL,28,27.525000000000002,55500,6/5/2026,MAGENTA,0.95,3,F,STOCK,Health Care,F,T,6052000000,3802
6/2/2026,3:35:25 PM,NOW,BLOCK,200,14.0,,CALL,125,128.1492,280000,7/17/2026,WHITE,0.69,45,F,STOCK,Information Technology,F,F,128225000000,8603
6/2/2026,3:35:23 PM,MRVL,BLOCK,200,51.7,A,CALL,280,285.7595,1034000,8/21/2026,MAGENTA,0.92,80,F,STOCK,Information Technology,F,F,183952000000,1564
6/2/2026,3:35:23 PM,SOFI,BLOCK,250,2.15,A,CALL,18,17.7266,53750,8/21/2026,WHITE,0.67,80,F,STOCK,Financials,F,F,23371000000,8416
6/2/2026,3:35:20 PM,NFLX,SWEEP,272,0.58,B,CALL,90,83.435,15776,6/18/2026,WHITE,0.37,16,F,STOCK,Communication Services,F,F,362212000000,36399
6/2/2026,3:35:15 PM,AAPL,BLOCK,114,7.72,B,CALL,380,314.90000000000003,88008,1/15/2027,WHITE,0.26,227,F,STOCK,Information Technology,F,F,4583336000000,2880
6/2/2026,3:35:11 PM,AMD,SWEEP,100,7.3,,PUT,450,516.07,73000,6/18/2026,WHITE,0.73,16,F,STOCK,Information Technology,F,F,841553000000,3535
6/2/2026,3:35:09 PM,NOW,BLOCK,200,14.1,A,CALL,125,128.25,282000,7/17/2026,WHITE,0.69,45,F,STOCK,Information Technology,F,F,128225000000,8603
6/2/2026,3:35:08 PM,FSLY,BLOCK,500,1.5,A,CALL,20,21.02,75000,6/5/2026,MAGENTA,1.21,3,F,STOCK,Information Technology,F,T,2780000000,5530
6/2/2026,3:35:06 PM,KOPN,BLOCK,500,0.55,A,CALL,6.5,6.155,27500,6/12/2026,YELLOW,1.7,10,F,STOCK,Information Technology,F,F,1044000000,37
6/2/2026,3:35:06 PM,TSLA,BLOCK,100,1.32,,PUT,400,420.31,13200,6/5/2026,WHITE,0.5,3,F,STOCK,Consumer Discretionary,F,T,1636707000000,6556
6/2/2026,3:35:03 PM,MSFT,BLOCK,150,5.45,B,CALL,445,441.9194,81750,6/5/2026,MAGENTA,0.43,3,F,STOCK,Information Technology,F,T,3344578000000,3785
6/2/2026,3:35:02 PM,HPE,BLOCK,201,3.25,B,PUT,54,55.81,65325,6/18/2026,YELLOW,0.9,16,F,STOCK,Information Technology,T,F,57107000000,11
6/2/2026,3:35:00 PM,MRVL,SWEEP,180,62.402,B,CALL,240,285.74,1123242,7/17/2026,WHITE,0.94,45,F,STOCK,Information Technology,F,F,183952000000,2763
6/2/2026,3:34:59 PM,CAG,SWEEP,201,1.6,B,PUT,13,12.835,32160,12/18/2026,MAGENTA,0.34,199,F,STOCK,Consumer Staples,F,F,6353000000,306
6/2/2026,3:34:59 PM,NVDA,SWEEP,250,5.003,B,CALL,220,222.49,125067,6/5/2026,WHITE,0.45,3,F,STOCK,Information Technology,F,T,5109588000000,33214
6/2/2026,3:34:56 PM,AEO,BLOCK,1000,0.15,B,PUT,14,16.02,15000,6/18/2026,WHITE,0.62,16,F,STOCK,Consumer Discretionary,F,F,2646000000,4633
6/2/2026,3:34:55 PM,NOW,BLOCK,200,14.11,A,CALL,125,128.35,282200,7/17/2026,WHITE,0.69,45,F,STOCK,Information Technology,F,F,128225000000,8603
6/2/2026,3:34:53 PM,IREN,BLOCK,292,1.07,A,PUT,45,65.925,31244,7/2/2026,MAGENTA,1.15,30,F,STOCK,Financials,F,F,22707000000,430
6/2/2026,3:34:53 PM,SPCE,SWEEP,254,0.4,A,CALL,10,4.675,10159,6/18/2026,MAGENTA,3.59,16,F,STOCK,Industrials,F,F,622000000,8891
6/2/2026,3:34:52 PM,SPCE,SWEEP,570,0.399,A,CALL,10,4.680000000000001,22764,6/18/2026,MAGENTA,3.58,16,F,STOCK,Industrials,F,F,622000000,8891
6/2/2026,3:34:52 PM,AAPU,SWEEP,193,1.35,B,CALL,43,42.325,26055,6/18/2026,YELLOW,0.47,16,F,STOCK,None,F,F,0,15
6/2/2026,3:34:51 PM,IREN,SWEEP,178,1.072,A,PUT,45,65.91,19082,7/2/2026,MAGENTA,1.15,30,F,STOCK,Financials,F,F,22707000000,430
6/2/2026,3:34:51 PM,HL,BLOCK,500,4.25,A,CALL,15,17.6406,212500,9/18/2026,WHITE,0.76,108,F,STOCK,Materials,F,F,11918000000,1002
6/2/2026,3:34:51 PM,POET,SWEEP,4994,0.05,A,PUT,6,13.91,24970,6/18/2026,YELLOW,2.16,16,F,STOCK,Information Technology,F,F,1887000000,3581
6/2/2026,3:34:50 PM,HOOD,SWEEP,983,0.2,A,CALL,130,88.0258,19660,6/18/2026,WHITE,0.95,16,F,STOCK,Financials,F,F,84917000000,4362
6/2/2026,3:34:46 PM,NVDA,SWEEP,300,0.34,A,CALL,230,222.52,10200,6/3/2026,MAGENTA,0.52,1,F,STOCK,Information Technology,F,T,5109588000000,19163
6/2/2026,3:34:45 PM,MSFT,BLOCK,650,0.74,BB,CALL,470,442.005,48100,6/5/2026,WHITE,0.48,3,F,STOCK,Information Technology,F,T,3344578000000,14932
6/2/2026,3:34:43 PM,CAG,BLOCK,328,1.6,B,PUT,13,12.82,52480,12/18/2026,YELLOW,0.33,199,F,STOCK,Consumer Staples,F,F,6353000000,306
6/2/2026,3:34:39 PM,GLW,SWEEP,150,6.9,A,CALL,210,198.12,103500,6/12/2026,MAGENTA,0.88,10,F,STOCK,Information Technology,F,F,155913000000,239
6/2/2026,3:34:35 PM,INFQ,BLOCK,492,1.45,,CALL,22.5,20.01,71340,6/18/2026,WHITE,1.41,16,F,STOCK,None,F,F,3539000000,4909
6/2/2026,3:34:33 PM,EVC,BLOCK,999,2.55,,CALL,10,9.095,254745,11/20/2026,WHITE,1.18,171,F,STOCK,Communication Services,F,F,835000000,5720
6/2/2026,3:34:32 PM,TSLA,SWEEP,207,2.01,A,PUT,415,420.26,41599,6/3/2026,MAGENTA,0.47,1,F,STOCK,Consumer Discretionary,F,T,1636707000000,2086
6/2/2026,3:34:25 PM,GOOGL,BLOCK,113,3.35,,CALL,362.5,363.66,37855,6/3/2026,YELLOW,0.36,1,F,STOCK,Communication Services,F,T,4608199000000,0
6/2/2026,3:34:25 PM,NVDA,SWEEP,200,1.36,A,CALL,230,222.5789,27200,6/5/2026,MAGENTA,0.49,3,F,STOCK,Information Technology,F,T,5109588000000,48407
6/2/2026,3:34:22 PM,META,BLOCK,99,3.7,B,CALL,615,600.5,36630,6/5/2026,MAGENTA,0.42,3,F,STOCK,Communication Services,F,T,1599968000000,2023
6/2/2026,3:34:22 PM,AMZN,SWEEP,743,0.75,B,PUT,250,258.103,55725,6/5/2026,MAGENTA,0.37,3,F,STOCK,Consumer Discretionary,F,T,2911304000000,5173
6/2/2026,3:34:21 PM,IONQ,BLOCK,150,7.44,B,PUT,45,71.61500000000001,111600,1/15/2027,WHITE,1.03,227,F,STOCK,Information Technology,F,F,26901000000,1170
6/2/2026,3:34:20 PM,GLW,BLOCK,200,6.95,A,CALL,210,197.9401,139000,6/12/2026,MAGENTA,0.89,10,F,STOCK,Information Technology,F,F,155913000000,239
6/2/2026,3:34:18 PM,ET,SWEEP,500,0.42,A,CALL,20,19.485,21000,7/17/2026,WHITE,0.25,45,F,STOCK,Energy,F,F,65967000000,34740
6/2/2026,3:34:16 PM,COIN,SWEEP,273,2.511,BB,PUT,167.5,173.095259,68557,6/5/2026,MAGENTA,0.78,3,F,STOCK,Financials,F,T,49802000000,878
6/2/2026,3:34:15 PM,SMR,BLOCK,400,0.8,A,CALL,14,14.14,32000,6/5/2026,MAGENTA,1.43,3,F,STOCK,Industrials,F,T,4630000000,4954
6/2/2026,3:34:13 PM,NU,BLOCK,2500,0.7,A,CALL,13,11.8216,175000,8/21/2026,YELLOW,0.51,80,F,STOCK,Financials,F,F,63755000000,1520
6/2/2026,3:34:09 PM,TSLA,SWEEP,500,0.55,A,PUT,330,420.32,27500,6/18/2026,WHITE,0.62,16,F,STOCK,Consumer Discretionary,F,F,1636707000000,11142
6/2/2026,3:34:09 PM,RBLX,BLOCK,198,2.45,,CALL,50,44.550000000000004,48510,7/17/2026,WHITE,0.7,45,F,STOCK,Communication Services,F,F,31665000000,3709
6/2/2026,3:34:07 PM,PUMP,BLOCK,547,1.3,B,CALL,17.5,16.2,71108,7/17/2026,MAGENTA,0.79,45,F,STOCK,Energy,F,F,1871000000,1300
6/2/2026,3:34:06 PM,NVDA,SWEEP,339,0.76,B,CALL,300,222.51500000000001,25764,7/17/2026,WHITE,0.49,45,F,STOCK,Information Technology,F,F,5109588000000,28476
6/2/2026,3:34:04 PM,APTV,BLOCK,250,17.827,B,CALL,60,73.25,445678,11/20/2026,WHITE,0.51,171,F,STOCK,Consumer Discretionary,T,F,14377000000,930
6/2/2026,3:34:02 PM,TER,BLOCK,288,45.0,B,CALL,430,389.29,1296000,8/21/2026,YELLOW,0.82,80,F,STOCK,Information Technology,F,F,58595000000,18
6/2/2026,3:34:02 PM,LAR,SWEEP,363,1.15,A,CALL,10,10.72,41745,6/18/2026,WHITE,0.84,16,F,STOCK,Materials,F,F,0,2549
6/2/2026,3:33:59 PM,MDT,BLOCK,597,0.58,B,PUT,60,73.775,34626,8/21/2026,YELLOW,0.36,80,T,STOCK,Health Care,F,F,94763000000,111
6/2/2026,3:33:55 PM,BP,BLOCK,150,2.85,A,PUT,35,43.460100000000004,42750,1/21/2028,WHITE,0.3,598,F,STOCK,Energy,F,F,109654000000,1400
6/2/2026,3:33:47 PM,MSTR,BLOCK,370,4.85,B,PUT,85,134.6325,179450,9/18/2026,WHITE,0.92,108,F,STOCK,Information Technology,F,F,55752000000,1220
6/2/2026,3:33:46 PM,PURR,BLOCK,200,2.55,,CALL,18,10.735000000000001,51000,9/18/2026,WHITE,1.84,108,F,STOCK,Industrials,F,F,1443000000,4056
6/2/2026,3:33:45 PM,ORCL,BLOCK,376,41.0,A,CALL,210,245.025,1541600,6/18/2026,WHITE,0.96,16,F,STOCK,Information Technology,F,F,649353000000,14616
6/2/2026,3:33:44 PM,META,BLOCK,100,3.64,B,CALL,615,600.33,36400,6/5/2026,MAGENTA,0.42,3,F,STOCK,Communication Services,F,T,1599968000000,2023
6/2/2026,3:33:39 PM,RKLB,BLOCK,300,1.35,B,CALL,175,124.10000000000001,40500,6/18/2026,WHITE,1.18,16,F,STOCK,Industrials,F,F,83039000000,929
6/2/2026,3:33:39 PM,META,BLOCK,100,11.6,B,CALL,595,600.34,116000,6/5/2026,MAGENTA,0.4,3,F,STOCK,Communication Services,F,T,1599968000000,256
6/2/2026,3:33:39 PM,AMPX,BLOCK,400,2.4,B,CALL,24,23.274800000000003,96000,6/26/2026,YELLOW,1.13,24,F,STOCK,Industrials,F,F,2872000000,176
6/2/2026,3:33:37 PM,MIR,SWEEP,391,2.151,B,CALL,17.5,17.9829,84088,8/21/2026,WHITE,0.56,80,F,STOCK,Information Technology,F,F,4577000000,13062
6/2/2026,3:33:37 PM,BMNR,BLOCK,200,2.8,B,CALL,25,17.55,56000,1/15/2027,WHITE,0.87,227,F,STOCK,Financials,F,F,10975000000,44118
6/2/2026,3:33:37 PM,VRNS,BLOCK,997,0.64,A,CALL,40,35.635,63808,6/18/2026,WHITE,0.68,16,F,STOCK,Information Technology,F,F,3920000000,3145
6/2/2026,3:33:35 PM,MIR,SWEEP,279,2.2,B,CALL,17.5,17.975,61380,8/21/2026,WHITE,0.57,80,F,STOCK,Information Technology,F,F,4577000000,13062
6/2/2026,3:33:29 PM,NVDA,BLOCK,195,2.71,B,CALL,232.5,222.41500000000002,52845,6/12/2026,MAGENTA,0.43,10,F,STOCK,Information Technology,F,F,5109588000000,1471
6/2/2026,3:33:28 PM,CSCO,SWEEP,185,3.75,A,CALL,130,127.85000000000001,69375,6/18/2026,WHITE,0.44,16,F,STOCK,Information Technology,F,F,474627000000,10740
6/2/2026,3:33:27 PM,INTC,SWEEP,203,0.79,B,CALL,150,107.17,16037,6/18/2026,MAGENTA,1.06,16,F,STOCK,Information Technology,F,F,576381000000,42093
6/2/2026,3:33:24 PM,BP,BLOCK,150,2.86,A,PUT,35,43.45,42900,1/21/2028,WHITE,0.3,598,F,STOCK,Energy,F,F,109654000000,1400
6/2/2026,3:33:20 PM,AAPL,SWEEP,100,1.31,A,CALL,320,314.97,13100,6/5/2026,MAGENTA,0.28,3,F,STOCK,Information Technology,F,T,4583336000000,26594
6/2/2026,3:33:17 PM,META,BLOCK,100,3.7,A,CALL,615,600.4769,37000,6/5/2026,MAGENTA,0.42,3,F,STOCK,Communication Services,F,T,1599968000000,2023
6/2/2026,3:33:17 PM,HD,BLOCK,199,21.5,A,CALL,330,311.6764,427850,1/15/2027,WHITE,0.3,227,F,STOCK,Consumer Discretionary,F,F,316225000000,926
6/2/2026,3:33:13 PM,EA,BLOCK,500,1.25,A,PUT,170,202.4,62500,8/21/2026,WHITE,0.3,80,F,STOCK,Information Technology,F,F,50581000000,6703
6/2/2026,3:33:12 PM,UMC,SWEEP,200,7.499,,CALL,18,22.41,149976,1/15/2027,YELLOW,0.8,227,F,STOCK,Information Technology,F,F,55841000000,195
6/2/2026,3:33:11 PM,SOFI,BLOCK,200,2.12,A,CALL,18,17.675,42400,8/21/2026,WHITE,0.67,80,F,STOCK,Financials,F,F,23371000000,8416
6/2/2026,3:33:10 PM,JOBY,BLOCK,200,0.51,A,CALL,15,11.9837,10200,7/17/2026,WHITE,0.84,45,F,STOCK,Industrials,F,F,11705000000,4380
6/2/2026,3:33:09 PM,SEDG,BLOCK,200,6.55,B,CALL,74,78.50500000000001,131000,6/5/2026,WHITE,1.41,3,F,STOCK,Information Technology,F,T,4643000000,536
6/2/2026,3:33:09 PM,NOK,BLOCK,500,1.98,A,CALL,20,16.845,99000,8/21/2026,WHITE,0.97,80,F,STOCK,Information Technology,F,F,85214000000,22291
6/2/2026,3:33:09 PM,AAPL,BLOCK,100,4.78,A,CALL,320,315.015,47800,6/18/2026,WHITE,0.26,16,F,STOCK,Information Technology,F,F,4583336000000,45554
6/2/2026,3:33:06 PM,NU,BLOCK,200,0.73,A,PUT,12.5,11.805,14600,6/5/2026,WHITE,0.55,3,F,STOCK,Financials,F,T,63755000000,4983
6/2/2026,3:33:04 PM,M,SWEEP,380,0.28,B,PUT,19,22.02,10640,6/18/2026,WHITE,0.73,16,T,STOCK,Consumer Discretionary,F,F,5739000000,742
6/2/2026,3:33:04 PM,KOPN,SWEEP,500,0.54,B,CALL,6.5,6.140000000000001,27000,6/12/2026,YELLOW,1.69,10,F,STOCK,Information Technology,F,F,1044000000,37
6/2/2026,3:33:03 PM,MSFT,SWEEP,200,1.1,A,CALL,500,441.885,22000,6/18/2026,WHITE,0.39,16,F,STOCK,Information Technology,F,F,3344578000000,28489
6/2/2026,3:32:55 PM,HOOD,SWEEP,250,0.68,A,CALL,95,88.08500000000001,17000,6/5/2026,WHITE,0.88,3,F,STOCK,Financials,F,T,84917000000,16792
6/2/2026,3:32:54 PM,AAPL,SWEEP,500,0.27,A,PUT,310,314.8927,13500,6/3/2026,MAGENTA,0.26,1,F,STOCK,Information Technology,F,T,4583336000000,1119
6/2/2026,3:32:53 PM,NET,SWEEP,182,23.65,B,CALL,280,273.791,430430,7/17/2026,MAGENTA,0.68,45,F,STOCK,Information Technology,F,F,85475000000,675
6/2/2026,3:32:52 PM,AAPL,SWEEP,100,2.01,,CALL,317.5,314.88,20100,6/5/2026,MAGENTA,0.27,3,F,STOCK,Information Technology,F,T,4583336000000,7096
6/2/2026,3:32:49 PM,MAR,SWEEP,102,7.791,B,CALL,370,375.08000000000004,79472,6/5/2026,WHITE,0.36,3,F,STOCK,Consumer Discretionary,F,T,99041000000,371
6/2/2026,3:32:49 PM,MAR,SWEEP,101,9.309,B,CALL,390,375.08000000000004,94017,7/17/2026,MAGENTA,0.29,45,F,STOCK,Consumer Discretionary,F,F,99041000000,131
6/2/2026,3:32:47 PM,AAPL,BLOCK,100,1.28,A,CALL,320,314.89,12800,6/5/2026,MAGENTA,0.28,3,F,STOCK,Information Technology,F,T,4583336000000,26594
6/2/2026,3:32:45 PM,HON,BLOCK,150,1.85,B,CALL,260,235.97,27750,6/18/2026,WHITE,0.45,16,F,STOCK,Industrials,F,F,150720000000,5921
6/2/2026,3:32:42 PM,INTC,SWEEP,397,4.25,B,PUT,108,107.2,168727,6/5/2026,WHITE,0.99,3,F,STOCK,Information Technology,F,T,576381000000,3280
6/2/2026,3:32:37 PM,ASTS,BLOCK,150,10.899,A,CALL,130,118.05000000000001,163478,6/26/2026,WHITE,1.28,24,F,STOCK,Information Technology,F,F,44017000000,693
6/2/2026,3:32:37 PM,NVO,SWEEP,192,0.54,A,PUT,42.5,43.03,10368,6/5/2026,WHITE,0.5,3,F,STOCK,Health Care,F,T,203514000000,2919
6/2/2026,3:32:35 PM,INTC,BLOCK,207,4.25,A,PUT,108,107.2,87975,6/5/2026,WHITE,0.99,3,F,STOCK,Information Technology,F,T,576381000000,3280
6/2/2026,3:32:34 PM,IREN,BLOCK,155,1.0,B,CALL,130,65.79,15500,7/17/2026,YELLOW,1.24,45,F,STOCK,Financials,F,F,22707000000,0
6/2/2026,3:32:34 PM,NVDA,SWEEP,200,1.34,A,CALL,230,222.513,26800,6/5/2026,MAGENTA,0.49,3,F,STOCK,Information Technology,F,T,5109588000000,48407
6/2/2026,3:32:27 PM,APPN,BLOCK,198,0.7,,CALL,30,26.880000000000003,13860,6/18/2026,WHITE,0.78,16,F,STOCK,Information Technology,F,F,1717000000,2950
6/2/2026,3:32:26 PM,NVDA,SWEEP,150,1.15,B,CALL,225,222.49,17250,6/3/2026,MAGENTA,0.47,1,F,STOCK,Information Technology,F,T,5109588000000,23319
6/2/2026,3:32:23 PM,C,BLOCK,505,0.43,A,PUT,113,131.54,21715,7/2/2026,YELLOW,0.37,30,F,STOCK,Financials,F,F,214732000000,10
6/2/2026,3:32:23 PM,INTC,BLOCK,203,4.25,A,PUT,108,107.24000000000001,86275,6/5/2026,WHITE,0.99,3,F,STOCK,Information Technology,F,T,576381000000,3280
6/2/2026,3:32:23 PM,NVDA,SWEEP,300,8.4,B,CALL,225,222.5286,252000,6/26/2026,MAGENTA,0.41,24,F,STOCK,Information Technology,F,F,5109588000000,7273
6/2/2026,3:32:16 PM,PLTR,SWEEP,200,2.04,B,PUT,150,152.81,40800,6/5/2026,MAGENTA,0.6,3,F,STOCK,Information Technology,F,T,375275000000,8410
6/2/2026,3:32:15 PM,PENN,SWEEP,200,1.0,B,CALL,20,20.3378,20006,6/18/2026,WHITE,0.48,16,F,STOCK,Consumer Discretionary,F,F,2520000000,4154
6/2/2026,3:32:14 PM,C,BLOCK,503,0.43,A,PUT,113,131.51500000000001,21629,7/2/2026,YELLOW,0.37,30,F,STOCK,Financials,F,F,214732000000,10
6/2/2026,3:32:13 PM,TSLA,BLOCK,100,1.53,,CALL,500,420.39000000000004,15300,6/18/2026,WHITE,0.55,16,F,STOCK,Consumer Discretionary,F,F,1636707000000,38930
6/2/2026,3:32:10 PM,SNAP,BLOCK,715,0.19,A,CALL,6,5.69,13585,6/18/2026,WHITE,0.65,16,F,STOCK,Information Technology,F,F,9643000000,49606
6/2/2026,3:32:10 PM,ROOT,BLOCK,177,2.65,A,PUT,50,55.4011,46905,7/17/2026,YELLOW,0.67,45,F,STOCK,Financials,F,F,823000000,165
6/2/2026,3:32:09 PM,GLXY,BLOCK,400,3.05,B,CALL,30,28.8797,122000,7/17/2026,WHITE,0.86,45,F,STOCK,Financials,F,F,11533000000,2834
6/2/2026,3:32:08 PM,PUMP,SWEEP,167,1.275,A,CALL,17.5,16.215,21300,7/17/2026,MAGENTA,0.78,45,F,STOCK,Energy,F,F,1871000000,1300
6/2/2026,3:32:07 PM,LAES,BLOCK,250,0.43,A,CALL,4,3.745,10750,7/17/2026,WHITE,1.01,45,F,STOCK,Information Technology,F,F,671000000,2412
6/2/2026,3:32:06 PM,IBM,SWEEP,256,14.501,A,CALL,330,330.375,371220,6/12/2026,MAGENTA,0.66,10,F,STOCK,Information Technology,F,F,279897000000,364
6/2/2026,3:32:06 PM,AA,SWEEP,357,8.699,A,CALL,110,84.1228,310565,12/18/2026,WHITE,0.66,199,F,STOCK,Materials,F,F,20488000000,680
6/2/2026,3:32:05 PM,NBIS,BLOCK,200,16.0,A,PUT,270,262.86,320000,6/5/2026,MAGENTA,1.26,3,F,STOCK,Information Technology,F,T,58469000000,4394
6/2/2026,3:32:05 PM,DVN,SWEEP,1000,0.52,B,CALL,55,46.483200000000004,52000,7/17/2026,WHITE,0.43,45,F,STOCK,Energy,F,F,27646000000,30688
6/2/2026,3:32:04 PM,ASTS,BLOCK,205,7.7,A,CALL,125,118.03,157850,6/12/2026,WHITE,1.35,10,F,STOCK,Information Technology,F,F,44017000000,2513
6/2/2026,3:31:58 PM,INTC,BLOCK,500,0.27,A,PUT,80,107.21000000000001,13500,6/12/2026,WHITE,1.03,10,F,STOCK,Information Technology,F,F,576381000000,5365
6/2/2026,3:31:55 PM,GOOG,BLOCK,100,7.0,B,PUT,300,360.6,70000,10/16/2026,WHITE,0.35,136,F,STOCK,Communication Services,F,F,4560826000000,1203
6/2/2026,3:31:54 PM,NVDA,SWEEP,216,1.05,A,PUT,220,222.45000000000002,22680,6/3/2026,MAGENTA,0.44,1,F,STOCK,Information Technology,F,T,5109588000000,5677
6/2/2026,3:31:53 PM,AMC,SWEEP,300,0.68,B,CALL,2,2.0100000000000002,20400,1/15/2027,WHITE,1.17,227,F,STOCK,Communication Services,F,F,1058000000,23961
6/2/2026,3:31:50 PM,SO,BLOCK,250,1.1,B,CALL,100,90.58500000000001,27500,9/18/2026,WHITE,0.21,108,F,STOCK,Utilities,F,F,103768000000,3539
6/2/2026,3:31:47 PM,NVDA,SWEEP,160,1.01,A,PUT,220,222.555,16160,6/3/2026,MAGENTA,0.44,1,F,STOCK,Information Technology,F,T,5109588000000,5677
6/2/2026,3:31:46 PM,IONQ,SWEEP,200,1.098,A,CALL,80,71.62,21965,6/5/2026,MAGENTA,1.44,3,F,STOCK,Information Technology,F,T,26901000000,1474
6/2/2026,3:31:46 PM,ENVX,SWEEP,1000,0.22,B,CALL,9,8.6899,22000,6/5/2026,MAGENTA,1.1,3,F,STOCK,Industrials,F,T,1740000000,1531
6/2/2026,3:31:45 PM,MRVL,SWEEP,211,0.05,A,PUT,167.5,285.435,1055,6/5/2026,MAGENTA,2.2,3,F,STOCK,Information Technology,F,T,183952000000,318
6/2/2026,3:31:44 PM,TSLA,SWEEP,156,1.74,A,PUT,365,420.1773,27144,6/18/2026,WHITE,0.51,16,F,STOCK,Consumer Discretionary,F,F,1636707000000,4031
6/2/2026,3:31:43 PM,CLSK,BLOCK,190,1.8,A,CALL,35,17.645,34200,1/15/2027,WHITE,0.95,227,F,STOCK,Financials,F,F,4693000000,24227
6/2/2026,3:31:40 PM,PCG,BLOCK,213,1.68,A,PUT,17,16.650000000000002,35784,9/18/2026,WHITE,0.43,108,F,STOCK,Utilities,F,F,43790000000,15177
6/2/2026,3:31:40 PM,NOK,SWEEP,250,1.17,,CALL,20,16.8601,29250,7/17/2026,WHITE,0.94,45,F,STOCK,Information Technology,F,F,85214000000,49674
6/2/2026,3:31:39 PM,ACHR,SWEEP,390,0.509,A,CALL,15,6.79,19866,1/15/2027,WHITE,0.92,227,F,STOCK,Industrials,F,F,5172000000,21693
6/2/2026,3:31:39 PM,ZM,SWEEP,237,2.13,B,CALL,120,111.795,50473,6/18/2026,WHITE,0.54,16,F,STOCK,Information Technology,F,F,29935000000,7411
6/2/2026,3:31:39 PM,FSLR,BLOCK,1500,3.35,B,PUT,140,311.15000000000003,502500,1/15/2027,WHITE,0.7,227,F,STOCK,Information Technology,F,F,32965000000,12126
6/2/2026,3:31:38 PM,NOK,BLOCK,312,0.69,,CALL,20,16.865000000000002,21528,6/26/2026,WHITE,0.98,24,F,STOCK,Information Technology,F,F,85214000000,6349
6/2/2026,3:31:36 PM,KOS,SWEEP,500,0.55,A,CALL,2.5,2.9733,27499,6/18/2026,WHITE,1.06,16,F,STOCK,Energy,F,F,1660000000,8839
6/2/2026,3:31:34 PM,TSLA,SWEEP,120,1.42,A,PUT,360,420.185,17040,6/18/2026,WHITE,0.52,16,F,STOCK,Consumer Discretionary,F,F,1636707000000,10595
6/2/2026,3:31:34 PM,NFLX,SWEEP,750,0.26,B,CALL,95,83.415,19500,6/18/2026,WHITE,0.42,16,F,STOCK,Communication Services,F,F,362212000000,25704
6/2/2026,3:31:34 PM,TENB,BLOCK,202,2.07,B,CALL,30,30.580000000000002,41820,6/18/2026,WHITE,0.69,16,F,STOCK,Information Technology,F,F,3112000000,1556
6/2/2026,3:31:33 PM,IREN,SWEEP,200,5.25,B,CALL,62,66.09,105000,6/5/2026,WHITE,1.17,3,F,STOCK,Financials,F,T,22707000000,1898
6/2/2026,3:31:32 PM,IBM,BLOCK,109,5.7,A,CALL,340,330.5051,62130,6/5/2026,MAGENTA,0.8,3,F,STOCK,Information Technology,F,T,279897000000,4997
6/2/2026,3:31:30 PM,KOPN,SWEEP,200,0.65,A,CALL,6.5,6.1511000000000005,13000,6/18/2026,YELLOW,1.54,16,F,STOCK,Information Technology,F,F,1044000000,121
6/2/2026,3:31:28 PM,CRCL,SWEEP,260,0.4,,CALL,115,99.54,10400,6/5/2026,WHITE,1.13,3,F,STOCK,Financials,F,T,28089000000,1570
6/2/2026,3:31:27 PM,KOS,SWEEP,500,0.55,A,CALL,2.5,2.95,27500,6/18/2026,WHITE,1.17,16,F,STOCK,Energy,F,F,1660000000,8839
6/2/2026,3:31:27 PM,MAR,SWEEP,115,7.679,BB,CALL,370,374.8774,88307,6/5/2026,WHITE,0.36,3,F,STOCK,Consumer Discretionary,F,T,99041000000,371
6/2/2026,3:31:25 PM,NFLX,SWEEP,150,1.7,B,CALL,85,83.415,25500,6/18/2026,WHITE,0.34,16,F,STOCK,Communication Services,F,F,362212000000,6026
6/2/2026,3:31:22 PM,AAPL,BLOCK,398,0.75,A,CALL,317.5,314.90000000000003,29850,6/3/2026,MAGENTA,0.26,1,F,STOCK,Information Technology,F,T,4583336000000,5037
6/2/2026,3:31:20 PM,TSLA,SWEEP,175,1.17,A,PUT,355,420.3629,20475,6/18/2026,WHITE,0.53,16,F,STOCK,Consumer Discretionary,F,F,1636707000000,3241
6/2/2026,3:31:20 PM,KOS,SWEEP,500,0.55,A,CALL,2.5,2.955002,27500,6/18/2026,WHITE,1.14,16,F,STOCK,Energy,F,F,1660000000,8839
6/2/2026,3:31:19 PM,IBM,BLOCK,201,2.06,A,CALL,450,330.44,41406,6/26/2026,WHITE,0.78,24,F,STOCK,Information Technology,F,F,279897000000,275
6/2/2026,3:31:18 PM,IBM,BLOCK,145,5.75,A,CALL,340,330.475,83375,6/5/2026,MAGENTA,0.81,3,F,STOCK,Information Technology,F,T,279897000000,4997
6/2/2026,3:31:17 PM,META,BLOCK,180,2.65,,CALL,650,600.5400000000001,47700,6/12/2026,WHITE,0.41,10,F,STOCK,Communication Services,F,F,1599968000000,3567
6/2/2026,3:31:16 PM,TWLO,BLOCK,209,2.75,B,CALL,270,227.935,57475,6/18/2026,YELLOW,0.74,16,F,STOCK,Information Technology,F,F,28934000000,49
6/2/2026,3:31:16 PM,LAC,BLOCK,254,0.59,B,PUT,6,5.795,14986,6/18/2026,YELLOW,0.99,16,F,STOCK,Materials,F,F,1829000000,3
6/2/2026,3:31:14 PM,LAC,BLOCK,280,0.59,B,PUT,6,5.8,16520,6/18/2026,YELLOW,0.99,16,F,STOCK,Materials,F,F,1829000000,3
6/2/2026,3:31:14 PM,MRVL,SWEEP,2500,0.06,AA,PUT,167.5,285.68,14913,6/5/2026,YELLOW,2.24,3,F,STOCK,Information Technology,F,T,183952000000,318
6/2/2026,3:31:10 PM,KOS,SWEEP,500,0.55,A,CALL,2.5,2.96,27500,6/18/2026,WHITE,1.12,16,F,STOCK,Energy,F,F,1660000000,8839
6/2/2026,3:31:08 PM,MU,BLOCK,100,10.2,A,CALL,1165,1060.05,102000,6/5/2026,WHITE,1.1,3,F,STOCK,Information Technology,F,T,1095029000000,297
6/2/2026,3:31:06 PM,MRVL,SWEEP,14500,0.06,AA,PUT,167.5,285.805,86670,6/5/2026,YELLOW,2.25,3,F,STOCK,Information Technology,F,T,183952000000,318
6/2/2026,3:31:06 PM,ORCL,BLOCK,1000,19.76,B,CALL,280,244.96,1976000,8/21/2026,WHITE,0.7,80,F,STOCK,Information Technology,F,F,649353000000,2580
6/2/2026,3:31:04 PM,AAOI,SWEEP,150,0.75,A,PUT,100,201.76000000000002,11243,6/18/2026,WHITE,1.85,16,F,STOCK,Information Technology,F,F,12711000000,1599
6/2/2026,3:31:03 PM,INFQ,SWEEP,150,4.503,A,CALL,17.5,19.76,67542,7/17/2026,WHITE,1.24,45,F,STOCK,None,F,F,3539000000,11382
6/2/2026,3:31:03 PM,CRDO,SWEEP,200,1.809,AA,CALL,275,232.65,36180,6/5/2026,WHITE,1.5,3,F,STOCK,Information Technology,F,T,43535000000,945
6/2/2026,3:31:01 PM,AAOI,SWEEP,150,0.75,B,PUT,100,201.535,11250,6/18/2026,WHITE,1.85,16,F,STOCK,Information Technology,F,F,12711000000,1599
6/2/2026,3:31:01 PM,GTLB,BLOCK,196,0.91,B,PUT,27,32.545,17836,6/5/2026,MAGENTA,2.68,3,T,STOCK,Information Technology,F,T,5281000000,309
6/2/2026,3:31:00 PM,NVDA,SWEEP,201,1.22,B,CALL,225,222.67000000000002,24523,6/3/2026,MAGENTA,0.47,1,F,STOCK,Information Technology,F,T,5109588000000,23319
6/2/2026,3:31:00 PM,NVDA,BLOCK,199,1.38,B,CALL,230,222.67000000000002,27462,6/5/2026,MAGENTA,0.49,3,F,STOCK,Information Technology,F,T,5109588000000,48407
6/2/2026,3:30:57 PM,ORCL,BLOCK,200,20.68,A,CALL,240,244.775,413600,6/12/2026,WHITE,1.13,10,F,STOCK,Information Technology,F,F,649353000000,2303
6/2/2026,3:30:56 PM,AMZN,SWEEP,900,1.21,A,PUT,230,257.88,108900,7/2/2026,YELLOW,0.33,30,F,STOCK,Consumer Discretionary,F,F,2911304000000,173
6/2/2026,3:30:53 PM,BZAI,BLOCK,203,0.6,B,CALL,5,1.905,12180,1/21/2028,WHITE,1.13,598,F,STOCK,None,F,F,250000000,16089
6/2/2026,3:30:52 PM,PANW,BLOCK,342,1.35,A,PUT,180,296.2095,46170,8/21/2026,WHITE,0.64,80,T,STOCK,Information Technology,F,F,229859000000,490
6/2/2026,3:30:51 PM,TSLA,SWEEP,328,0.7,A,PUT,340,420.16,22960,6/18/2026,WHITE,0.57,16,F,STOCK,Consumer Discretionary,F,F,1636707000000,8288
6/2/2026,3:30:50 PM,LAES,BLOCK,250,0.43,A,CALL,4,3.6950000000000003,10750,7/17/2026,WHITE,1.05,45,F,STOCK,Information Technology,F,F,671000000,2412
6/2/2026,3:30:49 PM,CRWV,SWEEP,200,0.741,A,CALL,135,119.89620000000001,14821,6/5/2026,MAGENTA,1.1,3,F,STOCK,Information Technology,F,T,49022000000,2644
6/2/2026,3:30:48 PM,SMCI,BLOCK,200,12.6,A,CALL,55,50.38,252000,1/15/2027,WHITE,0.89,227,F,STOCK,Information Technology,F,F,27719000000,4691
6/2/2026,3:30:46 PM,NOW,SWEEP,200,0.55,A,CALL,170,128.1842,11000,6/12/2026,YELLOW,1.04,10,F,STOCK,Information Technology,F,F,128225000000,98
6/2/2026,3:30:46 PM,NBIS,SWEEP,3019,0.12,,PUT,165,263,36209,6/5/2026,WHITE,2.17,3,F,STOCK,Information Technology,F,T,58469000000,5095
6/2/2026,3:30:45 PM,KOS,BLOCK,350,0.55,B,CALL,2.5,2.96,19250,6/18/2026,WHITE,1.12,16,F,STOCK,Energy,F,F,1660000000,8839
6/2/2026,3:30:43 PM,AVGO,SWEEP,150,0.71,A,PUT,400,476.4905,10650,6/5/2026,WHITE,1.11,3,T,STOCK,Information Technology,F,T,2115307000000,4921
6/2/2026,3:30:41 PM,TSLA,BLOCK,100,1.22,B,CALL,430,420.28000000000003,12200,6/3/2026,MAGENTA,0.51,1,F,STOCK,Consumer Discretionary,F,T,1636707000000,6432
6/2/2026,3:30:36 PM,RGTI,BLOCK,200,0.66,A,CALL,29,26.365000000000002,13200,6/5/2026,WHITE,1.65,3,F,STOCK,Information Technology,F,T,8489000000,2740
6/2/2026,3:30:35 PM,META,BLOCK,150,3.05,B,CALL,625,600.7246,45750,6/8/2026,MAGENTA,0.36,6,F,STOCK,Communication Services,F,F,1599968000000,154
6/2/2026,3:30:34 PM,IONQ,BLOCK,300,1.0,A,CALL,80,71.1812,30000,6/5/2026,MAGENTA,1.44,3,F,STOCK,Information Technology,F,T,26901000000,1474
6/2/2026,3:30:33 PM,CSCO,SWEEP,201,5.7,A,CALL,123,127.93010000000001,114570,6/5/2026,WHITE,0.55,3,F,STOCK,Information Technology,F,T,474627000000,5574
6/2/2026,3:30:30 PM,TSLA,SWEEP,303,1.7,B,PUT,365,420.41,51510,6/18/2026,WHITE,0.51,16,F,STOCK,Consumer Discretionary,F,F,1636707000000,4031
6/2/2026,3:30:29 PM,MSFT,SWEEP,100,7.616,B,CALL,440,441.81,76162,6/5/2026,WHITE,0.42,3,F,STOCK,Information Technology,F,T,3344578000000,5676
6/2/2026,3:30:27 PM,NVDA,SWEEP,150,0.967,B,PUT,220,222.7184,14500,6/3/2026,MAGENTA,0.44,1,F,STOCK,Information Technology,F,T,5109588000000,5677
6/2/2026,3:30:26 PM,TSLA,SWEEP,219,0.61,A,PUT,335,420.36,13359,6/18/2026,WHITE,0.59,16,F,STOCK,Consumer Discretionary,F,F,1636707000000,3939
6/2/2026,3:30:21 PM,AAPL,SWEEP,100,8.006,B,CALL,315,314.8,80060,6/26/2026,WHITE,0.24,24,F,STOCK,Information Technology,F,F,4583336000000,1941
6/2/2026,3:30:21 PM,ACHR,SWEEP,401,0.5,A,CALL,15,6.78,20050,1/15/2027,WHITE,0.92,227,F,STOCK,Industrials,F,F,5172000000,21693
6/2/2026,3:30:21 PM,ARM,SWEEP,190,14.25,,PUT,195,403.68,270750,12/18/2026,MAGENTA,0.96,199,F,STOCK,Information Technology,F,F,373255000000,1099
6/2/2026,3:30:19 PM,EOSE,SWEEP,500,1.45,,CALL,10,9.6701,72500,7/17/2026,WHITE,1.17,45,F,STOCK,Industrials,F,F,2862000000,28060
6/2/2026,3:30:18 PM,RIOT,BLOCK,300,0.99,A,PUT,25,27.130000000000003,29700,6/18/2026,WHITE,0.86,16,F,STOCK,Financials,F,F,10251000000,1072
6/2/2026,3:30:10 PM,TSLA,BLOCK,100,37.45,B,CALL,425,420.245,374500,8/21/2026,MAGENTA,0.49,80,F,STOCK,Consumer Discretionary,F,F,1636707000000,236
6/2/2026,3:30:06 PM,VELO,BLOCK,349,0.85,,CALL,30,22.0044,29665,6/18/2026,WHITE,1.62,16,F,STOCK,Industrials,F,F,715000000,4086
6/2/2026,3:30:04 PM,AAOI,BLOCK,150,33.5,A,CALL,170,201.262786,502500,6/5/2026,WHITE,1.76,3,F,STOCK,Information Technology,F,T,12711000000,970
6/2/2026,3:30:04 PM,BABA,BLOCK,1314,2.7,B,CALL,136,131.1,354780,6/18/2026,YELLOW,0.42,16,F,STOCK,Consumer Discretionary,F,F,298010000000,731
6/2/2026,3:30:04 PM,NTSK,BLOCK,283,0.6,,CALL,15,12.385,16980,6/18/2026,WHITE,1.38,16,T,STOCK,Information Technology,F,F,4859000000,2313
6/2/2026,3:30:03 PM,RGTI,BLOCK,150,1.541,A,CALL,30,26.23,23115,6/18/2026,WHITE,1.31,16,F,STOCK,Information Technology,F,F,8489000000,12225
6/2/2026,3:30:03 PM,PANW,SWEEP,161,2.074,B,CALL,380,295.825,33386,6/5/2026,YELLOW,1.94,3,T,STOCK,Information Technology,F,T,229859000000,0
6/2/2026,3:30:03 PM,NVDA,BLOCK,165,2.73,B,CALL,225,222.63,45045,6/5/2026,WHITE,0.47,3,F,STOCK,Information Technology,F,T,5109588000000,79235
6/2/2026,3:30:02 PM,NVDA,SWEEP,539,2.73,A,CALL,225,222.63,147147,6/5/2026,WHITE,0.47,3,F,STOCK,Information Technology,F,T,5109588000000,79235
6/2/2026,3:30:01 PM,UMAC,BLOCK,300,1.8,A,CALL,35,33.88,54000,6/5/2026,MAGENTA,1.86,3,F,STOCK,Information Technology,F,T,1518000000,378
6/2/2026,3:29:59 PM,RGTI,SWEEP,2334,1.24,B,CALL,34,26.19,289416,6/26/2026,YELLOW,1.3,24,F,STOCK,Information Technology,F,F,8489000000,28
6/2/2026,3:29:59 PM,NVDA,SWEEP,223,1.189,A,CALL,225,222.6456,26517,6/3/2026,MAGENTA,0.46,1,F,STOCK,Information Technology,F,T,5109588000000,23319
6/2/2026,3:29:53 PM,GOOGL,BLOCK,190,0.74,A,CALL,370,363.665,14060,6/3/2026,YELLOW,0.37,1,F,STOCK,Communication Services,F,T,4608199000000,93
6/2/2026,3:29:51 PM,RCAT,BLOCK,600,1.08,B,CALL,14,14.91,64800,6/5/2026,MAGENTA,0.95,3,F,STOCK,Information Technology,F,T,1779000000,1344
6/2/2026,3:29:51 PM,CLSK,SWEEP,690,0.25,B,CALL,19,17.6374,17250,6/5/2026,MAGENTA,1.12,3,F,STOCK,Financials,F,T,4693000000,2241
6/2/2026,3:29:49 PM,TSLA,SWEEP,253,0.52,A,PUT,330,420.42,13156,6/18/2026,WHITE,0.61,16,F,STOCK,Consumer Discretionary,F,F,1636707000000,11142
6/2/2026,3:29:46 PM,TSM,SWEEP,266,1.96,A,PUT,400,445.74330000000003,52124,6/12/2026,WHITE,0.53,10,F,STOCK,Information Technology,F,F,2167571000000,1099
6/2/2026,3:29:42 PM,NVDA,SWEEP,722,6.7,B,CALL,217.5,222.5902,483764,6/5/2026,WHITE,0.45,3,F,STOCK,Information Technology,F,T,5109588000000,53958
6/2/2026,3:29:41 PM,NVDA,SWEEP,874,3.4,B,CALL,225,222.5901,297160,6/8/2026,MAGENTA,0.39,6,F,STOCK,Information Technology,F,F,5109588000000,3609
6/2/2026,3:29:41 PM,MSTR,SWEEP,169,6.748,A,PUT,115,134.19,114049,7/17/2026,WHITE,0.84,45,F,STOCK,Information Technology,F,F,55752000000,1302
6/2/2026,3:29:40 PM,MSTR,SWEEP,353,6.748,A,PUT,115,134.1539,238215,7/17/2026,WHITE,0.84,45,F,STOCK,Information Technology,F,F,55752000000,1302
6/2/2026,3:29:39 PM,C,SWEEP,560,0.88,A,PUT,123,131.375,49280,6/18/2026,YELLOW,0.34,16,F,STOCK,Financials,F,F,214732000000,301
6/2/2026,3:29:39 PM,CLSK,BLOCK,200,3.65,A,CALL,18,17.635,73000,9/18/2026,WHITE,0.99,108,F,STOCK,Financials,F,F,4693000000,4115
6/2/2026,3:29:39 PM,NVDA,BLOCK,308,6.75,A,CALL,217.5,222.595,207900,6/5/2026,WHITE,0.45,3,F,STOCK,Information Technology,F,T,5109588000000,53958
6/2/2026,3:29:39 PM,EOSE,SWEEP,342,0.34,A,CALL,11.5,9.663,11628,6/12/2026,YELLOW,1.44,10,F,STOCK,Industrials,F,F,2862000000,253
6/2/2026,3:29:37 PM,GOOGL,BLOCK,200,1.3,A,PUT,360,363.6095,26000,6/3/2026,MAGENTA,0.36,1,F,STOCK,Communication Services,F,T,4608199000000,1035
6/2/2026,3:29:34 PM,MU,SWEEP,120,28.0,,PUT,850,1059.635,336000,6/26/2026,WHITE,1.03,24,F,STOCK,Information Technology,F,F,1095029000000,731
6/2/2026,3:29:29 PM,ORCL,BLOCK,181,4.65,A,CALL,250,244.655,84165,6/5/2026,MAGENTA,0.78,3,F,STOCK,Information Technology,F,T,649353000000,10634
6/2/2026,3:29:27 PM,NVDA,SWEEP,201,1.2,A,CALL,225,222.6604,24119,6/3/2026,MAGENTA,0.46,1,F,STOCK,Information Technology,F,T,5109588000000,23319
6/2/2026,3:29:26 PM,NVDA,SWEEP,181,2.802,B,CALL,420,222.68,50710,1/15/2027,WHITE,0.5,227,F,STOCK,Information Technology,F,F,5109588000000,12217
6/2/2026,3:29:26 PM,NOK,BLOCK,200,1.52,A,CALL,25,16.843700000000002,30405,9/18/2026,WHITE,1,108,F,STOCK,Information Technology,F,F,85214000000,25597
6/2/2026,3:29:26 PM,CRS,SWEEP,123,12.6,B,CALL,510,486.21000000000004,154980,6/18/2026,YELLOW,0.54,16,F,STOCK,Industrials,F,F,23301000000,12
6/2/2026,3:29:26 PM,ONDS,BLOCK,200,0.66,A,CALL,13.5,13.601,13200,6/5/2026,WHITE,1.24,3,F,STOCK,Information Technology,F,T,6638000000,10352
6/2/2026,3:29:26 PM,EOSE,SWEEP,220,0.559,B,CALL,10.5,9.65,12300,6/12/2026,MAGENTA,1.39,10,F,STOCK,Industrials,F,F,2862000000,1337
6/2/2026,3:29:25 PM,CVX,SWEEP,483,0.21,B,CALL,197.5,188.1498,10143,6/5/2026,MAGENTA,0.37,3,F,STOCK,Energy,F,T,363387000000,572
6/2/2026,3:29:23 PM,CSCO,BLOCK,151,1.63,A,CALL,130,127.78500000000001,24613,6/5/2026,MAGENTA,0.55,3,F,STOCK,Information Technology,F,T,474627000000,2341
6/2/2026,3:29:20 PM,PG,SWEEP,151,3.62,B,PUT,144,140.7581,54660,6/5/2026,WHITE,0.28,3,F,STOCK,Consumer Staples,F,T,334293000000,372
6/2/2026,3:29:19 PM,NOK,SWEEP,200,1.521,A,CALL,25,16.845,30415,9/18/2026,WHITE,1,108,F,STOCK,Information Technology,F,F,85214000000,25597
6/2/2026,3:29:19 PM,C,SWEEP,414,0.87,A,PUT,123,131.385,36018,6/18/2026,YELLOW,0.34,16,F,STOCK,Financials,F,F,214732000000,301
6/2/2026,3:29:18 PM,ASTS,BLOCK,176,11.8,A,CALL,120,117.54,207680,6/18/2026,WHITE,1.31,16,F,STOCK,Information Technology,F,F,44017000000,8834
6/2/2026,3:29:17 PM,TSSI,BLOCK,199,2.25,A,CALL,30,15.145000000000001,44775,1/15/2027,MAGENTA,1.11,227,F,STOCK,Information Technology,F,F,462000000,410
6/2/2026,3:29:16 PM,NVDA,SWEEP,207,2.156,A,CALL,222.5,222.65,44625,6/3/2026,MAGENTA,0.45,1,F,STOCK,Information Technology,F,T,5109588000000,7335
6/2/2026,3:29:14 PM,NVDA,SWEEP,311,0.11,B,CALL,235,222.65200000000002,3421,6/3/2026,MAGENTA,0.58,1,F,STOCK,Information Technology,F,T,5109588000000,9182
6/2/2026,3:29:12 PM,NOK,BLOCK,200,1.52,A,CALL,25,16.845,30400,9/18/2026,WHITE,1,108,F,STOCK,Information Technology,F,F,85214000000,25597
6/2/2026,3:29:10 PM,NOK,SWEEP,798,0.96,A,CALL,17,16.843,76608,6/12/2026,MAGENTA,0.92,10,F,STOCK,Information Technology,F,F,85214000000,7003
6/2/2026,3:29:10 PM,NOK,SWEEP,214,0.56,A,CALL,17,16.843,11984,6/5/2026,MAGENTA,1.04,3,F,STOCK,Information Technology,F,T,85214000000,18876
6/2/2026,3:29:09 PM,IBM,SWEEP,205,10.0,A,CALL,350,329.765,204990,6/18/2026,WHITE,0.65,16,F,STOCK,Information Technology,F,F,279897000000,4426
6/2/2026,3:29:07 PM,IBM,BLOCK,410,8.3,A,CALL,400,329.8142,340300,7/17/2026,MAGENTA,0.62,45,F,STOCK,Information Technology,F,F,279897000000,1955
6/2/2026,3:29:06 PM,NFLX,SWEEP,436,0.23,B,CALL,100,83.465,10028,6/26/2026,WHITE,0.43,24,F,STOCK,Communication Services,F,F,362212000000,1655
6/2/2026,3:29:06 PM,NVDA,BLOCK,304,1.41,BB,CALL,230,222.75,42856,6/5/2026,MAGENTA,0.49,3,F,STOCK,Information Technology,F,T,5109588000000,48407
6/2/2026,3:29:05 PM,TRGP,BLOCK,150,0.8,A,CALL,290,264.26,12000,6/18/2026,WHITE,0.33,16,F,STOCK,Energy,F,F,54749000000,613
6/2/2026,3:29:01 PM,HOOD,BLOCK,150,1.72,A,CALL,90,87.89500000000001,25800,6/5/2026,MAGENTA,0.82,3,F,STOCK,Financials,F,T,84917000000,9742
6/2/2026,3:29:00 PM,NVDA,SWEEP,159,1.25,BB,CALL,225,222.845,19880,6/3/2026,MAGENTA,0.46,1,F,STOCK,Information Technology,F,T,5109588000000,23319
6/2/2026,3:28:58 PM,MU,BLOCK,102,14.35,A,PUT,360,1057.7901,146370,1/15/2027,WHITE,0.96,227,F,STOCK,Information Technology,F,F,1095029000000,2647
6/2/2026,3:28:57 PM,LI,SWEEP,266,0.85,A,CALL,15.5,15.4138,22610,7/2/2026,YELLOW,0.5,30,F,STOCK,Consumer Discretionary,F,F,16032000000,25
6/2/2026,3:28:56 PM,MU,SWEEP,880,14.35,AA,PUT,360,1058.0072,1262829,1/15/2027,WHITE,0.96,227,F,STOCK,Information Technology,F,F,1095029000000,2647
6/2/2026,3:28:54 PM,NVDA,BLOCK,227,2.83,B,CALL,420,222.89000000000001,64234,1/15/2027,WHITE,0.5,227,F,STOCK,Information Technology,F,F,5109588000000,12217
6/2/2026,3:28:54 PM,NU,BLOCK,302,0.7,B,CALL,12,11.815000000000001,21140,7/17/2026,MAGENTA,0.46,45,F,STOCK,Financials,F,F,63755000000,555
6/2/2026,3:28:51 PM,MCHP,SWEEP,153,1.05,B,CALL,100,96,16065,6/5/2026,WHITE,0.72,3,F,STOCK,Information Technology,F,T,51307000000,2244
6/2/2026,3:28:49 PM,CSCO,BLOCK,500,2.98,,CALL,130,127.7532,149000,6/12/2026,MAGENTA,0.47,10,F,STOCK,Information Technology,F,F,474627000000,652
6/2/2026,3:28:45 PM,AOSL,SWEEP,275,16.6,A,CALL,60,52.4,456500,12/18/2026,MAGENTA,1.25,199,F,STOCK,Information Technology,F,F,1357000000,302
6/2/2026,3:28:43 PM,DELL,BLOCK,100,2.06,B,PUT,400,439.139,20600,6/5/2026,MAGENTA,0.89,3,F,STOCK,Information Technology,F,T,271801000000,1338
6/2/2026,3:28:42 PM,ORCL,BLOCK,199,40.76,B,CALL,207.5,244.3915,811124,6/12/2026,WHITE,1.07,10,F,STOCK,Information Technology,F,F,649353000000,1909
6/2/2026,3:28:41 PM,AA,SWEEP,300,3.205,AA,CALL,100,84.03,96143,7/17/2026,YELLOW,0.7,45,F,STOCK,Materials,F,F,20488000000,268
6/2/2026,3:28:40 PM,GOOGL,SWEEP,200,0.76,,CALL,370,363.6999,15200,6/3/2026,YELLOW,0.37,1,F,STOCK,Communication Services,F,T,4608199000000,93
6/2/2026,3:28:39 PM,AAPL,BLOCK,100,7.77,A,CALL,365,314.77000000000004,77700,11/20/2026,WHITE,0.26,171,F,STOCK,Information Technology,F,F,4583336000000,729
6/2/2026,3:28:38 PM,FRMI,SWEEP,873,1.6,A,PUT,5,6.595000000000001,139680,1/15/2027,WHITE,1.37,227,F,STOCK,Real Estate,F,F,4450000000,5203
6/2/2026,3:28:36 PM,META,BLOCK,150,1.38,B,CALL,700,600.883136,20700,6/18/2026,WHITE,0.45,16,F,STOCK,Communication Services,F,F,1599968000000,26912
6/2/2026,3:28:33 PM,NVDA,SWEEP,200,1.42,A,CALL,230,222.88,28400,6/5/2026,MAGENTA,0.49,3,F,STOCK,Information Technology,F,T,5109588000000,48407
6/2/2026,3:28:33 PM,SPCE,BLOCK,223,0.65,A,CALL,6,4.6225000000000005,14495,6/18/2026,WHITE,2.79,16,F,STOCK,Industrials,F,F,622000000,37003
6/2/2026,3:28:31 PM,SPCE,BLOCK,178,0.65,A,CALL,6,4.6290000000000004,11569,6/18/2026,WHITE,2.79,16,F,STOCK,Industrials,F,F,622000000,37003
6/2/2026,3:28:30 PM,NOK,SWEEP,157,0.45,A,PUT,16.5,16.84,7065,6/5/2026,MAGENTA,1.01,3,F,STOCK,Information Technology,F,T,85214000000,555
6/2/2026,3:28:25 PM,OKTA,BLOCK,184,7.3,B,CALL,140,136.31,134320,6/26/2026,YELLOW,0.63,24,F,STOCK,Information Technology,F,F,21804000000,75
6/2/2026,3:28:22 PM,BULL,SWEEP,399,0.3,B,CALL,12.5,6.21,11970,1/15/2027,WHITE,0.74,227,F,STOCK,Information Technology,F,F,3403000000,33846
6/2/2026,3:28:22 PM,GOOGL,BLOCK,130,7.0,A,PUT,370,363.66,91000,6/3/2026,MAGENTA,0.36,1,F,STOCK,Communication Services,F,T,4608199000000,1387
6/2/2026,3:28:19 PM,RCAT,SWEEP,225,5.2,AA,CALL,15,14.905000000000001,117011,1/15/2027,WHITE,1.13,227,F,STOCK,Information Technology,F,F,1779000000,4553
6/2/2026,3:28:19 PM,IREN,BLOCK,310,6.3,A,CALL,125,66.10000000000001,195300,10/16/2026,YELLOW,1.16,136,F,STOCK,Financials,F,F,22707000000,0
6/2/2026,3:28:18 PM,GOOGL,BLOCK,100,3.45,A,CALL,362.5,363.66,34500,6/3/2026,YELLOW,0.37,1,F,STOCK,Communication Services,F,T,4608199000000,0
6/2/2026,3:28:16 PM,NVDA,SWEEP,200,0.69,B,CALL,227.5,223.00990000000002,13800,6/3/2026,MAGENTA,0.48,1,F,STOCK,Information Technology,F,T,5109588000000,10823
6/2/2026,3:28:10 PM,MSFT,SWEEP,100,3.26,A,PUT,290,441.6465,32600,1/15/2027,WHITE,0.37,227,F,STOCK,Information Technology,F,F,3344578000000,2831
6/2/2026,3:28:09 PM,INTC,BLOCK,254,4.99,B,PUT,105,107.23,126748,6/12/2026,WHITE,0.87,10,F,STOCK,Information Technology,F,F,576381000000,1705
6/2/2026,3:28:09 PM,INTC,SWEEP,283,11.65,,PUT,118,107.23,329694,6/5/2026,WHITE,1.06,3,F,STOCK,Information Technology,F,T,576381000000,4770
6/2/2026,3:28:07 PM,GOOGL,SWEEP,201,0.79,A,PUT,350,363.70500000000004,15879,6/5/2026,MAGENTA,0.38,3,F,STOCK,Communication Services,F,T,4608199000000,1979
6/2/2026,3:28:03 PM,HBM,SWEEP,480,4.3,A,CALL,30,32.09,206400,7/17/2026,WHITE,0.71,45,F,STOCK,Materials,F,F,11582000000,7145
6/2/2026,3:28:02 PM,META,SWEEP,578,5.85,B,CALL,607.5,600.85,338156,6/5/2026,MAGENTA,0.4,3,F,STOCK,Communication Services,F,T,1599968000000,660
6/2/2026,3:28:00 PM,NOW,BLOCK,600,1.07,A,PUT,120,127.95,64200,6/5/2026,MAGENTA,0.85,3,F,STOCK,Information Technology,F,T,128225000000,1667
6/2/2026,3:27:56 PM,TSLA,SWEEP,100,1.964,A,PUT,415,420.42,19639,6/3/2026,MAGENTA,0.47,1,F,STOCK,Consumer Discretionary,F,T,1636707000000,2086
6/2/2026,3:27:55 PM,JD,SWEEP,350,1.38,A,PUT,31,30.27,48297,6/18/2026,WHITE,0.39,16,F,STOCK,Consumer Discretionary,F,F,41299000000,5036
6/2/2026,3:27:53 PM,TXG,BLOCK,200,0.72,A,CALL,35,31.03,14400,6/18/2026,YELLOW,0.78,16,F,STOCK,Health Care,F,F,3593000000,82
6/2/2026,3:27:52 PM,NVDA,SWEEP,151,0.688,BB,CALL,227.5,223.01000000000002,10389,6/3/2026,MAGENTA,0.48,1,F,STOCK,Information Technology,F,T,5109588000000,10823
6/2/2026,3:27:52 PM,NVDA,SWEEP,170,1.292,BB,CALL,225,223.02,21961,6/3/2026,MAGENTA,0.46,1,F,STOCK,Information Technology,F,T,5109588000000,23319
6/2/2026,3:27:51 PM,NVDA,SWEEP,200,1.33,B,CALL,225,223.01170000000002,26600,6/3/2026,MAGENTA,0.47,1,F,STOCK,Information Technology,F,T,5109588000000,23319
6/2/2026,3:27:50 PM,MGM,SWEEP,188,1.814,B,PUT,45,48.770900000000005,34105,9/18/2026,YELLOW,0.35,108,F,STOCK,Consumer Discretionary,F,F,11173000000,95
6/2/2026,3:27:49 PM,NFLX,BLOCK,600,0.56,B,CALL,85,83.525,33600,6/5/2026,MAGENTA,0.38,3,F,STOCK,Communication Services,F,T,362212000000,2146
6/2/2026,3:27:48 PM,VALE,BLOCK,193,0.83,A,CALL,17,16.935000000000002,16019,7/17/2026,WHITE,0.36,45,F,STOCK,Materials,F,F,73758000000,8324
6/2/2026,3:27:46 PM,LASE,BLOCK,400,0.3,A,CALL,7.5,2.325,12000,7/17/2026,YELLOW,3.11,45,F,STOCK,Industrials,T,F,29000000,3
6/2/2026,3:27:45 PM,IREN,BLOCK,750,2.75,A,CALL,77,66.1465,206250,6/18/2026,YELLOW,1.15,16,F,STOCK,Financials,F,F,22707000000,12
6/2/2026,3:27:45 PM,RIVN,SWEEP,960,0.22,B,CALL,18,17.247,21120,6/5/2026,WHITE,0.8,3,F,STOCK,Consumer Discretionary,F,T,20228000000,8287
6/2/2026,3:27:41 PM,IREN,BLOCK,310,0.62,A,CALL,100,66.14,19220,6/18/2026,WHITE,1.3,16,F,STOCK,Financials,F,F,22707000000,12827
6/2/2026,3:27:40 PM,OSCR,SWEEP,216,1.254,B,CALL,32,21.3446,27089,10/16/2026,WHITE,0.75,136,F,STOCK,Health Care,F,F,6702000000,1232
6/2/2026,3:27:38 PM,AAPL,BLOCK,450,1.24,A,CALL,320,314.7822,55800,6/5/2026,MAGENTA,0.28,3,F,STOCK,Information Technology,F,T,4583336000000,26594
6/2/2026,3:27:38 PM,AAPL,BLOCK,100,6.26,A,CALL,360,314.7822,62600,10/16/2026,WHITE,0.26,136,F,STOCK,Information Technology,F,F,4583336000000,636
6/2/2026,3:27:37 PM,HD,BLOCK,250,2.2,B,CALL,330,311.75,55000,6/18/2026,WHITE,0.31,16,F,STOCK,Consumer Discretionary,F,F,316225000000,3320
6/2/2026,3:27:34 PM,ASTS,BLOCK,191,11.7,A,CALL,120,117.405,223470,6/18/2026,WHITE,1.3,16,F,STOCK,Information Technology,F,F,44017000000,8834
6/2/2026,3:27:31 PM,MRVL,BLOCK,248,3.85,A,CALL,320,284.33,95480,6/5/2026,MAGENTA,1.43,3,F,STOCK,Information Technology,F,T,183952000000,2350
6/2/2026,3:27:27 PM,AAPL,SWEEP,750,0.632,B,PUT,287.5,314.77000000000004,47375,6/18/2026,WHITE,0.3,16,F,STOCK,Information Technology,F,F,4583336000000,5417
6/2/2026,3:27:27 PM,EC,SWEEP,200,1.492,,CALL,16,16.05,29848,7/17/2026,WHITE,0.66,45,T,STOCK,Energy,F,F,30035000000,2227
6/2/2026,3:27:25 PM,HD,BLOCK,250,2.2,B,CALL,330,311.7792,55000,6/18/2026,WHITE,0.31,16,F,STOCK,Consumer Discretionary,F,F,316225000000,3320
6/2/2026,3:27:25 PM,NVDA,SWEEP,600,2.84,B,CALL,420,223.12,170400,1/15/2027,WHITE,0.5,227,F,STOCK,Information Technology,F,F,5109588000000,12217
6/2/2026,3:27:25 PM,MOS,BLOCK,3300,1.01,B,CALL,25,23.42,333300,7/17/2026,YELLOW,0.5,45,F,STOCK,Materials,F,F,7588000000,1079
6/2/2026,3:27:22 PM,GOOG,BLOCK,165,1.98,,CALL,425,360.58000000000004,32670,7/17/2026,WHITE,0.34,45,F,STOCK,Communication Services,F,F,4560826000000,6630
6/2/2026,3:27:16 PM,TSLA,SWEEP,100,1.92,B,CALL,440,420.33000000000004,19200,6/5/2026,MAGENTA,0.53,3,F,STOCK,Consumer Discretionary,F,T,1636707000000,15443
6/2/2026,3:27:12 PM,ADI,SWEEP,147,6.724,A,CALL,425,420.39000000000004,98850,6/5/2026,WHITE,0.58,3,F,STOCK,Information Technology,F,T,201580000000,896
6/2/2026,3:27:08 PM,BDX,SWEEP,211,0.5,B,CALL,155,143.70000000000002,10550,6/18/2026,WHITE,0.3,16,F,STOCK,Health Care,F,F,40537000000,5480
6/2/2026,3:27:06 PM,SIG,BLOCK,250,3.1,B,CALL,89,88.393,77500,6/12/2026,YELLOW,0.58,10,T,STOCK,Consumer Discretionary,F,F,3501000000,3
6/2/2026,3:27:04 PM,B,SWEEP,500,0.97,B,CALL,49,43.098,48500,7/17/2026,WHITE,0.47,45,F,STOCK,Materials,F,F,71292000000,564
6/2/2026,3:27:02 PM,FLUT,BLOCK,176,3.52,B,CALL,105,102.66940000000001,61960,6/18/2026,WHITE,0.52,16,F,STOCK,Consumer Discretionary,F,F,16871000000,468
6/2/2026,3:27:02 PM,TSLA,SWEEP,300,2.05,A,PUT,415,420.12,61500,6/3/2026,MAGENTA,0.47,1,F,STOCK,Consumer Discretionary,F,T,1636707000000,2086
6/2/2026,3:27:01 PM,RIOT,BLOCK,395,2.53,A,PUT,27.5,27.135,99935,6/26/2026,YELLOW,0.85,24,F,STOCK,Financials,F,F,10251000000,4
6/2/2026,3:26:54 PM,TSLA,BLOCK,250,8.2,A,PUT,415,420.14000000000004,205000,6/10/2026,YELLOW,0.43,8,F,STOCK,Consumer Discretionary,F,F,1636707000000,141
6/2/2026,3:26:53 PM,NBIS,SWEEP,200,3.1,B,PUT,150,262.09000000000003,62000,7/17/2026,WHITE,1.16,45,F,STOCK,Information Technology,F,F,58469000000,901
6/2/2026,3:26:52 PM,MSFT,BLOCK,160,5.4,B,PUT,425,441.62260000000003,86400,6/18/2026,WHITE,0.33,16,F,STOCK,Information Technology,F,F,3344578000000,7177
6/2/2026,3:26:52 PM,HD,BLOCK,250,2.2,B,CALL,330,311.7522,55000,6/18/2026,WHITE,0.31,16,F,STOCK,Consumer Discretionary,F,F,316225000000,3320
6/2/2026,3:26:45 PM,CRM,SWEEP,273,18.1,BB,CALL,200,200.8899,494120,8/21/2026,WHITE,0.46,80,F,STOCK,Information Technology,F,F,156361000000,5186
6/2/2026,3:26:42 PM,HD,BLOCK,250,2.2,B,CALL,330,311.74,55000,6/18/2026,WHITE,0.31,16,F,STOCK,Consumer Discretionary,F,F,316225000000,3320
6/2/2026,3:26:42 PM,CLSK,SWEEP,150,5.75,,CALL,17,17.675,86250,1/15/2027,WHITE,1,227,F,STOCK,Financials,F,F,4693000000,5549
6/2/2026,3:26:42 PM,SNPS,BLOCK,150,14.0,B,CALL,500,505.72,210000,6/5/2026,WHITE,0.6,3,F,STOCK,Information Technology,F,T,91071000000,386
6/2/2026,3:26:38 PM,MU,BLOCK,76,49.3,A,PUT,985,1061.3700000000001,374680,6/18/2026,MAGENTA,0.97,16,F,STOCK,Information Technology,F,F,1095029000000,107
6/2/2026,3:26:37 PM,AAPL,BLOCK,200,1.22,A,CALL,320,314.78000000000003,24400,6/5/2026,MAGENTA,0.27,3,F,STOCK,Information Technology,F,T,4583336000000,26594
6/2/2026,3:26:33 PM,AMZN,SWEEP,160,2.35,B,CALL,295,258.0628,37600,7/17/2026,WHITE,0.34,45,F,STOCK,Consumer Discretionary,F,F,2911304000000,8464
6/2/2026,3:26:30 PM,TSLA,SWEEP,110,3.902,B,PUT,420,420.4001,42926,6/3/2026,MAGENTA,0.47,1,F,STOCK,Consumer Discretionary,F,T,1636707000000,2782
6/2/2026,3:26:29 PM,EOSE,BLOCK,500,0.33,A,CALL,10,9.592500000000001,16500,6/5/2026,MAGENTA,1.43,3,F,STOCK,Industrials,F,T,2862000000,8727
6/2/2026,3:26:28 PM,NVO,SWEEP,211,0.53,,PUT,42.5,43.050000000000004,11183,6/5/2026,WHITE,0.5,3,F,STOCK,Health Care,F,T,203514000000,2919
6/2/2026,3:26:28 PM,TSLA,SWEEP,103,3.9,,PUT,420,420.47790000000003,40173,6/3/2026,MAGENTA,0.47,1,F,STOCK,Consumer Discretionary,F,T,1636707000000,2782
6/2/2026,3:26:24 PM,FLEX,SWEEP,249,2.35,A,PUT,135,158.59,58514,6/18/2026,WHITE,0.82,16,F,STOCK,Information Technology,F,F,55242000000,2925
6/2/2026,3:26:24 PM,TSLA,SWEEP,100,18.332,AA,CALL,445,420.4334,183320,7/17/2026,WHITE,0.47,45,F,STOCK,Consumer Discretionary,F,F,1636707000000,2328
6/2/2026,3:26:24 PM,TSLA,SWEEP,1119,3.25,A,CALL,422.5,420.4334,363665,6/3/2026,MAGENTA,0.48,1,F,STOCK,Consumer Discretionary,F,T,1636707000000,2734
6/2/2026,3:26:16 PM,NVDA,BLOCK,350,1.54,A,CALL,240,223.17000000000002,53900,6/12/2026,MAGENTA,0.45,10,F,STOCK,Information Technology,F,F,5109588000000,7467
6/2/2026,3:26:14 PM,MSFT,SWEEP,169,0.11,A,CALL,500,441.7551,1859,6/5/2026,WHITE,0.61,3,F,STOCK,Information Technology,F,T,3344578000000,25719
6/2/2026,3:26:12 PM,STX,SWEEP,76,60.393,BB,PUT,940,930.7842,458990,6/12/2026,YELLOW,0.91,10,F,STOCK,Information Technology,F,F,197276000000,1
6/2/2026,3:26:09 PM,AMZN,SWEEP,180,1.18,A,PUT,180,258.0301,21240,9/18/2026,WHITE,0.43,108,F,STOCK,Consumer Discretionary,F,F,2911304000000,9062
6/2/2026,3:26:08 PM,AAPL,SWEEP,100,11.767,B,CALL,360,314.729,117668,1/15/2027,WHITE,0.26,227,F,STOCK,Information Technology,F,F,4583336000000,5177
6/2/2026,3:26:06 PM,FROG,SWEEP,203,10.4,,CALL,100,88.50930000000001,211120,9/18/2026,YELLOW,0.75,108,F,STOCK,Information Technology,F,F,9626000000,201
6/2/2026,3:26:06 PM,IBM,SWEEP,160,21.1,B,CALL,340,328.495,337600,7/17/2026,WHITE,0.56,45,F,STOCK,Information Technology,F,F,279897000000,750
6/2/2026,3:26:05 PM,NVDA,SWEEP,300,1.724,BB,PUT,222.5,223.23000000000002,51710,6/3/2026,MAGENTA,0.45,1,F,STOCK,Information Technology,F,T,5109588000000,3187
6/2/2026,3:26:04 PM,FSLR,BLOCK,142,5.0,A,PUT,240,311.34000000000003,71000,7/17/2026,WHITE,0.71,45,F,STOCK,Information Technology,F,F,32965000000,2972
6/2/2026,3:25:58 PM,SOFI,BLOCK,200,0.53,,CALL,25,17.6198,10600,8/21/2026,WHITE,0.71,80,F,STOCK,Financials,F,F,23371000000,13191
6/2/2026,3:25:55 PM,AAPL,BLOCK,100,1.23,,CALL,320,314.7539,12300,6/5/2026,MAGENTA,0.28,3,F,STOCK,Information Technology,F,T,4583336000000,26594
6/2/2026,3:25:54 PM,SOFI,BLOCK,972,1.04,,CALL,17,17.6304,101088,6/12/2026,WHITE,0.59,10,F,STOCK,Financials,F,F,23371000000,8403
6/2/2026,3:25:53 PM,WDC,BLOCK,150,90.55,B,CALL,660,569.26,1358250,10/16/2026,WHITE,0.87,136,F,STOCK,Information Technology,F,F,183098000000,163
6/2/2026,3:25:52 PM,NVDA,SWEEP,634,2.831,B,CALL,420,223.1972,179476,1/15/2027,WHITE,0.49,227,F,STOCK,Information Technology,F,F,5109588000000,12217
6/2/2026,3:25:52 PM,MSTR,SWEEP,229,1.61,B,PUT,126,135.22,36869,6/5/2026,YELLOW,1.04,3,F,STOCK,Information Technology,F,T,55752000000,121
6/2/2026,3:25:50 PM,NVDA,BLOCK,161,1.73,B,PUT,222.5,223.23000000000002,27853,6/3/2026,MAGENTA,0.45,1,F,STOCK,Information Technology,F,T,5109588000000,3187
6/2/2026,3:25:49 PM,CAT,SWEEP,80,4.714,BB,PUT,815,907.1999000000001,37715,6/18/2026,YELLOW,0.44,16,F,STOCK,Industrials,F,F,403418000000,79
6/2/2026,3:25:47 PM,NVDA,SWEEP,354,1.54,B,CALL,240,223.23000000000002,54516,6/12/2026,MAGENTA,0.45,10,F,STOCK,Information Technology,F,F,5109588000000,7467
6/2/2026,3:25:43 PM,AAPL,SWEEP,177,1.21,,PUT,310,314.76,21417,6/5/2026,MAGENTA,0.27,3,F,STOCK,Information Technology,F,T,4583336000000,3637
6/2/2026,3:25:42 PM,ARM,SWEEP,116,157.7,B,CALL,500,403.75,1829324,1/21/2028,YELLOW,0.9,598,F,STOCK,Information Technology,F,F,373255000000,47
6/2/2026,3:25:42 PM,TSLA,SWEEP,319,2.05,AA,PUT,415,419.953748,65393,6/3/2026,MAGENTA,0.47,1,F,STOCK,Consumer Discretionary,F,T,1636707000000,2086
6/2/2026,3:25:38 PM,PAYO,SWEEP,204,0.75,A,CALL,5,5.425,15295,6/18/2026,WHITE,1.16,16,F,STOCK,Information Technology,T,F,1740000000,2469
6/2/2026,3:25:38 PM,TSLA,SWEEP,100,4.084,A,PUT,420,420.0267,40840,6/3/2026,MAGENTA,0.47,1,F,STOCK,Consumer Discretionary,F,T,1636707000000,2782
6/2/2026,3:25:34 PM,OKLO,SWEEP,225,4.65,A,CALL,100,73.12,104625,7/17/2026,MAGENTA,1.18,45,F,STOCK,Utilities,F,F,11636000000,3753
6/2/2026,3:25:30 PM,CLS,BLOCK,200,1.6,A,PUT,290,472.6877,32000,7/2/2026,YELLOW,0.97,30,F,STOCK,Information Technology,F,F,44309000000,41
6/2/2026,3:25:29 PM,AMZN,SWEEP,519,1.64,B,PUT,257.5,257.9799,85116,6/3/2026,MAGENTA,0.35,1,F,STOCK,Consumer Discretionary,F,T,2911304000000,2972
6/2/2026,3:25:29 PM,FSLR,BLOCK,1500,5.85,,PUT,160,311.7586,877500,1/15/2027,WHITE,0.69,227,F,STOCK,Information Technology,F,F,32965000000,8336
6/2/2026,3:25:27 PM,AAPL,SWEEP,110,1.21,,PUT,310,314.79,13310,6/5/2026,MAGENTA,0.27,3,F,STOCK,Information Technology,F,T,4583336000000,3637
6/2/2026,3:25:22 PM,UMC,BLOCK,450,1.07,A,CALL,24,22.455000000000002,48150,6/18/2026,YELLOW,0.89,16,F,STOCK,Information Technology,F,F,55841000000,228
6/2/2026,3:25:20 PM,HLIT,BLOCK,150,0.718,A,CALL,22.5,15.825000000000001,10776,7/17/2026,WHITE,1.1,45,F,STOCK,Information Technology,F,F,1639000000,198
6/2/2026,3:25:17 PM,ADI,SWEEP,288,7.053,A,CALL,425,420.9597,203113,6/5/2026,WHITE,0.58,3,F,STOCK,Information Technology,F,T,201580000000,896
6/2/2026,3:25:13 PM,CRM,SWEEP,310,0.38,A,CALL,220,200.55,11780,6/5/2026,WHITE,0.68,3,F,STOCK,Information Technology,F,T,156361000000,15859
6/2/2026,3:25:08 PM,NU,BLOCK,1000,0.71,A,CALL,13,11.8459,71000,8/21/2026,MAGENTA,0.51,80,F,STOCK,Financials,F,F,63755000000,1520
6/2/2026,3:25:07 PM,TSLA,BLOCK,100,1.82,B,CALL,440,420.01,18200,6/5/2026,MAGENTA,0.53,3,F,STOCK,Consumer Discretionary,F,T,1636707000000,15443
6/2/2026,3:25:07 PM,NOK,BLOCK,400,1.97,B,CALL,22,16.855,78800,9/18/2026,WHITE,0.96,108,F,STOCK,Information Technology,F,F,85214000000,11421
6/2/2026,3:25:04 PM,NVDA,BLOCK,500,0.41,A,CALL,230,223.31,20500,6/3/2026,MAGENTA,0.51,1,F,STOCK,Information Technology,F,T,5109588000000,19163
6/2/2026,3:25:03 PM,MU,BLOCK,205,7.0,B,PUT,950,1061.8818,143500,6/5/2026,MAGENTA,1.12,3,F,STOCK,Information Technology,F,T,1095029000000,3831
6/2/2026,3:25:00 PM,NVDA,BLOCK,200,1.42,A,CALL,225,223.31,28400,6/3/2026,MAGENTA,0.46,1,F,STOCK,Information Technology,F,T,5109588000000,23319
6/2/2026,3:24:58 PM,NVDA,SWEEP,150,0.85,A,PUT,220,223.29631700000002,12750,6/3/2026,MAGENTA,0.45,1,F,STOCK,Information Technology,F,T,5109588000000,5677
6/2/2026,3:24:55 PM,FSLR,BLOCK,1000,6.57,B,PUT,165,311.92310000000003,657000,1/15/2027,WHITE,0.69,227,F,STOCK,Information Technology,F,F,32965000000,3772
6/2/2026,3:24:54 PM,NVDA,SWEEP,200,12.597,A,CALL,225,223.29500000000002,251946,7/17/2026,WHITE,0.42,45,F,STOCK,Information Technology,F,F,5109588000000,23205
6/2/2026,3:24:53 PM,PCG,SWEEP,174,0.365,A,CALL,17,16.63,6345,6/18/2026,WHITE,0.37,16,F,STOCK,Utilities,F,F,43790000000,34384
6/2/2026,3:24:52 PM,NVDA,BLOCK,200,2.53,A,CALL,222.5,223.29500000000002,50600,6/3/2026,MAGENTA,0.45,1,F,STOCK,Information Technology,F,T,5109588000000,7335
6/2/2026,3:24:52 PM,BMNR,SWEEP,2844,0.09,B,PUT,16,17.61,25596,6/5/2026,WHITE,0.93,3,F,STOCK,Financials,F,T,10975000000,20728
6/2/2026,3:24:46 PM,GOOGL,SWEEP,101,3.6,B,CALL,362.5,364,36360,6/3/2026,YELLOW,0.37,1,F,STOCK,Communication Services,F,T,4608199000000,0
6/2/2026,3:24:43 PM,NVDA,BLOCK,189,1.43,AA,CALL,225,223.3,27029,6/3/2026,MAGENTA,0.46,1,F,STOCK,Information Technology,F,T,5109588000000,23319
6/2/2026,3:24:38 PM,BX,SWEEP,228,3.695,A,PUT,115,116.93,84255,6/18/2026,MAGENTA,0.47,16,F,STOCK,Financials,F,F,86894000000,2238
6/2/2026,3:24:36 PM,NVDA,SWEEP,2532,0.05,A,PUT,160,223.32000000000002,12660,6/8/2026,YELLOW,1.04,6,F,STOCK,Information Technology,F,F,5109588000000,369
6/2/2026,3:24:34 PM,QBTS,BLOCK,150,6.9,B,PUT,25,29.546100000000003,103500,1/15/2027,WHITE,1.12,227,F,STOCK,Information Technology,F,F,11149000000,1774
6/2/2026,3:24:32 PM,HIVE,BLOCK,150,0.97,B,CALL,4,4.415,14550,7/17/2026,WHITE,1.26,45,F,STOCK,Information Technology,F,F,1195000000,4991
6/2/2026,3:24:32 PM,RDW,BLOCK,200,1.45,,CALL,23.5,20.715,29000,6/12/2026,YELLOW,1.79,10,F,STOCK,Industrials,F,F,4716000000,113
6/2/2026,3:24:31 PM,TSM,BLOCK,700,40.33,B,CALL,520,446.38,2823100,11/20/2026,WHITE,0.53,171,F,STOCK,Information Technology,F,F,2167571000000,5369
6/2/2026,3:24:25 PM,NVDA,BLOCK,150,1.7,A,PUT,222.5,223.3201,25500,6/3/2026,MAGENTA,0.45,1,F,STOCK,Information Technology,F,T,5109588000000,3187
6/2/2026,3:24:21 PM,MSFT,SWEEP,131,3.198,A,PUT,440,441.535,41896,6/3/2026,MAGENTA,0.43,1,F,STOCK,Information Technology,F,T,3344578000000,1584
6/2/2026,3:24:21 PM,MSFT,SWEEP,201,1.47,AA,PUT,435,441.535,29550,6/3/2026,MAGENTA,0.43,1,F,STOCK,Information Technology,F,T,3344578000000,373
6/2/2026,3:24:21 PM,MSFT,SWEEP,245,2.23,A,PUT,437.5,441.535,54635,6/3/2026,MAGENTA,0.43,1,F,STOCK,Information Technology,F,T,3344578000000,445
6/2/2026,3:24:21 PM,AMD,BLOCK,300,19.45,,CALL,550,518.1,583500,6/18/2026,WHITE,0.73,16,F,STOCK,Information Technology,F,F,841553000000,6159
6/2/2026,3:24:21 PM,MSFT,BLOCK,102,7.5,B,CALL,442.5,441.535,76500,6/8/2026,YELLOW,0.35,6,F,STOCK,Information Technology,F,F,3344578000000,64
6/2/2026,3:24:16 PM,TE,BLOCK,200,0.9,A,PUT,10,11.9207,18000,6/26/2026,YELLOW,1.53,24,F,STOCK,Industrials,F,F,2949000000,90
6/2/2026,3:24:15 PM,MSFT,BLOCK,100,7.65,,CALL,480,441.65000000000003,76500,7/17/2026,WHITE,0.33,45,F,STOCK,Information Technology,F,F,3344578000000,9504
6/2/2026,3:24:06 PM,GS,SWEEP,110,4.3,A,CALL,1160,1068.75,47299,6/18/2026,MAGENTA,0.33,16,F,STOCK,Financials,F,F,302547000000,492
6/2/2026,3:24:06 PM,AMD,BLOCK,300,19.45,B,CALL,550,518.3050000000001,583500,6/18/2026,WHITE,0.73,16,F,STOCK,Information Technology,F,F,841553000000,6159
6/2/2026,3:24:05 PM,MRVL,BLOCK,280,13.75,B,CALL,320,283.95,385000,6/18/2026,MAGENTA,1.12,16,F,STOCK,Information Technology,F,F,183952000000,1667
6/2/2026,3:24:04 PM,MSFT,SWEEP,179,0.91,B,CALL,490,441.58000000000004,16289,6/12/2026,MAGENTA,0.41,10,F,STOCK,Information Technology,F,F,3344578000000,1224
6/2/2026,3:24:04 PM,NVDA,SWEEP,211,1.68,A,PUT,222.5,223.35500000000002,35448,6/3/2026,MAGENTA,0.45,1,F,STOCK,Information Technology,F,T,5109588000000,3187
6/2/2026,3:24:00 PM,SMR,SWEEP,750,0.35,A,CALL,20,14.055,26250,6/18/2026,WHITE,1.51,16,F,STOCK,Industrials,F,F,4630000000,13188
6/2/2026,3:24:00 PM,BE,BLOCK,200,0.9,,CALL,380,301.40000000000003,18000,6/5/2026,WHITE,1.52,3,F,STOCK,Industrials,F,T,81066000000,792
6/2/2026,3:23:59 PM,MSTR,SWEEP,554,2.72,B,PUT,130,135.06,150688,6/5/2026,MAGENTA,1.01,3,F,STOCK,Information Technology,F,T,55752000000,3918
6/2/2026,3:23:59 PM,DELL,SWEEP,150,1.352,AA,CALL,500,437.935,20274,6/5/2026,MAGENTA,1,3,F,STOCK,Information Technology,F,T,271801000000,3875
6/2/2026,3:23:57 PM,AVGO,SWEEP,100,13.5,A,CALL,500,477.92,135000,6/5/2026,MAGENTA,1.29,3,T,STOCK,Information Technology,F,T,2115307000000,8066
6/2/2026,3:23:56 PM,NVDA,BLOCK,372,28.4,B,PUT,190,223.3699,1056480,1/21/2028,WHITE,0.45,598,F,STOCK,Information Technology,F,F,5109588000000,9007
6/2/2026,3:23:54 PM,DELL,SWEEP,216,1.321,AA,CALL,500,437.93,28543,6/5/2026,WHITE,0.99,3,F,STOCK,Information Technology,F,T,271801000000,3875
6/2/2026,3:23:52 PM,ASAN,BLOCK,216,2.9,A,CALL,7.5,8.5772,62640,1/15/2027,WHITE,0.92,227,F,STOCK,Information Technology,F,F,1833000000,1321
6/2/2026,3:23:50 PM,TSLA,BLOCK,400,1.52,B,CALL,500,420.40500000000003,60800,6/18/2026,WHITE,0.55,16,F,STOCK,Consumer Discretionary,F,F,1636707000000,38930
6/2/2026,3:23:49 PM,WULF,BLOCK,150,0.79,B,CALL,30,26.1205,11850,6/18/2026,WHITE,0.94,16,F,STOCK,Financials,F,F,12665000000,66428
6/2/2026,3:23:49 PM,NU,BLOCK,250,1.52,B,CALL,13,11.84,38000,1/15/2027,MAGENTA,0.51,227,F,STOCK,Financials,F,F,63755000000,720
6/2/2026,3:23:43 PM,NVDA,BLOCK,200,0.84,B,PUT,220,223.2713,16800,6/3/2026,MAGENTA,0.45,1,F,STOCK,Information Technology,F,T,5109588000000,5677
6/2/2026,3:23:42 PM,MU,SWEEP,120,29.0,A,PUT,850,1059.75,348000,6/26/2026,WHITE,1.05,24,F,STOCK,Information Technology,F,F,1095029000000,731
6/2/2026,3:23:41 PM,TSLA,BLOCK,201,1.18,,CALL,430,420.41,23719,6/3/2026,MAGENTA,0.5,1,F,STOCK,Consumer Discretionary,F,T,1636707000000,6432
6/2/2026,3:23:40 PM,AVGO,BLOCK,100,13.43,A,CALL,500,477.84000000000003,134300,6/5/2026,MAGENTA,1.29,3,T,STOCK,Information Technology,F,T,2115307000000,8066
6/2/2026,3:23:35 PM,MSFT,BLOCK,100,2.26,A,PUT,430,441.755,22600,6/5/2026,MAGENTA,0.42,3,F,STOCK,Information Technology,F,T,3344578000000,1533
6/2/2026,3:23:34 PM,MU,BLOCK,82,140.85,B,CALL,1000,1059.885,1154970,6/26/2026,WHITE,1.02,24,F,STOCK,Information Technology,F,F,1095029000000,1957
6/2/2026,3:23:34 PM,ORCL,BLOCK,150,5.35,A,CALL,247.5,244.345,80250,6/5/2026,MAGENTA,0.76,3,F,STOCK,Information Technology,F,T,649353000000,527
6/2/2026,3:23:34 PM,NVDA,SWEEP,682,1.375,AA,CALL,225,223.215,93744,6/3/2026,MAGENTA,0.46,1,F,STOCK,Information Technology,F,T,5109588000000,23319
6/2/2026,3:23:33 PM,NVDA,SWEEP,351,1.36,A,CALL,225,223.215,47732,6/3/2026,MAGENTA,0.45,1,F,STOCK,Information Technology,F,T,5109588000000,23319
6/2/2026,3:23:33 PM,TSLA,BLOCK,201,1.17,B,CALL,430,420.2,23517,6/3/2026,MAGENTA,0.5,1,F,STOCK,Consumer Discretionary,F,T,1636707000000,6432
6/2/2026,3:23:32 PM,WMT,BLOCK,165,1.22,B,CALL,113,113.10000000000001,20130,6/5/2026,MAGENTA,0.28,3,F,STOCK,Consumer Discretionary,F,T,922642000000,454
6/2/2026,3:23:31 PM,AVGO,SWEEP,100,13.45,B,CALL,500,477.70500000000004,134504,6/5/2026,MAGENTA,1.29,3,T,STOCK,Information Technology,F,T,2115307000000,8066
6/2/2026,3:23:28 PM,AI,BLOCK,176,0.77,A,PUT,11,11.16,13552,6/5/2026,WHITE,2.12,3,T,STOCK,Information Technology,F,T,1564000000,860
6/2/2026,3:23:28 PM,PLTR,BLOCK,560,1.05,B,CALL,160,152.445,58800,6/5/2026,MAGENTA,0.64,3,F,STOCK,Information Technology,F,T,375275000000,30213
6/2/2026,3:23:24 PM,AI,BLOCK,177,0.77,,PUT,11,11.1658,13629,6/5/2026,WHITE,2.13,3,T,STOCK,Information Technology,F,T,1564000000,860
6/2/2026,3:23:23 PM,RKT,BLOCK,500,3.379,A,CALL,15,13.9246,168930,6/17/2027,WHITE,0.65,380,F,STOCK,Financials,F,F,41055000000,1504
6/2/2026,3:23:23 PM,CLF,BLOCK,150,2.67,A,CALL,13,14.870000000000001,40050,7/17/2026,WHITE,0.79,45,F,STOCK,Materials,F,F,7757000000,29750
6/2/2026,3:23:20 PM,AVGO,BLOCK,100,13.499,A,CALL,500,477.85,134993,6/5/2026,MAGENTA,1.29,3,T,STOCK,Information Technology,F,T,2115307000000,8066
6/2/2026,3:23:12 PM,NVDA,SWEEP,344,4.0,A,PUT,200,223.26000000000002,137600,7/17/2026,WHITE,0.42,45,F,STOCK,Information Technology,F,F,5109588000000,81552
6/2/2026,3:23:05 PM,SANA,SWEEP,500,0.6,B,CALL,5,3.205,30000,1/15/2027,WHITE,1.04,227,F,STOCK,Health Care,F,F,918000000,4622
6/2/2026,3:23:05 PM,LASE,BLOCK,958,0.19,B,CALL,7.5,2.0723000000000003,18206,7/17/2026,YELLOW,2.94,45,F,STOCK,Industrials,T,F,29000000,3
6/2/2026,3:23:03 PM,HIMS,BLOCK,200,3.951,B,CALL,30,27.299500000000002,79023,8/21/2026,WHITE,0.97,80,F,STOCK,Health Care,F,F,6052000000,6806
6/2/2026,3:22:56 PM,MU,SWEEP,75,1.86,B,PUT,850,1059.54,13952,6/5/2026,WHITE,1.38,3,F,STOCK,Information Technology,F,T,1095029000000,10352
6/2/2026,3:22:55 PM,MSFT,BLOCK,237,6.1,B,CALL,460,441.94390000000004,144570,6/18/2026,WHITE,0.35,16,F,STOCK,Information Technology,F,F,3344578000000,14346
6/2/2026,3:22:55 PM,NVDA,BLOCK,150,0.76,A,CALL,227.5,223.44,11400,6/3/2026,MAGENTA,0.47,1,F,STOCK,Information Technology,F,T,5109588000000,10823
6/2/2026,3:22:52 PM,ULTA,SWEEP,126,25.0,,CALL,502.5,497.48,315000,6/5/2026,YELLOW,1.52,3,T,STOCK,Consumer Discretionary,F,T,22165000000,27
6/2/2026,3:22:51 PM,NVDA,SWEEP,160,5.618,AA,CALL,220,223.43200000000002,89892,6/5/2026,WHITE,0.45,3,F,STOCK,Information Technology,F,T,5109588000000,33214
6/2/2026,3:22:51 PM,NVDA,SWEEP,155,2.99,B,PUT,225,223.45000000000002,46345,6/3/2026,MAGENTA,0.46,1,F,STOCK,Information Technology,F,T,5109588000000,1933
6/2/2026,3:22:50 PM,GOOGL,BLOCK,192,0.85,A,CALL,370,364.10880000000003,16320,6/3/2026,YELLOW,0.38,1,F,STOCK,Communication Services,F,T,4608199000000,93
6/2/2026,3:22:50 PM,TSLA,BLOCK,100,4.25,B,CALL,420,420.28000000000003,42500,6/3/2026,MAGENTA,0.47,1,F,STOCK,Consumer Discretionary,F,T,1636707000000,4627
6/2/2026,3:22:50 PM,TSLA,BLOCK,200,25.182,B,CALL,560,420.28000000000003,503640,12/18/2026,WHITE,0.51,199,F,STOCK,Consumer Discretionary,F,F,1636707000000,4095
6/2/2026,3:22:49 PM,NVDA,BLOCK,161,0.74,B,CALL,227.5,223.44,11914,6/3/2026,MAGENTA,0.47,1,F,STOCK,Information Technology,F,T,5109588000000,10823
6/2/2026,3:22:49 PM,MU,BLOCK,200,1.81,,PUT,850,1059.6000000000001,36200,6/5/2026,WHITE,1.37,3,F,STOCK,Information Technology,F,T,1095029000000,10352
6/2/2026,3:22:46 PM,MSTR,SWEEP,250,0.8,B,PUT,120,135.04,20000,6/5/2026,MAGENTA,1.13,3,F,STOCK,Information Technology,F,T,55752000000,10160
6/2/2026,3:22:46 PM,AAPL,SWEEP,110,1.66,B,CALL,315,314.90000000000003,18260,6/3/2026,MAGENTA,0.26,1,F,STOCK,Information Technology,F,T,4583336000000,9576
6/2/2026,3:22:46 PM,NVDA,SWEEP,502,0.81,B,PUT,220,223.39690000000002,40662,6/3/2026,MAGENTA,0.45,1,F,STOCK,Information Technology,F,T,5109588000000,5677
6/2/2026,3:22:44 PM,F,SWEEP,201,0.1,B,PUT,15,16.331400000000002,2010,6/12/2026,WHITE,0.5,10,F,STOCK,Consumer Discretionary,F,F,69493000000,1246
6/2/2026,3:22:43 PM,NVDA,SWEEP,260,0.39,B,CALL,230,223.3694,10140,6/3/2026,MAGENTA,0.5,1,F,STOCK,Information Technology,F,T,5109588000000,19163
6/2/2026,3:22:42 PM,ARM,BLOCK,150,1.65,A,PUT,350,406.14500000000004,24750,6/5/2026,WHITE,1.21,3,F,STOCK,Information Technology,F,T,373255000000,2102
6/2/2026,3:22:42 PM,FOXA,BLOCK,500,2.85,B,CALL,65,65.4,142500,7/17/2026,YELLOW,0.28,45,F,STOCK,Communication Services,F,F,26858000000,383
6/2/2026,3:22:41 PM,FSLR,BLOCK,998,3.25,B,PUT,140,311.81,324350,1/15/2027,WHITE,0.69,227,F,STOCK,Information Technology,F,F,32965000000,12126
6/2/2026,3:22:37 PM,MU,SWEEP,277,1.912,BB,PUT,850,1059.77,52968,6/5/2026,WHITE,1.39,3,F,STOCK,Information Technology,F,T,1095029000000,10352
6/2/2026,3:22:37 PM,NVDA,SWEEP,400,0.82,B,PUT,220,223.37,32800,6/3/2026,MAGENTA,0.45,1,F,STOCK,Information Technology,F,T,5109588000000,5677
6/2/2026,3:22:36 PM,NOW,SWEEP,500,1.05,B,PUT,120,127.6979,52522,6/5/2026,MAGENTA,0.83,3,F,STOCK,Information Technology,F,T,128225000000,1667
6/2/2026,3:22:36 PM,NVDA,BLOCK,250,5.55,A,CALL,220,223.34,138750,6/5/2026,WHITE,0.45,3,F,STOCK,Information Technology,F,T,5109588000000,33214
6/2/2026,3:22:35 PM,STZ,SWEEP,150,17.2,A,PUT,130,135.99,258000,1/21/2028,WHITE,0.31,598,F,STOCK,Consumer Staples,F,F,23904000000,1261
6/2/2026,3:22:34 PM,MU,BLOCK,200,5.4,,PUT,795,1059.67,108000,6/12/2026,YELLOW,1.17,10,F,STOCK,Information Technology,F,F,1095029000000,166
6/2/2026,3:22:33 PM,NVDA,BLOCK,400,0.83,B,PUT,220,223.32000000000002,33200,6/3/2026,MAGENTA,0.45,1,F,STOCK,Information Technology,F,T,5109588000000,5677
6/2/2026,3:22:33 PM,GOOGL,BLOCK,100,3.65,,CALL,362.5,363.9982,36500,6/3/2026,YELLOW,0.37,1,F,STOCK,Communication Services,F,T,4608199000000,0
6/2/2026,3:22:32 PM,FCX,BLOCK,250,2.82,B,CALL,70,71.81,70500,6/5/2026,WHITE,0.69,3,F,STOCK,Materials,F,T,94462000000,8378
6/2/2026,3:22:31 PM,ADBE,BLOCK,250,0.85,A,CALL,280,261.7816,21250,6/5/2026,WHITE,0.62,3,F,STOCK,Information Technology,F,T,104772000000,1925
6/2/2026,3:22:29 PM,MU,BLOCK,102,35.8,A,CALL,1070,1059.23,365160,6/5/2026,MAGENTA,1.06,3,F,STOCK,Information Technology,F,T,1095029000000,749
6/2/2026,3:22:24 PM,BMNR,BLOCK,200,0.81,B,PUT,17.5,17.635,16200,6/12/2026,WHITE,0.76,10,F,STOCK,Financials,F,F,10975000000,851
6/2/2026,3:22:21 PM,NOK,SWEEP,200,1.68,B,CALL,18,16.845,33600,7/17/2026,WHITE,0.9,45,F,STOCK,Information Technology,F,F,85214000000,18574
6/2/2026,3:22:20 PM,CAT,BLOCK,100,8.35,A,CALL,925,907.49,83500,6/5/2026,MAGENTA,0.47,3,F,STOCK,Industrials,F,T,403418000000,123
6/2/2026,3:22:19 PM,FCX,SWEEP,211,0.52,A,CALL,76,71.86,10971,6/5/2026,YELLOW,0.72,3,F,STOCK,Materials,F,T,94462000000,131
6/2/2026,3:22:19 PM,NVDA,SWEEP,301,1.35,A,CALL,225,223.18040000000002,40635,6/3/2026,MAGENTA,0.46,1,F,STOCK,Information Technology,F,T,5109588000000,23319
6/2/2026,3:22:17 PM,LRCX,BLOCK,100,22.425,A,CALL,320,333.015,224245,6/12/2026,MAGENTA,0.69,10,F,STOCK,Information Technology,F,F,397906000000,171
6/2/2026,3:22:17 PM,AAPL,BLOCK,250,6.52,A,CALL,350,314.935,163000,9/18/2026,WHITE,0.26,108,F,STOCK,Information Technology,F,F,4583336000000,32717
6/2/2026,3:22:15 PM,EOSE,SWEEP,1166,0.48,A,CALL,9.5,9.5009,55968,6/5/2026,MAGENTA,1.39,3,F,STOCK,Industrials,F,T,2862000000,6283
6/2/2026,3:22:12 PM,TSLA,BLOCK,104,4.3,B,CALL,420,420.3,44720,6/3/2026,MAGENTA,0.47,1,F,STOCK,Consumer Discretionary,F,T,1636707000000,4627
6/2/2026,3:22:08 PM,CIFR,BLOCK,200,2.58,A,CALL,30,26.25,51600,7/17/2026,WHITE,1.06,45,F,STOCK,Financials,F,F,9674000000,34051
6/2/2026,3:22:07 PM,NVDA,SWEEP,150,0.91,A,PUT,220,223.07000000000002,13650,6/3/2026,MAGENTA,0.45,1,F,STOCK,Information Technology,F,T,5109588000000,5677
6/2/2026,3:22:06 PM,AAPL,SWEEP,113,7.0,A,CALL,315,314.97,79100,6/18/2026,WHITE,0.26,16,F,STOCK,Information Technology,F,F,4583336000000,17377
6/2/2026,3:22:05 PM,NVDA,BLOCK,300,2.07,A,CALL,227.5,223.04500000000002,62100,6/5/2026,MAGENTA,0.48,3,F,STOCK,Information Technology,F,T,5109588000000,12162
6/2/2026,3:22:02 PM,IBM,SWEEP,160,13.296,,CALL,330,327.75,212742,6/12/2026,MAGENTA,0.66,10,F,STOCK,Information Technology,F,F,279897000000,364
6/2/2026,3:22:01 PM,MSTR,BLOCK,325,5.35,B,PUT,136,134.97,173875,6/5/2026,MAGENTA,0.99,3,F,STOCK,Information Technology,F,T,55752000000,1795
6/2/2026,3:21:57 PM,GME,SWEEP,250,0.63,B,CALL,32,20.9553,15750,9/18/2026,WHITE,0.68,108,T,STOCK,Consumer Discretionary,F,F,9503000000,2514
6/2/2026,3:21:56 PM,RLGT,SWEEP,450,0.25,B,PUT,7.5,8.58,11250,9/18/2026,WHITE,0.39,108,F,STOCK,Industrials,F,F,397000000,1653
6/2/2026,3:21:55 PM,WMT,BLOCK,696,3.45,A,CALL,115,113.1486,240120,7/17/2026,MAGENTA,0.26,45,F,STOCK,Consumer Discretionary,F,F,922642000000,2498
6/2/2026,3:21:55 PM,BMNR,BLOCK,200,3.87,B,CALL,40,17.635,77400,1/21/2028,WHITE,0.88,598,F,STOCK,Financials,F,F,10975000000,14238
6/2/2026,3:21:54 PM,MSTR,BLOCK,200,18.7,A,PUT,150,135.03,374000,6/18/2026,WHITE,0.8,16,F,STOCK,Information Technology,F,F,55752000000,7386
6/2/2026,3:21:54 PM,AVGO,BLOCK,100,3.0,A,PUT,380,477.66,30000,6/26/2026,WHITE,0.67,24,T,STOCK,Information Technology,F,F,2115307000000,1382
6/2/2026,3:21:53 PM,MU,SWEEP,300,3.05,B,PUT,890,1060.1499000000001,91500,6/5/2026,MAGENTA,1.26,3,F,STOCK,Information Technology,F,T,1095029000000,2121
6/2/2026,3:21:50 PM,TSLA,BLOCK,100,2.38,B,CALL,425,420.45500000000004,23800,6/3/2026,MAGENTA,0.48,1,F,STOCK,Consumer Discretionary,F,T,1636707000000,4434
6/2/2026,3:21:50 PM,NVDA,BLOCK,197,2.51,B,PUT,200,223.08,49447,7/2/2026,WHITE,0.42,30,F,STOCK,Information Technology,F,F,5109588000000,8943
6/2/2026,3:21:49 PM,GS,BLOCK,88,35.5,A,PUT,1090,1066.73,312400,6/12/2026,YELLOW,0.31,10,F,STOCK,Financials,F,F,302547000000,0
6/2/2026,3:21:45 PM,UAMY,BLOCK,200,1.65,B,PUT,10,10.055,33000,7/17/2026,WHITE,1.22,45,F,STOCK,Materials,F,F,1330000000,4405
6/2/2026,3:21:44 PM,ASPI,BLOCK,200,2.55,B,CALL,10,8.23,51000,1/15/2027,WHITE,1.2,227,F,STOCK,Materials,F,F,979000000,14110
6/2/2026,3:21:41 PM,FCX,SWEEP,200,4.8,,CALL,72,71.83,96000,7/2/2026,YELLOW,0.59,30,F,STOCK,Materials,F,F,94462000000,156
6/2/2026,3:21:40 PM,CRCL,BLOCK,158,19.65,A,CALL,100,100.245,310470,9/18/2026,WHITE,0.89,108,F,STOCK,Financials,F,F,28089000000,1027
6/2/2026,3:21:38 PM,UAMY,BLOCK,200,1.5,,CALL,12.5,10.035,30000,8/21/2026,WHITE,1.22,80,F,STOCK,Materials,F,F,1330000000,7325
6/2/2026,3:21:37 PM,CSCO,SWEEP,399,0.32,B,PUT,110,127.697,12768,6/18/2026,WHITE,0.47,16,F,STOCK,Information Technology,F,F,474627000000,2682
6/2/2026,3:21:33 PM,KOPN,BLOCK,500,0.52,B,CALL,6.5,6.12,26002,6/12/2026,YELLOW,1.67,10,F,STOCK,Information Technology,F,F,1044000000,37
6/2/2026,3:21:30 PM,VALE,SWEEP,500,0.32,B,CALL,25,16.915,16000,3/19/2027,WHITE,0.35,290,F,STOCK,Materials,F,F,73758000000,912
6/2/2026,3:21:28 PM,MRVL,SWEEP,251,3.8,A,CALL,320,283.95,95375,6/5/2026,MAGENTA,1.43,3,F,STOCK,Information Technology,F,T,183952000000,2350
6/2/2026,3:21:25 PM,META,SWEEP,298,0.942,BB,CALL,720,600.982,28059,6/18/2026,WHITE,0.48,16,F,STOCK,Communication Services,F,F,1599968000000,108012
6/2/2026,3:21:17 PM,BB,SWEEP,354,0.65,A,CALL,13,10.2203,23010,6/26/2026,MAGENTA,1.43,24,F,STOCK,Information Technology,F,F,5287000000,416
6/2/2026,3:21:16 PM,TSLA,BLOCK,100,1.29,A,PUT,400,420.32,12900,6/5/2026,WHITE,0.5,3,F,STOCK,Consumer Discretionary,F,T,1636707000000,6556
6/2/2026,3:21:11 PM,AMD,SWEEP,100,10.034,AA,PUT,480,517.6677,100340,6/12/2026,MAGENTA,0.74,10,F,STOCK,Information Technology,F,F,841553000000,329
6/2/2026,3:21:02 PM,AMC,BLOCK,300,0.71,,CALL,2,2.0300000000000002,21300,1/15/2027,WHITE,1.2,227,F,STOCK,Communication Services,F,F,1058000000,23961
6/2/2026,3:21:00 PM,NOK,SWEEP,300,2.75,B,CALL,25,16.84,82500,1/15/2027,WHITE,0.92,227,F,STOCK,Information Technology,F,F,85214000000,92931
6/2/2026,3:20:54 PM,SOFI,BLOCK,300,0.49,B,CALL,17.5,17.645,14700,6/5/2026,WHITE,0.65,3,F,STOCK,Financials,F,T,23371000000,14353
6/2/2026,3:20:51 PM,RKT,BLOCK,300,0.36,B,PUT,12,13.9336,10800,7/17/2026,WHITE,0.59,45,F,STOCK,Financials,F,F,41055000000,2312
6/2/2026,3:20:51 PM,HPE,SWEEP,150,2.736,A,CALL,60,55.690000000000005,41040,6/18/2026,MAGENTA,0.95,16,F,STOCK,Information Technology,T,F,57107000000,498
6/2/2026,3:20:48 PM,MSFT,SWEEP,367,7.95,B,PUT,442.5,442,291775,6/8/2026,YELLOW,0.34,6,F,STOCK,Information Technology,F,F,3344578000000,24
6/2/2026,3:20:48 PM,MSFT,BLOCK,179,7.7,B,PUT,432.5,442,137830,6/18/2026,MAGENTA,0.33,16,F,STOCK,Information Technology,F,F,3344578000000,196
6/2/2026,3:20:47 PM,NVDA,SWEEP,300,1.44,A,CALL,230,223.05,43200,6/5/2026,MAGENTA,0.49,3,F,STOCK,Information Technology,F,T,5109588000000,48407
6/2/2026,3:20:46 PM,NVDA,SWEEP,500,0.699,AA,CALL,227.5,223.02,34931,6/3/2026,MAGENTA,0.48,1,F,STOCK,Information Technology,F,T,5109588000000,10823
6/2/2026,3:20:42 PM,CSCO,BLOCK,185,3.8,B,CALL,130,127.68,70300,6/18/2026,WHITE,0.45,16,F,STOCK,Information Technology,F,F,474627000000,10740
6/2/2026,3:20:42 PM,SPCE,BLOCK,409,0.25,B,PUT,3.5,4.640000000000001,10225,6/18/2026,WHITE,2.01,16,F,STOCK,Industrials,F,F,622000000,9330
6/2/2026,3:20:41 PM,TSLA,SWEEP,200,0.82,B,CALL,450,420.31,16400,6/5/2026,MAGENTA,0.54,3,F,STOCK,Consumer Discretionary,F,T,1636707000000,13389
6/2/2026,3:20:40 PM,ALM,SWEEP,227,1.15,A,CALL,22.5,20.955000000000002,26105,6/18/2026,WHITE,1,16,F,STOCK,Materials,F,F,5578000000,639
6/2/2026,3:20:36 PM,SNOW,SWEEP,192,8.1,B,CALL,262.5,261.40000000000003,155520,6/5/2026,MAGENTA,0.91,3,F,STOCK,Information Technology,F,T,88343000000,224
6/2/2026,3:20:35 PM,TSLA,SWEEP,110,1.33,A,PUT,412.5,420.28000000000003,14630,6/3/2026,MAGENTA,0.47,1,F,STOCK,Consumer Discretionary,F,T,1636707000000,1280
6/2/2026,3:20:31 PM,LASE,BLOCK,500,0.25,B,CALL,4,2.1003000000000003,12500,6/18/2026,YELLOW,3.73,16,F,STOCK,Industrials,T,F,29000000,0
6/2/2026,3:20:30 PM,AVGO,SWEEP,100,4.2,B,CALL,600,477.33000000000004,42000,6/18/2026,WHITE,0.83,16,T,STOCK,Information Technology,F,F,2115307000000,4603
6/2/2026,3:20:28 PM,CRCL,SWEEP,253,2.16,B,CALL,104,100.055,54648,6/5/2026,MAGENTA,1.03,3,F,STOCK,Financials,F,T,28089000000,283
6/2/2026,3:20:26 PM,AAPL,BLOCK,388,6.5,B,CALL,350,315.02000000000004,252200,9/18/2026,WHITE,0.26,108,F,STOCK,Information Technology,F,F,4583336000000,32717
6/2/2026,3:20:23 PM,BE,SWEEP,969,3.35,A,PUT,255,300.78000000000003,324614,6/5/2026,WHITE,1.75,3,F,STOCK,Industrials,F,T,81066000000,2267
6/2/2026,3:20:20 PM,OKLO,BLOCK,200,2.8,B,CALL,75,73.13000000000001,56000,6/5/2026,MAGENTA,1.36,3,F,STOCK,Utilities,F,T,11636000000,2938
6/2/2026,3:20:20 PM,NIO,SWEEP,670,0.15,B,CALL,6,6.03,10050,6/5/2026,WHITE,0.61,3,F,STOCK,Consumer Discretionary,F,T,12867000000,21429
6/2/2026,3:20:17 PM,GOOGL,SWEEP,600,2.95,B,PUT,360,363.96500000000003,177000,6/5/2026,MAGENTA,0.36,3,F,STOCK,Communication Services,F,T,4608199000000,2820
6/2/2026,3:20:16 PM,NVDA,SWEEP,432,5.2,B,CALL,290,222.94,224640,9/18/2026,WHITE,0.47,108,F,STOCK,Information Technology,F,F,5109588000000,7413
6/2/2026,3:20:09 PM,REPL,SWEEP,200,1.5,B,CALL,20,8.812100000000001,30000,1/15/2027,WHITE,1.28,227,T,STOCK,Health Care,F,F,717000000,851
6/2/2026,3:20:06 PM,OWL,BLOCK,215,0.6,B,PUT,8,10.365,12900,11/20/2026,WHITE,0.58,171,F,STOCK,Financials,F,F,15980000000,4047
6/2/2026,3:20:05 PM,SOFI,SWEEP,257,0.46,,CALL,40,17.6198,11822,12/18/2026,WHITE,0.75,199,F,STOCK,Financials,F,F,23371000000,8059
6/2/2026,3:20:05 PM,SMR,SWEEP,509,1.11,A,CALL,15,14.025,56499,6/18/2026,WHITE,1.28,16,F,STOCK,Industrials,F,F,4630000000,22120
6/2/2026,3:20:04 PM,GLW,SWEEP,435,10.35,A,CALL,300,198.74,450222,9/18/2026,YELLOW,0.81,108,F,STOCK,Information Technology,F,F,155913000000,85
6/2/2026,3:20:00 PM,AVGO,SWEEP,191,1.58,A,CALL,600,477.43,30178,6/5/2026,MAGENTA,1.54,3,T,STOCK,Information Technology,F,T,2115307000000,3445
6/2/2026,3:19:57 PM,NFLX,SWEEP,600,0.59,A,CALL,85,83.58500000000001,35400,6/5/2026,MAGENTA,0.38,3,F,STOCK,Communication Services,F,T,362212000000,2146
6/2/2026,3:19:56 PM,TSLA,SWEEP,120,1.34,B,PUT,412.5,420.16,16080,6/3/2026,MAGENTA,0.47,1,F,STOCK,Consumer Discretionary,F,T,1636707000000,1280
6/2/2026,3:19:56 PM,CXDO,BLOCK,500,1.2,B,CALL,10,10.040000000000001,60006,6/18/2026,WHITE,1.41,16,F,STOCK,Information Technology,F,F,320000000,812
6/2/2026,3:19:56 PM,IBRX,BLOCK,158,0.9,A,PUT,4.5,7.1534,14220,1/15/2027,YELLOW,1.14,227,F,STOCK,Health Care,F,F,7876000000,142
6/2/2026,3:19:55 PM,GFS,SWEEP,360,0.5,A,PUT,65,84.85000000000001,17999,6/18/2026,WHITE,0.91,16,F,STOCK,Information Technology,F,F,44496000000,5237
6/2/2026,3:19:54 PM,TSLA,BLOCK,379,19.4,A,CALL,480,420.15000000000003,735260,8/21/2026,WHITE,0.5,80,F,STOCK,Consumer Discretionary,F,F,1636707000000,3108
6/2/2026,3:19:52 PM,JPM,BLOCK,100,2.6,B,CALL,380,301.0501,26000,11/20/2026,YELLOW,0.26,171,F,STOCK,Financials,F,F,802004000000,73
6/2/2026,3:19:51 PM,AAPL,SWEEP,100,3.147,A,CALL,315,314.95,31468,6/5/2026,WHITE,0.28,3,F,STOCK,Information Technology,F,T,4583336000000,30153
6/2/2026,3:19:40 PM,NET,SWEEP,313,23.248,BB,CALL,280,273.065,727655,7/17/2026,WHITE,0.68,45,F,STOCK,Information Technology,F,F,85475000000,675
6/2/2026,3:19:39 PM,FSLR,SWEEP,510,8.89,A,PUT,180,310.995,453400,1/15/2027,WHITE,0.67,227,F,STOCK,Information Technology,F,F,32965000000,6734
6/2/2026,3:19:37 PM,VOYA,BLOCK,800,1.0,,CALL,105,83.0618,80000,8/21/2026,#FF0000,0,80,F,STOCK,Financials,F,F,7363000000,750
6/2/2026,3:19:37 PM,NVDA,SWEEP,200,4.7,A,CALL,250,222.76500000000001,94000,7/17/2026,WHITE,0.43,45,F,STOCK,Information Technology,F,F,5109588000000,55883
6/2/2026,3:19:37 PM,FSLR,BLOCK,390,8.9,,PUT,180,311.24,347100,1/15/2027,WHITE,0.67,227,F,STOCK,Information Technology,F,F,32965000000,6734
6/2/2026,3:19:37 PM,AAPL,SWEEP,410,1.28,A,CALL,320,314.91,52477,6/5/2026,MAGENTA,0.28,3,F,STOCK,Information Technology,F,T,4583336000000,26594
6/2/2026,3:19:32 PM,RKT,SWEEP,300,0.69,B,PUT,13,13.945,20700,7/17/2026,WHITE,0.59,45,F,STOCK,Financials,F,F,41055000000,2082
6/2/2026,3:19:32 PM,FSLR,BLOCK,100,8.9,,PUT,180,310.865,89000,1/15/2027,WHITE,0.67,227,F,STOCK,Information Technology,F,F,32965000000,6734
6/2/2026,3:19:32 PM,VOYA,BLOCK,1200,1.05,,CALL,105,83.07000000000001,126000,8/21/2026,#FF0000,0,80,F,STOCK,Financials,F,F,7363000000,750
6/2/2026,3:19:32 PM,FSLR,BLOCK,100,3.25,B,PUT,140,310.865,32500,1/15/2027,WHITE,0.69,227,F,STOCK,Information Technology,F,F,32965000000,12126
6/2/2026,3:19:32 PM,STM,BLOCK,307,2.5,B,CALL,80,79.41,76750,6/5/2026,YELLOW,0.96,3,F,STOCK,Information Technology,T,T,62252000000,57
6/2/2026,3:19:24 PM,META,BLOCK,2380,0.93,B,CALL,720,600.49,221340,6/18/2026,WHITE,0.48,16,F,STOCK,Communication Services,F,F,1599968000000,108012
6/2/2026,3:19:23 PM,FSLR,BLOCK,100,3.25,B,PUT,140,310.90000000000003,32500,1/15/2027,WHITE,0.69,227,F,STOCK,Information Technology,F,F,32965000000,12126
6/2/2026,3:19:22 PM,MCD,SWEEP,334,0.8,B,CALL,300,276.6279,26720,6/26/2026,WHITE,0.24,24,F,STOCK,Consumer Discretionary,F,F,198373000000,486
6/2/2026,3:19:18 PM,AGNC,BLOCK,1200,0.47,B,PUT,10,10.2484,56404,9/18/2026,WHITE,0.2,108,F,STOCK,Real Estate,F,F,11949000000,16872
6/2/2026,3:19:17 PM,NVDA,SWEEP,200,10.15,B,CALL,230,222.745,203000,7/17/2026,WHITE,0.42,45,F,STOCK,Information Technology,F,F,5109588000000,50559
6/2/2026,3:19:17 PM,PLTR,SWEEP,474,2.31,B,CALL,155,152.336,109494,6/5/2026,MAGENTA,0.62,3,F,STOCK,Information Technology,F,T,375275000000,5812
6/2/2026,3:19:16 PM,FSLR,BLOCK,100,3.25,B,PUT,140,311.18,32500,1/15/2027,WHITE,0.69,227,F,STOCK,Information Technology,F,F,32965000000,12126
6/2/2026,3:19:16 PM,SPCE,BLOCK,233,0.82,B,CALL,5,4.63,19106,6/18/2026,MAGENTA,2.5,16,F,STOCK,Industrials,F,F,622000000,17463
6/2/2026,3:19:14 PM,FSLR,BLOCK,100,3.25,B,PUT,140,311.18,32500,1/15/2027,WHITE,0.69,227,F,STOCK,Information Technology,F,F,32965000000,12126
6/2/2026,3:19:14 PM,PLTR,SWEEP,271,2.26,AA,PUT,150,152.32,61244,6/5/2026,MAGENTA,0.6,3,F,STOCK,Information Technology,F,T,375275000000,8410
6/2/2026,3:19:12 PM,FSLR,BLOCK,100,3.25,B,PUT,140,311.18,32500,1/15/2027,WHITE,0.69,227,F,STOCK,Information Technology,F,F,32965000000,12126
6/2/2026,3:19:12 PM,SNAP,SWEEP,500,2.4,B,CALL,5,5.675,120000,1/21/2028,WHITE,0.75,598,F,STOCK,Information Technology,F,F,9643000000,20613
6/2/2026,3:19:09 PM,LUMN,BLOCK,200,0.89,,CALL,11,10.3495,17800,7/10/2026,WHITE,0.86,38,F,STOCK,Information Technology,F,F,11323000000,634
6/2/2026,3:19:03 PM,LCID,BLOCK,613,0.32,B,CALL,7,6.29,19616,6/26/2026,WHITE,0.89,24,F,STOCK,Consumer Discretionary,F,F,2556000000,1150
6/2/2026,3:19:01 PM,FCX,SWEEP,500,5.6,BB,CALL,68,71.60000000000001,279980,6/18/2026,MAGENTA,0.6,16,F,STOCK,Materials,F,F,94462000000,903
6/2/2026,3:19:01 PM,CRM,BLOCK,997,1.15,,CALL,270,200.20000000000002,114655,7/17/2026,WHITE,0.54,45,F,STOCK,Information Technology,F,F,156361000000,11594
6/2/2026,3:18:58 PM,MU,SWEEP,100,16.25,A,PUT,1000,1060.205,162500,6/5/2026,MAGENTA,1.06,3,F,STOCK,Information Technology,F,T,1095029000000,5248
6/2/2026,3:18:57 PM,HIMS,BLOCK,150,4.3,A,CALL,25,27.310000000000002,64500,7/17/2026,WHITE,0.81,45,F,STOCK,Health Care,F,F,6052000000,4568
6/2/2026,3:18:55 PM,CLSK,BLOCK,190,7.6,B,CALL,20,17.695,144400,1/21/2028,WHITE,0.93,598,F,STOCK,Financials,F,F,4693000000,5603
6/2/2026,3:18:54 PM,CLF,BLOCK,214,2.65,A,CALL,14,14.808,56710,8/21/2026,WHITE,0.82,80,F,STOCK,Materials,F,F,7757000000,2398
6/2/2026,3:18:53 PM,NU,BLOCK,213,0.71,B,CALL,12,11.8176,15123,7/17/2026,MAGENTA,0.47,45,F,STOCK,Financials,F,F,63755000000,555
6/2/2026,3:18:53 PM,BSOL,BLOCK,200,0.7,A,CALL,10,10.2299,14000,6/18/2026,YELLOW,0.68,16,F,STOCK,None,F,F,0,37
6/2/2026,3:18:52 PM,ASPI,BLOCK,200,2.55,B,CALL,10,8.215,51000,1/15/2027,WHITE,1.21,227,F,STOCK,Materials,F,F,979000000,14110
6/2/2026,3:18:52 PM,TSLA,SWEEP,111,1.42,A,PUT,412.5,419.97,15760,6/3/2026,MAGENTA,0.48,1,F,STOCK,Consumer Discretionary,F,T,1636707000000,1280
6/2/2026,3:18:52 PM,JD,BLOCK,200,0.68,B,CALL,31,30.2457,13600,6/18/2026,WHITE,0.39,16,F,STOCK,Consumer Discretionary,F,F,41299000000,4175
6/2/2026,3:18:48 PM,FSLR,BLOCK,1000,8.3,B,PUT,175,311.08820000000003,830000,1/15/2027,WHITE,0.68,227,F,STOCK,Information Technology,F,F,32965000000,2476
6/2/2026,3:18:47 PM,TSSI,BLOCK,200,2.3,A,CALL,30,15.245700000000001,46000,1/15/2027,MAGENTA,1.11,227,F,STOCK,Information Technology,F,F,462000000,410
6/2/2026,3:18:43 PM,TSLA,BLOCK,200,1.78,A,CALL,440,419.99,35600,6/5/2026,MAGENTA,0.52,3,F,STOCK,Consumer Discretionary,F,T,1636707000000,15443
6/2/2026,3:18:41 PM,HPE,SWEEP,1207,1.05,B,PUT,53,55.695,126735,6/5/2026,YELLOW,1.09,3,F,STOCK,Information Technology,T,T,57107000000,23
6/2/2026,3:18:36 PM,NFLX,SWEEP,200,0.58,A,CALL,85,83.545,11600,6/5/2026,MAGENTA,0.38,3,F,STOCK,Communication Services,F,T,362212000000,2146
6/2/2026,3:18:32 PM,BABA,BLOCK,184,2.4,B,CALL,131,131.185,44160,6/5/2026,WHITE,0.48,3,F,STOCK,Consumer Discretionary,F,T,298010000000,1846
6/2/2026,3:18:29 PM,ARM,BLOCK,100,41.15,B,PUT,380,406.1424,411500,7/17/2026,MAGENTA,0.98,45,F,STOCK,Information Technology,F,F,373255000000,116
6/2/2026,3:18:23 PM,TSLA,BLOCK,501,3.06,B,CALL,422.5,419.96340000000004,153307,6/3/2026,MAGENTA,0.48,1,F,STOCK,Consumer Discretionary,F,T,1636707000000,2734
6/2/2026,3:18:20 PM,TSLA,SWEEP,120,1.43,B,PUT,412.5,419.92,17160,6/3/2026,MAGENTA,0.48,1,F,STOCK,Consumer Discretionary,F,T,1636707000000,1280
6/2/2026,3:18:19 PM,QCOM,BLOCK,200,13.131,A,CALL,245,243.04090000000002,262620,6/12/2026,MAGENTA,0.87,10,F,STOCK,Information Technology,F,F,264575000000,237
6/2/2026,3:18:10 PM,MRVL,SWEEP,343,0.84,B,PUT,185,283.3586,28814,6/18/2026,WHITE,1.15,16,F,STOCK,Information Technology,F,F,183952000000,1140
6/2/2026,3:18:08 PM,A,SWEEP,443,0.65,B,CALL,145,133.8,28801,6/18/2026,WHITE,0.34,16,F,STOCK,Health Care,F,F,38301000000,519
6/2/2026,3:18:00 PM,ASPI,BLOCK,200,2.55,B,CALL,10,8.21,51000,1/15/2027,WHITE,1.21,227,F,STOCK,Materials,F,F,979000000,14110
6/2/2026,3:17:58 PM,F,BLOCK,688,1.75,,CALL,25,16.3277,120400,1/21/2028,WHITE,0.5,598,F,STOCK,Consumer Discretionary,F,F,69493000000,14821
6/2/2026,3:17:56 PM,FSLR,BLOCK,1500,7.4,,PUT,170,311.58,1110000,1/15/2027,WHITE,0.69,227,F,STOCK,Information Technology,F,F,32965000000,5456
6/2/2026,3:17:53 PM,INTU,SWEEP,247,2.82,A,CALL,340,323.6,69659,6/5/2026,MAGENTA,0.72,3,F,STOCK,Information Technology,F,T,90685000000,289
6/2/2026,3:17:51 PM,U,SWEEP,418,3.35,A,CALL,45,30.695,140030,1/15/2027,WHITE,0.73,227,F,STOCK,Information Technology,F,F,13301000000,2141
6/2/2026,3:17:48 PM,OKLO,SWEEP,200,1.249,BB,CALL,80,72.72500000000001,24980,6/5/2026,MAGENTA,1.39,3,F,STOCK,Utilities,F,T,11636000000,3931
6/2/2026,3:17:46 PM,IREN,SWEEP,1000,0.15,A,PUT,40,66.63,15000,6/12/2026,WHITE,1.62,10,F,STOCK,Financials,F,F,22707000000,1211
6/2/2026,3:17:46 PM,UMAC,BLOCK,273,6.6,A,CALL,29,34.1358,180180,6/12/2026,WHITE,1.65,10,F,STOCK,Information Technology,F,F,1518000000,1341
6/2/2026,3:17:45 PM,ONDS,BLOCK,151,0.74,,CALL,15,13.505,11175,6/18/2026,WHITE,1.14,16,F,STOCK,Information Technology,F,F,6638000000,57988
6/2/2026,3:17:44 PM,MU,BLOCK,100,7.67,A,PUT,955,1062.925,76700,6/5/2026,MAGENTA,1.12,3,F,STOCK,Information Technology,F,T,1095029000000,492
6/2/2026,3:17:42 PM,TSLA,SWEEP,130,13.7,A,PUT,410,420.02000000000004,178100,6/26/2026,WHITE,0.44,24,F,STOCK,Consumer Discretionary,F,F,1636707000000,1197
6/2/2026,3:17:42 PM,TSLA,BLOCK,210,1.45,A,CALL,450,420.01,30450,6/8/2026,MAGENTA,0.45,6,F,STOCK,Consumer Discretionary,F,F,1636707000000,2480
6/2/2026,3:17:40 PM,SMCI,SWEEP,200,2.11,,CALL,55,50.1344,42200,6/18/2026,WHITE,0.93,16,F,STOCK,Information Technology,F,F,27719000000,11647
6/2/2026,3:17:40 PM,LLY,BLOCK,397,3.1,B,CALL,1120,1068.06,123070,6/5/2026,MAGENTA,0.47,3,F,STOCK,Health Care,F,T,1040623000000,5606
6/2/2026,3:17:28 PM,TSLA,BLOCK,101,1.5,B,CALL,500,420.0901,15150,6/18/2026,WHITE,0.55,16,F,STOCK,Consumer Discretionary,F,F,1636707000000,38930
6/2/2026,3:17:27 PM,BSX,BLOCK,209,8.8,A,PUT,50,47.86,183920,6/17/2027,WHITE,0.44,380,F,STOCK,Health Care,F,F,71805000000,1327
6/2/2026,3:17:27 PM,GOOGL,BLOCK,254,1.2,A,PUT,360,363.95,30478,6/3/2026,MAGENTA,0.36,1,F,STOCK,Communication Services,F,T,4608199000000,1035
6/2/2026,3:17:27 PM,MSFT,BLOCK,100,22.97,B,CALL,425,441.67,229700,6/18/2026,WHITE,0.35,16,F,STOCK,Information Technology,F,F,3344578000000,7106
6/2/2026,3:17:25 PM,NXE,BLOCK,248,3.9,A,CALL,10,12.34,96720,1/15/2027,WHITE,0.71,227,F,STOCK,Materials,F,F,7651000000,12342
6/2/2026,3:17:25 PM,TSLA,BLOCK,100,1.66,A,CALL,427.5,420.17,16600,6/3/2026,MAGENTA,0.49,1,F,STOCK,Consumer Discretionary,F,T,1636707000000,1968
6/2/2026,3:17:24 PM,META,BLOCK,85,3.65,B,CALL,615,600.45,31025,6/5/2026,MAGENTA,0.41,3,F,STOCK,Communication Services,F,T,1599968000000,2023
6/2/2026,3:17:24 PM,NVDA,BLOCK,205,1.25,A,CALL,225,222.78,25625,6/3/2026,MAGENTA,0.47,1,F,STOCK,Information Technology,F,T,5109588000000,23319
6/2/2026,3:17:21 PM,NVDA,BLOCK,200,1.25,A,CALL,225,222.7786,25000,6/3/2026,MAGENTA,0.47,1,F,STOCK,Information Technology,F,T,5109588000000,23319
6/2/2026,3:17:17 PM,NVDA,BLOCK,164,4.7,B,CALL,250,222.775,77080,7/17/2026,WHITE,0.43,45,F,STOCK,Information Technology,F,F,5109588000000,55883
6/2/2026,3:17:17 PM,NVDA,SWEEP,303,1.25,B,CALL,225,222.775,37875,6/3/2026,MAGENTA,0.47,1,F,STOCK,Information Technology,F,T,5109588000000,23319
6/2/2026,3:17:16 PM,TSLA,BLOCK,100,1.38,A,PUT,412.5,420.16,13800,6/3/2026,MAGENTA,0.48,1,F,STOCK,Consumer Discretionary,F,T,1636707000000,1280
6/2/2026,3:17:16 PM,AAPL,BLOCK,188,15.68,A,PUT,315,314.84000000000003,294784,9/18/2026,WHITE,0.25,108,F,STOCK,Information Technology,F,F,4583336000000,814
6/2/2026,3:17:16 PM,SATS,SWEEP,180,3.092,A,CALL,150,123.28,55647,6/18/2026,WHITE,1.05,16,F,STOCK,Information Technology,F,F,37441000000,56831
6/2/2026,3:17:15 PM,SMCI,SWEEP,200,0.96,B,PUT,36,50.1,19200,7/17/2026,WHITE,0.89,45,F,STOCK,Information Technology,F,F,27719000000,5655
6/2/2026,3:17:14 PM,AAPL,SWEEP,300,0.45,A,CALL,325,314.84000000000003,13500,6/5/2026,WHITE,0.29,3,F,STOCK,Information Technology,F,T,4583336000000,9604
6/2/2026,3:17:14 PM,NIO,SWEEP,531,0.57,B,CALL,6,6.025,30267,7/17/2026,WHITE,0.65,45,F,STOCK,Consumer Discretionary,F,F,12867000000,7257
6/2/2026,3:17:09 PM,SMR,SWEEP,400,0.62,B,CALL,17,13.985000000000001,24800,6/18/2026,WHITE,1.34,16,F,STOCK,Industrials,F,F,4630000000,10889
6/2/2026,3:17:09 PM,ARM,SWEEP,457,1.72,A,PUT,350,406.53000000000003,78604,6/5/2026,WHITE,1.23,3,F,STOCK,Information Technology,F,T,373255000000,2102
6/2/2026,3:17:08 PM,TSLA,BLOCK,445,10.0,A,CALL,480,420.28000000000003,445000,7/17/2026,WHITE,0.49,45,F,STOCK,Consumer Discretionary,F,F,1636707000000,7105
6/2/2026,3:17:08 PM,VG,BLOCK,2403,0.65,B,CALL,12.5,12.435,156195,6/12/2026,YELLOW,0.82,10,F,STOCK,Energy,F,F,29911000000,87
6/2/2026,3:17:07 PM,BB,BLOCK,500,0.79,B,PUT,8,10.2989,39500,8/21/2026,YELLOW,1.02,80,F,STOCK,Information Technology,F,F,5287000000,96
6/2/2026,3:17:06 PM,TSLA,BLOCK,100,1.31,A,PUT,400,420.435,13100,6/5/2026,WHITE,0.51,3,F,STOCK,Consumer Discretionary,F,T,1636707000000,6556
6/2/2026,3:17:03 PM,ORCL,SWEEP,266,2.028,BB,PUT,115,243.56,53958,11/20/2026,WHITE,0.71,171,F,STOCK,Information Technology,F,F,649353000000,942
6/2/2026,3:17:01 PM,GFS,SWEEP,300,11.777,,CALL,120,84.57000000000001,353300,1/15/2027,WHITE,0.8,227,F,STOCK,Information Technology,F,F,44496000000,946
6/2/2026,3:17:01 PM,F,BLOCK,2157,0.46,A,PUT,10,16.3214,99222,6/17/2027,WHITE,0.46,380,F,STOCK,Consumer Discretionary,F,F,69493000000,18239
6/2/2026,3:17:01 PM,ASPI,SWEEP,200,2.609,AA,CALL,10,8.280000000000001,52174,1/15/2027,WHITE,1.21,227,F,STOCK,Materials,F,F,979000000,14110
6/2/2026,3:16:59 PM,MU,BLOCK,102,120.0,A,CALL,1000,1062.855,1224000,6/18/2026,WHITE,0.98,16,F,STOCK,Information Technology,F,F,1095029000000,5487
6/2/2026,3:16:56 PM,MU,BLOCK,75,99.0,A,CALL,975,1063.01,742500,6/5/2026,WHITE,1.1,3,F,STOCK,Information Technology,F,T,1095029000000,494
6/2/2026,3:16:53 PM,TSLA,SWEEP,120,1.34,B,PUT,412.5,420.32,16080,6/3/2026,MAGENTA,0.48,1,F,STOCK,Consumer Discretionary,F,T,1636707000000,1280
6/2/2026,3:16:52 PM,FCEL,BLOCK,363,1.3,A,PUT,20,24.495,47190,6/12/2026,YELLOW,2.09,10,T,STOCK,Industrials,F,F,1147000000,154
6/2/2026,3:16:52 PM,MSFT,SWEEP,134,3.75,A,CALL,450,441.75,50250,6/5/2026,MAGENTA,0.44,3,F,STOCK,Information Technology,F,T,3344578000000,5636
6/2/2026,3:16:52 PM,TSSI,BLOCK,200,2.35,A,CALL,30,15.245000000000001,47000,1/15/2027,MAGENTA,1.12,227,F,STOCK,Information Technology,F,F,462000000,410
6/2/2026,3:16:49 PM,MSFT,SWEEP,100,3.75,A,CALL,450,441.78000000000003,37500,6/5/2026,MAGENTA,0.44,3,F,STOCK,Information Technology,F,T,3344578000000,5636
6/2/2026,3:16:49 PM,NOW,SWEEP,201,4.6,A,CALL,126,127.21000000000001,92460,6/5/2026,YELLOW,0.86,3,F,STOCK,Information Technology,F,T,128225000000,179
6/2/2026,3:16:44 PM,CLF,BLOCK,201,0.7,B,CALL,18,14.870000000000001,14072,7/17/2026,MAGENTA,0.81,45,F,STOCK,Materials,F,F,7757000000,1478
6/2/2026,3:16:44 PM,KOPN,BLOCK,817,0.48,A,CALL,6.5,6.0614,39214,6/12/2026,YELLOW,1.63,10,F,STOCK,Information Technology,F,F,1044000000,37
6/2/2026,3:16:38 PM,NOK,SWEEP,200,2.01,A,CALL,30,16.845,40200,12/18/2026,WHITE,0.99,199,F,STOCK,Information Technology,F,F,85214000000,2885
6/2/2026,3:16:30 PM,GOOGL,SWEEP,116,6.94,B,PUT,320,363.95,80505,8/21/2026,WHITE,0.36,80,F,STOCK,Communication Services,F,F,4608199000000,13365
6/2/2026,3:16:30 PM,TSLA,SWEEP,195,6.802,B,CALL,810,420.40500000000003,132637,12/18/2026,WHITE,0.57,199,F,STOCK,Consumer Discretionary,F,F,1636707000000,897
6/2/2026,3:16:27 PM,TSLA,SWEEP,119,3.151,B,CALL,422.5,420.385,37491,6/3/2026,MAGENTA,0.47,1,F,STOCK,Consumer Discretionary,F,T,1636707000000,2734
6/2/2026,3:16:26 PM,NVDA,SWEEP,300,1.42,,CALL,230,222.842,42600,6/5/2026,MAGENTA,0.49,3,F,STOCK,Information Technology,F,T,5109588000000,48407
6/2/2026,3:16:25 PM,TSLA,SWEEP,101,6.7,B,CALL,450,420.26,67670,6/18/2026,WHITE,0.48,16,F,STOCK,Consumer Discretionary,F,F,1636707000000,28769
6/2/2026,3:16:25 PM,TSLA,BLOCK,100,4.37,B,CALL,420,420.26,43700,6/3/2026,MAGENTA,0.48,1,F,STOCK,Consumer Discretionary,F,T,1636707000000,4627
6/2/2026,3:16:24 PM,DGXX,BLOCK,422,1.25,,CALL,9,7.92,52750,7/17/2026,WHITE,1.48,45,F,STOCK,Information Technology,F,F,545000000,3986
6/2/2026,3:16:23 PM,MSTR,BLOCK,150,0.87,A,CALL,150,135.02,13050,6/5/2026,MAGENTA,1.03,3,F,STOCK,Information Technology,F,T,55752000000,3451
6/2/2026,3:16:18 PM,TSLA,SWEEP,240,2.759,A,PUT,417.5,420.46500000000003,66211,6/3/2026,MAGENTA,0.47,1,F,STOCK,Consumer Discretionary,F,T,1636707000000,1531
6/2/2026,3:16:16 PM,OLLI,SWEEP,229,3.302,B,CALL,85,80.23,75625,6/18/2026,MAGENTA,0.77,16,T,STOCK,Consumer Discretionary,F,F,4951000000,883
6/2/2026,3:16:11 PM,CSIQ,SWEEP,1000,2.2,B,CALL,20,20.7001,220000,6/18/2026,WHITE,1.07,16,F,STOCK,Information Technology,F,F,1287000000,2653
6/2/2026,3:16:09 PM,MSTR,BLOCK,300,10.35,B,PUT,140,135.06,310500,6/12/2026,WHITE,0.85,10,F,STOCK,Information Technology,F,F,55752000000,2001
6/2/2026,3:16:09 PM,GOOG,SWEEP,250,0.54,A,CALL,380,360.7574,13500,6/5/2026,MAGENTA,0.42,3,F,STOCK,Communication Services,F,T,4560826000000,3311
6/2/2026,3:16:09 PM,ASPI,BLOCK,200,2.6,B,CALL,10,8.265,52000,1/15/2027,WHITE,1.21,227,F,STOCK,Materials,F,F,979000000,14110
6/2/2026,3:16:08 PM,DAL,SWEEP,176,7.4,B,PUT,75,80.19500000000001,130242,1/15/2027,WHITE,0.42,227,F,STOCK,Industrials,F,F,54188000000,3701
6/2/2026,3:16:06 PM,HOOD,SWEEP,200,1.39,A,PUT,85,87.65,27800,6/5/2026,MAGENTA,0.8,3,F,STOCK,Financials,F,T,84917000000,2975
6/2/2026,3:16:05 PM,IBM,SWEEP,110,4.0,A,CALL,345,328.19,44000,6/5/2026,WHITE,0.85,3,F,STOCK,Information Technology,F,T,279897000000,516
6/2/2026,3:16:03 PM,GOOGL,SWEEP,123,4.35,A,CALL,380,363.94,53504,6/18/2026,WHITE,0.33,16,F,STOCK,Communication Services,F,F,4608199000000,8454
6/2/2026,3:16:02 PM,PESI,BLOCK,350,1.1,B,CALL,12.5,10.21,38500,9/18/2026,WHITE,0.83,108,F,STOCK,Industrials,F,F,182000000,2531
6/2/2026,3:16:01 PM,CLS,BLOCK,100,4.2,B,CALL,520,473.08000000000004,42000,6/5/2026,YELLOW,1.07,3,F,STOCK,Information Technology,F,T,44309000000,4
6/2/2026,3:16:00 PM,TSLA,BLOCK,100,5.64,B,CALL,425,420.62800000000004,56400,6/5/2026,MAGENTA,0.5,3,F,STOCK,Consumer Discretionary,F,T,1636707000000,5179
6/2/2026,3:15:53 PM,EOSE,BLOCK,2000,0.3,A,CALL,10,9.5,60000,6/5/2026,MAGENTA,1.45,3,F,STOCK,Industrials,F,T,2862000000,8727
6/2/2026,3:15:52 PM,AAPL,SWEEP,253,5.05,B,CALL,310,314.75,127765,6/3/2026,MAGENTA,0.26,1,F,STOCK,Information Technology,F,T,4583336000000,5552
6/2/2026,3:15:52 PM,AAPL,BLOCK,100,1.8,A,PUT,315,314.75,18000,6/3/2026,MAGENTA,0.26,1,F,STOCK,Information Technology,F,T,4583336000000,468
6/2/2026,3:15:51 PM,KOPN,BLOCK,593,0.43,A,CALL,6.5,6.0200000000000005,25499,6/12/2026,YELLOW,1.55,10,F,STOCK,Information Technology,F,F,1044000000,37
6/2/2026,3:15:43 PM,MSFT,BLOCK,200,0.61,B,CALL,500,441.93,12200,6/12/2026,WHITE,0.44,10,F,STOCK,Information Technology,F,F,3344578000000,28294
6/2/2026,3:15:42 PM,NVDA,BLOCK,200,0.66,B,CALL,227.5,222.85,13200,6/3/2026,MAGENTA,0.48,1,F,STOCK,Information Technology,F,T,5109588000000,10823
6/2/2026,3:15:41 PM,TSLA,SWEEP,200,15.55,A,CALL,500,420.7,311000,8/21/2026,WHITE,0.51,80,F,STOCK,Consumer Discretionary,F,F,1636707000000,10871
6/2/2026,3:15:39 PM,MU,BLOCK,200,21.75,B,PUT,1020,1061.4095,435000,6/5/2026,MAGENTA,1.04,3,F,STOCK,Information Technology,F,T,1095029000000,1310
6/2/2026,3:15:39 PM,TSLA,BLOCK,100,19.9,B,CALL,600,420.59000000000003,199000,12/18/2026,WHITE,0.52,199,F,STOCK,Consumer Discretionary,F,F,1636707000000,14241
6/2/2026,3:15:39 PM,TSLA,BLOCK,335,8.05,A,PUT,415,420.59000000000003,269675,6/10/2026,YELLOW,0.43,8,F,STOCK,Consumer Discretionary,F,F,1636707000000,141
6/2/2026,3:15:38 PM,AVGO,BLOCK,184,1.5,A,CALL,600,476.65500000000003,27600,6/5/2026,MAGENTA,1.53,3,T,STOCK,Information Technology,F,T,2115307000000,3445
6/2/2026,3:15:38 PM,PAYO,SWEEP,186,0.8,A,CALL,5,5.4899000000000004,14880,6/18/2026,WHITE,1.18,16,F,STOCK,Information Technology,T,F,1740000000,2469
6/2/2026,3:15:37 PM,RKLB,BLOCK,200,3.0,B,CALL,130,123.595,60000,6/5/2026,MAGENTA,1.23,3,F,STOCK,Industrials,F,T,83039000000,3713
6/2/2026,3:15:36 PM,F,SWEEP,165,1.71,B,CALL,25,16.335,28215,1/21/2028,WHITE,0.49,598,F,STOCK,Consumer Discretionary,F,F,69493000000,14821
6/2/2026,3:15:34 PM,TSLA,SWEEP,102,1.29,B,CALL,445,420.77500000000003,13156,6/5/2026,MAGENTA,0.53,3,F,STOCK,Consumer Discretionary,F,T,1636707000000,5024
6/2/2026,3:15:32 PM,TSLA,BLOCK,145,22.1,A,CALL,520,420.76,320450,10/16/2026,WHITE,0.51,136,F,STOCK,Consumer Discretionary,F,F,1636707000000,1692
6/2/2026,3:15:31 PM,CPSH,SWEEP,317,0.5,A,CALL,25,9.610000000000001,15850,6/18/2026,YELLOW,3.52,16,F,STOCK,Materials,F,F,162000000,292
6/2/2026,3:15:29 PM,PENG,SWEEP,500,0.9,A,PUT,50,72.285,44995,6/18/2026,MAGENTA,1.42,16,F,STOCK,Information Technology,T,F,2833000000,767
6/2/2026,3:15:28 PM,U,SWEEP,458,1.8,A,CALL,31,30.685000000000002,82440,6/18/2026,WHITE,0.75,16,F,STOCK,Information Technology,F,F,13301000000,2705
6/2/2026,3:15:27 PM,COIN,BLOCK,175,1.22,A,CALL,280,172.78,21350,7/17/2026,WHITE,0.82,45,F,STOCK,Financials,F,F,49802000000,850
6/2/2026,3:15:23 PM,RIVN,SWEEP,400,0.27,A,CALL,25,17.285,10800,7/17/2026,YELLOW,0.81,45,F,STOCK,Consumer Discretionary,F,F,20228000000,359
6/2/2026,3:15:22 PM,MSFT,SWEEP,200,0.61,B,CALL,500,441.9191,12200,6/12/2026,WHITE,0.44,10,F,STOCK,Information Technology,F,F,3344578000000,28294
6/2/2026,3:15:21 PM,NTSK,SWEEP,469,0.45,A,PUT,10,12.325000000000001,21095,6/18/2026,WHITE,1.4,16,T,STOCK,Information Technology,F,F,4859000000,1016
6/2/2026,3:15:20 PM,TSLA,SWEEP,100,14.653,A,CALL,425,420.892,146528,6/18/2026,WHITE,0.46,16,F,STOCK,Consumer Discretionary,F,F,1636707000000,10037
6/2/2026,3:15:18 PM,DJT,SWEEP,224,0.552,B,CALL,9,8.92,12358,6/18/2026,WHITE,0.78,16,F,STOCK,Communication Services,F,F,2576000000,4727
6/2/2026,3:15:15 PM,U,SWEEP,181,1.78,A,CALL,31,30.6538,32218,6/18/2026,WHITE,0.75,16,F,STOCK,Information Technology,F,F,13301000000,2705
6/2/2026,3:15:14 PM,GTLB,SWEEP,491,3.9,A,PUT,32,32.095,191483,6/18/2026,YELLOW,1.49,16,T,STOCK,Information Technology,F,F,5281000000,34
6/2/2026,3:15:11 PM,CRWD,BLOCK,100,16.63,A,CALL,825,763.34,166300,6/5/2026,YELLOW,1.4,3,T,STOCK,Information Technology,F,T,185391000000,22
6/2/2026,3:15:09 PM,NIO,SWEEP,150,0.68,A,PUT,5,6.035,10200,1/15/2027,WHITE,0.68,227,F,STOCK,Consumer Discretionary,F,F,12867000000,32532
6/2/2026,3:15:09 PM,AMZN,SWEEP,250,0.79,A,PUT,250,257.97,19750,6/5/2026,WHITE,0.37,3,F,STOCK,Consumer Discretionary,F,T,2911304000000,5173
6/2/2026,3:15:07 PM,META,SWEEP,225,0.489,A,CALL,625,600.6700000000001,11003,6/3/2026,MAGENTA,0.51,1,F,STOCK,Communication Services,F,T,1599968000000,1067
6/2/2026,3:15:06 PM,AAPL,BLOCK,100,1.8,B,PUT,315,314.74170000000004,18000,6/3/2026,MAGENTA,0.26,1,F,STOCK,Information Technology,F,T,4583336000000,468
6/2/2026,3:15:06 PM,BA,SWEEP,196,9.45,B,PUT,222.5,216.769,185220,6/18/2026,YELLOW,0.35,16,F,STOCK,Industrials,F,F,182216000000,167
6/2/2026,3:15:04 PM,TSSI,BLOCK,200,2.3,A,CALL,30,15.370000000000001,46000,1/15/2027,MAGENTA,1.1,227,F,STOCK,Information Technology,F,F,462000000,410
6/2/2026,3:15:00 PM,BB,BLOCK,750,0.6,A,CALL,11,10.32,45000,6/12/2026,YELLOW,1.28,10,F,STOCK,Information Technology,F,F,5287000000,411
6/2/2026,3:15:00 PM,U,SWEEP,301,1.76,A,CALL,31,30.62,52976,6/18/2026,WHITE,0.75,16,F,STOCK,Information Technology,F,F,13301000000,2705
6/2/2026,3:14:59 PM,DGXX,BLOCK,150,1.25,B,CALL,9,7.94,18750,7/17/2026,WHITE,1.47,45,F,STOCK,Information Technology,F,F,545000000,3986
6/2/2026,3:14:58 PM,GOOG,SWEEP,250,0.55,A,CALL,380,360.82,13750,6/5/2026,MAGENTA,0.42,3,F,STOCK,Communication Services,F,T,4560826000000,3311
6/2/2026,3:14:54 PM,BB,SWEEP,900,0.139,A,CALL,12,10.315,12500,6/5/2026,MAGENTA,1.66,3,F,STOCK,Information Technology,F,T,5287000000,1307
6/2/2026,3:14:53 PM,HPE,SWEEP,274,1.9,,CALL,57,55.47,52052,6/5/2026,MAGENTA,1.27,3,F,STOCK,Information Technology,T,T,57107000000,354
6/2/2026,3:14:52 PM,SLS,BLOCK,200,2.5,B,CALL,15,8.5454,50000,9/18/2026,WHITE,2.15,108,F,STOCK,Health Care,F,F,1731000000,2804
6/2/2026,3:14:47 PM,DEI,BLOCK,707,0.3,,CALL,12.5,11.84,21210,7/17/2026,WHITE,0.35,45,F,STOCK,Real Estate,F,F,1949000000,14537
6/2/2026,3:14:47 PM,SMCI,SWEEP,190,1.56,B,CALL,70,50.049,29640,7/17/2026,MAGENTA,0.93,45,F,STOCK,Information Technology,F,F,27719000000,551
6/2/2026,3:14:47 PM,AVGO,BLOCK,200,3.0,B,PUT,425,476.37,60000,6/5/2026,MAGENTA,1.12,3,T,STOCK,Information Technology,F,T,2115307000000,2247
6/2/2026,3:14:45 PM,TSLA,SWEEP,200,10.0,A,PUT,415,420.755,200000,6/12/2026,MAGENTA,0.46,10,F,STOCK,Consumer Discretionary,F,F,1636707000000,1001
6/2/2026,3:14:45 PM,U,SWEEP,1026,1.7,,CALL,31,30.560000000000002,174420,6/18/2026,WHITE,0.74,16,F,STOCK,Information Technology,F,F,13301000000,2705
6/2/2026,3:14:45 PM,SMCI,SWEEP,200,1.56,B,CALL,70,50.050200000000004,31200,7/17/2026,MAGENTA,0.93,45,F,STOCK,Information Technology,F,F,27719000000,551
6/2/2026,3:14:43 PM,META,SWEEP,80,70.0,B,CALL,610,600.635,560000,12/18/2026,WHITE,0.4,199,F,STOCK,Communication Services,F,F,1599968000000,816
6/2/2026,3:14:42 PM,TSLA,SWEEP,101,6.8,B,CALL,450,420.71500000000003,68680,6/18/2026,WHITE,0.48,16,F,STOCK,Consumer Discretionary,F,F,1636707000000,28769
6/2/2026,3:14:42 PM,TSLA,BLOCK,100,14.6,B,CALL,425,420.71500000000003,146000,6/18/2026,WHITE,0.46,16,F,STOCK,Consumer Discretionary,F,F,1636707000000,10037
6/2/2026,3:14:40 PM,SNDK,SWEEP,593,150.4,B,CALL,1670,1723.915,8918720,6/12/2026,YELLOW,1.08,10,F,STOCK,Information Technology,F,F,251009000000,91
6/2/2026,3:14:37 PM,TSLA,BLOCK,100,1.3,,CALL,430,420.70500000000004,13000,6/3/2026,MAGENTA,0.51,1,F,STOCK,Consumer Discretionary,F,T,1636707000000,6432
6/2/2026,3:14:36 PM,PUMP,SWEEP,253,1.3,A,CALL,17.5,16.29,32890,7/17/2026,MAGENTA,0.77,45,F,STOCK,Energy,F,F,1871000000,1300
6/2/2026,3:14:36 PM,MSTR,SWEEP,656,3.719,A,PUT,120,135.245,243995,6/18/2026,WHITE,0.89,16,F,STOCK,Information Technology,F,F,55752000000,4648
6/2/2026,3:14:34 PM,MSTR,SWEEP,250,0.53,A,PUT,117,135.25,13250,6/5/2026,MAGENTA,1.17,3,F,STOCK,Information Technology,F,T,55752000000,287
6/2/2026,3:14:33 PM,TSLA,BLOCK,100,1.3,A,CALL,445,420.755,13000,6/5/2026,MAGENTA,0.53,3,F,STOCK,Consumer Discretionary,F,T,1636707000000,5024
6/2/2026,3:14:33 PM,GLW,BLOCK,175,29.25,B,CALL,200,198.56,511875,8/21/2026,WHITE,0.8,80,F,STOCK,Information Technology,F,F,155913000000,1726
6/2/2026,3:14:32 PM,MSTR,BLOCK,400,0.8,A,PUT,120,135.195,32000,6/5/2026,MAGENTA,1.14,3,F,STOCK,Information Technology,F,T,55752000000,10160
6/2/2026,3:14:32 PM,TSLA,BLOCK,514,3.4,B,CALL,422.5,420.733,174773,6/3/2026,MAGENTA,0.48,1,F,STOCK,Consumer Discretionary,F,T,1636707000000,2734
6/2/2026,3:14:32 PM,TSLA,BLOCK,500,2.65,A,PUT,417.5,420.733,132500,6/3/2026,MAGENTA,0.47,1,F,STOCK,Consumer Discretionary,F,T,1636707000000,1531
6/2/2026,3:14:30 PM,HOOD,SWEEP,200,1.42,A,PUT,85,87.53,28400,6/5/2026,MAGENTA,0.8,3,F,STOCK,Financials,F,T,84917000000,2975
6/2/2026,3:14:29 PM,TSLA,SWEEP,182,4.303,B,CALL,450,420.84000000000003,78312,6/12/2026,WHITE,0.5,10,F,STOCK,Consumer Discretionary,F,F,1636707000000,5952
6/2/2026,3:14:27 PM,TSLA,SWEEP,595,3.7,AA,PUT,420,420.84000000000003,220154,6/3/2026,MAGENTA,0.47,1,F,STOCK,Consumer Discretionary,F,T,1636707000000,2782
6/2/2026,3:14:26 PM,TSLA,BLOCK,100,1.25,A,PUT,400,420.84000000000003,12500,6/5/2026,WHITE,0.5,3,F,STOCK,Consumer Discretionary,F,T,1636707000000,6556
6/2/2026,3:14:25 PM,TSLA,SWEEP,164,1.96,B,CALL,440,420.87,32144,6/5/2026,MAGENTA,0.53,3,F,STOCK,Consumer Discretionary,F,T,1636707000000,15443
6/2/2026,3:14:24 PM,MSTR,SWEEP,277,0.53,A,PUT,117,135.2181,14681,6/5/2026,MAGENTA,1.17,3,F,STOCK,Information Technology,F,T,55752000000,287
6/2/2026,3:14:24 PM,CRCL,SWEEP,203,8.493,A,PUT,95,98.902,172399,7/10/2026,YELLOW,0.84,38,F,STOCK,Financials,F,F,28089000000,18
6/2/2026,3:14:24 PM,CRCL,BLOCK,200,5.9,A,PUT,99,98.902,118000,6/12/2026,YELLOW,0.9,10,F,STOCK,Financials,F,F,28089000000,54
6/2/2026,3:14:22 PM,MSTR,SWEEP,234,0.52,A,PUT,117,135.2499,12168,6/5/2026,MAGENTA,1.17,3,F,STOCK,Information Technology,F,T,55752000000,287
6/2/2026,3:14:22 PM,INTC,BLOCK,235,21.0,A,PUT,105,107.35000000000001,493500,11/20/2026,WHITE,0.8,171,F,STOCK,Information Technology,F,F,576381000000,2158
6/2/2026,3:14:22 PM,FCX,SWEEP,431,5.95,A,CALL,80,71.617536,256445,9/18/2026,WHITE,0.58,108,F,STOCK,Materials,F,F,94462000000,9352
6/2/2026,3:14:21 PM,MSTR,SWEEP,500,0.52,A,PUT,117,135.225,26000,6/5/2026,YELLOW,1.17,3,F,STOCK,Information Technology,F,T,55752000000,287
6/2/2026,3:14:17 PM,GTLB,BLOCK,692,3.3,A,PUT,32,31.990000000000002,228359,6/5/2026,YELLOW,2.86,3,T,STOCK,Information Technology,F,T,5281000000,47
6/2/2026,3:14:15 PM,CRCL,SWEEP,186,2.615,A,PUT,97,99.15,48645,6/5/2026,WHITE,1.01,3,F,STOCK,Financials,F,T,28089000000,542
6/2/2026,3:14:14 PM,CG,BLOCK,390,1.6,A,CALL,47.5,44.910000000000004,62400,7/17/2026,WHITE,0.42,45,F,STOCK,Financials,F,F,16353000000,792
6/2/2026,3:14:14 PM,GOOGL,BLOCK,1100,2.97,,PUT,360,363.8935,326700,6/5/2026,#FF0000,0,3,F,STOCK,Communication Services,F,T,4608199000000,2820
6/2/2026,3:14:11 PM,BSX,BLOCK,600,6.1,B,PUT,45,47.97,366000,6/17/2027,WHITE,0.44,380,F,STOCK,Health Care,F,F,71805000000,937
6/2/2026,3:14:01 PM,ULTA,BLOCK,394,0.399,A,PUT,390,497.2934,15720,6/5/2026,YELLOW,1.32,3,T,STOCK,Consumer Discretionary,F,T,22165000000,78
6/2/2026,3:14:00 PM,AMD,BLOCK,200,24.8,B,CALL,520,517.995,496000,6/12/2026,MAGENTA,0.75,10,F,STOCK,Information Technology,F,F,841553000000,846
6/2/2026,3:13:57 PM,WDS,BLOCK,500,0.25,B,CALL,30,22.62,12500,10/16/2026,WHITE,0.36,136,T,STOCK,Energy,F,F,41501000000,1648
6/2/2026,3:13:52 PM,NVDA,SWEEP,300,1.46,,CALL,230,223.11,43800,6/5/2026,MAGENTA,0.49,3,F,STOCK,Information Technology,F,T,5109588000000,48407
6/2/2026,3:13:51 PM,AI,BLOCK,500,0.62,A,CALL,15,11.1602,31000,7/17/2026,MAGENTA,1.08,45,T,STOCK,Information Technology,F,F,1564000000,5032
6/2/2026,3:13:48 PM,NVDA,SWEEP,300,0.63,A,CALL,260,223.125,18900,6/18/2026,WHITE,0.47,16,F,STOCK,Information Technology,F,F,5109588000000,54966
6/2/2026,3:13:47 PM,GTLB,SWEEP,298,3.3,A,PUT,32,32.045,98340,6/5/2026,YELLOW,2.88,3,T,STOCK,Information Technology,F,T,5281000000,47
6/2/2026,3:13:41 PM,PLTR,SWEEP,305,1.251,AA,PUT,130,152.315,38153,6/26/2026,MAGENTA,0.55,24,F,STOCK,Information Technology,F,F,375275000000,718
6/2/2026,3:13:37 PM,BSX,BLOCK,230,11.8,A,PUT,55,47.980000000000004,271400,6/17/2027,YELLOW,0.43,380,F,STOCK,Health Care,F,F,71805000000,81
6/2/2026,3:13:36 PM,GOOGL,BLOCK,250,8.8,A,CALL,357.5,363.87,220000,6/5/2026,YELLOW,0.38,3,F,STOCK,Communication Services,F,T,4608199000000,1
6/2/2026,3:13:29 PM,RUN,BLOCK,499,0.79,A,CALL,19,15.335,39421,7/17/2026,WHITE,0.89,45,F,STOCK,Information Technology,F,F,3988000000,1416
6/2/2026,3:13:24 PM,AMD,SWEEP,237,1.909,A,CALL,575,518.04,45241,6/5/2026,MAGENTA,0.87,3,F,STOCK,Information Technology,F,T,841553000000,1055
6/2/2026,3:13:22 PM,PATH,SWEEP,330,1.0,A,CALL,16,11.955,33000,9/18/2026,MAGENTA,0.83,108,F,STOCK,Information Technology,F,F,6140000000,471
6/2/2026,3:13:22 PM,MU,BLOCK,100,70.65,B,CALL,1060,1060.89,706500,6/12/2026,MAGENTA,1,10,F,STOCK,Information Technology,F,F,1095029000000,408
6/2/2026,3:13:20 PM,GRAL,SWEEP,189,4.4,A,PUT,60,59.71,83160,6/18/2026,WHITE,0.86,16,F,STOCK,Health Care,F,F,3076000000,1152
6/2/2026,3:13:17 PM,GOOGL,BLOCK,300,2.97,,PUT,360,363.81,89100,6/5/2026,#FF0000,0,3,F,STOCK,Communication Services,F,T,4608199000000,2820
6/2/2026,3:13:14 PM,CELC,SWEEP,282,1.0,A,PUT,65,90.78,28200,7/17/2026,YELLOW,0.76,45,F,STOCK,Health Care,F,F,6480000000,21
6/2/2026,3:13:13 PM,FIVN,SWEEP,170,6.0,A,CALL,25,24.84,102000,10/16/2026,WHITE,1,136,F,STOCK,Information Technology,F,F,1864000000,14679
6/2/2026,3:13:12 PM,HOOD,BLOCK,200,1.42,A,PUT,85,87.55,28400,6/5/2026,MAGENTA,0.8,3,F,STOCK,Financials,F,T,84917000000,2975
6/2/2026,3:13:11 PM,SOFI,BLOCK,400,0.77,A,CALL,17,17.5701,30800,6/5/2026,WHITE,0.68,3,F,STOCK,Financials,F,T,23371000000,13625
6/2/2026,3:13:09 PM,ARM,BLOCK,113,1.6,A,CALL,500,407.13,18080,6/5/2026,MAGENTA,1.47,3,F,STOCK,Information Technology,F,T,373255000000,1226
6/2/2026,3:13:07 PM,KEEL,BLOCK,200,0.51,A,CALL,10,6.0684000000000005,10200,8/21/2026,WHITE,1.27,80,F,STOCK,Information Technology,F,F,3424000000,6155
6/2/2026,3:13:06 PM,NVDA,BLOCK,154,6.55,A,CALL,226,223.13500000000002,100870,6/18/2026,WHITE,0.42,16,F,STOCK,Information Technology,F,F,5109588000000,5472
6/2/2026,3:13:05 PM,MSFT,SWEEP,150,2.82,B,CALL,445,441.87,42300,6/3/2026,MAGENTA,0.45,1,F,STOCK,Information Technology,F,T,3344578000000,918
6/2/2026,3:13:05 PM,MU,BLOCK,125,115.0,A,CALL,1300,1060.3500000000001,1437500,8/21/2026,WHITE,0.97,80,F,STOCK,Information Technology,F,F,1095029000000,792
6/2/2026,3:13:04 PM,NVDA,BLOCK,200,0.63,A,CALL,260,223.13,12600,6/18/2026,WHITE,0.47,16,F,STOCK,Information Technology,F,F,5109588000000,54966
6/2/2026,3:13:00 PM,NVDA,SWEEP,200,2.42,A,PUT,220,223.13,48400,6/5/2026,MAGENTA,0.47,3,F,STOCK,Information Technology,F,T,5109588000000,11540
6/2/2026,3:12:58 PM,AVGO,BLOCK,120,19.6,B,CALL,480,475.89500000000004,235200,6/5/2026,MAGENTA,1.25,3,T,STOCK,Information Technology,F,T,2115307000000,3070
6/2/2026,3:12:58 PM,BABA,BLOCK,210,1.2,A,CALL,135,131.4,25200,6/5/2026,MAGENTA,0.54,3,F,STOCK,Consumer Discretionary,F,T,298010000000,4897
6/2/2026,3:12:53 PM,NU,SWEEP,2215,0.68,A,CALL,13,11.780000000000001,150620,8/21/2026,YELLOW,0.51,80,F,STOCK,Financials,F,F,63755000000,1520
6/2/2026,3:12:51 PM,GM,SWEEP,606,2.53,B,CALL,83,82.72,153324,6/18/2026,YELLOW,0.38,16,F,STOCK,Consumer Discretionary,F,F,75054000000,120
6/2/2026,3:12:49 PM,SMCI,BLOCK,170,3.85,,CALL,50,50.045,65450,6/18/2026,WHITE,0.91,16,F,STOCK,Information Technology,F,F,27719000000,21625
6/2/2026,3:12:48 PM,HPE,BLOCK,250,1.04,A,CALL,60,55.445,26000,6/5/2026,MAGENTA,1.31,3,F,STOCK,Information Technology,T,T,57107000000,3107
6/2/2026,3:12:45 PM,NVDA,SWEEP,500,7.1,A,CALL,240,223.17000000000002,355000,7/17/2026,WHITE,0.42,45,F,STOCK,Information Technology,F,F,5109588000000,44150
6/2/2026,3:12:43 PM,TSLA,BLOCK,151,3.62,B,CALL,422.5,421.29290000000003,54665,6/3/2026,MAGENTA,0.47,1,F,STOCK,Consumer Discretionary,F,T,1636707000000,2734
6/2/2026,3:12:42 PM,MU,BLOCK,200,44.922,B,CALL,1050,1058.71,898449,6/5/2026,MAGENTA,1.06,3,F,STOCK,Information Technology,F,T,1095029000000,2711
6/2/2026,3:12:42 PM,GOOGL,BLOCK,200,2.97,,PUT,360,363.90000000000003,59400,6/5/2026,#FF0000,0,3,F,STOCK,Communication Services,F,T,4608199000000,2820
6/2/2026,3:12:38 PM,TSSI,BLOCK,200,2.3,B,CALL,30,15.38,46000,1/15/2027,WHITE,1.1,227,F,STOCK,Information Technology,F,F,462000000,410
6/2/2026,3:12:36 PM,NU,SWEEP,910,0.68,A,CALL,12,11.765,61880,7/17/2026,YELLOW,0.47,45,F,STOCK,Financials,F,F,63755000000,555
6/2/2026,3:12:25 PM,MSTR,BLOCK,300,7.25,A,PUT,140,135.5732,217500,6/5/2026,WHITE,0.95,3,F,STOCK,Information Technology,F,T,55752000000,9543
6/2/2026,3:12:24 PM,CABA,BLOCK,200,1.06,B,CALL,3,3.7389,21200,8/21/2026,WHITE,0.98,80,F,STOCK,Health Care,F,F,616000000,3873
6/2/2026,3:12:23 PM,HPE,BLOCK,500,6.088,A,CALL,55,55.435,304409,7/17/2026,MAGENTA,0.76,45,F,STOCK,Information Technology,T,F,57107000000,2144
6/2/2026,3:12:21 PM,F,BLOCK,341,0.46,A,PUT,10,16.325,15686,6/17/2027,WHITE,0.46,380,F,STOCK,Consumer Discretionary,F,F,69493000000,18239
6/2/2026,3:12:17 PM,GOOGL,BLOCK,199,2.97,,PUT,360,363.94,59101,6/5/2026,#FF0000,0,3,F,STOCK,Communication Services,F,T,4608199000000,2820
6/2/2026,3:12:14 PM,QCOM,BLOCK,200,13.668,B,CALL,245,243.98000000000002,273355,6/12/2026,MAGENTA,0.88,10,F,STOCK,Information Technology,F,F,264575000000,237
6/2/2026,3:12:08 PM,EOSE,BLOCK,200,4.0,B,CALL,15,9.495000000000001,80000,1/21/2028,WHITE,1.1,598,F,STOCK,Industrials,F,F,2862000000,27057
6/2/2026,3:12:06 PM,CLF,BLOCK,300,2.74,A,CALL,13,14.955200000000001,82200,7/17/2026,WHITE,0.79,45,F,STOCK,Materials,F,F,7757000000,29750
6/2/2026,3:12:06 PM,NVDA,BLOCK,304,1.45,B,CALL,230,223.10320000000002,44079,6/5/2026,MAGENTA,0.48,3,F,STOCK,Information Technology,F,T,5109588000000,48407
6/2/2026,3:12:05 PM,TRIP,BLOCK,200,0.65,,CALL,13,11.905000000000001,13000,7/17/2026,WHITE,0.63,45,F,STOCK,Information Technology,F,F,1300000000,1096
6/2/2026,3:11:56 PM,UNH,SWEEP,397,3.0,B,PUT,372.5,375.86,119100,6/5/2026,WHITE,0.33,3,F,STOCK,Health Care,F,T,345376000000,540
6/2/2026,3:11:51 PM,BB,BLOCK,200,1.15,A,CALL,10,10.280000000000001,23000,6/18/2026,WHITE,1.18,16,F,STOCK,Information Technology,F,F,5287000000,20021
6/2/2026,3:11:46 PM,GME,SWEEP,326,0.652,A,PUT,21.5,21.0198,21266,6/5/2026,WHITE,0.48,3,T,STOCK,Consumer Discretionary,F,T,9503000000,6369
6/2/2026,3:11:43 PM,MSFT,BLOCK,100,16.0,A,CALL,480,441.815,160000,8/21/2026,WHITE,0.36,80,F,STOCK,Information Technology,F,F,3344578000000,15289
6/2/2026,3:11:36 PM,TSM,SWEEP,400,9.1,A,PUT,390,445.92,364000,7/17/2026,WHITE,0.5,45,F,STOCK,Information Technology,F,F,2167571000000,6917
6/2/2026,3:11:35 PM,OMER,BLOCK,250,0.5,B,CALL,18,10.325000000000001,12500,8/21/2026,YELLOW,1.1,80,F,STOCK,Health Care,F,F,799000000,230
6/2/2026,3:11:34 PM,CVNA,BLOCK,150,3.85,,PUT,50,64.3909,57750,9/18/2026,WHITE,0.78,108,F,STOCK,Consumer Discretionary,F,F,80069000000,5195
6/2/2026,3:11:31 PM,ARM,BLOCK,124,1.65,A,CALL,500,407,20460,6/5/2026,MAGENTA,1.48,3,F,STOCK,Information Technology,F,T,373255000000,1226
6/2/2026,3:11:30 PM,MSFT,BLOCK,100,2.34,B,PUT,430,441.82,23400,6/5/2026,MAGENTA,0.42,3,F,STOCK,Information Technology,F,T,3344578000000,1533
6/2/2026,3:11:25 PM,MSFT,BLOCK,100,2.58,A,CALL,480,441.77500000000003,25800,6/18/2026,WHITE,0.37,16,F,STOCK,Information Technology,F,F,3344578000000,38116
6/2/2026,3:11:25 PM,GME,BLOCK,249,0.68,A,PUT,21.5,20.985,16932,6/5/2026,WHITE,0.48,3,T,STOCK,Consumer Discretionary,F,T,9503000000,6369
6/2/2026,3:11:25 PM,RKLB,SWEEP,187,6.842,B,CALL,130,123.63000000000001,127942,6/12/2026,MAGENTA,1.16,10,F,STOCK,Industrials,F,F,83039000000,1028
6/2/2026,3:11:23 PM,FCX,BLOCK,165,27.3,A,CALL,55,71.60000000000001,450450,1/21/2028,WHITE,0.55,598,F,STOCK,Materials,F,F,94462000000,2418
6/2/2026,3:11:23 PM,AAPL,SWEEP,1000,3.85,A,CALL,320,315.12,385000,6/12/2026,MAGENTA,0.28,10,F,STOCK,Information Technology,F,F,4583336000000,7771
6/2/2026,3:11:20 PM,CSCO,SWEEP,548,15.3,A,CALL,115,127.7407,838439,7/17/2026,WHITE,0.41,45,F,STOCK,Information Technology,F,F,474627000000,6067
6/2/2026,3:11:18 PM,GME,BLOCK,189,0.69,A,PUT,21.5,20.96,13041,6/5/2026,WHITE,0.47,3,T,STOCK,Consumer Discretionary,F,T,9503000000,6369
6/2/2026,3:11:18 PM,GOOGL,SWEEP,225,11.85,B,CALL,375,363.7,266625,7/17/2026,MAGENTA,0.32,45,F,STOCK,Communication Services,F,F,4608199000000,1291
6/2/2026,3:11:16 PM,AAPL,SWEEP,1000,3.75,A,CALL,320,315.08,375000,6/12/2026,MAGENTA,0.28,10,F,STOCK,Information Technology,F,F,4583336000000,7771
6/2/2026,3:11:16 PM,NVDA,BLOCK,200,0.73,A,CALL,227.5,223.17000000000002,14600,6/3/2026,MAGENTA,0.48,1,F,STOCK,Information Technology,F,T,5109588000000,10823
6/2/2026,3:11:15 PM,GOOGL,BLOCK,140,4.3,B,CALL,380,363.72,60200,6/18/2026,WHITE,0.33,16,F,STOCK,Communication Services,F,F,4608199000000,8454
6/2/2026,3:11:13 PM,NVDA,BLOCK,198,2.4,B,PUT,220,223.20000000000002,47520,6/5/2026,MAGENTA,0.47,3,F,STOCK,Information Technology,F,T,5109588000000,11540
6/2/2026,3:11:07 PM,CLSK,SWEEP,768,3.0,B,CALL,20,17.745,230400,9/18/2026,WHITE,0.98,108,F,STOCK,Financials,F,F,4693000000,8060
6/2/2026,3:11:06 PM,NU,SWEEP,400,0.35,A,CALL,13,11.745000000000001,14000,7/17/2026,MAGENTA,0.47,45,F,STOCK,Financials,F,F,63755000000,17339
6/2/2026,3:11:05 PM,AEO,BLOCK,687,0.15,B,PUT,14,16.1229,10305,6/18/2026,WHITE,0.64,16,F,STOCK,Consumer Discretionary,F,F,2646000000,4633
6/2/2026,3:11:04 PM,NFLX,BLOCK,600,0.55,B,CALL,85,83.4899,33000,6/5/2026,MAGENTA,0.38,3,F,STOCK,Communication Services,F,T,362212000000,2146
6/2/2026,3:11:02 PM,NVDA,SWEEP,500,2.43,A,PUT,220,223.14000000000001,121500,6/5/2026,MAGENTA,0.48,3,F,STOCK,Information Technology,F,T,5109588000000,11540
6/2/2026,3:11:01 PM,TSLA,SWEEP,100,1.2,A,PUT,412.5,421.17,12000,6/3/2026,MAGENTA,0.48,1,F,STOCK,Consumer Discretionary,F,T,1636707000000,1280
6/2/2026,3:11:01 PM,ABVX,SWEEP,267,1.987,A,PUT,60,74.2513,53060,6/18/2026,YELLOW,1.24,16,F,STOCK,Health Care,F,F,10569000000,234
6/2/2026,3:11:01 PM,HPE,BLOCK,500,6.015,A,CALL,55,55.38,300760,7/17/2026,MAGENTA,0.75,45,F,STOCK,Information Technology,T,F,57107000000,2144
6/2/2026,3:11:00 PM,MU,BLOCK,389,3.1,A,PUT,890,1058.636,120590,6/5/2026,WHITE,1.26,3,F,STOCK,Information Technology,F,T,1095029000000,2121
6/2/2026,3:11:00 PM,AMD,BLOCK,78,28.3,,CALL,525,517.34,220740,6/18/2026,MAGENTA,0.73,16,F,STOCK,Information Technology,F,F,841553000000,208
6/2/2026,3:10:58 PM,CAH,BLOCK,312,3.6,B,PUT,145,195.6,112320,1/15/2027,YELLOW,0.37,227,F,STOCK,Health Care,F,F,46091000000,19
6/2/2026,3:10:56 PM,DELL,BLOCK,200,4.0,B,CALL,470,436.2,80000,6/5/2026,MAGENTA,0.93,3,F,STOCK,Information Technology,F,T,271801000000,519
6/2/2026,3:10:56 PM,PANW,BLOCK,316,5.6,B,CALL,370,294.22,176960,6/26/2026,YELLOW,0.86,24,T,STOCK,Information Technology,F,F,229859000000,119
6/2/2026,3:10:54 PM,TSLA,SWEEP,100,4.752,A,CALL,420,421.1016,47520,6/3/2026,MAGENTA,0.47,1,F,STOCK,Consumer Discretionary,F,T,1636707000000,4627
6/2/2026,3:10:53 PM,DJT,BLOCK,1000,0.44,,CALL,25,8.9786,44000,12/18/2026,WHITE,1.02,199,F,STOCK,Communication Services,F,F,2576000000,10955
6/2/2026,3:10:52 PM,MU,BLOCK,200,22.5,A,CALL,1300,1058.88,450000,6/18/2026,WHITE,1.02,16,F,STOCK,Information Technology,F,F,1095029000000,4504
6/2/2026,3:10:51 PM,NOW,BLOCK,156,2.74,A,CALL,130,126.76,42749,6/5/2026,MAGENTA,0.89,3,F,STOCK,Information Technology,F,T,128225000000,3066
6/2/2026,3:10:50 PM,BB,SWEEP,200,2.45,,CALL,13,10.255,49000,1/15/2027,WHITE,1.02,227,F,STOCK,Information Technology,F,F,5287000000,23438
6/2/2026,3:10:47 PM,GOOGL,SWEEP,110,1.1,B,PUT,352.5,363.96500000000003,12100,6/5/2026,MAGENTA,0.37,3,F,STOCK,Communication Services,F,T,4608199000000,437
6/2/2026,3:10:46 PM,TSLA,SWEEP,150,0.99,B,CALL,432.5,421.1553,14850,6/3/2026,MAGENTA,0.52,1,F,STOCK,Consumer Discretionary,F,T,1636707000000,1519
6/2/2026,3:10:46 PM,CRWV,BLOCK,500,7.711,B,CALL,140,119.29,385536,7/17/2026,WHITE,0.88,45,F,STOCK,Information Technology,F,F,49022000000,3604
6/2/2026,3:10:42 PM,SOFI,BLOCK,400,0.26,B,PUT,16.5,17.5599,10400,6/12/2026,WHITE,0.59,10,F,STOCK,Financials,F,F,23371000000,2270
6/2/2026,3:10:41 PM,IBM,SWEEP,108,33.43,A,CALL,300,328.27000000000004,361040,6/18/2026,WHITE,0.58,16,F,STOCK,Information Technology,F,F,279897000000,5238
6/2/2026,3:10:40 PM,KEEL,SWEEP,300,0.36,B,CALL,6.5,6.08,10800,6/18/2026,YELLOW,1.03,16,F,STOCK,Information Technology,F,F,3424000000,0
6/2/2026,3:10:25 PM,PATH,BLOCK,164,1.22,A,CALL,12,11.950000000000001,20008,7/17/2026,WHITE,0.73,45,F,STOCK,Information Technology,F,F,6140000000,2361
6/2/2026,3:10:25 PM,DGXX,BLOCK,430,1.25,B,CALL,9,7.955,53750,7/17/2026,WHITE,1.46,45,F,STOCK,Information Technology,F,F,545000000,3986
6/2/2026,3:10:25 PM,DGXX,BLOCK,411,2.55,A,PUT,8,7.955,104805,9/18/2026,YELLOW,1.53,108,F,STOCK,Information Technology,F,F,545000000,83
6/2/2026,3:10:22 PM,KEEL,BLOCK,200,1.22,B,CALL,5,6.1000000000000005,24400,6/18/2026,WHITE,1.03,16,F,STOCK,Information Technology,F,F,3424000000,38507
6/2/2026,3:10:22 PM,JD,SWEEP,348,0.34,A,PUT,28,30.2785,11832,6/26/2026,YELLOW,0.39,24,F,STOCK,Consumer Discretionary,F,F,41299000000,122
6/2/2026,3:10:21 PM,DGXX,SWEEP,1000,1.25,B,CALL,9,7.885000000000001,125000,7/17/2026,WHITE,1.49,45,F,STOCK,Information Technology,F,F,545000000,3986
6/2/2026,3:10:19 PM,OKLO,BLOCK,224,4.55,B,CALL,100,72.56230000000001,101920,7/17/2026,MAGENTA,1.19,45,F,STOCK,Utilities,F,F,11636000000,3753
6/2/2026,3:10:16 PM,HOOD,SWEEP,150,1.09,A,CALL,92,87.6299,16344,6/5/2026,WHITE,0.84,3,F,STOCK,Financials,F,T,84917000000,6451
6/2/2026,3:10:14 PM,NFLX,SWEEP,483,0.61,B,CALL,90,83.47500000000001,29463,6/18/2026,WHITE,0.37,16,F,STOCK,Communication Services,F,F,362212000000,36399
6/2/2026,3:10:13 PM,AVGO,SWEEP,100,2.15,A,CALL,650,476.24,21500,6/18/2026,WHITE,0.9,16,T,STOCK,Information Technology,F,F,2115307000000,1224
6/2/2026,3:10:12 PM,SMCI,BLOCK,190,2.01,A,CALL,50,50.1237,38190,6/5/2026,MAGENTA,1.07,3,F,STOCK,Information Technology,F,T,27719000000,10496
6/2/2026,3:10:11 PM,FSLR,SWEEP,1427,3.337,A,PUT,140,312.54,476235,1/15/2027,WHITE,0.7,227,F,STOCK,Information Technology,F,F,32965000000,12126
6/2/2026,3:10:10 PM,NVDA,BLOCK,2200,4.22,A,PUT,215,222.94910000000002,928400,6/18/2026,WHITE,0.42,16,F,STOCK,Information Technology,F,F,5109588000000,14675
6/2/2026,3:10:10 PM,KEEL,SWEEP,200,1.22,B,CALL,5,6.1017,24400,6/18/2026,WHITE,1.03,16,F,STOCK,Information Technology,F,F,3424000000,38507
6/2/2026,3:10:09 PM,CME,SWEEP,192,6.007,AA,PUT,240,250.16500000000002,115329,7/17/2026,YELLOW,0.3,45,F,STOCK,Financials,F,F,99119000000,41
6/2/2026,3:10:06 PM,FCEL,SWEEP,150,0.75,B,CALL,28,24.57,11250,6/5/2026,YELLOW,2.13,3,T,STOCK,Industrials,F,T,1147000000,65
6/2/2026,3:10:05 PM,CAH,BLOCK,480,6.1,A,PUT,160,195.65,292800,1/15/2027,YELLOW,0.35,227,F,STOCK,Health Care,F,F,46091000000,104
6/2/2026,3:10:05 PM,MARA,SWEEP,416,2.1,B,PUT,11,14.2375,87360,1/15/2027,WHITE,0.93,227,F,STOCK,Financials,F,F,5482000000,2843
6/2/2026,3:09:58 PM,MSFT,SWEEP,101,2.61,B,CALL,480,441.49010000000004,26360,6/18/2026,WHITE,0.37,16,F,STOCK,Information Technology,F,F,3344578000000,38116
6/2/2026,3:09:57 PM,FSLR,SWEEP,417,2.8,A,PUT,275,312.8478,116760,6/12/2026,WHITE,0.75,10,F,STOCK,Information Technology,F,F,32965000000,2074
6/2/2026,3:09:51 PM,UPST,SWEEP,407,6.6,A,CALL,30,31.855900000000002,268620,9/18/2026,WHITE,0.83,108,F,STOCK,Financials,F,F,3234000000,5728
6/2/2026,3:09:50 PM,KEEL,SWEEP,200,1.22,B,CALL,5,6.1062,24400,6/18/2026,WHITE,1.01,16,F,STOCK,Information Technology,F,F,3424000000,38507
6/2/2026,3:09:48 PM,ZS,SWEEP,181,36.1,B,PUT,150,142.82,653412,3/19/2027,WHITE,0.67,290,F,STOCK,Information Technology,F,F,22595000000,243
