date,key,value
1987-07-24,aaii_bears,14.0
1987-07-24,aaii_bulls,36.0
1987-07-24,aaii_neutral,50.0
1987-07-24,aaii_spread,22.0
1987-07-31,aaii_bears,26.0
1987-07-31,aaii_bulls,26.0
1987-07-31,aaii_neutral,48.0
1987-07-31,aaii_spread,0.0
1987-08-07,aaii_bears,29.0
1987-08-07,aaii_bulls,56.0
1987-08-07,aaii_neutral,15.0
1987-08-07,aaii_spread,27.0
1987-08-14,aaii_bears,20.0
1987-08-14,aaii_bulls,45.0
1987-08-14,aaii_neutral,35.0
1987-08-14,aaii_spread,25.0
1987-08-21,aaii_bears,6.0
1987-08-21,aaii_bulls,66.0
1987-08-21,aaii_neutral,28.0
1987-08-21,aaii_spread,60.0
1987-08-28,aaii_bears,30.0
1987-08-28,aaii_bulls,52.0
1987-08-28,aaii_neutral,18.0
1987-08-28,aaii_spread,22.0
1987-09-04,aaii_bears,41.0
1987-09-04,aaii_bulls,42.0
1987-09-04,aaii_neutral,17.0
1987-09-04,aaii_spread,1.0
1987-09-11,aaii_bears,27.0
1987-09-11,aaii_bulls,50.0
1987-09-11,aaii_neutral,23.0
1987-09-11,aaii_spread,23.0
1987-09-18,aaii_bears,11.0
1987-09-18,aaii_bulls,60.0
1987-09-18,aaii_neutral,29.0
1987-09-18,aaii_spread,49.0
1987-09-25,aaii_bears,30.0
1987-09-25,aaii_bulls,53.0
1987-09-25,aaii_neutral,17.0
1987-09-25,aaii_spread,23.0
1987-10-02,aaii_bears,30.0
1987-10-02,aaii_bulls,44.0
1987-10-02,aaii_neutral,26.0
1987-10-02,aaii_spread,14.0
1987-10-09,aaii_bears,15.0
1987-10-09,aaii_bulls,46.0
1987-10-09,aaii_neutral,39.0
1987-10-09,aaii_spread,31.0
1987-10-16,aaii_bears,33.0
1987-10-16,aaii_bulls,37.0
1987-10-16,aaii_neutral,30.0
1987-10-16,aaii_spread,4.0
1987-10-23,aaii_bears,31.0
1987-10-23,aaii_bulls,39.0
1987-10-23,aaii_neutral,30.0
1987-10-23,aaii_spread,8.0
1987-10-30,aaii_bears,33.0
1987-10-30,aaii_bulls,44.0
1987-10-30,aaii_neutral,23.0
1987-10-30,aaii_spread,11.0
1987-11-06,aaii_bears,22.0
1987-11-06,aaii_bulls,47.0
1987-11-06,aaii_neutral,31.0
1987-11-06,aaii_spread,25.0
1987-11-13,aaii_bears,28.0
1987-11-13,aaii_bulls,31.0
1987-11-13,aaii_neutral,41.0
1987-11-13,aaii_spread,3.0
1987-11-20,aaii_bears,19.0
1987-11-20,aaii_bulls,39.0
1987-11-20,aaii_neutral,42.0
1987-11-20,aaii_spread,20.0
1987-11-27,aaii_bears,27.0
1987-11-27,aaii_bulls,27.0
1987-11-27,aaii_neutral,46.0
1987-11-27,aaii_spread,0.0
1987-12-04,aaii_bears,42.0
1987-12-04,aaii_bulls,25.0
1987-12-04,aaii_neutral,33.0
1987-12-04,aaii_spread,-17.0
1987-12-11,aaii_bears,32.0
1987-12-11,aaii_bulls,23.0
1987-12-11,aaii_neutral,45.0
1987-12-11,aaii_spread,-9.0
1987-12-18,aaii_bears,27.0
1987-12-18,aaii_bulls,33.0
1987-12-18,aaii_neutral,40.0
1987-12-18,aaii_spread,6.0
1987-12-24,aaii_bears,20.0
1987-12-24,aaii_bulls,28.0
1987-12-24,aaii_neutral,52.0
1987-12-24,aaii_spread,8.0
1987-12-31,aaii_bears,26.0
1987-12-31,aaii_bulls,25.0
1987-12-31,aaii_neutral,49.0
1987-12-31,aaii_spread,-1.0
1988-01-08,aaii_bears,20.0
1988-01-08,aaii_bulls,34.0
1988-01-08,aaii_neutral,46.0
1988-01-08,aaii_spread,14.0
1988-01-15,aaii_bears,26.0
1988-01-15,aaii_bulls,34.0
1988-01-15,aaii_neutral,40.0
1988-01-15,aaii_spread,8.0
1988-01-22,aaii_bears,31.0
1988-01-22,aaii_bulls,21.0
1988-01-22,aaii_neutral,48.0
1988-01-22,aaii_spread,-10.0
1988-01-29,aaii_bears,29.0
1988-01-29,aaii_bulls,26.0
1988-01-29,aaii_neutral,45.0
1988-01-29,aaii_spread,-3.0
1988-02-05,aaii_bears,15.0
1988-02-05,aaii_bulls,32.0
1988-02-05,aaii_neutral,53.0
1988-02-05,aaii_spread,17.0
1988-02-12,aaii_bears,22.0
1988-02-12,aaii_bulls,32.0
1988-02-12,aaii_neutral,46.0
1988-02-12,aaii_spread,10.0
1988-02-19,aaii_bears,24.0
1988-02-19,aaii_bulls,27.0
1988-02-19,aaii_neutral,49.0
1988-02-19,aaii_spread,3.0
1988-02-26,aaii_bears,19.0
1988-02-26,aaii_bulls,30.0
1988-02-26,aaii_neutral,51.0
1988-02-26,aaii_spread,11.0
1988-03-04,aaii_bears,22.0
1988-03-04,aaii_bulls,38.0
1988-03-04,aaii_neutral,40.0
1988-03-04,aaii_spread,16.0
1988-03-11,aaii_bears,17.0
1988-03-11,aaii_bulls,43.0
1988-03-11,aaii_neutral,40.0
1988-03-11,aaii_spread,26.0
1988-03-18,aaii_bears,10.0
1988-03-18,aaii_bulls,41.0
1988-03-18,aaii_neutral,49.0
1988-03-18,aaii_spread,31.0
1988-03-25,aaii_bears,17.0
1988-03-25,aaii_bulls,45.0
1988-03-25,aaii_neutral,38.0
1988-03-25,aaii_spread,28.0
1988-04-01,aaii_bears,20.0
1988-04-01,aaii_bulls,35.0
1988-04-01,aaii_neutral,45.0
1988-04-01,aaii_spread,15.0
1988-04-08,aaii_bears,19.0
1988-04-08,aaii_bulls,33.0
1988-04-08,aaii_neutral,48.0
1988-04-08,aaii_spread,14.0
1988-04-15,aaii_bears,24.0
1988-04-15,aaii_bulls,23.0
1988-04-15,aaii_neutral,53.0
1988-04-15,aaii_spread,-1.0
1988-04-22,aaii_bears,20.0
1988-04-22,aaii_bulls,23.0
1988-04-22,aaii_neutral,57.0
1988-04-22,aaii_spread,3.0
1988-04-29,aaii_bears,30.0
1988-04-29,aaii_bulls,22.0
1988-04-29,aaii_neutral,48.0
1988-04-29,aaii_spread,-8.0
1988-05-06,aaii_bears,20.0
1988-05-06,aaii_bulls,38.0
1988-05-06,aaii_neutral,42.0
1988-05-06,aaii_spread,18.0
1988-05-13,aaii_bears,25.0
1988-05-13,aaii_bulls,19.0
1988-05-13,aaii_neutral,56.0
1988-05-13,aaii_spread,-6.0
1988-05-20,aaii_bears,25.0
1988-05-20,aaii_bulls,23.0
1988-05-20,aaii_neutral,52.0
1988-05-20,aaii_spread,-2.0
1988-05-27,aaii_bears,20.0
1988-05-27,aaii_bulls,28.0
1988-05-27,aaii_neutral,52.0
1988-05-27,aaii_spread,8.0
1988-06-03,aaii_bears,12.0
1988-06-03,aaii_bulls,26.0
1988-06-03,aaii_neutral,62.0
1988-06-03,aaii_spread,14.0
1988-06-10,aaii_bears,23.0
1988-06-10,aaii_bulls,28.0
1988-06-10,aaii_neutral,49.0
1988-06-10,aaii_spread,5.0
1988-06-17,aaii_bears,21.0
1988-06-17,aaii_bulls,29.0
1988-06-17,aaii_neutral,50.0
1988-06-17,aaii_spread,8.0
1988-06-24,aaii_bears,23.0
1988-06-24,aaii_bulls,33.0
1988-06-24,aaii_neutral,44.0
1988-06-24,aaii_spread,10.0
1988-07-01,aaii_bears,17.0
1988-07-01,aaii_bulls,45.0
1988-07-01,aaii_neutral,38.0
1988-07-01,aaii_spread,28.0
1988-07-08,aaii_bears,15.0
1988-07-08,aaii_bulls,35.0
1988-07-08,aaii_neutral,50.0
1988-07-08,aaii_spread,20.0
1988-07-15,aaii_bears,37.0
1988-07-15,aaii_bulls,26.0
1988-07-15,aaii_neutral,37.0
1988-07-15,aaii_spread,-11.0
1988-07-22,aaii_bears,26.0
1988-07-22,aaii_bulls,16.0
1988-07-22,aaii_neutral,58.0
1988-07-22,aaii_spread,-10.0
1988-07-29,aaii_bears,23.0
1988-07-29,aaii_bulls,23.0
1988-07-29,aaii_neutral,54.0
1988-07-29,aaii_spread,0.0
1988-08-05,aaii_bears,30.0
1988-08-05,aaii_bulls,21.0
1988-08-05,aaii_neutral,49.0
1988-08-05,aaii_spread,-9.0
1988-08-12,aaii_bears,26.0
1988-08-12,aaii_bulls,26.0
1988-08-12,aaii_neutral,48.0
1988-08-12,aaii_spread,0.0
1988-08-19,aaii_bears,28.0
1988-08-19,aaii_bulls,19.0
1988-08-19,aaii_neutral,53.0
1988-08-19,aaii_spread,-9.0
1988-08-26,aaii_bears,32.0
1988-08-26,aaii_bulls,28.0
1988-08-26,aaii_neutral,40.0
1988-08-26,aaii_spread,-4.0
1988-09-02,aaii_bears,39.0
1988-09-02,aaii_bulls,18.0
1988-09-02,aaii_neutral,43.0
1988-09-02,aaii_spread,-21.0
1988-09-09,aaii_bears,31.0
1988-09-09,aaii_bulls,17.0
1988-09-09,aaii_neutral,52.0
1988-09-09,aaii_spread,-14.0
1988-09-16,aaii_bears,30.0
1988-09-16,aaii_bulls,24.0
1988-09-16,aaii_neutral,46.0
1988-09-16,aaii_spread,-6.0
1988-09-23,aaii_bears,27.0
1988-09-23,aaii_bulls,20.0
1988-09-23,aaii_neutral,53.0
1988-09-23,aaii_spread,-7.0
1988-09-30,aaii_bears,30.0
1988-09-30,aaii_bulls,26.0
1988-09-30,aaii_neutral,44.0
1988-09-30,aaii_spread,-4.0
1988-10-07,aaii_bears,38.0
1988-10-07,aaii_bulls,13.0
1988-10-07,aaii_neutral,49.0
1988-10-07,aaii_spread,-25.0
1988-10-14,aaii_bears,32.0
1988-10-14,aaii_bulls,22.0
1988-10-14,aaii_neutral,46.0
1988-10-14,aaii_spread,-10.0
1988-10-21,aaii_bears,23.0
1988-10-21,aaii_bulls,26.0
1988-10-21,aaii_neutral,51.0
1988-10-21,aaii_spread,3.0
1988-10-28,aaii_bears,22.0
1988-10-28,aaii_bulls,40.0
1988-10-28,aaii_neutral,38.0
1988-10-28,aaii_spread,18.0
1988-11-04,aaii_bears,19.0
1988-11-04,aaii_bulls,35.0
1988-11-04,aaii_neutral,46.0
1988-11-04,aaii_spread,16.0
1988-11-11,aaii_bears,21.0
1988-11-11,aaii_bulls,23.0
1988-11-11,aaii_neutral,56.0
1988-11-11,aaii_spread,2.0
1988-11-18,aaii_bears,36.0
1988-11-18,aaii_bulls,30.0
1988-11-18,aaii_neutral,34.0
1988-11-18,aaii_spread,-6.0
1988-11-25,aaii_bears,39.0
1988-11-25,aaii_bulls,17.0
1988-11-25,aaii_neutral,44.0
1988-11-25,aaii_spread,-22.0
1988-12-02,aaii_bears,34.0
1988-12-02,aaii_bulls,19.0
1988-12-02,aaii_neutral,47.0
1988-12-02,aaii_spread,-15.0
1988-12-09,aaii_bears,39.0
1988-12-09,aaii_bulls,17.0
1988-12-09,aaii_neutral,44.0
1988-12-09,aaii_spread,-22.0
1988-12-16,aaii_bears,22.0
1988-12-16,aaii_bulls,24.0
1988-12-16,aaii_neutral,54.0
1988-12-16,aaii_spread,2.0
1988-12-23,aaii_bears,32.0
1988-12-23,aaii_bulls,22.0
1988-12-23,aaii_neutral,46.0
1988-12-23,aaii_spread,-10.0
1988-12-30,aaii_bears,22.0
1988-12-30,aaii_bulls,24.0
1988-12-30,aaii_neutral,54.0
1988-12-30,aaii_spread,2.0
1989-01-06,aaii_bears,23.0
1989-01-06,aaii_bulls,26.0
1989-01-06,aaii_neutral,51.0
1989-01-06,aaii_spread,3.0
1989-01-13,aaii_bears,20.0
1989-01-13,aaii_bulls,36.0
1989-01-13,aaii_neutral,44.0
1989-01-13,aaii_spread,16.0
1989-01-20,aaii_bears,17.0
1989-01-20,aaii_bulls,36.0
1989-01-20,aaii_neutral,47.0
1989-01-20,aaii_spread,19.0
1989-01-27,aaii_bears,19.0
1989-01-27,aaii_bulls,32.0
1989-01-27,aaii_neutral,49.0
1989-01-27,aaii_spread,13.0
1989-02-03,aaii_bears,23.0
1989-02-03,aaii_bulls,33.0
1989-02-03,aaii_neutral,44.0
1989-02-03,aaii_spread,10.0
1989-02-10,aaii_bears,26.0
1989-02-10,aaii_bulls,43.0
1989-02-10,aaii_neutral,31.0
1989-02-10,aaii_spread,17.0
1989-02-17,aaii_bears,17.0
1989-02-17,aaii_bulls,42.0
1989-02-17,aaii_neutral,41.0
1989-02-17,aaii_spread,25.0
1989-02-24,aaii_bears,26.0
1989-02-24,aaii_bulls,29.0
1989-02-24,aaii_neutral,45.0
1989-02-24,aaii_spread,3.0
1989-03-03,aaii_bears,36.0
1989-03-03,aaii_bulls,29.0
1989-03-03,aaii_neutral,35.0
1989-03-03,aaii_spread,-7.0
1989-03-10,aaii_bears,35.0
1989-03-10,aaii_bulls,13.0
1989-03-10,aaii_neutral,52.0
1989-03-10,aaii_spread,-22.0
1989-03-17,aaii_bears,29.0
1989-03-17,aaii_bulls,28.0
1989-03-17,aaii_neutral,43.0
1989-03-17,aaii_spread,-1.0
1989-03-23,aaii_bears,30.0
1989-03-23,aaii_bulls,29.0
1989-03-23,aaii_neutral,41.0
1989-03-23,aaii_spread,-1.0
1989-03-31,aaii_bears,40.0
1989-03-31,aaii_bulls,18.0
1989-03-31,aaii_neutral,42.0
1989-03-31,aaii_spread,-22.0
1989-04-07,aaii_bears,32.0
1989-04-07,aaii_bulls,23.0
1989-04-07,aaii_neutral,45.0
1989-04-07,aaii_spread,-9.0
1989-04-14,aaii_bears,33.0
1989-04-14,aaii_bulls,25.0
1989-04-14,aaii_neutral,42.0
1989-04-14,aaii_spread,-8.0
1989-04-21,aaii_bears,28.0
1989-04-21,aaii_bulls,21.0
1989-04-21,aaii_neutral,51.0
1989-04-21,aaii_spread,-7.0
1989-04-28,aaii_bears,29.0
1989-04-28,aaii_bulls,31.0
1989-04-28,aaii_neutral,40.0
1989-04-28,aaii_spread,2.0
1989-05-05,aaii_bears,30.0
1989-05-05,aaii_bulls,30.0
1989-05-05,aaii_neutral,40.0
1989-05-05,aaii_spread,0.0
1989-05-12,aaii_bears,19.0
1989-05-12,aaii_bulls,38.0
1989-05-12,aaii_neutral,43.0
1989-05-12,aaii_spread,19.0
1989-05-19,aaii_bears,19.0
1989-05-19,aaii_bulls,43.0
1989-05-19,aaii_neutral,38.0
1989-05-19,aaii_spread,24.0
1989-05-26,aaii_bears,21.0
1989-05-26,aaii_bulls,48.0
1989-05-26,aaii_neutral,31.0
1989-05-26,aaii_spread,27.0
1989-06-02,aaii_bears,31.0
1989-06-02,aaii_bulls,42.0
1989-06-02,aaii_neutral,27.0
1989-06-02,aaii_spread,11.0
1989-06-09,aaii_bears,23.0
1989-06-09,aaii_bulls,43.0
1989-06-09,aaii_neutral,34.0
1989-06-09,aaii_spread,20.0
1989-06-16,aaii_bears,31.0
1989-06-16,aaii_bulls,32.0
1989-06-16,aaii_neutral,37.0
1989-06-16,aaii_spread,1.0
1989-06-23,aaii_bears,45.0
1989-06-23,aaii_bulls,33.0
1989-06-23,aaii_neutral,22.0
1989-06-23,aaii_spread,-12.0
1989-06-30,aaii_bears,26.0
1989-06-30,aaii_bulls,40.0
1989-06-30,aaii_neutral,34.0
1989-06-30,aaii_spread,14.0
1989-07-07,aaii_bears,31.0
1989-07-07,aaii_bulls,37.0
1989-07-07,aaii_neutral,32.0
1989-07-07,aaii_spread,6.0
1989-07-14,aaii_bears,48.0
1989-07-14,aaii_bulls,22.0
1989-07-14,aaii_neutral,30.0
1989-07-14,aaii_spread,-26.0
1989-07-21,aaii_bears,29.0
1989-07-21,aaii_bulls,32.0
1989-07-21,aaii_neutral,39.0
1989-07-21,aaii_spread,3.0
1989-07-28,aaii_bears,34.0
1989-07-28,aaii_bulls,41.0
1989-07-28,aaii_neutral,25.0
1989-07-28,aaii_spread,7.0
1989-08-04,aaii_bears,35.0
1989-08-04,aaii_bulls,35.0
1989-08-04,aaii_neutral,30.0
1989-08-04,aaii_spread,0.0
1989-08-11,aaii_bears,26.0
1989-08-11,aaii_bulls,53.0
1989-08-11,aaii_neutral,21.0
1989-08-11,aaii_spread,27.0
1989-08-18,aaii_bears,37.0
1989-08-18,aaii_bulls,35.0
1989-08-18,aaii_neutral,28.0
1989-08-18,aaii_spread,-2.0
1989-08-25,aaii_bears,31.0
1989-08-25,aaii_bulls,45.0
1989-08-25,aaii_neutral,24.0
1989-08-25,aaii_spread,14.0
1989-09-01,aaii_bears,36.0
1989-09-01,aaii_bulls,34.0
1989-09-01,aaii_neutral,30.0
1989-09-01,aaii_spread,-2.0
1989-09-08,aaii_bears,40.0
1989-09-08,aaii_bulls,30.0
1989-09-08,aaii_neutral,30.0
1989-09-08,aaii_spread,-10.0
1989-09-15,aaii_bears,25.0
1989-09-15,aaii_bulls,31.0
1989-09-15,aaii_neutral,44.0
1989-09-15,aaii_spread,6.0
1989-09-22,aaii_bears,39.0
1989-09-22,aaii_bulls,24.0
1989-09-22,aaii_neutral,37.0
1989-09-22,aaii_spread,-15.0
1989-09-29,aaii_bears,29.0
1989-09-29,aaii_bulls,33.0
1989-09-29,aaii_neutral,38.0
1989-09-29,aaii_spread,4.0
1989-10-06,aaii_bears,33.0
1989-10-06,aaii_bulls,24.0
1989-10-06,aaii_neutral,43.0
1989-10-06,aaii_spread,-9.0
1989-10-13,aaii_bears,20.0
1989-10-13,aaii_bulls,28.0
1989-10-13,aaii_neutral,52.0
1989-10-13,aaii_spread,8.0
1989-10-20,aaii_bears,33.0
1989-10-20,aaii_bulls,39.0
1989-10-20,aaii_neutral,28.0
1989-10-20,aaii_spread,6.0
1989-10-27,aaii_bears,31.0
1989-10-27,aaii_bulls,36.0
1989-10-27,aaii_neutral,33.0
1989-10-27,aaii_spread,5.0
1989-11-03,aaii_bears,32.0
1989-11-03,aaii_bulls,37.0
1989-11-03,aaii_neutral,31.0
1989-11-03,aaii_spread,5.0
1989-11-10,aaii_bears,36.0
1989-11-10,aaii_bulls,27.0
1989-11-10,aaii_neutral,37.0
1989-11-10,aaii_spread,-9.0
1989-11-17,aaii_bears,48.0
1989-11-17,aaii_bulls,24.0
1989-11-17,aaii_neutral,28.0
1989-11-17,aaii_spread,-24.0
1989-11-22,aaii_bears,33.0
1989-11-22,aaii_bulls,27.0
1989-11-22,aaii_neutral,40.0
1989-11-22,aaii_spread,-6.0
1989-12-01,aaii_bears,32.0
1989-12-01,aaii_bulls,28.0
1989-12-01,aaii_neutral,40.0
1989-12-01,aaii_spread,-4.0
1989-12-08,aaii_bears,28.0
1989-12-08,aaii_bulls,31.0
1989-12-08,aaii_neutral,41.0
1989-12-08,aaii_spread,3.0
1989-12-15,aaii_bears,28.0
1989-12-15,aaii_bulls,42.0
1989-12-15,aaii_neutral,30.0
1989-12-15,aaii_spread,14.0
1989-12-22,aaii_bears,32.0
1989-12-22,aaii_bulls,36.0
1989-12-22,aaii_neutral,32.0
1989-12-22,aaii_spread,4.0
1989-12-29,aaii_bears,34.0
1989-12-29,aaii_bulls,35.0
1989-12-29,aaii_neutral,31.0
1989-12-29,aaii_spread,1.0
1990-01-05,aaii_bears,30.0
1990-01-05,aaii_bulls,40.0
1990-01-05,aaii_neutral,30.0
1990-01-05,aaii_spread,10.0
1990-01-12,aaii_bears,17.0
1990-01-12,aaii_bulls,45.0
1990-01-12,aaii_neutral,38.0
1990-01-12,aaii_spread,28.0
1990-01-19,aaii_bears,20.0
1990-01-19,aaii_bulls,31.0
1990-01-19,aaii_neutral,49.0
1990-01-19,aaii_spread,11.0
1990-01-26,aaii_bears,38.0
1990-01-26,aaii_bulls,24.0
1990-01-26,aaii_neutral,38.0
1990-01-26,aaii_spread,-14.0
1990-02-02,aaii_bears,48.0
1990-02-02,aaii_bulls,15.0
1990-02-02,aaii_neutral,37.0
1990-02-02,aaii_spread,-33.0
1990-02-09,aaii_bears,51.0
1990-02-09,aaii_bulls,19.0
1990-02-09,aaii_neutral,30.0
1990-02-09,aaii_spread,-32.0
1990-02-16,aaii_bears,34.0
1990-02-16,aaii_bulls,23.0
1990-02-16,aaii_neutral,43.0
1990-02-16,aaii_spread,-11.0
1990-02-23,aaii_bears,38.0
1990-02-23,aaii_bulls,24.0
1990-02-23,aaii_neutral,38.0
1990-02-23,aaii_spread,-14.0
1990-03-02,aaii_bears,42.0
1990-03-02,aaii_bulls,21.0
1990-03-02,aaii_neutral,37.0
1990-03-02,aaii_spread,-21.0
1990-03-09,aaii_bears,36.0
1990-03-09,aaii_bulls,22.0
1990-03-09,aaii_neutral,42.0
1990-03-09,aaii_spread,-14.0
1990-03-16,aaii_bears,40.0
1990-03-16,aaii_bulls,25.0
1990-03-16,aaii_neutral,35.0
1990-03-16,aaii_spread,-15.0
1990-03-23,aaii_bears,24.0
1990-03-23,aaii_bulls,37.0
1990-03-23,aaii_neutral,39.0
1990-03-23,aaii_spread,13.0
1990-03-30,aaii_bears,31.0
1990-03-30,aaii_bulls,34.0
1990-03-30,aaii_neutral,35.0
1990-03-30,aaii_spread,3.0
1990-04-06,aaii_bears,25.0
1990-04-06,aaii_bulls,38.0
1990-04-06,aaii_neutral,37.0
1990-04-06,aaii_spread,13.0
1990-04-12,aaii_bears,17.0
1990-04-12,aaii_bulls,27.0
1990-04-12,aaii_neutral,56.0
1990-04-12,aaii_spread,10.0
1990-04-20,aaii_bears,23.0
1990-04-20,aaii_bulls,34.0
1990-04-20,aaii_neutral,43.0
1990-04-20,aaii_spread,11.0
1990-04-27,aaii_bears,37.0
1990-04-27,aaii_bulls,28.0
1990-04-27,aaii_neutral,35.0
1990-04-27,aaii_spread,-9.0
1990-05-04,aaii_bears,45.0
1990-05-04,aaii_bulls,20.0
1990-05-04,aaii_neutral,35.0
1990-05-04,aaii_spread,-25.0
1990-05-11,aaii_bears,34.0
1990-05-11,aaii_bulls,28.0
1990-05-11,aaii_neutral,38.0
1990-05-11,aaii_spread,-6.0
1990-05-18,aaii_bears,28.0
1990-05-18,aaii_bulls,37.0
1990-05-18,aaii_neutral,35.0
1990-05-18,aaii_spread,9.0
1990-05-25,aaii_bears,29.0
1990-05-25,aaii_bulls,39.0
1990-05-25,aaii_neutral,32.0
1990-05-25,aaii_spread,10.0
1990-06-01,aaii_bears,35.0
1990-06-01,aaii_bulls,37.0
1990-06-01,aaii_neutral,28.0
1990-06-01,aaii_spread,2.0
1990-06-08,aaii_bears,30.0
1990-06-08,aaii_bulls,35.0
1990-06-08,aaii_neutral,35.0
1990-06-08,aaii_spread,5.0
1990-06-15,aaii_bears,25.0
1990-06-15,aaii_bulls,43.0
1990-06-15,aaii_neutral,32.0
1990-06-15,aaii_spread,18.0
1990-06-22,aaii_bears,34.0
1990-06-22,aaii_bulls,34.0
1990-06-22,aaii_neutral,32.0
1990-06-22,aaii_spread,0.0
1990-06-29,aaii_bears,38.0
1990-06-29,aaii_bulls,31.0
1990-06-29,aaii_neutral,31.0
1990-06-29,aaii_spread,-7.0
1990-07-06,aaii_bears,38.0
1990-07-06,aaii_bulls,28.0
1990-07-06,aaii_neutral,34.0
1990-07-06,aaii_spread,-10.0
1990-07-13,aaii_bears,30.0
1990-07-13,aaii_bulls,40.0
1990-07-13,aaii_neutral,30.0
1990-07-13,aaii_spread,10.0
1990-07-20,aaii_bears,30.0
1990-07-20,aaii_bulls,40.0
1990-07-20,aaii_neutral,30.0
1990-07-20,aaii_spread,10.0
1990-07-27,aaii_bears,24.0
1990-07-27,aaii_bulls,52.0
1990-07-27,aaii_neutral,24.0
1990-07-27,aaii_spread,28.0
1990-08-03,aaii_bears,46.0
1990-08-03,aaii_bulls,26.0
1990-08-03,aaii_neutral,28.0
1990-08-03,aaii_spread,-20.0
1990-08-10,aaii_bears,54.0
1990-08-10,aaii_bulls,25.0
1990-08-10,aaii_neutral,21.0
1990-08-10,aaii_spread,-29.0
1990-08-17,aaii_bears,59.0
1990-08-17,aaii_bulls,18.0
1990-08-17,aaii_neutral,23.0
1990-08-17,aaii_spread,-41.0
1990-08-24,aaii_bears,51.0
1990-08-24,aaii_bulls,25.0
1990-08-24,aaii_neutral,24.0
1990-08-24,aaii_spread,-26.0
1990-08-31,aaii_bears,61.0
1990-08-31,aaii_bulls,23.0
1990-08-31,aaii_neutral,16.0
1990-08-31,aaii_spread,-38.0
1990-09-07,aaii_bears,49.0
1990-09-07,aaii_bulls,33.0
1990-09-07,aaii_neutral,18.0
1990-09-07,aaii_spread,-16.0
1990-09-14,aaii_bears,51.0
1990-09-14,aaii_bulls,16.0
1990-09-14,aaii_neutral,33.0
1990-09-14,aaii_spread,-35.0
1990-09-21,aaii_bears,56.0
1990-09-21,aaii_bulls,13.0
1990-09-21,aaii_neutral,31.0
1990-09-21,aaii_spread,-43.0
1990-09-28,aaii_bears,54.0
1990-09-28,aaii_bulls,26.0
1990-09-28,aaii_neutral,20.0
1990-09-28,aaii_spread,-28.0
1990-10-05,aaii_bears,59.0
1990-10-05,aaii_bulls,15.0
1990-10-05,aaii_neutral,26.0
1990-10-05,aaii_spread,-44.0
1990-10-12,aaii_bears,52.0
1990-10-12,aaii_bulls,21.0
1990-10-12,aaii_neutral,27.0
1990-10-12,aaii_spread,-31.0
1990-10-19,aaii_bears,67.0
1990-10-19,aaii_bulls,13.0
1990-10-19,aaii_neutral,20.0
1990-10-19,aaii_spread,-54.0
1990-10-26,aaii_bears,58.0
1990-10-26,aaii_bulls,23.0
1990-10-26,aaii_neutral,19.0
1990-10-26,aaii_spread,-35.0
1990-11-02,aaii_bears,44.0
1990-11-02,aaii_bulls,20.0
1990-11-02,aaii_neutral,36.0
1990-11-02,aaii_spread,-24.0
1990-11-09,aaii_bears,48.0
1990-11-09,aaii_bulls,20.0
1990-11-09,aaii_neutral,32.0
1990-11-09,aaii_spread,-28.0
1990-11-16,aaii_bears,55.0
1990-11-16,aaii_bulls,12.0
1990-11-16,aaii_neutral,33.0
1990-11-16,aaii_spread,-43.0
1990-11-21,aaii_bears,47.0
1990-11-21,aaii_bulls,16.0
1990-11-21,aaii_neutral,37.0
1990-11-21,aaii_spread,-31.0
1990-11-30,aaii_bears,45.0
1990-11-30,aaii_bulls,22.0
1990-11-30,aaii_neutral,33.0
1990-11-30,aaii_spread,-23.0
1990-12-07,aaii_bears,41.0
1990-12-07,aaii_bulls,26.0
1990-12-07,aaii_neutral,33.0
1990-12-07,aaii_spread,-15.0
1990-12-14,aaii_bears,38.0
1990-12-14,aaii_bulls,31.0
1990-12-14,aaii_neutral,31.0
1990-12-14,aaii_spread,-7.0
1990-12-21,aaii_bears,50.0
1990-12-21,aaii_bulls,16.0
1990-12-21,aaii_neutral,34.0
1990-12-21,aaii_spread,-34.0
1990-12-28,aaii_bears,40.0
1990-12-28,aaii_bulls,30.0
1990-12-28,aaii_neutral,30.0
1990-12-28,aaii_spread,-10.0
1991-01-04,aaii_bears,30.0
1991-01-04,aaii_bulls,31.0
1991-01-04,aaii_neutral,39.0
1991-01-04,aaii_spread,1.0
1991-01-11,aaii_bears,48.0
1991-01-11,aaii_bulls,22.0
1991-01-11,aaii_neutral,30.0
1991-01-11,aaii_spread,-26.0
1991-01-18,aaii_bears,51.0
1991-01-18,aaii_bulls,22.0
1991-01-18,aaii_neutral,27.0
1991-01-18,aaii_spread,-29.0
1991-01-25,aaii_bears,50.0
1991-01-25,aaii_bulls,25.0
1991-01-25,aaii_neutral,25.0
1991-01-25,aaii_spread,-25.0
1991-02-01,aaii_bears,42.0
1991-02-01,aaii_bulls,29.0
1991-02-01,aaii_neutral,29.0
1991-02-01,aaii_spread,-13.0
1991-02-08,aaii_bears,36.0
1991-02-08,aaii_bulls,36.0
1991-02-08,aaii_neutral,28.0
1991-02-08,aaii_spread,0.0
1991-02-15,aaii_bears,24.0
1991-02-15,aaii_bulls,46.0
1991-02-15,aaii_neutral,30.0
1991-02-15,aaii_spread,22.0
1991-02-22,aaii_bears,23.0
1991-02-22,aaii_bulls,57.0
1991-02-22,aaii_neutral,20.0
1991-02-22,aaii_spread,34.0
1991-03-01,aaii_bears,32.0
1991-03-01,aaii_bulls,50.0
1991-03-01,aaii_neutral,18.0
1991-03-01,aaii_spread,18.0
1991-03-08,aaii_bears,29.0
1991-03-08,aaii_bulls,50.0
1991-03-08,aaii_neutral,21.0
1991-03-08,aaii_spread,21.0
1991-03-15,aaii_bears,23.0
1991-03-15,aaii_bulls,55.0
1991-03-15,aaii_neutral,22.0
1991-03-15,aaii_spread,32.0
1991-03-22,aaii_bears,27.0
1991-03-22,aaii_bulls,42.0
1991-03-22,aaii_neutral,31.0
1991-03-22,aaii_spread,15.0
1991-03-29,aaii_bears,25.0
1991-03-29,aaii_bulls,47.0
1991-03-29,aaii_neutral,28.0
1991-03-29,aaii_spread,22.0
1991-04-05,aaii_bears,20.0
1991-04-05,aaii_bulls,58.0
1991-04-05,aaii_neutral,22.0
1991-04-05,aaii_spread,38.0
1991-04-12,aaii_bears,25.0
1991-04-12,aaii_bulls,43.0
1991-04-12,aaii_neutral,32.0
1991-04-12,aaii_spread,18.0
1991-04-19,aaii_bears,22.0
1991-04-19,aaii_bulls,39.0
1991-04-19,aaii_neutral,39.0
1991-04-19,aaii_spread,17.0
1991-04-26,aaii_bears,17.0
1991-04-26,aaii_bulls,55.0
1991-04-26,aaii_neutral,28.0
1991-04-26,aaii_spread,38.0
1991-05-03,aaii_bears,28.0
1991-05-03,aaii_bulls,39.0
1991-05-03,aaii_neutral,33.0
1991-05-03,aaii_spread,11.0
1991-05-10,aaii_bears,28.0
1991-05-10,aaii_bulls,38.0
1991-05-10,aaii_neutral,34.0
1991-05-10,aaii_spread,10.0
1991-05-17,aaii_bears,26.0
1991-05-17,aaii_bulls,42.0
1991-05-17,aaii_neutral,32.0
1991-05-17,aaii_spread,16.0
1991-05-24,aaii_bears,23.0
1991-05-24,aaii_bulls,38.0
1991-05-24,aaii_neutral,39.0
1991-05-24,aaii_spread,15.0
1991-05-31,aaii_bears,23.0
1991-05-31,aaii_bulls,42.0
1991-05-31,aaii_neutral,35.0
1991-05-31,aaii_spread,19.0
1991-06-07,aaii_bears,17.0
1991-06-07,aaii_bulls,46.0
1991-06-07,aaii_neutral,37.0
1991-06-07,aaii_spread,29.0
1991-06-14,aaii_bears,22.0
1991-06-14,aaii_bulls,47.0
1991-06-14,aaii_neutral,31.0
1991-06-14,aaii_spread,25.0
1991-06-21,aaii_bears,16.0
1991-06-21,aaii_bulls,44.0
1991-06-21,aaii_neutral,40.0
1991-06-21,aaii_spread,28.0
1991-06-28,aaii_bears,35.0
1991-06-28,aaii_bulls,28.0
1991-06-28,aaii_neutral,37.0
1991-06-28,aaii_spread,-7.0
1991-07-03,aaii_bears,33.0
1991-07-03,aaii_bulls,28.0
1991-07-03,aaii_neutral,39.0
1991-07-03,aaii_spread,-5.0
1991-07-12,aaii_bears,20.0
1991-07-12,aaii_bulls,41.0
1991-07-12,aaii_neutral,39.0
1991-07-12,aaii_spread,21.0
1991-07-19,aaii_bears,22.0
1991-07-19,aaii_bulls,27.0
1991-07-19,aaii_neutral,51.0
1991-07-19,aaii_spread,5.0
1991-07-26,aaii_bears,23.0
1991-07-26,aaii_bulls,35.0
1991-07-26,aaii_neutral,42.0
1991-07-26,aaii_spread,12.0
1991-08-02,aaii_bears,31.0
1991-08-02,aaii_bulls,33.0
1991-08-02,aaii_neutral,36.0
1991-08-02,aaii_spread,2.0
1991-08-09,aaii_bears,29.0
1991-08-09,aaii_bulls,26.0
1991-08-09,aaii_neutral,45.0
1991-08-09,aaii_spread,-3.0
1991-08-16,aaii_bears,30.0
1991-08-16,aaii_bulls,37.0
1991-08-16,aaii_neutral,33.0
1991-08-16,aaii_spread,7.0
1991-08-23,aaii_bears,32.0
1991-08-23,aaii_bulls,32.0
1991-08-23,aaii_neutral,36.0
1991-08-23,aaii_spread,0.0
1991-08-30,aaii_bears,19.0
1991-08-30,aaii_bulls,41.0
1991-08-30,aaii_neutral,40.0
1991-08-30,aaii_spread,22.0
1991-09-06,aaii_bears,33.0
1991-09-06,aaii_bulls,36.0
1991-09-06,aaii_neutral,31.0
1991-09-06,aaii_spread,3.0
1991-09-13,aaii_bears,18.0
1991-09-13,aaii_bulls,43.0
1991-09-13,aaii_neutral,39.0
1991-09-13,aaii_spread,25.0
1991-09-20,aaii_bears,20.0
1991-09-20,aaii_bulls,32.0
1991-09-20,aaii_neutral,48.0
1991-09-20,aaii_spread,12.0
1991-09-27,aaii_bears,31.0
1991-09-27,aaii_bulls,31.0
1991-09-27,aaii_neutral,38.0
1991-09-27,aaii_spread,0.0
1991-10-04,aaii_bears,35.0
1991-10-04,aaii_bulls,35.0
1991-10-04,aaii_neutral,30.0
1991-10-04,aaii_spread,0.0
1991-10-11,aaii_bears,24.0
1991-10-11,aaii_bulls,39.0
1991-10-11,aaii_neutral,37.0
1991-10-11,aaii_spread,15.0
1991-10-18,aaii_bears,39.0
1991-10-18,aaii_bulls,30.0
1991-10-18,aaii_neutral,31.0
1991-10-18,aaii_spread,-9.0
1991-10-25,aaii_bears,33.0
1991-10-25,aaii_bulls,31.0
1991-10-25,aaii_neutral,36.0
1991-10-25,aaii_spread,-2.0
1991-11-01,aaii_bears,36.0
1991-11-01,aaii_bulls,52.0
1991-11-01,aaii_neutral,12.0
1991-11-01,aaii_spread,16.0
1991-11-08,aaii_bears,32.0
1991-11-08,aaii_bulls,32.0
1991-11-08,aaii_neutral,36.0
1991-11-08,aaii_spread,0.0
1991-11-15,aaii_bears,29.0
1991-11-15,aaii_bulls,38.0
1991-11-15,aaii_neutral,33.0
1991-11-15,aaii_spread,9.0
1991-11-22,aaii_bears,20.0
1991-11-22,aaii_bulls,48.0
1991-11-22,aaii_neutral,32.0
1991-11-22,aaii_spread,28.0
1991-11-27,aaii_bears,40.0
1991-11-27,aaii_bulls,33.0
1991-11-27,aaii_neutral,27.0
1991-11-27,aaii_spread,-7.0
1991-12-06,aaii_bears,45.0
1991-12-06,aaii_bulls,23.0
1991-12-06,aaii_neutral,32.0
1991-12-06,aaii_spread,-22.0
1991-12-13,aaii_bears,31.0
1991-12-13,aaii_bulls,33.0
1991-12-13,aaii_neutral,36.0
1991-12-13,aaii_spread,2.0
1991-12-20,aaii_bears,34.0
1991-12-20,aaii_bulls,36.0
1991-12-20,aaii_neutral,30.0
1991-12-20,aaii_spread,2.0
1991-12-27,aaii_bears,32.0
1991-12-27,aaii_bulls,39.0
1991-12-27,aaii_neutral,29.0
1991-12-27,aaii_spread,7.0
1992-01-03,aaii_bears,31.0
1992-01-03,aaii_bulls,49.0
1992-01-03,aaii_neutral,20.0
1992-01-03,aaii_spread,18.0
1992-01-10,aaii_bears,25.0
1992-01-10,aaii_bulls,48.0
1992-01-10,aaii_neutral,27.0
1992-01-10,aaii_spread,23.0
1992-01-17,aaii_bears,28.0
1992-01-17,aaii_bulls,51.0
1992-01-17,aaii_neutral,21.0
1992-01-17,aaii_spread,23.0
1992-01-24,aaii_bears,29.0
1992-01-24,aaii_bulls,46.0
1992-01-24,aaii_neutral,25.0
1992-01-24,aaii_spread,17.0
1992-01-31,aaii_bears,27.0
1992-01-31,aaii_bulls,47.0
1992-01-31,aaii_neutral,26.0
1992-01-31,aaii_spread,20.0
1992-02-07,aaii_bears,25.0
1992-02-07,aaii_bulls,36.0
1992-02-07,aaii_neutral,39.0
1992-02-07,aaii_spread,11.0
1992-02-14,aaii_bears,26.0
1992-02-14,aaii_bulls,46.0
1992-02-14,aaii_neutral,28.0
1992-02-14,aaii_spread,20.0
1992-02-21,aaii_bears,28.0
1992-02-21,aaii_bulls,47.0
1992-02-21,aaii_neutral,25.0
1992-02-21,aaii_spread,19.0
1992-02-28,aaii_bears,21.0
1992-02-28,aaii_bulls,43.0
1992-02-28,aaii_neutral,36.0
1992-02-28,aaii_spread,22.0
1992-03-06,aaii_bears,26.0
1992-03-06,aaii_bulls,45.0
1992-03-06,aaii_neutral,29.0
1992-03-06,aaii_spread,19.0
1992-03-13,aaii_bears,27.0
1992-03-13,aaii_bulls,38.0
1992-03-13,aaii_neutral,35.0
1992-03-13,aaii_spread,11.0
1992-03-20,aaii_bears,23.0
1992-03-20,aaii_bulls,48.0
1992-03-20,aaii_neutral,29.0
1992-03-20,aaii_spread,25.0
1992-03-27,aaii_bears,22.0
1992-03-27,aaii_bulls,43.0
1992-03-27,aaii_neutral,35.0
1992-03-27,aaii_spread,21.0
1992-04-03,aaii_bears,23.0
1992-04-03,aaii_bulls,35.0
1992-04-03,aaii_neutral,42.0
1992-04-03,aaii_spread,12.0
1992-04-10,aaii_bears,30.0
1992-04-10,aaii_bulls,43.0
1992-04-10,aaii_neutral,27.0
1992-04-10,aaii_spread,13.0
1992-04-17,aaii_bears,25.0
1992-04-17,aaii_bulls,37.0
1992-04-17,aaii_neutral,38.0
1992-04-17,aaii_spread,12.0
1992-04-24,aaii_bears,14.0
1992-04-24,aaii_bulls,52.0
1992-04-24,aaii_neutral,34.0
1992-04-24,aaii_spread,38.0
1992-05-01,aaii_bears,35.0
1992-05-01,aaii_bulls,29.0
1992-05-01,aaii_neutral,36.0
1992-05-01,aaii_spread,-6.0
1992-05-08,aaii_bears,26.0
1992-05-08,aaii_bulls,43.0
1992-05-08,aaii_neutral,31.0
1992-05-08,aaii_spread,17.0
1992-05-15,aaii_bears,23.0
1992-05-15,aaii_bulls,40.0
1992-05-15,aaii_neutral,37.0
1992-05-15,aaii_spread,17.0
1992-05-22,aaii_bears,28.0
1992-05-22,aaii_bulls,48.0
1992-05-22,aaii_neutral,24.0
1992-05-22,aaii_spread,20.0
1992-05-29,aaii_bears,16.0
1992-05-29,aaii_bulls,41.0
1992-05-29,aaii_neutral,43.0
1992-05-29,aaii_spread,25.0
1992-06-05,aaii_bears,19.0
1992-06-05,aaii_bulls,41.0
1992-06-05,aaii_neutral,40.0
1992-06-05,aaii_spread,22.0
1992-06-12,aaii_bears,23.0
1992-06-12,aaii_bulls,31.0
1992-06-12,aaii_neutral,46.0
1992-06-12,aaii_spread,8.0
1992-06-19,aaii_bears,28.0
1992-06-19,aaii_bulls,35.0
1992-06-19,aaii_neutral,37.0
1992-06-19,aaii_spread,7.0
1992-06-26,aaii_bears,27.0
1992-06-26,aaii_bulls,39.0
1992-06-26,aaii_neutral,34.0
1992-06-26,aaii_spread,12.0
1992-07-02,aaii_bears,35.0
1992-07-02,aaii_bulls,21.0
1992-07-02,aaii_neutral,44.0
1992-07-02,aaii_spread,-14.0
1992-07-09,aaii_bears,35.0
1992-07-09,aaii_bulls,23.0
1992-07-09,aaii_neutral,42.0
1992-07-09,aaii_spread,-12.0
1992-07-17,aaii_bears,31.0
1992-07-17,aaii_bulls,29.0
1992-07-17,aaii_neutral,40.0
1992-07-17,aaii_spread,-2.0
1992-07-24,aaii_bears,24.0
1992-07-24,aaii_bulls,32.0
1992-07-24,aaii_neutral,44.0
1992-07-24,aaii_spread,8.0
1992-07-31,aaii_bears,31.0
1992-07-31,aaii_bulls,22.0
1992-07-31,aaii_neutral,47.0
1992-07-31,aaii_spread,-9.0
1992-08-05,aaii_bears,33.0
1992-08-05,aaii_bulls,28.0
1992-08-05,aaii_neutral,39.0
1992-08-05,aaii_spread,-5.0
1992-08-14,aaii_bears,37.0
1992-08-14,aaii_bulls,26.0
1992-08-14,aaii_neutral,37.0
1992-08-14,aaii_spread,-11.0
1992-08-21,aaii_bears,44.0
1992-08-21,aaii_bulls,22.0
1992-08-21,aaii_neutral,34.0
1992-08-21,aaii_spread,-22.0
1992-08-28,aaii_bears,33.0
1992-08-28,aaii_bulls,30.0
1992-08-28,aaii_neutral,37.0
1992-08-28,aaii_spread,-3.0
1992-09-04,aaii_bears,42.0
1992-09-04,aaii_bulls,14.0
1992-09-04,aaii_neutral,44.0
1992-09-04,aaii_spread,-28.0
1992-09-11,aaii_bears,39.0
1992-09-11,aaii_bulls,22.0
1992-09-11,aaii_neutral,39.0
1992-09-11,aaii_spread,-17.0
1992-09-18,aaii_bears,37.0
1992-09-18,aaii_bulls,21.0
1992-09-18,aaii_neutral,42.0
1992-09-18,aaii_spread,-16.0
1992-09-25,aaii_bears,41.0
1992-09-25,aaii_bulls,25.0
1992-09-25,aaii_neutral,34.0
1992-09-25,aaii_spread,-16.0
1992-10-02,aaii_bears,35.0
1992-10-02,aaii_bulls,30.0
1992-10-02,aaii_neutral,35.0
1992-10-02,aaii_spread,-5.0
1992-10-09,aaii_bears,44.0
1992-10-09,aaii_bulls,21.0
1992-10-09,aaii_neutral,35.0
1992-10-09,aaii_spread,-23.0
1992-10-16,aaii_bears,56.0
1992-10-16,aaii_bulls,20.0
1992-10-16,aaii_neutral,24.0
1992-10-16,aaii_spread,-36.0
1992-10-23,aaii_bears,47.0
1992-10-23,aaii_bulls,21.0
1992-10-23,aaii_neutral,32.0
1992-10-23,aaii_spread,-26.0
1992-10-30,aaii_bears,30.0
1992-10-30,aaii_bulls,35.0
1992-10-30,aaii_neutral,35.0
1992-10-30,aaii_spread,5.0
1992-11-06,aaii_bears,24.0
1992-11-06,aaii_bulls,49.0
1992-11-06,aaii_neutral,27.0
1992-11-06,aaii_spread,25.0
1992-11-13,aaii_bears,19.0
1992-11-13,aaii_bulls,37.0
1992-11-13,aaii_neutral,44.0
1992-11-13,aaii_spread,18.0
1992-11-20,aaii_bears,14.0
1992-11-20,aaii_bulls,48.0
1992-11-20,aaii_neutral,38.0
1992-11-20,aaii_spread,34.0
1992-11-25,aaii_bears,20.0
1992-11-25,aaii_bulls,43.0
1992-11-25,aaii_neutral,37.0
1992-11-25,aaii_spread,23.0
1992-12-04,aaii_bears,24.0
1992-12-04,aaii_bulls,37.0
1992-12-04,aaii_neutral,39.0
1992-12-04,aaii_spread,13.0
1992-12-11,aaii_bears,15.0
1992-12-11,aaii_bulls,43.0
1992-12-11,aaii_neutral,42.0
1992-12-11,aaii_spread,28.0
1992-12-18,aaii_bears,10.0
1992-12-18,aaii_bulls,63.0
1992-12-18,aaii_neutral,27.0
1992-12-18,aaii_spread,53.0
1992-12-24,aaii_bears,15.0
1992-12-24,aaii_bulls,55.0
1992-12-24,aaii_neutral,30.0
1992-12-24,aaii_spread,40.0
1993-01-01,aaii_bears,13.0
1993-01-01,aaii_bulls,60.0
1993-01-01,aaii_neutral,27.0
1993-01-01,aaii_spread,47.0
1993-01-08,aaii_bears,31.0
1993-01-08,aaii_bulls,20.0
1993-01-08,aaii_neutral,49.0
1993-01-08,aaii_spread,-11.0
1993-01-15,aaii_bears,14.0
1993-01-15,aaii_bulls,54.0
1993-01-15,aaii_neutral,32.0
1993-01-15,aaii_spread,40.0
1993-01-22,aaii_bears,21.0
1993-01-22,aaii_bulls,41.0
1993-01-22,aaii_neutral,38.0
1993-01-22,aaii_spread,20.0
1993-01-29,aaii_bears,23.0
1993-01-29,aaii_bulls,40.0
1993-01-29,aaii_neutral,37.0
1993-01-29,aaii_spread,17.0
1993-02-05,aaii_bears,22.0
1993-02-05,aaii_bulls,44.0
1993-02-05,aaii_neutral,34.0
1993-02-05,aaii_spread,22.0
1993-02-12,aaii_bears,22.0
1993-02-12,aaii_bulls,47.0
1993-02-12,aaii_neutral,31.0
1993-02-12,aaii_spread,25.0
1993-02-19,aaii_bears,27.0
1993-02-19,aaii_bulls,46.0
1993-02-19,aaii_neutral,27.0
1993-02-19,aaii_spread,19.0
1993-02-26,aaii_bears,34.0
1993-02-26,aaii_bulls,34.0
1993-02-26,aaii_neutral,32.0
1993-02-26,aaii_spread,0.0
1993-03-05,aaii_bears,37.0
1993-03-05,aaii_bulls,27.0
1993-03-05,aaii_neutral,36.0
1993-03-05,aaii_spread,-10.0
1993-03-12,aaii_bears,22.0
1993-03-12,aaii_bulls,45.0
1993-03-12,aaii_neutral,33.0
1993-03-12,aaii_spread,23.0
1993-03-19,aaii_bears,27.0
1993-03-19,aaii_bulls,41.0
1993-03-19,aaii_neutral,32.0
1993-03-19,aaii_spread,14.0
1993-03-26,aaii_bears,23.0
1993-03-26,aaii_bulls,43.0
1993-03-26,aaii_neutral,34.0
1993-03-26,aaii_spread,20.0
1993-04-02,aaii_bears,27.0
1993-04-02,aaii_bulls,37.0
1993-04-02,aaii_neutral,36.0
1993-04-02,aaii_spread,10.0
1993-04-09,aaii_bears,29.0
1993-04-09,aaii_bulls,32.0
1993-04-09,aaii_neutral,39.0
1993-04-09,aaii_spread,3.0
1993-04-16,aaii_bears,34.0
1993-04-16,aaii_bulls,31.0
1993-04-16,aaii_neutral,35.0
1993-04-16,aaii_spread,-3.0
1993-04-23,aaii_bears,30.0
1993-04-23,aaii_bulls,28.0
1993-04-23,aaii_neutral,42.0
1993-04-23,aaii_spread,-2.0
1993-04-30,aaii_bears,41.0
1993-04-30,aaii_bulls,22.0
1993-04-30,aaii_neutral,37.0
1993-04-30,aaii_spread,-19.0
1993-05-07,aaii_bears,34.0
1993-05-07,aaii_bulls,21.0
1993-05-07,aaii_neutral,45.0
1993-05-07,aaii_spread,-13.0
1993-05-14,aaii_bears,39.0
1993-05-14,aaii_bulls,20.0
1993-05-14,aaii_neutral,41.0
1993-05-14,aaii_spread,-19.0
1993-05-21,aaii_bears,45.0
1993-05-21,aaii_bulls,21.0
1993-05-21,aaii_neutral,34.0
1993-05-21,aaii_spread,-24.0
1993-05-28,aaii_bears,39.0
1993-05-28,aaii_bulls,24.0
1993-05-28,aaii_neutral,37.0
1993-05-28,aaii_spread,-15.0
1993-06-04,aaii_bears,28.0
1993-06-04,aaii_bulls,33.0
1993-06-04,aaii_neutral,39.0
1993-06-04,aaii_spread,5.0
1993-06-11,aaii_bears,41.0
1993-06-11,aaii_bulls,23.0
1993-06-11,aaii_neutral,36.0
1993-06-11,aaii_spread,-18.0
1993-06-18,aaii_bears,43.0
1993-06-18,aaii_bulls,22.0
1993-06-18,aaii_neutral,35.0
1993-06-18,aaii_spread,-21.0
1993-06-25,aaii_bears,34.0
1993-06-25,aaii_bulls,28.0
1993-06-25,aaii_neutral,38.0
1993-06-25,aaii_spread,-6.0
1993-07-02,aaii_bears,38.0
1993-07-02,aaii_bulls,18.0
1993-07-02,aaii_neutral,44.0
1993-07-02,aaii_spread,-20.0
1993-07-09,aaii_bears,34.0
1993-07-09,aaii_bulls,21.0
1993-07-09,aaii_neutral,45.0
1993-07-09,aaii_spread,-13.0
1993-07-16,aaii_bears,34.0
1993-07-16,aaii_bulls,22.0
1993-07-16,aaii_neutral,44.0
1993-07-16,aaii_spread,-12.0
1993-07-23,aaii_bears,33.0
1993-07-23,aaii_bulls,24.0
1993-07-23,aaii_neutral,43.0
1993-07-23,aaii_spread,-9.0
1993-07-30,aaii_bears,30.0
1993-07-30,aaii_bulls,25.0
1993-07-30,aaii_neutral,45.0
1993-07-30,aaii_spread,-5.0
1993-08-06,aaii_bears,32.0
1993-08-06,aaii_bulls,26.0
1993-08-06,aaii_neutral,42.0
1993-08-06,aaii_spread,-6.0
1993-08-13,aaii_bears,34.0
1993-08-13,aaii_bulls,25.0
1993-08-13,aaii_neutral,41.0
1993-08-13,aaii_spread,-9.0
1993-08-20,aaii_bears,30.0
1993-08-20,aaii_bulls,29.0
1993-08-20,aaii_neutral,41.0
1993-08-20,aaii_spread,-1.0
1993-08-27,aaii_bears,38.0
1993-08-27,aaii_bulls,27.0
1993-08-27,aaii_neutral,35.0
1993-08-27,aaii_spread,-11.0
1993-09-03,aaii_bears,29.0
1993-09-03,aaii_bulls,38.0
1993-09-03,aaii_neutral,33.0
1993-09-03,aaii_spread,9.0
1993-09-10,aaii_bears,40.0
1993-09-10,aaii_bulls,30.0
1993-09-10,aaii_neutral,30.0
1993-09-10,aaii_spread,-10.0
1993-09-17,aaii_bears,34.0
1993-09-17,aaii_bulls,32.0
1993-09-17,aaii_neutral,34.0
1993-09-17,aaii_spread,-2.0
1993-09-24,aaii_bears,32.0
1993-09-24,aaii_bulls,28.0
1993-09-24,aaii_neutral,40.0
1993-09-24,aaii_spread,-4.0
1993-10-01,aaii_bears,40.0
1993-10-01,aaii_bulls,26.0
1993-10-01,aaii_neutral,34.0
1993-10-01,aaii_spread,-14.0
1993-10-08,aaii_bears,34.0
1993-10-08,aaii_bulls,29.0
1993-10-08,aaii_neutral,37.0
1993-10-08,aaii_spread,-5.0
1993-10-15,aaii_bears,31.0
1993-10-15,aaii_bulls,31.0
1993-10-15,aaii_neutral,38.0
1993-10-15,aaii_spread,0.0
1993-10-22,aaii_bears,28.0
1993-10-22,aaii_bulls,42.0
1993-10-22,aaii_neutral,30.0
1993-10-22,aaii_spread,14.0
1993-10-29,aaii_bears,24.0
1993-10-29,aaii_bulls,43.0
1993-10-29,aaii_neutral,33.0
1993-10-29,aaii_spread,19.0
1993-11-04,aaii_bears,32.0
1993-11-04,aaii_bulls,32.0
1993-11-04,aaii_neutral,36.0
1993-11-04,aaii_spread,0.0
1993-11-11,aaii_bears,35.0
1993-11-11,aaii_bulls,35.0
1993-11-11,aaii_neutral,30.0
1993-11-11,aaii_spread,0.0
1993-11-18,aaii_bears,35.0
1993-11-18,aaii_bulls,34.0
1993-11-18,aaii_neutral,31.0
1993-11-18,aaii_spread,-1.0
1993-11-24,aaii_bears,25.0
1993-11-24,aaii_bulls,45.0
1993-11-24,aaii_neutral,30.0
1993-11-24,aaii_spread,20.0
1993-12-02,aaii_bears,35.0
1993-12-02,aaii_bulls,33.0
1993-12-02,aaii_neutral,32.0
1993-12-02,aaii_spread,-2.0
1993-12-09,aaii_bears,24.0
1993-12-09,aaii_bulls,37.0
1993-12-09,aaii_neutral,39.0
1993-12-09,aaii_spread,13.0
1993-12-16,aaii_bears,29.0
1993-12-16,aaii_bulls,33.0
1993-12-16,aaii_neutral,38.0
1993-12-16,aaii_spread,4.0
1993-12-23,aaii_bears,33.0
1993-12-23,aaii_bulls,36.0
1993-12-23,aaii_neutral,31.0
1993-12-23,aaii_spread,3.0
1993-12-30,aaii_bears,28.0
1993-12-30,aaii_bulls,44.0
1993-12-30,aaii_neutral,28.0
1993-12-30,aaii_spread,16.0
1994-01-06,aaii_bears,27.0
1994-01-06,aaii_bulls,40.0
1994-01-06,aaii_neutral,33.0
1994-01-06,aaii_spread,13.0
1994-01-13,aaii_bears,31.0
1994-01-13,aaii_bulls,38.0
1994-01-13,aaii_neutral,31.0
1994-01-13,aaii_spread,7.0
1994-01-20,aaii_bears,26.0
1994-01-20,aaii_bulls,48.0
1994-01-20,aaii_neutral,26.0
1994-01-20,aaii_spread,22.0
1994-01-27,aaii_bears,34.0
1994-01-27,aaii_bulls,41.0
1994-01-27,aaii_neutral,25.0
1994-01-27,aaii_spread,7.0
1994-02-03,aaii_bears,33.0
1994-02-03,aaii_bulls,38.0
1994-02-03,aaii_neutral,29.0
1994-02-03,aaii_spread,5.0
1994-02-10,aaii_bears,24.0
1994-02-10,aaii_bulls,49.0
1994-02-10,aaii_neutral,27.0
1994-02-10,aaii_spread,25.0
1994-02-17,aaii_bears,24.0
1994-02-17,aaii_bulls,40.0
1994-02-17,aaii_neutral,36.0
1994-02-17,aaii_spread,16.0
1994-02-24,aaii_bears,29.0
1994-02-24,aaii_bulls,41.0
1994-02-24,aaii_neutral,30.0
1994-02-24,aaii_spread,12.0
1994-03-03,aaii_bears,27.0
1994-03-03,aaii_bulls,31.0
1994-03-03,aaii_neutral,42.0
1994-03-03,aaii_spread,4.0
1994-03-10,aaii_bears,37.0
1994-03-10,aaii_bulls,29.0
1994-03-10,aaii_neutral,34.0
1994-03-10,aaii_spread,-8.0
1994-03-17,aaii_bears,35.0
1994-03-17,aaii_bulls,24.0
1994-03-17,aaii_neutral,41.0
1994-03-17,aaii_spread,-11.0
1994-03-24,aaii_bears,34.0
1994-03-24,aaii_bulls,29.0
1994-03-24,aaii_neutral,37.0
1994-03-24,aaii_spread,-5.0
1994-03-31,aaii_bears,44.0
1994-03-31,aaii_bulls,23.0
1994-03-31,aaii_neutral,33.0
1994-03-31,aaii_spread,-21.0
1994-04-07,aaii_bears,41.0
1994-04-07,aaii_bulls,28.0
1994-04-07,aaii_neutral,31.0
1994-04-07,aaii_spread,-13.0
1994-04-14,aaii_bears,48.0
1994-04-14,aaii_bulls,29.0
1994-04-14,aaii_neutral,23.0
1994-04-14,aaii_spread,-19.0
1994-04-21,aaii_bears,33.0
1994-04-21,aaii_bulls,26.0
1994-04-21,aaii_neutral,41.0
1994-04-21,aaii_spread,-7.0
1994-04-28,aaii_bears,38.0
1994-04-28,aaii_bulls,27.0
1994-04-28,aaii_neutral,35.0
1994-04-28,aaii_spread,-11.0
1994-05-05,aaii_bears,36.0
1994-05-05,aaii_bulls,32.0
1994-05-05,aaii_neutral,32.0
1994-05-05,aaii_spread,-4.0
1994-05-12,aaii_bears,30.0
1994-05-12,aaii_bulls,38.0
1994-05-12,aaii_neutral,32.0
1994-05-12,aaii_spread,8.0
1994-05-19,aaii_bears,42.0
1994-05-19,aaii_bulls,22.0
1994-05-19,aaii_neutral,36.0
1994-05-19,aaii_spread,-20.0
1994-05-26,aaii_bears,38.0
1994-05-26,aaii_bulls,29.0
1994-05-26,aaii_neutral,33.0
1994-05-26,aaii_spread,-9.0
1994-06-02,aaii_bears,25.0
1994-06-02,aaii_bulls,39.0
1994-06-02,aaii_neutral,36.0
1994-06-02,aaii_spread,14.0
1994-06-09,aaii_bears,25.0
1994-06-09,aaii_bulls,28.0
1994-06-09,aaii_neutral,47.0
1994-06-09,aaii_spread,3.0
1994-06-16,aaii_bears,26.0
1994-06-16,aaii_bulls,32.0
1994-06-16,aaii_neutral,42.0
1994-06-16,aaii_spread,6.0
1994-06-23,aaii_bears,26.0
1994-06-23,aaii_bulls,29.0
1994-06-23,aaii_neutral,45.0
1994-06-23,aaii_spread,3.0
1994-06-30,aaii_bears,31.0
1994-06-30,aaii_bulls,32.0
1994-06-30,aaii_neutral,37.0
1994-06-30,aaii_spread,1.0
1994-07-07,aaii_bears,40.0
1994-07-07,aaii_bulls,28.0
1994-07-07,aaii_neutral,32.0
1994-07-07,aaii_spread,-12.0
1994-07-14,aaii_bears,35.0
1994-07-14,aaii_bulls,25.0
1994-07-14,aaii_neutral,40.0
1994-07-14,aaii_spread,-10.0
1994-07-21,aaii_bears,28.0
1994-07-21,aaii_bulls,34.0
1994-07-21,aaii_neutral,38.0
1994-07-21,aaii_spread,6.0
1994-07-28,aaii_bears,31.0
1994-07-28,aaii_bulls,27.0
1994-07-28,aaii_neutral,42.0
1994-07-28,aaii_spread,-4.0
1994-08-04,aaii_bears,26.0
1994-08-04,aaii_bulls,22.0
1994-08-04,aaii_neutral,52.0
1994-08-04,aaii_spread,-4.0
1994-08-11,aaii_bears,29.0
1994-08-11,aaii_bulls,34.0
1994-08-11,aaii_neutral,37.0
1994-08-11,aaii_spread,5.0
1994-08-18,aaii_bears,30.0
1994-08-18,aaii_bulls,30.0
1994-08-18,aaii_neutral,40.0
1994-08-18,aaii_spread,0.0
1994-08-25,aaii_bears,29.0
1994-08-25,aaii_bulls,32.0
1994-08-25,aaii_neutral,39.0
1994-08-25,aaii_spread,3.0
1994-09-01,aaii_bears,23.0
1994-09-01,aaii_bulls,43.0
1994-09-01,aaii_neutral,34.0
1994-09-01,aaii_spread,20.0
1994-09-08,aaii_bears,20.0
1994-09-08,aaii_bulls,47.0
1994-09-08,aaii_neutral,33.0
1994-09-08,aaii_spread,27.0
1994-09-15,aaii_bears,30.0
1994-09-15,aaii_bulls,45.0
1994-09-15,aaii_neutral,25.0
1994-09-15,aaii_spread,15.0
1994-09-22,aaii_bears,27.0
1994-09-22,aaii_bulls,37.0
1994-09-22,aaii_neutral,36.0
1994-09-22,aaii_spread,10.0
1994-09-29,aaii_bears,30.0
1994-09-29,aaii_bulls,38.0
1994-09-29,aaii_neutral,32.0
1994-09-29,aaii_spread,8.0
1994-10-06,aaii_bears,28.0
1994-10-06,aaii_bulls,33.0
1994-10-06,aaii_neutral,39.0
1994-10-06,aaii_spread,5.0
1994-10-13,aaii_bears,26.0
1994-10-13,aaii_bulls,35.0
1994-10-13,aaii_neutral,39.0
1994-10-13,aaii_spread,9.0
1994-10-20,aaii_bears,28.0
1994-10-20,aaii_bulls,39.0
1994-10-20,aaii_neutral,33.0
1994-10-20,aaii_spread,11.0
1994-10-27,aaii_bears,19.0
1994-10-27,aaii_bulls,43.0
1994-10-27,aaii_neutral,38.0
1994-10-27,aaii_spread,24.0
1994-11-03,aaii_bears,25.0
1994-11-03,aaii_bulls,40.0
1994-11-03,aaii_neutral,35.0
1994-11-03,aaii_spread,15.0
1994-11-10,aaii_bears,32.0
1994-11-10,aaii_bulls,37.0
1994-11-10,aaii_neutral,31.0
1994-11-10,aaii_spread,5.0
1994-11-17,aaii_bears,39.0
1994-11-17,aaii_bulls,39.0
1994-11-17,aaii_neutral,22.0
1994-11-17,aaii_spread,0.0
1994-11-23,aaii_bears,29.0
1994-11-23,aaii_bulls,39.0
1994-11-23,aaii_neutral,32.0
1994-11-23,aaii_spread,10.0
1994-11-30,aaii_bears,26.0
1994-11-30,aaii_bulls,44.0
1994-11-30,aaii_neutral,30.0
1994-11-30,aaii_spread,18.0
1994-12-08,aaii_bears,35.0
1994-12-08,aaii_bulls,30.0
1994-12-08,aaii_neutral,35.0
1994-12-08,aaii_spread,-5.0
1994-12-15,aaii_bears,32.0
1994-12-15,aaii_bulls,33.0
1994-12-15,aaii_neutral,35.0
1994-12-15,aaii_spread,1.0
1994-12-22,aaii_bears,33.0
1994-12-22,aaii_bulls,42.0
1994-12-22,aaii_neutral,25.0
1994-12-22,aaii_spread,9.0
1994-12-29,aaii_bears,17.0
1994-12-29,aaii_bulls,40.0
1994-12-29,aaii_neutral,43.0
1994-12-29,aaii_spread,23.0
1995-01-05,aaii_bears,25.0
1995-01-05,aaii_bulls,44.0
1995-01-05,aaii_neutral,31.0
1995-01-05,aaii_spread,19.0
1995-01-12,aaii_bears,22.0
1995-01-12,aaii_bulls,36.0
1995-01-12,aaii_neutral,42.0
1995-01-12,aaii_spread,14.0
1995-01-19,aaii_bears,24.0
1995-01-19,aaii_bulls,37.0
1995-01-19,aaii_neutral,39.0
1995-01-19,aaii_spread,13.0
1995-01-26,aaii_bears,25.0
1995-01-26,aaii_bulls,38.0
1995-01-26,aaii_neutral,37.0
1995-01-26,aaii_spread,13.0
1995-02-02,aaii_bears,25.0
1995-02-02,aaii_bulls,38.0
1995-02-02,aaii_neutral,37.0
1995-02-02,aaii_spread,13.0
1995-02-09,aaii_bears,23.0
1995-02-09,aaii_bulls,34.0
1995-02-09,aaii_neutral,43.0
1995-02-09,aaii_spread,11.0
1995-02-16,aaii_bears,20.0
1995-02-16,aaii_bulls,43.0
1995-02-16,aaii_neutral,37.0
1995-02-16,aaii_spread,23.0
1995-02-23,aaii_bears,17.0
1995-02-23,aaii_bulls,46.0
1995-02-23,aaii_neutral,37.0
1995-02-23,aaii_spread,29.0
1995-03-02,aaii_bears,21.0
1995-03-02,aaii_bulls,53.0
1995-03-02,aaii_neutral,26.0
1995-03-02,aaii_spread,32.0
1995-03-09,aaii_bears,18.0
1995-03-09,aaii_bulls,48.0
1995-03-09,aaii_neutral,34.0
1995-03-09,aaii_spread,30.0
1995-03-16,aaii_bears,20.0
1995-03-16,aaii_bulls,39.0
1995-03-16,aaii_neutral,41.0
1995-03-16,aaii_spread,19.0
1995-03-23,aaii_bears,23.0
1995-03-23,aaii_bulls,47.0
1995-03-23,aaii_neutral,30.0
1995-03-23,aaii_spread,24.0
1995-03-30,aaii_bears,25.0
1995-03-30,aaii_bulls,52.0
1995-03-30,aaii_neutral,23.0
1995-03-30,aaii_spread,27.0
1995-04-06,aaii_bears,33.0
1995-04-06,aaii_bulls,42.0
1995-04-06,aaii_neutral,25.0
1995-04-06,aaii_spread,9.0
1995-04-13,aaii_bears,37.0
1995-04-13,aaii_bulls,40.0
1995-04-13,aaii_neutral,23.0
1995-04-13,aaii_spread,3.0
1995-04-20,aaii_bears,36.0
1995-04-20,aaii_bulls,37.0
1995-04-20,aaii_neutral,27.0
1995-04-20,aaii_spread,1.0
1995-04-27,aaii_bears,19.0
1995-04-27,aaii_bulls,52.0
1995-04-27,aaii_neutral,29.0
1995-04-27,aaii_spread,33.0
1995-05-04,aaii_bears,31.0
1995-05-04,aaii_bulls,42.0
1995-05-04,aaii_neutral,27.0
1995-05-04,aaii_spread,11.0
1995-05-11,aaii_bears,30.0
1995-05-11,aaii_bulls,44.0
1995-05-11,aaii_neutral,26.0
1995-05-11,aaii_spread,14.0
1995-05-18,aaii_bears,35.0
1995-05-18,aaii_bulls,42.0
1995-05-18,aaii_neutral,23.0
1995-05-18,aaii_spread,7.0
1995-05-25,aaii_bears,30.0
1995-05-25,aaii_bulls,44.0
1995-05-25,aaii_neutral,26.0
1995-05-25,aaii_spread,14.0
1995-06-01,aaii_bears,27.0
1995-06-01,aaii_bulls,39.0
1995-06-01,aaii_neutral,34.0
1995-06-01,aaii_spread,12.0
1995-06-08,aaii_bears,31.0
1995-06-08,aaii_bulls,44.0
1995-06-08,aaii_neutral,25.0
1995-06-08,aaii_spread,13.0
1995-06-15,aaii_bears,33.0
1995-06-15,aaii_bulls,36.0
1995-06-15,aaii_neutral,31.0
1995-06-15,aaii_spread,3.0
1995-06-22,aaii_bears,31.0
1995-06-22,aaii_bulls,48.0
1995-06-22,aaii_neutral,21.0
1995-06-22,aaii_spread,17.0
1995-06-29,aaii_bears,37.0
1995-06-29,aaii_bulls,35.0
1995-06-29,aaii_neutral,28.0
1995-06-29,aaii_spread,-2.0
1995-07-06,aaii_bears,31.0
1995-07-06,aaii_bulls,35.0
1995-07-06,aaii_neutral,34.0
1995-07-06,aaii_spread,4.0
1995-07-13,aaii_bears,38.0
1995-07-13,aaii_bulls,44.0
1995-07-13,aaii_neutral,18.0
1995-07-13,aaii_spread,6.0
1995-07-20,aaii_bears,27.0
1995-07-20,aaii_bulls,43.0
1995-07-20,aaii_neutral,30.0
1995-07-20,aaii_spread,16.0
1995-07-27,aaii_bears,33.0
1995-07-27,aaii_bulls,41.0
1995-07-27,aaii_neutral,26.0
1995-07-27,aaii_spread,8.0
1995-08-03,aaii_bears,28.0
1995-08-03,aaii_bulls,38.0
1995-08-03,aaii_neutral,34.0
1995-08-03,aaii_spread,10.0
1995-08-10,aaii_bears,30.0
1995-08-10,aaii_bulls,40.0
1995-08-10,aaii_neutral,30.0
1995-08-10,aaii_spread,10.0
1995-08-17,aaii_bears,21.0
1995-08-17,aaii_bulls,36.0
1995-08-17,aaii_neutral,43.0
1995-08-17,aaii_spread,15.0
1995-08-24,aaii_bears,37.0
1995-08-24,aaii_bulls,35.0
1995-08-24,aaii_neutral,28.0
1995-08-24,aaii_spread,-2.0
1995-08-31,aaii_bears,20.0
1995-08-31,aaii_bulls,38.0
1995-08-31,aaii_neutral,42.0
1995-08-31,aaii_spread,18.0
1995-09-07,aaii_bears,27.0
1995-09-07,aaii_bulls,37.0
1995-09-07,aaii_neutral,36.0
1995-09-07,aaii_spread,10.0
1995-09-14,aaii_bears,22.0
1995-09-14,aaii_bulls,46.0
1995-09-14,aaii_neutral,32.0
1995-09-14,aaii_spread,24.0
1995-09-21,aaii_bears,29.0
1995-09-21,aaii_bulls,46.0
1995-09-21,aaii_neutral,25.0
1995-09-21,aaii_spread,17.0
1995-09-28,aaii_bears,31.0
1995-09-28,aaii_bulls,42.0
1995-09-28,aaii_neutral,27.0
1995-09-28,aaii_spread,11.0
1995-10-05,aaii_bears,24.0
1995-10-05,aaii_bulls,39.0
1995-10-05,aaii_neutral,37.0
1995-10-05,aaii_spread,15.0
1995-10-12,aaii_bears,29.0
1995-10-12,aaii_bulls,41.0
1995-10-12,aaii_neutral,30.0
1995-10-12,aaii_spread,12.0
1995-10-19,aaii_bears,21.0
1995-10-19,aaii_bulls,47.0
1995-10-19,aaii_neutral,32.0
1995-10-19,aaii_spread,26.0
1995-10-26,aaii_bears,21.0
1995-10-26,aaii_bulls,46.0
1995-10-26,aaii_neutral,33.0
1995-10-26,aaii_spread,25.0
1995-11-02,aaii_bears,19.0
1995-11-02,aaii_bulls,47.0
1995-11-02,aaii_neutral,34.0
1995-11-02,aaii_spread,28.0
1995-11-09,aaii_bears,16.0
1995-11-09,aaii_bulls,49.0
1995-11-09,aaii_neutral,35.0
1995-11-09,aaii_spread,33.0
1995-11-16,aaii_bears,23.0
1995-11-16,aaii_bulls,46.0
1995-11-16,aaii_neutral,31.0
1995-11-16,aaii_spread,23.0
1995-11-22,aaii_bears,34.0
1995-11-22,aaii_bulls,48.0
1995-11-22,aaii_neutral,18.0
1995-11-22,aaii_spread,14.0
1995-11-30,aaii_bears,19.0
1995-11-30,aaii_bulls,51.0
1995-11-30,aaii_neutral,30.0
1995-11-30,aaii_spread,32.0
1995-12-07,aaii_bears,24.0
1995-12-07,aaii_bulls,48.0
1995-12-07,aaii_neutral,28.0
1995-12-07,aaii_spread,24.0
1995-12-14,aaii_bears,26.0
1995-12-14,aaii_bulls,51.0
1995-12-14,aaii_neutral,23.0
1995-12-14,aaii_spread,25.0
1995-12-21,aaii_bears,24.0
1995-12-21,aaii_bulls,48.0
1995-12-21,aaii_neutral,28.0
1995-12-21,aaii_spread,24.0
1995-12-28,aaii_bears,20.0
1995-12-28,aaii_bulls,46.0
1995-12-28,aaii_neutral,34.0
1995-12-28,aaii_spread,26.0
1996-01-04,aaii_bears,27.0
1996-01-04,aaii_bulls,55.0
1996-01-04,aaii_neutral,18.0
1996-01-04,aaii_spread,28.0
1996-01-11,aaii_bears,4200
1996-01-11,aaii_bulls,4200
1996-01-11,aaii_neutral,4200
1996-01-18,aaii_bears,29.0
1996-01-18,aaii_bulls,42.0
1996-01-18,aaii_neutral,29.0
1996-01-18,aaii_spread,13.0
1996-01-25,aaii_bears,24.0
1996-01-25,aaii_bulls,36.0
1996-01-25,aaii_neutral,40.0
1996-01-25,aaii_spread,12.0
1996-02-01,aaii_bears,15.0
1996-02-01,aaii_bulls,54.0
1996-02-01,aaii_neutral,31.0
1996-02-01,aaii_spread,39.0
1996-02-08,aaii_bears,16.0
1996-02-08,aaii_bulls,53.0
1996-02-08,aaii_neutral,31.0
1996-02-08,aaii_spread,37.0
1996-02-15,aaii_bears,25.0
1996-02-15,aaii_bulls,54.0
1996-02-15,aaii_neutral,21.0
1996-02-15,aaii_spread,29.0
1996-02-22,aaii_bears,29.0
1996-02-22,aaii_bulls,49.0
1996-02-22,aaii_neutral,22.0
1996-02-22,aaii_spread,20.0
1996-02-29,aaii_bears,27.0
1996-02-29,aaii_bulls,45.0
1996-02-29,aaii_neutral,28.0
1996-02-29,aaii_spread,18.0
1996-03-07,aaii_bears,28.0
1996-03-07,aaii_bulls,44.0
1996-03-07,aaii_neutral,28.0
1996-03-07,aaii_spread,16.0
1996-03-14,aaii_bears,29.0
1996-03-14,aaii_bulls,36.0
1996-03-14,aaii_neutral,35.0
1996-03-14,aaii_spread,7.0
1996-03-21,aaii_bears,22.0
1996-03-21,aaii_bulls,47.0
1996-03-21,aaii_neutral,31.0
1996-03-21,aaii_spread,25.0
1996-03-28,aaii_bears,24.0
1996-03-28,aaii_bulls,45.0
1996-03-28,aaii_neutral,31.0
1996-03-28,aaii_spread,21.0
1996-04-04,aaii_bears,17.0
1996-04-04,aaii_bulls,40.0
1996-04-04,aaii_neutral,43.0
1996-04-04,aaii_spread,23.0
1996-04-11,aaii_bears,18.0
1996-04-11,aaii_bulls,40.0
1996-04-11,aaii_neutral,42.0
1996-04-11,aaii_spread,22.0
1996-04-18,aaii_bears,26.0
1996-04-18,aaii_bulls,36.0
1996-04-18,aaii_neutral,38.0
1996-04-18,aaii_spread,10.0
1996-04-25,aaii_bears,32.0
1996-04-25,aaii_bulls,28.0
1996-04-25,aaii_neutral,40.0
1996-04-25,aaii_spread,-4.0
1996-05-02,aaii_bears,21.0
1996-05-02,aaii_bulls,48.0
1996-05-02,aaii_neutral,31.0
1996-05-02,aaii_spread,27.0
1996-05-09,aaii_bears,16.0
1996-05-09,aaii_bulls,46.0
1996-05-09,aaii_neutral,38.0
1996-05-09,aaii_spread,30.0
1996-05-16,aaii_bears,23.0
1996-05-16,aaii_bulls,37.0
1996-05-16,aaii_neutral,40.0
1996-05-16,aaii_spread,14.0
1996-05-23,aaii_bears,14.0
1996-05-23,aaii_bulls,51.0
1996-05-23,aaii_neutral,35.0
1996-05-23,aaii_spread,37.0
1996-05-30,aaii_bears,10.0
1996-05-30,aaii_bulls,61.0
1996-05-30,aaii_neutral,29.0
1996-05-30,aaii_spread,51.0
1996-06-06,aaii_bears,25.0
1996-06-06,aaii_bulls,47.0
1996-06-06,aaii_neutral,28.0
1996-06-06,aaii_spread,22.0
1996-06-13,aaii_bears,23.0
1996-06-13,aaii_bulls,49.0
1996-06-13,aaii_neutral,28.0
1996-06-13,aaii_spread,26.0
1996-06-20,aaii_bears,26.0
1996-06-20,aaii_bulls,42.0
1996-06-20,aaii_neutral,32.0
1996-06-20,aaii_spread,16.0
1996-06-27,aaii_bears,17.0
1996-06-27,aaii_bulls,42.0
1996-06-27,aaii_neutral,41.0
1996-06-27,aaii_spread,25.0
1996-07-03,aaii_bears,24.0
1996-07-03,aaii_bulls,32.0
1996-07-03,aaii_neutral,44.0
1996-07-03,aaii_spread,8.0
1996-07-11,aaii_bears,25.0
1996-07-11,aaii_bulls,40.0
1996-07-11,aaii_neutral,35.0
1996-07-11,aaii_spread,15.0
1996-07-18,aaii_bears,26.0
1996-07-18,aaii_bulls,29.0
1996-07-18,aaii_neutral,45.0
1996-07-18,aaii_spread,3.0
1996-07-25,aaii_bears,38.0
1996-07-25,aaii_bulls,30.0
1996-07-25,aaii_neutral,32.0
1996-07-25,aaii_spread,-8.0
1996-08-01,aaii_bears,33.0
1996-08-01,aaii_bulls,29.0
1996-08-01,aaii_neutral,38.0
1996-08-01,aaii_spread,-4.0
1996-08-08,aaii_bears,31.0
1996-08-08,aaii_bulls,27.0
1996-08-08,aaii_neutral,42.0
1996-08-08,aaii_spread,-4.0
1996-08-15,aaii_bears,20.0
1996-08-15,aaii_bulls,43.0
1996-08-15,aaii_neutral,37.0
1996-08-15,aaii_spread,23.0
1996-08-22,aaii_bears,26.0
1996-08-22,aaii_bulls,28.0
1996-08-22,aaii_neutral,46.0
1996-08-22,aaii_spread,2.0
1996-08-29,aaii_bears,29.0
1996-08-29,aaii_bulls,28.0
1996-08-29,aaii_neutral,43.0
1996-08-29,aaii_spread,-1.0
1996-09-05,aaii_bears,36.0
1996-09-05,aaii_bulls,29.0
1996-09-05,aaii_neutral,35.0
1996-09-05,aaii_spread,-7.0
1996-09-12,aaii_bears,28.0
1996-09-12,aaii_bulls,26.0
1996-09-12,aaii_neutral,46.0
1996-09-12,aaii_spread,-2.0
1996-09-19,aaii_bears,31.0
1996-09-19,aaii_bulls,28.0
1996-09-19,aaii_neutral,41.0
1996-09-19,aaii_spread,-3.0
1996-09-26,aaii_bears,27.0
1996-09-26,aaii_bulls,34.0
1996-09-26,aaii_neutral,39.0
1996-09-26,aaii_spread,7.0
1996-10-03,aaii_bears,29.0
1996-10-03,aaii_bulls,40.0
1996-10-03,aaii_neutral,31.0
1996-10-03,aaii_spread,11.0
1996-10-10,aaii_bears,26.0
1996-10-10,aaii_bulls,38.0
1996-10-10,aaii_neutral,36.0
1996-10-10,aaii_spread,12.0
1996-10-17,aaii_bears,25.0
1996-10-17,aaii_bulls,39.0
1996-10-17,aaii_neutral,36.0
1996-10-17,aaii_spread,14.0
1996-10-24,aaii_bears,25.0
1996-10-24,aaii_bulls,42.0
1996-10-24,aaii_neutral,33.0
1996-10-24,aaii_spread,17.0
1996-10-31,aaii_bears,34.0
1996-10-31,aaii_bulls,37.0
1996-10-31,aaii_neutral,29.0
1996-10-31,aaii_spread,3.0
1996-11-07,aaii_bears,29.0
1996-11-07,aaii_bulls,26.0
1996-11-07,aaii_neutral,45.0
1996-11-07,aaii_spread,-3.0
1996-11-14,aaii_bears,29.0
1996-11-14,aaii_bulls,37.0
1996-11-14,aaii_neutral,34.0
1996-11-14,aaii_spread,8.0
1996-11-21,aaii_bears,27.0
1996-11-21,aaii_bulls,43.0
1996-11-21,aaii_neutral,30.0
1996-11-21,aaii_spread,16.0
1996-11-27,aaii_bears,21.0
1996-11-27,aaii_bulls,52.0
1996-11-27,aaii_neutral,27.0
1996-11-27,aaii_spread,31.0
1996-12-05,aaii_bears,33.0
1996-12-05,aaii_bulls,41.0
1996-12-05,aaii_neutral,26.0
1996-12-05,aaii_spread,8.0
1996-12-12,aaii_bears,32.0
1996-12-12,aaii_bulls,40.0
1996-12-12,aaii_neutral,28.0
1996-12-12,aaii_spread,8.0
1996-12-19,aaii_bears,39.0
1996-12-19,aaii_bulls,33.0
1996-12-19,aaii_neutral,28.0
1996-12-19,aaii_spread,-6.0
1996-12-26,aaii_bears,30.0
1996-12-26,aaii_bulls,37.0
1996-12-26,aaii_neutral,33.0
1996-12-26,aaii_spread,7.0
1997-01-02,aaii_bears,24.0
1997-01-02,aaii_bulls,43.0
1997-01-02,aaii_neutral,33.0
1997-01-02,aaii_spread,19.0
1997-01-09,aaii_bears,25.0
1997-01-09,aaii_bulls,36.0
1997-01-09,aaii_neutral,39.0
1997-01-09,aaii_spread,11.0
1997-01-16,aaii_bears,26.0
1997-01-16,aaii_bulls,42.0
1997-01-16,aaii_neutral,32.0
1997-01-16,aaii_spread,16.0
1997-01-23,aaii_bears,22.0
1997-01-23,aaii_bulls,37.0
1997-01-23,aaii_neutral,41.0
1997-01-23,aaii_spread,15.0
1997-01-30,aaii_bears,16.0
1997-01-30,aaii_bulls,51.0
1997-01-30,aaii_neutral,33.0
1997-01-30,aaii_spread,35.0
1997-02-06,aaii_bears,24.0
1997-02-06,aaii_bulls,47.0
1997-02-06,aaii_neutral,29.0
1997-02-06,aaii_spread,23.0
1997-02-13,aaii_bears,18.0
1997-02-13,aaii_bulls,45.0
1997-02-13,aaii_neutral,37.0
1997-02-13,aaii_spread,27.0
1997-02-20,aaii_bears,20.0
1997-02-20,aaii_bulls,44.0
1997-02-20,aaii_neutral,36.0
1997-02-20,aaii_spread,24.0
1997-02-27,aaii_bears,15.0
1997-02-27,aaii_bulls,63.0
1997-02-27,aaii_neutral,22.0
1997-02-27,aaii_spread,48.0
1997-03-06,aaii_bears,20.0
1997-03-06,aaii_bulls,43.0
1997-03-06,aaii_neutral,37.0
1997-03-06,aaii_spread,23.0
1997-03-13,aaii_bears,30.0
1997-03-13,aaii_bulls,34.0
1997-03-13,aaii_neutral,36.0
1997-03-13,aaii_spread,4.0
1997-03-20,aaii_bears,22.0
1997-03-20,aaii_bulls,36.0
1997-03-20,aaii_neutral,42.0
1997-03-20,aaii_spread,14.0
1997-03-27,aaii_bears,33.0
1997-03-27,aaii_bulls,27.0
1997-03-27,aaii_neutral,40.0
1997-03-27,aaii_spread,-6.0
1997-04-03,aaii_bears,31.0
1997-04-03,aaii_bulls,29.0
1997-04-03,aaii_neutral,40.0
1997-04-03,aaii_spread,-2.0
1997-04-10,aaii_bears,37.0
1997-04-10,aaii_bulls,26.0
1997-04-10,aaii_neutral,37.0
1997-04-10,aaii_spread,-11.0
1997-04-17,aaii_bears,28.0
1997-04-17,aaii_bulls,31.0
1997-04-17,aaii_neutral,41.0
1997-04-17,aaii_spread,3.0
1997-04-24,aaii_bears,32.0
1997-04-24,aaii_bulls,28.0
1997-04-24,aaii_neutral,40.0
1997-04-24,aaii_spread,-4.0
1997-05-01,aaii_bears,29.0
1997-05-01,aaii_bulls,27.0
1997-05-01,aaii_neutral,44.0
1997-05-01,aaii_spread,-2.0
1997-05-08,aaii_bears,26.0
1997-05-08,aaii_bulls,30.0
1997-05-08,aaii_neutral,44.0
1997-05-08,aaii_spread,4.0
1997-05-15,aaii_bears,23.0
1997-05-15,aaii_bulls,41.0
1997-05-15,aaii_neutral,36.0
1997-05-15,aaii_spread,18.0
1997-05-22,aaii_bears,25.0
1997-05-22,aaii_bulls,40.0
1997-05-22,aaii_neutral,35.0
1997-05-22,aaii_spread,15.0
1997-05-29,aaii_bears,20.0
1997-05-29,aaii_bulls,40.0
1997-05-29,aaii_neutral,40.0
1997-05-29,aaii_spread,20.0
1997-06-05,aaii_bears,15.0
1997-06-05,aaii_bulls,52.0
1997-06-05,aaii_neutral,33.0
1997-06-05,aaii_spread,37.0
1997-06-12,aaii_bears,16.0
1997-06-12,aaii_bulls,49.0
1997-06-12,aaii_neutral,35.0
1997-06-12,aaii_spread,33.0
1997-06-19,aaii_bears,15.0
1997-06-19,aaii_bulls,59.0
1997-06-19,aaii_neutral,26.0
1997-06-19,aaii_spread,44.0
1997-06-26,aaii_bears,23.0
1997-06-26,aaii_bulls,52.0
1997-06-26,aaii_neutral,25.0
1997-06-26,aaii_spread,29.0
1997-07-03,aaii_bears,25.0
1997-07-03,aaii_bulls,45.0
1997-07-03,aaii_neutral,30.0
1997-07-03,aaii_spread,20.0
1997-07-10,aaii_bears,18.0
1997-07-10,aaii_bulls,49.0
1997-07-10,aaii_neutral,33.0
1997-07-10,aaii_spread,31.0
1997-07-17,aaii_bears,16.0
1997-07-17,aaii_bulls,54.0
1997-07-17,aaii_neutral,30.0
1997-07-17,aaii_spread,38.0
1997-07-24,aaii_bears,22.0
1997-07-24,aaii_bulls,53.0
1997-07-24,aaii_neutral,25.0
1997-07-24,aaii_spread,31.0
1997-07-31,aaii_bears,26.0
1997-07-31,aaii_bulls,48.0
1997-07-31,aaii_neutral,26.0
1997-07-31,aaii_spread,22.0
1997-08-07,aaii_bears,23.0
1997-08-07,aaii_bulls,49.0
1997-08-07,aaii_neutral,28.0
1997-08-07,aaii_spread,26.0
1997-08-14,aaii_bears,21.0
1997-08-14,aaii_bulls,49.0
1997-08-14,aaii_neutral,30.0
1997-08-14,aaii_spread,28.0
1997-08-21,aaii_bears,20.0
1997-08-21,aaii_bulls,47.0
1997-08-21,aaii_neutral,33.0
1997-08-21,aaii_spread,27.0
1997-08-28,aaii_bears,22.0
1997-08-28,aaii_bulls,50.0
1997-08-28,aaii_neutral,28.0
1997-08-28,aaii_spread,28.0
1997-09-04,aaii_bears,25.0
1997-09-04,aaii_bulls,37.0
1997-09-04,aaii_neutral,38.0
1997-09-04,aaii_spread,12.0
1997-09-11,aaii_bears,22.0
1997-09-11,aaii_bulls,42.0
1997-09-11,aaii_neutral,36.0
1997-09-11,aaii_spread,20.0
1997-09-18,aaii_bears,16.0
1997-09-18,aaii_bulls,40.0
1997-09-18,aaii_neutral,44.0
1997-09-18,aaii_spread,24.0
1997-09-25,aaii_bears,19.0
1997-09-25,aaii_bulls,39.0
1997-09-25,aaii_neutral,42.0
1997-09-25,aaii_spread,20.0
1997-10-02,aaii_bears,19.0
1997-10-02,aaii_bulls,38.0
1997-10-02,aaii_neutral,43.0
1997-10-02,aaii_spread,19.0
1997-10-09,aaii_bears,14.0
1997-10-09,aaii_bulls,43.0
1997-10-09,aaii_neutral,43.0
1997-10-09,aaii_spread,29.0
1997-10-16,aaii_bears,21.0
1997-10-16,aaii_bulls,43.0
1997-10-16,aaii_neutral,36.0
1997-10-16,aaii_spread,22.0
1997-10-23,aaii_bears,14.0
1997-10-23,aaii_bulls,40.0
1997-10-23,aaii_neutral,46.0
1997-10-23,aaii_spread,26.0
1997-10-30,aaii_bears,23.0
1997-10-30,aaii_bulls,41.0
1997-10-30,aaii_neutral,36.0
1997-10-30,aaii_spread,18.0
1997-11-06,aaii_bears,25.0
1997-11-06,aaii_bulls,38.0
1997-11-06,aaii_neutral,37.0
1997-11-06,aaii_spread,13.0
1997-11-13,aaii_bears,17.0
1997-11-13,aaii_bulls,45.0
1997-11-13,aaii_neutral,38.0
1997-11-13,aaii_spread,28.0
1997-11-20,aaii_bears,22.0
1997-11-20,aaii_bulls,40.0
1997-11-20,aaii_neutral,38.0
1997-11-20,aaii_spread,18.0
1997-11-26,aaii_bears,20.0
1997-11-26,aaii_bulls,40.0
1997-11-26,aaii_neutral,40.0
1997-11-26,aaii_spread,20.0
1997-12-04,aaii_bears,18.0
1997-12-04,aaii_bulls,49.0
1997-12-04,aaii_neutral,33.0
1997-12-04,aaii_spread,31.0
1997-12-11,aaii_bears,17.0
1997-12-11,aaii_bulls,46.0
1997-12-11,aaii_neutral,37.0
1997-12-11,aaii_spread,29.0
1997-12-18,aaii_bears,19.0
1997-12-18,aaii_bulls,40.0
1997-12-18,aaii_neutral,41.0
1997-12-18,aaii_spread,21.0
1997-12-24,aaii_bears,23.0
1997-12-24,aaii_bulls,41.0
1997-12-24,aaii_neutral,36.0
1997-12-24,aaii_spread,18.0
1997-12-31,aaii_bears,31.0
1997-12-31,aaii_bulls,34.0
1997-12-31,aaii_neutral,35.0
1997-12-31,aaii_spread,3.0
1998-01-08,aaii_bears,18.0
1998-01-08,aaii_bulls,42.0
1998-01-08,aaii_neutral,40.0
1998-01-08,aaii_spread,24.0
1998-01-16,aaii_bears,17.0
1998-01-16,aaii_bulls,38.0
1998-01-16,aaii_neutral,45.0
1998-01-16,aaii_spread,21.0
1998-01-23,aaii_bears,30.0
1998-01-23,aaii_bulls,31.0
1998-01-23,aaii_neutral,39.0
1998-01-23,aaii_spread,1.0
1998-01-30,aaii_bears,20.0
1998-01-30,aaii_bulls,38.0
1998-01-30,aaii_neutral,42.0
1998-01-30,aaii_spread,18.0
1998-02-05,aaii_bears,25.0
1998-02-05,aaii_bulls,30.0
1998-02-05,aaii_neutral,45.0
1998-02-05,aaii_spread,5.0
1998-02-12,aaii_bears,19.0
1998-02-12,aaii_bulls,45.0
1998-02-12,aaii_neutral,36.0
1998-02-12,aaii_spread,26.0
1998-02-19,aaii_bears,15.0
1998-02-19,aaii_bulls,42.0
1998-02-19,aaii_neutral,43.0
1998-02-19,aaii_spread,27.0
1998-02-26,aaii_bears,14.0
1998-02-26,aaii_bulls,53.0
1998-02-26,aaii_neutral,33.0
1998-02-26,aaii_spread,39.0
1998-03-05,aaii_bears,13.0
1998-03-05,aaii_bulls,53.0
1998-03-05,aaii_neutral,34.0
1998-03-05,aaii_spread,40.0
1998-03-12,aaii_bears,20.0
1998-03-12,aaii_bulls,44.0
1998-03-12,aaii_neutral,36.0
1998-03-12,aaii_spread,24.0
1998-03-19,aaii_bears,22.0
1998-03-19,aaii_bulls,40.0
1998-03-19,aaii_neutral,38.0
1998-03-19,aaii_spread,18.0
1998-03-26,aaii_bears,20.0
1998-03-26,aaii_bulls,45.0
1998-03-26,aaii_neutral,35.0
1998-03-26,aaii_spread,25.0
1998-04-02,aaii_bears,22.0
1998-04-02,aaii_bulls,46.0
1998-04-02,aaii_neutral,32.0
1998-04-02,aaii_spread,24.0
1998-04-09,aaii_bears,23.0
1998-04-09,aaii_bulls,41.0
1998-04-09,aaii_neutral,36.0
1998-04-09,aaii_spread,18.0
1998-04-16,aaii_bears,15.0
1998-04-16,aaii_bulls,53.0
1998-04-16,aaii_neutral,32.0
1998-04-16,aaii_spread,38.0
1998-04-23,aaii_bears,22.0
1998-04-23,aaii_bulls,40.0
1998-04-23,aaii_neutral,38.0
1998-04-23,aaii_spread,18.0
1998-04-30,aaii_bears,25.0
1998-04-30,aaii_bulls,44.0
1998-04-30,aaii_neutral,31.0
1998-04-30,aaii_spread,19.0
1998-05-07,aaii_bears,23.0
1998-05-07,aaii_bulls,43.0
1998-05-07,aaii_neutral,34.0
1998-05-07,aaii_spread,20.0
1998-05-14,aaii_bears,26.0
1998-05-14,aaii_bulls,33.0
1998-05-14,aaii_neutral,41.0
1998-05-14,aaii_spread,7.0
1998-05-21,aaii_bears,23.0
1998-05-21,aaii_bulls,38.0
1998-05-21,aaii_neutral,39.0
1998-05-21,aaii_spread,15.0
1998-05-28,aaii_bears,26.0
1998-05-28,aaii_bulls,34.0
1998-05-28,aaii_neutral,40.0
1998-05-28,aaii_spread,8.0
1998-06-04,aaii_bears,31.0
1998-06-04,aaii_bulls,25.0
1998-06-04,aaii_neutral,44.0
1998-06-04,aaii_spread,-6.0
1998-06-11,aaii_bears,24.0
1998-06-11,aaii_bulls,27.0
1998-06-11,aaii_neutral,49.0
1998-06-11,aaii_spread,3.0
1998-06-18,aaii_bears,33.0
1998-06-18,aaii_bulls,29.0
1998-06-18,aaii_neutral,38.0
1998-06-18,aaii_spread,-4.0
1998-06-25,aaii_bears,28.0
1998-06-25,aaii_bulls,28.0
1998-06-25,aaii_neutral,44.0
1998-06-25,aaii_spread,0.0
1998-07-02,aaii_bears,19.0
1998-07-02,aaii_bulls,33.0
1998-07-02,aaii_neutral,48.0
1998-07-02,aaii_spread,14.0
1998-07-09,aaii_bears,20.0
1998-07-09,aaii_bulls,36.0
1998-07-09,aaii_neutral,44.0
1998-07-09,aaii_spread,16.0
1998-07-16,aaii_bears,21.0
1998-07-16,aaii_bulls,35.0
1998-07-16,aaii_neutral,44.0
1998-07-16,aaii_spread,14.0
1998-07-23,aaii_bears,24.0
1998-07-23,aaii_bulls,37.0
1998-07-23,aaii_neutral,39.0
1998-07-23,aaii_spread,13.0
1998-07-30,aaii_bears,20.0
1998-07-30,aaii_bulls,44.0
1998-07-30,aaii_neutral,36.0
1998-07-30,aaii_spread,24.0
1998-08-06,aaii_bears,26.0
1998-08-06,aaii_bulls,30.0
1998-08-06,aaii_neutral,44.0
1998-08-06,aaii_spread,4.0
1998-08-13,aaii_bears,35.0
1998-08-13,aaii_bulls,27.0
1998-08-13,aaii_neutral,38.0
1998-08-13,aaii_spread,-8.0
1998-08-20,aaii_bears,33.0
1998-08-20,aaii_bulls,25.0
1998-08-20,aaii_neutral,42.0
1998-08-20,aaii_spread,-8.0
1998-08-27,aaii_bears,45.0
1998-08-27,aaii_bulls,23.0
1998-08-27,aaii_neutral,32.0
1998-08-27,aaii_spread,-22.0
1998-09-03,aaii_bears,40.0
1998-09-03,aaii_bulls,23.0
1998-09-03,aaii_neutral,37.0
1998-09-03,aaii_spread,-17.0
1998-09-10,aaii_bears,40.0
1998-09-10,aaii_bulls,29.0
1998-09-10,aaii_neutral,31.0
1998-09-10,aaii_spread,-11.0
1998-09-17,aaii_bears,31.0
1998-09-17,aaii_bulls,34.0
1998-09-17,aaii_neutral,35.0
1998-09-17,aaii_spread,3.0
1998-09-24,aaii_bears,28.0
1998-09-24,aaii_bulls,34.0
1998-09-24,aaii_neutral,38.0
1998-09-24,aaii_spread,6.0
1998-10-01,aaii_bears,33.0
1998-10-01,aaii_bulls,32.0
1998-10-01,aaii_neutral,35.0
1998-10-01,aaii_spread,-1.0
1998-10-08,aaii_bears,32.0
1998-10-08,aaii_bulls,25.0
1998-10-08,aaii_neutral,43.0
1998-10-08,aaii_spread,-7.0
1998-10-15,aaii_bears,41.0
1998-10-15,aaii_bulls,25.0
1998-10-15,aaii_neutral,34.0
1998-10-15,aaii_spread,-16.0
1998-10-22,aaii_bears,33.0
1998-10-22,aaii_bulls,32.0
1998-10-22,aaii_neutral,35.0
1998-10-22,aaii_spread,-1.0
1998-10-29,aaii_bears,21.0
1998-10-29,aaii_bulls,43.0
1998-10-29,aaii_neutral,36.0
1998-10-29,aaii_spread,22.0
1998-11-05,aaii_bears,20.0
1998-11-05,aaii_bulls,38.0
1998-11-05,aaii_neutral,42.0
1998-11-05,aaii_spread,18.0
1998-11-12,aaii_bears,14.0
1998-11-12,aaii_bulls,50.0
1998-11-12,aaii_neutral,36.0
1998-11-12,aaii_spread,36.0
1998-11-19,aaii_bears,18.0
1998-11-19,aaii_bulls,40.0
1998-11-19,aaii_neutral,42.0
1998-11-19,aaii_spread,22.0
1998-11-25,aaii_bears,17.0
1998-11-25,aaii_bulls,48.0
1998-11-25,aaii_neutral,35.0
1998-11-25,aaii_spread,31.0
1998-12-03,aaii_bears,21.0
1998-12-03,aaii_bulls,49.0
1998-12-03,aaii_neutral,30.0
1998-12-03,aaii_spread,28.0
1998-12-10,aaii_bears,26.0
1998-12-10,aaii_bulls,44.0
1998-12-10,aaii_neutral,30.0
1998-12-10,aaii_spread,18.0
1998-12-17,aaii_bears,25.0
1998-12-17,aaii_bulls,41.0
1998-12-17,aaii_neutral,34.0
1998-12-17,aaii_spread,16.0
1998-12-23,aaii_bears,32.0
1998-12-23,aaii_bulls,34.0
1998-12-23,aaii_neutral,34.0
1998-12-23,aaii_spread,2.0
1998-12-31,aaii_bears,22.0
1998-12-31,aaii_bulls,41.0
1998-12-31,aaii_neutral,37.0
1998-12-31,aaii_spread,19.0
1999-01-07,aaii_bears,23.0
1999-01-07,aaii_bulls,38.0
1999-01-07,aaii_neutral,39.0
1999-01-07,aaii_spread,15.0
1999-01-14,aaii_bears,21.0
1999-01-14,aaii_bulls,51.0
1999-01-14,aaii_neutral,28.0
1999-01-14,aaii_spread,30.0
1999-01-21,aaii_bears,20.0
1999-01-21,aaii_bulls,56.0
1999-01-21,aaii_neutral,24.0
1999-01-21,aaii_spread,36.0
1999-01-28,aaii_bears,20.0
1999-01-28,aaii_bulls,47.0
1999-01-28,aaii_neutral,33.0
1999-01-28,aaii_spread,27.0
1999-02-04,aaii_bears,14.0
1999-02-04,aaii_bulls,48.0
1999-02-04,aaii_neutral,38.0
1999-02-04,aaii_spread,34.0
1999-02-11,aaii_bears,17.0
1999-02-11,aaii_bulls,48.0
1999-02-11,aaii_neutral,35.0
1999-02-11,aaii_spread,31.0
1999-02-18,aaii_bears,24.0
1999-02-18,aaii_bulls,37.0
1999-02-18,aaii_neutral,39.0
1999-02-18,aaii_spread,13.0
1999-02-25,aaii_bears,24.0
1999-02-25,aaii_bulls,37.0
1999-02-25,aaii_neutral,39.0
1999-02-25,aaii_spread,13.0
1999-03-04,aaii_bears,19.0
1999-03-04,aaii_bulls,36.0
1999-03-04,aaii_neutral,45.0
1999-03-04,aaii_spread,17.0
1999-03-11,aaii_bears,21.0
1999-03-11,aaii_bulls,37.0
1999-03-11,aaii_neutral,42.0
1999-03-11,aaii_spread,16.0
1999-03-18,aaii_bears,21.0
1999-03-18,aaii_bulls,48.0
1999-03-18,aaii_neutral,31.0
1999-03-18,aaii_spread,27.0
1999-03-25,aaii_bears,29.0
1999-03-25,aaii_bulls,38.0
1999-03-25,aaii_neutral,33.0
1999-03-25,aaii_spread,9.0
1999-04-01,aaii_bears,25.0
1999-04-01,aaii_bulls,40.0
1999-04-01,aaii_neutral,35.0
1999-04-01,aaii_spread,15.0
1999-04-08,aaii_bears,26.0
1999-04-08,aaii_bulls,36.0
1999-04-08,aaii_neutral,38.0
1999-04-08,aaii_spread,10.0
1999-04-15,aaii_bears,28.0
1999-04-15,aaii_bulls,41.0
1999-04-15,aaii_neutral,31.0
1999-04-15,aaii_spread,13.0
1999-04-22,aaii_bears,30.0
1999-04-22,aaii_bulls,38.0
1999-04-22,aaii_neutral,32.0
1999-04-22,aaii_spread,8.0
1999-04-29,aaii_bears,27.0
1999-04-29,aaii_bulls,41.0
1999-04-29,aaii_neutral,32.0
1999-04-29,aaii_spread,14.0
1999-05-06,aaii_bears,14.0
1999-05-06,aaii_bulls,54.0
1999-05-06,aaii_neutral,32.0
1999-05-06,aaii_spread,40.0
1999-05-13,aaii_bears,26.0
1999-05-13,aaii_bulls,43.0
1999-05-13,aaii_neutral,31.0
1999-05-13,aaii_spread,17.0
1999-05-20,aaii_bears,26.0
1999-05-20,aaii_bulls,43.0
1999-05-20,aaii_neutral,31.0
1999-05-20,aaii_spread,17.0
1999-05-27,aaii_bears,20.0
1999-05-27,aaii_bulls,38.0
1999-05-27,aaii_neutral,42.0
1999-05-27,aaii_spread,18.0
1999-06-03,aaii_bears,32.0
1999-06-03,aaii_bulls,32.0
1999-06-03,aaii_neutral,36.0
1999-06-03,aaii_spread,0.0
1999-06-10,aaii_bears,28.0
1999-06-10,aaii_bulls,32.0
1999-06-10,aaii_neutral,40.0
1999-06-10,aaii_spread,4.0
1999-06-17,aaii_bears,27.0
1999-06-17,aaii_bulls,38.0
1999-06-17,aaii_neutral,35.0
1999-06-17,aaii_spread,11.0
1999-06-24,aaii_bears,31.0
1999-06-24,aaii_bulls,30.0
1999-06-24,aaii_neutral,39.0
1999-06-24,aaii_spread,-1.0
1999-07-01,aaii_bears,27.0
1999-07-01,aaii_bulls,35.0
1999-07-01,aaii_neutral,38.0
1999-07-01,aaii_spread,8.0
1999-07-08,aaii_bears,21.0
1999-07-08,aaii_bulls,43.0
1999-07-08,aaii_neutral,36.0
1999-07-08,aaii_spread,22.0
1999-07-15,aaii_bears,18.0
1999-07-15,aaii_bulls,54.0
1999-07-15,aaii_neutral,28.0
1999-07-15,aaii_spread,36.0
1999-07-22,aaii_bears,22.0
1999-07-22,aaii_bulls,55.0
1999-07-22,aaii_neutral,23.0
1999-07-22,aaii_spread,33.0
1999-07-29,aaii_bears,20.0
1999-07-29,aaii_bulls,42.0
1999-07-29,aaii_neutral,38.0
1999-07-29,aaii_spread,22.0
1999-08-05,aaii_bears,24.0
1999-08-05,aaii_bulls,30.0
1999-08-05,aaii_neutral,46.0
1999-08-05,aaii_spread,6.0
1999-08-12,aaii_bears,30.0
1999-08-12,aaii_bulls,30.0
1999-08-12,aaii_neutral,40.0
1999-08-12,aaii_spread,0.0
1999-08-19,aaii_bears,23.0
1999-08-19,aaii_bulls,31.0
1999-08-19,aaii_neutral,46.0
1999-08-19,aaii_spread,8.0
1999-08-26,aaii_bears,25.0
1999-08-26,aaii_bulls,35.0
1999-08-26,aaii_neutral,40.0
1999-08-26,aaii_spread,10.0
1999-09-02,aaii_bears,18.0
1999-09-02,aaii_bulls,44.0
1999-09-02,aaii_neutral,38.0
1999-09-02,aaii_spread,26.0
1999-09-09,aaii_bears,25.0
1999-09-09,aaii_bulls,37.0
1999-09-09,aaii_neutral,38.0
1999-09-09,aaii_spread,12.0
1999-09-16,aaii_bears,21.0
1999-09-16,aaii_bulls,36.0
1999-09-16,aaii_neutral,43.0
1999-09-16,aaii_spread,15.0
1999-09-23,aaii_bears,28.0
1999-09-23,aaii_bulls,36.0
1999-09-23,aaii_neutral,36.0
1999-09-23,aaii_spread,8.0
1999-09-30,aaii_bears,23.0
1999-09-30,aaii_bulls,35.0
1999-09-30,aaii_neutral,42.0
1999-09-30,aaii_spread,12.0
1999-10-07,aaii_bears,28.0
1999-10-07,aaii_bulls,34.0
1999-10-07,aaii_neutral,38.0
1999-10-07,aaii_spread,6.0
1999-10-14,aaii_bears,19.0
1999-10-14,aaii_bulls,42.0
1999-10-14,aaii_neutral,39.0
1999-10-14,aaii_spread,23.0
1999-10-21,aaii_bears,25.0
1999-10-21,aaii_bulls,38.0
1999-10-21,aaii_neutral,37.0
1999-10-21,aaii_spread,13.0
1999-10-28,aaii_bears,24.0
1999-10-28,aaii_bulls,38.0
1999-10-28,aaii_neutral,38.0
1999-10-28,aaii_spread,14.0
1999-11-04,aaii_bears,22.0
1999-11-04,aaii_bulls,43.0
1999-11-04,aaii_neutral,35.0
1999-11-04,aaii_spread,21.0
1999-11-11,aaii_bears,26.0
1999-11-11,aaii_bulls,48.0
1999-11-11,aaii_neutral,26.0
1999-11-11,aaii_spread,22.0
1999-11-18,aaii_bears,22.0
1999-11-18,aaii_bulls,46.0
1999-11-18,aaii_neutral,32.0
1999-11-18,aaii_spread,24.0
1999-11-24,aaii_bears,17.0
1999-11-24,aaii_bulls,55.0
1999-11-24,aaii_neutral,28.0
1999-11-24,aaii_spread,38.0
1999-12-02,aaii_bears,13.0
1999-12-02,aaii_bulls,62.0
1999-12-02,aaii_neutral,25.0
1999-12-02,aaii_spread,49.0
1999-12-09,aaii_bears,11.0
1999-12-09,aaii_bulls,62.0
1999-12-09,aaii_neutral,27.0
1999-12-09,aaii_spread,51.0
1999-12-16,aaii_bears,20.0
1999-12-16,aaii_bulls,54.0
1999-12-16,aaii_neutral,26.0
1999-12-16,aaii_spread,34.0
1999-12-23,aaii_bears,17.0
1999-12-23,aaii_bulls,52.0
1999-12-23,aaii_neutral,31.0
1999-12-23,aaii_spread,35.0
1999-12-30,aaii_bears,15.0
1999-12-30,aaii_bulls,60.0
1999-12-30,aaii_neutral,25.0
1999-12-30,aaii_spread,45.0
2000-01-06,aaii_bears,13.3
2000-01-06,aaii_bulls,75.0
2000-01-06,aaii_neutral,11.7
2000-01-06,aaii_spread,61.7
2000-01-13,aaii_bears,18.5
2000-01-13,aaii_bulls,59.3
2000-01-13,aaii_neutral,22.2
2000-01-13,aaii_spread,40.7
2000-01-20,aaii_bears,17.9
2000-01-20,aaii_bulls,57.1
2000-01-20,aaii_neutral,25.0
2000-01-20,aaii_spread,39.3
2000-01-27,aaii_bears,20.4
2000-01-27,aaii_bulls,53.7
2000-01-27,aaii_neutral,25.9
2000-01-27,aaii_spread,33.3
2000-02-03,aaii_bears,24.4
2000-02-03,aaii_bulls,51.1
2000-02-03,aaii_neutral,24.4
2000-02-03,aaii_spread,26.7
2000-02-10,aaii_bears,27.9
2000-02-10,aaii_bulls,41.9
2000-02-10,aaii_neutral,30.2
2000-02-10,aaii_spread,14.0
2000-02-17,aaii_bears,24.2
2000-02-17,aaii_bulls,27.3
2000-02-17,aaii_neutral,48.5
2000-02-17,aaii_spread,3.0
2000-02-24,aaii_bears,31.0
2000-02-24,aaii_bulls,41.4
2000-02-24,aaii_neutral,27.6
2000-02-24,aaii_spread,10.3
2000-03-02,aaii_bears,23.3
2000-03-02,aaii_bulls,36.7
2000-03-02,aaii_neutral,40.0
2000-03-02,aaii_spread,13.3
2000-03-08,aaii_bears,16.7
2000-03-08,aaii_bulls,58.3
2000-03-08,aaii_neutral,25.0
2000-03-08,aaii_spread,41.7
2000-03-16,aaii_bears,26.7
2000-03-16,aaii_bulls,50.0
2000-03-16,aaii_neutral,23.3
2000-03-16,aaii_spread,23.3
2000-03-23,aaii_bears,20.0
2000-03-23,aaii_bulls,65.7
2000-03-23,aaii_neutral,14.3
2000-03-23,aaii_spread,45.7
2000-03-30,aaii_bears,50.0
2000-03-30,aaii_bulls,38.9
2000-03-30,aaii_neutral,11.1
2000-03-30,aaii_spread,-11.1
2000-04-06,aaii_bears,20.8
2000-04-06,aaii_bulls,45.8
2000-04-06,aaii_neutral,33.3
2000-04-06,aaii_spread,25.0
2000-04-13,aaii_bears,29.6
2000-04-13,aaii_bulls,51.8
2000-04-13,aaii_neutral,18.5
2000-04-13,aaii_spread,22.2
2000-04-20,aaii_bears,22.6
2000-04-20,aaii_bulls,63.7
2000-04-20,aaii_neutral,13.7
2000-04-20,aaii_spread,41.2
2000-04-27,aaii_bears,14.5
2000-04-27,aaii_bulls,61.3
2000-04-27,aaii_neutral,24.2
2000-04-27,aaii_spread,46.8
2000-05-04,aaii_bears,34.8
2000-05-04,aaii_bulls,34.8
2000-05-04,aaii_neutral,30.4
2000-05-04,aaii_spread,0.0
2000-05-11,aaii_bears,25.6
2000-05-11,aaii_bulls,30.2
2000-05-11,aaii_neutral,44.2
2000-05-11,aaii_spread,4.6
2000-05-18,aaii_bears,41.2
2000-05-18,aaii_bulls,35.3
2000-05-18,aaii_neutral,23.5
2000-05-18,aaii_spread,-5.9
2000-05-25,aaii_bears,36.5
2000-05-25,aaii_bulls,34.9
2000-05-25,aaii_neutral,28.6
2000-05-25,aaii_spread,-1.6
2000-06-01,aaii_bears,37.5
2000-06-01,aaii_bulls,41.7
2000-06-01,aaii_neutral,20.8
2000-06-01,aaii_spread,4.2
2000-06-08,aaii_bears,23.1
2000-06-08,aaii_bulls,61.5
2000-06-08,aaii_neutral,15.4
2000-06-08,aaii_spread,38.5
2000-06-15,aaii_bears,18.8
2000-06-15,aaii_bulls,43.8
2000-06-15,aaii_neutral,37.5
2000-06-15,aaii_spread,25.0
2000-06-22,aaii_bears,40.0
2000-06-22,aaii_bulls,26.7
2000-06-22,aaii_neutral,33.3
2000-06-22,aaii_spread,-13.3
2000-07-06,aaii_bears,15.8
2000-07-06,aaii_bulls,56.1
2000-07-06,aaii_neutral,28.1
2000-07-06,aaii_spread,40.3
2000-07-13,aaii_bears,20.0
2000-07-13,aaii_bulls,65.0
2000-07-13,aaii_neutral,15.0
2000-07-13,aaii_spread,45.0
2000-07-20,aaii_bears,12.0
2000-07-20,aaii_bulls,66.7
2000-07-20,aaii_neutral,21.3
2000-07-20,aaii_spread,54.7
2000-07-27,aaii_bears,20.0
2000-07-27,aaii_bulls,42.9
2000-07-27,aaii_neutral,37.1
2000-07-27,aaii_spread,22.9
2000-08-03,aaii_bears,23.9
2000-08-03,aaii_bulls,41.3
2000-08-03,aaii_neutral,34.8
2000-08-03,aaii_spread,17.4
2000-08-10,aaii_bears,11.5
2000-08-10,aaii_bulls,54.1
2000-08-10,aaii_neutral,34.4
2000-08-10,aaii_spread,42.6
2000-08-17,aaii_bears,18.8
2000-08-17,aaii_bulls,59.4
2000-08-17,aaii_neutral,21.9
2000-08-17,aaii_spread,40.6
2000-08-23,aaii_bears,23.1
2000-08-23,aaii_bulls,57.7
2000-08-23,aaii_neutral,19.2
2000-08-23,aaii_spread,34.6
2000-08-31,aaii_bears,17.6
2000-08-31,aaii_bulls,55.9
2000-08-31,aaii_neutral,26.5
2000-08-31,aaii_spread,38.2
2000-09-07,aaii_bears,8.3
2000-09-07,aaii_bulls,62.5
2000-09-07,aaii_neutral,29.2
2000-09-07,aaii_spread,54.2
2000-09-14,aaii_bears,23.5
2000-09-14,aaii_bulls,41.2
2000-09-14,aaii_neutral,35.3
2000-09-14,aaii_spread,17.6
2000-09-21,aaii_bears,18.8
2000-09-21,aaii_bulls,43.8
2000-09-21,aaii_neutral,37.5
2000-09-21,aaii_spread,25.0
2000-09-28,aaii_bears,6.7
2000-09-28,aaii_bulls,53.3
2000-09-28,aaii_neutral,40.0
2000-09-28,aaii_spread,46.7
2000-10-05,aaii_bears,25.8
2000-10-05,aaii_bulls,41.9
2000-10-05,aaii_neutral,32.3
2000-10-05,aaii_spread,16.1
2000-10-12,aaii_bears,31.7
2000-10-12,aaii_bulls,41.5
2000-10-12,aaii_neutral,26.8
2000-10-12,aaii_spread,9.8
2000-10-19,aaii_bears,24.4
2000-10-19,aaii_bulls,48.9
2000-10-19,aaii_neutral,26.7
2000-10-19,aaii_spread,24.4
2000-10-26,aaii_bears,17.9
2000-10-26,aaii_bulls,64.1
2000-10-26,aaii_neutral,17.9
2000-10-26,aaii_spread,46.2
2000-11-02,aaii_bears,22.6
2000-11-02,aaii_bulls,51.6
2000-11-02,aaii_neutral,25.8
2000-11-02,aaii_spread,29.0
2000-11-09,aaii_bears,8.6
2000-11-09,aaii_bulls,62.9
2000-11-09,aaii_neutral,28.6
2000-11-09,aaii_spread,54.3
2000-11-16,aaii_bears,16.7
2000-11-16,aaii_bulls,45.8
2000-11-16,aaii_neutral,37.5
2000-11-16,aaii_spread,29.2
2000-11-23,aaii_bears,36.5
2000-11-23,aaii_bulls,36.5
2000-11-23,aaii_neutral,27.0
2000-11-23,aaii_spread,0.0
2000-11-30,aaii_bears,16.7
2000-11-30,aaii_bulls,60.4
2000-11-30,aaii_neutral,22.9
2000-11-30,aaii_spread,43.8
2000-12-07,aaii_bears,37.2
2000-12-07,aaii_bulls,47.1
2000-12-07,aaii_neutral,15.7
2000-12-07,aaii_spread,9.8
2000-12-14,aaii_bears,32.7
2000-12-14,aaii_bulls,59.6
2000-12-14,aaii_neutral,7.7
2000-12-14,aaii_spread,26.9
2000-12-21,aaii_bears,51.1
2000-12-21,aaii_bulls,31.1
2000-12-21,aaii_neutral,17.8
2000-12-21,aaii_spread,-20.0
2000-12-28,aaii_bears,32.0
2000-12-28,aaii_bulls,40.0
2000-12-28,aaii_neutral,28.0
2000-12-28,aaii_spread,8.0
2001-01-04,aaii_bears,24.1
2001-01-04,aaii_bulls,42.6
2001-01-04,aaii_neutral,33.3
2001-01-04,aaii_spread,18.5
2001-01-11,aaii_bears,42.9
2001-01-11,aaii_bulls,35.7
2001-01-11,aaii_neutral,21.4
2001-01-11,aaii_spread,-7.2
2001-01-18,aaii_bears,24.4
2001-01-18,aaii_bulls,36.6
2001-01-18,aaii_neutral,39.0
2001-01-18,aaii_spread,12.2
2001-01-25,aaii_bears,26.2
2001-01-25,aaii_bulls,49.2
2001-01-25,aaii_neutral,24.6
2001-01-25,aaii_spread,23.1
2001-02-01,aaii_bears,19.2
2001-02-01,aaii_bulls,50.0
2001-02-01,aaii_neutral,30.8
2001-02-01,aaii_spread,30.8
2001-02-08,aaii_bears,14.4
2001-02-08,aaii_bulls,55.6
2001-02-08,aaii_neutral,30.0
2001-02-08,aaii_spread,41.1
2001-02-15,aaii_bears,21.7
2001-02-15,aaii_bulls,30.4
2001-02-15,aaii_neutral,47.8
2001-02-15,aaii_spread,8.7
2001-02-22,aaii_bears,38.6
2001-02-22,aaii_bulls,26.3
2001-02-22,aaii_neutral,35.1
2001-02-22,aaii_spread,-12.3
2001-03-01,aaii_bears,33.8
2001-03-01,aaii_bulls,46.0
2001-03-01,aaii_neutral,20.3
2001-03-01,aaii_spread,12.2
2001-03-08,aaii_bears,31.6
2001-03-08,aaii_bulls,31.6
2001-03-08,aaii_neutral,36.7
2001-03-08,aaii_spread,0.0
2001-03-15,aaii_bears,36.4
2001-03-15,aaii_bulls,30.9
2001-03-15,aaii_neutral,32.7
2001-03-15,aaii_spread,-5.4
2001-03-22,aaii_bears,47.2
2001-03-22,aaii_bulls,27.8
2001-03-22,aaii_neutral,25.0
2001-03-22,aaii_spread,-19.4
2001-03-29,aaii_bears,27.5
2001-03-29,aaii_bulls,37.2
2001-03-29,aaii_neutral,35.3
2001-03-29,aaii_spread,9.8
2001-04-05,aaii_bears,38.7
2001-04-05,aaii_bulls,35.1
2001-04-05,aaii_neutral,26.1
2001-04-05,aaii_spread,-3.6
2001-04-12,aaii_bears,40.9
2001-04-12,aaii_bulls,30.3
2001-04-12,aaii_neutral,28.8
2001-04-12,aaii_spread,-10.6
2001-04-19,aaii_bears,31.2
2001-04-19,aaii_bulls,43.8
2001-04-19,aaii_neutral,25.0
2001-04-19,aaii_spread,12.5
2001-04-26,aaii_bears,31.0
2001-04-26,aaii_bulls,46.6
2001-04-26,aaii_neutral,22.4
2001-04-26,aaii_spread,15.5
2001-05-03,aaii_bears,21.6
2001-05-03,aaii_bulls,63.5
2001-05-03,aaii_neutral,14.9
2001-05-03,aaii_spread,41.9
2001-05-10,aaii_bears,17.8
2001-05-10,aaii_bulls,53.3
2001-05-10,aaii_neutral,28.9
2001-05-10,aaii_spread,35.5
2001-05-17,aaii_bears,18.8
2001-05-17,aaii_bulls,51.8
2001-05-17,aaii_neutral,29.4
2001-05-17,aaii_spread,32.9
2001-05-24,aaii_bears,16.7
2001-05-24,aaii_bulls,61.9
2001-05-24,aaii_neutral,21.4
2001-05-24,aaii_spread,45.2
2001-05-31,aaii_bears,28.6
2001-05-31,aaii_bulls,49.4
2001-05-31,aaii_neutral,22.1
2001-05-31,aaii_spread,20.8
2001-06-07,aaii_bears,25.5
2001-06-07,aaii_bulls,42.5
2001-06-07,aaii_neutral,31.9
2001-06-07,aaii_spread,17.0
2001-06-14,aaii_bears,22.0
2001-06-14,aaii_bulls,30.5
2001-06-14,aaii_neutral,47.5
2001-06-14,aaii_spread,8.5
2001-06-21,aaii_bears,23.3
2001-06-21,aaii_bulls,33.3
2001-06-21,aaii_neutral,43.3
2001-06-21,aaii_spread,10.0
2001-06-28,aaii_bears,32.9
2001-06-28,aaii_bulls,30.4
2001-06-28,aaii_neutral,36.7
2001-06-28,aaii_spread,-2.5
2001-07-05,aaii_bears,18.5
2001-07-05,aaii_bulls,40.7
2001-07-05,aaii_neutral,40.7
2001-07-05,aaii_spread,22.2
2001-07-12,aaii_bears,36.3
2001-07-12,aaii_bulls,25.3
2001-07-12,aaii_neutral,38.5
2001-07-12,aaii_spread,-11.0
2001-07-19,aaii_bears,15.2
2001-07-19,aaii_bulls,50.0
2001-07-19,aaii_neutral,34.8
2001-07-19,aaii_spread,34.8
2001-07-26,aaii_bears,38.1
2001-07-26,aaii_bulls,29.5
2001-07-26,aaii_neutral,32.4
2001-07-26,aaii_spread,-8.6
2001-08-02,aaii_bears,36.4
2001-08-02,aaii_bulls,36.4
2001-08-02,aaii_neutral,27.3
2001-08-02,aaii_spread,0.0
2001-08-09,aaii_bears,27.7
2001-08-09,aaii_bulls,34.9
2001-08-09,aaii_neutral,37.4
2001-08-09,aaii_spread,7.2
2001-08-16,aaii_bears,37.5
2001-08-16,aaii_bulls,35.4
2001-08-16,aaii_neutral,27.1
2001-08-16,aaii_spread,-2.1
2001-08-23,aaii_bears,31.0
2001-08-23,aaii_bulls,34.5
2001-08-23,aaii_neutral,34.5
2001-08-23,aaii_spread,3.4
2001-08-30,aaii_bears,22.9
2001-08-30,aaii_bulls,31.4
2001-08-30,aaii_neutral,45.7
2001-08-30,aaii_spread,8.6
2001-09-06,aaii_bears,33.7
2001-09-06,aaii_bulls,30.3
2001-09-06,aaii_neutral,36.0
2001-09-06,aaii_spread,-3.4
2001-09-13,aaii_bears,36.7
2001-09-13,aaii_bulls,26.7
2001-09-13,aaii_neutral,36.7
2001-09-13,aaii_spread,-10.0
2001-09-20,aaii_bears,44.6
2001-09-20,aaii_bulls,31.1
2001-09-20,aaii_neutral,24.3
2001-09-20,aaii_spread,-13.5
2001-09-27,aaii_bears,22.2
2001-09-27,aaii_bulls,51.1
2001-09-27,aaii_neutral,26.7
2001-09-27,aaii_spread,28.9
2001-10-04,aaii_bears,29.3
2001-10-04,aaii_bulls,51.2
2001-10-04,aaii_neutral,19.5
2001-10-04,aaii_spread,21.9
2001-10-11,aaii_bears,28.1
2001-10-11,aaii_bulls,47.4
2001-10-11,aaii_neutral,24.6
2001-10-11,aaii_spread,19.3
2001-10-18,aaii_bears,21.1
2001-10-18,aaii_bulls,60.6
2001-10-18,aaii_neutral,18.3
2001-10-18,aaii_spread,39.4
2001-10-25,aaii_bears,17.6
2001-10-25,aaii_bulls,55.9
2001-10-25,aaii_neutral,26.5
2001-10-25,aaii_spread,38.2
2001-11-01,aaii_bears,33.3
2001-11-01,aaii_bulls,35.0
2001-11-01,aaii_neutral,31.7
2001-11-01,aaii_spread,1.7
2001-11-08,aaii_bears,42.3
2001-11-08,aaii_bulls,34.6
2001-11-08,aaii_neutral,23.1
2001-11-08,aaii_spread,-7.7
2001-11-15,aaii_bears,33.3
2001-11-15,aaii_bulls,45.5
2001-11-15,aaii_neutral,21.2
2001-11-15,aaii_spread,12.1
2001-11-22,aaii_bears,25.0
2001-11-22,aaii_bulls,58.3
2001-11-22,aaii_neutral,16.7
2001-11-22,aaii_spread,33.3
2001-11-29,aaii_bears,20.0
2001-11-29,aaii_bulls,69.3
2001-11-29,aaii_neutral,10.7
2001-11-29,aaii_spread,49.3
2001-12-06,aaii_bears,24.5
2001-12-06,aaii_bulls,59.2
2001-12-06,aaii_neutral,16.3
2001-12-06,aaii_spread,34.7
2001-12-13,aaii_bears,14.0
2001-12-13,aaii_bulls,61.4
2001-12-13,aaii_neutral,24.6
2001-12-13,aaii_spread,47.4
2001-12-20,aaii_bears,26.2
2001-12-20,aaii_bulls,52.5
2001-12-20,aaii_neutral,21.3
2001-12-20,aaii_spread,26.2
2001-12-27,aaii_bears,26.9
2001-12-27,aaii_bulls,57.7
2001-12-27,aaii_neutral,15.4
2001-12-27,aaii_spread,30.8
2002-01-03,aaii_bears,24.4
2002-01-03,aaii_bulls,51.1
2002-01-03,aaii_neutral,24.4
2002-01-03,aaii_spread,26.7
2002-01-10,aaii_bears,21.9
2002-01-10,aaii_bulls,54.8
2002-01-10,aaii_neutral,23.3
2002-01-10,aaii_spread,32.9
2002-01-17,aaii_bears,29.5
2002-01-17,aaii_bulls,29.5
2002-01-17,aaii_neutral,40.9
2002-01-17,aaii_spread,0.0
2002-01-24,aaii_bears,30.6
2002-01-24,aaii_bulls,34.7
2002-01-24,aaii_neutral,34.7
2002-01-24,aaii_spread,4.1
2002-01-31,aaii_bears,22.7
2002-01-31,aaii_bulls,45.5
2002-01-31,aaii_neutral,31.8
2002-01-31,aaii_spread,22.7
2002-02-07,aaii_bears,22.9
2002-02-07,aaii_bulls,37.5
2002-02-07,aaii_neutral,39.6
2002-02-07,aaii_spread,14.6
2002-02-14,aaii_bears,16.1
2002-02-14,aaii_bulls,45.2
2002-02-14,aaii_neutral,38.7
2002-02-14,aaii_spread,29.0
2002-02-21,aaii_bears,25.4
2002-02-21,aaii_bulls,36.4
2002-02-21,aaii_neutral,38.2
2002-02-21,aaii_spread,10.9
2002-02-28,aaii_bears,20.4
2002-02-28,aaii_bulls,44.4
2002-02-28,aaii_neutral,35.2
2002-02-28,aaii_spread,24.1
2002-03-07,aaii_bears,15.6
2002-03-07,aaii_bulls,53.3
2002-03-07,aaii_neutral,31.1
2002-03-07,aaii_spread,37.8
2002-03-14,aaii_bears,14.5
2002-03-14,aaii_bulls,56.5
2002-03-14,aaii_neutral,29.0
2002-03-14,aaii_spread,41.9
2002-03-21,aaii_bears,11.3
2002-03-21,aaii_bulls,53.2
2002-03-21,aaii_neutral,35.5
2002-03-21,aaii_spread,41.9
2002-03-28,aaii_bears,23.3
2002-03-28,aaii_bulls,51.2
2002-03-28,aaii_neutral,25.6
2002-03-28,aaii_spread,27.9
2002-04-04,aaii_bears,20.2
2002-04-04,aaii_bulls,40.5
2002-04-04,aaii_neutral,39.3
2002-04-04,aaii_spread,20.2
2002-04-11,aaii_bears,33.3
2002-04-11,aaii_bulls,28.2
2002-04-11,aaii_neutral,38.5
2002-04-11,aaii_spread,-5.1
2002-04-18,aaii_bears,23.2
2002-04-18,aaii_bulls,40.2
2002-04-18,aaii_neutral,36.6
2002-04-18,aaii_spread,17.0
2002-04-25,aaii_bears,23.3
2002-04-25,aaii_bulls,36.7
2002-04-25,aaii_neutral,40.0
2002-04-25,aaii_spread,13.3
2002-05-02,aaii_bears,33.3
2002-05-02,aaii_bulls,27.0
2002-05-02,aaii_neutral,39.6
2002-05-02,aaii_spread,-6.3
2002-05-09,aaii_bears,40.8
2002-05-09,aaii_bulls,30.3
2002-05-09,aaii_neutral,28.9
2002-05-09,aaii_spread,-10.5
2002-05-16,aaii_bears,28.3
2002-05-16,aaii_bulls,36.8
2002-05-16,aaii_neutral,34.9
2002-05-16,aaii_spread,8.5
2002-05-23,aaii_bears,40.5
2002-05-23,aaii_bulls,26.2
2002-05-23,aaii_neutral,33.3
2002-05-23,aaii_spread,-14.3
2002-05-29,aaii_bears,40.2
2002-05-29,aaii_bulls,28.3
2002-05-29,aaii_neutral,31.5
2002-05-29,aaii_spread,-12.0
2002-06-06,aaii_bears,39.3
2002-06-06,aaii_bulls,32.8
2002-06-06,aaii_neutral,27.9
2002-06-06,aaii_spread,-6.6
2002-06-13,aaii_bears,33.6
2002-06-13,aaii_bulls,31.8
2002-06-13,aaii_neutral,34.5
2002-06-13,aaii_spread,-1.8
2002-06-20,aaii_bears,25.7
2002-06-20,aaii_bulls,45.7
2002-06-20,aaii_neutral,28.6
2002-06-20,aaii_spread,20.0
2002-06-27,aaii_bears,46.0
2002-06-27,aaii_bulls,31.0
2002-06-27,aaii_neutral,23.0
2002-06-27,aaii_spread,-15.1
2002-07-03,aaii_bears,46.9
2002-07-03,aaii_bulls,26.6
2002-07-03,aaii_neutral,26.6
2002-07-03,aaii_spread,-20.3
2002-07-11,aaii_bears,42.3
2002-07-11,aaii_bulls,35.0
2002-07-11,aaii_neutral,22.7
2002-07-11,aaii_spread,-7.2
2002-07-18,aaii_bears,53.8
2002-07-18,aaii_bulls,26.2
2002-07-18,aaii_neutral,20.0
2002-07-18,aaii_spread,-27.5
2002-07-25,aaii_bears,48.8
2002-07-25,aaii_bulls,27.9
2002-07-25,aaii_neutral,23.3
2002-07-25,aaii_spread,-20.9
2002-08-01,aaii_bears,31.6
2002-08-01,aaii_bulls,34.2
2002-08-01,aaii_neutral,34.2
2002-08-01,aaii_spread,2.6
2002-08-08,aaii_bears,39.3
2002-08-08,aaii_bulls,37.7
2002-08-08,aaii_neutral,22.9
2002-08-08,aaii_spread,-1.6
2002-08-15,aaii_bears,41.4
2002-08-15,aaii_bulls,37.9
2002-08-15,aaii_neutral,20.7
2002-08-15,aaii_spread,-3.4
2002-08-22,aaii_bears,39.6
2002-08-22,aaii_bulls,43.8
2002-08-22,aaii_neutral,16.7
2002-08-22,aaii_spread,4.2
2002-08-29,aaii_bears,29.0
2002-08-29,aaii_bulls,50.0
2002-08-29,aaii_neutral,21.0
2002-08-29,aaii_spread,21.0
2002-09-05,aaii_bears,50.0
2002-09-05,aaii_bulls,31.5
2002-09-05,aaii_neutral,18.5
2002-09-05,aaii_spread,-18.5
2002-09-12,aaii_bears,37.0
2002-09-12,aaii_bulls,38.4
2002-09-12,aaii_neutral,24.7
2002-09-12,aaii_spread,1.4
2002-09-19,aaii_bears,43.2
2002-09-19,aaii_bulls,33.8
2002-09-19,aaii_neutral,23.0
2002-09-19,aaii_spread,-9.5
2002-09-26,aaii_bears,47.1
2002-09-26,aaii_bulls,24.5
2002-09-26,aaii_neutral,28.4
2002-09-26,aaii_spread,-22.6
2002-10-03,aaii_bears,47.9
2002-10-03,aaii_bulls,35.2
2002-10-03,aaii_neutral,16.9
2002-10-03,aaii_spread,-12.7
2002-10-10,aaii_bears,54.8
2002-10-10,aaii_bulls,28.8
2002-10-10,aaii_neutral,16.4
2002-10-10,aaii_spread,-26.0
2002-10-17,aaii_bears,39.5
2002-10-17,aaii_bulls,39.5
2002-10-17,aaii_neutral,21.1
2002-10-17,aaii_spread,0.0
2002-10-24,aaii_bears,33.7
2002-10-24,aaii_bulls,44.6
2002-10-24,aaii_neutral,21.7
2002-10-24,aaii_spread,10.8
2002-10-31,aaii_bears,27.9
2002-10-31,aaii_bulls,51.5
2002-10-31,aaii_neutral,20.6
2002-10-31,aaii_spread,23.5
2002-11-07,aaii_bears,26.3
2002-11-07,aaii_bulls,50.0
2002-11-07,aaii_neutral,23.7
2002-11-07,aaii_spread,23.7
2002-11-14,aaii_bears,32.4
2002-11-14,aaii_bulls,48.6
2002-11-14,aaii_neutral,18.9
2002-11-14,aaii_spread,16.2
2002-11-21,aaii_bears,21.3
2002-11-21,aaii_bulls,50.6
2002-11-21,aaii_neutral,28.1
2002-11-21,aaii_spread,29.2
2002-11-28,aaii_bears,31.9
2002-11-28,aaii_bulls,51.1
2002-11-28,aaii_neutral,17.0
2002-11-28,aaii_spread,19.2
2002-12-05,aaii_bears,17.6
2002-12-05,aaii_bulls,52.9
2002-12-05,aaii_neutral,29.4
2002-12-05,aaii_spread,35.3
2002-12-12,aaii_bears,24.1
2002-12-12,aaii_bulls,41.4
2002-12-12,aaii_neutral,34.5
2002-12-12,aaii_spread,17.2
2002-12-19,aaii_bears,30.0
2002-12-19,aaii_bulls,42.9
2002-12-19,aaii_neutral,27.1
2002-12-19,aaii_spread,12.9
2002-12-26,aaii_bears,32.0
2002-12-26,aaii_bulls,40.0
2002-12-26,aaii_neutral,28.0
2002-12-26,aaii_spread,8.0
2003-01-02,aaii_bears,37.8
2003-01-02,aaii_bulls,32.4
2003-01-02,aaii_neutral,29.7
2003-01-02,aaii_spread,-5.4
2003-01-09,aaii_bears,42.9
2003-01-09,aaii_bulls,38.1
2003-01-09,aaii_neutral,19.1
2003-01-09,aaii_spread,-4.8
2003-01-16,aaii_bears,29.2
2003-01-16,aaii_bulls,29.2
2003-01-16,aaii_neutral,41.7
2003-01-16,aaii_spread,0.0
2003-01-23,aaii_bears,43.2
2003-01-23,aaii_bulls,25.0
2003-01-23,aaii_neutral,31.8
2003-01-23,aaii_spread,-18.2
2003-01-30,aaii_bears,47.9
2003-01-30,aaii_bulls,25.5
2003-01-30,aaii_neutral,26.6
2003-01-30,aaii_spread,-22.3
2003-02-06,aaii_bears,25.7
2003-02-06,aaii_bulls,22.9
2003-02-06,aaii_neutral,51.4
2003-02-06,aaii_spread,-2.8
2003-02-13,aaii_bears,38.1
2003-02-13,aaii_bulls,21.9
2003-02-13,aaii_neutral,40.0
2003-02-13,aaii_spread,-16.2
2003-02-20,aaii_bears,57.9
2003-02-20,aaii_bulls,21.1
2003-02-20,aaii_neutral,21.1
2003-02-20,aaii_spread,-36.8
2003-02-27,aaii_bears,47.1
2003-02-27,aaii_bulls,26.0
2003-02-27,aaii_neutral,26.8
2003-02-27,aaii_spread,-21.1
2003-03-06,aaii_bears,39.4
2003-03-06,aaii_bulls,33.3
2003-03-06,aaii_neutral,27.3
2003-03-06,aaii_spread,-6.1
2003-03-13,aaii_bears,51.4
2003-03-13,aaii_bulls,34.3
2003-03-13,aaii_neutral,14.3
2003-03-13,aaii_spread,-17.1
2003-03-20,aaii_bears,38.1
2003-03-20,aaii_bulls,42.9
2003-03-20,aaii_neutral,19.1
2003-03-20,aaii_spread,4.8
2003-03-27,aaii_bears,32.7
2003-03-27,aaii_bulls,39.4
2003-03-27,aaii_neutral,27.9
2003-03-27,aaii_spread,6.7
2003-04-03,aaii_bears,38.2
2003-04-03,aaii_bulls,32.4
2003-04-03,aaii_neutral,29.4
2003-04-03,aaii_spread,-5.9
2003-04-10,aaii_bears,30.8
2003-04-10,aaii_bulls,38.5
2003-04-10,aaii_neutral,30.8
2003-04-10,aaii_spread,7.7
2003-04-17,aaii_bears,31.5
2003-04-17,aaii_bulls,46.3
2003-04-17,aaii_neutral,22.2
2003-04-17,aaii_spread,14.8
2003-04-24,aaii_bears,19.0
2003-04-24,aaii_bulls,63.0
2003-04-24,aaii_neutral,18.0
2003-04-24,aaii_spread,44.0
2003-05-01,aaii_bears,25.7
2003-05-01,aaii_bulls,48.6
2003-05-01,aaii_neutral,25.7
2003-05-01,aaii_spread,22.9
2003-05-08,aaii_bears,18.4
2003-05-08,aaii_bulls,52.8
2003-05-08,aaii_neutral,28.8
2003-05-08,aaii_spread,34.4
2003-05-15,aaii_bears,16.3
2003-05-15,aaii_bulls,62.8
2003-05-15,aaii_neutral,20.9
2003-05-15,aaii_spread,46.5
2003-05-22,aaii_bears,35.6
2003-05-22,aaii_bulls,38.5
2003-05-22,aaii_neutral,26.0
2003-05-22,aaii_spread,2.9
2003-05-29,aaii_bears,14.3
2003-05-29,aaii_bulls,62.9
2003-05-29,aaii_neutral,22.9
2003-05-29,aaii_spread,48.6
2003-06-05,aaii_bears,19.2
2003-06-05,aaii_bulls,52.0
2003-06-05,aaii_neutral,28.8
2003-06-05,aaii_spread,32.8
2003-06-12,aaii_bears,29.2
2003-06-12,aaii_bulls,50.0
2003-06-12,aaii_neutral,20.8
2003-06-12,aaii_spread,20.8
2003-06-19,aaii_bears,35.9
2003-06-19,aaii_bulls,56.4
2003-06-19,aaii_neutral,7.7
2003-06-19,aaii_spread,20.5
2003-06-26,aaii_bears,8.6
2003-06-26,aaii_bulls,71.4
2003-06-26,aaii_neutral,20.0
2003-06-26,aaii_spread,62.9
2003-07-03,aaii_bears,35.3
2003-07-03,aaii_bulls,41.2
2003-07-03,aaii_neutral,23.5
2003-07-03,aaii_spread,5.9
2003-07-10,aaii_bears,31.1
2003-07-10,aaii_bulls,43.2
2003-07-10,aaii_neutral,25.7
2003-07-10,aaii_spread,12.2
2003-07-17,aaii_bears,28.6
2003-07-17,aaii_bulls,51.3
2003-07-17,aaii_neutral,20.2
2003-07-17,aaii_spread,22.7
2003-07-24,aaii_bears,30.7
2003-07-24,aaii_bulls,52.0
2003-07-24,aaii_neutral,17.3
2003-07-24,aaii_spread,21.3
2003-07-31,aaii_bears,16.2
2003-07-31,aaii_bulls,51.5
2003-07-31,aaii_neutral,32.3
2003-07-31,aaii_spread,35.4
2003-08-07,aaii_bears,32.5
2003-08-07,aaii_bulls,45.5
2003-08-07,aaii_neutral,22.1
2003-08-07,aaii_spread,13.0
2003-08-14,aaii_bears,23.6
2003-08-14,aaii_bulls,50.6
2003-08-14,aaii_neutral,25.8
2003-08-14,aaii_spread,27.0
2003-08-21,aaii_bears,18.5
2003-08-21,aaii_bulls,63.0
2003-08-21,aaii_neutral,18.5
2003-08-21,aaii_spread,44.4
2003-08-28,aaii_bears,22.7
2003-08-28,aaii_bulls,56.7
2003-08-28,aaii_neutral,20.6
2003-08-28,aaii_spread,34.0
2003-09-04,aaii_bears,16.4
2003-09-04,aaii_bulls,62.3
2003-09-04,aaii_neutral,21.3
2003-09-04,aaii_spread,45.9
2003-09-11,aaii_bears,17.4
2003-09-11,aaii_bulls,58.1
2003-09-11,aaii_neutral,24.4
2003-09-11,aaii_spread,40.7
2003-09-18,aaii_bears,19.6
2003-09-18,aaii_bulls,62.7
2003-09-18,aaii_neutral,17.6
2003-09-18,aaii_spread,43.1
2003-09-25,aaii_bears,22.3
2003-09-25,aaii_bulls,57.3
2003-09-25,aaii_neutral,20.4
2003-09-25,aaii_spread,34.9
2003-10-02,aaii_bears,28.6
2003-10-02,aaii_bulls,50.0
2003-10-02,aaii_neutral,21.4
2003-10-02,aaii_spread,21.4
2003-10-09,aaii_bears,23.2
2003-10-09,aaii_bulls,57.6
2003-10-09,aaii_neutral,19.2
2003-10-09,aaii_spread,34.3
2003-10-16,aaii_bears,13.8
2003-10-16,aaii_bulls,60.3
2003-10-16,aaii_neutral,25.9
2003-10-16,aaii_spread,46.6
2003-10-17,cboe_putcall,0.46
2003-10-21,cboe_putcall,0.59
2003-10-22,cboe_putcall,0.77
2003-10-23,aaii_bears,16.7
2003-10-23,aaii_bulls,52.8
2003-10-23,aaii_neutral,30.6
2003-10-23,aaii_spread,36.1
2003-10-23,cboe_putcall,0.72
2003-10-24,cboe_putcall,0.79
2003-10-27,cboe_putcall,0.51
2003-10-28,cboe_putcall,0.66
2003-10-29,cboe_putcall,0.53
2003-10-30,aaii_bears,18.8
2003-10-30,aaii_bulls,57.8
2003-10-30,aaii_neutral,23.4
2003-10-30,aaii_spread,39.1
2003-10-30,cboe_putcall,0.7
2003-10-31,cboe_putcall,1.03
2003-11-03,cboe_putcall,0.47
2003-11-04,cboe_putcall,0.49
2003-11-05,cboe_putcall,0.55
2003-11-06,aaii_bears,16.7
2003-11-06,aaii_bulls,57.6
2003-11-06,aaii_neutral,25.8
2003-11-06,aaii_spread,40.9
2003-11-06,cboe_putcall,0.61
2003-11-07,cboe_putcall,0.61
2003-11-10,cboe_putcall,0.78
2003-11-11,cboe_putcall,0.73
2003-11-12,cboe_putcall,0.68
2003-11-13,aaii_bears,14.4
2003-11-13,aaii_bulls,53.3
2003-11-13,aaii_neutral,32.2
2003-11-13,aaii_spread,38.9
2003-11-13,cboe_putcall,0.63
2003-11-14,cboe_putcall,0.55
2003-11-17,cboe_putcall,0.65
2003-11-18,cboe_putcall,0.63
2003-11-19,cboe_putcall,0.77
2003-11-20,aaii_bears,21.0
2003-11-20,aaii_bulls,53.2
2003-11-20,aaii_neutral,25.8
2003-11-20,aaii_spread,32.3
2003-11-20,cboe_putcall,0.65
2003-11-21,cboe_putcall,0.66
2003-11-24,cboe_putcall,0.51
2003-11-25,cboe_putcall,0.48
2003-11-26,cboe_putcall,0.54
2003-11-27,aaii_bears,20.8
2003-11-27,aaii_bulls,60.4
2003-11-27,aaii_neutral,18.9
2003-11-27,aaii_spread,39.6
2003-11-28,cboe_putcall,0.55
2003-12-01,cboe_putcall,0.54
2003-12-02,cboe_putcall,0.52
2003-12-03,cboe_putcall,0.74
2003-12-04,aaii_bears,14.4
2003-12-04,aaii_bulls,69.4
2003-12-04,aaii_neutral,16.2
2003-12-04,aaii_spread,55.0
2003-12-04,cboe_putcall,0.57
2003-12-05,cboe_putcall,0.68
2003-12-08,cboe_putcall,0.71
2003-12-09,cboe_putcall,0.56
2003-12-10,cboe_putcall,0.69
2003-12-11,aaii_bears,21.1
2003-12-11,aaii_bulls,55.3
2003-12-11,aaii_neutral,23.7
2003-12-11,aaii_spread,34.2
2003-12-11,cboe_putcall,0.5
2003-12-12,cboe_putcall,0.5
2003-12-15,cboe_putcall,0.54
2003-12-16,cboe_putcall,0.5
2003-12-17,cboe_putcall,0.49
2003-12-18,aaii_bears,19.4
2003-12-18,aaii_bulls,60.2
2003-12-18,aaii_neutral,20.4
2003-12-18,aaii_spread,40.8
2003-12-18,cboe_putcall,0.51
2003-12-19,cboe_putcall,0.61
2003-12-22,cboe_putcall,0.61
2003-12-23,cboe_putcall,0.58
2003-12-24,cboe_putcall,0.5
2003-12-26,aaii_bears,17.2
2003-12-26,aaii_bulls,65.5
2003-12-26,aaii_neutral,17.2
2003-12-26,aaii_spread,48.3
2003-12-26,cboe_putcall,0.38
2003-12-29,cboe_putcall,0.38
2003-12-30,cboe_putcall,0.37
2003-12-31,cboe_putcall,0.95
2004-01-01,aaii_bears,13.5
2004-01-01,aaii_bulls,62.4
2004-01-01,aaii_neutral,24.1
2004-01-01,aaii_spread,48.9
2004-01-02,cboe_putcall,0.53
2004-01-05,cboe_putcall,0.53
2004-01-06,cboe_putcall,0.4
2004-01-07,cboe_putcall,0.51
2004-01-08,aaii_bears,17.9
2004-01-08,aaii_bulls,67.2
2004-01-08,aaii_neutral,14.9
2004-01-08,aaii_spread,49.2
2004-01-08,cboe_putcall,0.52
2004-01-09,cboe_putcall,0.45
2004-01-12,cboe_putcall,0.61
2004-01-13,cboe_putcall,0.48
2004-01-14,cboe_putcall,0.52
2004-01-15,aaii_bears,10.1
2004-01-15,aaii_bulls,66.3
2004-01-15,aaii_neutral,23.6
2004-01-15,aaii_spread,56.2
2004-01-15,cboe_putcall,0.46
2004-01-16,cboe_putcall,0.35
2004-01-20,cboe_putcall,0.52
2004-01-21,cboe_putcall,0.47
2004-01-22,aaii_bears,13.4
2004-01-22,aaii_bulls,69.5
2004-01-22,aaii_neutral,17.1
2004-01-22,aaii_spread,56.1
2004-01-22,cboe_putcall,0.74
2004-01-23,cboe_putcall,0.6
2004-01-26,cboe_putcall,0.47
2004-01-27,cboe_putcall,0.64
2004-01-28,cboe_putcall,0.66
2004-01-29,aaii_bears,15.0
2004-01-29,aaii_bulls,56.9
2004-01-29,aaii_neutral,28.1
2004-01-29,aaii_spread,41.9
2004-01-29,cboe_putcall,0.64
2004-01-30,cboe_putcall,0.71
2004-02-02,cboe_putcall,0.61
2004-02-03,cboe_putcall,0.58
2004-02-04,cboe_putcall,0.64
2004-02-05,aaii_bears,21.8
2004-02-05,aaii_bulls,50.9
2004-02-05,aaii_neutral,27.3
2004-02-05,aaii_spread,29.1
2004-02-05,cboe_putcall,0.66
2004-02-06,cboe_putcall,0.46
2004-02-09,cboe_putcall,0.59
2004-02-10,cboe_putcall,0.62
2004-02-11,cboe_putcall,0.56
2004-02-12,aaii_bears,14.6
2004-02-12,aaii_bulls,56.1
2004-02-12,aaii_neutral,29.3
2004-02-12,aaii_spread,41.5
2004-02-12,cboe_putcall,0.43
2004-02-13,cboe_putcall,0.59
2004-02-17,cboe_putcall,0.81
2004-02-18,cboe_putcall,0.64
2004-02-19,aaii_bears,21.0
2004-02-19,aaii_bulls,56.5
2004-02-19,aaii_neutral,22.6
2004-02-19,aaii_spread,35.5
2004-02-19,cboe_putcall,0.59
2004-02-20,cboe_putcall,0.66
2004-02-23,cboe_putcall,0.47
2004-02-24,cboe_putcall,0.65
2004-02-25,cboe_putcall,0.62
2004-02-26,aaii_bears,30.5
2004-02-26,aaii_bulls,41.6
2004-02-26,aaii_neutral,27.9
2004-02-26,aaii_spread,11.0
2004-02-26,cboe_putcall,0.52
2004-02-27,cboe_putcall,0.59
2004-03-01,cboe_putcall,0.55
2004-03-02,cboe_putcall,0.51
2004-03-03,cboe_putcall,0.6
2004-03-04,aaii_bears,13.0
2004-03-04,aaii_bulls,47.8
2004-03-04,aaii_neutral,39.1
2004-03-04,aaii_spread,34.8
2004-03-04,cboe_putcall,0.6
2004-03-05,cboe_putcall,0.61
2004-03-08,cboe_putcall,0.66
2004-03-09,cboe_putcall,0.86
2004-03-10,cboe_putcall,0.72
2004-03-11,aaii_bears,33.6
2004-03-11,aaii_bulls,41.3
2004-03-11,aaii_neutral,25.2
2004-03-11,aaii_spread,7.7
2004-03-11,cboe_putcall,0.96
2004-03-12,cboe_putcall,0.82
2004-03-15,cboe_putcall,0.85
2004-03-16,cboe_putcall,0.93
2004-03-17,cboe_putcall,0.67
2004-03-18,aaii_bears,26.3
2004-03-18,aaii_bulls,38.6
2004-03-18,aaii_neutral,35.1
2004-03-18,aaii_spread,12.3
2004-03-18,cboe_putcall,0.65
2004-03-19,cboe_putcall,0.89
2004-03-22,cboe_putcall,0.74
2004-03-23,cboe_putcall,0.57
2004-03-24,cboe_putcall,0.73
2004-03-25,aaii_bears,42.6
2004-03-25,aaii_bulls,31.5
2004-03-25,aaii_neutral,25.9
2004-03-25,aaii_spread,-11.1
2004-03-25,cboe_putcall,0.6
2004-03-26,cboe_putcall,0.62
2004-03-29,cboe_putcall,0.47
2004-03-30,cboe_putcall,0.46
2004-03-31,cboe_putcall,1.1
2004-04-01,aaii_bears,22.4
2004-04-01,aaii_bulls,55.2
2004-04-01,aaii_neutral,22.4
2004-04-01,aaii_spread,32.8
2004-04-01,cboe_putcall,0.47
2004-04-02,cboe_putcall,0.53
2004-04-05,cboe_putcall,0.49
2004-04-06,cboe_putcall,0.69
2004-04-07,cboe_putcall,0.54
2004-04-08,aaii_bears,20.3
2004-04-08,aaii_bulls,58.8
2004-04-08,aaii_neutral,20.9
2004-04-08,aaii_spread,38.5
2004-04-08,cboe_putcall,0.59
2004-04-12,cboe_putcall,0.57
2004-04-13,cboe_putcall,0.77
2004-04-14,cboe_putcall,0.6
2004-04-15,aaii_bears,13.8
2004-04-15,aaii_bulls,63.7
2004-04-15,aaii_neutral,22.5
2004-04-15,aaii_spread,50.0
2004-04-15,cboe_putcall,0.67
2004-04-16,cboe_putcall,0.61
2004-04-19,cboe_putcall,0.56
2004-04-20,cboe_putcall,0.69
2004-04-21,cboe_putcall,0.54
2004-04-22,aaii_bears,22.5
2004-04-22,aaii_bulls,50.0
2004-04-22,aaii_neutral,27.5
2004-04-22,aaii_spread,27.5
2004-04-22,cboe_putcall,0.54
2004-04-23,cboe_putcall,0.63
2004-04-26,cboe_putcall,0.54
2004-04-27,cboe_putcall,0.57
2004-04-28,cboe_putcall,0.65
2004-04-29,aaii_bears,21.2
2004-04-29,aaii_bulls,50.0
2004-04-29,aaii_neutral,28.8
2004-04-29,aaii_spread,28.8
2004-04-29,cboe_putcall,0.77
2004-04-30,cboe_putcall,0.95
2004-05-03,cboe_putcall,0.64
2004-05-04,cboe_putcall,0.5
2004-05-05,cboe_putcall,0.66
2004-05-06,aaii_bears,27.1
2004-05-06,aaii_bulls,39.0
2004-05-06,aaii_neutral,33.9
2004-05-06,aaii_spread,11.9
2004-05-06,cboe_putcall,0.97
2004-05-07,cboe_putcall,0.79
2004-05-10,cboe_putcall,0.87
2004-05-11,cboe_putcall,0.92
2004-05-12,cboe_putcall,0.94
2004-05-13,aaii_bears,43.4
2004-05-13,aaii_bulls,32.9
2004-05-13,aaii_neutral,23.7
2004-05-13,aaii_spread,-10.5
2004-05-13,cboe_putcall,0.77
2004-05-14,cboe_putcall,0.82
2004-05-17,cboe_putcall,0.96
2004-05-18,cboe_putcall,0.75
2004-05-19,cboe_putcall,0.56
2004-05-20,aaii_bears,40.0
2004-05-20,aaii_bulls,36.7
2004-05-20,aaii_neutral,23.3
2004-05-20,aaii_spread,-3.3
2004-05-20,cboe_putcall,1.02
2004-05-21,cboe_putcall,0.81
2004-05-24,cboe_putcall,0.62
2004-05-25,cboe_putcall,0.69
2004-05-26,cboe_putcall,0.73
2004-05-27,aaii_bears,40.3
2004-05-27,aaii_bulls,36.1
2004-05-27,aaii_neutral,23.6
2004-05-27,aaii_spread,-4.2
2004-05-27,cboe_putcall,0.63
2004-05-28,cboe_putcall,0.7
2004-06-01,cboe_putcall,0.73
2004-06-02,cboe_putcall,0.64
2004-06-03,aaii_bears,26.2
2004-06-03,aaii_bulls,33.3
2004-06-03,aaii_neutral,40.5
2004-06-03,aaii_spread,7.1
2004-06-03,cboe_putcall,1.01
2004-06-04,cboe_putcall,0.83
2004-06-07,cboe_putcall,0.63
2004-06-08,cboe_putcall,0.66
2004-06-09,cboe_putcall,0.73
2004-06-10,aaii_bears,15.8
2004-06-10,aaii_bulls,55.3
2004-06-10,aaii_neutral,28.9
2004-06-10,aaii_spread,39.5
2004-06-10,cboe_putcall,1.01
2004-06-14,cboe_putcall,1.19
2004-06-15,cboe_putcall,0.63
2004-06-16,cboe_putcall,0.53
2004-06-17,aaii_bears,28.1
2004-06-17,aaii_bulls,41.4
2004-06-17,aaii_neutral,30.5
2004-06-17,aaii_spread,13.3
2004-06-17,cboe_putcall,0.63
2004-06-18,cboe_putcall,0.6
2004-06-21,cboe_putcall,0.63
2004-06-22,cboe_putcall,0.69
2004-06-23,cboe_putcall,0.57
2004-06-24,aaii_bears,23.1
2004-06-24,aaii_bulls,56.4
2004-06-24,aaii_neutral,20.5
2004-06-24,aaii_spread,33.3
2004-06-24,cboe_putcall,0.49
2004-06-25,cboe_putcall,0.57
2004-06-28,cboe_putcall,0.51
2004-06-29,cboe_putcall,0.77
2004-06-30,cboe_putcall,0.73
2004-07-01,aaii_bears,15.8
2004-07-01,aaii_bulls,57.0
2004-07-01,aaii_neutral,27.3
2004-07-01,aaii_spread,41.2
2004-07-01,cboe_putcall,0.74
2004-07-02,cboe_putcall,0.71
2004-07-06,cboe_putcall,1.0
2004-07-07,cboe_putcall,0.91
2004-07-08,aaii_bears,21.4
2004-07-08,aaii_bulls,55.1
2004-07-08,aaii_neutral,23.5
2004-07-08,aaii_spread,33.7
2004-07-08,cboe_putcall,0.82
2004-07-09,cboe_putcall,0.67
2004-07-12,cboe_putcall,0.91
2004-07-13,cboe_putcall,0.63
2004-07-14,cboe_putcall,0.76
2004-07-15,aaii_bears,23.7
2004-07-15,aaii_bulls,47.4
2004-07-15,aaii_neutral,28.9
2004-07-15,aaii_spread,23.7
2004-07-15,cboe_putcall,0.62
2004-07-16,cboe_putcall,0.93
2004-07-19,cboe_putcall,0.58
2004-07-20,cboe_putcall,0.57
2004-07-21,cboe_putcall,0.6
2004-07-22,aaii_bears,23.8
2004-07-22,aaii_bulls,35.7
2004-07-22,aaii_neutral,40.5
2004-07-22,aaii_spread,11.9
2004-07-22,cboe_putcall,0.71
2004-07-23,cboe_putcall,0.63
2004-07-26,cboe_putcall,0.71
2004-07-27,cboe_putcall,0.55
2004-07-28,cboe_putcall,0.55
2004-07-29,aaii_bears,36.0
2004-07-29,aaii_bulls,34.0
2004-07-29,aaii_neutral,30.0
2004-07-29,aaii_spread,-2.0
2004-07-29,cboe_putcall,0.56
2004-07-30,cboe_putcall,0.53
2004-08-02,cboe_putcall,0.66
2004-08-03,cboe_putcall,0.54
2004-08-04,cboe_putcall,0.72
2004-08-05,aaii_bears,33.8
2004-08-05,aaii_bulls,31.0
2004-08-05,aaii_neutral,35.2
2004-08-05,aaii_spread,-2.8
2004-08-05,cboe_putcall,0.7
2004-08-06,cboe_putcall,1.28
2004-08-09,cboe_putcall,0.87
2004-08-10,cboe_putcall,0.89
2004-08-11,cboe_putcall,0.69
2004-08-12,aaii_bears,40.0
2004-08-12,aaii_bulls,38.6
2004-08-12,aaii_neutral,21.4
2004-08-12,aaii_spread,-1.4
2004-08-12,cboe_putcall,0.98
2004-08-13,cboe_putcall,0.75
2004-08-16,cboe_putcall,0.67
2004-08-17,cboe_putcall,0.69
2004-08-18,cboe_putcall,0.82
2004-08-19,aaii_bears,34.9
2004-08-19,aaii_bulls,34.9
2004-08-19,aaii_neutral,30.2
2004-08-19,aaii_spread,0.0
2004-08-19,cboe_putcall,0.73
2004-08-20,cboe_putcall,0.72
2004-08-23,cboe_putcall,0.72
2004-08-24,cboe_putcall,0.59
2004-08-25,cboe_putcall,0.6
2004-08-26,aaii_bears,25.4
2004-08-26,aaii_bulls,41.5
2004-08-26,aaii_neutral,33.1
2004-08-26,aaii_spread,16.1
2004-08-26,cboe_putcall,0.7
2004-08-27,cboe_putcall,0.73
2004-08-30,cboe_putcall,0.69
2004-08-31,cboe_putcall,0.59
2004-09-01,cboe_putcall,0.77
2004-09-02,aaii_bears,28.3
2004-09-02,aaii_bulls,41.5
2004-09-02,aaii_neutral,30.2
2004-09-02,aaii_spread,13.2
2004-09-02,cboe_putcall,0.72
2004-09-03,cboe_putcall,0.79
2004-09-07,cboe_putcall,0.7
2004-09-08,cboe_putcall,0.81
2004-09-09,aaii_bears,23.8
2004-09-09,aaii_bulls,50.5
2004-09-09,aaii_neutral,25.7
2004-09-09,aaii_spread,26.7
2004-09-09,cboe_putcall,0.72
2004-09-10,cboe_putcall,0.61
2004-09-13,cboe_putcall,0.56
2004-09-14,cboe_putcall,0.67
2004-09-15,cboe_putcall,0.64
2004-09-16,aaii_bears,31.8
2004-09-16,aaii_bulls,45.5
2004-09-16,aaii_neutral,22.7
2004-09-16,aaii_spread,13.6
2004-09-16,cboe_putcall,0.61
2004-09-17,cboe_putcall,0.66
2004-09-20,cboe_putcall,0.58
2004-09-21,cboe_putcall,0.72
2004-09-22,cboe_putcall,0.95
2004-09-23,aaii_bears,26.8
2004-09-23,aaii_bulls,51.2
2004-09-23,aaii_neutral,22.0
2004-09-23,aaii_spread,24.4
2004-09-23,cboe_putcall,0.81
2004-09-24,cboe_putcall,0.82
2004-09-27,cboe_putcall,0.79
2004-09-28,cboe_putcall,0.85
2004-09-29,cboe_putcall,0.65
2004-09-30,aaii_bears,39.3
2004-09-30,aaii_bulls,41.1
2004-09-30,aaii_neutral,19.6
2004-09-30,aaii_spread,1.8
2004-09-30,cboe_putcall,0.73
2004-10-01,cboe_putcall,0.77
2004-10-04,cboe_putcall,0.67
2004-10-05,cboe_putcall,0.67
2004-10-06,cboe_putcall,0.66
2004-10-07,aaii_bears,19.7
2004-10-07,aaii_bulls,56.9
2004-10-07,aaii_neutral,23.4
2004-10-07,aaii_spread,37.2
2004-10-07,cboe_putcall,0.75
2004-10-08,cboe_putcall,0.82
2004-10-11,cboe_putcall,0.62
2004-10-12,cboe_putcall,0.9
2004-10-13,cboe_putcall,0.8
2004-10-14,aaii_bears,28.2
2004-10-14,aaii_bulls,44.7
2004-10-14,aaii_neutral,27.1
2004-10-14,aaii_spread,16.5
2004-10-14,cboe_putcall,0.85
2004-10-15,cboe_putcall,0.76
2004-10-18,cboe_putcall,0.71
2004-10-19,cboe_putcall,0.87
2004-10-20,cboe_putcall,0.83
2004-10-21,aaii_bears,28.8
2004-10-21,aaii_bulls,42.5
2004-10-21,aaii_neutral,28.8
2004-10-21,aaii_spread,13.7
2004-10-21,cboe_putcall,0.76
2004-10-22,cboe_putcall,0.67
2004-10-25,cboe_putcall,0.66
2004-10-26,cboe_putcall,0.58
2004-10-27,cboe_putcall,0.59
2004-10-28,aaii_bears,31.7
2004-10-28,aaii_bulls,42.3
2004-10-28,aaii_neutral,26.0
2004-10-28,aaii_spread,10.6
2004-10-28,cboe_putcall,0.55
2004-10-29,cboe_putcall,0.6
2004-11-01,cboe_putcall,0.76
2004-11-02,cboe_putcall,0.55
2004-11-03,cboe_putcall,0.68
2004-11-04,aaii_bears,22.9
2004-11-04,aaii_bulls,57.1
2004-11-04,aaii_neutral,20.0
2004-11-04,aaii_spread,34.3
2004-11-04,cboe_putcall,0.64
2004-11-05,cboe_putcall,0.51
2004-11-08,cboe_putcall,0.49
2004-11-09,cboe_putcall,0.53
2004-11-10,cboe_putcall,0.57
2004-11-11,aaii_bears,21.6
2004-11-11,aaii_bulls,62.5
2004-11-11,aaii_neutral,15.9
2004-11-11,aaii_spread,40.9
2004-11-11,cboe_putcall,0.56
2004-11-12,cboe_putcall,0.64
2004-11-15,cboe_putcall,0.4
2004-11-16,cboe_putcall,0.59
2004-11-17,cboe_putcall,0.51
2004-11-18,aaii_bears,22.4
2004-11-18,aaii_bulls,64.1
2004-11-18,aaii_neutral,13.5
2004-11-18,aaii_spread,41.7
2004-11-18,cboe_putcall,0.5
2004-11-19,cboe_putcall,0.52
2004-11-22,cboe_putcall,0.53
2004-11-23,cboe_putcall,0.66
2004-11-24,aaii_bears,26.8
2004-11-24,aaii_bulls,49.5
2004-11-24,aaii_neutral,23.7
2004-11-24,aaii_spread,22.7
2004-11-24,cboe_putcall,0.49
2004-11-26,cboe_putcall,0.58
2004-11-29,cboe_putcall,0.53
2004-11-30,cboe_putcall,0.69
2004-12-01,cboe_putcall,0.53
2004-12-02,aaii_bears,25.4
2004-12-02,aaii_bulls,56.8
2004-12-02,aaii_neutral,17.8
2004-12-02,aaii_spread,31.4
2004-12-02,cboe_putcall,0.69
2004-12-03,cboe_putcall,0.54
2004-12-06,cboe_putcall,0.6
2004-12-07,cboe_putcall,0.59
2004-12-08,cboe_putcall,0.67
2004-12-09,aaii_bears,25.2
2004-12-09,aaii_bulls,51.3
2004-12-09,aaii_neutral,23.4
2004-12-09,aaii_spread,26.1
2004-12-09,cboe_putcall,0.76
2004-12-10,cboe_putcall,0.47
2004-12-13,cboe_putcall,0.47
2004-12-14,cboe_putcall,0.61
2004-12-15,cboe_putcall,0.42
2004-12-16,aaii_bears,19.2
2004-12-16,aaii_bulls,52.5
2004-12-16,aaii_neutral,28.3
2004-12-16,aaii_spread,33.3
2004-12-16,cboe_putcall,0.44
2004-12-17,cboe_putcall,0.54
2004-12-20,cboe_putcall,0.62
2004-12-21,cboe_putcall,0.51
2004-12-22,cboe_putcall,0.65
2004-12-23,aaii_bears,18.2
2004-12-23,aaii_bulls,60.2
2004-12-23,aaii_neutral,21.6
2004-12-23,aaii_spread,42.0
2004-12-23,cboe_putcall,0.57
2004-12-27,cboe_putcall,0.67
2004-12-28,cboe_putcall,0.48
2004-12-29,cboe_putcall,0.59
2004-12-30,aaii_bears,17.5
2004-12-30,aaii_bulls,57.7
2004-12-30,aaii_neutral,24.8
2004-12-30,aaii_spread,40.1
2004-12-30,cboe_putcall,0.6
2004-12-31,cboe_putcall,0.45
2005-01-03,cboe_putcall,0.58
2005-01-04,cboe_putcall,0.6
2005-01-05,cboe_putcall,0.73
2005-01-06,aaii_bears,34.5
2005-01-06,aaii_bulls,38.1
2005-01-06,aaii_neutral,27.4
2005-01-06,aaii_spread,3.6
2005-01-06,cboe_putcall,0.67
2005-01-07,cboe_putcall,0.78
2005-01-10,cboe_putcall,0.65
2005-01-11,cboe_putcall,0.65
2005-01-12,cboe_putcall,0.67
2005-01-13,aaii_bears,39.9
2005-01-13,aaii_bulls,34.0
2005-01-13,aaii_neutral,26.1
2005-01-13,aaii_spread,-5.9
2005-01-13,cboe_putcall,0.68
2005-01-14,cboe_putcall,0.58
2005-01-18,cboe_putcall,0.67
2005-01-19,cboe_putcall,0.75
2005-01-20,aaii_bears,33.7
2005-01-20,aaii_bulls,33.7
2005-01-20,aaii_neutral,32.7
2005-01-20,aaii_spread,0.0
2005-01-20,cboe_putcall,0.76
2005-01-21,cboe_putcall,0.64
2005-01-24,cboe_putcall,0.64
2005-01-25,cboe_putcall,0.63
2005-01-26,cboe_putcall,0.57
2005-01-27,aaii_bears,36.4
2005-01-27,aaii_bulls,26.4
2005-01-27,aaii_neutral,37.1
2005-01-27,aaii_spread,-10.0
2005-01-27,cboe_putcall,0.53
2005-01-28,cboe_putcall,0.61
2005-01-31,cboe_putcall,0.56
2005-02-01,cboe_putcall,0.52
2005-02-02,cboe_putcall,0.5
2005-02-03,aaii_bears,25.0
2005-02-03,aaii_bulls,41.7
2005-02-03,aaii_neutral,33.3
2005-02-03,aaii_spread,16.7
2005-02-03,cboe_putcall,0.64
2005-02-04,cboe_putcall,0.49
2005-02-07,cboe_putcall,0.45
2005-02-08,cboe_putcall,0.57
2005-02-09,cboe_putcall,0.7
2005-02-10,aaii_bears,22.9
2005-02-10,aaii_bulls,43.8
2005-02-10,aaii_neutral,33.3
2005-02-10,aaii_spread,20.8
2005-02-10,cboe_putcall,0.75
2005-02-11,cboe_putcall,0.66
2005-02-14,cboe_putcall,0.67
2005-02-15,cboe_putcall,0.54
2005-02-16,cboe_putcall,0.51
2005-02-17,aaii_bears,29.9
2005-02-17,aaii_bulls,36.4
2005-02-17,aaii_neutral,33.8
2005-02-17,aaii_spread,6.5
2005-02-17,cboe_putcall,0.62
2005-02-18,cboe_putcall,0.59
2005-02-22,cboe_putcall,0.53
2005-02-23,cboe_putcall,0.56
2005-02-24,aaii_bears,31.8
2005-02-24,aaii_bulls,31.8
2005-02-24,aaii_neutral,36.4
2005-02-24,aaii_spread,0.0
2005-02-24,cboe_putcall,0.78
2005-02-25,cboe_putcall,0.63
2005-02-28,cboe_putcall,0.55
2005-03-01,cboe_putcall,0.68
2005-03-02,cboe_putcall,0.62
2005-03-03,aaii_bears,27.2
2005-03-03,aaii_bulls,39.5
2005-03-03,aaii_neutral,33.3
2005-03-03,aaii_spread,12.3
2005-03-03,cboe_putcall,0.66
2005-03-04,cboe_putcall,0.61
2005-03-07,cboe_putcall,0.57
2005-03-08,cboe_putcall,0.68
2005-03-09,cboe_putcall,0.7
2005-03-10,aaii_bears,24.8
2005-03-10,aaii_bulls,49.7
2005-03-10,aaii_neutral,25.5
2005-03-10,aaii_spread,24.8
2005-03-10,cboe_putcall,0.66
2005-03-11,cboe_putcall,0.62
2005-03-14,cboe_putcall,0.66
2005-03-15,cboe_putcall,0.57
2005-03-16,cboe_putcall,0.83
2005-03-17,aaii_bears,32.5
2005-03-17,aaii_bulls,32.5
2005-03-17,aaii_neutral,35.1
2005-03-17,aaii_spread,0.0
2005-03-17,cboe_putcall,0.69
2005-03-18,cboe_putcall,0.72
2005-03-21,cboe_putcall,0.62
2005-03-22,cboe_putcall,0.82
2005-03-23,cboe_putcall,0.52
2005-03-24,aaii_bears,41.9
2005-03-24,aaii_bulls,23.2
2005-03-24,aaii_neutral,34.8
2005-03-24,aaii_spread,-18.7
2005-03-24,cboe_putcall,0.5
2005-03-28,cboe_putcall,0.51
2005-03-29,cboe_putcall,0.68
2005-03-30,cboe_putcall,0.57
2005-03-31,aaii_bears,51.0
2005-03-31,aaii_bulls,28.4
2005-03-31,aaii_neutral,20.6
2005-03-31,aaii_spread,-22.6
2005-03-31,cboe_putcall,0.58
2005-04-01,cboe_putcall,0.81
2005-04-04,cboe_putcall,0.69
2005-04-05,cboe_putcall,0.6
2005-04-06,cboe_putcall,0.81
2005-04-07,aaii_bears,43.9
2005-04-07,aaii_bulls,27.7
2005-04-07,aaii_neutral,28.4
2005-04-07,aaii_spread,-16.1
2005-04-07,cboe_putcall,0.54
2005-04-08,cboe_putcall,0.55
2005-04-11,cboe_putcall,0.71
2005-04-12,cboe_putcall,0.68
2005-04-13,cboe_putcall,0.73
2005-04-14,aaii_bears,41.8
2005-04-14,aaii_bulls,16.5
2005-04-14,aaii_neutral,41.8
2005-04-14,aaii_spread,-25.3
2005-04-14,cboe_putcall,0.7
2005-04-15,cboe_putcall,1.0
2005-04-18,cboe_putcall,0.69
2005-04-19,cboe_putcall,0.59
2005-04-20,cboe_putcall,0.63
2005-04-21,aaii_bears,32.9
2005-04-21,aaii_bulls,36.8
2005-04-21,aaii_neutral,30.3
2005-04-21,aaii_spread,3.9
2005-04-21,cboe_putcall,0.58
2005-04-22,cboe_putcall,0.67
2005-04-25,cboe_putcall,0.65
2005-04-26,cboe_putcall,0.71
2005-04-27,cboe_putcall,0.77
2005-04-28,aaii_bears,34.7
2005-04-28,aaii_bulls,29.8
2005-04-28,aaii_neutral,35.5
2005-04-28,aaii_spread,-5.0
2005-04-28,cboe_putcall,0.76
2005-04-29,cboe_putcall,0.74
2005-05-02,cboe_putcall,0.67
2005-05-03,cboe_putcall,0.62
2005-05-04,cboe_putcall,0.84
2005-05-05,aaii_bears,44.9
2005-05-05,aaii_bulls,28.6
2005-05-05,aaii_neutral,26.5
2005-05-05,aaii_spread,-16.3
2005-05-05,cboe_putcall,0.74
2005-05-06,cboe_putcall,0.8
2005-05-09,cboe_putcall,0.63
2005-05-10,cboe_putcall,0.53
2005-05-11,cboe_putcall,0.7
2005-05-12,aaii_bears,36.4
2005-05-12,aaii_bulls,30.5
2005-05-12,aaii_neutral,33.1
2005-05-12,aaii_spread,-5.8
2005-05-12,cboe_putcall,0.74
2005-05-13,cboe_putcall,0.72
2005-05-16,cboe_putcall,0.55
2005-05-17,cboe_putcall,0.69
2005-05-18,cboe_putcall,0.52
2005-05-19,aaii_bears,28.6
2005-05-19,aaii_bulls,38.9
2005-05-19,aaii_neutral,32.4
2005-05-19,aaii_spread,10.3
2005-05-19,cboe_putcall,0.53
2005-05-20,cboe_putcall,0.46
2005-05-23,cboe_putcall,0.51
2005-05-24,cboe_putcall,0.56
2005-05-25,cboe_putcall,0.68
2005-05-26,aaii_bears,23.4
2005-05-26,aaii_bulls,44.1
2005-05-26,aaii_neutral,32.4
2005-05-26,aaii_spread,20.7
2005-05-26,cboe_putcall,0.47
2005-05-27,cboe_putcall,0.57
2005-05-31,cboe_putcall,0.72
2005-06-01,cboe_putcall,0.56
2005-06-02,aaii_bears,19.4
2005-06-02,aaii_bulls,48.6
2005-06-02,aaii_neutral,31.9
2005-06-02,aaii_spread,29.2
2005-06-02,cboe_putcall,0.62
2005-06-03,cboe_putcall,0.61
2005-06-06,cboe_putcall,0.51
2005-06-07,cboe_putcall,0.56
2005-06-08,cboe_putcall,0.64
2005-06-09,aaii_bears,19.5
2005-06-09,aaii_bulls,46.0
2005-06-09,aaii_neutral,34.5
2005-06-09,aaii_spread,26.4
2005-06-09,cboe_putcall,0.48
2005-06-10,cboe_putcall,0.47
2005-06-13,cboe_putcall,0.61
2005-06-14,cboe_putcall,0.56
2005-06-15,cboe_putcall,0.56
2005-06-16,aaii_bears,18.8
2005-06-16,aaii_bulls,48.0
2005-06-16,aaii_neutral,33.1
2005-06-16,aaii_spread,29.2
2005-06-16,cboe_putcall,0.73
2005-06-17,cboe_putcall,0.53
2005-06-20,cboe_putcall,0.58
2005-06-21,cboe_putcall,0.61
2005-06-22,cboe_putcall,0.52
2005-06-23,aaii_bears,18.2
2005-06-23,aaii_bulls,46.6
2005-06-23,aaii_neutral,35.2
2005-06-23,aaii_spread,28.4
2005-06-23,cboe_putcall,0.47
2005-06-24,cboe_putcall,0.57
2005-06-27,cboe_putcall,0.63
2005-06-28,cboe_putcall,0.58
2005-06-29,cboe_putcall,0.61
2005-06-30,aaii_bears,29.4
2005-06-30,aaii_bulls,45.9
2005-06-30,aaii_neutral,24.7
2005-06-30,aaii_spread,16.4
2005-06-30,cboe_putcall,0.51
2005-07-01,cboe_putcall,0.55
2005-07-05,cboe_putcall,0.49
2005-07-06,cboe_putcall,0.52
2005-07-07,aaii_bears,20.4
2005-07-07,aaii_bulls,43.0
2005-07-07,aaii_neutral,36.6
2005-07-07,aaii_spread,22.6
2005-07-07,cboe_putcall,0.58
2005-07-08,cboe_putcall,0.42
2005-07-11,cboe_putcall,0.5
2005-07-12,cboe_putcall,0.46
2005-07-13,cboe_putcall,0.55
2005-07-14,aaii_bears,14.0
2005-07-14,aaii_bulls,57.9
2005-07-14,aaii_neutral,28.1
2005-07-14,aaii_spread,43.9
2005-07-14,cboe_putcall,0.43
2005-07-15,cboe_putcall,0.54
2005-07-18,cboe_putcall,0.55
2005-07-19,cboe_putcall,0.54
2005-07-20,cboe_putcall,0.51
2005-07-21,aaii_bears,27.5
2005-07-21,aaii_bulls,41.2
2005-07-21,aaii_neutral,31.4
2005-07-21,aaii_spread,13.7
2005-07-21,cboe_putcall,0.54
2005-07-22,cboe_putcall,0.56
2005-07-25,cboe_putcall,0.6
2005-07-26,cboe_putcall,0.59
2005-07-27,cboe_putcall,0.59
2005-07-28,aaii_bears,17.6
2005-07-28,aaii_bulls,57.5
2005-07-28,aaii_neutral,24.8
2005-07-28,aaii_spread,39.9
2005-07-28,cboe_putcall,0.56
2005-07-29,cboe_putcall,0.66
2005-08-01,cboe_putcall,0.61
2005-08-02,cboe_putcall,0.7
2005-08-03,cboe_putcall,0.56
2005-08-04,aaii_bears,26.1
2005-08-04,aaii_bulls,47.8
2005-08-04,aaii_neutral,26.1
2005-08-04,aaii_spread,21.7
2005-08-04,cboe_putcall,0.64
2005-08-05,cboe_putcall,0.55
2005-08-08,cboe_putcall,0.6
2005-08-09,cboe_putcall,0.63
2005-08-10,cboe_putcall,0.6
2005-08-11,aaii_bears,28.8
2005-08-11,aaii_bulls,39.7
2005-08-11,aaii_neutral,31.4
2005-08-11,aaii_spread,10.9
2005-08-11,cboe_putcall,0.59
2005-08-12,cboe_putcall,0.63
2005-08-15,cboe_putcall,0.57
2005-08-16,cboe_putcall,0.68
2005-08-17,cboe_putcall,0.54
2005-08-18,aaii_bears,40.4
2005-08-18,aaii_bulls,29.3
2005-08-18,aaii_neutral,30.3
2005-08-18,aaii_spread,-11.1
2005-08-18,cboe_putcall,0.62
2005-08-19,cboe_putcall,0.58
2005-08-22,cboe_putcall,0.57
2005-08-23,cboe_putcall,0.61
2005-08-24,cboe_putcall,0.71
2005-08-25,aaii_bears,31.3
2005-08-25,aaii_bulls,36.1
2005-08-25,aaii_neutral,32.5
2005-08-25,aaii_spread,4.8
2005-08-25,cboe_putcall,0.56
2005-08-26,cboe_putcall,0.81
2005-08-29,cboe_putcall,0.55
2005-08-30,cboe_putcall,0.64
2005-08-31,cboe_putcall,0.57
2005-09-01,aaii_bears,37.6
2005-09-01,aaii_bulls,31.8
2005-09-01,aaii_neutral,30.6
2005-09-01,aaii_spread,-5.9
2005-09-01,cboe_putcall,0.58
2005-09-02,cboe_putcall,0.61
2005-09-06,cboe_putcall,0.68
2005-09-07,cboe_putcall,0.55
2005-09-08,aaii_bears,32.7
2005-09-08,aaii_bulls,42.3
2005-09-08,aaii_neutral,25.0
2005-09-08,aaii_spread,9.6
2005-09-08,cboe_putcall,0.62
2005-09-09,cboe_putcall,0.51
2005-09-12,cboe_putcall,0.59
2005-09-13,cboe_putcall,0.66
2005-09-14,cboe_putcall,0.67
2005-09-15,aaii_bears,28.6
2005-09-15,aaii_bulls,51.4
2005-09-15,aaii_neutral,20.0
2005-09-15,aaii_spread,22.9
2005-09-15,cboe_putcall,0.64
2005-09-16,cboe_putcall,0.52
2005-09-19,cboe_putcall,0.5
2005-09-20,cboe_putcall,0.68
2005-09-21,cboe_putcall,0.71
2005-09-22,aaii_bears,32.5
2005-09-22,aaii_bulls,39.5
2005-09-22,aaii_neutral,28.1
2005-09-22,aaii_spread,7.0
2005-09-22,cboe_putcall,0.57
2005-09-23,cboe_putcall,0.63
2005-09-26,cboe_putcall,0.56
2005-09-27,cboe_putcall,0.6
2005-09-28,cboe_putcall,0.55
2005-09-29,aaii_bears,39.1
2005-09-29,aaii_bulls,31.9
2005-09-29,aaii_neutral,29.0
2005-09-29,aaii_spread,-7.3
2005-09-29,cboe_putcall,0.56
2005-09-30,cboe_putcall,0.53
2005-10-03,cboe_putcall,0.64
2005-10-04,cboe_putcall,0.62
2005-10-05,cboe_putcall,0.7
2005-10-06,aaii_bears,27.4
2005-10-06,aaii_bulls,50.0
2005-10-06,aaii_neutral,22.6
2005-10-06,aaii_spread,22.6
2005-10-06,cboe_putcall,0.61
2005-10-07,cboe_putcall,0.61
2005-10-10,cboe_putcall,0.8
2005-10-11,cboe_putcall,0.64
2005-10-12,cboe_putcall,0.76
2005-10-13,aaii_bears,48.0
2005-10-13,aaii_bulls,39.0
2005-10-13,aaii_neutral,13.0
2005-10-13,aaii_spread,-9.1
2005-10-13,cboe_putcall,0.89
2005-10-14,cboe_putcall,0.7
2005-10-17,cboe_putcall,0.64
2005-10-18,cboe_putcall,0.67
2005-10-19,cboe_putcall,0.77
2005-10-20,aaii_bears,35.9
2005-10-20,aaii_bulls,43.1
2005-10-20,aaii_neutral,21.0
2005-10-20,aaii_spread,7.2
2005-10-20,cboe_putcall,0.75
2005-10-21,cboe_putcall,0.66
2005-10-24,cboe_putcall,0.5
2005-10-25,cboe_putcall,0.59
2005-10-26,cboe_putcall,0.61
2005-10-27,aaii_bears,46.2
2005-10-27,aaii_bulls,32.0
2005-10-27,aaii_neutral,21.8
2005-10-27,aaii_spread,-14.1
2005-10-27,cboe_putcall,0.66
2005-10-28,cboe_putcall,0.68
2005-10-31,cboe_putcall,0.52
2005-11-01,cboe_putcall,0.72
2005-11-02,cboe_putcall,0.49
2005-11-03,aaii_bears,27.6
2005-11-03,aaii_bulls,43.0
2005-11-03,aaii_neutral,29.5
2005-11-03,aaii_spread,15.4
2005-11-03,cboe_putcall,0.5
2005-11-04,cboe_putcall,0.51
2005-11-07,cboe_putcall,0.69
2005-11-08,cboe_putcall,0.64
2005-11-09,cboe_putcall,0.59
2005-11-10,aaii_bears,23.0
2005-11-10,aaii_bulls,58.6
2005-11-10,aaii_neutral,18.4
2005-11-10,aaii_spread,35.6
2005-11-10,cboe_putcall,0.62
2005-11-11,cboe_putcall,0.49
2005-11-14,cboe_putcall,0.59
2005-11-15,cboe_putcall,0.74
2005-11-16,cboe_putcall,0.58
2005-11-17,aaii_bears,21.8
2005-11-17,aaii_bulls,53.6
2005-11-17,aaii_neutral,24.6
2005-11-17,aaii_spread,31.8
2005-11-17,cboe_putcall,0.6
2005-11-18,cboe_putcall,0.46
2005-11-21,cboe_putcall,0.58
2005-11-22,cboe_putcall,0.49
2005-11-23,cboe_putcall,0.55
2005-11-24,aaii_bears,16.0
2005-11-24,aaii_bulls,57.3
2005-11-24,aaii_neutral,26.7
2005-11-24,aaii_spread,41.3
2005-11-25,cboe_putcall,0.61
2005-11-28,cboe_putcall,0.6
2005-11-29,cboe_putcall,0.62
2005-11-30,cboe_putcall,0.59
2005-12-01,aaii_bears,23.5
2005-12-01,aaii_bulls,52.5
2005-12-01,aaii_neutral,24.1
2005-12-01,aaii_spread,29.0
2005-12-01,cboe_putcall,0.55
2005-12-02,cboe_putcall,0.58
2005-12-05,cboe_putcall,0.61
2005-12-06,cboe_putcall,0.64
2005-12-07,cboe_putcall,0.58
2005-12-08,aaii_bears,18.9
2005-12-08,aaii_bulls,49.5
2005-12-08,aaii_neutral,31.6
2005-12-08,aaii_spread,30.5
2005-12-08,cboe_putcall,0.64
2005-12-09,cboe_putcall,0.58
2005-12-12,cboe_putcall,0.63
2005-12-13,cboe_putcall,0.52
2005-12-14,cboe_putcall,0.57
2005-12-15,aaii_bears,22.1
2005-12-15,aaii_bulls,46.2
2005-12-15,aaii_neutral,31.7
2005-12-15,aaii_spread,24.0
2005-12-15,cboe_putcall,0.42
2005-12-16,cboe_putcall,0.54
2005-12-19,cboe_putcall,0.55
2005-12-20,cboe_putcall,0.77
2005-12-21,cboe_putcall,0.7
2005-12-22,aaii_bears,28.2
2005-12-22,aaii_bulls,41.0
2005-12-22,aaii_neutral,30.8
2005-12-22,aaii_spread,12.8
2005-12-22,cboe_putcall,0.56
2005-12-23,cboe_putcall,0.51
2005-12-27,cboe_putcall,0.76
2005-12-28,cboe_putcall,0.56
2005-12-29,aaii_bears,36.5
2005-12-29,aaii_bulls,37.3
2005-12-29,aaii_neutral,26.2
2005-12-29,aaii_spread,0.8
2005-12-29,cboe_putcall,0.61
2005-12-30,cboe_putcall,0.5
2006-01-03,cboe_putcall,0.54
2006-01-04,cboe_putcall,0.49
2006-01-05,aaii_bears,40.2
2006-01-05,aaii_bulls,29.3
2006-01-05,aaii_neutral,30.4
2006-01-05,aaii_spread,-10.9
2006-01-05,cboe_putcall,0.45
2006-01-06,cboe_putcall,0.58
2006-01-09,cboe_putcall,0.47
2006-01-10,cboe_putcall,0.55
2006-01-11,cboe_putcall,0.53
2006-01-12,aaii_bears,19.1
2006-01-12,aaii_bulls,59.0
2006-01-12,aaii_neutral,22.0
2006-01-12,aaii_spread,39.9
2006-01-12,cboe_putcall,0.55
2006-01-13,cboe_putcall,0.59
2006-01-17,cboe_putcall,0.52
2006-01-18,cboe_putcall,0.66
2006-01-19,aaii_bears,25.8
2006-01-19,aaii_bulls,50.0
2006-01-19,aaii_neutral,24.2
2006-01-19,aaii_spread,24.2
2006-01-19,cboe_putcall,0.53
2006-01-20,cboe_putcall,0.69
2006-01-23,cboe_putcall,0.58
2006-01-24,cboe_putcall,0.37
2006-01-25,cboe_putcall,0.62
2006-01-26,aaii_bears,33.3
2006-01-26,aaii_bulls,30.8
2006-01-26,aaii_neutral,35.9
2006-01-26,aaii_spread,-2.6
2006-01-26,cboe_putcall,0.55
2006-01-27,cboe_putcall,0.59
2006-01-30,cboe_putcall,0.47
2006-01-31,cboe_putcall,0.51
2006-02-01,cboe_putcall,0.6
2006-02-02,aaii_bears,33.3
2006-02-02,aaii_bulls,44.7
2006-02-02,aaii_neutral,22.0
2006-02-02,aaii_spread,11.4
2006-02-02,cboe_putcall,0.68
2006-02-03,cboe_putcall,0.7
2006-02-06,cboe_putcall,0.7
2006-02-07,cboe_putcall,0.67
2006-02-08,cboe_putcall,0.6
2006-02-09,aaii_bears,34.6
2006-02-09,aaii_bulls,40.2
2006-02-09,aaii_neutral,25.2
2006-02-09,aaii_spread,5.6
2006-02-09,cboe_putcall,0.5
2006-02-10,cboe_putcall,0.57
2006-02-13,cboe_putcall,0.67
2006-02-14,cboe_putcall,0.65
2006-02-15,cboe_putcall,0.58
2006-02-16,aaii_bears,35.7
2006-02-16,aaii_bulls,40.2
2006-02-16,aaii_neutral,24.1
2006-02-16,aaii_spread,4.5
2006-02-16,cboe_putcall,0.58
2006-02-17,cboe_putcall,0.51
2006-02-21,cboe_putcall,0.53
2006-02-22,cboe_putcall,0.51
2006-02-23,aaii_bears,28.4
2006-02-23,aaii_bulls,43.2
2006-02-23,aaii_neutral,28.4
2006-02-23,aaii_spread,14.8
2006-02-23,cboe_putcall,0.56
2006-02-24,cboe_putcall,0.64
2006-02-27,cboe_putcall,0.57
2006-02-28,cboe_putcall,0.57
2006-03-01,cboe_putcall,0.58
2006-03-02,aaii_bears,29.1
2006-03-02,aaii_bulls,40.9
2006-03-02,aaii_neutral,29.9
2006-03-02,aaii_spread,11.8
2006-03-02,cboe_putcall,0.64
2006-03-03,cboe_putcall,0.66
2006-03-06,cboe_putcall,0.67
2006-03-07,cboe_putcall,0.74
2006-03-08,cboe_putcall,0.63
2006-03-09,aaii_bears,30.8
2006-03-09,aaii_bulls,41.2
2006-03-09,aaii_neutral,28.0
2006-03-09,aaii_spread,10.4
2006-03-09,cboe_putcall,0.74
2006-03-10,cboe_putcall,0.53
2006-03-13,cboe_putcall,0.66
2006-03-14,cboe_putcall,0.55
2006-03-15,cboe_putcall,0.61
2006-03-16,aaii_bears,32.8
2006-03-16,aaii_bulls,46.6
2006-03-16,aaii_neutral,20.7
2006-03-16,aaii_spread,13.8
2006-03-16,cboe_putcall,0.57
2006-03-17,cboe_putcall,0.61
2006-03-20,cboe_putcall,0.53
2006-03-21,cboe_putcall,0.63
2006-03-22,cboe_putcall,0.63
2006-03-23,aaii_bears,27.5
2006-03-23,aaii_bulls,43.8
2006-03-23,aaii_neutral,28.7
2006-03-23,aaii_spread,16.2
2006-03-23,cboe_putcall,0.76
2006-03-24,cboe_putcall,0.63
2006-03-27,cboe_putcall,0.58
2006-03-28,cboe_putcall,0.64
2006-03-29,cboe_putcall,0.64
2006-03-30,aaii_bears,32.6
2006-03-30,aaii_bulls,37.2
2006-03-30,aaii_neutral,30.2
2006-03-30,aaii_spread,4.6
2006-03-30,cboe_putcall,0.47
2006-03-31,cboe_putcall,0.61
2006-04-03,cboe_putcall,0.45
2006-04-04,cboe_putcall,0.54
2006-04-05,cboe_putcall,0.64
2006-04-06,aaii_bears,23.3
2006-04-06,aaii_bulls,47.7
2006-04-06,aaii_neutral,29.1
2006-04-06,aaii_spread,24.4
2006-04-06,cboe_putcall,0.59
2006-04-07,cboe_putcall,0.58
2006-04-10,cboe_putcall,0.65
2006-04-11,cboe_putcall,0.66
2006-04-12,cboe_putcall,0.58
2006-04-13,aaii_bears,27.8
2006-04-13,aaii_bulls,45.4
2006-04-13,aaii_neutral,26.8
2006-04-13,aaii_spread,17.5
2006-04-13,cboe_putcall,0.6
2006-04-17,cboe_putcall,0.56
2006-04-18,cboe_putcall,0.51
2006-04-19,cboe_putcall,0.46
2006-04-20,aaii_bears,40.8
2006-04-20,aaii_bulls,33.7
2006-04-20,aaii_neutral,25.4
2006-04-20,aaii_spread,-7.1
2006-04-20,cboe_putcall,0.54
2006-04-21,cboe_putcall,0.6
2006-04-24,cboe_putcall,0.57
2006-04-25,cboe_putcall,0.59
2006-04-26,cboe_putcall,0.79
2006-04-27,aaii_bears,36.0
2006-04-27,aaii_bulls,42.1
2006-04-27,aaii_neutral,21.9
2006-04-27,aaii_spread,6.2
2006-04-27,cboe_putcall,0.55
2006-04-28,cboe_putcall,0.62
2006-05-01,cboe_putcall,0.56
2006-05-02,cboe_putcall,0.62
2006-05-03,cboe_putcall,0.64
2006-05-04,aaii_bears,33.6
2006-05-04,aaii_bulls,45.9
2006-05-04,aaii_neutral,20.5
2006-05-04,aaii_spread,12.3
2006-05-04,cboe_putcall,0.51
2006-05-05,cboe_putcall,0.48
2006-05-08,cboe_putcall,0.63
2006-05-09,cboe_putcall,0.66
2006-05-10,cboe_putcall,0.62
2006-05-11,aaii_bears,27.5
2006-05-11,aaii_bulls,54.9
2006-05-11,aaii_neutral,17.6
2006-05-11,aaii_spread,27.5
2006-05-11,cboe_putcall,0.64
2006-05-12,cboe_putcall,0.72
2006-05-15,cboe_putcall,0.65
2006-05-16,cboe_putcall,0.63
2006-05-17,cboe_putcall,0.8
2006-05-18,aaii_bears,43.6
2006-05-18,aaii_bulls,39.4
2006-05-18,aaii_neutral,17.0
2006-05-18,aaii_spread,-4.3
2006-05-18,cboe_putcall,0.75
2006-05-19,cboe_putcall,0.75
2006-05-22,cboe_putcall,0.64
2006-05-23,cboe_putcall,0.62
2006-05-24,cboe_putcall,0.7
2006-05-25,aaii_bears,45.5
2006-05-25,aaii_bulls,33.0
2006-05-25,aaii_neutral,21.4
2006-05-25,aaii_spread,-12.5
2006-05-25,cboe_putcall,0.51
2006-05-26,cboe_putcall,0.47
2006-05-30,cboe_putcall,0.67
2006-05-31,cboe_putcall,0.62
2006-06-01,aaii_bears,50.0
2006-06-01,aaii_bulls,30.8
2006-06-01,aaii_neutral,19.2
2006-06-01,aaii_spread,-19.2
2006-06-01,cboe_putcall,0.76
2006-06-02,cboe_putcall,0.87
2006-06-05,cboe_putcall,0.64
2006-06-06,cboe_putcall,0.74
2006-06-07,cboe_putcall,0.63
2006-06-08,aaii_bears,45.1
2006-06-08,aaii_bulls,26.2
2006-06-08,aaii_neutral,28.7
2006-06-08,aaii_spread,-18.9
2006-06-08,cboe_putcall,0.79
2006-06-09,cboe_putcall,0.63
2006-06-12,cboe_putcall,0.56
2006-06-13,cboe_putcall,0.78
2006-06-14,cboe_putcall,0.76
2006-06-15,aaii_bears,55.0
2006-06-15,aaii_bulls,26.4
2006-06-15,aaii_neutral,18.6
2006-06-15,aaii_spread,-28.6
2006-06-15,cboe_putcall,0.54
2006-06-16,cboe_putcall,0.68
2006-06-19,cboe_putcall,0.59
2006-06-20,cboe_putcall,0.74
2006-06-21,cboe_putcall,0.55
2006-06-22,aaii_bears,41.6
2006-06-22,aaii_bulls,34.4
2006-06-22,aaii_neutral,24.0
2006-06-22,aaii_spread,-7.2
2006-06-22,cboe_putcall,0.65
2006-06-23,cboe_putcall,0.64
2006-06-26,cboe_putcall,0.57
2006-06-27,cboe_putcall,0.66
2006-06-28,cboe_putcall,0.66
2006-06-29,aaii_bears,39.8
2006-06-29,aaii_bulls,38.6
2006-06-29,aaii_neutral,21.6
2006-06-29,aaii_spread,-1.2
2006-06-29,cboe_putcall,0.46
2006-06-30,cboe_putcall,0.52
2006-07-03,cboe_putcall,0.61
2006-07-05,cboe_putcall,0.71
2006-07-06,aaii_bears,42.6
2006-07-06,aaii_bulls,37.7
2006-07-06,aaii_neutral,19.7
2006-07-06,aaii_spread,-4.9
2006-07-06,cboe_putcall,0.63
2006-07-07,cboe_putcall,0.58
2006-07-10,cboe_putcall,0.6
2006-07-11,cboe_putcall,0.82
2006-07-12,cboe_putcall,0.84
2006-07-13,aaii_bears,39.4
2006-07-13,aaii_bulls,36.5
2006-07-13,aaii_neutral,24.1
2006-07-13,aaii_spread,-2.9
2006-07-13,cboe_putcall,0.78
2006-07-14,cboe_putcall,0.78
2006-07-17,cboe_putcall,0.67
2006-07-18,cboe_putcall,0.78
2006-07-19,cboe_putcall,0.67
2006-07-20,aaii_bears,57.8
2006-07-20,aaii_bulls,23.8
2006-07-20,aaii_neutral,18.4
2006-07-20,aaii_spread,-33.9
2006-07-20,cboe_putcall,0.63
2006-07-21,cboe_putcall,0.82
2006-07-24,cboe_putcall,0.53
2006-07-25,cboe_putcall,0.57
2006-07-26,cboe_putcall,0.61
2006-07-27,aaii_bears,43.0
2006-07-27,aaii_bulls,34.9
2006-07-27,aaii_neutral,22.1
2006-07-27,aaii_spread,-8.1
2006-07-27,cboe_putcall,0.62
2006-07-28,cboe_putcall,0.58
2006-07-31,cboe_putcall,0.64
2006-08-01,cboe_putcall,0.8
2006-08-02,cboe_putcall,0.52
2006-08-03,aaii_bears,47.2
2006-08-03,aaii_bulls,31.5
2006-08-03,aaii_neutral,21.3
2006-08-03,aaii_spread,-15.7
2006-08-03,cboe_putcall,0.66
2006-08-04,cboe_putcall,0.7
2006-08-07,cboe_putcall,0.77
2006-08-08,cboe_putcall,0.91
2006-08-09,cboe_putcall,0.71
2006-08-10,aaii_bears,41.5
2006-08-10,aaii_bulls,36.6
2006-08-10,aaii_neutral,21.9
2006-08-10,aaii_spread,-4.9
2006-08-10,cboe_putcall,0.75
2006-08-11,cboe_putcall,0.7
2006-08-14,cboe_putcall,0.67
2006-08-15,cboe_putcall,0.71
2006-08-16,cboe_putcall,0.52
2006-08-17,aaii_bears,35.8
2006-08-17,aaii_bulls,30.5
2006-08-17,aaii_neutral,33.7
2006-08-17,aaii_spread,-5.3
2006-08-17,cboe_putcall,0.6
2006-08-18,cboe_putcall,0.57
2006-08-21,cboe_putcall,0.76
2006-08-22,cboe_putcall,0.67
2006-08-23,cboe_putcall,0.79
2006-08-24,aaii_bears,37.4
2006-08-24,aaii_bulls,39.4
2006-08-24,aaii_neutral,23.2
2006-08-24,aaii_spread,1.9
2006-08-24,cboe_putcall,0.64
2006-08-25,cboe_putcall,0.58
2006-08-28,cboe_putcall,0.65
2006-08-29,cboe_putcall,0.73
2006-08-30,cboe_putcall,0.65
2006-08-31,aaii_bears,25.8
2006-08-31,aaii_bulls,41.6
2006-08-31,aaii_neutral,32.6
2006-08-31,aaii_spread,15.7
2006-08-31,cboe_putcall,0.75
2006-09-01,cboe_putcall,0.67
2006-09-05,cboe_putcall,0.66
2006-09-06,cboe_putcall,0.79
2006-09-07,aaii_bears,29.9
2006-09-07,aaii_bulls,43.0
2006-09-07,aaii_neutral,27.1
2006-09-07,aaii_spread,13.1
2006-09-07,cboe_putcall,0.58
2006-09-08,cboe_putcall,0.73
2006-09-11,cboe_putcall,0.7
2006-09-12,cboe_putcall,0.7
2006-09-13,cboe_putcall,0.53
2006-09-14,aaii_bears,38.4
2006-09-14,aaii_bulls,47.9
2006-09-14,aaii_neutral,13.7
2006-09-14,aaii_spread,9.6
2006-09-14,cboe_putcall,0.79
2006-09-15,cboe_putcall,0.56
2006-09-18,cboe_putcall,0.6
2006-09-19,cboe_putcall,0.81
2006-09-20,cboe_putcall,0.58
2006-09-21,aaii_bears,34.2
2006-09-21,aaii_bulls,47.8
2006-09-21,aaii_neutral,18.0
2006-09-21,aaii_spread,13.5
2006-09-21,cboe_putcall,0.74
2006-09-22,cboe_putcall,0.66
2006-09-25,cboe_putcall,0.65
2006-09-26,cboe_putcall,0.73
2006-09-27,cboe_putcall,0.6
2006-09-28,aaii_bears,32.9
2006-09-28,aaii_bulls,51.3
2006-09-28,aaii_neutral,15.8
2006-09-28,aaii_spread,18.4
2006-09-28,cboe_putcall,0.7
2006-09-29,cboe_putcall,0.62
2006-10-02,cboe_putcall,0.69
2006-10-03,cboe_putcall,0.98
2006-10-04,cboe_putcall,0.62
2006-10-05,aaii_bears,46.7
2006-10-05,aaii_bulls,37.8
2006-10-05,aaii_neutral,15.6
2006-10-05,aaii_spread,-8.9
2006-10-05,cboe_putcall,0.63
2006-10-06,cboe_putcall,0.66
2006-10-09,cboe_putcall,0.67
2006-10-10,cboe_putcall,0.66
2006-10-11,cboe_putcall,0.59
2006-10-12,aaii_bears,37.8
2006-10-12,aaii_bulls,49.0
2006-10-12,aaii_neutral,13.3
2006-10-12,aaii_spread,11.2
2006-10-12,cboe_putcall,0.54
2006-10-13,cboe_putcall,0.56
2006-10-16,cboe_putcall,0.51
2006-10-17,cboe_putcall,0.62
2006-10-18,cboe_putcall,0.65
2006-10-19,aaii_bears,29.8
2006-10-19,aaii_bulls,54.2
2006-10-19,aaii_neutral,16.0
2006-10-19,aaii_spread,24.4
2006-10-19,cboe_putcall,0.62
2006-10-20,cboe_putcall,0.6
2006-10-23,cboe_putcall,0.58
2006-10-24,cboe_putcall,0.72
2006-10-25,cboe_putcall,0.6
2006-10-26,aaii_bears,30.4
2006-10-26,aaii_bulls,52.2
2006-10-26,aaii_neutral,17.4
2006-10-26,aaii_spread,21.7
2006-10-26,cboe_putcall,0.55
2006-10-27,cboe_putcall,0.6
2006-10-30,cboe_putcall,0.61
2006-10-31,cboe_putcall,0.63
2006-11-01,cboe_putcall,0.64
2006-11-02,aaii_bears,36.9
2006-11-02,aaii_bulls,43.8
2006-11-02,aaii_neutral,19.4
2006-11-02,aaii_spread,6.9
2006-11-02,cboe_putcall,0.61
2006-11-03,cboe_putcall,0.64
2006-11-06,cboe_putcall,0.55
2006-11-07,cboe_putcall,0.57
2006-11-08,cboe_putcall,0.68
2006-11-09,aaii_bears,26.5
2006-11-09,aaii_bulls,50.6
2006-11-09,aaii_neutral,22.9
2006-11-09,aaii_spread,24.1
2006-11-09,cboe_putcall,0.61
2006-11-10,cboe_putcall,0.79
2006-11-13,cboe_putcall,0.59
2006-11-14,cboe_putcall,0.58
2006-11-15,cboe_putcall,0.52
2006-11-16,aaii_bears,30.5
2006-11-16,aaii_bulls,46.6
2006-11-16,aaii_neutral,22.9
2006-11-16,aaii_spread,16.0
2006-11-16,cboe_putcall,0.53
2006-11-17,cboe_putcall,0.47
2006-11-20,cboe_putcall,0.54
2006-11-21,cboe_putcall,0.62
2006-11-22,cboe_putcall,0.63
2006-11-23,aaii_bears,41.9
2006-11-23,aaii_bulls,41.9
2006-11-23,aaii_neutral,16.1
2006-11-23,aaii_spread,0.0
2006-11-24,cboe_putcall,0.52
2006-11-27,cboe_putcall,0.68
2006-11-28,cboe_putcall,0.65
2006-11-29,cboe_putcall,0.53
2006-11-30,aaii_bears,47.5
2006-11-30,aaii_bulls,40.2
2006-11-30,aaii_neutral,12.3
2006-11-30,aaii_spread,-7.3
2006-11-30,cboe_putcall,0.58
2006-12-01,cboe_putcall,0.59
2006-12-04,cboe_putcall,0.64
2006-12-05,cboe_putcall,0.57
2006-12-06,cboe_putcall,0.54
2006-12-07,aaii_bears,41.6
2006-12-07,aaii_bulls,38.9
2006-12-07,aaii_neutral,19.5
2006-12-07,aaii_spread,-2.6
2006-12-07,cboe_putcall,0.69
2006-12-08,cboe_putcall,0.55
2006-12-11,cboe_putcall,0.57
2006-12-12,cboe_putcall,0.7
2006-12-13,cboe_putcall,0.57
2006-12-14,aaii_bears,38.0
2006-12-14,aaii_bulls,41.3
2006-12-14,aaii_neutral,20.7
2006-12-14,aaii_spread,3.3
2006-12-14,cboe_putcall,0.45
2006-12-15,cboe_putcall,0.5
2006-12-18,cboe_putcall,0.59
2006-12-19,cboe_putcall,0.67
2006-12-20,cboe_putcall,0.54
2006-12-21,aaii_bears,42.5
2006-12-21,aaii_bulls,39.1
2006-12-21,aaii_neutral,18.4
2006-12-21,aaii_spread,-3.5
2006-12-21,cboe_putcall,0.45
2006-12-22,cboe_putcall,0.66
2006-12-26,cboe_putcall,0.62
2006-12-27,cboe_putcall,0.68
2006-12-28,aaii_bears,36.0
2006-12-28,aaii_bulls,46.0
2006-12-28,aaii_neutral,18.0
2006-12-28,aaii_spread,10.0
2006-12-28,cboe_putcall,0.73
2006-12-29,cboe_putcall,0.54
2007-01-03,cboe_putcall,0.59
2007-01-04,aaii_bears,29.3
2007-01-04,aaii_bulls,49.1
2007-01-04,aaii_neutral,21.6
2007-01-04,aaii_spread,19.8
2007-01-04,cboe_putcall,0.51
2007-01-05,cboe_putcall,0.59
2007-01-08,cboe_putcall,0.71
2007-01-09,cboe_putcall,0.67
2007-01-10,cboe_putcall,0.58
2007-01-11,aaii_bears,34.3
2007-01-11,aaii_bulls,44.4
2007-01-11,aaii_neutral,21.3
2007-01-11,aaii_spread,10.2
2007-01-11,cboe_putcall,0.54
2007-01-12,cboe_putcall,0.56
2007-01-16,cboe_putcall,0.56
2007-01-17,cboe_putcall,0.55
2007-01-18,aaii_bears,27.3
2007-01-18,aaii_bulls,57.8
2007-01-18,aaii_neutral,15.2
2007-01-18,aaii_spread,30.5
2007-01-18,cboe_putcall,0.6
2007-01-19,cboe_putcall,0.55
2007-01-22,cboe_putcall,0.62
2007-01-23,cboe_putcall,0.65
2007-01-24,cboe_putcall,0.58
2007-01-25,aaii_bears,33.3
2007-01-25,aaii_bulls,39.5
2007-01-25,aaii_neutral,27.2
2007-01-25,aaii_spread,6.2
2007-01-25,cboe_putcall,0.71
2007-01-26,cboe_putcall,0.66
2007-01-29,cboe_putcall,0.6
2007-01-30,cboe_putcall,0.68
2007-01-31,cboe_putcall,0.56
2007-02-01,aaii_bears,30.5
2007-02-01,aaii_bulls,46.3
2007-02-01,aaii_neutral,23.2
2007-02-01,aaii_spread,15.8
2007-02-01,cboe_putcall,0.57
2007-02-02,cboe_putcall,0.7
2007-02-05,cboe_putcall,0.57
2007-02-06,cboe_putcall,0.55
2007-02-07,cboe_putcall,0.65
2007-02-08,aaii_bears,30.0
2007-02-08,aaii_bulls,46.2
2007-02-08,aaii_neutral,23.8
2007-02-08,aaii_spread,16.2
2007-02-08,cboe_putcall,0.57
2007-02-09,cboe_putcall,0.68
2007-02-12,cboe_putcall,0.78
2007-02-13,cboe_putcall,0.74
2007-02-14,cboe_putcall,0.67
2007-02-15,aaii_bears,31.1
2007-02-15,aaii_bulls,47.6
2007-02-15,aaii_neutral,21.4
2007-02-15,aaii_spread,16.5
2007-02-15,cboe_putcall,0.54
2007-02-16,cboe_putcall,0.55
2007-02-20,cboe_putcall,0.65
2007-02-21,cboe_putcall,0.71
2007-02-22,aaii_bears,22.3
2007-02-22,aaii_bulls,53.8
2007-02-22,aaii_neutral,23.8
2007-02-22,aaii_spread,31.5
2007-02-22,cboe_putcall,0.66
2007-02-23,cboe_putcall,0.73
2007-02-26,cboe_putcall,0.75
2007-02-27,cboe_putcall,0.87
2007-02-28,cboe_putcall,0.73
2007-03-01,aaii_bears,39.6
2007-03-01,aaii_bulls,36.6
2007-03-01,aaii_neutral,23.8
2007-03-01,aaii_spread,-3.0
2007-03-01,cboe_putcall,0.8
2007-03-02,cboe_putcall,0.8
2007-03-05,cboe_putcall,0.96
2007-03-06,cboe_putcall,0.77
2007-03-07,cboe_putcall,0.7
2007-03-08,aaii_bears,44.9
2007-03-08,aaii_bulls,35.8
2007-03-08,aaii_neutral,19.3
2007-03-08,aaii_spread,-9.1
2007-03-08,cboe_putcall,0.77
2007-03-09,cboe_putcall,0.82
2007-03-12,cboe_putcall,0.75
2007-03-13,cboe_putcall,0.98
2007-03-14,cboe_putcall,0.89
2007-03-15,aaii_bears,45.4
2007-03-15,aaii_bulls,33.0
2007-03-15,aaii_neutral,21.6
2007-03-15,aaii_spread,-12.4
2007-03-15,cboe_putcall,0.79
2007-03-16,cboe_putcall,0.84
2007-03-19,cboe_putcall,0.61
2007-03-20,cboe_putcall,0.73
2007-03-21,cboe_putcall,0.66
2007-03-22,aaii_bears,33.1
2007-03-22,aaii_bulls,43.9
2007-03-22,aaii_neutral,23.0
2007-03-22,aaii_spread,10.8
2007-03-22,cboe_putcall,0.61
2007-03-23,cboe_putcall,0.65
2007-03-26,cboe_putcall,0.69
2007-03-27,cboe_putcall,0.62
2007-03-28,cboe_putcall,0.89
2007-03-29,aaii_bears,25.6
2007-03-29,aaii_bulls,42.7
2007-03-29,aaii_neutral,31.7
2007-03-29,aaii_spread,17.1
2007-03-29,cboe_putcall,0.76
2007-03-30,cboe_putcall,0.67
2007-04-02,cboe_putcall,0.63
2007-04-03,cboe_putcall,0.66
2007-04-04,cboe_putcall,0.74
2007-04-05,aaii_bears,39.8
2007-04-05,aaii_bulls,32.3
2007-04-05,aaii_neutral,28.0
2007-04-05,aaii_spread,-7.5
2007-04-05,cboe_putcall,0.55
2007-04-09,cboe_putcall,0.61
2007-04-10,cboe_putcall,0.69
2007-04-11,cboe_putcall,0.69
2007-04-12,aaii_bears,38.0
2007-04-12,aaii_bulls,40.8
2007-04-12,aaii_neutral,21.1
2007-04-12,aaii_spread,2.8
2007-04-12,cboe_putcall,0.73
2007-04-13,cboe_putcall,0.67
2007-04-16,cboe_putcall,0.56
2007-04-17,cboe_putcall,0.67
2007-04-18,cboe_putcall,0.54
2007-04-19,aaii_bears,29.6
2007-04-19,aaii_bulls,46.9
2007-04-19,aaii_neutral,23.5
2007-04-19,aaii_spread,17.3
2007-04-19,cboe_putcall,0.62
2007-04-20,cboe_putcall,0.5
2007-04-23,cboe_putcall,0.58
2007-04-24,cboe_putcall,0.73
2007-04-25,cboe_putcall,0.6
2007-04-26,aaii_bears,38.0
2007-04-26,aaii_bulls,39.2
2007-04-26,aaii_neutral,22.8
2007-04-26,aaii_spread,1.3
2007-04-26,cboe_putcall,0.6
2007-04-27,cboe_putcall,0.58
2007-04-30,cboe_putcall,0.64
2007-05-01,cboe_putcall,0.73
2007-05-02,cboe_putcall,0.56
2007-05-03,aaii_bears,54.3
2007-05-03,aaii_bulls,28.6
2007-05-03,aaii_neutral,17.1
2007-05-03,aaii_spread,-25.7
2007-05-03,cboe_putcall,0.66
2007-05-04,cboe_putcall,0.54
2007-05-07,cboe_putcall,0.45
2007-05-08,cboe_putcall,0.6
2007-05-09,cboe_putcall,0.53
2007-05-10,aaii_bears,42.9
2007-05-10,aaii_bulls,42.9
2007-05-10,aaii_neutral,14.3
2007-05-10,aaii_spread,0.0
2007-05-10,cboe_putcall,0.68
2007-05-11,cboe_putcall,0.62
2007-05-14,cboe_putcall,0.51
2007-05-15,cboe_putcall,0.63
2007-05-16,cboe_putcall,0.7
2007-05-17,aaii_bears,36.6
2007-05-17,aaii_bulls,38.4
2007-05-17,aaii_neutral,25.0
2007-05-17,aaii_spread,1.8
2007-05-17,cboe_putcall,0.49
2007-05-18,cboe_putcall,0.51
2007-05-21,cboe_putcall,0.55
2007-05-22,cboe_putcall,0.6
2007-05-23,cboe_putcall,0.67
2007-05-24,aaii_bears,38.6
2007-05-24,aaii_bulls,37.4
2007-05-24,aaii_neutral,24.1
2007-05-24,aaii_spread,-1.2
2007-05-24,cboe_putcall,0.67
2007-05-25,cboe_putcall,0.55
2007-05-29,cboe_putcall,0.58
2007-05-30,cboe_putcall,0.65
2007-05-31,aaii_bears,44.8
2007-05-31,aaii_bulls,33.3
2007-05-31,aaii_neutral,21.9
2007-05-31,aaii_spread,-11.5
2007-05-31,cboe_putcall,0.51
2007-06-01,cboe_putcall,0.5
2007-06-04,cboe_putcall,0.52
2007-06-05,cboe_putcall,0.63
2007-06-06,cboe_putcall,0.62
2007-06-07,aaii_bears,42.6
2007-06-07,aaii_bulls,40.6
2007-06-07,aaii_neutral,16.8
2007-06-07,aaii_spread,-2.0
2007-06-07,cboe_putcall,0.72
2007-06-08,cboe_putcall,0.6
2007-06-11,cboe_putcall,0.71
2007-06-12,cboe_putcall,0.66
2007-06-13,cboe_putcall,0.58
2007-06-14,aaii_bears,43.6
2007-06-14,aaii_bulls,37.3
2007-06-14,aaii_neutral,19.1
2007-06-14,aaii_spread,-6.3
2007-06-14,cboe_putcall,0.53
2007-06-15,cboe_putcall,0.48
2007-06-18,cboe_putcall,0.58
2007-06-19,cboe_putcall,0.62
2007-06-20,cboe_putcall,0.63
2007-06-21,aaii_bears,33.7
2007-06-21,aaii_bulls,43.2
2007-06-21,aaii_neutral,23.2
2007-06-21,aaii_spread,9.5
2007-06-21,cboe_putcall,0.61
2007-06-22,cboe_putcall,0.62
2007-06-25,cboe_putcall,0.76
2007-06-26,cboe_putcall,0.71
2007-06-27,cboe_putcall,0.65
2007-06-28,aaii_bears,35.8
2007-06-28,aaii_bulls,39.0
2007-06-28,aaii_neutral,25.2
2007-06-28,aaii_spread,3.2
2007-06-28,cboe_putcall,0.59
2007-06-29,cboe_putcall,0.65
2007-07-02,cboe_putcall,0.54
2007-07-03,cboe_putcall,0.59
2007-07-05,aaii_bears,32.9
2007-07-05,aaii_bulls,43.8
2007-07-05,aaii_neutral,23.3
2007-07-05,aaii_spread,11.0
2007-07-05,cboe_putcall,0.55
2007-07-06,cboe_putcall,0.53
2007-07-09,cboe_putcall,0.52
2007-07-10,cboe_putcall,0.59
2007-07-11,cboe_putcall,0.57
2007-07-12,aaii_bears,30.0
2007-07-12,aaii_bulls,43.6
2007-07-12,aaii_neutral,26.4
2007-07-12,aaii_spread,13.6
2007-07-12,cboe_putcall,0.48
2007-07-13,cboe_putcall,0.5
2007-07-16,cboe_putcall,0.54
2007-07-17,cboe_putcall,0.6
2007-07-18,cboe_putcall,0.73
2007-07-19,aaii_bears,36.7
2007-07-19,aaii_bulls,41.8
2007-07-19,aaii_neutral,21.5
2007-07-19,aaii_spread,5.1
2007-07-19,cboe_putcall,0.54
2007-07-20,cboe_putcall,0.69
2007-07-23,cboe_putcall,0.54
2007-07-24,cboe_putcall,0.79
2007-07-25,cboe_putcall,0.64
2007-07-26,aaii_bears,36.8
2007-07-26,aaii_bulls,44.2
2007-07-26,aaii_neutral,18.9
2007-07-26,aaii_spread,7.4
2007-07-26,cboe_putcall,0.85
2007-07-27,cboe_putcall,0.77
2007-07-30,cboe_putcall,0.71
2007-07-31,cboe_putcall,0.72
2007-08-01,cboe_putcall,0.87
2007-08-02,aaii_bears,40.0
2007-08-02,aaii_bulls,45.9
2007-08-02,aaii_neutral,14.1
2007-08-02,aaii_spread,5.9
2007-08-02,cboe_putcall,0.77
2007-08-03,cboe_putcall,0.8
2007-08-06,cboe_putcall,0.84
2007-08-07,cboe_putcall,0.69
2007-08-08,cboe_putcall,0.61
2007-08-09,aaii_bears,39.0
2007-08-09,aaii_bulls,45.8
2007-08-09,aaii_neutral,15.2
2007-08-09,aaii_spread,6.8
2007-08-09,cboe_putcall,0.65
2007-08-10,cboe_putcall,0.6
2007-08-13,cboe_putcall,0.71
2007-08-14,cboe_putcall,1.06
2007-08-15,cboe_putcall,1.05
2007-08-16,aaii_bears,45.6
2007-08-16,aaii_bulls,42.2
2007-08-16,aaii_neutral,12.2
2007-08-16,aaii_spread,-3.3
2007-08-16,cboe_putcall,1.01
2007-08-17,cboe_putcall,0.74
2007-08-20,cboe_putcall,0.61
2007-08-21,cboe_putcall,0.62
2007-08-22,cboe_putcall,0.62
2007-08-23,aaii_bears,43.1
2007-08-23,aaii_bulls,41.3
2007-08-23,aaii_neutral,15.6
2007-08-23,aaii_spread,-1.8
2007-08-23,cboe_putcall,0.71
2007-08-24,cboe_putcall,0.68
2007-08-27,cboe_putcall,0.68
2007-08-28,cboe_putcall,0.87
2007-08-29,cboe_putcall,0.68
2007-08-30,aaii_bears,46.3
2007-08-30,aaii_bulls,40.3
2007-08-30,aaii_neutral,13.4
2007-08-30,aaii_spread,-6.0
2007-08-30,cboe_putcall,0.65
2007-08-31,cboe_putcall,0.65
2007-09-04,cboe_putcall,0.67
2007-09-05,cboe_putcall,0.72
2007-09-06,aaii_bears,42.4
2007-09-06,aaii_bulls,38.4
2007-09-06,aaii_neutral,19.2
2007-09-06,aaii_spread,-4.0
2007-09-06,cboe_putcall,0.62
2007-09-07,cboe_putcall,0.77
2007-09-10,cboe_putcall,0.78
2007-09-11,cboe_putcall,0.84
2007-09-12,cboe_putcall,0.58
2007-09-13,aaii_bears,35.3
2007-09-13,aaii_bulls,40.0
2007-09-13,aaii_neutral,24.7
2007-09-13,aaii_spread,4.7
2007-09-13,cboe_putcall,0.61
2007-09-14,cboe_putcall,0.63
2007-09-17,cboe_putcall,0.65
2007-09-18,cboe_putcall,0.69
2007-09-19,cboe_putcall,0.58
2007-09-20,aaii_bears,31.6
2007-09-20,aaii_bulls,39.2
2007-09-20,aaii_neutral,29.1
2007-09-20,aaii_spread,7.6
2007-09-20,cboe_putcall,0.56
2007-09-21,cboe_putcall,0.53
2007-09-24,cboe_putcall,0.61
2007-09-25,cboe_putcall,0.75
2007-09-26,cboe_putcall,0.6
2007-09-27,aaii_bears,34.2
2007-09-27,aaii_bulls,49.4
2007-09-27,aaii_neutral,16.5
2007-09-27,aaii_spread,15.2
2007-09-27,cboe_putcall,0.58
2007-09-28,cboe_putcall,0.78
2007-10-01,cboe_putcall,0.57
2007-10-02,cboe_putcall,0.66
2007-10-03,cboe_putcall,0.58
2007-10-04,aaii_bears,25.3
2007-10-04,aaii_bulls,51.8
2007-10-04,aaii_neutral,22.9
2007-10-04,aaii_spread,26.5
2007-10-04,cboe_putcall,0.5
2007-10-05,cboe_putcall,0.56
2007-10-08,cboe_putcall,0.52
2007-10-09,cboe_putcall,0.61
2007-10-10,cboe_putcall,0.56
2007-10-11,aaii_bears,25.8
2007-10-11,aaii_bulls,54.6
2007-10-11,aaii_neutral,19.6
2007-10-11,aaii_spread,28.9
2007-10-11,cboe_putcall,0.6
2007-10-12,cboe_putcall,0.56
2007-10-15,cboe_putcall,0.53
2007-10-16,cboe_putcall,0.75
2007-10-17,cboe_putcall,0.67
2007-10-18,aaii_bears,35.7
2007-10-18,aaii_bulls,42.0
2007-10-18,aaii_neutral,22.3
2007-10-18,aaii_spread,6.2
2007-10-18,cboe_putcall,0.52
2007-10-19,cboe_putcall,0.73
2007-10-22,cboe_putcall,0.66
2007-10-23,cboe_putcall,0.64
2007-10-24,cboe_putcall,0.73
2007-10-25,aaii_bears,48.2
2007-10-25,aaii_bulls,31.2
2007-10-25,aaii_neutral,20.5
2007-10-25,aaii_spread,-17.0
2007-10-25,cboe_putcall,0.76
2007-10-26,cboe_putcall,0.53
2007-10-29,cboe_putcall,0.57
2007-10-30,cboe_putcall,0.84
2007-10-31,cboe_putcall,0.45
2007-11-01,aaii_bears,36.5
2007-11-01,aaii_bulls,44.7
2007-11-01,aaii_neutral,18.8
2007-11-01,aaii_spread,8.2
2007-11-01,cboe_putcall,0.68
2007-11-02,cboe_putcall,0.7
2007-11-05,cboe_putcall,0.67
2007-11-06,cboe_putcall,0.71
2007-11-07,cboe_putcall,0.67
2007-11-08,aaii_bears,51.4
2007-11-08,aaii_bulls,36.2
2007-11-08,aaii_neutral,12.4
2007-11-08,aaii_spread,-15.2
2007-11-08,cboe_putcall,0.83
2007-11-09,cboe_putcall,0.72
2007-11-12,cboe_putcall,0.59
2007-11-13,cboe_putcall,0.85
2007-11-14,cboe_putcall,0.62
2007-11-15,aaii_bears,49.5
2007-11-15,aaii_bulls,33.0
2007-11-15,aaii_neutral,17.5
2007-11-15,aaii_spread,-16.5
2007-11-15,cboe_putcall,0.8
2007-11-16,cboe_putcall,0.99
2007-11-19,cboe_putcall,0.66
2007-11-20,cboe_putcall,0.79
2007-11-21,cboe_putcall,0.82
2007-11-22,aaii_bears,52.7
2007-11-22,aaii_bulls,25.6
2007-11-22,aaii_neutral,21.7
2007-11-22,aaii_spread,-27.1
2007-11-23,cboe_putcall,0.54
2007-11-26,cboe_putcall,0.7
2007-11-27,cboe_putcall,0.55
2007-11-28,cboe_putcall,0.57
2007-11-29,aaii_bears,56.1
2007-11-29,aaii_bulls,28.6
2007-11-29,aaii_neutral,15.3
2007-11-29,aaii_spread,-27.6
2007-11-29,cboe_putcall,0.59
2007-11-30,cboe_putcall,0.68
2007-12-03,cboe_putcall,0.62
2007-12-04,cboe_putcall,0.87
2007-12-05,cboe_putcall,0.63
2007-12-06,aaii_bears,39.8
2007-12-06,aaii_bulls,40.6
2007-12-06,aaii_neutral,19.5
2007-12-06,aaii_spread,0.8
2007-12-06,cboe_putcall,0.55
2007-12-07,cboe_putcall,0.6
2007-12-10,cboe_putcall,0.68
2007-12-11,cboe_putcall,0.79
2007-12-12,cboe_putcall,0.68
2007-12-13,aaii_bears,35.7
2007-12-13,aaii_bulls,47.6
2007-12-13,aaii_neutral,16.7
2007-12-13,aaii_spread,11.9
2007-12-13,cboe_putcall,0.74
2007-12-14,cboe_putcall,0.62
2007-12-17,cboe_putcall,0.64
2007-12-18,cboe_putcall,0.77
2007-12-19,cboe_putcall,0.71
2007-12-20,aaii_bears,47.2
2007-12-20,aaii_bulls,35.9
2007-12-20,aaii_neutral,17.0
2007-12-20,aaii_spread,-11.3
2007-12-20,cboe_putcall,0.42
2007-12-21,cboe_putcall,0.64
2007-12-24,cboe_putcall,0.72
2007-12-26,cboe_putcall,0.66
2007-12-27,aaii_bears,50.0
2007-12-27,aaii_bulls,30.0
2007-12-27,aaii_neutral,20.0
2007-12-27,aaii_spread,-20.0
2007-12-27,cboe_putcall,0.6
2007-12-28,cboe_putcall,0.56
2007-12-31,cboe_putcall,0.67
2008-01-02,cboe_putcall,0.78
2008-01-03,aaii_bears,55.2
2008-01-03,aaii_bulls,25.7
2008-01-03,aaii_neutral,19.1
2008-01-03,aaii_spread,-29.5
2008-01-03,cboe_putcall,0.71
2008-01-04,cboe_putcall,0.61
2008-01-07,cboe_putcall,0.78
2008-01-08,cboe_putcall,0.97
2008-01-09,cboe_putcall,0.75
2008-01-10,aaii_bears,58.9
2008-01-10,aaii_bulls,19.6
2008-01-10,aaii_neutral,21.5
2008-01-10,aaii_spread,-39.2
2008-01-10,cboe_putcall,0.69
2008-01-11,cboe_putcall,0.71
2008-01-14,cboe_putcall,0.7
2008-01-15,cboe_putcall,1.05
2008-01-16,cboe_putcall,0.87
2008-01-17,aaii_bears,54.4
2008-01-17,aaii_bulls,24.3
2008-01-17,aaii_neutral,21.3
2008-01-17,aaii_spread,-30.1
2008-01-17,cboe_putcall,0.99
2008-01-18,cboe_putcall,0.99
2008-01-22,cboe_putcall,0.73
2008-01-23,cboe_putcall,0.75
2008-01-24,aaii_bears,59.0
2008-01-24,aaii_bulls,25.1
2008-01-24,aaii_neutral,15.8
2008-01-24,aaii_spread,-33.9
2008-01-24,cboe_putcall,0.59
2008-01-25,cboe_putcall,0.67
2008-01-28,cboe_putcall,0.64
2008-01-29,cboe_putcall,0.65
2008-01-30,cboe_putcall,0.62
2008-01-31,aaii_bears,48.9
2008-01-31,aaii_bulls,30.1
2008-01-31,aaii_neutral,21.1
2008-01-31,aaii_spread,-18.8
2008-01-31,cboe_putcall,0.7
2008-02-01,cboe_putcall,0.56
2008-02-04,cboe_putcall,0.68
2008-02-05,cboe_putcall,0.94
2008-02-06,cboe_putcall,0.8
2008-02-07,aaii_bears,47.2
2008-02-07,aaii_bulls,34.1
2008-02-07,aaii_neutral,18.7
2008-02-07,aaii_spread,-13.1
2008-02-07,cboe_putcall,0.88
2008-02-08,cboe_putcall,0.79
2008-02-11,cboe_putcall,0.68
2008-02-12,cboe_putcall,0.78
2008-02-13,cboe_putcall,0.75
2008-02-14,aaii_bears,41.9
2008-02-14,aaii_bulls,33.3
2008-02-14,aaii_neutral,24.8
2008-02-14,aaii_spread,-8.5
2008-02-14,cboe_putcall,0.74
2008-02-15,cboe_putcall,0.78
2008-02-19,cboe_putcall,0.67
2008-02-20,cboe_putcall,0.7
2008-02-21,aaii_bears,44.7
2008-02-21,aaii_bulls,33.2
2008-02-21,aaii_neutral,22.1
2008-02-21,aaii_spread,-11.5
2008-02-21,cboe_putcall,0.69
2008-02-22,cboe_putcall,0.84
2008-02-25,cboe_putcall,0.65
2008-02-26,cboe_putcall,0.8
2008-02-27,cboe_putcall,0.74
2008-02-28,aaii_bears,45.3
2008-02-28,aaii_bulls,34.3
2008-02-28,aaii_neutral,20.4
2008-02-28,aaii_spread,-10.9
2008-02-28,cboe_putcall,0.96
2008-02-29,cboe_putcall,0.84
2008-03-03,cboe_putcall,0.79
2008-03-04,cboe_putcall,0.96
2008-03-05,cboe_putcall,0.68
2008-03-06,aaii_bears,51.6
2008-03-06,aaii_bulls,22.0
2008-03-06,aaii_neutral,26.4
2008-03-06,aaii_spread,-29.7
2008-03-06,cboe_putcall,1.12
2008-03-07,cboe_putcall,0.92
2008-03-10,cboe_putcall,1.0
2008-03-11,cboe_putcall,0.89
2008-03-12,cboe_putcall,0.84
2008-03-13,aaii_bears,59.2
2008-03-13,aaii_bulls,20.4
2008-03-13,aaii_neutral,20.4
2008-03-13,aaii_spread,-38.7
2008-03-13,cboe_putcall,0.82
2008-03-14,cboe_putcall,1.16
2008-03-17,cboe_putcall,1.34
2008-03-18,cboe_putcall,0.78
2008-03-19,cboe_putcall,0.9
2008-03-20,aaii_bears,54.3
2008-03-20,aaii_bulls,25.2
2008-03-20,aaii_neutral,20.5
2008-03-20,aaii_spread,-29.1
2008-03-20,cboe_putcall,0.81
2008-03-24,cboe_putcall,0.63
2008-03-25,cboe_putcall,0.77
2008-03-26,cboe_putcall,0.77
2008-03-27,aaii_bears,33.6
2008-03-27,aaii_bulls,41.6
2008-03-27,aaii_neutral,24.8
2008-03-27,aaii_spread,8.0
2008-03-27,cboe_putcall,0.85
2008-03-28,cboe_putcall,0.86
2008-03-31,cboe_putcall,0.85
2008-04-01,cboe_putcall,0.81
2008-04-02,cboe_putcall,0.78
2008-04-03,aaii_bears,39.4
2008-04-03,aaii_bulls,36.7
2008-04-03,aaii_neutral,23.9
2008-04-03,aaii_spread,-2.7
2008-04-03,cboe_putcall,0.82
2008-04-04,cboe_putcall,0.82
2008-04-07,cboe_putcall,0.74
2008-04-08,cboe_putcall,0.9
2008-04-09,cboe_putcall,0.9
2008-04-10,aaii_bears,37.3
2008-04-10,aaii_bulls,45.8
2008-04-10,aaii_neutral,17.0
2008-04-10,aaii_spread,8.5
2008-04-10,cboe_putcall,0.79
2008-04-11,cboe_putcall,0.9
2008-04-14,cboe_putcall,0.85
2008-04-15,cboe_putcall,0.94
2008-04-16,cboe_putcall,0.72
2008-04-17,aaii_bears,48.7
2008-04-17,aaii_bulls,30.4
2008-04-17,aaii_neutral,20.9
2008-04-17,aaii_spread,-18.3
2008-04-17,cboe_putcall,0.75
2008-04-18,cboe_putcall,0.59
2008-04-21,cboe_putcall,0.6
2008-04-22,cboe_putcall,0.66
2008-04-23,cboe_putcall,0.7
2008-04-24,aaii_bears,27.5
2008-04-24,aaii_bulls,46.7
2008-04-24,aaii_neutral,25.8
2008-04-24,aaii_spread,19.2
2008-04-24,cboe_putcall,0.67
2008-04-25,cboe_putcall,0.73
2008-04-28,cboe_putcall,0.66
2008-04-29,cboe_putcall,0.83
2008-04-30,cboe_putcall,0.66
2008-05-01,aaii_bears,26.3
2008-05-01,aaii_bulls,53.3
2008-05-01,aaii_neutral,20.4
2008-05-01,aaii_spread,27.0
2008-05-01,cboe_putcall,0.58
2008-05-02,cboe_putcall,0.62
2008-05-05,cboe_putcall,0.66
2008-05-06,cboe_putcall,0.57
2008-05-07,cboe_putcall,0.66
2008-05-08,aaii_bears,24.7
2008-05-08,aaii_bulls,52.8
2008-05-08,aaii_neutral,22.5
2008-05-08,aaii_spread,28.1
2008-05-08,cboe_putcall,0.6
2008-05-09,cboe_putcall,0.7
2008-05-12,cboe_putcall,0.66
2008-05-13,cboe_putcall,0.6
2008-05-14,cboe_putcall,0.62
2008-05-15,aaii_bears,29.7
2008-05-15,aaii_bulls,45.2
2008-05-15,aaii_neutral,25.2
2008-05-15,aaii_spread,15.5
2008-05-15,cboe_putcall,0.59
2008-05-16,cboe_putcall,0.59
2008-05-19,cboe_putcall,0.56
2008-05-20,cboe_putcall,0.7
2008-05-21,cboe_putcall,0.79
2008-05-22,aaii_bears,34.3
2008-05-22,aaii_bulls,46.3
2008-05-22,aaii_neutral,19.4
2008-05-22,aaii_spread,12.0
2008-05-22,cboe_putcall,0.63
2008-05-23,cboe_putcall,0.72
2008-05-27,cboe_putcall,0.66
2008-05-28,cboe_putcall,0.62
2008-05-29,aaii_bears,45.8
2008-05-29,aaii_bulls,31.4
2008-05-29,aaii_neutral,22.9
2008-05-29,aaii_spread,-14.4
2008-05-29,cboe_putcall,0.67
2008-05-30,cboe_putcall,0.59
2008-06-02,cboe_putcall,0.76
2008-06-03,cboe_putcall,0.8
2008-06-04,cboe_putcall,0.76
2008-06-05,aaii_bears,38.0
2008-06-05,aaii_bulls,43.5
2008-06-05,aaii_neutral,18.5
2008-06-05,aaii_spread,5.4
2008-06-05,cboe_putcall,0.64
2008-06-06,cboe_putcall,0.76
2008-06-09,cboe_putcall,0.78
2008-06-10,cboe_putcall,0.81
2008-06-11,cboe_putcall,0.85
2008-06-12,aaii_bears,53.6
2008-06-12,aaii_bulls,31.2
2008-06-12,aaii_neutral,15.2
2008-06-12,aaii_spread,-22.3
2008-06-12,cboe_putcall,0.77
2008-06-13,cboe_putcall,0.76
2008-06-16,cboe_putcall,0.81
2008-06-17,cboe_putcall,0.75
2008-06-18,cboe_putcall,0.86
2008-06-19,aaii_bears,45.7
2008-06-19,aaii_bulls,33.0
2008-06-19,aaii_neutral,21.3
2008-06-19,aaii_spread,-12.8
2008-06-19,cboe_putcall,0.76
2008-06-20,cboe_putcall,0.92
2008-06-23,cboe_putcall,0.65
2008-06-24,cboe_putcall,0.7
2008-06-25,cboe_putcall,0.71
2008-06-26,aaii_bears,52.3
2008-06-26,aaii_bulls,31.2
2008-06-26,aaii_neutral,16.5
2008-06-26,aaii_spread,-21.0
2008-06-26,cboe_putcall,0.79
2008-06-27,cboe_putcall,0.81
2008-06-30,cboe_putcall,0.77
2008-07-01,cboe_putcall,0.8
2008-07-02,cboe_putcall,0.71
2008-07-03,aaii_bears,52.1
2008-07-03,aaii_bulls,23.9
2008-07-03,aaii_neutral,23.9
2008-07-03,aaii_spread,-28.2
2008-07-03,cboe_putcall,0.85
2008-07-07,cboe_putcall,0.9
2008-07-08,cboe_putcall,0.74
2008-07-09,cboe_putcall,0.84
2008-07-10,aaii_bears,55.2
2008-07-10,aaii_bulls,22.2
2008-07-10,aaii_neutral,22.7
2008-07-10,aaii_spread,-33.0
2008-07-10,cboe_putcall,0.93
2008-07-11,cboe_putcall,0.91
2008-07-14,cboe_putcall,0.93
2008-07-15,cboe_putcall,0.94
2008-07-16,cboe_putcall,0.78
2008-07-17,aaii_bears,58.1
2008-07-17,aaii_bulls,25.0
2008-07-17,aaii_neutral,16.9
2008-07-17,aaii_spread,-33.1
2008-07-17,cboe_putcall,0.74
2008-07-18,cboe_putcall,0.72
2008-07-21,cboe_putcall,0.7
2008-07-22,cboe_putcall,0.77
2008-07-23,cboe_putcall,0.65
2008-07-24,aaii_bears,44.0
2008-07-24,aaii_bulls,35.8
2008-07-24,aaii_neutral,20.1
2008-07-24,aaii_spread,-8.2
2008-07-24,cboe_putcall,0.82
2008-07-25,cboe_putcall,0.73
2008-07-28,cboe_putcall,0.8
2008-07-29,cboe_putcall,0.68
2008-07-30,cboe_putcall,0.72
2008-07-31,aaii_bears,41.2
2008-07-31,aaii_bulls,40.0
2008-07-31,aaii_neutral,18.8
2008-07-31,aaii_spread,-1.2
2008-07-31,cboe_putcall,0.73
2008-08-01,cboe_putcall,0.86
2008-08-04,cboe_putcall,0.72
2008-08-05,cboe_putcall,0.63
2008-08-06,cboe_putcall,0.73
2008-08-07,aaii_bears,42.4
2008-08-07,aaii_bulls,35.6
2008-08-07,aaii_neutral,22.0
2008-08-07,aaii_spread,-6.8
2008-08-07,cboe_putcall,0.83
2008-08-08,cboe_putcall,0.59
2008-08-11,cboe_putcall,0.68
2008-08-12,cboe_putcall,0.73
2008-08-13,cboe_putcall,0.72
2008-08-14,aaii_bears,39.0
2008-08-14,aaii_bulls,42.9
2008-08-14,aaii_neutral,18.2
2008-08-14,aaii_spread,3.9
2008-08-14,cboe_putcall,0.7
2008-08-15,cboe_putcall,0.65
2008-08-18,cboe_putcall,0.76
2008-08-19,cboe_putcall,0.88
2008-08-20,cboe_putcall,0.7
2008-08-21,aaii_bears,37.3
2008-08-21,aaii_bulls,38.1
2008-08-21,aaii_neutral,24.6
2008-08-21,aaii_spread,0.8
2008-08-21,cboe_putcall,0.65
2008-08-22,cboe_putcall,0.59
2008-08-25,cboe_putcall,0.71
2008-08-26,cboe_putcall,0.8
2008-08-27,cboe_putcall,0.69
2008-08-28,aaii_bears,45.5
2008-08-28,aaii_bulls,30.7
2008-08-28,aaii_neutral,23.9
2008-08-28,aaii_spread,-14.8
2008-08-28,cboe_putcall,0.72
2008-08-29,cboe_putcall,0.71
2008-09-02,cboe_putcall,0.69
2008-09-03,cboe_putcall,0.68
2008-09-04,aaii_bears,43.2
2008-09-04,aaii_bulls,37.0
2008-09-04,aaii_neutral,19.8
2008-09-04,aaii_spread,-6.2
2008-09-04,cboe_putcall,0.79
2008-09-05,cboe_putcall,0.78
2008-09-08,cboe_putcall,0.77
2008-09-09,cboe_putcall,1.0
2008-09-10,cboe_putcall,0.85
2008-09-11,aaii_bears,54.9
2008-09-11,aaii_bulls,29.3
2008-09-11,aaii_neutral,15.8
2008-09-11,aaii_spread,-25.6
2008-09-11,cboe_putcall,0.83
2008-09-12,cboe_putcall,0.9
2008-09-15,cboe_putcall,1.18
2008-09-16,cboe_putcall,0.94
2008-09-17,cboe_putcall,0.98
2008-09-18,aaii_bears,54.4
2008-09-18,aaii_bulls,27.2
2008-09-18,aaii_neutral,18.4
2008-09-18,aaii_spread,-27.2
2008-09-18,cboe_putcall,0.81
2008-09-19,cboe_putcall,0.51
2008-09-22,cboe_putcall,0.73
2008-09-23,cboe_putcall,0.76
2008-09-24,cboe_putcall,0.71
2008-09-25,aaii_bears,45.7
2008-09-25,aaii_bulls,34.0
2008-09-25,aaii_neutral,20.2
2008-09-25,aaii_spread,-11.7
2008-09-25,cboe_putcall,0.63
2008-09-26,cboe_putcall,0.82
2008-09-29,cboe_putcall,0.79
2008-09-30,cboe_putcall,0.73
2008-10-01,cboe_putcall,0.79
2008-10-02,aaii_bears,55.0
2008-10-02,aaii_bulls,33.3
2008-10-02,aaii_neutral,11.7
2008-10-02,aaii_spread,-21.7
2008-10-02,cboe_putcall,0.92
2008-10-03,cboe_putcall,0.73
2008-10-06,cboe_putcall,0.96
2008-10-07,cboe_putcall,0.95
2008-10-08,cboe_putcall,0.9
2008-10-09,aaii_bears,60.8
2008-10-09,aaii_bulls,31.5
2008-10-09,aaii_neutral,7.7
2008-10-09,aaii_spread,-29.4
2008-10-09,cboe_putcall,1.06
2008-10-10,cboe_putcall,1.02
2008-10-13,cboe_putcall,0.69
2008-10-14,cboe_putcall,0.81
2008-10-15,cboe_putcall,0.91
2008-10-16,aaii_bears,39.8
2008-10-16,aaii_bulls,40.9
2008-10-16,aaii_neutral,19.3
2008-10-16,aaii_spread,1.2
2008-10-16,cboe_putcall,0.94
2008-10-17,cboe_putcall,0.82
2008-10-20,cboe_putcall,0.63
2008-10-21,cboe_putcall,0.77
2008-10-22,cboe_putcall,0.9
2008-10-23,aaii_bears,38.7
2008-10-23,aaii_bulls,38.7
2008-10-23,aaii_neutral,22.5
2008-10-23,aaii_spread,0.0
2008-10-23,cboe_putcall,0.92
2008-10-24,cboe_putcall,0.98
2008-10-27,cboe_putcall,0.82
2008-10-28,cboe_putcall,0.68
2008-10-29,cboe_putcall,0.59
2008-10-30,aaii_bears,40.6
2008-10-30,aaii_bulls,37.1
2008-10-30,aaii_neutral,22.3
2008-10-30,aaii_spread,-3.4
2008-10-30,cboe_putcall,0.69
2008-10-31,cboe_putcall,0.75
2008-11-03,cboe_putcall,0.75
2008-11-04,cboe_putcall,0.71
2008-11-05,cboe_putcall,0.81
2008-11-06,aaii_bears,33.3
2008-11-06,aaii_bulls,44.8
2008-11-06,aaii_neutral,21.8
2008-11-06,aaii_spread,11.5
2008-11-06,cboe_putcall,1.02
2008-11-07,cboe_putcall,0.76
2008-11-10,cboe_putcall,0.93
2008-11-11,cboe_putcall,0.96
2008-11-12,cboe_putcall,0.98
2008-11-13,aaii_bears,42.5
2008-11-13,aaii_bulls,38.3
2008-11-13,aaii_neutral,19.2
2008-11-13,aaii_spread,-4.2
2008-11-13,cboe_putcall,0.93
2008-11-14,cboe_putcall,0.83
2008-11-17,cboe_putcall,0.86
2008-11-18,cboe_putcall,0.94
2008-11-19,cboe_putcall,1.16
2008-11-20,aaii_bears,57.1
2008-11-20,aaii_bulls,24.4
2008-11-20,aaii_neutral,18.5
2008-11-20,aaii_spread,-32.8
2008-11-20,cboe_putcall,1.05
2008-11-21,cboe_putcall,1.13
2008-11-24,cboe_putcall,0.57
2008-11-25,cboe_putcall,0.7
2008-11-26,cboe_putcall,0.64
2008-11-27,aaii_bears,44.9
2008-11-27,aaii_bulls,31.2
2008-11-27,aaii_neutral,23.9
2008-11-27,aaii_spread,-13.6
2008-11-28,cboe_putcall,0.72
2008-12-01,cboe_putcall,0.89
2008-12-02,cboe_putcall,0.75
2008-12-03,cboe_putcall,0.74
2008-12-04,aaii_bears,47.8
2008-12-04,aaii_bulls,26.7
2008-12-04,aaii_neutral,25.6
2008-12-04,aaii_spread,-21.1
2008-12-04,cboe_putcall,0.81
2008-12-05,cboe_putcall,0.62
2008-12-08,cboe_putcall,0.73
2008-12-09,cboe_putcall,0.74
2008-12-10,cboe_putcall,0.77
2008-12-11,aaii_bears,39.8
2008-12-11,aaii_bulls,37.5
2008-12-11,aaii_neutral,22.7
2008-12-11,aaii_spread,-2.3
2008-12-11,cboe_putcall,0.84
2008-12-12,cboe_putcall,0.92
2008-12-15,cboe_putcall,0.88
2008-12-16,cboe_putcall,0.72
2008-12-17,cboe_putcall,0.64
2008-12-18,aaii_bears,35.6
2008-12-18,aaii_bulls,39.7
2008-12-18,aaii_neutral,24.7
2008-12-18,aaii_spread,4.1
2008-12-18,cboe_putcall,0.81
2008-12-19,cboe_putcall,0.69
2008-12-22,cboe_putcall,0.68
2008-12-23,cboe_putcall,0.48
2008-12-24,cboe_putcall,0.65
2008-12-25,aaii_bears,43.9
2008-12-25,aaii_bulls,28.9
2008-12-25,aaii_neutral,27.2
2008-12-25,aaii_spread,-14.9
2008-12-26,cboe_putcall,0.65
2008-12-29,cboe_putcall,0.62
2008-12-30,cboe_putcall,0.62
2008-12-31,cboe_putcall,0.61
2009-01-01,aaii_bears,54.7
2009-01-01,aaii_bulls,24.0
2009-01-01,aaii_neutral,21.3
2009-01-01,aaii_spread,-30.7
2009-01-02,cboe_putcall,0.66
2009-01-05,cboe_putcall,0.67
2009-01-06,cboe_putcall,0.73
2009-01-07,cboe_putcall,1.0
2009-01-08,aaii_bears,35.1
2009-01-08,aaii_bulls,48.7
2009-01-08,aaii_neutral,16.2
2009-01-08,aaii_spread,13.6
2009-01-08,cboe_putcall,0.89
2009-01-09,cboe_putcall,0.87
2009-01-12,cboe_putcall,0.99
2009-01-13,cboe_putcall,0.92
2009-01-14,cboe_putcall,0.98
2009-01-15,aaii_bears,47.4
2009-01-15,aaii_bulls,27.6
2009-01-15,aaii_neutral,25.0
2009-01-15,aaii_spread,-19.7
2009-01-15,cboe_putcall,1.0
2009-01-16,cboe_putcall,0.82
2009-01-20,cboe_putcall,0.9
2009-01-21,cboe_putcall,0.8
2009-01-22,aaii_bears,46.3
2009-01-22,aaii_bulls,27.2
2009-01-22,aaii_neutral,26.5
2009-01-22,aaii_spread,-19.1
2009-01-22,cboe_putcall,0.76
2009-01-23,cboe_putcall,0.68
2009-01-26,cboe_putcall,0.66
2009-01-27,cboe_putcall,0.68
2009-01-28,cboe_putcall,0.62
2009-01-29,aaii_bears,47.2
2009-01-29,aaii_bulls,25.3
2009-01-29,aaii_neutral,27.5
2009-01-29,aaii_spread,-22.0
2009-01-29,cboe_putcall,0.89
2009-01-30,cboe_putcall,0.87
2009-02-02,cboe_putcall,0.75
2009-02-03,cboe_putcall,0.77
2009-02-04,cboe_putcall,0.78
2009-02-05,aaii_bears,44.0
2009-02-05,aaii_bulls,24.6
2009-02-05,aaii_neutral,31.3
2009-02-05,aaii_spread,-19.4
2009-02-05,cboe_putcall,0.73
2009-02-06,cboe_putcall,0.59
2009-02-09,cboe_putcall,0.63
2009-02-10,cboe_putcall,0.76
2009-02-11,cboe_putcall,0.81
2009-02-12,aaii_bears,39.2
2009-02-12,aaii_bulls,32.9
2009-02-12,aaii_neutral,27.9
2009-02-12,aaii_spread,-6.3
2009-02-12,cboe_putcall,0.89
2009-02-13,cboe_putcall,0.74
2009-02-17,cboe_putcall,0.95
2009-02-18,cboe_putcall,0.89
2009-02-19,aaii_bears,56.7
2009-02-19,aaii_bulls,21.6
2009-02-19,aaii_neutral,21.6
2009-02-19,aaii_spread,-35.1
2009-02-19,cboe_putcall,0.95
2009-02-20,cboe_putcall,0.83
2009-02-23,cboe_putcall,0.8
2009-02-24,cboe_putcall,0.64
2009-02-25,cboe_putcall,0.65
2009-02-26,aaii_bears,55.1
2009-02-26,aaii_bulls,24.3
2009-02-26,aaii_neutral,20.6
2009-02-26,aaii_spread,-30.8
2009-02-26,cboe_putcall,0.66
2009-02-27,cboe_putcall,0.69
2009-03-02,cboe_putcall,0.86
2009-03-03,cboe_putcall,0.79
2009-03-04,cboe_putcall,0.84
2009-03-05,aaii_bears,70.3
2009-03-05,aaii_bulls,18.9
2009-03-05,aaii_neutral,10.8
2009-03-05,aaii_spread,-51.3
2009-03-05,cboe_putcall,0.9
2009-03-06,cboe_putcall,0.83
2009-03-09,cboe_putcall,0.61
2009-03-10,cboe_putcall,0.57
2009-03-11,cboe_putcall,0.66
2009-03-12,aaii_bears,54.5
2009-03-12,aaii_bulls,27.6
2009-03-12,aaii_neutral,17.9
2009-03-12,aaii_spread,-26.8
2009-03-12,cboe_putcall,0.61
2009-03-13,cboe_putcall,0.61
2009-03-16,cboe_putcall,0.69
2009-03-17,cboe_putcall,0.66
2009-03-18,cboe_putcall,0.54
2009-03-19,aaii_bears,38.3
2009-03-19,aaii_bulls,45.1
2009-03-19,aaii_neutral,16.7
2009-03-19,aaii_spread,6.8
2009-03-19,cboe_putcall,0.57
2009-03-20,cboe_putcall,0.73
2009-03-23,cboe_putcall,0.52
2009-03-24,cboe_putcall,0.62
2009-03-25,cboe_putcall,0.64
2009-03-26,aaii_bears,42.4
2009-03-26,aaii_bulls,39.1
2009-03-26,aaii_neutral,18.5
2009-03-26,aaii_spread,-3.3
2009-03-26,cboe_putcall,0.67
2009-03-27,cboe_putcall,0.74
2009-03-30,cboe_putcall,0.77
2009-03-31,cboe_putcall,0.66
2009-04-01,cboe_putcall,0.71
2009-04-02,aaii_bears,37.1
2009-04-02,aaii_bulls,42.7
2009-04-02,aaii_neutral,20.3
2009-04-02,aaii_spread,5.6
2009-04-02,cboe_putcall,0.59
2009-04-03,cboe_putcall,0.67
2009-04-06,cboe_putcall,0.68
2009-04-07,cboe_putcall,0.8
2009-04-08,cboe_putcall,0.66
2009-04-09,aaii_bears,44.3
2009-04-09,aaii_bulls,35.7
2009-04-09,aaii_neutral,20.0
2009-04-09,aaii_spread,-8.6
2009-04-09,cboe_putcall,0.56
2009-04-13,cboe_putcall,0.51
2009-04-14,cboe_putcall,0.57
2009-04-15,cboe_putcall,0.61
2009-04-16,aaii_bears,35.9
2009-04-16,aaii_bulls,44.1
2009-04-16,aaii_neutral,20.0
2009-04-16,aaii_spread,8.3
2009-04-16,cboe_putcall,0.6
2009-04-17,cboe_putcall,0.55
2009-04-20,cboe_putcall,0.79
2009-04-21,cboe_putcall,0.67
2009-04-22,cboe_putcall,0.64
2009-04-23,aaii_bears,38.6
2009-04-23,aaii_bulls,31.8
2009-04-23,aaii_neutral,29.5
2009-04-23,aaii_spread,-6.8
2009-04-23,cboe_putcall,0.73
2009-04-24,cboe_putcall,0.67
2009-04-27,cboe_putcall,0.65
2009-04-28,cboe_putcall,0.73
2009-04-29,cboe_putcall,0.63
2009-04-30,aaii_bears,43.6
2009-04-30,aaii_bulls,36.1
2009-04-30,aaii_neutral,20.3
2009-04-30,aaii_spread,-7.5
2009-04-30,cboe_putcall,0.64
2009-05-01,cboe_putcall,0.61
2009-05-04,cboe_putcall,0.54
2009-05-05,cboe_putcall,0.59
2009-05-06,cboe_putcall,0.59
2009-05-07,aaii_bears,33.3
2009-05-07,aaii_bulls,44.1
2009-05-07,aaii_neutral,22.6
2009-05-07,aaii_spread,10.8
2009-05-07,cboe_putcall,0.67
2009-05-08,cboe_putcall,0.62
2009-05-11,cboe_putcall,0.63
2009-05-12,cboe_putcall,0.67
2009-05-13,cboe_putcall,0.67
2009-05-14,aaii_bears,35.2
2009-05-14,aaii_bulls,43.8
2009-05-14,aaii_neutral,20.9
2009-05-14,aaii_spread,8.6
2009-05-14,cboe_putcall,0.62
2009-05-15,cboe_putcall,0.63
2009-05-18,cboe_putcall,0.55
2009-05-19,cboe_putcall,0.62
2009-05-20,cboe_putcall,0.63
2009-05-21,aaii_bears,45.4
2009-05-21,aaii_bulls,33.7
2009-05-21,aaii_neutral,20.9
2009-05-21,aaii_spread,-11.6
2009-05-21,cboe_putcall,0.8
2009-05-22,cboe_putcall,0.63
2009-05-26,cboe_putcall,0.54
2009-05-27,cboe_putcall,0.71
2009-05-28,aaii_bears,48.6
2009-05-28,aaii_bulls,40.4
2009-05-28,aaii_neutral,11.0
2009-05-28,aaii_spread,-8.3
2009-05-28,cboe_putcall,0.61
2009-05-29,cboe_putcall,0.63
2009-06-01,cboe_putcall,0.56
2009-06-02,cboe_putcall,0.63
2009-06-03,cboe_putcall,0.76
2009-06-04,aaii_bears,36.6
2009-06-04,aaii_bulls,47.6
2009-06-04,aaii_neutral,15.8
2009-06-04,aaii_spread,11.0
2009-06-04,cboe_putcall,0.63
2009-06-05,cboe_putcall,0.6
2009-06-08,cboe_putcall,0.75
2009-06-09,cboe_putcall,0.66
2009-06-10,cboe_putcall,0.72
2009-06-11,aaii_bears,39.2
2009-06-11,aaii_bulls,39.2
2009-06-11,aaii_neutral,21.5
2009-06-11,aaii_spread,0.0
2009-06-11,cboe_putcall,0.55
2009-06-12,cboe_putcall,0.65
2009-06-15,cboe_putcall,0.6
2009-06-16,cboe_putcall,0.8
2009-06-17,cboe_putcall,0.89
2009-06-18,aaii_bears,46.4
2009-06-18,aaii_bulls,33.3
2009-06-18,aaii_neutral,20.2
2009-06-18,aaii_spread,-13.1
2009-06-18,cboe_putcall,0.77
2009-06-19,cboe_putcall,0.65
2009-06-22,cboe_putcall,0.72
2009-06-23,cboe_putcall,0.77
2009-06-24,cboe_putcall,0.62
2009-06-25,aaii_bears,48.8
2009-06-25,aaii_bulls,28.0
2009-06-25,aaii_neutral,23.2
2009-06-25,aaii_spread,-20.8
2009-06-25,cboe_putcall,0.75
2009-06-26,cboe_putcall,0.71
2009-06-29,cboe_putcall,0.72
2009-06-30,cboe_putcall,0.83
2009-07-01,cboe_putcall,0.73
2009-07-02,aaii_bears,44.6
2009-07-02,aaii_bulls,37.8
2009-07-02,aaii_neutral,17.6
2009-07-02,aaii_spread,-6.8
2009-07-02,cboe_putcall,0.72
2009-07-06,cboe_putcall,0.73
2009-07-07,cboe_putcall,0.86
2009-07-08,cboe_putcall,0.86
2009-07-09,aaii_bears,54.6
2009-07-09,aaii_bulls,27.9
2009-07-09,aaii_neutral,17.4
2009-07-09,aaii_spread,-26.7
2009-07-09,cboe_putcall,0.79
2009-07-10,cboe_putcall,0.77
2009-07-13,cboe_putcall,0.69
2009-07-14,cboe_putcall,0.77
2009-07-15,cboe_putcall,0.61
2009-07-16,aaii_bears,47.1
2009-07-16,aaii_bulls,28.7
2009-07-16,aaii_neutral,24.3
2009-07-16,aaii_spread,-18.4
2009-07-16,cboe_putcall,0.61
2009-07-17,cboe_putcall,0.57
2009-07-20,cboe_putcall,0.6
2009-07-21,cboe_putcall,0.61
2009-07-22,cboe_putcall,0.68
2009-07-23,aaii_bears,42.4
2009-07-23,aaii_bulls,37.6
2009-07-23,aaii_neutral,20.0
2009-07-23,aaii_spread,-4.8
2009-07-23,cboe_putcall,0.66
2009-07-24,cboe_putcall,0.78
2009-07-27,cboe_putcall,0.54
2009-07-28,cboe_putcall,0.64
2009-07-29,cboe_putcall,0.62
2009-07-30,aaii_bears,31.4
2009-07-30,aaii_bulls,47.7
2009-07-30,aaii_neutral,20.9
2009-07-30,aaii_spread,16.3
2009-07-30,cboe_putcall,0.51
2009-07-31,cboe_putcall,0.65
2009-08-03,cboe_putcall,0.62
2009-08-04,cboe_putcall,0.58
2009-08-05,cboe_putcall,0.52
2009-08-06,aaii_bears,35.2
2009-08-06,aaii_bulls,50.0
2009-08-06,aaii_neutral,14.8
2009-08-06,aaii_spread,14.8
2009-08-06,cboe_putcall,0.66
2009-08-07,cboe_putcall,0.49
2009-08-10,cboe_putcall,0.56
2009-08-11,cboe_putcall,0.64
2009-08-12,cboe_putcall,0.6
2009-08-13,aaii_bears,33.0
2009-08-13,aaii_bulls,51.0
2009-08-13,aaii_neutral,16.0
2009-08-13,aaii_spread,18.0
2009-08-13,cboe_putcall,0.51
2009-08-14,cboe_putcall,0.59
2009-08-17,cboe_putcall,0.71
2009-08-18,cboe_putcall,0.63
2009-08-19,cboe_putcall,0.62
2009-08-20,aaii_bears,40.0
2009-08-20,aaii_bulls,34.1
2009-08-20,aaii_neutral,25.9
2009-08-20,aaii_spread,-5.9
2009-08-20,cboe_putcall,0.5
2009-08-21,cboe_putcall,0.39
2009-08-24,cboe_putcall,0.52
2009-08-25,cboe_putcall,0.59
2009-08-26,cboe_putcall,0.64
2009-08-27,aaii_bears,48.5
2009-08-27,aaii_bulls,34.0
2009-08-27,aaii_neutral,17.5
2009-08-27,aaii_spread,-14.6
2009-08-27,cboe_putcall,0.59
2009-08-28,cboe_putcall,0.58
2009-08-31,cboe_putcall,0.63
2009-09-01,cboe_putcall,0.69
2009-09-02,cboe_putcall,0.69
2009-09-03,aaii_bears,38.0
2009-09-03,aaii_bulls,38.0
2009-09-03,aaii_neutral,24.1
2009-09-03,aaii_spread,0.0
2009-09-03,cboe_putcall,0.6
2009-09-04,cboe_putcall,0.59
2009-09-08,cboe_putcall,0.59
2009-09-09,cboe_putcall,0.54
2009-09-10,aaii_bears,44.0
2009-09-10,aaii_bulls,37.3
2009-09-10,aaii_neutral,18.7
2009-09-10,aaii_spread,-6.7
2009-09-10,cboe_putcall,0.61
2009-09-11,cboe_putcall,0.61
2009-09-14,cboe_putcall,0.55
2009-09-15,cboe_putcall,0.56
2009-09-16,cboe_putcall,0.46
2009-09-17,aaii_bears,40.0
2009-09-17,aaii_bulls,42.1
2009-09-17,aaii_neutral,17.9
2009-09-17,aaii_spread,2.1
2009-09-17,cboe_putcall,0.53
2009-09-18,cboe_putcall,0.56
2009-09-21,cboe_putcall,0.64
2009-09-22,cboe_putcall,0.55
2009-09-23,cboe_putcall,0.6
2009-09-24,aaii_bears,44.5
2009-09-24,aaii_bulls,39.1
2009-09-24,aaii_neutral,16.4
2009-09-24,aaii_spread,-5.5
2009-09-24,cboe_putcall,0.71
2009-09-25,cboe_putcall,0.58
2009-09-28,cboe_putcall,0.6
2009-09-29,cboe_putcall,0.61
2009-09-30,cboe_putcall,0.73
2009-10-01,aaii_bears,35.5
2009-10-01,aaii_bulls,43.5
2009-10-01,aaii_neutral,21.0
2009-10-01,aaii_spread,8.1
2009-10-01,cboe_putcall,0.73
2009-10-02,cboe_putcall,0.85
2009-10-05,cboe_putcall,0.56
2009-10-06,cboe_putcall,0.48
2009-10-07,cboe_putcall,0.51
2009-10-08,aaii_bears,41.2
2009-10-08,aaii_bulls,35.1
2009-10-08,aaii_neutral,23.7
2009-10-08,aaii_spread,-6.1
2009-10-08,cboe_putcall,0.53
2009-10-09,cboe_putcall,0.55
2009-10-12,cboe_putcall,0.56
2009-10-13,cboe_putcall,0.56
2009-10-14,cboe_putcall,0.47
2009-10-15,aaii_bears,33.8
2009-10-15,aaii_bulls,47.3
2009-10-15,aaii_neutral,18.9
2009-10-15,aaii_spread,13.5
2009-10-15,cboe_putcall,0.46
2009-10-16,cboe_putcall,0.54
2009-10-19,cboe_putcall,0.61
2009-10-20,cboe_putcall,0.67
2009-10-21,cboe_putcall,0.55
2009-10-22,aaii_bears,35.7
2009-10-22,aaii_bulls,40.5
2009-10-22,aaii_neutral,23.8
2009-10-22,aaii_spread,4.8
2009-10-22,cboe_putcall,0.6
2009-10-23,cboe_putcall,0.64
2009-10-26,cboe_putcall,0.65
2009-10-27,cboe_putcall,0.62
2009-10-28,cboe_putcall,0.69
2009-10-29,aaii_bears,42.3
2009-10-29,aaii_bulls,33.7
2009-10-29,aaii_neutral,24.0
2009-10-29,aaii_spread,-8.7
2009-10-29,cboe_putcall,0.53
2009-10-30,cboe_putcall,0.8
2009-11-02,cboe_putcall,0.79
2009-11-03,cboe_putcall,0.69
2009-11-04,cboe_putcall,0.57
2009-11-05,aaii_bears,55.6
2009-11-05,aaii_bulls,22.2
2009-11-05,aaii_neutral,22.2
2009-11-05,aaii_spread,-33.3
2009-11-05,cboe_putcall,0.64
2009-11-06,cboe_putcall,0.64
2009-11-09,cboe_putcall,0.53
2009-11-10,cboe_putcall,0.57
2009-11-11,cboe_putcall,0.51
2009-11-12,aaii_bears,38.6
2009-11-12,aaii_bulls,38.6
2009-11-12,aaii_neutral,22.8
2009-11-12,aaii_spread,0.0
2009-11-12,cboe_putcall,0.58
2009-11-13,cboe_putcall,0.62
2009-11-16,cboe_putcall,0.56
2009-11-17,cboe_putcall,0.66
2009-11-18,cboe_putcall,0.59
2009-11-19,aaii_bears,31.8
2009-11-19,aaii_bulls,42.7
2009-11-19,aaii_neutral,25.4
2009-11-19,aaii_spread,10.9
2009-11-19,cboe_putcall,0.73
2009-11-20,cboe_putcall,0.66
2009-11-23,cboe_putcall,0.55
2009-11-24,cboe_putcall,0.64
2009-11-25,cboe_putcall,0.61
2009-11-26,aaii_bears,41.7
2009-11-26,aaii_bulls,41.7
2009-11-26,aaii_neutral,16.7
2009-11-26,aaii_spread,0.0
2009-11-27,cboe_putcall,0.77
2009-11-30,cboe_putcall,0.77
2009-12-01,cboe_putcall,0.56
2009-12-02,cboe_putcall,0.55
2009-12-03,aaii_bears,33.7
2009-12-03,aaii_bulls,41.6
2009-12-03,aaii_neutral,24.8
2009-12-03,aaii_spread,7.9
2009-12-03,cboe_putcall,0.61
2009-12-04,cboe_putcall,0.66
2009-12-07,cboe_putcall,0.65
2009-12-08,cboe_putcall,0.63
2009-12-09,cboe_putcall,0.56
2009-12-10,aaii_bears,35.4
2009-12-10,aaii_bulls,42.7
2009-12-10,aaii_neutral,21.9
2009-12-10,aaii_spread,7.3
2009-12-10,cboe_putcall,0.6
2009-12-11,cboe_putcall,0.6
2009-12-14,cboe_putcall,0.61
2009-12-15,cboe_putcall,0.58
2009-12-16,cboe_putcall,0.65
2009-12-17,aaii_bears,28.4
2009-12-17,aaii_bulls,42.1
2009-12-17,aaii_neutral,29.5
2009-12-17,aaii_spread,13.7
2009-12-17,cboe_putcall,0.67
2009-12-18,cboe_putcall,0.67
2009-12-21,cboe_putcall,0.5
2009-12-22,cboe_putcall,0.65
2009-12-23,cboe_putcall,0.59
2009-12-24,aaii_bears,37.7
2009-12-24,aaii_bulls,37.7
2009-12-24,aaii_neutral,24.6
2009-12-24,aaii_spread,0.0
2009-12-24,cboe_putcall,0.49
2009-12-28,cboe_putcall,0.53
2009-12-29,cboe_putcall,0.59
2009-12-30,cboe_putcall,0.59
2009-12-31,aaii_bears,22.9
2009-12-31,aaii_bulls,49.2
2009-12-31,aaii_neutral,27.9
2009-12-31,aaii_spread,26.2
2009-12-31,cboe_putcall,0.59
2010-01-04,cboe_putcall,0.48
2010-01-05,cboe_putcall,0.55
2010-01-06,cboe_putcall,0.5
2010-01-07,aaii_bears,26.0
2010-01-07,aaii_bulls,41.0
2010-01-07,aaii_neutral,33.0
2010-01-07,aaii_spread,15.0
2010-01-07,cboe_putcall,0.48
2010-01-08,cboe_putcall,0.46
2010-01-11,cboe_putcall,0.46
2010-01-12,cboe_putcall,0.58
2010-01-13,cboe_putcall,0.55
2010-01-14,aaii_bears,26.9
2010-01-14,aaii_bulls,47.4
2010-01-14,aaii_neutral,25.6
2010-01-14,aaii_spread,20.5
2010-01-14,cboe_putcall,0.53
2010-01-15,cboe_putcall,0.58
2010-01-19,cboe_putcall,0.56
2010-01-20,cboe_putcall,0.66
2010-01-21,aaii_bears,34.7
2010-01-21,aaii_bulls,40.0
2010-01-21,aaii_neutral,25.3
2010-01-21,aaii_spread,5.3
2010-01-21,cboe_putcall,0.7
2010-01-22,cboe_putcall,0.75
2010-01-25,cboe_putcall,0.64
2010-01-26,cboe_putcall,0.65
2010-01-27,cboe_putcall,0.67
2010-01-28,aaii_bears,36.7
2010-01-28,aaii_bulls,35.0
2010-01-28,aaii_neutral,28.3
2010-01-28,aaii_spread,-1.7
2010-01-28,cboe_putcall,0.65
2010-01-29,cboe_putcall,0.73
2010-02-01,cboe_putcall,0.58
2010-02-02,cboe_putcall,0.58
2010-02-03,cboe_putcall,0.64
2010-02-04,aaii_bears,43.1
2010-02-04,aaii_bulls,29.2
2010-02-04,aaii_neutral,27.7
2010-02-04,aaii_spread,-13.9
2010-02-04,cboe_putcall,0.78
2010-02-05,cboe_putcall,0.78
2010-02-08,cboe_putcall,0.7
2010-02-09,cboe_putcall,0.71
2010-02-10,cboe_putcall,0.63
2010-02-11,aaii_bears,41.9
2010-02-11,aaii_bulls,36.8
2010-02-11,aaii_neutral,21.4
2010-02-11,aaii_spread,-5.1
2010-02-11,cboe_putcall,0.73
2010-02-12,cboe_putcall,0.61
2010-02-16,cboe_putcall,0.63
2010-02-17,cboe_putcall,0.61
2010-02-18,aaii_bears,35.2
2010-02-18,aaii_bulls,35.9
2010-02-18,aaii_neutral,28.9
2010-02-18,aaii_spread,0.6
2010-02-18,cboe_putcall,0.67
2010-02-19,cboe_putcall,0.66
2010-02-22,cboe_putcall,0.6
2010-02-23,cboe_putcall,0.78
2010-02-24,cboe_putcall,0.67
2010-02-25,aaii_bears,29.5
2010-02-25,aaii_bulls,34.9
2010-02-25,aaii_neutral,35.6
2010-02-25,aaii_spread,5.4
2010-02-25,cboe_putcall,0.81
2010-02-26,cboe_putcall,0.68
2010-03-01,cboe_putcall,0.58
2010-03-02,cboe_putcall,0.6
2010-03-03,cboe_putcall,0.65
2010-03-04,aaii_bears,26.2
2010-03-04,aaii_bulls,35.9
2010-03-04,aaii_neutral,37.9
2010-03-04,aaii_spread,9.6
2010-03-04,cboe_putcall,0.66
2010-03-05,cboe_putcall,0.52
2010-03-08,cboe_putcall,0.51
2010-03-09,cboe_putcall,0.46
2010-03-10,cboe_putcall,0.52
2010-03-11,aaii_bears,25.3
2010-03-11,aaii_bulls,45.3
2010-03-11,aaii_neutral,29.4
2010-03-11,aaii_spread,20.0
2010-03-11,cboe_putcall,0.53
2010-03-12,cboe_putcall,0.51
2010-03-15,cboe_putcall,0.56
2010-03-16,cboe_putcall,0.52
2010-03-17,cboe_putcall,0.49
2010-03-18,aaii_bears,29.9
2010-03-18,aaii_bulls,35.4
2010-03-18,aaii_neutral,34.8
2010-03-18,aaii_spread,5.5
2010-03-18,cboe_putcall,0.53
2010-03-19,cboe_putcall,0.6
2010-03-22,cboe_putcall,0.53
2010-03-23,cboe_putcall,0.58
2010-03-24,cboe_putcall,0.64
2010-03-25,aaii_bears,34.7
2010-03-25,aaii_bulls,32.4
2010-03-25,aaii_neutral,33.0
2010-03-25,aaii_spread,-2.3
2010-03-25,cboe_putcall,0.49
2010-03-26,cboe_putcall,0.65
2010-03-29,cboe_putcall,0.64
2010-03-30,cboe_putcall,0.53
2010-03-31,cboe_putcall,0.51
2010-04-01,aaii_bears,31.2
2010-04-01,aaii_bulls,41.3
2010-04-01,aaii_neutral,27.5
2010-04-01,aaii_spread,10.1
2010-04-01,cboe_putcall,0.51
2010-04-05,cboe_putcall,0.43
2010-04-06,cboe_putcall,0.44
2010-04-07,cboe_putcall,0.57
2010-04-08,aaii_bears,30.4
2010-04-08,aaii_bulls,42.9
2010-04-08,aaii_neutral,26.8
2010-04-08,aaii_spread,12.5
2010-04-08,cboe_putcall,0.46
2010-04-09,cboe_putcall,0.48
2010-04-12,cboe_putcall,0.4
2010-04-13,cboe_putcall,0.48
2010-04-14,cboe_putcall,0.32
2010-04-15,aaii_bears,29.7
2010-04-15,aaii_bulls,48.5
2010-04-15,aaii_neutral,21.8
2010-04-15,aaii_spread,18.8
2010-04-15,cboe_putcall,0.36
2010-04-16,cboe_putcall,0.52
2010-04-19,cboe_putcall,0.5
2010-04-20,cboe_putcall,0.51
2010-04-21,cboe_putcall,0.52
2010-04-22,aaii_bears,34.2
2010-04-22,aaii_bulls,38.1
2010-04-22,aaii_neutral,27.6
2010-04-22,aaii_spread,3.9
2010-04-22,cboe_putcall,0.51
2010-04-23,cboe_putcall,0.48
2010-04-26,cboe_putcall,0.42
2010-04-27,cboe_putcall,0.57
2010-04-28,cboe_putcall,0.53
2010-04-29,aaii_bears,28.6
2010-04-29,aaii_bulls,41.4
2010-04-29,aaii_neutral,30.0
2010-04-29,aaii_spread,12.7
2010-04-29,cboe_putcall,0.49
2010-04-30,cboe_putcall,0.61
2010-05-03,cboe_putcall,0.53
2010-05-04,cboe_putcall,0.68
2010-05-05,cboe_putcall,0.7
2010-05-06,aaii_bears,28.6
2010-05-06,aaii_bulls,39.1
2010-05-06,aaii_neutral,32.3
2010-05-06,aaii_spread,10.6
2010-05-06,cboe_putcall,0.72
2010-05-07,cboe_putcall,0.8
2010-05-10,cboe_putcall,0.62
2010-05-11,cboe_putcall,0.69
2010-05-12,cboe_putcall,0.51
2010-05-13,aaii_bears,36.6
2010-05-13,aaii_bulls,36.6
2010-05-13,aaii_neutral,26.8
2010-05-13,aaii_spread,0.0
2010-05-13,cboe_putcall,0.56
2010-05-14,cboe_putcall,0.73
2010-05-17,cboe_putcall,0.7
2010-05-18,cboe_putcall,0.64
2010-05-19,cboe_putcall,0.82
2010-05-20,aaii_bears,33.7
2010-05-20,aaii_bulls,41.3
2010-05-20,aaii_neutral,25.0
2010-05-20,aaii_spread,7.6
2010-05-20,cboe_putcall,0.91
2010-05-21,cboe_putcall,0.87
2010-05-24,cboe_putcall,0.62
2010-05-25,cboe_putcall,0.66
2010-05-26,cboe_putcall,0.53
2010-05-27,aaii_bears,50.9
2010-05-27,aaii_bulls,29.8
2010-05-27,aaii_neutral,19.3
2010-05-27,aaii_spread,-21.1
2010-05-27,cboe_putcall,0.5
2010-05-28,cboe_putcall,0.58
2010-06-01,cboe_putcall,0.61
2010-06-02,cboe_putcall,0.63
2010-06-03,aaii_bears,40.8
2010-06-03,aaii_bulls,37.1
2010-06-03,aaii_neutral,22.1
2010-06-03,aaii_spread,-3.8
2010-06-03,cboe_putcall,0.59
2010-06-04,cboe_putcall,0.6
2010-06-07,cboe_putcall,0.6
2010-06-08,cboe_putcall,0.7
2010-06-09,cboe_putcall,0.74
2010-06-10,aaii_bears,43.1
2010-06-10,aaii_bulls,34.5
2010-06-10,aaii_neutral,22.4
2010-06-10,aaii_spread,-8.6
2010-06-10,cboe_putcall,0.66
2010-06-11,cboe_putcall,0.7
2010-06-14,cboe_putcall,0.7
2010-06-15,cboe_putcall,0.56
2010-06-16,cboe_putcall,0.66
2010-06-17,aaii_bears,30.7
2010-06-17,aaii_bulls,42.4
2010-06-17,aaii_neutral,26.9
2010-06-17,aaii_spread,11.8
2010-06-17,cboe_putcall,0.71
2010-06-18,cboe_putcall,0.62
2010-06-21,cboe_putcall,0.54
2010-06-22,cboe_putcall,0.63
2010-06-23,cboe_putcall,0.71
2010-06-24,aaii_bears,32.4
2010-06-24,aaii_bulls,34.5
2010-06-24,aaii_neutral,33.1
2010-06-24,aaii_spread,2.0
2010-06-24,cboe_putcall,0.82
2010-06-25,cboe_putcall,0.63
2010-06-28,cboe_putcall,0.66
2010-06-29,cboe_putcall,0.8
2010-06-30,cboe_putcall,0.62
2010-07-01,aaii_bears,42.0
2010-07-01,aaii_bulls,24.7
2010-07-01,aaii_neutral,33.3
2010-07-01,aaii_spread,-17.3
2010-07-01,cboe_putcall,0.75
2010-07-02,cboe_putcall,0.6
2010-07-06,cboe_putcall,0.61
2010-07-07,cboe_putcall,0.52
2010-07-08,aaii_bears,57.1
2010-07-08,aaii_bulls,20.9
2010-07-08,aaii_neutral,22.0
2010-07-08,aaii_spread,-36.1
2010-07-08,cboe_putcall,0.56
2010-07-09,cboe_putcall,0.58
2010-07-12,cboe_putcall,0.61
2010-07-13,cboe_putcall,0.49
2010-07-14,cboe_putcall,0.56
2010-07-15,aaii_bears,37.8
2010-07-15,aaii_bulls,39.4
2010-07-15,aaii_neutral,22.8
2010-07-15,aaii_spread,1.6
2010-07-15,cboe_putcall,0.61
2010-07-16,cboe_putcall,0.74
2010-07-19,cboe_putcall,0.51
2010-07-20,cboe_putcall,0.51
2010-07-21,cboe_putcall,0.63
2010-07-22,aaii_bears,45.0
2010-07-22,aaii_bulls,32.2
2010-07-22,aaii_neutral,22.8
2010-07-22,aaii_spread,-12.9
2010-07-22,cboe_putcall,0.52
2010-07-23,cboe_putcall,0.55
2010-07-26,cboe_putcall,0.53
2010-07-27,cboe_putcall,0.52
2010-07-28,cboe_putcall,0.7
2010-07-29,aaii_bears,33.3
2010-07-29,aaii_bulls,40.0
2010-07-29,aaii_neutral,26.7
2010-07-29,aaii_spread,6.7
2010-07-29,cboe_putcall,0.65
2010-07-30,cboe_putcall,0.61
2010-08-02,cboe_putcall,0.56
2010-08-03,cboe_putcall,0.6
2010-08-04,cboe_putcall,0.56
2010-08-05,aaii_bears,38.2
2010-08-05,aaii_bulls,30.4
2010-08-05,aaii_neutral,31.4
2010-08-05,aaii_spread,-7.9
2010-08-05,cboe_putcall,0.61
2010-08-06,cboe_putcall,0.58
2010-08-09,cboe_putcall,0.56
2010-08-10,cboe_putcall,0.63
2010-08-11,cboe_putcall,0.75
2010-08-12,aaii_bears,30.1
2010-08-12,aaii_bulls,39.8
2010-08-12,aaii_neutral,30.1
2010-08-12,aaii_spread,9.6
2010-08-12,cboe_putcall,0.61
2010-08-13,cboe_putcall,0.66
2010-08-16,cboe_putcall,0.7
2010-08-17,cboe_putcall,0.62
2010-08-18,cboe_putcall,0.67
2010-08-19,aaii_bears,42.5
2010-08-19,aaii_bulls,30.1
2010-08-19,aaii_neutral,27.4
2010-08-19,aaii_spread,-12.4
2010-08-19,cboe_putcall,0.71
2010-08-20,cboe_putcall,0.73
2010-08-23,cboe_putcall,0.4
2010-08-24,cboe_putcall,0.73
2010-08-25,cboe_putcall,0.61
2010-08-26,aaii_bears,49.5
2010-08-26,aaii_bulls,20.7
2010-08-26,aaii_neutral,29.8
2010-08-26,aaii_spread,-28.7
2010-08-26,cboe_putcall,0.62
2010-08-27,cboe_putcall,0.56
2010-08-30,cboe_putcall,0.58
2010-08-31,cboe_putcall,0.74
2010-09-01,cboe_putcall,0.48
2010-09-02,aaii_bears,42.2
2010-09-02,aaii_bulls,30.8
2010-09-02,aaii_neutral,27.0
2010-09-02,aaii_spread,-11.4
2010-09-02,cboe_putcall,0.55
2010-09-03,cboe_putcall,0.56
2010-09-07,cboe_putcall,0.61
2010-09-08,cboe_putcall,0.54
2010-09-09,aaii_bears,31.6
2010-09-09,aaii_bulls,43.9
2010-09-09,aaii_neutral,24.5
2010-09-09,aaii_spread,12.3
2010-09-09,cboe_putcall,0.6
2010-09-10,cboe_putcall,0.66
2010-09-13,cboe_putcall,0.52
2010-09-14,cboe_putcall,0.59
2010-09-15,cboe_putcall,0.56
2010-09-16,aaii_bears,24.3
2010-09-16,aaii_bulls,50.9
2010-09-16,aaii_neutral,24.9
2010-09-16,aaii_spread,26.6
2010-09-16,cboe_putcall,0.58
2010-09-17,cboe_putcall,0.59
2010-09-20,cboe_putcall,0.48
2010-09-21,cboe_putcall,0.6
2010-09-22,cboe_putcall,0.73
2010-09-23,aaii_bears,25.4
2010-09-23,aaii_bulls,45.0
2010-09-23,aaii_neutral,29.6
2010-09-23,aaii_spread,19.6
2010-09-23,cboe_putcall,0.63
2010-09-24,cboe_putcall,0.53
2010-09-27,cboe_putcall,0.57
2010-09-28,cboe_putcall,0.59
2010-09-29,cboe_putcall,0.54
2010-09-30,aaii_bears,31.6
2010-09-30,aaii_bulls,42.5
2010-09-30,aaii_neutral,25.9
2010-09-30,aaii_spread,10.9
2010-09-30,cboe_putcall,0.52
2010-10-01,cboe_putcall,0.54
2010-10-04,cboe_putcall,0.59
2010-10-05,cboe_putcall,0.54
2010-10-06,cboe_putcall,0.58
2010-10-07,aaii_bears,27.7
2010-10-07,aaii_bulls,49.0
2010-10-07,aaii_neutral,23.2
2010-10-07,aaii_spread,21.3
2010-10-07,cboe_putcall,0.66
2010-10-08,cboe_putcall,0.55
2010-10-11,cboe_putcall,0.57
2010-10-12,cboe_putcall,0.51
2010-10-13,cboe_putcall,0.45
2010-10-14,aaii_bears,26.8
2010-10-14,aaii_bulls,47.1
2010-10-14,aaii_neutral,26.1
2010-10-14,aaii_spread,20.3
2010-10-14,cboe_putcall,0.57
2010-10-15,cboe_putcall,0.56
2010-10-18,cboe_putcall,0.56
2010-10-19,cboe_putcall,0.74
2010-10-20,cboe_putcall,0.66
2010-10-21,aaii_bears,25.2
2010-10-21,aaii_bulls,49.6
2010-10-21,aaii_neutral,25.2
2010-10-21,aaii_spread,24.4
2010-10-21,cboe_putcall,0.72
2010-10-22,cboe_putcall,0.68
2010-10-25,cboe_putcall,0.63
2010-10-26,cboe_putcall,0.6
2010-10-27,cboe_putcall,0.62
2010-10-28,aaii_bears,21.6
2010-10-28,aaii_bulls,51.2
2010-10-28,aaii_neutral,27.2
2010-10-28,aaii_spread,29.6
2010-10-28,cboe_putcall,0.6
2010-10-29,cboe_putcall,0.54
2010-11-01,cboe_putcall,0.63
2010-11-02,cboe_putcall,0.54
2010-11-03,cboe_putcall,0.52
2010-11-04,aaii_bears,29.8
2010-11-04,aaii_bulls,48.2
2010-11-04,aaii_neutral,22.0
2010-11-04,aaii_spread,18.4
2010-11-04,cboe_putcall,0.44
2010-11-05,cboe_putcall,0.41
2010-11-08,cboe_putcall,0.5
2010-11-09,cboe_putcall,0.56
2010-11-10,cboe_putcall,0.47
2010-11-11,aaii_bears,28.5
2010-11-11,aaii_bulls,57.6
2010-11-11,aaii_neutral,14.0
2010-11-11,aaii_spread,29.1
2010-11-11,cboe_putcall,0.55
2010-11-12,cboe_putcall,0.63
2010-11-15,cboe_putcall,0.55
2010-11-16,cboe_putcall,0.66
2010-11-17,cboe_putcall,0.56
2010-11-18,aaii_bears,32.5
2010-11-18,aaii_bulls,40.0
2010-11-18,aaii_neutral,27.5
2010-11-18,aaii_spread,7.5
2010-11-18,cboe_putcall,0.53
2010-11-19,cboe_putcall,0.56
2010-11-22,cboe_putcall,0.56
2010-11-23,cboe_putcall,0.7
2010-11-24,cboe_putcall,0.53
2010-11-25,aaii_bears,24.7
2010-11-25,aaii_bulls,47.4
2010-11-25,aaii_neutral,27.9
2010-11-25,aaii_spread,22.7
2010-11-26,cboe_putcall,0.64
2010-11-29,cboe_putcall,0.7
2010-11-30,cboe_putcall,0.57
2010-12-01,cboe_putcall,0.45
2010-12-02,aaii_bears,26.2
2010-12-02,aaii_bulls,49.7
2010-12-02,aaii_neutral,24.1
2010-12-02,aaii_spread,23.4
2010-12-02,cboe_putcall,0.45
2010-12-03,cboe_putcall,0.5
2010-12-06,cboe_putcall,0.49
2010-12-07,cboe_putcall,0.45
2010-12-08,cboe_putcall,0.47
2010-12-09,aaii_bears,22.6
2010-12-09,aaii_bulls,53.0
2010-12-09,aaii_neutral,24.4
2010-12-09,aaii_spread,30.5
2010-12-09,cboe_putcall,0.43
2010-12-10,cboe_putcall,0.42
2010-12-13,cboe_putcall,0.35
2010-12-14,cboe_putcall,0.5
2010-12-15,cboe_putcall,0.51
2010-12-16,aaii_bears,27.2
2010-12-16,aaii_bulls,50.2
2010-12-16,aaii_neutral,22.6
2010-12-16,aaii_spread,23.1
2010-12-16,cboe_putcall,0.5
2010-12-17,cboe_putcall,0.49
2010-12-20,cboe_putcall,0.58
2010-12-21,cboe_putcall,0.5
2010-12-22,cboe_putcall,0.47
2010-12-23,aaii_bears,16.4
2010-12-23,aaii_bulls,63.3
2010-12-23,aaii_neutral,20.3
2010-12-23,aaii_spread,46.9
2010-12-23,cboe_putcall,0.52
2010-12-27,cboe_putcall,0.53
2010-12-28,cboe_putcall,0.55
2010-12-29,cboe_putcall,0.52
2010-12-30,aaii_bears,20.1
2010-12-30,aaii_bulls,51.6
2010-12-30,aaii_neutral,28.3
2010-12-30,aaii_spread,31.6
2010-12-30,cboe_putcall,0.51
2010-12-31,cboe_putcall,0.7
2011-01-03,cboe_putcall,0.4
2011-01-03,cnn_fear_greed,68
2011-01-04,cboe_putcall,0.43
2011-01-04,cnn_fear_greed,68
2011-01-05,cboe_putcall,0.48
2011-01-05,cnn_fear_greed,67
2011-01-06,aaii_bears,18.2
2011-01-06,aaii_bulls,55.9
2011-01-06,aaii_neutral,25.9
2011-01-06,aaii_spread,37.6
2011-01-06,cboe_putcall,0.46
2011-01-06,cnn_fear_greed,64
2011-01-07,cboe_putcall,0.5
2011-01-07,cnn_fear_greed,63
2011-01-10,cboe_putcall,0.54
2011-01-10,cnn_fear_greed,58
2011-01-11,cboe_putcall,0.53
2011-01-11,cnn_fear_greed,58
2011-01-12,cboe_putcall,0.45
2011-01-12,cnn_fear_greed,58
2011-01-13,aaii_bears,23.4
2011-01-13,aaii_bulls,52.3
2011-01-13,aaii_neutral,24.2
2011-01-13,aaii_spread,28.9
2011-01-13,cboe_putcall,0.5
2011-01-13,cnn_fear_greed,58
2011-01-14,cboe_putcall,0.37
2011-01-14,cnn_fear_greed,60
2011-01-18,cboe_putcall,0.44
2011-01-18,cnn_fear_greed,56
2011-01-19,cboe_putcall,0.47
2011-01-19,cnn_fear_greed,55
2011-01-20,aaii_bears,29.1
2011-01-20,aaii_bulls,50.7
2011-01-20,aaii_neutral,20.2
2011-01-20,aaii_spread,21.6
2011-01-20,cboe_putcall,0.67
2011-01-20,cnn_fear_greed,54
2011-01-21,cboe_putcall,0.55
2011-01-21,cnn_fear_greed,47
2011-01-24,cboe_putcall,0.51
2011-01-24,cnn_fear_greed,45
2011-01-25,cboe_putcall,0.63
2011-01-25,cnn_fear_greed,43
2011-01-26,cboe_putcall,0.58
2011-01-26,cnn_fear_greed,43
2011-01-27,aaii_bears,34.3
2011-01-27,aaii_bulls,42.0
2011-01-27,aaii_neutral,23.7
2011-01-27,aaii_spread,7.8
2011-01-27,cboe_putcall,0.56
2011-01-27,cnn_fear_greed,43
2011-01-28,cboe_putcall,0.65
2011-01-28,cnn_fear_greed,43
2011-01-31,cboe_putcall,0.61
2011-01-31,cnn_fear_greed,41
2011-02-01,cboe_putcall,0.49
2011-02-01,cnn_fear_greed,41
2011-02-02,cboe_putcall,0.45
2011-02-02,cnn_fear_greed,46
2011-02-03,aaii_bears,26.9
2011-02-03,aaii_bulls,51.5
2011-02-03,aaii_neutral,21.6
2011-02-03,aaii_spread,24.7
2011-02-03,cboe_putcall,0.58
2011-02-03,cnn_fear_greed,47
2011-02-04,cboe_putcall,0.64
2011-02-04,cnn_fear_greed,49
2011-02-07,cboe_putcall,0.46
2011-02-07,cnn_fear_greed,56
2011-02-08,cboe_putcall,0.52
2011-02-08,cnn_fear_greed,56
2011-02-09,cboe_putcall,0.52
2011-02-09,cnn_fear_greed,56
2011-02-10,aaii_bears,26.9
2011-02-10,aaii_bulls,49.4
2011-02-10,aaii_neutral,23.7
2011-02-10,aaii_spread,22.5
2011-02-10,cboe_putcall,0.55
2011-02-10,cnn_fear_greed,56
2011-02-11,cboe_putcall,0.51
2011-02-11,cnn_fear_greed,56
2011-02-14,cboe_putcall,0.51
2011-02-14,cnn_fear_greed,61
2011-02-15,cboe_putcall,0.53
2011-02-15,cnn_fear_greed,61
2011-02-16,cboe_putcall,0.58
2011-02-16,cnn_fear_greed,61
2011-02-17,aaii_bears,25.6
2011-02-17,aaii_bulls,46.6
2011-02-17,aaii_neutral,27.9
2011-02-17,aaii_spread,21.0
2011-02-17,cboe_putcall,0.5
2011-02-17,cnn_fear_greed,61
2011-02-18,cboe_putcall,0.61
2011-02-18,cnn_fear_greed,56
2011-02-22,cboe_putcall,0.68
2011-02-22,cnn_fear_greed,42
2011-02-23,cboe_putcall,0.72
2011-02-23,cnn_fear_greed,42
2011-02-24,aaii_bears,36.1
2011-02-24,aaii_bulls,36.6
2011-02-24,aaii_neutral,27.2
2011-02-24,aaii_spread,0.5
2011-02-24,cboe_putcall,0.71
2011-02-24,cnn_fear_greed,42
2011-02-25,cboe_putcall,0.49
2011-02-25,cnn_fear_greed,42
2011-02-28,cboe_putcall,0.53
2011-02-28,cnn_fear_greed,43
2011-03-01,cboe_putcall,0.64
2011-03-01,cnn_fear_greed,43
2011-03-02,cboe_putcall,0.55
2011-03-02,cnn_fear_greed,42
2011-03-03,aaii_bears,33.2
2011-03-03,aaii_bulls,36.8
2011-03-03,aaii_neutral,30.0
2011-03-03,aaii_spread,3.6
2011-03-03,cboe_putcall,0.55
2011-03-03,cnn_fear_greed,41
2011-03-04,cboe_putcall,0.57
2011-03-04,cnn_fear_greed,39
2011-03-07,cboe_putcall,0.64
2011-03-07,cnn_fear_greed,35
2011-03-08,cboe_putcall,0.54
2011-03-08,cnn_fear_greed,27
2011-03-09,cboe_putcall,0.6
2011-03-09,cnn_fear_greed,26
2011-03-10,aaii_bears,32.3
2011-03-10,aaii_bulls,36.0
2011-03-10,aaii_neutral,31.7
2011-03-10,aaii_spread,3.7
2011-03-10,cboe_putcall,0.73
2011-03-10,cnn_fear_greed,26
2011-03-11,cboe_putcall,0.62
2011-03-11,cnn_fear_greed,26
2011-03-14,cboe_putcall,0.67
2011-03-14,cnn_fear_greed,13
2011-03-15,cboe_putcall,0.71
2011-03-15,cnn_fear_greed,13
2011-03-16,cboe_putcall,0.79
2011-03-16,cnn_fear_greed,11
2011-03-17,aaii_bears,40.1
2011-03-17,aaii_bulls,28.5
2011-03-17,aaii_neutral,31.4
2011-03-17,aaii_spread,-11.6
2011-03-17,cboe_putcall,0.71
2011-03-17,cnn_fear_greed,9
2011-03-18,cboe_putcall,0.67
2011-03-18,cnn_fear_greed,9
2011-03-21,cboe_putcall,0.49
2011-03-21,cnn_fear_greed,14
2011-03-22,cboe_putcall,0.55
2011-03-22,cnn_fear_greed,15
2011-03-23,cboe_putcall,0.59
2011-03-23,cnn_fear_greed,16
2011-03-24,aaii_bears,35.0
2011-03-24,aaii_bulls,37.7
2011-03-24,aaii_neutral,27.3
2011-03-24,aaii_spread,2.8
2011-03-24,cboe_putcall,0.55
2011-03-24,cnn_fear_greed,16
2011-03-25,cboe_putcall,0.53
2011-03-25,cnn_fear_greed,19
2011-03-28,cboe_putcall,0.56
2011-03-28,cnn_fear_greed,23
2011-03-29,cboe_putcall,0.52
2011-03-29,cnn_fear_greed,23
2011-03-30,cboe_putcall,0.54
2011-03-30,cnn_fear_greed,24
2011-03-31,aaii_bears,31.1
2011-03-31,aaii_bulls,41.8
2011-03-31,aaii_neutral,27.1
2011-03-31,aaii_spread,10.7
2011-03-31,cboe_putcall,0.56
2011-03-31,cnn_fear_greed,24
2011-04-01,cboe_putcall,0.51
2011-04-01,cnn_fear_greed,27
2011-04-04,cboe_putcall,0.59
2011-04-04,cnn_fear_greed,31
2011-04-05,cboe_putcall,0.56
2011-04-05,cnn_fear_greed,35
2011-04-06,cboe_putcall,0.55
2011-04-06,cnn_fear_greed,37
2011-04-07,aaii_bears,28.8
2011-04-07,aaii_bulls,43.6
2011-04-07,aaii_neutral,27.6
2011-04-07,aaii_spread,14.7
2011-04-07,cboe_putcall,0.53
2011-04-07,cnn_fear_greed,37
2011-04-08,cboe_putcall,0.58
2011-04-08,cnn_fear_greed,37
2011-04-11,cboe_putcall,0.62
2011-04-11,cnn_fear_greed,34
2011-04-12,cboe_putcall,0.58
2011-04-12,cnn_fear_greed,33
2011-04-13,cboe_putcall,0.65
2011-04-13,cnn_fear_greed,33
2011-04-14,aaii_bears,31.0
2011-04-14,aaii_bulls,42.2
2011-04-14,aaii_neutral,26.8
2011-04-14,aaii_spread,11.3
2011-04-14,cboe_putcall,0.69
2011-04-14,cnn_fear_greed,30
2011-04-15,cboe_putcall,0.63
2011-04-15,cnn_fear_greed,28
2011-04-18,cboe_putcall,0.6
2011-04-18,cnn_fear_greed,24
2011-04-19,cboe_putcall,0.64
2011-04-19,cnn_fear_greed,24
2011-04-20,cboe_putcall,0.51
2011-04-20,cnn_fear_greed,25
2011-04-21,aaii_bears,31.0
2011-04-21,aaii_bulls,32.2
2011-04-21,aaii_neutral,36.8
2011-04-21,aaii_spread,1.2
2011-04-21,cboe_putcall,0.62
2011-04-21,cnn_fear_greed,30
2011-04-25,cboe_putcall,0.57
2011-04-25,cnn_fear_greed,35
2011-04-26,cboe_putcall,0.57
2011-04-26,cnn_fear_greed,36
2011-04-27,cboe_putcall,0.59
2011-04-27,cnn_fear_greed,37
2011-04-28,aaii_bears,30.6
2011-04-28,aaii_bulls,37.9
2011-04-28,aaii_neutral,31.4
2011-04-28,aaii_spread,7.3
2011-04-28,cboe_putcall,0.54
2011-04-28,cnn_fear_greed,37
2011-04-29,cboe_putcall,0.59
2011-04-29,cnn_fear_greed,41
2011-05-02,cboe_putcall,0.5
2011-05-02,cnn_fear_greed,36
2011-05-03,cboe_putcall,0.61
2011-05-03,cnn_fear_greed,31
2011-05-04,cboe_putcall,0.72
2011-05-04,cnn_fear_greed,30
2011-05-05,aaii_bears,31.9
2011-05-05,aaii_bulls,35.5
2011-05-05,aaii_neutral,32.7
2011-05-05,aaii_spread,3.6
2011-05-05,cboe_putcall,0.65
2011-05-05,cnn_fear_greed,29
2011-05-06,cboe_putcall,0.62
2011-05-06,cnn_fear_greed,27
2011-05-09,cboe_putcall,0.63
2011-05-09,cnn_fear_greed,28
2011-05-10,cboe_putcall,0.58
2011-05-10,cnn_fear_greed,31
2011-05-11,cboe_putcall,0.67
2011-05-11,cnn_fear_greed,31
2011-05-12,aaii_bears,35.5
2011-05-12,aaii_bulls,30.8
2011-05-12,aaii_neutral,33.7
2011-05-12,aaii_spread,-4.7
2011-05-12,cboe_putcall,0.67
2011-05-12,cnn_fear_greed,32
2011-05-13,cboe_putcall,0.73
2011-05-13,cnn_fear_greed,32
2011-05-16,cboe_putcall,0.61
2011-05-16,cnn_fear_greed,27
2011-05-17,cboe_putcall,0.75
2011-05-17,cnn_fear_greed,27
2011-05-18,cboe_putcall,0.68
2011-05-18,cnn_fear_greed,25
2011-05-19,aaii_bears,41.3
2011-05-19,aaii_bulls,26.7
2011-05-19,aaii_neutral,32.0
2011-05-19,aaii_spread,-14.6
2011-05-19,cboe_putcall,0.7
2011-05-19,cnn_fear_greed,23
2011-05-20,cboe_putcall,0.75
2011-05-20,cnn_fear_greed,22
2011-05-23,cboe_putcall,0.69
2011-05-23,cnn_fear_greed,16
2011-05-24,cboe_putcall,0.61
2011-05-24,cnn_fear_greed,13
2011-05-25,cboe_putcall,0.51
2011-05-25,cnn_fear_greed,13
2011-05-26,aaii_bears,41.4
2011-05-26,aaii_bulls,25.6
2011-05-26,aaii_neutral,33.0
2011-05-26,aaii_spread,-15.8
2011-05-26,cboe_putcall,0.6
2011-05-26,cnn_fear_greed,15
2011-05-27,cboe_putcall,0.51
2011-05-27,cnn_fear_greed,16
2011-05-31,cboe_putcall,0.54
2011-05-31,cnn_fear_greed,16
2011-06-01,cboe_putcall,0.76
2011-06-01,cnn_fear_greed,15
2011-06-02,aaii_bears,33.4
2011-06-02,aaii_bulls,30.2
2011-06-02,aaii_neutral,36.4
2011-06-02,aaii_spread,-3.2
2011-06-02,cboe_putcall,0.71
2011-06-02,cnn_fear_greed,12
2011-06-03,cboe_putcall,0.71
2011-06-03,cnn_fear_greed,9
2011-06-06,cboe_putcall,0.8
2011-06-06,cnn_fear_greed,6
2011-06-07,cboe_putcall,0.74
2011-06-07,cnn_fear_greed,6
2011-06-08,cboe_putcall,0.95
2011-06-08,cnn_fear_greed,6
2011-06-09,aaii_bears,47.7
2011-06-09,aaii_bulls,24.4
2011-06-09,aaii_neutral,27.9
2011-06-09,aaii_spread,-23.2
2011-06-09,cboe_putcall,0.77
2011-06-09,cnn_fear_greed,6
2011-06-10,cboe_putcall,1.01
2011-06-10,cnn_fear_greed,5
2011-06-13,cboe_putcall,0.73
2011-06-13,cnn_fear_greed,6
2011-06-14,cboe_putcall,0.65
2011-06-14,cnn_fear_greed,5
2011-06-15,cboe_putcall,1.09
2011-06-15,cnn_fear_greed,5
2011-06-16,aaii_bears,42.8
2011-06-16,aaii_bulls,29.0
2011-06-16,aaii_neutral,28.2
2011-06-16,aaii_spread,-13.8
2011-06-16,cboe_putcall,1.03
2011-06-16,cnn_fear_greed,6
2011-06-17,cboe_putcall,1.09
2011-06-17,cnn_fear_greed,7
2011-06-20,cboe_putcall,0.57
2011-06-20,cnn_fear_greed,9
2011-06-21,cboe_putcall,0.59
2011-06-21,cnn_fear_greed,9
2011-06-22,cboe_putcall,0.53
2011-06-22,cnn_fear_greed,10
2011-06-23,aaii_bears,35.7
2011-06-23,aaii_bulls,37.5
2011-06-23,aaii_neutral,26.8
2011-06-23,aaii_spread,1.7
2011-06-23,cboe_putcall,0.65
2011-06-23,cnn_fear_greed,10
2011-06-24,cboe_putcall,0.7
2011-06-24,cnn_fear_greed,11
2011-06-27,cboe_putcall,0.62
2011-06-27,cnn_fear_greed,25
2011-06-28,cboe_putcall,0.59
2011-06-28,cnn_fear_greed,29
2011-06-29,cboe_putcall,0.56
2011-06-29,cnn_fear_greed,30
2011-06-30,aaii_bears,30.2
2011-06-30,aaii_bulls,38.3
2011-06-30,aaii_neutral,31.5
2011-06-30,aaii_spread,8.1
2011-06-30,cboe_putcall,0.54
2011-06-30,cnn_fear_greed,32
2011-07-01,cboe_putcall,0.55
2011-07-01,cnn_fear_greed,34
2011-07-05,cboe_putcall,0.64
2011-07-05,cnn_fear_greed,51
2011-07-06,cboe_putcall,0.71
2011-07-06,cnn_fear_greed,52
2011-07-07,aaii_bears,24.7
2011-07-07,aaii_bulls,41.8
2011-07-07,aaii_neutral,33.5
2011-07-07,aaii_spread,17.1
2011-07-07,cboe_putcall,0.56
2011-07-07,cnn_fear_greed,48
2011-07-08,cboe_putcall,0.58
2011-07-08,cnn_fear_greed,43
2011-07-11,cboe_putcall,0.74
2011-07-11,cnn_fear_greed,35
2011-07-12,cboe_putcall,0.67
2011-07-12,cnn_fear_greed,31
2011-07-13,cboe_putcall,0.67
2011-07-13,cnn_fear_greed,31
2011-07-14,aaii_bears,29.2
2011-07-14,aaii_bulls,39.3
2011-07-14,aaii_neutral,31.4
2011-07-14,aaii_spread,10.1
2011-07-14,cboe_putcall,0.78
2011-07-14,cnn_fear_greed,31
2011-07-15,cboe_putcall,0.64
2011-07-15,cnn_fear_greed,32
2011-07-18,cboe_putcall,0.68
2011-07-18,cnn_fear_greed,44
2011-07-19,cboe_putcall,0.51
2011-07-19,cnn_fear_greed,44
2011-07-20,cboe_putcall,0.61
2011-07-20,cnn_fear_greed,47
2011-07-21,aaii_bears,30.6
2011-07-21,aaii_bulls,39.9
2011-07-21,aaii_neutral,29.5
2011-07-21,aaii_spread,9.3
2011-07-21,cboe_putcall,0.56
2011-07-21,cnn_fear_greed,48
2011-07-22,cboe_putcall,0.6
2011-07-22,cnn_fear_greed,51
2011-07-25,cboe_putcall,0.6
2011-07-25,cnn_fear_greed,38
2011-07-26,cboe_putcall,0.58
2011-07-26,cnn_fear_greed,35
2011-07-27,cboe_putcall,0.66
2011-07-27,cnn_fear_greed,27
2011-07-28,aaii_bears,31.4
2011-07-28,aaii_bulls,37.8
2011-07-28,aaii_neutral,30.7
2011-07-28,aaii_spread,6.4
2011-07-28,cboe_putcall,0.68
2011-07-28,cnn_fear_greed,27
2011-07-29,cboe_putcall,0.77
2011-07-29,cnn_fear_greed,16
2011-08-01,cboe_putcall,0.76
2011-08-01,cnn_fear_greed,10
2011-08-02,cboe_putcall,0.68
2011-08-02,cnn_fear_greed,8
2011-08-03,cboe_putcall,0.77
2011-08-03,cnn_fear_greed,2
2011-08-04,aaii_bears,49.9
2011-08-04,aaii_bulls,27.2
2011-08-04,aaii_neutral,23.0
2011-08-04,aaii_spread,-22.7
2011-08-04,cboe_putcall,0.96
2011-08-04,cnn_fear_greed,5
2011-08-05,cboe_putcall,0.94
2011-08-05,cnn_fear_greed,5
2011-08-08,cboe_putcall,1.07
2011-08-08,cnn_fear_greed,1
2011-08-09,cboe_putcall,0.85
2011-08-09,cnn_fear_greed,2
2011-08-10,cboe_putcall,0.81
2011-08-10,cnn_fear_greed,2
2011-08-11,aaii_bears,44.8
2011-08-11,aaii_bulls,33.4
2011-08-11,aaii_neutral,21.8
2011-08-11,aaii_spread,-11.3
2011-08-11,cboe_putcall,0.62
2011-08-11,cnn_fear_greed,3
2011-08-12,cboe_putcall,0.75
2011-08-12,cnn_fear_greed,6
2011-08-15,cboe_putcall,0.68
2011-08-15,cnn_fear_greed,7
2011-08-16,cboe_putcall,0.74
2011-08-16,cnn_fear_greed,11
2011-08-17,cboe_putcall,0.8
2011-08-17,cnn_fear_greed,7
2011-08-18,aaii_bears,39.8
2011-08-18,aaii_bulls,35.6
2011-08-18,aaii_neutral,24.6
2011-08-18,aaii_spread,-4.3
2011-08-18,cboe_putcall,0.96
2011-08-18,cnn_fear_greed,7
2011-08-19,cboe_putcall,1.03
2011-08-19,cnn_fear_greed,6
2011-08-22,cboe_putcall,0.73
2011-08-22,cnn_fear_greed,7
2011-08-23,cboe_putcall,0.67
2011-08-23,cnn_fear_greed,9
2011-08-24,cboe_putcall,0.66
2011-08-24,cnn_fear_greed,8
2011-08-25,aaii_bears,41.0
2011-08-25,aaii_bulls,36.4
2011-08-25,aaii_neutral,22.6
2011-08-25,aaii_spread,-4.5
2011-08-25,cboe_putcall,0.77
2011-08-25,cnn_fear_greed,11
2011-08-26,cboe_putcall,0.73
2011-08-26,cnn_fear_greed,12
2011-08-29,cboe_putcall,0.54
2011-08-29,cnn_fear_greed,22
2011-08-30,cboe_putcall,0.72
2011-08-30,cnn_fear_greed,22
2011-08-31,cboe_putcall,0.65
2011-08-31,cnn_fear_greed,28
2011-09-01,aaii_bears,32.3
2011-09-01,aaii_bulls,38.6
2011-09-01,aaii_neutral,29.0
2011-09-01,aaii_spread,6.3
2011-09-01,cboe_putcall,0.69
2011-09-01,cnn_fear_greed,26
2011-09-02,cboe_putcall,0.84
2011-09-02,cnn_fear_greed,26
2011-09-06,cboe_putcall,0.75
2011-09-06,cnn_fear_greed,27
2011-09-07,cboe_putcall,0.62
2011-09-07,cnn_fear_greed,28
2011-09-08,aaii_bears,40.3
2011-09-08,aaii_bulls,30.2
2011-09-08,aaii_neutral,29.5
2011-09-08,aaii_spread,-10.1
2011-09-08,cboe_putcall,0.71
2011-09-08,cnn_fear_greed,25
2011-09-09,cboe_putcall,0.86
2011-09-09,cnn_fear_greed,25
2011-09-12,cboe_putcall,0.72
2011-09-12,cnn_fear_greed,31
2011-09-13,cboe_putcall,0.71
2011-09-13,cnn_fear_greed,31
2011-09-14,cboe_putcall,0.64
2011-09-14,cnn_fear_greed,31
2011-09-15,aaii_bears,41.3
2011-09-15,aaii_bulls,30.5
2011-09-15,aaii_neutral,28.1
2011-09-15,aaii_spread,-10.8
2011-09-15,cboe_putcall,0.68
2011-09-15,cnn_fear_greed,33
2011-09-16,cboe_putcall,0.67
2011-09-16,cnn_fear_greed,38
2011-09-19,cboe_putcall,0.62
2011-09-19,cnn_fear_greed,39
2011-09-20,cboe_putcall,0.63
2011-09-20,cnn_fear_greed,32
2011-09-21,cboe_putcall,0.79
2011-09-21,cnn_fear_greed,31
2011-09-22,aaii_bears,48.0
2011-09-22,aaii_bulls,25.3
2011-09-22,aaii_neutral,26.7
2011-09-22,aaii_spread,-22.7
2011-09-22,cboe_putcall,0.85
2011-09-22,cnn_fear_greed,28
2011-09-23,cboe_putcall,0.65
2011-09-23,cnn_fear_greed,28
2011-09-26,cboe_putcall,0.59
2011-09-26,cnn_fear_greed,26
2011-09-27,cboe_putcall,0.61
2011-09-27,cnn_fear_greed,25
2011-09-28,cboe_putcall,0.82
2011-09-28,cnn_fear_greed,27
2011-09-29,aaii_bears,46.8
2011-09-29,aaii_bulls,32.5
2011-09-29,aaii_neutral,20.7
2011-09-29,aaii_spread,-14.3
2011-09-29,cboe_putcall,0.8
2011-09-29,cnn_fear_greed,23
2011-09-30,cboe_putcall,0.81
2011-09-30,cnn_fear_greed,22
2011-10-03,cboe_putcall,0.85
2011-10-03,cnn_fear_greed,20
2011-10-04,cboe_putcall,0.77
2011-10-04,cnn_fear_greed,23
2011-10-05,cboe_putcall,0.69
2011-10-05,cnn_fear_greed,27
2011-10-06,aaii_bears,45.7
2011-10-06,aaii_bulls,35.2
2011-10-06,aaii_neutral,19.0
2011-10-06,aaii_spread,-10.5
2011-10-06,cboe_putcall,0.67
2011-10-06,cnn_fear_greed,33
2011-10-07,cboe_putcall,0.71
2011-10-07,cnn_fear_greed,31
2011-10-10,cboe_putcall,0.63
2011-10-10,cnn_fear_greed,41
2011-10-11,cboe_putcall,0.77
2011-10-11,cnn_fear_greed,41
2011-10-12,cboe_putcall,0.64
2011-10-12,cnn_fear_greed,42
2011-10-13,aaii_bears,36.4
2011-10-13,aaii_bulls,39.8
2011-10-13,aaii_neutral,23.9
2011-10-13,aaii_spread,3.4
2011-10-13,cboe_putcall,0.71
2011-10-13,cnn_fear_greed,42
2011-10-14,cboe_putcall,0.6
2011-10-14,cnn_fear_greed,41
2011-10-17,cboe_putcall,0.71
2011-10-17,cnn_fear_greed,48
2011-10-18,cboe_putcall,0.62
2011-10-18,cnn_fear_greed,48
2011-10-19,cboe_putcall,0.71
2011-10-19,cnn_fear_greed,48
2011-10-20,aaii_bears,34.6
2011-10-20,aaii_bulls,36.0
2011-10-20,aaii_neutral,29.4
2011-10-20,aaii_spread,1.4
2011-10-20,cboe_putcall,0.74
2011-10-20,cnn_fear_greed,54
2011-10-21,cboe_putcall,0.5
2011-10-21,cnn_fear_greed,66
2011-10-24,cboe_putcall,0.52
2011-10-24,cnn_fear_greed,62
2011-10-25,cboe_putcall,0.79
2011-10-25,cnn_fear_greed,62
2011-10-26,cboe_putcall,0.7
2011-10-26,cnn_fear_greed,71
2011-10-27,aaii_bears,25.0
2011-10-27,aaii_bulls,43.0
2011-10-27,aaii_neutral,32.0
2011-10-27,aaii_spread,18.0
2011-10-27,cboe_putcall,0.5
2011-10-27,cnn_fear_greed,67
2011-10-28,cboe_putcall,0.55
2011-10-28,cnn_fear_greed,66
2011-10-31,cboe_putcall,0.77
2011-10-31,cnn_fear_greed,62
2011-11-01,cboe_putcall,0.89
2011-11-01,cnn_fear_greed,62
2011-11-02,cboe_putcall,0.68
2011-11-02,cnn_fear_greed,62
2011-11-03,aaii_bears,29.6
2011-11-03,aaii_bulls,40.2
2011-11-03,aaii_neutral,30.2
2011-11-03,aaii_spread,10.6
2011-11-03,cboe_putcall,0.63
2011-11-03,cnn_fear_greed,63
2011-11-04,cboe_putcall,0.79
2011-11-04,cnn_fear_greed,60
2011-11-07,cboe_putcall,0.65
2011-11-07,cnn_fear_greed,65
2011-11-08,cboe_putcall,0.65
2011-11-08,cnn_fear_greed,65
2011-11-09,cboe_putcall,0.91
2011-11-09,cnn_fear_greed,59
2011-11-10,aaii_bears,24.6
2011-11-10,aaii_bulls,44.7
2011-11-10,aaii_neutral,30.7
2011-11-10,aaii_spread,20.2
2011-11-10,cboe_putcall,0.75
2011-11-10,cnn_fear_greed,60
2011-11-11,cboe_putcall,0.64
2011-11-11,cnn_fear_greed,60
2011-11-14,cboe_putcall,0.77
2011-11-14,cnn_fear_greed,54
2011-11-15,cboe_putcall,0.71
2011-11-15,cnn_fear_greed,54
2011-11-16,cboe_putcall,0.74
2011-11-16,cnn_fear_greed,55
2011-11-17,aaii_bears,31.0
2011-11-17,aaii_bulls,41.9
2011-11-17,aaii_neutral,27.0
2011-11-17,aaii_spread,10.9
2011-11-17,cboe_putcall,0.82
2011-11-17,cnn_fear_greed,52
2011-11-18,cboe_putcall,0.9
2011-11-18,cnn_fear_greed,46
2011-11-21,cboe_putcall,0.66
2011-11-21,cnn_fear_greed,43
2011-11-22,cboe_putcall,0.67
2011-11-22,cnn_fear_greed,41
2011-11-23,cboe_putcall,0.71
2011-11-23,cnn_fear_greed,39
2011-11-24,aaii_bears,38.3
2011-11-24,aaii_bulls,32.7
2011-11-24,aaii_neutral,29.0
2011-11-24,aaii_spread,-5.6
2011-11-25,cboe_putcall,0.75
2011-11-25,cnn_fear_greed,51
2011-11-28,cboe_putcall,0.65
2011-11-28,cnn_fear_greed,57
2011-11-29,cboe_putcall,0.61
2011-11-29,cnn_fear_greed,62
2011-11-30,cboe_putcall,0.55
2011-11-30,cnn_fear_greed,67
2011-12-01,aaii_bears,39.4
2011-12-01,aaii_bulls,33.0
2011-12-01,aaii_neutral,27.5
2011-12-01,aaii_spread,-6.4
2011-12-01,cboe_putcall,0.63
2011-12-01,cnn_fear_greed,61
2011-12-02,cboe_putcall,0.58
2011-12-02,cnn_fear_greed,67
2011-12-05,cboe_putcall,0.67
2011-12-05,cnn_fear_greed,66
2011-12-06,cboe_putcall,0.73
2011-12-06,cnn_fear_greed,66
2011-12-07,cboe_putcall,0.73
2011-12-07,cnn_fear_greed,66
2011-12-08,aaii_bears,34.8
2011-12-08,aaii_bulls,38.6
2011-12-08,aaii_neutral,26.7
2011-12-08,aaii_spread,3.8
2011-12-08,cboe_putcall,0.76
2011-12-08,cnn_fear_greed,66
2011-12-09,cboe_putcall,0.7
2011-12-09,cnn_fear_greed,65
2011-12-12,cboe_putcall,0.6
2011-12-12,cnn_fear_greed,62
2011-12-13,cboe_putcall,0.78
2011-12-13,cnn_fear_greed,56
2011-12-14,cboe_putcall,0.82
2011-12-14,cnn_fear_greed,61
2011-12-15,aaii_bears,33.6
2011-12-15,aaii_bulls,40.2
2011-12-15,aaii_neutral,26.2
2011-12-15,aaii_spread,6.5
2011-12-15,cboe_putcall,0.9
2011-12-15,cnn_fear_greed,61
2011-12-16,cboe_putcall,0.89
2011-12-16,cnn_fear_greed,60
2011-12-19,cboe_putcall,0.61
2011-12-19,cnn_fear_greed,74
2011-12-20,cboe_putcall,0.53
2011-12-20,cnn_fear_greed,74
2011-12-21,cboe_putcall,0.72
2011-12-21,cnn_fear_greed,74
2011-12-22,aaii_bears,28.2
2011-12-22,aaii_bulls,33.7
2011-12-22,aaii_neutral,38.0
2011-12-22,aaii_spread,5.5
2011-12-22,cboe_putcall,0.68
2011-12-22,cnn_fear_greed,78
2011-12-23,cboe_putcall,0.63
2011-12-23,cnn_fear_greed,77
2011-12-27,cboe_putcall,0.71
2011-12-27,cnn_fear_greed,75
2011-12-28,cboe_putcall,0.68
2011-12-28,cnn_fear_greed,75
2011-12-29,aaii_bears,30.8
2011-12-29,aaii_bulls,40.6
2011-12-29,aaii_neutral,28.6
2011-12-29,aaii_spread,9.8
2011-12-29,cboe_putcall,0.69
2011-12-29,cnn_fear_greed,75
2011-12-30,cboe_putcall,0.54
2011-12-30,cnn_fear_greed,75
2012-01-03,cboe_putcall,0.55
2012-01-03,cnn_fear_greed,77
2012-01-04,cboe_putcall,0.74
2012-01-04,cnn_fear_greed,77
2012-01-05,aaii_bears,17.2
2012-01-05,aaii_bulls,48.9
2012-01-05,aaii_neutral,34.0
2012-01-05,aaii_spread,31.7
2012-01-05,cboe_putcall,0.61
2012-01-05,cnn_fear_greed,78
2012-01-06,cboe_putcall,0.62
2012-01-06,cnn_fear_greed,78
2012-01-09,cboe_putcall,0.66
2012-01-09,cnn_fear_greed,81
2012-01-10,cboe_putcall,0.57
2012-01-10,cnn_fear_greed,82
2012-01-11,cboe_putcall,0.54
2012-01-11,cnn_fear_greed,83
2012-01-12,aaii_bears,17.2
2012-01-12,aaii_bulls,49.1
2012-01-12,aaii_neutral,33.7
2012-01-12,aaii_spread,32.0
2012-01-12,cboe_putcall,0.57
2012-01-12,cnn_fear_greed,83
2012-01-13,cboe_putcall,0.6
2012-01-13,cnn_fear_greed,83
2012-01-17,cboe_putcall,0.59
2012-01-17,cnn_fear_greed,88
2012-01-18,cboe_putcall,0.55
2012-01-18,cnn_fear_greed,90
2012-01-19,aaii_bears,23.6
2012-01-19,aaii_bulls,47.2
2012-01-19,aaii_neutral,29.1
2012-01-19,aaii_spread,23.6
2012-01-19,cboe_putcall,0.48
2012-01-19,cnn_fear_greed,89
2012-01-20,cboe_putcall,0.52
2012-01-20,cnn_fear_greed,88
2012-01-23,cboe_putcall,0.64
2012-01-23,cnn_fear_greed,87
2012-01-24,cboe_putcall,0.62
2012-01-24,cnn_fear_greed,87
2012-01-25,cboe_putcall,0.57
2012-01-25,cnn_fear_greed,84
2012-01-26,aaii_bears,18.9
2012-01-26,aaii_bulls,48.4
2012-01-26,aaii_neutral,32.7
2012-01-26,aaii_spread,29.5
2012-01-26,cboe_putcall,0.65
2012-01-26,cnn_fear_greed,82
2012-01-27,cboe_putcall,0.6
2012-01-27,cnn_fear_greed,82
2012-01-30,cboe_putcall,0.67
2012-01-30,cnn_fear_greed,82
2012-01-31,cboe_putcall,0.61
2012-01-31,cnn_fear_greed,85
2012-02-01,cboe_putcall,0.61
2012-02-01,cnn_fear_greed,87
2012-02-02,aaii_bears,25.1
2012-02-02,aaii_bulls,43.8
2012-02-02,aaii_neutral,31.1
2012-02-02,aaii_spread,18.7
2012-02-02,cboe_putcall,0.62
2012-02-02,cnn_fear_greed,88
2012-02-03,cboe_putcall,0.51
2012-02-03,cnn_fear_greed,88
2012-02-06,cboe_putcall,0.55
2012-02-06,cnn_fear_greed,88
2012-02-07,cboe_putcall,0.58
2012-02-07,cnn_fear_greed,86
2012-02-08,cboe_putcall,0.54
2012-02-08,cnn_fear_greed,86
2012-02-09,aaii_bears,20.2
2012-02-09,aaii_bulls,51.6
2012-02-09,aaii_neutral,28.2
2012-02-09,aaii_spread,31.5
2012-02-09,cboe_putcall,0.55
2012-02-09,cnn_fear_greed,85
2012-02-10,cboe_putcall,0.75
2012-02-10,cnn_fear_greed,83
2012-02-13,cboe_putcall,0.53
2012-02-13,cnn_fear_greed,83
2012-02-14,cboe_putcall,0.6
2012-02-14,cnn_fear_greed,81
2012-02-15,cboe_putcall,0.63
2012-02-15,cnn_fear_greed,82
2012-02-16,aaii_bears,26.6
2012-02-16,aaii_bulls,42.7
2012-02-16,aaii_neutral,30.7
2012-02-16,aaii_spread,16.1
2012-02-16,cboe_putcall,0.62
2012-02-16,cnn_fear_greed,81
2012-02-17,cboe_putcall,0.51
2012-02-17,cnn_fear_greed,80
2012-02-21,cboe_putcall,0.61
2012-02-21,cnn_fear_greed,79
2012-02-22,cboe_putcall,0.63
2012-02-22,cnn_fear_greed,78
2012-02-23,aaii_bears,27.5
2012-02-23,aaii_bulls,43.7
2012-02-23,aaii_neutral,28.8
2012-02-23,aaii_spread,16.2
2012-02-23,cboe_putcall,0.67
2012-02-23,cnn_fear_greed,79
2012-02-24,cboe_putcall,0.69
2012-02-24,cnn_fear_greed,79
2012-02-27,cboe_putcall,0.64
2012-02-27,cnn_fear_greed,75
2012-02-28,cboe_putcall,0.57
2012-02-28,cnn_fear_greed,75
2012-02-29,cboe_putcall,0.67
2012-02-29,cnn_fear_greed,72
2012-03-01,aaii_bears,26.8
2012-03-01,aaii_bulls,44.5
2012-03-01,aaii_neutral,28.7
2012-03-01,aaii_spread,17.7
2012-03-01,cboe_putcall,0.64
2012-03-01,cnn_fear_greed,70
2012-03-02,cboe_putcall,0.6
2012-03-02,cnn_fear_greed,68
2012-03-05,cboe_putcall,0.73
2012-03-05,cnn_fear_greed,66
2012-03-06,cboe_putcall,0.78
2012-03-06,cnn_fear_greed,63
2012-03-07,cboe_putcall,0.62
2012-03-07,cnn_fear_greed,62
2012-03-08,aaii_bears,29.0
2012-03-08,aaii_bulls,42.4
2012-03-08,aaii_neutral,28.6
2012-03-08,aaii_spread,13.4
2012-03-08,cboe_putcall,0.61
2012-03-08,cnn_fear_greed,63
2012-03-09,cboe_putcall,0.63
2012-03-09,cnn_fear_greed,70
2012-03-12,cboe_putcall,0.7
2012-03-12,cnn_fear_greed,74
2012-03-13,cboe_putcall,0.59
2012-03-13,cnn_fear_greed,79
2012-03-14,cboe_putcall,0.54
2012-03-14,cnn_fear_greed,79
2012-03-15,aaii_bears,27.2
2012-03-15,aaii_bulls,45.6
2012-03-15,aaii_neutral,27.2
2012-03-15,aaii_spread,18.4
2012-03-15,cboe_putcall,0.52
2012-03-15,cnn_fear_greed,79
2012-03-16,cboe_putcall,0.46
2012-03-16,cnn_fear_greed,77
2012-03-19,cboe_putcall,0.5
2012-03-19,cnn_fear_greed,73
2012-03-20,cboe_putcall,0.52
2012-03-20,cnn_fear_greed,73
2012-03-21,cboe_putcall,0.55
2012-03-21,cnn_fear_greed,71
2012-03-22,aaii_bears,27.8
2012-03-22,aaii_bulls,42.4
2012-03-22,aaii_neutral,29.8
2012-03-22,aaii_spread,14.6
2012-03-22,cboe_putcall,0.68
2012-03-22,cnn_fear_greed,66
2012-03-23,cboe_putcall,0.61
2012-03-23,cnn_fear_greed,71
2012-03-26,cboe_putcall,0.72
2012-03-26,cnn_fear_greed,66
2012-03-27,cboe_putcall,0.55
2012-03-27,cnn_fear_greed,66
2012-03-28,cboe_putcall,0.71
2012-03-28,cnn_fear_greed,62
2012-03-29,aaii_bears,25.5
2012-03-29,aaii_bulls,42.5
2012-03-29,aaii_neutral,32.0
2012-03-29,aaii_spread,17.0
2012-03-29,cboe_putcall,0.67
2012-03-29,cnn_fear_greed,62
2012-03-30,cboe_putcall,0.59
2012-03-30,cnn_fear_greed,63
2012-04-02,cboe_putcall,0.52
2012-04-02,cnn_fear_greed,63
2012-04-03,cboe_putcall,0.57
2012-04-03,cnn_fear_greed,61
2012-04-04,cboe_putcall,0.66
2012-04-04,cnn_fear_greed,63
2012-04-05,aaii_bears,27.8
2012-04-05,aaii_bulls,38.2
2012-04-05,aaii_neutral,34.0
2012-04-05,aaii_spread,10.4
2012-04-05,cboe_putcall,0.6
2012-04-05,cnn_fear_greed,55
2012-04-09,cboe_putcall,0.69
2012-04-09,cnn_fear_greed,46
2012-04-10,cboe_putcall,0.67
2012-04-10,cnn_fear_greed,39
2012-04-11,cboe_putcall,0.65
2012-04-11,cnn_fear_greed,39
2012-04-12,aaii_bears,41.6
2012-04-12,aaii_bulls,28.1
2012-04-12,aaii_neutral,30.3
2012-04-12,aaii_spread,-13.4
2012-04-12,cboe_putcall,0.51
2012-04-12,cnn_fear_greed,38
2012-04-13,cboe_putcall,0.72
2012-04-13,cnn_fear_greed,38
2012-04-16,cboe_putcall,0.7
2012-04-16,cnn_fear_greed,37
2012-04-17,cboe_putcall,0.57
2012-04-17,cnn_fear_greed,37
2012-04-18,cboe_putcall,0.59
2012-04-18,cnn_fear_greed,36
2012-04-19,aaii_bears,33.8
2012-04-19,aaii_bulls,31.2
2012-04-19,aaii_neutral,35.0
2012-04-19,aaii_spread,-2.7
2012-04-19,cboe_putcall,0.65
2012-04-19,cnn_fear_greed,35
2012-04-20,cboe_putcall,0.63
2012-04-20,cnn_fear_greed,35
2012-04-23,cboe_putcall,0.59
2012-04-23,cnn_fear_greed,34
2012-04-24,cboe_putcall,0.66
2012-04-24,cnn_fear_greed,34
2012-04-25,cboe_putcall,0.48
2012-04-25,cnn_fear_greed,38
2012-04-26,aaii_bears,37.4
2012-04-26,aaii_bulls,27.6
2012-04-26,aaii_neutral,35.0
2012-04-26,aaii_spread,-9.8
2012-04-26,cboe_putcall,0.62
2012-04-26,cnn_fear_greed,40
2012-04-27,cboe_putcall,0.6
2012-04-27,cnn_fear_greed,41
2012-04-30,cboe_putcall,0.64
2012-04-30,cnn_fear_greed,43
2012-05-01,cboe_putcall,0.53
2012-05-01,cnn_fear_greed,42
2012-05-02,cboe_putcall,0.74
2012-05-02,cnn_fear_greed,42
2012-05-03,aaii_bears,28.5
2012-05-03,aaii_bulls,35.4
2012-05-03,aaii_neutral,36.1
2012-05-03,aaii_spread,6.9
2012-05-03,cboe_putcall,0.75
2012-05-03,cnn_fear_greed,41
2012-05-04,cboe_putcall,0.71
2012-05-04,cnn_fear_greed,41
2012-05-07,cboe_putcall,0.65
2012-05-07,cnn_fear_greed,38
2012-05-08,cboe_putcall,0.74
2012-05-08,cnn_fear_greed,32
2012-05-09,cboe_putcall,0.67
2012-05-09,cnn_fear_greed,32
2012-05-10,aaii_bears,42.1
2012-05-10,aaii_bulls,25.4
2012-05-10,aaii_neutral,32.5
2012-05-10,aaii_spread,-16.7
2012-05-10,cboe_putcall,0.68
2012-05-10,cnn_fear_greed,32
2012-05-11,cboe_putcall,0.74
2012-05-11,cnn_fear_greed,25
2012-05-14,cboe_putcall,0.84
2012-05-14,cnn_fear_greed,23
2012-05-15,cboe_putcall,0.81
2012-05-15,cnn_fear_greed,20
2012-05-16,cboe_putcall,0.88
2012-05-16,cnn_fear_greed,14
2012-05-17,aaii_bears,46.0
2012-05-17,aaii_bulls,23.6
2012-05-17,aaii_neutral,30.4
2012-05-17,aaii_spread,-22.4
2012-05-17,cboe_putcall,0.88
2012-05-17,cnn_fear_greed,12
2012-05-18,cboe_putcall,0.99
2012-05-18,cnn_fear_greed,12
2012-05-21,cboe_putcall,0.54
2012-05-21,cnn_fear_greed,16
2012-05-22,cboe_putcall,0.63
2012-05-22,cnn_fear_greed,15
2012-05-23,cboe_putcall,0.73
2012-05-23,cnn_fear_greed,15
2012-05-24,aaii_bears,38.7
2012-05-24,aaii_bulls,30.5
2012-05-24,aaii_neutral,30.9
2012-05-24,aaii_spread,-8.2
2012-05-24,cboe_putcall,0.74
2012-05-24,cnn_fear_greed,14
2012-05-25,cboe_putcall,0.66
2012-05-25,cnn_fear_greed,13
2012-05-29,cboe_putcall,0.66
2012-05-29,cnn_fear_greed,14
2012-05-30,cboe_putcall,0.77
2012-05-30,cnn_fear_greed,12
2012-05-31,aaii_bears,42.0
2012-05-31,aaii_bulls,28.0
2012-05-31,aaii_neutral,30.0
2012-05-31,aaii_spread,-14.0
2012-05-31,cboe_putcall,0.79
2012-05-31,cnn_fear_greed,10
2012-06-01,cboe_putcall,0.79
2012-06-01,cnn_fear_greed,10
2012-06-04,cboe_putcall,0.78
2012-06-04,cnn_fear_greed,14
2012-06-05,cboe_putcall,0.69
2012-06-05,cnn_fear_greed,14
2012-06-06,cboe_putcall,0.66
2012-06-06,cnn_fear_greed,15
2012-06-07,aaii_bears,45.8
2012-06-07,aaii_bulls,27.5
2012-06-07,aaii_neutral,26.8
2012-06-07,aaii_spread,-18.3
2012-06-07,cboe_putcall,0.64
2012-06-07,cnn_fear_greed,16
2012-06-08,cboe_putcall,0.78
2012-06-08,cnn_fear_greed,19
2012-06-11,cboe_putcall,0.81
2012-06-11,cnn_fear_greed,20
2012-06-12,cboe_putcall,0.72
2012-06-12,cnn_fear_greed,22
2012-06-13,cboe_putcall,0.92
2012-06-13,cnn_fear_greed,19
2012-06-14,aaii_bears,35.8
2012-06-14,aaii_bulls,34.0
2012-06-14,aaii_neutral,30.2
2012-06-14,aaii_spread,-1.8
2012-06-14,cboe_putcall,0.83
2012-06-14,cnn_fear_greed,27
2012-06-15,cboe_putcall,0.69
2012-06-15,cnn_fear_greed,35
2012-06-18,cboe_putcall,0.57
2012-06-18,cnn_fear_greed,36
2012-06-19,cboe_putcall,0.59
2012-06-19,cnn_fear_greed,36
2012-06-20,cboe_putcall,0.65
2012-06-20,cnn_fear_greed,36
2012-06-21,aaii_bears,35.9
2012-06-21,aaii_bulls,32.9
2012-06-21,aaii_neutral,31.2
2012-06-21,aaii_spread,-3.0
2012-06-21,cboe_putcall,0.8
2012-06-21,cnn_fear_greed,33
2012-06-22,cboe_putcall,0.61
2012-06-22,cnn_fear_greed,33
2012-06-25,cboe_putcall,0.78
2012-06-25,cnn_fear_greed,39
2012-06-26,cboe_putcall,0.73
2012-06-26,cnn_fear_greed,41
2012-06-27,cboe_putcall,0.65
2012-06-27,cnn_fear_greed,41
2012-06-28,aaii_bears,44.4
2012-06-28,aaii_bulls,28.7
2012-06-28,aaii_neutral,27.0
2012-06-28,aaii_spread,-15.7
2012-06-28,cboe_putcall,0.75
2012-06-28,cnn_fear_greed,48
2012-06-29,cboe_putcall,0.69
2012-06-29,cnn_fear_greed,53
2012-07-02,cboe_putcall,0.72
2012-07-02,cnn_fear_greed,56
2012-07-03,cboe_putcall,0.65
2012-07-03,cnn_fear_greed,59
2012-07-05,aaii_bears,33.3
2012-07-05,aaii_bulls,32.6
2012-07-05,aaii_neutral,34.0
2012-07-05,aaii_spread,-0.7
2012-07-05,cboe_putcall,0.64
2012-07-05,cnn_fear_greed,55
2012-07-06,cboe_putcall,0.75
2012-07-06,cnn_fear_greed,51
2012-07-09,cboe_putcall,0.78
2012-07-09,cnn_fear_greed,46
2012-07-10,cboe_putcall,0.72
2012-07-10,cnn_fear_greed,48
2012-07-11,cboe_putcall,0.81
2012-07-11,cnn_fear_greed,44
2012-07-12,aaii_bears,34.7
2012-07-12,aaii_bulls,30.2
2012-07-12,aaii_neutral,35.0
2012-07-12,aaii_spread,-4.5
2012-07-12,cboe_putcall,0.7
2012-07-12,cnn_fear_greed,44
2012-07-13,cboe_putcall,0.64
2012-07-13,cnn_fear_greed,45
2012-07-16,cboe_putcall,0.67
2012-07-16,cnn_fear_greed,48
2012-07-17,cboe_putcall,0.67
2012-07-17,cnn_fear_greed,52
2012-07-18,cboe_putcall,0.66
2012-07-18,cnn_fear_greed,52
2012-07-19,aaii_bears,41.8
2012-07-19,aaii_bulls,22.2
2012-07-19,aaii_neutral,36.0
2012-07-19,aaii_spread,-19.6
2012-07-19,cboe_putcall,0.68
2012-07-19,cnn_fear_greed,51
2012-07-20,cboe_putcall,0.75
2012-07-20,cnn_fear_greed,51
2012-07-23,cboe_putcall,0.7
2012-07-23,cnn_fear_greed,47
2012-07-24,cboe_putcall,0.66
2012-07-24,cnn_fear_greed,41
2012-07-25,cboe_putcall,0.71
2012-07-25,cnn_fear_greed,51
2012-07-26,aaii_bears,43.1
2012-07-26,aaii_bulls,28.1
2012-07-26,aaii_neutral,28.8
2012-07-26,aaii_spread,-15.0
2012-07-26,cboe_putcall,0.71
2012-07-26,cnn_fear_greed,55
2012-07-27,cboe_putcall,0.64
2012-07-27,cnn_fear_greed,61
2012-07-30,cboe_putcall,0.66
2012-07-30,cnn_fear_greed,57
2012-07-31,cboe_putcall,0.68
2012-07-31,cnn_fear_greed,55
2012-08-01,cboe_putcall,0.72
2012-08-01,cnn_fear_greed,55
2012-08-02,aaii_bears,34.9
2012-08-02,aaii_bulls,30.4
2012-08-02,aaii_neutral,34.6
2012-08-02,aaii_spread,-4.5
2012-08-02,cboe_putcall,0.78
2012-08-02,cnn_fear_greed,49
2012-08-03,cboe_putcall,0.6
2012-08-03,cnn_fear_greed,63
2012-08-06,cboe_putcall,0.63
2012-08-06,cnn_fear_greed,71
2012-08-07,cboe_putcall,0.55
2012-08-07,cnn_fear_greed,70
2012-08-08,cboe_putcall,0.58
2012-08-08,cnn_fear_greed,73
2012-08-09,aaii_bears,27.4
2012-08-09,aaii_bulls,36.5
2012-08-09,aaii_neutral,36.2
2012-08-09,aaii_spread,9.1
2012-08-09,cboe_putcall,0.62
2012-08-09,cnn_fear_greed,75
2012-08-10,cboe_putcall,0.7
2012-08-10,cnn_fear_greed,70
2012-08-13,cboe_putcall,0.56
2012-08-13,cnn_fear_greed,75
2012-08-14,cboe_putcall,0.66
2012-08-14,cnn_fear_greed,74
2012-08-15,cboe_putcall,0.62
2012-08-15,cnn_fear_greed,72
2012-08-16,aaii_bears,28.1
2012-08-16,aaii_bulls,36.8
2012-08-16,aaii_neutral,35.1
2012-08-16,aaii_spread,8.8
2012-08-16,cboe_putcall,0.69
2012-08-16,cnn_fear_greed,78
2012-08-17,cboe_putcall,0.54
2012-08-17,cnn_fear_greed,79
2012-08-20,cboe_putcall,0.62
2012-08-20,cnn_fear_greed,75
2012-08-21,cboe_putcall,0.67
2012-08-21,cnn_fear_greed,74
2012-08-22,cboe_putcall,0.65
2012-08-22,cnn_fear_greed,74
2012-08-23,aaii_bears,25.9
2012-08-23,aaii_bulls,42.0
2012-08-23,aaii_neutral,32.2
2012-08-23,aaii_spread,16.1
2012-08-23,cboe_putcall,0.74
2012-08-23,cnn_fear_greed,72
2012-08-24,cboe_putcall,0.68
2012-08-24,cnn_fear_greed,70
2012-08-27,cboe_putcall,0.69
2012-08-27,cnn_fear_greed,68
2012-08-28,cboe_putcall,0.61
2012-08-28,cnn_fear_greed,68
2012-08-29,cboe_putcall,0.79
2012-08-29,cnn_fear_greed,63
2012-08-30,aaii_bears,32.6
2012-08-30,aaii_bulls,34.7
2012-08-30,aaii_neutral,32.6
2012-08-30,aaii_spread,2.1
2012-08-30,cboe_putcall,0.84
2012-08-30,cnn_fear_greed,63
2012-08-31,cboe_putcall,0.67
2012-08-31,cnn_fear_greed,59
2012-09-04,cboe_putcall,0.75
2012-09-04,cnn_fear_greed,71
2012-09-05,cboe_putcall,0.67
2012-09-05,cnn_fear_greed,74
2012-09-06,aaii_bears,33.1
2012-09-06,aaii_bulls,33.1
2012-09-06,aaii_neutral,33.9
2012-09-06,aaii_spread,0.0
2012-09-06,cboe_putcall,0.59
2012-09-06,cnn_fear_greed,76
2012-09-07,cboe_putcall,0.54
2012-09-07,cnn_fear_greed,83
2012-09-10,cboe_putcall,0.66
2012-09-10,cnn_fear_greed,78
2012-09-11,cboe_putcall,0.54
2012-09-11,cnn_fear_greed,86
2012-09-12,cboe_putcall,0.57
2012-09-12,cnn_fear_greed,84
2012-09-13,aaii_bears,33.0
2012-09-13,aaii_bulls,36.5
2012-09-13,aaii_neutral,30.6
2012-09-13,aaii_spread,3.5
2012-09-13,cboe_putcall,0.54
2012-09-13,cnn_fear_greed,91
2012-09-14,cboe_putcall,0.53
2012-09-14,cnn_fear_greed,93
2012-09-17,cboe_putcall,0.64
2012-09-17,cnn_fear_greed,92
2012-09-18,cboe_putcall,0.62
2012-09-18,cnn_fear_greed,92
2012-09-19,cboe_putcall,0.56
2012-09-19,cnn_fear_greed,92
2012-09-20,aaii_bears,33.8
2012-09-20,aaii_bulls,37.5
2012-09-20,aaii_neutral,28.7
2012-09-20,aaii_spread,3.7
2012-09-20,cboe_putcall,0.75
2012-09-20,cnn_fear_greed,93
2012-09-21,cboe_putcall,0.62
2012-09-21,cnn_fear_greed,93
2012-09-24,cboe_putcall,0.61
2012-09-24,cnn_fear_greed,81
2012-09-25,cboe_putcall,0.73
2012-09-25,cnn_fear_greed,81
2012-09-26,cboe_putcall,0.75
2012-09-26,cnn_fear_greed,70
2012-09-27,aaii_bears,36.5
2012-09-27,aaii_bulls,36.1
2012-09-27,aaii_neutral,27.4
2012-09-27,aaii_spread,-0.4
2012-09-27,cboe_putcall,0.6
2012-09-27,cnn_fear_greed,76
2012-09-28,cboe_putcall,0.76
2012-09-28,cnn_fear_greed,71
2012-10-01,cboe_putcall,0.63
2012-10-01,cnn_fear_greed,72
2012-10-02,cboe_putcall,0.55
2012-10-02,cnn_fear_greed,75
2012-10-03,cboe_putcall,0.71
2012-10-03,cnn_fear_greed,76
2012-10-04,aaii_bears,33.2
2012-10-04,aaii_bulls,33.9
2012-10-04,aaii_neutral,32.9
2012-10-04,aaii_spread,0.6
2012-10-04,cboe_putcall,0.58
2012-10-04,cnn_fear_greed,77
2012-10-05,cboe_putcall,0.67
2012-10-05,cnn_fear_greed,78
2012-10-08,cboe_putcall,0.55
2012-10-08,cnn_fear_greed,72
2012-10-09,cboe_putcall,0.73
2012-10-09,cnn_fear_greed,66
2012-10-10,cboe_putcall,0.71
2012-10-10,cnn_fear_greed,59
2012-10-11,aaii_bears,38.8
2012-10-11,aaii_bulls,30.6
2012-10-11,aaii_neutral,30.6
2012-10-11,aaii_spread,-8.3
2012-10-11,cboe_putcall,0.65
2012-10-11,cnn_fear_greed,56
2012-10-12,cboe_putcall,0.74
2012-10-12,cnn_fear_greed,56
2012-10-15,cboe_putcall,0.73
2012-10-15,cnn_fear_greed,54
2012-10-16,cboe_putcall,0.61
2012-10-16,cnn_fear_greed,63
2012-10-17,cboe_putcall,0.59
2012-10-17,cnn_fear_greed,61
2012-10-18,aaii_bears,44.5
2012-10-18,aaii_bulls,28.7
2012-10-18,aaii_neutral,26.8
2012-10-18,aaii_spread,-15.9
2012-10-18,cboe_putcall,0.65
2012-10-18,cnn_fear_greed,53
2012-10-19,cboe_putcall,0.8
2012-10-19,cnn_fear_greed,56
2012-10-22,cboe_putcall,0.67
2012-10-22,cnn_fear_greed,56
2012-10-23,cboe_putcall,0.86
2012-10-23,cnn_fear_greed,42
2012-10-24,cboe_putcall,0.71
2012-10-24,cnn_fear_greed,45
2012-10-25,aaii_bears,43.1
2012-10-25,aaii_bulls,29.2
2012-10-25,aaii_neutral,27.7
2012-10-25,aaii_spread,-13.8
2012-10-25,cboe_putcall,0.76
2012-10-25,cnn_fear_greed,41
2012-10-26,cboe_putcall,0.77
2012-10-26,cnn_fear_greed,40
2012-10-31,cboe_putcall,0.68
2012-10-31,cnn_fear_greed,45
2012-11-01,aaii_bears,41.0
2012-11-01,aaii_bulls,35.7
2012-11-01,aaii_neutral,23.3
2012-11-01,aaii_spread,-5.2
2012-11-01,cboe_putcall,0.6
2012-11-01,cnn_fear_greed,50
2012-11-02,cboe_putcall,0.77
2012-11-02,cnn_fear_greed,50
2012-11-05,cboe_putcall,0.61
2012-11-05,cnn_fear_greed,46
2012-11-06,cboe_putcall,0.63
2012-11-06,cnn_fear_greed,47
2012-11-07,cboe_putcall,0.76
2012-11-07,cnn_fear_greed,45
2012-11-08,aaii_bears,39.9
2012-11-08,aaii_bulls,38.5
2012-11-08,aaii_neutral,21.6
2012-11-08,aaii_spread,-1.4
2012-11-08,cboe_putcall,0.8
2012-11-08,cnn_fear_greed,40
2012-11-09,cboe_putcall,0.82
2012-11-09,cnn_fear_greed,39
2012-11-12,cboe_putcall,0.65
2012-11-12,cnn_fear_greed,35
2012-11-13,cboe_putcall,0.72
2012-11-13,cnn_fear_greed,37
2012-11-14,cboe_putcall,0.78
2012-11-14,cnn_fear_greed,31
2012-11-15,aaii_bears,48.8
2012-11-15,aaii_bulls,28.8
2012-11-15,aaii_neutral,22.4
2012-11-15,aaii_spread,-20.0
2012-11-15,cboe_putcall,0.83
2012-11-15,cnn_fear_greed,28
2012-11-16,cboe_putcall,0.81
2012-11-16,cnn_fear_greed,28
2012-11-19,cboe_putcall,0.56
2012-11-19,cnn_fear_greed,38
2012-11-20,cboe_putcall,0.67
2012-11-20,cnn_fear_greed,42
2012-11-21,cboe_putcall,0.61
2012-11-21,cnn_fear_greed,39
2012-11-22,aaii_bears,40.8
2012-11-22,aaii_bulls,35.8
2012-11-22,aaii_neutral,23.4
2012-11-22,aaii_spread,-5.0
2012-11-23,cboe_putcall,0.59
2012-11-23,cnn_fear_greed,47
2012-11-26,cboe_putcall,0.64
2012-11-26,cnn_fear_greed,47
2012-11-27,cboe_putcall,0.58
2012-11-27,cnn_fear_greed,49
2012-11-28,aaii_bears,34.4
2012-11-28,aaii_bulls,40.9
2012-11-28,aaii_neutral,24.7
2012-11-28,aaii_spread,6.6
2012-11-28,cboe_putcall,0.6
2012-11-28,cnn_fear_greed,49
2012-11-29,cboe_putcall,0.62
2012-11-29,cnn_fear_greed,52
2012-11-30,cboe_putcall,0.73
2012-11-30,cnn_fear_greed,50
2012-12-03,cboe_putcall,0.57
2012-12-03,cnn_fear_greed,45
2012-12-04,cboe_putcall,0.81
2012-12-04,cnn_fear_greed,45
2012-12-05,cboe_putcall,0.6
2012-12-05,cnn_fear_greed,45
2012-12-06,aaii_bears,34.6
2012-12-06,aaii_bulls,42.2
2012-12-06,aaii_neutral,23.2
2012-12-06,aaii_spread,7.6
2012-12-06,cboe_putcall,0.67
2012-12-06,cnn_fear_greed,45
2012-12-07,cboe_putcall,0.64
2012-12-07,cnn_fear_greed,51
2012-12-10,cboe_putcall,0.62
2012-12-10,cnn_fear_greed,55
2012-12-11,cboe_putcall,0.59
2012-12-11,cnn_fear_greed,55
2012-12-12,cboe_putcall,0.61
2012-12-12,cnn_fear_greed,58
2012-12-13,aaii_bears,30.1
2012-12-13,aaii_bulls,43.2
2012-12-13,aaii_neutral,26.7
2012-12-13,aaii_spread,13.2
2012-12-13,cboe_putcall,0.61
2012-12-13,cnn_fear_greed,60
2012-12-14,cboe_putcall,0.7
2012-12-14,cnn_fear_greed,57
2012-12-17,cboe_putcall,0.6
2012-12-17,cnn_fear_greed,64
2012-12-18,cboe_putcall,0.51
2012-12-18,cnn_fear_greed,67
2012-12-19,cboe_putcall,0.64
2012-12-19,cnn_fear_greed,64
2012-12-20,aaii_bears,24.8
2012-12-20,aaii_bulls,46.4
2012-12-20,aaii_neutral,28.8
2012-12-20,aaii_spread,21.6
2012-12-20,cboe_putcall,0.64
2012-12-20,cnn_fear_greed,59
2012-12-21,cboe_putcall,0.71
2012-12-21,cnn_fear_greed,56
2012-12-24,cboe_putcall,0.65
2012-12-24,cnn_fear_greed,51
2012-12-26,cboe_putcall,0.74
2012-12-26,cnn_fear_greed,58
2012-12-27,aaii_bears,30.2
2012-12-27,aaii_bulls,44.4
2012-12-27,aaii_neutral,25.4
2012-12-27,aaii_spread,14.2
2012-12-27,cboe_putcall,0.68
2012-12-27,cnn_fear_greed,58
2012-12-28,cboe_putcall,0.64
2012-12-28,cnn_fear_greed,66
2012-12-31,cboe_putcall,0.62
2012-12-31,cnn_fear_greed,66
2013-01-02,cboe_putcall,0.55
2013-01-02,cnn_fear_greed,68
2013-01-03,aaii_bears,36.2
2013-01-03,aaii_bulls,38.7
2013-01-03,aaii_neutral,25.1
2013-01-03,aaii_spread,2.5
2013-01-03,cboe_putcall,0.53
2013-01-03,cnn_fear_greed,69
2013-01-04,cboe_putcall,0.64
2013-01-04,cnn_fear_greed,82
2013-01-07,cboe_putcall,0.68
2013-01-07,cnn_fear_greed,82
2013-01-08,cboe_putcall,0.78
2013-01-08,cnn_fear_greed,80
2013-01-09,cboe_putcall,0.61
2013-01-09,cnn_fear_greed,81
2013-01-10,aaii_bears,26.9
2013-01-10,aaii_bulls,46.4
2013-01-10,aaii_neutral,26.6
2013-01-10,aaii_spread,19.5
2013-01-10,cboe_putcall,0.66
2013-01-10,cnn_fear_greed,85
2013-01-11,cboe_putcall,0.63
2013-01-11,cnn_fear_greed,85
2013-01-14,cboe_putcall,0.52
2013-01-14,cnn_fear_greed,86
2013-01-15,cboe_putcall,0.67
2013-01-15,cnn_fear_greed,89
2013-01-16,cboe_putcall,0.75
2013-01-16,cnn_fear_greed,85
2013-01-17,aaii_bears,27.3
2013-01-17,aaii_bulls,43.9
2013-01-17,aaii_neutral,28.7
2013-01-17,aaii_spread,16.6
2013-01-17,cboe_putcall,0.61
2013-01-17,cnn_fear_greed,86
2013-01-18,cboe_putcall,0.54
2013-01-18,cnn_fear_greed,89
2013-01-22,cboe_putcall,0.68
2013-01-22,cnn_fear_greed,89
2013-01-23,cboe_putcall,0.69
2013-01-23,cnn_fear_greed,92
2013-01-24,aaii_bears,24.3
2013-01-24,aaii_bulls,52.3
2013-01-24,aaii_neutral,23.4
2013-01-24,aaii_spread,28.1
2013-01-24,cboe_putcall,0.65
2013-01-24,cnn_fear_greed,92
2013-01-25,cboe_putcall,0.64
2013-01-25,cnn_fear_greed,91
2013-01-28,cboe_putcall,0.76
2013-01-28,cnn_fear_greed,93
2013-01-29,cboe_putcall,0.68
2013-01-29,cnn_fear_greed,94
2013-01-30,cboe_putcall,0.67
2013-01-30,cnn_fear_greed,93
2013-01-31,aaii_bears,24.3
2013-01-31,aaii_bulls,48.0
2013-01-31,aaii_neutral,27.7
2013-01-31,aaii_spread,23.7
2013-01-31,cboe_putcall,0.73
2013-01-31,cnn_fear_greed,89
2013-02-01,cboe_putcall,0.57
2013-02-01,cnn_fear_greed,88
2013-02-04,cboe_putcall,0.69
2013-02-04,cnn_fear_greed,80
2013-02-05,cboe_putcall,0.59
2013-02-05,cnn_fear_greed,88
2013-02-06,cboe_putcall,0.6
2013-02-06,cnn_fear_greed,81
2013-02-07,aaii_bears,29.6
2013-02-07,aaii_bulls,42.8
2013-02-07,aaii_neutral,27.7
2013-02-07,aaii_spread,13.2
2013-02-07,cboe_putcall,0.66
2013-02-07,cnn_fear_greed,85
2013-02-08,cboe_putcall,0.57
2013-02-08,cnn_fear_greed,83
2013-02-11,cboe_putcall,0.56
2013-02-11,cnn_fear_greed,82
2013-02-12,cboe_putcall,0.61
2013-02-12,cnn_fear_greed,82
2013-02-13,cboe_putcall,0.65
2013-02-13,cnn_fear_greed,83
2013-02-14,aaii_bears,28.7
2013-02-14,aaii_bulls,42.3
2013-02-14,aaii_neutral,29.0
2013-02-14,aaii_spread,13.5
2013-02-14,cboe_putcall,0.62
2013-02-14,cnn_fear_greed,87
2013-02-15,cboe_putcall,0.59
2013-02-15,cnn_fear_greed,84
2013-02-19,cboe_putcall,0.58
2013-02-19,cnn_fear_greed,81
2013-02-20,cboe_putcall,0.72
2013-02-20,cnn_fear_greed,79
2013-02-21,aaii_bears,32.5
2013-02-21,aaii_bulls,41.8
2013-02-21,aaii_neutral,25.7
2013-02-21,aaii_spread,9.3
2013-02-21,cboe_putcall,0.72
2013-02-21,cnn_fear_greed,68
2013-02-22,cboe_putcall,0.59
2013-02-22,cnn_fear_greed,78
2013-02-25,cboe_putcall,0.73
2013-02-25,cnn_fear_greed,62
2013-02-26,cboe_putcall,0.75
2013-02-26,cnn_fear_greed,61
2013-02-27,cboe_putcall,0.63
2013-02-27,cnn_fear_greed,56
2013-02-28,aaii_bears,36.6
2013-02-28,aaii_bulls,28.4
2013-02-28,aaii_neutral,35.0
2013-02-28,aaii_spread,-8.2
2013-02-28,cboe_putcall,0.67
2013-02-28,cnn_fear_greed,61
2013-03-01,cboe_putcall,0.74
2013-03-01,cnn_fear_greed,60
2013-03-04,cboe_putcall,0.67
2013-03-04,cnn_fear_greed,60
2013-03-05,cboe_putcall,0.65
2013-03-05,cnn_fear_greed,71
2013-03-06,cboe_putcall,0.54
2013-03-06,cnn_fear_greed,69
2013-03-07,aaii_bears,38.5
2013-03-07,aaii_bulls,31.1
2013-03-07,aaii_neutral,30.4
2013-03-07,aaii_spread,-7.5
2013-03-07,cboe_putcall,0.59
2013-03-07,cnn_fear_greed,73
2013-03-08,cboe_putcall,0.62
2013-03-08,cnn_fear_greed,82
2013-03-11,cboe_putcall,0.65
2013-03-11,cnn_fear_greed,79
2013-03-12,cboe_putcall,0.61
2013-03-12,cnn_fear_greed,77
2013-03-13,cboe_putcall,0.62
2013-03-13,cnn_fear_greed,77
2013-03-14,aaii_bears,32.0
2013-03-14,aaii_bulls,45.4
2013-03-14,aaii_neutral,22.6
2013-03-14,aaii_spread,13.4
2013-03-14,cboe_putcall,0.64
2013-03-14,cnn_fear_greed,79
2013-03-15,cboe_putcall,0.56
2013-03-15,cnn_fear_greed,77
2013-03-18,cboe_putcall,0.65
2013-03-18,cnn_fear_greed,70
2013-03-19,cboe_putcall,0.72
2013-03-19,cnn_fear_greed,73
2013-03-20,cboe_putcall,0.59
2013-03-20,cnn_fear_greed,69
2013-03-21,aaii_bears,33.3
2013-03-21,aaii_bulls,38.9
2013-03-21,aaii_neutral,27.7
2013-03-21,aaii_spread,5.6
2013-03-21,cboe_putcall,0.64
2013-03-21,cnn_fear_greed,69
2013-03-22,cboe_putcall,0.69
2013-03-22,cnn_fear_greed,69
2013-03-25,cboe_putcall,0.72
2013-03-25,cnn_fear_greed,70
2013-03-26,cboe_putcall,0.62
2013-03-26,cnn_fear_greed,68
2013-03-27,cboe_putcall,0.68
2013-03-27,cnn_fear_greed,70
2013-03-28,aaii_bears,28.7
2013-03-28,aaii_bulls,38.4
2013-03-28,aaii_neutral,33.0
2013-03-28,aaii_spread,9.7
2013-03-28,cboe_putcall,0.62
2013-03-28,cnn_fear_greed,72
2013-04-01,cboe_putcall,0.7
2013-04-01,cnn_fear_greed,63
2013-04-02,cboe_putcall,0.64
2013-04-02,cnn_fear_greed,63
2013-04-03,cboe_putcall,0.76
2013-04-03,cnn_fear_greed,59
2013-04-04,aaii_bears,28.2
2013-04-04,aaii_bulls,35.5
2013-04-04,aaii_neutral,36.3
2013-04-04,aaii_spread,7.3
2013-04-04,cboe_putcall,0.73
2013-04-04,cnn_fear_greed,55
2013-04-05,cboe_putcall,0.7
2013-04-05,cnn_fear_greed,52
2013-04-08,cboe_putcall,0.58
2013-04-08,cnn_fear_greed,53
2013-04-09,cboe_putcall,0.6
2013-04-09,cnn_fear_greed,56
2013-04-10,cboe_putcall,0.58
2013-04-10,cnn_fear_greed,56
2013-04-11,aaii_bears,54.5
2013-04-11,aaii_bulls,19.3
2013-04-11,aaii_neutral,26.2
2013-04-11,aaii_spread,-35.2
2013-04-11,cboe_putcall,0.62
2013-04-11,cnn_fear_greed,57
2013-04-12,cboe_putcall,0.7
2013-04-12,cnn_fear_greed,57
2013-04-15,cboe_putcall,0.7
2013-04-15,cnn_fear_greed,41
2013-04-16,cboe_putcall,0.7
2013-04-16,cnn_fear_greed,52
2013-04-17,cboe_putcall,0.79
2013-04-17,cnn_fear_greed,47
2013-04-18,aaii_bears,48.2
2013-04-18,aaii_bulls,26.8
2013-04-18,aaii_neutral,24.9
2013-04-18,aaii_spread,-21.4
2013-04-18,cboe_putcall,0.75
2013-04-18,cnn_fear_greed,35
2013-04-19,cboe_putcall,0.85
2013-04-19,cnn_fear_greed,41
2013-04-22,cboe_putcall,0.66
2013-04-22,cnn_fear_greed,42
2013-04-23,cboe_putcall,0.66
2013-04-23,cnn_fear_greed,46
2013-04-24,cboe_putcall,0.58
2013-04-24,cnn_fear_greed,48
2013-04-25,aaii_bears,38.8
2013-04-25,aaii_bulls,28.3
2013-04-25,aaii_neutral,32.9
2013-04-25,aaii_spread,-10.5
2013-04-25,cboe_putcall,0.61
2013-04-25,cnn_fear_greed,53
2013-04-26,cboe_putcall,0.65
2013-04-26,cnn_fear_greed,53
2013-04-29,cboe_putcall,0.58
2013-04-29,cnn_fear_greed,60
2013-04-30,cboe_putcall,0.62
2013-04-30,cnn_fear_greed,61
2013-05-01,cboe_putcall,0.68
2013-05-01,cnn_fear_greed,62
2013-05-02,aaii_bears,35.9
2013-05-02,aaii_bulls,31.0
2013-05-02,aaii_neutral,33.1
2013-05-02,aaii_spread,-4.9
2013-05-02,cboe_putcall,0.55
2013-05-02,cnn_fear_greed,63
2013-05-03,cboe_putcall,0.61
2013-05-03,cnn_fear_greed,64
2013-05-06,cboe_putcall,0.53
2013-05-06,cnn_fear_greed,73
2013-05-07,cboe_putcall,0.63
2013-05-07,cnn_fear_greed,78
2013-05-08,cboe_putcall,0.66
2013-05-08,cnn_fear_greed,77
2013-05-09,aaii_bears,27.4
2013-05-09,aaii_bulls,40.8
2013-05-09,aaii_neutral,31.8
2013-05-09,aaii_spread,13.4
2013-05-09,cboe_putcall,0.58
2013-05-09,cnn_fear_greed,76
2013-05-10,cboe_putcall,0.59
2013-05-10,cnn_fear_greed,77
2013-05-13,cboe_putcall,0.6
2013-05-13,cnn_fear_greed,80
2013-05-14,cboe_putcall,0.52
2013-05-14,cnn_fear_greed,86
2013-05-15,cboe_putcall,0.52
2013-05-15,cnn_fear_greed,87
2013-05-16,aaii_bears,29.3
2013-05-16,aaii_bulls,38.5
2013-05-16,aaii_neutral,32.2
2013-05-16,aaii_spread,9.1
2013-05-16,cboe_putcall,0.54
2013-05-16,cnn_fear_greed,85
2013-05-17,cboe_putcall,0.5
2013-05-17,cnn_fear_greed,91
2013-05-20,cboe_putcall,0.52
2013-05-20,cnn_fear_greed,83
2013-05-21,cboe_putcall,0.54
2013-05-21,cnn_fear_greed,83
2013-05-22,cboe_putcall,0.67
2013-05-22,cnn_fear_greed,83
2013-05-23,aaii_bears,21.6
2013-05-23,aaii_bulls,49.0
2013-05-23,aaii_neutral,29.5
2013-05-23,aaii_spread,27.4
2013-05-23,cboe_putcall,0.67
2013-05-23,cnn_fear_greed,80
2013-05-24,cboe_putcall,0.73
2013-05-24,cnn_fear_greed,75
2013-05-28,cboe_putcall,0.58
2013-05-28,cnn_fear_greed,67
2013-05-29,cboe_putcall,0.64
2013-05-29,cnn_fear_greed,66
2013-05-30,aaii_bears,29.6
2013-05-30,aaii_bulls,36.0
2013-05-30,aaii_neutral,34.4
2013-05-30,aaii_spread,6.3
2013-05-30,cboe_putcall,0.48
2013-05-30,cnn_fear_greed,72
2013-05-31,cboe_putcall,0.66
2013-05-31,cnn_fear_greed,60
2013-06-03,cboe_putcall,0.63
2013-06-03,cnn_fear_greed,55
2013-06-04,cboe_putcall,0.67
2013-06-04,cnn_fear_greed,48
2013-06-05,cboe_putcall,0.73
2013-06-05,cnn_fear_greed,32
2013-06-06,aaii_bears,38.9
2013-06-06,aaii_bulls,29.5
2013-06-06,aaii_neutral,31.6
2013-06-06,aaii_spread,-9.5
2013-06-06,cboe_putcall,0.63
2013-06-06,cnn_fear_greed,34
2013-06-07,cboe_putcall,0.67
2013-06-07,cnn_fear_greed,40
2013-06-10,cboe_putcall,0.59
2013-06-10,cnn_fear_greed,34
2013-06-11,cboe_putcall,0.81
2013-06-11,cnn_fear_greed,31
2013-06-12,cboe_putcall,0.75
2013-06-12,cnn_fear_greed,30
2013-06-13,aaii_bears,34.6
2013-06-13,aaii_bulls,33.0
2013-06-13,aaii_neutral,32.4
2013-06-13,aaii_spread,-1.6
2013-06-13,cboe_putcall,0.63
2013-06-13,cnn_fear_greed,30
2013-06-14,cboe_putcall,0.73
2013-06-14,cnn_fear_greed,29
2013-06-17,cboe_putcall,0.65
2013-06-17,cnn_fear_greed,24
2013-06-18,cboe_putcall,0.54
2013-06-18,cnn_fear_greed,24
2013-06-19,cboe_putcall,0.66
2013-06-19,cnn_fear_greed,21
2013-06-20,aaii_bears,30.0
2013-06-20,aaii_bulls,37.5
2013-06-20,aaii_neutral,32.6
2013-06-20,aaii_spread,7.5
2013-06-20,cboe_putcall,0.79
2013-06-20,cnn_fear_greed,19
2013-06-21,cboe_putcall,0.82
2013-06-21,cnn_fear_greed,19
2013-06-24,cboe_putcall,0.65
2013-06-24,cnn_fear_greed,18
2013-06-25,cboe_putcall,0.59
2013-06-25,cnn_fear_greed,19
2013-06-26,cboe_putcall,0.67
2013-06-26,cnn_fear_greed,20
2013-06-27,aaii_bears,35.2
2013-06-27,aaii_bulls,30.3
2013-06-27,aaii_neutral,34.6
2013-06-27,aaii_spread,-4.9
2013-06-27,cboe_putcall,0.71
2013-06-27,cnn_fear_greed,21
2013-06-28,cboe_putcall,0.66
2013-06-28,cnn_fear_greed,22
2013-07-01,cboe_putcall,0.6
2013-07-01,cnn_fear_greed,25
2013-07-02,cboe_putcall,0.65
2013-07-02,cnn_fear_greed,29
2013-07-03,cboe_putcall,0.76
2013-07-03,cnn_fear_greed,30
2013-07-04,aaii_bears,23.8
2013-07-04,aaii_bulls,42.0
2013-07-04,aaii_neutral,34.2
2013-07-04,aaii_spread,18.1
2013-07-05,cboe_putcall,0.6
2013-07-05,cnn_fear_greed,38
2013-07-08,cboe_putcall,0.69
2013-07-08,cnn_fear_greed,40
2013-07-09,cboe_putcall,0.54
2013-07-09,cnn_fear_greed,48
2013-07-10,cboe_putcall,0.57
2013-07-10,cnn_fear_greed,49
2013-07-11,aaii_bears,18.3
2013-07-11,aaii_bulls,48.9
2013-07-11,aaii_neutral,32.8
2013-07-11,aaii_spread,30.6
2013-07-11,cboe_putcall,0.57
2013-07-11,cnn_fear_greed,51
2013-07-12,cboe_putcall,0.67
2013-07-12,cnn_fear_greed,61
2013-07-15,cboe_putcall,0.53
2013-07-15,cnn_fear_greed,60
2013-07-16,cboe_putcall,0.64
2013-07-16,cnn_fear_greed,62
2013-07-17,cboe_putcall,0.62
2013-07-17,cnn_fear_greed,57
2013-07-18,aaii_bears,21.3
2013-07-18,aaii_bulls,47.7
2013-07-18,aaii_neutral,31.0
2013-07-18,aaii_spread,26.5
2013-07-18,cboe_putcall,0.5
2013-07-18,cnn_fear_greed,62
2013-07-19,cboe_putcall,0.54
2013-07-19,cnn_fear_greed,68
2013-07-22,cboe_putcall,0.67
2013-07-22,cnn_fear_greed,63
2013-07-23,cboe_putcall,0.66
2013-07-23,cnn_fear_greed,65
2013-07-24,cboe_putcall,0.65
2013-07-24,cnn_fear_greed,64
2013-07-25,aaii_bears,22.6
2013-07-25,aaii_bulls,45.1
2013-07-25,aaii_neutral,32.3
2013-07-25,aaii_spread,22.6
2013-07-25,cboe_putcall,0.59
2013-07-25,cnn_fear_greed,62
2013-07-26,cboe_putcall,0.64
2013-07-26,cnn_fear_greed,64
2013-07-29,cboe_putcall,0.6
2013-07-29,cnn_fear_greed,59
2013-07-30,cboe_putcall,0.56
2013-07-30,cnn_fear_greed,62
2013-07-31,cboe_putcall,0.6
2013-07-31,cnn_fear_greed,61
2013-08-01,aaii_bears,25.0
2013-08-01,aaii_bulls,35.6
2013-08-01,aaii_neutral,39.4
2013-08-01,aaii_spread,10.6
2013-08-01,cboe_putcall,0.55
2013-08-01,cnn_fear_greed,68
2013-08-02,cboe_putcall,0.58
2013-08-02,cnn_fear_greed,62
2013-08-05,cboe_putcall,0.59
2013-08-05,cnn_fear_greed,61
2013-08-06,cboe_putcall,0.63
2013-08-06,cnn_fear_greed,54
2013-08-07,cboe_putcall,0.63
2013-08-07,cnn_fear_greed,47
2013-08-08,aaii_bears,26.6
2013-08-08,aaii_bulls,39.5
2013-08-08,aaii_neutral,33.9
2013-08-08,aaii_spread,12.9
2013-08-08,cboe_putcall,0.58
2013-08-08,cnn_fear_greed,52
2013-08-09,cboe_putcall,0.58
2013-08-09,cnn_fear_greed,44
2013-08-12,cboe_putcall,0.55
2013-08-12,cnn_fear_greed,50
2013-08-13,cboe_putcall,0.49
2013-08-13,cnn_fear_greed,50
2013-08-14,cboe_putcall,0.53
2013-08-14,cnn_fear_greed,46
2013-08-15,aaii_bears,28.2
2013-08-15,aaii_bulls,34.5
2013-08-15,aaii_neutral,37.3
2013-08-15,aaii_spread,6.3
2013-08-15,cboe_putcall,0.66
2013-08-15,cnn_fear_greed,43
2013-08-16,cboe_putcall,0.6
2013-08-16,cnn_fear_greed,39
2013-08-19,cboe_putcall,0.54
2013-08-19,cnn_fear_greed,32
2013-08-20,cboe_putcall,0.61
2013-08-20,cnn_fear_greed,26
2013-08-21,cboe_putcall,0.64
2013-08-21,cnn_fear_greed,26
2013-08-22,aaii_bears,42.9
2013-08-22,aaii_bulls,29.0
2013-08-22,aaii_neutral,28.2
2013-08-22,aaii_spread,-13.9
2013-08-22,cboe_putcall,0.55
2013-08-22,cnn_fear_greed,32
2013-08-23,cboe_putcall,0.6
2013-08-23,cnn_fear_greed,27
2013-08-26,cboe_putcall,0.61
2013-08-26,cnn_fear_greed,25
2013-08-27,cboe_putcall,0.68
2013-08-27,cnn_fear_greed,18
2013-08-28,cboe_putcall,0.55
2013-08-28,cnn_fear_greed,24
2013-08-29,aaii_bears,30.7
2013-08-29,aaii_bulls,33.5
2013-08-29,aaii_neutral,35.7
2013-08-29,aaii_spread,2.8
2013-08-29,cboe_putcall,0.6
2013-08-29,cnn_fear_greed,23
2013-08-30,cboe_putcall,0.67
2013-08-30,cnn_fear_greed,20
2013-09-03,cboe_putcall,0.54
2013-09-03,cnn_fear_greed,17
2013-09-04,cboe_putcall,0.54
2013-09-04,cnn_fear_greed,28
2013-09-05,aaii_bears,31.2
2013-09-05,aaii_bulls,35.5
2013-09-05,aaii_neutral,33.2
2013-09-05,aaii_spread,4.3
2013-09-05,cboe_putcall,0.52
2013-09-05,cnn_fear_greed,33
2013-09-06,cboe_putcall,0.5
2013-09-06,cnn_fear_greed,36
2013-09-09,cboe_putcall,0.45
2013-09-09,cnn_fear_greed,43
2013-09-10,cboe_putcall,0.48
2013-09-10,cnn_fear_greed,52
2013-09-11,cboe_putcall,0.61
2013-09-11,cnn_fear_greed,47
2013-09-12,aaii_bears,24.6
2013-09-12,aaii_bulls,45.5
2013-09-12,aaii_neutral,29.9
2013-09-12,aaii_spread,20.9
2013-09-12,cboe_putcall,0.63
2013-09-12,cnn_fear_greed,46
2013-09-13,cboe_putcall,0.6
2013-09-13,cnn_fear_greed,48
2013-09-16,cboe_putcall,0.57
2013-09-16,cnn_fear_greed,50
2013-09-17,cboe_putcall,0.57
2013-09-17,cnn_fear_greed,54
2013-09-18,cboe_putcall,0.53
2013-09-18,cnn_fear_greed,56
2013-09-19,aaii_bears,29.7
2013-09-19,aaii_bulls,45.1
2013-09-19,aaii_neutral,25.2
2013-09-19,aaii_spread,15.4
2013-09-19,cboe_putcall,0.57
2013-09-19,cnn_fear_greed,62
2013-09-20,cboe_putcall,0.6
2013-09-20,cnn_fear_greed,57
2013-09-23,cboe_putcall,0.7
2013-09-23,cnn_fear_greed,49
2013-09-24,cboe_putcall,0.56
2013-09-24,cnn_fear_greed,48
2013-09-25,cboe_putcall,0.62
2013-09-25,cnn_fear_greed,47
2013-09-26,aaii_bears,30.6
2013-09-26,aaii_bulls,36.1
2013-09-26,aaii_neutral,33.3
2013-09-26,aaii_spread,5.4
2013-09-26,cboe_putcall,0.49
2013-09-26,cnn_fear_greed,39
2013-09-27,cboe_putcall,0.7
2013-09-27,cnn_fear_greed,41
2013-09-30,cboe_putcall,0.76
2013-09-30,cnn_fear_greed,35
2013-10-01,cboe_putcall,0.53
2013-10-01,cnn_fear_greed,40
2013-10-02,cboe_putcall,0.61
2013-10-02,cnn_fear_greed,35
2013-10-03,aaii_bears,30.1
2013-10-03,aaii_bulls,37.8
2013-10-03,aaii_neutral,32.1
2013-10-03,aaii_spread,7.8
2013-10-03,cboe_putcall,0.69
2013-10-03,cnn_fear_greed,29
2013-10-04,cboe_putcall,0.59
2013-10-04,cnn_fear_greed,34
2013-10-07,cboe_putcall,0.6
2013-10-07,cnn_fear_greed,27
2013-10-08,cboe_putcall,0.72
2013-10-08,cnn_fear_greed,20
2013-10-09,cboe_putcall,0.69
2013-10-09,cnn_fear_greed,29
2013-10-10,aaii_bears,33.6
2013-10-10,aaii_bulls,41.3
2013-10-10,aaii_neutral,25.1
2013-10-10,aaii_spread,7.7
2013-10-10,cboe_putcall,0.63
2013-10-10,cnn_fear_greed,35
2013-10-11,cboe_putcall,0.6
2013-10-11,cnn_fear_greed,31
2013-10-14,cboe_putcall,0.59
2013-10-14,cnn_fear_greed,39
2013-10-15,cboe_putcall,0.66
2013-10-15,cnn_fear_greed,39
2013-10-16,cboe_putcall,0.54
2013-10-16,cnn_fear_greed,46
2013-10-17,aaii_bears,24.9
2013-10-17,aaii_bulls,46.3
2013-10-17,aaii_neutral,28.8
2013-10-17,aaii_spread,21.4
2013-10-17,cboe_putcall,0.54
2013-10-17,cnn_fear_greed,48
2013-10-18,cboe_putcall,0.46
2013-10-18,cnn_fear_greed,56
2013-10-21,cboe_putcall,0.53
2013-10-21,cnn_fear_greed,53
2013-10-22,cboe_putcall,0.54
2013-10-22,cnn_fear_greed,55
2013-10-23,cboe_putcall,0.58
2013-10-23,cnn_fear_greed,61
2013-10-24,aaii_bears,17.6
2013-10-24,aaii_bulls,49.2
2013-10-24,aaii_neutral,33.2
2013-10-24,aaii_spread,31.6
2013-10-24,cboe_putcall,0.6
2013-10-24,cnn_fear_greed,62
2013-10-25,cboe_putcall,0.64
2013-10-25,cnn_fear_greed,62
2013-10-28,cboe_putcall,0.53
2013-10-28,cnn_fear_greed,64
2013-10-29,cboe_putcall,0.52
2013-10-29,cnn_fear_greed,64
2013-10-30,cboe_putcall,0.6
2013-10-30,cnn_fear_greed,64
2013-10-31,aaii_bears,21.5
2013-10-31,aaii_bulls,45.0
2013-10-31,aaii_neutral,33.6
2013-10-31,aaii_spread,23.5
2013-10-31,cboe_putcall,0.57
2013-10-31,cnn_fear_greed,66
2013-11-01,cboe_putcall,0.61
2013-11-01,cnn_fear_greed,67
2013-11-04,cboe_putcall,0.54
2013-11-04,cnn_fear_greed,68
2013-11-05,cboe_putcall,0.57
2013-11-05,cnn_fear_greed,68
2013-11-06,cboe_putcall,0.58
2013-11-06,cnn_fear_greed,68
2013-11-07,aaii_bears,21.8
2013-11-07,aaii_bulls,45.5
2013-11-07,aaii_neutral,32.7
2013-11-07,aaii_spread,23.7
2013-11-07,cboe_putcall,0.57
2013-11-07,cnn_fear_greed,68
2013-11-08,cboe_putcall,0.51
2013-11-08,cnn_fear_greed,68
2013-11-11,cboe_putcall,0.52
2013-11-11,cnn_fear_greed,67
2013-11-12,cboe_putcall,0.55
2013-11-12,cnn_fear_greed,69
2013-11-13,cboe_putcall,0.56
2013-11-13,cnn_fear_greed,70
2013-11-14,aaii_bears,27.5
2013-11-14,aaii_bulls,39.2
2013-11-14,aaii_neutral,33.3
2013-11-14,aaii_spread,11.7
2013-11-14,cboe_putcall,0.59
2013-11-14,cnn_fear_greed,70
2013-11-15,cboe_putcall,0.55
2013-11-15,cnn_fear_greed,71
2013-11-18,cboe_putcall,0.58
2013-11-18,cnn_fear_greed,71
2013-11-19,cboe_putcall,0.69
2013-11-19,cnn_fear_greed,67
2013-11-20,cboe_putcall,0.63
2013-11-20,cnn_fear_greed,68
2013-11-21,aaii_bears,29.5
2013-11-21,aaii_bulls,34.4
2013-11-21,aaii_neutral,36.1
2013-11-21,aaii_spread,4.9
2013-11-21,cboe_putcall,0.48
2013-11-21,cnn_fear_greed,68
2013-11-22,cboe_putcall,0.6
2013-11-22,cnn_fear_greed,68
2013-11-25,cboe_putcall,0.54
2013-11-25,cnn_fear_greed,66
2013-11-26,cboe_putcall,0.54
2013-11-26,cnn_fear_greed,64
2013-11-27,cboe_putcall,0.6
2013-11-27,cnn_fear_greed,67
2013-11-28,aaii_bears,28.3
2013-11-28,aaii_bulls,47.3
2013-11-28,aaii_neutral,24.4
2013-11-28,aaii_spread,19.0
2013-11-29,cboe_putcall,0.48
2013-11-29,cnn_fear_greed,70
2013-12-02,cboe_putcall,0.51
2013-12-02,cnn_fear_greed,66
2013-12-03,cboe_putcall,0.61
2013-12-03,cnn_fear_greed,65
2013-12-04,cboe_putcall,0.56
2013-12-04,cnn_fear_greed,65
2013-12-05,aaii_bears,27.5
2013-12-05,aaii_bulls,42.6
2013-12-05,aaii_neutral,29.8
2013-12-05,aaii_spread,15.1
2013-12-05,cboe_putcall,0.52
2013-12-05,cnn_fear_greed,57
2013-12-06,cboe_putcall,0.53
2013-12-06,cnn_fear_greed,63
2013-12-09,cboe_putcall,0.62
2013-12-09,cnn_fear_greed,53
2013-12-10,cboe_putcall,0.58
2013-12-10,cnn_fear_greed,52
2013-12-11,cboe_putcall,0.62
2013-12-11,cnn_fear_greed,51
2013-12-12,aaii_bears,25.0
2013-12-12,aaii_bulls,41.3
2013-12-12,aaii_neutral,33.7
2013-12-12,aaii_spread,16.3
2013-12-12,cboe_putcall,0.53
2013-12-12,cnn_fear_greed,43
2013-12-13,cboe_putcall,0.67
2013-12-13,cnn_fear_greed,38
2013-12-16,cboe_putcall,0.5
2013-12-16,cnn_fear_greed,45
2013-12-17,cboe_putcall,0.53
2013-12-17,cnn_fear_greed,38
2013-12-18,cboe_putcall,0.62
2013-12-18,cnn_fear_greed,49
2013-12-19,aaii_bears,25.1
2013-12-19,aaii_bulls,47.5
2013-12-19,aaii_neutral,27.5
2013-12-19,aaii_spread,22.4
2013-12-19,cboe_putcall,0.52
2013-12-19,cnn_fear_greed,50
2013-12-20,cboe_putcall,0.5
2013-12-20,cnn_fear_greed,52
2013-12-23,cboe_putcall,0.49
2013-12-23,cnn_fear_greed,61
2013-12-24,cboe_putcall,0.46
2013-12-24,cnn_fear_greed,66
2013-12-26,aaii_bears,18.5
2013-12-26,aaii_bulls,55.1
2013-12-26,aaii_neutral,26.4
2013-12-26,aaii_spread,36.5
2013-12-26,cboe_putcall,0.59
2013-12-26,cnn_fear_greed,63
2013-12-27,cboe_putcall,0.54
2013-12-27,cnn_fear_greed,72
2013-12-30,cboe_putcall,0.49
2013-12-30,cnn_fear_greed,70
2013-12-31,cboe_putcall,0.46
2013-12-31,cnn_fear_greed,77
2014-01-02,aaii_bears,29.3
2014-01-02,aaii_bulls,43.1
2014-01-02,aaii_neutral,27.6
2014-01-02,aaii_spread,13.8
2014-01-02,cboe_putcall,0.56
2014-01-02,cnn_fear_greed,71
2014-01-03,cboe_putcall,0.54
2014-01-03,cnn_fear_greed,66
2014-01-06,cboe_putcall,0.52
2014-01-06,cnn_fear_greed,64
2014-01-07,cboe_putcall,0.47
2014-01-07,cnn_fear_greed,67
2014-01-08,cboe_putcall,0.5
2014-01-08,cnn_fear_greed,64
2014-01-09,aaii_bears,25.0
2014-01-09,aaii_bulls,43.6
2014-01-09,aaii_neutral,31.4
2014-01-09,aaii_spread,18.6
2014-01-09,cboe_putcall,0.55
2014-01-09,cnn_fear_greed,68
2014-01-10,cboe_putcall,0.53
2014-01-10,cnn_fear_greed,66
2014-01-13,cboe_putcall,0.61
2014-01-13,cnn_fear_greed,61
2014-01-14,cboe_putcall,0.52
2014-01-14,cnn_fear_greed,68
2014-01-15,cboe_putcall,0.48
2014-01-15,cnn_fear_greed,65
2014-01-16,aaii_bears,21.5
2014-01-16,aaii_bulls,39.0
2014-01-16,aaii_neutral,39.5
2014-01-16,aaii_spread,17.5
2014-01-16,cboe_putcall,0.57
2014-01-16,cnn_fear_greed,63
2014-01-17,cboe_putcall,0.53
2014-01-17,cnn_fear_greed,59
2014-01-21,cboe_putcall,0.57
2014-01-21,cnn_fear_greed,62
2014-01-22,cboe_putcall,0.52
2014-01-22,cnn_fear_greed,45
2014-01-23,aaii_bears,23.8
2014-01-23,aaii_bulls,38.1
2014-01-23,aaii_neutral,38.1
2014-01-23,aaii_spread,14.4
2014-01-23,cboe_putcall,0.65
2014-01-23,cnn_fear_greed,46
2014-01-24,cboe_putcall,0.69
2014-01-24,cnn_fear_greed,27
2014-01-27,cboe_putcall,0.53
2014-01-27,cnn_fear_greed,25
2014-01-28,cboe_putcall,0.53
2014-01-28,cnn_fear_greed,29
2014-01-29,cboe_putcall,0.62
2014-01-29,cnn_fear_greed,20
2014-01-30,aaii_bears,32.8
2014-01-30,aaii_bulls,32.2
2014-01-30,aaii_neutral,35.1
2014-01-30,aaii_spread,-0.6
2014-01-30,cboe_putcall,0.54
2014-01-30,cnn_fear_greed,18
2014-01-31,cboe_putcall,0.66
2014-01-31,cnn_fear_greed,20
2014-02-03,cboe_putcall,0.61
2014-02-03,cnn_fear_greed,13
2014-02-04,cboe_putcall,0.6
2014-02-04,cnn_fear_greed,15
2014-02-05,cboe_putcall,0.62
2014-02-05,cnn_fear_greed,20
2014-02-06,aaii_bears,36.4
2014-02-06,aaii_bulls,27.9
2014-02-06,aaii_neutral,35.7
2014-02-06,aaii_spread,-8.5
2014-02-06,cboe_putcall,0.61
2014-02-06,cnn_fear_greed,17
2014-02-07,cboe_putcall,0.68
2014-02-07,cnn_fear_greed,22
2014-02-10,cboe_putcall,0.71
2014-02-10,cnn_fear_greed,28
2014-02-11,cboe_putcall,0.55
2014-02-11,cnn_fear_greed,29
2014-02-12,cboe_putcall,0.64
2014-02-12,cnn_fear_greed,32
2014-02-13,aaii_bears,27.3
2014-02-13,aaii_bulls,40.1
2014-02-13,aaii_neutral,32.5
2014-02-13,aaii_spread,12.8
2014-02-13,cboe_putcall,0.57
2014-02-13,cnn_fear_greed,32
2014-02-14,cboe_putcall,0.57
2014-02-14,cnn_fear_greed,30
2014-02-18,cboe_putcall,0.61
2014-02-18,cnn_fear_greed,42
2014-02-19,cboe_putcall,0.55
2014-02-19,cnn_fear_greed,39
2014-02-20,aaii_bears,22.8
2014-02-20,aaii_bulls,42.2
2014-02-20,aaii_neutral,35.0
2014-02-20,aaii_spread,19.4
2014-02-20,cboe_putcall,0.58
2014-02-20,cnn_fear_greed,45
2014-02-21,cboe_putcall,0.55
2014-02-21,cnn_fear_greed,48
2014-02-24,cboe_putcall,0.55
2014-02-24,cnn_fear_greed,55
2014-02-25,cboe_putcall,0.57
2014-02-25,cnn_fear_greed,57
2014-02-26,cboe_putcall,0.57
2014-02-26,cnn_fear_greed,58
2014-02-27,aaii_bears,21.1
2014-02-27,aaii_bulls,39.7
2014-02-27,aaii_neutral,39.2
2014-02-27,aaii_spread,18.6
2014-02-27,cboe_putcall,0.58
2014-02-27,cnn_fear_greed,62
2014-02-28,cboe_putcall,0.63
2014-02-28,cnn_fear_greed,56
2014-03-03,cboe_putcall,0.62
2014-03-03,cnn_fear_greed,63
2014-03-04,cboe_putcall,0.48
2014-03-04,cnn_fear_greed,66
2014-03-05,cboe_putcall,0.46
2014-03-05,cnn_fear_greed,78
2014-03-06,aaii_bears,26.6
2014-03-06,aaii_bulls,40.5
2014-03-06,aaii_neutral,32.9
2014-03-06,aaii_spread,13.9
2014-03-06,cboe_putcall,0.53
2014-03-06,cnn_fear_greed,80
2014-03-07,cboe_putcall,0.55
2014-03-07,cnn_fear_greed,81
2014-03-10,cboe_putcall,0.67
2014-03-10,cnn_fear_greed,81
2014-03-11,cboe_putcall,0.58
2014-03-11,cnn_fear_greed,76
2014-03-12,cboe_putcall,0.71
2014-03-12,cnn_fear_greed,57
2014-03-13,aaii_bears,26.8
2014-03-13,aaii_bulls,41.3
2014-03-13,aaii_neutral,31.8
2014-03-13,aaii_spread,14.5
2014-03-13,cboe_putcall,0.69
2014-03-13,cnn_fear_greed,49
2014-03-14,cboe_putcall,0.69
2014-03-14,cnn_fear_greed,44
2014-03-17,cboe_putcall,0.57
2014-03-17,cnn_fear_greed,49
2014-03-18,cboe_putcall,0.55
2014-03-18,cnn_fear_greed,51
2014-03-19,cboe_putcall,0.53
2014-03-19,cnn_fear_greed,53
2014-03-20,aaii_bears,26.1
2014-03-20,aaii_bulls,36.8
2014-03-20,aaii_neutral,37.1
2014-03-20,aaii_spread,10.6
2014-03-20,cboe_putcall,0.55
2014-03-20,cnn_fear_greed,54
2014-03-21,cboe_putcall,0.62
2014-03-21,cnn_fear_greed,56
2014-03-24,cboe_putcall,0.66
2014-03-24,cnn_fear_greed,49
2014-03-25,cboe_putcall,0.53
2014-03-25,cnn_fear_greed,43
2014-03-26,cboe_putcall,0.64
2014-03-26,cnn_fear_greed,43
2014-03-27,aaii_bears,28.6
2014-03-27,aaii_bulls,31.2
2014-03-27,aaii_neutral,40.2
2014-03-27,aaii_spread,2.5
2014-03-27,cboe_putcall,0.57
2014-03-27,cnn_fear_greed,34
2014-03-28,cboe_putcall,0.64
2014-03-28,cnn_fear_greed,36
2014-03-31,cboe_putcall,0.57
2014-03-31,cnn_fear_greed,50
2014-04-01,cboe_putcall,0.47
2014-04-01,cnn_fear_greed,51
2014-04-02,cboe_putcall,0.51
2014-04-02,cnn_fear_greed,53
2014-04-03,aaii_bears,26.8
2014-04-03,aaii_bulls,35.4
2014-04-03,aaii_neutral,37.9
2014-04-03,aaii_spread,8.6
2014-04-03,cboe_putcall,0.59
2014-04-03,cnn_fear_greed,51
2014-04-04,cboe_putcall,0.65
2014-04-04,cnn_fear_greed,49
2014-04-07,cboe_putcall,0.62
2014-04-07,cnn_fear_greed,35
2014-04-08,cboe_putcall,0.56
2014-04-08,cnn_fear_greed,34
2014-04-09,cboe_putcall,0.45
2014-04-09,cnn_fear_greed,31
2014-04-10,aaii_bears,34.1
2014-04-10,aaii_bulls,28.5
2014-04-10,aaii_neutral,37.4
2014-04-10,aaii_spread,-5.6
2014-04-10,cboe_putcall,0.7
2014-04-10,cnn_fear_greed,31
2014-04-11,cboe_putcall,0.75
2014-04-11,cnn_fear_greed,21
2014-04-14,cboe_putcall,0.61
2014-04-14,cnn_fear_greed,23
2014-04-15,cboe_putcall,0.59
2014-04-15,cnn_fear_greed,23
2014-04-16,cboe_putcall,0.53
2014-04-16,cnn_fear_greed,28
2014-04-17,aaii_bears,34.3
2014-04-17,aaii_bulls,27.2
2014-04-17,aaii_neutral,38.5
2014-04-17,aaii_spread,-7.0
2014-04-17,cboe_putcall,0.57
2014-04-17,cnn_fear_greed,28
2014-04-21,cboe_putcall,0.47
2014-04-21,cnn_fear_greed,38
2014-04-22,cboe_putcall,0.48
2014-04-22,cnn_fear_greed,40
2014-04-23,cboe_putcall,0.69
2014-04-23,cnn_fear_greed,40
2014-04-24,aaii_bears,26.0
2014-04-24,aaii_bulls,34.5
2014-04-24,aaii_neutral,39.5
2014-04-24,aaii_spread,8.5
2014-04-24,cboe_putcall,0.61
2014-04-24,cnn_fear_greed,39
2014-04-25,cboe_putcall,0.71
2014-04-25,cnn_fear_greed,35
2014-04-28,cboe_putcall,0.69
2014-04-28,cnn_fear_greed,34
2014-04-29,cboe_putcall,0.61
2014-04-29,cnn_fear_greed,34
2014-04-30,cboe_putcall,0.54
2014-04-30,cnn_fear_greed,33
2014-05-01,aaii_bears,29.4
2014-05-01,aaii_bulls,29.8
2014-05-01,aaii_neutral,40.8
2014-05-01,aaii_spread,0.3
2014-05-01,cboe_putcall,0.56
2014-05-01,cnn_fear_greed,30
2014-05-02,cboe_putcall,0.65
2014-05-02,cnn_fear_greed,32
2014-05-05,cboe_putcall,0.65
2014-05-05,cnn_fear_greed,34
2014-05-06,cboe_putcall,0.68
2014-05-06,cnn_fear_greed,34
2014-05-07,cboe_putcall,0.67
2014-05-07,cnn_fear_greed,33
2014-05-08,aaii_bears,28.7
2014-05-08,aaii_bulls,28.3
2014-05-08,aaii_neutral,43.0
2014-05-08,aaii_spread,-0.3
2014-05-08,cboe_putcall,0.66
2014-05-08,cnn_fear_greed,33
2014-05-09,cboe_putcall,0.72
2014-05-09,cnn_fear_greed,42
2014-05-12,cboe_putcall,0.53
2014-05-12,cnn_fear_greed,45
2014-05-13,cboe_putcall,0.61
2014-05-13,cnn_fear_greed,39
2014-05-14,cboe_putcall,0.72
2014-05-14,cnn_fear_greed,38
2014-05-15,aaii_bears,22.6
2014-05-15,aaii_bulls,33.1
2014-05-15,aaii_neutral,44.3
2014-05-15,aaii_spread,10.5
2014-05-15,cboe_putcall,0.69
2014-05-15,cnn_fear_greed,28
2014-05-16,cboe_putcall,0.68
2014-05-16,cnn_fear_greed,28
2014-05-19,cboe_putcall,0.54
2014-05-19,cnn_fear_greed,26
2014-05-20,cboe_putcall,0.66
2014-05-20,cnn_fear_greed,21
2014-05-21,cboe_putcall,0.68
2014-05-21,cnn_fear_greed,29
2014-05-22,aaii_bears,26.4
2014-05-22,aaii_bulls,30.4
2014-05-22,aaii_neutral,43.2
2014-05-22,aaii_spread,4.0
2014-05-22,cboe_putcall,0.71
2014-05-22,cnn_fear_greed,36
2014-05-23,cboe_putcall,0.58
2014-05-23,cnn_fear_greed,37
2014-05-27,cboe_putcall,0.53
2014-05-27,cnn_fear_greed,40
2014-05-28,cboe_putcall,0.56
2014-05-28,cnn_fear_greed,42
2014-05-29,aaii_bears,23.2
2014-05-29,aaii_bulls,36.5
2014-05-29,aaii_neutral,40.3
2014-05-29,aaii_spread,13.3
2014-05-29,cboe_putcall,0.52
2014-05-29,cnn_fear_greed,42
2014-05-30,cboe_putcall,0.56
2014-05-30,cnn_fear_greed,45
2014-06-02,cboe_putcall,0.62
2014-06-02,cnn_fear_greed,58
2014-06-03,cboe_putcall,0.58
2014-06-03,cnn_fear_greed,66
2014-06-04,cboe_putcall,0.43
2014-06-04,cnn_fear_greed,66
2014-06-05,aaii_bears,22.2
2014-06-05,aaii_bulls,39.5
2014-06-05,aaii_neutral,38.3
2014-06-05,aaii_spread,17.3
2014-06-05,cboe_putcall,0.5
2014-06-05,cnn_fear_greed,81
2014-06-06,cboe_putcall,0.47
2014-06-06,cnn_fear_greed,81
2014-06-09,cboe_putcall,0.48
2014-06-09,cnn_fear_greed,89
2014-06-10,cboe_putcall,0.52
2014-06-10,cnn_fear_greed,90
2014-06-11,cboe_putcall,0.5
2014-06-11,cnn_fear_greed,88
2014-06-12,aaii_bears,21.2
2014-06-12,aaii_bulls,44.7
2014-06-12,aaii_neutral,34.1
2014-06-12,aaii_spread,23.4
2014-06-12,cboe_putcall,0.51
2014-06-12,cnn_fear_greed,83
2014-06-13,cboe_putcall,0.56
2014-06-13,cnn_fear_greed,85
2014-06-16,cboe_putcall,0.48
2014-06-16,cnn_fear_greed,87
2014-06-17,cboe_putcall,0.49
2014-06-17,cnn_fear_greed,88
2014-06-18,cboe_putcall,0.38
2014-06-18,cnn_fear_greed,94
2014-06-19,aaii_bears,24.1
2014-06-19,aaii_bulls,35.2
2014-06-19,aaii_neutral,40.7
2014-06-19,aaii_spread,11.0
2014-06-19,cboe_putcall,0.47
2014-06-19,cnn_fear_greed,95
2014-06-20,cboe_putcall,0.52
2014-06-20,cnn_fear_greed,95
2014-06-23,cboe_putcall,0.54
2014-06-23,cnn_fear_greed,93
2014-06-24,cboe_putcall,0.52
2014-06-24,cnn_fear_greed,83
2014-06-25,cboe_putcall,0.49
2014-06-25,cnn_fear_greed,83
2014-06-26,aaii_bears,21.1
2014-06-26,aaii_bulls,37.2
2014-06-26,aaii_neutral,41.7
2014-06-26,aaii_spread,16.1
2014-06-26,cboe_putcall,0.58
2014-06-26,cnn_fear_greed,77
2014-06-27,cboe_putcall,0.52
2014-06-27,cnn_fear_greed,76
2014-06-30,cboe_putcall,0.5
2014-06-30,cnn_fear_greed,87
2014-07-01,cboe_putcall,0.51
2014-07-01,cnn_fear_greed,87
2014-07-02,cboe_putcall,0.57
2014-07-02,cnn_fear_greed,87
2014-07-03,aaii_bears,22.4
2014-07-03,aaii_bulls,38.5
2014-07-03,aaii_neutral,39.1
2014-07-03,aaii_spread,16.1
2014-07-03,cboe_putcall,0.49
2014-07-03,cnn_fear_greed,86
2014-07-07,cboe_putcall,0.61
2014-07-07,cnn_fear_greed,68
2014-07-08,cboe_putcall,0.63
2014-07-08,cnn_fear_greed,74
2014-07-09,cboe_putcall,0.54
2014-07-09,cnn_fear_greed,62
2014-07-10,aaii_bears,28.7
2014-07-10,aaii_bulls,37.6
2014-07-10,aaii_neutral,33.7
2014-07-10,aaii_spread,9.0
2014-07-10,cboe_putcall,0.67
2014-07-10,cnn_fear_greed,56
2014-07-11,cboe_putcall,0.54
2014-07-11,cnn_fear_greed,57
2014-07-14,cboe_putcall,0.58
2014-07-14,cnn_fear_greed,59
2014-07-15,cboe_putcall,0.58
2014-07-15,cnn_fear_greed,56
2014-07-16,cboe_putcall,0.5
2014-07-16,cnn_fear_greed,55
2014-07-17,aaii_bears,28.5
2014-07-17,aaii_bulls,32.4
2014-07-17,aaii_neutral,39.2
2014-07-17,aaii_spread,3.9
2014-07-17,cboe_putcall,0.67
2014-07-17,cnn_fear_greed,32
2014-07-18,cboe_putcall,0.56
2014-07-18,cnn_fear_greed,46
2014-07-21,cboe_putcall,0.62
2014-07-21,cnn_fear_greed,37
2014-07-22,cboe_putcall,0.59
2014-07-22,cnn_fear_greed,38
2014-07-23,cboe_putcall,0.59
2014-07-23,cnn_fear_greed,39
2014-07-24,aaii_bears,29.9
2014-07-24,aaii_bulls,29.6
2014-07-24,aaii_neutral,40.4
2014-07-24,aaii_spread,-0.3
2014-07-24,cboe_putcall,0.58
2014-07-24,cnn_fear_greed,42
2014-07-25,cboe_putcall,0.62
2014-07-25,cnn_fear_greed,34
2014-07-28,cboe_putcall,0.59
2014-07-28,cnn_fear_greed,34
2014-07-29,cboe_putcall,0.6
2014-07-29,cnn_fear_greed,31
2014-07-30,cboe_putcall,0.57
2014-07-30,cnn_fear_greed,26
2014-07-31,aaii_bears,31.1
2014-07-31,aaii_bulls,31.1
2014-07-31,aaii_neutral,37.8
2014-07-31,aaii_spread,0.0
2014-07-31,cboe_putcall,0.64
2014-07-31,cnn_fear_greed,10
2014-08-01,cboe_putcall,1.04
2014-08-01,cnn_fear_greed,5
2014-08-04,cboe_putcall,0.63
2014-08-04,cnn_fear_greed,5
2014-08-05,cboe_putcall,0.74
2014-08-05,cnn_fear_greed,5
2014-08-06,cboe_putcall,0.8
2014-08-06,cnn_fear_greed,5
2014-08-07,aaii_bears,38.2
2014-08-07,aaii_bulls,30.9
2014-08-07,aaii_neutral,30.9
2014-08-07,aaii_spread,-7.3
2014-08-07,cboe_putcall,0.65
2014-08-07,cnn_fear_greed,5
2014-08-08,cboe_putcall,0.65
2014-08-08,cnn_fear_greed,10
2014-08-11,cboe_putcall,0.57
2014-08-11,cnn_fear_greed,7
2014-08-12,cboe_putcall,0.67
2014-08-12,cnn_fear_greed,8
2014-08-13,cboe_putcall,0.65
2014-08-13,cnn_fear_greed,13
2014-08-14,aaii_bears,27.0
2014-08-14,aaii_bulls,39.8
2014-08-14,aaii_neutral,33.2
2014-08-14,aaii_spread,12.9
2014-08-14,cboe_putcall,0.6
2014-08-14,cnn_fear_greed,16
2014-08-15,cboe_putcall,0.63
2014-08-15,cnn_fear_greed,14
2014-08-18,cboe_putcall,0.5
2014-08-18,cnn_fear_greed,26
2014-08-19,cboe_putcall,0.58
2014-08-19,cnn_fear_greed,31
2014-08-20,cboe_putcall,0.56
2014-08-20,cnn_fear_greed,37
2014-08-21,aaii_bears,23.7
2014-08-21,aaii_bulls,46.1
2014-08-21,aaii_neutral,30.2
2014-08-21,aaii_spread,22.5
2014-08-21,cboe_putcall,0.51
2014-08-21,cnn_fear_greed,36
2014-08-22,cboe_putcall,0.56
2014-08-22,cnn_fear_greed,37
2014-08-25,cboe_putcall,0.64
2014-08-25,cnn_fear_greed,35
2014-08-26,cboe_putcall,0.53
2014-08-26,cnn_fear_greed,36
2014-08-27,cboe_putcall,0.62
2014-08-27,cnn_fear_greed,33
2014-08-28,aaii_bears,19.2
2014-08-28,aaii_bulls,51.9
2014-08-28,aaii_neutral,28.8
2014-08-28,aaii_spread,32.7
2014-08-28,cboe_putcall,0.62
2014-08-28,cnn_fear_greed,33
2014-08-29,cboe_putcall,0.56
2014-08-29,cnn_fear_greed,41
2014-09-02,cboe_putcall,0.63
2014-09-02,cnn_fear_greed,48
2014-09-03,cboe_putcall,0.65
2014-09-03,cnn_fear_greed,48
2014-09-04,aaii_bears,24.0
2014-09-04,aaii_bulls,44.7
2014-09-04,aaii_neutral,31.4
2014-09-04,aaii_spread,20.7
2014-09-04,cboe_putcall,0.65
2014-09-04,cnn_fear_greed,47
2014-09-05,cboe_putcall,0.62
2014-09-05,cnn_fear_greed,50
2014-09-08,cboe_putcall,0.61
2014-09-08,cnn_fear_greed,47
2014-09-09,cboe_putcall,0.59
2014-09-09,cnn_fear_greed,42
2014-09-10,cboe_putcall,0.58
2014-09-10,cnn_fear_greed,45
2014-09-11,aaii_bears,26.6
2014-09-11,aaii_bulls,40.4
2014-09-11,aaii_neutral,33.0
2014-09-11,aaii_spread,13.8
2014-09-11,cboe_putcall,0.64
2014-09-11,cnn_fear_greed,44
2014-09-12,cboe_putcall,0.58
2014-09-12,cnn_fear_greed,43
2014-09-15,cboe_putcall,0.61
2014-09-15,cnn_fear_greed,38
2014-09-16,cboe_putcall,0.64
2014-09-16,cnn_fear_greed,37
2014-09-17,cboe_putcall,0.58
2014-09-17,cnn_fear_greed,42
2014-09-18,aaii_bears,23.0
2014-09-18,aaii_bulls,42.2
2014-09-18,aaii_neutral,34.8
2014-09-18,aaii_spread,19.3
2014-09-18,cboe_putcall,0.62
2014-09-18,cnn_fear_greed,37
2014-09-19,cboe_putcall,0.55
2014-09-19,cnn_fear_greed,36
2014-09-22,cboe_putcall,0.69
2014-09-22,cnn_fear_greed,22
2014-09-23,cboe_putcall,0.66
2014-09-23,cnn_fear_greed,18
2014-09-24,cboe_putcall,0.63
2014-09-24,cnn_fear_greed,17
2014-09-25,aaii_bears,28.2
2014-09-25,aaii_bulls,41.8
2014-09-25,aaii_neutral,29.9
2014-09-25,aaii_spread,13.6
2014-09-25,cboe_putcall,0.77
2014-09-25,cnn_fear_greed,8
2014-09-26,cboe_putcall,0.71
2014-09-26,cnn_fear_greed,13
2014-09-29,cboe_putcall,0.7
2014-09-29,cnn_fear_greed,11
2014-09-30,cboe_putcall,0.65
2014-09-30,cnn_fear_greed,12
2014-10-01,cboe_putcall,0.78
2014-10-01,cnn_fear_greed,7
2014-10-02,aaii_bears,30.9
2014-10-02,aaii_bulls,35.4
2014-10-02,aaii_neutral,33.7
2014-10-02,aaii_spread,4.5
2014-10-02,cboe_putcall,0.62
2014-10-02,cnn_fear_greed,3
2014-10-03,cboe_putcall,0.54
2014-10-03,cnn_fear_greed,5
2014-10-06,cboe_putcall,0.63
2014-10-06,cnn_fear_greed,5
2014-10-07,cboe_putcall,0.63
2014-10-07,cnn_fear_greed,6
2014-10-08,cboe_putcall,0.66
2014-10-08,cnn_fear_greed,4
2014-10-09,aaii_bears,31.0
2014-10-09,aaii_bulls,39.9
2014-10-09,aaii_neutral,29.1
2014-10-09,aaii_spread,8.9
2014-10-09,cboe_putcall,0.75
2014-10-09,cnn_fear_greed,3
2014-10-10,cboe_putcall,0.87
2014-10-10,cnn_fear_greed,1
2014-10-13,cboe_putcall,0.91
2014-10-13,cnn_fear_greed,0
2014-10-14,cboe_putcall,0.78
2014-10-14,cnn_fear_greed,2
2014-10-15,cboe_putcall,0.76
2014-10-15,cnn_fear_greed,1
2014-10-16,aaii_bears,33.7
2014-10-16,aaii_bulls,42.7
2014-10-16,aaii_neutral,23.6
2014-10-16,aaii_spread,9.0
2014-10-16,cboe_putcall,0.64
2014-10-16,cnn_fear_greed,2
2014-10-17,cboe_putcall,0.71
2014-10-17,cnn_fear_greed,7
2014-10-20,cboe_putcall,0.59
2014-10-20,cnn_fear_greed,5
2014-10-21,cboe_putcall,0.6
2014-10-21,cnn_fear_greed,7
2014-10-22,cboe_putcall,0.74
2014-10-22,cnn_fear_greed,8
2014-10-23,aaii_bears,22.5
2014-10-23,aaii_bulls,49.7
2014-10-23,aaii_neutral,27.8
2014-10-23,aaii_spread,27.2
2014-10-23,cboe_putcall,0.61
2014-10-23,cnn_fear_greed,11
2014-10-24,cboe_putcall,0.63
2014-10-24,cnn_fear_greed,13
2014-10-27,cboe_putcall,0.66
2014-10-27,cnn_fear_greed,16
2014-10-28,cboe_putcall,0.67
2014-10-28,cnn_fear_greed,21
2014-10-29,cboe_putcall,0.72
2014-10-29,cnn_fear_greed,25
2014-10-30,aaii_bears,21.1
2014-10-30,aaii_bulls,49.4
2014-10-30,aaii_neutral,29.6
2014-10-30,aaii_spread,28.3
2014-10-30,cboe_putcall,0.58
2014-10-30,cnn_fear_greed,31
2014-10-31,cboe_putcall,0.5
2014-10-31,cnn_fear_greed,32
2014-11-03,cboe_putcall,0.61
2014-11-03,cnn_fear_greed,40
2014-11-04,cboe_putcall,0.67
2014-11-04,cnn_fear_greed,40
2014-11-05,cboe_putcall,0.63
2014-11-05,cnn_fear_greed,49
2014-11-06,aaii_bears,15.1
2014-11-06,aaii_bulls,52.7
2014-11-06,aaii_neutral,32.3
2014-11-06,aaii_spread,37.6
2014-11-06,cboe_putcall,0.69
2014-11-06,cnn_fear_greed,49
2014-11-07,cboe_putcall,0.57
2014-11-07,cnn_fear_greed,55
2014-11-10,cboe_putcall,0.67
2014-11-10,cnn_fear_greed,57
2014-11-11,cboe_putcall,0.64
2014-11-11,cnn_fear_greed,58
2014-11-12,cboe_putcall,0.61
2014-11-12,cnn_fear_greed,56
2014-11-13,aaii_bears,19.3
2014-11-13,aaii_bulls,57.9
2014-11-13,aaii_neutral,22.8
2014-11-13,aaii_spread,38.6
2014-11-13,cboe_putcall,0.57
2014-11-13,cnn_fear_greed,54
2014-11-14,cboe_putcall,0.53
2014-11-14,cnn_fear_greed,53
2014-11-17,cboe_putcall,0.56
2014-11-17,cnn_fear_greed,53
2014-11-18,cboe_putcall,0.47
2014-11-18,cnn_fear_greed,54
2014-11-19,cboe_putcall,0.6
2014-11-19,cnn_fear_greed,55
2014-11-20,aaii_bears,23.8
2014-11-20,aaii_bulls,49.1
2014-11-20,aaii_neutral,27.1
2014-11-20,aaii_spread,25.3
2014-11-20,cboe_putcall,0.55
2014-11-20,cnn_fear_greed,59
2014-11-21,cboe_putcall,0.49
2014-11-21,cnn_fear_greed,59
2014-11-24,cboe_putcall,0.54
2014-11-24,cnn_fear_greed,62
2014-11-25,cboe_putcall,0.62
2014-11-25,cnn_fear_greed,62
2014-11-26,cboe_putcall,0.63
2014-11-26,cnn_fear_greed,63
2014-11-27,aaii_bears,20.8
2014-11-27,aaii_bulls,52.1
2014-11-27,aaii_neutral,27.1
2014-11-27,aaii_spread,31.4
2014-11-28,cboe_putcall,0.65
2014-11-28,cnn_fear_greed,59
2014-12-01,cboe_putcall,0.62
2014-12-01,cnn_fear_greed,55
2014-12-02,cboe_putcall,0.65
2014-12-02,cnn_fear_greed,55
2014-12-03,cboe_putcall,0.65
2014-12-03,cnn_fear_greed,59
2014-12-04,aaii_bears,25.9
2014-12-04,aaii_bulls,42.7
2014-12-04,aaii_neutral,31.4
2014-12-04,aaii_spread,16.7
2014-12-04,cboe_putcall,0.66
2014-12-04,cnn_fear_greed,59
2014-12-05,cboe_putcall,0.5
2014-12-05,cnn_fear_greed,61
2014-12-08,cboe_putcall,0.62
2014-12-08,cnn_fear_greed,55
2014-12-09,cboe_putcall,0.78
2014-12-09,cnn_fear_greed,46
2014-12-10,cboe_putcall,0.74
2014-12-10,cnn_fear_greed,41
2014-12-11,aaii_bears,22.3
2014-12-11,aaii_bulls,45.0
2014-12-11,aaii_neutral,32.6
2014-12-11,aaii_spread,22.7
2014-12-11,cboe_putcall,0.72
2014-12-11,cnn_fear_greed,37
2014-12-12,cboe_putcall,0.79
2014-12-12,cnn_fear_greed,31
2014-12-15,cboe_putcall,0.75
2014-12-15,cnn_fear_greed,22
2014-12-16,cboe_putcall,0.74
2014-12-16,cnn_fear_greed,19
2014-12-17,cboe_putcall,0.71
2014-12-17,cnn_fear_greed,21
2014-12-18,aaii_bears,26.9
2014-12-18,aaii_bulls,38.7
2014-12-18,aaii_neutral,34.4
2014-12-18,aaii_spread,11.9
2014-12-18,cboe_putcall,0.58
2014-12-18,cnn_fear_greed,33
2014-12-19,cboe_putcall,0.59
2014-12-19,cnn_fear_greed,33
2014-12-22,cboe_putcall,0.49
2014-12-22,cnn_fear_greed,43
2014-12-23,cboe_putcall,0.52
2014-12-23,cnn_fear_greed,45
2014-12-24,cboe_putcall,0.6
2014-12-24,cnn_fear_greed,47
2014-12-25,aaii_bears,18.9
2014-12-25,aaii_bulls,50.9
2014-12-25,aaii_neutral,30.2
2014-12-25,aaii_spread,32.1
2014-12-26,cboe_putcall,0.55
2014-12-26,cnn_fear_greed,48
2014-12-29,cboe_putcall,0.64
2014-12-29,cnn_fear_greed,47
2014-12-30,cboe_putcall,0.66
2014-12-30,cnn_fear_greed,47
2014-12-31,cboe_putcall,0.56
2014-12-31,cnn_fear_greed,45
2015-01-01,aaii_bears,19.3
2015-01-01,aaii_bulls,51.7
2015-01-01,aaii_neutral,29.0
2015-01-01,aaii_spread,32.4
2015-01-02,cboe_putcall,0.8
2015-01-02,cnn_fear_greed,37
2015-01-05,cboe_putcall,0.79
2015-01-05,cnn_fear_greed,30
2015-01-06,cboe_putcall,0.59
2015-01-06,cnn_fear_greed,21
2015-01-07,cboe_putcall,0.73
2015-01-07,cnn_fear_greed,21
2015-01-08,aaii_bears,27.7
2015-01-08,aaii_bulls,41.0
2015-01-08,aaii_neutral,31.3
2015-01-08,aaii_spread,13.3
2015-01-08,cboe_putcall,0.54
2015-01-08,cnn_fear_greed,28
2015-01-09,cboe_putcall,0.64
2015-01-09,cnn_fear_greed,29
2015-01-12,cboe_putcall,0.68
2015-01-12,cnn_fear_greed,30
2015-01-13,cboe_putcall,0.66
2015-01-13,cnn_fear_greed,29
2015-01-14,cboe_putcall,0.75
2015-01-14,cnn_fear_greed,30
2015-01-15,aaii_bears,21.5
2015-01-15,aaii_bulls,46.1
2015-01-15,aaii_neutral,32.4
2015-01-15,aaii_spread,24.6
2015-01-15,cboe_putcall,0.72
2015-01-15,cnn_fear_greed,30
2015-01-16,cboe_putcall,0.68
2015-01-16,cnn_fear_greed,26
2015-01-20,cboe_putcall,0.61
2015-01-20,cnn_fear_greed,25
2015-01-21,cboe_putcall,0.6
2015-01-21,cnn_fear_greed,28
2015-01-22,aaii_bears,30.8
2015-01-22,aaii_bulls,37.1
2015-01-22,aaii_neutral,32.1
2015-01-22,aaii_spread,6.3
2015-01-22,cboe_putcall,0.58
2015-01-22,cnn_fear_greed,32
2015-01-23,cboe_putcall,0.7
2015-01-23,cnn_fear_greed,31
2015-01-26,cboe_putcall,0.66
2015-01-26,cnn_fear_greed,28
2015-01-27,cboe_putcall,0.76
2015-01-27,cnn_fear_greed,28
2015-01-28,cboe_putcall,0.67
2015-01-28,cnn_fear_greed,26
2015-01-29,aaii_bears,22.4
2015-01-29,aaii_bulls,44.2
2015-01-29,aaii_neutral,33.4
2015-01-29,aaii_spread,21.8
2015-01-29,cboe_putcall,0.79
2015-01-29,cnn_fear_greed,26
2015-01-30,cboe_putcall,0.68
2015-01-30,cnn_fear_greed,25
2015-02-02,cboe_putcall,0.76
2015-02-02,cnn_fear_greed,30
2015-02-03,cboe_putcall,0.54
2015-02-03,cnn_fear_greed,46
2015-02-04,cboe_putcall,0.59
2015-02-04,cnn_fear_greed,42
2015-02-05,aaii_bears,32.4
2015-02-05,aaii_bulls,35.5
2015-02-05,aaii_neutral,32.1
2015-02-05,aaii_spread,3.1
2015-02-05,cboe_putcall,0.66
2015-02-05,cnn_fear_greed,50
2015-02-06,cboe_putcall,0.69
2015-02-06,cnn_fear_greed,52
2015-02-09,cboe_putcall,0.75
2015-02-09,cnn_fear_greed,52
2015-02-10,cboe_putcall,0.66
2015-02-10,cnn_fear_greed,54
2015-02-11,cboe_putcall,0.63
2015-02-11,cnn_fear_greed,61
2015-02-12,aaii_bears,20.3
2015-02-12,aaii_bulls,40.0
2015-02-12,aaii_neutral,39.7
2015-02-12,aaii_spread,19.7
2015-02-12,cboe_putcall,0.55
2015-02-12,cnn_fear_greed,64
2015-02-13,cboe_putcall,0.56
2015-02-13,cnn_fear_greed,73
2015-02-17,cboe_putcall,0.58
2015-02-17,cnn_fear_greed,77
2015-02-18,cboe_putcall,0.58
2015-02-18,cnn_fear_greed,79
2015-02-19,aaii_bears,17.9
2015-02-19,aaii_bulls,47.0
2015-02-19,aaii_neutral,35.1
2015-02-19,aaii_spread,29.1
2015-02-19,cboe_putcall,0.55
2015-02-19,cnn_fear_greed,77
2015-02-20,cboe_putcall,0.53
2015-02-20,cnn_fear_greed,80
2015-02-23,cboe_putcall,0.62
2015-02-23,cnn_fear_greed,77
2015-02-24,cboe_putcall,0.57
2015-02-24,cnn_fear_greed,75
2015-02-25,cboe_putcall,0.64
2015-02-25,cnn_fear_greed,77
2015-02-26,aaii_bears,20.3
2015-02-26,aaii_bulls,45.4
2015-02-26,aaii_neutral,34.3
2015-02-26,aaii_spread,25.1
2015-02-26,cboe_putcall,0.65
2015-02-26,cnn_fear_greed,78
2015-02-27,cboe_putcall,0.64
2015-02-27,cnn_fear_greed,74
2015-03-02,cboe_putcall,0.57
2015-03-02,cnn_fear_greed,74
2015-03-03,cboe_putcall,0.66
2015-03-03,cnn_fear_greed,66
2015-03-04,cboe_putcall,0.61
2015-03-04,cnn_fear_greed,66
2015-03-05,aaii_bears,23.4
2015-03-05,aaii_bulls,39.8
2015-03-05,aaii_neutral,36.8
2015-03-05,aaii_spread,16.4
2015-03-05,cboe_putcall,0.64
2015-03-05,cnn_fear_greed,65
2015-03-06,cboe_putcall,0.67
2015-03-06,cnn_fear_greed,58
2015-03-09,cboe_putcall,0.65
2015-03-09,cnn_fear_greed,58
2015-03-10,cboe_putcall,0.67
2015-03-10,cnn_fear_greed,52
2015-03-11,cboe_putcall,0.67
2015-03-11,cnn_fear_greed,44
2015-03-12,aaii_bears,25.4
2015-03-12,aaii_bulls,31.6
2015-03-12,aaii_neutral,43.0
2015-03-12,aaii_spread,6.2
2015-03-12,cboe_putcall,0.65
2015-03-12,cnn_fear_greed,46
2015-03-13,cboe_putcall,0.8
2015-03-13,cnn_fear_greed,39
2015-03-16,cboe_putcall,0.69
2015-03-16,cnn_fear_greed,42
2015-03-17,cboe_putcall,0.74
2015-03-17,cnn_fear_greed,40
2015-03-18,cboe_putcall,0.65
2015-03-18,cnn_fear_greed,39
2015-03-19,aaii_bears,31.5
2015-03-19,aaii_bulls,27.2
2015-03-19,aaii_neutral,41.4
2015-03-19,aaii_spread,-4.3
2015-03-19,cboe_putcall,0.59
2015-03-19,cnn_fear_greed,43
2015-03-20,cboe_putcall,0.57
2015-03-20,cnn_fear_greed,43
2015-03-23,cboe_putcall,0.56
2015-03-23,cnn_fear_greed,48
2015-03-24,cboe_putcall,0.7
2015-03-24,cnn_fear_greed,44
2015-03-25,cboe_putcall,0.69
2015-03-25,cnn_fear_greed,44
2015-03-26,aaii_bears,24.4
2015-03-26,aaii_bulls,38.4
2015-03-26,aaii_neutral,37.2
2015-03-26,aaii_spread,14.0
2015-03-26,cboe_putcall,0.58
2015-03-26,cnn_fear_greed,37
2015-03-27,cboe_putcall,0.79
2015-03-27,cnn_fear_greed,36
2015-03-30,cboe_putcall,0.53
2015-03-30,cnn_fear_greed,37
2015-03-31,cboe_putcall,0.65
2015-03-31,cnn_fear_greed,37
2015-04-01,cboe_putcall,0.76
2015-04-01,cnn_fear_greed,35
2015-04-02,aaii_bears,32.0
2015-04-02,aaii_bulls,35.4
2015-04-02,aaii_neutral,32.6
2015-04-02,aaii_spread,3.4
2015-04-02,cboe_putcall,0.81
2015-04-02,cnn_fear_greed,40
2015-04-06,cboe_putcall,0.5
2015-04-06,cnn_fear_greed,43
2015-04-07,cboe_putcall,0.59
2015-04-07,cnn_fear_greed,48
2015-04-08,cboe_putcall,0.6
2015-04-08,cnn_fear_greed,48
2015-04-09,aaii_bears,24.1
2015-04-09,aaii_bulls,28.7
2015-04-09,aaii_neutral,47.2
2015-04-09,aaii_spread,4.6
2015-04-09,cboe_putcall,0.6
2015-04-09,cnn_fear_greed,56
2015-04-10,cboe_putcall,0.54
2015-04-10,cnn_fear_greed,56
2015-04-13,cboe_putcall,0.59
2015-04-13,cnn_fear_greed,60
2015-04-14,cboe_putcall,0.66
2015-04-14,cnn_fear_greed,60
2015-04-15,cboe_putcall,0.59
2015-04-15,cnn_fear_greed,60
2015-04-16,aaii_bears,22.8
2015-04-16,aaii_bulls,32.1
2015-04-16,aaii_neutral,45.1
2015-04-16,aaii_spread,9.3
2015-04-16,cboe_putcall,0.67
2015-04-16,cnn_fear_greed,57
2015-04-17,cboe_putcall,0.74
2015-04-17,cnn_fear_greed,57
2015-04-20,cboe_putcall,0.56
2015-04-20,cnn_fear_greed,55
2015-04-21,cboe_putcall,0.64
2015-04-21,cnn_fear_greed,59
2015-04-22,cboe_putcall,0.57
2015-04-22,cnn_fear_greed,59
2015-04-23,aaii_bears,23.2
2015-04-23,aaii_bulls,31.5
2015-04-23,aaii_neutral,45.3
2015-04-23,aaii_spread,8.3
2015-04-23,cboe_putcall,0.66
2015-04-23,cnn_fear_greed,64
2015-04-24,cboe_putcall,0.6
2015-04-24,cnn_fear_greed,66
2015-04-27,cboe_putcall,0.65
2015-04-27,cnn_fear_greed,59
2015-04-28,cboe_putcall,0.64
2015-04-28,cnn_fear_greed,61
2015-04-29,cboe_putcall,0.69
2015-04-29,cnn_fear_greed,61
2015-04-30,aaii_bears,22.0
2015-04-30,aaii_bulls,30.8
2015-04-30,aaii_neutral,47.2
2015-04-30,aaii_spread,8.9
2015-04-30,cboe_putcall,0.72
2015-04-30,cnn_fear_greed,53
2015-05-01,cboe_putcall,0.61
2015-05-01,cnn_fear_greed,61
2015-05-04,cboe_putcall,0.55
2015-05-04,cnn_fear_greed,61
2015-05-05,cboe_putcall,0.74
2015-05-05,cnn_fear_greed,58
2015-05-06,cboe_putcall,0.73
2015-05-06,cnn_fear_greed,58
2015-05-07,aaii_bears,26.8
2015-05-07,aaii_bulls,27.1
2015-05-07,aaii_neutral,46.1
2015-05-07,aaii_spread,0.2
2015-05-07,cboe_putcall,0.69
2015-05-07,cnn_fear_greed,53
2015-05-08,cboe_putcall,0.55
2015-05-08,cnn_fear_greed,58
2015-05-11,cboe_putcall,0.61
2015-05-11,cnn_fear_greed,53
2015-05-12,cboe_putcall,0.64
2015-05-12,cnn_fear_greed,49
2015-05-13,cboe_putcall,0.56
2015-05-13,cnn_fear_greed,55
2015-05-14,aaii_bears,26.4
2015-05-14,aaii_bulls,26.7
2015-05-14,aaii_neutral,46.9
2015-05-14,aaii_spread,0.4
2015-05-14,cboe_putcall,0.6
2015-05-14,cnn_fear_greed,57
2015-05-15,cboe_putcall,0.56
2015-05-15,cnn_fear_greed,57
2015-05-18,cboe_putcall,0.66
2015-05-18,cnn_fear_greed,62
2015-05-19,cboe_putcall,0.59
2015-05-19,cnn_fear_greed,62
2015-05-20,cboe_putcall,0.58
2015-05-20,cnn_fear_greed,64
2015-05-21,aaii_bears,25.0
2015-05-21,aaii_bulls,25.2
2015-05-21,aaii_neutral,49.8
2015-05-21,aaii_spread,0.2
2015-05-21,cboe_putcall,0.71
2015-05-21,cnn_fear_greed,64
2015-05-22,cboe_putcall,0.64
2015-05-22,cnn_fear_greed,60
2015-05-26,cboe_putcall,0.74
2015-05-26,cnn_fear_greed,50
2015-05-27,cboe_putcall,0.58
2015-05-27,cnn_fear_greed,47
2015-05-28,aaii_bears,25.1
2015-05-28,aaii_bulls,27.0
2015-05-28,aaii_neutral,47.9
2015-05-28,aaii_spread,1.9
2015-05-28,cboe_putcall,0.71
2015-05-28,cnn_fear_greed,47
2015-05-29,cboe_putcall,0.57
2015-05-29,cnn_fear_greed,43
2015-06-01,cboe_putcall,0.66
2015-06-01,cnn_fear_greed,40
2015-06-02,cboe_putcall,0.54
2015-06-02,cnn_fear_greed,43
2015-06-03,cboe_putcall,0.51
2015-06-03,cnn_fear_greed,45
2015-06-04,aaii_bears,24.6
2015-06-04,aaii_bulls,27.3
2015-06-04,aaii_neutral,48.0
2015-06-04,aaii_spread,2.7
2015-06-04,cboe_putcall,0.61
2015-06-04,cnn_fear_greed,44
2015-06-05,cboe_putcall,0.61
2015-06-05,cnn_fear_greed,40
2015-06-08,cboe_putcall,0.61
2015-06-08,cnn_fear_greed,36
2015-06-09,cboe_putcall,0.63
2015-06-09,cnn_fear_greed,36
2015-06-10,cboe_putcall,0.46
2015-06-10,cnn_fear_greed,37
2015-06-11,aaii_bears,32.6
2015-06-11,aaii_bulls,20.0
2015-06-11,aaii_neutral,47.4
2015-06-11,aaii_spread,-12.5
2015-06-11,cboe_putcall,0.59
2015-06-11,cnn_fear_greed,41
2015-06-12,cboe_putcall,0.67
2015-06-12,cnn_fear_greed,30
2015-06-15,cboe_putcall,0.66
2015-06-15,cnn_fear_greed,26
2015-06-16,cboe_putcall,0.64
2015-06-16,cnn_fear_greed,27
2015-06-17,cboe_putcall,0.55
2015-06-17,cnn_fear_greed,26
2015-06-18,aaii_bears,34.3
2015-06-18,aaii_bulls,25.4
2015-06-18,aaii_neutral,40.3
2015-06-18,aaii_spread,-8.9
2015-06-18,cboe_putcall,0.64
2015-06-18,cnn_fear_greed,34
2015-06-19,cboe_putcall,0.63
2015-06-19,cnn_fear_greed,30
2015-06-22,cboe_putcall,0.56
2015-06-22,cnn_fear_greed,42
2015-06-23,cboe_putcall,0.61
2015-06-23,cnn_fear_greed,49
2015-06-24,cboe_putcall,0.52
2015-06-24,cnn_fear_greed,36
2015-06-25,aaii_bears,21.7
2015-06-25,aaii_bulls,35.6
2015-06-25,aaii_neutral,42.8
2015-06-25,aaii_spread,13.9
2015-06-25,cboe_putcall,0.65
2015-06-25,cnn_fear_greed,34
2015-06-26,cboe_putcall,0.74
2015-06-26,cnn_fear_greed,33
2015-06-29,cboe_putcall,0.94
2015-06-29,cnn_fear_greed,8
2015-06-30,cboe_putcall,0.84
2015-06-30,cnn_fear_greed,11
2015-07-01,cboe_putcall,0.62
2015-07-01,cnn_fear_greed,18
2015-07-02,aaii_bears,35.1
2015-07-02,aaii_bulls,22.6
2015-07-02,aaii_neutral,42.3
2015-07-02,aaii_spread,-12.5
2015-07-02,cboe_putcall,0.7
2015-07-02,cnn_fear_greed,16
2015-07-06,cboe_putcall,0.65
2015-07-06,cnn_fear_greed,13
2015-07-07,cboe_putcall,0.78
2015-07-07,cnn_fear_greed,13
2015-07-08,cboe_putcall,0.87
2015-07-08,cnn_fear_greed,9
2015-07-09,aaii_bears,29.2
2015-07-09,aaii_bulls,27.9
2015-07-09,aaii_neutral,42.9
2015-07-09,aaii_spread,-1.3
2015-07-09,cboe_putcall,0.69
2015-07-09,cnn_fear_greed,12
2015-07-10,cboe_putcall,0.67
2015-07-10,cnn_fear_greed,14
2015-07-13,cboe_putcall,0.55
2015-07-13,cnn_fear_greed,24
2015-07-14,cboe_putcall,0.63
2015-07-14,cnn_fear_greed,24
2015-07-15,cboe_putcall,0.68
2015-07-15,cnn_fear_greed,30
2015-07-16,aaii_bears,23.2
2015-07-16,aaii_bulls,30.8
2015-07-16,aaii_neutral,45.9
2015-07-16,aaii_spread,7.6
2015-07-16,cboe_putcall,0.71
2015-07-16,cnn_fear_greed,30
2015-07-17,cboe_putcall,0.55
2015-07-17,cnn_fear_greed,34
2015-07-20,cboe_putcall,0.56
2015-07-20,cnn_fear_greed,34
2015-07-21,cboe_putcall,0.69
2015-07-21,cnn_fear_greed,25
2015-07-22,cboe_putcall,0.61
2015-07-22,cnn_fear_greed,20
2015-07-23,aaii_bears,25.6
2015-07-23,aaii_bulls,32.5
2015-07-23,aaii_neutral,41.9
2015-07-23,aaii_spread,6.9
2015-07-23,cboe_putcall,0.78
2015-07-23,cnn_fear_greed,15
2015-07-24,cboe_putcall,0.86
2015-07-24,cnn_fear_greed,15
2015-07-27,cboe_putcall,0.74
2015-07-27,cnn_fear_greed,7
2015-07-28,cboe_putcall,0.62
2015-07-28,cnn_fear_greed,17
2015-07-29,cboe_putcall,0.62
2015-07-29,cnn_fear_greed,21
2015-07-30,aaii_bears,40.7
2015-07-30,aaii_bulls,21.1
2015-07-30,aaii_neutral,38.2
2015-07-30,aaii_spread,-19.6
2015-07-30,cboe_putcall,0.5
2015-07-30,cnn_fear_greed,21
2015-07-31,cboe_putcall,0.68
2015-07-31,cnn_fear_greed,20
2015-08-03,cboe_putcall,0.73
2015-08-03,cnn_fear_greed,24
2015-08-04,cboe_putcall,0.75
2015-08-04,cnn_fear_greed,28
2015-08-05,cboe_putcall,0.77
2015-08-05,cnn_fear_greed,21
2015-08-06,aaii_bears,31.7
2015-08-06,aaii_bulls,24.3
2015-08-06,aaii_neutral,44.0
2015-08-06,aaii_spread,-7.3
2015-08-06,cboe_putcall,0.82
2015-08-06,cnn_fear_greed,18
2015-08-07,cboe_putcall,0.83
2015-08-07,cnn_fear_greed,10
2015-08-10,cboe_putcall,0.66
2015-08-10,cnn_fear_greed,9
2015-08-11,cboe_putcall,0.79
2015-08-11,cnn_fear_greed,12
2015-08-12,cboe_putcall,0.83
2015-08-12,cnn_fear_greed,9
2015-08-13,aaii_bears,36.1
2015-08-13,aaii_bulls,30.5
2015-08-13,aaii_neutral,33.4
2015-08-13,aaii_spread,-5.7
2015-08-13,cboe_putcall,0.74
2015-08-13,cnn_fear_greed,11
2015-08-14,cboe_putcall,0.67
2015-08-14,cnn_fear_greed,11
2015-08-17,cboe_putcall,0.69
2015-08-17,cnn_fear_greed,14
2015-08-18,cboe_putcall,0.66
2015-08-18,cnn_fear_greed,13
2015-08-19,cboe_putcall,0.81
2015-08-19,cnn_fear_greed,13
2015-08-20,aaii_bears,33.3
2015-08-20,aaii_bulls,26.8
2015-08-20,aaii_neutral,39.8
2015-08-20,aaii_spread,-6.5
2015-08-20,cboe_putcall,0.82
2015-08-20,cnn_fear_greed,8
2015-08-21,cboe_putcall,1.04
2015-08-21,cnn_fear_greed,8
2015-08-24,cboe_putcall,0.87
2015-08-24,cnn_fear_greed,3
2015-08-25,cboe_putcall,0.7
2015-08-25,cnn_fear_greed,9
2015-08-26,cboe_putcall,0.85
2015-08-26,cnn_fear_greed,12
2015-08-27,aaii_bears,38.3
2015-08-27,aaii_bulls,32.5
2015-08-27,aaii_neutral,29.2
2015-08-27,aaii_spread,-5.8
2015-08-27,cboe_putcall,0.76
2015-08-27,cnn_fear_greed,13
2015-08-28,cboe_putcall,0.72
2015-08-28,cnn_fear_greed,14
2015-08-31,cboe_putcall,0.66
2015-08-31,cnn_fear_greed,14
2015-09-01,cboe_putcall,0.74
2015-09-01,cnn_fear_greed,9
2015-09-02,cboe_putcall,0.73
2015-09-02,cnn_fear_greed,13
2015-09-03,aaii_bears,31.7
2015-09-03,aaii_bulls,32.4
2015-09-03,aaii_neutral,35.9
2015-09-03,aaii_spread,0.7
2015-09-03,cboe_putcall,0.68
2015-09-03,cnn_fear_greed,11
2015-09-04,cboe_putcall,0.89
2015-09-04,cnn_fear_greed,10
2015-09-08,cboe_putcall,0.66
2015-09-08,cnn_fear_greed,13
2015-09-09,cboe_putcall,0.71
2015-09-09,cnn_fear_greed,13
2015-09-10,aaii_bears,35.0
2015-09-10,aaii_bulls,34.6
2015-09-10,aaii_neutral,30.3
2015-09-10,aaii_spread,-0.4
2015-09-10,cboe_putcall,0.77
2015-09-10,cnn_fear_greed,15
2015-09-11,cboe_putcall,0.81
2015-09-11,cnn_fear_greed,14
2015-09-14,cboe_putcall,0.91
2015-09-14,cnn_fear_greed,13
2015-09-15,cboe_putcall,0.87
2015-09-15,cnn_fear_greed,16
2015-09-16,cboe_putcall,0.73
2015-09-16,cnn_fear_greed,16
2015-09-17,aaii_bears,29.1
2015-09-17,aaii_bulls,33.3
2015-09-17,aaii_neutral,37.6
2015-09-17,aaii_spread,4.1
2015-09-17,cboe_putcall,0.74
2015-09-17,cnn_fear_greed,16
2015-09-18,cboe_putcall,0.83
2015-09-18,cnn_fear_greed,18
2015-09-21,cboe_putcall,0.55
2015-09-21,cnn_fear_greed,23
2015-09-22,cboe_putcall,0.8
2015-09-22,cnn_fear_greed,31
2015-09-23,cboe_putcall,0.69
2015-09-23,cnn_fear_greed,31
2015-09-24,aaii_bears,28.7
2015-09-24,aaii_bulls,32.1
2015-09-24,aaii_neutral,39.2
2015-09-24,aaii_spread,3.4
2015-09-24,cboe_putcall,0.86
2015-09-24,cnn_fear_greed,22
2015-09-25,cboe_putcall,0.74
2015-09-25,cnn_fear_greed,18
2015-09-28,cboe_putcall,0.94
2015-09-28,cnn_fear_greed,15
2015-09-29,cboe_putcall,0.95
2015-09-29,cnn_fear_greed,13
2015-09-30,cboe_putcall,0.7
2015-09-30,cnn_fear_greed,21
2015-10-01,aaii_bears,39.9
2015-10-01,aaii_bulls,28.1
2015-10-01,aaii_neutral,32.0
2015-10-01,aaii_spread,-11.8
2015-10-01,cboe_putcall,0.73
2015-10-01,cnn_fear_greed,18
2015-10-02,cboe_putcall,0.67
2015-10-02,cnn_fear_greed,24
2015-10-05,cboe_putcall,0.62
2015-10-05,cnn_fear_greed,31
2015-10-06,cboe_putcall,0.68
2015-10-06,cnn_fear_greed,36
2015-10-07,cboe_putcall,0.83
2015-10-07,cnn_fear_greed,37
2015-10-08,aaii_bears,28.2
2015-10-08,aaii_bulls,37.5
2015-10-08,aaii_neutral,34.3
2015-10-08,aaii_spread,9.3
2015-10-08,cboe_putcall,0.7
2015-10-08,cnn_fear_greed,42
2015-10-09,cboe_putcall,0.64
2015-10-09,cnn_fear_greed,43
2015-10-12,cboe_putcall,0.67
2015-10-12,cnn_fear_greed,41
2015-10-13,cboe_putcall,0.8
2015-10-13,cnn_fear_greed,35
2015-10-14,cboe_putcall,0.75
2015-10-14,cnn_fear_greed,35
2015-10-15,aaii_bears,27.1
2015-10-15,aaii_bulls,34.1
2015-10-15,aaii_neutral,38.8
2015-10-15,aaii_spread,6.9
2015-10-15,cboe_putcall,0.87
2015-10-15,cnn_fear_greed,41
2015-10-16,cboe_putcall,0.61
2015-10-16,cnn_fear_greed,45
2015-10-19,cboe_putcall,0.67
2015-10-19,cnn_fear_greed,47
2015-10-20,cboe_putcall,0.7
2015-10-20,cnn_fear_greed,51
2015-10-21,cboe_putcall,0.83
2015-10-21,cnn_fear_greed,50
2015-10-22,aaii_bears,24.0
2015-10-22,aaii_bulls,34.8
2015-10-22,aaii_neutral,41.2
2015-10-22,aaii_spread,10.7
2015-10-22,cboe_putcall,0.66
2015-10-22,cnn_fear_greed,55
2015-10-23,cboe_putcall,0.63
2015-10-23,cnn_fear_greed,59
2015-10-26,cboe_putcall,0.72
2015-10-26,cnn_fear_greed,61
2015-10-27,cboe_putcall,0.74
2015-10-27,cnn_fear_greed,69
2015-10-28,cboe_putcall,0.54
2015-10-28,cnn_fear_greed,69
2015-10-29,aaii_bears,20.6
2015-10-29,aaii_bulls,40.4
2015-10-29,aaii_neutral,39.0
2015-10-29,aaii_spread,19.8
2015-10-29,cboe_putcall,0.56
2015-10-29,cnn_fear_greed,71
2015-10-30,cboe_putcall,0.59
2015-10-30,cnn_fear_greed,70
2015-11-02,cboe_putcall,0.58
2015-11-02,cnn_fear_greed,73
2015-11-03,cboe_putcall,0.71
2015-11-03,cnn_fear_greed,73
2015-11-04,cboe_putcall,0.73
2015-11-04,cnn_fear_greed,72
2015-11-05,aaii_bears,18.6
2015-11-05,aaii_bulls,39.0
2015-11-05,aaii_neutral,42.4
2015-11-05,aaii_spread,20.4
2015-11-05,cboe_putcall,0.63
2015-11-05,cnn_fear_greed,73
2015-11-06,cboe_putcall,0.66
2015-11-06,cnn_fear_greed,71
2015-11-09,cboe_putcall,0.76
2015-11-09,cnn_fear_greed,67
2015-11-10,cboe_putcall,0.8
2015-11-10,cnn_fear_greed,66
2015-11-11,cboe_putcall,0.59
2015-11-11,cnn_fear_greed,63
2015-11-12,aaii_bears,23.0
2015-11-12,aaii_bulls,34.3
2015-11-12,aaii_neutral,42.7
2015-11-12,aaii_spread,11.3
2015-11-12,cboe_putcall,0.83
2015-11-12,cnn_fear_greed,55
2015-11-13,cboe_putcall,0.98
2015-11-13,cnn_fear_greed,45
2015-11-16,cboe_putcall,0.71
2015-11-16,cnn_fear_greed,50
2015-11-17,cboe_putcall,0.83
2015-11-17,cnn_fear_greed,48
2015-11-18,cboe_putcall,0.72
2015-11-18,cnn_fear_greed,53
2015-11-19,aaii_bears,30.5
2015-11-19,aaii_bulls,30.8
2015-11-19,aaii_neutral,38.7
2015-11-19,aaii_spread,0.2
2015-11-19,cboe_putcall,0.79
2015-11-19,cnn_fear_greed,52
2015-11-20,cboe_putcall,0.67
2015-11-20,cnn_fear_greed,54
2015-11-23,cboe_putcall,0.6
2015-11-23,cnn_fear_greed,53
2015-11-24,cboe_putcall,0.67
2015-11-24,cnn_fear_greed,58
2015-11-25,cboe_putcall,0.65
2015-11-25,cnn_fear_greed,59
2015-11-26,aaii_bears,26.0
2015-11-26,aaii_bulls,32.4
2015-11-26,aaii_neutral,41.6
2015-11-26,aaii_spread,6.3
2015-11-27,cboe_putcall,0.76
2015-11-27,cnn_fear_greed,58
2015-11-30,cboe_putcall,0.65
2015-11-30,cnn_fear_greed,58
2015-12-01,cboe_putcall,0.61
2015-12-01,cnn_fear_greed,60
2015-12-02,cboe_putcall,0.67
2015-12-02,cnn_fear_greed,55
2015-12-03,aaii_bears,21.2
2015-12-03,aaii_bulls,29.5
2015-12-03,aaii_neutral,49.3
2015-12-03,aaii_spread,8.3
2015-12-03,cboe_putcall,0.9
2015-12-03,cnn_fear_greed,49
2015-12-04,cboe_putcall,0.61
2015-12-04,cnn_fear_greed,58
2015-12-07,cboe_putcall,0.83
2015-12-07,cnn_fear_greed,47
2015-12-08,cboe_putcall,0.96
2015-12-08,cnn_fear_greed,38
2015-12-09,cboe_putcall,0.66
2015-12-09,cnn_fear_greed,35
2015-12-10,aaii_bears,29.9
2015-12-10,aaii_bulls,28.5
2015-12-10,aaii_neutral,41.6
2015-12-10,aaii_spread,-1.4
2015-12-10,cboe_putcall,0.72
2015-12-10,cnn_fear_greed,36
2015-12-11,cboe_putcall,0.92
2015-12-11,cnn_fear_greed,24
2015-12-14,cboe_putcall,0.57
2015-12-14,cnn_fear_greed,29
2015-12-15,cboe_putcall,0.66
2015-12-15,cnn_fear_greed,35
2015-12-16,cboe_putcall,0.54
2015-12-16,cnn_fear_greed,44
2015-12-17,aaii_bears,39.4
2015-12-17,aaii_bulls,23.9
2015-12-17,aaii_neutral,36.8
2015-12-17,aaii_spread,-15.5
2015-12-17,cboe_putcall,0.77
2015-12-17,cnn_fear_greed,34
2015-12-18,cboe_putcall,0.77
2015-12-18,cnn_fear_greed,29
2015-12-21,cboe_putcall,0.64
2015-12-21,cnn_fear_greed,32
2015-12-22,cboe_putcall,0.56
2015-12-22,cnn_fear_greed,36
2015-12-23,cboe_putcall,0.56
2015-12-23,cnn_fear_greed,42
2015-12-24,aaii_bears,31.5
2015-12-24,aaii_bulls,26.4
2015-12-24,aaii_neutral,42.1
2015-12-24,aaii_spread,-5.1
2015-12-24,cboe_putcall,0.57
2015-12-24,cnn_fear_greed,42
2015-12-28,cboe_putcall,1.21
2015-12-28,cnn_fear_greed,44
2015-12-29,cboe_putcall,0.54
2015-12-29,cnn_fear_greed,51
2015-12-30,cboe_putcall,0.59
2015-12-30,cnn_fear_greed,47
2015-12-31,aaii_bears,23.6
2015-12-31,aaii_bulls,25.1
2015-12-31,aaii_neutral,51.3
2015-12-31,aaii_spread,1.5
2015-12-31,cboe_putcall,0.69
2015-12-31,cnn_fear_greed,45
2016-01-04,cboe_putcall,0.8
2016-01-04,cnn_fear_greed,40
2016-01-05,cboe_putcall,0.65
2016-01-05,cnn_fear_greed,41
2016-01-06,cboe_putcall,0.7
2016-01-06,cnn_fear_greed,34
2016-01-07,aaii_bears,38.3
2016-01-07,aaii_bulls,22.2
2016-01-07,aaii_neutral,39.6
2016-01-07,aaii_spread,-16.1
2016-01-07,cboe_putcall,0.89
2016-01-07,cnn_fear_greed,25
2016-01-08,cboe_putcall,0.93
2016-01-08,cnn_fear_greed,17
2016-01-11,cboe_putcall,0.94
2016-01-11,cnn_fear_greed,18
2016-01-12,cboe_putcall,0.86
2016-01-12,cnn_fear_greed,17
2016-01-13,cboe_putcall,0.91
2016-01-13,cnn_fear_greed,14
2016-01-14,aaii_bears,45.5
2016-01-14,aaii_bulls,17.9
2016-01-14,aaii_neutral,36.6
2016-01-14,aaii_spread,-27.6
2016-01-14,cboe_putcall,0.82
2016-01-14,cnn_fear_greed,18
2016-01-15,cboe_putcall,1.14
2016-01-15,cnn_fear_greed,10
2016-01-19,cboe_putcall,0.62
2016-01-19,cnn_fear_greed,11
2016-01-20,cboe_putcall,0.59
2016-01-20,cnn_fear_greed,9
2016-01-21,aaii_bears,48.7
2016-01-21,aaii_bulls,21.5
2016-01-21,aaii_neutral,29.8
2016-01-21,aaii_spread,-27.2
2016-01-21,cboe_putcall,0.69
2016-01-21,cnn_fear_greed,13
2016-01-22,cboe_putcall,0.64
2016-01-22,cnn_fear_greed,14
2016-01-25,cboe_putcall,0.69
2016-01-25,cnn_fear_greed,15
2016-01-26,cboe_putcall,0.62
2016-01-26,cnn_fear_greed,18
2016-01-27,cboe_putcall,0.71
2016-01-27,cnn_fear_greed,19
2016-01-28,aaii_bears,40.0
2016-01-28,aaii_bulls,29.8
2016-01-28,aaii_neutral,30.3
2016-01-28,aaii_spread,-10.2
2016-01-28,cboe_putcall,0.62
2016-01-28,cnn_fear_greed,21
2016-01-29,cboe_putcall,0.58
2016-01-29,cnn_fear_greed,27
2016-02-01,cboe_putcall,0.63
2016-02-01,cnn_fear_greed,27
2016-02-02,cboe_putcall,0.76
2016-02-02,cnn_fear_greed,23
2016-02-03,cboe_putcall,0.82
2016-02-03,cnn_fear_greed,25
2016-02-04,aaii_bears,34.7
2016-02-04,aaii_bulls,27.5
2016-02-04,aaii_neutral,37.7
2016-02-04,aaii_spread,-7.2
2016-02-04,cboe_putcall,0.75
2016-02-04,cnn_fear_greed,25
2016-02-05,cboe_putcall,0.92
2016-02-05,cnn_fear_greed,17
2016-02-08,cboe_putcall,0.93
2016-02-08,cnn_fear_greed,14
2016-02-09,cboe_putcall,0.76
2016-02-09,cnn_fear_greed,20
2016-02-10,cboe_putcall,0.78
2016-02-10,cnn_fear_greed,16
2016-02-11,aaii_bears,48.7
2016-02-11,aaii_bulls,19.2
2016-02-11,aaii_neutral,32.1
2016-02-11,aaii_spread,-29.5
2016-02-11,cboe_putcall,0.96
2016-02-11,cnn_fear_greed,18
2016-02-12,cboe_putcall,0.71
2016-02-12,cnn_fear_greed,24
2016-02-16,cboe_putcall,0.8
2016-02-16,cnn_fear_greed,34
2016-02-17,cboe_putcall,0.68
2016-02-17,cnn_fear_greed,45
2016-02-18,aaii_bears,37.8
2016-02-18,aaii_bulls,27.6
2016-02-18,aaii_neutral,34.6
2016-02-18,aaii_spread,-10.2
2016-02-18,cboe_putcall,0.75
2016-02-18,cnn_fear_greed,47
2016-02-19,cboe_putcall,0.87
2016-02-19,cnn_fear_greed,50
2016-02-22,cboe_putcall,0.58
2016-02-22,cnn_fear_greed,51
2016-02-23,cboe_putcall,0.71
2016-02-23,cnn_fear_greed,51
2016-02-24,cboe_putcall,0.71
2016-02-24,cnn_fear_greed,49
2016-02-25,aaii_bears,31.4
2016-02-25,aaii_bulls,31.2
2016-02-25,aaii_neutral,37.4
2016-02-25,aaii_spread,-0.2
2016-02-25,cboe_putcall,0.62
2016-02-25,cnn_fear_greed,54
2016-02-26,cboe_putcall,0.64
2016-02-26,cnn_fear_greed,57
2016-02-29,cboe_putcall,0.6
2016-02-29,cnn_fear_greed,53
2016-03-01,cboe_putcall,0.68
2016-03-01,cnn_fear_greed,64
2016-03-02,cboe_putcall,0.64
2016-03-02,cnn_fear_greed,66
2016-03-03,aaii_bears,29.2
2016-03-03,aaii_bulls,32.0
2016-03-03,aaii_neutral,38.7
2016-03-03,aaii_spread,2.8
2016-03-03,cboe_putcall,0.55
2016-03-03,cnn_fear_greed,69
2016-03-04,cboe_putcall,0.59
2016-03-04,cnn_fear_greed,71
2016-03-07,cboe_putcall,0.67
2016-03-07,cnn_fear_greed,73
2016-03-08,cboe_putcall,0.9
2016-03-08,cnn_fear_greed,70
2016-03-09,cboe_putcall,0.68
2016-03-09,cnn_fear_greed,71
2016-03-10,aaii_bears,24.4
2016-03-10,aaii_bulls,37.4
2016-03-10,aaii_neutral,38.3
2016-03-10,aaii_spread,13.0
2016-03-10,cboe_putcall,0.74
2016-03-10,cnn_fear_greed,71
2016-03-11,cboe_putcall,0.6
2016-03-11,cnn_fear_greed,75
2016-03-14,cboe_putcall,0.69
2016-03-14,cnn_fear_greed,73
2016-03-15,cboe_putcall,0.85
2016-03-15,cnn_fear_greed,73
2016-03-16,cboe_putcall,0.71
2016-03-16,cnn_fear_greed,75
2016-03-17,aaii_bears,26.9
2016-03-17,aaii_bulls,30.0
2016-03-17,aaii_neutral,43.2
2016-03-17,aaii_spread,3.1
2016-03-17,cboe_putcall,0.63
2016-03-17,cnn_fear_greed,78
2016-03-18,cboe_putcall,0.55
2016-03-18,cnn_fear_greed,79
2016-03-21,cboe_putcall,0.71
2016-03-21,cnn_fear_greed,78
2016-03-22,cboe_putcall,0.88
2016-03-22,cnn_fear_greed,78
2016-03-23,cboe_putcall,0.84
2016-03-23,cnn_fear_greed,70
2016-03-24,aaii_bears,23.7
2016-03-24,aaii_bulls,33.8
2016-03-24,aaii_neutral,42.5
2016-03-24,aaii_spread,10.1
2016-03-24,cboe_putcall,0.82
2016-03-24,cnn_fear_greed,66
2016-03-28,cboe_putcall,0.66
2016-03-28,cnn_fear_greed,64
2016-03-29,cboe_putcall,0.61
2016-03-29,cnn_fear_greed,68
2016-03-30,cboe_putcall,0.62
2016-03-30,cnn_fear_greed,71
2016-03-31,aaii_bears,25.8
2016-03-31,aaii_bulls,27.2
2016-03-31,aaii_neutral,47.1
2016-03-31,aaii_spread,1.4
2016-03-31,cboe_putcall,0.68
2016-03-31,cnn_fear_greed,73
2016-04-01,cboe_putcall,0.63
2016-04-01,cnn_fear_greed,78
2016-04-04,cboe_putcall,0.65
2016-04-04,cnn_fear_greed,74
2016-04-05,cboe_putcall,0.69
2016-04-05,cnn_fear_greed,67
2016-04-06,cboe_putcall,0.61
2016-04-06,cnn_fear_greed,77
2016-04-07,aaii_bears,21.5
2016-04-07,aaii_bulls,32.2
2016-04-07,aaii_neutral,46.3
2016-04-07,aaii_spread,10.7
2016-04-07,cboe_putcall,0.68
2016-04-07,cnn_fear_greed,66
2016-04-08,cboe_putcall,0.75
2016-04-08,cnn_fear_greed,68
2016-04-11,cboe_putcall,0.65
2016-04-11,cnn_fear_greed,64
2016-04-12,cboe_putcall,0.72
2016-04-12,cnn_fear_greed,68
2016-04-13,cboe_putcall,0.61
2016-04-13,cnn_fear_greed,71
2016-04-14,aaii_bears,24.9
2016-04-14,aaii_bulls,27.8
2016-04-14,aaii_neutral,47.3
2016-04-14,aaii_spread,3.0
2016-04-14,cboe_putcall,0.68
2016-04-14,cnn_fear_greed,72
2016-04-15,cboe_putcall,0.63
2016-04-15,cnn_fear_greed,70
2016-04-18,cboe_putcall,0.69
2016-04-18,cnn_fear_greed,75
2016-04-19,cboe_putcall,0.67
2016-04-19,cnn_fear_greed,75
2016-04-20,cboe_putcall,0.68
2016-04-20,cnn_fear_greed,76
2016-04-21,aaii_bears,23.9
2016-04-21,aaii_bulls,33.4
2016-04-21,aaii_neutral,42.7
2016-04-21,aaii_spread,9.5
2016-04-21,cboe_putcall,0.85
2016-04-21,cnn_fear_greed,74
2016-04-22,cboe_putcall,0.61
2016-04-22,cnn_fear_greed,74
2016-04-25,cboe_putcall,0.7
2016-04-25,cnn_fear_greed,70
2016-04-26,cboe_putcall,0.53
2016-04-26,cnn_fear_greed,72
2016-04-27,cboe_putcall,0.55
2016-04-27,cnn_fear_greed,72
2016-04-28,aaii_bears,28.6
2016-04-28,aaii_bulls,27.4
2016-04-28,aaii_neutral,44.0
2016-04-28,aaii_spread,-1.2
2016-04-28,cboe_putcall,0.77
2016-04-28,cnn_fear_greed,69
2016-04-29,cboe_putcall,0.86
2016-04-29,cnn_fear_greed,63
2016-05-02,cboe_putcall,0.74
2016-05-02,cnn_fear_greed,71
2016-05-03,cboe_putcall,0.77
2016-05-03,cnn_fear_greed,63
2016-05-04,cboe_putcall,0.8
2016-05-04,cnn_fear_greed,57
2016-05-05,aaii_bears,30.3
2016-05-05,aaii_bulls,22.3
2016-05-05,aaii_neutral,47.3
2016-05-05,aaii_spread,-8.0
2016-05-05,cboe_putcall,0.8
2016-05-05,cnn_fear_greed,58
2016-05-06,cboe_putcall,0.92
2016-05-06,cnn_fear_greed,61
2016-05-09,cboe_putcall,0.86
2016-05-09,cnn_fear_greed,60
2016-05-10,cboe_putcall,0.91
2016-05-10,cnn_fear_greed,67
2016-05-11,cboe_putcall,0.8
2016-05-11,cnn_fear_greed,60
2016-05-12,aaii_bears,31.3
2016-05-12,aaii_bulls,20.4
2016-05-12,aaii_neutral,48.3
2016-05-12,aaii_spread,-10.9
2016-05-12,cboe_putcall,0.8
2016-05-12,cnn_fear_greed,61
2016-05-13,cboe_putcall,0.84
2016-05-13,cnn_fear_greed,54
2016-05-16,cboe_putcall,0.6
2016-05-16,cnn_fear_greed,62
2016-05-17,cboe_putcall,0.81
2016-05-17,cnn_fear_greed,53
2016-05-18,cboe_putcall,0.75
2016-05-18,cnn_fear_greed,55
2016-05-19,aaii_bears,34.1
2016-05-19,aaii_bulls,19.3
2016-05-19,aaii_neutral,46.6
2016-05-19,aaii_spread,-14.8
2016-05-19,cboe_putcall,0.8
2016-05-19,cnn_fear_greed,51
2016-05-20,cboe_putcall,0.78
2016-05-20,cnn_fear_greed,56
2016-05-23,cboe_putcall,0.65
2016-05-23,cnn_fear_greed,54
2016-05-24,cboe_putcall,0.6
2016-05-24,cnn_fear_greed,65
2016-05-25,cboe_putcall,0.62
2016-05-25,cnn_fear_greed,73
2016-05-26,aaii_bears,29.4
2016-05-26,aaii_bulls,17.8
2016-05-26,aaii_neutral,52.9
2016-05-26,aaii_spread,-11.6
2016-05-26,cboe_putcall,0.55
2016-05-26,cnn_fear_greed,74
2016-05-27,cboe_putcall,0.51
2016-05-27,cnn_fear_greed,78
2016-05-31,cboe_putcall,0.58
2016-05-31,cnn_fear_greed,75
2016-06-01,cboe_putcall,0.55
2016-06-01,cnn_fear_greed,78
2016-06-02,aaii_bears,29.1
2016-06-02,aaii_bulls,30.2
2016-06-02,aaii_neutral,40.8
2016-06-02,aaii_spread,1.1
2016-06-02,cboe_putcall,0.69
2016-06-02,cnn_fear_greed,79
2016-06-03,cboe_putcall,0.59
2016-06-03,cnn_fear_greed,75
2016-06-06,cboe_putcall,0.59
2016-06-06,cnn_fear_greed,80
2016-06-07,cboe_putcall,0.61
2016-06-07,cnn_fear_greed,81
2016-06-08,cboe_putcall,0.59
2016-06-08,cnn_fear_greed,80
2016-06-09,aaii_bears,27.8
2016-06-09,aaii_bulls,27.8
2016-06-09,aaii_neutral,44.3
2016-06-09,aaii_spread,0.0
2016-06-09,cboe_putcall,0.72
2016-06-09,cnn_fear_greed,79
2016-06-10,cboe_putcall,0.81
2016-06-10,cnn_fear_greed,61
2016-06-13,cboe_putcall,0.75
2016-06-13,cnn_fear_greed,53
2016-06-14,cboe_putcall,0.79
2016-06-14,cnn_fear_greed,50
2016-06-15,cboe_putcall,0.68
2016-06-15,cnn_fear_greed,50
2016-06-16,aaii_bears,37.5
2016-06-16,aaii_bulls,25.3
2016-06-16,aaii_neutral,37.2
2016-06-16,aaii_spread,-12.2
2016-06-16,cboe_putcall,0.77
2016-06-16,cnn_fear_greed,51
2016-06-17,cboe_putcall,0.63
2016-06-17,cnn_fear_greed,53
2016-06-20,cboe_putcall,0.6
2016-06-20,cnn_fear_greed,62
2016-06-21,cboe_putcall,0.64
2016-06-21,cnn_fear_greed,67
2016-06-22,cboe_putcall,0.77
2016-06-22,cnn_fear_greed,57
2016-06-23,aaii_bears,35.2
2016-06-23,aaii_bulls,22.0
2016-06-23,aaii_neutral,42.8
2016-06-23,aaii_spread,-13.3
2016-06-23,cboe_putcall,0.61
2016-06-23,cnn_fear_greed,77
2016-06-24,cboe_putcall,1.01
2016-06-24,cnn_fear_greed,42
2016-06-27,cboe_putcall,0.81
2016-06-27,cnn_fear_greed,37
2016-06-28,cboe_putcall,0.59
2016-06-28,cnn_fear_greed,47
2016-06-29,cboe_putcall,0.58
2016-06-29,cnn_fear_greed,60
2016-06-30,aaii_bears,33.4
2016-06-30,aaii_bulls,28.9
2016-06-30,aaii_neutral,37.7
2016-06-30,aaii_spread,-4.5
2016-06-30,cboe_putcall,0.65
2016-06-30,cnn_fear_greed,64
2016-07-01,cboe_putcall,0.57
2016-07-01,cnn_fear_greed,71
2016-07-05,cboe_putcall,0.73
2016-07-05,cnn_fear_greed,67
2016-07-06,cboe_putcall,0.76
2016-07-06,cnn_fear_greed,70
2016-07-07,aaii_bears,26.7
2016-07-07,aaii_bulls,31.1
2016-07-07,aaii_neutral,42.3
2016-07-07,aaii_spread,4.4
2016-07-07,cboe_putcall,0.6
2016-07-07,cnn_fear_greed,69
2016-07-08,cboe_putcall,0.52
2016-07-08,cnn_fear_greed,78
2016-07-11,cboe_putcall,0.58
2016-07-11,cnn_fear_greed,83
2016-07-12,cboe_putcall,0.59
2016-07-12,cnn_fear_greed,88
2016-07-13,cboe_putcall,0.56
2016-07-13,cnn_fear_greed,86
2016-07-14,aaii_bears,24.4
2016-07-14,aaii_bulls,36.9
2016-07-14,aaii_neutral,38.7
2016-07-14,aaii_spread,12.4
2016-07-14,cboe_putcall,0.53
2016-07-14,cnn_fear_greed,90
2016-07-15,cboe_putcall,0.52
2016-07-15,cnn_fear_greed,89
2016-07-18,cboe_putcall,0.69
2016-07-18,cnn_fear_greed,91
2016-07-19,cboe_putcall,0.67
2016-07-19,cnn_fear_greed,87
2016-07-20,cboe_putcall,0.57
2016-07-20,cnn_fear_greed,90
2016-07-21,aaii_bears,26.7
2016-07-21,aaii_bulls,35.4
2016-07-21,aaii_neutral,37.9
2016-07-21,aaii_spread,8.7
2016-07-21,cboe_putcall,0.61
2016-07-21,cnn_fear_greed,85
2016-07-22,cboe_putcall,0.59
2016-07-22,cnn_fear_greed,86
2016-07-25,cboe_putcall,0.71
2016-07-25,cnn_fear_greed,85
2016-07-26,cboe_putcall,0.76
2016-07-26,cnn_fear_greed,85
2016-07-27,cboe_putcall,0.66
2016-07-27,cnn_fear_greed,82
2016-07-28,aaii_bears,28.4
2016-07-28,aaii_bulls,31.2
2016-07-28,aaii_neutral,40.3
2016-07-28,aaii_spread,2.8
2016-07-28,cboe_putcall,0.62
2016-07-28,cnn_fear_greed,82
2016-07-29,cboe_putcall,0.62
2016-07-29,cnn_fear_greed,79
2016-08-01,cboe_putcall,0.72
2016-08-01,cnn_fear_greed,77
2016-08-02,cboe_putcall,0.72
2016-08-02,cnn_fear_greed,77
2016-08-03,cboe_putcall,0.59
2016-08-03,cnn_fear_greed,81
2016-08-04,aaii_bears,26.8
2016-08-04,aaii_bulls,29.8
2016-08-04,aaii_neutral,43.4
2016-08-04,aaii_spread,3.0
2016-08-04,cboe_putcall,0.65
2016-08-04,cnn_fear_greed,80
2016-08-05,cboe_putcall,0.52
2016-08-05,cnn_fear_greed,86
2016-08-08,cboe_putcall,0.58
2016-08-08,cnn_fear_greed,84
2016-08-09,cboe_putcall,0.61
2016-08-09,cnn_fear_greed,80
2016-08-10,cboe_putcall,0.62
2016-08-10,cnn_fear_greed,74
2016-08-11,aaii_bears,26.8
2016-08-11,aaii_bulls,31.3
2016-08-11,aaii_neutral,42.0
2016-08-11,aaii_spread,4.5
2016-08-11,cboe_putcall,0.61
2016-08-11,cnn_fear_greed,80
2016-08-12,cboe_putcall,0.55
2016-08-12,cnn_fear_greed,75
2016-08-15,cboe_putcall,0.51
2016-08-15,cnn_fear_greed,81
2016-08-16,cboe_putcall,0.7
2016-08-16,cnn_fear_greed,77
2016-08-17,cboe_putcall,0.59
2016-08-17,cnn_fear_greed,76
2016-08-18,aaii_bears,26.4
2016-08-18,aaii_bulls,35.6
2016-08-18,aaii_neutral,38.1
2016-08-18,aaii_spread,9.2
2016-08-18,cboe_putcall,0.54
2016-08-18,cnn_fear_greed,78
2016-08-19,cboe_putcall,0.6
2016-08-19,cnn_fear_greed,77
2016-08-22,cboe_putcall,0.63
2016-08-22,cnn_fear_greed,72
2016-08-23,cboe_putcall,0.56
2016-08-23,cnn_fear_greed,76
2016-08-24,cboe_putcall,0.68
2016-08-24,cnn_fear_greed,69
2016-08-25,aaii_bears,29.6
2016-08-25,aaii_bulls,29.4
2016-08-25,aaii_neutral,40.9
2016-08-25,aaii_spread,-0.2
2016-08-25,cboe_putcall,0.75
2016-08-25,cnn_fear_greed,66
2016-08-26,cboe_putcall,0.73
2016-08-26,cnn_fear_greed,63
2016-08-29,cboe_putcall,0.6
2016-08-29,cnn_fear_greed,64
2016-08-30,cboe_putcall,0.63
2016-08-30,cnn_fear_greed,64
2016-08-31,cboe_putcall,0.7
2016-08-31,cnn_fear_greed,61
2016-09-01,aaii_bears,31.5
2016-09-01,aaii_bulls,28.6
2016-09-01,aaii_neutral,39.9
2016-09-01,aaii_spread,-2.9
2016-09-01,cboe_putcall,0.7
2016-09-01,cnn_fear_greed,62
2016-09-02,cboe_putcall,0.61
2016-09-02,cnn_fear_greed,65
2016-09-06,cboe_putcall,0.5
2016-09-06,cnn_fear_greed,65
2016-09-07,cboe_putcall,0.57
2016-09-07,cnn_fear_greed,65
2016-09-08,aaii_bears,28.5
2016-09-08,aaii_bulls,29.7
2016-09-08,aaii_neutral,41.8
2016-09-08,aaii_spread,1.3
2016-09-08,cboe_putcall,0.61
2016-09-08,cnn_fear_greed,70
2016-09-09,cboe_putcall,0.78
2016-09-09,cnn_fear_greed,43
2016-09-12,cboe_putcall,0.64
2016-09-12,cnn_fear_greed,58
2016-09-13,cboe_putcall,0.75
2016-09-13,cnn_fear_greed,35
2016-09-14,cboe_putcall,0.55
2016-09-14,cnn_fear_greed,33
2016-09-15,aaii_bears,35.9
2016-09-15,aaii_bulls,27.9
2016-09-15,aaii_neutral,36.1
2016-09-15,aaii_spread,-8.0
2016-09-15,cboe_putcall,0.7
2016-09-15,cnn_fear_greed,43
2016-09-16,cboe_putcall,0.65
2016-09-16,cnn_fear_greed,43
2016-09-19,cboe_putcall,0.56
2016-09-19,cnn_fear_greed,44
2016-09-20,cboe_putcall,0.66
2016-09-20,cnn_fear_greed,45
2016-09-21,cboe_putcall,0.63
2016-09-21,cnn_fear_greed,56
2016-09-22,aaii_bears,38.3
2016-09-22,aaii_bulls,24.8
2016-09-22,aaii_neutral,36.9
2016-09-22,aaii_spread,-13.5
2016-09-22,cboe_putcall,0.57
2016-09-22,cnn_fear_greed,60
2016-09-23,cboe_putcall,0.65
2016-09-23,cnn_fear_greed,54
2016-09-26,cboe_putcall,0.73
2016-09-26,cnn_fear_greed,41
2016-09-27,cboe_putcall,0.62
2016-09-27,cnn_fear_greed,45
2016-09-28,cboe_putcall,0.65
2016-09-28,cnn_fear_greed,51
2016-09-29,aaii_bears,37.1
2016-09-29,aaii_bulls,24.0
2016-09-29,aaii_neutral,38.9
2016-09-29,aaii_spread,-13.1
2016-09-29,cboe_putcall,0.74
2016-09-29,cnn_fear_greed,37
2016-09-30,cboe_putcall,0.61
2016-09-30,cnn_fear_greed,49
2016-10-03,cboe_putcall,0.64
2016-10-03,cnn_fear_greed,45
2016-10-04,cboe_putcall,0.51
2016-10-04,cnn_fear_greed,43
2016-10-05,cboe_putcall,0.58
2016-10-05,cnn_fear_greed,51
2016-10-06,aaii_bears,27.9
2016-10-06,aaii_bulls,28.8
2016-10-06,aaii_neutral,43.3
2016-10-06,aaii_spread,0.9
2016-10-06,cboe_putcall,0.71
2016-10-06,cnn_fear_greed,53
2016-10-07,cboe_putcall,0.68
2016-10-07,cnn_fear_greed,51
2016-10-10,cboe_putcall,0.61
2016-10-10,cnn_fear_greed,57
2016-10-11,cboe_putcall,0.75
2016-10-11,cnn_fear_greed,43
2016-10-12,cboe_putcall,0.64
2016-10-12,cnn_fear_greed,45
2016-10-13,aaii_bears,33.7
2016-10-13,aaii_bulls,25.5
2016-10-13,aaii_neutral,40.8
2016-10-13,aaii_spread,-8.3
2016-10-13,cboe_putcall,0.71
2016-10-13,cnn_fear_greed,34
2016-10-14,cboe_putcall,0.68
2016-10-14,cnn_fear_greed,41
2016-10-17,cboe_putcall,0.62
2016-10-17,cnn_fear_greed,33
2016-10-18,cboe_putcall,0.69
2016-10-18,cnn_fear_greed,40
2016-10-19,cboe_putcall,0.59
2016-10-19,cnn_fear_greed,39
2016-10-20,aaii_bears,37.8
2016-10-20,aaii_bulls,23.7
2016-10-20,aaii_neutral,38.4
2016-10-20,aaii_spread,-14.1
2016-10-20,cboe_putcall,0.53
2016-10-20,cnn_fear_greed,38
2016-10-21,cboe_putcall,0.56
2016-10-21,cnn_fear_greed,43
2016-10-24,cboe_putcall,0.59
2016-10-24,cnn_fear_greed,53
2016-10-25,cboe_putcall,0.69
2016-10-25,cnn_fear_greed,48
2016-10-26,cboe_putcall,0.73
2016-10-26,cnn_fear_greed,43
2016-10-27,aaii_bears,34.1
2016-10-27,aaii_bulls,24.8
2016-10-27,aaii_neutral,41.2
2016-10-27,aaii_spread,-9.3
2016-10-27,cboe_putcall,0.55
2016-10-27,cnn_fear_greed,46
2016-10-28,cboe_putcall,0.78
2016-10-28,cnn_fear_greed,32
2016-10-31,cboe_putcall,0.75
2016-10-31,cnn_fear_greed,30
2016-11-01,cboe_putcall,0.86
2016-11-01,cnn_fear_greed,21
2016-11-02,cboe_putcall,0.99
2016-11-02,cnn_fear_greed,17
2016-11-03,aaii_bears,34.3
2016-11-03,aaii_bulls,23.6
2016-11-03,aaii_neutral,42.0
2016-11-03,aaii_spread,-10.7
2016-11-03,cboe_putcall,0.74
2016-11-03,cnn_fear_greed,14
2016-11-04,cboe_putcall,0.7
2016-11-04,cnn_fear_greed,14
2016-11-07,cboe_putcall,0.68
2016-11-07,cnn_fear_greed,33
2016-11-08,cboe_putcall,0.69
2016-11-08,cnn_fear_greed,33
2016-11-09,cboe_putcall,0.61
2016-11-09,cnn_fear_greed,43
2016-11-10,aaii_bears,29.3
2016-11-10,aaii_bulls,38.9
2016-11-10,aaii_neutral,31.8
2016-11-10,aaii_spread,9.6
2016-11-10,cboe_putcall,0.6
2016-11-10,cnn_fear_greed,45
2016-11-11,cboe_putcall,0.53
2016-11-11,cnn_fear_greed,48
2016-11-14,cboe_putcall,0.57
2016-11-14,cnn_fear_greed,53
2016-11-15,cboe_putcall,0.51
2016-11-15,cnn_fear_greed,63
2016-11-16,cboe_putcall,0.63
2016-11-16,cnn_fear_greed,60
2016-11-17,aaii_bears,26.6
2016-11-17,aaii_bulls,46.7
2016-11-17,aaii_neutral,26.8
2016-11-17,aaii_spread,20.1
2016-11-17,cboe_putcall,0.65
2016-11-17,cnn_fear_greed,63
2016-11-18,cboe_putcall,0.68
2016-11-18,cnn_fear_greed,61
2016-11-21,cboe_putcall,0.57
2016-11-21,cnn_fear_greed,67
2016-11-22,cboe_putcall,0.63
2016-11-22,cnn_fear_greed,67
2016-11-23,cboe_putcall,0.6
2016-11-23,cnn_fear_greed,70
2016-11-24,aaii_bears,22.1
2016-11-24,aaii_bulls,49.9
2016-11-24,aaii_neutral,28.0
2016-11-24,aaii_spread,27.8
2016-11-25,cboe_putcall,0.61
2016-11-25,cnn_fear_greed,72
2016-11-28,cboe_putcall,0.57
2016-11-28,cnn_fear_greed,70
2016-11-29,cboe_putcall,0.62
2016-11-29,cnn_fear_greed,71
2016-11-30,cboe_putcall,0.54
2016-11-30,cnn_fear_greed,73
2016-12-01,aaii_bears,25.1
2016-12-01,aaii_bulls,43.8
2016-12-01,aaii_neutral,31.1
2016-12-01,aaii_spread,18.7
2016-12-01,cboe_putcall,0.66
2016-12-01,cnn_fear_greed,71
2016-12-02,cboe_putcall,0.67
2016-12-02,cnn_fear_greed,71
2016-12-05,cboe_putcall,0.63
2016-12-05,cnn_fear_greed,75
2016-12-06,cboe_putcall,0.58
2016-12-06,cnn_fear_greed,77
2016-12-07,cboe_putcall,0.46
2016-12-07,cnn_fear_greed,83
2016-12-08,aaii_bears,26.5
2016-12-08,aaii_bulls,43.1
2016-12-08,aaii_neutral,30.4
2016-12-08,aaii_spread,16.6
2016-12-08,cboe_putcall,0.5
2016-12-08,cnn_fear_greed,85
2016-12-09,cboe_putcall,0.53
2016-12-09,cnn_fear_greed,87
2016-12-12,cboe_putcall,0.57
2016-12-12,cnn_fear_greed,87
2016-12-13,cboe_putcall,0.54
2016-12-13,cnn_fear_greed,88
2016-12-14,cboe_putcall,0.58
2016-12-14,cnn_fear_greed,86
2016-12-15,aaii_bears,32.3
2016-12-15,aaii_bulls,44.7
2016-12-15,aaii_neutral,23.0
2016-12-15,aaii_spread,12.3
2016-12-15,cboe_putcall,0.59
2016-12-15,cnn_fear_greed,86
2016-12-16,cboe_putcall,0.62
2016-12-16,cnn_fear_greed,84
2016-12-19,cboe_putcall,0.71
2016-12-19,cnn_fear_greed,82
2016-12-20,cboe_putcall,0.63
2016-12-20,cnn_fear_greed,79
2016-12-21,cboe_putcall,0.77
2016-12-21,cnn_fear_greed,74
2016-12-22,aaii_bears,29.2
2016-12-22,aaii_bulls,44.6
2016-12-22,aaii_neutral,26.2
2016-12-22,aaii_spread,15.5
2016-12-22,cboe_putcall,0.67
2016-12-22,cnn_fear_greed,71
2016-12-23,cboe_putcall,0.66
2016-12-23,cnn_fear_greed,66
2016-12-27,cboe_putcall,0.62
2016-12-27,cnn_fear_greed,70
2016-12-28,cboe_putcall,0.61
2016-12-28,cnn_fear_greed,64
2016-12-29,aaii_bears,25.7
2016-12-29,aaii_bulls,45.6
2016-12-29,aaii_neutral,28.7
2016-12-29,aaii_spread,19.8
2016-12-29,cboe_putcall,0.62
2016-12-29,cnn_fear_greed,64
2016-12-30,cboe_putcall,0.76
2016-12-30,cnn_fear_greed,58
2017-01-03,cboe_putcall,0.69
2017-01-03,cnn_fear_greed,71
2017-01-04,cboe_putcall,0.64
2017-01-04,cnn_fear_greed,71
2017-01-05,aaii_bears,25.2
2017-01-05,aaii_bulls,46.2
2017-01-05,aaii_neutral,28.6
2017-01-05,aaii_spread,21.0
2017-01-05,cboe_putcall,0.69
2017-01-05,cnn_fear_greed,68
2017-01-06,cboe_putcall,0.68
2017-01-06,cnn_fear_greed,70
2017-01-09,cboe_putcall,0.62
2017-01-09,cnn_fear_greed,66
2017-01-10,cboe_putcall,0.64
2017-01-10,cnn_fear_greed,62
2017-01-11,cboe_putcall,0.63
2017-01-11,cnn_fear_greed,61
2017-01-12,aaii_bears,27.0
2017-01-12,aaii_bulls,43.6
2017-01-12,aaii_neutral,29.4
2017-01-12,aaii_spread,16.7
2017-01-12,cboe_putcall,0.68
2017-01-12,cnn_fear_greed,55
2017-01-13,cboe_putcall,0.63
2017-01-13,cnn_fear_greed,57
2017-01-17,cboe_putcall,0.65
2017-01-17,cnn_fear_greed,57
2017-01-18,cboe_putcall,0.67
2017-01-18,cnn_fear_greed,56
2017-01-19,aaii_bears,32.7
2017-01-19,aaii_bulls,37.0
2017-01-19,aaii_neutral,30.3
2017-01-19,aaii_spread,4.3
2017-01-19,cboe_putcall,0.56
2017-01-19,cnn_fear_greed,53
2017-01-20,cboe_putcall,0.7
2017-01-20,cnn_fear_greed,54
2017-01-23,cboe_putcall,0.72
2017-01-23,cnn_fear_greed,49
2017-01-24,cboe_putcall,0.65
2017-01-24,cnn_fear_greed,54
2017-01-25,cboe_putcall,0.61
2017-01-25,cnn_fear_greed,62
2017-01-26,aaii_bears,33.5
2017-01-26,aaii_bulls,31.6
2017-01-26,aaii_neutral,34.9
2017-01-26,aaii_spread,-1.9
2017-01-26,cboe_putcall,0.65
2017-01-26,cnn_fear_greed,57
2017-01-27,cboe_putcall,0.73
2017-01-27,cnn_fear_greed,59
2017-01-30,cboe_putcall,0.82
2017-01-30,cnn_fear_greed,53
2017-01-31,cboe_putcall,0.7
2017-01-31,cnn_fear_greed,54
2017-02-01,cboe_putcall,0.71
2017-02-01,cnn_fear_greed,53
2017-02-02,aaii_bears,34.2
2017-02-02,aaii_bulls,32.8
2017-02-02,aaii_neutral,33.0
2017-02-02,aaii_spread,-1.4
2017-02-02,cboe_putcall,0.64
2017-02-02,cnn_fear_greed,51
2017-02-03,cboe_putcall,0.68
2017-02-03,cnn_fear_greed,60
2017-02-06,cboe_putcall,0.75
2017-02-06,cnn_fear_greed,56
2017-02-07,cboe_putcall,0.7
2017-02-07,cnn_fear_greed,56
2017-02-08,cboe_putcall,0.69
2017-02-08,cnn_fear_greed,61
2017-02-09,aaii_bears,27.7
2017-02-09,aaii_bulls,35.8
2017-02-09,aaii_neutral,36.5
2017-02-09,aaii_spread,8.1
2017-02-09,cboe_putcall,0.58
2017-02-09,cnn_fear_greed,69
2017-02-10,cboe_putcall,0.7
2017-02-10,cnn_fear_greed,69
2017-02-13,cboe_putcall,0.61
2017-02-13,cnn_fear_greed,74
2017-02-14,cboe_putcall,0.53
2017-02-14,cnn_fear_greed,79
2017-02-15,cboe_putcall,0.58
2017-02-15,cnn_fear_greed,80
2017-02-16,aaii_bears,32.4
2017-02-16,aaii_bulls,33.1
2017-02-16,aaii_neutral,34.5
2017-02-16,aaii_spread,0.7
2017-02-16,cboe_putcall,0.54
2017-02-16,cnn_fear_greed,78
2017-02-17,cboe_putcall,0.59
2017-02-17,cnn_fear_greed,77
2017-02-21,cboe_putcall,0.61
2017-02-21,cnn_fear_greed,83
2017-02-22,cboe_putcall,0.6
2017-02-22,cnn_fear_greed,80
2017-02-23,aaii_bears,32.3
2017-02-23,aaii_bulls,38.5
2017-02-23,aaii_neutral,29.2
2017-02-23,aaii_spread,6.2
2017-02-23,cboe_putcall,0.62
2017-02-23,cnn_fear_greed,75
2017-02-24,cboe_putcall,0.72
2017-02-24,cnn_fear_greed,68
2017-02-27,cboe_putcall,0.63
2017-02-27,cnn_fear_greed,71
2017-02-28,cboe_putcall,0.7
2017-02-28,cnn_fear_greed,64
2017-03-01,cboe_putcall,0.53
2017-03-01,cnn_fear_greed,81
2017-03-02,aaii_bears,35.6
2017-03-02,aaii_bulls,37.9
2017-03-02,aaii_neutral,26.5
2017-03-02,aaii_spread,2.3
2017-03-02,cboe_putcall,0.56
2017-03-02,cnn_fear_greed,75
2017-03-03,cboe_putcall,0.7
2017-03-03,cnn_fear_greed,74
2017-03-06,cboe_putcall,0.67
2017-03-06,cnn_fear_greed,69
2017-03-07,cboe_putcall,0.54
2017-03-07,cnn_fear_greed,70
2017-03-08,cboe_putcall,0.62
2017-03-08,cnn_fear_greed,62
2017-03-09,aaii_bears,46.5
2017-03-09,aaii_bulls,30.0
2017-03-09,aaii_neutral,23.5
2017-03-09,aaii_spread,-16.5
2017-03-09,cboe_putcall,0.72
2017-03-09,cnn_fear_greed,62
2017-03-10,cboe_putcall,0.57
2017-03-10,cnn_fear_greed,66
2017-03-13,cboe_putcall,0.7
2017-03-13,cnn_fear_greed,64
2017-03-14,cboe_putcall,0.73
2017-03-14,cnn_fear_greed,51
2017-03-15,cboe_putcall,0.61
2017-03-15,cnn_fear_greed,53
2017-03-16,aaii_bears,38.7
2017-03-16,aaii_bulls,31.2
2017-03-16,aaii_neutral,30.1
2017-03-16,aaii_spread,-7.5
2017-03-16,cboe_putcall,0.57
2017-03-16,cnn_fear_greed,51
2017-03-17,cboe_putcall,0.61
2017-03-17,cnn_fear_greed,45
2017-03-20,cboe_putcall,0.64
2017-03-20,cnn_fear_greed,42
2017-03-21,cboe_putcall,0.79
2017-03-21,cnn_fear_greed,36
2017-03-22,cboe_putcall,0.73
2017-03-22,cnn_fear_greed,32
2017-03-23,aaii_bears,30.5
2017-03-23,aaii_bulls,35.3
2017-03-23,aaii_neutral,34.2
2017-03-23,aaii_spread,4.8
2017-03-23,cboe_putcall,0.67
2017-03-23,cnn_fear_greed,30
2017-03-24,cboe_putcall,0.69
2017-03-24,cnn_fear_greed,30
2017-03-27,cboe_putcall,0.58
2017-03-27,cnn_fear_greed,29
2017-03-28,cboe_putcall,0.6
2017-03-28,cnn_fear_greed,34
2017-03-29,cboe_putcall,0.54
2017-03-29,cnn_fear_greed,34
2017-03-30,aaii_bears,37.4
2017-03-30,aaii_bulls,30.2
2017-03-30,aaii_neutral,32.4
2017-03-30,aaii_spread,-7.2
2017-03-30,cboe_putcall,0.58
2017-03-30,cnn_fear_greed,43
2017-03-31,cboe_putcall,0.56
2017-03-31,cnn_fear_greed,47
2017-04-03,cboe_putcall,0.67
2017-04-03,cnn_fear_greed,46
2017-04-04,cboe_putcall,0.62
2017-04-04,cnn_fear_greed,46
2017-04-05,cboe_putcall,0.61
2017-04-05,cnn_fear_greed,43
2017-04-06,aaii_bears,39.6
2017-04-06,aaii_bulls,28.3
2017-04-06,aaii_neutral,32.1
2017-04-06,aaii_spread,-11.3
2017-04-06,cboe_putcall,0.66
2017-04-06,cnn_fear_greed,43
2017-04-07,cboe_putcall,0.67
2017-04-07,cnn_fear_greed,40
2017-04-10,cboe_putcall,0.62
2017-04-10,cnn_fear_greed,37
2017-04-11,cboe_putcall,0.79
2017-04-11,cnn_fear_greed,31
2017-04-12,cboe_putcall,0.69
2017-04-12,cnn_fear_greed,28
2017-04-13,aaii_bears,37.4
2017-04-13,aaii_bulls,29.0
2017-04-13,aaii_neutral,33.6
2017-04-13,aaii_spread,-8.4
2017-04-13,cboe_putcall,0.96
2017-04-13,cnn_fear_greed,25
2017-04-17,cboe_putcall,0.63
2017-04-17,cnn_fear_greed,30
2017-04-18,cboe_putcall,0.62
2017-04-18,cnn_fear_greed,30
2017-04-19,cboe_putcall,0.7
2017-04-19,cnn_fear_greed,30
2017-04-20,aaii_bears,38.7
2017-04-20,aaii_bulls,25.7
2017-04-20,aaii_neutral,35.6
2017-04-20,aaii_spread,-13.0
2017-04-20,cboe_putcall,0.68
2017-04-20,cnn_fear_greed,34
2017-04-21,cboe_putcall,0.67
2017-04-21,cnn_fear_greed,35
2017-04-24,cboe_putcall,0.61
2017-04-24,cnn_fear_greed,39
2017-04-25,cboe_putcall,0.61
2017-04-25,cnn_fear_greed,46
2017-04-26,cboe_putcall,0.63
2017-04-26,cnn_fear_greed,48
2017-04-27,aaii_bears,31.7
2017-04-27,aaii_bulls,38.0
2017-04-27,aaii_neutral,30.2
2017-04-27,aaii_spread,6.3
2017-04-27,cboe_putcall,0.72
2017-04-27,cnn_fear_greed,50
2017-04-28,cboe_putcall,0.68
2017-04-28,cnn_fear_greed,50
2017-05-01,cboe_putcall,0.62
2017-05-01,cnn_fear_greed,49
2017-05-02,cboe_putcall,0.61
2017-05-02,cnn_fear_greed,51
2017-05-03,cboe_putcall,0.69
2017-05-03,cnn_fear_greed,47
2017-05-04,aaii_bears,29.9
2017-05-04,aaii_bulls,38.1
2017-05-04,aaii_neutral,32.0
2017-05-04,aaii_spread,8.1
2017-05-04,cboe_putcall,0.77
2017-05-04,cnn_fear_greed,45
2017-05-05,cboe_putcall,0.64
2017-05-05,cnn_fear_greed,47
2017-05-08,cboe_putcall,0.6
2017-05-08,cnn_fear_greed,49
2017-05-09,cboe_putcall,0.63
2017-05-09,cnn_fear_greed,50
2017-05-10,cboe_putcall,0.62
2017-05-10,cnn_fear_greed,61
2017-05-11,aaii_bears,30.2
2017-05-11,aaii_bulls,32.7
2017-05-11,aaii_neutral,37.1
2017-05-11,aaii_spread,2.5
2017-05-11,cboe_putcall,0.65
2017-05-11,cnn_fear_greed,63
2017-05-12,cboe_putcall,0.57
2017-05-12,cnn_fear_greed,62
2017-05-15,cboe_putcall,0.55
2017-05-15,cnn_fear_greed,64
2017-05-16,cboe_putcall,0.54
2017-05-16,cnn_fear_greed,66
2017-05-17,cboe_putcall,0.73
2017-05-17,cnn_fear_greed,45
2017-05-18,aaii_bears,34.3
2017-05-18,aaii_bulls,23.9
2017-05-18,aaii_neutral,41.9
2017-05-18,aaii_spread,-10.4
2017-05-18,cboe_putcall,0.7
2017-05-18,cnn_fear_greed,43
2017-05-19,cboe_putcall,0.62
2017-05-19,cnn_fear_greed,49
2017-05-22,cboe_putcall,0.54
2017-05-22,cnn_fear_greed,50
2017-05-23,cboe_putcall,0.6
2017-05-23,cnn_fear_greed,45
2017-05-24,cboe_putcall,0.62
2017-05-24,cnn_fear_greed,54
2017-05-25,aaii_bears,30.0
2017-05-25,aaii_bulls,32.9
2017-05-25,aaii_neutral,37.1
2017-05-25,aaii_spread,2.9
2017-05-25,cboe_putcall,0.59
2017-05-25,cnn_fear_greed,57
2017-05-26,cboe_putcall,0.64
2017-05-26,cnn_fear_greed,58
2017-05-30,cboe_putcall,0.68
2017-05-30,cnn_fear_greed,53
2017-05-31,cboe_putcall,0.63
2017-05-31,cnn_fear_greed,50
2017-06-01,aaii_bears,31.5
2017-06-01,aaii_bulls,26.9
2017-06-01,aaii_neutral,41.5
2017-06-01,aaii_spread,-4.6
2017-06-01,cboe_putcall,0.66
2017-06-01,cnn_fear_greed,58
2017-06-02,cboe_putcall,0.6
2017-06-02,cnn_fear_greed,57
2017-06-05,cboe_putcall,0.51
2017-06-05,cnn_fear_greed,58
2017-06-06,cboe_putcall,0.59
2017-06-06,cnn_fear_greed,55
2017-06-07,cboe_putcall,0.58
2017-06-07,cnn_fear_greed,55
2017-06-08,aaii_bears,29.5
2017-06-08,aaii_bulls,35.4
2017-06-08,aaii_neutral,35.0
2017-06-08,aaii_spread,5.9
2017-06-08,cboe_putcall,0.55
2017-06-08,cnn_fear_greed,55
2017-06-09,cboe_putcall,0.72
2017-06-09,cnn_fear_greed,54
2017-06-12,cboe_putcall,0.68
2017-06-12,cnn_fear_greed,55
2017-06-13,cboe_putcall,0.64
2017-06-13,cnn_fear_greed,55
2017-06-14,cboe_putcall,0.67
2017-06-14,cnn_fear_greed,52
2017-06-15,aaii_bears,29.5
2017-06-15,aaii_bulls,32.3
2017-06-15,aaii_neutral,38.2
2017-06-15,aaii_spread,2.8
2017-06-15,cboe_putcall,0.8
2017-06-15,cnn_fear_greed,52
2017-06-16,cboe_putcall,0.67
2017-06-16,cnn_fear_greed,50
2017-06-19,cboe_putcall,0.58
2017-06-19,cnn_fear_greed,57
2017-06-20,cboe_putcall,0.72
2017-06-20,cnn_fear_greed,48
2017-06-21,cboe_putcall,0.59
2017-06-21,cnn_fear_greed,42
2017-06-22,aaii_bears,28.9
2017-06-22,aaii_bulls,32.7
2017-06-22,aaii_neutral,38.4
2017-06-22,aaii_spread,3.7
2017-06-22,cboe_putcall,0.5
2017-06-22,cnn_fear_greed,50
2017-06-23,cboe_putcall,0.58
2017-06-23,cnn_fear_greed,52
2017-06-26,cboe_putcall,0.64
2017-06-26,cnn_fear_greed,53
2017-06-27,cboe_putcall,0.6
2017-06-27,cnn_fear_greed,48
2017-06-28,cboe_putcall,0.68
2017-06-28,cnn_fear_greed,60
2017-06-29,aaii_bears,26.9
2017-06-29,aaii_bulls,29.7
2017-06-29,aaii_neutral,43.4
2017-06-29,aaii_spread,2.9
2017-06-29,cboe_putcall,0.69
2017-06-29,cnn_fear_greed,47
2017-06-30,cboe_putcall,0.67
2017-06-30,cnn_fear_greed,49
2017-07-03,cboe_putcall,0.55
2017-07-03,cnn_fear_greed,54
2017-07-05,cboe_putcall,0.61
2017-07-05,cnn_fear_greed,57
2017-07-06,aaii_bears,29.9
2017-07-06,aaii_bulls,29.6
2017-07-06,aaii_neutral,40.6
2017-07-06,aaii_spread,-0.3
2017-07-06,cboe_putcall,0.65
2017-07-06,cnn_fear_greed,44
2017-07-07,cboe_putcall,0.66
2017-07-07,cnn_fear_greed,49
2017-07-10,cboe_putcall,0.64
2017-07-10,cnn_fear_greed,46
2017-07-11,cboe_putcall,0.69
2017-07-11,cnn_fear_greed,41
2017-07-12,cboe_putcall,0.6
2017-07-12,cnn_fear_greed,47
2017-07-13,aaii_bears,29.6
2017-07-13,aaii_bulls,28.2
2017-07-13,aaii_neutral,42.1
2017-07-13,aaii_spread,-1.4
2017-07-13,cboe_putcall,0.62
2017-07-13,cnn_fear_greed,54
2017-07-14,cboe_putcall,0.53
2017-07-14,cnn_fear_greed,64
2017-07-17,cboe_putcall,0.63
2017-07-17,cnn_fear_greed,67
2017-07-18,cboe_putcall,0.62
2017-07-18,cnn_fear_greed,62
2017-07-19,cboe_putcall,0.56
2017-07-19,cnn_fear_greed,74
2017-07-20,aaii_bears,25.8
2017-07-20,aaii_bulls,35.5
2017-07-20,aaii_neutral,38.7
2017-07-20,aaii_spread,9.7
2017-07-20,cboe_putcall,0.53
2017-07-20,cnn_fear_greed,76
2017-07-21,cboe_putcall,0.56
2017-07-21,cnn_fear_greed,73
2017-07-24,cboe_putcall,0.68
2017-07-24,cnn_fear_greed,72
2017-07-25,cboe_putcall,0.61
2017-07-25,cnn_fear_greed,81
2017-07-26,cboe_putcall,0.65
2017-07-26,cnn_fear_greed,78
2017-07-27,aaii_bears,24.3
2017-07-27,aaii_bulls,34.5
2017-07-27,aaii_neutral,41.2
2017-07-27,aaii_spread,10.1
2017-07-27,cboe_putcall,0.71
2017-07-27,cnn_fear_greed,73
2017-07-28,cboe_putcall,0.63
2017-07-28,cnn_fear_greed,70
2017-07-31,cboe_putcall,0.62
2017-07-31,cnn_fear_greed,70
2017-08-01,cboe_putcall,0.64
2017-08-01,cnn_fear_greed,65
2017-08-02,cboe_putcall,0.75
2017-08-02,cnn_fear_greed,67
2017-08-03,aaii_bears,32.1
2017-08-03,aaii_bulls,36.1
2017-08-03,aaii_neutral,31.8
2017-08-03,aaii_spread,4.0
2017-08-03,cboe_putcall,0.71
2017-08-03,cnn_fear_greed,59
2017-08-04,cboe_putcall,0.66
2017-08-04,cnn_fear_greed,64
2017-08-07,cboe_putcall,0.77
2017-08-07,cnn_fear_greed,63
2017-08-08,cboe_putcall,0.67
2017-08-08,cnn_fear_greed,61
2017-08-09,cboe_putcall,0.83
2017-08-09,cnn_fear_greed,54
2017-08-10,aaii_bears,32.3
2017-08-10,aaii_bulls,33.7
2017-08-10,aaii_neutral,34.0
2017-08-10,aaii_spread,1.3
2017-08-10,cboe_putcall,0.88
2017-08-10,cnn_fear_greed,31
2017-08-11,cboe_putcall,0.94
2017-08-11,cnn_fear_greed,28
2017-08-14,cboe_putcall,0.59
2017-08-14,cnn_fear_greed,39
2017-08-15,cboe_putcall,0.68
2017-08-15,cnn_fear_greed,36
2017-08-16,cboe_putcall,0.62
2017-08-16,cnn_fear_greed,34
2017-08-17,aaii_bears,32.8
2017-08-17,aaii_bulls,34.2
2017-08-17,aaii_neutral,33.0
2017-08-17,aaii_spread,1.4
2017-08-17,cboe_putcall,0.78
2017-08-17,cnn_fear_greed,19
2017-08-18,cboe_putcall,0.82
2017-08-18,cnn_fear_greed,17
2017-08-21,cboe_putcall,0.57
2017-08-21,cnn_fear_greed,15
2017-08-22,cboe_putcall,0.55
2017-08-22,cnn_fear_greed,23
2017-08-23,cboe_putcall,0.58
2017-08-23,cnn_fear_greed,19
2017-08-24,aaii_bears,38.3
2017-08-24,aaii_bulls,28.1
2017-08-24,aaii_neutral,33.6
2017-08-24,aaii_spread,-10.2
2017-08-24,cboe_putcall,0.69
2017-08-24,cnn_fear_greed,22
2017-08-25,cboe_putcall,0.69
2017-08-25,cnn_fear_greed,27
2017-08-28,cboe_putcall,0.55
2017-08-28,cnn_fear_greed,29
2017-08-29,cboe_putcall,0.61
2017-08-29,cnn_fear_greed,28
2017-08-30,cboe_putcall,0.57
2017-08-30,cnn_fear_greed,35
2017-08-31,aaii_bears,39.9
2017-08-31,aaii_bulls,25.0
2017-08-31,aaii_neutral,35.1
2017-08-31,aaii_spread,-14.9
2017-08-31,cboe_putcall,0.57
2017-08-31,cnn_fear_greed,43
2017-09-01,cboe_putcall,0.56
2017-09-01,cnn_fear_greed,50
2017-09-05,cboe_putcall,0.67
2017-09-05,cnn_fear_greed,35
2017-09-06,cboe_putcall,0.56
2017-09-06,cnn_fear_greed,41
2017-09-07,aaii_bears,35.7
2017-09-07,aaii_bulls,29.3
2017-09-07,aaii_neutral,35.0
2017-09-07,aaii_spread,-6.5
2017-09-07,cboe_putcall,0.55
2017-09-07,cnn_fear_greed,38
2017-09-08,cboe_putcall,0.73
2017-09-08,cnn_fear_greed,38
2017-09-11,cboe_putcall,0.65
2017-09-11,cnn_fear_greed,53
2017-09-12,cboe_putcall,0.58
2017-09-12,cnn_fear_greed,63
2017-09-13,cboe_putcall,0.55
2017-09-13,cnn_fear_greed,68
2017-09-14,aaii_bears,22.0
2017-09-14,aaii_bulls,41.3
2017-09-14,aaii_neutral,36.7
2017-09-14,aaii_spread,19.3
2017-09-14,cboe_putcall,0.56
2017-09-14,cnn_fear_greed,68
2017-09-15,cboe_putcall,0.63
2017-09-15,cnn_fear_greed,77
2017-09-18,cboe_putcall,0.61
2017-09-18,cnn_fear_greed,80
2017-09-19,cboe_putcall,0.67
2017-09-19,cnn_fear_greed,81
2017-09-20,cboe_putcall,0.61
2017-09-20,cnn_fear_greed,79
2017-09-21,aaii_bears,27.2
2017-09-21,aaii_bulls,40.1
2017-09-21,aaii_neutral,32.7
2017-09-21,aaii_spread,12.9
2017-09-21,cboe_putcall,0.66
2017-09-21,cnn_fear_greed,73
2017-09-22,cboe_putcall,0.77
2017-09-22,cnn_fear_greed,70
2017-09-25,cboe_putcall,0.64
2017-09-25,cnn_fear_greed,65
2017-09-26,cboe_putcall,0.69
2017-09-26,cnn_fear_greed,67
2017-09-27,cboe_putcall,0.61
2017-09-27,cnn_fear_greed,78
2017-09-28,aaii_bears,28.7
2017-09-28,aaii_bulls,33.3
2017-09-28,aaii_neutral,37.9
2017-09-28,aaii_spread,4.6
2017-09-28,cboe_putcall,0.52
2017-09-28,cnn_fear_greed,79
2017-09-29,cboe_putcall,0.59
2017-09-29,cnn_fear_greed,85
2017-10-02,cboe_putcall,0.61
2017-10-02,cnn_fear_greed,89
2017-10-03,cboe_putcall,0.66
2017-10-03,cnn_fear_greed,92
2017-10-04,cboe_putcall,0.58
2017-10-04,cnn_fear_greed,91
2017-10-05,aaii_bears,32.8
2017-10-05,aaii_bulls,35.6
2017-10-05,aaii_neutral,31.6
2017-10-05,aaii_spread,2.8
2017-10-05,cboe_putcall,0.69
2017-10-05,cnn_fear_greed,95
2017-10-06,cboe_putcall,0.7
2017-10-06,cnn_fear_greed,92
2017-10-09,cboe_putcall,0.73
2017-10-09,cnn_fear_greed,84
2017-10-10,cboe_putcall,0.54
2017-10-10,cnn_fear_greed,85
2017-10-11,cboe_putcall,0.62
2017-10-11,cnn_fear_greed,83
2017-10-12,aaii_bears,26.9
2017-10-12,aaii_bulls,39.8
2017-10-12,aaii_neutral,33.3
2017-10-12,aaii_spread,12.9
2017-10-12,cboe_putcall,0.7
2017-10-12,cnn_fear_greed,77
2017-10-13,cboe_putcall,0.65
2017-10-13,cnn_fear_greed,73
2017-10-16,cboe_putcall,0.7
2017-10-16,cnn_fear_greed,78
2017-10-17,cboe_putcall,0.66
2017-10-17,cnn_fear_greed,78
2017-10-18,cboe_putcall,0.72
2017-10-18,cnn_fear_greed,82
2017-10-19,aaii_bears,27.9
2017-10-19,aaii_bulls,37.9
2017-10-19,aaii_neutral,34.1
2017-10-19,aaii_spread,10.0
2017-10-19,cboe_putcall,0.7
2017-10-19,cnn_fear_greed,83
2017-10-20,cboe_putcall,0.6
2017-10-20,cnn_fear_greed,90
2017-10-23,cboe_putcall,0.65
2017-10-23,cnn_fear_greed,85
2017-10-24,cboe_putcall,0.63
2017-10-24,cnn_fear_greed,87
2017-10-25,cboe_putcall,0.71
2017-10-25,cnn_fear_greed,75
2017-10-26,aaii_bears,33.0
2017-10-26,aaii_bulls,39.6
2017-10-26,aaii_neutral,27.3
2017-10-26,aaii_spread,6.6
2017-10-26,cboe_putcall,0.61
2017-10-26,cnn_fear_greed,71
2017-10-27,cboe_putcall,0.55
2017-10-27,cnn_fear_greed,73
2017-10-30,cboe_putcall,0.69
2017-10-30,cnn_fear_greed,74
2017-10-31,cboe_putcall,0.57
2017-10-31,cnn_fear_greed,65
2017-11-01,cboe_putcall,0.71
2017-11-01,cnn_fear_greed,72
2017-11-02,aaii_bears,28.6
2017-11-02,aaii_bulls,45.1
2017-11-02,aaii_neutral,26.4
2017-11-02,aaii_spread,16.5
2017-11-02,cboe_putcall,0.63
2017-11-02,cnn_fear_greed,69
2017-11-03,cboe_putcall,0.6
2017-11-03,cnn_fear_greed,66
2017-11-06,cboe_putcall,0.61
2017-11-06,cnn_fear_greed,68
2017-11-07,cboe_putcall,0.64
2017-11-07,cnn_fear_greed,58
2017-11-08,cboe_putcall,0.68
2017-11-08,cnn_fear_greed,54
2017-11-09,aaii_bears,23.1
2017-11-09,aaii_bulls,45.1
2017-11-09,aaii_neutral,31.8
2017-11-09,aaii_spread,22.0
2017-11-09,cboe_putcall,0.64
2017-11-09,cnn_fear_greed,54
2017-11-10,cboe_putcall,0.66
2017-11-10,cnn_fear_greed,54
2017-11-13,cboe_putcall,0.69
2017-11-13,cnn_fear_greed,53
2017-11-14,cboe_putcall,0.62
2017-11-14,cnn_fear_greed,49
2017-11-15,cboe_putcall,0.74
2017-11-15,cnn_fear_greed,36
2017-11-16,aaii_bears,35.2
2017-11-16,aaii_bulls,29.3
2017-11-16,aaii_neutral,35.4
2017-11-16,aaii_spread,-5.9
2017-11-16,cboe_putcall,0.64
2017-11-16,cnn_fear_greed,50
2017-11-17,cboe_putcall,0.56
2017-11-17,cnn_fear_greed,44
2017-11-20,cboe_putcall,0.59
2017-11-20,cnn_fear_greed,50
2017-11-21,cboe_putcall,0.58
2017-11-21,cnn_fear_greed,54
2017-11-22,cboe_putcall,0.57
2017-11-22,cnn_fear_greed,54
2017-11-23,aaii_bears,29.0
2017-11-23,aaii_bulls,35.5
2017-11-23,aaii_neutral,35.5
2017-11-23,aaii_spread,6.5
2017-11-24,cboe_putcall,0.62
2017-11-24,cnn_fear_greed,59
2017-11-27,cboe_putcall,0.61
2017-11-27,cnn_fear_greed,51
2017-11-28,cboe_putcall,0.5
2017-11-28,cnn_fear_greed,64
2017-11-29,cboe_putcall,0.52
2017-11-29,cnn_fear_greed,67
2017-11-30,aaii_bears,31.6
2017-11-30,aaii_bulls,35.9
2017-11-30,aaii_neutral,32.4
2017-11-30,aaii_spread,4.3
2017-11-30,cboe_putcall,0.55
2017-11-30,cnn_fear_greed,73
2017-12-01,cboe_putcall,0.63
2017-12-01,cnn_fear_greed,70
2017-12-04,cboe_putcall,0.56
2017-12-04,cnn_fear_greed,64
2017-12-05,cboe_putcall,0.57
2017-12-05,cnn_fear_greed,63
2017-12-06,cboe_putcall,0.67
2017-12-06,cnn_fear_greed,60
2017-12-07,aaii_bears,34.2
2017-12-07,aaii_bulls,36.9
2017-12-07,aaii_neutral,28.9
2017-12-07,aaii_spread,2.7
2017-12-07,cboe_putcall,0.58
2017-12-07,cnn_fear_greed,60
2017-12-08,cboe_putcall,0.6
2017-12-08,cnn_fear_greed,64
2017-12-11,cboe_putcall,0.63
2017-12-11,cnn_fear_greed,62
2017-12-12,cboe_putcall,0.51
2017-12-12,cnn_fear_greed,66
2017-12-13,cboe_putcall,0.57
2017-12-13,cnn_fear_greed,67
2017-12-14,aaii_bears,28.1
2017-12-14,aaii_bulls,45.0
2017-12-14,aaii_neutral,26.9
2017-12-14,aaii_spread,16.9
2017-12-14,cboe_putcall,0.6
2017-12-14,cnn_fear_greed,66
2017-12-15,cboe_putcall,0.57
2017-12-15,cnn_fear_greed,68
2017-12-18,cboe_putcall,0.5
2017-12-18,cnn_fear_greed,74
2017-12-19,cboe_putcall,0.53
2017-12-19,cnn_fear_greed,73
2017-12-20,cboe_putcall,0.56
2017-12-20,cnn_fear_greed,72
2017-12-21,aaii_bears,25.6
2017-12-21,aaii_bulls,50.5
2017-12-21,aaii_neutral,23.9
2017-12-21,aaii_spread,24.9
2017-12-21,cboe_putcall,0.56
2017-12-21,cnn_fear_greed,68
2017-12-22,cboe_putcall,0.64
2017-12-22,cnn_fear_greed,66
2017-12-26,cboe_putcall,0.58
2017-12-26,cnn_fear_greed,64
2017-12-27,cboe_putcall,0.55
2017-12-27,cnn_fear_greed,61
2017-12-28,aaii_bears,20.6
2017-12-28,aaii_bulls,52.6
2017-12-28,aaii_neutral,26.7
2017-12-28,aaii_spread,32.0
2017-12-28,cboe_putcall,0.57
2017-12-28,cnn_fear_greed,62
2017-12-29,cboe_putcall,0.59
2017-12-29,cnn_fear_greed,53
2018-01-02,cboe_putcall,0.47
2018-01-02,cnn_fear_greed,63
2018-01-03,cboe_putcall,0.54
2018-01-03,cnn_fear_greed,67
2018-01-04,aaii_bears,15.6
2018-01-04,aaii_bulls,59.8
2018-01-04,aaii_neutral,24.7
2018-01-04,aaii_spread,44.2
2018-01-04,cboe_putcall,0.5
2018-01-04,cnn_fear_greed,72
2018-01-05,cboe_putcall,0.58
2018-01-05,cnn_fear_greed,75
2018-01-08,cboe_putcall,0.63
2018-01-08,cnn_fear_greed,75
2018-01-09,cboe_putcall,0.6
2018-01-09,cnn_fear_greed,76
2018-01-10,cboe_putcall,0.65
2018-01-10,cnn_fear_greed,75
2018-01-11,aaii_bears,25.1
2018-01-11,aaii_bulls,48.7
2018-01-11,aaii_neutral,26.3
2018-01-11,aaii_spread,23.6
2018-01-11,cboe_putcall,0.5
2018-01-11,cnn_fear_greed,77
2018-01-12,cboe_putcall,0.5
2018-01-12,cnn_fear_greed,79
2018-01-16,cboe_putcall,0.49
2018-01-16,cnn_fear_greed,75
2018-01-17,cboe_putcall,0.48
2018-01-17,cnn_fear_greed,75
2018-01-18,aaii_bears,21.4
2018-01-18,aaii_bulls,54.1
2018-01-18,aaii_neutral,24.5
2018-01-18,aaii_spread,32.7
2018-01-18,cboe_putcall,0.56
2018-01-18,cnn_fear_greed,72
2018-01-19,cboe_putcall,0.56
2018-01-19,cnn_fear_greed,80
2018-01-22,cboe_putcall,0.56
2018-01-22,cnn_fear_greed,79
2018-01-23,cboe_putcall,0.52
2018-01-23,cnn_fear_greed,78
2018-01-24,cboe_putcall,0.53
2018-01-24,cnn_fear_greed,78
2018-01-25,aaii_bears,24.0
2018-01-25,aaii_bulls,45.5
2018-01-25,aaii_neutral,30.5
2018-01-25,aaii_spread,21.4
2018-01-25,cboe_putcall,0.56
2018-01-25,cnn_fear_greed,77
2018-01-26,cboe_putcall,0.49
2018-01-26,cnn_fear_greed,79
2018-01-29,cboe_putcall,0.57
2018-01-29,cnn_fear_greed,68
2018-01-30,cboe_putcall,0.61
2018-01-30,cnn_fear_greed,62
2018-01-31,cboe_putcall,0.59
2018-01-31,cnn_fear_greed,61
2018-02-01,aaii_bears,28.8
2018-02-01,aaii_bulls,44.8
2018-02-01,aaii_neutral,26.5
2018-02-01,aaii_spread,16.0
2018-02-01,cboe_putcall,0.59
2018-02-01,cnn_fear_greed,58
2018-02-02,cboe_putcall,0.77
2018-02-02,cnn_fear_greed,40
2018-02-05,cboe_putcall,0.73
2018-02-05,cnn_fear_greed,17
2018-02-06,cboe_putcall,0.75
2018-02-06,cnn_fear_greed,18
2018-02-07,cboe_putcall,0.68
2018-02-07,cnn_fear_greed,16
2018-02-08,aaii_bears,35.0
2018-02-08,aaii_bulls,37.0
2018-02-08,aaii_neutral,28.0
2018-02-08,aaii_spread,2.0
2018-02-08,cboe_putcall,0.75
2018-02-08,cnn_fear_greed,8
2018-02-09,cboe_putcall,0.88
2018-02-09,cnn_fear_greed,10
2018-02-12,cboe_putcall,0.67
2018-02-12,cnn_fear_greed,12
2018-02-13,cboe_putcall,0.73
2018-02-13,cnn_fear_greed,13
2018-02-14,cboe_putcall,0.59
2018-02-14,cnn_fear_greed,11
2018-02-15,aaii_bears,21.4
2018-02-15,aaii_bulls,48.5
2018-02-15,aaii_neutral,30.1
2018-02-15,aaii_spread,27.1
2018-02-15,cboe_putcall,0.61
2018-02-15,cnn_fear_greed,15
2018-02-16,cboe_putcall,0.52
2018-02-16,cnn_fear_greed,18
2018-02-20,cboe_putcall,0.66
2018-02-20,cnn_fear_greed,17
2018-02-21,cboe_putcall,0.58
2018-02-21,cnn_fear_greed,18
2018-02-22,aaii_bears,22.8
2018-02-22,aaii_bulls,44.7
2018-02-22,aaii_neutral,32.6
2018-02-22,aaii_spread,21.9
2018-02-22,cboe_putcall,0.63
2018-02-22,cnn_fear_greed,15
2018-02-23,cboe_putcall,0.62
2018-02-23,cnn_fear_greed,18
2018-02-26,cboe_putcall,0.59
2018-02-26,cnn_fear_greed,20
2018-02-27,cboe_putcall,0.63
2018-02-27,cnn_fear_greed,17
2018-02-28,cboe_putcall,0.67
2018-02-28,cnn_fear_greed,12
2018-03-01,aaii_bears,23.4
2018-03-01,aaii_bulls,37.3
2018-03-01,aaii_neutral,39.3
2018-03-01,aaii_spread,13.9
2018-03-01,cboe_putcall,0.72
2018-03-01,cnn_fear_greed,8
2018-03-02,cboe_putcall,0.71
2018-03-02,cnn_fear_greed,10
2018-03-05,cboe_putcall,0.55
2018-03-05,cnn_fear_greed,14
2018-03-06,cboe_putcall,0.52
2018-03-06,cnn_fear_greed,26
2018-03-07,cboe_putcall,0.58
2018-03-07,cnn_fear_greed,20
2018-03-08,aaii_bears,28.4
2018-03-08,aaii_bulls,26.4
2018-03-08,aaii_neutral,45.2
2018-03-08,aaii_spread,-2.0
2018-03-08,cboe_putcall,0.61
2018-03-08,cnn_fear_greed,20
2018-03-09,cboe_putcall,0.53
2018-03-09,cnn_fear_greed,44
2018-03-12,cboe_putcall,0.57
2018-03-12,cnn_fear_greed,40
2018-03-13,cboe_putcall,0.57
2018-03-13,cnn_fear_greed,36
2018-03-14,cboe_putcall,0.69
2018-03-14,cnn_fear_greed,30
2018-03-15,aaii_bears,21.3
2018-03-15,aaii_bulls,36.8
2018-03-15,aaii_neutral,41.8
2018-03-15,aaii_spread,15.5
2018-03-15,cboe_putcall,0.63
2018-03-15,cnn_fear_greed,21
2018-03-16,cboe_putcall,0.63
2018-03-16,cnn_fear_greed,19
2018-03-19,cboe_putcall,0.67
2018-03-19,cnn_fear_greed,14
2018-03-20,cboe_putcall,0.68
2018-03-20,cnn_fear_greed,15
2018-03-21,cboe_putcall,0.62
2018-03-21,cnn_fear_greed,16
2018-03-22,aaii_bears,28.5
2018-03-22,aaii_bulls,33.2
2018-03-22,aaii_neutral,38.3
2018-03-22,aaii_spread,4.7
2018-03-22,cboe_putcall,0.74
2018-03-22,cnn_fear_greed,9
2018-03-23,cboe_putcall,0.76
2018-03-23,cnn_fear_greed,7
2018-03-26,cboe_putcall,0.63
2018-03-26,cnn_fear_greed,8
2018-03-27,cboe_putcall,0.71
2018-03-27,cnn_fear_greed,7
2018-03-28,cboe_putcall,0.68
2018-03-28,cnn_fear_greed,6
2018-03-29,aaii_bears,35.3
2018-03-29,aaii_bulls,31.9
2018-03-29,aaii_neutral,32.7
2018-03-29,aaii_spread,-3.4
2018-03-29,cboe_putcall,0.63
2018-03-29,cnn_fear_greed,8
2018-04-02,cboe_putcall,0.77
2018-04-02,cnn_fear_greed,7
2018-04-03,cboe_putcall,0.65
2018-04-03,cnn_fear_greed,9
2018-04-04,cboe_putcall,0.63
2018-04-04,cnn_fear_greed,11
2018-04-05,aaii_bears,36.6
2018-04-05,aaii_bulls,31.9
2018-04-05,aaii_neutral,31.5
2018-04-05,aaii_spread,-4.7
2018-04-05,cboe_putcall,0.61
2018-04-05,cnn_fear_greed,13
2018-04-06,cboe_putcall,0.76
2018-04-06,cnn_fear_greed,9
2018-04-09,cboe_putcall,0.61
2018-04-09,cnn_fear_greed,12
2018-04-10,cboe_putcall,0.57
2018-04-10,cnn_fear_greed,17
2018-04-11,cboe_putcall,0.65
2018-04-11,cnn_fear_greed,17
2018-04-12,aaii_bears,42.8
2018-04-12,aaii_bulls,26.1
2018-04-12,aaii_neutral,31.2
2018-04-12,aaii_spread,-16.7
2018-04-12,cboe_putcall,0.66
2018-04-12,cnn_fear_greed,22
2018-04-13,cboe_putcall,0.66
2018-04-13,cnn_fear_greed,23
2018-04-16,cboe_putcall,0.64
2018-04-16,cnn_fear_greed,25
2018-04-17,cboe_putcall,0.68
2018-04-17,cnn_fear_greed,28
2018-04-18,cboe_putcall,0.56
2018-04-18,cnn_fear_greed,32
2018-04-19,aaii_bears,29.2
2018-04-19,aaii_bulls,37.8
2018-04-19,aaii_neutral,33.0
2018-04-19,aaii_spread,8.6
2018-04-19,cboe_putcall,0.64
2018-04-19,cnn_fear_greed,32
2018-04-20,cboe_putcall,0.65
2018-04-20,cnn_fear_greed,38
2018-04-23,cboe_putcall,0.61
2018-04-23,cnn_fear_greed,40
2018-04-24,cboe_putcall,0.68
2018-04-24,cnn_fear_greed,33
2018-04-25,cboe_putcall,0.7
2018-04-25,cnn_fear_greed,38
2018-04-26,aaii_bears,25.6
2018-04-26,aaii_bulls,36.9
2018-04-26,aaii_neutral,37.5
2018-04-26,aaii_spread,11.4
2018-04-26,cboe_putcall,0.61
2018-04-26,cnn_fear_greed,42
2018-04-27,cboe_putcall,0.64
2018-04-27,cnn_fear_greed,40
2018-04-30,cboe_putcall,0.61
2018-04-30,cnn_fear_greed,42
2018-05-01,cboe_putcall,0.68
2018-05-01,cnn_fear_greed,42
2018-05-02,cboe_putcall,0.65
2018-05-02,cnn_fear_greed,38
2018-05-03,aaii_bears,30.2
2018-05-03,aaii_bulls,28.4
2018-05-03,aaii_neutral,41.4
2018-05-03,aaii_spread,-1.9
2018-05-03,cboe_putcall,0.76
2018-05-03,cnn_fear_greed,32
2018-05-04,cboe_putcall,0.55
2018-05-04,cnn_fear_greed,40
2018-05-07,cboe_putcall,0.54
2018-05-07,cnn_fear_greed,44
2018-05-08,cboe_putcall,0.61
2018-05-08,cnn_fear_greed,41
2018-05-09,cboe_putcall,0.58
2018-05-09,cnn_fear_greed,49
2018-05-10,aaii_bears,25.5
2018-05-10,aaii_bulls,33.5
2018-05-10,aaii_neutral,41.0
2018-05-10,aaii_spread,8.0
2018-05-10,cboe_putcall,0.51
2018-05-10,cnn_fear_greed,54
2018-05-11,cboe_putcall,0.6
2018-05-11,cnn_fear_greed,55
2018-05-14,cboe_putcall,0.62
2018-05-14,cnn_fear_greed,54
2018-05-15,cboe_putcall,0.62
2018-05-15,cnn_fear_greed,52
2018-05-16,cboe_putcall,0.5
2018-05-16,cnn_fear_greed,55
2018-05-17,aaii_bears,20.6
2018-05-17,aaii_bulls,36.7
2018-05-17,aaii_neutral,42.7
2018-05-17,aaii_spread,16.1
2018-05-17,cboe_putcall,0.57
2018-05-17,cnn_fear_greed,55
2018-05-18,cboe_putcall,0.66
2018-05-18,cnn_fear_greed,52
2018-05-21,cboe_putcall,0.54
2018-05-21,cnn_fear_greed,56
2018-05-22,cboe_putcall,0.58
2018-05-22,cnn_fear_greed,59
2018-05-23,cboe_putcall,0.65
2018-05-23,cnn_fear_greed,54
2018-05-24,aaii_bears,25.2
2018-05-24,aaii_bulls,38.6
2018-05-24,aaii_neutral,36.3
2018-05-24,aaii_spread,13.4
2018-05-24,cboe_putcall,0.64
2018-05-24,cnn_fear_greed,48
2018-05-25,cboe_putcall,0.61
2018-05-25,cnn_fear_greed,44
2018-05-29,cboe_putcall,0.65
2018-05-29,cnn_fear_greed,34
2018-05-30,cboe_putcall,0.56
2018-05-30,cnn_fear_greed,42
2018-05-31,aaii_bears,26.4
2018-05-31,aaii_bulls,35.0
2018-05-31,aaii_neutral,38.6
2018-05-31,aaii_spread,8.7
2018-05-31,cboe_putcall,0.63
2018-05-31,cnn_fear_greed,43
2018-06-01,cboe_putcall,0.56
2018-06-01,cnn_fear_greed,52
2018-06-04,cboe_putcall,0.55
2018-06-04,cnn_fear_greed,55
2018-06-05,cboe_putcall,0.48
2018-06-05,cnn_fear_greed,58
2018-06-06,cboe_putcall,0.53
2018-06-06,cnn_fear_greed,65
2018-06-07,aaii_bears,26.7
2018-06-07,aaii_bulls,38.9
2018-06-07,aaii_neutral,34.4
2018-06-07,aaii_spread,12.2
2018-06-07,cboe_putcall,0.56
2018-06-07,cnn_fear_greed,62
2018-06-08,cboe_putcall,0.6
2018-06-08,cnn_fear_greed,63
2018-06-11,cboe_putcall,0.54
2018-06-11,cnn_fear_greed,65
2018-06-12,cboe_putcall,0.5
2018-06-12,cnn_fear_greed,65
2018-06-13,cboe_putcall,0.54
2018-06-13,cnn_fear_greed,63
2018-06-14,aaii_bears,21.7
2018-06-14,aaii_bulls,44.8
2018-06-14,aaii_neutral,33.5
2018-06-14,aaii_spread,23.1
2018-06-14,cboe_putcall,0.5
2018-06-14,cnn_fear_greed,63
2018-06-15,cboe_putcall,0.61
2018-06-15,cnn_fear_greed,61
2018-06-18,cboe_putcall,0.54
2018-06-18,cnn_fear_greed,61
2018-06-19,cboe_putcall,0.59
2018-06-19,cnn_fear_greed,53
2018-06-20,cboe_putcall,0.56
2018-06-20,cnn_fear_greed,57
2018-06-21,aaii_bears,26.2
2018-06-21,aaii_bulls,38.7
2018-06-21,aaii_neutral,35.1
2018-06-21,aaii_spread,12.5
2018-06-21,cboe_putcall,0.56
2018-06-21,cnn_fear_greed,52
2018-06-22,cboe_putcall,0.56
2018-06-22,cnn_fear_greed,53
2018-06-25,cboe_putcall,0.61
2018-06-25,cnn_fear_greed,42
2018-06-26,cboe_putcall,0.52
2018-06-26,cnn_fear_greed,47
2018-06-27,cboe_putcall,0.67
2018-06-27,cnn_fear_greed,36
2018-06-28,aaii_bears,40.8
2018-06-28,aaii_bulls,28.4
2018-06-28,aaii_neutral,30.7
2018-06-28,aaii_spread,-12.4
2018-06-28,cboe_putcall,0.65
2018-06-28,cnn_fear_greed,39
2018-06-29,cboe_putcall,0.69
2018-06-29,cnn_fear_greed,34
2018-07-02,cboe_putcall,0.58
2018-07-02,cnn_fear_greed,35
2018-07-03,cboe_putcall,0.67
2018-07-03,cnn_fear_greed,32
2018-07-05,aaii_bears,39.3
2018-07-05,aaii_bulls,27.9
2018-07-05,aaii_neutral,32.9
2018-07-05,aaii_spread,-11.4
2018-07-05,cboe_putcall,0.6
2018-07-05,cnn_fear_greed,33
2018-07-06,cboe_putcall,0.57
2018-07-06,cnn_fear_greed,40
2018-07-09,cboe_putcall,0.53
2018-07-09,cnn_fear_greed,47
2018-07-10,cboe_putcall,0.74
2018-07-10,cnn_fear_greed,49
2018-07-11,cboe_putcall,0.59
2018-07-11,cnn_fear_greed,41
2018-07-12,aaii_bears,29.2
2018-07-12,aaii_bulls,43.1
2018-07-12,aaii_neutral,27.8
2018-07-12,aaii_spread,13.9
2018-07-12,cboe_putcall,0.56
2018-07-12,cnn_fear_greed,49
2018-07-13,cboe_putcall,0.62
2018-07-13,cnn_fear_greed,47
2018-07-16,cboe_putcall,0.7
2018-07-16,cnn_fear_greed,45
2018-07-17,cboe_putcall,0.65
2018-07-17,cnn_fear_greed,49
2018-07-18,cboe_putcall,0.56
2018-07-18,cnn_fear_greed,56
2018-07-19,aaii_bears,24.9
2018-07-19,aaii_bulls,34.7
2018-07-19,aaii_neutral,40.4
2018-07-19,aaii_spread,9.7
2018-07-19,cboe_putcall,0.62
2018-07-19,cnn_fear_greed,50
2018-07-20,cboe_putcall,0.66
2018-07-20,cnn_fear_greed,53
2018-07-23,cboe_putcall,0.55
2018-07-23,cnn_fear_greed,58
2018-07-24,cboe_putcall,0.63
2018-07-24,cnn_fear_greed,64
2018-07-25,cboe_putcall,0.61
2018-07-25,cnn_fear_greed,70
2018-07-26,aaii_bears,26.9
2018-07-26,aaii_bulls,31.5
2018-07-26,aaii_neutral,41.6
2018-07-26,aaii_spread,4.6
2018-07-26,cboe_putcall,0.63
2018-07-26,cnn_fear_greed,72
2018-07-27,cboe_putcall,0.67
2018-07-27,cnn_fear_greed,67
2018-07-30,cboe_putcall,0.72
2018-07-30,cnn_fear_greed,64
2018-07-31,cboe_putcall,0.69
2018-07-31,cnn_fear_greed,66
2018-08-01,cboe_putcall,0.67
2018-08-01,cnn_fear_greed,66
2018-08-02,aaii_bears,32.1
2018-08-02,aaii_bulls,29.1
2018-08-02,aaii_neutral,38.8
2018-08-02,aaii_spread,-3.0
2018-08-02,cboe_putcall,0.58
2018-08-02,cnn_fear_greed,68
2018-08-03,cboe_putcall,0.56
2018-08-03,cnn_fear_greed,71
2018-08-06,cboe_putcall,0.62
2018-08-06,cnn_fear_greed,72
2018-08-07,cboe_putcall,0.64
2018-08-07,cnn_fear_greed,73
2018-08-08,cboe_putcall,0.62
2018-08-08,cnn_fear_greed,74
2018-08-09,aaii_bears,31.0
2018-08-09,aaii_bulls,36.4
2018-08-09,aaii_neutral,32.6
2018-08-09,aaii_spread,5.3
2018-08-09,cboe_putcall,0.62
2018-08-09,cnn_fear_greed,70
2018-08-10,cboe_putcall,0.7
2018-08-10,cnn_fear_greed,60
2018-08-13,cboe_putcall,0.64
2018-08-13,cnn_fear_greed,56
2018-08-14,cboe_putcall,0.66
2018-08-14,cnn_fear_greed,58
2018-08-15,cboe_putcall,0.66
2018-08-15,cnn_fear_greed,46
2018-08-16,aaii_bears,29.1
2018-08-16,aaii_bulls,36.2
2018-08-16,aaii_neutral,34.8
2018-08-16,aaii_spread,7.1
2018-08-16,cboe_putcall,0.6
2018-08-16,cnn_fear_greed,51
2018-08-17,cboe_putcall,0.7
2018-08-17,cnn_fear_greed,54
2018-08-20,cboe_putcall,0.55
2018-08-20,cnn_fear_greed,55
2018-08-21,cboe_putcall,0.58
2018-08-21,cnn_fear_greed,61
2018-08-22,cboe_putcall,0.6
2018-08-22,cnn_fear_greed,61
2018-08-23,aaii_bears,27.1
2018-08-23,aaii_bulls,38.5
2018-08-23,aaii_neutral,34.5
2018-08-23,aaii_spread,11.4
2018-08-23,cboe_putcall,0.61
2018-08-23,cnn_fear_greed,59
2018-08-24,cboe_putcall,0.57
2018-08-24,cnn_fear_greed,68
2018-08-27,cboe_putcall,0.53
2018-08-27,cnn_fear_greed,77
2018-08-28,cboe_putcall,0.53
2018-08-28,cnn_fear_greed,74
2018-08-29,cboe_putcall,0.55
2018-08-29,cnn_fear_greed,78
2018-08-30,aaii_bears,24.4
2018-08-30,aaii_bulls,43.5
2018-08-30,aaii_neutral,32.1
2018-08-30,aaii_spread,19.1
2018-08-30,cboe_putcall,0.58
2018-08-30,cnn_fear_greed,73
2018-08-31,cboe_putcall,0.63
2018-08-31,cnn_fear_greed,71
2018-09-04,cboe_putcall,0.59
2018-09-04,cnn_fear_greed,67
2018-09-05,cboe_putcall,0.62
2018-09-05,cnn_fear_greed,62
2018-09-06,aaii_bears,26.3
2018-09-06,aaii_bulls,42.2
2018-09-06,aaii_neutral,31.5
2018-09-06,aaii_spread,15.9
2018-09-06,cboe_putcall,0.74
2018-09-06,cnn_fear_greed,53
2018-09-07,cboe_putcall,0.69
2018-09-07,cnn_fear_greed,52
2018-09-10,cboe_putcall,0.62
2018-09-10,cnn_fear_greed,56
2018-09-11,cboe_putcall,0.61
2018-09-11,cnn_fear_greed,59
2018-09-12,cboe_putcall,0.55
2018-09-12,cnn_fear_greed,59
2018-09-13,aaii_bears,32.8
2018-09-13,aaii_bulls,32.1
2018-09-13,aaii_neutral,35.1
2018-09-13,aaii_spread,-0.7
2018-09-13,cboe_putcall,0.5
2018-09-13,cnn_fear_greed,72
2018-09-14,cboe_putcall,0.58
2018-09-14,cnn_fear_greed,73
2018-09-17,cboe_putcall,0.64
2018-09-17,cnn_fear_greed,67
2018-09-18,cboe_putcall,0.55
2018-09-18,cnn_fear_greed,73
2018-09-19,cboe_putcall,0.57
2018-09-19,cnn_fear_greed,71
2018-09-20,aaii_bears,32.0
2018-09-20,aaii_bulls,32.0
2018-09-20,aaii_neutral,35.9
2018-09-20,aaii_spread,0.0
2018-09-20,cboe_putcall,0.56
2018-09-20,cnn_fear_greed,74
2018-09-21,cboe_putcall,0.57
2018-09-21,cnn_fear_greed,75
2018-09-24,cboe_putcall,0.63
2018-09-24,cnn_fear_greed,70
2018-09-25,cboe_putcall,0.52
2018-09-25,cnn_fear_greed,64
2018-09-26,cboe_putcall,0.59
2018-09-26,cnn_fear_greed,53
2018-09-27,aaii_bears,31.1
2018-09-27,aaii_bulls,36.2
2018-09-27,aaii_neutral,32.7
2018-09-27,aaii_spread,5.1
2018-09-27,cboe_putcall,0.61
2018-09-27,cnn_fear_greed,48
2018-09-28,cboe_putcall,0.64
2018-09-28,cnn_fear_greed,47
2018-10-01,cboe_putcall,0.57
2018-10-01,cnn_fear_greed,49
2018-10-02,cboe_putcall,0.54
2018-10-02,cnn_fear_greed,45
2018-10-03,cboe_putcall,0.56
2018-10-03,cnn_fear_greed,51
2018-10-04,aaii_bears,25.1
2018-10-04,aaii_bulls,45.7
2018-10-04,aaii_neutral,29.2
2018-10-04,aaii_spread,20.5
2018-10-04,cboe_putcall,0.72
2018-10-04,cnn_fear_greed,43
2018-10-05,cboe_putcall,0.84
2018-10-05,cnn_fear_greed,33
2018-10-08,cboe_putcall,0.66
2018-10-08,cnn_fear_greed,28
2018-10-09,cboe_putcall,0.62
2018-10-09,cnn_fear_greed,23
2018-10-10,cboe_putcall,0.74
2018-10-10,cnn_fear_greed,8
2018-10-11,aaii_bears,35.5
2018-10-11,aaii_bulls,30.6
2018-10-11,aaii_neutral,33.9
2018-10-11,aaii_spread,-4.8
2018-10-11,cboe_putcall,0.68
2018-10-11,cnn_fear_greed,5
2018-10-12,cboe_putcall,0.67
2018-10-12,cnn_fear_greed,11
2018-10-15,cboe_putcall,0.61
2018-10-15,cnn_fear_greed,11
2018-10-16,cboe_putcall,0.63
2018-10-16,cnn_fear_greed,13
2018-10-17,cboe_putcall,0.68
2018-10-17,cnn_fear_greed,14
2018-10-18,aaii_bears,35.0
2018-10-18,aaii_bulls,33.9
2018-10-18,aaii_neutral,31.0
2018-10-18,aaii_spread,-1.1
2018-10-18,cboe_putcall,0.73
2018-10-18,cnn_fear_greed,12
2018-10-19,cboe_putcall,0.82
2018-10-19,cnn_fear_greed,14
2018-10-22,cboe_putcall,0.57
2018-10-22,cnn_fear_greed,16
2018-10-23,cboe_putcall,0.61
2018-10-23,cnn_fear_greed,12
2018-10-24,cboe_putcall,0.71
2018-10-24,cnn_fear_greed,6
2018-10-25,aaii_bears,41.0
2018-10-25,aaii_bulls,28.0
2018-10-25,aaii_neutral,31.0
2018-10-25,aaii_spread,-13.0
2018-10-25,cboe_putcall,0.66
2018-10-25,cnn_fear_greed,9
2018-10-26,cboe_putcall,0.8
2018-10-26,cnn_fear_greed,7
2018-10-29,cboe_putcall,0.74
2018-10-29,cnn_fear_greed,7
2018-10-30,cboe_putcall,0.69
2018-10-30,cnn_fear_greed,10
2018-10-31,cboe_putcall,0.65
2018-10-31,cnn_fear_greed,7
2018-11-01,aaii_bears,34.5
2018-11-01,aaii_bulls,37.9
2018-11-01,aaii_neutral,27.6
2018-11-01,aaii_spread,3.4
2018-11-01,cboe_putcall,0.51
2018-11-01,cnn_fear_greed,6
2018-11-02,cboe_putcall,0.68
2018-11-02,cnn_fear_greed,8
2018-11-05,cboe_putcall,0.61
2018-11-05,cnn_fear_greed,9
2018-11-06,cboe_putcall,0.67
2018-11-06,cnn_fear_greed,12
2018-11-07,cboe_putcall,0.59
2018-11-07,cnn_fear_greed,25
2018-11-08,aaii_bears,31.2
2018-11-08,aaii_bulls,41.3
2018-11-08,aaii_neutral,27.5
2018-11-08,aaii_spread,10.1
2018-11-08,cboe_putcall,0.64
2018-11-08,cnn_fear_greed,29
2018-11-09,cboe_putcall,0.8
2018-11-09,cnn_fear_greed,18
2018-11-12,cboe_putcall,0.73
2018-11-12,cnn_fear_greed,11
2018-11-13,cboe_putcall,0.7
2018-11-13,cnn_fear_greed,10
2018-11-14,cboe_putcall,0.81
2018-11-14,cnn_fear_greed,7
2018-11-15,aaii_bears,36.0
2018-11-15,aaii_bulls,35.1
2018-11-15,aaii_neutral,28.9
2018-11-15,aaii_spread,-0.9
2018-11-15,cboe_putcall,0.73
2018-11-15,cnn_fear_greed,10
2018-11-16,cboe_putcall,0.74
2018-11-16,cnn_fear_greed,10
2018-11-19,cboe_putcall,0.72
2018-11-19,cnn_fear_greed,8
2018-11-20,cboe_putcall,0.82
2018-11-20,cnn_fear_greed,7
2018-11-21,cboe_putcall,0.73
2018-11-21,cnn_fear_greed,13
2018-11-22,aaii_bears,47.1
2018-11-22,aaii_bulls,25.3
2018-11-22,aaii_neutral,27.6
2018-11-22,aaii_spread,-21.9
2018-11-23,cboe_putcall,0.85
2018-11-23,cnn_fear_greed,9
2018-11-26,cboe_putcall,0.64
2018-11-26,cnn_fear_greed,17
2018-11-27,cboe_putcall,0.7
2018-11-27,cnn_fear_greed,19
2018-11-28,cboe_putcall,0.62
2018-11-28,cnn_fear_greed,23
2018-11-29,aaii_bears,39.5
2018-11-29,aaii_bulls,33.9
2018-11-29,aaii_neutral,26.6
2018-11-29,aaii_spread,-5.6
2018-11-29,cboe_putcall,0.57
2018-11-29,cnn_fear_greed,23
2018-11-30,cboe_putcall,0.53
2018-11-30,cnn_fear_greed,22
2018-12-03,cboe_putcall,0.57
2018-12-03,cnn_fear_greed,32
2018-12-04,cboe_putcall,0.69
2018-12-04,cnn_fear_greed,20
2018-12-06,aaii_bears,30.5
2018-12-06,aaii_bulls,37.9
2018-12-06,aaii_neutral,31.6
2018-12-06,aaii_spread,7.4
2018-12-06,cboe_putcall,0.85
2018-12-06,cnn_fear_greed,15
2018-12-07,cboe_putcall,0.77
2018-12-07,cnn_fear_greed,11
2018-12-10,cboe_putcall,0.7
2018-12-10,cnn_fear_greed,9
2018-12-11,cboe_putcall,0.65
2018-12-11,cnn_fear_greed,8
2018-12-12,cboe_putcall,0.62
2018-12-12,cnn_fear_greed,10
2018-12-13,aaii_bears,48.9
2018-12-13,aaii_bulls,20.9
2018-12-13,aaii_neutral,30.2
2018-12-13,aaii_spread,-28.0
2018-12-13,cboe_putcall,0.75
2018-12-13,cnn_fear_greed,11
2018-12-14,cboe_putcall,0.79
2018-12-14,cnn_fear_greed,8
2018-12-17,cboe_putcall,0.97
2018-12-17,cnn_fear_greed,10
2018-12-18,cboe_putcall,0.69
2018-12-18,cnn_fear_greed,8
2018-12-19,cboe_putcall,0.85
2018-12-19,cnn_fear_greed,8
2018-12-20,aaii_bears,47.3
2018-12-20,aaii_bulls,24.9
2018-12-20,aaii_neutral,27.8
2018-12-20,aaii_spread,-22.4
2018-12-20,cboe_putcall,0.91
2018-12-20,cnn_fear_greed,5
2018-12-21,cboe_putcall,1.13
2018-12-21,cnn_fear_greed,3
2018-12-24,cboe_putcall,0.79
2018-12-24,cnn_fear_greed,2
2018-12-26,cboe_putcall,0.62
2018-12-26,cnn_fear_greed,4
2018-12-27,aaii_bears,50.3
2018-12-27,aaii_bulls,31.5
2018-12-27,aaii_neutral,18.2
2018-12-27,aaii_spread,-18.8
2018-12-27,cboe_putcall,0.73
2018-12-27,cnn_fear_greed,8
2018-12-28,cboe_putcall,0.44
2018-12-28,cnn_fear_greed,12
2018-12-31,cboe_putcall,0.6
2018-12-31,cnn_fear_greed,12
2019-01-02,cboe_putcall,0.67
2019-01-02,cnn_fear_greed,12
2019-01-03,aaii_bears,42.8
2019-01-03,aaii_bulls,33.0
2019-01-03,aaii_neutral,24.2
2019-01-03,aaii_spread,-9.7
2019-01-03,cboe_putcall,0.73
2019-01-03,cnn_fear_greed,10
2019-01-04,cboe_putcall,0.59
2019-01-04,cnn_fear_greed,16
2019-01-07,cboe_putcall,0.6
2019-01-07,cnn_fear_greed,19
2019-01-08,cboe_putcall,0.63
2019-01-08,cnn_fear_greed,24
2019-01-09,cboe_putcall,0.59
2019-01-09,cnn_fear_greed,27
2019-01-10,aaii_bears,29.4
2019-01-10,aaii_bulls,38.5
2019-01-10,aaii_neutral,32.2
2019-01-10,aaii_spread,9.1
2019-01-10,cboe_putcall,0.65
2019-01-10,cnn_fear_greed,31
2019-01-11,cboe_putcall,0.77
2019-01-11,cnn_fear_greed,30
2019-01-14,cboe_putcall,0.65
2019-01-14,cnn_fear_greed,28
2019-01-15,cboe_putcall,0.7
2019-01-15,cnn_fear_greed,31
2019-01-16,cboe_putcall,0.6
2019-01-16,cnn_fear_greed,38
2019-01-17,aaii_bears,36.3
2019-01-17,aaii_bulls,33.5
2019-01-17,aaii_neutral,30.2
2019-01-17,aaii_spread,-2.7
2019-01-17,cboe_putcall,0.52
2019-01-17,cnn_fear_greed,44
2019-01-18,cboe_putcall,0.54
2019-01-18,cnn_fear_greed,51
2019-01-22,cboe_putcall,0.64
2019-01-22,cnn_fear_greed,51
2019-01-23,cboe_putcall,0.64
2019-01-23,cnn_fear_greed,55
2019-01-24,aaii_bears,32.3
2019-01-24,aaii_bulls,37.7
2019-01-24,aaii_neutral,30.0
2019-01-24,aaii_spread,5.3
2019-01-24,cboe_putcall,0.72
2019-01-24,cnn_fear_greed,58
2019-01-25,cboe_putcall,0.51
2019-01-25,cnn_fear_greed,58
2019-01-28,cboe_putcall,0.76
2019-01-28,cnn_fear_greed,55
2019-01-29,cboe_putcall,0.68
2019-01-29,cnn_fear_greed,55
2019-01-30,cboe_putcall,0.63
2019-01-30,cnn_fear_greed,58
2019-01-31,aaii_bears,31.8
2019-01-31,aaii_bulls,31.8
2019-01-31,aaii_neutral,36.5
2019-01-31,aaii_spread,0.0
2019-01-31,cboe_putcall,0.53
2019-01-31,cnn_fear_greed,60
2019-02-01,cboe_putcall,0.6
2019-02-01,cnn_fear_greed,61
2019-02-04,cboe_putcall,0.6
2019-02-04,cnn_fear_greed,64
2019-02-05,cboe_putcall,0.56
2019-02-05,cnn_fear_greed,64
2019-02-06,cboe_putcall,0.64
2019-02-06,cnn_fear_greed,65
2019-02-07,aaii_bears,22.8
2019-02-07,aaii_bulls,39.9
2019-02-07,aaii_neutral,37.3
2019-02-07,aaii_spread,17.1
2019-02-07,cboe_putcall,0.7
2019-02-07,cnn_fear_greed,62
2019-02-08,cboe_putcall,0.61
2019-02-08,cnn_fear_greed,61
2019-02-11,cboe_putcall,0.6
2019-02-11,cnn_fear_greed,62
2019-02-12,cboe_putcall,0.57
2019-02-12,cnn_fear_greed,67
2019-02-13,cboe_putcall,0.57
2019-02-13,cnn_fear_greed,67
2019-02-14,aaii_bears,25.1
2019-02-14,aaii_bulls,35.1
2019-02-14,aaii_neutral,39.8
2019-02-14,aaii_spread,10.0
2019-02-14,cboe_putcall,0.6
2019-02-14,cnn_fear_greed,65
2019-02-15,cboe_putcall,0.52
2019-02-15,cnn_fear_greed,70
2019-02-19,cboe_putcall,0.61
2019-02-19,cnn_fear_greed,68
2019-02-20,cboe_putcall,0.54
2019-02-20,cnn_fear_greed,70
2019-02-21,aaii_bears,25.4
2019-02-21,aaii_bulls,39.3
2019-02-21,aaii_neutral,35.3
2019-02-21,aaii_spread,13.9
2019-02-21,cboe_putcall,0.66
2019-02-21,cnn_fear_greed,68
2019-02-22,cboe_putcall,0.63
2019-02-22,cnn_fear_greed,69
2019-02-25,cboe_putcall,0.55
2019-02-25,cnn_fear_greed,70
2019-02-26,cboe_putcall,0.6
2019-02-26,cnn_fear_greed,70
2019-02-27,cboe_putcall,0.54
2019-02-27,cnn_fear_greed,72
2019-02-28,aaii_bears,20.0
2019-02-28,aaii_bulls,41.6
2019-02-28,aaii_neutral,38.4
2019-02-28,aaii_spread,21.6
2019-02-28,cboe_putcall,0.63
2019-02-28,cnn_fear_greed,72
2019-03-01,cboe_putcall,0.6
2019-03-01,cnn_fear_greed,72
2019-03-04,cboe_putcall,0.67
2019-03-04,cnn_fear_greed,66
2019-03-05,cboe_putcall,0.67
2019-03-05,cnn_fear_greed,66
2019-03-06,cboe_putcall,0.7
2019-03-06,cnn_fear_greed,63
2019-03-07,aaii_bears,26.7
2019-03-07,aaii_bulls,37.4
2019-03-07,aaii_neutral,35.9
2019-03-07,aaii_spread,10.6
2019-03-07,cboe_putcall,0.76
2019-03-07,cnn_fear_greed,59
2019-03-08,cboe_putcall,0.75
2019-03-08,cnn_fear_greed,55
2019-03-11,cboe_putcall,0.57
2019-03-11,cnn_fear_greed,59
2019-03-12,cboe_putcall,0.66
2019-03-12,cnn_fear_greed,58
2019-03-13,cboe_putcall,0.52
2019-03-13,cnn_fear_greed,60
2019-03-14,aaii_bears,31.1
2019-03-14,aaii_bulls,32.4
2019-03-14,aaii_neutral,36.5
2019-03-14,aaii_spread,1.4
2019-03-14,cboe_putcall,0.65
2019-03-14,cnn_fear_greed,60
2019-03-15,cboe_putcall,0.57
2019-03-15,cnn_fear_greed,65
2019-03-18,cboe_putcall,0.52
2019-03-18,cnn_fear_greed,65
2019-03-19,cboe_putcall,0.58
2019-03-19,cnn_fear_greed,67
2019-03-20,cboe_putcall,0.58
2019-03-20,cnn_fear_greed,62
2019-03-21,aaii_bears,23.4
2019-03-21,aaii_bulls,37.3
2019-03-21,aaii_neutral,39.3
2019-03-21,aaii_spread,13.9
2019-03-21,cboe_putcall,0.51
2019-03-21,cnn_fear_greed,68
2019-03-22,cboe_putcall,0.68
2019-03-22,cnn_fear_greed,59
2019-03-25,cboe_putcall,0.62
2019-03-25,cnn_fear_greed,56
2019-03-26,cboe_putcall,0.65
2019-03-26,cnn_fear_greed,54
2019-03-27,cboe_putcall,0.69
2019-03-27,cnn_fear_greed,51
2019-03-28,aaii_bears,27.2
2019-03-28,aaii_bulls,33.2
2019-03-28,aaii_neutral,39.6
2019-03-28,aaii_spread,6.0
2019-03-28,cboe_putcall,0.71
2019-03-28,cnn_fear_greed,48
2019-03-29,cboe_putcall,0.65
2019-03-29,cnn_fear_greed,49
2019-04-01,cboe_putcall,0.61
2019-04-01,cnn_fear_greed,54
2019-04-02,cboe_putcall,0.57
2019-04-02,cnn_fear_greed,56
2019-04-03,cboe_putcall,0.52
2019-04-03,cnn_fear_greed,62
2019-04-04,aaii_bears,28.3
2019-04-04,aaii_bulls,35.0
2019-04-04,aaii_neutral,36.7
2019-04-04,aaii_spread,6.8
2019-04-04,cboe_putcall,0.59
2019-04-04,cnn_fear_greed,70
2019-04-05,cboe_putcall,0.59
2019-04-05,cnn_fear_greed,74
2019-04-08,cboe_putcall,0.68
2019-04-08,cnn_fear_greed,74
2019-04-09,cboe_putcall,0.58
2019-04-09,cnn_fear_greed,70
2019-04-10,cboe_putcall,0.62
2019-04-10,cnn_fear_greed,69
2019-04-11,aaii_bears,20.4
2019-04-11,aaii_bulls,40.3
2019-04-11,aaii_neutral,39.3
2019-04-11,aaii_spread,19.9
2019-04-11,cboe_putcall,0.67
2019-04-11,cnn_fear_greed,68
2019-04-12,cboe_putcall,0.54
2019-04-12,cnn_fear_greed,74
2019-04-15,cboe_putcall,0.57
2019-04-15,cnn_fear_greed,68
2019-04-16,cboe_putcall,0.58
2019-04-16,cnn_fear_greed,70
2019-04-17,cboe_putcall,0.55
2019-04-17,cnn_fear_greed,71
2019-04-18,aaii_bears,21.8
2019-04-18,aaii_bulls,37.6
2019-04-18,aaii_neutral,40.6
2019-04-18,aaii_spread,15.7
2019-04-18,cboe_putcall,0.62
2019-04-18,cnn_fear_greed,70
2019-04-22,cboe_putcall,0.6
2019-04-22,cnn_fear_greed,71
2019-04-23,cboe_putcall,0.59
2019-04-23,cnn_fear_greed,75
2019-04-24,cboe_putcall,0.6
2019-04-24,cnn_fear_greed,70
2019-04-25,aaii_bears,20.2
2019-04-25,aaii_bulls,33.5
2019-04-25,aaii_neutral,46.3
2019-04-25,aaii_spread,13.4
2019-04-25,cboe_putcall,0.57
2019-04-25,cnn_fear_greed,71
2019-04-26,cboe_putcall,0.63
2019-04-26,cnn_fear_greed,72
2019-04-29,cboe_putcall,0.61
2019-04-29,cnn_fear_greed,71
2019-04-30,cboe_putcall,0.65
2019-04-30,cnn_fear_greed,66
2019-05-01,cboe_putcall,0.63
2019-05-01,cnn_fear_greed,62
2019-05-02,aaii_bears,21.3
2019-05-02,aaii_bulls,39.0
2019-05-02,aaii_neutral,39.6
2019-05-02,aaii_spread,17.7
2019-05-02,cboe_putcall,0.64
2019-05-02,cnn_fear_greed,59
2019-05-03,cboe_putcall,0.52
2019-05-03,cnn_fear_greed,60
2019-05-06,cboe_putcall,0.63
2019-05-06,cnn_fear_greed,55
2019-05-07,cboe_putcall,0.68
2019-05-07,cnn_fear_greed,40
2019-05-08,cboe_putcall,0.66
2019-05-08,cnn_fear_greed,42
2019-05-09,aaii_bears,23.2
2019-05-09,aaii_bulls,43.1
2019-05-09,aaii_neutral,33.7
2019-05-09,aaii_spread,19.9
2019-05-09,cboe_putcall,0.7
2019-05-09,cnn_fear_greed,40
2019-05-10,cboe_putcall,0.8
2019-05-10,cnn_fear_greed,44
2019-05-13,cboe_putcall,0.79
2019-05-13,cnn_fear_greed,32
2019-05-14,cboe_putcall,0.7
2019-05-14,cnn_fear_greed,35
2019-05-15,cboe_putcall,0.77
2019-05-15,cnn_fear_greed,35
2019-05-16,aaii_bears,39.3
2019-05-16,aaii_bulls,29.8
2019-05-16,aaii_neutral,30.9
2019-05-16,aaii_spread,-9.5
2019-05-16,cboe_putcall,0.66
2019-05-16,cnn_fear_greed,39
2019-05-17,cboe_putcall,0.81
2019-05-17,cnn_fear_greed,36
2019-05-20,cboe_putcall,0.65
2019-05-20,cnn_fear_greed,34
2019-05-21,cboe_putcall,0.57
2019-05-21,cnn_fear_greed,34
2019-05-22,cboe_putcall,0.72
2019-05-22,cnn_fear_greed,32
2019-05-23,aaii_bears,36.1
2019-05-23,aaii_bulls,24.7
2019-05-23,aaii_neutral,39.2
2019-05-23,aaii_spread,-11.4
2019-05-23,cboe_putcall,0.8
2019-05-23,cnn_fear_greed,28
2019-05-24,cboe_putcall,0.76
2019-05-24,cnn_fear_greed,27
2019-05-28,cboe_putcall,0.68
2019-05-28,cnn_fear_greed,25
2019-05-29,cboe_putcall,0.63
2019-05-29,cnn_fear_greed,23
2019-05-30,aaii_bears,40.1
2019-05-30,aaii_bulls,24.8
2019-05-30,aaii_neutral,35.1
2019-05-30,aaii_spread,-15.3
2019-05-30,cboe_putcall,0.64
2019-05-30,cnn_fear_greed,24
2019-05-31,cboe_putcall,0.83
2019-05-31,cnn_fear_greed,24
2019-06-03,cboe_putcall,0.67
2019-06-03,cnn_fear_greed,23
2019-06-04,cboe_putcall,0.67
2019-06-04,cnn_fear_greed,26
2019-06-05,cboe_putcall,0.64
2019-06-05,cnn_fear_greed,29
2019-06-06,aaii_bears,42.6
2019-06-06,aaii_bulls,22.5
2019-06-06,aaii_neutral,34.9
2019-06-06,aaii_spread,-20.1
2019-06-06,cboe_putcall,0.66
2019-06-06,cnn_fear_greed,29
2019-06-07,cboe_putcall,0.51
2019-06-07,cnn_fear_greed,32
2019-06-10,cboe_putcall,0.57
2019-06-10,cnn_fear_greed,37
2019-06-11,cboe_putcall,0.65
2019-06-11,cnn_fear_greed,36
2019-06-12,cboe_putcall,0.77
2019-06-12,cnn_fear_greed,34
2019-06-13,aaii_bears,34.2
2019-06-13,aaii_bulls,26.8
2019-06-13,aaii_neutral,39.0
2019-06-13,aaii_spread,-7.4
2019-06-13,cboe_putcall,0.63
2019-06-13,cnn_fear_greed,39
2019-06-14,cboe_putcall,0.63
2019-06-14,cnn_fear_greed,38
2019-06-17,cboe_putcall,0.72
2019-06-17,cnn_fear_greed,37
2019-06-18,cboe_putcall,0.55
2019-06-18,cnn_fear_greed,44
2019-06-19,cboe_putcall,0.61
2019-06-19,cnn_fear_greed,42
2019-06-20,aaii_bears,32.1
2019-06-20,aaii_bulls,29.5
2019-06-20,aaii_neutral,38.4
2019-06-20,aaii_spread,-2.6
2019-06-20,cboe_putcall,0.52
2019-06-20,cnn_fear_greed,45
2019-06-21,cboe_putcall,0.53
2019-06-21,cnn_fear_greed,50
2019-06-24,cboe_putcall,0.59
2019-06-24,cnn_fear_greed,50
2019-06-25,cboe_putcall,0.63
2019-06-25,cnn_fear_greed,44
2019-06-26,cboe_putcall,0.67
2019-06-26,cnn_fear_greed,48
2019-06-27,aaii_bears,32.1
2019-06-27,aaii_bulls,29.6
2019-06-27,aaii_neutral,38.4
2019-06-27,aaii_spread,-2.5
2019-06-27,cboe_putcall,0.58
2019-06-27,cnn_fear_greed,47
2019-06-28,cboe_putcall,0.55
2019-06-28,cnn_fear_greed,50
2019-07-01,cboe_putcall,0.65
2019-07-01,cnn_fear_greed,55
2019-07-02,cboe_putcall,0.66
2019-07-02,cnn_fear_greed,56
2019-07-03,aaii_bears,32.4
2019-07-03,aaii_bulls,33.2
2019-07-03,aaii_neutral,34.5
2019-07-03,aaii_spread,0.8
2019-07-03,cboe_putcall,0.64
2019-07-03,cnn_fear_greed,63
2019-07-05,cboe_putcall,0.61
2019-07-05,cnn_fear_greed,61
2019-07-08,cboe_putcall,0.63
2019-07-08,cnn_fear_greed,59
2019-07-09,cboe_putcall,0.58
2019-07-09,cnn_fear_greed,56
2019-07-10,cboe_putcall,0.51
2019-07-10,cnn_fear_greed,58
2019-07-11,aaii_bears,27.5
2019-07-11,aaii_bulls,33.6
2019-07-11,aaii_neutral,38.9
2019-07-11,aaii_spread,6.1
2019-07-11,cboe_putcall,0.61
2019-07-11,cnn_fear_greed,62
2019-07-12,cboe_putcall,0.55
2019-07-12,cnn_fear_greed,64
2019-07-15,cboe_putcall,0.59
2019-07-15,cnn_fear_greed,57
2019-07-16,cboe_putcall,0.62
2019-07-16,cnn_fear_greed,55
2019-07-17,cboe_putcall,0.67
2019-07-17,cnn_fear_greed,47
2019-07-18,aaii_bears,28.6
2019-07-18,aaii_bulls,35.9
2019-07-18,aaii_neutral,35.4
2019-07-18,aaii_spread,7.3
2019-07-18,cboe_putcall,0.6
2019-07-18,cnn_fear_greed,47
2019-07-19,cboe_putcall,0.6
2019-07-19,cnn_fear_greed,44
2019-07-22,cboe_putcall,0.71
2019-07-22,cnn_fear_greed,44
2019-07-23,cboe_putcall,0.61
2019-07-23,cnn_fear_greed,50
2019-07-24,cboe_putcall,0.66
2019-07-24,cnn_fear_greed,57
2019-07-25,aaii_bears,32.0
2019-07-25,aaii_bulls,31.7
2019-07-25,aaii_neutral,36.2
2019-07-25,aaii_spread,-0.3
2019-07-25,cboe_putcall,0.68
2019-07-25,cnn_fear_greed,55
2019-07-26,cboe_putcall,0.6
2019-07-26,cnn_fear_greed,60
2019-07-29,cboe_putcall,0.71
2019-07-29,cnn_fear_greed,58
2019-07-30,cboe_putcall,0.73
2019-07-30,cnn_fear_greed,53
2019-07-31,cboe_putcall,0.62
2019-07-31,cnn_fear_greed,48
2019-08-01,aaii_bears,24.1
2019-08-01,aaii_bulls,38.4
2019-08-01,aaii_neutral,37.5
2019-08-01,aaii_spread,14.4
2019-08-01,cboe_putcall,0.75
2019-08-01,cnn_fear_greed,43
2019-08-02,cboe_putcall,0.87
2019-08-02,cnn_fear_greed,36
2019-08-05,cboe_putcall,0.84
2019-08-05,cnn_fear_greed,22
2019-08-06,cboe_putcall,0.78
2019-08-06,cnn_fear_greed,27
2019-08-07,cboe_putcall,0.78
2019-08-07,cnn_fear_greed,25
2019-08-08,aaii_bears,48.2
2019-08-08,aaii_bulls,21.7
2019-08-08,aaii_neutral,30.1
2019-08-08,aaii_spread,-26.5
2019-08-08,cboe_putcall,0.62
2019-08-08,cnn_fear_greed,25
2019-08-09,cboe_putcall,0.68
2019-08-09,cnn_fear_greed,25
2019-08-12,cboe_putcall,0.78
2019-08-12,cnn_fear_greed,23
2019-08-13,cboe_putcall,0.66
2019-08-13,cnn_fear_greed,27
2019-08-14,cboe_putcall,0.84
2019-08-14,cnn_fear_greed,21
2019-08-15,aaii_bears,44.8
2019-08-15,aaii_bulls,23.2
2019-08-15,aaii_neutral,32.0
2019-08-15,aaii_spread,-21.7
2019-08-15,cboe_putcall,0.98
2019-08-15,cnn_fear_greed,19
2019-08-16,cboe_putcall,0.67
2019-08-16,cnn_fear_greed,20
2019-08-19,cboe_putcall,0.55
2019-08-19,cnn_fear_greed,26
2019-08-20,cboe_putcall,0.69
2019-08-20,cnn_fear_greed,23
2019-08-21,cboe_putcall,0.6
2019-08-21,cnn_fear_greed,25
2019-08-22,aaii_bears,39.7
2019-08-22,aaii_bulls,26.6
2019-08-22,aaii_neutral,33.6
2019-08-22,aaii_spread,-13.1
2019-08-22,cboe_putcall,0.74
2019-08-22,cnn_fear_greed,25
2019-08-23,cboe_putcall,0.88
2019-08-23,cnn_fear_greed,18
2019-08-26,cboe_putcall,0.58
2019-08-26,cnn_fear_greed,19
2019-08-27,cboe_putcall,0.64
2019-08-27,cnn_fear_greed,16
2019-08-28,cboe_putcall,0.64
2019-08-28,cnn_fear_greed,18
2019-08-29,aaii_bears,42.2
2019-08-29,aaii_bulls,26.1
2019-08-29,aaii_neutral,31.7
2019-08-29,aaii_spread,-16.1
2019-08-29,cboe_putcall,0.66
2019-08-29,cnn_fear_greed,26
2019-08-30,cboe_putcall,0.68
2019-08-30,cnn_fear_greed,23
2019-09-03,cboe_putcall,0.73
2019-09-03,cnn_fear_greed,25
2019-09-04,cboe_putcall,0.68
2019-09-04,cnn_fear_greed,28
2019-09-05,aaii_bears,39.5
2019-09-05,aaii_bulls,28.6
2019-09-05,aaii_neutral,31.9
2019-09-05,aaii_spread,-10.9
2019-09-05,cboe_putcall,0.53
2019-09-05,cnn_fear_greed,39
2019-09-06,cboe_putcall,0.56
2019-09-06,cnn_fear_greed,35
2019-09-09,cboe_putcall,0.59
2019-09-09,cnn_fear_greed,45
2019-09-10,cboe_putcall,0.65
2019-09-10,cnn_fear_greed,55
2019-09-11,cboe_putcall,0.54
2019-09-11,cnn_fear_greed,57
2019-09-12,aaii_bears,31.2
2019-09-12,aaii_bulls,33.1
2019-09-12,aaii_neutral,35.6
2019-09-12,aaii_spread,1.9
2019-09-12,cboe_putcall,0.55
2019-09-12,cnn_fear_greed,65
2019-09-13,cboe_putcall,0.62
2019-09-13,cnn_fear_greed,68
2019-09-16,cboe_putcall,0.68
2019-09-16,cnn_fear_greed,67
2019-09-17,cboe_putcall,0.56
2019-09-17,cnn_fear_greed,66
2019-09-18,cboe_putcall,0.7
2019-09-18,cnn_fear_greed,66
2019-09-19,aaii_bears,27.8
2019-09-19,aaii_bulls,35.3
2019-09-19,aaii_neutral,36.8
2019-09-19,aaii_spread,7.5
2019-09-19,cboe_putcall,0.67
2019-09-19,cnn_fear_greed,63
2019-09-20,cboe_putcall,0.65
2019-09-20,cnn_fear_greed,58
2019-09-23,cboe_putcall,0.65
2019-09-23,cnn_fear_greed,59
2019-09-24,cboe_putcall,0.7
2019-09-24,cnn_fear_greed,54
2019-09-25,cboe_putcall,0.67
2019-09-25,cnn_fear_greed,59
2019-09-26,aaii_bears,33.3
2019-09-26,aaii_bulls,29.4
2019-09-26,aaii_neutral,37.4
2019-09-26,aaii_spread,-3.9
2019-09-26,cboe_putcall,0.74
2019-09-26,cnn_fear_greed,57
2019-09-27,cboe_putcall,0.72
2019-09-27,cnn_fear_greed,52
2019-09-30,cboe_putcall,0.67
2019-09-30,cnn_fear_greed,54
2019-10-01,cboe_putcall,0.73
2019-10-01,cnn_fear_greed,48
2019-10-02,cboe_putcall,0.84
2019-10-02,cnn_fear_greed,34
2019-10-03,aaii_bears,39.4
2019-10-03,aaii_bulls,21.4
2019-10-03,aaii_neutral,39.2
2019-10-03,aaii_spread,-18.1
2019-10-03,cboe_putcall,0.77
2019-10-03,cnn_fear_greed,29
2019-10-04,cboe_putcall,0.65
2019-10-04,cnn_fear_greed,32
2019-10-07,cnn_fear_greed,30
2019-10-08,cnn_fear_greed,29
2019-10-09,cnn_fear_greed,30
2019-10-10,aaii_bears,44.0
2019-10-10,aaii_bulls,20.3
2019-10-10,aaii_neutral,35.7
2019-10-10,aaii_spread,-23.7
2019-10-10,cnn_fear_greed,36
2019-10-11,cnn_fear_greed,42
2019-10-14,cnn_fear_greed,42
2019-10-15,cnn_fear_greed,42
2019-10-16,cnn_fear_greed,47
2019-10-17,aaii_bears,31.1
2019-10-17,aaii_bulls,33.6
2019-10-17,aaii_neutral,35.3
2019-10-17,aaii_spread,2.6
2019-10-17,cnn_fear_greed,50
2019-10-18,cnn_fear_greed,50
2019-10-21,cnn_fear_greed,56
2019-10-22,cnn_fear_greed,59
2019-10-23,cnn_fear_greed,55
2019-10-24,aaii_bears,28.3
2019-10-24,aaii_bulls,35.6
2019-10-24,aaii_neutral,36.1
2019-10-24,aaii_spread,7.3
2019-10-24,cnn_fear_greed,57
2019-10-25,cnn_fear_greed,62
2019-10-28,cnn_fear_greed,67
2019-10-29,cnn_fear_greed,71
2019-10-30,cnn_fear_greed,75
2019-10-31,aaii_bears,28.4
2019-10-31,aaii_bulls,34.0
2019-10-31,aaii_neutral,37.6
2019-10-31,aaii_spread,5.5
2019-10-31,cnn_fear_greed,72
2019-11-01,cnn_fear_greed,80
2019-11-04,cnn_fear_greed,86
2019-11-05,cnn_fear_greed,89
2019-11-06,cnn_fear_greed,88
2019-11-07,aaii_bears,23.9
2019-11-07,aaii_bulls,40.3
2019-11-07,aaii_neutral,35.8
2019-11-07,aaii_spread,16.4
2019-11-07,cnn_fear_greed,91
2019-11-08,cnn_fear_greed,91
2019-11-11,cnn_fear_greed,89
2019-11-12,cnn_fear_greed,88
2019-11-13,cnn_fear_greed,87
2019-11-14,aaii_bears,24.8
2019-11-14,aaii_bulls,40.7
2019-11-14,aaii_neutral,34.5
2019-11-14,aaii_spread,15.9
2019-11-14,cnn_fear_greed,83
2019-11-15,cnn_fear_greed,87
2019-11-18,cnn_fear_greed,83
2019-11-19,cnn_fear_greed,80
2019-11-20,cnn_fear_greed,74
2019-11-21,aaii_bears,29.0
2019-11-21,aaii_bulls,34.2
2019-11-21,aaii_neutral,36.7
2019-11-21,aaii_spread,5.2
2019-11-21,cnn_fear_greed,70
2019-11-22,cnn_fear_greed,69
2019-11-25,cnn_fear_greed,70
2019-11-26,cnn_fear_greed,69
2019-11-27,cnn_fear_greed,78
2019-11-29,aaii_bears,30.3
2019-11-29,aaii_bulls,33.6
2019-11-29,aaii_neutral,36.1
2019-11-29,aaii_spread,3.4
2019-11-29,cnn_fear_greed,78
2019-12-02,cnn_fear_greed,74
2019-12-03,cnn_fear_greed,63
2019-12-04,cnn_fear_greed,67
2019-12-05,aaii_bears,29.1
2019-12-05,aaii_bulls,31.7
2019-12-05,aaii_neutral,39.2
2019-12-05,aaii_spread,2.6
2019-12-05,cnn_fear_greed,67
2019-12-06,cnn_fear_greed,70
2019-12-09,cnn_fear_greed,68
2019-12-10,cnn_fear_greed,65
2019-12-11,cnn_fear_greed,61
2019-12-12,aaii_bears,26.1
2019-12-12,aaii_bulls,37.6
2019-12-12,aaii_neutral,36.3
2019-12-12,aaii_spread,11.6
2019-12-12,cnn_fear_greed,74
2019-12-13,cnn_fear_greed,75
2019-12-16,cnn_fear_greed,82
2019-12-17,cnn_fear_greed,85
2019-12-18,cnn_fear_greed,87
2019-12-19,aaii_bears,20.5
2019-12-19,aaii_bulls,44.1
2019-12-19,aaii_neutral,35.4
2019-12-19,aaii_spread,23.6
2019-12-19,cnn_fear_greed,90
2019-12-20,cnn_fear_greed,91
2019-12-23,cnn_fear_greed,92
2019-12-24,cnn_fear_greed,91
2019-12-26,aaii_bears,21.5
2019-12-26,aaii_bulls,41.9
2019-12-26,aaii_neutral,36.6
2019-12-26,aaii_spread,20.4
2019-12-26,cnn_fear_greed,93
2019-12-27,cnn_fear_greed,91
2019-12-30,cnn_fear_greed,90
2019-12-31,cnn_fear_greed,93
2020-01-02,aaii_bears,21.9
2020-01-02,aaii_bulls,37.2
2020-01-02,aaii_neutral,40.9
2020-01-02,aaii_spread,15.3
2020-01-02,cnn_fear_greed,97
2020-01-03,cnn_fear_greed,93
2020-01-06,cnn_fear_greed,93
2020-01-07,cnn_fear_greed,89
2020-01-08,cnn_fear_greed,92
2020-01-09,aaii_bears,29.9
2020-01-09,aaii_bulls,33.1
2020-01-09,aaii_neutral,37.0
2020-01-09,aaii_spread,3.2
2020-01-09,cnn_fear_greed,93
2020-01-10,cnn_fear_greed,91
2020-01-13,cnn_fear_greed,90
2020-01-14,cnn_fear_greed,90
2020-01-15,cnn_fear_greed,86
2020-01-16,aaii_bears,27.5
2020-01-16,aaii_bulls,41.8
2020-01-16,aaii_neutral,30.7
2020-01-16,aaii_spread,14.3
2020-01-16,cnn_fear_greed,89
2020-01-17,cnn_fear_greed,89
2020-01-21,cnn_fear_greed,81
2020-01-22,cnn_fear_greed,74
2020-01-23,aaii_bears,24.8
2020-01-23,aaii_bulls,45.6
2020-01-23,aaii_neutral,29.6
2020-01-23,aaii_spread,20.8
2020-01-23,cnn_fear_greed,68
2020-01-24,cnn_fear_greed,62
2020-01-27,cnn_fear_greed,47
2020-01-28,cnn_fear_greed,53
2020-01-29,cnn_fear_greed,52
2020-01-30,aaii_bears,36.9
2020-01-30,aaii_bulls,32.0
2020-01-30,aaii_neutral,31.2
2020-01-30,aaii_spread,-4.9
2020-01-30,cnn_fear_greed,56
2020-01-31,cnn_fear_greed,44
2020-02-03,cnn_fear_greed,46
2020-02-04,cnn_fear_greed,55
2020-02-05,cnn_fear_greed,60
2020-02-06,aaii_bears,35.2
2020-02-06,aaii_bulls,33.9
2020-02-06,aaii_neutral,30.9
2020-02-06,aaii_spread,-1.3
2020-02-06,cnn_fear_greed,63
2020-02-07,cnn_fear_greed,57
2020-02-10,cnn_fear_greed,57
2020-02-11,cnn_fear_greed,56
2020-02-12,cnn_fear_greed,60
2020-02-13,aaii_bears,26.4
2020-02-13,aaii_bulls,41.3
2020-02-13,aaii_neutral,32.3
2020-02-13,aaii_spread,14.9
2020-02-13,cnn_fear_greed,58
2020-02-14,cnn_fear_greed,55
2020-02-18,cnn_fear_greed,51
2020-02-19,cnn_fear_greed,53
2020-02-20,aaii_bears,28.7
2020-02-20,aaii_bulls,40.6
2020-02-20,aaii_neutral,30.8
2020-02-20,aaii_spread,11.9
2020-02-20,cnn_fear_greed,49
2020-02-21,cnn_fear_greed,44
2020-02-24,cnn_fear_greed,29
2020-02-25,cnn_fear_greed,22
2020-02-26,cnn_fear_greed,21
2020-02-27,aaii_bears,39.1
2020-02-27,aaii_bulls,30.4
2020-02-27,aaii_neutral,30.4
2020-02-27,aaii_spread,-8.7
2020-02-27,cnn_fear_greed,13
2020-02-28,cnn_fear_greed,10
2020-03-02,cnn_fear_greed,12
2020-03-03,cnn_fear_greed,10
2020-03-04,cnn_fear_greed,15
2020-03-05,aaii_bears,39.6
2020-03-05,aaii_bulls,38.7
2020-03-05,aaii_neutral,21.6
2020-03-05,aaii_spread,-0.9
2020-03-05,cnn_fear_greed,9
2020-03-06,cnn_fear_greed,6
2020-03-09,cnn_fear_greed,3
2020-03-10,cnn_fear_greed,6
2020-03-11,cnn_fear_greed,4
2020-03-12,aaii_bears,51.3
2020-03-12,aaii_bulls,29.7
2020-03-12,aaii_neutral,19.0
2020-03-12,aaii_spread,-21.6
2020-03-12,cnn_fear_greed,2
2020-03-13,cnn_fear_greed,5
2020-03-16,cnn_fear_greed,3
2020-03-17,cnn_fear_greed,5
2020-03-18,cnn_fear_greed,5
2020-03-19,aaii_bears,51.1
2020-03-19,aaii_bulls,34.4
2020-03-19,aaii_neutral,14.5
2020-03-19,aaii_spread,-16.8
2020-03-19,cnn_fear_greed,7
2020-03-20,cnn_fear_greed,8
2020-03-23,cnn_fear_greed,5
2020-03-24,cnn_fear_greed,13
2020-03-25,cnn_fear_greed,17
2020-03-26,aaii_bears,52.1
2020-03-26,aaii_bulls,32.9
2020-03-26,aaii_neutral,15.0
2020-03-26,aaii_spread,-19.2
2020-03-26,cnn_fear_greed,22
2020-03-27,cnn_fear_greed,23
2020-03-30,cnn_fear_greed,25
2020-03-31,cnn_fear_greed,25
2020-04-01,cnn_fear_greed,22
2020-04-02,aaii_bears,49.7
2020-04-02,aaii_bulls,34.2
2020-04-02,aaii_neutral,16.0
2020-04-02,aaii_spread,-15.5
2020-04-02,cnn_fear_greed,22
2020-04-03,cnn_fear_greed,22
2020-04-06,cnn_fear_greed,32
2020-04-07,cnn_fear_greed,26
2020-04-08,cnn_fear_greed,33
2020-04-09,aaii_bears,44.7
2020-04-09,aaii_bulls,36.6
2020-04-09,aaii_neutral,18.7
2020-04-09,aaii_spread,-8.1
2020-04-09,cnn_fear_greed,43
2020-04-13,cnn_fear_greed,36
2020-04-14,cnn_fear_greed,45
2020-04-15,cnn_fear_greed,41
2020-04-16,aaii_bears,42.7
2020-04-16,aaii_bulls,34.9
2020-04-16,aaii_neutral,22.4
2020-04-16,aaii_spread,-7.9
2020-04-16,cnn_fear_greed,42
2020-04-17,cnn_fear_greed,44
2020-04-20,cnn_fear_greed,41
2020-04-21,cnn_fear_greed,40
2020-04-22,cnn_fear_greed,41
2020-04-23,aaii_bears,50.0
2020-04-23,aaii_bulls,24.9
2020-04-23,aaii_neutral,25.1
2020-04-23,aaii_spread,-25.1
2020-04-23,cnn_fear_greed,40
2020-04-24,cnn_fear_greed,39
2020-04-27,cnn_fear_greed,43
2020-04-28,cnn_fear_greed,41
2020-04-29,cnn_fear_greed,46
2020-04-30,aaii_bears,44.0
2020-04-30,aaii_bulls,30.6
2020-04-30,aaii_neutral,25.4
2020-04-30,aaii_spread,-13.4
2020-04-30,cnn_fear_greed,47
2020-05-01,cnn_fear_greed,42
2020-05-04,cnn_fear_greed,44
2020-05-05,cnn_fear_greed,44
2020-05-06,cnn_fear_greed,40
2020-05-07,aaii_bears,52.7
2020-05-07,aaii_bulls,23.7
2020-05-07,aaii_neutral,23.7
2020-05-07,aaii_spread,-29.0
2020-05-07,cnn_fear_greed,41
2020-05-08,cnn_fear_greed,45
2020-05-11,cnn_fear_greed,44
2020-05-12,cnn_fear_greed,38
2020-05-13,cnn_fear_greed,38
2020-05-14,aaii_bears,50.6
2020-05-14,aaii_bulls,23.3
2020-05-14,aaii_neutral,26.1
2020-05-14,aaii_spread,-27.3
2020-05-14,cnn_fear_greed,39
2020-05-15,cnn_fear_greed,39
2020-05-18,cnn_fear_greed,49
2020-05-19,cnn_fear_greed,47
2020-05-20,cnn_fear_greed,53
2020-05-21,aaii_bears,45.0
2020-05-21,aaii_bulls,29.0
2020-05-21,aaii_neutral,26.0
2020-05-21,aaii_spread,-16.0
2020-05-21,cnn_fear_greed,52
2020-05-22,cnn_fear_greed,50
2020-05-26,cnn_fear_greed,51
2020-05-27,cnn_fear_greed,54
2020-05-28,aaii_bears,42.1
2020-05-28,aaii_bulls,33.1
2020-05-28,aaii_neutral,24.8
2020-05-28,aaii_spread,-9.1
2020-05-28,cnn_fear_greed,50
2020-05-29,cnn_fear_greed,52
2020-06-01,cnn_fear_greed,58
2020-06-02,cnn_fear_greed,58
2020-06-03,cnn_fear_greed,61
2020-06-04,aaii_bears,38.9
2020-06-04,aaii_bulls,34.6
2020-06-04,aaii_neutral,26.6
2020-06-04,aaii_spread,-4.3
2020-06-04,cnn_fear_greed,62
2020-06-05,cnn_fear_greed,66
2020-06-11,aaii_bears,38.1
2020-06-11,aaii_bulls,34.3
2020-06-11,aaii_neutral,27.7
2020-06-11,aaii_spread,-3.8
2020-06-18,aaii_bears,47.8
2020-06-18,aaii_bulls,24.4
2020-06-18,aaii_neutral,27.8
2020-06-18,aaii_spread,-23.4
2020-06-25,aaii_bears,48.9
2020-06-25,aaii_bulls,24.1
2020-06-25,aaii_neutral,27.0
2020-06-25,aaii_spread,-24.8
2020-07-02,aaii_bears,45.9
2020-07-02,aaii_bulls,22.2
2020-07-02,aaii_neutral,32.0
2020-07-02,aaii_spread,-23.7
2020-07-09,aaii_bears,42.7
2020-07-09,aaii_bulls,27.2
2020-07-09,aaii_neutral,30.2
2020-07-09,aaii_spread,-15.5
2020-07-09,cnn_fear_greed,53
2020-07-10,cnn_fear_greed,59
2020-07-13,cnn_fear_greed,53
2020-07-14,cnn_fear_greed,62
2020-07-15,cnn_fear_greed,63
2020-07-16,aaii_bears,45.4
2020-07-16,aaii_bulls,30.8
2020-07-16,aaii_neutral,23.8
2020-07-16,aaii_spread,-14.5
2020-07-16,cnn_fear_greed,62
2020-07-17,cnn_fear_greed,63
2020-07-20,cnn_fear_greed,66
2020-07-21,cnn_fear_greed,65
2020-07-22,cnn_fear_greed,65
2020-07-23,aaii_bears,46.8
2020-07-23,aaii_bulls,26.1
2020-07-23,aaii_neutral,27.1
2020-07-23,aaii_spread,-20.8
2020-07-23,cnn_fear_greed,68
2020-07-24,cnn_fear_greed,63
2020-07-27,cnn_fear_greed,66
2020-07-28,cnn_fear_greed,62
2020-07-29,cnn_fear_greed,65
2020-07-30,aaii_bears,48.5
2020-07-30,aaii_bulls,20.2
2020-07-30,aaii_neutral,31.3
2020-07-30,aaii_spread,-28.2
2020-07-30,cnn_fear_greed,61
2020-07-31,cnn_fear_greed,65
2020-08-03,cnn_fear_greed,67
2020-08-04,cnn_fear_greed,68
2020-08-05,cnn_fear_greed,70
2020-08-06,aaii_bears,47.6
2020-08-06,aaii_bulls,23.3
2020-08-06,aaii_neutral,29.1
2020-08-06,aaii_spread,-24.3
2020-08-06,cnn_fear_greed,74
2020-08-07,cnn_fear_greed,72
2020-08-10,cnn_fear_greed,75
2020-08-11,cnn_fear_greed,71
2020-08-12,cnn_fear_greed,74
2020-08-13,aaii_bears,42.1
2020-08-13,aaii_bulls,30.0
2020-08-13,aaii_neutral,27.8
2020-08-13,aaii_spread,-12.1
2020-08-13,cnn_fear_greed,72
2020-08-14,cnn_fear_greed,72
2020-08-17,cnn_fear_greed,71
2020-08-18,cnn_fear_greed,70
2020-08-19,cnn_fear_greed,68
2020-08-20,aaii_bears,42.4
2020-08-20,aaii_bulls,30.4
2020-08-20,aaii_neutral,27.2
2020-08-20,aaii_spread,-12.0
2020-08-20,cnn_fear_greed,70
2020-08-21,cnn_fear_greed,70
2020-08-24,cnn_fear_greed,73
2020-08-25,cnn_fear_greed,74
2020-08-26,cnn_fear_greed,75
2020-08-27,aaii_bears,39.6
2020-08-27,aaii_bulls,32.1
2020-08-27,aaii_neutral,28.3
2020-08-27,aaii_spread,-7.5
2020-08-27,cnn_fear_greed,76
2020-08-28,cnn_fear_greed,78
2020-08-31,cnn_fear_greed,74
2020-09-01,cnn_fear_greed,77
2020-09-02,cnn_fear_greed,78
2020-09-03,aaii_bears,41.8
2020-09-03,aaii_bulls,30.8
2020-09-03,aaii_neutral,27.4
2020-09-03,aaii_spread,-11.0
2020-09-03,cnn_fear_greed,58
2020-09-04,cnn_fear_greed,59
2020-09-08,cnn_fear_greed,54
2020-09-09,cnn_fear_greed,66
2020-09-10,aaii_bears,48.5
2020-09-10,aaii_bulls,23.7
2020-09-10,aaii_neutral,27.8
2020-09-10,aaii_spread,-24.7
2020-09-10,cnn_fear_greed,59
2020-09-11,cnn_fear_greed,58
2020-09-14,cnn_fear_greed,59
2020-09-15,cnn_fear_greed,59
2020-09-16,cnn_fear_greed,56
2020-09-17,aaii_bears,40.4
2020-09-17,aaii_bulls,32.0
2020-09-17,aaii_neutral,27.6
2020-09-17,aaii_spread,-8.4
2020-09-17,cnn_fear_greed,53
2020-09-18,cnn_fear_greed,52
2020-09-21,cnn_fear_greed,51
2020-09-22,cnn_fear_greed,52
2020-09-23,cnn_fear_greed,46
2020-09-24,aaii_bears,46.0
2020-09-24,aaii_bulls,24.9
2020-09-24,aaii_neutral,29.1
2020-09-24,aaii_spread,-21.1
2020-09-24,cnn_fear_greed,48
2020-09-25,cnn_fear_greed,49
2020-09-28,cnn_fear_greed,50
2020-09-29,cnn_fear_greed,44
2020-09-30,cnn_fear_greed,45
2020-10-01,aaii_bears,43.1
2020-10-01,aaii_bulls,26.2
2020-10-01,aaii_neutral,30.7
2020-10-01,aaii_spread,-16.8
2020-10-01,cnn_fear_greed,41
2020-10-02,cnn_fear_greed,40
2020-10-05,cnn_fear_greed,45
2020-10-06,cnn_fear_greed,44
2020-10-07,cnn_fear_greed,51
2020-10-08,aaii_bears,39.0
2020-10-08,aaii_bulls,34.7
2020-10-08,aaii_neutral,26.3
2020-10-08,aaii_spread,-4.2
2020-10-08,cnn_fear_greed,53
2020-10-09,cnn_fear_greed,55
2020-10-12,cnn_fear_greed,60
2020-10-13,cnn_fear_greed,56
2020-10-14,cnn_fear_greed,55
2020-10-15,aaii_bears,35.7
2020-10-15,aaii_bulls,34.8
2020-10-15,aaii_neutral,29.5
2020-10-15,aaii_spread,-1.0
2020-10-15,cnn_fear_greed,59
2020-10-16,cnn_fear_greed,62
2020-10-19,cnn_fear_greed,59
2020-10-20,cnn_fear_greed,58
2020-10-21,cnn_fear_greed,63
2020-10-22,aaii_bears,33.0
2020-10-22,aaii_bulls,35.7
2020-10-22,aaii_neutral,31.2
2020-10-22,aaii_spread,2.7
2020-10-22,cnn_fear_greed,69
2020-10-23,cnn_fear_greed,67
2020-10-26,cnn_fear_greed,44
2020-10-27,cnn_fear_greed,47
2020-10-28,cnn_fear_greed,33
2020-10-29,aaii_bears,35.3
2020-10-29,aaii_bulls,35.3
2020-10-29,aaii_neutral,29.4
2020-10-29,aaii_spread,0.0
2020-10-29,cnn_fear_greed,33
2020-10-30,cnn_fear_greed,29
2020-11-02,cnn_fear_greed,25
2020-11-03,cnn_fear_greed,32
2020-11-04,cnn_fear_greed,36
2020-11-05,aaii_bears,31.5
2020-11-05,aaii_bulls,38.0
2020-11-05,aaii_neutral,30.6
2020-11-05,aaii_spread,6.5
2020-11-05,cnn_fear_greed,41
2020-11-06,cnn_fear_greed,40
2020-11-09,cnn_fear_greed,54
2020-11-10,cnn_fear_greed,58
2020-11-11,cnn_fear_greed,66
2020-11-12,aaii_bears,24.9
2020-11-12,aaii_bulls,55.8
2020-11-12,aaii_neutral,19.3
2020-11-12,aaii_spread,31.0
2020-11-12,cnn_fear_greed,55
2020-11-13,cnn_fear_greed,59
2020-11-16,cnn_fear_greed,71
2020-11-17,cnn_fear_greed,67
2020-11-18,cnn_fear_greed,63
2020-11-19,aaii_bears,26.4
2020-11-19,aaii_bulls,44.4
2020-11-19,aaii_neutral,29.3
2020-11-19,aaii_spread,18.0
2020-11-19,cnn_fear_greed,64
2020-11-20,cnn_fear_greed,62
2020-11-23,cnn_fear_greed,75
2020-11-24,cnn_fear_greed,88
2020-11-25,cnn_fear_greed,91
2020-11-27,aaii_bears,27.5
2020-11-27,aaii_bulls,47.3
2020-11-27,aaii_neutral,25.3
2020-11-27,aaii_spread,19.8
2020-11-27,cnn_fear_greed,92
2020-11-30,cnn_fear_greed,88
2020-12-01,cnn_fear_greed,85
2020-12-02,cnn_fear_greed,87
2020-12-03,aaii_bears,22.7
2020-12-03,aaii_bulls,49.1
2020-12-03,aaii_neutral,28.3
2020-12-03,aaii_spread,26.4
2020-12-03,cnn_fear_greed,85
2020-12-04,cnn_fear_greed,89
2020-12-07,cnn_fear_greed,88
2020-12-08,cnn_fear_greed,82
2020-12-09,cnn_fear_greed,80
2020-12-10,aaii_bears,26.9
2020-12-10,aaii_bulls,48.1
2020-12-10,aaii_neutral,25.1
2020-12-10,aaii_spread,21.2
2020-12-10,cnn_fear_greed,77
2020-12-11,cnn_fear_greed,76
2020-12-14,cnn_fear_greed,69
2020-12-15,cnn_fear_greed,69
2020-12-16,cnn_fear_greed,69
2020-12-17,aaii_bears,26.3
2020-12-17,aaii_bulls,43.4
2020-12-17,aaii_neutral,30.3
2020-12-17,aaii_spread,17.1
2020-12-17,cnn_fear_greed,71
2020-12-18,cnn_fear_greed,63
2020-12-21,cnn_fear_greed,63
2020-12-22,cnn_fear_greed,59
2020-12-23,cnn_fear_greed,57
2020-12-24,aaii_bears,22.0
2020-12-24,aaii_bulls,43.6
2020-12-24,aaii_neutral,34.4
2020-12-24,aaii_spread,21.6
2020-12-24,cnn_fear_greed,54
2020-12-28,cnn_fear_greed,54
2020-12-29,cnn_fear_greed,52
2020-12-30,cnn_fear_greed,50
2020-12-31,aaii_bears,26.8
2020-12-31,aaii_bulls,46.1
2020-12-31,aaii_neutral,27.1
2020-12-31,aaii_spread,19.3
2020-12-31,cnn_fear_greed,51
2021-01-04,cnn_fear_greed,52
2021-01-05,cnn_fear_greed,53
2021-01-06,cnn_fear_greed,59
2021-01-07,aaii_bears,31.7
2021-01-07,aaii_bulls,45.2
2021-01-07,aaii_neutral,23.1
2021-01-07,aaii_spread,13.5
2021-01-07,cnn_fear_greed,66
2021-01-08,cnn_fear_greed,71
2021-01-11,cnn_fear_greed,65
2021-01-12,cnn_fear_greed,69
2021-01-13,cnn_fear_greed,70
2021-01-14,cnn_fear_greed,67
2021-01-15,cnn_fear_greed,60
2021-01-19,cnn_fear_greed,61
2021-01-20,cnn_fear_greed,69
2021-01-21,aaii_bears,34.5
2021-01-21,aaii_bulls,42.5
2021-01-21,aaii_neutral,23.0
2021-01-21,aaii_spread,8.1
2021-01-21,cnn_fear_greed,63
2021-01-22,cnn_fear_greed,69
2021-01-25,cnn_fear_greed,66
2021-01-26,cnn_fear_greed,62
2021-01-27,cnn_fear_greed,40
2021-01-28,aaii_bears,38.3
2021-01-28,aaii_bulls,37.7
2021-01-28,aaii_neutral,24.0
2021-01-28,aaii_spread,-0.6
2021-01-28,cnn_fear_greed,45
2021-01-29,cnn_fear_greed,38
2021-02-01,cnn_fear_greed,43
2021-02-02,cnn_fear_greed,60
2021-02-03,cnn_fear_greed,59
2021-02-04,aaii_bears,35.6
2021-02-04,aaii_bulls,37.4
2021-02-04,aaii_neutral,27.1
2021-02-04,aaii_spread,1.8
2021-02-04,cnn_fear_greed,61
2021-02-05,cnn_fear_greed,68
2021-02-08,cnn_fear_greed,73
2021-02-09,cnn_fear_greed,75
2021-02-10,cnn_fear_greed,75
2021-02-11,aaii_bears,26.3
2021-02-11,aaii_bulls,45.5
2021-02-11,aaii_neutral,28.3
2021-02-11,aaii_spread,19.2
2021-02-11,cnn_fear_greed,76
2021-02-12,cnn_fear_greed,78
2021-02-16,cnn_fear_greed,74
2021-02-17,cnn_fear_greed,70
2021-02-18,aaii_bears,25.4
2021-02-18,aaii_bulls,47.1
2021-02-18,aaii_neutral,27.6
2021-02-18,aaii_spread,21.7
2021-02-18,cnn_fear_greed,63
2021-02-19,cnn_fear_greed,56
2021-02-22,cnn_fear_greed,52
2021-02-23,cnn_fear_greed,51
2021-02-24,cnn_fear_greed,64
2021-02-25,aaii_bears,23.8
2021-02-25,aaii_bulls,45.9
2021-02-25,aaii_neutral,30.3
2021-02-25,aaii_spread,22.1
2021-02-25,cnn_fear_greed,46
2021-02-26,cnn_fear_greed,54
2021-03-01,cnn_fear_greed,59
2021-03-02,cnn_fear_greed,50
2021-03-03,cnn_fear_greed,44
2021-03-04,aaii_bears,25.3
2021-03-04,aaii_bulls,40.3
2021-03-04,aaii_neutral,34.4
2021-03-04,aaii_spread,14.9
2021-03-04,cnn_fear_greed,38
2021-03-05,cnn_fear_greed,42
2021-03-08,cnn_fear_greed,39
2021-03-09,cnn_fear_greed,43
2021-03-10,cnn_fear_greed,46
2021-03-11,aaii_bears,23.5
2021-03-11,aaii_bulls,49.4
2021-03-11,aaii_neutral,27.1
2021-03-11,aaii_spread,25.9
2021-03-11,cnn_fear_greed,50
2021-03-12,cnn_fear_greed,54
2021-03-15,cnn_fear_greed,57
2021-03-16,cnn_fear_greed,55
2021-03-17,cnn_fear_greed,58
2021-03-18,aaii_bears,23.6
2021-03-18,aaii_bulls,48.9
2021-03-18,aaii_neutral,27.5
2021-03-18,aaii_spread,25.4
2021-03-18,cnn_fear_greed,52
2021-03-19,cnn_fear_greed,51
2021-03-22,cnn_fear_greed,51
2021-03-23,cnn_fear_greed,42
2021-03-24,cnn_fear_greed,38
2021-03-25,aaii_bears,20.6
2021-03-25,aaii_bulls,50.9
2021-03-25,aaii_neutral,28.5
2021-03-25,aaii_spread,30.4
2021-03-25,cnn_fear_greed,38
2021-03-26,cnn_fear_greed,38
2021-03-29,cnn_fear_greed,40
2021-03-30,cnn_fear_greed,42
2021-03-31,cnn_fear_greed,45
2021-04-01,aaii_bears,23.2
2021-04-01,aaii_bulls,45.8
2021-04-01,aaii_neutral,31.0
2021-04-01,aaii_spread,22.6
2021-04-01,cnn_fear_greed,46
2021-04-05,cnn_fear_greed,55
2021-04-06,cnn_fear_greed,54
2021-04-07,cnn_fear_greed,53
2021-04-08,aaii_bears,20.4
2021-04-08,aaii_bulls,56.9
2021-04-08,aaii_neutral,22.7
2021-04-08,aaii_spread,36.5
2021-04-08,cnn_fear_greed,48
2021-04-09,cnn_fear_greed,48
2021-04-12,cnn_fear_greed,43
2021-04-13,cnn_fear_greed,44
2021-04-14,cnn_fear_greed,40
2021-04-15,aaii_bears,24.6
2021-04-15,aaii_bulls,53.8
2021-04-15,aaii_neutral,21.6
2021-04-15,aaii_spread,29.2
2021-04-15,cnn_fear_greed,47
2021-04-16,cnn_fear_greed,51
2021-04-19,cnn_fear_greed,45
2021-04-20,cnn_fear_greed,43
2021-04-21,cnn_fear_greed,50
2021-04-22,aaii_bears,20.5
2021-04-22,aaii_bulls,52.7
2021-04-22,aaii_neutral,26.8
2021-04-22,aaii_spread,32.2
2021-04-22,cnn_fear_greed,47
2021-04-23,cnn_fear_greed,48
2021-04-26,cnn_fear_greed,51
2021-04-27,cnn_fear_greed,55
2021-04-28,cnn_fear_greed,52
2021-04-29,aaii_bears,25.7
2021-04-29,aaii_bulls,42.6
2021-04-29,aaii_neutral,31.8
2021-04-29,aaii_spread,16.9
2021-04-29,cnn_fear_greed,56
2021-04-30,cnn_fear_greed,47
2021-05-03,cnn_fear_greed,48
2021-05-04,cnn_fear_greed,43
2021-05-05,cnn_fear_greed,43
2021-05-06,aaii_bears,23.1
2021-05-06,aaii_bulls,44.3
2021-05-06,aaii_neutral,32.5
2021-05-06,aaii_spread,21.2
2021-05-06,cnn_fear_greed,44
2021-05-07,cnn_fear_greed,48
2021-05-10,cnn_fear_greed,45
2021-05-11,cnn_fear_greed,42
2021-05-12,cnn_fear_greed,27
2021-05-13,aaii_bears,27.0
2021-05-13,aaii_bulls,36.5
2021-05-13,aaii_neutral,36.5
2021-05-13,aaii_spread,9.6
2021-05-13,cnn_fear_greed,34
2021-05-14,cnn_fear_greed,36
2021-05-17,cnn_fear_greed,36
2021-05-18,cnn_fear_greed,34
2021-05-19,cnn_fear_greed,32
2021-05-20,aaii_bears,26.3
2021-05-20,aaii_bulls,37.0
2021-05-20,aaii_neutral,36.7
2021-05-20,aaii_spread,10.8
2021-05-20,cnn_fear_greed,32
2021-05-21,cnn_fear_greed,29
2021-05-24,cnn_fear_greed,30
2021-05-25,cnn_fear_greed,27
2021-05-26,cnn_fear_greed,28
2021-05-27,aaii_bears,26.4
2021-05-27,aaii_bulls,36.4
2021-05-27,aaii_neutral,37.1
2021-05-27,aaii_spread,10.0
2021-05-27,cnn_fear_greed,30
2021-05-28,cnn_fear_greed,32
2021-06-01,cnn_fear_greed,35
2021-06-02,cnn_fear_greed,42
2021-06-03,aaii_bears,19.8
2021-06-03,aaii_bulls,44.1
2021-06-03,aaii_neutral,36.2
2021-06-03,aaii_spread,24.3
2021-06-03,cnn_fear_greed,41
2021-06-04,cnn_fear_greed,42
2021-06-07,cnn_fear_greed,44
2021-06-08,cnn_fear_greed,46
2021-06-09,cnn_fear_greed,49
2021-06-10,aaii_bears,20.7
2021-06-10,aaii_bulls,40.2
2021-06-10,aaii_neutral,39.1
2021-06-10,aaii_spread,19.5
2021-06-10,cnn_fear_greed,49
2021-06-11,cnn_fear_greed,51
2021-06-14,cnn_fear_greed,54
2021-06-15,cnn_fear_greed,53
2021-06-16,cnn_fear_greed,45
2021-06-17,aaii_bears,26.2
2021-06-17,aaii_bulls,41.1
2021-06-17,aaii_neutral,32.7
2021-06-17,aaii_spread,15.0
2021-06-17,cnn_fear_greed,42
2021-06-18,cnn_fear_greed,32
2021-06-21,cnn_fear_greed,32
2021-06-22,cnn_fear_greed,33
2021-06-23,cnn_fear_greed,33
2021-06-24,aaii_bears,23.3
2021-06-24,aaii_bulls,40.4
2021-06-24,aaii_neutral,36.2
2021-06-24,aaii_spread,17.1
2021-06-24,cnn_fear_greed,37
2021-06-25,cnn_fear_greed,42
2021-06-28,cnn_fear_greed,41
2021-06-29,cnn_fear_greed,40
2021-06-30,cnn_fear_greed,38
2021-07-01,aaii_bears,22.2
2021-07-01,aaii_bulls,48.6
2021-07-01,aaii_neutral,29.2
2021-07-01,aaii_spread,26.5
2021-07-01,cnn_fear_greed,39
2021-07-02,cnn_fear_greed,39
2021-07-06,cnn_fear_greed,33
2021-07-07,cnn_fear_greed,33
2021-07-08,aaii_bears,24.5
2021-07-08,aaii_bulls,40.2
2021-07-08,aaii_neutral,35.3
2021-07-08,aaii_spread,15.7
2021-07-08,cnn_fear_greed,27
2021-07-09,cnn_fear_greed,31
2021-07-12,cnn_fear_greed,32
2021-07-13,cnn_fear_greed,31
2021-07-14,cnn_fear_greed,30
2021-07-15,aaii_bears,26.8
2021-07-15,aaii_bulls,36.2
2021-07-15,aaii_neutral,37.0
2021-07-15,aaii_spread,9.4
2021-07-15,cnn_fear_greed,27
2021-07-16,cnn_fear_greed,27
2021-07-19,cnn_fear_greed,9
2021-07-20,cnn_fear_greed,20
2021-07-21,cnn_fear_greed,24
2021-07-22,aaii_bears,30.6
2021-07-22,aaii_bulls,30.6
2021-07-22,aaii_neutral,38.7
2021-07-22,aaii_spread,0.0
2021-07-22,cnn_fear_greed,24
2021-07-23,cnn_fear_greed,28
2021-07-26,cnn_fear_greed,31
2021-07-27,cnn_fear_greed,27
2021-07-28,cnn_fear_greed,27
2021-07-29,aaii_bears,24.1
2021-07-29,aaii_bulls,36.2
2021-07-29,aaii_neutral,39.7
2021-07-29,aaii_spread,12.1
2021-07-29,cnn_fear_greed,29
2021-07-30,cnn_fear_greed,26
2021-08-02,cnn_fear_greed,25
2021-08-03,cnn_fear_greed,30
2021-08-04,cnn_fear_greed,29
2021-08-05,aaii_bears,31.7
2021-08-05,aaii_bulls,36.1
2021-08-05,aaii_neutral,32.2
2021-08-05,aaii_spread,4.4
2021-08-05,cnn_fear_greed,30
2021-08-06,cnn_fear_greed,32
2021-08-09,cnn_fear_greed,32
2021-08-10,cnn_fear_greed,35
2021-08-11,cnn_fear_greed,38
2021-08-12,aaii_bears,31.5
2021-08-12,aaii_bulls,37.0
2021-08-12,aaii_neutral,31.5
2021-08-12,aaii_spread,5.5
2021-08-12,cnn_fear_greed,43
2021-08-13,cnn_fear_greed,47
2021-08-16,cnn_fear_greed,45
2021-08-17,cnn_fear_greed,32
2021-08-18,cnn_fear_greed,18
2021-08-19,aaii_bears,35.1
2021-08-19,aaii_bulls,33.2
2021-08-19,aaii_neutral,31.7
2021-08-19,aaii_spread,-1.9
2021-08-19,cnn_fear_greed,15
2021-08-20,cnn_fear_greed,24
2021-08-23,cnn_fear_greed,30
2021-08-24,cnn_fear_greed,34
2021-08-25,cnn_fear_greed,36
2021-08-26,aaii_bears,33.0
2021-08-26,aaii_bulls,39.6
2021-08-26,aaii_neutral,27.5
2021-08-26,aaii_spread,6.6
2021-08-26,cnn_fear_greed,37
2021-08-27,cnn_fear_greed,47
2021-08-30,cnn_fear_greed,48
2021-08-31,cnn_fear_greed,47
2021-09-01,cnn_fear_greed,43
2021-09-02,aaii_bears,33.3
2021-09-02,aaii_bulls,43.4
2021-09-02,aaii_neutral,23.2
2021-09-02,aaii_spread,10.1
2021-09-02,cnn_fear_greed,44
2021-09-03,cnn_fear_greed,44
2021-09-07,cnn_fear_greed,42
2021-09-08,cnn_fear_greed,39
2021-09-09,aaii_bears,27.2
2021-09-09,aaii_bulls,38.9
2021-09-09,aaii_neutral,33.9
2021-09-09,aaii_spread,11.7
2021-09-09,cnn_fear_greed,34
2021-09-10,cnn_fear_greed,21
2021-09-13,cnn_fear_greed,28
2021-09-14,cnn_fear_greed,25
2021-09-15,cnn_fear_greed,31
2021-09-16,aaii_bears,39.3
2021-09-16,aaii_bulls,22.4
2021-09-16,aaii_neutral,38.3
2021-09-16,aaii_spread,-16.8
2021-09-16,cnn_fear_greed,32
2021-09-17,cnn_fear_greed,18
2021-09-20,cnn_fear_greed,11
2021-09-21,cnn_fear_greed,11
2021-09-22,cnn_fear_greed,20
2021-09-23,aaii_bears,39.2
2021-09-23,aaii_bulls,29.9
2021-09-23,aaii_neutral,30.9
2021-09-23,aaii_spread,-9.3
2021-09-23,cnn_fear_greed,24
2021-09-24,cnn_fear_greed,24
2021-09-27,cnn_fear_greed,25
2021-09-28,cnn_fear_greed,12
2021-09-29,cnn_fear_greed,12
2021-09-30,aaii_bears,40.7
2021-09-30,aaii_bulls,28.1
2021-09-30,aaii_neutral,31.1
2021-09-30,aaii_spread,-12.6
2021-09-30,cnn_fear_greed,10
2021-10-01,cnn_fear_greed,18
2021-10-04,cnn_fear_greed,10
2021-10-05,cnn_fear_greed,19
2021-10-06,cnn_fear_greed,20
2021-10-07,aaii_bears,36.8
2021-10-07,aaii_bulls,25.5
2021-10-07,aaii_neutral,37.7
2021-10-07,aaii_spread,-11.3
2021-10-07,cnn_fear_greed,25
2021-10-08,cnn_fear_greed,25
2021-10-11,cnn_fear_greed,26
2021-10-12,cnn_fear_greed,23
2021-10-13,cnn_fear_greed,24
2021-10-14,aaii_bears,31.8
2021-10-14,aaii_bulls,37.9
2021-10-14,aaii_neutral,30.3
2021-10-14,aaii_spread,6.2
2021-10-14,cnn_fear_greed,32
2021-10-15,cnn_fear_greed,44
2021-10-18,cnn_fear_greed,47
2021-10-19,cnn_fear_greed,53
2021-10-20,cnn_fear_greed,57
2021-10-21,aaii_bears,27.8
2021-10-21,aaii_bulls,46.9
2021-10-21,aaii_neutral,25.4
2021-10-21,aaii_spread,19.1
2021-10-21,cnn_fear_greed,60
2021-10-22,cnn_fear_greed,60
2021-10-25,cnn_fear_greed,63
2021-10-26,cnn_fear_greed,63
2021-10-27,aaii_bears,29.4
2021-10-27,aaii_bulls,39.8
2021-10-27,aaii_neutral,30.7
2021-10-27,aaii_spread,10.4
2021-10-27,cnn_fear_greed,58
2021-10-28,cnn_fear_greed,64
2021-10-29,cnn_fear_greed,65
2021-11-01,cnn_fear_greed,66
2021-11-02,cnn_fear_greed,68
2021-11-03,cnn_fear_greed,72
2021-11-04,aaii_bears,26.0
2021-11-04,aaii_bulls,41.5
2021-11-04,aaii_neutral,32.5
2021-11-04,aaii_spread,15.5
2021-11-04,cnn_fear_greed,72
2021-11-05,cnn_fear_greed,74
2021-11-08,cnn_fear_greed,75
2021-11-09,cnn_fear_greed,77
2021-11-10,cnn_fear_greed,73
2021-11-11,aaii_bears,24.0
2021-11-11,aaii_bulls,48.0
2021-11-11,aaii_neutral,28.0
2021-11-11,aaii_spread,24.0
2021-11-11,cnn_fear_greed,72
2021-11-12,cnn_fear_greed,74
2021-11-15,cnn_fear_greed,72
2021-11-16,cnn_fear_greed,72
2021-11-17,cnn_fear_greed,69
2021-11-18,aaii_bears,27.2
2021-11-18,aaii_bulls,38.8
2021-11-18,aaii_neutral,33.9
2021-11-18,aaii_spread,11.6
2021-11-18,cnn_fear_greed,70
2021-11-19,cnn_fear_greed,63
2021-11-22,cnn_fear_greed,60
2021-11-23,cnn_fear_greed,60
2021-11-24,aaii_bears,35.7
2021-11-24,aaii_bulls,33.8
2021-11-24,aaii_neutral,30.5
2021-11-24,aaii_spread,-1.9
2021-11-24,cnn_fear_greed,57
2021-11-26,cnn_fear_greed,31
2021-11-29,cnn_fear_greed,38
2021-11-30,cnn_fear_greed,25
2021-12-01,cnn_fear_greed,25
2021-12-02,aaii_bears,42.4
2021-12-02,aaii_bulls,26.7
2021-12-02,aaii_neutral,31.0
2021-12-02,aaii_spread,-15.7
2021-12-02,cnn_fear_greed,23
2021-12-03,cnn_fear_greed,20
2021-12-06,cnn_fear_greed,21
2021-12-07,cnn_fear_greed,38
2021-12-08,cnn_fear_greed,41
2021-12-09,aaii_bears,30.5
2021-12-09,aaii_bulls,29.7
2021-12-09,aaii_neutral,39.8
2021-12-09,aaii_spread,-0.8
2021-12-09,cnn_fear_greed,37
2021-12-10,cnn_fear_greed,42
2021-12-13,cnn_fear_greed,35
2021-12-14,cnn_fear_greed,32
2021-12-15,cnn_fear_greed,38
2021-12-16,aaii_bears,39.3
2021-12-16,aaii_bulls,25.2
2021-12-16,aaii_neutral,35.4
2021-12-16,aaii_spread,-14.1
2021-12-16,cnn_fear_greed,34
2021-12-17,cnn_fear_greed,33
2021-12-20,cnn_fear_greed,29
2021-12-21,cnn_fear_greed,34
2021-12-22,cnn_fear_greed,40
2021-12-23,aaii_bears,33.9
2021-12-23,aaii_bulls,29.6
2021-12-23,aaii_neutral,36.6
2021-12-23,aaii_spread,-4.3
2021-12-23,cnn_fear_greed,50
2021-12-27,cnn_fear_greed,56
2021-12-28,cnn_fear_greed,63
2021-12-29,cnn_fear_greed,64
2021-12-30,aaii_bears,30.5
2021-12-30,aaii_bulls,37.7
2021-12-30,aaii_neutral,31.8
2021-12-30,aaii_spread,7.1
2021-12-30,cnn_fear_greed,64
2021-12-31,cnn_fear_greed,63
2022-01-03,cnn_fear_greed,65
2022-01-04,cnn_fear_greed,64
2022-01-05,cnn_fear_greed,51
2022-01-06,aaii_bears,33.3
2022-01-06,aaii_bulls,32.8
2022-01-06,aaii_neutral,33.9
2022-01-06,aaii_spread,-0.6
2022-01-06,cnn_fear_greed,52
2022-01-07,cnn_fear_greed,49
2022-01-10,cnn_fear_greed,51
2022-01-11,cnn_fear_greed,56
2022-01-12,cnn_fear_greed,56
2022-01-13,aaii_bears,38.3
2022-01-13,aaii_bulls,24.9
2022-01-13,aaii_neutral,36.8
2022-01-13,aaii_spread,-13.4
2022-01-13,cnn_fear_greed,52
2022-01-14,cnn_fear_greed,56
2022-01-18,cnn_fear_greed,54
2022-01-19,cnn_fear_greed,45
2022-01-20,aaii_bears,46.7
2022-01-20,aaii_bulls,21.0
2022-01-20,aaii_neutral,32.3
2022-01-20,aaii_spread,-25.8
2022-01-20,cnn_fear_greed,39
2022-01-21,cnn_fear_greed,27
2022-01-24,cnn_fear_greed,23
2022-01-25,cnn_fear_greed,21
2022-01-26,cnn_fear_greed,20
2022-01-27,aaii_bears,52.9
2022-01-27,aaii_bulls,23.1
2022-01-27,aaii_neutral,23.9
2022-01-27,aaii_spread,-29.8
2022-01-27,cnn_fear_greed,19
2022-01-28,cnn_fear_greed,24
2022-01-31,cnn_fear_greed,29
2022-02-01,cnn_fear_greed,31
2022-02-02,cnn_fear_greed,29
2022-02-03,aaii_bears,43.7
2022-02-03,aaii_bulls,26.5
2022-02-03,aaii_neutral,29.9
2022-02-03,aaii_spread,-17.2
2022-02-03,cnn_fear_greed,26
2022-02-04,cnn_fear_greed,28
2022-02-07,cnn_fear_greed,28
2022-02-08,cnn_fear_greed,29
2022-02-09,cnn_fear_greed,33
2022-02-10,aaii_bears,35.5
2022-02-10,aaii_bulls,24.4
2022-02-10,aaii_neutral,40.2
2022-02-10,aaii_spread,-11.1
2022-02-10,cnn_fear_greed,34
2022-02-11,cnn_fear_greed,28
2022-02-14,cnn_fear_greed,26
2022-02-15,cnn_fear_greed,30
2022-02-16,cnn_fear_greed,32
2022-02-17,aaii_bears,43.2
2022-02-17,aaii_bulls,19.2
2022-02-17,aaii_neutral,37.6
2022-02-17,aaii_spread,-23.9
2022-02-17,cnn_fear_greed,32
2022-02-18,cnn_fear_greed,30
2022-02-22,cnn_fear_greed,29
2022-02-23,cnn_fear_greed,19
2022-02-24,aaii_bears,53.7
2022-02-24,aaii_bulls,23.4
2022-02-24,aaii_neutral,22.9
2022-02-24,aaii_spread,-30.3
2022-02-24,cnn_fear_greed,21
2022-02-25,cnn_fear_greed,28
2022-02-28,cnn_fear_greed,25
2022-03-01,cnn_fear_greed,23
2022-03-02,cnn_fear_greed,18
2022-03-03,aaii_bears,41.4
2022-03-03,aaii_bulls,30.4
2022-03-03,aaii_neutral,28.2
2022-03-03,aaii_spread,-11.0
2022-03-03,cnn_fear_greed,22
2022-03-04,cnn_fear_greed,18
2022-03-07,cnn_fear_greed,17
2022-03-08,cnn_fear_greed,17
2022-03-09,cnn_fear_greed,18
2022-03-10,aaii_bears,45.8
2022-03-10,aaii_bulls,24.0
2022-03-10,aaii_neutral,30.2
2022-03-10,aaii_spread,-21.8
2022-03-10,cnn_fear_greed,18
2022-03-11,cnn_fear_greed,19
2022-03-14,cnn_fear_greed,18
2022-03-15,cnn_fear_greed,22
2022-03-16,cnn_fear_greed,25
2022-03-17,aaii_bears,49.8
2022-03-17,aaii_bulls,22.5
2022-03-17,aaii_neutral,27.8
2022-03-17,aaii_spread,-27.3
2022-03-17,cnn_fear_greed,34
2022-03-18,cnn_fear_greed,38
2022-03-21,cnn_fear_greed,41
2022-03-22,cnn_fear_greed,45
2022-03-23,cnn_fear_greed,45
2022-03-24,aaii_bears,35.4
2022-03-24,aaii_bulls,32.8
2022-03-24,aaii_neutral,31.7
2022-03-24,aaii_spread,-2.6
2022-03-24,cnn_fear_greed,47
2022-03-25,cnn_fear_greed,49
2022-03-28,cnn_fear_greed,51
2022-03-29,cnn_fear_greed,53
2022-03-30,cnn_fear_greed,53
2022-03-31,aaii_bears,27.5
2022-03-31,aaii_bulls,31.9
2022-03-31,aaii_neutral,40.6
2022-03-31,aaii_spread,4.3
2022-03-31,cnn_fear_greed,59
2022-04-01,cnn_fear_greed,60
2022-04-04,cnn_fear_greed,62
2022-04-05,cnn_fear_greed,48
2022-04-06,cnn_fear_greed,46
2022-04-07,aaii_bears,41.4
2022-04-07,aaii_bulls,24.7
2022-04-07,aaii_neutral,33.9
2022-04-07,aaii_spread,-16.7
2022-04-07,cnn_fear_greed,47
2022-04-08,cnn_fear_greed,46
2022-04-11,cnn_fear_greed,43
2022-04-12,cnn_fear_greed,42
2022-04-13,cnn_fear_greed,42
2022-04-14,aaii_bears,48.4
2022-04-14,aaii_bulls,15.8
2022-04-14,aaii_neutral,35.7
2022-04-14,aaii_spread,-32.6
2022-04-14,cnn_fear_greed,40
2022-04-18,cnn_fear_greed,38
2022-04-19,cnn_fear_greed,40
2022-04-20,cnn_fear_greed,43
2022-04-21,aaii_bears,43.9
2022-04-21,aaii_bulls,18.9
2022-04-21,aaii_neutral,37.3
2022-04-21,aaii_spread,-25.0
2022-04-21,cnn_fear_greed,39
2022-04-22,cnn_fear_greed,32
2022-04-25,cnn_fear_greed,30
2022-04-26,cnn_fear_greed,18
2022-04-27,cnn_fear_greed,16
2022-04-28,aaii_bears,59.4
2022-04-28,aaii_bulls,16.4
2022-04-28,aaii_neutral,24.2
2022-04-28,aaii_spread,-42.9
2022-04-28,cnn_fear_greed,24
2022-04-29,cnn_fear_greed,14
2022-05-02,cnn_fear_greed,13
2022-05-03,cnn_fear_greed,30
2022-05-04,cnn_fear_greed,22
2022-05-05,aaii_bears,52.9
2022-05-05,aaii_bulls,26.9
2022-05-05,aaii_neutral,20.3
2022-05-05,aaii_spread,-26.0
2022-05-05,cnn_fear_greed,13
2022-05-06,cnn_fear_greed,12
2022-05-09,cnn_fear_greed,8
2022-05-10,cnn_fear_greed,7
2022-05-11,cnn_fear_greed,4
2022-05-12,aaii_bears,49.0
2022-05-12,aaii_bulls,24.3
2022-05-12,aaii_neutral,26.6
2022-05-12,aaii_spread,-24.7
2022-05-12,cnn_fear_greed,3
2022-05-13,cnn_fear_greed,11
2022-05-16,cnn_fear_greed,12
2022-05-17,cnn_fear_greed,15
2022-05-18,cnn_fear_greed,7
2022-05-19,aaii_bears,50.4
2022-05-19,aaii_bulls,26.0
2022-05-19,aaii_neutral,23.6
2022-05-19,aaii_spread,-24.4
2022-05-19,cnn_fear_greed,14
2022-05-20,cnn_fear_greed,13
2022-05-23,cnn_fear_greed,18
2022-05-24,cnn_fear_greed,16
2022-05-25,cnn_fear_greed,18
2022-05-26,aaii_bears,53.5
2022-05-26,aaii_bulls,19.8
2022-05-26,aaii_neutral,26.7
2022-05-26,aaii_spread,-33.6
2022-05-26,cnn_fear_greed,24
2022-05-27,cnn_fear_greed,30
2022-05-31,cnn_fear_greed,40
2022-06-01,cnn_fear_greed,41
2022-06-02,aaii_bears,37.1
2022-06-02,aaii_bulls,32.0
2022-06-02,aaii_neutral,30.9
2022-06-02,aaii_spread,-5.0
2022-06-02,cnn_fear_greed,45
2022-06-03,cnn_fear_greed,35
2022-06-06,cnn_fear_greed,43
2022-06-07,cnn_fear_greed,46
2022-06-08,cnn_fear_greed,48
2022-06-09,aaii_bears,46.9
2022-06-09,aaii_bulls,21.0
2022-06-09,aaii_neutral,32.1
2022-06-09,aaii_spread,-25.9
2022-06-09,cnn_fear_greed,47
2022-06-10,cnn_fear_greed,40
2022-06-13,cnn_fear_greed,25
2022-06-14,cnn_fear_greed,21
2022-06-15,cnn_fear_greed,29
2022-06-16,aaii_bears,58.3
2022-06-16,aaii_bulls,19.4
2022-06-16,aaii_neutral,22.2
2022-06-16,aaii_spread,-38.9
2022-06-16,cnn_fear_greed,18
2022-06-17,cnn_fear_greed,17
2022-06-21,cnn_fear_greed,20
2022-06-22,cnn_fear_greed,27
2022-06-23,aaii_bears,59.3
2022-06-23,aaii_bulls,18.2
2022-06-23,aaii_neutral,22.5
2022-06-23,aaii_spread,-41.1
2022-06-23,cnn_fear_greed,27
2022-06-24,cnn_fear_greed,31
2022-06-27,cnn_fear_greed,31
2022-06-28,cnn_fear_greed,28
2022-06-29,cnn_fear_greed,27
2022-06-30,aaii_bears,46.7
2022-06-30,aaii_bulls,22.8
2022-06-30,aaii_neutral,30.5
2022-06-30,aaii_spread,-23.9
2022-06-30,cnn_fear_greed,24
2022-07-01,cnn_fear_greed,25
2022-07-05,cnn_fear_greed,22
2022-07-06,cnn_fear_greed,23
2022-07-07,aaii_bears,52.8
2022-07-07,aaii_bulls,19.4
2022-07-07,aaii_neutral,27.8
2022-07-07,aaii_spread,-33.4
2022-07-07,cnn_fear_greed,28
2022-07-08,cnn_fear_greed,31
2022-07-11,cnn_fear_greed,30
2022-07-12,cnn_fear_greed,30
2022-07-13,cnn_fear_greed,27
2022-07-14,aaii_bears,46.5
2022-07-14,aaii_bulls,26.9
2022-07-14,aaii_neutral,26.6
2022-07-14,aaii_spread,-19.6
2022-07-14,cnn_fear_greed,27
2022-07-15,cnn_fear_greed,33
2022-07-18,cnn_fear_greed,36
2022-07-19,cnn_fear_greed,39
2022-07-20,cnn_fear_greed,44
2022-07-21,aaii_bears,42.2
2022-07-21,aaii_bulls,29.6
2022-07-21,aaii_neutral,28.2
2022-07-21,aaii_spread,-12.6
2022-07-21,cnn_fear_greed,48
2022-07-22,cnn_fear_greed,42
2022-07-25,cnn_fear_greed,42
2022-07-26,cnn_fear_greed,42
2022-07-27,cnn_fear_greed,47
2022-07-28,aaii_bears,40.1
2022-07-28,aaii_bulls,27.7
2022-07-28,aaii_neutral,32.2
2022-07-28,aaii_spread,-12.4
2022-07-28,cnn_fear_greed,48
2022-07-29,cnn_fear_greed,52
2022-08-01,cnn_fear_greed,59
2022-08-02,cnn_fear_greed,57
2022-08-03,cnn_fear_greed,60
2022-08-04,aaii_bears,38.9
2022-08-04,aaii_bulls,30.6
2022-08-04,aaii_neutral,30.6
2022-08-04,aaii_spread,-8.3
2022-08-04,cnn_fear_greed,62
2022-08-05,cnn_fear_greed,63
2022-08-08,cnn_fear_greed,65
2022-08-09,cnn_fear_greed,64
2022-08-10,cnn_fear_greed,65
2022-08-11,aaii_bears,36.7
2022-08-11,aaii_bulls,32.2
2022-08-11,aaii_neutral,31.2
2022-08-11,aaii_spread,-4.5
2022-08-11,cnn_fear_greed,66
2022-08-12,cnn_fear_greed,68
2022-08-15,cnn_fear_greed,67
2022-08-16,cnn_fear_greed,68
2022-08-17,cnn_fear_greed,67
2022-08-18,aaii_bears,37.2
2022-08-18,aaii_bulls,33.3
2022-08-18,aaii_neutral,29.5
2022-08-18,aaii_spread,-3.8
2022-08-18,cnn_fear_greed,66
2022-08-19,cnn_fear_greed,64
2022-08-22,cnn_fear_greed,60
2022-08-23,cnn_fear_greed,57
2022-08-24,cnn_fear_greed,58
2022-08-25,aaii_bears,42.4
2022-08-25,aaii_bulls,27.7
2022-08-25,aaii_neutral,29.9
2022-08-25,aaii_spread,-14.7
2022-08-25,cnn_fear_greed,58
2022-08-26,cnn_fear_greed,56
2022-08-29,cnn_fear_greed,54
2022-08-30,cnn_fear_greed,50
2022-08-31,cnn_fear_greed,52
2022-09-01,aaii_bears,50.4
2022-09-01,aaii_bulls,21.9
2022-09-01,aaii_neutral,27.7
2022-09-01,aaii_spread,-28.5
2022-09-01,cnn_fear_greed,49
2022-09-02,cnn_fear_greed,42
2022-09-06,cnn_fear_greed,41
2022-09-07,cnn_fear_greed,40
2022-09-08,aaii_bears,53.3
2022-09-08,aaii_bulls,18.1
2022-09-08,aaii_neutral,28.7
2022-09-08,aaii_spread,-35.2
2022-09-08,cnn_fear_greed,40
2022-09-09,cnn_fear_greed,44
2022-09-12,cnn_fear_greed,48
2022-09-13,cnn_fear_greed,37
2022-09-14,cnn_fear_greed,42
2022-09-15,aaii_bears,46.0
2022-09-15,aaii_bulls,26.1
2022-09-15,aaii_neutral,27.9
2022-09-15,aaii_spread,-19.9
2022-09-15,cnn_fear_greed,41
2022-09-16,cnn_fear_greed,35
2022-09-19,cnn_fear_greed,36
2022-09-20,cnn_fear_greed,36
2022-09-21,cnn_fear_greed,27
2022-09-22,aaii_bears,60.9
2022-09-22,aaii_bulls,17.7
2022-09-22,aaii_neutral,21.4
2022-09-22,aaii_spread,-43.1
2022-09-22,cnn_fear_greed,24
2022-09-23,cnn_fear_greed,22
2022-09-26,cnn_fear_greed,18
2022-09-27,cnn_fear_greed,17
2022-09-28,cnn_fear_greed,17
2022-09-29,aaii_bears,60.8
2022-09-29,aaii_bulls,20.0
2022-09-29,aaii_neutral,19.2
2022-09-29,aaii_spread,-40.9
2022-09-29,cnn_fear_greed,13
2022-09-30,cnn_fear_greed,16
2022-10-03,cnn_fear_greed,20
2022-10-04,cnn_fear_greed,28
2022-10-05,cnn_fear_greed,30
2022-10-06,aaii_bears,54.8
2022-10-06,aaii_bulls,23.9
2022-10-06,aaii_neutral,21.3
2022-10-06,aaii_spread,-30.8
2022-10-06,cnn_fear_greed,23
2022-10-07,cnn_fear_greed,20
2022-10-10,cnn_fear_greed,19
2022-10-11,cnn_fear_greed,17
2022-10-12,cnn_fear_greed,16
2022-10-13,aaii_bears,55.9
2022-10-13,aaii_bulls,20.4
2022-10-13,aaii_neutral,23.7
2022-10-13,aaii_spread,-35.6
2022-10-13,cnn_fear_greed,19
2022-10-14,cnn_fear_greed,16
2022-10-17,cnn_fear_greed,23
2022-10-18,cnn_fear_greed,29
2022-10-19,cnn_fear_greed,29
2022-10-20,aaii_bears,56.2
2022-10-20,aaii_bulls,22.6
2022-10-20,aaii_neutral,21.2
2022-10-20,aaii_spread,-33.6
2022-10-20,cnn_fear_greed,39
2022-10-21,cnn_fear_greed,44
2022-10-24,cnn_fear_greed,47
2022-10-25,cnn_fear_greed,51
2022-10-26,cnn_fear_greed,54
2022-10-27,aaii_bears,45.7
2022-10-27,aaii_bulls,26.6
2022-10-27,aaii_neutral,27.7
2022-10-27,aaii_spread,-19.1
2022-10-27,cnn_fear_greed,55
2022-10-28,cnn_fear_greed,57
2022-10-31,cnn_fear_greed,64
2022-11-01,cnn_fear_greed,64
2022-11-02,cnn_fear_greed,55
2022-11-03,aaii_bears,32.9
2022-11-03,aaii_bulls,30.6
2022-11-03,aaii_neutral,36.5
2022-11-03,aaii_spread,-2.3
2022-11-03,cnn_fear_greed,56
2022-11-04,cnn_fear_greed,57
2022-11-07,cnn_fear_greed,60
2022-11-08,cnn_fear_greed,58
2022-11-09,cnn_fear_greed,54
2022-11-10,aaii_bears,47.0
2022-11-10,aaii_bulls,25.1
2022-11-10,aaii_neutral,27.9
2022-11-10,aaii_spread,-22.0
2022-11-10,cnn_fear_greed,60
2022-11-11,cnn_fear_greed,64
2022-11-14,cnn_fear_greed,63
2022-11-15,cnn_fear_greed,67
2022-11-16,cnn_fear_greed,65
2022-11-17,aaii_bears,40.2
2022-11-17,aaii_bulls,33.5
2022-11-17,aaii_neutral,26.3
2022-11-17,aaii_spread,-6.8
2022-11-17,cnn_fear_greed,61
2022-11-18,cnn_fear_greed,60
2022-11-21,cnn_fear_greed,61
2022-11-22,cnn_fear_greed,61
2022-11-23,cnn_fear_greed,64
2022-11-24,aaii_bears,40.2
2022-11-24,aaii_bulls,28.9
2022-11-24,aaii_neutral,30.9
2022-11-24,aaii_spread,-11.4
2022-11-25,cnn_fear_greed,63
2022-11-28,cnn_fear_greed,60
2022-11-29,cnn_fear_greed,58
2022-11-30,cnn_fear_greed,74
2022-12-01,aaii_bears,40.4
2022-12-01,aaii_bulls,24.5
2022-12-01,aaii_neutral,35.1
2022-12-01,aaii_spread,-16.0
2022-12-01,cnn_fear_greed,76
2022-12-02,cnn_fear_greed,68
2022-12-05,cnn_fear_greed,65
2022-12-06,cnn_fear_greed,62
2022-12-07,cnn_fear_greed,58
2022-12-08,aaii_bears,41.8
2022-12-08,aaii_bulls,24.7
2022-12-08,aaii_neutral,33.5
2022-12-08,aaii_spread,-17.1
2022-12-08,cnn_fear_greed,56
2022-12-09,cnn_fear_greed,52
2022-12-12,cnn_fear_greed,57
2022-12-13,cnn_fear_greed,59
2022-12-14,cnn_fear_greed,61
2022-12-15,aaii_bears,44.6
2022-12-15,aaii_bulls,24.3
2022-12-15,aaii_neutral,31.1
2022-12-15,aaii_spread,-20.3
2022-12-15,cnn_fear_greed,60
2022-12-16,cnn_fear_greed,44
2022-12-19,cnn_fear_greed,40
2022-12-20,cnn_fear_greed,38
2022-12-21,cnn_fear_greed,39
2022-12-22,aaii_bears,52.3
2022-12-22,aaii_bulls,20.3
2022-12-22,aaii_neutral,27.4
2022-12-22,aaii_spread,-32.0
2022-12-22,cnn_fear_greed,37
2022-12-23,cnn_fear_greed,40
2022-12-27,cnn_fear_greed,40
2022-12-28,cnn_fear_greed,36
2022-12-29,aaii_bears,47.6
2022-12-29,aaii_bulls,26.5
2022-12-29,aaii_neutral,25.9
2022-12-29,aaii_spread,-21.1
2022-12-29,cnn_fear_greed,37
2022-12-30,cnn_fear_greed,37
2023-01-03,cnn_fear_greed,37
2023-01-04,cnn_fear_greed,40
2023-01-05,aaii_bears,42.0
2023-01-05,aaii_bulls,20.5
2023-01-05,aaii_neutral,37.5
2023-01-05,aaii_spread,-21.5
2023-01-05,cnn_fear_greed,44
2023-01-06,cnn_fear_greed,46
2023-01-09,cnn_fear_greed,47
2023-01-10,cnn_fear_greed,50
2023-01-11,cnn_fear_greed,54
2023-01-12,aaii_bears,39.9
2023-01-12,aaii_bulls,24.0
2023-01-12,aaii_neutral,36.0
2023-01-12,aaii_spread,-15.9
2023-01-12,cnn_fear_greed,57
2023-01-13,cnn_fear_greed,61
2023-01-17,cnn_fear_greed,64
2023-01-18,cnn_fear_greed,58
2023-01-19,aaii_bears,33.1
2023-01-19,aaii_bulls,31.0
2023-01-19,aaii_neutral,36.0
2023-01-19,aaii_spread,-2.1
2023-01-19,cnn_fear_greed,55
2023-01-20,cnn_fear_greed,59
2023-01-23,cnn_fear_greed,64
2023-01-24,cnn_fear_greed,63
2023-01-25,cnn_fear_greed,64
2023-01-26,aaii_bears,36.7
2023-01-26,aaii_bulls,28.4
2023-01-26,aaii_neutral,35.0
2023-01-26,aaii_spread,-8.3
2023-01-26,cnn_fear_greed,68
2023-01-27,cnn_fear_greed,69
2023-01-30,cnn_fear_greed,67
2023-01-31,cnn_fear_greed,70
2023-02-01,cnn_fear_greed,82
2023-02-02,aaii_bears,34.6
2023-02-02,aaii_bulls,29.9
2023-02-02,aaii_neutral,35.5
2023-02-02,aaii_spread,-4.7
2023-02-02,cnn_fear_greed,75
2023-02-03,cnn_fear_greed,76
2023-02-06,cnn_fear_greed,76
2023-02-07,cnn_fear_greed,76
2023-02-08,cnn_fear_greed,75
2023-02-09,aaii_bears,25.0
2023-02-09,aaii_bulls,37.5
2023-02-09,aaii_neutral,37.5
2023-02-09,aaii_spread,12.5
2023-02-09,cnn_fear_greed,73
2023-02-10,cnn_fear_greed,72
2023-02-13,cnn_fear_greed,72
2023-02-14,cnn_fear_greed,73
2023-02-15,cnn_fear_greed,74
2023-02-16,aaii_bears,28.8
2023-02-16,aaii_bulls,34.1
2023-02-16,aaii_neutral,37.1
2023-02-16,aaii_spread,5.3
2023-02-16,cnn_fear_greed,71
2023-02-17,cnn_fear_greed,69
2023-02-21,cnn_fear_greed,66
2023-02-22,cnn_fear_greed,64
2023-02-23,aaii_bears,38.6
2023-02-23,aaii_bulls,21.6
2023-02-23,aaii_neutral,39.8
2023-02-23,aaii_spread,-16.9
2023-02-23,cnn_fear_greed,63
2023-02-24,cnn_fear_greed,61
2023-02-27,cnn_fear_greed,61
2023-02-28,cnn_fear_greed,61
2023-03-01,cnn_fear_greed,66
2023-03-02,aaii_bears,44.8
2023-03-02,aaii_bulls,23.4
2023-03-02,aaii_neutral,31.8
2023-03-02,aaii_spread,-21.4
2023-03-02,cnn_fear_greed,52
2023-03-03,cnn_fear_greed,56
2023-03-06,cnn_fear_greed,55
2023-03-07,cnn_fear_greed,49
2023-03-08,cnn_fear_greed,50
2023-03-09,aaii_bears,41.7
2023-03-09,aaii_bulls,24.8
2023-03-09,aaii_neutral,33.4
2023-03-09,aaii_spread,-16.9
2023-03-09,cnn_fear_greed,38
2023-03-10,cnn_fear_greed,27
2023-03-13,cnn_fear_greed,23
2023-03-14,cnn_fear_greed,25
2023-03-15,cnn_fear_greed,23
2023-03-16,aaii_bears,48.4
2023-03-16,aaii_bulls,19.2
2023-03-16,aaii_neutral,32.4
2023-03-16,aaii_spread,-29.2
2023-03-16,cnn_fear_greed,33
2023-03-17,cnn_fear_greed,27
2023-03-20,cnn_fear_greed,30
2023-03-21,cnn_fear_greed,43
2023-03-22,cnn_fear_greed,41
2023-03-23,aaii_bears,48.9
2023-03-23,aaii_bulls,20.9
2023-03-23,aaii_neutral,30.2
2023-03-23,aaii_spread,-27.9
2023-03-23,cnn_fear_greed,38
2023-03-24,cnn_fear_greed,38
2023-03-27,cnn_fear_greed,40
2023-03-28,cnn_fear_greed,40
2023-03-29,cnn_fear_greed,41
2023-03-30,aaii_bears,45.6
2023-03-30,aaii_bulls,22.5
2023-03-30,aaii_neutral,31.9
2023-03-30,aaii_spread,-23.1
2023-03-30,cnn_fear_greed,45
2023-03-31,cnn_fear_greed,49
2023-04-03,cnn_fear_greed,61
2023-04-04,cnn_fear_greed,50
2023-04-05,cnn_fear_greed,53
2023-04-06,aaii_bears,35.0
2023-04-06,aaii_bulls,33.3
2023-04-06,aaii_neutral,31.6
2023-04-06,aaii_spread,-1.7
2023-04-06,cnn_fear_greed,55
2023-04-10,cnn_fear_greed,58
2023-04-11,cnn_fear_greed,58
2023-04-12,cnn_fear_greed,61
2023-04-13,aaii_bears,34.5
2023-04-13,aaii_bulls,26.1
2023-04-13,aaii_neutral,39.5
2023-04-13,aaii_spread,-8.4
2023-04-13,cnn_fear_greed,63
2023-04-14,cnn_fear_greed,66
2023-04-17,cnn_fear_greed,67
2023-04-18,cnn_fear_greed,65
2023-04-19,cnn_fear_greed,67
2023-04-20,aaii_bears,35.1
2023-04-20,aaii_bulls,27.2
2023-04-20,aaii_neutral,37.7
2023-04-20,aaii_spread,-7.9
2023-04-20,cnn_fear_greed,64
2023-04-21,cnn_fear_greed,64
2023-04-24,cnn_fear_greed,63
2023-04-25,cnn_fear_greed,57
2023-04-26,cnn_fear_greed,52
2023-04-27,aaii_bears,38.5
2023-04-27,aaii_bulls,24.1
2023-04-27,aaii_neutral,37.4
2023-04-27,aaii_spread,-14.4
2023-04-27,cnn_fear_greed,58
2023-04-28,cnn_fear_greed,59
2023-05-01,cnn_fear_greed,59
2023-05-02,cnn_fear_greed,56
2023-05-03,cnn_fear_greed,55
2023-05-04,aaii_bears,44.9
2023-05-04,aaii_bulls,24.1
2023-05-04,aaii_neutral,31.0
2023-05-04,aaii_spread,-20.8
2023-05-04,cnn_fear_greed,50
2023-05-05,cnn_fear_greed,54
2023-05-08,cnn_fear_greed,57
2023-05-09,cnn_fear_greed,60
2023-05-10,cnn_fear_greed,60
2023-05-11,aaii_bears,41.2
2023-05-11,aaii_bulls,29.4
2023-05-11,aaii_neutral,29.4
2023-05-11,aaii_spread,-11.8
2023-05-11,cnn_fear_greed,59
2023-05-12,cnn_fear_greed,57
2023-05-15,cnn_fear_greed,57
2023-05-16,cnn_fear_greed,55
2023-05-17,cnn_fear_greed,60
2023-05-18,aaii_bears,39.7
2023-05-18,aaii_bulls,22.9
2023-05-18,aaii_neutral,37.4
2023-05-18,aaii_spread,-16.8
2023-05-18,cnn_fear_greed,65
2023-05-19,cnn_fear_greed,65
2023-05-22,cnn_fear_greed,68
2023-05-23,cnn_fear_greed,66
2023-05-24,cnn_fear_greed,62
2023-05-25,aaii_bears,39.7
2023-05-25,aaii_bulls,27.4
2023-05-25,aaii_neutral,32.9
2023-05-25,aaii_spread,-12.3
2023-05-25,cnn_fear_greed,63
2023-05-26,cnn_fear_greed,66
2023-05-30,cnn_fear_greed,66
2023-05-31,cnn_fear_greed,64
2023-06-01,aaii_bears,36.8
2023-06-01,aaii_bulls,29.1
2023-06-01,aaii_neutral,34.1
2023-06-01,aaii_spread,-7.8
2023-06-01,cnn_fear_greed,68
2023-06-02,cnn_fear_greed,75
2023-06-05,cnn_fear_greed,69
2023-06-06,cnn_fear_greed,74
2023-06-07,cnn_fear_greed,74
2023-06-08,aaii_bears,24.3
2023-06-08,aaii_bulls,44.5
2023-06-08,aaii_neutral,31.2
2023-06-08,aaii_spread,20.2
2023-06-08,cnn_fear_greed,76
2023-06-09,cnn_fear_greed,77
2023-06-12,cnn_fear_greed,78
2023-06-13,cnn_fear_greed,80
2023-06-14,cnn_fear_greed,80
2023-06-15,aaii_bears,22.7
2023-06-15,aaii_bulls,45.2
2023-06-15,aaii_neutral,32.1
2023-06-15,aaii_spread,22.5
2023-06-15,cnn_fear_greed,81
2023-06-16,cnn_fear_greed,81
2023-06-20,cnn_fear_greed,80
2023-06-21,cnn_fear_greed,80
2023-06-22,aaii_bears,27.8
2023-06-22,aaii_bulls,42.9
2023-06-22,aaii_neutral,29.4
2023-06-22,aaii_spread,15.1
2023-06-22,cnn_fear_greed,80
2023-06-23,cnn_fear_greed,76
2023-06-26,cnn_fear_greed,73
2023-06-27,cnn_fear_greed,75
2023-06-28,cnn_fear_greed,77
2023-06-29,aaii_bears,27.5
2023-06-29,aaii_bulls,41.9
2023-06-29,aaii_neutral,30.6
2023-06-29,aaii_spread,14.5
2023-06-29,cnn_fear_greed,79
2023-06-30,cnn_fear_greed,79
2023-07-03,cnn_fear_greed,82
2023-07-05,cnn_fear_greed,79
2023-07-06,aaii_bears,24.5
2023-07-06,aaii_bulls,46.4
2023-07-06,aaii_neutral,29.1
2023-07-06,aaii_spread,21.9
2023-07-06,cnn_fear_greed,78
2023-07-07,cnn_fear_greed,78
2023-07-10,cnn_fear_greed,77
2023-07-11,cnn_fear_greed,78
2023-07-12,cnn_fear_greed,78
2023-07-13,aaii_bears,25.9
2023-07-13,aaii_bulls,41.0
2023-07-13,aaii_neutral,33.1
2023-07-13,aaii_spread,15.1
2023-07-13,cnn_fear_greed,79
2023-07-14,cnn_fear_greed,80
2023-07-17,cnn_fear_greed,80
2023-07-18,cnn_fear_greed,82
2023-07-19,cnn_fear_greed,82
2023-07-20,aaii_bears,21.5
2023-07-20,aaii_bulls,51.4
2023-07-20,aaii_neutral,27.1
2023-07-20,aaii_spread,29.9
2023-07-20,cnn_fear_greed,81
2023-07-21,cnn_fear_greed,81
2023-07-24,cnn_fear_greed,83
2023-07-25,cnn_fear_greed,81
2023-07-26,cnn_fear_greed,81
2023-07-27,aaii_bears,24.1
2023-07-27,aaii_bulls,44.9
2023-07-27,aaii_neutral,31.0
2023-07-27,aaii_spread,20.8
2023-07-27,cnn_fear_greed,78
2023-07-28,cnn_fear_greed,77
2023-07-31,cnn_fear_greed,78
2023-08-01,cnn_fear_greed,77
2023-08-02,cnn_fear_greed,77
2023-08-03,aaii_bears,21.3
2023-08-03,aaii_bulls,49.0
2023-08-03,aaii_neutral,29.7
2023-08-03,aaii_spread,27.7
2023-08-03,cnn_fear_greed,74
2023-08-04,cnn_fear_greed,64
2023-08-07,cnn_fear_greed,72
2023-08-08,cnn_fear_greed,69
2023-08-09,cnn_fear_greed,67
2023-08-10,aaii_bears,25.5
2023-08-10,aaii_bulls,44.7
2023-08-10,aaii_neutral,29.8
2023-08-10,aaii_spread,19.2
2023-08-10,cnn_fear_greed,66
2023-08-11,cnn_fear_greed,65
2023-08-14,cnn_fear_greed,66
2023-08-15,cnn_fear_greed,54
2023-08-16,cnn_fear_greed,49
2023-08-17,aaii_bears,30.1
2023-08-17,aaii_bulls,35.9
2023-08-17,aaii_neutral,34.0
2023-08-17,aaii_spread,5.8
2023-08-17,cnn_fear_greed,46
2023-08-18,cnn_fear_greed,44
2023-08-21,cnn_fear_greed,43
2023-08-22,cnn_fear_greed,43
2023-08-23,cnn_fear_greed,50
2023-08-24,aaii_bears,35.9
2023-08-24,aaii_bulls,32.3
2023-08-24,aaii_neutral,31.8
2023-08-24,aaii_spread,-3.7
2023-08-24,cnn_fear_greed,41
2023-08-25,cnn_fear_greed,47
2023-08-28,cnn_fear_greed,45
2023-08-29,cnn_fear_greed,49
2023-08-30,cnn_fear_greed,50
2023-08-31,aaii_bears,34.5
2023-08-31,aaii_bulls,33.1
2023-08-31,aaii_neutral,32.4
2023-08-31,aaii_spread,-1.4
2023-08-31,cnn_fear_greed,53
2023-09-01,cnn_fear_greed,55
2023-09-05,cnn_fear_greed,59
2023-09-06,cnn_fear_greed,57
2023-09-07,aaii_bears,29.6
2023-09-07,aaii_bulls,42.2
2023-09-07,aaii_neutral,28.2
2023-09-07,aaii_spread,12.6
2023-09-07,cnn_fear_greed,54
2023-09-08,cnn_fear_greed,52
2023-09-11,cnn_fear_greed,52
2023-09-12,cnn_fear_greed,51
2023-09-13,cnn_fear_greed,51
2023-09-14,aaii_bears,29.2
2023-09-14,aaii_bulls,34.4
2023-09-14,aaii_neutral,36.4
2023-09-14,aaii_spread,5.2
2023-09-14,cnn_fear_greed,54
2023-09-15,cnn_fear_greed,52
2023-09-18,cnn_fear_greed,49
2023-09-19,cnn_fear_greed,50
2023-09-20,cnn_fear_greed,48
2023-09-21,aaii_bears,34.6
2023-09-21,aaii_bulls,31.3
2023-09-21,aaii_neutral,34.1
2023-09-21,aaii_spread,-3.3
2023-09-21,cnn_fear_greed,37
2023-09-22,cnn_fear_greed,33
2023-09-25,cnn_fear_greed,38
2023-09-26,cnn_fear_greed,24
2023-09-27,cnn_fear_greed,23
2023-09-28,aaii_bears,40.9
2023-09-28,aaii_bulls,27.8
2023-09-28,aaii_neutral,31.3
2023-09-28,aaii_spread,-13.2
2023-09-28,cnn_fear_greed,29
2023-09-29,cnn_fear_greed,28
2023-10-02,cnn_fear_greed,28
2023-10-03,cnn_fear_greed,21
2023-10-04,cnn_fear_greed,21
2023-10-05,aaii_bears,41.6
2023-10-05,aaii_bulls,30.1
2023-10-05,aaii_neutral,28.3
2023-10-05,aaii_spread,-11.5
2023-10-05,cnn_fear_greed,20
2023-10-06,cnn_fear_greed,28
2023-10-09,cnn_fear_greed,29
2023-10-10,cnn_fear_greed,32
2023-10-11,cnn_fear_greed,34
2023-10-12,aaii_bears,36.5
2023-10-12,aaii_bulls,40.0
2023-10-12,aaii_neutral,23.5
2023-10-12,aaii_spread,3.5
2023-10-12,cnn_fear_greed,36
2023-10-13,cnn_fear_greed,26
2023-10-16,cnn_fear_greed,36
2023-10-17,cnn_fear_greed,39
2023-10-18,cnn_fear_greed,31
2023-10-19,aaii_bears,34.6
2023-10-19,aaii_bulls,34.1
2023-10-19,aaii_neutral,31.3
2023-10-19,aaii_spread,-0.5
2023-10-19,cnn_fear_greed,30
2023-10-20,cnn_fear_greed,23
2023-10-23,cnn_fear_greed,26
2023-10-24,cnn_fear_greed,33
2023-10-25,cnn_fear_greed,25
2023-10-26,aaii_bears,43.2
2023-10-26,aaii_bulls,29.3
2023-10-26,aaii_neutral,27.5
2023-10-26,aaii_spread,-13.9
2023-10-26,cnn_fear_greed,23
2023-10-27,cnn_fear_greed,22
2023-10-30,cnn_fear_greed,29
2023-10-31,cnn_fear_greed,30
2023-11-01,cnn_fear_greed,32
2023-11-02,aaii_bears,50.3
2023-11-02,aaii_bulls,24.3
2023-11-02,aaii_neutral,25.4
2023-11-02,aaii_spread,-26.0
2023-11-02,cnn_fear_greed,38
2023-11-03,cnn_fear_greed,36
2023-11-06,cnn_fear_greed,39
2023-11-07,cnn_fear_greed,40
2023-11-08,cnn_fear_greed,40
2023-11-09,aaii_bears,27.2
2023-11-09,aaii_bulls,42.6
2023-11-09,aaii_neutral,30.2
2023-11-09,aaii_spread,15.4
2023-11-09,cnn_fear_greed,41
2023-11-10,cnn_fear_greed,41
2023-11-13,cnn_fear_greed,40
2023-11-14,cnn_fear_greed,47
2023-11-15,cnn_fear_greed,53
2023-11-16,aaii_bears,28.1
2023-11-16,aaii_bulls,43.8
2023-11-16,aaii_neutral,28.1
2023-11-16,aaii_spread,15.7
2023-11-16,cnn_fear_greed,55
2023-11-17,cnn_fear_greed,59
2023-11-20,cnn_fear_greed,61
2023-11-21,cnn_fear_greed,61
2023-11-22,cnn_fear_greed,65
2023-11-23,aaii_bears,23.6
2023-11-23,aaii_bulls,45.3
2023-11-23,aaii_neutral,31.1
2023-11-23,aaii_spread,21.7
2023-11-24,cnn_fear_greed,67
2023-11-27,cnn_fear_greed,65
2023-11-28,cnn_fear_greed,65
2023-11-29,cnn_fear_greed,63
2023-11-29,naaim,81.38
2023-11-30,aaii_bears,19.6
2023-11-30,aaii_bulls,48.8
2023-11-30,aaii_neutral,31.7
2023-11-30,aaii_spread,29.2
2023-11-30,cnn_fear_greed,64
2023-12-01,cnn_fear_greed,65
2023-12-04,cnn_fear_greed,64
2023-12-05,cnn_fear_greed,65
2023-12-06,cnn_fear_greed,64
2023-12-06,naaim,76.09
2023-12-07,aaii_bears,27.4
2023-12-07,aaii_bulls,47.3
2023-12-07,aaii_neutral,25.3
2023-12-07,aaii_spread,19.9
2023-12-07,cnn_fear_greed,66
2023-12-08,cnn_fear_greed,66
2023-12-11,cnn_fear_greed,67
2023-12-12,cnn_fear_greed,68
2023-12-13,cnn_fear_greed,68
2023-12-13,naaim,77.97
2023-12-14,aaii_bears,19.3
2023-12-14,aaii_bulls,51.3
2023-12-14,aaii_neutral,29.4
2023-12-14,aaii_spread,32.0
2023-12-14,cnn_fear_greed,71
2023-12-15,cnn_fear_greed,69
2023-12-18,cnn_fear_greed,70
2023-12-19,cnn_fear_greed,83
2023-12-20,cnn_fear_greed,76
2023-12-20,naaim,97.32
2023-12-21,aaii_bears,20.9
2023-12-21,aaii_bulls,52.9
2023-12-21,aaii_neutral,26.2
2023-12-21,aaii_spread,32.0
2023-12-21,cnn_fear_greed,77
2023-12-22,cnn_fear_greed,80
2023-12-26,cnn_fear_greed,82
2023-12-27,cnn_fear_greed,81
2023-12-27,naaim,102.71
2023-12-28,aaii_bears,25.1
2023-12-28,aaii_bulls,46.3
2023-12-28,aaii_neutral,28.6
2023-12-28,aaii_spread,21.3
2023-12-28,cnn_fear_greed,81
2023-12-29,cnn_fear_greed,81
2024-01-02,cnn_fear_greed,80
2024-01-03,cnn_fear_greed,77
2024-01-03,naaim,70.95
2024-01-04,aaii_bears,23.5
2024-01-04,aaii_bulls,48.6
2024-01-04,aaii_neutral,27.9
2024-01-04,aaii_spread,25.1
2024-01-04,cnn_fear_greed,79
2024-01-05,cnn_fear_greed,76
2024-01-08,cnn_fear_greed,76
2024-01-09,cnn_fear_greed,76
2024-01-10,cnn_fear_greed,76
2024-01-10,naaim,80.18
2024-01-11,aaii_bears,24.2
2024-01-11,aaii_bulls,48.6
2024-01-11,aaii_neutral,27.2
2024-01-11,aaii_spread,24.4
2024-01-11,cnn_fear_greed,75
2024-01-12,cnn_fear_greed,73
2024-01-16,cnn_fear_greed,72
2024-01-17,cnn_fear_greed,57
2024-01-17,naaim,53.54
2024-01-18,aaii_bears,26.8
2024-01-18,aaii_bulls,40.4
2024-01-18,aaii_neutral,32.9
2024-01-18,aaii_spread,13.6
2024-01-18,cnn_fear_greed,66
2024-01-19,cnn_fear_greed,73
2024-01-22,cnn_fear_greed,73
2024-01-23,cnn_fear_greed,70
2024-01-24,cnn_fear_greed,72
2024-01-24,naaim,84.13
2024-01-25,aaii_bears,26.1
2024-01-25,aaii_bulls,39.3
2024-01-25,aaii_neutral,34.6
2024-01-25,aaii_spread,13.2
2024-01-25,cnn_fear_greed,73
2024-01-26,cnn_fear_greed,74
2024-01-29,cnn_fear_greed,74
2024-01-30,cnn_fear_greed,74
2024-01-31,cnn_fear_greed,64
2024-01-31,naaim,87.36
2024-02-01,aaii_bears,24.5
2024-02-01,aaii_bulls,49.1
2024-02-01,aaii_neutral,26.4
2024-02-01,aaii_spread,24.5
2024-02-01,cnn_fear_greed,72
2024-02-02,cnn_fear_greed,75
2024-02-05,cnn_fear_greed,73
2024-02-06,cnn_fear_greed,73
2024-02-07,cnn_fear_greed,74
2024-02-07,naaim,93.77
2024-02-08,aaii_bears,22.6
2024-02-08,aaii_bulls,49.0
2024-02-08,aaii_neutral,28.4
2024-02-08,aaii_spread,26.5
2024-02-08,cnn_fear_greed,75
2024-02-09,cnn_fear_greed,75
2024-02-12,cnn_fear_greed,76
2024-02-13,cnn_fear_greed,67
2024-02-14,cnn_fear_greed,68
2024-02-14,naaim,95.58
2024-02-15,aaii_bears,26.8
2024-02-15,aaii_bulls,42.2
2024-02-15,aaii_neutral,31.1
2024-02-15,aaii_spread,15.4
2024-02-15,cnn_fear_greed,74
2024-02-16,cnn_fear_greed,73
2024-02-20,cnn_fear_greed,64
2024-02-21,cnn_fear_greed,64
2024-02-21,naaim,74.7
2024-02-22,aaii_bears,26.2
2024-02-22,aaii_bulls,44.3
2024-02-22,aaii_neutral,29.5
2024-02-22,aaii_spread,18.1
2024-02-22,cnn_fear_greed,74
2024-02-23,cnn_fear_greed,73
2024-02-26,cnn_fear_greed,72
2024-02-27,cnn_fear_greed,76
2024-02-28,cnn_fear_greed,77
2024-02-28,naaim,88.99
2024-02-29,aaii_bears,21.3
2024-02-29,aaii_bulls,46.5
2024-02-29,aaii_neutral,32.2
2024-02-29,aaii_spread,25.2
2024-02-29,cnn_fear_greed,77
2024-03-01,cnn_fear_greed,77
2024-03-04,cnn_fear_greed,79
2024-03-05,cnn_fear_greed,76
2024-03-06,cnn_fear_greed,73
2024-03-06,naaim,93.99
2024-03-07,aaii_bears,21.8
2024-03-07,aaii_bulls,51.7
2024-03-07,aaii_neutral,26.5
2024-03-07,aaii_spread,30.0
2024-03-07,cnn_fear_greed,74
2024-03-08,cnn_fear_greed,70
2024-03-11,cnn_fear_greed,63
2024-03-12,cnn_fear_greed,72
2024-03-13,cnn_fear_greed,72
2024-03-13,naaim,104.75
2024-03-14,aaii_bears,21.9
2024-03-14,aaii_bulls,45.9
2024-03-14,aaii_neutral,32.2
2024-03-14,aaii_spread,24.0
2024-03-14,cnn_fear_greed,70
2024-03-15,cnn_fear_greed,69
2024-03-18,cnn_fear_greed,71
2024-03-19,cnn_fear_greed,71
2024-03-20,cnn_fear_greed,70
2024-03-20,naaim,93.22
2024-03-21,aaii_bears,27.2
2024-03-21,aaii_bulls,43.2
2024-03-21,aaii_neutral,29.6
2024-03-21,aaii_spread,16.0
2024-03-21,cnn_fear_greed,71
2024-03-22,cnn_fear_greed,70
2024-03-25,cnn_fear_greed,67
2024-03-26,cnn_fear_greed,68
2024-03-27,cnn_fear_greed,70
2024-03-27,naaim,103.88
2024-03-28,aaii_bears,22.4
2024-03-28,aaii_bulls,50.0
2024-03-28,aaii_neutral,27.6
2024-03-28,aaii_spread,27.6
2024-03-28,cnn_fear_greed,69
2024-04-01,cnn_fear_greed,71
2024-04-02,cnn_fear_greed,71
2024-04-03,cnn_fear_greed,69
2024-04-03,naaim,84.24
2024-04-04,aaii_bears,22.2
2024-04-04,aaii_bulls,47.3
2024-04-04,aaii_neutral,30.5
2024-04-04,aaii_spread,25.1
2024-04-04,cnn_fear_greed,54
2024-04-05,cnn_fear_greed,58
2024-04-08,cnn_fear_greed,64
2024-04-09,cnn_fear_greed,60
2024-04-10,cnn_fear_greed,50
2024-04-10,naaim,81.92
2024-04-11,aaii_bears,24.0
2024-04-11,aaii_bulls,43.4
2024-04-11,aaii_neutral,32.5
2024-04-11,aaii_spread,19.4
2024-04-11,cnn_fear_greed,57
2024-04-12,cnn_fear_greed,45
2024-04-15,cnn_fear_greed,38
2024-04-16,cnn_fear_greed,35
2024-04-17,cnn_fear_greed,31
2024-04-17,naaim,62.98
2024-04-18,aaii_bears,34.0
2024-04-18,aaii_bulls,38.3
2024-04-18,aaii_neutral,27.8
2024-04-18,aaii_spread,4.3
2024-04-18,cnn_fear_greed,30
2024-04-19,cnn_fear_greed,28
2024-04-22,cnn_fear_greed,34
2024-04-23,cnn_fear_greed,37
2024-04-24,cnn_fear_greed,37
2024-04-24,naaim,59.48
2024-04-25,aaii_bears,33.9
2024-04-25,aaii_bulls,32.1
2024-04-25,aaii_neutral,33.9
2024-04-25,aaii_spread,-1.8
2024-04-25,cnn_fear_greed,39
2024-04-26,cnn_fear_greed,41
2024-04-29,cnn_fear_greed,42
2024-04-30,cnn_fear_greed,41
2024-05-01,cnn_fear_greed,41
2024-05-01,naaim,61.97
2024-05-02,aaii_bears,32.5
2024-05-02,aaii_bulls,38.5
2024-05-02,aaii_neutral,29.0
2024-05-02,aaii_spread,6.0
2024-05-02,cnn_fear_greed,42
2024-05-03,cnn_fear_greed,43
2024-05-06,cnn_fear_greed,39
2024-05-07,cnn_fear_greed,37
2024-05-08,cnn_fear_greed,38
2024-05-08,naaim,91.55
2024-05-09,aaii_bears,23.8
2024-05-09,aaii_bulls,40.8
2024-05-09,aaii_neutral,35.4
2024-05-09,aaii_spread,17.0
2024-05-09,cnn_fear_greed,42
2024-05-10,cnn_fear_greed,46
2024-05-13,cnn_fear_greed,48
2024-05-14,cnn_fear_greed,55
2024-05-15,cnn_fear_greed,59
2024-05-15,naaim,89.25
2024-05-16,aaii_bears,23.3
2024-05-16,aaii_bulls,40.9
2024-05-16,aaii_neutral,35.9
2024-05-16,aaii_spread,17.6
2024-05-16,cnn_fear_greed,62
2024-05-17,cnn_fear_greed,63
2024-05-20,cnn_fear_greed,60
2024-05-21,cnn_fear_greed,59
2024-05-22,cnn_fear_greed,59
2024-05-22,naaim,94.45
2024-05-23,aaii_bears,26.3
2024-05-23,aaii_bulls,47.0
2024-05-23,aaii_neutral,26.6
2024-05-23,aaii_spread,20.7
2024-05-23,cnn_fear_greed,52
2024-05-24,cnn_fear_greed,52
2024-05-28,cnn_fear_greed,55
2024-05-29,cnn_fear_greed,50
2024-05-29,naaim,92.21
2024-05-30,aaii_bears,26.7
2024-05-30,aaii_bulls,39.0
2024-05-30,aaii_neutral,34.2
2024-05-30,aaii_spread,12.3
2024-05-30,cnn_fear_greed,45
2024-05-31,cnn_fear_greed,48
2024-06-03,cnn_fear_greed,45
2024-06-04,cnn_fear_greed,48
2024-06-05,cnn_fear_greed,51
2024-06-05,naaim,68.65
2024-06-06,aaii_bears,32.0
2024-06-06,aaii_bulls,39.0
2024-06-06,aaii_neutral,29.0
2024-06-06,aaii_spread,7.0
2024-06-06,cnn_fear_greed,45
2024-06-07,cnn_fear_greed,43
2024-06-10,cnn_fear_greed,45
2024-06-11,cnn_fear_greed,44
2024-06-12,cnn_fear_greed,47
2024-06-12,naaim,86.3
2024-06-13,aaii_bears,25.7
2024-06-13,aaii_bulls,44.6
2024-06-13,aaii_neutral,29.7
2024-06-13,aaii_spread,18.9
2024-06-13,cnn_fear_greed,45
2024-06-14,cnn_fear_greed,41
2024-06-17,cnn_fear_greed,43
2024-06-18,cnn_fear_greed,41
2024-06-19,naaim,85.26
2024-06-20,aaii_bears,22.5
2024-06-20,aaii_bulls,44.4
2024-06-20,aaii_neutral,33.1
2024-06-20,aaii_spread,21.9
2024-06-20,cnn_fear_greed,39
2024-06-21,cnn_fear_greed,39
2024-06-24,cnn_fear_greed,38
2024-06-25,cnn_fear_greed,37
2024-06-26,cnn_fear_greed,41
2024-06-26,naaim,85.44
2024-06-27,aaii_bears,28.3
2024-06-27,aaii_bulls,44.5
2024-06-27,aaii_neutral,27.2
2024-06-27,aaii_spread,16.1
2024-06-27,cnn_fear_greed,46
2024-06-28,cnn_fear_greed,44
2024-07-01,cnn_fear_greed,48
2024-07-02,cnn_fear_greed,50
2024-07-03,cnn_fear_greed,48
2024-07-03,naaim,103.66
2024-07-04,aaii_bears,26.1
2024-07-04,aaii_bulls,41.7
2024-07-04,aaii_neutral,32.2
2024-07-04,aaii_spread,15.7
2024-07-05,cnn_fear_greed,50
2024-07-08,cnn_fear_greed,51
2024-07-09,cnn_fear_greed,51
2024-07-10,cnn_fear_greed,55
2024-07-10,naaim,93.84
2024-07-11,aaii_bears,21.7
2024-07-11,aaii_bulls,49.2
2024-07-11,aaii_neutral,29.1
2024-07-11,aaii_spread,27.5
2024-07-11,cnn_fear_greed,49
2024-07-12,cnn_fear_greed,54
2024-07-15,cnn_fear_greed,58
2024-07-16,cnn_fear_greed,57
2024-07-17,cnn_fear_greed,46
2024-07-17,naaim,87.94
2024-07-18,aaii_bears,23.4
2024-07-18,aaii_bulls,52.7
2024-07-18,aaii_neutral,23.8
2024-07-18,aaii_spread,29.3
2024-07-18,cnn_fear_greed,46
2024-07-19,cnn_fear_greed,43
2024-07-22,cnn_fear_greed,48
2024-07-23,cnn_fear_greed,47
2024-07-24,cnn_fear_greed,39
2024-07-24,naaim,76.7
2024-07-25,aaii_bears,31.7
2024-07-25,aaii_bulls,43.2
2024-07-25,aaii_neutral,25.1
2024-07-25,aaii_spread,11.4
2024-07-25,cnn_fear_greed,39
2024-07-26,cnn_fear_greed,43
2024-07-29,cnn_fear_greed,42
2024-07-30,cnn_fear_greed,41
2024-07-31,cnn_fear_greed,47
2024-07-31,naaim,83.93
2024-08-01,aaii_bears,25.2
2024-08-01,aaii_bulls,44.9
2024-08-01,aaii_neutral,29.9
2024-08-01,aaii_spread,19.7
2024-08-01,cnn_fear_greed,43
2024-08-02,cnn_fear_greed,41
2024-08-05,cnn_fear_greed,33
2024-08-06,cnn_fear_greed,19
2024-08-07,cnn_fear_greed,17
2024-08-07,naaim,75.33
2024-08-08,aaii_bears,37.5
2024-08-08,aaii_bulls,40.5
2024-08-08,aaii_neutral,22.0
2024-08-08,aaii_spread,3.1
2024-08-08,cnn_fear_greed,18
2024-08-09,cnn_fear_greed,24
2024-08-12,cnn_fear_greed,24
2024-08-13,cnn_fear_greed,26
2024-08-14,cnn_fear_greed,26
2024-08-14,naaim,56.57
2024-08-15,aaii_bears,28.9
2024-08-15,aaii_bulls,42.5
2024-08-15,aaii_neutral,28.6
2024-08-15,aaii_spread,13.7
2024-08-15,cnn_fear_greed,32
2024-08-16,cnn_fear_greed,34
2024-08-19,cnn_fear_greed,40
2024-08-20,cnn_fear_greed,45
2024-08-21,cnn_fear_greed,50
2024-08-21,naaim,74.68
2024-08-22,aaii_bears,23.7
2024-08-22,aaii_bulls,51.6
2024-08-22,aaii_neutral,24.7
2024-08-22,aaii_spread,28.0
2024-08-22,cnn_fear_greed,47
2024-08-23,cnn_fear_greed,52
2024-08-26,cnn_fear_greed,53
2024-08-27,cnn_fear_greed,52
2024-08-28,cnn_fear_greed,51
2024-08-28,naaim,81.34
2024-08-29,aaii_bears,27.0
2024-08-29,aaii_bulls,51.2
2024-08-29,aaii_neutral,21.9
2024-08-29,aaii_spread,24.2
2024-08-29,cnn_fear_greed,56
2024-08-30,cnn_fear_greed,60
2024-09-03,cnn_fear_greed,56
2024-09-04,cnn_fear_greed,57
2024-09-04,naaim,70.65
2024-09-05,aaii_bears,24.9
2024-09-05,aaii_bulls,45.3
2024-09-05,aaii_neutral,29.8
2024-09-05,aaii_spread,20.4
2024-09-05,cnn_fear_greed,51
2024-09-06,cnn_fear_greed,39
2024-09-09,cnn_fear_greed,42
2024-09-10,cnn_fear_greed,40
2024-09-11,cnn_fear_greed,43
2024-09-11,naaim,71.93
2024-09-12,aaii_bears,31.0
2024-09-12,aaii_bulls,39.8
2024-09-12,aaii_neutral,29.3
2024-09-12,aaii_spread,8.8
2024-09-12,cnn_fear_greed,43
2024-09-13,cnn_fear_greed,49
2024-09-16,cnn_fear_greed,50
2024-09-17,cnn_fear_greed,55
2024-09-18,cnn_fear_greed,55
2024-09-18,naaim,87.46
2024-09-19,aaii_bears,26.4
2024-09-19,aaii_bulls,50.8
2024-09-19,aaii_neutral,22.8
2024-09-19,aaii_spread,24.4
2024-09-19,cnn_fear_greed,64
2024-09-20,cnn_fear_greed,61
2024-09-23,cnn_fear_greed,64
2024-09-24,cnn_fear_greed,66
2024-09-25,cnn_fear_greed,66
2024-09-25,naaim,86.64
2024-09-26,aaii_bears,23.7
2024-09-26,aaii_bulls,49.6
2024-09-26,aaii_neutral,26.7
2024-09-26,aaii_spread,25.9
2024-09-26,cnn_fear_greed,71
2024-09-27,cnn_fear_greed,67
2024-09-30,cnn_fear_greed,74
2024-10-01,cnn_fear_greed,70
2024-10-02,cnn_fear_greed,71
2024-10-02,naaim,86.93
2024-10-03,aaii_bears,27.3
2024-10-03,aaii_bulls,45.5
2024-10-03,aaii_neutral,27.3
2024-10-03,aaii_spread,18.2
2024-10-03,cnn_fear_greed,69
2024-10-04,cnn_fear_greed,71
2024-10-07,cnn_fear_greed,71
2024-10-08,cnn_fear_greed,71
2024-10-09,cnn_fear_greed,71
2024-10-09,naaim,90.26
2024-10-10,aaii_bears,20.6
2024-10-10,aaii_bulls,49.0
2024-10-10,aaii_neutral,30.4
2024-10-10,aaii_spread,28.5
2024-10-10,cnn_fear_greed,70
2024-10-11,cnn_fear_greed,72
2024-10-14,cnn_fear_greed,74
2024-10-15,cnn_fear_greed,71
2024-10-16,cnn_fear_greed,69
2024-10-16,naaim,81.68
2024-10-17,aaii_bears,25.4
2024-10-17,aaii_bulls,45.5
2024-10-17,aaii_neutral,29.2
2024-10-17,aaii_spread,20.1
2024-10-17,cnn_fear_greed,69
2024-10-18,cnn_fear_greed,72
2024-10-21,cnn_fear_greed,70
2024-10-22,cnn_fear_greed,70
2024-10-23,cnn_fear_greed,63
2024-10-23,naaim,79.13
2024-10-24,aaii_bears,29.9
2024-10-24,aaii_bulls,37.7
2024-10-24,aaii_neutral,32.4
2024-10-24,aaii_spread,7.8
2024-10-24,cnn_fear_greed,63
2024-10-25,cnn_fear_greed,59
2024-10-28,cnn_fear_greed,61
2024-10-29,cnn_fear_greed,60
2024-10-30,cnn_fear_greed,57
2024-10-30,naaim,82.53
2024-10-31,aaii_bears,30.9
2024-10-31,aaii_bulls,39.5
2024-10-31,aaii_neutral,29.6
2024-10-31,aaii_spread,8.6
2024-10-31,cnn_fear_greed,40
2024-11-01,cnn_fear_greed,50
2024-11-04,cnn_fear_greed,42
2024-11-05,cnn_fear_greed,44
2024-11-06,cnn_fear_greed,44
2024-11-06,naaim,88.31
2024-11-07,aaii_bears,27.6
2024-11-07,aaii_bulls,41.5
2024-11-07,aaii_neutral,30.9
2024-11-07,aaii_spread,14.0
2024-11-07,cnn_fear_greed,59
2024-11-08,cnn_fear_greed,59
2024-11-11,cnn_fear_greed,67
2024-11-12,cnn_fear_greed,67
2024-11-13,cnn_fear_greed,66
2024-11-13,naaim,91.6
2024-11-14,aaii_bears,28.3
2024-11-14,aaii_bulls,49.8
2024-11-14,aaii_neutral,21.8
2024-11-14,aaii_spread,21.5
2024-11-14,cnn_fear_greed,60
2024-11-15,cnn_fear_greed,51
2024-11-18,cnn_fear_greed,50
2024-11-19,cnn_fear_greed,50
2024-11-20,cnn_fear_greed,50
2024-11-20,naaim,91.33
2024-11-21,aaii_bears,33.2
2024-11-21,aaii_bulls,41.3
2024-11-21,aaii_neutral,25.5
2024-11-21,aaii_spread,8.1
2024-11-21,cnn_fear_greed,57
2024-11-22,cnn_fear_greed,61
2024-11-25,cnn_fear_greed,63
2024-11-26,cnn_fear_greed,66
2024-11-27,cnn_fear_greed,64
2024-11-27,naaim,98.93
2024-11-28,aaii_bears,38.6
2024-11-28,aaii_bulls,37.1
2024-11-28,aaii_neutral,24.3
2024-11-28,aaii_spread,-1.6
2024-11-29,cnn_fear_greed,65
2024-12-02,cnn_fear_greed,65
2024-12-03,cnn_fear_greed,60
2024-12-04,cnn_fear_greed,57
2024-12-04,naaim,85.49
2024-12-05,aaii_bears,30.7
2024-12-05,aaii_bulls,48.3
2024-12-05,aaii_neutral,21.0
2024-12-05,aaii_spread,17.7
2024-12-05,cnn_fear_greed,55
2024-12-06,cnn_fear_greed,52
2024-12-09,cnn_fear_greed,49
2024-12-10,cnn_fear_greed,47
2024-12-11,cnn_fear_greed,49
2024-12-11,naaim,99.24
2024-12-12,aaii_bears,31.7
2024-12-12,aaii_bulls,43.3
2024-12-12,aaii_neutral,25.0
2024-12-12,aaii_spread,11.7
2024-12-12,cnn_fear_greed,47
2024-12-13,cnn_fear_greed,49
2024-12-16,cnn_fear_greed,56
2024-12-17,cnn_fear_greed,51
2024-12-18,cnn_fear_greed,33
2024-12-18,naaim,82.5
2024-12-19,aaii_bears,31.4
2024-12-19,aaii_bulls,40.7
2024-12-19,aaii_neutral,27.9
2024-12-19,aaii_spread,9.3
2024-12-19,cnn_fear_greed,20
2024-12-20,cnn_fear_greed,28
2024-12-23,cnn_fear_greed,30
2024-12-24,cnn_fear_greed,35
2024-12-25,naaim,80.39
2024-12-26,aaii_bears,34.1
2024-12-26,aaii_bulls,37.8
2024-12-26,aaii_neutral,28.0
2024-12-26,aaii_spread,3.7
2024-12-26,cnn_fear_greed,34
2024-12-27,cnn_fear_greed,34
2024-12-30,cnn_fear_greed,29
2024-12-31,cnn_fear_greed,26
2025-01-01,naaim,64.1
2025-01-02,aaii_bears,34.2
2025-01-02,aaii_bulls,35.4
2025-01-02,aaii_neutral,30.4
2025-01-02,aaii_spread,1.3
2025-01-02,cnn_fear_greed,24
2025-01-03,cnn_fear_greed,29
2025-01-06,cnn_fear_greed,34
2025-01-07,cnn_fear_greed,34
2025-01-08,cnn_fear_greed,32
2025-01-08,naaim,65.38
2025-01-09,aaii_bears,37.4
2025-01-09,aaii_bulls,34.7
2025-01-09,aaii_neutral,28.0
2025-01-09,aaii_spread,-2.7
2025-01-10,cnn_fear_greed,26
2025-01-13,cnn_fear_greed,25
2025-01-14,cnn_fear_greed,25
2025-01-15,cnn_fear_greed,27
2025-01-15,naaim,70.21
2025-01-16,aaii_bears,40.6
2025-01-16,aaii_bulls,25.4
2025-01-16,aaii_neutral,34.0
2025-01-16,aaii_spread,-15.1
2025-01-16,cnn_fear_greed,27
2025-01-17,cnn_fear_greed,36
2025-01-21,cnn_fear_greed,40
2025-01-22,cnn_fear_greed,42
2025-01-22,naaim,86.08
2025-01-23,aaii_bears,29.4
2025-01-23,aaii_bulls,43.4
2025-01-23,aaii_neutral,27.1
2025-01-23,aaii_spread,14.0
2025-01-23,cnn_fear_greed,44
2025-01-24,cnn_fear_greed,46
2025-01-27,cnn_fear_greed,38
2025-01-28,cnn_fear_greed,41
2025-01-29,cnn_fear_greed,42
2025-01-29,naaim,68.28
2025-01-30,aaii_bears,34.0
2025-01-30,aaii_bulls,41.0
2025-01-30,aaii_neutral,25.0
2025-01-30,aaii_spread,6.9
2025-01-30,cnn_fear_greed,46
2025-01-31,cnn_fear_greed,44
2025-02-03,cnn_fear_greed,37
2025-02-04,cnn_fear_greed,37
2025-02-05,cnn_fear_greed,39
2025-02-05,naaim,84.91
2025-02-06,aaii_bears,42.9
2025-02-06,aaii_bulls,33.3
2025-02-06,aaii_neutral,23.8
2025-02-06,aaii_spread,-9.5
2025-02-06,cnn_fear_greed,40
2025-02-07,cnn_fear_greed,38
2025-02-10,cnn_fear_greed,45
2025-02-11,cnn_fear_greed,45
2025-02-12,cnn_fear_greed,41
2025-02-12,naaim,75.62
2025-02-13,aaii_bears,47.3
2025-02-13,aaii_bulls,28.4
2025-02-13,aaii_neutral,24.3
2025-02-13,aaii_spread,-18.9
2025-02-13,cnn_fear_greed,47
2025-02-14,cnn_fear_greed,44
2025-02-18,cnn_fear_greed,47
2025-02-19,cnn_fear_greed,48
2025-02-19,naaim,91.48
2025-02-20,aaii_bears,40.5
2025-02-20,aaii_bulls,29.2
2025-02-20,aaii_neutral,30.3
2025-02-20,aaii_spread,-11.3
2025-02-20,cnn_fear_greed,44
2025-02-21,cnn_fear_greed,37
2025-02-24,cnn_fear_greed,30
2025-02-25,cnn_fear_greed,24
2025-02-26,cnn_fear_greed,21
2025-02-26,naaim,87.87
2025-02-27,aaii_bears,60.6
2025-02-27,aaii_bulls,19.4
2025-02-27,aaii_neutral,20.0
2025-02-27,aaii_spread,-41.2
2025-02-27,cnn_fear_greed,13
2025-02-28,cnn_fear_greed,21
2025-03-03,cnn_fear_greed,12
2025-03-04,cnn_fear_greed,11
2025-03-05,cnn_fear_greed,12
2025-03-05,naaim,74.96
2025-03-06,aaii_bears,57.1
2025-03-06,aaii_bulls,19.3
2025-03-06,aaii_neutral,23.6
2025-03-06,aaii_spread,-37.8
2025-03-06,cnn_fear_greed,17
2025-03-07,cnn_fear_greed,18
2025-03-10,cnn_fear_greed,17
2025-03-11,cnn_fear_greed,15
2025-03-12,cnn_fear_greed,16
2025-03-12,naaim,68.8
2025-03-13,aaii_bears,59.2
2025-03-13,aaii_bulls,19.1
2025-03-13,aaii_neutral,21.7
2025-03-13,aaii_spread,-40.1
2025-03-13,cnn_fear_greed,15
2025-03-14,cnn_fear_greed,22
2025-03-17,cnn_fear_greed,23
2025-03-18,cnn_fear_greed,22
2025-03-19,cnn_fear_greed,22
2025-03-19,naaim,64.64
2025-03-20,aaii_bears,58.1
2025-03-20,aaii_bulls,21.6
2025-03-20,aaii_neutral,20.3
2025-03-20,aaii_spread,-36.5
2025-03-20,cnn_fear_greed,22
2025-03-21,cnn_fear_greed,23
2025-03-24,cnn_fear_greed,25
2025-03-25,cnn_fear_greed,29
2025-03-26,cnn_fear_greed,29
2025-03-26,naaim,57.55
2025-03-27,aaii_bears,52.2
2025-03-27,aaii_bulls,27.4
2025-03-27,aaii_neutral,20.4
2025-03-27,aaii_spread,-24.7
2025-03-27,cnn_fear_greed,28
2025-03-28,cnn_fear_greed,26
2025-03-31,cnn_fear_greed,21
2025-04-01,cnn_fear_greed,20
2025-04-02,cnn_fear_greed,23
2025-04-02,naaim,49.37
2025-04-03,aaii_bears,61.9
2025-04-03,aaii_bulls,21.8
2025-04-03,aaii_neutral,16.3
2025-04-03,aaii_spread,-40.2
2025-04-03,cnn_fear_greed,12
2025-04-04,cnn_fear_greed,5
2025-04-07,cnn_fear_greed,4
2025-04-08,cnn_fear_greed,3
2025-04-09,cnn_fear_greed,10
2025-04-09,naaim,56.96
2025-04-10,aaii_bears,58.9
2025-04-10,aaii_bulls,28.5
2025-04-10,aaii_neutral,12.5
2025-04-10,aaii_spread,-30.4
2025-04-10,cnn_fear_greed,6
2025-04-11,cnn_fear_greed,8
2025-04-14,cnn_fear_greed,12
2025-04-15,cnn_fear_greed,13
2025-04-16,cnn_fear_greed,11
2025-04-16,naaim,35.16
2025-04-17,aaii_bears,56.9
2025-04-17,aaii_bulls,25.4
2025-04-17,aaii_neutral,17.7
2025-04-17,aaii_spread,-31.4
2025-04-17,cnn_fear_greed,16
2025-04-21,cnn_fear_greed,12
2025-04-22,cnn_fear_greed,14
2025-04-23,cnn_fear_greed,22
2025-04-23,naaim,40.67
2025-04-24,aaii_bears,55.6
2025-04-24,aaii_bulls,21.9
2025-04-24,aaii_neutral,22.5
2025-04-24,aaii_spread,-33.6
2025-04-24,cnn_fear_greed,24
2025-04-25,cnn_fear_greed,35
2025-04-28,cnn_fear_greed,32
2025-04-29,cnn_fear_greed,33
2025-04-30,cnn_fear_greed,32
2025-04-30,naaim,59.92
2025-05-01,aaii_bears,59.3
2025-05-01,aaii_bulls,20.9
2025-05-01,aaii_neutral,19.8
2025-05-01,aaii_spread,-38.3
2025-05-01,cnn_fear_greed,41
2025-05-02,cnn_fear_greed,38
2025-05-05,cnn_fear_greed,53
2025-05-06,cnn_fear_greed,55
2025-05-07,cnn_fear_greed,54
2025-05-07,naaim,81.06
2025-05-08,aaii_bears,51.5
2025-05-08,aaii_bulls,29.4
2025-05-08,aaii_neutral,19.0
2025-05-08,aaii_spread,-22.1
2025-05-08,cnn_fear_greed,58
2025-05-09,cnn_fear_greed,60
2025-05-12,cnn_fear_greed,64
2025-05-13,cnn_fear_greed,68
2025-05-14,cnn_fear_greed,70
2025-05-14,naaim,70.56
2025-05-15,aaii_bears,44.4
2025-05-15,aaii_bulls,35.9
2025-05-15,aaii_neutral,19.7
2025-05-15,aaii_spread,-8.5
2025-05-15,cnn_fear_greed,69
2025-05-16,cnn_fear_greed,71
2025-05-19,cnn_fear_greed,70
2025-05-20,cnn_fear_greed,69
2025-05-21,cnn_fear_greed,66
2025-05-21,naaim,80.87
2025-05-22,aaii_bears,36.7
2025-05-22,aaii_bulls,37.7
2025-05-22,aaii_neutral,25.6
2025-05-22,aaii_spread,1.0
2025-05-22,cnn_fear_greed,67
2025-05-23,cnn_fear_greed,64
2025-05-27,cnn_fear_greed,66
2025-05-28,cnn_fear_greed,65
2025-05-28,naaim,88.41
2025-05-29,aaii_bears,41.9
2025-05-29,aaii_bulls,32.9
2025-05-29,aaii_neutral,25.2
2025-05-29,aaii_spread,-9.0
2025-05-29,cnn_fear_greed,64
2025-05-30,cnn_fear_greed,62
2025-06-02,cnn_fear_greed,62
2025-06-03,cnn_fear_greed,55
2025-06-04,cnn_fear_greed,55
2025-06-04,naaim,81.62
2025-06-05,aaii_bears,41.4
2025-06-05,aaii_bulls,32.7
2025-06-05,aaii_neutral,25.9
2025-06-05,aaii_spread,-8.8
2025-06-05,cnn_fear_greed,58
2025-06-06,cnn_fear_greed,62
2025-06-09,cnn_fear_greed,63
2025-06-10,cnn_fear_greed,64
2025-06-11,cnn_fear_greed,64
2025-06-11,naaim,82.66
2025-06-12,aaii_bears,33.6
2025-06-12,aaii_bulls,36.7
2025-06-12,aaii_neutral,29.7
2025-06-12,aaii_spread,3.1
2025-06-12,cnn_fear_greed,65
2025-06-13,cnn_fear_greed,60
2025-06-16,cnn_fear_greed,61
2025-06-17,cnn_fear_greed,57
2025-06-18,cnn_fear_greed,54
2025-06-18,naaim,94.09
2025-06-19,aaii_bears,41.4
2025-06-19,aaii_bulls,33.2
2025-06-19,aaii_neutral,25.4
2025-06-19,aaii_spread,-8.2
2025-06-20,cnn_fear_greed,55
2025-06-23,cnn_fear_greed,57
2025-06-24,cnn_fear_greed,58
2025-06-25,cnn_fear_greed,59
2025-06-25,naaim,81.41
2025-06-26,aaii_bears,40.3
2025-06-26,aaii_bulls,35.1
2025-06-26,aaii_neutral,24.7
2025-06-26,aaii_spread,-5.2
2025-06-26,cnn_fear_greed,63
2025-06-27,cnn_fear_greed,65
2025-06-30,cnn_fear_greed,69
2025-07-01,cnn_fear_greed,68
2025-07-02,cnn_fear_greed,64
2025-07-02,naaim,99.3
2025-07-03,aaii_bears,33.1
2025-07-03,aaii_bulls,45.0
2025-07-03,aaii_neutral,21.9
2025-07-03,aaii_spread,11.9
2025-07-03,cnn_fear_greed,78
2025-07-07,cnn_fear_greed,75
2025-07-08,cnn_fear_greed,75
2025-07-09,cnn_fear_greed,76
2025-07-09,naaim,86.28
2025-07-10,aaii_bears,35.6
2025-07-10,aaii_bulls,41.4
2025-07-10,aaii_neutral,23.0
2025-07-10,aaii_spread,5.7
2025-07-10,cnn_fear_greed,77
2025-07-11,cnn_fear_greed,75
2025-07-14,cnn_fear_greed,76
2025-07-15,cnn_fear_greed,73
2025-07-16,cnn_fear_greed,73
2025-07-16,naaim,83.69
2025-07-17,aaii_bears,39.0
2025-07-17,aaii_bulls,39.3
2025-07-17,aaii_neutral,21.8
2025-07-17,aaii_spread,0.3
2025-07-17,cnn_fear_greed,74
2025-07-18,cnn_fear_greed,74
2025-07-21,cnn_fear_greed,73
2025-07-22,cnn_fear_greed,74
2025-07-23,cnn_fear_greed,76
2025-07-23,naaim,81.07
2025-07-24,aaii_bears,34.0
2025-07-24,aaii_bulls,36.8
2025-07-24,aaii_neutral,29.2
2025-07-24,aaii_spread,2.7
2025-07-24,cnn_fear_greed,75
2025-07-25,cnn_fear_greed,75
2025-07-28,cnn_fear_greed,74
2025-07-29,cnn_fear_greed,71
2025-07-30,cnn_fear_greed,68
2025-07-30,naaim,76.85
2025-07-31,aaii_bears,33.0
2025-07-31,aaii_bulls,40.3
2025-07-31,aaii_neutral,26.7
2025-07-31,aaii_spread,7.3
2025-07-31,cnn_fear_greed,64
2025-08-01,cnn_fear_greed,50
2025-08-04,cnn_fear_greed,57
2025-08-05,cnn_fear_greed,55
2025-08-06,cnn_fear_greed,55
2025-08-06,naaim,96.26
2025-08-07,aaii_bears,43.2
2025-08-07,aaii_bulls,34.9
2025-08-07,aaii_neutral,21.9
2025-08-07,aaii_spread,-8.4
2025-08-07,cnn_fear_greed,55
2025-08-08,cnn_fear_greed,58
2025-08-11,cnn_fear_greed,58
2025-08-12,cnn_fear_greed,62
2025-08-13,cnn_fear_greed,63
2025-08-13,naaim,85.66
2025-08-14,aaii_bears,46.2
2025-08-14,aaii_bulls,29.9
2025-08-14,aaii_neutral,24.0
2025-08-14,aaii_spread,-16.3
2025-08-14,cnn_fear_greed,63
2025-08-15,cnn_fear_greed,64
2025-08-18,cnn_fear_greed,64
2025-08-19,cnn_fear_greed,60
2025-08-20,cnn_fear_greed,56
2025-08-20,naaim,98.15
2025-08-21,aaii_bears,44.8
2025-08-21,aaii_bulls,30.8
2025-08-21,aaii_neutral,24.4
2025-08-21,aaii_spread,-14.0
2025-08-21,cnn_fear_greed,53
2025-08-22,cnn_fear_greed,56
2025-08-25,cnn_fear_greed,54
2025-08-26,cnn_fear_greed,55
2025-08-27,cnn_fear_greed,59
2025-08-27,naaim,92.94
2025-08-28,aaii_bears,39.4
2025-08-28,aaii_bulls,34.6
2025-08-28,aaii_neutral,26.0
2025-08-28,aaii_spread,-4.8
2025-08-28,cnn_fear_greed,64
2025-08-29,cnn_fear_greed,62
2025-09-02,cnn_fear_greed,62
2025-09-03,cnn_fear_greed,61
2025-09-03,naaim,81.58
2025-09-04,aaii_bears,43.4
2025-09-04,aaii_bulls,32.7
2025-09-04,aaii_neutral,23.9
2025-09-04,aaii_spread,-10.7
2025-09-04,cnn_fear_greed,61
2025-09-05,cnn_fear_greed,59
2025-09-08,cnn_fear_greed,58
2025-09-09,cnn_fear_greed,58
2025-09-10,cnn_fear_greed,58
2025-09-10,naaim,86.11
2025-09-11,aaii_bears,49.5
2025-09-11,aaii_bulls,28.0
2025-09-11,aaii_neutral,22.5
2025-09-11,aaii_spread,-21.5
2025-09-11,cnn_fear_greed,60
2025-09-12,cnn_fear_greed,61
2025-09-15,cnn_fear_greed,64
2025-09-16,cnn_fear_greed,64
2025-09-17,cnn_fear_greed,64
2025-09-17,naaim,84.76
2025-09-18,aaii_bears,42.4
2025-09-18,aaii_bulls,41.7
2025-09-18,aaii_neutral,16.0
2025-09-18,aaii_spread,-0.7
2025-09-18,cnn_fear_greed,67
2025-09-19,cnn_fear_greed,66
2025-09-22,cnn_fear_greed,67
2025-09-23,cnn_fear_greed,57
2025-09-24,cnn_fear_greed,55
2025-09-24,naaim,86.24
2025-09-25,aaii_bears,39.2
2025-09-25,aaii_bulls,41.7
2025-09-25,aaii_neutral,19.1
2025-09-25,aaii_spread,2.5
2025-09-25,cnn_fear_greed,51
2025-09-26,cnn_fear_greed,51
2025-09-29,cnn_fear_greed,51
2025-09-30,cnn_fear_greed,51
2025-10-01,cnn_fear_greed,52
2025-10-01,naaim,80.66
2025-10-02,aaii_bears,39.2
2025-10-02,aaii_bulls,42.9
2025-10-02,aaii_neutral,17.9
2025-10-02,aaii_spread,3.8
2025-10-02,cnn_fear_greed,55
2025-10-03,cnn_fear_greed,53
2025-10-06,cnn_fear_greed,54
2025-10-07,cnn_fear_greed,52
2025-10-08,cnn_fear_greed,53
2025-10-08,naaim,84.57
2025-10-09,aaii_bears,35.6
2025-10-09,aaii_bulls,45.9
2025-10-09,aaii_neutral,18.5
2025-10-09,aaii_spread,10.2
2025-10-09,cnn_fear_greed,49
2025-10-10,cnn_fear_greed,30
2025-10-13,cnn_fear_greed,30
2025-10-14,cnn_fear_greed,28
2025-10-15,cnn_fear_greed,27
2025-10-15,naaim,84.87
2025-10-16,aaii_bears,46.1
2025-10-16,aaii_bulls,33.7
2025-10-16,aaii_neutral,20.3
2025-10-16,aaii_spread,-12.4
2025-10-16,cnn_fear_greed,23
2025-10-17,cnn_fear_greed,22
2025-10-20,cnn_fear_greed,30
2025-10-21,cnn_fear_greed,29
2025-10-22,cnn_fear_greed,26
2025-10-22,naaim,90.35
2025-10-23,aaii_bears,42.7
2025-10-23,aaii_bulls,36.9
2025-10-23,aaii_neutral,20.5
2025-10-23,aaii_spread,-5.8
2025-10-23,cnn_fear_greed,28
2025-10-24,cnn_fear_greed,32
2025-10-27,cnn_fear_greed,37
2025-10-28,cnn_fear_greed,39
2025-10-29,cnn_fear_greed,42
2025-10-29,naaim,100.83
2025-10-30,aaii_bears,36.9
2025-10-30,aaii_bulls,44.0
2025-10-30,aaii_neutral,19.1
2025-10-30,aaii_spread,7.2
2025-10-30,cnn_fear_greed,37
2025-10-31,cnn_fear_greed,34
2025-11-03,cnn_fear_greed,33
2025-11-04,cnn_fear_greed,21
2025-11-05,cnn_fear_greed,23
2025-11-05,naaim,90.06
2025-11-06,aaii_bears,36.3
2025-11-06,aaii_bulls,38.0
2025-11-06,aaii_neutral,25.8
2025-11-06,aaii_spread,1.7
2025-11-06,cnn_fear_greed,24
2025-11-07,cnn_fear_greed,20
2025-11-10,cnn_fear_greed,30
2025-11-11,cnn_fear_greed,30
2025-11-12,cnn_fear_greed,35
2025-11-12,naaim,87.87
2025-11-13,aaii_bears,49.1
2025-11-13,aaii_bulls,31.6
2025-11-13,aaii_neutral,19.2
2025-11-13,aaii_spread,-17.5
2025-11-13,cnn_fear_greed,25
2025-11-14,cnn_fear_greed,22
2025-11-17,cnn_fear_greed,12
2025-11-18,cnn_fear_greed,9
2025-11-19,cnn_fear_greed,8
2025-11-19,naaim,86.56
2025-11-20,aaii_bears,43.6
2025-11-20,aaii_bulls,32.6
2025-11-20,aaii_neutral,23.9
2025-11-20,aaii_spread,-11.0
2025-11-20,cnn_fear_greed,5
2025-11-21,cnn_fear_greed,6
2025-11-24,cnn_fear_greed,14
2025-11-25,cnn_fear_greed,15
2025-11-26,cnn_fear_greed,18
2025-11-26,naaim,89.92
2025-11-27,aaii_bears,42.7
2025-11-27,aaii_bulls,32.0
2025-11-27,aaii_neutral,25.3
2025-11-27,aaii_spread,-10.7
2025-11-28,cnn_fear_greed,22
2025-12-01,cnn_fear_greed,22
2025-12-02,cnn_fear_greed,23
2025-12-03,cnn_fear_greed,25
2025-12-03,naaim,98.57
2025-12-04,aaii_bears,30.8
2025-12-04,aaii_bulls,44.3
2025-12-04,aaii_neutral,24.9
2025-12-04,aaii_spread,13.5
2025-12-04,cnn_fear_greed,36
2025-12-05,cnn_fear_greed,38
2025-12-08,cnn_fear_greed,41
2025-12-09,cnn_fear_greed,41
2025-12-10,cnn_fear_greed,36
2025-12-10,naaim,97.13
2025-12-11,aaii_bears,30.6
2025-12-11,aaii_bulls,44.6
2025-12-11,aaii_neutral,24.8
2025-12-11,aaii_spread,14.0
2025-12-11,cnn_fear_greed,44
2025-12-12,cnn_fear_greed,39
2025-12-15,cnn_fear_greed,49
2025-12-16,cnn_fear_greed,46
2025-12-17,cnn_fear_greed,38
2025-12-17,naaim,100.7
2025-12-18,aaii_bears,33.2
2025-12-18,aaii_bulls,44.1
2025-12-18,aaii_neutral,22.7
2025-12-18,aaii_spread,10.9
2025-12-18,cnn_fear_greed,42
2025-12-19,cnn_fear_greed,44
2025-12-22,cnn_fear_greed,55
2025-12-23,cnn_fear_greed,59
2025-12-24,cnn_fear_greed,58
2025-12-24,naaim,95.08
2025-12-25,aaii_bears,34.8
2025-12-25,aaii_bulls,37.4
2025-12-25,aaii_neutral,27.8
2025-12-25,aaii_spread,2.6
2025-12-26,cnn_fear_greed,55
2025-12-29,cnn_fear_greed,48
2025-12-30,cnn_fear_greed,46
2025-12-31,cnn_fear_greed,43
2025-12-31,naaim,92.93
2026-01-01,aaii_bears,27.0
2026-01-01,aaii_bulls,42.0
2026-01-01,aaii_neutral,31.0
2026-01-01,aaii_spread,15.0
