
 RUN  v4.0.18 C:/Users/Patrick/uct-worktrees/notebook-w10-l11/app

 ✓ src/components/chart/engine/ast/thinkscript.test.js (223 tests) 175ms
stdout | src/components/chart/engine/ast/lint.test.js > the measurement over the shipped definitions — and it is allowed to disagree with us > the measurement over the shipped catalogue is the one written in the decision record

── REPAINT LINTER — THE FULL VERDICT TABLE ──
  rsi.rsi                  undecidable-hand-written   —
  rsi.bands                undecidable-hand-written   —
  rsi.midline              undecidable-hand-written   —
  macd.macd                undecidable-hand-written   —
  macd.signal              undecidable-hand-written   —
  macd.histogram           undecidable-hand-written   —
  macd.zero                undecidable-hand-written   —
  bb.upper                 undecidable-hand-written   —
  bb.middle                undecidable-hand-written   —
  bb.lower                 undecidable-hand-written   —
  vwap.vwap                undecidable-hand-written   —
  stoch.k                  undecidable-hand-written   —
  stoch.d                  undecidable-hand-written   —
  stoch.overbought         undecidable-hand-written   —
  stoch.oversold           undecidable-hand-written   —
  atr.atr                  undecidable-hand-written   —
  sar.sar                  undecidable-hand-written   —
  ichimoku.tenkan          undecidable-hand-written   —
  ichimoku.kijun           undecidable-hand-written   —
  ichimoku.spanA           undecidable-hand-written   —
  ichimoku.spanB           undecidable-hand-written   —
  ichimoku.chikou          decided                    preview-repaints
  mfi.mfi                  undecidable-hand-written   —
  mfi.bands                undecidable-hand-written   —
  cci.cci                  undecidable-hand-written   —
  cci.bands                undecidable-hand-written   —
  cci.zero                 undecidable-hand-written   —
  williamsR.williams_r     undecidable-hand-written   —
  williamsR.bands          undecidable-hand-written   —
  adx.adx                  undecidable-hand-written   —
  adx.plusDI               undecidable-hand-written   —
  adx.minusDI              undecidable-hand-written   —
  adx.trend                undecidable-hand-written   —
  obv.obv                  undecidable-hand-written   —
  donchian.upper           undecidable-hand-written   —
  donchian.middle          undecidable-hand-written   —
  donchian.lower           undecidable-hand-written   —
  avwap.avwap              undecidable-hand-written   —
  atrBands.upper           undecidable-hand-written   —
  atrBands.middle          undecidable-hand-written   —
  atrBands.lower           undecidable-hand-written   —
  movingAverage.ma         undecidable-hand-written   —
  dataSeries.value         undecidable-hand-written   —
  dollarVolume.dv          undecidable-hand-written   —
  rsLine.rsLine            undecidable-hand-written   —
  45 plots across 20 definitions · 1 decided · 44 undecidable-hand-written
  ⚠ DISAGREEMENT ichimoku.chikou: shipped=non-repainting measured=preview-repaints
     the compute is hand-written and unreadable to this linter, but a forward dependency of 26 bars was PINNED outside this repo's source and handed in and DECLARED by the plot as its forward window — bar i's value is written to index i-26, so the point at a historical index moves while the newest bar forms and is final the moment that bar closes


 ✓ src/components/chart/engine/ast/lint.test.js (55 tests) 148ms
 ✓ src/components/chart/engine/defSchema.test.js (131 tests) 102ms
 ✓ src/pages/journal-2-0/components/notebook/FolderSidebar.test.jsx (128 tests) 4131ms
     ✓ caps the tag list to the top 40 by count and reveals the rest via "Show all tags"  1424ms
 ✓ src/pages/desk/VideosSection.landing.test.jsx (90 tests) 5368ms
   ✓ progress math: unstarted cards carry no bar/count; partial shows "n of M" + bar width; all-done shows full  394ms
 ✓ src/components/chart/IndicatorAlertPopover.test.jsx (47 tests) 668ms
 ✓ src/components/chart/builder/BuilderSheet.test.jsx (66 tests) 8050ms
     ✓ an invalid formula shows an ERROR CHIP and never a blank chart  497ms
     ✓ the READ-BACK is shown before Save, and Save is disabled until it is  468ms
     ✓ ⛔ MANDATORY: the read-back is `sentenceFor`'s OWN string — not the source, not a paraphrase  331ms
     ✓ a formula with NO read-back cannot be saved  307ms
     ✓ ⭐⭐ accepting a proposal lands in the SHEET'S OWN formula state  647ms
     ✓ ⛔ THE BOX STILL NEVER SAVES — accepting writes nothing  388ms
     ✓ …and "Keep editing" leaves the formula exactly where it was  422ms
     ✓ the trash icon ARMS a confirm — it does not delete  429ms
     ✓ ⛔ "Keep" disarms it, still without deleting  733ms
 ✓ src/pages/journal-2-0/lib/widgetEmbed.test.jsx (65 tests) 14420ms
     ✓ Aftermath peeks the window through now — view-only, draw-exclusive, never persisted  346ms
     ✓ never rasterizes before the chart signals bars-ready (the blank-archive race)  4011ms
     ✓ captures once bars are ready and patches the fallback onto the node  3553ms
     ✓ refuses to rasterize a body showing a fallback, even with bars already ready  6034ms
 ✓ src/components/chart/indicatorCatalog.test.js (25 tests) 29ms
 ✓ src/components/chart/ChartSettingsModal.chartData.test.jsx (33 tests) 1825ms
 ✓ src/components/chart/engine/ast/pine.variables.test.js (55 tests) 60ms
stdout | src/components/ui/formControls.census.test.js > the census, printed > reports kinds, implementations, clusters, wrappers and label association
[term-067 form-control census]
    population 1751 files · with controls 271 · sites 969 · listbox popups (not counted) 25
    derived primitives (app/src/components/ui/): app/src/components/ui/Switch {Switch}
    partner-owned (counted, not dropped): app/src/pages/OptionsFlow.jsx = 17 sites
    by kind:
      text                           266
      select                         167
      checkbox                       127
      toggle-button                  114
      number                          96
      textarea                        63
      date                            47
      file                            27
      switch                          22
      radio                           17
      range                           14
      primitive:Switch                 5
      color                            2
      dynamic                          2
    by implementation:
      native                         820
      pressed                        114
      aria                            30
      primitive                        5
    by kind / implementation:
      text / native                  266
      select / native                167
      checkbox / native              126
      toggle-button / pressed        114
      number / native                 96
      textarea / native               63
      date / native                   47
      file / native                   27
      switch / aria                   22
      range / native                  13
      radio / native                  11
      radio / aria                     6
      primitive:Switch / primitive     5
      color / native                   2
      dynamic / native                 2
      checkbox / aria                  1
      range / aria                     1
    hand-rolled switches (the ONE ratcheted family):
        12  app/src/components/chart/ChartSettingsModal.jsx
         3  app/src/components/chart/ChartDrawingOverlay.jsx
         3  app/src/pages/charts/mobile/MobileIndicatorSheet.jsx
         2  app/src/components/chart/ChartSettingsIndicators.jsx
         2  app/src/components/chart/IndicatorSettingsDialog.jsx
    label association:
      labelled                       657
      placeholder-only               184
      unlabelled                     116
      indeterminate                    6
      primitive                        5
      hidden                           1
    label association, by kind:
      text             labelled=132 placeholder-only=118 unlabelled=15 indeterminate=1
      select           labelled=111 unlabelled=50 placeholder-only=4 indeterminate=2
      checkbox         labelled=122 unlabelled=5
      toggle-button    labelled=114
      number           labelled=59 placeholder-only=26 unlabelled=9 indeterminate=2
      textarea         placeholder-only=36 labelled=22 unlabelled=5
      date             labelled=39 unlabelled=8
      file             unlabelled=14 labelled=12 hidden=1
      switch           labelled=18 unlabelled=3 indeterminate=1
      radio            labelled=16 unlabelled=1
      range            labelled=9 unlabelled=5
      primitive:Switch primitive=5
      color            labelled=1 unlabelled=1
      dynamic          labelled=2
    most unlabelled sites:
        14  app/src/pages/Settings.jsx
         9  app/src/pages/OptionsFlow_admin.jsx
         8  app/src/components/chart/ChartToolbar.jsx
         8  app/src/pages/desk/TeamSection.jsx
         5  app/src/pages/OptionsFlow.jsx
         5  app/src/pages/charts/PeriodSortConfig.jsx
         4  app/src/pages/Admin.jsx
         4  app/src/pages/LiveFlowMassive.jsx
         4  app/src/pages/ModelBook.jsx
         4  app/src/pages/journal-2-0/components/options/AddOptionStrategyModal.jsx
    duplication clusters (hand-rolled shape, >=3 sites in >=2 files):
        54 sites /  36 files  pressed:toggle-button <button type=button> [aria-pressed,className] > ()
        19 sites /   4 files  aria:switch <button type=button> [aria-checked,className] > (span)
        15 sites /  14 files  pressed:toggle-button <button type=button> [aria-pressed,className] > (UIcon)
        10 sites /   6 files  pressed:toggle-button <button type=button> [aria-pressed,className] > (span)
         7 sites /   6 files  pressed:toggle-button <button type=button> [aria-pressed,className] > (span,span)
         7 sites /   4 files  pressed:toggle-button <button> [aria-pressed,className] > ()
         5 sites /   3 files  primitive:primitive:Switch <Switch> [className] > ()
         4 sites /   4 files  aria:radio <button type=button> [aria-checked,className] > ()
         3 sites /   3 files  pressed:toggle-button <button type=button> [aria-pressed,style] > ()
    local wrapper components (one control, <=6 elements):
      AccountSelect          x1
      AddStockRow            x1
      AddTickerBar           x1
      ArchiveSearch          x1
      AttachVideoSearch      x1
      BarsField              x1
      BreadthViewSwitcher    x1
      CB                     x1
      CaptureMenu            x1
      ChartEarningsButton    x1
      ChartPanelsButton      x1
      CheckList              x1
      ChipRow                x1
      DeferredTextInput      x1
      FilingWatchAction      x1
      HubScrubRange          x1
      MapRow                 x1
      NegateToggle           x1
      NoteCard               x1
      NoteEditor             x1
      NumField               x1
      NumberField            x1
      NumberInput            x1
      NumberSetting          x1
      PatternToolbarButton   x1
      QuickPresetSwitcher    x1
      ResizableImageView     x1
      Row                    x1
      SaveScanButton         x1
      Scrubber               x1
      SearchBox              x1
      SideToggles            x1
      SwitchTickerBox        x1
      SymbolInput            x1
      TagChipPicker          x1
      TagSuggestInput        x1
      TextInputOverlay       x1
      ThemeSearchBox         x1
      TickerList             x1
      Tile                   x1
      ViewHoldingsControl    x1

 ✓ src/components/ui/formControls.census.test.js (25 tests) 2441ms
     ✓ git returned a real tree, and parse failures are zero  2419ms
 ✓ src/components/chart/engine/__tests__/alertSets.test.js (40 tests) 15ms
 ✓ src/components/chart/drawingSettingsSchema.test.js (70 tests) 21ms
stdout | src/pages/research/i1S8Boundary.test.js > TERM-034 — the boundary, over EVERY Ask-AI door the research pages mount > the widened roots are derived, reach both doors, and contain the original surface
[i1-rail:s8-boundary] denominator: 2 research pages, 2 Ask-AI doors [app/src/pages/research/components/ComparisonAskAi.jsx, app/src/pages/research/tabs/AskAiTab.jsx], 6 modules in the widened surface (Ask-AI tab alone: 5), 0 findings

 ✓ src/pages/research/i1S8Boundary.test.js (15 tests) 41ms
 ✓ src/components/chart/engine/__tests__/secondarySourceLive.test.jsx (22 tests) 1272ms
 ✓ src/components/chart/mobileScaleAndVolume.test.jsx (27 tests) 1930ms
     ✓ they are CONTEXTUAL — no crosshair, no rows  409ms
 ✓ src/components/screener/StructureProvenance.test.jsx (61 tests) 446ms
 ✓ src/components/chart/builder/editor/CodeEditor.test.jsx (36 tests) 763ms
     ✓ ⛔ AND THE SETTLED SCOPE REACHES THE COMPLETION SOURCE, not only the tokenizer  358ms
 ✓ src/components/chart/DrawingContextMenu.test.jsx (64 tests) 1544ms
 ✓ src/components/chart/engine/ast/pine.convergence.test.js (31 tests) 76ms
 ✓ src/components/research/sections/SetupSection.test.jsx (68 tests) 348ms
 ✓ src/pages/journal-2-0/lib/importer/commit.test.js (18 tests) 196ms
 ✓ src/hub/hubWiring.test.jsx (13 tests) 659ms
     ✓ hub disabled (default jsdom: no CSS.supports/visualViewport): FeedbackWidget renders, the hub does not  535ms
 ✓ src/components/chart/builder/BuilderSheet.edit.test.jsx (20 tests) 5063ms
     ✓ puts its SOURCE and its NAME back in the form, and says it is an edit  337ms
     ✓ PUTs to the definition's own id and the chart draws the NEW values  400ms
     ✓ says how many alerts the maths change moved, and only when it moved some  410ms
     ✓ a RENAME claims NO migration  309ms
     ✓ sends NOTHING and leaves the drawn definition untouched  337ms
     ✓ a STORE refusal leaves the drawn definition untouched too  340ms
     ✓ writes NO instance on an edit, and the CREATE control writes exactly one  756ms
     ✓ the builder can SAVE an input-referencing formula  322ms
     ✓ the note appears when a description was already typed  323ms
 ✓ src/hub/homeScrub.test.jsx (15 tests) 170ms
 ✓ src/hub/rule12Paths.test.js (28 tests) 2673ms
     ✓ the rail can actually see this branch's changes — the non-vacuity control  479ms
     ✓ ⛔ no file under the Notebook workstream's paths is touched, except the one permitted card  787ms
     ✓ ⛔ the permitted file may ONLY gain the attribute — the exception is a shape, not a filename  1178ms
 ✓ src/components/chart/engine/instanceControls.test.js (31 tests) 9ms
 ✓ src/components/chart/ChartDrawingOverlay.touchRouting.test.jsx (25 tests) 330ms
 ✓ src/components/chart/builder/EvidenceTab.test.jsx (23 tests) 410ms
 ✓ src/components/chart/builder/editor/languages.test.js (21 tests) 23ms
 ✓ src/pages/journal-2-0/surfaces/TodaySurface.test.jsx (26 tests) 507ms
 ✓ src/components/chart/drawingMeasure.test.js (73 tests) 11ms
 ✓ src/pages/cot/cotAnalogs.test.js (34 tests) 566ms
 ✓ src/pages/calendar/Calendar.earningsRoute.test.jsx (18 tests) 665ms
 ✓ src/components/chart/legend/chipMenu.test.js (18 tests) 10ms
 ✓ src/pages/dashboard/ZoneRead.test.jsx (36 tests) 76ms
 ✓ src/components/chart/legend/LegendRow.test.jsx (15 tests) 60ms
 ✓ src/components/chart/engine/ast/pine.window.test.js (21 tests) 44ms
 ✓ src/components/chart/engine/ast/pine.timeframe.test.js (17 tests) 41ms
 ✓ src/pages/journal-2-0/components/notebook/ThesisReviewSection.test.jsx (28 tests) 517ms
 ✓ src/components/chart/builder/builderInputs.symbolClosure.test.js (22 tests) 11413ms
     ✓ mid_engagement__22-rsi-levels-regime-map closes over its own symbols (was: `lv3`)  2497ms
     ✓ an output whose rows are stripped IS reported unbacked — control for the audit  3028ms
     ✓ a sibling output that reads an input reports it in `memberInputs`  2691ms
     ✓ the union over carried outputs covers every name any carried formula reads  2901ms
 ✓ src/pages/journal-2-0/components/notebook/NoteFindBar.test.jsx (32 tests) 1550ms
 ✓ src/components/chart/engine/ast/thinkscript.studyref.test.js (22 tests) 17ms
 ✓ src/components/chart/engine/__tests__/candlePresentation.test.js (25 tests) 14ms
 ✓ src/pages/optionsFlow/flowParts.test.js (39 tests) 255ms
 ✓ src/components/chart/drawingLabels.test.js (45 tests) 11ms
 ✓ src/pages/journal-2-0/JournalLayout.compactHeader.test.jsx (22 tests) 999ms
     ✓ M-1 -- the open tools fold again when the route changes (and stay folded on return)  348ms
 ✓ src/pages/journal-2-0/components/notebook/NoteOutline.test.jsx (22 tests) 941ms
stdout | src/components/chart/engine/ast/capabilityDemandCensus.test.js > ⭐⭐⭐ capability demand — total, not just first blocker (§7) > reports both numbers for every family — ⚠ PARTIAL: measured WITHOUT 29 absent local-only pine_oos member(s) (docs/pine/LICENSING.md)

  129 scripts, 36 executing end-to-end

  family              DEMAND  sites  1st-blk  exec   hidden
  --------------------------------------------------------------
  state                   58   1078        —     4   —
  history                 21    107        4     0   17
  udf                     49    328        0     2   49
  elseIf                  12     28        —     0   —
  switch                  11     14        0     0   11
  loop                    31    179        0     2   31
  tuple                   32    157        0     0   32
  collection              27    853        0     0   27
  object                  40    765        3     0   37
  mtf                     23     84        2     0   21
  text                    28    320        0     0   28
  conversion              17     58        2     0   15
  presentation           124    676        1    36   123
  udt                      6      9        0     0   6
  varip                    0      0        0     0   0
  windowedBuiltin        119    729        —    33   —
  windowedOverState       15     80        2     0   13

 ✓ src/components/chart/engine/ast/capabilityDemandCensus.test.js (4 tests) 4ms
 ✓ src/components/research/sections/StatementPanels.test.jsx (32 tests) 1021ms
 ✓ src/components/chart/engine/__tests__/fundamentalSource.test.js (21 tests) 72ms
 ✓ src/pages/journal-2-0/lib/offline/crashDraftBase.test.jsx (25 tests) 114ms
 ✓ src/pages/desk/PathView.planned.test.jsx (23 tests) 1166ms
 ✓ src/components/chart/pane/ChartPane.test.jsx (20 tests) 467ms
 ✓ src/lib/presentation/s10Adoption.test.jsx (17 tests) 442ms
 ✓ src/pages/journal-2-0/components/notebook/NoteEditorPage.interleavings.test.jsx (6 tests) 4226ms
     ✓ the durable copy lands FIRST and the ack then retires it  1253ms
     ✓ ends clean: the late local write cannot leave the note owing a sync  308ms
     ✓ ⭐ the NEWEST words survive, in both the working copy and the intent  406ms
     ✓ the synchronous draft still holds the newest text, and it is what recovery offers  675ms
     ✓ the working copy AND its queued intent are what reopening recovers  1148ms
     ✓ ⛔ cannot resurrect the dirty flag or re-queue an intent the server already has  434ms
 ✓ src/components/chart/SourceField.test.jsx (17 tests) 925ms
 ✓ src/components/chart/engine/runtime/__tests__/timeFamilyVendorReadings.test.js (9 tests) 31ms
 ✓ src/pages/journal-2-0/components/notebook/TableToolbar.test.jsx (20 tests) 1273ms
     ✓ adds and deletes rows and columns where the caret is  307ms
 ✓ src/pages/charts/widgets/DockNews.test.jsx (30 tests) 1341ms
     ✓ searches stored history server-side after debounce  431ms
 ✓ src/components/chart/__tests__/chromeGeometry.test.js (26 tests) 8ms
 ✓ src/pages/breadth/breadthUrlRoute.test.jsx (17 tests) 3340ms
     ✓ and does not write the reverted style back into the stored preference  301ms
     ✓ a style change, a layout change and the window all reach the query  582ms
     ✓ drops the quad from the query on the way back to Single  427ms
 ✓ src/components/chart/engine/__tests__/zorder.test.js (32 tests) 9ms
 ✓ src/components/chart/builder/editor/diagnostics.test.js (19 tests) 36ms
 ✓ src/pages/journal-2-0/lib/offline/f5p1OwnerSendsQueued.test.jsx (35 tests) 115527ms
     ✓ nothing moved on the server: the owner sends them, no banner, queue settled  3380ms
     ✓ a metadata door moved it while away: 409, rebase, sent — no fork  2382ms
     ✓ an append door added a widget while away: merged — sentence AND widget survive, no fork  2410ms
     ✓ a second writer rewrote it while away: exactly ONE fork, never clobbered, queue settled  2370ms
     ✓ a BLOCKED entry is not auto-sent — the member is asked, as before  2339ms
     ✓ ⛔⛔ Restore after a second writer, then a keystroke: ONE fork, the other device’s words kept  5261ms
     ✓ ⛔⛔ Restore after an append door, then a keystroke: the words AND the widget survive, no fork  5341ms
     ✓ ⛔⛔ S2-A: words typed BEFORE recovery resolves are not overwritten — the queued words are offered, both survive  2445ms
     ✓ ⛔⛔ S2-B: a save ON THE WIRE when recovery resolves is never raced — nothing is saved over it  3061ms
     ✓ ⛔⛔ S2-A′: an edit since hydration is enough — even with its save LANDED, the queued words are offered, not adopted  3265ms
     ✓ ⛔⛔ S2-B (Restore): a Restore clicked while the member’s own save is on the wire WAITS for it — nothing is saved over it  5395ms
     ✓ ⛔ N6: when the view cannot take the queued words they are OFFERED — never passed off as adopted while still queued  985ms
     ✓ ⛔⛔ S1: words typed while the sibling is being created are never settled away  3215ms
     ✓ ⛔⛔ S1′: a keystroke during the owner’s settle is on top of the server copy — its snapshot and draft survive, even offline  3975ms
     ✓ ⛔⛔ R2: a keystroke still inside the durable window when the sibling lands is NOT settled away — the editor’s gate alone  3423ms
     ✓ ⛔⛔ R1: typing ACROSS the view swap — words typed during the create request survive the next keystroke on the new view  3668ms
     ✓ ⛔⛔ N4: a poisoned record is OFFERED, never adopted — nobody types, and the widget stays on the server  2489ms
     ✓ ⛔⛔ N4: Restore of a poisoned record never adopts on its base — the Restore itself does not drop the widget  4166ms
     ✓ ⭐ adopted and sent on the older copy: a metadata move rebases, the words arrive, no banner, no fork  2347ms
     ✓ ⛔⛔ Restore on the older copy after a second writer, then a keystroke: ONE fork, the other device’s words kept  5285ms
     ✓ ⭐ the draft the editor writes RECORDS the revision its words were typed on (the editor half)  588ms
     ✓ ⛔⛔ a CRASH DRAFT that won, another device saved since, Restore then a keystroke: ONE fork, the other device’s words kept  5203ms
     ✓ ⛔⛔ a record whose base is NEWER than its entry (the legitimate drain-rebase shape), a second writer, Restore then a keystroke: ONE fork, kept  5331ms
     ✓ ⭐⭐ the open editor HOLDS its note’s owner lock, and another tab’s leading sweep leaves the note to it  2752ms
     ✓ ⛔⛔ a keystroke queued behind an IN-FLIGHT durable write survives the fork fallback’s flush and the view swap  3921ms
     ✓ ⛔⛔ (a) another tab’s sweep lands the SAME queued words while this editor opens: its own send 409s — no fork, the queue settles  2389ms
     ✓ ⭐ (a) and a keystroke typed after the landing still goes out, on the server’s revision — nothing is swallowed by “caught up”  3592ms
     ✓ ⛔ (a) CONTROL — a server that holds DIFFERENT words still forks: “landed” is byte-identical content, nothing looser  2438ms
     ✓ ⛔⛔ (b) the title CLEARED offline, the tab crashed, Restore with the server unmoved: the cleared title and subtitle LAND  4165ms
     ✓ ⛔⛔ (b) the NEXT session: a durable copy whose base has no body (as an offline Restore leaves it) is OFFERED, and its Restore still sends the cleared title  4150ms
     ✓ ⭐ (b) CONTROL — against a KNOWN base an unchanged title is still not re-sent  2412ms
     ✓ ⛔⛔ NN-1: the NEXT session, a base with no body, a door moved the note while away — nothing sent by ourselves, nothing forked; the words are OFFERED  2513ms
     ✓ ⭐ NN-1: …and a Restore is the member’s choice — it sends on the words’ own revision and a moved server forks: ONE sibling, both copies kept  4126ms
     ✓ ⭐⭐ NN-2: a METADATA-only difference is LANDED — the sweep landed the same words and a door moved folder and tags: no fork, nothing re-sent, the server’s folder and tags left alone  2369ms
     ✓ ⛔⛔ NN-2: a TITLE-only difference is NOT landed — the same body landed but another device renamed the note: ONE fork, the rename kept  2373ms
 ✓ src/components/chart/engine/runtime/__tests__/state.test.js (16 tests) 16ms
 ✓ src/components/chart/engine/ast/formulaDocs.test.js (4 tests) 16ms
 ✓ src/pages/journal-2-0/a11y/focusFlows.test.jsx (14 tests) 8320ms
     ✓ opening an existing note from the list focuses its heading, never a field  485ms
     ✓ making a NEW note puts focus in its title (typing it is the next act)  382ms
     ✓ a member who clicked into the sidebar keeps focus there when the note closes  584ms
     ✓ deleting a note through ConfirmModal puts focus on the NEXT row  976ms
     ✓ deleting the LAST row puts focus on the pane heading, which then shows  959ms
     ✓ the skip link is the first focusable thing in the tab, and it moves focus  318ms
     ✓ closing Ask gives focus back to the Ask toggle  557ms
     ✓ closing the find bar gives focus back to the note  350ms
     ✓ Escape in the slash menu leaves focus in the note, caret unmoved  1260ms
     ✓ Escape in the emoji menu leaves focus in the note, caret unmoved  1249ms
     ✓ closing the colour menu gives focus back to its toolbar button  332ms
     ✓ closing the outline gives focus back to its toolbar button  342ms
 ✓ src/components/chart/engine/ast/bindFoldableAgreement.test.js (29 tests) 11ms
 ✓ src/pages/journal-2-0/components/notebook/NoteEditorPage.unsentTrash.test.jsx (14 tests) 13325ms
     ✓ a note holding unsent words is NOT trashed: the dialog names what is unsent  921ms
     ✓ Send first: the words land (PUT 200) BEFORE the trash -- no 404, nothing stranded  512ms
     ✓ still unsent after sending: it says so and does NOT trash  1550ms
     ✓ Trash anyway is the member's explicit choice: it trashes  589ms
     ✓ the door-guard mode cannot hide unsent words (the RAW signal decides)  318ms
     ✓ an unreadable store is not a clean one: it asks, and says it could not check  387ms
     ✓ words TYPED a moment ago (still inside the debounce, not in the store) stop the trash too  453ms
     ✓ a Delete the server refuses says it could not trash the note, stays said past the old 2.4s fade, and leaves the note where it was  3360ms
     ✓ …and so does a Trash anyway that the network drops, and it too stays said past 2.4s  3573ms
     ✓ a never-edited note containing a table trashes at once (CLEAN verdict, no typing)  374ms
     ✓ a never-edited note containing a codeBlock trashes at once (CLEAN verdict, no typing)  383ms
     ✓ a never-edited note containing a callout trashes at once (CLEAN verdict, no typing)  348ms
 ✓ src/components/chart/drawingsStore.test.js (24 tests) 28ms
 ✓ src/hub/journalSheetStacking.test.jsx (5 tests) 272ms
 ✓ src/components/chart/engine/runtime/__tests__/colours.test.js (22 tests) 24ms
 ✓ src/pages/journal-2-0/components/notebook/NoteEditorPage.conflict.test.jsx (11 tests) 1697ms
     ✓ does NOT re-send the local body after the server prose moved on  607ms
 ✓ src/pages/cot/PositioningRail.test.jsx (16 tests) 441ms
 ✓ src/components/chart/builder/StarterLibrary.test.jsx (19 tests) 391ms
 ✓ src/pages/journal-2-0/components/trust/SyncTrustCenter.test.jsx (19 tests) 381ms
 ✓ src/pages/journal-2-0/components/notebook/BulkActionBar.test.jsx (28 tests) 1851ms
 ✓ src/hub/sections/notebookVoiceNote.test.jsx (12 tests) 237ms
 ✓ src/pages/ProvenanceDemo.test.jsx (16 tests) 557ms
 ✓ src/components/chart/engine/__tests__/movingAverageSource.test.js (16 tests) 14ms
 ✓ src/pages/journal-2-0/components/notebook/TickerResearchWorkspace.test.jsx (15 tests) 507ms
 ✓ src/components/chart/engine/ast/pine.timeout.test.js (18 tests) 178ms
 ✓ src/lib/presentation/compactAdoption.test.jsx (15 tests) 412ms
 ✓ src/pages/journal-2-0/components/notebook/PropertiesSection.autofill.test.jsx (12 tests) 768ms
 ✓ src/pages/journal-2-0/components/ImportCsvModal.test.jsx (16 tests) 1072ms
 ✓ src/pages/journal-2-0/a11y/notebookContrast.test.js (10 tests | 1 skipped) 112ms
 ✓ src/pages/journal-2-0/components/notebook/NoteEditorPage.cleanReread.test.jsx (6 tests) 19128ms
     ✓ visibilitychange: the append is adopted, the next word lands on it -- no conflicted copy  3727ms
     ✓ window focus (a window switched back to) does the same  3302ms
     ✓ words typed and not yet sent when the member comes back: nothing is adopted, the save forks, the append survives  4037ms
     ✓ a word typed WHILE the re-read is on the wire stays on screen and in the local layers; nothing is adopted over it  3818ms
     ✓ an entry still QUEUED for the note in the offline layer: the editor does not adopt  2137ms
     ✓ an UNREADABLE unsent-work store is not clean: no extra GET, nothing adopted  2106ms
 ✓ src/pages/journal-2-0/lib/offline/selfFork.test.jsx (12 tests) 668ms
 ✓ src/components/chart/drawingSchema.test.js (27 tests) 9ms
 ✓ src/pages/journal-2-0/components/notebook/ResearchHome.citations.test.jsx (10 tests) 1880ms
     ✓ an EXCERPT opens its PDF at the cited page, emphasising the passage  585ms
 ✓ src/components/chart/builder/editor/PreviewPane.test.jsx (12 tests) 49ms
 ✓ src/components/chart/engine/__tests__/instanceInputSurvivesTheMirror.test.js (68 tests) 15ms
 ✓ src/pages/journal-2-0/hooks/useJ2Notes.tagFollow.test.jsx (6 tests) 1367ms
 ✓ src/components/chart/engine/__tests__/readoutSiblingChips.test.js (16 tests) 7ms
 ✓ src/components/chart/engine/__tests__/paneReadoutPlacement.stockchart.test.jsx (3 tests) 467ms
 ✓ src/components/chart/engine/runtime/__tests__/methodsAndArrayMembers.test.js (17 tests) 33ms
 ✓ src/components/chart/engine/ast/pine.runLength.test.js (19 tests) 56ms
 ✓ src/pages/Watchlists.rowmenu.test.jsx (8 tests) 1885ms
   ✓ a note opened from the row menu shows what was saved and persists an edit  776ms
   ✓ the price alert entry opens the alert popover for that symbol  374ms
 ✓ src/pages/journal-2-0/lib/importer/census.test.js (22 tests) 353ms
 ✓ src/components/research-kit/RangeSlider.test.jsx (31 tests) 125ms
 ✓ src/components/mobile/useFocusTrap.test.jsx (18 tests) 191ms
 ✓ src/pages/Watchlists.virtualized.test.jsx (6 tests) 820ms
 ✓ src/pages/journal-2-0/lib/textColor.test.js (24 tests) 298ms
 ✓ src/components/chart/drawingText.test.js (21 tests) 6ms
 ✓ src/pages/charts/widgets/MarketContextWidget.test.jsx (14 tests) 237ms
 ✓ src/pages/journal-2-0/components/InboundEmailCard.test.jsx (13 tests) 710ms
 ✓ src/components/chart/engine/__tests__/objectRenderState.test.js (16 tests) 7ms
 ✓ src/components/chart/drawingsStore.normalize.test.js (20 tests) 10ms
 ✓ src/pages/journal-2-0/components/CoachStrip.test.jsx (14 tests) 235ms
 ✓ src/pages/journal-2-0/lib/noteContentGuard.test.jsx (18 tests) 491ms
 ✓ src/lib/persistence/personalization.test.js (10 tests) 92ms
 ✓ src/pages/journal-2-0/components/notebook/NoteEditorPage.unlock.test.jsx (4 tests) 3152ms
     ✓ unlock, a keystroke, the autosave: the PUT carries the POST-unlock revision and lands — no 409, no fork  1376ms
     ✓ the unlock's revision is recorded as THIS browser's, and the durable copy is settled onto it  481ms
     ✓ ⛔ CONTROL — a server copy that MOVED BEYOND the lock (another device wrote words) is never adopted as the base  826ms
     ✓ an unlock answer with no revision in it (a bare {ok:true}) still unlocks, and settles nothing it was not told  469ms
stdout | src/components/chart/engine/ast/thinkscriptIntake.test.js > the committed corpus > is measured and printed

[thinkscript corpus] 10/24 translate, 23 columns, 10 saveable

 ✓ src/components/chart/engine/ast/thinkscriptIntake.test.js (6 tests) 72ms
 ✓ src/__tests__/entryExcludesChartEngine.test.js (7 tests) 361ms
 ✓ src/hub/sections/chartSection.test.jsx (23 tests) 10ms
 ✓ src/components/provenance/Cited.test.jsx (21 tests) 1176ms
 ✓ src/components/chart/IndicatorSettingsDialog.everyAdjustment.test.jsx (61 tests) 32315ms
     ✓ rsi  878ms
     ✓ macd  1883ms
     ✓ bb  1118ms
     ✓ vwap  1503ms
     ✓ stoch  1463ms
     ✓ atr  716ms
     ✓ sar  1070ms
     ✓ ichimoku  3120ms
     ✓ mfi  742ms
     ✓ cci  747ms
     ✓ williamsR  730ms
     ✓ adx  1502ms
     ✓ obv  371ms
     ✓ donchian  730ms
     ✓ avwap  1504ms
     ✓ atrBands  1104ms
     ✓ movingAverage  1089ms
     ✓ dataSeries  372ms
     ✓ dollarVolume  371ms
     ✓ rsLine  1115ms
     ✓ rsi  428ms
     ✓ macd  412ms
     ✓ bb  423ms
     ✓ vwap  438ms
     ✓ stoch  407ms
     ✓ atr  424ms
     ✓ sar  423ms
     ✓ ichimoku  435ms
     ✓ mfi  428ms
     ✓ cci  430ms
     ✓ williamsR  430ms
     ✓ adx  445ms
     ✓ obv  461ms
     ✓ donchian  411ms
     ✓ avwap  405ms
     ✓ atrBands  415ms
     ✓ movingAverage  413ms
     ✓ dataSeries  432ms
     ✓ dollarVolume  447ms
     ✓ rsLine  435ms
 ✓ src/pages/journal-2-0/lib/lazyChunk.test.jsx (14 tests) 1856ms
     ✓ rendered: the view appears with NO page reload (the walk’s W7, in jsdom)  315ms
     ✓ one failed import followed by success renders the view with NO page reload  324ms
     ✓ one failed import followed by success renders the view with NO page reload  332ms
     ✓ two failed imports: NO page reload, and the leaf’s own fallback is shown  330ms
     ✓ a module that throws while it evaluates is not retried; the leaf’s fallback, no reload  327ms
 ✓ src/components/tiles/JournalSnapshotTile.test.jsx (10 tests) 240ms
 ✓ src/components/chart/engine/symbolProjection.test.js (21 tests) 8ms
 ✓ src/components/chart/engine/__tests__/paneRealization.test.js (14 tests) 231ms
 ✓ src/components/chart/engine/ast/pine.implicitBoolCast.test.js (19 tests) 37ms
 ✓ src/pages/journal-2-0/components/insights/InsightsHub.test.jsx (15 tests) 386ms
 ✓ src/components/chart/engine/ast/sessionClockTimeframe.test.js (9 tests) 412ms
 ✓ src/pages/journal-2-0/components/notebook/NoteEditorPage.viewNotMounted.test.jsx (3 tests) 944ms
     ✓ the page survives: no ErrorBoundary fallback, the editor renders the note  719ms
 ✓ src/components/chart/engine/ast/reduceMembers.test.js (10 tests) 26ms
 ✓ src/components/chart/engine/ast/pine.obvAverage.test.js (15 tests) 69ms
 ✓ src/pages/charts/presentation/devicePresentation.test.js (24 tests) 8ms
 ✓ src/pages/breadth/views/RadarView.test.jsx (12 tests) 138ms
 ✓ src/components/chart/engine/ast/textUserFunction.test.js (9 tests) 24ms
 ✓ src/components/chart/engine/__tests__/bindStage.test.js (9 tests) 9ms
 ✓ src/components/chart/engine/ast/securityTupleSlots.test.js (7 tests) 223ms
 ✓ src/components/chart/engine/__tests__/textValueForms.vendor.test.js (10 tests) 1184ms
     ✓ ⭐⭐ rsmi: the vendor's info box, character for character  632ms
 ✓ src/components/chart/signatureData.test.js (25 tests) 8ms
 ✓ src/components/chart/engine/__tests__/c12BlockState.vendor.test.js (8 tests) 8502ms
     ✓ ⭐ every object we draw is TradingView's, in order, word and level — its last 23 of 28  1310ms
     ✓ ⛔ CONTROL — read as Pine's `na`, the warm-up draws a WRONG word: "LH" where TradingView says "HH"  1664ms
     ✓ ⭐ every BOS / CHoCH line past the warm-up is TradingView's, in order, level and kind  1793ms
     ✓ ⭐ the five TradingView holds beyond ours all break BEFORE the warm-up — nothing else is missing  1780ms
     ✓ ⭐ the labels: TradingView's 16 ITH / ITL plus the 13 break labels past the warm-up  1580ms
 ✓ src/pages/journal-2-0/components/notebook/PdfDocumentViewer.test.jsx (12 tests) 12ms
 ✓ src/pages/charts/widgets/ScatterWidget.linkedList.test.jsx (11 tests) 239ms
 ✓ src/components/chart/engine/__tests__/pinePaletteVendor.test.js (23 tests) 54ms
 ✓ src/pages/screener/sharedScreen.route.test.jsx (9 tests) 569ms
     ✓ the URL a member copies renders the shared screen  363ms
 ✓ src/pages/journal-2-0/rawErrorSurface.test.js (8 tests) 332ms
     ✓ no native alert(), and no caught exception rendered into member-facing text  320ms
 ✓ src/utils/marketSession.currentness.test.js (65 tests) 35186ms
     ✓ 2026-09-28: no prior-session tail is ever fresh once a bucket of 2026-09-28 has completed  11385ms
     ✓ 2026-09-23: no prior-session tail is ever fresh once a bucket of 2026-09-23 has completed  12167ms
     ✓ 2026-01-20: no prior-session tail is ever fresh once a bucket of 2026-01-20 has completed  11437ms
 ✓ src/pages/cot/cotCompose.test.js (12 tests) 954ms
 ✓ src/components/chart/engine/ast/thinkscript.knob.test.js (10 tests) 15ms
 ✓ src/components/chart/engine/runtime/__tests__/blockValuedBinding.test.js (11 tests) 26ms
 ✓ src/hub/hubSmoothnessWiring.test.jsx (7 tests) 26ms
 ✓ src/components/chart/engine/runtime/__tests__/methodDrawings.test.js (13 tests) 66ms
 ✓ src/components/chart/engine/ast/pine.accumulatorOffer.test.js (10 tests) 76ms
 ✓ src/components/calendar/CallRecapSection.citations.test.jsx (17 tests) 1136ms
 ✓ src/lib/taxonomy/a8Taxonomy.rail.test.js (5 tests) 696ms
     ✓ no product module restates an A8 vocabulary or holds a bare tag literal in a tag position  685ms
 ✓ src/components/chart/builder/memberPane/objectsOnlyAnchorMode.test.js (5 tests) 27ms
 ✓ src/components/chart/engine/runtime/__tests__/iterOutputs.test.js (12 tests) 11ms
 ✓ src/components/chart/engine/__tests__/displayTarget.test.js (15 tests) 6ms
 ✓ src/pages/dashboardHeroByWidth.test.jsx (5 tests) 565ms
     ✓ 393px: exactly one hero, and it owns the hub  429ms
 ✓ src/pages/Dashboard.holiday.test.jsx (12 tests) 980ms
 ✓ src/pages/settings/joystickSettingsControls.test.jsx (12 tests) 139ms
 ✓ src/pages/journal-2-0/components/notebook/ShareTargetPage.test.jsx (13 tests) 76ms
 ✓ src/components/chart/chartRegion.test.js (15 tests) 11ms
 ✓ src/hub/symbolContext.test.jsx (7 tests) 5ms
 ✓ src/components/chart/engine/ast/thinkscript.suggestPersonalised.test.js (6 tests) 18ms
 ✓ src/pages/desk/ArticleReader.actions.test.jsx (8 tests) 965ms
 ✓ src/components/chart/indicators.macdAlignment.test.js (364 tests) 719ms
 ✓ src/components/StockChart.updateRefusal.test.jsx (3 tests) 249ms
 ✓ src/components/navGroups.route.test.jsx (10 tests) 713ms
     ✓ /catalysts on its own resolves to the 404 page — proving the gap is real, not assumed  347ms
 ✓ src/pages/journal-2-0/components/notebook/FinancialFactView.test.jsx (11 tests) 242ms
 ✓ src/pages/journal-2-0/components/VoiceInputButton.holdOnFailure.test.jsx (10 tests) 1631ms
 ✓ src/components/chart/engine/__tests__/volumeNumericPane.test.js (11 tests) 7ms
 ✓ src/pages/journal-2-0/lib/widgetEmbedId.test.js (11 tests) 103ms
 ✓ src/components/chart/engine/ast/pine.resolutionOrder.test.js (4 tests) 9ms
 ✓ src/utils/warmTailRepair.test.js (9 tests) 120ms
 ✓ src/components/__tests__/computeSMA.test.js (33 tests) 47ms
 ✓ src/components/screener/ScanResults.review.test.jsx (8 tests) 105ms
 ✓ src/components/chart/engine/runtime/__tests__/vendorSkippedCallHistory.test.js (6 tests) 32ms
 ✓ src/hooks/livePriceStore.test.js (11 tests) 8ms
stdout | src/components/chart/engine/__tests__/objectPerf.measure.test.js > C3B — cost, measured > ⭐⭐ 1 / 10 / 100 objects over 5,000 bars, evaluate + render-state + paint

=== C3B OBJECT COST — 5,000 bars ===
   objects   evaluate   renderState     paint      ops executed
         1      4.7ms        0.59ms      0.38ms        5001
        10     12.3ms        0.18ms      0.07ms       50010
       100     86.5ms        0.26ms      0.16ms      500100

stdout | src/components/chart/engine/__tests__/objectPerf.measure.test.js > C3B — cost, measured > ⭐⭐ HIGH TURNOVER: create+delete every bar for 5,000 bars stays FLAT
   high turnover: 5,000 create/delete cycles in 7.4ms, peak live 1

stdout | src/components/chart/engine/__tests__/objectPerf.measure.test.js > C3B — cost, measured > ⭐ a big DASHBOARD — 1 table, 60 cells, rewritten on the last bar only
   dashboard: 60 cells over 5,000 bars in 9.9ms, 61 ops executed (not 300000)

 ✓ src/components/chart/engine/__tests__/objectPerf.measure.test.js (4 tests) 133ms
 ✓ src/pages/breadth/drill/BreadthDrillBoard.test.jsx (16 tests) 60ms
 ✓ src/components/chart/engine/runtime/__tests__/constantLengthRefusal.test.js (8 tests) 21ms
 ✓ src/components/research-kit/charts/LollipopChart.test.jsx (22 tests) 118ms
 ✓ src/components/chart/engine/ast/rvolSliceParseEvidence.test.js (4 tests) 21ms
 ✓ src/components/chart/engine/__tests__/fillPrimitive.test.js (17 tests) 6ms
 ✓ src/components/chart/engine/ast/pineRuntimeClock.test.js (11 tests) 16ms
 ✓ src/components/chart/engine/ast/pine.alertLane.test.js (7 tests) 230ms
 ✓ src/pages/charts/widgets/ChartWidget.test.jsx (9 tests) 170ms
stdout | src/components/chart/engine/runtime/__tests__/historyPerf.test.js > ⭐ what runtime history costs > reports the shape, against a no-history baseline

   bars  slots  cells   ms(hist)  ms(none)  overhead   ns/bar   ring B
   ----------------------------------------------------------------
    300      1      1     0.542     0.531      2.1%    1806       8
    300     10     10     2.659     2.614      1.7%    8864      80
    300    100    100    27.737    28.573     -2.9%   92458     800
   5000      1      1     8.509     9.316     -8.7%    1702       8
   5000     10     10    51.018    50.301      1.4%   10204      80
   5000    100    100   484.542   494.576       -2%   96908     800

   whole market (5000 symbols, rings only — the program is shared):
     census-typical  3 slots x 1 bar = 24 B/symbol -> 0.11 MB
     10 slots        -> 0.38 MB, 255.09 s VM time at 5,000 bars
     100 slots       -> 3.81 MB, 2422.71 s VM time at 5,000 bars

 ✓ src/components/chart/engine/runtime/__tests__/historyPerf.test.js (3 tests) 6ms
 ✓ src/pages/journal-2-0/a11y/axeHarness.contract.test.js (22 tests) 554ms
 ✓ src/components/StockChart.hollowPillColor.test.jsx (4 tests) 229ms
 ✓ src/components/chart/engine/runtime/__tests__/seedWarmup.test.js (8 tests) 9ms
 ✓ src/pages/dashboard/ZoneDoors.readOnly.test.jsx (5 tests) 67ms
 ✓ src/pages/journal-2-0/components/notebook/CaptureHost.test.jsx (18 tests) 361ms
 ✓ src/pages/journal-2-0/lib/openCitation.test.js (12 tests) 9ms
 ✓ src/components/chart/engine/runtime/__tests__/functionGlobalReads.test.js (11 tests) 16ms
 ↓ src/components/chart/engine/ast/varSeed.measure.test.js (1 test | 1 skipped)
 ✓ src/pages/journal-2-0/lib/timeline.test.js (13 tests) 7ms
 ✓ src/components/chart/useChartDrawings.test.js (12 tests) 34ms
 ✓ src/pages/Watchlists.perfcols.test.jsx (5 tests) 251ms
 ✓ src/components/chart/builder/BuilderSheet.legend.test.js (12 tests) 7ms
 ✓ src/pages/journal-2-0/a11y/skipLinkUntappable.test.js (8 tests) 4ms
 ✓ src/components/TickerActions.listpicker.test.jsx (6 tests) 589ms
 ✓ src/pages/journal-2-0/tabs/NotebookTab.calendarView.test.jsx (6 tests) 1055ms
     ✓ switching to calendar mounts it and takes down the card grid  404ms
 ✓ src/components/chart/engine/runtime/__tests__/presentationOutputs.test.js (8 tests) 19ms
 ✓ src/pages/journal-2-0/components/notebook/NoteEditorPage.wave5.test.jsx (7 tests) 2061ms
     ✓ the toolbar button opens the picker; a pick colours the selection and closes it  954ms
 ✓ src/pages/breadth/BreadthViews.windowShrink.test.jsx (6 tests) 194ms
 ✓ src/pages/journal-2-0/a11y/noteEditor.a11y.test.jsx (13 tests) 20606ms
     ✓ surface "editor": axe finds 0 violations  1169ms
     ✓ surface "editor:flags-off": axe finds 0 violations  1042ms
     ✓ surface "editor-slash": axe finds 0 violations  2353ms
     ✓ surface "editor-find": axe finds 0 violations  1488ms
     ✓ surface "editor-outline": axe finds 0 violations  1093ms
     ✓ surface "editor-color": axe finds 0 violations  1344ms
     ✓ surface "editor-table": axe finds 0 violations  1155ms
     ✓ surface "editor-emoji": axe finds 0 violations  1986ms
     ✓ surface "editor-note-link": axe finds 0 violations  2632ms
     ✓ surface "editor-link-paste": axe finds 0 violations  2104ms
     ✓ surface "editor-writing-help": axe finds 0 violations  1427ms
     ✓ surface "editor-history": axe finds 0 violations  1424ms
     ✓ surface "editor-palette": axe finds 0 violations  1387ms
 ✓ src/pages/breadth/views/AnalogueDeckView.test.jsx (11 tests) 120ms
 ✓ src/pages/calendar/Calendar.viewLadder.test.jsx (6 tests) 477ms
 ✓ src/components/chart/engine/ast/lastFallthroughs.test.js (6 tests) 5ms
 ✓ src/components/chart/engine/ast/pine.udfBinding.test.js (9 tests) 23ms
 ✓ src/pages/calendar/CalendarDayTable.test.jsx (13 tests) 110ms
 ✓ src/components/chart/builder/BuilderSheet.dynamicColour.test.jsx (4 tests) 946ms
     ✓ ⭐⭐ single plot: a hidden condition column, and a mode that names it  322ms
     ✓ ⭐ multi-plot: the rule lands on the row that carried it, not on plot 1  318ms
 ✓ src/hooks/useTickerReturns.test.jsx (6 tests) 107ms
 ✓ src/pages/dashboard/TheWeek.errors.test.jsx (5 tests) 71ms
 ✓ src/pages/charts/sessionToggleWidth.test.js (5 tests) 4ms
 ✓ src/widgets/captureRelease.test.js (10 tests) 7ms
 ✓ src/pages/journal-2-0/components/notebook/proseEmbedIsolation.test.js (3 tests) 41ms
 ✓ src/pages/journal-2-0/components/notebook/NoteEditorPage.telemetry.test.jsx (6 tests) 1120ms
     ✓ a save that gives up (a 4xx) is reported once, as http, not retrying  647ms
 ✓ src/components/chart/engine/ast/pine.floatcast.test.js (6 tests) 96ms
 ✓ src/components/chart/builder/ImportBox.sourceSurvival.test.jsx (5 tests) 590ms
 ✓ src/components/chart/useTracingsSync.viaStore.test.js (6 tests) 27ms
 ✓ src/pages/formulas/formulaReference.route.test.jsx (8 tests) 621ms
 ✓ src/pages/journal-2-0/lib/searchResultLabel.test.js (17 tests) 17ms
 ✓ src/components/voice/FloatingOrb.zorder.test.js (9 tests) 4ms
 ✓ src/components/chart/engine/runtime/__tests__/requestHoist.test.js (9 tests) 21ms
 ✓ src/components/provenance/freshnessContract.test.js (18 tests) 7ms
 ✓ src/components/chart/engine/runtime/__tests__/warmupParity.test.js (15 tests) 28ms
 ✓ src/components/research-kit/RatingCrown.test.jsx (35 tests) 171ms
 ✓ src/components/chart/engine/__tests__/fillBinding.test.js (6 tests) 9ms
 ✓ src/utils/marketSession.eligibility.test.js (15 tests) 82ms
 ✓ src/pages/journal-2-0/hooks/useScope.test.jsx (11 tests) 28ms
stdout | src/components/chart/engine/runtime/__tests__/boxedNumericCost.test.js > the cost of boxed slots on numeric work > stays under a generous per-instruction ceiling, and reports the figure
boxed numeric cost: 168.40 ns/instruction (47.2 ms over 20000 bars x 14 instructions)

 ✓ src/components/chart/engine/runtime/__tests__/boxedNumericCost.test.js (1 test) 98ms
 ✓ src/pages/journal-2-0/lib/importer/serverConvert.contract.test.js (29 tests) 114ms
 ✓ src/components/chart/engine/ast/pine.plotarrow.test.js (5 tests) 20ms
 ✓ src/pages/breadth/staleWindowLabel.test.jsx (3 tests) 497ms
 ✓ src/utils/marketSession.dailyFrontier.test.js (16 tests) 12ms
 ✓ src/pages/charts/widgets/ScanObjectCard.test.jsx (5 tests) 1321ms
     ✓ lands in the Formula field on the Conditions tab, and Save writes that exact tree  1195ms
 ✓ src/pages/journal-2-0/tabs/OpenPositionsTab.deleteFocus.test.jsx (3 tests) 1722ms
     ✓ deleting a row lands on the NEXT row as it shows, not <body>  760ms
     ✓ deleting the last row lands on the row before it  587ms
     ✓ deleting the only row lands on "+ Add Position"  375ms
 ✓ src/pages/optionsFlow/FlowExplainButton.test.jsx (9 tests) 297ms
 ✓ src/pages/journal-2-0/components/notebook/MemberTemplates.test.jsx (6 tests) 2443ms
     ✓ renames in place and says so  741ms
     ✓ asks before deleting, and deletes only on the second press  449ms
     ✓ "Keep it" deletes nothing, and a refused delete says the template is still there  984ms
 ✓ src/components/chart/engine/__tests__/barCloseStateWire.test.js (14 tests) 7ms
 ✓ src/components/calendar/TranscriptSearchAll.test.jsx (9 tests) 58ms
 ✓ src/components/chart/engine/ast/pine.naGuard.test.js (7 tests) 26ms
 ✓ src/pages/journal-2-0/hooks/useJ2NoteVersions.test.js (11 tests) 223ms
 ✓ src/hub/hubShowing.test.js (8 tests) 138ms
 ✓ src/components/chart/engine/runtime/__tests__/typedArrayNew.test.js (6 tests) 22ms
 ✓ src/components/chart/engine/ast/interpret.bindTimeText.test.js (6 tests) 6ms
 ✓ src/components/settings/FilingWatchesPanel.test.jsx (9 tests) 177ms
 ✓ src/pages/journal-2-0/lib/nestedComponents.test.js (2 tests) 409ms
     ✓ holds for every Notebook .jsx file  402ms
 ✓ src/components/video/videoStore.test.js (16 tests) 5ms
 ✓ src/pages/journal-2-0/components/PortfolioAttentionBanner.test.jsx (6 tests) 50ms
 ✓ src/pages/charts/grid/peerFill.test.js (6 tests) 6ms
 ✓ src/pages/charts/widgetTabs.test.js (13 tests) 7ms
 ✓ src/pages/breadth/PresetRow.test.jsx (9 tests) 483ms
 ✓ src/components/chart/ChartSettingsModal.volumepane.test.jsx (6 tests) 447ms
 ✓ src/pages/journal-2-0/components/insights/VerdictScorecard.test.jsx (7 tests) 91ms
 ✓ src/components/Layout.skipLink.test.jsx (5 tests) 849ms
     ✓ the Notebook skip link is the second Tab stop, and it still moves focus to the list  336ms
 ✓ src/components/voice/AudioPlayerBar.test.jsx (5 tests) 200ms
 ✓ src/pages/journal-2-0/components/notebook/onboarding/tourAnchors.test.js (14 tests) 4ms
 ✓ src/components/chart/legendSingleAuthority.test.js (2 tests) 248ms
stdout | src/components/chart/engine/ast/pineStrictCensus.test.js > strict census
{
 "scripts": 129,
 "translate_lenient_ok": 67,
 "translate_strict_ok": 71,
 "translate_lenient_only": 9,
 "runtime_ok": 36,
 "runtime_ok_and_all_plots_present": 36,
 "runtime_ok_but_dropped_plots": 0,
 "HOSTABLE_strict_translate_AND_runtime": 32,
 "runtime_ok_but_translate_lenient_only": 0
}

-- lenient-but-not-strict (silent partials), first 12 --
   oos1/high_engagement__10-rsi-divergence-faytterro.pine  outputs=3 null=2
   oos1/high_engagement__22-reversal-probability-profile-algoalpha.pine  outputs=8 null=6
   oos1/mid_engagement__17-volume-surge-radar.pine  outputs=28 null=26
   oos1/mid_engagement__22-rsi-levels-regime-map.pine  outputs=28 null=2
   community/06-qqe-mod.pine  outputs=6 null=3
   community/23-higher-timeframe-ema.pine  outputs=1 null=0
   community/24-multi-timeframe-rsi.pine  outputs=8 null=6
   curated/03-rsi-directional-momentum-scanner.pine  outputs=20 null=4
   curated/15-anchored-vwap.pine  outputs=11 null=10

-- runtime ok but DROPPED plots, first 12 --

 ✓ src/components/chart/engine/ast/pineStrictCensus.test.js (1 test) 9166ms
   ✓ strict census  9165ms
 ✓ src/pages/journal-2-0/components/notebook/DocumentPreviewSheet.scrollchain.test.jsx (5 tests) 358ms
     ✓ renders the viewer INSIDE the element carrying the styled body class  354ms
stdout | src/pages/optionsFlow/flowChartsReuse.test.js
[ML/ rescue] rescued 19 isolated ML/ trades (0 with derived direction from 70%+ ASK flow shape)

 ✓ src/pages/optionsFlow/flowChartsReuse.test.js (7 tests) 405ms
 ✓ src/pages/journal-2-0/tabs/NotebookTab.timeline.test.jsx (3 tests) 799ms
     ✓ is offered in the toolbar and draws the timeline  522ms
 ✓ src/pages/journal-2-0/components/notebook/TagSuggestInput.test.jsx (7 tests) 262ms
 ✓ src/components/chart/__tests__/priceAxisPinSite.test.js (4 tests) 3ms
stdout | src/components/chart/engine/ast/pine.oosBaseline.test.js > OOS Layer A baseline > ⭐ writes the full per-script report

=== OOS LAYER A: 30 scripts from C:\Users\Patrick\uct-worktrees\notebook-w10-l11\tests\fixtures\pine_oos ===
  RAW_ACCEPTED                 8
  ASSISTED_ACCEPTED            0
  CORRECTLY_REFUSED            22
  INVALID_SOURCE               0
  UNKNOWN_NEEDS_ADJUDICATION   0
  TRUTHFUL OUTCOME RATE        100.0%
  flagged for SWR audit        7

=== PRIMARY BLOCKERS ===
    5  pine:reassign
    4  pine:state
    3  pine:function
    3  pine:request
    2  pine:no-output
    1  pine:tuple
    1  pine:module
    1  pine:builtin
    1  pine:collection
    1  pine:constant-only

 ✓ src/components/chart/engine/ast/pine.oosBaseline.test.js (4 tests) 5ms
 ✓ src/components/chart/engine/ast/vectorUnroll.test.js (9 tests) 134ms
 ✓ src/pages/journal-2-0/components/HoldingsList.test.jsx (6 tests) 211ms
 ✓ src/pages/breadth/views/viewMetricConfig.test.js (9 tests) 7ms
 ✓ src/pages/optionsFlow/flowKeyTrace.test.js (12 tests) 8ms
 ✓ src/components/chart/engine/ast/objectCommaStatements.test.js (5 tests) 24ms
 ✓ src/pages/watchlist/prebuiltDirectory.test.js (8 tests) 286ms
 ✓ src/pages/__tests__/ThemesRender.letter0929.test.jsx (6 tests) 218ms
 ✓ src/pages/charts/widgets/dockThemeColors.test.js (16 tests) 6ms
 ✓ src/pages/settings/JoystickSettingsCard.test.jsx (11 tests) 67ms
 ✓ src/pages/desk/articleProgress.test.js (15 tests) 15ms
 ✓ src/pages/journal-2-0/tabs/NotebookTab.daily.test.jsx (4 tests) 414ms
 ✓ src/components/TickerPopup.flagkey.test.jsx (6 tests) 486ms
 ✓ src/pages/journal-2-0/components/notebook/NoteEditorPage.loaderror.test.jsx (7 tests) 1249ms
     ✓ shows a distinct error card, never an infinite "Loading…", when the initial fetch fails  573ms
 ✓ src/components/chart/engine/__tests__/vendorHarness/vendorHarness.trendlinesLegacy.test.js (3 tests) 11435ms
     ✓ ⭐⭐ attaches and grades: every plot agrees with the vendor on every VALUE of 631 bars  3737ms
     ✓ ⭐ the trendline levels and break markers MATCH outright, colour included  3861ms
     ✓ ⭐ the four displaced pivot plots MATCH too, colour compared on every bar  3835ms
 ✓ src/pages/journal-2-0/lib/offline/notebookFlags.serverDefaults.test.js (6 tests) 4ms
 ✓ src/hub/noteCardIdentity.test.jsx (5 tests) 30ms
 ✓ src/components/chart/ChartSettingsModal.header-colors.test.jsx (4 tests) 535ms
 ✓ src/pages/journal-2-0/components/position/HistorySection.test.jsx (7 tests) 144ms
 ✓ src/components/chart/engine/ast/pine.mathShapes.test.js (6 tests) 20ms
 ✓ src/pages/breadth/BreadthViews.theread.test.jsx (5 tests) 389ms
 ✓ src/pages/charts/widgets/snapshotFetcherPair.test.js (11 tests) 5ms
 ✓ src/components/chart/keyboardBindingCollisions.test.js (5 tests) 5ms
 ✓ src/pages/journal-2-0/lib/tagTree.test.js (10 tests) 14ms
 ✓ src/components/chart/engine/ast/objectHandleHistory.test.js (6 tests) 12ms
 ✓ src/pages/journal-2-0/surfaces/today/TodayWeekStrip.test.jsx (4 tests) 74ms
 ✓ src/pages/charts/review/feedWindow.test.js (12 tests) 4ms
 ✓ src/pages/Settings.sharingCard.test.js (4 tests) 4ms
 ✓ src/pages/journal-2-0/lib/jsxDuplicateProps.test.js (3 tests) 227ms
 ✓ src/components/TickerActions.compare.test.jsx (5 tests) 362ms
 ✓ src/hooks/useUserTickerSet.test.jsx (8 tests) 22ms
 ✓ src/components/chart/builder/pineBoxImportTelemetry.test.jsx (5 tests) 1287ms
     ✓ ⭐⭐ onImportTelemetry fires once, with the dialect, exactly when onPick fires  388ms
     ✓ ⛔ onImportTelemetry is OPTIONAL — omitting it must not break onPick  308ms
 ✓ src/pages/breadth/ffillKeys.test.js (6 tests) 4ms
 ✓ src/pages/calendar/todaysBrief.test.jsx (5 tests) 48ms
 ✓ src/components/voice/VoiceHallucinationsPanel.test.jsx (4 tests) 298ms
 ✓ src/pages/desk/videoProgress.test.js (7 tests) 10ms
 ✓ src/pages/journal-2-0/LogTradeButton.test.jsx (2 tests) 236ms
 ✓ src/pages/journal-2-0/surfaces/TradesSurface.test.jsx (6 tests) 310ms
 ✓ src/pages/optionsFlow/gexAssumption.noUpsell.test.jsx (5 tests) 49ms
 ✓ src/components/chart/ChartToolbar.a11y.test.jsx (4 tests) 551ms
 ✓ src/hooks/useSingleStockEtfs.test.js (5 tests) 160ms
 ✓ src/components/chart/__tests__/volumeOptsSurfaces.test.js (3 tests) 4ms
 ✓ src/pages/journal-2-0/components/notebook/CaptureDialog.hintContrast.test.js (6 tests) 6ms
 ✓ src/pages/journal-2-0/surfaces/NotebookSurface.gate.test.jsx (4 tests) 119ms
 ✓ src/components/chart/engine/runtime/__tests__/colourNaSelector.test.js (3 tests) 19ms
 ✓ src/pages/charts/mobile/tfDoor.wire.test.jsx (4 tests) 149ms
 ✓ src/components/Layout.firstRunSlot.test.jsx (3 tests) 66ms
 ✓ src/pages/optionsFlow/FlowIcon.test.jsx (6 tests) 62ms
 ✓ src/components/TickerPopup.anchor.test.jsx (3 tests) 408ms
     ✓ forwards anchorDate + Back-to-today wiring into stockChartProps  365ms
 ✓ src/pages/journal-2-0/lib/splitView.test.jsx (4 tests) 131ms
 ✓ src/pages/journal-2-0/lib/offline/q1ProbePage.test.js (4 tests) 7ms
 ✓ src/components/ErrorBoundary.beacon.test.jsx (4 tests) 39ms
 ✓ src/components/tiles/CatalystFlow.test.jsx (3 tests) 273ms
 ✓ src/pages/journal-2-0/components/notebook/onboarding/sampleNotebook.test.js (5 tests) 3ms
 ✓ src/pages/charts/widgets/AiSearchWidget.scanObject.test.jsx (3 tests) 680ms
     ✓ flag on: the object appears BESIDE the prose with its Open in builder door  385ms
 ✓ src/pages/screener/FilterChips.test.jsx (5 tests) 45ms
 ✓ src/pages/journal-2-0/components/notebook/NoteLinkView.split.test.jsx (3 tests) 155ms
 ✓ src/pages/journal-2-0/a11y/settingsCards.a11y.test.jsx (4 tests) 592ms
 ✓ src/components/research-kit/CheckupRow.test.jsx (9 tests) 43ms
 ✓ src/pages/CotData.test.jsx (4 tests) 221ms
 ✓ src/pages/charts/WidgetHeader.test.jsx (6 tests) 228ms
 ✓ src/routes/liveFlowRetired.route.test.jsx (5 tests) 3ms
 ✓ src/pages/breadth/chartMagnitude.test.js (5 tests) 4ms
 ✓ src/components/chart/engine/ast/pineColourNaSelector.test.js (3 tests) 18ms
 ✓ src/components/chart/legendHandoff.test.js (3 tests) 6ms
 ✓ src/components/admin/ChatModerationPanel.test.jsx (5 tests) 48ms
 ✓ src/components/tiles/MarketBreadth.wirestamp.test.jsx (4 tests) 51ms
 ✓ src/pages/BreadthCharts.a11y.test.jsx (2 tests) 495ms
 ✓ src/pages/journal-2-0/components/PerformancePanel.test.jsx (4 tests) 336ms
 ✓ src/components/firstRun/firstRunStage.test.jsx (5 tests) 18ms
 ✓ src/components/chart/engine/ast/pineOffsetColour.test.js (5 tests) 20ms
 ✓ src/components/video/hostStyle.test.js (10 tests) 6ms
 ✓ src/econHarness/econHarnessAbsent.test.js (4 tests) 9ms
 ✓ src/pages/research/tabs/EstimatesBand.test.jsx (3 tests) 29ms
 ✓ src/pages/UCT20.test.jsx (3 tests) 195ms
 ✓ src/pages/cot/useCotNarrativeArchive.test.jsx (3 tests) 194ms
 ✓ src/pages/BrokersPage.test.jsx (6 tests) 373ms
 ✓ src/components/chart/engine/ast/pineV4InputColour.test.js (3 tests) 14ms
 ✓ src/components/chart/chartScreenshot.test.js (8 tests) 4ms
 ✓ src/pages/charts/grid/GridChartCell.timeframeLabels.test.jsx (3 tests) 3ms
 ✓ src/pages/calendar/EarningsTile.test.jsx (4 tests) 109ms
 ✓ src/pages/Terms.test.jsx (4 tests) 230ms
 ✓ src/hooks/useSettledSym.test.jsx (4 tests) 31ms
 ✓ src/components/dashboard/buildRail.test.js (6 tests) 5ms
 ✓ src/pages/journal-2-0/lib/noteReturnTrail.test.js (6 tests) 4ms
 ✓ src/pages/journal-2-0/hooks/useHoldingsSparklines.test.js (4 tests) 243ms
 ✓ src/pages/breadth/grouping/groupItems.test.js (4 tests) 5ms
 ✓ src/components/chart/engine/ast/interpretTfMemo.test.js (1 test) 6ms
 ✓ src/pages/charts/grid/GroupPicker.test.jsx (2 tests) 208ms
 ✓ src/pages/charts/VersionHistory.keyLabels.test.js (3 tests) 5ms
 ✓ src/pages/journal-2-0/components/CompassOverview.test.jsx (4 tests) 57ms
 ✓ src/pages/research/tabs/OwnershipTab.test.jsx (2 tests) 167ms
 ✓ src/pages/charts/ChartsSymContext.test.jsx (3 tests) 31ms
 ✓ src/pages/research/hooks/useResearchOverview.test.js (2 tests) 13ms
 ✓ src/pages/screener/shell/specUrl.test.js (5 tests) 4ms
 ✓ src/components/voice/ReadAloudButton.test.jsx (3 tests) 207ms
 ✓ src/pages/ChartRender.breadth.test.jsx (2 tests) 70ms
 ✓ src/pages/journal-2-0/hooks/useNoteLinkTarget.test.js (3 tests) 165ms
 ✓ src/floor2/AddressChips.test.jsx (3 tests) 114ms
 ✓ src/pages/breadth/views/divergence.test.js (7 tests) 4ms
 ✓ src/pages/journal-2-0/components/notebook/NoteVideoHero.test.jsx (3 tests) 24ms
 ✓ src/pages/charts/grid/groupsApi.test.js (3 tests) 4ms
 ✓ src/pages/charts/popout/popoutState.test.js (6 tests) 4ms
 ✓ src/pages/community/Composer.test.jsx (2 tests) 142ms
 ✓ src/pages/research/tabs/CallsTab.test.jsx (1 test) 24ms
 ✓ src/pages/journal-2-0/lib/tiptap.test.js (2 tests) 9ms
 ✓ src/pages/journal-2-0/components/BrokerImportingBanner.test.jsx (2 tests) 38ms
 ✓ src/components/mobile/haptics.test.js (3 tests) 4ms
 ✓ src/components/mobile/StickyActionBar.test.jsx (1 test) 20ms

 Test Files  372 passed | 1 skipped (373)
      Tests  5712 passed | 2 skipped (5714)
     Errors  2 errors
   Start at  07:05:54
   Duration  400.90s (transform 13.32s, setup 44.76s, import 98.56s, tests 437.39s, environment 175.79s)

stderr | src/pages/journal-2-0/components/notebook/FolderSidebar.test.jsx > folder delete error surfacing > surfaces a failed delete to the member WITHOUT rendering the raw exception
[notebook] delete folder failed Error: cannot delete: a folder named 'Setups' already exists at the destination — rename it first
    at C:/Users/Patrick/uct-worktrees/notebook-w10-l11/app/src/pages/journal-2-0/components/notebook/FolderSidebar.test.jsx:507:38
    at file:///C:/Users/Patrick/uct-worktrees/notebook-w10-l11/app/node_modules/@vitest/runner/dist/index.js:145:11
    at file:///C:/Users/Patrick/uct-worktrees/notebook-w10-l11/app/node_modules/@vitest/runner/dist/index.js:915:26
    at file:///C:/Users/Patrick/uct-worktrees/notebook-w10-l11/app/node_modules/@vitest/runner/dist/index.js:1243:20
    at new Promise (<anonymous>)
    at runWithTimeout (file:///C:/Users/Patrick/uct-worktrees/notebook-w10-l11/app/node_modules/@vitest/runner/dist/index.js:1209:10)
    at file:///C:/Users/Patrick/uct-worktrees/notebook-w10-l11/app/node_modules/@vitest/runner/dist/index.js:1653:37
    at Traces.$ (file:///C:/Users/Patrick/uct-worktrees/notebook-w10-l11/app/node_modules/vitest/dist/chunks/traces.CCmnQaNT.js:142:27)
    at trace (file:///C:/Users/Patrick/uct-worktrees/notebook-w10-l11/app/node_modules/vitest/dist/chunks/test.B8ej_ZHS.js:239:21)
    at runTest (file:///C:/Users/Patrick/uct-worktrees/notebook-w10-l11/app/node_modules/@vitest/runner/dist/index.js:1653:12)

stderr | src/pages/journal-2-0/lib/offline/f5p1OwnerSendsQueued.test.jsx > F5P-1 — queued words leave while the member sits on the note > an append door added a widget while away: merged — sentence AND widget survive, no fork
linkifyjs: already initialized - will not register custom scheme "https" until manual call of linkify.init(). Register all schemes and plugins before invoking linkify the first time.

stderr | src/pages/journal-2-0/lib/widgetEmbed.test.jsx > WidgetEmbedView self-archive bars-ready gate > refuses to rasterize a body showing a fallback, even with bars already ready
Error: chart render blew up
    at C:/Users/Patrick/uct-worktrees/notebook-w10-l11/app/src/pages/journal-2-0/lib/widgetEmbed.test.jsx:42:65
    at default (C:/Users/Patrick/uct-worktrees/notebook-w10-l11/app/src/pages/journal-2-0/lib/widgetEmbed.test.jsx:42:99)
    at Object.react_stack_bottom_frame (C:\Users\Patrick\uct-worktrees\notebook-w10-l11\app\node_modules\react-dom\cjs\react-dom-client.development.js:25904:20)
    at renderWithHooks (C:\Users\Patrick\uct-worktrees\notebook-w10-l11\app\node_modules\react-dom\cjs\react-dom-client.development.js:7662:22)
    at updateFunctionComponent (C:\Users\Patrick\uct-worktrees\notebook-w10-l11\app\node_modules\react-dom\cjs\react-dom-client.development.js:10166:19)
    at beginWork (C:\Users\Patrick\uct-worktrees\notebook-w10-l11\app\node_modules\react-dom\cjs\react-dom-client.development.js:11778:18)
    at runWithFiberInDEV (C:\Users\Patrick\uct-worktrees\notebook-w10-l11\app\node_modules\react-dom\cjs\react-dom-client.development.js:874:13)
    at performUnitOfWork (C:\Users\Patrick\uct-worktrees\notebook-w10-l11\app\node_modules\react-dom\cjs\react-dom-client.development.js:17641:22)
    at workLoopSync (C:\Users\Patrick\uct-worktrees\notebook-w10-l11\app\node_modules\react-dom\cjs\react-dom-client.development.js:17469:41)
    at renderRootSync (C:\Users\Patrick\uct-worktrees\notebook-w10-l11\app\node_modules\react-dom\cjs\react-dom-client.development.js:17450:11) {
  [stack]: [Getter/Setter],
  [message]: 'chart render blew up'
}

The above error occurred in the <default> component.

React will try to recreate this component tree from scratch using the error boundary you provided, EmbedErrorBoundary.


stderr | src/components/chart/ChartSettingsModal.chartData.test.jsx > the left column IS the pane map > ⭐ renders one group per map group, in the map's own order
An update to ChartSettingsModal inside a test was not wrapped in act(...).

When testing, code that causes React state updates should be wrapped into act(...):

act(() => {
  /* fire events that update state */
});
/* assert on the output */

This ensures that you're testing the behavior the user would see in the browser. Learn more at https://react.dev/link/wrap-tests-with-act

stderr | src/components/chart/ChartSettingsModal.chartData.test.jsx > the left column IS the pane map > ⭐ renders one group per map group, in the map's own order
An update to ChartSettingsModal inside a test was not wrapped in act(...).

When testing, code that causes React state updates should be wrapped into act(...):

act(() => {
  /* fire events that update state */
});
/* assert on the output */

This ensures that you're testing the behavior the user would see in the browser. Learn more at https://react.dev/link/wrap-tests-with-act

stderr | src/components/chart/ChartSettingsModal.chartData.test.jsx > the left column IS the pane map > ⭐⭐ a guest is listed UNDER its host, not in a group of its own
An update to ChartSettingsModal inside a test was not wrapped in act(...).

When testing, code that causes React state updates should be wrapped into act(...):

act(() => {
  /* fire events that update state */
});
/* assert on the output */

This ensures that you're testing the behavior the user would see in the browser. Learn more at https://react.dev/link/wrap-tests-with-act

stderr | src/components/chart/ChartSettingsModal.chartData.test.jsx > the left column IS the pane map > ⭐⭐ a guest is listed UNDER its host, not in a group of its own
An update to ChartSettingsModal inside a test was not wrapped in act(...).

When testing, code that causes React state updates should be wrapped into act(...):

act(() => {
  /* fire events that update state */
});
/* assert on the output */

This ensures that you're testing the behavior the user would see in the browser. Learn more at https://react.dev/link/wrap-tests-with-act

stderr | src/components/chart/ChartSettingsModal.chartData.test.jsx > the left column IS the pane map > ⛔⛔ an orphan is grouped as NEEDS ATTENTION and says why
An update to ChartSettingsModal inside a test was not wrapped in act(...).

When testing, code that causes React state updates should be wrapped into act(...):

act(() => {
  /* fire events that update state */
});
/* assert on the output */

This ensures that you're testing the behavior the user would see in the browser. Learn more at https://react.dev/link/wrap-tests-with-act

stderr | src/components/chart/ChartSettingsModal.chartData.test.jsx > the left column IS the pane map > ⛔⛔ an orphan is grouped as NEEDS ATTENTION and says why
An update to ChartSettingsModal inside a test was not wrapped in act(...).

When testing, code that causes React state updates should be wrapped into act(...):

act(() => {
  /* fire events that update state */
});
/* assert on the output */

This ensures that you're testing the behavior the user would see in the browser. Learn more at https://react.dev/link/wrap-tests-with-act

stderr | src/components/chart/ChartSettingsModal.chartData.test.jsx > ⚰️ switched off is not broken > ⚰️ hiding an own-pane row reads "Not shown", never "Needs attention"
An update to ChartSettingsModal inside a test was not wrapped in act(...).

When testing, code that causes React state updates should be wrapped into act(...):

act(() => {
  /* fire events that update state */
});
/* assert on the output */

This ensures that you're testing the behavior the user would see in the browser. Learn more at https://react.dev/link/wrap-tests-with-act

stderr | src/components/chart/ChartSettingsModal.chartData.test.jsx > ⚰️ switched off is not broken > ⚰️ hiding an own-pane row reads "Not shown", never "Needs attention"
An update to ChartSettingsModal inside a test was not wrapped in act(...).

When testing, code that causes React state updates should be wrapped into act(...):

act(() => {
  /* fire events that update state */
});
/* assert on the output */

This ensures that you're testing the behavior the user would see in the browser. Learn more at https://react.dev/link/wrap-tests-with-act

stderr | src/components/chart/ChartSettingsModal.chartData.test.jsx > ⛔⛔ the engine's vocabulary never reaches the member > no @inst, @host, source ref or instance id is rendered as TEXT
An update to ChartSettingsModal inside a test was not wrapped in act(...).

When testing, code that causes React state updates should be wrapped into act(...):

act(() => {
  /* fire events that update state */
});
/* assert on the output */

This ensures that you're testing the behavior the user would see in the browser. Learn more at https://react.dev/link/wrap-tests-with-act

stderr | src/components/chart/ChartSettingsModal.chartData.test.jsx > ⛔⛔ the engine's vocabulary never reaches the member > no @inst, @host, source ref or instance id is rendered as TEXT
An update to ChartSettingsModal inside a test was not wrapped in act(...).

When testing, code that causes React state updates should be wrapped into act(...):

act(() => {
  /* fire events that update state */
});
/* assert on the output */

This ensures that you're testing the behavior the user would see in the browser. Learn more at https://react.dev/link/wrap-tests-with-act

stderr | src/components/chart/ChartSettingsModal.chartData.test.jsx > the inspector holds exactly one selection > ⭐ selecting a row shows THAT row's form
An update to ChartSettingsModal inside a test was not wrapped in act(...).

When testing, code that causes React state updates should be wrapped into act(...):

act(() => {
  /* fire events that update state */
});
/* assert on the output */

This ensures that you're testing the behavior the user would see in the browser. Learn more at https://react.dev/link/wrap-tests-with-act

stderr | src/components/chart/ChartSettingsModal.chartData.test.jsx > the inspector holds exactly one selection > ⭐ selecting a row shows THAT row's form
An update to ChartSettingsModal inside a test was not wrapped in act(...).

When testing, code that causes React state updates should be wrapped into act(...):

act(() => {
  /* fire events that update state */
});
/* assert on the output */

This ensures that you're testing the behavior the user would see in the browser. Learn more at https://react.dev/link/wrap-tests-with-act

stderr | src/components/chart/ChartSettingsModal.chartData.test.jsx > the inspector holds exactly one selection > ⭐ selecting a SECOND row replaces the first — one form at a time
An update to ChartSettingsModal inside a test was not wrapped in act(...).

When testing, code that causes React state updates should be wrapped into act(...):

act(() => {
  /* fire events that update state */
});
/* assert on the output */

This ensures that you're testing the behavior the user would see in the browser. Learn more at https://react.dev/link/wrap-tests-with-act

stderr | src/components/chart/ChartSettingsModal.chartData.test.jsx > the inspector holds exactly one selection > ⭐ selecting a SECOND row replaces the first — one form at a time
An update to ChartSettingsModal inside a test was not wrapped in act(...).

When testing, code that causes React state updates should be wrapped into act(...):

act(() => {
  /* fire events that update state */
});
/* assert on the output */

This ensures that you're testing the behavior the user would see in the browser. Learn more at https://react.dev/link/wrap-tests-with-act

stderr | src/components/chart/ChartSettingsModal.chartData.test.jsx > the inspector holds exactly one selection > ⭐ REMOVE IS THE INSPECTOR'S, AND IT TAKES THE SELECTED ROW OFF THE CHART
An update to ChartSettingsModal inside a test was not wrapped in act(...).

When testing, code that causes React state updates should be wrapped into act(...):

act(() => {
  /* fire events that update state */
});
/* assert on the output */

This ensures that you're testing the behavior the user would see in the browser. Learn more at https://react.dev/link/wrap-tests-with-act

stderr | src/components/chart/ChartSettingsModal.chartData.test.jsx > the inspector holds exactly one selection > ⭐ REMOVE IS THE INSPECTOR'S, AND IT TAKES THE SELECTED ROW OFF THE CHART
An update to ChartSettingsModal inside a test was not wrapped in act(...).

When testing, code that causes React state updates should be wrapped into act(...):

act(() => {
  /* fire events that update state */
});
/* assert on the output */

This ensures that you're testing the behavior the user would see in the browser. Learn more at https://react.dev/link/wrap-tests-with-act

stderr | src/components/chart/ChartSettingsModal.chartData.test.jsx > the inspector holds exactly one selection > ⭐ …and removing the SELECTED row empties the Inspector
An update to ChartSettingsModal inside a test was not wrapped in act(...).

When testing, code that causes React state updates should be wrapped into act(...):

act(() => {
  /* fire events that update state */
});
/* assert on the output */

This ensures that you're testing the behavior the user would see in the browser. Learn more at https://react.dev/link/wrap-tests-with-act

stderr | src/components/chart/ChartSettingsModal.chartData.test.jsx > the inspector holds exactly one selection > ⭐ …and removing the SELECTED row empties the Inspector
An update to ChartSettingsModal inside a test was not wrapped in act(...).

When testing, code that causes React state updates should be wrapped into act(...):

act(() => {
  /* fire events that update state */
});
/* assert on the output */

This ensures that you're testing the behavior the user would see in the browser. Learn more at https://react.dev/link/wrap-tests-with-act

stderr | src/components/chart/ChartSettingsModal.chartData.test.jsx > the inspector holds exactly one selection > ⛔ THE LIST POINTS `aria-controls` AT THE REGION ITS SELECTION DRIVES
An update to ChartSettingsModal inside a test was not wrapped in act(...).

When testing, code that causes React state updates should be wrapped into act(...):

act(() => {
  /* fire events that update state */
});
/* assert on the output */

This ensures that you're testing the behavior the user would see in the browser. Learn more at https://react.dev/link/wrap-tests-with-act

stderr | src/components/chart/ChartSettingsModal.chartData.test.jsx > the inspector holds exactly one selection > ⛔ THE LIST POINTS `aria-controls` AT THE REGION ITS SELECTION DRIVES
An update to ChartSettingsModal inside a test was not wrapped in act(...).

When testing, code that causes React state updates should be wrapped into act(...):

act(() => {
  /* fire events that update state */
});
/* assert on the output */

This ensures that you're testing the behavior the user would see in the browser. Learn more at https://react.dev/link/wrap-tests-with-act

stderr | src/components/chart/ChartSettingsModal.chartData.test.jsx > the inspector holds exactly one selection > ⛔ THE ROWS ARE OPTIONS, AND EXACTLY ONE IS SELECTED AND TABBABLE
An update to ChartSettingsModal inside a test was not wrapped in act(...).

When testing, code that causes React state updates should be wrapped into act(...):

act(() => {
  /* fire events that update state */
});
/* assert on the output */

This ensures that you're testing the behavior the user would see in the browser. Learn more at https://react.dev/link/wrap-tests-with-act

stderr | src/components/chart/ChartSettingsModal.chartData.test.jsx > the inspector holds exactly one selection > ⛔ THE ROWS ARE OPTIONS, AND EXACTLY ONE IS SELECTED AND TABBABLE
An update to ChartSettingsModal inside a test was not wrapped in act(...).

When testing, code that causes React state updates should be wrapped into act(...):

act(() => {
  /* fire events that update state */
});
/* assert on the output */

This ensures that you're testing the behavior the user would see in the browser. Learn more at https://react.dev/link/wrap-tests-with-act

stderr | src/components/chart/ChartSettingsModal.chartData.test.jsx > the inspector holds exactly one selection > ⭐ ↓ AND ↑ WALK THE WHOLE STRUCTURE, PANE BOUNDARIES INCLUDED
An update to ChartSettingsModal inside a test was not wrapped in act(...).

When testing, code that causes React state updates should be wrapped into act(...):

act(() => {
  /* fire events that update state */
});
/* assert on the output */

This ensures that you're testing the behavior the user would see in the browser. Learn more at https://react.dev/link/wrap-tests-with-act

stderr | src/components/chart/ChartSettingsModal.chartData.test.jsx > the inspector holds exactly one selection > ⭐ ↓ AND ↑ WALK THE WHOLE STRUCTURE, PANE BOUNDARIES INCLUDED
An update to ChartSettingsModal inside a test was not wrapped in act(...).

When testing, code that causes React state updates should be wrapped into act(...):

act(() => {
  /* fire events that update state */
});
/* assert on the output */

This ensures that you're testing the behavior the user would see in the browser. Learn more at https://react.dev/link/wrap-tests-with-act

stderr | src/components/chart/ChartSettingsModal.chartData.test.jsx > ⚰️⚰️ THE EDITOR IS A SECOND COLUMN, NOT A REGION INSIDE A ROW > ⭐⭐ the editor is a SIBLING of the structure — never inside a row
An update to ChartSettingsModal inside a test was not wrapped in act(...).

When testing, code that causes React state updates should be wrapped into act(...):

act(() => {
  /* fire events that update state */
});
/* assert on the output */

This ensures that you're testing the behavior the user would see in the browser. Learn more at https://react.dev/link/wrap-tests-with-act

stderr | src/components/chart/ChartSettingsModal.chartData.test.jsx > ⚰️⚰️ THE EDITOR IS A SECOND COLUMN, NOT A REGION INSIDE A ROW > ⭐⭐ the editor is a SIBLING of the structure — never inside a row
An update to ChartSettingsModal inside a test was not wrapped in act(...).

When testing, code that causes React state updates should be wrapped into act(...):

act(() => {
  /* fire events that update state */
});
/* assert on the output */

This ensures that you're testing the behavior the user would see in the browser. Learn more at https://react.dev/link/wrap-tests-with-act

stderr | src/components/chart/ChartSettingsModal.chartData.test.jsx > ⚰️⚰️ THE EDITOR IS A SECOND COLUMN, NOT A REGION INSIDE A ROW > ⭐⭐ SELECTING A DIFFERENT ROW SWAPS THE FORM AND MOVES NOTHING ELSE
An update to ChartSettingsModal inside a test was not wrapped in act(...).

When testing, code that causes React state updates should be wrapped into act(...):

act(() => {
  /* fire events that update state */
});
/* assert on the output */

This ensures that you're testing the behavior the user would see in the browser. Learn more at https://react.dev/link/wrap-tests-with-act

stderr | src/components/chart/ChartSettingsModal.chartData.test.jsx > ⚰️⚰️ THE EDITOR IS A SECOND COLUMN, NOT A REGION INSIDE A ROW > ⭐⭐ SELECTING A DIFFERENT ROW SWAPS THE FORM AND MOVES NOTHING ELSE
An update to ChartSettingsModal inside a test was not wrapped in act(...).

When testing, code that causes React state updates should be wrapped into act(...):

act(() => {
  /* fire events that update state */
});
/* assert on the output */

This ensures that you're testing the behavior the user would see in the browser. Learn more at https://react.dev/link/wrap-tests-with-act

stderr | src/components/chart/ChartSettingsModal.chartData.test.jsx > ⚰️⚰️ THE EDITOR IS A SECOND COLUMN, NOT A REGION INSIDE A ROW > ⚰️ clicking the SELECTED row again KEEPS it — it does not toggle shut
An update to ChartSettingsModal inside a test was not wrapped in act(...).

When testing, code that causes React state updates should be wrapped into act(...):

act(() => {
  /* fire events that update state */
});
/* assert on the output */

This ensures that you're testing the behavior the user would see in the browser. Learn more at https://react.dev/link/wrap-tests-with-act

stderr | src/components/chart/ChartSettingsModal.chartData.test.jsx > ⚰️⚰️ THE EDITOR IS A SECOND COLUMN, NOT A REGION INSIDE A ROW > ⚰️ clicking the SELECTED row again KEEPS it — it does not toggle shut
An update to ChartSettingsModal inside a test was not wrapped in act(...).

When testing, code that causes React state updates should be wrapped into act(...):

act(() => {
  /* fire events that update state */
});
/* assert on the output */

This ensures that you're testing the behavior the user would see in the browser. Learn more at https://react.dev/link/wrap-tests-with-act

stderr | src/components/chart/ChartSettingsModal.chartData.test.jsx > ⚰️⚰️ THE EDITOR IS A SECOND COLUMN, NOT A REGION INSIDE A ROW > ⭐ no selection → no editor, and a real empty state instead
An update to ChartSettingsModal inside a test was not wrapped in act(...).

When testing, code that causes React state updates should be wrapped into act(...):

act(() => {
  /* fire events that update state */
});
/* assert on the output */

This ensures that you're testing the behavior the user would see in the browser. Learn more at https://react.dev/link/wrap-tests-with-act

stderr | src/components/chart/ChartSettingsModal.chartData.test.jsx > ⚰️⚰️ THE EDITOR IS A SECOND COLUMN, NOT A REGION INSIDE A ROW > ⭐ no selection → no editor, and a real empty state instead
An update to ChartSettingsModal inside a test was not wrapped in act(...).

When testing, code that causes React state updates should be wrapped into act(...):

act(() => {
  /* fire events that update state */
});
/* assert on the output */

This ensures that you're testing the behavior the user would see in the browser. Learn more at https://react.dev/link/wrap-tests-with-act

stderr | src/components/chart/ChartSettingsModal.chartData.test.jsx > ⚰️⚰️ THE EDITOR IS A SECOND COLUMN, NOT A REGION INSIDE A ROW > ⭐⭐ every control the inline editor carried is still in the Inspector
An update to ChartSettingsModal inside a test was not wrapped in act(...).

When testing, code that causes React state updates should be wrapped into act(...):

act(() => {
  /* fire events that update state */
});
/* assert on the output */

This ensures that you're testing the behavior the user would see in the browser. Learn more at https://react.dev/link/wrap-tests-with-act

stderr | src/components/chart/ChartSettingsModal.chartData.test.jsx > ⚰️⚰️ THE EDITOR IS A SECOND COLUMN, NOT A REGION INSIDE A ROW > ⭐⭐ every control the inline editor carried is still in the Inspector
An update to ChartSettingsModal inside a test was not wrapped in act(...).

When testing, code that causes React state updates should be wrapped into act(...):

act(() => {
  /* fire events that update state */
});
/* assert on the output */

This ensures that you're testing the behavior the user would see in the browser. Learn more at https://react.dev/link/wrap-tests-with-act

stderr | src/components/chart/ChartSettingsModal.chartData.test.jsx > ⚰️⚰️ THE EDITOR IS A SECOND COLUMN, NOT A REGION INSIDE A ROW > ⭐⭐ CORE AND APPEARANCE ARE DERIVED FROM THE DEFINITION, not listed here
An update to ChartSettingsModal inside a test was not wrapped in act(...).

When testing, code that causes React state updates should be wrapped into act(...):

act(() => {
  /* fire events that update state */
});
/* assert on the output */

This ensures that you're testing the behavior the user would see in the browser. Learn more at https://react.dev/link/wrap-tests-with-act

stderr | src/components/chart/ChartSettingsModal.chartData.test.jsx > ⚰️⚰️ THE EDITOR IS A SECOND COLUMN, NOT A REGION INSIDE A ROW > ⭐⭐ CORE AND APPEARANCE ARE DERIVED FROM THE DEFINITION, not listed here
An update to ChartSettingsModal inside a test was not wrapped in act(...).

When testing, code that causes React state updates should be wrapped into act(...):

act(() => {
  /* fire events that update state */
});
/* assert on the output */

This ensures that you're testing the behavior the user would see in the browser. Learn more at https://react.dev/link/wrap-tests-with-act

stderr | src/components/chart/ChartSettingsModal.chartData.test.jsx > ⚰️ the Track B deep link lands on the inline editor > ⚰️ `data:<instanceId>` opens Indicators with THAT row SELECTED
An update to ChartSettingsModal inside a test was not wrapped in act(...).

When testing, code that causes React state updates should be wrapped into act(...):

act(() => {
  /* fire events that update state */
});
/* assert on the output */

This ensures that you're testing the behavior the user would see in the browser. Learn more at https://react.dev/link/wrap-tests-with-act

stderr | src/components/chart/ChartSettingsModal.chartData.test.jsx > ⚰️ the Track B deep link lands on the inline editor > ⚰️ `data:<instanceId>` opens Indicators with THAT row SELECTED
An update to ChartSettingsModal inside a test was not wrapped in act(...).

When testing, code that causes React state updates should be wrapped into act(...):

act(() => {
  /* fire events that update state */
});
/* assert on the output */

This ensures that you're testing the behavior the user would see in the browser. Learn more at https://react.dev/link/wrap-tests-with-act

stderr | src/components/chart/ChartSettingsModal.chartData.test.jsx > ⚰️ the Track B deep link lands on the inline editor > ⭐ `ind:<instanceId>` still works — the older spelling is not dropped
An update to ChartSettingsModal inside a test was not wrapped in act(...).

When testing, code that causes React state updates should be wrapped into act(...):

act(() => {
  /* fire events that update state */
});
/* assert on the output */

This ensures that you're testing the behavior the user would see in the browser. Learn more at https://react.dev/link/wrap-tests-with-act

stderr | src/components/chart/ChartSettingsModal.chartData.test.jsx > ⚰️ the Track B deep link lands on the inline editor > ⭐ `ind:<instanceId>` still works — the older spelling is not dropped
An update to ChartSettingsModal inside a test was not wrapped in act(...).

When testing, code that causes React state updates should be wrapped into act(...):

act(() => {
  /* fire events that update state */
});
/* assert on the output */

This ensures that you're testing the behavior the user would see in the browser. Learn more at https://react.dev/link/wrap-tests-with-act

stderr | src/components/chart/ChartSettingsModal.chartData.test.jsx > ⚰️ the Track B deep link lands on the inline editor > ⭐⭐ with TWO QQQ series the link opens the one it names
An update to ChartSettingsModal inside a test was not wrapped in act(...).

When testing, code that causes React state updates should be wrapped into act(...):

act(() => {
  /* fire events that update state */
});
/* assert on the output */

This ensures that you're testing the behavior the user would see in the browser. Learn more at https://react.dev/link/wrap-tests-with-act

stderr | src/components/chart/ChartSettingsModal.chartData.test.jsx > ⚰️ the Track B deep link lands on the inline editor > ⭐⭐ with TWO QQQ series the link opens the one it names
An update to ChartSettingsModal inside a test was not wrapped in act(...).

When testing, code that causes React state updates should be wrapped into act(...):

act(() => {
  /* fire events that update state */
});
/* assert on the output */

This ensures that you're testing the behavior the user would see in the browser. Learn more at https://react.dev/link/wrap-tests-with-act

stderr | src/components/chart/ChartSettingsModal.chartData.test.jsx > ⭐⭐ PANE REORDERING IS DISCOVERABLE (owner §23, §25) > ⭐ THE DOOR IS A LABELLED WORD IN THE NORMAL VIEW — not an icon, not a hover
An update to ChartSettingsModal inside a test was not wrapped in act(...).

When testing, code that causes React state updates should be wrapped into act(...):

act(() => {
  /* fire events that update state */
});
/* assert on the output */

This ensures that you're testing the behavior the user would see in the browser. Learn more at https://react.dev/link/wrap-tests-with-act

stderr | src/components/chart/ChartSettingsModal.chartData.test.jsx > ⭐⭐ PANE REORDERING IS DISCOVERABLE (owner §23, §25) > ⭐ THE DOOR IS A LABELLED WORD IN THE NORMAL VIEW — not an icon, not a hover
An update to ChartSettingsModal inside a test was not wrapped in act(...).

When testing, code that causes React state updates should be wrapped into act(...):

act(() => {
  /* fire events that update state */
});
/* assert on the output */

This ensures that you're testing the behavior the user would see in the browser. Learn more at https://react.dev/link/wrap-tests-with-act

stderr | src/components/chart/ChartSettingsModal.chartData.test.jsx > ⭐⭐ PANE REORDERING IS DISCOVERABLE (owner §23, §25) > ⛔ THE NORMAL VIEW CARRIES NO PANE-MOVE CONTROLS AT ALL
An update to ChartSettingsModal inside a test was not wrapped in act(...).

When testing, code that causes React state updates should be wrapped into act(...):

act(() => {
  /* fire events that update state */
});
/* assert on the output */

This ensures that you're testing the behavior the user would see in the browser. Learn more at https://react.dev/link/wrap-tests-with-act

stderr | src/components/chart/ChartSettingsModal.chartData.test.jsx > ⭐⭐ PANE REORDERING IS DISCOVERABLE (owner §23, §25) > ⛔ THE NORMAL VIEW CARRIES NO PANE-MOVE CONTROLS AT ALL
An update to ChartSettingsModal inside a test was not wrapped in act(...).

When testing, code that causes React state updates should be wrapped into act(...):

act(() => {
  /* fire events that update state */
});
/* assert on the output */

This ensures that you're testing the behavior the user would see in the browser. Learn more at https://react.dev/link/wrap-tests-with-act

stderr | src/components/chart/ChartSettingsModal.chartData.test.jsx > ⭐⭐ PANE REORDERING IS DISCOVERABLE (owner §23, §25) > ⭐ AND INSIDE ARRANGE THEY ARE PRESENT, FULL-STRENGTH AND LABELLED
An update to ChartSettingsModal inside a test was not wrapped in act(...).

When testing, code that causes React state updates should be wrapped into act(...):

act(() => {
  /* fire events that update state */
});
/* assert on the output */

This ensures that you're testing the behavior the user would see in the browser. Learn more at https://react.dev/link/wrap-tests-with-act

stderr | src/components/chart/ChartSettingsModal.chartData.test.jsx > ⭐⭐ PANE REORDERING IS DISCOVERABLE (owner §23, §25) > ⭐ AND INSIDE ARRANGE THEY ARE PRESENT, FULL-STRENGTH AND LABELLED
An update to ChartSettingsModal inside a test was not wrapped in act(...).

When testing, code that causes React state updates should be wrapped into act(...):

act(() => {
  /* fire events that update state */
});
/* assert on the output */

This ensures that you're testing the behavior the user would see in the browser. Learn more at https://react.dev/link/wrap-tests-with-act

stderr | src/components/chart/ChartSettingsModal.chartData.test.jsx > ⭐⭐ PANE REORDERING IS DISCOVERABLE (owner §23, §25) > ⭐ Done returns the panel to the calm view
An update to ChartSettingsModal inside a test was not wrapped in act(...).

When testing, code that causes React state updates should be wrapped into act(...):

act(() => {
  /* fire events that update state */
});
/* assert on the output */

This ensures that you're testing the behavior the user would see in the browser. Learn more at https://react.dev/link/wrap-tests-with-act

stderr | src/components/chart/ChartSettingsModal.chartData.test.jsx > ⭐⭐ PANE REORDERING IS DISCOVERABLE (owner §23, §25) > ⭐ Done returns the panel to the calm view
An update to ChartSettingsModal inside a test was not wrapped in act(...).

When testing, code that causes React state updates should be wrapped into act(...):

act(() => {
  /* fire events that update state */
});
/* assert on the output */

This ensures that you're testing the behavior the user would see in the browser. Learn more at https://react.dev/link/wrap-tests-with-act

stderr | src/components/chart/ChartSettingsModal.chartData.test.jsx > ⚰️ whole panes can be reordered from the pane map > ⚰️ Move up puts a pane ABOVE Price — and Move down brings it back
An update to ChartSettingsModal inside a test was not wrapped in act(...).

When testing, code that causes React state updates should be wrapped into act(...):

act(() => {
  /* fire events that update state */
});
/* assert on the output */

This ensures that you're testing the behavior the user would see in the browser. Learn more at https://react.dev/link/wrap-tests-with-act

stderr | src/components/chart/ChartSettingsModal.chartData.test.jsx > ⚰️ whole panes can be reordered from the pane map > ⚰️ Move up puts a pane ABOVE Price — and Move down brings it back
An update to ChartSettingsModal inside a test was not wrapped in act(...).

When testing, code that causes React state updates should be wrapped into act(...):

act(() => {
  /* fire events that update state */
});
/* assert on the output */

This ensures that you're testing the behavior the user would see in the browser. Learn more at https://react.dev/link/wrap-tests-with-act

stderr | src/components/chart/ChartSettingsModal.chartData.test.jsx > ⚰️ whole panes can be reordered from the pane map > ⭐ Price itself is orderable — and has no Remove
An update to ChartSettingsModal inside a test was not wrapped in act(...).

When testing, code that causes React state updates should be wrapped into act(...):

act(() => {
  /* fire events that update state */
});
/* assert on the output */

This ensures that you're testing the behavior the user would see in the browser. Learn more at https://react.dev/link/wrap-tests-with-act

stderr | src/components/chart/ChartSettingsModal.chartData.test.jsx > ⚰️ whole panes can be reordered from the pane map > ⭐ Price itself is orderable — and has no Remove
An update to ChartSettingsModal inside a test was not wrapped in act(...).

When testing, code that causes React state updates should be wrapped into act(...):

act(() => {
  /* fire events that update state */
});
/* assert on the output */

This ensures that you're testing the behavior the user would see in the browser. Learn more at https://react.dev/link/wrap-tests-with-act

stderr | src/components/chart/ChartSettingsModal.chartData.test.jsx > ⚰️ whole panes can be reordered from the pane map > ⛔ the boundaries disable rather than wrap
An update to ChartSettingsModal inside a test was not wrapped in act(...).

When testing, code that causes React state updates should be wrapped into act(...):

act(() => {
  /* fire events that update state */
});
/* assert on the output */

This ensures that you're testing the behavior the user would see in the browser. Learn more at https://react.dev/link/wrap-tests-with-act

stderr | src/components/chart/ChartSettingsModal.chartData.test.jsx > ⚰️ whole panes can be reordered from the pane map > ⛔ the boundaries disable rather than wrap
An update to ChartSettingsModal inside a test was not wrapped in act(...).

When testing, code that causes React state updates should be wrapped into act(...):

act(() => {
  /* fire events that update state */
});
/* assert on the output */

This ensures that you're testing the behavior the user would see in the browser. Learn more at https://react.dev/link/wrap-tests-with-act

stderr | src/components/chart/ChartSettingsModal.chartData.test.jsx > ⚰️ whole panes can be reordered from the pane map > ⛔⛔ Needs attention is NOT a pane and offers no reorder
An update to ChartSettingsModal inside a test was not wrapped in act(...).

When testing, code that causes React state updates should be wrapped into act(...):

act(() => {
  /* fire events that update state */
});
/* assert on the output */

This ensures that you're testing the behavior the user would see in the browser. Learn more at https://react.dev/link/wrap-tests-with-act

stderr | src/components/chart/ChartSettingsModal.chartData.test.jsx > ⚰️ whole panes can be reordered from the pane map > ⛔⛔ Needs attention is NOT a pane and offers no reorder
An update to ChartSettingsModal inside a test was not wrapped in act(...).

When testing, code that causes React state updates should be wrapped into act(...):

act(() => {
  /* fire events that update state */
});
/* assert on the output */

This ensures that you're testing the behavior the user would see in the browser. Learn more at https://react.dev/link/wrap-tests-with-act

stderr | src/components/chart/ChartSettingsModal.chartData.test.jsx > ⚰️ whole panes can be reordered from the pane map > ⚰️⚰️ moving a HOST pane carries its guests and rewrites no placement
An update to ChartSettingsModal inside a test was not wrapped in act(...).

When testing, code that causes React state updates should be wrapped into act(...):

act(() => {
  /* fire events that update state */
});
/* assert on the output */

This ensures that you're testing the behavior the user would see in the browser. Learn more at https://react.dev/link/wrap-tests-with-act

stderr | src/components/chart/ChartSettingsModal.chartData.test.jsx > ⚰️ whole panes can be reordered from the pane map > ⚰️⚰️ moving a HOST pane carries its guests and rewrites no placement
An update to ChartSettingsModal inside a test was not wrapped in act(...).

When testing, code that causes React state updates should be wrapped into act(...):

act(() => {
  /* fire events that update state */
});
/* assert on the output */

This ensures that you're testing the behavior the user would see in the browser. Learn more at https://react.dev/link/wrap-tests-with-act

stderr | src/components/chart/ChartSettingsModal.chartData.test.jsx > ⚰️ whole panes can be reordered from the pane map > ⭐ the writer is canonical — the UI stores `paneOrder`, nothing else
An update to ChartSettingsModal inside a test was not wrapped in act(...).

When testing, code that causes React state updates should be wrapped into act(...):

act(() => {
  /* fire events that update state */
});
/* assert on the output */

This ensures that you're testing the behavior the user would see in the browser. Learn more at https://react.dev/link/wrap-tests-with-act

stderr | src/components/chart/ChartSettingsModal.chartData.test.jsx > ⚰️ whole panes can be reordered from the pane map > ⭐ the writer is canonical — the UI stores `paneOrder`, nothing else
An update to ChartSettingsModal inside a test was not wrapped in act(...).

When testing, code that causes React state updates should be wrapped into act(...):

act(() => {
  /* fire events that update state */
});
/* assert on the output */

This ensures that you're testing the behavior the user would see in the browser. Learn more at https://react.dev/link/wrap-tests-with-act

stderr | src/components/chart/ChartSettingsModal.chartData.test.jsx > ⚰️⚰️⚰️ CHART SETTINGS IS ONE WINDOW, AT ONE WIDTH > ⚰️⚰️⚰️ the shell does not resize when you switch tabs — any of them
An update to ChartSettingsModal inside a test was not wrapped in act(...).

When testing, code that causes React state updates should be wrapped into act(...):

act(() => {
  /* fire events that update state */
});
/* assert on the output */

This ensures that you're testing the behavior the user would see in the browser. Learn more at https://react.dev/link/wrap-tests-with-act

stderr | src/components/chart/ChartSettingsModal.chartData.test.jsx > ⚰️⚰️⚰️ CHART SETTINGS IS ONE WINDOW, AT ONE WIDTH > ⚰️⚰️⚰️ the shell does not resize when you switch tabs — any of them
An update to ChartSettingsModal inside a test was not wrapped in act(...).

When testing, code that causes React state updates should be wrapped into act(...):

act(() => {
  /* fire events that update state */
});
/* assert on the output */

This ensures that you're testing the behavior the user would see in the browser. Learn more at https://react.dev/link/wrap-tests-with-act

stderr | src/components/chart/ChartSettingsModal.chartData.test.jsx > ⚰️⚰️⚰️ CHART SETTINGS IS ONE WINDOW, AT ONE WIDTH > ⚰️⚰️ …and NO TAB IS CAPPED INSIDE IT EITHER
An update to ChartSettingsModal inside a test was not wrapped in act(...).

When testing, code that causes React state updates should be wrapped into act(...):

act(() => {
  /* fire events that update state */
});
/* assert on the output */

This ensures that you're testing the behavior the user would see in the browser. Learn more at https://react.dev/link/wrap-tests-with-act

stderr | src/components/chart/ChartSettingsModal.chartData.test.jsx > ⚰️⚰️⚰️ CHART SETTINGS IS ONE WINDOW, AT ONE WIDTH > ⚰️⚰️ …and NO TAB IS CAPPED INSIDE IT EITHER
An update to ChartSettingsModal inside a test was not wrapped in act(...).

When testing, code that causes React state updates should be wrapped into act(...):

act(() => {
  /* fire events that update state */
});
/* assert on the output */

This ensures that you're testing the behavior the user would see in the browser. Learn more at https://react.dev/link/wrap-tests-with-act

stderr | src/pages/journal-2-0/lib/offline/f5p1OwnerSendsQueued.test.jsx > D3 — Restore never overwrites a server that moved, and never drops its appends > ⛔⛔ Restore after an append door, then a keystroke: the words AND the widget survive, no fork
linkifyjs: already initialized - will not register custom scheme "https" until manual call of linkify.init(). Register all schemes and plugins before invoking linkify the first time.

stderr | src/components/chart/engine/__tests__/secondarySourceLive.test.jsx > §13–§17 · LIFECYCLE THROUGH THE REAL COMPONENT > §13 a TIMEFRAME change re-keys the fetch and keeps the durable source
paneLayout: pane 1 is 300px, expected 179px (re-applied once and it did not take; the chart is drawn anyway)

stderr | src/components/chart/engine/__tests__/secondarySourceLive.test.jsx > §13–§17 · LIFECYCLE THROUGH THE REAL COMPONENT > §17 REMOVE then RE-ADD resolves normally — no gravestone for an instrument
paneLayout: pane 0 is 300px, expected 1203px (re-applied once and it did not take; the chart is drawn anyway)

stderr | src/pages/journal-2-0/lib/offline/f5p1OwnerSendsQueued.test.jsx > fix round 1 — adoption and the owner’s fork never lose what the member is doing > ⛔⛔ S2-B: a save ON THE WIRE when recovery resolves is never raced — nothing is saved over it
linkifyjs: already initialized - will not register custom scheme "https" until manual call of linkify.init(). Register all schemes and plugins before invoking linkify the first time.

stderr | src/components/chart/mobileScaleAndVolume.test.jsx > MOB-06′ #1 — the phone can reach every price-scale mode > CONTROL · the price-axis long-press builds a Price scale section at all
An update to StockChart inside a test was not wrapped in act(...).

When testing, code that causes React state updates should be wrapped into act(...):

act(() => {
  /* fire events that update state */
});
/* assert on the output */

This ensures that you're testing the behavior the user would see in the browser. Learn more at https://react.dev/link/wrap-tests-with-act
An update to StockChart inside a test was not wrapped in act(...).

When testing, code that causes React state updates should be wrapped into act(...):

act(() => {
  /* fire events that update state */
});
/* assert on the output */

This ensures that you're testing the behavior the user would see in the browser. Learn more at https://react.dev/link/wrap-tests-with-act
An update to StockChart inside a test was not wrapped in act(...).

When testing, code that causes React state updates should be wrapped into act(...):

act(() => {
  /* fire events that update state */
});
/* assert on the output */

This ensures that you're testing the behavior the user would see in the browser. Learn more at https://react.dev/link/wrap-tests-with-act
An update to StockChart inside a test was not wrapped in act(...).

When testing, code that causes React state updates should be wrapped into act(...):

act(() => {
  /* fire events that update state */
});
/* assert on the output */

This ensures that you're testing the behavior the user would see in the browser. Learn more at https://react.dev/link/wrap-tests-with-act
An update to StockChart inside a test was not wrapped in act(...).

When testing, code that causes React state updates should be wrapped into act(...):

act(() => {
  /* fire events that update state */
});
/* assert on the output */

This ensures that you're testing the behavior the user would see in the browser. Learn more at https://react.dev/link/wrap-tests-with-act
An update to StockChart inside a test was not wrapped in act(...).

When testing, code that causes React state updates should be wrapped into act(...):

act(() => {
  /* fire events that update state */
});
/* assert on the output */

This ensures that you're testing the behavior the user would see in the browser. Learn more at https://react.dev/link/wrap-tests-with-act
An update to StockChart inside a test was not wrapped in act(...).

When testing, code that causes React state updates should be wrapped into act(...):

act(() => {
  /* fire events that update state */
});
/* assert on the output */

This ensures that you're testing the behavior the user would see in the browser. Learn more at https://react.dev/link/wrap-tests-with-act
An update to StockChart inside a test was not wrapped in act(...).

When testing, code that causes React state updates should be wrapped into act(...):

act(() => {
  /* fire events that update state */
});
/* assert on the output */

This ensures that you're testing the behavior the user would see in the browser. Learn more at https://react.dev/link/wrap-tests-with-act
An update to IndicatorLibraryDialog inside a test was not wrapped in act(...).

When testing, code that causes React state updates should be wrapped into act(...):

act(() => {
  /* fire events that update state */
});
/* assert on the output */

This ensures that you're testing the behavior the user would see in the browser. Learn more at https://react.dev/link/wrap-tests-with-act
An update to StockChart inside a test was not wrapped in act(...).

When testing, code that causes React state updates should be wrapped into act(...):

act(() => {
  /* fire events that update state */
});
/* assert on the output */

This ensures that you're testing the behavior the user would see in the browser. Learn more at https://react.dev/link/wrap-tests-with-act
An update to StockChart inside a test was not wrapped in act(...).

When testing, code that causes React state updates should be wrapped into act(...):

act(() => {
  /* fire events that update state */
});
/* assert on the output */

This ensures that you're testing the behavior the user would see in the browser. Learn more at https://react.dev/link/wrap-tests-with-act

stderr | src/components/chart/mobileScaleAndVolume.test.jsx > MOB-06′ #1 — the phone can reach every price-scale mode > offers all three MODES, not just Log — Percent is the orphan this repairs
An update to StockChart inside a test was not wrapped in act(...).

When testing, code that causes React state updates should be wrapped into act(...):

act(() => {
  /* fire events that update state */
});
/* assert on the output */

This ensures that you're testing the behavior the user would see in the browser. Learn more at https://react.dev/link/wrap-tests-with-act
An update to StockChart inside a test was not wrapped in act(...).

When testing, code that causes React state updates should be wrapped into act(...):

act(() => {
  /* fire events that update state */
});
/* assert on the output */

This ensures that you're testing the behavior the user would see in the browser. Learn more at https://react.dev/link/wrap-tests-with-act
An update to StockChart inside a test was not wrapped in act(...).

When testing, code that causes React state updates should be wrapped into act(...):

act(() => {
  /* fire events that update state */
});
/* assert on the output */

This ensures that you're testing the behavior the user would see in the browser. Learn more at https://react.dev/link/wrap-tests-with-act
An update to StockChart inside a test was not wrapped in act(...).

When testing, code that causes React state updates should be wrapped into act(...):

act(() => {
  /* fire events that update state */
});
/* assert on the output */

This ensures that you're testing the behavior the user would see in the browser. Learn more at https://react.dev/link/wrap-tests-with-act
An update to StockChart inside a test was not wrapped in act(...).

When testing, code that causes React state updates should be wrapped into act(...):

act(() => {
  /* fire events that update state */
});
/* assert on the output */

This ensures that you're testing the behavior the user would see in the browser. Learn more at https://react.dev/link/wrap-tests-with-act
An update to StockChart inside a test was not wrapped in act(...).

When testing, code that causes React state updates should be wrapped into act(...):

act(() => {
  /* fire events that update state */
});
/* assert on the output */

This ensures that you're testing the behavior the user would see in the browser. Learn more at https://react.dev/link/wrap-tests-with-act
An update to StockChart inside a test was not wrapped in act(...).

When testing, code that causes React state updates should be wrapped into act(...):

act(() => {
  /* fire events that update state */
});
/* assert on the output */

This ensures that you're testing the behavior the user would see in the browser. Learn more at https://react.dev/link/wrap-tests-with-act
An update to StockChart inside a test was not wrapped in act(...).

When testing, code that causes React state updates should be wrapped into act(...):

act(() => {
  /* fire events that update state */
});
/* assert on the output */

This ensures that you're testing the behavior the user would see in the browser. Learn more at https://react.dev/link/wrap-tests-with-act
An update to StockChart inside a test was not wrapped in act(...).

When testing, code that causes React state updates should be wrapped into act(...):

act(() => {
  /* fire events that update state */
});
/* assert on the output */

This ensures that you're testing the behavior the user would see in the browser. Learn more at https://react.dev/link/wrap-tests-with-act

stderr | src/components/chart/mobileScaleAndVolume.test.jsx > MOB-06′ #1 — the phone can reach every price-scale mode > Auto-scale survives as a FIT action, not folded into the mode group
An update to StockChart inside a test was not wrapped in act(...).

When testing, code that causes React state updates should be wrapped into act(...):

act(() => {
  /* fire events that update state */
});
/* assert on the output */

This ensures that you're testing the behavior the user would see in the browser. Learn more at https://react.dev/link/wrap-tests-with-act
An update to StockChart inside a test was not wrapped in act(...).

When testing, code that causes React state updates should be wrapped into act(...):

act(() => {
  /* fire events that update state */
});
/* assert on the output */

This ensures that you're testing the behavior the user would see in the browser. Learn more at https://react.dev/link/wrap-tests-with-act
An update to StockChart inside a test was not wrapped in act(...).

When testing, code that causes React state updates should be wrapped into act(...):

act(() => {
  /* fire events that update state */
});
/* assert on the output */

This ensures that you're testing the behavior the user would see in the browser. Learn more at https://react.dev/link/wrap-tests-with-act
An update to StockChart inside a test was not wrapped in act(...).

When testing, code that causes React state updates should be wrapped into act(...):

act(() => {
  /* fire events that update state */
});
/* assert on the output */

This ensures that you're testing the behavior the user would see in the browser. Learn more at https://react.dev/link/wrap-tests-with-act
An update to StockChart inside a test was not wrapped in act(...).

When testing, code that causes React state updates should be wrapped into act(...):

act(() => {
  /* fire events that update state */
});
/* assert on the output */

This ensures that you're testing the behavior the user would see in the browser. Learn more at https://react.dev/link/wrap-tests-with-act
An update to StockChart inside a test was not wrapped in act(...).

When testing, code that causes React state updates should be wrapped into act(...):

act(() => {
  /* fire events that update state */
});
/* assert on the output */

This ensures that you're testing the behavior the user would see in the browser. Learn more at https://react.dev/link/wrap-tests-with-act
An update to StockChart inside a test was not wrapped in act(...).

When testing, code that causes React state updates should be wrapped into act(...):

act(() => {
  /* fire events that update state */
});
/* assert on the output */

This ensures that you're testing the behavior the user would see in the browser. Learn more at https://react.dev/link/wrap-tests-with-act
An update to StockChart inside a test was not wrapped in act(...).

When testing, code that causes React state updates should be wrapped into act(...):

act(() => {
  /* fire events that update state */
});
/* assert on the output */

This ensures that you're testing the behavior the user would see in the browser. Learn more at https://react.dev/link/wrap-tests-with-act
An update to StockChart inside a test was not wrapped in act(...).

When testing, code that causes React state updates should be wrapped into act(...):

act(() => {
  /* fire events that update state */
});
/* assert on the output */

This ensures that you're testing the behavior the user would see in the browser. Learn more at https://react.dev/link/wrap-tests-with-act

stderr | src/components/chart/mobileScaleAndVolume.test.jsx > MOB-06′ #1 — the phone can reach every price-scale mode > picking Percent turns percent scale ON
An update to StockChart inside a test was not wrapped in act(...).

When testing, code that causes React state updates should be wrapped into act(...):

act(() => {
  /* fire events that update state */
});
/* assert on the output */

This ensures that you're testing the behavior the user would see in the browser. Learn more at https://react.dev/link/wrap-tests-with-act
An update to StockChart inside a test was not wrapped in act(...).

When testing, code that causes React state updates should be wrapped into act(...):

act(() => {
  /* fire events that update state */
});
/* assert on the output */

This ensures that you're testing the behavior the user would see in the browser. Learn more at https://react.dev/link/wrap-tests-with-act
An update to StockChart inside a test was not wrapped in act(...).

When testing, code that causes React state updates should be wrapped into act(...):

act(() => {
  /* fire events that update state */
});
/* assert on the output */

This ensures that you're testing the behavior the user would see in the browser. Learn more at https://react.dev/link/wrap-tests-with-act
An update to StockChart inside a test was not wrapped in act(...).

When testing, code that causes React state updates should be wrapped into act(...):

act(() => {
  /* fire events that update state */
});
/* assert on the output */

This ensures that you're testing the behavior the user would see in the browser. Learn more at https://react.dev/link/wrap-tests-with-act
An update to StockChart inside a test was not wrapped in act(...).

When testing, code that causes React state updates should be wrapped into act(...):

act(() => {
  /* fire events that update state */
});
/* assert on the output */

This ensures that you're testing the behavior the user would see in the browser. Learn more at https://react.dev/link/wrap-tests-with-act
An update to StockChart inside a test was not wrapped in act(...).

When testing, code that causes React state updates should be wrapped into act(...):

act(() => {
  /* fire events that update state */
});
/* assert on the output */

This ensures that you're testing the behavior the user would see in the browser. Learn more at https://react.dev/link/wrap-tests-with-act
An update to StockChart inside a test was not wrapped in act(...).

When testing, code that causes React state updates should be wrapped into act(...):

act(() => {
  /* fire events that update state */
});
/* assert on the output */

This ensures that you're testing the behavior the user would see in the browser. Learn more at https://react.dev/link/wrap-tests-with-act
An update to StockChart inside a test was not wrapped in act(...).

When testing, code that causes React state updates should be wrapped into act(...):

act(() => {
  /* fire events that update state */
});
/* assert on the output */

This ensures that you're testing the behavior the user would see in the browser. Learn more at https://react.dev/link/wrap-tests-with-act
An update to StockChart inside a test was not wrapped in act(...).

When testing, code that causes React state updates should be wrapped into act(...):

act(() => {
  /* fire events that update state */
});
/* assert on the output */

This ensures that you're testing the behavior the user would see in the browser. Learn more at https://react.dev/link/wrap-tests-with-act

stderr | src/components/chart/mobileScaleAndVolume.test.jsx > MOB-06′ #1 — the phone can reach every price-scale mode > …and clears logScale in the SAME write — one writer owns both booleans
An update to StockChart inside a test was not wrapped in act(...).

When testing, code that causes React state updates should be wrapped into act(...):

act(() => {
  /* fire events that update state */
});
/* assert on the output */

This ensures that you're testing the behavior the user would see in the browser. Learn more at https://react.dev/link/wrap-tests-with-act
An update to StockChart inside a test was not wrapped in act(...).

When testing, code that causes React state updates should be wrapped into act(...):

act(() => {
  /* fire events that update state */
});
/* assert on the output */

This ensures that you're testing the behavior the user would see in the browser. Learn more at https://react.dev/link/wrap-tests-with-act
An update to StockChart inside a test was not wrapped in act(...).

When testing, code that causes React state updates should be wrapped into act(...):

act(() => {
  /* fire events that update state */
});
/* assert on the output */

This ensures that you're testing the behavior the user would see in the browser. Learn more at https://react.dev/link/wrap-tests-with-act
An update to StockChart inside a test was not wrapped in act(...).

When testing, code that causes React state updates should be wrapped into act(...):

act(() => {
  /* fire events that update state */
});
/* assert on the output */

This ensures that you're testing the behavior the user would see in the browser. Learn more at https://react.dev/link/wrap-tests-with-act
An update to StockChart inside a test was not wrapped in act(...).

When testing, code that causes React state updates should be wrapped into act(...):

act(() => {
  /* fire events that update state */
});
/* assert on the output */

This ensures that you're testing the behavior the user would see in the browser. Learn more at https://react.dev/link/wrap-tests-with-act
An update to StockChart inside a test was not wrapped in act(...).

When testing, code that causes React state updates should be wrapped into act(...):

act(() => {
  /* fire events that update state */
});
/* assert on the output */

This ensures that you're testing the behavior the user would see in the browser. Learn more at https://react.dev/link/wrap-tests-with-act
An update to StockChart inside a test was not wrapped in act(...).

When testing, code that causes React state updates should be wrapped into act(...):

act(() => {
  /* fire events that update state */
});
/* assert on the output */

This ensures that you're testing the behavior the user would see in the browser. Learn more at https://react.dev/link/wrap-tests-with-act
An update to StockChart inside a test was not wrapped in act(...).

When testing, code that causes React state updates should be wrapped into act(...):

act(() => {
  /* fire events that update state */
});
/* assert on the output */

This ensures that you're testing the behavior the user would see in the browser. Learn more at https://react.dev/link/wrap-tests-with-act
An update to StockChart inside a test was not wrapped in act(...).

When testing, code that causes React state updates should be wrapped into act(...):

act(() => {
  /* fire events that update state */
});
/* assert on the output */

This ensures that you're testing the behavior the user would see in the browser. Learn more at https://react.dev/link/wrap-tests-with-act

stderr | src/components/chart/mobileScaleAndVolume.test.jsx > MOB-06′ #1 — the phone can reach every price-scale mode > the ticked row is the ACTIVE mode, and it updates immediately
An update to StockChart inside a test was not wrapped in act(...).

When testing, code that causes React state updates should be wrapped into act(...):

act(() => {
  /* fire events that update state */
});
/* assert on the output */

This ensures that you're testing the behavior the user would see in the browser. Learn more at https://react.dev/link/wrap-tests-with-act
An update to StockChart inside a test was not wrapped in act(...).

When testing, code that causes React state updates should be wrapped into act(...):

act(() => {
  /* fire events that update state */
});
/* assert on the output */

This ensures that you're testing the behavior the user would see in the browser. Learn more at https://react.dev/link/wrap-tests-with-act
An update to StockChart inside a test was not wrapped in act(...).

When testing, code that causes React state updates should be wrapped into act(...):

act(() => {
  /* fire events that update state */
});
/* assert on the output */

This ensures that you're testing the behavior the user would see in the browser. Learn more at https://react.dev/link/wrap-tests-with-act
An update to StockChart inside a test was not wrapped in act(...).

When testing, code that causes React state updates should be wrapped into act(...):

act(() => {
  /* fire events that update state */
});
/* assert on the output */

This ensures that you're testing the behavior the user would see in the browser. Learn more at https://react.dev/link/wrap-tests-with-act
An update to StockChart inside a test was not wrapped in act(...).

When testing, code that causes React state updates should be wrapped into act(...):

act(() => {
  /* fire events that update state */
});
/* assert on the output */

This ensures that you're testing the behavior the user would see in the browser. Learn more at https://react.dev/link/wrap-tests-with-act
An update to StockChart inside a test was not wrapped in act(...).

When testing, code that causes React state updates should be wrapped into act(...):

act(() => {
  /* fire events that update state */
});
/* assert on the output */

This ensures that you're testing the behavior the user would see in the browser. Learn more at https://react.dev/link/wrap-tests-with-act
An update to StockChart inside a test was not wrapped in act(...).

When testing, code that causes React state updates should be wrapped into act(...):

act(() => {
  /* fire events that update state */
});
/* assert on the output */

This ensures that you're testing the behavior the user would see in the browser. Learn more at https://react.dev/link/wrap-tests-with-act
An update to StockChart inside a test was not wrapped in act(...).

When testing, code that causes React state updates should be wrapped into act(...):

act(() => {
  /* fire events that update state */
});
/* assert on the output */

This ensures that you're testing the behavior the user would see in the browser. Learn more at https://react.dev/link/wrap-tests-with-act
An update to StockChart inside a test was not wrapped in act(...).

When testing, code that causes React state updates should be wrapped into act(...):

act(() => {
  /* fire events that update state */
});
/* assert on the output */

This ensures that you're testing the behavior the user would see in the browser. Learn more at https://react.dev/link/wrap-tests-with-act

stderr | src/components/chart/mobileScaleAndVolume.test.jsx > MOB-06′ #1 — the phone can reach every price-scale mode > a chart that OPENS on Percent shows Percent ticked
An update to StockChart inside a test was not wrapped in act(...).

When testing, code that causes React state updates should be wrapped into act(...):

act(() => {
  /* fire events that update state */
});
/* assert on the output */

This ensures that you're testing the behavior the user would see in the browser. Learn more at https://react.dev/link/wrap-tests-with-act
An update to StockChart inside a test was not wrapped in act(...).

When testing, code that causes React state updates should be wrapped into act(...):

act(() => {
  /* fire events that update state */
});
/* assert on the output */

This ensures that you're testing the behavior the user would see in the browser. Learn more at https://react.dev/link/wrap-tests-with-act
An update to StockChart inside a test was not wrapped in act(...).

When testing, code that causes React state updates should be wrapped into act(...):

act(() => {
  /* fire events that update state */
});
/* assert on the output */

This ensures that you're testing the behavior the user would see in the browser. Learn more at https://react.dev/link/wrap-tests-with-act
An update to StockChart inside a test was not wrapped in act(...).

When testing, code that causes React state updates should be wrapped into act(...):

act(() => {
  /* fire events that update state */
});
/* assert on the output */

This ensures that you're testing the behavior the user would see in the browser. Learn more at https://react.dev/link/wrap-tests-with-act
An update to StockChart inside a test was not wrapped in act(...).

When testing, code that causes React state updates should be wrapped into act(...):

act(() => {
  /* fire events that update state */
});
/* assert on the output */

This ensures that you're testing the behavior the user would see in the browser. Learn more at https://react.dev/link/wrap-tests-with-act
An update to StockChart inside a test was not wrapped in act(...).

When testing, code that causes React state updates should be wrapped into act(...):

act(() => {
  /* fire events that update state */
});
/* assert on the output */

This ensures that you're testing the behavior the user would see in the browser. Learn more at https://react.dev/link/wrap-tests-with-act
An update to StockChart inside a test was not wrapped in act(...).

When testing, code that causes React state updates should be wrapped into act(...):

act(() => {
  /* fire events that update state */
});
/* assert on the output */

This ensures that you're testing the behavior the user would see in the browser. Learn more at https://react.dev/link/wrap-tests-with-act
An update to StockChart inside a test was not wrapped in act(...).

When testing, code that causes React state updates should be wrapped into act(...):

act(() => {
  /* fire events that update state */
});
/* assert on the output */

This ensures that you're testing the behavior the user would see in the browser. Learn more at https://react.dev/link/wrap-tests-with-act
An update to StockChart inside a test was not wrapped in act(...).

When testing, code that causes React state updates should be wrapped into act(...):

act(() => {
  /* fire events that update state */
});
/* assert on the output */

This ensures that you're testing the behavior the user would see in the browser. Learn more at https://react.dev/link/wrap-tests-with-act

stderr | src/components/chart/mobileScaleAndVolume.test.jsx > MOB-06′ #1 — the phone can reach every price-scale mode > 🔴 REGRESSION · picking Log while Percent is on actually LEAVES Percent
An update to StockChart inside a test was not wrapped in act(...).

When testing, code that causes React state updates should be wrapped into act(...):

act(() => {
  /* fire events that update state */
});
/* assert on the output */

This ensures that you're testing the behavior the user would see in the browser. Learn more at https://react.dev/link/wrap-tests-with-act
An update to StockChart inside a test was not wrapped in act(...).

When testing, code that causes React state updates should be wrapped into act(...):

act(() => {
  /* fire events that update state */
});
/* assert on the output */

This ensures that you're testing the behavior the user would see in the browser. Learn more at https://react.dev/link/wrap-tests-with-act
An update to StockChart inside a test was not wrapped in act(...).

When testing, code that causes React state updates should be wrapped into act(...):

act(() => {
  /* fire events that update state */
});
/* assert on the output */

This ensures that you're testing the behavior the user would see in the browser. Learn more at https://react.dev/link/wrap-tests-with-act
An update to StockChart inside a test was not wrapped in act(...).

When testing, code that causes React state updates should be wrapped into act(...):

act(() => {
  /* fire events that update state */
});
/* assert on the output */

This ensures that you're testing the behavior the user would see in the browser. Learn more at https://react.dev/link/wrap-tests-with-act
An update to StockChart inside a test was not wrapped in act(...).

When testing, code that causes React state updates should be wrapped into act(...):

act(() => {
  /* fire events that update state */
});
/* assert on the output */

This ensures that you're testing the behavior the user would see in the browser. Learn more at https://react.dev/link/wrap-tests-with-act
An update to StockChart inside a test was not wrapped in act(...).

When testing, code that causes React state updates should be wrapped into act(...):

act(() => {
  /* fire events that update state */
});
/* assert on the output */

This ensures that you're testing the behavior the user would see in the browser. Learn more at https://react.dev/link/wrap-tests-with-act
An update to StockChart inside a test was not wrapped in act(...).

When testing, code that causes React state updates should be wrapped into act(...):

act(() => {
  /* fire events that update state */
});
/* assert on the output */

This ensures that you're testing the behavior the user would see in the browser. Learn more at https://react.dev/link/wrap-tests-with-act
An update to StockChart inside a test was not wrapped in act(...).

When testing, code that causes React state updates should be wrapped into act(...):

act(() => {
  /* fire events that update state */
});
/* assert on the output */

This ensures that you're testing the behavior the user would see in the browser. Learn more at https://react.dev/link/wrap-tests-with-act
An update to StockChart inside a test was not wrapped in act(...).

When testing, code that causes React state updates should be wrapped into act(...):

act(() => {
  /* fire events that update state */
});
/* assert on the output */

This ensures that you're testing the behavior the user would see in the browser. Learn more at https://react.dev/link/wrap-tests-with-act

stderr | src/components/chart/mobileScaleAndVolume.test.jsx > MOB-06′ #1 — the phone can reach every price-scale mode > Arithmetic clears BOTH — the third mode is a real destination
An update to StockChart inside a test was not wrapped in act(...).

When testing, code that causes React state updates should be wrapped into act(...):

act(() => {
  /* fire events that update state */
});
/* assert on the output */

This ensures that you're testing the behavior the user would see in the browser. Learn more at https://react.dev/link/wrap-tests-with-act
An update to StockChart inside a test was not wrapped in act(...).

When testing, code that causes React state updates should be wrapped into act(...):

act(() => {
  /* fire events that update state */
});
/* assert on the output */

This ensures that you're testing the behavior the user would see in the browser. Learn more at https://react.dev/link/wrap-tests-with-act
An update to StockChart inside a test was not wrapped in act(...).

When testing, code that causes React state updates should be wrapped into act(...):

act(() => {
  /* fire events that update state */
});
/* assert on the output */

This ensures that you're testing the behavior the user would see in the browser. Learn more at https://react.dev/link/wrap-tests-with-act
An update to StockChart inside a test was not wrapped in act(...).

When testing, code that causes React state updates should be wrapped into act(...):

act(() => {
  /* fire events that update state */
});
/* assert on the output */

This ensures that you're testing the behavior the user would see in the browser. Learn more at https://react.dev/link/wrap-tests-with-act
An update to StockChart inside a test was not wrapped in act(...).

When testing, code that causes React state updates should be wrapped into act(...):

act(() => {
  /* fire events that update state */
});
/* assert on the output */

This ensures that you're testing the behavior the user would see in the browser. Learn more at https://react.dev/link/wrap-tests-with-act
An update to StockChart inside a test was not wrapped in act(...).

When testing, code that causes React state updates should be wrapped into act(...):

act(() => {
  /* fire events that update state */
});
/* assert on the output */

This ensures that you're testing the behavior the user would see in the browser. Learn more at https://react.dev/link/wrap-tests-with-act
An update to StockChart inside a test was not wrapped in act(...).

When testing, code that causes React state updates should be wrapped into act(...):

act(() => {
  /* fire events that update state */
});
/* assert on the output */

This ensures that you're testing the behavior the user would see in the browser. Learn more at https://react.dev/link/wrap-tests-with-act
An update to StockChart inside a test was not wrapped in act(...).

When testing, code that causes React state updates should be wrapped into act(...):

act(() => {
  /* fire events that update state */
});
/* assert on the output */

This ensures that you're testing the behavior the user would see in the browser. Learn more at https://react.dev/link/wrap-tests-with-act
An update to StockChart inside a test was not wrapped in act(...).

When testing, code that causes React state updates should be wrapped into act(...):

act(() => {
  /* fire events that update state */
});
/* assert on the output */

This ensures that you're testing the behavior the user would see in the browser. Learn more at https://react.dev/link/wrap-tests-with-act

stderr | src/components/chart/mobileScaleAndVolume.test.jsx > MOB-06′ #1 — the phone can reach every price-scale mode > the price-AREA sheet's Log row routes through the same writer
An update to StockChart inside a test was not wrapped in act(...).

When testing, code that causes React state updates should be wrapped into act(...):

act(() => {
  /* fire events that update state */
});
/* assert on the output */

This ensures that you're testing the behavior the user would see in the browser. Learn more at https://react.dev/link/wrap-tests-with-act
An update to StockChart inside a test was not wrapped in act(...).

When testing, code that causes React state updates should be wrapped into act(...):

act(() => {
  /* fire events that update state */
});
/* assert on the output */

This ensures that you're testing the behavior the user would see in the browser. Learn more at https://react.dev/link/wrap-tests-with-act
An update to StockChart inside a test was not wrapped in act(...).

When testing, code that causes React state updates should be wrapped into act(...):

act(() => {
  /* fire events that update state */
});
/* assert on the output */

This ensures that you're testing the behavior the user would see in the browser. Learn more at https://react.dev/link/wrap-tests-with-act
An update to StockChart inside a test was not wrapped in act(...).

When testing, code that causes React state updates should be wrapped into act(...):

act(() => {
  /* fire events that update state */
});
/* assert on the output */

This ensures that you're testing the behavior the user would see in the browser. Learn more at https://react.dev/link/wrap-tests-with-act
An update to StockChart inside a test was not wrapped in act(...).

When testing, code that causes React state updates should be wrapped into act(...):

act(() => {
  /* fire events that update state */
});
/* assert on the output */

This ensures that you're testing the behavior the user would see in the browser. Learn more at https://react.dev/link/wrap-tests-with-act
An update to StockChart inside a test was not wrapped in act(...).

When testing, code that causes React state updates should be wrapped into act(...):

act(() => {
  /* fire events that update state */
});
/* assert on the output */

This ensures that you're testing the behavior the user would see in the browser. Learn more at https://react.dev/link/wrap-tests-with-act
An update to StockChart inside a test was not wrapped in act(...).

When testing, code that causes React state updates should be wrapped into act(...):

act(() => {
  /* fire events that update state */
});
/* assert on the output */

This ensures that you're testing the behavior the user would see in the browser. Learn more at https://react.dev/link/wrap-tests-with-act
An update to StockChart inside a test was not wrapped in act(...).

When testing, code that causes React state updates should be wrapped into act(...):

act(() => {
  /* fire events that update state */
});
/* assert on the output */

This ensures that you're testing the behavior the user would see in the browser. Learn more at https://react.dev/link/wrap-tests-with-act
An update to StockChart inside a test was not wrapped in act(...).

When testing, code that causes React state updates should be wrapped into act(...):

act(() => {
  /* fire events that update state */
});
/* assert on the output */

This ensures that you're testing the behavior the user would see in the browser. Learn more at https://react.dev/link/wrap-tests-with-act

stderr | src/components/chart/mobileScaleAndVolume.test.jsx > MOB-06′ #1 — the phone can reach every price-scale mode > DESKTOP UNCHANGED · the A/L/% chips write the same fact through the same writer
An update to StockChart inside a test was not wrapped in act(...).

When testing, code that causes React state updates should be wrapped into act(...):

act(() => {
  /* fire events that update state */
});
/* assert on the output */

This ensures that you're testing the behavior the user would see in the browser. Learn more at https://react.dev/link/wrap-tests-with-act
An update to StockChart inside a test was not wrapped in act(...).

When testing, code that causes React state updates should be wrapped into act(...):

act(() => {
  /* fire events that update state */
});
/* assert on the output */

This ensures that you're testing the behavior the user would see in the browser. Learn more at https://react.dev/link/wrap-tests-with-act
An update to StockChart inside a test was not wrapped in act(...).

When testing, code that causes React state updates should be wrapped into act(...):

act(() => {
  /* fire events that update state */
});
/* assert on the output */

This ensures that you're testing the behavior the user would see in the browser. Learn more at https://react.dev/link/wrap-tests-with-act
An update to StockChart inside a test was not wrapped in act(...).

When testing, code that causes React state updates should be wrapped into act(...):

act(() => {
  /* fire events that update state */
});
/* assert on the output */

This ensures that you're testing the behavior the user would see in the browser. Learn more at https://react.dev/link/wrap-tests-with-act
An update to StockChart inside a test was not wrapped in act(...).

When testing, code that causes React state updates should be wrapped into act(...):

act(() => {
  /* fire events that update state */
});
/* assert on the output */

This ensures that you're testing the behavior the user would see in the browser. Learn more at https://react.dev/link/wrap-tests-with-act
An update to StockChart inside a test was not wrapped in act(...).

When testing, code that causes React state updates should be wrapped into act(...):

act(() => {
  /* fire events that update state */
});
/* assert on the output */

This ensures that you're testing the behavior the user would see in the browser. Learn more at https://react.dev/link/wrap-tests-with-act
An update to StockChart inside a test was not wrapped in act(...).

When testing, code that causes React state updates should be wrapped into act(...):

act(() => {
  /* fire events that update state */
});
/* assert on the output */

This ensures that you're testing the behavior the user would see in the browser. Learn more at https://react.dev/link/wrap-tests-with-act
An update to StockChart inside a test was not wrapped in act(...).

When testing, code that causes React state updates should be wrapped into act(...):

act(() => {
  /* fire events that update state */
});
/* assert on the output */

This ensures that you're testing the behavior the user would see in the browser. Learn more at https://react.dev/link/wrap-tests-with-act
An update to StockChart inside a test was not wrapped in act(...).

When testing, code that causes React state updates should be wrapped into act(...):

act(() => {
  /* fire events that update state */
});
/* assert on the output */

This ensures that you're testing the behavior the user would see in the browser. Learn more at https://react.dev/link/wrap-tests-with-act

stderr | src/components/chart/mobileScaleAndVolume.test.jsx > MOB-06′ #1 — the phone can reach every price-scale mode > DESKTOP UNCHANGED · the chips still show the active mode
An update to StockChart inside a test was not wrapped in act(...).

When testing, code that causes React state updates should be wrapped into act(...):

act(() => {
  /* fire events that update state */
});
/* assert on the output */

This ensures that you're testing the behavior the user would see in the browser. Learn more at https://react.dev/link/wrap-tests-with-act
An update to StockChart inside a test was not wrapped in act(...).

When testing, code that causes React state updates should be wrapped into act(...):

act(() => {
  /* fire events that update state */
});
/* assert on the output */

This ensures that you're testing the behavior the user would see in the browser. Learn more at https://react.dev/link/wrap-tests-with-act
An update to StockChart inside a test was not wrapped in act(...).

When testing, code that causes React state updates should be wrapped into act(...):

act(() => {
  /* fire events that update state */
});
/* assert on the output */

This ensures that you're testing the behavior the user would see in the browser. Learn more at https://react.dev/link/wrap-tests-with-act
An update to StockChart inside a test was not wrapped in act(...).

When testing, code that causes React state updates should be wrapped into act(...):

act(() => {
  /* fire events that update state */
});
/* assert on the output */

This ensures that you're testing the behavior the user would see in the browser. Learn more at https://react.dev/link/wrap-tests-with-act
An update to StockChart inside a test was not wrapped in act(...).

When testing, code that causes React state updates should be wrapped into act(...):

act(() => {
  /* fire events that update state */
});
/* assert on the output */

This ensures that you're testing the behavior the user would see in the browser. Learn more at https://react.dev/link/wrap-tests-with-act
An update to StockChart inside a test was not wrapped in act(...).

When testing, code that causes React state updates should be wrapped into act(...):

act(() => {
  /* fire events that update state */
});
/* assert on the output */

This ensures that you're testing the behavior the user would see in the browser. Learn more at https://react.dev/link/wrap-tests-with-act
An update to StockChart inside a test was not wrapped in act(...).

When testing, code that causes React state updates should be wrapped into act(...):

act(() => {
  /* fire events that update state */
});
/* assert on the output */

This ensures that you're testing the behavior the user would see in the browser. Learn more at https://react.dev/link/wrap-tests-with-act
An update to StockChart inside a test was not wrapped in act(...).

When testing, code that causes React state updates should be wrapped into act(...):

act(() => {
  /* fire events that update state */
});
/* assert on the output */

This ensures that you're testing the behavior the user would see in the browser. Learn more at https://react.dev/link/wrap-tests-with-act
An update to StockChart inside a test was not wrapped in act(...).

When testing, code that causes React state updates should be wrapped into act(...):

act(() => {
  /* fire events that update state */
});
/* assert on the output */

This ensures that you're testing the behavior the user would see in the browser. Learn more at https://react.dev/link/wrap-tests-with-act

stderr | src/components/chart/mobileScaleAndVolume.test.jsx > MOB-06′ #1 — the phone can reach every price-scale mode > the menu is POINTER-AGNOSTIC — a coarse pointer gets the same rows
An update to StockChart inside a test was not wrapped in act(...).

When testing, code that causes React state updates should be wrapped into act(...):

act(() => {
  /* fire events that update state */
});
/* assert on the output */

This ensures that you're testing the behavior the user would see in the browser. Learn more at https://react.dev/link/wrap-tests-with-act
An update to StockChart inside a test was not wrapped in act(...).

When testing, code that causes React state updates should be wrapped into act(...):

act(() => {
  /* fire events that update state */
});
/* assert on the output */

This ensures that you're testing the behavior the user would see in the browser. Learn more at https://react.dev/link/wrap-tests-with-act
An update to StockChart inside a test was not wrapped in act(...).

When testing, code that causes React state updates should be wrapped into act(...):

act(() => {
  /* fire events that update state */
});
/* assert on the output */

This ensures that you're testing the behavior the user would see in the browser. Learn more at https://react.dev/link/wrap-tests-with-act
An update to StockChart inside a test was not wrapped in act(...).

When testing, code that causes React state updates should be wrapped into act(...):

act(() => {
  /* fire events that update state */
});
/* assert on the output */

This ensures that you're testing the behavior the user would see in the browser. Learn more at https://react.dev/link/wrap-tests-with-act
An update to StockChart inside a test was not wrapped in act(...).

When testing, code that causes React state updates should be wrapped into act(...):

act(() => {
  /* fire events that update state */
});
/* assert on the output */

This ensures that you're testing the behavior the user would see in the browser. Learn more at https://react.dev/link/wrap-tests-with-act
An update to StockChart inside a test was not wrapped in act(...).

When testing, code that causes React state updates should be wrapped into act(...):

act(() => {
  /* fire events that update state */
});
/* assert on the output */

This ensures that you're testing the behavior the user would see in the browser. Learn more at https://react.dev/link/wrap-tests-with-act
An update to StockChart inside a test was not wrapped in act(...).

When testing, code that causes React state updates should be wrapped into act(...):

act(() => {
  /* fire events that update state */
});
/* assert on the output */

This ensures that you're testing the behavior the user would see in the browser. Learn more at https://react.dev/link/wrap-tests-with-act
An update to StockChart inside a test was not wrapped in act(...).

When testing, code that causes React state updates should be wrapped into act(...):

act(() => {
  /* fire events that update state */
});
/* assert on the output */

This ensures that you're testing the behavior the user would see in the browser. Learn more at https://react.dev/link/wrap-tests-with-act
An update to StockChart inside a test was not wrapped in act(...).

When testing, code that causes React state updates should be wrapped into act(...):

act(() => {
  /* fire events that update state */
});
/* assert on the output */

This ensures that you're testing the behavior the user would see in the browser. Learn more at https://react.dev/link/wrap-tests-with-act

stderr | src/components/chart/mobileScaleAndVolume.test.jsx > MOB-06′ #1 — the phone can reach every price-scale mode > NO always-visible % chip was added to the phone — the TASK was restored, not the furniture
An update to StockChart inside a test was not wrapped in act(...).

When testing, code that causes React state updates should be wrapped into act(...):

act(() => {
  /* fire events that update state */
});
/* assert on the output */

This ensures that you're testing the behavior the user would see in the browser. Learn more at https://react.dev/link/wrap-tests-with-act
An update to StockChart inside a test was not wrapped in act(...).

When testing, code that causes React state updates should be wrapped into act(...):

act(() => {
  /* fire events that update state */
});
/* assert on the output */

This ensures that you're testing the behavior the user would see in the browser. Learn more at https://react.dev/link/wrap-tests-with-act
An update to StockChart inside a test was not wrapped in act(...).

When testing, code that causes React state updates should be wrapped into act(...):

act(() => {
  /* fire events that update state */
});
/* assert on the output */

This ensures that you're testing the behavior the user would see in the browser. Learn more at https://react.dev/link/wrap-tests-with-act
An update to StockChart inside a test was not wrapped in act(...).

When testing, code that causes React state updates should be wrapped into act(...):

act(() => {
  /* fire events that update state */
});
/* assert on the output */

This ensures that you're testing the behavior the user would see in the browser. Learn more at https://react.dev/link/wrap-tests-with-act
An update to StockChart inside a test was not wrapped in act(...).

When testing, code that causes React state updates should be wrapped into act(...):

act(() => {
  /* fire events that update state */
});
/* assert on the output */

This ensures that you're testing the behavior the user would see in the browser. Learn more at https://react.dev/link/wrap-tests-with-act
An update to StockChart inside a test was not wrapped in act(...).

When testing, code that causes React state updates should be wrapped into act(...):

act(() => {
  /* fire events that update state */
});
/* assert on the output */

This ensures that you're testing the behavior the user would see in the browser. Learn more at https://react.dev/link/wrap-tests-with-act
An update to StockChart inside a test was not wrapped in act(...).

When testing, code that causes React state updates should be wrapped into act(...):

act(() => {
  /* fire events that update state */
});
/* assert on the output */

This ensures that you're testing the behavior the user would see in the browser. Learn more at https://react.dev/link/wrap-tests-with-act
An update to StockChart inside a test was not wrapped in act(...).

When testing, code that causes React state updates should be wrapped into act(...):

act(() => {
  /* fire events that update state */
});
/* assert on the output */

This ensures that you're testing the behavior the user would see in the browser. Learn more at https://react.dev/link/wrap-tests-with-act
An update to StockChart inside a test was not wrapped in act(...).

When testing, code that causes React state updates should be wrapped into act(...):

act(() => {
  /* fire events that update state */
});
/* assert on the output */

This ensures that you're testing the behavior the user would see in the browser. Learn more at https://react.dev/link/wrap-tests-with-act

stderr | src/pages/journal-2-0/lib/offline/f5p1OwnerSendsQueued.test.jsx > fix round 1 — adoption and the owner’s fork never lose what the member is doing > ⛔⛔ S2-B (Restore): a Restore clicked while the member’s own save is on the wire WAITS for it — nothing is saved over it
linkifyjs: already initialized - will not register custom scheme "https" until manual call of linkify.init(). Register all schemes and plugins before invoking linkify the first time.

stderr | src/hub/hubWiring.test.jsx > Layout — orb/feedback-FAB mount gate (spec exception a) > hub disabled (default jsdom: no CSS.supports/visualViewport): FeedbackWidget renders, the hub does not
An update to AuthProvider inside a test was not wrapped in act(...).

When testing, code that causes React state updates should be wrapped into act(...):

act(() => {
  /* fire events that update state */
});
/* assert on the output */

This ensures that you're testing the behavior the user would see in the browser. Learn more at https://react.dev/link/wrap-tests-with-act
An update to AuthProvider inside a test was not wrapped in act(...).

When testing, code that causes React state updates should be wrapped into act(...):

act(() => {
  /* fire events that update state */
});
/* assert on the output */

This ensures that you're testing the behavior the user would see in the browser. Learn more at https://react.dev/link/wrap-tests-with-act

stderr | src/hub/hubWiring.test.jsx > Layout — orb/feedback-FAB mount gate (spec exception a) > hub enabled on a touch viewport: FeedbackWidget does NOT render, the hub does
An update to AuthProvider inside a test was not wrapped in act(...).

When testing, code that causes React state updates should be wrapped into act(...):

act(() => {
  /* fire events that update state */
});
/* assert on the output */

This ensures that you're testing the behavior the user would see in the browser. Learn more at https://react.dev/link/wrap-tests-with-act
An update to AuthProvider inside a test was not wrapped in act(...).

When testing, code that causes React state updates should be wrapped into act(...):

act(() => {
  /* fire events that update state */
});
/* assert on the output */

This ensures that you're testing the behavior the user would see in the browser. Learn more at https://react.dev/link/wrap-tests-with-act

stderr | src/pages/journal-2-0/lib/offline/f5p1OwnerSendsQueued.test.jsx > fix round 2 — the editor’s own S1 gate, and a base the queued entry disagrees with > ⛔⛔ N4: a poisoned record is OFFERED, never adopted — nobody types, and the widget stays on the server
linkifyjs: already initialized - will not register custom scheme "https" until manual call of linkify.init(). Register all schemes and plugins before invoking linkify the first time.

stderr | src/pages/journal-2-0/surfaces/TodaySurface.test.jsx > TodaySurface — session leads (concrete account with data) > market (broker account) → the BrokerAccountHero lead renders
An update to SyncFreshnessChip inside a test was not wrapped in act(...).

When testing, code that causes React state updates should be wrapped into act(...):

act(() => {
  /* fire events that update state */
});
/* assert on the output */

This ensures that you're testing the behavior the user would see in the browser. Learn more at https://react.dev/link/wrap-tests-with-act

stderr | src/pages/journal-2-0/surfaces/TodaySurface.test.jsx > TodaySurface — I1 cold-cache loading gate > once settled with data, renders the real lead (no skeleton)
An update to SyncFreshnessChip inside a test was not wrapped in act(...).

When testing, code that causes React state updates should be wrapped into act(...):

act(() => {
  /* fire events that update state */
});
/* assert on the output */

This ensures that you're testing the behavior the user would see in the browser. Learn more at https://react.dev/link/wrap-tests-with-act

stderr | src/pages/journal-2-0/surfaces/TodaySurface.test.jsx > TodaySurface — First Edge Report lead (P0 First-Insight) > does NOT show the report when the trigger is off (the normal lead renders)
An update to SyncFreshnessChip inside a test was not wrapped in act(...).

When testing, code that causes React state updates should be wrapped into act(...):

act(() => {
  /* fire events that update state */
});
/* assert on the output */

This ensures that you're testing the behavior the user would see in the browser. Learn more at https://react.dev/link/wrap-tests-with-act

stderr | src/pages/journal-2-0/lib/offline/f5p1OwnerSendsQueued.test.jsx > fix round 2 — the editor’s own S1 gate, and a base the queued entry disagrees with > ⛔⛔ N4: Restore of a poisoned record never adopts on its base — the Restore itself does not drop the widget
linkifyjs: already initialized - will not register custom scheme "https" until manual call of linkify.init(). Register all schemes and plugins before invoking linkify the first time.

stderr | src/pages/calendar/Calendar.earningsRoute.test.jsx > Calendar × earnings modal route > GATE C3: a crashed boundary recovers when the user opens a DIFFERENT symbol
Error: synthetic crash for GATE C3
    at default (C:/Users/Patrick/uct-worktrees/notebook-w10-l11/app/src/pages/calendar/Calendar.earningsRoute.test.jsx:31:37)
    at Object.react_stack_bottom_frame (C:\Users\Patrick\uct-worktrees\notebook-w10-l11\app\node_modules\react-dom\cjs\react-dom-client.development.js:25904:20)
    at renderWithHooks (C:\Users\Patrick\uct-worktrees\notebook-w10-l11\app\node_modules\react-dom\cjs\react-dom-client.development.js:7662:22)
    at updateFunctionComponent (C:\Users\Patrick\uct-worktrees\notebook-w10-l11\app\node_modules\react-dom\cjs\react-dom-client.development.js:10166:19)
    at beginWork (C:\Users\Patrick\uct-worktrees\notebook-w10-l11\app\node_modules\react-dom\cjs\react-dom-client.development.js:11778:18)
    at runWithFiberInDEV (C:\Users\Patrick\uct-worktrees\notebook-w10-l11\app\node_modules\react-dom\cjs\react-dom-client.development.js:874:13)
    at performUnitOfWork (C:\Users\Patrick\uct-worktrees\notebook-w10-l11\app\node_modules\react-dom\cjs\react-dom-client.development.js:17641:22)
    at workLoopSync (C:\Users\Patrick\uct-worktrees\notebook-w10-l11\app\node_modules\react-dom\cjs\react-dom-client.development.js:17469:41)
    at renderRootSync (C:\Users\Patrick\uct-worktrees\notebook-w10-l11\app\node_modules\react-dom\cjs\react-dom-client.development.js:17450:11)
    at performWorkOnRoot (C:\Users\Patrick\uct-worktrees\notebook-w10-l11\app\node_modules\react-dom\cjs\react-dom-client.development.js:16583:35) {
  [stack]: [Getter/Setter],
  [message]: 'synthetic crash for GATE C3'
}

The above error occurred in the <default> component.

React will try to recreate this component tree from scratch using the error boundary you provided, ErrorBoundary.

[ErrorBoundary] Error: synthetic crash for GATE C3
    at default (C:/Users/Patrick/uct-worktrees/notebook-w10-l11/app/src/pages/calendar/Calendar.earningsRoute.test.jsx:31:37)
    at Object.react_stack_bottom_frame (C:\Users\Patrick\uct-worktrees\notebook-w10-l11\app\node_modules\react-dom\cjs\react-dom-client.development.js:25904:20)
    at renderWithHooks (C:\Users\Patrick\uct-worktrees\notebook-w10-l11\app\node_modules\react-dom\cjs\react-dom-client.development.js:7662:22)
    at updateFunctionComponent (C:\Users\Patrick\uct-worktrees\notebook-w10-l11\app\node_modules\react-dom\cjs\react-dom-client.development.js:10166:19)
    at beginWork (C:\Users\Patrick\uct-worktrees\notebook-w10-l11\app\node_modules\react-dom\cjs\react-dom-client.development.js:11778:18)
    at runWithFiberInDEV (C:\Users\Patrick\uct-worktrees\notebook-w10-l11\app\node_modules\react-dom\cjs\react-dom-client.development.js:874:13)
    at performUnitOfWork (C:\Users\Patrick\uct-worktrees\notebook-w10-l11\app\node_modules\react-dom\cjs\react-dom-client.development.js:17641:22)
    at workLoopSync (C:\Users\Patrick\uct-worktrees\notebook-w10-l11\app\node_modules\react-dom\cjs\react-dom-client.development.js:17469:41)
    at renderRootSync (C:\Users\Patrick\uct-worktrees\notebook-w10-l11\app\node_modules\react-dom\cjs\react-dom-client.development.js:17450:11)
    at performWorkOnRoot (C:\Users\Patrick\uct-worktrees\notebook-w10-l11\app\node_modules\react-dom\cjs\react-dom-client.development.js:16583:35) 
    at default (C:/Users/Patrick/uct-worktrees/notebook-w10-l11/app/src/pages/calendar/Calendar.earningsRoute.test.jsx:3:15)
    at ErrorBoundary (C:/Users/Patrick/uct-worktrees/notebook-w10-l11/app/src/components/ErrorBoundary.jsx:11:5)
    at div (<anonymous>)
    at Calendar (C:/Users/Patrick/uct-worktrees/notebook-w10-l11/app/src/pages/Calendar.jsx:69:84)
    at RenderedRoute (file:///C:/Users/Patrick/uct-worktrees/notebook-w10-l11/app/node_modules/react-router/dist/development/chunk-JZWAC4HX.mjs:5853:26)
    at Routes (file:///C:/Users/Patrick/uct-worktrees/notebook-w10-l11/app/node_modules/react-router/dist/development/chunk-JZWAC4HX.mjs:6653:3)
    at Router (file:///C:/Users/Patrick/uct-worktrees/notebook-w10-l11/app/node_modules/react-router/dist/development/chunk-JZWAC4HX.mjs:6594:13)
    at HistoryRouter (file:///C:/Users/Patrick/uct-worktrees/notebook-w10-l11/app/node_modules/react-router/dist/development/chunk-JZWAC4HX.mjs:9906:3)

stderr | src/pages/journal-2-0/components/notebook/ThesisReviewSection.test.jsx > ⛔ completing a review with a next date lands the note revision > ⛔ CONTROL — with NO next date there is no note write, so nothing is settled
An update to ThesisReviewSection inside a test was not wrapped in act(...).

When testing, code that causes React state updates should be wrapped into act(...):

act(() => {
  /* fire events that update state */
});
/* assert on the output */

This ensures that you're testing the behavior the user would see in the browser. Learn more at https://react.dev/link/wrap-tests-with-act
An update to ThesisReviewSection inside a test was not wrapped in act(...).

When testing, code that causes React state updates should be wrapped into act(...):

act(() => {
  /* fire events that update state */
});
/* assert on the output */

This ensures that you're testing the behavior the user would see in the browser. Learn more at https://react.dev/link/wrap-tests-with-act
An update to ThesisReviewSection inside a test was not wrapped in act(...).

When testing, code that causes React state updates should be wrapped into act(...):

act(() => {
  /* fire events that update state */
});
/* assert on the output */

This ensures that you're testing the behavior the user would see in the browser. Learn more at https://react.dev/link/wrap-tests-with-act
An update to ThesisReviewSection inside a test was not wrapped in act(...).

When testing, code that causes React state updates should be wrapped into act(...):

act(() => {
  /* fire events that update state */
});
/* assert on the output */

This ensures that you're testing the behavior the user would see in the browser. Learn more at https://react.dev/link/wrap-tests-with-act

stderr | src/pages/journal-2-0/JournalLayout.compactHeader.test.jsx > D-1 -- the phone Notebook header folds (rendered) > M-1 -- the open tools fold again when the route changes (and stay folded on return)
An update to J2PriceProvider inside a test was not wrapped in act(...).

When testing, code that causes React state updates should be wrapped into act(...):

act(() => {
  /* fire events that update state */
});
/* assert on the output */

This ensures that you're testing the behavior the user would see in the browser. Learn more at https://react.dev/link/wrap-tests-with-act

stderr | src/pages/journal-2-0/JournalLayout.compactHeader.test.jsx > D-1 -- the phone Notebook header folds (rendered) > M-1 -- a search-param change on the same route (opening a note) leaves the tools as they are
An update to J2PriceProvider inside a test was not wrapped in act(...).

When testing, code that causes React state updates should be wrapped into act(...):

act(() => {
  /* fire events that update state */
});
/* assert on the output */

This ensures that you're testing the behavior the user would see in the browser. Learn more at https://react.dev/link/wrap-tests-with-act

stderr | src/pages/journal-2-0/JournalLayout.compactHeader.test.jsx > D-1 -- the phone Notebook header folds (rendered) > on the Notebook the root is marked compact and carries a closed "Journal tools" disclosure
An update to J2PriceProvider inside a test was not wrapped in act(...).

When testing, code that causes React state updates should be wrapped into act(...):

act(() => {
  /* fire events that update state */
});
/* assert on the output */

This ensures that you're testing the behavior the user would see in the browser. Learn more at https://react.dev/link/wrap-tests-with-act

stderr | src/pages/journal-2-0/JournalLayout.compactHeader.test.jsx > D-1 -- the phone Notebook header folds (rendered) > aria-controls names the element that holds ?, account, report, settings and More -- and NOT Log Trade
An update to J2PriceProvider inside a test was not wrapped in act(...).

When testing, code that causes React state updates should be wrapped into act(...):

act(() => {
  /* fire events that update state */
});
/* assert on the output */

This ensures that you're testing the behavior the user would see in the browser. Learn more at https://react.dev/link/wrap-tests-with-act

stderr | src/pages/journal-2-0/JournalLayout.compactHeader.test.jsx > D-1 -- the phone Notebook header folds (rendered) > tapping the disclosure opens and closes it (aria-expanded and the root marker move together)
An update to J2PriceProvider inside a test was not wrapped in act(...).

When testing, code that causes React state updates should be wrapped into act(...):

act(() => {
  /* fire events that update state */
});
/* assert on the output */

This ensures that you're testing the behavior the user would see in the browser. Learn more at https://react.dev/link/wrap-tests-with-act

stderr | src/pages/journal-2-0/JournalLayout.compactHeader.test.jsx > D-1 -- the phone Notebook header folds (rendered) > opened, the More menu still works from inside the fold
An update to J2PriceProvider inside a test was not wrapped in act(...).

When testing, code that causes React state updates should be wrapped into act(...):

act(() => {
  /* fire events that update state */
});
/* assert on the output */

This ensures that you're testing the behavior the user would see in the browser. Learn more at https://react.dev/link/wrap-tests-with-act

stderr | src/pages/journal-2-0/JournalLayout.compactHeader.test.jsx > D-1 -- the phone Notebook header folds (rendered) > the Log Trade split menu still opens on the folded header
An update to J2PriceProvider inside a test was not wrapped in act(...).

When testing, code that causes React state updates should be wrapped into act(...):

act(() => {
  /* fire events that update state */
});
/* assert on the output */

This ensures that you're testing the behavior the user would see in the browser. Learn more at https://react.dev/link/wrap-tests-with-act

stderr | src/pages/journal-2-0/JournalLayout.compactHeader.test.jsx > D-1 -- the phone Notebook header folds (rendered) > every Journal tab stays in the phone strip on the Notebook (none folded away)
An update to J2PriceProvider inside a test was not wrapped in act(...).

When testing, code that causes React state updates should be wrapped into act(...):

act(() => {
  /* fire events that update state */
});
/* assert on the output */

This ensures that you're testing the behavior the user would see in the browser. Learn more at https://react.dev/link/wrap-tests-with-act

stderr | src/pages/journal-2-0/JournalLayout.compactHeader.test.jsx > D-1 -- the phone Notebook header folds (rendered) > ⭐ CONTROL -- off the Notebook there is no fold and no disclosure
An update to J2PriceProvider inside a test was not wrapped in act(...).

When testing, code that causes React state updates should be wrapped into act(...):

act(() => {
  /* fire events that update state */
});
/* assert on the output */

This ensures that you're testing the behavior the user would see in the browser. Learn more at https://react.dev/link/wrap-tests-with-act

stderr | src/pages/journal-2-0/JournalLayout.compactHeader.test.jsx > M-5 -- one authority for the Notebook route (lib/journalRoutes.js) > the section nav (desktop rail and phone strip) links to NOTEBOOK_PATH, the route the fold keys on
An update to J2PriceProvider inside a test was not wrapped in act(...).

When testing, code that causes React state updates should be wrapped into act(...):

act(() => {
  /* fire events that update state */
});
/* assert on the output */

This ensures that you're testing the behavior the user would see in the browser. Learn more at https://react.dev/link/wrap-tests-with-act

stderr | src/pages/journal-2-0/components/notebook/NoteOutline.test.jsx > <NoteOutline> follows every change to the note, and every jump lands somewhere visible > S3: a content swap that emits no update (restore, sync, adoption) redraws the list
linkifyjs: already initialized - will not register custom scheme "https" until manual call of linkify.init(). Register all schemes and plugins before invoking linkify the first time.

stderr | src/pages/journal-2-0/components/notebook/NoteEditorPage.interleavings.test.jsx > C — an edit arrives while a write is in flight and the server then fails > ⭐ the NEWEST words survive, in both the working copy and the intent
autosave failed (retry 1 in 1000ms) Error: network down
    at C:/Users/Patrick/uct-worktrees/notebook-w10-l11/app/src/pages/journal-2-0/components/notebook/NoteEditorPage.interleavings.test.jsx:150:34
    at file:///C:/Users/Patrick/uct-worktrees/notebook-w10-l11/app/node_modules/@vitest/runner/dist/index.js:145:11
    at file:///C:/Users/Patrick/uct-worktrees/notebook-w10-l11/app/node_modules/@vitest/runner/dist/index.js:915:26
    at file:///C:/Users/Patrick/uct-worktrees/notebook-w10-l11/app/node_modules/@vitest/runner/dist/index.js:1243:20
    at new Promise (<anonymous>)
    at runWithTimeout (file:///C:/Users/Patrick/uct-worktrees/notebook-w10-l11/app/node_modules/@vitest/runner/dist/index.js:1209:10)
    at file:///C:/Users/Patrick/uct-worktrees/notebook-w10-l11/app/node_modules/@vitest/runner/dist/index.js:1653:37
    at Traces.$ (file:///C:/Users/Patrick/uct-worktrees/notebook-w10-l11/app/node_modules/vitest/dist/chunks/traces.CCmnQaNT.js:142:27)
    at trace (file:///C:/Users/Patrick/uct-worktrees/notebook-w10-l11/app/node_modules/vitest/dist/chunks/test.B8ej_ZHS.js:239:21)
    at runTest (file:///C:/Users/Patrick/uct-worktrees/notebook-w10-l11/app/node_modules/@vitest/runner/dist/index.js:1653:12)

stderr | src/pages/journal-2-0/components/notebook/NoteEditorPage.interleavings.test.jsx > E — the tab closes after the durable write but before the PUT > the working copy AND its queued intent are what reopening recovers
autosave failed (retry 1 in 1000ms) Error: network down
    at C:/Users/Patrick/uct-worktrees/notebook-w10-l11/app/src/pages/journal-2-0/components/notebook/NoteEditorPage.interleavings.test.jsx:203:34
    at file:///C:/Users/Patrick/uct-worktrees/notebook-w10-l11/app/node_modules/@vitest/runner/dist/index.js:145:11
    at file:///C:/Users/Patrick/uct-worktrees/notebook-w10-l11/app/node_modules/@vitest/runner/dist/index.js:915:26
    at file:///C:/Users/Patrick/uct-worktrees/notebook-w10-l11/app/node_modules/@vitest/runner/dist/index.js:1243:20
    at new Promise (<anonymous>)
    at runWithTimeout (file:///C:/Users/Patrick/uct-worktrees/notebook-w10-l11/app/node_modules/@vitest/runner/dist/index.js:1209:10)
    at file:///C:/Users/Patrick/uct-worktrees/notebook-w10-l11/app/node_modules/@vitest/runner/dist/index.js:1653:37
    at Traces.$ (file:///C:/Users/Patrick/uct-worktrees/notebook-w10-l11/app/node_modules/vitest/dist/chunks/traces.CCmnQaNT.js:142:27)
    at trace (file:///C:/Users/Patrick/uct-worktrees/notebook-w10-l11/app/node_modules/vitest/dist/chunks/test.B8ej_ZHS.js:239:21)
    at runTest (file:///C:/Users/Patrick/uct-worktrees/notebook-w10-l11/app/node_modules/@vitest/runner/dist/index.js:1653:12)

stderr | src/pages/journal-2-0/components/notebook/NoteEditorPage.interleavings.test.jsx > E — the tab closes after the durable write but before the PUT > the working copy AND its queued intent are what reopening recovers
autosave failed (retry 2 in 2000ms) Error: network down
    at C:/Users/Patrick/uct-worktrees/notebook-w10-l11/app/src/pages/journal-2-0/components/notebook/NoteEditorPage.interleavings.test.jsx:203:34
    at file:///C:/Users/Patrick/uct-worktrees/notebook-w10-l11/app/node_modules/@vitest/runner/dist/index.js:145:11
    at file:///C:/Users/Patrick/uct-worktrees/notebook-w10-l11/app/node_modules/@vitest/runner/dist/index.js:915:26
    at file:///C:/Users/Patrick/uct-worktrees/notebook-w10-l11/app/node_modules/@vitest/runner/dist/index.js:1243:20
    at new Promise (<anonymous>)
    at runWithTimeout (file:///C:/Users/Patrick/uct-worktrees/notebook-w10-l11/app/node_modules/@vitest/runner/dist/index.js:1209:10)
    at file:///C:/Users/Patrick/uct-worktrees/notebook-w10-l11/app/node_modules/@vitest/runner/dist/index.js:1653:37
    at Traces.$ (file:///C:/Users/Patrick/uct-worktrees/notebook-w10-l11/app/node_modules/vitest/dist/chunks/traces.CCmnQaNT.js:142:27)
    at trace (file:///C:/Users/Patrick/uct-worktrees/notebook-w10-l11/app/node_modules/vitest/dist/chunks/test.B8ej_ZHS.js:239:21)
    at runTest (file:///C:/Users/Patrick/uct-worktrees/notebook-w10-l11/app/node_modules/@vitest/runner/dist/index.js:1653:12)
autosave failed (retry 1 in 1000ms) Error: network down
    at C:/Users/Patrick/uct-worktrees/notebook-w10-l11/app/src/pages/journal-2-0/components/notebook/NoteEditorPage.interleavings.test.jsx:203:34
    at file:///C:/Users/Patrick/uct-worktrees/notebook-w10-l11/app/node_modules/@vitest/runner/dist/index.js:145:11
    at file:///C:/Users/Patrick/uct-worktrees/notebook-w10-l11/app/node_modules/@vitest/runner/dist/index.js:915:26
    at file:///C:/Users/Patrick/uct-worktrees/notebook-w10-l11/app/node_modules/@vitest/runner/dist/index.js:1243:20
    at new Promise (<anonymous>)
    at runWithTimeout (file:///C:/Users/Patrick/uct-worktrees/notebook-w10-l11/app/node_modules/@vitest/runner/dist/index.js:1209:10)
    at file:///C:/Users/Patrick/uct-worktrees/notebook-w10-l11/app/node_modules/@vitest/runner/dist/index.js:1653:37
    at Traces.$ (file:///C:/Users/Patrick/uct-worktrees/notebook-w10-l11/app/node_modules/vitest/dist/chunks/traces.CCmnQaNT.js:142:27)
    at trace (file:///C:/Users/Patrick/uct-worktrees/notebook-w10-l11/app/node_modules/vitest/dist/chunks/test.B8ej_ZHS.js:239:21)
    at runTest (file:///C:/Users/Patrick/uct-worktrees/notebook-w10-l11/app/node_modules/@vitest/runner/dist/index.js:1653:12)

stderr | src/components/chart/SourceField.test.jsx > the Indicators tab draws the control, not just the descriptor > ⭐⭐ a direct series row carries an operable Source control
An update to ChartSettingsModal inside a test was not wrapped in act(...).

When testing, code that causes React state updates should be wrapped into act(...):

act(() => {
  /* fire events that update state */
});
/* assert on the output */

This ensures that you're testing the behavior the user would see in the browser. Learn more at https://react.dev/link/wrap-tests-with-act

stderr | src/components/chart/SourceField.test.jsx > the Indicators tab draws the control, not just the descriptor > ⭐⭐ a direct series row carries an operable Source control
An update to ChartSettingsModal inside a test was not wrapped in act(...).

When testing, code that causes React state updates should be wrapped into act(...):

act(() => {
  /* fire events that update state */
});
/* assert on the output */

This ensures that you're testing the behavior the user would see in the browser. Learn more at https://react.dev/link/wrap-tests-with-act

stderr | src/components/chart/SourceField.test.jsx > the Indicators tab draws the control, not just the descriptor > ⭐⭐ THE ROW IS NAMED FROM ITS SOURCE, not "Data Series" four times
An update to ChartSettingsModal inside a test was not wrapped in act(...).

When testing, code that causes React state updates should be wrapped into act(...):

act(() => {
  /* fire events that update state */
});
/* assert on the output */

This ensures that you're testing the behavior the user would see in the browser. Learn more at https://react.dev/link/wrap-tests-with-act

stderr | src/components/chart/SourceField.test.jsx > the Indicators tab draws the control, not just the descriptor > ⭐⭐ THE ROW IS NAMED FROM ITS SOURCE, not "Data Series" four times
An update to ChartSettingsModal inside a test was not wrapped in act(...).

When testing, code that causes React state updates should be wrapped into act(...):

act(() => {
  /* fire events that update state */
});
/* assert on the output */

This ensures that you're testing the behavior the user would see in the browser. Learn more at https://react.dev/link/wrap-tests-with-act

stderr | src/components/chart/SourceField.test.jsx > the Indicators tab draws the control, not just the descriptor > ⛔ …and an ORDINARY definition keeps its catalogue noun
An update to ChartSettingsModal inside a test was not wrapped in act(...).

When testing, code that causes React state updates should be wrapped into act(...):

act(() => {
  /* fire events that update state */
});
/* assert on the output */

This ensures that you're testing the behavior the user would see in the browser. Learn more at https://react.dev/link/wrap-tests-with-act

stderr | src/components/chart/SourceField.test.jsx > the Indicators tab draws the control, not just the descriptor > ⛔ …and an ORDINARY definition keeps its catalogue noun
An update to ChartSettingsModal inside a test was not wrapped in act(...).

When testing, code that causes React state updates should be wrapped into act(...):

act(() => {
  /* fire events that update state */
});
/* assert on the output */

This ensures that you're testing the behavior the user would see in the browser. Learn more at https://react.dev/link/wrap-tests-with-act

stderr | src/components/chart/SourceField.test.jsx > the Indicators tab draws the control, not just the descriptor > ⛔ …and the control the tab drew writes through the row patch
An update to ChartSettingsModal inside a test was not wrapped in act(...).

When testing, code that causes React state updates should be wrapped into act(...):

act(() => {
  /* fire events that update state */
});
/* assert on the output */

This ensures that you're testing the behavior the user would see in the browser. Learn more at https://react.dev/link/wrap-tests-with-act

stderr | src/components/chart/SourceField.test.jsx > the Indicators tab draws the control, not just the descriptor > ⛔ …and the control the tab drew writes through the row patch
An update to ChartSettingsModal inside a test was not wrapped in act(...).

When testing, code that causes React state updates should be wrapped into act(...):

act(() => {
  /* fire events that update state */
});
/* assert on the output */

This ensures that you're testing the behavior the user would see in the browser. Learn more at https://react.dev/link/wrap-tests-with-act

stderr | src/pages/journal-2-0/components/notebook/TableToolbar.test.jsx > <TableToolbar> > a control that would do nothing is disabled, never a silent click (the only column)
An update to Harness inside a test was not wrapped in act(...).

When testing, code that causes React state updates should be wrapped into act(...):

act(() => {
  /* fire events that update state */
});
/* assert on the output */

This ensures that you're testing the behavior the user would see in the browser. Learn more at https://react.dev/link/wrap-tests-with-act

stderr | src/pages/journal-2-0/a11y/focusFlows.test.jsx > focus in the Notebook tab > opening an existing note from the list focuses its heading, never a field
flushSync was called from inside a lifecycle method. React cannot flush when React is already rendering. Consider moving this call to a scheduler task or micro task.
flushSync was called from inside a lifecycle method. React cannot flush when React is already rendering. Consider moving this call to a scheduler task or micro task.
flushSync was called from inside a lifecycle method. React cannot flush when React is already rendering. Consider moving this call to a scheduler task or micro task.

stderr | src/pages/journal-2-0/a11y/focusFlows.test.jsx > focus in the Notebook tab > opening an existing note from the list focuses its heading, never a field
linkifyjs: already initialized - will not register custom scheme "https" until manual call of linkify.init(). Register all schemes and plugins before invoking linkify the first time.

stderr | src/pages/journal-2-0/a11y/focusFlows.test.jsx > focus in the Notebook tab > opening an existing note from the list focuses its heading, never a field
An update to Root inside a test was not wrapped in act(...).

When testing, code that causes React state updates should be wrapped into act(...):

act(() => {
  /* fire events that update state */
});
/* assert on the output */

This ensures that you're testing the behavior the user would see in the browser. Learn more at https://react.dev/link/wrap-tests-with-act

stderr | src/pages/journal-2-0/a11y/focusFlows.test.jsx > focus in the Notebook tab > making a NEW note puts focus in its title (typing it is the next act)
flushSync was called from inside a lifecycle method. React cannot flush when React is already rendering. Consider moving this call to a scheduler task or micro task.
flushSync was called from inside a lifecycle method. React cannot flush when React is already rendering. Consider moving this call to a scheduler task or micro task.
flushSync was called from inside a lifecycle method. React cannot flush when React is already rendering. Consider moving this call to a scheduler task or micro task.

stderr | src/pages/journal-2-0/a11y/focusFlows.test.jsx > focus in the Notebook tab > making a NEW note puts focus in its title (typing it is the next act)
linkifyjs: already initialized - will not register custom scheme "https" until manual call of linkify.init(). Register all schemes and plugins before invoking linkify the first time.

stderr | src/pages/journal-2-0/a11y/focusFlows.test.jsx > focus in the Notebook tab > making a NEW note puts focus in its title (typing it is the next act)
An update to Root inside a test was not wrapped in act(...).

When testing, code that causes React state updates should be wrapped into act(...):

act(() => {
  /* fire events that update state */
});
/* assert on the output */

This ensures that you're testing the behavior the user would see in the browser. Learn more at https://react.dev/link/wrap-tests-with-act

stderr | src/pages/journal-2-0/a11y/focusFlows.test.jsx > focus in the Notebook tab > going back to the list puts focus on the row that opened the note
flushSync was called from inside a lifecycle method. React cannot flush when React is already rendering. Consider moving this call to a scheduler task or micro task.
flushSync was called from inside a lifecycle method. React cannot flush when React is already rendering. Consider moving this call to a scheduler task or micro task.
flushSync was called from inside a lifecycle method. React cannot flush when React is already rendering. Consider moving this call to a scheduler task or micro task.

stderr | src/pages/journal-2-0/a11y/focusFlows.test.jsx > focus in the Notebook tab > going back to the list puts focus on the row that opened the note
linkifyjs: already initialized - will not register custom scheme "https" until manual call of linkify.init(). Register all schemes and plugins before invoking linkify the first time.

stderr | src/pages/journal-2-0/a11y/focusFlows.test.jsx > focus in the Notebook tab > a member who clicked into the sidebar keeps focus there when the note closes
flushSync was called from inside a lifecycle method. React cannot flush when React is already rendering. Consider moving this call to a scheduler task or micro task.
flushSync was called from inside a lifecycle method. React cannot flush when React is already rendering. Consider moving this call to a scheduler task or micro task.
flushSync was called from inside a lifecycle method. React cannot flush when React is already rendering. Consider moving this call to a scheduler task or micro task.

stderr | src/pages/journal-2-0/a11y/focusFlows.test.jsx > focus in the Notebook tab > a member who clicked into the sidebar keeps focus there when the note closes
linkifyjs: already initialized - will not register custom scheme "https" until manual call of linkify.init(). Register all schemes and plugins before invoking linkify the first time.

stderr | src/pages/journal-2-0/a11y/focusFlows.test.jsx > focus in the Notebook tab > deleting a note through ConfirmModal puts focus on the NEXT row
flushSync was called from inside a lifecycle method. React cannot flush when React is already rendering. Consider moving this call to a scheduler task or micro task.
flushSync was called from inside a lifecycle method. React cannot flush when React is already rendering. Consider moving this call to a scheduler task or micro task.
flushSync was called from inside a lifecycle method. React cannot flush when React is already rendering. Consider moving this call to a scheduler task or micro task.

stderr | src/pages/journal-2-0/a11y/focusFlows.test.jsx > focus in the Notebook tab > deleting a note through ConfirmModal puts focus on the NEXT row
linkifyjs: already initialized - will not register custom scheme "https" until manual call of linkify.init(). Register all schemes and plugins before invoking linkify the first time.

stderr | src/pages/journal-2-0/a11y/focusFlows.test.jsx > focus in the Notebook tab > deleting the LAST row puts focus on the pane heading, which then shows
flushSync was called from inside a lifecycle method. React cannot flush when React is already rendering. Consider moving this call to a scheduler task or micro task.
flushSync was called from inside a lifecycle method. React cannot flush when React is already rendering. Consider moving this call to a scheduler task or micro task.
flushSync was called from inside a lifecycle method. React cannot flush when React is already rendering. Consider moving this call to a scheduler task or micro task.

stderr | src/pages/journal-2-0/a11y/focusFlows.test.jsx > focus in the Notebook tab > deleting the LAST row puts focus on the pane heading, which then shows
linkifyjs: already initialized - will not register custom scheme "https" until manual call of linkify.init(). Register all schemes and plugins before invoking linkify the first time.

stderr | src/pages/journal-2-0/a11y/focusFlows.test.jsx > focus in the Notebook tab > the skip link is the first focusable thing in the tab, and it moves focus
flushSync was called from inside a lifecycle method. React cannot flush when React is already rendering. Consider moving this call to a scheduler task or micro task.
flushSync was called from inside a lifecycle method. React cannot flush when React is already rendering. Consider moving this call to a scheduler task or micro task.
flushSync was called from inside a lifecycle method. React cannot flush when React is already rendering. Consider moving this call to a scheduler task or micro task.

stderr | src/pages/journal-2-0/a11y/focusFlows.test.jsx > focus in the Notebook tab > the skip link is the first focusable thing in the tab, and it moves focus
linkifyjs: already initialized - will not register custom scheme "https" until manual call of linkify.init(). Register all schemes and plugins before invoking linkify the first time.

stderr | src/pages/journal-2-0/a11y/focusFlows.test.jsx > focus in the Notebook tab > the skip link is the first focusable thing in the tab, and it moves focus
An update to Root inside a test was not wrapped in act(...).

When testing, code that causes React state updates should be wrapped into act(...):

act(() => {
  /* fire events that update state */
});
/* assert on the output */

This ensures that you're testing the behavior the user would see in the browser. Learn more at https://react.dev/link/wrap-tests-with-act

stderr | src/pages/journal-2-0/a11y/focusFlows.test.jsx > focus in the note editor > closing Ask gives focus back to the Ask toggle
flushSync was called from inside a lifecycle method. React cannot flush when React is already rendering. Consider moving this call to a scheduler task or micro task.
flushSync was called from inside a lifecycle method. React cannot flush when React is already rendering. Consider moving this call to a scheduler task or micro task.
flushSync was called from inside a lifecycle method. React cannot flush when React is already rendering. Consider moving this call to a scheduler task or micro task.

stderr | src/pages/journal-2-0/a11y/focusFlows.test.jsx > focus in the note editor > closing Ask gives focus back to the Ask toggle
linkifyjs: already initialized - will not register custom scheme "https" until manual call of linkify.init(). Register all schemes and plugins before invoking linkify the first time.

stderr | src/pages/journal-2-0/a11y/focusFlows.test.jsx > focus in the note editor > closing Ask gives focus back to the Ask toggle
An update to Root inside a test was not wrapped in act(...).

When testing, code that causes React state updates should be wrapped into act(...):

act(() => {
  /* fire events that update state */
});
/* assert on the output */

This ensures that you're testing the behavior the user would see in the browser. Learn more at https://react.dev/link/wrap-tests-with-act

stderr | src/pages/journal-2-0/a11y/focusFlows.test.jsx > focus in the note editor > closing the find bar gives focus back to the note
flushSync was called from inside a lifecycle method. React cannot flush when React is already rendering. Consider moving this call to a scheduler task or micro task.
flushSync was called from inside a lifecycle method. React cannot flush when React is already rendering. Consider moving this call to a scheduler task or micro task.
flushSync was called from inside a lifecycle method. React cannot flush when React is already rendering. Consider moving this call to a scheduler task or micro task.

stderr | src/pages/journal-2-0/a11y/focusFlows.test.jsx > focus in the note editor > closing the find bar gives focus back to the note
An update to Root inside a test was not wrapped in act(...).

When testing, code that causes React state updates should be wrapped into act(...):

act(() => {
  /* fire events that update state */
});
/* assert on the output */

This ensures that you're testing the behavior the user would see in the browser. Learn more at https://react.dev/link/wrap-tests-with-act

stderr | src/pages/journal-2-0/a11y/focusFlows.test.jsx > focus in the note editor > Escape in the slash menu leaves focus in the note, caret unmoved
flushSync was called from inside a lifecycle method. React cannot flush when React is already rendering. Consider moving this call to a scheduler task or micro task.
flushSync was called from inside a lifecycle method. React cannot flush when React is already rendering. Consider moving this call to a scheduler task or micro task.
flushSync was called from inside a lifecycle method. React cannot flush when React is already rendering. Consider moving this call to a scheduler task or micro task.

stderr | src/pages/journal-2-0/a11y/focusFlows.test.jsx > focus in the note editor > Escape in the slash menu leaves focus in the note, caret unmoved
An update to Root inside a test was not wrapped in act(...).

When testing, code that causes React state updates should be wrapped into act(...):

act(() => {
  /* fire events that update state */
});
/* assert on the output */

This ensures that you're testing the behavior the user would see in the browser. Learn more at https://react.dev/link/wrap-tests-with-act

stderr | src/pages/journal-2-0/a11y/focusFlows.test.jsx > focus in the note editor > Escape in the emoji menu leaves focus in the note, caret unmoved
flushSync was called from inside a lifecycle method. React cannot flush when React is already rendering. Consider moving this call to a scheduler task or micro task.
flushSync was called from inside a lifecycle method. React cannot flush when React is already rendering. Consider moving this call to a scheduler task or micro task.
flushSync was called from inside a lifecycle method. React cannot flush when React is already rendering. Consider moving this call to a scheduler task or micro task.

stderr | src/pages/journal-2-0/a11y/focusFlows.test.jsx > focus in the note editor > Escape in the emoji menu leaves focus in the note, caret unmoved
An update to Root inside a test was not wrapped in act(...).

When testing, code that causes React state updates should be wrapped into act(...):

act(() => {
  /* fire events that update state */
});
/* assert on the output */

This ensures that you're testing the behavior the user would see in the browser. Learn more at https://react.dev/link/wrap-tests-with-act

stderr | src/pages/journal-2-0/a11y/focusFlows.test.jsx > focus in the note editor > closing the colour menu gives focus back to its toolbar button
flushSync was called from inside a lifecycle method. React cannot flush when React is already rendering. Consider moving this call to a scheduler task or micro task.
flushSync was called from inside a lifecycle method. React cannot flush when React is already rendering. Consider moving this call to a scheduler task or micro task.
flushSync was called from inside a lifecycle method. React cannot flush when React is already rendering. Consider moving this call to a scheduler task or micro task.

stderr | src/pages/journal-2-0/a11y/focusFlows.test.jsx > focus in the note editor > closing the colour menu gives focus back to its toolbar button
An update to Root inside a test was not wrapped in act(...).

When testing, code that causes React state updates should be wrapped into act(...):

act(() => {
  /* fire events that update state */
});
/* assert on the output */

This ensures that you're testing the behavior the user would see in the browser. Learn more at https://react.dev/link/wrap-tests-with-act

stderr | src/pages/journal-2-0/a11y/focusFlows.test.jsx > focus in the note editor > closing the outline gives focus back to its toolbar button
flushSync was called from inside a lifecycle method. React cannot flush when React is already rendering. Consider moving this call to a scheduler task or micro task.
flushSync was called from inside a lifecycle method. React cannot flush when React is already rendering. Consider moving this call to a scheduler task or micro task.
flushSync was called from inside a lifecycle method. React cannot flush when React is already rendering. Consider moving this call to a scheduler task or micro task.

stderr | src/pages/journal-2-0/a11y/focusFlows.test.jsx > focus in the note editor > closing the outline gives focus back to its toolbar button
An update to Root inside a test was not wrapped in act(...).

When testing, code that causes React state updates should be wrapped into act(...):

act(() => {
  /* fire events that update state */
});
/* assert on the output */

This ensures that you're testing the behavior the user would see in the browser. Learn more at https://react.dev/link/wrap-tests-with-act

(node:41692) TimeoutNaNWarning: NaN is not a number.
Timeout duration was set to 1.
(Use `node --trace-warnings ...` to show where the warning was created)
stderr | src/pages/cot/PositioningRail.test.jsx > PositioningRail > shows the latest report by default with every group and open interest in the table
An update to ForwardRef(PositioningRail2) inside a test was not wrapped in act(...).

When testing, code that causes React state updates should be wrapped into act(...):

act(() => {
  /* fire events that update state */
});
/* assert on the output */

This ensures that you're testing the behavior the user would see in the browser. Learn more at https://react.dev/link/wrap-tests-with-act
An update to ForwardRef(PositioningRail2) inside a test was not wrapped in act(...).

When testing, code that causes React state updates should be wrapped into act(...):

act(() => {
  /* fire events that update state */
});
/* assert on the output */

This ensures that you're testing the behavior the user would see in the browser. Learn more at https://react.dev/link/wrap-tests-with-act

stderr | src/pages/cot/PositioningRail.test.jsx > PositioningRail > renders the bias and crowding read for the latest week
An update to ForwardRef(PositioningRail2) inside a test was not wrapped in act(...).

When testing, code that causes React state updates should be wrapped into act(...):

act(() => {
  /* fire events that update state */
});
/* assert on the output */

This ensures that you're testing the behavior the user would see in the browser. Learn more at https://react.dev/link/wrap-tests-with-act
An update to ForwardRef(PositioningRail2) inside a test was not wrapped in act(...).

When testing, code that causes React state updates should be wrapped into act(...):

act(() => {
  /* fire events that update state */
});
/* assert on the output */

This ensures that you're testing the behavior the user would see in the browser. Learn more at https://react.dev/link/wrap-tests-with-act

stderr | src/pages/cot/PositioningRail.test.jsx > PositioningRail > follows an imperative setIndex and resets to latest on null
An update to ForwardRef(PositioningRail2) inside a test was not wrapped in act(...).

When testing, code that causes React state updates should be wrapped into act(...):

act(() => {
  /* fire events that update state */
});
/* assert on the output */

This ensures that you're testing the behavior the user would see in the browser. Learn more at https://react.dev/link/wrap-tests-with-act
An update to ForwardRef(PositioningRail2) inside a test was not wrapped in act(...).

When testing, code that causes React state updates should be wrapped into act(...):

act(() => {
  /* fire events that update state */
});
/* assert on the output */

This ensures that you're testing the behavior the user would see in the browser. Learn more at https://react.dev/link/wrap-tests-with-act

stderr | src/pages/cot/PositioningRail.test.jsx > PositioningRail > snaps back to the latest week when the rows change
An update to ForwardRef(PositioningRail2) inside a test was not wrapped in act(...).

When testing, code that causes React state updates should be wrapped into act(...):

act(() => {
  /* fire events that update state */
});
/* assert on the output */

This ensures that you're testing the behavior the user would see in the browser. Learn more at https://react.dev/link/wrap-tests-with-act
An update to ForwardRef(PositioningRail2) inside a test was not wrapped in act(...).

When testing, code that causes React state updates should be wrapped into act(...):

act(() => {
  /* fire events that update state */
});
/* assert on the output */

This ensures that you're testing the behavior the user would see in the browser. Learn more at https://react.dev/link/wrap-tests-with-act

stderr | src/pages/cot/PositioningRail.test.jsx > PositioningRail > shows the VIX caveat only for VI
An update to ForwardRef(PositioningRail2) inside a test was not wrapped in act(...).

When testing, code that causes React state updates should be wrapped into act(...):

act(() => {
  /* fire events that update state */
});
/* assert on the output */

This ensures that you're testing the behavior the user would see in the browser. Learn more at https://react.dev/link/wrap-tests-with-act
An update to ForwardRef(PositioningRail2) inside a test was not wrapped in act(...).

When testing, code that causes React state updates should be wrapped into act(...):

act(() => {
  /* fire events that update state */
});
/* assert on the output */

This ensures that you're testing the behavior the user would see in the browser. Learn more at https://react.dev/link/wrap-tests-with-act

stderr | src/pages/cot/PositioningRail.test.jsx > PositioningRail > renders nothing without rows
An update to ForwardRef(PositioningRail2) inside a test was not wrapped in act(...).

When testing, code that causes React state updates should be wrapped into act(...):

act(() => {
  /* fire events that update state */
});
/* assert on the output */

This ensures that you're testing the behavior the user would see in the browser. Learn more at https://react.dev/link/wrap-tests-with-act

stderr | src/pages/cot/PositioningRail.test.jsx > PositioningRail — v2 sections > shows a precedents section with the proxy named once price bars are supplied
An update to ForwardRef(PositioningRail2) inside a test was not wrapped in act(...).

When testing, code that causes React state updates should be wrapped into act(...):

act(() => {
  /* fire events that update state */
});
/* assert on the output */

This ensures that you're testing the behavior the user would see in the browser. Learn more at https://react.dev/link/wrap-tests-with-act
An update to ForwardRef(PositioningRail2) inside a test was not wrapped in act(...).

When testing, code that causes React state updates should be wrapped into act(...):

act(() => {
  /* fire events that update state */
});
/* assert on the output */

This ensures that you're testing the behavior the user would see in the browser. Learn more at https://react.dev/link/wrap-tests-with-act

stderr | src/pages/cot/PositioningRail.test.jsx > PositioningRail — v2 sections > tells the reader when this setup has no prior episode
An update to ForwardRef(PositioningRail2) inside a test was not wrapped in act(...).

When testing, code that causes React state updates should be wrapped into act(...):

act(() => {
  /* fire events that update state */
});
/* assert on the output */

This ensures that you're testing the behavior the user would see in the browser. Learn more at https://react.dev/link/wrap-tests-with-act
An update to ForwardRef(PositioningRail2) inside a test was not wrapped in act(...).

When testing, code that causes React state updates should be wrapped into act(...):

act(() => {
  /* fire events that update state */
});
/* assert on the output */

This ensures that you're testing the behavior the user would see in the browser. Learn more at https://react.dev/link/wrap-tests-with-act

stderr | src/pages/cot/PositioningRail.test.jsx > PositioningRail — v2 sections > explains the absence of precedents instead of hiding the section
An update to ForwardRef(PositioningRail2) inside a test was not wrapped in act(...).

When testing, code that causes React state updates should be wrapped into act(...):

act(() => {
  /* fire events that update state */
});
/* assert on the output */

This ensures that you're testing the behavior the user would see in the browser. Learn more at https://react.dev/link/wrap-tests-with-act
An update to ForwardRef(PositioningRail2) inside a test was not wrapped in act(...).

When testing, code that causes React state updates should be wrapped into act(...):

act(() => {
  /* fire events that update state */
});
/* assert on the output */

This ensures that you're testing the behavior the user would see in the browser. Learn more at https://react.dev/link/wrap-tests-with-act

stderr | src/pages/cot/PositioningRail.test.jsx > PositioningRail — v2 sections > names the hedgers-only match when the strict pairing was too rare
An update to ForwardRef(PositioningRail2) inside a test was not wrapped in act(...).

When testing, code that causes React state updates should be wrapped into act(...):

act(() => {
  /* fire events that update state */
});
/* assert on the output */

This ensures that you're testing the behavior the user would see in the browser. Learn more at https://react.dev/link/wrap-tests-with-act
An update to ForwardRef(PositioningRail2) inside a test was not wrapped in act(...).

When testing, code that causes React state updates should be wrapped into act(...):

act(() => {
  /* fire events that update state */
});
/* assert on the output */

This ensures that you're testing the behavior the user would see in the browser. Learn more at https://react.dev/link/wrap-tests-with-act

stderr | src/pages/cot/PositioningRail.test.jsx > PositioningRail — v2 sections > renders the who-is-who note for the asset class
An update to ForwardRef(PositioningRail2) inside a test was not wrapped in act(...).

When testing, code that causes React state updates should be wrapped into act(...):

act(() => {
  /* fire events that update state */
});
/* assert on the output */

This ensures that you're testing the behavior the user would see in the browser. Learn more at https://react.dev/link/wrap-tests-with-act
An update to ForwardRef(PositioningRail2) inside a test was not wrapped in act(...).

When testing, code that causes React state updates should be wrapped into act(...):

act(() => {
  /* fire events that update state */
});
/* assert on the output */

This ensures that you're testing the behavior the user would see in the browser. Learn more at https://react.dev/link/wrap-tests-with-act

stderr | src/pages/journal-2-0/components/notebook/BulkActionBar.test.jsx > BulkActionBar — Export selected offers every format (wave 9, D1) > Escape with the Tags panel open closes it and hands focus to the Tags toggle
An update to TagSuggestInput inside a test was not wrapped in act(...).

When testing, code that causes React state updates should be wrapped into act(...):

act(() => {
  /* fire events that update state */
});
/* assert on the output */

This ensures that you're testing the behavior the user would see in the browser. Learn more at https://react.dev/link/wrap-tests-with-act

stderr | src/hub/sections/notebookVoiceNote.test.jsx > D-17 — the action exists and is wired (non-vacuity) > ⛔ the controller gives it a run body — the registry alone would be a silent bubble
An update to HubProvider inside a test was not wrapped in act(...).

When testing, code that causes React state updates should be wrapped into act(...):

act(() => {
  /* fire events that update state */
});
/* assert on the output */

This ensures that you're testing the behavior the user would see in the browser. Learn more at https://react.dev/link/wrap-tests-with-act

stderr | src/hub/sections/notebookVoiceNote.test.jsx > D-17 — the action exists and is wired (non-vacuity) > off the Notebook route the controller registers nothing to fire
An update to HubProvider inside a test was not wrapped in act(...).

When testing, code that causes React state updates should be wrapped into act(...):

act(() => {
  /* fire events that update state */
});
/* assert on the output */

This ensures that you're testing the behavior the user would see in the browser. Learn more at https://react.dev/link/wrap-tests-with-act

stderr | src/lib/presentation/compactAdoption.test.jsx > rendered: the COT positioning rail shows the same WoW text > WoW {"commercials":2500,"largeSpecs":-2500,"smallSpecs":999,"oi":1500}
An update to ForwardRef(PositioningRail2) inside a test was not wrapped in act(...).

When testing, code that causes React state updates should be wrapped into act(...):

act(() => {
  /* fire events that update state */
});
/* assert on the output */

This ensures that you're testing the behavior the user would see in the browser. Learn more at https://react.dev/link/wrap-tests-with-act
An update to ForwardRef(PositioningRail2) inside a test was not wrapped in act(...).

When testing, code that causes React state updates should be wrapped into act(...):

act(() => {
  /* fire events that update state */
});
/* assert on the output */

This ensures that you're testing the behavior the user would see in the browser. Learn more at https://react.dev/link/wrap-tests-with-act

stderr | src/lib/presentation/compactAdoption.test.jsx > rendered: the COT positioning rail shows the same WoW text > WoW {"commercials":2072358,"largeSpecs":-1000000000,"smallSpecs":0,"oi":-10560}
An update to ForwardRef(PositioningRail2) inside a test was not wrapped in act(...).

When testing, code that causes React state updates should be wrapped into act(...):

act(() => {
  /* fire events that update state */
});
/* assert on the output */

This ensures that you're testing the behavior the user would see in the browser. Learn more at https://react.dev/link/wrap-tests-with-act
An update to ForwardRef(PositioningRail2) inside a test was not wrapped in act(...).

When testing, code that causes React state updates should be wrapped into act(...):

act(() => {
  /* fire events that update state */
});
/* assert on the output */

This ensures that you're testing the behavior the user would see in the browser. Learn more at https://react.dev/link/wrap-tests-with-act

stderr | src/pages/journal-2-0/components/ImportCsvModal.test.jsx > ImportCsvModal — step 1 (drop) > mounts with title
An update to ImportCsvModal inside a test was not wrapped in act(...).

When testing, code that causes React state updates should be wrapped into act(...):

act(() => {
  /* fire events that update state */
});
/* assert on the output */

This ensures that you're testing the behavior the user would see in the browser. Learn more at https://react.dev/link/wrap-tests-with-act

stderr | src/pages/journal-2-0/components/ImportCsvModal.test.jsx > ImportCsvModal — step 1 (drop) > renders the dropzone with instruction text
An update to ImportCsvModal inside a test was not wrapped in act(...).

When testing, code that causes React state updates should be wrapped into act(...):

act(() => {
  /* fire events that update state */
});
/* assert on the output */

This ensures that you're testing the behavior the user would see in the browser. Learn more at https://react.dev/link/wrap-tests-with-act

stderr | src/pages/journal-2-0/components/ImportCsvModal.test.jsx > ImportCsvModal — step 1 (drop) > renders template download buttons
An update to ImportCsvModal inside a test was not wrapped in act(...).

When testing, code that causes React state updates should be wrapped into act(...):

act(() => {
  /* fire events that update state */
});
/* assert on the output */

This ensures that you're testing the behavior the user would see in the browser. Learn more at https://react.dev/link/wrap-tests-with-act

stderr | src/pages/journal-2-0/components/ImportCsvModal.test.jsx > ImportCsvModal — step 1 (drop) > lists all supported formats incl. competitor presets
An update to ImportCsvModal inside a test was not wrapped in act(...).

When testing, code that causes React state updates should be wrapped into act(...):

act(() => {
  /* fire events that update state */
});
/* assert on the output */

This ensures that you're testing the behavior the user would see in the browser. Learn more at https://react.dev/link/wrap-tests-with-act

stderr | src/pages/journal-2-0/components/ImportCsvModal.test.jsx > ImportCsvModal — step 1 (drop) > shows the auto-detect subtitle for competitor exports
An update to ImportCsvModal inside a test was not wrapped in act(...).

When testing, code that causes React state updates should be wrapped into act(...):

act(() => {
  /* fire events that update state */
});
/* assert on the output */

This ensures that you're testing the behavior the user would see in the browser. Learn more at https://react.dev/link/wrap-tests-with-act

stderr | src/pages/journal-2-0/components/ImportCsvModal.test.jsx > ImportCsvModal — step 1 (drop) > Esc closes the modal
An update to ImportCsvModal inside a test was not wrapped in act(...).

When testing, code that causes React state updates should be wrapped into act(...):

act(() => {
  /* fire events that update state */
});
/* assert on the output */

This ensures that you're testing the behavior the user would see in the browser. Learn more at https://react.dev/link/wrap-tests-with-act

stderr | src/pages/journal-2-0/components/notebook/ResearchHome.citations.test.jsx > Research Home ("My Notebook") — citations > a source with no destination says so instead of doing nothing
An update to AskPanel inside a test was not wrapped in act(...).

When testing, code that causes React state updates should be wrapped into act(...):

act(() => {
  /* fire events that update state */
});
/* assert on the output */

This ensures that you're testing the behavior the user would see in the browser. Learn more at https://react.dev/link/wrap-tests-with-act

(node:44068) TimeoutNaNWarning: NaN is not a number.
Timeout duration was set to 1.
(Use `node --trace-warnings ...` to show where the warning was created)
stderr | src/pages/journal-2-0/lib/noteContentGuard.test.jsx > the guard itself > an unknown node type LOCKS the editor, without emitting the update that is every autosave
[tiptap warn]: Invalid content. Passed value: {
  type: 'doc',
  content: [
    { type: 'paragraph', content: [Array] },
    { type: 'waveSixDiagram' }
  ]
} Error: RangeError: Unknown node type: waveSixDiagram
    at Schema.nodeType (file:///C:/Users/Patrick/uct-worktrees/notebook-w10-l11/app/node_modules/prosemirror-model/dist/index.js:2490:19)
    at Node.fromJSON (file:///C:/Users/Patrick/uct-worktrees/notebook-w10-l11/app/node_modules/prosemirror-model/dist/index.js:1530:27)
    at Schema.nodeFromJSON (file:///C:/Users/Patrick/uct-worktrees/notebook-w10-l11/app/node_modules/prosemirror-model/dist/index.js:2448:42)
    at Array.map (<anonymous>)
    at Fragment.fromJSON (file:///C:/Users/Patrick/uct-worktrees/notebook-w10-l11/app/node_modules/prosemirror-model/dist/index.js:314:41)
    at Node.fromJSON (file:///C:/Users/Patrick/uct-worktrees/notebook-w10-l11/app/node_modules/prosemirror-model/dist/index.js:1529:32)
    at Schema.nodeFromJSON (file:///C:/Users/Patrick/uct-worktrees/notebook-w10-l11/app/node_modules/prosemirror-model/dist/index.js:2448:42)
    at createNodeFromContent (file:///C:/Users/Patrick/uct-worktrees/notebook-w10-l11/app/node_modules/@tiptap/core/dist/index.js:664:27)
    at createDocument (file:///C:/Users/Patrick/uct-worktrees/notebook-w10-l11/app/node_modules/@tiptap/core/dist/index.js:1173:10)
    at Editor.createDoc (file:///C:/Users/Patrick/uct-worktrees/notebook-w10-l11/app/node_modules/@tiptap/core/dist/index.js:5100:13)

stderr | src/pages/journal-2-0/lib/noteContentGuard.test.jsx > the guard itself > an unknown mark type LOCKS the editor, without emitting the update that is every autosave
[tiptap warn]: Invalid content. Passed value: { type: 'doc', content: [ { type: 'paragraph', content: [Array] } ] } Error: RangeError: There is no mark type waveSixUnderwave in this schema
    at Mark.fromJSON (file:///C:/Users/Patrick/uct-worktrees/notebook-w10-l11/app/node_modules/prosemirror-model/dist/index.js:505:19)
    at Schema.markFromJSON (file:///C:/Users/Patrick/uct-worktrees/notebook-w10-l11/app/node_modules/prosemirror-model/dist/index.js:2449:42)
    at Array.map (<anonymous>)
    at Node.fromJSON (file:///C:/Users/Patrick/uct-worktrees/notebook-w10-l11/app/node_modules/prosemirror-model/dist/index.js:1522:32)
    at Schema.nodeFromJSON (file:///C:/Users/Patrick/uct-worktrees/notebook-w10-l11/app/node_modules/prosemirror-model/dist/index.js:2448:42)
    at Array.map (<anonymous>)
    at Fragment.fromJSON (file:///C:/Users/Patrick/uct-worktrees/notebook-w10-l11/app/node_modules/prosemirror-model/dist/index.js:314:41)
    at Node.fromJSON (file:///C:/Users/Patrick/uct-worktrees/notebook-w10-l11/app/node_modules/prosemirror-model/dist/index.js:1529:32)
    at Schema.nodeFromJSON (file:///C:/Users/Patrick/uct-worktrees/notebook-w10-l11/app/node_modules/prosemirror-model/dist/index.js:2448:42)
    at Array.map (<anonymous>)

stderr | src/pages/journal-2-0/lib/noteContentGuard.test.jsx > the Model Book entry editor (UpbRichEditor) > an unknown node: locked, said in words, and NOT saved on open
[tiptap warn]: Invalid content. Passed value: {
  type: 'doc',
  content: [
    { type: 'paragraph', content: [Array] },
    { type: 'waveSixDiagram' }
  ]
} Error: RangeError: Unknown node type: waveSixDiagram
    at Schema.nodeType (file:///C:/Users/Patrick/uct-worktrees/notebook-w10-l11/app/node_modules/prosemirror-model/dist/index.js:2490:19)
    at Node.fromJSON (file:///C:/Users/Patrick/uct-worktrees/notebook-w10-l11/app/node_modules/prosemirror-model/dist/index.js:1530:27)
    at Schema.nodeFromJSON (file:///C:/Users/Patrick/uct-worktrees/notebook-w10-l11/app/node_modules/prosemirror-model/dist/index.js:2448:42)
    at Array.map (<anonymous>)
    at Fragment.fromJSON (file:///C:/Users/Patrick/uct-worktrees/notebook-w10-l11/app/node_modules/prosemirror-model/dist/index.js:314:41)
    at Node.fromJSON (file:///C:/Users/Patrick/uct-worktrees/notebook-w10-l11/app/node_modules/prosemirror-model/dist/index.js:1529:32)
    at Schema.nodeFromJSON (file:///C:/Users/Patrick/uct-worktrees/notebook-w10-l11/app/node_modules/prosemirror-model/dist/index.js:2448:42)
    at createNodeFromContent (file:///C:/Users/Patrick/uct-worktrees/notebook-w10-l11/app/node_modules/@tiptap/core/dist/index.js:664:27)
    at createDocument (file:///C:/Users/Patrick/uct-worktrees/notebook-w10-l11/app/node_modules/@tiptap/core/dist/index.js:1173:10)
    at Editor.createDoc (file:///C:/Users/Patrick/uct-worktrees/notebook-w10-l11/app/node_modules/@tiptap/core/dist/index.js:5100:13)

stderr | src/pages/journal-2-0/lib/noteContentGuard.test.jsx > the Model Book entry editor (UpbRichEditor) > an unknown mark: locked, said in words, and NOT saved on open
[tiptap warn]: Invalid content. Passed value: { type: 'doc', content: [ { type: 'paragraph', content: [Array] } ] } Error: RangeError: There is no mark type waveSixUnderwave in this schema
    at Mark.fromJSON (file:///C:/Users/Patrick/uct-worktrees/notebook-w10-l11/app/node_modules/prosemirror-model/dist/index.js:505:19)
    at Schema.markFromJSON (file:///C:/Users/Patrick/uct-worktrees/notebook-w10-l11/app/node_modules/prosemirror-model/dist/index.js:2449:42)
    at Array.map (<anonymous>)
    at Node.fromJSON (file:///C:/Users/Patrick/uct-worktrees/notebook-w10-l11/app/node_modules/prosemirror-model/dist/index.js:1522:32)
    at Schema.nodeFromJSON (file:///C:/Users/Patrick/uct-worktrees/notebook-w10-l11/app/node_modules/prosemirror-model/dist/index.js:2448:42)
    at Array.map (<anonymous>)
    at Fragment.fromJSON (file:///C:/Users/Patrick/uct-worktrees/notebook-w10-l11/app/node_modules/prosemirror-model/dist/index.js:314:41)
    at Node.fromJSON (file:///C:/Users/Patrick/uct-worktrees/notebook-w10-l11/app/node_modules/prosemirror-model/dist/index.js:1529:32)
    at Schema.nodeFromJSON (file:///C:/Users/Patrick/uct-worktrees/notebook-w10-l11/app/node_modules/prosemirror-model/dist/index.js:2448:42)
    at Array.map (<anonymous>)

stderr | src/pages/journal-2-0/lib/noteContentGuard.test.jsx > the Model Book entry editor (UpbRichEditor) > a save pending when the editor switches to an unreadable entry never writes the empty stand-in
[tiptap warn]: Invalid content. Passed value: {
  type: 'doc',
  content: [
    { type: 'paragraph', content: [Array] },
    { type: 'waveSixDiagram' }
  ]
} Error: RangeError: Unknown node type: waveSixDiagram
    at Schema.nodeType (file:///C:/Users/Patrick/uct-worktrees/notebook-w10-l11/app/node_modules/prosemirror-model/dist/index.js:2490:19)
    at Node.fromJSON (file:///C:/Users/Patrick/uct-worktrees/notebook-w10-l11/app/node_modules/prosemirror-model/dist/index.js:1530:27)
    at Schema.nodeFromJSON (file:///C:/Users/Patrick/uct-worktrees/notebook-w10-l11/app/node_modules/prosemirror-model/dist/index.js:2448:42)
    at Array.map (<anonymous>)
    at Fragment.fromJSON (file:///C:/Users/Patrick/uct-worktrees/notebook-w10-l11/app/node_modules/prosemirror-model/dist/index.js:314:41)
    at Node.fromJSON (file:///C:/Users/Patrick/uct-worktrees/notebook-w10-l11/app/node_modules/prosemirror-model/dist/index.js:1529:32)
    at Schema.nodeFromJSON (file:///C:/Users/Patrick/uct-worktrees/notebook-w10-l11/app/node_modules/prosemirror-model/dist/index.js:2448:42)
    at createNodeFromContent (file:///C:/Users/Patrick/uct-worktrees/notebook-w10-l11/app/node_modules/@tiptap/core/dist/index.js:664:27)
    at createDocument (file:///C:/Users/Patrick/uct-worktrees/notebook-w10-l11/app/node_modules/@tiptap/core/dist/index.js:1173:10)
    at Editor.createDoc (file:///C:/Users/Patrick/uct-worktrees/notebook-w10-l11/app/node_modules/@tiptap/core/dist/index.js:5100:13)

stderr | src/pages/journal-2-0/lib/noteContentGuard.test.jsx > the /charts Notebook widget > an unknown node: locked, said in words, and nothing written
[tiptap warn]: Invalid content. Passed value: {
  type: 'doc',
  content: [
    { type: 'paragraph', content: [Array] },
    { type: 'waveSixDiagram' }
  ]
} Error: RangeError: Unknown node type: waveSixDiagram
    at Schema.nodeType (file:///C:/Users/Patrick/uct-worktrees/notebook-w10-l11/app/node_modules/prosemirror-model/dist/index.js:2490:19)
    at Node.fromJSON (file:///C:/Users/Patrick/uct-worktrees/notebook-w10-l11/app/node_modules/prosemirror-model/dist/index.js:1530:27)
    at Schema.nodeFromJSON (file:///C:/Users/Patrick/uct-worktrees/notebook-w10-l11/app/node_modules/prosemirror-model/dist/index.js:2448:42)
    at Array.map (<anonymous>)
    at Fragment.fromJSON (file:///C:/Users/Patrick/uct-worktrees/notebook-w10-l11/app/node_modules/prosemirror-model/dist/index.js:314:41)
    at Node.fromJSON (file:///C:/Users/Patrick/uct-worktrees/notebook-w10-l11/app/node_modules/prosemirror-model/dist/index.js:1529:32)
    at Schema.nodeFromJSON (file:///C:/Users/Patrick/uct-worktrees/notebook-w10-l11/app/node_modules/prosemirror-model/dist/index.js:2448:42)
    at createNodeFromContent (file:///C:/Users/Patrick/uct-worktrees/notebook-w10-l11/app/node_modules/@tiptap/core/dist/index.js:664:27)
    at createDocument (file:///C:/Users/Patrick/uct-worktrees/notebook-w10-l11/app/node_modules/@tiptap/core/dist/index.js:1173:10)
    at Editor.createDoc (file:///C:/Users/Patrick/uct-worktrees/notebook-w10-l11/app/node_modules/@tiptap/core/dist/index.js:5100:13)

stderr | src/pages/journal-2-0/lib/noteContentGuard.test.jsx > the /charts Notebook widget > an unknown mark: locked, said in words, and nothing written
[tiptap warn]: Invalid content. Passed value: { type: 'doc', content: [ { type: 'paragraph', content: [Array] } ] } Error: RangeError: There is no mark type waveSixUnderwave in this schema
    at Mark.fromJSON (file:///C:/Users/Patrick/uct-worktrees/notebook-w10-l11/app/node_modules/prosemirror-model/dist/index.js:505:19)
    at Schema.markFromJSON (file:///C:/Users/Patrick/uct-worktrees/notebook-w10-l11/app/node_modules/prosemirror-model/dist/index.js:2449:42)
    at Array.map (<anonymous>)
    at Node.fromJSON (file:///C:/Users/Patrick/uct-worktrees/notebook-w10-l11/app/node_modules/prosemirror-model/dist/index.js:1522:32)
    at Schema.nodeFromJSON (file:///C:/Users/Patrick/uct-worktrees/notebook-w10-l11/app/node_modules/prosemirror-model/dist/index.js:2448:42)
    at Array.map (<anonymous>)
    at Fragment.fromJSON (file:///C:/Users/Patrick/uct-worktrees/notebook-w10-l11/app/node_modules/prosemirror-model/dist/index.js:314:41)
    at Node.fromJSON (file:///C:/Users/Patrick/uct-worktrees/notebook-w10-l11/app/node_modules/prosemirror-model/dist/index.js:1529:32)
    at Schema.nodeFromJSON (file:///C:/Users/Patrick/uct-worktrees/notebook-w10-l11/app/node_modules/prosemirror-model/dist/index.js:2448:42)
    at Array.map (<anonymous>)

stderr | src/pages/journal-2-0/lib/noteContentGuard.test.jsx > the read-only surfaces say so instead of rendering an empty note > Version History preview
[tiptap warn]: Invalid content. Passed value: {
  type: 'doc',
  content: [
    { type: 'paragraph', content: [Array] },
    { type: 'waveSixDiagram' }
  ]
} Error: RangeError: Unknown node type: waveSixDiagram
    at Schema.nodeType (file:///C:/Users/Patrick/uct-worktrees/notebook-w10-l11/app/node_modules/prosemirror-model/dist/index.js:2490:19)
    at Node.fromJSON (file:///C:/Users/Patrick/uct-worktrees/notebook-w10-l11/app/node_modules/prosemirror-model/dist/index.js:1530:27)
    at Schema.nodeFromJSON (file:///C:/Users/Patrick/uct-worktrees/notebook-w10-l11/app/node_modules/prosemirror-model/dist/index.js:2448:42)
    at Array.map (<anonymous>)
    at Fragment.fromJSON (file:///C:/Users/Patrick/uct-worktrees/notebook-w10-l11/app/node_modules/prosemirror-model/dist/index.js:314:41)
    at Node.fromJSON (file:///C:/Users/Patrick/uct-worktrees/notebook-w10-l11/app/node_modules/prosemirror-model/dist/index.js:1529:32)
    at Schema.nodeFromJSON (file:///C:/Users/Patrick/uct-worktrees/notebook-w10-l11/app/node_modules/prosemirror-model/dist/index.js:2448:42)
    at createNodeFromContent (file:///C:/Users/Patrick/uct-worktrees/notebook-w10-l11/app/node_modules/@tiptap/core/dist/index.js:664:27)
    at createDocument (file:///C:/Users/Patrick/uct-worktrees/notebook-w10-l11/app/node_modules/@tiptap/core/dist/index.js:1173:10)
    at Editor.createDoc (file:///C:/Users/Patrick/uct-worktrees/notebook-w10-l11/app/node_modules/@tiptap/core/dist/index.js:5100:13)

stderr | src/pages/journal-2-0/lib/noteContentGuard.test.jsx > the read-only surfaces say so instead of rendering an empty note > the public shared-note page
[tiptap warn]: Invalid content. Passed value: { type: 'doc', content: [ { type: 'paragraph', content: [Array] } ] } Error: RangeError: There is no mark type waveSixUnderwave in this schema
    at Mark.fromJSON (file:///C:/Users/Patrick/uct-worktrees/notebook-w10-l11/app/node_modules/prosemirror-model/dist/index.js:505:19)
    at Schema.markFromJSON (file:///C:/Users/Patrick/uct-worktrees/notebook-w10-l11/app/node_modules/prosemirror-model/dist/index.js:2449:42)
    at Array.map (<anonymous>)
    at Node.fromJSON (file:///C:/Users/Patrick/uct-worktrees/notebook-w10-l11/app/node_modules/prosemirror-model/dist/index.js:1522:32)
    at Schema.nodeFromJSON (file:///C:/Users/Patrick/uct-worktrees/notebook-w10-l11/app/node_modules/prosemirror-model/dist/index.js:2448:42)
    at Array.map (<anonymous>)
    at Fragment.fromJSON (file:///C:/Users/Patrick/uct-worktrees/notebook-w10-l11/app/node_modules/prosemirror-model/dist/index.js:314:41)
    at Node.fromJSON (file:///C:/Users/Patrick/uct-worktrees/notebook-w10-l11/app/node_modules/prosemirror-model/dist/index.js:1529:32)
    at Schema.nodeFromJSON (file:///C:/Users/Patrick/uct-worktrees/notebook-w10-l11/app/node_modules/prosemirror-model/dist/index.js:2448:42)
    at Array.map (<anonymous>)

stderr | src/components/tiles/JournalSnapshotTile.test.jsx > empty state (no broker) is a connect call-to-action (no fake data)
An update to AuthProvider inside a test was not wrapped in act(...).

When testing, code that causes React state updates should be wrapped into act(...):

act(() => {
  /* fire events that update state */
});
/* assert on the output */

This ensures that you're testing the behavior the user would see in the browser. Learn more at https://react.dev/link/wrap-tests-with-act
An update to AuthProvider inside a test was not wrapped in act(...).

When testing, code that causes React state updates should be wrapped into act(...):

act(() => {
  /* fire events that update state */
});
/* assert on the output */

This ensures that you're testing the behavior the user would see in the browser. Learn more at https://react.dev/link/wrap-tests-with-act

stderr | src/components/tiles/JournalSnapshotTile.test.jsx > empty state (broker connected) shows the synced/flat message
An update to AuthProvider inside a test was not wrapped in act(...).

When testing, code that causes React state updates should be wrapped into act(...):

act(() => {
  /* fire events that update state */
});
/* assert on the output */

This ensures that you're testing the behavior the user would see in the browser. Learn more at https://react.dev/link/wrap-tests-with-act
An update to AuthProvider inside a test was not wrapped in act(...).

When testing, code that causes React state updates should be wrapped into act(...):

act(() => {
  /* fire events that update state */
});
/* assert on the output */

This ensures that you're testing the behavior the user would see in the browser. Learn more at https://react.dev/link/wrap-tests-with-act

stderr | src/components/tiles/JournalSnapshotTile.test.jsx > renders portfolio value + Today + Open P&L from open positions
An update to AuthProvider inside a test was not wrapped in act(...).

When testing, code that causes React state updates should be wrapped into act(...):

act(() => {
  /* fire events that update state */
});
/* assert on the output */

This ensures that you're testing the behavior the user would see in the browser. Learn more at https://react.dev/link/wrap-tests-with-act
An update to AuthProvider inside a test was not wrapped in act(...).

When testing, code that causes React state updates should be wrapped into act(...):

act(() => {
  /* fire events that update state */
});
/* assert on the output */

This ensures that you're testing the behavior the user would see in the browser. Learn more at https://react.dev/link/wrap-tests-with-act

stderr | src/components/tiles/JournalSnapshotTile.test.jsx > broker account: hero uses real net-liq balance, never $0.00 when live feed is empty
An update to AuthProvider inside a test was not wrapped in act(...).

When testing, code that causes React state updates should be wrapped into act(...):

act(() => {
  /* fire events that update state */
});
/* assert on the output */

This ensures that you're testing the behavior the user would see in the browser. Learn more at https://react.dev/link/wrap-tests-with-act
An update to AuthProvider inside a test was not wrapped in act(...).

When testing, code that causes React state updates should be wrapped into act(...):

act(() => {
  /* fire events that update state */
});
/* assert on the output */

This ensures that you're testing the behavior the user would see in the browser. Learn more at https://react.dev/link/wrap-tests-with-act

stderr | src/components/tiles/JournalSnapshotTile.test.jsx > broker account with no equity basis yet shows the placeholder, never $0.00
An update to AuthProvider inside a test was not wrapped in act(...).

When testing, code that causes React state updates should be wrapped into act(...):

act(() => {
  /* fire events that update state */
});
/* assert on the output */

This ensures that you're testing the behavior the user would see in the browser. Learn more at https://react.dev/link/wrap-tests-with-act
An update to AuthProvider inside a test was not wrapped in act(...).

When testing, code that causes React state updates should be wrapped into act(...):

act(() => {
  /* fire events that update state */
});
/* assert on the output */

This ensures that you're testing the behavior the user would see in the browser. Learn more at https://react.dev/link/wrap-tests-with-act

stderr | src/components/tiles/JournalSnapshotTile.test.jsx > includes open option strategies with broker value
An update to AuthProvider inside a test was not wrapped in act(...).

When testing, code that causes React state updates should be wrapped into act(...):

act(() => {
  /* fire events that update state */
});
/* assert on the output */

This ensures that you're testing the behavior the user would see in the browser. Learn more at https://react.dev/link/wrap-tests-with-act
An update to AuthProvider inside a test was not wrapped in act(...).

When testing, code that causes React state updates should be wrapped into act(...):

act(() => {
  /* fire events that update state */
});
/* assert on the output */

This ensures that you're testing the behavior the user would see in the browser. Learn more at https://react.dev/link/wrap-tests-with-act

stderr | src/components/tiles/JournalSnapshotTile.test.jsx > broker headline = cash + live market value (Robinhood-accurate, beats stale broker total)
An update to AuthProvider inside a test was not wrapped in act(...).

When testing, code that causes React state updates should be wrapped into act(...):

act(() => {
  /* fire events that update state */
});
/* assert on the output */

This ensures that you're testing the behavior the user would see in the browser. Learn more at https://react.dev/link/wrap-tests-with-act
An update to AuthProvider inside a test was not wrapped in act(...).

When testing, code that causes React state updates should be wrapped into act(...):

act(() => {
  /* fire events that update state */
});
/* assert on the output */

This ensures that you're testing the behavior the user would see in the browser. Learn more at https://react.dev/link/wrap-tests-with-act

stderr | src/components/tiles/JournalSnapshotTile.test.jsx > broker headline counts option market value in the net-liq
An update to AuthProvider inside a test was not wrapped in act(...).

When testing, code that causes React state updates should be wrapped into act(...):

act(() => {
  /* fire events that update state */
});
/* assert on the output */

This ensures that you're testing the behavior the user would see in the browser. Learn more at https://react.dev/link/wrap-tests-with-act
An update to AuthProvider inside a test was not wrapped in act(...).

When testing, code that causes React state updates should be wrapped into act(...):

act(() => {
  /* fire events that update state */
});
/* assert on the output */

This ensures that you're testing the behavior the user would see in the browser. Learn more at https://react.dev/link/wrap-tests-with-act

stderr | src/components/tiles/JournalSnapshotTile.test.jsx > populated tile links into the journal positions tab
An update to AuthProvider inside a test was not wrapped in act(...).

When testing, code that causes React state updates should be wrapped into act(...):

act(() => {
  /* fire events that update state */
});
/* assert on the output */

This ensures that you're testing the behavior the user would see in the browser. Learn more at https://react.dev/link/wrap-tests-with-act
An update to AuthProvider inside a test was not wrapped in act(...).

When testing, code that causes React state updates should be wrapped into act(...):

act(() => {
  /* fire events that update state */
});
/* assert on the output */

This ensures that you're testing the behavior the user would see in the browser. Learn more at https://react.dev/link/wrap-tests-with-act

stderr | src/pages/journal-2-0/components/notebook/PdfDocumentViewer.test.jsx
Warning: Please use the `legacy` build in Node.js environments.

stderr | src/pages/charts/widgets/ScatterWidget.linkedList.test.jsx > the Market Map follows its group's list-ref channel > a group-A watchlist on "Leaders" re-points a following group-A Market Map to that list
An update to ScatterWidget inside a test was not wrapped in act(...).

When testing, code that causes React state updates should be wrapped into act(...):

act(() => {
  /* fire events that update state */
});
/* assert on the output */

This ensures that you're testing the behavior the user would see in the browser. Learn more at https://react.dev/link/wrap-tests-with-act

stderr | src/pages/charts/widgets/ScatterWidget.linkedList.test.jsx > the Market Map follows its group's list-ref channel > ⛔ every publish the watchlist makes is ADMITTED — a wrong-kind publish fails here by name
An update to ScatterWidget inside a test was not wrapped in act(...).

When testing, code that causes React state updates should be wrapped into act(...):

act(() => {
  /* fire events that update state */
});
/* assert on the output */

This ensures that you're testing the behavior the user would see in the browser. Learn more at https://react.dev/link/wrap-tests-with-act

stderr | src/pages/charts/widgets/ScatterWidget.linkedList.test.jsx > the Market Map follows its group's list-ref channel > picking a different list in the watchlist moves the Market Map with it
An update to ScatterWidget inside a test was not wrapped in act(...).

When testing, code that causes React state updates should be wrapped into act(...):

act(() => {
  /* fire events that update state */
});
/* assert on the output */

This ensures that you're testing the behavior the user would see in the browser. Learn more at https://react.dev/link/wrap-tests-with-act

stderr | src/pages/charts/widgets/ScatterWidget.linkedList.test.jsx > the Market Map follows its group's list-ref channel > ⛔ a Market Map in group B does not follow group A's list
An update to ScatterWidget inside a test was not wrapped in act(...).

When testing, code that causes React state updates should be wrapped into act(...):

act(() => {
  /* fire events that update state */
});
/* assert on the output */

This ensures that you're testing the behavior the user would see in the browser. Learn more at https://react.dev/link/wrap-tests-with-act

stderr | src/pages/charts/widgets/ScatterWidget.linkedList.test.jsx > the Market Map follows its group's list-ref channel > ⛔ a Market Map that never turned the toggle on plots its own universe exactly as before
An update to ScatterWidget inside a test was not wrapped in act(...).

When testing, code that causes React state updates should be wrapped into act(...):

act(() => {
  /* fire events that update state */
});
/* assert on the output */

This ensures that you're testing the behavior the user would see in the browser. Learn more at https://react.dev/link/wrap-tests-with-act

stderr | src/pages/charts/widgets/ScatterWidget.linkedList.test.jsx > the Market Map follows its group's list-ref channel > switching the watchlist to a list the map cannot resolve CLEARS the link — no stale list
An update to ScatterWidget inside a test was not wrapped in act(...).

When testing, code that causes React state updates should be wrapped into act(...):

act(() => {
  /* fire events that update state */
});
/* assert on the output */

This ensures that you're testing the behavior the user would see in the browser. Learn more at https://react.dev/link/wrap-tests-with-act

stderr | src/pages/charts/widgets/ScatterWidget.linkedList.test.jsx > the Market Map follows its group's list-ref channel > removing the watchlist clears its list — the map falls back to its own universe
An update to ScatterWidget inside a test was not wrapped in act(...).

When testing, code that causes React state updates should be wrapped into act(...):

act(() => {
  /* fire events that update state */
});
/* assert on the output */

This ensures that you're testing the behavior the user would see in the browser. Learn more at https://react.dev/link/wrap-tests-with-act

stderr | src/pages/charts/widgets/ScatterWidget.linkedList.test.jsx > the Market Map follows its group's list-ref channel > the toggle is a real control: it persists followList, and picking a saved tab turns it off
An update to ScatterWidget inside a test was not wrapped in act(...).

When testing, code that causes React state updates should be wrapped into act(...):

act(() => {
  /* fire events that update state */
});
/* assert on the output */

This ensures that you're testing the behavior the user would see in the browser. Learn more at https://react.dev/link/wrap-tests-with-act

stderr | src/pages/charts/widgets/ScatterWidget.linkedList.test.jsx > the Market Map follows its group's list-ref channel > clicking a saved universe tab while following turns following off
An update to ScatterWidget inside a test was not wrapped in act(...).

When testing, code that causes React state updates should be wrapped into act(...):

act(() => {
  /* fire events that update state */
});
/* assert on the output */

This ensures that you're testing the behavior the user would see in the browser. Learn more at https://react.dev/link/wrap-tests-with-act

stderr | src/hub/hubSmoothnessWiring.test.jsx > the capture rides the trace gate — it is not a second switch > ⛔ TOGGLE OFF: not one animation frame is requested
An update to TestComponent inside a test was not wrapped in act(...).

When testing, code that causes React state updates should be wrapped into act(...):

act(() => {
  /* fire events that update state */
});
/* assert on the output */

This ensures that you're testing the behavior the user would see in the browser. Learn more at https://react.dev/link/wrap-tests-with-act
An update to TestComponent inside a test was not wrapped in act(...).

When testing, code that causes React state updates should be wrapped into act(...):

act(() => {
  /* fire events that update state */
});
/* assert on the output */

This ensures that you're testing the behavior the user would see in the browser. Learn more at https://react.dev/link/wrap-tests-with-act
An update to TestComponent inside a test was not wrapped in act(...).

When testing, code that causes React state updates should be wrapped into act(...):

act(() => {
  /* fire events that update state */
});
/* assert on the output */

This ensures that you're testing the behavior the user would see in the browser. Learn more at https://react.dev/link/wrap-tests-with-act
An update to TestComponent inside a test was not wrapped in act(...).

When testing, code that causes React state updates should be wrapped into act(...):

act(() => {
  /* fire events that update state */
});
/* assert on the output */

This ensures that you're testing the behavior the user would see in the browser. Learn more at https://react.dev/link/wrap-tests-with-act

stderr | src/hub/hubSmoothnessWiring.test.jsx > the capture rides the trace gate — it is not a second switch > ⭐ CONTROL — TOGGLE ON: the loop starts, so the zero above is a gate and not a broken stub
An update to TestComponent inside a test was not wrapped in act(...).

When testing, code that causes React state updates should be wrapped into act(...):

act(() => {
  /* fire events that update state */
});
/* assert on the output */

This ensures that you're testing the behavior the user would see in the browser. Learn more at https://react.dev/link/wrap-tests-with-act
An update to TestComponent inside a test was not wrapped in act(...).

When testing, code that causes React state updates should be wrapped into act(...):

act(() => {
  /* fire events that update state */
});
/* assert on the output */

This ensures that you're testing the behavior the user would see in the browser. Learn more at https://react.dev/link/wrap-tests-with-act

stderr | src/hub/hubSmoothnessWiring.test.jsx > the summary reaches the row a member copies out > the pointerup row carries a smoothness summary with real frame numbers
An update to TestComponent inside a test was not wrapped in act(...).

When testing, code that causes React state updates should be wrapped into act(...):

act(() => {
  /* fire events that update state */
});
/* assert on the output */

This ensures that you're testing the behavior the user would see in the browser. Learn more at https://react.dev/link/wrap-tests-with-act
An update to TestComponent inside a test was not wrapped in act(...).

When testing, code that causes React state updates should be wrapped into act(...):

act(() => {
  /* fire events that update state */
});
/* assert on the output */

This ensures that you're testing the behavior the user would see in the browser. Learn more at https://react.dev/link/wrap-tests-with-act
An update to TestComponent inside a test was not wrapped in act(...).

When testing, code that causes React state updates should be wrapped into act(...):

act(() => {
  /* fire events that update state */
});
/* assert on the output */

This ensures that you're testing the behavior the user would see in the browser. Learn more at https://react.dev/link/wrap-tests-with-act
An update to TestComponent inside a test was not wrapped in act(...).

When testing, code that causes React state updates should be wrapped into act(...):

act(() => {
  /* fire events that update state */
});
/* assert on the output */

This ensures that you're testing the behavior the user would see in the browser. Learn more at https://react.dev/link/wrap-tests-with-act

stderr | src/hub/hubSmoothnessWiring.test.jsx > the summary reaches the row a member copies out > the rows BETWEEN down and up carry smoothness: null — a shape, not a gap
An update to TestComponent inside a test was not wrapped in act(...).

When testing, code that causes React state updates should be wrapped into act(...):

act(() => {
  /* fire events that update state */
});
/* assert on the output */

This ensures that you're testing the behavior the user would see in the browser. Learn more at https://react.dev/link/wrap-tests-with-act
An update to TestComponent inside a test was not wrapped in act(...).

When testing, code that causes React state updates should be wrapped into act(...):

act(() => {
  /* fire events that update state */
});
/* assert on the output */

This ensures that you're testing the behavior the user would see in the browser. Learn more at https://react.dev/link/wrap-tests-with-act
An update to TestComponent inside a test was not wrapped in act(...).

When testing, code that causes React state updates should be wrapped into act(...):

act(() => {
  /* fire events that update state */
});
/* assert on the output */

This ensures that you're testing the behavior the user would see in the browser. Learn more at https://react.dev/link/wrap-tests-with-act
An update to TestComponent inside a test was not wrapped in act(...).

When testing, code that causes React state updates should be wrapped into act(...):

act(() => {
  /* fire events that update state */
});
/* assert on the output */

This ensures that you're testing the behavior the user would see in the browser. Learn more at https://react.dev/link/wrap-tests-with-act

stderr | src/hub/hubSmoothnessWiring.test.jsx > the summary reaches the row a member copies out > ⛔ THE OTHER ANSWER — a stalled gesture reports the stall, through the real wiring
An update to TestComponent inside a test was not wrapped in act(...).

When testing, code that causes React state updates should be wrapped into act(...):

act(() => {
  /* fire events that update state */
});
/* assert on the output */

This ensures that you're testing the behavior the user would see in the browser. Learn more at https://react.dev/link/wrap-tests-with-act
An update to TestComponent inside a test was not wrapped in act(...).

When testing, code that causes React state updates should be wrapped into act(...):

act(() => {
  /* fire events that update state */
});
/* assert on the output */

This ensures that you're testing the behavior the user would see in the browser. Learn more at https://react.dev/link/wrap-tests-with-act

stderr | src/hub/hubSmoothnessWiring.test.jsx > it never damages the gesture it measures > ⛔ a capture that throws does NOT take the gesture down
An update to TestComponent inside a test was not wrapped in act(...).

When testing, code that causes React state updates should be wrapped into act(...):

act(() => {
  /* fire events that update state */
});
/* assert on the output */

This ensures that you're testing the behavior the user would see in the browser. Learn more at https://react.dev/link/wrap-tests-with-act
An update to TestComponent inside a test was not wrapped in act(...).

When testing, code that causes React state updates should be wrapped into act(...):

act(() => {
  /* fire events that update state */
});
/* assert on the output */

This ensures that you're testing the behavior the user would see in the browser. Learn more at https://react.dev/link/wrap-tests-with-act
An update to TestComponent inside a test was not wrapped in act(...).

When testing, code that causes React state updates should be wrapped into act(...):

act(() => {
  /* fire events that update state */
});
/* assert on the output */

This ensures that you're testing the behavior the user would see in the browser. Learn more at https://react.dev/link/wrap-tests-with-act
An update to TestComponent inside a test was not wrapped in act(...).

When testing, code that causes React state updates should be wrapped into act(...):

act(() => {
  /* fire events that update state */
});
/* assert on the output */

This ensures that you're testing the behavior the user would see in the browser. Learn more at https://react.dev/link/wrap-tests-with-act

stderr | src/hub/hubSmoothnessWiring.test.jsx > it never damages the gesture it measures > ⛔ UNMOUNTING MID-GESTURE STOPS THE LOOP — the pending frame must not RE-ARM
An update to TestComponent inside a test was not wrapped in act(...).

When testing, code that causes React state updates should be wrapped into act(...):

act(() => {
  /* fire events that update state */
});
/* assert on the output */

This ensures that you're testing the behavior the user would see in the browser. Learn more at https://react.dev/link/wrap-tests-with-act
An update to TestComponent inside a test was not wrapped in act(...).

When testing, code that causes React state updates should be wrapped into act(...):

act(() => {
  /* fire events that update state */
});
/* assert on the output */

This ensures that you're testing the behavior the user would see in the browser. Learn more at https://react.dev/link/wrap-tests-with-act

stderr | src/components/StockChart.updateRefusal.test.jsx > a refused series update never reaches the error boundary > survives a daily chart whose every update() throws "Cannot update oldest data"
[StockChart] live update error: Cannot update oldest data, last time=[object Object], new time=[object Object]

stderr | src/components/StockChart.updateRefusal.test.jsx > a refused series update never reaches the error boundary > survives the same on the line chart type (the non-OHLC re-top branch)
[StockChart] live update error: Cannot update oldest data, last time=[object Object], new time=[object Object]

stderr | src/components/StockChart.updateRefusal.test.jsx > a refused series update never reaches the error boundary > survives the same on a weekly chart (breadth widgets sit on D/W/M)
[StockChart] live update error: Cannot update oldest data, last time=[object Object], new time=[object Object]
[StockChart] live update error: Cannot update oldest data, last time=[object Object], new time=[object Object]

stderr | src/components/StockChart.updateRefusal.test.jsx > a refused series update never reaches the error boundary > survives the same on a weekly chart (breadth widgets sit on D/W/M)
[StockChart] live update error: Cannot update oldest data, last time=[object Object], new time=[object Object]

stderr | src/components/StockChart.updateRefusal.test.jsx > a refused series update never reaches the error boundary > survives the same on a weekly chart (breadth widgets sit on D/W/M)
[StockChart] live update error: Cannot update oldest data, last time=[object Object], new time=[object Object]

stderr | src/components/StockChart.updateRefusal.test.jsx > a refused series update never reaches the error boundary > survives the same on a weekly chart (breadth widgets sit on D/W/M)
[StockChart] live update error: Cannot update oldest data, last time=[object Object], new time=[object Object]

stderr | src/pages/journal-2-0/a11y/noteEditor.a11y.test.jsx > note editor (wave-8 flags ON) > surface "editor": axe finds 0 violations
flushSync was called from inside a lifecycle method. React cannot flush when React is already rendering. Consider moving this call to a scheduler task or micro task.
flushSync was called from inside a lifecycle method. React cannot flush when React is already rendering. Consider moving this call to a scheduler task or micro task.
flushSync was called from inside a lifecycle method. React cannot flush when React is already rendering. Consider moving this call to a scheduler task or micro task.

stderr | src/pages/journal-2-0/a11y/noteEditor.a11y.test.jsx > note editor (wave-8 flags ON) > surface "editor": axe finds 0 violations
linkifyjs: already initialized - will not register custom scheme "https" until manual call of linkify.init(). Register all schemes and plugins before invoking linkify the first time.

stderr | src/components/StockChart.hollowPillColor.test.jsx > hollow candle body color (the black price-pill bug) > netchange mode (_paintNet, the confirmed root cause): per-bar hollow color keeps the real up/down RGB
An update to StockChart inside a test was not wrapped in act(...).

When testing, code that causes React state updates should be wrapped into act(...):

act(() => {
  /* fire events that update state */
});
/* assert on the output */

This ensures that you're testing the behavior the user would see in the browser. Learn more at https://react.dev/link/wrap-tests-with-act
An update to StockChart inside a test was not wrapped in act(...).

When testing, code that causes React state updates should be wrapped into act(...):

act(() => {
  /* fire events that update state */
});
/* assert on the output */

This ensures that you're testing the behavior the user would see in the browser. Learn more at https://react.dev/link/wrap-tests-with-act
An update to StockChart inside a test was not wrapped in act(...).

When testing, code that causes React state updates should be wrapped into act(...):

act(() => {
  /* fire events that update state */
});
/* assert on the output */

This ensures that you're testing the behavior the user would see in the browser. Learn more at https://react.dev/link/wrap-tests-with-act
An update to StockChart inside a test was not wrapped in act(...).

When testing, code that causes React state updates should be wrapped into act(...):

act(() => {
  /* fire events that update state */
});
/* assert on the output */

This ensures that you're testing the behavior the user would see in the browser. Learn more at https://react.dev/link/wrap-tests-with-act
An update to StockChart inside a test was not wrapped in act(...).

When testing, code that causes React state updates should be wrapped into act(...):

act(() => {
  /* fire events that update state */
});
/* assert on the output */

This ensures that you're testing the behavior the user would see in the browser. Learn more at https://react.dev/link/wrap-tests-with-act
An update to StockChart inside a test was not wrapped in act(...).

When testing, code that causes React state updates should be wrapped into act(...):

act(() => {
  /* fire events that update state */
});
/* assert on the output */

This ensures that you're testing the behavior the user would see in the browser. Learn more at https://react.dev/link/wrap-tests-with-act
An update to StockChart inside a test was not wrapped in act(...).

When testing, code that causes React state updates should be wrapped into act(...):

act(() => {
  /* fire events that update state */
});
/* assert on the output */

This ensures that you're testing the behavior the user would see in the browser. Learn more at https://react.dev/link/wrap-tests-with-act
An update to IndicatorLibraryDialog inside a test was not wrapped in act(...).

When testing, code that causes React state updates should be wrapped into act(...):

act(() => {
  /* fire events that update state */
});
/* assert on the output */

This ensures that you're testing the behavior the user would see in the browser. Learn more at https://react.dev/link/wrap-tests-with-act
An update to StockChart inside a test was not wrapped in act(...).

When testing, code that causes React state updates should be wrapped into act(...):

act(() => {
  /* fire events that update state */
});
/* assert on the output */

This ensures that you're testing the behavior the user would see in the browser. Learn more at https://react.dev/link/wrap-tests-with-act
An update to StockChart inside a test was not wrapped in act(...).

When testing, code that causes React state updates should be wrapped into act(...):

act(() => {
  /* fire events that update state */
});
/* assert on the output */

This ensures that you're testing the behavior the user would see in the browser. Learn more at https://react.dev/link/wrap-tests-with-act

stderr | src/components/StockChart.hollowPillColor.test.jsx > hollow candle body color (the black price-pill bug) > netchange mode (_paintNet, the confirmed root cause): per-bar hollow color keeps the real up/down RGB
An update to StockChart inside a test was not wrapped in act(...).

When testing, code that causes React state updates should be wrapped into act(...):

act(() => {
  /* fire events that update state */
});
/* assert on the output */

This ensures that you're testing the behavior the user would see in the browser. Learn more at https://react.dev/link/wrap-tests-with-act
An update to ChartDrawingOverlay inside a test was not wrapped in act(...).

When testing, code that causes React state updates should be wrapped into act(...):

act(() => {
  /* fire events that update state */
});
/* assert on the output */

This ensures that you're testing the behavior the user would see in the browser. Learn more at https://react.dev/link/wrap-tests-with-act
An update to ChartDrawingOverlay inside a test was not wrapped in act(...).

When testing, code that causes React state updates should be wrapped into act(...):

act(() => {
  /* fire events that update state */
});
/* assert on the output */

This ensures that you're testing the behavior the user would see in the browser. Learn more at https://react.dev/link/wrap-tests-with-act
An update to ChartDrawingOverlay inside a test was not wrapped in act(...).

When testing, code that causes React state updates should be wrapped into act(...):

act(() => {
  /* fire events that update state */
});
/* assert on the output */

This ensures that you're testing the behavior the user would see in the browser. Learn more at https://react.dev/link/wrap-tests-with-act
An update to ChartDrawingOverlay inside a test was not wrapped in act(...).

When testing, code that causes React state updates should be wrapped into act(...):

act(() => {
  /* fire events that update state */
});
/* assert on the output */

This ensures that you're testing the behavior the user would see in the browser. Learn more at https://react.dev/link/wrap-tests-with-act
An update to ChartDrawingOverlay inside a test was not wrapped in act(...).

When testing, code that causes React state updates should be wrapped into act(...):

act(() => {
  /* fire events that update state */
});
/* assert on the output */

This ensures that you're testing the behavior the user would see in the browser. Learn more at https://react.dev/link/wrap-tests-with-act
An update to ChartDrawingOverlay inside a test was not wrapped in act(...).

When testing, code that causes React state updates should be wrapped into act(...):

act(() => {
  /* fire events that update state */
});
/* assert on the output */

This ensures that you're testing the behavior the user would see in the browser. Learn more at https://react.dev/link/wrap-tests-with-act
An update to StockChart inside a test was not wrapped in act(...).

When testing, code that causes React state updates should be wrapped into act(...):

act(() => {
  /* fire events that update state */
});
/* assert on the output */

This ensures that you're testing the behavior the user would see in the browser. Learn more at https://react.dev/link/wrap-tests-with-act
An update to StockChart inside a test was not wrapped in act(...).

When testing, code that causes React state updates should be wrapped into act(...):

act(() => {
  /* fire events that update state */
});
/* assert on the output */

This ensures that you're testing the behavior the user would see in the browser. Learn more at https://react.dev/link/wrap-tests-with-act
An update to StockChart inside a test was not wrapped in act(...).

When testing, code that causes React state updates should be wrapped into act(...):

act(() => {
  /* fire events that update state */
});
/* assert on the output */

This ensures that you're testing the behavior the user would see in the browser. Learn more at https://react.dev/link/wrap-tests-with-act
An update to StockChart inside a test was not wrapped in act(...).

When testing, code that causes React state updates should be wrapped into act(...):

act(() => {
  /* fire events that update state */
});
/* assert on the output */

This ensures that you're testing the behavior the user would see in the browser. Learn more at https://react.dev/link/wrap-tests-with-act
An update to StockChart inside a test was not wrapped in act(...).

When testing, code that causes React state updates should be wrapped into act(...):

act(() => {
  /* fire events that update state */
});
/* assert on the output */

This ensures that you're testing the behavior the user would see in the browser. Learn more at https://react.dev/link/wrap-tests-with-act
An error occurred in the <StockChart> component.

Consider adding an error boundary to your tree to customize error handling behavior.
Visit https://react.dev/link/error-boundaries to learn more about error boundaries.


stderr | src/components/StockChart.hollowPillColor.test.jsx > hollow candle body color (the black price-pill bug) > hollow chart TYPE (series-level 'Live color apply', line ~8809): upColor keeps the real up RGB
An update to StockChart inside a test was not wrapped in act(...).

When testing, code that causes React state updates should be wrapped into act(...):

act(() => {
  /* fire events that update state */
});
/* assert on the output */

This ensures that you're testing the behavior the user would see in the browser. Learn more at https://react.dev/link/wrap-tests-with-act
An update to StockChart inside a test was not wrapped in act(...).

When testing, code that causes React state updates should be wrapped into act(...):

act(() => {
  /* fire events that update state */
});
/* assert on the output */

This ensures that you're testing the behavior the user would see in the browser. Learn more at https://react.dev/link/wrap-tests-with-act
An update to StockChart inside a test was not wrapped in act(...).

When testing, code that causes React state updates should be wrapped into act(...):

act(() => {
  /* fire events that update state */
});
/* assert on the output */

This ensures that you're testing the behavior the user would see in the browser. Learn more at https://react.dev/link/wrap-tests-with-act
An update to StockChart inside a test was not wrapped in act(...).

When testing, code that causes React state updates should be wrapped into act(...):

act(() => {
  /* fire events that update state */
});
/* assert on the output */

This ensures that you're testing the behavior the user would see in the browser. Learn more at https://react.dev/link/wrap-tests-with-act
An update to StockChart inside a test was not wrapped in act(...).

When testing, code that causes React state updates should be wrapped into act(...):

act(() => {
  /* fire events that update state */
});
/* assert on the output */

This ensures that you're testing the behavior the user would see in the browser. Learn more at https://react.dev/link/wrap-tests-with-act
An update to StockChart inside a test was not wrapped in act(...).

When testing, code that causes React state updates should be wrapped into act(...):

act(() => {
  /* fire events that update state */
});
/* assert on the output */

This ensures that you're testing the behavior the user would see in the browser. Learn more at https://react.dev/link/wrap-tests-with-act
An update to StockChart inside a test was not wrapped in act(...).

When testing, code that causes React state updates should be wrapped into act(...):

act(() => {
  /* fire events that update state */
});
/* assert on the output */

This ensures that you're testing the behavior the user would see in the browser. Learn more at https://react.dev/link/wrap-tests-with-act
An update to StockChart inside a test was not wrapped in act(...).

When testing, code that causes React state updates should be wrapped into act(...):

act(() => {
  /* fire events that update state */
});
/* assert on the output */

This ensures that you're testing the behavior the user would see in the browser. Learn more at https://react.dev/link/wrap-tests-with-act

stderr | src/components/StockChart.hollowPillColor.test.jsx > hollow candle body color (the black price-pill bug) > hollow chart TYPE (series-level 'Live color apply', line ~8809): upColor keeps the real up RGB
An update to StockChart inside a test was not wrapped in act(...).

When testing, code that causes React state updates should be wrapped into act(...):

act(() => {
  /* fire events that update state */
});
/* assert on the output */

This ensures that you're testing the behavior the user would see in the browser. Learn more at https://react.dev/link/wrap-tests-with-act
An update to ChartDrawingOverlay inside a test was not wrapped in act(...).

When testing, code that causes React state updates should be wrapped into act(...):

act(() => {
  /* fire events that update state */
});
/* assert on the output */

This ensures that you're testing the behavior the user would see in the browser. Learn more at https://react.dev/link/wrap-tests-with-act
An update to ChartDrawingOverlay inside a test was not wrapped in act(...).

When testing, code that causes React state updates should be wrapped into act(...):

act(() => {
  /* fire events that update state */
});
/* assert on the output */

This ensures that you're testing the behavior the user would see in the browser. Learn more at https://react.dev/link/wrap-tests-with-act
An update to ChartDrawingOverlay inside a test was not wrapped in act(...).

When testing, code that causes React state updates should be wrapped into act(...):

act(() => {
  /* fire events that update state */
});
/* assert on the output */

This ensures that you're testing the behavior the user would see in the browser. Learn more at https://react.dev/link/wrap-tests-with-act
An update to ChartDrawingOverlay inside a test was not wrapped in act(...).

When testing, code that causes React state updates should be wrapped into act(...):

act(() => {
  /* fire events that update state */
});
/* assert on the output */

This ensures that you're testing the behavior the user would see in the browser. Learn more at https://react.dev/link/wrap-tests-with-act
An update to ChartDrawingOverlay inside a test was not wrapped in act(...).

When testing, code that causes React state updates should be wrapped into act(...):

act(() => {
  /* fire events that update state */
});
/* assert on the output */

This ensures that you're testing the behavior the user would see in the browser. Learn more at https://react.dev/link/wrap-tests-with-act
An update to ChartDrawingOverlay inside a test was not wrapped in act(...).

When testing, code that causes React state updates should be wrapped into act(...):

act(() => {
  /* fire events that update state */
});
/* assert on the output */

This ensures that you're testing the behavior the user would see in the browser. Learn more at https://react.dev/link/wrap-tests-with-act
An update to StockChart inside a test was not wrapped in act(...).

When testing, code that causes React state updates should be wrapped into act(...):

act(() => {
  /* fire events that update state */
});
/* assert on the output */

This ensures that you're testing the behavior the user would see in the browser. Learn more at https://react.dev/link/wrap-tests-with-act
An update to StockChart inside a test was not wrapped in act(...).

When testing, code that causes React state updates should be wrapped into act(...):

act(() => {
  /* fire events that update state */
});
/* assert on the output */

This ensures that you're testing the behavior the user would see in the browser. Learn more at https://react.dev/link/wrap-tests-with-act
An update to StockChart inside a test was not wrapped in act(...).

When testing, code that causes React state updates should be wrapped into act(...):

act(() => {
  /* fire events that update state */
});
/* assert on the output */

This ensures that you're testing the behavior the user would see in the browser. Learn more at https://react.dev/link/wrap-tests-with-act
An update to StockChart inside a test was not wrapped in act(...).

When testing, code that causes React state updates should be wrapped into act(...):

act(() => {
  /* fire events that update state */
});
/* assert on the output */

This ensures that you're testing the behavior the user would see in the browser. Learn more at https://react.dev/link/wrap-tests-with-act
An update to StockChart inside a test was not wrapped in act(...).

When testing, code that causes React state updates should be wrapped into act(...):

act(() => {
  /* fire events that update state */
});
/* assert on the output */

This ensures that you're testing the behavior the user would see in the browser. Learn more at https://react.dev/link/wrap-tests-with-act
An error occurred in the <StockChart> component.

Consider adding an error boundary to your tree to customize error handling behavior.
Visit https://react.dev/link/error-boundaries to learn more about error boundaries.


stderr | src/pages/journal-2-0/a11y/noteEditor.a11y.test.jsx > note editor (wave-8 flags ON) > surface "editor": axe finds 0 violations
An update to NoteStats inside a test was not wrapped in act(...).

When testing, code that causes React state updates should be wrapped into act(...):

act(() => {
  /* fire events that update state */
});
/* assert on the output */

This ensures that you're testing the behavior the user would see in the browser. Learn more at https://react.dev/link/wrap-tests-with-act

stderr | src/pages/journal-2-0/a11y/noteEditor.a11y.test.jsx > note editor (wave-8 flags ON) > surface "editor": axe finds 0 violations
An update to Root inside a test was not wrapped in act(...).

When testing, code that causes React state updates should be wrapped into act(...):

act(() => {
  /* fire events that update state */
});
/* assert on the output */

This ensures that you're testing the behavior the user would see in the browser. Learn more at https://react.dev/link/wrap-tests-with-act

stderr | src/pages/journal-2-0/a11y/noteEditor.a11y.test.jsx > note editor (wave-8 flags OFF) > surface "editor:flags-off": axe finds 0 violations
flushSync was called from inside a lifecycle method. React cannot flush when React is already rendering. Consider moving this call to a scheduler task or micro task.
flushSync was called from inside a lifecycle method. React cannot flush when React is already rendering. Consider moving this call to a scheduler task or micro task.
flushSync was called from inside a lifecycle method. React cannot flush when React is already rendering. Consider moving this call to a scheduler task or micro task.

stderr | src/pages/journal-2-0/a11y/noteEditor.a11y.test.jsx > note editor (wave-8 flags OFF) > surface "editor:flags-off": axe finds 0 violations
An update to NoteStats inside a test was not wrapped in act(...).

When testing, code that causes React state updates should be wrapped into act(...):

act(() => {
  /* fire events that update state */
});
/* assert on the output */

This ensures that you're testing the behavior the user would see in the browser. Learn more at https://react.dev/link/wrap-tests-with-act

stderr | src/pages/journal-2-0/a11y/noteEditor.a11y.test.jsx > note editor (wave-8 flags OFF) > surface "editor:flags-off": axe finds 0 violations
An update to Root inside a test was not wrapped in act(...).

When testing, code that causes React state updates should be wrapped into act(...):

act(() => {
  /* fire events that update state */
});
/* assert on the output */

This ensures that you're testing the behavior the user would see in the browser. Learn more at https://react.dev/link/wrap-tests-with-act

stderr | src/pages/journal-2-0/a11y/noteEditor.a11y.test.jsx > note editor popups > surface "editor-slash": axe finds 0 violations
flushSync was called from inside a lifecycle method. React cannot flush when React is already rendering. Consider moving this call to a scheduler task or micro task.
flushSync was called from inside a lifecycle method. React cannot flush when React is already rendering. Consider moving this call to a scheduler task or micro task.
flushSync was called from inside a lifecycle method. React cannot flush when React is already rendering. Consider moving this call to a scheduler task or micro task.

stderr | src/pages/journal-2-0/components/notebook/CaptureHost.test.jsx > every door opens the SAME dialog > the palette door opens it
An update to CaptureHost inside a test was not wrapped in act(...).

When testing, code that causes React state updates should be wrapped into act(...):

act(() => {
  /* fire events that update state */
});
/* assert on the output */

This ensures that you're testing the behavior the user would see in the browser. Learn more at https://react.dev/link/wrap-tests-with-act
An update to CaptureHost inside a test was not wrapped in act(...).

When testing, code that causes React state updates should be wrapped into act(...):

act(() => {
  /* fire events that update state */
});
/* assert on the output */

This ensures that you're testing the behavior the user would see in the browser. Learn more at https://react.dev/link/wrap-tests-with-act
An update to CaptureHost inside a test was not wrapped in act(...).

When testing, code that causes React state updates should be wrapped into act(...):

act(() => {
  /* fire events that update state */
});
/* assert on the output */

This ensures that you're testing the behavior the user would see in the browser. Learn more at https://react.dev/link/wrap-tests-with-act

stderr | src/pages/journal-2-0/components/notebook/CaptureHost.test.jsx > every door opens the SAME dialog > palette and hotkey open ONE dialog, not two products
An update to CaptureHost inside a test was not wrapped in act(...).

When testing, code that causes React state updates should be wrapped into act(...):

act(() => {
  /* fire events that update state */
});
/* assert on the output */

This ensures that you're testing the behavior the user would see in the browser. Learn more at https://react.dev/link/wrap-tests-with-act
An update to CaptureHost inside a test was not wrapped in act(...).

When testing, code that causes React state updates should be wrapped into act(...):

act(() => {
  /* fire events that update state */
});
/* assert on the output */

This ensures that you're testing the behavior the user would see in the browser. Learn more at https://react.dev/link/wrap-tests-with-act
An update to CaptureHost inside a test was not wrapped in act(...).

When testing, code that causes React state updates should be wrapped into act(...):

act(() => {
  /* fire events that update state */
});
/* assert on the output */

This ensures that you're testing the behavior the user would see in the browser. Learn more at https://react.dev/link/wrap-tests-with-act

stderr | src/pages/journal-2-0/components/notebook/CaptureHost.test.jsx > context supplies DEFAULTS, visibly (§3/§4) > a research door prefills the destination and shows it
An update to CaptureHost inside a test was not wrapped in act(...).

When testing, code that causes React state updates should be wrapped into act(...):

act(() => {
  /* fire events that update state */
});
/* assert on the output */

This ensures that you're testing the behavior the user would see in the browser. Learn more at https://react.dev/link/wrap-tests-with-act
An update to CaptureHost inside a test was not wrapped in act(...).

When testing, code that causes React state updates should be wrapped into act(...):

act(() => {
  /* fire events that update state */
});
/* assert on the output */

This ensures that you're testing the behavior the user would see in the browser. Learn more at https://react.dev/link/wrap-tests-with-act
An update to CaptureHost inside a test was not wrapped in act(...).

When testing, code that causes React state updates should be wrapped into act(...):

act(() => {
  /* fire events that update state */
});
/* assert on the output */

This ensures that you're testing the behavior the user would see in the browser. Learn more at https://react.dev/link/wrap-tests-with-act

stderr | src/pages/journal-2-0/components/notebook/CaptureHost.test.jsx > context supplies DEFAULTS, visibly (§3/§4) > prefilled source fields arrive populated so the fast path is type-and-save
An update to CaptureHost inside a test was not wrapped in act(...).

When testing, code that causes React state updates should be wrapped into act(...):

act(() => {
  /* fire events that update state */
});
/* assert on the output */

This ensures that you're testing the behavior the user would see in the browser. Learn more at https://react.dev/link/wrap-tests-with-act
An update to CaptureHost inside a test was not wrapped in act(...).

When testing, code that causes React state updates should be wrapped into act(...):

act(() => {
  /* fire events that update state */
});
/* assert on the output */

This ensures that you're testing the behavior the user would see in the browser. Learn more at https://react.dev/link/wrap-tests-with-act
An update to CaptureHost inside a test was not wrapped in act(...).

When testing, code that causes React state updates should be wrapped into act(...):

act(() => {
  /* fire events that update state */
});
/* assert on the output */

This ensures that you're testing the behavior the user would see in the browser. Learn more at https://react.dev/link/wrap-tests-with-act

stderr | src/pages/journal-2-0/components/notebook/CaptureHost.test.jsx > capture preserves the member context (§5/§20) > saving does NOT navigate away
An update to CaptureHost inside a test was not wrapped in act(...).

When testing, code that causes React state updates should be wrapped into act(...):

act(() => {
  /* fire events that update state */
});
/* assert on the output */

This ensures that you're testing the behavior the user would see in the browser. Learn more at https://react.dev/link/wrap-tests-with-act
An update to CaptureHost inside a test was not wrapped in act(...).

When testing, code that causes React state updates should be wrapped into act(...):

act(() => {
  /* fire events that update state */
});
/* assert on the output */

This ensures that you're testing the behavior the user would see in the browser. Learn more at https://react.dev/link/wrap-tests-with-act
An update to CaptureHost inside a test was not wrapped in act(...).

When testing, code that causes React state updates should be wrapped into act(...):

act(() => {
  /* fire events that update state */
});
/* assert on the output */

This ensures that you're testing the behavior the user would see in the browser. Learn more at https://react.dev/link/wrap-tests-with-act

stderr | src/pages/journal-2-0/components/notebook/CaptureHost.test.jsx > capture preserves the member context (§5/§20) > closing returns the dialog to nothing
An update to CaptureHost inside a test was not wrapped in act(...).

When testing, code that causes React state updates should be wrapped into act(...):

act(() => {
  /* fire events that update state */
});
/* assert on the output */

This ensures that you're testing the behavior the user would see in the browser. Learn more at https://react.dev/link/wrap-tests-with-act
An update to CaptureHost inside a test was not wrapped in act(...).

When testing, code that causes React state updates should be wrapped into act(...):

act(() => {
  /* fire events that update state */
});
/* assert on the output */

This ensures that you're testing the behavior the user would see in the browser. Learn more at https://react.dev/link/wrap-tests-with-act
An update to CaptureHost inside a test was not wrapped in act(...).

When testing, code that causes React state updates should be wrapped into act(...):

act(() => {
  /* fire events that update state */
});
/* assert on the output */

This ensures that you're testing the behavior the user would see in the browser. Learn more at https://react.dev/link/wrap-tests-with-act

stderr | src/pages/journal-2-0/a11y/noteEditor.a11y.test.jsx > note editor popups > surface "editor-slash": axe finds 0 violations
An update to Root inside a test was not wrapped in act(...).

When testing, code that causes React state updates should be wrapped into act(...):

act(() => {
  /* fire events that update state */
});
/* assert on the output */

This ensures that you're testing the behavior the user would see in the browser. Learn more at https://react.dev/link/wrap-tests-with-act

stderr | src/pages/journal-2-0/a11y/noteEditor.a11y.test.jsx > note editor popups > surface "editor-find": axe finds 0 violations
flushSync was called from inside a lifecycle method. React cannot flush when React is already rendering. Consider moving this call to a scheduler task or micro task.
flushSync was called from inside a lifecycle method. React cannot flush when React is already rendering. Consider moving this call to a scheduler task or micro task.
flushSync was called from inside a lifecycle method. React cannot flush when React is already rendering. Consider moving this call to a scheduler task or micro task.

stderr | src/pages/journal-2-0/a11y/noteEditor.a11y.test.jsx > note editor popups > surface "editor-find": axe finds 0 violations
An update to Root inside a test was not wrapped in act(...).

When testing, code that causes React state updates should be wrapped into act(...):

act(() => {
  /* fire events that update state */
});
/* assert on the output */

This ensures that you're testing the behavior the user would see in the browser. Learn more at https://react.dev/link/wrap-tests-with-act

stderr | src/pages/journal-2-0/a11y/noteEditor.a11y.test.jsx > note editor popups > surface "editor-outline": axe finds 0 violations
flushSync was called from inside a lifecycle method. React cannot flush when React is already rendering. Consider moving this call to a scheduler task or micro task.
flushSync was called from inside a lifecycle method. React cannot flush when React is already rendering. Consider moving this call to a scheduler task or micro task.
flushSync was called from inside a lifecycle method. React cannot flush when React is already rendering. Consider moving this call to a scheduler task or micro task.

stderr | src/pages/journal-2-0/a11y/noteEditor.a11y.test.jsx > note editor popups > surface "editor-outline": axe finds 0 violations
An update to NoteStats inside a test was not wrapped in act(...).

When testing, code that causes React state updates should be wrapped into act(...):

act(() => {
  /* fire events that update state */
});
/* assert on the output */

This ensures that you're testing the behavior the user would see in the browser. Learn more at https://react.dev/link/wrap-tests-with-act

stderr | src/pages/journal-2-0/a11y/noteEditor.a11y.test.jsx > note editor popups > surface "editor-outline": axe finds 0 violations
An update to Root inside a test was not wrapped in act(...).

When testing, code that causes React state updates should be wrapped into act(...):

act(() => {
  /* fire events that update state */
});
/* assert on the output */

This ensures that you're testing the behavior the user would see in the browser. Learn more at https://react.dev/link/wrap-tests-with-act

stderr | src/pages/journal-2-0/a11y/noteEditor.a11y.test.jsx > note editor popups > surface "editor-color": axe finds 0 violations
flushSync was called from inside a lifecycle method. React cannot flush when React is already rendering. Consider moving this call to a scheduler task or micro task.
flushSync was called from inside a lifecycle method. React cannot flush when React is already rendering. Consider moving this call to a scheduler task or micro task.
flushSync was called from inside a lifecycle method. React cannot flush when React is already rendering. Consider moving this call to a scheduler task or micro task.

stderr | src/pages/journal-2-0/a11y/noteEditor.a11y.test.jsx > note editor popups > surface "editor-color": axe finds 0 violations
An update to NoteStats inside a test was not wrapped in act(...).

When testing, code that causes React state updates should be wrapped into act(...):

act(() => {
  /* fire events that update state */
});
/* assert on the output */

This ensures that you're testing the behavior the user would see in the browser. Learn more at https://react.dev/link/wrap-tests-with-act

stderr | src/pages/journal-2-0/a11y/noteEditor.a11y.test.jsx > note editor popups > surface "editor-color": axe finds 0 violations
An update to Root inside a test was not wrapped in act(...).

When testing, code that causes React state updates should be wrapped into act(...):

act(() => {
  /* fire events that update state */
});
/* assert on the output */

This ensures that you're testing the behavior the user would see in the browser. Learn more at https://react.dev/link/wrap-tests-with-act

stderr | src/pages/journal-2-0/a11y/noteEditor.a11y.test.jsx > note editor popups > surface "editor-table": axe finds 0 violations
flushSync was called from inside a lifecycle method. React cannot flush when React is already rendering. Consider moving this call to a scheduler task or micro task.
flushSync was called from inside a lifecycle method. React cannot flush when React is already rendering. Consider moving this call to a scheduler task or micro task.
flushSync was called from inside a lifecycle method. React cannot flush when React is already rendering. Consider moving this call to a scheduler task or micro task.

stderr | src/pages/journal-2-0/a11y/noteEditor.a11y.test.jsx > note editor popups > surface "editor-table": axe finds 0 violations
An update to NoteStats inside a test was not wrapped in act(...).

When testing, code that causes React state updates should be wrapped into act(...):

act(() => {
  /* fire events that update state */
});
/* assert on the output */

This ensures that you're testing the behavior the user would see in the browser. Learn more at https://react.dev/link/wrap-tests-with-act

stderr | src/pages/journal-2-0/a11y/noteEditor.a11y.test.jsx > note editor popups > surface "editor-table": axe finds 0 violations
An update to Root inside a test was not wrapped in act(...).

When testing, code that causes React state updates should be wrapped into act(...):

act(() => {
  /* fire events that update state */
});
/* assert on the output */

This ensures that you're testing the behavior the user would see in the browser. Learn more at https://react.dev/link/wrap-tests-with-act

stderr | src/pages/journal-2-0/a11y/noteEditor.a11y.test.jsx > note editor popups > surface "editor-emoji": axe finds 0 violations
flushSync was called from inside a lifecycle method. React cannot flush when React is already rendering. Consider moving this call to a scheduler task or micro task.
flushSync was called from inside a lifecycle method. React cannot flush when React is already rendering. Consider moving this call to a scheduler task or micro task.
flushSync was called from inside a lifecycle method. React cannot flush when React is already rendering. Consider moving this call to a scheduler task or micro task.

stderr | src/pages/journal-2-0/a11y/noteEditor.a11y.test.jsx > note editor popups > surface "editor-emoji": axe finds 0 violations
An update to Root inside a test was not wrapped in act(...).

When testing, code that causes React state updates should be wrapped into act(...):

act(() => {
  /* fire events that update state */
});
/* assert on the output */

This ensures that you're testing the behavior the user would see in the browser. Learn more at https://react.dev/link/wrap-tests-with-act

stderr | src/pages/journal-2-0/a11y/noteEditor.a11y.test.jsx > note editor popups > surface "editor-note-link": axe finds 0 violations
flushSync was called from inside a lifecycle method. React cannot flush when React is already rendering. Consider moving this call to a scheduler task or micro task.
flushSync was called from inside a lifecycle method. React cannot flush when React is already rendering. Consider moving this call to a scheduler task or micro task.
flushSync was called from inside a lifecycle method. React cannot flush when React is already rendering. Consider moving this call to a scheduler task or micro task.

stderr | src/pages/journal-2-0/tabs/NotebookTab.calendarView.test.jsx > NotebookTab — calendar view wiring > offers a calendar view among the five
An update to NotebookTab inside a test was not wrapped in act(...).

When testing, code that causes React state updates should be wrapped into act(...):

act(() => {
  /* fire events that update state */
});
/* assert on the output */

This ensures that you're testing the behavior the user would see in the browser. Learn more at https://react.dev/link/wrap-tests-with-act
An update to NotebookTab inside a test was not wrapped in act(...).

When testing, code that causes React state updates should be wrapped into act(...):

act(() => {
  /* fire events that update state */
});
/* assert on the output */

This ensures that you're testing the behavior the user would see in the browser. Learn more at https://react.dev/link/wrap-tests-with-act
An update to NotebookTab inside a test was not wrapped in act(...).

When testing, code that causes React state updates should be wrapped into act(...):

act(() => {
  /* fire events that update state */
});
/* assert on the output */

This ensures that you're testing the behavior the user would see in the browser. Learn more at https://react.dev/link/wrap-tests-with-act
An update to NotebookTab inside a test was not wrapped in act(...).

When testing, code that causes React state updates should be wrapped into act(...):

act(() => {
  /* fire events that update state */
});
/* assert on the output */

This ensures that you're testing the behavior the user would see in the browser. Learn more at https://react.dev/link/wrap-tests-with-act
An update to NotebookTab inside a test was not wrapped in act(...).

When testing, code that causes React state updates should be wrapped into act(...):

act(() => {
  /* fire events that update state */
});
/* assert on the output */

This ensures that you're testing the behavior the user would see in the browser. Learn more at https://react.dev/link/wrap-tests-with-act

stderr | src/pages/journal-2-0/a11y/noteEditor.a11y.test.jsx > note editor popups > surface "editor-note-link": axe finds 0 violations
An update to Root inside a test was not wrapped in act(...).

When testing, code that causes React state updates should be wrapped into act(...):

act(() => {
  /* fire events that update state */
});
/* assert on the output */

This ensures that you're testing the behavior the user would see in the browser. Learn more at https://react.dev/link/wrap-tests-with-act

stderr | src/pages/journal-2-0/a11y/noteEditor.a11y.test.jsx > note editor popups > surface "editor-link-paste": axe finds 0 violations
flushSync was called from inside a lifecycle method. React cannot flush when React is already rendering. Consider moving this call to a scheduler task or micro task.
flushSync was called from inside a lifecycle method. React cannot flush when React is already rendering. Consider moving this call to a scheduler task or micro task.
flushSync was called from inside a lifecycle method. React cannot flush when React is already rendering. Consider moving this call to a scheduler task or micro task.

stderr | src/pages/journal-2-0/tabs/NotebookTab.calendarView.test.jsx > NotebookTab — calendar view wiring > TRASH never renders the calendar
An update to NotebookTab inside a test was not wrapped in act(...).

When testing, code that causes React state updates should be wrapped into act(...):

act(() => {
  /* fire events that update state */
});
/* assert on the output */

This ensures that you're testing the behavior the user would see in the browser. Learn more at https://react.dev/link/wrap-tests-with-act
An update to NotebookTab inside a test was not wrapped in act(...).

When testing, code that causes React state updates should be wrapped into act(...):

act(() => {
  /* fire events that update state */
});
/* assert on the output */

This ensures that you're testing the behavior the user would see in the browser. Learn more at https://react.dev/link/wrap-tests-with-act
An update to NotebookTab inside a test was not wrapped in act(...).

When testing, code that causes React state updates should be wrapped into act(...):

act(() => {
  /* fire events that update state */
});
/* assert on the output */

This ensures that you're testing the behavior the user would see in the browser. Learn more at https://react.dev/link/wrap-tests-with-act
An update to NotebookTab inside a test was not wrapped in act(...).

When testing, code that causes React state updates should be wrapped into act(...):

act(() => {
  /* fire events that update state */
});
/* assert on the output */

This ensures that you're testing the behavior the user would see in the browser. Learn more at https://react.dev/link/wrap-tests-with-act
An update to NotebookTab inside a test was not wrapped in act(...).

When testing, code that causes React state updates should be wrapped into act(...):

act(() => {
  /* fire events that update state */
});
/* assert on the output */

This ensures that you're testing the behavior the user would see in the browser. Learn more at https://react.dev/link/wrap-tests-with-act

stderr | src/pages/journal-2-0/a11y/noteEditor.a11y.test.jsx > note editor popups > surface "editor-link-paste": axe finds 0 violations
An update to Root inside a test was not wrapped in act(...).

When testing, code that causes React state updates should be wrapped into act(...):

act(() => {
  /* fire events that update state */
});
/* assert on the output */

This ensures that you're testing the behavior the user would see in the browser. Learn more at https://react.dev/link/wrap-tests-with-act

stderr | src/pages/journal-2-0/a11y/noteEditor.a11y.test.jsx > note editor popups > surface "editor-writing-help": axe finds 0 violations
flushSync was called from inside a lifecycle method. React cannot flush when React is already rendering. Consider moving this call to a scheduler task or micro task.
flushSync was called from inside a lifecycle method. React cannot flush when React is already rendering. Consider moving this call to a scheduler task or micro task.
flushSync was called from inside a lifecycle method. React cannot flush when React is already rendering. Consider moving this call to a scheduler task or micro task.

stderr | src/pages/journal-2-0/components/notebook/NoteEditorPage.wave5.test.jsx > NoteEditorPage — text color + highlight door (Wave 5) > the toolbar button opens the picker; a pick colours the selection and closes it
An update to LinkPasteMenu inside a test was not wrapped in act(...).

When testing, code that causes React state updates should be wrapped into act(...):

act(() => {
  /* fire events that update state */
});
/* assert on the output */

This ensures that you're testing the behavior the user would see in the browser. Learn more at https://react.dev/link/wrap-tests-with-act
An update to NoteEditorPage inside a test was not wrapped in act(...).

When testing, code that causes React state updates should be wrapped into act(...):

act(() => {
  /* fire events that update state */
});
/* assert on the output */

This ensures that you're testing the behavior the user would see in the browser. Learn more at https://react.dev/link/wrap-tests-with-act
An update to NoteEditorPage inside a test was not wrapped in act(...).

When testing, code that causes React state updates should be wrapped into act(...):

act(() => {
  /* fire events that update state */
});
/* assert on the output */

This ensures that you're testing the behavior the user would see in the browser. Learn more at https://react.dev/link/wrap-tests-with-act

stderr | src/pages/journal-2-0/a11y/noteEditor.a11y.test.jsx > note editor popups > surface "editor-writing-help": axe finds 0 violations
An update to Root inside a test was not wrapped in act(...).

When testing, code that causes React state updates should be wrapped into act(...):

act(() => {
  /* fire events that update state */
});
/* assert on the output */

This ensures that you're testing the behavior the user would see in the browser. Learn more at https://react.dev/link/wrap-tests-with-act

stderr | src/pages/journal-2-0/a11y/noteEditor.a11y.test.jsx > note editor popups > surface "editor-history": axe finds 0 violations
flushSync was called from inside a lifecycle method. React cannot flush when React is already rendering. Consider moving this call to a scheduler task or micro task.
flushSync was called from inside a lifecycle method. React cannot flush when React is already rendering. Consider moving this call to a scheduler task or micro task.
flushSync was called from inside a lifecycle method. React cannot flush when React is already rendering. Consider moving this call to a scheduler task or micro task.

stderr | src/pages/journal-2-0/a11y/noteEditor.a11y.test.jsx > note editor popups > surface "editor-history": axe finds 0 violations
Render methods should be a pure function of props and state; triggering nested component updates from render is not allowed. If necessary, trigger nested updates in componentDidUpdate.

Check the render method of NoteVersionPreview.
flushSync was called from inside a lifecycle method. React cannot flush when React is already rendering. Consider moving this call to a scheduler task or micro task.
flushSync was called from inside a lifecycle method. React cannot flush when React is already rendering. Consider moving this call to a scheduler task or micro task.

stderr | src/pages/journal-2-0/a11y/noteEditor.a11y.test.jsx > note editor popups > surface "editor-history": axe finds 0 violations
An update to Root inside a test was not wrapped in act(...).

When testing, code that causes React state updates should be wrapped into act(...):

act(() => {
  /* fire events that update state */
});
/* assert on the output */

This ensures that you're testing the behavior the user would see in the browser. Learn more at https://react.dev/link/wrap-tests-with-act
An update to Root inside a test was not wrapped in act(...).

When testing, code that causes React state updates should be wrapped into act(...):

act(() => {
  /* fire events that update state */
});
/* assert on the output */

This ensures that you're testing the behavior the user would see in the browser. Learn more at https://react.dev/link/wrap-tests-with-act

stderr | src/pages/breadth/BreadthViews.windowShrink.test.jsx > the cursor cannot outlive the window it sat in > lands in bounds — on the new window’s oldest row — after a shrink
An update to BreadthViews inside a test was not wrapped in act(...).

When testing, code that causes React state updates should be wrapped into act(...):

act(() => {
  /* fire events that update state */
});
/* assert on the output */

This ensures that you're testing the behavior the user would see in the browser. Learn more at https://react.dev/link/wrap-tests-with-act

stderr | src/pages/journal-2-0/a11y/noteEditor.a11y.test.jsx > note editor popups > surface "editor-palette": axe finds 0 violations
flushSync was called from inside a lifecycle method. React cannot flush when React is already rendering. Consider moving this call to a scheduler task or micro task.
flushSync was called from inside a lifecycle method. React cannot flush when React is already rendering. Consider moving this call to a scheduler task or micro task.
flushSync was called from inside a lifecycle method. React cannot flush when React is already rendering. Consider moving this call to a scheduler task or micro task.

stderr | src/pages/breadth/BreadthViews.windowShrink.test.jsx > the cursor cannot outlive the window it sat in > never prints an impossible position at any depth of shrink
An update to BreadthViews inside a test was not wrapped in act(...).

When testing, code that causes React state updates should be wrapped into act(...):

act(() => {
  /* fire events that update state */
});
/* assert on the output */

This ensures that you're testing the behavior the user would see in the browser. Learn more at https://react.dev/link/wrap-tests-with-act

stderr | src/pages/breadth/BreadthViews.windowShrink.test.jsx > the cursor cannot outlive the window it sat in > leaves the cursor alone when the window GROWS
An update to BreadthViews inside a test was not wrapped in act(...).

When testing, code that causes React state updates should be wrapped into act(...):

act(() => {
  /* fire events that update state */
});
/* assert on the output */

This ensures that you're testing the behavior the user would see in the browser. Learn more at https://react.dev/link/wrap-tests-with-act

stderr | src/pages/breadth/BreadthViews.windowShrink.test.jsx > the cursor cannot outlive the window it sat in > drags an IN-FLIGHT playback run back into the new window
An update to BreadthViews inside a test was not wrapped in act(...).

When testing, code that causes React state updates should be wrapped into act(...):

act(() => {
  /* fire events that update state */
});
/* assert on the output */

This ensures that you're testing the behavior the user would see in the browser. Learn more at https://react.dev/link/wrap-tests-with-act

stderr | src/pages/journal-2-0/a11y/noteEditor.a11y.test.jsx > note editor popups > surface "editor-palette": axe finds 0 violations
An update to NoteStats inside a test was not wrapped in act(...).

When testing, code that causes React state updates should be wrapped into act(...):

act(() => {
  /* fire events that update state */
});
/* assert on the output */

This ensures that you're testing the behavior the user would see in the browser. Learn more at https://react.dev/link/wrap-tests-with-act

stderr | src/pages/journal-2-0/a11y/noteEditor.a11y.test.jsx > note editor popups > surface "editor-palette": axe finds 0 violations
An update to Root inside a test was not wrapped in act(...).

When testing, code that causes React state updates should be wrapped into act(...):

act(() => {
  /* fire events that update state */
});
/* assert on the output */

This ensures that you're testing the behavior the user would see in the browser. Learn more at https://react.dev/link/wrap-tests-with-act

stderr | src/pages/journal-2-0/components/notebook/NoteEditorPage.telemetry.test.jsx > save_failed > a save that gives up (a 4xx) is reported once, as http, not retrying
autosave failed (non-retryable) Error: 404
    at httpError (C:/Users/Patrick/uct-worktrees/notebook-w10-l11/app/src/pages/journal-2-0/components/notebook/NoteEditorPage.telemetry.test.jsx:33:71)
    at C:/Users/Patrick/uct-worktrees/notebook-w10-l11/app/src/pages/journal-2-0/components/notebook/NoteEditorPage.telemetry.test.jsx:74:34
    at file:///C:/Users/Patrick/uct-worktrees/notebook-w10-l11/app/node_modules/@vitest/runner/dist/index.js:145:11
    at file:///C:/Users/Patrick/uct-worktrees/notebook-w10-l11/app/node_modules/@vitest/runner/dist/index.js:915:26
    at file:///C:/Users/Patrick/uct-worktrees/notebook-w10-l11/app/node_modules/@vitest/runner/dist/index.js:1243:20
    at new Promise (<anonymous>)
    at runWithTimeout (file:///C:/Users/Patrick/uct-worktrees/notebook-w10-l11/app/node_modules/@vitest/runner/dist/index.js:1209:10)
    at file:///C:/Users/Patrick/uct-worktrees/notebook-w10-l11/app/node_modules/@vitest/runner/dist/index.js:1653:37
    at Traces.$ (file:///C:/Users/Patrick/uct-worktrees/notebook-w10-l11/app/node_modules/vitest/dist/chunks/traces.CCmnQaNT.js:142:27)
    at trace (file:///C:/Users/Patrick/uct-worktrees/notebook-w10-l11/app/node_modules/vitest/dist/chunks/test.B8ej_ZHS.js:239:21) {
  status: 404
}

stderr | src/pages/journal-2-0/components/notebook/NoteEditorPage.telemetry.test.jsx > save_failed > a retry streak (network) is reported ONCE when it begins, never per backoff attempt
autosave failed (retry 1 in 1000ms) Error: Failed to fetch
    at C:/Users/Patrick/uct-worktrees/notebook-w10-l11/app/src/pages/journal-2-0/components/notebook/NoteEditorPage.telemetry.test.jsx:82:34
    at file:///C:/Users/Patrick/uct-worktrees/notebook-w10-l11/app/node_modules/@vitest/runner/dist/index.js:145:11
    at file:///C:/Users/Patrick/uct-worktrees/notebook-w10-l11/app/node_modules/@vitest/runner/dist/index.js:915:26
    at file:///C:/Users/Patrick/uct-worktrees/notebook-w10-l11/app/node_modules/@vitest/runner/dist/index.js:1243:20
    at new Promise (<anonymous>)
    at runWithTimeout (file:///C:/Users/Patrick/uct-worktrees/notebook-w10-l11/app/node_modules/@vitest/runner/dist/index.js:1209:10)
    at file:///C:/Users/Patrick/uct-worktrees/notebook-w10-l11/app/node_modules/@vitest/runner/dist/index.js:1653:37
    at Traces.$ (file:///C:/Users/Patrick/uct-worktrees/notebook-w10-l11/app/node_modules/vitest/dist/chunks/traces.CCmnQaNT.js:142:27)
    at trace (file:///C:/Users/Patrick/uct-worktrees/notebook-w10-l11/app/node_modules/vitest/dist/chunks/test.B8ej_ZHS.js:239:21)
    at runTest (file:///C:/Users/Patrick/uct-worktrees/notebook-w10-l11/app/node_modules/@vitest/runner/dist/index.js:1653:12)

stderr | src/pages/journal-2-0/components/notebook/NoteEditorPage.telemetry.test.jsx > save_failed > a retry streak (network) is reported ONCE when it begins, never per backoff attempt
autosave failed (retry 2 in 2000ms) Error: Failed to fetch
    at C:/Users/Patrick/uct-worktrees/notebook-w10-l11/app/src/pages/journal-2-0/components/notebook/NoteEditorPage.telemetry.test.jsx:82:34
    at file:///C:/Users/Patrick/uct-worktrees/notebook-w10-l11/app/node_modules/@vitest/runner/dist/index.js:145:11
    at file:///C:/Users/Patrick/uct-worktrees/notebook-w10-l11/app/node_modules/@vitest/runner/dist/index.js:915:26
    at file:///C:/Users/Patrick/uct-worktrees/notebook-w10-l11/app/node_modules/@vitest/runner/dist/index.js:1243:20
    at new Promise (<anonymous>)
    at runWithTimeout (file:///C:/Users/Patrick/uct-worktrees/notebook-w10-l11/app/node_modules/@vitest/runner/dist/index.js:1209:10)
    at file:///C:/Users/Patrick/uct-worktrees/notebook-w10-l11/app/node_modules/@vitest/runner/dist/index.js:1653:37
    at Traces.$ (file:///C:/Users/Patrick/uct-worktrees/notebook-w10-l11/app/node_modules/vitest/dist/chunks/traces.CCmnQaNT.js:142:27)
    at trace (file:///C:/Users/Patrick/uct-worktrees/notebook-w10-l11/app/node_modules/vitest/dist/chunks/test.B8ej_ZHS.js:239:21)
    at runTest (file:///C:/Users/Patrick/uct-worktrees/notebook-w10-l11/app/node_modules/@vitest/runner/dist/index.js:1653:12)

stderr | src/pages/journal-2-0/components/notebook/NoteEditorPage.telemetry.test.jsx > save_failed > a retry streak (network) is reported ONCE when it begins, never per backoff attempt
autosave failed (retry 3 in 4000ms) Error: Failed to fetch
    at C:/Users/Patrick/uct-worktrees/notebook-w10-l11/app/src/pages/journal-2-0/components/notebook/NoteEditorPage.telemetry.test.jsx:82:34
    at file:///C:/Users/Patrick/uct-worktrees/notebook-w10-l11/app/node_modules/@vitest/runner/dist/index.js:145:11
    at file:///C:/Users/Patrick/uct-worktrees/notebook-w10-l11/app/node_modules/@vitest/runner/dist/index.js:915:26
    at file:///C:/Users/Patrick/uct-worktrees/notebook-w10-l11/app/node_modules/@vitest/runner/dist/index.js:1243:20
    at new Promise (<anonymous>)
    at runWithTimeout (file:///C:/Users/Patrick/uct-worktrees/notebook-w10-l11/app/node_modules/@vitest/runner/dist/index.js:1209:10)
    at file:///C:/Users/Patrick/uct-worktrees/notebook-w10-l11/app/node_modules/@vitest/runner/dist/index.js:1653:37
    at Traces.$ (file:///C:/Users/Patrick/uct-worktrees/notebook-w10-l11/app/node_modules/vitest/dist/chunks/traces.CCmnQaNT.js:142:27)
    at trace (file:///C:/Users/Patrick/uct-worktrees/notebook-w10-l11/app/node_modules/vitest/dist/chunks/test.B8ej_ZHS.js:239:21)
    at runTest (file:///C:/Users/Patrick/uct-worktrees/notebook-w10-l11/app/node_modules/@vitest/runner/dist/index.js:1653:12)

stderr | src/pages/journal-2-0/components/notebook/NoteEditorPage.telemetry.test.jsx > save_failed > a retry streak (network) is reported ONCE when it begins, never per backoff attempt
autosave failed (retry 4 in 8000ms) Error: Failed to fetch
    at C:/Users/Patrick/uct-worktrees/notebook-w10-l11/app/src/pages/journal-2-0/components/notebook/NoteEditorPage.telemetry.test.jsx:82:34
    at file:///C:/Users/Patrick/uct-worktrees/notebook-w10-l11/app/node_modules/@vitest/runner/dist/index.js:145:11
    at file:///C:/Users/Patrick/uct-worktrees/notebook-w10-l11/app/node_modules/@vitest/runner/dist/index.js:915:26
    at file:///C:/Users/Patrick/uct-worktrees/notebook-w10-l11/app/node_modules/@vitest/runner/dist/index.js:1243:20
    at new Promise (<anonymous>)
    at runWithTimeout (file:///C:/Users/Patrick/uct-worktrees/notebook-w10-l11/app/node_modules/@vitest/runner/dist/index.js:1209:10)
    at file:///C:/Users/Patrick/uct-worktrees/notebook-w10-l11/app/node_modules/@vitest/runner/dist/index.js:1653:37
    at Traces.$ (file:///C:/Users/Patrick/uct-worktrees/notebook-w10-l11/app/node_modules/vitest/dist/chunks/traces.CCmnQaNT.js:142:27)
    at trace (file:///C:/Users/Patrick/uct-worktrees/notebook-w10-l11/app/node_modules/vitest/dist/chunks/test.B8ej_ZHS.js:239:21)
    at runTest (file:///C:/Users/Patrick/uct-worktrees/notebook-w10-l11/app/node_modules/@vitest/runner/dist/index.js:1653:12)

stderr | src/pages/journal-2-0/components/notebook/NoteEditorPage.telemetry.test.jsx > save_failed > a retry streak (network) is reported ONCE when it begins, never per backoff attempt
autosave failed (retry 5 in 15000ms) Error: Failed to fetch
    at C:/Users/Patrick/uct-worktrees/notebook-w10-l11/app/src/pages/journal-2-0/components/notebook/NoteEditorPage.telemetry.test.jsx:82:34
    at file:///C:/Users/Patrick/uct-worktrees/notebook-w10-l11/app/node_modules/@vitest/runner/dist/index.js:145:11
    at file:///C:/Users/Patrick/uct-worktrees/notebook-w10-l11/app/node_modules/@vitest/runner/dist/index.js:915:26
    at file:///C:/Users/Patrick/uct-worktrees/notebook-w10-l11/app/node_modules/@vitest/runner/dist/index.js:1243:20
    at new Promise (<anonymous>)
    at runWithTimeout (file:///C:/Users/Patrick/uct-worktrees/notebook-w10-l11/app/node_modules/@vitest/runner/dist/index.js:1209:10)
    at file:///C:/Users/Patrick/uct-worktrees/notebook-w10-l11/app/node_modules/@vitest/runner/dist/index.js:1653:37
    at Traces.$ (file:///C:/Users/Patrick/uct-worktrees/notebook-w10-l11/app/node_modules/vitest/dist/chunks/traces.CCmnQaNT.js:142:27)
    at trace (file:///C:/Users/Patrick/uct-worktrees/notebook-w10-l11/app/node_modules/vitest/dist/chunks/test.B8ej_ZHS.js:239:21)
    at runTest (file:///C:/Users/Patrick/uct-worktrees/notebook-w10-l11/app/node_modules/@vitest/runner/dist/index.js:1653:12)

stderr | src/pages/journal-2-0/components/notebook/NoteEditorPage.telemetry.test.jsx > save_success > a save that fails reports no save_success (the SLO would read a failure as a success)
autosave failed (non-retryable) Error: 404
    at httpError (C:/Users/Patrick/uct-worktrees/notebook-w10-l11/app/src/pages/journal-2-0/components/notebook/NoteEditorPage.telemetry.test.jsx:33:71)
    at C:/Users/Patrick/uct-worktrees/notebook-w10-l11/app/src/pages/journal-2-0/components/notebook/NoteEditorPage.telemetry.test.jsx:129:34
    at file:///C:/Users/Patrick/uct-worktrees/notebook-w10-l11/app/node_modules/@vitest/runner/dist/index.js:145:11
    at file:///C:/Users/Patrick/uct-worktrees/notebook-w10-l11/app/node_modules/@vitest/runner/dist/index.js:915:26
    at file:///C:/Users/Patrick/uct-worktrees/notebook-w10-l11/app/node_modules/@vitest/runner/dist/index.js:1243:20
    at new Promise (<anonymous>)
    at runWithTimeout (file:///C:/Users/Patrick/uct-worktrees/notebook-w10-l11/app/node_modules/@vitest/runner/dist/index.js:1209:10)
    at file:///C:/Users/Patrick/uct-worktrees/notebook-w10-l11/app/node_modules/@vitest/runner/dist/index.js:1653:37
    at Traces.$ (file:///C:/Users/Patrick/uct-worktrees/notebook-w10-l11/app/node_modules/vitest/dist/chunks/traces.CCmnQaNT.js:142:27)
    at trace (file:///C:/Users/Patrick/uct-worktrees/notebook-w10-l11/app/node_modules/vitest/dist/chunks/test.B8ej_ZHS.js:239:21) {
  status: 404
}

stderr | src/components/chart/ChartSettingsModal.volumepane.test.jsx > ChartSettingsModal — volume separate-pane on a surface that fixes it > is live on a normal surface: clicking it writes volume.separatePane
An update to ChartSettingsModal inside a test was not wrapped in act(...).

When testing, code that causes React state updates should be wrapped into act(...):

act(() => {
  /* fire events that update state */
});
/* assert on the output */

This ensures that you're testing the behavior the user would see in the browser. Learn more at https://react.dev/link/wrap-tests-with-act

stderr | src/components/chart/ChartSettingsModal.volumepane.test.jsx > ChartSettingsModal — volume separate-pane on a surface that fixes it > is live on a normal surface: clicking it writes volume.separatePane
An update to ChartSettingsModal inside a test was not wrapped in act(...).

When testing, code that causes React state updates should be wrapped into act(...):

act(() => {
  /* fire events that update state */
});
/* assert on the output */

This ensures that you're testing the behavior the user would see in the browser. Learn more at https://react.dev/link/wrap-tests-with-act

stderr | src/components/chart/ChartSettingsModal.volumepane.test.jsx > ChartSettingsModal — volume separate-pane on a surface that fixes it > renders inert — and writes nothing — when the surface fixes the pane
An update to ChartSettingsModal inside a test was not wrapped in act(...).

When testing, code that causes React state updates should be wrapped into act(...):

act(() => {
  /* fire events that update state */
});
/* assert on the output */

This ensures that you're testing the behavior the user would see in the browser. Learn more at https://react.dev/link/wrap-tests-with-act

stderr | src/components/chart/ChartSettingsModal.volumepane.test.jsx > ChartSettingsModal — volume separate-pane on a surface that fixes it > renders inert — and writes nothing — when the surface fixes the pane
An update to ChartSettingsModal inside a test was not wrapped in act(...).

When testing, code that causes React state updates should be wrapped into act(...):

act(() => {
  /* fire events that update state */
});
/* assert on the output */

This ensures that you're testing the behavior the user would see in the browser. Learn more at https://react.dev/link/wrap-tests-with-act

stderr | src/components/chart/ChartSettingsModal.volumepane.test.jsx > ChartSettingsModal — volume separate-pane on a surface that fixes it > scopes the lock to volume — the other indicator toggles stay live
An update to ChartSettingsModal inside a test was not wrapped in act(...).

When testing, code that causes React state updates should be wrapped into act(...):

act(() => {
  /* fire events that update state */
});
/* assert on the output */

This ensures that you're testing the behavior the user would see in the browser. Learn more at https://react.dev/link/wrap-tests-with-act

stderr | src/components/chart/ChartSettingsModal.volumepane.test.jsx > ChartSettingsModal — volume separate-pane on a surface that fixes it > scopes the lock to volume — the other indicator toggles stay live
An update to ChartSettingsModal inside a test was not wrapped in act(...).

When testing, code that causes React state updates should be wrapped into act(...):

act(() => {
  /* fire events that update state */
});
/* assert on the output */

This ensures that you're testing the behavior the user would see in the browser. Learn more at https://react.dev/link/wrap-tests-with-act

stderr | src/components/Layout.skipLink.test.jsx > the app shell skip link (A2R-01) > is the first focusable element in the shell, before the nav
An update to AuthProvider inside a test was not wrapped in act(...).

When testing, code that causes React state updates should be wrapped into act(...):

act(() => {
  /* fire events that update state */
});
/* assert on the output */

This ensures that you're testing the behavior the user would see in the browser. Learn more at https://react.dev/link/wrap-tests-with-act
An update to AuthProvider inside a test was not wrapped in act(...).

When testing, code that causes React state updates should be wrapped into act(...):

act(() => {
  /* fire events that update state */
});
/* assert on the output */

This ensures that you're testing the behavior the user would see in the browser. Learn more at https://react.dev/link/wrap-tests-with-act
An update to AlertBell inside a test was not wrapped in act(...).

When testing, code that causes React state updates should be wrapped into act(...):

act(() => {
  /* fire events that update state */
});
/* assert on the output */

This ensures that you're testing the behavior the user would see in the browser. Learn more at https://react.dev/link/wrap-tests-with-act
An update to HubRoot inside a test was not wrapped in act(...).

When testing, code that causes React state updates should be wrapped into act(...):

act(() => {
  /* fire events that update state */
});
/* assert on the output */

This ensures that you're testing the behavior the user would see in the browser. Learn more at https://react.dev/link/wrap-tests-with-act
An update to HubProvider inside a test was not wrapped in act(...).

When testing, code that causes React state updates should be wrapped into act(...):

act(() => {
  /* fire events that update state */
});
/* assert on the output */

This ensures that you're testing the behavior the user would see in the browser. Learn more at https://react.dev/link/wrap-tests-with-act
An update to Layout inside a test was not wrapped in act(...).

When testing, code that causes React state updates should be wrapped into act(...):

act(() => {
  /* fire events that update state */
});
/* assert on the output */

This ensures that you're testing the behavior the user would see in the browser. Learn more at https://react.dev/link/wrap-tests-with-act
An update to Layout inside a test was not wrapped in act(...).

When testing, code that causes React state updates should be wrapped into act(...):

act(() => {
  /* fire events that update state */
});
/* assert on the output */

This ensures that you're testing the behavior the user would see in the browser. Learn more at https://react.dev/link/wrap-tests-with-act

Not implemented: HTMLMediaElement's load() method
stderr | src/pages/journal-2-0/tabs/NotebookTab.timeline.test.jsx > the Timeline view mode > saves WITH the settings the timeline reports
An update to NotebookTab inside a test was not wrapped in act(...).

When testing, code that causes React state updates should be wrapped into act(...):

act(() => {
  /* fire events that update state */
});
/* assert on the output */

This ensures that you're testing the behavior the user would see in the browser. Learn more at https://react.dev/link/wrap-tests-with-act

stderr | src/pages/journal-2-0/components/notebook/TagSuggestInput.test.jsx > TagSuggestInput > a pointer takes a suggestion without stealing focus from the field
An update to TagSuggestInput inside a test was not wrapped in act(...).

When testing, code that causes React state updates should be wrapped into act(...):

act(() => {
  /* fire events that update state */
});
/* assert on the output */

This ensures that you're testing the behavior the user would see in the browser. Learn more at https://react.dev/link/wrap-tests-with-act

stderr | src/pages/journal-2-0/tabs/NotebookTab.daily.test.jsx > Today > a refusal says nothing was created
[notebook] open daily note failed Error: daily note request failed (500)
    at openDailyNote (C:/Users/Patrick/uct-worktrees/notebook-w10-l11/app/src/pages/journal-2-0/lib/dailyNote.js:30:17)
    at openToday (C:/Users/Patrick/uct-worktrees/notebook-w10-l11/app/src/pages/journal-2-0/tabs/NotebookTab.jsx:1489:50) {
  status: 500
}

stderr | src/pages/journal-2-0/components/notebook/NoteEditorPage.loaderror.test.jsx > NoteEditorPage — note-load error state (P0-2 fix) > shows a distinct error card, never an infinite "Loading…", when the initial fetch fails
note load failed Error: 500
    at useJ2Note (C:/Users/Patrick/uct-worktrees/notebook-w10-l11/app/src/pages/journal-2-0/components/notebook/NoteEditorPage.loaderror.test.jsx:35:16)
    at NoteEditorPage (C:/Users/Patrick/uct-worktrees/notebook-w10-l11/app/src/pages/journal-2-0/components/notebook/NoteEditorPage.jsx:534:77)
    at Object.react_stack_bottom_frame (C:\Users\Patrick\uct-worktrees\notebook-w10-l11\app\node_modules\react-dom\cjs\react-dom-client.development.js:25904:20)
    at renderWithHooks (C:\Users\Patrick\uct-worktrees\notebook-w10-l11\app\node_modules\react-dom\cjs\react-dom-client.development.js:7662:22)
    at updateFunctionComponent (C:\Users\Patrick\uct-worktrees\notebook-w10-l11\app\node_modules\react-dom\cjs\react-dom-client.development.js:10166:19)
    at beginWork (C:\Users\Patrick\uct-worktrees\notebook-w10-l11\app\node_modules\react-dom\cjs\react-dom-client.development.js:11778:18)
    at runWithFiberInDEV (C:\Users\Patrick\uct-worktrees\notebook-w10-l11\app\node_modules\react-dom\cjs\react-dom-client.development.js:874:13)
    at performUnitOfWork (C:\Users\Patrick\uct-worktrees\notebook-w10-l11\app\node_modules\react-dom\cjs\react-dom-client.development.js:17641:22)
    at workLoopSync (C:\Users\Patrick\uct-worktrees\notebook-w10-l11\app\node_modules\react-dom\cjs\react-dom-client.development.js:17469:41)
    at renderRootSync (C:\Users\Patrick\uct-worktrees\notebook-w10-l11\app\node_modules\react-dom\cjs\react-dom-client.development.js:17450:11)

stderr | src/pages/journal-2-0/components/notebook/NoteEditorPage.loaderror.test.jsx > NoteEditorPage — note-load error state (P0-2 fix) > shows a distinct error card, never an infinite "Loading…", when the initial fetch fails
An update to NoteEditorPage inside a test was not wrapped in act(...).

When testing, code that causes React state updates should be wrapped into act(...):

act(() => {
  /* fire events that update state */
});
/* assert on the output */

This ensures that you're testing the behavior the user would see in the browser. Learn more at https://react.dev/link/wrap-tests-with-act
An update to NoteEditorPage inside a test was not wrapped in act(...).

When testing, code that causes React state updates should be wrapped into act(...):

act(() => {
  /* fire events that update state */
});
/* assert on the output */

This ensures that you're testing the behavior the user would see in the browser. Learn more at https://react.dev/link/wrap-tests-with-act
An update to NoteEditorPage inside a test was not wrapped in act(...).

When testing, code that causes React state updates should be wrapped into act(...):

act(() => {
  /* fire events that update state */
});
/* assert on the output */

This ensures that you're testing the behavior the user would see in the browser. Learn more at https://react.dev/link/wrap-tests-with-act
An update to NoteEditorPage inside a test was not wrapped in act(...).

When testing, code that causes React state updates should be wrapped into act(...):

act(() => {
  /* fire events that update state */
});
/* assert on the output */

This ensures that you're testing the behavior the user would see in the browser. Learn more at https://react.dev/link/wrap-tests-with-act
An update to NoteEditorPage inside a test was not wrapped in act(...).

When testing, code that causes React state updates should be wrapped into act(...):

act(() => {
  /* fire events that update state */
});
/* assert on the output */

This ensures that you're testing the behavior the user would see in the browser. Learn more at https://react.dev/link/wrap-tests-with-act
An update to NoteEditorPage inside a test was not wrapped in act(...).

When testing, code that causes React state updates should be wrapped into act(...):

act(() => {
  /* fire events that update state */
});
/* assert on the output */

This ensures that you're testing the behavior the user would see in the browser. Learn more at https://react.dev/link/wrap-tests-with-act
An update to NoteEditorPage inside a test was not wrapped in act(...).

When testing, code that causes React state updates should be wrapped into act(...):

act(() => {
  /* fire events that update state */
});
/* assert on the output */

This ensures that you're testing the behavior the user would see in the browser. Learn more at https://react.dev/link/wrap-tests-with-act
note load failed Error: 500
    at useJ2Note (C:/Users/Patrick/uct-worktrees/notebook-w10-l11/app/src/pages/journal-2-0/components/notebook/NoteEditorPage.loaderror.test.jsx:35:16)
    at NoteEditorPage (C:/Users/Patrick/uct-worktrees/notebook-w10-l11/app/src/pages/journal-2-0/components/notebook/NoteEditorPage.jsx:534:77)
    at Object.react_stack_bottom_frame (C:\Users\Patrick\uct-worktrees\notebook-w10-l11\app\node_modules\react-dom\cjs\react-dom-client.development.js:25904:20)
    at renderWithHooks (C:\Users\Patrick\uct-worktrees\notebook-w10-l11\app\node_modules\react-dom\cjs\react-dom-client.development.js:7662:22)
    at updateFunctionComponent (C:\Users\Patrick\uct-worktrees\notebook-w10-l11\app\node_modules\react-dom\cjs\react-dom-client.development.js:10166:19)
    at beginWork (C:\Users\Patrick\uct-worktrees\notebook-w10-l11\app\node_modules\react-dom\cjs\react-dom-client.development.js:11778:18)
    at runWithFiberInDEV (C:\Users\Patrick\uct-worktrees\notebook-w10-l11\app\node_modules\react-dom\cjs\react-dom-client.development.js:874:13)
    at performUnitOfWork (C:\Users\Patrick\uct-worktrees\notebook-w10-l11\app\node_modules\react-dom\cjs\react-dom-client.development.js:17641:22)
    at workLoopSync (C:\Users\Patrick\uct-worktrees\notebook-w10-l11\app\node_modules\react-dom\cjs\react-dom-client.development.js:17469:41)
    at renderRootSync (C:\Users\Patrick\uct-worktrees\notebook-w10-l11\app\node_modules\react-dom\cjs\react-dom-client.development.js:17450:11)

stderr | src/pages/journal-2-0/components/notebook/NoteEditorPage.loaderror.test.jsx > NoteEditorPage — note-load error state (P0-2 fix) > never shows the raw backend error text (bare HTTP status)
note load failed Error: 500
    at useJ2Note (C:/Users/Patrick/uct-worktrees/notebook-w10-l11/app/src/pages/journal-2-0/components/notebook/NoteEditorPage.loaderror.test.jsx:35:16)
    at NoteEditorPage (C:/Users/Patrick/uct-worktrees/notebook-w10-l11/app/src/pages/journal-2-0/components/notebook/NoteEditorPage.jsx:534:77)
    at Object.react_stack_bottom_frame (C:\Users\Patrick\uct-worktrees\notebook-w10-l11\app\node_modules\react-dom\cjs\react-dom-client.development.js:25904:20)
    at renderWithHooks (C:\Users\Patrick\uct-worktrees\notebook-w10-l11\app\node_modules\react-dom\cjs\react-dom-client.development.js:7662:22)
    at updateFunctionComponent (C:\Users\Patrick\uct-worktrees\notebook-w10-l11\app\node_modules\react-dom\cjs\react-dom-client.development.js:10166:19)
    at beginWork (C:\Users\Patrick\uct-worktrees\notebook-w10-l11\app\node_modules\react-dom\cjs\react-dom-client.development.js:11778:18)
    at runWithFiberInDEV (C:\Users\Patrick\uct-worktrees\notebook-w10-l11\app\node_modules\react-dom\cjs\react-dom-client.development.js:874:13)
    at performUnitOfWork (C:\Users\Patrick\uct-worktrees\notebook-w10-l11\app\node_modules\react-dom\cjs\react-dom-client.development.js:17641:22)
    at workLoopSync (C:\Users\Patrick\uct-worktrees\notebook-w10-l11\app\node_modules\react-dom\cjs\react-dom-client.development.js:17469:41)
    at renderRootSync (C:\Users\Patrick\uct-worktrees\notebook-w10-l11\app\node_modules\react-dom\cjs\react-dom-client.development.js:17450:11)

stderr | src/pages/journal-2-0/components/notebook/NoteEditorPage.loaderror.test.jsx > NoteEditorPage — note-load error state (P0-2 fix) > never shows the raw backend error text (bare HTTP status)
An update to NoteEditorPage inside a test was not wrapped in act(...).

When testing, code that causes React state updates should be wrapped into act(...):

act(() => {
  /* fire events that update state */
});
/* assert on the output */

This ensures that you're testing the behavior the user would see in the browser. Learn more at https://react.dev/link/wrap-tests-with-act
An update to NoteEditorPage inside a test was not wrapped in act(...).

When testing, code that causes React state updates should be wrapped into act(...):

act(() => {
  /* fire events that update state */
});
/* assert on the output */

This ensures that you're testing the behavior the user would see in the browser. Learn more at https://react.dev/link/wrap-tests-with-act
An update to NoteEditorPage inside a test was not wrapped in act(...).

When testing, code that causes React state updates should be wrapped into act(...):

act(() => {
  /* fire events that update state */
});
/* assert on the output */

This ensures that you're testing the behavior the user would see in the browser. Learn more at https://react.dev/link/wrap-tests-with-act
An update to NoteEditorPage inside a test was not wrapped in act(...).

When testing, code that causes React state updates should be wrapped into act(...):

act(() => {
  /* fire events that update state */
});
/* assert on the output */

This ensures that you're testing the behavior the user would see in the browser. Learn more at https://react.dev/link/wrap-tests-with-act
An update to NoteEditorPage inside a test was not wrapped in act(...).

When testing, code that causes React state updates should be wrapped into act(...):

act(() => {
  /* fire events that update state */
});
/* assert on the output */

This ensures that you're testing the behavior the user would see in the browser. Learn more at https://react.dev/link/wrap-tests-with-act
An update to NoteEditorPage inside a test was not wrapped in act(...).

When testing, code that causes React state updates should be wrapped into act(...):

act(() => {
  /* fire events that update state */
});
/* assert on the output */

This ensures that you're testing the behavior the user would see in the browser. Learn more at https://react.dev/link/wrap-tests-with-act
An update to NoteEditorPage inside a test was not wrapped in act(...).

When testing, code that causes React state updates should be wrapped into act(...):

act(() => {
  /* fire events that update state */
});
/* assert on the output */

This ensures that you're testing the behavior the user would see in the browser. Learn more at https://react.dev/link/wrap-tests-with-act
note load failed Error: 500
    at useJ2Note (C:/Users/Patrick/uct-worktrees/notebook-w10-l11/app/src/pages/journal-2-0/components/notebook/NoteEditorPage.loaderror.test.jsx:35:16)
    at NoteEditorPage (C:/Users/Patrick/uct-worktrees/notebook-w10-l11/app/src/pages/journal-2-0/components/notebook/NoteEditorPage.jsx:534:77)
    at Object.react_stack_bottom_frame (C:\Users\Patrick\uct-worktrees\notebook-w10-l11\app\node_modules\react-dom\cjs\react-dom-client.development.js:25904:20)
    at renderWithHooks (C:\Users\Patrick\uct-worktrees\notebook-w10-l11\app\node_modules\react-dom\cjs\react-dom-client.development.js:7662:22)
    at updateFunctionComponent (C:\Users\Patrick\uct-worktrees\notebook-w10-l11\app\node_modules\react-dom\cjs\react-dom-client.development.js:10166:19)
    at beginWork (C:\Users\Patrick\uct-worktrees\notebook-w10-l11\app\node_modules\react-dom\cjs\react-dom-client.development.js:11778:18)
    at runWithFiberInDEV (C:\Users\Patrick\uct-worktrees\notebook-w10-l11\app\node_modules\react-dom\cjs\react-dom-client.development.js:874:13)
    at performUnitOfWork (C:\Users\Patrick\uct-worktrees\notebook-w10-l11\app\node_modules\react-dom\cjs\react-dom-client.development.js:17641:22)
    at workLoopSync (C:\Users\Patrick\uct-worktrees\notebook-w10-l11\app\node_modules\react-dom\cjs\react-dom-client.development.js:17469:41)
    at renderRootSync (C:\Users\Patrick\uct-worktrees\notebook-w10-l11\app\node_modules\react-dom\cjs\react-dom-client.development.js:17450:11)

stderr | src/pages/journal-2-0/components/notebook/NoteEditorPage.loaderror.test.jsx > NoteEditorPage — note-load error state (P0-2 fix) > reassures the member their work is safe -- this is a connection problem, not data loss
note load failed Error: 500
    at useJ2Note (C:/Users/Patrick/uct-worktrees/notebook-w10-l11/app/src/pages/journal-2-0/components/notebook/NoteEditorPage.loaderror.test.jsx:35:16)
    at NoteEditorPage (C:/Users/Patrick/uct-worktrees/notebook-w10-l11/app/src/pages/journal-2-0/components/notebook/NoteEditorPage.jsx:534:77)
    at Object.react_stack_bottom_frame (C:\Users\Patrick\uct-worktrees\notebook-w10-l11\app\node_modules\react-dom\cjs\react-dom-client.development.js:25904:20)
    at renderWithHooks (C:\Users\Patrick\uct-worktrees\notebook-w10-l11\app\node_modules\react-dom\cjs\react-dom-client.development.js:7662:22)
    at updateFunctionComponent (C:\Users\Patrick\uct-worktrees\notebook-w10-l11\app\node_modules\react-dom\cjs\react-dom-client.development.js:10166:19)
    at beginWork (C:\Users\Patrick\uct-worktrees\notebook-w10-l11\app\node_modules\react-dom\cjs\react-dom-client.development.js:11778:18)
    at runWithFiberInDEV (C:\Users\Patrick\uct-worktrees\notebook-w10-l11\app\node_modules\react-dom\cjs\react-dom-client.development.js:874:13)
    at performUnitOfWork (C:\Users\Patrick\uct-worktrees\notebook-w10-l11\app\node_modules\react-dom\cjs\react-dom-client.development.js:17641:22)
    at workLoopSync (C:\Users\Patrick\uct-worktrees\notebook-w10-l11\app\node_modules\react-dom\cjs\react-dom-client.development.js:17469:41)
    at renderRootSync (C:\Users\Patrick\uct-worktrees\notebook-w10-l11\app\node_modules\react-dom\cjs\react-dom-client.development.js:17450:11)

stderr | src/pages/journal-2-0/components/notebook/NoteEditorPage.loaderror.test.jsx > NoteEditorPage — note-load error state (P0-2 fix) > reassures the member their work is safe -- this is a connection problem, not data loss
An update to NoteEditorPage inside a test was not wrapped in act(...).

When testing, code that causes React state updates should be wrapped into act(...):

act(() => {
  /* fire events that update state */
});
/* assert on the output */

This ensures that you're testing the behavior the user would see in the browser. Learn more at https://react.dev/link/wrap-tests-with-act
An update to NoteEditorPage inside a test was not wrapped in act(...).

When testing, code that causes React state updates should be wrapped into act(...):

act(() => {
  /* fire events that update state */
});
/* assert on the output */

This ensures that you're testing the behavior the user would see in the browser. Learn more at https://react.dev/link/wrap-tests-with-act
An update to NoteEditorPage inside a test was not wrapped in act(...).

When testing, code that causes React state updates should be wrapped into act(...):

act(() => {
  /* fire events that update state */
});
/* assert on the output */

This ensures that you're testing the behavior the user would see in the browser. Learn more at https://react.dev/link/wrap-tests-with-act
An update to NoteEditorPage inside a test was not wrapped in act(...).

When testing, code that causes React state updates should be wrapped into act(...):

act(() => {
  /* fire events that update state */
});
/* assert on the output */

This ensures that you're testing the behavior the user would see in the browser. Learn more at https://react.dev/link/wrap-tests-with-act
An update to NoteEditorPage inside a test was not wrapped in act(...).

When testing, code that causes React state updates should be wrapped into act(...):

act(() => {
  /* fire events that update state */
});
/* assert on the output */

This ensures that you're testing the behavior the user would see in the browser. Learn more at https://react.dev/link/wrap-tests-with-act
An update to NoteEditorPage inside a test was not wrapped in act(...).

When testing, code that causes React state updates should be wrapped into act(...):

act(() => {
  /* fire events that update state */
});
/* assert on the output */

This ensures that you're testing the behavior the user would see in the browser. Learn more at https://react.dev/link/wrap-tests-with-act
An update to NoteEditorPage inside a test was not wrapped in act(...).

When testing, code that causes React state updates should be wrapped into act(...):

act(() => {
  /* fire events that update state */
});
/* assert on the output */

This ensures that you're testing the behavior the user would see in the browser. Learn more at https://react.dev/link/wrap-tests-with-act
note load failed Error: 500
    at useJ2Note (C:/Users/Patrick/uct-worktrees/notebook-w10-l11/app/src/pages/journal-2-0/components/notebook/NoteEditorPage.loaderror.test.jsx:35:16)
    at NoteEditorPage (C:/Users/Patrick/uct-worktrees/notebook-w10-l11/app/src/pages/journal-2-0/components/notebook/NoteEditorPage.jsx:534:77)
    at Object.react_stack_bottom_frame (C:\Users\Patrick\uct-worktrees\notebook-w10-l11\app\node_modules\react-dom\cjs\react-dom-client.development.js:25904:20)
    at renderWithHooks (C:\Users\Patrick\uct-worktrees\notebook-w10-l11\app\node_modules\react-dom\cjs\react-dom-client.development.js:7662:22)
    at updateFunctionComponent (C:\Users\Patrick\uct-worktrees\notebook-w10-l11\app\node_modules\react-dom\cjs\react-dom-client.development.js:10166:19)
    at beginWork (C:\Users\Patrick\uct-worktrees\notebook-w10-l11\app\node_modules\react-dom\cjs\react-dom-client.development.js:11778:18)
    at runWithFiberInDEV (C:\Users\Patrick\uct-worktrees\notebook-w10-l11\app\node_modules\react-dom\cjs\react-dom-client.development.js:874:13)
    at performUnitOfWork (C:\Users\Patrick\uct-worktrees\notebook-w10-l11\app\node_modules\react-dom\cjs\react-dom-client.development.js:17641:22)
    at workLoopSync (C:\Users\Patrick\uct-worktrees\notebook-w10-l11\app\node_modules\react-dom\cjs\react-dom-client.development.js:17469:41)
    at renderRootSync (C:\Users\Patrick\uct-worktrees\notebook-w10-l11\app\node_modules\react-dom\cjs\react-dom-client.development.js:17450:11)

stderr | src/pages/journal-2-0/components/notebook/NoteEditorPage.loaderror.test.jsx > NoteEditorPage — note-load error state (P0-2 fix) > offers a retry action wired to refresh()
note load failed Error: 500
    at useJ2Note (C:/Users/Patrick/uct-worktrees/notebook-w10-l11/app/src/pages/journal-2-0/components/notebook/NoteEditorPage.loaderror.test.jsx:35:16)
    at NoteEditorPage (C:/Users/Patrick/uct-worktrees/notebook-w10-l11/app/src/pages/journal-2-0/components/notebook/NoteEditorPage.jsx:534:77)
    at Object.react_stack_bottom_frame (C:\Users\Patrick\uct-worktrees\notebook-w10-l11\app\node_modules\react-dom\cjs\react-dom-client.development.js:25904:20)
    at renderWithHooks (C:\Users\Patrick\uct-worktrees\notebook-w10-l11\app\node_modules\react-dom\cjs\react-dom-client.development.js:7662:22)
    at updateFunctionComponent (C:\Users\Patrick\uct-worktrees\notebook-w10-l11\app\node_modules\react-dom\cjs\react-dom-client.development.js:10166:19)
    at beginWork (C:\Users\Patrick\uct-worktrees\notebook-w10-l11\app\node_modules\react-dom\cjs\react-dom-client.development.js:11778:18)
    at runWithFiberInDEV (C:\Users\Patrick\uct-worktrees\notebook-w10-l11\app\node_modules\react-dom\cjs\react-dom-client.development.js:874:13)
    at performUnitOfWork (C:\Users\Patrick\uct-worktrees\notebook-w10-l11\app\node_modules\react-dom\cjs\react-dom-client.development.js:17641:22)
    at workLoopSync (C:\Users\Patrick\uct-worktrees\notebook-w10-l11\app\node_modules\react-dom\cjs\react-dom-client.development.js:17469:41)
    at renderRootSync (C:\Users\Patrick\uct-worktrees\notebook-w10-l11\app\node_modules\react-dom\cjs\react-dom-client.development.js:17450:11)

stderr | src/pages/journal-2-0/components/notebook/NoteEditorPage.loaderror.test.jsx > NoteEditorPage — note-load error state (P0-2 fix) > offers a retry action wired to refresh()
An update to NoteEditorPage inside a test was not wrapped in act(...).

When testing, code that causes React state updates should be wrapped into act(...):

act(() => {
  /* fire events that update state */
});
/* assert on the output */

This ensures that you're testing the behavior the user would see in the browser. Learn more at https://react.dev/link/wrap-tests-with-act
An update to NoteEditorPage inside a test was not wrapped in act(...).

When testing, code that causes React state updates should be wrapped into act(...):

act(() => {
  /* fire events that update state */
});
/* assert on the output */

This ensures that you're testing the behavior the user would see in the browser. Learn more at https://react.dev/link/wrap-tests-with-act
An update to NoteEditorPage inside a test was not wrapped in act(...).

When testing, code that causes React state updates should be wrapped into act(...):

act(() => {
  /* fire events that update state */
});
/* assert on the output */

This ensures that you're testing the behavior the user would see in the browser. Learn more at https://react.dev/link/wrap-tests-with-act
An update to NoteEditorPage inside a test was not wrapped in act(...).

When testing, code that causes React state updates should be wrapped into act(...):

act(() => {
  /* fire events that update state */
});
/* assert on the output */

This ensures that you're testing the behavior the user would see in the browser. Learn more at https://react.dev/link/wrap-tests-with-act
An update to ThesisSection inside a test was not wrapped in act(...).

When testing, code that causes React state updates should be wrapped into act(...):

act(() => {
  /* fire events that update state */
});
/* assert on the output */

This ensures that you're testing the behavior the user would see in the browser. Learn more at https://react.dev/link/wrap-tests-with-act
An update to NoteEditorPage inside a test was not wrapped in act(...).

When testing, code that causes React state updates should be wrapped into act(...):

act(() => {
  /* fire events that update state */
});
/* assert on the output */

This ensures that you're testing the behavior the user would see in the browser. Learn more at https://react.dev/link/wrap-tests-with-act
An update to ThesisSection inside a test was not wrapped in act(...).

When testing, code that causes React state updates should be wrapped into act(...):

act(() => {
  /* fire events that update state */
});
/* assert on the output */

This ensures that you're testing the behavior the user would see in the browser. Learn more at https://react.dev/link/wrap-tests-with-act
An update to NoteEditorPage inside a test was not wrapped in act(...).

When testing, code that causes React state updates should be wrapped into act(...):

act(() => {
  /* fire events that update state */
});
/* assert on the output */

This ensures that you're testing the behavior the user would see in the browser. Learn more at https://react.dev/link/wrap-tests-with-act
An update to ThesisSection inside a test was not wrapped in act(...).

When testing, code that causes React state updates should be wrapped into act(...):

act(() => {
  /* fire events that update state */
});
/* assert on the output */

This ensures that you're testing the behavior the user would see in the browser. Learn more at https://react.dev/link/wrap-tests-with-act
An update to NoteEditorPage inside a test was not wrapped in act(...).

When testing, code that causes React state updates should be wrapped into act(...):

act(() => {
  /* fire events that update state */
});
/* assert on the output */

This ensures that you're testing the behavior the user would see in the browser. Learn more at https://react.dev/link/wrap-tests-with-act
An update to ThesisSection inside a test was not wrapped in act(...).

When testing, code that causes React state updates should be wrapped into act(...):

act(() => {
  /* fire events that update state */
});
/* assert on the output */

This ensures that you're testing the behavior the user would see in the browser. Learn more at https://react.dev/link/wrap-tests-with-act
An update to NoteEditorPage inside a test was not wrapped in act(...).

When testing, code that causes React state updates should be wrapped into act(...):

act(() => {
  /* fire events that update state */
});
/* assert on the output */

This ensures that you're testing the behavior the user would see in the browser. Learn more at https://react.dev/link/wrap-tests-with-act

stderr | src/pages/journal-2-0/components/notebook/NoteEditorPage.loaderror.test.jsx > NoteEditorPage — note-load error state (P0-2 fix) > offers a retry action wired to refresh()
An update to NoteLinkedTradeChips inside a test was not wrapped in act(...).

When testing, code that causes React state updates should be wrapped into act(...):

act(() => {
  /* fire events that update state */
});
/* assert on the output */

This ensures that you're testing the behavior the user would see in the browser. Learn more at https://react.dev/link/wrap-tests-with-act
An update to PropertiesSection inside a test was not wrapped in act(...).

When testing, code that causes React state updates should be wrapped into act(...):

act(() => {
  /* fire events that update state */
});
/* assert on the output */

This ensures that you're testing the behavior the user would see in the browser. Learn more at https://react.dev/link/wrap-tests-with-act
An update to PropertiesSection inside a test was not wrapped in act(...).

When testing, code that causes React state updates should be wrapped into act(...):

act(() => {
  /* fire events that update state */
});
/* assert on the output */

This ensures that you're testing the behavior the user would see in the browser. Learn more at https://react.dev/link/wrap-tests-with-act
An update to NoteBacklinksSection inside a test was not wrapped in act(...).

When testing, code that causes React state updates should be wrapped into act(...):

act(() => {
  /* fire events that update state */
});
/* assert on the output */

This ensures that you're testing the behavior the user would see in the browser. Learn more at https://react.dev/link/wrap-tests-with-act
An update to NoteBacklinksSection inside a test was not wrapped in act(...).

When testing, code that causes React state updates should be wrapped into act(...):

act(() => {
  /* fire events that update state */
});
/* assert on the output */

This ensures that you're testing the behavior the user would see in the browser. Learn more at https://react.dev/link/wrap-tests-with-act
An update to UnlinkedMentions inside a test was not wrapped in act(...).

When testing, code that causes React state updates should be wrapped into act(...):

act(() => {
  /* fire events that update state */
});
/* assert on the output */

This ensures that you're testing the behavior the user would see in the browser. Learn more at https://react.dev/link/wrap-tests-with-act

stderr | src/pages/journal-2-0/components/notebook/NoteEditorPage.loaderror.test.jsx > NoteEditorPage — note-load error state (P0-2 fix) > a successful retry replaces the error card with the real editor
note load failed Error: 500
    at useJ2Note (C:/Users/Patrick/uct-worktrees/notebook-w10-l11/app/src/pages/journal-2-0/components/notebook/NoteEditorPage.loaderror.test.jsx:35:16)
    at NoteEditorPage (C:/Users/Patrick/uct-worktrees/notebook-w10-l11/app/src/pages/journal-2-0/components/notebook/NoteEditorPage.jsx:534:77)
    at Object.react_stack_bottom_frame (C:\Users\Patrick\uct-worktrees\notebook-w10-l11\app\node_modules\react-dom\cjs\react-dom-client.development.js:25904:20)
    at renderWithHooks (C:\Users\Patrick\uct-worktrees\notebook-w10-l11\app\node_modules\react-dom\cjs\react-dom-client.development.js:7662:22)
    at updateFunctionComponent (C:\Users\Patrick\uct-worktrees\notebook-w10-l11\app\node_modules\react-dom\cjs\react-dom-client.development.js:10166:19)
    at beginWork (C:\Users\Patrick\uct-worktrees\notebook-w10-l11\app\node_modules\react-dom\cjs\react-dom-client.development.js:11778:18)
    at runWithFiberInDEV (C:\Users\Patrick\uct-worktrees\notebook-w10-l11\app\node_modules\react-dom\cjs\react-dom-client.development.js:874:13)
    at performUnitOfWork (C:\Users\Patrick\uct-worktrees\notebook-w10-l11\app\node_modules\react-dom\cjs\react-dom-client.development.js:17641:22)
    at workLoopSync (C:\Users\Patrick\uct-worktrees\notebook-w10-l11\app\node_modules\react-dom\cjs\react-dom-client.development.js:17469:41)
    at renderRootSync (C:\Users\Patrick\uct-worktrees\notebook-w10-l11\app\node_modules\react-dom\cjs\react-dom-client.development.js:17450:11)

stderr | src/pages/journal-2-0/components/notebook/NoteEditorPage.loaderror.test.jsx > NoteEditorPage — note-load error state (P0-2 fix) > offers safe back-navigation when showBack is true
note load failed Error: 500
    at useJ2Note (C:/Users/Patrick/uct-worktrees/notebook-w10-l11/app/src/pages/journal-2-0/components/notebook/NoteEditorPage.loaderror.test.jsx:35:16)
    at NoteEditorPage (C:/Users/Patrick/uct-worktrees/notebook-w10-l11/app/src/pages/journal-2-0/components/notebook/NoteEditorPage.jsx:534:77)
    at Object.react_stack_bottom_frame (C:\Users\Patrick\uct-worktrees\notebook-w10-l11\app\node_modules\react-dom\cjs\react-dom-client.development.js:25904:20)
    at renderWithHooks (C:\Users\Patrick\uct-worktrees\notebook-w10-l11\app\node_modules\react-dom\cjs\react-dom-client.development.js:7662:22)
    at updateFunctionComponent (C:\Users\Patrick\uct-worktrees\notebook-w10-l11\app\node_modules\react-dom\cjs\react-dom-client.development.js:10166:19)
    at beginWork (C:\Users\Patrick\uct-worktrees\notebook-w10-l11\app\node_modules\react-dom\cjs\react-dom-client.development.js:11778:18)
    at runWithFiberInDEV (C:\Users\Patrick\uct-worktrees\notebook-w10-l11\app\node_modules\react-dom\cjs\react-dom-client.development.js:874:13)
    at performUnitOfWork (C:\Users\Patrick\uct-worktrees\notebook-w10-l11\app\node_modules\react-dom\cjs\react-dom-client.development.js:17641:22)
    at workLoopSync (C:\Users\Patrick\uct-worktrees\notebook-w10-l11\app\node_modules\react-dom\cjs\react-dom-client.development.js:17469:41)
    at renderRootSync (C:\Users\Patrick\uct-worktrees\notebook-w10-l11\app\node_modules\react-dom\cjs\react-dom-client.development.js:17450:11)

stderr | src/pages/journal-2-0/components/notebook/NoteEditorPage.loaderror.test.jsx > NoteEditorPage — note-load error state (P0-2 fix) > offers safe back-navigation when showBack is true
An update to NoteEditorPage inside a test was not wrapped in act(...).

When testing, code that causes React state updates should be wrapped into act(...):

act(() => {
  /* fire events that update state */
});
/* assert on the output */

This ensures that you're testing the behavior the user would see in the browser. Learn more at https://react.dev/link/wrap-tests-with-act
An update to NoteEditorPage inside a test was not wrapped in act(...).

When testing, code that causes React state updates should be wrapped into act(...):

act(() => {
  /* fire events that update state */
});
/* assert on the output */

This ensures that you're testing the behavior the user would see in the browser. Learn more at https://react.dev/link/wrap-tests-with-act
An update to NoteEditorPage inside a test was not wrapped in act(...).

When testing, code that causes React state updates should be wrapped into act(...):

act(() => {
  /* fire events that update state */
});
/* assert on the output */

This ensures that you're testing the behavior the user would see in the browser. Learn more at https://react.dev/link/wrap-tests-with-act
An update to NoteEditorPage inside a test was not wrapped in act(...).

When testing, code that causes React state updates should be wrapped into act(...):

act(() => {
  /* fire events that update state */
});
/* assert on the output */

This ensures that you're testing the behavior the user would see in the browser. Learn more at https://react.dev/link/wrap-tests-with-act
An update to NoteEditorPage inside a test was not wrapped in act(...).

When testing, code that causes React state updates should be wrapped into act(...):

act(() => {
  /* fire events that update state */
});
/* assert on the output */

This ensures that you're testing the behavior the user would see in the browser. Learn more at https://react.dev/link/wrap-tests-with-act
An update to NoteEditorPage inside a test was not wrapped in act(...).

When testing, code that causes React state updates should be wrapped into act(...):

act(() => {
  /* fire events that update state */
});
/* assert on the output */

This ensures that you're testing the behavior the user would see in the browser. Learn more at https://react.dev/link/wrap-tests-with-act
An update to NoteEditorPage inside a test was not wrapped in act(...).

When testing, code that causes React state updates should be wrapped into act(...):

act(() => {
  /* fire events that update state */
});
/* assert on the output */

This ensures that you're testing the behavior the user would see in the browser. Learn more at https://react.dev/link/wrap-tests-with-act
note load failed Error: 500
    at useJ2Note (C:/Users/Patrick/uct-worktrees/notebook-w10-l11/app/src/pages/journal-2-0/components/notebook/NoteEditorPage.loaderror.test.jsx:35:16)
    at NoteEditorPage (C:/Users/Patrick/uct-worktrees/notebook-w10-l11/app/src/pages/journal-2-0/components/notebook/NoteEditorPage.jsx:534:77)
    at Object.react_stack_bottom_frame (C:\Users\Patrick\uct-worktrees\notebook-w10-l11\app\node_modules\react-dom\cjs\react-dom-client.development.js:25904:20)
    at renderWithHooks (C:\Users\Patrick\uct-worktrees\notebook-w10-l11\app\node_modules\react-dom\cjs\react-dom-client.development.js:7662:22)
    at updateFunctionComponent (C:\Users\Patrick\uct-worktrees\notebook-w10-l11\app\node_modules\react-dom\cjs\react-dom-client.development.js:10166:19)
    at beginWork (C:\Users\Patrick\uct-worktrees\notebook-w10-l11\app\node_modules\react-dom\cjs\react-dom-client.development.js:11778:18)
    at runWithFiberInDEV (C:\Users\Patrick\uct-worktrees\notebook-w10-l11\app\node_modules\react-dom\cjs\react-dom-client.development.js:874:13)
    at performUnitOfWork (C:\Users\Patrick\uct-worktrees\notebook-w10-l11\app\node_modules\react-dom\cjs\react-dom-client.development.js:17641:22)
    at workLoopSync (C:\Users\Patrick\uct-worktrees\notebook-w10-l11\app\node_modules\react-dom\cjs\react-dom-client.development.js:17469:41)
    at renderRootSync (C:\Users\Patrick\uct-worktrees\notebook-w10-l11\app\node_modules\react-dom\cjs\react-dom-client.development.js:17450:11)

stderr | src/pages/journal-2-0/components/notebook/NoteEditorPage.loaderror.test.jsx > NoteEditorPage — note-load error state (P0-2 fix) > omits the back button when showBack is false (matches the real editor header's own convention)
note load failed Error: 500
    at useJ2Note (C:/Users/Patrick/uct-worktrees/notebook-w10-l11/app/src/pages/journal-2-0/components/notebook/NoteEditorPage.loaderror.test.jsx:35:16)
    at NoteEditorPage (C:/Users/Patrick/uct-worktrees/notebook-w10-l11/app/src/pages/journal-2-0/components/notebook/NoteEditorPage.jsx:534:77)
    at Object.react_stack_bottom_frame (C:\Users\Patrick\uct-worktrees\notebook-w10-l11\app\node_modules\react-dom\cjs\react-dom-client.development.js:25904:20)
    at renderWithHooks (C:\Users\Patrick\uct-worktrees\notebook-w10-l11\app\node_modules\react-dom\cjs\react-dom-client.development.js:7662:22)
    at updateFunctionComponent (C:\Users\Patrick\uct-worktrees\notebook-w10-l11\app\node_modules\react-dom\cjs\react-dom-client.development.js:10166:19)
    at beginWork (C:\Users\Patrick\uct-worktrees\notebook-w10-l11\app\node_modules\react-dom\cjs\react-dom-client.development.js:11778:18)
    at runWithFiberInDEV (C:\Users\Patrick\uct-worktrees\notebook-w10-l11\app\node_modules\react-dom\cjs\react-dom-client.development.js:874:13)
    at performUnitOfWork (C:\Users\Patrick\uct-worktrees\notebook-w10-l11\app\node_modules\react-dom\cjs\react-dom-client.development.js:17641:22)
    at workLoopSync (C:\Users\Patrick\uct-worktrees\notebook-w10-l11\app\node_modules\react-dom\cjs\react-dom-client.development.js:17469:41)
    at renderRootSync (C:\Users\Patrick\uct-worktrees\notebook-w10-l11\app\node_modules\react-dom\cjs\react-dom-client.development.js:17450:11)

stderr | src/pages/journal-2-0/components/notebook/NoteEditorPage.loaderror.test.jsx > NoteEditorPage — note-load error state (P0-2 fix) > omits the back button when showBack is false (matches the real editor header's own convention)
An update to NoteEditorPage inside a test was not wrapped in act(...).

When testing, code that causes React state updates should be wrapped into act(...):

act(() => {
  /* fire events that update state */
});
/* assert on the output */

This ensures that you're testing the behavior the user would see in the browser. Learn more at https://react.dev/link/wrap-tests-with-act
An update to NoteEditorPage inside a test was not wrapped in act(...).

When testing, code that causes React state updates should be wrapped into act(...):

act(() => {
  /* fire events that update state */
});
/* assert on the output */

This ensures that you're testing the behavior the user would see in the browser. Learn more at https://react.dev/link/wrap-tests-with-act
An update to NoteEditorPage inside a test was not wrapped in act(...).

When testing, code that causes React state updates should be wrapped into act(...):

act(() => {
  /* fire events that update state */
});
/* assert on the output */

This ensures that you're testing the behavior the user would see in the browser. Learn more at https://react.dev/link/wrap-tests-with-act
An update to NoteEditorPage inside a test was not wrapped in act(...).

When testing, code that causes React state updates should be wrapped into act(...):

act(() => {
  /* fire events that update state */
});
/* assert on the output */

This ensures that you're testing the behavior the user would see in the browser. Learn more at https://react.dev/link/wrap-tests-with-act
An update to NoteEditorPage inside a test was not wrapped in act(...).

When testing, code that causes React state updates should be wrapped into act(...):

act(() => {
  /* fire events that update state */
});
/* assert on the output */

This ensures that you're testing the behavior the user would see in the browser. Learn more at https://react.dev/link/wrap-tests-with-act
An update to NoteEditorPage inside a test was not wrapped in act(...).

When testing, code that causes React state updates should be wrapped into act(...):

act(() => {
  /* fire events that update state */
});
/* assert on the output */

This ensures that you're testing the behavior the user would see in the browser. Learn more at https://react.dev/link/wrap-tests-with-act
An update to NoteEditorPage inside a test was not wrapped in act(...).

When testing, code that causes React state updates should be wrapped into act(...):

act(() => {
  /* fire events that update state */
});
/* assert on the output */

This ensures that you're testing the behavior the user would see in the browser. Learn more at https://react.dev/link/wrap-tests-with-act
note load failed Error: 500
    at useJ2Note (C:/Users/Patrick/uct-worktrees/notebook-w10-l11/app/src/pages/journal-2-0/components/notebook/NoteEditorPage.loaderror.test.jsx:35:16)
    at NoteEditorPage (C:/Users/Patrick/uct-worktrees/notebook-w10-l11/app/src/pages/journal-2-0/components/notebook/NoteEditorPage.jsx:534:77)
    at Object.react_stack_bottom_frame (C:\Users\Patrick\uct-worktrees\notebook-w10-l11\app\node_modules\react-dom\cjs\react-dom-client.development.js:25904:20)
    at renderWithHooks (C:\Users\Patrick\uct-worktrees\notebook-w10-l11\app\node_modules\react-dom\cjs\react-dom-client.development.js:7662:22)
    at updateFunctionComponent (C:\Users\Patrick\uct-worktrees\notebook-w10-l11\app\node_modules\react-dom\cjs\react-dom-client.development.js:10166:19)
    at beginWork (C:\Users\Patrick\uct-worktrees\notebook-w10-l11\app\node_modules\react-dom\cjs\react-dom-client.development.js:11778:18)
    at runWithFiberInDEV (C:\Users\Patrick\uct-worktrees\notebook-w10-l11\app\node_modules\react-dom\cjs\react-dom-client.development.js:874:13)
    at performUnitOfWork (C:\Users\Patrick\uct-worktrees\notebook-w10-l11\app\node_modules\react-dom\cjs\react-dom-client.development.js:17641:22)
    at workLoopSync (C:\Users\Patrick\uct-worktrees\notebook-w10-l11\app\node_modules\react-dom\cjs\react-dom-client.development.js:17469:41)
    at renderRootSync (C:\Users\Patrick\uct-worktrees\notebook-w10-l11\app\node_modules\react-dom\cjs\react-dom-client.development.js:17450:11)

stderr | src/components/chart/ChartSettingsModal.header-colors.test.jsx > ChartSettingsModal — header colors > there is no Auto affordance anywhere in the Show section
An update to ChartSettingsModal inside a test was not wrapped in act(...).

When testing, code that causes React state updates should be wrapped into act(...):

act(() => {
  /* fire events that update state */
});
/* assert on the output */

This ensures that you're testing the behavior the user would see in the browser. Learn more at https://react.dev/link/wrap-tests-with-act

stderr | src/components/chart/ChartSettingsModal.header-colors.test.jsx > ChartSettingsModal — header colors > there is no Auto affordance anywhere in the Show section
An update to ChartSettingsModal inside a test was not wrapped in act(...).

When testing, code that causes React state updates should be wrapped into act(...):

act(() => {
  /* fire events that update state */
});
/* assert on the output */

This ensures that you're testing the behavior the user would see in the browser. Learn more at https://react.dev/link/wrap-tests-with-act

stderr | src/components/chart/ChartSettingsModal.header-colors.test.jsx > ChartSettingsModal — header colors > Day change exposes an up-day and a down-day swatch that write separate colors
An update to ChartSettingsModal inside a test was not wrapped in act(...).

When testing, code that causes React state updates should be wrapped into act(...):

act(() => {
  /* fire events that update state */
});
/* assert on the output */

This ensures that you're testing the behavior the user would see in the browser. Learn more at https://react.dev/link/wrap-tests-with-act

stderr | src/components/chart/ChartSettingsModal.header-colors.test.jsx > ChartSettingsModal — header colors > Day change exposes an up-day and a down-day swatch that write separate colors
An update to ChartSettingsModal inside a test was not wrapped in act(...).

When testing, code that causes React state updates should be wrapped into act(...):

act(() => {
  /* fire events that update state */
});
/* assert on the output */

This ensures that you're testing the behavior the user would see in the browser. Learn more at https://react.dev/link/wrap-tests-with-act

stderr | src/components/chart/ChartSettingsModal.header-colors.test.jsx > ChartSettingsModal — header colors > single-color items write their own key without touching siblings
An update to ChartSettingsModal inside a test was not wrapped in act(...).

When testing, code that causes React state updates should be wrapped into act(...):

act(() => {
  /* fire events that update state */
});
/* assert on the output */

This ensures that you're testing the behavior the user would see in the browser. Learn more at https://react.dev/link/wrap-tests-with-act

stderr | src/components/chart/ChartSettingsModal.header-colors.test.jsx > ChartSettingsModal — header colors > single-color items write their own key without touching siblings
An update to ChartSettingsModal inside a test was not wrapped in act(...).

When testing, code that causes React state updates should be wrapped into act(...):

act(() => {
  /* fire events that update state */
});
/* assert on the output */

This ensures that you're testing the behavior the user would see in the browser. Learn more at https://react.dev/link/wrap-tests-with-act

stderr | src/components/chart/ChartSettingsModal.header-colors.test.jsx > ChartSettingsModal — header colors > hiding an item removes its color swatch(es)
An update to ChartSettingsModal inside a test was not wrapped in act(...).

When testing, code that causes React state updates should be wrapped into act(...):

act(() => {
  /* fire events that update state */
});
/* assert on the output */

This ensures that you're testing the behavior the user would see in the browser. Learn more at https://react.dev/link/wrap-tests-with-act

stderr | src/components/chart/ChartSettingsModal.header-colors.test.jsx > ChartSettingsModal — header colors > hiding an item removes its color swatch(es)
An update to ChartSettingsModal inside a test was not wrapped in act(...).

When testing, code that causes React state updates should be wrapped into act(...):

act(() => {
  /* fire events that update state */
});
/* assert on the output */

This ensures that you're testing the behavior the user would see in the browser. Learn more at https://react.dev/link/wrap-tests-with-act

stderr | src/pages/breadth/BreadthViews.theread.test.jsx > The Read is on the Views tab > CONTROL: the same counter sees the lens that DOES fetch
An update to TheReadStrip inside a test was not wrapped in act(...).

When testing, code that causes React state updates should be wrapped into act(...):

act(() => {
  /* fire events that update state */
});
/* assert on the output */

This ensures that you're testing the behavior the user would see in the browser. Learn more at https://react.dev/link/wrap-tests-with-act
An update to ScoreAttributionView inside a test was not wrapped in act(...).

When testing, code that causes React state updates should be wrapped into act(...):

act(() => {
  /* fire events that update state */
});
/* assert on the output */

This ensures that you're testing the behavior the user would see in the browser. Learn more at https://react.dev/link/wrap-tests-with-act

stderr | src/pages/calendar/todaysBrief.test.jsx > TodaysBrief > lists my upcoming reporters with source badges (POSITION gold vs UCT20)
An update to TodaysBrief inside a test was not wrapped in act(...).

When testing, code that causes React state updates should be wrapped into act(...):

act(() => {
  /* fire events that update state */
});
/* assert on the output */

This ensures that you're testing the behavior the user would see in the browser. Learn more at https://react.dev/link/wrap-tests-with-act

stderr | src/pages/calendar/todaysBrief.test.jsx > TodaysBrief > shows reported verdict + live gap for my names that printed
An update to TodaysBrief inside a test was not wrapped in act(...).

When testing, code that causes React state updates should be wrapped into act(...):

act(() => {
  /* fire events that update state */
});
/* assert on the output */

This ensures that you're testing the behavior the user would see in the browser. Learn more at https://react.dev/link/wrap-tests-with-act

stderr | src/pages/calendar/todaysBrief.test.jsx > TodaysBrief > surfaces only KEY macro events today
An update to TodaysBrief inside a test was not wrapped in act(...).

When testing, code that causes React state updates should be wrapped into act(...):

act(() => {
  /* fire events that update state */
});
/* assert on the output */

This ensures that you're testing the behavior the user would see in the browser. Learn more at https://react.dev/link/wrap-tests-with-act

stderr | src/pages/calendar/todaysBrief.test.jsx > TodaysBrief > does NOT render an upcoming reporter that already reported (no double-count)
An update to TodaysBrief inside a test was not wrapped in act(...).

When testing, code that causes React state updates should be wrapped into act(...):

act(() => {
  /* fire events that update state */
});
/* assert on the output */

This ensures that you're testing the behavior the user would see in the browser. Learn more at https://react.dev/link/wrap-tests-with-act

stderr | src/pages/calendar/todaysBrief.test.jsx > TodaysBrief > renders NOTHING when the user has no names + nothing reported (no empty-state band)
An update to TodaysBrief inside a test was not wrapped in act(...).

When testing, code that causes React state updates should be wrapped into act(...):

act(() => {
  /* fire events that update state */
});
/* assert on the output */

This ensures that you're testing the behavior the user would see in the browser. Learn more at https://react.dev/link/wrap-tests-with-act

stderr | src/pages/journal-2-0/LogTradeButton.test.jsx > LogTradeButton — handleCreatePosition (P0-18 fix) > returns the created position -- AddPositionModal needs created.id to attach a thesis link
An update to LogTradeButton inside a test was not wrapped in act(...).

When testing, code that causes React state updates should be wrapped into act(...):

act(() => {
  /* fire events that update state */
});
/* assert on the output */

This ensures that you're testing the behavior the user would see in the browser. Learn more at https://react.dev/link/wrap-tests-with-act

stderr | src/components/tiles/CatalystFlow.test.jsx > renders earnings table
An update to AuthProvider inside a test was not wrapped in act(...).

When testing, code that causes React state updates should be wrapped into act(...):

act(() => {
  /* fire events that update state */
});
/* assert on the output */

This ensures that you're testing the behavior the user would see in the browser. Learn more at https://react.dev/link/wrap-tests-with-act
An update to AuthProvider inside a test was not wrapped in act(...).

When testing, code that causes React state updates should be wrapped into act(...):

act(() => {
  /* fire events that update state */
});
/* assert on the output */

This ensures that you're testing the behavior the user would see in the browser. Learn more at https://react.dev/link/wrap-tests-with-act

stderr | src/components/tiles/CatalystFlow.test.jsx > renders skeleton (no crash) when no data
An update to AuthProvider inside a test was not wrapped in act(...).

When testing, code that causes React state updates should be wrapped into act(...):

act(() => {
  /* fire events that update state */
});
/* assert on the output */

This ensures that you're testing the behavior the user would see in the browser. Learn more at https://react.dev/link/wrap-tests-with-act
An update to AuthProvider inside a test was not wrapped in act(...).

When testing, code that causes React state updates should be wrapped into act(...):

act(() => {
  /* fire events that update state */
});
/* assert on the output */

This ensures that you're testing the behavior the user would see in the browser. Learn more at https://react.dev/link/wrap-tests-with-act

stderr | src/components/tiles/CatalystFlow.test.jsx > the section tabs are NOT inert — clicking one actually switches sections
An update to AuthProvider inside a test was not wrapped in act(...).

When testing, code that causes React state updates should be wrapped into act(...):

act(() => {
  /* fire events that update state */
});
/* assert on the output */

This ensures that you're testing the behavior the user would see in the browser. Learn more at https://react.dev/link/wrap-tests-with-act
An update to AuthProvider inside a test was not wrapped in act(...).

When testing, code that causes React state updates should be wrapped into act(...):

act(() => {
  /* fire events that update state */
});
/* assert on the output */

This ensures that you're testing the behavior the user would see in the browser. Learn more at https://react.dev/link/wrap-tests-with-act

stderr | src/pages/CotData.test.jsx > no freshness line renders when /status has not resolved yet
An update to CotData inside a test was not wrapped in act(...).

When testing, code that causes React state updates should be wrapped into act(...):

act(() => {
  /* fire events that update state */
});
/* assert on the output */

This ensures that you're testing the behavior the user would see in the browser. Learn more at https://react.dev/link/wrap-tests-with-act
An update to CotData inside a test was not wrapped in act(...).

When testing, code that causes React state updates should be wrapped into act(...):

act(() => {
  /* fire events that update state */
});
/* assert on the output */

This ensures that you're testing the behavior the user would see in the browser. Learn more at https://react.dev/link/wrap-tests-with-act
An update to CotData inside a test was not wrapped in act(...).

When testing, code that causes React state updates should be wrapped into act(...):

act(() => {
  /* fire events that update state */
});
/* assert on the output */

This ensures that you're testing the behavior the user would see in the browser. Learn more at https://react.dev/link/wrap-tests-with-act

stderr | src/pages/CotData.test.jsx > the live "INDICES" group from /api/cot/symbols is reachable from the picker
An update to CotData inside a test was not wrapped in act(...).

When testing, code that causes React state updates should be wrapped into act(...):

act(() => {
  /* fire events that update state */
});
/* assert on the output */

This ensures that you're testing the behavior the user would see in the browser. Learn more at https://react.dev/link/wrap-tests-with-act

stderr | src/pages/CotData.test.jsx > falls back to the hardcoded symbol list without crashing when /symbols has not resolved
An update to CotData inside a test was not wrapped in act(...).

When testing, code that causes React state updates should be wrapped into act(...):

act(() => {
  /* fire events that update state */
});
/* assert on the output */

This ensures that you're testing the behavior the user would see in the browser. Learn more at https://react.dev/link/wrap-tests-with-act

stderr | src/components/admin/ChatModerationPanel.test.jsx > renders open reports with Hide/Dismiss actions
An update to AuthProvider inside a test was not wrapped in act(...).

When testing, code that causes React state updates should be wrapped into act(...):

act(() => {
  /* fire events that update state */
});
/* assert on the output */

This ensures that you're testing the behavior the user would see in the browser. Learn more at https://react.dev/link/wrap-tests-with-act
An update to AuthProvider inside a test was not wrapped in act(...).

When testing, code that causes React state updates should be wrapped into act(...):

act(() => {
  /* fire events that update state */
});
/* assert on the output */

This ensures that you're testing the behavior the user would see in the browser. Learn more at https://react.dev/link/wrap-tests-with-act
An update to AuthProvider inside a test was not wrapped in act(...).

When testing, code that causes React state updates should be wrapped into act(...):

act(() => {
  /* fire events that update state */
});
/* assert on the output */

This ensures that you're testing the behavior the user would see in the browser. Learn more at https://react.dev/link/wrap-tests-with-act
An update to AuthProvider inside a test was not wrapped in act(...).

When testing, code that causes React state updates should be wrapped into act(...):

act(() => {
  /* fire events that update state */
});
/* assert on the output */

This ensures that you're testing the behavior the user would see in the browser. Learn more at https://react.dev/link/wrap-tests-with-act
An update to AuthProvider inside a test was not wrapped in act(...).

When testing, code that causes React state updates should be wrapped into act(...):

act(() => {
  /* fire events that update state */
});
/* assert on the output */

This ensures that you're testing the behavior the user would see in the browser. Learn more at https://react.dev/link/wrap-tests-with-act
An update to AuthProvider inside a test was not wrapped in act(...).

When testing, code that causes React state updates should be wrapped into act(...):

act(() => {
  /* fire events that update state */
});
/* assert on the output */

This ensures that you're testing the behavior the user would see in the browser. Learn more at https://react.dev/link/wrap-tests-with-act
An update to AuthProvider inside a test was not wrapped in act(...).

When testing, code that causes React state updates should be wrapped into act(...):

act(() => {
  /* fire events that update state */
});
/* assert on the output */

This ensures that you're testing the behavior the user would see in the browser. Learn more at https://react.dev/link/wrap-tests-with-act
An update to AuthProvider inside a test was not wrapped in act(...).

When testing, code that causes React state updates should be wrapped into act(...):

act(() => {
  /* fire events that update state */
});
/* assert on the output */

This ensures that you're testing the behavior the user would see in the browser. Learn more at https://react.dev/link/wrap-tests-with-act
An update to AuthProvider inside a test was not wrapped in act(...).

When testing, code that causes React state updates should be wrapped into act(...):

act(() => {
  /* fire events that update state */
});
/* assert on the output */

This ensures that you're testing the behavior the user would see in the browser. Learn more at https://react.dev/link/wrap-tests-with-act
An update to AuthProvider inside a test was not wrapped in act(...).

When testing, code that causes React state updates should be wrapped into act(...):

act(() => {
  /* fire events that update state */
});
/* assert on the output */

This ensures that you're testing the behavior the user would see in the browser. Learn more at https://react.dev/link/wrap-tests-with-act
An update to AuthProvider inside a test was not wrapped in act(...).

When testing, code that causes React state updates should be wrapped into act(...):

act(() => {
  /* fire events that update state */
});
/* assert on the output */

This ensures that you're testing the behavior the user would see in the browser. Learn more at https://react.dev/link/wrap-tests-with-act
An update to AuthProvider inside a test was not wrapped in act(...).

When testing, code that causes React state updates should be wrapped into act(...):

act(() => {
  /* fire events that update state */
});
/* assert on the output */

This ensures that you're testing the behavior the user would see in the browser. Learn more at https://react.dev/link/wrap-tests-with-act
An update to AuthProvider inside a test was not wrapped in act(...).

When testing, code that causes React state updates should be wrapped into act(...):

act(() => {
  /* fire events that update state */
});
/* assert on the output */

This ensures that you're testing the behavior the user would see in the browser. Learn more at https://react.dev/link/wrap-tests-with-act
An update to AuthProvider inside a test was not wrapped in act(...).

When testing, code that causes React state updates should be wrapped into act(...):

act(() => {
  /* fire events that update state */
});
/* assert on the output */

This ensures that you're testing the behavior the user would see in the browser. Learn more at https://react.dev/link/wrap-tests-with-act
An update to AuthProvider inside a test was not wrapped in act(...).

When testing, code that causes React state updates should be wrapped into act(...):

act(() => {
  /* fire events that update state */
});
/* assert on the output */

This ensures that you're testing the behavior the user would see in the browser. Learn more at https://react.dev/link/wrap-tests-with-act
An update to AuthProvider inside a test was not wrapped in act(...).

When testing, code that causes React state updates should be wrapped into act(...):

act(() => {
  /* fire events that update state */
});
/* assert on the output */

This ensures that you're testing the behavior the user would see in the browser. Learn more at https://react.dev/link/wrap-tests-with-act
An update to AuthProvider inside a test was not wrapped in act(...).

When testing, code that causes React state updates should be wrapped into act(...):

act(() => {
  /* fire events that update state */
});
/* assert on the output */

This ensures that you're testing the behavior the user would see in the browser. Learn more at https://react.dev/link/wrap-tests-with-act
An update to AuthProvider inside a test was not wrapped in act(...).

When testing, code that causes React state updates should be wrapped into act(...):

act(() => {
  /* fire events that update state */
});
/* assert on the output */

This ensures that you're testing the behavior the user would see in the browser. Learn more at https://react.dev/link/wrap-tests-with-act
An update to AuthProvider inside a test was not wrapped in act(...).

When testing, code that causes React state updates should be wrapped into act(...):

act(() => {
  /* fire events that update state */
});
/* assert on the output */

This ensures that you're testing the behavior the user would see in the browser. Learn more at https://react.dev/link/wrap-tests-with-act

stderr | src/components/admin/ChatModerationPanel.test.jsx > does not render a Mute author action
An update to AuthProvider inside a test was not wrapped in act(...).

When testing, code that causes React state updates should be wrapped into act(...):

act(() => {
  /* fire events that update state */
});
/* assert on the output */

This ensures that you're testing the behavior the user would see in the browser. Learn more at https://react.dev/link/wrap-tests-with-act
An update to AuthProvider inside a test was not wrapped in act(...).

When testing, code that causes React state updates should be wrapped into act(...):

act(() => {
  /* fire events that update state */
});
/* assert on the output */

This ensures that you're testing the behavior the user would see in the browser. Learn more at https://react.dev/link/wrap-tests-with-act
An update to AuthProvider inside a test was not wrapped in act(...).

When testing, code that causes React state updates should be wrapped into act(...):

act(() => {
  /* fire events that update state */
});
/* assert on the output */

This ensures that you're testing the behavior the user would see in the browser. Learn more at https://react.dev/link/wrap-tests-with-act
An update to AuthProvider inside a test was not wrapped in act(...).

When testing, code that causes React state updates should be wrapped into act(...):

act(() => {
  /* fire events that update state */
});
/* assert on the output */

This ensures that you're testing the behavior the user would see in the browser. Learn more at https://react.dev/link/wrap-tests-with-act
An update to AuthProvider inside a test was not wrapped in act(...).

When testing, code that causes React state updates should be wrapped into act(...):

act(() => {
  /* fire events that update state */
});
/* assert on the output */

This ensures that you're testing the behavior the user would see in the browser. Learn more at https://react.dev/link/wrap-tests-with-act
An update to AuthProvider inside a test was not wrapped in act(...).

When testing, code that causes React state updates should be wrapped into act(...):

act(() => {
  /* fire events that update state */
});
/* assert on the output */

This ensures that you're testing the behavior the user would see in the browser. Learn more at https://react.dev/link/wrap-tests-with-act
An update to AuthProvider inside a test was not wrapped in act(...).

When testing, code that causes React state updates should be wrapped into act(...):

act(() => {
  /* fire events that update state */
});
/* assert on the output */

This ensures that you're testing the behavior the user would see in the browser. Learn more at https://react.dev/link/wrap-tests-with-act
An update to AuthProvider inside a test was not wrapped in act(...).

When testing, code that causes React state updates should be wrapped into act(...):

act(() => {
  /* fire events that update state */
});
/* assert on the output */

This ensures that you're testing the behavior the user would see in the browser. Learn more at https://react.dev/link/wrap-tests-with-act
An update to AuthProvider inside a test was not wrapped in act(...).

When testing, code that causes React state updates should be wrapped into act(...):

act(() => {
  /* fire events that update state */
});
/* assert on the output */

This ensures that you're testing the behavior the user would see in the browser. Learn more at https://react.dev/link/wrap-tests-with-act
An update to AuthProvider inside a test was not wrapped in act(...).

When testing, code that causes React state updates should be wrapped into act(...):

act(() => {
  /* fire events that update state */
});
/* assert on the output */

This ensures that you're testing the behavior the user would see in the browser. Learn more at https://react.dev/link/wrap-tests-with-act
An update to AuthProvider inside a test was not wrapped in act(...).

When testing, code that causes React state updates should be wrapped into act(...):

act(() => {
  /* fire events that update state */
});
/* assert on the output */

This ensures that you're testing the behavior the user would see in the browser. Learn more at https://react.dev/link/wrap-tests-with-act
An update to AuthProvider inside a test was not wrapped in act(...).

When testing, code that causes React state updates should be wrapped into act(...):

act(() => {
  /* fire events that update state */
});
/* assert on the output */

This ensures that you're testing the behavior the user would see in the browser. Learn more at https://react.dev/link/wrap-tests-with-act
An update to AuthProvider inside a test was not wrapped in act(...).

When testing, code that causes React state updates should be wrapped into act(...):

act(() => {
  /* fire events that update state */
});
/* assert on the output */

This ensures that you're testing the behavior the user would see in the browser. Learn more at https://react.dev/link/wrap-tests-with-act
An update to AuthProvider inside a test was not wrapped in act(...).

When testing, code that causes React state updates should be wrapped into act(...):

act(() => {
  /* fire events that update state */
});
/* assert on the output */

This ensures that you're testing the behavior the user would see in the browser. Learn more at https://react.dev/link/wrap-tests-with-act
An update to AuthProvider inside a test was not wrapped in act(...).

When testing, code that causes React state updates should be wrapped into act(...):

act(() => {
  /* fire events that update state */
});
/* assert on the output */

This ensures that you're testing the behavior the user would see in the browser. Learn more at https://react.dev/link/wrap-tests-with-act
An update to AuthProvider inside a test was not wrapped in act(...).

When testing, code that causes React state updates should be wrapped into act(...):

act(() => {
  /* fire events that update state */
});
/* assert on the output */

This ensures that you're testing the behavior the user would see in the browser. Learn more at https://react.dev/link/wrap-tests-with-act
An update to AuthProvider inside a test was not wrapped in act(...).

When testing, code that causes React state updates should be wrapped into act(...):

act(() => {
  /* fire events that update state */
});
/* assert on the output */

This ensures that you're testing the behavior the user would see in the browser. Learn more at https://react.dev/link/wrap-tests-with-act
An update to AuthProvider inside a test was not wrapped in act(...).

When testing, code that causes React state updates should be wrapped into act(...):

act(() => {
  /* fire events that update state */
});
/* assert on the output */

This ensures that you're testing the behavior the user would see in the browser. Learn more at https://react.dev/link/wrap-tests-with-act
An update to AuthProvider inside a test was not wrapped in act(...).

When testing, code that causes React state updates should be wrapped into act(...):

act(() => {
  /* fire events that update state */
});
/* assert on the output */

This ensures that you're testing the behavior the user would see in the browser. Learn more at https://react.dev/link/wrap-tests-with-act

stderr | src/components/admin/ChatModerationPanel.test.jsx > Hide calls the PATCH endpoint with the correct body
An update to AuthProvider inside a test was not wrapped in act(...).

When testing, code that causes React state updates should be wrapped into act(...):

act(() => {
  /* fire events that update state */
});
/* assert on the output */

This ensures that you're testing the behavior the user would see in the browser. Learn more at https://react.dev/link/wrap-tests-with-act
An update to AuthProvider inside a test was not wrapped in act(...).

When testing, code that causes React state updates should be wrapped into act(...):

act(() => {
  /* fire events that update state */
});
/* assert on the output */

This ensures that you're testing the behavior the user would see in the browser. Learn more at https://react.dev/link/wrap-tests-with-act
An update to AuthProvider inside a test was not wrapped in act(...).

When testing, code that causes React state updates should be wrapped into act(...):

act(() => {
  /* fire events that update state */
});
/* assert on the output */

This ensures that you're testing the behavior the user would see in the browser. Learn more at https://react.dev/link/wrap-tests-with-act
An update to AuthProvider inside a test was not wrapped in act(...).

When testing, code that causes React state updates should be wrapped into act(...):

act(() => {
  /* fire events that update state */
});
/* assert on the output */

This ensures that you're testing the behavior the user would see in the browser. Learn more at https://react.dev/link/wrap-tests-with-act
An update to AuthProvider inside a test was not wrapped in act(...).

When testing, code that causes React state updates should be wrapped into act(...):

act(() => {
  /* fire events that update state */
});
/* assert on the output */

This ensures that you're testing the behavior the user would see in the browser. Learn more at https://react.dev/link/wrap-tests-with-act
An update to AuthProvider inside a test was not wrapped in act(...).

When testing, code that causes React state updates should be wrapped into act(...):

act(() => {
  /* fire events that update state */
});
/* assert on the output */

This ensures that you're testing the behavior the user would see in the browser. Learn more at https://react.dev/link/wrap-tests-with-act
An update to AuthProvider inside a test was not wrapped in act(...).

When testing, code that causes React state updates should be wrapped into act(...):

act(() => {
  /* fire events that update state */
});
/* assert on the output */

This ensures that you're testing the behavior the user would see in the browser. Learn more at https://react.dev/link/wrap-tests-with-act
An update to AuthProvider inside a test was not wrapped in act(...).

When testing, code that causes React state updates should be wrapped into act(...):

act(() => {
  /* fire events that update state */
});
/* assert on the output */

This ensures that you're testing the behavior the user would see in the browser. Learn more at https://react.dev/link/wrap-tests-with-act
An update to AuthProvider inside a test was not wrapped in act(...).

When testing, code that causes React state updates should be wrapped into act(...):

act(() => {
  /* fire events that update state */
});
/* assert on the output */

This ensures that you're testing the behavior the user would see in the browser. Learn more at https://react.dev/link/wrap-tests-with-act
An update to AuthProvider inside a test was not wrapped in act(...).

When testing, code that causes React state updates should be wrapped into act(...):

act(() => {
  /* fire events that update state */
});
/* assert on the output */

This ensures that you're testing the behavior the user would see in the browser. Learn more at https://react.dev/link/wrap-tests-with-act
An update to AuthProvider inside a test was not wrapped in act(...).

When testing, code that causes React state updates should be wrapped into act(...):

act(() => {
  /* fire events that update state */
});
/* assert on the output */

This ensures that you're testing the behavior the user would see in the browser. Learn more at https://react.dev/link/wrap-tests-with-act
An update to AuthProvider inside a test was not wrapped in act(...).

When testing, code that causes React state updates should be wrapped into act(...):

act(() => {
  /* fire events that update state */
});
/* assert on the output */

This ensures that you're testing the behavior the user would see in the browser. Learn more at https://react.dev/link/wrap-tests-with-act
An update to AuthProvider inside a test was not wrapped in act(...).

When testing, code that causes React state updates should be wrapped into act(...):

act(() => {
  /* fire events that update state */
});
/* assert on the output */

This ensures that you're testing the behavior the user would see in the browser. Learn more at https://react.dev/link/wrap-tests-with-act
An update to AuthProvider inside a test was not wrapped in act(...).

When testing, code that causes React state updates should be wrapped into act(...):

act(() => {
  /* fire events that update state */
});
/* assert on the output */

This ensures that you're testing the behavior the user would see in the browser. Learn more at https://react.dev/link/wrap-tests-with-act
An update to AuthProvider inside a test was not wrapped in act(...).

When testing, code that causes React state updates should be wrapped into act(...):

act(() => {
  /* fire events that update state */
});
/* assert on the output */

This ensures that you're testing the behavior the user would see in the browser. Learn more at https://react.dev/link/wrap-tests-with-act
An update to AuthProvider inside a test was not wrapped in act(...).

When testing, code that causes React state updates should be wrapped into act(...):

act(() => {
  /* fire events that update state */
});
/* assert on the output */

This ensures that you're testing the behavior the user would see in the browser. Learn more at https://react.dev/link/wrap-tests-with-act
An update to AuthProvider inside a test was not wrapped in act(...).

When testing, code that causes React state updates should be wrapped into act(...):

act(() => {
  /* fire events that update state */
});
/* assert on the output */

This ensures that you're testing the behavior the user would see in the browser. Learn more at https://react.dev/link/wrap-tests-with-act
An update to AuthProvider inside a test was not wrapped in act(...).

When testing, code that causes React state updates should be wrapped into act(...):

act(() => {
  /* fire events that update state */
});
/* assert on the output */

This ensures that you're testing the behavior the user would see in the browser. Learn more at https://react.dev/link/wrap-tests-with-act
An update to AuthProvider inside a test was not wrapped in act(...).

When testing, code that causes React state updates should be wrapped into act(...):

act(() => {
  /* fire events that update state */
});
/* assert on the output */

This ensures that you're testing the behavior the user would see in the browser. Learn more at https://react.dev/link/wrap-tests-with-act

stderr | src/components/admin/ChatModerationPanel.test.jsx > Dismiss calls the PATCH endpoint with the correct body
An update to AuthProvider inside a test was not wrapped in act(...).

When testing, code that causes React state updates should be wrapped into act(...):

act(() => {
  /* fire events that update state */
});
/* assert on the output */

This ensures that you're testing the behavior the user would see in the browser. Learn more at https://react.dev/link/wrap-tests-with-act
An update to AuthProvider inside a test was not wrapped in act(...).

When testing, code that causes React state updates should be wrapped into act(...):

act(() => {
  /* fire events that update state */
});
/* assert on the output */

This ensures that you're testing the behavior the user would see in the browser. Learn more at https://react.dev/link/wrap-tests-with-act
An update to AuthProvider inside a test was not wrapped in act(...).

When testing, code that causes React state updates should be wrapped into act(...):

act(() => {
  /* fire events that update state */
});
/* assert on the output */

This ensures that you're testing the behavior the user would see in the browser. Learn more at https://react.dev/link/wrap-tests-with-act
An update to AuthProvider inside a test was not wrapped in act(...).

When testing, code that causes React state updates should be wrapped into act(...):

act(() => {
  /* fire events that update state */
});
/* assert on the output */

This ensures that you're testing the behavior the user would see in the browser. Learn more at https://react.dev/link/wrap-tests-with-act
An update to AuthProvider inside a test was not wrapped in act(...).

When testing, code that causes React state updates should be wrapped into act(...):

act(() => {
  /* fire events that update state */
});
/* assert on the output */

This ensures that you're testing the behavior the user would see in the browser. Learn more at https://react.dev/link/wrap-tests-with-act
An update to AuthProvider inside a test was not wrapped in act(...).

When testing, code that causes React state updates should be wrapped into act(...):

act(() => {
  /* fire events that update state */
});
/* assert on the output */

This ensures that you're testing the behavior the user would see in the browser. Learn more at https://react.dev/link/wrap-tests-with-act
An update to AuthProvider inside a test was not wrapped in act(...).

When testing, code that causes React state updates should be wrapped into act(...):

act(() => {
  /* fire events that update state */
});
/* assert on the output */

This ensures that you're testing the behavior the user would see in the browser. Learn more at https://react.dev/link/wrap-tests-with-act
An update to AuthProvider inside a test was not wrapped in act(...).

When testing, code that causes React state updates should be wrapped into act(...):

act(() => {
  /* fire events that update state */
});
/* assert on the output */

This ensures that you're testing the behavior the user would see in the browser. Learn more at https://react.dev/link/wrap-tests-with-act
An update to AuthProvider inside a test was not wrapped in act(...).

When testing, code that causes React state updates should be wrapped into act(...):

act(() => {
  /* fire events that update state */
});
/* assert on the output */

This ensures that you're testing the behavior the user would see in the browser. Learn more at https://react.dev/link/wrap-tests-with-act
An update to AuthProvider inside a test was not wrapped in act(...).

When testing, code that causes React state updates should be wrapped into act(...):

act(() => {
  /* fire events that update state */
});
/* assert on the output */

This ensures that you're testing the behavior the user would see in the browser. Learn more at https://react.dev/link/wrap-tests-with-act
An update to AuthProvider inside a test was not wrapped in act(...).

When testing, code that causes React state updates should be wrapped into act(...):

act(() => {
  /* fire events that update state */
});
/* assert on the output */

This ensures that you're testing the behavior the user would see in the browser. Learn more at https://react.dev/link/wrap-tests-with-act
An update to AuthProvider inside a test was not wrapped in act(...).

When testing, code that causes React state updates should be wrapped into act(...):

act(() => {
  /* fire events that update state */
});
/* assert on the output */

This ensures that you're testing the behavior the user would see in the browser. Learn more at https://react.dev/link/wrap-tests-with-act
An update to AuthProvider inside a test was not wrapped in act(...).

When testing, code that causes React state updates should be wrapped into act(...):

act(() => {
  /* fire events that update state */
});
/* assert on the output */

This ensures that you're testing the behavior the user would see in the browser. Learn more at https://react.dev/link/wrap-tests-with-act
An update to AuthProvider inside a test was not wrapped in act(...).

When testing, code that causes React state updates should be wrapped into act(...):

act(() => {
  /* fire events that update state */
});
/* assert on the output */

This ensures that you're testing the behavior the user would see in the browser. Learn more at https://react.dev/link/wrap-tests-with-act
An update to AuthProvider inside a test was not wrapped in act(...).

When testing, code that causes React state updates should be wrapped into act(...):

act(() => {
  /* fire events that update state */
});
/* assert on the output */

This ensures that you're testing the behavior the user would see in the browser. Learn more at https://react.dev/link/wrap-tests-with-act
An update to AuthProvider inside a test was not wrapped in act(...).

When testing, code that causes React state updates should be wrapped into act(...):

act(() => {
  /* fire events that update state */
});
/* assert on the output */

This ensures that you're testing the behavior the user would see in the browser. Learn more at https://react.dev/link/wrap-tests-with-act
An update to AuthProvider inside a test was not wrapped in act(...).

When testing, code that causes React state updates should be wrapped into act(...):

act(() => {
  /* fire events that update state */
});
/* assert on the output */

This ensures that you're testing the behavior the user would see in the browser. Learn more at https://react.dev/link/wrap-tests-with-act
An update to AuthProvider inside a test was not wrapped in act(...).

When testing, code that causes React state updates should be wrapped into act(...):

act(() => {
  /* fire events that update state */
});
/* assert on the output */

This ensures that you're testing the behavior the user would see in the browser. Learn more at https://react.dev/link/wrap-tests-with-act
An update to AuthProvider inside a test was not wrapped in act(...).

When testing, code that causes React state updates should be wrapped into act(...):

act(() => {
  /* fire events that update state */
});
/* assert on the output */

This ensures that you're testing the behavior the user would see in the browser. Learn more at https://react.dev/link/wrap-tests-with-act

stderr | src/components/admin/ChatModerationPanel.test.jsx > an empty queue renders "Queue is clear" rather than a blank panel
An update to AuthProvider inside a test was not wrapped in act(...).

When testing, code that causes React state updates should be wrapped into act(...):

act(() => {
  /* fire events that update state */
});
/* assert on the output */

This ensures that you're testing the behavior the user would see in the browser. Learn more at https://react.dev/link/wrap-tests-with-act
An update to AuthProvider inside a test was not wrapped in act(...).

When testing, code that causes React state updates should be wrapped into act(...):

act(() => {
  /* fire events that update state */
});
/* assert on the output */

This ensures that you're testing the behavior the user would see in the browser. Learn more at https://react.dev/link/wrap-tests-with-act
An update to AuthProvider inside a test was not wrapped in act(...).

When testing, code that causes React state updates should be wrapped into act(...):

act(() => {
  /* fire events that update state */
});
/* assert on the output */

This ensures that you're testing the behavior the user would see in the browser. Learn more at https://react.dev/link/wrap-tests-with-act
An update to AuthProvider inside a test was not wrapped in act(...).

When testing, code that causes React state updates should be wrapped into act(...):

act(() => {
  /* fire events that update state */
});
/* assert on the output */

This ensures that you're testing the behavior the user would see in the browser. Learn more at https://react.dev/link/wrap-tests-with-act
An update to AuthProvider inside a test was not wrapped in act(...).

When testing, code that causes React state updates should be wrapped into act(...):

act(() => {
  /* fire events that update state */
});
/* assert on the output */

This ensures that you're testing the behavior the user would see in the browser. Learn more at https://react.dev/link/wrap-tests-with-act
An update to AuthProvider inside a test was not wrapped in act(...).

When testing, code that causes React state updates should be wrapped into act(...):

act(() => {
  /* fire events that update state */
});
/* assert on the output */

This ensures that you're testing the behavior the user would see in the browser. Learn more at https://react.dev/link/wrap-tests-with-act
An update to AuthProvider inside a test was not wrapped in act(...).

When testing, code that causes React state updates should be wrapped into act(...):

act(() => {
  /* fire events that update state */
});
/* assert on the output */

This ensures that you're testing the behavior the user would see in the browser. Learn more at https://react.dev/link/wrap-tests-with-act
An update to AuthProvider inside a test was not wrapped in act(...).

When testing, code that causes React state updates should be wrapped into act(...):

act(() => {
  /* fire events that update state */
});
/* assert on the output */

This ensures that you're testing the behavior the user would see in the browser. Learn more at https://react.dev/link/wrap-tests-with-act
An update to AuthProvider inside a test was not wrapped in act(...).

When testing, code that causes React state updates should be wrapped into act(...):

act(() => {
  /* fire events that update state */
});
/* assert on the output */

This ensures that you're testing the behavior the user would see in the browser. Learn more at https://react.dev/link/wrap-tests-with-act
An update to AuthProvider inside a test was not wrapped in act(...).

When testing, code that causes React state updates should be wrapped into act(...):

act(() => {
  /* fire events that update state */
});
/* assert on the output */

This ensures that you're testing the behavior the user would see in the browser. Learn more at https://react.dev/link/wrap-tests-with-act
An update to AuthProvider inside a test was not wrapped in act(...).

When testing, code that causes React state updates should be wrapped into act(...):

act(() => {
  /* fire events that update state */
});
/* assert on the output */

This ensures that you're testing the behavior the user would see in the browser. Learn more at https://react.dev/link/wrap-tests-with-act
An update to AuthProvider inside a test was not wrapped in act(...).

When testing, code that causes React state updates should be wrapped into act(...):

act(() => {
  /* fire events that update state */
});
/* assert on the output */

This ensures that you're testing the behavior the user would see in the browser. Learn more at https://react.dev/link/wrap-tests-with-act
An update to AuthProvider inside a test was not wrapped in act(...).

When testing, code that causes React state updates should be wrapped into act(...):

act(() => {
  /* fire events that update state */
});
/* assert on the output */

This ensures that you're testing the behavior the user would see in the browser. Learn more at https://react.dev/link/wrap-tests-with-act
An update to AuthProvider inside a test was not wrapped in act(...).

When testing, code that causes React state updates should be wrapped into act(...):

act(() => {
  /* fire events that update state */
});
/* assert on the output */

This ensures that you're testing the behavior the user would see in the browser. Learn more at https://react.dev/link/wrap-tests-with-act
An update to AuthProvider inside a test was not wrapped in act(...).

When testing, code that causes React state updates should be wrapped into act(...):

act(() => {
  /* fire events that update state */
});
/* assert on the output */

This ensures that you're testing the behavior the user would see in the browser. Learn more at https://react.dev/link/wrap-tests-with-act
An update to AuthProvider inside a test was not wrapped in act(...).

When testing, code that causes React state updates should be wrapped into act(...):

act(() => {
  /* fire events that update state */
});
/* assert on the output */

This ensures that you're testing the behavior the user would see in the browser. Learn more at https://react.dev/link/wrap-tests-with-act
An update to AuthProvider inside a test was not wrapped in act(...).

When testing, code that causes React state updates should be wrapped into act(...):

act(() => {
  /* fire events that update state */
});
/* assert on the output */

This ensures that you're testing the behavior the user would see in the browser. Learn more at https://react.dev/link/wrap-tests-with-act
An update to AuthProvider inside a test was not wrapped in act(...).

When testing, code that causes React state updates should be wrapped into act(...):

act(() => {
  /* fire events that update state */
});
/* assert on the output */

This ensures that you're testing the behavior the user would see in the browser. Learn more at https://react.dev/link/wrap-tests-with-act
An update to AuthProvider inside a test was not wrapped in act(...).

When testing, code that causes React state updates should be wrapped into act(...):

act(() => {
  /* fire events that update state */
});
/* assert on the output */

This ensures that you're testing the behavior the user would see in the browser. Learn more at https://react.dev/link/wrap-tests-with-act

stderr | src/pages/UCT20.test.jsx > renders UCT 20 heading
An update to AuthProvider inside a test was not wrapped in act(...).

When testing, code that causes React state updates should be wrapped into act(...):

act(() => {
  /* fire events that update state */
});
/* assert on the output */

This ensures that you're testing the behavior the user would see in the browser. Learn more at https://react.dev/link/wrap-tests-with-act
An update to AuthProvider inside a test was not wrapped in act(...).

When testing, code that causes React state updates should be wrapped into act(...):

act(() => {
  /* fire events that update state */
});
/* assert on the output */

This ensures that you're testing the behavior the user would see in the browser. Learn more at https://react.dev/link/wrap-tests-with-act

stderr | src/pages/UCT20.test.jsx > held banner shows the list's verified date, not the push date
An update to AuthProvider inside a test was not wrapped in act(...).

When testing, code that causes React state updates should be wrapped into act(...):

act(() => {
  /* fire events that update state */
});
/* assert on the output */

This ensures that you're testing the behavior the user would see in the browser. Learn more at https://react.dev/link/wrap-tests-with-act
An update to AuthProvider inside a test was not wrapped in act(...).

When testing, code that causes React state updates should be wrapped into act(...):

act(() => {
  /* fire events that update state */
});
/* assert on the output */

This ensures that you're testing the behavior the user would see in the browser. Learn more at https://react.dev/link/wrap-tests-with-act

stderr | src/pages/UCT20.test.jsx > the performance tile renders below the stock list
An update to AuthProvider inside a test was not wrapped in act(...).

When testing, code that causes React state updates should be wrapped into act(...):

act(() => {
  /* fire events that update state */
});
/* assert on the output */

This ensures that you're testing the behavior the user would see in the browser. Learn more at https://react.dev/link/wrap-tests-with-act
An update to AuthProvider inside a test was not wrapped in act(...).

When testing, code that causes React state updates should be wrapped into act(...):

act(() => {
  /* fire events that update state */
});
/* assert on the output */

This ensures that you're testing the behavior the user would see in the browser. Learn more at https://react.dev/link/wrap-tests-with-act

stderr | src/pages/Terms.test.jsx > renders the FRED attribution sentence verbatim
An update to AuthProvider inside a test was not wrapped in act(...).

When testing, code that causes React state updates should be wrapped into act(...):

act(() => {
  /* fire events that update state */
});
/* assert on the output */

This ensures that you're testing the behavior the user would see in the browser. Learn more at https://react.dev/link/wrap-tests-with-act
An update to AuthProvider inside a test was not wrapped in act(...).

When testing, code that causes React state updates should be wrapped into act(...):

act(() => {
  /* fire events that update state */
});
/* assert on the output */

This ensures that you're testing the behavior the user would see in the browser. Learn more at https://react.dev/link/wrap-tests-with-act

stderr | src/pages/Terms.test.jsx > links to FRED's Terms of Use
An update to AuthProvider inside a test was not wrapped in act(...).

When testing, code that causes React state updates should be wrapped into act(...):

act(() => {
  /* fire events that update state */
});
/* assert on the output */

This ensures that you're testing the behavior the user would see in the browser. Learn more at https://react.dev/link/wrap-tests-with-act
An update to AuthProvider inside a test was not wrapped in act(...).

When testing, code that causes React state updates should be wrapped into act(...):

act(() => {
  /* fire events that update state */
});
/* assert on the output */

This ensures that you're testing the behavior the user would see in the browser. Learn more at https://react.dev/link/wrap-tests-with-act

stderr | src/pages/Terms.test.jsx > states that FRED-derived feature use is subject to FRED's own terms
An update to AuthProvider inside a test was not wrapped in act(...).

When testing, code that causes React state updates should be wrapped into act(...):

act(() => {
  /* fire events that update state */
});
/* assert on the output */

This ensures that you're testing the behavior the user would see in the browser. Learn more at https://react.dev/link/wrap-tests-with-act
An update to AuthProvider inside a test was not wrapped in act(...).

When testing, code that causes React state updates should be wrapped into act(...):

act(() => {
  /* fire events that update state */
});
/* assert on the output */

This ensures that you're testing the behavior the user would see in the browser. Learn more at https://react.dev/link/wrap-tests-with-act

stderr | src/pages/Terms.test.jsx > the new section is numbered 13 and does not renumber any existing section
An update to AuthProvider inside a test was not wrapped in act(...).

When testing, code that causes React state updates should be wrapped into act(...):

act(() => {
  /* fire events that update state */
});
/* assert on the output */

This ensures that you're testing the behavior the user would see in the browser. Learn more at https://react.dev/link/wrap-tests-with-act
An update to AuthProvider inside a test was not wrapped in act(...).

When testing, code that causes React state updates should be wrapped into act(...):

act(() => {
  /* fire events that update state */
});
/* assert on the output */

This ensures that you're testing the behavior the user would see in the browser. Learn more at https://react.dev/link/wrap-tests-with-act

stderr | src/pages/research/tabs/OwnershipTab.test.jsx > OwnershipTab > renders institutional, short interest, share counts, and insider activity
[ECharts] Can't get DOM width or height. Please check dom.clientWidth and dom.clientHeight. They should not be 0.For example, you may need to call this in the callback of window.onload.

stderr | src/pages/research/tabs/OwnershipTab.test.jsx > OwnershipTab > shows an entity-unresolved note when Entity Master has not linked the symbol
[ECharts] Can't get DOM width or height. Please check dom.clientWidth and dom.clientHeight. They should not be 0.For example, you may need to call this in the callback of window.onload.

stderr | src/pages/ChartRender.breadth.test.jsx > ChartRender ?breadth= > paints a breadth metric like ChartPane does
An update to ChartRender inside a test was not wrapped in act(...).

When testing, code that causes React state updates should be wrapped into act(...):

act(() => {
  /* fire events that update state */
});
/* assert on the output */

This ensures that you're testing the behavior the user would see in the browser. Learn more at https://react.dev/link/wrap-tests-with-act
An update to ChartRender inside a test was not wrapped in act(...).

When testing, code that causes React state updates should be wrapped into act(...):

act(() => {
  /* fire events that update state */
});
/* assert on the output */

This ensures that you're testing the behavior the user would see in the browser. Learn more at https://react.dev/link/wrap-tests-with-act

stderr | src/pages/ChartRender.breadth.test.jsx > ChartRender ?breadth= > changes nothing for a stock
An update to ChartRender inside a test was not wrapped in act(...).

When testing, code that causes React state updates should be wrapped into act(...):

act(() => {
  /* fire events that update state */
});
/* assert on the output */

This ensures that you're testing the behavior the user would see in the browser. Learn more at https://react.dev/link/wrap-tests-with-act
An update to ChartRender inside a test was not wrapped in act(...).

When testing, code that causes React state updates should be wrapped into act(...):

act(() => {
  /* fire events that update state */
});
/* assert on the output */

This ensures that you're testing the behavior the user would see in the browser. Learn more at https://react.dev/link/wrap-tests-with-act

stderr | src/pages/community/Composer.test.jsx > composer renders editor and submit button
[tiptap warn]: Duplicate extension names found: ['link']. This can lead to issues.

stderr | src/pages/community/Composer.test.jsx > composer renders editor and submit button
An update to AuthProvider inside a test was not wrapped in act(...).

When testing, code that causes React state updates should be wrapped into act(...):

act(() => {
  /* fire events that update state */
});
/* assert on the output */

This ensures that you're testing the behavior the user would see in the browser. Learn more at https://react.dev/link/wrap-tests-with-act
An update to AuthProvider inside a test was not wrapped in act(...).

When testing, code that causes React state updates should be wrapped into act(...):

act(() => {
  /* fire events that update state */
});
/* assert on the output */

This ensures that you're testing the behavior the user would see in the browser. Learn more at https://react.dev/link/wrap-tests-with-act

⎯⎯⎯⎯⎯⎯ Unhandled Errors ⎯⎯⎯⎯⎯⎯

Vitest caught 2 unhandled errors during the test run.
This might cause false positive tests. Resolve unhandled errors to make sure your tests are not affected.

⎯⎯⎯⎯⎯ Uncaught Exception ⎯⎯⎯⎯⎯
Error: [vitest] No "BaselineSeries" export is defined on the "lightweight-charts" mock. Did you forget to return it from "vi.mock"?
If you need to partially mock a module, you can use "importOriginal" helper inside:

vi.mock(import("lightweight-charts"), async (importOriginal) => {
  const actual = await importOriginal()
  return {
    ...actual,
    // your mocked methods
  }
})

 ❯ VitestMocker.createError node_modules/vitest/dist/chunks/startModuleRunner.DEj0jb3e.js:311:17
 ❯ Object.get node_modules/vitest/dist/chunks/startModuleRunner.DEj0jb3e.js:384:16
 ❯ engineLwc src/components/StockChart.jsx:500:44
    498| let _engineLwc = null
    499| const engineLwc = () => (_engineLwc || (_engineLwc = {
    500|   LineSeries, HistogramSeries, AreaSeries, BaselineSeries, LineStyle, …
       |                                            ^
    501|   // ⚠️ THE ENGINE CAN ONLY BUILD WHAT THIS OBJECT CARRIES. `binder.SE…
    502|   // names a constructor and reads it off HERE, so a series type absen…
 ❯ src/components/StockChart.jsx:12514:71
 ❯ src/components/StockChart.jsx:13606:5
 ❯ Object.react_stack_bottom_frame node_modules/react-dom/cjs/react-dom-client.development.js:25989:20
 ❯ runWithFiberInDEV node_modules/react-dom/cjs/react-dom-client.development.js:874:13
 ❯ commitHookEffectListMount node_modules/react-dom/cjs/react-dom-client.development.js:13249:29
 ❯ commitHookPassiveMountEffects node_modules/react-dom/cjs/react-dom-client.development.js:13336:11
 ❯ commitPassiveMountOnFiber node_modules/react-dom/cjs/react-dom-client.development.js:15484:13

This error originated in "src/components/StockChart.hollowPillColor.test.jsx" test file. It doesn't mean the error was thrown inside the file itself, but while it was running.
The latest test that might've caused the error is "netchange mode (_paintNet, the confirmed root cause): per-bar hollow color keeps the real up/down RGB". It might mean one of the following:
- The error was thrown, while Vitest was running this test.
- If the error occurred after the test had been completed, this was the last documented test before it was thrown.

⎯⎯⎯⎯⎯ Uncaught Exception ⎯⎯⎯⎯⎯
Error: [vitest] No "BaselineSeries" export is defined on the "lightweight-charts" mock. Did you forget to return it from "vi.mock"?
If you need to partially mock a module, you can use "importOriginal" helper inside:

vi.mock(import("lightweight-charts"), async (importOriginal) => {
  const actual = await importOriginal()
  return {
    ...actual,
    // your mocked methods
  }
})

 ❯ VitestMocker.createError node_modules/vitest/dist/chunks/startModuleRunner.DEj0jb3e.js:311:17
 ❯ Object.get node_modules/vitest/dist/chunks/startModuleRunner.DEj0jb3e.js:384:16
 ❯ engineLwc src/components/StockChart.jsx:500:44
    498| let _engineLwc = null
    499| const engineLwc = () => (_engineLwc || (_engineLwc = {
    500|   LineSeries, HistogramSeries, AreaSeries, BaselineSeries, LineStyle, …
       |                                            ^
    501|   // ⚠️ THE ENGINE CAN ONLY BUILD WHAT THIS OBJECT CARRIES. `binder.SE…
    502|   // names a constructor and reads it off HERE, so a series type absen…
 ❯ src/components/StockChart.jsx:12514:71
 ❯ src/components/StockChart.jsx:13606:5
 ❯ Object.react_stack_bottom_frame node_modules/react-dom/cjs/react-dom-client.development.js:25989:20
 ❯ runWithFiberInDEV node_modules/react-dom/cjs/react-dom-client.development.js:874:13
 ❯ commitHookEffectListMount node_modules/react-dom/cjs/react-dom-client.development.js:13249:29
 ❯ commitHookPassiveMountEffects node_modules/react-dom/cjs/react-dom-client.development.js:13336:11
 ❯ commitPassiveMountOnFiber node_modules/react-dom/cjs/react-dom-client.development.js:15484:13

This error originated in "src/components/StockChart.hollowPillColor.test.jsx" test file. It doesn't mean the error was thrown inside the file itself, but while it was running.
The latest test that might've caused the error is "hollow chart TYPE (series-level 'Live color apply', line ~8809): upColor keeps the real up RGB". It might mean one of the following:
- The error was thrown, while Vitest was running this test.
- If the error occurred after the test had been completed, this was the last documented test before it was thrown.
⎯⎯⎯⎯⎯⎯⎯⎯⎯⎯⎯⎯⎯⎯⎯⎯⎯⎯⎯⎯⎯⎯⎯⎯⎯⎯⎯⎯⎯⎯

