CreatedDate,CreatedTime,Symbol,Type,Volume,Price,Side,CallPut,Strike,Spot,Premium,ExpirationDate,Color,ImpliedVolatility,Dte,ER,StockEtf,Sector,Uoa,Weekly,MktCap,OI
7/8/2026,9:30:01 AM,VIXW,BLOCK,500,0.49,,CALL,30,0,24500,8/5/2026,WHITE,0,28,F,INDEX,,F,T,0,0
7/8/2026,9:59:49 AM,SPX,ML/,390,72.2,,PUT,7000,0,2815800,9/18/2026,WHITE,0,72,F,INDEX,,F,F,0,0
7/8/2026,10:34:53 AM,SPX,ML/,350,74.7,,PUT,7000,0,2614500,9/18/2026,WHITE,0,72,F,INDEX,,F,F,0,0
7/8/2026,1:04:14 PM,SPX,ML/,100,70.79,,PUT,7000,0,707900,9/18/2026,WHITE,0,72,F,INDEX,,F,F,0,0
7/8/2026,2:25:24 PM,SPX,ML/,350,69,,PUT,7000,0,2415000,9/18/2026,WHITE,0,72,F,INDEX,,F,F,0,0
7/8/2026,3:38:27 PM,SPX,ML/,50,68,,PUT,7000,0,340000,9/18/2026,WHITE,0,72,F,INDEX,,F,F,0,0
7/8/2026,3:51:45 PM,SPX,ML/,1950,68.54,,PUT,7000,0,13365300,9/18/2026,WHITE,0,72,F,INDEX,,F,F,0,0
7/8/2026,3:56:40 PM,SPX,ML/,1050,67.53,,PUT,7000,0,7090650,9/18/2026,WHITE,0,72,F,INDEX,,F,F,0,0
7/8/2026,4:02:16 PM,SPX,ML/,500,67.53,,PUT,7000,0,3376500,9/18/2026,WHITE,0,72,F,INDEX,,F,F,0,0
7/8/2026,4:03:53 PM,SPX,ML/,50,68.8102,,PUT,7000,0,344051,9/18/2026,WHITE,0,72,F,INDEX,,F,F,0,0
7/8/2026,4:07:46 PM,SPX,ML/,1500,68.65,,PUT,7000,0,10297500,9/18/2026,WHITE,0,72,F,INDEX,,F,F,0,0
7/8/2026,4:08:32 PM,SPX,ML/,1000,68.82,,PUT,7000,0,6882000,9/18/2026,WHITE,0,72,F,INDEX,,F,F,0,0
7/8/2026,4:06:48 PM,SPX,ML/,126,252.3,,CALL,7700,0,3178980,12/18/2026,WHITE,0,163,F,INDEX,,F,F,0,0
7/8/2026,12:15:26 PM,SPX,ML/,50,5.29,,PUT,7050,0,26450,7/17/2026,WHITE,0,9,F,INDEX,,F,F,0,0
7/8/2026,9:43:13 AM,SPX,ML/,400,10.83,,CALL,7600,0,433200,7/17/2026,WHITE,0,9,F,INDEX,,F,F,0,0
7/8/2026,10:10:57 AM,SPX,ML/,50,11.2,,CALL,7600,0,56000,7/17/2026,WHITE,0,9,F,INDEX,,F,F,0,0
7/8/2026,11:17:25 AM,SPX,ML/,150,7.6,,CALL,7600,0,114000,7/17/2026,WHITE,0,9,F,INDEX,,F,F,0,0
7/8/2026,12:08:26 PM,SPX,ML/,100,7,,CALL,7600,0,70000,7/17/2026,WHITE,0,9,F,INDEX,,F,F,0,0
7/8/2026,1:38:17 PM,SPX,ML/,550,11.26,,CALL,7600,0,619300,7/17/2026,WHITE,0,9,F,INDEX,,F,F,0,0
7/8/2026,1:56:22 PM,SPX,ML/,300,9.51,,CALL,7600,0,285300,7/17/2026,WHITE,0,9,F,INDEX,,F,F,0,0
7/8/2026,3:01:50 PM,SPX,ML/,1250,10,,CALL,7600,0,1250000,7/17/2026,WHITE,0,9,F,INDEX,,F,F,0,0
7/8/2026,3:08:24 PM,SPX,ML/,50,9.89,,CALL,7600,0,49450,7/17/2026,WHITE,0,9,F,INDEX,,F,F,0,0
7/8/2026,3:24:58 PM,SPX,ML/,100,9.88,,CALL,7600,0,98800,7/17/2026,WHITE,0,9,F,INDEX,,F,F,0,0
7/8/2026,3:26:01 PM,SPX,ML/,343,9.98,,CALL,7600,0,342314,7/17/2026,WHITE,0,9,F,INDEX,,F,F,0,0
7/8/2026,3:43:13 PM,SPX,ML/,300,9.7,,CALL,7600,0,291000,7/17/2026,WHITE,0,9,F,INDEX,,F,F,0,0
7/8/2026,4:00:02 PM,SPX,ML/,72,9.99,,CALL,7600,0,71928,7/17/2026,WHITE,0,9,F,INDEX,,F,F,0,0
7/8/2026,4:02:07 PM,SPX,ML/,62,9.75,,CALL,7600,0,60450,7/17/2026,WHITE,0,9,F,INDEX,,F,F,0,0
7/8/2026,4:02:09 PM,SPX,ML/,72,9.73,,CALL,7600,0,70056,7/17/2026,WHITE,0,9,F,INDEX,,F,F,0,0
7/8/2026,4:02:14 PM,SPX,ML/,59,9.75,,CALL,7600,0,57525,7/17/2026,WHITE,0,9,F,INDEX,,F,F,0,0
7/8/2026,9:35:16 AM,SPX,ML/,200,52.3,,PUT,7100,0,1046000,8/21/2026,WHITE,0,44,F,INDEX,,F,F,0,0
7/8/2026,10:19:50 AM,SPX,ML/,500,54.2,,PUT,7100,0,2710000,8/21/2026,WHITE,0,44,F,INDEX,,F,F,0,0
7/8/2026,10:34:00 AM,SPX,ML/,350,54.55,,PUT,7100,0,1909250,8/21/2026,WHITE,0,44,F,INDEX,,F,F,0,0
7/8/2026,11:01:59 AM,SPX,ML/,61,58,,PUT,7100,0,353800,8/21/2026,WHITE,0,44,F,INDEX,,F,F,0,0
7/8/2026,11:29:57 AM,SPX,ML/,400,63,,PUT,7100,0,2520000,8/21/2026,WHITE,0,44,F,INDEX,,F,F,0,0
7/8/2026,2:21:03 PM,SPX,ML/,100,48.54,,PUT,7100,0,485400,8/21/2026,WHITE,0,44,F,INDEX,,F,F,0,0
7/8/2026,9:41:31 AM,SPX,BLOCK,98,1.3,,CALL,7700,0,12740,7/17/2026,WHITE,0,9,F,INDEX,,F,F,0,0
7/8/2026,9:42:03 AM,SPX,BLOCK,82,1.3,,CALL,7700,0,10660,7/17/2026,WHITE,0,9,F,INDEX,,F,F,0,0
7/8/2026,12:05:02 PM,SPX,ML/,75,56,,PUT,7075,0,420000,8/21/2026,WHITE,0,44,F,INDEX,,F,F,0,0
7/8/2026,9:45:26 AM,SPX,ML/,200,39.94,,PUT,7000,0,798800,8/21/2026,WHITE,0,44,F,INDEX,,F,F,0,0
7/8/2026,11:06:46 AM,SPX,ML/,1416,45.9,,PUT,7000,0,6499440,8/21/2026,WHITE,0,44,F,INDEX,,F,F,0,0
7/8/2026,11:20:45 AM,SPX,ML/,74,46.5454,,PUT,7000,0,344435,8/21/2026,WHITE,0,44,F,INDEX,,F,F,0,0
7/8/2026,11:32:41 AM,SPX,ML/,750,50.5,,PUT,7000,0,3787500,8/21/2026,WHITE,0,44,F,INDEX,,F,F,0,0
7/8/2026,12:28:06 PM,SPX,ML/,400,43.11,,PUT,7000,0,1724400,8/21/2026,WHITE,0,44,F,INDEX,,F,F,0,0
7/8/2026,12:29:28 PM,SPX,ML/,600,43.1,,PUT,7000,0,2586000,8/21/2026,WHITE,0,44,F,INDEX,,F,F,0,0
7/8/2026,1:34:42 PM,SPX,ML/,500,37.23,,PUT,7000,0,1861500,8/21/2026,WHITE,0,44,F,INDEX,,F,F,0,0
7/8/2026,1:46:26 PM,SPX,ML/,60,38.32,,PUT,7000,0,229919,8/21/2026,WHITE,0,44,F,INDEX,,F,F,0,0
7/8/2026,2:01:06 PM,SPX,ML/,500,38.9,,PUT,7000,0,1945000,8/21/2026,WHITE,0,44,F,INDEX,,F,F,0,0
7/8/2026,3:14:53 PM,SPX,ML/,250,38.5,,PUT,7000,0,962500,8/21/2026,WHITE,0,44,F,INDEX,,F,F,0,0
7/8/2026,2:31:48 PM,SPX,ML/,300,175.55,,PUT,7000,0,5266500,1/15/2027,WHITE,0,191,F,INDEX,,F,F,0,0
7/8/2026,3:41:09 PM,SPX,ML/,100,173.88,,PUT,7000,0,1738800,1/15/2027,WHITE,0,191,F,INDEX,,F,F,0,0
7/8/2026,10:36:00 AM,SPX,ML/,50,100.65,,PUT,6400,0,503250,1/15/2027,WHITE,0,191,F,INDEX,,F,F,0,0
7/8/2026,10:36:00 AM,SPX,ML/,50,110.95,,PUT,6500,0,554750,1/15/2027,WHITE,0,191,F,INDEX,,F,F,0,0
7/8/2026,10:50:41 AM,SPX,BLOCK,66,114.3379,,PUT,6500,0,754629,1/15/2027,WHITE,0,191,F,INDEX,,F,F,0,0
7/8/2026,10:18:36 AM,SPX,ML/,150,8,,CALL,7950,0,120000,8/21/2026,WHITE,0,44,F,INDEX,,F,F,0,0
7/8/2026,2:01:06 PM,SPX,ML/,1000,7.77,,CALL,7950,0,777000,8/21/2026,WHITE,0,44,F,INDEX,,F,F,0,0
7/8/2026,2:30:44 PM,SPX,ML/,600,7.8,,CALL,7950,0,468000,8/21/2026,WHITE,0,44,F,INDEX,,F,F,0,0
7/8/2026,11:37:11 AM,SPX,ML/,250,300.3,,PUT,7500,0,7507500,12/18/2026,WHITE,0,163,F,INDEX,,F,F,0,0
7/8/2026,3:17:34 PM,SPX,ML/,150,279.5,,PUT,7500,0,4192500,12/18/2026,WHITE,0,163,F,INDEX,,F,F,0,0
7/8/2026,2:01:06 PM,SPX,ML/,500,3.03,,CALL,7650,0,151500,7/17/2026,WHITE,0,9,F,INDEX,,F,F,0,0
7/8/2026,9:38:12 AM,SPX,ML/,86,202.38,,PUT,7530,0,1740468,9/18/2026,WHITE,0,72,F,INDEX,,F,F,0,0
7/8/2026,1:38:17 PM,SPX,ML/,209,188,,PUT,7530,0,3929200,9/18/2026,WHITE,0,72,F,INDEX,,F,F,0,0
7/8/2026,1:43:24 PM,SPX,ML/,87,191,,PUT,7530,0,1661700,9/18/2026,WHITE,0,72,F,INDEX,,F,F,0,0
7/8/2026,1:44:21 PM,SPX,ML/,266,191,,PUT,7530,0,5080600,9/18/2026,WHITE,0,72,F,INDEX,,F,F,0,0
7/8/2026,2:09:31 PM,SPX,ML/,1020,190,,PUT,7530,0,19380000,9/18/2026,WHITE,0,72,F,INDEX,,F,F,0,0
7/8/2026,9:57:30 AM,XSP,BLOCK,116,1.18,,PUT,745,0,13688,7/8/2026,WHITE,0,0,F,INDEX,,F,T,0,0
7/8/2026,10:11:58 AM,XSP,BLOCK,118,1.3,,PUT,745,0,15340,7/8/2026,WHITE,0,0,F,INDEX,,F,T,0,0
7/8/2026,11:29:12 AM,XSP,ML/,125,2.88,,PUT,745,0,36000,7/8/2026,WHITE,0,0,F,INDEX,,F,T,0,0
7/8/2026,9:53:49 AM,SPX,ML/,300,32.27,,PUT,7375,0,968100,7/17/2026,WHITE,0,9,F,INDEX,,F,F,0,0
7/8/2026,2:47:11 PM,SPX,ML/,75,2.41,,CALL,8100,0,18075,8/21/2026,WHITE,0,44,F,INDEX,,F,F,0,0
7/8/2026,11:45:36 AM,SPXW,ML/,50,98.46,,PUT,7375,0,492300,8/7/2026,WHITE,0,30,F,INDEX,,F,T,0,0
7/8/2026,10:15:59 AM,SPXW,BLOCK,65,42.0554,,CALL,7650,0,273360,8/7/2026,WHITE,0,30,F,INDEX,,F,T,0,0
7/8/2026,9:31:41 AM,SPXW,ML/,74,5.3641,,CALL,7875,0,39694,8/7/2026,WHITE,0,30,F,INDEX,,F,T,0,0
7/8/2026,9:31:42 AM,SPXW,ML/,56,5.42,,CALL,7875,0,30352,8/7/2026,WHITE,0,30,F,INDEX,,F,T,0,0
7/8/2026,11:55:20 AM,SPXW,ML/,82,4.42,,CALL,7875,0,36244,8/7/2026,WHITE,0,30,F,INDEX,,F,T,0,0
7/8/2026,9:31:41 AM,SPXW,ML/,74,3.24,,CALL,7925,0,23976,8/7/2026,WHITE,0,30,F,INDEX,,F,T,0,0
7/8/2026,9:31:42 AM,SPXW,ML/,56,3.23,,CALL,7925,0,18088,8/7/2026,WHITE,0,30,F,INDEX,,F,T,0,0
7/8/2026,2:06:56 PM,SPX,BLOCK,850,80.0161,,PUT,7300,0,6801370,8/21/2026,WHITE,0,44,F,INDEX,,F,F,0,0
7/8/2026,2:08:29 PM,SPX,BLOCK,150,80,,PUT,7300,0,1200000,8/21/2026,WHITE,0,44,F,INDEX,,F,F,0,0
7/8/2026,9:31:41 AM,SPXW,ML/,74,6.8841,,CALL,7850,0,50941,8/7/2026,WHITE,0,30,F,INDEX,,F,T,0,0
7/8/2026,9:31:42 AM,SPXW,ML/,56,6.86,,CALL,7850,0,38416,8/7/2026,WHITE,0,30,F,INDEX,,F,T,0,0
7/8/2026,11:55:20 AM,SPXW,ML/,82,5.72,,CALL,7850,0,46904,8/7/2026,WHITE,0,30,F,INDEX,,F,T,0,0
7/8/2026,9:33:00 AM,SPXW,ML/,75,1.71,,CALL,8000,0,12825,8/7/2026,WHITE,0,30,F,INDEX,,F,T,0,0
7/8/2026,9:31:41 AM,SPXW,ML/,74,4.16,,CALL,7900,0,30783,8/7/2026,WHITE,0,30,F,INDEX,,F,T,0,0
7/8/2026,9:31:42 AM,SPXW,ML/,56,4.17,,CALL,7900,0,23352,8/7/2026,WHITE,0,30,F,INDEX,,F,T,0,0
7/8/2026,11:55:20 AM,SPXW,ML/,82,3.43,,CALL,7900,0,28126,8/7/2026,WHITE,0,30,F,INDEX,,F,T,0,0
7/8/2026,12:05:01 PM,SPXW,BLOCK,54,2.2,,CALL,7950,0,11880,8/7/2026,WHITE,0,30,F,INDEX,,F,T,0,0
7/8/2026,9:55:00 AM,SPXW,ML/,138,7.62,,PUT,6450,0,105156,8/7/2026,WHITE,0,30,F,INDEX,,F,T,0,0
7/8/2026,10:24:01 AM,SPXW,ML/,73,7.87,,PUT,6450,0,57451,8/7/2026,WHITE,0,30,F,INDEX,,F,T,0,0
7/8/2026,11:24:52 AM,XSP,ML/,52,2.19,,PUT,744,0,11388,7/8/2026,WHITE,0,0,F,INDEX,,F,T,0,0
7/8/2026,10:39:17 AM,XSP,ML/,50,2.2,,PUT,746,0,11000,7/8/2026,WHITE,0,0,F,INDEX,,F,T,0,0
7/8/2026,10:50:39 AM,XSP,BLOCK,58,3,,PUT,746,0,17400,7/8/2026,WHITE,0,0,F,INDEX,,F,T,0,0
7/8/2026,10:02:07 AM,SPXW,ML/,150,7.02,,PUT,6400,0,105300,8/7/2026,WHITE,0,30,F,INDEX,,F,T,0,0
7/8/2026,10:23:08 AM,SPXW,ML/,200,4.2602,,PUT,6000,0,85204,8/7/2026,WHITE,0,30,F,INDEX,,F,T,0,0
7/8/2026,9:55:00 AM,SPXW,ML/,138,1.92,,PUT,5400,0,26495,8/7/2026,WHITE,0,30,F,INDEX,,F,T,0,0
7/8/2026,10:02:07 AM,SPXW,ML/,150,1.97,,PUT,5400,0,29550,8/7/2026,WHITE,0,30,F,INDEX,,F,T,0,0
7/8/2026,10:23:08 AM,SPXW,ML/,400,2.2301,,PUT,5400,0,89204,8/7/2026,WHITE,0,30,F,INDEX,,F,T,0,0
7/8/2026,10:24:01 AM,SPXW,ML/,73,2.17,,PUT,5400,0,15841,8/7/2026,WHITE,0,30,F,INDEX,,F,T,0,0
7/8/2026,10:52:58 AM,SPXW,BLOCK,119,1.9,,PUT,5200,0,22610,8/7/2026,WHITE,0,30,F,INDEX,,F,T,0,0
7/8/2026,10:56:27 AM,SPXW,BLOCK,150,1.85,,PUT,5200,0,27750,8/7/2026,WHITE,0,30,F,INDEX,,F,T,0,0
7/8/2026,11:02:31 AM,SPXW,BLOCK,85,1.9,,PUT,5200,0,16150,8/7/2026,WHITE,0,30,F,INDEX,,F,T,0,0
7/8/2026,11:10:48 AM,SPXW,BLOCK,125,1.85,,PUT,5200,0,23125,8/7/2026,WHITE,0,30,F,INDEX,,F,T,0,0
7/8/2026,3:45:36 PM,XSP,ML/,150,1.31,,PUT,745,0,19650,7/9/2026,WHITE,0,1,F,INDEX,,F,T,0,0
7/8/2026,3:51:02 PM,XSP,BLOCK,100,1.27,,PUT,745,0,12700,7/9/2026,WHITE,0,1,F,INDEX,,F,T,0,0
7/8/2026,4:13:35 PM,XSP,BLOCK,100,1.33,,PUT,745,0,13300,7/9/2026,WHITE,0,1,F,INDEX,,F,T,0,0
7/8/2026,9:30:02 AM,XSP,ML/,71,7.911,,PUT,756,0,56168,7/8/2026,WHITE,0,0,F,INDEX,,F,T,0,0
7/8/2026,9:31:55 AM,XSP,ML/,51,9.9469,,PUT,756,0,50729,7/8/2026,WHITE,0,0,F,INDEX,,F,T,0,0
7/8/2026,10:43:32 AM,XSP,ML/,100,10.18,,PUT,755,0,101800,7/8/2026,WHITE,0,0,F,INDEX,,F,T,0,0
7/8/2026,10:43:43 AM,XSP,ML/,100,10.28,,PUT,755,0,102800,7/8/2026,WHITE,0,0,F,INDEX,,F,T,0,0
7/8/2026,11:39:20 AM,XSP,BLOCK,50,2.34,,PUT,742,0,11700,7/9/2026,WHITE,0,1,F,INDEX,,F,T,0,0
7/8/2026,11:57:58 AM,XSP,BLOCK,50,2.39,,PUT,742,0,11950,7/9/2026,WHITE,0,1,F,INDEX,,F,T,0,0
7/8/2026,12:00:30 PM,XSP,ML/,100,2.11,,PUT,742,0,21100,7/9/2026,WHITE,0,1,F,INDEX,,F,T,0,0
7/8/2026,3:52:20 PM,XSP,ML/,50,4.27,,PUT,752,0,21349,7/8/2026,WHITE,0,0,F,INDEX,,F,T,0,0
7/8/2026,12:35:09 PM,SPX,ML/,480,24.65,,CALL,7800,0,1183200,8/21/2026,WHITE,0,44,F,INDEX,,F,F,0,0
7/8/2026,12:55:00 PM,SPX,ML/,300,25.4,,CALL,7800,0,762000,8/21/2026,WHITE,0,44,F,INDEX,,F,F,0,0
7/8/2026,2:30:44 PM,SPX,ML/,350,26,,CALL,7800,0,910000,8/21/2026,WHITE,0,44,F,INDEX,,F,F,0,0
7/8/2026,2:42:20 PM,SPX,ML/,201,26.15,,CALL,7800,0,525615,8/21/2026,WHITE,0,44,F,INDEX,,F,F,0,0
7/8/2026,11:55:05 AM,SPX,BLOCK,61,19,,CALL,7820,0,115900,8/21/2026,WHITE,0,44,F,INDEX,,F,F,0,0
7/8/2026,10:09:35 AM,SPX,ML/,200,145.16,,PUT,7500,0,2903200,8/21/2026,WHITE,0,44,F,INDEX,,F,F,0,0
7/8/2026,10:10:18 AM,SPX,ML/,200,145.16,,PUT,7500,0,2903200,8/21/2026,WHITE,0,44,F,INDEX,,F,F,0,0
7/8/2026,10:16:14 AM,SPX,ML/,50,150,,PUT,7500,0,750000,8/21/2026,WHITE,0,44,F,INDEX,,F,F,0,0
7/8/2026,10:42:55 AM,SPX,ML/,170,156.15,,PUT,7500,0,2654550,8/21/2026,WHITE,0,44,F,INDEX,,F,F,0,0
7/8/2026,11:13:43 AM,SPX,ML/,222,159.94,,PUT,7500,0,3550668,8/21/2026,WHITE,0,44,F,INDEX,,F,F,0,0
7/8/2026,11:29:12 AM,SPX,ML/,750,170.42,,PUT,7500,0,12781500,8/21/2026,WHITE,0,44,F,INDEX,,F,F,0,0
7/8/2026,11:34:09 AM,SPX,ML/,300,166.5,,PUT,7500,0,4995000,8/21/2026,WHITE,0,44,F,INDEX,,F,F,0,0
7/8/2026,1:16:17 PM,SPX,ML/,90,140.77,,PUT,7500,0,1266930,8/21/2026,WHITE,0,44,F,INDEX,,F,F,0,0
7/8/2026,2:49:24 PM,SPX,ML/,61,137.54,,PUT,7500,0,838993,8/21/2026,WHITE,0,44,F,INDEX,,F,F,0,0
7/8/2026,3:38:28 PM,SPX,ML/,75,137.96,,PUT,7500,0,1034700,8/21/2026,WHITE,0,44,F,INDEX,,F,F,0,0
7/8/2026,4:12:50 PM,SPX,ML/,250,140.35,,PUT,7500,0,3508750,8/21/2026,WHITE,0,44,F,INDEX,,F,F,0,0
7/8/2026,4:15:20 PM,SPX,ML/,200,141.04,,PUT,7500,0,2820800,8/21/2026,WHITE,0,44,F,INDEX,,F,F,0,0
7/8/2026,3:26:09 PM,XSP,ML/,50,3.57,,CALL,747,0,17850,7/10/2026,WHITE,0,2,F,INDEX,,F,T,0,0
7/8/2026,10:53:38 AM,SPXW,ML/,513,36.5,,PUT,7150,0,1872450,7/31/2026,WHITE,0,23,F,INDEX,,F,T,0,0
7/8/2026,3:31:54 PM,SPXW,ML/,50,27.08,,PUT,7150,0,135399,7/31/2026,WHITE,0,23,F,INDEX,,F,T,0,0
7/8/2026,11:24:52 AM,SPXW,ML/,150,36.8,,CALL,7500,0,551999,7/17/2026,WHITE,0,9,F,INDEX,,F,F,0,0
7/8/2026,1:32:21 PM,SPXW,ML/,150,53.9047,,CALL,7500,0,808570,7/17/2026,WHITE,0,9,F,INDEX,,F,F,0,0
7/8/2026,2:05:07 PM,SPXW,ML/,54,51.47,,CALL,7500,0,277938,7/17/2026,WHITE,0,9,F,INDEX,,F,F,0,0
7/8/2026,9:48:39 AM,SPXW,ML/,170,35.31,,PUT,7200,0,600270,7/31/2026,WHITE,0,23,F,INDEX,,F,T,0,0
7/8/2026,9:49:12 AM,SPXW,ML/,500,35.43,,PUT,7200,0,1771500,7/31/2026,WHITE,0,23,F,INDEX,,F,T,0,0
7/8/2026,12:46:13 PM,SPXW,BLOCK,470,36.6,,PUT,7200,0,1720200,7/31/2026,WHITE,0,23,F,INDEX,,F,T,0,0
7/8/2026,12:47:43 PM,SPXW,ML/,329,35.3316,,PUT,7200,0,1162410,7/31/2026,WHITE,0,23,F,INDEX,,F,T,0,0
7/8/2026,12:48:08 PM,SPXW,BLOCK,63,35.3,,PUT,7200,0,222389,7/31/2026,WHITE,0,23,F,INDEX,,F,T,0,0
7/8/2026,11:19:09 AM,XSP,BLOCK,60,2.3,,CALL,745,0,13800,7/9/2026,WHITE,0,1,F,INDEX,,F,T,0,0
7/8/2026,3:43:27 PM,XSP,ML/,75,3.94,,CALL,745,0,29550,7/9/2026,WHITE,0,1,F,INDEX,,F,T,0,0
7/8/2026,3:03:03 PM,XSP,BLOCK,50,2,,CALL,750,0,10000,7/10/2026,WHITE,0,2,F,INDEX,,F,T,0,0
7/8/2026,3:33:19 PM,VIX,BLOCK,100,2.47,,CALL,30,0,24700,3/17/2027,WHITE,0,252,F,INDEX,,F,T,0,0
7/8/2026,3:03:13 PM,XSP,ML/,225,1.0617,,CALL,747,0,23889,7/8/2026,WHITE,0,0,F,INDEX,,F,T,0,0
7/8/2026,3:59:39 PM,XSP,SWEEP,100,1.5,A,CALL,747,0,15000,7/8/2026,WHITE,0,0,F,INDEX,,F,T,0,0
7/8/2026,11:29:12 AM,XSP,ML/,125,3.43,,PUT,742,0,42875,7/10/2026,WHITE,0,2,F,INDEX,,F,T,0,0
7/8/2026,9:30:02 AM,SPXW,ML/,68,32.09,,PUT,7130,0,218212,7/31/2026,WHITE,0,23,F,INDEX,,F,T,0,0
7/8/2026,9:30:02 AM,SPXW,ML/,59,31.64,,PUT,7125,0,186676,7/31/2026,WHITE,0,23,F,INDEX,,F,T,0,0
7/8/2026,10:17:26 AM,SPXW,ML/,220,72.5655,,CALL,7450,0,1596440,7/17/2026,WHITE,0,9,F,INDEX,,F,F,0,0
7/8/2026,9:54:08 AM,SPXW,ML/,54,16.83,,PUT,7400,0,90882,7/10/2026,WHITE,0,2,F,INDEX,,F,T,0,0
7/8/2026,9:54:19 AM,SPXW,ML/,346,16.44,,PUT,7400,0,568824,7/10/2026,WHITE,0,2,F,INDEX,,F,T,0,0
7/8/2026,10:16:31 AM,SPXW,ML/,100,19.3,,PUT,7400,0,193000,7/10/2026,WHITE,0,2,F,INDEX,,F,T,0,0
7/8/2026,10:16:46 AM,SPXW,ML/,50,17.28,,PUT,7400,0,86400,7/10/2026,WHITE,0,2,F,INDEX,,F,T,0,0
7/8/2026,10:47:35 AM,SPXW,ML/,85,21.62,,PUT,7400,0,183770,7/10/2026,WHITE,0,2,F,INDEX,,F,T,0,0
7/8/2026,10:51:01 AM,SPXW,ML/,63,24.02,,PUT,7400,0,151326,7/10/2026,WHITE,0,2,F,INDEX,,F,T,0,0
7/8/2026,11:52:04 AM,SPXW,ML/,100,26.25,,PUT,7400,0,262500,7/10/2026,WHITE,0,2,F,INDEX,,F,T,0,0
7/8/2026,12:06:09 PM,SPXW,ML/,50,21.95,,PUT,7400,0,109750,7/10/2026,WHITE,0,2,F,INDEX,,F,T,0,0
7/8/2026,12:42:38 PM,SPXW,ML/,100,17.87,,PUT,7400,0,178700,7/10/2026,WHITE,0,2,F,INDEX,,F,T,0,0
7/8/2026,2:21:42 PM,SPXW,ML/,55,10.95,,PUT,7400,0,60225,7/10/2026,WHITE,0,2,F,INDEX,,F,T,0,0
7/8/2026,3:00:40 PM,SPXW,BLOCK,298,9,,PUT,7400,0,268200,7/10/2026,WHITE,0,2,F,INDEX,,F,T,0,0
7/8/2026,3:13:46 PM,SPXW,BLOCK,274,10.8,,PUT,7400,0,295920,7/10/2026,WHITE,0,2,F,INDEX,,F,T,0,0
7/8/2026,4:07:56 PM,SPXW,ML/,72,9.9128,,PUT,7400,0,71372,7/10/2026,WHITE,0,2,F,INDEX,,F,T,0,0
7/8/2026,12:18:02 PM,XSP,ML/,114,0.96,,CALL,749,0,10944,7/9/2026,WHITE,0,1,F,INDEX,,F,T,0,0
7/8/2026,12:20:36 PM,XSP,ML/,181,1,,CALL,749,0,18100,7/9/2026,WHITE,0,1,F,INDEX,,F,T,0,0
7/8/2026,12:56:05 PM,XSP,ML/,50,13.26,,CALL,747,0,66300,8/7/2026,WHITE,0,30,F,INDEX,,F,T,0,0
7/8/2026,9:30:02 AM,XSP,ML/,94,8.4799,,PUT,755,0,79711,7/15/2026,WHITE,0,7,F,INDEX,,F,T,0,0
7/8/2026,9:39:26 AM,SPXW,ML/,50,5.23,,PUT,7290,0,26150,7/10/2026,WHITE,0,2,F,INDEX,,F,T,0,0
7/8/2026,11:14:10 AM,SPXW,ML/,100,6.6,,PUT,7290,0,66000,7/10/2026,WHITE,0,2,F,INDEX,,F,T,0,0
7/8/2026,2:52:03 PM,SPXW,ML/,400,1.8964,,PUT,7290,0,75857,7/10/2026,WHITE,0,2,F,INDEX,,F,T,0,0
7/8/2026,3:30:04 PM,SPXW,ML/,331,0.75,,PUT,7200,0,24825,7/10/2026,WHITE,0,2,F,INDEX,,F,T,0,0
7/8/2026,3:30:14 PM,SPXW,ML/,437,0.75,,PUT,7200,0,32775,7/10/2026,WHITE,0,2,F,INDEX,,F,T,0,0
7/8/2026,9:33:37 AM,SPXW,ML/,200,5.8,,PUT,7300,0,116000,7/10/2026,WHITE,0,2,F,INDEX,,F,T,0,0
7/8/2026,9:39:26 AM,SPXW,ML/,50,5.87,,PUT,7300,0,29350,7/10/2026,WHITE,0,2,F,INDEX,,F,T,0,0
7/8/2026,11:14:10 AM,SPXW,ML/,100,7.4,,PUT,7300,0,74000,7/10/2026,WHITE,0,2,F,INDEX,,F,T,0,0
7/8/2026,11:59:53 AM,SPXW,ML/,600,7.6,,PUT,7300,0,456000,7/10/2026,WHITE,0,2,F,INDEX,,F,T,0,0
7/8/2026,1:25:39 PM,SPXW,BLOCK,400,2.5079,,PUT,7300,0,100315,7/10/2026,WHITE,0,2,F,INDEX,,F,T,0,0
7/8/2026,2:52:03 PM,SPXW,ML/,400,2.1964,,PUT,7300,0,87857,7/10/2026,WHITE,0,2,F,INDEX,,F,T,0,0
7/8/2026,3:47:23 PM,SPXW,ML/,61,2.1098,,PUT,7300,0,12870,7/10/2026,WHITE,0,2,F,INDEX,,F,T,0,0
7/8/2026,4:35:11 PM,SPXW,BLOCK,73,3.1,,PUT,7300,0,22630,7/10/2026,WHITE,0,2,F,INDEX,,F,T,0,0
7/8/2026,4:35:11 PM,SPXW,BLOCK,82,3.09,,PUT,7300,0,25338,7/10/2026,WHITE,0,2,F,INDEX,,F,T,0,0
7/8/2026,4:35:20 PM,SPXW,BLOCK,50,3.15,,PUT,7300,0,15750,7/10/2026,WHITE,0,2,F,INDEX,,F,T,0,0
7/8/2026,4:35:24 PM,SPXW,BLOCK,50,3.2,,PUT,7300,0,16000,7/10/2026,WHITE,0,2,F,INDEX,,F,T,0,0
7/8/2026,9:30:03 AM,SPXW,ML/,50,5.07,,PUT,7280,0,25350,7/10/2026,WHITE,0,2,F,INDEX,,F,T,0,0
7/8/2026,9:43:39 AM,SPXW,ML/,66,3,,PUT,7250,0,19800,7/10/2026,WHITE,0,2,F,INDEX,,F,T,0,0
7/8/2026,10:16:31 AM,SPXW,ML/,100,3.4,,PUT,7250,0,34000,7/10/2026,WHITE,0,2,F,INDEX,,F,T,0,0
7/8/2026,12:42:38 PM,SPXW,ML/,100,2.57,,PUT,7250,0,25700,7/10/2026,WHITE,0,2,F,INDEX,,F,T,0,0
7/8/2026,3:52:38 PM,SPXW,BLOCK,200,0.85,,PUT,7250,0,17000,7/10/2026,WHITE,0,2,F,INDEX,,F,T,0,0
7/8/2026,3:52:48 PM,SPXW,BLOCK,138,0.85,,PUT,7250,0,11730,7/10/2026,WHITE,0,2,F,INDEX,,F,T,0,0
7/8/2026,3:54:17 PM,SPXW,BLOCK,862,0.9,,PUT,7250,0,77580,7/10/2026,WHITE,0,2,F,INDEX,,F,T,0,0
7/8/2026,3:46:35 PM,SPXW,ML/,86,4.46,,PUT,7350,0,38356,7/10/2026,WHITE,0,2,F,INDEX,,F,T,0,0
7/8/2026,4:15:31 PM,SPXW,BLOCK,100,5,,PUT,7350,0,50000,7/10/2026,WHITE,0,2,F,INDEX,,F,T,0,0
7/8/2026,4:35:11 PM,SPXW,BLOCK,73,6.55,,PUT,7350,0,47815,7/10/2026,WHITE,0,2,F,INDEX,,F,T,0,0
7/8/2026,4:35:11 PM,SPXW,BLOCK,82,6.54,,PUT,7350,0,53628,7/10/2026,WHITE,0,2,F,INDEX,,F,T,0,0
7/8/2026,4:35:20 PM,SPXW,BLOCK,50,6.6,,PUT,7350,0,33000,7/10/2026,WHITE,0,2,F,INDEX,,F,T,0,0
7/8/2026,4:35:24 PM,SPXW,BLOCK,50,6.65,,PUT,7350,0,33250,7/10/2026,WHITE,0,2,F,INDEX,,F,T,0,0
7/8/2026,10:16:25 AM,SPXW,ML/,100,16.6,,CALL,7500,0,166000,7/10/2026,WHITE,0,2,F,INDEX,,F,T,0,0
7/8/2026,10:48:25 AM,SPXW,BLOCK,100,13.492,,CALL,7500,0,134920,7/10/2026,WHITE,0,2,F,INDEX,,F,T,0,0
7/8/2026,10:55:26 AM,SPXW,SWEEP,100,13.806,A,CALL,7500,0,138060,7/10/2026,WHITE,0,2,F,INDEX,,F,T,0,0
7/8/2026,11:00:44 AM,SPXW,ML/,300,13.2,,CALL,7500,0,396000,7/10/2026,WHITE,0,2,F,INDEX,,F,T,0,0
7/8/2026,11:20:04 AM,SPXW,ML/,140,11.6374,,CALL,7500,0,162924,7/10/2026,WHITE,0,2,F,INDEX,,F,T,0,0
7/8/2026,11:26:24 AM,SPXW,ML/,103,9.0334,,CALL,7500,0,93044,7/10/2026,WHITE,0,2,F,INDEX,,F,T,0,0
7/8/2026,11:26:26 AM,SPXW,ML/,147,9.0801,,CALL,7500,0,133478,7/10/2026,WHITE,0,2,F,INDEX,,F,T,0,0
7/8/2026,11:40:18 AM,SPXW,BLOCK,100,10.1,,CALL,7500,0,100999,7/10/2026,WHITE,0,2,F,INDEX,,F,T,0,0
7/8/2026,11:52:14 AM,SPXW,ML/,100,9.02,,CALL,7500,0,90200,7/10/2026,WHITE,0,2,F,INDEX,,F,T,0,0
7/8/2026,12:27:58 PM,SPXW,ML/,69,14.45,,CALL,7500,0,99705,7/10/2026,WHITE,0,2,F,INDEX,,F,T,0,0
7/8/2026,1:30:08 PM,SPXW,BLOCK,100,22.8,,CALL,7500,0,228000,7/10/2026,WHITE,0,2,F,INDEX,,F,T,0,0
7/8/2026,1:56:22 PM,SPXW,ML/,250,18.44,,CALL,7500,0,461000,7/10/2026,WHITE,0,2,F,INDEX,,F,T,0,0
7/8/2026,2:11:39 PM,SPXW,ML/,70,20.85,,CALL,7500,0,145950,7/10/2026,WHITE,0,2,F,INDEX,,F,T,0,0
7/8/2026,3:43:13 PM,SPXW,ML/,250,19.06,,CALL,7500,0,476500,7/10/2026,WHITE,0,2,F,INDEX,,F,T,0,0
7/8/2026,3:54:01 PM,SPXW,ML/,105,21.2914,,CALL,7500,0,223560,7/10/2026,WHITE,0,2,F,INDEX,,F,T,0,0
7/8/2026,3:55:00 PM,SPXW,ML/,61,21.718,,CALL,7500,0,132479,7/10/2026,WHITE,0,2,F,INDEX,,F,T,0,0
7/8/2026,3:58:41 PM,SPXW,ML/,200,23.1,,CALL,7500,0,462000,7/10/2026,WHITE,0,2,F,INDEX,,F,T,0,0
7/8/2026,10:19:03 AM,SPXW,ML/,198,0.95,,CALL,7600,0,18810,7/10/2026,WHITE,0,2,F,INDEX,,F,T,0,0
7/8/2026,10:56:51 AM,SPXW,BLOCK,500,0.8,,CALL,7600,0,40000,7/10/2026,WHITE,0,2,F,INDEX,,F,T,0,0
7/8/2026,4:06:46 PM,SPXW,ML/,275,0.65,,CALL,7600,0,17875,7/10/2026,WHITE,0,2,F,INDEX,,F,T,0,0
7/8/2026,12:35:33 PM,SPXW,ML/,300,64.5,,CALL,8000,0,1935000,10/30/2026,WHITE,0,114,F,INDEX,,F,T,0,0
7/8/2026,10:01:55 AM,SPXW,BLOCK,100,5.438,,CALL,7550,0,54380,7/10/2026,WHITE,0,2,F,INDEX,,F,T,0,0
7/8/2026,11:26:24 AM,SPXW,ML/,186,2.0577,,CALL,7550,0,38274,7/10/2026,WHITE,0,2,F,INDEX,,F,T,0,0
7/8/2026,11:26:26 AM,SPXW,ML/,292,2.09,,CALL,7550,0,61028,7/10/2026,WHITE,0,2,F,INDEX,,F,T,0,0
7/8/2026,11:29:45 AM,SPXW,BLOCK,60,2.1,,CALL,7550,0,12600,7/10/2026,WHITE,0,2,F,INDEX,,F,T,0,0
7/8/2026,11:52:14 AM,SPXW,ML/,100,2.13,,CALL,7550,0,21300,7/10/2026,WHITE,0,2,F,INDEX,,F,T,0,0
7/8/2026,12:20:00 PM,SPXW,BLOCK,60,2.9,,CALL,7550,0,17400,7/10/2026,WHITE,0,2,F,INDEX,,F,T,0,0
7/8/2026,2:19:46 PM,SPXW,ML/,55,5,,CALL,7550,0,27500,7/10/2026,WHITE,0,2,F,INDEX,,F,T,0,0
7/8/2026,3:31:06 PM,SPXW,BLOCK,50,4.3,,CALL,7550,0,21500,7/10/2026,WHITE,0,2,F,INDEX,,F,T,0,0
7/8/2026,3:32:16 PM,SPXW,BLOCK,50,4.4,,CALL,7550,0,22000,7/10/2026,WHITE,0,2,F,INDEX,,F,T,0,0
7/8/2026,3:57:24 PM,SPXW,ML/,60,5.21,,CALL,7550,0,31260,7/10/2026,WHITE,0,2,F,INDEX,,F,T,0,0
7/8/2026,4:26:36 PM,SPXW,BLOCK,60,4.05,,CALL,7550,0,24300,7/10/2026,WHITE,0,2,F,INDEX,,F,T,0,0
7/8/2026,1:20:06 PM,SPXW,ML/,72,4.0658,,PUT,7340,0,29274,7/10/2026,WHITE,0,2,F,INDEX,,F,T,0,0
7/8/2026,1:20:33 PM,SPXW,ML/,78,4.7681,,PUT,7340,0,37191,7/10/2026,WHITE,0,2,F,INDEX,,F,T,0,0
7/8/2026,1:20:50 PM,SPXW,ML/,122,4.7,,PUT,7340,0,57340,7/10/2026,WHITE,0,2,F,INDEX,,F,T,0,0
7/8/2026,1:30:01 PM,SPXW,ML/,72,4.1,,PUT,7340,0,29520,7/10/2026,WHITE,0,2,F,INDEX,,F,T,0,0
7/8/2026,1:45:37 PM,SPXW,ML/,295,5.038,,PUT,7340,0,148620,7/10/2026,WHITE,0,2,F,INDEX,,F,T,0,0
7/8/2026,12:26:18 PM,SPXW,BLOCK,91,4.2,,CALL,7635,0,38220,7/17/2026,WHITE,0,9,F,INDEX,,F,F,0,0
7/8/2026,9:30:08 AM,SPXW,ML/,50,3.95,,CALL,7650,0,19750,7/17/2026,WHITE,0,9,F,INDEX,,F,F,0,0
7/8/2026,10:22:35 AM,SPXW,ML/,50,4.34,,CALL,7650,0,21700,7/17/2026,WHITE,0,9,F,INDEX,,F,F,0,0
7/8/2026,11:15:37 AM,SPXW,ML/,100,3.01,,CALL,7650,0,30100,7/17/2026,WHITE,0,9,F,INDEX,,F,F,0,0
7/8/2026,12:58:03 PM,SPXW,ML/,60,3.59,,CALL,7650,0,21539,7/17/2026,WHITE,0,9,F,INDEX,,F,F,0,0
7/8/2026,11:24:52 AM,SPXW,ML/,525,1.56,,CALL,7675,0,81900,7/17/2026,WHITE,0,9,F,INDEX,,F,F,0,0
7/8/2026,9:37:37 AM,SPXW,ML/,63,37.4065,,CALL,7450,0,235661,7/9/2026,WHITE,0,1,F,INDEX,,F,T,0,0
7/8/2026,10:05:46 AM,SPXW,ML/,56,40.15,,CALL,7450,0,224840,7/9/2026,WHITE,0,1,F,INDEX,,F,T,0,0
7/8/2026,10:53:51 AM,SPXW,ML/,159,30.2975,,CALL,7450,0,481730,7/9/2026,WHITE,0,1,F,INDEX,,F,T,0,0
7/8/2026,10:53:53 AM,SPXW,ML/,65,30.2512,,CALL,7450,0,196633,7/9/2026,WHITE,0,1,F,INDEX,,F,T,0,0
7/8/2026,10:54:47 AM,SPXW,ML/,179,29.6486,,CALL,7450,0,530710,7/9/2026,WHITE,0,1,F,INDEX,,F,T,0,0
7/8/2026,10:25:22 AM,SPXW,ML/,2985,0.23,,CALL,7600,0,68655,7/9/2026,WHITE,0,1,F,INDEX,,F,T,0,0
7/8/2026,12:10:06 PM,SPXW,ML/,2441,0.15,,CALL,7600,0,36615,7/9/2026,WHITE,0,1,F,INDEX,,F,T,0,0
7/8/2026,1:25:00 PM,SPXW,ML/,1322,0.2,,CALL,7600,0,26440,7/9/2026,WHITE,0,1,F,INDEX,,F,T,0,0
7/8/2026,3:53:53 PM,SPXW,ML/,50,29.0016,,PUT,7480,0,145008,7/10/2026,WHITE,0,2,F,INDEX,,F,T,0,0
7/8/2026,4:31:06 PM,SPXW,BLOCK,130,35.9,,PUT,7480,0,466700,7/10/2026,WHITE,0,2,F,INDEX,,F,T,0,0
7/8/2026,4:31:58 PM,SPXW,BLOCK,93,37.3,,PUT,7480,0,346889,7/10/2026,WHITE,0,2,F,INDEX,,F,T,0,0
7/8/2026,4:32:24 PM,SPXW,BLOCK,50,37.5,,PUT,7480,0,187500,7/10/2026,WHITE,0,2,F,INDEX,,F,T,0,0
7/8/2026,9:30:43 AM,SPXW,ML/,316,1.2452,,PUT,7350,0,39349,7/8/2026,WHITE,0,0,F,INDEX,,F,T,0,0
7/8/2026,9:30:52 AM,SPXW,ML/,101,1.3165,,PUT,7350,0,13297,7/8/2026,WHITE,0,0,F,INDEX,,F,T,0,0
7/8/2026,9:35:02 AM,SPXW,ML/,260,0.9413,,PUT,7350,0,24473,7/8/2026,WHITE,0,0,F,INDEX,,F,T,0,0
7/8/2026,9:42:07 AM,SPXW,ML/,200,0.65,,PUT,7350,0,13000,7/8/2026,WHITE,0,0,F,INDEX,,F,T,0,0
7/8/2026,9:46:49 AM,SPXW,ML/,251,0.586,,PUT,7350,0,14707,7/8/2026,WHITE,0,0,F,INDEX,,F,T,0,0
7/8/2026,10:15:17 AM,SPXW,ML/,150,0.82,,PUT,7350,0,12300,7/8/2026,WHITE,0,0,F,INDEX,,F,T,0,0
7/8/2026,10:27:13 AM,SPXW,ML/,218,0.7483,,PUT,7350,0,16313,7/8/2026,WHITE,0,0,F,INDEX,,F,T,0,0
7/8/2026,10:45:53 AM,SPXW,ML/,200,0.6398,,PUT,7350,0,12796,7/8/2026,WHITE,0,0,F,INDEX,,F,T,0,0
7/8/2026,11:25:35 AM,SPXW,BLOCK,109,0.9454,,PUT,7350,0,10304,7/8/2026,WHITE,0,0,F,INDEX,,F,T,0,0
7/8/2026,11:26:11 AM,SPXW,ML/,117,0.9731,,PUT,7350,0,11385,7/8/2026,WHITE,0,0,F,INDEX,,F,T,0,0
7/8/2026,9:30:03 AM,SPXW,ML/,185,4.4083,,PUT,7400,0,81553,7/8/2026,WHITE,0,0,F,INDEX,,F,T,0,0
7/8/2026,9:30:06 AM,SPXW,ML/,123,4.702,,PUT,7400,0,57833,7/8/2026,WHITE,0,0,F,INDEX,,F,T,0,0
7/8/2026,9:30:19 AM,SPXW,ML/,54,4.9656,,PUT,7400,0,26814,7/8/2026,WHITE,0,0,F,INDEX,,F,T,0,0
7/8/2026,9:35:03 AM,SPXW,ML/,76,4.2821,,PUT,7400,0,32544,7/8/2026,WHITE,0,0,F,INDEX,,F,T,0,0
7/8/2026,9:35:30 AM,SPXW,BLOCK,61,3.6,,PUT,7400,0,21960,7/8/2026,WHITE,0,0,F,INDEX,,F,T,0,0
7/8/2026,9:35:40 AM,SPXW,ML/,51,4.2239,,PUT,7400,0,21542,7/8/2026,WHITE,0,0,F,INDEX,,F,T,0,0
7/8/2026,9:35:44 AM,SPXW,ML/,61,4.4661,,PUT,7400,0,27243,7/8/2026,WHITE,0,0,F,INDEX,,F,T,0,0
7/8/2026,9:35:46 AM,SPXW,ML/,58,4.4771,,PUT,7400,0,25967,7/8/2026,WHITE,0,0,F,INDEX,,F,T,0,0
7/8/2026,9:40:13 AM,SPXW,ML/,76,3.0489,,PUT,7400,0,23172,7/8/2026,WHITE,0,0,F,INDEX,,F,T,0,0
7/8/2026,9:40:15 AM,SPXW,ML/,83,2.9035,,PUT,7400,0,24098,7/8/2026,WHITE,0,0,F,INDEX,,F,T,0,0
7/8/2026,9:42:04 AM,SPXW,ML/,59,2.9086,,PUT,7400,0,17161,7/8/2026,WHITE,0,0,F,INDEX,,F,T,0,0
7/8/2026,9:43:03 AM,SPXW,BLOCK,83,2.9,,PUT,7400,0,24070,7/8/2026,WHITE,0,0,F,INDEX,,F,T,0,0
7/8/2026,9:44:52 AM,SPXW,ML/,102,2.6102,,PUT,7400,0,26623,7/8/2026,WHITE,0,0,F,INDEX,,F,T,0,0
7/8/2026,9:47:13 AM,SPXW,ML/,94,2.323,,PUT,7400,0,21836,7/8/2026,WHITE,0,0,F,INDEX,,F,T,0,0
7/8/2026,9:47:23 AM,SPXW,BLOCK,93,2.3516,,PUT,7400,0,21870,7/8/2026,WHITE,0,0,F,INDEX,,F,T,0,0
7/8/2026,9:47:45 AM,SPXW,ML/,221,2.4002,,PUT,7400,0,53044,7/8/2026,WHITE,0,0,F,INDEX,,F,T,0,0
7/8/2026,9:49:37 AM,SPXW,ML/,55,3.2251,,PUT,7400,0,17738,7/8/2026,WHITE,0,0,F,INDEX,,F,T,0,0
7/8/2026,9:53:10 AM,SPXW,ML/,55,2.9527,,PUT,7400,0,16240,7/8/2026,WHITE,0,0,F,INDEX,,F,T,0,0
7/8/2026,9:54:02 AM,SPXW,ML/,57,2.9967,,PUT,7400,0,17081,7/8/2026,WHITE,0,0,F,INDEX,,F,T,0,0
7/8/2026,9:57:07 AM,SPXW,BLOCK,70,2.7829,,PUT,7400,0,19480,7/8/2026,WHITE,0,0,F,INDEX,,F,T,0,0
7/8/2026,9:57:09 AM,SPXW,BLOCK,69,2.8268,,PUT,7400,0,19505,7/8/2026,WHITE,0,0,F,INDEX,,F,T,0,0
7/8/2026,9:57:09 AM,SPXW,ML/,56,2.7179,,PUT,7400,0,15220,7/8/2026,WHITE,0,0,F,INDEX,,F,T,0,0
7/8/2026,9:58:25 AM,SPXW,ML/,50,2.6,,PUT,7400,0,13000,7/8/2026,WHITE,0,0,F,INDEX,,F,T,0,0
7/8/2026,9:58:36 AM,SPXW,ML/,62,2.3745,,PUT,7400,0,14722,7/8/2026,WHITE,0,0,F,INDEX,,F,T,0,0
7/8/2026,10:05:01 AM,SPXW,ML/,60,2.3107,,PUT,7400,0,13864,7/8/2026,WHITE,0,0,F,INDEX,,F,T,0,0
7/8/2026,10:08:19 AM,SPXW,ML/,71,2.0223,,PUT,7400,0,14358,7/8/2026,WHITE,0,0,F,INDEX,,F,T,0,0
7/8/2026,10:09:40 AM,SPXW,ML/,103,2.2696,,PUT,7400,0,23377,7/8/2026,WHITE,0,0,F,INDEX,,F,T,0,0
7/8/2026,10:13:06 AM,SPXW,ML/,60,2.9725,,PUT,7400,0,17835,7/8/2026,WHITE,0,0,F,INDEX,,F,T,0,0
7/8/2026,10:15:14 AM,SPXW,ML/,58,3.4936,,PUT,7400,0,20263,7/8/2026,WHITE,0,0,F,INDEX,,F,T,0,0
7/8/2026,10:15:19 AM,SPXW,ML/,56,3.543,,PUT,7400,0,19841,7/8/2026,WHITE,0,0,F,INDEX,,F,T,0,0
7/8/2026,10:15:45 AM,SPXW,ML/,57,3.8244,,PUT,7400,0,21799,7/8/2026,WHITE,0,0,F,INDEX,,F,T,0,0
7/8/2026,10:15:48 AM,SPXW,ML/,83,3.7155,,PUT,7400,0,30839,7/8/2026,WHITE,0,0,F,INDEX,,F,T,0,0
7/8/2026,10:16:03 AM,SPXW,ML/,104,3.941,,PUT,7400,0,40986,7/8/2026,WHITE,0,0,F,INDEX,,F,T,0,0
7/8/2026,10:16:12 AM,SPXW,ML/,77,3.7712,,PUT,7400,0,29038,7/8/2026,WHITE,0,0,F,INDEX,,F,T,0,0
7/8/2026,10:17:48 AM,SPXW,ML/,68,3.1746,,PUT,7400,0,21587,7/8/2026,WHITE,0,0,F,INDEX,,F,T,0,0
7/8/2026,10:20:32 AM,SPXW,ML/,52,3.1527,,PUT,7400,0,16394,7/8/2026,WHITE,0,0,F,INDEX,,F,T,0,0
7/8/2026,10:21:06 AM,SPXW,ML/,104,2.5212,,PUT,7400,0,26220,7/8/2026,WHITE,0,0,F,INDEX,,F,T,0,0
7/8/2026,10:21:11 AM,SPXW,ML/,108,2.4151,,PUT,7400,0,26083,7/8/2026,WHITE,0,0,F,INDEX,,F,T,0,0
7/8/2026,10:21:50 AM,SPXW,ML/,133,1.9541,,PUT,7400,0,25989,7/8/2026,WHITE,0,0,F,INDEX,,F,T,0,0
7/8/2026,10:21:52 AM,SPXW,BLOCK,53,1.9566,,PUT,7400,0,10370,7/8/2026,WHITE,0,0,F,INDEX,,F,T,0,0
7/8/2026,10:24:42 AM,SPXW,ML/,99,2.12,,PUT,7400,0,20988,7/8/2026,WHITE,0,0,F,INDEX,,F,T,0,0
7/8/2026,10:26:02 AM,SPXW,ML/,60,1.7223,,PUT,7400,0,10334,7/8/2026,WHITE,0,0,F,INDEX,,F,T,0,0
7/8/2026,10:26:20 AM,SPXW,ML/,127,2.0174,,PUT,7400,0,25620,7/8/2026,WHITE,0,0,F,INDEX,,F,T,0,0
7/8/2026,10:27:03 AM,SPXW,ML/,84,2.5615,,PUT,7400,0,21517,7/8/2026,WHITE,0,0,F,INDEX,,F,T,0,0
7/8/2026,10:27:09 AM,SPXW,ML/,79,3.0448,,PUT,7400,0,24054,7/8/2026,WHITE,0,0,F,INDEX,,F,T,0,0
7/8/2026,10:27:12 AM,SPXW,ML/,149,3.383,,PUT,7400,0,50406,7/8/2026,WHITE,0,0,F,INDEX,,F,T,0,0
7/8/2026,10:30:03 AM,SPXW,ML/,72,2.6032,,PUT,7400,0,18743,7/8/2026,WHITE,0,0,F,INDEX,,F,T,0,0
7/8/2026,10:34:26 AM,SPXW,ML/,56,2.1863,,PUT,7400,0,12243,7/8/2026,WHITE,0,0,F,INDEX,,F,T,0,0
7/8/2026,10:35:55 AM,SPXW,ML/,61,3.2667,,PUT,7400,0,19927,7/8/2026,WHITE,0,0,F,INDEX,,F,T,0,0
7/8/2026,10:35:58 AM,SPXW,ML/,69,3.2465,,PUT,7400,0,22401,7/8/2026,WHITE,0,0,F,INDEX,,F,T,0,0
7/8/2026,10:36:01 AM,SPXW,ML/,103,3.3768,,PUT,7400,0,34781,7/8/2026,WHITE,0,0,F,INDEX,,F,T,0,0
7/8/2026,10:36:50 AM,SPXW,ML/,65,3.5702,,PUT,7400,0,23206,7/8/2026,WHITE,0,0,F,INDEX,,F,T,0,0
7/8/2026,10:37:02 AM,SPXW,ML/,89,3.8125,,PUT,7400,0,33931,7/8/2026,WHITE,0,0,F,INDEX,,F,T,0,0
7/8/2026,10:37:31 AM,SPXW,ML/,136,3.2488,,PUT,7400,0,44184,7/8/2026,WHITE,0,0,F,INDEX,,F,T,0,0
7/8/2026,10:40:00 AM,SPXW,ML/,68,3.7846,,PUT,7400,0,25734,7/8/2026,WHITE,0,0,F,INDEX,,F,T,0,0
7/8/2026,10:40:14 AM,SPXW,BLOCK,71,3.3535,,PUT,7400,0,23810,7/8/2026,WHITE,0,0,F,INDEX,,F,T,0,0
7/8/2026,10:41:36 AM,SPXW,BLOCK,140,3.4964,,PUT,7400,0,48950,7/8/2026,WHITE,0,0,F,INDEX,,F,T,0,0
7/8/2026,10:43:19 AM,SPXW,BLOCK,69,3.6986,,PUT,7400,0,25520,7/8/2026,WHITE,0,0,F,INDEX,,F,T,0,0
7/8/2026,10:43:58 AM,SPXW,ML/,54,3.5222,,PUT,7400,0,19020,7/8/2026,WHITE,0,0,F,INDEX,,F,T,0,0
7/8/2026,10:44:10 AM,SPXW,ML/,54,3.238,,PUT,7400,0,17485,7/8/2026,WHITE,0,0,F,INDEX,,F,T,0,0
7/8/2026,10:44:17 AM,SPXW,ML/,81,3.0501,,PUT,7400,0,24706,7/8/2026,WHITE,0,0,F,INDEX,,F,T,0,0
7/8/2026,10:45:32 AM,SPXW,ML/,56,3.8304,,PUT,7400,0,21450,7/8/2026,WHITE,0,0,F,INDEX,,F,T,0,0
7/8/2026,10:46:07 AM,SPXW,ML/,60,3.4817,,PUT,7400,0,20890,7/8/2026,WHITE,0,0,F,INDEX,,F,T,0,0
7/8/2026,10:46:45 AM,SPXW,ML/,203,3.9435,,PUT,7400,0,80054,7/8/2026,WHITE,0,0,F,INDEX,,F,T,0,0
7/8/2026,10:47:20 AM,SPXW,ML/,111,3.9631,,PUT,7400,0,43990,7/8/2026,WHITE,0,0,F,INDEX,,F,T,0,0
7/8/2026,10:48:15 AM,SPXW,ML/,62,3.7742,,PUT,7400,0,23400,7/8/2026,WHITE,0,0,F,INDEX,,F,T,0,0
7/8/2026,10:48:26 AM,SPXW,ML/,53,3.734,,PUT,7400,0,19790,7/8/2026,WHITE,0,0,F,INDEX,,F,T,0,0
7/8/2026,10:49:13 AM,SPXW,ML/,93,4.1215,,PUT,7400,0,38329,7/8/2026,WHITE,0,0,F,INDEX,,F,T,0,0
7/8/2026,10:49:38 AM,SPXW,BLOCK,65,4.3046,,PUT,7400,0,27979,7/8/2026,WHITE,0,0,F,INDEX,,F,T,0,0
7/8/2026,10:50:01 AM,SPXW,ML/,117,4.1349,,PUT,7400,0,48378,7/8/2026,WHITE,0,0,F,INDEX,,F,T,0,0
7/8/2026,10:50:10 AM,SPXW,ML/,77,4.5269,,PUT,7400,0,34857,7/8/2026,WHITE,0,0,F,INDEX,,F,T,0,0
7/8/2026,10:50:17 AM,SPXW,ML/,78,4.5347,,PUT,7400,0,35371,7/8/2026,WHITE,0,0,F,INDEX,,F,T,0,0
7/8/2026,10:50:26 AM,SPXW,ML/,224,4.7996,,PUT,7400,0,107511,7/8/2026,WHITE,0,0,F,INDEX,,F,T,0,0
7/8/2026,10:50:27 AM,SPXW,ML/,169,4.9553,,PUT,7400,0,83744,7/8/2026,WHITE,0,0,F,INDEX,,F,T,0,0
7/8/2026,10:50:33 AM,SPXW,ML/,206,5.1616,,PUT,7400,0,106329,7/8/2026,WHITE,0,0,F,INDEX,,F,T,0,0
7/8/2026,10:50:45 AM,SPXW,ML/,169,5.1491,,PUT,7400,0,87020,7/8/2026,WHITE,0,0,F,INDEX,,F,T,0,0
7/8/2026,10:50:51 AM,SPXW,ML/,85,4.5573,,PUT,7400,0,38737,7/8/2026,WHITE,0,0,F,INDEX,,F,T,0,0
7/8/2026,10:52:01 AM,SPXW,ML/,58,4.1593,,PUT,7400,0,24124,7/8/2026,WHITE,0,0,F,INDEX,,F,T,0,0
7/8/2026,10:52:15 AM,SPXW,ML/,53,3.7723,,PUT,7400,0,19993,7/8/2026,WHITE,0,0,F,INDEX,,F,T,0,0
7/8/2026,10:52:29 AM,SPXW,ML/,50,3.576,,PUT,7400,0,17880,7/8/2026,WHITE,0,0,F,INDEX,,F,T,0,0
7/8/2026,10:53:07 AM,SPXW,ML/,60,3.85,,PUT,7400,0,23100,7/8/2026,WHITE,0,0,F,INDEX,,F,T,0,0
7/8/2026,10:53:46 AM,SPXW,ML/,384,3.0347,,PUT,7400,0,116531,7/8/2026,WHITE,0,0,F,INDEX,,F,T,0,0
7/8/2026,10:54:06 AM,SPXW,ML/,55,3.2953,,PUT,7400,0,18123,7/8/2026,WHITE,0,0,F,INDEX,,F,T,0,0
7/8/2026,10:56:21 AM,SPXW,ML/,52,2.6192,,PUT,7400,0,13619,7/8/2026,WHITE,0,0,F,INDEX,,F,T,0,0
7/8/2026,11:00:00 AM,SPXW,BLOCK,258,3.4333,,PUT,7400,0,88580,7/8/2026,WHITE,0,0,F,INDEX,,F,T,0,0
7/8/2026,11:00:13 AM,SPXW,BLOCK,52,3.7,,PUT,7400,0,19240,7/8/2026,WHITE,0,0,F,INDEX,,F,T,0,0
7/8/2026,11:00:22 AM,SPXW,BLOCK,209,3.899,,PUT,7400,0,81490,7/8/2026,WHITE,0,0,F,INDEX,,F,T,0,0
7/8/2026,11:01:02 AM,SPXW,ML/,252,3.6486,,PUT,7400,0,91945,7/8/2026,WHITE,0,0,F,INDEX,,F,T,0,0
7/8/2026,11:05:29 AM,SPXW,ML/,51,3.6804,,PUT,7400,0,18770,7/8/2026,WHITE,0,0,F,INDEX,,F,T,0,0
7/8/2026,11:05:59 AM,SPXW,ML/,212,3.2528,,PUT,7400,0,68960,7/8/2026,WHITE,0,0,F,INDEX,,F,T,0,0
7/8/2026,11:09:25 AM,SPXW,ML/,89,3.4775,,PUT,7400,0,30950,7/8/2026,WHITE,0,0,F,INDEX,,F,T,0,0
7/8/2026,11:10:05 AM,SPXW,ML/,78,3.7679,,PUT,7400,0,29389,7/8/2026,WHITE,0,0,F,INDEX,,F,T,0,0
7/8/2026,11:12:12 AM,SPXW,ML/,81,3.973,,PUT,7400,0,32181,7/8/2026,WHITE,0,0,F,INDEX,,F,T,0,0
7/8/2026,11:14:01 AM,SPXW,ML/,58,4.0095,,PUT,7400,0,23255,7/8/2026,WHITE,0,0,F,INDEX,,F,T,0,0
7/8/2026,11:14:20 AM,SPXW,ML/,56,4.4077,,PUT,7400,0,24683,7/8/2026,WHITE,0,0,F,INDEX,,F,T,0,0
7/8/2026,11:14:22 AM,SPXW,ML/,79,4.5153,,PUT,7400,0,35671,7/8/2026,WHITE,0,0,F,INDEX,,F,T,0,0
7/8/2026,11:14:29 AM,SPXW,ML/,59,4.4741,,PUT,7400,0,26397,7/8/2026,WHITE,0,0,F,INDEX,,F,T,0,0
7/8/2026,11:14:34 AM,SPXW,ML/,111,4.4446,,PUT,7400,0,49335,7/8/2026,WHITE,0,0,F,INDEX,,F,T,0,0
7/8/2026,11:16:10 AM,SPXW,ML/,74,4.9997,,PUT,7400,0,36998,7/8/2026,WHITE,0,0,F,INDEX,,F,T,0,0
7/8/2026,11:16:33 AM,SPXW,ML/,133,5.0671,,PUT,7400,0,67392,7/8/2026,WHITE,0,0,F,INDEX,,F,T,0,0
7/8/2026,11:17:14 AM,SPXW,ML/,63,5.5287,,PUT,7400,0,34831,7/8/2026,WHITE,0,0,F,INDEX,,F,T,0,0
7/8/2026,11:17:28 AM,SPXW,ML/,146,5.9099,,PUT,7400,0,86284,7/8/2026,WHITE,0,0,F,INDEX,,F,T,0,0
7/8/2026,11:17:32 AM,SPXW,ML/,89,6.0112,,PUT,7400,0,53500,7/8/2026,WHITE,0,0,F,INDEX,,F,T,0,0
7/8/2026,11:17:35 AM,SPXW,ML/,59,5.8481,,PUT,7400,0,34504,7/8/2026,WHITE,0,0,F,INDEX,,F,T,0,0
7/8/2026,11:18:16 AM,SPXW,ML/,70,5.1479,,PUT,7400,0,36035,7/8/2026,WHITE,0,0,F,INDEX,,F,T,0,0
7/8/2026,11:18:19 AM,SPXW,ML/,56,4.9684,,PUT,7400,0,27823,7/8/2026,WHITE,0,0,F,INDEX,,F,T,0,0
7/8/2026,11:19:10 AM,SPXW,ML/,60,4.1232,,PUT,7400,0,24739,7/8/2026,WHITE,0,0,F,INDEX,,F,T,0,0
7/8/2026,11:19:24 AM,SPXW,ML/,54,4.2613,,PUT,7400,0,23011,7/8/2026,WHITE,0,0,F,INDEX,,F,T,0,0
7/8/2026,11:19:37 AM,SPXW,ML/,54,3.9985,,PUT,7400,0,21592,7/8/2026,WHITE,0,0,F,INDEX,,F,T,0,0
7/8/2026,11:19:38 AM,SPXW,ML/,136,3.7371,,PUT,7400,0,50825,7/8/2026,WHITE,0,0,F,INDEX,,F,T,0,0
7/8/2026,11:20:06 AM,SPXW,ML/,80,4.4814,,PUT,7400,0,35851,7/8/2026,WHITE,0,0,F,INDEX,,F,T,0,0
7/8/2026,11:20:42 AM,SPXW,BLOCK,65,3.9415,,PUT,7400,0,25620,7/8/2026,WHITE,0,0,F,INDEX,,F,T,0,0
7/8/2026,11:20:45 AM,SPXW,ML/,54,3.7078,,PUT,7400,0,20022,7/8/2026,WHITE,0,0,F,INDEX,,F,T,0,0
7/8/2026,11:23:00 AM,SPXW,BLOCK,101,5.1,,PUT,7400,0,51509,7/8/2026,WHITE,0,0,F,INDEX,,F,T,0,0
7/8/2026,11:23:46 AM,SPXW,ML/,79,5.6929,,PUT,7400,0,44974,7/8/2026,WHITE,0,0,F,INDEX,,F,T,0,0
7/8/2026,11:23:58 AM,SPXW,ML/,89,5.9983,,PUT,7400,0,53385,7/8/2026,WHITE,0,0,F,INDEX,,F,T,0,0
7/8/2026,11:24:02 AM,SPXW,ML/,57,6.0389,,PUT,7400,0,34422,7/8/2026,WHITE,0,0,F,INDEX,,F,T,0,0
7/8/2026,11:24:03 AM,SPXW,ML/,78,6.1227,,PUT,7400,0,47757,7/8/2026,WHITE,0,0,F,INDEX,,F,T,0,0
7/8/2026,11:24:10 AM,SPXW,BLOCK,105,5.9029,,PUT,7400,0,61980,7/8/2026,WHITE,0,0,F,INDEX,,F,T,0,0
7/8/2026,11:24:26 AM,SPXW,ML/,231,6.3336,,PUT,7400,0,146306,7/8/2026,WHITE,0,0,F,INDEX,,F,T,0,0
7/8/2026,11:24:38 AM,SPXW,ML/,71,6.5394,,PUT,7400,0,46430,7/8/2026,WHITE,0,0,F,INDEX,,F,T,0,0
7/8/2026,11:25:03 AM,SPXW,ML/,60,5.9297,,PUT,7400,0,35578,7/8/2026,WHITE,0,0,F,INDEX,,F,T,0,0
7/8/2026,11:25:27 AM,SPXW,ML/,94,6.734,,PUT,7400,0,63300,7/8/2026,WHITE,0,0,F,INDEX,,F,T,0,0
7/8/2026,11:25:30 AM,SPXW,ML/,83,6.6919,,PUT,7400,0,55542,7/8/2026,WHITE,0,0,F,INDEX,,F,T,0,0
7/8/2026,11:25:34 AM,SPXW,ML/,107,6.8533,,PUT,7400,0,73330,7/8/2026,WHITE,0,0,F,INDEX,,F,T,0,0
7/8/2026,11:26:01 AM,SPXW,ML/,119,6.733,,PUT,7400,0,80123,7/8/2026,WHITE,0,0,F,INDEX,,F,T,0,0
7/8/2026,11:26:23 AM,SPXW,ML/,127,7.5685,,PUT,7400,0,96120,7/8/2026,WHITE,0,0,F,INDEX,,F,T,0,0
7/8/2026,11:26:27 AM,SPXW,ML/,152,7.8424,,PUT,7400,0,119205,7/8/2026,WHITE,0,0,F,INDEX,,F,T,0,0
7/8/2026,11:26:34 AM,SPXW,ML/,82,8.0226,,PUT,7400,0,65785,7/8/2026,WHITE,0,0,F,INDEX,,F,T,0,0
7/8/2026,11:27:18 AM,SPXW,ML/,65,7.2763,,PUT,7400,0,47296,7/8/2026,WHITE,0,0,F,INDEX,,F,T,0,0
7/8/2026,11:27:52 AM,SPXW,ML/,138,7.4831,,PUT,7400,0,103267,7/8/2026,WHITE,0,0,F,INDEX,,F,T,0,0
7/8/2026,11:28:16 AM,SPXW,ML/,50,6.777,,PUT,7400,0,33885,7/8/2026,WHITE,0,0,F,INDEX,,F,T,0,0
7/8/2026,11:30:13 AM,SPXW,ML/,50,6.961,,PUT,7400,0,34805,7/8/2026,WHITE,0,0,F,INDEX,,F,T,0,0
7/8/2026,11:30:22 AM,SPXW,ML/,255,7.6908,,PUT,7400,0,196115,7/8/2026,WHITE,0,0,F,INDEX,,F,T,0,0
7/8/2026,11:30:33 AM,SPXW,ML/,60,7.8768,,PUT,7400,0,47261,7/8/2026,WHITE,0,0,F,INDEX,,F,T,0,0
7/8/2026,11:31:23 AM,SPXW,ML/,74,7.0199,,PUT,7400,0,51947,7/8/2026,WHITE,0,0,F,INDEX,,F,T,0,0
7/8/2026,11:32:13 AM,SPXW,ML/,62,6.1494,,PUT,7400,0,38126,7/8/2026,WHITE,0,0,F,INDEX,,F,T,0,0
7/8/2026,11:32:15 AM,SPXW,ML/,81,6.0678,,PUT,7400,0,49149,7/8/2026,WHITE,0,0,F,INDEX,,F,T,0,0
7/8/2026,11:32:45 AM,SPXW,ML/,82,5.5007,,PUT,7400,0,45106,7/8/2026,WHITE,0,0,F,INDEX,,F,T,0,0
7/8/2026,11:33:12 AM,SPXW,ML/,50,5.3138,,PUT,7400,0,26569,7/8/2026,WHITE,0,0,F,INDEX,,F,T,0,0
7/8/2026,11:33:40 AM,SPXW,ML/,53,4.6849,,PUT,7400,0,24830,7/8/2026,WHITE,0,0,F,INDEX,,F,T,0,0
7/8/2026,11:35:05 AM,SPXW,ML/,53,5.1547,,PUT,7400,0,27320,7/8/2026,WHITE,0,0,F,INDEX,,F,T,0,0
7/8/2026,11:36:53 AM,SPXW,ML/,108,4.9858,,PUT,7400,0,53847,7/8/2026,WHITE,0,0,F,INDEX,,F,T,0,0
7/8/2026,11:36:58 AM,SPXW,ML/,62,4.1037,,PUT,7400,0,25443,7/8/2026,WHITE,0,0,F,INDEX,,F,T,0,0
7/8/2026,11:37:06 AM,SPXW,ML/,63,3.9138,,PUT,7400,0,24657,7/8/2026,WHITE,0,0,F,INDEX,,F,T,0,0
7/8/2026,11:40:00 AM,SPXW,ML/,73,4.7314,,PUT,7400,0,34539,7/8/2026,WHITE,0,0,F,INDEX,,F,T,0,0
7/8/2026,11:40:06 AM,SPXW,ML/,136,4.636,,PUT,7400,0,63049,7/8/2026,WHITE,0,0,F,INDEX,,F,T,0,0
7/8/2026,11:40:55 AM,SPXW,ML/,50,4.0034,,PUT,7400,0,20017,7/8/2026,WHITE,0,0,F,INDEX,,F,T,0,0
7/8/2026,11:45:01 AM,SPXW,ML/,73,4.9242,,PUT,7400,0,35947,7/8/2026,WHITE,0,0,F,INDEX,,F,T,0,0
7/8/2026,11:46:05 AM,SPXW,ML/,70,4.4449,,PUT,7400,0,31114,7/8/2026,WHITE,0,0,F,INDEX,,F,T,0,0
7/8/2026,11:50:24 AM,SPXW,ML/,51,4.8063,,PUT,7400,0,24512,7/8/2026,WHITE,0,0,F,INDEX,,F,T,0,0
7/8/2026,11:54:09 AM,SPXW,ML/,66,5.4576,,PUT,7400,0,36020,7/8/2026,WHITE,0,0,F,INDEX,,F,T,0,0
7/8/2026,11:55:01 AM,SPXW,ML/,64,4.6036,,PUT,7400,0,29463,7/8/2026,WHITE,0,0,F,INDEX,,F,T,0,0
7/8/2026,11:56:02 AM,SPXW,BLOCK,78,4.6,,PUT,7400,0,35879,7/8/2026,WHITE,0,0,F,INDEX,,F,T,0,0
7/8/2026,12:00:17 PM,SPXW,ML/,74,4.0009,,PUT,7400,0,29607,7/8/2026,WHITE,0,0,F,INDEX,,F,T,0,0
7/8/2026,12:00:23 PM,SPXW,ML/,70,3.7576,,PUT,7400,0,26302,7/8/2026,WHITE,0,0,F,INDEX,,F,T,0,0
7/8/2026,12:00:31 PM,SPXW,ML/,71,3.682,,PUT,7400,0,26142,7/8/2026,WHITE,0,0,F,INDEX,,F,T,0,0
7/8/2026,12:00:42 PM,SPXW,ML/,71,3.4952,,PUT,7400,0,24816,7/8/2026,WHITE,0,0,F,INDEX,,F,T,0,0
7/8/2026,12:00:45 PM,SPXW,ML/,91,3.3762,,PUT,7400,0,30723,7/8/2026,WHITE,0,0,F,INDEX,,F,T,0,0
7/8/2026,12:01:37 PM,SPXW,BLOCK,57,3.5193,,PUT,7400,0,20060,7/8/2026,WHITE,0,0,F,INDEX,,F,T,0,0
7/8/2026,12:02:46 PM,SPXW,ML/,52,3.6206,,PUT,7400,0,18827,7/8/2026,WHITE,0,0,F,INDEX,,F,T,0,0
7/8/2026,12:03:21 PM,SPXW,BLOCK,51,3.5,,PUT,7400,0,17850,7/8/2026,WHITE,0,0,F,INDEX,,F,T,0,0
7/8/2026,12:04:39 PM,SPXW,ML/,102,3.35,,PUT,7400,0,34170,7/8/2026,WHITE,0,0,F,INDEX,,F,T,0,0
7/8/2026,12:05:00 PM,SPXW,ML/,72,3.2347,,PUT,7400,0,23290,7/8/2026,WHITE,0,0,F,INDEX,,F,T,0,0
7/8/2026,12:05:03 PM,SPXW,ML/,67,3.0752,,PUT,7400,0,20604,7/8/2026,WHITE,0,0,F,INDEX,,F,T,0,0
7/8/2026,12:05:33 PM,SPXW,ML/,77,2.7553,,PUT,7400,0,21216,7/8/2026,WHITE,0,0,F,INDEX,,F,T,0,0
7/8/2026,12:05:40 PM,SPXW,ML/,71,2.839,,PUT,7400,0,20157,7/8/2026,WHITE,0,0,F,INDEX,,F,T,0,0
7/8/2026,12:09:51 PM,SPXW,ML/,72,2.4926,,PUT,7400,0,17947,7/8/2026,WHITE,0,0,F,INDEX,,F,T,0,0
7/8/2026,12:10:55 PM,SPXW,ML/,64,2.2075,,PUT,7400,0,14128,7/8/2026,WHITE,0,0,F,INDEX,,F,T,0,0
7/8/2026,12:11:14 PM,SPXW,ML/,60,2.0048,,PUT,7400,0,12029,7/8/2026,WHITE,0,0,F,INDEX,,F,T,0,0
7/8/2026,12:11:20 PM,SPXW,ML/,51,1.9835,,PUT,7400,0,10116,7/8/2026,WHITE,0,0,F,INDEX,,F,T,0,0
7/8/2026,12:11:42 PM,SPXW,ML/,50,2.08,,PUT,7400,0,10400,7/8/2026,WHITE,0,0,F,INDEX,,F,T,0,0
7/8/2026,12:13:28 PM,SPXW,ML/,78,2.0544,,PUT,7400,0,16023,7/8/2026,WHITE,0,0,F,INDEX,,F,T,0,0
7/8/2026,12:15:00 PM,SPXW,ML/,58,1.8026,,PUT,7400,0,10455,7/8/2026,WHITE,0,0,F,INDEX,,F,T,0,0
7/8/2026,12:15:27 PM,SPXW,ML/,480,1.9306,,PUT,7400,0,92670,7/8/2026,WHITE,0,0,F,INDEX,,F,T,0,0
7/8/2026,12:16:45 PM,SPXW,ML/,204,1.9944,,PUT,7400,0,40686,7/8/2026,WHITE,0,0,F,INDEX,,F,T,0,0
7/8/2026,12:17:55 PM,SPXW,ML/,143,1.6,,PUT,7400,0,22880,7/8/2026,WHITE,0,0,F,INDEX,,F,T,0,0
7/8/2026,12:19:26 PM,SPXW,ML/,102,1.7299,,PUT,7400,0,17645,7/8/2026,WHITE,0,0,F,INDEX,,F,T,0,0
7/8/2026,12:20:36 PM,SPXW,ML/,101,1.4573,,PUT,7400,0,14719,7/8/2026,WHITE,0,0,F,INDEX,,F,T,0,0
7/8/2026,12:20:51 PM,SPXW,ML/,81,1.3626,,PUT,7400,0,11037,7/8/2026,WHITE,0,0,F,INDEX,,F,T,0,0
7/8/2026,12:25:26 PM,SPXW,BLOCK,81,1.4475,,PUT,7400,0,11724,7/8/2026,WHITE,0,0,F,INDEX,,F,T,0,0
7/8/2026,12:30:52 PM,SPXW,ML/,104,0.9683,,PUT,7400,0,10070,7/8/2026,WHITE,0,0,F,INDEX,,F,T,0,0
7/8/2026,12:31:01 PM,SPXW,ML/,116,0.8822,,PUT,7400,0,10233,7/8/2026,WHITE,0,0,F,INDEX,,F,T,0,0
7/8/2026,12:33:11 PM,SPXW,ML/,125,0.9745,,PUT,7400,0,12181,7/8/2026,WHITE,0,0,F,INDEX,,F,T,0,0
7/8/2026,12:37:49 PM,SPXW,ML/,110,1.2686,,PUT,7400,0,13955,7/8/2026,WHITE,0,0,F,INDEX,,F,T,0,0
7/8/2026,12:39:43 PM,SPXW,ML/,204,1.0308,,PUT,7400,0,21028,7/8/2026,WHITE,0,0,F,INDEX,,F,T,0,0
7/8/2026,12:40:54 PM,SPXW,ML/,162,0.6993,,PUT,7400,0,11329,7/8/2026,WHITE,0,0,F,INDEX,,F,T,0,0
7/8/2026,12:58:45 PM,SPXW,ML/,275,0.6,,PUT,7400,0,16500,7/8/2026,WHITE,0,0,F,INDEX,,F,T,0,0
7/8/2026,1:10:38 PM,SPXW,BLOCK,501,0.55,,PUT,7400,0,27555,7/8/2026,WHITE,0,0,F,INDEX,,F,T,0,0
7/8/2026,9:30:51 AM,SPXW,ML/,126,17.8979,,PUT,7450,0,225513,7/8/2026,WHITE,0,0,F,INDEX,,F,T,0,0
7/8/2026,9:35:04 AM,SPXW,ML/,52,15.7942,,PUT,7450,0,82130,7/8/2026,WHITE,0,0,F,INDEX,,F,T,0,0
7/8/2026,9:35:45 AM,SPXW,ML/,75,16.7557,,PUT,7450,0,125667,7/8/2026,WHITE,0,0,F,INDEX,,F,T,0,0
7/8/2026,9:37:56 AM,SPXW,BLOCK,75,13.868,,PUT,7450,0,104009,7/8/2026,WHITE,0,0,F,INDEX,,F,T,0,0
7/8/2026,9:38:33 AM,SPXW,ML/,52,15.5019,,PUT,7450,0,80610,7/8/2026,WHITE,0,0,F,INDEX,,F,T,0,0
7/8/2026,9:42:41 AM,SPXW,ML/,145,12.9098,,PUT,7450,0,187192,7/8/2026,WHITE,0,0,F,INDEX,,F,T,0,0
7/8/2026,9:44:37 AM,SPXW,ML/,50,11.65,,PUT,7450,0,58250,7/8/2026,WHITE,0,0,F,INDEX,,F,T,0,0
7/8/2026,9:49:15 AM,SPXW,BLOCK,117,11.888,,PUT,7450,0,139090,7/8/2026,WHITE,0,0,F,INDEX,,F,T,0,0
7/8/2026,9:51:09 AM,SPXW,ML/,74,12.2426,,PUT,7450,0,90595,7/8/2026,WHITE,0,0,F,INDEX,,F,T,0,0
7/8/2026,9:57:12 AM,SPXW,ML/,66,11.7292,,PUT,7450,0,77413,7/8/2026,WHITE,0,0,F,INDEX,,F,T,0,0
7/8/2026,10:05:01 AM,SPXW,ML/,51,10.7424,,PUT,7450,0,54786,7/8/2026,WHITE,0,0,F,INDEX,,F,T,0,0
7/8/2026,10:05:51 AM,SPXW,ML/,71,9.7185,,PUT,7450,0,69001,7/8/2026,WHITE,0,0,F,INDEX,,F,T,0,0
7/8/2026,10:08:18 AM,SPXW,ML/,54,9.3739,,PUT,7450,0,50619,7/8/2026,WHITE,0,0,F,INDEX,,F,T,0,0
7/8/2026,10:11:57 AM,SPXW,ML/,64,12.9766,,PUT,7450,0,83050,7/8/2026,WHITE,0,0,F,INDEX,,F,T,0,0
7/8/2026,10:12:36 AM,SPXW,BLOCK,52,13.9981,,PUT,7450,0,72790,7/8/2026,WHITE,0,0,F,INDEX,,F,T,0,0
7/8/2026,10:15:15 AM,SPXW,ML/,88,15.3058,,PUT,7450,0,134691,7/8/2026,WHITE,0,0,F,INDEX,,F,T,0,0
7/8/2026,10:15:24 AM,SPXW,ML/,51,15.9157,,PUT,7450,0,81170,7/8/2026,WHITE,0,0,F,INDEX,,F,T,0,0
7/8/2026,10:15:31 AM,SPXW,ML/,56,15.3057,,PUT,7450,0,85712,7/8/2026,WHITE,0,0,F,INDEX,,F,T,0,0
7/8/2026,10:15:50 AM,SPXW,BLOCK,53,16.0925,,PUT,7450,0,85290,7/8/2026,WHITE,0,0,F,INDEX,,F,T,0,0
7/8/2026,10:15:56 AM,SPXW,ML/,146,15.5368,,PUT,7450,0,226837,7/8/2026,WHITE,0,0,F,INDEX,,F,T,0,0
7/8/2026,10:16:03 AM,SPXW,ML/,53,16.4928,,PUT,7450,0,87412,7/8/2026,WHITE,0,0,F,INDEX,,F,T,0,0
7/8/2026,10:16:11 AM,SPXW,ML/,136,16.3297,,PUT,7450,0,222084,7/8/2026,WHITE,0,0,F,INDEX,,F,T,0,0
7/8/2026,10:16:20 AM,SPXW,ML/,56,15.6618,,PUT,7450,0,87706,7/8/2026,WHITE,0,0,F,INDEX,,F,T,0,0
7/8/2026,10:16:31 AM,SPXW,ML/,63,15.3183,,PUT,7450,0,96505,7/8/2026,WHITE,0,0,F,INDEX,,F,T,0,0
7/8/2026,10:17:00 AM,SPXW,ML/,147,15.6362,,PUT,7450,0,229852,7/8/2026,WHITE,0,0,F,INDEX,,F,T,0,0
7/8/2026,10:17:17 AM,SPXW,ML/,59,16.0402,,PUT,7450,0,94637,7/8/2026,WHITE,0,0,F,INDEX,,F,T,0,0
7/8/2026,10:17:49 AM,SPXW,ML/,212,13.8094,,PUT,7450,0,292759,7/8/2026,WHITE,0,0,F,INDEX,,F,T,0,0
7/8/2026,10:17:53 AM,SPXW,BLOCK,61,13.1541,,PUT,7450,0,80240,7/8/2026,WHITE,0,0,F,INDEX,,F,T,0,0
7/8/2026,10:19:12 AM,SPXW,ML/,50,15.1204,,PUT,7450,0,75602,7/8/2026,WHITE,0,0,F,INDEX,,F,T,0,0
7/8/2026,10:19:45 AM,SPXW,BLOCK,100,14.8,,PUT,7450,0,148000,7/8/2026,WHITE,0,0,F,INDEX,,F,T,0,0
7/8/2026,10:19:59 AM,SPXW,BLOCK,50,13.8,,PUT,7450,0,69000,7/8/2026,WHITE,0,0,F,INDEX,,F,T,0,0
7/8/2026,10:20:45 AM,SPXW,ML/,110,12.3113,,PUT,7450,0,135424,7/8/2026,WHITE,0,0,F,INDEX,,F,T,0,0
7/8/2026,10:23:03 AM,SPXW,BLOCK,50,9.406,,PUT,7450,0,47030,7/8/2026,WHITE,0,0,F,INDEX,,F,T,0,0
7/8/2026,10:27:11 AM,SPXW,ML/,108,15.0704,,PUT,7450,0,162760,7/8/2026,WHITE,0,0,F,INDEX,,F,T,0,0
7/8/2026,10:33:32 AM,SPXW,ML/,55,15.0313,,PUT,7450,0,82672,7/8/2026,WHITE,0,0,F,INDEX,,F,T,0,0
7/8/2026,10:33:53 AM,SPXW,ML/,57,12.9882,,PUT,7450,0,74033,7/8/2026,WHITE,0,0,F,INDEX,,F,T,0,0
7/8/2026,10:36:01 AM,SPXW,ML/,200,16.1291,,PUT,7450,0,322582,7/8/2026,WHITE,0,0,F,INDEX,,F,T,0,0
7/8/2026,10:36:49 AM,SPXW,ML/,50,16.7792,,PUT,7450,0,83896,7/8/2026,WHITE,0,0,F,INDEX,,F,T,0,0
7/8/2026,10:36:52 AM,SPXW,ML/,140,16.6451,,PUT,7450,0,233031,7/8/2026,WHITE,0,0,F,INDEX,,F,T,0,0
7/8/2026,10:37:00 AM,SPXW,ML/,109,17.54,,PUT,7450,0,191186,7/8/2026,WHITE,0,0,F,INDEX,,F,T,0,0
7/8/2026,10:37:06 AM,SPXW,ML/,119,16.9199,,PUT,7450,0,201347,7/8/2026,WHITE,0,0,F,INDEX,,F,T,0,0
7/8/2026,10:37:14 AM,SPXW,ML/,101,17.3752,,PUT,7450,0,175490,7/8/2026,WHITE,0,0,F,INDEX,,F,T,0,0
7/8/2026,10:37:26 AM,SPXW,BLOCK,115,16.1635,,PUT,7450,0,185880,7/8/2026,WHITE,0,0,F,INDEX,,F,T,0,0
7/8/2026,10:37:36 AM,SPXW,BLOCK,52,14.5923,,PUT,7450,0,75880,7/8/2026,WHITE,0,0,F,INDEX,,F,T,0,0
7/8/2026,10:38:50 AM,SPXW,ML/,80,17.0541,,PUT,7450,0,136433,7/8/2026,WHITE,0,0,F,INDEX,,F,T,0,0
7/8/2026,10:39:06 AM,SPXW,ML/,62,16.554,,PUT,7450,0,102635,7/8/2026,WHITE,0,0,F,INDEX,,F,T,0,0
7/8/2026,10:39:11 AM,SPXW,ML/,106,16.7387,,PUT,7450,0,177430,7/8/2026,WHITE,0,0,F,INDEX,,F,T,0,0
7/8/2026,10:39:27 AM,SPXW,ML/,60,16.8908,,PUT,7450,0,101345,7/8/2026,WHITE,0,0,F,INDEX,,F,T,0,0
7/8/2026,10:39:43 AM,SPXW,ML/,89,17.2257,,PUT,7450,0,153309,7/8/2026,WHITE,0,0,F,INDEX,,F,T,0,0
7/8/2026,10:40:13 AM,SPXW,ML/,112,16.9911,,PUT,7450,0,190300,7/8/2026,WHITE,0,0,F,INDEX,,F,T,0,0
7/8/2026,10:40:50 AM,SPXW,ML/,55,17.4513,,PUT,7450,0,95982,7/8/2026,WHITE,0,0,F,INDEX,,F,T,0,0
7/8/2026,10:41:46 AM,SPXW,ML/,73,15.7404,,PUT,7450,0,114905,7/8/2026,WHITE,0,0,F,INDEX,,F,T,0,0
7/8/2026,10:43:01 AM,SPXW,ML/,321,17.012,,PUT,7450,0,546084,7/8/2026,WHITE,0,0,F,INDEX,,F,T,0,0
7/8/2026,10:43:12 AM,SPXW,ML/,56,17.5488,,PUT,7450,0,98273,7/8/2026,WHITE,0,0,F,INDEX,,F,T,0,0
7/8/2026,10:43:25 AM,SPXW,ML/,394,17.8079,,PUT,7450,0,701633,7/8/2026,WHITE,0,0,F,INDEX,,F,T,0,0
7/8/2026,10:43:36 AM,SPXW,ML/,59,18.1575,,PUT,7450,0,107129,7/8/2026,WHITE,0,0,F,INDEX,,F,T,0,0
7/8/2026,10:43:51 AM,SPXW,ML/,83,17.8827,,PUT,7450,0,148426,7/8/2026,WHITE,0,0,F,INDEX,,F,T,0,0
7/8/2026,10:43:55 AM,SPXW,ML/,56,17.4652,,PUT,7450,0,97805,7/8/2026,WHITE,0,0,F,INDEX,,F,T,0,0
7/8/2026,10:44:12 AM,SPXW,ML/,59,15.9803,,PUT,7450,0,94284,7/8/2026,WHITE,0,0,F,INDEX,,F,T,0,0
7/8/2026,10:45:36 AM,SPXW,ML/,53,18.4711,,PUT,7450,0,97897,7/8/2026,WHITE,0,0,F,INDEX,,F,T,0,0
7/8/2026,10:46:19 AM,SPXW,ML/,67,18.2664,,PUT,7450,0,122385,7/8/2026,WHITE,0,0,F,INDEX,,F,T,0,0
7/8/2026,10:46:44 AM,SPXW,ML/,51,18.84,,PUT,7450,0,96084,7/8/2026,WHITE,0,0,F,INDEX,,F,T,0,0
7/8/2026,10:46:52 AM,SPXW,ML/,59,18.5949,,PUT,7450,0,109709,7/8/2026,WHITE,0,0,F,INDEX,,F,T,0,0
7/8/2026,10:49:20 AM,SPXW,ML/,50,20.8314,,PUT,7450,0,104157,7/8/2026,WHITE,0,0,F,INDEX,,F,T,0,0
7/8/2026,10:49:59 AM,SPXW,ML/,81,20.7619,,PUT,7450,0,168171,7/8/2026,WHITE,0,0,F,INDEX,,F,T,0,0
7/8/2026,10:50:37 AM,SPXW,ML/,87,23.2808,,PUT,7450,0,202543,7/8/2026,WHITE,0,0,F,INDEX,,F,T,0,0
7/8/2026,10:50:48 AM,SPXW,ML/,108,23.3412,,PUT,7450,0,252085,7/8/2026,WHITE,0,0,F,INDEX,,F,T,0,0
7/8/2026,10:53:46 AM,SPXW,ML/,165,15.9547,,PUT,7450,0,263252,7/8/2026,WHITE,0,0,F,INDEX,,F,T,0,0
7/8/2026,11:16:17 AM,SPXW,ML/,53,24.3655,,PUT,7450,0,129137,7/8/2026,WHITE,0,0,F,INDEX,,F,T,0,0
7/8/2026,11:16:35 AM,SPXW,ML/,70,24.3886,,PUT,7450,0,170720,7/8/2026,WHITE,0,0,F,INDEX,,F,T,0,0
7/8/2026,11:19:10 AM,SPXW,ML/,56,21.5095,,PUT,7450,0,120453,7/8/2026,WHITE,0,0,F,INDEX,,F,T,0,0
7/8/2026,11:20:24 AM,SPXW,ML/,513,21.6705,,PUT,7450,0,1111696,7/8/2026,WHITE,0,0,F,INDEX,,F,T,0,0
7/8/2026,11:44:57 AM,SPXW,ML/,51,24.3184,,PUT,7450,0,124024,7/8/2026,WHITE,0,0,F,INDEX,,F,T,0,0
7/8/2026,11:59:11 AM,SPXW,ML/,50,24.4,,PUT,7450,0,121999,7/8/2026,WHITE,0,0,F,INDEX,,F,T,0,0
7/8/2026,12:03:16 PM,SPXW,ML/,50,22.03,,PUT,7450,0,110150,7/8/2026,WHITE,0,0,F,INDEX,,F,T,0,0
7/8/2026,12:05:55 PM,SPXW,ML/,100,19.05,,PUT,7450,0,190500,7/8/2026,WHITE,0,0,F,INDEX,,F,T,0,0
7/8/2026,12:17:14 PM,SPXW,ML/,75,13.2861,,PUT,7450,0,99646,7/8/2026,WHITE,0,0,F,INDEX,,F,T,0,0
7/8/2026,12:20:35 PM,SPXW,ML/,135,11.6255,,PUT,7450,0,156944,7/8/2026,WHITE,0,0,F,INDEX,,F,T,0,0
7/8/2026,12:20:52 PM,SPXW,ML/,71,11.3187,,PUT,7450,0,80363,7/8/2026,WHITE,0,0,F,INDEX,,F,T,0,0
7/8/2026,12:21:18 PM,SPXW,ML/,268,11.1485,,PUT,7450,0,298779,7/8/2026,WHITE,0,0,F,INDEX,,F,T,0,0
7/8/2026,12:22:23 PM,SPXW,ML/,56,10.2893,,PUT,7450,0,57620,7/8/2026,WHITE,0,0,F,INDEX,,F,T,0,0
7/8/2026,12:22:42 PM,SPXW,ML/,107,11.1405,,PUT,7450,0,119203,7/8/2026,WHITE,0,0,F,INDEX,,F,T,0,0
7/8/2026,12:26:25 PM,SPXW,BLOCK,51,10.9,,PUT,7450,0,55590,7/8/2026,WHITE,0,0,F,INDEX,,F,T,0,0
7/8/2026,12:27:37 PM,SPXW,ML/,65,9.5757,,PUT,7450,0,62241,7/8/2026,WHITE,0,0,F,INDEX,,F,T,0,0
7/8/2026,12:28:37 PM,SPXW,BLOCK,50,9.5,,PUT,7450,0,47500,7/8/2026,WHITE,0,0,F,INDEX,,F,T,0,0
7/8/2026,12:32:03 PM,SPXW,ML/,76,9.2308,,PUT,7450,0,70154,7/8/2026,WHITE,0,0,F,INDEX,,F,T,0,0
7/8/2026,12:35:10 PM,SPXW,ML/,83,9.0637,,PUT,7450,0,75229,7/8/2026,WHITE,0,0,F,INDEX,,F,T,0,0
7/8/2026,12:35:24 PM,SPXW,ML/,244,8.5014,,PUT,7450,0,207433,7/8/2026,WHITE,0,0,F,INDEX,,F,T,0,0
7/8/2026,12:36:06 PM,SPXW,ML/,109,10.8991,,PUT,7450,0,118800,7/8/2026,WHITE,0,0,F,INDEX,,F,T,0,0
7/8/2026,12:36:27 PM,SPXW,BLOCK,60,11.1667,,PUT,7450,0,67000,7/8/2026,WHITE,0,0,F,INDEX,,F,T,0,0
7/8/2026,12:37:47 PM,SPXW,ML/,96,11.434,,PUT,7450,0,109766,7/8/2026,WHITE,0,0,F,INDEX,,F,T,0,0
7/8/2026,12:38:22 PM,SPXW,BLOCK,73,11.4932,,PUT,7450,0,83900,7/8/2026,WHITE,0,0,F,INDEX,,F,T,0,0
7/8/2026,12:39:42 PM,SPXW,ML/,147,10.1923,,PUT,7450,0,149827,7/8/2026,WHITE,0,0,F,INDEX,,F,T,0,0
7/8/2026,12:39:49 PM,SPXW,ML/,64,9.7016,,PUT,7450,0,62090,7/8/2026,WHITE,0,0,F,INDEX,,F,T,0,0
7/8/2026,12:40:00 PM,SPXW,ML/,79,9.9639,,PUT,7450,0,78715,7/8/2026,WHITE,0,0,F,INDEX,,F,T,0,0
7/8/2026,12:40:36 PM,SPXW,ML/,70,8.244,,PUT,7450,0,57708,7/8/2026,WHITE,0,0,F,INDEX,,F,T,0,0
7/8/2026,12:40:44 PM,SPXW,ML/,66,7.0626,,PUT,7450,0,46613,7/8/2026,WHITE,0,0,F,INDEX,,F,T,0,0
7/8/2026,12:40:46 PM,SPXW,ML/,74,6.9691,,PUT,7450,0,51571,7/8/2026,WHITE,0,0,F,INDEX,,F,T,0,0
7/8/2026,12:40:57 PM,SPXW,ML/,90,6.6614,,PUT,7450,0,59953,7/8/2026,WHITE,0,0,F,INDEX,,F,T,0,0
7/8/2026,12:41:27 PM,SPXW,ML/,96,7.2234,,PUT,7450,0,69345,7/8/2026,WHITE,0,0,F,INDEX,,F,T,0,0
7/8/2026,12:47:35 PM,SPXW,ML/,66,6.0053,,PUT,7450,0,39635,7/8/2026,WHITE,0,0,F,INDEX,,F,T,0,0
7/8/2026,12:48:39 PM,SPXW,ML/,203,5.9492,,PUT,7450,0,120768,7/8/2026,WHITE,0,0,F,INDEX,,F,T,0,0
7/8/2026,12:49:33 PM,SPXW,ML/,99,5.0522,,PUT,7450,0,50017,7/8/2026,WHITE,0,0,F,INDEX,,F,T,0,0
7/8/2026,12:50:20 PM,SPXW,ML/,61,4.7021,,PUT,7450,0,28683,7/8/2026,WHITE,0,0,F,INDEX,,F,T,0,0
7/8/2026,12:52:14 PM,SPXW,ML/,51,4.5412,,PUT,7450,0,23160,7/8/2026,WHITE,0,0,F,INDEX,,F,T,0,0
7/8/2026,12:55:31 PM,SPXW,ML/,70,4.91,,PUT,7450,0,34370,7/8/2026,WHITE,0,0,F,INDEX,,F,T,0,0
7/8/2026,12:58:45 PM,SPXW,ML/,279,4.296,,PUT,7450,0,119858,7/8/2026,WHITE,0,0,F,INDEX,,F,T,0,0
7/8/2026,1:00:14 PM,SPXW,ML/,113,4.3896,,PUT,7450,0,49602,7/8/2026,WHITE,0,0,F,INDEX,,F,T,0,0
7/8/2026,1:06:18 PM,SPXW,ML/,86,4.5673,,PUT,7450,0,39279,7/8/2026,WHITE,0,0,F,INDEX,,F,T,0,0
7/8/2026,1:11:02 PM,SPXW,ML/,52,4.9683,,PUT,7450,0,25834,7/8/2026,WHITE,0,0,F,INDEX,,F,T,0,0
7/8/2026,1:11:10 PM,SPXW,ML/,94,5.2613,,PUT,7450,0,49456,7/8/2026,WHITE,0,0,F,INDEX,,F,T,0,0
7/8/2026,1:12:50 PM,SPXW,BLOCK,52,4.1962,,PUT,7450,0,21820,7/8/2026,WHITE,0,0,F,INDEX,,F,T,0,0
7/8/2026,1:19:14 PM,SPXW,ML/,93,3.3548,,PUT,7450,0,31200,7/8/2026,WHITE,0,0,F,INDEX,,F,T,0,0
7/8/2026,1:20:17 PM,SPXW,BLOCK,59,2.8,,PUT,7450,0,16520,7/8/2026,WHITE,0,0,F,INDEX,,F,T,0,0
7/8/2026,1:21:47 PM,SPXW,ML/,151,2.3709,,PUT,7450,0,35800,7/8/2026,WHITE,0,0,F,INDEX,,F,T,0,0
7/8/2026,1:23:56 PM,SPXW,ML/,106,2.2206,,PUT,7450,0,23538,7/8/2026,WHITE,0,0,F,INDEX,,F,T,0,0
7/8/2026,1:24:58 PM,SPXW,BLOCK,60,2.0058,,PUT,7450,0,12035,7/8/2026,WHITE,0,0,F,INDEX,,F,T,0,0
7/8/2026,1:25:03 PM,SPXW,ML/,91,1.8858,,PUT,7450,0,17161,7/8/2026,WHITE,0,0,F,INDEX,,F,T,0,0
7/8/2026,1:25:15 PM,SPXW,ML/,68,1.8637,,PUT,7450,0,12673,7/8/2026,WHITE,0,0,F,INDEX,,F,T,0,0
7/8/2026,1:26:12 PM,SPXW,ML/,58,2.2516,,PUT,7450,0,13059,7/8/2026,WHITE,0,0,F,INDEX,,F,T,0,0
7/8/2026,1:30:04 PM,SPXW,ML/,108,1.8311,,PUT,7450,0,19776,7/8/2026,WHITE,0,0,F,INDEX,,F,T,0,0
7/8/2026,1:31:33 PM,SPXW,ML/,76,1.5193,,PUT,7450,0,11547,7/8/2026,WHITE,0,0,F,INDEX,,F,T,0,0
7/8/2026,1:35:04 PM,SPXW,ML/,68,1.9628,,PUT,7450,0,13347,7/8/2026,WHITE,0,0,F,INDEX,,F,T,0,0
7/8/2026,1:35:30 PM,SPXW,ML/,64,1.8397,,PUT,7450,0,11774,7/8/2026,WHITE,0,0,F,INDEX,,F,T,0,0
7/8/2026,1:36:52 PM,SPXW,ML/,53,1.9989,,PUT,7450,0,10594,7/8/2026,WHITE,0,0,F,INDEX,,F,T,0,0
7/8/2026,1:38:13 PM,SPXW,BLOCK,51,2.15,,PUT,7450,0,10965,7/8/2026,WHITE,0,0,F,INDEX,,F,T,0,0
7/8/2026,1:38:51 PM,SPXW,BLOCK,51,2.15,,PUT,7450,0,10965,7/8/2026,WHITE,0,0,F,INDEX,,F,T,0,0
7/8/2026,1:40:51 PM,SPXW,ML/,96,2.2902,,PUT,7450,0,21986,7/8/2026,WHITE,0,0,F,INDEX,,F,T,0,0
7/8/2026,1:41:40 PM,SPXW,ML/,336,2.4772,,PUT,7450,0,83235,7/8/2026,WHITE,0,0,F,INDEX,,F,T,0,0
7/8/2026,1:41:59 PM,SPXW,ML/,311,2.7758,,PUT,7450,0,86328,7/8/2026,WHITE,0,0,F,INDEX,,F,T,0,0
7/8/2026,1:42:05 PM,SPXW,ML/,67,2.7507,,PUT,7450,0,18430,7/8/2026,WHITE,0,0,F,INDEX,,F,T,0,0
7/8/2026,1:42:07 PM,SPXW,ML/,63,2.75,,PUT,7450,0,17325,7/8/2026,WHITE,0,0,F,INDEX,,F,T,0,0
7/8/2026,1:42:31 PM,SPXW,BLOCK,313,2.957,,PUT,7450,0,92555,7/8/2026,WHITE,0,0,F,INDEX,,F,T,0,0
7/8/2026,1:42:33 PM,SPXW,ML/,1196,2.9498,,PUT,7450,0,352792,7/8/2026,WHITE,0,0,F,INDEX,,F,T,0,0
7/8/2026,1:42:38 PM,SPXW,ML/,83,2.7013,,PUT,7450,0,22421,7/8/2026,WHITE,0,0,F,INDEX,,F,T,0,0
7/8/2026,1:42:39 PM,SPXW,ML/,86,2.6134,,PUT,7450,0,22475,7/8/2026,WHITE,0,0,F,INDEX,,F,T,0,0
7/8/2026,1:43:17 PM,SPXW,ML/,102,2.6533,,PUT,7450,0,27064,7/8/2026,WHITE,0,0,F,INDEX,,F,T,0,0
7/8/2026,1:43:20 PM,SPXW,BLOCK,67,2.7,,PUT,7450,0,18090,7/8/2026,WHITE,0,0,F,INDEX,,F,T,0,0
7/8/2026,1:43:37 PM,SPXW,ML/,143,2.9276,,PUT,7450,0,41865,7/8/2026,WHITE,0,0,F,INDEX,,F,T,0,0
7/8/2026,1:43:59 PM,SPXW,ML/,1934,3.0962,,PUT,7450,0,598809,7/8/2026,WHITE,0,0,F,INDEX,,F,T,0,0
7/8/2026,1:45:29 PM,SPXW,ML/,120,3.6418,,PUT,7450,0,43702,7/8/2026,WHITE,0,0,F,INDEX,,F,T,0,0
7/8/2026,1:45:35 PM,SPXW,ML/,253,3.8837,,PUT,7450,0,98257,7/8/2026,WHITE,0,0,F,INDEX,,F,T,0,0
7/8/2026,1:45:41 PM,SPXW,ML/,99,4.2361,,PUT,7450,0,41937,7/8/2026,WHITE,0,0,F,INDEX,,F,T,0,0
7/8/2026,1:45:48 PM,SPXW,BLOCK,63,4.0968,,PUT,7450,0,25809,7/8/2026,WHITE,0,0,F,INDEX,,F,T,0,0
7/8/2026,1:46:19 PM,SPXW,ML/,89,4.1038,,PUT,7450,0,36523,7/8/2026,WHITE,0,0,F,INDEX,,F,T,0,0
7/8/2026,1:46:29 PM,SPXW,ML/,90,3.6529,,PUT,7450,0,32876,7/8/2026,WHITE,0,0,F,INDEX,,F,T,0,0
7/8/2026,1:46:32 PM,SPXW,ML/,51,3.5725,,PUT,7450,0,18220,7/8/2026,WHITE,0,0,F,INDEX,,F,T,0,0
7/8/2026,1:48:13 PM,SPXW,ML/,78,4.2876,,PUT,7450,0,33443,7/8/2026,WHITE,0,0,F,INDEX,,F,T,0,0
7/8/2026,1:48:19 PM,SPXW,BLOCK,82,4.2,,PUT,7450,0,34440,7/8/2026,WHITE,0,0,F,INDEX,,F,T,0,0
7/8/2026,1:50:36 PM,SPXW,BLOCK,66,3.4682,,PUT,7450,0,22890,7/8/2026,WHITE,0,0,F,INDEX,,F,T,0,0
7/8/2026,1:51:42 PM,SPXW,BLOCK,55,3.5,,PUT,7450,0,19250,7/8/2026,WHITE,0,0,F,INDEX,,F,T,0,0
7/8/2026,1:51:50 PM,SPXW,ML/,111,3.5023,,PUT,7450,0,38875,7/8/2026,WHITE,0,0,F,INDEX,,F,T,0,0
7/8/2026,1:52:23 PM,SPXW,BLOCK,67,2.9127,,PUT,7450,0,19515,7/8/2026,WHITE,0,0,F,INDEX,,F,T,0,0
7/8/2026,1:54:03 PM,SPXW,BLOCK,102,3.5,,PUT,7450,0,35700,7/8/2026,WHITE,0,0,F,INDEX,,F,T,0,0
7/8/2026,1:54:48 PM,SPXW,BLOCK,95,3.6989,,PUT,7450,0,35140,7/8/2026,WHITE,0,0,F,INDEX,,F,T,0,0
7/8/2026,1:55:03 PM,SPXW,ML/,107,4.1045,,PUT,7450,0,43918,7/8/2026,WHITE,0,0,F,INDEX,,F,T,0,0
7/8/2026,1:55:37 PM,SPXW,ML/,172,4.4824,,PUT,7450,0,77098,7/8/2026,WHITE,0,0,F,INDEX,,F,T,0,0
7/8/2026,1:55:44 PM,SPXW,ML/,69,4.6387,,PUT,7450,0,32007,7/8/2026,WHITE,0,0,F,INDEX,,F,T,0,0
7/8/2026,1:56:15 PM,SPXW,ML/,93,4.774,,PUT,7450,0,44398,7/8/2026,WHITE,0,0,F,INDEX,,F,T,0,0
7/8/2026,1:56:24 PM,SPXW,BLOCK,100,4.7,,PUT,7450,0,47000,7/8/2026,WHITE,0,0,F,INDEX,,F,T,0,0
7/8/2026,1:58:51 PM,SPXW,ML/,125,3.597,,PUT,7450,0,44963,7/8/2026,WHITE,0,0,F,INDEX,,F,T,0,0
7/8/2026,2:00:06 PM,SPXW,ML/,122,4.4756,,PUT,7450,0,54602,7/8/2026,WHITE,0,0,F,INDEX,,F,T,0,0
7/8/2026,2:00:17 PM,SPXW,ML/,97,4.1062,,PUT,7450,0,39830,7/8/2026,WHITE,0,0,F,INDEX,,F,T,0,0
7/8/2026,2:00:40 PM,SPXW,ML/,106,3.2826,,PUT,7450,0,34796,7/8/2026,WHITE,0,0,F,INDEX,,F,T,0,0
7/8/2026,2:01:14 PM,SPXW,BLOCK,50,2.653,,PUT,7450,0,13265,7/8/2026,WHITE,0,0,F,INDEX,,F,T,0,0
7/8/2026,2:01:21 PM,SPXW,ML/,53,2.4628,,PUT,7450,0,13053,7/8/2026,WHITE,0,0,F,INDEX,,F,T,0,0
7/8/2026,2:01:51 PM,SPXW,BLOCK,99,2.0737,,PUT,7450,0,20530,7/8/2026,WHITE,0,0,F,INDEX,,F,T,0,0
7/8/2026,2:02:27 PM,SPXW,ML/,50,2.058,,PUT,7450,0,10290,7/8/2026,WHITE,0,0,F,INDEX,,F,T,0,0
7/8/2026,2:03:00 PM,SPXW,ML/,143,2.3557,,PUT,7450,0,33687,7/8/2026,WHITE,0,0,F,INDEX,,F,T,0,0
7/8/2026,2:03:22 PM,SPXW,ML/,500,2.2,,PUT,7450,0,110000,7/8/2026,WHITE,0,0,F,INDEX,,F,T,0,0
7/8/2026,2:10:00 PM,SPXW,ML/,55,1.8293,,PUT,7450,0,10061,7/8/2026,WHITE,0,0,F,INDEX,,F,T,0,0
7/8/2026,2:11:51 PM,SPXW,ML/,101,1.5703,,PUT,7450,0,15860,7/8/2026,WHITE,0,0,F,INDEX,,F,T,0,0
7/8/2026,2:13:04 PM,SPXW,ML/,220,1.6476,,PUT,7450,0,36247,7/8/2026,WHITE,0,0,F,INDEX,,F,T,0,0
7/8/2026,2:16:19 PM,SPXW,ML/,73,1.7185,,PUT,7450,0,12545,7/8/2026,WHITE,0,0,F,INDEX,,F,T,0,0
7/8/2026,2:16:22 PM,SPXW,ML/,55,1.9075,,PUT,7450,0,10491,7/8/2026,WHITE,0,0,F,INDEX,,F,T,0,0
7/8/2026,2:16:26 PM,SPXW,ML/,69,2.0575,,PUT,7450,0,14197,7/8/2026,WHITE,0,0,F,INDEX,,F,T,0,0
7/8/2026,2:16:33 PM,SPXW,BLOCK,88,2.1687,,PUT,7450,0,19085,7/8/2026,WHITE,0,0,F,INDEX,,F,T,0,0
7/8/2026,2:18:27 PM,SPXW,BLOCK,141,2.2904,,PUT,7450,0,32295,7/8/2026,WHITE,0,0,F,INDEX,,F,T,0,0
7/8/2026,2:19:27 PM,SPXW,ML/,91,1.5503,,PUT,7450,0,14108,7/8/2026,WHITE,0,0,F,INDEX,,F,T,0,0
7/8/2026,2:22:50 PM,SPXW,BLOCK,118,1.3,,PUT,7450,0,15340,7/8/2026,WHITE,0,0,F,INDEX,,F,T,0,0
7/8/2026,2:23:47 PM,SPXW,ML/,75,1.35,,PUT,7450,0,10125,7/8/2026,WHITE,0,0,F,INDEX,,F,T,0,0
7/8/2026,2:29:51 PM,SPXW,ML/,94,1.9114,,PUT,7450,0,17967,7/8/2026,WHITE,0,0,F,INDEX,,F,T,0,0
7/8/2026,2:30:00 PM,SPXW,ML/,60,2.1193,,PUT,7450,0,12716,7/8/2026,WHITE,0,0,F,INDEX,,F,T,0,0
7/8/2026,2:30:04 PM,SPXW,ML/,86,2.1105,,PUT,7450,0,18150,7/8/2026,WHITE,0,0,F,INDEX,,F,T,0,0
7/8/2026,2:30:13 PM,SPXW,ML/,63,2.0198,,PUT,7450,0,12725,7/8/2026,WHITE,0,0,F,INDEX,,F,T,0,0
7/8/2026,2:30:35 PM,SPXW,ML/,62,2.0647,,PUT,7450,0,12801,7/8/2026,WHITE,0,0,F,INDEX,,F,T,0,0
7/8/2026,2:30:42 PM,SPXW,ML/,158,2.2542,,PUT,7450,0,35617,7/8/2026,WHITE,0,0,F,INDEX,,F,T,0,0
7/8/2026,2:30:52 PM,SPXW,ML/,272,2.1615,,PUT,7450,0,58792,7/8/2026,WHITE,0,0,F,INDEX,,F,T,0,0
7/8/2026,2:30:59 PM,SPXW,ML/,229,2.5519,,PUT,7450,0,58438,7/8/2026,WHITE,0,0,F,INDEX,,F,T,0,0
7/8/2026,2:31:05 PM,SPXW,ML/,60,2.3465,,PUT,7450,0,14079,7/8/2026,WHITE,0,0,F,INDEX,,F,T,0,0
7/8/2026,2:31:23 PM,SPXW,ML/,77,2.3235,,PUT,7450,0,17891,7/8/2026,WHITE,0,0,F,INDEX,,F,T,0,0
7/8/2026,2:36:15 PM,SPXW,ML/,52,1.9485,,PUT,7450,0,10132,7/8/2026,WHITE,0,0,F,INDEX,,F,T,0,0
7/8/2026,2:38:38 PM,SPXW,BLOCK,101,1.2005,,PUT,7450,0,12125,7/8/2026,WHITE,0,0,F,INDEX,,F,T,0,0
7/8/2026,2:44:25 PM,SPXW,BLOCK,119,1.092,,PUT,7450,0,12995,7/8/2026,WHITE,0,0,F,INDEX,,F,T,0,0
7/8/2026,2:50:29 PM,SPXW,BLOCK,201,0.7998,,PUT,7450,0,16075,7/8/2026,WHITE,0,0,F,INDEX,,F,T,0,0
7/8/2026,2:59:55 PM,SPXW,BLOCK,200,0.6,,PUT,7450,0,12000,7/8/2026,WHITE,0,0,F,INDEX,,F,T,0,0
7/8/2026,9:38:31 AM,SPXW,BLOCK,54,8.2019,,PUT,7425,0,44290,7/8/2026,WHITE,0,0,F,INDEX,,F,T,0,0
7/8/2026,9:49:05 AM,SPXW,BLOCK,110,5.4,,PUT,7425,0,59400,7/8/2026,WHITE,0,0,F,INDEX,,F,T,0,0
7/8/2026,9:49:24 AM,SPXW,ML/,63,5.0329,,PUT,7425,0,31707,7/8/2026,WHITE,0,0,F,INDEX,,F,T,0,0
7/8/2026,10:09:40 AM,SPXW,ML/,161,4.9082,,PUT,7425,0,79022,7/8/2026,WHITE,0,0,F,INDEX,,F,T,0,0
7/8/2026,10:10:31 AM,SPXW,ML/,50,5.5542,,PUT,7425,0,27770,7/8/2026,WHITE,0,0,F,INDEX,,F,T,0,0
7/8/2026,10:10:37 AM,SPXW,BLOCK,150,5.8,,PUT,7425,0,87000,7/8/2026,WHITE,0,0,F,INDEX,,F,T,0,0
7/8/2026,10:10:40 AM,SPXW,BLOCK,50,5.6,,PUT,7425,0,28000,7/8/2026,WHITE,0,0,F,INDEX,,F,T,0,0
7/8/2026,10:12:18 AM,SPXW,ML/,56,6.7027,,PUT,7425,0,37535,7/8/2026,WHITE,0,0,F,INDEX,,F,T,0,0
7/8/2026,10:13:06 AM,SPXW,BLOCK,75,6.528,,PUT,7425,0,48960,7/8/2026,WHITE,0,0,F,INDEX,,F,T,0,0
7/8/2026,10:13:48 AM,SPXW,BLOCK,75,6.5,,PUT,7425,0,48750,7/8/2026,WHITE,0,0,F,INDEX,,F,T,0,0
7/8/2026,10:15:00 AM,SPXW,ML/,60,7.2432,,PUT,7425,0,43459,7/8/2026,WHITE,0,0,F,INDEX,,F,T,0,0
7/8/2026,10:17:45 AM,SPXW,ML/,55,7.6195,,PUT,7425,0,41907,7/8/2026,WHITE,0,0,F,INDEX,,F,T,0,0
7/8/2026,10:19:03 AM,SPXW,ML/,76,7.1868,,PUT,7425,0,54620,7/8/2026,WHITE,0,0,F,INDEX,,F,T,0,0
7/8/2026,10:20:50 AM,SPXW,ML/,62,5.6548,,PUT,7425,0,35060,7/8/2026,WHITE,0,0,F,INDEX,,F,T,0,0
7/8/2026,10:21:06 AM,SPXW,ML/,100,5.67,,PUT,7425,0,56700,7/8/2026,WHITE,0,0,F,INDEX,,F,T,0,0
7/8/2026,10:21:12 AM,SPXW,ML/,109,5.4703,,PUT,7425,0,59626,7/8/2026,WHITE,0,0,F,INDEX,,F,T,0,0
7/8/2026,10:21:15 AM,SPXW,ML/,63,5.0997,,PUT,7425,0,32128,7/8/2026,WHITE,0,0,F,INDEX,,F,T,0,0
7/8/2026,10:25:01 AM,SPXW,ML/,56,4.6989,,PUT,7425,0,26314,7/8/2026,WHITE,0,0,F,INDEX,,F,T,0,0
7/8/2026,10:27:03 AM,SPXW,ML/,64,5.8147,,PUT,7425,0,37214,7/8/2026,WHITE,0,0,F,INDEX,,F,T,0,0
7/8/2026,10:34:15 AM,SPXW,ML/,59,5.4898,,PUT,7425,0,32389,7/8/2026,WHITE,0,0,F,INDEX,,F,T,0,0
7/8/2026,10:40:53 AM,SPXW,ML/,102,8.252,,PUT,7425,0,84170,7/8/2026,WHITE,0,0,F,INDEX,,F,T,0,0
7/8/2026,10:43:04 AM,SPXW,ML/,250,8.04,,PUT,7425,0,200999,7/8/2026,WHITE,0,0,F,INDEX,,F,T,0,0
7/8/2026,10:45:41 AM,SPXW,ML/,53,8.9526,,PUT,7425,0,47449,7/8/2026,WHITE,0,0,F,INDEX,,F,T,0,0
7/8/2026,10:47:07 AM,SPXW,ML/,55,9.5182,,PUT,7425,0,52350,7/8/2026,WHITE,0,0,F,INDEX,,F,T,0,0
7/8/2026,10:49:20 AM,SPXW,ML/,75,10.0659,,PUT,7425,0,75494,7/8/2026,WHITE,0,0,F,INDEX,,F,T,0,0
7/8/2026,10:50:25 AM,SPXW,ML/,63,11.1294,,PUT,7425,0,70115,7/8/2026,WHITE,0,0,F,INDEX,,F,T,0,0
7/8/2026,10:53:46 AM,SPXW,ML/,82,7.6199,,PUT,7425,0,62483,7/8/2026,WHITE,0,0,F,INDEX,,F,T,0,0
7/8/2026,10:57:07 AM,SPXW,ML/,99,8.3192,,PUT,7425,0,82360,7/8/2026,WHITE,0,0,F,INDEX,,F,T,0,0
7/8/2026,11:07:35 AM,SPXW,ML/,102,9.0001,,PUT,7425,0,91801,7/8/2026,WHITE,0,0,F,INDEX,,F,T,0,0
7/8/2026,11:15:00 AM,SPXW,ML/,52,10.5067,,PUT,7425,0,54635,7/8/2026,WHITE,0,0,F,INDEX,,F,T,0,0
7/8/2026,11:16:28 AM,SPXW,ML/,50,12.242,,PUT,7425,0,61210,7/8/2026,WHITE,0,0,F,INDEX,,F,T,0,0
7/8/2026,11:17:37 AM,SPXW,ML/,60,13.33,,PUT,7425,0,79980,7/8/2026,WHITE,0,0,F,INDEX,,F,T,0,0
7/8/2026,11:18:35 AM,SPXW,ML/,156,11.9048,,PUT,7425,0,185715,7/8/2026,WHITE,0,0,F,INDEX,,F,T,0,0
7/8/2026,11:19:06 AM,SPXW,ML/,100,10.6,,PUT,7425,0,106000,7/8/2026,WHITE,0,0,F,INDEX,,F,T,0,0
7/8/2026,11:20:24 AM,SPXW,ML/,514,10.2007,,PUT,7425,0,524315,7/8/2026,WHITE,0,0,F,INDEX,,F,T,0,0
7/8/2026,11:21:06 AM,SPXW,BLOCK,100,9.874,,PUT,7425,0,98740,7/8/2026,WHITE,0,0,F,INDEX,,F,T,0,0
7/8/2026,11:23:42 AM,SPXW,ML/,50,13.0878,,PUT,7425,0,65439,7/8/2026,WHITE,0,0,F,INDEX,,F,T,0,0
7/8/2026,11:24:06 AM,SPXW,ML/,58,13.6862,,PUT,7425,0,79380,7/8/2026,WHITE,0,0,F,INDEX,,F,T,0,0
7/8/2026,11:24:39 AM,SPXW,ML/,81,14.9694,,PUT,7425,0,121252,7/8/2026,WHITE,0,0,F,INDEX,,F,T,0,0
7/8/2026,11:25:08 AM,SPXW,ML/,54,15.032,,PUT,7425,0,81173,7/8/2026,WHITE,0,0,F,INDEX,,F,T,0,0
7/8/2026,11:26:00 AM,SPXW,ML/,60,15.4768,,PUT,7425,0,92861,7/8/2026,WHITE,0,0,F,INDEX,,F,T,0,0
7/8/2026,11:26:04 AM,SPXW,SWEEP,58,15.3879,A,PUT,7425,0,89250,7/8/2026,WHITE,0,0,F,INDEX,,F,T,0,0
7/8/2026,11:26:15 AM,SPXW,ML/,58,15.8452,,PUT,7425,0,91902,7/8/2026,WHITE,0,0,F,INDEX,,F,T,0,0
7/8/2026,11:26:22 AM,SPXW,ML/,79,16.0363,,PUT,7425,0,126687,7/8/2026,WHITE,0,0,F,INDEX,,F,T,0,0
7/8/2026,11:26:25 AM,SPXW,ML/,52,16.6598,,PUT,7425,0,86631,7/8/2026,WHITE,0,0,F,INDEX,,F,T,0,0
7/8/2026,11:26:36 AM,SPXW,ML/,68,17.1666,,PUT,7425,0,116733,7/8/2026,WHITE,0,0,F,INDEX,,F,T,0,0
7/8/2026,11:27:42 AM,SPXW,ML/,51,15.752,,PUT,7425,0,80335,7/8/2026,WHITE,0,0,F,INDEX,,F,T,0,0
7/8/2026,11:29:14 AM,SPXW,ML/,51,14.8182,,PUT,7425,0,75573,7/8/2026,WHITE,0,0,F,INDEX,,F,T,0,0
7/8/2026,11:29:56 AM,SPXW,ML/,56,15.1036,,PUT,7425,0,84580,7/8/2026,WHITE,0,0,F,INDEX,,F,T,0,0
7/8/2026,11:29:59 AM,SPXW,ML/,85,14.7046,,PUT,7425,0,124989,7/8/2026,WHITE,0,0,F,INDEX,,F,T,0,0
7/8/2026,11:30:14 AM,SPXW,ML/,206,15.5425,,PUT,7425,0,320175,7/8/2026,WHITE,0,0,F,INDEX,,F,T,0,0
7/8/2026,11:30:21 AM,SPXW,ML/,84,16.1005,,PUT,7425,0,135244,7/8/2026,WHITE,0,0,F,INDEX,,F,T,0,0
7/8/2026,11:30:31 AM,SPXW,ML/,93,17.2555,,PUT,7425,0,160476,7/8/2026,WHITE,0,0,F,INDEX,,F,T,0,0
7/8/2026,11:30:40 AM,SPXW,ML/,59,16.1271,,PUT,7425,0,95150,7/8/2026,WHITE,0,0,F,INDEX,,F,T,0,0
7/8/2026,11:30:49 AM,SPXW,ML/,51,16.5,,PUT,7425,0,84150,7/8/2026,WHITE,0,0,F,INDEX,,F,T,0,0
7/8/2026,11:30:51 AM,SPXW,SWEEP,370,16.3481,A,PUT,7425,0,604880,7/8/2026,WHITE,0,0,F,INDEX,,F,T,0,0
7/8/2026,11:31:00 AM,SPXW,ML/,145,16.0438,,PUT,7425,0,232635,7/8/2026,WHITE,0,0,F,INDEX,,F,T,0,0
7/8/2026,11:31:04 AM,SPXW,ML/,96,16.0151,,PUT,7425,0,153745,7/8/2026,WHITE,0,0,F,INDEX,,F,T,0,0
7/8/2026,11:32:15 AM,SPXW,ML/,55,14.0371,,PUT,7425,0,77204,7/8/2026,WHITE,0,0,F,INDEX,,F,T,0,0
7/8/2026,11:33:33 AM,SPXW,ML/,52,11.6931,,PUT,7425,0,60804,7/8/2026,WHITE,0,0,F,INDEX,,F,T,0,0
7/8/2026,11:33:37 AM,SPXW,ML/,50,11.404,,PUT,7425,0,57020,7/8/2026,WHITE,0,0,F,INDEX,,F,T,0,0
7/8/2026,11:34:19 AM,SPXW,BLOCK,101,12.0416,,PUT,7425,0,121620,7/8/2026,WHITE,0,0,F,INDEX,,F,T,0,0
7/8/2026,11:34:39 AM,SPXW,BLOCK,50,11.87,,PUT,7425,0,59350,7/8/2026,WHITE,0,0,F,INDEX,,F,T,0,0
7/8/2026,11:36:51 AM,SPXW,ML/,84,10.7424,,PUT,7425,0,90236,7/8/2026,WHITE,0,0,F,INDEX,,F,T,0,0
7/8/2026,11:37:32 AM,SPXW,BLOCK,103,9.7388,,PUT,7425,0,100310,7/8/2026,WHITE,0,0,F,INDEX,,F,T,0,0
7/8/2026,11:39:35 AM,SPXW,ML/,198,11.7008,,PUT,7425,0,231675,7/8/2026,WHITE,0,0,F,INDEX,,F,T,0,0
7/8/2026,11:39:38 AM,SPXW,BLOCK,73,11.8,,PUT,7425,0,86140,7/8/2026,WHITE,0,0,F,INDEX,,F,T,0,0
7/8/2026,11:51:06 AM,SPXW,ML/,96,13.1508,,PUT,7425,0,126248,7/8/2026,WHITE,0,0,F,INDEX,,F,T,0,0
7/8/2026,11:51:21 AM,SPXW,ML/,58,13.0129,,PUT,7425,0,75475,7/8/2026,WHITE,0,0,F,INDEX,,F,T,0,0
7/8/2026,11:53:42 AM,SPXW,BLOCK,55,13.3,,PUT,7425,0,73150,7/8/2026,WHITE,0,0,F,INDEX,,F,T,0,0
7/8/2026,11:53:53 AM,SPXW,BLOCK,54,12.4852,,PUT,7425,0,67420,7/8/2026,WHITE,0,0,F,INDEX,,F,T,0,0
7/8/2026,11:54:15 AM,SPXW,BLOCK,51,13.1098,,PUT,7425,0,66859,7/8/2026,WHITE,0,0,F,INDEX,,F,T,0,0
7/8/2026,11:54:59 AM,SPXW,ML/,63,11.9952,,PUT,7425,0,75570,7/8/2026,WHITE,0,0,F,INDEX,,F,T,0,0
7/8/2026,11:56:14 AM,SPXW,ML/,68,12.1053,,PUT,7425,0,82316,7/8/2026,WHITE,0,0,F,INDEX,,F,T,0,0
7/8/2026,11:59:02 AM,SPXW,BLOCK,61,11,,PUT,7425,0,67100,7/8/2026,WHITE,0,0,F,INDEX,,F,T,0,0
7/8/2026,11:59:20 AM,SPXW,ML/,52,11.2042,,PUT,7425,0,58262,7/8/2026,WHITE,0,0,F,INDEX,,F,T,0,0
7/8/2026,12:05:38 PM,SPXW,ML/,63,7.7127,,PUT,7425,0,48590,7/8/2026,WHITE,0,0,F,INDEX,,F,T,0,0
7/8/2026,12:05:44 PM,SPXW,ML/,91,8.1421,,PUT,7425,0,74093,7/8/2026,WHITE,0,0,F,INDEX,,F,T,0,0
7/8/2026,12:07:33 PM,SPXW,ML/,141,7.8594,,PUT,7425,0,110817,7/8/2026,WHITE,0,0,F,INDEX,,F,T,0,0
7/8/2026,12:11:19 PM,SPXW,ML/,57,5.7542,,PUT,7425,0,32799,7/8/2026,WHITE,0,0,F,INDEX,,F,T,0,0
7/8/2026,12:13:49 PM,SPXW,ML/,152,5.7001,,PUT,7425,0,86642,7/8/2026,WHITE,0,0,F,INDEX,,F,T,0,0
7/8/2026,12:15:27 PM,SPXW,BLOCK,76,5.6276,,PUT,7425,0,42770,7/8/2026,WHITE,0,0,F,INDEX,,F,T,0,0
7/8/2026,12:16:51 PM,SPXW,BLOCK,54,5.5,,PUT,7425,0,29700,7/8/2026,WHITE,0,0,F,INDEX,,F,T,0,0
7/8/2026,12:18:09 PM,SPXW,ML/,71,4.7865,,PUT,7425,0,33984,7/8/2026,WHITE,0,0,F,INDEX,,F,T,0,0
7/8/2026,12:21:18 PM,SPXW,ML/,276,4.1561,,PUT,7425,0,114709,7/8/2026,WHITE,0,0,F,INDEX,,F,T,0,0
7/8/2026,12:23:03 PM,SPXW,ML/,300,4.0705,,PUT,7425,0,122115,7/8/2026,WHITE,0,0,F,INDEX,,F,T,0,0
7/8/2026,12:24:36 PM,SPXW,ML/,61,4.1333,,PUT,7425,0,25213,7/8/2026,WHITE,0,0,F,INDEX,,F,T,0,0
7/8/2026,12:27:38 PM,SPXW,ML/,55,3.4322,,PUT,7425,0,18877,7/8/2026,WHITE,0,0,F,INDEX,,F,T,0,0
7/8/2026,12:29:06 PM,SPXW,ML/,55,3.4818,,PUT,7425,0,19150,7/8/2026,WHITE,0,0,F,INDEX,,F,T,0,0
7/8/2026,12:39:42 PM,SPXW,ML/,141,3.357,,PUT,7425,0,47334,7/8/2026,WHITE,0,0,F,INDEX,,F,T,0,0
7/8/2026,12:39:51 PM,SPXW,ML/,53,3.3472,,PUT,7425,0,17740,7/8/2026,WHITE,0,0,F,INDEX,,F,T,0,0
7/8/2026,12:40:36 PM,SPXW,ML/,90,2.7362,,PUT,7425,0,24626,7/8/2026,WHITE,0,0,F,INDEX,,F,T,0,0
7/8/2026,12:40:41 PM,SPXW,ML/,98,2.4107,,PUT,7425,0,23625,7/8/2026,WHITE,0,0,F,INDEX,,F,T,0,0
7/8/2026,12:40:53 PM,SPXW,ML/,76,2.1954,,PUT,7425,0,16685,7/8/2026,WHITE,0,0,F,INDEX,,F,T,0,0
7/8/2026,12:40:56 PM,SPXW,ML/,105,2.05,,PUT,7425,0,21525,7/8/2026,WHITE,0,0,F,INDEX,,F,T,0,0
7/8/2026,12:42:34 PM,SPXW,ML/,52,2.1627,,PUT,7425,0,11246,7/8/2026,WHITE,0,0,F,INDEX,,F,T,0,0
7/8/2026,12:43:29 PM,SPXW,ML/,188,2.02,,PUT,7425,0,37976,7/8/2026,WHITE,0,0,F,INDEX,,F,T,0,0
7/8/2026,12:43:54 PM,SPXW,ML/,75,1.8979,,PUT,7425,0,14234,7/8/2026,WHITE,0,0,F,INDEX,,F,T,0,0
7/8/2026,12:46:33 PM,SPXW,ML/,60,1.8508,,PUT,7425,0,11105,7/8/2026,WHITE,0,0,F,INDEX,,F,T,0,0
7/8/2026,12:57:44 PM,SPXW,ML/,127,1.4,,PUT,7425,0,17780,7/8/2026,WHITE,0,0,F,INDEX,,F,T,0,0
7/8/2026,12:58:45 PM,SPXW,ML/,555,1.3995,,PUT,7425,0,77675,7/8/2026,WHITE,0,0,F,INDEX,,F,T,0,0
7/8/2026,1:06:18 PM,SPXW,ML/,79,1.52,,PUT,7425,0,12008,7/8/2026,WHITE,0,0,F,INDEX,,F,T,0,0
7/8/2026,1:19:16 PM,SPXW,ML/,114,1.0234,,PUT,7425,0,11667,7/8/2026,WHITE,0,0,F,INDEX,,F,T,0,0
7/8/2026,1:20:06 PM,SPXW,ML/,222,0.8072,,PUT,7425,0,17920,7/8/2026,WHITE,0,0,F,INDEX,,F,T,0,0
7/8/2026,1:21:07 PM,SPXW,ML/,227,0.8002,,PUT,7425,0,18164,7/8/2026,WHITE,0,0,F,INDEX,,F,T,0,0
7/8/2026,1:39:17 PM,SPXW,ML/,251,0.7,,PUT,7425,0,17570,7/8/2026,WHITE,0,0,F,INDEX,,F,T,0,0
7/8/2026,1:55:01 PM,SPXW,BLOCK,93,1.15,,PUT,7425,0,10694,7/8/2026,WHITE,0,0,F,INDEX,,F,T,0,0
7/8/2026,1:55:24 PM,SPXW,BLOCK,87,1.2,,PUT,7425,0,10440,7/8/2026,WHITE,0,0,F,INDEX,,F,T,0,0
7/8/2026,2:57:30 PM,SPXW,ML/,574,0.1981,,PUT,7425,0,11372,7/8/2026,WHITE,0,0,F,INDEX,,F,T,0,0
7/8/2026,9:30:22 AM,SPXW,ML/,91,1.6501,,CALL,7525,0,15016,7/8/2026,WHITE,0,0,F,INDEX,,F,T,0,0
7/8/2026,9:35:01 AM,SPXW,ML/,80,1.6649,,CALL,7525,0,13319,7/8/2026,WHITE,0,0,F,INDEX,,F,T,0,0
7/8/2026,9:37:35 AM,SPXW,ML/,61,1.7197,,CALL,7525,0,10490,7/8/2026,WHITE,0,0,F,INDEX,,F,T,0,0
7/8/2026,9:49:08 AM,SPXW,ML/,81,1.6356,,CALL,7525,0,13247,7/8/2026,WHITE,0,0,F,INDEX,,F,T,0,0
7/8/2026,9:49:24 AM,SPXW,ML/,60,1.88,,CALL,7525,0,11280,7/8/2026,WHITE,0,0,F,INDEX,,F,T,0,0
7/8/2026,10:05:00 AM,SPXW,ML/,94,1.3641,,CALL,7525,0,12822,7/8/2026,WHITE,0,0,F,INDEX,,F,T,0,0
7/8/2026,10:08:00 AM,SPXW,ML/,100,1.35,,CALL,7525,0,13500,7/8/2026,WHITE,0,0,F,INDEX,,F,T,0,0
7/8/2026,10:21:24 AM,SPXW,ML/,179,0.7747,,CALL,7525,0,13868,7/8/2026,WHITE,0,0,F,INDEX,,F,T,0,0
7/8/2026,1:35:32 PM,SPXW,ML/,257,0.4999,,CALL,7525,0,12847,7/8/2026,WHITE,0,0,F,INDEX,,F,T,0,0
7/8/2026,9:30:42 AM,SPXW,ML/,69,4.842,,CALL,7500,0,33410,7/8/2026,WHITE,0,0,F,INDEX,,F,T,0,0
7/8/2026,9:33:05 AM,SPXW,ML/,171,6.0095,,CALL,7500,0,102763,7/8/2026,WHITE,0,0,F,INDEX,,F,T,0,0
7/8/2026,9:33:25 AM,SPXW,BLOCK,52,5.6038,,CALL,7500,0,29139,7/8/2026,WHITE,0,0,F,INDEX,,F,T,0,0
7/8/2026,9:33:33 AM,SPXW,ML/,55,5.4916,,CALL,7500,0,30204,7/8/2026,WHITE,0,0,F,INDEX,,F,T,0,0
7/8/2026,9:35:01 AM,SPXW,ML/,181,5.105,,CALL,7500,0,92401,7/8/2026,WHITE,0,0,F,INDEX,,F,T,0,0
7/8/2026,9:37:34 AM,SPXW,ML/,66,5.2905,,CALL,7500,0,34916,7/8/2026,WHITE,0,0,F,INDEX,,F,T,0,0
7/8/2026,9:40:04 AM,SPXW,ML/,166,5.9214,,CALL,7500,0,98296,7/8/2026,WHITE,0,0,F,INDEX,,F,T,0,0
7/8/2026,9:40:10 AM,SPXW,ML/,335,7.0099,,CALL,7500,0,234833,7/8/2026,WHITE,0,0,F,INDEX,,F,T,0,0
7/8/2026,9:40:19 AM,SPXW,ML/,77,7.2806,,CALL,7500,0,56061,7/8/2026,WHITE,0,0,F,INDEX,,F,T,0,0
7/8/2026,9:40:38 AM,SPXW,ML/,75,7.334,,CALL,7500,0,55004,7/8/2026,WHITE,0,0,F,INDEX,,F,T,0,0
7/8/2026,9:40:45 AM,SPXW,ML/,70,7.7354,,CALL,7500,0,54148,7/8/2026,WHITE,0,0,F,INDEX,,F,T,0,0
7/8/2026,9:40:50 AM,SPXW,ML/,106,7.9281,,CALL,7500,0,84038,7/8/2026,WHITE,0,0,F,INDEX,,F,T,0,0
7/8/2026,9:40:55 AM,SPXW,BLOCK,54,8.0019,,CALL,7500,0,43210,7/8/2026,WHITE,0,0,F,INDEX,,F,T,0,0
7/8/2026,9:40:57 AM,SPXW,ML/,152,7.7226,,CALL,7500,0,117383,7/8/2026,WHITE,0,0,F,INDEX,,F,T,0,0
7/8/2026,9:42:24 AM,SPXW,ML/,107,6.0064,,CALL,7500,0,64268,7/8/2026,WHITE,0,0,F,INDEX,,F,T,0,0
7/8/2026,9:43:01 AM,SPXW,ML/,56,6.4948,,CALL,7500,0,36371,7/8/2026,WHITE,0,0,F,INDEX,,F,T,0,0
7/8/2026,9:43:19 AM,SPXW,ML/,103,6.3966,,CALL,7500,0,65885,7/8/2026,WHITE,0,0,F,INDEX,,F,T,0,0
7/8/2026,9:45:00 AM,SPXW,ML/,56,6.3129,,CALL,7500,0,35352,7/8/2026,WHITE,0,0,F,INDEX,,F,T,0,0
7/8/2026,9:47:11 AM,SPXW,ML/,65,6.8506,,CALL,7500,0,44529,7/8/2026,WHITE,0,0,F,INDEX,,F,T,0,0
7/8/2026,9:47:43 AM,SPXW,ML/,135,6.3973,,CALL,7500,0,86363,7/8/2026,WHITE,0,0,F,INDEX,,F,T,0,0
7/8/2026,9:49:03 AM,SPXW,ML/,53,5.9183,,CALL,7500,0,31367,7/8/2026,WHITE,0,0,F,INDEX,,F,T,0,0
7/8/2026,9:49:08 AM,SPXW,ML/,59,5.6288,,CALL,7500,0,33210,7/8/2026,WHITE,0,0,F,INDEX,,F,T,0,0
7/8/2026,9:49:36 AM,SPXW,ML/,50,5.2028,,CALL,7500,0,26014,7/8/2026,WHITE,0,0,F,INDEX,,F,T,0,0
7/8/2026,9:49:41 AM,SPXW,BLOCK,133,5.0647,,CALL,7500,0,67360,7/8/2026,WHITE,0,0,F,INDEX,,F,T,0,0
7/8/2026,9:49:57 AM,SPXW,ML/,63,5.0965,,CALL,7500,0,32108,7/8/2026,WHITE,0,0,F,INDEX,,F,T,0,0
7/8/2026,9:53:20 AM,SPXW,ML/,59,5.6856,,CALL,7500,0,33545,7/8/2026,WHITE,0,0,F,INDEX,,F,T,0,0
7/8/2026,9:54:21 AM,SPXW,BLOCK,50,5.086,,CALL,7500,0,25430,7/8/2026,WHITE,0,0,F,INDEX,,F,T,0,0
7/8/2026,9:54:53 AM,SPXW,ML/,59,4.8103,,CALL,7500,0,28381,7/8/2026,WHITE,0,0,F,INDEX,,F,T,0,0
7/8/2026,9:56:58 AM,SPXW,ML/,198,4.8865,,CALL,7500,0,96752,7/8/2026,WHITE,0,0,F,INDEX,,F,T,0,0
7/8/2026,9:57:26 AM,SPXW,ML/,59,5.3193,,CALL,7500,0,31383,7/8/2026,WHITE,0,0,F,INDEX,,F,T,0,0
7/8/2026,9:58:37 AM,SPXW,BLOCK,139,5.9978,,CALL,7500,0,83370,7/8/2026,WHITE,0,0,F,INDEX,,F,T,0,0
7/8/2026,10:00:28 AM,SPXW,ML/,53,4.8189,,CALL,7500,0,25540,7/8/2026,WHITE,0,0,F,INDEX,,F,T,0,0
7/8/2026,10:02:18 AM,SPXW,ML/,86,5.0077,,CALL,7500,0,43066,7/8/2026,WHITE,0,0,F,INDEX,,F,T,0,0
7/8/2026,10:02:49 AM,SPXW,ML/,71,4.5197,,CALL,7500,0,32089,7/8/2026,WHITE,0,0,F,INDEX,,F,T,0,0
7/8/2026,10:02:53 AM,SPXW,ML/,143,4.5,,CALL,7500,0,64350,7/8/2026,WHITE,0,0,F,INDEX,,F,T,0,0
7/8/2026,10:03:49 AM,SPXW,ML/,188,4.6124,,CALL,7500,0,86713,7/8/2026,WHITE,0,0,F,INDEX,,F,T,0,0
7/8/2026,10:04:00 AM,SPXW,ML/,156,4.9691,,CALL,7500,0,77518,7/8/2026,WHITE,0,0,F,INDEX,,F,T,0,0
7/8/2026,10:05:01 AM,SPXW,ML/,181,5.1073,,CALL,7500,0,92442,7/8/2026,WHITE,0,0,F,INDEX,,F,T,0,0
7/8/2026,10:05:29 AM,SPXW,BLOCK,101,5.5,,CALL,7500,0,55550,7/8/2026,WHITE,0,0,F,INDEX,,F,T,0,0
7/8/2026,10:08:19 AM,SPXW,ML/,68,5.8046,,CALL,7500,0,39471,7/8/2026,WHITE,0,0,F,INDEX,,F,T,0,0
7/8/2026,10:08:53 AM,SPXW,ML/,54,5.9096,,CALL,7500,0,31912,7/8/2026,WHITE,0,0,F,INDEX,,F,T,0,0
7/8/2026,10:09:40 AM,SPXW,ML/,127,4.7581,,CALL,7500,0,60428,7/8/2026,WHITE,0,0,F,INDEX,,F,T,0,0
7/8/2026,10:09:45 AM,SPXW,ML/,60,5.34,,CALL,7500,0,32040,7/8/2026,WHITE,0,0,F,INDEX,,F,T,0,0
7/8/2026,10:11:23 AM,SPXW,ML/,111,4.0022,,CALL,7500,0,44424,7/8/2026,WHITE,0,0,F,INDEX,,F,T,0,0
7/8/2026,10:11:50 AM,SPXW,ML/,51,3.8147,,CALL,7500,0,19455,7/8/2026,WHITE,0,0,F,INDEX,,F,T,0,0
7/8/2026,10:11:58 AM,SPXW,ML/,98,3.7007,,CALL,7500,0,36267,7/8/2026,WHITE,0,0,F,INDEX,,F,T,0,0
7/8/2026,10:12:06 AM,SPXW,ML/,158,3.5825,,CALL,7500,0,56604,7/8/2026,WHITE,0,0,F,INDEX,,F,T,0,0
7/8/2026,10:12:21 AM,SPXW,ML/,66,3.3645,,CALL,7500,0,22205,7/8/2026,WHITE,0,0,F,INDEX,,F,T,0,0
7/8/2026,10:12:25 AM,SPXW,ML/,187,3.2447,,CALL,7500,0,60675,7/8/2026,WHITE,0,0,F,INDEX,,F,T,0,0
7/8/2026,10:12:59 AM,SPXW,ML/,78,3.3051,,CALL,7500,0,25780,7/8/2026,WHITE,0,0,F,INDEX,,F,T,0,0
7/8/2026,10:15:16 AM,SPXW,ML/,80,3.0059,,CALL,7500,0,24047,7/8/2026,WHITE,0,0,F,INDEX,,F,T,0,0
7/8/2026,10:15:19 AM,SPXW,ML/,334,2.9444,,CALL,7500,0,98342,7/8/2026,WHITE,0,0,F,INDEX,,F,T,0,0
7/8/2026,10:15:49 AM,SPXW,ML/,117,2.7954,,CALL,7500,0,32706,7/8/2026,WHITE,0,0,F,INDEX,,F,T,0,0
7/8/2026,10:16:03 AM,SPXW,ML/,69,2.7703,,CALL,7500,0,19114,7/8/2026,WHITE,0,0,F,INDEX,,F,T,0,0
7/8/2026,10:16:08 AM,SPXW,ML/,70,2.9524,,CALL,7500,0,20667,7/8/2026,WHITE,0,0,F,INDEX,,F,T,0,0
7/8/2026,10:16:13 AM,SPXW,ML/,66,2.7129,,CALL,7500,0,17905,7/8/2026,WHITE,0,0,F,INDEX,,F,T,0,0
7/8/2026,10:16:25 AM,SPXW,ML/,101,2.7703,,CALL,7500,0,27980,7/8/2026,WHITE,0,0,F,INDEX,,F,T,0,0
7/8/2026,10:16:33 AM,SPXW,ML/,385,2.9508,,CALL,7500,0,113605,7/8/2026,WHITE,0,0,F,INDEX,,F,T,0,0
7/8/2026,10:16:35 AM,SPXW,ML/,51,3.0133,,CALL,7500,0,15368,7/8/2026,WHITE,0,0,F,INDEX,,F,T,0,0
7/8/2026,10:17:26 AM,SPXW,BLOCK,122,2.6029,,CALL,7500,0,31755,7/8/2026,WHITE,0,0,F,INDEX,,F,T,0,0
7/8/2026,10:17:48 AM,SPXW,ML/,114,3.0001,,CALL,7500,0,34201,7/8/2026,WHITE,0,0,F,INDEX,,F,T,0,0
7/8/2026,10:17:59 AM,SPXW,SWEEP,54,3.2685,A,CALL,7500,0,17650,7/8/2026,WHITE,0,0,F,INDEX,,F,T,0,0
7/8/2026,10:18:15 AM,SPXW,ML/,57,3.6009,,CALL,7500,0,20525,7/8/2026,WHITE,0,0,F,INDEX,,F,T,0,0
7/8/2026,10:19:04 AM,SPXW,BLOCK,63,2.9627,,CALL,7500,0,18665,7/8/2026,WHITE,0,0,F,INDEX,,F,T,0,0
7/8/2026,10:20:48 AM,SPXW,ML/,59,3.6285,,CALL,7500,0,21408,7/8/2026,WHITE,0,0,F,INDEX,,F,T,0,0
7/8/2026,10:21:14 AM,SPXW,ML/,58,4.0055,,CALL,7500,0,23232,7/8/2026,WHITE,0,0,F,INDEX,,F,T,0,0
7/8/2026,10:21:17 AM,SPXW,ML/,111,4.2873,,CALL,7500,0,47589,7/8/2026,WHITE,0,0,F,INDEX,,F,T,0,0
7/8/2026,10:21:23 AM,SPXW,ML/,76,4.2454,,CALL,7500,0,32264,7/8/2026,WHITE,0,0,F,INDEX,,F,T,0,0
7/8/2026,10:21:27 AM,SPXW,BLOCK,78,4.2487,,CALL,7500,0,33140,7/8/2026,WHITE,0,0,F,INDEX,,F,T,0,0
7/8/2026,10:21:29 AM,SPXW,ML/,102,4.2441,,CALL,7500,0,43290,7/8/2026,WHITE,0,0,F,INDEX,,F,T,0,0
7/8/2026,10:21:52 AM,SPXW,ML/,117,4.9867,,CALL,7500,0,58344,7/8/2026,WHITE,0,0,F,INDEX,,F,T,0,0
7/8/2026,10:23:07 AM,SPXW,ML/,73,5.0147,,CALL,7500,0,36607,7/8/2026,WHITE,0,0,F,INDEX,,F,T,0,0
7/8/2026,10:23:08 AM,SPXW,ML/,57,5.0693,,CALL,7500,0,28895,7/8/2026,WHITE,0,0,F,INDEX,,F,T,0,0
7/8/2026,10:24:01 AM,SPXW,BLOCK,50,3.998,,CALL,7500,0,19990,7/8/2026,WHITE,0,0,F,INDEX,,F,T,0,0
7/8/2026,10:24:11 AM,SPXW,ML/,84,3.9336,,CALL,7500,0,33042,7/8/2026,WHITE,0,0,F,INDEX,,F,T,0,0
7/8/2026,10:26:20 AM,SPXW,ML/,105,3.8974,,CALL,7500,0,40923,7/8/2026,WHITE,0,0,F,INDEX,,F,T,0,0
7/8/2026,10:26:45 AM,SPXW,ML/,91,3.72,,CALL,7500,0,33852,7/8/2026,WHITE,0,0,F,INDEX,,F,T,0,0
7/8/2026,10:26:48 AM,SPXW,ML/,89,3.64,,CALL,7500,0,32395,7/8/2026,WHITE,0,0,F,INDEX,,F,T,0,0
7/8/2026,10:27:00 AM,SPXW,ML/,56,3.2512,,CALL,7500,0,18207,7/8/2026,WHITE,0,0,F,INDEX,,F,T,0,0
7/8/2026,10:27:02 AM,SPXW,ML/,51,3.051,,CALL,7500,0,15560,7/8/2026,WHITE,0,0,F,INDEX,,F,T,0,0
7/8/2026,10:27:04 AM,SPXW,ML/,137,2.9026,,CALL,7500,0,39765,7/8/2026,WHITE,0,0,F,INDEX,,F,T,0,0
7/8/2026,10:27:09 AM,SPXW,ML/,56,2.7291,,CALL,7500,0,15283,7/8/2026,WHITE,0,0,F,INDEX,,F,T,0,0
7/8/2026,10:27:14 AM,SPXW,ML/,190,2.8233,,CALL,7500,0,53641,7/8/2026,WHITE,0,0,F,INDEX,,F,T,0,0
7/8/2026,10:27:26 AM,SPXW,BLOCK,82,3.1683,,CALL,7500,0,25980,7/8/2026,WHITE,0,0,F,INDEX,,F,T,0,0
7/8/2026,10:28:08 AM,SPXW,ML/,104,3.3115,,CALL,7500,0,34440,7/8/2026,WHITE,0,0,F,INDEX,,F,T,0,0
7/8/2026,10:32:52 AM,SPXW,ML/,406,2.552,,CALL,7500,0,103609,7/8/2026,WHITE,0,0,F,INDEX,,F,T,0,0
7/8/2026,10:33:21 AM,SPXW,BLOCK,105,2.5,,CALL,7500,0,26250,7/8/2026,WHITE,0,0,F,INDEX,,F,T,0,0
7/8/2026,10:33:26 AM,SPXW,ML/,56,2.3066,,CALL,7500,0,12916,7/8/2026,WHITE,0,0,F,INDEX,,F,T,0,0
7/8/2026,10:34:00 AM,SPXW,BLOCK,132,2.8,,CALL,7500,0,36960,7/8/2026,WHITE,0,0,F,INDEX,,F,T,0,0
7/8/2026,10:35:53 AM,SPXW,ML/,90,2.1738,,CALL,7500,0,19564,7/8/2026,WHITE,0,0,F,INDEX,,F,T,0,0
7/8/2026,10:35:57 AM,SPXW,ML/,88,2.1345,,CALL,7500,0,18784,7/8/2026,WHITE,0,0,F,INDEX,,F,T,0,0
7/8/2026,10:36:03 AM,SPXW,ML/,129,2.0718,,CALL,7500,0,26726,7/8/2026,WHITE,0,0,F,INDEX,,F,T,0,0
7/8/2026,10:36:06 AM,SPXW,BLOCK,70,2.1036,,CALL,7500,0,14725,7/8/2026,WHITE,0,0,F,INDEX,,F,T,0,0
7/8/2026,10:37:02 AM,SPXW,ML/,87,2.0087,,CALL,7500,0,17476,7/8/2026,WHITE,0,0,F,INDEX,,F,T,0,0
7/8/2026,10:37:42 AM,SPXW,BLOCK,58,2.4336,,CALL,7500,0,14115,7/8/2026,WHITE,0,0,F,INDEX,,F,T,0,0
7/8/2026,10:39:27 AM,SPXW,BLOCK,95,1.8674,,CALL,7500,0,17740,7/8/2026,WHITE,0,0,F,INDEX,,F,T,0,0
7/8/2026,10:40:00 AM,SPXW,ML/,64,1.6681,,CALL,7500,0,10676,7/8/2026,WHITE,0,0,F,INDEX,,F,T,0,0
7/8/2026,10:41:48 AM,SPXW,ML/,68,1.9932,,CALL,7500,0,13554,7/8/2026,WHITE,0,0,F,INDEX,,F,T,0,0
7/8/2026,10:42:34 AM,SPXW,BLOCK,72,1.8,,CALL,7500,0,12960,7/8/2026,WHITE,0,0,F,INDEX,,F,T,0,0
7/8/2026,10:43:26 AM,SPXW,ML/,117,1.5006,,CALL,7500,0,17557,7/8/2026,WHITE,0,0,F,INDEX,,F,T,0,0
7/8/2026,10:46:06 AM,SPXW,ML/,78,1.5315,,CALL,7500,0,11946,7/8/2026,WHITE,0,0,F,INDEX,,F,T,0,0
7/8/2026,10:46:27 AM,SPXW,ML/,117,1.3994,,CALL,7500,0,16372,7/8/2026,WHITE,0,0,F,INDEX,,F,T,0,0
7/8/2026,10:47:00 AM,SPXW,ML/,100,1.2032,,CALL,7500,0,12032,7/8/2026,WHITE,0,0,F,INDEX,,F,T,0,0
7/8/2026,10:47:50 AM,SPXW,BLOCK,100,1.2,,CALL,7500,0,12000,7/8/2026,WHITE,0,0,F,INDEX,,F,T,0,0
7/8/2026,10:48:00 AM,SPXW,ML/,241,1.0985,,CALL,7500,0,26474,7/8/2026,WHITE,0,0,F,INDEX,,F,T,0,0
7/8/2026,10:51:01 AM,SPXW,ML/,176,0.8998,,CALL,7500,0,15837,7/8/2026,WHITE,0,0,F,INDEX,,F,T,0,0
7/8/2026,10:51:50 AM,SPXW,BLOCK,120,1.0483,,CALL,7500,0,12580,7/8/2026,WHITE,0,0,F,INDEX,,F,T,0,0
7/8/2026,10:51:53 AM,SPXW,ML/,112,1.0232,,CALL,7500,0,11460,7/8/2026,WHITE,0,0,F,INDEX,,F,T,0,0
7/8/2026,10:53:47 AM,SPXW,ML/,307,1.5831,,CALL,7500,0,48600,7/8/2026,WHITE,0,0,F,INDEX,,F,T,0,0
7/8/2026,10:54:00 AM,SPXW,ML/,87,1.5498,,CALL,7500,0,13483,7/8/2026,WHITE,0,0,F,INDEX,,F,T,0,0
7/8/2026,10:54:58 AM,SPXW,SWEEP,187,1.5604,A,CALL,7500,0,29180,7/8/2026,WHITE,0,0,F,INDEX,,F,T,0,0
7/8/2026,10:56:02 AM,SPXW,ML/,148,1.6968,,CALL,7500,0,25113,7/8/2026,WHITE,0,0,F,INDEX,,F,T,0,0
7/8/2026,10:57:21 AM,SPXW,ML/,503,1.6669,,CALL,7500,0,83845,7/8/2026,WHITE,0,0,F,INDEX,,F,T,0,0
7/8/2026,11:07:28 AM,SPXW,BLOCK,100,1,,CALL,7500,0,10000,7/8/2026,WHITE,0,0,F,INDEX,,F,T,0,0
7/8/2026,11:11:35 AM,SPXW,ML/,168,1.05,,CALL,7500,0,17640,7/8/2026,WHITE,0,0,F,INDEX,,F,T,0,0
7/8/2026,11:28:13 AM,SPXW,BLOCK,240,0.6,,CALL,7500,0,14400,7/8/2026,WHITE,0,0,F,INDEX,,F,T,0,0
7/8/2026,11:40:22 AM,SPXW,ML/,160,0.65,,CALL,7500,0,10400,7/8/2026,WHITE,0,0,F,INDEX,,F,T,0,0
7/8/2026,11:42:42 AM,SPXW,BLOCK,300,0.65,,CALL,7500,0,19500,7/8/2026,WHITE,0,0,F,INDEX,,F,T,0,0
7/8/2026,12:05:04 PM,SPXW,ML/,488,0.892,,CALL,7500,0,43531,7/8/2026,WHITE,0,0,F,INDEX,,F,T,0,0
7/8/2026,12:10:26 PM,SPXW,ML/,119,1.1292,,CALL,7500,0,13438,7/8/2026,WHITE,0,0,F,INDEX,,F,T,0,0
7/8/2026,12:13:37 PM,SPXW,ML/,317,1.1511,,CALL,7500,0,36491,7/8/2026,WHITE,0,0,F,INDEX,,F,T,0,0
7/8/2026,12:16:06 PM,SPXW,BLOCK,201,1,,CALL,7500,0,20100,7/8/2026,WHITE,0,0,F,INDEX,,F,T,0,0
7/8/2026,12:17:14 PM,SPXW,ML/,209,1.2002,,CALL,7500,0,25083,7/8/2026,WHITE,0,0,F,INDEX,,F,T,0,0
7/8/2026,12:17:18 PM,SPXW,ML/,178,1.3016,,CALL,7500,0,23169,7/8/2026,WHITE,0,0,F,INDEX,,F,T,0,0
7/8/2026,12:17:44 PM,SPXW,ML/,207,1.2027,,CALL,7500,0,24895,7/8/2026,WHITE,0,0,F,INDEX,,F,T,0,0
7/8/2026,12:20:36 PM,SPXW,ML/,71,1.498,,CALL,7500,0,10636,7/8/2026,WHITE,0,0,F,INDEX,,F,T,0,0
7/8/2026,12:20:46 PM,SPXW,ML/,101,1.5109,,CALL,7500,0,15260,7/8/2026,WHITE,0,0,F,INDEX,,F,T,0,0
7/8/2026,12:21:32 PM,SPXW,ML/,187,1.6467,,CALL,7500,0,30794,7/8/2026,WHITE,0,0,F,INDEX,,F,T,0,0
7/8/2026,12:22:12 PM,SPXW,ML/,81,1.5698,,CALL,7500,0,12715,7/8/2026,WHITE,0,0,F,INDEX,,F,T,0,0
7/8/2026,12:27:37 PM,SPXW,ML/,155,1.699,,CALL,7500,0,26335,7/8/2026,WHITE,0,0,F,INDEX,,F,T,0,0
7/8/2026,12:30:34 PM,SPXW,ML/,66,1.7042,,CALL,7500,0,11248,7/8/2026,WHITE,0,0,F,INDEX,,F,T,0,0
7/8/2026,12:30:41 PM,SPXW,BLOCK,70,1.7129,,CALL,7500,0,11990,7/8/2026,WHITE,0,0,F,INDEX,,F,T,0,0
7/8/2026,12:31:01 PM,SPXW,ML/,236,1.9632,,CALL,7500,0,46331,7/8/2026,WHITE,0,0,F,INDEX,,F,T,0,0
7/8/2026,12:31:05 PM,SPXW,ML/,255,2.1558,,CALL,7500,0,54972,7/8/2026,WHITE,0,0,F,INDEX,,F,T,0,0
7/8/2026,12:31:13 PM,SPXW,BLOCK,514,1.8951,,CALL,7500,0,97410,7/8/2026,WHITE,0,0,F,INDEX,,F,T,0,0
7/8/2026,12:31:39 PM,SPXW,ML/,227,1.95,,CALL,7500,0,44265,7/8/2026,WHITE,0,0,F,INDEX,,F,T,0,0
7/8/2026,12:32:30 PM,SPXW,ML/,63,1.671,,CALL,7500,0,10526,7/8/2026,WHITE,0,0,F,INDEX,,F,T,0,0
7/8/2026,12:34:55 PM,SPXW,ML/,157,1.1742,,CALL,7500,0,18435,7/8/2026,WHITE,0,0,F,INDEX,,F,T,0,0
7/8/2026,12:35:11 PM,SPXW,ML/,99,1.4251,,CALL,7500,0,14108,7/8/2026,WHITE,0,0,F,INDEX,,F,T,0,0
7/8/2026,12:36:06 PM,SPXW,BLOCK,105,1.1005,,CALL,7500,0,11555,7/8/2026,WHITE,0,0,F,INDEX,,F,T,0,0
7/8/2026,12:38:03 PM,SPXW,ML/,300,1.01,,CALL,7500,0,30300,7/8/2026,WHITE,0,0,F,INDEX,,F,T,0,0
7/8/2026,12:40:37 PM,SPXW,ML/,68,1.6218,,CALL,7500,0,11028,7/8/2026,WHITE,0,0,F,INDEX,,F,T,0,0
7/8/2026,12:40:42 PM,SPXW,ML/,657,2.3739,,CALL,7500,0,155966,7/8/2026,WHITE,0,0,F,INDEX,,F,T,0,0
7/8/2026,12:40:55 PM,SPXW,ML/,83,2.3284,,CALL,7500,0,19326,7/8/2026,WHITE,0,0,F,INDEX,,F,T,0,0
7/8/2026,12:41:00 PM,SPXW,ML/,68,2.2407,,CALL,7500,0,15237,7/8/2026,WHITE,0,0,F,INDEX,,F,T,0,0
7/8/2026,12:41:04 PM,SPXW,ML/,261,2.2611,,CALL,7500,0,59014,7/8/2026,WHITE,0,0,F,INDEX,,F,T,0,0
7/8/2026,12:41:17 PM,SPXW,BLOCK,70,2.0636,,CALL,7500,0,14444,7/8/2026,WHITE,0,0,F,INDEX,,F,T,0,0
7/8/2026,12:41:26 PM,SPXW,ML/,63,1.731,,CALL,7500,0,10905,7/8/2026,WHITE,0,0,F,INDEX,,F,T,0,0
7/8/2026,12:42:08 PM,SPXW,ML/,56,1.7955,,CALL,7500,0,10055,7/8/2026,WHITE,0,0,F,INDEX,,F,T,0,0
7/8/2026,12:42:16 PM,SPXW,ML/,96,1.8715,,CALL,7500,0,17966,7/8/2026,WHITE,0,0,F,INDEX,,F,T,0,0
7/8/2026,12:43:23 PM,SPXW,BLOCK,59,1.8,,CALL,7500,0,10620,7/8/2026,WHITE,0,0,F,INDEX,,F,T,0,0
7/8/2026,12:43:50 PM,SPXW,ML/,56,1.9959,,CALL,7500,0,11177,7/8/2026,WHITE,0,0,F,INDEX,,F,T,0,0
7/8/2026,12:46:35 PM,SPXW,ML/,62,1.8995,,CALL,7500,0,11777,7/8/2026,WHITE,0,0,F,INDEX,,F,T,0,0
7/8/2026,12:48:16 PM,SPXW,ML/,72,1.8638,,CALL,7500,0,13419,7/8/2026,WHITE,0,0,F,INDEX,,F,T,0,0
7/8/2026,12:49:14 PM,SPXW,ML/,66,1.9932,,CALL,7500,0,13155,7/8/2026,WHITE,0,0,F,INDEX,,F,T,0,0
7/8/2026,12:49:30 PM,SPXW,ML/,68,2.0476,,CALL,7500,0,13923,7/8/2026,WHITE,0,0,F,INDEX,,F,T,0,0
7/8/2026,12:49:59 PM,SPXW,ML/,261,2.0485,,CALL,7500,0,53466,7/8/2026,WHITE,0,0,F,INDEX,,F,T,0,0
7/8/2026,12:50:14 PM,SPXW,ML/,59,2.02,,CALL,7500,0,11918,7/8/2026,WHITE,0,0,F,INDEX,,F,T,0,0
7/8/2026,12:50:19 PM,SPXW,ML/,117,2.1374,,CALL,7500,0,25008,7/8/2026,WHITE,0,0,F,INDEX,,F,T,0,0
7/8/2026,12:50:46 PM,SPXW,BLOCK,177,1.95,,CALL,7500,0,34515,7/8/2026,WHITE,0,0,F,INDEX,,F,T,0,0
7/8/2026,12:50:49 PM,SPXW,BLOCK,224,1.9,,CALL,7500,0,42560,7/8/2026,WHITE,0,0,F,INDEX,,F,T,0,0
7/8/2026,12:53:05 PM,SPXW,BLOCK,80,2.2938,,CALL,7500,0,18350,7/8/2026,WHITE,0,0,F,INDEX,,F,T,0,0
7/8/2026,12:53:21 PM,SPXW,BLOCK,170,2.2497,,CALL,7500,0,38245,7/8/2026,WHITE,0,0,F,INDEX,,F,T,0,0
7/8/2026,12:53:24 PM,SPXW,ML/,70,2.25,,CALL,7500,0,15750,7/8/2026,WHITE,0,0,F,INDEX,,F,T,0,0
7/8/2026,12:53:32 PM,SPXW,ML/,228,1.9938,,CALL,7500,0,45459,7/8/2026,WHITE,0,0,F,INDEX,,F,T,0,0
7/8/2026,12:55:05 PM,SPXW,ML/,65,2.1371,,CALL,7500,0,13891,7/8/2026,WHITE,0,0,F,INDEX,,F,T,0,0
7/8/2026,12:55:12 PM,SPXW,ML/,87,2.2157,,CALL,7500,0,19277,7/8/2026,WHITE,0,0,F,INDEX,,F,T,0,0
7/8/2026,12:56:05 PM,SPXW,ML/,74,2.1276,,CALL,7500,0,15744,7/8/2026,WHITE,0,0,F,INDEX,,F,T,0,0
7/8/2026,12:59:42 PM,SPXW,BLOCK,84,2.2,,CALL,7500,0,18480,7/8/2026,WHITE,0,0,F,INDEX,,F,T,0,0
7/8/2026,1:00:00 PM,SPXW,ML/,143,2.0118,,CALL,7500,0,28769,7/8/2026,WHITE,0,0,F,INDEX,,F,T,0,0
7/8/2026,1:00:17 PM,SPXW,ML/,269,2.0838,,CALL,7500,0,56053,7/8/2026,WHITE,0,0,F,INDEX,,F,T,0,0
7/8/2026,1:00:54 PM,SPXW,BLOCK,123,1.7508,,CALL,7500,0,21535,7/8/2026,WHITE,0,0,F,INDEX,,F,T,0,0
7/8/2026,1:02:06 PM,SPXW,ML/,115,1.8426,,CALL,7500,0,21190,7/8/2026,WHITE,0,0,F,INDEX,,F,T,0,0
7/8/2026,1:02:38 PM,SPXW,ML/,75,1.4735,,CALL,7500,0,11051,7/8/2026,WHITE,0,0,F,INDEX,,F,T,0,0
7/8/2026,1:06:25 PM,SPXW,ML/,117,1.7401,,CALL,7500,0,20359,7/8/2026,WHITE,0,0,F,INDEX,,F,T,0,0
7/8/2026,1:06:32 PM,SPXW,ML/,74,1.9443,,CALL,7500,0,14388,7/8/2026,WHITE,0,0,F,INDEX,,F,T,0,0
7/8/2026,1:16:53 PM,SPXW,ML/,135,1.8233,,CALL,7500,0,24615,7/8/2026,WHITE,0,0,F,INDEX,,F,T,0,0
7/8/2026,1:19:17 PM,SPXW,ML/,120,2.0339,,CALL,7500,0,24407,7/8/2026,WHITE,0,0,F,INDEX,,F,T,0,0
7/8/2026,1:19:45 PM,SPXW,ML/,50,2.2914,,CALL,7500,0,11457,7/8/2026,WHITE,0,0,F,INDEX,,F,T,0,0
7/8/2026,1:20:00 PM,SPXW,ML/,131,2.3472,,CALL,7500,0,30748,7/8/2026,WHITE,0,0,F,INDEX,,F,T,0,0
7/8/2026,1:20:05 PM,SPXW,ML/,239,2.4881,,CALL,7500,0,59466,7/8/2026,WHITE,0,0,F,INDEX,,F,T,0,0
7/8/2026,1:20:11 PM,SPXW,ML/,66,2.4002,,CALL,7500,0,15841,7/8/2026,WHITE,0,0,F,INDEX,,F,T,0,0
7/8/2026,1:20:19 PM,SPXW,ML/,86,2.2267,,CALL,7500,0,19150,7/8/2026,WHITE,0,0,F,INDEX,,F,T,0,0
7/8/2026,1:21:36 PM,SPXW,ML/,102,2.728,,CALL,7500,0,27826,7/8/2026,WHITE,0,0,F,INDEX,,F,T,0,0
7/8/2026,1:21:45 PM,SPXW,ML/,73,2.7178,,CALL,7500,0,19840,7/8/2026,WHITE,0,0,F,INDEX,,F,T,0,0
7/8/2026,1:22:07 PM,SPXW,ML/,57,2.776,,CALL,7500,0,15822,7/8/2026,WHITE,0,0,F,INDEX,,F,T,0,0
7/8/2026,1:22:16 PM,SPXW,ML/,50,2.682,,CALL,7500,0,13410,7/8/2026,WHITE,0,0,F,INDEX,,F,T,0,0
7/8/2026,1:22:35 PM,SPXW,ML/,52,2.7388,,CALL,7500,0,14242,7/8/2026,WHITE,0,0,F,INDEX,,F,T,0,0
7/8/2026,1:22:37 PM,SPXW,ML/,107,2.7886,,CALL,7500,0,29838,7/8/2026,WHITE,0,0,F,INDEX,,F,T,0,0
7/8/2026,1:22:43 PM,SPXW,ML/,189,2.5949,,CALL,7500,0,49044,7/8/2026,WHITE,0,0,F,INDEX,,F,T,0,0
7/8/2026,1:23:31 PM,SPXW,ML/,140,2.6004,,CALL,7500,0,36406,7/8/2026,WHITE,0,0,F,INDEX,,F,T,0,0
7/8/2026,1:23:49 PM,SPXW,ML/,55,2.7616,,CALL,7500,0,15188,7/8/2026,WHITE,0,0,F,INDEX,,F,T,0,0
7/8/2026,1:23:59 PM,SPXW,BLOCK,98,2.7005,,CALL,7500,0,26465,7/8/2026,WHITE,0,0,F,INDEX,,F,T,0,0
7/8/2026,1:24:10 PM,SPXW,ML/,449,2.8498,,CALL,7500,0,127955,7/8/2026,WHITE,0,0,F,INDEX,,F,T,0,0
7/8/2026,1:24:29 PM,SPXW,BLOCK,102,2.7505,,CALL,7500,0,28055,7/8/2026,WHITE,0,0,F,INDEX,,F,T,0,0
7/8/2026,1:24:54 PM,SPXW,ML/,199,2.9143,,CALL,7500,0,57993,7/8/2026,WHITE,0,0,F,INDEX,,F,T,0,0
7/8/2026,1:24:59 PM,SPXW,ML/,781,3.2955,,CALL,7500,0,257380,7/8/2026,WHITE,0,0,F,INDEX,,F,T,0,0
7/8/2026,1:25:11 PM,SPXW,ML/,52,3.5096,,CALL,7500,0,18250,7/8/2026,WHITE,0,0,F,INDEX,,F,T,0,0
7/8/2026,1:25:15 PM,SPXW,ML/,113,3.7004,,CALL,7500,0,41814,7/8/2026,WHITE,0,0,F,INDEX,,F,T,0,0
7/8/2026,1:25:20 PM,SPXW,ML/,51,3.5835,,CALL,7500,0,18276,7/8/2026,WHITE,0,0,F,INDEX,,F,T,0,0
7/8/2026,1:25:24 PM,SPXW,ML/,70,3.3669,,CALL,7500,0,23568,7/8/2026,WHITE,0,0,F,INDEX,,F,T,0,0
7/8/2026,1:25:28 PM,SPXW,ML/,105,3.2092,,CALL,7500,0,33697,7/8/2026,WHITE,0,0,F,INDEX,,F,T,0,0
7/8/2026,1:25:47 PM,SPXW,ML/,105,3.0653,,CALL,7500,0,32186,7/8/2026,WHITE,0,0,F,INDEX,,F,T,0,0
7/8/2026,1:26:00 PM,SPXW,ML/,78,3.2012,,CALL,7500,0,24969,7/8/2026,WHITE,0,0,F,INDEX,,F,T,0,0
7/8/2026,1:26:12 PM,SPXW,ML/,117,2.7893,,CALL,7500,0,32635,7/8/2026,WHITE,0,0,F,INDEX,,F,T,0,0
7/8/2026,1:26:18 PM,SPXW,BLOCK,63,2.7087,,CALL,7500,0,17065,7/8/2026,WHITE,0,0,F,INDEX,,F,T,0,0
7/8/2026,1:26:22 PM,SPXW,ML/,72,2.6492,,CALL,7500,0,19074,7/8/2026,WHITE,0,0,F,INDEX,,F,T,0,0
7/8/2026,1:27:02 PM,SPXW,ML/,53,3.0109,,CALL,7500,0,15958,7/8/2026,WHITE,0,0,F,INDEX,,F,T,0,0
7/8/2026,1:27:59 PM,SPXW,ML/,82,2.9802,,CALL,7500,0,24438,7/8/2026,WHITE,0,0,F,INDEX,,F,T,0,0
7/8/2026,1:28:45 PM,SPXW,ML/,89,3.1983,,CALL,7500,0,28465,7/8/2026,WHITE,0,0,F,INDEX,,F,T,0,0
7/8/2026,1:29:01 PM,SPXW,ML/,64,3.49,,CALL,7500,0,22336,7/8/2026,WHITE,0,0,F,INDEX,,F,T,0,0
7/8/2026,1:29:25 PM,SPXW,ML/,289,3.1522,,CALL,7500,0,91099,7/8/2026,WHITE,0,0,F,INDEX,,F,T,0,0
7/8/2026,1:29:26 PM,SPXW,SWEEP,59,3.5085,A,CALL,7500,0,20700,7/8/2026,WHITE,0,0,F,INDEX,,F,T,0,0
7/8/2026,1:29:28 PM,SPXW,ML/,2626,3.47,,CALL,7500,0,911225,7/8/2026,WHITE,0,0,F,INDEX,,F,T,0,0
7/8/2026,1:29:52 PM,SPXW,ML/,56,3.6875,,CALL,7500,0,20650,7/8/2026,WHITE,0,0,F,INDEX,,F,T,0,0
7/8/2026,1:30:00 PM,SPXW,ML/,50,3.7016,,CALL,7500,0,18508,7/8/2026,WHITE,0,0,F,INDEX,,F,T,0,0
7/8/2026,1:30:05 PM,SPXW,ML/,104,3.498,,CALL,7500,0,36379,7/8/2026,WHITE,0,0,F,INDEX,,F,T,0,0
7/8/2026,1:30:26 PM,SPXW,ML/,90,3.7364,,CALL,7500,0,33628,7/8/2026,WHITE,0,0,F,INDEX,,F,T,0,0
7/8/2026,1:30:51 PM,SPXW,ML/,346,3.9978,,CALL,7500,0,138324,7/8/2026,WHITE,0,0,F,INDEX,,F,T,0,0
7/8/2026,1:30:58 PM,SPXW,ML/,294,4.1956,,CALL,7500,0,123352,7/8/2026,WHITE,0,0,F,INDEX,,F,T,0,0
7/8/2026,1:31:11 PM,SPXW,ML/,231,4.4872,,CALL,7500,0,103654,7/8/2026,WHITE,0,0,F,INDEX,,F,T,0,0
7/8/2026,1:31:20 PM,SPXW,ML/,75,4.4512,,CALL,7500,0,33384,7/8/2026,WHITE,0,0,F,INDEX,,F,T,0,0
7/8/2026,1:31:25 PM,SPXW,ML/,391,4.1997,,CALL,7500,0,164207,7/8/2026,WHITE,0,0,F,INDEX,,F,T,0,0
7/8/2026,1:31:46 PM,SPXW,ML/,67,4.1503,,CALL,7500,0,27807,7/8/2026,WHITE,0,0,F,INDEX,,F,T,0,0
7/8/2026,1:31:50 PM,SPXW,ML/,146,3.821,,CALL,7500,0,55786,7/8/2026,WHITE,0,0,F,INDEX,,F,T,0,0
7/8/2026,1:32:20 PM,SPXW,ML/,81,3.9474,,CALL,7500,0,31974,7/8/2026,WHITE,0,0,F,INDEX,,F,T,0,0
7/8/2026,1:32:28 PM,SPXW,ML/,110,3.9193,,CALL,7500,0,43112,7/8/2026,WHITE,0,0,F,INDEX,,F,T,0,0
7/8/2026,1:32:54 PM,SPXW,ML/,65,3.5908,,CALL,7500,0,23340,7/8/2026,WHITE,0,0,F,INDEX,,F,T,0,0
7/8/2026,1:32:59 PM,SPXW,ML/,122,3.731,,CALL,7500,0,45518,7/8/2026,WHITE,0,0,F,INDEX,,F,T,0,0
7/8/2026,1:33:30 PM,SPXW,ML/,87,3.4968,,CALL,7500,0,30421,7/8/2026,WHITE,0,0,F,INDEX,,F,T,0,0
7/8/2026,1:34:28 PM,SPXW,ML/,54,3.5826,,CALL,7500,0,19346,7/8/2026,WHITE,0,0,F,INDEX,,F,T,0,0
7/8/2026,1:34:50 PM,SPXW,BLOCK,79,3.4152,,CALL,7500,0,26980,7/8/2026,WHITE,0,0,F,INDEX,,F,T,0,0
7/8/2026,1:34:59 PM,SPXW,ML/,88,3.2499,,CALL,7500,0,28599,7/8/2026,WHITE,0,0,F,INDEX,,F,T,0,0
7/8/2026,1:35:05 PM,SPXW,ML/,84,3.0412,,CALL,7500,0,25546,7/8/2026,WHITE,0,0,F,INDEX,,F,T,0,0
7/8/2026,1:35:12 PM,SPXW,ML/,130,3.0275,,CALL,7500,0,39358,7/8/2026,WHITE,0,0,F,INDEX,,F,T,0,0
7/8/2026,1:35:43 PM,SPXW,ML/,76,3.3164,,CALL,7500,0,25205,7/8/2026,WHITE,0,0,F,INDEX,,F,T,0,0
7/8/2026,1:36:01 PM,SPXW,ML/,53,3.513,,CALL,7500,0,18619,7/8/2026,WHITE,0,0,F,INDEX,,F,T,0,0
7/8/2026,1:37:26 PM,SPXW,ML/,74,3.1995,,CALL,7500,0,23676,7/8/2026,WHITE,0,0,F,INDEX,,F,T,0,0
7/8/2026,1:38:59 PM,SPXW,ML/,50,2.699,,CALL,7500,0,13495,7/8/2026,WHITE,0,0,F,INDEX,,F,T,0,0
7/8/2026,1:40:02 PM,SPXW,ML/,70,2.5086,,CALL,7500,0,17560,7/8/2026,WHITE,0,0,F,INDEX,,F,T,0,0
7/8/2026,1:40:33 PM,SPXW,ML/,72,2.2258,,CALL,7500,0,16026,7/8/2026,WHITE,0,0,F,INDEX,,F,T,0,0
7/8/2026,1:41:26 PM,SPXW,ML/,50,2.336,,CALL,7500,0,11680,7/8/2026,WHITE,0,0,F,INDEX,,F,T,0,0
7/8/2026,1:41:40 PM,SPXW,ML/,50,2.1144,,CALL,7500,0,10572,7/8/2026,WHITE,0,0,F,INDEX,,F,T,0,0
7/8/2026,1:41:59 PM,SPXW,ML/,109,1.9347,,CALL,7500,0,21088,7/8/2026,WHITE,0,0,F,INDEX,,F,T,0,0
7/8/2026,1:42:43 PM,SPXW,ML/,89,2.2292,,CALL,7500,0,19840,7/8/2026,WHITE,0,0,F,INDEX,,F,T,0,0
7/8/2026,1:42:57 PM,SPXW,BLOCK,69,2.4783,,CALL,7500,0,17100,7/8/2026,WHITE,0,0,F,INDEX,,F,T,0,0
7/8/2026,1:43:04 PM,SPXW,ML/,63,2.4098,,CALL,7500,0,15182,7/8/2026,WHITE,0,0,F,INDEX,,F,T,0,0
7/8/2026,1:43:15 PM,SPXW,ML/,56,2.3495,,CALL,7500,0,13157,7/8/2026,WHITE,0,0,F,INDEX,,F,T,0,0
7/8/2026,1:43:18 PM,SPXW,BLOCK,100,2.3085,,CALL,7500,0,23085,7/8/2026,WHITE,0,0,F,INDEX,,F,T,0,0
7/8/2026,1:44:31 PM,SPXW,ML/,401,2.25,,CALL,7500,0,90227,7/8/2026,WHITE,0,0,F,INDEX,,F,T,0,0
7/8/2026,1:44:45 PM,SPXW,ML/,118,2.286,,CALL,7500,0,26974,7/8/2026,WHITE,0,0,F,INDEX,,F,T,0,0
7/8/2026,1:45:30 PM,SPXW,ML/,205,2.1687,,CALL,7500,0,44458,7/8/2026,WHITE,0,0,F,INDEX,,F,T,0,0
7/8/2026,1:45:32 PM,SPXW,ML/,87,2.0646,,CALL,7500,0,17962,7/8/2026,WHITE,0,0,F,INDEX,,F,T,0,0
7/8/2026,1:45:37 PM,SPXW,ML/,95,1.9528,,CALL,7500,0,18552,7/8/2026,WHITE,0,0,F,INDEX,,F,T,0,0
7/8/2026,1:45:40 PM,SPXW,ML/,181,1.8262,,CALL,7500,0,33055,7/8/2026,WHITE,0,0,F,INDEX,,F,T,0,0
7/8/2026,1:45:49 PM,SPXW,BLOCK,74,1.9,,CALL,7500,0,14060,7/8/2026,WHITE,0,0,F,INDEX,,F,T,0,0
7/8/2026,1:45:50 PM,SPXW,ML/,53,1.9568,,CALL,7500,0,10371,7/8/2026,WHITE,0,0,F,INDEX,,F,T,0,0
7/8/2026,1:46:00 PM,SPXW,BLOCK,62,2,,CALL,7500,0,12400,7/8/2026,WHITE,0,0,F,INDEX,,F,T,0,0
7/8/2026,1:46:28 PM,SPXW,ML/,61,1.9949,,CALL,7500,0,12169,7/8/2026,WHITE,0,0,F,INDEX,,F,T,0,0
7/8/2026,1:46:30 PM,SPXW,ML/,62,1.9458,,CALL,7500,0,12064,7/8/2026,WHITE,0,0,F,INDEX,,F,T,0,0
7/8/2026,1:48:46 PM,SPXW,BLOCK,103,1.418,,CALL,7500,0,14604,7/8/2026,WHITE,0,0,F,INDEX,,F,T,0,0
7/8/2026,1:51:03 PM,SPXW,ML/,83,1.7516,,CALL,7500,0,14538,7/8/2026,WHITE,0,0,F,INDEX,,F,T,0,0
7/8/2026,1:52:42 PM,SPXW,ML/,62,1.8153,,CALL,7500,0,11255,7/8/2026,WHITE,0,0,F,INDEX,,F,T,0,0
7/8/2026,1:53:12 PM,SPXW,ML/,63,1.7348,,CALL,7500,0,10929,7/8/2026,WHITE,0,0,F,INDEX,,F,T,0,0
7/8/2026,1:53:15 PM,SPXW,ML/,61,1.6472,,CALL,7500,0,10047,7/8/2026,WHITE,0,0,F,INDEX,,F,T,0,0
7/8/2026,1:54:14 PM,SPXW,ML/,77,1.5016,,CALL,7500,0,11562,7/8/2026,WHITE,0,0,F,INDEX,,F,T,0,0
7/8/2026,1:55:12 PM,SPXW,ML/,91,1.302,,CALL,7500,0,11848,7/8/2026,WHITE,0,0,F,INDEX,,F,T,0,0
7/8/2026,1:55:28 PM,SPXW,ML/,100,1.1941,,CALL,7500,0,11941,7/8/2026,WHITE,0,0,F,INDEX,,F,T,0,0
7/8/2026,1:55:36 PM,SPXW,ML/,100,1.1,,CALL,7500,0,11000,7/8/2026,WHITE,0,0,F,INDEX,,F,T,0,0
7/8/2026,1:55:46 PM,SPXW,ML/,106,1.0061,,CALL,7500,0,10665,7/8/2026,WHITE,0,0,F,INDEX,,F,T,0,0
7/8/2026,1:59:31 PM,SPXW,BLOCK,109,1.4353,,CALL,7500,0,15644,7/8/2026,WHITE,0,0,F,INDEX,,F,T,0,0
7/8/2026,1:59:49 PM,SPXW,BLOCK,100,1.35,,CALL,7500,0,13500,7/8/2026,WHITE,0,0,F,INDEX,,F,T,0,0
7/8/2026,1:59:59 PM,SPXW,ML/,84,1.3145,,CALL,7500,0,11042,7/8/2026,WHITE,0,0,F,INDEX,,F,T,0,0
7/8/2026,2:01:02 PM,SPXW,ML/,89,1.48,,CALL,7500,0,13172,7/8/2026,WHITE,0,0,F,INDEX,,F,T,0,0
7/8/2026,2:01:19 PM,SPXW,ML/,80,1.8946,,CALL,7500,0,15157,7/8/2026,WHITE,0,0,F,INDEX,,F,T,0,0
7/8/2026,2:01:36 PM,SPXW,ML/,104,1.9316,,CALL,7500,0,20089,7/8/2026,WHITE,0,0,F,INDEX,,F,T,0,0
7/8/2026,2:01:46 PM,SPXW,ML/,72,2.0162,,CALL,7500,0,14516,7/8/2026,WHITE,0,0,F,INDEX,,F,T,0,0
7/8/2026,2:01:48 PM,SPXW,ML/,134,2.1323,,CALL,7500,0,28573,7/8/2026,WHITE,0,0,F,INDEX,,F,T,0,0
7/8/2026,2:01:54 PM,SPXW,ML/,427,2.2848,,CALL,7500,0,97561,7/8/2026,WHITE,0,0,F,INDEX,,F,T,0,0
7/8/2026,2:02:02 PM,SPXW,ML/,288,2.5578,,CALL,7500,0,73666,7/8/2026,WHITE,0,0,F,INDEX,,F,T,0,0
7/8/2026,2:02:08 PM,SPXW,ML/,102,2.4144,,CALL,7500,0,24627,7/8/2026,WHITE,0,0,F,INDEX,,F,T,0,0
7/8/2026,2:02:16 PM,SPXW,BLOCK,74,2.4554,,CALL,7500,0,18170,7/8/2026,WHITE,0,0,F,INDEX,,F,T,0,0
7/8/2026,2:02:24 PM,SPXW,BLOCK,245,2.3731,,CALL,7500,0,58140,7/8/2026,WHITE,0,0,F,INDEX,,F,T,0,0
7/8/2026,2:02:27 PM,SPXW,ML/,93,2.1447,,CALL,7500,0,19946,7/8/2026,WHITE,0,0,F,INDEX,,F,T,0,0
7/8/2026,2:02:45 PM,SPXW,ML/,53,2.116,,CALL,7500,0,11215,7/8/2026,WHITE,0,0,F,INDEX,,F,T,0,0
7/8/2026,2:02:54 PM,SPXW,ML/,59,1.9241,,CALL,7500,0,11352,7/8/2026,WHITE,0,0,F,INDEX,,F,T,0,0
7/8/2026,2:02:57 PM,SPXW,ML/,144,1.8314,,CALL,7500,0,26372,7/8/2026,WHITE,0,0,F,INDEX,,F,T,0,0
7/8/2026,2:03:43 PM,SPXW,ML/,87,2.4564,,CALL,7500,0,21371,7/8/2026,WHITE,0,0,F,INDEX,,F,T,0,0
7/8/2026,2:03:53 PM,SPXW,ML/,84,2.3737,,CALL,7500,0,19939,7/8/2026,WHITE,0,0,F,INDEX,,F,T,0,0
7/8/2026,2:04:08 PM,SPXW,ML/,60,2.5137,,CALL,7500,0,15082,7/8/2026,WHITE,0,0,F,INDEX,,F,T,0,0
7/8/2026,2:04:10 PM,SPXW,ML/,73,2.5434,,CALL,7500,0,18567,7/8/2026,WHITE,0,0,F,INDEX,,F,T,0,0
7/8/2026,2:04:18 PM,SPXW,ML/,96,2.4273,,CALL,7500,0,23302,7/8/2026,WHITE,0,0,F,INDEX,,F,T,0,0
7/8/2026,2:04:40 PM,SPXW,ML/,99,2.2789,,CALL,7500,0,22561,7/8/2026,WHITE,0,0,F,INDEX,,F,T,0,0
7/8/2026,2:04:54 PM,SPXW,ML/,68,2.201,,CALL,7500,0,14967,7/8/2026,WHITE,0,0,F,INDEX,,F,T,0,0
7/8/2026,2:05:08 PM,SPXW,ML/,86,2.2273,,CALL,7500,0,19155,7/8/2026,WHITE,0,0,F,INDEX,,F,T,0,0
7/8/2026,2:05:23 PM,SPXW,ML/,100,2.0286,,CALL,7500,0,20286,7/8/2026,WHITE,0,0,F,INDEX,,F,T,0,0
7/8/2026,2:05:33 PM,SPXW,ML/,84,1.895,,CALL,7500,0,15918,7/8/2026,WHITE,0,0,F,INDEX,,F,T,0,0
7/8/2026,2:06:34 PM,SPXW,ML/,123,1.7504,,CALL,7500,0,21530,7/8/2026,WHITE,0,0,F,INDEX,,F,T,0,0
7/8/2026,2:06:40 PM,SPXW,BLOCK,106,1.7,,CALL,7500,0,18020,7/8/2026,WHITE,0,0,F,INDEX,,F,T,0,0
7/8/2026,2:07:03 PM,SPXW,ML/,161,1.917,,CALL,7500,0,30863,7/8/2026,WHITE,0,0,F,INDEX,,F,T,0,0
7/8/2026,2:08:10 PM,SPXW,BLOCK,116,1.7,,CALL,7500,0,19720,7/8/2026,WHITE,0,0,F,INDEX,,F,T,0,0
7/8/2026,2:08:33 PM,SPXW,ML/,84,1.7018,,CALL,7500,0,14294,7/8/2026,WHITE,0,0,F,INDEX,,F,T,0,0
7/8/2026,2:08:55 PM,SPXW,BLOCK,103,1.8995,,CALL,7500,0,19565,7/8/2026,WHITE,0,0,F,INDEX,,F,T,0,0
7/8/2026,2:09:01 PM,SPXW,ML/,57,2.0405,,CALL,7500,0,11630,7/8/2026,WHITE,0,0,F,INDEX,,F,T,0,0
7/8/2026,2:09:58 PM,SPXW,ML/,132,1.8109,,CALL,7500,0,23904,7/8/2026,WHITE,0,0,F,INDEX,,F,T,0,0
7/8/2026,2:10:04 PM,SPXW,ML/,103,1.4795,,CALL,7500,0,15238,7/8/2026,WHITE,0,0,F,INDEX,,F,T,0,0
7/8/2026,2:12:01 PM,SPXW,ML/,97,1.9956,,CALL,7500,0,19357,7/8/2026,WHITE,0,0,F,INDEX,,F,T,0,0
7/8/2026,2:12:03 PM,SPXW,ML/,94,1.9245,,CALL,7500,0,18090,7/8/2026,WHITE,0,0,F,INDEX,,F,T,0,0
7/8/2026,2:12:14 PM,SPXW,BLOCK,102,1.9,,CALL,7500,0,19380,7/8/2026,WHITE,0,0,F,INDEX,,F,T,0,0
7/8/2026,2:12:18 PM,SPXW,BLOCK,100,1.85,,CALL,7500,0,18500,7/8/2026,WHITE,0,0,F,INDEX,,F,T,0,0
7/8/2026,2:12:27 PM,SPXW,ML/,69,1.8404,,CALL,7500,0,12699,7/8/2026,WHITE,0,0,F,INDEX,,F,T,0,0
7/8/2026,2:12:30 PM,SPXW,BLOCK,55,1.9,,CALL,7500,0,10450,7/8/2026,WHITE,0,0,F,INDEX,,F,T,0,0
7/8/2026,2:15:23 PM,SPXW,ML/,74,1.7,,CALL,7500,0,12580,7/8/2026,WHITE,0,0,F,INDEX,,F,T,0,0
7/8/2026,2:16:10 PM,SPXW,BLOCK,74,1.4196,,CALL,7500,0,10505,7/8/2026,WHITE,0,0,F,INDEX,,F,T,0,0
7/8/2026,2:16:16 PM,SPXW,ML/,78,1.3229,,CALL,7500,0,10319,7/8/2026,WHITE,0,0,F,INDEX,,F,T,0,0
7/8/2026,2:16:29 PM,SPXW,ML/,96,1.1891,,CALL,7500,0,11415,7/8/2026,WHITE,0,0,F,INDEX,,F,T,0,0
7/8/2026,2:16:35 PM,SPXW,ML/,123,1.1412,,CALL,7500,0,14037,7/8/2026,WHITE,0,0,F,INDEX,,F,T,0,0
7/8/2026,2:16:56 PM,SPXW,ML/,140,1.2494,,CALL,7500,0,17492,7/8/2026,WHITE,0,0,F,INDEX,,F,T,0,0
7/8/2026,2:17:17 PM,SPXW,BLOCK,103,1.1859,,CALL,7500,0,12215,7/8/2026,WHITE,0,0,F,INDEX,,F,T,0,0
7/8/2026,2:22:18 PM,SPXW,ML/,73,1.4444,,CALL,7500,0,10544,7/8/2026,WHITE,0,0,F,INDEX,,F,T,0,0
7/8/2026,2:25:17 PM,SPXW,ML/,117,0.9511,,CALL,7500,0,11128,7/8/2026,WHITE,0,0,F,INDEX,,F,T,0,0
7/8/2026,2:26:01 PM,SPXW,BLOCK,100,1.064,,CALL,7500,0,10640,7/8/2026,WHITE,0,0,F,INDEX,,F,T,0,0
7/8/2026,2:28:50 PM,SPXW,ML/,196,1.0003,,CALL,7500,0,19606,7/8/2026,WHITE,0,0,F,INDEX,,F,T,0,0
7/8/2026,2:37:43 PM,SPXW,ML/,107,1.085,,CALL,7500,0,11609,7/8/2026,WHITE,0,0,F,INDEX,,F,T,0,0
7/8/2026,2:51:57 PM,SPXW,ML/,109,0.9885,,CALL,7500,0,10775,7/8/2026,WHITE,0,0,F,INDEX,,F,T,0,0
7/8/2026,2:52:02 PM,SPXW,ML/,195,1.1446,,CALL,7500,0,22320,7/8/2026,WHITE,0,0,F,INDEX,,F,T,0,0
7/8/2026,2:59:01 PM,SPXW,ML/,215,0.599,,CALL,7500,0,12879,7/8/2026,WHITE,0,0,F,INDEX,,F,T,0,0
7/8/2026,3:00:23 PM,SPXW,ML/,230,1.1391,,CALL,7500,0,26199,7/8/2026,WHITE,0,0,F,INDEX,,F,T,0,0
7/8/2026,3:00:28 PM,SPXW,ML/,369,1.2708,,CALL,7500,0,46891,7/8/2026,WHITE,0,0,F,INDEX,,F,T,0,0
7/8/2026,3:00:37 PM,SPXW,ML/,352,1.2439,,CALL,7500,0,43787,7/8/2026,WHITE,0,0,F,INDEX,,F,T,0,0
7/8/2026,3:08:41 PM,SPXW,ML/,2627,0.55,,CALL,7500,0,144485,7/8/2026,WHITE,0,0,F,INDEX,,F,T,0,0
7/8/2026,9:40:35 AM,SPXW,ML/,200,0.6498,,CALL,7550,0,12995,7/8/2026,WHITE,0,0,F,INDEX,,F,T,0,0
7/8/2026,10:39:22 AM,SPXW,ML/,50,33.83,,PUT,7480,0,169149,7/8/2026,WHITE,0,0,F,INDEX,,F,T,0,0
7/8/2026,10:47:07 AM,SPXW,BLOCK,100,39.703,,PUT,7480,0,397030,7/8/2026,WHITE,0,0,F,INDEX,,F,T,0,0
7/8/2026,11:18:35 AM,SPXW,ML/,52,47.7579,,PUT,7480,0,248341,7/8/2026,WHITE,0,0,F,INDEX,,F,T,0,0
7/8/2026,12:41:49 PM,SPXW,ML/,50,23.1148,,PUT,7480,0,115574,7/8/2026,WHITE,0,0,F,INDEX,,F,T,0,0
7/8/2026,1:11:07 PM,SPXW,ML/,51,18.6059,,PUT,7480,0,94890,7/8/2026,WHITE,0,0,F,INDEX,,F,T,0,0
7/8/2026,1:11:22 PM,SPXW,SWEEP,50,17.892,A,PUT,7480,0,89460,7/8/2026,WHITE,0,0,F,INDEX,,F,T,0,0
7/8/2026,1:20:00 PM,SPXW,ML/,50,12.0074,,PUT,7480,0,60037,7/8/2026,WHITE,0,0,F,INDEX,,F,T,0,0
7/8/2026,1:25:16 PM,SPXW,ML/,56,8.6105,,PUT,7480,0,48219,7/8/2026,WHITE,0,0,F,INDEX,,F,T,0,0
7/8/2026,1:26:16 PM,SPXW,ML/,64,10.2761,,PUT,7480,0,65767,7/8/2026,WHITE,0,0,F,INDEX,,F,T,0,0
7/8/2026,1:26:22 PM,SPXW,ML/,53,10.4026,,PUT,7480,0,55134,7/8/2026,WHITE,0,0,F,INDEX,,F,T,0,0
7/8/2026,1:29:10 PM,SPXW,ML/,70,8.5584,,PUT,7480,0,59909,7/8/2026,WHITE,0,0,F,INDEX,,F,T,0,0
7/8/2026,1:30:27 PM,SPXW,ML/,66,7.9282,,PUT,7480,0,52326,7/8/2026,WHITE,0,0,F,INDEX,,F,T,0,0
7/8/2026,1:32:46 PM,SPXW,BLOCK,52,7.9808,,PUT,7480,0,41500,7/8/2026,WHITE,0,0,F,INDEX,,F,T,0,0
7/8/2026,1:33:29 PM,SPXW,ML/,62,8.3129,,PUT,7480,0,51540,7/8/2026,WHITE,0,0,F,INDEX,,F,T,0,0
7/8/2026,1:35:04 PM,SPXW,ML/,76,8.9882,,PUT,7480,0,68310,7/8/2026,WHITE,0,0,F,INDEX,,F,T,0,0
7/8/2026,1:38:22 PM,SPXW,ML/,71,8.9287,,PUT,7480,0,63394,7/8/2026,WHITE,0,0,F,INDEX,,F,T,0,0
7/8/2026,1:38:44 PM,SPXW,BLOCK,50,9.8,,PUT,7480,0,49000,7/8/2026,WHITE,0,0,F,INDEX,,F,T,0,0
7/8/2026,1:41:58 PM,SPXW,ML/,53,11.937,,PUT,7480,0,63266,7/8/2026,WHITE,0,0,F,INDEX,,F,T,0,0
7/8/2026,1:45:46 PM,SPXW,ML/,61,14.9289,,PUT,7480,0,91066,7/8/2026,WHITE,0,0,F,INDEX,,F,T,0,0
7/8/2026,1:52:43 PM,SPXW,ML/,203,12.2684,,PUT,7480,0,249049,7/8/2026,WHITE,0,0,F,INDEX,,F,T,0,0
7/8/2026,2:01:53 PM,SPXW,SWEEP,51,10.9176,A,PUT,7480,0,55680,7/8/2026,WHITE,0,0,F,INDEX,,F,T,0,0
7/8/2026,2:16:35 PM,SPXW,SWEEP,61,11.2033,A,PUT,7480,0,68340,7/8/2026,WHITE,0,0,F,INDEX,,F,T,0,0
7/8/2026,2:40:04 PM,SPXW,ML/,54,8.0702,,PUT,7480,0,43579,7/8/2026,WHITE,0,0,F,INDEX,,F,T,0,0
7/8/2026,2:50:33 PM,SPXW,ML/,50,7.4436,,PUT,7480,0,37218,7/8/2026,WHITE,0,0,F,INDEX,,F,T,0,0
7/8/2026,2:51:45 PM,SPXW,BLOCK,85,7.4188,,PUT,7480,0,63060,7/8/2026,WHITE,0,0,F,INDEX,,F,T,0,0
7/8/2026,2:53:55 PM,SPXW,BLOCK,73,8.2986,,PUT,7480,0,60580,7/8/2026,WHITE,0,0,F,INDEX,,F,T,0,0
7/8/2026,2:56:09 PM,SPXW,BLOCK,52,8.2769,,PUT,7480,0,43040,7/8/2026,WHITE,0,0,F,INDEX,,F,T,0,0
7/8/2026,3:00:23 PM,SPXW,ML/,94,5.5405,,PUT,7480,0,52080,7/8/2026,WHITE,0,0,F,INDEX,,F,T,0,0
7/8/2026,3:01:31 PM,SPXW,ML/,94,5.722,,PUT,7480,0,53787,7/8/2026,WHITE,0,0,F,INDEX,,F,T,0,0
7/8/2026,3:02:30 PM,SPXW,BLOCK,68,7,,PUT,7480,0,47600,7/8/2026,WHITE,0,0,F,INDEX,,F,T,0,0
7/8/2026,3:02:33 PM,SPXW,ML/,85,6.81,,PUT,7480,0,57885,7/8/2026,WHITE,0,0,F,INDEX,,F,T,0,0
7/8/2026,3:11:42 PM,SPXW,ML/,245,7.6175,,PUT,7480,0,186629,7/8/2026,WHITE,0,0,F,INDEX,,F,T,0,0
7/8/2026,3:15:46 PM,SPXW,BLOCK,57,8.3123,,PUT,7480,0,47380,7/8/2026,WHITE,0,0,F,INDEX,,F,T,0,0
7/8/2026,3:16:47 PM,SPXW,ML/,57,8.7232,,PUT,7480,0,49722,7/8/2026,WHITE,0,0,F,INDEX,,F,T,0,0
7/8/2026,3:17:06 PM,SPXW,BLOCK,51,9.0275,,PUT,7480,0,46040,7/8/2026,WHITE,0,0,F,INDEX,,F,T,0,0
7/8/2026,3:19:15 PM,SPXW,BLOCK,51,7.3843,,PUT,7480,0,37660,7/8/2026,WHITE,0,0,F,INDEX,,F,T,0,0
7/8/2026,3:19:55 PM,SPXW,SWEEP,55,8.2164,A,PUT,7480,0,45190,7/8/2026,WHITE,0,0,F,INDEX,,F,T,0,0
7/8/2026,3:22:56 PM,SPXW,ML/,67,7.3016,,PUT,7480,0,48921,7/8/2026,WHITE,0,0,F,INDEX,,F,T,0,0
7/8/2026,3:23:46 PM,SPXW,ML/,51,6.9,,PUT,7480,0,35190,7/8/2026,WHITE,0,0,F,INDEX,,F,T,0,0
7/8/2026,3:24:29 PM,SPXW,BLOCK,50,7.066,,PUT,7480,0,35330,7/8/2026,WHITE,0,0,F,INDEX,,F,T,0,0
7/8/2026,3:27:45 PM,SPXW,ML/,52,5.3413,,PUT,7480,0,27775,7/8/2026,WHITE,0,0,F,INDEX,,F,T,0,0
7/8/2026,3:30:00 PM,SPXW,ML/,71,5.0508,,PUT,7480,0,35861,7/8/2026,WHITE,0,0,F,INDEX,,F,T,0,0
7/8/2026,3:30:35 PM,SPXW,ML/,51,5.9769,,PUT,7480,0,30482,7/8/2026,WHITE,0,0,F,INDEX,,F,T,0,0
7/8/2026,3:30:59 PM,SPXW,ML/,181,6.2483,,PUT,7480,0,113095,7/8/2026,WHITE,0,0,F,INDEX,,F,T,0,0
7/8/2026,3:31:20 PM,SPXW,ML/,110,6.6042,,PUT,7480,0,72645,7/8/2026,WHITE,0,0,F,INDEX,,F,T,0,0
7/8/2026,3:36:49 PM,SPXW,ML/,66,4.6983,,PUT,7480,0,31008,7/8/2026,WHITE,0,0,F,INDEX,,F,T,0,0
7/8/2026,3:37:04 PM,SPXW,BLOCK,136,4.5404,,PUT,7480,0,61750,7/8/2026,WHITE,0,0,F,INDEX,,F,T,0,0
7/8/2026,3:37:27 PM,SPXW,BLOCK,68,4.5324,,PUT,7480,0,30820,7/8/2026,WHITE,0,0,F,INDEX,,F,T,0,0
7/8/2026,3:38:15 PM,SPXW,ML/,82,4.7388,,PUT,7480,0,38858,7/8/2026,WHITE,0,0,F,INDEX,,F,T,0,0
7/8/2026,3:38:22 PM,SPXW,ML/,74,4.6857,,PUT,7480,0,34674,7/8/2026,WHITE,0,0,F,INDEX,,F,T,0,0
7/8/2026,3:38:23 PM,SPXW,ML/,111,4.7471,,PUT,7480,0,52692,7/8/2026,WHITE,0,0,F,INDEX,,F,T,0,0
7/8/2026,3:38:48 PM,SPXW,ML/,108,4.8247,,PUT,7480,0,52107,7/8/2026,WHITE,0,0,F,INDEX,,F,T,0,0
7/8/2026,3:40:43 PM,SPXW,ML/,116,4.9095,,PUT,7480,0,56950,7/8/2026,WHITE,0,0,F,INDEX,,F,T,0,0
7/8/2026,3:41:07 PM,SPXW,ML/,71,6.0068,,PUT,7480,0,42648,7/8/2026,WHITE,0,0,F,INDEX,,F,T,0,0
7/8/2026,3:44:02 PM,SPXW,ML/,50,4.3068,,PUT,7480,0,21534,7/8/2026,WHITE,0,0,F,INDEX,,F,T,0,0
7/8/2026,3:44:05 PM,SPXW,ML/,71,4.3423,,PUT,7480,0,30830,7/8/2026,WHITE,0,0,F,INDEX,,F,T,0,0
7/8/2026,3:44:49 PM,SPXW,ML/,50,3.608,,PUT,7480,0,18040,7/8/2026,WHITE,0,0,F,INDEX,,F,T,0,0
7/8/2026,3:45:10 PM,SPXW,ML/,61,3.9041,,PUT,7480,0,23814,7/8/2026,WHITE,0,0,F,INDEX,,F,T,0,0
7/8/2026,3:45:32 PM,SPXW,ML/,58,5.8297,,PUT,7480,0,33812,7/8/2026,WHITE,0,0,F,INDEX,,F,T,0,0
7/8/2026,3:45:44 PM,SPXW,ML/,76,6.2071,,PUT,7480,0,47174,7/8/2026,WHITE,0,0,F,INDEX,,F,T,0,0
7/8/2026,3:47:02 PM,SPXW,ML/,63,7.2559,,PUT,7480,0,45712,7/8/2026,WHITE,0,0,F,INDEX,,F,T,0,0
7/8/2026,3:47:15 PM,SPXW,BLOCK,67,7.3955,,PUT,7480,0,49550,7/8/2026,WHITE,0,0,F,INDEX,,F,T,0,0
7/8/2026,3:47:23 PM,SPXW,ML/,63,8.3259,,PUT,7480,0,52453,7/8/2026,WHITE,0,0,F,INDEX,,F,T,0,0
7/8/2026,3:47:36 PM,SPXW,ML/,72,7.4889,,PUT,7480,0,53920,7/8/2026,WHITE,0,0,F,INDEX,,F,T,0,0
7/8/2026,3:50:54 PM,SPXW,ML/,106,3.908,,PUT,7480,0,41425,7/8/2026,WHITE,0,0,F,INDEX,,F,T,0,0
7/8/2026,3:51:18 PM,SPXW,ML/,269,3.5131,,PUT,7480,0,94502,7/8/2026,WHITE,0,0,F,INDEX,,F,T,0,0
7/8/2026,3:52:04 PM,SPXW,ML/,74,3.6796,,PUT,7480,0,27229,7/8/2026,WHITE,0,0,F,INDEX,,F,T,0,0
7/8/2026,3:52:19 PM,SPXW,ML/,100,3.3644,,PUT,7480,0,33644,7/8/2026,WHITE,0,0,F,INDEX,,F,T,0,0
7/8/2026,3:52:25 PM,SPXW,ML/,53,3.4353,,PUT,7480,0,18207,7/8/2026,WHITE,0,0,F,INDEX,,F,T,0,0
7/8/2026,3:53:00 PM,SPXW,ML/,91,2.6626,,PUT,7480,0,24230,7/8/2026,WHITE,0,0,F,INDEX,,F,T,0,0
7/8/2026,3:53:02 PM,SPXW,ML/,62,2.6511,,PUT,7480,0,16437,7/8/2026,WHITE,0,0,F,INDEX,,F,T,0,0
7/8/2026,3:53:09 PM,SPXW,ML/,105,2.3835,,PUT,7480,0,25027,7/8/2026,WHITE,0,0,F,INDEX,,F,T,0,0
7/8/2026,3:53:16 PM,SPXW,ML/,61,2.3011,,PUT,7480,0,14037,7/8/2026,WHITE,0,0,F,INDEX,,F,T,0,0
7/8/2026,3:53:20 PM,SPXW,ML/,215,1.9619,,PUT,7480,0,42180,7/8/2026,WHITE,0,0,F,INDEX,,F,T,0,0
7/8/2026,3:53:32 PM,SPXW,ML/,107,2.0353,,PUT,7480,0,21778,7/8/2026,WHITE,0,0,F,INDEX,,F,T,0,0
7/8/2026,3:53:42 PM,SPXW,ML/,130,2.0984,,PUT,7480,0,27279,7/8/2026,WHITE,0,0,F,INDEX,,F,T,0,0
7/8/2026,3:53:47 PM,SPXW,ML/,61,2.1948,,PUT,7480,0,13388,7/8/2026,WHITE,0,0,F,INDEX,,F,T,0,0
7/8/2026,3:53:50 PM,SPXW,ML/,79,2.2333,,PUT,7480,0,17643,7/8/2026,WHITE,0,0,F,INDEX,,F,T,0,0
7/8/2026,3:53:59 PM,SPXW,ML/,328,1.9586,,PUT,7480,0,64241,7/8/2026,WHITE,0,0,F,INDEX,,F,T,0,0
7/8/2026,3:54:04 PM,SPXW,ML/,206,1.9531,,PUT,7480,0,40234,7/8/2026,WHITE,0,0,F,INDEX,,F,T,0,0
7/8/2026,3:54:09 PM,SPXW,ML/,221,2.0286,,PUT,7480,0,44833,7/8/2026,WHITE,0,0,F,INDEX,,F,T,0,0
7/8/2026,3:54:18 PM,SPXW,ML/,66,1.9442,,PUT,7480,0,12832,7/8/2026,WHITE,0,0,F,INDEX,,F,T,0,0
7/8/2026,3:54:28 PM,SPXW,ML/,76,2.013,,PUT,7480,0,15299,7/8/2026,WHITE,0,0,F,INDEX,,F,T,0,0
7/8/2026,3:54:38 PM,SPXW,ML/,203,1.9338,,PUT,7480,0,39257,7/8/2026,WHITE,0,0,F,INDEX,,F,T,0,0
7/8/2026,3:54:41 PM,SPXW,ML/,64,1.8383,,PUT,7480,0,11765,7/8/2026,WHITE,0,0,F,INDEX,,F,T,0,0
7/8/2026,3:54:45 PM,SPXW,ML/,326,1.6426,,PUT,7480,0,53548,7/8/2026,WHITE,0,0,F,INDEX,,F,T,0,0
7/8/2026,3:54:57 PM,SPXW,ML/,72,1.5311,,PUT,7480,0,11024,7/8/2026,WHITE,0,0,F,INDEX,,F,T,0,0
7/8/2026,3:54:59 PM,SPXW,ML/,1258,1.1893,,PUT,7480,0,149618,7/8/2026,WHITE,0,0,F,INDEX,,F,T,0,0
7/8/2026,3:55:21 PM,SPXW,ML/,205,1.2857,,PUT,7480,0,26357,7/8/2026,WHITE,0,0,F,INDEX,,F,T,0,0
7/8/2026,3:55:29 PM,SPXW,ML/,593,1.1237,,PUT,7480,0,66637,7/8/2026,WHITE,0,0,F,INDEX,,F,T,0,0
7/8/2026,3:55:44 PM,SPXW,ML/,151,1.0406,,PUT,7480,0,15713,7/8/2026,WHITE,0,0,F,INDEX,,F,T,0,0
7/8/2026,3:55:49 PM,SPXW,ML/,156,1.0042,,PUT,7480,0,15665,7/8/2026,WHITE,0,0,F,INDEX,,F,T,0,0
7/8/2026,3:55:54 PM,SPXW,ML/,94,1.1288,,PUT,7480,0,10611,7/8/2026,WHITE,0,0,F,INDEX,,F,T,0,0
7/8/2026,3:56:00 PM,SPXW,ML/,149,1.2222,,PUT,7480,0,18211,7/8/2026,WHITE,0,0,F,INDEX,,F,T,0,0
7/8/2026,3:56:04 PM,SPXW,ML/,936,1.2177,,PUT,7480,0,113975,7/8/2026,WHITE,0,0,F,INDEX,,F,T,0,0
7/8/2026,3:56:26 PM,SPXW,ML/,108,1.0569,,PUT,7480,0,11415,7/8/2026,WHITE,0,0,F,INDEX,,F,T,0,0
7/8/2026,3:56:31 PM,SPXW,ML/,268,1.0169,,PUT,7480,0,27253,7/8/2026,WHITE,0,0,F,INDEX,,F,T,0,0
7/8/2026,3:56:39 PM,SPXW,ML/,2273,0.5145,,PUT,7480,0,116948,7/8/2026,WHITE,0,0,F,INDEX,,F,T,0,0
7/8/2026,3:57:24 PM,SPXW,ML/,546,0.2054,,PUT,7480,0,11213,7/8/2026,WHITE,0,0,F,INDEX,,F,T,0,0
7/8/2026,3:59:07 PM,SPXW,ML/,477,0.2206,,PUT,7480,0,10525,7/8/2026,WHITE,0,0,F,INDEX,,F,T,0,0
7/8/2026,3:59:33 PM,SPXW,ML/,1247,0.2183,,PUT,7480,0,27217,7/8/2026,WHITE,0,0,F,INDEX,,F,T,0,0
7/8/2026,9:45:22 AM,SPXW,ML/,65,1.65,,CALL,7530,0,10725,7/8/2026,WHITE,0,0,F,INDEX,,F,T,0,0
7/8/2026,9:56:23 AM,SPXW,ML/,202,0.9505,,CALL,7530,0,19200,7/8/2026,WHITE,0,0,F,INDEX,,F,T,0,0
7/8/2026,9:57:02 AM,SPXW,ML/,173,1.1202,,CALL,7530,0,19379,7/8/2026,WHITE,0,0,F,INDEX,,F,T,0,0
7/8/2026,9:57:48 AM,SPXW,ML/,200,1.16,,CALL,7530,0,23200,7/8/2026,WHITE,0,0,F,INDEX,,F,T,0,0
7/8/2026,9:58:11 AM,SPXW,ML/,200,1.16,,CALL,7530,0,23200,7/8/2026,WHITE,0,0,F,INDEX,,F,T,0,0
7/8/2026,9:58:48 AM,SPXW,ML/,200,1.3,,CALL,7530,0,26000,7/8/2026,WHITE,0,0,F,INDEX,,F,T,0,0
7/8/2026,10:00:54 AM,SPXW,ML/,165,1.1059,,CALL,7530,0,18248,7/8/2026,WHITE,0,0,F,INDEX,,F,T,0,0
7/8/2026,10:05:01 AM,SPXW,ML/,1236,1.1074,,CALL,7530,0,136878,7/8/2026,WHITE,0,0,F,INDEX,,F,T,0,0
7/8/2026,10:06:09 AM,SPXW,ML/,200,1.2,,CALL,7530,0,24000,7/8/2026,WHITE,0,0,F,INDEX,,F,T,0,0
7/8/2026,10:08:17 AM,SPXW,ML/,200,1.0801,,CALL,7530,0,21602,7/8/2026,WHITE,0,0,F,INDEX,,F,T,0,0
7/8/2026,10:13:07 AM,SPXW,ML/,200,0.65,,CALL,7530,0,13000,7/8/2026,WHITE,0,0,F,INDEX,,F,T,0,0
7/8/2026,10:13:15 AM,SPXW,ML/,185,0.7328,,CALL,7530,0,13556,7/8/2026,WHITE,0,0,F,INDEX,,F,T,0,0
7/8/2026,10:16:07 AM,SPXW,ML/,205,0.55,,CALL,7530,0,11275,7/8/2026,WHITE,0,0,F,INDEX,,F,T,0,0
7/8/2026,10:16:25 AM,SPXW,ML/,200,0.56,,CALL,7530,0,11200,7/8/2026,WHITE,0,0,F,INDEX,,F,T,0,0
7/8/2026,10:16:33 AM,SPXW,ML/,200,0.57,,CALL,7530,0,11399,7/8/2026,WHITE,0,0,F,INDEX,,F,T,0,0
7/8/2026,10:18:05 AM,SPXW,ML/,201,0.65,,CALL,7530,0,13065,7/8/2026,WHITE,0,0,F,INDEX,,F,T,0,0
7/8/2026,10:21:15 AM,SPXW,ML/,500,0.7332,,CALL,7530,0,36661,7/8/2026,WHITE,0,0,F,INDEX,,F,T,0,0
7/8/2026,10:24:41 AM,SPXW,ML/,142,0.72,,CALL,7530,0,10224,7/8/2026,WHITE,0,0,F,INDEX,,F,T,0,0
7/8/2026,2:02:19 PM,SPXW,BLOCK,440,0.2964,,CALL,7530,0,13040,7/8/2026,WHITE,0,0,F,INDEX,,F,T,0,0
7/8/2026,9:37:59 AM,SPXW,ML/,122,11.0517,,PUT,7440,0,134831,7/8/2026,WHITE,0,0,F,INDEX,,F,T,0,0
7/8/2026,9:40:14 AM,SPXW,ML/,83,9.0469,,PUT,7440,0,75089,7/8/2026,WHITE,0,0,F,INDEX,,F,T,0,0
7/8/2026,9:42:27 AM,SPXW,ML/,70,10.4,,PUT,7440,0,72800,7/8/2026,WHITE,0,0,F,INDEX,,F,T,0,0
7/8/2026,9:42:50 AM,SPXW,ML/,56,10.4948,,PUT,7440,0,58771,7/8/2026,WHITE,0,0,F,INDEX,,F,T,0,0
7/8/2026,9:42:57 AM,SPXW,ML/,60,9.9945,,PUT,7440,0,59966,7/8/2026,WHITE,0,0,F,INDEX,,F,T,0,0
7/8/2026,9:43:04 AM,SPXW,ML/,91,9.3395,,PUT,7440,0,84989,7/8/2026,WHITE,0,0,F,INDEX,,F,T,0,0
7/8/2026,9:55:27 AM,SPXW,BLOCK,53,11.2509,,PUT,7440,0,59629,7/8/2026,WHITE,0,0,F,INDEX,,F,T,0,0
7/8/2026,9:56:44 AM,SPXW,ML/,215,10.4769,,PUT,7440,0,225252,7/8/2026,WHITE,0,0,F,INDEX,,F,T,0,0
7/8/2026,9:57:06 AM,SPXW,BLOCK,58,9.0121,,PUT,7440,0,52270,7/8/2026,WHITE,0,0,F,INDEX,,F,T,0,0
7/8/2026,10:08:19 AM,SPXW,ML/,73,6.8895,,PUT,7440,0,50293,7/8/2026,WHITE,0,0,F,INDEX,,F,T,0,0
7/8/2026,10:09:40 AM,SPXW,ML/,52,7.574,,PUT,7440,0,39385,7/8/2026,WHITE,0,0,F,INDEX,,F,T,0,0
7/8/2026,10:16:24 AM,SPXW,BLOCK,73,12.1534,,PUT,7440,0,88720,7/8/2026,WHITE,0,0,F,INDEX,,F,T,0,0
7/8/2026,10:17:29 AM,SPXW,ML/,66,12.1395,,PUT,7440,0,80120,7/8/2026,WHITE,0,0,F,INDEX,,F,T,0,0
7/8/2026,10:20:49 AM,SPXW,ML/,57,8.8835,,PUT,7440,0,50636,7/8/2026,WHITE,0,0,F,INDEX,,F,T,0,0
7/8/2026,10:21:37 AM,SPXW,ML/,121,8.1145,,PUT,7440,0,98186,7/8/2026,WHITE,0,0,F,INDEX,,F,T,0,0
7/8/2026,10:21:44 AM,SPXW,ML/,63,7.8746,,PUT,7440,0,49610,7/8/2026,WHITE,0,0,F,INDEX,,F,T,0,0
7/8/2026,10:26:51 AM,SPXW,ML/,62,7.7194,,PUT,7440,0,47860,7/8/2026,WHITE,0,0,F,INDEX,,F,T,0,0
7/8/2026,10:27:12 AM,SPXW,ML/,57,11.5465,,PUT,7440,0,65815,7/8/2026,WHITE,0,0,F,INDEX,,F,T,0,0
7/8/2026,10:39:59 AM,SPXW,ML/,67,13.2867,,PUT,7440,0,89021,7/8/2026,WHITE,0,0,F,INDEX,,F,T,0,0
7/8/2026,10:44:16 AM,SPXW,BLOCK,53,11.8019,,PUT,7440,0,62550,7/8/2026,WHITE,0,0,F,INDEX,,F,T,0,0
7/8/2026,10:46:27 AM,SPXW,ML/,54,13.7593,,PUT,7440,0,74300,7/8/2026,WHITE,0,0,F,INDEX,,F,T,0,0
7/8/2026,10:46:41 AM,SPXW,ML/,66,14.4518,,PUT,7440,0,95382,7/8/2026,WHITE,0,0,F,INDEX,,F,T,0,0
7/8/2026,10:47:06 AM,SPXW,ML/,65,14.8946,,PUT,7440,0,96815,7/8/2026,WHITE,0,0,F,INDEX,,F,T,0,0
7/8/2026,10:47:14 AM,SPXW,ML/,59,14.4258,,PUT,7440,0,85112,7/8/2026,WHITE,0,0,F,INDEX,,F,T,0,0
7/8/2026,10:47:54 AM,SPXW,ML/,53,14.9064,,PUT,7440,0,79004,7/8/2026,WHITE,0,0,F,INDEX,,F,T,0,0
7/8/2026,10:49:18 AM,SPXW,ML/,82,15.4448,,PUT,7440,0,126647,7/8/2026,WHITE,0,0,F,INDEX,,F,T,0,0
7/8/2026,10:49:22 AM,SPXW,ML/,65,15.9318,,PUT,7440,0,103557,7/8/2026,WHITE,0,0,F,INDEX,,F,T,0,0
7/8/2026,10:49:29 AM,SPXW,ML/,57,15.7158,,PUT,7440,0,89580,7/8/2026,WHITE,0,0,F,INDEX,,F,T,0,0
7/8/2026,10:49:41 AM,SPXW,ML/,125,15.8358,,PUT,7440,0,197947,7/8/2026,WHITE,0,0,F,INDEX,,F,T,0,0
7/8/2026,10:49:47 AM,SPXW,BLOCK,67,15.7522,,PUT,7440,0,105540,7/8/2026,WHITE,0,0,F,INDEX,,F,T,0,0
7/8/2026,10:50:01 AM,SPXW,ML/,93,15.4578,,PUT,7440,0,143758,7/8/2026,WHITE,0,0,F,INDEX,,F,T,0,0
7/8/2026,10:50:25 AM,SPXW,ML/,52,17.0752,,PUT,7440,0,88791,7/8/2026,WHITE,0,0,F,INDEX,,F,T,0,0
7/8/2026,10:50:28 AM,SPXW,ML/,57,17.5761,,PUT,7440,0,100183,7/8/2026,WHITE,0,0,F,INDEX,,F,T,0,0
7/8/2026,10:50:37 AM,SPXW,ML/,78,17.8694,,PUT,7440,0,139381,7/8/2026,WHITE,0,0,F,INDEX,,F,T,0,0
7/8/2026,10:50:47 AM,SPXW,ML/,122,18.0293,,PUT,7440,0,219957,7/8/2026,WHITE,0,0,F,INDEX,,F,T,0,0
7/8/2026,10:50:49 AM,SPXW,ML/,138,17.0943,,PUT,7440,0,235901,7/8/2026,WHITE,0,0,F,INDEX,,F,T,0,0
7/8/2026,10:51:44 AM,SPXW,ML/,58,15.4422,,PUT,7440,0,89565,7/8/2026,WHITE,0,0,F,INDEX,,F,T,0,0
7/8/2026,10:52:32 AM,SPXW,ML/,61,13.2287,,PUT,7440,0,80695,7/8/2026,WHITE,0,0,F,INDEX,,F,T,0,0
7/8/2026,10:53:46 AM,SPXW,ML/,101,12.2021,,PUT,7440,0,123241,7/8/2026,WHITE,0,0,F,INDEX,,F,T,0,0
7/8/2026,10:57:13 AM,SPXW,BLOCK,59,13.4085,,PUT,7440,0,79110,7/8/2026,WHITE,0,0,F,INDEX,,F,T,0,0
7/8/2026,10:57:17 AM,SPXW,ML/,59,14.2773,,PUT,7440,0,84236,7/8/2026,WHITE,0,0,F,INDEX,,F,T,0,0
7/8/2026,10:58:33 AM,SPXW,ML/,87,14.4908,,PUT,7440,0,126070,7/8/2026,WHITE,0,0,F,INDEX,,F,T,0,0
7/8/2026,11:02:34 AM,SPXW,ML/,58,14.5091,,PUT,7440,0,84153,7/8/2026,WHITE,0,0,F,INDEX,,F,T,0,0
7/8/2026,11:05:36 AM,SPXW,ML/,52,14.1846,,PUT,7440,0,73760,7/8/2026,WHITE,0,0,F,INDEX,,F,T,0,0
7/8/2026,11:09:13 AM,SPXW,BLOCK,50,14.066,,PUT,7440,0,70330,7/8/2026,WHITE,0,0,F,INDEX,,F,T,0,0
7/8/2026,11:09:54 AM,SPXW,BLOCK,50,14.6,,PUT,7440,0,73000,7/8/2026,WHITE,0,0,F,INDEX,,F,T,0,0
7/8/2026,11:10:51 AM,SPXW,ML/,51,13.5831,,PUT,7440,0,69274,7/8/2026,WHITE,0,0,F,INDEX,,F,T,0,0
7/8/2026,11:11:46 AM,SPXW,BLOCK,111,13.5495,,PUT,7440,0,150400,7/8/2026,WHITE,0,0,F,INDEX,,F,T,0,0
7/8/2026,11:12:12 AM,SPXW,ML/,75,15.3281,,PUT,7440,0,114960,7/8/2026,WHITE,0,0,F,INDEX,,F,T,0,0
7/8/2026,11:12:29 AM,SPXW,ML/,103,15.0983,,PUT,7440,0,155512,7/8/2026,WHITE,0,0,F,INDEX,,F,T,0,0
7/8/2026,11:14:34 AM,SPXW,ML/,133,16.7853,,PUT,7440,0,223244,7/8/2026,WHITE,0,0,F,INDEX,,F,T,0,0
7/8/2026,11:16:20 AM,SPXW,ML/,72,19.2521,,PUT,7440,0,138615,7/8/2026,WHITE,0,0,F,INDEX,,F,T,0,0
7/8/2026,11:17:29 AM,SPXW,ML/,62,20.6455,,PUT,7440,0,128002,7/8/2026,WHITE,0,0,F,INDEX,,F,T,0,0
7/8/2026,11:24:29 AM,SPXW,ML/,81,22.3938,,PUT,7440,0,181390,7/8/2026,WHITE,0,0,F,INDEX,,F,T,0,0
7/8/2026,11:25:11 AM,SPXW,ML/,85,22.8118,,PUT,7440,0,193900,7/8/2026,WHITE,0,0,F,INDEX,,F,T,0,0
7/8/2026,11:26:05 AM,SPXW,ML/,507,22.6002,,PUT,7440,0,1145828,7/8/2026,WHITE,0,0,F,INDEX,,F,T,0,0
7/8/2026,11:26:20 AM,SPXW,ML/,54,23.7815,,PUT,7440,0,128420,7/8/2026,WHITE,0,0,F,INDEX,,F,T,0,0
7/8/2026,11:28:18 AM,SPXW,ML/,160,23.6219,,PUT,7440,0,377950,7/8/2026,WHITE,0,0,F,INDEX,,F,T,0,0
7/8/2026,11:30:24 AM,SPXW,ML/,102,24.6063,,PUT,7440,0,250984,7/8/2026,WHITE,0,0,F,INDEX,,F,T,0,0
7/8/2026,11:31:11 AM,SPXW,ML/,87,24.3194,,PUT,7440,0,211579,7/8/2026,WHITE,0,0,F,INDEX,,F,T,0,0
7/8/2026,11:31:13 AM,SPXW,ML/,115,24.1322,,PUT,7440,0,277520,7/8/2026,WHITE,0,0,F,INDEX,,F,T,0,0
7/8/2026,11:31:20 AM,SPXW,ML/,65,24.1997,,PUT,7440,0,157298,7/8/2026,WHITE,0,0,F,INDEX,,F,T,0,0
7/8/2026,11:32:13 AM,SPXW,ML/,50,22.1504,,PUT,7440,0,110752,7/8/2026,WHITE,0,0,F,INDEX,,F,T,0,0
7/8/2026,11:32:14 AM,SPXW,BLOCK,81,21.8333,,PUT,7440,0,176850,7/8/2026,WHITE,0,0,F,INDEX,,F,T,0,0
7/8/2026,11:36:07 AM,SPXW,BLOCK,70,18.4,,PUT,7440,0,128800,7/8/2026,WHITE,0,0,F,INDEX,,F,T,0,0
7/8/2026,11:38:20 AM,SPXW,BLOCK,61,17.7459,,PUT,7440,0,108250,7/8/2026,WHITE,0,0,F,INDEX,,F,T,0,0
7/8/2026,11:39:21 AM,SPXW,BLOCK,66,17.9258,,PUT,7440,0,118309,7/8/2026,WHITE,0,0,F,INDEX,,F,T,0,0
7/8/2026,11:42:25 AM,SPXW,BLOCK,81,17.4,,PUT,7440,0,140940,7/8/2026,WHITE,0,0,F,INDEX,,F,T,0,0
7/8/2026,11:43:51 AM,SPXW,BLOCK,90,18.5056,,PUT,7440,0,166550,7/8/2026,WHITE,0,0,F,INDEX,,F,T,0,0
7/8/2026,12:02:19 PM,SPXW,ML/,55,16.4107,,PUT,7440,0,90259,7/8/2026,WHITE,0,0,F,INDEX,,F,T,0,0
7/8/2026,12:02:24 PM,SPXW,ML/,81,16.6009,,PUT,7440,0,134467,7/8/2026,WHITE,0,0,F,INDEX,,F,T,0,0
7/8/2026,12:17:28 PM,SPXW,BLOCK,61,9.4,,PUT,7440,0,57340,7/8/2026,WHITE,0,0,F,INDEX,,F,T,0,0
7/8/2026,12:21:06 PM,SPXW,BLOCK,50,7.9,,PUT,7440,0,39500,7/8/2026,WHITE,0,0,F,INDEX,,F,T,0,0
7/8/2026,12:24:01 PM,SPXW,ML/,61,7.3279,,PUT,7440,0,44700,7/8/2026,WHITE,0,0,F,INDEX,,F,T,0,0
7/8/2026,12:30:34 PM,SPXW,ML/,113,5.9078,,PUT,7440,0,66758,7/8/2026,WHITE,0,0,F,INDEX,,F,T,0,0
7/8/2026,12:31:03 PM,SPXW,ML/,103,5.1496,,PUT,7440,0,53041,7/8/2026,WHITE,0,0,F,INDEX,,F,T,0,0
7/8/2026,12:31:16 PM,SPXW,ML/,102,5.2931,,PUT,7440,0,53990,7/8/2026,WHITE,0,0,F,INDEX,,F,T,0,0
7/8/2026,12:35:10 PM,SPXW,ML/,65,6.1532,,PUT,7440,0,39996,7/8/2026,WHITE,0,0,F,INDEX,,F,T,0,0
7/8/2026,12:35:26 PM,SPXW,ML/,155,5.6439,,PUT,7440,0,87480,7/8/2026,WHITE,0,0,F,INDEX,,F,T,0,0
7/8/2026,12:39:42 PM,SPXW,ML/,57,7.0718,,PUT,7440,0,40309,7/8/2026,WHITE,0,0,F,INDEX,,F,T,0,0
7/8/2026,12:39:44 PM,SPXW,ML/,136,6.6782,,PUT,7440,0,90823,7/8/2026,WHITE,0,0,F,INDEX,,F,T,0,0
7/8/2026,12:40:13 PM,SPXW,ML/,65,5.9112,,PUT,7440,0,38423,7/8/2026,WHITE,0,0,F,INDEX,,F,T,0,0
7/8/2026,12:40:15 PM,SPXW,ML/,70,5.8347,,PUT,7440,0,40843,7/8/2026,WHITE,0,0,F,INDEX,,F,T,0,0
7/8/2026,12:40:44 PM,SPXW,ML/,107,4.5573,,PUT,7440,0,48763,7/8/2026,WHITE,0,0,F,INDEX,,F,T,0,0
7/8/2026,12:40:49 PM,SPXW,ML/,58,4.171,,PUT,7440,0,24192,7/8/2026,WHITE,0,0,F,INDEX,,F,T,0,0
7/8/2026,12:40:56 PM,SPXW,ML/,82,4.3867,,PUT,7440,0,35971,7/8/2026,WHITE,0,0,F,INDEX,,F,T,0,0
7/8/2026,12:44:03 PM,SPXW,ML/,60,3.8323,,PUT,7440,0,22994,7/8/2026,WHITE,0,0,F,INDEX,,F,T,0,0
7/8/2026,12:48:39 PM,SPXW,ML/,100,3.75,,PUT,7440,0,37500,7/8/2026,WHITE,0,0,F,INDEX,,F,T,0,0
7/8/2026,12:49:12 PM,SPXW,ML/,62,3.3331,,PUT,7440,0,20665,7/8/2026,WHITE,0,0,F,INDEX,,F,T,0,0
7/8/2026,12:50:56 PM,SPXW,ML/,50,3.03,,PUT,7440,0,15150,7/8/2026,WHITE,0,0,F,INDEX,,F,T,0,0
7/8/2026,12:51:25 PM,SPXW,ML/,57,3.3081,,PUT,7440,0,18856,7/8/2026,WHITE,0,0,F,INDEX,,F,T,0,0
7/8/2026,12:51:43 PM,SPXW,ML/,58,3.0612,,PUT,7440,0,17755,7/8/2026,WHITE,0,0,F,INDEX,,F,T,0,0
7/8/2026,12:52:03 PM,SPXW,ML/,67,2.87,,PUT,7440,0,19229,7/8/2026,WHITE,0,0,F,INDEX,,F,T,0,0
7/8/2026,12:53:32 PM,SPXW,ML/,101,2.714,,PUT,7440,0,27411,7/8/2026,WHITE,0,0,F,INDEX,,F,T,0,0
7/8/2026,1:00:55 PM,SPXW,ML/,80,2.9995,,PUT,7440,0,23996,7/8/2026,WHITE,0,0,F,INDEX,,F,T,0,0
7/8/2026,1:03:38 PM,SPXW,ML/,162,2.8223,,PUT,7440,0,45722,7/8/2026,WHITE,0,0,F,INDEX,,F,T,0,0
7/8/2026,1:13:04 PM,SPXW,ML/,52,2.4963,,PUT,7440,0,12981,7/8/2026,WHITE,0,0,F,INDEX,,F,T,0,0
7/8/2026,1:19:14 PM,SPXW,ML/,67,2.0479,,PUT,7440,0,13721,7/8/2026,WHITE,0,0,F,INDEX,,F,T,0,0
7/8/2026,1:19:46 PM,SPXW,ML/,75,1.77,,PUT,7440,0,13275,7/8/2026,WHITE,0,0,F,INDEX,,F,T,0,0
7/8/2026,1:22:00 PM,SPXW,ML/,72,1.4801,,PUT,7440,0,10657,7/8/2026,WHITE,0,0,F,INDEX,,F,T,0,0
7/8/2026,1:30:58 PM,SPXW,ML/,158,0.9169,,PUT,7440,0,14487,7/8/2026,WHITE,0,0,F,INDEX,,F,T,0,0
7/8/2026,1:38:10 PM,SPXW,ML/,433,1.2075,,PUT,7440,0,52286,7/8/2026,WHITE,0,0,F,INDEX,,F,T,0,0
7/8/2026,1:43:37 PM,SPXW,ML/,154,1.7981,,PUT,7440,0,27690,7/8/2026,WHITE,0,0,F,INDEX,,F,T,0,0
7/8/2026,1:44:03 PM,SPXW,ML/,68,2.0543,,PUT,7440,0,13969,7/8/2026,WHITE,0,0,F,INDEX,,F,T,0,0
7/8/2026,1:45:16 PM,SPXW,ML/,107,2.1024,,PUT,7440,0,22496,7/8/2026,WHITE,0,0,F,INDEX,,F,T,0,0
7/8/2026,1:45:28 PM,SPXW,BLOCK,64,2.1406,,PUT,7440,0,13700,7/8/2026,WHITE,0,0,F,INDEX,,F,T,0,0
7/8/2026,1:45:36 PM,SPXW,ML/,113,2.4307,,PUT,7440,0,27467,7/8/2026,WHITE,0,0,F,INDEX,,F,T,0,0
7/8/2026,1:45:41 PM,SPXW,ML/,165,2.8187,,PUT,7440,0,46508,7/8/2026,WHITE,0,0,F,INDEX,,F,T,0,0
7/8/2026,1:46:34 PM,SPXW,SWEEP,51,2.3,A,PUT,7440,0,11729,7/8/2026,WHITE,0,0,F,INDEX,,F,T,0,0
7/8/2026,1:48:13 PM,SPXW,ML/,61,2.6705,,PUT,7440,0,16290,7/8/2026,WHITE,0,0,F,INDEX,,F,T,0,0
7/8/2026,1:50:36 PM,SPXW,ML/,87,2.0679,,PUT,7440,0,17991,7/8/2026,WHITE,0,0,F,INDEX,,F,T,0,0
7/8/2026,1:54:15 PM,SPXW,ML/,56,2.2107,,PUT,7440,0,12380,7/8/2026,WHITE,0,0,F,INDEX,,F,T,0,0
7/8/2026,1:55:01 PM,SPXW,ML/,56,2.3975,,PUT,7440,0,13426,7/8/2026,WHITE,0,0,F,INDEX,,F,T,0,0
7/8/2026,1:55:44 PM,SPXW,ML/,126,2.8033,,PUT,7440,0,35321,7/8/2026,WHITE,0,0,F,INDEX,,F,T,0,0
7/8/2026,1:56:13 PM,SPXW,ML/,107,2.9461,,PUT,7440,0,31523,7/8/2026,WHITE,0,0,F,INDEX,,F,T,0,0
7/8/2026,1:58:20 PM,SPXW,ML/,52,2.6519,,PUT,7440,0,13790,7/8/2026,WHITE,0,0,F,INDEX,,F,T,0,0
7/8/2026,1:59:48 PM,SPXW,ML/,69,2.37,,PUT,7440,0,16353,7/8/2026,WHITE,0,0,F,INDEX,,F,T,0,0
7/8/2026,2:00:06 PM,SPXW,ML/,120,2.7302,,PUT,7440,0,32763,7/8/2026,WHITE,0,0,F,INDEX,,F,T,0,0
7/8/2026,2:00:40 PM,SPXW,ML/,89,2.0052,,PUT,7440,0,17846,7/8/2026,WHITE,0,0,F,INDEX,,F,T,0,0
7/8/2026,2:03:22 PM,SPXW,ML/,500,1.25,,PUT,7440,0,62500,7/8/2026,WHITE,0,0,F,INDEX,,F,T,0,0
7/8/2026,2:08:40 PM,SPXW,ML/,100,1.15,,PUT,7440,0,11499,7/8/2026,WHITE,0,0,F,INDEX,,F,T,0,0
7/8/2026,2:16:20 PM,SPXW,BLOCK,108,0.9509,,PUT,7440,0,10269,7/8/2026,WHITE,0,0,F,INDEX,,F,T,0,0
7/8/2026,2:31:01 PM,SPXW,ML/,183,1.4209,,PUT,7440,0,26002,7/8/2026,WHITE,0,0,F,INDEX,,F,T,0,0
7/8/2026,2:47:46 PM,SPXW,ML/,500,0.5305,,PUT,7440,0,26526,7/8/2026,WHITE,0,0,F,INDEX,,F,T,0,0
7/8/2026,9:30:24 AM,SPXW,ML/,206,0.8699,,CALL,7540,0,17920,7/8/2026,WHITE,0,0,F,INDEX,,F,T,0,0
7/8/2026,9:33:01 AM,SPXW,ML/,280,1.03,,CALL,7540,0,28839,7/8/2026,WHITE,0,0,F,INDEX,,F,T,0,0
7/8/2026,9:33:31 AM,SPXW,ML/,202,0.9792,,CALL,7540,0,19780,7/8/2026,WHITE,0,0,F,INDEX,,F,T,0,0
7/8/2026,9:37:49 AM,SPXW,ML/,120,0.9192,,CALL,7540,0,11030,7/8/2026,WHITE,0,0,F,INDEX,,F,T,0,0
7/8/2026,9:40:13 AM,SPXW,ML/,152,0.9711,,CALL,7540,0,14760,7/8/2026,WHITE,0,0,F,INDEX,,F,T,0,0
7/8/2026,9:40:35 AM,SPXW,ML/,204,1.05,,CALL,7540,0,21420,7/8/2026,WHITE,0,0,F,INDEX,,F,T,0,0
7/8/2026,9:35:41 AM,SPXW,ML/,62,7.2932,,PUT,7420,0,45218,7/8/2026,WHITE,0,0,F,INDEX,,F,T,0,0
7/8/2026,9:43:03 AM,SPXW,ML/,104,5.2404,,PUT,7420,0,54500,7/8/2026,WHITE,0,0,F,INDEX,,F,T,0,0
7/8/2026,9:49:03 AM,SPXW,ML/,74,4.6481,,PUT,7420,0,34396,7/8/2026,WHITE,0,0,F,INDEX,,F,T,0,0
7/8/2026,9:49:10 AM,SPXW,ML/,209,5.0478,,PUT,7420,0,105500,7/8/2026,WHITE,0,0,F,INDEX,,F,T,0,0
7/8/2026,9:51:21 AM,SPXW,BLOCK,60,5,,PUT,7420,0,30000,7/8/2026,WHITE,0,0,F,INDEX,,F,T,0,0
7/8/2026,9:55:02 AM,SPXW,ML/,125,5.9082,,PUT,7420,0,73852,7/8/2026,WHITE,0,0,F,INDEX,,F,T,0,0
7/8/2026,9:55:04 AM,SPXW,ML/,75,6.5003,,PUT,7420,0,48752,7/8/2026,WHITE,0,0,F,INDEX,,F,T,0,0
7/8/2026,9:55:41 AM,SPXW,ML/,66,5.9742,,PUT,7420,0,39430,7/8/2026,WHITE,0,0,F,INDEX,,F,T,0,0
7/8/2026,9:56:33 AM,SPXW,BLOCK,64,5.8938,,PUT,7420,0,37720,7/8/2026,WHITE,0,0,F,INDEX,,F,T,0,0
7/8/2026,10:12:32 AM,SPXW,ML/,52,6.1221,,PUT,7420,0,31835,7/8/2026,WHITE,0,0,F,INDEX,,F,T,0,0
7/8/2026,10:15:14 AM,SPXW,ML/,77,6.4843,,PUT,7420,0,49929,7/8/2026,WHITE,0,0,F,INDEX,,F,T,0,0
7/8/2026,10:17:48 AM,SPXW,ML/,115,5.9606,,PUT,7420,0,68547,7/8/2026,WHITE,0,0,F,INDEX,,F,T,0,0
7/8/2026,10:17:57 AM,SPXW,ML/,52,5.3798,,PUT,7420,0,27975,7/8/2026,WHITE,0,0,F,INDEX,,F,T,0,0
7/8/2026,10:21:37 AM,SPXW,ML/,101,4.3479,,PUT,7420,0,43914,7/8/2026,WHITE,0,0,F,INDEX,,F,T,0,0
7/8/2026,10:21:45 AM,SPXW,ML/,50,4.108,,PUT,7420,0,20539,7/8/2026,WHITE,0,0,F,INDEX,,F,T,0,0
7/8/2026,10:26:20 AM,SPXW,ML/,100,3.9889,,PUT,7420,0,39889,7/8/2026,WHITE,0,0,F,INDEX,,F,T,0,0
7/8/2026,10:27:03 AM,SPXW,ML/,53,4.9781,,PUT,7420,0,26383,7/8/2026,WHITE,0,0,F,INDEX,,F,T,0,0
7/8/2026,10:27:08 AM,SPXW,ML/,76,5.7541,,PUT,7420,0,43731,7/8/2026,WHITE,0,0,F,INDEX,,F,T,0,0
7/8/2026,10:27:12 AM,SPXW,ML/,148,6.3614,,PUT,7420,0,94149,7/8/2026,WHITE,0,0,F,INDEX,,F,T,0,0
7/8/2026,10:40:00 AM,SPXW,ML/,69,7.4696,,PUT,7420,0,51540,7/8/2026,WHITE,0,0,F,INDEX,,F,T,0,0
7/8/2026,10:49:59 AM,SPXW,ML/,81,8.411,,PUT,7420,0,68129,7/8/2026,WHITE,0,0,F,INDEX,,F,T,0,0
7/8/2026,10:50:09 AM,SPXW,ML/,59,9.0075,,PUT,7420,0,53144,7/8/2026,WHITE,0,0,F,INDEX,,F,T,0,0
7/8/2026,10:50:37 AM,SPXW,ML/,212,10.189,,PUT,7420,0,216006,7/8/2026,WHITE,0,0,F,INDEX,,F,T,0,0
7/8/2026,10:53:46 AM,SPXW,ML/,165,6.1168,,PUT,7420,0,100927,7/8/2026,WHITE,0,0,F,INDEX,,F,T,0,0
7/8/2026,10:53:58 AM,SPXW,ML/,56,6.3554,,PUT,7420,0,35590,7/8/2026,WHITE,0,0,F,INDEX,,F,T,0,0
7/8/2026,10:59:55 AM,SPXW,ML/,50,7.162,,PUT,7420,0,35810,7/8/2026,WHITE,0,0,F,INDEX,,F,T,0,0
7/8/2026,11:07:13 AM,SPXW,BLOCK,50,7.584,,PUT,7420,0,37920,7/8/2026,WHITE,0,0,F,INDEX,,F,T,0,0
7/8/2026,11:10:51 AM,SPXW,ML/,62,7.1305,,PUT,7420,0,44209,7/8/2026,WHITE,0,0,F,INDEX,,F,T,0,0
7/8/2026,11:14:00 AM,SPXW,ML/,68,7.9521,,PUT,7420,0,54074,7/8/2026,WHITE,0,0,F,INDEX,,F,T,0,0
7/8/2026,11:19:37 AM,SPXW,ML/,57,8.1484,,PUT,7420,0,46446,7/8/2026,WHITE,0,0,F,INDEX,,F,T,0,0
7/8/2026,11:24:02 AM,SPXW,ML/,89,11.9584,,PUT,7420,0,106430,7/8/2026,WHITE,0,0,F,INDEX,,F,T,0,0
7/8/2026,11:24:13 AM,SPXW,ML/,83,12.0678,,PUT,7420,0,100163,7/8/2026,WHITE,0,0,F,INDEX,,F,T,0,0
7/8/2026,11:25:23 AM,SPXW,ML/,61,13.0779,,PUT,7420,0,79775,7/8/2026,WHITE,0,0,F,INDEX,,F,T,0,0
7/8/2026,11:25:29 AM,SPXW,ML/,71,13.4011,,PUT,7420,0,95148,7/8/2026,WHITE,0,0,F,INDEX,,F,T,0,0
7/8/2026,11:25:34 AM,SPXW,ML/,96,13.5208,,PUT,7420,0,129800,7/8/2026,WHITE,0,0,F,INDEX,,F,T,0,0
7/8/2026,11:25:46 AM,SPXW,ML/,50,13.4804,,PUT,7420,0,67402,7/8/2026,WHITE,0,0,F,INDEX,,F,T,0,0
7/8/2026,11:26:00 AM,SPXW,ML/,58,13.0797,,PUT,7420,0,75862,7/8/2026,WHITE,0,0,F,INDEX,,F,T,0,0
7/8/2026,11:26:29 AM,SPXW,ML/,58,14.8921,,PUT,7420,0,86374,7/8/2026,WHITE,0,0,F,INDEX,,F,T,0,0
7/8/2026,11:26:31 AM,SPXW,ML/,181,14.9821,,PUT,7420,0,271176,7/8/2026,WHITE,0,0,F,INDEX,,F,T,0,0
7/8/2026,11:41:02 AM,SPXW,ML/,110,8.4259,,PUT,7420,0,92685,7/8/2026,WHITE,0,0,F,INDEX,,F,T,0,0
7/8/2026,11:44:35 AM,SPXW,BLOCK,53,9.9,,PUT,7420,0,52470,7/8/2026,WHITE,0,0,F,INDEX,,F,T,0,0
7/8/2026,11:51:06 AM,SPXW,ML/,77,11.2309,,PUT,7420,0,86478,7/8/2026,WHITE,0,0,F,INDEX,,F,T,0,0
7/8/2026,11:58:38 AM,SPXW,ML/,80,10.2349,,PUT,7420,0,81879,7/8/2026,WHITE,0,0,F,INDEX,,F,T,0,0
7/8/2026,12:00:31 PM,SPXW,ML/,50,8.0972,,PUT,7420,0,40486,7/8/2026,WHITE,0,0,F,INDEX,,F,T,0,0
7/8/2026,12:02:22 PM,SPXW,ML/,57,8.2,,PUT,7420,0,46740,7/8/2026,WHITE,0,0,F,INDEX,,F,T,0,0
7/8/2026,12:08:18 PM,SPXW,ML/,78,7.1119,,PUT,7420,0,55473,7/8/2026,WHITE,0,0,F,INDEX,,F,T,0,0
7/8/2026,12:13:12 PM,SPXW,BLOCK,51,4.602,,PUT,7420,0,23470,7/8/2026,WHITE,0,0,F,INDEX,,F,T,0,0
7/8/2026,12:15:05 PM,SPXW,ML/,200,4.55,,PUT,7420,0,91000,7/8/2026,WHITE,0,0,F,INDEX,,F,T,0,0
7/8/2026,12:19:26 PM,SPXW,BLOCK,56,4.2,,PUT,7420,0,23520,7/8/2026,WHITE,0,0,F,INDEX,,F,T,0,0
7/8/2026,12:20:36 PM,SPXW,ML/,58,3.5153,,PUT,7420,0,20389,7/8/2026,WHITE,0,0,F,INDEX,,F,T,0,0
7/8/2026,12:21:42 PM,SPXW,ML/,52,2.9933,,PUT,7420,0,15565,7/8/2026,WHITE,0,0,F,INDEX,,F,T,0,0
7/8/2026,12:24:01 PM,SPXW,ML/,72,3.1344,,PUT,7420,0,22568,7/8/2026,WHITE,0,0,F,INDEX,,F,T,0,0
7/8/2026,12:27:37 PM,SPXW,ML/,93,2.8001,,PUT,7420,0,26041,7/8/2026,WHITE,0,0,F,INDEX,,F,T,0,0
7/8/2026,12:31:01 PM,SPXW,ML/,74,2.2062,,PUT,7420,0,16326,7/8/2026,WHITE,0,0,F,INDEX,,F,T,0,0
7/8/2026,12:31:09 PM,SPXW,ML/,76,2.1547,,PUT,7420,0,16376,7/8/2026,WHITE,0,0,F,INDEX,,F,T,0,0
7/8/2026,12:31:46 PM,SPXW,ML/,71,2.3796,,PUT,7420,0,16895,7/8/2026,WHITE,0,0,F,INDEX,,F,T,0,0
7/8/2026,12:31:56 PM,SPXW,ML/,180,2.4107,,PUT,7420,0,43392,7/8/2026,WHITE,0,0,F,INDEX,,F,T,0,0
7/8/2026,12:31:59 PM,SPXW,ML/,73,2.5158,,PUT,7420,0,18365,7/8/2026,WHITE,0,0,F,INDEX,,F,T,0,0
7/8/2026,12:32:02 PM,SPXW,ML/,52,2.574,,PUT,7420,0,13385,7/8/2026,WHITE,0,0,F,INDEX,,F,T,0,0
7/8/2026,12:34:47 PM,SPXW,ML/,70,2.6564,,PUT,7420,0,18595,7/8/2026,WHITE,0,0,F,INDEX,,F,T,0,0
7/8/2026,12:35:12 PM,SPXW,ML/,53,2.3613,,PUT,7420,0,12515,7/8/2026,WHITE,0,0,F,INDEX,,F,T,0,0
7/8/2026,12:36:05 PM,SPXW,ML/,76,2.972,,PUT,7420,0,22587,7/8/2026,WHITE,0,0,F,INDEX,,F,T,0,0
7/8/2026,12:36:15 PM,SPXW,BLOCK,56,3.0018,,PUT,7420,0,16810,7/8/2026,WHITE,0,0,F,INDEX,,F,T,0,0
7/8/2026,12:39:42 PM,SPXW,ML/,169,2.7898,,PUT,7420,0,47147,7/8/2026,WHITE,0,0,F,INDEX,,F,T,0,0
7/8/2026,12:39:50 PM,SPXW,ML/,63,2.6735,,PUT,7420,0,16843,7/8/2026,WHITE,0,0,F,INDEX,,F,T,0,0
7/8/2026,12:40:07 PM,SPXW,ML/,70,2.6163,,PUT,7420,0,18314,7/8/2026,WHITE,0,0,F,INDEX,,F,T,0,0
7/8/2026,12:40:11 PM,SPXW,ML/,52,2.3542,,PUT,7420,0,12242,7/8/2026,WHITE,0,0,F,INDEX,,F,T,0,0
7/8/2026,12:40:18 PM,SPXW,ML/,52,2.3008,,PUT,7420,0,11964,7/8/2026,WHITE,0,0,F,INDEX,,F,T,0,0
7/8/2026,12:40:36 PM,SPXW,ML/,94,2.0787,,PUT,7420,0,19540,7/8/2026,WHITE,0,0,F,INDEX,,F,T,0,0
7/8/2026,12:40:42 PM,SPXW,ML/,74,1.903,,PUT,7420,0,14082,7/8/2026,WHITE,0,0,F,INDEX,,F,T,0,0
7/8/2026,12:40:45 PM,SPXW,ML/,143,1.8,,PUT,7420,0,25739,7/8/2026,WHITE,0,0,F,INDEX,,F,T,0,0
7/8/2026,12:45:47 PM,SPXW,ML/,512,1.7001,,PUT,7420,0,87045,7/8/2026,WHITE,0,0,F,INDEX,,F,T,0,0
7/8/2026,12:47:01 PM,SPXW,ML/,82,1.4013,,PUT,7420,0,11491,7/8/2026,WHITE,0,0,F,INDEX,,F,T,0,0
7/8/2026,12:48:28 PM,SPXW,ML/,144,1.3903,,PUT,7420,0,20021,7/8/2026,WHITE,0,0,F,INDEX,,F,T,0,0
7/8/2026,12:50:20 PM,SPXW,ML/,97,1.1932,,PUT,7420,0,11574,7/8/2026,WHITE,0,0,F,INDEX,,F,T,0,0
7/8/2026,12:53:54 PM,SPXW,ML/,500,1.15,,PUT,7420,0,57500,7/8/2026,WHITE,0,0,F,INDEX,,F,T,0,0
7/8/2026,1:00:42 PM,SPXW,ML/,120,1.27,,PUT,7420,0,15240,7/8/2026,WHITE,0,0,F,INDEX,,F,T,0,0
7/8/2026,1:01:17 PM,SPXW,ML/,100,1.353,,PUT,7420,0,13530,7/8/2026,WHITE,0,0,F,INDEX,,F,T,0,0
7/8/2026,1:14:06 PM,SPXW,ML/,105,0.9986,,PUT,7420,0,10485,7/8/2026,WHITE,0,0,F,INDEX,,F,T,0,0
7/8/2026,1:20:05 PM,SPXW,ML/,212,0.6736,,PUT,7420,0,14280,7/8/2026,WHITE,0,0,F,INDEX,,F,T,0,0
7/8/2026,1:21:08 PM,SPXW,ML/,218,0.6703,,PUT,7420,0,14612,7/8/2026,WHITE,0,0,F,INDEX,,F,T,0,0
7/8/2026,1:50:31 PM,SPXW,ML/,217,0.8518,,PUT,7420,0,18484,7/8/2026,WHITE,0,0,F,INDEX,,F,T,0,0
7/8/2026,1:55:13 PM,SPXW,ML/,122,0.9013,,PUT,7420,0,10996,7/8/2026,WHITE,0,0,F,INDEX,,F,T,0,0
7/8/2026,1:55:36 PM,SPXW,BLOCK,105,1,,PUT,7420,0,10500,7/8/2026,WHITE,0,0,F,INDEX,,F,T,0,0
7/8/2026,1:59:23 PM,SPXW,ML/,304,0.75,,PUT,7420,0,22800,7/8/2026,WHITE,0,0,F,INDEX,,F,T,0,0
7/8/2026,9:30:03 AM,SPXW,ML/,51,2.3884,,CALL,7520,0,12181,7/8/2026,WHITE,0,0,F,INDEX,,F,T,0,0
7/8/2026,9:30:57 AM,SPXW,ML/,62,1.9984,,CALL,7520,0,12390,7/8/2026,WHITE,0,0,F,INDEX,,F,T,0,0
7/8/2026,9:35:01 AM,SPXW,ML/,67,2.0976,,CALL,7520,0,14054,7/8/2026,WHITE,0,0,F,INDEX,,F,T,0,0
7/8/2026,9:42:25 AM,SPXW,ML/,67,2.494,,CALL,7520,0,16710,7/8/2026,WHITE,0,0,F,INDEX,,F,T,0,0
7/8/2026,9:44:59 AM,SPXW,ML/,70,2.5421,,CALL,7520,0,17795,7/8/2026,WHITE,0,0,F,INDEX,,F,T,0,0
7/8/2026,9:47:21 AM,SPXW,ML/,202,3.095,,CALL,7520,0,62520,7/8/2026,WHITE,0,0,F,INDEX,,F,T,0,0
7/8/2026,9:49:01 AM,SPXW,ML/,215,2.3223,,CALL,7520,0,49929,7/8/2026,WHITE,0,0,F,INDEX,,F,T,0,0
7/8/2026,9:49:04 AM,SPXW,ML/,112,2.2684,,CALL,7520,0,25406,7/8/2026,WHITE,0,0,F,INDEX,,F,T,0,0
7/8/2026,9:51:12 AM,SPXW,ML/,61,2.2975,,CALL,7520,0,14014,7/8/2026,WHITE,0,0,F,INDEX,,F,T,0,0
7/8/2026,9:54:02 AM,SPXW,ML/,54,1.8978,,CALL,7520,0,10248,7/8/2026,WHITE,0,0,F,INDEX,,F,T,0,0
7/8/2026,9:57:55 AM,SPXW,ML/,202,2.1299,,CALL,7520,0,43023,7/8/2026,WHITE,0,0,F,INDEX,,F,T,0,0
7/8/2026,9:58:33 AM,SPXW,ML/,136,2.1281,,CALL,7520,0,28942,7/8/2026,WHITE,0,0,F,INDEX,,F,T,0,0
7/8/2026,10:00:04 AM,SPXW,ML/,186,1.7577,,CALL,7520,0,32694,7/8/2026,WHITE,0,0,F,INDEX,,F,T,0,0
7/8/2026,10:05:01 AM,SPXW,ML/,126,1.8987,,CALL,7520,0,23924,7/8/2026,WHITE,0,0,F,INDEX,,F,T,0,0
7/8/2026,10:06:05 AM,SPXW,ML/,86,2.0016,,CALL,7520,0,17214,7/8/2026,WHITE,0,0,F,INDEX,,F,T,0,0
7/8/2026,10:06:25 AM,SPXW,ML/,67,2.1007,,CALL,7520,0,14075,7/8/2026,WHITE,0,0,F,INDEX,,F,T,0,0
7/8/2026,10:09:40 AM,SPXW,ML/,81,1.6475,,CALL,7520,0,13344,7/8/2026,WHITE,0,0,F,INDEX,,F,T,0,0
7/8/2026,10:11:54 AM,SPXW,ML/,200,1.52,,CALL,7520,0,30400,7/8/2026,WHITE,0,0,F,INDEX,,F,T,0,0
7/8/2026,10:12:21 AM,SPXW,ML/,102,1.1406,,CALL,7520,0,11634,7/8/2026,WHITE,0,0,F,INDEX,,F,T,0,0
7/8/2026,10:12:27 AM,SPXW,ML/,214,1.1,,CALL,7520,0,23540,7/8/2026,WHITE,0,0,F,INDEX,,F,T,0,0
7/8/2026,10:21:25 AM,SPXW,ML/,295,0.9729,,CALL,7520,0,28701,7/8/2026,WHITE,0,0,F,INDEX,,F,T,0,0
7/8/2026,10:26:20 AM,SPXW,ML/,105,1.2687,,CALL,7520,0,13321,7/8/2026,WHITE,0,0,F,INDEX,,F,T,0,0
7/8/2026,10:29:48 AM,SPXW,ML/,200,0.97,,CALL,7520,0,19400,7/8/2026,WHITE,0,0,F,INDEX,,F,T,0,0
7/8/2026,12:41:05 PM,SPXW,BLOCK,303,0.7497,,CALL,7520,0,22715,7/8/2026,WHITE,0,0,F,INDEX,,F,T,0,0
7/8/2026,1:31:01 PM,SPXW,ML/,309,0.9007,,CALL,7520,0,27832,7/8/2026,WHITE,0,0,F,INDEX,,F,T,0,0
7/8/2026,1:31:13 PM,SPXW,ML/,100,1.0091,,CALL,7520,0,10091,7/8/2026,WHITE,0,0,F,INDEX,,F,T,0,0
7/8/2026,1:32:52 PM,SPXW,ML/,456,0.75,,CALL,7520,0,34202,7/8/2026,WHITE,0,0,F,INDEX,,F,T,0,0
7/8/2026,1:40:03 PM,SPXW,ML/,195,0.52,,CALL,7520,0,10140,7/8/2026,WHITE,0,0,F,INDEX,,F,T,0,0
7/8/2026,9:30:42 AM,SPXW,ML/,81,2.9684,,CALL,7510,0,24044,7/8/2026,WHITE,0,0,F,INDEX,,F,T,0,0
7/8/2026,9:33:05 AM,SPXW,ML/,52,3.9354,,CALL,7510,0,20464,7/8/2026,WHITE,0,0,F,INDEX,,F,T,0,0
7/8/2026,9:35:34 AM,SPXW,ML/,52,3.5031,,CALL,7510,0,18216,7/8/2026,WHITE,0,0,F,INDEX,,F,T,0,0
7/8/2026,9:38:35 AM,SPXW,ML/,56,3.2495,,CALL,7510,0,18197,7/8/2026,WHITE,0,0,F,INDEX,,F,T,0,0
7/8/2026,9:40:16 AM,SPXW,ML/,55,4.9336,,CALL,7510,0,27135,7/8/2026,WHITE,0,0,F,INDEX,,F,T,0,0
7/8/2026,9:44:02 AM,SPXW,BLOCK,50,3.8,,CALL,7510,0,19000,7/8/2026,WHITE,0,0,F,INDEX,,F,T,0,0
7/8/2026,9:47:22 AM,SPXW,ML/,201,4.8968,,CALL,7510,0,98425,7/8/2026,WHITE,0,0,F,INDEX,,F,T,0,0
7/8/2026,9:49:01 AM,SPXW,ML/,207,3.8713,,CALL,7510,0,80135,7/8/2026,WHITE,0,0,F,INDEX,,F,T,0,0
7/8/2026,9:49:04 AM,SPXW,ML/,161,3.7783,,CALL,7510,0,60830,7/8/2026,WHITE,0,0,F,INDEX,,F,T,0,0
7/8/2026,9:49:16 AM,SPXW,ML/,52,3.5929,,CALL,7510,0,18683,7/8/2026,WHITE,0,0,F,INDEX,,F,T,0,0
7/8/2026,9:56:57 AM,SPXW,ML/,99,3.048,,CALL,7510,0,30175,7/8/2026,WHITE,0,0,F,INDEX,,F,T,0,0
7/8/2026,9:57:55 AM,SPXW,ML/,200,3.53,,CALL,7510,0,70600,7/8/2026,WHITE,0,0,F,INDEX,,F,T,0,0
7/8/2026,9:58:33 AM,SPXW,ML/,123,3.5307,,CALL,7510,0,43428,7/8/2026,WHITE,0,0,F,INDEX,,F,T,0,0
7/8/2026,10:00:06 AM,SPXW,ML/,118,2.993,,CALL,7510,0,35317,7/8/2026,WHITE,0,0,F,INDEX,,F,T,0,0
7/8/2026,10:05:01 AM,SPXW,ML/,67,3.0219,,CALL,7510,0,20247,7/8/2026,WHITE,0,0,F,INDEX,,F,T,0,0
7/8/2026,10:09:40 AM,SPXW,ML/,53,3.0809,,CALL,7510,0,16329,7/8/2026,WHITE,0,0,F,INDEX,,F,T,0,0
7/8/2026,10:10:36 AM,SPXW,ML/,53,2.5396,,CALL,7510,0,13460,7/8/2026,WHITE,0,0,F,INDEX,,F,T,0,0
7/8/2026,10:10:53 AM,SPXW,ML/,53,2.6009,,CALL,7510,0,13785,7/8/2026,WHITE,0,0,F,INDEX,,F,T,0,0
7/8/2026,10:11:53 AM,SPXW,ML/,203,2.566,,CALL,7510,0,52090,7/8/2026,WHITE,0,0,F,INDEX,,F,T,0,0
7/8/2026,10:12:02 AM,SPXW,ML/,61,2.1816,,CALL,7510,0,13307,7/8/2026,WHITE,0,0,F,INDEX,,F,T,0,0
7/8/2026,10:12:27 AM,SPXW,ML/,202,1.9495,,CALL,7510,0,39380,7/8/2026,WHITE,0,0,F,INDEX,,F,T,0,0
7/8/2026,10:13:43 AM,SPXW,ML/,71,2.1394,,CALL,7510,0,15190,7/8/2026,WHITE,0,0,F,INDEX,,F,T,0,0
7/8/2026,10:20:50 AM,SPXW,ML/,76,2.1568,,CALL,7510,0,16392,7/8/2026,WHITE,0,0,F,INDEX,,F,T,0,0
7/8/2026,10:21:17 AM,SPXW,ML/,125,2.4562,,CALL,7510,0,30702,7/8/2026,WHITE,0,0,F,INDEX,,F,T,0,0
7/8/2026,10:21:50 AM,SPXW,ML/,62,2.7348,,CALL,7510,0,16956,7/8/2026,WHITE,0,0,F,INDEX,,F,T,0,0
7/8/2026,10:26:21 AM,SPXW,ML/,101,2.2153,,CALL,7510,0,22375,7/8/2026,WHITE,0,0,F,INDEX,,F,T,0,0
7/8/2026,10:26:45 AM,SPXW,ML/,92,2.1696,,CALL,7510,0,19960,7/8/2026,WHITE,0,0,F,INDEX,,F,T,0,0
7/8/2026,10:26:48 AM,SPXW,ML/,69,2.1191,,CALL,7510,0,14622,7/8/2026,WHITE,0,0,F,INDEX,,F,T,0,0
7/8/2026,10:27:18 AM,SPXW,ML/,58,1.7278,,CALL,7510,0,10021,7/8/2026,WHITE,0,0,F,INDEX,,F,T,0,0
7/8/2026,10:38:50 AM,SPXW,ML/,113,1.1028,,CALL,7510,0,12462,7/8/2026,WHITE,0,0,F,INDEX,,F,T,0,0
7/8/2026,12:31:02 PM,SPXW,ML/,105,1.1469,,CALL,7510,0,12042,7/8/2026,WHITE,0,0,F,INDEX,,F,T,0,0
7/8/2026,12:40:42 PM,SPXW,ML/,107,1.0235,,CALL,7510,0,10951,7/8/2026,WHITE,0,0,F,INDEX,,F,T,0,0
7/8/2026,12:40:51 PM,SPXW,BLOCK,73,1.4918,,CALL,7510,0,10890,7/8/2026,WHITE,0,0,F,INDEX,,F,T,0,0
7/8/2026,12:40:52 PM,SPXW,ML/,65,1.5674,,CALL,7510,0,10188,7/8/2026,WHITE,0,0,F,INDEX,,F,T,0,0
7/8/2026,12:44:53 PM,SPXW,ML/,101,1.02,,CALL,7510,0,10302,7/8/2026,WHITE,0,0,F,INDEX,,F,T,0,0
7/8/2026,12:53:32 PM,SPXW,ML/,122,0.9947,,CALL,7510,0,12135,7/8/2026,WHITE,0,0,F,INDEX,,F,T,0,0
7/8/2026,1:20:06 PM,SPXW,ML/,254,1.1636,,CALL,7510,0,29555,7/8/2026,WHITE,0,0,F,INDEX,,F,T,0,0
7/8/2026,1:21:08 PM,SPXW,ML/,219,1.15,,CALL,7510,0,25184,7/8/2026,WHITE,0,0,F,INDEX,,F,T,0,0
7/8/2026,1:21:32 PM,SPXW,ML/,99,1.2026,,CALL,7510,0,11906,7/8/2026,WHITE,0,0,F,INDEX,,F,T,0,0
7/8/2026,1:25:02 PM,SPXW,ML/,243,1.6035,,CALL,7510,0,38964,7/8/2026,WHITE,0,0,F,INDEX,,F,T,0,0
7/8/2026,1:26:13 PM,SPXW,ML/,109,1.2432,,CALL,7510,0,13551,7/8/2026,WHITE,0,0,F,INDEX,,F,T,0,0
7/8/2026,1:30:51 PM,SPXW,ML/,68,1.8446,,CALL,7510,0,12543,7/8/2026,WHITE,0,0,F,INDEX,,F,T,0,0
7/8/2026,1:31:00 PM,SPXW,ML/,116,2.0203,,CALL,7510,0,23435,7/8/2026,WHITE,0,0,F,INDEX,,F,T,0,0
7/8/2026,1:31:11 PM,SPXW,ML/,261,2.1974,,CALL,7510,0,57351,7/8/2026,WHITE,0,0,F,INDEX,,F,T,0,0
7/8/2026,1:31:25 PM,SPXW,ML/,60,2.0525,,CALL,7510,0,12315,7/8/2026,WHITE,0,0,F,INDEX,,F,T,0,0
7/8/2026,1:31:50 PM,SPXW,ML/,66,1.8441,,CALL,7510,0,12171,7/8/2026,WHITE,0,0,F,INDEX,,F,T,0,0
7/8/2026,1:31:52 PM,SPXW,ML/,85,1.666,,CALL,7510,0,14160,7/8/2026,WHITE,0,0,F,INDEX,,F,T,0,0
7/8/2026,2:03:54 PM,SPXW,BLOCK,416,1.0041,,CALL,7510,0,41770,7/8/2026,WHITE,0,0,F,INDEX,,F,T,0,0
7/8/2026,10:05:42 AM,SPXW,ML/,100,1.22,,CALL,7800,0,12200,7/24/2026,WHITE,0,16,F,INDEX,,F,T,0,0
7/8/2026,3:15:38 PM,SPXW,BLOCK,50,15,,CALL,7510,0,75000,7/10/2026,WHITE,0,2,F,INDEX,,F,T,0,0
7/8/2026,3:51:24 PM,SPXW,ML/,51,15.9994,,CALL,7510,0,81597,7/10/2026,WHITE,0,2,F,INDEX,,F,T,0,0
7/8/2026,3:53:53 PM,SPXW,ML/,50,27.0516,,PUT,7475,0,135258,7/10/2026,WHITE,0,2,F,INDEX,,F,T,0,0
7/8/2026,4:07:26 PM,SPXW,ML/,240,28.64,,PUT,7475,0,687360,7/10/2026,WHITE,0,2,F,INDEX,,F,T,0,0
7/8/2026,4:07:43 PM,SPXW,ML/,75,28.7,,PUT,7475,0,215250,7/10/2026,WHITE,0,2,F,INDEX,,F,T,0,0
7/8/2026,4:08:18 PM,SPXW,ML/,111,29.0499,,PUT,7475,0,322454,7/10/2026,WHITE,0,2,F,INDEX,,F,T,0,0
7/8/2026,4:09:58 PM,SPXW,ML/,250,28.56,,PUT,7475,0,714000,7/10/2026,WHITE,0,2,F,INDEX,,F,T,0,0
7/8/2026,10:05:39 AM,SPXW,ML/,81,35.1284,,PUT,7500,0,284540,7/8/2026,WHITE,0,0,F,INDEX,,F,T,0,0
7/8/2026,10:15:38 AM,SPXW,ML/,90,47.24,,PUT,7500,0,425160,7/8/2026,WHITE,0,0,F,INDEX,,F,T,0,0
7/8/2026,10:16:25 AM,SPXW,ML/,100,47.87,,PUT,7500,0,478700,7/8/2026,WHITE,0,0,F,INDEX,,F,T,0,0
7/8/2026,10:57:21 AM,SPXW,ML/,500,49.82,,PUT,7500,0,2491000,7/8/2026,WHITE,0,0,F,INDEX,,F,T,0,0
7/8/2026,10:59:00 AM,SPXW,BLOCK,80,57.5,,PUT,7500,0,460000,7/8/2026,WHITE,0,0,F,INDEX,,F,T,0,0
7/8/2026,11:10:05 AM,SPXW,ML/,50,59.56,,PUT,7500,0,297800,7/8/2026,WHITE,0,0,F,INDEX,,F,T,0,0
7/8/2026,11:40:21 AM,SPXW,ML/,150,65.19,,PUT,7500,0,977850,7/8/2026,WHITE,0,0,F,INDEX,,F,T,0,0
7/8/2026,12:31:40 PM,SPXW,ML/,220,39.5,,PUT,7500,0,869000,7/8/2026,WHITE,0,0,F,INDEX,,F,T,0,0
7/8/2026,12:32:34 PM,SPXW,ML/,50,40.97,,PUT,7500,0,204850,7/8/2026,WHITE,0,0,F,INDEX,,F,T,0,0
7/8/2026,12:33:58 PM,SPXW,ML/,50,41.1172,,PUT,7500,0,205585,7/8/2026,WHITE,0,0,F,INDEX,,F,T,0,0
7/8/2026,12:38:03 PM,SPXW,ML/,300,46.87,,PUT,7500,0,1406100,7/8/2026,WHITE,0,0,F,INDEX,,F,T,0,0
7/8/2026,1:00:17 PM,SPXW,ML/,250,29.5,,PUT,7500,0,737500,7/8/2026,WHITE,0,0,F,INDEX,,F,T,0,0
7/8/2026,1:13:28 PM,SPXW,ML/,50,29.62,,PUT,7500,0,148100,7/8/2026,WHITE,0,0,F,INDEX,,F,T,0,0
7/8/2026,1:28:22 PM,SPXW,ML/,80,21.57,,PUT,7500,0,172560,7/8/2026,WHITE,0,0,F,INDEX,,F,T,0,0
7/8/2026,1:29:28 PM,SPXW,ML/,2625,20.35,,PUT,7500,0,5341875,7/8/2026,WHITE,0,0,F,INDEX,,F,T,0,0
7/8/2026,1:44:31 PM,SPXW,ML/,400,26.42,,PUT,7500,0,1056800,7/8/2026,WHITE,0,0,F,INDEX,,F,T,0,0
7/8/2026,1:45:30 PM,SPXW,ML/,210,26.5976,,PUT,7500,0,558550,7/8/2026,WHITE,0,0,F,INDEX,,F,T,0,0
7/8/2026,1:48:52 PM,SPXW,ML/,50,31.2,,PUT,7500,0,156000,7/8/2026,WHITE,0,0,F,INDEX,,F,T,0,0
7/8/2026,2:43:27 PM,SPXW,ML/,50,26.1068,,PUT,7500,0,130534,7/8/2026,WHITE,0,0,F,INDEX,,F,T,0,0
7/8/2026,2:50:32 PM,SPXW,ML/,62,21.41,,PUT,7500,0,132742,7/8/2026,WHITE,0,0,F,INDEX,,F,T,0,0
7/8/2026,3:08:42 PM,SPXW,ML/,2625,21.88,,PUT,7500,0,5743500,7/8/2026,WHITE,0,0,F,INDEX,,F,T,0,0
7/8/2026,3:34:03 PM,SPXW,ML/,500,24.2,,PUT,7500,0,1210000,7/8/2026,WHITE,0,0,F,INDEX,,F,T,0,0
7/8/2026,3:51:22 PM,SPXW,ML/,103,20.9368,,PUT,7500,0,215648,7/8/2026,WHITE,0,0,F,INDEX,,F,T,0,0
7/8/2026,9:30:57 AM,SPXW,BLOCK,81,7.1988,,CALL,7490,0,58310,7/8/2026,WHITE,0,0,F,INDEX,,F,T,0,0
7/8/2026,9:33:02 AM,SPXW,ML/,50,9.45,,CALL,7490,0,47249,7/8/2026,WHITE,0,0,F,INDEX,,F,T,0,0
7/8/2026,9:40:15 AM,SPXW,ML/,51,10.7741,,CALL,7490,0,54948,7/8/2026,WHITE,0,0,F,INDEX,,F,T,0,0
7/8/2026,10:02:07 AM,SPXW,ML/,114,7.2258,,CALL,7490,0,82374,7/8/2026,WHITE,0,0,F,INDEX,,F,T,0,0
7/8/2026,10:05:01 AM,SPXW,ML/,55,8.0115,,CALL,7490,0,44063,7/8/2026,WHITE,0,0,F,INDEX,,F,T,0,0
7/8/2026,10:11:58 AM,SPXW,ML/,90,5.9644,,CALL,7490,0,53679,7/8/2026,WHITE,0,0,F,INDEX,,F,T,0,0
7/8/2026,10:15:12 AM,SPXW,ML/,70,5.0529,,CALL,7490,0,35370,7/8/2026,WHITE,0,0,F,INDEX,,F,T,0,0
7/8/2026,10:15:45 AM,SPXW,ML/,52,4.5321,,CALL,7490,0,23567,7/8/2026,WHITE,0,0,F,INDEX,,F,T,0,0
7/8/2026,10:17:47 AM,SPXW,ML/,52,4.6187,,CALL,7490,0,24017,7/8/2026,WHITE,0,0,F,INDEX,,F,T,0,0
7/8/2026,10:18:01 AM,SPXW,ML/,83,5.6371,,CALL,7490,0,46788,7/8/2026,WHITE,0,0,F,INDEX,,F,T,0,0
7/8/2026,10:19:22 AM,SPXW,ML/,53,4.3753,,CALL,7490,0,23189,7/8/2026,WHITE,0,0,F,INDEX,,F,T,0,0
7/8/2026,10:27:03 AM,SPXW,BLOCK,50,5.09,,CALL,7490,0,25449,7/8/2026,WHITE,0,0,F,INDEX,,F,T,0,0
7/8/2026,10:38:33 AM,SPXW,BLOCK,101,3.8,,CALL,7490,0,38379,7/8/2026,WHITE,0,0,F,INDEX,,F,T,0,0
7/8/2026,10:39:09 AM,SPXW,BLOCK,62,3.2016,,CALL,7490,0,19850,7/8/2026,WHITE,0,0,F,INDEX,,F,T,0,0
7/8/2026,10:40:01 AM,SPXW,ML/,63,2.8503,,CALL,7490,0,17957,7/8/2026,WHITE,0,0,F,INDEX,,F,T,0,0
7/8/2026,10:40:23 AM,SPXW,ML/,200,3.37,,CALL,7490,0,67400,7/8/2026,WHITE,0,0,F,INDEX,,F,T,0,0
7/8/2026,10:43:25 AM,SPXW,ML/,93,2.57,,CALL,7490,0,23901,7/8/2026,WHITE,0,0,F,INDEX,,F,T,0,0
7/8/2026,10:47:55 AM,SPXW,ML/,83,1.9731,,CALL,7490,0,16376,7/8/2026,WHITE,0,0,F,INDEX,,F,T,0,0
7/8/2026,10:49:40 AM,SPXW,ML/,86,1.67,,CALL,7490,0,14362,7/8/2026,WHITE,0,0,F,INDEX,,F,T,0,0
7/8/2026,10:50:01 AM,SPXW,ML/,71,1.623,,CALL,7490,0,11523,7/8/2026,WHITE,0,0,F,INDEX,,F,T,0,0
7/8/2026,10:50:47 AM,SPXW,ML/,81,1.4895,,CALL,7490,0,12065,7/8/2026,WHITE,0,0,F,INDEX,,F,T,0,0
7/8/2026,10:52:09 AM,SPXW,ML/,70,1.8513,,CALL,7490,0,12959,7/8/2026,WHITE,0,0,F,INDEX,,F,T,0,0
7/8/2026,10:52:15 AM,SPXW,ML/,55,1.9973,,CALL,7490,0,10985,7/8/2026,WHITE,0,0,F,INDEX,,F,T,0,0
7/8/2026,10:53:46 AM,SPXW,ML/,105,2.8821,,CALL,7490,0,30262,7/8/2026,WHITE,0,0,F,INDEX,,F,T,0,0
7/8/2026,11:02:59 AM,SPXW,ML/,200,1.95,,CALL,7490,0,38999,7/8/2026,WHITE,0,0,F,INDEX,,F,T,0,0
7/8/2026,12:10:11 PM,SPXW,ML/,203,1.6006,,CALL,7490,0,32492,7/8/2026,WHITE,0,0,F,INDEX,,F,T,0,0
7/8/2026,12:10:27 PM,SPXW,ML/,69,1.8596,,CALL,7490,0,12831,7/8/2026,WHITE,0,0,F,INDEX,,F,T,0,0
7/8/2026,12:17:17 PM,SPXW,ML/,55,2.1944,,CALL,7490,0,12069,7/8/2026,WHITE,0,0,F,INDEX,,F,T,0,0
7/8/2026,12:18:21 PM,SPXW,ML/,65,2.1909,,CALL,7490,0,14241,7/8/2026,WHITE,0,0,F,INDEX,,F,T,0,0
7/8/2026,12:20:35 PM,SPXW,ML/,99,2.5077,,CALL,7490,0,24826,7/8/2026,WHITE,0,0,F,INDEX,,F,T,0,0
7/8/2026,12:20:51 PM,SPXW,ML/,57,2.7119,,CALL,7490,0,15458,7/8/2026,WHITE,0,0,F,INDEX,,F,T,0,0
7/8/2026,12:21:34 PM,SPXW,ML/,137,2.9171,,CALL,7490,0,39964,7/8/2026,WHITE,0,0,F,INDEX,,F,T,0,0
7/8/2026,12:21:42 PM,SPXW,ML/,73,3.1092,,CALL,7490,0,22697,7/8/2026,WHITE,0,0,F,INDEX,,F,T,0,0
7/8/2026,12:21:51 PM,SPXW,ML/,51,2.9284,,CALL,7490,0,14935,7/8/2026,WHITE,0,0,F,INDEX,,F,T,0,0
7/8/2026,12:23:09 PM,SPXW,BLOCK,52,2.8625,,CALL,7490,0,14885,7/8/2026,WHITE,0,0,F,INDEX,,F,T,0,0
7/8/2026,12:24:05 PM,SPXW,ML/,52,2.4385,,CALL,7490,0,12680,7/8/2026,WHITE,0,0,F,INDEX,,F,T,0,0
7/8/2026,12:27:35 PM,SPXW,ML/,75,2.7368,,CALL,7490,0,20526,7/8/2026,WHITE,0,0,F,INDEX,,F,T,0,0
7/8/2026,12:27:37 PM,SPXW,ML/,150,3.0267,,CALL,7490,0,45401,7/8/2026,WHITE,0,0,F,INDEX,,F,T,0,0
7/8/2026,12:28:20 PM,SPXW,BLOCK,62,2.8032,,CALL,7490,0,17380,7/8/2026,WHITE,0,0,F,INDEX,,F,T,0,0
7/8/2026,12:30:27 PM,SPXW,BLOCK,53,2.9,,CALL,7490,0,15369,7/8/2026,WHITE,0,0,F,INDEX,,F,T,0,0
7/8/2026,12:31:01 PM,SPXW,ML/,311,3.6593,,CALL,7490,0,113805,7/8/2026,WHITE,0,0,F,INDEX,,F,T,0,0
7/8/2026,12:31:12 PM,SPXW,ML/,68,3.5456,,CALL,7490,0,24110,7/8/2026,WHITE,0,0,F,INDEX,,F,T,0,0
7/8/2026,12:34:19 PM,SPXW,BLOCK,50,2.95,,CALL,7490,0,14750,7/8/2026,WHITE,0,0,F,INDEX,,F,T,0,0
7/8/2026,12:35:11 PM,SPXW,ML/,60,2.614,,CALL,7490,0,15684,7/8/2026,WHITE,0,0,F,INDEX,,F,T,0,0
7/8/2026,12:37:16 PM,SPXW,BLOCK,70,1.7507,,CALL,7490,0,12255,7/8/2026,WHITE,0,0,F,INDEX,,F,T,0,0
7/8/2026,12:39:43 PM,SPXW,ML/,64,1.9245,,CALL,7490,0,12317,7/8/2026,WHITE,0,0,F,INDEX,,F,T,0,0
7/8/2026,12:39:52 PM,SPXW,ML/,54,2.3463,,CALL,7490,0,12670,7/8/2026,WHITE,0,0,F,INDEX,,F,T,0,0
7/8/2026,12:40:18 PM,SPXW,ML/,100,2.32,,CALL,7490,0,23199,7/8/2026,WHITE,0,0,F,INDEX,,F,T,0,0
7/8/2026,12:40:43 PM,SPXW,ML/,328,4.2837,,CALL,7490,0,140505,7/8/2026,WHITE,0,0,F,INDEX,,F,T,0,0
7/8/2026,12:40:56 PM,SPXW,ML/,65,4.078,,CALL,7490,0,26507,7/8/2026,WHITE,0,0,F,INDEX,,F,T,0,0
7/8/2026,12:41:02 PM,SPXW,ML/,54,4.2083,,CALL,7490,0,22725,7/8/2026,WHITE,0,0,F,INDEX,,F,T,0,0
7/8/2026,12:41:05 PM,SPXW,ML/,85,4.22,,CALL,7490,0,35870,7/8/2026,WHITE,0,0,F,INDEX,,F,T,0,0
7/8/2026,12:41:09 PM,SPXW,ML/,56,3.97,,CALL,7490,0,22232,7/8/2026,WHITE,0,0,F,INDEX,,F,T,0,0
7/8/2026,12:45:25 PM,SPXW,ML/,51,2.9386,,CALL,7490,0,14987,7/8/2026,WHITE,0,0,F,INDEX,,F,T,0,0
7/8/2026,12:50:19 PM,SPXW,ML/,76,4.0289,,CALL,7490,0,30620,7/8/2026,WHITE,0,0,F,INDEX,,F,T,0,0
7/8/2026,12:53:32 PM,SPXW,ML/,386,4.0041,,CALL,7490,0,154557,7/8/2026,WHITE,0,0,F,INDEX,,F,T,0,0
7/8/2026,12:57:38 PM,SPXW,ML/,90,4.1659,,CALL,7490,0,37493,7/8/2026,WHITE,0,0,F,INDEX,,F,T,0,0
7/8/2026,12:57:43 PM,SPXW,ML/,64,4.1709,,CALL,7490,0,26694,7/8/2026,WHITE,0,0,F,INDEX,,F,T,0,0
7/8/2026,1:00:01 PM,SPXW,ML/,50,4.0044,,CALL,7490,0,20022,7/8/2026,WHITE,0,0,F,INDEX,,F,T,0,0
7/8/2026,1:02:06 PM,SPXW,ML/,53,3.754,,CALL,7490,0,19896,7/8/2026,WHITE,0,0,F,INDEX,,F,T,0,0
7/8/2026,1:06:18 PM,SPXW,ML/,50,3.27,,CALL,7490,0,16350,7/8/2026,WHITE,0,0,F,INDEX,,F,T,0,0
7/8/2026,1:06:20 PM,SPXW,ML/,62,3.4297,,CALL,7490,0,21264,7/8/2026,WHITE,0,0,F,INDEX,,F,T,0,0
7/8/2026,1:09:42 PM,SPXW,BLOCK,101,3.3,,CALL,7490,0,33329,7/8/2026,WHITE,0,0,F,INDEX,,F,T,0,0
7/8/2026,1:10:49 PM,SPXW,ML/,106,3.1453,,CALL,7490,0,33340,7/8/2026,WHITE,0,0,F,INDEX,,F,T,0,0
7/8/2026,1:16:09 PM,SPXW,ML/,56,3.8384,,CALL,7490,0,21495,7/8/2026,WHITE,0,0,F,INDEX,,F,T,0,0
7/8/2026,1:16:27 PM,SPXW,BLOCK,101,3.5,,CALL,7490,0,35350,7/8/2026,WHITE,0,0,F,INDEX,,F,T,0,0
7/8/2026,1:16:48 PM,SPXW,ML/,51,3.7318,,CALL,7490,0,19032,7/8/2026,WHITE,0,0,F,INDEX,,F,T,0,0
7/8/2026,1:16:53 PM,SPXW,ML/,139,3.7741,,CALL,7490,0,52460,7/8/2026,WHITE,0,0,F,INDEX,,F,T,0,0
7/8/2026,1:19:15 PM,SPXW,ML/,135,4.1881,,CALL,7490,0,56539,7/8/2026,WHITE,0,0,F,INDEX,,F,T,0,0
7/8/2026,1:19:25 PM,SPXW,ML/,60,4.4807,,CALL,7490,0,26883,7/8/2026,WHITE,0,0,F,INDEX,,F,T,0,0
7/8/2026,1:19:49 PM,SPXW,ML/,96,4.7366,,CALL,7490,0,45471,7/8/2026,WHITE,0,0,F,INDEX,,F,T,0,0
7/8/2026,1:20:00 PM,SPXW,ML/,127,4.8087,,CALL,7490,0,61071,7/8/2026,WHITE,0,0,F,INDEX,,F,T,0,0
7/8/2026,1:20:06 PM,SPXW,ML/,199,5.0416,,CALL,7490,0,100327,7/8/2026,WHITE,0,0,F,INDEX,,F,T,0,0
7/8/2026,1:20:19 PM,SPXW,ML/,51,4.441,,CALL,7490,0,22649,7/8/2026,WHITE,0,0,F,INDEX,,F,T,0,0
7/8/2026,1:21:39 PM,SPXW,ML/,58,5.5264,,CALL,7490,0,32052,7/8/2026,WHITE,0,0,F,INDEX,,F,T,0,0
7/8/2026,1:22:34 PM,SPXW,ML/,52,5.5365,,CALL,7490,0,28789,7/8/2026,WHITE,0,0,F,INDEX,,F,T,0,0
7/8/2026,1:22:39 PM,SPXW,ML/,88,5.4417,,CALL,7490,0,47887,7/8/2026,WHITE,0,0,F,INDEX,,F,T,0,0
7/8/2026,1:23:56 PM,SPXW,ML/,51,5.4761,,CALL,7490,0,27927,7/8/2026,WHITE,0,0,F,INDEX,,F,T,0,0
7/8/2026,1:24:55 PM,SPXW,ML/,58,5.801,,CALL,7490,0,33646,7/8/2026,WHITE,0,0,F,INDEX,,F,T,0,0
7/8/2026,1:24:55 PM,SPXW,ML/,248,6.1621,,CALL,7490,0,152821,7/8/2026,WHITE,0,0,F,INDEX,,F,T,0,0
7/8/2026,1:25:05 PM,SPXW,ML/,282,6.7187,,CALL,7490,0,189467,7/8/2026,WHITE,0,0,F,INDEX,,F,T,0,0
7/8/2026,1:25:15 PM,SPXW,ML/,84,6.989,,CALL,7490,0,58708,7/8/2026,WHITE,0,0,F,INDEX,,F,T,0,0
7/8/2026,1:25:20 PM,SPXW,ML/,74,6.8592,,CALL,7490,0,50758,7/8/2026,WHITE,0,0,F,INDEX,,F,T,0,0
7/8/2026,1:25:38 PM,SPXW,ML/,83,6.0195,,CALL,7490,0,49962,7/8/2026,WHITE,0,0,F,INDEX,,F,T,0,0
7/8/2026,1:25:59 PM,SPXW,ML/,72,6.0803,,CALL,7490,0,43778,7/8/2026,WHITE,0,0,F,INDEX,,F,T,0,0
7/8/2026,1:26:14 PM,SPXW,ML/,53,5.5415,,CALL,7490,0,29370,7/8/2026,WHITE,0,0,F,INDEX,,F,T,0,0
7/8/2026,1:26:59 PM,SPXW,ML/,80,5.9912,,CALL,7490,0,47930,7/8/2026,WHITE,0,0,F,INDEX,,F,T,0,0
7/8/2026,1:28:30 PM,SPXW,ML/,56,6.3371,,CALL,7490,0,35488,7/8/2026,WHITE,0,0,F,INDEX,,F,T,0,0
7/8/2026,1:29:12 PM,SPXW,ML/,56,6.9291,,CALL,7490,0,38803,7/8/2026,WHITE,0,0,F,INDEX,,F,T,0,0
7/8/2026,1:29:14 PM,SPXW,ML/,50,6.765,,CALL,7490,0,33825,7/8/2026,WHITE,0,0,F,INDEX,,F,T,0,0
7/8/2026,1:29:31 PM,SPXW,ML/,82,7.1151,,CALL,7490,0,58343,7/8/2026,WHITE,0,0,F,INDEX,,F,T,0,0
7/8/2026,1:29:36 PM,SPXW,ML/,52,7.0423,,CALL,7490,0,36620,7/8/2026,WHITE,0,0,F,INDEX,,F,T,0,0
7/8/2026,1:30:50 PM,SPXW,ML/,61,7.4651,,CALL,7490,0,45537,7/8/2026,WHITE,0,0,F,INDEX,,F,T,0,0
7/8/2026,1:30:52 PM,SPXW,ML/,101,7.7515,,CALL,7490,0,78290,7/8/2026,WHITE,0,0,F,INDEX,,F,T,0,0
7/8/2026,1:31:00 PM,SPXW,ML/,280,8.04,,CALL,7490,0,225121,7/8/2026,WHITE,0,0,F,INDEX,,F,T,0,0
7/8/2026,1:31:09 PM,SPXW,ML/,55,8.0782,,CALL,7490,0,44429,7/8/2026,WHITE,0,0,F,INDEX,,F,T,0,0
7/8/2026,1:31:24 PM,SPXW,ML/,108,8.2948,,CALL,7490,0,89584,7/8/2026,WHITE,0,0,F,INDEX,,F,T,0,0
7/8/2026,1:31:30 PM,SPXW,ML/,109,7.9228,,CALL,7490,0,86358,7/8/2026,WHITE,0,0,F,INDEX,,F,T,0,0
7/8/2026,1:31:49 PM,SPXW,ML/,116,7.4719,,CALL,7490,0,86674,7/8/2026,WHITE,0,0,F,INDEX,,F,T,0,0
7/8/2026,1:32:29 PM,SPXW,ML/,132,7.5313,,CALL,7490,0,99413,7/8/2026,WHITE,0,0,F,INDEX,,F,T,0,0
7/8/2026,1:32:36 PM,SPXW,ML/,52,7.5956,,CALL,7490,0,39497,7/8/2026,WHITE,0,0,F,INDEX,,F,T,0,0
7/8/2026,1:32:42 PM,SPXW,ML/,52,7.3313,,CALL,7490,0,38122,7/8/2026,WHITE,0,0,F,INDEX,,F,T,0,0
7/8/2026,1:32:43 PM,SPXW,ML/,77,7.4292,,CALL,7490,0,57204,7/8/2026,WHITE,0,0,F,INDEX,,F,T,0,0
7/8/2026,1:32:46 PM,SPXW,ML/,65,7.2677,,CALL,7490,0,47240,7/8/2026,WHITE,0,0,F,INDEX,,F,T,0,0
7/8/2026,1:32:53 PM,SPXW,BLOCK,53,7.2057,,CALL,7490,0,38190,7/8/2026,WHITE,0,0,F,INDEX,,F,T,0,0
7/8/2026,1:33:12 PM,SPXW,ML/,76,7.493,,CALL,7490,0,56947,7/8/2026,WHITE,0,0,F,INDEX,,F,T,0,0
7/8/2026,1:34:06 PM,SPXW,ML/,50,7.0304,,CALL,7490,0,35152,7/8/2026,WHITE,0,0,F,INDEX,,F,T,0,0
7/8/2026,1:34:59 PM,SPXW,ML/,105,6.4561,,CALL,7490,0,67789,7/8/2026,WHITE,0,0,F,INDEX,,F,T,0,0
7/8/2026,1:35:33 PM,SPXW,ML/,94,6.9982,,CALL,7490,0,65783,7/8/2026,WHITE,0,0,F,INDEX,,F,T,0,0
7/8/2026,1:36:17 PM,SPXW,BLOCK,113,6.8097,,CALL,7490,0,76950,7/8/2026,WHITE,0,0,F,INDEX,,F,T,0,0
7/8/2026,1:38:12 PM,SPXW,ML/,218,5.8447,,CALL,7490,0,127414,7/8/2026,WHITE,0,0,F,INDEX,,F,T,0,0
7/8/2026,1:40:22 PM,SPXW,ML/,129,4.9971,,CALL,7490,0,64463,7/8/2026,WHITE,0,0,F,INDEX,,F,T,0,0
7/8/2026,1:40:37 PM,SPXW,ML/,129,4.7697,,CALL,7490,0,61529,7/8/2026,WHITE,0,0,F,INDEX,,F,T,0,0
7/8/2026,1:41:10 PM,SPXW,ML/,250,4.99,,CALL,7490,0,124750,7/8/2026,WHITE,0,0,F,INDEX,,F,T,0,0
7/8/2026,1:42:00 PM,SPXW,ML/,51,4.1847,,CALL,7490,0,21342,7/8/2026,WHITE,0,0,F,INDEX,,F,T,0,0
7/8/2026,1:42:34 PM,SPXW,ML/,85,4.3565,,CALL,7490,0,37030,7/8/2026,WHITE,0,0,F,INDEX,,F,T,0,0
7/8/2026,1:44:11 PM,SPXW,ML/,93,4.4243,,CALL,7490,0,41146,7/8/2026,WHITE,0,0,F,INDEX,,F,T,0,0
7/8/2026,1:44:42 PM,SPXW,ML/,120,4.72,,CALL,7490,0,56640,7/8/2026,WHITE,0,0,F,INDEX,,F,T,0,0
7/8/2026,1:45:36 PM,SPXW,ML/,70,4.0631,,CALL,7490,0,28442,7/8/2026,WHITE,0,0,F,INDEX,,F,T,0,0
7/8/2026,1:45:42 PM,SPXW,ML/,64,3.7505,,CALL,7490,0,24003,7/8/2026,WHITE,0,0,F,INDEX,,F,T,0,0
7/8/2026,1:45:53 PM,SPXW,ML/,79,4.0099,,CALL,7490,0,31678,7/8/2026,WHITE,0,0,F,INDEX,,F,T,0,0
7/8/2026,1:46:20 PM,SPXW,ML/,65,3.8818,,CALL,7490,0,25232,7/8/2026,WHITE,0,0,F,INDEX,,F,T,0,0
7/8/2026,1:46:48 PM,SPXW,BLOCK,61,4.1,,CALL,7490,0,25010,7/8/2026,WHITE,0,0,F,INDEX,,F,T,0,0
7/8/2026,1:46:56 PM,SPXW,ML/,52,4.0608,,CALL,7490,0,21116,7/8/2026,WHITE,0,0,F,INDEX,,F,T,0,0
7/8/2026,1:49:05 PM,SPXW,BLOCK,68,3.3985,,CALL,7490,0,23110,7/8/2026,WHITE,0,0,F,INDEX,,F,T,0,0
7/8/2026,1:49:42 PM,SPXW,ML/,170,3.0002,,CALL,7490,0,51004,7/8/2026,WHITE,0,0,F,INDEX,,F,T,0,0
7/8/2026,1:50:37 PM,SPXW,ML/,107,3.6858,,CALL,7490,0,39438,7/8/2026,WHITE,0,0,F,INDEX,,F,T,0,0
7/8/2026,1:51:29 PM,SPXW,BLOCK,51,3.398,,CALL,7490,0,17330,7/8/2026,WHITE,0,0,F,INDEX,,F,T,0,0
7/8/2026,1:53:14 PM,SPXW,ML/,74,3.505,,CALL,7490,0,25937,7/8/2026,WHITE,0,0,F,INDEX,,F,T,0,0
7/8/2026,1:54:48 PM,SPXW,ML/,59,3.2856,,CALL,7490,0,19385,7/8/2026,WHITE,0,0,F,INDEX,,F,T,0,0
7/8/2026,1:55:43 PM,SPXW,ML/,66,2.3594,,CALL,7490,0,15572,7/8/2026,WHITE,0,0,F,INDEX,,F,T,0,0
7/8/2026,1:55:51 PM,SPXW,ML/,79,2.4296,,CALL,7490,0,19194,7/8/2026,WHITE,0,0,F,INDEX,,F,T,0,0
7/8/2026,1:58:11 PM,SPXW,BLOCK,128,2.4512,,CALL,7490,0,31375,7/8/2026,WHITE,0,0,F,INDEX,,F,T,0,0
7/8/2026,1:58:45 PM,SPXW,ML/,57,2.7984,,CALL,7490,0,15951,7/8/2026,WHITE,0,0,F,INDEX,,F,T,0,0
7/8/2026,1:58:56 PM,SPXW,BLOCK,122,2.7992,,CALL,7490,0,34149,7/8/2026,WHITE,0,0,F,INDEX,,F,T,0,0
7/8/2026,2:00:05 PM,SPXW,ML/,140,2.4707,,CALL,7490,0,34590,7/8/2026,WHITE,0,0,F,INDEX,,F,T,0,0
7/8/2026,2:00:41 PM,SPXW,ML/,76,3.4132,,CALL,7490,0,25939,7/8/2026,WHITE,0,0,F,INDEX,,F,T,0,0
7/8/2026,2:00:51 PM,SPXW,ML/,51,3.8384,,CALL,7490,0,19576,7/8/2026,WHITE,0,0,F,INDEX,,F,T,0,0
7/8/2026,2:00:54 PM,SPXW,ML/,69,3.6068,,CALL,7490,0,24887,7/8/2026,WHITE,0,0,F,INDEX,,F,T,0,0
7/8/2026,2:01:17 PM,SPXW,ML/,185,3.8983,,CALL,7490,0,72118,7/8/2026,WHITE,0,0,F,INDEX,,F,T,0,0
7/8/2026,2:01:21 PM,SPXW,ML/,54,4.0287,,CALL,7490,0,21755,7/8/2026,WHITE,0,0,F,INDEX,,F,T,0,0
7/8/2026,2:01:40 PM,SPXW,BLOCK,58,4.2259,,CALL,7490,0,24510,7/8/2026,WHITE,0,0,F,INDEX,,F,T,0,0
7/8/2026,2:01:50 PM,SPXW,ML/,156,4.558,,CALL,7490,0,71105,7/8/2026,WHITE,0,0,F,INDEX,,F,T,0,0
7/8/2026,2:02:01 PM,SPXW,ML/,592,4.883,,CALL,7490,0,289073,7/8/2026,WHITE,0,0,F,INDEX,,F,T,0,0
7/8/2026,2:02:32 PM,SPXW,ML/,62,4.3874,,CALL,7490,0,27202,7/8/2026,WHITE,0,0,F,INDEX,,F,T,0,0
7/8/2026,2:02:45 PM,SPXW,ML/,98,4.4036,,CALL,7490,0,43155,7/8/2026,WHITE,0,0,F,INDEX,,F,T,0,0
7/8/2026,2:02:54 PM,SPXW,ML/,76,4.0749,,CALL,7490,0,30969,7/8/2026,WHITE,0,0,F,INDEX,,F,T,0,0
7/8/2026,2:04:15 PM,SPXW,ML/,90,5.2032,,CALL,7490,0,46829,7/8/2026,WHITE,0,0,F,INDEX,,F,T,0,0
7/8/2026,2:04:40 PM,SPXW,ML/,64,4.913,,CALL,7490,0,31443,7/8/2026,WHITE,0,0,F,INDEX,,F,T,0,0
7/8/2026,2:05:02 PM,SPXW,ML/,61,4.9477,,CALL,7490,0,30181,7/8/2026,WHITE,0,0,F,INDEX,,F,T,0,0
7/8/2026,2:05:08 PM,SPXW,ML/,57,4.6561,,CALL,7490,0,26539,7/8/2026,WHITE,0,0,F,INDEX,,F,T,0,0
7/8/2026,2:05:32 PM,SPXW,ML/,72,4.2278,,CALL,7490,0,30439,7/8/2026,WHITE,0,0,F,INDEX,,F,T,0,0
7/8/2026,2:10:00 PM,SPXW,ML/,56,4.0371,,CALL,7490,0,22608,7/8/2026,WHITE,0,0,F,INDEX,,F,T,0,0
7/8/2026,2:12:28 PM,SPXW,ML/,59,4.2892,,CALL,7490,0,25306,7/8/2026,WHITE,0,0,F,INDEX,,F,T,0,0
7/8/2026,2:14:25 PM,SPXW,ML/,77,4.5675,,CALL,7490,0,35170,7/8/2026,WHITE,0,0,F,INDEX,,F,T,0,0
7/8/2026,2:16:02 PM,SPXW,ML/,69,3.7977,,CALL,7490,0,26204,7/8/2026,WHITE,0,0,F,INDEX,,F,T,0,0
7/8/2026,2:16:36 PM,SPXW,ML/,61,2.9402,,CALL,7490,0,17935,7/8/2026,WHITE,0,0,F,INDEX,,F,T,0,0
7/8/2026,2:18:09 PM,SPXW,BLOCK,60,2.9,,CALL,7490,0,17400,7/8/2026,WHITE,0,0,F,INDEX,,F,T,0,0
7/8/2026,2:18:17 PM,SPXW,ML/,50,2.785,,CALL,7490,0,13925,7/8/2026,WHITE,0,0,F,INDEX,,F,T,0,0
7/8/2026,2:23:27 PM,SPXW,BLOCK,54,3.4,,CALL,7490,0,18360,7/8/2026,WHITE,0,0,F,INDEX,,F,T,0,0
7/8/2026,2:30:00 PM,SPXW,ML/,151,1.8954,,CALL,7490,0,28620,7/8/2026,WHITE,0,0,F,INDEX,,F,T,0,0
7/8/2026,2:30:05 PM,SPXW,ML/,57,1.8858,,CALL,7490,0,10749,7/8/2026,WHITE,0,0,F,INDEX,,F,T,0,0
7/8/2026,2:30:35 PM,SPXW,ML/,115,1.891,,CALL,7490,0,21747,7/8/2026,WHITE,0,0,F,INDEX,,F,T,0,0
7/8/2026,2:31:01 PM,SPXW,ML/,158,1.6315,,CALL,7490,0,25777,7/8/2026,WHITE,0,0,F,INDEX,,F,T,0,0
7/8/2026,2:37:43 PM,SPXW,ML/,91,2.9724,,CALL,7490,0,27049,7/8/2026,WHITE,0,0,F,INDEX,,F,T,0,0
7/8/2026,2:38:41 PM,SPXW,BLOCK,207,2.9995,,CALL,7490,0,62090,7/8/2026,WHITE,0,0,F,INDEX,,F,T,0,0
7/8/2026,2:40:04 PM,SPXW,ML/,125,3.1091,,CALL,7490,0,38864,7/8/2026,WHITE,0,0,F,INDEX,,F,T,0,0
7/8/2026,2:41:29 PM,SPXW,ML/,63,1.9722,,CALL,7490,0,12425,7/8/2026,WHITE,0,0,F,INDEX,,F,T,0,0
7/8/2026,2:44:11 PM,SPXW,ML/,107,2.3031,,CALL,7490,0,24642,7/8/2026,WHITE,0,0,F,INDEX,,F,T,0,0
7/8/2026,2:45:07 PM,SPXW,ML/,80,2.4,,CALL,7490,0,19200,7/8/2026,WHITE,0,0,F,INDEX,,F,T,0,0
7/8/2026,2:48:15 PM,SPXW,BLOCK,105,1.8,,CALL,7490,0,18900,7/8/2026,WHITE,0,0,F,INDEX,,F,T,0,0
7/8/2026,2:50:10 PM,SPXW,BLOCK,62,2.8242,,CALL,7490,0,17510,7/8/2026,WHITE,0,0,F,INDEX,,F,T,0,0
7/8/2026,2:50:34 PM,SPXW,ML/,77,2.6934,,CALL,7490,0,20739,7/8/2026,WHITE,0,0,F,INDEX,,F,T,0,0
7/8/2026,2:52:01 PM,SPXW,ML/,82,3.2578,,CALL,7490,0,26714,7/8/2026,WHITE,0,0,F,INDEX,,F,T,0,0
7/8/2026,2:52:15 PM,SPXW,BLOCK,64,3.3016,,CALL,7490,0,21130,7/8/2026,WHITE,0,0,F,INDEX,,F,T,0,0
7/8/2026,2:52:17 PM,SPXW,ML/,59,3.2597,,CALL,7490,0,19232,7/8/2026,WHITE,0,0,F,INDEX,,F,T,0,0
7/8/2026,2:52:21 PM,SPXW,ML/,61,3.0823,,CALL,7490,0,18802,7/8/2026,WHITE,0,0,F,INDEX,,F,T,0,0
7/8/2026,2:53:09 PM,SPXW,ML/,55,2.7911,,CALL,7490,0,15351,7/8/2026,WHITE,0,0,F,INDEX,,F,T,0,0
7/8/2026,2:53:22 PM,SPXW,BLOCK,62,2.8492,,CALL,7490,0,17665,7/8/2026,WHITE,0,0,F,INDEX,,F,T,0,0
7/8/2026,2:53:23 PM,SPXW,BLOCK,63,2.8087,,CALL,7490,0,17695,7/8/2026,WHITE,0,0,F,INDEX,,F,T,0,0
7/8/2026,2:53:45 PM,SPXW,ML/,91,2.5398,,CALL,7490,0,23112,7/8/2026,WHITE,0,0,F,INDEX,,F,T,0,0
7/8/2026,2:53:47 PM,SPXW,ML/,60,2.4408,,CALL,7490,0,14645,7/8/2026,WHITE,0,0,F,INDEX,,F,T,0,0
7/8/2026,2:53:51 PM,SPXW,BLOCK,51,2.349,,CALL,7490,0,11980,7/8/2026,WHITE,0,0,F,INDEX,,F,T,0,0
7/8/2026,2:54:30 PM,SPXW,ML/,87,2.4848,,CALL,7490,0,21618,7/8/2026,WHITE,0,0,F,INDEX,,F,T,0,0
7/8/2026,2:54:45 PM,SPXW,ML/,82,2.4396,,CALL,7490,0,20005,7/8/2026,WHITE,0,0,F,INDEX,,F,T,0,0
7/8/2026,2:55:07 PM,SPXW,ML/,97,2.3005,,CALL,7490,0,22315,7/8/2026,WHITE,0,0,F,INDEX,,F,T,0,0
7/8/2026,2:55:28 PM,SPXW,ML/,71,1.9749,,CALL,7490,0,14022,7/8/2026,WHITE,0,0,F,INDEX,,F,T,0,0
7/8/2026,2:56:36 PM,SPXW,ML/,81,1.6395,,CALL,7490,0,13280,7/8/2026,WHITE,0,0,F,INDEX,,F,T,0,0
7/8/2026,2:56:41 PM,SPXW,ML/,71,1.5472,,CALL,7490,0,10985,7/8/2026,WHITE,0,0,F,INDEX,,F,T,0,0
7/8/2026,2:56:54 PM,SPXW,BLOCK,79,1.7,,CALL,7490,0,13430,7/8/2026,WHITE,0,0,F,INDEX,,F,T,0,0
7/8/2026,2:59:14 PM,SPXW,ML/,81,2.0543,,CALL,7490,0,16640,7/8/2026,WHITE,0,0,F,INDEX,,F,T,0,0
7/8/2026,2:59:41 PM,SPXW,ML/,65,2.3069,,CALL,7490,0,14994,7/8/2026,WHITE,0,0,F,INDEX,,F,T,0,0
7/8/2026,3:00:00 PM,SPXW,ML/,57,2.4993,,CALL,7490,0,14246,7/8/2026,WHITE,0,0,F,INDEX,,F,T,0,0
7/8/2026,3:00:05 PM,SPXW,ML/,114,2.4511,,CALL,7490,0,27942,7/8/2026,WHITE,0,0,F,INDEX,,F,T,0,0
7/8/2026,3:00:15 PM,SPXW,BLOCK,61,2.8008,,CALL,7490,0,17085,7/8/2026,WHITE,0,0,F,INDEX,,F,T,0,0
7/8/2026,3:00:18 PM,SPXW,ML/,118,2.9657,,CALL,7490,0,34995,7/8/2026,WHITE,0,0,F,INDEX,,F,T,0,0
7/8/2026,3:00:22 PM,SPXW,ML/,275,3.265,,CALL,7490,0,89787,7/8/2026,WHITE,0,0,F,INDEX,,F,T,0,0
7/8/2026,3:00:28 PM,SPXW,ML/,82,3.4013,,CALL,7490,0,27890,7/8/2026,WHITE,0,0,F,INDEX,,F,T,0,0
7/8/2026,3:00:30 PM,SPXW,ML/,144,3.5482,,CALL,7490,0,51094,7/8/2026,WHITE,0,0,F,INDEX,,F,T,0,0
7/8/2026,3:00:34 PM,SPXW,ML/,81,3.604,,CALL,7490,0,29192,7/8/2026,WHITE,0,0,F,INDEX,,F,T,0,0
7/8/2026,3:00:38 PM,SPXW,ML/,337,3.6385,,CALL,7490,0,122616,7/8/2026,WHITE,0,0,F,INDEX,,F,T,0,0
7/8/2026,3:00:44 PM,SPXW,ML/,56,3.4539,,CALL,7490,0,19342,7/8/2026,WHITE,0,0,F,INDEX,,F,T,0,0
7/8/2026,3:00:50 PM,SPXW,ML/,71,3.4007,,CALL,7490,0,24145,7/8/2026,WHITE,0,0,F,INDEX,,F,T,0,0
7/8/2026,3:00:56 PM,SPXW,ML/,76,3.1774,,CALL,7490,0,24148,7/8/2026,WHITE,0,0,F,INDEX,,F,T,0,0
7/8/2026,3:01:07 PM,SPXW,ML/,54,3.0641,,CALL,7490,0,16546,7/8/2026,WHITE,0,0,F,INDEX,,F,T,0,0
7/8/2026,3:01:25 PM,SPXW,ML/,78,2.6246,,CALL,7490,0,20472,7/8/2026,WHITE,0,0,F,INDEX,,F,T,0,0
7/8/2026,3:01:35 PM,SPXW,BLOCK,71,2.8014,,CALL,7490,0,19889,7/8/2026,WHITE,0,0,F,INDEX,,F,T,0,0
7/8/2026,3:01:41 PM,SPXW,ML/,85,2.7327,,CALL,7490,0,23228,7/8/2026,WHITE,0,0,F,INDEX,,F,T,0,0
7/8/2026,3:01:55 PM,SPXW,ML/,87,2.4537,,CALL,7490,0,21347,7/8/2026,WHITE,0,0,F,INDEX,,F,T,0,0
7/8/2026,3:02:10 PM,SPXW,ML/,90,2.237,,CALL,7490,0,20133,7/8/2026,WHITE,0,0,F,INDEX,,F,T,0,0
7/8/2026,3:02:33 PM,SPXW,ML/,80,2.0404,,CALL,7490,0,16322,7/8/2026,WHITE,0,0,F,INDEX,,F,T,0,0
7/8/2026,3:02:43 PM,SPXW,BLOCK,91,1.9725,,CALL,7490,0,17950,7/8/2026,WHITE,0,0,F,INDEX,,F,T,0,0
7/8/2026,3:02:59 PM,SPXW,BLOCK,55,1.8527,,CALL,7490,0,10190,7/8/2026,WHITE,0,0,F,INDEX,,F,T,0,0
7/8/2026,3:03:01 PM,SPXW,ML/,113,1.7753,,CALL,7490,0,20061,7/8/2026,WHITE,0,0,F,INDEX,,F,T,0,0
7/8/2026,3:03:06 PM,SPXW,ML/,73,1.74,,CALL,7490,0,12702,7/8/2026,WHITE,0,0,F,INDEX,,F,T,0,0
7/8/2026,3:03:55 PM,SPXW,BLOCK,60,1.95,,CALL,7490,0,11700,7/8/2026,WHITE,0,0,F,INDEX,,F,T,0,0
7/8/2026,3:05:06 PM,SPXW,ML/,175,1.8125,,CALL,7490,0,31719,7/8/2026,WHITE,0,0,F,INDEX,,F,T,0,0
7/8/2026,3:05:30 PM,SPXW,ML/,95,1.7962,,CALL,7490,0,17064,7/8/2026,WHITE,0,0,F,INDEX,,F,T,0,0
7/8/2026,3:06:12 PM,SPXW,ML/,89,1.5134,,CALL,7490,0,13469,7/8/2026,WHITE,0,0,F,INDEX,,F,T,0,0
7/8/2026,3:07:00 PM,SPXW,ML/,53,1.9696,,CALL,7490,0,10439,7/8/2026,WHITE,0,0,F,INDEX,,F,T,0,0
7/8/2026,3:08:58 PM,SPXW,ML/,57,1.9998,,CALL,7490,0,11399,7/8/2026,WHITE,0,0,F,INDEX,,F,T,0,0
7/8/2026,3:10:17 PM,SPXW,ML/,118,1.5945,,CALL,7490,0,18815,7/8/2026,WHITE,0,0,F,INDEX,,F,T,0,0
7/8/2026,3:12:14 PM,SPXW,ML/,96,1.0557,,CALL,7490,0,10135,7/8/2026,WHITE,0,0,F,INDEX,,F,T,0,0
7/8/2026,3:12:21 PM,SPXW,ML/,136,0.9971,,CALL,7490,0,13560,7/8/2026,WHITE,0,0,F,INDEX,,F,T,0,0
7/8/2026,3:15:30 PM,SPXW,ML/,101,1.0115,,CALL,7490,0,10216,7/8/2026,WHITE,0,0,F,INDEX,,F,T,0,0
7/8/2026,3:20:09 PM,SPXW,ML/,201,0.85,,CALL,7490,0,17085,7/8/2026,WHITE,0,0,F,INDEX,,F,T,0,0
7/8/2026,3:21:28 PM,SPXW,ML/,191,1.0506,,CALL,7490,0,20067,7/8/2026,WHITE,0,0,F,INDEX,,F,T,0,0
7/8/2026,3:29:38 PM,SPXW,BLOCK,93,1.1247,,CALL,7490,0,10460,7/8/2026,WHITE,0,0,F,INDEX,,F,T,0,0
7/8/2026,3:38:08 PM,SPXW,BLOCK,114,1.0018,,CALL,7490,0,11420,7/8/2026,WHITE,0,0,F,INDEX,,F,T,0,0
7/8/2026,3:53:22 PM,SPXW,ML/,271,0.5398,,CALL,7490,0,14629,7/8/2026,WHITE,0,0,F,INDEX,,F,T,0,0
7/8/2026,3:53:59 PM,SPXW,ML/,246,0.4737,,CALL,7490,0,11654,7/8/2026,WHITE,0,0,F,INDEX,,F,T,0,0
7/8/2026,3:54:52 PM,SPXW,ML/,916,0.6143,,CALL,7490,0,56266,7/8/2026,WHITE,0,0,F,INDEX,,F,T,0,0
7/8/2026,3:55:14 PM,SPXW,ML/,356,0.4306,,CALL,7490,0,15331,7/8/2026,WHITE,0,0,F,INDEX,,F,T,0,0
7/8/2026,3:57:13 PM,SPXW,ML/,1889,0.6163,,CALL,7490,0,116426,7/8/2026,WHITE,0,0,F,INDEX,,F,T,0,0
7/8/2026,3:57:47 PM,SPXW,ML/,2036,0.6374,,CALL,7490,0,129780,7/8/2026,WHITE,0,0,F,INDEX,,F,T,0,0
7/8/2026,3:58:54 PM,SPXW,ML/,562,0.5118,,CALL,7490,0,28763,7/8/2026,WHITE,0,0,F,INDEX,,F,T,0,0
7/8/2026,3:59:19 PM,SPXW,ML/,1005,0.1852,,CALL,7490,0,18610,7/8/2026,WHITE,0,0,F,INDEX,,F,T,0,0
7/8/2026,1:02:20 PM,SPXW,ML/,50,23.97,,PUT,7490,0,119850,7/8/2026,WHITE,0,0,F,INDEX,,F,T,0,0
7/8/2026,1:07:46 PM,SPXW,ML/,71,21.0003,,PUT,7490,0,149102,7/8/2026,WHITE,0,0,F,INDEX,,F,T,0,0
7/8/2026,2:26:45 PM,SPXW,ML/,100,15.73,,PUT,7490,0,157300,7/8/2026,WHITE,0,0,F,INDEX,,F,T,0,0
7/8/2026,3:00:46 PM,SPXW,BLOCK,52,10.5769,,PUT,7490,0,55000,7/8/2026,WHITE,0,0,F,INDEX,,F,T,0,0
7/8/2026,3:09:10 PM,SPXW,BLOCK,50,12.282,,PUT,7490,0,61410,7/8/2026,WHITE,0,0,F,INDEX,,F,T,0,0
7/8/2026,3:09:49 PM,SPXW,ML/,100,12.1703,,PUT,7490,0,121703,7/8/2026,WHITE,0,0,F,INDEX,,F,T,0,0
7/8/2026,3:12:05 PM,SPXW,ML/,53,15.2513,,PUT,7490,0,80832,7/8/2026,WHITE,0,0,F,INDEX,,F,T,0,0
7/8/2026,3:39:29 PM,SPXW,ML/,101,11.4901,,PUT,7490,0,116050,7/8/2026,WHITE,0,0,F,INDEX,,F,T,0,0
7/8/2026,3:57:29 PM,SPXW,ML/,80,4.0322,,PUT,7490,0,32258,7/8/2026,WHITE,0,0,F,INDEX,,F,T,0,0
7/8/2026,3:57:58 PM,SPXW,ML/,131,3.698,,PUT,7490,0,48444,7/8/2026,WHITE,0,0,F,INDEX,,F,T,0,0
7/8/2026,3:58:59 PM,SPXW,ML/,52,3.4879,,PUT,7490,0,18137,7/8/2026,WHITE,0,0,F,INDEX,,F,T,0,0
7/8/2026,3:59:27 PM,SPXW,ML/,312,5.0663,,PUT,7490,0,158069,7/8/2026,WHITE,0,0,F,INDEX,,F,T,0,0
7/8/2026,3:59:34 PM,SPXW,ML/,64,5.9892,,PUT,7490,0,38331,7/8/2026,WHITE,0,0,F,INDEX,,F,T,0,0
7/8/2026,9:35:01 AM,SPXW,ML/,63,3.1613,,PUT,7390,0,19916,7/8/2026,WHITE,0,0,F,INDEX,,F,T,0,0
7/8/2026,9:39:27 AM,SPXW,BLOCK,53,2.6953,,PUT,7390,0,14285,7/8/2026,WHITE,0,0,F,INDEX,,F,T,0,0
7/8/2026,9:42:09 AM,SPXW,ML/,200,2.1,,PUT,7390,0,42000,7/8/2026,WHITE,0,0,F,INDEX,,F,T,0,0
7/8/2026,9:42:45 AM,SPXW,ML/,200,2.3,,PUT,7390,0,45999,7/8/2026,WHITE,0,0,F,INDEX,,F,T,0,0
7/8/2026,9:43:23 AM,SPXW,ML/,200,2.23,,PUT,7390,0,44600,7/8/2026,WHITE,0,0,F,INDEX,,F,T,0,0
7/8/2026,9:43:29 AM,SPXW,ML/,200,2.15,,PUT,7390,0,43000,7/8/2026,WHITE,0,0,F,INDEX,,F,T,0,0
7/8/2026,9:43:45 AM,SPXW,ML/,203,2.2202,,PUT,7390,0,45070,7/8/2026,WHITE,0,0,F,INDEX,,F,T,0,0
7/8/2026,9:44:11 AM,SPXW,ML/,202,2.1498,,PUT,7390,0,43426,7/8/2026,WHITE,0,0,F,INDEX,,F,T,0,0
7/8/2026,9:49:04 AM,SPXW,ML/,70,1.8597,,PUT,7390,0,13018,7/8/2026,WHITE,0,0,F,INDEX,,F,T,0,0
7/8/2026,9:49:34 AM,SPXW,ML/,142,2.22,,PUT,7390,0,31524,7/8/2026,WHITE,0,0,F,INDEX,,F,T,0,0
7/8/2026,9:49:35 AM,SPXW,ML/,257,2.2856,,PUT,7390,0,58739,7/8/2026,WHITE,0,0,F,INDEX,,F,T,0,0
7/8/2026,9:55:04 AM,SPXW,ML/,76,2.5911,,PUT,7390,0,19692,7/8/2026,WHITE,0,0,F,INDEX,,F,T,0,0
7/8/2026,9:55:41 AM,SPXW,ML/,60,2.37,,PUT,7390,0,14220,7/8/2026,WHITE,0,0,F,INDEX,,F,T,0,0
7/8/2026,9:58:31 AM,SPXW,ML/,60,1.8855,,PUT,7390,0,11313,7/8/2026,WHITE,0,0,F,INDEX,,F,T,0,0
7/8/2026,9:58:37 AM,SPXW,ML/,115,1.667,,PUT,7390,0,19170,7/8/2026,WHITE,0,0,F,INDEX,,F,T,0,0
7/8/2026,10:03:39 AM,SPXW,ML/,300,2.13,,PUT,7390,0,63900,7/8/2026,WHITE,0,0,F,INDEX,,F,T,0,0
7/8/2026,10:08:40 AM,SPXW,BLOCK,75,1.5,,PUT,7390,0,11250,7/8/2026,WHITE,0,0,F,INDEX,,F,T,0,0
7/8/2026,10:15:38 AM,SPXW,ML/,105,2.6388,,PUT,7390,0,27707,7/8/2026,WHITE,0,0,F,INDEX,,F,T,0,0
7/8/2026,10:18:38 AM,SPXW,BLOCK,53,2.5,,PUT,7390,0,13250,7/8/2026,WHITE,0,0,F,INDEX,,F,T,0,0
7/8/2026,10:20:32 AM,SPXW,ML/,51,2.3008,,PUT,7390,0,11733,7/8/2026,WHITE,0,0,F,INDEX,,F,T,0,0
7/8/2026,10:27:12 AM,SPXW,ML/,63,2.3698,,PUT,7390,0,14930,7/8/2026,WHITE,0,0,F,INDEX,,F,T,0,0
7/8/2026,10:29:48 AM,SPXW,ML/,200,1.8,,PUT,7390,0,36000,7/8/2026,WHITE,0,0,F,INDEX,,F,T,0,0
7/8/2026,10:35:57 AM,SPXW,BLOCK,63,2.3492,,PUT,7390,0,14800,7/8/2026,WHITE,0,0,F,INDEX,,F,T,0,0
7/8/2026,10:45:32 AM,SPXW,BLOCK,55,2.7,,PUT,7390,0,14850,7/8/2026,WHITE,0,0,F,INDEX,,F,T,0,0
7/8/2026,10:49:21 AM,SPXW,ML/,62,3.0703,,PUT,7390,0,19036,7/8/2026,WHITE,0,0,F,INDEX,,F,T,0,0
7/8/2026,10:49:58 AM,SPXW,ML/,51,3.082,,PUT,7390,0,15718,7/8/2026,WHITE,0,0,F,INDEX,,F,T,0,0
7/8/2026,10:50:40 AM,SPXW,ML/,56,3.7655,,PUT,7390,0,21087,7/8/2026,WHITE,0,0,F,INDEX,,F,T,0,0
7/8/2026,10:53:46 AM,SPXW,ML/,65,2.1442,,PUT,7390,0,13937,7/8/2026,WHITE,0,0,F,INDEX,,F,T,0,0
7/8/2026,10:58:48 AM,SPXW,ML/,50,2.5808,,PUT,7390,0,12904,7/8/2026,WHITE,0,0,F,INDEX,,F,T,0,0
7/8/2026,11:00:38 AM,SPXW,ML/,80,2.52,,PUT,7390,0,20160,7/8/2026,WHITE,0,0,F,INDEX,,F,T,0,0
7/8/2026,11:09:26 AM,SPXW,BLOCK,75,2.318,,PUT,7390,0,17385,7/8/2026,WHITE,0,0,F,INDEX,,F,T,0,0
7/8/2026,11:16:19 AM,SPXW,ML/,76,3.5879,,PUT,7390,0,27268,7/8/2026,WHITE,0,0,F,INDEX,,F,T,0,0
7/8/2026,11:16:24 AM,SPXW,ML/,60,3.6027,,PUT,7390,0,21616,7/8/2026,WHITE,0,0,F,INDEX,,F,T,0,0
7/8/2026,11:17:29 AM,SPXW,ML/,183,4.1698,,PUT,7390,0,76308,7/8/2026,WHITE,0,0,F,INDEX,,F,T,0,0
7/8/2026,11:17:41 AM,SPXW,ML/,55,3.85,,PUT,7390,0,21175,7/8/2026,WHITE,0,0,F,INDEX,,F,T,0,0
7/8/2026,11:24:26 AM,SPXW,ML/,51,4.5208,,PUT,7390,0,23056,7/8/2026,WHITE,0,0,F,INDEX,,F,T,0,0
7/8/2026,11:24:38 AM,SPXW,ML/,66,4.5515,,PUT,7390,0,30039,7/8/2026,WHITE,0,0,F,INDEX,,F,T,0,0
7/8/2026,11:25:29 AM,SPXW,ML/,193,4.7352,,PUT,7390,0,91390,7/8/2026,WHITE,0,0,F,INDEX,,F,T,0,0
7/8/2026,11:26:12 AM,SPXW,ML/,64,5.0656,,PUT,7390,0,32420,7/8/2026,WHITE,0,0,F,INDEX,,F,T,0,0
7/8/2026,11:26:23 AM,SPXW,ML/,61,5.3597,,PUT,7390,0,32694,7/8/2026,WHITE,0,0,F,INDEX,,F,T,0,0
7/8/2026,11:26:27 AM,SPXW,ML/,50,5.371,,PUT,7390,0,26855,7/8/2026,WHITE,0,0,F,INDEX,,F,T,0,0
7/8/2026,11:26:34 AM,SPXW,ML/,51,5.761,,PUT,7390,0,29381,7/8/2026,WHITE,0,0,F,INDEX,,F,T,0,0
7/8/2026,11:30:24 AM,SPXW,ML/,115,5.1496,,PUT,7390,0,59220,7/8/2026,WHITE,0,0,F,INDEX,,F,T,0,0
7/8/2026,11:34:01 AM,SPXW,ML/,54,3.7039,,PUT,7390,0,20001,7/8/2026,WHITE,0,0,F,INDEX,,F,T,0,0
7/8/2026,11:37:06 AM,SPXW,BLOCK,60,2.65,,PUT,7390,0,15900,7/8/2026,WHITE,0,0,F,INDEX,,F,T,0,0
7/8/2026,11:37:37 AM,SPXW,ML/,100,2.72,,PUT,7390,0,27200,7/8/2026,WHITE,0,0,F,INDEX,,F,T,0,0
7/8/2026,11:38:00 AM,SPXW,ML/,60,2.8862,,PUT,7390,0,17317,7/8/2026,WHITE,0,0,F,INDEX,,F,T,0,0
7/8/2026,11:40:54 AM,SPXW,BLOCK,53,2.8,,PUT,7390,0,14840,7/8/2026,WHITE,0,0,F,INDEX,,F,T,0,0
7/8/2026,11:42:49 AM,SPXW,BLOCK,102,3.3,,PUT,7390,0,33660,7/8/2026,WHITE,0,0,F,INDEX,,F,T,0,0
7/8/2026,11:46:36 AM,SPXW,ML/,501,3.3,,PUT,7390,0,165330,7/8/2026,WHITE,0,0,F,INDEX,,F,T,0,0
7/8/2026,11:49:35 AM,SPXW,ML/,500,3.47,,PUT,7390,0,173500,7/8/2026,WHITE,0,0,F,INDEX,,F,T,0,0
7/8/2026,11:55:22 AM,SPXW,ML/,110,2.85,,PUT,7390,0,31350,7/8/2026,WHITE,0,0,F,INDEX,,F,T,0,0
7/8/2026,12:00:20 PM,SPXW,ML/,78,2.5964,,PUT,7390,0,20252,7/8/2026,WHITE,0,0,F,INDEX,,F,T,0,0
7/8/2026,12:00:28 PM,SPXW,ML/,177,2.3373,,PUT,7390,0,41371,7/8/2026,WHITE,0,0,F,INDEX,,F,T,0,0
7/8/2026,12:03:35 PM,SPXW,BLOCK,50,2.55,,PUT,7390,0,12749,7/8/2026,WHITE,0,0,F,INDEX,,F,T,0,0
7/8/2026,12:04:17 PM,SPXW,ML/,501,2.4998,,PUT,7390,0,125240,7/8/2026,WHITE,0,0,F,INDEX,,F,T,0,0
7/8/2026,12:04:39 PM,SPXW,ML/,122,2.1672,,PUT,7390,0,26440,7/8/2026,WHITE,0,0,F,INDEX,,F,T,0,0
7/8/2026,12:06:31 PM,SPXW,ML/,75,1.93,,PUT,7390,0,14475,7/8/2026,WHITE,0,0,F,INDEX,,F,T,0,0
7/8/2026,12:17:14 PM,SPXW,ML/,107,1.1127,,PUT,7390,0,11906,7/8/2026,WHITE,0,0,F,INDEX,,F,T,0,0
7/8/2026,12:19:26 PM,SPXW,ML/,101,1.1302,,PUT,7390,0,11415,7/8/2026,WHITE,0,0,F,INDEX,,F,T,0,0
7/8/2026,9:30:42 AM,SPXW,ML/,95,2.2828,,PUT,7370,0,21687,7/8/2026,WHITE,0,0,F,INDEX,,F,T,0,0
7/8/2026,9:38:00 AM,SPXW,ML/,121,1.5021,,PUT,7370,0,18176,7/8/2026,WHITE,0,0,F,INDEX,,F,T,0,0
7/8/2026,9:42:07 AM,SPXW,ML/,201,1.1005,,PUT,7370,0,22120,7/8/2026,WHITE,0,0,F,INDEX,,F,T,0,0
7/8/2026,9:45:40 AM,SPXW,ML/,104,1.05,,PUT,7370,0,10920,7/8/2026,WHITE,0,0,F,INDEX,,F,T,0,0
7/8/2026,9:49:05 AM,SPXW,ML/,101,1.05,,PUT,7370,0,10605,7/8/2026,WHITE,0,0,F,INDEX,,F,T,0,0
7/8/2026,10:15:02 AM,SPXW,ML/,178,1.3299,,PUT,7370,0,23672,7/8/2026,WHITE,0,0,F,INDEX,,F,T,0,0
7/8/2026,10:29:48 AM,SPXW,ML/,200,0.99,,PUT,7370,0,19800,7/8/2026,WHITE,0,0,F,INDEX,,F,T,0,0
7/8/2026,10:45:53 AM,SPXW,ML/,200,1.2832,,PUT,7370,0,25664,7/8/2026,WHITE,0,0,F,INDEX,,F,T,0,0
7/8/2026,11:16:21 AM,SPXW,ML/,125,1.7606,,PUT,7370,0,22008,7/8/2026,WHITE,0,0,F,INDEX,,F,T,0,0
7/8/2026,11:17:29 AM,SPXW,ML/,57,1.9112,,PUT,7370,0,10894,7/8/2026,WHITE,0,0,F,INDEX,,F,T,0,0
7/8/2026,11:25:29 AM,SPXW,ML/,263,1.9853,,PUT,7370,0,52214,7/8/2026,WHITE,0,0,F,INDEX,,F,T,0,0
7/8/2026,11:26:03 AM,SPXW,ML/,51,2.1135,,PUT,7370,0,10779,7/8/2026,WHITE,0,0,F,INDEX,,F,T,0,0
7/8/2026,11:27:41 AM,SPXW,ML/,158,2.3191,,PUT,7370,0,36641,7/8/2026,WHITE,0,0,F,INDEX,,F,T,0,0
7/8/2026,11:32:27 AM,SPXW,ML/,201,1.7699,,PUT,7370,0,35575,7/8/2026,WHITE,0,0,F,INDEX,,F,T,0,0
7/8/2026,11:41:03 AM,SPXW,ML/,106,1.2693,,PUT,7370,0,13455,7/8/2026,WHITE,0,0,F,INDEX,,F,T,0,0
7/8/2026,11:46:56 AM,SPXW,ML/,100,1.5,,PUT,7370,0,15000,7/8/2026,WHITE,0,0,F,INDEX,,F,T,0,0
7/8/2026,11:58:38 AM,SPXW,ML/,80,1.42,,PUT,7370,0,11360,7/8/2026,WHITE,0,0,F,INDEX,,F,T,0,0
7/8/2026,10:16:25 AM,SPXW,ML/,100,59.25,,PUT,7500,0,592500,7/10/2026,WHITE,0,2,F,INDEX,,F,T,0,0
7/8/2026,10:38:07 AM,SPXW,ML/,150,61,,PUT,7500,0,915000,7/10/2026,WHITE,0,2,F,INDEX,,F,T,0,0
7/8/2026,3:55:00 PM,SPXW,ML/,60,36.47,,PUT,7500,0,218819,7/10/2026,WHITE,0,2,F,INDEX,,F,T,0,0
7/8/2026,3:58:41 PM,SPXW,ML/,200,34.3,,PUT,7500,0,685999,7/10/2026,WHITE,0,2,F,INDEX,,F,T,0,0
7/8/2026,9:47:11 AM,SPXW,ML/,60,18.9668,,PUT,7475,0,113801,7/8/2026,WHITE,0,0,F,INDEX,,F,T,0,0
7/8/2026,9:58:09 AM,SPXW,BLOCK,50,22.2,,PUT,7475,0,111000,7/8/2026,WHITE,0,0,F,INDEX,,F,T,0,0
7/8/2026,10:39:22 AM,SPXW,ML/,52,30.2365,,PUT,7475,0,157230,7/8/2026,WHITE,0,0,F,INDEX,,F,T,0,0
7/8/2026,12:31:02 PM,SPXW,BLOCK,50,20,,PUT,7475,0,100000,7/8/2026,WHITE,0,0,F,INDEX,,F,T,0,0
7/8/2026,12:41:49 PM,SPXW,ML/,50,19.7148,,PUT,7475,0,98574,7/8/2026,WHITE,0,0,F,INDEX,,F,T,0,0
7/8/2026,12:53:32 PM,SPXW,ML/,82,13.3488,,PUT,7475,0,109459,7/8/2026,WHITE,0,0,F,INDEX,,F,T,0,0
7/8/2026,1:02:06 PM,SPXW,ML/,51,13.4529,,PUT,7475,0,68610,7/8/2026,WHITE,0,0,F,INDEX,,F,T,0,0
7/8/2026,1:02:12 PM,SPXW,ML/,92,13.3514,,PUT,7475,0,122833,7/8/2026,WHITE,0,0,F,INDEX,,F,T,0,0
7/8/2026,1:03:07 PM,SPXW,BLOCK,100,14.552,,PUT,7475,0,145520,7/8/2026,WHITE,0,0,F,INDEX,,F,T,0,0
7/8/2026,1:22:38 PM,SPXW,ML/,77,8.4064,,PUT,7475,0,64729,7/8/2026,WHITE,0,0,F,INDEX,,F,T,0,0
7/8/2026,1:24:51 PM,SPXW,ML/,71,7.8085,,PUT,7475,0,55440,7/8/2026,WHITE,0,0,F,INDEX,,F,T,0,0
7/8/2026,1:25:21 PM,SPXW,ML/,57,6.9232,,PUT,7475,0,39462,7/8/2026,WHITE,0,0,F,INDEX,,F,T,0,0
7/8/2026,1:26:16 PM,SPXW,ML/,53,8.134,,PUT,7475,0,43110,7/8/2026,WHITE,0,0,F,INDEX,,F,T,0,0
7/8/2026,1:30:27 PM,SPXW,ML/,78,6.1465,,PUT,7475,0,47942,7/8/2026,WHITE,0,0,F,INDEX,,F,T,0,0
7/8/2026,1:31:09 PM,SPXW,BLOCK,53,5.5057,,PUT,7475,0,29180,7/8/2026,WHITE,0,0,F,INDEX,,F,T,0,0
7/8/2026,1:31:32 PM,SPXW,ML/,50,5.5936,,PUT,7475,0,27968,7/8/2026,WHITE,0,0,F,INDEX,,F,T,0,0
7/8/2026,1:33:02 PM,SPXW,ML/,51,6.1116,,PUT,7475,0,31169,7/8/2026,WHITE,0,0,F,INDEX,,F,T,0,0
7/8/2026,1:38:22 PM,SPXW,ML/,52,6.9698,,PUT,7475,0,36243,7/8/2026,WHITE,0,0,F,INDEX,,F,T,0,0
7/8/2026,1:40:03 PM,SPXW,ML/,197,8.0976,,PUT,7475,0,159523,7/8/2026,WHITE,0,0,F,INDEX,,F,T,0,0
7/8/2026,1:41:49 PM,SPXW,ML/,75,9.2391,,PUT,7475,0,69293,7/8/2026,WHITE,0,0,F,INDEX,,F,T,0,0
7/8/2026,1:42:00 PM,SPXW,ML/,59,9.5483,,PUT,7475,0,56335,7/8/2026,WHITE,0,0,F,INDEX,,F,T,0,0
7/8/2026,1:42:04 PM,SPXW,ML/,63,9.4435,,PUT,7475,0,59494,7/8/2026,WHITE,0,0,F,INDEX,,F,T,0,0
7/8/2026,1:42:35 PM,SPXW,ML/,66,9.6139,,PUT,7475,0,63452,7/8/2026,WHITE,0,0,F,INDEX,,F,T,0,0
7/8/2026,1:42:37 PM,SPXW,ML/,67,9.2918,,PUT,7475,0,62254,7/8/2026,WHITE,0,0,F,INDEX,,F,T,0,0
7/8/2026,1:43:55 PM,SPXW,ML/,70,9.9786,,PUT,7475,0,69850,7/8/2026,WHITE,0,0,F,INDEX,,F,T,0,0
7/8/2026,1:44:13 PM,SPXW,ML/,64,10.3109,,PUT,7475,0,65990,7/8/2026,WHITE,0,0,F,INDEX,,F,T,0,0
7/8/2026,1:44:32 PM,SPXW,BLOCK,50,9.806,,PUT,7475,0,49030,7/8/2026,WHITE,0,0,F,INDEX,,F,T,0,0
7/8/2026,1:45:29 PM,SPXW,ML/,57,10.6786,,PUT,7475,0,60867,7/8/2026,WHITE,0,0,F,INDEX,,F,T,0,0
7/8/2026,1:45:31 PM,SPXW,ML/,78,11.0658,,PUT,7475,0,86313,7/8/2026,WHITE,0,0,F,INDEX,,F,T,0,0
7/8/2026,1:46:18 PM,SPXW,ML/,56,12.4482,,PUT,7475,0,69710,7/8/2026,WHITE,0,0,F,INDEX,,F,T,0,0
7/8/2026,1:46:29 PM,SPXW,ML/,55,11.1476,,PUT,7475,0,61312,7/8/2026,WHITE,0,0,F,INDEX,,F,T,0,0
7/8/2026,1:50:10 PM,SPXW,ML/,112,12.5259,,PUT,7475,0,140290,7/8/2026,WHITE,0,0,F,INDEX,,F,T,0,0
7/8/2026,1:56:12 PM,SPXW,ML/,81,14.0815,,PUT,7475,0,114059,7/8/2026,WHITE,0,0,F,INDEX,,F,T,0,0
7/8/2026,2:04:15 PM,SPXW,ML/,62,7.0387,,PUT,7475,0,43640,7/8/2026,WHITE,0,0,F,INDEX,,F,T,0,0
7/8/2026,2:05:23 PM,SPXW,BLOCK,63,7.9952,,PUT,7475,0,50370,7/8/2026,WHITE,0,0,F,INDEX,,F,T,0,0
7/8/2026,2:09:02 PM,SPXW,BLOCK,83,7.2145,,PUT,7475,0,59880,7/8/2026,WHITE,0,0,F,INDEX,,F,T,0,0
7/8/2026,2:10:04 PM,SPXW,ML/,69,8.4826,,PUT,7475,0,58529,7/8/2026,WHITE,0,0,F,INDEX,,F,T,0,0
7/8/2026,2:11:21 PM,SPXW,ML/,69,7.0899,,PUT,7475,0,48920,7/8/2026,WHITE,0,0,F,INDEX,,F,T,0,0
7/8/2026,2:11:51 PM,SPXW,ML/,122,6.8344,,PUT,7475,0,83380,7/8/2026,WHITE,0,0,F,INDEX,,F,T,0,0
7/8/2026,2:12:02 PM,SPXW,ML/,54,6.3046,,PUT,7475,0,34045,7/8/2026,WHITE,0,0,F,INDEX,,F,T,0,0
7/8/2026,2:16:27 PM,SPXW,ML/,59,8.0992,,PUT,7475,0,47785,7/8/2026,WHITE,0,0,F,INDEX,,F,T,0,0
7/8/2026,2:17:13 PM,SPXW,BLOCK,72,8.7875,,PUT,7475,0,63270,7/8/2026,WHITE,0,0,F,INDEX,,F,T,0,0
7/8/2026,2:19:55 PM,SPXW,BLOCK,52,6.9,,PUT,7475,0,35880,7/8/2026,WHITE,0,0,F,INDEX,,F,T,0,0
7/8/2026,2:22:46 PM,SPXW,BLOCK,66,6.4712,,PUT,7475,0,42710,7/8/2026,WHITE,0,0,F,INDEX,,F,T,0,0
7/8/2026,2:23:47 PM,SPXW,ML/,76,6.5789,,PUT,7475,0,50000,7/8/2026,WHITE,0,0,F,INDEX,,F,T,0,0
7/8/2026,2:23:56 PM,SPXW,ML/,54,6.8296,,PUT,7475,0,36880,7/8/2026,WHITE,0,0,F,INDEX,,F,T,0,0
7/8/2026,2:25:24 PM,SPXW,BLOCK,100,8.1,,PUT,7475,0,81000,7/8/2026,WHITE,0,0,F,INDEX,,F,T,0,0
7/8/2026,2:25:36 PM,SPXW,ML/,134,7.3951,,PUT,7475,0,99094,7/8/2026,WHITE,0,0,F,INDEX,,F,T,0,0
7/8/2026,2:26:12 PM,SPXW,BLOCK,100,7.428,,PUT,7475,0,74280,7/8/2026,WHITE,0,0,F,INDEX,,F,T,0,0
7/8/2026,2:28:50 PM,SPXW,BLOCK,114,7.3904,,PUT,7475,0,84250,7/8/2026,WHITE,0,0,F,INDEX,,F,T,0,0
7/8/2026,2:29:07 PM,SPXW,BLOCK,134,7.6239,,PUT,7475,0,102159,7/8/2026,WHITE,0,0,F,INDEX,,F,T,0,0
7/8/2026,2:30:05 PM,SPXW,ML/,133,9.3002,,PUT,7475,0,123693,7/8/2026,WHITE,0,0,F,INDEX,,F,T,0,0
7/8/2026,2:30:13 PM,SPXW,ML/,59,9.1088,,PUT,7475,0,53741,7/8/2026,WHITE,0,0,F,INDEX,,F,T,0,0
7/8/2026,2:30:53 PM,SPXW,ML/,53,10.4019,,PUT,7475,0,55129,7/8/2026,WHITE,0,0,F,INDEX,,F,T,0,0
7/8/2026,2:31:35 PM,SPXW,ML/,108,9.7833,,PUT,7475,0,105660,7/8/2026,WHITE,0,0,F,INDEX,,F,T,0,0
7/8/2026,2:33:49 PM,SPXW,ML/,65,10.62,,PUT,7475,0,69030,7/8/2026,WHITE,0,0,F,INDEX,,F,T,0,0
7/8/2026,2:37:40 PM,SPXW,ML/,71,6.8338,,PUT,7475,0,48520,7/8/2026,WHITE,0,0,F,INDEX,,F,T,0,0
7/8/2026,2:38:06 PM,SPXW,BLOCK,58,6.8948,,PUT,7475,0,39990,7/8/2026,WHITE,0,0,F,INDEX,,F,T,0,0
7/8/2026,2:38:30 PM,SPXW,ML/,50,6.4608,,PUT,7475,0,32304,7/8/2026,WHITE,0,0,F,INDEX,,F,T,0,0
7/8/2026,2:40:04 PM,SPXW,ML/,127,6.0179,,PUT,7475,0,76427,7/8/2026,WHITE,0,0,F,INDEX,,F,T,0,0
7/8/2026,2:40:43 PM,SPXW,BLOCK,59,7.0085,,PUT,7475,0,41350,7/8/2026,WHITE,0,0,F,INDEX,,F,T,0,0
7/8/2026,2:41:17 PM,SPXW,BLOCK,78,7.4744,,PUT,7475,0,58300,7/8/2026,WHITE,0,0,F,INDEX,,F,T,0,0
7/8/2026,2:41:27 PM,SPXW,ML/,62,7.9644,,PUT,7475,0,49379,7/8/2026,WHITE,0,0,F,INDEX,,F,T,0,0
7/8/2026,2:41:35 PM,SPXW,BLOCK,126,8.4111,,PUT,7475,0,105980,7/8/2026,WHITE,0,0,F,INDEX,,F,T,0,0
7/8/2026,2:41:59 PM,SPXW,ML/,71,8.1894,,PUT,7475,0,58144,7/8/2026,WHITE,0,0,F,INDEX,,F,T,0,0
7/8/2026,2:42:06 PM,SPXW,ML/,56,7.5989,,PUT,7475,0,42554,7/8/2026,WHITE,0,0,F,INDEX,,F,T,0,0
7/8/2026,2:43:04 PM,SPXW,ML/,52,8.0096,,PUT,7475,0,41650,7/8/2026,WHITE,0,0,F,INDEX,,F,T,0,0
7/8/2026,2:44:05 PM,SPXW,SWEEP,125,6.7,A,PUT,7475,0,83750,7/8/2026,WHITE,0,0,F,INDEX,,F,T,0,0
7/8/2026,2:44:27 PM,SPXW,ML/,50,6.38,,PUT,7475,0,31900,7/8/2026,WHITE,0,0,F,INDEX,,F,T,0,0
7/8/2026,2:45:44 PM,SPXW,BLOCK,87,6.2966,,PUT,7475,0,54779,7/8/2026,WHITE,0,0,F,INDEX,,F,T,0,0
7/8/2026,2:49:25 PM,SPXW,ML/,52,5.5379,,PUT,7475,0,28797,7/8/2026,WHITE,0,0,F,INDEX,,F,T,0,0
7/8/2026,2:50:31 PM,SPXW,ML/,64,5.1973,,PUT,7475,0,33263,7/8/2026,WHITE,0,0,F,INDEX,,F,T,0,0
7/8/2026,2:52:21 PM,SPXW,ML/,83,4.4989,,PUT,7475,0,37341,7/8/2026,WHITE,0,0,F,INDEX,,F,T,0,0
7/8/2026,2:53:45 PM,SPXW,ML/,62,5.4121,,PUT,7475,0,33555,7/8/2026,WHITE,0,0,F,INDEX,,F,T,0,0
7/8/2026,2:53:47 PM,SPXW,BLOCK,59,5.6441,,PUT,7475,0,33300,7/8/2026,WHITE,0,0,F,INDEX,,F,T,0,0
7/8/2026,2:56:07 PM,SPXW,ML/,84,5.9,,PUT,7475,0,49560,7/8/2026,WHITE,0,0,F,INDEX,,F,T,0,0
7/8/2026,2:56:36 PM,SPXW,ML/,61,6.3193,,PUT,7475,0,38548,7/8/2026,WHITE,0,0,F,INDEX,,F,T,0,0
7/8/2026,2:59:14 PM,SPXW,ML/,60,5.0947,,PUT,7475,0,30568,7/8/2026,WHITE,0,0,F,INDEX,,F,T,0,0
7/8/2026,2:59:46 PM,SPXW,ML/,97,4.5216,,PUT,7475,0,43860,7/8/2026,WHITE,0,0,F,INDEX,,F,T,0,0
7/8/2026,3:00:03 PM,SPXW,ML/,77,4.5514,,PUT,7475,0,35046,7/8/2026,WHITE,0,0,F,INDEX,,F,T,0,0
7/8/2026,3:00:07 PM,SPXW,ML/,111,4.3667,,PUT,7475,0,48470,7/8/2026,WHITE,0,0,F,INDEX,,F,T,0,0
7/8/2026,3:00:22 PM,SPXW,ML/,123,3.6169,,PUT,7475,0,44488,7/8/2026,WHITE,0,0,F,INDEX,,F,T,0,0
7/8/2026,3:02:35 PM,SPXW,BLOCK,115,4.6043,,PUT,7475,0,52950,7/8/2026,WHITE,0,0,F,INDEX,,F,T,0,0
7/8/2026,3:02:44 PM,SPXW,ML/,84,4.6981,,PUT,7475,0,39464,7/8/2026,WHITE,0,0,F,INDEX,,F,T,0,0
7/8/2026,3:02:53 PM,SPXW,ML/,106,4.7985,,PUT,7475,0,50864,7/8/2026,WHITE,0,0,F,INDEX,,F,T,0,0
7/8/2026,3:06:04 PM,SPXW,ML/,63,4.9149,,PUT,7475,0,30964,7/8/2026,WHITE,0,0,F,INDEX,,F,T,0,0
7/8/2026,3:06:31 PM,SPXW,BLOCK,71,5.1,,PUT,7475,0,36210,7/8/2026,WHITE,0,0,F,INDEX,,F,T,0,0
7/8/2026,3:06:36 PM,SPXW,BLOCK,52,5.3,,PUT,7475,0,27560,7/8/2026,WHITE,0,0,F,INDEX,,F,T,0,0
7/8/2026,3:11:43 PM,SPXW,ML/,68,5.015,,PUT,7475,0,34102,7/8/2026,WHITE,0,0,F,INDEX,,F,T,0,0
7/8/2026,3:11:49 PM,SPXW,ML/,62,5.125,,PUT,7475,0,31775,7/8/2026,WHITE,0,0,F,INDEX,,F,T,0,0
7/8/2026,3:12:05 PM,SPXW,ML/,56,5.2637,,PUT,7475,0,29477,7/8/2026,WHITE,0,0,F,INDEX,,F,T,0,0
7/8/2026,3:12:14 PM,SPXW,ML/,80,5.555,,PUT,7475,0,44440,7/8/2026,WHITE,0,0,F,INDEX,,F,T,0,0
7/8/2026,3:12:23 PM,SPXW,ML/,55,5.7311,,PUT,7475,0,31520,7/8/2026,WHITE,0,0,F,INDEX,,F,T,0,0
7/8/2026,3:12:32 PM,SPXW,ML/,81,5.4735,,PUT,7475,0,44335,7/8/2026,WHITE,0,0,F,INDEX,,F,T,0,0
7/8/2026,3:12:43 PM,SPXW,ML/,68,4.9434,,PUT,7475,0,33615,7/8/2026,WHITE,0,0,F,INDEX,,F,T,0,0
7/8/2026,3:13:05 PM,SPXW,BLOCK,88,5.042,,PUT,7475,0,44370,7/8/2026,WHITE,0,0,F,INDEX,,F,T,0,0
7/8/2026,3:14:03 PM,SPXW,ML/,78,5.7532,,PUT,7475,0,44875,7/8/2026,WHITE,0,0,F,INDEX,,F,T,0,0
7/8/2026,3:14:07 PM,SPXW,BLOCK,52,5.6058,,PUT,7475,0,29150,7/8/2026,WHITE,0,0,F,INDEX,,F,T,0,0
7/8/2026,3:14:41 PM,SPXW,ML/,90,5.25,,PUT,7475,0,47250,7/8/2026,WHITE,0,0,F,INDEX,,F,T,0,0
7/8/2026,3:15:52 PM,SPXW,ML/,110,5.6934,,PUT,7475,0,62627,7/8/2026,WHITE,0,0,F,INDEX,,F,T,0,0
7/8/2026,3:16:14 PM,SPXW,ML/,118,5.539,,PUT,7475,0,65360,7/8/2026,WHITE,0,0,F,INDEX,,F,T,0,0
7/8/2026,3:16:19 PM,SPXW,BLOCK,50,5.508,,PUT,7475,0,27539,7/8/2026,WHITE,0,0,F,INDEX,,F,T,0,0
7/8/2026,3:16:47 PM,SPXW,ML/,77,5.9221,,PUT,7475,0,45600,7/8/2026,WHITE,0,0,F,INDEX,,F,T,0,0
7/8/2026,3:16:52 PM,SPXW,ML/,68,5.9451,,PUT,7475,0,40427,7/8/2026,WHITE,0,0,F,INDEX,,F,T,0,0
7/8/2026,3:19:42 PM,SPXW,BLOCK,98,5.1969,,PUT,7475,0,50930,7/8/2026,WHITE,0,0,F,INDEX,,F,T,0,0
7/8/2026,3:20:18 PM,SPXW,BLOCK,104,4.4827,,PUT,7475,0,46620,7/8/2026,WHITE,0,0,F,INDEX,,F,T,0,0
7/8/2026,3:21:33 PM,SPXW,BLOCK,63,3.627,,PUT,7475,0,22850,7/8/2026,WHITE,0,0,F,INDEX,,F,T,0,0
7/8/2026,3:21:57 PM,SPXW,BLOCK,102,3.8333,,PUT,7475,0,39100,7/8/2026,WHITE,0,0,F,INDEX,,F,T,0,0
7/8/2026,3:22:10 PM,SPXW,BLOCK,106,3.8557,,PUT,7475,0,40870,7/8/2026,WHITE,0,0,F,INDEX,,F,T,0,0
7/8/2026,3:27:37 PM,SPXW,BLOCK,54,3.4611,,PUT,7475,0,18690,7/8/2026,WHITE,0,0,F,INDEX,,F,T,0,0
7/8/2026,3:27:53 PM,SPXW,BLOCK,50,3.324,,PUT,7475,0,16620,7/8/2026,WHITE,0,0,F,INDEX,,F,T,0,0
7/8/2026,3:29:09 PM,SPXW,ML/,168,3.2582,,PUT,7475,0,54738,7/8/2026,WHITE,0,0,F,INDEX,,F,T,0,0
7/8/2026,3:29:21 PM,SPXW,ML/,58,2.9853,,PUT,7475,0,17315,7/8/2026,WHITE,0,0,F,INDEX,,F,T,0,0
7/8/2026,3:29:31 PM,SPXW,ML/,86,2.6108,,PUT,7475,0,22453,7/8/2026,WHITE,0,0,F,INDEX,,F,T,0,0
7/8/2026,3:29:34 PM,SPXW,ML/,133,2.5343,,PUT,7475,0,33706,7/8/2026,WHITE,0,0,F,INDEX,,F,T,0,0
7/8/2026,3:29:44 PM,SPXW,ML/,89,2.7393,,PUT,7475,0,24380,7/8/2026,WHITE,0,0,F,INDEX,,F,T,0,0
7/8/2026,3:29:59 PM,SPXW,ML/,124,2.8143,,PUT,7475,0,34897,7/8/2026,WHITE,0,0,F,INDEX,,F,T,0,0
7/8/2026,3:30:07 PM,SPXW,ML/,58,2.699,,PUT,7475,0,15654,7/8/2026,WHITE,0,0,F,INDEX,,F,T,0,0
7/8/2026,3:30:11 PM,SPXW,ML/,72,2.9378,,PUT,7475,0,21152,7/8/2026,WHITE,0,0,F,INDEX,,F,T,0,0
7/8/2026,3:30:35 PM,SPXW,BLOCK,68,3.4294,,PUT,7475,0,23320,7/8/2026,WHITE,0,0,F,INDEX,,F,T,0,0
7/8/2026,3:30:43 PM,SPXW,ML/,66,3.4918,,PUT,7475,0,23046,7/8/2026,WHITE,0,0,F,INDEX,,F,T,0,0
7/8/2026,3:31:05 PM,SPXW,ML/,139,4.0062,,PUT,7475,0,55686,7/8/2026,WHITE,0,0,F,INDEX,,F,T,0,0
7/8/2026,3:31:19 PM,SPXW,ML/,80,4.069,,PUT,7475,0,32552,7/8/2026,WHITE,0,0,F,INDEX,,F,T,0,0
7/8/2026,3:31:51 PM,SPXW,ML/,55,3.3089,,PUT,7475,0,18199,7/8/2026,WHITE,0,0,F,INDEX,,F,T,0,0
7/8/2026,3:33:17 PM,SPXW,ML/,75,4.326,,PUT,7475,0,32445,7/8/2026,WHITE,0,0,F,INDEX,,F,T,0,0
7/8/2026,3:34:09 PM,SPXW,ML/,50,3.7824,,PUT,7475,0,18912,7/8/2026,WHITE,0,0,F,INDEX,,F,T,0,0
7/8/2026,3:34:39 PM,SPXW,BLOCK,59,4.1017,,PUT,7475,0,24200,7/8/2026,WHITE,0,0,F,INDEX,,F,T,0,0
7/8/2026,3:35:36 PM,SPXW,ML/,135,3.8012,,PUT,7475,0,51316,7/8/2026,WHITE,0,0,F,INDEX,,F,T,0,0
7/8/2026,3:36:18 PM,SPXW,ML/,71,2.9596,,PUT,7475,0,21013,7/8/2026,WHITE,0,0,F,INDEX,,F,T,0,0
7/8/2026,3:36:39 PM,SPXW,BLOCK,78,2.8647,,PUT,7475,0,22345,7/8/2026,WHITE,0,0,F,INDEX,,F,T,0,0
7/8/2026,3:36:46 PM,SPXW,ML/,233,2.4624,,PUT,7475,0,57375,7/8/2026,WHITE,0,0,F,INDEX,,F,T,0,0
7/8/2026,3:36:57 PM,SPXW,ML/,64,2.3294,,PUT,7475,0,14907,7/8/2026,WHITE,0,0,F,INDEX,,F,T,0,0
7/8/2026,3:36:59 PM,SPXW,ML/,106,2.4155,,PUT,7475,0,25604,7/8/2026,WHITE,0,0,F,INDEX,,F,T,0,0
7/8/2026,3:37:04 PM,SPXW,ML/,244,2.4617,,PUT,7475,0,60065,7/8/2026,WHITE,0,0,F,INDEX,,F,T,0,0
7/8/2026,3:37:46 PM,SPXW,ML/,58,2.5812,,PUT,7475,0,14971,7/8/2026,WHITE,0,0,F,INDEX,,F,T,0,0
7/8/2026,3:37:53 PM,SPXW,ML/,154,2.4123,,PUT,7475,0,37149,7/8/2026,WHITE,0,0,F,INDEX,,F,T,0,0
7/8/2026,3:38:22 PM,SPXW,ML/,183,2.5578,,PUT,7475,0,46808,7/8/2026,WHITE,0,0,F,INDEX,,F,T,0,0
7/8/2026,3:38:48 PM,SPXW,ML/,61,2.6426,,PUT,7475,0,16119,7/8/2026,WHITE,0,0,F,INDEX,,F,T,0,0
7/8/2026,3:38:57 PM,SPXW,ML/,72,2.91,,PUT,7475,0,20952,7/8/2026,WHITE,0,0,F,INDEX,,F,T,0,0
7/8/2026,3:39:26 PM,SPXW,ML/,122,2.4513,,PUT,7475,0,29906,7/8/2026,WHITE,0,0,F,INDEX,,F,T,0,0
7/8/2026,3:40:43 PM,SPXW,ML/,195,2.7576,,PUT,7475,0,53773,7/8/2026,WHITE,0,0,F,INDEX,,F,T,0,0
7/8/2026,3:40:47 PM,SPXW,ML/,185,2.9411,,PUT,7475,0,54410,7/8/2026,WHITE,0,0,F,INDEX,,F,T,0,0
7/8/2026,3:41:02 PM,SPXW,ML/,66,3.2608,,PUT,7475,0,21521,7/8/2026,WHITE,0,0,F,INDEX,,F,T,0,0
7/8/2026,3:41:08 PM,SPXW,ML/,76,3.4028,,PUT,7475,0,25861,7/8/2026,WHITE,0,0,F,INDEX,,F,T,0,0
7/8/2026,3:41:14 PM,SPXW,ML/,87,3.6203,,PUT,7475,0,31497,7/8/2026,WHITE,0,0,F,INDEX,,F,T,0,0
7/8/2026,3:41:21 PM,SPXW,ML/,97,3.2621,,PUT,7475,0,31642,7/8/2026,WHITE,0,0,F,INDEX,,F,T,0,0
7/8/2026,3:41:51 PM,SPXW,BLOCK,69,2.821,,PUT,7475,0,19465,7/8/2026,WHITE,0,0,F,INDEX,,F,T,0,0
7/8/2026,3:42:06 PM,SPXW,ML/,74,3.0432,,PUT,7475,0,22520,7/8/2026,WHITE,0,0,F,INDEX,,F,T,0,0
7/8/2026,3:42:44 PM,SPXW,BLOCK,50,2.808,,PUT,7475,0,14040,7/8/2026,WHITE,0,0,F,INDEX,,F,T,0,0
7/8/2026,3:42:57 PM,SPXW,ML/,113,2.828,,PUT,7475,0,31956,7/8/2026,WHITE,0,0,F,INDEX,,F,T,0,0
7/8/2026,3:43:29 PM,SPXW,ML/,61,2.6197,,PUT,7475,0,15980,7/8/2026,WHITE,0,0,F,INDEX,,F,T,0,0
7/8/2026,3:43:34 PM,SPXW,ML/,52,2.2042,,PUT,7475,0,11462,7/8/2026,WHITE,0,0,F,INDEX,,F,T,0,0
7/8/2026,3:43:36 PM,SPXW,ML/,95,2.3308,,PUT,7475,0,22143,7/8/2026,WHITE,0,0,F,INDEX,,F,T,0,0
7/8/2026,3:43:39 PM,SPXW,BLOCK,55,2.3409,,PUT,7475,0,12875,7/8/2026,WHITE,0,0,F,INDEX,,F,T,0,0
7/8/2026,3:44:00 PM,SPXW,ML/,84,2.0289,,PUT,7475,0,17043,7/8/2026,WHITE,0,0,F,INDEX,,F,T,0,0
7/8/2026,3:44:25 PM,SPXW,ML/,54,2.0741,,PUT,7475,0,11200,7/8/2026,WHITE,0,0,F,INDEX,,F,T,0,0
7/8/2026,3:44:40 PM,SPXW,ML/,107,1.9497,,PUT,7475,0,20862,7/8/2026,WHITE,0,0,F,INDEX,,F,T,0,0
7/8/2026,3:45:01 PM,SPXW,ML/,71,1.8355,,PUT,7475,0,13032,7/8/2026,WHITE,0,0,F,INDEX,,F,T,0,0
7/8/2026,3:45:09 PM,SPXW,ML/,126,1.8729,,PUT,7475,0,23599,7/8/2026,WHITE,0,0,F,INDEX,,F,T,0,0
7/8/2026,3:45:14 PM,SPXW,ML/,124,2.0351,,PUT,7475,0,25235,7/8/2026,WHITE,0,0,F,INDEX,,F,T,0,0
7/8/2026,3:45:21 PM,SPXW,ML/,63,2.2257,,PUT,7475,0,14022,7/8/2026,WHITE,0,0,F,INDEX,,F,T,0,0
7/8/2026,3:45:22 PM,SPXW,ML/,151,2.377,,PUT,7475,0,35892,7/8/2026,WHITE,0,0,F,INDEX,,F,T,0,0
7/8/2026,3:45:28 PM,SPXW,ML/,762,3.15,,PUT,7475,0,240027,7/8/2026,WHITE,0,0,F,INDEX,,F,T,0,0
7/8/2026,3:45:54 PM,SPXW,ML/,79,2.802,,PUT,7475,0,22136,7/8/2026,WHITE,0,0,F,INDEX,,F,T,0,0
7/8/2026,3:45:59 PM,SPXW,BLOCK,69,2.9572,,PUT,7475,0,20405,7/8/2026,WHITE,0,0,F,INDEX,,F,T,0,0
7/8/2026,3:46:28 PM,SPXW,ML/,140,2.8091,,PUT,7475,0,39327,7/8/2026,WHITE,0,0,F,INDEX,,F,T,0,0
7/8/2026,3:46:33 PM,SPXW,ML/,249,3.2515,,PUT,7475,0,80962,7/8/2026,WHITE,0,0,F,INDEX,,F,T,0,0
7/8/2026,3:46:39 PM,SPXW,ML/,171,3.5417,,PUT,7475,0,60563,7/8/2026,WHITE,0,0,F,INDEX,,F,T,0,0
7/8/2026,3:46:49 PM,SPXW,ML/,275,3.5336,,PUT,7475,0,97174,7/8/2026,WHITE,0,0,F,INDEX,,F,T,0,0
7/8/2026,3:47:01 PM,SPXW,ML/,633,4.002,,PUT,7475,0,253327,7/8/2026,WHITE,0,0,F,INDEX,,F,T,0,0
7/8/2026,3:47:12 PM,SPXW,ML/,59,4.2808,,PUT,7475,0,25257,7/8/2026,WHITE,0,0,F,INDEX,,F,T,0,0
7/8/2026,3:47:15 PM,SPXW,ML/,173,4.2231,,PUT,7475,0,73060,7/8/2026,WHITE,0,0,F,INDEX,,F,T,0,0
7/8/2026,3:47:19 PM,SPXW,ML/,465,4.8022,,PUT,7475,0,223302,7/8/2026,WHITE,0,0,F,INDEX,,F,T,0,0
7/8/2026,3:47:35 PM,SPXW,ML/,52,4.5025,,PUT,7475,0,23413,7/8/2026,WHITE,0,0,F,INDEX,,F,T,0,0
7/8/2026,3:47:42 PM,SPXW,ML/,236,4.8878,,PUT,7475,0,115353,7/8/2026,WHITE,0,0,F,INDEX,,F,T,0,0
7/8/2026,3:47:50 PM,SPXW,ML/,425,5.5897,,PUT,7475,0,237561,7/8/2026,WHITE,0,0,F,INDEX,,F,T,0,0
7/8/2026,3:48:04 PM,SPXW,ML/,126,5.0447,,PUT,7475,0,63563,7/8/2026,WHITE,0,0,F,INDEX,,F,T,0,0
7/8/2026,3:48:24 PM,SPXW,ML/,82,4.3702,,PUT,7475,0,35836,7/8/2026,WHITE,0,0,F,INDEX,,F,T,0,0
7/8/2026,3:48:29 PM,SPXW,ML/,70,4.4091,,PUT,7475,0,30864,7/8/2026,WHITE,0,0,F,INDEX,,F,T,0,0
7/8/2026,3:48:39 PM,SPXW,ML/,93,3.916,,PUT,7475,0,36419,7/8/2026,WHITE,0,0,F,INDEX,,F,T,0,0
7/8/2026,3:48:55 PM,SPXW,ML/,70,3.9843,,PUT,7475,0,27889,7/8/2026,WHITE,0,0,F,INDEX,,F,T,0,0
7/8/2026,3:49:15 PM,SPXW,ML/,54,3.9587,,PUT,7475,0,21377,7/8/2026,WHITE,0,0,F,INDEX,,F,T,0,0
7/8/2026,3:49:19 PM,SPXW,ML/,57,3.9249,,PUT,7475,0,22372,7/8/2026,WHITE,0,0,F,INDEX,,F,T,0,0
7/8/2026,3:49:51 PM,SPXW,ML/,68,3.8969,,PUT,7475,0,26499,7/8/2026,WHITE,0,0,F,INDEX,,F,T,0,0
7/8/2026,3:49:59 PM,SPXW,ML/,186,4.1777,,PUT,7475,0,77706,7/8/2026,WHITE,0,0,F,INDEX,,F,T,0,0
7/8/2026,3:50:07 PM,SPXW,ML/,317,2.865,,PUT,7475,0,90822,7/8/2026,WHITE,0,0,F,INDEX,,F,T,0,0
7/8/2026,3:50:18 PM,SPXW,ML/,205,2.1249,,PUT,7475,0,43561,7/8/2026,WHITE,0,0,F,INDEX,,F,T,0,0
7/8/2026,3:50:29 PM,SPXW,ML/,279,2.0299,,PUT,7475,0,56634,7/8/2026,WHITE,0,0,F,INDEX,,F,T,0,0
7/8/2026,3:50:36 PM,SPXW,ML/,242,1.9758,,PUT,7475,0,47814,7/8/2026,WHITE,0,0,F,INDEX,,F,T,0,0
7/8/2026,3:50:54 PM,SPXW,ML/,502,1.8753,,PUT,7475,0,94138,7/8/2026,WHITE,0,0,F,INDEX,,F,T,0,0
7/8/2026,3:51:07 PM,SPXW,ML/,269,1.9235,,PUT,7475,0,51741,7/8/2026,WHITE,0,0,F,INDEX,,F,T,0,0
7/8/2026,3:51:13 PM,SPXW,ML/,825,1.5171,,PUT,7475,0,125159,7/8/2026,WHITE,0,0,F,INDEX,,F,T,0,0
7/8/2026,3:51:37 PM,SPXW,ML/,253,1.2883,,PUT,7475,0,32595,7/8/2026,WHITE,0,0,F,INDEX,,F,T,0,0
7/8/2026,3:51:50 PM,SPXW,ML/,155,1.3625,,PUT,7475,0,21118,7/8/2026,WHITE,0,0,F,INDEX,,F,T,0,0
7/8/2026,3:52:02 PM,SPXW,ML/,280,1.5124,,PUT,7475,0,42347,7/8/2026,WHITE,0,0,F,INDEX,,F,T,0,0
7/8/2026,3:52:11 PM,SPXW,ML/,80,1.606,,PUT,7475,0,12847,7/8/2026,WHITE,0,0,F,INDEX,,F,T,0,0
7/8/2026,3:52:18 PM,SPXW,ML/,223,1.3323,,PUT,7475,0,29710,7/8/2026,WHITE,0,0,F,INDEX,,F,T,0,0
7/8/2026,3:52:34 PM,SPXW,ML/,365,1.0588,,PUT,7475,0,38646,7/8/2026,WHITE,0,0,F,INDEX,,F,T,0,0
7/8/2026,3:52:47 PM,SPXW,ML/,115,0.9818,,PUT,7475,0,11291,7/8/2026,WHITE,0,0,F,INDEX,,F,T,0,0
7/8/2026,3:52:59 PM,SPXW,ML/,130,1.0069,,PUT,7475,0,13090,7/8/2026,WHITE,0,0,F,INDEX,,F,T,0,0
7/8/2026,3:53:04 PM,SPXW,ML/,221,0.8838,,PUT,7475,0,19533,7/8/2026,WHITE,0,0,F,INDEX,,F,T,0,0
7/8/2026,3:53:19 PM,SPXW,ML/,395,0.7152,,PUT,7475,0,28249,7/8/2026,WHITE,0,0,F,INDEX,,F,T,0,0
7/8/2026,3:54:00 PM,SPXW,ML/,265,0.671,,PUT,7475,0,17782,7/8/2026,WHITE,0,0,F,INDEX,,F,T,0,0
7/8/2026,3:54:37 PM,SPXW,ML/,175,0.6681,,PUT,7475,0,11691,7/8/2026,WHITE,0,0,F,INDEX,,F,T,0,0
7/8/2026,3:54:49 PM,SPXW,ML/,331,0.5372,,PUT,7475,0,17782,7/8/2026,WHITE,0,0,F,INDEX,,F,T,0,0
7/8/2026,3:55:00 PM,SPXW,ML/,283,0.4888,,PUT,7475,0,13832,7/8/2026,WHITE,0,0,F,INDEX,,F,T,0,0
7/8/2026,3:55:10 PM,SPXW,ML/,311,0.3384,,PUT,7475,0,10523,7/8/2026,WHITE,0,0,F,INDEX,,F,T,0,0
7/8/2026,3:55:25 PM,SPXW,ML/,421,0.3387,,PUT,7475,0,14258,7/8/2026,WHITE,0,0,F,INDEX,,F,T,0,0
7/8/2026,2:48:17 PM,SPXW,ML/,200,3.4,,PUT,7325,0,68000,7/10/2026,WHITE,0,2,F,INDEX,,F,T,0,0
7/8/2026,9:39:52 AM,SPXW,ML/,50,14.7312,,PUT,7425,0,73656,7/9/2026,WHITE,0,1,F,INDEX,,F,T,0,0
7/8/2026,10:51:01 AM,SPXW,ML/,63,23.77,,PUT,7425,0,149751,7/9/2026,WHITE,0,1,F,INDEX,,F,T,0,0
7/8/2026,11:20:24 AM,SPXW,ML/,513,23.4205,,PUT,7425,0,1201471,7/9/2026,WHITE,0,1,F,INDEX,,F,T,0,0
7/8/2026,11:26:05 AM,SPXW,BLOCK,100,29,,PUT,7425,0,290000,7/9/2026,WHITE,0,1,F,INDEX,,F,T,0,0
7/8/2026,11:33:14 AM,SPXW,ML/,101,25.9981,,PUT,7425,0,262581,7/9/2026,WHITE,0,1,F,INDEX,,F,T,0,0
7/8/2026,11:53:01 AM,SPXW,BLOCK,153,27.7,,PUT,7425,0,423810,7/9/2026,WHITE,0,1,F,INDEX,,F,T,0,0
7/8/2026,12:07:33 PM,SPXW,ML/,141,20.769,,PUT,7425,0,292843,7/9/2026,WHITE,0,1,F,INDEX,,F,T,0,0
7/8/2026,1:28:02 PM,SPXW,ML/,50,8.33,,PUT,7425,0,41650,7/9/2026,WHITE,0,1,F,INDEX,,F,T,0,0
7/8/2026,1:29:12 PM,SPXW,ML/,100,7.83,,PUT,7425,0,78300,7/9/2026,WHITE,0,1,F,INDEX,,F,T,0,0
7/8/2026,2:40:26 PM,SPXW,ML/,50,8.56,,PUT,7425,0,42800,7/9/2026,WHITE,0,1,F,INDEX,,F,T,0,0
7/8/2026,3:07:18 PM,SPXW,ML/,65,7.4654,,PUT,7425,0,48525,7/9/2026,WHITE,0,1,F,INDEX,,F,T,0,0
7/8/2026,3:26:58 PM,SPXW,BLOCK,75,7.7,,PUT,7425,0,57750,7/9/2026,WHITE,0,1,F,INDEX,,F,T,0,0
7/8/2026,3:44:15 PM,SPXW,ML/,106,6.8956,,PUT,7425,0,73093,7/9/2026,WHITE,0,1,F,INDEX,,F,T,0,0
7/8/2026,3:44:59 PM,SPXW,ML/,99,6.5579,,PUT,7425,0,64922,7/9/2026,WHITE,0,1,F,INDEX,,F,T,0,0
7/8/2026,3:45:02 PM,SPXW,ML/,80,6.64,,PUT,7425,0,53120,7/9/2026,WHITE,0,1,F,INDEX,,F,T,0,0
7/8/2026,3:45:29 PM,SPXW,ML/,101,6.45,,PUT,7425,0,65145,7/9/2026,WHITE,0,1,F,INDEX,,F,T,0,0
7/8/2026,3:45:30 PM,SPXW,ML/,56,7.3818,,PUT,7425,0,41338,7/9/2026,WHITE,0,1,F,INDEX,,F,T,0,0
7/8/2026,3:47:50 PM,SPXW,ML/,100,8.66,,PUT,7425,0,86599,7/9/2026,WHITE,0,1,F,INDEX,,F,T,0,0
7/8/2026,3:58:50 PM,SPXW,BLOCK,94,6,,PUT,7425,0,56400,7/9/2026,WHITE,0,1,F,INDEX,,F,T,0,0
7/8/2026,4:53:46 PM,SPXW,BLOCK,50,9.842,,PUT,7425,0,49210,7/9/2026,WHITE,0,1,F,INDEX,,F,T,0,0
7/8/2026,10:26:49 AM,SPXW,ML/,500,0.65,,CALL,7575,0,32500,7/9/2026,WHITE,0,1,F,INDEX,,F,T,0,0
7/8/2026,10:28:43 AM,SPXW,ML/,356,0.55,,CALL,7575,0,19580,7/9/2026,WHITE,0,1,F,INDEX,,F,T,0,0
7/8/2026,10:32:43 AM,SPXW,ML/,500,0.55,,CALL,7575,0,27500,7/9/2026,WHITE,0,1,F,INDEX,,F,T,0,0
7/8/2026,10:36:42 AM,SPXW,ML/,500,0.55,,CALL,7575,0,27500,7/9/2026,WHITE,0,1,F,INDEX,,F,T,0,0
7/8/2026,10:39:28 AM,SPXW,ML/,500,0.52,,CALL,7575,0,26000,7/9/2026,WHITE,0,1,F,INDEX,,F,T,0,0
7/8/2026,10:45:14 AM,SPXW,ML/,495,0.4,,CALL,7575,0,19800,7/9/2026,WHITE,0,1,F,INDEX,,F,T,0,0
7/8/2026,10:52:52 AM,SPXW,ML/,435,0.37,,CALL,7575,0,16094,7/9/2026,WHITE,0,1,F,INDEX,,F,T,0,0
7/8/2026,11:05:02 AM,SPXW,ML/,200,15.62,,PUT,7325,0,312400,7/13/2026,WHITE,0,5,F,INDEX,,F,T,0,0
7/8/2026,1:30:03 PM,SPXW,ML/,100,7.13,,PUT,7325,0,71300,7/13/2026,WHITE,0,5,F,INDEX,,F,T,0,0
7/8/2026,4:10:01 PM,SPXW,BLOCK,50,7,,PUT,7325,0,35000,7/13/2026,WHITE,0,5,F,INDEX,,F,T,0,0
7/8/2026,10:02:10 AM,SPXW,BLOCK,100,2.25,,CALL,7600,0,22500,7/13/2026,WHITE,0,5,F,INDEX,,F,T,0,0
7/8/2026,10:19:03 AM,SPXW,ML/,198,2.15,,CALL,7600,0,42570,7/13/2026,WHITE,0,5,F,INDEX,,F,T,0,0
7/8/2026,2:02:41 PM,SPXW,ML/,50,2.11,,CALL,7600,0,10550,7/13/2026,WHITE,0,5,F,INDEX,,F,T,0,0
7/8/2026,2:07:35 PM,SPXW,ML/,50,2.11,,CALL,7600,0,10550,7/13/2026,WHITE,0,5,F,INDEX,,F,T,0,0
7/8/2026,2:08:38 PM,SPXW,ML/,50,2.11,,CALL,7600,0,10550,7/13/2026,WHITE,0,5,F,INDEX,,F,T,0,0
7/8/2026,4:07:08 PM,SPXW,ML/,54,1.96,,CALL,7600,0,10584,7/13/2026,WHITE,0,5,F,INDEX,,F,T,0,0
7/8/2026,9:30:43 AM,SPXW,ML/,253,1.6583,,PUT,7360,0,41955,7/8/2026,WHITE,0,0,F,INDEX,,F,T,0,0
7/8/2026,9:35:03 AM,SPXW,ML/,82,1.2845,,PUT,7360,0,10533,7/8/2026,WHITE,0,0,F,INDEX,,F,T,0,0
7/8/2026,9:39:05 AM,SPXW,ML/,137,1.2,,PUT,7360,0,16440,7/8/2026,WHITE,0,0,F,INDEX,,F,T,0,0
7/8/2026,9:49:09 AM,SPXW,ML/,161,0.8034,,PUT,7360,0,12935,7/8/2026,WHITE,0,0,F,INDEX,,F,T,0,0
7/8/2026,10:50:39 AM,SPXW,ML/,110,1.2055,,PUT,7360,0,13260,7/8/2026,WHITE,0,0,F,INDEX,,F,T,0,0
7/8/2026,11:16:04 AM,SPXW,ML/,100,1.05,,PUT,7360,0,10500,7/8/2026,WHITE,0,0,F,INDEX,,F,T,0,0
7/8/2026,11:16:21 AM,SPXW,ML/,99,1.2002,,PUT,7360,0,11882,7/8/2026,WHITE,0,0,F,INDEX,,F,T,0,0
7/8/2026,11:26:11 AM,SPXW,ML/,123,1.4768,,PUT,7360,0,18165,7/8/2026,WHITE,0,0,F,INDEX,,F,T,0,0
7/8/2026,11:26:12 AM,SPXW,BLOCK,135,1.6367,,PUT,7360,0,22095,7/8/2026,WHITE,0,0,F,INDEX,,F,T,0,0
7/8/2026,11:27:41 AM,SPXW,ML/,153,1.5197,,PUT,7360,0,23252,7/8/2026,WHITE,0,0,F,INDEX,,F,T,0,0
7/8/2026,11:46:56 AM,SPXW,ML/,101,1.0396,,PUT,7360,0,10500,7/8/2026,WHITE,0,0,F,INDEX,,F,T,0,0
7/8/2026,9:35:02 AM,SPXW,ML/,236,0.7156,,PUT,7340,0,16889,7/8/2026,WHITE,0,0,F,INDEX,,F,T,0,0
7/8/2026,9:37:37 AM,SPXW,ML/,63,23.7935,,PUT,7450,0,149899,7/9/2026,WHITE,0,1,F,INDEX,,F,T,0,0
7/8/2026,9:39:52 AM,SPXW,ML/,101,21.5949,,PUT,7450,0,218108,7/9/2026,WHITE,0,1,F,INDEX,,F,T,0,0
7/8/2026,9:42:42 AM,SPXW,ML/,100,25.75,,PUT,7450,0,257500,7/9/2026,WHITE,0,1,F,INDEX,,F,T,0,0
7/8/2026,10:05:46 AM,SPXW,ML/,56,20.2,,PUT,7450,0,113120,7/9/2026,WHITE,0,1,F,INDEX,,F,T,0,0
7/8/2026,10:15:17 AM,SPXW,ML/,52,26.31,,PUT,7450,0,136812,7/9/2026,WHITE,0,1,F,INDEX,,F,T,0,0
7/8/2026,10:51:37 AM,SPXW,ML/,144,33.18,,PUT,7450,0,477792,7/9/2026,WHITE,0,1,F,INDEX,,F,T,0,0
7/8/2026,11:16:35 AM,SPXW,ML/,70,36.6364,,PUT,7450,0,256454,7/9/2026,WHITE,0,1,F,INDEX,,F,T,0,0
7/8/2026,11:19:10 AM,SPXW,ML/,56,33.7868,,PUT,7450,0,189206,7/9/2026,WHITE,0,1,F,INDEX,,F,T,0,0
7/8/2026,11:20:24 AM,SPXW,ML/,514,33.9406,,PUT,7450,0,1744547,7/9/2026,WHITE,0,1,F,INDEX,,F,T,0,0
7/8/2026,11:52:04 AM,SPXW,ML/,100,38.4,,PUT,7450,0,384000,7/9/2026,WHITE,0,1,F,INDEX,,F,T,0,0
7/8/2026,12:34:03 PM,SPXW,BLOCK,100,21.4,,PUT,7450,0,214000,7/9/2026,WHITE,0,1,F,INDEX,,F,T,0,0
7/8/2026,12:35:07 PM,SPXW,BLOCK,100,23.09,,PUT,7450,0,230900,7/9/2026,WHITE,0,1,F,INDEX,,F,T,0,0
7/8/2026,12:40:08 PM,SPXW,BLOCK,104,22.8462,,PUT,7450,0,237600,7/9/2026,WHITE,0,1,F,INDEX,,F,T,0,0
7/8/2026,12:41:18 PM,SPXW,BLOCK,69,19.4,,PUT,7450,0,133860,7/9/2026,WHITE,0,1,F,INDEX,,F,T,0,0
7/8/2026,1:25:32 PM,SPXW,ML/,70,13,,PUT,7450,0,91000,7/9/2026,WHITE,0,1,F,INDEX,,F,T,0,0
7/8/2026,1:29:16 PM,SPXW,BLOCK,180,12.5006,,PUT,7450,0,225010,7/9/2026,WHITE,0,1,F,INDEX,,F,T,0,0
7/8/2026,1:47:33 PM,SPXW,ML/,70,15.7,,PUT,7450,0,109899,7/9/2026,WHITE,0,1,F,INDEX,,F,T,0,0
7/8/2026,2:11:58 PM,SPXW,BLOCK,50,13.248,,PUT,7450,0,66240,7/9/2026,WHITE,0,1,F,INDEX,,F,T,0,0
7/8/2026,3:34:56 PM,SPXW,ML/,50,13.3144,,PUT,7450,0,66572,7/9/2026,WHITE,0,1,F,INDEX,,F,T,0,0
7/8/2026,3:53:21 PM,SPXW,ML/,50,11.4884,,PUT,7450,0,57442,7/9/2026,WHITE,0,1,F,INDEX,,F,T,0,0
7/8/2026,10:06:17 AM,SPXW,BLOCK,50,2.15,,CALL,7550,0,10750,7/9/2026,WHITE,0,1,F,INDEX,,F,T,0,0
7/8/2026,10:26:49 AM,SPXW,ML/,500,2.05,,CALL,7550,0,102499,7/9/2026,WHITE,0,1,F,INDEX,,F,T,0,0
7/8/2026,10:28:43 AM,SPXW,ML/,356,1.6212,,CALL,7550,0,57715,7/9/2026,WHITE,0,1,F,INDEX,,F,T,0,0
7/8/2026,10:28:45 AM,SPXW,ML/,144,1.6031,,CALL,7550,0,23084,7/9/2026,WHITE,0,1,F,INDEX,,F,T,0,0
7/8/2026,10:32:43 AM,SPXW,ML/,500,1.63,,CALL,7550,0,81500,7/9/2026,WHITE,0,1,F,INDEX,,F,T,0,0
7/8/2026,10:36:42 AM,SPXW,ML/,500,1.47,,CALL,7550,0,73500,7/9/2026,WHITE,0,1,F,INDEX,,F,T,0,0
7/8/2026,10:39:28 AM,SPXW,ML/,300,1.47,,CALL,7550,0,44100,7/9/2026,WHITE,0,1,F,INDEX,,F,T,0,0
7/8/2026,10:39:37 AM,SPXW,ML/,200,1.47,,CALL,7550,0,29400,7/9/2026,WHITE,0,1,F,INDEX,,F,T,0,0
7/8/2026,10:45:14 AM,SPXW,ML/,297,1.3,,CALL,7550,0,38610,7/9/2026,WHITE,0,1,F,INDEX,,F,T,0,0
7/8/2026,10:45:26 AM,SPXW,ML/,198,1.3,,CALL,7550,0,25740,7/9/2026,WHITE,0,1,F,INDEX,,F,T,0,0
7/8/2026,10:45:53 AM,SPXW,ML/,200,1.2,,CALL,7550,0,24000,7/9/2026,WHITE,0,1,F,INDEX,,F,T,0,0
7/8/2026,10:52:52 AM,SPXW,ML/,435,1.08,,CALL,7550,0,46980,7/9/2026,WHITE,0,1,F,INDEX,,F,T,0,0
7/8/2026,11:40:25 AM,SPXW,BLOCK,204,0.75,,CALL,7550,0,15300,7/9/2026,WHITE,0,1,F,INDEX,,F,T,0,0
7/8/2026,1:20:33 PM,SPXW,ML/,78,1.7642,,CALL,7550,0,13761,7/9/2026,WHITE,0,1,F,INDEX,,F,T,0,0
7/8/2026,1:20:50 PM,SPXW,ML/,122,1.76,,CALL,7550,0,21472,7/9/2026,WHITE,0,1,F,INDEX,,F,T,0,0
7/8/2026,3:14:45 PM,SPXW,ML/,153,1.2214,,CALL,7550,0,18687,7/9/2026,WHITE,0,1,F,INDEX,,F,T,0,0
7/8/2026,4:04:53 PM,SPXW,ML/,130,1.35,,CALL,7550,0,17550,7/9/2026,WHITE,0,1,F,INDEX,,F,T,0,0
7/8/2026,4:06:28 PM,SPXW,ML/,75,1.38,,CALL,7550,0,10350,7/9/2026,WHITE,0,1,F,INDEX,,F,T,0,0
7/8/2026,4:02:54 PM,SPXW,ML/,500,0.57,,PUT,7025,0,28499,7/13/2026,WHITE,0,5,F,INDEX,,F,T,0,0
7/8/2026,12:55:33 PM,SPXW,ML/,150,25.7167,,CALL,7500,0,385750,7/13/2026,WHITE,0,5,F,INDEX,,F,T,0,0
7/8/2026,4:26:36 PM,SPXW,BLOCK,60,25.4,,CALL,7500,0,152400,7/13/2026,WHITE,0,5,F,INDEX,,F,T,0,0
7/8/2026,1:14:44 PM,VIX,ML/,800,3.1,,CALL,20,0,248000,10/21/2026,WHITE,0,105,F,INDEX,,F,T,0,0
7/8/2026,1:19:48 PM,VIX,ML/,800,3.1,,CALL,20,0,248000,10/21/2026,WHITE,0,105,F,INDEX,,F,T,0,0
7/8/2026,9:36:08 AM,SPXW,BLOCK,200,2.5,,CALL,7625,0,50000,7/14/2026,WHITE,0,6,F,INDEX,,F,T,0,0
7/8/2026,10:50:50 AM,SPXW,ML/,85,1.81,,CALL,7625,0,15385,7/14/2026,WHITE,0,6,F,INDEX,,F,T,0,0
7/8/2026,2:18:47 PM,SPXW,ML/,2300,0.08,,PUT,7310,0,18400,7/8/2026,WHITE,0,0,F,INDEX,,F,T,0,0
7/8/2026,10:49:57 AM,SPXW,BLOCK,50,44.988,,CALL,7400,0,224940,7/8/2026,WHITE,0,0,F,INDEX,,F,T,0,0
7/8/2026,12:05:00 PM,SPXW,ML/,499,50.56,,CALL,7390,0,2522944,7/8/2026,WHITE,0,0,F,INDEX,,F,T,0,0
7/8/2026,12:25:55 PM,SPXW,ML/,499,64.42,,CALL,7390,0,3214558,7/8/2026,WHITE,0,0,F,INDEX,,F,T,0,0
7/8/2026,9:30:13 AM,SPXW,ML/,71,2.5039,,PUT,7375,0,17778,7/8/2026,WHITE,0,0,F,INDEX,,F,T,0,0
7/8/2026,9:33:08 AM,SPXW,ML/,228,1.9208,,PUT,7375,0,43794,7/8/2026,WHITE,0,0,F,INDEX,,F,T,0,0
7/8/2026,9:33:28 AM,SPXW,ML/,200,1.87,,PUT,7375,0,37400,7/8/2026,WHITE,0,0,F,INDEX,,F,T,0,0
7/8/2026,9:33:54 AM,SPXW,ML/,201,1.8799,,PUT,7375,0,37785,7/8/2026,WHITE,0,0,F,INDEX,,F,T,0,0
7/8/2026,9:35:08 AM,SPXW,ML/,212,1.8983,,PUT,7375,0,40244,7/8/2026,WHITE,0,0,F,INDEX,,F,T,0,0
7/8/2026,9:35:48 AM,SPXW,ML/,101,2.15,,PUT,7375,0,21715,7/8/2026,WHITE,0,0,F,INDEX,,F,T,0,0
7/8/2026,9:40:37 AM,SPXW,BLOCK,100,1.35,,PUT,7375,0,13500,7/8/2026,WHITE,0,0,F,INDEX,,F,T,0,0
7/8/2026,9:42:25 AM,SPXW,ML/,105,1.451,,PUT,7375,0,15235,7/8/2026,WHITE,0,0,F,INDEX,,F,T,0,0
7/8/2026,9:45:09 AM,SPXW,BLOCK,90,1.25,,PUT,7375,0,11250,7/8/2026,WHITE,0,0,F,INDEX,,F,T,0,0
7/8/2026,9:47:12 AM,SPXW,ML/,225,1.0644,,PUT,7375,0,23949,7/8/2026,WHITE,0,0,F,INDEX,,F,T,0,0
7/8/2026,9:47:32 AM,SPXW,ML/,200,1.15,,PUT,7375,0,22999,7/8/2026,WHITE,0,0,F,INDEX,,F,T,0,0
7/8/2026,9:49:21 AM,SPXW,ML/,190,1.3689,,PUT,7375,0,26010,7/8/2026,WHITE,0,0,F,INDEX,,F,T,0,0
7/8/2026,9:49:45 AM,SPXW,ML/,400,1.37,,PUT,7375,0,54800,7/8/2026,WHITE,0,0,F,INDEX,,F,T,0,0
7/8/2026,9:51:57 AM,SPXW,ML/,201,1.3575,,PUT,7375,0,27285,7/8/2026,WHITE,0,0,F,INDEX,,F,T,0,0
7/8/2026,9:53:43 AM,SPXW,ML/,360,1.3846,,PUT,7375,0,49843,7/8/2026,WHITE,0,0,F,INDEX,,F,T,0,0
7/8/2026,9:54:49 AM,SPXW,ML/,200,1.28,,PUT,7375,0,25600,7/8/2026,WHITE,0,0,F,INDEX,,F,T,0,0
7/8/2026,9:54:59 AM,SPXW,ML/,200,1.431,,PUT,7375,0,28620,7/8/2026,WHITE,0,0,F,INDEX,,F,T,0,0
7/8/2026,10:03:12 AM,SPXW,ML/,90,1.33,,PUT,7375,0,11970,7/8/2026,WHITE,0,0,F,INDEX,,F,T,0,0
7/8/2026,10:03:14 AM,SPXW,ML/,91,1.3502,,PUT,7375,0,12287,7/8/2026,WHITE,0,0,F,INDEX,,F,T,0,0
7/8/2026,10:15:01 AM,SPXW,ML/,172,1.5299,,PUT,7375,0,26315,7/8/2026,WHITE,0,0,F,INDEX,,F,T,0,0
7/8/2026,10:45:45 AM,SPXW,ML/,105,1.6183,,PUT,7375,0,16992,7/8/2026,WHITE,0,0,F,INDEX,,F,T,0,0
7/8/2026,10:50:00 AM,SPXW,ML/,106,1.7923,,PUT,7375,0,18998,7/8/2026,WHITE,0,0,F,INDEX,,F,T,0,0
7/8/2026,10:50:38 AM,SPXW,ML/,71,2.0938,,PUT,7375,0,14866,7/8/2026,WHITE,0,0,F,INDEX,,F,T,0,0
7/8/2026,10:53:45 AM,SPXW,ML/,72,1.451,,PUT,7375,0,10447,7/8/2026,WHITE,0,0,F,INDEX,,F,T,0,0
7/8/2026,10:56:58 AM,SPXW,ML/,131,1.1825,,PUT,7375,0,15491,7/8/2026,WHITE,0,0,F,INDEX,,F,T,0,0
7/8/2026,11:17:29 AM,SPXW,ML/,106,2.326,,PUT,7375,0,24655,7/8/2026,WHITE,0,0,F,INDEX,,F,T,0,0
7/8/2026,11:26:11 AM,SPXW,ML/,56,2.8343,,PUT,7375,0,15872,7/8/2026,WHITE,0,0,F,INDEX,,F,T,0,0
7/8/2026,11:26:24 AM,SPXW,ML/,75,3.0825,,PUT,7375,0,23119,7/8/2026,WHITE,0,0,F,INDEX,,F,T,0,0
7/8/2026,9:33:09 AM,SPXW,ML/,205,2.231,,PUT,7380,0,45735,7/8/2026,WHITE,0,0,F,INDEX,,F,T,0,0
7/8/2026,9:33:27 AM,SPXW,ML/,226,2.1735,,PUT,7380,0,49120,7/8/2026,WHITE,0,0,F,INDEX,,F,T,0,0
7/8/2026,9:33:54 AM,SPXW,ML/,201,2.1799,,PUT,7380,0,43815,7/8/2026,WHITE,0,0,F,INDEX,,F,T,0,0
7/8/2026,9:35:07 AM,SPXW,ML/,206,2.2,,PUT,7380,0,45320,7/8/2026,WHITE,0,0,F,INDEX,,F,T,0,0
7/8/2026,9:35:40 AM,SPXW,ML/,73,2.2711,,PUT,7380,0,16579,7/8/2026,WHITE,0,0,F,INDEX,,F,T,0,0
7/8/2026,9:35:48 AM,SPXW,ML/,102,2.499,,PUT,7380,0,25490,7/8/2026,WHITE,0,0,F,INDEX,,F,T,0,0
7/8/2026,9:47:12 AM,SPXW,ML/,205,1.2141,,PUT,7380,0,24889,7/8/2026,WHITE,0,0,F,INDEX,,F,T,0,0
7/8/2026,9:47:32 AM,SPXW,ML/,200,1.3,,PUT,7380,0,26000,7/8/2026,WHITE,0,0,F,INDEX,,F,T,0,0
7/8/2026,9:49:21 AM,SPXW,ML/,194,1.5688,,PUT,7380,0,30434,7/8/2026,WHITE,0,0,F,INDEX,,F,T,0,0
7/8/2026,9:49:45 AM,SPXW,ML/,401,1.5706,,PUT,7380,0,62979,7/8/2026,WHITE,0,0,F,INDEX,,F,T,0,0
7/8/2026,9:51:57 AM,SPXW,ML/,201,1.5575,,PUT,7380,0,31305,7/8/2026,WHITE,0,0,F,INDEX,,F,T,0,0
7/8/2026,9:53:43 AM,SPXW,ML/,362,1.5846,,PUT,7380,0,57364,7/8/2026,WHITE,0,0,F,INDEX,,F,T,0,0
7/8/2026,9:54:49 AM,SPXW,ML/,200,1.48,,PUT,7380,0,29600,7/8/2026,WHITE,0,0,F,INDEX,,F,T,0,0
7/8/2026,9:54:59 AM,SPXW,ML/,200,1.631,,PUT,7380,0,32620,7/8/2026,WHITE,0,0,F,INDEX,,F,T,0,0
7/8/2026,10:45:45 AM,SPXW,ML/,98,1.92,,PUT,7380,0,18816,7/8/2026,WHITE,0,0,F,INDEX,,F,T,0,0
7/8/2026,10:49:14 AM,SPXW,ML/,117,1.9723,,PUT,7380,0,23076,7/8/2026,WHITE,0,0,F,INDEX,,F,T,0,0
7/8/2026,10:49:59 AM,SPXW,ML/,161,2.1373,,PUT,7380,0,34410,7/8/2026,WHITE,0,0,F,INDEX,,F,T,0,0
7/8/2026,10:50:38 AM,SPXW,ML/,121,2.54,,PUT,7380,0,30734,7/8/2026,WHITE,0,0,F,INDEX,,F,T,0,0
7/8/2026,10:53:07 AM,SPXW,ML/,61,1.8492,,PUT,7380,0,11280,7/8/2026,WHITE,0,0,F,INDEX,,F,T,0,0
7/8/2026,10:53:46 AM,SPXW,ML/,107,1.4809,,PUT,7380,0,15845,7/8/2026,WHITE,0,0,F,INDEX,,F,T,0,0
7/8/2026,11:00:38 AM,SPXW,ML/,80,1.72,,PUT,7380,0,13760,7/8/2026,WHITE,0,0,F,INDEX,,F,T,0,0
7/8/2026,11:09:42 AM,SPXW,BLOCK,72,1.7125,,PUT,7380,0,12330,7/8/2026,WHITE,0,0,F,INDEX,,F,T,0,0
7/8/2026,11:10:02 AM,SPXW,BLOCK,72,1.7,,PUT,7380,0,12240,7/8/2026,WHITE,0,0,F,INDEX,,F,T,0,0
7/8/2026,11:10:05 AM,SPXW,ML/,828,1.7999,,PUT,7380,0,149035,7/8/2026,WHITE,0,0,F,INDEX,,F,T,0,0
7/8/2026,11:10:11 AM,SPXW,BLOCK,203,1.8002,,PUT,7380,0,36545,7/8/2026,WHITE,0,0,F,INDEX,,F,T,0,0
7/8/2026,11:10:15 AM,SPXW,BLOCK,67,1.8,,PUT,7380,0,12060,7/8/2026,WHITE,0,0,F,INDEX,,F,T,0,0
7/8/2026,11:10:18 AM,SPXW,BLOCK,130,1.8,,PUT,7380,0,23400,7/8/2026,WHITE,0,0,F,INDEX,,F,T,0,0
7/8/2026,11:10:20 AM,SPXW,BLOCK,267,1.8,,PUT,7380,0,48060,7/8/2026,WHITE,0,0,F,INDEX,,F,T,0,0
7/8/2026,11:10:32 AM,SPXW,BLOCK,135,1.8,,PUT,7380,0,24300,7/8/2026,WHITE,0,0,F,INDEX,,F,T,0,0
7/8/2026,11:10:36 AM,SPXW,BLOCK,490,1.7944,,PUT,7380,0,87925,7/8/2026,WHITE,0,0,F,INDEX,,F,T,0,0
7/8/2026,11:10:50 AM,SPXW,ML/,832,1.7865,,PUT,7380,0,148640,7/8/2026,WHITE,0,0,F,INDEX,,F,T,0,0
7/8/2026,11:10:52 AM,SPXW,ML/,722,1.7965,,PUT,7380,0,129707,7/8/2026,WHITE,0,0,F,INDEX,,F,T,0,0
7/8/2026,11:12:02 AM,SPXW,ML/,63,1.8198,,PUT,7380,0,11465,7/8/2026,WHITE,0,0,F,INDEX,,F,T,0,0
7/8/2026,11:16:19 AM,SPXW,ML/,131,2.475,,PUT,7380,0,32422,7/8/2026,WHITE,0,0,F,INDEX,,F,T,0,0
7/8/2026,11:17:33 AM,SPXW,ML/,71,2.8548,,PUT,7380,0,20269,7/8/2026,WHITE,0,0,F,INDEX,,F,T,0,0
7/8/2026,11:19:38 AM,SPXW,ML/,80,1.7781,,PUT,7380,0,14225,7/8/2026,WHITE,0,0,F,INDEX,,F,T,0,0
7/8/2026,11:21:04 AM,SPXW,BLOCK,75,1.85,,PUT,7380,0,13875,7/8/2026,WHITE,0,0,F,INDEX,,F,T,0,0
7/8/2026,11:21:42 AM,SPXW,BLOCK,78,2.0167,,PUT,7380,0,15730,7/8/2026,WHITE,0,0,F,INDEX,,F,T,0,0
7/8/2026,11:25:29 AM,SPXW,ML/,288,3.0188,,PUT,7380,0,86941,7/8/2026,WHITE,0,0,F,INDEX,,F,T,0,0
7/8/2026,11:25:34 AM,SPXW,ML/,143,3.2595,,PUT,7380,0,46611,7/8/2026,WHITE,0,0,F,INDEX,,F,T,0,0
7/8/2026,11:26:01 AM,SPXW,ML/,158,3.1834,,PUT,7380,0,50298,7/8/2026,WHITE,0,0,F,INDEX,,F,T,0,0
7/8/2026,11:26:11 AM,SPXW,ML/,96,3.4777,,PUT,7380,0,33386,7/8/2026,WHITE,0,0,F,INDEX,,F,T,0,0
7/8/2026,11:26:24 AM,SPXW,ML/,98,3.7304,,PUT,7380,0,36558,7/8/2026,WHITE,0,0,F,INDEX,,F,T,0,0
7/8/2026,11:32:27 AM,SPXW,ML/,201,2.6701,,PUT,7380,0,53670,7/8/2026,WHITE,0,0,F,INDEX,,F,T,0,0
7/8/2026,11:36:02 AM,SPXW,BLOCK,68,2.0184,,PUT,7380,0,13725,7/8/2026,WHITE,0,0,F,INDEX,,F,T,0,0
7/8/2026,11:37:03 AM,SPXW,ML/,73,1.7703,,PUT,7380,0,12922,7/8/2026,WHITE,0,0,F,INDEX,,F,T,0,0
7/8/2026,11:46:36 AM,SPXW,ML/,500,2.25,,PUT,7380,0,112500,7/8/2026,WHITE,0,0,F,INDEX,,F,T,0,0
7/8/2026,11:54:09 AM,SPXW,ML/,59,2.4831,,PUT,7380,0,14650,7/8/2026,WHITE,0,0,F,INDEX,,F,T,0,0
7/8/2026,12:05:18 PM,SPXW,ML/,103,1.2636,,PUT,7380,0,13015,7/8/2026,WHITE,0,0,F,INDEX,,F,T,0,0
7/8/2026,11:00:31 AM,SPXW,ML/,250,95.1505,,PUT,7525,0,2378762,7/14/2026,WHITE,0,6,F,INDEX,,F,T,0,0
7/8/2026,11:04:48 AM,SPXW,ML/,250,95.1322,,PUT,7525,0,2378305,7/14/2026,WHITE,0,6,F,INDEX,,F,T,0,0
7/8/2026,11:05:47 AM,SPXW,ML/,200,95.67,,PUT,7525,0,1913400,7/14/2026,WHITE,0,6,F,INDEX,,F,T,0,0
7/8/2026,9:44:18 AM,SPXW,BLOCK,278,18.8,,PUT,6750,0,522640,8/14/2026,WHITE,0,37,F,INDEX,,F,T,0,0
7/8/2026,9:45:08 AM,SPXW,ML/,962,18.8,,PUT,6750,0,1808559,8/14/2026,WHITE,0,37,F,INDEX,,F,T,0,0
7/8/2026,11:52:23 AM,SPXW,ML/,75,26.89,,PUT,7340,0,201675,7/14/2026,WHITE,0,6,F,INDEX,,F,T,0,0
7/8/2026,10:53:46 AM,SPXW,ML/,50,16.2,,PUT,7300,0,81000,7/14/2026,WHITE,0,6,F,INDEX,,F,T,0,0
7/8/2026,11:18:07 AM,SPXW,ML/,50,5.9,,PUT,7330,0,29500,7/9/2026,WHITE,0,1,F,INDEX,,F,T,0,0
7/8/2026,11:38:17 AM,SPXW,ML/,70,5.15,,PUT,7330,0,36050,7/9/2026,WHITE,0,1,F,INDEX,,F,T,0,0
7/8/2026,4:11:00 PM,SPXW,ML/,198,0.8112,,PUT,7330,0,16062,7/9/2026,WHITE,0,1,F,INDEX,,F,T,0,0
7/8/2026,11:17:18 AM,SPXW,ML/,80,2.25,,PUT,7275,0,18000,7/9/2026,WHITE,0,1,F,INDEX,,F,T,0,0
7/8/2026,11:31:43 AM,SPXW,BLOCK,50,2.4,,PUT,7275,0,12000,7/9/2026,WHITE,0,1,F,INDEX,,F,T,0,0
7/8/2026,11:50:53 AM,SPXW,ML/,72,2.05,,PUT,7275,0,14760,7/9/2026,WHITE,0,1,F,INDEX,,F,T,0,0
7/8/2026,9:53:43 AM,SPXW,ML/,50,4.6,,PUT,7350,0,22999,7/9/2026,WHITE,0,1,F,INDEX,,F,T,0,0
7/8/2026,9:59:56 AM,SPXW,ML/,50,4.4,,PUT,7350,0,22000,7/9/2026,WHITE,0,1,F,INDEX,,F,T,0,0
7/8/2026,2:30:23 PM,SPXW,ML/,54,1.97,,PUT,7350,0,10638,7/9/2026,WHITE,0,1,F,INDEX,,F,T,0,0
7/8/2026,2:30:25 PM,SPXW,ML/,96,1.95,,PUT,7350,0,18720,7/9/2026,WHITE,0,1,F,INDEX,,F,T,0,0
7/8/2026,2:30:30 PM,SPXW,ML/,150,1.95,,PUT,7350,0,29250,7/9/2026,WHITE,0,1,F,INDEX,,F,T,0,0
7/8/2026,3:08:52 PM,SPXW,BLOCK,100,1.55,,PUT,7350,0,15500,7/9/2026,WHITE,0,1,F,INDEX,,F,T,0,0
7/8/2026,3:12:41 PM,SPXW,BLOCK,100,1.65,,PUT,7350,0,16500,7/9/2026,WHITE,0,1,F,INDEX,,F,T,0,0
7/8/2026,3:18:43 PM,SPXW,ML/,86,1.5019,,PUT,7350,0,12916,7/9/2026,WHITE,0,1,F,INDEX,,F,T,0,0
7/8/2026,3:18:44 PM,SPXW,ML/,85,1.5492,,PUT,7350,0,13168,7/9/2026,WHITE,0,1,F,INDEX,,F,T,0,0
7/8/2026,3:18:46 PM,SPXW,ML/,156,1.5438,,PUT,7350,0,24084,7/9/2026,WHITE,0,1,F,INDEX,,F,T,0,0
7/8/2026,3:46:35 PM,SPXW,ML/,87,1.2599,,PUT,7350,0,10961,7/9/2026,WHITE,0,1,F,INDEX,,F,T,0,0
7/8/2026,3:59:58 PM,SPXW,ML/,138,1.1432,,PUT,7350,0,15776,7/9/2026,WHITE,0,1,F,INDEX,,F,T,0,0
7/8/2026,4:11:27 PM,SPXW,ML/,250,1.46,,PUT,7350,0,36500,7/9/2026,WHITE,0,1,F,INDEX,,F,T,0,0
7/8/2026,4:12:14 PM,SPXW,ML/,125,1.4586,,PUT,7350,0,18233,7/9/2026,WHITE,0,1,F,INDEX,,F,T,0,0
7/8/2026,4:34:11 PM,SPXW,BLOCK,91,1.9,,PUT,7350,0,17289,7/9/2026,WHITE,0,1,F,INDEX,,F,T,0,0
7/8/2026,11:16:16 AM,SPXW,ML/,50,6.42,,PUT,7340,0,32100,7/9/2026,WHITE,0,1,F,INDEX,,F,T,0,0
7/8/2026,11:19:35 AM,SPXW,ML/,50,5.6,,PUT,7340,0,28000,7/9/2026,WHITE,0,1,F,INDEX,,F,T,0,0
7/8/2026,11:38:17 AM,SPXW,ML/,70,6.15,,PUT,7340,0,43050,7/9/2026,WHITE,0,1,F,INDEX,,F,T,0,0
7/8/2026,4:03:04 PM,SPXW,BLOCK,129,0.95,,PUT,7340,0,12255,7/9/2026,WHITE,0,1,F,INDEX,,F,T,0,0
7/8/2026,4:03:06 PM,SPXW,BLOCK,156,0.95,,PUT,7340,0,14819,7/9/2026,WHITE,0,1,F,INDEX,,F,T,0,0
7/8/2026,10:56:17 AM,SPXW,ML/,2788,0.27,,CALL,7590,0,75276,7/9/2026,WHITE,0,1,F,INDEX,,F,T,0,0
7/8/2026,12:34:23 PM,SPXW,ML/,1095,0.23,,CALL,7590,0,25185,7/9/2026,WHITE,0,1,F,INDEX,,F,T,0,0
7/8/2026,1:27:33 PM,SPXW,ML/,394,0.35,,CALL,7590,0,13789,7/9/2026,WHITE,0,1,F,INDEX,,F,T,0,0
7/8/2026,10:24:21 AM,SPXW,ML/,224,0.9211,,PUT,7250,0,20632,7/9/2026,WHITE,0,1,F,INDEX,,F,T,0,0
7/8/2026,10:26:42 AM,SPXW,ML/,1276,0.83,,PUT,7250,0,105908,7/9/2026,WHITE,0,1,F,INDEX,,F,T,0,0
7/8/2026,10:33:30 AM,SPXW,ML/,473,0.9713,,PUT,7250,0,45944,7/9/2026,WHITE,0,1,F,INDEX,,F,T,0,0
7/8/2026,10:35:55 AM,SPXW,ML/,458,1,,PUT,7250,0,45800,7/9/2026,WHITE,0,1,F,INDEX,,F,T,0,0
7/8/2026,10:36:02 AM,SPXW,ML/,503,1.0084,,PUT,7250,0,50724,7/9/2026,WHITE,0,1,F,INDEX,,F,T,0,0
7/8/2026,11:59:53 AM,SPXW,ML/,2600,1.25,,PUT,7250,0,325000,7/9/2026,WHITE,0,1,F,INDEX,,F,T,0,0
7/8/2026,10:49:58 AM,VIX,BLOCK,123,2,,CALL,17,0,24600,7/22/2026,WHITE,0,14,F,INDEX,,F,T,0,0
7/8/2026,12:32:26 PM,VIX,BLOCK,90,1.87,,CALL,17,0,16830,7/22/2026,WHITE,0,14,F,INDEX,,F,T,0,0
7/8/2026,2:57:03 PM,VIX,ML/,180,1.62,,CALL,17,0,29160,7/22/2026,WHITE,0,14,F,INDEX,,F,T,0,0
7/8/2026,4:14:32 PM,VIX,ML/,90,1.63,,CALL,17,0,14669,7/22/2026,WHITE,0,14,F,INDEX,,F,T,0,0
7/8/2026,9:42:27 AM,SPXW,ML/,71,11.8493,,PUT,7445,0,84130,7/8/2026,WHITE,0,0,F,INDEX,,F,T,0,0
7/8/2026,9:43:01 AM,SPXW,ML/,55,11.0576,,PUT,7445,0,60817,7/8/2026,WHITE,0,0,F,INDEX,,F,T,0,0
7/8/2026,9:56:44 AM,SPXW,ML/,214,11.9765,,PUT,7445,0,256298,7/8/2026,WHITE,0,0,F,INDEX,,F,T,0,0
7/8/2026,10:02:23 AM,SPXW,BLOCK,106,10.566,,PUT,7445,0,112000,7/8/2026,WHITE,0,0,F,INDEX,,F,T,0,0
7/8/2026,10:05:14 AM,SPXW,SWEEP,89,9.3,A,PUT,7445,0,82770,7/8/2026,WHITE,0,0,F,INDEX,,F,T,0,0
7/8/2026,10:07:44 AM,SPXW,BLOCK,100,8.946,,PUT,7445,0,89460,7/8/2026,WHITE,0,0,F,INDEX,,F,T,0,0
7/8/2026,10:09:40 AM,SPXW,ML/,106,9.083,,PUT,7445,0,96280,7/8/2026,WHITE,0,0,F,INDEX,,F,T,0,0
7/8/2026,10:09:58 AM,SPXW,BLOCK,100,8.8,,PUT,7445,0,88000,7/8/2026,WHITE,0,0,F,INDEX,,F,T,0,0
7/8/2026,10:36:03 AM,SPXW,ML/,51,14.2294,,PUT,7445,0,72570,7/8/2026,WHITE,0,0,F,INDEX,,F,T,0,0
7/8/2026,10:36:05 AM,SPXW,ML/,58,14.2741,,PUT,7445,0,82790,7/8/2026,WHITE,0,0,F,INDEX,,F,T,0,0
7/8/2026,10:37:04 AM,SPXW,ML/,77,15.3582,,PUT,7445,0,118258,7/8/2026,WHITE,0,0,F,INDEX,,F,T,0,0
7/8/2026,10:40:50 AM,SPXW,ML/,51,15.0988,,PUT,7445,0,77004,7/8/2026,WHITE,0,0,F,INDEX,,F,T,0,0
7/8/2026,10:43:44 AM,SPXW,BLOCK,54,15.563,,PUT,7445,0,84040,7/8/2026,WHITE,0,0,F,INDEX,,F,T,0,0
7/8/2026,10:47:07 AM,SPXW,ML/,119,17.0582,,PUT,7445,0,202993,7/8/2026,WHITE,0,0,F,INDEX,,F,T,0,0
7/8/2026,10:48:27 AM,SPXW,ML/,56,15.8714,,PUT,7445,0,88880,7/8/2026,WHITE,0,0,F,INDEX,,F,T,0,0
7/8/2026,10:50:07 AM,SPXW,BLOCK,52,18.2981,,PUT,7445,0,95150,7/8/2026,WHITE,0,0,F,INDEX,,F,T,0,0
7/8/2026,10:50:50 AM,SPXW,ML/,67,19.8864,,PUT,7445,0,133239,7/8/2026,WHITE,0,0,F,INDEX,,F,T,0,0
7/8/2026,10:53:45 AM,SPXW,ML/,117,14.1487,,PUT,7445,0,165540,7/8/2026,WHITE,0,0,F,INDEX,,F,T,0,0
7/8/2026,10:55:19 AM,SPXW,ML/,52,15.7392,,PUT,7445,0,81844,7/8/2026,WHITE,0,0,F,INDEX,,F,T,0,0
7/8/2026,10:58:59 AM,SPXW,SWEEP,57,16.6,A,PUT,7445,0,94620,7/8/2026,WHITE,0,0,F,INDEX,,F,T,0,0
7/8/2026,10:59:36 AM,SPXW,BLOCK,50,16.7,,PUT,7445,0,83500,7/8/2026,WHITE,0,0,F,INDEX,,F,T,0,0
7/8/2026,11:02:34 AM,SPXW,ML/,123,16.9508,,PUT,7445,0,208494,7/8/2026,WHITE,0,0,F,INDEX,,F,T,0,0
7/8/2026,11:07:42 AM,SPXW,BLOCK,50,16.656,,PUT,7445,0,83280,7/8/2026,WHITE,0,0,F,INDEX,,F,T,0,0
7/8/2026,11:12:31 AM,SPXW,BLOCK,55,17.0964,,PUT,7445,0,94030,7/8/2026,WHITE,0,0,F,INDEX,,F,T,0,0
7/8/2026,11:14:09 AM,SPXW,ML/,54,18.7565,,PUT,7445,0,101285,7/8/2026,WHITE,0,0,F,INDEX,,F,T,0,0
7/8/2026,11:14:35 AM,SPXW,ML/,113,19.3619,,PUT,7445,0,218790,7/8/2026,WHITE,0,0,F,INDEX,,F,T,0,0
7/8/2026,11:14:41 AM,SPXW,ML/,60,18.8243,,PUT,7445,0,112946,7/8/2026,WHITE,0,0,F,INDEX,,F,T,0,0
7/8/2026,11:15:30 AM,SPXW,BLOCK,50,19.736,,PUT,7445,0,98680,7/8/2026,WHITE,0,0,F,INDEX,,F,T,0,0
7/8/2026,11:16:20 AM,SPXW,ML/,114,22.0668,,PUT,7445,0,251562,7/8/2026,WHITE,0,0,F,INDEX,,F,T,0,0
7/8/2026,11:16:41 AM,SPXW,BLOCK,57,21.0596,,PUT,7445,0,120040,7/8/2026,WHITE,0,0,F,INDEX,,F,T,0,0
7/8/2026,11:22:38 AM,SPXW,ML/,57,20.8968,,PUT,7445,0,119111,7/8/2026,WHITE,0,0,F,INDEX,,F,T,0,0
7/8/2026,11:24:44 AM,SPXW,SWEEP,50,25.852,A,PUT,7445,0,129259,7/8/2026,WHITE,0,0,F,INDEX,,F,T,0,0
7/8/2026,11:26:21 AM,SPXW,ML/,51,27.0212,,PUT,7445,0,137808,7/8/2026,WHITE,0,0,F,INDEX,,F,T,0,0
7/8/2026,11:28:18 AM,SPXW,ML/,150,26.92,,PUT,7445,0,403800,7/8/2026,WHITE,0,0,F,INDEX,,F,T,0,0
7/8/2026,11:30:24 AM,SPXW,ML/,111,27.9935,,PUT,7445,0,310728,7/8/2026,WHITE,0,0,F,INDEX,,F,T,0,0
7/8/2026,11:59:11 AM,SPXW,ML/,50,21.2,,PUT,7445,0,106000,7/8/2026,WHITE,0,0,F,INDEX,,F,T,0,0
7/8/2026,12:03:16 PM,SPXW,ML/,50,18.98,,PUT,7445,0,94900,7/8/2026,WHITE,0,0,F,INDEX,,F,T,0,0
7/8/2026,12:05:55 PM,SPXW,ML/,100,16.3,,PUT,7445,0,163000,7/8/2026,WHITE,0,0,F,INDEX,,F,T,0,0
7/8/2026,12:17:14 PM,SPXW,ML/,54,11.0617,,PUT,7445,0,59733,7/8/2026,WHITE,0,0,F,INDEX,,F,T,0,0
7/8/2026,12:17:18 PM,SPXW,ML/,55,10.6573,,PUT,7445,0,58615,7/8/2026,WHITE,0,0,F,INDEX,,F,T,0,0
7/8/2026,12:19:58 PM,SPXW,BLOCK,102,10.7333,,PUT,7445,0,109480,7/8/2026,WHITE,0,0,F,INDEX,,F,T,0,0
7/8/2026,12:21:52 PM,SPXW,ML/,117,8.6998,,PUT,7445,0,101788,7/8/2026,WHITE,0,0,F,INDEX,,F,T,0,0
7/8/2026,12:24:04 PM,SPXW,ML/,58,8.9126,,PUT,7445,0,51693,7/8/2026,WHITE,0,0,F,INDEX,,F,T,0,0
7/8/2026,12:27:13 PM,SPXW,BLOCK,59,8.9847,,PUT,7445,0,53010,7/8/2026,WHITE,0,0,F,INDEX,,F,T,0,0
7/8/2026,12:31:55 PM,SPXW,ML/,194,7.1536,,PUT,7445,0,138779,7/8/2026,WHITE,0,0,F,INDEX,,F,T,0,0
7/8/2026,12:36:27 PM,SPXW,ML/,77,9.2914,,PUT,7445,0,71544,7/8/2026,WHITE,0,0,F,INDEX,,F,T,0,0
7/8/2026,12:40:47 PM,SPXW,ML/,57,5.8,,PUT,7445,0,33060,7/8/2026,WHITE,0,0,F,INDEX,,F,T,0,0
7/8/2026,12:41:27 PM,SPXW,ML/,93,5.7278,,PUT,7445,0,53269,7/8/2026,WHITE,0,0,F,INDEX,,F,T,0,0
7/8/2026,12:41:32 PM,SPXW,BLOCK,200,5.7,,PUT,7445,0,114000,7/8/2026,WHITE,0,0,F,INDEX,,F,T,0,0
7/8/2026,12:42:35 PM,SPXW,BLOCK,100,5.5,,PUT,7445,0,55000,7/8/2026,WHITE,0,0,F,INDEX,,F,T,0,0
7/8/2026,12:53:00 PM,SPXW,ML/,62,3.3103,,PUT,7445,0,20523,7/8/2026,WHITE,0,0,F,INDEX,,F,T,0,0
7/8/2026,12:54:21 PM,SPXW,BLOCK,50,3.5,,PUT,7445,0,17500,7/8/2026,WHITE,0,0,F,INDEX,,F,T,0,0
7/8/2026,1:09:34 PM,SPXW,BLOCK,53,3.6,,PUT,7445,0,19080,7/8/2026,WHITE,0,0,F,INDEX,,F,T,0,0
7/8/2026,1:14:43 PM,SPXW,BLOCK,100,3.27,,PUT,7445,0,32700,7/8/2026,WHITE,0,0,F,INDEX,,F,T,0,0
7/8/2026,1:16:30 PM,SPXW,ML/,102,3.0986,,PUT,7445,0,31606,7/8/2026,WHITE,0,0,F,INDEX,,F,T,0,0
7/8/2026,1:19:16 PM,SPXW,ML/,68,2.5447,,PUT,7445,0,17304,7/8/2026,WHITE,0,0,F,INDEX,,F,T,0,0
7/8/2026,1:19:28 PM,SPXW,ML/,112,2.3539,,PUT,7445,0,26364,7/8/2026,WHITE,0,0,F,INDEX,,F,T,0,0
7/8/2026,1:20:11 PM,SPXW,ML/,114,2.1254,,PUT,7445,0,24230,7/8/2026,WHITE,0,0,F,INDEX,,F,T,0,0
7/8/2026,1:22:56 PM,SPXW,BLOCK,157,1.9,,PUT,7445,0,29830,7/8/2026,WHITE,0,0,F,INDEX,,F,T,0,0
7/8/2026,1:23:56 PM,SPXW,ML/,110,1.7201,,PUT,7445,0,18921,7/8/2026,WHITE,0,0,F,INDEX,,F,T,0,0
7/8/2026,1:28:10 PM,SPXW,BLOCK,200,1.6,,PUT,7445,0,32000,7/8/2026,WHITE,0,0,F,INDEX,,F,T,0,0
7/8/2026,1:37:20 PM,SPXW,BLOCK,200,1.6,,PUT,7445,0,32000,7/8/2026,WHITE,0,0,F,INDEX,,F,T,0,0
7/8/2026,1:42:00 PM,SPXW,ML/,54,2.1563,,PUT,7445,0,11644,7/8/2026,WHITE,0,0,F,INDEX,,F,T,0,0
7/8/2026,1:43:02 PM,SPXW,BLOCK,60,1.85,,PUT,7445,0,11100,7/8/2026,WHITE,0,0,F,INDEX,,F,T,0,0
7/8/2026,1:45:30 PM,SPXW,ML/,50,2.8832,,PUT,7445,0,14416,7/8/2026,WHITE,0,0,F,INDEX,,F,T,0,0
7/8/2026,1:45:36 PM,SPXW,ML/,182,3.0715,,PUT,7445,0,55901,7/8/2026,WHITE,0,0,F,INDEX,,F,T,0,0
7/8/2026,1:45:42 PM,SPXW,BLOCK,58,3.519,,PUT,7445,0,20410,7/8/2026,WHITE,0,0,F,INDEX,,F,T,0,0
7/8/2026,1:45:57 PM,SPXW,BLOCK,53,3.1019,,PUT,7445,0,16440,7/8/2026,WHITE,0,0,F,INDEX,,F,T,0,0
7/8/2026,1:47:34 PM,SPXW,ML/,60,2.7983,,PUT,7445,0,16790,7/8/2026,WHITE,0,0,F,INDEX,,F,T,0,0
7/8/2026,1:56:16 PM,SPXW,ML/,57,3.8493,,PUT,7445,0,21941,7/8/2026,WHITE,0,0,F,INDEX,,F,T,0,0
7/8/2026,1:57:18 PM,SPXW,ML/,114,3.8886,,PUT,7445,0,44330,7/8/2026,WHITE,0,0,F,INDEX,,F,T,0,0
7/8/2026,1:58:51 PM,SPXW,BLOCK,71,2.7782,,PUT,7445,0,19725,7/8/2026,WHITE,0,0,F,INDEX,,F,T,0,0
7/8/2026,1:59:48 PM,SPXW,ML/,69,3.07,,PUT,7445,0,21183,7/8/2026,WHITE,0,0,F,INDEX,,F,T,0,0
7/8/2026,2:00:06 PM,SPXW,ML/,104,3.5112,,PUT,7445,0,36517,7/8/2026,WHITE,0,0,F,INDEX,,F,T,0,0
7/8/2026,2:00:40 PM,SPXW,ML/,142,2.6085,,PUT,7445,0,37040,7/8/2026,WHITE,0,0,F,INDEX,,F,T,0,0
7/8/2026,2:03:35 PM,SPXW,ML/,201,1.5,,PUT,7445,0,30150,7/8/2026,WHITE,0,0,F,INDEX,,F,T,0,0
7/8/2026,2:03:40 PM,SPXW,BLOCK,101,1.4005,,PUT,7445,0,14144,7/8/2026,WHITE,0,0,F,INDEX,,F,T,0,0
7/8/2026,2:10:00 PM,SPXW,ML/,77,1.3501,,PUT,7445,0,10396,7/8/2026,WHITE,0,0,F,INDEX,,F,T,0,0
7/8/2026,2:16:26 PM,SPXW,ML/,115,1.5639,,PUT,7445,0,17985,7/8/2026,WHITE,0,0,F,INDEX,,F,T,0,0
7/8/2026,2:20:02 PM,SPXW,ML/,249,1.0997,,PUT,7445,0,27383,7/8/2026,WHITE,0,0,F,INDEX,,F,T,0,0
7/8/2026,2:30:36 PM,SPXW,ML/,122,1.5706,,PUT,7445,0,19161,7/8/2026,WHITE,0,0,F,INDEX,,F,T,0,0
7/8/2026,2:31:01 PM,SPXW,ML/,113,1.9187,,PUT,7445,0,21681,7/8/2026,WHITE,0,0,F,INDEX,,F,T,0,0
7/8/2026,2:32:59 PM,SPXW,BLOCK,220,1.6445,,PUT,7445,0,36180,7/8/2026,WHITE,0,0,F,INDEX,,F,T,0,0
7/8/2026,2:33:44 PM,SPXW,BLOCK,58,1.831,,PUT,7445,0,10620,7/8/2026,WHITE,0,0,F,INDEX,,F,T,0,0
7/8/2026,2:38:10 PM,SPXW,ML/,108,0.95,,PUT,7445,0,10260,7/8/2026,WHITE,0,0,F,INDEX,,F,T,0,0
7/8/2026,2:57:30 PM,SPXW,ML/,552,0.5997,,PUT,7445,0,33104,7/8/2026,WHITE,0,0,F,INDEX,,F,T,0,0
7/8/2026,3:18:09 PM,SPXW,BLOCK,430,0.25,,PUT,7445,0,10750,7/8/2026,WHITE,0,0,F,INDEX,,F,T,0,0
7/8/2026,9:35:03 AM,SPXW,ML/,131,1.4726,,PUT,7365,0,19291,7/8/2026,WHITE,0,0,F,INDEX,,F,T,0,0
7/8/2026,11:17:30 AM,SPXW,ML/,69,1.5975,,PUT,7365,0,11023,7/8/2026,WHITE,0,0,F,INDEX,,F,T,0,0
7/8/2026,11:31:59 AM,SPXW,BLOCK,125,1.6996,,PUT,7365,0,21245,7/8/2026,WHITE,0,0,F,INDEX,,F,T,0,0
7/8/2026,11:33:14 AM,SPXW,ML/,200,1.4,,PUT,7365,0,28000,7/8/2026,WHITE,0,0,F,INDEX,,F,T,0,0
7/8/2026,11:48:43 AM,SPXW,ML/,121,1.2502,,PUT,7365,0,15127,7/8/2026,WHITE,0,0,F,INDEX,,F,T,0,0
7/8/2026,9:33:16 AM,SPXW,ML/,590,0.5357,,PUT,7335,0,31607,7/8/2026,WHITE,0,0,F,INDEX,,F,T,0,0
7/8/2026,9:33:18 AM,SPXW,ML/,910,0.52,,PUT,7335,0,47320,7/8/2026,WHITE,0,0,F,INDEX,,F,T,0,0
7/8/2026,9:35:02 AM,SPXW,ML/,339,0.5704,,PUT,7335,0,19338,7/8/2026,WHITE,0,0,F,INDEX,,F,T,0,0
7/8/2026,9:35:42 AM,SPXW,ML/,1146,0.594,,PUT,7335,0,68076,7/8/2026,WHITE,0,0,F,INDEX,,F,T,0,0
7/8/2026,10:45:33 AM,XSP,ML/,60,7.09,,PUT,750,0,42540,7/13/2026,WHITE,0,5,F,INDEX,,F,T,0,0
7/8/2026,9:30:17 AM,SPXW,ML/,118,1.0042,,CALL,7535,0,11850,7/8/2026,WHITE,0,0,F,INDEX,,F,T,0,0
7/8/2026,9:39:52 AM,SPXW,ML/,86,1.1774,,CALL,7535,0,10126,7/8/2026,WHITE,0,0,F,INDEX,,F,T,0,0
7/8/2026,9:40:43 AM,SPXW,BLOCK,90,1.45,,CALL,7535,0,13050,7/8/2026,WHITE,0,0,F,INDEX,,F,T,0,0
7/8/2026,9:49:47 AM,SPXW,BLOCK,162,0.9,,CALL,7535,0,14580,7/8/2026,WHITE,0,0,F,INDEX,,F,T,0,0
7/8/2026,9:56:23 AM,SPXW,ML/,203,0.7493,,CALL,7535,0,15210,7/8/2026,WHITE,0,0,F,INDEX,,F,T,0,0
7/8/2026,9:57:02 AM,SPXW,ML/,175,0.8702,,CALL,7535,0,15228,7/8/2026,WHITE,0,0,F,INDEX,,F,T,0,0
7/8/2026,9:57:48 AM,SPXW,ML/,200,0.91,,CALL,7535,0,18200,7/8/2026,WHITE,0,0,F,INDEX,,F,T,0,0
7/8/2026,9:58:11 AM,SPXW,ML/,200,0.91,,CALL,7535,0,18200,7/8/2026,WHITE,0,0,F,INDEX,,F,T,0,0
7/8/2026,9:58:48 AM,SPXW,ML/,203,1,,CALL,7535,0,20300,7/8/2026,WHITE,0,0,F,INDEX,,F,T,0,0
7/8/2026,10:00:54 AM,SPXW,ML/,171,0.8561,,CALL,7535,0,14640,7/8/2026,WHITE,0,0,F,INDEX,,F,T,0,0
7/8/2026,10:05:02 AM,SPXW,ML/,1210,0.858,,CALL,7535,0,103824,7/8/2026,WHITE,0,0,F,INDEX,,F,T,0,0
7/8/2026,10:06:09 AM,SPXW,ML/,200,0.95,,CALL,7535,0,19000,7/8/2026,WHITE,0,0,F,INDEX,,F,T,0,0
7/8/2026,10:08:17 AM,SPXW,ML/,200,0.8301,,CALL,7535,0,16602,7/8/2026,WHITE,0,0,F,INDEX,,F,T,0,0
7/8/2026,10:13:07 AM,SPXW,ML/,200,0.55,,CALL,7535,0,11000,7/8/2026,WHITE,0,0,F,INDEX,,F,T,0,0
7/8/2026,10:13:16 AM,SPXW,ML/,173,0.5835,,CALL,7535,0,10094,7/8/2026,WHITE,0,0,F,INDEX,,F,T,0,0
7/8/2026,10:18:05 AM,SPXW,ML/,200,0.55,,CALL,7535,0,11000,7/8/2026,WHITE,0,0,F,INDEX,,F,T,0,0
7/8/2026,10:21:15 AM,SPXW,ML/,445,0.5798,,CALL,7535,0,25801,7/8/2026,WHITE,0,0,F,INDEX,,F,T,0,0
7/8/2026,9:30:03 AM,SPXW,ML/,287,0.5072,,CALL,7555,0,14556,7/8/2026,WHITE,0,0,F,INDEX,,F,T,0,0
7/8/2026,10:29:02 AM,SPXW,ML/,99,3.35,,CALL,8000,0,33165,8/14/2026,WHITE,0,37,F,INDEX,,F,T,0,0
7/8/2026,10:29:03 AM,SPXW,ML/,155,3.36,,CALL,8000,0,52079,8/14/2026,WHITE,0,37,F,INDEX,,F,T,0,0
7/8/2026,10:33:07 AM,SPXW,BLOCK,80,3.2,,CALL,8000,0,25600,8/14/2026,WHITE,0,37,F,INDEX,,F,T,0,0
7/8/2026,9:47:28 AM,SPXW,ML/,1400,9.77,,PUT,7365,0,1367800,7/10/2026,WHITE,0,2,F,INDEX,,F,T,0,0
7/8/2026,10:59:51 AM,SPXW,ML/,60,10.21,,PUT,7335,0,61260,7/10/2026,WHITE,0,2,F,INDEX,,F,T,0,0
7/8/2026,11:16:25 AM,SPXW,BLOCK,100,20.935,,PUT,7380,0,209350,7/10/2026,WHITE,0,2,F,INDEX,,F,T,0,0
7/8/2026,12:20:43 PM,SPXW,BLOCK,90,12.7,,PUT,7380,0,114300,7/10/2026,WHITE,0,2,F,INDEX,,F,T,0,0
7/8/2026,12:21:18 PM,SPXW,ML/,200,12.3056,,PUT,7380,0,246112,7/10/2026,WHITE,0,2,F,INDEX,,F,T,0,0
7/8/2026,12:23:33 PM,SPXW,ML/,200,12,,PUT,7380,0,240000,7/10/2026,WHITE,0,2,F,INDEX,,F,T,0,0
7/8/2026,12:34:24 PM,SPXW,ML/,200,11.9882,,PUT,7380,0,239763,7/10/2026,WHITE,0,2,F,INDEX,,F,T,0,0
7/8/2026,1:20:06 PM,SPXW,ML/,200,7.56,,PUT,7380,0,151200,7/10/2026,WHITE,0,2,F,INDEX,,F,T,0,0
7/8/2026,9:50:47 AM,SPXW,ML/,52,12.9,,PUT,7370,0,67080,7/10/2026,WHITE,0,2,F,INDEX,,F,T,0,0
7/8/2026,10:47:35 AM,SPXW,ML/,85,15.3,,PUT,7370,0,130050,7/10/2026,WHITE,0,2,F,INDEX,,F,T,0,0
7/8/2026,4:38:02 PM,SPXW,BLOCK,50,9.7,,PUT,7370,0,48499,7/10/2026,WHITE,0,2,F,INDEX,,F,T,0,0
7/8/2026,3:05:50 PM,SPXW,ML/,88,10.66,,PUT,7405,0,93808,7/10/2026,WHITE,0,2,F,INDEX,,F,T,0,0
7/8/2026,4:07:56 PM,SPXW,ML/,72,10.6772,,PUT,7405,0,76876,7/10/2026,WHITE,0,2,F,INDEX,,F,T,0,0
7/8/2026,10:25:37 AM,SPXW,ML/,495,53.43,,PUT,7475,0,2644785,7/14/2026,WHITE,0,6,F,INDEX,,F,T,0,0
7/8/2026,10:28:30 AM,SPXW,ML/,500,55.6,,PUT,7475,0,2780000,7/14/2026,WHITE,0,6,F,INDEX,,F,T,0,0
7/8/2026,10:29:52 AM,SPXW,ML/,495,55.82,,PUT,7475,0,2763090,7/14/2026,WHITE,0,6,F,INDEX,,F,T,0,0
7/8/2026,10:35:03 AM,SPXW,ML/,495,58.85,,PUT,7475,0,2913075,7/14/2026,WHITE,0,6,F,INDEX,,F,T,0,0
7/8/2026,10:37:19 AM,SPXW,ML/,500,61.64,,PUT,7475,0,3082000,7/14/2026,WHITE,0,6,F,INDEX,,F,T,0,0
7/8/2026,10:40:52 AM,SPXW,ML/,198,61.2,,PUT,7475,0,1211760,7/14/2026,WHITE,0,6,F,INDEX,,F,T,0,0
7/8/2026,10:41:15 AM,SPXW,ML/,297,61.89,,PUT,7475,0,1838133,7/14/2026,WHITE,0,6,F,INDEX,,F,T,0,0
7/8/2026,10:49:01 AM,SPXW,ML/,442,64.58,,PUT,7475,0,2854436,7/14/2026,WHITE,0,6,F,INDEX,,F,T,0,0
7/8/2026,11:00:31 AM,SPXW,ML/,250,65.999,,PUT,7475,0,1649976,7/14/2026,WHITE,0,6,F,INDEX,,F,T,0,0
7/8/2026,11:04:48 AM,SPXW,ML/,250,66.0015,,PUT,7475,0,1650038,7/14/2026,WHITE,0,6,F,INDEX,,F,T,0,0
7/8/2026,11:05:47 AM,SPXW,ML/,200,65.7,,PUT,7475,0,1314000,7/14/2026,WHITE,0,6,F,INDEX,,F,T,0,0
7/8/2026,2:38:11 PM,SPXW,ML/,487,27.7,,PUT,7470,0,1348990,7/10/2026,WHITE,0,2,F,INDEX,,F,T,0,0
7/8/2026,12:21:16 PM,SPXW,BLOCK,79,11,,CALL,7625,0,86900,7/22/2026,WHITE,0,14,F,INDEX,,F,T,0,0
7/8/2026,12:21:18 PM,SPXW,BLOCK,109,11,,CALL,7625,0,119900,7/22/2026,WHITE,0,14,F,INDEX,,F,T,0,0
7/8/2026,10:39:34 AM,SPXW,ML/,950,96.11,,PUT,7500,0,9130450,7/22/2026,WHITE,0,14,F,INDEX,,F,T,0,0
7/8/2026,1:32:59 PM,SPXW,ML/,600,80.5,,PUT,7500,0,4830000,7/22/2026,WHITE,0,14,F,INDEX,,F,T,0,0
7/8/2026,1:52:24 PM,SPXW,ML/,100,80.2,,PUT,7500,0,802000,7/22/2026,WHITE,0,14,F,INDEX,,F,T,0,0
7/8/2026,10:05:42 AM,SPXW,ML/,100,22.277,,PUT,7200,0,222769,7/24/2026,WHITE,0,16,F,INDEX,,F,T,0,0
7/8/2026,11:25:28 AM,SPXW,ML/,75,30.5,,PUT,7200,0,228750,7/24/2026,WHITE,0,16,F,INDEX,,F,T,0,0
7/8/2026,2:11:39 PM,SPXW,ML/,70,18.64,,CALL,7505,0,130480,7/10/2026,WHITE,0,2,F,INDEX,,F,T,0,0
7/8/2026,3:52:54 PM,SPXW,BLOCK,50,17.8,,CALL,7505,0,89000,7/10/2026,WHITE,0,2,F,INDEX,,F,T,0,0
7/8/2026,12:26:38 PM,SPXW,ML/,100,8.77,,CALL,7540,0,87700,7/13/2026,WHITE,0,5,F,INDEX,,F,T,0,0
7/8/2026,2:18:04 PM,SPXW,ML/,69,12.0971,,CALL,7540,0,83470,7/13/2026,WHITE,0,5,F,INDEX,,F,T,0,0
7/8/2026,9:49:50 AM,SPXW,ML/,250,6.8,,CALL,7525,0,170000,7/9/2026,WHITE,0,1,F,INDEX,,F,T,0,0
7/8/2026,11:02:35 AM,SPXW,ML/,170,2.8182,,CALL,7525,0,47910,7/9/2026,WHITE,0,1,F,INDEX,,F,T,0,0
7/8/2026,11:05:30 AM,SPXW,ML/,72,2.7385,,CALL,7525,0,19717,7/9/2026,WHITE,0,1,F,INDEX,,F,T,0,0
7/8/2026,11:05:31 AM,SPXW,ML/,145,2.7639,,CALL,7525,0,40076,7/9/2026,WHITE,0,1,F,INDEX,,F,T,0,0
7/8/2026,11:06:00 AM,SPXW,ML/,200,2.94,,CALL,7525,0,58800,7/9/2026,WHITE,0,1,F,INDEX,,F,T,0,0
7/8/2026,12:37:50 PM,SPXW,ML/,80,2.75,,CALL,7525,0,22000,7/9/2026,WHITE,0,1,F,INDEX,,F,T,0,0
7/8/2026,12:45:02 PM,SPXW,BLOCK,50,4,,CALL,7525,0,20000,7/9/2026,WHITE,0,1,F,INDEX,,F,T,0,0
7/8/2026,12:45:05 PM,SPXW,BLOCK,50,4.078,,CALL,7525,0,20389,7/9/2026,WHITE,0,1,F,INDEX,,F,T,0,0
7/8/2026,1:19:26 PM,SPXW,ML/,128,4.9294,,CALL,7525,0,63095,7/9/2026,WHITE,0,1,F,INDEX,,F,T,0,0
7/8/2026,1:22:13 PM,SPXW,BLOCK,140,5.6,,CALL,7525,0,78399,7/9/2026,WHITE,0,1,F,INDEX,,F,T,0,0
7/8/2026,2:40:26 PM,SPXW,ML/,150,4.87,,CALL,7525,0,73050,7/9/2026,WHITE,0,1,F,INDEX,,F,T,0,0
7/8/2026,3:45:00 PM,SPXW,ML/,175,4.3443,,CALL,7525,0,76025,7/9/2026,WHITE,0,1,F,INDEX,,F,T,0,0
7/8/2026,3:50:00 PM,SPXW,BLOCK,55,3.6036,,CALL,7525,0,19820,7/9/2026,WHITE,0,1,F,INDEX,,F,T,0,0
7/8/2026,3:50:33 PM,SPXW,BLOCK,50,4.1,,CALL,7525,0,20500,7/9/2026,WHITE,0,1,F,INDEX,,F,T,0,0
7/8/2026,3:54:52 PM,SPXW,BLOCK,68,4.6,,CALL,7525,0,31279,7/9/2026,WHITE,0,1,F,INDEX,,F,T,0,0
7/8/2026,3:56:11 PM,SPXW,BLOCK,52,4.5,,CALL,7525,0,23400,7/9/2026,WHITE,0,1,F,INDEX,,F,T,0,0
7/8/2026,3:57:02 PM,SPXW,BLOCK,96,5,,CALL,7525,0,48000,7/9/2026,WHITE,0,1,F,INDEX,,F,T,0,0
7/8/2026,3:59:31 PM,SPXW,BLOCK,93,4.9,,CALL,7525,0,45570,7/9/2026,WHITE,0,1,F,INDEX,,F,T,0,0
7/8/2026,4:11:00 PM,SPXW,ML/,54,3.7274,,CALL,7525,0,20128,7/9/2026,WHITE,0,1,F,INDEX,,F,T,0,0
7/8/2026,4:14:12 PM,SPXW,ML/,78,4.1,,CALL,7525,0,31979,7/9/2026,WHITE,0,1,F,INDEX,,F,T,0,0
7/8/2026,9:30:03 AM,SPXW,ML/,134,3.5941,,PUT,7395,0,48161,7/8/2026,WHITE,0,0,F,INDEX,,F,T,0,0
7/8/2026,9:35:02 AM,SPXW,ML/,67,3.6716,,PUT,7395,0,24600,7/8/2026,WHITE,0,0,F,INDEX,,F,T,0,0
7/8/2026,9:44:52 AM,SPXW,ML/,100,2.25,,PUT,7395,0,22500,7/8/2026,WHITE,0,0,F,INDEX,,F,T,0,0
7/8/2026,9:55:05 AM,SPXW,ML/,60,3.1037,,PUT,7395,0,18622,7/8/2026,WHITE,0,0,F,INDEX,,F,T,0,0
7/8/2026,10:00:53 AM,SPXW,ML/,61,2.0341,,PUT,7395,0,12408,7/8/2026,WHITE,0,0,F,INDEX,,F,T,0,0
7/8/2026,10:02:23 AM,SPXW,ML/,70,2.2957,,PUT,7395,0,16069,7/8/2026,WHITE,0,0,F,INDEX,,F,T,0,0
7/8/2026,10:03:39 AM,SPXW,ML/,309,2.477,,PUT,7395,0,76540,7/8/2026,WHITE,0,0,F,INDEX,,F,T,0,0
7/8/2026,10:09:40 AM,SPXW,ML/,75,1.8649,,PUT,7395,0,13987,7/8/2026,WHITE,0,0,F,INDEX,,F,T,0,0
7/8/2026,10:17:45 AM,SPXW,ML/,67,2.9703,,PUT,7395,0,19901,7/8/2026,WHITE,0,0,F,INDEX,,F,T,0,0
7/8/2026,10:24:01 AM,SPXW,ML/,63,1.754,,PUT,7395,0,11050,7/8/2026,WHITE,0,0,F,INDEX,,F,T,0,0
7/8/2026,10:24:14 AM,SPXW,ML/,79,1.7882,,PUT,7395,0,14127,7/8/2026,WHITE,0,0,F,INDEX,,F,T,0,0
7/8/2026,10:27:12 AM,SPXW,ML/,117,2.7721,,PUT,7395,0,32433,7/8/2026,WHITE,0,0,F,INDEX,,F,T,0,0
7/8/2026,10:35:55 AM,SPXW,ML/,61,2.7285,,PUT,7395,0,16644,7/8/2026,WHITE,0,0,F,INDEX,,F,T,0,0
7/8/2026,10:36:03 AM,SPXW,ML/,50,2.8902,,PUT,7395,0,14451,7/8/2026,WHITE,0,0,F,INDEX,,F,T,0,0
7/8/2026,10:39:07 AM,SPXW,ML/,52,2.8773,,PUT,7395,0,14961,7/8/2026,WHITE,0,0,F,INDEX,,F,T,0,0
7/8/2026,10:42:45 AM,SPXW,ML/,57,2.9018,,PUT,7395,0,16540,7/8/2026,WHITE,0,0,F,INDEX,,F,T,0,0
7/8/2026,10:47:20 AM,SPXW,ML/,102,3.2314,,PUT,7395,0,32960,7/8/2026,WHITE,0,0,F,INDEX,,F,T,0,0
7/8/2026,10:48:25 AM,SPXW,ML/,60,3.25,,PUT,7395,0,19500,7/8/2026,WHITE,0,0,F,INDEX,,F,T,0,0
7/8/2026,10:49:14 AM,SPXW,ML/,125,3.4322,,PUT,7395,0,42903,7/8/2026,WHITE,0,0,F,INDEX,,F,T,0,0
7/8/2026,10:49:21 AM,SPXW,ML/,78,3.6573,,PUT,7395,0,28527,7/8/2026,WHITE,0,0,F,INDEX,,F,T,0,0
7/8/2026,10:50:01 AM,SPXW,ML/,63,3.4837,,PUT,7395,0,21947,7/8/2026,WHITE,0,0,F,INDEX,,F,T,0,0
7/8/2026,10:50:27 AM,SPXW,ML/,65,4.116,,PUT,7395,0,26754,7/8/2026,WHITE,0,0,F,INDEX,,F,T,0,0
7/8/2026,10:50:38 AM,SPXW,ML/,56,4.2727,,PUT,7395,0,23927,7/8/2026,WHITE,0,0,F,INDEX,,F,T,0,0
7/8/2026,10:50:40 AM,SPXW,ML/,93,4.4585,,PUT,7395,0,41464,7/8/2026,WHITE,0,0,F,INDEX,,F,T,0,0
7/8/2026,10:52:10 AM,SPXW,BLOCK,93,3.3011,,PUT,7395,0,30700,7/8/2026,WHITE,0,0,F,INDEX,,F,T,0,0
7/8/2026,10:52:57 AM,SPXW,ML/,109,2.8202,,PUT,7395,0,30739,7/8/2026,WHITE,0,0,F,INDEX,,F,T,0,0
7/8/2026,10:53:46 AM,SPXW,ML/,107,2.536,,PUT,7395,0,27135,7/8/2026,WHITE,0,0,F,INDEX,,F,T,0,0
7/8/2026,10:53:51 AM,SPXW,BLOCK,54,2.4981,,PUT,7395,0,13490,7/8/2026,WHITE,0,0,F,INDEX,,F,T,0,0
7/8/2026,11:04:20 AM,SPXW,BLOCK,100,3.2,,PUT,7395,0,32000,7/8/2026,WHITE,0,0,F,INDEX,,F,T,0,0
7/8/2026,11:06:33 AM,SPXW,BLOCK,117,3.1,,PUT,7395,0,36270,7/8/2026,WHITE,0,0,F,INDEX,,F,T,0,0
7/8/2026,11:12:15 AM,SPXW,BLOCK,102,3.4,,PUT,7395,0,34680,7/8/2026,WHITE,0,0,F,INDEX,,F,T,0,0
7/8/2026,11:14:10 AM,SPXW,ML/,56,3.5402,,PUT,7395,0,19825,7/8/2026,WHITE,0,0,F,INDEX,,F,T,0,0
7/8/2026,11:16:22 AM,SPXW,ML/,54,4.5039,,PUT,7395,0,24321,7/8/2026,WHITE,0,0,F,INDEX,,F,T,0,0
7/8/2026,11:17:14 AM,SPXW,ML/,68,4.6574,,PUT,7395,0,31670,7/8/2026,WHITE,0,0,F,INDEX,,F,T,0,0
7/8/2026,11:17:29 AM,SPXW,ML/,50,4.9524,,PUT,7395,0,24762,7/8/2026,WHITE,0,0,F,INDEX,,F,T,0,0
7/8/2026,11:17:31 AM,SPXW,ML/,51,5.0453,,PUT,7395,0,25731,7/8/2026,WHITE,0,0,F,INDEX,,F,T,0,0
7/8/2026,11:17:40 AM,SPXW,ML/,59,4.6517,,PUT,7395,0,27445,7/8/2026,WHITE,0,0,F,INDEX,,F,T,0,0
7/8/2026,11:24:25 AM,SPXW,ML/,102,5.3884,,PUT,7395,0,54962,7/8/2026,WHITE,0,0,F,INDEX,,F,T,0,0
7/8/2026,11:25:29 AM,SPXW,ML/,59,5.7364,,PUT,7395,0,33845,7/8/2026,WHITE,0,0,F,INDEX,,F,T,0,0
7/8/2026,11:26:11 AM,SPXW,ML/,72,6.0326,,PUT,7395,0,43435,7/8/2026,WHITE,0,0,F,INDEX,,F,T,0,0
7/8/2026,11:30:24 AM,SPXW,ML/,131,6.1905,,PUT,7395,0,81095,7/8/2026,WHITE,0,0,F,INDEX,,F,T,0,0
7/8/2026,11:33:12 AM,SPXW,ML/,326,4.4484,,PUT,7395,0,145018,7/8/2026,WHITE,0,0,F,INDEX,,F,T,0,0
7/8/2026,11:39:11 AM,SPXW,ML/,100,3.4,,PUT,7395,0,34000,7/8/2026,WHITE,0,0,F,INDEX,,F,T,0,0
7/8/2026,11:40:07 AM,SPXW,ML/,132,3.8473,,PUT,7395,0,50785,7/8/2026,WHITE,0,0,F,INDEX,,F,T,0,0
7/8/2026,11:41:03 AM,SPXW,ML/,200,3.35,,PUT,7395,0,67000,7/8/2026,WHITE,0,0,F,INDEX,,F,T,0,0
7/8/2026,11:55:21 AM,SPXW,ML/,114,3.4982,,PUT,7395,0,39880,7/8/2026,WHITE,0,0,F,INDEX,,F,T,0,0
7/8/2026,11:58:38 AM,SPXW,ML/,160,3.9484,,PUT,7395,0,63174,7/8/2026,WHITE,0,0,F,INDEX,,F,T,0,0
7/8/2026,12:04:21 PM,SPXW,BLOCK,51,2.9,,PUT,7395,0,14790,7/8/2026,WHITE,0,0,F,INDEX,,F,T,0,0
7/8/2026,12:07:32 PM,SPXW,ML/,52,2.301,,PUT,7395,0,11965,7/8/2026,WHITE,0,0,F,INDEX,,F,T,0,0
7/8/2026,12:13:48 PM,SPXW,ML/,100,1.539,,PUT,7395,0,15390,7/8/2026,WHITE,0,0,F,INDEX,,F,T,0,0
7/8/2026,12:22:58 PM,SPXW,ML/,295,1.0471,,PUT,7395,0,30889,7/8/2026,WHITE,0,0,F,INDEX,,F,T,0,0
7/8/2026,12:24:38 PM,SPXW,BLOCK,361,1.0928,,PUT,7395,0,39450,7/8/2026,WHITE,0,0,F,INDEX,,F,T,0,0
7/8/2026,12:35:50 PM,SPXW,BLOCK,121,0.9,,PUT,7395,0,10890,7/8/2026,WHITE,0,0,F,INDEX,,F,T,0,0
7/8/2026,9:32:31 AM,SPXW,ML/,201,2.9196,,PUT,7385,0,58684,7/8/2026,WHITE,0,0,F,INDEX,,F,T,0,0
7/8/2026,9:42:09 AM,SPXW,ML/,200,1.85,,PUT,7385,0,37000,7/8/2026,WHITE,0,0,F,INDEX,,F,T,0,0
7/8/2026,9:42:45 AM,SPXW,ML/,200,2,,PUT,7385,0,40000,7/8/2026,WHITE,0,0,F,INDEX,,F,T,0,0
7/8/2026,9:43:23 AM,SPXW,ML/,200,1.93,,PUT,7385,0,38600,7/8/2026,WHITE,0,0,F,INDEX,,F,T,0,0
7/8/2026,9:43:29 AM,SPXW,ML/,200,1.85,,PUT,7385,0,37000,7/8/2026,WHITE,0,0,F,INDEX,,F,T,0,0
7/8/2026,9:43:45 AM,SPXW,ML/,201,1.9199,,PUT,7385,0,38590,7/8/2026,WHITE,0,0,F,INDEX,,F,T,0,0
7/8/2026,9:44:12 AM,SPXW,ML/,200,1.85,,PUT,7385,0,37000,7/8/2026,WHITE,0,0,F,INDEX,,F,T,0,0
7/8/2026,9:49:04 AM,SPXW,ML/,103,1.6,,PUT,7385,0,16480,7/8/2026,WHITE,0,0,F,INDEX,,F,T,0,0
7/8/2026,9:49:34 AM,SPXW,ML/,142,1.92,,PUT,7385,0,27264,7/8/2026,WHITE,0,0,F,INDEX,,F,T,0,0
7/8/2026,9:49:35 AM,SPXW,ML/,167,1.9462,,PUT,7385,0,32502,7/8/2026,WHITE,0,0,F,INDEX,,F,T,0,0
7/8/2026,9:51:02 AM,SPXW,ML/,61,1.8374,,PUT,7385,0,11208,7/8/2026,WHITE,0,0,F,INDEX,,F,T,0,0
7/8/2026,10:10:04 AM,SPXW,ML/,80,1.38,,PUT,7385,0,11040,7/8/2026,WHITE,0,0,F,INDEX,,F,T,0,0
7/8/2026,10:11:59 AM,SPXW,BLOCK,68,1.75,,PUT,7385,0,11900,7/8/2026,WHITE,0,0,F,INDEX,,F,T,0,0
7/8/2026,10:27:13 AM,SPXW,ML/,53,2.0202,,PUT,7385,0,10707,7/8/2026,WHITE,0,0,F,INDEX,,F,T,0,0
7/8/2026,10:37:24 AM,SPXW,BLOCK,100,2.0845,,PUT,7385,0,20845,7/8/2026,WHITE,0,0,F,INDEX,,F,T,0,0
7/8/2026,10:39:44 AM,SPXW,BLOCK,100,2.15,,PUT,7385,0,21499,7/8/2026,WHITE,0,0,F,INDEX,,F,T,0,0
7/8/2026,10:49:14 AM,SPXW,ML/,210,2.3773,,PUT,7385,0,49924,7/8/2026,WHITE,0,0,F,INDEX,,F,T,0,0
7/8/2026,10:50:38 AM,SPXW,ML/,81,2.9719,,PUT,7385,0,24072,7/8/2026,WHITE,0,0,F,INDEX,,F,T,0,0
7/8/2026,10:52:57 AM,SPXW,ML/,100,1.92,,PUT,7385,0,19200,7/8/2026,WHITE,0,0,F,INDEX,,F,T,0,0
7/8/2026,10:53:45 AM,SPXW,ML/,76,2.1266,,PUT,7385,0,16162,7/8/2026,WHITE,0,0,F,INDEX,,F,T,0,0
7/8/2026,10:53:46 AM,SPXW,ML/,166,1.7329,,PUT,7385,0,28766,7/8/2026,WHITE,0,0,F,INDEX,,F,T,0,0
7/8/2026,11:10:53 AM,SPXW,BLOCK,57,2.0825,,PUT,7385,0,11870,7/8/2026,WHITE,0,0,F,INDEX,,F,T,0,0
7/8/2026,11:12:02 AM,SPXW,ML/,65,2.1723,,PUT,7385,0,14119,7/8/2026,WHITE,0,0,F,INDEX,,F,T,0,0
7/8/2026,11:17:29 AM,SPXW,ML/,87,3.4103,,PUT,7385,0,29670,7/8/2026,WHITE,0,0,F,INDEX,,F,T,0,0
7/8/2026,11:24:25 AM,SPXW,ML/,104,3.7279,,PUT,7385,0,38770,7/8/2026,WHITE,0,0,F,INDEX,,F,T,0,0
7/8/2026,11:26:01 AM,SPXW,ML/,155,3.8801,,PUT,7385,0,60142,7/8/2026,WHITE,0,0,F,INDEX,,F,T,0,0
7/8/2026,11:26:11 AM,SPXW,ML/,55,4.1733,,PUT,7385,0,22953,7/8/2026,WHITE,0,0,F,INDEX,,F,T,0,0
7/8/2026,11:26:23 AM,SPXW,ML/,80,4.4751,,PUT,7385,0,35801,7/8/2026,WHITE,0,0,F,INDEX,,F,T,0,0
7/8/2026,11:59:10 AM,SPXW,ML/,56,2.378,,PUT,7385,0,13316,7/8/2026,WHITE,0,0,F,INDEX,,F,T,0,0
7/8/2026,12:06:31 PM,SPXW,ML/,75,1.58,,PUT,7385,0,11850,7/8/2026,WHITE,0,0,F,INDEX,,F,T,0,0
7/8/2026,11:57:03 AM,SPXW,ML/,70,5.764,,CALL,7700,0,40347,7/27/2026,WHITE,0,19,F,INDEX,,F,T,0,0
7/8/2026,9:50:02 AM,SPXW,ML/,80,56.03,,PUT,7375,0,448239,7/27/2026,WHITE,0,19,F,INDEX,,F,T,0,0
7/8/2026,10:43:46 AM,SPXW,SWEEP,50,14.1,A,PUT,7400,0,70500,7/9/2026,WHITE,0,1,F,INDEX,,F,T,0,0
7/8/2026,10:46:40 AM,SPXW,ML/,78,14.5949,,PUT,7400,0,113839,7/9/2026,WHITE,0,1,F,INDEX,,F,T,0,0
7/8/2026,10:53:46 AM,SPXW,ML/,53,13.7906,,PUT,7400,0,73090,7/9/2026,WHITE,0,1,F,INDEX,,F,T,0,0
7/8/2026,11:16:35 AM,SPXW,ML/,70,17.5456,,PUT,7400,0,122819,7/9/2026,WHITE,0,1,F,INDEX,,F,T,0,0
7/8/2026,11:19:10 AM,SPXW,ML/,56,15.8004,,PUT,7400,0,88482,7/9/2026,WHITE,0,1,F,INDEX,,F,T,0,0
7/8/2026,11:49:35 AM,SPXW,ML/,500,17.47,,PUT,7400,0,873500,7/9/2026,WHITE,0,1,F,INDEX,,F,T,0,0
7/8/2026,11:52:04 AM,SPXW,ML/,101,18,,PUT,7400,0,181800,7/9/2026,WHITE,0,1,F,INDEX,,F,T,0,0
7/8/2026,11:54:52 AM,SPXW,ML/,52,17.9377,,PUT,7400,0,93276,7/9/2026,WHITE,0,1,F,INDEX,,F,T,0,0
7/8/2026,1:33:21 PM,SPXW,BLOCK,52,4.6,,PUT,7400,0,23920,7/9/2026,WHITE,0,1,F,INDEX,,F,T,0,0
7/8/2026,1:57:34 PM,SPXW,BLOCK,52,7.2,,PUT,7400,0,37440,7/9/2026,WHITE,0,1,F,INDEX,,F,T,0,0
7/8/2026,2:33:47 PM,SPXW,BLOCK,100,6.308,,PUT,7400,0,63079,7/9/2026,WHITE,0,1,F,INDEX,,F,T,0,0
7/8/2026,2:33:55 PM,SPXW,ML/,100,6.2,,PUT,7400,0,62000,7/9/2026,WHITE,0,1,F,INDEX,,F,T,0,0
7/8/2026,3:50:24 PM,SPXW,BLOCK,77,4.2494,,PUT,7400,0,32720,7/9/2026,WHITE,0,1,F,INDEX,,F,T,0,0
7/8/2026,4:01:05 PM,SPXW,BLOCK,99,4.3,,PUT,7400,0,42570,7/9/2026,WHITE,0,1,F,INDEX,,F,T,0,0
7/8/2026,4:04:53 PM,SPXW,ML/,130,4.05,,PUT,7400,0,52650,7/9/2026,WHITE,0,1,F,INDEX,,F,T,0,0
7/8/2026,4:06:52 PM,SPXW,BLOCK,80,4.2,,PUT,7400,0,33600,7/9/2026,WHITE,0,1,F,INDEX,,F,T,0,0
7/8/2026,4:06:57 PM,SPXW,BLOCK,55,4.2,,PUT,7400,0,23100,7/9/2026,WHITE,0,1,F,INDEX,,F,T,0,0
7/8/2026,2:15:51 PM,SPXW,BLOCK,70,2.85,,PUT,7375,0,19950,7/9/2026,WHITE,0,1,F,INDEX,,F,T,0,0
7/8/2026,10:15:17 AM,SPXW,ML/,150,0.92,,PUT,7355,0,13800,7/8/2026,WHITE,0,0,F,INDEX,,F,T,0,0
7/8/2026,11:33:14 AM,SPXW,ML/,200,0.95,,PUT,7355,0,19000,7/8/2026,WHITE,0,0,F,INDEX,,F,T,0,0
7/8/2026,9:47:45 AM,SPXW,ML/,500,3.5,,PUT,7415,0,175000,7/8/2026,WHITE,0,0,F,INDEX,,F,T,0,0
7/8/2026,9:49:08 AM,SPXW,ML/,258,4.3384,,PUT,7415,0,111930,7/8/2026,WHITE,0,0,F,INDEX,,F,T,0,0
7/8/2026,10:09:40 AM,SPXW,ML/,57,3.6181,,PUT,7415,0,20623,7/8/2026,WHITE,0,0,F,INDEX,,F,T,0,0
7/8/2026,10:10:54 AM,SPXW,ML/,53,3.9019,,PUT,7415,0,20680,7/8/2026,WHITE,0,0,F,INDEX,,F,T,0,0
7/8/2026,10:12:01 AM,SPXW,ML/,57,4.5154,,PUT,7415,0,25738,7/8/2026,WHITE,0,0,F,INDEX,,F,T,0,0
7/8/2026,10:15:08 AM,SPXW,BLOCK,61,5.0016,,PUT,7415,0,30510,7/8/2026,WHITE,0,0,F,INDEX,,F,T,0,0
7/8/2026,10:15:17 AM,SPXW,ML/,62,5.6226,,PUT,7415,0,34860,7/8/2026,WHITE,0,0,F,INDEX,,F,T,0,0
7/8/2026,10:21:50 AM,SPXW,ML/,55,3.1751,,PUT,7415,0,17463,7/8/2026,WHITE,0,0,F,INDEX,,F,T,0,0
7/8/2026,10:27:03 AM,SPXW,ML/,57,4.1914,,PUT,7415,0,23891,7/8/2026,WHITE,0,0,F,INDEX,,F,T,0,0
7/8/2026,10:27:12 AM,SPXW,BLOCK,80,5.1,,PUT,7415,0,40800,7/8/2026,WHITE,0,0,F,INDEX,,F,T,0,0
7/8/2026,10:38:42 AM,SPXW,BLOCK,55,5.4891,,PUT,7415,0,30189,7/8/2026,WHITE,0,0,F,INDEX,,F,T,0,0
7/8/2026,10:45:42 AM,SPXW,ML/,51,6.4657,,PUT,7415,0,32975,7/8/2026,WHITE,0,0,F,INDEX,,F,T,0,0
7/8/2026,10:45:46 AM,SPXW,ML/,122,6.5615,,PUT,7415,0,80050,7/8/2026,WHITE,0,0,F,INDEX,,F,T,0,0
7/8/2026,10:47:07 AM,SPXW,ML/,52,6.9206,,PUT,7415,0,35987,7/8/2026,WHITE,0,0,F,INDEX,,F,T,0,0
7/8/2026,10:50:10 AM,SPXW,ML/,551,7.8227,,PUT,7415,0,431030,7/8/2026,WHITE,0,0,F,INDEX,,F,T,0,0
7/8/2026,10:50:26 AM,SPXW,ML/,65,8.0651,,PUT,7415,0,52423,7/8/2026,WHITE,0,0,F,INDEX,,F,T,0,0
7/8/2026,10:50:29 AM,SPXW,ML/,74,8.3185,,PUT,7415,0,61556,7/8/2026,WHITE,0,0,F,INDEX,,F,T,0,0
7/8/2026,10:50:32 AM,SPXW,ML/,60,8.3442,,PUT,7415,0,50065,7/8/2026,WHITE,0,0,F,INDEX,,F,T,0,0
7/8/2026,10:50:45 AM,SPXW,ML/,100,8.6304,,PUT,7415,0,86304,7/8/2026,WHITE,0,0,F,INDEX,,F,T,0,0
7/8/2026,10:53:48 AM,SPXW,ML/,191,5.0937,,PUT,7415,0,97290,7/8/2026,WHITE,0,0,F,INDEX,,F,T,0,0
7/8/2026,11:16:21 AM,SPXW,ML/,56,8.9514,,PUT,7415,0,50128,7/8/2026,WHITE,0,0,F,INDEX,,F,T,0,0
7/8/2026,11:26:12 AM,SPXW,ML/,75,11.9013,,PUT,7415,0,89260,7/8/2026,WHITE,0,0,F,INDEX,,F,T,0,0
7/8/2026,11:26:28 AM,SPXW,ML/,93,12.7514,,PUT,7415,0,118587,7/8/2026,WHITE,0,0,F,INDEX,,F,T,0,0
7/8/2026,11:37:37 AM,SPXW,ML/,103,6.9201,,PUT,7415,0,71277,7/8/2026,WHITE,0,0,F,INDEX,,F,T,0,0
7/8/2026,12:05:35 PM,SPXW,ML/,145,5.0528,,PUT,7415,0,73265,7/8/2026,WHITE,0,0,F,INDEX,,F,T,0,0
7/8/2026,12:08:20 PM,SPXW,ML/,86,6.161,,PUT,7415,0,52985,7/8/2026,WHITE,0,0,F,INDEX,,F,T,0,0
7/8/2026,12:10:31 PM,SPXW,ML/,56,4.1,,PUT,7415,0,22960,7/8/2026,WHITE,0,0,F,INDEX,,F,T,0,0
7/8/2026,12:15:05 PM,SPXW,ML/,201,3.6998,,PUT,7415,0,74365,7/8/2026,WHITE,0,0,F,INDEX,,F,T,0,0
7/8/2026,12:22:34 PM,SPXW,ML/,101,2.6302,,PUT,7415,0,26564,7/8/2026,WHITE,0,0,F,INDEX,,F,T,0,0
7/8/2026,12:22:35 PM,SPXW,ML/,402,2.6444,,PUT,7415,0,106306,7/8/2026,WHITE,0,0,F,INDEX,,F,T,0,0
7/8/2026,12:25:12 PM,SPXW,BLOCK,51,2.65,,PUT,7415,0,13515,7/8/2026,WHITE,0,0,F,INDEX,,F,T,0,0
7/8/2026,12:25:25 PM,SPXW,BLOCK,50,2.85,,PUT,7415,0,14250,7/8/2026,WHITE,0,0,F,INDEX,,F,T,0,0
7/8/2026,12:26:33 PM,SPXW,ML/,69,2.42,,PUT,7415,0,16698,7/8/2026,WHITE,0,0,F,INDEX,,F,T,0,0
7/8/2026,12:30:41 PM,SPXW,ML/,91,1.9002,,PUT,7415,0,17292,7/8/2026,WHITE,0,0,F,INDEX,,F,T,0,0
7/8/2026,12:34:46 PM,SPXW,ML/,56,2.1009,,PUT,7415,0,11765,7/8/2026,WHITE,0,0,F,INDEX,,F,T,0,0
7/8/2026,12:35:11 PM,SPXW,ML/,82,2.0155,,PUT,7415,0,16527,7/8/2026,WHITE,0,0,F,INDEX,,F,T,0,0
7/8/2026,12:39:42 PM,SPXW,ML/,56,2.052,,PUT,7415,0,11491,7/8/2026,WHITE,0,0,F,INDEX,,F,T,0,0
7/8/2026,12:40:07 PM,SPXW,ML/,77,2.1223,,PUT,7415,0,16341,7/8/2026,WHITE,0,0,F,INDEX,,F,T,0,0
7/8/2026,12:51:09 PM,SPXW,BLOCK,136,1,,PUT,7415,0,13600,7/8/2026,WHITE,0,0,F,INDEX,,F,T,0,0
7/8/2026,12:52:15 PM,SPXW,ML/,154,0.949,,PUT,7415,0,14615,7/8/2026,WHITE,0,0,F,INDEX,,F,T,0,0
7/8/2026,9:35:02 AM,SPXW,ML/,71,5.6763,,PUT,7410,0,40302,7/8/2026,WHITE,0,0,F,INDEX,,F,T,0,0
7/8/2026,9:49:08 AM,SPXW,ML/,75,3.652,,PUT,7410,0,27389,7/8/2026,WHITE,0,0,F,INDEX,,F,T,0,0
7/8/2026,9:56:45 AM,SPXW,ML/,60,4.32,,PUT,7410,0,25920,7/8/2026,WHITE,0,0,F,INDEX,,F,T,0,0
7/8/2026,10:02:00 AM,SPXW,ML/,65,3.5615,,PUT,7410,0,23150,7/8/2026,WHITE,0,0,F,INDEX,,F,T,0,0
7/8/2026,10:03:17 AM,SPXW,ML/,65,4.0938,,PUT,7410,0,26609,7/8/2026,WHITE,0,0,F,INDEX,,F,T,0,0
7/8/2026,10:09:40 AM,SPXW,ML/,71,3.0785,,PUT,7410,0,21857,7/8/2026,WHITE,0,0,F,INDEX,,F,T,0,0
7/8/2026,10:19:19 AM,SPXW,BLOCK,51,4.8,,PUT,7410,0,24480,7/8/2026,WHITE,0,0,F,INDEX,,F,T,0,0
7/8/2026,10:27:13 AM,SPXW,ML/,70,4.7839,,PUT,7410,0,33487,7/8/2026,WHITE,0,0,F,INDEX,,F,T,0,0
7/8/2026,10:37:00 AM,SPXW,ML/,65,5.1212,,PUT,7410,0,33288,7/8/2026,WHITE,0,0,F,INDEX,,F,T,0,0
7/8/2026,10:37:03 AM,SPXW,ML/,210,5.391,,PUT,7410,0,113210,7/8/2026,WHITE,0,0,F,INDEX,,F,T,0,0
7/8/2026,10:37:24 AM,SPXW,ML/,59,4.8017,,PUT,7410,0,28330,7/8/2026,WHITE,0,0,F,INDEX,,F,T,0,0
7/8/2026,10:45:42 AM,SPXW,ML/,54,5.4678,,PUT,7410,0,29526,7/8/2026,WHITE,0,0,F,INDEX,,F,T,0,0
7/8/2026,10:46:41 AM,SPXW,ML/,159,5.6135,,PUT,7410,0,89255,7/8/2026,WHITE,0,0,F,INDEX,,F,T,0,0
7/8/2026,10:49:20 AM,SPXW,ML/,55,6.1047,,PUT,7410,0,33576,7/8/2026,WHITE,0,0,F,INDEX,,F,T,0,0
7/8/2026,10:49:59 AM,SPXW,ML/,130,6.0659,,PUT,7410,0,78857,7/8/2026,WHITE,0,0,F,INDEX,,F,T,0,0
7/8/2026,10:50:12 AM,SPXW,ML/,51,6.5884,,PUT,7410,0,33601,7/8/2026,WHITE,0,0,F,INDEX,,F,T,0,0
7/8/2026,10:50:37 AM,SPXW,ML/,104,7.5172,,PUT,7410,0,78179,7/8/2026,WHITE,0,0,F,INDEX,,F,T,0,0
7/8/2026,10:50:52 AM,SPXW,ML/,50,6.5916,,PUT,7410,0,32958,7/8/2026,WHITE,0,0,F,INDEX,,F,T,0,0
7/8/2026,10:53:48 AM,SPXW,ML/,98,4.1591,,PUT,7410,0,40759,7/8/2026,WHITE,0,0,F,INDEX,,F,T,0,0
7/8/2026,11:01:02 AM,SPXW,ML/,201,5.2254,,PUT,7410,0,105030,7/8/2026,WHITE,0,0,F,INDEX,,F,T,0,0
7/8/2026,11:05:59 AM,SPXW,ML/,235,4.7455,,PUT,7410,0,111520,7/8/2026,WHITE,0,0,F,INDEX,,F,T,0,0
7/8/2026,11:16:22 AM,SPXW,ML/,86,7.6948,,PUT,7410,0,66175,7/8/2026,WHITE,0,0,F,INDEX,,F,T,0,0
7/8/2026,11:17:31 AM,SPXW,ML/,52,8.5019,,PUT,7410,0,44210,7/8/2026,WHITE,0,0,F,INDEX,,F,T,0,0
7/8/2026,11:23:59 AM,SPXW,ML/,59,8.5181,,PUT,7410,0,50257,7/8/2026,WHITE,0,0,F,INDEX,,F,T,0,0
7/8/2026,11:26:12 AM,SPXW,ML/,63,10.1503,,PUT,7410,0,63947,7/8/2026,WHITE,0,0,F,INDEX,,F,T,0,0
7/8/2026,11:31:44 AM,SPXW,BLOCK,59,10,,PUT,7410,0,59000,7/8/2026,WHITE,0,0,F,INDEX,,F,T,0,0
7/8/2026,11:33:12 AM,SPXW,ML/,53,7.6208,,PUT,7410,0,40390,7/8/2026,WHITE,0,0,F,INDEX,,F,T,0,0
7/8/2026,12:02:22 PM,SPXW,ML/,57,5.6,,PUT,7410,0,31920,7/8/2026,WHITE,0,0,F,INDEX,,F,T,0,0
7/8/2026,12:08:18 PM,SPXW,ML/,145,4.9707,,PUT,7410,0,72075,7/8/2026,WHITE,0,0,F,INDEX,,F,T,0,0
7/8/2026,12:11:42 PM,SPXW,ML/,50,3.23,,PUT,7410,0,16150,7/8/2026,WHITE,0,0,F,INDEX,,F,T,0,0
7/8/2026,12:11:42 PM,SPXW,ML/,50,3.26,,PUT,7410,0,16300,7/8/2026,WHITE,0,0,F,INDEX,,F,T,0,0
7/8/2026,12:15:27 PM,SPXW,ML/,474,2.9815,,PUT,7410,0,141324,7/8/2026,WHITE,0,0,F,INDEX,,F,T,0,0
7/8/2026,12:19:37 PM,SPXW,ML/,162,2.6698,,PUT,7410,0,43250,7/8/2026,WHITE,0,0,F,INDEX,,F,T,0,0
7/8/2026,12:21:41 PM,SPXW,ML/,75,1.9168,,PUT,7410,0,14376,7/8/2026,WHITE,0,0,F,INDEX,,F,T,0,0
7/8/2026,12:24:13 PM,SPXW,ML/,85,2.15,,PUT,7410,0,18275,7/8/2026,WHITE,0,0,F,INDEX,,F,T,0,0
7/8/2026,12:26:32 PM,SPXW,ML/,78,1.9247,,PUT,7410,0,15013,7/8/2026,WHITE,0,0,F,INDEX,,F,T,0,0
7/8/2026,12:27:37 PM,SPXW,ML/,99,1.7823,,PUT,7410,0,17645,7/8/2026,WHITE,0,0,F,INDEX,,F,T,0,0
7/8/2026,12:36:27 PM,SPXW,BLOCK,95,2.0005,,PUT,7410,0,19005,7/8/2026,WHITE,0,0,F,INDEX,,F,T,0,0
7/8/2026,12:39:42 PM,SPXW,ML/,62,1.7769,,PUT,7410,0,11017,7/8/2026,WHITE,0,0,F,INDEX,,F,T,0,0
7/8/2026,12:45:34 PM,SPXW,ML/,162,1.0988,,PUT,7410,0,17800,7/8/2026,WHITE,0,0,F,INDEX,,F,T,0,0
7/8/2026,12:48:28 PM,SPXW,ML/,113,0.8867,,PUT,7410,0,10020,7/8/2026,WHITE,0,0,F,INDEX,,F,T,0,0
7/8/2026,9:30:41 AM,SPXW,BLOCK,50,5.4,,PUT,7405,0,27000,7/8/2026,WHITE,0,0,F,INDEX,,F,T,0,0
7/8/2026,9:35:13 AM,SPXW,ML/,54,5.0009,,PUT,7405,0,27005,7/8/2026,WHITE,0,0,F,INDEX,,F,T,0,0
7/8/2026,9:47:45 AM,SPXW,ML/,501,2.6004,,PUT,7405,0,130280,7/8/2026,WHITE,0,0,F,INDEX,,F,T,0,0
7/8/2026,9:49:24 AM,SPXW,ML/,62,2.6732,,PUT,7405,0,16574,7/8/2026,WHITE,0,0,F,INDEX,,F,T,0,0
7/8/2026,9:58:25 AM,SPXW,ML/,50,3,,PUT,7405,0,15000,7/8/2026,WHITE,0,0,F,INDEX,,F,T,0,0
7/8/2026,10:05:01 AM,SPXW,ML/,97,2.6924,,PUT,7405,0,26115,7/8/2026,WHITE,0,0,F,INDEX,,F,T,0,0
7/8/2026,10:09:40 AM,SPXW,ML/,68,2.6446,,PUT,7405,0,17983,7/8/2026,WHITE,0,0,F,INDEX,,F,T,0,0
7/8/2026,10:10:04 AM,SPXW,ML/,90,2.5,,PUT,7405,0,22500,7/8/2026,WHITE,0,0,F,INDEX,,F,T,0,0
7/8/2026,10:15:45 AM,SPXW,ML/,54,4.4837,,PUT,7405,0,24212,7/8/2026,WHITE,0,0,F,INDEX,,F,T,0,0
7/8/2026,10:21:17 AM,SPXW,ML/,61,2.6051,,PUT,7405,0,15891,7/8/2026,WHITE,0,0,F,INDEX,,F,T,0,0
7/8/2026,10:27:09 AM,SPXW,ML/,57,3.4,,PUT,7405,0,19380,7/8/2026,WHITE,0,0,F,INDEX,,F,T,0,0
7/8/2026,10:28:52 AM,SPXW,ML/,108,3.21,,PUT,7405,0,34668,7/8/2026,WHITE,0,0,F,INDEX,,F,T,0,0
7/8/2026,10:33:55 AM,SPXW,BLOCK,56,3.0214,,PUT,7405,0,16920,7/8/2026,WHITE,0,0,F,INDEX,,F,T,0,0
7/8/2026,10:35:55 AM,SPXW,ML/,51,3.9139,,PUT,7405,0,19961,7/8/2026,WHITE,0,0,F,INDEX,,F,T,0,0
7/8/2026,10:39:07 AM,SPXW,ML/,51,4.0804,,PUT,7405,0,20810,7/8/2026,WHITE,0,0,F,INDEX,,F,T,0,0
7/8/2026,10:41:46 AM,SPXW,ML/,58,3.8628,,PUT,7405,0,22404,7/8/2026,WHITE,0,0,F,INDEX,,F,T,0,0
7/8/2026,10:49:14 AM,SPXW,ML/,65,4.9338,,PUT,7405,0,32070,7/8/2026,WHITE,0,0,F,INDEX,,F,T,0,0
7/8/2026,10:50:14 AM,SPXW,ML/,501,5.5299,,PUT,7405,0,277047,7/8/2026,WHITE,0,0,F,INDEX,,F,T,0,0
7/8/2026,10:50:38 AM,SPXW,ML/,122,6.3518,,PUT,7405,0,77492,7/8/2026,WHITE,0,0,F,INDEX,,F,T,0,0
7/8/2026,10:50:46 AM,SPXW,BLOCK,62,6.2661,,PUT,7405,0,38850,7/8/2026,WHITE,0,0,F,INDEX,,F,T,0,0
7/8/2026,10:53:46 AM,SPXW,ML/,103,3.5832,,PUT,7405,0,36907,7/8/2026,WHITE,0,0,F,INDEX,,F,T,0,0
7/8/2026,11:05:29 AM,SPXW,ML/,50,4.47,,PUT,7405,0,22349,7/8/2026,WHITE,0,0,F,INDEX,,F,T,0,0
7/8/2026,11:13:01 AM,SPXW,ML/,51,4.1004,,PUT,7405,0,20911,7/8/2026,WHITE,0,0,F,INDEX,,F,T,0,0
7/8/2026,11:17:14 AM,SPXW,ML/,68,6.664,,PUT,7405,0,45315,7/8/2026,WHITE,0,0,F,INDEX,,F,T,0,0
7/8/2026,11:18:35 AM,SPXW,ML/,154,6.1058,,PUT,7405,0,94030,7/8/2026,WHITE,0,0,F,INDEX,,F,T,0,0
7/8/2026,11:24:03 AM,SPXW,ML/,96,7.3123,,PUT,7405,0,70198,7/8/2026,WHITE,0,0,F,INDEX,,F,T,0,0
7/8/2026,11:24:23 AM,SPXW,ML/,94,7.5305,,PUT,7405,0,70787,7/8/2026,WHITE,0,0,F,INDEX,,F,T,0,0
7/8/2026,11:30:24 AM,SPXW,ML/,82,8.9061,,PUT,7405,0,73030,7/8/2026,WHITE,0,0,F,INDEX,,F,T,0,0
7/8/2026,11:35:05 AM,SPXW,ML/,100,6.05,,PUT,7405,0,60500,7/8/2026,WHITE,0,0,F,INDEX,,F,T,0,0
7/8/2026,11:36:26 AM,SPXW,BLOCK,50,5.604,,PUT,7405,0,28020,7/8/2026,WHITE,0,0,F,INDEX,,F,T,0,0
7/8/2026,11:39:11 AM,SPXW,ML/,112,5.1598,,PUT,7405,0,57790,7/8/2026,WHITE,0,0,F,INDEX,,F,T,0,0
7/8/2026,12:03:23 PM,SPXW,BLOCK,53,4.4849,,PUT,7405,0,23770,7/8/2026,WHITE,0,0,F,INDEX,,F,T,0,0
7/8/2026,12:06:08 PM,SPXW,ML/,53,3.6028,,PUT,7405,0,19095,7/8/2026,WHITE,0,0,F,INDEX,,F,T,0,0
7/8/2026,12:07:33 PM,SPXW,ML/,141,3.54,,PUT,7405,0,49914,7/8/2026,WHITE,0,0,F,INDEX,,F,T,0,0
7/8/2026,12:22:34 PM,SPXW,ML/,101,1.6797,,PUT,7405,0,16965,7/8/2026,WHITE,0,0,F,INDEX,,F,T,0,0
7/8/2026,12:22:35 PM,SPXW,ML/,400,1.6944,,PUT,7405,0,67776,7/8/2026,WHITE,0,0,F,INDEX,,F,T,0,0
7/8/2026,12:24:17 PM,SPXW,BLOCK,61,1.7926,,PUT,7405,0,10935,7/8/2026,WHITE,0,0,F,INDEX,,F,T,0,0
7/8/2026,9:33:01 AM,SPXW,ML/,280,0.83,,CALL,7545,0,23239,7/8/2026,WHITE,0,0,F,INDEX,,F,T,0,0
7/8/2026,9:40:13 AM,SPXW,ML/,152,0.7707,,CALL,7545,0,11714,7/8/2026,WHITE,0,0,F,INDEX,,F,T,0,0
7/8/2026,9:38:11 AM,SPXW,BLOCK,80,103,,PUT,7500,0,824000,7/28/2026,WHITE,0,20,F,INDEX,,F,T,0,0
7/8/2026,1:02:20 PM,SPXW,ML/,50,20.32,,PUT,7485,0,101600,7/8/2026,WHITE,0,0,F,INDEX,,F,T,0,0
7/8/2026,1:07:46 PM,SPXW,ML/,70,17.5,,PUT,7485,0,122500,7/8/2026,WHITE,0,0,F,INDEX,,F,T,0,0
7/8/2026,1:30:00 PM,SPXW,ML/,53,10.3609,,PUT,7485,0,54913,7/8/2026,WHITE,0,0,F,INDEX,,F,T,0,0
7/8/2026,1:31:51 PM,SPXW,ML/,66,10.0485,,PUT,7485,0,66320,7/8/2026,WHITE,0,0,F,INDEX,,F,T,0,0
7/8/2026,1:35:09 PM,SPXW,ML/,56,11.6054,,PUT,7485,0,64990,7/8/2026,WHITE,0,0,F,INDEX,,F,T,0,0
7/8/2026,1:52:43 PM,SPXW,ML/,201,15.2701,,PUT,7485,0,306929,7/8/2026,WHITE,0,0,F,INDEX,,F,T,0,0
7/8/2026,2:26:45 PM,SPXW,ML/,100,12.23,,PUT,7485,0,122300,7/8/2026,WHITE,0,0,F,INDEX,,F,T,0,0
7/8/2026,3:11:44 PM,SPXW,ML/,204,10.9495,,PUT,7485,0,223369,7/8/2026,WHITE,0,0,F,INDEX,,F,T,0,0
7/8/2026,3:16:16 PM,SPXW,BLOCK,69,11.8,,PUT,7485,0,81420,7/8/2026,WHITE,0,0,F,INDEX,,F,T,0,0
7/8/2026,3:22:14 PM,SPXW,BLOCK,54,9.487,,PUT,7485,0,51229,7/8/2026,WHITE,0,0,F,INDEX,,F,T,0,0
7/8/2026,3:39:28 PM,SPXW,ML/,111,7.4982,,PUT,7485,0,83230,7/8/2026,WHITE,0,0,F,INDEX,,F,T,0,0
7/8/2026,3:53:01 PM,SPXW,ML/,50,5.834,,PUT,7485,0,29170,7/8/2026,WHITE,0,0,F,INDEX,,F,T,0,0
7/8/2026,3:54:00 PM,SPXW,ML/,51,4.3094,,PUT,7485,0,21978,7/8/2026,WHITE,0,0,F,INDEX,,F,T,0,0
7/8/2026,3:55:00 PM,SPXW,ML/,161,3.6232,,PUT,7485,0,58333,7/8/2026,WHITE,0,0,F,INDEX,,F,T,0,0
7/8/2026,3:55:09 PM,SPXW,ML/,52,3.18,,PUT,7485,0,16536,7/8/2026,WHITE,0,0,F,INDEX,,F,T,0,0
7/8/2026,3:55:30 PM,SPXW,ML/,84,3.732,,PUT,7485,0,31349,7/8/2026,WHITE,0,0,F,INDEX,,F,T,0,0
7/8/2026,3:55:33 PM,SPXW,ML/,61,3.2636,,PUT,7485,0,19908,7/8/2026,WHITE,0,0,F,INDEX,,F,T,0,0
7/8/2026,3:56:00 PM,SPXW,ML/,389,3.6385,,PUT,7485,0,141536,7/8/2026,WHITE,0,0,F,INDEX,,F,T,0,0
7/8/2026,3:56:12 PM,SPXW,ML/,91,3.9554,,PUT,7485,0,35994,7/8/2026,WHITE,0,0,F,INDEX,,F,T,0,0
7/8/2026,3:56:19 PM,SPXW,ML/,63,3.971,,PUT,7485,0,25017,7/8/2026,WHITE,0,0,F,INDEX,,F,T,0,0
7/8/2026,3:56:39 PM,SPXW,BLOCK,101,3.301,,PUT,7485,0,33340,7/8/2026,WHITE,0,0,F,INDEX,,F,T,0,0
7/8/2026,3:56:42 PM,SPXW,ML/,62,2.6042,,PUT,7485,0,16145,7/8/2026,WHITE,0,0,F,INDEX,,F,T,0,0
7/8/2026,3:56:49 PM,SPXW,ML/,81,2.4993,,PUT,7485,0,20244,7/8/2026,WHITE,0,0,F,INDEX,,F,T,0,0
7/8/2026,3:56:51 PM,SPXW,ML/,100,2.6641,,PUT,7485,0,26641,7/8/2026,WHITE,0,0,F,INDEX,,F,T,0,0
7/8/2026,3:56:53 PM,SPXW,ML/,52,2.6202,,PUT,7485,0,13625,7/8/2026,WHITE,0,0,F,INDEX,,F,T,0,0
7/8/2026,3:56:57 PM,SPXW,ML/,53,2.4875,,PUT,7485,0,13184,7/8/2026,WHITE,0,0,F,INDEX,,F,T,0,0
7/8/2026,3:57:01 PM,SPXW,ML/,143,2.1352,,PUT,7485,0,30533,7/8/2026,WHITE,0,0,F,INDEX,,F,T,0,0
7/8/2026,3:57:10 PM,SPXW,ML/,136,1.6708,,PUT,7485,0,22723,7/8/2026,WHITE,0,0,F,INDEX,,F,T,0,0
7/8/2026,3:57:15 PM,SPXW,ML/,119,1.4655,,PUT,7485,0,17439,7/8/2026,WHITE,0,0,F,INDEX,,F,T,0,0
7/8/2026,3:57:22 PM,SPXW,ML/,122,1.2964,,PUT,7485,0,15816,7/8/2026,WHITE,0,0,F,INDEX,,F,T,0,0
7/8/2026,3:57:27 PM,SPXW,ML/,400,1.0433,,PUT,7485,0,41733,7/8/2026,WHITE,0,0,F,INDEX,,F,T,0,0
7/8/2026,3:57:40 PM,SPXW,ML/,162,0.8642,,PUT,7485,0,14000,7/8/2026,WHITE,0,0,F,INDEX,,F,T,0,0
7/8/2026,3:57:47 PM,SPXW,ML/,601,0.6952,,PUT,7485,0,41782,7/8/2026,WHITE,0,0,F,INDEX,,F,T,0,0
7/8/2026,3:57:59 PM,SPXW,ML/,386,0.9015,,PUT,7485,0,34798,7/8/2026,WHITE,0,0,F,INDEX,,F,T,0,0
7/8/2026,3:58:06 PM,SPXW,ML/,932,1.3906,,PUT,7485,0,129608,7/8/2026,WHITE,0,0,F,INDEX,,F,T,0,0
7/8/2026,3:58:34 PM,SPXW,ML/,321,1.0771,,PUT,7485,0,34576,7/8/2026,WHITE,0,0,F,INDEX,,F,T,0,0
7/8/2026,3:58:41 PM,SPXW,ML/,189,0.9847,,PUT,7485,0,18611,7/8/2026,WHITE,0,0,F,INDEX,,F,T,0,0
7/8/2026,3:58:58 PM,SPXW,ML/,1192,1.2853,,PUT,7485,0,153213,7/8/2026,WHITE,0,0,F,INDEX,,F,T,0,0
7/8/2026,3:59:24 PM,SPXW,ML/,595,1.0268,,PUT,7485,0,61096,7/8/2026,WHITE,0,0,F,INDEX,,F,T,0,0
7/8/2026,3:59:33 PM,SPXW,ML/,770,2.327,,PUT,7485,0,179181,7/8/2026,WHITE,0,0,F,INDEX,,F,T,0,0
7/8/2026,3:59:54 PM,SPXW,ML/,238,2.0121,,PUT,7485,0,47887,7/8/2026,WHITE,0,0,F,INDEX,,F,T,0,0
7/8/2026,9:43:28 AM,SPXW,BLOCK,51,18.6235,,PUT,7465,0,94980,7/8/2026,WHITE,0,0,F,INDEX,,F,T,0,0
7/8/2026,9:49:34 AM,SPXW,ML/,95,18.7318,,PUT,7465,0,177952,7/8/2026,WHITE,0,0,F,INDEX,,F,T,0,0
7/8/2026,9:55:28 AM,SPXW,BLOCK,50,21.482,,PUT,7465,0,107409,7/8/2026,WHITE,0,0,F,INDEX,,F,T,0,0
7/8/2026,10:00:37 AM,SPXW,ML/,75,18.05,,PUT,7465,0,135375,7/8/2026,WHITE,0,0,F,INDEX,,F,T,0,0
7/8/2026,10:00:40 AM,SPXW,BLOCK,50,17.532,,PUT,7465,0,87660,7/8/2026,WHITE,0,0,F,INDEX,,F,T,0,0
7/8/2026,10:06:13 AM,SPXW,ML/,55,14.8867,,PUT,7465,0,81877,7/8/2026,WHITE,0,0,F,INDEX,,F,T,0,0
7/8/2026,10:07:02 AM,SPXW,BLOCK,54,15.813,,PUT,7465,0,85390,7/8/2026,WHITE,0,0,F,INDEX,,F,T,0,0
7/8/2026,10:12:23 AM,SPXW,ML/,65,21.4649,,PUT,7465,0,139522,7/8/2026,WHITE,0,0,F,INDEX,,F,T,0,0
7/8/2026,10:13:35 AM,SPXW,ML/,60,18.5518,,PUT,7465,0,111310,7/8/2026,WHITE,0,0,F,INDEX,,F,T,0,0
7/8/2026,10:15:12 AM,SPXW,ML/,52,21.7044,,PUT,7465,0,112862,7/8/2026,WHITE,0,0,F,INDEX,,F,T,0,0
7/8/2026,10:15:19 AM,SPXW,SWEEP,54,22.2722,A,PUT,7465,0,120270,7/8/2026,WHITE,0,0,F,INDEX,,F,T,0,0
7/8/2026,10:15:32 AM,SPXW,ML/,51,22.3961,,PUT,7465,0,114220,7/8/2026,WHITE,0,0,F,INDEX,,F,T,0,0
7/8/2026,10:16:51 AM,SPXW,BLOCK,51,22.6922,,PUT,7465,0,115730,7/8/2026,WHITE,0,0,F,INDEX,,F,T,0,0
7/8/2026,10:19:49 AM,SPXW,BLOCK,50,21.126,,PUT,7465,0,105630,7/8/2026,WHITE,0,0,F,INDEX,,F,T,0,0
7/8/2026,10:21:15 AM,SPXW,ML/,108,17.0269,,PUT,7465,0,183891,7/8/2026,WHITE,0,0,F,INDEX,,F,T,0,0
7/8/2026,10:21:38 AM,SPXW,BLOCK,51,16.3529,,PUT,7465,0,83400,7/8/2026,WHITE,0,0,F,INDEX,,F,T,0,0
7/8/2026,10:24:15 AM,SPXW,ML/,68,18.2575,,PUT,7465,0,124151,7/8/2026,WHITE,0,0,F,INDEX,,F,T,0,0
7/8/2026,10:24:52 AM,SPXW,BLOCK,61,16.8,,PUT,7465,0,102480,7/8/2026,WHITE,0,0,F,INDEX,,F,T,0,0
7/8/2026,10:27:06 AM,SPXW,ML/,91,19.5392,,PUT,7465,0,177807,7/8/2026,WHITE,0,0,F,INDEX,,F,T,0,0
7/8/2026,10:28:42 AM,SPXW,BLOCK,61,20.059,,PUT,7465,0,122360,7/8/2026,WHITE,0,0,F,INDEX,,F,T,0,0
7/8/2026,10:28:46 AM,SPXW,SWEEP,67,19.3955,A,PUT,7465,0,129950,7/8/2026,WHITE,0,0,F,INDEX,,F,T,0,0
7/8/2026,10:35:56 AM,SPXW,ML/,71,23.3985,,PUT,7465,0,166129,7/8/2026,WHITE,0,0,F,INDEX,,F,T,0,0
7/8/2026,10:37:07 AM,SPXW,ML/,76,24.4632,,PUT,7465,0,185920,7/8/2026,WHITE,0,0,F,INDEX,,F,T,0,0
7/8/2026,10:40:33 AM,SPXW,BLOCK,58,25.0862,,PUT,7465,0,145500,7/8/2026,WHITE,0,0,F,INDEX,,F,T,0,0
7/8/2026,10:41:29 AM,SPXW,BLOCK,50,24.5,,PUT,7465,0,122500,7/8/2026,WHITE,0,0,F,INDEX,,F,T,0,0
7/8/2026,10:45:18 AM,SPXW,BLOCK,50,27.032,,PUT,7465,0,135160,7/8/2026,WHITE,0,0,F,INDEX,,F,T,0,0
7/8/2026,10:45:44 AM,SPXW,ML/,114,27.7417,,PUT,7465,0,316255,7/8/2026,WHITE,0,0,F,INDEX,,F,T,0,0
7/8/2026,10:48:21 AM,SPXW,BLOCK,100,27.408,,PUT,7465,0,274080,7/8/2026,WHITE,0,0,F,INDEX,,F,T,0,0
7/8/2026,10:50:00 AM,SPXW,SWEEP,52,30.9058,A,PUT,7465,0,160710,7/8/2026,WHITE,0,0,F,INDEX,,F,T,0,0
7/8/2026,10:50:56 AM,SPXW,BLOCK,50,31.902,,PUT,7465,0,159510,7/8/2026,WHITE,0,0,F,INDEX,,F,T,0,0
7/8/2026,11:26:06 AM,SPXW,ML/,500,40.77,,PUT,7465,0,2038500,7/8/2026,WHITE,0,0,F,INDEX,,F,T,0,0
7/8/2026,11:31:11 AM,SPXW,ML/,81,43.28,,PUT,7465,0,350568,7/8/2026,WHITE,0,0,F,INDEX,,F,T,0,0
7/8/2026,11:31:13 AM,SPXW,ML/,115,43.0722,,PUT,7465,0,495330,7/8/2026,WHITE,0,0,F,INDEX,,F,T,0,0
7/8/2026,11:31:20 AM,SPXW,ML/,62,43.13,,PUT,7465,0,267406,7/8/2026,WHITE,0,0,F,INDEX,,F,T,0,0
7/8/2026,12:43:28 PM,SPXW,ML/,216,12.2901,,PUT,7465,0,265466,7/8/2026,WHITE,0,0,F,INDEX,,F,T,0,0
7/8/2026,12:43:31 PM,SPXW,BLOCK,58,11.731,,PUT,7465,0,68040,7/8/2026,WHITE,0,0,F,INDEX,,F,T,0,0
7/8/2026,12:53:32 PM,SPXW,ML/,54,8.8178,,PUT,7465,0,47616,7/8/2026,WHITE,0,0,F,INDEX,,F,T,0,0
7/8/2026,12:55:31 PM,SPXW,BLOCK,50,9.44,,PUT,7465,0,47200,7/8/2026,WHITE,0,0,F,INDEX,,F,T,0,0
7/8/2026,1:03:21 PM,SPXW,ML/,50,9.38,,PUT,7465,0,46900,7/8/2026,WHITE,0,0,F,INDEX,,F,T,0,0
7/8/2026,1:05:21 PM,SPXW,ML/,52,9.05,,PUT,7465,0,47060,7/8/2026,WHITE,0,0,F,INDEX,,F,T,0,0
7/8/2026,1:06:17 PM,SPXW,BLOCK,51,9.098,,PUT,7465,0,46399,7/8/2026,WHITE,0,0,F,INDEX,,F,T,0,0
7/8/2026,1:07:01 PM,SPXW,ML/,60,7.5285,,PUT,7465,0,45171,7/8/2026,WHITE,0,0,F,INDEX,,F,T,0,0
7/8/2026,1:08:54 PM,SPXW,ML/,50,8.32,,PUT,7465,0,41600,7/8/2026,WHITE,0,0,F,INDEX,,F,T,0,0
7/8/2026,1:09:48 PM,SPXW,ML/,52,9,,PUT,7465,0,46800,7/8/2026,WHITE,0,0,F,INDEX,,F,T,0,0
7/8/2026,1:10:15 PM,SPXW,BLOCK,50,8.9,,PUT,7465,0,44500,7/8/2026,WHITE,0,0,F,INDEX,,F,T,0,0
7/8/2026,1:16:08 PM,SPXW,ML/,84,7.6369,,PUT,7465,0,64150,7/8/2026,WHITE,0,0,F,INDEX,,F,T,0,0
7/8/2026,1:18:52 PM,SPXW,ML/,101,7.8297,,PUT,7465,0,79080,7/8/2026,WHITE,0,0,F,INDEX,,F,T,0,0
7/8/2026,1:19:27 PM,SPXW,BLOCK,50,6.216,,PUT,7465,0,31080,7/8/2026,WHITE,0,0,F,INDEX,,F,T,0,0
7/8/2026,1:20:06 PM,SPXW,ML/,52,5.5196,,PUT,7465,0,28702,7/8/2026,WHITE,0,0,F,INDEX,,F,T,0,0
7/8/2026,1:30:01 PM,SPXW,ML/,79,3.8909,,PUT,7465,0,30738,7/8/2026,WHITE,0,0,F,INDEX,,F,T,0,0
7/8/2026,1:30:48 PM,SPXW,ML/,150,3.63,,PUT,7465,0,54450,7/8/2026,WHITE,0,0,F,INDEX,,F,T,0,0
7/8/2026,1:36:42 PM,SPXW,BLOCK,82,4.3,,PUT,7465,0,35260,7/8/2026,WHITE,0,0,F,INDEX,,F,T,0,0
7/8/2026,1:37:09 PM,SPXW,ML/,95,4.4992,,PUT,7465,0,42742,7/8/2026,WHITE,0,0,F,INDEX,,F,T,0,0
7/8/2026,1:40:14 PM,SPXW,ML/,75,4.9105,,PUT,7465,0,36829,7/8/2026,WHITE,0,0,F,INDEX,,F,T,0,0
7/8/2026,1:41:59 PM,SPXW,ML/,65,5.8723,,PUT,7465,0,38170,7/8/2026,WHITE,0,0,F,INDEX,,F,T,0,0
7/8/2026,1:45:16 PM,SPXW,ML/,116,6.6186,,PUT,7465,0,76776,7/8/2026,WHITE,0,0,F,INDEX,,F,T,0,0
7/8/2026,1:45:34 PM,SPXW,ML/,75,7.4867,,PUT,7465,0,56150,7/8/2026,WHITE,0,0,F,INDEX,,F,T,0,0
7/8/2026,1:50:10 PM,SPXW,ML/,58,8.0605,,PUT,7465,0,46751,7/8/2026,WHITE,0,0,F,INDEX,,F,T,0,0
7/8/2026,1:56:17 PM,SPXW,ML/,54,9.8348,,PUT,7465,0,53108,7/8/2026,WHITE,0,0,F,INDEX,,F,T,0,0
7/8/2026,1:56:52 PM,SPXW,ML/,61,9.4298,,PUT,7465,0,57522,7/8/2026,WHITE,0,0,F,INDEX,,F,T,0,0
7/8/2026,1:57:31 PM,SPXW,ML/,135,9.5019,,PUT,7465,0,128275,7/8/2026,WHITE,0,0,F,INDEX,,F,T,0,0
7/8/2026,1:58:28 PM,SPXW,BLOCK,61,8.9016,,PUT,7465,0,54300,7/8/2026,WHITE,0,0,F,INDEX,,F,T,0,0
7/8/2026,1:59:31 PM,SPXW,ML/,61,7.88,,PUT,7465,0,48068,7/8/2026,WHITE,0,0,F,INDEX,,F,T,0,0
7/8/2026,2:00:39 PM,SPXW,ML/,62,7.8589,,PUT,7465,0,48725,7/8/2026,WHITE,0,0,F,INDEX,,F,T,0,0
7/8/2026,2:01:43 PM,SPXW,BLOCK,62,5.2032,,PUT,7465,0,32260,7/8/2026,WHITE,0,0,F,INDEX,,F,T,0,0
7/8/2026,2:01:50 PM,SPXW,ML/,55,4.9535,,PUT,7465,0,27244,7/8/2026,WHITE,0,0,F,INDEX,,F,T,0,0
7/8/2026,2:18:20 PM,SPXW,ML/,103,5.2021,,PUT,7465,0,53582,7/8/2026,WHITE,0,0,F,INDEX,,F,T,0,0
7/8/2026,2:20:05 PM,SPXW,ML/,50,3.8228,,PUT,7465,0,19114,7/8/2026,WHITE,0,0,F,INDEX,,F,T,0,0
7/8/2026,2:21:07 PM,SPXW,ML/,167,4.2479,,PUT,7465,0,70940,7/8/2026,WHITE,0,0,F,INDEX,,F,T,0,0
7/8/2026,2:23:17 PM,SPXW,ML/,140,3.5012,,PUT,7465,0,49017,7/8/2026,WHITE,0,0,F,INDEX,,F,T,0,0
7/8/2026,2:23:39 PM,SPXW,ML/,101,3.5007,,PUT,7465,0,35357,7/8/2026,WHITE,0,0,F,INDEX,,F,T,0,0
7/8/2026,2:25:15 PM,SPXW,BLOCK,153,4.4993,,PUT,7465,0,68840,7/8/2026,WHITE,0,0,F,INDEX,,F,T,0,0
7/8/2026,2:25:35 PM,SPXW,ML/,55,4.1427,,PUT,7465,0,22785,7/8/2026,WHITE,0,0,F,INDEX,,F,T,0,0
7/8/2026,2:25:36 PM,SPXW,ML/,247,4.0422,,PUT,7465,0,99842,7/8/2026,WHITE,0,0,F,INDEX,,F,T,0,0
7/8/2026,2:29:59 PM,SPXW,ML/,53,5.1621,,PUT,7465,0,27358,7/8/2026,WHITE,0,0,F,INDEX,,F,T,0,0
7/8/2026,2:30:37 PM,SPXW,ML/,153,5.4056,,PUT,7465,0,82705,7/8/2026,WHITE,0,0,F,INDEX,,F,T,0,0
7/8/2026,2:33:44 PM,SPXW,ML/,105,6.3633,,PUT,7465,0,66815,7/8/2026,WHITE,0,0,F,INDEX,,F,T,0,0
7/8/2026,2:34:07 PM,SPXW,BLOCK,104,6.001,,PUT,7465,0,62410,7/8/2026,WHITE,0,0,F,INDEX,,F,T,0,0
7/8/2026,2:34:18 PM,SPXW,BLOCK,110,5.7,,PUT,7465,0,62700,7/8/2026,WHITE,0,0,F,INDEX,,F,T,0,0
7/8/2026,2:35:23 PM,SPXW,BLOCK,105,5.9048,,PUT,7465,0,62000,7/8/2026,WHITE,0,0,F,INDEX,,F,T,0,0
7/8/2026,2:35:51 PM,SPXW,ML/,106,5.3634,,PUT,7465,0,56852,7/8/2026,WHITE,0,0,F,INDEX,,F,T,0,0
7/8/2026,2:36:18 PM,SPXW,ML/,66,4.8121,,PUT,7465,0,31760,7/8/2026,WHITE,0,0,F,INDEX,,F,T,0,0
7/8/2026,2:38:27 PM,SPXW,ML/,52,3.3337,,PUT,7465,0,17335,7/8/2026,WHITE,0,0,F,INDEX,,F,T,0,0
7/8/2026,2:40:04 PM,SPXW,ML/,121,3.0084,,PUT,7465,0,36402,7/8/2026,WHITE,0,0,F,INDEX,,F,T,0,0
7/8/2026,2:41:16 PM,SPXW,BLOCK,51,3.802,,PUT,7465,0,19389,7/8/2026,WHITE,0,0,F,INDEX,,F,T,0,0
7/8/2026,2:41:17 PM,SPXW,ML/,54,3.9041,,PUT,7465,0,21082,7/8/2026,WHITE,0,0,F,INDEX,,F,T,0,0
7/8/2026,2:41:27 PM,SPXW,ML/,70,4.4017,,PUT,7465,0,30812,7/8/2026,WHITE,0,0,F,INDEX,,F,T,0,0
7/8/2026,2:42:27 PM,SPXW,BLOCK,102,4.4,,PUT,7465,0,44880,7/8/2026,WHITE,0,0,F,INDEX,,F,T,0,0
7/8/2026,2:45:04 PM,SPXW,ML/,51,3.0825,,PUT,7465,0,15721,7/8/2026,WHITE,0,0,F,INDEX,,F,T,0,0
7/8/2026,2:49:31 PM,SPXW,BLOCK,103,2.55,,PUT,7465,0,26264,7/8/2026,WHITE,0,0,F,INDEX,,F,T,0,0
7/8/2026,2:52:14 PM,SPXW,ML/,64,1.9533,,PUT,7465,0,12501,7/8/2026,WHITE,0,0,F,INDEX,,F,T,0,0
7/8/2026,2:52:21 PM,SPXW,ML/,84,2.021,,PUT,7465,0,16976,7/8/2026,WHITE,0,0,F,INDEX,,F,T,0,0
7/8/2026,2:54:46 PM,SPXW,BLOCK,57,2.3798,,PUT,7465,0,13565,7/8/2026,WHITE,0,0,F,INDEX,,F,T,0,0
7/8/2026,2:54:47 PM,SPXW,ML/,52,2.4735,,PUT,7465,0,12862,7/8/2026,WHITE,0,0,F,INDEX,,F,T,0,0
7/8/2026,2:55:35 PM,SPXW,ML/,52,2.7162,,PUT,7465,0,14124,7/8/2026,WHITE,0,0,F,INDEX,,F,T,0,0
7/8/2026,3:09:08 PM,SPXW,ML/,201,1.779,,PUT,7465,0,35757,7/8/2026,WHITE,0,0,F,INDEX,,F,T,0,0
7/8/2026,3:11:47 PM,SPXW,ML/,62,2.2145,,PUT,7465,0,13730,7/8/2026,WHITE,0,0,F,INDEX,,F,T,0,0
7/8/2026,3:15:16 PM,SPXW,ML/,112,1.9704,,PUT,7465,0,22068,7/8/2026,WHITE,0,0,F,INDEX,,F,T,0,0
7/8/2026,3:16:01 PM,SPXW,ML/,57,2.1949,,PUT,7465,0,12511,7/8/2026,WHITE,0,0,F,INDEX,,F,T,0,0
7/8/2026,3:16:48 PM,SPXW,ML/,68,2.4272,,PUT,7465,0,16505,7/8/2026,WHITE,0,0,F,INDEX,,F,T,0,0
7/8/2026,3:16:53 PM,SPXW,ML/,63,2.3441,,PUT,7465,0,14768,7/8/2026,WHITE,0,0,F,INDEX,,F,T,0,0
7/8/2026,3:17:30 PM,SPXW,ML/,51,2.0927,,PUT,7465,0,10673,7/8/2026,WHITE,0,0,F,INDEX,,F,T,0,0
7/8/2026,3:27:46 PM,SPXW,ML/,225,0.9387,,PUT,7465,0,21120,7/8/2026,WHITE,0,0,F,INDEX,,F,T,0,0
7/8/2026,3:30:53 PM,SPXW,BLOCK,102,1.0495,,PUT,7465,0,10705,7/8/2026,WHITE,0,0,F,INDEX,,F,T,0,0
7/8/2026,3:31:24 PM,SPXW,ML/,183,1.3013,,PUT,7465,0,23814,7/8/2026,WHITE,0,0,F,INDEX,,F,T,0,0
7/8/2026,3:33:50 PM,SPXW,BLOCK,100,1.15,,PUT,7465,0,11500,7/8/2026,WHITE,0,0,F,INDEX,,F,T,0,0
7/8/2026,3:35:23 PM,SPXW,ML/,205,1.2191,,PUT,7465,0,24991,7/8/2026,WHITE,0,0,F,INDEX,,F,T,0,0
7/8/2026,3:45:36 PM,SPXW,ML/,204,0.7343,,PUT,7465,0,14979,7/8/2026,WHITE,0,0,F,INDEX,,F,T,0,0
7/8/2026,3:47:18 PM,SPXW,ML/,197,1.1681,,PUT,7465,0,23011,7/8/2026,WHITE,0,0,F,INDEX,,F,T,0,0
7/8/2026,3:47:23 PM,SPXW,ML/,173,1.3524,,PUT,7465,0,23397,7/8/2026,WHITE,0,0,F,INDEX,,F,T,0,0
7/8/2026,3:47:29 PM,SPXW,ML/,100,1.3282,,PUT,7465,0,13282,7/8/2026,WHITE,0,0,F,INDEX,,F,T,0,0
7/8/2026,3:47:33 PM,SPXW,ML/,236,1.2177,,PUT,7465,0,28738,7/8/2026,WHITE,0,0,F,INDEX,,F,T,0,0
7/8/2026,3:47:45 PM,SPXW,ML/,986,1.3878,,PUT,7465,0,136836,7/8/2026,WHITE,0,0,F,INDEX,,F,T,0,0
7/8/2026,3:48:12 PM,SPXW,ML/,258,1.1588,,PUT,7465,0,29895,7/8/2026,WHITE,0,0,F,INDEX,,F,T,0,0
7/8/2026,3:48:24 PM,SPXW,ML/,96,1.0471,,PUT,7465,0,10052,7/8/2026,WHITE,0,0,F,INDEX,,F,T,0,0
7/8/2026,3:48:28 PM,SPXW,ML/,221,0.999,,PUT,7465,0,22079,7/8/2026,WHITE,0,0,F,INDEX,,F,T,0,0
7/8/2026,3:49:33 PM,SPXW,ML/,177,0.7669,,PUT,7465,0,13574,7/8/2026,WHITE,0,0,F,INDEX,,F,T,0,0
7/8/2026,3:49:55 PM,SPXW,ML/,155,0.9248,,PUT,7465,0,14335,7/8/2026,WHITE,0,0,F,INDEX,,F,T,0,0
7/8/2026,3:49:57 PM,SPXW,ML/,255,0.9945,,PUT,7465,0,25360,7/8/2026,WHITE,0,0,F,INDEX,,F,T,0,0
7/8/2026,3:50:04 PM,SPXW,ML/,265,0.7437,,PUT,7465,0,19708,7/8/2026,WHITE,0,0,F,INDEX,,F,T,0,0
7/8/2026,9:42:06 AM,SPXW,ML/,54,20.1428,,PUT,7470,0,108771,7/8/2026,WHITE,0,0,F,INDEX,,F,T,0,0
7/8/2026,9:47:15 AM,SPXW,ML/,52,17.9388,,PUT,7470,0,93282,7/8/2026,WHITE,0,0,F,INDEX,,F,T,0,0
7/8/2026,9:49:29 AM,SPXW,BLOCK,55,20.4255,,PUT,7470,0,112339,7/8/2026,WHITE,0,0,F,INDEX,,F,T,0,0
7/8/2026,10:35:55 AM,SPXW,ML/,56,26.3975,,PUT,7470,0,147826,7/8/2026,WHITE,0,0,F,INDEX,,F,T,0,0
7/8/2026,10:47:01 AM,SPXW,BLOCK,202,31.6975,,PUT,7470,0,640290,7/8/2026,WHITE,0,0,F,INDEX,,F,T,0,0
7/8/2026,12:53:32 PM,SPXW,ML/,86,11.1037,,PUT,7470,0,95492,7/8/2026,WHITE,0,0,F,INDEX,,F,T,0,0
7/8/2026,12:55:07 PM,SPXW,ML/,114,10.2168,,PUT,7470,0,116472,7/8/2026,WHITE,0,0,F,INDEX,,F,T,0,0
7/8/2026,1:01:07 PM,SPXW,ML/,51,11.2112,,PUT,7470,0,57177,7/8/2026,WHITE,0,0,F,INDEX,,F,T,0,0
7/8/2026,1:01:17 PM,SPXW,BLOCK,54,11.7759,,PUT,7470,0,63590,7/8/2026,WHITE,0,0,F,INDEX,,F,T,0,0
7/8/2026,1:09:47 PM,SPXW,BLOCK,100,11.146,,PUT,7470,0,111459,7/8/2026,WHITE,0,0,F,INDEX,,F,T,0,0
7/8/2026,1:11:06 PM,SPXW,ML/,118,12.6763,,PUT,7470,0,149580,7/8/2026,WHITE,0,0,F,INDEX,,F,T,0,0
7/8/2026,1:19:13 PM,SPXW,ML/,76,8.9574,,PUT,7470,0,68076,7/8/2026,WHITE,0,0,F,INDEX,,F,T,0,0
7/8/2026,1:20:00 PM,SPXW,ML/,71,7.6628,,PUT,7470,0,54405,7/8/2026,WHITE,0,0,F,INDEX,,F,T,0,0
7/8/2026,1:21:09 PM,SPXW,BLOCK,56,7.1375,,PUT,7470,0,39970,7/8/2026,WHITE,0,0,F,INDEX,,F,T,0,0
7/8/2026,1:24:20 PM,SPXW,ML/,60,6.2003,,PUT,7470,0,37202,7/8/2026,WHITE,0,0,F,INDEX,,F,T,0,0
7/8/2026,1:24:51 PM,SPXW,ML/,60,6.12,,PUT,7470,0,36720,7/8/2026,WHITE,0,0,F,INDEX,,F,T,0,0
7/8/2026,1:25:00 PM,SPXW,ML/,52,5.7012,,PUT,7470,0,29645,7/8/2026,WHITE,0,0,F,INDEX,,F,T,0,0
7/8/2026,1:26:13 PM,SPXW,ML/,73,6.2397,,PUT,7470,0,45550,7/8/2026,WHITE,0,0,F,INDEX,,F,T,0,0
7/8/2026,1:29:14 PM,SPXW,ML/,53,5.2428,,PUT,7470,0,27787,7/8/2026,WHITE,0,0,F,INDEX,,F,T,0,0
7/8/2026,1:30:27 PM,SPXW,ML/,57,4.7981,,PUT,7470,0,27349,7/8/2026,WHITE,0,0,F,INDEX,,F,T,0,0
7/8/2026,1:31:32 PM,SPXW,ML/,63,4.3013,,PUT,7470,0,27098,7/8/2026,WHITE,0,0,F,INDEX,,F,T,0,0
7/8/2026,1:32:44 PM,SPXW,ML/,111,4.7847,,PUT,7470,0,53110,7/8/2026,WHITE,0,0,F,INDEX,,F,T,0,0
7/8/2026,1:33:21 PM,SPXW,BLOCK,103,4.7019,,PUT,7470,0,48430,7/8/2026,WHITE,0,0,F,INDEX,,F,T,0,0
7/8/2026,1:35:03 PM,SPXW,BLOCK,101,5.399,,PUT,7470,0,54530,7/8/2026,WHITE,0,0,F,INDEX,,F,T,0,0
7/8/2026,1:35:31 PM,SPXW,ML/,102,5.0988,,PUT,7470,0,52007,7/8/2026,WHITE,0,0,F,INDEX,,F,T,0,0
7/8/2026,1:38:39 PM,SPXW,BLOCK,64,6,,PUT,7470,0,38400,7/8/2026,WHITE,0,0,F,INDEX,,F,T,0,0
7/8/2026,1:39:17 PM,SPXW,ML/,253,6.1,,PUT,7470,0,154330,7/8/2026,WHITE,0,0,F,INDEX,,F,T,0,0
7/8/2026,1:39:56 PM,SPXW,SWEEP,50,6.3,A,PUT,7470,0,31500,7/8/2026,WHITE,0,0,F,INDEX,,F,T,0,0
7/8/2026,1:40:03 PM,SPXW,ML/,59,6.2937,,PUT,7470,0,37133,7/8/2026,WHITE,0,0,F,INDEX,,F,T,0,0
7/8/2026,1:40:24 PM,SPXW,ML/,57,6.4763,,PUT,7470,0,36915,7/8/2026,WHITE,0,0,F,INDEX,,F,T,0,0
7/8/2026,1:41:26 PM,SPXW,ML/,51,6.6706,,PUT,7470,0,34020,7/8/2026,WHITE,0,0,F,INDEX,,F,T,0,0
7/8/2026,1:41:30 PM,SPXW,ML/,88,6.7052,,PUT,7470,0,59005,7/8/2026,WHITE,0,0,F,INDEX,,F,T,0,0
7/8/2026,1:41:49 PM,SPXW,ML/,59,7.2483,,PUT,7470,0,42765,7/8/2026,WHITE,0,0,F,INDEX,,F,T,0,0
7/8/2026,1:41:56 PM,SPXW,ML/,55,7.3969,,PUT,7470,0,40683,7/8/2026,WHITE,0,0,F,INDEX,,F,T,0,0
7/8/2026,1:42:01 PM,SPXW,ML/,51,7.5422,,PUT,7470,0,38465,7/8/2026,WHITE,0,0,F,INDEX,,F,T,0,0
7/8/2026,1:42:31 PM,SPXW,ML/,50,7.9504,,PUT,7470,0,39752,7/8/2026,WHITE,0,0,F,INDEX,,F,T,0,0
7/8/2026,1:45:03 PM,SPXW,ML/,61,8.0108,,PUT,7470,0,48866,7/8/2026,WHITE,0,0,F,INDEX,,F,T,0,0
7/8/2026,1:45:16 PM,SPXW,ML/,234,8.3196,,PUT,7470,0,194679,7/8/2026,WHITE,0,0,F,INDEX,,F,T,0,0
7/8/2026,1:45:31 PM,SPXW,ML/,88,8.952,,PUT,7470,0,78778,7/8/2026,WHITE,0,0,F,INDEX,,F,T,0,0
7/8/2026,1:45:35 PM,SPXW,ML/,131,9.2088,,PUT,7470,0,120634,7/8/2026,WHITE,0,0,F,INDEX,,F,T,0,0
7/8/2026,1:45:40 PM,SPXW,ML/,97,10.0733,,PUT,7470,0,97711,7/8/2026,WHITE,0,0,F,INDEX,,F,T,0,0
7/8/2026,1:45:46 PM,SPXW,ML/,65,9.762,,PUT,7470,0,63453,7/8/2026,WHITE,0,0,F,INDEX,,F,T,0,0
7/8/2026,1:46:19 PM,SPXW,ML/,77,9.9175,,PUT,7470,0,76365,7/8/2026,WHITE,0,0,F,INDEX,,F,T,0,0
7/8/2026,1:46:28 PM,SPXW,ML/,158,9.081,,PUT,7470,0,143480,7/8/2026,WHITE,0,0,F,INDEX,,F,T,0,0
7/8/2026,1:46:56 PM,SPXW,ML/,64,8.7225,,PUT,7470,0,55824,7/8/2026,WHITE,0,0,F,INDEX,,F,T,0,0
7/8/2026,1:47:41 PM,SPXW,BLOCK,106,9,,PUT,7470,0,95400,7/8/2026,WHITE,0,0,F,INDEX,,F,T,0,0
7/8/2026,1:47:53 PM,SPXW,SWEEP,102,9.4941,A,PUT,7470,0,96840,7/8/2026,WHITE,0,0,F,INDEX,,F,T,0,0
7/8/2026,1:49:41 PM,SPXW,ML/,68,10.7038,,PUT,7470,0,72786,7/8/2026,WHITE,0,0,F,INDEX,,F,T,0,0
7/8/2026,1:49:44 PM,SPXW,BLOCK,61,10.3525,,PUT,7470,0,63150,7/8/2026,WHITE,0,0,F,INDEX,,F,T,0,0
7/8/2026,1:50:04 PM,SPXW,ML/,53,10.5083,,PUT,7470,0,55694,7/8/2026,WHITE,0,0,F,INDEX,,F,T,0,0
7/8/2026,1:50:10 PM,SPXW,ML/,285,10.1933,,PUT,7470,0,290510,7/8/2026,WHITE,0,0,F,INDEX,,F,T,0,0
7/8/2026,1:55:32 PM,SPXW,ML/,54,11.1065,,PUT,7470,0,59975,7/8/2026,WHITE,0,0,F,INDEX,,F,T,0,0
7/8/2026,1:55:48 PM,SPXW,ML/,62,11.5705,,PUT,7470,0,71737,7/8/2026,WHITE,0,0,F,INDEX,,F,T,0,0
7/8/2026,1:55:51 PM,SPXW,ML/,85,11.2546,,PUT,7470,0,95664,7/8/2026,WHITE,0,0,F,INDEX,,F,T,0,0
7/8/2026,1:56:00 PM,SPXW,ML/,91,10.9997,,PUT,7470,0,100097,7/8/2026,WHITE,0,0,F,INDEX,,F,T,0,0
7/8/2026,1:56:13 PM,SPXW,ML/,120,11.9187,,PUT,7470,0,143024,7/8/2026,WHITE,0,0,F,INDEX,,F,T,0,0
7/8/2026,1:56:20 PM,SPXW,BLOCK,70,11.9829,,PUT,7470,0,83880,7/8/2026,WHITE,0,0,F,INDEX,,F,T,0,0
7/8/2026,1:57:19 PM,SPXW,BLOCK,54,12.3981,,PUT,7470,0,66950,7/8/2026,WHITE,0,0,F,INDEX,,F,T,0,0
7/8/2026,1:58:03 PM,SPXW,ML/,92,11.2334,,PUT,7470,0,103347,7/8/2026,WHITE,0,0,F,INDEX,,F,T,0,0
7/8/2026,2:00:05 PM,SPXW,ML/,104,11.2045,,PUT,7470,0,116527,7/8/2026,WHITE,0,0,F,INDEX,,F,T,0,0
7/8/2026,2:00:43 PM,SPXW,ML/,78,8.2483,,PUT,7470,0,64337,7/8/2026,WHITE,0,0,F,INDEX,,F,T,0,0
7/8/2026,2:00:55 PM,SPXW,BLOCK,102,7.6569,,PUT,7470,0,78100,7/8/2026,WHITE,0,0,F,INDEX,,F,T,0,0
7/8/2026,2:01:31 PM,SPXW,ML/,74,7.5405,,PUT,7470,0,55800,7/8/2026,WHITE,0,0,F,INDEX,,F,T,0,0
7/8/2026,2:01:50 PM,SPXW,ML/,56,6.5129,,PUT,7470,0,36472,7/8/2026,WHITE,0,0,F,INDEX,,F,T,0,0
7/8/2026,2:05:06 PM,SPXW,ML/,52,5.599,,PUT,7470,0,29114,7/8/2026,WHITE,0,0,F,INDEX,,F,T,0,0
7/8/2026,2:05:34 PM,SPXW,BLOCK,101,6.9792,,PUT,7470,0,70490,7/8/2026,WHITE,0,0,F,INDEX,,F,T,0,0
7/8/2026,2:05:59 PM,SPXW,ML/,119,6.2571,,PUT,7470,0,74460,7/8/2026,WHITE,0,0,F,INDEX,,F,T,0,0
7/8/2026,2:06:24 PM,SPXW,ML/,156,6.8651,,PUT,7470,0,107095,7/8/2026,WHITE,0,0,F,INDEX,,F,T,0,0
7/8/2026,2:06:50 PM,SPXW,BLOCK,150,6.862,,PUT,7470,0,102930,7/8/2026,WHITE,0,0,F,INDEX,,F,T,0,0
7/8/2026,2:16:08 PM,SPXW,BLOCK,74,5,,PUT,7470,0,37000,7/8/2026,WHITE,0,0,F,INDEX,,F,T,0,0
7/8/2026,2:16:15 PM,SPXW,BLOCK,114,5.5298,,PUT,7470,0,63040,7/8/2026,WHITE,0,0,F,INDEX,,F,T,0,0
7/8/2026,2:16:27 PM,SPXW,ML/,53,6.216,,PUT,7470,0,32945,7/8/2026,WHITE,0,0,F,INDEX,,F,T,0,0
7/8/2026,2:16:36 PM,SPXW,BLOCK,133,6.5316,,PUT,7470,0,86870,7/8/2026,WHITE,0,0,F,INDEX,,F,T,0,0
7/8/2026,2:16:50 PM,SPXW,BLOCK,64,6.5078,,PUT,7470,0,41650,7/8/2026,WHITE,0,0,F,INDEX,,F,T,0,0
7/8/2026,2:21:05 PM,SPXW,BLOCK,51,5.9,,PUT,7470,0,30090,7/8/2026,WHITE,0,0,F,INDEX,,F,T,0,0
7/8/2026,2:23:56 PM,SPXW,ML/,60,5.2153,,PUT,7470,0,31292,7/8/2026,WHITE,0,0,F,INDEX,,F,T,0,0
7/8/2026,2:24:54 PM,SPXW,BLOCK,110,5.9855,,PUT,7470,0,65840,7/8/2026,WHITE,0,0,F,INDEX,,F,T,0,0
7/8/2026,2:24:56 PM,SPXW,ML/,50,5.9198,,PUT,7470,0,29599,7/8/2026,WHITE,0,0,F,INDEX,,F,T,0,0
7/8/2026,2:25:03 PM,SPXW,ML/,50,5.8592,,PUT,7470,0,29295,7/8/2026,WHITE,0,0,F,INDEX,,F,T,0,0
7/8/2026,2:25:21 PM,SPXW,BLOCK,107,6.0776,,PUT,7470,0,65029,7/8/2026,WHITE,0,0,F,INDEX,,F,T,0,0
7/8/2026,2:27:39 PM,SPXW,ML/,64,4.6433,,PUT,7470,0,29717,7/8/2026,WHITE,0,0,F,INDEX,,F,T,0,0
7/8/2026,2:29:52 PM,SPXW,ML/,66,6.623,,PUT,7470,0,43712,7/8/2026,WHITE,0,0,F,INDEX,,F,T,0,0
7/8/2026,2:30:05 PM,SPXW,ML/,100,6.927,,PUT,7470,0,69270,7/8/2026,WHITE,0,0,F,INDEX,,F,T,0,0
7/8/2026,2:30:45 PM,SPXW,BLOCK,92,7.5533,,PUT,7470,0,69490,7/8/2026,WHITE,0,0,F,INDEX,,F,T,0,0
7/8/2026,2:30:52 PM,SPXW,BLOCK,55,7.5673,,PUT,7470,0,41620,7/8/2026,WHITE,0,0,F,INDEX,,F,T,0,0
7/8/2026,2:31:01 PM,SPXW,ML/,185,8.229,,PUT,7470,0,152236,7/8/2026,WHITE,0,0,F,INDEX,,F,T,0,0
7/8/2026,2:31:07 PM,SPXW,BLOCK,73,7.9452,,PUT,7470,0,58000,7/8/2026,WHITE,0,0,F,INDEX,,F,T,0,0
7/8/2026,2:31:09 PM,SPXW,ML/,56,7.8593,,PUT,7470,0,44012,7/8/2026,WHITE,0,0,F,INDEX,,F,T,0,0
7/8/2026,2:31:18 PM,SPXW,BLOCK,58,8.0052,,PUT,7470,0,46430,7/8/2026,WHITE,0,0,F,INDEX,,F,T,0,0
7/8/2026,2:31:23 PM,SPXW,ML/,54,7.6322,,PUT,7470,0,41214,7/8/2026,WHITE,0,0,F,INDEX,,F,T,0,0
7/8/2026,2:31:31 PM,SPXW,BLOCK,63,7.0143,,PUT,7470,0,44190,7/8/2026,WHITE,0,0,F,INDEX,,F,T,0,0
7/8/2026,2:33:39 PM,SPXW,ML/,55,8.4836,,PUT,7470,0,46660,7/8/2026,WHITE,0,0,F,INDEX,,F,T,0,0
7/8/2026,2:33:49 PM,SPXW,ML/,94,8.0973,,PUT,7470,0,76115,7/8/2026,WHITE,0,0,F,INDEX,,F,T,0,0
7/8/2026,2:33:52 PM,SPXW,BLOCK,94,7.667,,PUT,7470,0,72070,7/8/2026,WHITE,0,0,F,INDEX,,F,T,0,0
7/8/2026,2:34:43 PM,SPXW,ML/,74,7.6643,,PUT,7470,0,56716,7/8/2026,WHITE,0,0,F,INDEX,,F,T,0,0
7/8/2026,2:35:16 PM,SPXW,BLOCK,71,7.6,,PUT,7470,0,53960,7/8/2026,WHITE,0,0,F,INDEX,,F,T,0,0
7/8/2026,2:36:15 PM,SPXW,ML/,60,7.048,,PUT,7470,0,42288,7/8/2026,WHITE,0,0,F,INDEX,,F,T,0,0
7/8/2026,2:37:46 PM,SPXW,ML/,59,4.7775,,PUT,7470,0,28187,7/8/2026,WHITE,0,0,F,INDEX,,F,T,0,0
7/8/2026,2:40:18 PM,SPXW,ML/,64,5.0484,,PUT,7470,0,32310,7/8/2026,WHITE,0,0,F,INDEX,,F,T,0,0
7/8/2026,2:40:44 PM,SPXW,BLOCK,57,5.1123,,PUT,7470,0,29139,7/8/2026,WHITE,0,0,F,INDEX,,F,T,0,0
7/8/2026,2:41:16 PM,SPXW,ML/,184,5.5013,,PUT,7470,0,101224,7/8/2026,WHITE,0,0,F,INDEX,,F,T,0,0
7/8/2026,2:41:27 PM,SPXW,ML/,83,5.7523,,PUT,7470,0,47744,7/8/2026,WHITE,0,0,F,INDEX,,F,T,0,0
7/8/2026,2:41:34 PM,SPXW,ML/,127,6.1405,,PUT,7470,0,77984,7/8/2026,WHITE,0,0,F,INDEX,,F,T,0,0
7/8/2026,2:41:59 PM,SPXW,BLOCK,90,5.96,,PUT,7470,0,53640,7/8/2026,WHITE,0,0,F,INDEX,,F,T,0,0
7/8/2026,2:43:10 PM,SPXW,BLOCK,50,5.8,,PUT,7470,0,29000,7/8/2026,WHITE,0,0,F,INDEX,,F,T,0,0
7/8/2026,2:43:50 PM,SPXW,BLOCK,50,5.3,,PUT,7470,0,26500,7/8/2026,WHITE,0,0,F,INDEX,,F,T,0,0
7/8/2026,2:43:55 PM,SPXW,ML/,73,5.0742,,PUT,7470,0,37041,7/8/2026,WHITE,0,0,F,INDEX,,F,T,0,0
7/8/2026,2:44:27 PM,SPXW,ML/,54,4.5278,,PUT,7470,0,24450,7/8/2026,WHITE,0,0,F,INDEX,,F,T,0,0
7/8/2026,2:46:23 PM,SPXW,BLOCK,103,4.9184,,PUT,7470,0,50660,7/8/2026,WHITE,0,0,F,INDEX,,F,T,0,0
7/8/2026,2:46:44 PM,SPXW,BLOCK,100,4.7,,PUT,7470,0,47000,7/8/2026,WHITE,0,0,F,INDEX,,F,T,0,0
7/8/2026,2:47:46 PM,SPXW,ML/,58,5.0038,,PUT,7470,0,29022,7/8/2026,WHITE,0,0,F,INDEX,,F,T,0,0
7/8/2026,2:53:45 PM,SPXW,ML/,54,3.7798,,PUT,7470,0,20411,7/8/2026,WHITE,0,0,F,INDEX,,F,T,0,0
7/8/2026,2:55:24 PM,SPXW,BLOCK,100,4.056,,PUT,7470,0,40560,7/8/2026,WHITE,0,0,F,INDEX,,F,T,0,0
7/8/2026,2:55:36 PM,SPXW,BLOCK,63,4.0127,,PUT,7470,0,25280,7/8/2026,WHITE,0,0,F,INDEX,,F,T,0,0
7/8/2026,2:55:49 PM,SPXW,ML/,112,3.8647,,PUT,7470,0,43285,7/8/2026,WHITE,0,0,F,INDEX,,F,T,0,0
7/8/2026,2:58:33 PM,SPXW,ML/,55,3.8716,,PUT,7470,0,21294,7/8/2026,WHITE,0,0,F,INDEX,,F,T,0,0
7/8/2026,3:00:20 PM,SPXW,ML/,65,2.5805,,PUT,7470,0,16773,7/8/2026,WHITE,0,0,F,INDEX,,F,T,0,0
7/8/2026,3:00:39 PM,SPXW,ML/,203,2.1361,,PUT,7470,0,43363,7/8/2026,WHITE,0,0,F,INDEX,,F,T,0,0
7/8/2026,3:00:56 PM,SPXW,ML/,58,2.2124,,PUT,7470,0,12832,7/8/2026,WHITE,0,0,F,INDEX,,F,T,0,0
7/8/2026,3:01:10 PM,SPXW,ML/,54,2.4217,,PUT,7470,0,13077,7/8/2026,WHITE,0,0,F,INDEX,,F,T,0,0
7/8/2026,3:01:19 PM,SPXW,ML/,79,2.403,,PUT,7470,0,18984,7/8/2026,WHITE,0,0,F,INDEX,,F,T,0,0
7/8/2026,3:02:33 PM,SPXW,ML/,66,2.9511,,PUT,7470,0,19477,7/8/2026,WHITE,0,0,F,INDEX,,F,T,0,0
7/8/2026,3:02:44 PM,SPXW,ML/,87,3.0545,,PUT,7470,0,26574,7/8/2026,WHITE,0,0,F,INDEX,,F,T,0,0
7/8/2026,3:03:24 PM,SPXW,BLOCK,55,2.9982,,PUT,7470,0,16490,7/8/2026,WHITE,0,0,F,INDEX,,F,T,0,0
7/8/2026,3:03:36 PM,SPXW,ML/,53,2.9055,,PUT,7470,0,15399,7/8/2026,WHITE,0,0,F,INDEX,,F,T,0,0
7/8/2026,3:07:00 PM,SPXW,ML/,61,2.7457,,PUT,7470,0,16749,7/8/2026,WHITE,0,0,F,INDEX,,F,T,0,0
7/8/2026,3:07:28 PM,SPXW,BLOCK,55,2.4,,PUT,7470,0,13200,7/8/2026,WHITE,0,0,F,INDEX,,F,T,0,0
7/8/2026,3:08:52 PM,SPXW,ML/,64,2.6334,,PUT,7470,0,16854,7/8/2026,WHITE,0,0,F,INDEX,,F,T,0,0
7/8/2026,3:11:42 PM,SPXW,ML/,109,3.2659,,PUT,7470,0,35598,7/8/2026,WHITE,0,0,F,INDEX,,F,T,0,0
7/8/2026,3:11:46 PM,SPXW,ML/,71,3.457,,PUT,7470,0,24545,7/8/2026,WHITE,0,0,F,INDEX,,F,T,0,0
7/8/2026,3:12:11 PM,SPXW,ML/,90,3.556,,PUT,7470,0,32004,7/8/2026,WHITE,0,0,F,INDEX,,F,T,0,0
7/8/2026,3:12:21 PM,SPXW,ML/,75,3.8313,,PUT,7470,0,28734,7/8/2026,WHITE,0,0,F,INDEX,,F,T,0,0
7/8/2026,3:13:37 PM,SPXW,BLOCK,60,3.4633,,PUT,7470,0,20780,7/8/2026,WHITE,0,0,F,INDEX,,F,T,0,0
7/8/2026,3:14:41 PM,SPXW,ML/,90,3.35,,PUT,7470,0,30150,7/8/2026,WHITE,0,0,F,INDEX,,F,T,0,0
7/8/2026,3:15:01 PM,SPXW,BLOCK,62,3.4,,PUT,7470,0,21080,7/8/2026,WHITE,0,0,F,INDEX,,F,T,0,0
7/8/2026,3:15:30 PM,SPXW,ML/,64,3.365,,PUT,7470,0,21536,7/8/2026,WHITE,0,0,F,INDEX,,F,T,0,0
7/8/2026,3:16:02 PM,SPXW,ML/,50,3.3804,,PUT,7470,0,16902,7/8/2026,WHITE,0,0,F,INDEX,,F,T,0,0
7/8/2026,3:16:51 PM,SPXW,ML/,77,3.7435,,PUT,7470,0,28825,7/8/2026,WHITE,0,0,F,INDEX,,F,T,0,0
7/8/2026,3:17:03 PM,SPXW,ML/,129,3.9512,,PUT,7470,0,50970,7/8/2026,WHITE,0,0,F,INDEX,,F,T,0,0
7/8/2026,3:18:43 PM,SPXW,ML/,53,2.5947,,PUT,7470,0,13752,7/8/2026,WHITE,0,0,F,INDEX,,F,T,0,0
7/8/2026,3:19:19 PM,SPXW,BLOCK,59,2.9585,,PUT,7470,0,17455,7/8/2026,WHITE,0,0,F,INDEX,,F,T,0,0
7/8/2026,3:20:01 PM,SPXW,ML/,70,3.275,,PUT,7470,0,22925,7/8/2026,WHITE,0,0,F,INDEX,,F,T,0,0
7/8/2026,3:21:27 PM,SPXW,ML/,65,2.4797,,PUT,7470,0,16118,7/8/2026,WHITE,0,0,F,INDEX,,F,T,0,0
7/8/2026,3:21:33 PM,SPXW,ML/,54,2.0776,,PUT,7470,0,11219,7/8/2026,WHITE,0,0,F,INDEX,,F,T,0,0
7/8/2026,3:21:37 PM,SPXW,ML/,73,2.053,,PUT,7470,0,14987,7/8/2026,WHITE,0,0,F,INDEX,,F,T,0,0
7/8/2026,3:22:55 PM,SPXW,ML/,52,2.7279,,PUT,7470,0,14185,7/8/2026,WHITE,0,0,F,INDEX,,F,T,0,0
7/8/2026,3:23:08 PM,SPXW,ML/,70,2.746,,PUT,7470,0,19222,7/8/2026,WHITE,0,0,F,INDEX,,F,T,0,0
7/8/2026,3:25:08 PM,SPXW,ML/,71,1.9632,,PUT,7470,0,13938,7/8/2026,WHITE,0,0,F,INDEX,,F,T,0,0
7/8/2026,3:25:43 PM,SPXW,ML/,56,2.0816,,PUT,7470,0,11657,7/8/2026,WHITE,0,0,F,INDEX,,F,T,0,0
7/8/2026,3:26:04 PM,SPXW,ML/,80,1.9811,,PUT,7470,0,15849,7/8/2026,WHITE,0,0,F,INDEX,,F,T,0,0
7/8/2026,3:27:15 PM,SPXW,ML/,51,2.0461,,PUT,7470,0,10435,7/8/2026,WHITE,0,0,F,INDEX,,F,T,0,0
7/8/2026,3:27:47 PM,SPXW,ML/,84,1.6512,,PUT,7470,0,13869,7/8/2026,WHITE,0,0,F,INDEX,,F,T,0,0
7/8/2026,3:29:09 PM,SPXW,ML/,91,1.738,,PUT,7470,0,15816,7/8/2026,WHITE,0,0,F,INDEX,,F,T,0,0
7/8/2026,3:30:00 PM,SPXW,ML/,95,1.46,,PUT,7470,0,13869,7/8/2026,WHITE,0,0,F,INDEX,,F,T,0,0
7/8/2026,3:31:04 PM,SPXW,ML/,194,2.201,,PUT,7470,0,42700,7/8/2026,WHITE,0,0,F,INDEX,,F,T,0,0
7/8/2026,3:31:14 PM,SPXW,ML/,191,2.4545,,PUT,7470,0,46880,7/8/2026,WHITE,0,0,F,INDEX,,F,T,0,0
7/8/2026,3:35:37 PM,SPXW,ML/,124,2.0297,,PUT,7470,0,25168,7/8/2026,WHITE,0,0,F,INDEX,,F,T,0,0
7/8/2026,3:36:17 PM,SPXW,ML/,78,1.5867,,PUT,7470,0,12376,7/8/2026,WHITE,0,0,F,INDEX,,F,T,0,0
7/8/2026,3:36:23 PM,SPXW,ML/,81,1.5498,,PUT,7470,0,12553,7/8/2026,WHITE,0,0,F,INDEX,,F,T,0,0
7/8/2026,3:37:02 PM,SPXW,ML/,125,1.2118,,PUT,7470,0,15147,7/8/2026,WHITE,0,0,F,INDEX,,F,T,0,0
7/8/2026,3:37:53 PM,SPXW,ML/,90,1.2482,,PUT,7470,0,11234,7/8/2026,WHITE,0,0,F,INDEX,,F,T,0,0
7/8/2026,3:39:28 PM,SPXW,ML/,117,1.2012,,PUT,7470,0,14054,7/8/2026,WHITE,0,0,F,INDEX,,F,T,0,0
7/8/2026,3:40:44 PM,SPXW,ML/,348,1.4609,,PUT,7470,0,50837,7/8/2026,WHITE,0,0,F,INDEX,,F,T,0,0
7/8/2026,3:41:10 PM,SPXW,ML/,286,1.8041,,PUT,7470,0,51596,7/8/2026,WHITE,0,0,F,INDEX,,F,T,0,0
7/8/2026,3:41:25 PM,SPXW,ML/,74,1.5096,,PUT,7470,0,11171,7/8/2026,WHITE,0,0,F,INDEX,,F,T,0,0
7/8/2026,3:41:53 PM,SPXW,BLOCK,82,1.3427,,PUT,7470,0,11010,7/8/2026,WHITE,0,0,F,INDEX,,F,T,0,0
7/8/2026,3:43:31 PM,SPXW,ML/,103,1.08,,PUT,7470,0,11124,7/8/2026,WHITE,0,0,F,INDEX,,F,T,0,0
7/8/2026,3:43:58 PM,SPXW,ML/,131,0.8781,,PUT,7470,0,11503,7/8/2026,WHITE,0,0,F,INDEX,,F,T,0,0
7/8/2026,3:45:34 PM,SPXW,ML/,250,1.4915,,PUT,7470,0,37288,7/8/2026,WHITE,0,0,F,INDEX,,F,T,0,0
7/8/2026,3:45:40 PM,SPXW,BLOCK,65,1.6023,,PUT,7470,0,10415,7/8/2026,WHITE,0,0,F,INDEX,,F,T,0,0
7/8/2026,3:45:42 PM,SPXW,ML/,146,1.5458,,PUT,7470,0,22568,7/8/2026,WHITE,0,0,F,INDEX,,F,T,0,0
7/8/2026,3:45:47 PM,SPXW,ML/,73,1.4734,,PUT,7470,0,10756,7/8/2026,WHITE,0,0,F,INDEX,,F,T,0,0
7/8/2026,3:46:35 PM,SPXW,ML/,278,1.6148,,PUT,7470,0,44892,7/8/2026,WHITE,0,0,F,INDEX,,F,T,0,0
7/8/2026,3:46:40 PM,SPXW,ML/,103,1.7515,,PUT,7470,0,18040,7/8/2026,WHITE,0,0,F,INDEX,,F,T,0,0
7/8/2026,3:46:45 PM,SPXW,ML/,83,1.6081,,PUT,7470,0,13347,7/8/2026,WHITE,0,0,F,INDEX,,F,T,0,0
7/8/2026,3:46:59 PM,SPXW,ML/,542,2.0535,,PUT,7470,0,111301,7/8/2026,WHITE,0,0,F,INDEX,,F,T,0,0
7/8/2026,3:47:14 PM,SPXW,ML/,1355,2.4931,,PUT,7470,0,337821,7/8/2026,WHITE,0,0,F,INDEX,,F,T,0,0
7/8/2026,3:47:41 PM,SPXW,ML/,272,2.6006,,PUT,7470,0,70737,7/8/2026,WHITE,0,0,F,INDEX,,F,T,0,0
7/8/2026,3:47:49 PM,SPXW,ML/,239,3.0438,,PUT,7470,0,72747,7/8/2026,WHITE,0,0,F,INDEX,,F,T,0,0
7/8/2026,3:47:54 PM,SPXW,ML/,897,2.7039,,PUT,7470,0,242541,7/8/2026,WHITE,0,0,F,INDEX,,F,T,0,0
7/8/2026,3:48:24 PM,SPXW,ML/,125,2.2631,,PUT,7470,0,28289,7/8/2026,WHITE,0,0,F,INDEX,,F,T,0,0
7/8/2026,3:48:31 PM,SPXW,ML/,156,2.1316,,PUT,7470,0,33253,7/8/2026,WHITE,0,0,F,INDEX,,F,T,0,0
7/8/2026,3:48:35 PM,SPXW,ML/,184,1.9059,,PUT,7470,0,35068,7/8/2026,WHITE,0,0,F,INDEX,,F,T,0,0
7/8/2026,3:48:55 PM,SPXW,ML/,67,1.9793,,PUT,7470,0,13261,7/8/2026,WHITE,0,0,F,INDEX,,F,T,0,0
7/8/2026,3:48:58 PM,SPXW,ML/,63,2.1348,,PUT,7470,0,13449,7/8/2026,WHITE,0,0,F,INDEX,,F,T,0,0
7/8/2026,3:49:03 PM,SPXW,SWEEP,69,2.0616,A,PUT,7470,0,14225,7/8/2026,WHITE,0,0,F,INDEX,,F,T,0,0
7/8/2026,3:49:08 PM,SPXW,ML/,135,2.0536,,PUT,7470,0,27723,7/8/2026,WHITE,0,0,F,INDEX,,F,T,0,0
7/8/2026,3:49:14 PM,SPXW,ML/,202,1.9516,,PUT,7470,0,39423,7/8/2026,WHITE,0,0,F,INDEX,,F,T,0,0
7/8/2026,3:49:25 PM,SPXW,ML/,124,2.0094,,PUT,7470,0,24916,7/8/2026,WHITE,0,0,F,INDEX,,F,T,0,0
7/8/2026,3:49:31 PM,SPXW,ML/,180,1.7059,,PUT,7470,0,30706,7/8/2026,WHITE,0,0,F,INDEX,,F,T,0,0
7/8/2026,3:49:39 PM,SPXW,ML/,172,1.5316,,PUT,7470,0,26344,7/8/2026,WHITE,0,0,F,INDEX,,F,T,0,0
7/8/2026,3:49:51 PM,SPXW,ML/,109,1.9384,,PUT,7470,0,21129,7/8/2026,WHITE,0,0,F,INDEX,,F,T,0,0
7/8/2026,3:49:54 PM,SPXW,ML/,95,1.9563,,PUT,7470,0,18585,7/8/2026,WHITE,0,0,F,INDEX,,F,T,0,0
7/8/2026,3:49:59 PM,SPXW,ML/,362,2.162,,PUT,7470,0,78266,7/8/2026,WHITE,0,0,F,INDEX,,F,T,0,0
7/8/2026,3:50:03 PM,SPXW,ML/,119,1.8087,,PUT,7470,0,21524,7/8/2026,WHITE,0,0,F,INDEX,,F,T,0,0
7/8/2026,3:50:09 PM,SPXW,ML/,232,1.2763,,PUT,7470,0,29611,7/8/2026,WHITE,0,0,F,INDEX,,F,T,0,0
7/8/2026,3:50:16 PM,SPXW,ML/,1118,0.8063,,PUT,7470,0,90139,7/8/2026,WHITE,0,0,F,INDEX,,F,T,0,0
7/8/2026,3:50:54 PM,SPXW,ML/,388,0.7152,,PUT,7470,0,27750,7/8/2026,WHITE,0,0,F,INDEX,,F,T,0,0
7/8/2026,3:51:10 PM,SPXW,ML/,161,0.8614,,PUT,7470,0,13868,7/8/2026,WHITE,0,0,F,INDEX,,F,T,0,0
7/8/2026,3:51:17 PM,SPXW,ML/,536,0.5594,,PUT,7470,0,29983,7/8/2026,WHITE,0,0,F,INDEX,,F,T,0,0
7/8/2026,1:27:29 PM,SPXW,ML/,70,69.9979,,PUT,7550,0,489985,7/8/2026,WHITE,0,0,F,INDEX,,F,T,0,0
7/8/2026,9:38:08 AM,SPXW,BLOCK,75,12.8,,CALL,7475,0,96000,7/8/2026,WHITE,0,0,F,INDEX,,F,T,0,0
7/8/2026,9:38:38 AM,SPXW,BLOCK,72,12.9,,CALL,7475,0,92880,7/8/2026,WHITE,0,0,F,INDEX,,F,T,0,0
7/8/2026,9:40:44 AM,SPXW,ML/,51,18.148,,CALL,7475,0,92555,7/8/2026,WHITE,0,0,F,INDEX,,F,T,0,0
7/8/2026,9:40:58 AM,SPXW,ML/,89,18.2661,,CALL,7475,0,162568,7/8/2026,WHITE,0,0,F,INDEX,,F,T,0,0
7/8/2026,9:43:14 AM,SPXW,SWEEP,100,15.8,A,CALL,7475,0,158000,7/8/2026,WHITE,0,0,F,INDEX,,F,T,0,0
7/8/2026,9:44:23 AM,SPXW,BLOCK,55,16.2455,,CALL,7475,0,89350,7/8/2026,WHITE,0,0,F,INDEX,,F,T,0,0
7/8/2026,9:44:51 AM,SPXW,BLOCK,124,16.3065,,CALL,7475,0,202200,7/8/2026,WHITE,0,0,F,INDEX,,F,T,0,0
7/8/2026,9:47:08 AM,SPXW,ML/,53,18.0677,,CALL,7475,0,95759,7/8/2026,WHITE,0,0,F,INDEX,,F,T,0,0
7/8/2026,9:49:15 AM,SPXW,BLOCK,54,14.5,,CALL,7475,0,78300,7/8/2026,WHITE,0,0,F,INDEX,,F,T,0,0
7/8/2026,9:49:41 AM,SPXW,ML/,54,13.395,,CALL,7475,0,72333,7/8/2026,WHITE,0,0,F,INDEX,,F,T,0,0
7/8/2026,9:57:21 AM,SPXW,BLOCK,103,13.8039,,CALL,7475,0,142180,7/8/2026,WHITE,0,0,F,INDEX,,F,T,0,0
7/8/2026,9:58:09 AM,SPXW,BLOCK,75,14.1653,,CALL,7475,0,106239,7/8/2026,WHITE,0,0,F,INDEX,,F,T,0,0
7/8/2026,10:00:18 AM,SPXW,ML/,53,14.7264,,CALL,7475,0,78050,7/8/2026,WHITE,0,0,F,INDEX,,F,T,0,0
7/8/2026,10:03:53 AM,SPXW,ML/,50,13.18,,CALL,7475,0,65900,7/8/2026,WHITE,0,0,F,INDEX,,F,T,0,0
7/8/2026,10:05:01 AM,SPXW,ML/,61,13.8538,,CALL,7475,0,84508,7/8/2026,WHITE,0,0,F,INDEX,,F,T,0,0
7/8/2026,10:08:19 AM,SPXW,ML/,56,15.6798,,CALL,7475,0,87807,7/8/2026,WHITE,0,0,F,INDEX,,F,T,0,0
7/8/2026,10:21:50 AM,SPXW,ML/,63,13.9322,,CALL,7475,0,87773,7/8/2026,WHITE,0,0,F,INDEX,,F,T,0,0
7/8/2026,10:26:18 AM,SPXW,ML/,503,12.5511,,CALL,7475,0,631320,7/8/2026,WHITE,0,0,F,INDEX,,F,T,0,0
7/8/2026,10:33:24 AM,SPXW,ML/,54,8.2657,,CALL,7475,0,44635,7/8/2026,WHITE,0,0,F,INDEX,,F,T,0,0
7/8/2026,10:45:14 AM,SPXW,ML/,201,5.4999,,CALL,7475,0,110547,7/8/2026,WHITE,0,0,F,INDEX,,F,T,0,0
7/8/2026,10:48:26 AM,SPXW,BLOCK,58,4.8914,,CALL,7475,0,28370,7/8/2026,WHITE,0,0,F,INDEX,,F,T,0,0
7/8/2026,10:52:15 AM,SPXW,ML/,55,4.4985,,CALL,7475,0,24742,7/8/2026,WHITE,0,0,F,INDEX,,F,T,0,0
7/8/2026,10:52:29 AM,SPXW,ML/,60,4.6327,,CALL,7475,0,27795,7/8/2026,WHITE,0,0,F,INDEX,,F,T,0,0
7/8/2026,10:53:49 AM,SPXW,ML/,183,6.5121,,CALL,7475,0,119171,7/8/2026,WHITE,0,0,F,INDEX,,F,T,0,0
7/8/2026,10:55:38 AM,SPXW,BLOCK,201,5.4005,,CALL,7475,0,108550,7/8/2026,WHITE,0,0,F,INDEX,,F,T,0,0
7/8/2026,11:14:10 AM,SPXW,ML/,235,3.0547,,CALL,7475,0,71786,7/8/2026,WHITE,0,0,F,INDEX,,F,T,0,0
7/8/2026,11:15:02 AM,SPXW,ML/,64,3.2094,,CALL,7475,0,20540,7/8/2026,WHITE,0,0,F,INDEX,,F,T,0,0
7/8/2026,11:16:03 AM,SPXW,ML/,84,2.7055,,CALL,7475,0,22726,7/8/2026,WHITE,0,0,F,INDEX,,F,T,0,0
7/8/2026,11:16:29 AM,SPXW,BLOCK,55,2.4,,CALL,7475,0,13200,7/8/2026,WHITE,0,0,F,INDEX,,F,T,0,0
7/8/2026,11:18:17 AM,SPXW,ML/,132,2.6059,,CALL,7475,0,34398,7/8/2026,WHITE,0,0,F,INDEX,,F,T,0,0
7/8/2026,11:20:44 AM,SPXW,ML/,64,3.4594,,CALL,7475,0,22140,7/8/2026,WHITE,0,0,F,INDEX,,F,T,0,0
7/8/2026,11:26:29 AM,SPXW,ML/,63,1.6214,,CALL,7475,0,10215,7/8/2026,WHITE,0,0,F,INDEX,,F,T,0,0
7/8/2026,11:27:37 AM,SPXW,ML/,75,1.7708,,CALL,7475,0,13281,7/8/2026,WHITE,0,0,F,INDEX,,F,T,0,0
7/8/2026,11:30:26 AM,SPXW,ML/,211,1.5218,,CALL,7475,0,32111,7/8/2026,WHITE,0,0,F,INDEX,,F,T,0,0
7/8/2026,11:35:42 AM,SPXW,ML/,55,2.2745,,CALL,7475,0,12510,7/8/2026,WHITE,0,0,F,INDEX,,F,T,0,0
7/8/2026,11:42:46 AM,SPXW,BLOCK,100,2.45,,CALL,7475,0,24500,7/8/2026,WHITE,0,0,F,INDEX,,F,T,0,0
7/8/2026,11:42:51 AM,SPXW,ML/,86,2.2,,CALL,7475,0,18920,7/8/2026,WHITE,0,0,F,INDEX,,F,T,0,0
7/8/2026,12:01:21 PM,SPXW,ML/,65,2.5515,,CALL,7475,0,16585,7/8/2026,WHITE,0,0,F,INDEX,,F,T,0,0
7/8/2026,12:05:05 PM,SPXW,ML/,55,2.9964,,CALL,7475,0,16480,7/8/2026,WHITE,0,0,F,INDEX,,F,T,0,0
7/8/2026,12:05:36 PM,SPXW,ML/,72,3.4103,,CALL,7475,0,24554,7/8/2026,WHITE,0,0,F,INDEX,,F,T,0,0
7/8/2026,12:10:03 PM,SPXW,ML/,89,3.3966,,CALL,7475,0,30230,7/8/2026,WHITE,0,0,F,INDEX,,F,T,0,0
7/8/2026,12:10:05 PM,SPXW,ML/,144,3.6076,,CALL,7475,0,51950,7/8/2026,WHITE,0,0,F,INDEX,,F,T,0,0
7/8/2026,12:10:25 PM,SPXW,ML/,96,3.9371,,CALL,7475,0,37796,7/8/2026,WHITE,0,0,F,INDEX,,F,T,0,0
7/8/2026,12:11:03 PM,SPXW,ML/,54,4.1069,,CALL,7475,0,22177,7/8/2026,WHITE,0,0,F,INDEX,,F,T,0,0
7/8/2026,12:11:21 PM,SPXW,ML/,126,4.5886,,CALL,7475,0,57816,7/8/2026,WHITE,0,0,F,INDEX,,F,T,0,0
7/8/2026,12:11:28 PM,SPXW,ML/,68,4.4403,,CALL,7475,0,30194,7/8/2026,WHITE,0,0,F,INDEX,,F,T,0,0
7/8/2026,12:13:37 PM,SPXW,ML/,50,4.1172,,CALL,7475,0,20586,7/8/2026,WHITE,0,0,F,INDEX,,F,T,0,0
7/8/2026,12:14:08 PM,SPXW,BLOCK,51,4.2,,CALL,7475,0,21420,7/8/2026,WHITE,0,0,F,INDEX,,F,T,0,0
7/8/2026,12:17:19 PM,SPXW,ML/,71,4.8675,,CALL,7475,0,34559,7/8/2026,WHITE,0,0,F,INDEX,,F,T,0,0
7/8/2026,12:18:01 PM,SPXW,ML/,51,5.0667,,CALL,7475,0,25839,7/8/2026,WHITE,0,0,F,INDEX,,F,T,0,0
7/8/2026,12:20:26 PM,SPXW,BLOCK,100,5.1,,CALL,7475,0,50999,7/8/2026,WHITE,0,0,F,INDEX,,F,T,0,0
7/8/2026,12:20:33 PM,SPXW,ML/,134,5.4943,,CALL,7475,0,73624,7/8/2026,WHITE,0,0,F,INDEX,,F,T,0,0
7/8/2026,12:20:47 PM,SPXW,ML/,88,5.7384,,CALL,7475,0,50497,7/8/2026,WHITE,0,0,F,INDEX,,F,T,0,0
7/8/2026,12:21:33 PM,SPXW,ML/,75,6.3117,,CALL,7475,0,47338,7/8/2026,WHITE,0,0,F,INDEX,,F,T,0,0
7/8/2026,12:24:06 PM,SPXW,ML/,100,5.3522,,CALL,7475,0,53522,7/8/2026,WHITE,0,0,F,INDEX,,F,T,0,0
7/8/2026,12:25:24 PM,SPXW,ML/,121,5.095,,CALL,7475,0,61650,7/8/2026,WHITE,0,0,F,INDEX,,F,T,0,0
7/8/2026,12:26:04 PM,SPXW,ML/,106,5.4472,,CALL,7475,0,57740,7/8/2026,WHITE,0,0,F,INDEX,,F,T,0,0
7/8/2026,12:27:36 PM,SPXW,ML/,178,6.838,,CALL,7475,0,121716,7/8/2026,WHITE,0,0,F,INDEX,,F,T,0,0
7/8/2026,12:30:48 PM,SPXW,ML/,81,6.789,,CALL,7475,0,54991,7/8/2026,WHITE,0,0,F,INDEX,,F,T,0,0
7/8/2026,12:31:01 PM,SPXW,ML/,94,7.7196,,CALL,7475,0,72564,7/8/2026,WHITE,0,0,F,INDEX,,F,T,0,0
7/8/2026,12:31:05 PM,SPXW,ML/,77,8.3032,,CALL,7475,0,63935,7/8/2026,WHITE,0,0,F,INDEX,,F,T,0,0
7/8/2026,12:35:11 PM,SPXW,ML/,53,6.1826,,CALL,7475,0,32768,7/8/2026,WHITE,0,0,F,INDEX,,F,T,0,0
7/8/2026,12:39:43 PM,SPXW,ML/,191,4.4354,,CALL,7475,0,84716,7/8/2026,WHITE,0,0,F,INDEX,,F,T,0,0
7/8/2026,12:39:44 PM,SPXW,ML/,103,5.4329,,CALL,7475,0,55959,7/8/2026,WHITE,0,0,F,INDEX,,F,T,0,0
7/8/2026,12:40:07 PM,SPXW,BLOCK,55,5.9636,,CALL,7475,0,32800,7/8/2026,WHITE,0,0,F,INDEX,,F,T,0,0
7/8/2026,12:40:43 PM,SPXW,ML/,130,8.4372,,CALL,7475,0,109683,7/8/2026,WHITE,0,0,F,INDEX,,F,T,0,0
7/8/2026,12:40:49 PM,SPXW,ML/,164,9.4762,,CALL,7475,0,155409,7/8/2026,WHITE,0,0,F,INDEX,,F,T,0,0
7/8/2026,12:40:57 PM,SPXW,ML/,68,8.6913,,CALL,7475,0,59101,7/8/2026,WHITE,0,0,F,INDEX,,F,T,0,0
7/8/2026,12:41:00 PM,SPXW,ML/,78,8.5692,,CALL,7475,0,66840,7/8/2026,WHITE,0,0,F,INDEX,,F,T,0,0
7/8/2026,12:41:23 PM,SPXW,ML/,69,7.3055,,CALL,7475,0,50408,7/8/2026,WHITE,0,0,F,INDEX,,F,T,0,0
7/8/2026,12:50:20 PM,SPXW,ML/,60,9.2767,,CALL,7475,0,55660,7/8/2026,WHITE,0,0,F,INDEX,,F,T,0,0
7/8/2026,12:51:02 PM,SPXW,BLOCK,79,8.7734,,CALL,7475,0,69310,7/8/2026,WHITE,0,0,F,INDEX,,F,T,0,0
7/8/2026,12:51:41 PM,SPXW,BLOCK,54,9,,CALL,7475,0,48600,7/8/2026,WHITE,0,0,F,INDEX,,F,T,0,0
7/8/2026,12:52:07 PM,SPXW,ML/,54,8.91,,CALL,7475,0,48114,7/8/2026,WHITE,0,0,F,INDEX,,F,T,0,0
7/8/2026,12:53:11 PM,SPXW,ML/,68,9.9285,,CALL,7475,0,67514,7/8/2026,WHITE,0,0,F,INDEX,,F,T,0,0
7/8/2026,12:53:26 PM,SPXW,ML/,54,9.7083,,CALL,7475,0,52425,7/8/2026,WHITE,0,0,F,INDEX,,F,T,0,0
7/8/2026,12:53:32 PM,SPXW,ML/,58,9.2438,,CALL,7475,0,53614,7/8/2026,WHITE,0,0,F,INDEX,,F,T,0,0
7/8/2026,12:54:03 PM,SPXW,ML/,111,9.314,,CALL,7475,0,103385,7/8/2026,WHITE,0,0,F,INDEX,,F,T,0,0
7/8/2026,12:55:07 PM,SPXW,ML/,142,9.8732,,CALL,7475,0,140199,7/8/2026,WHITE,0,0,F,INDEX,,F,T,0,0
7/8/2026,12:56:04 PM,SPXW,ML/,69,9.6387,,CALL,7475,0,66507,7/8/2026,WHITE,0,0,F,INDEX,,F,T,0,0
7/8/2026,12:56:19 PM,SPXW,ML/,52,9.1,,CALL,7475,0,47320,7/8/2026,WHITE,0,0,F,INDEX,,F,T,0,0
7/8/2026,12:56:55 PM,SPXW,ML/,68,9.6106,,CALL,7475,0,65351,7/8/2026,WHITE,0,0,F,INDEX,,F,T,0,0
7/8/2026,12:57:44 PM,SPXW,ML/,53,9.8566,,CALL,7475,0,52240,7/8/2026,WHITE,0,0,F,INDEX,,F,T,0,0
7/8/2026,12:58:06 PM,SPXW,ML/,148,9.6068,,CALL,7475,0,142180,7/8/2026,WHITE,0,0,F,INDEX,,F,T,0,0
7/8/2026,12:58:44 PM,SPXW,BLOCK,120,9.9883,,CALL,7475,0,119859,7/8/2026,WHITE,0,0,F,INDEX,,F,T,0,0
7/8/2026,1:00:00 PM,SPXW,ML/,52,9.5835,,CALL,7475,0,49834,7/8/2026,WHITE,0,0,F,INDEX,,F,T,0,0
7/8/2026,1:01:35 PM,SPXW,ML/,62,8.2597,,CALL,7475,0,51210,7/8/2026,WHITE,0,0,F,INDEX,,F,T,0,0
7/8/2026,1:02:10 PM,SPXW,ML/,96,8.9147,,CALL,7475,0,85581,7/8/2026,WHITE,0,0,F,INDEX,,F,T,0,0
7/8/2026,1:02:38 PM,SPXW,BLOCK,72,7.9181,,CALL,7475,0,57010,7/8/2026,WHITE,0,0,F,INDEX,,F,T,0,0
7/8/2026,1:02:52 PM,SPXW,BLOCK,82,8.1878,,CALL,7475,0,67140,7/8/2026,WHITE,0,0,F,INDEX,,F,T,0,0
7/8/2026,1:02:59 PM,SPXW,BLOCK,76,8.2,,CALL,7475,0,62319,7/8/2026,WHITE,0,0,F,INDEX,,F,T,0,0
7/8/2026,1:06:24 PM,SPXW,ML/,95,9.1384,,CALL,7475,0,86815,7/8/2026,WHITE,0,0,F,INDEX,,F,T,0,0
7/8/2026,1:09:32 PM,SPXW,SWEEP,101,8.299,A,CALL,7475,0,83820,7/8/2026,WHITE,0,0,F,INDEX,,F,T,0,0
7/8/2026,1:10:57 PM,SPXW,BLOCK,52,8.3962,,CALL,7475,0,43660,7/8/2026,WHITE,0,0,F,INDEX,,F,T,0,0
7/8/2026,1:11:05 PM,SPXW,ML/,131,7.5002,,CALL,7475,0,98252,7/8/2026,WHITE,0,0,F,INDEX,,F,T,0,0
7/8/2026,1:11:54 PM,SPXW,BLOCK,50,8,,CALL,7475,0,40000,7/8/2026,WHITE,0,0,F,INDEX,,F,T,0,0
7/8/2026,1:13:04 PM,SPXW,ML/,125,9.4872,,CALL,7475,0,118590,7/8/2026,WHITE,0,0,F,INDEX,,F,T,0,0
7/8/2026,1:16:09 PM,SPXW,ML/,87,9.531,,CALL,7475,0,82920,7/8/2026,WHITE,0,0,F,INDEX,,F,T,0,0
7/8/2026,1:19:14 PM,SPXW,ML/,52,9.5937,,CALL,7475,0,49887,7/8/2026,WHITE,0,0,F,INDEX,,F,T,0,0
7/8/2026,1:19:16 PM,SPXW,ML/,275,10.1137,,CALL,7475,0,278127,7/8/2026,WHITE,0,0,F,INDEX,,F,T,0,0
7/8/2026,1:19:22 PM,SPXW,ML/,53,10.2179,,CALL,7475,0,54154,7/8/2026,WHITE,0,0,F,INDEX,,F,T,0,0
7/8/2026,1:19:24 PM,SPXW,ML/,51,10.8863,,CALL,7475,0,55520,7/8/2026,WHITE,0,0,F,INDEX,,F,T,0,0
7/8/2026,1:19:27 PM,SPXW,ML/,58,10.806,,CALL,7475,0,62675,7/8/2026,WHITE,0,0,F,INDEX,,F,T,0,0
7/8/2026,1:20:06 PM,SPXW,ML/,66,11.6312,,CALL,7475,0,76766,7/8/2026,WHITE,0,0,F,INDEX,,F,T,0,0
7/8/2026,1:20:14 PM,SPXW,ML/,69,11.03,,CALL,7475,0,76107,7/8/2026,WHITE,0,0,F,INDEX,,F,T,0,0
7/8/2026,1:21:21 PM,SPXW,ML/,54,11.5737,,CALL,7475,0,62498,7/8/2026,WHITE,0,0,F,INDEX,,F,T,0,0
7/8/2026,1:21:39 PM,SPXW,ML/,63,12.5968,,CALL,7475,0,79360,7/8/2026,WHITE,0,0,F,INDEX,,F,T,0,0
7/8/2026,1:21:43 PM,SPXW,ML/,58,12.5426,,CALL,7475,0,72747,7/8/2026,WHITE,0,0,F,INDEX,,F,T,0,0
7/8/2026,1:22:12 PM,SPXW,BLOCK,279,12.7022,,CALL,7475,0,354389,7/8/2026,WHITE,0,0,F,INDEX,,F,T,0,0
7/8/2026,1:22:39 PM,SPXW,ML/,86,12.669,,CALL,7475,0,108953,7/8/2026,WHITE,0,0,F,INDEX,,F,T,0,0
7/8/2026,1:25:54 PM,SPXW,ML/,50,13.63,,CALL,7475,0,68150,7/8/2026,WHITE,0,0,F,INDEX,,F,T,0,0
7/8/2026,1:26:22 PM,SPXW,ML/,89,12.5539,,CALL,7475,0,111730,7/8/2026,WHITE,0,0,F,INDEX,,F,T,0,0
7/8/2026,1:38:14 PM,SPXW,ML/,193,13.3881,,CALL,7475,0,258390,7/8/2026,WHITE,0,0,F,INDEX,,F,T,0,0
7/8/2026,1:38:55 PM,SPXW,BLOCK,107,12.885,,CALL,7475,0,137870,7/8/2026,WHITE,0,0,F,INDEX,,F,T,0,0
7/8/2026,1:41:10 PM,SPXW,ML/,250,12.09,,CALL,7475,0,302250,7/8/2026,WHITE,0,0,F,INDEX,,F,T,0,0
7/8/2026,1:46:23 PM,SPXW,ML/,52,9.7994,,CALL,7475,0,50957,7/8/2026,WHITE,0,0,F,INDEX,,F,T,0,0
7/8/2026,1:46:29 PM,SPXW,ML/,51,9.9378,,CALL,7475,0,50683,7/8/2026,WHITE,0,0,F,INDEX,,F,T,0,0
7/8/2026,1:50:28 PM,SPXW,ML/,66,8.5258,,CALL,7475,0,56270,7/8/2026,WHITE,0,0,F,INDEX,,F,T,0,0
7/8/2026,1:50:40 PM,SPXW,BLOCK,57,9.3386,,CALL,7475,0,53230,7/8/2026,WHITE,0,0,F,INDEX,,F,T,0,0
7/8/2026,1:50:47 PM,SPXW,ML/,63,9.3778,,CALL,7475,0,59080,7/8/2026,WHITE,0,0,F,INDEX,,F,T,0,0
7/8/2026,1:50:54 PM,SPXW,BLOCK,60,9.69,,CALL,7475,0,58140,7/8/2026,WHITE,0,0,F,INDEX,,F,T,0,0
7/8/2026,1:51:00 PM,SPXW,ML/,109,9.4888,,CALL,7475,0,103428,7/8/2026,WHITE,0,0,F,INDEX,,F,T,0,0
7/8/2026,1:52:34 PM,SPXW,ML/,51,9.949,,CALL,7475,0,50739,7/8/2026,WHITE,0,0,F,INDEX,,F,T,0,0
7/8/2026,1:55:02 PM,SPXW,ML/,67,7.8922,,CALL,7475,0,52878,7/8/2026,WHITE,0,0,F,INDEX,,F,T,0,0
7/8/2026,1:56:02 PM,SPXW,ML/,56,7.0607,,CALL,7475,0,39540,7/8/2026,WHITE,0,0,F,INDEX,,F,T,0,0
7/8/2026,1:56:03 PM,SPXW,BLOCK,51,6.998,,CALL,7475,0,35690,7/8/2026,WHITE,0,0,F,INDEX,,F,T,0,0
7/8/2026,1:56:15 PM,SPXW,ML/,91,6.5995,,CALL,7475,0,60054,7/8/2026,WHITE,0,0,F,INDEX,,F,T,0,0
7/8/2026,1:59:14 PM,SPXW,ML/,51,7.898,,CALL,7475,0,40280,7/8/2026,WHITE,0,0,F,INDEX,,F,T,0,0
7/8/2026,1:59:33 PM,SPXW,BLOCK,99,7.9111,,CALL,7475,0,78320,7/8/2026,WHITE,0,0,F,INDEX,,F,T,0,0
7/8/2026,2:00:06 PM,SPXW,ML/,65,7.048,,CALL,7475,0,45812,7/8/2026,WHITE,0,0,F,INDEX,,F,T,0,0
7/8/2026,2:00:10 PM,SPXW,BLOCK,56,6.8018,,CALL,7475,0,38090,7/8/2026,WHITE,0,0,F,INDEX,,F,T,0,0
7/8/2026,2:00:39 PM,SPXW,ML/,70,8.5103,,CALL,7475,0,59572,7/8/2026,WHITE,0,0,F,INDEX,,F,T,0,0
7/8/2026,2:01:20 PM,SPXW,ML/,116,9.7776,,CALL,7475,0,113420,7/8/2026,WHITE,0,0,F,INDEX,,F,T,0,0
7/8/2026,2:01:57 PM,SPXW,ML/,52,11.0046,,CALL,7475,0,57224,7/8/2026,WHITE,0,0,F,INDEX,,F,T,0,0
7/8/2026,2:02:01 PM,SPXW,ML/,151,11.8477,,CALL,7475,0,178900,7/8/2026,WHITE,0,0,F,INDEX,,F,T,0,0
7/8/2026,2:02:13 PM,SPXW,ML/,120,11.5279,,CALL,7475,0,138335,7/8/2026,WHITE,0,0,F,INDEX,,F,T,0,0
7/8/2026,2:02:19 PM,SPXW,ML/,59,11.459,,CALL,7475,0,67608,7/8/2026,WHITE,0,0,F,INDEX,,F,T,0,0
7/8/2026,2:02:25 PM,SPXW,ML/,83,10.9596,,CALL,7475,0,90965,7/8/2026,WHITE,0,0,F,INDEX,,F,T,0,0
7/8/2026,2:12:52 PM,SPXW,ML/,55,10.9375,,CALL,7475,0,60156,7/8/2026,WHITE,0,0,F,INDEX,,F,T,0,0
7/8/2026,2:18:19 PM,SPXW,BLOCK,100,8.404,,CALL,7475,0,84040,7/8/2026,WHITE,0,0,F,INDEX,,F,T,0,0
7/8/2026,2:19:47 PM,SPXW,ML/,54,10.0024,,CALL,7475,0,54013,7/8/2026,WHITE,0,0,F,INDEX,,F,T,0,0
7/8/2026,2:32:42 PM,SPXW,ML/,58,7.1733,,CALL,7475,0,41605,7/8/2026,WHITE,0,0,F,INDEX,,F,T,0,0
7/8/2026,2:33:33 PM,SPXW,BLOCK,51,6.1,,CALL,7475,0,31109,7/8/2026,WHITE,0,0,F,INDEX,,F,T,0,0
7/8/2026,2:36:23 PM,SPXW,ML/,52,6.739,,CALL,7475,0,35043,7/8/2026,WHITE,0,0,F,INDEX,,F,T,0,0
7/8/2026,2:38:55 PM,SPXW,ML/,55,9.0309,,CALL,7475,0,49670,7/8/2026,WHITE,0,0,F,INDEX,,F,T,0,0
7/8/2026,2:40:09 PM,SPXW,BLOCK,68,9.1132,,CALL,7475,0,61970,7/8/2026,WHITE,0,0,F,INDEX,,F,T,0,0
7/8/2026,2:40:37 PM,SPXW,BLOCK,63,8.5032,,CALL,7475,0,53570,7/8/2026,WHITE,0,0,F,INDEX,,F,T,0,0
7/8/2026,2:42:07 PM,SPXW,ML/,70,7.4979,,CALL,7475,0,52485,7/8/2026,WHITE,0,0,F,INDEX,,F,T,0,0
7/8/2026,2:45:12 PM,SPXW,BLOCK,100,8.6,,CALL,7475,0,86000,7/8/2026,WHITE,0,0,F,INDEX,,F,T,0,0
7/8/2026,2:45:25 PM,SPXW,ML/,59,8.0844,,CALL,7475,0,47697,7/8/2026,WHITE,0,0,F,INDEX,,F,T,0,0
7/8/2026,2:48:27 PM,SPXW,ML/,64,7.2119,,CALL,7475,0,46156,7/8/2026,WHITE,0,0,F,INDEX,,F,T,0,0
7/8/2026,2:50:12 PM,SPXW,BLOCK,52,9.5,,CALL,7475,0,49400,7/8/2026,WHITE,0,0,F,INDEX,,F,T,0,0
7/8/2026,2:52:00 PM,SPXW,ML/,55,10.0271,,CALL,7475,0,55149,7/8/2026,WHITE,0,0,F,INDEX,,F,T,0,0
7/8/2026,2:52:05 PM,SPXW,ML/,55,10.8182,,CALL,7475,0,59500,7/8/2026,WHITE,0,0,F,INDEX,,F,T,0,0
7/8/2026,2:55:31 PM,SPXW,ML/,52,7.6327,,CALL,7475,0,39690,7/8/2026,WHITE,0,0,F,INDEX,,F,T,0,0
7/8/2026,2:56:45 PM,SPXW,BLOCK,110,6.78,,CALL,7475,0,74580,7/8/2026,WHITE,0,0,F,INDEX,,F,T,0,0
7/8/2026,2:57:54 PM,SPXW,BLOCK,100,7.7,,CALL,7475,0,77000,7/8/2026,WHITE,0,0,F,INDEX,,F,T,0,0
7/8/2026,3:01:11 PM,SPXW,ML/,50,10.149,,CALL,7475,0,50745,7/8/2026,WHITE,0,0,F,INDEX,,F,T,0,0
7/8/2026,3:03:14 PM,SPXW,ML/,52,7.5712,,CALL,7475,0,39370,7/8/2026,WHITE,0,0,F,INDEX,,F,T,0,0
7/8/2026,3:04:12 PM,SPXW,BLOCK,104,8.0846,,CALL,7475,0,84080,7/8/2026,WHITE,0,0,F,INDEX,,F,T,0,0
7/8/2026,3:05:06 PM,SPXW,ML/,58,7.8836,,CALL,7475,0,45725,7/8/2026,WHITE,0,0,F,INDEX,,F,T,0,0
7/8/2026,3:12:27 PM,SPXW,BLOCK,101,5.701,,CALL,7475,0,57580,7/8/2026,WHITE,0,0,F,INDEX,,F,T,0,0
7/8/2026,3:14:49 PM,SPXW,BLOCK,150,6.0867,,CALL,7475,0,91300,7/8/2026,WHITE,0,0,F,INDEX,,F,T,0,0
7/8/2026,3:17:49 PM,SPXW,ML/,108,5.613,,CALL,7475,0,60619,7/8/2026,WHITE,0,0,F,INDEX,,F,T,0,0
7/8/2026,3:18:16 PM,SPXW,ML/,111,6.2632,,CALL,7475,0,69522,7/8/2026,WHITE,0,0,F,INDEX,,F,T,0,0
7/8/2026,3:19:35 PM,SPXW,ML/,54,5.3889,,CALL,7475,0,29100,7/8/2026,WHITE,0,0,F,INDEX,,F,T,0,0
7/8/2026,3:20:58 PM,SPXW,ML/,52,5.9556,,CALL,7475,0,30969,7/8/2026,WHITE,0,0,F,INDEX,,F,T,0,0
7/8/2026,3:25:08 PM,SPXW,ML/,81,6.1433,,CALL,7475,0,49760,7/8/2026,WHITE,0,0,F,INDEX,,F,T,0,0
7/8/2026,3:28:01 PM,SPXW,ML/,54,5.5556,,CALL,7475,0,30000,7/8/2026,WHITE,0,0,F,INDEX,,F,T,0,0
7/8/2026,3:29:09 PM,SPXW,ML/,67,6.0351,,CALL,7475,0,40435,7/8/2026,WHITE,0,0,F,INDEX,,F,T,0,0
7/8/2026,3:29:22 PM,SPXW,ML/,53,6.3583,,CALL,7475,0,33699,7/8/2026,WHITE,0,0,F,INDEX,,F,T,0,0
7/8/2026,3:29:29 PM,SPXW,BLOCK,75,6.868,,CALL,7475,0,51510,7/8/2026,WHITE,0,0,F,INDEX,,F,T,0,0
7/8/2026,3:29:31 PM,SPXW,ML/,60,7.2183,,CALL,7475,0,43310,7/8/2026,WHITE,0,0,F,INDEX,,F,T,0,0
7/8/2026,3:30:27 PM,SPXW,ML/,58,5.9983,,CALL,7475,0,34790,7/8/2026,WHITE,0,0,F,INDEX,,F,T,0,0
7/8/2026,3:32:22 PM,SPXW,BLOCK,62,5.9984,,CALL,7475,0,37190,7/8/2026,WHITE,0,0,F,INDEX,,F,T,0,0
7/8/2026,3:33:08 PM,SPXW,ML/,94,4.5517,,CALL,7475,0,42786,7/8/2026,WHITE,0,0,F,INDEX,,F,T,0,0
7/8/2026,3:33:17 PM,SPXW,ML/,92,4.4191,,CALL,7475,0,40656,7/8/2026,WHITE,0,0,F,INDEX,,F,T,0,0
7/8/2026,3:35:02 PM,SPXW,BLOCK,169,4.432,,CALL,7475,0,74900,7/8/2026,WHITE,0,0,F,INDEX,,F,T,0,0
7/8/2026,3:36:59 PM,SPXW,ML/,73,6.6548,,CALL,7475,0,48580,7/8/2026,WHITE,0,0,F,INDEX,,F,T,0,0
7/8/2026,3:45:34 PM,SPXW,ML/,83,4.0381,,CALL,7475,0,33516,7/8/2026,WHITE,0,0,F,INDEX,,F,T,0,0
7/8/2026,3:45:46 PM,SPXW,ML/,333,3.8919,,CALL,7475,0,129600,7/8/2026,WHITE,0,0,F,INDEX,,F,T,0,0
7/8/2026,3:45:54 PM,SPXW,ML/,61,4.5016,,CALL,7475,0,27460,7/8/2026,WHITE,0,0,F,INDEX,,F,T,0,0
7/8/2026,3:47:01 PM,SPXW,ML/,92,3.4601,,CALL,7475,0,31833,7/8/2026,WHITE,0,0,F,INDEX,,F,T,0,0
7/8/2026,3:47:20 PM,SPXW,ML/,292,2.963,,CALL,7475,0,86519,7/8/2026,WHITE,0,0,F,INDEX,,F,T,0,0
7/8/2026,3:47:32 PM,SPXW,ML/,68,2.9541,,CALL,7475,0,20088,7/8/2026,WHITE,0,0,F,INDEX,,F,T,0,0
7/8/2026,3:47:45 PM,SPXW,ML/,155,2.7033,,CALL,7475,0,41901,7/8/2026,WHITE,0,0,F,INDEX,,F,T,0,0
7/8/2026,3:47:50 PM,SPXW,ML/,167,2.2681,,CALL,7475,0,37877,7/8/2026,WHITE,0,0,F,INDEX,,F,T,0,0
7/8/2026,3:48:01 PM,SPXW,ML/,99,2.32,,CALL,7475,0,22968,7/8/2026,WHITE,0,0,F,INDEX,,F,T,0,0
7/8/2026,3:48:10 PM,SPXW,ML/,68,2.6422,,CALL,7475,0,17967,7/8/2026,WHITE,0,0,F,INDEX,,F,T,0,0
7/8/2026,3:48:12 PM,SPXW,ML/,149,2.729,,CALL,7475,0,40662,7/8/2026,WHITE,0,0,F,INDEX,,F,T,0,0
7/8/2026,3:48:25 PM,SPXW,ML/,206,2.9569,,CALL,7475,0,60913,7/8/2026,WHITE,0,0,F,INDEX,,F,T,0,0
7/8/2026,3:48:31 PM,SPXW,BLOCK,106,3.1698,,CALL,7475,0,33600,7/8/2026,WHITE,0,0,F,INDEX,,F,T,0,0
7/8/2026,3:48:39 PM,SPXW,BLOCK,108,3.5778,,CALL,7475,0,38640,7/8/2026,WHITE,0,0,F,INDEX,,F,T,0,0
7/8/2026,3:48:43 PM,SPXW,ML/,112,3.5196,,CALL,7475,0,39420,7/8/2026,WHITE,0,0,F,INDEX,,F,T,0,0
7/8/2026,3:48:54 PM,SPXW,ML/,113,3.223,,CALL,7475,0,36420,7/8/2026,WHITE,0,0,F,INDEX,,F,T,0,0
7/8/2026,3:49:16 PM,SPXW,BLOCK,74,3.2892,,CALL,7475,0,24339,7/8/2026,WHITE,0,0,F,INDEX,,F,T,0,0
7/8/2026,3:49:34 PM,SPXW,ML/,52,3.8819,,CALL,7475,0,20186,7/8/2026,WHITE,0,0,F,INDEX,,F,T,0,0
7/8/2026,3:49:41 PM,SPXW,ML/,99,3.9255,,CALL,7475,0,38862,7/8/2026,WHITE,0,0,F,INDEX,,F,T,0,0
7/8/2026,3:49:48 PM,SPXW,ML/,101,3.4185,,CALL,7475,0,34527,7/8/2026,WHITE,0,0,F,INDEX,,F,T,0,0
7/8/2026,3:49:59 PM,SPXW,ML/,186,2.7553,,CALL,7475,0,51248,7/8/2026,WHITE,0,0,F,INDEX,,F,T,0,0
7/8/2026,3:50:12 PM,SPXW,ML/,79,4.2076,,CALL,7475,0,33240,7/8/2026,WHITE,0,0,F,INDEX,,F,T,0,0
7/8/2026,3:50:17 PM,SPXW,ML/,144,4.3256,,CALL,7475,0,62288,7/8/2026,WHITE,0,0,F,INDEX,,F,T,0,0
7/8/2026,3:50:23 PM,SPXW,ML/,101,4.3172,,CALL,7475,0,43604,7/8/2026,WHITE,0,0,F,INDEX,,F,T,0,0
7/8/2026,3:50:28 PM,SPXW,BLOCK,53,4.5755,,CALL,7475,0,24249,7/8/2026,WHITE,0,0,F,INDEX,,F,T,0,0
7/8/2026,3:50:33 PM,SPXW,ML/,133,4.6024,,CALL,7475,0,61212,7/8/2026,WHITE,0,0,F,INDEX,,F,T,0,0
7/8/2026,3:50:42 PM,SPXW,ML/,113,4.7005,,CALL,7475,0,53116,7/8/2026,WHITE,0,0,F,INDEX,,F,T,0,0
7/8/2026,3:50:46 PM,SPXW,ML/,87,4.6513,,CALL,7475,0,40466,7/8/2026,WHITE,0,0,F,INDEX,,F,T,0,0
7/8/2026,3:50:51 PM,SPXW,BLOCK,52,4.5,,CALL,7475,0,23400,7/8/2026,WHITE,0,0,F,INDEX,,F,T,0,0
7/8/2026,3:50:54 PM,SPXW,ML/,103,4.9133,,CALL,7475,0,50607,7/8/2026,WHITE,0,0,F,INDEX,,F,T,0,0
7/8/2026,3:51:08 PM,SPXW,BLOCK,87,4.7103,,CALL,7475,0,40980,7/8/2026,WHITE,0,0,F,INDEX,,F,T,0,0
7/8/2026,3:51:19 PM,SPXW,ML/,236,5.9401,,CALL,7475,0,140186,7/8/2026,WHITE,0,0,F,INDEX,,F,T,0,0
7/8/2026,3:51:39 PM,SPXW,ML/,53,5.7181,,CALL,7475,0,30306,7/8/2026,WHITE,0,0,F,INDEX,,F,T,0,0
7/8/2026,3:52:11 PM,SPXW,BLOCK,51,4.8804,,CALL,7475,0,24890,7/8/2026,WHITE,0,0,F,INDEX,,F,T,0,0
7/8/2026,3:52:37 PM,SPXW,ML/,69,6.1465,,CALL,7475,0,42411,7/8/2026,WHITE,0,0,F,INDEX,,F,T,0,0
7/8/2026,3:53:09 PM,SPXW,ML/,64,6.705,,CALL,7475,0,42912,7/8/2026,WHITE,0,0,F,INDEX,,F,T,0,0
7/8/2026,3:53:18 PM,SPXW,ML/,51,6.7282,,CALL,7475,0,34314,7/8/2026,WHITE,0,0,F,INDEX,,F,T,0,0
7/8/2026,3:53:20 PM,SPXW,ML/,139,7.6456,,CALL,7475,0,106274,7/8/2026,WHITE,0,0,F,INDEX,,F,T,0,0
7/8/2026,3:53:24 PM,SPXW,ML/,167,7.1496,,CALL,7475,0,119398,7/8/2026,WHITE,0,0,F,INDEX,,F,T,0,0
7/8/2026,3:53:52 PM,SPXW,ML/,62,6.8247,,CALL,7475,0,42313,7/8/2026,WHITE,0,0,F,INDEX,,F,T,0,0
7/8/2026,3:54:00 PM,SPXW,ML/,51,7.6114,,CALL,7475,0,38818,7/8/2026,WHITE,0,0,F,INDEX,,F,T,0,0
7/8/2026,3:57:02 PM,SPXW,ML/,119,9.2442,,CALL,7475,0,110006,7/8/2026,WHITE,0,0,F,INDEX,,F,T,0,0
7/8/2026,3:57:14 PM,SPXW,ML/,83,10.1434,,CALL,7475,0,84190,7/8/2026,WHITE,0,0,F,INDEX,,F,T,0,0
7/8/2026,3:57:17 PM,SPXW,ML/,63,10.7271,,CALL,7475,0,67581,7/8/2026,WHITE,0,0,F,INDEX,,F,T,0,0
7/8/2026,3:59:11 PM,SPXW,ML/,119,9.8781,,CALL,7475,0,117549,7/8/2026,WHITE,0,0,F,INDEX,,F,T,0,0
7/8/2026,3:59:39 PM,SPXW,ML/,163,7.7163,,CALL,7475,0,125775,7/8/2026,WHITE,0,0,F,INDEX,,F,T,0,0
7/8/2026,11:34:09 AM,SPXW,ML/,55,22.2476,,CALL,7420,0,122361,7/8/2026,WHITE,0,0,F,INDEX,,F,T,0,0
7/8/2026,11:36:43 AM,SPXW,ML/,201,23.6045,,CALL,7420,0,474450,7/8/2026,WHITE,0,0,F,INDEX,,F,T,0,0
7/8/2026,11:39:38 AM,SPXW,ML/,300,22.3788,,CALL,7420,0,671365,7/8/2026,WHITE,0,0,F,INDEX,,F,T,0,0
7/8/2026,11:50:42 AM,SPXW,ML/,52,21,,CALL,7420,0,109200,7/8/2026,WHITE,0,0,F,INDEX,,F,T,0,0
7/8/2026,12:20:02 PM,SPXW,ML/,125,36.8144,,CALL,7420,0,460180,7/8/2026,WHITE,0,0,F,INDEX,,F,T,0,0
7/8/2026,12:20:04 PM,SPXW,ML/,100,36.94,,CALL,7420,0,369400,7/8/2026,WHITE,0,0,F,INDEX,,F,T,0,0
7/8/2026,12:20:05 PM,SPXW,ML/,277,36.8831,,CALL,7420,0,1021662,7/8/2026,WHITE,0,0,F,INDEX,,F,T,0,0
7/8/2026,1:08:47 PM,SPXW,ML/,50,51.97,,CALL,7420,0,259850,7/8/2026,WHITE,0,0,F,INDEX,,F,T,0,0
7/8/2026,1:10:34 PM,SPXW,ML/,50,51.0742,,CALL,7420,0,255371,7/8/2026,WHITE,0,0,F,INDEX,,F,T,0,0
7/8/2026,1:44:17 PM,SPXW,ML/,50,56.42,,CALL,7420,0,282100,7/8/2026,WHITE,0,0,F,INDEX,,F,T,0,0
7/8/2026,2:11:21 PM,SPXW,ML/,50,59.37,,CALL,7420,0,296850,7/8/2026,WHITE,0,0,F,INDEX,,F,T,0,0
7/8/2026,2:12:04 PM,SPXW,ML/,50,60.52,,CALL,7420,0,302600,7/8/2026,WHITE,0,0,F,INDEX,,F,T,0,0
7/8/2026,3:15:31 PM,SPXW,ML/,50,55.52,,CALL,7420,0,277600,7/8/2026,WHITE,0,0,F,INDEX,,F,T,0,0
7/8/2026,10:45:53 AM,SPXW,ML/,200,0.5566,,CALL,7570,0,11132,7/9/2026,WHITE,0,1,F,INDEX,,F,T,0,0
7/8/2026,12:07:59 PM,SPXW,ML/,250,0.7,,CALL,7555,0,17500,7/9/2026,WHITE,0,1,F,INDEX,,F,T,0,0
7/8/2026,3:18:46 PM,SPXW,ML/,156,0.9062,,CALL,7555,0,14136,7/9/2026,WHITE,0,1,F,INDEX,,F,T,0,0
7/8/2026,3:59:16 PM,SPXW,BLOCK,152,0.9484,,CALL,7555,0,14415,7/9/2026,WHITE,0,1,F,INDEX,,F,T,0,0
7/8/2026,2:57:43 PM,SPXW,ML/,500,8.05,,PUT,7220,0,402500,7/16/2026,WHITE,0,8,F,INDEX,,F,T,0,0
7/8/2026,11:52:23 AM,SPXW,ML/,75,33.82,,PUT,7370,0,253650,7/14/2026,WHITE,0,6,F,INDEX,,F,T,0,0
7/8/2026,9:31:55 AM,SPXW,ML/,50,15.15,,PUT,7415,0,75750,7/9/2026,WHITE,0,1,F,INDEX,,F,T,0,0
7/8/2026,9:32:02 AM,SPXW,ML/,50,14.3308,,PUT,7415,0,71654,7/9/2026,WHITE,0,1,F,INDEX,,F,T,0,0
7/8/2026,3:07:18 PM,SPXW,ML/,65,6.1177,,PUT,7415,0,39765,7/9/2026,WHITE,0,1,F,INDEX,,F,T,0,0
7/8/2026,3:52:01 PM,SPXW,ML/,50,5.7,,PUT,7415,0,28500,7/9/2026,WHITE,0,1,F,INDEX,,F,T,0,0
7/8/2026,4:06:28 PM,SPXW,ML/,75,5.61,,PUT,7415,0,42075,7/9/2026,WHITE,0,1,F,INDEX,,F,T,0,0
7/8/2026,10:55:10 AM,SPXW,ML/,200,23.8325,,PUT,7435,0,476650,7/9/2026,WHITE,0,1,F,INDEX,,F,T,0,0
7/8/2026,12:30:57 PM,SPXW,BLOCK,50,16,,PUT,7435,0,80000,7/9/2026,WHITE,0,1,F,INDEX,,F,T,0,0
7/8/2026,12:35:00 PM,SPXW,BLOCK,50,18,,PUT,7435,0,90000,7/9/2026,WHITE,0,1,F,INDEX,,F,T,0,0
7/8/2026,1:00:24 PM,SPXW,BLOCK,50,13,,PUT,7435,0,65000,7/9/2026,WHITE,0,1,F,INDEX,,F,T,0,0
7/8/2026,1:16:38 PM,SPXW,BLOCK,200,12.2,,PUT,7435,0,244000,7/9/2026,WHITE,0,1,F,INDEX,,F,T,0,0
7/8/2026,1:19:16 PM,SPXW,BLOCK,51,11.5,,PUT,7435,0,58650,7/9/2026,WHITE,0,1,F,INDEX,,F,T,0,0
7/8/2026,1:21:05 PM,SPXW,BLOCK,50,10.5,,PUT,7435,0,52500,7/9/2026,WHITE,0,1,F,INDEX,,F,T,0,0
7/8/2026,1:24:20 PM,SPXW,ML/,75,10,,PUT,7435,0,75000,7/9/2026,WHITE,0,1,F,INDEX,,F,T,0,0
7/8/2026,1:42:00 PM,SPXW,BLOCK,101,11.1,,PUT,7435,0,112109,7/9/2026,WHITE,0,1,F,INDEX,,F,T,0,0
7/8/2026,1:51:58 PM,SPXW,ML/,75,11.73,,PUT,7435,0,87975,7/9/2026,WHITE,0,1,F,INDEX,,F,T,0,0
7/8/2026,2:07:55 PM,SPXW,BLOCK,54,11,,PUT,7435,0,59400,7/9/2026,WHITE,0,1,F,INDEX,,F,T,0,0
7/8/2026,4:06:57 PM,SPXW,ML/,65,9.2,,PUT,7435,0,59800,7/9/2026,WHITE,0,1,F,INDEX,,F,T,0,0
7/8/2026,4:14:12 PM,SPXW,ML/,78,9.75,,PUT,7435,0,76050,7/9/2026,WHITE,0,1,F,INDEX,,F,T,0,0
7/8/2026,4:26:10 PM,SPXW,BLOCK,100,11.3,,PUT,7435,0,113000,7/9/2026,WHITE,0,1,F,INDEX,,F,T,0,0
7/8/2026,4:59:37 PM,SPXW,BLOCK,56,12,,PUT,7435,0,67200,7/9/2026,WHITE,0,1,F,INDEX,,F,T,0,0
7/8/2026,12:51:08 PM,SPXW,BLOCK,60,33.865,,PUT,7455,0,203190,7/13/2026,WHITE,0,5,F,INDEX,,F,T,0,0
7/8/2026,12:51:31 PM,SPXW,BLOCK,60,34.3183,,PUT,7455,0,205910,7/13/2026,WHITE,0,5,F,INDEX,,F,T,0,0
7/8/2026,12:53:07 PM,SPXW,BLOCK,104,32.4,,PUT,7455,0,336960,7/13/2026,WHITE,0,5,F,INDEX,,F,T,0,0
7/8/2026,10:50:26 AM,SPXW,ML/,259,2.7439,,PUT,7295,0,71066,7/9/2026,WHITE,0,1,F,INDEX,,F,T,0,0
7/8/2026,10:50:28 AM,SPXW,ML/,91,2.75,,PUT,7295,0,25025,7/9/2026,WHITE,0,1,F,INDEX,,F,T,0,0
7/8/2026,12:40:50 PM,SPXW,ML/,100,1.04,,PUT,7295,0,10400,7/9/2026,WHITE,0,1,F,INDEX,,F,T,0,0
7/8/2026,12:40:54 PM,SPXW,ML/,234,1.05,,PUT,7295,0,24570,7/9/2026,WHITE,0,1,F,INDEX,,F,T,0,0
7/8/2026,9:37:02 AM,SPXW,ML/,97,7.5408,,CALL,7515,0,73146,7/9/2026,WHITE,0,1,F,INDEX,,F,T,0,0
7/8/2026,11:20:49 AM,SPXW,ML/,551,3.5617,,CALL,7515,0,196248,7/9/2026,WHITE,0,1,F,INDEX,,F,T,0,0
7/8/2026,12:31:02 PM,SPXW,ML/,80,5.1265,,CALL,7515,0,41012,7/9/2026,WHITE,0,1,F,INDEX,,F,T,0,0
7/8/2026,1:26:07 PM,SPXW,ML/,75,8.63,,CALL,7515,0,64725,7/9/2026,WHITE,0,1,F,INDEX,,F,T,0,0
7/8/2026,2:18:04 PM,SPXW,ML/,69,7.2913,,CALL,7515,0,50310,7/9/2026,WHITE,0,1,F,INDEX,,F,T,0,0
7/8/2026,3:31:29 PM,SPXW,ML/,72,6.2507,,CALL,7515,0,45005,7/9/2026,WHITE,0,1,F,INDEX,,F,T,0,0
7/8/2026,3:44:15 PM,SPXW,ML/,106,6.4068,,CALL,7515,0,67912,7/9/2026,WHITE,0,1,F,INDEX,,F,T,0,0
7/8/2026,3:44:59 PM,SPXW,ML/,99,6.7421,,CALL,7515,0,66747,7/9/2026,WHITE,0,1,F,INDEX,,F,T,0,0
7/8/2026,3:45:02 PM,SPXW,ML/,80,6.66,,CALL,7515,0,53280,7/9/2026,WHITE,0,1,F,INDEX,,F,T,0,0
7/8/2026,3:45:29 PM,SPXW,ML/,101,6.75,,CALL,7515,0,68175,7/9/2026,WHITE,0,1,F,INDEX,,F,T,0,0
7/8/2026,3:45:30 PM,SPXW,ML/,56,6.1227,,CALL,7515,0,34287,7/9/2026,WHITE,0,1,F,INDEX,,F,T,0,0
7/8/2026,4:15:55 PM,SPXW,BLOCK,50,6.11,,CALL,7515,0,30550,7/9/2026,WHITE,0,1,F,INDEX,,F,T,0,0
7/8/2026,9:39:51 AM,SPXW,BLOCK,58,6.919,,CALL,7520,0,40130,7/9/2026,WHITE,0,1,F,INDEX,,F,T,0,0
7/8/2026,11:10:24 AM,SPXW,ML/,400,3.15,,CALL,7520,0,126000,7/9/2026,WHITE,0,1,F,INDEX,,F,T,0,0
7/8/2026,12:57:41 PM,SPXW,BLOCK,50,5.5,,CALL,7520,0,27500,7/9/2026,WHITE,0,1,F,INDEX,,F,T,0,0
7/8/2026,12:59:43 PM,SPXW,BLOCK,50,5.6,,CALL,7520,0,28000,7/9/2026,WHITE,0,1,F,INDEX,,F,T,0,0
7/8/2026,1:26:07 PM,SPXW,ML/,75,7.18,,CALL,7520,0,53850,7/9/2026,WHITE,0,1,F,INDEX,,F,T,0,0
7/8/2026,3:45:00 PM,SPXW,ML/,176,5.444,,CALL,7520,0,95815,7/9/2026,WHITE,0,1,F,INDEX,,F,T,0,0
7/8/2026,4:14:12 PM,SPXW,ML/,78,5.1,,CALL,7520,0,39779,7/9/2026,WHITE,0,1,F,INDEX,,F,T,0,0
7/8/2026,9:32:23 AM,SPXW,SWEEP,100,4.384,A,CALL,7535,0,43840,7/9/2026,WHITE,0,1,F,INDEX,,F,T,0,0
7/8/2026,9:40:14 AM,SPXW,BLOCK,100,4.6,,CALL,7535,0,45999,7/9/2026,WHITE,0,1,F,INDEX,,F,T,0,0
7/8/2026,9:55:35 AM,SPXW,ML/,50,3.52,,CALL,7535,0,17600,7/9/2026,WHITE,0,1,F,INDEX,,F,T,0,0
7/8/2026,10:54:05 AM,SPXW,BLOCK,130,2.35,,CALL,7535,0,30550,7/9/2026,WHITE,0,1,F,INDEX,,F,T,0,0
7/8/2026,10:56:06 AM,SPXW,ML/,88,2.45,,CALL,7535,0,21560,7/9/2026,WHITE,0,1,F,INDEX,,F,T,0,0
7/8/2026,11:40:31 AM,SPXW,BLOCK,118,1.3,,CALL,7535,0,15340,7/9/2026,WHITE,0,1,F,INDEX,,F,T,0,0
7/8/2026,1:19:15 PM,SPXW,ML/,61,3.0508,,CALL,7535,0,18610,7/9/2026,WHITE,0,1,F,INDEX,,F,T,0,0
7/8/2026,3:35:32 PM,SPXW,ML/,53,2.3768,,CALL,7535,0,12597,7/9/2026,WHITE,0,1,F,INDEX,,F,T,0,0
7/8/2026,10:45:43 AM,SPXW,ML/,380,0.31,,PUT,7085,0,11780,7/9/2026,WHITE,0,1,F,INDEX,,F,T,0,0
7/8/2026,11:22:46 AM,SPXW,BLOCK,500,0.3,,PUT,7085,0,15000,7/9/2026,WHITE,0,1,F,INDEX,,F,T,0,0
7/8/2026,12:21:18 PM,SPXW,ML/,200,11.5056,,PUT,7375,0,230112,7/10/2026,WHITE,0,2,F,INDEX,,F,T,0,0
7/8/2026,12:23:33 PM,SPXW,ML/,200,11.25,,PUT,7375,0,225000,7/10/2026,WHITE,0,2,F,INDEX,,F,T,0,0
7/8/2026,12:34:24 PM,SPXW,ML/,200,11.2382,,PUT,7375,0,224763,7/10/2026,WHITE,0,2,F,INDEX,,F,T,0,0
7/8/2026,1:20:06 PM,SPXW,ML/,200,7.01,,PUT,7375,0,140199,7/10/2026,WHITE,0,2,F,INDEX,,F,T,0,0
7/8/2026,3:43:13 PM,SPXW,ML/,100,6.72,,PUT,7375,0,67200,7/10/2026,WHITE,0,2,F,INDEX,,F,T,0,0
7/8/2026,3:48:02 PM,SPXW,BLOCK,102,7.5,,PUT,7375,0,76500,7/10/2026,WHITE,0,2,F,INDEX,,F,T,0,0
7/8/2026,2:22:14 PM,SPXW,ML/,2985,0.31,,CALL,7585,0,92535,7/9/2026,WHITE,0,1,F,INDEX,,F,T,0,0
7/8/2026,2:56:10 PM,SPXW,ML/,904,0.3,,CALL,7580,0,27120,7/9/2026,WHITE,0,1,F,INDEX,,F,T,0,0
7/8/2026,1:19:26 PM,SPXW,ML/,131,2.6787,,CALL,7540,0,35091,7/9/2026,WHITE,0,1,F,INDEX,,F,T,0,0
7/8/2026,3:07:18 PM,SPXW,ML/,65,2.4385,,CALL,7540,0,15850,7/9/2026,WHITE,0,1,F,INDEX,,F,T,0,0
7/8/2026,3:11:45 PM,SPXW,ML/,50,2.17,,CALL,7540,0,10850,7/9/2026,WHITE,0,1,F,INDEX,,F,T,0,0
7/8/2026,3:14:45 PM,SPXW,ML/,153,2.0373,,CALL,7540,0,31170,7/9/2026,WHITE,0,1,F,INDEX,,F,T,0,0
7/8/2026,3:31:02 PM,SPXW,ML/,141,2.03,,CALL,7540,0,28622,7/9/2026,WHITE,0,1,F,INDEX,,F,T,0,0
7/8/2026,11:55:20 AM,SPXW,ML/,82,7.36,,CALL,7825,0,60352,8/7/2026,WHITE,0,30,F,INDEX,,F,T,0,0
7/8/2026,9:30:03 AM,SPXW,ML/,50,6.44,,PUT,7305,0,32200,7/10/2026,WHITE,0,2,F,INDEX,,F,T,0,0
7/8/2026,4:02:36 PM,SPXW,ML/,100,2.2,,PUT,7305,0,22000,7/10/2026,WHITE,0,2,F,INDEX,,F,T,0,0
7/8/2026,9:35:04 AM,SPXW,ML/,64,15.1672,,CALL,7470,0,97070,7/8/2026,WHITE,0,0,F,INDEX,,F,T,0,0
7/8/2026,9:42:36 AM,SPXW,BLOCK,52,17.5923,,CALL,7470,0,91480,7/8/2026,WHITE,0,0,F,INDEX,,F,T,0,0
7/8/2026,9:42:54 AM,SPXW,BLOCK,50,17.404,,CALL,7470,0,87020,7/8/2026,WHITE,0,0,F,INDEX,,F,T,0,0
7/8/2026,9:43:35 AM,SPXW,BLOCK,62,17.6,,CALL,7470,0,109120,7/8/2026,WHITE,0,0,F,INDEX,,F,T,0,0
7/8/2026,9:44:50 AM,SPXW,BLOCK,55,18.7873,,CALL,7470,0,103330,7/8/2026,WHITE,0,0,F,INDEX,,F,T,0,0
7/8/2026,9:45:21 AM,SPXW,ML/,68,19.6269,,CALL,7470,0,133463,7/8/2026,WHITE,0,0,F,INDEX,,F,T,0,0
7/8/2026,9:49:34 AM,SPXW,ML/,53,16.7942,,CALL,7470,0,89009,7/8/2026,WHITE,0,0,F,INDEX,,F,T,0,0
7/8/2026,9:53:54 AM,SPXW,BLOCK,69,15.8159,,CALL,7470,0,109130,7/8/2026,WHITE,0,0,F,INDEX,,F,T,0,0
7/8/2026,9:55:08 AM,SPXW,ML/,112,14.2031,,CALL,7470,0,159075,7/8/2026,WHITE,0,0,F,INDEX,,F,T,0,0
7/8/2026,10:00:17 AM,SPXW,ML/,66,17.1659,,CALL,7470,0,113295,7/8/2026,WHITE,0,0,F,INDEX,,F,T,0,0
7/8/2026,10:06:59 AM,SPXW,ML/,59,17.2881,,CALL,7470,0,102000,7/8/2026,WHITE,0,0,F,INDEX,,F,T,0,0
7/8/2026,10:08:44 AM,SPXW,BLOCK,111,17.9973,,CALL,7470,0,199770,7/8/2026,WHITE,0,0,F,INDEX,,F,T,0,0
7/8/2026,10:09:09 AM,SPXW,BLOCK,50,17.778,,CALL,7470,0,88890,7/8/2026,WHITE,0,0,F,INDEX,,F,T,0,0
7/8/2026,10:10:30 AM,SPXW,ML/,93,14.6669,,CALL,7470,0,136402,7/8/2026,WHITE,0,0,F,INDEX,,F,T,0,0
7/8/2026,10:10:35 AM,SPXW,ML/,52,14.445,,CALL,7470,0,75114,7/8/2026,WHITE,0,0,F,INDEX,,F,T,0,0
7/8/2026,10:11:02 AM,SPXW,ML/,53,14.5996,,CALL,7470,0,77378,7/8/2026,WHITE,0,0,F,INDEX,,F,T,0,0
7/8/2026,10:11:18 AM,SPXW,ML/,106,13.9427,,CALL,7470,0,147793,7/8/2026,WHITE,0,0,F,INDEX,,F,T,0,0
7/8/2026,10:20:50 AM,SPXW,ML/,52,13.9267,,CALL,7470,0,72419,7/8/2026,WHITE,0,0,F,INDEX,,F,T,0,0
7/8/2026,10:26:06 AM,SPXW,ML/,52,15.5183,,CALL,7470,0,80695,7/8/2026,WHITE,0,0,F,INDEX,,F,T,0,0
7/8/2026,10:27:10 AM,SPXW,ML/,65,10.8434,,CALL,7470,0,70482,7/8/2026,WHITE,0,0,F,INDEX,,F,T,0,0
7/8/2026,10:37:06 AM,SPXW,ML/,73,9.1541,,CALL,7470,0,66825,7/8/2026,WHITE,0,0,F,INDEX,,F,T,0,0
7/8/2026,10:45:48 AM,SPXW,BLOCK,51,6.5569,,CALL,7470,0,33440,7/8/2026,WHITE,0,0,F,INDEX,,F,T,0,0
7/8/2026,10:47:59 AM,SPXW,BLOCK,109,5.7,,CALL,7470,0,62130,7/8/2026,WHITE,0,0,F,INDEX,,F,T,0,0
7/8/2026,10:50:46 AM,SPXW,ML/,64,4.4325,,CALL,7470,0,28368,7/8/2026,WHITE,0,0,F,INDEX,,F,T,0,0
7/8/2026,10:52:50 AM,SPXW,ML/,246,6.0022,,CALL,7470,0,147653,7/8/2026,WHITE,0,0,F,INDEX,,F,T,0,0
7/8/2026,10:53:46 AM,SPXW,ML/,110,7.6157,,CALL,7470,0,83773,7/8/2026,WHITE,0,0,F,INDEX,,F,T,0,0
7/8/2026,10:54:04 AM,SPXW,ML/,55,7.4567,,CALL,7470,0,41012,7/8/2026,WHITE,0,0,F,INDEX,,F,T,0,0
7/8/2026,10:54:09 AM,SPXW,BLOCK,251,7.4004,,CALL,7470,0,185750,7/8/2026,WHITE,0,0,F,INDEX,,F,T,0,0
7/8/2026,10:54:31 AM,SPXW,ML/,55,7.5182,,CALL,7470,0,41350,7/8/2026,WHITE,0,0,F,INDEX,,F,T,0,0
7/8/2026,10:55:12 AM,SPXW,BLOCK,143,6.5,,CALL,7470,0,92950,7/8/2026,WHITE,0,0,F,INDEX,,F,T,0,0
7/8/2026,10:55:59 AM,SPXW,BLOCK,107,7.2953,,CALL,7470,0,78060,7/8/2026,WHITE,0,0,F,INDEX,,F,T,0,0
7/8/2026,10:56:28 AM,SPXW,ML/,108,8.1989,,CALL,7470,0,88547,7/8/2026,WHITE,0,0,F,INDEX,,F,T,0,0
7/8/2026,10:57:37 AM,SPXW,ML/,75,6.3331,,CALL,7470,0,47498,7/8/2026,WHITE,0,0,F,INDEX,,F,T,0,0
7/8/2026,10:57:46 AM,SPXW,BLOCK,111,6.1991,,CALL,7470,0,68810,7/8/2026,WHITE,0,0,F,INDEX,,F,T,0,0
7/8/2026,10:58:25 AM,SPXW,BLOCK,100,5.9,,CALL,7470,0,59000,7/8/2026,WHITE,0,0,F,INDEX,,F,T,0,0
7/8/2026,10:59:19 AM,SPXW,BLOCK,79,5.7,,CALL,7470,0,45030,7/8/2026,WHITE,0,0,F,INDEX,,F,T,0,0
7/8/2026,10:59:41 AM,SPXW,BLOCK,78,5.5,,CALL,7470,0,42900,7/8/2026,WHITE,0,0,F,INDEX,,F,T,0,0
7/8/2026,11:00:06 AM,SPXW,ML/,80,5.802,,CALL,7470,0,46416,7/8/2026,WHITE,0,0,F,INDEX,,F,T,0,0
7/8/2026,11:00:23 AM,SPXW,BLOCK,84,5.2,,CALL,7470,0,43680,7/8/2026,WHITE,0,0,F,INDEX,,F,T,0,0
7/8/2026,11:02:00 AM,SPXW,ML/,113,5.0302,,CALL,7470,0,56841,7/8/2026,WHITE,0,0,F,INDEX,,F,T,0,0
7/8/2026,11:02:09 AM,SPXW,BLOCK,100,5.1,,CALL,7470,0,51000,7/8/2026,WHITE,0,0,F,INDEX,,F,T,0,0
7/8/2026,11:02:42 AM,SPXW,ML/,146,5.2652,,CALL,7470,0,76871,7/8/2026,WHITE,0,0,F,INDEX,,F,T,0,0
7/8/2026,11:04:27 AM,SPXW,ML/,106,5.0056,,CALL,7470,0,53059,7/8/2026,WHITE,0,0,F,INDEX,,F,T,0,0
7/8/2026,11:05:16 AM,SPXW,BLOCK,101,4.9,,CALL,7470,0,49490,7/8/2026,WHITE,0,0,F,INDEX,,F,T,0,0
7/8/2026,11:05:40 AM,SPXW,ML/,54,5.3681,,CALL,7470,0,28988,7/8/2026,WHITE,0,0,F,INDEX,,F,T,0,0
7/8/2026,11:12:38 AM,SPXW,BLOCK,152,4.5,,CALL,7470,0,68400,7/8/2026,WHITE,0,0,F,INDEX,,F,T,0,0
7/8/2026,11:14:35 AM,SPXW,ML/,98,3.8001,,CALL,7470,0,37241,7/8/2026,WHITE,0,0,F,INDEX,,F,T,0,0
7/8/2026,11:17:21 AM,SPXW,ML/,50,3.003,,CALL,7470,0,15015,7/8/2026,WHITE,0,0,F,INDEX,,F,T,0,0
7/8/2026,11:17:23 AM,SPXW,ML/,51,3.0298,,CALL,7470,0,15452,7/8/2026,WHITE,0,0,F,INDEX,,F,T,0,0
7/8/2026,11:20:44 AM,SPXW,ML/,55,4.4536,,CALL,7470,0,24495,7/8/2026,WHITE,0,0,F,INDEX,,F,T,0,0
7/8/2026,11:25:23 AM,SPXW,ML/,54,2.4165,,CALL,7470,0,13049,7/8/2026,WHITE,0,0,F,INDEX,,F,T,0,0
7/8/2026,11:26:29 AM,SPXW,ML/,61,2.1205,,CALL,7470,0,12935,7/8/2026,WHITE,0,0,F,INDEX,,F,T,0,0
7/8/2026,11:26:35 AM,SPXW,ML/,56,2.1373,,CALL,7470,0,11969,7/8/2026,WHITE,0,0,F,INDEX,,F,T,0,0
7/8/2026,11:27:47 AM,SPXW,ML/,142,2.2937,,CALL,7470,0,32570,7/8/2026,WHITE,0,0,F,INDEX,,F,T,0,0
7/8/2026,11:30:07 AM,SPXW,ML/,69,2.3609,,CALL,7470,0,16290,7/8/2026,WHITE,0,0,F,INDEX,,F,T,0,0
7/8/2026,11:30:26 AM,SPXW,ML/,54,1.9998,,CALL,7470,0,10799,7/8/2026,WHITE,0,0,F,INDEX,,F,T,0,0
7/8/2026,11:36:59 AM,SPXW,ML/,61,3.3859,,CALL,7470,0,20654,7/8/2026,WHITE,0,0,F,INDEX,,F,T,0,0
7/8/2026,11:37:30 AM,SPXW,ML/,52,3.546,,CALL,7470,0,18439,7/8/2026,WHITE,0,0,F,INDEX,,F,T,0,0
7/8/2026,11:37:56 AM,SPXW,ML/,52,3.4185,,CALL,7470,0,17776,7/8/2026,WHITE,0,0,F,INDEX,,F,T,0,0
7/8/2026,11:38:00 AM,SPXW,ML/,173,3.2037,,CALL,7470,0,55424,7/8/2026,WHITE,0,0,F,INDEX,,F,T,0,0
7/8/2026,11:40:07 AM,SPXW,ML/,125,2.98,,CALL,7470,0,37250,7/8/2026,WHITE,0,0,F,INDEX,,F,T,0,0
7/8/2026,11:40:21 AM,SPXW,BLOCK,70,2.9514,,CALL,7470,0,20660,7/8/2026,WHITE,0,0,F,INDEX,,F,T,0,0
7/8/2026,11:40:26 AM,SPXW,BLOCK,133,3.0992,,CALL,7470,0,41220,7/8/2026,WHITE,0,0,F,INDEX,,F,T,0,0
7/8/2026,11:40:56 AM,SPXW,BLOCK,113,3.4991,,CALL,7470,0,39540,7/8/2026,WHITE,0,0,F,INDEX,,F,T,0,0
7/8/2026,11:41:24 AM,SPXW,BLOCK,106,3.4019,,CALL,7470,0,36060,7/8/2026,WHITE,0,0,F,INDEX,,F,T,0,0
7/8/2026,11:42:47 AM,SPXW,ML/,165,3.0003,,CALL,7470,0,49505,7/8/2026,WHITE,0,0,F,INDEX,,F,T,0,0
7/8/2026,11:45:05 AM,SPXW,ML/,129,2.7391,,CALL,7470,0,35334,7/8/2026,WHITE,0,0,F,INDEX,,F,T,0,0
7/8/2026,11:45:57 AM,SPXW,BLOCK,59,2.9949,,CALL,7470,0,17670,7/8/2026,WHITE,0,0,F,INDEX,,F,T,0,0
7/8/2026,11:57:26 AM,SPXW,ML/,500,2.27,,CALL,7470,0,113500,7/8/2026,WHITE,0,0,F,INDEX,,F,T,0,0
7/8/2026,11:59:01 AM,SPXW,ML/,93,2.7178,,CALL,7470,0,25276,7/8/2026,WHITE,0,0,F,INDEX,,F,T,0,0
7/8/2026,11:59:31 AM,SPXW,ML/,73,2.8819,,CALL,7470,0,21038,7/8/2026,WHITE,0,0,F,INDEX,,F,T,0,0
7/8/2026,12:00:17 PM,SPXW,ML/,125,2.8635,,CALL,7470,0,35794,7/8/2026,WHITE,0,0,F,INDEX,,F,T,0,0
7/8/2026,12:00:21 PM,SPXW,ML/,211,3.0282,,CALL,7470,0,63894,7/8/2026,WHITE,0,0,F,INDEX,,F,T,0,0
7/8/2026,12:00:27 PM,SPXW,ML/,54,3.197,,CALL,7470,0,17264,7/8/2026,WHITE,0,0,F,INDEX,,F,T,0,0
7/8/2026,12:04:22 PM,SPXW,ML/,200,3.43,,CALL,7470,0,68600,7/8/2026,WHITE,0,0,F,INDEX,,F,T,0,0
7/8/2026,12:05:18 PM,SPXW,ML/,76,3.9446,,CALL,7470,0,29979,7/8/2026,WHITE,0,0,F,INDEX,,F,T,0,0
7/8/2026,12:05:28 PM,SPXW,BLOCK,101,3.899,,CALL,7470,0,39379,7/8/2026,WHITE,0,0,F,INDEX,,F,T,0,0
7/8/2026,12:05:32 PM,SPXW,ML/,142,4.2371,,CALL,7470,0,60166,7/8/2026,WHITE,0,0,F,INDEX,,F,T,0,0
7/8/2026,12:06:13 PM,SPXW,BLOCK,159,4.1994,,CALL,7470,0,66770,7/8/2026,WHITE,0,0,F,INDEX,,F,T,0,0
7/8/2026,12:06:39 PM,SPXW,ML/,146,4.0082,,CALL,7470,0,58520,7/8/2026,WHITE,0,0,F,INDEX,,F,T,0,0
7/8/2026,12:10:03 PM,SPXW,ML/,212,4.6013,,CALL,7470,0,97547,7/8/2026,WHITE,0,0,F,INDEX,,F,T,0,0
7/8/2026,12:10:25 PM,SPXW,ML/,78,5.0471,,CALL,7470,0,39367,7/8/2026,WHITE,0,0,F,INDEX,,F,T,0,0
7/8/2026,12:11:06 PM,SPXW,ML/,116,5.3472,,CALL,7470,0,62028,7/8/2026,WHITE,0,0,F,INDEX,,F,T,0,0
7/8/2026,12:11:14 PM,SPXW,ML/,245,5.5728,,CALL,7470,0,136534,7/8/2026,WHITE,0,0,F,INDEX,,F,T,0,0
7/8/2026,12:11:20 PM,SPXW,ML/,129,5.7848,,CALL,7470,0,74624,7/8/2026,WHITE,0,0,F,INDEX,,F,T,0,0
7/8/2026,12:11:39 PM,SPXW,ML/,201,5.4303,,CALL,7470,0,109150,7/8/2026,WHITE,0,0,F,INDEX,,F,T,0,0
7/8/2026,12:17:15 PM,SPXW,ML/,254,6.0674,,CALL,7470,0,154111,7/8/2026,WHITE,0,0,F,INDEX,,F,T,0,0
7/8/2026,12:17:19 PM,SPXW,ML/,55,6.04,,CALL,7470,0,33220,7/8/2026,WHITE,0,0,F,INDEX,,F,T,0,0
7/8/2026,12:20:36 PM,SPXW,ML/,108,7.0409,,CALL,7470,0,76042,7/8/2026,WHITE,0,0,F,INDEX,,F,T,0,0
7/8/2026,12:21:15 PM,SPXW,ML/,97,7.6443,,CALL,7470,0,74150,7/8/2026,WHITE,0,0,F,INDEX,,F,T,0,0
7/8/2026,12:21:32 PM,SPXW,ML/,99,7.9559,,CALL,7470,0,78763,7/8/2026,WHITE,0,0,F,INDEX,,F,T,0,0
7/8/2026,12:21:40 PM,SPXW,ML/,58,8.239,,CALL,7470,0,47785,7/8/2026,WHITE,0,0,F,INDEX,,F,T,0,0
7/8/2026,12:21:58 PM,SPXW,ML/,66,7.5017,,CALL,7470,0,49511,7/8/2026,WHITE,0,0,F,INDEX,,F,T,0,0
7/8/2026,12:22:54 PM,SPXW,ML/,59,7.3319,,CALL,7470,0,43258,7/8/2026,WHITE,0,0,F,INDEX,,F,T,0,0
7/8/2026,12:24:04 PM,SPXW,ML/,71,7.1162,,CALL,7470,0,50525,7/8/2026,WHITE,0,0,F,INDEX,,F,T,0,0
7/8/2026,12:24:18 PM,SPXW,ML/,57,6.2253,,CALL,7470,0,35484,7/8/2026,WHITE,0,0,F,INDEX,,F,T,0,0
7/8/2026,12:26:18 PM,SPXW,BLOCK,57,7.3,,CALL,7470,0,41610,7/8/2026,WHITE,0,0,F,INDEX,,F,T,0,0
7/8/2026,12:27:36 PM,SPXW,ML/,114,8.5206,,CALL,7470,0,97135,7/8/2026,WHITE,0,0,F,INDEX,,F,T,0,0
7/8/2026,12:29:13 PM,SPXW,ML/,84,7.5652,,CALL,7470,0,63548,7/8/2026,WHITE,0,0,F,INDEX,,F,T,0,0
7/8/2026,12:29:53 PM,SPXW,BLOCK,54,7.8167,,CALL,7470,0,42210,7/8/2026,WHITE,0,0,F,INDEX,,F,T,0,0
7/8/2026,12:30:47 PM,SPXW,BLOCK,86,8.7035,,CALL,7470,0,74850,7/8/2026,WHITE,0,0,F,INDEX,,F,T,0,0
7/8/2026,12:31:01 PM,SPXW,ML/,87,9.4514,,CALL,7470,0,82227,7/8/2026,WHITE,0,0,F,INDEX,,F,T,0,0
7/8/2026,12:31:03 PM,SPXW,ML/,132,10.2156,,CALL,7470,0,134846,7/8/2026,WHITE,0,0,F,INDEX,,F,T,0,0
7/8/2026,12:31:08 PM,SPXW,ML/,62,9.8774,,CALL,7470,0,61240,7/8/2026,WHITE,0,0,F,INDEX,,F,T,0,0
7/8/2026,12:31:19 PM,SPXW,ML/,61,10.0584,,CALL,7470,0,61355,7/8/2026,WHITE,0,0,F,INDEX,,F,T,0,0
7/8/2026,12:31:23 PM,SPXW,ML/,127,9.66,,CALL,7470,0,122682,7/8/2026,WHITE,0,0,F,INDEX,,F,T,0,0
7/8/2026,12:31:33 PM,SPXW,BLOCK,212,9.9179,,CALL,7470,0,210260,7/8/2026,WHITE,0,0,F,INDEX,,F,T,0,0
7/8/2026,12:35:11 PM,SPXW,ML/,91,7.7849,,CALL,7470,0,70843,7/8/2026,WHITE,0,0,F,INDEX,,F,T,0,0
7/8/2026,12:36:05 PM,SPXW,ML/,51,6.5359,,CALL,7470,0,33333,7/8/2026,WHITE,0,0,F,INDEX,,F,T,0,0
7/8/2026,12:36:13 PM,SPXW,ML/,117,6.4912,,CALL,7470,0,75947,7/8/2026,WHITE,0,0,F,INDEX,,F,T,0,0
7/8/2026,12:39:43 PM,SPXW,ML/,70,6.2554,,CALL,7470,0,43788,7/8/2026,WHITE,0,0,F,INDEX,,F,T,0,0
7/8/2026,12:40:41 PM,SPXW,ML/,149,10.4062,,CALL,7470,0,155053,7/8/2026,WHITE,0,0,F,INDEX,,F,T,0,0
7/8/2026,12:40:50 PM,SPXW,ML/,132,11.6905,,CALL,7470,0,154314,7/8/2026,WHITE,0,0,F,INDEX,,F,T,0,0
7/8/2026,12:40:53 PM,SPXW,ML/,56,11.3195,,CALL,7470,0,63389,7/8/2026,WHITE,0,0,F,INDEX,,F,T,0,0
7/8/2026,12:41:04 PM,SPXW,ML/,51,11.1869,,CALL,7470,0,57053,7/8/2026,WHITE,0,0,F,INDEX,,F,T,0,0
7/8/2026,12:41:10 PM,SPXW,ML/,65,10.1538,,CALL,7470,0,66000,7/8/2026,WHITE,0,0,F,INDEX,,F,T,0,0
7/8/2026,12:41:17 PM,SPXW,ML/,422,10.085,,CALL,7470,0,425588,7/8/2026,WHITE,0,0,F,INDEX,,F,T,0,0
7/8/2026,12:41:28 PM,SPXW,ML/,115,9.4635,,CALL,7470,0,108830,7/8/2026,WHITE,0,0,F,INDEX,,F,T,0,0
7/8/2026,12:41:31 PM,SPXW,ML/,99,9.6798,,CALL,7470,0,95830,7/8/2026,WHITE,0,0,F,INDEX,,F,T,0,0
7/8/2026,12:41:51 PM,SPXW,ML/,74,9.2736,,CALL,7470,0,68625,7/8/2026,WHITE,0,0,F,INDEX,,F,T,0,0
7/8/2026,12:42:58 PM,SPXW,ML/,86,9.2195,,CALL,7470,0,79288,7/8/2026,WHITE,0,0,F,INDEX,,F,T,0,0
7/8/2026,12:43:43 PM,SPXW,ML/,107,10.3085,,CALL,7470,0,110301,7/8/2026,WHITE,0,0,F,INDEX,,F,T,0,0
7/8/2026,12:43:56 PM,SPXW,ML/,79,9.7856,,CALL,7470,0,77306,7/8/2026,WHITE,0,0,F,INDEX,,F,T,0,0
7/8/2026,12:44:07 PM,SPXW,ML/,103,9.7771,,CALL,7470,0,100704,7/8/2026,WHITE,0,0,F,INDEX,,F,T,0,0
7/8/2026,12:44:48 PM,SPXW,ML/,57,10.4711,,CALL,7470,0,59685,7/8/2026,WHITE,0,0,F,INDEX,,F,T,0,0
7/8/2026,12:45:45 PM,SPXW,ML/,53,9.2123,,CALL,7470,0,48825,7/8/2026,WHITE,0,0,F,INDEX,,F,T,0,0
7/8/2026,12:49:13 PM,SPXW,BLOCK,115,11.0009,,CALL,7470,0,126509,7/8/2026,WHITE,0,0,F,INDEX,,F,T,0,0
7/8/2026,12:50:13 PM,SPXW,ML/,193,11.1885,,CALL,7470,0,215939,7/8/2026,WHITE,0,0,F,INDEX,,F,T,0,0
7/8/2026,12:50:20 PM,SPXW,ML/,98,11.9276,,CALL,7470,0,116890,7/8/2026,WHITE,0,0,F,INDEX,,F,T,0,0
7/8/2026,12:50:23 PM,SPXW,ML/,107,11.5567,,CALL,7470,0,123657,7/8/2026,WHITE,0,0,F,INDEX,,F,T,0,0
7/8/2026,12:50:41 PM,SPXW,ML/,193,11.2561,,CALL,7470,0,217242,7/8/2026,WHITE,0,0,F,INDEX,,F,T,0,0
7/8/2026,12:52:15 PM,SPXW,ML/,106,12.0276,,CALL,7470,0,127493,7/8/2026,WHITE,0,0,F,INDEX,,F,T,0,0
7/8/2026,12:52:59 PM,SPXW,ML/,105,12.3984,,CALL,7470,0,130183,7/8/2026,WHITE,0,0,F,INDEX,,F,T,0,0
7/8/2026,12:53:06 PM,SPXW,ML/,56,12.4938,,CALL,7470,0,69965,7/8/2026,WHITE,0,0,F,INDEX,,F,T,0,0
7/8/2026,12:53:32 PM,SPXW,ML/,107,11.6344,,CALL,7470,0,124487,7/8/2026,WHITE,0,0,F,INDEX,,F,T,0,0
7/8/2026,12:56:07 PM,SPXW,BLOCK,62,12.071,,CALL,7470,0,74840,7/8/2026,WHITE,0,0,F,INDEX,,F,T,0,0
7/8/2026,12:57:36 PM,SPXW,ML/,57,12.1168,,CALL,7470,0,69066,7/8/2026,WHITE,0,0,F,INDEX,,F,T,0,0
7/8/2026,12:58:01 PM,SPXW,SWEEP,50,12.48,A,CALL,7470,0,62400,7/8/2026,WHITE,0,0,F,INDEX,,F,T,0,0
7/8/2026,12:59:48 PM,SPXW,BLOCK,76,12.9987,,CALL,7470,0,98790,7/8/2026,WHITE,0,0,F,INDEX,,F,T,0,0
7/8/2026,1:00:38 PM,SPXW,ML/,308,10.8917,,CALL,7470,0,335464,7/8/2026,WHITE,0,0,F,INDEX,,F,T,0,0
7/8/2026,1:02:37 PM,SPXW,BLOCK,52,10.5827,,CALL,7470,0,55029,7/8/2026,WHITE,0,0,F,INDEX,,F,T,0,0
7/8/2026,1:07:03 PM,SPXW,ML/,67,12.8351,,CALL,7470,0,85995,7/8/2026,WHITE,0,0,F,INDEX,,F,T,0,0
7/8/2026,1:11:02 PM,SPXW,ML/,62,10.0976,,CALL,7470,0,62604,7/8/2026,WHITE,0,0,F,INDEX,,F,T,0,0
7/8/2026,1:19:14 PM,SPXW,ML/,59,12.4417,,CALL,7470,0,73406,7/8/2026,WHITE,0,0,F,INDEX,,F,T,0,0
7/8/2026,1:19:16 PM,SPXW,ML/,63,13.1168,,CALL,7470,0,82636,7/8/2026,WHITE,0,0,F,INDEX,,F,T,0,0
7/8/2026,1:19:24 PM,SPXW,ML/,54,13.8991,,CALL,7470,0,75055,7/8/2026,WHITE,0,0,F,INDEX,,F,T,0,0
7/8/2026,1:20:07 PM,SPXW,ML/,62,14.4618,,CALL,7470,0,89663,7/8/2026,WHITE,0,0,F,INDEX,,F,T,0,0
7/8/2026,1:24:59 PM,SPXW,ML/,122,17.1039,,CALL,7470,0,208667,7/8/2026,WHITE,0,0,F,INDEX,,F,T,0,0
7/8/2026,1:25:54 PM,SPXW,ML/,50,16.96,,CALL,7470,0,84800,7/8/2026,WHITE,0,0,F,INDEX,,F,T,0,0
7/8/2026,1:42:07 PM,SPXW,ML/,58,13.72,,CALL,7470,0,79576,7/8/2026,WHITE,0,0,F,INDEX,,F,T,0,0
7/8/2026,1:42:39 PM,SPXW,ML/,50,14.17,,CALL,7470,0,70850,7/8/2026,WHITE,0,0,F,INDEX,,F,T,0,0
7/8/2026,1:48:05 PM,SPXW,ML/,54,11.2574,,CALL,7470,0,60790,7/8/2026,WHITE,0,0,F,INDEX,,F,T,0,0
7/8/2026,1:50:21 PM,SPXW,ML/,237,10.4465,,CALL,7470,0,247581,7/8/2026,WHITE,0,0,F,INDEX,,F,T,0,0
7/8/2026,1:51:54 PM,SPXW,BLOCK,63,11.9794,,CALL,7470,0,75470,7/8/2026,WHITE,0,0,F,INDEX,,F,T,0,0
7/8/2026,1:52:33 PM,SPXW,ML/,53,12.8396,,CALL,7470,0,68050,7/8/2026,WHITE,0,0,F,INDEX,,F,T,0,0
7/8/2026,1:55:33 PM,SPXW,ML/,258,9.5336,,CALL,7470,0,245966,7/8/2026,WHITE,0,0,F,INDEX,,F,T,0,0
7/8/2026,1:57:19 PM,SPXW,ML/,67,8.8845,,CALL,7470,0,59526,7/8/2026,WHITE,0,0,F,INDEX,,F,T,0,0
7/8/2026,1:58:28 PM,SPXW,ML/,78,9.3474,,CALL,7470,0,72910,7/8/2026,WHITE,0,0,F,INDEX,,F,T,0,0
7/8/2026,2:00:06 PM,SPXW,ML/,63,9.2724,,CALL,7470,0,58416,7/8/2026,WHITE,0,0,F,INDEX,,F,T,0,0
7/8/2026,2:00:40 PM,SPXW,ML/,76,11.0629,,CALL,7470,0,84078,7/8/2026,WHITE,0,0,F,INDEX,,F,T,0,0
7/8/2026,2:01:19 PM,SPXW,ML/,52,12.5712,,CALL,7470,0,65370,7/8/2026,WHITE,0,0,F,INDEX,,F,T,0,0
7/8/2026,2:25:16 PM,SPXW,ML/,126,11.1631,,CALL,7470,0,140655,7/8/2026,WHITE,0,0,F,INDEX,,F,T,0,0
7/8/2026,2:31:00 PM,SPXW,ML/,63,8.4051,,CALL,7470,0,52952,7/8/2026,WHITE,0,0,F,INDEX,,F,T,0,0
7/8/2026,2:36:47 PM,SPXW,BLOCK,70,10.6214,,CALL,7470,0,74350,7/8/2026,WHITE,0,0,F,INDEX,,F,T,0,0
7/8/2026,2:52:05 PM,SPXW,ML/,50,14.37,,CALL,7470,0,71850,7/8/2026,WHITE,0,0,F,INDEX,,F,T,0,0
7/8/2026,2:55:31 PM,SPXW,ML/,50,10.782,,CALL,7470,0,53909,7/8/2026,WHITE,0,0,F,INDEX,,F,T,0,0
7/8/2026,3:01:11 PM,SPXW,ML/,51,13.8414,,CALL,7470,0,70591,7/8/2026,WHITE,0,0,F,INDEX,,F,T,0,0
7/8/2026,3:03:14 PM,SPXW,ML/,50,10.77,,CALL,7470,0,53850,7/8/2026,WHITE,0,0,F,INDEX,,F,T,0,0
7/8/2026,3:05:06 PM,SPXW,ML/,68,11.1841,,CALL,7470,0,76052,7/8/2026,WHITE,0,0,F,INDEX,,F,T,0,0
7/8/2026,3:05:31 PM,SPXW,ML/,183,10.9837,,CALL,7470,0,201002,7/8/2026,WHITE,0,0,F,INDEX,,F,T,0,0
7/8/2026,3:15:38 PM,SPXW,ML/,91,8.3964,,CALL,7470,0,76407,7/8/2026,WHITE,0,0,F,INDEX,,F,T,0,0
7/8/2026,3:17:29 PM,SPXW,BLOCK,100,8.353,,CALL,7470,0,83530,7/8/2026,WHITE,0,0,F,INDEX,,F,T,0,0
7/8/2026,3:33:17 PM,SPXW,ML/,56,7.5121,,CALL,7470,0,42068,7/8/2026,WHITE,0,0,F,INDEX,,F,T,0,0
7/8/2026,3:45:10 PM,SPXW,ML/,213,9.78,,CALL,7470,0,208314,7/8/2026,WHITE,0,0,F,INDEX,,F,T,0,0
7/8/2026,3:45:13 PM,SPXW,BLOCK,67,9.9687,,CALL,7470,0,66790,7/8/2026,WHITE,0,0,F,INDEX,,F,T,0,0
7/8/2026,3:45:14 PM,SPXW,BLOCK,94,10,,CALL,7470,0,94000,7/8/2026,WHITE,0,0,F,INDEX,,F,T,0,0
7/8/2026,3:47:01 PM,SPXW,ML/,50,6.5082,,CALL,7470,0,32541,7/8/2026,WHITE,0,0,F,INDEX,,F,T,0,0
7/8/2026,3:47:30 PM,SPXW,ML/,86,5.5027,,CALL,7470,0,47323,7/8/2026,WHITE,0,0,F,INDEX,,F,T,0,0
7/8/2026,3:48:49 PM,SPXW,BLOCK,99,6.7869,,CALL,7470,0,67190,7/8/2026,WHITE,0,0,F,INDEX,,F,T,0,0
7/8/2026,3:49:35 PM,SPXW,SWEEP,113,7.1743,A,CALL,7470,0,81070,7/8/2026,WHITE,0,0,F,INDEX,,F,T,0,0
7/8/2026,3:49:51 PM,SPXW,BLOCK,100,6.441,,CALL,7470,0,64410,7/8/2026,WHITE,0,0,F,INDEX,,F,T,0,0
7/8/2026,3:51:25 PM,SPXW,ML/,76,10.8945,,CALL,7470,0,82798,7/8/2026,WHITE,0,0,F,INDEX,,F,T,0,0
7/8/2026,3:53:25 PM,SPXW,ML/,142,11.672,,CALL,7470,0,165743,7/8/2026,WHITE,0,0,F,INDEX,,F,T,0,0
7/8/2026,3:55:11 PM,SPXW,ML/,51,13.6331,,CALL,7470,0,69529,7/8/2026,WHITE,0,0,F,INDEX,,F,T,0,0
7/8/2026,3:56:22 PM,SPXW,BLOCK,77,11.9442,,CALL,7470,0,91970,7/8/2026,WHITE,0,0,F,INDEX,,F,T,0,0
7/8/2026,11:06:21 AM,SPXW,ML/,135,8,,PUT,7250,0,108000,7/13/2026,WHITE,0,5,F,INDEX,,F,T,0,0
7/8/2026,3:45:36 PM,SPXW,ML/,50,3.23,,PUT,7250,0,16150,7/13/2026,WHITE,0,5,F,INDEX,,F,T,0,0
7/8/2026,9:33:02 AM,SPXW,ML/,50,13.25,,CALL,7480,0,66250,7/8/2026,WHITE,0,0,F,INDEX,,F,T,0,0
7/8/2026,9:38:07 AM,SPXW,ML/,77,10.8125,,CALL,7480,0,83256,7/8/2026,WHITE,0,0,F,INDEX,,F,T,0,0
7/8/2026,9:49:13 AM,SPXW,ML/,106,12.0632,,CALL,7480,0,127870,7/8/2026,WHITE,0,0,F,INDEX,,F,T,0,0
7/8/2026,9:55:05 AM,SPXW,ML/,92,9.6761,,CALL,7480,0,89020,7/8/2026,WHITE,0,0,F,INDEX,,F,T,0,0
7/8/2026,10:02:07 AM,SPXW,ML/,103,10.7276,,CALL,7480,0,110494,7/8/2026,WHITE,0,0,F,INDEX,,F,T,0,0
7/8/2026,10:09:39 AM,SPXW,ML/,82,12.2868,,CALL,7480,0,100752,7/8/2026,WHITE,0,0,F,INDEX,,F,T,0,0
7/8/2026,10:11:58 AM,SPXW,ML/,86,9.1538,,CALL,7480,0,78723,7/8/2026,WHITE,0,0,F,INDEX,,F,T,0,0
7/8/2026,10:12:07 AM,SPXW,ML/,54,8.8709,,CALL,7480,0,47903,7/8/2026,WHITE,0,0,F,INDEX,,F,T,0,0
7/8/2026,10:20:38 AM,SPXW,ML/,103,8.2471,,CALL,7480,0,84945,7/8/2026,WHITE,0,0,F,INDEX,,F,T,0,0
7/8/2026,10:28:08 AM,SPXW,ML/,50,8.7,,CALL,7480,0,43500,7/8/2026,WHITE,0,0,F,INDEX,,F,T,0,0
7/8/2026,10:33:52 AM,SPXW,ML/,53,6.9177,,CALL,7480,0,36664,7/8/2026,WHITE,0,0,F,INDEX,,F,T,0,0
7/8/2026,10:37:02 AM,SPXW,ML/,52,5.6735,,CALL,7480,0,29502,7/8/2026,WHITE,0,0,F,INDEX,,F,T,0,0
7/8/2026,10:38:05 AM,SPXW,ML/,50,6.27,,CALL,7480,0,31349,7/8/2026,WHITE,0,0,F,INDEX,,F,T,0,0
7/8/2026,10:40:06 AM,SPXW,ML/,74,5.1595,,CALL,7480,0,38180,7/8/2026,WHITE,0,0,F,INDEX,,F,T,0,0
7/8/2026,10:40:45 AM,SPXW,BLOCK,61,4.9,,CALL,7480,0,29890,7/8/2026,WHITE,0,0,F,INDEX,,F,T,0,0
7/8/2026,10:42:30 AM,SPXW,ML/,51,5.2702,,CALL,7480,0,26877,7/8/2026,WHITE,0,0,F,INDEX,,F,T,0,0
7/8/2026,10:47:55 AM,SPXW,ML/,85,3.4226,,CALL,7480,0,29092,7/8/2026,WHITE,0,0,F,INDEX,,F,T,0,0
7/8/2026,10:48:43 AM,SPXW,ML/,106,3.5198,,CALL,7480,0,37310,7/8/2026,WHITE,0,0,F,INDEX,,F,T,0,0
7/8/2026,10:49:44 AM,SPXW,ML/,120,2.9323,,CALL,7480,0,35187,7/8/2026,WHITE,0,0,F,INDEX,,F,T,0,0
7/8/2026,10:50:26 AM,SPXW,BLOCK,56,2.6009,,CALL,7480,0,14565,7/8/2026,WHITE,0,0,F,INDEX,,F,T,0,0
7/8/2026,10:51:30 AM,SPXW,ML/,108,3.0729,,CALL,7480,0,33187,7/8/2026,WHITE,0,0,F,INDEX,,F,T,0,0
7/8/2026,10:53:32 AM,SPXW,ML/,58,3.5721,,CALL,7480,0,20718,7/8/2026,WHITE,0,0,F,INDEX,,F,T,0,0
7/8/2026,10:53:46 AM,SPXW,ML/,450,5.339,,CALL,7480,0,240253,7/8/2026,WHITE,0,0,F,INDEX,,F,T,0,0
7/8/2026,10:59:15 AM,SPXW,BLOCK,83,3.541,,CALL,7480,0,29389,7/8/2026,WHITE,0,0,F,INDEX,,F,T,0,0
7/8/2026,11:06:13 AM,SPXW,BLOCK,80,3.3,,CALL,7480,0,26400,7/8/2026,WHITE,0,0,F,INDEX,,F,T,0,0
7/8/2026,11:08:09 AM,SPXW,ML/,53,3.0374,,CALL,7480,0,16097,7/8/2026,WHITE,0,0,F,INDEX,,F,T,0,0
7/8/2026,11:10:51 AM,SPXW,ML/,50,3.0524,,CALL,7480,0,15262,7/8/2026,WHITE,0,0,F,INDEX,,F,T,0,0
7/8/2026,11:14:38 AM,SPXW,ML/,55,2.3509,,CALL,7480,0,12930,7/8/2026,WHITE,0,0,F,INDEX,,F,T,0,0
7/8/2026,11:16:33 AM,SPXW,ML/,65,1.87,,CALL,7480,0,12155,7/8/2026,WHITE,0,0,F,INDEX,,F,T,0,0
7/8/2026,11:16:51 AM,SPXW,ML/,58,1.8166,,CALL,7480,0,10536,7/8/2026,WHITE,0,0,F,INDEX,,F,T,0,0
7/8/2026,11:18:16 AM,SPXW,ML/,115,1.9234,,CALL,7480,0,22119,7/8/2026,WHITE,0,0,F,INDEX,,F,T,0,0
7/8/2026,11:19:09 AM,SPXW,ML/,75,2.3924,,CALL,7480,0,17943,7/8/2026,WHITE,0,0,F,INDEX,,F,T,0,0
7/8/2026,11:27:36 AM,SPXW,ML/,77,1.3695,,CALL,7480,0,10545,7/8/2026,WHITE,0,0,F,INDEX,,F,T,0,0
7/8/2026,11:36:56 AM,SPXW,BLOCK,103,1.8995,,CALL,7480,0,19564,7/8/2026,WHITE,0,0,F,INDEX,,F,T,0,0
7/8/2026,11:41:44 AM,SPXW,BLOCK,71,1.95,,CALL,7480,0,13844,7/8/2026,WHITE,0,0,F,INDEX,,F,T,0,0
7/8/2026,11:57:22 AM,SPXW,BLOCK,170,1.35,,CALL,7480,0,22950,7/8/2026,WHITE,0,0,F,INDEX,,F,T,0,0
7/8/2026,11:57:26 AM,SPXW,ML/,500,1.37,,CALL,7480,0,68500,7/8/2026,WHITE,0,0,F,INDEX,,F,T,0,0
7/8/2026,11:58:25 AM,SPXW,BLOCK,70,1.5,,CALL,7480,0,10500,7/8/2026,WHITE,0,0,F,INDEX,,F,T,0,0
7/8/2026,11:59:32 AM,SPXW,ML/,69,1.7304,,CALL,7480,0,11940,7/8/2026,WHITE,0,0,F,INDEX,,F,T,0,0
7/8/2026,12:00:17 PM,SPXW,ML/,102,1.7099,,CALL,7480,0,17441,7/8/2026,WHITE,0,0,F,INDEX,,F,T,0,0
7/8/2026,12:02:21 PM,SPXW,BLOCK,403,2.06,,CALL,7480,0,83020,7/8/2026,WHITE,0,0,F,INDEX,,F,T,0,0
7/8/2026,12:04:22 PM,SPXW,ML/,200,2.08,,CALL,7480,0,41600,7/8/2026,WHITE,0,0,F,INDEX,,F,T,0,0
7/8/2026,12:05:14 PM,SPXW,BLOCK,360,2.2133,,CALL,7480,0,79680,7/8/2026,WHITE,0,0,F,INDEX,,F,T,0,0
7/8/2026,12:05:33 PM,SPXW,ML/,148,2.4624,,CALL,7480,0,36443,7/8/2026,WHITE,0,0,F,INDEX,,F,T,0,0
7/8/2026,12:05:35 PM,SPXW,ML/,60,2.628,,CALL,7480,0,15768,7/8/2026,WHITE,0,0,F,INDEX,,F,T,0,0
7/8/2026,12:08:22 PM,SPXW,ML/,76,1.9228,,CALL,7480,0,14613,7/8/2026,WHITE,0,0,F,INDEX,,F,T,0,0
7/8/2026,12:10:03 PM,SPXW,ML/,65,2.6023,,CALL,7480,0,16915,7/8/2026,WHITE,0,0,F,INDEX,,F,T,0,0
7/8/2026,12:10:16 PM,SPXW,ML/,53,2.8832,,CALL,7480,0,15281,7/8/2026,WHITE,0,0,F,INDEX,,F,T,0,0
7/8/2026,12:10:26 PM,SPXW,ML/,173,3.0866,,CALL,7480,0,53398,7/8/2026,WHITE,0,0,F,INDEX,,F,T,0,0
7/8/2026,12:11:06 PM,SPXW,ML/,106,3.3033,,CALL,7480,0,35015,7/8/2026,WHITE,0,0,F,INDEX,,F,T,0,0
7/8/2026,12:11:19 PM,SPXW,ML/,83,3.5207,,CALL,7480,0,29222,7/8/2026,WHITE,0,0,F,INDEX,,F,T,0,0
7/8/2026,12:11:21 PM,SPXW,ML/,105,3.6333,,CALL,7480,0,38150,7/8/2026,WHITE,0,0,F,INDEX,,F,T,0,0
7/8/2026,12:11:39 PM,SPXW,ML/,200,3.38,,CALL,7480,0,67600,7/8/2026,WHITE,0,0,F,INDEX,,F,T,0,0
7/8/2026,12:13:50 PM,SPXW,ML/,69,3.197,,CALL,7480,0,22059,7/8/2026,WHITE,0,0,F,INDEX,,F,T,0,0
7/8/2026,12:14:08 PM,SPXW,BLOCK,50,3.2,,CALL,7480,0,16000,7/8/2026,WHITE,0,0,F,INDEX,,F,T,0,0
7/8/2026,12:17:17 PM,SPXW,ML/,210,3.7811,,CALL,7480,0,79403,7/8/2026,WHITE,0,0,F,INDEX,,F,T,0,0
7/8/2026,12:20:06 PM,SPXW,ML/,62,4.0103,,CALL,7480,0,24864,7/8/2026,WHITE,0,0,F,INDEX,,F,T,0,0
7/8/2026,12:20:21 PM,SPXW,ML/,58,3.8697,,CALL,7480,0,22444,7/8/2026,WHITE,0,0,F,INDEX,,F,T,0,0
7/8/2026,12:20:35 PM,SPXW,ML/,142,4.3201,,CALL,7480,0,61345,7/8/2026,WHITE,0,0,F,INDEX,,F,T,0,0
7/8/2026,12:20:50 PM,SPXW,ML/,88,4.5091,,CALL,7480,0,39680,7/8/2026,WHITE,0,0,F,INDEX,,F,T,0,0
7/8/2026,12:21:34 PM,SPXW,ML/,95,4.9611,,CALL,7480,0,47130,7/8/2026,WHITE,0,0,F,INDEX,,F,T,0,0
7/8/2026,12:24:07 PM,SPXW,ML/,83,4.0783,,CALL,7480,0,33850,7/8/2026,WHITE,0,0,F,INDEX,,F,T,0,0
7/8/2026,12:27:37 PM,SPXW,ML/,134,5.2395,,CALL,7480,0,70209,7/8/2026,WHITE,0,0,F,INDEX,,F,T,0,0
7/8/2026,12:30:48 PM,SPXW,BLOCK,60,5.2383,,CALL,7480,0,31430,7/8/2026,WHITE,0,0,F,INDEX,,F,T,0,0
7/8/2026,12:31:00 PM,SPXW,ML/,127,6.1602,,CALL,7480,0,78234,7/8/2026,WHITE,0,0,F,INDEX,,F,T,0,0
7/8/2026,12:31:05 PM,SPXW,ML/,95,6.5172,,CALL,7480,0,61913,7/8/2026,WHITE,0,0,F,INDEX,,F,T,0,0
7/8/2026,12:31:23 PM,SPXW,ML/,57,5.9795,,CALL,7480,0,34083,7/8/2026,WHITE,0,0,F,INDEX,,F,T,0,0
7/8/2026,12:31:59 PM,SPXW,ML/,55,5.2436,,CALL,7480,0,28839,7/8/2026,WHITE,0,0,F,INDEX,,F,T,0,0
7/8/2026,12:34:29 PM,SPXW,BLOCK,74,4.7054,,CALL,7480,0,34820,7/8/2026,WHITE,0,0,F,INDEX,,F,T,0,0
7/8/2026,12:34:45 PM,SPXW,ML/,136,4.321,,CALL,7480,0,58766,7/8/2026,WHITE,0,0,F,INDEX,,F,T,0,0
7/8/2026,12:35:11 PM,SPXW,ML/,93,4.6328,,CALL,7480,0,43085,7/8/2026,WHITE,0,0,F,INDEX,,F,T,0,0
7/8/2026,12:35:24 PM,SPXW,ML/,54,5.1,,CALL,7480,0,27539,7/8/2026,WHITE,0,0,F,INDEX,,F,T,0,0
7/8/2026,12:35:59 PM,SPXW,BLOCK,51,4,,CALL,7480,0,20400,7/8/2026,WHITE,0,0,F,INDEX,,F,T,0,0
7/8/2026,12:36:14 PM,SPXW,ML/,65,3.8178,,CALL,7480,0,24816,7/8/2026,WHITE,0,0,F,INDEX,,F,T,0,0
7/8/2026,12:37:26 PM,SPXW,ML/,83,3.07,,CALL,7480,0,25480,7/8/2026,WHITE,0,0,F,INDEX,,F,T,0,0
7/8/2026,12:39:43 PM,SPXW,ML/,387,3.644,,CALL,7480,0,141022,7/8/2026,WHITE,0,0,F,INDEX,,F,T,0,0
7/8/2026,12:39:45 PM,SPXW,ML/,52,3.7081,,CALL,7480,0,19282,7/8/2026,WHITE,0,0,F,INDEX,,F,T,0,0
7/8/2026,12:40:07 PM,SPXW,ML/,62,4.2113,,CALL,7480,0,26110,7/8/2026,WHITE,0,0,F,INDEX,,F,T,0,0
7/8/2026,12:40:37 PM,SPXW,ML/,86,5.1834,,CALL,7480,0,44577,7/8/2026,WHITE,0,0,F,INDEX,,F,T,0,0
7/8/2026,12:40:41 PM,SPXW,ML/,439,6.8683,,CALL,7480,0,301517,7/8/2026,WHITE,0,0,F,INDEX,,F,T,0,0
7/8/2026,12:40:58 PM,SPXW,ML/,62,6.8339,,CALL,7480,0,42370,7/8/2026,WHITE,0,0,F,INDEX,,F,T,0,0
7/8/2026,12:41:00 PM,SPXW,ML/,157,6.882,,CALL,7480,0,108047,7/8/2026,WHITE,0,0,F,INDEX,,F,T,0,0
7/8/2026,12:41:08 PM,SPXW,ML/,59,6.56,,CALL,7480,0,38704,7/8/2026,WHITE,0,0,F,INDEX,,F,T,0,0
7/8/2026,12:41:17 PM,SPXW,ML/,356,6.2995,,CALL,7480,0,224262,7/8/2026,WHITE,0,0,F,INDEX,,F,T,0,0
7/8/2026,12:41:23 PM,SPXW,ML/,116,5.6945,,CALL,7480,0,66056,7/8/2026,WHITE,0,0,F,INDEX,,F,T,0,0
7/8/2026,12:41:28 PM,SPXW,ML/,119,5.7405,,CALL,7480,0,68312,7/8/2026,WHITE,0,0,F,INDEX,,F,T,0,0
7/8/2026,12:41:32 PM,SPXW,ML/,77,5.913,,CALL,7480,0,45530,7/8/2026,WHITE,0,0,F,INDEX,,F,T,0,0
7/8/2026,12:41:42 PM,SPXW,ML/,52,5.675,,CALL,7480,0,29509,7/8/2026,WHITE,0,0,F,INDEX,,F,T,0,0
7/8/2026,12:42:22 PM,SPXW,ML/,73,6.2625,,CALL,7480,0,45716,7/8/2026,WHITE,0,0,F,INDEX,,F,T,0,0
7/8/2026,12:48:16 PM,SPXW,ML/,60,6.312,,CALL,7480,0,37872,7/8/2026,WHITE,0,0,F,INDEX,,F,T,0,0
7/8/2026,12:49:12 PM,SPXW,BLOCK,65,6.5,,CALL,7480,0,42250,7/8/2026,WHITE,0,0,F,INDEX,,F,T,0,0
7/8/2026,12:49:30 PM,SPXW,BLOCK,62,6.8,,CALL,7480,0,42160,7/8/2026,WHITE,0,0,F,INDEX,,F,T,0,0
7/8/2026,12:50:14 PM,SPXW,ML/,73,6.8163,,CALL,7480,0,49759,7/8/2026,WHITE,0,0,F,INDEX,,F,T,0,0
7/8/2026,12:50:19 PM,SPXW,ML/,66,7.0789,,CALL,7480,0,46721,7/8/2026,WHITE,0,0,F,INDEX,,F,T,0,0
7/8/2026,12:52:14 PM,SPXW,ML/,56,7.4279,,CALL,7480,0,41596,7/8/2026,WHITE,0,0,F,INDEX,,F,T,0,0
7/8/2026,12:53:32 PM,SPXW,ML/,129,7.0274,,CALL,7480,0,90653,7/8/2026,WHITE,0,0,F,INDEX,,F,T,0,0
7/8/2026,12:54:04 PM,SPXW,ML/,103,7.1131,,CALL,7480,0,73265,7/8/2026,WHITE,0,0,F,INDEX,,F,T,0,0
7/8/2026,12:55:07 PM,SPXW,ML/,115,7.5823,,CALL,7480,0,87197,7/8/2026,WHITE,0,0,F,INDEX,,F,T,0,0
7/8/2026,12:56:19 PM,SPXW,ML/,51,6.951,,CALL,7480,0,35450,7/8/2026,WHITE,0,0,F,INDEX,,F,T,0,0
7/8/2026,12:58:06 PM,SPXW,ML/,50,7.37,,CALL,7480,0,36850,7/8/2026,WHITE,0,0,F,INDEX,,F,T,0,0
7/8/2026,1:00:11 PM,SPXW,ML/,55,7.1558,,CALL,7480,0,39357,7/8/2026,WHITE,0,0,F,INDEX,,F,T,0,0
7/8/2026,1:01:35 PM,SPXW,ML/,62,6.2452,,CALL,7480,0,38720,7/8/2026,WHITE,0,0,F,INDEX,,F,T,0,0
7/8/2026,1:06:22 PM,SPXW,ML/,50,6.5234,,CALL,7480,0,32617,7/8/2026,WHITE,0,0,F,INDEX,,F,T,0,0
7/8/2026,1:06:24 PM,SPXW,ML/,88,6.9432,,CALL,7480,0,61100,7/8/2026,WHITE,0,0,F,INDEX,,F,T,0,0
7/8/2026,1:07:03 PM,SPXW,ML/,53,7.7687,,CALL,7480,0,41174,7/8/2026,WHITE,0,0,F,INDEX,,F,T,0,0
7/8/2026,1:08:17 PM,SPXW,BLOCK,105,7.5952,,CALL,7480,0,79750,7/8/2026,WHITE,0,0,F,INDEX,,F,T,0,0
7/8/2026,1:08:37 PM,SPXW,ML/,57,6.9396,,CALL,7480,0,39556,7/8/2026,WHITE,0,0,F,INDEX,,F,T,0,0
7/8/2026,1:15:12 PM,SPXW,BLOCK,91,6.4,,CALL,7480,0,58240,7/8/2026,WHITE,0,0,F,INDEX,,F,T,0,0
7/8/2026,1:18:32 PM,SPXW,BLOCK,58,6.7,,CALL,7480,0,38860,7/8/2026,WHITE,0,0,F,INDEX,,F,T,0,0
7/8/2026,1:19:14 PM,SPXW,ML/,166,7.7404,,CALL,7480,0,128491,7/8/2026,WHITE,0,0,F,INDEX,,F,T,0,0
7/8/2026,1:19:24 PM,SPXW,ML/,56,8.3216,,CALL,7480,0,46601,7/8/2026,WHITE,0,0,F,INDEX,,F,T,0,0
7/8/2026,1:19:49 PM,SPXW,ML/,110,8.5052,,CALL,7480,0,93557,7/8/2026,WHITE,0,0,F,INDEX,,F,T,0,0
7/8/2026,1:19:51 PM,SPXW,ML/,57,8.3923,,CALL,7480,0,47836,7/8/2026,WHITE,0,0,F,INDEX,,F,T,0,0
7/8/2026,1:19:59 PM,SPXW,ML/,118,8.691,,CALL,7480,0,102554,7/8/2026,WHITE,0,0,F,INDEX,,F,T,0,0
7/8/2026,1:20:06 PM,SPXW,ML/,193,9.0222,,CALL,7480,0,174128,7/8/2026,WHITE,0,0,F,INDEX,,F,T,0,0
7/8/2026,1:20:14 PM,SPXW,ML/,82,8.5673,,CALL,7480,0,70252,7/8/2026,WHITE,0,0,F,INDEX,,F,T,0,0
7/8/2026,1:20:18 PM,SPXW,ML/,90,8.3846,,CALL,7480,0,75461,7/8/2026,WHITE,0,0,F,INDEX,,F,T,0,0
7/8/2026,1:20:53 PM,SPXW,ML/,50,8.705,,CALL,7480,0,43525,7/8/2026,WHITE,0,0,F,INDEX,,F,T,0,0
7/8/2026,1:21:06 PM,SPXW,BLOCK,69,9.2377,,CALL,7480,0,63740,7/8/2026,WHITE,0,0,F,INDEX,,F,T,0,0
7/8/2026,1:21:16 PM,SPXW,ML/,59,9.0986,,CALL,7480,0,53681,7/8/2026,WHITE,0,0,F,INDEX,,F,T,0,0
7/8/2026,1:21:19 PM,SPXW,ML/,148,9.0023,,CALL,7480,0,133234,7/8/2026,WHITE,0,0,F,INDEX,,F,T,0,0
7/8/2026,1:21:28 PM,SPXW,ML/,55,9.1809,,CALL,7480,0,50495,7/8/2026,WHITE,0,0,F,INDEX,,F,T,0,0
7/8/2026,1:21:34 PM,SPXW,ML/,144,9.7595,,CALL,7480,0,140537,7/8/2026,WHITE,0,0,F,INDEX,,F,T,0,0
7/8/2026,1:21:43 PM,SPXW,ML/,94,9.8487,,CALL,7480,0,92578,7/8/2026,WHITE,0,0,F,INDEX,,F,T,0,0
7/8/2026,1:21:58 PM,SPXW,ML/,154,9.7166,,CALL,7480,0,149635,7/8/2026,WHITE,0,0,F,INDEX,,F,T,0,0
7/8/2026,1:22:04 PM,SPXW,BLOCK,54,9.9426,,CALL,7480,0,53690,7/8/2026,WHITE,0,0,F,INDEX,,F,T,0,0
7/8/2026,1:22:07 PM,SPXW,ML/,64,9.9159,,CALL,7480,0,63462,7/8/2026,WHITE,0,0,F,INDEX,,F,T,0,0
7/8/2026,1:22:39 PM,SPXW,ML/,52,9.6971,,CALL,7480,0,50425,7/8/2026,WHITE,0,0,F,INDEX,,F,T,0,0
7/8/2026,1:22:43 PM,SPXW,ML/,59,9.5673,,CALL,7480,0,56447,7/8/2026,WHITE,0,0,F,INDEX,,F,T,0,0
7/8/2026,1:23:46 PM,SPXW,ML/,63,9.9365,,CALL,7480,0,62600,7/8/2026,WHITE,0,0,F,INDEX,,F,T,0,0
7/8/2026,1:23:49 PM,SPXW,ML/,77,10.0314,,CALL,7480,0,77242,7/8/2026,WHITE,0,0,F,INDEX,,F,T,0,0
7/8/2026,1:24:09 PM,SPXW,ML/,69,10.2561,,CALL,7480,0,70767,7/8/2026,WHITE,0,0,F,INDEX,,F,T,0,0
7/8/2026,1:24:11 PM,SPXW,ML/,70,10.2619,,CALL,7480,0,71833,7/8/2026,WHITE,0,0,F,INDEX,,F,T,0,0
7/8/2026,1:24:16 PM,SPXW,ML/,64,10.1247,,CALL,7480,0,64798,7/8/2026,WHITE,0,0,F,INDEX,,F,T,0,0
7/8/2026,1:24:47 PM,SPXW,BLOCK,50,10.088,,CALL,7480,0,50440,7/8/2026,WHITE,0,0,F,INDEX,,F,T,0,0
7/8/2026,1:24:54 PM,SPXW,ML/,61,10.522,,CALL,7480,0,64184,7/8/2026,WHITE,0,0,F,INDEX,,F,T,0,0
7/8/2026,1:25:03 PM,SPXW,ML/,125,11.654,,CALL,7480,0,145675,7/8/2026,WHITE,0,0,F,INDEX,,F,T,0,0
7/8/2026,1:25:13 PM,SPXW,ML/,91,11.7692,,CALL,7480,0,107100,7/8/2026,WHITE,0,0,F,INDEX,,F,T,0,0
7/8/2026,1:25:17 PM,SPXW,ML/,69,12.0577,,CALL,7480,0,83198,7/8/2026,WHITE,0,0,F,INDEX,,F,T,0,0
7/8/2026,1:25:20 PM,SPXW,ML/,74,11.8155,,CALL,7480,0,87435,7/8/2026,WHITE,0,0,F,INDEX,,F,T,0,0
7/8/2026,1:25:37 PM,SPXW,ML/,87,10.7659,,CALL,7480,0,93663,7/8/2026,WHITE,0,0,F,INDEX,,F,T,0,0
7/8/2026,1:26:09 PM,SPXW,ML/,523,11.2446,,CALL,7480,0,588090,7/8/2026,WHITE,0,0,F,INDEX,,F,T,0,0
7/8/2026,1:29:12 PM,SPXW,ML/,50,11.967,,CALL,7480,0,59835,7/8/2026,WHITE,0,0,F,INDEX,,F,T,0,0
7/8/2026,1:30:02 PM,SPXW,ML/,52,12.0098,,CALL,7480,0,62451,7/8/2026,WHITE,0,0,F,INDEX,,F,T,0,0
7/8/2026,1:30:57 PM,SPXW,ML/,82,13.1923,,CALL,7480,0,108177,7/8/2026,WHITE,0,0,F,INDEX,,F,T,0,0
7/8/2026,1:31:01 PM,SPXW,ML/,109,13.5422,,CALL,7480,0,147610,7/8/2026,WHITE,0,0,F,INDEX,,F,T,0,0
7/8/2026,1:34:59 PM,SPXW,ML/,109,11.3797,,CALL,7480,0,124038,7/8/2026,WHITE,0,0,F,INDEX,,F,T,0,0
7/8/2026,1:35:04 PM,SPXW,ML/,55,11.2018,,CALL,7480,0,61610,7/8/2026,WHITE,0,0,F,INDEX,,F,T,0,0
7/8/2026,1:35:29 PM,SPXW,BLOCK,50,11.8,,CALL,7480,0,59000,7/8/2026,WHITE,0,0,F,INDEX,,F,T,0,0
7/8/2026,1:38:14 PM,SPXW,ML/,194,10.4702,,CALL,7480,0,203122,7/8/2026,WHITE,0,0,F,INDEX,,F,T,0,0
7/8/2026,1:41:41 PM,SPXW,ML/,62,8.505,,CALL,7480,0,52730,7/8/2026,WHITE,0,0,F,INDEX,,F,T,0,0
7/8/2026,1:42:39 PM,SPXW,ML/,163,8.592,,CALL,7480,0,140050,7/8/2026,WHITE,0,0,F,INDEX,,F,T,0,0
7/8/2026,1:43:02 PM,SPXW,ML/,50,9.0346,,CALL,7480,0,45173,7/8/2026,WHITE,0,0,F,INDEX,,F,T,0,0
7/8/2026,1:43:17 PM,SPXW,ML/,51,8.7784,,CALL,7480,0,44769,7/8/2026,WHITE,0,0,F,INDEX,,F,T,0,0
7/8/2026,1:43:25 PM,SPXW,ML/,82,8.7976,,CALL,7480,0,72140,7/8/2026,WHITE,0,0,F,INDEX,,F,T,0,0
7/8/2026,1:45:16 PM,SPXW,ML/,69,8.1599,,CALL,7480,0,56303,7/8/2026,WHITE,0,0,F,INDEX,,F,T,0,0
7/8/2026,1:45:29 PM,SPXW,ML/,92,7.936,,CALL,7480,0,73011,7/8/2026,WHITE,0,0,F,INDEX,,F,T,0,0
7/8/2026,1:45:35 PM,SPXW,ML/,75,7.8176,,CALL,7480,0,58632,7/8/2026,WHITE,0,0,F,INDEX,,F,T,0,0
7/8/2026,1:45:42 PM,SPXW,ML/,98,7.1318,,CALL,7480,0,69892,7/8/2026,WHITE,0,0,F,INDEX,,F,T,0,0
7/8/2026,1:45:45 PM,SPXW,ML/,59,7.2798,,CALL,7480,0,42951,7/8/2026,WHITE,0,0,F,INDEX,,F,T,0,0
7/8/2026,1:45:51 PM,SPXW,ML/,505,7.5998,,CALL,7480,0,383790,7/8/2026,WHITE,0,0,F,INDEX,,F,T,0,0
7/8/2026,1:46:30 PM,SPXW,ML/,53,7.5349,,CALL,7480,0,39935,7/8/2026,WHITE,0,0,F,INDEX,,F,T,0,0
7/8/2026,1:47:44 PM,SPXW,ML/,75,7.0787,,CALL,7480,0,53090,7/8/2026,WHITE,0,0,F,INDEX,,F,T,0,0
7/8/2026,1:47:53 PM,SPXW,ML/,65,7.0385,,CALL,7480,0,45750,7/8/2026,WHITE,0,0,F,INDEX,,F,T,0,0
7/8/2026,1:48:17 PM,SPXW,ML/,68,6.2272,,CALL,7480,0,42345,7/8/2026,WHITE,0,0,F,INDEX,,F,T,0,0
7/8/2026,1:50:21 PM,SPXW,ML/,207,5.9507,,CALL,7480,0,123179,7/8/2026,WHITE,0,0,F,INDEX,,F,T,0,0
7/8/2026,1:50:28 PM,SPXW,BLOCK,57,6.3895,,CALL,7480,0,36420,7/8/2026,WHITE,0,0,F,INDEX,,F,T,0,0
7/8/2026,1:51:57 PM,SPXW,BLOCK,50,7,,CALL,7480,0,35000,7/8/2026,WHITE,0,0,F,INDEX,,F,T,0,0
7/8/2026,1:55:28 PM,SPXW,ML/,53,5.5036,,CALL,7480,0,29169,7/8/2026,WHITE,0,0,F,INDEX,,F,T,0,0
7/8/2026,1:55:34 PM,SPXW,ML/,206,5.2389,,CALL,7480,0,107922,7/8/2026,WHITE,0,0,F,INDEX,,F,T,0,0
7/8/2026,1:55:41 PM,SPXW,ML/,66,4.9841,,CALL,7480,0,32895,7/8/2026,WHITE,0,0,F,INDEX,,F,T,0,0
7/8/2026,1:55:51 PM,SPXW,ML/,149,5.0716,,CALL,7480,0,75567,7/8/2026,WHITE,0,0,F,INDEX,,F,T,0,0
7/8/2026,1:59:30 PM,SPXW,ML/,56,6.077,,CALL,7480,0,34031,7/8/2026,WHITE,0,0,F,INDEX,,F,T,0,0
7/8/2026,2:00:05 PM,SPXW,ML/,53,5.2774,,CALL,7480,0,27970,7/8/2026,WHITE,0,0,F,INDEX,,F,T,0,0
7/8/2026,2:00:40 PM,SPXW,ML/,115,6.3037,,CALL,7480,0,72492,7/8/2026,WHITE,0,0,F,INDEX,,F,T,0,0
7/8/2026,2:00:55 PM,SPXW,SWEEP,76,6.8882,A,CALL,7480,0,52350,7/8/2026,WHITE,0,0,F,INDEX,,F,T,0,0
7/8/2026,2:01:19 PM,SPXW,ML/,67,7.291,,CALL,7480,0,48850,7/8/2026,WHITE,0,0,F,INDEX,,F,T,0,0
7/8/2026,2:01:22 PM,SPXW,ML/,96,7.2718,,CALL,7480,0,69809,7/8/2026,WHITE,0,0,F,INDEX,,F,T,0,0
7/8/2026,2:01:25 PM,SPXW,ML/,63,7.2611,,CALL,7480,0,45745,7/8/2026,WHITE,0,0,F,INDEX,,F,T,0,0
7/8/2026,2:01:45 PM,SPXW,ML/,78,7.9441,,CALL,7480,0,61964,7/8/2026,WHITE,0,0,F,INDEX,,F,T,0,0
7/8/2026,2:01:54 PM,SPXW,ML/,67,8.4604,,CALL,7480,0,56685,7/8/2026,WHITE,0,0,F,INDEX,,F,T,0,0
7/8/2026,2:01:58 PM,SPXW,ML/,131,8.8234,,CALL,7480,0,115587,7/8/2026,WHITE,0,0,F,INDEX,,F,T,0,0
7/8/2026,2:02:07 PM,SPXW,ML/,68,9.1765,,CALL,7480,0,62400,7/8/2026,WHITE,0,0,F,INDEX,,F,T,0,0
7/8/2026,2:02:10 PM,SPXW,ML/,72,8.9267,,CALL,7480,0,64272,7/8/2026,WHITE,0,0,F,INDEX,,F,T,0,0
7/8/2026,2:02:15 PM,SPXW,ML/,120,8.9799,,CALL,7480,0,107758,7/8/2026,WHITE,0,0,F,INDEX,,F,T,0,0
7/8/2026,2:02:26 PM,SPXW,ML/,85,8.3505,,CALL,7480,0,70979,7/8/2026,WHITE,0,0,F,INDEX,,F,T,0,0
7/8/2026,2:02:43 PM,SPXW,ML/,109,8.3009,,CALL,7480,0,90480,7/8/2026,WHITE,0,0,F,INDEX,,F,T,0,0
7/8/2026,2:02:53 PM,SPXW,ML/,202,8.0459,,CALL,7480,0,162527,7/8/2026,WHITE,0,0,F,INDEX,,F,T,0,0
7/8/2026,2:03:09 PM,SPXW,BLOCK,52,8.2519,,CALL,7480,0,42910,7/8/2026,WHITE,0,0,F,INDEX,,F,T,0,0
7/8/2026,2:03:19 PM,SPXW,ML/,232,8.7547,,CALL,7480,0,203110,7/8/2026,WHITE,0,0,F,INDEX,,F,T,0,0
7/8/2026,2:03:29 PM,SPXW,ML/,65,8.748,,CALL,7480,0,56862,7/8/2026,WHITE,0,0,F,INDEX,,F,T,0,0
7/8/2026,2:03:37 PM,SPXW,ML/,54,8.9978,,CALL,7480,0,48588,7/8/2026,WHITE,0,0,F,INDEX,,F,T,0,0
7/8/2026,2:04:08 PM,SPXW,ML/,87,9.637,,CALL,7480,0,83842,7/8/2026,WHITE,0,0,F,INDEX,,F,T,0,0
7/8/2026,2:04:25 PM,SPXW,BLOCK,58,9.6379,,CALL,7480,0,55900,7/8/2026,WHITE,0,0,F,INDEX,,F,T,0,0
7/8/2026,2:06:48 PM,SPXW,BLOCK,56,7.7625,,CALL,7480,0,43470,7/8/2026,WHITE,0,0,F,INDEX,,F,T,0,0
7/8/2026,2:09:01 PM,SPXW,ML/,173,8.7127,,CALL,7480,0,150729,7/8/2026,WHITE,0,0,F,INDEX,,F,T,0,0
7/8/2026,2:09:06 PM,SPXW,ML/,156,8.3615,,CALL,7480,0,130438,7/8/2026,WHITE,0,0,F,INDEX,,F,T,0,0
7/8/2026,2:10:00 PM,SPXW,ML/,86,7.9721,,CALL,7480,0,68560,7/8/2026,WHITE,0,0,F,INDEX,,F,T,0,0
7/8/2026,2:10:10 PM,SPXW,BLOCK,54,7.4574,,CALL,7480,0,40270,7/8/2026,WHITE,0,0,F,INDEX,,F,T,0,0
7/8/2026,2:10:47 PM,SPXW,BLOCK,54,8.1741,,CALL,7480,0,44140,7/8/2026,WHITE,0,0,F,INDEX,,F,T,0,0
7/8/2026,2:10:52 PM,SPXW,ML/,95,8.2707,,CALL,7480,0,78572,7/8/2026,WHITE,0,0,F,INDEX,,F,T,0,0
7/8/2026,2:12:11 PM,SPXW,ML/,54,8.6265,,CALL,7480,0,46583,7/8/2026,WHITE,0,0,F,INDEX,,F,T,0,0
7/8/2026,2:13:59 PM,SPXW,ML/,192,8.6004,,CALL,7480,0,165128,7/8/2026,WHITE,0,0,F,INDEX,,F,T,0,0
7/8/2026,2:14:03 PM,SPXW,BLOCK,57,8.7912,,CALL,7480,0,50110,7/8/2026,WHITE,0,0,F,INDEX,,F,T,0,0
7/8/2026,2:14:25 PM,SPXW,ML/,58,9.0498,,CALL,7480,0,52489,7/8/2026,WHITE,0,0,F,INDEX,,F,T,0,0
7/8/2026,2:14:43 PM,SPXW,ML/,64,8.2188,,CALL,7480,0,52600,7/8/2026,WHITE,0,0,F,INDEX,,F,T,0,0
7/8/2026,2:15:11 PM,SPXW,ML/,55,8.0318,,CALL,7480,0,44175,7/8/2026,WHITE,0,0,F,INDEX,,F,T,0,0
7/8/2026,2:15:32 PM,SPXW,BLOCK,51,8.4,,CALL,7480,0,42840,7/8/2026,WHITE,0,0,F,INDEX,,F,T,0,0
7/8/2026,2:16:07 PM,SPXW,ML/,501,8.4984,,CALL,7480,0,425770,7/8/2026,WHITE,0,0,F,INDEX,,F,T,0,0
7/8/2026,2:16:14 PM,SPXW,ML/,69,7.1823,,CALL,7480,0,49558,7/8/2026,WHITE,0,0,F,INDEX,,F,T,0,0
7/8/2026,2:16:37 PM,SPXW,ML/,51,6.5294,,CALL,7480,0,33300,7/8/2026,WHITE,0,0,F,INDEX,,F,T,0,0
7/8/2026,2:17:09 PM,SPXW,BLOCK,107,6.5972,,CALL,7480,0,70590,7/8/2026,WHITE,0,0,F,INDEX,,F,T,0,0
7/8/2026,2:20:08 PM,SPXW,BLOCK,57,7.1,,CALL,7480,0,40470,7/8/2026,WHITE,0,0,F,INDEX,,F,T,0,0
7/8/2026,2:22:19 PM,SPXW,ML/,73,7.65,,CALL,7480,0,55844,7/8/2026,WHITE,0,0,F,INDEX,,F,T,0,0
7/8/2026,2:23:04 PM,SPXW,BLOCK,100,7.2,,CALL,7480,0,72000,7/8/2026,WHITE,0,0,F,INDEX,,F,T,0,0
7/8/2026,2:24:57 PM,SPXW,BLOCK,99,6.1,,CALL,7480,0,60390,7/8/2026,WHITE,0,0,F,INDEX,,F,T,0,0
7/8/2026,2:25:02 PM,SPXW,ML/,50,6.0868,,CALL,7480,0,30433,7/8/2026,WHITE,0,0,F,INDEX,,F,T,0,0
7/8/2026,2:25:15 PM,SPXW,ML/,134,5.7703,,CALL,7480,0,77322,7/8/2026,WHITE,0,0,F,INDEX,,F,T,0,0
7/8/2026,2:26:53 PM,SPXW,BLOCK,100,6.484,,CALL,7480,0,64840,7/8/2026,WHITE,0,0,F,INDEX,,F,T,0,0
7/8/2026,2:29:01 PM,SPXW,BLOCK,60,5.6933,,CALL,7480,0,34160,7/8/2026,WHITE,0,0,F,INDEX,,F,T,0,0
7/8/2026,2:29:49 PM,SPXW,BLOCK,116,5.0948,,CALL,7480,0,59100,7/8/2026,WHITE,0,0,F,INDEX,,F,T,0,0
7/8/2026,2:29:51 PM,SPXW,ML/,52,4.9615,,CALL,7480,0,25800,7/8/2026,WHITE,0,0,F,INDEX,,F,T,0,0
7/8/2026,2:29:58 PM,SPXW,ML/,190,4.7302,,CALL,7480,0,89874,7/8/2026,WHITE,0,0,F,INDEX,,F,T,0,0
7/8/2026,2:30:13 PM,SPXW,ML/,99,4.6874,,CALL,7480,0,46405,7/8/2026,WHITE,0,0,F,INDEX,,F,T,0,0
7/8/2026,2:30:44 PM,SPXW,ML/,50,4.309,,CALL,7480,0,21545,7/8/2026,WHITE,0,0,F,INDEX,,F,T,0,0
7/8/2026,2:31:01 PM,SPXW,ML/,65,3.9866,,CALL,7480,0,25913,7/8/2026,WHITE,0,0,F,INDEX,,F,T,0,0
7/8/2026,2:33:20 PM,SPXW,ML/,51,4.1814,,CALL,7480,0,21325,7/8/2026,WHITE,0,0,F,INDEX,,F,T,0,0
7/8/2026,2:33:59 PM,SPXW,BLOCK,60,4.085,,CALL,7480,0,24510,7/8/2026,WHITE,0,0,F,INDEX,,F,T,0,0
7/8/2026,2:35:00 PM,SPXW,ML/,52,4.2373,,CALL,7480,0,22034,7/8/2026,WHITE,0,0,F,INDEX,,F,T,0,0
7/8/2026,2:36:18 PM,SPXW,ML/,79,4.5252,,CALL,7480,0,35749,7/8/2026,WHITE,0,0,F,INDEX,,F,T,0,0
7/8/2026,2:36:39 PM,SPXW,ML/,56,5.1013,,CALL,7480,0,28567,7/8/2026,WHITE,0,0,F,INDEX,,F,T,0,0
7/8/2026,2:36:40 PM,SPXW,ML/,62,5.1455,,CALL,7480,0,31902,7/8/2026,WHITE,0,0,F,INDEX,,F,T,0,0
7/8/2026,2:36:48 PM,SPXW,ML/,74,5.4446,,CALL,7480,0,40290,7/8/2026,WHITE,0,0,F,INDEX,,F,T,0,0
7/8/2026,2:37:26 PM,SPXW,ML/,99,6.0865,,CALL,7480,0,60255,7/8/2026,WHITE,0,0,F,INDEX,,F,T,0,0
7/8/2026,2:37:38 PM,SPXW,BLOCK,55,5.98,,CALL,7480,0,32890,7/8/2026,WHITE,0,0,F,INDEX,,F,T,0,0
7/8/2026,2:37:43 PM,SPXW,ML/,164,6.6348,,CALL,7480,0,108809,7/8/2026,WHITE,0,0,F,INDEX,,F,T,0,0
7/8/2026,2:37:53 PM,SPXW,BLOCK,57,6.114,,CALL,7480,0,34850,7/8/2026,WHITE,0,0,F,INDEX,,F,T,0,0
7/8/2026,2:40:04 PM,SPXW,ML/,62,6.9879,,CALL,7480,0,43325,7/8/2026,WHITE,0,0,F,INDEX,,F,T,0,0
7/8/2026,2:40:08 PM,SPXW,BLOCK,55,6.4091,,CALL,7480,0,35250,7/8/2026,WHITE,0,0,F,INDEX,,F,T,0,0
7/8/2026,2:40:21 PM,SPXW,ML/,50,5.8026,,CALL,7480,0,29013,7/8/2026,WHITE,0,0,F,INDEX,,F,T,0,0
7/8/2026,2:40:35 PM,SPXW,BLOCK,96,6,,CALL,7480,0,57600,7/8/2026,WHITE,0,0,F,INDEX,,F,T,0,0
7/8/2026,2:41:28 PM,SPXW,ML/,56,4.9159,,CALL,7480,0,27529,7/8/2026,WHITE,0,0,F,INDEX,,F,T,0,0
7/8/2026,2:44:31 PM,SPXW,ML/,60,5.8723,,CALL,7480,0,35234,7/8/2026,WHITE,0,0,F,INDEX,,F,T,0,0
7/8/2026,2:44:53 PM,SPXW,BLOCK,113,5.9009,,CALL,7480,0,66680,7/8/2026,WHITE,0,0,F,INDEX,,F,T,0,0
7/8/2026,2:45:25 PM,SPXW,ML/,57,5.467,,CALL,7480,0,31162,7/8/2026,WHITE,0,0,F,INDEX,,F,T,0,0
7/8/2026,2:46:56 PM,SPXW,ML/,51,5.8706,,CALL,7480,0,29940,7/8/2026,WHITE,0,0,F,INDEX,,F,T,0,0
7/8/2026,2:47:41 PM,SPXW,ML/,60,5.2058,,CALL,7480,0,31234,7/8/2026,WHITE,0,0,F,INDEX,,F,T,0,0
7/8/2026,2:48:55 PM,SPXW,BLOCK,72,5.8222,,CALL,7480,0,41920,7/8/2026,WHITE,0,0,F,INDEX,,F,T,0,0
7/8/2026,2:49:20 PM,SPXW,ML/,50,6.063,,CALL,7480,0,30314,7/8/2026,WHITE,0,0,F,INDEX,,F,T,0,0
7/8/2026,2:49:26 PM,SPXW,ML/,137,6.6385,,CALL,7480,0,90947,7/8/2026,WHITE,0,0,F,INDEX,,F,T,0,0
7/8/2026,2:49:43 PM,SPXW,ML/,63,6.8127,,CALL,7480,0,42920,7/8/2026,WHITE,0,0,F,INDEX,,F,T,0,0
7/8/2026,2:49:52 PM,SPXW,ML/,84,7.0406,,CALL,7480,0,59141,7/8/2026,WHITE,0,0,F,INDEX,,F,T,0,0
7/8/2026,2:50:01 PM,SPXW,ML/,85,6.4012,,CALL,7480,0,54410,7/8/2026,WHITE,0,0,F,INDEX,,F,T,0,0
7/8/2026,2:51:58 PM,SPXW,ML/,68,7.0309,,CALL,7480,0,47810,7/8/2026,WHITE,0,0,F,INDEX,,F,T,0,0
7/8/2026,2:52:02 PM,SPXW,ML/,123,7.5603,,CALL,7480,0,92992,7/8/2026,WHITE,0,0,F,INDEX,,F,T,0,0
7/8/2026,2:52:07 PM,SPXW,ML/,204,7.6859,,CALL,7480,0,156792,7/8/2026,WHITE,0,0,F,INDEX,,F,T,0,0
7/8/2026,2:52:16 PM,SPXW,ML/,51,7.5318,,CALL,7480,0,38412,7/8/2026,WHITE,0,0,F,INDEX,,F,T,0,0
7/8/2026,2:52:21 PM,SPXW,ML/,72,7.0636,,CALL,7480,0,50858,7/8/2026,WHITE,0,0,F,INDEX,,F,T,0,0
7/8/2026,2:53:46 PM,SPXW,ML/,50,6.0672,,CALL,7480,0,30336,7/8/2026,WHITE,0,0,F,INDEX,,F,T,0,0
7/8/2026,2:55:28 PM,SPXW,ML/,58,5.1462,,CALL,7480,0,29848,7/8/2026,WHITE,0,0,F,INDEX,,F,T,0,0
7/8/2026,2:56:37 PM,SPXW,ML/,69,4.592,,CALL,7480,0,31684,7/8/2026,WHITE,0,0,F,INDEX,,F,T,0,0
7/8/2026,2:56:42 PM,SPXW,BLOCK,53,4.4,,CALL,7480,0,23320,7/8/2026,WHITE,0,0,F,INDEX,,F,T,0,0
7/8/2026,2:59:27 PM,SPXW,BLOCK,68,5.9868,,CALL,7480,0,40710,7/8/2026,WHITE,0,0,F,INDEX,,F,T,0,0
7/8/2026,3:00:08 PM,SPXW,ML/,148,6.7195,,CALL,7480,0,99448,7/8/2026,WHITE,0,0,F,INDEX,,F,T,0,0
7/8/2026,3:00:23 PM,SPXW,ML/,214,7.799,,CALL,7480,0,166898,7/8/2026,WHITE,0,0,F,INDEX,,F,T,0,0
7/8/2026,3:00:30 PM,SPXW,ML/,107,7.9869,,CALL,7480,0,85460,7/8/2026,WHITE,0,0,F,INDEX,,F,T,0,0
7/8/2026,3:00:33 PM,SPXW,ML/,122,8.1807,,CALL,7480,0,99804,7/8/2026,WHITE,0,0,F,INDEX,,F,T,0,0
7/8/2026,3:00:40 PM,SPXW,ML/,140,8.2113,,CALL,7480,0,114958,7/8/2026,WHITE,0,0,F,INDEX,,F,T,0,0
7/8/2026,3:00:56 PM,SPXW,ML/,53,7.7204,,CALL,7480,0,40918,7/8/2026,WHITE,0,0,F,INDEX,,F,T,0,0
7/8/2026,3:01:30 PM,SPXW,BLOCK,84,6.9226,,CALL,7480,0,58150,7/8/2026,WHITE,0,0,F,INDEX,,F,T,0,0
7/8/2026,3:01:55 PM,SPXW,ML/,54,6.3661,,CALL,7480,0,34377,7/8/2026,WHITE,0,0,F,INDEX,,F,T,0,0
7/8/2026,3:02:12 PM,SPXW,ML/,51,5.902,,CALL,7480,0,30100,7/8/2026,WHITE,0,0,F,INDEX,,F,T,0,0
7/8/2026,3:02:51 PM,SPXW,ML/,134,5.2604,,CALL,7480,0,70490,7/8/2026,WHITE,0,0,F,INDEX,,F,T,0,0
7/8/2026,3:03:50 PM,SPXW,ML/,54,5.3996,,CALL,7480,0,29158,7/8/2026,WHITE,0,0,F,INDEX,,F,T,0,0
7/8/2026,3:05:28 PM,SPXW,ML/,69,5.542,,CALL,7480,0,38240,7/8/2026,WHITE,0,0,F,INDEX,,F,T,0,0
7/8/2026,3:05:30 PM,SPXW,ML/,51,5.0616,,CALL,7480,0,25814,7/8/2026,WHITE,0,0,F,INDEX,,F,T,0,0
7/8/2026,3:06:13 PM,SPXW,ML/,70,4.4993,,CALL,7480,0,31495,7/8/2026,WHITE,0,0,F,INDEX,,F,T,0,0
7/8/2026,3:06:32 PM,SPXW,ML/,54,4.6441,,CALL,7480,0,25078,7/8/2026,WHITE,0,0,F,INDEX,,F,T,0,0
7/8/2026,3:07:08 PM,SPXW,ML/,106,5.7566,,CALL,7480,0,61020,7/8/2026,WHITE,0,0,F,INDEX,,F,T,0,0
7/8/2026,3:07:10 PM,SPXW,BLOCK,50,5.8,,CALL,7480,0,29000,7/8/2026,WHITE,0,0,F,INDEX,,F,T,0,0
7/8/2026,3:07:13 PM,SPXW,ML/,76,5.6811,,CALL,7480,0,43176,7/8/2026,WHITE,0,0,F,INDEX,,F,T,0,0
7/8/2026,3:08:03 PM,SPXW,ML/,148,5.0509,,CALL,7480,0,74754,7/8/2026,WHITE,0,0,F,INDEX,,F,T,0,0
7/8/2026,3:11:19 PM,SPXW,BLOCK,62,4.5016,,CALL,7480,0,27910,7/8/2026,WHITE,0,0,F,INDEX,,F,T,0,0
7/8/2026,3:11:43 PM,SPXW,ML/,89,3.9454,,CALL,7480,0,35114,7/8/2026,WHITE,0,0,F,INDEX,,F,T,0,0
7/8/2026,3:11:47 PM,SPXW,ML/,86,3.8465,,CALL,7480,0,33080,7/8/2026,WHITE,0,0,F,INDEX,,F,T,0,0
7/8/2026,3:12:18 PM,SPXW,ML/,81,3.4737,,CALL,7480,0,28137,7/8/2026,WHITE,0,0,F,INDEX,,F,T,0,0
7/8/2026,3:12:25 PM,SPXW,ML/,105,3.4686,,CALL,7480,0,36420,7/8/2026,WHITE,0,0,F,INDEX,,F,T,0,0
7/8/2026,3:14:03 PM,SPXW,ML/,95,3.3541,,CALL,7480,0,31864,7/8/2026,WHITE,0,0,F,INDEX,,F,T,0,0
7/8/2026,3:15:30 PM,SPXW,ML/,110,3.4694,,CALL,7480,0,38163,7/8/2026,WHITE,0,0,F,INDEX,,F,T,0,0
7/8/2026,3:15:41 PM,SPXW,ML/,91,3.2901,,CALL,7480,0,29939,7/8/2026,WHITE,0,0,F,INDEX,,F,T,0,0
7/8/2026,3:16:36 PM,SPXW,ML/,66,3.0032,,CALL,7480,0,19821,7/8/2026,WHITE,0,0,F,INDEX,,F,T,0,0
7/8/2026,3:16:47 PM,SPXW,ML/,52,2.8498,,CALL,7480,0,14819,7/8/2026,WHITE,0,0,F,INDEX,,F,T,0,0
7/8/2026,3:17:44 PM,SPXW,ML/,60,3.0725,,CALL,7480,0,18435,7/8/2026,WHITE,0,0,F,INDEX,,F,T,0,0
7/8/2026,3:17:49 PM,SPXW,ML/,191,3.3073,,CALL,7480,0,63170,7/8/2026,WHITE,0,0,F,INDEX,,F,T,0,0
7/8/2026,3:18:00 PM,SPXW,ML/,53,3.4809,,CALL,7480,0,18449,7/8/2026,WHITE,0,0,F,INDEX,,F,T,0,0
7/8/2026,3:18:06 PM,SPXW,ML/,62,3.5145,,CALL,7480,0,21790,7/8/2026,WHITE,0,0,F,INDEX,,F,T,0,0
7/8/2026,3:18:16 PM,SPXW,ML/,54,3.7113,,CALL,7480,0,20041,7/8/2026,WHITE,0,0,F,INDEX,,F,T,0,0
7/8/2026,3:18:19 PM,SPXW,ML/,125,4.0406,,CALL,7480,0,50508,7/8/2026,WHITE,0,0,F,INDEX,,F,T,0,0
7/8/2026,3:18:24 PM,SPXW,BLOCK,77,4.1078,,CALL,7480,0,31630,7/8/2026,WHITE,0,0,F,INDEX,,F,T,0,0
7/8/2026,3:18:29 PM,SPXW,SWEEP,116,4.1974,A,CALL,7480,0,48690,7/8/2026,WHITE,0,0,F,INDEX,,F,T,0,0
7/8/2026,3:18:31 PM,SPXW,ML/,78,4.2308,,CALL,7480,0,33000,7/8/2026,WHITE,0,0,F,INDEX,,F,T,0,0
7/8/2026,3:18:37 PM,SPXW,ML/,58,4.2707,,CALL,7480,0,24770,7/8/2026,WHITE,0,0,F,INDEX,,F,T,0,0
7/8/2026,3:18:40 PM,SPXW,ML/,67,4.1361,,CALL,7480,0,27712,7/8/2026,WHITE,0,0,F,INDEX,,F,T,0,0
7/8/2026,3:18:43 PM,SPXW,ML/,53,3.9047,,CALL,7480,0,20695,7/8/2026,WHITE,0,0,F,INDEX,,F,T,0,0
7/8/2026,3:19:35 PM,SPXW,ML/,52,3.1385,,CALL,7480,0,16320,7/8/2026,WHITE,0,0,F,INDEX,,F,T,0,0
7/8/2026,3:19:52 PM,SPXW,BLOCK,81,3.0123,,CALL,7480,0,24400,7/8/2026,WHITE,0,0,F,INDEX,,F,T,0,0
7/8/2026,3:20:15 PM,SPXW,ML/,70,3.4766,,CALL,7480,0,24336,7/8/2026,WHITE,0,0,F,INDEX,,F,T,0,0
7/8/2026,3:20:27 PM,SPXW,BLOCK,63,3.5032,,CALL,7480,0,22070,7/8/2026,WHITE,0,0,F,INDEX,,F,T,0,0
7/8/2026,3:20:58 PM,SPXW,ML/,53,3.5525,,CALL,7480,0,18828,7/8/2026,WHITE,0,0,F,INDEX,,F,T,0,0
7/8/2026,3:21:09 PM,SPXW,ML/,61,3.4716,,CALL,7480,0,21177,7/8/2026,WHITE,0,0,F,INDEX,,F,T,0,0
7/8/2026,3:21:15 PM,SPXW,BLOCK,90,3.5,,CALL,7480,0,31500,7/8/2026,WHITE,0,0,F,INDEX,,F,T,0,0
7/8/2026,3:21:28 PM,SPXW,ML/,56,3.9254,,CALL,7480,0,21982,7/8/2026,WHITE,0,0,F,INDEX,,F,T,0,0
7/8/2026,3:21:30 PM,SPXW,ML/,229,4.2288,,CALL,7480,0,96839,7/8/2026,WHITE,0,0,F,INDEX,,F,T,0,0
7/8/2026,3:21:38 PM,SPXW,BLOCK,83,4.3265,,CALL,7480,0,35910,7/8/2026,WHITE,0,0,F,INDEX,,F,T,0,0
7/8/2026,3:21:40 PM,SPXW,ML/,148,4.5254,,CALL,7480,0,66976,7/8/2026,WHITE,0,0,F,INDEX,,F,T,0,0
7/8/2026,3:22:56 PM,SPXW,ML/,63,3.236,,CALL,7480,0,20387,7/8/2026,WHITE,0,0,F,INDEX,,F,T,0,0
7/8/2026,3:23:09 PM,SPXW,ML/,53,3.1079,,CALL,7480,0,16472,7/8/2026,WHITE,0,0,F,INDEX,,F,T,0,0
7/8/2026,3:25:05 PM,SPXW,ML/,78,3.5136,,CALL,7480,0,27406,7/8/2026,WHITE,0,0,F,INDEX,,F,T,0,0
7/8/2026,3:26:07 PM,SPXW,ML/,114,3.145,,CALL,7480,0,35853,7/8/2026,WHITE,0,0,F,INDEX,,F,T,0,0
7/8/2026,3:26:24 PM,SPXW,BLOCK,106,3.3991,,CALL,7480,0,36029,7/8/2026,WHITE,0,0,F,INDEX,,F,T,0,0
7/8/2026,3:27:46 PM,SPXW,ML/,86,3.6437,,CALL,7480,0,31336,7/8/2026,WHITE,0,0,F,INDEX,,F,T,0,0
7/8/2026,3:28:23 PM,SPXW,ML/,87,3.0464,,CALL,7480,0,26504,7/8/2026,WHITE,0,0,F,INDEX,,F,T,0,0
7/8/2026,3:28:24 PM,SPXW,ML/,90,2.9097,,CALL,7480,0,26187,7/8/2026,WHITE,0,0,F,INDEX,,F,T,0,0
7/8/2026,3:28:25 PM,SPXW,ML/,50,2.8668,,CALL,7480,0,14334,7/8/2026,WHITE,0,0,F,INDEX,,F,T,0,0
7/8/2026,3:29:09 PM,SPXW,ML/,129,3.2913,,CALL,7480,0,42458,7/8/2026,WHITE,0,0,F,INDEX,,F,T,0,0
7/8/2026,3:29:17 PM,SPXW,ML/,89,3.6054,,CALL,7480,0,32088,7/8/2026,WHITE,0,0,F,INDEX,,F,T,0,0
7/8/2026,3:29:22 PM,SPXW,ML/,58,3.6221,,CALL,7480,0,21008,7/8/2026,WHITE,0,0,F,INDEX,,F,T,0,0
7/8/2026,3:29:26 PM,SPXW,ML/,137,3.8339,,CALL,7480,0,52525,7/8/2026,WHITE,0,0,F,INDEX,,F,T,0,0
7/8/2026,3:29:31 PM,SPXW,ML/,183,4.3338,,CALL,7480,0,79309,7/8/2026,WHITE,0,0,F,INDEX,,F,T,0,0
7/8/2026,3:29:38 PM,SPXW,ML/,233,4.1235,,CALL,7480,0,96078,7/8/2026,WHITE,0,0,F,INDEX,,F,T,0,0
7/8/2026,3:30:02 PM,SPXW,ML/,336,4.1049,,CALL,7480,0,137925,7/8/2026,WHITE,0,0,F,INDEX,,F,T,0,0
7/8/2026,3:30:25 PM,SPXW,ML/,132,3.5539,,CALL,7480,0,46911,7/8/2026,WHITE,0,0,F,INDEX,,F,T,0,0
7/8/2026,3:30:45 PM,SPXW,ML/,72,3.1444,,CALL,7480,0,22640,7/8/2026,WHITE,0,0,F,INDEX,,F,T,0,0
7/8/2026,3:31:04 PM,SPXW,ML/,120,2.8796,,CALL,7480,0,34555,7/8/2026,WHITE,0,0,F,INDEX,,F,T,0,0
7/8/2026,3:31:15 PM,SPXW,ML/,139,2.636,,CALL,7480,0,36640,7/8/2026,WHITE,0,0,F,INDEX,,F,T,0,0
7/8/2026,3:31:22 PM,SPXW,BLOCK,70,2.5686,,CALL,7480,0,17980,7/8/2026,WHITE,0,0,F,INDEX,,F,T,0,0
7/8/2026,3:31:27 PM,SPXW,ML/,91,2.7438,,CALL,7480,0,24969,7/8/2026,WHITE,0,0,F,INDEX,,F,T,0,0
7/8/2026,3:31:36 PM,SPXW,ML/,69,2.8884,,CALL,7480,0,19930,7/8/2026,WHITE,0,0,F,INDEX,,F,T,0,0
7/8/2026,3:32:22 PM,SPXW,ML/,74,3.1181,,CALL,7480,0,23074,7/8/2026,WHITE,0,0,F,INDEX,,F,T,0,0
7/8/2026,3:32:55 PM,SPXW,ML/,58,2.7295,,CALL,7480,0,15831,7/8/2026,WHITE,0,0,F,INDEX,,F,T,0,0
7/8/2026,3:33:04 PM,SPXW,ML/,97,2.5177,,CALL,7480,0,24422,7/8/2026,WHITE,0,0,F,INDEX,,F,T,0,0
7/8/2026,3:33:08 PM,SPXW,ML/,164,2.3595,,CALL,7480,0,38696,7/8/2026,WHITE,0,0,F,INDEX,,F,T,0,0
7/8/2026,3:33:51 PM,SPXW,ML/,54,2.392,,CALL,7480,0,12916,7/8/2026,WHITE,0,0,F,INDEX,,F,T,0,0
7/8/2026,3:34:04 PM,SPXW,ML/,51,2.3194,,CALL,7480,0,11829,7/8/2026,WHITE,0,0,F,INDEX,,F,T,0,0
7/8/2026,3:34:07 PM,SPXW,ML/,76,2.53,,CALL,7480,0,19228,7/8/2026,WHITE,0,0,F,INDEX,,F,T,0,0
7/8/2026,3:35:00 PM,SPXW,ML/,58,2.3247,,CALL,7480,0,13483,7/8/2026,WHITE,0,0,F,INDEX,,F,T,0,0
7/8/2026,3:35:04 PM,SPXW,ML/,118,2.5258,,CALL,7480,0,29804,7/8/2026,WHITE,0,0,F,INDEX,,F,T,0,0
7/8/2026,3:35:36 PM,SPXW,ML/,56,2.4691,,CALL,7480,0,13827,7/8/2026,WHITE,0,0,F,INDEX,,F,T,0,0
7/8/2026,3:36:14 PM,SPXW,ML/,238,2.7478,,CALL,7480,0,65397,7/8/2026,WHITE,0,0,F,INDEX,,F,T,0,0
7/8/2026,3:36:20 PM,SPXW,BLOCK,229,2.8753,,CALL,7480,0,65845,7/8/2026,WHITE,0,0,F,INDEX,,F,T,0,0
7/8/2026,3:36:40 PM,SPXW,ML/,144,3.2201,,CALL,7480,0,46370,7/8/2026,WHITE,0,0,F,INDEX,,F,T,0,0
7/8/2026,3:36:49 PM,SPXW,BLOCK,65,3.4277,,CALL,7480,0,22280,7/8/2026,WHITE,0,0,F,INDEX,,F,T,0,0
7/8/2026,3:36:54 PM,SPXW,ML/,191,3.9009,,CALL,7480,0,74507,7/8/2026,WHITE,0,0,F,INDEX,,F,T,0,0
7/8/2026,3:36:57 PM,SPXW,ML/,172,3.8166,,CALL,7480,0,65645,7/8/2026,WHITE,0,0,F,INDEX,,F,T,0,0
7/8/2026,3:37:05 PM,SPXW,ML/,69,3.7625,,CALL,7480,0,25961,7/8/2026,WHITE,0,0,F,INDEX,,F,T,0,0
7/8/2026,3:37:10 PM,SPXW,ML/,132,3.8886,,CALL,7480,0,51329,7/8/2026,WHITE,0,0,F,INDEX,,F,T,0,0
7/8/2026,3:37:20 PM,SPXW,ML/,50,3.959,,CALL,7480,0,19795,7/8/2026,WHITE,0,0,F,INDEX,,F,T,0,0
7/8/2026,3:37:53 PM,SPXW,ML/,71,3.9928,,CALL,7480,0,28349,7/8/2026,WHITE,0,0,F,INDEX,,F,T,0,0
7/8/2026,3:38:10 PM,SPXW,ML/,73,4.1263,,CALL,7480,0,30121,7/8/2026,WHITE,0,0,F,INDEX,,F,T,0,0
7/8/2026,3:38:15 PM,SPXW,ML/,270,3.6789,,CALL,7480,0,99330,7/8/2026,WHITE,0,0,F,INDEX,,F,T,0,0
7/8/2026,3:38:54 PM,SPXW,ML/,53,3.2015,,CALL,7480,0,16968,7/8/2026,WHITE,0,0,F,INDEX,,F,T,0,0
7/8/2026,3:39:55 PM,SPXW,ML/,65,3.4463,,CALL,7480,0,22401,7/8/2026,WHITE,0,0,F,INDEX,,F,T,0,0
7/8/2026,3:40:43 PM,SPXW,ML/,103,2.9463,,CALL,7480,0,30347,7/8/2026,WHITE,0,0,F,INDEX,,F,T,0,0
7/8/2026,3:40:45 PM,SPXW,ML/,58,2.7234,,CALL,7480,0,15796,7/8/2026,WHITE,0,0,F,INDEX,,F,T,0,0
7/8/2026,3:40:48 PM,SPXW,ML/,67,2.7022,,CALL,7480,0,18105,7/8/2026,WHITE,0,0,F,INDEX,,F,T,0,0
7/8/2026,3:41:04 PM,SPXW,ML/,129,2.232,,CALL,7480,0,28793,7/8/2026,WHITE,0,0,F,INDEX,,F,T,0,0
7/8/2026,3:41:12 PM,SPXW,ML/,330,2.0437,,CALL,7480,0,67441,7/8/2026,WHITE,0,0,F,INDEX,,F,T,0,0
7/8/2026,3:41:19 PM,SPXW,ML/,209,2.2032,,CALL,7480,0,46046,7/8/2026,WHITE,0,0,F,INDEX,,F,T,0,0
7/8/2026,3:41:24 PM,SPXW,ML/,79,2.3729,,CALL,7480,0,18746,7/8/2026,WHITE,0,0,F,INDEX,,F,T,0,0
7/8/2026,3:41:38 PM,SPXW,ML/,98,2.4839,,CALL,7480,0,24342,7/8/2026,WHITE,0,0,F,INDEX,,F,T,0,0
7/8/2026,3:41:53 PM,SPXW,ML/,98,2.5222,,CALL,7480,0,24718,7/8/2026,WHITE,0,0,F,INDEX,,F,T,0,0
7/8/2026,3:42:34 PM,SPXW,ML/,64,2.4153,,CALL,7480,0,15457,7/8/2026,WHITE,0,0,F,INDEX,,F,T,0,0
7/8/2026,3:42:51 PM,SPXW,ML/,81,2.2504,,CALL,7480,0,18228,7/8/2026,WHITE,0,0,F,INDEX,,F,T,0,0
7/8/2026,3:43:00 PM,SPXW,ML/,56,2.5636,,CALL,7480,0,14356,7/8/2026,WHITE,0,0,F,INDEX,,F,T,0,0
7/8/2026,3:43:02 PM,SPXW,BLOCK,89,2.4921,,CALL,7480,0,22180,7/8/2026,WHITE,0,0,F,INDEX,,F,T,0,0
7/8/2026,3:43:08 PM,SPXW,ML/,69,2.2981,,CALL,7480,0,15857,7/8/2026,WHITE,0,0,F,INDEX,,F,T,0,0
7/8/2026,3:43:15 PM,SPXW,ML/,50,2.4228,,CALL,7480,0,12114,7/8/2026,WHITE,0,0,F,INDEX,,F,T,0,0
7/8/2026,3:43:29 PM,SPXW,ML/,80,2.4991,,CALL,7480,0,19993,7/8/2026,WHITE,0,0,F,INDEX,,F,T,0,0
7/8/2026,3:43:33 PM,SPXW,ML/,99,2.951,,CALL,7480,0,29214,7/8/2026,WHITE,0,0,F,INDEX,,F,T,0,0
7/8/2026,3:43:38 PM,SPXW,ML/,99,2.6214,,CALL,7480,0,25952,7/8/2026,WHITE,0,0,F,INDEX,,F,T,0,0
7/8/2026,3:43:48 PM,SPXW,BLOCK,94,2.7979,,CALL,7480,0,26300,7/8/2026,WHITE,0,0,F,INDEX,,F,T,0,0
7/8/2026,3:43:53 PM,SPXW,ML/,94,2.8504,,CALL,7480,0,26794,7/8/2026,WHITE,0,0,F,INDEX,,F,T,0,0
7/8/2026,3:43:59 PM,SPXW,ML/,128,2.9366,,CALL,7480,0,37589,7/8/2026,WHITE,0,0,F,INDEX,,F,T,0,0
7/8/2026,3:44:03 PM,SPXW,ML/,195,2.9277,,CALL,7480,0,57091,7/8/2026,WHITE,0,0,F,INDEX,,F,T,0,0
7/8/2026,3:44:09 PM,SPXW,BLOCK,94,2.9101,,CALL,7480,0,27355,7/8/2026,WHITE,0,0,F,INDEX,,F,T,0,0
7/8/2026,3:44:23 PM,SPXW,ML/,75,2.9883,,CALL,7480,0,22412,7/8/2026,WHITE,0,0,F,INDEX,,F,T,0,0
7/8/2026,3:44:29 PM,SPXW,ML/,54,2.9739,,CALL,7480,0,16059,7/8/2026,WHITE,0,0,F,INDEX,,F,T,0,0
7/8/2026,3:44:40 PM,SPXW,ML/,164,3.3,,CALL,7480,0,54120,7/8/2026,WHITE,0,0,F,INDEX,,F,T,0,0
7/8/2026,3:44:46 PM,SPXW,ML/,86,3.533,,CALL,7480,0,30383,7/8/2026,WHITE,0,0,F,INDEX,,F,T,0,0
7/8/2026,3:44:51 PM,SPXW,ML/,178,3.4811,,CALL,7480,0,61963,7/8/2026,WHITE,0,0,F,INDEX,,F,T,0,0
7/8/2026,3:45:05 PM,SPXW,ML/,213,3.3425,,CALL,7480,0,71196,7/8/2026,WHITE,0,0,F,INDEX,,F,T,0,0
7/8/2026,3:45:21 PM,SPXW,ML/,54,2.7298,,CALL,7480,0,14741,7/8/2026,WHITE,0,0,F,INDEX,,F,T,0,0
7/8/2026,3:45:25 PM,SPXW,ML/,55,2.4213,,CALL,7480,0,13316,7/8/2026,WHITE,0,0,F,INDEX,,F,T,0,0
7/8/2026,3:45:28 PM,SPXW,ML/,113,2.1266,,CALL,7480,0,24031,7/8/2026,WHITE,0,0,F,INDEX,,F,T,0,0
7/8/2026,3:45:32 PM,SPXW,ML/,348,1.8622,,CALL,7480,0,64804,7/8/2026,WHITE,0,0,F,INDEX,,F,T,0,0
7/8/2026,3:45:42 PM,SPXW,ML/,155,1.7911,,CALL,7480,0,27762,7/8/2026,WHITE,0,0,F,INDEX,,F,T,0,0
7/8/2026,3:45:55 PM,SPXW,ML/,175,2.1198,,CALL,7480,0,37097,7/8/2026,WHITE,0,0,F,INDEX,,F,T,0,0
7/8/2026,3:46:01 PM,SPXW,ML/,51,2.2567,,CALL,7480,0,11509,7/8/2026,WHITE,0,0,F,INDEX,,F,T,0,0
7/8/2026,3:46:08 PM,SPXW,ML/,69,2.2897,,CALL,7480,0,15799,7/8/2026,WHITE,0,0,F,INDEX,,F,T,0,0
7/8/2026,3:46:27 PM,SPXW,ML/,190,2.2141,,CALL,7480,0,42067,7/8/2026,WHITE,0,0,F,INDEX,,F,T,0,0
7/8/2026,3:46:35 PM,SPXW,ML/,125,1.9724,,CALL,7480,0,24655,7/8/2026,WHITE,0,0,F,INDEX,,F,T,0,0
7/8/2026,3:46:37 PM,SPXW,ML/,242,1.7527,,CALL,7480,0,42415,7/8/2026,WHITE,0,0,F,INDEX,,F,T,0,0
7/8/2026,3:46:51 PM,SPXW,ML/,154,1.7432,,CALL,7480,0,26845,7/8/2026,WHITE,0,0,F,INDEX,,F,T,0,0
7/8/2026,3:46:57 PM,SPXW,ML/,351,1.6177,,CALL,7480,0,56781,7/8/2026,WHITE,0,0,F,INDEX,,F,T,0,0
7/8/2026,3:47:13 PM,SPXW,ML/,218,1.4737,,CALL,7480,0,32127,7/8/2026,WHITE,0,0,F,INDEX,,F,T,0,0
7/8/2026,3:47:18 PM,SPXW,ML/,629,1.2905,,CALL,7480,0,81174,7/8/2026,WHITE,0,0,F,INDEX,,F,T,0,0
7/8/2026,3:47:35 PM,SPXW,ML/,139,1.3185,,CALL,7480,0,18327,7/8/2026,WHITE,0,0,F,INDEX,,F,T,0,0
7/8/2026,3:47:41 PM,SPXW,ML/,87,1.368,,CALL,7480,0,11902,7/8/2026,WHITE,0,0,F,INDEX,,F,T,0,0
7/8/2026,3:47:45 PM,SPXW,ML/,359,1.1011,,CALL,7480,0,39529,7/8/2026,WHITE,0,0,F,INDEX,,F,T,0,0
7/8/2026,3:47:50 PM,SPXW,ML/,259,0.9444,,CALL,7480,0,24461,7/8/2026,WHITE,0,0,F,INDEX,,F,T,0,0
7/8/2026,3:48:01 PM,SPXW,ML/,146,0.956,,CALL,7480,0,13957,7/8/2026,WHITE,0,0,F,INDEX,,F,T,0,0
7/8/2026,3:48:15 PM,SPXW,ML/,91,1.1381,,CALL,7480,0,10357,7/8/2026,WHITE,0,0,F,INDEX,,F,T,0,0
7/8/2026,3:48:25 PM,SPXW,ML/,118,1.298,,CALL,7480,0,15316,7/8/2026,WHITE,0,0,F,INDEX,,F,T,0,0
7/8/2026,3:48:38 PM,SPXW,ML/,376,1.5295,,CALL,7480,0,57509,7/8/2026,WHITE,0,0,F,INDEX,,F,T,0,0
7/8/2026,3:48:54 PM,SPXW,ML/,168,1.3701,,CALL,7480,0,23017,7/8/2026,WHITE,0,0,F,INDEX,,F,T,0,0
7/8/2026,3:49:07 PM,SPXW,ML/,142,1.338,,CALL,7480,0,19000,7/8/2026,WHITE,0,0,F,INDEX,,F,T,0,0
7/8/2026,3:49:20 PM,SPXW,BLOCK,101,1.4277,,CALL,7480,0,14419,7/8/2026,WHITE,0,0,F,INDEX,,F,T,0,0
7/8/2026,3:49:34 PM,SPXW,ML/,86,1.7616,,CALL,7480,0,15150,7/8/2026,WHITE,0,0,F,INDEX,,F,T,0,0
7/8/2026,3:49:41 PM,SPXW,ML/,61,1.7915,,CALL,7480,0,10928,7/8/2026,WHITE,0,0,F,INDEX,,F,T,0,0
7/8/2026,3:49:44 PM,SPXW,ML/,132,1.7678,,CALL,7480,0,23335,7/8/2026,WHITE,0,0,F,INDEX,,F,T,0,0
7/8/2026,3:49:48 PM,SPXW,ML/,162,1.4911,,CALL,7480,0,24156,7/8/2026,WHITE,0,0,F,INDEX,,F,T,0,0
7/8/2026,3:49:59 PM,SPXW,ML/,335,1.2669,,CALL,7480,0,42441,7/8/2026,WHITE,0,0,F,INDEX,,F,T,0,0
7/8/2026,3:50:08 PM,SPXW,ML/,647,1.8592,,CALL,7480,0,120292,7/8/2026,WHITE,0,0,F,INDEX,,F,T,0,0
7/8/2026,3:50:26 PM,SPXW,ML/,1524,1.9795,,CALL,7480,0,301675,7/8/2026,WHITE,0,0,F,INDEX,,F,T,0,0
7/8/2026,3:51:08 PM,SPXW,ML/,265,1.8476,,CALL,7480,0,48962,7/8/2026,WHITE,0,0,F,INDEX,,F,T,0,0
7/8/2026,3:51:20 PM,SPXW,ML/,1395,2.7342,,CALL,7480,0,381423,7/8/2026,WHITE,0,0,F,INDEX,,F,T,0,0
7/8/2026,3:51:43 PM,SPXW,ML/,262,2.578,,CALL,7480,0,67543,7/8/2026,WHITE,0,0,F,INDEX,,F,T,0,0
7/8/2026,3:51:54 PM,SPXW,ML/,272,2.3651,,CALL,7480,0,64330,7/8/2026,WHITE,0,0,F,INDEX,,F,T,0,0
7/8/2026,3:52:10 PM,SPXW,ML/,78,2.0846,,CALL,7480,0,16260,7/8/2026,WHITE,0,0,F,INDEX,,F,T,0,0
7/8/2026,3:52:18 PM,SPXW,ML/,198,2.4197,,CALL,7480,0,47910,7/8/2026,WHITE,0,0,F,INDEX,,F,T,0,0
7/8/2026,3:52:23 PM,SPXW,ML/,112,2.3175,,CALL,7480,0,25956,7/8/2026,WHITE,0,0,F,INDEX,,F,T,0,0
7/8/2026,3:52:31 PM,SPXW,ML/,104,2.6113,,CALL,7480,0,27158,7/8/2026,WHITE,0,0,F,INDEX,,F,T,0,0
7/8/2026,3:52:36 PM,SPXW,ML/,213,2.815,,CALL,7480,0,59960,7/8/2026,WHITE,0,0,F,INDEX,,F,T,0,0
7/8/2026,3:52:42 PM,SPXW,ML/,341,2.7857,,CALL,7480,0,94992,7/8/2026,WHITE,0,0,F,INDEX,,F,T,0,0
7/8/2026,3:52:57 PM,SPXW,ML/,266,2.8989,,CALL,7480,0,77112,7/8/2026,WHITE,0,0,F,INDEX,,F,T,0,0
7/8/2026,3:53:07 PM,SPXW,ML/,1130,3.476,,CALL,7480,0,392790,7/8/2026,WHITE,0,0,F,INDEX,,F,T,0,0
7/8/2026,3:53:35 PM,SPXW,ML/,411,3.7466,,CALL,7480,0,153987,7/8/2026,WHITE,0,0,F,INDEX,,F,T,0,0
7/8/2026,3:53:50 PM,SPXW,ML/,123,3.344,,CALL,7480,0,41131,7/8/2026,WHITE,0,0,F,INDEX,,F,T,0,0
7/8/2026,3:54:00 PM,SPXW,ML/,558,3.8004,,CALL,7480,0,212065,7/8/2026,WHITE,0,0,F,INDEX,,F,T,0,0
7/8/2026,3:54:12 PM,SPXW,ML/,67,3.6752,,CALL,7480,0,24624,7/8/2026,WHITE,0,0,F,INDEX,,F,T,0,0
7/8/2026,3:54:18 PM,SPXW,ML/,50,3.9132,,CALL,7480,0,19566,7/8/2026,WHITE,0,0,F,INDEX,,F,T,0,0
7/8/2026,3:54:26 PM,SPXW,ML/,50,3.7342,,CALL,7480,0,18671,7/8/2026,WHITE,0,0,F,INDEX,,F,T,0,0
7/8/2026,3:54:34 PM,SPXW,ML/,77,3.6762,,CALL,7480,0,28307,7/8/2026,WHITE,0,0,F,INDEX,,F,T,0,0
7/8/2026,3:54:39 PM,SPXW,ML/,176,4.2603,,CALL,7480,0,74981,7/8/2026,WHITE,0,0,F,INDEX,,F,T,0,0
7/8/2026,3:54:47 PM,SPXW,ML/,224,4.4162,,CALL,7480,0,98923,7/8/2026,WHITE,0,0,F,INDEX,,F,T,0,0
7/8/2026,3:55:00 PM,SPXW,ML/,756,4.8243,,CALL,7480,0,364714,7/8/2026,WHITE,0,0,F,INDEX,,F,T,0,0
7/8/2026,3:55:14 PM,SPXW,ML/,73,4.8075,,CALL,7480,0,35095,7/8/2026,WHITE,0,0,F,INDEX,,F,T,0,0
7/8/2026,3:55:18 PM,SPXW,ML/,75,3.8479,,CALL,7480,0,28858,7/8/2026,WHITE,0,0,F,INDEX,,F,T,0,0
7/8/2026,3:55:21 PM,SPXW,ML/,85,3.8128,,CALL,7480,0,32408,7/8/2026,WHITE,0,0,F,INDEX,,F,T,0,0
7/8/2026,3:55:28 PM,SPXW,ML/,54,3.4483,,CALL,7480,0,18621,7/8/2026,WHITE,0,0,F,INDEX,,F,T,0,0
7/8/2026,3:55:41 PM,SPXW,ML/,103,4.378,,CALL,7480,0,45093,7/8/2026,WHITE,0,0,F,INDEX,,F,T,0,0
7/8/2026,3:55:49 PM,SPXW,ML/,67,4.4487,,CALL,7480,0,29806,7/8/2026,WHITE,0,0,F,INDEX,,F,T,0,0
7/8/2026,3:56:09 PM,SPXW,ML/,67,3.6454,,CALL,7480,0,24424,7/8/2026,WHITE,0,0,F,INDEX,,F,T,0,0
7/8/2026,3:56:15 PM,SPXW,ML/,132,2.9434,,CALL,7480,0,38853,7/8/2026,WHITE,0,0,F,INDEX,,F,T,0,0
7/8/2026,3:56:20 PM,SPXW,ML/,58,3.1924,,CALL,7480,0,18516,7/8/2026,WHITE,0,0,F,INDEX,,F,T,0,0
7/8/2026,3:56:22 PM,SPXW,BLOCK,50,3.196,,CALL,7480,0,15980,7/8/2026,WHITE,0,0,F,INDEX,,F,T,0,0
7/8/2026,3:56:24 PM,SPXW,ML/,132,3.5539,,CALL,7480,0,46912,7/8/2026,WHITE,0,0,F,INDEX,,F,T,0,0
7/8/2026,3:56:39 PM,SPXW,ML/,101,4.0906,,CALL,7480,0,41315,7/8/2026,WHITE,0,0,F,INDEX,,F,T,0,0
7/8/2026,3:56:45 PM,SPXW,ML/,119,4.418,,CALL,7480,0,52574,7/8/2026,WHITE,0,0,F,INDEX,,F,T,0,0
7/8/2026,3:56:53 PM,SPXW,ML/,65,4.4254,,CALL,7480,0,28765,7/8/2026,WHITE,0,0,F,INDEX,,F,T,0,0
7/8/2026,3:57:02 PM,SPXW,ML/,389,4.976,,CALL,7480,0,193565,7/8/2026,WHITE,0,0,F,INDEX,,F,T,0,0
7/8/2026,3:57:10 PM,SPXW,ML/,548,5.7913,,CALL,7480,0,317365,7/8/2026,WHITE,0,0,F,INDEX,,F,T,0,0
7/8/2026,3:57:23 PM,SPXW,ML/,85,6.2538,,CALL,7480,0,53157,7/8/2026,WHITE,0,0,F,INDEX,,F,T,0,0
7/8/2026,3:57:29 PM,SPXW,ML/,388,7.0801,,CALL,7480,0,274707,7/8/2026,WHITE,0,0,F,INDEX,,F,T,0,0
7/8/2026,3:57:40 PM,SPXW,ML/,62,7.0989,,CALL,7480,0,44013,7/8/2026,WHITE,0,0,F,INDEX,,F,T,0,0
7/8/2026,3:57:45 PM,SPXW,ML/,211,7.9491,,CALL,7480,0,167726,7/8/2026,WHITE,0,0,F,INDEX,,F,T,0,0
7/8/2026,3:57:57 PM,SPXW,ML/,94,7.1362,,CALL,7480,0,67080,7/8/2026,WHITE,0,0,F,INDEX,,F,T,0,0
7/8/2026,3:58:34 PM,SPXW,ML/,108,5.4062,,CALL,7480,0,58387,7/8/2026,WHITE,0,0,F,INDEX,,F,T,0,0
7/8/2026,3:58:46 PM,SPXW,ML/,508,6.7281,,CALL,7480,0,341787,7/8/2026,WHITE,0,0,F,INDEX,,F,T,0,0
7/8/2026,3:58:58 PM,SPXW,ML/,87,6.6386,,CALL,7480,0,57755,7/8/2026,WHITE,0,0,F,INDEX,,F,T,0,0
7/8/2026,3:59:11 PM,SPXW,ML/,240,5.2425,,CALL,7480,0,125820,7/8/2026,WHITE,0,0,F,INDEX,,F,T,0,0
7/8/2026,3:59:27 PM,SPXW,ML/,128,6.6144,,CALL,7480,0,84664,7/8/2026,WHITE,0,0,F,INDEX,,F,T,0,0
7/8/2026,3:59:30 PM,SPXW,ML/,131,5.2615,,CALL,7480,0,68926,7/8/2026,WHITE,0,0,F,INDEX,,F,T,0,0
7/8/2026,3:59:33 PM,SPXW,ML/,143,4.505,,CALL,7480,0,64422,7/8/2026,WHITE,0,0,F,INDEX,,F,T,0,0
7/8/2026,3:59:37 PM,SPXW,ML/,108,3.1756,,CALL,7480,0,34296,7/8/2026,WHITE,0,0,F,INDEX,,F,T,0,0
7/8/2026,3:59:54 PM,SPXW,ML/,79,3.047,,CALL,7480,0,24071,7/8/2026,WHITE,0,0,F,INDEX,,F,T,0,0
7/8/2026,11:00:01 AM,SPXW,ML/,50,3.65,,CALL,7600,0,18250,7/14/2026,WHITE,0,6,F,INDEX,,F,T,0,0
7/8/2026,10:05:46 AM,SPXW,ML/,56,27.33,,PUT,7450,0,153048,7/10/2026,WHITE,0,2,F,INDEX,,F,T,0,0
7/8/2026,10:55:22 AM,SPXW,BLOCK,100,37.8,,PUT,7450,0,378000,7/10/2026,WHITE,0,2,F,INDEX,,F,T,0,0
7/8/2026,10:57:19 AM,SPXW,BLOCK,60,38.9,,PUT,7450,0,233400,7/10/2026,WHITE,0,2,F,INDEX,,F,T,0,0
7/8/2026,11:52:04 AM,SPXW,ML/,100,45.8,,PUT,7450,0,458000,7/10/2026,WHITE,0,2,F,INDEX,,F,T,0,0
7/8/2026,2:13:31 PM,SPXW,ML/,50,20.52,,PUT,7450,0,102600,7/10/2026,WHITE,0,2,F,INDEX,,F,T,0,0
7/8/2026,2:21:42 PM,SPXW,ML/,55,21.73,,PUT,7450,0,119515,7/10/2026,WHITE,0,2,F,INDEX,,F,T,0,0
7/8/2026,10:22:35 AM,SPXW,ML/,50,14.86,,PUT,7240,0,74300,7/17/2026,WHITE,0,9,F,INDEX,,F,F,0,0
7/8/2026,10:22:35 AM,SPXW,ML/,50,15.77,,PUT,7250,0,78850,7/17/2026,WHITE,0,9,F,INDEX,,F,F,0,0
7/8/2026,10:23:08 AM,SPXW,ML/,125,1.188,,PUT,5800,0,14850,7/24/2026,WHITE,0,16,F,INDEX,,F,T,0,0
7/8/2026,11:33:29 AM,SPXW,ML/,72,1.42,,PUT,5800,0,10224,7/24/2026,WHITE,0,16,F,INDEX,,F,T,0,0
7/8/2026,3:18:41 PM,SPXW,BLOCK,100,30.5,,CALL,7480,0,305000,7/10/2026,WHITE,0,2,F,INDEX,,F,T,0,0
7/8/2026,10:05:42 AM,SPXW,ML/,100,2.839,,CALL,7750,0,28389,7/24/2026,WHITE,0,16,F,INDEX,,F,T,0,0
7/8/2026,9:33:07 AM,SPXW,ML/,99,28.5,,CALL,7450,0,282150,7/8/2026,WHITE,0,0,F,INDEX,,F,T,0,0
7/8/2026,9:37:47 AM,SPXW,ML/,75,28.6236,,CALL,7450,0,214677,7/8/2026,WHITE,0,0,F,INDEX,,F,T,0,0
7/8/2026,9:55:30 AM,SPXW,ML/,210,24.3606,,CALL,7450,0,511572,7/8/2026,WHITE,0,0,F,INDEX,,F,T,0,0
7/8/2026,10:36:51 AM,SPXW,ML/,55,18.1018,,CALL,7450,0,99560,7/8/2026,WHITE,0,0,F,INDEX,,F,T,0,0
7/8/2026,10:37:05 AM,SPXW,ML/,83,18.2878,,CALL,7450,0,151789,7/8/2026,WHITE,0,0,F,INDEX,,F,T,0,0
7/8/2026,10:39:55 AM,SPXW,ML/,100,16.87,,CALL,7450,0,168700,7/8/2026,WHITE,0,0,F,INDEX,,F,T,0,0
7/8/2026,10:41:45 AM,SPXW,BLOCK,93,17.5634,,CALL,7450,0,163340,7/8/2026,WHITE,0,0,F,INDEX,,F,T,0,0
7/8/2026,10:49:58 AM,SPXW,ML/,65,11.5515,,CALL,7450,0,75085,7/8/2026,WHITE,0,0,F,INDEX,,F,T,0,0
7/8/2026,10:52:34 AM,SPXW,ML/,113,14.1912,,CALL,7450,0,160360,7/8/2026,WHITE,0,0,F,INDEX,,F,T,0,0
7/8/2026,10:53:46 AM,SPXW,ML/,245,17.1302,,CALL,7450,0,419689,7/8/2026,WHITE,0,0,F,INDEX,,F,T,0,0
7/8/2026,10:53:53 AM,SPXW,ML/,99,17.1276,,CALL,7450,0,169563,7/8/2026,WHITE,0,0,F,INDEX,,F,T,0,0
7/8/2026,10:54:02 AM,SPXW,ML/,107,16.2872,,CALL,7450,0,174273,7/8/2026,WHITE,0,0,F,INDEX,,F,T,0,0
7/8/2026,10:54:13 AM,SPXW,ML/,81,15.4669,,CALL,7450,0,125282,7/8/2026,WHITE,0,0,F,INDEX,,F,T,0,0
7/8/2026,10:54:47 AM,SPXW,ML/,179,16.5486,,CALL,7450,0,296220,7/8/2026,WHITE,0,0,F,INDEX,,F,T,0,0
7/8/2026,10:55:54 AM,SPXW,BLOCK,109,15.989,,CALL,7450,0,174280,7/8/2026,WHITE,0,0,F,INDEX,,F,T,0,0
7/8/2026,10:56:17 AM,SPXW,BLOCK,124,17.6879,,CALL,7450,0,219330,7/8/2026,WHITE,0,0,F,INDEX,,F,T,0,0
7/8/2026,10:57:22 AM,SPXW,ML/,76,13.5271,,CALL,7450,0,102806,7/8/2026,WHITE,0,0,F,INDEX,,F,T,0,0
7/8/2026,11:02:00 AM,SPXW,ML/,58,12.0131,,CALL,7450,0,69676,7/8/2026,WHITE,0,0,F,INDEX,,F,T,0,0
7/8/2026,11:14:18 AM,SPXW,ML/,71,9.9911,,CALL,7450,0,70937,7/8/2026,WHITE,0,0,F,INDEX,,F,T,0,0
7/8/2026,11:14:35 AM,SPXW,ML/,55,9.7636,,CALL,7450,0,53700,7/8/2026,WHITE,0,0,F,INDEX,,F,T,0,0
7/8/2026,11:16:10 AM,SPXW,ML/,372,8.6893,,CALL,7450,0,323242,7/8/2026,WHITE,0,0,F,INDEX,,F,T,0,0
7/8/2026,11:16:59 AM,SPXW,ML/,251,8.6984,,CALL,7450,0,218329,7/8/2026,WHITE,0,0,F,INDEX,,F,T,0,0
7/8/2026,11:18:59 AM,SPXW,ML/,316,9.2756,,CALL,7450,0,293110,7/8/2026,WHITE,0,0,F,INDEX,,F,T,0,0
7/8/2026,11:20:40 AM,SPXW,ML/,102,10.75,,CALL,7450,0,109650,7/8/2026,WHITE,0,0,F,INDEX,,F,T,0,0
7/8/2026,11:22:05 AM,SPXW,ML/,120,8.8079,,CALL,7450,0,105694,7/8/2026,WHITE,0,0,F,INDEX,,F,T,0,0
7/8/2026,11:24:00 AM,SPXW,ML/,71,7.0339,,CALL,7450,0,49941,7/8/2026,WHITE,0,0,F,INDEX,,F,T,0,0
7/8/2026,11:26:12 AM,SPXW,ML/,54,6.0276,,CALL,7450,0,32549,7/8/2026,WHITE,0,0,F,INDEX,,F,T,0,0
7/8/2026,11:26:51 AM,SPXW,BLOCK,53,5.9981,,CALL,7450,0,31789,7/8/2026,WHITE,0,0,F,INDEX,,F,T,0,0
7/8/2026,11:27:47 AM,SPXW,ML/,173,6.084,,CALL,7450,0,105253,7/8/2026,WHITE,0,0,F,INDEX,,F,T,0,0
7/8/2026,11:29:36 AM,SPXW,ML/,50,6.3028,,CALL,7450,0,31514,7/8/2026,WHITE,0,0,F,INDEX,,F,T,0,0
7/8/2026,11:30:23 AM,SPXW,ML/,54,5.5628,,CALL,7450,0,30039,7/8/2026,WHITE,0,0,F,INDEX,,F,T,0,0
7/8/2026,11:33:44 AM,SPXW,BLOCK,55,7.6873,,CALL,7450,0,42280,7/8/2026,WHITE,0,0,F,INDEX,,F,T,0,0
7/8/2026,11:34:13 AM,SPXW,SWEEP,101,7.499,A,CALL,7450,0,75740,7/8/2026,WHITE,0,0,F,INDEX,,F,T,0,0
7/8/2026,11:34:55 AM,SPXW,BLOCK,51,7.698,,CALL,7450,0,39260,7/8/2026,WHITE,0,0,F,INDEX,,F,T,0,0
7/8/2026,11:36:18 AM,SPXW,ML/,106,7.7736,,CALL,7450,0,82400,7/8/2026,WHITE,0,0,F,INDEX,,F,T,0,0
7/8/2026,11:36:58 AM,SPXW,ML/,104,8.8854,,CALL,7450,0,92408,7/8/2026,WHITE,0,0,F,INDEX,,F,T,0,0
7/8/2026,11:37:59 AM,SPXW,ML/,55,8.6415,,CALL,7450,0,47528,7/8/2026,WHITE,0,0,F,INDEX,,F,T,0,0
7/8/2026,11:38:59 AM,SPXW,BLOCK,57,8.4088,,CALL,7450,0,47930,7/8/2026,WHITE,0,0,F,INDEX,,F,T,0,0
7/8/2026,11:40:53 AM,SPXW,BLOCK,59,8.822,,CALL,7450,0,52050,7/8/2026,WHITE,0,0,F,INDEX,,F,T,0,0
7/8/2026,11:43:19 AM,SPXW,ML/,160,8.44,,CALL,7450,0,135040,7/8/2026,WHITE,0,0,F,INDEX,,F,T,0,0
7/8/2026,11:43:42 AM,SPXW,ML/,100,7.43,,CALL,7450,0,74300,7/8/2026,WHITE,0,0,F,INDEX,,F,T,0,0
7/8/2026,11:45:01 AM,SPXW,ML/,71,7.5885,,CALL,7450,0,53878,7/8/2026,WHITE,0,0,F,INDEX,,F,T,0,0
7/8/2026,11:52:59 AM,SPXW,ML/,100,5.8296,,CALL,7450,0,58296,7/8/2026,WHITE,0,0,F,INDEX,,F,T,0,0
7/8/2026,11:54:50 AM,SPXW,BLOCK,71,6.3,,CALL,7450,0,44730,7/8/2026,WHITE,0,0,F,INDEX,,F,T,0,0
7/8/2026,11:56:27 AM,SPXW,ML/,137,6.2957,,CALL,7450,0,86251,7/8/2026,WHITE,0,0,F,INDEX,,F,T,0,0
7/8/2026,11:56:40 AM,SPXW,ML/,76,6.1507,,CALL,7450,0,46745,7/8/2026,WHITE,0,0,F,INDEX,,F,T,0,0
7/8/2026,11:56:52 AM,SPXW,ML/,403,6.178,,CALL,7450,0,248973,7/8/2026,WHITE,0,0,F,INDEX,,F,T,0,0
7/8/2026,12:00:27 PM,SPXW,ML/,126,8.3264,,CALL,7450,0,104913,7/8/2026,WHITE,0,0,F,INDEX,,F,T,0,0
7/8/2026,12:00:36 PM,SPXW,BLOCK,51,8.5059,,CALL,7450,0,43380,7/8/2026,WHITE,0,0,F,INDEX,,F,T,0,0
7/8/2026,12:00:41 PM,SPXW,ML/,55,8.7425,,CALL,7450,0,48084,7/8/2026,WHITE,0,0,F,INDEX,,F,T,0,0
7/8/2026,12:01:11 PM,SPXW,BLOCK,51,8.8,,CALL,7450,0,44880,7/8/2026,WHITE,0,0,F,INDEX,,F,T,0,0
7/8/2026,12:01:12 PM,SPXW,BLOCK,55,8.7982,,CALL,7450,0,48390,7/8/2026,WHITE,0,0,F,INDEX,,F,T,0,0
7/8/2026,12:02:18 PM,SPXW,ML/,100,8.85,,CALL,7450,0,88500,7/8/2026,WHITE,0,0,F,INDEX,,F,T,0,0
7/8/2026,12:03:51 PM,SPXW,BLOCK,102,8.8,,CALL,7450,0,89760,7/8/2026,WHITE,0,0,F,INDEX,,F,T,0,0
7/8/2026,12:05:31 PM,SPXW,ML/,52,10.1177,,CALL,7450,0,52612,7/8/2026,WHITE,0,0,F,INDEX,,F,T,0,0
7/8/2026,12:05:34 PM,SPXW,ML/,116,10.5132,,CALL,7450,0,121953,7/8/2026,WHITE,0,0,F,INDEX,,F,T,0,0
7/8/2026,12:05:59 PM,SPXW,ML/,52,10.3317,,CALL,7450,0,53725,7/8/2026,WHITE,0,0,F,INDEX,,F,T,0,0
7/8/2026,12:07:30 PM,SPXW,ML/,101,9.8,,CALL,7450,0,98980,7/8/2026,WHITE,0,0,F,INDEX,,F,T,0,0
7/8/2026,12:08:18 PM,SPXW,ML/,74,9.0426,,CALL,7450,0,66915,7/8/2026,WHITE,0,0,F,INDEX,,F,T,0,0
7/8/2026,12:10:04 PM,SPXW,ML/,55,11.1353,,CALL,7450,0,61244,7/8/2026,WHITE,0,0,F,INDEX,,F,T,0,0
7/8/2026,12:10:25 PM,SPXW,ML/,77,12.0845,,CALL,7450,0,93051,7/8/2026,WHITE,0,0,F,INDEX,,F,T,0,0
7/8/2026,12:10:33 PM,SPXW,ML/,88,11.8265,,CALL,7450,0,104073,7/8/2026,WHITE,0,0,F,INDEX,,F,T,0,0
7/8/2026,12:11:02 PM,SPXW,ML/,67,12.3567,,CALL,7450,0,82790,7/8/2026,WHITE,0,0,F,INDEX,,F,T,0,0
7/8/2026,12:11:05 PM,SPXW,ML/,53,12.7172,,CALL,7450,0,67401,7/8/2026,WHITE,0,0,F,INDEX,,F,T,0,0
7/8/2026,12:11:23 PM,SPXW,ML/,93,13.3905,,CALL,7450,0,124532,7/8/2026,WHITE,0,0,F,INDEX,,F,T,0,0
7/8/2026,12:12:42 PM,SPXW,ML/,153,13.0007,,CALL,7450,0,198910,7/8/2026,WHITE,0,0,F,INDEX,,F,T,0,0
7/8/2026,12:13:10 PM,SPXW,BLOCK,55,12.5818,,CALL,7450,0,69200,7/8/2026,WHITE,0,0,F,INDEX,,F,T,0,0
7/8/2026,12:14:11 PM,SPXW,ML/,108,12.9954,,CALL,7450,0,140350,7/8/2026,WHITE,0,0,F,INDEX,,F,T,0,0
7/8/2026,12:14:21 PM,SPXW,ML/,65,13.2848,,CALL,7450,0,86351,7/8/2026,WHITE,0,0,F,INDEX,,F,T,0,0
7/8/2026,12:15:00 PM,SPXW,ML/,80,13.4148,,CALL,7450,0,107318,7/8/2026,WHITE,0,0,F,INDEX,,F,T,0,0
7/8/2026,12:15:07 PM,SPXW,ML/,77,13.6508,,CALL,7450,0,105110,7/8/2026,WHITE,0,0,F,INDEX,,F,T,0,0
7/8/2026,12:17:13 PM,SPXW,ML/,51,13.9082,,CALL,7450,0,70932,7/8/2026,WHITE,0,0,F,INDEX,,F,T,0,0
7/8/2026,12:17:16 PM,SPXW,ML/,125,14.6138,,CALL,7450,0,182673,7/8/2026,WHITE,0,0,F,INDEX,,F,T,0,0
7/8/2026,12:17:19 PM,SPXW,ML/,162,14.1662,,CALL,7450,0,229492,7/8/2026,WHITE,0,0,F,INDEX,,F,T,0,0
7/8/2026,12:17:58 PM,SPXW,ML/,50,14.6974,,CALL,7450,0,73487,7/8/2026,WHITE,0,0,F,INDEX,,F,T,0,0
7/8/2026,12:18:01 PM,SPXW,ML/,89,15.0236,,CALL,7450,0,133710,7/8/2026,WHITE,0,0,F,INDEX,,F,T,0,0
7/8/2026,12:18:15 PM,SPXW,ML/,54,14.9509,,CALL,7450,0,80735,7/8/2026,WHITE,0,0,F,INDEX,,F,T,0,0
7/8/2026,12:20:07 PM,SPXW,BLOCK,108,15.1435,,CALL,7450,0,163550,7/8/2026,WHITE,0,0,F,INDEX,,F,T,0,0
7/8/2026,12:20:18 PM,SPXW,BLOCK,67,15.3,,CALL,7450,0,102510,7/8/2026,WHITE,0,0,F,INDEX,,F,T,0,0
7/8/2026,12:20:35 PM,SPXW,ML/,140,16.0519,,CALL,7450,0,224726,7/8/2026,WHITE,0,0,F,INDEX,,F,T,0,0
7/8/2026,12:20:51 PM,SPXW,ML/,118,16.8718,,CALL,7450,0,199087,7/8/2026,WHITE,0,0,F,INDEX,,F,T,0,0
7/8/2026,12:21:14 PM,SPXW,ML/,84,16.6092,,CALL,7450,0,139516,7/8/2026,WHITE,0,0,F,INDEX,,F,T,0,0
7/8/2026,12:21:17 PM,SPXW,ML/,324,17.0901,,CALL,7450,0,553719,7/8/2026,WHITE,0,0,F,INDEX,,F,T,0,0
7/8/2026,12:21:33 PM,SPXW,ML/,84,17.7412,,CALL,7450,0,149026,7/8/2026,WHITE,0,0,F,INDEX,,F,T,0,0
7/8/2026,12:21:39 PM,SPXW,ML/,79,18.2238,,CALL,7450,0,143968,7/8/2026,WHITE,0,0,F,INDEX,,F,T,0,0
7/8/2026,12:30:34 PM,SPXW,ML/,107,19.1315,,CALL,7450,0,204707,7/8/2026,WHITE,0,0,F,INDEX,,F,T,0,0
7/8/2026,12:39:42 PM,SPXW,ML/,165,15.5787,,CALL,7450,0,257048,7/8/2026,WHITE,0,0,F,INDEX,,F,T,0,0
7/8/2026,12:40:08 PM,SPXW,ML/,84,17.5631,,CALL,7450,0,147530,7/8/2026,WHITE,0,0,F,INDEX,,F,T,0,0
7/8/2026,12:40:49 PM,SPXW,ML/,51,23.7286,,CALL,7450,0,121016,7/8/2026,WHITE,0,0,F,INDEX,,F,T,0,0
7/8/2026,12:41:12 PM,SPXW,ML/,53,21.2434,,CALL,7450,0,112590,7/8/2026,WHITE,0,0,F,INDEX,,F,T,0,0
7/8/2026,12:52:07 PM,SPXW,ML/,101,24.601,,CALL,7450,0,248470,7/8/2026,WHITE,0,0,F,INDEX,,F,T,0,0
7/8/2026,12:55:11 PM,SPXW,ML/,76,26.9995,,CALL,7450,0,205196,7/8/2026,WHITE,0,0,F,INDEX,,F,T,0,0
7/8/2026,12:59:49 PM,SPXW,BLOCK,58,27.2414,,CALL,7450,0,158000,7/8/2026,WHITE,0,0,F,INDEX,,F,T,0,0
7/8/2026,1:06:27 PM,SPXW,ML/,50,26.1512,,CALL,7450,0,130756,7/8/2026,WHITE,0,0,F,INDEX,,F,T,0,0
7/8/2026,1:11:08 PM,SPXW,ML/,50,22.05,,CALL,7450,0,110250,7/8/2026,WHITE,0,0,F,INDEX,,F,T,0,0
7/8/2026,1:25:04 PM,SPXW,ML/,108,34.5754,,CALL,7450,0,373414,7/8/2026,WHITE,0,0,F,INDEX,,F,T,0,0
7/8/2026,1:42:06 PM,SPXW,ML/,59,29.1688,,CALL,7450,0,172096,7/8/2026,WHITE,0,0,F,INDEX,,F,T,0,0
7/8/2026,1:42:39 PM,SPXW,ML/,52,29.6604,,CALL,7450,0,154234,7/8/2026,WHITE,0,0,F,INDEX,,F,T,0,0
7/8/2026,1:45:43 PM,SPXW,ML/,52,25.9727,,CALL,7450,0,135058,7/8/2026,WHITE,0,0,F,INDEX,,F,T,0,0
7/8/2026,1:56:48 PM,SPXW,ML/,60,21.7,,CALL,7450,0,130200,7/8/2026,WHITE,0,0,F,INDEX,,F,T,0,0
7/8/2026,2:30:00 PM,SPXW,ML/,52,25.1429,,CALL,7450,0,130743,7/8/2026,WHITE,0,0,F,INDEX,,F,T,0,0
7/8/2026,2:40:04 PM,SPXW,ML/,50,29.944,,CALL,7450,0,149720,7/8/2026,WHITE,0,0,F,INDEX,,F,T,0,0
7/8/2026,2:52:03 PM,SPXW,ML/,52,31.2696,,CALL,7450,0,162602,7/8/2026,WHITE,0,0,F,INDEX,,F,T,0,0
7/8/2026,2:52:40 PM,SPXW,ML/,50,29.5552,,CALL,7450,0,147776,7/8/2026,WHITE,0,0,F,INDEX,,F,T,0,0
7/8/2026,9:35:04 AM,SPXW,ML/,61,20.2584,,CALL,7460,0,123576,7/8/2026,WHITE,0,0,F,INDEX,,F,T,0,0
7/8/2026,9:38:04 AM,SPXW,BLOCK,54,21.2204,,CALL,7460,0,114590,7/8/2026,WHITE,0,0,F,INDEX,,F,T,0,0
7/8/2026,9:40:00 AM,SPXW,BLOCK,149,23.0685,,CALL,7460,0,343720,7/8/2026,WHITE,0,0,F,INDEX,,F,T,0,0
7/8/2026,9:40:41 AM,SPXW,SWEEP,127,26.6724,A,CALL,7460,0,338740,7/8/2026,WHITE,0,0,F,INDEX,,F,T,0,0
7/8/2026,9:40:43 AM,SPXW,ML/,55,26.9653,,CALL,7460,0,148309,7/8/2026,WHITE,0,0,F,INDEX,,F,T,0,0
7/8/2026,9:44:34 AM,SPXW,ML/,60,24.6995,,CALL,7460,0,148197,7/8/2026,WHITE,0,0,F,INDEX,,F,T,0,0
7/8/2026,9:44:43 AM,SPXW,BLOCK,158,24.9,,CALL,7460,0,393420,7/8/2026,WHITE,0,0,F,INDEX,,F,T,0,0
7/8/2026,9:57:12 AM,SPXW,ML/,50,22.25,,CALL,7460,0,111250,7/8/2026,WHITE,0,0,F,INDEX,,F,T,0,0
7/8/2026,10:00:47 AM,SPXW,ML/,51,22.0208,,CALL,7460,0,112306,7/8/2026,WHITE,0,0,F,INDEX,,F,T,0,0
7/8/2026,10:11:58 AM,SPXW,ML/,70,18.4276,,CALL,7460,0,128993,7/8/2026,WHITE,0,0,F,INDEX,,F,T,0,0
7/8/2026,10:17:55 AM,SPXW,ML/,71,17.4762,,CALL,7460,0,124081,7/8/2026,WHITE,0,0,F,INDEX,,F,T,0,0
7/8/2026,10:21:09 AM,SPXW,ML/,52,19.8587,,CALL,7460,0,103265,7/8/2026,WHITE,0,0,F,INDEX,,F,T,0,0
7/8/2026,10:24:42 AM,SPXW,ML/,100,19.87,,CALL,7460,0,198700,7/8/2026,WHITE,0,0,F,INDEX,,F,T,0,0
7/8/2026,10:27:03 AM,SPXW,ML/,101,17.052,,CALL,7460,0,172225,7/8/2026,WHITE,0,0,F,INDEX,,F,T,0,0
7/8/2026,10:34:43 AM,SPXW,ML/,50,16.43,,CALL,7460,0,82150,7/8/2026,WHITE,0,0,F,INDEX,,F,T,0,0
7/8/2026,10:35:34 AM,SPXW,ML/,60,16.1,,CALL,7460,0,96600,7/8/2026,WHITE,0,0,F,INDEX,,F,T,0,0
7/8/2026,10:37:05 AM,SPXW,ML/,58,13.2371,,CALL,7460,0,76775,7/8/2026,WHITE,0,0,F,INDEX,,F,T,0,0
7/8/2026,10:48:00 AM,SPXW,ML/,56,8.823,,CALL,7460,0,49409,7/8/2026,WHITE,0,0,F,INDEX,,F,T,0,0
7/8/2026,10:49:21 AM,SPXW,ML/,55,8.1567,,CALL,7460,0,44862,7/8/2026,WHITE,0,0,F,INDEX,,F,T,0,0
7/8/2026,10:50:00 AM,SPXW,ML/,51,7.8304,,CALL,7460,0,39935,7/8/2026,WHITE,0,0,F,INDEX,,F,T,0,0
7/8/2026,10:50:39 AM,SPXW,ML/,253,7.0138,,CALL,7460,0,177450,7/8/2026,WHITE,0,0,F,INDEX,,F,T,0,0
7/8/2026,10:53:46 AM,SPXW,ML/,342,10.8834,,CALL,7460,0,372212,7/8/2026,WHITE,0,0,F,INDEX,,F,T,0,0
7/8/2026,10:54:40 AM,SPXW,BLOCK,64,11.0875,,CALL,7460,0,70960,7/8/2026,WHITE,0,0,F,INDEX,,F,T,0,0
7/8/2026,10:55:19 AM,SPXW,ML/,75,9.4947,,CALL,7460,0,71210,7/8/2026,WHITE,0,0,F,INDEX,,F,T,0,0
7/8/2026,11:14:38 AM,SPXW,ML/,50,6.55,,CALL,7460,0,32750,7/8/2026,WHITE,0,0,F,INDEX,,F,T,0,0
7/8/2026,11:16:51 AM,SPXW,ML/,53,5.2102,,CALL,7460,0,27614,7/8/2026,WHITE,0,0,F,INDEX,,F,T,0,0
7/8/2026,11:22:45 AM,SPXW,ML/,52,4.9994,,CALL,7460,0,25997,7/8/2026,WHITE,0,0,F,INDEX,,F,T,0,0
7/8/2026,11:26:36 AM,SPXW,ML/,71,3.5158,,CALL,7460,0,24962,7/8/2026,WHITE,0,0,F,INDEX,,F,T,0,0
7/8/2026,11:27:14 AM,SPXW,BLOCK,100,3.7,,CALL,7460,0,37000,7/8/2026,WHITE,0,0,F,INDEX,,F,T,0,0
7/8/2026,11:29:12 AM,SPXW,ML/,57,4.1411,,CALL,7460,0,23604,7/8/2026,WHITE,0,0,F,INDEX,,F,T,0,0
7/8/2026,11:29:37 AM,SPXW,BLOCK,50,3.9,,CALL,7460,0,19500,7/8/2026,WHITE,0,0,F,INDEX,,F,T,0,0
7/8/2026,11:30:38 AM,SPXW,ML/,72,3.3007,,CALL,7460,0,23764,7/8/2026,WHITE,0,0,F,INDEX,,F,T,0,0
7/8/2026,11:32:09 AM,SPXW,ML/,103,3.698,,CALL,7460,0,38089,7/8/2026,WHITE,0,0,F,INDEX,,F,T,0,0
7/8/2026,11:33:22 AM,SPXW,ML/,52,4.5696,,CALL,7460,0,23761,7/8/2026,WHITE,0,0,F,INDEX,,F,T,0,0
7/8/2026,11:34:25 AM,SPXW,BLOCK,57,4.5211,,CALL,7460,0,25770,7/8/2026,WHITE,0,0,F,INDEX,,F,T,0,0
7/8/2026,11:37:30 AM,SPXW,ML/,62,5.8921,,CALL,7460,0,36531,7/8/2026,WHITE,0,0,F,INDEX,,F,T,0,0
7/8/2026,11:43:19 AM,SPXW,ML/,80,5.36,,CALL,7460,0,42880,7/8/2026,WHITE,0,0,F,INDEX,,F,T,0,0
7/8/2026,11:53:29 AM,SPXW,ML/,167,3.6012,,CALL,7460,0,60140,7/8/2026,WHITE,0,0,F,INDEX,,F,T,0,0
7/8/2026,11:53:41 AM,SPXW,BLOCK,89,3.7,,CALL,7460,0,32930,7/8/2026,WHITE,0,0,F,INDEX,,F,T,0,0
7/8/2026,11:54:37 AM,SPXW,BLOCK,150,3.8,,CALL,7460,0,57000,7/8/2026,WHITE,0,0,F,INDEX,,F,T,0,0
7/8/2026,11:57:35 AM,SPXW,BLOCK,82,3.8,,CALL,7460,0,31159,7/8/2026,WHITE,0,0,F,INDEX,,F,T,0,0
7/8/2026,12:05:32 PM,SPXW,ML/,104,6.6685,,CALL,7460,0,69352,7/8/2026,WHITE,0,0,F,INDEX,,F,T,0,0
7/8/2026,12:05:35 PM,SPXW,ML/,85,7.02,,CALL,7460,0,59670,7/8/2026,WHITE,0,0,F,INDEX,,F,T,0,0
7/8/2026,12:05:46 PM,SPXW,ML/,54,6.3796,,CALL,7460,0,34450,7/8/2026,WHITE,0,0,F,INDEX,,F,T,0,0
7/8/2026,12:06:55 PM,SPXW,BLOCK,50,6.7,,CALL,7460,0,33500,7/8/2026,WHITE,0,0,F,INDEX,,F,T,0,0
7/8/2026,12:09:45 PM,SPXW,BLOCK,116,6.9957,,CALL,7460,0,81150,7/8/2026,WHITE,0,0,F,INDEX,,F,T,0,0
7/8/2026,12:10:04 PM,SPXW,ML/,109,7.382,,CALL,7460,0,80464,7/8/2026,WHITE,0,0,F,INDEX,,F,T,0,0
7/8/2026,12:10:25 PM,SPXW,ML/,58,7.8974,,CALL,7460,0,45805,7/8/2026,WHITE,0,0,F,INDEX,,F,T,0,0
7/8/2026,12:10:27 PM,SPXW,ML/,59,8.1492,,CALL,7460,0,48080,7/8/2026,WHITE,0,0,F,INDEX,,F,T,0,0
7/8/2026,12:10:53 PM,SPXW,BLOCK,62,8,,CALL,7460,0,49600,7/8/2026,WHITE,0,0,F,INDEX,,F,T,0,0
7/8/2026,12:11:06 PM,SPXW,ML/,60,8.4987,,CALL,7460,0,50992,7/8/2026,WHITE,0,0,F,INDEX,,F,T,0,0
7/8/2026,12:11:30 PM,SPXW,ML/,56,8.675,,CALL,7460,0,48580,7/8/2026,WHITE,0,0,F,INDEX,,F,T,0,0
7/8/2026,12:12:25 PM,SPXW,ML/,101,8.2748,,CALL,7460,0,83575,7/8/2026,WHITE,0,0,F,INDEX,,F,T,0,0
7/8/2026,12:14:46 PM,SPXW,BLOCK,56,8.5946,,CALL,7460,0,48129,7/8/2026,WHITE,0,0,F,INDEX,,F,T,0,0
7/8/2026,12:17:17 PM,SPXW,ML/,122,9.7844,,CALL,7460,0,119370,7/8/2026,WHITE,0,0,F,INDEX,,F,T,0,0
7/8/2026,12:18:49 PM,SPXW,ML/,63,9.4016,,CALL,7460,0,59230,7/8/2026,WHITE,0,0,F,INDEX,,F,T,0,0
7/8/2026,12:20:36 PM,SPXW,ML/,88,11.1059,,CALL,7460,0,97732,7/8/2026,WHITE,0,0,F,INDEX,,F,T,0,0
7/8/2026,12:20:51 PM,SPXW,ML/,134,11.4293,,CALL,7460,0,153152,7/8/2026,WHITE,0,0,F,INDEX,,F,T,0,0
7/8/2026,12:20:54 PM,SPXW,BLOCK,50,11.246,,CALL,7460,0,56229,7/8/2026,WHITE,0,0,F,INDEX,,F,T,0,0
7/8/2026,12:21:04 PM,SPXW,ML/,51,11.1331,,CALL,7460,0,56779,7/8/2026,WHITE,0,0,F,INDEX,,F,T,0,0
7/8/2026,12:21:32 PM,SPXW,ML/,122,12.1783,,CALL,7460,0,148575,7/8/2026,WHITE,0,0,F,INDEX,,F,T,0,0
7/8/2026,12:21:40 PM,SPXW,ML/,223,12.6098,,CALL,7460,0,281199,7/8/2026,WHITE,0,0,F,INDEX,,F,T,0,0
7/8/2026,12:22:18 PM,SPXW,ML/,131,11.966,,CALL,7460,0,156754,7/8/2026,WHITE,0,0,F,INDEX,,F,T,0,0
7/8/2026,12:22:29 PM,SPXW,ML/,51,12.1014,,CALL,7460,0,61716,7/8/2026,WHITE,0,0,F,INDEX,,F,T,0,0
7/8/2026,12:22:31 PM,SPXW,BLOCK,52,11.8481,,CALL,7460,0,61610,7/8/2026,WHITE,0,0,F,INDEX,,F,T,0,0
7/8/2026,12:22:56 PM,SPXW,ML/,122,11.2959,,CALL,7460,0,137810,7/8/2026,WHITE,0,0,F,INDEX,,F,T,0,0
7/8/2026,12:23:10 PM,SPXW,BLOCK,51,12.1765,,CALL,7460,0,62100,7/8/2026,WHITE,0,0,F,INDEX,,F,T,0,0
7/8/2026,12:23:43 PM,SPXW,BLOCK,55,12.3909,,CALL,7460,0,68150,7/8/2026,WHITE,0,0,F,INDEX,,F,T,0,0
7/8/2026,12:23:53 PM,SPXW,BLOCK,102,12.499,,CALL,7460,0,127490,7/8/2026,WHITE,0,0,F,INDEX,,F,T,0,0
7/8/2026,12:24:04 PM,SPXW,ML/,66,11.1806,,CALL,7460,0,73792,7/8/2026,WHITE,0,0,F,INDEX,,F,T,0,0
7/8/2026,12:24:45 PM,SPXW,ML/,74,10.7209,,CALL,7460,0,79334,7/8/2026,WHITE,0,0,F,INDEX,,F,T,0,0
7/8/2026,12:25:16 PM,SPXW,BLOCK,100,10.3,,CALL,7460,0,103000,7/8/2026,WHITE,0,0,F,INDEX,,F,T,0,0
7/8/2026,12:27:36 PM,SPXW,ML/,299,12.8229,,CALL,7460,0,383406,7/8/2026,WHITE,0,0,F,INDEX,,F,T,0,0
7/8/2026,12:28:04 PM,SPXW,ML/,227,12.502,,CALL,7460,0,283795,7/8/2026,WHITE,0,0,F,INDEX,,F,T,0,0
7/8/2026,12:28:21 PM,SPXW,ML/,87,12.4654,,CALL,7460,0,108449,7/8/2026,WHITE,0,0,F,INDEX,,F,T,0,0
7/8/2026,12:28:35 PM,SPXW,BLOCK,67,12.8522,,CALL,7460,0,86110,7/8/2026,WHITE,0,0,F,INDEX,,F,T,0,0
7/8/2026,12:30:03 PM,SPXW,BLOCK,100,11.632,,CALL,7460,0,116320,7/8/2026,WHITE,0,0,F,INDEX,,F,T,0,0
7/8/2026,12:30:41 PM,SPXW,BLOCK,190,13.0974,,CALL,7460,0,248850,7/8/2026,WHITE,0,0,F,INDEX,,F,T,0,0
7/8/2026,12:30:48 PM,SPXW,ML/,101,13.0972,,CALL,7460,0,132282,7/8/2026,WHITE,0,0,F,INDEX,,F,T,0,0
7/8/2026,12:31:00 PM,SPXW,ML/,165,14.8728,,CALL,7460,0,245402,7/8/2026,WHITE,0,0,F,INDEX,,F,T,0,0
7/8/2026,12:31:38 PM,SPXW,BLOCK,100,14.776,,CALL,7460,0,147760,7/8/2026,WHITE,0,0,F,INDEX,,F,T,0,0
7/8/2026,12:31:57 PM,SPXW,ML/,51,13.6069,,CALL,7460,0,69395,7/8/2026,WHITE,0,0,F,INDEX,,F,T,0,0
7/8/2026,12:35:10 PM,SPXW,ML/,191,11.4502,,CALL,7460,0,218699,7/8/2026,WHITE,0,0,F,INDEX,,F,T,0,0
7/8/2026,12:35:24 PM,SPXW,ML/,131,13.3507,,CALL,7460,0,174894,7/8/2026,WHITE,0,0,F,INDEX,,F,T,0,0
7/8/2026,12:36:02 PM,SPXW,BLOCK,74,10.9257,,CALL,7460,0,80850,7/8/2026,WHITE,0,0,F,INDEX,,F,T,0,0
7/8/2026,12:36:26 PM,SPXW,ML/,56,9.7854,,CALL,7460,0,54798,7/8/2026,WHITE,0,0,F,INDEX,,F,T,0,0
7/8/2026,12:37:36 PM,SPXW,BLOCK,102,8.7,,CALL,7460,0,88740,7/8/2026,WHITE,0,0,F,INDEX,,F,T,0,0
7/8/2026,12:38:00 PM,SPXW,BLOCK,53,9,,CALL,7460,0,47700,7/8/2026,WHITE,0,0,F,INDEX,,F,T,0,0
7/8/2026,12:39:42 PM,SPXW,ML/,167,9.9293,,CALL,7460,0,165820,7/8/2026,WHITE,0,0,F,INDEX,,F,T,0,0
7/8/2026,12:40:21 PM,SPXW,BLOCK,60,12.2283,,CALL,7460,0,73370,7/8/2026,WHITE,0,0,F,INDEX,,F,T,0,0
7/8/2026,12:40:35 PM,SPXW,ML/,311,13.6233,,CALL,7460,0,423684,7/8/2026,WHITE,0,0,F,INDEX,,F,T,0,0
7/8/2026,12:40:44 PM,SPXW,ML/,52,15.9206,,CALL,7460,0,82787,7/8/2026,WHITE,0,0,F,INDEX,,F,T,0,0
7/8/2026,12:40:49 PM,SPXW,ML/,63,17.2021,,CALL,7460,0,108373,7/8/2026,WHITE,0,0,F,INDEX,,F,T,0,0
7/8/2026,12:40:55 PM,SPXW,BLOCK,50,16.482,,CALL,7460,0,82410,7/8/2026,WHITE,0,0,F,INDEX,,F,T,0,0
7/8/2026,12:40:59 PM,SPXW,ML/,64,15.8539,,CALL,7460,0,101465,7/8/2026,WHITE,0,0,F,INDEX,,F,T,0,0
7/8/2026,12:49:05 PM,SPXW,ML/,105,16.062,,CALL,7460,0,168651,7/8/2026,WHITE,0,0,F,INDEX,,F,T,0,0
7/8/2026,12:50:16 PM,SPXW,ML/,56,17.2384,,CALL,7460,0,96535,7/8/2026,WHITE,0,0,F,INDEX,,F,T,0,0
7/8/2026,12:52:02 PM,SPXW,ML/,108,18.0319,,CALL,7460,0,194745,7/8/2026,WHITE,0,0,F,INDEX,,F,T,0,0
7/8/2026,1:00:11 PM,SPXW,ML/,61,18.1815,,CALL,7460,0,110907,7/8/2026,WHITE,0,0,F,INDEX,,F,T,0,0
7/8/2026,2:05:26 PM,SPXW,ML/,85,21.13,,CALL,7460,0,179605,7/8/2026,WHITE,0,0,F,INDEX,,F,T,0,0
7/8/2026,2:25:40 PM,SPXW,ML/,100,20.07,,CALL,7460,0,200700,7/8/2026,WHITE,0,0,F,INDEX,,F,T,0,0
7/8/2026,3:05:52 PM,SPXW,ML/,200,19.15,,CALL,7460,0,382999,7/8/2026,WHITE,0,0,F,INDEX,,F,T,0,0
7/8/2026,3:51:25 PM,SPXW,ML/,74,20.6318,,CALL,7460,0,152675,7/8/2026,WHITE,0,0,F,INDEX,,F,T,0,0
7/8/2026,3:53:43 PM,SPXW,ML/,102,21.4608,,CALL,7460,0,218900,7/8/2026,WHITE,0,0,F,INDEX,,F,T,0,0
7/8/2026,11:04:36 AM,SPXW,ML/,500,30.3,,PUT,7400,0,1515000,7/13/2026,WHITE,0,5,F,INDEX,,F,T,0,0
7/8/2026,1:06:55 PM,SPXW,BLOCK,80,43.0487,,CALL,7470,0,344390,7/13/2026,WHITE,0,5,F,INDEX,,F,T,0,0
7/8/2026,2:02:37 PM,SPXW,BLOCK,80,45.4,,CALL,7470,0,363200,7/13/2026,WHITE,0,5,F,INDEX,,F,T,0,0
7/8/2026,10:13:28 AM,SPXW,BLOCK,100,9.4,,CALL,7550,0,94000,7/13/2026,WHITE,0,5,F,INDEX,,F,T,0,0
7/8/2026,10:42:30 AM,SPXW,BLOCK,100,7.792,,CALL,7550,0,77920,7/13/2026,WHITE,0,5,F,INDEX,,F,T,0,0
7/8/2026,10:47:17 AM,SPXW,BLOCK,100,6.8,,CALL,7550,0,68000,7/13/2026,WHITE,0,5,F,INDEX,,F,T,0,0
7/8/2026,11:14:29 AM,SPXW,BLOCK,92,5.7,,CALL,7550,0,52440,7/13/2026,WHITE,0,5,F,INDEX,,F,T,0,0
7/8/2026,3:57:24 PM,SPXW,ML/,60,10.31,,CALL,7550,0,61860,7/13/2026,WHITE,0,5,F,INDEX,,F,T,0,0
7/8/2026,9:35:02 AM,SPXW,ML/,260,0.4238,,PUT,7320,0,11020,7/8/2026,WHITE,0,0,F,INDEX,,F,T,0,0
7/8/2026,10:15:01 AM,SPXW,ML/,200,3.22,,CALL,7675,0,64400,7/20/2026,WHITE,0,12,F,INDEX,,F,T,0,0
7/8/2026,10:00:02 AM,SPXW,ML/,109,35.0328,,PUT,7495,0,381857,7/8/2026,WHITE,0,0,F,INDEX,,F,T,0,0
7/8/2026,10:05:39 AM,SPXW,ML/,80,31.53,,PUT,7495,0,252240,7/8/2026,WHITE,0,0,F,INDEX,,F,T,0,0
7/8/2026,10:15:38 AM,SPXW,ML/,90,43.14,,PUT,7495,0,388260,7/8/2026,WHITE,0,0,F,INDEX,,F,T,0,0
7/8/2026,11:05:00 AM,SPXW,BLOCK,60,54.5,,PUT,7495,0,327000,7/8/2026,WHITE,0,0,F,INDEX,,F,T,0,0
7/8/2026,11:10:06 AM,SPXW,SWEEP,60,54.92,A,PUT,7495,0,329520,7/8/2026,WHITE,0,0,F,INDEX,,F,T,0,0
7/8/2026,1:28:22 PM,SPXW,ML/,80,17.92,,PUT,7495,0,143360,7/8/2026,WHITE,0,0,F,INDEX,,F,T,0,0
7/8/2026,2:43:27 PM,SPXW,ML/,50,21.5568,,PUT,7495,0,107783,7/8/2026,WHITE,0,0,F,INDEX,,F,T,0,0
7/8/2026,3:09:49 PM,SPXW,ML/,103,16.3226,,PUT,7495,0,168123,7/8/2026,WHITE,0,0,F,INDEX,,F,T,0,0
7/8/2026,3:51:22 PM,SPXW,ML/,102,15.9881,,PUT,7495,0,163079,7/8/2026,WHITE,0,0,F,INDEX,,F,T,0,0
7/8/2026,3:42:13 PM,SPXW,SWEEP,56,52,A,PUT,7465,0,291200,7/17/2026,WHITE,0,9,F,INDEX,,F,F,0,0
7/8/2026,9:57:29 AM,SPXW,ML/,100,22.66,,CALL,7495,0,226600,7/10/2026,WHITE,0,2,F,INDEX,,F,T,0,0
7/8/2026,2:18:02 PM,SPXW,BLOCK,64,22.1,,CALL,7495,0,141440,7/10/2026,WHITE,0,2,F,INDEX,,F,T,0,0
7/8/2026,2:22:12 PM,SPXW,BLOCK,50,23,,CALL,7495,0,115000,7/10/2026,WHITE,0,2,F,INDEX,,F,T,0,0
7/8/2026,2:40:04 PM,SPXW,BLOCK,61,23,,CALL,7495,0,140300,7/10/2026,WHITE,0,2,F,INDEX,,F,T,0,0
7/8/2026,3:55:23 PM,SPXW,ML/,110,1.25,,PUT,7355,0,13750,7/9/2026,WHITE,0,1,F,INDEX,,F,T,0,0
7/8/2026,3:59:58 PM,SPXW,ML/,138,1.2932,,PUT,7355,0,17846,7/9/2026,WHITE,0,1,F,INDEX,,F,T,0,0
7/8/2026,4:11:27 PM,SPXW,ML/,250,1.6422,,PUT,7355,0,41054,7/9/2026,WHITE,0,1,F,INDEX,,F,T,0,0
7/8/2026,12:26:21 PM,SPXW,ML/,80,6.7,,PUT,7380,0,53600,7/9/2026,WHITE,0,1,F,INDEX,,F,T,0,0
7/8/2026,3:41:01 PM,SPXW,ML/,60,2.6,,PUT,7380,0,15600,7/9/2026,WHITE,0,1,F,INDEX,,F,T,0,0
7/8/2026,3:50:16 PM,SPXW,ML/,50,2.6,,PUT,7380,0,13000,7/9/2026,WHITE,0,1,F,INDEX,,F,T,0,0
7/8/2026,3:52:09 PM,SPXW,ML/,101,2.4995,,PUT,7380,0,25245,7/9/2026,WHITE,0,1,F,INDEX,,F,T,0,0
7/8/2026,4:05:49 PM,SPXW,BLOCK,100,2.502,,PUT,7380,0,25020,7/9/2026,WHITE,0,1,F,INDEX,,F,T,0,0
7/8/2026,9:33:21 AM,SPXW,BLOCK,195,0.75,,PUT,7345,0,14625,7/8/2026,WHITE,0,0,F,INDEX,,F,T,0,0
7/8/2026,11:28:29 AM,SPXW,ML/,200,0.79,,PUT,7345,0,15800,7/8/2026,WHITE,0,0,F,INDEX,,F,T,0,0
7/8/2026,10:07:13 AM,SPXW,ML/,282,0.4,,PUT,7325,0,11280,7/8/2026,WHITE,0,0,F,INDEX,,F,T,0,0
7/8/2026,10:10:43 AM,SPXW,ML/,611,0.37,,PUT,7325,0,22607,7/8/2026,WHITE,0,0,F,INDEX,,F,T,0,0
7/8/2026,9:37:47 AM,SPXW,ML/,75,31.9736,,CALL,7445,0,239802,7/8/2026,WHITE,0,0,F,INDEX,,F,T,0,0
7/8/2026,10:51:57 AM,SPXW,ML/,60,15.1715,,CALL,7445,0,91029,7/8/2026,WHITE,0,0,F,INDEX,,F,T,0,0
7/8/2026,11:14:36 AM,SPXW,ML/,50,11.87,,CALL,7445,0,59350,7/8/2026,WHITE,0,0,F,INDEX,,F,T,0,0
7/8/2026,11:16:11 AM,SPXW,ML/,57,10.6916,,CALL,7445,0,60941,7/8/2026,WHITE,0,0,F,INDEX,,F,T,0,0
7/8/2026,11:17:41 AM,SPXW,BLOCK,50,9.876,,CALL,7445,0,49380,7/8/2026,WHITE,0,0,F,INDEX,,F,T,0,0
7/8/2026,11:19:28 AM,SPXW,BLOCK,50,12.1,,CALL,7445,0,60500,7/8/2026,WHITE,0,0,F,INDEX,,F,T,0,0
7/8/2026,11:23:42 AM,SPXW,ML/,66,9.2833,,CALL,7445,0,61269,7/8/2026,WHITE,0,0,F,INDEX,,F,T,0,0
7/8/2026,11:24:35 AM,SPXW,BLOCK,56,8.6893,,CALL,7445,0,48660,7/8/2026,WHITE,0,0,F,INDEX,,F,T,0,0
7/8/2026,11:26:12 AM,SPXW,ML/,76,7.5425,,CALL,7445,0,57323,7/8/2026,WHITE,0,0,F,INDEX,,F,T,0,0
7/8/2026,11:36:19 AM,SPXW,ML/,101,9.6208,,CALL,7445,0,97170,7/8/2026,WHITE,0,0,F,INDEX,,F,T,0,0
7/8/2026,11:36:55 AM,SPXW,BLOCK,61,10.6951,,CALL,7445,0,65240,7/8/2026,WHITE,0,0,F,INDEX,,F,T,0,0
7/8/2026,11:43:42 AM,SPXW,ML/,105,9.2324,,CALL,7445,0,96940,7/8/2026,WHITE,0,0,F,INDEX,,F,T,0,0
7/8/2026,11:45:30 AM,SPXW,ML/,58,8.65,,CALL,7445,0,50170,7/8/2026,WHITE,0,0,F,INDEX,,F,T,0,0
7/8/2026,11:51:19 AM,SPXW,BLOCK,64,8,,CALL,7445,0,51200,7/8/2026,WHITE,0,0,F,INDEX,,F,T,0,0
7/8/2026,11:56:40 AM,SPXW,ML/,75,7.75,,CALL,7445,0,58125,7/8/2026,WHITE,0,0,F,INDEX,,F,T,0,0
7/8/2026,11:57:12 AM,SPXW,ML/,101,7.7693,,CALL,7445,0,78470,7/8/2026,WHITE,0,0,F,INDEX,,F,T,0,0
7/8/2026,12:05:32 PM,SPXW,ML/,115,12.7383,,CALL,7445,0,146490,7/8/2026,WHITE,0,0,F,INDEX,,F,T,0,0
7/8/2026,12:10:03 PM,SPXW,ML/,73,13.807,,CALL,7445,0,100791,7/8/2026,WHITE,0,0,F,INDEX,,F,T,0,0
7/8/2026,12:10:33 PM,SPXW,ML/,89,14.3121,,CALL,7445,0,127378,7/8/2026,WHITE,0,0,F,INDEX,,F,T,0,0
7/8/2026,12:10:54 PM,SPXW,BLOCK,126,14.8032,,CALL,7445,0,186520,7/8/2026,WHITE,0,0,F,INDEX,,F,T,0,0
7/8/2026,12:11:21 PM,SPXW,ML/,54,16.2237,,CALL,7445,0,87608,7/8/2026,WHITE,0,0,F,INDEX,,F,T,0,0
7/8/2026,12:12:57 PM,SPXW,BLOCK,128,15.8016,,CALL,7445,0,202260,7/8/2026,WHITE,0,0,F,INDEX,,F,T,0,0
7/8/2026,12:40:50 PM,SPXW,ML/,78,27.985,,CALL,7445,0,218283,7/8/2026,WHITE,0,0,F,INDEX,,F,T,0,0
7/8/2026,12:41:45 PM,SPXW,ML/,88,23.55,,CALL,7445,0,207240,7/8/2026,WHITE,0,0,F,INDEX,,F,T,0,0
7/8/2026,12:53:16 PM,SPXW,ML/,103,30.801,,CALL,7445,0,317250,7/8/2026,WHITE,0,0,F,INDEX,,F,T,0,0
7/8/2026,1:56:48 PM,SPXW,ML/,60,25.7,,CALL,7445,0,154200,7/8/2026,WHITE,0,0,F,INDEX,,F,T,0,0
7/8/2026,10:59:51 AM,SPXW,ML/,60,5.16,,PUT,7275,0,30960,7/10/2026,WHITE,0,2,F,INDEX,,F,T,0,0
7/8/2026,4:02:36 PM,SPXW,ML/,100,1.35,,PUT,7275,0,13500,7/10/2026,WHITE,0,2,F,INDEX,,F,T,0,0
7/8/2026,3:59:53 PM,SPXW,BLOCK,165,47.6024,,PUT,7480,0,785440,7/15/2026,WHITE,0,7,F,INDEX,,F,T,0,0
7/8/2026,3:31:45 PM,SPXW,ML/,60,21.6,,PUT,7455,0,129600,7/10/2026,WHITE,0,2,F,INDEX,,F,T,0,0
7/8/2026,9:30:04 AM,VIX,ML/,50,7.05,,PUT,25,0,35250,12/16/2026,WHITE,0,161,F,INDEX,,F,T,0,0
7/8/2026,9:30:04 AM,VIX,ML/,50,3.25,,PUT,20,0,16250,12/16/2026,WHITE,0,161,F,INDEX,,F,T,0,0
7/8/2026,11:03:38 AM,SPX,ML/,130,300.4592,,PUT,7700,0,3905969,9/18/2026,WHITE,0,72,F,INDEX,,F,F,0,0
7/8/2026,1:31:12 PM,XSP,ML/,50,4.62,,PUT,725,0,23100,8/6/2026,WHITE,0,29,F,INDEX,,F,T,0,0
7/8/2026,1:31:12 PM,XSP,ML/,50,5.45,,PUT,730,0,27250,8/6/2026,WHITE,0,29,F,INDEX,,F,T,0,0
7/8/2026,1:32:14 PM,SPXW,BLOCK,50,5.5,,CALL,7530,0,27500,7/9/2026,WHITE,0,1,F,INDEX,,F,T,0,0
7/8/2026,3:05:50 PM,SPXW,ML/,86,3.8828,,CALL,7530,0,33392,7/9/2026,WHITE,0,1,F,INDEX,,F,T,0,0
7/8/2026,4:11:00 PM,SPXW,ML/,148,2.9239,,CALL,7530,0,43272,7/9/2026,WHITE,0,1,F,INDEX,,F,T,0,0
7/8/2026,4:15:55 PM,SPXW,BLOCK,50,3.21,,CALL,7530,0,16050,7/9/2026,WHITE,0,1,F,INDEX,,F,T,0,0
7/8/2026,9:55:35 AM,SPXW,ML/,50,2.42,,CALL,7545,0,12100,7/9/2026,WHITE,0,1,F,INDEX,,F,T,0,0
7/8/2026,11:10:24 AM,SPXW,ML/,400,1.2,,CALL,7545,0,48000,7/9/2026,WHITE,0,1,F,INDEX,,F,T,0,0
7/8/2026,1:19:15 PM,SPXW,ML/,61,2,,CALL,7545,0,12200,7/9/2026,WHITE,0,1,F,INDEX,,F,T,0,0
7/8/2026,2:46:13 PM,SPXW,BLOCK,100,1.85,,CALL,7545,0,18500,7/9/2026,WHITE,0,1,F,INDEX,,F,T,0,0
7/8/2026,3:02:47 PM,SPXW,ML/,72,1.88,,CALL,7545,0,13535,7/9/2026,WHITE,0,1,F,INDEX,,F,T,0,0
7/8/2026,3:50:08 PM,SPXW,BLOCK,83,1.3,,CALL,7545,0,10790,7/9/2026,WHITE,0,1,F,INDEX,,F,T,0,0
7/8/2026,3:54:50 PM,SPXW,BLOCK,84,1.65,,CALL,7545,0,13860,7/9/2026,WHITE,0,1,F,INDEX,,F,T,0,0
7/8/2026,4:04:53 PM,SPXW,ML/,130,1.75,,CALL,7545,0,22750,7/9/2026,WHITE,0,1,F,INDEX,,F,T,0,0
7/8/2026,10:16:46 AM,SPX,ML/,50,54.9,,PUT,7450,0,274500,7/17/2026,WHITE,0,9,F,INDEX,,F,F,0,0
7/8/2026,10:57:18 AM,SPX,ML/,600,61.5,,PUT,7450,0,3690000,7/17/2026,WHITE,0,9,F,INDEX,,F,F,0,0
7/8/2026,12:33:17 PM,SPX,ML/,50,53.71,,PUT,7450,0,268550,7/17/2026,WHITE,0,9,F,INDEX,,F,F,0,0
7/8/2026,9:32:02 AM,SPXW,ML/,100,20.7012,,PUT,7440,0,207012,7/9/2026,WHITE,0,1,F,INDEX,,F,T,0,0
7/8/2026,9:55:04 AM,SPXW,ML/,56,21.4,,PUT,7440,0,119839,7/9/2026,WHITE,0,1,F,INDEX,,F,T,0,0
7/8/2026,10:49:43 AM,SPXW,ML/,100,28.6,,PUT,7440,0,286000,7/9/2026,WHITE,0,1,F,INDEX,,F,T,0,0
7/8/2026,10:51:37 AM,SPXW,ML/,144,28.63,,PUT,7440,0,412272,7/9/2026,WHITE,0,1,F,INDEX,,F,T,0,0
7/8/2026,10:53:46 AM,SPXW,BLOCK,107,26,,PUT,7440,0,278200,7/9/2026,WHITE,0,1,F,INDEX,,F,T,0,0
7/8/2026,10:56:30 AM,SPXW,BLOCK,100,23,,PUT,7440,0,230000,7/9/2026,WHITE,0,1,F,INDEX,,F,T,0,0
7/8/2026,11:14:22 AM,SPXW,BLOCK,299,30,,PUT,7440,0,897000,7/9/2026,WHITE,0,1,F,INDEX,,F,T,0,0
7/8/2026,11:49:07 AM,SPXW,BLOCK,50,32.798,,PUT,7440,0,163990,7/9/2026,WHITE,0,1,F,INDEX,,F,T,0,0
7/8/2026,11:52:08 AM,SPXW,BLOCK,50,33.738,,PUT,7440,0,168690,7/9/2026,WHITE,0,1,F,INDEX,,F,T,0,0
7/8/2026,11:59:31 AM,SPXW,BLOCK,50,30.886,,PUT,7440,0,154430,7/9/2026,WHITE,0,1,F,INDEX,,F,T,0,0
7/8/2026,12:01:07 PM,SPXW,BLOCK,50,28.962,,PUT,7440,0,144810,7/9/2026,WHITE,0,1,F,INDEX,,F,T,0,0
7/8/2026,12:10:19 PM,SPXW,BLOCK,100,24.271,,PUT,7440,0,242710,7/9/2026,WHITE,0,1,F,INDEX,,F,T,0,0
7/8/2026,12:16:46 PM,SPXW,BLOCK,50,23,,PUT,7440,0,115000,7/9/2026,WHITE,0,1,F,INDEX,,F,T,0,0
7/8/2026,12:26:21 PM,SPXW,ML/,50,20.32,,PUT,7440,0,101600,7/9/2026,WHITE,0,1,F,INDEX,,F,T,0,0
7/8/2026,2:32:54 PM,SPXW,BLOCK,50,13,,PUT,7440,0,65000,7/9/2026,WHITE,0,1,F,INDEX,,F,T,0,0
7/8/2026,3:13:56 PM,SPXW,BLOCK,50,11.492,,PUT,7440,0,57460,7/9/2026,WHITE,0,1,F,INDEX,,F,T,0,0
7/8/2026,3:50:14 PM,SPXW,ML/,55,10.494,,PUT,7440,0,57716,7/9/2026,WHITE,0,1,F,INDEX,,F,T,0,0
7/8/2026,3:53:07 PM,SPXW,BLOCK,50,9.6,,PUT,7440,0,48000,7/9/2026,WHITE,0,1,F,INDEX,,F,T,0,0
7/8/2026,3:53:36 PM,SPXW,BLOCK,50,9.4,,PUT,7440,0,47000,7/9/2026,WHITE,0,1,F,INDEX,,F,T,0,0
7/8/2026,4:06:57 PM,SPXW,ML/,65,10.2,,PUT,7440,0,66300,7/9/2026,WHITE,0,1,F,INDEX,,F,T,0,0
7/8/2026,4:12:51 PM,SPXW,BLOCK,100,11.4,,PUT,7440,0,114000,7/9/2026,WHITE,0,1,F,INDEX,,F,T,0,0
7/8/2026,4:53:46 PM,SPXW,BLOCK,50,13.724,,PUT,7440,0,68620,7/9/2026,WHITE,0,1,F,INDEX,,F,T,0,0
7/8/2026,9:45:01 AM,VIX,ML/,50,2.75,,PUT,20,0,13750,7/22/2026,WHITE,0,14,F,INDEX,,F,T,0,0
7/8/2026,10:45:05 AM,VIX,ML/,50,2.41,,PUT,20,0,12050,7/22/2026,WHITE,0,14,F,INDEX,,F,T,0,0
7/8/2026,11:22:29 AM,SPXW,ML/,200,1.117,,CALL,7575,0,22340,7/10/2026,WHITE,0,2,F,INDEX,,F,T,0,0
7/8/2026,2:48:17 PM,SPXW,ML/,200,1.75,,CALL,7575,0,35000,7/10/2026,WHITE,0,2,F,INDEX,,F,T,0,0
7/8/2026,12:59:53 PM,SPXW,BLOCK,68,39.4,,PUT,7475,0,267920,7/13/2026,WHITE,0,5,F,INDEX,,F,T,0,0
7/8/2026,1:00:42 PM,SPXW,BLOCK,80,41.4,,PUT,7475,0,331200,7/13/2026,WHITE,0,5,F,INDEX,,F,T,0,0
7/8/2026,1:02:21 PM,SPXW,BLOCK,80,41.9,,PUT,7475,0,335200,7/13/2026,WHITE,0,5,F,INDEX,,F,T,0,0
7/8/2026,1:25:21 PM,SPXW,BLOCK,94,34.8,,PUT,7475,0,327120,7/13/2026,WHITE,0,5,F,INDEX,,F,T,0,0
7/8/2026,1:53:30 PM,SPXW,ML/,500,39.5191,,PUT,7475,0,1975954,7/13/2026,WHITE,0,5,F,INDEX,,F,T,0,0
7/8/2026,1:55:16 PM,SPXW,BLOCK,80,41.5,,PUT,7475,0,332000,7/13/2026,WHITE,0,5,F,INDEX,,F,T,0,0
7/8/2026,12:31:20 PM,SPXW,BLOCK,105,3.8,,CALL,7575,0,39899,7/13/2026,WHITE,0,5,F,INDEX,,F,T,0,0
7/8/2026,12:31:45 PM,SPXW,BLOCK,100,3.8,,CALL,7575,0,38000,7/13/2026,WHITE,0,5,F,INDEX,,F,T,0,0
7/8/2026,1:42:13 PM,XSP,ML/,100,5.13,,PUT,748,0,51300,7/15/2026,WHITE,0,7,F,INDEX,,F,T,0,0
7/8/2026,3:38:15 PM,SPXW,BLOCK,63,7.6,,PUT,7385,0,47880,7/10/2026,WHITE,0,2,F,INDEX,,F,T,0,0
7/8/2026,3:03:13 PM,XSP,ML/,225,0.49,,CALL,748,0,11025,7/8/2026,WHITE,0,0,F,INDEX,,F,T,0,0
7/8/2026,10:35:59 AM,SPX,BLOCK,350,35.6,,CALL,7750,0,1246000,8/21/2026,WHITE,0,44,F,INDEX,,F,F,0,0
7/8/2026,10:36:30 AM,SPX,BLOCK,100,35.6,,CALL,7750,0,356000,8/21/2026,WHITE,0,44,F,INDEX,,F,F,0,0
7/8/2026,12:46:18 PM,SPX,BLOCK,93,124.3,,PUT,7295,0,1155990,9/18/2026,WHITE,0,72,F,INDEX,,F,F,0,0
7/8/2026,9:50:46 AM,VIXW,BLOCK,224,0.4994,,CALL,20,0,11187,7/15/2026,WHITE,0,7,F,INDEX,,F,T,0,0
7/8/2026,9:50:49 AM,VIXW,BLOCK,499,0.49,,CALL,20,0,24452,7/15/2026,WHITE,0,7,F,INDEX,,F,T,0,0
7/8/2026,9:54:47 AM,VIXW,BLOCK,675,0.47,,CALL,20,0,31725,7/15/2026,WHITE,0,7,F,INDEX,,F,T,0,0
7/8/2026,10:10:41 AM,VIXW,ML/,1000,0.45,,CALL,20,0,45000,7/15/2026,WHITE,0,7,F,INDEX,,F,T,0,0
7/8/2026,10:24:20 AM,VIXW,ML/,1001,0.47,,CALL,20,0,47050,7/15/2026,WHITE,0,7,F,INDEX,,F,T,0,0
7/8/2026,10:33:46 AM,VIXW,ML/,1000,0.52,,CALL,20,0,52000,7/15/2026,WHITE,0,7,F,INDEX,,F,T,0,0
7/8/2026,10:52:31 AM,VIXW,BLOCK,200,0.61,,CALL,20,0,12200,7/15/2026,WHITE,0,7,F,INDEX,,F,T,0,0
7/8/2026,10:52:39 AM,VIXW,BLOCK,800,0.61,,CALL,20,0,48800,7/15/2026,WHITE,0,7,F,INDEX,,F,T,0,0
7/8/2026,11:48:58 AM,VIXW,BLOCK,198,0.72,,CALL,20,0,14256,7/15/2026,WHITE,0,7,F,INDEX,,F,T,0,0
7/8/2026,12:39:02 PM,VIXW,BLOCK,200,0.53,,CALL,20,0,10600,7/15/2026,WHITE,0,7,F,INDEX,,F,T,0,0
7/8/2026,11:26:56 AM,XSP,BLOCK,50,7,,PUT,745,0,35000,7/15/2026,WHITE,0,7,F,INDEX,,F,T,0,0
7/8/2026,1:42:13 PM,XSP,ML/,50,4.04,,PUT,745,0,20200,7/15/2026,WHITE,0,7,F,INDEX,,F,T,0,0
7/8/2026,10:41:47 AM,VIX,BLOCK,204,2.47,,CALL,18,0,50388,8/19/2026,WHITE,0,42,F,INDEX,,F,T,0,0
7/8/2026,10:41:51 AM,VIX,BLOCK,204,2.47,,CALL,18,0,50388,8/19/2026,WHITE,0,42,F,INDEX,,F,T,0,0
7/8/2026,10:41:51 AM,VIX,BLOCK,714,2.47,,CALL,18,0,176358,8/19/2026,WHITE,0,42,F,INDEX,,F,T,0,0
7/8/2026,10:41:52 AM,VIX,BLOCK,204,2.47,,CALL,18,0,50388,8/19/2026,WHITE,0,42,F,INDEX,,F,T,0,0
7/8/2026,10:41:53 AM,VIX,BLOCK,408,2.47,,CALL,18,0,100776,8/19/2026,WHITE,0,42,F,INDEX,,F,T,0,0
7/8/2026,10:41:58 AM,VIX,BLOCK,102,2.47,,CALL,18,0,25194,8/19/2026,WHITE,0,42,F,INDEX,,F,T,0,0
7/8/2026,10:42:02 AM,VIX,BLOCK,102,2.47,,CALL,18,0,25194,8/19/2026,WHITE,0,42,F,INDEX,,F,T,0,0
7/8/2026,10:47:31 AM,VIX,ML/,60,2.5,,CALL,18,0,15000,8/19/2026,WHITE,0,42,F,INDEX,,F,T,0,0
7/8/2026,10:53:47 AM,VIX,BLOCK,2878,2.5,,CALL,18,0,719500,8/19/2026,WHITE,0,42,F,INDEX,,F,T,0,0
7/8/2026,10:53:50 AM,VIX,BLOCK,1100,2.5,,CALL,18,0,275000,8/19/2026,WHITE,0,42,F,INDEX,,F,T,0,0
7/8/2026,10:56:19 AM,VIX,BLOCK,134,2.5,,CALL,18,0,33500,8/19/2026,WHITE,0,42,F,INDEX,,F,T,0,0
7/8/2026,1:44:05 PM,VIX,BLOCK,50,2.21,,CALL,18,0,11050,8/19/2026,WHITE,0,42,F,INDEX,,F,T,0,0
7/8/2026,2:30:37 PM,VIX,BLOCK,50,2.27,,CALL,18,0,11350,8/19/2026,WHITE,0,42,F,INDEX,,F,T,0,0
7/8/2026,10:15:23 AM,SPX,ML/,1000,10.75,,PUT,7200,0,1075000,7/17/2026,WHITE,0,9,F,INDEX,,F,F,0,0
7/8/2026,10:24:12 AM,SPX,ML/,300,10.4,,PUT,7200,0,312000,7/17/2026,WHITE,0,9,F,INDEX,,F,F,0,0
7/8/2026,12:30:54 PM,SPX,ML/,81,10.59,,PUT,7200,0,85779,7/17/2026,WHITE,0,9,F,INDEX,,F,F,0,0
7/8/2026,12:30:57 PM,SPX,ML/,73,10.5448,,PUT,7200,0,76977,7/17/2026,WHITE,0,9,F,INDEX,,F,F,0,0
7/8/2026,12:31:00 PM,SPX,ML/,146,10.4616,,PUT,7200,0,152740,7/17/2026,WHITE,0,9,F,INDEX,,F,F,0,0
7/8/2026,1:27:51 PM,SPX,ML/,500,7.85,,PUT,7200,0,392500,7/17/2026,WHITE,0,9,F,INDEX,,F,F,0,0
7/8/2026,3:08:24 PM,SPX,ML/,50,7.81,,PUT,7200,0,39050,7/17/2026,WHITE,0,9,F,INDEX,,F,F,0,0
7/8/2026,11:00:03 AM,VIX,ML/,2500,1.14,,CALL,19,0,284999,7/22/2026,WHITE,0,14,F,INDEX,,F,T,0,0
7/8/2026,11:05:55 AM,VIX,ML/,200,1.14,,CALL,19,0,22799,7/22/2026,WHITE,0,14,F,INDEX,,F,T,0,0
7/8/2026,11:05:55 AM,VIX,ML/,350,1.14,,CALL,19,0,39899,7/22/2026,WHITE,0,14,F,INDEX,,F,T,0,0
7/8/2026,11:06:18 AM,VIX,ML/,2000,1.14,,CALL,19,0,228000,7/22/2026,WHITE,0,14,F,INDEX,,F,T,0,0
7/8/2026,11:11:01 AM,VIX,ML/,701,1.1401,,CALL,19,0,79917,7/22/2026,WHITE,0,14,F,INDEX,,F,T,0,0
7/8/2026,11:11:25 AM,VIX,ML/,350,1.14,,CALL,19,0,39899,7/22/2026,WHITE,0,14,F,INDEX,,F,T,0,0
7/8/2026,11:11:26 AM,VIX,ML/,250,1.14,,CALL,19,0,28500,7/22/2026,WHITE,0,14,F,INDEX,,F,T,0,0
7/8/2026,11:11:27 AM,VIX,ML/,350,1.14,,CALL,19,0,39899,7/22/2026,WHITE,0,14,F,INDEX,,F,T,0,0
7/8/2026,11:11:28 AM,VIX,ML/,350,1.14,,CALL,19,0,39899,7/22/2026,WHITE,0,14,F,INDEX,,F,T,0,0
7/8/2026,12:39:42 PM,VIX,ML/,660,1.11,,CALL,19,0,73260,7/22/2026,WHITE,0,14,F,INDEX,,F,T,0,0
7/8/2026,12:39:43 PM,VIX,ML/,1840,1.11,,CALL,19,0,204240,7/22/2026,WHITE,0,14,F,INDEX,,F,T,0,0
7/8/2026,10:51:13 AM,SPXW,ML/,100,22.47,,CALL,7430,0,224700,7/8/2026,WHITE,0,0,F,INDEX,,F,T,0,0
7/8/2026,11:17:17 AM,SPXW,ML/,60,17.0667,,CALL,7430,0,102400,7/8/2026,WHITE,0,0,F,INDEX,,F,T,0,0
7/8/2026,11:18:01 AM,SPXW,ML/,53,16.6968,,CALL,7430,0,88493,7/8/2026,WHITE,0,0,F,INDEX,,F,T,0,0
7/8/2026,11:23:37 AM,SPXW,ML/,51,16.3,,CALL,7430,0,83130,7/8/2026,WHITE,0,0,F,INDEX,,F,T,0,0
7/8/2026,11:24:24 AM,SPXW,ML/,55,14.9464,,CALL,7430,0,82205,7/8/2026,WHITE,0,0,F,INDEX,,F,T,0,0
7/8/2026,11:27:48 AM,SPXW,ML/,53,13.4547,,CALL,7430,0,71310,7/8/2026,WHITE,0,0,F,INDEX,,F,T,0,0
7/8/2026,11:00:31 AM,SPXW,ML/,250,83.899,,PUT,7525,0,2097476,7/9/2026,WHITE,0,1,F,INDEX,,F,T,0,0
7/8/2026,11:04:48 AM,SPXW,ML/,250,84.3378,,PUT,7525,0,2108444,7/9/2026,WHITE,0,1,F,INDEX,,F,T,0,0
7/8/2026,11:05:47 AM,SPXW,ML/,200,83.76,,PUT,7525,0,1675200,7/9/2026,WHITE,0,1,F,INDEX,,F,T,0,0
7/8/2026,12:09:46 PM,SPXW,ML/,56,83.22,,PUT,7525,0,466032,7/9/2026,WHITE,0,1,F,INDEX,,F,T,0,0
7/8/2026,12:44:14 PM,SPXW,BLOCK,50,63.6,,PUT,7525,0,318000,7/9/2026,WHITE,0,1,F,INDEX,,F,T,0,0
7/8/2026,9:31:22 AM,SPXW,ML/,200,3.2062,,PUT,7230,0,64123,7/10/2026,WHITE,0,2,F,INDEX,,F,T,0,0
7/8/2026,11:14:23 AM,SPXW,ML/,300,3.4519,,PUT,7230,0,103556,7/10/2026,WHITE,0,2,F,INDEX,,F,T,0,0
7/8/2026,11:58:32 AM,SPXW,ML/,75,3.37,,PUT,7230,0,25275,7/10/2026,WHITE,0,2,F,INDEX,,F,T,0,0
7/8/2026,12:21:34 PM,SPXW,ML/,150,1.7857,,PUT,7230,0,26786,7/10/2026,WHITE,0,2,F,INDEX,,F,T,0,0
7/8/2026,12:49:30 PM,SPXW,ML/,150,1.35,,PUT,7230,0,20250,7/10/2026,WHITE,0,2,F,INDEX,,F,T,0,0
7/8/2026,11:59:53 AM,SPXW,ML/,1000,5.39,,PUT,7270,0,539000,7/10/2026,WHITE,0,2,F,INDEX,,F,T,0,0
7/8/2026,12:04:17 PM,SPXW,ML/,1000,4.65,,PUT,7270,0,465000,7/10/2026,WHITE,0,2,F,INDEX,,F,T,0,0
7/8/2026,4:07:08 PM,SPXW,ML/,860,1.25,,PUT,7270,0,107500,7/10/2026,WHITE,0,2,F,INDEX,,F,T,0,0
7/8/2026,4:03:39 PM,RUTW,ML/,78,5.08,,PUT,2930,0,39624,7/9/2026,WHITE,0,1,F,INDEX,,F,T,0,0
7/8/2026,9:35:01 AM,SPXW,ML/,62,2.7574,,CALL,7515,0,17096,7/8/2026,WHITE,0,0,F,INDEX,,F,T,0,0
7/8/2026,9:40:15 AM,SPXW,ML/,74,3.94,,CALL,7515,0,29156,7/8/2026,WHITE,0,0,F,INDEX,,F,T,0,0
7/8/2026,9:49:34 AM,SPXW,ML/,220,2.694,,CALL,7515,0,59269,7/8/2026,WHITE,0,0,F,INDEX,,F,T,0,0
7/8/2026,9:49:59 AM,SPXW,BLOCK,54,2.5009,,CALL,7515,0,13505,7/8/2026,WHITE,0,0,F,INDEX,,F,T,0,0
7/8/2026,9:55:00 AM,SPXW,ML/,52,2.2029,,CALL,7515,0,11455,7/8/2026,WHITE,0,0,F,INDEX,,F,T,0,0
7/8/2026,9:58:36 AM,SPXW,ML/,131,2.8729,,CALL,7515,0,37635,7/8/2026,WHITE,0,0,F,INDEX,,F,T,0,0
7/8/2026,10:00:02 AM,SPXW,ML/,112,2.3926,,CALL,7515,0,26797,7/8/2026,WHITE,0,0,F,INDEX,,F,T,0,0
7/8/2026,10:00:28 AM,SPXW,ML/,75,2.2289,,CALL,7515,0,16717,7/8/2026,WHITE,0,0,F,INDEX,,F,T,0,0
7/8/2026,10:05:01 AM,SPXW,ML/,55,2.354,,CALL,7515,0,12947,7/8/2026,WHITE,0,0,F,INDEX,,F,T,0,0
7/8/2026,10:08:19 AM,SPXW,ML/,79,2.7419,,CALL,7515,0,21661,7/8/2026,WHITE,0,0,F,INDEX,,F,T,0,0
7/8/2026,10:21:50 AM,SPXW,ML/,51,2.058,,CALL,7515,0,10496,7/8/2026,WHITE,0,0,F,INDEX,,F,T,0,0
7/8/2026,10:23:07 AM,SPXW,ML/,51,2.2053,,CALL,7515,0,11247,7/8/2026,WHITE,0,0,F,INDEX,,F,T,0,0
7/8/2026,10:23:37 AM,SPXW,ML/,205,2.1541,,CALL,7515,0,44160,7/8/2026,WHITE,0,0,F,INDEX,,F,T,0,0
7/8/2026,10:25:01 AM,SPXW,ML/,102,1.7677,,CALL,7515,0,18031,7/8/2026,WHITE,0,0,F,INDEX,,F,T,0,0
7/8/2026,10:26:50 AM,SPXW,ML/,201,1.5403,,CALL,7515,0,30960,7/8/2026,WHITE,0,0,F,INDEX,,F,T,0,0
7/8/2026,10:30:03 AM,SPXW,ML/,98,1.2891,,CALL,7515,0,12633,7/8/2026,WHITE,0,0,F,INDEX,,F,T,0,0
7/8/2026,10:46:53 AM,SPXW,BLOCK,300,0.55,,CALL,7515,0,16500,7/8/2026,WHITE,0,0,F,INDEX,,F,T,0,0
7/8/2026,12:31:05 PM,SPXW,ML/,108,0.956,,CALL,7515,0,10325,7/8/2026,WHITE,0,0,F,INDEX,,F,T,0,0
7/8/2026,1:20:06 PM,SPXW,ML/,274,0.7816,,CALL,7515,0,21415,7/8/2026,WHITE,0,0,F,INDEX,,F,T,0,0
7/8/2026,1:21:08 PM,SPXW,ML/,217,0.78,,CALL,7515,0,16926,7/8/2026,WHITE,0,0,F,INDEX,,F,T,0,0
7/8/2026,1:25:03 PM,SPXW,ML/,186,1.1028,,CALL,7515,0,20513,7/8/2026,WHITE,0,0,F,INDEX,,F,T,0,0
7/8/2026,1:31:13 PM,SPXW,ML/,141,1.507,,CALL,7515,0,21248,7/8/2026,WHITE,0,0,F,INDEX,,F,T,0,0
7/8/2026,11:33:12 AM,SPXW,ML/,300,13.8,,PUT,7000,0,414000,7/24/2026,WHITE,0,16,F,INDEX,,F,T,0,0
7/8/2026,12:23:03 PM,SPXW,ML/,300,10.4705,,PUT,7000,0,314115,7/24/2026,WHITE,0,16,F,INDEX,,F,T,0,0
7/8/2026,2:41:19 PM,RUTW,SWEEP,83,3.2,A,PUT,2950,0,26560,7/8/2026,WHITE,0,0,F,INDEX,,F,T,0,0
7/8/2026,12:25:48 PM,SPXW,ML/,70,45.24,,PUT,7490,0,316680,7/9/2026,WHITE,0,1,F,INDEX,,F,T,0,0
7/8/2026,1:07:01 PM,SPXW,BLOCK,50,31.5,,PUT,7490,0,157500,7/9/2026,WHITE,0,1,F,INDEX,,F,T,0,0
7/8/2026,10:48:12 AM,SPXW,ML/,100,93.7752,,PUT,7420,0,937752,7/31/2026,WHITE,0,23,F,INDEX,,F,T,0,0
7/8/2026,10:55:27 AM,SPXW,ML/,98,5.06,,CALL,7800,0,49587,7/31/2026,WHITE,0,23,F,INDEX,,F,T,0,0
7/8/2026,11:57:03 AM,SPXW,ML/,70,2.678,,CALL,7750,0,18746,7/27/2026,WHITE,0,19,F,INDEX,,F,T,0,0
7/8/2026,3:29:10 PM,SPXW,ML/,50,102.34,,PUT,7500,0,511700,7/31/2026,WHITE,0,23,F,INDEX,,F,T,0,0
7/8/2026,10:52:59 AM,SPXW,ML/,50,22.29,,CALL,7550,0,111450,7/17/2026,WHITE,0,9,F,INDEX,,F,F,0,0
7/8/2026,1:18:31 PM,SPXW,ML/,50,25.12,,CALL,7550,0,125600,7/17/2026,WHITE,0,9,F,INDEX,,F,F,0,0
7/8/2026,2:34:22 PM,SPXW,ML/,101,24.7505,,CALL,7550,0,249980,7/17/2026,WHITE,0,9,F,INDEX,,F,F,0,0
7/8/2026,3:48:56 PM,SPXW,ML/,50,25.35,,CALL,7550,0,126750,7/17/2026,WHITE,0,9,F,INDEX,,F,F,0,0
7/8/2026,11:08:39 AM,SPXW,ML/,60,15.17,,CALL,7570,0,91020,7/17/2026,WHITE,0,9,F,INDEX,,F,F,0,0
7/8/2026,10:43:23 AM,SPXW,ML/,50,33.2,,PUT,7440,0,166000,7/10/2026,WHITE,0,2,F,INDEX,,F,T,0,0
7/8/2026,2:21:42 PM,SPXW,ML/,55,18.94,,PUT,7440,0,104170,7/10/2026,WHITE,0,2,F,INDEX,,F,T,0,0
7/8/2026,2:48:17 PM,SPXW,ML/,200,18.25,,PUT,7440,0,365000,7/10/2026,WHITE,0,2,F,INDEX,,F,T,0,0
7/8/2026,9:56:35 AM,SPXW,BLOCK,200,27,,PUT,7460,0,540000,7/9/2026,WHITE,0,1,F,INDEX,,F,T,0,0
7/8/2026,10:15:14 AM,SPXW,BLOCK,200,30,,PUT,7460,0,600000,7/9/2026,WHITE,0,1,F,INDEX,,F,T,0,0
7/8/2026,10:17:49 AM,SPXW,BLOCK,100,29,,PUT,7460,0,290000,7/9/2026,WHITE,0,1,F,INDEX,,F,T,0,0
7/8/2026,10:36:02 AM,SPXW,BLOCK,98,32,,PUT,7460,0,313600,7/9/2026,WHITE,0,1,F,INDEX,,F,T,0,0
7/8/2026,1:58:07 PM,SPXW,BLOCK,100,21.256,,PUT,7460,0,212560,7/9/2026,WHITE,0,1,F,INDEX,,F,T,0,0
7/8/2026,2:36:12 PM,SPXW,BLOCK,150,19.0053,,PUT,7460,0,285080,7/9/2026,WHITE,0,1,F,INDEX,,F,T,0,0
7/8/2026,2:48:17 PM,SPXW,ML/,400,16.7,,PUT,7460,0,668000,7/9/2026,WHITE,0,1,F,INDEX,,F,T,0,0
7/8/2026,11:08:59 AM,SPXW,ML/,381,48.0673,,PUT,7480,0,1831365,7/9/2026,WHITE,0,1,F,INDEX,,F,T,0,0
7/8/2026,2:07:55 PM,SPXW,BLOCK,79,25.3,,PUT,7480,0,199870,7/9/2026,WHITE,0,1,F,INDEX,,F,T,0,0
7/8/2026,2:24:41 PM,SPXW,BLOCK,79,24.5,,PUT,7480,0,193550,7/9/2026,WHITE,0,1,F,INDEX,,F,T,0,0
7/8/2026,3:57:27 PM,SPXW,BLOCK,69,18.9377,,PUT,7480,0,130669,7/9/2026,WHITE,0,1,F,INDEX,,F,T,0,0
7/8/2026,1:10:05 PM,SPXW,BLOCK,50,31.5,,PUT,7485,0,157500,7/9/2026,WHITE,0,1,F,INDEX,,F,T,0,0
7/8/2026,1:20:48 PM,SPXW,BLOCK,50,27.5,,PUT,7485,0,137500,7/9/2026,WHITE,0,1,F,INDEX,,F,T,0,0
7/8/2026,1:32:46 PM,SPXW,BLOCK,90,23.3,,PUT,7485,0,209700,7/9/2026,WHITE,0,1,F,INDEX,,F,T,0,0
7/8/2026,1:42:01 PM,SPXW,BLOCK,90,27.5544,,PUT,7485,0,247990,7/9/2026,WHITE,0,1,F,INDEX,,F,T,0,0
7/8/2026,10:00:21 AM,SPXW,ML/,80,5.3552,,PUT,7245,0,42842,7/13/2026,WHITE,0,5,F,INDEX,,F,T,0,0
7/8/2026,9:30:20 AM,VIX,BLOCK,2106,0.73,,CALL,20,0,153738,7/22/2026,WHITE,0,14,F,INDEX,,F,T,0,0
7/8/2026,10:14:19 AM,VIX,ML/,1000,0.76,,CALL,20,0,75999,7/22/2026,WHITE,0,14,F,INDEX,,F,T,0,0
7/8/2026,10:27:54 AM,VIX,ML/,3000,0.79,,CALL,20,0,237000,7/22/2026,WHITE,0,14,F,INDEX,,F,T,0,0
7/8/2026,10:37:54 AM,VIX,ML/,16200,0.84,,CALL,20,0,1360800,7/22/2026,WHITE,0,14,F,INDEX,,F,T,0,0
7/8/2026,10:39:12 AM,VIX,ML/,301,0.84,,CALL,20,0,25285,7/22/2026,WHITE,0,14,F,INDEX,,F,T,0,0
7/8/2026,10:39:50 AM,VIX,ML/,1000,0.87,,CALL,20,0,87000,7/22/2026,WHITE,0,14,F,INDEX,,F,T,0,0
7/8/2026,11:19:14 AM,VIX,BLOCK,500,0.96,,CALL,20,0,48000,7/22/2026,WHITE,0,14,F,INDEX,,F,T,0,0
7/8/2026,11:20:32 AM,VIX,ML/,1000,0.945,,CALL,20,0,94500,7/22/2026,WHITE,0,14,F,INDEX,,F,T,0,0
7/8/2026,11:22:12 AM,VIX,BLOCK,700,0.95,,CALL,20,0,66500,7/22/2026,WHITE,0,14,F,INDEX,,F,T,0,0
7/8/2026,1:45:42 PM,VIX,ML/,1000,0.67,,CALL,20,0,67000,7/22/2026,WHITE,0,14,F,INDEX,,F,T,0,0
7/8/2026,2:30:24 PM,VIX,ML/,6000,0.71,,CALL,20,0,426000,7/22/2026,WHITE,0,14,F,INDEX,,F,T,0,0
7/8/2026,2:44:11 PM,VIX,BLOCK,1100,0.69,,CALL,20,0,75900,7/22/2026,WHITE,0,14,F,INDEX,,F,T,0,0
7/8/2026,10:50:49 AM,SPX,ML/,100,136.37,,CALL,7600,0,1363700,9/18/2026,WHITE,0,72,F,INDEX,,F,F,0,0
7/8/2026,11:43:10 AM,SPX,ML/,50,134.02,,CALL,7600,0,670100,9/18/2026,WHITE,0,72,F,INDEX,,F,F,0,0
7/8/2026,11:44:38 AM,SPX,ML/,50,133.52,,CALL,7600,0,667600,9/18/2026,WHITE,0,72,F,INDEX,,F,F,0,0
7/8/2026,12:45:33 PM,SPX,ML/,50,143.5,,CALL,7600,0,717500,9/18/2026,WHITE,0,72,F,INDEX,,F,F,0,0
7/8/2026,2:04:29 PM,SPX,ML/,850,148.25,,CALL,7600,0,12601250,9/18/2026,WHITE,0,72,F,INDEX,,F,F,0,0
7/8/2026,3:08:45 PM,SPX,ML/,100,148.5,,CALL,7600,0,1485000,9/18/2026,WHITE,0,72,F,INDEX,,F,F,0,0
7/8/2026,3:25:17 PM,SPX,ML/,150,148.12,,CALL,7600,0,2221800,9/18/2026,WHITE,0,72,F,INDEX,,F,F,0,0
7/8/2026,10:51:57 AM,SPXW,ML/,75,17.8656,,CALL,7440,0,133992,7/8/2026,WHITE,0,0,F,INDEX,,F,T,0,0
7/8/2026,11:05:31 AM,SPXW,ML/,52,17.2944,,CALL,7440,0,89931,7/8/2026,WHITE,0,0,F,INDEX,,F,T,0,0
7/8/2026,11:19:43 AM,SPXW,ML/,67,16.0551,,CALL,7440,0,107569,7/8/2026,WHITE,0,0,F,INDEX,,F,T,0,0
7/8/2026,11:23:57 AM,SPXW,ML/,50,10.918,,CALL,7440,0,54590,7/8/2026,WHITE,0,0,F,INDEX,,F,T,0,0
7/8/2026,11:26:29 AM,SPXW,ML/,85,8.7812,,CALL,7440,0,74640,7/8/2026,WHITE,0,0,F,INDEX,,F,T,0,0
7/8/2026,11:30:10 AM,SPXW,ML/,267,9.5197,,CALL,7440,0,254175,7/8/2026,WHITE,0,0,F,INDEX,,F,T,0,0
7/8/2026,11:30:14 AM,SPXW,ML/,83,9.3012,,CALL,7440,0,77200,7/8/2026,WHITE,0,0,F,INDEX,,F,T,0,0
7/8/2026,11:30:15 AM,SPXW,ML/,108,9.1885,,CALL,7440,0,99235,7/8/2026,WHITE,0,0,F,INDEX,,F,T,0,0
7/8/2026,11:30:21 AM,SPXW,ML/,94,8.9957,,CALL,7440,0,84560,7/8/2026,WHITE,0,0,F,INDEX,,F,T,0,0
7/8/2026,11:30:32 AM,SPXW,ML/,66,8.2106,,CALL,7440,0,54190,7/8/2026,WHITE,0,0,F,INDEX,,F,T,0,0
7/8/2026,11:33:03 AM,SPXW,ML/,52,10.4571,,CALL,7440,0,54377,7/8/2026,WHITE,0,0,F,INDEX,,F,T,0,0
7/8/2026,11:37:15 AM,SPXW,BLOCK,53,13.2057,,CALL,7440,0,69990,7/8/2026,WHITE,0,0,F,INDEX,,F,T,0,0
7/8/2026,11:38:00 AM,SPXW,ML/,62,12.8071,,CALL,7440,0,79404,7/8/2026,WHITE,0,0,F,INDEX,,F,T,0,0
7/8/2026,11:40:04 AM,SPXW,ML/,53,12.1957,,CALL,7440,0,64637,7/8/2026,WHITE,0,0,F,INDEX,,F,T,0,0
7/8/2026,11:40:56 AM,SPXW,BLOCK,54,13.6796,,CALL,7440,0,73870,7/8/2026,WHITE,0,0,F,INDEX,,F,T,0,0
7/8/2026,11:43:19 AM,SPXW,ML/,81,12.6704,,CALL,7440,0,102630,7/8/2026,WHITE,0,0,F,INDEX,,F,T,0,0
7/8/2026,11:45:30 AM,SPXW,ML/,59,10.6492,,CALL,7440,0,62830,7/8/2026,WHITE,0,0,F,INDEX,,F,T,0,0
7/8/2026,11:45:44 AM,SPXW,ML/,101,11,,CALL,7440,0,111100,7/8/2026,WHITE,0,0,F,INDEX,,F,T,0,0
7/8/2026,11:50:52 AM,SPXW,ML/,110,9.7455,,CALL,7440,0,107200,7/8/2026,WHITE,0,0,F,INDEX,,F,T,0,0
7/8/2026,11:50:58 AM,SPXW,ML/,53,10.0098,,CALL,7440,0,53052,7/8/2026,WHITE,0,0,F,INDEX,,F,T,0,0
7/8/2026,11:55:27 AM,SPXW,ML/,121,10.845,,CALL,7440,0,131225,7/8/2026,WHITE,0,0,F,INDEX,,F,T,0,0
7/8/2026,11:56:56 AM,SPXW,BLOCK,102,9.5,,CALL,7440,0,96900,7/8/2026,WHITE,0,0,F,INDEX,,F,T,0,0
7/8/2026,11:57:11 AM,SPXW,ML/,104,9.5692,,CALL,7440,0,99520,7/8/2026,WHITE,0,0,F,INDEX,,F,T,0,0
7/8/2026,12:00:30 PM,SPXW,BLOCK,79,12.5658,,CALL,7440,0,99270,7/8/2026,WHITE,0,0,F,INDEX,,F,T,0,0
7/8/2026,12:00:50 PM,SPXW,ML/,54,13.3028,,CALL,7440,0,71835,7/8/2026,WHITE,0,0,F,INDEX,,F,T,0,0
7/8/2026,12:03:49 PM,SPXW,ML/,64,13.2166,,CALL,7440,0,84586,7/8/2026,WHITE,0,0,F,INDEX,,F,T,0,0
7/8/2026,12:05:01 PM,SPXW,ML/,62,13.8953,,CALL,7440,0,86151,7/8/2026,WHITE,0,0,F,INDEX,,F,T,0,0
7/8/2026,12:05:30 PM,SPXW,BLOCK,51,14.4902,,CALL,7440,0,73900,7/8/2026,WHITE,0,0,F,INDEX,,F,T,0,0
7/8/2026,12:05:32 PM,SPXW,ML/,206,15.2715,,CALL,7440,0,314592,7/8/2026,WHITE,0,0,F,INDEX,,F,T,0,0
7/8/2026,12:05:37 PM,SPXW,ML/,68,15.3691,,CALL,7440,0,104509,7/8/2026,WHITE,0,0,F,INDEX,,F,T,0,0
7/8/2026,12:08:18 PM,SPXW,ML/,61,13.2928,,CALL,7440,0,81086,7/8/2026,WHITE,0,0,F,INDEX,,F,T,0,0
7/8/2026,12:08:23 PM,SPXW,BLOCK,56,12.9518,,CALL,7440,0,72530,7/8/2026,WHITE,0,0,F,INDEX,,F,T,0,0
7/8/2026,12:08:28 PM,SPXW,BLOCK,51,13.002,,CALL,7440,0,66310,7/8/2026,WHITE,0,0,F,INDEX,,F,T,0,0
7/8/2026,12:09:47 PM,SPXW,BLOCK,115,15.7757,,CALL,7440,0,181420,7/8/2026,WHITE,0,0,F,INDEX,,F,T,0,0
7/8/2026,12:10:04 PM,SPXW,ML/,62,16.3165,,CALL,7440,0,101162,7/8/2026,WHITE,0,0,F,INDEX,,F,T,0,0
7/8/2026,12:10:13 PM,SPXW,BLOCK,102,16.4735,,CALL,7440,0,168030,7/8/2026,WHITE,0,0,F,INDEX,,F,T,0,0
7/8/2026,12:10:33 PM,SPXW,ML/,53,17.1791,,CALL,7440,0,91049,7/8/2026,WHITE,0,0,F,INDEX,,F,T,0,0
7/8/2026,12:11:46 PM,SPXW,BLOCK,52,17.6462,,CALL,7440,0,91760,7/8/2026,WHITE,0,0,F,INDEX,,F,T,0,0
7/8/2026,12:21:49 PM,SPXW,BLOCK,51,24.5392,,CALL,7440,0,125150,7/8/2026,WHITE,0,0,F,INDEX,,F,T,0,0
7/8/2026,12:34:22 PM,SPXW,BLOCK,53,25.5038,,CALL,7440,0,135170,7/8/2026,WHITE,0,0,F,INDEX,,F,T,0,0
7/8/2026,12:53:16 PM,SPXW,ML/,100,35.15,,CALL,7440,0,351499,7/8/2026,WHITE,0,0,F,INDEX,,F,T,0,0
7/8/2026,9:37:48 AM,SPXW,BLOCK,310,8.2,,PUT,7430,0,254200,7/8/2026,WHITE,0,0,F,INDEX,,F,T,0,0
7/8/2026,9:38:33 AM,SPXW,ML/,50,9.2,,PUT,7430,0,45999,7/8/2026,WHITE,0,0,F,INDEX,,F,T,0,0
7/8/2026,9:44:37 AM,SPXW,ML/,52,6.7019,,PUT,7430,0,34850,7/8/2026,WHITE,0,0,F,INDEX,,F,T,0,0
7/8/2026,9:53:54 AM,SPXW,BLOCK,54,7.4,,PUT,7430,0,39960,7/8/2026,WHITE,0,0,F,INDEX,,F,T,0,0
7/8/2026,10:02:00 AM,SPXW,ML/,62,6.554,,PUT,7430,0,40635,7/8/2026,WHITE,0,0,F,INDEX,,F,T,0,0
7/8/2026,10:03:13 AM,SPXW,ML/,52,7.2098,,PUT,7430,0,37491,7/8/2026,WHITE,0,0,F,INDEX,,F,T,0,0
7/8/2026,10:04:28 AM,SPXW,ML/,50,6.7264,,PUT,7430,0,33632,7/8/2026,WHITE,0,0,F,INDEX,,F,T,0,0
7/8/2026,10:05:52 AM,SPXW,ML/,50,5.3452,,PUT,7430,0,26726,7/8/2026,WHITE,0,0,F,INDEX,,F,T,0,0
7/8/2026,10:09:40 AM,SPXW,ML/,83,5.6445,,PUT,7430,0,46848,7/8/2026,WHITE,0,0,F,INDEX,,F,T,0,0
7/8/2026,10:11:35 AM,SPXW,ML/,56,6.4973,,PUT,7430,0,36385,7/8/2026,WHITE,0,0,F,INDEX,,F,T,0,0
7/8/2026,10:12:10 AM,SPXW,BLOCK,150,7.5,,PUT,7430,0,112500,7/8/2026,WHITE,0,0,F,INDEX,,F,T,0,0
7/8/2026,10:12:30 AM,SPXW,ML/,55,8.2991,,PUT,7430,0,45645,7/8/2026,WHITE,0,0,F,INDEX,,F,T,0,0
7/8/2026,10:12:51 AM,SPXW,BLOCK,67,8.4134,,PUT,7430,0,56370,7/8/2026,WHITE,0,0,F,INDEX,,F,T,0,0
7/8/2026,10:37:01 AM,SPXW,ML/,92,9.9173,,PUT,7430,0,91239,7/8/2026,WHITE,0,0,F,INDEX,,F,T,0,0
7/8/2026,10:40:12 AM,SPXW,ML/,66,9.4576,,PUT,7430,0,62420,7/8/2026,WHITE,0,0,F,INDEX,,F,T,0,0
7/8/2026,10:40:53 AM,SPXW,ML/,90,9.65,,PUT,7430,0,86850,7/8/2026,WHITE,0,0,F,INDEX,,F,T,0,0
7/8/2026,10:43:14 AM,SPXW,BLOCK,56,9.7804,,PUT,7430,0,54770,7/8/2026,WHITE,0,0,F,INDEX,,F,T,0,0
7/8/2026,10:45:43 AM,SPXW,ML/,190,10.6047,,PUT,7430,0,201489,7/8/2026,WHITE,0,0,F,INDEX,,F,T,0,0
7/8/2026,10:49:58 AM,SPXW,ML/,92,11.6487,,PUT,7430,0,107168,7/8/2026,WHITE,0,0,F,INDEX,,F,T,0,0
7/8/2026,10:50:08 AM,SPXW,ML/,108,12.0569,,PUT,7430,0,130215,7/8/2026,WHITE,0,0,F,INDEX,,F,T,0,0
7/8/2026,10:50:10 AM,SPXW,ML/,64,12.4442,,PUT,7430,0,79643,7/8/2026,WHITE,0,0,F,INDEX,,F,T,0,0
7/8/2026,10:50:26 AM,SPXW,ML/,58,12.9667,,PUT,7430,0,75207,7/8/2026,WHITE,0,0,F,INDEX,,F,T,0,0
7/8/2026,10:50:28 AM,SPXW,ML/,76,13.2721,,PUT,7430,0,100868,7/8/2026,WHITE,0,0,F,INDEX,,F,T,0,0
7/8/2026,10:50:30 AM,SPXW,ML/,68,13.3013,,PUT,7430,0,90449,7/8/2026,WHITE,0,0,F,INDEX,,F,T,0,0
7/8/2026,10:50:38 AM,SPXW,ML/,78,13.8468,,PUT,7430,0,108005,7/8/2026,WHITE,0,0,F,INDEX,,F,T,0,0
7/8/2026,10:50:41 AM,SPXW,ML/,54,13.7878,,PUT,7430,0,74454,7/8/2026,WHITE,0,0,F,INDEX,,F,T,0,0
7/8/2026,10:53:46 AM,SPXW,ML/,175,8.2273,,PUT,7430,0,143977,7/8/2026,WHITE,0,0,F,INDEX,,F,T,0,0
7/8/2026,10:57:07 AM,SPXW,ML/,95,9.7216,,PUT,7430,0,92355,7/8/2026,WHITE,0,0,F,INDEX,,F,T,0,0
7/8/2026,10:59:50 AM,SPXW,ML/,51,10.349,,PUT,7430,0,52779,7/8/2026,WHITE,0,0,F,INDEX,,F,T,0,0
7/8/2026,11:09:13 AM,SPXW,SWEEP,51,9.8059,A,PUT,7430,0,50010,7/8/2026,WHITE,0,0,F,INDEX,,F,T,0,0
7/8/2026,11:16:20 AM,SPXW,ML/,87,14.3239,,PUT,7430,0,124618,7/8/2026,WHITE,0,0,F,INDEX,,F,T,0,0
7/8/2026,11:17:20 AM,SPXW,ML/,58,15.0547,,PUT,7430,0,87317,7/8/2026,WHITE,0,0,F,INDEX,,F,T,0,0
7/8/2026,11:17:26 AM,SPXW,BLOCK,137,15.1445,,PUT,7430,0,207479,7/8/2026,WHITE,0,0,F,INDEX,,F,T,0,0
7/8/2026,11:17:34 AM,SPXW,ML/,532,15.6376,,PUT,7430,0,831919,7/8/2026,WHITE,0,0,F,INDEX,,F,T,0,0
7/8/2026,11:18:01 AM,SPXW,ML/,59,15.5373,,PUT,7430,0,91670,7/8/2026,WHITE,0,0,F,INDEX,,F,T,0,0
7/8/2026,11:18:15 AM,SPXW,ML/,51,14.5412,,PUT,7430,0,74160,7/8/2026,WHITE,0,0,F,INDEX,,F,T,0,0
7/8/2026,11:18:19 AM,SPXW,ML/,147,13.712,,PUT,7430,0,201567,7/8/2026,WHITE,0,0,F,INDEX,,F,T,0,0
7/8/2026,11:18:41 AM,SPXW,ML/,222,13.6995,,PUT,7430,0,304130,7/8/2026,WHITE,0,0,F,INDEX,,F,T,0,0
7/8/2026,11:19:05 AM,SPXW,ML/,108,12.4509,,PUT,7430,0,134469,7/8/2026,WHITE,0,0,F,INDEX,,F,T,0,0
7/8/2026,11:19:25 AM,SPXW,ML/,54,11.9659,,PUT,7430,0,64616,7/8/2026,WHITE,0,0,F,INDEX,,F,T,0,0
7/8/2026,11:19:29 AM,SPXW,ML/,54,12.4185,,PUT,7430,0,67060,7/8/2026,WHITE,0,0,F,INDEX,,F,T,0,0
7/8/2026,11:20:42 AM,SPXW,ML/,212,11.3106,,PUT,7430,0,239785,7/8/2026,WHITE,0,0,F,INDEX,,F,T,0,0
7/8/2026,11:22:28 AM,SPXW,ML/,60,13.3692,,PUT,7430,0,80215,7/8/2026,WHITE,0,0,F,INDEX,,F,T,0,0
7/8/2026,11:23:31 AM,SPXW,ML/,140,14.6606,,PUT,7430,0,205248,7/8/2026,WHITE,0,0,F,INDEX,,F,T,0,0
7/8/2026,11:23:35 AM,SPXW,ML/,52,14.9417,,PUT,7430,0,77697,7/8/2026,WHITE,0,0,F,INDEX,,F,T,0,0
7/8/2026,11:23:46 AM,SPXW,ML/,71,15.5007,,PUT,7430,0,110055,7/8/2026,WHITE,0,0,F,INDEX,,F,T,0,0
7/8/2026,11:23:52 AM,SPXW,BLOCK,118,15.3678,,PUT,7430,0,181340,7/8/2026,WHITE,0,0,F,INDEX,,F,T,0,0
7/8/2026,11:24:01 AM,SPXW,ML/,62,16.1306,,PUT,7430,0,100010,7/8/2026,WHITE,0,0,F,INDEX,,F,T,0,0
7/8/2026,11:24:25 AM,SPXW,ML/,85,16.9352,,PUT,7430,0,143949,7/8/2026,WHITE,0,0,F,INDEX,,F,T,0,0
7/8/2026,11:24:30 AM,SPXW,ML/,64,16.2641,,PUT,7430,0,104090,7/8/2026,WHITE,0,0,F,INDEX,,F,T,0,0
7/8/2026,11:25:08 AM,SPXW,ML/,78,17.4491,,PUT,7430,0,136103,7/8/2026,WHITE,0,0,F,INDEX,,F,T,0,0
7/8/2026,11:25:41 AM,SPXW,ML/,56,18.1821,,PUT,7430,0,101820,7/8/2026,WHITE,0,0,F,INDEX,,F,T,0,0
7/8/2026,11:26:02 AM,SPXW,ML/,58,17.4978,,PUT,7430,0,101487,7/8/2026,WHITE,0,0,F,INDEX,,F,T,0,0
7/8/2026,11:26:25 AM,SPXW,ML/,81,19.2835,,PUT,7430,0,156196,7/8/2026,WHITE,0,0,F,INDEX,,F,T,0,0
7/8/2026,11:35:41 AM,SPXW,BLOCK,189,13.5,,PUT,7430,0,255150,7/8/2026,WHITE,0,0,F,INDEX,,F,T,0,0
7/8/2026,11:36:27 AM,SPXW,ML/,199,13.4003,,PUT,7430,0,266665,7/8/2026,WHITE,0,0,F,INDEX,,F,T,0,0
7/8/2026,11:38:08 AM,SPXW,BLOCK,51,12.4235,,PUT,7430,0,63360,7/8/2026,WHITE,0,0,F,INDEX,,F,T,0,0
7/8/2026,11:39:38 AM,SPXW,ML/,54,13.9537,,PUT,7430,0,75350,7/8/2026,WHITE,0,0,F,INDEX,,F,T,0,0
7/8/2026,11:39:47 AM,SPXW,ML/,237,13.9788,,PUT,7430,0,331298,7/8/2026,WHITE,0,0,F,INDEX,,F,T,0,0
7/8/2026,11:41:47 AM,SPXW,BLOCK,100,12.348,,PUT,7430,0,123480,7/8/2026,WHITE,0,0,F,INDEX,,F,T,0,0
7/8/2026,11:42:53 AM,SPXW,ML/,58,13.8702,,PUT,7430,0,80447,7/8/2026,WHITE,0,0,F,INDEX,,F,T,0,0
7/8/2026,11:43:32 AM,SPXW,BLOCK,50,13.904,,PUT,7430,0,69520,7/8/2026,WHITE,0,0,F,INDEX,,F,T,0,0
7/8/2026,11:45:06 AM,SPXW,BLOCK,153,14.4902,,PUT,7430,0,221700,7/8/2026,WHITE,0,0,F,INDEX,,F,T,0,0
7/8/2026,11:45:13 AM,SPXW,BLOCK,182,14.5011,,PUT,7430,0,263920,7/8/2026,WHITE,0,0,F,INDEX,,F,T,0,0
7/8/2026,11:45:36 AM,SPXW,BLOCK,67,15.0463,,PUT,7430,0,100810,7/8/2026,WHITE,0,0,F,INDEX,,F,T,0,0
7/8/2026,11:45:43 AM,SPXW,ML/,52,14.9885,,PUT,7430,0,77940,7/8/2026,WHITE,0,0,F,INDEX,,F,T,0,0
7/8/2026,11:45:53 AM,SPXW,BLOCK,71,13.9535,,PUT,7430,0,99070,7/8/2026,WHITE,0,0,F,INDEX,,F,T,0,0
7/8/2026,11:46:24 AM,SPXW,BLOCK,50,12.698,,PUT,7430,0,63490,7/8/2026,WHITE,0,0,F,INDEX,,F,T,0,0
7/8/2026,11:46:28 AM,SPXW,ML/,179,12.6746,,PUT,7430,0,226875,7/8/2026,WHITE,0,0,F,INDEX,,F,T,0,0
7/8/2026,11:46:30 AM,SPXW,BLOCK,135,12.6985,,PUT,7430,0,171430,7/8/2026,WHITE,0,0,F,INDEX,,F,T,0,0
7/8/2026,11:50:07 AM,SPXW,BLOCK,113,14.9027,,PUT,7430,0,168400,7/8/2026,WHITE,0,0,F,INDEX,,F,T,0,0
7/8/2026,11:50:10 AM,SPXW,ML/,191,14.9068,,PUT,7430,0,284720,7/8/2026,WHITE,0,0,F,INDEX,,F,T,0,0
7/8/2026,11:50:49 AM,SPXW,ML/,76,14.9646,,PUT,7430,0,113731,7/8/2026,WHITE,0,0,F,INDEX,,F,T,0,0
7/8/2026,11:50:52 AM,SPXW,ML/,127,15.0109,,PUT,7430,0,190639,7/8/2026,WHITE,0,0,F,INDEX,,F,T,0,0
7/8/2026,11:51:38 AM,SPXW,ML/,52,15.265,,PUT,7430,0,79378,7/8/2026,WHITE,0,0,F,INDEX,,F,T,0,0
7/8/2026,11:51:46 AM,SPXW,ML/,60,15.9913,,PUT,7430,0,95948,7/8/2026,WHITE,0,0,F,INDEX,,F,T,0,0
7/8/2026,11:51:50 AM,SPXW,BLOCK,100,16.163,,PUT,7430,0,161630,7/8/2026,WHITE,0,0,F,INDEX,,F,T,0,0
7/8/2026,11:55:00 AM,SPXW,BLOCK,167,13.918,,PUT,7430,0,232430,7/8/2026,WHITE,0,0,F,INDEX,,F,T,0,0
7/8/2026,11:55:27 AM,SPXW,ML/,106,13.3974,,PUT,7430,0,142012,7/8/2026,WHITE,0,0,F,INDEX,,F,T,0,0
7/8/2026,11:56:46 AM,SPXW,BLOCK,69,15.3855,,PUT,7430,0,106159,7/8/2026,WHITE,0,0,F,INDEX,,F,T,0,0
7/8/2026,11:59:59 AM,SPXW,ML/,77,13.1401,,PUT,7430,0,101179,7/8/2026,WHITE,0,0,F,INDEX,,F,T,0,0
7/8/2026,12:00:29 PM,SPXW,ML/,152,11.3217,,PUT,7430,0,172090,7/8/2026,WHITE,0,0,F,INDEX,,F,T,0,0
7/8/2026,12:00:36 PM,SPXW,BLOCK,61,11.6984,,PUT,7430,0,71359,7/8/2026,WHITE,0,0,F,INDEX,,F,T,0,0
7/8/2026,12:05:05 PM,SPXW,BLOCK,50,10.2,,PUT,7430,0,51000,7/8/2026,WHITE,0,0,F,INDEX,,F,T,0,0
7/8/2026,12:05:35 PM,SPXW,ML/,131,9.0551,,PUT,7430,0,118622,7/8/2026,WHITE,0,0,F,INDEX,,F,T,0,0
7/8/2026,12:05:58 PM,SPXW,BLOCK,50,9.8,,PUT,7430,0,49000,7/8/2026,WHITE,0,0,F,INDEX,,F,T,0,0
7/8/2026,12:10:03 PM,SPXW,ML/,97,8.1394,,PUT,7430,0,78952,7/8/2026,WHITE,0,0,F,INDEX,,F,T,0,0
7/8/2026,12:10:09 PM,SPXW,BLOCK,100,8.286,,PUT,7430,0,82860,7/8/2026,WHITE,0,0,F,INDEX,,F,T,0,0
7/8/2026,12:11:13 PM,SPXW,ML/,99,7.1746,,PUT,7430,0,71029,7/8/2026,WHITE,0,0,F,INDEX,,F,T,0,0
7/8/2026,12:11:42 PM,SPXW,ML/,50,7.31,,PUT,7430,0,36550,7/8/2026,WHITE,0,0,F,INDEX,,F,T,0,0
7/8/2026,12:13:39 PM,SPXW,ML/,51,6.8039,,PUT,7430,0,34700,7/8/2026,WHITE,0,0,F,INDEX,,F,T,0,0
7/8/2026,12:17:14 PM,SPXW,ML/,61,6.3969,,PUT,7430,0,39021,7/8/2026,WHITE,0,0,F,INDEX,,F,T,0,0
7/8/2026,12:17:33 PM,SPXW,BLOCK,205,6.1444,,PUT,7430,0,125959,7/8/2026,WHITE,0,0,F,INDEX,,F,T,0,0
7/8/2026,12:21:58 PM,SPXW,ML/,52,4.8408,,PUT,7430,0,25172,7/8/2026,WHITE,0,0,F,INDEX,,F,T,0,0
7/8/2026,12:22:58 PM,SPXW,ML/,197,5.0703,,PUT,7430,0,99883,7/8/2026,WHITE,0,0,F,INDEX,,F,T,0,0
7/8/2026,12:24:17 PM,SPXW,ML/,86,5.5629,,PUT,7430,0,47841,7/8/2026,WHITE,0,0,F,INDEX,,F,T,0,0
7/8/2026,12:24:35 PM,SPXW,ML/,64,5.1856,,PUT,7430,0,33188,7/8/2026,WHITE,0,0,F,INDEX,,F,T,0,0
7/8/2026,12:27:37 PM,SPXW,ML/,51,4.2798,,PUT,7430,0,21827,7/8/2026,WHITE,0,0,F,INDEX,,F,T,0,0
7/8/2026,12:35:25 PM,SPXW,BLOCK,60,3.6567,,PUT,7430,0,21940,7/8/2026,WHITE,0,0,F,INDEX,,F,T,0,0
7/8/2026,12:40:36 PM,SPXW,ML/,83,3.4102,,PUT,7430,0,28305,7/8/2026,WHITE,0,0,F,INDEX,,F,T,0,0
7/8/2026,12:40:43 PM,SPXW,ML/,76,2.9546,,PUT,7430,0,22455,7/8/2026,WHITE,0,0,F,INDEX,,F,T,0,0
7/8/2026,12:40:55 PM,SPXW,ML/,67,2.67,,PUT,7430,0,17889,7/8/2026,WHITE,0,0,F,INDEX,,F,T,0,0
7/8/2026,12:44:08 PM,SPXW,ML/,54,2.5354,,PUT,7430,0,13691,7/8/2026,WHITE,0,0,F,INDEX,,F,T,0,0
7/8/2026,12:45:47 PM,SPXW,ML/,510,2.7006,,PUT,7430,0,137731,7/8/2026,WHITE,0,0,F,INDEX,,F,T,0,0
7/8/2026,12:48:29 PM,SPXW,ML/,58,2.1966,,PUT,7430,0,12740,7/8/2026,WHITE,0,0,F,INDEX,,F,T,0,0
7/8/2026,12:50:17 PM,SPXW,ML/,155,1.8942,,PUT,7430,0,29360,7/8/2026,WHITE,0,0,F,INDEX,,F,T,0,0
7/8/2026,12:58:05 PM,SPXW,ML/,60,1.733,,PUT,7430,0,10398,7/8/2026,WHITE,0,0,F,INDEX,,F,T,0,0
7/8/2026,1:01:04 PM,SPXW,BLOCK,50,2,,PUT,7430,0,10000,7/8/2026,WHITE,0,0,F,INDEX,,F,T,0,0
7/8/2026,1:02:55 PM,SPXW,ML/,51,2,,PUT,7430,0,10200,7/8/2026,WHITE,0,0,F,INDEX,,F,T,0,0
7/8/2026,1:12:23 PM,SPXW,BLOCK,90,1.85,,PUT,7430,0,16650,7/8/2026,WHITE,0,0,F,INDEX,,F,T,0,0
7/8/2026,1:17:29 PM,SPXW,ML/,75,1.5,,PUT,7430,0,11250,7/8/2026,WHITE,0,0,F,INDEX,,F,T,0,0
7/8/2026,1:20:15 PM,SPXW,ML/,110,1.0502,,PUT,7430,0,11552,7/8/2026,WHITE,0,0,F,INDEX,,F,T,0,0
7/8/2026,1:25:26 PM,SPXW,BLOCK,215,0.7493,,PUT,7430,0,16110,7/8/2026,WHITE,0,0,F,INDEX,,F,T,0,0
7/8/2026,1:28:43 PM,SPXW,BLOCK,200,0.75,,PUT,7430,0,15000,7/8/2026,WHITE,0,0,F,INDEX,,F,T,0,0
7/8/2026,1:39:18 PM,SPXW,ML/,250,0.85,,PUT,7430,0,21250,7/8/2026,WHITE,0,0,F,INDEX,,F,T,0,0
7/8/2026,1:55:47 PM,SPXW,BLOCK,200,1.75,,PUT,7430,0,35000,7/8/2026,WHITE,0,0,F,INDEX,,F,T,0,0
7/8/2026,1:55:50 PM,SPXW,BLOCK,58,1.7345,,PUT,7430,0,10060,7/8/2026,WHITE,0,0,F,INDEX,,F,T,0,0
7/8/2026,1:59:27 PM,SPXW,ML/,115,1.2474,,PUT,7430,0,14344,7/8/2026,WHITE,0,0,F,INDEX,,F,T,0,0
7/8/2026,1:59:56 PM,SPXW,BLOCK,86,1.35,,PUT,7430,0,11610,7/8/2026,WHITE,0,0,F,INDEX,,F,T,0,0
7/8/2026,9:35:04 AM,SPXW,ML/,60,19.8987,,PUT,7460,0,119392,7/8/2026,WHITE,0,0,F,INDEX,,F,T,0,0
7/8/2026,9:44:34 AM,SPXW,ML/,52,15.09,,PUT,7460,0,78468,7/8/2026,WHITE,0,0,F,INDEX,,F,T,0,0
7/8/2026,9:49:41 AM,SPXW,BLOCK,77,17.5338,,PUT,7460,0,135010,7/8/2026,WHITE,0,0,F,INDEX,,F,T,0,0
7/8/2026,9:51:41 AM,SPXW,BLOCK,65,15.1985,,PUT,7460,0,98790,7/8/2026,WHITE,0,0,F,INDEX,,F,T,0,0
7/8/2026,9:55:34 AM,SPXW,ML/,68,18.6434,,PUT,7460,0,126775,7/8/2026,WHITE,0,0,F,INDEX,,F,T,0,0
7/8/2026,9:56:35 AM,SPXW,ML/,71,16.9268,,PUT,7460,0,120180,7/8/2026,WHITE,0,0,F,INDEX,,F,T,0,0
7/8/2026,9:57:17 AM,SPXW,BLOCK,51,15.398,,PUT,7460,0,78530,7/8/2026,WHITE,0,0,F,INDEX,,F,T,0,0
7/8/2026,10:00:37 AM,SPXW,ML/,75,15.9,,PUT,7460,0,119250,7/8/2026,WHITE,0,0,F,INDEX,,F,T,0,0
7/8/2026,10:00:47 AM,SPXW,ML/,53,15.1004,,PUT,7460,0,80032,7/8/2026,WHITE,0,0,F,INDEX,,F,T,0,0
7/8/2026,10:03:49 AM,SPXW,BLOCK,51,15.8706,,PUT,7460,0,80940,7/8/2026,WHITE,0,0,F,INDEX,,F,T,0,0
7/8/2026,10:06:05 AM,SPXW,ML/,52,13.3971,,PUT,7460,0,69665,7/8/2026,WHITE,0,0,F,INDEX,,F,T,0,0
7/8/2026,10:09:40 AM,SPXW,ML/,64,13.2705,,PUT,7460,0,84931,7/8/2026,WHITE,0,0,F,INDEX,,F,T,0,0
7/8/2026,10:11:21 AM,SPXW,ML/,53,16.1457,,PUT,7460,0,85571,7/8/2026,WHITE,0,0,F,INDEX,,F,T,0,0
7/8/2026,10:11:32 AM,SPXW,BLOCK,51,15.3039,,PUT,7460,0,78050,7/8/2026,WHITE,0,0,F,INDEX,,F,T,0,0
7/8/2026,10:11:37 AM,SPXW,BLOCK,104,14.9413,,PUT,7460,0,155390,7/8/2026,WHITE,0,0,F,INDEX,,F,T,0,0
7/8/2026,10:11:58 AM,SPXW,ML/,58,17.0648,,PUT,7460,0,98976,7/8/2026,WHITE,0,0,F,INDEX,,F,T,0,0
7/8/2026,10:12:22 AM,SPXW,ML/,130,18.6207,,PUT,7460,0,242069,7/8/2026,WHITE,0,0,F,INDEX,,F,T,0,0
7/8/2026,10:12:33 AM,SPXW,ML/,78,18.5404,,PUT,7460,0,144615,7/8/2026,WHITE,0,0,F,INDEX,,F,T,0,0
7/8/2026,10:15:15 AM,SPXW,ML/,90,19.6159,,PUT,7460,0,176543,7/8/2026,WHITE,0,0,F,INDEX,,F,T,0,0
7/8/2026,10:15:21 AM,SPXW,ML/,83,20.0101,,PUT,7460,0,166084,7/8/2026,WHITE,0,0,F,INDEX,,F,T,0,0
7/8/2026,10:15:27 AM,SPXW,BLOCK,64,20.1422,,PUT,7460,0,128909,7/8/2026,WHITE,0,0,F,INDEX,,F,T,0,0
7/8/2026,10:15:29 AM,SPXW,BLOCK,56,20.0661,,PUT,7460,0,112370,7/8/2026,WHITE,0,0,F,INDEX,,F,T,0,0
7/8/2026,10:16:08 AM,SPXW,ML/,143,20.2818,,PUT,7460,0,290030,7/8/2026,WHITE,0,0,F,INDEX,,F,T,0,0
7/8/2026,10:17:20 AM,SPXW,ML/,72,20.9499,,PUT,7460,0,150839,7/8/2026,WHITE,0,0,F,INDEX,,F,T,0,0
7/8/2026,10:18:08 AM,SPXW,BLOCK,56,17.1857,,PUT,7460,0,96240,7/8/2026,WHITE,0,0,F,INDEX,,F,T,0,0
7/8/2026,10:19:17 AM,SPXW,BLOCK,103,19.833,,PUT,7460,0,204280,7/8/2026,WHITE,0,0,F,INDEX,,F,T,0,0
7/8/2026,10:20:41 AM,SPXW,ML/,111,16.7036,,PUT,7460,0,185410,7/8/2026,WHITE,0,0,F,INDEX,,F,T,0,0
7/8/2026,10:21:15 AM,SPXW,ML/,115,14.8675,,PUT,7460,0,170976,7/8/2026,WHITE,0,0,F,INDEX,,F,T,0,0
7/8/2026,10:23:43 AM,SPXW,BLOCK,117,13.8462,,PUT,7460,0,162000,7/8/2026,WHITE,0,0,F,INDEX,,F,T,0,0
7/8/2026,10:27:00 AM,SPXW,ML/,52,15.5183,,PUT,7460,0,80695,7/8/2026,WHITE,0,0,F,INDEX,,F,T,0,0
7/8/2026,10:27:08 AM,SPXW,ML/,234,18.5508,,PUT,7460,0,434089,7/8/2026,WHITE,0,0,F,INDEX,,F,T,0,0
7/8/2026,10:27:17 AM,SPXW,ML/,85,18.6976,,PUT,7460,0,158930,7/8/2026,WHITE,0,0,F,INDEX,,F,T,0,0
7/8/2026,10:27:43 AM,SPXW,BLOCK,79,15.8291,,PUT,7460,0,125050,7/8/2026,WHITE,0,0,F,INDEX,,F,T,0,0
7/8/2026,10:28:15 AM,SPXW,BLOCK,80,16.9988,,PUT,7460,0,135990,7/8/2026,WHITE,0,0,F,INDEX,,F,T,0,0
7/8/2026,10:35:54 AM,SPXW,ML/,52,20.2917,,PUT,7460,0,105517,7/8/2026,WHITE,0,0,F,INDEX,,F,T,0,0
7/8/2026,10:37:06 AM,SPXW,ML/,86,21.6494,,PUT,7460,0,186185,7/8/2026,WHITE,0,0,F,INDEX,,F,T,0,0
7/8/2026,10:37:22 AM,SPXW,BLOCK,52,21.3962,,PUT,7460,0,111259,7/8/2026,WHITE,0,0,F,INDEX,,F,T,0,0
7/8/2026,10:37:25 AM,SPXW,BLOCK,71,21.4535,,PUT,7460,0,152320,7/8/2026,WHITE,0,0,F,INDEX,,F,T,0,0
7/8/2026,10:37:39 AM,SPXW,BLOCK,54,18.8093,,PUT,7460,0,101570,7/8/2026,WHITE,0,0,F,INDEX,,F,T,0,0
7/8/2026,10:38:04 AM,SPXW,BLOCK,60,20.4,,PUT,7460,0,122400,7/8/2026,WHITE,0,0,F,INDEX,,F,T,0,0
7/8/2026,10:38:51 AM,SPXW,ML/,102,21.9805,,PUT,7460,0,224201,7/8/2026,WHITE,0,0,F,INDEX,,F,T,0,0
7/8/2026,10:40:56 AM,SPXW,ML/,67,20.8418,,PUT,7460,0,139640,7/8/2026,WHITE,0,0,F,INDEX,,F,T,0,0
7/8/2026,10:41:14 AM,SPXW,BLOCK,103,21.7311,,PUT,7460,0,223830,7/8/2026,WHITE,0,0,F,INDEX,,F,T,0,0
7/8/2026,10:45:44 AM,SPXW,ML/,109,24.6,,PUT,7460,0,268140,7/8/2026,WHITE,0,0,F,INDEX,,F,T,0,0
7/8/2026,10:46:08 AM,SPXW,BLOCK,69,22.3174,,PUT,7460,0,153990,7/8/2026,WHITE,0,0,F,INDEX,,F,T,0,0
7/8/2026,10:46:27 AM,SPXW,ML/,54,23.6519,,PUT,7460,0,127720,7/8/2026,WHITE,0,0,F,INDEX,,F,T,0,0
7/8/2026,10:46:42 AM,SPXW,BLOCK,71,24.9141,,PUT,7460,0,176890,7/8/2026,WHITE,0,0,F,INDEX,,F,T,0,0
7/8/2026,10:48:05 AM,SPXW,ML/,72,25.0324,,PUT,7460,0,180233,7/8/2026,WHITE,0,0,F,INDEX,,F,T,0,0
7/8/2026,10:49:17 AM,SPXW,ML/,81,26.1772,,PUT,7460,0,212035,7/8/2026,WHITE,0,0,F,INDEX,,F,T,0,0
7/8/2026,10:50:03 AM,SPXW,ML/,506,26.1976,,PUT,7460,0,1325599,7/8/2026,WHITE,0,0,F,INDEX,,F,T,0,0
7/8/2026,10:50:49 AM,SPXW,BLOCK,80,29.66,,PUT,7460,0,237280,7/8/2026,WHITE,0,0,F,INDEX,,F,T,0,0
7/8/2026,10:53:48 AM,SPXW,ML/,64,19.6225,,PUT,7460,0,125584,7/8/2026,WHITE,0,0,F,INDEX,,F,T,0,0
7/8/2026,10:54:08 AM,SPXW,ML/,71,22.1363,,PUT,7460,0,157168,7/8/2026,WHITE,0,0,F,INDEX,,F,T,0,0
7/8/2026,10:55:38 AM,SPXW,BLOCK,66,22.3515,,PUT,7460,0,147520,7/8/2026,WHITE,0,0,F,INDEX,,F,T,0,0
7/8/2026,10:56:39 AM,SPXW,BLOCK,70,20.3,,PUT,7460,0,142100,7/8/2026,WHITE,0,0,F,INDEX,,F,T,0,0
7/8/2026,10:57:23 AM,SPXW,BLOCK,85,24.5118,,PUT,7460,0,208350,7/8/2026,WHITE,0,0,F,INDEX,,F,T,0,0
7/8/2026,11:18:35 AM,SPXW,ML/,50,31.2592,,PUT,7460,0,156296,7/8/2026,WHITE,0,0,F,INDEX,,F,T,0,0
7/8/2026,11:37:28 AM,SPXW,ML/,82,28.5948,,PUT,7460,0,234477,7/8/2026,WHITE,0,0,F,INDEX,,F,T,0,0
7/8/2026,12:16:59 PM,SPXW,ML/,100,20.7,,PUT,7460,0,207000,7/8/2026,WHITE,0,0,F,INDEX,,F,T,0,0
7/8/2026,12:27:37 PM,SPXW,ML/,63,13.9194,,PUT,7460,0,87692,7/8/2026,WHITE,0,0,F,INDEX,,F,T,0,0
7/8/2026,12:31:01 PM,SPXW,ML/,50,11.9362,,PUT,7460,0,59681,7/8/2026,WHITE,0,0,F,INDEX,,F,T,0,0
7/8/2026,12:31:05 PM,SPXW,BLOCK,71,11.3042,,PUT,7460,0,80260,7/8/2026,WHITE,0,0,F,INDEX,,F,T,0,0
7/8/2026,12:31:40 PM,SPXW,ML/,101,12.1,,PUT,7460,0,122209,7/8/2026,WHITE,0,0,F,INDEX,,F,T,0,0
7/8/2026,12:31:57 PM,SPXW,BLOCK,60,12.725,,PUT,7460,0,76350,7/8/2026,WHITE,0,0,F,INDEX,,F,T,0,0
7/8/2026,12:32:13 PM,SPXW,BLOCK,100,13.168,,PUT,7460,0,131680,7/8/2026,WHITE,0,0,F,INDEX,,F,T,0,0
7/8/2026,12:35:18 PM,SPXW,BLOCK,52,13.8038,,PUT,7460,0,71780,7/8/2026,WHITE,0,0,F,INDEX,,F,T,0,0
7/8/2026,12:35:24 PM,SPXW,ML/,51,12.7384,,PUT,7460,0,64966,7/8/2026,WHITE,0,0,F,INDEX,,F,T,0,0
7/8/2026,12:35:27 PM,SPXW,ML/,110,12.5945,,PUT,7460,0,138540,7/8/2026,WHITE,0,0,F,INDEX,,F,T,0,0
7/8/2026,12:39:44 PM,SPXW,ML/,68,14.44,,PUT,7460,0,98192,7/8/2026,WHITE,0,0,F,INDEX,,F,T,0,0
7/8/2026,12:41:02 PM,SPXW,ML/,64,9.6188,,PUT,7460,0,61560,7/8/2026,WHITE,0,0,F,INDEX,,F,T,0,0
7/8/2026,12:48:39 PM,SPXW,ML/,100,9.25,,PUT,7460,0,92500,7/8/2026,WHITE,0,0,F,INDEX,,F,T,0,0
7/8/2026,12:49:12 PM,SPXW,ML/,61,8.2851,,PUT,7460,0,50539,7/8/2026,WHITE,0,0,F,INDEX,,F,T,0,0
7/8/2026,12:52:15 PM,SPXW,ML/,104,7.0034,,PUT,7460,0,72835,7/8/2026,WHITE,0,0,F,INDEX,,F,T,0,0
7/8/2026,12:55:52 PM,SPXW,BLOCK,50,7.3,,PUT,7460,0,36499,7/8/2026,WHITE,0,0,F,INDEX,,F,T,0,0
7/8/2026,12:57:19 PM,SPXW,BLOCK,51,6.9,,PUT,7460,0,35190,7/8/2026,WHITE,0,0,F,INDEX,,F,T,0,0
7/8/2026,1:01:07 PM,SPXW,BLOCK,62,7.3081,,PUT,7460,0,45310,7/8/2026,WHITE,0,0,F,INDEX,,F,T,0,0
7/8/2026,1:03:13 PM,SPXW,ML/,76,7.6982,,PUT,7460,0,58506,7/8/2026,WHITE,0,0,F,INDEX,,F,T,0,0
7/8/2026,1:03:20 PM,SPXW,ML/,57,7.5351,,PUT,7460,0,42950,7/8/2026,WHITE,0,0,F,INDEX,,F,T,0,0
7/8/2026,1:05:20 PM,SPXW,ML/,51,7.251,,PUT,7460,0,36980,7/8/2026,WHITE,0,0,F,INDEX,,F,T,0,0
7/8/2026,1:07:01 PM,SPXW,ML/,106,6,,PUT,7460,0,63600,7/8/2026,WHITE,0,0,F,INDEX,,F,T,0,0
7/8/2026,1:07:29 PM,SPXW,BLOCK,50,6.5,,PUT,7460,0,32500,7/8/2026,WHITE,0,0,F,INDEX,,F,T,0,0
7/8/2026,1:08:54 PM,SPXW,ML/,51,6.6696,,PUT,7460,0,34015,7/8/2026,WHITE,0,0,F,INDEX,,F,T,0,0
7/8/2026,1:09:18 PM,SPXW,ML/,54,6.897,,PUT,7460,0,37244,7/8/2026,WHITE,0,0,F,INDEX,,F,T,0,0
7/8/2026,1:09:21 PM,SPXW,BLOCK,55,7,,PUT,7460,0,38500,7/8/2026,WHITE,0,0,F,INDEX,,F,T,0,0
7/8/2026,1:11:11 PM,SPXW,ML/,96,8.3985,,PUT,7460,0,80626,7/8/2026,WHITE,0,0,F,INDEX,,F,T,0,0
7/8/2026,1:12:04 PM,SPXW,BLOCK,55,7.0091,,PUT,7460,0,38550,7/8/2026,WHITE,0,0,F,INDEX,,F,T,0,0
7/8/2026,1:18:52 PM,SPXW,ML/,100,6.13,,PUT,7460,0,61300,7/8/2026,WHITE,0,0,F,INDEX,,F,T,0,0
7/8/2026,1:19:45 PM,SPXW,ML/,88,4.7891,,PUT,7460,0,42144,7/8/2026,WHITE,0,0,F,INDEX,,F,T,0,0
7/8/2026,1:20:06 PM,SPXW,ML/,76,4.4212,,PUT,7460,0,33601,7/8/2026,WHITE,0,0,F,INDEX,,F,T,0,0
7/8/2026,1:21:48 PM,SPXW,ML/,66,4.0568,,PUT,7460,0,26775,7/8/2026,WHITE,0,0,F,INDEX,,F,T,0,0
7/8/2026,1:21:59 PM,SPXW,ML/,77,4.0782,,PUT,7460,0,31402,7/8/2026,WHITE,0,0,F,INDEX,,F,T,0,0
7/8/2026,1:26:13 PM,SPXW,ML/,95,3.7606,,PUT,7460,0,35726,7/8/2026,WHITE,0,0,F,INDEX,,F,T,0,0
7/8/2026,1:30:01 PM,SPXW,ML/,73,2.9881,,PUT,7460,0,21813,7/8/2026,WHITE,0,0,F,INDEX,,F,T,0,0
7/8/2026,1:30:48 PM,SPXW,ML/,150,2.78,,PUT,7460,0,41700,7/8/2026,WHITE,0,0,F,INDEX,,F,T,0,0
7/8/2026,1:31:00 PM,SPXW,ML/,55,2.4478,,PUT,7460,0,13463,7/8/2026,WHITE,0,0,F,INDEX,,F,T,0,0
7/8/2026,1:31:11 PM,SPXW,ML/,68,2.4037,,PUT,7460,0,16344,7/8/2026,WHITE,0,0,F,INDEX,,F,T,0,0
7/8/2026,1:31:34 PM,SPXW,ML/,70,2.57,,PUT,7460,0,17989,7/8/2026,WHITE,0,0,F,INDEX,,F,T,0,0
7/8/2026,1:32:46 PM,SPXW,ML/,50,2.836,,PUT,7460,0,14180,7/8/2026,WHITE,0,0,F,INDEX,,F,T,0,0
7/8/2026,1:38:10 PM,SPXW,ML/,400,3.4,,PUT,7460,0,136000,7/8/2026,WHITE,0,0,F,INDEX,,F,T,0,0
7/8/2026,1:38:53 PM,SPXW,BLOCK,200,3.7,,PUT,7460,0,74000,7/8/2026,WHITE,0,0,F,INDEX,,F,T,0,0
7/8/2026,1:39:43 PM,SPXW,BLOCK,78,3.6013,,PUT,7460,0,28089,7/8/2026,WHITE,0,0,F,INDEX,,F,T,0,0
7/8/2026,1:40:03 PM,SPXW,ML/,196,3.7782,,PUT,7460,0,74053,7/8/2026,WHITE,0,0,F,INDEX,,F,T,0,0
7/8/2026,1:40:22 PM,SPXW,BLOCK,149,3.8,,PUT,7460,0,56619,7/8/2026,WHITE,0,0,F,INDEX,,F,T,0,0
7/8/2026,1:40:51 PM,SPXW,ML/,188,3.8021,,PUT,7460,0,71480,7/8/2026,WHITE,0,0,F,INDEX,,F,T,0,0
7/8/2026,1:42:00 PM,SPXW,ML/,52,4.6038,,PUT,7460,0,23939,7/8/2026,WHITE,0,0,F,INDEX,,F,T,0,0
7/8/2026,1:43:33 PM,SPXW,BLOCK,108,4.5009,,PUT,7460,0,48610,7/8/2026,WHITE,0,0,F,INDEX,,F,T,0,0
7/8/2026,1:45:16 PM,SPXW,ML/,70,5.2531,,PUT,7460,0,36772,7/8/2026,WHITE,0,0,F,INDEX,,F,T,0,0
7/8/2026,1:45:35 PM,SPXW,ML/,157,6.0127,,PUT,7460,0,94399,7/8/2026,WHITE,0,0,F,INDEX,,F,T,0,0
7/8/2026,1:45:40 PM,SPXW,ML/,169,6.6177,,PUT,7460,0,111839,7/8/2026,WHITE,0,0,F,INDEX,,F,T,0,0
7/8/2026,1:45:58 PM,SPXW,BLOCK,57,5.9649,,PUT,7460,0,34000,7/8/2026,WHITE,0,0,F,INDEX,,F,T,0,0
7/8/2026,1:46:25 PM,SPXW,ML/,105,6.0198,,PUT,7460,0,63208,7/8/2026,WHITE,0,0,F,INDEX,,F,T,0,0
7/8/2026,1:49:42 PM,SPXW,ML/,57,6.857,,PUT,7460,0,39085,7/8/2026,WHITE,0,0,F,INDEX,,F,T,0,0
7/8/2026,1:55:44 PM,SPXW,ML/,116,7.4241,,PUT,7460,0,86119,7/8/2026,WHITE,0,0,F,INDEX,,F,T,0,0
7/8/2026,1:55:51 PM,SPXW,ML/,59,7.1547,,PUT,7460,0,42213,7/8/2026,WHITE,0,0,F,INDEX,,F,T,0,0
7/8/2026,1:56:15 PM,SPXW,ML/,59,7.7325,,PUT,7460,0,45622,7/8/2026,WHITE,0,0,F,INDEX,,F,T,0,0
7/8/2026,1:58:03 PM,SPXW,ML/,73,7.1021,,PUT,7460,0,51845,7/8/2026,WHITE,0,0,F,INDEX,,F,T,0,0
7/8/2026,2:00:06 PM,SPXW,ML/,97,7.1971,,PUT,7460,0,69812,7/8/2026,WHITE,0,0,F,INDEX,,F,T,0,0
7/8/2026,2:00:40 PM,SPXW,ML/,92,5.4642,,PUT,7460,0,50271,7/8/2026,WHITE,0,0,F,INDEX,,F,T,0,0
7/8/2026,2:01:17 PM,SPXW,ML/,102,4.4988,,PUT,7460,0,45888,7/8/2026,WHITE,0,0,F,INDEX,,F,T,0,0
7/8/2026,2:01:56 PM,SPXW,ML/,58,3.7193,,PUT,7460,0,21572,7/8/2026,WHITE,0,0,F,INDEX,,F,T,0,0
7/8/2026,2:02:02 PM,SPXW,ML/,75,3.4021,,PUT,7460,0,25516,7/8/2026,WHITE,0,0,F,INDEX,,F,T,0,0
7/8/2026,2:10:00 PM,SPXW,ML/,116,3.3006,,PUT,7460,0,38287,7/8/2026,WHITE,0,0,F,INDEX,,F,T,0,0
7/8/2026,2:11:21 PM,SPXW,ML/,70,3.0029,,PUT,7460,0,21020,7/8/2026,WHITE,0,0,F,INDEX,,F,T,0,0
7/8/2026,2:16:23 PM,SPXW,ML/,130,3.3109,,PUT,7460,0,43041,7/8/2026,WHITE,0,0,F,INDEX,,F,T,0,0
7/8/2026,2:16:46 PM,SPXW,BLOCK,54,3.7815,,PUT,7460,0,20420,7/8/2026,WHITE,0,0,F,INDEX,,F,T,0,0
7/8/2026,2:16:50 PM,SPXW,BLOCK,56,3.8554,,PUT,7460,0,21590,7/8/2026,WHITE,0,0,F,INDEX,,F,T,0,0
7/8/2026,2:19:27 PM,SPXW,ML/,90,2.8987,,PUT,7460,0,26088,7/8/2026,WHITE,0,0,F,INDEX,,F,T,0,0
7/8/2026,2:22:12 PM,SPXW,ML/,70,2.6463,,PUT,7460,0,18524,7/8/2026,WHITE,0,0,F,INDEX,,F,T,0,0
7/8/2026,2:22:47 PM,SPXW,ML/,84,2.5,,PUT,7460,0,21000,7/8/2026,WHITE,0,0,F,INDEX,,F,T,0,0
7/8/2026,2:23:56 PM,SPXW,ML/,50,2.7464,,PUT,7460,0,13732,7/8/2026,WHITE,0,0,F,INDEX,,F,T,0,0
7/8/2026,2:25:03 PM,SPXW,ML/,56,3.2204,,PUT,7460,0,18034,7/8/2026,WHITE,0,0,F,INDEX,,F,T,0,0
7/8/2026,2:27:39 PM,SPXW,ML/,59,2.3903,,PUT,7460,0,14103,7/8/2026,WHITE,0,0,F,INDEX,,F,T,0,0
7/8/2026,2:29:14 PM,SPXW,ML/,50,3.22,,PUT,7460,0,16100,7/8/2026,WHITE,0,0,F,INDEX,,F,T,0,0
7/8/2026,2:30:03 PM,SPXW,ML/,107,3.9188,,PUT,7460,0,41931,7/8/2026,WHITE,0,0,F,INDEX,,F,T,0,0
7/8/2026,2:30:18 PM,SPXW,ML/,53,3.6055,,PUT,7460,0,19109,7/8/2026,WHITE,0,0,F,INDEX,,F,T,0,0
7/8/2026,2:30:53 PM,SPXW,ML/,101,4.3765,,PUT,7460,0,44203,7/8/2026,WHITE,0,0,F,INDEX,,F,T,0,0
7/8/2026,2:30:59 PM,SPXW,ML/,168,4.7024,,PUT,7460,0,79001,7/8/2026,WHITE,0,0,F,INDEX,,F,T,0,0
7/8/2026,2:32:54 PM,SPXW,ML/,68,3.9612,,PUT,7460,0,26936,7/8/2026,WHITE,0,0,F,INDEX,,F,T,0,0
7/8/2026,2:32:59 PM,SPXW,BLOCK,56,4.1804,,PUT,7460,0,23410,7/8/2026,WHITE,0,0,F,INDEX,,F,T,0,0
7/8/2026,2:35:00 PM,SPXW,ML/,61,4.0082,,PUT,7460,0,24450,7/8/2026,WHITE,0,0,F,INDEX,,F,T,0,0
7/8/2026,2:36:44 PM,SPXW,BLOCK,59,2.8559,,PUT,7460,0,16850,7/8/2026,WHITE,0,0,F,INDEX,,F,T,0,0
7/8/2026,2:37:10 PM,SPXW,ML/,54,2.8133,,PUT,7460,0,15191,7/8/2026,WHITE,0,0,F,INDEX,,F,T,0,0
7/8/2026,2:37:39 PM,SPXW,ML/,60,2.6898,,PUT,7460,0,16139,7/8/2026,WHITE,0,0,F,INDEX,,F,T,0,0
7/8/2026,2:37:42 PM,SPXW,ML/,86,2.5399,,PUT,7460,0,21842,7/8/2026,WHITE,0,0,F,INDEX,,F,T,0,0
7/8/2026,2:38:53 PM,SPXW,BLOCK,55,2.4009,,PUT,7460,0,13205,7/8/2026,WHITE,0,0,F,INDEX,,F,T,0,0
7/8/2026,2:40:09 PM,SPXW,BLOCK,60,2.25,,PUT,7460,0,13500,7/8/2026,WHITE,0,0,F,INDEX,,F,T,0,0
7/8/2026,2:40:29 PM,SPXW,ML/,81,2.5502,,PUT,7460,0,20657,7/8/2026,WHITE,0,0,F,INDEX,,F,T,0,0
7/8/2026,2:43:04 PM,SPXW,BLOCK,72,3.0097,,PUT,7460,0,21670,7/8/2026,WHITE,0,0,F,INDEX,,F,T,0,0
7/8/2026,2:43:09 PM,SPXW,BLOCK,55,2.9009,,PUT,7460,0,15954,7/8/2026,WHITE,0,0,F,INDEX,,F,T,0,0
7/8/2026,2:45:01 PM,SPXW,ML/,68,2.291,,PUT,7460,0,15579,7/8/2026,WHITE,0,0,F,INDEX,,F,T,0,0
7/8/2026,2:45:03 PM,SPXW,ML/,70,2.13,,PUT,7460,0,14910,7/8/2026,WHITE,0,0,F,INDEX,,F,T,0,0
7/8/2026,2:46:13 PM,SPXW,BLOCK,54,2.4,,PUT,7460,0,12960,7/8/2026,WHITE,0,0,F,INDEX,,F,T,0,0
7/8/2026,2:48:56 PM,SPXW,BLOCK,80,1.9994,,PUT,7460,0,15994,7/8/2026,WHITE,0,0,F,INDEX,,F,T,0,0
7/8/2026,2:49:26 PM,SPXW,ML/,86,1.7745,,PUT,7460,0,15261,7/8/2026,WHITE,0,0,F,INDEX,,F,T,0,0
7/8/2026,2:52:01 PM,SPXW,ML/,113,1.4922,,PUT,7460,0,16862,7/8/2026,WHITE,0,0,F,INDEX,,F,T,0,0
7/8/2026,2:52:03 PM,SPXW,ML/,83,1.3581,,PUT,7460,0,11272,7/8/2026,WHITE,0,0,F,INDEX,,F,T,0,0
7/8/2026,2:52:16 PM,SPXW,BLOCK,125,1.3088,,PUT,7460,0,16360,7/8/2026,WHITE,0,0,F,INDEX,,F,T,0,0
7/8/2026,3:00:05 PM,SPXW,ML/,118,1.3007,,PUT,7460,0,15348,7/8/2026,WHITE,0,0,F,INDEX,,F,T,0,0
7/8/2026,3:00:08 PM,SPXW,ML/,93,1.2567,,PUT,7460,0,11687,7/8/2026,WHITE,0,0,F,INDEX,,F,T,0,0
7/8/2026,3:03:09 PM,SPXW,ML/,90,1.4202,,PUT,7460,0,12782,7/8/2026,WHITE,0,0,F,INDEX,,F,T,0,0
7/8/2026,3:09:08 PM,SPXW,ML/,202,1.1282,,PUT,7460,0,22789,7/8/2026,WHITE,0,0,F,INDEX,,F,T,0,0
7/8/2026,3:11:42 PM,SPXW,ML/,80,1.2857,,PUT,7460,0,10286,7/8/2026,WHITE,0,0,F,INDEX,,F,T,0,0
7/8/2026,3:11:47 PM,SPXW,ML/,77,1.4244,,PUT,7460,0,10968,7/8/2026,WHITE,0,0,F,INDEX,,F,T,0,0
7/8/2026,3:11:52 PM,SPXW,BLOCK,103,1.3005,,PUT,7460,0,13394,7/8/2026,WHITE,0,0,F,INDEX,,F,T,0,0
7/8/2026,3:12:20 PM,SPXW,ML/,79,1.588,,PUT,7460,0,12545,7/8/2026,WHITE,0,0,F,INDEX,,F,T,0,0
7/8/2026,3:12:30 PM,SPXW,ML/,342,1.4818,,PUT,7460,0,50676,7/8/2026,WHITE,0,0,F,INDEX,,F,T,0,0
7/8/2026,3:13:28 PM,SPXW,BLOCK,356,1.3973,,PUT,7460,0,49745,7/8/2026,WHITE,0,0,F,INDEX,,F,T,0,0
7/8/2026,3:16:27 PM,SPXW,BLOCK,74,1.4,,PUT,7460,0,10360,7/8/2026,WHITE,0,0,F,INDEX,,F,T,0,0
7/8/2026,3:21:46 PM,SPXW,ML/,156,0.6498,,PUT,7460,0,10137,7/8/2026,WHITE,0,0,F,INDEX,,F,T,0,0
7/8/2026,3:28:23 PM,SPXW,ML/,338,0.55,,PUT,7460,0,18590,7/8/2026,WHITE,0,0,F,INDEX,,F,T,0,0
7/8/2026,3:35:23 PM,SPXW,ML/,201,0.6201,,PUT,7460,0,12465,7/8/2026,WHITE,0,0,F,INDEX,,F,T,0,0
7/8/2026,3:47:29 PM,SPXW,ML/,176,0.5699,,PUT,7460,0,10031,7/8/2026,WHITE,0,0,F,INDEX,,F,T,0,0
7/8/2026,10:00:31 AM,SPXW,BLOCK,72,8.4014,,PUT,7435,0,60490,7/8/2026,WHITE,0,0,F,INDEX,,F,T,0,0
7/8/2026,10:16:19 AM,SPXW,BLOCK,107,10.6673,,PUT,7435,0,114139,7/8/2026,WHITE,0,0,F,INDEX,,F,T,0,0
7/8/2026,10:50:00 AM,SPXW,ML/,101,13.3484,,PUT,7435,0,134819,7/8/2026,WHITE,0,0,F,INDEX,,F,T,0,0
7/8/2026,10:50:26 AM,SPXW,ML/,69,14.9945,,PUT,7435,0,103461,7/8/2026,WHITE,0,0,F,INDEX,,F,T,0,0
7/8/2026,10:50:27 AM,SPXW,ML/,71,15.2277,,PUT,7435,0,108117,7/8/2026,WHITE,0,0,F,INDEX,,F,T,0,0
7/8/2026,10:50:31 AM,SPXW,ML/,74,15.3922,,PUT,7435,0,113902,7/8/2026,WHITE,0,0,F,INDEX,,F,T,0,0
7/8/2026,10:50:37 AM,SPXW,ML/,110,15.8323,,PUT,7435,0,174155,7/8/2026,WHITE,0,0,F,INDEX,,F,T,0,0
7/8/2026,10:53:28 AM,SPXW,ML/,52,12.2254,,PUT,7435,0,63572,7/8/2026,WHITE,0,0,F,INDEX,,F,T,0,0
7/8/2026,10:53:46 AM,SPXW,ML/,123,9.6898,,PUT,7435,0,119183,7/8/2026,WHITE,0,0,F,INDEX,,F,T,0,0
7/8/2026,11:16:15 AM,SPXW,ML/,69,15.7925,,PUT,7435,0,108968,7/8/2026,WHITE,0,0,F,INDEX,,F,T,0,0
7/8/2026,11:16:19 AM,SPXW,ML/,53,16.3343,,PUT,7435,0,86572,7/8/2026,WHITE,0,0,F,INDEX,,F,T,0,0
7/8/2026,11:16:22 AM,SPXW,ML/,80,16.7557,,PUT,7435,0,134046,7/8/2026,WHITE,0,0,F,INDEX,,F,T,0,0
7/8/2026,11:17:05 AM,SPXW,ML/,54,16.7048,,PUT,7435,0,90206,7/8/2026,WHITE,0,0,F,INDEX,,F,T,0,0
7/8/2026,11:17:11 AM,SPXW,ML/,61,17.0718,,PUT,7435,0,104138,7/8/2026,WHITE,0,0,F,INDEX,,F,T,0,0
7/8/2026,11:17:29 AM,SPXW,ML/,64,17.9337,,PUT,7435,0,114776,7/8/2026,WHITE,0,0,F,INDEX,,F,T,0,0
7/8/2026,11:18:20 AM,SPXW,ML/,113,15.9356,,PUT,7435,0,180072,7/8/2026,WHITE,0,0,F,INDEX,,F,T,0,0
7/8/2026,11:19:29 AM,SPXW,ML/,54,14.4143,,PUT,7435,0,77837,7/8/2026,WHITE,0,0,F,INDEX,,F,T,0,0
7/8/2026,11:20:30 AM,SPXW,SWEEP,50,13.522,A,PUT,7435,0,67610,7/8/2026,WHITE,0,0,F,INDEX,,F,T,0,0
7/8/2026,11:22:28 AM,SPXW,ML/,67,15.5976,,PUT,7435,0,104504,7/8/2026,WHITE,0,0,F,INDEX,,F,T,0,0
7/8/2026,11:23:04 AM,SPXW,ML/,51,16.8655,,PUT,7435,0,86014,7/8/2026,WHITE,0,0,F,INDEX,,F,T,0,0
7/8/2026,11:24:28 AM,SPXW,ML/,52,19.1163,,PUT,7435,0,99405,7/8/2026,WHITE,0,0,F,INDEX,,F,T,0,0
7/8/2026,11:36:51 AM,SPXW,ML/,103,14.699,,PUT,7435,0,151399,7/8/2026,WHITE,0,0,F,INDEX,,F,T,0,0
7/8/2026,11:37:28 AM,SPXW,ML/,81,14.0259,,PUT,7435,0,113609,7/8/2026,WHITE,0,0,F,INDEX,,F,T,0,0
7/8/2026,11:38:08 AM,SPXW,BLOCK,127,14.911,,PUT,7435,0,189370,7/8/2026,WHITE,0,0,F,INDEX,,F,T,0,0
7/8/2026,11:50:10 AM,SPXW,ML/,72,17.4972,,PUT,7435,0,125980,7/8/2026,WHITE,0,0,F,INDEX,,F,T,0,0
7/8/2026,11:59:59 AM,SPXW,ML/,66,15.5748,,PUT,7435,0,102794,7/8/2026,WHITE,0,0,F,INDEX,,F,T,0,0
7/8/2026,12:08:18 PM,SPXW,ML/,65,12.6652,,PUT,7435,0,82324,7/8/2026,WHITE,0,0,F,INDEX,,F,T,0,0
7/8/2026,12:10:04 PM,SPXW,ML/,80,9.8293,,PUT,7435,0,78634,7/8/2026,WHITE,0,0,F,INDEX,,F,T,0,0
7/8/2026,12:11:13 PM,SPXW,ML/,130,8.7259,,PUT,7435,0,113437,7/8/2026,WHITE,0,0,F,INDEX,,F,T,0,0
7/8/2026,12:19:37 PM,SPXW,ML/,82,7.7951,,PUT,7435,0,63920,7/8/2026,WHITE,0,0,F,INDEX,,F,T,0,0
7/8/2026,12:31:00 PM,SPXW,ML/,84,4.4002,,PUT,7435,0,36962,7/8/2026,WHITE,0,0,F,INDEX,,F,T,0,0
7/8/2026,12:39:41 PM,SPXW,ML/,58,5.7586,,PUT,7435,0,33400,7/8/2026,WHITE,0,0,F,INDEX,,F,T,0,0
7/8/2026,12:40:07 PM,SPXW,ML/,78,5.2731,,PUT,7435,0,41129,7/8/2026,WHITE,0,0,F,INDEX,,F,T,0,0
7/8/2026,12:40:45 PM,SPXW,ML/,79,3.5767,,PUT,7435,0,28256,7/8/2026,WHITE,0,0,F,INDEX,,F,T,0,0
7/8/2026,12:50:56 PM,SPXW,ML/,50,2.43,,PUT,7435,0,12150,7/8/2026,WHITE,0,0,F,INDEX,,F,T,0,0
7/8/2026,12:51:04 PM,SPXW,BLOCK,85,2.4053,,PUT,7435,0,20445,7/8/2026,WHITE,0,0,F,INDEX,,F,T,0,0
7/8/2026,12:52:03 PM,SPXW,ML/,67,2.27,,PUT,7435,0,15209,7/8/2026,WHITE,0,0,F,INDEX,,F,T,0,0
7/8/2026,12:53:32 PM,SPXW,ML/,58,2.1279,,PUT,7435,0,12341,7/8/2026,WHITE,0,0,F,INDEX,,F,T,0,0
7/8/2026,12:55:32 PM,SPXW,BLOCK,51,2.5,,PUT,7435,0,12750,7/8/2026,WHITE,0,0,F,INDEX,,F,T,0,0
7/8/2026,12:58:05 PM,SPXW,ML/,60,2.133,,PUT,7435,0,12798,7/8/2026,WHITE,0,0,F,INDEX,,F,T,0,0
7/8/2026,1:11:20 PM,SPXW,BLOCK,116,2.5,,PUT,7435,0,29000,7/8/2026,WHITE,0,0,F,INDEX,,F,T,0,0
7/8/2026,1:12:45 PM,SPXW,BLOCK,105,2.0524,,PUT,7435,0,21550,7/8/2026,WHITE,0,0,F,INDEX,,F,T,0,0
7/8/2026,1:17:29 PM,SPXW,ML/,76,1.9,,PUT,7435,0,14439,7/8/2026,WHITE,0,0,F,INDEX,,F,T,0,0
7/8/2026,1:30:56 PM,SPXW,ML/,176,0.7013,,PUT,7435,0,12343,7/8/2026,WHITE,0,0,F,INDEX,,F,T,0,0
7/8/2026,1:43:18 PM,SPXW,BLOCK,112,1.3,,PUT,7435,0,14560,7/8/2026,WHITE,0,0,F,INDEX,,F,T,0,0
7/8/2026,1:44:00 PM,SPXW,ML/,71,1.5203,,PUT,7435,0,10794,7/8/2026,WHITE,0,0,F,INDEX,,F,T,0,0
7/8/2026,1:45:33 PM,SPXW,ML/,62,1.8508,,PUT,7435,0,11475,7/8/2026,WHITE,0,0,F,INDEX,,F,T,0,0
7/8/2026,1:45:36 PM,SPXW,ML/,72,1.9515,,PUT,7435,0,14051,7/8/2026,WHITE,0,0,F,INDEX,,F,T,0,0
7/8/2026,1:45:41 PM,SPXW,BLOCK,109,2.1798,,PUT,7435,0,23760,7/8/2026,WHITE,0,0,F,INDEX,,F,T,0,0
7/8/2026,1:45:58 PM,SPXW,BLOCK,62,1.9,,PUT,7435,0,11779,7/8/2026,WHITE,0,0,F,INDEX,,F,T,0,0
7/8/2026,1:51:20 PM,SPXW,BLOCK,82,1.55,,PUT,7435,0,12710,7/8/2026,WHITE,0,0,F,INDEX,,F,T,0,0
7/8/2026,1:53:04 PM,SPXW,BLOCK,100,1.3,,PUT,7435,0,13000,7/8/2026,WHITE,0,0,F,INDEX,,F,T,0,0
7/8/2026,1:56:16 PM,SPXW,ML/,56,2.3554,,PUT,7435,0,13190,7/8/2026,WHITE,0,0,F,INDEX,,F,T,0,0
7/8/2026,1:56:34 PM,SPXW,BLOCK,60,2.2483,,PUT,7435,0,13490,7/8/2026,WHITE,0,0,F,INDEX,,F,T,0,0
7/8/2026,1:57:09 PM,SPXW,BLOCK,123,2.25,,PUT,7435,0,27675,7/8/2026,WHITE,0,0,F,INDEX,,F,T,0,0
7/8/2026,2:47:46 PM,SPXW,ML/,500,0.3805,,PUT,7435,0,19026,7/8/2026,WHITE,0,0,F,INDEX,,F,T,0,0
7/8/2026,9:30:56 AM,SPXW,BLOCK,50,8.5,,CALL,7485,0,42500,7/8/2026,WHITE,0,0,F,INDEX,,F,T,0,0
7/8/2026,9:38:05 AM,SPXW,ML/,109,9.1794,,CALL,7485,0,100056,7/8/2026,WHITE,0,0,F,INDEX,,F,T,0,0
7/8/2026,9:47:12 AM,SPXW,ML/,51,12.1376,,CALL,7485,0,61902,7/8/2026,WHITE,0,0,F,INDEX,,F,T,0,0
7/8/2026,9:55:03 AM,SPXW,ML/,149,8.0634,,CALL,7485,0,120144,7/8/2026,WHITE,0,0,F,INDEX,,F,T,0,0
7/8/2026,10:11:05 AM,SPXW,ML/,58,8.1045,,CALL,7485,0,47005,7/8/2026,WHITE,0,0,F,INDEX,,F,T,0,0
7/8/2026,10:20:32 AM,SPXW,ML/,66,6.0652,,CALL,7485,0,40029,7/8/2026,WHITE,0,0,F,INDEX,,F,T,0,0
7/8/2026,10:20:38 AM,SPXW,ML/,105,6.6519,,CALL,7485,0,69845,7/8/2026,WHITE,0,0,F,INDEX,,F,T,0,0
7/8/2026,10:20:50 AM,SPXW,ML/,56,7.8118,,CALL,7485,0,43746,7/8/2026,WHITE,0,0,F,INDEX,,F,T,0,0
7/8/2026,10:21:54 AM,SPXW,ML/,65,9.9669,,CALL,7485,0,64785,7/8/2026,WHITE,0,0,F,INDEX,,F,T,0,0
7/8/2026,10:32:53 AM,SPXW,BLOCK,61,5.5,,CALL,7485,0,33550,7/8/2026,WHITE,0,0,F,INDEX,,F,T,0,0
7/8/2026,10:38:24 AM,SPXW,ML/,63,4.9017,,CALL,7485,0,30881,7/8/2026,WHITE,0,0,F,INDEX,,F,T,0,0
7/8/2026,10:40:09 AM,SPXW,ML/,86,4.0984,,CALL,7485,0,35246,7/8/2026,WHITE,0,0,F,INDEX,,F,T,0,0
7/8/2026,10:40:22 AM,SPXW,ML/,205,4.3216,,CALL,7485,0,88593,7/8/2026,WHITE,0,0,F,INDEX,,F,T,0,0
7/8/2026,10:40:29 AM,SPXW,BLOCK,102,4.201,,CALL,7485,0,42850,7/8/2026,WHITE,0,0,F,INDEX,,F,T,0,0
7/8/2026,10:41:46 AM,SPXW,ML/,107,4.1979,,CALL,7485,0,44918,7/8/2026,WHITE,0,0,F,INDEX,,F,T,0,0
7/8/2026,10:43:25 AM,SPXW,ML/,93,3.37,,CALL,7485,0,31341,7/8/2026,WHITE,0,0,F,INDEX,,F,T,0,0
7/8/2026,10:43:40 AM,SPXW,ML/,71,3.4287,,CALL,7485,0,24344,7/8/2026,WHITE,0,0,F,INDEX,,F,T,0,0
7/8/2026,10:43:59 AM,SPXW,BLOCK,63,3.7,,CALL,7485,0,23310,7/8/2026,WHITE,0,0,F,INDEX,,F,T,0,0
7/8/2026,10:44:14 AM,SPXW,BLOCK,64,3.9141,,CALL,7485,0,25050,7/8/2026,WHITE,0,0,F,INDEX,,F,T,0,0
7/8/2026,10:48:43 AM,SPXW,ML/,112,2.6696,,CALL,7485,0,29900,7/8/2026,WHITE,0,0,F,INDEX,,F,T,0,0
7/8/2026,10:49:59 AM,SPXW,ML/,56,2.1514,,CALL,7485,0,12048,7/8/2026,WHITE,0,0,F,INDEX,,F,T,0,0
7/8/2026,10:51:30 AM,SPXW,BLOCK,59,2.3,,CALL,7485,0,13569,7/8/2026,WHITE,0,0,F,INDEX,,F,T,0,0
7/8/2026,10:53:46 AM,SPXW,ML/,321,3.6349,,CALL,7485,0,116680,7/8/2026,WHITE,0,0,F,INDEX,,F,T,0,0
7/8/2026,10:56:02 AM,SPXW,ML/,107,3.7836,,CALL,7485,0,40484,7/8/2026,WHITE,0,0,F,INDEX,,F,T,0,0
7/8/2026,10:58:46 AM,SPXW,ML/,94,2.6485,,CALL,7485,0,24895,7/8/2026,WHITE,0,0,F,INDEX,,F,T,0,0
7/8/2026,10:59:14 AM,SPXW,ML/,134,2.7097,,CALL,7485,0,36310,7/8/2026,WHITE,0,0,F,INDEX,,F,T,0,0
7/8/2026,11:00:17 AM,SPXW,ML/,80,2.503,,CALL,7485,0,20024,7/8/2026,WHITE,0,0,F,INDEX,,F,T,0,0
7/8/2026,11:01:00 AM,SPXW,BLOCK,60,2.75,,CALL,7485,0,16500,7/8/2026,WHITE,0,0,F,INDEX,,F,T,0,0
7/8/2026,11:04:18 AM,SPXW,BLOCK,63,2.3,,CALL,7485,0,14489,7/8/2026,WHITE,0,0,F,INDEX,,F,T,0,0
7/8/2026,11:05:49 AM,SPXW,BLOCK,61,2.5,,CALL,7485,0,15250,7/8/2026,WHITE,0,0,F,INDEX,,F,T,0,0
7/8/2026,11:08:48 AM,SPXW,BLOCK,60,2.2,,CALL,7485,0,13200,7/8/2026,WHITE,0,0,F,INDEX,,F,T,0,0
7/8/2026,11:14:10 AM,SPXW,ML/,114,1.7582,,CALL,7485,0,20043,7/8/2026,WHITE,0,0,F,INDEX,,F,T,0,0
7/8/2026,11:18:16 AM,SPXW,ML/,113,1.4753,,CALL,7485,0,16671,7/8/2026,WHITE,0,0,F,INDEX,,F,T,0,0
7/8/2026,11:18:47 AM,SPXW,BLOCK,65,1.55,,CALL,7485,0,10075,7/8/2026,WHITE,0,0,F,INDEX,,F,T,0,0
7/8/2026,11:35:46 AM,SPXW,ML/,81,1.366,,CALL,7485,0,11065,7/8/2026,WHITE,0,0,F,INDEX,,F,T,0,0
7/8/2026,12:05:38 PM,SPXW,BLOCK,60,2,,CALL,7485,0,12000,7/8/2026,WHITE,0,0,F,INDEX,,F,T,0,0
7/8/2026,12:09:34 PM,SPXW,ML/,67,1.8996,,CALL,7485,0,12727,7/8/2026,WHITE,0,0,F,INDEX,,F,T,0,0
7/8/2026,12:10:10 PM,SPXW,ML/,251,2.1,,CALL,7485,0,52710,7/8/2026,WHITE,0,0,F,INDEX,,F,T,0,0
7/8/2026,12:10:24 PM,SPXW,ML/,55,2.3047,,CALL,7485,0,12676,7/8/2026,WHITE,0,0,F,INDEX,,F,T,0,0
7/8/2026,12:10:53 PM,SPXW,BLOCK,413,2.4369,,CALL,7485,0,100645,7/8/2026,WHITE,0,0,F,INDEX,,F,T,0,0
7/8/2026,12:11:19 PM,SPXW,ML/,55,2.7136,,CALL,7485,0,14925,7/8/2026,WHITE,0,0,F,INDEX,,F,T,0,0
7/8/2026,12:11:21 PM,SPXW,ML/,98,2.8105,,CALL,7485,0,27543,7/8/2026,WHITE,0,0,F,INDEX,,F,T,0,0
7/8/2026,12:12:58 PM,SPXW,ML/,403,2.55,,CALL,7485,0,102766,7/8/2026,WHITE,0,0,F,INDEX,,F,T,0,0
7/8/2026,12:13:05 PM,SPXW,ML/,300,2.55,,CALL,7485,0,76500,7/8/2026,WHITE,0,0,F,INDEX,,F,T,0,0
7/8/2026,12:16:00 PM,SPXW,ML/,55,2.24,,CALL,7485,0,12320,7/8/2026,WHITE,0,0,F,INDEX,,F,T,0,0
7/8/2026,12:16:13 PM,SPXW,BLOCK,61,2.25,,CALL,7485,0,13725,7/8/2026,WHITE,0,0,F,INDEX,,F,T,0,0
7/8/2026,12:16:51 PM,SPXW,BLOCK,205,2.5,,CALL,7485,0,51250,7/8/2026,WHITE,0,0,F,INDEX,,F,T,0,0
7/8/2026,12:17:14 PM,SPXW,ML/,229,2.6976,,CALL,7485,0,61775,7/8/2026,WHITE,0,0,F,INDEX,,F,T,0,0
7/8/2026,12:20:36 PM,SPXW,ML/,122,3.3646,,CALL,7485,0,41048,7/8/2026,WHITE,0,0,F,INDEX,,F,T,0,0
7/8/2026,12:21:34 PM,SPXW,ML/,67,3.8821,,CALL,7485,0,26010,7/8/2026,WHITE,0,0,F,INDEX,,F,T,0,0
7/8/2026,12:22:44 PM,SPXW,BLOCK,53,3.5,,CALL,7485,0,18550,7/8/2026,WHITE,0,0,F,INDEX,,F,T,0,0
7/8/2026,12:23:31 PM,SPXW,ML/,55,3.6004,,CALL,7485,0,19802,7/8/2026,WHITE,0,0,F,INDEX,,F,T,0,0
7/8/2026,12:24:04 PM,SPXW,BLOCK,55,3.2745,,CALL,7485,0,18010,7/8/2026,WHITE,0,0,F,INDEX,,F,T,0,0
7/8/2026,12:26:04 PM,SPXW,ML/,51,3.151,,CALL,7485,0,16069,7/8/2026,WHITE,0,0,F,INDEX,,F,T,0,0
7/8/2026,12:27:37 PM,SPXW,ML/,166,4.0536,,CALL,7485,0,67289,7/8/2026,WHITE,0,0,F,INDEX,,F,T,0,0
7/8/2026,12:31:01 PM,SPXW,ML/,246,4.9417,,CALL,7485,0,121567,7/8/2026,WHITE,0,0,F,INDEX,,F,T,0,0
7/8/2026,12:34:46 PM,SPXW,ML/,97,3.25,,CALL,7485,0,31525,7/8/2026,WHITE,0,0,F,INDEX,,F,T,0,0
7/8/2026,12:35:11 PM,SPXW,ML/,50,3.5822,,CALL,7485,0,17911,7/8/2026,WHITE,0,0,F,INDEX,,F,T,0,0
7/8/2026,12:39:43 PM,SPXW,ML/,101,2.7095,,CALL,7485,0,27366,7/8/2026,WHITE,0,0,F,INDEX,,F,T,0,0
7/8/2026,12:40:07 PM,SPXW,ML/,82,3.1434,,CALL,7485,0,25776,7/8/2026,WHITE,0,0,F,INDEX,,F,T,0,0
7/8/2026,12:40:43 PM,SPXW,ML/,454,5.6219,,CALL,7485,0,255236,7/8/2026,WHITE,0,0,F,INDEX,,F,T,0,0
7/8/2026,12:40:58 PM,SPXW,ML/,78,5.1892,,CALL,7485,0,40476,7/8/2026,WHITE,0,0,F,INDEX,,F,T,0,0
7/8/2026,12:42:07 PM,SPXW,ML/,64,4.5366,,CALL,7485,0,29033,7/8/2026,WHITE,0,0,F,INDEX,,F,T,0,0
7/8/2026,12:42:38 PM,SPXW,ML/,56,4.3029,,CALL,7485,0,24096,7/8/2026,WHITE,0,0,F,INDEX,,F,T,0,0
7/8/2026,12:45:07 PM,SPXW,ML/,51,4.3929,,CALL,7485,0,22404,7/8/2026,WHITE,0,0,F,INDEX,,F,T,0,0
7/8/2026,12:49:58 PM,SPXW,ML/,50,5.14,,CALL,7485,0,25700,7/8/2026,WHITE,0,0,F,INDEX,,F,T,0,0
7/8/2026,12:51:35 PM,SPXW,BLOCK,50,5.048,,CALL,7485,0,25240,7/8/2026,WHITE,0,0,F,INDEX,,F,T,0,0
7/8/2026,12:52:38 PM,SPXW,BLOCK,58,5.7879,,CALL,7485,0,33570,7/8/2026,WHITE,0,0,F,INDEX,,F,T,0,0
7/8/2026,12:53:01 PM,SPXW,BLOCK,94,5.8968,,CALL,7485,0,55429,7/8/2026,WHITE,0,0,F,INDEX,,F,T,0,0
7/8/2026,12:53:32 PM,SPXW,ML/,69,5.3416,,CALL,7485,0,36857,7/8/2026,WHITE,0,0,F,INDEX,,F,T,0,0
7/8/2026,12:57:38 PM,SPXW,ML/,112,5.6549,,CALL,7485,0,63335,7/8/2026,WHITE,0,0,F,INDEX,,F,T,0,0
7/8/2026,12:57:43 PM,SPXW,ML/,62,5.67,,CALL,7485,0,35154,7/8/2026,WHITE,0,0,F,INDEX,,F,T,0,0
7/8/2026,12:59:12 PM,SPXW,BLOCK,50,5.7,,CALL,7485,0,28500,7/8/2026,WHITE,0,0,F,INDEX,,F,T,0,0
7/8/2026,1:06:34 PM,SPXW,ML/,71,5.5237,,CALL,7485,0,39218,7/8/2026,WHITE,0,0,F,INDEX,,F,T,0,0
7/8/2026,1:10:49 PM,SPXW,ML/,103,4.4893,,CALL,7485,0,46240,7/8/2026,WHITE,0,0,F,INDEX,,F,T,0,0
7/8/2026,1:11:07 PM,SPXW,ML/,58,3.9459,,CALL,7485,0,22886,7/8/2026,WHITE,0,0,F,INDEX,,F,T,0,0
7/8/2026,1:19:15 PM,SPXW,ML/,103,5.6853,,CALL,7485,0,58559,7/8/2026,WHITE,0,0,F,INDEX,,F,T,0,0
7/8/2026,1:19:25 PM,SPXW,ML/,50,6.3152,,CALL,7485,0,31576,7/8/2026,WHITE,0,0,F,INDEX,,F,T,0,0
7/8/2026,1:20:06 PM,SPXW,ML/,195,7.0116,,CALL,7485,0,136726,7/8/2026,WHITE,0,0,F,INDEX,,F,T,0,0
7/8/2026,1:20:51 PM,SPXW,ML/,145,6.507,,CALL,7485,0,94352,7/8/2026,WHITE,0,0,F,INDEX,,F,T,0,0
7/8/2026,1:21:31 PM,SPXW,ML/,69,7.1665,,CALL,7485,0,49449,7/8/2026,WHITE,0,0,F,INDEX,,F,T,0,0
7/8/2026,1:21:40 PM,SPXW,ML/,57,7.4104,,CALL,7485,0,42239,7/8/2026,WHITE,0,0,F,INDEX,,F,T,0,0
7/8/2026,1:21:53 PM,SPXW,BLOCK,65,7.2,,CALL,7485,0,46800,7/8/2026,WHITE,0,0,F,INDEX,,F,T,0,0
7/8/2026,1:21:58 PM,SPXW,BLOCK,106,7.2981,,CALL,7485,0,77360,7/8/2026,WHITE,0,0,F,INDEX,,F,T,0,0
7/8/2026,1:22:40 PM,SPXW,ML/,59,7.3264,,CALL,7485,0,43226,7/8/2026,WHITE,0,0,F,INDEX,,F,T,0,0
7/8/2026,1:24:10 PM,SPXW,ML/,65,7.7777,,CALL,7485,0,50555,7/8/2026,WHITE,0,0,F,INDEX,,F,T,0,0
7/8/2026,1:24:30 PM,SPXW,ML/,56,7.5711,,CALL,7485,0,42397,7/8/2026,WHITE,0,0,F,INDEX,,F,T,0,0
7/8/2026,1:24:59 PM,SPXW,ML/,163,8.6814,,CALL,7485,0,141507,7/8/2026,WHITE,0,0,F,INDEX,,F,T,0,0
7/8/2026,1:25:06 PM,SPXW,ML/,52,9.0123,,CALL,7485,0,46864,7/8/2026,WHITE,0,0,F,INDEX,,F,T,0,0
7/8/2026,1:25:09 PM,SPXW,ML/,65,8.6452,,CALL,7485,0,56193,7/8/2026,WHITE,0,0,F,INDEX,,F,T,0,0
7/8/2026,1:25:15 PM,SPXW,ML/,90,9.2449,,CALL,7485,0,83204,7/8/2026,WHITE,0,0,F,INDEX,,F,T,0,0
7/8/2026,1:25:23 PM,SPXW,ML/,118,8.6605,,CALL,7485,0,102194,7/8/2026,WHITE,0,0,F,INDEX,,F,T,0,0
7/8/2026,1:25:37 PM,SPXW,ML/,67,8.2327,,CALL,7485,0,55159,7/8/2026,WHITE,0,0,F,INDEX,,F,T,0,0
7/8/2026,1:26:08 PM,SPXW,ML/,507,8.5645,,CALL,7485,0,434220,7/8/2026,WHITE,0,0,F,INDEX,,F,T,0,0
7/8/2026,1:26:12 PM,SPXW,ML/,73,7.8764,,CALL,7485,0,57498,7/8/2026,WHITE,0,0,F,INDEX,,F,T,0,0
7/8/2026,1:26:23 PM,SPXW,ML/,68,7.3088,,CALL,7485,0,49700,7/8/2026,WHITE,0,0,F,INDEX,,F,T,0,0
7/8/2026,1:27:16 PM,SPXW,ML/,89,7.9361,,CALL,7485,0,70631,7/8/2026,WHITE,0,0,F,INDEX,,F,T,0,0
7/8/2026,1:28:02 PM,SPXW,ML/,116,8.1976,,CALL,7485,0,95092,7/8/2026,WHITE,0,0,F,INDEX,,F,T,0,0
7/8/2026,1:29:12 PM,SPXW,ML/,52,9.1652,,CALL,7485,0,47659,7/8/2026,WHITE,0,0,F,INDEX,,F,T,0,0
7/8/2026,1:29:58 PM,SPXW,ML/,65,9.4494,,CALL,7485,0,61421,7/8/2026,WHITE,0,0,F,INDEX,,F,T,0,0
7/8/2026,1:30:05 PM,SPXW,ML/,67,9.0754,,CALL,7485,0,60804,7/8/2026,WHITE,0,0,F,INDEX,,F,T,0,0
7/8/2026,1:30:12 PM,SPXW,ML/,58,9.2826,,CALL,7485,0,53839,7/8/2026,WHITE,0,0,F,INDEX,,F,T,0,0
7/8/2026,1:30:42 PM,SPXW,ML/,58,9.6897,,CALL,7485,0,56200,7/8/2026,WHITE,0,0,F,INDEX,,F,T,0,0
7/8/2026,1:30:50 PM,SPXW,ML/,117,10.0189,,CALL,7485,0,117221,7/8/2026,WHITE,0,0,F,INDEX,,F,T,0,0
7/8/2026,1:30:53 PM,SPXW,ML/,61,10.2654,,CALL,7485,0,62619,7/8/2026,WHITE,0,0,F,INDEX,,F,T,0,0
7/8/2026,1:30:56 PM,SPXW,ML/,65,10.2335,,CALL,7485,0,66518,7/8/2026,WHITE,0,0,F,INDEX,,F,T,0,0
7/8/2026,1:31:01 PM,SPXW,ML/,50,10.4778,,CALL,7485,0,52389,7/8/2026,WHITE,0,0,F,INDEX,,F,T,0,0
7/8/2026,1:31:13 PM,SPXW,ML/,80,11.0485,,CALL,7485,0,88388,7/8/2026,WHITE,0,0,F,INDEX,,F,T,0,0
7/8/2026,1:31:16 PM,SPXW,ML/,84,11.0683,,CALL,7485,0,92974,7/8/2026,WHITE,0,0,F,INDEX,,F,T,0,0
7/8/2026,1:31:21 PM,SPXW,ML/,52,11.0298,,CALL,7485,0,57354,7/8/2026,WHITE,0,0,F,INDEX,,F,T,0,0
7/8/2026,1:31:25 PM,SPXW,ML/,52,10.8092,,CALL,7485,0,56208,7/8/2026,WHITE,0,0,F,INDEX,,F,T,0,0
7/8/2026,1:31:31 PM,SPXW,ML/,75,10.6277,,CALL,7485,0,79708,7/8/2026,WHITE,0,0,F,INDEX,,F,T,0,0
7/8/2026,1:31:50 PM,SPXW,ML/,63,10.0484,,CALL,7485,0,63305,7/8/2026,WHITE,0,0,F,INDEX,,F,T,0,0
7/8/2026,1:32:20 PM,SPXW,ML/,56,10.2193,,CALL,7485,0,57228,7/8/2026,WHITE,0,0,F,INDEX,,F,T,0,0
7/8/2026,1:32:42 PM,SPXW,ML/,51,9.78,,CALL,7485,0,49878,7/8/2026,WHITE,0,0,F,INDEX,,F,T,0,0
7/8/2026,1:32:46 PM,SPXW,ML/,59,9.7271,,CALL,7485,0,57390,7/8/2026,WHITE,0,0,F,INDEX,,F,T,0,0
7/8/2026,1:34:41 PM,SPXW,BLOCK,58,9.2983,,CALL,7485,0,53930,7/8/2026,WHITE,0,0,F,INDEX,,F,T,0,0
7/8/2026,1:35:22 PM,SPXW,BLOCK,74,8.6311,,CALL,7485,0,63869,7/8/2026,WHITE,0,0,F,INDEX,,F,T,0,0
7/8/2026,1:36:16 PM,SPXW,ML/,111,9.1027,,CALL,7485,0,101040,7/8/2026,WHITE,0,0,F,INDEX,,F,T,0,0
7/8/2026,1:36:18 PM,SPXW,ML/,54,9.0187,,CALL,7485,0,48701,7/8/2026,WHITE,0,0,F,INDEX,,F,T,0,0
7/8/2026,1:37:27 PM,SPXW,ML/,57,8.5067,,CALL,7485,0,48488,7/8/2026,WHITE,0,0,F,INDEX,,F,T,0,0
7/8/2026,1:38:13 PM,SPXW,ML/,198,7.9716,,CALL,7485,0,157838,7/8/2026,WHITE,0,0,F,INDEX,,F,T,0,0
7/8/2026,1:39:26 PM,SPXW,ML/,112,7.7896,,CALL,7485,0,87243,7/8/2026,WHITE,0,0,F,INDEX,,F,T,0,0
7/8/2026,1:41:50 PM,SPXW,BLOCK,92,6.0043,,CALL,7485,0,55240,7/8/2026,WHITE,0,0,F,INDEX,,F,T,0,0
7/8/2026,1:43:16 PM,SPXW,ML/,55,6.5291,,CALL,7485,0,35910,7/8/2026,WHITE,0,0,F,INDEX,,F,T,0,0
7/8/2026,1:44:41 PM,SPXW,ML/,136,6.4261,,CALL,7485,0,87395,7/8/2026,WHITE,0,0,F,INDEX,,F,T,0,0
7/8/2026,1:45:16 PM,SPXW,ML/,98,6.0804,,CALL,7485,0,59588,7/8/2026,WHITE,0,0,F,INDEX,,F,T,0,0
7/8/2026,1:45:35 PM,SPXW,ML/,60,5.7137,,CALL,7485,0,34282,7/8/2026,WHITE,0,0,F,INDEX,,F,T,0,0
7/8/2026,1:45:45 PM,SPXW,ML/,55,5.2873,,CALL,7485,0,29080,7/8/2026,WHITE,0,0,F,INDEX,,F,T,0,0
7/8/2026,1:45:50 PM,SPXW,ML/,524,5.6945,,CALL,7485,0,298392,7/8/2026,WHITE,0,0,F,INDEX,,F,T,0,0
7/8/2026,1:45:55 PM,SPXW,ML/,108,5.5912,,CALL,7485,0,60385,7/8/2026,WHITE,0,0,F,INDEX,,F,T,0,0
7/8/2026,1:47:44 PM,SPXW,ML/,64,5.1539,,CALL,7485,0,32985,7/8/2026,WHITE,0,0,F,INDEX,,F,T,0,0
7/8/2026,1:47:53 PM,SPXW,ML/,50,5.15,,CALL,7485,0,25750,7/8/2026,WHITE,0,0,F,INDEX,,F,T,0,0
7/8/2026,1:48:13 PM,SPXW,ML/,161,4.426,,CALL,7485,0,71258,7/8/2026,WHITE,0,0,F,INDEX,,F,T,0,0
7/8/2026,1:51:46 PM,SPXW,BLOCK,50,4.7,,CALL,7485,0,23500,7/8/2026,WHITE,0,0,F,INDEX,,F,T,0,0
7/8/2026,1:51:59 PM,SPXW,ML/,200,5.22,,CALL,7485,0,104400,7/8/2026,WHITE,0,0,F,INDEX,,F,T,0,0
7/8/2026,1:52:56 PM,SPXW,BLOCK,63,5.4048,,CALL,7485,0,34050,7/8/2026,WHITE,0,0,F,INDEX,,F,T,0,0
7/8/2026,1:55:52 PM,SPXW,ML/,63,3.6495,,CALL,7485,0,22992,7/8/2026,WHITE,0,0,F,INDEX,,F,T,0,0
7/8/2026,1:56:15 PM,SPXW,ML/,109,3.3017,,CALL,7485,0,35988,7/8/2026,WHITE,0,0,F,INDEX,,F,T,0,0
7/8/2026,1:56:53 PM,SPXW,ML/,228,3.4969,,CALL,7485,0,79729,7/8/2026,WHITE,0,0,F,INDEX,,F,T,0,0
7/8/2026,2:00:06 PM,SPXW,ML/,57,3.7835,,CALL,7485,0,21566,7/8/2026,WHITE,0,0,F,INDEX,,F,T,0,0
7/8/2026,2:00:40 PM,SPXW,ML/,121,4.4262,,CALL,7485,0,53556,7/8/2026,WHITE,0,0,F,INDEX,,F,T,0,0
7/8/2026,2:00:52 PM,SPXW,ML/,97,5.2029,,CALL,7485,0,50468,7/8/2026,WHITE,0,0,F,INDEX,,F,T,0,0
7/8/2026,2:01:48 PM,SPXW,ML/,147,5.8769,,CALL,7485,0,86391,7/8/2026,WHITE,0,0,F,INDEX,,F,T,0,0
7/8/2026,2:02:03 PM,SPXW,ML/,120,6.6925,,CALL,7485,0,80310,7/8/2026,WHITE,0,0,F,INDEX,,F,T,0,0
7/8/2026,2:02:07 PM,SPXW,ML/,108,6.9491,,CALL,7485,0,75050,7/8/2026,WHITE,0,0,F,INDEX,,F,T,0,0
7/8/2026,2:02:12 PM,SPXW,ML/,64,6.6766,,CALL,7485,0,42730,7/8/2026,WHITE,0,0,F,INDEX,,F,T,0,0
7/8/2026,2:04:07 PM,SPXW,ML/,106,7.0675,,CALL,7485,0,74916,7/8/2026,WHITE,0,0,F,INDEX,,F,T,0,0
7/8/2026,2:04:11 PM,SPXW,ML/,58,7.44,,CALL,7485,0,43152,7/8/2026,WHITE,0,0,F,INDEX,,F,T,0,0
7/8/2026,2:04:17 PM,SPXW,ML/,72,7.1021,,CALL,7485,0,51135,7/8/2026,WHITE,0,0,F,INDEX,,F,T,0,0
7/8/2026,2:05:07 PM,SPXW,ML/,55,6.8449,,CALL,7485,0,37647,7/8/2026,WHITE,0,0,F,INDEX,,F,T,0,0
7/8/2026,2:07:03 PM,SPXW,ML/,75,5.8677,,CALL,7485,0,44008,7/8/2026,WHITE,0,0,F,INDEX,,F,T,0,0
7/8/2026,2:10:00 PM,SPXW,ML/,71,5.7413,,CALL,7485,0,40763,7/8/2026,WHITE,0,0,F,INDEX,,F,T,0,0
7/8/2026,2:11:51 PM,SPXW,ML/,107,6.0174,,CALL,7485,0,64386,7/8/2026,WHITE,0,0,F,INDEX,,F,T,0,0
7/8/2026,2:16:07 PM,SPXW,ML/,532,5.9686,,CALL,7485,0,317530,7/8/2026,WHITE,0,0,F,INDEX,,F,T,0,0
7/8/2026,2:16:33 PM,SPXW,ML/,119,4.4853,,CALL,7485,0,53375,7/8/2026,WHITE,0,0,F,INDEX,,F,T,0,0
7/8/2026,2:21:03 PM,SPXW,BLOCK,50,4.4,,CALL,7485,0,22000,7/8/2026,WHITE,0,0,F,INDEX,,F,T,0,0
7/8/2026,2:22:46 PM,SPXW,ML/,56,5.3062,,CALL,7485,0,29714,7/8/2026,WHITE,0,0,F,INDEX,,F,T,0,0
7/8/2026,2:23:47 PM,SPXW,ML/,102,5.0289,,CALL,7485,0,51295,7/8/2026,WHITE,0,0,F,INDEX,,F,T,0,0
7/8/2026,2:26:13 PM,SPXW,ML/,110,4.32,,CALL,7485,0,47520,7/8/2026,WHITE,0,0,F,INDEX,,F,T,0,0
7/8/2026,2:30:02 PM,SPXW,ML/,289,3.0213,,CALL,7485,0,87317,7/8/2026,WHITE,0,0,F,INDEX,,F,T,0,0
7/8/2026,2:30:12 PM,SPXW,ML/,69,3.0532,,CALL,7485,0,21067,7/8/2026,WHITE,0,0,F,INDEX,,F,T,0,0
7/8/2026,2:30:24 PM,SPXW,ML/,75,3.2815,,CALL,7485,0,24611,7/8/2026,WHITE,0,0,F,INDEX,,F,T,0,0
7/8/2026,2:31:03 PM,SPXW,ML/,81,2.6711,,CALL,7485,0,21636,7/8/2026,WHITE,0,0,F,INDEX,,F,T,0,0
7/8/2026,2:32:54 PM,SPXW,ML/,92,2.9098,,CALL,7485,0,26770,7/8/2026,WHITE,0,0,F,INDEX,,F,T,0,0
7/8/2026,2:36:18 PM,SPXW,ML/,69,3.0038,,CALL,7485,0,20726,7/8/2026,WHITE,0,0,F,INDEX,,F,T,0,0
7/8/2026,2:37:44 PM,SPXW,ML/,110,4.5956,,CALL,7485,0,50552,7/8/2026,WHITE,0,0,F,INDEX,,F,T,0,0
7/8/2026,2:38:03 PM,SPXW,ML/,57,4.1982,,CALL,7485,0,23930,7/8/2026,WHITE,0,0,F,INDEX,,F,T,0,0
7/8/2026,2:38:05 PM,SPXW,ML/,62,4.2,,CALL,7485,0,26040,7/8/2026,WHITE,0,0,F,INDEX,,F,T,0,0
7/8/2026,2:38:13 PM,SPXW,ML/,104,4.2,,CALL,7485,0,43680,7/8/2026,WHITE,0,0,F,INDEX,,F,T,0,0
7/8/2026,2:38:27 PM,SPXW,BLOCK,116,4.4983,,CALL,7485,0,52179,7/8/2026,WHITE,0,0,F,INDEX,,F,T,0,0
7/8/2026,2:39:55 PM,SPXW,BLOCK,50,4.502,,CALL,7485,0,22510,7/8/2026,WHITE,0,0,F,INDEX,,F,T,0,0
7/8/2026,2:40:06 PM,SPXW,ML/,59,4.6583,,CALL,7485,0,27483,7/8/2026,WHITE,0,0,F,INDEX,,F,T,0,0
7/8/2026,2:41:14 PM,SPXW,ML/,106,3.5986,,CALL,7485,0,38145,7/8/2026,WHITE,0,0,F,INDEX,,F,T,0,0
7/8/2026,2:44:31 PM,SPXW,BLOCK,99,3.901,,CALL,7485,0,38620,7/8/2026,WHITE,0,0,F,INDEX,,F,T,0,0
7/8/2026,2:45:07 PM,SPXW,ML/,57,3.8023,,CALL,7485,0,21673,7/8/2026,WHITE,0,0,F,INDEX,,F,T,0,0
7/8/2026,2:49:26 PM,SPXW,ML/,76,4.3586,,CALL,7485,0,33125,7/8/2026,WHITE,0,0,F,INDEX,,F,T,0,0
7/8/2026,2:52:03 PM,SPXW,ML/,103,5.0776,,CALL,7485,0,52299,7/8/2026,WHITE,0,0,F,INDEX,,F,T,0,0
7/8/2026,2:52:07 PM,SPXW,ML/,61,5.2713,,CALL,7485,0,32155,7/8/2026,WHITE,0,0,F,INDEX,,F,T,0,0
7/8/2026,2:52:12 PM,SPXW,ML/,50,5.277,,CALL,7485,0,26385,7/8/2026,WHITE,0,0,F,INDEX,,F,T,0,0
7/8/2026,2:52:23 PM,SPXW,ML/,71,4.5415,,CALL,7485,0,32245,7/8/2026,WHITE,0,0,F,INDEX,,F,T,0,0
7/8/2026,2:53:45 PM,SPXW,ML/,73,4.0158,,CALL,7485,0,29314,7/8/2026,WHITE,0,0,F,INDEX,,F,T,0,0
7/8/2026,2:56:36 PM,SPXW,ML/,65,2.8472,,CALL,7485,0,18507,7/8/2026,WHITE,0,0,F,INDEX,,F,T,0,0
7/8/2026,2:56:42 PM,SPXW,ML/,62,2.6344,,CALL,7485,0,16332,7/8/2026,WHITE,0,0,F,INDEX,,F,T,0,0
7/8/2026,2:56:52 PM,SPXW,BLOCK,100,2.85,,CALL,7485,0,28500,7/8/2026,WHITE,0,0,F,INDEX,,F,T,0,0
7/8/2026,3:00:00 PM,SPXW,ML/,73,4.1068,,CALL,7485,0,29980,7/8/2026,WHITE,0,0,F,INDEX,,F,T,0,0
7/8/2026,3:00:08 PM,SPXW,ML/,141,4.3521,,CALL,7485,0,61364,7/8/2026,WHITE,0,0,F,INDEX,,F,T,0,0
7/8/2026,3:00:20 PM,SPXW,BLOCK,62,4.7694,,CALL,7485,0,29570,7/8/2026,WHITE,0,0,F,INDEX,,F,T,0,0
7/8/2026,3:00:25 PM,SPXW,ML/,140,5.3262,,CALL,7485,0,74567,7/8/2026,WHITE,0,0,F,INDEX,,F,T,0,0
7/8/2026,3:00:28 PM,SPXW,ML/,451,5.5269,,CALL,7485,0,249262,7/8/2026,WHITE,0,0,F,INDEX,,F,T,0,0
7/8/2026,3:00:55 PM,SPXW,ML/,63,5.1398,,CALL,7485,0,32381,7/8/2026,WHITE,0,0,F,INDEX,,F,T,0,0
7/8/2026,3:00:59 PM,SPXW,ML/,54,5.0281,,CALL,7485,0,27152,7/8/2026,WHITE,0,0,F,INDEX,,F,T,0,0
7/8/2026,3:01:15 PM,SPXW,ML/,62,4.5831,,CALL,7485,0,28414,7/8/2026,WHITE,0,0,F,INDEX,,F,T,0,0
7/8/2026,3:02:16 PM,SPXW,ML/,66,3.7362,,CALL,7485,0,24659,7/8/2026,WHITE,0,0,F,INDEX,,F,T,0,0
7/8/2026,3:02:30 PM,SPXW,ML/,70,3.3883,,CALL,7485,0,23718,7/8/2026,WHITE,0,0,F,INDEX,,F,T,0,0
7/8/2026,3:02:51 PM,SPXW,ML/,188,3.2612,,CALL,7485,0,61310,7/8/2026,WHITE,0,0,F,INDEX,,F,T,0,0
7/8/2026,3:03:37 PM,SPXW,ML/,59,3.4903,,CALL,7485,0,20593,7/8/2026,WHITE,0,0,F,INDEX,,F,T,0,0
7/8/2026,3:03:42 PM,SPXW,BLOCK,51,3.4,,CALL,7485,0,17340,7/8/2026,WHITE,0,0,F,INDEX,,F,T,0,0
7/8/2026,3:06:09 PM,SPXW,ML/,72,2.7332,,CALL,7485,0,19679,7/8/2026,WHITE,0,0,F,INDEX,,F,T,0,0
7/8/2026,3:07:00 PM,SPXW,ML/,61,3.418,,CALL,7485,0,20850,7/8/2026,WHITE,0,0,F,INDEX,,F,T,0,0
7/8/2026,3:07:07 PM,SPXW,ML/,106,3.557,,CALL,7485,0,37704,7/8/2026,WHITE,0,0,F,INDEX,,F,T,0,0
7/8/2026,3:08:04 PM,SPXW,ML/,100,3.05,,CALL,7485,0,30499,7/8/2026,WHITE,0,0,F,INDEX,,F,T,0,0
7/8/2026,3:10:18 PM,SPXW,ML/,69,2.85,,CALL,7485,0,19665,7/8/2026,WHITE,0,0,F,INDEX,,F,T,0,0
7/8/2026,3:12:04 PM,SPXW,ML/,66,2.2008,,CALL,7485,0,14525,7/8/2026,WHITE,0,0,F,INDEX,,F,T,0,0
7/8/2026,3:12:17 PM,SPXW,ML/,59,2.0305,,CALL,7485,0,11980,7/8/2026,WHITE,0,0,F,INDEX,,F,T,0,0
7/8/2026,3:12:27 PM,SPXW,ML/,271,1.9426,,CALL,7485,0,52643,7/8/2026,WHITE,0,0,F,INDEX,,F,T,0,0
7/8/2026,3:14:02 PM,SPXW,ML/,62,1.869,,CALL,7485,0,11588,7/8/2026,WHITE,0,0,F,INDEX,,F,T,0,0
7/8/2026,3:14:28 PM,SPXW,BLOCK,50,2.05,,CALL,7485,0,10250,7/8/2026,WHITE,0,0,F,INDEX,,F,T,0,0
7/8/2026,3:18:17 PM,SPXW,ML/,71,2.0273,,CALL,7485,0,14394,7/8/2026,WHITE,0,0,F,INDEX,,F,T,0,0
7/8/2026,3:18:20 PM,SPXW,BLOCK,95,2.3263,,CALL,7485,0,22100,7/8/2026,WHITE,0,0,F,INDEX,,F,T,0,0
7/8/2026,3:18:29 PM,SPXW,ML/,79,2.401,,CALL,7485,0,18968,7/8/2026,WHITE,0,0,F,INDEX,,F,T,0,0
7/8/2026,3:18:41 PM,SPXW,ML/,52,2.3308,,CALL,7485,0,12120,7/8/2026,WHITE,0,0,F,INDEX,,F,T,0,0
7/8/2026,3:18:43 PM,SPXW,ML/,50,2.2036,,CALL,7485,0,11018,7/8/2026,WHITE,0,0,F,INDEX,,F,T,0,0
7/8/2026,3:19:21 PM,SPXW,BLOCK,75,1.802,,CALL,7485,0,13515,7/8/2026,WHITE,0,0,F,INDEX,,F,T,0,0
7/8/2026,3:21:14 PM,SPXW,ML/,78,2.0104,,CALL,7485,0,15681,7/8/2026,WHITE,0,0,F,INDEX,,F,T,0,0
7/8/2026,3:21:32 PM,SPXW,ML/,61,2.4252,,CALL,7485,0,14794,7/8/2026,WHITE,0,0,F,INDEX,,F,T,0,0
7/8/2026,3:21:37 PM,SPXW,ML/,111,2.473,,CALL,7485,0,27450,7/8/2026,WHITE,0,0,F,INDEX,,F,T,0,0
7/8/2026,3:22:37 PM,SPXW,BLOCK,57,2.0544,,CALL,7485,0,11710,7/8/2026,WHITE,0,0,F,INDEX,,F,T,0,0
7/8/2026,3:29:09 PM,SPXW,ML/,97,1.6653,,CALL,7485,0,16153,7/8/2026,WHITE,0,0,F,INDEX,,F,T,0,0
7/8/2026,3:29:26 PM,SPXW,ML/,65,1.9611,,CALL,7485,0,12747,7/8/2026,WHITE,0,0,F,INDEX,,F,T,0,0
7/8/2026,3:29:31 PM,SPXW,BLOCK,255,2.2871,,CALL,7485,0,58320,7/8/2026,WHITE,0,0,F,INDEX,,F,T,0,0
7/8/2026,3:29:38 PM,SPXW,ML/,69,2.1957,,CALL,7485,0,15150,7/8/2026,WHITE,0,0,F,INDEX,,F,T,0,0
7/8/2026,3:30:02 PM,SPXW,ML/,90,2.198,,CALL,7485,0,19782,7/8/2026,WHITE,0,0,F,INDEX,,F,T,0,0
7/8/2026,3:30:10 PM,SPXW,ML/,179,2.0796,,CALL,7485,0,37224,7/8/2026,WHITE,0,0,F,INDEX,,F,T,0,0
7/8/2026,3:30:25 PM,SPXW,ML/,95,1.8361,,CALL,7485,0,17443,7/8/2026,WHITE,0,0,F,INDEX,,F,T,0,0
7/8/2026,3:31:04 PM,SPXW,ML/,154,1.455,,CALL,7485,0,22407,7/8/2026,WHITE,0,0,F,INDEX,,F,T,0,0
7/8/2026,3:33:01 PM,SPXW,BLOCK,104,1.299,,CALL,7485,0,13510,7/8/2026,WHITE,0,0,F,INDEX,,F,T,0,0
7/8/2026,3:33:04 PM,SPXW,ML/,104,1.1456,,CALL,7485,0,11914,7/8/2026,WHITE,0,0,F,INDEX,,F,T,0,0
7/8/2026,3:35:37 PM,SPXW,ML/,167,1.1492,,CALL,7485,0,19191,7/8/2026,WHITE,0,0,F,INDEX,,F,T,0,0
7/8/2026,3:36:29 PM,SPXW,ML/,121,1.4835,,CALL,7485,0,17950,7/8/2026,WHITE,0,0,F,INDEX,,F,T,0,0
7/8/2026,3:36:44 PM,SPXW,BLOCK,96,1.5432,,CALL,7485,0,14815,7/8/2026,WHITE,0,0,F,INDEX,,F,T,0,0
7/8/2026,3:36:46 PM,SPXW,ML/,73,1.6485,,CALL,7485,0,12034,7/8/2026,WHITE,0,0,F,INDEX,,F,T,0,0
7/8/2026,3:36:54 PM,SPXW,ML/,181,1.9473,,CALL,7485,0,35247,7/8/2026,WHITE,0,0,F,INDEX,,F,T,0,0
7/8/2026,3:36:57 PM,SPXW,ML/,152,1.8867,,CALL,7485,0,28677,7/8/2026,WHITE,0,0,F,INDEX,,F,T,0,0
7/8/2026,3:37:09 PM,SPXW,ML/,70,1.967,,CALL,7485,0,13769,7/8/2026,WHITE,0,0,F,INDEX,,F,T,0,0
7/8/2026,3:37:13 PM,SPXW,ML/,70,1.8621,,CALL,7485,0,13035,7/8/2026,WHITE,0,0,F,INDEX,,F,T,0,0
7/8/2026,3:37:33 PM,SPXW,ML/,60,1.8887,,CALL,7485,0,11332,7/8/2026,WHITE,0,0,F,INDEX,,F,T,0,0
7/8/2026,3:37:53 PM,SPXW,ML/,97,2.0151,,CALL,7485,0,19546,7/8/2026,WHITE,0,0,F,INDEX,,F,T,0,0
7/8/2026,3:37:57 PM,SPXW,ML/,80,1.9788,,CALL,7485,0,15830,7/8/2026,WHITE,0,0,F,INDEX,,F,T,0,0
7/8/2026,3:38:05 PM,SPXW,ML/,221,2.15,,CALL,7485,0,47516,7/8/2026,WHITE,0,0,F,INDEX,,F,T,0,0
7/8/2026,3:38:15 PM,SPXW,ML/,90,1.866,,CALL,7485,0,16794,7/8/2026,WHITE,0,0,F,INDEX,,F,T,0,0
7/8/2026,3:38:17 PM,SPXW,ML/,55,1.8189,,CALL,7485,0,10004,7/8/2026,WHITE,0,0,F,INDEX,,F,T,0,0
7/8/2026,3:38:24 PM,SPXW,ML/,53,1.8936,,CALL,7485,0,10036,7/8/2026,WHITE,0,0,F,INDEX,,F,T,0,0
7/8/2026,3:38:35 PM,SPXW,BLOCK,104,1.9,,CALL,7485,0,19759,7/8/2026,WHITE,0,0,F,INDEX,,F,T,0,0
7/8/2026,3:40:42 PM,SPXW,ML/,214,1.4397,,CALL,7485,0,30810,7/8/2026,WHITE,0,0,F,INDEX,,F,T,0,0
7/8/2026,3:40:48 PM,SPXW,ML/,85,1.1851,,CALL,7485,0,10073,7/8/2026,WHITE,0,0,F,INDEX,,F,T,0,0
7/8/2026,3:44:22 PM,SPXW,ML/,131,1.3014,,CALL,7485,0,17048,7/8/2026,WHITE,0,0,F,INDEX,,F,T,0,0
7/8/2026,3:44:40 PM,SPXW,ML/,123,1.4498,,CALL,7485,0,17832,7/8/2026,WHITE,0,0,F,INDEX,,F,T,0,0
7/8/2026,3:44:43 PM,SPXW,ML/,163,1.5198,,CALL,7485,0,24772,7/8/2026,WHITE,0,0,F,INDEX,,F,T,0,0
7/8/2026,3:44:48 PM,SPXW,ML/,120,1.6712,,CALL,7485,0,20054,7/8/2026,WHITE,0,0,F,INDEX,,F,T,0,0
7/8/2026,3:44:54 PM,SPXW,ML/,241,1.5794,,CALL,7485,0,38064,7/8/2026,WHITE,0,0,F,INDEX,,F,T,0,0
7/8/2026,3:45:05 PM,SPXW,ML/,233,1.51,,CALL,7485,0,35184,7/8/2026,WHITE,0,0,F,INDEX,,F,T,0,0
7/8/2026,3:45:30 PM,SPXW,ML/,141,0.8374,,CALL,7485,0,11808,7/8/2026,WHITE,0,0,F,INDEX,,F,T,0,0
7/8/2026,3:45:36 PM,SPXW,ML/,214,0.7324,,CALL,7485,0,15672,7/8/2026,WHITE,0,0,F,INDEX,,F,T,0,0
7/8/2026,3:46:27 PM,SPXW,ML/,149,0.9381,,CALL,7485,0,13977,7/8/2026,WHITE,0,0,F,INDEX,,F,T,0,0
7/8/2026,3:47:00 PM,SPXW,ML/,173,0.6184,,CALL,7485,0,10698,7/8/2026,WHITE,0,0,F,INDEX,,F,T,0,0
7/8/2026,3:47:15 PM,SPXW,ML/,279,0.5509,,CALL,7485,0,15369,7/8/2026,WHITE,0,0,F,INDEX,,F,T,0,0
7/8/2026,3:47:21 PM,SPXW,ML/,339,0.4784,,CALL,7485,0,16219,7/8/2026,WHITE,0,0,F,INDEX,,F,T,0,0
7/8/2026,3:49:59 PM,SPXW,ML/,252,0.4498,,CALL,7485,0,11336,7/8/2026,WHITE,0,0,F,INDEX,,F,T,0,0
7/8/2026,3:50:09 PM,SPXW,ML/,293,0.707,,CALL,7485,0,20716,7/8/2026,WHITE,0,0,F,INDEX,,F,T,0,0
7/8/2026,3:51:04 PM,SPXW,ML/,658,0.7533,,CALL,7485,0,49568,7/8/2026,WHITE,0,0,F,INDEX,,F,T,0,0
7/8/2026,3:51:17 PM,SPXW,ML/,164,0.8049,,CALL,7485,0,13200,7/8/2026,WHITE,0,0,F,INDEX,,F,T,0,0
7/8/2026,3:51:23 PM,SPXW,ML/,749,1.0731,,CALL,7485,0,80373,7/8/2026,WHITE,0,0,F,INDEX,,F,T,0,0
7/8/2026,3:51:42 PM,SPXW,ML/,309,0.9834,,CALL,7485,0,30386,7/8/2026,WHITE,0,0,F,INDEX,,F,T,0,0
7/8/2026,3:51:50 PM,SPXW,ML/,310,0.8815,,CALL,7485,0,27325,7/8/2026,WHITE,0,0,F,INDEX,,F,T,0,0
7/8/2026,3:52:13 PM,SPXW,ML/,188,0.7527,,CALL,7485,0,14151,7/8/2026,WHITE,0,0,F,INDEX,,F,T,0,0
7/8/2026,3:52:17 PM,SPXW,ML/,136,0.931,,CALL,7485,0,12661,7/8/2026,WHITE,0,0,F,INDEX,,F,T,0,0
7/8/2026,3:52:35 PM,SPXW,ML/,131,1.041,,CALL,7485,0,13637,7/8/2026,WHITE,0,0,F,INDEX,,F,T,0,0
7/8/2026,3:52:43 PM,SPXW,ML/,167,1.061,,CALL,7485,0,17718,7/8/2026,WHITE,0,0,F,INDEX,,F,T,0,0
7/8/2026,3:52:50 PM,SPXW,ML/,137,0.9653,,CALL,7485,0,13224,7/8/2026,WHITE,0,0,F,INDEX,,F,T,0,0
7/8/2026,3:52:58 PM,SPXW,ML/,108,0.9965,,CALL,7485,0,10762,7/8/2026,WHITE,0,0,F,INDEX,,F,T,0,0
7/8/2026,3:52:59 PM,SPXW,ML/,242,1.0349,,CALL,7485,0,25044,7/8/2026,WHITE,0,0,F,INDEX,,F,T,0,0
7/8/2026,3:53:06 PM,SPXW,ML/,482,1.1938,,CALL,7485,0,57539,7/8/2026,WHITE,0,0,F,INDEX,,F,T,0,0
7/8/2026,3:53:20 PM,SPXW,ML/,1055,1.412,,CALL,7485,0,148964,7/8/2026,WHITE,0,0,F,INDEX,,F,T,0,0
7/8/2026,3:53:47 PM,SPXW,ML/,329,1.2246,,CALL,7485,0,40288,7/8/2026,WHITE,0,0,F,INDEX,,F,T,0,0
7/8/2026,3:53:59 PM,SPXW,ML/,206,1.4287,,CALL,7485,0,29432,7/8/2026,WHITE,0,0,F,INDEX,,F,T,0,0
7/8/2026,3:54:03 PM,SPXW,ML/,349,1.3752,,CALL,7485,0,47996,7/8/2026,WHITE,0,0,F,INDEX,,F,T,0,0
7/8/2026,3:54:09 PM,SPXW,ML/,262,1.4426,,CALL,7485,0,37796,7/8/2026,WHITE,0,0,F,INDEX,,F,T,0,0
7/8/2026,3:54:16 PM,SPXW,ML/,155,1.4737,,CALL,7485,0,22842,7/8/2026,WHITE,0,0,F,INDEX,,F,T,0,0
7/8/2026,3:54:22 PM,SPXW,ML/,701,1.4064,,CALL,7485,0,98589,7/8/2026,WHITE,0,0,F,INDEX,,F,T,0,0
7/8/2026,3:54:38 PM,SPXW,ML/,606,1.5559,,CALL,7485,0,94290,7/8/2026,WHITE,0,0,F,INDEX,,F,T,0,0
7/8/2026,3:54:46 PM,SPXW,ML/,3712,1.7827,,CALL,7485,0,661741,7/8/2026,WHITE,0,0,F,INDEX,,F,T,0,0
7/8/2026,3:55:35 PM,SPXW,ML/,98,1.5151,,CALL,7485,0,14847,7/8/2026,WHITE,0,0,F,INDEX,,F,T,0,0
7/8/2026,3:55:39 PM,SPXW,ML/,1087,1.3432,,CALL,7485,0,146004,7/8/2026,WHITE,0,0,F,INDEX,,F,T,0,0
7/8/2026,3:56:04 PM,SPXW,ML/,1045,0.9267,,CALL,7485,0,96841,7/8/2026,WHITE,0,0,F,INDEX,,F,T,0,0
7/8/2026,3:56:28 PM,SPXW,ML/,115,0.962,,CALL,7485,0,11063,7/8/2026,WHITE,0,0,F,INDEX,,F,T,0,0
7/8/2026,3:56:33 PM,SPXW,ML/,1047,1.2733,,CALL,7485,0,133310,7/8/2026,WHITE,0,0,F,INDEX,,F,T,0,0
7/8/2026,3:56:57 PM,SPXW,ML/,5672,2.4887,,CALL,7485,0,1411590,7/8/2026,WHITE,0,0,F,INDEX,,F,T,0,0
7/8/2026,3:58:20 PM,SPXW,ML/,90,1.9309,,CALL,7485,0,17378,7/8/2026,WHITE,0,0,F,INDEX,,F,T,0,0
7/8/2026,3:58:23 PM,SPXW,ML/,158,1.8903,,CALL,7485,0,29866,7/8/2026,WHITE,0,0,F,INDEX,,F,T,0,0
7/8/2026,3:58:34 PM,SPXW,ML/,91,2.2154,,CALL,7485,0,20160,7/8/2026,WHITE,0,0,F,INDEX,,F,T,0,0
7/8/2026,3:58:41 PM,SPXW,ML/,1947,2.3103,,CALL,7485,0,449808,7/8/2026,WHITE,0,0,F,INDEX,,F,T,0,0
7/8/2026,3:59:16 PM,SPXW,ML/,277,1.8281,,CALL,7485,0,50639,7/8/2026,WHITE,0,0,F,INDEX,,F,T,0,0
7/8/2026,3:59:24 PM,SPXW,ML/,479,1.9333,,CALL,7485,0,92603,7/8/2026,WHITE,0,0,F,INDEX,,F,T,0,0
7/8/2026,3:59:33 PM,SPXW,ML/,626,0.7053,,CALL,7485,0,44154,7/8/2026,WHITE,0,0,F,INDEX,,F,T,0,0
7/8/2026,9:30:42 AM,SPXW,ML/,97,5.8737,,CALL,7495,0,56975,7/8/2026,WHITE,0,0,F,INDEX,,F,T,0,0
7/8/2026,9:33:33 AM,SPXW,BLOCK,100,6.7,,CALL,7495,0,67000,7/8/2026,WHITE,0,0,F,INDEX,,F,T,0,0
7/8/2026,9:40:51 AM,SPXW,ML/,102,9.6477,,CALL,7495,0,98407,7/8/2026,WHITE,0,0,F,INDEX,,F,T,0,0
7/8/2026,9:42:59 AM,SPXW,ML/,85,7.5824,,CALL,7495,0,64450,7/8/2026,WHITE,0,0,F,INDEX,,F,T,0,0
7/8/2026,9:43:01 AM,SPXW,ML/,52,7.6683,,CALL,7495,0,39875,7/8/2026,WHITE,0,0,F,INDEX,,F,T,0,0
7/8/2026,9:45:35 AM,SPXW,ML/,438,7.703,,CALL,7495,0,337390,7/8/2026,WHITE,0,0,F,INDEX,,F,T,0,0
7/8/2026,10:09:40 AM,SPXW,ML/,71,6.6076,,CALL,7495,0,46914,7/8/2026,WHITE,0,0,F,INDEX,,F,T,0,0
7/8/2026,10:15:21 AM,SPXW,ML/,70,3.8043,,CALL,7495,0,26630,7/8/2026,WHITE,0,0,F,INDEX,,F,T,0,0
7/8/2026,10:15:45 AM,SPXW,ML/,62,3.5394,,CALL,7495,0,21944,7/8/2026,WHITE,0,0,F,INDEX,,F,T,0,0
7/8/2026,10:20:33 AM,SPXW,ML/,50,3.74,,CALL,7495,0,18700,7/8/2026,WHITE,0,0,F,INDEX,,F,T,0,0
7/8/2026,10:20:50 AM,SPXW,ML/,68,4.8451,,CALL,7495,0,32947,7/8/2026,WHITE,0,0,F,INDEX,,F,T,0,0
7/8/2026,10:21:29 AM,SPXW,ML/,64,5.4488,,CALL,7495,0,34872,7/8/2026,WHITE,0,0,F,INDEX,,F,T,0,0
7/8/2026,10:33:24 AM,SPXW,ML/,60,3.139,,CALL,7495,0,18834,7/8/2026,WHITE,0,0,F,INDEX,,F,T,0,0
7/8/2026,10:38:50 AM,SPXW,ML/,71,2.4679,,CALL,7495,0,17522,7/8/2026,WHITE,0,0,F,INDEX,,F,T,0,0
7/8/2026,10:50:00 AM,SPXW,ML/,152,1.1499,,CALL,7495,0,17479,7/8/2026,WHITE,0,0,F,INDEX,,F,T,0,0
7/8/2026,10:53:01 AM,SPXW,ML/,62,1.7492,,CALL,7495,0,10845,7/8/2026,WHITE,0,0,F,INDEX,,F,T,0,0
7/8/2026,10:53:46 AM,SPXW,ML/,192,2.0868,,CALL,7495,0,40066,7/8/2026,WHITE,0,0,F,INDEX,,F,T,0,0
7/8/2026,11:02:59 AM,SPXW,ML/,199,1.5,,CALL,7495,0,29850,7/8/2026,WHITE,0,0,F,INDEX,,F,T,0,0
7/8/2026,11:20:52 AM,SPXW,BLOCK,102,1.2495,,CALL,7495,0,12745,7/8/2026,WHITE,0,0,F,INDEX,,F,T,0,0
7/8/2026,11:46:12 AM,SPXW,BLOCK,116,0.9,,CALL,7495,0,10440,7/8/2026,WHITE,0,0,F,INDEX,,F,T,0,0
7/8/2026,12:10:25 PM,SPXW,ML/,99,1.4437,,CALL,7495,0,14293,7/8/2026,WHITE,0,0,F,INDEX,,F,T,0,0
7/8/2026,12:11:44 PM,SPXW,BLOCK,153,1.4503,,CALL,7495,0,22189,7/8/2026,WHITE,0,0,F,INDEX,,F,T,0,0
7/8/2026,12:11:49 PM,SPXW,BLOCK,229,1.4,,CALL,7495,0,32059,7/8/2026,WHITE,0,0,F,INDEX,,F,T,0,0
7/8/2026,12:20:35 PM,SPXW,ML/,101,1.8264,,CALL,7495,0,18447,7/8/2026,WHITE,0,0,F,INDEX,,F,T,0,0
7/8/2026,12:21:16 PM,SPXW,ML/,69,2.0087,,CALL,7495,0,13860,7/8/2026,WHITE,0,0,F,INDEX,,F,T,0,0
7/8/2026,12:21:29 PM,SPXW,ML/,71,2.0006,,CALL,7495,0,14204,7/8/2026,WHITE,0,0,F,INDEX,,F,T,0,0
7/8/2026,12:21:34 PM,SPXW,ML/,105,2.2031,,CALL,7495,0,23133,7/8/2026,WHITE,0,0,F,INDEX,,F,T,0,0
7/8/2026,12:21:41 PM,SPXW,ML/,181,2.2199,,CALL,7495,0,40180,7/8/2026,WHITE,0,0,F,INDEX,,F,T,0,0
7/8/2026,12:22:20 PM,SPXW,ML/,211,2.0986,,CALL,7495,0,44281,7/8/2026,WHITE,0,0,F,INDEX,,F,T,0,0
7/8/2026,12:27:38 PM,SPXW,ML/,51,2.328,,CALL,7495,0,11872,7/8/2026,WHITE,0,0,F,INDEX,,F,T,0,0
7/8/2026,12:30:57 PM,SPXW,ML/,82,2.4466,,CALL,7495,0,20062,7/8/2026,WHITE,0,0,F,INDEX,,F,T,0,0
7/8/2026,12:31:01 PM,SPXW,ML/,364,2.6794,,CALL,7495,0,97529,7/8/2026,WHITE,0,0,F,INDEX,,F,T,0,0
7/8/2026,12:31:12 PM,SPXW,ML/,53,2.667,,CALL,7495,0,14135,7/8/2026,WHITE,0,0,F,INDEX,,F,T,0,0
7/8/2026,12:33:46 PM,SPXW,ML/,59,2.15,,CALL,7495,0,12685,7/8/2026,WHITE,0,0,F,INDEX,,F,T,0,0
7/8/2026,12:34:02 PM,SPXW,BLOCK,69,2.1,,CALL,7495,0,14490,7/8/2026,WHITE,0,0,F,INDEX,,F,T,0,0
7/8/2026,12:35:11 PM,SPXW,ML/,107,2.0967,,CALL,7495,0,22435,7/8/2026,WHITE,0,0,F,INDEX,,F,T,0,0
7/8/2026,12:40:18 PM,SPXW,ML/,111,1.7448,,CALL,7495,0,19367,7/8/2026,WHITE,0,0,F,INDEX,,F,T,0,0
7/8/2026,12:40:20 PM,SPXW,ML/,64,1.9664,,CALL,7495,0,12585,7/8/2026,WHITE,0,0,F,INDEX,,F,T,0,0
7/8/2026,12:40:42 PM,SPXW,ML/,164,2.8769,,CALL,7495,0,47181,7/8/2026,WHITE,0,0,F,INDEX,,F,T,0,0
7/8/2026,12:40:49 PM,SPXW,ML/,385,3.5756,,CALL,7495,0,137662,7/8/2026,WHITE,0,0,F,INDEX,,F,T,0,0
7/8/2026,12:41:23 PM,SPXW,BLOCK,53,2.4434,,CALL,7495,0,12950,7/8/2026,WHITE,0,0,F,INDEX,,F,T,0,0
7/8/2026,12:43:31 PM,SPXW,ML/,84,2.6033,,CALL,7495,0,21868,7/8/2026,WHITE,0,0,F,INDEX,,F,T,0,0
7/8/2026,12:46:06 PM,SPXW,ML/,59,2.25,,CALL,7495,0,13275,7/8/2026,WHITE,0,0,F,INDEX,,F,T,0,0
7/8/2026,12:49:58 PM,SPXW,ML/,52,2.7798,,CALL,7495,0,14455,7/8/2026,WHITE,0,0,F,INDEX,,F,T,0,0
7/8/2026,12:50:24 PM,SPXW,BLOCK,53,2.8538,,CALL,7495,0,15125,7/8/2026,WHITE,0,0,F,INDEX,,F,T,0,0
7/8/2026,12:53:32 PM,SPXW,ML/,364,2.916,,CALL,7495,0,106143,7/8/2026,WHITE,0,0,F,INDEX,,F,T,0,0
7/8/2026,1:00:55 PM,SPXW,BLOCK,138,2.4996,,CALL,7495,0,34495,7/8/2026,WHITE,0,0,F,INDEX,,F,T,0,0
7/8/2026,1:01:35 PM,SPXW,ML/,56,2.3487,,CALL,7495,0,13153,7/8/2026,WHITE,0,0,F,INDEX,,F,T,0,0
7/8/2026,1:06:19 PM,SPXW,ML/,55,2.3725,,CALL,7495,0,13049,7/8/2026,WHITE,0,0,F,INDEX,,F,T,0,0
7/8/2026,1:11:07 PM,SPXW,ML/,99,1.9155,,CALL,7495,0,18963,7/8/2026,WHITE,0,0,F,INDEX,,F,T,0,0
7/8/2026,1:19:15 PM,SPXW,ML/,53,2.784,,CALL,7495,0,14754,7/8/2026,WHITE,0,0,F,INDEX,,F,T,0,0
7/8/2026,1:19:50 PM,SPXW,ML/,88,3.3432,,CALL,7495,0,29420,7/8/2026,WHITE,0,0,F,INDEX,,F,T,0,0
7/8/2026,1:20:06 PM,SPXW,ML/,119,3.6587,,CALL,7495,0,43538,7/8/2026,WHITE,0,0,F,INDEX,,F,T,0,0
7/8/2026,1:21:33 PM,SPXW,ML/,64,3.9119,,CALL,7495,0,25036,7/8/2026,WHITE,0,0,F,INDEX,,F,T,0,0
7/8/2026,1:21:39 PM,SPXW,ML/,85,3.9968,,CALL,7495,0,33973,7/8/2026,WHITE,0,0,F,INDEX,,F,T,0,0
7/8/2026,1:22:16 PM,SPXW,ML/,67,3.8724,,CALL,7495,0,25945,7/8/2026,WHITE,0,0,F,INDEX,,F,T,0,0
7/8/2026,1:24:54 PM,SPXW,ML/,478,4.6931,,CALL,7495,0,224332,7/8/2026,WHITE,0,0,F,INDEX,,F,T,0,0
7/8/2026,1:25:07 PM,SPXW,ML/,195,4.8446,,CALL,7495,0,94469,7/8/2026,WHITE,0,0,F,INDEX,,F,T,0,0
7/8/2026,1:25:17 PM,SPXW,ML/,215,4.8717,,CALL,7495,0,104741,7/8/2026,WHITE,0,0,F,INDEX,,F,T,0,0
7/8/2026,1:26:16 PM,SPXW,ML/,55,3.9027,,CALL,7495,0,21465,7/8/2026,WHITE,0,0,F,INDEX,,F,T,0,0
7/8/2026,1:30:00 PM,SPXW,ML/,66,5.1858,,CALL,7495,0,34226,7/8/2026,WHITE,0,0,F,INDEX,,F,T,0,0
7/8/2026,1:30:27 PM,SPXW,ML/,82,5.3883,,CALL,7495,0,44184,7/8/2026,WHITE,0,0,F,INDEX,,F,T,0,0
7/8/2026,1:30:51 PM,SPXW,ML/,57,5.5511,,CALL,7495,0,31640,7/8/2026,WHITE,0,0,F,INDEX,,F,T,0,0
7/8/2026,1:31:12 PM,SPXW,ML/,95,6.3061,,CALL,7495,0,59908,7/8/2026,WHITE,0,0,F,INDEX,,F,T,0,0
7/8/2026,1:31:25 PM,SPXW,ML/,64,6.0842,,CALL,7495,0,38939,7/8/2026,WHITE,0,0,F,INDEX,,F,T,0,0
7/8/2026,1:31:32 PM,SPXW,ML/,212,5.8273,,CALL,7495,0,123538,7/8/2026,WHITE,0,0,F,INDEX,,F,T,0,0
7/8/2026,1:32:29 PM,SPXW,ML/,88,5.5636,,CALL,7495,0,48960,7/8/2026,WHITE,0,0,F,INDEX,,F,T,0,0
7/8/2026,1:32:43 PM,SPXW,ML/,76,5.3803,,CALL,7495,0,40890,7/8/2026,WHITE,0,0,F,INDEX,,F,T,0,0
7/8/2026,1:34:59 PM,SPXW,ML/,69,4.6662,,CALL,7495,0,32196,7/8/2026,WHITE,0,0,F,INDEX,,F,T,0,0
7/8/2026,1:40:36 PM,SPXW,ML/,120,3.3363,,CALL,7495,0,40035,7/8/2026,WHITE,0,0,F,INDEX,,F,T,0,0
7/8/2026,1:41:50 PM,SPXW,ML/,123,3,,CALL,7495,0,36900,7/8/2026,WHITE,0,0,F,INDEX,,F,T,0,0
7/8/2026,1:42:00 PM,SPXW,ML/,53,2.8925,,CALL,7495,0,15330,7/8/2026,WHITE,0,0,F,INDEX,,F,T,0,0
7/8/2026,1:42:34 PM,SPXW,ML/,75,3.05,,CALL,7495,0,22875,7/8/2026,WHITE,0,0,F,INDEX,,F,T,0,0
7/8/2026,1:42:51 PM,SPXW,ML/,64,3.3986,,CALL,7495,0,21751,7/8/2026,WHITE,0,0,F,INDEX,,F,T,0,0
7/8/2026,1:44:07 PM,SPXW,BLOCK,60,3.1,,CALL,7495,0,18600,7/8/2026,WHITE,0,0,F,INDEX,,F,T,0,0
7/8/2026,1:44:11 PM,SPXW,ML/,92,3.1246,,CALL,7495,0,28745,7/8/2026,WHITE,0,0,F,INDEX,,F,T,0,0
7/8/2026,1:44:45 PM,SPXW,ML/,103,3.2827,,CALL,7495,0,33812,7/8/2026,WHITE,0,0,F,INDEX,,F,T,0,0
7/8/2026,1:46:24 PM,SPXW,ML/,52,2.8013,,CALL,7495,0,14567,7/8/2026,WHITE,0,0,F,INDEX,,F,T,0,0
7/8/2026,1:51:01 PM,SPXW,ML/,60,2.613,,CALL,7495,0,15678,7/8/2026,WHITE,0,0,F,INDEX,,F,T,0,0
7/8/2026,1:51:59 PM,SPXW,ML/,200,2.57,,CALL,7495,0,51400,7/8/2026,WHITE,0,0,F,INDEX,,F,T,0,0
7/8/2026,1:56:53 PM,SPXW,ML/,200,1.6084,,CALL,7495,0,32169,7/8/2026,WHITE,0,0,F,INDEX,,F,T,0,0
7/8/2026,1:57:28 PM,SPXW,ML/,101,1.6,,CALL,7495,0,16160,7/8/2026,WHITE,0,0,F,INDEX,,F,T,0,0
7/8/2026,1:59:24 PM,SPXW,BLOCK,79,2.0924,,CALL,7495,0,16530,7/8/2026,WHITE,0,0,F,INDEX,,F,T,0,0
7/8/2026,2:00:44 PM,SPXW,ML/,79,2.5353,,CALL,7495,0,20029,7/8/2026,WHITE,0,0,F,INDEX,,F,T,0,0
7/8/2026,2:01:36 PM,SPXW,ML/,57,2.8728,,CALL,7495,0,16375,7/8/2026,WHITE,0,0,F,INDEX,,F,T,0,0
7/8/2026,2:01:49 PM,SPXW,ML/,196,3.1379,,CALL,7495,0,61502,7/8/2026,WHITE,0,0,F,INDEX,,F,T,0,0
7/8/2026,2:02:00 PM,SPXW,ML/,117,3.2817,,CALL,7495,0,38396,7/8/2026,WHITE,0,0,F,INDEX,,F,T,0,0
7/8/2026,2:02:03 PM,SPXW,ML/,202,3.628,,CALL,7495,0,73286,7/8/2026,WHITE,0,0,F,INDEX,,F,T,0,0
7/8/2026,2:02:23 PM,SPXW,ML/,61,3.2966,,CALL,7495,0,20109,7/8/2026,WHITE,0,0,F,INDEX,,F,T,0,0
7/8/2026,2:03:13 PM,SPXW,ML/,50,3.1048,,CALL,7495,0,15524,7/8/2026,WHITE,0,0,F,INDEX,,F,T,0,0
7/8/2026,2:04:40 PM,SPXW,ML/,92,3.3691,,CALL,7495,0,30995,7/8/2026,WHITE,0,0,F,INDEX,,F,T,0,0
7/8/2026,2:08:10 PM,SPXW,BLOCK,76,2.5974,,CALL,7495,0,19740,7/8/2026,WHITE,0,0,F,INDEX,,F,T,0,0
7/8/2026,2:08:32 PM,SPXW,BLOCK,100,2.6,,CALL,7495,0,26000,7/8/2026,WHITE,0,0,F,INDEX,,F,T,0,0
7/8/2026,2:09:16 PM,SPXW,ML/,63,2.8008,,CALL,7495,0,17645,7/8/2026,WHITE,0,0,F,INDEX,,F,T,0,0
7/8/2026,2:09:59 PM,SPXW,ML/,62,2.7963,,CALL,7495,0,17337,7/8/2026,WHITE,0,0,F,INDEX,,F,T,0,0
7/8/2026,2:11:43 PM,SPXW,ML/,69,2.9059,,CALL,7495,0,20051,7/8/2026,WHITE,0,0,F,INDEX,,F,T,0,0
7/8/2026,2:15:36 PM,SPXW,SWEEP,100,2.65,A,CALL,7495,0,26500,7/8/2026,WHITE,0,0,F,INDEX,,F,T,0,0
7/8/2026,2:16:36 PM,SPXW,ML/,141,1.8918,,CALL,7495,0,26675,7/8/2026,WHITE,0,0,F,INDEX,,F,T,0,0
7/8/2026,2:16:40 PM,SPXW,ML/,72,1.8519,,CALL,7495,0,13334,7/8/2026,WHITE,0,0,F,INDEX,,F,T,0,0
7/8/2026,2:18:29 PM,SPXW,ML/,78,1.7486,,CALL,7495,0,13638,7/8/2026,WHITE,0,0,F,INDEX,,F,T,0,0
7/8/2026,2:26:13 PM,SPXW,ML/,110,1.77,,CALL,7495,0,19470,7/8/2026,WHITE,0,0,F,INDEX,,F,T,0,0
7/8/2026,2:52:03 PM,SPXW,ML/,88,2.0265,,CALL,7495,0,17833,7/8/2026,WHITE,0,0,F,INDEX,,F,T,0,0
7/8/2026,2:52:06 PM,SPXW,ML/,113,2.0088,,CALL,7495,0,22700,7/8/2026,WHITE,0,0,F,INDEX,,F,T,0,0
7/8/2026,2:52:09 PM,SPXW,ML/,91,2.0792,,CALL,7495,0,18921,7/8/2026,WHITE,0,0,F,INDEX,,F,T,0,0
7/8/2026,2:52:18 PM,SPXW,ML/,69,2.0471,,CALL,7495,0,14125,7/8/2026,WHITE,0,0,F,INDEX,,F,T,0,0
7/8/2026,3:00:01 PM,SPXW,ML/,124,1.4448,,CALL,7495,0,17915,7/8/2026,WHITE,0,0,F,INDEX,,F,T,0,0
7/8/2026,3:00:33 PM,SPXW,ML/,129,2.2402,,CALL,7495,0,28898,7/8/2026,WHITE,0,0,F,INDEX,,F,T,0,0
7/8/2026,3:00:37 PM,SPXW,ML/,341,2.1613,,CALL,7495,0,73701,7/8/2026,WHITE,0,0,F,INDEX,,F,T,0,0
7/8/2026,3:06:46 PM,SPXW,ML/,102,0.9959,,CALL,7495,0,10158,7/8/2026,WHITE,0,0,F,INDEX,,F,T,0,0
7/8/2026,3:21:44 PM,SPXW,ML/,200,0.67,,CALL,7495,0,13400,7/8/2026,WHITE,0,0,F,INDEX,,F,T,0,0
7/8/2026,10:00:02 AM,SPXW,ML/,109,42.4994,,PUT,7505,0,463243,7/8/2026,WHITE,0,0,F,INDEX,,F,T,0,0
7/8/2026,10:11:18 AM,SPXW,BLOCK,81,44.6049,,PUT,7505,0,361300,7/8/2026,WHITE,0,0,F,INDEX,,F,T,0,0
7/8/2026,10:36:07 AM,SPXW,BLOCK,70,54.1,,PUT,7505,0,378700,7/8/2026,WHITE,0,0,F,INDEX,,F,T,0,0
7/8/2026,10:47:05 AM,SPXW,BLOCK,172,61.9,,PUT,7505,0,1064680,7/8/2026,WHITE,0,0,F,INDEX,,F,T,0,0
7/8/2026,1:13:28 PM,SPXW,ML/,50,33.97,,PUT,7505,0,169850,7/8/2026,WHITE,0,0,F,INDEX,,F,T,0,0
7/8/2026,1:48:52 PM,SPXW,ML/,50,35.7,,PUT,7505,0,178500,7/8/2026,WHITE,0,0,F,INDEX,,F,T,0,0
7/8/2026,9:35:40 AM,SPXW,ML/,75,17.8507,,PUT,7455,0,133880,7/8/2026,WHITE,0,0,F,INDEX,,F,T,0,0
7/8/2026,9:40:14 AM,SPXW,ML/,80,13.3315,,PUT,7455,0,106652,7/8/2026,WHITE,0,0,F,INDEX,,F,T,0,0
7/8/2026,9:42:41 AM,SPXW,ML/,125,14.6082,,PUT,7455,0,182603,7/8/2026,WHITE,0,0,F,INDEX,,F,T,0,0
7/8/2026,9:57:12 AM,SPXW,ML/,61,13.43,,PUT,7455,0,81923,7/8/2026,WHITE,0,0,F,INDEX,,F,T,0,0
7/8/2026,10:08:19 AM,SPXW,ML/,86,10.9651,,PUT,7455,0,94300,7/8/2026,WHITE,0,0,F,INDEX,,F,T,0,0
7/8/2026,10:09:40 AM,SPXW,ML/,57,11.6495,,PUT,7455,0,66402,7/8/2026,WHITE,0,0,F,INDEX,,F,T,0,0
7/8/2026,10:10:36 AM,SPXW,ML/,71,13.7285,,PUT,7455,0,97471,7/8/2026,WHITE,0,0,F,INDEX,,F,T,0,0
7/8/2026,10:13:05 AM,SPXW,ML/,50,15.842,,PUT,7455,0,79210,7/8/2026,WHITE,0,0,F,INDEX,,F,T,0,0
7/8/2026,10:13:26 AM,SPXW,ML/,106,14.2009,,PUT,7455,0,150530,7/8/2026,WHITE,0,0,F,INDEX,,F,T,0,0
7/8/2026,10:15:15 AM,SPXW,ML/,61,17.3975,,PUT,7455,0,106125,7/8/2026,WHITE,0,0,F,INDEX,,F,T,0,0
7/8/2026,10:15:44 AM,SPXW,ML/,78,18.3262,,PUT,7455,0,142944,7/8/2026,WHITE,0,0,F,INDEX,,F,T,0,0
7/8/2026,10:20:57 AM,SPXW,ML/,56,14.2625,,PUT,7455,0,79870,7/8/2026,WHITE,0,0,F,INDEX,,F,T,0,0
7/8/2026,10:27:13 AM,SPXW,ML/,64,17.4856,,PUT,7455,0,111908,7/8/2026,WHITE,0,0,F,INDEX,,F,T,0,0
7/8/2026,10:31:02 AM,SPXW,ML/,57,16.0105,,PUT,7455,0,91260,7/8/2026,WHITE,0,0,F,INDEX,,F,T,0,0
7/8/2026,10:35:30 AM,SPXW,ML/,56,15.5332,,PUT,7455,0,86986,7/8/2026,WHITE,0,0,F,INDEX,,F,T,0,0
7/8/2026,10:35:55 AM,SPXW,BLOCK,50,17.472,,PUT,7455,0,87360,7/8/2026,WHITE,0,0,F,INDEX,,F,T,0,0
7/8/2026,10:37:31 AM,SPXW,ML/,57,17.6884,,PUT,7455,0,100824,7/8/2026,WHITE,0,0,F,INDEX,,F,T,0,0
7/8/2026,10:38:50 AM,SPXW,ML/,105,19.3962,,PUT,7455,0,203659,7/8/2026,WHITE,0,0,F,INDEX,,F,T,0,0
7/8/2026,10:43:20 AM,SPXW,ML/,51,20.1373,,PUT,7455,0,102700,7/8/2026,WHITE,0,0,F,INDEX,,F,T,0,0
7/8/2026,10:45:45 AM,SPXW,ML/,54,21.76,,PUT,7455,0,117504,7/8/2026,WHITE,0,0,F,INDEX,,F,T,0,0
7/8/2026,10:50:03 AM,SPXW,ML/,500,23.05,,PUT,7455,0,1152500,7/8/2026,WHITE,0,0,F,INDEX,,F,T,0,0
7/8/2026,10:50:11 AM,SPXW,ML/,52,24.9615,,PUT,7455,0,129800,7/8/2026,WHITE,0,0,F,INDEX,,F,T,0,0
7/8/2026,12:16:59 PM,SPXW,ML/,100,17.7,,PUT,7455,0,177000,7/8/2026,WHITE,0,0,F,INDEX,,F,T,0,0
7/8/2026,12:20:37 PM,SPXW,ML/,104,13.7988,,PUT,7455,0,143508,7/8/2026,WHITE,0,0,F,INDEX,,F,T,0,0
7/8/2026,12:22:42 PM,SPXW,ML/,113,13.2895,,PUT,7455,0,150171,7/8/2026,WHITE,0,0,F,INDEX,,F,T,0,0
7/8/2026,12:27:36 PM,SPXW,ML/,65,11.7363,,PUT,7455,0,76286,7/8/2026,WHITE,0,0,F,INDEX,,F,T,0,0
7/8/2026,12:34:29 PM,SPXW,BLOCK,54,11.1,,PUT,7455,0,59940,7/8/2026,WHITE,0,0,F,INDEX,,F,T,0,0
7/8/2026,12:35:11 PM,SPXW,ML/,87,11.3737,,PUT,7455,0,98951,7/8/2026,WHITE,0,0,F,INDEX,,F,T,0,0
7/8/2026,12:39:42 PM,SPXW,ML/,99,12.9939,,PUT,7455,0,128640,7/8/2026,WHITE,0,0,F,INDEX,,F,T,0,0
7/8/2026,12:40:43 PM,SPXW,ML/,94,8.8383,,PUT,7455,0,83080,7/8/2026,WHITE,0,0,F,INDEX,,F,T,0,0
7/8/2026,12:44:21 PM,SPXW,BLOCK,60,8.2,,PUT,7455,0,49199,7/8/2026,WHITE,0,0,F,INDEX,,F,T,0,0
7/8/2026,12:50:35 PM,SPXW,BLOCK,67,6.2,,PUT,7455,0,41540,7/8/2026,WHITE,0,0,F,INDEX,,F,T,0,0
7/8/2026,12:53:12 PM,SPXW,ML/,59,5.1644,,PUT,7455,0,30470,7/8/2026,WHITE,0,0,F,INDEX,,F,T,0,0
7/8/2026,12:58:14 PM,SPXW,ML/,65,5.1085,,PUT,7455,0,33205,7/8/2026,WHITE,0,0,F,INDEX,,F,T,0,0
7/8/2026,1:11:07 PM,SPXW,ML/,59,6.6532,,PUT,7455,0,39254,7/8/2026,WHITE,0,0,F,INDEX,,F,T,0,0
7/8/2026,1:16:08 PM,SPXW,ML/,98,4.7321,,PUT,7455,0,46375,7/8/2026,WHITE,0,0,F,INDEX,,F,T,0,0
7/8/2026,1:26:13 PM,SPXW,ML/,83,2.8919,,PUT,7455,0,24003,7/8/2026,WHITE,0,0,F,INDEX,,F,T,0,0
7/8/2026,1:28:59 PM,SPXW,ML/,51,2.4324,,PUT,7455,0,12405,7/8/2026,WHITE,0,0,F,INDEX,,F,T,0,0
7/8/2026,1:35:11 PM,SPXW,ML/,50,2.549,,PUT,7455,0,12744,7/8/2026,WHITE,0,0,F,INDEX,,F,T,0,0
7/8/2026,1:45:31 PM,SPXW,ML/,57,4.6011,,PUT,7455,0,26226,7/8/2026,WHITE,0,0,F,INDEX,,F,T,0,0
7/8/2026,1:45:36 PM,SPXW,ML/,67,4.8652,,PUT,7455,0,32596,7/8/2026,WHITE,0,0,F,INDEX,,F,T,0,0
7/8/2026,1:45:41 PM,SPXW,ML/,57,5.2633,,PUT,7455,0,30001,7/8/2026,WHITE,0,0,F,INDEX,,F,T,0,0
7/8/2026,1:46:36 PM,SPXW,BLOCK,52,4.6,,PUT,7455,0,23920,7/8/2026,WHITE,0,0,F,INDEX,,F,T,0,0
7/8/2026,1:47:00 PM,SPXW,BLOCK,50,4.3,,PUT,7455,0,21500,7/8/2026,WHITE,0,0,F,INDEX,,F,T,0,0
7/8/2026,1:47:53 PM,SPXW,BLOCK,100,4.7,,PUT,7455,0,47000,7/8/2026,WHITE,0,0,F,INDEX,,F,T,0,0
7/8/2026,1:48:07 PM,SPXW,BLOCK,103,5.3,,PUT,7455,0,54590,7/8/2026,WHITE,0,0,F,INDEX,,F,T,0,0
7/8/2026,1:48:36 PM,SPXW,BLOCK,50,5.3,,PUT,7455,0,26500,7/8/2026,WHITE,0,0,F,INDEX,,F,T,0,0
7/8/2026,1:49:05 PM,SPXW,BLOCK,53,4.9774,,PUT,7455,0,26380,7/8/2026,WHITE,0,0,F,INDEX,,F,T,0,0
7/8/2026,1:55:02 PM,SPXW,BLOCK,73,5.1904,,PUT,7455,0,37890,7/8/2026,WHITE,0,0,F,INDEX,,F,T,0,0
7/8/2026,1:55:31 PM,SPXW,BLOCK,62,5.3,,PUT,7455,0,32860,7/8/2026,WHITE,0,0,F,INDEX,,F,T,0,0
7/8/2026,1:55:33 PM,SPXW,BLOCK,61,5.4984,,PUT,7455,0,33540,7/8/2026,WHITE,0,0,F,INDEX,,F,T,0,0
7/8/2026,1:55:41 PM,SPXW,ML/,58,5.7053,,PUT,7455,0,33091,7/8/2026,WHITE,0,0,F,INDEX,,F,T,0,0
7/8/2026,1:56:15 PM,SPXW,ML/,157,6.0476,,PUT,7455,0,94948,7/8/2026,WHITE,0,0,F,INDEX,,F,T,0,0
7/8/2026,2:00:40 PM,SPXW,ML/,51,4.8276,,PUT,7455,0,24621,7/8/2026,WHITE,0,0,F,INDEX,,F,T,0,0
7/8/2026,2:09:58 PM,SPXW,ML/,63,2.2016,,PUT,7455,0,13870,7/8/2026,WHITE,0,0,F,INDEX,,F,T,0,0
7/8/2026,2:10:03 PM,SPXW,ML/,52,2.7979,,PUT,7455,0,14549,7/8/2026,WHITE,0,0,F,INDEX,,F,T,0,0
7/8/2026,2:13:04 PM,SPXW,ML/,209,2.1993,,PUT,7455,0,45965,7/8/2026,WHITE,0,0,F,INDEX,,F,T,0,0
7/8/2026,2:16:27 PM,SPXW,ML/,66,2.7161,,PUT,7455,0,17926,7/8/2026,WHITE,0,0,F,INDEX,,F,T,0,0
7/8/2026,2:17:25 PM,SPXW,ML/,62,2.81,,PUT,7455,0,17422,7/8/2026,WHITE,0,0,F,INDEX,,F,T,0,0
7/8/2026,2:19:02 PM,SPXW,BLOCK,74,2.7,,PUT,7455,0,19980,7/8/2026,WHITE,0,0,F,INDEX,,F,T,0,0
7/8/2026,2:19:30 PM,SPXW,SWEEP,67,2.094,A,PUT,7455,0,14030,7/8/2026,WHITE,0,0,F,INDEX,,F,T,0,0
7/8/2026,2:19:32 PM,SPXW,BLOCK,94,2.158,,PUT,7455,0,20285,7/8/2026,WHITE,0,0,F,INDEX,,F,T,0,0
7/8/2026,2:21:24 PM,SPXW,ML/,101,2.3656,,PUT,7455,0,23893,7/8/2026,WHITE,0,0,F,INDEX,,F,T,0,0
7/8/2026,2:23:57 PM,SPXW,ML/,56,1.9866,,PUT,7455,0,11125,7/8/2026,WHITE,0,0,F,INDEX,,F,T,0,0
7/8/2026,2:25:15 PM,SPXW,SWEEP,51,2.4,A,PUT,7455,0,12240,7/8/2026,WHITE,0,0,F,INDEX,,F,T,0,0
7/8/2026,2:25:22 PM,SPXW,SWEEP,154,2.4997,A,PUT,7455,0,38495,7/8/2026,WHITE,0,0,F,INDEX,,F,T,0,0
7/8/2026,2:25:36 PM,SPXW,ML/,126,2.184,,PUT,7455,0,27518,7/8/2026,WHITE,0,0,F,INDEX,,F,T,0,0
7/8/2026,2:29:45 PM,SPXW,ML/,106,2.4028,,PUT,7455,0,25470,7/8/2026,WHITE,0,0,F,INDEX,,F,T,0,0
7/8/2026,2:30:02 PM,SPXW,ML/,66,2.893,,PUT,7455,0,19094,7/8/2026,WHITE,0,0,F,INDEX,,F,T,0,0
7/8/2026,2:30:05 PM,SPXW,ML/,57,2.8937,,PUT,7455,0,16494,7/8/2026,WHITE,0,0,F,INDEX,,F,T,0,0
7/8/2026,2:30:35 PM,SPXW,ML/,61,2.8146,,PUT,7455,0,17169,7/8/2026,WHITE,0,0,F,INDEX,,F,T,0,0
7/8/2026,2:30:39 PM,SPXW,ML/,83,3.0143,,PUT,7455,0,25019,7/8/2026,WHITE,0,0,F,INDEX,,F,T,0,0
7/8/2026,2:30:53 PM,SPXW,BLOCK,54,3.1352,,PUT,7455,0,16930,7/8/2026,WHITE,0,0,F,INDEX,,F,T,0,0
7/8/2026,2:30:55 PM,SPXW,ML/,200,2.85,,PUT,7455,0,57000,7/8/2026,WHITE,0,0,F,INDEX,,F,T,0,0
7/8/2026,2:30:59 PM,SPXW,ML/,201,3.5296,,PUT,7455,0,70944,7/8/2026,WHITE,0,0,F,INDEX,,F,T,0,0
7/8/2026,2:31:11 PM,SPXW,BLOCK,103,3.301,,PUT,7455,0,34000,7/8/2026,WHITE,0,0,F,INDEX,,F,T,0,0
7/8/2026,2:31:34 PM,SPXW,BLOCK,74,2.877,,PUT,7455,0,21290,7/8/2026,WHITE,0,0,F,INDEX,,F,T,0,0
7/8/2026,2:33:59 PM,SPXW,BLOCK,61,3.2,,PUT,7455,0,19520,7/8/2026,WHITE,0,0,F,INDEX,,F,T,0,0
7/8/2026,2:34:59 PM,SPXW,ML/,53,2.9419,,PUT,7455,0,15591,7/8/2026,WHITE,0,0,F,INDEX,,F,T,0,0
7/8/2026,2:35:51 PM,SPXW,ML/,223,2.8965,,PUT,7455,0,64591,7/8/2026,WHITE,0,0,F,INDEX,,F,T,0,0
7/8/2026,2:37:29 PM,SPXW,BLOCK,101,1.8683,,PUT,7455,0,18870,7/8/2026,WHITE,0,0,F,INDEX,,F,T,0,0
7/8/2026,2:38:10 PM,SPXW,ML/,103,1.8502,,PUT,7455,0,19057,7/8/2026,WHITE,0,0,F,INDEX,,F,T,0,0
7/8/2026,2:47:16 PM,SPXW,ML/,77,1.5,,PUT,7455,0,11550,7/8/2026,WHITE,0,0,F,INDEX,,F,T,0,0
7/8/2026,2:47:19 PM,SPXW,ML/,107,1.497,,PUT,7455,0,16018,7/8/2026,WHITE,0,0,F,INDEX,,F,T,0,0
7/8/2026,2:50:29 PM,SPXW,BLOCK,100,1.1,,PUT,7455,0,11000,7/8/2026,WHITE,0,0,F,INDEX,,F,T,0,0
7/8/2026,9:47:28 AM,SPXW,ML/,1400,7.66,,PUT,7345,0,1072400,7/10/2026,WHITE,0,2,F,INDEX,,F,T,0,0
7/8/2026,9:38:35 AM,SPXW,ML/,55,4.0462,,CALL,7505,0,22254,7/8/2026,WHITE,0,0,F,INDEX,,F,T,0,0
7/8/2026,9:56:57 AM,SPXW,ML/,132,3.8655,,CALL,7505,0,51024,7/8/2026,WHITE,0,0,F,INDEX,,F,T,0,0
7/8/2026,9:58:37 AM,SPXW,ML/,133,4.6763,,CALL,7505,0,62195,7/8/2026,WHITE,0,0,F,INDEX,,F,T,0,0
7/8/2026,10:00:02 AM,SPXW,ML/,117,3.9555,,CALL,7505,0,46279,7/8/2026,WHITE,0,0,F,INDEX,,F,T,0,0
7/8/2026,10:03:15 AM,SPXW,ML/,60,3.4022,,CALL,7505,0,20413,7/8/2026,WHITE,0,0,F,INDEX,,F,T,0,0
7/8/2026,10:05:01 AM,SPXW,ML/,59,3.9436,,CALL,7505,0,23267,7/8/2026,WHITE,0,0,F,INDEX,,F,T,0,0
7/8/2026,10:09:45 AM,SPXW,ML/,66,4.0383,,CALL,7505,0,26653,7/8/2026,WHITE,0,0,F,INDEX,,F,T,0,0
7/8/2026,10:12:25 AM,SPXW,ML/,115,2.4974,,CALL,7505,0,28720,7/8/2026,WHITE,0,0,F,INDEX,,F,T,0,0
7/8/2026,10:13:43 AM,SPXW,ML/,71,2.7599,,CALL,7505,0,19595,7/8/2026,WHITE,0,0,F,INDEX,,F,T,0,0
7/8/2026,10:20:17 AM,SPXW,ML/,68,2.15,,CALL,7505,0,14619,7/8/2026,WHITE,0,0,F,INDEX,,F,T,0,0
7/8/2026,10:20:49 AM,SPXW,ML/,67,2.9443,,CALL,7505,0,19727,7/8/2026,WHITE,0,0,F,INDEX,,F,T,0,0
7/8/2026,10:20:55 AM,SPXW,BLOCK,97,2.7485,,CALL,7505,0,26660,7/8/2026,WHITE,0,0,F,INDEX,,F,T,0,0
7/8/2026,10:21:55 AM,SPXW,ML/,67,4.1134,,CALL,7505,0,27560,7/8/2026,WHITE,0,0,F,INDEX,,F,T,0,0
7/8/2026,10:23:38 AM,SPXW,ML/,201,3.7587,,CALL,7505,0,75550,7/8/2026,WHITE,0,0,F,INDEX,,F,T,0,0
7/8/2026,10:26:50 AM,SPXW,ML/,200,2.69,,CALL,7505,0,53801,7/8/2026,WHITE,0,0,F,INDEX,,F,T,0,0
7/8/2026,10:27:09 AM,SPXW,ML/,93,2.0771,,CALL,7505,0,19317,7/8/2026,WHITE,0,0,F,INDEX,,F,T,0,0
7/8/2026,10:29:04 AM,SPXW,ML/,66,2.1986,,CALL,7505,0,14511,7/8/2026,WHITE,0,0,F,INDEX,,F,T,0,0
7/8/2026,10:29:12 AM,SPXW,ML/,90,2.2318,,CALL,7505,0,20086,7/8/2026,WHITE,0,0,F,INDEX,,F,T,0,0
7/8/2026,10:36:04 AM,SPXW,ML/,66,1.5402,,CALL,7505,0,10165,7/8/2026,WHITE,0,0,F,INDEX,,F,T,0,0
7/8/2026,10:41:50 AM,SPXW,ML/,70,1.52,,CALL,7505,0,10640,7/8/2026,WHITE,0,0,F,INDEX,,F,T,0,0
7/8/2026,10:53:47 AM,SPXW,ML/,214,1.1746,,CALL,7505,0,25137,7/8/2026,WHITE,0,0,F,INDEX,,F,T,0,0
7/8/2026,12:05:04 PM,SPXW,ML/,492,0.7418,,CALL,7505,0,36497,7/8/2026,WHITE,0,0,F,INDEX,,F,T,0,0
7/8/2026,12:27:37 PM,SPXW,ML/,86,1.3164,,CALL,7505,0,11321,7/8/2026,WHITE,0,0,F,INDEX,,F,T,0,0
7/8/2026,12:31:01 PM,SPXW,ML/,82,1.4487,,CALL,7505,0,11879,7/8/2026,WHITE,0,0,F,INDEX,,F,T,0,0
7/8/2026,12:31:03 PM,SPXW,ML/,103,1.6217,,CALL,7505,0,16703,7/8/2026,WHITE,0,0,F,INDEX,,F,T,0,0
7/8/2026,12:35:11 PM,SPXW,ML/,150,0.9987,,CALL,7505,0,14980,7/8/2026,WHITE,0,0,F,INDEX,,F,T,0,0
7/8/2026,12:40:44 PM,SPXW,ML/,85,1.6834,,CALL,7505,0,14309,7/8/2026,WHITE,0,0,F,INDEX,,F,T,0,0
7/8/2026,12:40:50 PM,SPXW,ML/,95,2.0355,,CALL,7505,0,19337,7/8/2026,WHITE,0,0,F,INDEX,,F,T,0,0
7/8/2026,1:00:55 PM,SPXW,BLOCK,97,1.2,,CALL,7505,0,11640,7/8/2026,WHITE,0,0,F,INDEX,,F,T,0,0
7/8/2026,1:24:06 PM,SPXW,ML/,100,1.9,,CALL,7505,0,18999,7/8/2026,WHITE,0,0,F,INDEX,,F,T,0,0
7/8/2026,1:25:00 PM,SPXW,ML/,436,2.3788,,CALL,7505,0,103714,7/8/2026,WHITE,0,0,F,INDEX,,F,T,0,0
7/8/2026,1:25:11 PM,SPXW,BLOCK,59,2.3864,,CALL,7505,0,14079,7/8/2026,WHITE,0,0,F,INDEX,,F,T,0,0
7/8/2026,1:25:17 PM,SPXW,ML/,103,2.5942,,CALL,7505,0,26720,7/8/2026,WHITE,0,0,F,INDEX,,F,T,0,0
7/8/2026,1:25:21 PM,SPXW,ML/,63,2.4881,,CALL,7505,0,15675,7/8/2026,WHITE,0,0,F,INDEX,,F,T,0,0
7/8/2026,1:26:00 PM,SPXW,ML/,70,2.1473,,CALL,7505,0,15031,7/8/2026,WHITE,0,0,F,INDEX,,F,T,0,0
7/8/2026,1:26:13 PM,SPXW,ML/,54,1.9674,,CALL,7505,0,10624,7/8/2026,WHITE,0,0,F,INDEX,,F,T,0,0
7/8/2026,1:28:45 PM,SPXW,BLOCK,67,2.2,,CALL,7505,0,14740,7/8/2026,WHITE,0,0,F,INDEX,,F,T,0,0
7/8/2026,1:29:25 PM,SPXW,ML/,290,2.1525,,CALL,7505,0,62423,7/8/2026,WHITE,0,0,F,INDEX,,F,T,0,0
7/8/2026,1:29:51 PM,SPXW,BLOCK,52,2.45,,CALL,7505,0,12740,7/8/2026,WHITE,0,0,F,INDEX,,F,T,0,0
7/8/2026,1:30:01 PM,SPXW,ML/,78,2.5488,,CALL,7505,0,19881,7/8/2026,WHITE,0,0,F,INDEX,,F,T,0,0
7/8/2026,1:30:04 PM,SPXW,ML/,53,2.3762,,CALL,7505,0,12594,7/8/2026,WHITE,0,0,F,INDEX,,F,T,0,0
7/8/2026,1:30:52 PM,SPXW,ML/,65,2.8151,,CALL,7505,0,18298,7/8/2026,WHITE,0,0,F,INDEX,,F,T,0,0
7/8/2026,1:30:59 PM,SPXW,ML/,52,2.8954,,CALL,7505,0,15056,7/8/2026,WHITE,0,0,F,INDEX,,F,T,0,0
7/8/2026,1:31:03 PM,SPXW,ML/,138,3.0036,,CALL,7505,0,41449,7/8/2026,WHITE,0,0,F,INDEX,,F,T,0,0
7/8/2026,1:31:09 PM,SPXW,ML/,224,3.2088,,CALL,7505,0,71878,7/8/2026,WHITE,0,0,F,INDEX,,F,T,0,0
7/8/2026,1:31:25 PM,SPXW,ML/,52,3.0142,,CALL,7505,0,15674,7/8/2026,WHITE,0,0,F,INDEX,,F,T,0,0
7/8/2026,1:40:03 PM,SPXW,ML/,212,1.7008,,CALL,7505,0,36055,7/8/2026,WHITE,0,0,F,INDEX,,F,T,0,0
7/8/2026,1:43:44 PM,SPXW,BLOCK,68,1.5,,CALL,7505,0,10200,7/8/2026,WHITE,0,0,F,INDEX,,F,T,0,0
7/8/2026,1:44:02 PM,SPXW,ML/,69,1.5006,,CALL,7505,0,10354,7/8/2026,WHITE,0,0,F,INDEX,,F,T,0,0
7/8/2026,1:45:29 PM,SPXW,ML/,976,1.4504,,CALL,7505,0,141556,7/8/2026,WHITE,0,0,F,INDEX,,F,T,0,0
7/8/2026,1:49:34 PM,SPXW,ML/,118,0.9997,,CALL,7505,0,11797,7/8/2026,WHITE,0,0,F,INDEX,,F,T,0,0
7/8/2026,1:53:00 PM,SPXW,SWEEP,100,1.2465,A,CALL,7505,0,12465,7/8/2026,WHITE,0,0,F,INDEX,,F,T,0,0
7/8/2026,1:55:07 PM,SPXW,ML/,132,0.85,,CALL,7505,0,11220,7/8/2026,WHITE,0,0,F,INDEX,,F,T,0,0
7/8/2026,2:01:52 PM,SPXW,ML/,204,1.5383,,CALL,7505,0,31382,7/8/2026,WHITE,0,0,F,INDEX,,F,T,0,0
7/8/2026,2:01:59 PM,SPXW,ML/,127,1.5384,,CALL,7505,0,19538,7/8/2026,WHITE,0,0,F,INDEX,,F,T,0,0
7/8/2026,2:41:06 PM,SPXW,ML/,200,0.5198,,CALL,7505,0,10395,7/8/2026,WHITE,0,0,F,INDEX,,F,T,0,0
7/8/2026,3:00:25 PM,SPXW,BLOCK,308,0.6448,,CALL,7505,0,19860,7/8/2026,WHITE,0,0,F,INDEX,,F,T,0,0
7/8/2026,3:43:27 PM,XSP,ML/,75,2.7,,CALL,745,0,20250,7/8/2026,WHITE,0,0,F,INDEX,,F,T,0,0
7/8/2026,3:40:50 PM,SPXW,BLOCK,53,20.3057,,CALL,7480,0,107620,7/9/2026,WHITE,0,1,F,INDEX,,F,T,0,0
7/8/2026,4:02:00 PM,SPXW,ML/,106,19.9892,,CALL,7480,0,211885,7/9/2026,WHITE,0,1,F,INDEX,,F,T,0,0
7/8/2026,4:11:00 PM,SPXW,ML/,144,18.6494,,CALL,7480,0,268551,7/9/2026,WHITE,0,1,F,INDEX,,F,T,0,0
7/8/2026,9:33:07 AM,SPXW,ML/,99,32.21,,CALL,7460,0,318879,7/9/2026,WHITE,0,1,F,INDEX,,F,T,0,0
7/8/2026,10:15:10 AM,SPXW,BLOCK,50,28.2,,CALL,7460,0,140999,7/9/2026,WHITE,0,1,F,INDEX,,F,T,0,0
7/8/2026,1:50:31 PM,SPXW,ML/,50,31.77,,CALL,7460,0,158850,7/9/2026,WHITE,0,1,F,INDEX,,F,T,0,0
7/8/2026,10:41:50 AM,SPXW,ML/,71,8.8,,CALL,7500,0,62480,7/9/2026,WHITE,0,1,F,INDEX,,F,T,0,0
7/8/2026,10:54:58 AM,SPXW,BLOCK,51,7.998,,CALL,7500,0,40790,7/9/2026,WHITE,0,1,F,INDEX,,F,T,0,0
7/8/2026,10:57:21 AM,SPXW,ML/,500,8.49,,CALL,7500,0,424500,7/9/2026,WHITE,0,1,F,INDEX,,F,T,0,0
7/8/2026,11:16:16 AM,SPXW,ML/,108,5.3074,,CALL,7500,0,57320,7/9/2026,WHITE,0,1,F,INDEX,,F,T,0,0
7/8/2026,11:20:04 AM,SPXW,ML/,140,5.7374,,CALL,7500,0,80324,7/9/2026,WHITE,0,1,F,INDEX,,F,T,0,0
7/8/2026,11:40:21 AM,SPXW,ML/,150,4.87,,CALL,7500,0,73050,7/9/2026,WHITE,0,1,F,INDEX,,F,T,0,0
7/8/2026,11:52:14 AM,SPXW,ML/,100,4.09,,CALL,7500,0,40900,7/9/2026,WHITE,0,1,F,INDEX,,F,T,0,0
7/8/2026,12:05:35 PM,SPXW,ML/,212,5.695,,CALL,7500,0,120734,7/9/2026,WHITE,0,1,F,INDEX,,F,T,0,0
7/8/2026,12:09:43 PM,SPXW,ML/,71,5.6197,,CALL,7500,0,39900,7/9/2026,WHITE,0,1,F,INDEX,,F,T,0,0
7/8/2026,12:18:02 PM,SPXW,ML/,122,6.9171,,CALL,7500,0,84389,7/9/2026,WHITE,0,1,F,INDEX,,F,T,0,0
7/8/2026,12:20:02 PM,SPXW,ML/,365,6.9158,,CALL,7500,0,252426,7/9/2026,WHITE,0,1,F,INDEX,,F,T,0,0
7/8/2026,12:24:08 PM,SPXW,ML/,61,6.9939,,CALL,7500,0,42663,7/9/2026,WHITE,0,1,F,INDEX,,F,T,0,0
7/8/2026,12:24:32 PM,SPXW,ML/,74,6.9982,,CALL,7500,0,51787,7/9/2026,WHITE,0,1,F,INDEX,,F,T,0,0
7/8/2026,12:27:38 PM,SPXW,ML/,69,8.66,,CALL,7500,0,59754,7/9/2026,WHITE,0,1,F,INDEX,,F,T,0,0
7/8/2026,12:38:03 PM,SPXW,ML/,300,7.27,,CALL,7500,0,218100,7/9/2026,WHITE,0,1,F,INDEX,,F,T,0,0
7/8/2026,1:19:13 PM,SPXW,ML/,50,11.218,,CALL,7500,0,56090,7/9/2026,WHITE,0,1,F,INDEX,,F,T,0,0
7/8/2026,1:44:30 PM,SPXW,ML/,405,12.3114,,CALL,7500,0,498610,7/9/2026,WHITE,0,1,F,INDEX,,F,T,0,0
7/8/2026,1:45:31 PM,SPXW,ML/,50,11.9842,,CALL,7500,0,59921,7/9/2026,WHITE,0,1,F,INDEX,,F,T,0,0
7/8/2026,1:48:18 PM,SPXW,ML/,57,10.9989,,CALL,7500,0,62694,7/9/2026,WHITE,0,1,F,INDEX,,F,T,0,0
7/8/2026,2:11:39 PM,SPXW,ML/,70,13.23,,CALL,7500,0,92610,7/9/2026,WHITE,0,1,F,INDEX,,F,T,0,0
7/8/2026,2:18:42 PM,SPXW,ML/,60,12.3,,CALL,7500,0,73800,7/9/2026,WHITE,0,1,F,INDEX,,F,T,0,0
7/8/2026,2:27:17 PM,SPXW,ML/,50,12.511,,CALL,7500,0,62554,7/9/2026,WHITE,0,1,F,INDEX,,F,T,0,0
7/8/2026,2:40:26 PM,SPXW,ML/,50,12.36,,CALL,7500,0,61800,7/9/2026,WHITE,0,1,F,INDEX,,F,T,0,0
7/8/2026,2:48:17 PM,SPXW,ML/,400,12,,CALL,7500,0,480000,7/9/2026,WHITE,0,1,F,INDEX,,F,T,0,0
7/8/2026,2:49:33 PM,SPXW,ML/,500,11.5,,CALL,7500,0,575000,7/9/2026,WHITE,0,1,F,INDEX,,F,T,0,0
7/8/2026,3:34:03 PM,SPXW,ML/,500,11,,CALL,7500,0,550000,7/9/2026,WHITE,0,1,F,INDEX,,F,T,0,0
7/8/2026,11:20:49 AM,SPXW,ML/,551,8.3533,,CALL,7490,0,460268,7/9/2026,WHITE,0,1,F,INDEX,,F,T,0,0
7/8/2026,12:05:35 PM,SPXW,ML/,219,7.9452,,CALL,7490,0,174000,7/9/2026,WHITE,0,1,F,INDEX,,F,T,0,0
7/8/2026,12:09:43 PM,SPXW,ML/,70,7.87,,CALL,7490,0,55090,7/9/2026,WHITE,0,1,F,INDEX,,F,T,0,0
7/8/2026,12:18:02 PM,SPXW,ML/,122,9.6671,,CALL,7490,0,117939,7/9/2026,WHITE,0,1,F,INDEX,,F,T,0,0
7/8/2026,12:20:02 PM,SPXW,ML/,363,9.6659,,CALL,7490,0,350871,7/9/2026,WHITE,0,1,F,INDEX,,F,T,0,0
7/8/2026,12:25:48 PM,SPXW,ML/,70,10.04,,CALL,7490,0,70280,7/9/2026,WHITE,0,1,F,INDEX,,F,T,0,0
7/8/2026,12:27:38 PM,SPXW,ML/,62,11.8895,,CALL,7490,0,73715,7/9/2026,WHITE,0,1,F,INDEX,,F,T,0,0
7/8/2026,1:48:18 PM,SPXW,ML/,57,14.9011,,CALL,7490,0,84936,7/9/2026,WHITE,0,1,F,INDEX,,F,T,0,0
7/8/2026,2:09:04 PM,SPXW,BLOCK,51,18,,CALL,7490,0,91800,7/9/2026,WHITE,0,1,F,INDEX,,F,T,0,0
7/8/2026,2:15:37 PM,SPXW,BLOCK,50,18.3,,CALL,7490,0,91500,7/9/2026,WHITE,0,1,F,INDEX,,F,T,0,0
7/8/2026,2:18:42 PM,SPXW,ML/,60,16.6,,CALL,7490,0,99600,7/9/2026,WHITE,0,1,F,INDEX,,F,T,0,0
7/8/2026,3:51:11 PM,SPXW,ML/,70,15.5126,,CALL,7490,0,108588,7/9/2026,WHITE,0,1,F,INDEX,,F,T,0,0
7/8/2026,9:44:31 AM,SPXW,SWEEP,100,15.343,A,PUT,7430,0,153430,7/9/2026,WHITE,0,1,F,INDEX,,F,T,0,0
7/8/2026,12:00:29 PM,SPXW,ML/,150,24.9,,PUT,7430,0,373499,7/9/2026,WHITE,0,1,F,INDEX,,F,T,0,0
7/8/2026,1:24:20 PM,SPXW,ML/,75,9.1,,PUT,7430,0,68250,7/9/2026,WHITE,0,1,F,INDEX,,F,T,0,0
7/8/2026,1:51:58 PM,SPXW,ML/,75,10.63,,PUT,7430,0,79725,7/9/2026,WHITE,0,1,F,INDEX,,F,T,0,0
7/8/2026,1:54:42 PM,SPXW,SWEEP,100,11.384,A,PUT,7430,0,113840,7/9/2026,WHITE,0,1,F,INDEX,,F,T,0,0
7/8/2026,3:50:15 PM,SPXW,ML/,53,8.5,,PUT,7430,0,45050,7/9/2026,WHITE,0,1,F,INDEX,,F,T,0,0
7/8/2026,4:12:54 PM,SPXW,ML/,300,8.39,,PUT,7430,0,251700,7/9/2026,WHITE,0,1,F,INDEX,,F,T,0,0
7/8/2026,4:14:12 PM,SPXW,ML/,79,8.8,,PUT,7430,0,69520,7/9/2026,WHITE,0,1,F,INDEX,,F,T,0,0
7/8/2026,11:52:23 AM,SPXW,ML/,75,20.76,,PUT,7340,0,155700,7/13/2026,WHITE,0,5,F,INDEX,,F,T,0,0
7/8/2026,2:02:41 PM,SPXW,ML/,50,9.2,,PUT,7340,0,46000,7/13/2026,WHITE,0,5,F,INDEX,,F,T,0,0
7/8/2026,2:07:35 PM,SPXW,ML/,50,9.01,,PUT,7340,0,45050,7/13/2026,WHITE,0,5,F,INDEX,,F,T,0,0
7/8/2026,2:08:38 PM,SPXW,ML/,50,9.1,,PUT,7340,0,45500,7/13/2026,WHITE,0,5,F,INDEX,,F,T,0,0
7/8/2026,11:06:21 AM,SPXW,ML/,135,12.5,,PUT,7300,0,168750,7/13/2026,WHITE,0,5,F,INDEX,,F,T,0,0
7/8/2026,11:15:20 AM,SPXW,SWEEP,50,13.2,A,PUT,7300,0,66000,7/13/2026,WHITE,0,5,F,INDEX,,F,T,0,0
7/8/2026,11:34:32 AM,SPXW,ML/,100,13.7,,PUT,7300,0,137000,7/13/2026,WHITE,0,5,F,INDEX,,F,T,0,0
7/8/2026,1:17:10 PM,SPXW,SWEEP,50,6.6,A,PUT,7300,0,32999,7/13/2026,WHITE,0,5,F,INDEX,,F,T,0,0
7/8/2026,1:30:01 PM,SPXW,BLOCK,80,38.2,,PUT,7485,0,305600,7/13/2026,WHITE,0,5,F,INDEX,,F,T,0,0
7/8/2026,1:34:21 PM,SPXW,BLOCK,80,38.6,,PUT,7485,0,308800,7/13/2026,WHITE,0,5,F,INDEX,,F,T,0,0
7/8/2026,3:41:17 PM,SPXW,BLOCK,80,41.5,,PUT,7485,0,332000,7/13/2026,WHITE,0,5,F,INDEX,,F,T,0,0
7/8/2026,9:30:07 AM,SPXW,ML/,120,2.51,,PUT,6975,0,30119,7/15/2026,WHITE,0,7,F,INDEX,,F,T,0,0
7/8/2026,9:30:07 AM,SPXW,ML/,120,1.08,,PUT,6700,0,12960,7/15/2026,WHITE,0,7,F,INDEX,,F,T,0,0
7/8/2026,11:50:57 AM,SPXW,ML/,500,54.23,,PUT,7450,0,2711500,7/13/2026,WHITE,0,5,F,INDEX,,F,T,0,0
7/8/2026,11:34:32 AM,SPXW,ML/,100,12.5,,PUT,7290,0,125000,7/13/2026,WHITE,0,5,F,INDEX,,F,T,0,0
7/8/2026,11:16:59 AM,SPXW,ML/,250,21.4,,CALL,7425,0,535000,7/8/2026,WHITE,0,0,F,INDEX,,F,T,0,0
7/8/2026,11:33:04 AM,SPXW,ML/,81,18.1341,,CALL,7425,0,146886,7/8/2026,WHITE,0,0,F,INDEX,,F,T,0,0
7/8/2026,11:34:09 AM,SPXW,ML/,51,19.1916,,CALL,7425,0,97877,7/8/2026,WHITE,0,0,F,INDEX,,F,T,0,0
7/8/2026,11:36:43 AM,SPXW,ML/,200,20.4,,CALL,7425,0,407999,7/8/2026,WHITE,0,0,F,INDEX,,F,T,0,0
7/8/2026,11:39:38 AM,SPXW,ML/,302,19.1784,,CALL,7425,0,579188,7/8/2026,WHITE,0,0,F,INDEX,,F,T,0,0
7/8/2026,11:50:42 AM,SPXW,ML/,53,17.9038,,CALL,7425,0,94890,7/8/2026,WHITE,0,0,F,INDEX,,F,T,0,0
7/8/2026,11:55:08 AM,SPXW,BLOCK,82,18.4122,,CALL,7425,0,150980,7/8/2026,WHITE,0,0,F,INDEX,,F,T,0,0
7/8/2026,12:20:02 PM,SPXW,ML/,128,32.7121,,CALL,7425,0,418714,7/8/2026,WHITE,0,0,F,INDEX,,F,T,0,0
7/8/2026,12:20:04 PM,SPXW,ML/,100,32.84,,CALL,7425,0,328400,7/8/2026,WHITE,0,0,F,INDEX,,F,T,0,0
7/8/2026,12:20:05 PM,SPXW,ML/,279,32.7831,,CALL,7425,0,914648,7/8/2026,WHITE,0,0,F,INDEX,,F,T,0,0
7/8/2026,12:21:18 PM,SPXW,ML/,250,35.09,,CALL,7425,0,877251,7/8/2026,WHITE,0,0,F,INDEX,,F,T,0,0
7/8/2026,10:51:13 AM,SPXW,ML/,100,19.47,,CALL,7435,0,194700,7/8/2026,WHITE,0,0,F,INDEX,,F,T,0,0
7/8/2026,10:52:25 AM,SPXW,BLOCK,50,21.166,,CALL,7435,0,105830,7/8/2026,WHITE,0,0,F,INDEX,,F,T,0,0
7/8/2026,10:52:45 AM,SPXW,BLOCK,53,22.6113,,CALL,7435,0,119840,7/8/2026,WHITE,0,0,F,INDEX,,F,T,0,0
7/8/2026,11:18:00 AM,SPXW,ML/,52,14.1035,,CALL,7435,0,73338,7/8/2026,WHITE,0,0,F,INDEX,,F,T,0,0
7/8/2026,11:23:37 AM,SPXW,ML/,55,13.7073,,CALL,7435,0,75390,7/8/2026,WHITE,0,0,F,INDEX,,F,T,0,0
7/8/2026,11:38:56 AM,SPXW,BLOCK,51,15.5961,,CALL,7435,0,79540,7/8/2026,WHITE,0,0,F,INDEX,,F,T,0,0
7/8/2026,11:40:39 AM,SPXW,BLOCK,56,15,,CALL,7435,0,84000,7/8/2026,WHITE,0,0,F,INDEX,,F,T,0,0
7/8/2026,11:41:12 AM,SPXW,BLOCK,62,16.3839,,CALL,7435,0,101580,7/8/2026,WHITE,0,0,F,INDEX,,F,T,0,0
7/8/2026,11:41:27 AM,SPXW,BLOCK,50,16.2,,CALL,7435,0,81000,7/8/2026,WHITE,0,0,F,INDEX,,F,T,0,0
7/8/2026,11:42:30 AM,SPXW,BLOCK,50,15.6,,CALL,7435,0,78000,7/8/2026,WHITE,0,0,F,INDEX,,F,T,0,0
7/8/2026,11:45:44 AM,SPXW,ML/,103,13.2971,,CALL,7435,0,136960,7/8/2026,WHITE,0,0,F,INDEX,,F,T,0,0
7/8/2026,11:50:24 AM,SPXW,BLOCK,54,13.3148,,CALL,7435,0,71900,7/8/2026,WHITE,0,0,F,INDEX,,F,T,0,0
7/8/2026,11:50:52 AM,SPXW,ML/,103,11.9515,,CALL,7435,0,123100,7/8/2026,WHITE,0,0,F,INDEX,,F,T,0,0
7/8/2026,12:03:49 PM,SPXW,BLOCK,52,15.8865,,CALL,7435,0,82610,7/8/2026,WHITE,0,0,F,INDEX,,F,T,0,0
7/8/2026,12:05:32 PM,SPXW,ML/,84,18.2371,,CALL,7435,0,153192,7/8/2026,WHITE,0,0,F,INDEX,,F,T,0,0
7/8/2026,3:22:06 PM,SPXW,ML/,80,4.07,,PUT,7395,0,32560,7/9/2026,WHITE,0,1,F,INDEX,,F,T,0,0
7/8/2026,3:55:23 PM,SPXW,ML/,110,3.3,,PUT,7395,0,36300,7/9/2026,WHITE,0,1,F,INDEX,,F,T,0,0
7/8/2026,4:04:53 PM,SPXW,ML/,130,3.6,,PUT,7395,0,46800,7/9/2026,WHITE,0,1,F,INDEX,,F,T,0,0
7/8/2026,11:13:38 AM,VIX,ML/,15000,0.07,,PUT,15.5,0,105000,7/22/2026,WHITE,0,14,F,INDEX,,F,T,0,0
7/8/2026,11:14:37 AM,VIX,ML/,15000,0.07,,PUT,15.5,0,105000,7/22/2026,WHITE,0,14,F,INDEX,,F,T,0,0
7/8/2026,11:19:54 AM,VIX,ML/,15000,0.07,,PUT,15.5,0,105000,7/22/2026,WHITE,0,14,F,INDEX,,F,T,0,0
7/8/2026,9:55:30 AM,SPXW,ML/,202,21.3679,,CALL,7455,0,431632,7/8/2026,WHITE,0,0,F,INDEX,,F,T,0,0
7/8/2026,10:36:51 AM,SPXW,ML/,53,15.4528,,CALL,7455,0,81900,7/8/2026,WHITE,0,0,F,INDEX,,F,T,0,0
7/8/2026,10:39:55 AM,SPXW,ML/,100,14.32,,CALL,7455,0,143200,7/8/2026,WHITE,0,0,F,INDEX,,F,T,0,0
7/8/2026,10:41:51 AM,SPXW,ML/,55,15.6944,,CALL,7455,0,86319,7/8/2026,WHITE,0,0,F,INDEX,,F,T,0,0
7/8/2026,10:53:46 AM,SPXW,ML/,107,13.8297,,CALL,7455,0,147978,7/8/2026,WHITE,0,0,F,INDEX,,F,T,0,0
7/8/2026,10:54:13 AM,SPXW,ML/,50,13.08,,CALL,7455,0,65400,7/8/2026,WHITE,0,0,F,INDEX,,F,T,0,0
7/8/2026,10:57:24 AM,SPXW,ML/,67,11.3,,CALL,7455,0,75710,7/8/2026,WHITE,0,0,F,INDEX,,F,T,0,0
7/8/2026,11:00:08 AM,SPXW,ML/,136,10.7963,,CALL,7455,0,146830,7/8/2026,WHITE,0,0,F,INDEX,,F,T,0,0
7/8/2026,11:02:00 AM,SPXW,ML/,54,9.8604,,CALL,7455,0,53245,7/8/2026,WHITE,0,0,F,INDEX,,F,T,0,0
7/8/2026,11:20:40 AM,SPXW,ML/,100,8.75,,CALL,7455,0,87500,7/8/2026,WHITE,0,0,F,INDEX,,F,T,0,0
7/8/2026,11:22:05 AM,SPXW,ML/,105,7.0371,,CALL,7455,0,73890,7/8/2026,WHITE,0,0,F,INDEX,,F,T,0,0
7/8/2026,11:25:29 AM,SPXW,ML/,97,5.0056,,CALL,7455,0,48554,7/8/2026,WHITE,0,0,F,INDEX,,F,T,0,0
7/8/2026,11:31:32 AM,SPXW,ML/,50,4.37,,CALL,7455,0,21850,7/8/2026,WHITE,0,0,F,INDEX,,F,T,0,0
7/8/2026,11:37:30 AM,SPXW,ML/,51,7.5769,,CALL,7455,0,38642,7/8/2026,WHITE,0,0,F,INDEX,,F,T,0,0
7/8/2026,11:57:35 AM,SPXW,BLOCK,138,4.8978,,CALL,7455,0,67590,7/8/2026,WHITE,0,0,F,INDEX,,F,T,0,0
7/8/2026,12:02:17 PM,SPXW,ML/,104,7.1,,CALL,7455,0,73840,7/8/2026,WHITE,0,0,F,INDEX,,F,T,0,0
7/8/2026,12:07:30 PM,SPXW,ML/,102,7.8971,,CALL,7455,0,80550,7/8/2026,WHITE,0,0,F,INDEX,,F,T,0,0
7/8/2026,12:10:25 PM,SPXW,ML/,113,10.0434,,CALL,7455,0,113490,7/8/2026,WHITE,0,0,F,INDEX,,F,T,0,0
7/8/2026,12:11:18 PM,SPXW,BLOCK,106,10.7057,,CALL,7455,0,113480,7/8/2026,WHITE,0,0,F,INDEX,,F,T,0,0
7/8/2026,12:15:08 PM,SPXW,ML/,128,11.1212,,CALL,7455,0,142352,7/8/2026,WHITE,0,0,F,INDEX,,F,T,0,0
7/8/2026,12:17:13 PM,SPXW,ML/,58,11.4447,,CALL,7455,0,66379,7/8/2026,WHITE,0,0,F,INDEX,,F,T,0,0
7/8/2026,12:17:18 PM,SPXW,ML/,52,12.0831,,CALL,7455,0,62832,7/8/2026,WHITE,0,0,F,INDEX,,F,T,0,0
7/8/2026,12:20:35 PM,SPXW,ML/,89,13.3807,,CALL,7455,0,119088,7/8/2026,WHITE,0,0,F,INDEX,,F,T,0,0
7/8/2026,12:20:49 PM,SPXW,ML/,80,13.9333,,CALL,7455,0,111466,7/8/2026,WHITE,0,0,F,INDEX,,F,T,0,0
7/8/2026,12:21:02 PM,SPXW,ML/,52,13.8596,,CALL,7455,0,72070,7/8/2026,WHITE,0,0,F,INDEX,,F,T,0,0
7/8/2026,12:21:07 PM,SPXW,BLOCK,53,13.5038,,CALL,7455,0,71570,7/8/2026,WHITE,0,0,F,INDEX,,F,T,0,0
7/8/2026,12:21:18 PM,SPXW,ML/,52,14.3854,,CALL,7455,0,74804,7/8/2026,WHITE,0,0,F,INDEX,,F,T,0,0
7/8/2026,12:21:33 PM,SPXW,ML/,96,14.8657,,CALL,7455,0,142711,7/8/2026,WHITE,0,0,F,INDEX,,F,T,0,0
7/8/2026,12:24:17 PM,SPXW,ML/,81,12.1525,,CALL,7455,0,98435,7/8/2026,WHITE,0,0,F,INDEX,,F,T,0,0
7/8/2026,12:27:37 PM,SPXW,ML/,60,15.7545,,CALL,7455,0,94527,7/8/2026,WHITE,0,0,F,INDEX,,F,T,0,0
7/8/2026,12:30:38 PM,SPXW,BLOCK,69,15.8,,CALL,7455,0,109020,7/8/2026,WHITE,0,0,F,INDEX,,F,T,0,0
7/8/2026,12:31:03 PM,SPXW,ML/,52,18.3952,,CALL,7455,0,95655,7/8/2026,WHITE,0,0,F,INDEX,,F,T,0,0
7/8/2026,12:35:41 PM,SPXW,ML/,50,15.1,,CALL,7455,0,75500,7/8/2026,WHITE,0,0,F,INDEX,,F,T,0,0
7/8/2026,12:39:42 PM,SPXW,ML/,57,12.4175,,CALL,7455,0,70780,7/8/2026,WHITE,0,0,F,INDEX,,F,T,0,0
7/8/2026,12:39:50 PM,SPXW,ML/,67,14.4015,,CALL,7455,0,96490,7/8/2026,WHITE,0,0,F,INDEX,,F,T,0,0
7/8/2026,12:40:50 PM,SPXW,ML/,50,20.431,,CALL,7455,0,102155,7/8/2026,WHITE,0,0,F,INDEX,,F,T,0,0
7/8/2026,12:52:07 PM,SPXW,ML/,105,20.8032,,CALL,7455,0,218434,7/8/2026,WHITE,0,0,F,INDEX,,F,T,0,0
7/8/2026,1:06:26 PM,SPXW,ML/,52,22.1973,,CALL,7455,0,115425,7/8/2026,WHITE,0,0,F,INDEX,,F,T,0,0
7/8/2026,1:11:08 PM,SPXW,ML/,51,18.349,,CALL,7455,0,93580,7/8/2026,WHITE,0,0,F,INDEX,,F,T,0,0
7/8/2026,9:46:24 AM,SPXW,BLOCK,60,46.23,,PUT,7515,0,277380,7/8/2026,WHITE,0,0,F,INDEX,,F,T,0,0
7/8/2026,9:54:00 AM,SPXW,BLOCK,50,10.5,,CALL,7505,0,52500,7/9/2026,WHITE,0,1,F,INDEX,,F,T,0,0
7/8/2026,10:08:18 AM,SPXW,BLOCK,50,11.5,,CALL,7505,0,57500,7/9/2026,WHITE,0,1,F,INDEX,,F,T,0,0
7/8/2026,10:10:27 AM,SPXW,BLOCK,50,10.8,,CALL,7505,0,54000,7/9/2026,WHITE,0,1,F,INDEX,,F,T,0,0
7/8/2026,10:14:25 AM,SPXW,BLOCK,50,9.3,,CALL,7505,0,46500,7/9/2026,WHITE,0,1,F,INDEX,,F,T,0,0
7/8/2026,10:21:50 AM,SPXW,BLOCK,100,11,,CALL,7505,0,110000,7/9/2026,WHITE,0,1,F,INDEX,,F,T,0,0
7/8/2026,10:24:15 AM,SPXW,BLOCK,65,9.8,,CALL,7505,0,63700,7/9/2026,WHITE,0,1,F,INDEX,,F,T,0,0
7/8/2026,10:25:02 AM,SPXW,BLOCK,65,10.5,,CALL,7505,0,68250,7/9/2026,WHITE,0,1,F,INDEX,,F,T,0,0
7/8/2026,10:26:57 AM,SPXW,BLOCK,68,9.5,,CALL,7505,0,64600,7/9/2026,WHITE,0,1,F,INDEX,,F,T,0,0
7/8/2026,10:31:32 AM,SPXW,BLOCK,50,8.3,,CALL,7505,0,41500,7/9/2026,WHITE,0,1,F,INDEX,,F,T,0,0
7/8/2026,10:41:50 AM,SPXW,ML/,71,7.5014,,CALL,7505,0,53260,7/9/2026,WHITE,0,1,F,INDEX,,F,T,0,0
7/8/2026,12:17:14 PM,SPXW,BLOCK,53,5.5,,CALL,7505,0,29150,7/9/2026,WHITE,0,1,F,INDEX,,F,T,0,0
7/8/2026,12:24:08 PM,SPXW,ML/,62,5.8281,,CALL,7505,0,36134,7/9/2026,WHITE,0,1,F,INDEX,,F,T,0,0
7/8/2026,12:31:02 PM,SPXW,ML/,80,7.3765,,CALL,7505,0,59012,7/9/2026,WHITE,0,1,F,INDEX,,F,T,0,0
7/8/2026,12:49:35 PM,SPXW,ML/,50,8.88,,CALL,7505,0,44400,7/9/2026,WHITE,0,1,F,INDEX,,F,T,0,0
7/8/2026,1:05:09 PM,SPXW,ML/,86,8.47,,CALL,7505,0,72842,7/9/2026,WHITE,0,1,F,INDEX,,F,T,0,0
7/8/2026,2:11:39 PM,SPXW,ML/,70,11.27,,CALL,7505,0,78890,7/9/2026,WHITE,0,1,F,INDEX,,F,T,0,0
7/8/2026,2:18:04 PM,SPXW,ML/,69,10.3942,,CALL,7505,0,71720,7/9/2026,WHITE,0,1,F,INDEX,,F,T,0,0
7/8/2026,3:37:41 PM,SPXW,BLOCK,100,10.1,,CALL,7505,0,101000,7/9/2026,WHITE,0,1,F,INDEX,,F,T,0,0
7/8/2026,3:47:53 PM,SPXW,BLOCK,100,7.77,,CALL,7505,0,77700,7/9/2026,WHITE,0,1,F,INDEX,,F,T,0,0
7/8/2026,3:51:14 PM,SPXW,BLOCK,100,9.3,,CALL,7505,0,93000,7/9/2026,WHITE,0,1,F,INDEX,,F,T,0,0
7/8/2026,3:56:57 PM,SPXW,BLOCK,100,11.2,,CALL,7505,0,112000,7/9/2026,WHITE,0,1,F,INDEX,,F,T,0,0
7/8/2026,3:59:17 PM,SPXW,BLOCK,81,11.3,,CALL,7505,0,91530,7/9/2026,WHITE,0,1,F,INDEX,,F,T,0,0
7/8/2026,4:11:00 PM,SPXW,ML/,282,8.3795,,CALL,7505,0,236302,7/9/2026,WHITE,0,1,F,INDEX,,F,T,0,0
7/8/2026,10:53:47 AM,XSP,BLOCK,60,2.3,,CALL,746,0,13800,7/9/2026,WHITE,0,1,F,INDEX,,F,T,0,0
7/8/2026,12:29:28 PM,SPXW,ML/,59,33.79,,PUT,7400,0,199361,7/15/2026,WHITE,0,7,F,INDEX,,F,T,0,0
7/8/2026,12:58:39 PM,SPXW,BLOCK,83,28.1,,PUT,7400,0,233230,7/15/2026,WHITE,0,7,F,INDEX,,F,T,0,0
7/8/2026,12:58:59 PM,SPXW,BLOCK,54,28.1,,PUT,7400,0,151740,7/15/2026,WHITE,0,7,F,INDEX,,F,T,0,0
7/8/2026,3:42:42 PM,SPXW,ML/,246,25.96,,PUT,7400,0,638616,7/15/2026,WHITE,0,7,F,INDEX,,F,T,0,0
7/8/2026,9:35:06 AM,VIX,BLOCK,202,0.57,,PUT,17,0,11513,7/22/2026,WHITE,0,14,F,INDEX,,F,T,0,0
7/8/2026,9:35:08 AM,VIX,BLOCK,348,0.57,,PUT,17,0,19836,7/22/2026,WHITE,0,14,F,INDEX,,F,T,0,0
7/8/2026,9:35:24 AM,VIX,BLOCK,1409,0.56,,PUT,17,0,78904,7/22/2026,WHITE,0,14,F,INDEX,,F,T,0,0
7/8/2026,9:35:24 AM,VIX,BLOCK,628,0.56,,PUT,17,0,35168,7/22/2026,WHITE,0,14,F,INDEX,,F,T,0,0
7/8/2026,9:40:11 AM,VIX,BLOCK,1003,0.58,,PUT,17,0,58177,7/22/2026,WHITE,0,14,F,INDEX,,F,T,0,0
7/8/2026,9:53:31 AM,VIX,ML/,3000,0.58,,PUT,17,0,174000,7/22/2026,WHITE,0,14,F,INDEX,,F,T,0,0
7/8/2026,9:59:53 AM,VIX,ML/,2000,0.56,,PUT,17,0,112000,7/22/2026,WHITE,0,14,F,INDEX,,F,T,0,0
7/8/2026,9:59:57 AM,VIX,ML/,375,0.56,,PUT,17,0,21000,7/22/2026,WHITE,0,14,F,INDEX,,F,T,0,0
7/8/2026,10:40:43 AM,VIX,BLOCK,2422,0.46,,PUT,17,0,111412,7/22/2026,WHITE,0,14,F,INDEX,,F,T,0,0
7/8/2026,11:25:36 AM,VIX,BLOCK,1970,0.4,,PUT,17,0,78800,7/22/2026,WHITE,0,14,F,INDEX,,F,T,0,0
7/8/2026,2:57:03 PM,VIX,ML/,360,0.585,,PUT,17,0,21059,7/22/2026,WHITE,0,14,F,INDEX,,F,T,0,0
7/8/2026,4:14:32 PM,VIX,ML/,180,0.58,,PUT,17,0,10440,7/22/2026,WHITE,0,14,F,INDEX,,F,T,0,0
7/8/2026,3:08:45 PM,SPX,ML/,100,221,,PUT,7600,0,2210000,9/18/2026,WHITE,0,72,F,INDEX,,F,F,0,0
7/8/2026,3:25:17 PM,SPX,ML/,150,221.42,,PUT,7600,0,3321300,9/18/2026,WHITE,0,72,F,INDEX,,F,F,0,0
7/8/2026,9:31:22 AM,SPXW,ML/,200,4.2068,,PUT,7255,0,84135,7/10/2026,WHITE,0,2,F,INDEX,,F,T,0,0
7/8/2026,11:39:44 AM,SPXW,ML/,396,1.3498,,PUT,7255,0,53451,7/9/2026,WHITE,0,1,F,INDEX,,F,T,0,0
7/8/2026,2:57:13 PM,SPXW,ML/,500,4.52,,CALL,7610,0,225999,7/15/2026,WHITE,0,7,F,INDEX,,F,T,0,0
7/8/2026,4:17:26 PM,SPXW,BLOCK,66,4.6,,CALL,7610,0,30359,7/15/2026,WHITE,0,7,F,INDEX,,F,T,0,0
7/8/2026,3:31:02 PM,SPXW,ML/,141,5.98,,CALL,7600,0,84318,7/15/2026,WHITE,0,7,F,INDEX,,F,T,0,0
7/8/2026,3:31:29 PM,SPXW,ML/,71,5.8,,CALL,7600,0,41179,7/15/2026,WHITE,0,7,F,INDEX,,F,T,0,0
7/8/2026,3:43:36 PM,SPXW,BLOCK,50,6,,CALL,7600,0,30000,7/15/2026,WHITE,0,7,F,INDEX,,F,T,0,0
7/8/2026,3:44:43 PM,SPXW,SWEEP,62,6.1,A,CALL,7600,0,37820,7/15/2026,WHITE,0,7,F,INDEX,,F,T,0,0
7/8/2026,3:44:49 PM,SPXW,SWEEP,50,6.2,A,CALL,7600,0,31000,7/15/2026,WHITE,0,7,F,INDEX,,F,T,0,0
7/8/2026,3:50:56 PM,SPXW,SWEEP,70,6.1,A,CALL,7600,0,42700,7/15/2026,WHITE,0,7,F,INDEX,,F,T,0,0
7/8/2026,3:51:27 PM,SPXW,SWEEP,50,6.374,A,CALL,7600,0,31870,7/15/2026,WHITE,0,7,F,INDEX,,F,T,0,0
7/8/2026,3:59:40 PM,SPXW,ML/,321,0.5969,,CALL,7560,0,19162,7/9/2026,WHITE,0,1,F,INDEX,,F,T,0,0
7/8/2026,3:59:50 PM,SPXW,BLOCK,258,0.55,,CALL,7560,0,14190,7/9/2026,WHITE,0,1,F,INDEX,,F,T,0,0
7/8/2026,9:30:08 AM,VIX,BLOCK,1001,1.2399,,CALL,18,0,124111,7/22/2026,WHITE,0,14,F,INDEX,,F,T,0,0
7/8/2026,9:43:28 AM,VIX,ML/,100,1.1499,,CALL,18,0,11499,7/22/2026,WHITE,0,14,F,INDEX,,F,T,0,0
7/8/2026,9:44:36 AM,VIX,ML/,1275,1.18,,CALL,18,0,150449,7/22/2026,WHITE,0,14,F,INDEX,,F,T,0,0
7/8/2026,9:46:58 AM,VIX,ML/,140,1.11,,CALL,18,0,15540,7/22/2026,WHITE,0,14,F,INDEX,,F,T,0,0
7/8/2026,9:49:36 AM,VIX,ML/,280,1.16,,CALL,18,0,32480,7/22/2026,WHITE,0,14,F,INDEX,,F,T,0,0
7/8/2026,10:04:10 AM,VIX,ML/,1400,1.16,,CALL,18,0,162400,7/22/2026,WHITE,0,14,F,INDEX,,F,T,0,0
7/8/2026,10:22:24 AM,VIX,ML/,4000,1.23,,CALL,18,0,492000,7/22/2026,WHITE,0,14,F,INDEX,,F,T,0,0
7/8/2026,10:34:21 AM,VIX,BLOCK,300,1.32,,CALL,18,0,39600,7/22/2026,WHITE,0,14,F,INDEX,,F,T,0,0
7/8/2026,10:34:28 AM,VIX,BLOCK,100,1.32,,CALL,18,0,13200,7/22/2026,WHITE,0,14,F,INDEX,,F,T,0,0
7/8/2026,10:37:54 AM,VIX,ML/,5940,1.3611,,CALL,18,0,808500,7/22/2026,WHITE,0,14,F,INDEX,,F,T,0,0
7/8/2026,10:39:50 AM,VIX,ML/,360,1.4244,,CALL,18,0,51279,7/22/2026,WHITE,0,14,F,INDEX,,F,T,0,0
7/8/2026,10:47:44 AM,VIX,BLOCK,100,1.48,,CALL,18,0,14800,7/22/2026,WHITE,0,14,F,INDEX,,F,T,0,0
7/8/2026,10:49:23 AM,VIX,BLOCK,106,1.5,,CALL,18,0,15900,7/22/2026,WHITE,0,14,F,INDEX,,F,T,0,0
7/8/2026,11:28:48 AM,VIX,ML/,215,1.62,,CALL,18,0,34830,7/22/2026,WHITE,0,14,F,INDEX,,F,T,0,0
7/8/2026,11:30:29 AM,VIX,BLOCK,102,1.7,,CALL,18,0,17340,7/22/2026,WHITE,0,14,F,INDEX,,F,T,0,0
7/8/2026,2:30:24 PM,VIX,ML/,1980,1.15,,CALL,18,0,227700,7/22/2026,WHITE,0,14,F,INDEX,,F,T,0,0
7/8/2026,3:55:07 PM,VIX,ML/,2300,1.1361,,CALL,18,0,261300,7/22/2026,WHITE,0,14,F,INDEX,,F,T,0,0
7/8/2026,3:58:02 PM,VIX,ML/,2300,1.1361,,CALL,18,0,261300,7/22/2026,WHITE,0,14,F,INDEX,,F,T,0,0
7/8/2026,11:52:07 AM,SPXW,ML/,150,96.26,,CALL,7350,0,1443900,7/10/2026,WHITE,0,2,F,INDEX,,F,T,0,0
7/8/2026,9:30:38 AM,VIX,BLOCK,200,1.03,,CALL,18.5,0,20600,7/22/2026,WHITE,0,14,F,INDEX,,F,T,0,0
7/8/2026,10:22:23 AM,VIX,ML/,1000,1.06,,CALL,18.5,0,106000,7/22/2026,WHITE,0,14,F,INDEX,,F,T,0,0
7/8/2026,10:58:05 AM,VIX,ML/,3806,1.3,,CALL,18.5,0,494780,7/22/2026,WHITE,0,14,F,INDEX,,F,T,0,0
7/8/2026,11:07:01 AM,VIX,ML/,2750,1.29,,CALL,18.5,0,354750,7/22/2026,WHITE,0,14,F,INDEX,,F,T,0,0
7/8/2026,11:13:38 AM,VIX,ML/,2500,1.32,,CALL,18.5,0,330000,7/22/2026,WHITE,0,14,F,INDEX,,F,T,0,0
7/8/2026,11:14:37 AM,VIX,ML/,2500,1.34,,CALL,18.5,0,335000,7/22/2026,WHITE,0,14,F,INDEX,,F,T,0,0
7/8/2026,11:19:54 AM,VIX,ML/,2500,1.32,,CALL,18.5,0,330000,7/22/2026,WHITE,0,14,F,INDEX,,F,T,0,0
7/8/2026,11:32:32 AM,VIX,ML/,2750,1.47,,CALL,18.5,0,404250,7/22/2026,WHITE,0,14,F,INDEX,,F,T,0,0
7/8/2026,12:01:08 PM,SPXW,BLOCK,51,4.4,,PUT,7265,0,22440,7/10/2026,WHITE,0,2,F,INDEX,,F,T,0,0
7/8/2026,9:30:08 AM,SPXW,ML/,50,6.75,,CALL,7625,0,33750,7/17/2026,WHITE,0,9,F,INDEX,,F,F,0,0
7/8/2026,12:19:39 PM,SPXW,BLOCK,97,5,,CALL,7625,0,48500,7/17/2026,WHITE,0,9,F,INDEX,,F,F,0,0
7/8/2026,2:05:32 PM,SPXW,ML/,50,6.7696,,CALL,7625,0,33847,7/17/2026,WHITE,0,9,F,INDEX,,F,F,0,0
7/8/2026,1:50:31 PM,SPXW,ML/,50,28.62,,CALL,7465,0,143100,7/9/2026,WHITE,0,1,F,INDEX,,F,T,0,0
7/8/2026,3:48:23 PM,SPXW,ML/,50,27.4014,,CALL,7465,0,137007,7/9/2026,WHITE,0,1,F,INDEX,,F,T,0,0
7/8/2026,11:57:03 AM,SPXW,ML/,70,1.838,,CALL,7775,0,12866,7/27/2026,WHITE,0,19,F,INDEX,,F,T,0,0
7/8/2026,2:57:13 PM,SPXW,ML/,500,3.95,,CALL,7615,0,197500,7/15/2026,WHITE,0,7,F,INDEX,,F,T,0,0
7/8/2026,3:08:20 PM,SPXW,ML/,63,2.88,,CALL,7625,0,18144,7/15/2026,WHITE,0,7,F,INDEX,,F,T,0,0
7/8/2026,3:08:26 PM,SPXW,ML/,81,2.86,,CALL,7625,0,23165,7/15/2026,WHITE,0,7,F,INDEX,,F,T,0,0
7/8/2026,10:25:26 AM,SPXW,ML/,60,8.24,,CALL,7620,0,49440,7/17/2026,WHITE,0,9,F,INDEX,,F,F,0,0
7/8/2026,10:25:26 AM,SPXW,ML/,60,17.06,,CALL,7580,0,102359,7/17/2026,WHITE,0,9,F,INDEX,,F,F,0,0
7/8/2026,9:33:07 AM,SPXW,ML/,99,9.85,,CALL,7510,0,97515,7/9/2026,WHITE,0,1,F,INDEX,,F,T,0,0
7/8/2026,10:52:45 AM,SPXW,BLOCK,50,5.218,,CALL,7510,0,26089,7/9/2026,WHITE,0,1,F,INDEX,,F,T,0,0
7/8/2026,10:54:03 AM,SPXW,BLOCK,50,5.9,,CALL,7510,0,29500,7/9/2026,WHITE,0,1,F,INDEX,,F,T,0,0
7/8/2026,11:06:23 AM,SPXW,BLOCK,50,4.7,,CALL,7510,0,23500,7/9/2026,WHITE,0,1,F,INDEX,,F,T,0,0
7/8/2026,11:12:55 AM,SPXW,BLOCK,50,4.6,,CALL,7510,0,23000,7/9/2026,WHITE,0,1,F,INDEX,,F,T,0,0
7/8/2026,12:49:35 PM,SPXW,ML/,50,7.43,,CALL,7510,0,37150,7/9/2026,WHITE,0,1,F,INDEX,,F,T,0,0
7/8/2026,1:05:09 PM,SPXW,ML/,86,7.12,,CALL,7510,0,61232,7/9/2026,WHITE,0,1,F,INDEX,,F,T,0,0
7/8/2026,1:39:13 PM,SPXW,ML/,125,10.4,,CALL,7510,0,130000,7/9/2026,WHITE,0,1,F,INDEX,,F,T,0,0
7/8/2026,4:12:54 PM,SPXW,ML/,300,8.04,,CALL,7510,0,241199,7/9/2026,WHITE,0,1,F,INDEX,,F,T,0,0
7/8/2026,4:46:19 PM,SPXW,BLOCK,53,6.2,,CALL,7510,0,32860,7/9/2026,WHITE,0,1,F,INDEX,,F,T,0,0
7/8/2026,2:29:17 PM,VIX,ML/,250,1.58,,CALL,20.5,0,39500,8/19/2026,WHITE,0,42,F,INDEX,,F,T,0,0
7/8/2026,2:32:47 PM,VIX,ML/,750,1.61,,CALL,20.5,0,120750,8/19/2026,WHITE,0,42,F,INDEX,,F,T,0,0
7/8/2026,12:43:44 PM,SPXW,ML/,60,14.84,,PUT,6875,0,89040,8/3/2026,WHITE,0,26,F,INDEX,,F,T,0,0
7/8/2026,11:16:16 AM,SPXW,ML/,50,5.92,,PUT,7335,0,29600,7/9/2026,WHITE,0,1,F,INDEX,,F,T,0,0
7/8/2026,11:18:07 AM,SPXW,ML/,50,6.4,,PUT,7335,0,32000,7/9/2026,WHITE,0,1,F,INDEX,,F,T,0,0
7/8/2026,2:16:24 PM,SPXW,ML/,100,1.395,,PUT,7335,0,13950,7/9/2026,WHITE,0,1,F,INDEX,,F,T,0,0
7/8/2026,4:11:00 PM,SPXW,ML/,203,0.9127,,PUT,7335,0,18528,7/9/2026,WHITE,0,1,F,INDEX,,F,T,0,0
7/8/2026,1:53:29 PM,SPXW,BLOCK,100,13.226,,PUT,7410,0,132260,7/10/2026,WHITE,0,2,F,INDEX,,F,T,0,0
7/8/2026,9:43:01 AM,SPXW,ML/,59,20.7185,,CALL,7465,0,122238,7/8/2026,WHITE,0,0,F,INDEX,,F,T,0,0
7/8/2026,9:44:58 AM,SPXW,BLOCK,50,22,,CALL,7465,0,110000,7/8/2026,WHITE,0,0,F,INDEX,,F,T,0,0
7/8/2026,9:47:49 AM,SPXW,SWEEP,55,21.6964,A,CALL,7465,0,119330,7/8/2026,WHITE,0,0,F,INDEX,,F,T,0,0
7/8/2026,9:51:50 AM,SPXW,SWEEP,50,20.398,A,CALL,7465,0,101990,7/8/2026,WHITE,0,0,F,INDEX,,F,T,0,0
7/8/2026,9:53:18 AM,SPXW,ML/,74,18.7018,,CALL,7465,0,138392,7/8/2026,WHITE,0,0,F,INDEX,,F,T,0,0
7/8/2026,9:55:17 AM,SPXW,SWEEP,50,16.362,A,CALL,7465,0,81810,7/8/2026,WHITE,0,0,F,INDEX,,F,T,0,0
7/8/2026,9:57:12 AM,SPXW,ML/,50,19.35,,CALL,7465,0,96750,7/8/2026,WHITE,0,0,F,INDEX,,F,T,0,0
7/8/2026,9:57:29 AM,SPXW,SWEEP,82,19.7805,A,CALL,7465,0,162200,7/8/2026,WHITE,0,0,F,INDEX,,F,T,0,0
7/8/2026,9:57:44 AM,SPXW,ML/,62,20.0955,,CALL,7465,0,124592,7/8/2026,WHITE,0,0,F,INDEX,,F,T,0,0
7/8/2026,9:58:51 AM,SPXW,ML/,64,21.1495,,CALL,7465,0,135357,7/8/2026,WHITE,0,0,F,INDEX,,F,T,0,0
7/8/2026,9:58:56 AM,SPXW,BLOCK,103,21.2583,,CALL,7465,0,218960,7/8/2026,WHITE,0,0,F,INDEX,,F,T,0,0
7/8/2026,10:00:03 AM,SPXW,BLOCK,50,19.334,,CALL,7465,0,96670,7/8/2026,WHITE,0,0,F,INDEX,,F,T,0,0
7/8/2026,10:11:57 AM,SPXW,ML/,64,15.8453,,CALL,7465,0,101410,7/8/2026,WHITE,0,0,F,INDEX,,F,T,0,0
7/8/2026,10:13:33 AM,SPXW,BLOCK,57,16.4053,,CALL,7465,0,93509,7/8/2026,WHITE,0,0,F,INDEX,,F,T,0,0
7/8/2026,10:18:29 AM,SPXW,ML/,78,15.1692,,CALL,7465,0,118320,7/8/2026,WHITE,0,0,F,INDEX,,F,T,0,0
7/8/2026,10:19:58 AM,SPXW,ML/,107,14.2432,,CALL,7465,0,152402,7/8/2026,WHITE,0,0,F,INDEX,,F,T,0,0
7/8/2026,10:21:15 AM,SPXW,BLOCK,109,16.4826,,CALL,7465,0,179659,7/8/2026,WHITE,0,0,F,INDEX,,F,T,0,0
7/8/2026,10:21:17 AM,SPXW,ML/,92,18.3392,,CALL,7465,0,168721,7/8/2026,WHITE,0,0,F,INDEX,,F,T,0,0
7/8/2026,10:24:42 AM,SPXW,ML/,100,17.02,,CALL,7465,0,170200,7/8/2026,WHITE,0,0,F,INDEX,,F,T,0,0
7/8/2026,10:24:49 AM,SPXW,BLOCK,60,16.425,,CALL,7465,0,98550,7/8/2026,WHITE,0,0,F,INDEX,,F,T,0,0
7/8/2026,10:27:03 AM,SPXW,ML/,114,14.4025,,CALL,7465,0,164189,7/8/2026,WHITE,0,0,F,INDEX,,F,T,0,0
7/8/2026,10:27:20 AM,SPXW,BLOCK,62,13.5677,,CALL,7465,0,84120,7/8/2026,WHITE,0,0,F,INDEX,,F,T,0,0
7/8/2026,10:29:26 AM,SPXW,BLOCK,111,14.5315,,CALL,7465,0,161300,7/8/2026,WHITE,0,0,F,INDEX,,F,T,0,0
7/8/2026,10:34:34 AM,SPXW,BLOCK,80,14.685,,CALL,7465,0,117480,7/8/2026,WHITE,0,0,F,INDEX,,F,T,0,0
7/8/2026,10:34:42 AM,SPXW,ML/,53,13.8464,,CALL,7465,0,73386,7/8/2026,WHITE,0,0,F,INDEX,,F,T,0,0
7/8/2026,10:35:34 AM,SPXW,ML/,62,13.5958,,CALL,7465,0,84294,7/8/2026,WHITE,0,0,F,INDEX,,F,T,0,0
7/8/2026,10:37:13 AM,SPXW,ML/,112,10.6848,,CALL,7465,0,119670,7/8/2026,WHITE,0,0,F,INDEX,,F,T,0,0
7/8/2026,10:47:31 AM,SPXW,ML/,105,7.7976,,CALL,7465,0,81875,7/8/2026,WHITE,0,0,F,INDEX,,F,T,0,0
7/8/2026,10:47:50 AM,SPXW,BLOCK,68,7.3,,CALL,7465,0,49640,7/8/2026,WHITE,0,0,F,INDEX,,F,T,0,0
7/8/2026,10:49:25 AM,SPXW,BLOCK,318,6.4129,,CALL,7465,0,203930,7/8/2026,WHITE,0,0,F,INDEX,,F,T,0,0
7/8/2026,10:54:31 AM,SPXW,ML/,50,9.32,,CALL,7465,0,46600,7/8/2026,WHITE,0,0,F,INDEX,,F,T,0,0
7/8/2026,10:57:33 AM,SPXW,BLOCK,136,8.1044,,CALL,7465,0,110220,7/8/2026,WHITE,0,0,F,INDEX,,F,T,0,0
7/8/2026,10:57:37 AM,SPXW,ML/,55,7.8996,,CALL,7465,0,43448,7/8/2026,WHITE,0,0,F,INDEX,,F,T,0,0
7/8/2026,11:02:43 AM,SPXW,ML/,124,6.6203,,CALL,7465,0,82092,7/8/2026,WHITE,0,0,F,INDEX,,F,T,0,0
7/8/2026,11:14:10 AM,SPXW,ML/,112,5.1462,,CALL,7465,0,57637,7/8/2026,WHITE,0,0,F,INDEX,,F,T,0,0
7/8/2026,11:30:25 AM,SPXW,ML/,114,2.5696,,CALL,7465,0,29293,7/8/2026,WHITE,0,0,F,INDEX,,F,T,0,0
7/8/2026,11:32:46 AM,SPXW,ML/,62,3.2989,,CALL,7465,0,20453,7/8/2026,WHITE,0,0,F,INDEX,,F,T,0,0
7/8/2026,11:33:04 AM,SPXW,ML/,81,3.2341,,CALL,7465,0,26196,7/8/2026,WHITE,0,0,F,INDEX,,F,T,0,0
7/8/2026,11:33:34 AM,SPXW,ML/,62,3.6024,,CALL,7465,0,22335,7/8/2026,WHITE,0,0,F,INDEX,,F,T,0,0
7/8/2026,11:39:28 AM,SPXW,BLOCK,100,3.9,,CALL,7465,0,39000,7/8/2026,WHITE,0,0,F,INDEX,,F,T,0,0
7/8/2026,11:40:07 AM,SPXW,ML/,125,3.84,,CALL,7465,0,48000,7/8/2026,WHITE,0,0,F,INDEX,,F,T,0,0
7/8/2026,11:43:00 AM,SPXW,BLOCK,198,3.6,,CALL,7465,0,71280,7/8/2026,WHITE,0,0,F,INDEX,,F,T,0,0
7/8/2026,11:53:15 AM,SPXW,ML/,55,2.7425,,CALL,7465,0,15084,7/8/2026,WHITE,0,0,F,INDEX,,F,T,0,0
7/8/2026,11:55:08 AM,SPXW,BLOCK,214,3.3,,CALL,7465,0,70620,7/8/2026,WHITE,0,0,F,INDEX,,F,T,0,0
7/8/2026,11:59:01 AM,SPXW,ML/,59,3.4922,,CALL,7465,0,20604,7/8/2026,WHITE,0,0,F,INDEX,,F,T,0,0
7/8/2026,12:05:12 PM,SPXW,BLOCK,51,4.702,,CALL,7465,0,23980,7/8/2026,WHITE,0,0,F,INDEX,,F,T,0,0
7/8/2026,12:05:33 PM,SPXW,ML/,166,5.4428,,CALL,7465,0,90350,7/8/2026,WHITE,0,0,F,INDEX,,F,T,0,0
7/8/2026,12:09:51 PM,SPXW,ML/,61,5.4984,,CALL,7465,0,33540,7/8/2026,WHITE,0,0,F,INDEX,,F,T,0,0
7/8/2026,12:10:03 PM,SPXW,ML/,66,5.8408,,CALL,7465,0,38549,7/8/2026,WHITE,0,0,F,INDEX,,F,T,0,0
7/8/2026,12:10:26 PM,SPXW,ML/,87,6.398,,CALL,7465,0,55663,7/8/2026,WHITE,0,0,F,INDEX,,F,T,0,0
7/8/2026,12:11:14 PM,SPXW,ML/,261,7.0151,,CALL,7465,0,183093,7/8/2026,WHITE,0,0,F,INDEX,,F,T,0,0
7/8/2026,12:11:28 PM,SPXW,ML/,65,7.19,,CALL,7465,0,46735,7/8/2026,WHITE,0,0,F,INDEX,,F,T,0,0
7/8/2026,12:15:04 PM,SPXW,BLOCK,68,6.9,,CALL,7465,0,46920,7/8/2026,WHITE,0,0,F,INDEX,,F,T,0,0
7/8/2026,12:20:34 PM,SPXW,ML/,89,8.6691,,CALL,7465,0,77155,7/8/2026,WHITE,0,0,F,INDEX,,F,T,0,0
7/8/2026,12:21:04 PM,SPXW,ML/,131,9.1902,,CALL,7465,0,120392,7/8/2026,WHITE,0,0,F,INDEX,,F,T,0,0
7/8/2026,12:21:18 PM,SPXW,ML/,70,9.706,,CALL,7465,0,67942,7/8/2026,WHITE,0,0,F,INDEX,,F,T,0,0
7/8/2026,12:21:33 PM,SPXW,ML/,97,9.9982,,CALL,7465,0,96983,7/8/2026,WHITE,0,0,F,INDEX,,F,T,0,0
7/8/2026,12:26:04 PM,SPXW,ML/,55,8.8455,,CALL,7465,0,48650,7/8/2026,WHITE,0,0,F,INDEX,,F,T,0,0
7/8/2026,12:27:37 PM,SPXW,ML/,209,10.6668,,CALL,7465,0,222937,7/8/2026,WHITE,0,0,F,INDEX,,F,T,0,0
7/8/2026,12:30:00 PM,SPXW,ML/,121,9.4904,,CALL,7465,0,114833,7/8/2026,WHITE,0,0,F,INDEX,,F,T,0,0
7/8/2026,12:30:47 PM,SPXW,ML/,130,10.9565,,CALL,7465,0,142435,7/8/2026,WHITE,0,0,F,INDEX,,F,T,0,0
7/8/2026,12:30:59 PM,SPXW,ML/,109,11.7691,,CALL,7465,0,128283,7/8/2026,WHITE,0,0,F,INDEX,,F,T,0,0
7/8/2026,12:31:12 PM,SPXW,ML/,70,12.0817,,CALL,7465,0,84572,7/8/2026,WHITE,0,0,F,INDEX,,F,T,0,0
7/8/2026,12:31:18 PM,SPXW,ML/,82,12.3518,,CALL,7465,0,101285,7/8/2026,WHITE,0,0,F,INDEX,,F,T,0,0
7/8/2026,12:31:22 PM,SPXW,ML/,96,11.9829,,CALL,7465,0,115036,7/8/2026,WHITE,0,0,F,INDEX,,F,T,0,0
7/8/2026,12:34:21 PM,SPXW,BLOCK,78,10.5,,CALL,7465,0,81900,7/8/2026,WHITE,0,0,F,INDEX,,F,T,0,0
7/8/2026,12:35:10 PM,SPXW,ML/,121,9.6856,,CALL,7465,0,117196,7/8/2026,WHITE,0,0,F,INDEX,,F,T,0,0
7/8/2026,12:36:42 PM,SPXW,ML/,52,8.1108,,CALL,7465,0,42176,7/8/2026,WHITE,0,0,F,INDEX,,F,T,0,0
7/8/2026,12:39:44 PM,SPXW,ML/,155,8.8245,,CALL,7465,0,136780,7/8/2026,WHITE,0,0,F,INDEX,,F,T,0,0
7/8/2026,12:40:10 PM,SPXW,BLOCK,51,9.949,,CALL,7465,0,50740,7/8/2026,WHITE,0,0,F,INDEX,,F,T,0,0
7/8/2026,12:40:36 PM,SPXW,ML/,129,10.5833,,CALL,7465,0,136525,7/8/2026,WHITE,0,0,F,INDEX,,F,T,0,0
7/8/2026,12:40:42 PM,SPXW,ML/,143,12.0561,,CALL,7465,0,172402,7/8/2026,WHITE,0,0,F,INDEX,,F,T,0,0
7/8/2026,12:40:44 PM,SPXW,ML/,88,13.2127,,CALL,7465,0,116272,7/8/2026,WHITE,0,0,F,INDEX,,F,T,0,0
7/8/2026,12:40:50 PM,SPXW,ML/,135,14.5843,,CALL,7465,0,196888,7/8/2026,WHITE,0,0,F,INDEX,,F,T,0,0
7/8/2026,12:40:58 PM,SPXW,ML/,67,13.1716,,CALL,7465,0,88250,7/8/2026,WHITE,0,0,F,INDEX,,F,T,0,0
7/8/2026,12:41:45 PM,SPXW,ML/,66,11.2939,,CALL,7465,0,74540,7/8/2026,WHITE,0,0,F,INDEX,,F,T,0,0
7/8/2026,12:43:50 PM,SPXW,BLOCK,53,13.134,,CALL,7465,0,69610,7/8/2026,WHITE,0,0,F,INDEX,,F,T,0,0
7/8/2026,12:44:17 PM,SPXW,SWEEP,57,12.5632,A,CALL,7465,0,71610,7/8/2026,WHITE,0,0,F,INDEX,,F,T,0,0
7/8/2026,12:45:26 PM,SPXW,ML/,58,11.1379,,CALL,7465,0,64600,7/8/2026,WHITE,0,0,F,INDEX,,F,T,0,0
7/8/2026,12:46:54 PM,SPXW,BLOCK,67,13.4985,,CALL,7465,0,90440,7/8/2026,WHITE,0,0,F,INDEX,,F,T,0,0
7/8/2026,12:49:04 PM,SPXW,ML/,121,13.0935,,CALL,7465,0,158431,7/8/2026,WHITE,0,0,F,INDEX,,F,T,0,0
7/8/2026,12:50:42 PM,SPXW,ML/,131,13.9773,,CALL,7465,0,183102,7/8/2026,WHITE,0,0,F,INDEX,,F,T,0,0
7/8/2026,12:51:06 PM,SPXW,ML/,79,13.9222,,CALL,7465,0,109984,7/8/2026,WHITE,0,0,F,INDEX,,F,T,0,0
7/8/2026,12:52:03 PM,SPXW,ML/,68,14.8493,,CALL,7465,0,100974,7/8/2026,WHITE,0,0,F,INDEX,,F,T,0,0
7/8/2026,12:52:20 PM,SPXW,BLOCK,124,14.9944,,CALL,7465,0,185930,7/8/2026,WHITE,0,0,F,INDEX,,F,T,0,0
7/8/2026,12:55:11 PM,SPXW,BLOCK,80,15.9962,,CALL,7465,0,127970,7/8/2026,WHITE,0,0,F,INDEX,,F,T,0,0
7/8/2026,1:10:09 PM,SPXW,BLOCK,100,13.5,,CALL,7465,0,135000,7/8/2026,WHITE,0,0,F,INDEX,,F,T,0,0
7/8/2026,1:20:06 PM,SPXW,ML/,140,18.0305,,CALL,7465,0,252427,7/8/2026,WHITE,0,0,F,INDEX,,F,T,0,0
7/8/2026,1:42:38 PM,SPXW,ML/,102,17.6149,,CALL,7465,0,179672,7/8/2026,WHITE,0,0,F,INDEX,,F,T,0,0
7/8/2026,1:45:42 PM,SPXW,ML/,58,14.9841,,CALL,7465,0,86908,7/8/2026,WHITE,0,0,F,INDEX,,F,T,0,0
7/8/2026,1:48:05 PM,SPXW,ML/,51,14.251,,CALL,7465,0,72680,7/8/2026,WHITE,0,0,F,INDEX,,F,T,0,0
7/8/2026,1:48:11 PM,SPXW,BLOCK,50,13.9,,CALL,7465,0,69500,7/8/2026,WHITE,0,0,F,INDEX,,F,T,0,0
7/8/2026,2:05:26 PM,SPXW,ML/,101,17.354,,CALL,7465,0,175275,7/8/2026,WHITE,0,0,F,INDEX,,F,T,0,0
7/8/2026,2:25:40 PM,SPXW,ML/,100,16.12,,CALL,7465,0,161200,7/8/2026,WHITE,0,0,F,INDEX,,F,T,0,0
7/8/2026,2:30:00 PM,SPXW,ML/,51,13.1418,,CALL,7465,0,67023,7/8/2026,WHITE,0,0,F,INDEX,,F,T,0,0
7/8/2026,2:40:04 PM,SPXW,ML/,66,16.9764,,CALL,7465,0,112044,7/8/2026,WHITE,0,0,F,INDEX,,F,T,0,0
7/8/2026,2:52:03 PM,SPXW,ML/,52,17.78,,CALL,7465,0,92456,7/8/2026,WHITE,0,0,F,INDEX,,F,T,0,0
7/8/2026,2:52:40 PM,SPXW,ML/,50,16.3052,,CALL,7465,0,81526,7/8/2026,WHITE,0,0,F,INDEX,,F,T,0,0
7/8/2026,3:05:31 PM,SPXW,ML/,170,14.8794,,CALL,7465,0,252950,7/8/2026,WHITE,0,0,F,INDEX,,F,T,0,0
7/8/2026,3:05:52 PM,SPXW,ML/,200,14.85,,CALL,7465,0,297000,7/8/2026,WHITE,0,0,F,INDEX,,F,T,0,0
7/8/2026,3:15:38 PM,SPXW,ML/,101,12.0832,,CALL,7465,0,122040,7/8/2026,WHITE,0,0,F,INDEX,,F,T,0,0
7/8/2026,3:48:23 PM,SPXW,ML/,50,9.5998,,CALL,7465,0,47999,7/8/2026,WHITE,0,0,F,INDEX,,F,T,0,0
7/8/2026,3:51:10 PM,SPXW,ML/,75,12.7264,,CALL,7465,0,95448,7/8/2026,WHITE,0,0,F,INDEX,,F,T,0,0
7/8/2026,3:53:43 PM,SPXW,ML/,102,16.4609,,CALL,7465,0,167901,7/8/2026,WHITE,0,0,F,INDEX,,F,T,0,0
7/8/2026,10:54:12 AM,XSP,BLOCK,150,0.805,,CALL,750,0,12075,7/9/2026,WHITE,0,1,F,INDEX,,F,T,0,0
7/8/2026,12:20:36 PM,XSP,ML/,181,0.72,,CALL,750,0,13032,7/9/2026,WHITE,0,1,F,INDEX,,F,T,0,0
7/8/2026,10:25:37 AM,SPXW,ML/,495,45.95,,PUT,7500,0,2274525,7/9/2026,WHITE,0,1,F,INDEX,,F,T,0,0
7/8/2026,10:28:30 AM,SPXW,ML/,500,48.95,,PUT,7500,0,2447500,7/9/2026,WHITE,0,1,F,INDEX,,F,T,0,0
7/8/2026,10:29:52 AM,SPXW,ML/,495,49.45,,PUT,7500,0,2447775,7/9/2026,WHITE,0,1,F,INDEX,,F,T,0,0
7/8/2026,10:35:03 AM,SPXW,ML/,496,53.3259,,PUT,7500,0,2644966,7/9/2026,WHITE,0,1,F,INDEX,,F,T,0,0
7/8/2026,10:37:19 AM,SPXW,ML/,500,57.25,,PUT,7500,0,2862500,7/9/2026,WHITE,0,1,F,INDEX,,F,T,0,0
7/8/2026,10:40:52 AM,SPXW,ML/,198,56.14,,PUT,7500,0,1111572,7/9/2026,WHITE,0,1,F,INDEX,,F,T,0,0
7/8/2026,10:41:15 AM,SPXW,ML/,297,57.35,,PUT,7500,0,1703295,7/9/2026,WHITE,0,1,F,INDEX,,F,T,0,0
7/8/2026,10:49:01 AM,SPXW,ML/,442,60.88,,PUT,7500,0,2690896,7/9/2026,WHITE,0,1,F,INDEX,,F,T,0,0
7/8/2026,10:57:21 AM,SPXW,ML/,500,56.04,,PUT,7500,0,2802000,7/9/2026,WHITE,0,1,F,INDEX,,F,T,0,0
7/8/2026,11:40:22 AM,SPXW,ML/,150,68.76,,PUT,7500,0,1031400,7/9/2026,WHITE,0,1,F,INDEX,,F,T,0,0
7/8/2026,12:24:29 PM,SPXW,ML/,50,53,,PUT,7500,0,265000,7/9/2026,WHITE,0,1,F,INDEX,,F,T,0,0
7/8/2026,12:38:03 PM,SPXW,ML/,300,52.53,,PUT,7500,0,1575900,7/9/2026,WHITE,0,1,F,INDEX,,F,T,0,0
7/8/2026,1:44:31 PM,SPXW,ML/,400,36.38,,PUT,7500,0,1455200,7/9/2026,WHITE,0,1,F,INDEX,,F,T,0,0
7/8/2026,2:49:34 PM,SPXW,ML/,500,36,,PUT,7500,0,1800000,7/9/2026,WHITE,0,1,F,INDEX,,F,T,0,0
7/8/2026,3:34:03 PM,SPXW,ML/,500,34.73,,PUT,7500,0,1736499,7/9/2026,WHITE,0,1,F,INDEX,,F,T,0,0
7/8/2026,4:11:00 PM,SPXW,ML/,132,36.383,,PUT,7500,0,480256,7/9/2026,WHITE,0,1,F,INDEX,,F,T,0,0
7/8/2026,9:47:28 AM,SPXW,ML/,200,3.36,,CALL,7570,0,67200,7/10/2026,WHITE,0,2,F,INDEX,,F,T,0,0
7/8/2026,10:16:01 AM,SPXW,BLOCK,58,2.3276,,CALL,7570,0,13500,7/10/2026,WHITE,0,2,F,INDEX,,F,T,0,0
7/8/2026,12:07:33 PM,SPXW,ML/,141,14.9496,,PUT,7405,0,210790,7/9/2026,WHITE,0,1,F,INDEX,,F,T,0,0
7/8/2026,1:28:02 PM,SPXW,ML/,50,5.68,,PUT,7405,0,28400,7/9/2026,WHITE,0,1,F,INDEX,,F,T,0,0
7/8/2026,1:29:12 PM,SPXW,ML/,100,5.33,,PUT,7405,0,53300,7/9/2026,WHITE,0,1,F,INDEX,,F,T,0,0
7/8/2026,3:05:50 PM,SPXW,ML/,88,5.1331,,PUT,7405,0,45171,7/9/2026,WHITE,0,1,F,INDEX,,F,T,0,0
7/8/2026,3:52:01 PM,SPXW,ML/,51,4.55,,PUT,7405,0,23205,7/9/2026,WHITE,0,1,F,INDEX,,F,T,0,0
7/8/2026,4:55:54 PM,SPXW,BLOCK,60,6.865,,PUT,7405,0,41190,7/9/2026,WHITE,0,1,F,INDEX,,F,T,0,0
7/8/2026,10:21:37 AM,SPXW,ML/,200,21.35,,PUT,7425,0,427000,7/10/2026,WHITE,0,2,F,INDEX,,F,T,0,0
7/8/2026,4:15:47 PM,SPXW,BLOCK,50,14.9,,PUT,7425,0,74500,7/10/2026,WHITE,0,2,F,INDEX,,F,T,0,0
7/8/2026,10:21:37 AM,SPXW,ML/,200,28.8,,PUT,7425,0,576000,7/13/2026,WHITE,0,5,F,INDEX,,F,T,0,0
7/8/2026,12:57:54 PM,SPXW,ML/,100,87.2,,PUT,7450,0,872000,7/31/2026,WHITE,0,23,F,INDEX,,F,T,0,0
7/8/2026,3:47:01 PM,SPXW,ML/,57,85.4079,,PUT,7450,0,486825,7/31/2026,WHITE,0,23,F,INDEX,,F,T,0,0
7/8/2026,3:49:00 PM,SPXW,ML/,776,83.14,,PUT,7450,0,6451664,7/31/2026,WHITE,0,23,F,INDEX,,F,T,0,0
7/8/2026,2:40:32 PM,SPXW,ML/,200,91.52,,PUT,7470,0,1830400,7/31/2026,WHITE,0,23,F,INDEX,,F,T,0,0
7/8/2026,9:55:35 AM,RUTW,ML/,95,8.782,,PUT,2955,0,83429,7/8/2026,WHITE,0,0,F,INDEX,,F,T,0,0
7/8/2026,9:32:26 AM,VIX,ML/,75,1.62,,CALL,25,0,12150,9/16/2026,WHITE,0,70,F,INDEX,,F,T,0,0
7/8/2026,3:25:35 PM,SPXW,BLOCK,125,1,,CALL,7660,0,12500,7/15/2026,WHITE,0,7,F,INDEX,,F,T,0,0
7/8/2026,11:38:25 AM,SPXW,ML/,100,6.63,,CALL,7515,0,66300,7/10/2026,WHITE,0,2,F,INDEX,,F,T,0,0
7/8/2026,10:53:05 AM,SPXW,ML/,170,2.36,,PUT,7100,0,40120,7/13/2026,WHITE,0,5,F,INDEX,,F,T,0,0
7/8/2026,4:02:54 PM,SPXW,ML/,500,0.87,,PUT,7100,0,43500,7/13/2026,WHITE,0,5,F,INDEX,,F,T,0,0
7/8/2026,9:33:37 AM,SPXW,ML/,200,4.8,,PUT,7285,0,96000,7/10/2026,WHITE,0,2,F,INDEX,,F,T,0,0
7/8/2026,10:52:59 AM,SPXW,ML/,75,12.79,,CALL,7525,0,95924,7/13/2026,WHITE,0,5,F,INDEX,,F,T,0,0
7/8/2026,12:30:28 PM,SPXW,ML/,166,13.2,,CALL,7525,0,219119,7/13/2026,WHITE,0,5,F,INDEX,,F,T,0,0
7/8/2026,10:36:14 AM,SPXW,BLOCK,50,7.7,,CALL,7530,0,38500,7/10/2026,WHITE,0,2,F,INDEX,,F,T,0,0
7/8/2026,3:05:50 PM,SPXW,ML/,85,9.1989,,CALL,7530,0,78191,7/10/2026,WHITE,0,2,F,INDEX,,F,T,0,0
7/8/2026,11:23:17 AM,SPXW,BLOCK,100,1,,PUT,5400,0,10000,7/24/2026,WHITE,0,16,F,INDEX,,F,T,0,0
7/8/2026,11:34:01 AM,VIX,ML/,4000,0.27,,CALL,30,0,108000,7/22/2026,WHITE,0,14,F,INDEX,,F,T,0,0
7/8/2026,11:35:30 AM,VIX,ML/,2000,0.27,,CALL,30,0,54000,7/22/2026,WHITE,0,14,F,INDEX,,F,T,0,0
7/8/2026,12:11:06 PM,SPXW,ML/,60,7.4,,CALL,7495,0,44400,7/9/2026,WHITE,0,1,F,INDEX,,F,T,0,0
7/8/2026,2:05:03 PM,SPXW,BLOCK,100,7.6,,PUT,7420,0,75999,7/9/2026,WHITE,0,1,F,INDEX,,F,T,0,0
7/8/2026,2:09:18 PM,SPXW,ML/,100,7.826,,PUT,7420,0,78260,7/9/2026,WHITE,0,1,F,INDEX,,F,T,0,0
7/8/2026,3:14:45 PM,SPXW,ML/,153,7.4919,,PUT,7420,0,114626,7/9/2026,WHITE,0,1,F,INDEX,,F,T,0,0
7/8/2026,3:28:02 PM,SPXW,BLOCK,150,6.8,,PUT,7420,0,102000,7/9/2026,WHITE,0,1,F,INDEX,,F,T,0,0
7/8/2026,3:32:01 PM,SPXW,BLOCK,150,6.68,,PUT,7420,0,100200,7/9/2026,WHITE,0,1,F,INDEX,,F,T,0,0
7/8/2026,3:36:26 PM,SPXW,BLOCK,200,6.503,,PUT,7420,0,130059,7/9/2026,WHITE,0,1,F,INDEX,,F,T,0,0
7/8/2026,4:55:54 PM,SPXW,BLOCK,60,9.65,,PUT,7420,0,57900,7/9/2026,WHITE,0,1,F,INDEX,,F,T,0,0
7/8/2026,3:45:56 PM,XSP,BLOCK,100,1.02,,PUT,744,0,10200,7/9/2026,WHITE,0,1,F,INDEX,,F,T,0,0
7/8/2026,11:46:06 AM,SPXW,ML/,65,6.0446,,CALL,7520,0,39290,7/10/2026,WHITE,0,2,F,INDEX,,F,T,0,0
7/8/2026,2:59:05 PM,SPX,ML/,50,230.53,,CALL,8025,0,1152650,3/19/2027,WHITE,0,254,F,INDEX,,F,F,0,0
7/8/2026,2:59:05 PM,SPX,ML/,50,240.93,,CALL,8000,0,1204650,3/19/2027,WHITE,0,254,F,INDEX,,F,F,0,0
7/8/2026,11:36:54 AM,VIX,ML/,70,2.74,,PUT,20,0,19180,8/19/2026,WHITE,0,42,F,INDEX,,F,T,0,0
7/8/2026,2:46:37 PM,VIX,ML/,131,2.9,,PUT,20,0,37990,8/19/2026,WHITE,0,42,F,INDEX,,F,T,0,0
7/8/2026,3:04:42 PM,VIX,ML/,81,2.9,,PUT,20,0,23490,8/19/2026,WHITE,0,42,F,INDEX,,F,T,0,0
7/8/2026,3:10:34 PM,VIX,ML/,90,2.89,,PUT,20,0,26010,8/19/2026,WHITE,0,42,F,INDEX,,F,T,0,0
7/8/2026,3:30:10 PM,VIX,ML/,360,2.88,,PUT,20,0,103680,8/19/2026,WHITE,0,42,F,INDEX,,F,T,0,0
7/8/2026,3:48:47 PM,VIX,ML/,360,2.82,,PUT,20,0,101520,8/19/2026,WHITE,0,42,F,INDEX,,F,T,0,0
7/8/2026,4:00:35 PM,VIX,ML/,450,2.86,,PUT,20,0,128700,8/19/2026,WHITE,0,42,F,INDEX,,F,T,0,0
7/8/2026,4:11:31 PM,VIX,ML/,450,2.85,,PUT,20,0,128250,8/19/2026,WHITE,0,42,F,INDEX,,F,T,0,0
7/8/2026,12:39:44 PM,XSP,ML/,101,1.1321,,CALL,751,0,11433,7/10/2026,WHITE,0,2,F,INDEX,,F,T,0,0
7/8/2026,12:14:03 PM,VIX,ML/,800,0.19,,CALL,35,0,15200,7/22/2026,WHITE,0,14,F,INDEX,,F,T,0,0
7/8/2026,12:17:38 PM,VIX,ML/,1000,0.19,,CALL,35,0,19000,7/22/2026,WHITE,0,14,F,INDEX,,F,T,0,0
7/8/2026,12:17:44 PM,VIX,ML/,600,0.19,,CALL,35,0,11400,7/22/2026,WHITE,0,14,F,INDEX,,F,T,0,0
7/8/2026,9:39:52 AM,SPXW,ML/,50,31.3504,,PUT,7475,0,156752,7/9/2026,WHITE,0,1,F,INDEX,,F,T,0,0
7/8/2026,9:44:23 AM,SPXW,BLOCK,55,31,,PUT,7475,0,170500,7/9/2026,WHITE,0,1,F,INDEX,,F,T,0,0
7/8/2026,9:50:37 AM,SPXW,BLOCK,55,35,,PUT,7475,0,192500,7/9/2026,WHITE,0,1,F,INDEX,,F,T,0,0
7/8/2026,10:25:37 AM,SPXW,ML/,495,31.8,,PUT,7475,0,1574100,7/9/2026,WHITE,0,1,F,INDEX,,F,T,0,0
7/8/2026,10:28:30 AM,SPXW,ML/,500,34.15,,PUT,7475,0,1707500,7/9/2026,WHITE,0,1,F,INDEX,,F,T,0,0
7/8/2026,10:29:52 AM,SPXW,ML/,495,34.59,,PUT,7475,0,1712205,7/9/2026,WHITE,0,1,F,INDEX,,F,T,0,0
7/8/2026,10:35:03 AM,SPXW,ML/,495,37.7,,PUT,7475,0,1866150,7/9/2026,WHITE,0,1,F,INDEX,,F,T,0,0
7/8/2026,10:37:19 AM,SPXW,ML/,500,40.88,,PUT,7475,0,2044000,7/9/2026,WHITE,0,1,F,INDEX,,F,T,0,0
7/8/2026,10:40:52 AM,SPXW,ML/,198,39.92,,PUT,7475,0,790416,7/9/2026,WHITE,0,1,F,INDEX,,F,T,0,0
7/8/2026,10:41:15 AM,SPXW,ML/,297,40.86,,PUT,7475,0,1213542,7/9/2026,WHITE,0,1,F,INDEX,,F,T,0,0
7/8/2026,10:49:01 AM,SPXW,ML/,442,43.78,,PUT,7475,0,1935076,7/9/2026,WHITE,0,1,F,INDEX,,F,T,0,0
7/8/2026,10:55:58 AM,SPXW,BLOCK,87,40.9989,,PUT,7475,0,356690,7/9/2026,WHITE,0,1,F,INDEX,,F,T,0,0
7/8/2026,10:56:01 AM,SPXW,BLOCK,113,41,,PUT,7475,0,463300,7/9/2026,WHITE,0,1,F,INDEX,,F,T,0,0
7/8/2026,11:00:31 AM,SPXW,ML/,250,45.55,,PUT,7475,0,1138750,7/9/2026,WHITE,0,1,F,INDEX,,F,T,0,0
7/8/2026,11:04:48 AM,SPXW,ML/,250,45.8857,,PUT,7475,0,1147143,7/9/2026,WHITE,0,1,F,INDEX,,F,T,0,0
7/8/2026,11:05:47 AM,SPXW,ML/,200,44.6,,PUT,7475,0,892000,7/9/2026,WHITE,0,1,F,INDEX,,F,T,0,0
7/8/2026,1:19:21 PM,SPXW,SWEEP,200,23.6385,A,PUT,7475,0,472770,7/9/2026,WHITE,0,1,F,INDEX,,F,T,0,0
7/8/2026,1:53:30 PM,SPXW,ML/,500,24.5697,,PUT,7475,0,1228484,7/9/2026,WHITE,0,1,F,INDEX,,F,T,0,0
7/8/2026,4:03:32 PM,SPXW,ML/,70,21.5186,,PUT,7475,0,150630,7/9/2026,WHITE,0,1,F,INDEX,,F,T,0,0
7/8/2026,10:49:15 AM,VIX,BLOCK,100,2.7,,CALL,16,0,27000,7/22/2026,WHITE,0,14,F,INDEX,,F,T,0,0
7/8/2026,1:45:05 PM,VIX,BLOCK,212,4.72,,CALL,14,0,100063,8/19/2026,WHITE,0,42,F,INDEX,,F,T,0,0
7/8/2026,1:50:46 PM,VIX,BLOCK,166,4.75,,CALL,14,0,78850,8/19/2026,WHITE,0,42,F,INDEX,,F,T,0,0
7/8/2026,9:53:37 AM,VIX,BLOCK,200,1.75,,CALL,20,0,35000,8/19/2026,WHITE,0,42,F,INDEX,,F,T,0,0
7/8/2026,9:54:49 AM,VIX,BLOCK,100,1.74,,CALL,20,0,17400,8/19/2026,WHITE,0,42,F,INDEX,,F,T,0,0
7/8/2026,10:25:06 AM,VIX,BLOCK,100,1.8,,CALL,20,0,18000,8/19/2026,WHITE,0,42,F,INDEX,,F,T,0,0
7/8/2026,10:35:54 AM,VIX,BLOCK,100,1.86,,CALL,20,0,18600,8/19/2026,WHITE,0,42,F,INDEX,,F,T,0,0
7/8/2026,10:52:18 AM,VIX,BLOCK,200,1.92,,CALL,20,0,38400,8/19/2026,WHITE,0,42,F,INDEX,,F,T,0,0
7/8/2026,12:11:05 PM,VIX,ML/,140,1.94,,CALL,20,0,27159,8/19/2026,WHITE,0,42,F,INDEX,,F,T,0,0
7/8/2026,12:16:21 PM,VIX,ML/,140,1.93,,CALL,20,0,27020,8/19/2026,WHITE,0,42,F,INDEX,,F,T,0,0
7/8/2026,12:18:59 PM,VIX,ML/,143,1.91,,CALL,20,0,27313,8/19/2026,WHITE,0,42,F,INDEX,,F,T,0,0
7/8/2026,12:28:38 PM,VIX,ML/,70,1.87,,CALL,20,0,13090,8/19/2026,WHITE,0,42,F,INDEX,,F,T,0,0
7/8/2026,12:30:56 PM,VIX,ML/,70,1.86,,CALL,20,0,13020,8/19/2026,WHITE,0,42,F,INDEX,,F,T,0,0
7/8/2026,2:02:07 PM,VIX,ML/,65,1.7,,CALL,20,0,11050,8/19/2026,WHITE,0,42,F,INDEX,,F,T,0,0
7/8/2026,2:08:06 PM,VIX,ML/,100,1.69,,CALL,20,0,16900,8/19/2026,WHITE,0,42,F,INDEX,,F,T,0,0
7/8/2026,2:09:29 PM,VIX,ML/,300,1.7,,CALL,20,0,51000,8/19/2026,WHITE,0,42,F,INDEX,,F,T,0,0
7/8/2026,2:48:56 PM,VIX,ML/,1600,1.73,,CALL,20,0,276800,8/19/2026,WHITE,0,42,F,INDEX,,F,T,0,0
7/8/2026,3:04:42 PM,VIX,ML/,81,1.71,,CALL,20,0,13851,8/19/2026,WHITE,0,42,F,INDEX,,F,T,0,0
7/8/2026,3:10:34 PM,VIX,ML/,90,1.72,,CALL,20,0,15480,8/19/2026,WHITE,0,42,F,INDEX,,F,T,0,0
7/8/2026,3:30:10 PM,VIX,ML/,360,1.73,,CALL,20,0,62279,8/19/2026,WHITE,0,42,F,INDEX,,F,T,0,0
7/8/2026,3:32:15 PM,VIX,BLOCK,102,1.73,,CALL,20,0,17646,8/19/2026,WHITE,0,42,F,INDEX,,F,T,0,0
7/8/2026,3:48:47 PM,VIX,ML/,360,1.77,,CALL,20,0,63720,8/19/2026,WHITE,0,42,F,INDEX,,F,T,0,0
7/8/2026,4:00:35 PM,VIX,ML/,450,1.74,,CALL,20,0,78300,8/19/2026,WHITE,0,42,F,INDEX,,F,T,0,0
7/8/2026,4:11:31 PM,VIX,ML/,450,1.76,,CALL,20,0,79200,8/19/2026,WHITE,0,42,F,INDEX,,F,T,0,0
7/8/2026,9:35:07 AM,SPXW,ML/,53,68.48,,PUT,7520,0,362944,7/10/2026,WHITE,0,2,F,INDEX,,F,T,0,0
7/8/2026,3:11:44 PM,NDXP,ML/,50,3.43,,PUT,29030,0,17150,7/8/2026,WHITE,0,0,F,INDEX,,F,T,0,0
7/8/2026,9:40:51 AM,NDXP,ML/,50,37.37,,PUT,28780,0,186849,7/8/2026,WHITE,0,0,F,INDEX,,F,T,0,0
7/8/2026,9:40:51 AM,NDXP,ML/,50,38.8,,PUT,28790,0,193999,7/8/2026,WHITE,0,0,F,INDEX,,F,T,0,0
7/8/2026,9:40:51 AM,NDXP,ML/,50,24.1,,CALL,29470,0,120500,7/8/2026,WHITE,0,0,F,INDEX,,F,T,0,0
7/8/2026,10:43:34 AM,NDXP,ML/,133,65.682,,PUT,28880,0,873571,7/8/2026,WHITE,0,0,F,INDEX,,F,T,0,0
7/8/2026,12:21:18 PM,NDXP,ML/,90,30.683,,PUT,28880,0,276147,7/8/2026,WHITE,0,0,F,INDEX,,F,T,0,0
7/8/2026,12:21:21 PM,NDXP,ML/,91,30.4159,,PUT,28880,0,276785,7/8/2026,WHITE,0,0,F,INDEX,,F,T,0,0
7/8/2026,11:17:18 AM,SPXW,ML/,80,2.45,,PUT,7280,0,19600,7/9/2026,WHITE,0,1,F,INDEX,,F,T,0,0
7/8/2026,9:57:29 AM,SPXW,ML/,101,25.1605,,CALL,7490,0,254121,7/10/2026,WHITE,0,2,F,INDEX,,F,T,0,0
7/8/2026,11:38:25 AM,SPXW,ML/,100,12.83,,CALL,7490,0,128300,7/10/2026,WHITE,0,2,F,INDEX,,F,T,0,0
7/8/2026,12:27:58 PM,SPXW,ML/,69,18.4,,CALL,7490,0,126959,7/10/2026,WHITE,0,2,F,INDEX,,F,T,0,0
7/8/2026,3:54:01 PM,SPXW,ML/,90,26.45,,CALL,7490,0,238050,7/10/2026,WHITE,0,2,F,INDEX,,F,T,0,0
7/8/2026,9:47:28 AM,SPXW,ML/,2000,13.34,,PUT,7390,0,2668000,7/10/2026,WHITE,0,2,F,INDEX,,F,T,0,0
7/8/2026,2:21:42 PM,SPXW,ML/,55,9.51,,PUT,7390,0,52304,7/10/2026,WHITE,0,2,F,INDEX,,F,T,0,0
7/8/2026,9:35:37 AM,SPXW,ML/,50,35.8,,PUT,7460,0,178999,7/10/2026,WHITE,0,2,F,INDEX,,F,T,0,0
7/8/2026,10:43:23 AM,SPXW,ML/,50,41.45,,PUT,7460,0,207250,7/10/2026,WHITE,0,2,F,INDEX,,F,T,0,0
7/8/2026,11:37:28 AM,SPXW,ML/,81,46.24,,PUT,7460,0,374544,7/10/2026,WHITE,0,2,F,INDEX,,F,T,0,0
7/8/2026,2:13:31 PM,SPXW,ML/,50,23.52,,PUT,7460,0,117600,7/10/2026,WHITE,0,2,F,INDEX,,F,T,0,0
7/8/2026,11:37:28 AM,SPXW,ML/,81,34.97,,PUT,7435,0,283257,7/10/2026,WHITE,0,2,F,INDEX,,F,T,0,0
7/8/2026,9:30:16 AM,SPXW,ML/,201,0.85,,PUT,7200,0,17085,7/9/2026,WHITE,0,1,F,INDEX,,F,T,0,0
7/8/2026,10:15:14 AM,SPXW,ML/,345,0.62,,PUT,7200,0,21389,7/9/2026,WHITE,0,1,F,INDEX,,F,T,0,0
7/8/2026,10:43:24 AM,SPXW,ML/,447,0.58,,PUT,7200,0,25926,7/9/2026,WHITE,0,1,F,INDEX,,F,T,0,0
7/8/2026,10:43:38 AM,SPXW,ML/,660,0.58,,PUT,7200,0,38279,7/9/2026,WHITE,0,1,F,INDEX,,F,T,0,0
7/8/2026,9:31:09 AM,SPXW,ML/,427,0.36,,PUT,7100,0,15372,7/9/2026,WHITE,0,1,F,INDEX,,F,T,0,0
7/8/2026,10:15:14 AM,SPXW,ML/,345,0.32,,PUT,7100,0,11040,7/9/2026,WHITE,0,1,F,INDEX,,F,T,0,0
7/8/2026,10:43:24 AM,SPXW,ML/,447,0.33,,PUT,7100,0,14751,7/9/2026,WHITE,0,1,F,INDEX,,F,T,0,0
7/8/2026,10:43:38 AM,SPXW,ML/,660,0.33,,PUT,7100,0,21780,7/9/2026,WHITE,0,1,F,INDEX,,F,T,0,0
7/8/2026,10:39:49 AM,SPXW,ML/,241,83.32,,PUT,7400,0,2008012,7/31/2026,WHITE,0,23,F,INDEX,,F,T,0,0
7/8/2026,10:45:33 AM,XSP,ML/,60,5.03,,PUT,746,0,30180,7/13/2026,WHITE,0,5,F,INDEX,,F,T,0,0
7/8/2026,1:20:23 PM,RUTW,ML/,88,5.96,,PUT,2905,0,52448,7/10/2026,WHITE,0,2,F,INDEX,,F,T,0,0
7/8/2026,1:22:25 PM,RUTW,ML/,58,5.55,,PUT,2905,0,32190,7/10/2026,WHITE,0,2,F,INDEX,,F,T,0,0
7/8/2026,1:20:23 PM,RUTW,ML/,88,6.83,,PUT,2910,0,60104,7/10/2026,WHITE,0,2,F,INDEX,,F,T,0,0
7/8/2026,1:22:25 PM,RUTW,ML/,58,6.36,,PUT,2910,0,36888,7/10/2026,WHITE,0,2,F,INDEX,,F,T,0,0
7/8/2026,11:42:29 AM,RUT,ML/,160,110,,PUT,2950,0,1760000,9/18/2026,WHITE,0,72,F,INDEX,,F,F,0,0
7/8/2026,9:59:15 AM,RUTW,BLOCK,100,25,,CALL,2965,0,250000,7/10/2026,WHITE,0,2,F,INDEX,,F,T,0,0
7/8/2026,2:27:35 PM,RUTW,SWEEP,100,14,A,CALL,2965,0,140000,7/10/2026,WHITE,0,2,F,INDEX,,F,T,0,0
7/8/2026,11:20:56 AM,SPXW,ML/,150,25.3,,CALL,7650,0,379500,7/31/2026,WHITE,0,23,F,INDEX,,F,T,0,0
7/8/2026,3:13:47 PM,SPXW,BLOCK,150,30.2,,CALL,7650,0,453000,7/31/2026,WHITE,0,23,F,INDEX,,F,T,0,0
7/8/2026,3:57:57 PM,SPXW,ML/,186,31.83,,CALL,7650,0,592037,7/31/2026,WHITE,0,23,F,INDEX,,F,T,0,0
7/8/2026,4:06:54 PM,SPXW,ML/,5000,30.2,,CALL,7650,0,15100000,7/31/2026,WHITE,0,23,F,INDEX,,F,T,0,0
7/8/2026,3:22:06 PM,SPXW,ML/,80,3.27,,PUT,7385,0,26160,7/9/2026,WHITE,0,1,F,INDEX,,F,T,0,0
7/8/2026,3:50:16 PM,SPXW,ML/,50,2.9,,PUT,7385,0,14500,7/9/2026,WHITE,0,1,F,INDEX,,F,T,0,0
7/8/2026,3:52:09 PM,SPXW,ML/,100,2.81,,PUT,7385,0,28100,7/9/2026,WHITE,0,1,F,INDEX,,F,T,0,0
7/8/2026,11:52:23 AM,SPXW,ML/,75,27.14,,PUT,7370,0,203550,7/13/2026,WHITE,0,5,F,INDEX,,F,T,0,0
7/8/2026,9:35:37 AM,SPXW,ML/,50,25.7,,PUT,7430,0,128500,7/10/2026,WHITE,0,2,F,INDEX,,F,T,0,0
7/8/2026,12:56:56 PM,SPXW,BLOCK,191,2.85,,CALL,7590,0,54435,7/13/2026,WHITE,0,5,F,INDEX,,F,T,0,0
7/8/2026,12:05:15 PM,SPXW,BLOCK,50,28.086,,CALL,7440,0,140430,7/9/2026,WHITE,0,1,F,INDEX,,F,T,0,0
7/8/2026,12:06:01 PM,SPXW,BLOCK,51,28.9275,,CALL,7440,0,147530,7/9/2026,WHITE,0,1,F,INDEX,,F,T,0,0
7/8/2026,12:11:12 PM,SPXW,BLOCK,50,32,,CALL,7440,0,160000,7/9/2026,WHITE,0,1,F,INDEX,,F,T,0,0
7/8/2026,12:11:14 PM,SPXW,BLOCK,53,32.2811,,CALL,7440,0,171090,7/9/2026,WHITE,0,1,F,INDEX,,F,T,0,0
7/8/2026,12:18:13 PM,SPXW,SWEEP,50,33.888,A,CALL,7440,0,169440,7/9/2026,WHITE,0,1,F,INDEX,,F,T,0,0
7/8/2026,12:22:01 PM,SPXW,BLOCK,50,36.26,,CALL,7440,0,181300,7/9/2026,WHITE,0,1,F,INDEX,,F,T,0,0
7/8/2026,12:28:51 PM,SPXW,BLOCK,50,37.666,,CALL,7440,0,188330,7/9/2026,WHITE,0,1,F,INDEX,,F,T,0,0
7/8/2026,12:29:05 PM,SPXW,BLOCK,50,37.37,,CALL,7440,0,186850,7/9/2026,WHITE,0,1,F,INDEX,,F,T,0,0
7/8/2026,12:31:37 PM,SPXW,BLOCK,100,39.728,,CALL,7440,0,397280,7/9/2026,WHITE,0,1,F,INDEX,,F,T,0,0
7/8/2026,9:35:42 AM,SPXW,ML/,1146,0.094,,PUT,7135,0,10776,7/8/2026,WHITE,0,0,F,INDEX,,F,T,0,0
7/8/2026,9:37:33 AM,SPX,ML/,200,40.3,,PUT,7400,0,805999,7/17/2026,WHITE,0,9,F,INDEX,,F,F,0,0
7/8/2026,9:54:08 AM,SPX,ML/,54,38.73,,PUT,7400,0,209142,7/17/2026,WHITE,0,9,F,INDEX,,F,F,0,0
7/8/2026,9:54:19 AM,SPX,ML/,346,38.34,,PUT,7400,0,1326564,7/17/2026,WHITE,0,9,F,INDEX,,F,F,0,0
7/8/2026,9:56:06 AM,SPX,BLOCK,100,40.245,,PUT,7400,0,402450,7/17/2026,WHITE,0,9,F,INDEX,,F,F,0,0
7/8/2026,10:44:18 AM,SPX,ML/,70,44.0916,,PUT,7400,0,308641,7/17/2026,WHITE,0,9,F,INDEX,,F,F,0,0
7/8/2026,10:45:08 AM,SPX,ML/,52,45.37,,PUT,7400,0,235923,7/17/2026,WHITE,0,9,F,INDEX,,F,F,0,0
7/8/2026,10:46:04 AM,SPX,ML/,200,44.1,,PUT,7400,0,882000,7/17/2026,WHITE,0,9,F,INDEX,,F,F,0,0
7/8/2026,12:06:09 PM,SPX,ML/,50,48,,PUT,7400,0,240000,7/17/2026,WHITE,0,9,F,INDEX,,F,F,0,0
7/8/2026,12:30:54 PM,SPX,ML/,81,38.68,,PUT,7400,0,313308,7/17/2026,WHITE,0,9,F,INDEX,,F,F,0,0
7/8/2026,12:30:57 PM,SPX,ML/,73,38.5896,,PUT,7400,0,281704,7/17/2026,WHITE,0,9,F,INDEX,,F,F,0,0
7/8/2026,12:31:00 PM,SPX,ML/,146,38.5251,,PUT,7400,0,562466,7/17/2026,WHITE,0,9,F,INDEX,,F,F,0,0
7/8/2026,12:47:17 PM,SPX,ML/,300,36.2,,PUT,7400,0,1086000,7/17/2026,WHITE,0,9,F,INDEX,,F,F,0,0
7/8/2026,1:35:55 PM,SPX,ML/,100,30.2,,PUT,7400,0,302000,7/17/2026,WHITE,0,9,F,INDEX,,F,F,0,0
7/8/2026,3:46:51 PM,SPX,ML/,300,31.2,,PUT,7400,0,936000,7/17/2026,WHITE,0,9,F,INDEX,,F,F,0,0
7/8/2026,4:07:26 PM,SPX,ML/,240,31.44,,PUT,7400,0,754560,7/17/2026,WHITE,0,9,F,INDEX,,F,F,0,0
7/8/2026,4:07:43 PM,SPX,ML/,73,31.6,,PUT,7400,0,230680,7/17/2026,WHITE,0,9,F,INDEX,,F,F,0,0
7/8/2026,4:08:18 PM,SPX,ML/,111,32.0193,,PUT,7400,0,355414,7/17/2026,WHITE,0,9,F,INDEX,,F,F,0,0
7/8/2026,4:09:58 PM,SPX,ML/,250,31.56,,PUT,7400,0,789000,7/17/2026,WHITE,0,9,F,INDEX,,F,F,0,0
7/8/2026,4:27:27 PM,SPX,BLOCK,150,35.0767,,PUT,7400,0,526150,7/17/2026,WHITE,0,9,F,INDEX,,F,F,0,0
7/8/2026,4:37:36 PM,SPX,BLOCK,150,38.372,,PUT,7400,0,575580,7/17/2026,WHITE,0,9,F,INDEX,,F,F,0,0
7/8/2026,4:37:48 PM,SPX,BLOCK,100,38.782,,PUT,7400,0,387820,7/17/2026,WHITE,0,9,F,INDEX,,F,F,0,0
7/8/2026,10:54:15 AM,SPX,BLOCK,50,64.5,,CALL,7650,0,322500,8/21/2026,WHITE,0,44,F,INDEX,,F,F,0,0
7/8/2026,10:55:25 AM,SPX,ML/,350,65.21,,CALL,7650,0,2282349,8/21/2026,WHITE,0,44,F,INDEX,,F,F,0,0
7/8/2026,10:58:58 AM,SPX,ML/,750,63.77,,CALL,7650,0,4782750,8/21/2026,WHITE,0,44,F,INDEX,,F,F,0,0
7/8/2026,2:43:34 PM,SPX,ML/,100,68.52,,CALL,7650,0,685200,8/21/2026,WHITE,0,44,F,INDEX,,F,F,0,0
7/8/2026,9:36:19 AM,SPXW,ML/,400,0.26,,PUT,7305,0,10400,7/8/2026,WHITE,0,0,F,INDEX,,F,T,0,0
7/8/2026,12:16:25 PM,SPXW,ML/,80,13.1212,,CALL,7550,0,104970,7/15/2026,WHITE,0,7,F,INDEX,,F,T,0,0
7/8/2026,12:16:29 PM,SPXW,ML/,73,13.0667,,CALL,7550,0,95387,7/15/2026,WHITE,0,7,F,INDEX,,F,T,0,0
7/8/2026,12:16:36 PM,SPXW,ML/,63,13.01,,CALL,7550,0,81963,7/15/2026,WHITE,0,7,F,INDEX,,F,T,0,0
7/8/2026,12:16:40 PM,SPXW,ML/,71,13.03,,CALL,7550,0,92513,7/15/2026,WHITE,0,7,F,INDEX,,F,T,0,0
7/8/2026,12:16:45 PM,SPXW,ML/,104,13.0446,,CALL,7550,0,135664,7/15/2026,WHITE,0,7,F,INDEX,,F,T,0,0
7/8/2026,12:16:49 PM,SPXW,ML/,58,13.17,,CALL,7550,0,76386,7/15/2026,WHITE,0,7,F,INDEX,,F,T,0,0
7/8/2026,3:26:06 PM,SPXW,ML/,88,17.77,,CALL,7550,0,156376,7/15/2026,WHITE,0,7,F,INDEX,,F,T,0,0
7/8/2026,11:10:34 AM,SPXW,ML/,200,21.3885,,PUT,7395,0,427770,7/10/2026,WHITE,0,2,F,INDEX,,F,T,0,0
7/8/2026,10:43:34 AM,NDXP,ML/,133,1.9,,CALL,29560,0,25270,7/8/2026,WHITE,0,0,F,INDEX,,F,T,0,0
7/8/2026,12:21:18 PM,NDXP,ML/,89,1.7726,,CALL,29560,0,15776,7/8/2026,WHITE,0,0,F,INDEX,,F,T,0,0
7/8/2026,12:21:21 PM,NDXP,ML/,91,1.8238,,CALL,29560,0,16597,7/8/2026,WHITE,0,0,F,INDEX,,F,T,0,0
7/8/2026,9:33:15 AM,SPXW,BLOCK,100,4.8,,PUT,4500,0,48000,9/30/2026,WHITE,0,84,F,INDEX,,F,T,0,0
7/8/2026,10:17:32 AM,SPXW,BLOCK,63,2.65,,PUT,7000,0,16695,7/15/2026,WHITE,0,7,F,INDEX,,F,T,0,0
7/8/2026,10:17:33 AM,SPXW,BLOCK,96,2.7,,PUT,7000,0,25920,7/15/2026,WHITE,0,7,F,INDEX,,F,T,0,0
7/8/2026,10:17:35 AM,SPXW,BLOCK,127,2.7,,PUT,7000,0,34290,7/15/2026,WHITE,0,7,F,INDEX,,F,T,0,0
7/8/2026,10:17:37 AM,SPXW,BLOCK,57,2.7,,PUT,7000,0,15390,7/15/2026,WHITE,0,7,F,INDEX,,F,T,0,0
7/8/2026,10:17:47 AM,SPXW,BLOCK,94,2.7,,PUT,7000,0,25380,7/15/2026,WHITE,0,7,F,INDEX,,F,T,0,0
7/8/2026,11:02:59 AM,SPXW,BLOCK,144,3.1097,,PUT,7000,0,44780,7/15/2026,WHITE,0,7,F,INDEX,,F,T,0,0
7/8/2026,11:03:01 AM,SPXW,BLOCK,160,3.1,,PUT,7000,0,49600,7/15/2026,WHITE,0,7,F,INDEX,,F,T,0,0
7/8/2026,11:03:03 AM,SPXW,BLOCK,196,3.1,,PUT,7000,0,60760,7/15/2026,WHITE,0,7,F,INDEX,,F,T,0,0
7/8/2026,11:20:00 AM,SPXW,BLOCK,58,3.2,,PUT,7000,0,18560,7/15/2026,WHITE,0,7,F,INDEX,,F,T,0,0
7/8/2026,11:20:02 AM,SPXW,BLOCK,55,3.2,,PUT,7000,0,17600,7/15/2026,WHITE,0,7,F,INDEX,,F,T,0,0
7/8/2026,1:58:35 PM,SPXW,ML/,80,1.87,,PUT,7000,0,14960,7/15/2026,WHITE,0,7,F,INDEX,,F,T,0,0
7/8/2026,2:57:13 PM,SPXW,ML/,500,7.69,,PUT,7250,0,384500,7/15/2026,WHITE,0,7,F,INDEX,,F,T,0,0
7/8/2026,2:24:16 PM,SPXW,BLOCK,300,0.45,,PUT,7100,0,13500,7/10/2026,WHITE,0,2,F,INDEX,,F,T,0,0
7/8/2026,10:36:23 AM,SPXW,ML/,50,2.21,,PUT,7300,0,11050,7/9/2026,WHITE,0,1,F,INDEX,,F,T,0,0
7/8/2026,10:50:26 AM,SPXW,ML/,259,2.9939,,PUT,7300,0,77541,7/9/2026,WHITE,0,1,F,INDEX,,F,T,0,0
7/8/2026,10:50:28 AM,SPXW,ML/,91,3,,PUT,7300,0,27300,7/9/2026,WHITE,0,1,F,INDEX,,F,T,0,0
7/8/2026,11:50:53 AM,SPXW,ML/,72,3.25,,PUT,7300,0,23400,7/9/2026,WHITE,0,1,F,INDEX,,F,T,0,0
7/8/2026,12:40:50 PM,SPXW,ML/,101,1.1396,,PUT,7300,0,11510,7/9/2026,WHITE,0,1,F,INDEX,,F,T,0,0
7/8/2026,12:40:54 PM,SPXW,ML/,234,1.15,,PUT,7300,0,26909,7/9/2026,WHITE,0,1,F,INDEX,,F,T,0,0
7/8/2026,2:18:47 PM,SPXW,ML/,2300,0.76,,PUT,7300,0,174800,7/9/2026,WHITE,0,1,F,INDEX,,F,T,0,0
7/8/2026,2:56:10 PM,SPXW,ML/,1043,0.62,,PUT,7300,0,64666,7/9/2026,WHITE,0,1,F,INDEX,,F,T,0,0
7/8/2026,10:15:21 AM,SPXW,ML/,50,2.15,,PUT,7290,0,10750,7/9/2026,WHITE,0,1,F,INDEX,,F,T,0,0
7/8/2026,11:39:44 AM,SPXW,ML/,132,2.5993,,PUT,7290,0,34311,7/9/2026,WHITE,0,1,F,INDEX,,F,T,0,0
7/8/2026,11:56:30 AM,SPXW,ML/,100,2.62,,PUT,7290,0,26200,7/9/2026,WHITE,0,1,F,INDEX,,F,T,0,0
7/8/2026,3:29:10 PM,SPXW,ML/,50,83.41,,CALL,7525,0,417050,7/31/2026,WHITE,0,23,F,INDEX,,F,T,0,0
7/8/2026,11:32:41 AM,SPX,ML/,750,9,,PUT,6000,0,675000,8/21/2026,WHITE,0,44,F,INDEX,,F,F,0,0
7/8/2026,12:45:42 PM,SPX,BLOCK,150,7.3,,PUT,6000,0,109500,8/21/2026,WHITE,0,44,F,INDEX,,F,F,0,0
7/8/2026,2:30:28 PM,SPX,ML/,75,6.8,,PUT,6000,0,51000,8/21/2026,WHITE,0,44,F,INDEX,,F,F,0,0
7/8/2026,3:08:28 PM,SPX,ML/,124,6.81,,PUT,6000,0,84444,8/21/2026,WHITE,0,44,F,INDEX,,F,F,0,0
7/8/2026,3:10:25 PM,SPX,ML/,82,6.85,,PUT,6000,0,56169,8/21/2026,WHITE,0,44,F,INDEX,,F,F,0,0
7/8/2026,3:11:39 PM,SPX,ML/,124,6.86,,PUT,6000,0,85064,8/21/2026,WHITE,0,44,F,INDEX,,F,F,0,0
7/8/2026,3:14:09 PM,SPX,ML/,104,6.96,,PUT,6000,0,72384,8/21/2026,WHITE,0,44,F,INDEX,,F,F,0,0
7/8/2026,9:32:17 AM,NDXP,ML/,101,8.4787,,PUT,28250,0,85635,7/8/2026,WHITE,0,0,F,INDEX,,F,T,0,0
7/8/2026,11:31:52 AM,SPX,ML/,250,12.78,,PUT,7150,0,319500,7/17/2026,WHITE,0,9,F,INDEX,,F,F,0,0
7/8/2026,12:30:54 PM,SPX,ML/,81,7.89,,PUT,7150,0,63908,7/17/2026,WHITE,0,9,F,INDEX,,F,F,0,0
7/8/2026,12:30:57 PM,SPX,ML/,73,7.8448,,PUT,7150,0,57266,7/17/2026,WHITE,0,9,F,INDEX,,F,F,0,0
7/8/2026,12:31:00 PM,SPX,ML/,146,7.7716,,PUT,7150,0,113465,7/17/2026,WHITE,0,9,F,INDEX,,F,F,0,0
7/8/2026,2:54:46 PM,SPX,ML/,150,5.595,,PUT,7150,0,83925,7/17/2026,WHITE,0,9,F,INDEX,,F,F,0,0
7/8/2026,3:00:38 PM,SPX,ML/,86,5.375,,PUT,7150,0,46225,7/17/2026,WHITE,0,9,F,INDEX,,F,F,0,0
7/8/2026,3:00:40 PM,SPX,ML/,98,5.375,,PUT,7150,0,52675,7/17/2026,WHITE,0,9,F,INDEX,,F,F,0,0
7/8/2026,3:00:41 PM,SPX,ML/,98,5.3,,PUT,7150,0,51940,7/17/2026,WHITE,0,9,F,INDEX,,F,F,0,0
7/8/2026,3:59:01 PM,SPXW,ML/,51,13.4941,,PUT,7465,0,68820,7/9/2026,WHITE,0,1,F,INDEX,,F,T,0,0
7/8/2026,10:22:24 AM,VIX,ML/,1000,1.46,,PUT,18.5,0,146000,7/22/2026,WHITE,0,14,F,INDEX,,F,T,0,0
7/8/2026,10:58:05 AM,VIX,ML/,3806,1.3,,PUT,18.5,0,494780,7/22/2026,WHITE,0,14,F,INDEX,,F,T,0,0
7/8/2026,11:07:01 AM,VIX,ML/,2750,1.29,,PUT,18.5,0,354750,7/22/2026,WHITE,0,14,F,INDEX,,F,T,0,0
7/8/2026,11:13:38 AM,VIX,ML/,2500,1.24,,PUT,18.5,0,310000,7/22/2026,WHITE,0,14,F,INDEX,,F,T,0,0
7/8/2026,11:14:37 AM,VIX,ML/,2500,1.24,,PUT,18.5,0,310000,7/22/2026,WHITE,0,14,F,INDEX,,F,T,0,0
7/8/2026,11:19:53 AM,VIX,ML/,2500,1.24,,PUT,18.5,0,310000,7/22/2026,WHITE,0,14,F,INDEX,,F,T,0,0
7/8/2026,11:20:58 AM,VIX,ML/,2500,1.24,,PUT,18.5,0,310000,7/22/2026,WHITE,0,14,F,INDEX,,F,T,0,0
7/8/2026,11:32:32 AM,VIX,ML/,2750,1.15,,PUT,18.5,0,316250,7/22/2026,WHITE,0,14,F,INDEX,,F,T,0,0
7/8/2026,10:52:00 AM,SPXW,BLOCK,50,2.35,,CALL,7560,0,11750,7/10/2026,WHITE,0,2,F,INDEX,,F,T,0,0
7/8/2026,10:52:03 AM,SPXW,BLOCK,50,2.301,,CALL,7560,0,11504,7/10/2026,WHITE,0,2,F,INDEX,,F,T,0,0
7/8/2026,10:52:27 AM,SPXW,BLOCK,50,2.35,,CALL,7560,0,11750,7/10/2026,WHITE,0,2,F,INDEX,,F,T,0,0
7/8/2026,10:52:30 AM,SPXW,ML/,51,2.3735,,CALL,7560,0,12105,7/10/2026,WHITE,0,2,F,INDEX,,F,T,0,0
7/8/2026,10:52:41 AM,SPXW,BLOCK,50,2.5,,CALL,7560,0,12500,7/10/2026,WHITE,0,2,F,INDEX,,F,T,0,0
7/8/2026,10:52:44 AM,SPXW,BLOCK,50,2.5,,CALL,7560,0,12500,7/10/2026,WHITE,0,2,F,INDEX,,F,T,0,0
7/8/2026,2:19:46 PM,SPXW,ML/,55,3.55,,CALL,7560,0,19525,7/10/2026,WHITE,0,2,F,INDEX,,F,T,0,0
7/8/2026,10:43:23 AM,VIX,BLOCK,100,2.25,,CALL,16.5,0,22500,7/22/2026,WHITE,0,14,F,INDEX,,F,T,0,0
7/8/2026,10:55:22 AM,VIX,BLOCK,85,2.28,,CALL,16.5,0,19380,7/22/2026,WHITE,0,14,F,INDEX,,F,T,0,0
7/8/2026,12:41:08 PM,VIX,BLOCK,79,2.05,,CALL,16.5,0,16194,7/22/2026,WHITE,0,14,F,INDEX,,F,T,0,0
7/8/2026,2:56:02 PM,VIX,ML/,80,1.86,,CALL,16.5,0,14880,7/22/2026,WHITE,0,14,F,INDEX,,F,T,0,0
7/8/2026,3:35:09 PM,VIX,BLOCK,100,1.9,,CALL,16.5,0,19000,7/22/2026,WHITE,0,14,F,INDEX,,F,T,0,0
7/8/2026,12:56:05 PM,XSP,ML/,50,6.18,,CALL,743,0,30900,7/10/2026,WHITE,0,2,F,INDEX,,F,T,0,0
7/8/2026,4:10:35 PM,XSP,ML/,60,2.94,,CALL,751,0,17640,7/14/2026,WHITE,0,6,F,INDEX,,F,T,0,0
7/8/2026,11:19:35 AM,SPXW,ML/,50,6.1,,PUT,7345,0,30500,7/9/2026,WHITE,0,1,F,INDEX,,F,T,0,0
7/8/2026,1:33:48 PM,SPXW,ML/,84,1.6296,,PUT,7345,0,13688,7/9/2026,WHITE,0,1,F,INDEX,,F,T,0,0
7/8/2026,1:39:39 PM,SPXW,ML/,60,1.72,,PUT,7345,0,10320,7/9/2026,WHITE,0,1,F,INDEX,,F,T,0,0
7/8/2026,10:25:37 AM,SPXW,ML/,495,65.03,,PUT,7500,0,3218985,7/14/2026,WHITE,0,6,F,INDEX,,F,T,0,0
7/8/2026,10:28:30 AM,SPXW,ML/,500,67.6,,PUT,7500,0,3380000,7/14/2026,WHITE,0,6,F,INDEX,,F,T,0,0
7/8/2026,10:29:52 AM,SPXW,ML/,495,67.88,,PUT,7500,0,3360060,7/14/2026,WHITE,0,6,F,INDEX,,F,T,0,0
7/8/2026,10:35:04 AM,SPXW,ML/,495,71.48,,PUT,7500,0,3538260,7/14/2026,WHITE,0,6,F,INDEX,,F,T,0,0
7/8/2026,10:37:19 AM,SPXW,ML/,500,74.76,,PUT,7500,0,3738000,7/14/2026,WHITE,0,6,F,INDEX,,F,T,0,0
7/8/2026,10:40:52 AM,SPXW,ML/,198,73.97,,PUT,7500,0,1464606,7/14/2026,WHITE,0,6,F,INDEX,,F,T,0,0
7/8/2026,10:41:15 AM,SPXW,ML/,297,74.93,,PUT,7500,0,2225421,7/14/2026,WHITE,0,6,F,INDEX,,F,T,0,0
7/8/2026,10:49:01 AM,SPXW,ML/,442,77.88,,PUT,7500,0,3442296,7/14/2026,WHITE,0,6,F,INDEX,,F,T,0,0
7/8/2026,2:18:47 PM,SPXW,ML/,2300,0.33,,PUT,7210,0,75900,7/9/2026,WHITE,0,1,F,INDEX,,F,T,0,0
7/8/2026,12:38:37 PM,SPXW,BLOCK,117,17,,CALL,7470,0,198900,7/9/2026,WHITE,0,1,F,INDEX,,F,T,0,0
7/8/2026,12:45:20 PM,SPXW,BLOCK,50,22.074,,CALL,7470,0,110370,7/9/2026,WHITE,0,1,F,INDEX,,F,T,0,0
7/8/2026,12:47:12 PM,SPXW,BLOCK,50,23.164,,CALL,7470,0,115820,7/9/2026,WHITE,0,1,F,INDEX,,F,T,0,0
7/8/2026,12:52:15 PM,SPXW,ML/,50,25,,CALL,7470,0,125000,7/9/2026,WHITE,0,1,F,INDEX,,F,T,0,0
7/8/2026,12:52:56 PM,SPXW,ML/,50,25.42,,CALL,7470,0,127100,7/9/2026,WHITE,0,1,F,INDEX,,F,T,0,0
7/8/2026,1:07:02 PM,SPXW,BLOCK,51,25.6627,,CALL,7470,0,130880,7/9/2026,WHITE,0,1,F,INDEX,,F,T,0,0
7/8/2026,1:25:54 PM,SPXW,ML/,50,30.26,,CALL,7470,0,151300,7/9/2026,WHITE,0,1,F,INDEX,,F,T,0,0
7/8/2026,1:49:28 PM,SPXW,BLOCK,52,25.3,,CALL,7470,0,131560,7/9/2026,WHITE,0,1,F,INDEX,,F,T,0,0
7/8/2026,1:52:34 PM,SPXW,ML/,50,27.1,,CALL,7470,0,135500,7/9/2026,WHITE,0,1,F,INDEX,,F,T,0,0
7/8/2026,3:33:17 PM,SPXW,ML/,51,25.4294,,CALL,7470,0,129690,7/9/2026,WHITE,0,1,F,INDEX,,F,T,0,0
7/8/2026,3:37:54 PM,SPXW,SWEEP,67,27.8254,A,CALL,7470,0,186430,7/9/2026,WHITE,0,1,F,INDEX,,F,T,0,0
7/8/2026,9:35:07 AM,SPXW,ML/,53,2,,PUT,7285,0,10600,7/9/2026,WHITE,0,1,F,INDEX,,F,T,0,0
7/8/2026,11:56:30 AM,SPXW,ML/,101,2.4198,,PUT,7285,0,24440,7/9/2026,WHITE,0,1,F,INDEX,,F,T,0,0
7/8/2026,1:27:59 PM,SPXW,BLOCK,259,0.7483,,PUT,7285,0,19380,7/9/2026,WHITE,0,1,F,INDEX,,F,T,0,0
7/8/2026,1:28:22 PM,SPXW,BLOCK,208,0.75,,PUT,7285,0,15600,7/9/2026,WHITE,0,1,F,INDEX,,F,T,0,0
7/8/2026,1:42:13 PM,XSP,ML/,50,5.56,,PUT,749,0,27800,7/15/2026,WHITE,0,7,F,INDEX,,F,T,0,0
7/8/2026,2:31:50 PM,NDXP,BLOCK,50,118.3,,CALL,29400,0,591499,7/10/2026,WHITE,0,2,F,INDEX,,F,T,0,0
7/8/2026,11:08:59 AM,SPXW,ML/,381,33.6127,,PUT,7455,0,1280643,7/9/2026,WHITE,0,1,F,INDEX,,F,T,0,0
7/8/2026,12:37:01 PM,SPXW,BLOCK,100,26.392,,PUT,7455,0,263920,7/9/2026,WHITE,0,1,F,INDEX,,F,T,0,0
7/8/2026,12:38:40 PM,SPXW,BLOCK,87,27.7,,PUT,7455,0,240990,7/9/2026,WHITE,0,1,F,INDEX,,F,T,0,0
7/8/2026,1:16:45 PM,SPXW,BLOCK,74,17.5,,PUT,7455,0,129500,7/9/2026,WHITE,0,1,F,INDEX,,F,T,0,0
7/8/2026,1:47:33 PM,SPXW,ML/,70,17.25,,PUT,7455,0,120750,7/9/2026,WHITE,0,1,F,INDEX,,F,T,0,0
7/8/2026,1:48:04 PM,SPXW,ML/,110,18.1955,,PUT,7455,0,200150,7/9/2026,WHITE,0,1,F,INDEX,,F,T,0,0
7/8/2026,9:30:30 AM,VIX,ML/,330,2.11,,CALL,22,0,69630,9/16/2026,WHITE,0,70,F,INDEX,,F,T,0,0
7/8/2026,9:32:02 AM,VIX,ML/,330,2.1,,CALL,22,0,69300,9/16/2026,WHITE,0,70,F,INDEX,,F,T,0,0
7/8/2026,9:32:59 AM,VIX,ML/,330,2.09,,CALL,22,0,68970,9/16/2026,WHITE,0,70,F,INDEX,,F,T,0,0
7/8/2026,9:38:19 AM,VIX,ML/,330,2.1,,CALL,22,0,69300,9/16/2026,WHITE,0,70,F,INDEX,,F,T,0,0
7/8/2026,9:40:10 AM,VIX,BLOCK,200,2.08,,CALL,22,0,41600,9/16/2026,WHITE,0,70,F,INDEX,,F,T,0,0
7/8/2026,9:41:54 AM,VIX,ML/,330,2.07,,CALL,22,0,68309,9/16/2026,WHITE,0,70,F,INDEX,,F,T,0,0
7/8/2026,9:46:10 AM,VIX,ML/,330,2.06,,CALL,22,0,67980,9/16/2026,WHITE,0,70,F,INDEX,,F,T,0,0
7/8/2026,9:58:37 AM,VIX,ML/,330,2.09,,CALL,22,0,68970,9/16/2026,WHITE,0,70,F,INDEX,,F,T,0,0
7/8/2026,10:01:12 AM,VIX,ML/,150,2.07,,CALL,22,0,31050,9/16/2026,WHITE,0,70,F,INDEX,,F,T,0,0
7/8/2026,10:08:25 AM,VIX,ML/,120,2.07,,CALL,22,0,24839,9/16/2026,WHITE,0,70,F,INDEX,,F,T,0,0
7/8/2026,10:23:05 AM,VIX,ML/,200,2.1,,CALL,22,0,42000,9/16/2026,WHITE,0,70,F,INDEX,,F,T,0,0
7/8/2026,10:31:43 AM,VIX,ML/,100,2.13,,CALL,22,0,21300,9/16/2026,WHITE,0,70,F,INDEX,,F,T,0,0
7/8/2026,10:34:31 AM,VIX,ML/,420,2.13,,CALL,22,0,89459,9/16/2026,WHITE,0,70,F,INDEX,,F,T,0,0
7/8/2026,11:30:26 AM,VIX,ML/,469,2.24,,CALL,22,0,105056,9/16/2026,WHITE,0,70,F,INDEX,,F,T,0,0
7/8/2026,11:30:35 AM,VIX,ML/,196,2.25,,CALL,22,0,44100,9/16/2026,WHITE,0,70,F,INDEX,,F,T,0,0
7/8/2026,11:30:40 AM,VIX,ML/,335,2.25,,CALL,22,0,75375,9/16/2026,WHITE,0,70,F,INDEX,,F,T,0,0
7/8/2026,12:30:56 PM,VIX,BLOCK,110,2.14,,CALL,22,0,23540,9/16/2026,WHITE,0,70,F,INDEX,,F,T,0,0
7/8/2026,12:46:22 PM,VIX,BLOCK,50,2.08,,CALL,22,0,10400,9/16/2026,WHITE,0,70,F,INDEX,,F,T,0,0
7/8/2026,12:46:47 PM,VIX,BLOCK,75,2.08,,CALL,22,0,15600,9/16/2026,WHITE,0,70,F,INDEX,,F,T,0,0
7/8/2026,12:52:56 PM,VIX,BLOCK,50,2.08,,CALL,22,0,10400,9/16/2026,WHITE,0,70,F,INDEX,,F,T,0,0
7/8/2026,1:04:19 PM,VIX,BLOCK,105,2.07,,CALL,22,0,21735,9/16/2026,WHITE,0,70,F,INDEX,,F,T,0,0
7/8/2026,1:06:28 PM,VIX,BLOCK,110,2.05,,CALL,22,0,22549,9/16/2026,WHITE,0,70,F,INDEX,,F,T,0,0
7/8/2026,2:07:02 PM,VIX,BLOCK,250,2.05,,CALL,22,0,51250,9/16/2026,WHITE,0,70,F,INDEX,,F,T,0,0
7/8/2026,2:08:29 PM,VIX,BLOCK,240,2.03,,CALL,22,0,48719,9/16/2026,WHITE,0,70,F,INDEX,,F,T,0,0
7/8/2026,2:59:23 PM,VIX,BLOCK,200,2.04,,CALL,22,0,40800,9/16/2026,WHITE,0,70,F,INDEX,,F,T,0,0
7/8/2026,3:20:02 PM,VIX,BLOCK,200,2.04,,CALL,22,0,40800,9/16/2026,WHITE,0,70,F,INDEX,,F,T,0,0
7/8/2026,9:30:30 AM,VIX,ML/,330,0.91,,CALL,35,0,30030,9/16/2026,WHITE,0,70,F,INDEX,,F,T,0,0
7/8/2026,9:32:02 AM,VIX,ML/,330,0.91,,CALL,35,0,30030,9/16/2026,WHITE,0,70,F,INDEX,,F,T,0,0
7/8/2026,9:32:59 AM,VIX,ML/,330,0.91,,CALL,35,0,30030,9/16/2026,WHITE,0,70,F,INDEX,,F,T,0,0
7/8/2026,9:38:19 AM,VIX,ML/,330,0.9,,CALL,35,0,29700,9/16/2026,WHITE,0,70,F,INDEX,,F,T,0,0
7/8/2026,9:41:54 AM,VIX,ML/,330,0.89,,CALL,35,0,29370,9/16/2026,WHITE,0,70,F,INDEX,,F,T,0,0
7/8/2026,9:46:10 AM,VIX,ML/,330,0.89,,CALL,35,0,29370,9/16/2026,WHITE,0,70,F,INDEX,,F,T,0,0
7/8/2026,9:58:37 AM,VIX,ML/,330,0.9,,CALL,35,0,29700,9/16/2026,WHITE,0,70,F,INDEX,,F,T,0,0
7/8/2026,10:01:12 AM,VIX,ML/,150,0.9,,CALL,35,0,13500,9/16/2026,WHITE,0,70,F,INDEX,,F,T,0,0
7/8/2026,10:08:25 AM,VIX,ML/,120,0.9,,CALL,35,0,10800,9/16/2026,WHITE,0,70,F,INDEX,,F,T,0,0
7/8/2026,10:23:05 AM,VIX,ML/,200,0.91,,CALL,35,0,18200,9/16/2026,WHITE,0,70,F,INDEX,,F,T,0,0
7/8/2026,10:34:31 AM,VIX,ML/,420,0.92,,CALL,35,0,38640,9/16/2026,WHITE,0,70,F,INDEX,,F,T,0,0
7/8/2026,1:46:28 PM,VIX,BLOCK,95,2.63,,CALL,17,0,24985,8/19/2026,WHITE,0,42,F,INDEX,,F,T,0,0
7/8/2026,9:30:31 AM,XSP,BLOCK,100,11.45,,CALL,755,0,114500,8/21/2026,WHITE,0,44,F,INDEX,,F,F,0,0
7/8/2026,1:43:09 PM,SPXW,BLOCK,100,20.513,,PUT,7470,0,205130,7/9/2026,WHITE,0,1,F,INDEX,,F,T,0,0
7/8/2026,1:45:17 PM,SPXW,BLOCK,100,21.8,,PUT,7470,0,218000,7/9/2026,WHITE,0,1,F,INDEX,,F,T,0,0
7/8/2026,1:46:00 PM,SPXW,BLOCK,100,22.982,,PUT,7470,0,229819,7/9/2026,WHITE,0,1,F,INDEX,,F,T,0,0
7/8/2026,1:48:26 PM,SPXW,BLOCK,86,24.3,,PUT,7470,0,208980,7/9/2026,WHITE,0,1,F,INDEX,,F,T,0,0
7/8/2026,1:49:42 PM,SPXW,BLOCK,100,24.7,,PUT,7470,0,247000,7/9/2026,WHITE,0,1,F,INDEX,,F,T,0,0
7/8/2026,1:51:57 PM,SPXW,BLOCK,97,22.5,,PUT,7470,0,218250,7/9/2026,WHITE,0,1,F,INDEX,,F,T,0,0
7/8/2026,1:55:08 PM,SPXW,BLOCK,100,24.376,,PUT,7470,0,243760,7/9/2026,WHITE,0,1,F,INDEX,,F,T,0,0
7/8/2026,1:55:57 PM,SPXW,BLOCK,50,25,,PUT,7470,0,125000,7/9/2026,WHITE,0,1,F,INDEX,,F,T,0,0
7/8/2026,1:56:41 PM,SPXW,BLOCK,54,26,,PUT,7470,0,140400,7/9/2026,WHITE,0,1,F,INDEX,,F,T,0,0
7/8/2026,2:14:01 PM,SPXW,BLOCK,88,19,,PUT,7470,0,167200,7/9/2026,WHITE,0,1,F,INDEX,,F,T,0,0
7/8/2026,2:17:13 PM,SPXW,BLOCK,82,21.7,,PUT,7470,0,177940,7/9/2026,WHITE,0,1,F,INDEX,,F,T,0,0
7/8/2026,2:17:16 PM,SPXW,BLOCK,118,21.7,,PUT,7470,0,256060,7/9/2026,WHITE,0,1,F,INDEX,,F,T,0,0
7/8/2026,2:37:12 PM,SPXW,BLOCK,100,20.855,,PUT,7470,0,208550,7/9/2026,WHITE,0,1,F,INDEX,,F,T,0,0
7/8/2026,2:38:11 PM,SPXW,ML/,487,20.3,,PUT,7470,0,988610,7/9/2026,WHITE,0,1,F,INDEX,,F,T,0,0
7/8/2026,2:42:34 PM,SPXW,BLOCK,120,22,,PUT,7470,0,264000,7/9/2026,WHITE,0,1,F,INDEX,,F,T,0,0
7/8/2026,2:43:53 PM,SPXW,BLOCK,96,21,,PUT,7470,0,201600,7/9/2026,WHITE,0,1,F,INDEX,,F,T,0,0
7/8/2026,3:16:47 PM,SPXW,BLOCK,135,20.9941,,PUT,7470,0,283420,7/9/2026,WHITE,0,1,F,INDEX,,F,T,0,0
7/8/2026,3:20:45 PM,SPXW,BLOCK,100,20.095,,PUT,7470,0,200950,7/9/2026,WHITE,0,1,F,INDEX,,F,T,0,0
7/8/2026,3:26:51 PM,SPXW,BLOCK,50,19.4,,PUT,7470,0,96999,7/9/2026,WHITE,0,1,F,INDEX,,F,T,0,0
7/8/2026,3:47:28 PM,SPXW,BLOCK,155,21,,PUT,7470,0,325500,7/9/2026,WHITE,0,1,F,INDEX,,F,T,0,0
7/8/2026,3:48:30 PM,SPXW,BLOCK,100,21.133,,PUT,7470,0,211330,7/9/2026,WHITE,0,1,F,INDEX,,F,T,0,0
7/8/2026,3:50:28 PM,SPXW,BLOCK,50,19.158,,PUT,7470,0,95790,7/9/2026,WHITE,0,1,F,INDEX,,F,T,0,0
7/8/2026,9:50:47 AM,SPXW,ML/,52,9.9,,PUT,7390,0,51480,7/9/2026,WHITE,0,1,F,INDEX,,F,T,0,0
7/8/2026,10:53:46 AM,SPXW,ML/,50,11.7,,PUT,7390,0,58500,7/9/2026,WHITE,0,1,F,INDEX,,F,T,0,0
7/8/2026,12:00:29 PM,SPXW,ML/,150,12.91,,PUT,7390,0,193650,7/9/2026,WHITE,0,1,F,INDEX,,F,T,0,0
7/8/2026,4:16:12 PM,SPXW,ML/,50,3.44,,PUT,7390,0,17200,7/9/2026,WHITE,0,1,F,INDEX,,F,T,0,0
7/8/2026,9:40:31 AM,VIX,BLOCK,5000,2.7,,PUT,20,0,1350001,10/21/2026,WHITE,0,105,F,INDEX,,F,T,0,0
7/8/2026,11:36:54 AM,VIX,ML/,70,2.68,,PUT,20,0,18760,10/21/2026,WHITE,0,105,F,INDEX,,F,T,0,0
7/8/2026,1:14:44 PM,VIX,ML/,800,2.75,,PUT,20,0,220000,10/21/2026,WHITE,0,105,F,INDEX,,F,T,0,0
7/8/2026,1:19:48 PM,VIX,ML/,800,2.75,,PUT,20,0,220000,10/21/2026,WHITE,0,105,F,INDEX,,F,T,0,0
7/8/2026,11:04:28 AM,RUTW,BLOCK,100,8.2,,PUT,2940,0,81999,7/8/2026,WHITE,0,0,F,INDEX,,F,T,0,0
7/8/2026,11:14:22 AM,RUTW,BLOCK,100,8.7,,PUT,2940,0,86999,7/8/2026,WHITE,0,0,F,INDEX,,F,T,0,0
7/8/2026,11:26:06 AM,SPXW,ML/,500,51.82,,PUT,7440,0,2591000,7/13/2026,WHITE,0,5,F,INDEX,,F,T,0,0
7/8/2026,11:31:11 AM,SPXW,ML/,81,53.38,,PUT,7440,0,432378,7/13/2026,WHITE,0,5,F,INDEX,,F,T,0,0
7/8/2026,11:31:13 AM,SPXW,ML/,115,53.2865,,PUT,7440,0,612795,7/13/2026,WHITE,0,5,F,INDEX,,F,T,0,0
7/8/2026,11:31:20 AM,SPXW,ML/,62,53.28,,PUT,7440,0,330336,7/13/2026,WHITE,0,5,F,INDEX,,F,T,0,0
7/8/2026,11:44:29 AM,SPXW,ML/,50,47.9,,PUT,7440,0,239500,7/13/2026,WHITE,0,5,F,INDEX,,F,T,0,0
7/8/2026,3:14:45 PM,SPXW,ML/,153,6.1241,,PUT,7410,0,93699,7/9/2026,WHITE,0,1,F,INDEX,,F,T,0,0
7/8/2026,4:06:28 PM,SPXW,ML/,75,5.04,,PUT,7410,0,37800,7/9/2026,WHITE,0,1,F,INDEX,,F,T,0,0
7/8/2026,9:43:13 AM,SPX,ML/,400,51.49,,CALL,7700,0,2059600,8/21/2026,WHITE,0,44,F,INDEX,,F,F,0,0
7/8/2026,11:09:06 AM,SPX,ML/,75,46.22,,CALL,7700,0,346650,8/21/2026,WHITE,0,44,F,INDEX,,F,F,0,0
7/8/2026,11:11:40 AM,SPX,ML/,50,46.56,,CALL,7700,0,232800,8/21/2026,WHITE,0,44,F,INDEX,,F,F,0,0
7/8/2026,11:26:24 AM,SPX,ML/,100,42.62,,CALL,7700,0,426200,8/21/2026,WHITE,0,44,F,INDEX,,F,F,0,0
7/8/2026,11:32:41 AM,SPX,ML/,750,43,,CALL,7700,0,3225000,8/21/2026,WHITE,0,44,F,INDEX,,F,F,0,0
7/8/2026,1:07:13 PM,SPX,ML/,250,49.94,,CALL,7700,0,1248500,8/21/2026,WHITE,0,44,F,INDEX,,F,F,0,0
7/8/2026,1:39:50 PM,SPX,ML/,100,52.4,,CALL,7700,0,524000,8/21/2026,WHITE,0,44,F,INDEX,,F,F,0,0
7/8/2026,1:57:50 PM,SPX,BLOCK,100,49.1,,CALL,7700,0,491000,8/21/2026,WHITE,0,44,F,INDEX,,F,F,0,0
7/8/2026,2:30:44 PM,SPX,ML/,200,51.3,,CALL,7700,0,1026000,8/21/2026,WHITE,0,44,F,INDEX,,F,F,0,0
7/8/2026,3:16:26 PM,SPX,BLOCK,100,50.9,,CALL,7700,0,509000,8/21/2026,WHITE,0,44,F,INDEX,,F,F,0,0
7/8/2026,4:09:23 PM,SPX,ML/,750,51.6,,CALL,7700,0,3870000,8/21/2026,WHITE,0,44,F,INDEX,,F,F,0,0
7/8/2026,2:01:06 PM,SPX,ML/,300,42.35,,PUT,6700,0,1270500,9/18/2026,WHITE,0,72,F,INDEX,,F,F,0,0
7/8/2026,1:58:35 PM,SPXW,ML/,80,11.17,,PUT,7275,0,89360,7/15/2026,WHITE,0,7,F,INDEX,,F,T,0,0
7/8/2026,10:37:42 AM,SPXW,ML/,80,1.72,,CALL,7650,0,13760,7/15/2026,WHITE,0,7,F,INDEX,,F,T,0,0
7/8/2026,3:24:43 PM,SPXW,ML/,150,1.28,,CALL,7650,0,19200,7/15/2026,WHITE,0,7,F,INDEX,,F,T,0,0
7/8/2026,3:28:40 PM,SPXW,ML/,150,1.32,,CALL,7650,0,19800,7/15/2026,WHITE,0,7,F,INDEX,,F,T,0,0
7/8/2026,3:31:12 PM,SPXW,ML/,150,1.28,,CALL,7650,0,19200,7/15/2026,WHITE,0,7,F,INDEX,,F,T,0,0
7/8/2026,3:57:05 PM,SPXW,ML/,93,1.37,,CALL,7650,0,12741,7/15/2026,WHITE,0,7,F,INDEX,,F,T,0,0
7/8/2026,11:35:50 AM,VIX,ML/,320,0.8,,CALL,30,0,25600,8/19/2026,WHITE,0,42,F,INDEX,,F,T,0,0
7/8/2026,11:42:41 AM,VIX,ML/,6740,0.82,,CALL,30,0,552679,8/19/2026,WHITE,0,42,F,INDEX,,F,T,0,0
7/8/2026,11:46:12 AM,VIX,ML/,2500,0.82,,CALL,30,0,205000,8/19/2026,WHITE,0,42,F,INDEX,,F,T,0,0
7/8/2026,12:11:05 PM,VIX,ML/,140,0.8,,CALL,30,0,11200,8/19/2026,WHITE,0,42,F,INDEX,,F,T,0,0
7/8/2026,12:16:21 PM,VIX,ML/,140,0.79,,CALL,30,0,11060,8/19/2026,WHITE,0,42,F,INDEX,,F,T,0,0
7/8/2026,12:18:59 PM,VIX,ML/,143,0.79,,CALL,30,0,11297,8/19/2026,WHITE,0,42,F,INDEX,,F,T,0,0
7/8/2026,2:09:29 PM,VIX,ML/,300,0.69,,CALL,30,0,20699,8/19/2026,WHITE,0,42,F,INDEX,,F,T,0,0
7/8/2026,1:20:14 PM,SPXW,BLOCK,203,19.1,,CALL,7485,0,387730,7/9/2026,WHITE,0,1,F,INDEX,,F,T,0,0
7/8/2026,2:59:38 PM,SPXW,BLOCK,50,19.9,,CALL,7485,0,99499,7/9/2026,WHITE,0,1,F,INDEX,,F,T,0,0
7/8/2026,3:00:19 PM,SPXW,BLOCK,50,20.9,,CALL,7485,0,104500,7/9/2026,WHITE,0,1,F,INDEX,,F,T,0,0
7/8/2026,3:00:56 PM,SPXW,BLOCK,101,21.4,,CALL,7485,0,216139,7/9/2026,WHITE,0,1,F,INDEX,,F,T,0,0
7/8/2026,3:03:02 PM,SPXW,BLOCK,101,19,,CALL,7485,0,191900,7/9/2026,WHITE,0,1,F,INDEX,,F,T,0,0
7/8/2026,3:04:36 PM,SPXW,BLOCK,50,19.5,,CALL,7485,0,97500,7/9/2026,WHITE,0,1,F,INDEX,,F,T,0,0
7/8/2026,3:05:13 PM,SPXW,ML/,51,19.8157,,CALL,7485,0,101059,7/9/2026,WHITE,0,1,F,INDEX,,F,T,0,0
7/8/2026,3:33:17 PM,SPXW,BLOCK,100,17.2,,CALL,7485,0,172000,7/9/2026,WHITE,0,1,F,INDEX,,F,T,0,0
7/8/2026,3:45:04 PM,SPXW,ML/,301,18.5204,,CALL,7485,0,557463,7/9/2026,WHITE,0,1,F,INDEX,,F,T,0,0
7/8/2026,3:58:21 PM,SPXW,SWEEP,238,21.3849,A,CALL,7485,0,508959,7/9/2026,WHITE,0,1,F,INDEX,,F,T,0,0
7/8/2026,3:59:01 PM,SPXW,ML/,56,22.4146,,CALL,7485,0,125522,7/9/2026,WHITE,0,1,F,INDEX,,F,T,0,0
7/8/2026,10:30:17 AM,NDX,ML/,100,80,,PUT,27200,0,800000,7/17/2026,WHITE,0,9,F,INDEX,,F,F,0,0
7/8/2026,10:50:51 AM,SPXW,ML/,70,6.31,,CALL,7525,0,44170,7/10/2026,WHITE,0,2,F,INDEX,,F,T,0,0
7/8/2026,12:30:28 PM,SPXW,ML/,166,7.45,,CALL,7525,0,123670,7/10/2026,WHITE,0,2,F,INDEX,,F,T,0,0
7/8/2026,2:30:31 PM,SPXW,BLOCK,60,9.7,,CALL,7525,0,58200,7/10/2026,WHITE,0,2,F,INDEX,,F,T,0,0
7/8/2026,2:39:19 PM,SPXW,BLOCK,60,10.7,,CALL,7525,0,64199,7/10/2026,WHITE,0,2,F,INDEX,,F,T,0,0
7/8/2026,2:48:17 PM,SPXW,ML/,200,10.25,,CALL,7525,0,205000,7/10/2026,WHITE,0,2,F,INDEX,,F,T,0,0
7/8/2026,12:17:43 PM,SPXW,ML/,50,6.9,,PUT,7330,0,34500,7/10/2026,WHITE,0,2,F,INDEX,,F,T,0,0
7/8/2026,12:19:45 PM,SPXW,ML/,50,7.1,,PUT,7330,0,35500,7/10/2026,WHITE,0,2,F,INDEX,,F,T,0,0
7/8/2026,9:47:35 AM,NDXP,ML/,52,3.24,,CALL,29700,0,16848,7/8/2026,WHITE,0,0,F,INDEX,,F,T,0,0
7/8/2026,12:44:59 PM,SPXW,ML/,91,1.72,,PUT,7325,0,15651,7/9/2026,WHITE,0,1,F,INDEX,,F,T,0,0
7/8/2026,12:45:03 PM,SPXW,ML/,129,1.7223,,PUT,7325,0,22218,7/9/2026,WHITE,0,1,F,INDEX,,F,T,0,0
7/8/2026,9:30:41 AM,SPXW,ML/,160,0.71,,PUT,6100,0,11360,7/17/2026,WHITE,0,9,F,INDEX,,F,F,0,0
7/8/2026,9:31:39 AM,SPXW,ML/,160,0.71,,PUT,6100,0,11360,7/17/2026,WHITE,0,9,F,INDEX,,F,F,0,0
7/8/2026,10:58:06 AM,XSP,ML/,60,13.97,,PUT,745,0,83820,8/21/2026,WHITE,0,44,F,INDEX,,F,F,0,0
7/8/2026,3:59:20 PM,SPXW,ML/,50,4.1,,PUT,7355,0,20499,7/10/2026,WHITE,0,2,F,INDEX,,F,T,0,0
7/8/2026,12:58:03 PM,SPXW,ML/,60,5.69,,CALL,7630,0,34140,7/17/2026,WHITE,0,9,F,INDEX,,F,F,0,0
7/8/2026,2:05:32 PM,SPXW,ML/,50,6.0696,,CALL,7630,0,30348,7/17/2026,WHITE,0,9,F,INDEX,,F,F,0,0
7/8/2026,9:31:29 AM,SPXW,ML/,222,0.77,,CALL,7635,0,17094,7/13/2026,WHITE,0,5,F,INDEX,,F,T,0,0
7/8/2026,11:06:46 AM,SPX,ML/,1416,4.85,,CALL,8000,0,686760,8/21/2026,WHITE,0,44,F,INDEX,,F,F,0,0
7/8/2026,11:13:31 AM,SPX,BLOCK,51,4.9,,CALL,8000,0,24990,8/21/2026,WHITE,0,44,F,INDEX,,F,F,0,0
7/8/2026,12:29:28 PM,SPX,ML/,600,4.9,,CALL,8000,0,294000,8/21/2026,WHITE,0,44,F,INDEX,,F,F,0,0
7/8/2026,1:34:42 PM,SPX,ML/,500,5.64,,CALL,8000,0,282000,8/21/2026,WHITE,0,44,F,INDEX,,F,F,0,0
7/8/2026,2:58:15 PM,SPX,BLOCK,50,5.1,,CALL,8000,0,25499,8/21/2026,WHITE,0,44,F,INDEX,,F,F,0,0
7/8/2026,3:14:53 PM,SPX,ML/,250,5.15,,CALL,8000,0,128750,8/21/2026,WHITE,0,44,F,INDEX,,F,F,0,0
7/8/2026,11:39:44 AM,SPXW,ML/,308,0.507,,PUT,7180,0,15615,7/9/2026,WHITE,0,1,F,INDEX,,F,T,0,0
7/8/2026,12:21:19 PM,SPXW,ML/,58,31.04,,PUT,7405,0,180032,7/14/2026,WHITE,0,6,F,INDEX,,F,T,0,0
7/8/2026,11:38:15 AM,SPXW,ML/,61,3.5,,PUT,7310,0,21350,7/9/2026,WHITE,0,1,F,INDEX,,F,T,0,0
7/8/2026,11:51:47 AM,SPXW,ML/,196,4.0921,,PUT,7310,0,80205,7/9/2026,WHITE,0,1,F,INDEX,,F,T,0,0
7/8/2026,12:26:38 PM,SPXW,ML/,100,4.37,,CALL,7540,0,43700,7/10/2026,WHITE,0,2,F,INDEX,,F,T,0,0
7/8/2026,3:36:18 PM,SPXW,ML/,59,6.29,,CALL,7540,0,37111,7/10/2026,WHITE,0,2,F,INDEX,,F,T,0,0
7/8/2026,9:32:17 AM,NDXP,ML/,101,9.8312,,PUT,28300,0,99295,7/8/2026,WHITE,0,0,F,INDEX,,F,T,0,0
7/8/2026,9:39:32 AM,SPXW,ML/,60,6.54,,PUT,7320,0,39240,7/10/2026,WHITE,0,2,F,INDEX,,F,T,0,0
7/8/2026,9:40:14 AM,SPXW,ML/,60,6.013,,PUT,7320,0,36078,7/10/2026,WHITE,0,2,F,INDEX,,F,T,0,0
7/8/2026,9:47:28 AM,SPXW,ML/,600,5.74,,PUT,7320,0,344400,7/10/2026,WHITE,0,2,F,INDEX,,F,T,0,0
7/8/2026,1:20:33 PM,SPXW,ML/,78,3.6238,,PUT,7320,0,28266,7/10/2026,WHITE,0,2,F,INDEX,,F,T,0,0
7/8/2026,1:20:50 PM,SPXW,ML/,122,3.61,,PUT,7320,0,44041,7/10/2026,WHITE,0,2,F,INDEX,,F,T,0,0
7/8/2026,1:30:01 PM,SPXW,ML/,72,3.1,,PUT,7320,0,22320,7/10/2026,WHITE,0,2,F,INDEX,,F,T,0,0
7/8/2026,9:44:23 AM,NDXP,BLOCK,85,10.5,,CALL,29550,0,89250,7/8/2026,WHITE,0,0,F,INDEX,,F,T,0,0
7/8/2026,2:57:13 PM,SPXW,ML/,500,7.41,,PUT,7245,0,370500,7/15/2026,WHITE,0,7,F,INDEX,,F,T,0,0
7/8/2026,11:05:55 AM,VIX,ML/,200,1.69,,CALL,17.5,0,33800,7/22/2026,WHITE,0,14,F,INDEX,,F,T,0,0
7/8/2026,1:45:42 PM,VIX,ML/,310,1.2606,,CALL,17.5,0,39079,7/22/2026,WHITE,0,14,F,INDEX,,F,T,0,0
7/8/2026,11:01:59 AM,SPX,ML/,61,15.8918,,PUT,6450,0,96940,8/21/2026,WHITE,0,44,F,INDEX,,F,F,0,0
7/8/2026,1:48:12 PM,SPX,ML/,100,13,,PUT,6450,0,130000,8/21/2026,WHITE,0,44,F,INDEX,,F,F,0,0
7/8/2026,1:49:53 PM,SPX,ML/,100,13.13,,PUT,6450,0,131300,8/21/2026,WHITE,0,44,F,INDEX,,F,F,0,0
7/8/2026,10:04:10 AM,VIX,ML/,10000,0.32,,CALL,25,0,320000,7/22/2026,WHITE,0,14,F,INDEX,,F,T,0,0
7/8/2026,10:22:10 AM,VIX,BLOCK,1000,0.34,,CALL,25,0,34000,7/22/2026,WHITE,0,14,F,INDEX,,F,T,0,0
7/8/2026,10:22:23 AM,VIX,ML/,8000,0.35,,CALL,25,0,280000,7/22/2026,WHITE,0,14,F,INDEX,,F,T,0,0
7/8/2026,10:32:05 AM,VIX,ML/,1500,0.36,,CALL,25,0,54000,7/22/2026,WHITE,0,14,F,INDEX,,F,T,0,0
7/8/2026,11:07:01 AM,VIX,ML/,25000,0.41,,CALL,25,0,1025000,7/22/2026,WHITE,0,14,F,INDEX,,F,T,0,0
7/8/2026,11:18:25 AM,VIX,BLOCK,1000,0.42,,CALL,25,0,42000,7/22/2026,WHITE,0,14,F,INDEX,,F,T,0,0
7/8/2026,11:19:02 AM,VIX,BLOCK,10000,0.42,,CALL,25,0,420000,7/22/2026,WHITE,0,14,F,INDEX,,F,T,0,0
7/8/2026,11:35:50 AM,VIX,ML/,320,0.43,,CALL,25,0,13760,7/22/2026,WHITE,0,14,F,INDEX,,F,T,0,0
7/8/2026,11:48:23 AM,VIX,BLOCK,400,0.44,,CALL,25,0,17600,7/22/2026,WHITE,0,14,F,INDEX,,F,T,0,0
7/8/2026,11:55:32 AM,VIX,BLOCK,390,0.46,,CALL,25,0,17940,7/22/2026,WHITE,0,14,F,INDEX,,F,T,0,0
7/8/2026,4:14:47 PM,VIX,BLOCK,5000,0.34,,CALL,25,0,170000,7/22/2026,WHITE,0,14,F,INDEX,,F,T,0,0
7/8/2026,1:25:32 PM,SPXW,ML/,70,11.85,,PUT,7445,0,82950,7/9/2026,WHITE,0,1,F,INDEX,,F,T,0,0
7/8/2026,3:45:43 PM,SPXW,BLOCK,51,11.9,,PUT,7445,0,60690,7/9/2026,WHITE,0,1,F,INDEX,,F,T,0,0
7/8/2026,3:48:23 PM,SPXW,ML/,50,12.6496,,PUT,7445,0,63248,7/9/2026,WHITE,0,1,F,INDEX,,F,T,0,0
7/8/2026,2:22:45 PM,NDXP,ML/,152,39.8,,CALL,29200,0,604960,7/8/2026,WHITE,0,0,F,INDEX,,F,T,0,0
7/8/2026,9:53:41 AM,SPX,ML/,50,151,,PUT,7510,0,755000,8/21/2026,WHITE,0,44,F,INDEX,,F,F,0,0
7/8/2026,12:05:00 PM,SPXW,ML/,499,46.06,,CALL,7395,0,2298394,7/8/2026,WHITE,0,0,F,INDEX,,F,T,0,0
7/8/2026,12:25:55 PM,SPXW,ML/,499,59.72,,CALL,7395,0,2980028,7/8/2026,WHITE,0,0,F,INDEX,,F,T,0,0
7/8/2026,3:40:27 PM,XSP,ML/,88,2.73,,PUT,749,0,24024,7/9/2026,WHITE,0,1,F,INDEX,,F,T,0,0
7/8/2026,4:38:30 PM,XSP,BLOCK,88,3.83,,PUT,749,0,33704,7/9/2026,WHITE,0,1,F,INDEX,,F,T,0,0
7/8/2026,3:54:13 PM,SPXW,ML/,1000,10.02,,PUT,6850,0,1002000,7/31/2026,WHITE,0,23,F,INDEX,,F,T,0,0
7/8/2026,3:57:44 PM,SPXW,ML/,1000,9.74,,PUT,6850,0,974000,7/31/2026,WHITE,0,23,F,INDEX,,F,T,0,0
7/8/2026,11:35:34 AM,NDXP,ML/,60,50.05,,PUT,28750,0,300300,7/8/2026,WHITE,0,0,F,INDEX,,F,T,0,0
7/8/2026,4:01:31 PM,XSP,BLOCK,100,2,,CALL,748,0,20000,7/9/2026,WHITE,0,1,F,INDEX,,F,T,0,0
7/8/2026,12:11:26 PM,SPXW,BLOCK,50,38.5,,CALL,7445,0,192500,7/10/2026,WHITE,0,2,F,INDEX,,F,T,0,0
7/8/2026,9:44:35 AM,VIX,ML/,7500,0.37,,CALL,24,0,277500,7/22/2026,WHITE,0,14,F,INDEX,,F,T,0,0
7/8/2026,11:00:03 AM,VIX,ML/,2500,0.45,,CALL,24,0,112500,7/22/2026,WHITE,0,14,F,INDEX,,F,T,0,0
7/8/2026,11:05:56 AM,VIX,ML/,350,0.45,,CALL,24,0,15750,7/22/2026,WHITE,0,14,F,INDEX,,F,T,0,0
7/8/2026,11:06:18 AM,VIX,ML/,2000,0.45,,CALL,24,0,90000,7/22/2026,WHITE,0,14,F,INDEX,,F,T,0,0
7/8/2026,11:11:01 AM,VIX,ML/,700,0.45,,CALL,24,0,31500,7/22/2026,WHITE,0,14,F,INDEX,,F,T,0,0
7/8/2026,11:11:26 AM,VIX,ML/,350,0.45,,CALL,24,0,15750,7/22/2026,WHITE,0,14,F,INDEX,,F,T,0,0
7/8/2026,11:11:26 AM,VIX,ML/,250,0.45,,CALL,24,0,11250,7/22/2026,WHITE,0,14,F,INDEX,,F,T,0,0
7/8/2026,11:11:27 AM,VIX,ML/,350,0.45,,CALL,24,0,15750,7/22/2026,WHITE,0,14,F,INDEX,,F,T,0,0
7/8/2026,11:11:28 AM,VIX,ML/,350,0.45,,CALL,24,0,15750,7/22/2026,WHITE,0,14,F,INDEX,,F,T,0,0
7/8/2026,12:39:42 PM,VIX,ML/,660,0.44,,CALL,24,0,29039,7/22/2026,WHITE,0,14,F,INDEX,,F,T,0,0
7/8/2026,12:39:43 PM,VIX,ML/,1840,0.44,,CALL,24,0,80960,7/22/2026,WHITE,0,14,F,INDEX,,F,T,0,0
7/8/2026,10:33:57 AM,SPXW,SWEEP,94,17.2404,A,PUT,7300,0,162060,7/15/2026,WHITE,0,7,F,INDEX,,F,T,0,0
7/8/2026,12:16:25 PM,SPXW,ML/,80,18.2569,,PUT,7300,0,146055,7/15/2026,WHITE,0,7,F,INDEX,,F,T,0,0
7/8/2026,12:16:29 PM,SPXW,ML/,73,18.2429,,PUT,7300,0,133172,7/15/2026,WHITE,0,7,F,INDEX,,F,T,0,0
7/8/2026,12:16:36 PM,SPXW,ML/,63,18.24,,PUT,7300,0,114911,7/15/2026,WHITE,0,7,F,INDEX,,F,T,0,0
7/8/2026,12:16:40 PM,SPXW,ML/,71,18.22,,PUT,7300,0,129361,7/15/2026,WHITE,0,7,F,INDEX,,F,T,0,0
7/8/2026,12:16:45 PM,SPXW,ML/,104,17.9357,,PUT,7300,0,186531,7/15/2026,WHITE,0,7,F,INDEX,,F,T,0,0
7/8/2026,12:16:49 PM,SPXW,ML/,58,17.78,,PUT,7300,0,103124,7/15/2026,WHITE,0,7,F,INDEX,,F,T,0,0
7/8/2026,3:50:37 PM,SPXW,BLOCK,50,24.4,,PUT,6900,0,122000,8/14/2026,WHITE,0,37,F,INDEX,,F,T,0,0
7/8/2026,9:47:56 AM,SPX,ML/,75,59.3916,,PUT,7475,0,445437,7/17/2026,WHITE,0,9,F,INDEX,,F,F,0,0
7/8/2026,1:48:17 PM,SPX,ML/,210,57.4571,,PUT,7475,0,1206600,7/17/2026,WHITE,0,9,F,INDEX,,F,F,0,0
7/8/2026,11:44:29 AM,SPXW,ML/,50,43.9,,PUT,7430,0,219500,7/13/2026,WHITE,0,5,F,INDEX,,F,T,0,0
7/8/2026,12:09:46 PM,SPXW,ML/,56,74.28,,PUT,7515,0,415968,7/9/2026,WHITE,0,1,F,INDEX,,F,T,0,0
7/8/2026,4:11:00 PM,SPXW,ML/,130,39.68,,PUT,7505,0,515839,7/9/2026,WHITE,0,1,F,INDEX,,F,T,0,0
7/8/2026,9:31:02 AM,SPX,ML/,80,23.32,,PUT,6250,0,186560,9/18/2026,WHITE,0,72,F,INDEX,,F,F,0,0
7/8/2026,10:50:08 AM,SPX,ML/,80,25.15,,PUT,6250,0,201200,9/18/2026,WHITE,0,72,F,INDEX,,F,F,0,0
7/8/2026,9:31:03 AM,SPX,ML/,80,22.57,,PUT,6225,0,180560,9/18/2026,WHITE,0,72,F,INDEX,,F,F,0,0
7/8/2026,10:50:08 AM,SPX,ML/,80,24.35,,PUT,6225,0,194800,9/18/2026,WHITE,0,72,F,INDEX,,F,F,0,0
7/8/2026,9:53:43 AM,SPXW,ML/,50,5.4,,PUT,7360,0,27000,7/9/2026,WHITE,0,1,F,INDEX,,F,T,0,0
7/8/2026,9:59:56 AM,SPXW,ML/,50,5.15,,PUT,7360,0,25750,7/9/2026,WHITE,0,1,F,INDEX,,F,T,0,0
7/8/2026,1:12:46 PM,SPXW,BLOCK,75,2.9,,PUT,7360,0,21750,7/9/2026,WHITE,0,1,F,INDEX,,F,T,0,0
7/8/2026,1:25:02 PM,SPXW,ML/,50,2.25,,PUT,7360,0,11250,7/9/2026,WHITE,0,1,F,INDEX,,F,T,0,0
7/8/2026,3:45:36 PM,SPXW,ML/,67,1.6139,,PUT,7360,0,10813,7/9/2026,WHITE,0,1,F,INDEX,,F,T,0,0
7/8/2026,4:11:00 PM,SPXW,ML/,63,1.773,,PUT,7360,0,11170,7/9/2026,WHITE,0,1,F,INDEX,,F,T,0,0
7/8/2026,4:16:12 PM,SPXW,ML/,100,1.67,,PUT,7360,0,16700,7/9/2026,WHITE,0,1,F,INDEX,,F,T,0,0
7/8/2026,10:09:35 AM,SPX,ML/,500,72.59,,PUT,7500,0,3629500,7/17/2026,WHITE,0,9,F,INDEX,,F,F,0,0
7/8/2026,10:10:18 AM,SPX,ML/,200,72.59,,PUT,7500,0,1451800,7/17/2026,WHITE,0,9,F,INDEX,,F,F,0,0
7/8/2026,10:14:17 AM,SPX,ML/,500,73.65,,PUT,7500,0,3682500,7/17/2026,WHITE,0,9,F,INDEX,,F,F,0,0
7/8/2026,10:15:23 AM,SPX,ML/,500,74.88,,PUT,7500,0,3744000,7/17/2026,WHITE,0,9,F,INDEX,,F,F,0,0
7/8/2026,10:16:55 AM,SPX,ML/,50,78.3,,PUT,7500,0,391500,7/17/2026,WHITE,0,9,F,INDEX,,F,F,0,0
7/8/2026,10:39:34 AM,SPX,ML/,950,83.48,,PUT,7500,0,7930600,7/17/2026,WHITE,0,9,F,INDEX,,F,F,0,0
7/8/2026,10:54:51 AM,SPX,ML/,500,83.95,,PUT,7500,0,4197500,7/17/2026,WHITE,0,9,F,INDEX,,F,F,0,0
7/8/2026,10:56:39 AM,SPX,ML/,100,83.95,,PUT,7500,0,839500,7/17/2026,WHITE,0,9,F,INDEX,,F,F,0,0
7/8/2026,11:34:09 AM,SPX,ML/,300,96,,PUT,7500,0,2880000,7/17/2026,WHITE,0,9,F,INDEX,,F,F,0,0
7/8/2026,2:52:31 PM,SPX,ML/,50,62.445,,PUT,7500,0,312225,7/17/2026,WHITE,0,9,F,INDEX,,F,F,0,0
7/8/2026,3:25:58 PM,SPX,ML/,500,63.48,,PUT,7500,0,3174000,7/17/2026,WHITE,0,9,F,INDEX,,F,F,0,0
7/8/2026,3:43:13 PM,SPX,ML/,100,63.83,,PUT,7500,0,638300,7/17/2026,WHITE,0,9,F,INDEX,,F,F,0,0
7/8/2026,3:55:00 PM,SPX,ML/,60,59.79,,PUT,7500,0,358740,7/17/2026,WHITE,0,9,F,INDEX,,F,F,0,0
7/8/2026,3:56:54 PM,SPX,ML/,500,60.33,,PUT,7500,0,3016500,7/17/2026,WHITE,0,9,F,INDEX,,F,F,0,0
7/8/2026,3:58:41 PM,SPX,ML/,200,57.75,,PUT,7500,0,1155000,7/17/2026,WHITE,0,9,F,INDEX,,F,F,0,0
7/8/2026,10:04:21 AM,RUTW,BLOCK,100,13.841,,PUT,2970,0,138410,7/8/2026,WHITE,0,0,F,INDEX,,F,T,0,0
7/8/2026,10:11:00 AM,RUTW,BLOCK,93,14.9,,PUT,2970,0,138570,7/8/2026,WHITE,0,0,F,INDEX,,F,T,0,0
7/8/2026,9:54:22 AM,SPXW,ML/,136,3.92,,PUT,7100,0,53312,7/15/2026,WHITE,0,7,F,INDEX,,F,T,0,0
7/8/2026,9:43:13 AM,SPX,ML/,400,65.88,,PUT,7200,0,2635200,8/21/2026,WHITE,0,44,F,INDEX,,F,F,0,0
7/8/2026,9:59:25 AM,SPX,ML/,700,65.11,,PUT,7200,0,4557700,8/21/2026,WHITE,0,44,F,INDEX,,F,F,0,0
7/8/2026,11:29:58 AM,SPX,ML/,200,79.6,,PUT,7200,0,1591999,8/21/2026,WHITE,0,44,F,INDEX,,F,F,0,0
7/8/2026,1:47:39 PM,SPX,ML/,200,63.05,,PUT,7200,0,1261000,8/21/2026,WHITE,0,44,F,INDEX,,F,F,0,0
7/8/2026,2:49:24 PM,SPX,ML/,53,61.76,,PUT,7200,0,327328,8/21/2026,WHITE,0,44,F,INDEX,,F,F,0,0
7/8/2026,3:14:14 PM,SPX,ML/,200,62.69,,PUT,7200,0,1253800,8/21/2026,WHITE,0,44,F,INDEX,,F,F,0,0
7/8/2026,11:58:32 AM,SPXW,ML/,75,3.52,,PUT,7235,0,26400,7/10/2026,WHITE,0,2,F,INDEX,,F,T,0,0
7/8/2026,12:02:10 PM,SPXW,BLOCK,60,3.1,,PUT,7235,0,18600,7/10/2026,WHITE,0,2,F,INDEX,,F,T,0,0
7/8/2026,3:24:51 PM,SPXW,SWEEP,175,1.15,A,PUT,7235,0,20125,7/10/2026,WHITE,0,2,F,INDEX,,F,T,0,0
7/8/2026,9:51:56 AM,SPXW,ML/,295,0.3544,,PUT,7125,0,10455,7/9/2026,WHITE,0,1,F,INDEX,,F,T,0,0
7/8/2026,9:51:58 AM,SPXW,ML/,1110,0.36,,PUT,7125,0,39960,7/9/2026,WHITE,0,1,F,INDEX,,F,T,0,0
7/8/2026,10:14:46 AM,SPXW,ML/,900,0.35,,PUT,7125,0,31500,7/9/2026,WHITE,0,1,F,INDEX,,F,T,0,0
7/8/2026,10:15:15 AM,SPXW,ML/,400,0.35,,PUT,7125,0,14000,7/9/2026,WHITE,0,1,F,INDEX,,F,T,0,0
7/8/2026,10:26:27 AM,SPXW,ML/,439,0.32,,PUT,7125,0,14048,7/9/2026,WHITE,0,1,F,INDEX,,F,T,0,0
7/8/2026,10:26:48 AM,SPXW,ML/,431,0.32,,PUT,7125,0,13792,7/9/2026,WHITE,0,1,F,INDEX,,F,T,0,0
7/8/2026,10:37:00 AM,SPXW,ML/,1500,0.35,,PUT,7125,0,52500,7/9/2026,WHITE,0,1,F,INDEX,,F,T,0,0
7/8/2026,10:37:16 AM,SPXW,ML/,500,0.35,,PUT,7125,0,17500,7/9/2026,WHITE,0,1,F,INDEX,,F,T,0,0
7/8/2026,10:37:55 AM,SPXW,ML/,500,0.35,,PUT,7125,0,17500,7/9/2026,WHITE,0,1,F,INDEX,,F,T,0,0
7/8/2026,10:47:00 AM,SPXW,ML/,376,0.3715,,PUT,7125,0,13969,7/9/2026,WHITE,0,1,F,INDEX,,F,T,0,0
7/8/2026,4:08:56 PM,SPXW,ML/,500,0.95,,CALL,7620,0,47500,7/13/2026,WHITE,0,5,F,INDEX,,F,T,0,0
7/8/2026,9:33:37 AM,SPXW,ML/,200,23.2,,PUT,7300,0,464000,7/17/2026,WHITE,0,9,F,INDEX,,F,F,0,0
7/8/2026,9:49:12 AM,SPXW,ML/,500,20.13,,PUT,7300,0,1006500,7/17/2026,WHITE,0,9,F,INDEX,,F,F,0,0
7/8/2026,10:33:50 AM,SPXW,BLOCK,70,24.4,,PUT,7300,0,170799,7/17/2026,WHITE,0,9,F,INDEX,,F,F,0,0
7/8/2026,1:32:59 PM,SPXW,ML/,600,117,,CALL,7500,0,7020000,8/10/2026,WHITE,0,33,F,INDEX,,F,T,0,0
7/8/2026,11:20:45 AM,SPX,ML/,74,30.2446,,PUT,6800,0,223810,8/21/2026,WHITE,0,44,F,INDEX,,F,F,0,0
7/8/2026,11:32:08 AM,SPX,ML/,1114,32.89,,PUT,6800,0,3663946,8/21/2026,WHITE,0,44,F,INDEX,,F,F,0,0
7/8/2026,12:28:38 PM,SPX,ML/,94,27.87,,PUT,6800,0,261977,8/21/2026,WHITE,0,44,F,INDEX,,F,F,0,0
7/8/2026,12:42:50 PM,SPX,ML/,300,26.5,,PUT,6800,0,795000,8/21/2026,WHITE,0,44,F,INDEX,,F,F,0,0
7/8/2026,2:30:28 PM,SPX,ML/,75,24.7,,PUT,6800,0,185250,8/21/2026,WHITE,0,44,F,INDEX,,F,F,0,0
7/8/2026,2:43:34 PM,SPX,ML/,200,24.81,,PUT,6800,0,496200,8/21/2026,WHITE,0,44,F,INDEX,,F,F,0,0
7/8/2026,3:08:28 PM,SPX,ML/,62,24.37,,PUT,6800,0,151094,8/21/2026,WHITE,0,44,F,INDEX,,F,F,0,0
7/8/2026,3:11:39 PM,SPX,ML/,62,24.52,,PUT,6800,0,152024,8/21/2026,WHITE,0,44,F,INDEX,,F,F,0,0
7/8/2026,3:14:09 PM,SPX,ML/,52,24.82,,PUT,6800,0,129064,8/21/2026,WHITE,0,44,F,INDEX,,F,F,0,0
7/8/2026,1:27:29 PM,SPXW,ML/,70,89.64,,PUT,7570,0,627480,7/8/2026,WHITE,0,0,F,INDEX,,F,T,0,0
7/8/2026,9:46:43 AM,SPXW,ML/,500,0.9,,PUT,5700,0,45000,7/24/2026,WHITE,0,16,F,INDEX,,F,T,0,0
7/8/2026,10:06:03 AM,SPXW,ML/,150,0.95,,PUT,5700,0,14250,7/24/2026,WHITE,0,16,F,INDEX,,F,T,0,0
7/8/2026,10:23:08 AM,SPXW,ML/,358,1.16,,PUT,5700,0,41528,7/24/2026,WHITE,0,16,F,INDEX,,F,T,0,0
7/8/2026,10:53:47 AM,NDXP,ML/,61,4.2541,,CALL,29450,0,25950,7/8/2026,WHITE,0,0,F,INDEX,,F,T,0,0
7/8/2026,12:53:32 PM,NDXP,ML/,53,3.9162,,CALL,29450,0,20756,7/8/2026,WHITE,0,0,F,INDEX,,F,T,0,0
7/8/2026,2:02:41 PM,SPXW,ML/,50,10.19,,PUT,7350,0,50950,7/13/2026,WHITE,0,5,F,INDEX,,F,T,0,0
7/8/2026,2:07:35 PM,SPXW,ML/,50,10.02,,PUT,7350,0,50100,7/13/2026,WHITE,0,5,F,INDEX,,F,T,0,0
7/8/2026,2:08:38 PM,SPXW,ML/,50,10.09,,PUT,7350,0,50450,7/13/2026,WHITE,0,5,F,INDEX,,F,T,0,0
7/8/2026,12:06:14 PM,RUTW,BLOCK,60,6.4,,CALL,2940,0,38400,7/8/2026,WHITE,0,0,F,INDEX,,F,T,0,0
7/8/2026,12:21:16 PM,RUTW,BLOCK,60,8,,CALL,2940,0,48000,7/8/2026,WHITE,0,0,F,INDEX,,F,T,0,0
7/8/2026,12:25:48 PM,SPXW,ML/,70,36.97,,CALL,7490,0,258790,7/15/2026,WHITE,0,7,F,INDEX,,F,T,0,0
7/8/2026,12:29:28 PM,SPXW,ML/,59,38.47,,CALL,7490,0,226973,7/15/2026,WHITE,0,7,F,INDEX,,F,T,0,0
7/8/2026,11:22:28 AM,SPXW,BLOCK,189,14.4,,PUT,7305,0,272160,7/13/2026,WHITE,0,5,F,INDEX,,F,T,0,0
7/8/2026,11:26:06 AM,SPXW,ML/,500,63.94,,PUT,7465,0,3197000,7/13/2026,WHITE,0,5,F,INDEX,,F,T,0,0
7/8/2026,11:31:11 AM,SPXW,ML/,81,65.7391,,PUT,7465,0,532487,7/13/2026,WHITE,0,5,F,INDEX,,F,T,0,0
7/8/2026,11:31:13 AM,SPXW,ML/,115,65.6265,,PUT,7465,0,754704,7/13/2026,WHITE,0,5,F,INDEX,,F,T,0,0
7/8/2026,11:31:20 AM,SPXW,ML/,62,65.62,,PUT,7465,0,406844,7/13/2026,WHITE,0,5,F,INDEX,,F,T,0,0
7/8/2026,3:55:00 PM,NDXP,ML/,54,8.1261,,CALL,29250,0,43881,7/8/2026,WHITE,0,0,F,INDEX,,F,T,0,0
7/8/2026,3:56:38 PM,NDXP,SWEEP,51,7.0098,A,CALL,29250,0,35750,7/8/2026,WHITE,0,0,F,INDEX,,F,T,0,0
7/8/2026,1:17:40 PM,SPXW,BLOCK,100,42.7,,PUT,7480,0,427000,7/13/2026,WHITE,0,5,F,INDEX,,F,T,0,0
7/8/2026,1:20:48 PM,SPXW,SWEEP,100,39.71,A,PUT,7480,0,397100,7/13/2026,WHITE,0,5,F,INDEX,,F,T,0,0
7/8/2026,2:30:09 PM,SPXW,BLOCK,80,41.8,,PUT,7480,0,334400,7/13/2026,WHITE,0,5,F,INDEX,,F,T,0,0
7/8/2026,3:11:45 PM,SPXW,BLOCK,80,39.5,,PUT,7480,0,316000,7/13/2026,WHITE,0,5,F,INDEX,,F,T,0,0
7/8/2026,3:33:09 PM,SPXW,BLOCK,80,39.5,,PUT,7480,0,316000,7/13/2026,WHITE,0,5,F,INDEX,,F,T,0,0
7/8/2026,3:59:59 PM,SPXW,BLOCK,50,2.3,,CALL,7650,0,11499,7/16/2026,WHITE,0,8,F,INDEX,,F,T,0,0
7/8/2026,3:38:20 PM,NDXP,BLOCK,50,8.48,,CALL,30000,0,42400,7/10/2026,WHITE,0,2,F,INDEX,,F,T,0,0
7/8/2026,2:18:04 PM,SPXW,ML/,69,8.3014,,CALL,7555,0,57279,7/13/2026,WHITE,0,5,F,INDEX,,F,T,0,0
7/8/2026,3:11:44 PM,NDXP,ML/,50,2.97,,PUT,29020,0,14850,7/8/2026,WHITE,0,0,F,INDEX,,F,T,0,0
7/8/2026,3:42:42 PM,SPXW,ML/,246,14.61,,PUT,7330,0,359406,7/15/2026,WHITE,0,7,F,INDEX,,F,T,0,0
7/8/2026,10:17:31 AM,SPXW,ML/,60,27.79,,PUT,7300,0,166740,7/20/2026,WHITE,0,12,F,INDEX,,F,T,0,0
7/8/2026,10:45:43 AM,XSP,ML/,575,5.45,,PUT,747,0,313375,7/13/2026,WHITE,0,5,F,INDEX,,F,T,0,0
7/8/2026,10:25:22 AM,SPXW,ML/,2985,0.08,,CALL,7675,0,23880,7/9/2026,WHITE,0,1,F,INDEX,,F,T,0,0
7/8/2026,12:10:06 PM,SPXW,ML/,2441,0.05,,CALL,7675,0,12205,7/9/2026,WHITE,0,1,F,INDEX,,F,T,0,0
7/8/2026,2:22:14 PM,SPXW,ML/,2985,0.06,,CALL,7675,0,17910,7/9/2026,WHITE,0,1,F,INDEX,,F,T,0,0
7/8/2026,10:11:58 AM,SPXW,ML/,883,0.6703,,PUT,7215,0,59185,7/9/2026,WHITE,0,1,F,INDEX,,F,T,0,0
7/8/2026,11:32:15 AM,SPXW,BLOCK,59,31.1271,,CALL,7425,0,183650,7/9/2026,WHITE,0,1,F,INDEX,,F,T,0,0
7/8/2026,9:43:39 AM,SPXW,ML/,66,2.2,,PUT,7220,0,14519,7/10/2026,WHITE,0,2,F,INDEX,,F,T,0,0
7/8/2026,11:14:23 AM,SPXW,ML/,300,3.1019,,PUT,7220,0,93056,7/10/2026,WHITE,0,2,F,INDEX,,F,T,0,0
7/8/2026,12:21:34 PM,SPXW,ML/,150,1.5857,,PUT,7220,0,23786,7/10/2026,WHITE,0,2,F,INDEX,,F,T,0,0
7/8/2026,12:49:30 PM,SPXW,ML/,150,1.2,,PUT,7220,0,18000,7/10/2026,WHITE,0,2,F,INDEX,,F,T,0,0
7/8/2026,1:48:17 PM,SPXW,ML/,200,59.6,,PUT,7475,0,1192000,7/17/2026,WHITE,0,9,F,INDEX,,F,F,0,0
7/8/2026,9:31:22 AM,SPXW,ML/,200,19.5566,,PUT,7255,0,391132,7/17/2026,WHITE,0,9,F,INDEX,,F,F,0,0
7/8/2026,9:31:22 AM,SPXW,ML/,200,16.956,,PUT,7230,0,339120,7/17/2026,WHITE,0,9,F,INDEX,,F,F,0,0
7/8/2026,11:13:03 AM,SPXW,ML/,52,28.059,,CALL,7445,0,145907,7/9/2026,WHITE,0,1,F,INDEX,,F,T,0,0
7/8/2026,9:53:23 AM,SPXW,ML/,60,47.56,,CALL,7600,0,285360,7/31/2026,WHITE,0,23,F,INDEX,,F,T,0,0
7/8/2026,10:50:12 AM,SPXW,ML/,73,41.2414,,CALL,7600,0,301062,7/31/2026,WHITE,0,23,F,INDEX,,F,T,0,0
7/8/2026,10:50:27 AM,SPXW,ML/,115,41.12,,CALL,7600,0,472879,7/31/2026,WHITE,0,23,F,INDEX,,F,T,0,0
7/8/2026,10:55:27 AM,SPXW,ML/,98,42.86,,CALL,7600,0,420028,7/31/2026,WHITE,0,23,F,INDEX,,F,T,0,0
7/8/2026,3:47:01 PM,SPXW,ML/,57,46.5921,,CALL,7600,0,265575,7/31/2026,WHITE,0,23,F,INDEX,,F,T,0,0
7/8/2026,3:49:00 PM,SPXW,ML/,776,47.91,,CALL,7600,0,3717815,7/31/2026,WHITE,0,23,F,INDEX,,F,T,0,0
7/8/2026,4:06:54 PM,SPXW,ML/,5000,47.54,,CALL,7600,0,23770000,7/31/2026,WHITE,0,23,F,INDEX,,F,T,0,0
7/8/2026,10:03:40 AM,VIX,ML/,500,2.49,,CALL,20,0,124500,9/16/2026,WHITE,0,70,F,INDEX,,F,T,0,0
7/8/2026,11:00:52 AM,VIX,ML/,1120,2.6164,,CALL,20,0,293040,9/16/2026,WHITE,0,70,F,INDEX,,F,T,0,0
7/8/2026,11:11:09 AM,VIX,BLOCK,200,2.65,,CALL,20,0,53000,9/16/2026,WHITE,0,70,F,INDEX,,F,T,0,0
7/8/2026,11:20:58 AM,VIX,BLOCK,200,2.63,,CALL,20,0,52600,9/16/2026,WHITE,0,70,F,INDEX,,F,T,0,0
7/8/2026,1:38:36 PM,VIX,ML/,925,2.43,,CALL,20,0,224775,9/16/2026,WHITE,0,70,F,INDEX,,F,T,0,0
7/8/2026,2:22:19 PM,SPXW,SWEEP,85,1.2,A,PUT,6900,0,10200,7/15/2026,WHITE,0,7,F,INDEX,,F,T,0,0
7/8/2026,2:33:40 PM,SPXW,BLOCK,100,1.2,,PUT,6900,0,12000,7/15/2026,WHITE,0,7,F,INDEX,,F,T,0,0
7/8/2026,11:12:56 AM,SPXW,ML/,51,23.3,,PUT,6500,0,118830,8/31/2026,WHITE,0,54,F,INDEX,,F,T,0,0
7/8/2026,12:04:17 PM,SPXW,ML/,250,59.26,,PUT,7000,0,1481500,8/31/2026,WHITE,0,54,F,INDEX,,F,T,0,0
7/8/2026,12:00:30 PM,XSP,ML/,100,1.8,,PUT,741,0,18000,7/9/2026,WHITE,0,1,F,INDEX,,F,T,0,0
7/8/2026,1:33:01 PM,SPXW,ML/,95,4.1994,,PUT,7075,0,39894,7/17/2026,WHITE,0,9,F,INDEX,,F,F,0,0
7/8/2026,11:22:29 AM,SPXW,ML/,200,19.1955,,CALL,7475,0,383910,7/10/2026,WHITE,0,2,F,INDEX,,F,T,0,0
7/8/2026,1:18:31 PM,SPXW,ML/,50,62.32,,CALL,7475,0,311600,7/17/2026,WHITE,0,9,F,INDEX,,F,F,0,0
7/8/2026,1:32:21 PM,SPXW,ML/,150,69.1047,,CALL,7475,0,1036569,7/17/2026,WHITE,0,9,F,INDEX,,F,F,0,0
7/8/2026,2:05:07 PM,SPXW,ML/,54,66.37,,CALL,7475,0,358398,7/17/2026,WHITE,0,9,F,INDEX,,F,F,0,0
7/8/2026,1:13:13 PM,SPXW,BLOCK,80,39.9,,CALL,7475,0,319200,7/13/2026,WHITE,0,5,F,INDEX,,F,T,0,0
7/8/2026,11:44:36 AM,SPXW,ML/,50,129.48,,CALL,7450,0,647399,8/7/2026,WHITE,0,30,F,INDEX,,F,T,0,0
7/8/2026,10:38:25 AM,SPXW,ML/,50,7.65,,PUT,7175,0,38250,7/15/2026,WHITE,0,7,F,INDEX,,F,T,0,0
7/8/2026,9:51:23 AM,RUTW,SWEEP,100,16.1349,A,PUT,2960,0,161349,7/9/2026,WHITE,0,1,F,INDEX,,F,T,0,0
7/8/2026,9:55:30 AM,RUTW,BLOCK,100,17.7,,PUT,2960,0,177000,7/9/2026,WHITE,0,1,F,INDEX,,F,T,0,0
7/8/2026,9:59:53 AM,VIXW,ML/,2000,0.44,,PUT,17,0,88000,7/15/2026,WHITE,0,7,F,INDEX,,F,T,0,0
7/8/2026,9:59:57 AM,VIXW,ML/,375,0.44,,PUT,17,0,16500,7/15/2026,WHITE,0,7,F,INDEX,,F,T,0,0
7/8/2026,3:59:53 PM,SPXW,BLOCK,50,16.2,,PUT,7405,0,80999,7/13/2026,WHITE,0,5,F,INDEX,,F,T,0,0
7/8/2026,3:11:15 PM,SPXW,ML/,300,39.5,,PUT,7175,0,1185000,8/7/2026,WHITE,0,30,F,INDEX,,F,T,0,0
7/8/2026,11:40:17 AM,SPXW,ML/,50,114.66,,CALL,7475,0,573300,8/7/2026,WHITE,0,30,F,INDEX,,F,T,0,0
7/8/2026,11:41:38 AM,VIXW,BLOCK,220,0.5,,CALL,21,0,11000,7/15/2026,WHITE,0,7,F,INDEX,,F,T,0,0
7/8/2026,11:07:46 AM,SPX,ML/,200,231.7,,PUT,7500,0,4634000,10/16/2026,WHITE,0,100,F,INDEX,,F,F,0,0
7/8/2026,3:50:45 PM,SPX,ML/,500,214,,PUT,7500,0,10700000,10/16/2026,WHITE,0,100,F,INDEX,,F,F,0,0
7/8/2026,11:29:58 AM,SPX,ML/,350,148.26,,PUT,7450,0,5189100,8/21/2026,WHITE,0,44,F,INDEX,,F,F,0,0
7/8/2026,11:50:57 AM,SPX,ML/,500,146.57,,PUT,7450,0,7328500,8/21/2026,WHITE,0,44,F,INDEX,,F,F,0,0
7/8/2026,12:57:54 PM,SPX,ML/,100,123.3,,PUT,7450,0,1233000,8/21/2026,WHITE,0,44,F,INDEX,,F,F,0,0
7/8/2026,9:33:05 AM,VIX,BLOCK,2500,0.2,,PUT,16,0,50000,7/22/2026,WHITE,0,14,F,INDEX,,F,T,0,0
7/8/2026,9:53:31 AM,VIX,ML/,3000,0.19,,PUT,16,0,57000,7/22/2026,WHITE,0,14,F,INDEX,,F,T,0,0
7/8/2026,10:15:41 AM,VIX,BLOCK,2070,0.18,,PUT,16,0,37260,7/22/2026,WHITE,0,14,F,INDEX,,F,T,0,0
7/8/2026,10:54:59 AM,VIX,BLOCK,750,0.16,,PUT,16,0,12000,7/22/2026,WHITE,0,14,F,INDEX,,F,T,0,0
7/8/2026,11:39:41 AM,VIX,ML/,1000,0.14,,PUT,16,0,14000,7/22/2026,WHITE,0,14,F,INDEX,,F,T,0,0
7/8/2026,2:42:07 PM,VIX,BLOCK,1000,0.21,,PUT,16,0,21000,7/22/2026,WHITE,0,14,F,INDEX,,F,T,0,0
7/8/2026,3:48:11 PM,VIX,BLOCK,25000,0.19,,PUT,16,0,475000,7/22/2026,WHITE,0,14,F,INDEX,,F,T,0,0
7/8/2026,9:52:59 AM,VIX,BLOCK,200,0.57,,CALL,21,0,11399,7/22/2026,WHITE,0,14,F,INDEX,,F,T,0,0
7/8/2026,10:14:19 AM,VIX,ML/,1000,0.6,,CALL,21,0,60000,7/22/2026,WHITE,0,14,F,INDEX,,F,T,0,0
7/8/2026,2:52:56 PM,VIX,BLOCK,216,0.56,,CALL,21,0,12096,7/22/2026,WHITE,0,14,F,INDEX,,F,T,0,0
7/8/2026,2:53:03 PM,VIX,BLOCK,577,0.5465,,CALL,21,0,31532,7/22/2026,WHITE,0,14,F,INDEX,,F,T,0,0
7/8/2026,2:53:05 PM,VIX,BLOCK,407,0.55,,CALL,21,0,22385,7/22/2026,WHITE,0,14,F,INDEX,,F,T,0,0
7/8/2026,2:53:07 PM,VIX,BLOCK,492,0.55,,CALL,21,0,27060,7/22/2026,WHITE,0,14,F,INDEX,,F,T,0,0
7/8/2026,2:53:09 PM,VIX,BLOCK,277,0.55,,CALL,21,0,15235,7/22/2026,WHITE,0,14,F,INDEX,,F,T,0,0
7/8/2026,2:56:05 PM,VIX,ML/,383,0.55,,CALL,21,0,21065,7/22/2026,WHITE,0,14,F,INDEX,,F,T,0,0
7/8/2026,2:56:57 PM,VIX,ML/,617,0.55,,CALL,21,0,33935,7/22/2026,WHITE,0,14,F,INDEX,,F,T,0,0
7/8/2026,3:56:33 PM,SPXW,ML/,90,12.13,,CALL,7570,0,109170,7/15/2026,WHITE,0,7,F,INDEX,,F,T,0,0
7/8/2026,11:10:20 AM,SPXW,SWEEP,50,75.894,A,CALL,7400,0,379470,7/13/2026,WHITE,0,5,F,INDEX,,F,T,0,0
7/8/2026,11:10:24 AM,SPXW,ML/,400,11.7,,CALL,7545,0,468000,7/14/2026,WHITE,0,6,F,INDEX,,F,T,0,0
7/8/2026,10:23:05 AM,SPXW,BLOCK,198,1.15,,PUT,6000,0,22770,7/22/2026,WHITE,0,14,F,INDEX,,F,T,0,0
7/8/2026,10:05:25 AM,SPX,ML/,120,112.99,,CALL,7550,0,1355880,8/21/2026,WHITE,0,44,F,INDEX,,F,F,0,0
7/8/2026,10:46:43 AM,SPX,BLOCK,110,108.5,,CALL,7550,0,1193500,8/21/2026,WHITE,0,44,F,INDEX,,F,F,0,0
7/8/2026,11:24:07 AM,SPX,ML/,200,102.26,,CALL,7550,0,2045200,8/21/2026,WHITE,0,44,F,INDEX,,F,F,0,0
7/8/2026,3:11:05 PM,SPX,ML/,50,117.5,,CALL,7550,0,587500,8/21/2026,WHITE,0,44,F,INDEX,,F,F,0,0
7/8/2026,3:11:07 PM,SPX,ML/,76,117.45,,CALL,7550,0,892620,8/21/2026,WHITE,0,44,F,INDEX,,F,F,0,0
7/8/2026,4:15:20 PM,SPX,ML/,200,114.79,,CALL,7550,0,2295800,8/21/2026,WHITE,0,44,F,INDEX,,F,F,0,0
7/8/2026,10:23:08 AM,SPXW,ML/,82,1.5045,,PUT,6550,0,12337,7/17/2026,WHITE,0,9,F,INDEX,,F,F,0,0
7/8/2026,11:55:20 AM,SPX,ML/,490,141.21,,CALL,7475,0,6919290,8/21/2026,WHITE,0,44,F,INDEX,,F,F,0,0
7/8/2026,12:24:34 PM,SPX,ML/,100,152.82,,CALL,7475,0,1528199,8/21/2026,WHITE,0,44,F,INDEX,,F,F,0,0
7/8/2026,10:09:35 AM,SPX,ML/,500,143.69,,CALL,7500,0,7184500,8/21/2026,WHITE,0,44,F,INDEX,,F,F,0,0
7/8/2026,10:10:18 AM,SPX,ML/,200,143.69,,CALL,7500,0,2873800,8/21/2026,WHITE,0,44,F,INDEX,,F,F,0,0
7/8/2026,10:14:17 AM,SPX,ML/,500,142.3,,CALL,7500,0,7115000,8/21/2026,WHITE,0,44,F,INDEX,,F,F,0,0
7/8/2026,10:16:55 AM,SPX,ML/,50,139.2,,CALL,7500,0,695999,8/21/2026,WHITE,0,44,F,INDEX,,F,F,0,0
7/8/2026,10:39:28 AM,SPX,ML/,300,136.98,,CALL,7500,0,4109399,8/21/2026,WHITE,0,44,F,INDEX,,F,F,0,0
7/8/2026,10:40:27 AM,SPX,ML/,200,136.15,,CALL,7500,0,2723000,8/21/2026,WHITE,0,44,F,INDEX,,F,F,0,0
7/8/2026,11:29:12 AM,SPX,ML/,750,125.19,,CALL,7500,0,9389250,8/21/2026,WHITE,0,44,F,INDEX,,F,F,0,0
7/8/2026,11:34:09 AM,SPX,ML/,300,128.5,,CALL,7500,0,3855000,8/21/2026,WHITE,0,44,F,INDEX,,F,F,0,0
7/8/2026,12:55:00 PM,SPX,ML/,200,143.1,,CALL,7500,0,2862000,8/21/2026,WHITE,0,44,F,INDEX,,F,F,0,0
7/8/2026,1:16:17 PM,SPX,ML/,90,143.51,,CALL,7500,0,1291590,8/21/2026,WHITE,0,44,F,INDEX,,F,F,0,0
7/8/2026,4:12:50 PM,SPX,ML/,250,144.65,,CALL,7500,0,3616250,8/21/2026,WHITE,0,44,F,INDEX,,F,F,0,0
7/8/2026,3:43:12 PM,XSP,ML/,50,9.33,,PUT,757,0,46650,7/8/2026,WHITE,0,0,F,INDEX,,F,T,0,0
7/8/2026,3:09:50 PM,XSP,ML/,80,2.87,,PUT,707,0,22960,8/7/2026,WHITE,0,30,F,INDEX,,F,T,0,0
7/8/2026,9:38:31 AM,VIX,ML/,1800,1.04,,CALL,25,0,187200,8/19/2026,WHITE,0,42,F,INDEX,,F,T,0,0
7/8/2026,10:04:10 AM,VIX,ML/,10000,1.02,,CALL,25,0,1020000,8/19/2026,WHITE,0,42,F,INDEX,,F,T,0,0
7/8/2026,10:50:41 AM,VIX,BLOCK,100,1.14,,CALL,25,0,11399,8/19/2026,WHITE,0,42,F,INDEX,,F,T,0,0
7/8/2026,11:35:44 AM,VIX,ML/,119,1.17,,CALL,25,0,13922,8/19/2026,WHITE,0,42,F,INDEX,,F,T,0,0
7/8/2026,11:35:50 AM,VIX,ML/,320,1.15,,CALL,25,0,36800,8/19/2026,WHITE,0,42,F,INDEX,,F,T,0,0
7/8/2026,11:47:07 AM,VIX,BLOCK,1000,1.17,,CALL,25,0,117000,8/19/2026,WHITE,0,42,F,INDEX,,F,T,0,0
7/8/2026,11:48:43 AM,XSP,ML/,50,2.045,,PUT,738,0,10225,7/10/2026,WHITE,0,2,F,INDEX,,F,T,0,0
7/8/2026,2:50:32 PM,SPXW,ML/,75,5.44,,PUT,7250,0,40800,7/14/2026,WHITE,0,6,F,INDEX,,F,T,0,0
7/8/2026,9:32:01 AM,SPXW,BLOCK,53,7.7,,CALL,7775,0,40810,7/31/2026,WHITE,0,23,F,INDEX,,F,T,0,0
7/8/2026,9:32:13 AM,SPXW,BLOCK,56,7.9,,CALL,7775,0,44240,7/31/2026,WHITE,0,23,F,INDEX,,F,T,0,0
7/8/2026,2:11:45 PM,SPXW,ML/,120,7.7,,CALL,7775,0,92400,7/31/2026,WHITE,0,23,F,INDEX,,F,T,0,0
7/8/2026,2:51:01 PM,SPXW,BLOCK,2714,1.25,,PUT,6925,0,339250,7/15/2026,WHITE,0,7,F,INDEX,,F,T,0,0
7/8/2026,2:55:14 PM,SPXW,BLOCK,200,1.25,,PUT,6925,0,25000,7/15/2026,WHITE,0,7,F,INDEX,,F,T,0,0
7/8/2026,12:39:44 PM,SPXW,ML/,100,56.126,,PUT,7490,0,561260,7/13/2026,WHITE,0,5,F,INDEX,,F,T,0,0
7/8/2026,12:57:02 PM,SPXW,BLOCK,100,1.8,,CALL,7605,0,18000,7/13/2026,WHITE,0,5,F,INDEX,,F,T,0,0
7/8/2026,12:29:38 PM,SPXW,ML/,60,32.72,,PUT,7395,0,196320,7/15/2026,WHITE,0,7,F,INDEX,,F,T,0,0
7/8/2026,2:41:52 PM,SPXW,ML/,200,37.3,,CALL,7550,0,745999,7/22/2026,WHITE,0,14,F,INDEX,,F,T,0,0
7/8/2026,11:25:38 AM,SPXW,ML/,50,12.9,,PUT,7370,0,64500,7/9/2026,WHITE,0,1,F,INDEX,,F,T,0,0
7/8/2026,3:47:22 PM,SPXW,ML/,53,2.25,,PUT,7370,0,11925,7/9/2026,WHITE,0,1,F,INDEX,,F,T,0,0
7/8/2026,3:47:22 PM,SPXW,ML/,177,2.25,,PUT,7370,0,39825,7/9/2026,WHITE,0,1,F,INDEX,,F,T,0,0
7/8/2026,4:16:12 PM,SPXW,ML/,50,2.12,,PUT,7370,0,10600,7/9/2026,WHITE,0,1,F,INDEX,,F,T,0,0
7/8/2026,9:32:02 AM,SPXW,BLOCK,180,14,,PUT,6900,0,252000,7/31/2026,WHITE,0,23,F,INDEX,,F,T,0,0
7/8/2026,3:39:13 PM,SPXW,SWEEP,50,11.9,A,PUT,6900,0,59500,7/31/2026,WHITE,0,23,F,INDEX,,F,T,0,0
7/8/2026,3:51:46 PM,SPXW,ML/,200,11.55,,PUT,6900,0,231000,7/31/2026,WHITE,0,23,F,INDEX,,F,T,0,0
7/8/2026,2:58:12 PM,SPXW,ML/,182,9.99,,CALL,7750,0,181818,7/31/2026,WHITE,0,23,F,INDEX,,F,T,0,0
7/8/2026,11:24:07 AM,SPXW,ML/,200,65,,PUT,7300,0,1300000,7/31/2026,WHITE,0,23,F,INDEX,,F,T,0,0
7/8/2026,11:50:02 AM,SPXW,ML/,100,65.65,,PUT,7300,0,656500,7/31/2026,WHITE,0,23,F,INDEX,,F,T,0,0
7/8/2026,3:50:14 PM,SPXW,BLOCK,80,37.8,,CALL,7480,0,302400,7/13/2026,WHITE,0,5,F,INDEX,,F,T,0,0
7/8/2026,1:48:18 PM,SPXW,ML/,57,14.1993,,CALL,7530,0,80936,7/13/2026,WHITE,0,5,F,INDEX,,F,T,0,0
7/8/2026,1:53:10 PM,SPXW,BLOCK,50,15,,CALL,7530,0,75000,7/13/2026,WHITE,0,5,F,INDEX,,F,T,0,0
7/8/2026,1:54:15 PM,SPXW,BLOCK,50,14.3,,CALL,7530,0,71500,7/13/2026,WHITE,0,5,F,INDEX,,F,T,0,0
7/8/2026,9:32:04 AM,VIX,BLOCK,250,3,,CALL,15,0,75000,7/22/2026,WHITE,0,14,F,INDEX,,F,T,0,0
7/8/2026,10:11:18 AM,VIX,BLOCK,250,3.1,,CALL,15,0,77500,7/22/2026,WHITE,0,14,F,INDEX,,F,T,0,0
7/8/2026,1:06:23 PM,VIX,BLOCK,300,3,,CALL,15,0,90000,7/22/2026,WHITE,0,14,F,INDEX,,F,T,0,0
7/8/2026,1:40:48 PM,VIX,BLOCK,100,2.91,,CALL,15,0,29100,7/22/2026,WHITE,0,14,F,INDEX,,F,T,0,0
7/8/2026,3:47:33 PM,VIX,BLOCK,300,3.1,,CALL,15,0,93000,7/22/2026,WHITE,0,14,F,INDEX,,F,T,0,0
7/8/2026,3:54:44 PM,VIX,BLOCK,300,3,,CALL,15,0,90000,7/22/2026,WHITE,0,14,F,INDEX,,F,T,0,0
7/8/2026,4:12:59 PM,VIX,BLOCK,280,3.1,,CALL,15,0,86800,7/22/2026,WHITE,0,14,F,INDEX,,F,T,0,0
7/8/2026,2:19:09 PM,XSP,ML/,100,6.69,,PUT,754,0,66900,7/9/2026,WHITE,0,1,F,INDEX,,F,T,0,0
7/8/2026,2:19:16 PM,XSP,ML/,80,6.675,,PUT,754,0,53400,7/9/2026,WHITE,0,1,F,INDEX,,F,T,0,0
7/8/2026,4:11:27 PM,SPXW,BLOCK,93,51.028,,PUT,7500,0,474559,7/13/2026,WHITE,0,5,F,INDEX,,F,T,0,0
7/8/2026,1:23:40 PM,XSP,BLOCK,400,1.2709,,CALL,752,0,50835,7/10/2026,WHITE,0,2,F,INDEX,,F,T,0,0
7/8/2026,10:34:53 AM,SPX,ML/,350,23.25,,CALL,8000,0,813750,9/18/2026,WHITE,0,72,F,INDEX,,F,F,0,0
7/8/2026,11:27:19 AM,SPX,ML/,100,20.25,,CALL,8000,0,202500,9/18/2026,WHITE,0,72,F,INDEX,,F,F,0,0
7/8/2026,1:45:50 PM,SPX,ML/,100,23.7,,CALL,8000,0,237000,9/18/2026,WHITE,0,72,F,INDEX,,F,F,0,0
7/8/2026,4:06:03 PM,SPX,ML/,100,23.57,,CALL,8000,0,235700,9/18/2026,WHITE,0,72,F,INDEX,,F,F,0,0
7/8/2026,4:07:46 PM,SPX,ML/,1500,23.91,,CALL,8000,0,3586500,9/18/2026,WHITE,0,72,F,INDEX,,F,F,0,0
7/8/2026,4:08:32 PM,SPX,ML/,1000,23.77,,CALL,8000,0,2377000,9/18/2026,WHITE,0,72,F,INDEX,,F,F,0,0
7/8/2026,1:05:21 PM,SPXW,ML/,64,18.97,,PUT,7130,0,121408,7/28/2026,WHITE,0,20,F,INDEX,,F,T,0,0
7/8/2026,3:25:09 PM,SPXW,ML/,50,29.76,,PUT,7400,0,148800,7/16/2026,WHITE,0,8,F,INDEX,,F,T,0,0
7/8/2026,9:53:22 AM,SPXW,ML/,78,54.84,,PUT,7250,0,427752,8/7/2026,WHITE,0,30,F,INDEX,,F,T,0,0
7/8/2026,10:31:39 AM,SPXW,BLOCK,50,79.1,,PUT,7495,0,395499,7/17/2026,WHITE,0,9,F,INDEX,,F,F,0,0
7/8/2026,11:30:48 AM,VIXW,BLOCK,75,2.05,,CALL,17,0,15375,7/15/2026,WHITE,0,7,F,INDEX,,F,T,0,0
7/8/2026,9:32:25 AM,RUTW,BLOCK,90,6.5913,,CALL,2975,0,59322,7/8/2026,WHITE,0,0,F,INDEX,,F,T,0,0
7/8/2026,11:30:34 AM,VIX,ML/,346,1.46,,PUT,19,0,50516,7/22/2026,WHITE,0,14,F,INDEX,,F,T,0,0
7/8/2026,2:56:05 PM,VIX,ML/,383,1.91,,PUT,19,0,73153,7/22/2026,WHITE,0,14,F,INDEX,,F,T,0,0
7/8/2026,2:56:57 PM,VIX,ML/,617,1.9,,PUT,19,0,117230,7/22/2026,WHITE,0,14,F,INDEX,,F,T,0,0
7/8/2026,9:41:00 AM,SPXW,BLOCK,100,26.8,,CALL,7475,0,268000,7/9/2026,WHITE,0,1,F,INDEX,,F,T,0,0
7/8/2026,9:49:50 AM,SPXW,ML/,250,26.45,,CALL,7475,0,661250,7/9/2026,WHITE,0,1,F,INDEX,,F,T,0,0
7/8/2026,10:13:06 AM,SPXW,BLOCK,100,21,,CALL,7475,0,210000,7/9/2026,WHITE,0,1,F,INDEX,,F,T,0,0
7/8/2026,10:16:03 AM,SPXW,BLOCK,50,19,,CALL,7475,0,95000,7/9/2026,WHITE,0,1,F,INDEX,,F,T,0,0
7/8/2026,10:26:19 AM,SPXW,ML/,500,23.3,,CALL,7475,0,1165000,7/9/2026,WHITE,0,1,F,INDEX,,F,T,0,0
7/8/2026,10:35:25 AM,SPXW,BLOCK,50,19.6,,CALL,7475,0,98000,7/9/2026,WHITE,0,1,F,INDEX,,F,T,0,0
7/8/2026,12:11:06 PM,SPXW,ML/,60,13.7,,CALL,7475,0,82200,7/9/2026,WHITE,0,1,F,INDEX,,F,T,0,0
7/8/2026,12:11:13 PM,SPXW,BLOCK,53,14,,CALL,7475,0,74200,7/9/2026,WHITE,0,1,F,INDEX,,F,T,0,0
7/8/2026,12:35:32 PM,SPXW,ML/,150,17.688,,CALL,7475,0,265320,7/9/2026,WHITE,0,1,F,INDEX,,F,T,0,0
7/8/2026,12:52:15 PM,SPXW,ML/,50,22.2,,CALL,7475,0,111000,7/9/2026,WHITE,0,1,F,INDEX,,F,T,0,0
7/8/2026,12:52:56 PM,SPXW,ML/,50,22.62,,CALL,7475,0,113100,7/9/2026,WHITE,0,1,F,INDEX,,F,T,0,0
7/8/2026,1:19:53 PM,SPXW,BLOCK,118,24.1,,CALL,7475,0,284380,7/9/2026,WHITE,0,1,F,INDEX,,F,T,0,0
7/8/2026,1:25:54 PM,SPXW,ML/,50,27.13,,CALL,7475,0,135650,7/9/2026,WHITE,0,1,F,INDEX,,F,T,0,0
7/8/2026,1:47:02 PM,SPXW,BLOCK,100,23.988,,CALL,7475,0,239880,7/9/2026,WHITE,0,1,F,INDEX,,F,T,0,0
7/8/2026,1:52:34 PM,SPXW,ML/,50,24.1,,CALL,7475,0,120500,7/9/2026,WHITE,0,1,F,INDEX,,F,T,0,0
7/8/2026,3:33:17 PM,SPXW,ML/,50,22.55,,CALL,7475,0,112750,7/9/2026,WHITE,0,1,F,INDEX,,F,T,0,0
7/8/2026,3:58:15 PM,SPXW,BLOCK,300,27.4027,,CALL,7475,0,822079,7/9/2026,WHITE,0,1,F,INDEX,,F,T,0,0
7/8/2026,12:08:34 PM,SPXW,ML/,74,65.8192,,PUT,7390,0,487062,7/24/2026,WHITE,0,16,F,INDEX,,F,T,0,0
7/8/2026,10:19:13 AM,SPXW,ML/,55,7.6087,,PUT,7180,0,41848,7/15/2026,WHITE,0,7,F,INDEX,,F,T,0,0
7/8/2026,12:04:07 PM,SPXW,ML/,105,9.17,,PUT,7180,0,96284,7/15/2026,WHITE,0,7,F,INDEX,,F,T,0,0
7/8/2026,12:04:44 PM,SPXW,ML/,105,8.92,,PUT,7180,0,93659,7/15/2026,WHITE,0,7,F,INDEX,,F,T,0,0
7/8/2026,12:10:05 PM,SPXW,ML/,105,8.0567,,PUT,7180,0,84595,7/15/2026,WHITE,0,7,F,INDEX,,F,T,0,0
7/8/2026,12:29:38 PM,SPXW,ML/,360,6.64,,PUT,7180,0,239040,7/15/2026,WHITE,0,7,F,INDEX,,F,T,0,0
7/8/2026,1:31:13 PM,SPXW,ML/,105,4.2922,,PUT,7180,0,45068,7/15/2026,WHITE,0,7,F,INDEX,,F,T,0,0
7/8/2026,10:10:41 AM,VIXW,ML/,1000,2.05,,CALL,16,0,205000,7/15/2026,WHITE,0,7,F,INDEX,,F,T,0,0
7/8/2026,10:24:20 AM,VIXW,ML/,1000,2.17,,CALL,16,0,217000,7/15/2026,WHITE,0,7,F,INDEX,,F,T,0,0
7/8/2026,10:33:46 AM,VIXW,ML/,1000,2.32,,CALL,16,0,232000,7/15/2026,WHITE,0,7,F,INDEX,,F,T,0,0
7/8/2026,10:43:14 AM,VIXW,BLOCK,94,2.5,,CALL,16,0,23500,7/15/2026,WHITE,0,7,F,INDEX,,F,T,0,0
7/8/2026,10:46:30 AM,VIXW,BLOCK,100,2.5,,CALL,16,0,25000,7/15/2026,WHITE,0,7,F,INDEX,,F,T,0,0
7/8/2026,11:16:19 AM,VIXW,BLOCK,74,2.75,,CALL,16,0,20350,7/15/2026,WHITE,0,7,F,INDEX,,F,T,0,0
7/8/2026,12:04:07 PM,SPXW,ML/,105,7.52,,PUT,7150,0,78959,7/15/2026,WHITE,0,7,F,INDEX,,F,T,0,0
7/8/2026,12:04:44 PM,SPXW,ML/,105,7.32,,PUT,7150,0,76860,7/15/2026,WHITE,0,7,F,INDEX,,F,T,0,0
7/8/2026,12:10:05 PM,SPXW,ML/,105,6.5567,,PUT,7150,0,68845,7/15/2026,WHITE,0,7,F,INDEX,,F,T,0,0
7/8/2026,1:31:13 PM,SPXW,ML/,105,3.4922,,PUT,7150,0,36668,7/15/2026,WHITE,0,7,F,INDEX,,F,T,0,0
7/8/2026,9:46:29 AM,NDX,BLOCK,200,562,,PUT,27000,0,11240000,9/18/2026,WHITE,0,72,F,INDEX,,F,F,0,0
7/8/2026,10:23:04 AM,SPXW,BLOCK,198,1.1351,,PUT,6100,0,22475,7/21/2026,WHITE,0,13,F,INDEX,,F,T,0,0
7/8/2026,11:46:06 AM,SPXW,ML/,65,2.1146,,CALL,7555,0,13744,7/10/2026,WHITE,0,2,F,INDEX,,F,T,0,0
7/8/2026,12:39:43 PM,SPXW,BLOCK,75,2.6913,,CALL,7555,0,20185,7/10/2026,WHITE,0,2,F,INDEX,,F,T,0,0
7/8/2026,10:28:41 AM,SPX,ML/,438,80,,CALL,7750,0,3504000,9/18/2026,WHITE,0,72,F,INDEX,,F,F,0,0
7/8/2026,2:34:22 PM,SPX,ML/,100,80.45,,CALL,7750,0,804500,9/18/2026,WHITE,0,72,F,INDEX,,F,F,0,0
7/8/2026,10:46:04 AM,SPX,ML/,72,195,,CALL,7500,0,1404000,9/18/2026,WHITE,0,72,F,INDEX,,F,F,0,0
7/8/2026,10:54:51 AM,SPX,ML/,500,194.73,,CALL,7500,0,9736500,9/18/2026,WHITE,0,72,F,INDEX,,F,F,0,0
7/8/2026,10:56:39 AM,SPX,ML/,100,194.73,,CALL,7500,0,1947300,9/18/2026,WHITE,0,72,F,INDEX,,F,F,0,0
7/8/2026,11:29:12 AM,SPX,ML/,750,182.21,,CALL,7500,0,13665750,9/18/2026,WHITE,0,72,F,INDEX,,F,F,0,0
7/8/2026,12:31:40 PM,SPX,ML/,220,199.45,,CALL,7500,0,4387900,9/18/2026,WHITE,0,72,F,INDEX,,F,F,0,0
7/8/2026,12:40:56 PM,SPX,ML/,100,198.33,,CALL,7500,0,1983300,9/18/2026,WHITE,0,72,F,INDEX,,F,F,0,0
7/8/2026,12:47:18 PM,SPX,ML/,85,201,,CALL,7500,0,1708500,9/18/2026,WHITE,0,72,F,INDEX,,F,F,0,0
7/8/2026,1:00:17 PM,SPX,ML/,250,203.15,,CALL,7500,0,5078750,9/18/2026,WHITE,0,72,F,INDEX,,F,F,0,0
7/8/2026,1:15:08 PM,SPX,ML/,62,202.5,,CALL,7500,0,1255500,9/18/2026,WHITE,0,72,F,INDEX,,F,F,0,0
7/8/2026,1:29:23 PM,SPX,ML/,600,207.12,,CALL,7500,0,12427200,9/18/2026,WHITE,0,72,F,INDEX,,F,F,0,0
7/8/2026,1:29:28 PM,SPX,ML/,2625,208.31,,CALL,7500,0,54681375,9/18/2026,WHITE,0,72,F,INDEX,,F,F,0,0
7/8/2026,1:45:30 PM,SPX,ML/,200,203.97,,CALL,7500,0,4079400,9/18/2026,WHITE,0,72,F,INDEX,,F,F,0,0
7/8/2026,2:49:34 PM,SPX,ML/,500,204,,CALL,7500,0,10200000,9/18/2026,WHITE,0,72,F,INDEX,,F,F,0,0
7/8/2026,3:08:42 PM,SPX,ML/,2625,205.79,,CALL,7500,0,54019875,9/18/2026,WHITE,0,72,F,INDEX,,F,F,0,0
7/8/2026,3:25:58 PM,SPX,ML/,500,204.94,,CALL,7500,0,10247000,9/18/2026,WHITE,0,72,F,INDEX,,F,F,0,0
7/8/2026,4:06:09 PM,SPX,ML/,300,204,,CALL,7500,0,6120000,9/18/2026,WHITE,0,72,F,INDEX,,F,F,0,0
7/8/2026,12:29:28 PM,SPXW,ML/,59,36.46,,PUT,7410,0,215114,7/15/2026,WHITE,0,7,F,INDEX,,F,T,0,0
7/8/2026,1:28:11 PM,SPXW,BLOCK,80,38.3,,CALL,7485,0,306400,7/13/2026,WHITE,0,5,F,INDEX,,F,T,0,0
7/8/2026,1:29:02 PM,SPXW,BLOCK,80,39.3,,CALL,7485,0,314400,7/13/2026,WHITE,0,5,F,INDEX,,F,T,0,0
7/8/2026,1:39:44 PM,SPXW,BLOCK,80,37.8,,CALL,7485,0,302400,7/13/2026,WHITE,0,5,F,INDEX,,F,T,0,0
7/8/2026,1:48:42 PM,SPXW,BLOCK,80,33.5,,CALL,7485,0,268000,7/13/2026,WHITE,0,5,F,INDEX,,F,T,0,0
7/8/2026,11:28:40 AM,SPXW,ML/,500,18.58,,CALL,7490,0,928999,7/13/2026,WHITE,0,5,F,INDEX,,F,T,0,0
7/8/2026,11:31:15 AM,SPXW,ML/,300,18.21,,CALL,7490,0,546300,7/13/2026,WHITE,0,5,F,INDEX,,F,T,0,0
7/8/2026,4:08:56 PM,SPXW,ML/,250,32.5,,CALL,7490,0,812500,7/13/2026,WHITE,0,5,F,INDEX,,F,T,0,0
7/8/2026,10:01:27 AM,SPXW,ML/,79,49.8,,CALL,7450,0,393420,7/10/2026,WHITE,0,2,F,INDEX,,F,T,0,0
7/8/2026,10:01:29 AM,SPXW,ML/,130,50.5652,,CALL,7450,0,657348,7/10/2026,WHITE,0,2,F,INDEX,,F,T,0,0
7/8/2026,10:01:29 AM,SPXW,ML/,286,50.2983,,CALL,7450,0,1438530,7/10/2026,WHITE,0,2,F,INDEX,,F,T,0,0
7/8/2026,10:05:46 AM,SPXW,ML/,56,48.92,,CALL,7450,0,273952,7/10/2026,WHITE,0,2,F,INDEX,,F,T,0,0
7/8/2026,11:55:38 AM,SPXW,BLOCK,68,29.0324,,CALL,7450,0,197420,7/10/2026,WHITE,0,2,F,INDEX,,F,T,0,0
7/8/2026,11:28:40 AM,SPXW,ML/,500,11.08,,CALL,7515,0,554000,7/13/2026,WHITE,0,5,F,INDEX,,F,T,0,0
7/8/2026,11:31:15 AM,SPXW,ML/,300,10.81,,CALL,7515,0,324300,7/13/2026,WHITE,0,5,F,INDEX,,F,T,0,0
7/8/2026,9:44:39 AM,NDXP,SWEEP,311,67.4,A,CALL,29280,0,2096140,7/8/2026,WHITE,0,0,F,INDEX,,F,T,0,0
7/8/2026,3:17:49 PM,NDXP,ML/,53,2.25,,CALL,29280,0,11925,7/8/2026,WHITE,0,0,F,INDEX,,F,T,0,0
7/8/2026,3:58:04 PM,NDXP,ML/,69,6.031,,CALL,29280,0,41614,7/8/2026,WHITE,0,0,F,INDEX,,F,T,0,0
7/8/2026,9:32:27 AM,SPXW,ML/,50,2.46,,PUT,5000,0,12300,8/21/2026,WHITE,0,44,F,INDEX,,F,F,0,0
7/8/2026,9:32:27 AM,SPXW,ML/,100,1.805,,PUT,4700,0,18050,8/21/2026,WHITE,0,44,F,INDEX,,F,F,0,0
7/8/2026,4:10:35 PM,XSP,ML/,60,2.54,,CALL,747,0,15240,7/9/2026,WHITE,0,1,F,INDEX,,F,T,0,0
7/8/2026,3:31:01 PM,SPXW,BLOCK,60,2.5,,CALL,7565,0,15000,7/10/2026,WHITE,0,2,F,INDEX,,F,T,0,0
7/8/2026,12:21:19 PM,SPXW,ML/,58,33.04,,CALL,7490,0,191632,7/14/2026,WHITE,0,6,F,INDEX,,F,T,0,0
7/8/2026,9:59:10 AM,VIX,ML/,557,1.22,,CALL,23,0,67954,8/19/2026,WHITE,0,42,F,INDEX,,F,T,0,0
7/8/2026,10:00:35 AM,VIX,ML/,500,1.23,,CALL,23,0,61500,8/19/2026,WHITE,0,42,F,INDEX,,F,T,0,0
7/8/2026,10:00:40 AM,VIX,ML/,443,1.22,,CALL,23,0,54046,8/19/2026,WHITE,0,42,F,INDEX,,F,T,0,0
7/8/2026,11:06:47 AM,VIX,ML/,10000,1.36,,CALL,23,0,1360000,8/19/2026,WHITE,0,42,F,INDEX,,F,T,0,0
7/8/2026,4:04:17 PM,VIX,BLOCK,300,1.24,,CALL,23,0,37200,8/19/2026,WHITE,0,42,F,INDEX,,F,T,0,0
7/8/2026,10:51:04 AM,SPXW,ML/,65,46.5969,,CALL,7610,0,302880,8/5/2026,WHITE,0,28,F,INDEX,,F,T,0,0
7/8/2026,10:53:05 AM,SPXW,ML/,170,4.96,,PUT,7200,0,84320,7/13/2026,WHITE,0,5,F,INDEX,,F,T,0,0
7/8/2026,12:55:55 PM,SPXW,ML/,170,2.59,,PUT,7200,0,44029,7/13/2026,WHITE,0,5,F,INDEX,,F,T,0,0
7/8/2026,10:41:28 AM,SPXW,ML/,50,52.45,,PUT,7430,0,262250,7/16/2026,WHITE,0,8,F,INDEX,,F,T,0,0
7/8/2026,12:33:58 PM,SPXW,ML/,200,74.65,,CALL,7575,0,1493000,8/10/2026,WHITE,0,33,F,INDEX,,F,T,0,0
7/8/2026,3:53:05 PM,XSP,BLOCK,125,0.85,,CALL,751,0,10625,7/9/2026,WHITE,0,1,F,INDEX,,F,T,0,0
7/8/2026,11:14:23 AM,SPXW,ML/,50,9.38,,PUT,7365,0,46900,7/9/2026,WHITE,0,1,F,INDEX,,F,T,0,0
7/8/2026,3:45:37 PM,SPXW,ML/,58,1.816,,PUT,7365,0,10533,7/9/2026,WHITE,0,1,F,INDEX,,F,T,0,0
7/8/2026,3:47:22 PM,SPXW,ML/,53,2,,PUT,7365,0,10600,7/9/2026,WHITE,0,1,F,INDEX,,F,T,0,0
7/8/2026,3:47:22 PM,SPXW,ML/,177,2,,PUT,7365,0,35400,7/9/2026,WHITE,0,1,F,INDEX,,F,T,0,0
7/8/2026,9:33:34 AM,VIX,BLOCK,100,4.05,,CALL,15,0,40500,8/19/2026,WHITE,0,42,F,INDEX,,F,T,0,0
7/8/2026,9:50:15 AM,VIX,BLOCK,80,4,,CALL,15,0,32000,8/19/2026,WHITE,0,42,F,INDEX,,F,T,0,0
7/8/2026,10:26:49 AM,SPXW,ML/,500,15.6,,CALL,7550,0,780000,7/14/2026,WHITE,0,6,F,INDEX,,F,T,0,0
7/8/2026,10:28:43 AM,SPXW,ML/,356,13.8445,,CALL,7550,0,492864,7/14/2026,WHITE,0,6,F,INDEX,,F,T,0,0
7/8/2026,10:28:45 AM,SPXW,ML/,144,13.7561,,CALL,7550,0,198088,7/14/2026,WHITE,0,6,F,INDEX,,F,T,0,0
7/8/2026,10:32:43 AM,SPXW,ML/,500,13.43,,CALL,7550,0,671500,7/14/2026,WHITE,0,6,F,INDEX,,F,T,0,0
7/8/2026,10:36:42 AM,SPXW,ML/,500,12.77,,CALL,7550,0,638500,7/14/2026,WHITE,0,6,F,INDEX,,F,T,0,0
7/8/2026,10:39:28 AM,SPXW,ML/,500,12.95,,CALL,7550,0,647500,7/14/2026,WHITE,0,6,F,INDEX,,F,T,0,0
7/8/2026,10:45:14 AM,SPXW,ML/,495,12.2,,CALL,7550,0,603900,7/14/2026,WHITE,0,6,F,INDEX,,F,T,0,0
7/8/2026,10:52:52 AM,SPXW,ML/,435,11.32,,CALL,7550,0,492420,7/14/2026,WHITE,0,6,F,INDEX,,F,T,0,0
7/8/2026,11:10:24 AM,SPXW,ML/,400,18.65,,CALL,7520,0,745999,7/14/2026,WHITE,0,6,F,INDEX,,F,T,0,0
7/8/2026,10:41:28 AM,SPXW,ML/,50,59.8,,PUT,7450,0,299000,7/16/2026,WHITE,0,8,F,INDEX,,F,T,0,0
7/8/2026,2:04:08 PM,NDXP,ML/,50,17.3878,,CALL,29300,0,86939,7/8/2026,WHITE,0,0,F,INDEX,,F,T,0,0
7/8/2026,9:59:54 AM,SPX,ML/,50,129.89,,PUT,6975,0,649449,11/20/2026,WHITE,0,135,F,INDEX,,F,F,0,0
7/8/2026,12:40:25 PM,SPX,ML/,50,132.49,,PUT,6975,0,662450,11/20/2026,WHITE,0,135,F,INDEX,,F,F,0,0
7/8/2026,3:15:04 PM,SPX,ML/,50,127.39,,PUT,6975,0,636950,11/20/2026,WHITE,0,135,F,INDEX,,F,F,0,0
7/8/2026,10:42:10 AM,SPXW,ML/,50,3.2,,CALL,7610,0,16000,7/14/2026,WHITE,0,6,F,INDEX,,F,T,0,0
7/8/2026,10:49:20 AM,SPXW,ML/,50,2.75,,CALL,7610,0,13750,7/14/2026,WHITE,0,6,F,INDEX,,F,T,0,0
7/8/2026,11:00:01 AM,SPXW,ML/,50,2.85,,CALL,7610,0,14250,7/14/2026,WHITE,0,6,F,INDEX,,F,T,0,0
7/8/2026,11:52:15 AM,SPXW,ML/,60,2,,CALL,7610,0,12000,7/14/2026,WHITE,0,6,F,INDEX,,F,T,0,0
7/8/2026,11:56:11 AM,SPXW,ML/,60,2.1,,CALL,7610,0,12600,7/14/2026,WHITE,0,6,F,INDEX,,F,T,0,0
7/8/2026,9:55:35 AM,RUTW,ML/,95,13.3738,,PUT,2965,0,127051,7/8/2026,WHITE,0,0,F,INDEX,,F,T,0,0
7/8/2026,12:34:05 PM,SPXW,ML/,50,91.7692,,CALL,7500,0,458846,7/31/2026,WHITE,0,23,F,INDEX,,F,T,0,0
7/8/2026,3:29:10 PM,SPXW,ML/,50,97.58,,CALL,7500,0,487900,7/31/2026,WHITE,0,23,F,INDEX,,F,T,0,0
7/8/2026,11:52:07 AM,SPXW,ML/,150,88.04,,CALL,7360,0,1320600,7/10/2026,WHITE,0,2,F,INDEX,,F,T,0,0
7/8/2026,11:28:45 AM,NDXP,SWEEP,91,12.9,A,CALL,30000,0,117390,7/13/2026,WHITE,0,5,F,INDEX,,F,T,0,0
7/8/2026,11:31:14 AM,NDXP,BLOCK,50,11.5916,,CALL,30000,0,57957,7/13/2026,WHITE,0,5,F,INDEX,,F,T,0,0
7/8/2026,10:14:46 AM,SPX,ML/,100,159.8,,PUT,7300,0,1598000,10/16/2026,WHITE,0,100,F,INDEX,,F,F,0,0
7/8/2026,3:56:54 PM,SPX,ML/,1000,150.73,,PUT,7300,0,15072999,10/16/2026,WHITE,0,100,F,INDEX,,F,F,0,0
7/8/2026,10:38:07 AM,SPX,ML/,100,149.4,,PUT,7600,0,1494000,7/17/2026,WHITE,0,9,F,INDEX,,F,F,0,0
7/8/2026,3:01:50 PM,SPX,ML/,1250,12.25,,CALL,7590,0,1531250,7/17/2026,WHITE,0,9,F,INDEX,,F,F,0,0
7/8/2026,1:38:17 PM,SPX,ML/,209,190,,CALL,7530,0,3971000,9/18/2026,WHITE,0,72,F,INDEX,,F,F,0,0
7/8/2026,1:43:24 PM,SPX,ML/,87,187,,CALL,7530,0,1626900,9/18/2026,WHITE,0,72,F,INDEX,,F,F,0,0
7/8/2026,1:44:21 PM,SPX,ML/,266,187,,CALL,7530,0,4974200,9/18/2026,WHITE,0,72,F,INDEX,,F,F,0,0
7/8/2026,2:09:31 PM,SPX,ML/,1020,188,,CALL,7530,0,19176000,9/18/2026,WHITE,0,72,F,INDEX,,F,F,0,0
7/8/2026,9:33:00 AM,SPXW,ML/,75,1.71,,CALL,7900,0,12825,7/31/2026,WHITE,0,23,F,INDEX,,F,T,0,0
7/8/2026,10:53:46 AM,NDXP,ML/,56,6.418,,CALL,29400,0,35941,7/8/2026,WHITE,0,0,F,INDEX,,F,T,0,0
7/8/2026,12:53:32 PM,NDXP,ML/,53,6.0662,,CALL,29400,0,32151,7/8/2026,WHITE,0,0,F,INDEX,,F,T,0,0
7/8/2026,9:58:08 AM,RUTW,BLOCK,100,27.2,,PUT,2980,0,272000,7/10/2026,WHITE,0,2,F,INDEX,,F,T,0,0
7/8/2026,1:48:18 PM,SPXW,ML/,57,9.9989,,CALL,7545,0,56994,7/13/2026,WHITE,0,5,F,INDEX,,F,T,0,0
7/8/2026,11:28:33 AM,SPXW,ML/,160,1.745,,CALL,7630,0,27920,7/15/2026,WHITE,0,7,F,INDEX,,F,T,0,0
7/8/2026,11:32:28 AM,SPXW,ML/,60,1.8,,CALL,7630,0,10800,7/15/2026,WHITE,0,7,F,INDEX,,F,T,0,0
7/8/2026,3:01:30 PM,SPXW,ML/,60,2.57,,CALL,7630,0,15419,7/15/2026,WHITE,0,7,F,INDEX,,F,T,0,0
7/8/2026,3:01:35 PM,SPXW,ML/,90,2.58,,CALL,7630,0,23220,7/15/2026,WHITE,0,7,F,INDEX,,F,T,0,0
7/8/2026,10:33:06 AM,SPX,ML/,96,29.97,,PUT,7350,0,287712,7/17/2026,WHITE,0,9,F,INDEX,,F,F,0,0
7/8/2026,10:33:07 AM,SPX,ML/,256,30.1231,,PUT,7350,0,771152,7/17/2026,WHITE,0,9,F,INDEX,,F,F,0,0
7/8/2026,10:43:20 AM,SPX,BLOCK,100,33.6,,PUT,7350,0,336000,7/17/2026,WHITE,0,9,F,INDEX,,F,F,0,0
7/8/2026,11:06:31 AM,SPX,ML/,200,35.1,,PUT,7350,0,702000,7/17/2026,WHITE,0,9,F,INDEX,,F,F,0,0
7/8/2026,11:17:25 AM,SPX,ML/,150,36.14,,PUT,7350,0,542100,7/17/2026,WHITE,0,9,F,INDEX,,F,F,0,0
7/8/2026,11:32:08 AM,SPX,ML/,380,41.8144,,PUT,7350,0,1588946,7/17/2026,WHITE,0,9,F,INDEX,,F,F,0,0
7/8/2026,1:38:17 PM,SPX,ML/,550,21.16,,PUT,7350,0,1163800,7/17/2026,WHITE,0,9,F,INDEX,,F,F,0,0
7/8/2026,9:33:09 AM,NDX,ML/,382,905.85,,PUT,29000,0,34603470,8/21/2026,WHITE,0,44,F,INDEX,,F,F,0,0
7/8/2026,9:33:09 AM,NDX,ML/,382,588.85,,PUT,28000,0,22494070,8/21/2026,WHITE,0,44,F,INDEX,,F,F,0,0
7/8/2026,10:48:12 AM,SPXW,ML/,100,108.3122,,PUT,7460,0,1083122,7/31/2026,WHITE,0,23,F,INDEX,,F,T,0,0
7/8/2026,3:13:50 PM,SPXW,BLOCK,87,40,,PUT,7250,0,348000,7/31/2026,WHITE,0,23,F,INDEX,,F,T,0,0
7/8/2026,2:12:15 PM,XSP,BLOCK,50,2.12,,PUT,720,0,10600,7/27/2026,WHITE,0,19,F,INDEX,,F,T,0,0
7/8/2026,9:40:52 AM,NDXP,ML/,130,298.193,,CALL,29300,0,3876509,7/14/2026,WHITE,0,6,F,INDEX,,F,T,0,0
7/8/2026,10:27:24 AM,NDXP,ML/,78,261.1191,,CALL,29300,0,2036729,7/14/2026,WHITE,0,6,F,INDEX,,F,T,0,0
7/8/2026,10:27:25 AM,NDXP,ML/,82,261.9671,,CALL,29300,0,2148130,7/14/2026,WHITE,0,6,F,INDEX,,F,T,0,0
7/8/2026,10:40:55 AM,NDXP,ML/,84,249.4957,,CALL,29300,0,2095764,7/14/2026,WHITE,0,6,F,INDEX,,F,T,0,0
7/8/2026,10:10:40 AM,VIX,ML/,350,0.8,,CALL,19.5,0,28000,7/22/2026,WHITE,0,14,F,INDEX,,F,T,0,0
7/8/2026,4:03:39 PM,RUTW,ML/,78,3.13,,CALL,2980,0,24414,7/9/2026,WHITE,0,1,F,INDEX,,F,T,0,0
7/8/2026,9:51:56 AM,SPXW,ML/,295,0.7544,,PUT,7225,0,22255,7/9/2026,WHITE,0,1,F,INDEX,,F,T,0,0
7/8/2026,9:51:58 AM,SPXW,ML/,1110,0.76,,PUT,7225,0,84360,7/9/2026,WHITE,0,1,F,INDEX,,F,T,0,0
7/8/2026,10:14:46 AM,SPXW,ML/,1500,0.75,,PUT,7225,0,112500,7/9/2026,WHITE,0,1,F,INDEX,,F,T,0,0
7/8/2026,10:26:27 AM,SPXW,ML/,439,0.62,,PUT,7225,0,27218,7/9/2026,WHITE,0,1,F,INDEX,,F,T,0,0
7/8/2026,10:26:48 AM,SPXW,ML/,431,0.62,,PUT,7225,0,26721,7/9/2026,WHITE,0,1,F,INDEX,,F,T,0,0
7/8/2026,10:37:00 AM,SPXW,ML/,2500,0.65,,PUT,7225,0,162500,7/9/2026,WHITE,0,1,F,INDEX,,F,T,0,0
7/8/2026,10:45:33 AM,SPXW,ML/,134,0.77,,PUT,7225,0,10318,7/9/2026,WHITE,0,1,F,INDEX,,F,T,0,0
7/8/2026,10:45:47 AM,SPXW,ML/,196,0.77,,PUT,7225,0,15092,7/9/2026,WHITE,0,1,F,INDEX,,F,T,0,0
7/8/2026,10:47:00 AM,SPXW,ML/,376,0.7715,,PUT,7225,0,29009,7/9/2026,WHITE,0,1,F,INDEX,,F,T,0,0
7/8/2026,10:47:08 AM,SPXW,ML/,135,0.7833,,PUT,7225,0,10575,7/9/2026,WHITE,0,1,F,INDEX,,F,T,0,0
7/8/2026,12:39:44 PM,SPXW,ML/,100,48.926,,PUT,7490,0,489260,7/10/2026,WHITE,0,2,F,INDEX,,F,T,0,0
7/8/2026,11:38:15 AM,SPXW,ML/,61,4.2,,PUT,7320,0,25620,7/9/2026,WHITE,0,1,F,INDEX,,F,T,0,0
7/8/2026,11:51:47 AM,SPXW,ML/,199,4.8927,,PUT,7320,0,97365,7/9/2026,WHITE,0,1,F,INDEX,,F,T,0,0
7/8/2026,10:16:10 AM,SPXW,ML/,1000,1.18,,PUT,6440,0,118000,7/17/2026,WHITE,0,9,F,INDEX,,F,F,0,0
7/8/2026,3:00:00 PM,XSP,ML/,100,5.11,,CALL,750,0,51100,7/17/2026,WHITE,0,9,F,INDEX,,F,F,0,0
7/8/2026,9:33:43 AM,SPXW,ML/,70,1010.37,,CALL,6450,0,7072589,7/9/2026,WHITE,0,1,F,INDEX,,F,T,0,0
7/8/2026,9:33:43 AM,SPXW,ML/,70,1011.83,,CALL,6450,0,7082810,7/8/2026,WHITE,0,0,F,INDEX,,F,T,0,0
7/8/2026,9:33:37 AM,SPXW,ML/,200,21.2,,PUT,7285,0,424000,7/17/2026,WHITE,0,9,F,INDEX,,F,F,0,0
7/8/2026,3:47:46 PM,VIX,ML/,68,2.31,,CALL,25,0,15708,11/18/2026,WHITE,0,133,F,INDEX,,F,T,0,0
7/8/2026,3:47:47 PM,VIX,ML/,132,2.31,,CALL,25,0,30492,11/18/2026,WHITE,0,133,F,INDEX,,F,T,0,0
7/8/2026,10:34:38 AM,SPXW,ML/,70,1.99,,CALL,7665,0,13930,7/16/2026,WHITE,0,8,F,INDEX,,F,T,0,0
7/8/2026,9:33:43 AM,SPXW,ML/,70,963.55,,CALL,6500,0,6744850,7/9/2026,WHITE,0,1,F,INDEX,,F,T,0,0
7/8/2026,9:33:43 AM,SPXW,ML/,70,964.96,,CALL,6500,0,6754720,7/8/2026,WHITE,0,0,F,INDEX,,F,T,0,0
7/8/2026,2:50:47 PM,VIX,ML/,5000,0.93,,CALL,26,0,465000,8/19/2026,WHITE,0,42,F,INDEX,,F,T,0,0
7/8/2026,11:32:44 AM,VIXW,BLOCK,392,0.57,,PUT,18,0,22343,7/15/2026,WHITE,0,7,F,INDEX,,F,T,0,0
7/8/2026,11:33:18 AM,VIXW,BLOCK,454,0.52,,PUT,18,0,23608,7/15/2026,WHITE,0,7,F,INDEX,,F,T,0,0
7/8/2026,9:33:49 AM,SPX,ML/,52,9.2827,,PUT,6200,0,48270,8/21/2026,WHITE,0,44,F,INDEX,,F,F,0,0
7/8/2026,9:35:53 AM,SPX,ML/,68,9.4,,PUT,6200,0,63920,8/21/2026,WHITE,0,44,F,INDEX,,F,F,0,0
7/8/2026,1:21:47 PM,SPX,ML/,100,8.74,,PUT,6200,0,87400,8/21/2026,WHITE,0,44,F,INDEX,,F,F,0,0
7/8/2026,1:22:06 PM,SPX,ML/,100,8.74,,PUT,6200,0,87400,8/21/2026,WHITE,0,44,F,INDEX,,F,F,0,0
7/8/2026,1:45:37 PM,SPX,ML/,100,8.79,,PUT,6200,0,87899,8/21/2026,WHITE,0,44,F,INDEX,,F,F,0,0
7/8/2026,1:49:42 PM,SPX,ML/,51,8.93,,PUT,6200,0,45543,8/21/2026,WHITE,0,44,F,INDEX,,F,F,0,0
7/8/2026,9:33:49 AM,SPX,ML/,104,4.4558,,PUT,5600,0,46340,8/21/2026,WHITE,0,44,F,INDEX,,F,F,0,0
7/8/2026,9:34:43 AM,SPX,ML/,60,4.44,,PUT,5600,0,26639,8/21/2026,WHITE,0,44,F,INDEX,,F,F,0,0
7/8/2026,9:35:53 AM,SPX,ML/,136,4.45,,PUT,5600,0,60520,8/21/2026,WHITE,0,44,F,INDEX,,F,F,0,0
7/8/2026,9:38:56 AM,SPX,ML/,80,4.4725,,PUT,5600,0,35780,8/21/2026,WHITE,0,44,F,INDEX,,F,F,0,0
7/8/2026,10:49:49 AM,SPX,ML/,100,5.25,,PUT,5600,0,52500,8/21/2026,WHITE,0,44,F,INDEX,,F,F,0,0
7/8/2026,10:50:50 AM,SPX,BLOCK,100,5.4,,PUT,5600,0,54000,8/21/2026,WHITE,0,44,F,INDEX,,F,F,0,0
7/8/2026,3:24:21 PM,SPX,BLOCK,500,4.5,,PUT,5600,0,225000,8/21/2026,WHITE,0,44,F,INDEX,,F,F,0,0
7/8/2026,10:08:19 AM,SPXW,ML/,340,80,,PUT,7475,0,2720000,7/24/2026,WHITE,0,16,F,INDEX,,F,T,0,0
7/8/2026,9:43:01 AM,SPX,BLOCK,60,54,,PUT,7455,0,324000,7/17/2026,WHITE,0,9,F,INDEX,,F,F,0,0
7/8/2026,10:50:10 AM,SPX,BLOCK,60,69,,PUT,7455,0,414000,7/17/2026,WHITE,0,9,F,INDEX,,F,F,0,0
7/8/2026,11:04:12 AM,SPX,ML/,70,67.33,,PUT,7455,0,471309,7/17/2026,WHITE,0,9,F,INDEX,,F,F,0,0
7/8/2026,3:34:23 PM,SPX,ML/,80,46.95,,PUT,7455,0,375600,7/17/2026,WHITE,0,9,F,INDEX,,F,F,0,0
7/8/2026,9:33:52 AM,SPXW,ML/,90,48.822,,PUT,7395,0,439397,7/21/2026,WHITE,0,13,F,INDEX,,F,T,0,0
7/8/2026,9:33:52 AM,SPXW,ML/,90,53.732,,PUT,7415,0,483588,7/21/2026,WHITE,0,13,F,INDEX,,F,T,0,0
7/8/2026,10:17:26 AM,SPXW,ML/,132,120.6091,,CALL,7450,0,1592039,7/31/2026,WHITE,0,23,F,INDEX,,F,T,0,0
7/8/2026,10:11:20 AM,VIXW,BLOCK,60,2.14,,CALL,17,0,12840,7/29/2026,WHITE,0,21,F,INDEX,,F,T,0,0
7/8/2026,12:32:10 PM,VIXW,BLOCK,100,2.27,,CALL,17,0,22700,7/29/2026,WHITE,0,21,F,INDEX,,F,T,0,0
7/8/2026,2:07:35 PM,VIXW,BLOCK,60,1.92,,CALL,17,0,11519,7/29/2026,WHITE,0,21,F,INDEX,,F,T,0,0
7/8/2026,9:49:36 AM,VIX,ML/,270,1.1,,CALL,24,0,29700,8/19/2026,WHITE,0,42,F,INDEX,,F,T,0,0
7/8/2026,3:46:40 PM,VIX,ML/,116,1.1,,CALL,24,0,12760,8/19/2026,WHITE,0,42,F,INDEX,,F,T,0,0
7/8/2026,3:46:50 PM,VIX,ML/,114,1.1,,CALL,24,0,12540,8/19/2026,WHITE,0,42,F,INDEX,,F,T,0,0
7/8/2026,3:26:50 PM,SPXW,ML/,78,60.68,,CALL,7520,0,473304,7/24/2026,WHITE,0,16,F,INDEX,,F,T,0,0
7/8/2026,3:56:44 PM,SPX,ML/,50,105.7068,,CALL,7575,0,528534,8/21/2026,WHITE,0,44,F,INDEX,,F,F,0,0
7/8/2026,11:20:56 AM,SPXW,ML/,150,75.2,,PUT,7350,0,1128000,7/31/2026,WHITE,0,23,F,INDEX,,F,T,0,0
7/8/2026,3:05:16 PM,SPXW,ML/,150,56.27,,PUT,7350,0,844050,7/31/2026,WHITE,0,23,F,INDEX,,F,T,0,0
7/8/2026,3:05:20 PM,SPXW,ML/,158,56.159,,PUT,7350,0,887312,7/31/2026,WHITE,0,23,F,INDEX,,F,T,0,0
7/8/2026,9:34:01 AM,SPXW,BLOCK,70,1.55,,PUT,6150,0,10850,7/24/2026,WHITE,0,16,F,INDEX,,F,T,0,0
7/8/2026,11:35:34 AM,NDXP,ML/,60,52.65,,PUT,28760,0,315900,7/8/2026,WHITE,0,0,F,INDEX,,F,T,0,0
7/8/2026,11:52:07 AM,SPXW,ML/,150,79.02,,CALL,7360,0,1185300,7/9/2026,WHITE,0,1,F,INDEX,,F,T,0,0
7/8/2026,2:22:45 PM,NDXP,ML/,152,59,,PUT,29200,0,896800,7/8/2026,WHITE,0,0,F,INDEX,,F,T,0,0
7/8/2026,11:08:59 AM,SPXW,ML/,381,67.9895,,PUT,7480,0,2590400,7/14/2026,WHITE,0,6,F,INDEX,,F,T,0,0
7/8/2026,3:43:24 PM,SPXW,ML/,50,7,,PUT,6200,0,35000,8/14/2026,WHITE,0,37,F,INDEX,,F,T,0,0
7/8/2026,10:26:42 AM,SPXW,ML/,1276,0.33,,PUT,7150,0,42108,7/9/2026,WHITE,0,1,F,INDEX,,F,T,0,0
7/8/2026,10:33:30 AM,SPXW,ML/,473,0.3713,,PUT,7150,0,17564,7/9/2026,WHITE,0,1,F,INDEX,,F,T,0,0
7/8/2026,10:35:55 AM,SPXW,ML/,452,0.4,,PUT,7150,0,18080,7/9/2026,WHITE,0,1,F,INDEX,,F,T,0,0
7/8/2026,10:36:02 AM,SPXW,ML/,503,0.4084,,PUT,7150,0,20544,7/9/2026,WHITE,0,1,F,INDEX,,F,T,0,0
7/8/2026,11:00:44 AM,SPXW,ML/,300,62.2,,CALL,7500,0,1866000,7/24/2026,WHITE,0,16,F,INDEX,,F,T,0,0
7/8/2026,11:50:02 AM,SPXW,ML/,100,33.45,,PUT,7100,0,334500,7/31/2026,WHITE,0,23,F,INDEX,,F,T,0,0
7/8/2026,11:15:37 AM,SPXW,ML/,100,4.16,,CALL,7650,0,41600,7/20/2026,WHITE,0,12,F,INDEX,,F,T,0,0
7/8/2026,11:43:10 AM,SPX,ML/,50,167.33,,PUT,7400,0,836650,9/18/2026,WHITE,0,72,F,INDEX,,F,F,0,0
7/8/2026,11:44:38 AM,SPX,ML/,50,167.88,,PUT,7400,0,839400,9/18/2026,WHITE,0,72,F,INDEX,,F,F,0,0
7/8/2026,11:49:56 AM,SPX,ML/,500,169,,PUT,7400,0,8450000,9/18/2026,WHITE,0,72,F,INDEX,,F,F,0,0
7/8/2026,12:04:10 PM,SPX,ML/,150,166.1,,PUT,7400,0,2491500,9/18/2026,WHITE,0,72,F,INDEX,,F,F,0,0
7/8/2026,12:45:33 PM,SPX,ML/,50,153.2,,PUT,7400,0,766000,9/18/2026,WHITE,0,72,F,INDEX,,F,F,0,0
7/8/2026,12:47:17 PM,SPX,ML/,300,151.5,,PUT,7400,0,4545000,9/18/2026,WHITE,0,72,F,INDEX,,F,F,0,0
7/8/2026,3:43:00 PM,SPX,ML/,57,146,,PUT,7400,0,832200,9/18/2026,WHITE,0,72,F,INDEX,,F,F,0,0
7/8/2026,3:43:01 PM,SPX,ML/,57,145.94,,PUT,7400,0,831858,9/18/2026,WHITE,0,72,F,INDEX,,F,F,0,0
7/8/2026,9:34:24 AM,SPX,ML/,50,45.73,,CALL,7500,0,228650,7/17/2026,WHITE,0,9,F,INDEX,,F,F,0,0
7/8/2026,9:40:24 AM,SPX,ML/,53,48.55,,CALL,7500,0,257314,7/17/2026,WHITE,0,9,F,INDEX,,F,F,0,0
7/8/2026,9:41:43 AM,SPX,ML/,100,46.34,,CALL,7500,0,463400,7/17/2026,WHITE,0,9,F,INDEX,,F,F,0,0
7/8/2026,10:09:35 AM,SPX,ML/,200,47.82,,CALL,7500,0,956400,7/17/2026,WHITE,0,9,F,INDEX,,F,F,0,0
7/8/2026,10:10:18 AM,SPX,ML/,200,47.82,,CALL,7500,0,956400,7/17/2026,WHITE,0,9,F,INDEX,,F,F,0,0
7/8/2026,10:16:14 AM,SPX,ML/,50,44,,CALL,7500,0,220000,7/17/2026,WHITE,0,9,F,INDEX,,F,F,0,0
7/8/2026,10:33:06 AM,SPX,ML/,60,43.898,,CALL,7500,0,263388,7/17/2026,WHITE,0,9,F,INDEX,,F,F,0,0
7/8/2026,10:33:07 AM,SPX,ML/,160,43.6808,,CALL,7500,0,698892,7/17/2026,WHITE,0,9,F,INDEX,,F,F,0,0
7/8/2026,10:39:34 AM,SPX,ML/,950,41.66,,CALL,7500,0,3957700,7/17/2026,WHITE,0,9,F,INDEX,,F,F,0,0
7/8/2026,10:44:18 AM,SPX,ML/,70,42.2084,,CALL,7500,0,295459,7/17/2026,WHITE,0,9,F,INDEX,,F,F,0,0
7/8/2026,10:45:08 AM,SPX,ML/,52,40.58,,CALL,7500,0,211016,7/17/2026,WHITE,0,9,F,INDEX,,F,F,0,0
7/8/2026,10:54:51 AM,SPX,ML/,500,40.91,,CALL,7500,0,2045500,7/17/2026,WHITE,0,9,F,INDEX,,F,F,0,0
7/8/2026,10:56:39 AM,SPX,ML/,100,40.91,,CALL,7500,0,409099,7/17/2026,WHITE,0,9,F,INDEX,,F,F,0,0
7/8/2026,11:08:39 AM,SPX,ML/,100,37.98,,CALL,7500,0,379799,7/17/2026,WHITE,0,9,F,INDEX,,F,F,0,0
7/8/2026,11:34:09 AM,SPX,ML/,300,34.5,,CALL,7500,0,1035000,7/17/2026,WHITE,0,9,F,INDEX,,F,F,0,0
7/8/2026,1:35:55 PM,SPX,ML/,100,51.2,,CALL,7500,0,512000,7/17/2026,WHITE,0,9,F,INDEX,,F,F,0,0
7/8/2026,1:56:22 PM,SPX,ML/,250,45.8,,CALL,7500,0,1145000,7/17/2026,WHITE,0,9,F,INDEX,,F,F,0,0
7/8/2026,2:04:29 PM,SPX,ML/,850,48.25,,CALL,7500,0,4101250,7/17/2026,WHITE,0,9,F,INDEX,,F,F,0,0
7/8/2026,2:52:31 PM,SPX,ML/,50,48.555,,CALL,7500,0,242775,7/17/2026,WHITE,0,9,F,INDEX,,F,F,0,0
7/8/2026,3:25:58 PM,SPX,ML/,500,47.66,,CALL,7500,0,2383000,7/17/2026,WHITE,0,9,F,INDEX,,F,F,0,0
7/8/2026,3:55:00 PM,SPX,ML/,60,49.94,,CALL,7500,0,299639,7/17/2026,WHITE,0,9,F,INDEX,,F,F,0,0
7/8/2026,3:56:54 PM,SPX,ML/,500,48.98,,CALL,7500,0,2449000,7/17/2026,WHITE,0,9,F,INDEX,,F,F,0,0
7/8/2026,3:58:41 PM,SPX,ML/,200,51.25,,CALL,7500,0,1025000,7/17/2026,WHITE,0,9,F,INDEX,,F,F,0,0
7/8/2026,10:19:50 AM,SPX,ML/,100,194,,PUT,7505,0,1940000,9/18/2026,WHITE,0,72,F,INDEX,,F,F,0,0
7/8/2026,10:39:28 AM,SPX,ML/,150,196.28,,PUT,7505,0,2944200,9/18/2026,WHITE,0,72,F,INDEX,,F,F,0,0
7/8/2026,10:40:27 AM,SPX,ML/,100,197.26,,PUT,7505,0,1972600,9/18/2026,WHITE,0,72,F,INDEX,,F,F,0,0
7/8/2026,10:42:55 AM,SPX,ML/,83,198,,PUT,7505,0,1643400,9/18/2026,WHITE,0,72,F,INDEX,,F,F,0,0
7/8/2026,12:28:06 PM,SPX,ML/,64,192.6275,,PUT,7505,0,1232816,9/18/2026,WHITE,0,72,F,INDEX,,F,F,0,0
7/8/2026,12:30:59 PM,SPX,ML/,130,193,,PUT,7505,0,2509000,9/18/2026,WHITE,0,72,F,INDEX,,F,F,0,0
7/8/2026,12:42:05 PM,SPX,ML/,72,189,,PUT,7505,0,1360800,9/18/2026,WHITE,0,72,F,INDEX,,F,F,0,0
7/8/2026,12:54:45 PM,SPX,ML/,80,184.5,,PUT,7505,0,1476000,9/18/2026,WHITE,0,72,F,INDEX,,F,F,0,0
7/8/2026,10:19:50 AM,SPX,ML/,100,194,,CALL,7505,0,1940000,9/18/2026,WHITE,0,72,F,INDEX,,F,F,0,0
7/8/2026,10:39:28 AM,SPX,ML/,150,192.44,,CALL,7505,0,2886600,9/18/2026,WHITE,0,72,F,INDEX,,F,F,0,0
7/8/2026,10:40:27 AM,SPX,ML/,100,191.76,,CALL,7505,0,1917600,9/18/2026,WHITE,0,72,F,INDEX,,F,F,0,0
7/8/2026,10:42:55 AM,SPX,ML/,83,191,,CALL,7505,0,1585300,9/18/2026,WHITE,0,72,F,INDEX,,F,F,0,0
7/8/2026,12:28:06 PM,SPX,ML/,64,194.44,,CALL,7505,0,1244416,9/18/2026,WHITE,0,72,F,INDEX,,F,F,0,0
7/8/2026,12:30:59 PM,SPX,ML/,130,194,,CALL,7505,0,2522000,9/18/2026,WHITE,0,72,F,INDEX,,F,F,0,0
7/8/2026,12:42:05 PM,SPX,ML/,72,197,,CALL,7505,0,1418400,9/18/2026,WHITE,0,72,F,INDEX,,F,F,0,0
7/8/2026,12:54:44 PM,SPX,ML/,80,199.5,,CALL,7505,0,1596000,9/18/2026,WHITE,0,72,F,INDEX,,F,F,0,0
7/8/2026,12:25:48 PM,SPXW,ML/,70,68.72,,PUT,7490,0,481039,7/15/2026,WHITE,0,7,F,INDEX,,F,T,0,0
7/8/2026,2:58:12 PM,SPXW,ML/,91,9.59,,CALL,7580,0,87269,7/15/2026,WHITE,0,7,F,INDEX,,F,T,0,0
7/8/2026,2:53:47 PM,SPXW,BLOCK,54,8.7,,CALL,7585,0,46979,7/15/2026,WHITE,0,7,F,INDEX,,F,T,0,0
7/8/2026,9:35:07 AM,SPXW,ML/,106,62.79,,PUT,7410,0,665574,7/24/2026,WHITE,0,16,F,INDEX,,F,T,0,0
7/8/2026,4:03:39 PM,RUTW,ML/,78,2.15,,CALL,2985,0,16770,7/9/2026,WHITE,0,1,F,INDEX,,F,T,0,0
7/8/2026,10:04:00 AM,SPXW,BLOCK,55,38.2,,CALL,7625,0,210100,7/31/2026,WHITE,0,23,F,INDEX,,F,T,0,0
7/8/2026,2:37:16 PM,SPXW,BLOCK,273,37.2,,CALL,7625,0,1015560,7/31/2026,WHITE,0,23,F,INDEX,,F,T,0,0
7/8/2026,12:35:09 PM,SPX,ML/,60,45.82,,CALL,7710,0,274920,8/21/2026,WHITE,0,44,F,INDEX,,F,F,0,0
7/8/2026,2:37:23 PM,SPXW,ML/,150,0.72,,PUT,5200,0,10800,7/29/2026,WHITE,0,21,F,INDEX,,F,T,0,0
7/8/2026,2:38:00 PM,SPXW,ML/,150,0.72,,PUT,5200,0,10800,7/29/2026,WHITE,0,21,F,INDEX,,F,T,0,0
7/8/2026,2:46:58 PM,SPXW,ML/,150,0.72,,PUT,5200,0,10800,7/29/2026,WHITE,0,21,F,INDEX,,F,T,0,0
7/8/2026,3:11:13 PM,SPXW,ML/,150,0.72,,PUT,5200,0,10800,7/29/2026,WHITE,0,21,F,INDEX,,F,T,0,0
7/8/2026,3:16:16 PM,SPXW,ML/,150,0.72,,PUT,5200,0,10800,7/29/2026,WHITE,0,21,F,INDEX,,F,T,0,0
7/8/2026,9:49:03 AM,RUTW,BLOCK,100,24,,PUT,2980,0,240000,7/9/2026,WHITE,0,1,F,INDEX,,F,T,0,0
7/8/2026,11:55:07 AM,VIX,ML/,500,0.3849,,PUT,16,0,19245,8/19/2026,WHITE,0,42,F,INDEX,,F,T,0,0
7/8/2026,2:50:47 PM,VIX,ML/,5000,0.44,,PUT,16,0,220000,8/19/2026,WHITE,0,42,F,INDEX,,F,T,0,0
7/8/2026,2:51:03 PM,VIX,BLOCK,250,0.45,,PUT,16,0,11250,8/19/2026,WHITE,0,42,F,INDEX,,F,T,0,0
7/8/2026,3:42:03 PM,SPXW,BLOCK,119,1.45,,PUT,7155,0,17255,7/13/2026,WHITE,0,5,F,INDEX,,F,T,0,0
7/8/2026,9:34:52 AM,SPX,ML/,100,82.74,,PUT,7075,0,827400,9/18/2026,WHITE,0,72,F,INDEX,,F,F,0,0
7/8/2026,9:54:21 AM,SPX,ML/,100,82.09,,PUT,7075,0,820900,9/18/2026,WHITE,0,72,F,INDEX,,F,F,0,0
7/8/2026,10:00:20 AM,SPX,ML/,100,81.63,,PUT,7075,0,816300,9/18/2026,WHITE,0,72,F,INDEX,,F,F,0,0
7/8/2026,9:34:52 AM,SPX,ML/,50,208.99,,PUT,7550,0,1044950,9/18/2026,WHITE,0,72,F,INDEX,,F,F,0,0
7/8/2026,9:54:21 AM,SPX,ML/,50,207.54,,PUT,7550,0,1037700,9/18/2026,WHITE,0,72,F,INDEX,,F,F,0,0
7/8/2026,10:00:20 AM,SPX,ML/,50,206.12,,PUT,7550,0,1030600,9/18/2026,WHITE,0,72,F,INDEX,,F,F,0,0
7/8/2026,10:56:51 AM,SPX,ML/,250,219.95,,PUT,7550,0,5498750,9/18/2026,WHITE,0,72,F,INDEX,,F,F,0,0
7/8/2026,9:34:52 AM,SPX,ML/,50,30.14,,PUT,6450,0,150700,9/18/2026,WHITE,0,72,F,INDEX,,F,F,0,0
7/8/2026,9:54:21 AM,SPX,ML/,50,29.84,,PUT,6450,0,149200,9/18/2026,WHITE,0,72,F,INDEX,,F,F,0,0
7/8/2026,10:00:20 AM,SPX,ML/,50,29.69,,PUT,6450,0,148450,9/18/2026,WHITE,0,72,F,INDEX,,F,F,0,0
7/8/2026,1:33:01 PM,SPXW,ML/,95,2.0504,,PUT,6900,0,19479,7/17/2026,WHITE,0,9,F,INDEX,,F,F,0,0
7/8/2026,1:50:10 PM,SPXW,ML/,93,2.3,,PUT,6900,0,21389,7/17/2026,WHITE,0,9,F,INDEX,,F,F,0,0
7/8/2026,10:14:15 AM,SPX,ML/,50,6.33,,PUT,7100,0,31650,7/17/2026,WHITE,0,9,F,INDEX,,F,F,0,0
7/8/2026,12:39:41 PM,SPX,ML/,150,6.28,,PUT,7100,0,94200,7/17/2026,WHITE,0,9,F,INDEX,,F,F,0,0
7/8/2026,2:21:03 PM,SPX,ML/,100,4.59,,PUT,7100,0,45900,7/17/2026,WHITE,0,9,F,INDEX,,F,F,0,0
7/8/2026,10:32:05 AM,VIX,ML/,1500,0.53,,CALL,22,0,79500,7/22/2026,WHITE,0,14,F,INDEX,,F,T,0,0
7/8/2026,11:13:38 AM,VIX,ML/,5000,0.64,,CALL,22,0,320000,7/22/2026,WHITE,0,14,F,INDEX,,F,T,0,0
7/8/2026,11:14:37 AM,VIX,ML/,5000,0.65,,CALL,22,0,325000,7/22/2026,WHITE,0,14,F,INDEX,,F,T,0,0
7/8/2026,11:19:53 AM,VIX,ML/,5000,0.64,,CALL,22,0,320000,7/22/2026,WHITE,0,14,F,INDEX,,F,T,0,0
7/8/2026,11:20:57 AM,VIX,ML/,5000,0.64,,CALL,22,0,320000,7/22/2026,WHITE,0,14,F,INDEX,,F,T,0,0
7/8/2026,11:30:26 AM,VIX,ML/,470,0.7,,CALL,22,0,32899,7/22/2026,WHITE,0,14,F,INDEX,,F,T,0,0
7/8/2026,11:30:35 AM,VIX,ML/,196,0.71,,CALL,22,0,13916,7/22/2026,WHITE,0,14,F,INDEX,,F,T,0,0
7/8/2026,11:30:40 AM,VIX,ML/,335,0.71,,CALL,22,0,23785,7/22/2026,WHITE,0,14,F,INDEX,,F,T,0,0
7/8/2026,1:52:45 PM,VIX,ML/,2000,0.47,,CALL,22,0,94000,7/22/2026,WHITE,0,14,F,INDEX,,F,T,0,0
7/8/2026,3:55:07 PM,VIX,ML/,10000,0.47,,CALL,22,0,470000,7/22/2026,WHITE,0,14,F,INDEX,,F,T,0,0
7/8/2026,3:58:02 PM,VIX,ML/,10000,0.47,,CALL,22,0,470000,7/22/2026,WHITE,0,14,F,INDEX,,F,T,0,0
7/8/2026,2:45:37 PM,SPX,ML/,100,258.86,,CALL,7500,0,2588600,10/16/2026,WHITE,0,100,F,INDEX,,F,F,0,0
7/8/2026,11:32:41 AM,SPX,ML/,750,38,,PUT,6500,0,2850000,9/18/2026,WHITE,0,72,F,INDEX,,F,F,0,0
7/8/2026,12:31:02 PM,SPX,ML/,250,33.76,,PUT,6500,0,844000,9/18/2026,WHITE,0,72,F,INDEX,,F,F,0,0
7/8/2026,4:03:53 PM,SPX,ML/,100,30.8966,,PUT,6500,0,308966,9/18/2026,WHITE,0,72,F,INDEX,,F,F,0,0
7/8/2026,3:17:54 PM,XSP,ML/,75,4.03,,PUT,701,0,30225,8/21/2026,WHITE,0,44,F,INDEX,,F,F,0,0
7/8/2026,12:38:26 PM,SPXW,ML/,60,4.44,,PUT,7000,0,26640,7/17/2026,WHITE,0,9,F,INDEX,,F,F,0,0
7/8/2026,1:33:01 PM,SPXW,ML/,190,2.9999,,PUT,7000,0,56998,7/17/2026,WHITE,0,9,F,INDEX,,F,F,0,0
7/8/2026,1:50:10 PM,SPXW,ML/,186,3.37,,PUT,7000,0,62682,7/17/2026,WHITE,0,9,F,INDEX,,F,F,0,0
7/8/2026,11:13:36 AM,SPX,ML/,200,79.25,,CALL,7425,0,1585000,7/17/2026,WHITE,0,9,F,INDEX,,F,F,0,0
7/8/2026,10:47:58 AM,SPX,ML/,110,1.89,,CALL,7670,0,20789,7/17/2026,WHITE,0,9,F,INDEX,,F,F,0,0
7/8/2026,11:08:39 AM,SPXW,ML/,60,7.34,,CALL,7610,0,44040,7/17/2026,WHITE,0,9,F,INDEX,,F,F,0,0
7/8/2026,4:17:26 PM,SPXW,BLOCK,66,9.45,,PUT,7265,0,62369,7/15/2026,WHITE,0,7,F,INDEX,,F,T,0,0
7/8/2026,9:53:15 AM,SPXW,ML/,78,22.83,,PUT,6950,0,178074,8/7/2026,WHITE,0,30,F,INDEX,,F,T,0,0
7/8/2026,12:46:33 PM,SPXW,ML/,70,56.9,,PUT,7400,0,398300,7/24/2026,WHITE,0,16,F,INDEX,,F,T,0,0
7/8/2026,3:26:50 PM,SPXW,ML/,78,50.68,,PUT,7400,0,395304,7/24/2026,WHITE,0,16,F,INDEX,,F,T,0,0
7/8/2026,9:35:16 AM,SPX,ML/,200,21.2,,PUT,7300,0,424000,7/17/2026,WHITE,0,9,F,INDEX,,F,F,0,0
7/8/2026,9:43:13 AM,SPX,ML/,400,19.93,,PUT,7300,0,797200,7/17/2026,WHITE,0,9,F,INDEX,,F,F,0,0
7/8/2026,10:14:15 AM,SPX,ML/,50,21.22,,PUT,7300,0,106100,7/17/2026,WHITE,0,9,F,INDEX,,F,F,0,0
7/8/2026,10:50:23 AM,SPX,BLOCK,150,27,,PUT,7300,0,405000,7/17/2026,WHITE,0,9,F,INDEX,,F,F,0,0
7/8/2026,11:16:43 AM,SPX,BLOCK,150,28.274,,PUT,7300,0,424110,7/17/2026,WHITE,0,9,F,INDEX,,F,F,0,0
7/8/2026,12:29:38 PM,SPX,ML/,120,20.56,,PUT,7300,0,246719,7/17/2026,WHITE,0,9,F,INDEX,,F,F,0,0
7/8/2026,4:00:02 PM,SPX,ML/,72,14.81,,PUT,7300,0,106632,7/17/2026,WHITE,0,9,F,INDEX,,F,F,0,0
7/8/2026,4:02:07 PM,SPX,ML/,62,15.6,,PUT,7300,0,96720,7/17/2026,WHITE,0,9,F,INDEX,,F,F,0,0
7/8/2026,4:02:09 PM,SPX,ML/,72,15.57,,PUT,7300,0,112104,7/17/2026,WHITE,0,9,F,INDEX,,F,F,0,0
7/8/2026,4:02:14 PM,SPX,ML/,59,15.7,,PUT,7300,0,92630,7/17/2026,WHITE,0,9,F,INDEX,,F,F,0,0
7/8/2026,10:02:14 AM,SPX,BLOCK,56,34.5,,CALL,7525,0,193200,7/17/2026,WHITE,0,9,F,INDEX,,F,F,0,0
7/8/2026,10:02:21 AM,SPX,BLOCK,52,34.4,,CALL,7525,0,178880,7/17/2026,WHITE,0,9,F,INDEX,,F,F,0,0
7/8/2026,10:02:22 AM,SPX,BLOCK,56,34.5,,CALL,7525,0,193200,7/17/2026,WHITE,0,9,F,INDEX,,F,F,0,0
7/8/2026,10:09:40 AM,SPX,BLOCK,112,35.5321,,CALL,7525,0,397960,7/17/2026,WHITE,0,9,F,INDEX,,F,F,0,0
7/8/2026,10:43:44 AM,VIX,ML/,100,3.3,,CALL,18,0,33000,9/16/2026,WHITE,0,70,F,INDEX,,F,T,0,0
7/8/2026,10:57:13 AM,VIX,ML/,200,0.55,,CALL,22.5,0,11000,7/22/2026,WHITE,0,14,F,INDEX,,F,T,0,0
7/8/2026,11:32:32 AM,VIX,ML/,11000,0.66,,CALL,22.5,0,726000,7/22/2026,WHITE,0,14,F,INDEX,,F,T,0,0
7/8/2026,2:05:54 PM,SPXW,ML/,50,18.04,,PUT,7375,0,90200,7/14/2026,WHITE,0,6,F,INDEX,,F,T,0,0
7/8/2026,11:40:59 AM,VIX,BLOCK,219,4.75,,CALL,14.5,0,104025,8/19/2026,WHITE,0,42,F,INDEX,,F,T,0,0
7/8/2026,11:41:14 AM,VIX,BLOCK,157,4.75,,CALL,14.5,0,74575,8/19/2026,WHITE,0,42,F,INDEX,,F,T,0,0
7/8/2026,11:42:16 AM,VIX,BLOCK,122,4.75,,CALL,14.5,0,57950,8/19/2026,WHITE,0,42,F,INDEX,,F,T,0,0
7/8/2026,12:34:05 PM,SPXW,ML/,50,96.0192,,CALL,7500,0,480096,8/3/2026,WHITE,0,26,F,INDEX,,F,T,0,0
7/8/2026,1:09:34 PM,SPX,ML/,700,107.15,,PUT,7400,0,7500500,8/21/2026,WHITE,0,44,F,INDEX,,F,F,0,0
7/8/2026,10:32:00 AM,VIX,ML/,1300,0.265,,PUT,15.5,0,34450,8/19/2026,WHITE,0,42,F,INDEX,,F,T,0,0
7/8/2026,12:10:38 PM,SPXW,ML/,150,60.98,,CALL,7550,0,914700,7/31/2026,WHITE,0,23,F,INDEX,,F,T,0,0
7/8/2026,2:40:32 PM,SPXW,ML/,200,70.29,,CALL,7550,0,1405800,7/31/2026,WHITE,0,23,F,INDEX,,F,T,0,0
7/8/2026,1:06:33 PM,NDXP,ML/,80,16.1313,,PUT,28950,0,129050,7/8/2026,WHITE,0,0,F,INDEX,,F,T,0,0
7/8/2026,10:19:13 AM,SPXW,ML/,55,9.3587,,PUT,7210,0,51472,7/15/2026,WHITE,0,7,F,INDEX,,F,T,0,0
7/8/2026,11:50:52 AM,SPX,ML/,86,44.84,,CALL,7850,0,385624,9/18/2026,WHITE,0,72,F,INDEX,,F,F,0,0
7/8/2026,1:04:14 PM,SPX,ML/,100,50.29,,CALL,7850,0,502900,9/18/2026,WHITE,0,72,F,INDEX,,F,F,0,0
7/8/2026,12:22:11 PM,SPX,ML/,100,173.36,,PUT,7450,0,1733600,9/18/2026,WHITE,0,72,F,INDEX,,F,F,0,0
7/8/2026,9:35:36 AM,SPX,ML/,80,193,,PUT,7510,0,1544000,9/18/2026,WHITE,0,72,F,INDEX,,F,F,0,0
7/8/2026,9:37:27 AM,SPX,ML/,120,192.8,,PUT,7510,0,2313600,9/18/2026,WHITE,0,72,F,INDEX,,F,F,0,0
7/8/2026,9:37:33 AM,SPX,ML/,70,193,,PUT,7510,0,1351000,9/18/2026,WHITE,0,72,F,INDEX,,F,F,0,0
7/8/2026,9:43:13 AM,SPX,ML/,64,189.89,,PUT,7510,0,1215296,9/18/2026,WHITE,0,72,F,INDEX,,F,F,0,0
7/8/2026,9:59:49 AM,SPX,ML/,108,192,,PUT,7510,0,2073600,9/18/2026,WHITE,0,72,F,INDEX,,F,F,0,0
7/8/2026,10:01:00 AM,SPX,ML/,96,191,,PUT,7510,0,1833600,9/18/2026,WHITE,0,72,F,INDEX,,F,F,0,0
7/8/2026,10:34:00 AM,SPX,ML/,67,196,,PUT,7510,0,1313200,9/18/2026,WHITE,0,72,F,INDEX,,F,F,0,0
7/8/2026,9:35:36 AM,SPX,ML/,300,99,,CALL,7700,0,2970000,9/18/2026,WHITE,0,72,F,INDEX,,F,F,0,0
7/8/2026,9:57:36 AM,SPX,ML/,100,99.05,,CALL,7700,0,990500,9/18/2026,WHITE,0,72,F,INDEX,,F,F,0,0
7/8/2026,11:03:38 AM,SPX,ML/,170,92.82,,CALL,7700,0,1577939,9/18/2026,WHITE,0,72,F,INDEX,,F,F,0,0
7/8/2026,1:11:22 PM,SPX,ML/,75,98.36,,CALL,7700,0,737700,9/18/2026,WHITE,0,72,F,INDEX,,F,F,0,0
7/8/2026,9:35:36 AM,SPX,ML/,100,104,,PUT,7200,0,1040000,9/18/2026,WHITE,0,72,F,INDEX,,F,F,0,0
7/8/2026,9:57:36 AM,SPX,ML/,100,103.85,,PUT,7200,0,1038500,9/18/2026,WHITE,0,72,F,INDEX,,F,F,0,0
7/8/2026,10:28:41 AM,SPX,ML/,274,105.8,,PUT,7200,0,2898920,9/18/2026,WHITE,0,72,F,INDEX,,F,F,0,0
7/8/2026,11:51:58 AM,SPX,ML/,75,116.64,,PUT,7200,0,874800,9/18/2026,WHITE,0,72,F,INDEX,,F,F,0,0
7/8/2026,12:30:59 PM,SPX,ML/,1000,106.5,,PUT,7200,0,10650000,9/18/2026,WHITE,0,72,F,INDEX,,F,F,0,0
7/8/2026,2:43:00 PM,SPX,BLOCK,55,100.4,,PUT,7200,0,552200,9/18/2026,WHITE,0,72,F,INDEX,,F,F,0,0
7/8/2026,2:55:32 PM,SPX,ML/,300,99.18,,PUT,7200,0,2975400,9/18/2026,WHITE,0,72,F,INDEX,,F,F,0,0
7/8/2026,9:35:36 AM,SPX,ML/,400,40.55,,CALL,8400,0,1621999,12/18/2026,WHITE,0,163,F,INDEX,,F,F,0,0
7/8/2026,10:28:41 AM,SPX,ML/,429,40.5,,CALL,8400,0,1737450,12/18/2026,WHITE,0,163,F,INDEX,,F,F,0,0
7/8/2026,11:22:04 AM,SPX,ML/,600,37.34,,CALL,8400,0,2240400,12/18/2026,WHITE,0,163,F,INDEX,,F,F,0,0
7/8/2026,11:25:19 AM,SPX,ML/,400,36.38,,CALL,8400,0,1455200,12/18/2026,WHITE,0,163,F,INDEX,,F,F,0,0
7/8/2026,9:35:36 AM,SPX,ML/,80,194,,CALL,7510,0,1552000,9/18/2026,WHITE,0,72,F,INDEX,,F,F,0,0
7/8/2026,9:37:27 AM,SPX,ML/,120,193.8,,CALL,7510,0,2325600,9/18/2026,WHITE,0,72,F,INDEX,,F,F,0,0
7/8/2026,9:37:33 AM,SPX,ML/,70,193,,CALL,7510,0,1351000,9/18/2026,WHITE,0,72,F,INDEX,,F,F,0,0
7/8/2026,9:43:13 AM,SPX,ML/,64,195.7025,,CALL,7510,0,1252496,9/18/2026,WHITE,0,72,F,INDEX,,F,F,0,0
7/8/2026,9:59:49 AM,SPX,ML/,108,194,,CALL,7510,0,2095200,9/18/2026,WHITE,0,72,F,INDEX,,F,F,0,0
7/8/2026,10:01:00 AM,SPX,ML/,96,195,,CALL,7510,0,1872000,9/18/2026,WHITE,0,72,F,INDEX,,F,F,0,0
7/8/2026,10:34:00 AM,SPX,ML/,67,191,,CALL,7510,0,1279700,9/18/2026,WHITE,0,72,F,INDEX,,F,F,0,0
7/8/2026,3:02:28 PM,XSP,BLOCK,159,1.9,,PUT,725,0,30209,7/22/2026,WHITE,0,14,F,INDEX,,F,T,0,0
7/8/2026,10:11:58 AM,SPXW,ML/,883,0.3203,,PUT,7115,0,28280,7/9/2026,WHITE,0,1,F,INDEX,,F,T,0,0
7/8/2026,2:18:00 PM,RUTW,ML/,100,10.3267,,PUT,2850,0,103267,7/17/2026,WHITE,0,9,F,INDEX,,F,F,0,0
7/8/2026,10:17:31 AM,SPXW,ML/,60,129.64,,CALL,7375,0,777840,7/20/2026,WHITE,0,12,F,INDEX,,F,T,0,0
7/8/2026,10:29:02 AM,SPXW,ML/,99,12.2338,,CALL,7850,0,121115,8/14/2026,WHITE,0,37,F,INDEX,,F,T,0,0
7/8/2026,10:29:03 AM,SPXW,ML/,155,12.24,,CALL,7850,0,189720,8/14/2026,WHITE,0,37,F,INDEX,,F,T,0,0
7/8/2026,3:27:54 PM,SPXW,ML/,480,12.4,,CALL,7850,0,595200,8/14/2026,WHITE,0,37,F,INDEX,,F,T,0,0
7/8/2026,3:32:33 PM,SPXW,ML/,120,12.4,,CALL,7850,0,148800,8/14/2026,WHITE,0,37,F,INDEX,,F,T,0,0
7/8/2026,3:40:27 PM,XSP,ML/,88,3.29,,PUT,750,0,28952,7/9/2026,WHITE,0,1,F,INDEX,,F,T,0,0
7/8/2026,4:38:30 PM,XSP,BLOCK,88,4.52,,PUT,750,0,39776,7/9/2026,WHITE,0,1,F,INDEX,,F,T,0,0
7/8/2026,9:53:03 AM,SPXW,ML/,50,25.25,,PUT,7380,0,126250,7/14/2026,WHITE,0,6,F,INDEX,,F,T,0,0
7/8/2026,10:59:50 AM,XSP,ML/,500,3.87,,PUT,700,0,193500,8/14/2026,WHITE,0,37,F,INDEX,,F,T,0,0
7/8/2026,3:09:50 PM,XSP,ML/,80,3.11,,PUT,700,0,24880,8/14/2026,WHITE,0,37,F,INDEX,,F,T,0,0
7/8/2026,10:43:34 AM,NDXP,ML/,133,1.8877,,CALL,29570,0,25106,7/8/2026,WHITE,0,0,F,INDEX,,F,T,0,0
7/8/2026,12:21:18 PM,NDXP,ML/,89,1.7128,,CALL,29570,0,15244,7/8/2026,WHITE,0,0,F,INDEX,,F,T,0,0
7/8/2026,12:21:21 PM,NDXP,ML/,91,1.75,,CALL,29570,0,15925,7/8/2026,WHITE,0,0,F,INDEX,,F,T,0,0
7/8/2026,10:15:01 AM,SPXW,ML/,200,11.68,,PUT,7150,0,233600,7/20/2026,WHITE,0,12,F,INDEX,,F,T,0,0
7/8/2026,9:36:03 AM,SPX,BLOCK,60,19,,PUT,7285,0,114000,7/17/2026,WHITE,0,9,F,INDEX,,F,F,0,0
7/8/2026,4:06:54 PM,SPXW,ML/,10000,40.02,,CALL,7620,0,40020000,7/31/2026,WHITE,0,23,F,INDEX,,F,T,0,0
7/8/2026,3:17:54 PM,XSP,ML/,75,3.59,,PUT,696,0,26925,8/21/2026,WHITE,0,44,F,INDEX,,F,F,0,0
7/8/2026,10:50:50 AM,SPXW,ML/,85,3.85,,CALL,7595,0,32725,7/14/2026,WHITE,0,6,F,INDEX,,F,T,0,0
7/8/2026,10:34:13 AM,SPX,ML/,108,118.5085,,CALL,7650,0,1279892,9/18/2026,WHITE,0,72,F,INDEX,,F,F,0,0
7/8/2026,3:26:09 PM,XSP,ML/,50,2.42,,CALL,749,0,12100,7/10/2026,WHITE,0,2,F,INDEX,,F,T,0,0
7/8/2026,9:53:03 AM,SPXW,ML/,50,27.325,,PUT,7390,0,136625,7/14/2026,WHITE,0,6,F,INDEX,,F,T,0,0
7/8/2026,9:50:56 AM,SPXW,ML/,70,25.8,,PUT,7200,0,180600,7/27/2026,WHITE,0,19,F,INDEX,,F,T,0,0
7/8/2026,9:41:42 AM,VIX,BLOCK,1500,0.37,,PUT,16.5,0,55500,7/22/2026,WHITE,0,14,F,INDEX,,F,T,0,0
7/8/2026,10:39:12 AM,SPXW,ML/,100,46.617,,PUT,7425,0,466170,7/15/2026,WHITE,0,7,F,INDEX,,F,T,0,0
7/8/2026,9:44:35 AM,VIX,ML/,1275,1.18,,PUT,18,0,150450,7/22/2026,WHITE,0,14,F,INDEX,,F,T,0,0
7/8/2026,9:53:31 AM,VIX,ML/,3000,1.17,,PUT,18,0,351000,7/22/2026,WHITE,0,14,F,INDEX,,F,T,0,0
7/8/2026,10:04:10 AM,VIX,ML/,1400,1.18,,PUT,18,0,165200,7/22/2026,WHITE,0,14,F,INDEX,,F,T,0,0
7/8/2026,10:37:54 AM,VIX,ML/,5832,1,,PUT,18,0,583200,7/22/2026,WHITE,0,14,F,INDEX,,F,T,0,0
7/8/2026,10:39:12 AM,VIX,ML/,108,1,,PUT,18,0,10800,7/22/2026,WHITE,0,14,F,INDEX,,F,T,0,0
7/8/2026,10:39:50 AM,VIX,ML/,360,0.98,,PUT,18,0,35280,7/22/2026,WHITE,0,14,F,INDEX,,F,T,0,0
7/8/2026,11:27:38 AM,VIX,ML/,250,0.89,,PUT,18,0,22250,7/22/2026,WHITE,0,14,F,INDEX,,F,T,0,0
7/8/2026,12:02:25 PM,VIX,BLOCK,379,0.9,,PUT,18,0,34110,7/22/2026,WHITE,0,14,F,INDEX,,F,T,0,0
7/8/2026,12:20:46 PM,VIX,ML/,500,1,,PUT,18,0,50000,7/22/2026,WHITE,0,14,F,INDEX,,F,T,0,0
7/8/2026,2:30:24 PM,VIX,ML/,1980,1.2,,PUT,18,0,237600,7/22/2026,WHITE,0,14,F,INDEX,,F,T,0,0
7/8/2026,3:25:41 PM,VIX,ML/,2500,1.15,,PUT,18,0,287500,7/22/2026,WHITE,0,14,F,INDEX,,F,T,0,0
7/8/2026,3:55:07 PM,VIX,ML/,2300,1.21,,PUT,18,0,278300,7/22/2026,WHITE,0,14,F,INDEX,,F,T,0,0
7/8/2026,3:58:02 PM,VIX,ML/,2300,1.21,,PUT,18,0,278300,7/22/2026,WHITE,0,14,F,INDEX,,F,T,0,0
7/8/2026,9:43:48 AM,VIXW,ML/,50,2.89,,CALL,15,0,14450,7/15/2026,WHITE,0,7,F,INDEX,,F,T,0,0
7/8/2026,12:29:28 PM,SPXW,ML/,59,33.54,,CALL,7500,0,197886,7/15/2026,WHITE,0,7,F,INDEX,,F,T,0,0
7/8/2026,10:39:49 AM,SPXW,ML/,241,53.32,,PUT,7275,0,1285012,7/31/2026,WHITE,0,23,F,INDEX,,F,T,0,0
7/8/2026,3:05:16 PM,SPXW,ML/,150,42.27,,PUT,7275,0,634050,7/31/2026,WHITE,0,23,F,INDEX,,F,T,0,0
7/8/2026,3:05:20 PM,SPXW,ML/,158,42.159,,PUT,7275,0,666112,7/31/2026,WHITE,0,23,F,INDEX,,F,T,0,0
7/8/2026,11:38:37 AM,SPX,ML/,100,54.55,,PUT,7050,0,545500,8/21/2026,WHITE,0,44,F,INDEX,,F,F,0,0
7/8/2026,2:48:29 PM,SPXW,ML/,80,40.08,,PUT,7350,0,320639,7/24/2026,WHITE,0,16,F,INDEX,,F,T,0,0
7/8/2026,1:06:33 PM,NDXP,ML/,80,17.3687,,PUT,28960,0,138950,7/8/2026,WHITE,0,0,F,INDEX,,F,T,0,0
7/8/2026,10:43:34 AM,NDXP,ML/,133,68.7817,,PUT,28890,0,914796,7/8/2026,WHITE,0,0,F,INDEX,,F,T,0,0
7/8/2026,12:21:18 PM,NDXP,ML/,89,32.9506,,PUT,28890,0,293260,7/8/2026,WHITE,0,0,F,INDEX,,F,T,0,0
7/8/2026,12:21:21 PM,NDXP,ML/,91,32.6801,,PUT,28890,0,297389,7/8/2026,WHITE,0,0,F,INDEX,,F,T,0,0
7/8/2026,10:53:48 AM,SPXW,ML/,95,12.9,,CALL,7650,0,122550,7/24/2026,WHITE,0,16,F,INDEX,,F,T,0,0
7/8/2026,1:46:02 PM,SPXW,ML/,76,7.15,,CALL,7690,0,54340,7/24/2026,WHITE,0,16,F,INDEX,,F,T,0,0
7/8/2026,10:24:55 AM,SPX,ML/,200,61,,PUT,6900,0,1220000,9/18/2026,WHITE,0,72,F,INDEX,,F,F,0,0
7/8/2026,11:22:35 AM,SPX,ML/,300,66.5,,PUT,6900,0,1995000,9/18/2026,WHITE,0,72,F,INDEX,,F,F,0,0
7/8/2026,3:39:17 PM,SPX,BLOCK,50,57.4,,PUT,6900,0,287000,9/18/2026,WHITE,0,72,F,INDEX,,F,F,0,0
7/8/2026,3:39:20 PM,SPX,SWEEP,50,57.4,A,PUT,6900,0,287000,9/18/2026,WHITE,0,72,F,INDEX,,F,F,0,0
7/8/2026,11:13:51 AM,SPX,ML/,100,7.91,,PUT,5200,0,79100,9/18/2026,WHITE,0,72,F,INDEX,,F,F,0,0
7/8/2026,3:58:07 PM,SPX,SWEEP,50,6.9,A,PUT,5200,0,34500,9/18/2026,WHITE,0,72,F,INDEX,,F,F,0,0
7/8/2026,12:38:26 PM,SPXW,ML/,52,5,,PUT,7025,0,26000,7/17/2026,WHITE,0,9,F,INDEX,,F,F,0,0
7/8/2026,10:39:32 AM,SPX,ML/,65,12.05,,PUT,6300,0,78325,8/21/2026,WHITE,0,44,F,INDEX,,F,F,0,0
7/8/2026,10:43:41 AM,SPX,ML/,64,12.22,,PUT,6300,0,78208,8/21/2026,WHITE,0,44,F,INDEX,,F,F,0,0
7/8/2026,11:12:43 AM,SPX,ML/,61,12.49,,PUT,6300,0,76189,8/21/2026,WHITE,0,44,F,INDEX,,F,F,0,0
7/8/2026,11:14:00 AM,SPX,ML/,100,12.45,,PUT,6300,0,124500,8/21/2026,WHITE,0,44,F,INDEX,,F,F,0,0
7/8/2026,11:14:24 AM,SPX,ML/,100,12.66,,PUT,6300,0,126600,8/21/2026,WHITE,0,44,F,INDEX,,F,F,0,0
7/8/2026,11:24:19 AM,SPX,ML/,80,13.01,,PUT,6300,0,104080,8/21/2026,WHITE,0,44,F,INDEX,,F,F,0,0
7/8/2026,2:01:35 PM,SPX,ML/,80,10.16,,PUT,6300,0,81280,8/21/2026,WHITE,0,44,F,INDEX,,F,F,0,0
7/8/2026,2:01:51 PM,SPX,ML/,100,10.06,,PUT,6300,0,100600,8/21/2026,WHITE,0,44,F,INDEX,,F,F,0,0
7/8/2026,2:30:55 PM,SPX,ML/,100,10.26,,PUT,6300,0,102600,8/21/2026,WHITE,0,44,F,INDEX,,F,F,0,0
7/8/2026,2:42:20 PM,SPX,ML/,113,10.14,,PUT,6300,0,114582,8/21/2026,WHITE,0,44,F,INDEX,,F,F,0,0
7/8/2026,10:26:49 AM,SPXW,ML/,500,9.5,,CALL,7575,0,475000,7/14/2026,WHITE,0,6,F,INDEX,,F,T,0,0
7/8/2026,10:28:43 AM,SPXW,ML/,356,8.2733,,CALL,7575,0,294529,7/14/2026,WHITE,0,6,F,INDEX,,F,T,0,0
7/8/2026,10:28:45 AM,SPXW,ML/,144,8.2031,,CALL,7575,0,118123,7/14/2026,WHITE,0,6,F,INDEX,,F,T,0,0
7/8/2026,10:32:43 AM,SPXW,ML/,500,8.05,,CALL,7575,0,402500,7/14/2026,WHITE,0,6,F,INDEX,,F,T,0,0
7/8/2026,10:36:42 AM,SPXW,ML/,500,7.6,,CALL,7575,0,380000,7/14/2026,WHITE,0,6,F,INDEX,,F,T,0,0
7/8/2026,10:39:28 AM,SPXW,ML/,300,7.75,,CALL,7575,0,232500,7/14/2026,WHITE,0,6,F,INDEX,,F,T,0,0
7/8/2026,10:39:37 AM,SPXW,ML/,200,7.75,,CALL,7575,0,155000,7/14/2026,WHITE,0,6,F,INDEX,,F,T,0,0
7/8/2026,10:45:14 AM,SPXW,ML/,297,7.3,,CALL,7575,0,216810,7/14/2026,WHITE,0,6,F,INDEX,,F,T,0,0
7/8/2026,10:45:26 AM,SPXW,ML/,198,7.3,,CALL,7575,0,144540,7/14/2026,WHITE,0,6,F,INDEX,,F,T,0,0
7/8/2026,10:52:52 AM,SPXW,ML/,435,6.76,,CALL,7575,0,294060,7/14/2026,WHITE,0,6,F,INDEX,,F,T,0,0
7/8/2026,11:02:35 AM,SPXW,ML/,170,6.32,,CALL,7575,0,107440,7/14/2026,WHITE,0,6,F,INDEX,,F,T,0,0
7/8/2026,11:05:30 AM,SPXW,ML/,72,6.281,,CALL,7575,0,45223,7/14/2026,WHITE,0,6,F,INDEX,,F,T,0,0
7/8/2026,11:05:31 AM,SPXW,ML/,145,6.3139,,CALL,7575,0,91551,7/14/2026,WHITE,0,6,F,INDEX,,F,T,0,0
7/8/2026,11:06:00 AM,SPXW,ML/,200,6.525,,CALL,7575,0,130500,7/14/2026,WHITE,0,6,F,INDEX,,F,T,0,0
7/8/2026,2:50:32 PM,SPXW,ML/,75,8.54,,CALL,7575,0,64050,7/14/2026,WHITE,0,6,F,INDEX,,F,T,0,0
7/8/2026,3:51:46 PM,SPXW,ML/,400,5.6,,PUT,6600,0,224000,7/31/2026,WHITE,0,23,F,INDEX,,F,T,0,0
7/8/2026,9:37:31 AM,RUTW,BLOCK,91,7.3,,CALL,2990,0,66430,7/9/2026,WHITE,0,1,F,INDEX,,F,T,0,0
7/8/2026,9:43:16 AM,RUTW,BLOCK,100,6.7,,CALL,2990,0,67000,7/9/2026,WHITE,0,1,F,INDEX,,F,T,0,0
7/8/2026,9:44:25 AM,RUTW,SWEEP,100,7.1,A,CALL,2990,0,71000,7/9/2026,WHITE,0,1,F,INDEX,,F,T,0,0
7/8/2026,9:46:32 AM,RUTW,BLOCK,100,7.3,,CALL,2990,0,73000,7/9/2026,WHITE,0,1,F,INDEX,,F,T,0,0
7/8/2026,9:48:03 AM,RUTW,BLOCK,92,7.5,,CALL,2990,0,69000,7/9/2026,WHITE,0,1,F,INDEX,,F,T,0,0
7/8/2026,9:49:10 AM,RUTW,BLOCK,100,7,,CALL,2990,0,70000,7/9/2026,WHITE,0,1,F,INDEX,,F,T,0,0
7/8/2026,9:53:36 AM,RUTW,BLOCK,100,6.5,,CALL,2990,0,65000,7/9/2026,WHITE,0,1,F,INDEX,,F,T,0,0
7/8/2026,3:29:45 PM,SPX,BLOCK,50,6.7,,PUT,7175,0,33500,7/17/2026,WHITE,0,9,F,INDEX,,F,F,0,0
7/8/2026,3:29:49 PM,SPX,BLOCK,139,6.8,,PUT,7175,0,94520,7/17/2026,WHITE,0,9,F,INDEX,,F,F,0,0
7/8/2026,11:05:02 AM,SPXW,ML/,200,10.02,,PUT,7275,0,200400,7/13/2026,WHITE,0,5,F,INDEX,,F,T,0,0
7/8/2026,12:15:26 PM,SPXW,ML/,50,7.74,,PUT,7275,0,38700,7/13/2026,WHITE,0,5,F,INDEX,,F,T,0,0
7/8/2026,1:30:03 PM,SPXW,ML/,100,4.23,,PUT,7275,0,42300,7/13/2026,WHITE,0,5,F,INDEX,,F,T,0,0
7/8/2026,9:51:02 AM,SPXW,ML/,60,1.77,,CALL,7690,0,10620,7/17/2026,WHITE,0,9,F,INDEX,,F,F,0,0
7/8/2026,9:37:27 AM,SPXW,ML/,300,109.3,,CALL,7600,0,3279000,8/31/2026,WHITE,0,54,F,INDEX,,F,T,0,0
7/8/2026,9:47:56 AM,SPX,ML/,75,62.6584,,CALL,7475,0,469938,7/17/2026,WHITE,0,9,F,INDEX,,F,F,0,0
7/8/2026,10:01:46 AM,SPX,ML/,60,62.08,,CALL,7475,0,372480,7/17/2026,WHITE,0,9,F,INDEX,,F,F,0,0
7/8/2026,11:05:41 AM,SPXW,ML/,80,1.812,,CALL,7640,0,14495,7/15/2026,WHITE,0,7,F,INDEX,,F,T,0,0
7/8/2026,11:15:03 AM,SPXW,ML/,60,1.67,,CALL,7640,0,10019,7/15/2026,WHITE,0,7,F,INDEX,,F,T,0,0
7/8/2026,11:19:39 AM,SPXW,ML/,64,1.6053,,CALL,7640,0,10274,7/15/2026,WHITE,0,7,F,INDEX,,F,T,0,0
7/8/2026,2:59:46 PM,SPXW,ML/,84,1.7,,CALL,7640,0,14279,7/15/2026,WHITE,0,7,F,INDEX,,F,T,0,0
7/8/2026,3:45:31 PM,SPXW,BLOCK,72,1.85,,CALL,7640,0,13320,7/15/2026,WHITE,0,7,F,INDEX,,F,T,0,0
7/8/2026,3:24:43 PM,SPXW,ML/,150,17.75,,PUT,7350,0,266250,7/15/2026,WHITE,0,7,F,INDEX,,F,T,0,0
7/8/2026,3:28:40 PM,SPXW,ML/,150,17.6,,PUT,7350,0,264000,7/15/2026,WHITE,0,7,F,INDEX,,F,T,0,0
7/8/2026,3:31:14 PM,SPXW,ML/,150,17.75,,PUT,7350,0,266250,7/15/2026,WHITE,0,7,F,INDEX,,F,T,0,0
7/8/2026,10:50:13 AM,SPXW,ML/,63,22.24,,CALL,7600,0,140112,7/24/2026,WHITE,0,16,F,INDEX,,F,T,0,0
7/8/2026,10:50:27 AM,SPXW,ML/,115,22.12,,CALL,7600,0,254380,7/24/2026,WHITE,0,16,F,INDEX,,F,T,0,0
7/8/2026,9:37:45 AM,SPXW,BLOCK,250,21.3,,PUT,6800,0,532500,8/14/2026,WHITE,0,37,F,INDEX,,F,T,0,0
7/8/2026,9:53:41 AM,SPX,ML/,50,135.5,,CALL,7510,0,677500,8/21/2026,WHITE,0,44,F,INDEX,,F,F,0,0
7/8/2026,9:50:56 AM,SPXW,ML/,70,32.05,,PUT,7250,0,224350,7/27/2026,WHITE,0,19,F,INDEX,,F,T,0,0
7/8/2026,3:27:54 PM,SPXW,ML/,800,31.54,,PUT,7000,0,2523200,8/14/2026,WHITE,0,37,F,INDEX,,F,T,0,0
7/8/2026,3:32:33 PM,SPXW,ML/,200,31.58,,PUT,7000,0,631600,8/14/2026,WHITE,0,37,F,INDEX,,F,T,0,0
7/8/2026,10:25:26 AM,SPXW,ML/,60,18.52,,CALL,7575,0,111120,7/17/2026,WHITE,0,9,F,INDEX,,F,F,0,0
7/8/2026,11:08:39 AM,SPXW,ML/,60,13.98,,CALL,7575,0,83880,7/17/2026,WHITE,0,9,F,INDEX,,F,F,0,0
7/8/2026,11:52:07 AM,SPXW,ML/,150,87.64,,CALL,7350,0,1314600,7/9/2026,WHITE,0,1,F,INDEX,,F,T,0,0
7/8/2026,10:53:46 AM,SPXW,ML/,50,15,,PUT,7290,0,75000,7/14/2026,WHITE,0,6,F,INDEX,,F,T,0,0
7/8/2026,10:35:54 AM,SPXW,ML/,50,6.03,,PUT,6500,0,30150,7/31/2026,WHITE,0,23,F,INDEX,,F,T,0,0
7/8/2026,3:39:07 PM,SPXW,BLOCK,50,4.8,,PUT,6500,0,23999,7/31/2026,WHITE,0,23,F,INDEX,,F,T,0,0
7/8/2026,12:24:29 PM,SPXW,ML/,70,22.71,,PUT,7100,0,158970,7/29/2026,WHITE,0,21,F,INDEX,,F,T,0,0
7/8/2026,1:38:36 PM,VIX,ML/,2500,0.52,,CALL,50,0,130000,9/16/2026,WHITE,0,70,F,INDEX,,F,T,0,0
7/8/2026,2:31:13 PM,VIX,ML/,304,0.52,,CALL,50,0,15808,9/16/2026,WHITE,0,70,F,INDEX,,F,T,0,0
7/8/2026,2:44:11 PM,VIX,ML/,302,0.52,,CALL,50,0,15704,9/16/2026,WHITE,0,70,F,INDEX,,F,T,0,0
7/8/2026,2:28:19 PM,VIX,ML/,1000,1.13,,CALL,30,0,113000,9/16/2026,WHITE,0,70,F,INDEX,,F,T,0,0
7/8/2026,3:55:42 PM,VIX,BLOCK,103,1.1,,CALL,30,0,11330,9/16/2026,WHITE,0,70,F,INDEX,,F,T,0,0
7/8/2026,3:59:44 PM,VIX,BLOCK,186,1.1,,CALL,30,0,20460,9/16/2026,WHITE,0,70,F,INDEX,,F,T,0,0
7/8/2026,4:10:35 PM,XSP,ML/,60,4.51,,CALL,748,0,27059,7/14/2026,WHITE,0,6,F,INDEX,,F,T,0,0
7/8/2026,10:14:15 AM,SPX,ML/,50,3.89,,PUT,7000,0,19450,7/17/2026,WHITE,0,9,F,INDEX,,F,F,0,0
7/8/2026,10:31:50 AM,SPX,ML/,98,4.25,,PUT,7000,0,41650,7/17/2026,WHITE,0,9,F,INDEX,,F,F,0,0
7/8/2026,10:34:53 AM,SPX,ML/,350,4.35,,PUT,7000,0,152250,7/17/2026,WHITE,0,9,F,INDEX,,F,F,0,0
7/8/2026,11:07:17 AM,SPX,ML/,1416,4.95,,PUT,7000,0,700920,7/17/2026,WHITE,0,9,F,INDEX,,F,F,0,0
7/8/2026,12:09:19 PM,SPX,ML/,200,4.7,,PUT,7000,0,94000,7/17/2026,WHITE,0,9,F,INDEX,,F,F,0,0
7/8/2026,12:31:39 PM,SPX,ML/,2050,3.62,,PUT,7000,0,742100,7/17/2026,WHITE,0,9,F,INDEX,,F,F,0,0
7/8/2026,12:37:57 PM,SPX,ML/,1784,3.96,,PUT,7000,0,706464,7/17/2026,WHITE,0,9,F,INDEX,,F,F,0,0
7/8/2026,3:11:31 PM,SPX,ML/,200,2.75,,PUT,7000,0,55000,7/17/2026,WHITE,0,9,F,INDEX,,F,F,0,0
7/8/2026,3:53:00 PM,SPX,ML/,1200,2.52,,PUT,7000,0,302400,7/17/2026,WHITE,0,9,F,INDEX,,F,F,0,0
7/8/2026,4:14:51 PM,SPX,BLOCK,50,2.65,,PUT,7000,0,13250,7/17/2026,WHITE,0,9,F,INDEX,,F,F,0,0
7/8/2026,4:28:48 PM,SPX,BLOCK,350,3.0103,,PUT,7000,0,105359,7/17/2026,WHITE,0,9,F,INDEX,,F,F,0,0
7/8/2026,1:24:27 PM,XSP,BLOCK,300,2.9393,,CALL,750,0,88180,7/13/2026,WHITE,0,5,F,INDEX,,F,T,0,0
7/8/2026,1:25:27 PM,XSP,BLOCK,200,3,,CALL,750,0,60000,7/13/2026,WHITE,0,5,F,INDEX,,F,T,0,0
7/8/2026,9:38:12 AM,SPX,ML/,86,63.08,,CALL,7660,0,542488,8/21/2026,WHITE,0,44,F,INDEX,,F,F,0,0
7/8/2026,12:21:19 PM,SPXW,ML/,58,33.76,,PUT,7415,0,195808,7/14/2026,WHITE,0,6,F,INDEX,,F,T,0,0
7/8/2026,3:55:26 PM,SPXW,ML/,165,0.9,,PUT,6100,0,14850,7/22/2026,WHITE,0,14,F,INDEX,,F,T,0,0
7/8/2026,9:38:20 AM,SPXW,ML/,50,2.76,,PUT,6100,0,13800,7/31/2026,WHITE,0,23,F,INDEX,,F,T,0,0
7/8/2026,10:37:10 AM,SPXW,SWEEP,143,3.4,A,PUT,6100,0,48620,7/31/2026,WHITE,0,23,F,INDEX,,F,T,0,0
7/8/2026,2:40:32 PM,SPXW,ML/,200,115.87,,CALL,7470,0,2317400,7/31/2026,WHITE,0,23,F,INDEX,,F,T,0,0
7/8/2026,9:50:02 AM,SPXW,ML/,80,32.23,,PUT,7375,0,257839,7/16/2026,WHITE,0,8,F,INDEX,,F,T,0,0
7/8/2026,9:38:31 AM,VIX,ML/,1800,0.55,,CALL,35,0,99000,8/19/2026,WHITE,0,42,F,INDEX,,F,T,0,0
7/8/2026,3:58:47 PM,VIX,BLOCK,300,0.55,,CALL,35,0,16500,8/19/2026,WHITE,0,42,F,INDEX,,F,T,0,0
7/8/2026,1:24:32 PM,SPX,ML/,80,711.14,,CALL,7450,0,5689120,7/16/2027,WHITE,0,373,F,INDEX,,F,F,0,0
7/8/2026,2:39:50 PM,SPX,ML/,350,707.26,,CALL,7450,0,24754100,7/16/2027,WHITE,0,373,F,INDEX,,F,F,0,0
7/8/2026,3:23:37 PM,SPX,ML/,610,5.5,,CALL,7625,0,335500,7/17/2026,WHITE,0,9,F,INDEX,,F,F,0,0
7/8/2026,3:46:51 PM,SPX,ML/,300,5.5,,CALL,7625,0,165000,7/17/2026,WHITE,0,9,F,INDEX,,F,F,0,0
7/8/2026,2:04:08 PM,NDXP,ML/,50,15.4578,,CALL,29310,0,77289,7/8/2026,WHITE,0,0,F,INDEX,,F,T,0,0
7/8/2026,9:54:22 AM,SPXW,ML/,136,1.92,,PUT,6950,0,26112,7/15/2026,WHITE,0,7,F,INDEX,,F,T,0,0
7/8/2026,12:20:36 PM,SPXW,BLOCK,73,2,,PUT,6950,0,14600,7/15/2026,WHITE,0,7,F,INDEX,,F,T,0,0
7/8/2026,10:03:40 AM,VIX,ML/,500,2.81,,PUT,20,0,140500,9/16/2026,WHITE,0,70,F,INDEX,,F,T,0,0
7/8/2026,10:54:47 AM,VIX,ML/,1000,2.74,,PUT,20,0,274000,9/16/2026,WHITE,0,70,F,INDEX,,F,T,0,0
7/8/2026,11:00:52 AM,VIX,ML/,1120,2.77,,PUT,20,0,310240,9/16/2026,WHITE,0,70,F,INDEX,,F,T,0,0
7/8/2026,1:38:36 PM,VIX,ML/,925,2.9286,,PUT,20,0,270900,9/16/2026,WHITE,0,70,F,INDEX,,F,T,0,0
7/8/2026,11:20:59 AM,SPXW,ML/,100,25.65,,CALL,7700,0,256500,8/7/2026,WHITE,0,30,F,INDEX,,F,T,0,0
7/8/2026,10:05:42 AM,SPXW,ML/,100,17.621,,PUT,7150,0,176210,7/24/2026,WHITE,0,16,F,INDEX,,F,T,0,0
7/8/2026,10:27:03 AM,VIXW,BLOCK,79,1.46,,PUT,19,0,11534,7/15/2026,WHITE,0,7,F,INDEX,,F,T,0,0
7/8/2026,10:37:03 AM,VIXW,BLOCK,81,1.34,,PUT,19,0,10854,7/15/2026,WHITE,0,7,F,INDEX,,F,T,0,0
7/8/2026,9:43:00 AM,VIX,ML/,2500,1.97,,CALL,19,0,492500,8/19/2026,WHITE,0,42,F,INDEX,,F,T,0,0
7/8/2026,9:49:36 AM,VIX,ML/,270,1.99,,CALL,19,0,53729,8/19/2026,WHITE,0,42,F,INDEX,,F,T,0,0
7/8/2026,9:50:20 AM,VIX,ML/,224,1.98,,CALL,19,0,44352,8/19/2026,WHITE,0,42,F,INDEX,,F,T,0,0
7/8/2026,10:04:10 AM,VIX,ML/,2800,1.98,,CALL,19,0,554400,8/19/2026,WHITE,0,42,F,INDEX,,F,T,0,0
7/8/2026,10:12:12 AM,VIX,ML/,140,2.0329,,CALL,19,0,28459,8/19/2026,WHITE,0,42,F,INDEX,,F,T,0,0
7/8/2026,10:32:00 AM,VIX,ML/,169,2.06,,CALL,19,0,34814,8/19/2026,WHITE,0,42,F,INDEX,,F,T,0,0
7/8/2026,11:55:07 AM,VIX,ML/,85,2.23,,CALL,19,0,18955,8/19/2026,WHITE,0,42,F,INDEX,,F,T,0,0
7/8/2026,12:35:11 PM,VIX,BLOCK,50,2.11,,CALL,19,0,10550,8/19/2026,WHITE,0,42,F,INDEX,,F,T,0,0
7/8/2026,12:38:18 PM,VIX,BLOCK,100,2.15,,CALL,19,0,21500,8/19/2026,WHITE,0,42,F,INDEX,,F,T,0,0
7/8/2026,12:41:08 PM,VIX,BLOCK,100,2.06,,CALL,19,0,20600,8/19/2026,WHITE,0,42,F,INDEX,,F,T,0,0
7/8/2026,12:43:21 PM,VIX,BLOCK,50,2.05,,CALL,19,0,10249,8/19/2026,WHITE,0,42,F,INDEX,,F,T,0,0
7/8/2026,11:06:46 AM,SPX,ML/,1416,518.92,,CALL,7000,0,73479072,8/21/2026,WHITE,0,44,F,INDEX,,F,F,0,0
7/8/2026,12:29:28 PM,SPX,ML/,600,529.13,,CALL,7000,0,31747800,8/21/2026,WHITE,0,44,F,INDEX,,F,F,0,0
7/8/2026,1:34:42 PM,SPX,ML/,500,548.25,,CALL,7000,0,27412500,8/21/2026,WHITE,0,44,F,INDEX,,F,F,0,0
7/8/2026,3:14:53 PM,SPX,ML/,250,541.67,,CALL,7000,0,13541750,8/21/2026,WHITE,0,44,F,INDEX,,F,F,0,0
7/8/2026,10:14:19 AM,VIX,ML/,2000,2.3,,CALL,21,0,460000,9/16/2026,WHITE,0,70,F,INDEX,,F,T,0,0
7/8/2026,1:42:55 PM,SPXW,BLOCK,50,34.3,,CALL,8000,0,171499,9/30/2026,WHITE,0,84,F,INDEX,,F,T,0,0
7/8/2026,2:53:26 PM,SPXW,ML/,224,24.32,,CALL,7725,0,544767,8/7/2026,WHITE,0,30,F,INDEX,,F,T,0,0
7/8/2026,2:54:33 PM,SPXW,ML/,224,24.24,,CALL,7725,0,542976,8/7/2026,WHITE,0,30,F,INDEX,,F,T,0,0
7/8/2026,2:58:12 PM,SPXW,ML/,182,24.01,,CALL,7725,0,436982,8/7/2026,WHITE,0,30,F,INDEX,,F,T,0,0
7/8/2026,10:19:30 AM,SPX,ML/,1000,299.6,,PUT,7300,0,29960000,3/19/2027,WHITE,0,254,F,INDEX,,F,F,0,0
7/8/2026,3:59:58 PM,SPXW,BLOCK,50,60,,PUT,7480,0,300000,7/20/2026,WHITE,0,12,F,INDEX,,F,T,0,0
7/8/2026,9:49:42 AM,SPX,BLOCK,150,88.064,,CALL,7600,0,1320959,8/21/2026,WHITE,0,44,F,INDEX,,F,F,0,0
7/8/2026,12:08:26 PM,SPX,ML/,100,81.9,,CALL,7600,0,819000,8/21/2026,WHITE,0,44,F,INDEX,,F,F,0,0
7/8/2026,12:18:43 PM,SPX,BLOCK,100,84.045,,CALL,7600,0,840450,8/21/2026,WHITE,0,44,F,INDEX,,F,F,0,0
7/8/2026,12:18:58 PM,SPX,BLOCK,100,84,,CALL,7600,0,840000,8/21/2026,WHITE,0,44,F,INDEX,,F,F,0,0
7/8/2026,12:24:20 PM,SPX,BLOCK,144,84,,CALL,7600,0,1209600,8/21/2026,WHITE,0,44,F,INDEX,,F,F,0,0
7/8/2026,12:34:50 PM,SPX,BLOCK,128,85.8,,CALL,7600,0,1098240,8/21/2026,WHITE,0,44,F,INDEX,,F,F,0,0
7/8/2026,12:36:16 PM,SPX,BLOCK,150,84.8,,CALL,7600,0,1272000,8/21/2026,WHITE,0,44,F,INDEX,,F,F,0,0
7/8/2026,1:56:22 PM,SPX,ML/,150,89.82,,CALL,7600,0,1347300,8/21/2026,WHITE,0,44,F,INDEX,,F,F,0,0
7/8/2026,2:30:44 PM,SPX,ML/,200,91.1,,CALL,7600,0,1822000,8/21/2026,WHITE,0,44,F,INDEX,,F,F,0,0
7/8/2026,12:30:04 PM,SPX,ML/,100,17.4,,PUT,6000,0,173999,9/18/2026,WHITE,0,72,F,INDEX,,F,F,0,0
7/8/2026,3:38:27 PM,SPX,ML/,50,16,,PUT,6000,0,80000,9/18/2026,WHITE,0,72,F,INDEX,,F,F,0,0
7/8/2026,3:51:45 PM,SPX,ML/,1950,15.97,,PUT,6000,0,3114150,9/18/2026,WHITE,0,72,F,INDEX,,F,F,0,0
7/8/2026,3:56:40 PM,SPX,ML/,1050,15.8,,PUT,6000,0,1659000,9/18/2026,WHITE,0,72,F,INDEX,,F,F,0,0
7/8/2026,4:02:15 PM,SPX,ML/,500,15.8,,PUT,6000,0,790000,9/18/2026,WHITE,0,72,F,INDEX,,F,F,0,0
7/8/2026,3:11:15 PM,SPXW,ML/,200,136.45,,PUT,7550,0,2729000,8/7/2026,WHITE,0,30,F,INDEX,,F,T,0,0
7/8/2026,9:49:04 AM,SPXW,ML/,52,3.95,,PUT,6825,0,20540,7/22/2026,WHITE,0,14,F,INDEX,,F,T,0,0
7/8/2026,11:02:35 AM,SPXW,ML/,170,17.4882,,CALL,7525,0,297299,7/14/2026,WHITE,0,6,F,INDEX,,F,T,0,0
7/8/2026,11:05:30 AM,SPXW,ML/,72,17.3694,,CALL,7525,0,125060,7/14/2026,WHITE,0,6,F,INDEX,,F,T,0,0
7/8/2026,11:05:31 AM,SPXW,ML/,145,17.4277,,CALL,7525,0,252702,7/14/2026,WHITE,0,6,F,INDEX,,F,T,0,0
7/8/2026,11:06:00 AM,SPXW,ML/,200,17.92,,CALL,7525,0,358400,7/14/2026,WHITE,0,6,F,INDEX,,F,T,0,0
7/8/2026,2:50:32 PM,SPXW,ML/,75,24.06,,CALL,7525,0,180450,7/14/2026,WHITE,0,6,F,INDEX,,F,T,0,0
7/8/2026,10:01:46 AM,SPX,ML/,60,25.33,,CALL,7550,0,151980,7/17/2026,WHITE,0,9,F,INDEX,,F,F,0,0
7/8/2026,10:08:19 AM,SPX,ML/,340,25,,CALL,7550,0,850000,7/17/2026,WHITE,0,9,F,INDEX,,F,F,0,0
7/8/2026,10:26:03 AM,SPX,ML/,150,25.13,,CALL,7550,0,376950,7/17/2026,WHITE,0,9,F,INDEX,,F,F,0,0
7/8/2026,10:41:28 AM,SPXW,ML/,50,60.65,,PUT,7430,0,303250,7/20/2026,WHITE,0,12,F,INDEX,,F,T,0,0
7/8/2026,10:43:31 AM,SPX,ML/,100,121.91,,PUT,7100,0,1219100,10/16/2026,WHITE,0,100,F,INDEX,,F,F,0,0
7/8/2026,10:43:40 AM,SPX,ML/,100,122.25,,PUT,7100,0,1222500,10/16/2026,WHITE,0,100,F,INDEX,,F,F,0,0
7/8/2026,11:25:17 AM,SPX,ML/,56,128.14,,PUT,7100,0,717583,10/16/2026,WHITE,0,100,F,INDEX,,F,F,0,0
7/8/2026,11:26:59 AM,SPX,ML/,51,129.17,,PUT,7100,0,658766,10/16/2026,WHITE,0,100,F,INDEX,,F,F,0,0
7/8/2026,11:30:26 AM,SPX,ML/,72,130.15,,PUT,7100,0,937080,10/16/2026,WHITE,0,100,F,INDEX,,F,F,0,0
7/8/2026,11:11:12 AM,SPX,ML/,140,155.4,,PUT,7250,0,2175600,10/16/2026,WHITE,0,100,F,INDEX,,F,F,0,0
7/8/2026,2:42:20 PM,SPX,ML/,130,75.54,,PUT,7275,0,982020,8/21/2026,WHITE,0,44,F,INDEX,,F,F,0,0
7/8/2026,10:34:53 AM,SPX,ML/,350,0.65,,PUT,6000,0,22750,7/17/2026,WHITE,0,9,F,INDEX,,F,F,0,0
7/8/2026,3:53:00 PM,SPX,ML/,1200,0.37,,PUT,6000,0,44400,7/17/2026,WHITE,0,9,F,INDEX,,F,F,0,0
7/8/2026,1:10:32 PM,SPXW,BLOCK,153,33.1,,PUT,7300,0,506430,7/24/2026,WHITE,0,16,F,INDEX,,F,T,0,0
7/8/2026,1:16:07 PM,NDXP,ML/,60,12.7,,PUT,28910,0,76200,7/8/2026,WHITE,0,0,F,INDEX,,F,T,0,0
7/8/2026,2:03:13 PM,NDXP,ML/,80,5.62,,PUT,28910,0,44960,7/8/2026,WHITE,0,0,F,INDEX,,F,T,0,0
7/8/2026,10:41:46 AM,SPXW,ML/,50,2.26,,CALL,7690,0,11299,7/20/2026,WHITE,0,12,F,INDEX,,F,T,0,0
7/8/2026,3:28:04 PM,SPXW,BLOCK,74,3.8,,CALL,7725,0,28120,7/24/2026,WHITE,0,16,F,INDEX,,F,T,0,0
7/8/2026,3:29:49 PM,SPXW,BLOCK,85,4,,CALL,7725,0,34000,7/24/2026,WHITE,0,16,F,INDEX,,F,T,0,0
7/8/2026,3:30:14 PM,SPXW,ML/,437,3.9,,CALL,7725,0,170430,7/24/2026,WHITE,0,16,F,INDEX,,F,T,0,0
7/8/2026,1:46:26 PM,SPX,ML/,60,98.76,,PUT,7375,0,592560,8/21/2026,WHITE,0,44,F,INDEX,,F,F,0,0
7/8/2026,3:30:58 PM,SPX,ML/,56,98.1914,,PUT,7375,0,549872,8/21/2026,WHITE,0,44,F,INDEX,,F,F,0,0
7/8/2026,3:33:21 PM,SPXW,ML/,50,14.8,,CALL,7750,0,74000,8/5/2026,WHITE,0,28,F,INDEX,,F,T,0,0
7/8/2026,12:04:39 PM,SPXW,ML/,100,23.38,,PUT,7270,0,233800,7/17/2026,WHITE,0,9,F,INDEX,,F,F,0,0
7/8/2026,10:43:44 AM,VIX,ML/,100,3.74,,CALL,17,0,37400,9/16/2026,WHITE,0,70,F,INDEX,,F,T,0,0
7/8/2026,12:20:59 PM,VIX,BLOCK,50,3.65,,CALL,17,0,18250,9/16/2026,WHITE,0,70,F,INDEX,,F,T,0,0
7/8/2026,12:45:07 PM,SPX,ML/,1500,101,,PUT,7000,0,15150000,10/16/2026,WHITE,0,100,F,INDEX,,F,F,0,0
7/8/2026,1:05:39 PM,SPX,ML/,4500,99.03,,PUT,7000,0,44563500,10/16/2026,WHITE,0,100,F,INDEX,,F,F,0,0
7/8/2026,3:39:19 PM,SPX,ML/,550,96.4,,PUT,7000,0,5302000,10/16/2026,WHITE,0,100,F,INDEX,,F,F,0,0
7/8/2026,4:02:53 PM,SPX,ML/,1900,97.21,,PUT,7000,0,18469900,10/16/2026,WHITE,0,100,F,INDEX,,F,F,0,0
7/8/2026,4:12:11 PM,SPX,ML/,100,97.21,,PUT,7000,0,972100,10/16/2026,WHITE,0,100,F,INDEX,,F,F,0,0
7/8/2026,4:16:52 PM,SPX,ML/,110,96.4,,PUT,7000,0,1060400,10/16/2026,WHITE,0,100,F,INDEX,,F,F,0,0
7/8/2026,3:51:36 PM,SPX,ML/,180,177.99,,PUT,7400,0,3203820,10/16/2026,WHITE,0,100,F,INDEX,,F,F,0,0
7/8/2026,12:24:29 PM,SPXW,ML/,70,10.24,,CALL,7700,0,71680,7/29/2026,WHITE,0,21,F,INDEX,,F,T,0,0
7/8/2026,9:59:10 AM,VIX,ML/,557,2.93,,CALL,22,0,163201,11/18/2026,WHITE,0,133,F,INDEX,,F,T,0,0
7/8/2026,10:00:35 AM,VIX,ML/,500,2.94,,CALL,22,0,147000,11/18/2026,WHITE,0,133,F,INDEX,,F,T,0,0
7/8/2026,10:00:40 AM,VIX,ML/,443,2.93,,CALL,22,0,129799,11/18/2026,WHITE,0,133,F,INDEX,,F,T,0,0
7/8/2026,9:40:52 AM,NDX,ML/,125,503.0188,,CALL,29100,0,6287735,7/17/2026,WHITE,0,9,F,INDEX,,F,F,0,0
7/8/2026,10:27:24 AM,NDX,ML/,78,460.4692,,CALL,29100,0,3591660,7/17/2026,WHITE,0,9,F,INDEX,,F,F,0,0
7/8/2026,10:27:25 AM,NDX,ML/,82,461.3854,,CALL,29100,0,3783360,7/17/2026,WHITE,0,9,F,INDEX,,F,F,0,0
7/8/2026,12:04:39 PM,SPXW,ML/,100,24.82,,PUT,7280,0,248200,7/17/2026,WHITE,0,9,F,INDEX,,F,F,0,0
7/8/2026,10:01:00 AM,SPX,ML/,1200,85.86,,PUT,7100,0,10303200,9/18/2026,WHITE,0,72,F,INDEX,,F,F,0,0
7/8/2026,10:08:05 AM,SPX,ML/,100,85.86,,PUT,7100,0,858600,9/18/2026,WHITE,0,72,F,INDEX,,F,F,0,0
7/8/2026,10:10:34 AM,SPX,ML/,100,85.86,,PUT,7100,0,858600,9/18/2026,WHITE,0,72,F,INDEX,,F,F,0,0
7/8/2026,10:11:22 AM,SPX,ML/,100,85.86,,PUT,7100,0,858600,9/18/2026,WHITE,0,72,F,INDEX,,F,F,0,0
7/8/2026,10:17:36 AM,SPX,ML/,500,85.9,,PUT,7100,0,4295000,9/18/2026,WHITE,0,72,F,INDEX,,F,F,0,0
7/8/2026,10:43:31 AM,SPX,ML/,100,91.41,,PUT,7100,0,914100,9/18/2026,WHITE,0,72,F,INDEX,,F,F,0,0
7/8/2026,10:43:40 AM,SPX,ML/,100,91.75,,PUT,7100,0,917500,9/18/2026,WHITE,0,72,F,INDEX,,F,F,0,0
7/8/2026,11:23:32 AM,SPX,ML/,300,95.5,,PUT,7100,0,2865000,9/18/2026,WHITE,0,72,F,INDEX,,F,F,0,0
7/8/2026,11:25:17 AM,SPX,ML/,56,97.44,,PUT,7100,0,545664,9/18/2026,WHITE,0,72,F,INDEX,,F,F,0,0
7/8/2026,11:26:59 AM,SPX,ML/,51,98.42,,PUT,7100,0,501942,9/18/2026,WHITE,0,72,F,INDEX,,F,F,0,0
7/8/2026,11:30:26 AM,SPX,ML/,72,99.35,,PUT,7100,0,715320,9/18/2026,WHITE,0,72,F,INDEX,,F,F,0,0
7/8/2026,11:49:56 AM,SPX,ML/,500,97,,PUT,7100,0,4850000,9/18/2026,WHITE,0,72,F,INDEX,,F,F,0,0
7/8/2026,1:48:12 PM,SPX,ML/,100,27.95,,PUT,6850,0,279500,8/21/2026,WHITE,0,44,F,INDEX,,F,F,0,0
7/8/2026,1:49:53 PM,SPX,ML/,100,28.01,,PUT,6850,0,280100,8/21/2026,WHITE,0,44,F,INDEX,,F,F,0,0
7/8/2026,10:08:19 AM,SPXW,ML/,340,87,,CALL,7475,0,2958000,7/24/2026,WHITE,0,16,F,INDEX,,F,T,0,0
7/8/2026,10:01:59 AM,SPXW,ML/,70,16.63,,PUT,7100,0,116409,7/27/2026,WHITE,0,19,F,INDEX,,F,T,0,0
7/8/2026,10:53:54 AM,SPXW,ML/,70,19.65,,PUT,7100,0,137550,7/27/2026,WHITE,0,19,F,INDEX,,F,T,0,0
7/8/2026,12:02:08 PM,SPXW,ML/,70,21.75,,PUT,7100,0,152250,7/27/2026,WHITE,0,19,F,INDEX,,F,T,0,0
7/8/2026,10:59:50 AM,XSP,ML/,500,0.46,,CALL,795,0,23000,8/14/2026,WHITE,0,37,F,INDEX,,F,T,0,0
7/8/2026,12:21:19 PM,SPXW,ML/,58,38.17,,CALL,7480,0,221386,7/14/2026,WHITE,0,6,F,INDEX,,F,T,0,0
7/8/2026,10:38:25 AM,SPXW,ML/,50,9.35,,PUT,7205,0,46750,7/15/2026,WHITE,0,7,F,INDEX,,F,T,0,0
7/8/2026,3:56:33 PM,SPXW,ML/,90,6.94,,PUT,7235,0,62460,7/15/2026,WHITE,0,7,F,INDEX,,F,T,0,0
7/8/2026,10:55:25 AM,SPX,ML/,350,82.11,,PUT,7250,0,2873850,8/21/2026,WHITE,0,44,F,INDEX,,F,F,0,0
7/8/2026,1:20:53 PM,SPX,ML/,400,71.71,,PUT,7250,0,2868399,8/21/2026,WHITE,0,44,F,INDEX,,F,F,0,0
7/8/2026,3:34:08 PM,SPX,BLOCK,50,70.9,,PUT,7250,0,354500,8/21/2026,WHITE,0,44,F,INDEX,,F,F,0,0
7/8/2026,10:14:46 AM,SPX,ML/,100,95.65,,PUT,7150,0,956500,9/18/2026,WHITE,0,72,F,INDEX,,F,F,0,0
7/8/2026,10:25:17 AM,RUT,ML/,238,14.24,,PUT,2650,0,338912,8/21/2026,WHITE,0,44,F,INDEX,,F,F,0,0
7/8/2026,10:47:07 AM,RUT,ML/,110,15.672,,PUT,2650,0,172392,8/21/2026,WHITE,0,44,F,INDEX,,F,F,0,0
7/8/2026,10:28:07 AM,XSP,BLOCK,59,6.18,,PUT,730,0,36462,8/5/2026,WHITE,0,28,F,INDEX,,F,T,0,0
7/8/2026,11:47:21 AM,SPXW,ML/,100,70.84,,PUT,7445,0,708400,7/17/2026,WHITE,0,9,F,INDEX,,F,F,0,0
7/8/2026,1:14:35 PM,SPXW,ML/,100,48.2,,PUT,7445,0,482000,7/17/2026,WHITE,0,9,F,INDEX,,F,F,0,0
7/8/2026,3:40:46 PM,SPXW,SWEEP,50,45.2,A,PUT,7445,0,226000,7/17/2026,WHITE,0,9,F,INDEX,,F,F,0,0
7/8/2026,10:38:49 AM,RUTW,ML/,100,23.6498,,PUT,2965,0,236498,7/9/2026,WHITE,0,1,F,INDEX,,F,T,0,0
7/8/2026,3:26:08 PM,RUTW,BLOCK,83,19.2,,PUT,2965,0,159360,7/9/2026,WHITE,0,1,F,INDEX,,F,T,0,0
7/8/2026,12:31:02 PM,SPX,ML/,250,195.36,,PUT,6500,0,4884000,6/17/2027,WHITE,0,344,F,INDEX,,F,T,0,0
7/8/2026,2:33:57 PM,SPX,ML/,200,15.3,,CALL,7575,0,306000,7/17/2026,WHITE,0,9,F,INDEX,,F,F,0,0
7/8/2026,10:39:12 AM,SPXW,ML/,100,53.667,,PUT,7445,0,536670,7/15/2026,WHITE,0,7,F,INDEX,,F,T,0,0
7/8/2026,3:24:37 PM,SPXW,ML/,94,38.1,,PUT,7445,0,358140,7/15/2026,WHITE,0,7,F,INDEX,,F,T,0,0
7/8/2026,10:22:35 AM,SPXW,ML/,50,3.9,,CALL,7655,0,19500,7/17/2026,WHITE,0,9,F,INDEX,,F,F,0,0
7/8/2026,10:47:35 AM,SPXW,ML/,85,24.24,,PUT,7350,0,206040,7/14/2026,WHITE,0,6,F,INDEX,,F,T,0,0
7/8/2026,10:54:22 AM,SPX,ML/,246,81.55,,PUT,7030,0,2006130,9/18/2026,WHITE,0,72,F,INDEX,,F,F,0,0
7/8/2026,11:52:05 AM,SPXW,BLOCK,62,38.7,,PUT,7140,0,239940,7/31/2026,WHITE,0,23,F,INDEX,,F,T,0,0
7/8/2026,9:48:39 AM,SPXW,ML/,170,37.98,,PUT,7220,0,645660,7/31/2026,WHITE,0,23,F,INDEX,,F,T,0,0
7/8/2026,3:53:58 PM,SPXW,ML/,2700,1.03,,PUT,7140,0,278100,7/13/2026,WHITE,0,5,F,INDEX,,F,T,0,0
7/8/2026,11:34:58 AM,SPXW,BLOCK,100,54.675,,PUT,7375,0,546750,7/21/2026,WHITE,0,13,F,INDEX,,F,T,0,0
7/8/2026,9:43:00 AM,VIX,ML/,275,2.1091,,CALL,18.5,0,58000,8/19/2026,WHITE,0,42,F,INDEX,,F,T,0,0
7/8/2026,9:43:00 AM,VIX,ML/,2500,2.15,,PUT,19,0,537500,8/19/2026,WHITE,0,42,F,INDEX,,F,T,0,0
7/8/2026,9:50:20 AM,VIX,ML/,224,2.1443,,PUT,19,0,48032,8/19/2026,WHITE,0,42,F,INDEX,,F,T,0,0
7/8/2026,10:04:10 AM,VIX,ML/,2800,2.14,,PUT,19,0,599200,8/19/2026,WHITE,0,42,F,INDEX,,F,T,0,0
7/8/2026,10:12:12 AM,VIX,ML/,140,2.09,,PUT,19,0,29259,8/19/2026,WHITE,0,42,F,INDEX,,F,T,0,0
7/8/2026,10:32:00 AM,VIX,ML/,169,2.06,,PUT,19,0,34814,8/19/2026,WHITE,0,42,F,INDEX,,F,T,0,0
7/8/2026,11:55:07 AM,VIX,ML/,85,2,,PUT,19,0,17000,8/19/2026,WHITE,0,42,F,INDEX,,F,T,0,0
7/8/2026,2:46:37 PM,VIX,ML/,131,2.14,,PUT,19,0,28034,8/19/2026,WHITE,0,42,F,INDEX,,F,T,0,0
7/8/2026,9:43:00 AM,VIX,ML/,275,1.8,,PUT,18.5,0,49500,8/19/2026,WHITE,0,42,F,INDEX,,F,T,0,0
7/8/2026,9:54:56 AM,VIX,BLOCK,98,1.75,,PUT,18.5,0,17150,8/19/2026,WHITE,0,42,F,INDEX,,F,T,0,0
7/8/2026,10:55:31 AM,VIX,BLOCK,1000,1.69,,PUT,18.5,0,169000,8/19/2026,WHITE,0,42,F,INDEX,,F,T,0,0
7/8/2026,11:30:34 AM,VIX,ML/,173,1.6,,PUT,18.5,0,27680,8/19/2026,WHITE,0,42,F,INDEX,,F,T,0,0
7/8/2026,11:55:15 AM,VIX,BLOCK,136,1.65,,PUT,18.5,0,22439,8/19/2026,WHITE,0,42,F,INDEX,,F,T,0,0
7/8/2026,11:55:20 AM,VIX,BLOCK,100,1.65,,PUT,18.5,0,16500,8/19/2026,WHITE,0,42,F,INDEX,,F,T,0,0
7/8/2026,12:08:08 PM,VIX,BLOCK,764,1.7,,PUT,18.5,0,129880,8/19/2026,WHITE,0,42,F,INDEX,,F,T,0,0
7/8/2026,1:42:56 PM,VIX,BLOCK,374,1.86,,PUT,18.5,0,69564,8/19/2026,WHITE,0,42,F,INDEX,,F,T,0,0
7/8/2026,1:42:57 PM,VIX,BLOCK,1625,1.86,,PUT,18.5,0,302250,8/19/2026,WHITE,0,42,F,INDEX,,F,T,0,0
7/8/2026,2:29:17 PM,VIX,ML/,250,1.82,,PUT,18.5,0,45500,8/19/2026,WHITE,0,42,F,INDEX,,F,T,0,0
7/8/2026,2:32:47 PM,VIX,ML/,750,1.79,,PUT,18.5,0,134250,8/19/2026,WHITE,0,42,F,INDEX,,F,T,0,0
7/8/2026,10:38:49 AM,RUTW,ML/,100,18.5034,,PUT,2955,0,185034,7/9/2026,WHITE,0,1,F,INDEX,,F,T,0,0
7/8/2026,10:24:15 AM,SPXW,ML/,50,5.6,,PUT,7100,0,28000,7/16/2026,WHITE,0,8,F,INDEX,,F,T,0,0
7/8/2026,9:43:16 AM,SPX,BLOCK,89,36.2,,PUT,6950,0,322180,8/21/2026,WHITE,0,44,F,INDEX,,F,F,0,0
7/8/2026,10:25:26 AM,SPXW,ML/,60,9.15,,CALL,7615,0,54900,7/17/2026,WHITE,0,9,F,INDEX,,F,F,0,0
7/8/2026,11:08:39 AM,SPXW,ML/,60,6.65,,CALL,7615,0,39900,7/17/2026,WHITE,0,9,F,INDEX,,F,F,0,0
7/8/2026,12:19:21 PM,SPXW,BLOCK,54,6.3,,CALL,7615,0,34020,7/17/2026,WHITE,0,9,F,INDEX,,F,F,0,0
7/8/2026,3:26:50 PM,SPXW,ML/,78,54.42,,PUT,7400,0,424476,7/27/2026,WHITE,0,19,F,INDEX,,F,T,0,0
7/8/2026,10:53:38 AM,SPXW,ML/,513,12.4,,PUT,6800,0,636120,7/31/2026,WHITE,0,23,F,INDEX,,F,T,0,0
7/8/2026,12:05:01 PM,SPXW,BLOCK,230,12.8,,PUT,6800,0,294400,7/31/2026,WHITE,0,23,F,INDEX,,F,T,0,0
7/8/2026,4:00:12 PM,SPXW,BLOCK,65,9.0077,,PUT,6650,0,58550,8/6/2026,WHITE,0,29,F,INDEX,,F,T,0,0
7/8/2026,11:08:59 AM,SPXW,ML/,381,56.1349,,PUT,7455,0,2138738,7/14/2026,WHITE,0,6,F,INDEX,,F,T,0,0
7/8/2026,2:29:37 PM,SPXW,SWEEP,187,1.3,A,PUT,6800,0,24310,7/16/2026,WHITE,0,8,F,INDEX,,F,T,0,0
7/8/2026,2:37:12 PM,SPXW,BLOCK,224,1.3,,PUT,6800,0,29120,7/16/2026,WHITE,0,8,F,INDEX,,F,T,0,0
7/8/2026,2:37:19 PM,SPXW,BLOCK,89,1.3,,PUT,6800,0,11570,7/16/2026,WHITE,0,8,F,INDEX,,F,T,0,0
7/8/2026,2:57:43 PM,SPXW,ML/,500,8.35,,PUT,7225,0,417500,7/16/2026,WHITE,0,8,F,INDEX,,F,T,0,0
7/8/2026,3:45:36 PM,SPXW,ML/,50,2.53,,PUT,7225,0,12649,7/13/2026,WHITE,0,5,F,INDEX,,F,T,0,0
7/8/2026,4:07:08 PM,SPXW,ML/,430,2.4,,PUT,7225,0,103200,7/13/2026,WHITE,0,5,F,INDEX,,F,T,0,0
7/8/2026,10:15:23 AM,SPX,ML/,185,194,,PUT,7515,0,3589000,9/18/2026,WHITE,0,72,F,INDEX,,F,F,0,0
7/8/2026,10:19:30 AM,SPX,ML/,350,199,,PUT,7515,0,6965000,9/18/2026,WHITE,0,72,F,INDEX,,F,F,0,0
7/8/2026,10:24:55 AM,SPX,ML/,108,193,,PUT,7515,0,2084400,9/18/2026,WHITE,0,72,F,INDEX,,F,F,0,0
7/8/2026,10:28:41 AM,SPX,ML/,153,196,,PUT,7515,0,2998800,9/18/2026,WHITE,0,72,F,INDEX,,F,F,0,0
7/8/2026,12:54:50 PM,SPX,ML/,91,188.5,,PUT,7515,0,1715350,9/18/2026,WHITE,0,72,F,INDEX,,F,F,0,0
7/8/2026,9:43:48 AM,SPX,ML/,100,267.9,,CALL,8200,0,2678999,6/17/2027,WHITE,0,344,F,INDEX,,F,T,0,0
7/8/2026,10:17:41 AM,SPX,ML/,100,264.55,,CALL,8200,0,2645500,6/17/2027,WHITE,0,344,F,INDEX,,F,T,0,0
7/8/2026,11:07:48 AM,SPX,ML/,100,258.6,,CALL,8200,0,2586000,6/17/2027,WHITE,0,344,F,INDEX,,F,T,0,0
7/8/2026,9:43:48 AM,SPX,ML/,100,447.6,,PUT,7600,0,4476000,6/17/2027,WHITE,0,344,F,INDEX,,F,T,0,0
7/8/2026,10:17:41 AM,SPX,ML/,100,451.5,,PUT,7600,0,4515000,6/17/2027,WHITE,0,344,F,INDEX,,F,T,0,0
7/8/2026,11:07:48 AM,SPX,ML/,100,458.6,,PUT,7600,0,4586000,6/17/2027,WHITE,0,344,F,INDEX,,F,T,0,0
7/8/2026,10:15:23 AM,SPX,ML/,185,191,,CALL,7515,0,3533500,9/18/2026,WHITE,0,72,F,INDEX,,F,F,0,0
7/8/2026,10:19:30 AM,SPX,ML/,350,187,,CALL,7515,0,6545000,9/18/2026,WHITE,0,72,F,INDEX,,F,F,0,0
7/8/2026,10:24:55 AM,SPX,ML/,108,193,,CALL,7515,0,2084400,9/18/2026,WHITE,0,72,F,INDEX,,F,F,0,0
7/8/2026,10:28:41 AM,SPX,ML/,153,190,,CALL,7515,0,2907000,9/18/2026,WHITE,0,72,F,INDEX,,F,F,0,0
7/8/2026,12:54:50 PM,SPX,ML/,91,193.5,,CALL,7515,0,1760850,9/18/2026,WHITE,0,72,F,INDEX,,F,F,0,0
7/8/2026,9:49:04 AM,SPXW,ML/,52,4.56,,PUT,6875,0,23711,7/22/2026,WHITE,0,14,F,INDEX,,F,T,0,0
7/8/2026,1:16:07 PM,NDXP,ML/,60,13.69,,PUT,28920,0,82140,7/8/2026,WHITE,0,0,F,INDEX,,F,T,0,0
7/8/2026,2:03:13 PM,NDXP,ML/,80,6.08,,PUT,28920,0,48640,7/8/2026,WHITE,0,0,F,INDEX,,F,T,0,0
7/8/2026,1:44:21 PM,SPXW,ML/,700,30.02,,PUT,7200,0,2101400,7/30/2026,WHITE,0,22,F,INDEX,,F,T,0,0
7/8/2026,9:44:15 AM,SPX,BLOCK,150,31.7,,PUT,5700,0,475500,11/20/2026,WHITE,0,135,F,INDEX,,F,F,0,0
7/8/2026,9:51:23 AM,SPX,BLOCK,70,31.6,,PUT,5700,0,221200,11/20/2026,WHITE,0,135,F,INDEX,,F,F,0,0
7/8/2026,11:15:47 AM,SPX,ML/,150,34.05,,PUT,5700,0,510750,11/20/2026,WHITE,0,135,F,INDEX,,F,F,0,0
7/8/2026,9:44:15 AM,SPX,BLOCK,54,34.9,,PUT,5800,0,188460,11/20/2026,WHITE,0,135,F,INDEX,,F,F,0,0
7/8/2026,9:47:20 AM,SPX,BLOCK,53,34.7,,PUT,5800,0,183910,11/20/2026,WHITE,0,135,F,INDEX,,F,F,0,0
7/8/2026,11:49:14 AM,SPXW,ML/,80,79.32,,PUT,7445,0,634560,7/21/2026,WHITE,0,13,F,INDEX,,F,T,0,0
7/8/2026,1:15:19 PM,SPXW,ML/,70,56.4,,PUT,7445,0,394800,7/21/2026,WHITE,0,13,F,INDEX,,F,T,0,0
7/8/2026,3:37:20 PM,NDXP,BLOCK,169,4.3,,CALL,29800,0,72670,7/9/2026,WHITE,0,1,F,INDEX,,F,T,0,0
7/8/2026,12:24:29 PM,SPXW,ML/,70,27.27,,PUT,7150,0,190890,7/29/2026,WHITE,0,21,F,INDEX,,F,T,0,0
7/8/2026,10:51:22 AM,SPXW,ML/,455,23.2,,PUT,6175,0,1055600,9/18/2026,WHITE,0,72,F,INDEX,,F,F,0,0
7/8/2026,3:50:19 PM,SPXW,BLOCK,50,38.2,,PUT,6900,0,191000,8/28/2026,WHITE,0,51,F,INDEX,,F,T,0,0
7/8/2026,3:36:18 PM,SPXW,ML/,59,38.9,,CALL,7520,0,229510,7/17/2026,WHITE,0,9,F,INDEX,,F,F,0,0
7/8/2026,9:44:54 AM,SPXW,ML/,80,37.2302,,PUT,7375,0,297841,7/20/2026,WHITE,0,12,F,INDEX,,F,T,0,0
7/8/2026,10:17:31 AM,SPXW,ML/,60,42.63,,PUT,7375,0,255780,7/20/2026,WHITE,0,12,F,INDEX,,F,T,0,0
7/8/2026,10:43:26 AM,VIX,ML/,240,0.99,,CALL,40,0,23760,10/21/2026,WHITE,0,105,F,INDEX,,F,T,0,0
7/8/2026,10:44:41 AM,VIX,ML/,240,0.99,,CALL,40,0,23760,10/21/2026,WHITE,0,105,F,INDEX,,F,T,0,0
7/8/2026,10:52:57 AM,VIX,ML/,240,0.99,,CALL,40,0,23760,10/21/2026,WHITE,0,105,F,INDEX,,F,T,0,0
7/8/2026,11:03:41 AM,VIX,ML/,240,0.99,,CALL,40,0,23760,10/21/2026,WHITE,0,105,F,INDEX,,F,T,0,0
7/8/2026,11:14:19 AM,VIX,ML/,240,0.99,,CALL,40,0,23760,10/21/2026,WHITE,0,105,F,INDEX,,F,T,0,0
7/8/2026,11:16:14 AM,VIX,ML/,240,1,,CALL,40,0,24000,10/21/2026,WHITE,0,105,F,INDEX,,F,T,0,0
7/8/2026,11:19:34 AM,VIX,ML/,240,1,,CALL,40,0,24000,10/21/2026,WHITE,0,105,F,INDEX,,F,T,0,0
7/8/2026,11:22:56 AM,VIX,ML/,480,0.99,,CALL,40,0,47520,10/21/2026,WHITE,0,105,F,INDEX,,F,T,0,0
7/8/2026,11:23:31 AM,VIX,ML/,240,0.99,,CALL,40,0,23760,10/21/2026,WHITE,0,105,F,INDEX,,F,T,0,0
7/8/2026,10:00:04 AM,SPXW,ML/,52,5.0333,,PUT,7235,0,26173,7/13/2026,WHITE,0,5,F,INDEX,,F,T,0,0
7/8/2026,10:00:21 AM,SPXW,ML/,79,4.927,,PUT,7235,0,38922,7/13/2026,WHITE,0,5,F,INDEX,,F,T,0,0
7/8/2026,9:45:08 AM,SPXW,ML/,962,7.8,,PUT,6250,0,750360,8/14/2026,WHITE,0,37,F,INDEX,,F,T,0,0
7/8/2026,1:44:17 PM,SPXW,ML/,150,7.24,,PUT,6250,0,108600,8/14/2026,WHITE,0,37,F,INDEX,,F,T,0,0
7/8/2026,3:43:24 PM,SPXW,ML/,100,7.45,,PUT,6250,0,74500,8/14/2026,WHITE,0,37,F,INDEX,,F,T,0,0
7/8/2026,9:49:05 AM,SPXW,ML/,52,7.67,,PUT,6800,0,39884,7/29/2026,WHITE,0,21,F,INDEX,,F,T,0,0
7/8/2026,9:49:05 AM,SPXW,ML/,52,8.78,,PUT,6850,0,45655,7/29/2026,WHITE,0,21,F,INDEX,,F,T,0,0
7/8/2026,12:35:09 PM,SPXW,ML/,480,59.44,,PUT,7360,0,2853120,7/29/2026,WHITE,0,21,F,INDEX,,F,T,0,0
7/8/2026,9:51:13 AM,SPX,BLOCK,3000,1.3,,CALL,9800,0,390000,12/18/2026,WHITE,0,163,F,INDEX,,F,F,0,0
7/8/2026,9:45:26 AM,SPX,ML/,106,192,,CALL,7520,0,2035200,9/18/2026,WHITE,0,72,F,INDEX,,F,F,0,0
7/8/2026,9:49:50 AM,SPX,ML/,70,192,,CALL,7520,0,1344000,9/18/2026,WHITE,0,72,F,INDEX,,F,F,0,0
7/8/2026,9:53:49 AM,SPX,ML/,66,189,,CALL,7520,0,1247400,9/18/2026,WHITE,0,72,F,INDEX,,F,F,0,0
7/8/2026,10:03:37 AM,SPX,ML/,125,190,,CALL,7520,0,2375000,9/18/2026,WHITE,0,72,F,INDEX,,F,F,0,0
7/8/2026,10:08:19 AM,SPX,ML/,150,191,,CALL,7520,0,2865000,9/18/2026,WHITE,0,72,F,INDEX,,F,F,0,0
7/8/2026,12:55:00 PM,SPX,ML/,52,190.5,,CALL,7520,0,990600,9/18/2026,WHITE,0,72,F,INDEX,,F,F,0,0
7/8/2026,1:05:56 PM,SPX,ML/,595,189,,CALL,7520,0,11245500,9/18/2026,WHITE,0,72,F,INDEX,,F,F,0,0
7/8/2026,1:07:13 PM,SPX,ML/,100,189,,CALL,7520,0,1890000,9/18/2026,WHITE,0,72,F,INDEX,,F,F,0,0
7/8/2026,1:09:34 PM,SPX,ML/,140,190.1,,CALL,7520,0,2661400,9/18/2026,WHITE,0,72,F,INDEX,,F,F,0,0
7/8/2026,1:20:53 PM,SPX,ML/,108,191.86,,CALL,7520,0,2072088,9/18/2026,WHITE,0,72,F,INDEX,,F,F,0,0
7/8/2026,2:33:44 PM,SPX,ML/,112,190,,CALL,7520,0,2128000,9/18/2026,WHITE,0,72,F,INDEX,,F,F,0,0
7/8/2026,2:40:32 PM,SPX,ML/,81,193,,CALL,7520,0,1563300,9/18/2026,WHITE,0,72,F,INDEX,,F,F,0,0
7/8/2026,2:43:34 PM,SPX,ML/,52,190.9,,CALL,7520,0,992680,9/18/2026,WHITE,0,72,F,INDEX,,F,F,0,0
7/8/2026,3:50:45 PM,SPX,ML/,90,190.2,,CALL,7520,0,1711800,9/18/2026,WHITE,0,72,F,INDEX,,F,F,0,0
7/8/2026,3:54:13 PM,SPX,ML/,60,194,,CALL,7520,0,1164000,9/18/2026,WHITE,0,72,F,INDEX,,F,F,0,0
7/8/2026,3:57:44 PM,SPX,ML/,60,195,,CALL,7520,0,1170000,9/18/2026,WHITE,0,72,F,INDEX,,F,F,0,0
7/8/2026,9:45:26 AM,SPXW,ML/,200,55.04,,CALL,7550,0,1100800,7/28/2026,WHITE,0,20,F,INDEX,,F,T,0,0
7/8/2026,10:24:55 AM,SPXW,ML/,200,53.6,,CALL,7550,0,1072000,7/28/2026,WHITE,0,20,F,INDEX,,F,T,0,0
7/8/2026,9:45:26 AM,SPX,ML/,106,192,,PUT,7520,0,2035200,9/18/2026,WHITE,0,72,F,INDEX,,F,F,0,0
7/8/2026,9:49:50 AM,SPX,ML/,70,192,,PUT,7520,0,1344000,9/18/2026,WHITE,0,72,F,INDEX,,F,F,0,0
7/8/2026,9:53:49 AM,SPX,ML/,66,194,,PUT,7520,0,1280400,9/18/2026,WHITE,0,72,F,INDEX,,F,F,0,0
7/8/2026,10:03:37 AM,SPX,ML/,125,194,,PUT,7520,0,2425000,9/18/2026,WHITE,0,72,F,INDEX,,F,F,0,0
7/8/2026,10:08:19 AM,SPX,ML/,150,193,,PUT,7520,0,2895000,9/18/2026,WHITE,0,72,F,INDEX,,F,F,0,0
7/8/2026,12:55:00 PM,SPX,ML/,52,190.5,,PUT,7520,0,990600,9/18/2026,WHITE,0,72,F,INDEX,,F,F,0,0
7/8/2026,1:05:56 PM,SPX,ML/,595,191,,PUT,7520,0,11364500,9/18/2026,WHITE,0,72,F,INDEX,,F,F,0,0
7/8/2026,1:07:13 PM,SPX,ML/,100,191,,PUT,7520,0,1910000,9/18/2026,WHITE,0,72,F,INDEX,,F,F,0,0
7/8/2026,1:09:34 PM,SPX,ML/,140,190.1,,PUT,7520,0,2661400,9/18/2026,WHITE,0,72,F,INDEX,,F,F,0,0
7/8/2026,1:20:53 PM,SPX,ML/,108,188.4526,,PUT,7520,0,2035288,9/18/2026,WHITE,0,72,F,INDEX,,F,F,0,0
7/8/2026,2:33:44 PM,SPX,ML/,112,190,,PUT,7520,0,2128000,9/18/2026,WHITE,0,72,F,INDEX,,F,F,0,0
7/8/2026,2:40:32 PM,SPX,ML/,81,187,,PUT,7520,0,1514700,9/18/2026,WHITE,0,72,F,INDEX,,F,F,0,0
7/8/2026,2:43:34 PM,SPX,ML/,52,189.4,,PUT,7520,0,984880,9/18/2026,WHITE,0,72,F,INDEX,,F,F,0,0
7/8/2026,3:50:45 PM,SPX,ML/,90,189.2,,PUT,7520,0,1702800,9/18/2026,WHITE,0,72,F,INDEX,,F,F,0,0
7/8/2026,3:54:13 PM,SPX,ML/,60,186,,PUT,7520,0,1116000,9/18/2026,WHITE,0,72,F,INDEX,,F,F,0,0
7/8/2026,3:57:44 PM,SPX,ML/,60,184,,PUT,7520,0,1104000,9/18/2026,WHITE,0,72,F,INDEX,,F,F,0,0
7/8/2026,12:56:05 PM,XSP,ML/,50,2.84,,CALL,748,0,14200,7/10/2026,WHITE,0,2,F,INDEX,,F,T,0,0
7/8/2026,4:00:01 PM,SPXW,BLOCK,56,2.1,,PUT,7220,0,11760,7/13/2026,WHITE,0,5,F,INDEX,,F,T,0,0
7/8/2026,12:36:00 PM,SPXW,ML/,529,28.0005,,CALL,7675,0,1481225,8/5/2026,WHITE,0,28,F,INDEX,,F,T,0,0
7/8/2026,9:45:38 AM,SPX,ML/,50,114.04,,PUT,6700,0,570200,12/18/2026,WHITE,0,163,F,INDEX,,F,F,0,0
7/8/2026,9:45:39 AM,SPX,ML/,70,114.04,,PUT,6700,0,798280,12/18/2026,WHITE,0,163,F,INDEX,,F,F,0,0
7/8/2026,12:04:17 PM,SPX,ML/,250,122.18,,PUT,6700,0,3054500,12/18/2026,WHITE,0,163,F,INDEX,,F,F,0,0
7/8/2026,3:39:19 PM,SPX,ML/,500,111.82,,PUT,6700,0,5591000,12/18/2026,WHITE,0,163,F,INDEX,,F,F,0,0
7/8/2026,4:16:48 PM,SPX,ML/,100,111.82,,PUT,6700,0,1118200,12/18/2026,WHITE,0,163,F,INDEX,,F,F,0,0
7/8/2026,9:45:38 AM,SPX,ML/,50,22.35,,PUT,5000,0,111750,12/18/2026,WHITE,0,163,F,INDEX,,F,F,0,0
7/8/2026,9:45:39 AM,SPX,ML/,70,22.35,,PUT,5000,0,156450,12/18/2026,WHITE,0,163,F,INDEX,,F,F,0,0
7/8/2026,3:15:08 PM,SPX,ML/,100,21.9,,PUT,5000,0,219000,12/18/2026,WHITE,0,163,F,INDEX,,F,F,0,0
7/8/2026,3:57:57 PM,SPXW,ML/,186,54.53,,CALL,7630,0,1014258,8/7/2026,WHITE,0,30,F,INDEX,,F,T,0,0
7/8/2026,3:36:18 PM,SPXW,ML/,177,17.01,,CALL,7705,0,301077,7/31/2026,WHITE,0,23,F,INDEX,,F,T,0,0
7/8/2026,11:29:23 AM,SPXW,BLOCK,54,25.9,,CALL,7435,0,139860,7/9/2026,WHITE,0,1,F,INDEX,,F,T,0,0
7/8/2026,3:45:23 PM,SPXW,ML/,125,15.65,,PUT,6550,0,195625,8/21/2026,WHITE,0,44,F,INDEX,,F,F,0,0
7/8/2026,3:46:01 PM,SPXW,ML/,200,15.72,,PUT,6550,0,314400,8/21/2026,WHITE,0,44,F,INDEX,,F,F,0,0
7/8/2026,10:36:02 AM,SPX,BLOCK,52,7.6,,CALL,8200,0,39520,9/18/2026,WHITE,0,72,F,INDEX,,F,F,0,0
7/8/2026,10:26:46 AM,SPX,BLOCK,200,41,,CALL,7900,0,820000,9/18/2026,WHITE,0,72,F,INDEX,,F,F,0,0
7/8/2026,10:16:34 AM,SPXW,ML/,377,65.95,,CALL,7570,0,2486315,8/5/2026,WHITE,0,28,F,INDEX,,F,T,0,0
7/8/2026,11:16:22 AM,SPXW,ML/,59,49.26,,PUT,7075,0,290634,8/14/2026,WHITE,0,37,F,INDEX,,F,T,0,0
7/8/2026,10:37:36 AM,SPX,ML/,83,16.14,,PUT,6500,0,133962,8/21/2026,WHITE,0,44,F,INDEX,,F,F,0,0
7/8/2026,10:37:37 AM,SPX,ML/,67,16.0921,,PUT,6500,0,107817,8/21/2026,WHITE,0,44,F,INDEX,,F,F,0,0
7/8/2026,11:12:43 AM,SPX,ML/,122,17.16,,PUT,6500,0,209352,8/21/2026,WHITE,0,44,F,INDEX,,F,F,0,0
7/8/2026,11:14:00 AM,SPX,ML/,200,17.25,,PUT,6500,0,345000,8/21/2026,WHITE,0,44,F,INDEX,,F,F,0,0
7/8/2026,11:14:24 AM,SPX,ML/,200,17.44,,PUT,6500,0,348800,8/21/2026,WHITE,0,44,F,INDEX,,F,F,0,0
7/8/2026,11:24:19 AM,SPX,ML/,160,18.04,,PUT,6500,0,288639,8/21/2026,WHITE,0,44,F,INDEX,,F,F,0,0
7/8/2026,12:34:04 PM,SPX,ML/,100,15.77,,PUT,6500,0,157700,8/21/2026,WHITE,0,44,F,INDEX,,F,F,0,0
7/8/2026,1:07:13 PM,SPX,ML/,750,14.43,,PUT,6500,0,1082250,8/21/2026,WHITE,0,44,F,INDEX,,F,F,0,0
7/8/2026,3:23:35 PM,SPX,BLOCK,54,14.1,,PUT,6500,0,76140,8/21/2026,WHITE,0,44,F,INDEX,,F,F,0,0
7/8/2026,3:25:08 PM,SPX,BLOCK,146,14.2,,PUT,6500,0,207319,8/21/2026,WHITE,0,44,F,INDEX,,F,F,0,0
7/8/2026,3:49:33 PM,SPX,BLOCK,50,14.2,,PUT,6500,0,71000,8/21/2026,WHITE,0,44,F,INDEX,,F,F,0,0
7/8/2026,4:10:44 PM,SPX,ML/,102,14.15,,PUT,6500,0,144330,8/21/2026,WHITE,0,44,F,INDEX,,F,F,0,0
7/8/2026,10:37:22 AM,SPX,ML/,150,9.07,,PUT,6100,0,136050,8/21/2026,WHITE,0,44,F,INDEX,,F,F,0,0
7/8/2026,12:46:01 PM,SPX,BLOCK,50,8.3,,PUT,6100,0,41500,8/21/2026,WHITE,0,44,F,INDEX,,F,F,0,0
7/8/2026,1:22:11 PM,SPX,ML/,100,7.78,,PUT,6100,0,77800,8/21/2026,WHITE,0,44,F,INDEX,,F,F,0,0
7/8/2026,9:46:43 AM,SPXW,ML/,250,1.6,,PUT,6200,0,40000,7/24/2026,WHITE,0,16,F,INDEX,,F,T,0,0
7/8/2026,10:23:08 AM,SPXW,ML/,181,2.0704,,PUT,6200,0,37475,7/24/2026,WHITE,0,16,F,INDEX,,F,T,0,0
7/8/2026,3:51:26 PM,SPXW,BLOCK,100,1.45,,PUT,6200,0,14500,7/24/2026,WHITE,0,16,F,INDEX,,F,T,0,0
7/8/2026,9:49:36 AM,VIX,ML/,270,0.41,,CALL,23,0,11069,7/22/2026,WHITE,0,14,F,INDEX,,F,T,0,0
7/8/2026,10:57:13 AM,VIX,ML/,200,0.5,,CALL,23,0,10000,7/22/2026,WHITE,0,14,F,INDEX,,F,T,0,0
7/8/2026,10:58:05 AM,VIX,ML/,17300,0.52,,CALL,23,0,899600,7/22/2026,WHITE,0,14,F,INDEX,,F,T,0,0
7/8/2026,9:46:58 AM,VIX,ML/,140,2.77,,CALL,19,0,38780,9/16/2026,WHITE,0,70,F,INDEX,,F,T,0,0
7/8/2026,10:03:40 AM,VIX,ML/,50,2.8,,CALL,19,0,14000,9/16/2026,WHITE,0,70,F,INDEX,,F,T,0,0
7/8/2026,9:46:58 AM,VIX,ML/,140,1.71,,CALL,24,0,23940,9/16/2026,WHITE,0,70,F,INDEX,,F,T,0,0
7/8/2026,12:57:35 PM,VIX,ML/,401,1.73,,CALL,24,0,69373,9/16/2026,WHITE,0,70,F,INDEX,,F,T,0,0
7/8/2026,2:59:50 PM,SPXW,BLOCK,178,1,,PUT,6700,0,17800,7/16/2026,WHITE,0,8,F,INDEX,,F,T,0,0
7/8/2026,3:00:42 PM,SPXW,BLOCK,223,1,,PUT,6700,0,22300,7/16/2026,WHITE,0,8,F,INDEX,,F,T,0,0
7/8/2026,9:47:12 AM,SPX,ML/,100,136.7,,CALL,8200,0,1366999,2/19/2027,WHITE,0,226,F,INDEX,,F,F,0,0
7/8/2026,9:47:12 AM,SPX,ML/,100,43,,CALL,8700,0,430000,2/19/2027,WHITE,0,226,F,INDEX,,F,F,0,0
7/8/2026,10:10:49 AM,SPX,ML/,1000,15.87,,CALL,8700,0,1587000,12/18/2026,WHITE,0,163,F,INDEX,,F,F,0,0
7/8/2026,12:04:17 PM,SPXW,ML/,250,34.6,,CALL,7800,0,865000,8/31/2026,WHITE,0,54,F,INDEX,,F,T,0,0
7/8/2026,10:00:58 AM,SPXW,BLOCK,500,0.8,,PUT,6180,0,40000,7/17/2026,WHITE,0,9,F,INDEX,,F,F,0,0
7/8/2026,10:00:58 AM,SPXW,BLOCK,438,0.8,,PUT,6180,0,35040,7/17/2026,WHITE,0,9,F,INDEX,,F,F,0,0
7/8/2026,10:01:02 AM,SPXW,BLOCK,216,0.8,,PUT,6180,0,17280,7/17/2026,WHITE,0,9,F,INDEX,,F,F,0,0
7/8/2026,10:01:07 AM,SPXW,BLOCK,168,0.8,,PUT,6180,0,13440,7/17/2026,WHITE,0,9,F,INDEX,,F,F,0,0
7/8/2026,10:01:28 AM,SPXW,BLOCK,212,0.8,,PUT,6180,0,16960,7/17/2026,WHITE,0,9,F,INDEX,,F,F,0,0
7/8/2026,2:39:06 PM,SPXW,BLOCK,999,0.65,,PUT,6180,0,64935,7/17/2026,WHITE,0,9,F,INDEX,,F,F,0,0
7/8/2026,2:39:12 PM,SPXW,BLOCK,247,0.65,,PUT,6180,0,16055,7/17/2026,WHITE,0,9,F,INDEX,,F,F,0,0
7/8/2026,9:47:35 AM,VIXW,ML/,1666,0.81,,CALL,22,0,134947,7/29/2026,WHITE,0,21,F,INDEX,,F,T,0,0
7/8/2026,9:47:35 AM,VIXW,ML/,1666,0.22,,CALL,35,0,36652,7/29/2026,WHITE,0,21,F,INDEX,,F,T,0,0
7/8/2026,3:29:23 PM,SPX,ML/,171,181.5904,,CALL,7540,0,3105196,9/18/2026,WHITE,0,72,F,INDEX,,F,F,0,0
7/8/2026,10:41:28 AM,SPXW,ML/,50,67.85,,PUT,7450,0,339249,7/20/2026,WHITE,0,12,F,INDEX,,F,T,0,0
7/8/2026,3:35:26 PM,RUTW,ML/,384,11.43,,CALL,3050,0,438912,7/24/2026,WHITE,0,16,F,INDEX,,F,T,0,0
7/8/2026,10:42:55 AM,SPX,ML/,100,8.652,,PUT,7125,0,86520,7/17/2026,WHITE,0,9,F,INDEX,,F,F,0,0
7/8/2026,3:40:34 PM,SPX,BLOCK,50,11.4,,PUT,5700,0,57000,9/18/2026,WHITE,0,72,F,INDEX,,F,F,0,0
7/8/2026,10:29:02 AM,SPXW,ML/,99,29.6338,,PUT,6925,0,293375,8/14/2026,WHITE,0,37,F,INDEX,,F,T,0,0
7/8/2026,10:29:03 AM,SPXW,ML/,155,29.63,,PUT,6925,0,459264,8/14/2026,WHITE,0,37,F,INDEX,,F,T,0,0
7/8/2026,9:48:39 AM,SPXW,ML/,170,21.76,,PUT,7060,0,369920,7/31/2026,WHITE,0,23,F,INDEX,,F,T,0,0
7/8/2026,9:48:39 AM,SPXW,ML/,170,20.34,,PUT,7040,0,345780,7/31/2026,WHITE,0,23,F,INDEX,,F,T,0,0
7/8/2026,1:54:36 PM,SPXW,ML/,97,19.39,,PUT,7040,0,188083,7/31/2026,WHITE,0,23,F,INDEX,,F,T,0,0
7/8/2026,2:55:32 PM,SPXW,ML/,51,18.63,,PUT,7040,0,95013,7/31/2026,WHITE,0,23,F,INDEX,,F,T,0,0
7/8/2026,11:14:00 AM,SPX,ML/,87,140.8334,,CALL,7590,0,1225251,9/18/2026,WHITE,0,72,F,INDEX,,F,F,0,0
7/8/2026,10:46:04 AM,SPX,ML/,72,195,,PUT,7500,0,1404000,9/18/2026,WHITE,0,72,F,INDEX,,F,F,0,0
7/8/2026,10:54:51 AM,SPX,ML/,500,196.52,,PUT,7500,0,9826000,9/18/2026,WHITE,0,72,F,INDEX,,F,F,0,0
7/8/2026,10:56:39 AM,SPX,ML/,100,196.52,,PUT,7500,0,1965200,9/18/2026,WHITE,0,72,F,INDEX,,F,F,0,0
7/8/2026,11:29:12 AM,SPX,ML/,750,209.74,,PUT,7500,0,15730500,9/18/2026,WHITE,0,72,F,INDEX,,F,F,0,0
7/8/2026,12:31:40 PM,SPX,ML/,220,188.3,,PUT,7500,0,4142600,9/18/2026,WHITE,0,72,F,INDEX,,F,F,0,0
7/8/2026,12:40:56 PM,SPX,ML/,100,189.29,,PUT,7500,0,1892900,9/18/2026,WHITE,0,72,F,INDEX,,F,F,0,0
7/8/2026,12:47:18 PM,SPX,ML/,85,186,,PUT,7500,0,1581000,9/18/2026,WHITE,0,72,F,INDEX,,F,F,0,0
7/8/2026,1:00:17 PM,SPX,ML/,250,182,,PUT,7500,0,4550000,9/18/2026,WHITE,0,72,F,INDEX,,F,F,0,0
7/8/2026,1:15:08 PM,SPX,ML/,62,182.5,,PUT,7500,0,1131500,9/18/2026,WHITE,0,72,F,INDEX,,F,F,0,0
7/8/2026,1:29:23 PM,SPX,ML/,600,177.82,,PUT,7500,0,10669200,9/18/2026,WHITE,0,72,F,INDEX,,F,F,0,0
7/8/2026,1:29:29 PM,SPX,ML/,2625,176.79,,PUT,7500,0,46407375,9/18/2026,WHITE,0,72,F,INDEX,,F,F,0,0
7/8/2026,1:45:30 PM,SPX,ML/,200,180.15,,PUT,7500,0,3603000,9/18/2026,WHITE,0,72,F,INDEX,,F,F,0,0
7/8/2026,2:49:33 PM,SPX,ML/,500,180.6,,PUT,7500,0,9030000,9/18/2026,WHITE,0,72,F,INDEX,,F,F,0,0
7/8/2026,2:55:32 PM,SPX,ML/,450,179.8,,PUT,7500,0,8091000,9/18/2026,WHITE,0,72,F,INDEX,,F,F,0,0
7/8/2026,3:08:42 PM,SPX,ML/,2625,178.87,,PUT,7500,0,46953375,9/18/2026,WHITE,0,72,F,INDEX,,F,F,0,0
7/8/2026,3:25:58 PM,SPX,ML/,500,179.31,,PUT,7500,0,8965500,9/18/2026,WHITE,0,72,F,INDEX,,F,F,0,0
7/8/2026,12:24:34 PM,SPXW,ML/,100,104.34,,CALL,7475,0,1043400,7/31/2026,WHITE,0,23,F,INDEX,,F,T,0,0
7/8/2026,3:25:33 PM,SPXW,BLOCK,250,0.55,,CALL,7680,0,13750,7/15/2026,WHITE,0,7,F,INDEX,,F,T,0,0
7/8/2026,9:49:04 AM,SPXW,BLOCK,55,13.4,,CALL,8200,0,73700,9/30/2026,WHITE,0,84,F,INDEX,,F,T,0,0
7/8/2026,10:41:46 AM,SPXW,ML/,50,3.41,,CALL,7670,0,17050,7/20/2026,WHITE,0,12,F,INDEX,,F,T,0,0
7/8/2026,9:49:13 AM,SPX,ML/,200,20.3,,CALL,8225,0,406000,10/16/2026,WHITE,0,100,F,INDEX,,F,F,0,0
7/8/2026,3:56:28 PM,SPX,ML/,200,19.61,,CALL,8225,0,392200,10/16/2026,WHITE,0,100,F,INDEX,,F,F,0,0
7/8/2026,9:49:13 AM,SPX,ML/,100,51.8,,CALL,8000,0,518000,10/16/2026,WHITE,0,100,F,INDEX,,F,F,0,0
7/8/2026,12:45:07 PM,SPX,ML/,1500,49.3,,CALL,8000,0,7395000,10/16/2026,WHITE,0,100,F,INDEX,,F,F,0,0
7/8/2026,1:05:39 PM,SPX,ML/,4500,49.63,,CALL,8000,0,22333500,10/16/2026,WHITE,0,100,F,INDEX,,F,F,0,0
7/8/2026,3:56:28 PM,SPX,ML/,100,51.42,,CALL,8000,0,514200,10/16/2026,WHITE,0,100,F,INDEX,,F,F,0,0
7/8/2026,4:02:53 PM,SPX,ML/,1900,50.27,,CALL,8000,0,9551300,10/16/2026,WHITE,0,100,F,INDEX,,F,F,0,0
7/8/2026,4:12:11 PM,SPX,ML/,100,50.27,,CALL,8000,0,502700,10/16/2026,WHITE,0,100,F,INDEX,,F,F,0,0
7/8/2026,10:53:49 AM,SPXW,ML/,95,9.7,,CALL,7670,0,92150,7/24/2026,WHITE,0,16,F,INDEX,,F,T,0,0
7/8/2026,1:46:02 PM,SPXW,ML/,76,9.85,,CALL,7670,0,74860,7/24/2026,WHITE,0,16,F,INDEX,,F,T,0,0
7/8/2026,9:49:14 AM,RUTW,ML/,100,2.82,,PUT,2550,0,28200,7/31/2026,WHITE,0,23,F,INDEX,,F,T,0,0
7/8/2026,9:49:14 AM,RUTW,ML/,100,40.16,,PUT,2970,0,401599,7/17/2026,WHITE,0,9,F,INDEX,,F,F,0,0
7/8/2026,9:49:14 AM,RUTW,ML/,100,52.58,,PUT,2950,0,525800,7/31/2026,WHITE,0,23,F,INDEX,,F,T,0,0
7/8/2026,11:25:06 AM,RUTW,ML/,100,68.5011,,PUT,2950,0,685011,7/31/2026,WHITE,0,23,F,INDEX,,F,T,0,0
7/8/2026,12:47:18 PM,SPX,ML/,250,125.44,,PUT,7300,0,3136000,9/18/2026,WHITE,0,72,F,INDEX,,F,F,0,0
7/8/2026,3:29:23 PM,SPX,ML/,85,194.5755,,PUT,7540,0,1653891,9/18/2026,WHITE,0,72,F,INDEX,,F,F,0,0
7/8/2026,3:29:48 PM,SPX,ML/,86,194.6,,PUT,7540,0,1673559,9/18/2026,WHITE,0,72,F,INDEX,,F,F,0,0
7/8/2026,9:54:39 AM,VIX,BLOCK,98,1.45,,CALL,21.5,0,14210,8/19/2026,WHITE,0,42,F,INDEX,,F,T,0,0
7/8/2026,1:16:09 PM,SPX,ML/,100,43.2397,,CALL,7725,0,432397,8/21/2026,WHITE,0,44,F,INDEX,,F,F,0,0
7/8/2026,1:19:49 PM,SPX,ML/,100,43.94,,CALL,7725,0,439400,8/21/2026,WHITE,0,44,F,INDEX,,F,F,0,0
7/8/2026,9:50:01 AM,SPXW,ML/,52,236.92,,CALL,7275,0,1231984,7/27/2026,WHITE,0,19,F,INDEX,,F,T,0,0
7/8/2026,9:50:01 AM,SPXW,ML/,52,209.67,,CALL,7275,0,1090284,7/16/2026,WHITE,0,8,F,INDEX,,F,T,0,0
7/8/2026,12:46:33 PM,SPXW,BLOCK,488,75.7211,,PUT,7405,0,3695190,7/31/2026,WHITE,0,23,F,INDEX,,F,T,0,0
7/8/2026,12:46:50 PM,SPXW,SWEEP,373,75.355,A,PUT,7405,0,2810740,7/31/2026,WHITE,0,23,F,INDEX,,F,T,0,0
7/8/2026,12:46:51 PM,SPXW,SWEEP,126,74.9167,A,PUT,7405,0,943950,7/31/2026,WHITE,0,23,F,INDEX,,F,T,0,0
7/8/2026,12:47:22 PM,SPXW,SWEEP,215,75.4656,A,PUT,7405,0,1622510,7/31/2026,WHITE,0,23,F,INDEX,,F,T,0,0
7/8/2026,12:47:24 PM,SPXW,BLOCK,96,75.6,,PUT,7405,0,725760,7/31/2026,WHITE,0,23,F,INDEX,,F,T,0,0
7/8/2026,1:02:07 PM,SPXW,BLOCK,100,74,,PUT,7405,0,740000,7/31/2026,WHITE,0,23,F,INDEX,,F,T,0,0
7/8/2026,11:37:06 AM,VIX,ML/,70,1.53,,CALL,22,0,10710,8/19/2026,WHITE,0,42,F,INDEX,,F,T,0,0
7/8/2026,12:28:47 PM,VIX,BLOCK,389,1.49,,CALL,22,0,57961,8/19/2026,WHITE,0,42,F,INDEX,,F,T,0,0
7/8/2026,1:52:45 PM,VIX,ML/,2500,1.32,,CALL,22,0,330000,8/19/2026,WHITE,0,42,F,INDEX,,F,T,0,0
7/8/2026,2:33:12 PM,VIX,ML/,3000,1.35,,CALL,22,0,405000,8/19/2026,WHITE,0,42,F,INDEX,,F,T,0,0
7/8/2026,10:08:19 AM,SPX,ML/,340,99.4,,PUT,7550,0,3379600,7/17/2026,WHITE,0,9,F,INDEX,,F,F,0,0
7/8/2026,4:08:20 PM,SPX,ML/,445,90.8,,PUT,7550,0,4040600,7/17/2026,WHITE,0,9,F,INDEX,,F,F,0,0
7/8/2026,11:22:28 AM,SPXW,ML/,94,17.56,,PUT,6975,0,165064,7/29/2026,WHITE,0,21,F,INDEX,,F,T,0,0
7/8/2026,9:50:15 AM,VIX,BLOCK,100,1.72,,CALL,30,0,17200,11/18/2026,WHITE,0,133,F,INDEX,,F,T,0,0
7/8/2026,9:50:20 AM,VIX,ML/,1600,0.43,,CALL,40,0,68800,8/19/2026,WHITE,0,42,F,INDEX,,F,T,0,0
7/8/2026,11:06:47 AM,VIX,ML/,10000,0.48,,CALL,40,0,480000,8/19/2026,WHITE,0,42,F,INDEX,,F,T,0,0
7/8/2026,2:48:56 PM,VIX,ML/,1600,0.43,,CALL,40,0,68800,8/19/2026,WHITE,0,42,F,INDEX,,F,T,0,0
7/8/2026,3:53:14 PM,VIX,SWEEP,386,0.41,A,CALL,40,0,15826,8/19/2026,WHITE,0,42,F,INDEX,,F,T,0,0
7/8/2026,9:50:27 AM,SPX,BLOCK,500,0.4,,CALL,8500,0,20000,8/21/2026,WHITE,0,44,F,INDEX,,F,F,0,0
7/8/2026,10:35:54 AM,SPXW,ML/,50,5.08,,PUT,6400,0,25400,7/31/2026,WHITE,0,23,F,INDEX,,F,T,0,0
7/8/2026,1:09:34 PM,SPX,ML/,700,30.99,,PUT,6900,0,2169300,8/21/2026,WHITE,0,44,F,INDEX,,F,F,0,0
7/8/2026,2:52:18 PM,SPX,ML/,100,29.77,,PUT,6900,0,297700,8/21/2026,WHITE,0,44,F,INDEX,,F,F,0,0
7/8/2026,3:46:22 PM,SPX,BLOCK,69,30.3,,PUT,6900,0,209069,8/21/2026,WHITE,0,44,F,INDEX,,F,F,0,0
7/8/2026,3:46:24 PM,SPX,BLOCK,72,30.4,,PUT,6900,0,218879,8/21/2026,WHITE,0,44,F,INDEX,,F,F,0,0
7/8/2026,3:46:26 PM,SPX,BLOCK,58,30.4,,PUT,6900,0,176319,8/21/2026,WHITE,0,44,F,INDEX,,F,F,0,0
7/8/2026,3:47:50 PM,SPX,BLOCK,50,31,,PUT,6900,0,155000,8/21/2026,WHITE,0,44,F,INDEX,,F,F,0,0
7/8/2026,10:47:35 AM,SPXW,ML/,85,19.17,,PUT,7320,0,162945,7/14/2026,WHITE,0,6,F,INDEX,,F,T,0,0
7/8/2026,1:34:41 PM,SPX,BLOCK,50,10.5,,PUT,7250,0,52500,7/17/2026,WHITE,0,9,F,INDEX,,F,F,0,0
7/8/2026,2:38:58 PM,SPX,BLOCK,250,11.1,,PUT,7250,0,277500,7/17/2026,WHITE,0,9,F,INDEX,,F,F,0,0
7/8/2026,2:39:07 PM,SPX,BLOCK,500,10.9152,,PUT,7250,0,545760,7/17/2026,WHITE,0,9,F,INDEX,,F,F,0,0
7/8/2026,10:06:29 AM,NDX,ML/,100,1310.66,,CALL,29300,0,13106600,9/18/2026,WHITE,0,72,F,INDEX,,F,F,0,0
7/8/2026,3:45:23 PM,SPXW,ML/,125,17.05,,PUT,6600,0,213125,8/21/2026,WHITE,0,44,F,INDEX,,F,F,0,0
7/8/2026,3:46:01 PM,SPXW,ML/,200,17.12,,PUT,6600,0,342400,8/21/2026,WHITE,0,44,F,INDEX,,F,F,0,0
7/8/2026,3:29:03 PM,SPX,SWEEP,50,10,A,PUT,7230,0,50000,7/17/2026,WHITE,0,9,F,INDEX,,F,F,0,0
7/8/2026,3:30:19 PM,SPX,ML/,80,9.63,,PUT,7230,0,77040,7/17/2026,WHITE,0,9,F,INDEX,,F,F,0,0
7/8/2026,11:13:43 AM,SPX,ML/,74,166.3227,,PUT,7000,0,1230788,12/18/2026,WHITE,0,163,F,INDEX,,F,F,0,0
7/8/2026,11:34:45 AM,SPX,ML/,250,170.97,,PUT,7000,0,4274250,12/18/2026,WHITE,0,163,F,INDEX,,F,F,0,0
7/8/2026,12:49:27 PM,SPX,ML/,100,159,,PUT,7000,0,1590000,12/18/2026,WHITE,0,163,F,INDEX,,F,F,0,0
7/8/2026,2:09:31 PM,SPX,ML/,2000,154.65,,PUT,7000,0,30930000,12/18/2026,WHITE,0,163,F,INDEX,,F,F,0,0
7/8/2026,2:16:49 PM,SPX,ML/,2700,154.35,,PUT,7000,0,41674500,12/18/2026,WHITE,0,163,F,INDEX,,F,F,0,0
7/8/2026,10:45:43 AM,SPXW,ML/,380,0.51,,PUT,7185,0,19380,7/9/2026,WHITE,0,1,F,INDEX,,F,T,0,0
7/8/2026,9:58:34 AM,SPX,ML/,50,124,,PUT,7150,0,620000,10/16/2026,WHITE,0,100,F,INDEX,,F,F,0,0
7/8/2026,12:06:56 PM,SPX,ML/,50,133.77,,PUT,7150,0,668850,10/16/2026,WHITE,0,100,F,INDEX,,F,F,0,0
7/8/2026,3:14:31 PM,SPX,ML/,50,121.52,,PUT,7150,0,607600,10/16/2026,WHITE,0,100,F,INDEX,,F,F,0,0
7/8/2026,12:56:08 PM,SPX,BLOCK,100,69.7,,PUT,6750,0,697000,10/16/2026,WHITE,0,100,F,INDEX,,F,F,0,0
7/8/2026,12:56:40 PM,SPX,BLOCK,75,69.8,,PUT,6750,0,523500,10/16/2026,WHITE,0,100,F,INDEX,,F,F,0,0
7/8/2026,3:32:44 PM,SPX,BLOCK,100,68.2,,PUT,6750,0,682000,10/16/2026,WHITE,0,100,F,INDEX,,F,F,0,0
7/8/2026,10:34:53 AM,SPX,ML/,350,573.7,,CALL,7000,0,20079500,9/18/2026,WHITE,0,72,F,INDEX,,F,F,0,0
7/8/2026,3:38:27 PM,SPX,ML/,50,591,,CALL,7000,0,2955000,9/18/2026,WHITE,0,72,F,INDEX,,F,F,0,0
7/8/2026,3:51:45 PM,SPX,ML/,1950,588.7,,CALL,7000,0,114796500,9/18/2026,WHITE,0,72,F,INDEX,,F,F,0,0
7/8/2026,3:56:40 PM,SPX,ML/,1050,593.13,,CALL,7000,0,62278650,9/18/2026,WHITE,0,72,F,INDEX,,F,F,0,0
7/8/2026,4:02:15 PM,SPX,ML/,500,593.13,,CALL,7000,0,29656500,9/18/2026,WHITE,0,72,F,INDEX,,F,F,0,0
7/8/2026,4:07:45 PM,SPX,ML/,1500,589.52,,CALL,7000,0,88428000,9/18/2026,WHITE,0,72,F,INDEX,,F,F,0,0
7/8/2026,4:08:32 PM,SPX,ML/,1000,589.36,,CALL,7000,0,58936000,9/18/2026,WHITE,0,72,F,INDEX,,F,F,0,0
7/8/2026,3:38:51 PM,VIX,ML/,3000,0.5,,PUT,16,0,150000,9/16/2026,WHITE,0,70,F,INDEX,,F,T,0,0
7/8/2026,2:27:05 PM,SPX,ML/,80,18.9,,CALL,9000,0,151200,2/19/2027,WHITE,0,226,F,INDEX,,F,F,0,0
7/8/2026,9:51:35 AM,SPX,ML/,500,35,,PUT,5500,0,1750000,12/18/2026,WHITE,0,163,F,INDEX,,F,F,0,0
7/8/2026,9:51:35 AM,SPX,ML/,500,76.54,,PUT,6300,0,3827000,12/18/2026,WHITE,0,163,F,INDEX,,F,F,0,0
7/8/2026,10:15:01 AM,SPXW,ML/,200,1.95,,CALL,7700,0,39000,7/20/2026,WHITE,0,12,F,INDEX,,F,T,0,0
7/8/2026,1:05:56 PM,SPX,ML/,453,84.58,,PUT,7530,0,3831474,7/17/2026,WHITE,0,9,F,INDEX,,F,F,0,0
7/8/2026,3:17:54 PM,XSP,ML/,75,3.54,,PUT,715,0,26550,8/6/2026,WHITE,0,29,F,INDEX,,F,T,0,0
7/8/2026,12:30:07 PM,SPXW,ML/,60,3.7,,PUT,7210,0,22200,7/13/2026,WHITE,0,5,F,INDEX,,F,T,0,0
7/8/2026,10:50:52 AM,VIX,ML/,100,3.97,,CALL,18,0,39700,10/21/2026,WHITE,0,105,F,INDEX,,F,T,0,0
7/8/2026,9:53:03 AM,SPXW,ML/,50,18.6,,PUT,7295,0,93000,7/16/2026,WHITE,0,8,F,INDEX,,F,T,0,0
7/8/2026,9:53:03 AM,SPXW,ML/,50,21.225,,PUT,7315,0,106125,7/16/2026,WHITE,0,8,F,INDEX,,F,T,0,0
7/8/2026,11:19:50 AM,SPX,ML/,120,176.27,,PUT,7050,0,2115240,12/18/2026,WHITE,0,163,F,INDEX,,F,F,0,0
7/8/2026,11:21:33 AM,SPX,ML/,120,176.83,,PUT,7050,0,2121960,12/18/2026,WHITE,0,163,F,INDEX,,F,F,0,0
7/8/2026,12:00:28 PM,SPX,ML/,120,178.01,,PUT,7050,0,2136119,12/18/2026,WHITE,0,163,F,INDEX,,F,F,0,0
7/8/2026,12:05:02 PM,SPX,ML/,120,177.17,,PUT,7050,0,2126040,12/18/2026,WHITE,0,163,F,INDEX,,F,F,0,0
7/8/2026,12:05:33 PM,SPX,ML/,120,176.112,,PUT,7050,0,2113344,12/18/2026,WHITE,0,163,F,INDEX,,F,F,0,0
7/8/2026,9:56:58 AM,SPXW,ML/,70,1.9414,,CALL,7685,0,13590,7/17/2026,WHITE,0,9,F,INDEX,,F,F,0,0
7/8/2026,12:14:35 PM,SPXW,ML/,80,4.12,,PUT,6400,0,32960,7/29/2026,WHITE,0,21,F,INDEX,,F,T,0,0
7/8/2026,4:07:11 PM,SPX,BLOCK,100,6.7,,PUT,7180,0,67000,7/17/2026,WHITE,0,9,F,INDEX,,F,F,0,0
7/8/2026,10:39:34 AM,SPXW,ML/,950,56.09,,CALL,7500,0,5328550,7/22/2026,WHITE,0,14,F,INDEX,,F,T,0,0
7/8/2026,1:32:59 PM,SPXW,ML/,600,60,,CALL,7500,0,3600000,7/22/2026,WHITE,0,14,F,INDEX,,F,T,0,0
7/8/2026,1:52:24 PM,SPXW,ML/,100,60,,CALL,7500,0,600000,7/22/2026,WHITE,0,14,F,INDEX,,F,T,0,0
7/8/2026,9:53:49 AM,SPX,ML/,300,6.27,,PUT,7110,0,188100,7/17/2026,WHITE,0,9,F,INDEX,,F,F,0,0
7/8/2026,2:33:57 PM,SPX,ML/,200,12.6,,CALL,7585,0,252000,7/17/2026,WHITE,0,9,F,INDEX,,F,F,0,0
7/8/2026,10:27:54 AM,VIX,ML/,3000,0.74,,PUT,17.5,0,222000,7/22/2026,WHITE,0,14,F,INDEX,,F,T,0,0
7/8/2026,11:39:41 AM,VIX,ML/,1000,0.64,,PUT,17.5,0,64000,7/22/2026,WHITE,0,14,F,INDEX,,F,T,0,0
7/8/2026,11:54:20 AM,VIX,BLOCK,2000,0.61,,PUT,17.5,0,122000,7/22/2026,WHITE,0,14,F,INDEX,,F,T,0,0
7/8/2026,11:55:24 AM,VIX,BLOCK,500,0.62,,PUT,17.5,0,31000,7/22/2026,WHITE,0,14,F,INDEX,,F,T,0,0
7/8/2026,11:56:14 AM,VIX,BLOCK,1600,0.62,,PUT,17.5,0,99200,7/22/2026,WHITE,0,14,F,INDEX,,F,T,0,0
7/8/2026,12:33:33 PM,VIX,ML/,500,0.742,,PUT,17.5,0,37100,7/22/2026,WHITE,0,14,F,INDEX,,F,T,0,0
7/8/2026,1:45:42 PM,VIX,ML/,310,0.93,,PUT,17.5,0,28830,7/22/2026,WHITE,0,14,F,INDEX,,F,T,0,0
7/8/2026,3:25:41 PM,VIX,ML/,2504,0.84,,PUT,17.5,0,210336,7/22/2026,WHITE,0,14,F,INDEX,,F,T,0,0
7/8/2026,3:47:53 PM,VIX,BLOCK,500,0.82,,PUT,17.5,0,41000,7/22/2026,WHITE,0,14,F,INDEX,,F,T,0,0
7/8/2026,11:42:41 AM,VIX,ML/,13480,0.21,,CALL,65,0,283080,8/19/2026,WHITE,0,42,F,INDEX,,F,T,0,0
7/8/2026,11:46:12 AM,VIX,ML/,5000,0.21,,CALL,65,0,105000,8/19/2026,WHITE,0,42,F,INDEX,,F,T,0,0
7/8/2026,11:43:16 AM,SPXW,ML/,50,112.69,,PUT,7425,0,563450,8/7/2026,WHITE,0,30,F,INDEX,,F,T,0,0
7/8/2026,11:17:00 AM,RUTW,BLOCK,54,25.4,,PUT,2945,0,137160,7/10/2026,WHITE,0,2,F,INDEX,,F,T,0,0
7/8/2026,10:59:50 AM,XSP,ML/,500,0.7,,CALL,790,0,35000,8/14/2026,WHITE,0,37,F,INDEX,,F,T,0,0
7/8/2026,12:43:43 PM,SPXW,ML/,60,18.29,,PUT,6950,0,109739,8/3/2026,WHITE,0,26,F,INDEX,,F,T,0,0
7/8/2026,12:09:19 PM,SPX,ML/,100,56.9,,PUT,6800,0,569000,9/18/2026,WHITE,0,72,F,INDEX,,F,F,0,0
7/8/2026,12:49:27 PM,SPX,ML/,150,51.2,,PUT,6800,0,768000,9/18/2026,WHITE,0,72,F,INDEX,,F,F,0,0
7/8/2026,11:25:20 AM,RUTW,ML/,150,48.58,,PUT,2950,0,728700,7/17/2026,WHITE,0,9,F,INDEX,,F,F,0,0
7/8/2026,9:55:30 AM,XSP,ML/,76,1.32,,CALL,759,0,10032,7/17/2026,WHITE,0,9,F,INDEX,,F,F,0,0
7/8/2026,11:16:08 AM,RUTW,ML/,50,9.66,,CALL,3130,0,48300,8/7/2026,WHITE,0,30,F,INDEX,,F,T,0,0
7/8/2026,3:53:58 PM,SPXW,ML/,2700,0.28,,PUT,6800,0,75600,7/13/2026,WHITE,0,5,F,INDEX,,F,T,0,0
7/8/2026,3:37:59 PM,SPXW,SWEEP,500,1.05,A,PUT,6975,0,52500,7/14/2026,WHITE,0,6,F,INDEX,,F,T,0,0
7/8/2026,11:16:08 AM,RUTW,ML/,50,12.63,,CALL,3110,0,63150,8/7/2026,WHITE,0,30,F,INDEX,,F,T,0,0
7/8/2026,12:56:19 PM,SPX,ML/,100,305.4,,CALL,7600,0,3053999,12/18/2026,WHITE,0,163,F,INDEX,,F,F,0,0
7/8/2026,3:25:17 PM,SPX,ML/,150,308.35,,CALL,7600,0,4625250,12/18/2026,WHITE,0,163,F,INDEX,,F,F,0,0
7/8/2026,4:05:46 PM,VIX,BLOCK,4106,0.23,,CALL,85,0,94438,9/16/2026,WHITE,0,70,F,INDEX,,F,T,0,0
7/8/2026,12:17:38 PM,VIX,ML/,1000,0.1,,CALL,45,0,10000,7/22/2026,WHITE,0,14,F,INDEX,,F,T,0,0
7/8/2026,3:58:02 PM,SPXW,SWEEP,50,5.1,A,PUT,6900,0,25499,7/24/2026,WHITE,0,16,F,INDEX,,F,T,0,0
7/8/2026,1:05:21 PM,SPXW,ML/,64,18.62,,PUT,7125,0,119168,7/28/2026,WHITE,0,20,F,INDEX,,F,T,0,0
7/8/2026,10:32:48 AM,SPXW,BLOCK,90,2.9,,CALL,7850,0,26100,7/31/2026,WHITE,0,23,F,INDEX,,F,T,0,0
7/8/2026,12:01:59 PM,SPXW,ML/,50,2.42,,CALL,7850,0,12100,7/31/2026,WHITE,0,23,F,INDEX,,F,T,0,0
7/8/2026,2:42:20 PM,SPX,ML/,72,18.95,,PUT,6675,0,136440,8/21/2026,WHITE,0,44,F,INDEX,,F,F,0,0
7/8/2026,10:33:29 AM,SPX,ML/,80,175.42,,CALL,7950,0,1403359,1/15/2027,WHITE,0,191,F,INDEX,,F,F,0,0
7/8/2026,10:36:51 AM,SPX,ML/,80,174.54,,CALL,7950,0,1396320,1/15/2027,WHITE,0,191,F,INDEX,,F,F,0,0
7/8/2026,10:36:57 AM,SPX,ML/,80,174.43,,CALL,7950,0,1395440,1/15/2027,WHITE,0,191,F,INDEX,,F,F,0,0
7/8/2026,11:07:47 AM,SPX,ML/,80,171.21,,CALL,7950,0,1369680,1/15/2027,WHITE,0,191,F,INDEX,,F,F,0,0
7/8/2026,11:14:22 AM,SPX,ML/,80,169.72,,CALL,7950,0,1357760,1/15/2027,WHITE,0,191,F,INDEX,,F,F,0,0
7/8/2026,4:29:03 PM,SPX,BLOCK,75,37.864,,CALL,7745,0,283980,8/21/2026,WHITE,0,44,F,INDEX,,F,F,0,0
7/8/2026,10:17:53 AM,VIX,ML/,255,3.55,,PUT,21,0,90525,12/16/2026,WHITE,0,161,F,INDEX,,F,T,0,0
7/8/2026,10:23:08 AM,SPXW,ML/,84,1.7,,PUT,6100,0,14279,7/24/2026,WHITE,0,16,F,INDEX,,F,T,0,0
7/8/2026,10:23:08 AM,SPXW,ML/,283,1.0028,,PUT,5600,0,28380,7/24/2026,WHITE,0,16,F,INDEX,,F,T,0,0
7/8/2026,4:03:39 PM,RUTW,ML/,78,4.16,,PUT,2925,0,32448,7/9/2026,WHITE,0,1,F,INDEX,,F,T,0,0
7/8/2026,11:47:21 AM,SPXW,ML/,100,66.89,,PUT,7435,0,668900,7/17/2026,WHITE,0,9,F,INDEX,,F,F,0,0
7/8/2026,1:14:35 PM,SPXW,ML/,100,45.05,,PUT,7435,0,450499,7/17/2026,WHITE,0,9,F,INDEX,,F,F,0,0
7/8/2026,11:28:02 AM,SPXW,ML/,50,106.9,,PUT,7500,0,534500,7/20/2026,WHITE,0,12,F,INDEX,,F,T,0,0
7/8/2026,11:27:19 AM,SPX,ML/,200,8.75,,CALL,8150,0,175000,9/18/2026,WHITE,0,72,F,INDEX,,F,F,0,0
7/8/2026,1:45:50 PM,SPX,ML/,200,10.2,,CALL,8150,0,203999,9/18/2026,WHITE,0,72,F,INDEX,,F,F,0,0
7/8/2026,4:06:03 PM,SPX,ML/,200,10.06,,CALL,8150,0,201200,9/18/2026,WHITE,0,72,F,INDEX,,F,F,0,0
7/8/2026,11:15:26 AM,SPX,ML/,735,58.9,,PUT,6550,0,4329150,10/16/2026,WHITE,0,100,F,INDEX,,F,F,0,0
7/8/2026,9:59:01 AM,VIX,BLOCK,750,0.5,,CALL,37,0,37500,8/19/2026,WHITE,0,42,F,INDEX,,F,T,0,0
7/8/2026,11:29:57 AM,SPX,ML/,88,198.5,,CALL,7475,0,1746800,9/18/2026,WHITE,0,72,F,INDEX,,F,F,0,0
7/8/2026,11:34:51 AM,SPX,ML/,71,201,,CALL,7475,0,1427100,9/18/2026,WHITE,0,72,F,INDEX,,F,F,0,0
7/8/2026,11:37:33 AM,SPX,ML/,158,199,,CALL,7475,0,3144200,9/18/2026,WHITE,0,72,F,INDEX,,F,F,0,0
7/8/2026,4:03:37 PM,SPXW,ML/,600,85.51,,CALL,7500,0,5130600,7/29/2026,WHITE,0,21,F,INDEX,,F,T,0,0
7/8/2026,9:59:14 AM,SPXW,ML/,1500,0.7466,,PUT,6150,0,111990,7/17/2026,WHITE,0,9,F,INDEX,,F,F,0,0
7/8/2026,9:59:20 AM,SPXW,BLOCK,427,0.75,,PUT,6150,0,32025,7/17/2026,WHITE,0,9,F,INDEX,,F,F,0,0
7/8/2026,10:04:49 AM,SPXW,BLOCK,298,0.8,,PUT,6150,0,23840,7/17/2026,WHITE,0,9,F,INDEX,,F,F,0,0
7/8/2026,10:05:02 AM,SPXW,BLOCK,301,0.8,,PUT,6150,0,24080,7/17/2026,WHITE,0,9,F,INDEX,,F,F,0,0
7/8/2026,10:05:08 AM,SPXW,BLOCK,250,0.8,,PUT,6150,0,20000,7/17/2026,WHITE,0,9,F,INDEX,,F,F,0,0
7/8/2026,10:05:10 AM,SPXW,BLOCK,129,0.8,,PUT,6150,0,10320,7/17/2026,WHITE,0,9,F,INDEX,,F,F,0,0
7/8/2026,10:05:20 AM,SPXW,BLOCK,250,0.8,,PUT,6150,0,20000,7/17/2026,WHITE,0,9,F,INDEX,,F,F,0,0
7/8/2026,10:05:38 AM,SPXW,BLOCK,212,0.8,,PUT,6150,0,16960,7/17/2026,WHITE,0,9,F,INDEX,,F,F,0,0
7/8/2026,10:05:45 AM,SPXW,BLOCK,151,0.8,,PUT,6150,0,12080,7/17/2026,WHITE,0,9,F,INDEX,,F,F,0,0
7/8/2026,10:06:25 AM,SPXW,BLOCK,150,0.8,,PUT,6150,0,12000,7/17/2026,WHITE,0,9,F,INDEX,,F,F,0,0
7/8/2026,10:06:27 AM,SPXW,BLOCK,134,0.8,,PUT,6150,0,10720,7/17/2026,WHITE,0,9,F,INDEX,,F,F,0,0
7/8/2026,10:23:08 AM,SPXW,ML/,264,0.8584,,PUT,6150,0,22662,7/17/2026,WHITE,0,9,F,INDEX,,F,F,0,0
7/8/2026,10:32:58 AM,SPXW,ML/,182,0.87,,PUT,6150,0,15834,7/17/2026,WHITE,0,9,F,INDEX,,F,F,0,0
7/8/2026,2:39:41 PM,SPXW,BLOCK,862,0.65,,PUT,6150,0,56030,7/17/2026,WHITE,0,9,F,INDEX,,F,F,0,0
7/8/2026,10:06:34 AM,SPXW,ML/,62,139.1192,,PUT,7540,0,862539,8/7/2026,WHITE,0,30,F,INDEX,,F,T,0,0
7/8/2026,10:06:34 AM,SPXW,ML/,62,114.9192,,PUT,7540,0,712499,7/28/2026,WHITE,0,20,F,INDEX,,F,T,0,0
7/8/2026,9:59:25 AM,SPX,ML/,700,133.01,,PUT,7000,0,9310700,11/20/2026,WHITE,0,135,F,INDEX,,F,F,0,0
7/8/2026,11:30:14 AM,SPX,ML/,50,146.31,,PUT,7000,0,731550,11/20/2026,WHITE,0,135,F,INDEX,,F,F,0,0
7/8/2026,9:59:49 AM,SPX,ML/,300,256.84,,PUT,7650,0,7705199,9/18/2026,WHITE,0,72,F,INDEX,,F,F,0,0
7/8/2026,10:34:13 AM,SPX,ML/,108,261.66,,PUT,7650,0,2825928,9/18/2026,WHITE,0,72,F,INDEX,,F,F,0,0
7/8/2026,3:08:45 PM,SPX,ML/,100,289,,PUT,7600,0,2890000,11/20/2026,WHITE,0,135,F,INDEX,,F,F,0,0
7/8/2026,9:59:55 AM,SPX,ML/,150,9,,PUT,3850,0,135000,12/18/2026,WHITE,0,163,F,INDEX,,F,F,0,0
7/8/2026,9:59:55 AM,SPX,ML/,150,110.45,,PUT,6525,0,1656750,1/15/2027,WHITE,0,191,F,INDEX,,F,F,0,0
7/8/2026,9:59:56 AM,SPX,ML/,150,134.4,,PUT,6550,0,2016000,2/19/2027,WHITE,0,226,F,INDEX,,F,F,0,0
7/8/2026,1:44:17 PM,SPXW,ML/,90,8.48,,PUT,6350,0,76320,8/14/2026,WHITE,0,37,F,INDEX,,F,T,0,0
7/8/2026,1:44:38 PM,SPXW,ML/,60,8.48,,PUT,6350,0,50880,8/14/2026,WHITE,0,37,F,INDEX,,F,T,0,0
7/8/2026,3:43:24 PM,SPXW,ML/,50,8,,PUT,6300,0,40000,8/14/2026,WHITE,0,37,F,INDEX,,F,T,0,0
7/8/2026,1:54:26 PM,SPXW,ML/,300,55.74,,PUT,6750,0,1672200,9/30/2026,WHITE,0,84,F,INDEX,,F,T,0,0
7/8/2026,10:26:03 AM,SPX,ML/,150,77.63,,CALL,7450,0,1164450,7/17/2026,WHITE,0,9,F,INDEX,,F,F,0,0
7/8/2026,1:54:36 PM,SPXW,ML/,97,19.69,,PUT,7045,0,190993,7/31/2026,WHITE,0,23,F,INDEX,,F,T,0,0
7/8/2026,2:55:32 PM,SPXW,ML/,51,18.93,,PUT,7045,0,96543,7/31/2026,WHITE,0,23,F,INDEX,,F,T,0,0
7/8/2026,10:09:40 AM,SPX,BLOCK,143,15.8,,PUT,7270,0,225940,7/17/2026,WHITE,0,9,F,INDEX,,F,F,0,0
7/8/2026,10:00:33 AM,SPXW,ML/,62,128.55,,CALL,7420,0,797010,7/28/2026,WHITE,0,20,F,INDEX,,F,T,0,0
7/8/2026,10:00:33 AM,SPXW,ML/,62,163.65,,CALL,7420,0,1014630,8/7/2026,WHITE,0,30,F,INDEX,,F,T,0,0
7/8/2026,3:17:59 PM,SPX,BLOCK,77,5.5,,CALL,8800,0,42350,11/20/2026,WHITE,0,135,F,INDEX,,F,F,0,0
7/8/2026,3:42:00 PM,SPXW,ML/,85,1.53,,PUT,5000,0,13005,8/12/2026,WHITE,0,35,F,INDEX,,F,T,0,0
7/8/2026,10:01:00 AM,SPX,ML/,1200,18.76,,PUT,6100,0,2251200,9/18/2026,WHITE,0,72,F,INDEX,,F,F,0,0
7/8/2026,10:08:05 AM,SPX,ML/,100,18.76,,PUT,6100,0,187600,9/18/2026,WHITE,0,72,F,INDEX,,F,F,0,0
7/8/2026,10:10:34 AM,SPX,ML/,100,18.76,,PUT,6100,0,187600,9/18/2026,WHITE,0,72,F,INDEX,,F,F,0,0
7/8/2026,10:11:22 AM,SPX,ML/,100,18.76,,PUT,6100,0,187600,9/18/2026,WHITE,0,72,F,INDEX,,F,F,0,0
7/8/2026,10:17:36 AM,SPX,ML/,500,18.78,,PUT,6100,0,939000,9/18/2026,WHITE,0,72,F,INDEX,,F,F,0,0
7/8/2026,10:01:00 AM,SPX,ML/,2400,37.28,,PUT,6600,0,8947200,9/18/2026,WHITE,0,72,F,INDEX,,F,F,0,0
7/8/2026,10:08:05 AM,SPX,ML/,200,37.28,,PUT,6600,0,745600,9/18/2026,WHITE,0,72,F,INDEX,,F,F,0,0
7/8/2026,10:10:34 AM,SPX,ML/,200,37.28,,PUT,6600,0,745600,9/18/2026,WHITE,0,72,F,INDEX,,F,F,0,0
7/8/2026,10:11:22 AM,SPX,ML/,200,37.28,,PUT,6600,0,745600,9/18/2026,WHITE,0,72,F,INDEX,,F,F,0,0
7/8/2026,10:17:36 AM,SPX,ML/,1000,37.26,,PUT,6600,0,3726000,9/18/2026,WHITE,0,72,F,INDEX,,F,F,0,0
7/8/2026,12:30:59 PM,SPX,ML/,1000,39.1,,PUT,6600,0,3910000,9/18/2026,WHITE,0,72,F,INDEX,,F,F,0,0
7/8/2026,2:55:32 PM,SPX,ML/,180,35.5,,PUT,6600,0,639000,9/18/2026,WHITE,0,72,F,INDEX,,F,F,0,0
7/8/2026,10:23:42 AM,SPXW,ML/,57,65.9147,,PUT,7430,0,375714,7/24/2026,WHITE,0,16,F,INDEX,,F,T,0,0
7/8/2026,2:55:32 PM,SPX,ML/,840,4.5,,CALL,8300,0,378000,9/18/2026,WHITE,0,72,F,INDEX,,F,F,0,0
7/8/2026,10:01:59 AM,SPXW,ML/,70,20.43,,PUT,7150,0,143010,7/27/2026,WHITE,0,19,F,INDEX,,F,T,0,0
7/8/2026,10:53:54 AM,SPXW,ML/,70,23.95,,PUT,7150,0,167650,7/27/2026,WHITE,0,19,F,INDEX,,F,T,0,0
7/8/2026,3:51:36 PM,SPX,ML/,180,206.74,,PUT,6700,0,3721320,5/21/2027,WHITE,0,317,F,INDEX,,F,F,0,0
7/8/2026,2:24:43 PM,RUT,ML/,520,2.46,,PUT,2750,0,127920,7/17/2026,WHITE,0,9,F,INDEX,,F,F,0,0
7/8/2026,11:25:20 AM,RUTW,ML/,150,39.64,,PUT,2930,0,594600,7/17/2026,WHITE,0,9,F,INDEX,,F,F,0,0
7/8/2026,11:25:28 AM,SPX,ML/,105,64.7,,PUT,7125,0,679350,8/21/2026,WHITE,0,44,F,INDEX,,F,F,0,0
7/8/2026,11:15:47 AM,SPX,ML/,150,44.8,,CALL,8200,0,672000,11/20/2026,WHITE,0,135,F,INDEX,,F,F,0,0
7/8/2026,4:05:11 PM,SPX,ML/,66,7.8455,,CALL,7610,0,51779,7/17/2026,WHITE,0,9,F,INDEX,,F,F,0,0
7/8/2026,4:17:26 PM,SPX,BLOCK,66,7.9,,CALL,7610,0,52140,7/17/2026,WHITE,0,9,F,INDEX,,F,F,0,0
7/8/2026,11:52:21 AM,VIX,ML/,7000,2.01,,PUT,19,0,1406999,10/21/2026,WHITE,0,105,F,INDEX,,F,T,0,0
7/8/2026,10:46:56 AM,SPX,SWEEP,50,61.9,A,PUT,6600,0,309500,10/16/2026,WHITE,0,100,F,INDEX,,F,F,0,0
7/8/2026,11:07:01 AM,VIX,ML/,25000,0.11,,CALL,40,0,275000,7/22/2026,WHITE,0,14,F,INDEX,,F,T,0,0
7/8/2026,10:03:37 AM,SPX,ML/,500,65.2,,CALL,7800,0,3260000,9/18/2026,WHITE,0,72,F,INDEX,,F,F,0,0
7/8/2026,11:01:54 AM,SPX,ML/,500,60.66,,CALL,7800,0,3033000,9/18/2026,WHITE,0,72,F,INDEX,,F,F,0,0
7/8/2026,11:09:06 AM,SPX,ML/,75,60.07,,CALL,7800,0,450525,9/18/2026,WHITE,0,72,F,INDEX,,F,F,0,0
7/8/2026,11:26:24 AM,SPX,ML/,100,56.32,,CALL,7800,0,563200,9/18/2026,WHITE,0,72,F,INDEX,,F,F,0,0
7/8/2026,12:30:20 PM,SPX,ML/,300,62.55,,CALL,7800,0,1876500,9/18/2026,WHITE,0,72,F,INDEX,,F,F,0,0
7/8/2026,1:24:38 PM,SPX,ML/,100,66.38,,CALL,7800,0,663800,9/18/2026,WHITE,0,72,F,INDEX,,F,F,0,0
7/8/2026,2:55:32 PM,SPX,ML/,550,65.88,,CALL,7800,0,3623400,9/18/2026,WHITE,0,72,F,INDEX,,F,F,0,0
7/8/2026,3:41:12 PM,SPX,ML/,100,1650.36,,CALL,6000,0,16503600,1/15/2027,WHITE,0,191,F,INDEX,,F,F,0,0
7/8/2026,3:41:12 PM,SPX,ML/,100,783.16,,CALL,7000,0,7831600,1/15/2027,WHITE,0,191,F,INDEX,,F,F,0,0
7/8/2026,3:41:09 PM,SPX,ML/,100,64.88,,PUT,6000,0,648800,1/15/2027,WHITE,0,191,F,INDEX,,F,F,0,0
7/8/2026,10:03:40 AM,VIX,ML/,50,2.1,,PUT,19,0,10500,9/16/2026,WHITE,0,70,F,INDEX,,F,T,0,0
7/8/2026,3:15:39 PM,SPX,ML/,180,10.4,,CALL,9000,0,187200,1/15/2027,WHITE,0,191,F,INDEX,,F,F,0,0
7/8/2026,10:42:55 AM,SPX,ML/,290,41.27,,PUT,6625,0,1196830,9/18/2026,WHITE,0,72,F,INDEX,,F,F,0,0
7/8/2026,10:35:53 AM,SPX,ML/,80,27.25,,PUT,6350,0,218000,9/18/2026,WHITE,0,72,F,INDEX,,F,F,0,0
7/8/2026,10:49:21 AM,SPX,ML/,120,28.72,,PUT,6350,0,344639,9/18/2026,WHITE,0,72,F,INDEX,,F,F,0,0
7/8/2026,11:22:57 AM,SPX,ML/,80,29.55,,PUT,6350,0,236400,9/18/2026,WHITE,0,72,F,INDEX,,F,F,0,0
7/8/2026,12:55:55 PM,SPXW,ML/,170,1.74,,PUT,7150,0,29580,7/13/2026,WHITE,0,5,F,INDEX,,F,T,0,0
7/8/2026,10:06:29 AM,NDX,ML/,100,520.29,,PUT,29300,0,5202900,7/17/2026,WHITE,0,9,F,INDEX,,F,F,0,0
7/8/2026,12:48:02 PM,SPX,ML/,500,28.96,,PUT,6410,0,1448000,9/18/2026,WHITE,0,72,F,INDEX,,F,F,0,0
7/8/2026,12:53:02 PM,SPX,ML/,100,28.23,,PUT,6410,0,282300,9/18/2026,WHITE,0,72,F,INDEX,,F,F,0,0
7/8/2026,12:53:44 PM,SPX,ML/,150,28.96,,PUT,6410,0,434400,9/18/2026,WHITE,0,72,F,INDEX,,F,F,0,0
7/8/2026,11:26:31 AM,SPX,ML/,100,31.6,,PUT,6400,0,316000,9/18/2026,WHITE,0,72,F,INDEX,,F,F,0,0
7/8/2026,1:40:18 PM,SPX,BLOCK,63,26.6,,PUT,6400,0,167580,9/18/2026,WHITE,0,72,F,INDEX,,F,F,0,0
7/8/2026,1:40:53 PM,SPX,BLOCK,84,26.6,,PUT,6400,0,223440,9/18/2026,WHITE,0,72,F,INDEX,,F,F,0,0
7/8/2026,10:23:05 AM,SPXW,ML/,59,2.27,,PUT,6400,0,13393,7/24/2026,WHITE,0,16,F,INDEX,,F,T,0,0
7/8/2026,10:23:05 AM,SPXW,ML/,118,1.21,,PUT,5900,0,14278,7/24/2026,WHITE,0,16,F,INDEX,,F,T,0,0
7/8/2026,12:30:59 PM,SPX,ML/,1000,22.46,,PUT,6200,0,2246000,9/18/2026,WHITE,0,72,F,INDEX,,F,F,0,0
7/8/2026,10:05:25 AM,SPX,ML/,120,168.85,,PUT,7550,0,2026200,8/21/2026,WHITE,0,44,F,INDEX,,F,F,0,0
7/8/2026,10:46:02 AM,SPX,ML/,100,180.66,,PUT,7550,0,1806600,8/21/2026,WHITE,0,44,F,INDEX,,F,F,0,0
7/8/2026,10:05:44 AM,SPXW,ML/,150,79.4,,PUT,7200,0,1191000,8/31/2026,WHITE,0,54,F,INDEX,,F,T,0,0
7/8/2026,11:00:01 AM,SPXW,ML/,200,87.7,,PUT,7200,0,1754000,8/31/2026,WHITE,0,54,F,INDEX,,F,T,0,0
7/8/2026,12:54:50 PM,SPXW,ML/,350,77.75,,PUT,7200,0,2721250,8/31/2026,WHITE,0,54,F,INDEX,,F,T,0,0
7/8/2026,10:51:04 AM,SPXW,ML/,65,44.0969,,PUT,7150,0,286630,8/5/2026,WHITE,0,28,F,INDEX,,F,T,0,0
7/8/2026,10:06:03 AM,SPXW,ML/,150,0.7,,PUT,6050,0,10500,7/17/2026,WHITE,0,9,F,INDEX,,F,F,0,0
7/8/2026,10:45:32 AM,SPX,ML/,80,26.27,,PUT,6300,0,210160,9/18/2026,WHITE,0,72,F,INDEX,,F,F,0,0
7/8/2026,11:17:30 AM,SPX,ML/,80,27.7,,PUT,6300,0,221600,9/18/2026,WHITE,0,72,F,INDEX,,F,F,0,0
7/8/2026,12:04:10 PM,SPX,ML/,300,27.5,,PUT,6300,0,825000,9/18/2026,WHITE,0,72,F,INDEX,,F,F,0,0
7/8/2026,11:13:51 AM,SPX,ML/,100,39.41,,PUT,6575,0,394100,9/18/2026,WHITE,0,72,F,INDEX,,F,F,0,0
7/8/2026,10:57:18 AM,SPX,ML/,600,28,,PUT,7325,0,1680000,7/17/2026,WHITE,0,9,F,INDEX,,F,F,0,0
7/8/2026,3:40:43 PM,SPX,BLOCK,60,18.3,,PUT,7325,0,109800,7/17/2026,WHITE,0,9,F,INDEX,,F,F,0,0
7/8/2026,10:06:29 AM,NDX,ML/,100,1268.13,,PUT,29300,0,12681300,9/18/2026,WHITE,0,72,F,INDEX,,F,F,0,0
7/8/2026,10:06:29 AM,NDX,ML/,100,372.52,,CALL,29300,0,3725200,7/17/2026,WHITE,0,9,F,INDEX,,F,F,0,0
7/8/2026,11:15:47 AM,SPX,ML/,300,4.8,,PUT,3400,0,144000,11/20/2026,WHITE,0,135,F,INDEX,,F,F,0,0
7/8/2026,11:40:17 AM,SPXW,ML/,50,118.16,,CALL,7475,0,590800,8/10/2026,WHITE,0,33,F,INDEX,,F,T,0,0
7/8/2026,2:21:30 PM,SPXW,SWEEP,143,0.95,A,PUT,6800,0,13585,7/15/2026,WHITE,0,7,F,INDEX,,F,T,0,0
7/8/2026,11:13:36 AM,SPX,ML/,300,172.4,,PUT,7425,0,5172000,9/18/2026,WHITE,0,72,F,INDEX,,F,F,0,0
7/8/2026,4:05:11 PM,SPX,ML/,66,11.9,,PUT,7265,0,78540,7/17/2026,WHITE,0,9,F,INDEX,,F,F,0,0
7/8/2026,4:17:26 PM,SPX,BLOCK,66,13.25,,PUT,7265,0,87450,7/17/2026,WHITE,0,9,F,INDEX,,F,F,0,0
7/8/2026,11:26:11 AM,SPX,BLOCK,100,69,,CALL,7430,0,690000,7/17/2026,WHITE,0,9,F,INDEX,,F,F,0,0
7/8/2026,11:29:26 AM,SPX,BLOCK,100,70,,CALL,7430,0,700000,7/17/2026,WHITE,0,9,F,INDEX,,F,F,0,0
7/8/2026,10:36:04 AM,SPXW,ML/,203,35.9676,,PUT,6800,0,730142,8/28/2026,WHITE,0,51,F,INDEX,,F,T,0,0
7/8/2026,3:29:10 PM,SPXW,ML/,50,113.06,,PUT,7525,0,565300,7/31/2026,WHITE,0,23,F,INDEX,,F,T,0,0
7/8/2026,1:59:58 PM,SPX,ML/,300,304.27,,PUT,7350,0,9128100,3/19/2027,WHITE,0,254,F,INDEX,,F,F,0,0
7/8/2026,12:23:43 PM,VIX,BLOCK,500,0.33,,CALL,70,0,16500,9/16/2026,WHITE,0,70,F,INDEX,,F,T,0,0
7/8/2026,1:38:36 PM,VIX,ML/,2500,0.3,,CALL,70,0,75000,9/16/2026,WHITE,0,70,F,INDEX,,F,T,0,0
7/8/2026,2:58:16 PM,RUTW,ML/,50,6.8,,PUT,2625,0,34000,8/7/2026,WHITE,0,30,F,INDEX,,F,T,0,0
7/8/2026,10:10:40 AM,VIX,ML/,350,2.28,,PUT,19.5,0,79800,7/22/2026,WHITE,0,14,F,INDEX,,F,T,0,0
7/8/2026,10:36:39 AM,VIX,BLOCK,162,2.06,,PUT,19.5,0,33372,7/22/2026,WHITE,0,14,F,INDEX,,F,T,0,0
7/8/2026,10:37:22 AM,VIX,BLOCK,150,2.04,,PUT,19.5,0,30600,7/22/2026,WHITE,0,14,F,INDEX,,F,T,0,0
7/8/2026,10:48:14 AM,VIX,BLOCK,150,1.98,,PUT,19.5,0,29700,7/22/2026,WHITE,0,14,F,INDEX,,F,T,0,0
7/8/2026,11:30:26 AM,VIX,BLOCK,398,1.81,,PUT,19.5,0,72038,7/22/2026,WHITE,0,14,F,INDEX,,F,T,0,0
7/8/2026,3:39:00 PM,VIX,BLOCK,200,2.31,,PUT,19.5,0,46200,7/22/2026,WHITE,0,14,F,INDEX,,F,T,0,0
7/8/2026,3:53:23 PM,VIX,BLOCK,150,2.29,,PUT,19.5,0,34350,7/22/2026,WHITE,0,14,F,INDEX,,F,T,0,0
7/8/2026,10:10:49 AM,SPX,ML/,2500,8.39,,CALL,8900,0,2097500,12/18/2026,WHITE,0,163,F,INDEX,,F,F,0,0
7/8/2026,1:46:38 PM,SPX,ML/,1000,7.95,,CALL,8900,0,795000,12/18/2026,WHITE,0,163,F,INDEX,,F,F,0,0
7/8/2026,10:10:49 AM,SPX,ML/,1000,30.22,,CALL,8500,0,3022000,12/18/2026,WHITE,0,163,F,INDEX,,F,F,0,0
7/8/2026,10:10:49 AM,SPX,ML/,2500,3.71,,CALL,9200,0,927500,12/18/2026,WHITE,0,163,F,INDEX,,F,F,0,0
7/8/2026,1:46:38 PM,SPX,ML/,1000,3.45,,CALL,9200,0,345000,12/18/2026,WHITE,0,163,F,INDEX,,F,F,0,0
7/8/2026,10:34:02 AM,RUTW,ML/,60,27.47,,PUT,2850,0,164819,7/31/2026,WHITE,0,23,F,INDEX,,F,T,0,0
7/8/2026,1:48:45 PM,VIX,ML/,1000,0.98,,PUT,17,0,98000,9/16/2026,WHITE,0,70,F,INDEX,,F,T,0,0
7/8/2026,2:28:19 PM,VIX,ML/,1000,0.94,,PUT,17,0,94000,9/16/2026,WHITE,0,70,F,INDEX,,F,T,0,0
7/8/2026,10:12:12 AM,VIX,ML/,2000,0.26,,CALL,55,0,52000,8/19/2026,WHITE,0,42,F,INDEX,,F,T,0,0
7/8/2026,11:12:19 AM,VIX,ML/,1000,0.28,,CALL,55,0,28000,8/19/2026,WHITE,0,42,F,INDEX,,F,T,0,0
7/8/2026,11:02:34 AM,RUT,ML/,54,3.52,,PUT,2740,0,19008,7/17/2026,WHITE,0,9,F,INDEX,,F,F,0,0
7/8/2026,12:54:45 PM,SPX,ML/,500,675.73,,CALL,7500,0,33786500,7/16/2027,WHITE,0,373,F,INDEX,,F,F,0,0
7/8/2026,3:37:51 PM,SPX,ML/,80,678.8,,CALL,7500,0,5430400,7/16/2027,WHITE,0,373,F,INDEX,,F,F,0,0
7/8/2026,10:54:47 AM,VIX,ML/,500,5.1,,PUT,23,0,255000,9/16/2026,WHITE,0,70,F,INDEX,,F,T,0,0
7/8/2026,10:29:24 AM,SPXW,ML/,140,113.65,,PUT,7560,0,1591100,7/16/2026,WHITE,0,8,F,INDEX,,F,T,0,0
7/8/2026,1:43:00 PM,SPXW,ML/,100,96.44,,PUT,7560,0,964400,7/16/2026,WHITE,0,8,F,INDEX,,F,T,0,0
7/8/2026,10:29:24 AM,SPXW,ML/,140,100.05,,PUT,7540,0,1400700,7/16/2026,WHITE,0,8,F,INDEX,,F,T,0,0
7/8/2026,1:43:00 PM,SPXW,ML/,100,83.69,,PUT,7540,0,836900,7/16/2026,WHITE,0,8,F,INDEX,,F,T,0,0
7/8/2026,10:23:04 AM,SPXW,BLOCK,198,1,,PUT,6000,0,19800,7/21/2026,WHITE,0,13,F,INDEX,,F,T,0,0
7/8/2026,12:01:59 PM,SPXW,ML/,50,2.72,,CALL,7840,0,13600,7/31/2026,WHITE,0,23,F,INDEX,,F,T,0,0
7/8/2026,10:42:55 AM,SPX,ML/,220,17.37,,CALL,8050,0,382140,9/18/2026,WHITE,0,72,F,INDEX,,F,F,0,0
7/8/2026,11:32:41 AM,SPX,ML/,750,15.55,,CALL,8050,0,1166250,9/18/2026,WHITE,0,72,F,INDEX,,F,F,0,0
7/8/2026,10:14:00 AM,SPXW,ML/,322,557.25,,CALL,7000,0,17943450,9/4/2026,WHITE,0,58,F,INDEX,,F,T,0,0
7/8/2026,10:14:00 AM,SPXW,ML/,322,12.11,,PUT,6000,0,389941,9/4/2026,WHITE,0,58,F,INDEX,,F,T,0,0
7/8/2026,10:14:00 AM,SPXW,ML/,322,58.99,,PUT,7000,0,1899478,9/4/2026,WHITE,0,58,F,INDEX,,F,T,0,0
7/8/2026,10:14:00 AM,SPXW,ML/,322,1503.37,,CALL,6000,0,48408513,9/4/2026,WHITE,0,58,F,INDEX,,F,T,0,0
7/8/2026,11:21:21 AM,RUTW,ML/,50,3.02,,CALL,3070,0,15100,7/20/2026,WHITE,0,12,F,INDEX,,F,T,0,0
7/8/2026,10:14:46 AM,SPX,ML/,100,73.4,,CALL,7900,0,734000,10/16/2026,WHITE,0,100,F,INDEX,,F,F,0,0
7/8/2026,10:14:46 AM,SPX,ML/,100,30.85,,CALL,7950,0,308500,9/18/2026,WHITE,0,72,F,INDEX,,F,F,0,0
7/8/2026,12:50:19 PM,SPXW,ML/,60,2.1,,PUT,6650,0,12600,7/21/2026,WHITE,0,13,F,INDEX,,F,T,0,0
7/8/2026,10:51:23 AM,SPXW,BLOCK,77,20.4,,PUT,6300,0,157080,9/4/2026,WHITE,0,58,F,INDEX,,F,T,0,0
7/8/2026,11:37:33 AM,SPXW,ML/,938,91,,PUT,7150,0,8535800,9/4/2026,WHITE,0,58,F,INDEX,,F,T,0,0
7/8/2026,11:57:12 AM,SPXW,ML/,250,91,,PUT,7150,0,2275000,9/4/2026,WHITE,0,58,F,INDEX,,F,T,0,0
7/8/2026,10:15:01 AM,SPXW,ML/,200,13.26,,PUT,7175,0,265200,7/20/2026,WHITE,0,12,F,INDEX,,F,T,0,0
7/8/2026,4:03:37 PM,SPXW,ML/,600,107.88,,CALL,7500,0,6472800,8/5/2026,WHITE,0,28,F,INDEX,,F,T,0,0
7/8/2026,10:31:20 AM,SPXW,ML/,390,6.6,,PUT,5850,0,257400,8/21/2026,WHITE,0,44,F,INDEX,,F,F,0,0
7/8/2026,10:34:59 AM,SPXW,ML/,56,6.57,,PUT,5850,0,36792,8/21/2026,WHITE,0,44,F,INDEX,,F,F,0,0
7/8/2026,10:43:11 AM,RUTW,ML/,55,45.93,,PUT,2940,0,252615,7/24/2026,WHITE,0,16,F,INDEX,,F,T,0,0
7/8/2026,3:27:54 PM,SPXW,ML/,1200,46.66,,PUT,7150,0,5599199,8/14/2026,WHITE,0,37,F,INDEX,,F,T,0,0
7/8/2026,3:32:33 PM,SPXW,ML/,300,46.62,,PUT,7150,0,1398600,8/14/2026,WHITE,0,37,F,INDEX,,F,T,0,0
7/8/2026,10:16:10 AM,SPXW,ML/,1000,0.93,,PUT,6240,0,93000,7/17/2026,WHITE,0,9,F,INDEX,,F,F,0,0
7/8/2026,10:37:11 AM,VIX,ML/,380,0.29,,CALL,95,0,11019,10/21/2026,WHITE,0,105,F,INDEX,,F,T,0,0
7/8/2026,11:04:15 AM,VIX,ML/,1180,0.29,,CALL,95,0,34220,10/21/2026,WHITE,0,105,F,INDEX,,F,T,0,0
7/8/2026,4:12:22 PM,SPXW,BLOCK,61,2.35,,CALL,8000,0,14335,8/12/2026,WHITE,0,35,F,INDEX,,F,T,0,0
7/8/2026,10:16:32 AM,VIX,BLOCK,350,0.83,,PUT,17,0,29050,8/19/2026,WHITE,0,42,F,INDEX,,F,T,0,0
7/8/2026,12:43:06 PM,VIX,BLOCK,500,0.87,,PUT,17,0,43500,8/19/2026,WHITE,0,42,F,INDEX,,F,T,0,0
7/8/2026,10:19:48 AM,SPX,ML/,80,4.396,,PUT,2700,0,35168,1/15/2027,WHITE,0,191,F,INDEX,,F,F,0,0
7/8/2026,2:26:49 PM,XSP,BLOCK,400,0.35,,PUT,725,0,14000,7/13/2026,WHITE,0,5,F,INDEX,,F,T,0,0
7/8/2026,12:10:52 PM,SPXW,BLOCK,67,2.65,,CALL,8400,0,17755,9/18/2026,WHITE,0,72,F,INDEX,,F,F,0,0
7/8/2026,10:17:22 AM,XSP,BLOCK,67,4.03,,CALL,765,0,27001,8/7/2026,WHITE,0,30,F,INDEX,,F,T,0,0
7/8/2026,10:17:27 AM,XSP,BLOCK,164,4.1346,,CALL,765,0,67807,8/7/2026,WHITE,0,30,F,INDEX,,F,T,0,0
7/8/2026,11:25:50 AM,SPXW,BLOCK,70,1.5,,PUT,6750,0,10500,7/15/2026,WHITE,0,7,F,INDEX,,F,T,0,0
7/8/2026,10:17:31 AM,SPXW,ML/,60,189.65,,CALL,7300,0,1137900,7/20/2026,WHITE,0,12,F,INDEX,,F,T,0,0
7/8/2026,12:10:52 PM,SPX,BLOCK,100,64.951,,CALL,7645,0,649510,8/21/2026,WHITE,0,44,F,INDEX,,F,F,0,0
7/8/2026,10:17:53 AM,VIX,ML/,255,3.2,,CALL,21,0,81600,12/16/2026,WHITE,0,161,F,INDEX,,F,T,0,0
7/8/2026,10:17:53 AM,VIX,ML/,1500,0.9,,CALL,45,0,135000,12/16/2026,WHITE,0,161,F,INDEX,,F,T,0,0
7/8/2026,3:58:36 PM,XSP,ML/,100,21.76,,CALL,740,0,217600,8/21/2026,WHITE,0,44,F,INDEX,,F,F,0,0
7/8/2026,3:43:12 PM,XSP,ML/,50,9.3,,PUT,757,0,46500,7/9/2026,WHITE,0,1,F,INDEX,,F,T,0,0
7/8/2026,10:18:58 AM,VIX,BLOCK,150,4.2,,CALL,18,0,63000,11/18/2026,WHITE,0,133,F,INDEX,,F,T,0,0
7/8/2026,10:45:43 AM,XSP,ML/,575,5.95,,PUT,748,0,342125,7/13/2026,WHITE,0,5,F,INDEX,,F,T,0,0
7/8/2026,10:19:17 AM,VIX,ML/,10000,1.545,,PUT,18,0,1545000,12/16/2026,WHITE,0,161,F,INDEX,,F,T,0,0
7/8/2026,10:19:17 AM,VIX,ML/,60000,0.33,,PUT,15,0,1980000,12/16/2026,WHITE,0,161,F,INDEX,,F,T,0,0
7/8/2026,10:19:48 AM,SPX,ML/,80,17.566,,PUT,3100,0,140528,7/16/2027,WHITE,0,373,F,INDEX,,F,F,0,0
7/8/2026,10:19:23 AM,RUTW,BLOCK,50,98,,PUT,3050,0,490000,7/8/2026,WHITE,0,0,F,INDEX,,F,T,0,0
7/8/2026,11:14:19 AM,RUTW,BLOCK,50,110,,PUT,3050,0,550000,7/8/2026,WHITE,0,0,F,INDEX,,F,T,0,0
7/8/2026,3:50:12 PM,RUTW,BLOCK,193,101,,PUT,3050,0,1949300,7/8/2026,WHITE,0,0,F,INDEX,,F,T,0,0
7/8/2026,11:15:47 AM,SPX,ML/,150,151.15,,CALL,7800,0,2267250,11/20/2026,WHITE,0,135,F,INDEX,,F,F,0,0
7/8/2026,10:52:09 AM,SPX,ML/,68,7.35,,PUT,5900,0,49979,8/21/2026,WHITE,0,44,F,INDEX,,F,F,0,0
7/8/2026,11:46:37 AM,SPX,ML/,132,7.62,,PUT,5900,0,100583,8/21/2026,WHITE,0,44,F,INDEX,,F,F,0,0
7/8/2026,10:20:01 AM,SPX,ML/,62,127.3,,PUT,6650,0,789260,1/15/2027,WHITE,0,191,F,INDEX,,F,F,0,0
7/8/2026,2:16:49 PM,SPX,ML/,2700,738.2,,CALL,7000,0,199314000,12/18/2026,WHITE,0,163,F,INDEX,,F,F,0,0
7/8/2026,12:27:49 PM,SPX,ML/,200,195.35,,CALL,8100,0,3907000,3/19/2027,WHITE,0,254,F,INDEX,,F,F,0,0
7/8/2026,3:26:50 PM,SPXW,ML/,78,65.34,,CALL,7520,0,509652,7/27/2026,WHITE,0,19,F,INDEX,,F,T,0,0
7/8/2026,3:50:36 PM,SPX,BLOCK,58,118.8138,,PUT,7140,0,689120,10/16/2026,WHITE,0,100,F,INDEX,,F,F,0,0
7/8/2026,2:46:36 PM,SPX,ML/,300,95.8875,,PUT,6550,0,2876625,12/18/2026,WHITE,0,163,F,INDEX,,F,F,0,0
7/8/2026,11:36:51 AM,SPX,ML/,100,441,,CALL,7800,0,4410000,6/17/2027,WHITE,0,344,F,INDEX,,F,T,0,0
7/8/2026,10:23:08 AM,SPXW,ML/,50,3.06,,PUT,6500,0,15300,7/24/2026,WHITE,0,16,F,INDEX,,F,T,0,0
7/8/2026,10:50:12 AM,SPXW,ML/,50,3.5,,PUT,6500,0,17500,7/24/2026,WHITE,0,16,F,INDEX,,F,T,0,0
7/8/2026,3:43:32 PM,SPXW,BLOCK,51,2.35,,PUT,6500,0,11985,7/24/2026,WHITE,0,16,F,INDEX,,F,T,0,0
7/8/2026,10:22:42 AM,XSP,BLOCK,192,1.75,,PUT,732,0,33600,7/15/2026,WHITE,0,7,F,INDEX,,F,T,0,0
7/8/2026,10:47:55 AM,SPX,BLOCK,50,166.2,,PUT,6500,0,831000,4/16/2027,WHITE,0,282,F,INDEX,,F,F,0,0
7/8/2026,10:51:28 AM,SPX,SWEEP,61,166.7852,A,PUT,6500,0,1017390,4/16/2027,WHITE,0,282,F,INDEX,,F,F,0,0
7/8/2026,10:53:22 AM,SPX,ML/,300,206.5,,PUT,7300,0,6195000,11/20/2026,WHITE,0,135,F,INDEX,,F,F,0,0
7/8/2026,12:20:51 PM,SPXW,BLOCK,60,1.75,,PUT,6700,0,10500,7/17/2026,WHITE,0,9,F,INDEX,,F,F,0,0
7/8/2026,12:21:16 PM,SPXW,BLOCK,65,1.75,,PUT,6700,0,11375,7/17/2026,WHITE,0,9,F,INDEX,,F,F,0,0
7/8/2026,1:14:07 PM,SPXW,BLOCK,125,1.4,,PUT,6700,0,17500,7/17/2026,WHITE,0,9,F,INDEX,,F,F,0,0
7/8/2026,10:23:07 AM,SPX,BLOCK,323,2.95,,PUT,5150,0,95285,8/21/2026,WHITE,0,44,F,INDEX,,F,F,0,0
7/8/2026,10:37:36 AM,SPX,ML/,83,1.29,,PUT,6500,0,10707,7/17/2026,WHITE,0,9,F,INDEX,,F,F,0,0
7/8/2026,12:34:04 PM,SPX,ML/,100,1.07,,PUT,6500,0,10700,7/17/2026,WHITE,0,9,F,INDEX,,F,F,0,0
7/8/2026,3:41:29 PM,SPX,ML/,300,0.88,,PUT,6500,0,26400,7/17/2026,WHITE,0,9,F,INDEX,,F,F,0,0
7/8/2026,10:23:08 AM,SPXW,ML/,229,1.5579,,PUT,6000,0,35675,7/24/2026,WHITE,0,16,F,INDEX,,F,T,0,0
7/8/2026,10:23:09 AM,SPXW,BLOCK,86,2,,PUT,6325,0,17200,7/23/2026,WHITE,0,15,F,INDEX,,F,T,0,0
7/8/2026,10:48:39 AM,XSP,ML/,100,10.24,,PUT,715,0,102400,9/18/2026,WHITE,0,72,F,INDEX,,F,F,0,0
7/8/2026,10:48:46 AM,XSP,ML/,100,10.25,,PUT,715,0,102500,9/18/2026,WHITE,0,72,F,INDEX,,F,F,0,0
7/8/2026,2:18:51 PM,XSP,ML/,100,9.08,,PUT,715,0,90800,9/18/2026,WHITE,0,72,F,INDEX,,F,F,0,0
7/8/2026,2:18:57 PM,XSP,ML/,100,9.11,,PUT,715,0,91100,9/18/2026,WHITE,0,72,F,INDEX,,F,F,0,0
7/8/2026,10:23:42 AM,SPXW,ML/,57,72.6647,,PUT,7430,0,414189,7/28/2026,WHITE,0,20,F,INDEX,,F,T,0,0
7/8/2026,10:23:57 AM,VIX,ML/,185,0.56,,CALL,60,0,10360,10/21/2026,WHITE,0,105,F,INDEX,,F,T,0,0
7/8/2026,10:37:11 AM,VIX,ML/,340,0.57,,CALL,60,0,19380,10/21/2026,WHITE,0,105,F,INDEX,,F,T,0,0
7/8/2026,11:04:15 AM,VIX,ML/,1260,0.57,,CALL,60,0,71820,10/21/2026,WHITE,0,105,F,INDEX,,F,T,0,0
7/8/2026,12:53:30 PM,VIX,ML/,600,0.53,,CALL,60,0,31800,10/21/2026,WHITE,0,105,F,INDEX,,F,T,0,0
7/8/2026,10:37:11 AM,VIX,ML/,255,0.43,,CALL,42.5,0,10965,8/19/2026,WHITE,0,42,F,INDEX,,F,T,0,0
7/8/2026,11:04:15 AM,VIX,ML/,850,0.46,,CALL,42.5,0,39100,8/19/2026,WHITE,0,42,F,INDEX,,F,T,0,0
7/8/2026,10:57:44 AM,VIX,BLOCK,1338,0.25,,CALL,60,0,33450,8/19/2026,WHITE,0,42,F,INDEX,,F,T,0,0
7/8/2026,11:04:15 AM,VIX,ML/,680,0.26,,CALL,60,0,17680,8/19/2026,WHITE,0,42,F,INDEX,,F,T,0,0
7/8/2026,10:24:15 AM,SPXW,ML/,50,6.4,,PUT,7125,0,32000,7/16/2026,WHITE,0,8,F,INDEX,,F,T,0,0
7/8/2026,10:25:17 AM,RUT,ML/,187,7.74,,CALL,3230,0,144738,8/21/2026,WHITE,0,44,F,INDEX,,F,F,0,0
7/8/2026,10:25:17 AM,RUT,ML/,388,107,,PUT,2970,0,4151600,9/18/2026,WHITE,0,72,F,INDEX,,F,F,0,0
7/8/2026,2:24:43 PM,RUT,ML/,247,107.3753,,PUT,2970,0,2652169,9/18/2026,WHITE,0,72,F,INDEX,,F,F,0,0
7/8/2026,3:32:56 PM,RUT,ML/,275,108,,PUT,2970,0,2970000,9/18/2026,WHITE,0,72,F,INDEX,,F,F,0,0
7/8/2026,3:35:26 PM,RUT,ML/,100,109,,PUT,2970,0,1090000,9/18/2026,WHITE,0,72,F,INDEX,,F,F,0,0
7/8/2026,10:25:17 AM,RUT,ML/,816,168.89,,CALL,3000,0,13781424,12/18/2026,WHITE,0,163,F,INDEX,,F,F,0,0
7/8/2026,10:25:17 AM,RUT,ML/,388,112,,CALL,2970,0,4345600,9/18/2026,WHITE,0,72,F,INDEX,,F,F,0,0
7/8/2026,2:24:43 PM,RUT,ML/,247,107.67,,CALL,2970,0,2659449,9/18/2026,WHITE,0,72,F,INDEX,,F,F,0,0
7/8/2026,3:32:55 PM,RUT,ML/,275,106,,CALL,2970,0,2915000,9/18/2026,WHITE,0,72,F,INDEX,,F,F,0,0
7/8/2026,3:35:26 PM,RUT,ML/,100,105,,CALL,2970,0,1050000,9/18/2026,WHITE,0,72,F,INDEX,,F,F,0,0
7/8/2026,10:25:17 AM,RUT,ML/,170,16.0455,,CALL,3010,0,272774,7/17/2026,WHITE,0,9,F,INDEX,,F,F,0,0
7/8/2026,10:25:47 AM,SPX,ML/,70,93.41,,PUT,7540,0,653870,7/17/2026,WHITE,0,9,F,INDEX,,F,F,0,0
7/8/2026,10:25:47 AM,SPX,ML/,70,106.11,,PUT,7560,0,742770,7/17/2026,WHITE,0,9,F,INDEX,,F,F,0,0
7/8/2026,3:32:39 PM,SPX,ML/,100,267.4,,PUT,6500,0,2673999,12/17/2027,WHITE,0,527,F,INDEX,,F,F,0,0
7/8/2026,11:14:00 AM,SPXW,ML/,87,87.6834,,CALL,7560,0,762846,8/14/2026,WHITE,0,37,F,INDEX,,F,T,0,0
7/8/2026,10:53:50 AM,SPXW,ML/,50,140.06,,PUT,7525,0,700300,8/7/2026,WHITE,0,30,F,INDEX,,F,T,0,0
7/8/2026,1:25:01 PM,SPXW,ML/,75,124.1,,PUT,7525,0,930750,8/7/2026,WHITE,0,30,F,INDEX,,F,T,0,0
7/8/2026,3:49:26 PM,SPX,BLOCK,650,0.3,,PUT,800,0,19500,3/19/2027,WHITE,0,254,F,INDEX,,F,F,0,0
7/8/2026,11:12:31 AM,RUTW,ML/,50,12.69,,PUT,2690,0,63450,8/7/2026,WHITE,0,30,F,INDEX,,F,T,0,0
7/8/2026,10:50:52 AM,VIX,ML/,100,4.44,,CALL,17,0,44400,10/21/2026,WHITE,0,105,F,INDEX,,F,T,0,0
7/8/2026,10:50:12 AM,SPXW,ML/,50,4.2,,PUT,6600,0,21000,7/24/2026,WHITE,0,16,F,INDEX,,F,T,0,0
7/8/2026,10:43:11 AM,RUTW,ML/,55,50.0331,,PUT,2950,0,275182,7/24/2026,WHITE,0,16,F,INDEX,,F,T,0,0
7/8/2026,3:35:26 PM,RUTW,ML/,384,46.61,,PUT,2950,0,1789823,7/24/2026,WHITE,0,16,F,INDEX,,F,T,0,0
7/8/2026,11:13:50 AM,SPXW,ML/,130,179.8942,,PUT,7560,0,2338624,8/14/2026,WHITE,0,37,F,INDEX,,F,T,0,0
7/8/2026,1:31:54 PM,SPXW,ML/,50,8.31,,PUT,5900,0,41550,8/31/2026,WHITE,0,54,F,INDEX,,F,T,0,0
7/8/2026,10:29:02 AM,SPXW,ML/,99,15.5081,,PUT,6625,0,153530,8/14/2026,WHITE,0,37,F,INDEX,,F,T,0,0
7/8/2026,10:29:03 AM,SPXW,ML/,155,15.51,,PUT,6625,0,240405,8/14/2026,WHITE,0,37,F,INDEX,,F,T,0,0
7/8/2026,11:32:27 AM,SPX,ML/,50,115.04,,CALL,8000,0,575200,12/18/2026,WHITE,0,163,F,INDEX,,F,F,0,0
7/8/2026,11:32:45 AM,SPX,ML/,50,115.24,,CALL,8000,0,576200,12/18/2026,WHITE,0,163,F,INDEX,,F,F,0,0
7/8/2026,2:16:49 PM,SPX,ML/,2700,126.6,,CALL,8000,0,34182000,12/18/2026,WHITE,0,163,F,INDEX,,F,F,0,0
7/8/2026,11:16:08 AM,RUTW,ML/,50,5.64,,CALL,3080,0,28200,7/24/2026,WHITE,0,16,F,INDEX,,F,T,0,0
7/8/2026,10:29:55 AM,SPXW,ML/,234,9.5,,PUT,6150,0,222300,8/21/2026,WHITE,0,44,F,INDEX,,F,F,0,0
7/8/2026,10:30:07 AM,SPXW,ML/,156,9.5,,PUT,6150,0,148200,8/21/2026,WHITE,0,44,F,INDEX,,F,F,0,0
7/8/2026,10:33:51 AM,SPXW,ML/,56,9.65,,PUT,6150,0,54040,8/21/2026,WHITE,0,44,F,INDEX,,F,F,0,0
7/8/2026,10:29:55 AM,SPXW,ML/,390,10.8,,PUT,6250,0,421200,8/21/2026,WHITE,0,44,F,INDEX,,F,F,0,0
7/8/2026,10:33:51 AM,SPXW,ML/,56,11.05,,PUT,6250,0,61880,8/21/2026,WHITE,0,44,F,INDEX,,F,F,0,0
7/8/2026,10:30:17 AM,NDX,ML/,65,21.7,,PUT,25400,0,141050,7/17/2026,WHITE,0,9,F,INDEX,,F,F,0,0
7/8/2026,10:30:17 AM,NDX,ML/,65,921.7,,PUT,29900,0,5991050,7/17/2026,WHITE,0,9,F,INDEX,,F,F,0,0
7/8/2026,12:08:16 PM,SPX,ML/,150,160.25,,CALL,8500,0,2403750,6/17/2027,WHITE,0,344,F,INDEX,,F,T,0,0
7/8/2026,2:53:26 PM,SPXW,ML/,224,10.82,,CALL,7745,0,242368,7/31/2026,WHITE,0,23,F,INDEX,,F,T,0,0
7/8/2026,2:54:33 PM,SPXW,ML/,224,10.79,,CALL,7745,0,241696,7/31/2026,WHITE,0,23,F,INDEX,,F,T,0,0
7/8/2026,10:30:57 AM,SPXW,BLOCK,2600,1.8,,PUT,6200,0,468000,7/23/2026,WHITE,0,15,F,INDEX,,F,T,0,0
7/8/2026,10:50:15 AM,SPXW,BLOCK,1500,2,,PUT,6200,0,300000,7/23/2026,WHITE,0,15,F,INDEX,,F,T,0,0
7/8/2026,10:52:31 AM,SPXW,BLOCK,500,2,,PUT,6200,0,100000,7/23/2026,WHITE,0,15,F,INDEX,,F,T,0,0
7/8/2026,10:52:49 AM,SPXW,BLOCK,1800,2,,PUT,6200,0,360000,7/23/2026,WHITE,0,15,F,INDEX,,F,T,0,0
7/8/2026,10:54:38 AM,SPXW,BLOCK,3600,2,,PUT,6200,0,720000,7/23/2026,WHITE,0,15,F,INDEX,,F,T,0,0
7/8/2026,11:03:36 AM,SPXW,BLOCK,500,2,,PUT,6200,0,100000,7/23/2026,WHITE,0,15,F,INDEX,,F,T,0,0
7/8/2026,11:15:26 AM,SPX,ML/,735,13.6,,PUT,6350,0,999600,8/21/2026,WHITE,0,44,F,INDEX,,F,F,0,0
7/8/2026,10:31:20 AM,SPXW,ML/,390,8.35,,PUT,6050,0,325650,8/21/2026,WHITE,0,44,F,INDEX,,F,F,0,0
7/8/2026,10:34:59 AM,SPXW,ML/,56,8.32,,PUT,6050,0,46592,8/21/2026,WHITE,0,44,F,INDEX,,F,F,0,0
7/8/2026,10:31:27 AM,SPXW,ML/,390,4.52,,PUT,5500,0,176280,8/21/2026,WHITE,0,44,F,INDEX,,F,F,0,0
7/8/2026,10:35:53 AM,SPXW,ML/,56,4.57,,PUT,5500,0,25592,8/21/2026,WHITE,0,44,F,INDEX,,F,F,0,0
7/8/2026,10:31:27 AM,SPXW,ML/,390,6.22,,PUT,5800,0,242579,8/21/2026,WHITE,0,44,F,INDEX,,F,F,0,0
7/8/2026,10:35:53 AM,SPXW,ML/,56,6.27,,PUT,5800,0,35112,8/21/2026,WHITE,0,44,F,INDEX,,F,F,0,0
7/8/2026,2:18:51 PM,XSP,ML/,100,9.24,,PUT,716,0,92400,9/18/2026,WHITE,0,72,F,INDEX,,F,F,0,0
7/8/2026,2:18:57 PM,XSP,ML/,100,9.27,,PUT,716,0,92700,9/18/2026,WHITE,0,72,F,INDEX,,F,F,0,0
7/8/2026,3:59:27 PM,XSP,ML/,100,8.99,,PUT,716,0,89900,9/18/2026,WHITE,0,72,F,INDEX,,F,F,0,0
7/8/2026,3:59:33 PM,XSP,ML/,100,9.07,,PUT,716,0,90700,9/18/2026,WHITE,0,72,F,INDEX,,F,F,0,0
7/8/2026,10:31:50 AM,SPX,ML/,196,2.25,,PUT,6800,0,44100,7/17/2026,WHITE,0,9,F,INDEX,,F,F,0,0
7/8/2026,10:34:27 AM,SPX,ML/,60,2.2,,PUT,6800,0,13200,7/17/2026,WHITE,0,9,F,INDEX,,F,F,0,0
7/8/2026,12:28:38 PM,SPX,ML/,94,1.97,,PUT,6800,0,18517,7/17/2026,WHITE,0,9,F,INDEX,,F,F,0,0
7/8/2026,10:32:00 AM,XSP,ML/,1096,8.15,,PUT,580,0,893240,3/19/2027,WHITE,0,254,F,INDEX,,F,F,0,0
7/8/2026,10:32:00 AM,XSP,ML/,1096,18.48,,PUT,675,0,2025408,3/19/2027,WHITE,0,254,F,INDEX,,F,F,0,0
7/8/2026,11:36:12 AM,NDXP,ML/,137,3.7524,,CALL,30700,0,51408,7/15/2026,WHITE,0,7,F,INDEX,,F,T,0,0
7/8/2026,1:54:26 PM,SPX,ML/,92,187,,CALL,7525,0,1720400,9/18/2026,WHITE,0,72,F,INDEX,,F,F,0,0
7/8/2026,2:25:24 PM,SPX,ML/,67,189,,CALL,7525,0,1266300,9/18/2026,WHITE,0,72,F,INDEX,,F,F,0,0
7/8/2026,2:31:48 PM,SPX,ML/,75,187,,CALL,7525,0,1402500,9/18/2026,WHITE,0,72,F,INDEX,,F,F,0,0
7/8/2026,2:37:15 PM,SPX,ML/,96,189,,CALL,7525,0,1814400,9/18/2026,WHITE,0,72,F,INDEX,,F,F,0,0
7/8/2026,2:38:20 PM,SPX,ML/,64,189,,CALL,7525,0,1209600,9/18/2026,WHITE,0,72,F,INDEX,,F,F,0,0
7/8/2026,2:39:50 PM,SPX,ML/,126,186.8,,CALL,7525,0,2353680,9/18/2026,WHITE,0,72,F,INDEX,,F,F,0,0
7/8/2026,2:41:52 PM,SPX,ML/,70,189,,CALL,7525,0,1323000,9/18/2026,WHITE,0,72,F,INDEX,,F,F,0,0
7/8/2026,2:47:55 PM,SPX,ML/,64,189,,CALL,7525,0,1209600,9/18/2026,WHITE,0,72,F,INDEX,,F,F,0,0
7/8/2026,2:55:32 PM,SPX,ML/,440,190,,CALL,7525,0,8360000,9/18/2026,WHITE,0,72,F,INDEX,,F,F,0,0
7/8/2026,3:11:15 PM,SPX,ML/,56,191,,CALL,7525,0,1069600,9/18/2026,WHITE,0,72,F,INDEX,,F,F,0,0
7/8/2026,3:17:34 PM,SPX,ML/,66,188.5,,CALL,7525,0,1244100,9/18/2026,WHITE,0,72,F,INDEX,,F,F,0,0
7/8/2026,3:23:37 PM,SPX,ML/,67,189,,CALL,7525,0,1266300,9/18/2026,WHITE,0,72,F,INDEX,,F,F,0,0
7/8/2026,3:26:01 PM,SPX,ML/,55,190,,CALL,7525,0,1045000,9/18/2026,WHITE,0,72,F,INDEX,,F,F,0,0
7/8/2026,3:27:54 PM,SPX,ML/,176,190,,CALL,7525,0,3344000,9/18/2026,WHITE,0,72,F,INDEX,,F,F,0,0
7/8/2026,3:43:13 PM,SPX,ML/,117,189.5,,CALL,7525,0,2217150,9/18/2026,WHITE,0,72,F,INDEX,,F,F,0,0
7/8/2026,3:46:51 PM,SPX,ML/,120,189.3,,CALL,7525,0,2271600,9/18/2026,WHITE,0,72,F,INDEX,,F,F,0,0
7/8/2026,3:49:00 PM,SPX,ML/,78,190.1,,CALL,7525,0,1482780,9/18/2026,WHITE,0,72,F,INDEX,,F,F,0,0
7/8/2026,3:53:58 PM,SPX,ML/,54,189.5,,CALL,7525,0,1023300,9/18/2026,WHITE,0,72,F,INDEX,,F,F,0,0
7/8/2026,3:56:54 PM,SPX,ML/,275,191.5,,CALL,7525,0,5266250,9/18/2026,WHITE,0,72,F,INDEX,,F,F,0,0
7/8/2026,4:06:09 PM,SPX,ML/,168,188.7,,CALL,7525,0,3170160,9/18/2026,WHITE,0,72,F,INDEX,,F,F,0,0
7/8/2026,4:08:20 PM,SPX,ML/,312,189.5,,CALL,7525,0,5912400,9/18/2026,WHITE,0,72,F,INDEX,,F,F,0,0
7/8/2026,4:08:56 PM,SPX,ML/,100,189,,CALL,7525,0,1890000,9/18/2026,WHITE,0,72,F,INDEX,,F,F,0,0
7/8/2026,4:09:23 PM,SPX,ML/,210,189.5,,CALL,7525,0,3979500,9/18/2026,WHITE,0,72,F,INDEX,,F,F,0,0
7/8/2026,4:12:54 PM,SPX,ML/,144,190,,CALL,7525,0,2736000,9/18/2026,WHITE,0,72,F,INDEX,,F,F,0,0
7/8/2026,4:15:20 PM,SPX,ML/,186,187,,CALL,7525,0,3478200,9/18/2026,WHITE,0,72,F,INDEX,,F,F,0,0
7/8/2026,1:45:44 PM,VIX,BLOCK,500,0.22,,CALL,29,0,11000,7/22/2026,WHITE,0,14,F,INDEX,,F,T,0,0
7/8/2026,11:55:20 AM,SPX,ML/,520,16.57,,PUT,5875,0,861640,9/18/2026,WHITE,0,72,F,INDEX,,F,F,0,0
7/8/2026,1:54:26 PM,SPX,ML/,92,192,,PUT,7525,0,1766400,9/18/2026,WHITE,0,72,F,INDEX,,F,F,0,0
7/8/2026,2:25:24 PM,SPX,ML/,67,190,,PUT,7525,0,1273000,9/18/2026,WHITE,0,72,F,INDEX,,F,F,0,0
7/8/2026,2:31:48 PM,SPX,ML/,75,192,,PUT,7525,0,1440000,9/18/2026,WHITE,0,72,F,INDEX,,F,F,0,0
7/8/2026,2:37:15 PM,SPX,ML/,96,190,,PUT,7525,0,1824000,9/18/2026,WHITE,0,72,F,INDEX,,F,F,0,0
7/8/2026,2:38:20 PM,SPX,ML/,64,190,,PUT,7525,0,1216000,9/18/2026,WHITE,0,72,F,INDEX,,F,F,0,0
7/8/2026,2:39:50 PM,SPX,ML/,126,192.8,,PUT,7525,0,2429280,9/18/2026,WHITE,0,72,F,INDEX,,F,F,0,0
7/8/2026,2:41:52 PM,SPX,ML/,70,190,,PUT,7525,0,1330000,9/18/2026,WHITE,0,72,F,INDEX,,F,F,0,0
7/8/2026,2:47:55 PM,SPX,ML/,64,190,,PUT,7525,0,1216000,9/18/2026,WHITE,0,72,F,INDEX,,F,F,0,0
7/8/2026,2:55:32 PM,SPX,ML/,440,189,,PUT,7525,0,8316000,9/18/2026,WHITE,0,72,F,INDEX,,F,F,0,0
7/8/2026,3:11:15 PM,SPX,ML/,56,188.5,,PUT,7525,0,1055600,9/18/2026,WHITE,0,72,F,INDEX,,F,F,0,0
7/8/2026,3:17:34 PM,SPX,ML/,66,190.5,,PUT,7525,0,1257300,9/18/2026,WHITE,0,72,F,INDEX,,F,F,0,0
7/8/2026,3:23:37 PM,SPX,ML/,67,190,,PUT,7525,0,1273000,9/18/2026,WHITE,0,72,F,INDEX,,F,F,0,0
7/8/2026,3:26:01 PM,SPX,ML/,55,189,,PUT,7525,0,1039500,9/18/2026,WHITE,0,72,F,INDEX,,F,F,0,0
7/8/2026,3:27:54 PM,SPX,ML/,176,189,,PUT,7525,0,3326400,9/18/2026,WHITE,0,72,F,INDEX,,F,F,0,0
7/8/2026,3:43:13 PM,SPX,ML/,117,189.5,,PUT,7525,0,2217150,9/18/2026,WHITE,0,72,F,INDEX,,F,F,0,0
7/8/2026,3:46:51 PM,SPX,ML/,120,189.3,,PUT,7525,0,2271600,9/18/2026,WHITE,0,72,F,INDEX,,F,F,0,0
7/8/2026,3:49:00 PM,SPX,ML/,78,188.1,,PUT,7525,0,1467180,9/18/2026,WHITE,0,72,F,INDEX,,F,F,0,0
7/8/2026,3:53:58 PM,SPX,ML/,54,188.5,,PUT,7525,0,1017900,9/18/2026,WHITE,0,72,F,INDEX,,F,F,0,0
7/8/2026,3:56:54 PM,SPX,ML/,275,186.5,,PUT,7525,0,5128750,9/18/2026,WHITE,0,72,F,INDEX,,F,F,0,0
7/8/2026,4:06:09 PM,SPX,ML/,168,189.7,,PUT,7525,0,3186960,9/18/2026,WHITE,0,72,F,INDEX,,F,F,0,0
7/8/2026,4:08:20 PM,SPX,ML/,312,189.5,,PUT,7525,0,5912400,9/18/2026,WHITE,0,72,F,INDEX,,F,F,0,0
7/8/2026,4:08:56 PM,SPX,ML/,100,190,,PUT,7525,0,1900000,9/18/2026,WHITE,0,72,F,INDEX,,F,F,0,0
7/8/2026,4:09:23 PM,SPX,ML/,210,189.5,,PUT,7525,0,3979500,9/18/2026,WHITE,0,72,F,INDEX,,F,F,0,0
7/8/2026,4:12:54 PM,SPX,ML/,144,190,,PUT,7525,0,2736000,9/18/2026,WHITE,0,72,F,INDEX,,F,F,0,0
7/8/2026,4:15:20 PM,SPX,ML/,186,192,,PUT,7525,0,3571200,9/18/2026,WHITE,0,72,F,INDEX,,F,F,0,0
7/8/2026,10:33:29 AM,SPX,ML/,80,138.52,,CALL,7950,0,1108160,12/18/2026,WHITE,0,163,F,INDEX,,F,F,0,0
7/8/2026,10:36:51 AM,SPX,ML/,80,137.69,,CALL,7950,0,1101520,12/18/2026,WHITE,0,163,F,INDEX,,F,F,0,0
7/8/2026,10:36:57 AM,SPX,ML/,80,137.63,,CALL,7950,0,1101040,12/18/2026,WHITE,0,163,F,INDEX,,F,F,0,0
7/8/2026,11:07:47 AM,SPX,ML/,80,134.81,,CALL,7950,0,1078480,12/18/2026,WHITE,0,163,F,INDEX,,F,F,0,0
7/8/2026,11:14:22 AM,SPX,ML/,80,133.37,,CALL,7950,0,1066960,12/18/2026,WHITE,0,163,F,INDEX,,F,F,0,0
7/8/2026,3:27:47 PM,SPX,SWEEP,62,4.1,A,PUT,7080,0,25420,7/17/2026,WHITE,0,9,F,INDEX,,F,F,0,0
7/8/2026,11:15:26 AM,SPX,ML/,735,14.75,,PUT,6400,0,1084125,8/21/2026,WHITE,0,44,F,INDEX,,F,F,0,0
7/8/2026,1:14:22 PM,SPX,ML/,94,12.07,,PUT,6400,0,113458,8/21/2026,WHITE,0,44,F,INDEX,,F,F,0,0
7/8/2026,1:21:47 PM,SPX,ML/,200,11.76,,PUT,6400,0,235200,8/21/2026,WHITE,0,44,F,INDEX,,F,F,0,0
7/8/2026,1:22:06 PM,SPX,ML/,200,11.76,,PUT,6400,0,235200,8/21/2026,WHITE,0,44,F,INDEX,,F,F,0,0
7/8/2026,1:45:37 PM,SPX,ML/,200,11.86,,PUT,6400,0,237200,8/21/2026,WHITE,0,44,F,INDEX,,F,F,0,0
7/8/2026,1:49:42 PM,SPX,ML/,102,12.02,,PUT,6400,0,122604,8/21/2026,WHITE,0,44,F,INDEX,,F,F,0,0
7/8/2026,1:55:31 PM,SPX,ML/,98,12.06,,PUT,6400,0,118188,8/21/2026,WHITE,0,44,F,INDEX,,F,F,0,0
7/8/2026,10:34:13 AM,SPX,ML/,201,475.12,,PUT,7800,0,9549912,3/19/2027,WHITE,0,254,F,INDEX,,F,F,0,0
7/8/2026,10:34:13 AM,SPX,ML/,201,329.08,,CALL,7800,0,6614508,3/19/2027,WHITE,0,254,F,INDEX,,F,F,0,0
7/8/2026,10:43:32 AM,XSP,ML/,100,10.2,,PUT,755,0,101999,7/9/2026,WHITE,0,1,F,INDEX,,F,T,0,0
7/8/2026,10:43:43 AM,XSP,ML/,100,10.29,,PUT,755,0,102900,7/9/2026,WHITE,0,1,F,INDEX,,F,T,0,0
7/8/2026,2:19:09 PM,XSP,ML/,100,7.6,,PUT,755,0,76000,7/9/2026,WHITE,0,1,F,INDEX,,F,T,0,0
7/8/2026,2:19:16 PM,XSP,ML/,80,7.585,,PUT,755,0,60680,7/9/2026,WHITE,0,1,F,INDEX,,F,T,0,0
7/8/2026,10:34:53 AM,SPX,ML/,350,1461.15,,CALL,6000,0,51140250,7/17/2026,WHITE,0,9,F,INDEX,,F,F,0,0
7/8/2026,3:53:00 PM,SPX,ML/,1200,1484.04,,CALL,6000,0,178084800,7/17/2026,WHITE,0,9,F,INDEX,,F,F,0,0
7/8/2026,10:34:53 AM,SPX,ML/,350,465.9,,CALL,7000,0,16306500,7/17/2026,WHITE,0,9,F,INDEX,,F,F,0,0
7/8/2026,11:07:17 AM,SPX,ML/,1416,452.79,,CALL,7000,0,64115064,7/17/2026,WHITE,0,9,F,INDEX,,F,F,0,0
7/8/2026,12:31:39 PM,SPX,ML/,2050,472.29,,CALL,7000,0,96819450,7/17/2026,WHITE,0,9,F,INDEX,,F,F,0,0
7/8/2026,12:37:57 PM,SPX,ML/,1784,462.14,,CALL,7000,0,82445776,7/17/2026,WHITE,0,9,F,INDEX,,F,F,0,0
7/8/2026,3:11:31 PM,SPX,ML/,200,487.1,,CALL,7000,0,9742000,7/17/2026,WHITE,0,9,F,INDEX,,F,F,0,0
7/8/2026,3:53:00 PM,SPX,ML/,1200,487.19,,CALL,7000,0,58462800,7/17/2026,WHITE,0,9,F,INDEX,,F,F,0,0
7/8/2026,10:34:53 AM,SPX,ML/,350,515.72,,PUT,8000,0,18050200,9/18/2026,WHITE,0,72,F,INDEX,,F,F,0,0
7/8/2026,4:07:45 PM,SPX,ML/,1500,494.59,,PUT,8000,0,74188500,9/18/2026,WHITE,0,72,F,INDEX,,F,F,0,0
7/8/2026,4:08:32 PM,SPX,ML/,1000,494.78,,PUT,8000,0,49478000,9/18/2026,WHITE,0,72,F,INDEX,,F,F,0,0
7/8/2026,10:50:49 AM,SPX,ML/,100,12.92,,CALL,8100,0,129200,9/18/2026,WHITE,0,72,F,INDEX,,F,F,0,0
7/8/2026,11:43:16 AM,SPXW,ML/,50,116.14,,PUT,7425,0,580700,8/10/2026,WHITE,0,33,F,INDEX,,F,T,0,0
7/8/2026,11:07:17 AM,SPX,ML/,1416,0.1,,CALL,8000,0,14160,7/17/2026,WHITE,0,9,F,INDEX,,F,F,0,0
7/8/2026,12:31:39 PM,SPX,ML/,2050,0.1,,CALL,8000,0,20500,7/17/2026,WHITE,0,9,F,INDEX,,F,F,0,0
7/8/2026,12:37:57 PM,SPX,ML/,1784,0.1,,CALL,8000,0,17840,7/17/2026,WHITE,0,9,F,INDEX,,F,F,0,0
7/8/2026,10:41:48 AM,SPX,ML/,500,23.46,,PUT,6700,0,1173000,8/21/2026,WHITE,0,44,F,INDEX,,F,F,0,0
7/8/2026,10:42:02 AM,SPX,ML/,500,23.41,,PUT,6700,0,1170500,8/21/2026,WHITE,0,44,F,INDEX,,F,F,0,0
7/8/2026,10:42:17 AM,SPX,ML/,500,23.48,,PUT,6700,0,1174000,8/21/2026,WHITE,0,44,F,INDEX,,F,F,0,0
7/8/2026,10:42:31 AM,SPX,ML/,120,23.55,,PUT,6700,0,282600,8/21/2026,WHITE,0,44,F,INDEX,,F,F,0,0
7/8/2026,10:42:38 AM,SPX,ML/,120,23.55,,PUT,6700,0,282600,8/21/2026,WHITE,0,44,F,INDEX,,F,F,0,0
7/8/2026,10:43:46 AM,SPX,ML/,260,23.92,,PUT,6700,0,621920,8/21/2026,WHITE,0,44,F,INDEX,,F,F,0,0
7/8/2026,11:12:43 AM,SPX,ML/,61,24.63,,PUT,6700,0,150242,8/21/2026,WHITE,0,44,F,INDEX,,F,F,0,0
7/8/2026,11:14:00 AM,SPX,ML/,100,24.9,,PUT,6700,0,249000,8/21/2026,WHITE,0,44,F,INDEX,,F,F,0,0
7/8/2026,11:14:24 AM,SPX,ML/,100,25.12,,PUT,6700,0,251200,8/21/2026,WHITE,0,44,F,INDEX,,F,F,0,0
7/8/2026,11:20:45 AM,SPX,ML/,74,24.7873,,PUT,6700,0,183426,8/21/2026,WHITE,0,44,F,INDEX,,F,F,0,0
7/8/2026,11:24:19 AM,SPX,ML/,80,26.07,,PUT,6700,0,208560,8/21/2026,WHITE,0,44,F,INDEX,,F,F,0,0
7/8/2026,11:26:43 AM,SPX,ML/,500,26.71,,PUT,6700,0,1335500,8/21/2026,WHITE,0,44,F,INDEX,,F,F,0,0
7/8/2026,11:27:13 AM,SPX,ML/,500,26.73,,PUT,6700,0,1336500,8/21/2026,WHITE,0,44,F,INDEX,,F,F,0,0
7/8/2026,1:09:34 PM,SPX,ML/,700,20.36,,PUT,6700,0,1425200,8/21/2026,WHITE,0,44,F,INDEX,,F,F,0,0
7/8/2026,2:01:35 PM,SPX,ML/,80,20.06,,PUT,6700,0,160480,8/21/2026,WHITE,0,44,F,INDEX,,F,F,0,0
7/8/2026,2:01:51 PM,SPX,ML/,100,19.86,,PUT,6700,0,198600,8/21/2026,WHITE,0,44,F,INDEX,,F,F,0,0
7/8/2026,2:30:55 PM,SPX,ML/,100,20.36,,PUT,6700,0,203600,8/21/2026,WHITE,0,44,F,INDEX,,F,F,0,0
7/8/2026,11:13:50 AM,VIX,BLOCK,54,26.05,,PUT,45,0,140670,8/19/2026,WHITE,0,42,F,INDEX,,F,T,0,0
7/8/2026,12:11:09 PM,SPXW,BLOCK,92,19.4,,PUT,7000,0,178480,7/30/2026,WHITE,0,22,F,INDEX,,F,T,0,0
7/8/2026,12:49:40 PM,SPXW,BLOCK,150,15.5847,,PUT,7000,0,233769,7/30/2026,WHITE,0,22,F,INDEX,,F,T,0,0
7/8/2026,10:35:53 AM,SPX,ML/,80,26.35,,PUT,6325,0,210800,9/18/2026,WHITE,0,72,F,INDEX,,F,F,0,0
7/8/2026,10:49:21 AM,SPX,ML/,120,27.77,,PUT,6325,0,333239,9/18/2026,WHITE,0,72,F,INDEX,,F,F,0,0
7/8/2026,11:22:57 AM,SPX,ML/,80,28.55,,PUT,6325,0,228400,9/18/2026,WHITE,0,72,F,INDEX,,F,F,0,0
7/8/2026,10:36:01 AM,SPX,ML/,70,309.09,,PUT,7100,0,2163629,6/17/2027,WHITE,0,344,F,INDEX,,F,T,0,0
7/8/2026,10:36:01 AM,SPX,ML/,70,840.99,,PUT,8400,0,5886930,6/17/2027,WHITE,0,344,F,INDEX,,F,T,0,0
7/8/2026,10:36:04 AM,SPXW,ML/,203,32.7676,,PUT,6750,0,665183,8/28/2026,WHITE,0,51,F,INDEX,,F,T,0,0
7/8/2026,10:36:05 AM,XSP,ML/,748,16.28,,PUT,625,0,1217744,6/17/2027,WHITE,0,344,F,INDEX,,F,T,0,0
7/8/2026,10:36:05 AM,XSP,ML/,748,8.83,,PUT,545,0,660484,6/17/2027,WHITE,0,344,F,INDEX,,F,T,0,0
7/8/2026,10:36:15 AM,SPXW,BLOCK,82,3.1,,PUT,4800,0,25420,8/31/2026,WHITE,0,54,F,INDEX,,F,T,0,0
7/8/2026,4:00:52 PM,SPXW,BLOCK,59,53,,CALL,7650,0,312700,8/12/2026,WHITE,0,35,F,INDEX,,F,T,0,0
7/8/2026,11:30:34 AM,VIX,ML/,173,1.3,,PUT,18,0,22490,8/19/2026,WHITE,0,42,F,INDEX,,F,T,0,0
7/8/2026,12:20:46 PM,VIX,ML/,500,1.38,,PUT,18,0,68999,8/19/2026,WHITE,0,42,F,INDEX,,F,T,0,0
7/8/2026,12:33:33 PM,VIX,ML/,600,1.41,,PUT,18,0,84600,8/19/2026,WHITE,0,42,F,INDEX,,F,T,0,0
7/8/2026,12:55:26 PM,VIX,BLOCK,851,0.65,,PUT,16.5,0,55315,8/19/2026,WHITE,0,42,F,INDEX,,F,T,0,0
7/8/2026,10:37:22 AM,SPX,ML/,150,0.77,,PUT,6100,0,11550,7/17/2026,WHITE,0,9,F,INDEX,,F,F,0,0
7/8/2026,3:59:28 PM,NDXP,BLOCK,185,66.51,,CALL,29460,0,1230435,7/9/2026,WHITE,0,1,F,INDEX,,F,T,0,0
7/8/2026,10:39:00 AM,SPXW,BLOCK,54,10.3,,PUT,4900,0,55620,10/16/2026,WHITE,0,100,F,INDEX,,F,F,0,0
7/8/2026,3:41:29 PM,SPX,ML/,600,0.69,,PUT,6300,0,41400,7/17/2026,WHITE,0,9,F,INDEX,,F,F,0,0
7/8/2026,2:48:29 PM,SPXW,ML/,100,324,,CALL,8100,0,3240000,6/30/2027,WHITE,0,357,F,INDEX,,F,T,0,0
7/8/2026,11:58:08 AM,VIX,BLOCK,500,0.86,,CALL,45,0,43000,10/21/2026,WHITE,0,105,F,INDEX,,F,T,0,0
7/8/2026,11:07:46 AM,SPX,ML/,300,81.4,,PUT,6800,0,2442000,10/16/2026,WHITE,0,100,F,INDEX,,F,F,0,0
7/8/2026,10:40:58 AM,SPXW,BLOCK,140,1.4464,,PUT,6300,0,20250,7/20/2026,WHITE,0,12,F,INDEX,,F,T,0,0
7/8/2026,3:38:51 PM,VIX,ML/,1500,0.72,,CALL,40,0,108000,9/16/2026,WHITE,0,70,F,INDEX,,F,T,0,0
7/8/2026,3:53:14 PM,VIX,SWEEP,386,0.7036,A,CALL,40,0,27159,9/16/2026,WHITE,0,70,F,INDEX,,F,T,0,0
7/8/2026,10:41:48 AM,SPX,ML/,500,19.36,,PUT,6600,0,968000,8/21/2026,WHITE,0,44,F,INDEX,,F,F,0,0
7/8/2026,10:42:02 AM,SPX,ML/,500,19.36,,PUT,6600,0,968000,8/21/2026,WHITE,0,44,F,INDEX,,F,F,0,0
7/8/2026,10:42:17 AM,SPX,ML/,500,19.38,,PUT,6600,0,969000,8/21/2026,WHITE,0,44,F,INDEX,,F,F,0,0
7/8/2026,10:42:31 AM,SPX,ML/,120,19.5,,PUT,6600,0,234000,8/21/2026,WHITE,0,44,F,INDEX,,F,F,0,0
7/8/2026,10:42:38 AM,SPX,ML/,120,19.5,,PUT,6600,0,234000,8/21/2026,WHITE,0,44,F,INDEX,,F,F,0,0
7/8/2026,10:43:46 AM,SPX,ML/,260,19.82,,PUT,6600,0,515320,8/21/2026,WHITE,0,44,F,INDEX,,F,F,0,0
7/8/2026,11:26:43 AM,SPX,ML/,500,22.01,,PUT,6600,0,1100500,8/21/2026,WHITE,0,44,F,INDEX,,F,F,0,0
7/8/2026,11:27:13 AM,SPX,ML/,500,22.03,,PUT,6600,0,1101500,8/21/2026,WHITE,0,44,F,INDEX,,F,F,0,0
7/8/2026,12:16:27 PM,SPX,ML/,600,19.77,,PUT,6600,0,1186200,8/21/2026,WHITE,0,44,F,INDEX,,F,F,0,0
7/8/2026,1:21:47 PM,SPX,ML/,100,16.48,,PUT,6600,0,164800,8/21/2026,WHITE,0,44,F,INDEX,,F,F,0,0
7/8/2026,1:22:06 PM,SPX,ML/,100,16.48,,PUT,6600,0,164800,8/21/2026,WHITE,0,44,F,INDEX,,F,F,0,0
7/8/2026,1:45:37 PM,SPX,ML/,100,16.68,,PUT,6600,0,166800,8/21/2026,WHITE,0,44,F,INDEX,,F,F,0,0
7/8/2026,1:49:42 PM,SPX,ML/,51,16.91,,PUT,6600,0,86241,8/21/2026,WHITE,0,44,F,INDEX,,F,F,0,0
7/8/2026,3:43:24 PM,SPX,ML/,50,16.65,,PUT,6600,0,83249,8/21/2026,WHITE,0,44,F,INDEX,,F,F,0,0
7/8/2026,3:43:28 PM,SPX,ML/,62,16.65,,PUT,6600,0,103230,8/21/2026,WHITE,0,44,F,INDEX,,F,F,0,0
7/8/2026,3:45:50 PM,SPX,ML/,50,16.73,,PUT,6600,0,83650,8/21/2026,WHITE,0,44,F,INDEX,,F,F,0,0
7/8/2026,3:51:53 PM,SPX,ML/,50,16.53,,PUT,6600,0,82650,8/21/2026,WHITE,0,44,F,INDEX,,F,F,0,0
7/8/2026,3:51:58 PM,SPX,ML/,54,16.53,,PUT,6600,0,89262,8/21/2026,WHITE,0,44,F,INDEX,,F,F,0,0
7/8/2026,3:55:53 PM,SPX,ML/,50,16.25,,PUT,6600,0,81250,8/21/2026,WHITE,0,44,F,INDEX,,F,F,0,0
7/8/2026,11:08:39 AM,SPX,ML/,100,352.08,,CALL,7500,0,3520800,12/18/2026,WHITE,0,163,F,INDEX,,F,F,0,0
7/8/2026,11:37:11 AM,SPX,ML/,250,348,,CALL,7500,0,8700000,12/18/2026,WHITE,0,163,F,INDEX,,F,F,0,0
7/8/2026,11:26:41 AM,VIX,SWEEP,2402,0.2597,A,CALL,31,0,62370,7/22/2026,WHITE,0,14,F,INDEX,,F,T,0,0
7/8/2026,11:20:32 AM,VIX,ML/,2000,0.3,,CALL,28,0,60000,7/22/2026,WHITE,0,14,F,INDEX,,F,T,0,0
7/8/2026,1:12:26 PM,RUT,ML/,140,35.78,,PUT,2450,0,500920,12/18/2026,WHITE,0,163,F,INDEX,,F,F,0,0
7/8/2026,2:58:16 PM,RUTW,ML/,50,7,,PUT,2630,0,35000,8/7/2026,WHITE,0,30,F,INDEX,,F,T,0,0
7/8/2026,10:43:16 AM,SPXW,BLOCK,80,3.5,,CALL,7850,0,28000,8/3/2026,WHITE,0,26,F,INDEX,,F,T,0,0
7/8/2026,10:43:27 AM,SPXW,BLOCK,545,3.4,,CALL,7850,0,185300,8/3/2026,WHITE,0,26,F,INDEX,,F,T,0,0
7/8/2026,4:15:16 PM,SPXW,ML/,80,7.49,,PUT,6975,0,59920,7/24/2026,WHITE,0,16,F,INDEX,,F,T,0,0
7/8/2026,10:43:26 AM,VIX,ML/,240,2.34,,CALL,24,0,56159,10/21/2026,WHITE,0,105,F,INDEX,,F,T,0,0
7/8/2026,10:44:41 AM,VIX,ML/,240,2.33,,CALL,24,0,55920,10/21/2026,WHITE,0,105,F,INDEX,,F,T,0,0
7/8/2026,10:52:57 AM,VIX,ML/,240,2.33,,CALL,24,0,55920,10/21/2026,WHITE,0,105,F,INDEX,,F,T,0,0
7/8/2026,11:03:41 AM,VIX,ML/,240,2.33,,CALL,24,0,55920,10/21/2026,WHITE,0,105,F,INDEX,,F,T,0,0
7/8/2026,11:14:19 AM,VIX,ML/,240,2.34,,CALL,24,0,56160,10/21/2026,WHITE,0,105,F,INDEX,,F,T,0,0
7/8/2026,11:16:14 AM,VIX,ML/,240,2.34,,CALL,24,0,56159,10/21/2026,WHITE,0,105,F,INDEX,,F,T,0,0
7/8/2026,11:19:34 AM,VIX,ML/,240,2.35,,CALL,24,0,56400,10/21/2026,WHITE,0,105,F,INDEX,,F,T,0,0
7/8/2026,11:22:56 AM,VIX,ML/,480,2.34,,CALL,24,0,112319,10/21/2026,WHITE,0,105,F,INDEX,,F,T,0,0
7/8/2026,11:23:31 AM,VIX,ML/,240,2.35,,CALL,24,0,56400,10/21/2026,WHITE,0,105,F,INDEX,,F,T,0,0
7/8/2026,10:57:55 AM,SPXW,ML/,96,19.98,,PUT,6400,0,191808,8/31/2026,WHITE,0,54,F,INDEX,,F,T,0,0
7/8/2026,10:46:04 AM,RUTW,ML/,222,8.6205,,PUT,2685,0,191375,7/31/2026,WHITE,0,23,F,INDEX,,F,T,0,0
7/8/2026,10:43:58 AM,SPXW,BLOCK,53,5.1,,PUT,6200,0,27030,8/5/2026,WHITE,0,28,F,INDEX,,F,T,0,0
7/8/2026,3:15:39 PM,SPX,ML/,180,13.85,,CALL,8900,0,249300,1/15/2027,WHITE,0,191,F,INDEX,,F,F,0,0
7/8/2026,10:44:12 AM,SPX,ML/,60,5.67,,PUT,5700,0,34020,8/21/2026,WHITE,0,44,F,INDEX,,F,F,0,0
7/8/2026,10:50:15 AM,SPX,ML/,112,5.87,,PUT,5700,0,65744,8/21/2026,WHITE,0,44,F,INDEX,,F,F,0,0
7/8/2026,11:05:42 AM,VIXW,BLOCK,1000,0.1,,CALL,28,0,10000,7/15/2026,WHITE,0,7,F,INDEX,,F,T,0,0
7/8/2026,10:56:17 AM,SPXW,ML/,2788,0.07,,CALL,7665,0,19516,7/9/2026,WHITE,0,1,F,INDEX,,F,T,0,0
7/8/2026,10:58:06 AM,XSP,ML/,60,15.78,,PUT,746,0,94680,8/31/2026,WHITE,0,54,F,INDEX,,F,T,0,0
7/8/2026,10:58:58 AM,SPX,ML/,1500,13.56,,CALL,7875,0,2034000,8/21/2026,WHITE,0,44,F,INDEX,,F,F,0,0
7/8/2026,11:13:43 AM,SPX,ML/,666,13.16,,CALL,7875,0,876456,8/21/2026,WHITE,0,44,F,INDEX,,F,F,0,0
7/8/2026,10:45:32 AM,SPX,ML/,80,25.42,,PUT,6275,0,203360,9/18/2026,WHITE,0,72,F,INDEX,,F,F,0,0
7/8/2026,11:17:30 AM,SPX,ML/,80,26.8,,PUT,6275,0,214400,9/18/2026,WHITE,0,72,F,INDEX,,F,F,0,0
7/8/2026,1:29:23 PM,SPX,ML/,600,346.2,,PUT,7500,0,20772000,3/19/2027,WHITE,0,254,F,INDEX,,F,F,0,0
7/8/2026,1:29:23 PM,SPX,ML/,600,514.75,,CALL,7500,0,30885000,3/19/2027,WHITE,0,254,F,INDEX,,F,F,0,0
7/8/2026,10:45:55 AM,XSP,ML/,100,21.14,,PUT,753,0,211400,9/18/2026,WHITE,0,72,F,INDEX,,F,F,0,0
7/8/2026,10:46:00 AM,XSP,ML/,100,21.11,,PUT,753,0,211100,9/18/2026,WHITE,0,72,F,INDEX,,F,F,0,0
7/8/2026,10:45:55 AM,XSP,ML/,100,20.71,,PUT,752,0,207100,9/18/2026,WHITE,0,72,F,INDEX,,F,F,0,0
7/8/2026,10:46:00 AM,XSP,ML/,100,20.68,,PUT,752,0,206800,9/18/2026,WHITE,0,72,F,INDEX,,F,F,0,0
7/8/2026,10:46:02 AM,SPX,ML/,100,623.16,,PUT,8000,0,6231600,6/17/2027,WHITE,0,344,F,INDEX,,F,T,0,0
7/8/2026,10:46:04 AM,RUTW,ML/,148,49.5268,,PUT,2920,0,732996,7/31/2026,WHITE,0,23,F,INDEX,,F,T,0,0
7/8/2026,1:27:24 PM,SPXW,ML/,55,7.82,,PUT,6100,0,43010,8/21/2026,WHITE,0,44,F,INDEX,,F,F,0,0
7/8/2026,10:47:01 AM,SPX,BLOCK,50,54.5,,PUT,6500,0,272500,10/16/2026,WHITE,0,100,F,INDEX,,F,F,0,0
7/8/2026,11:15:26 AM,SPX,ML/,735,55.2,,PUT,6500,0,4057200,10/16/2026,WHITE,0,100,F,INDEX,,F,F,0,0
7/8/2026,10:47:07 AM,RUT,ML/,143,25.26,,CALL,3110,0,361218,8/21/2026,WHITE,0,44,F,INDEX,,F,F,0,0
7/8/2026,10:47:07 AM,RUT,ML/,165,14.74,,CALL,3600,0,243210,12/18/2026,WHITE,0,163,F,INDEX,,F,F,0,0
7/8/2026,11:18:42 AM,SPX,ML/,69,97.64,,CALL,7800,0,673716,10/16/2026,WHITE,0,100,F,INDEX,,F,F,0,0
7/8/2026,11:50:52 AM,SPX,ML/,129,96.24,,CALL,7800,0,1241496,10/16/2026,WHITE,0,100,F,INDEX,,F,F,0,0
7/8/2026,1:22:11 PM,SPX,ML/,100,107.57,,CALL,7800,0,1075699,10/16/2026,WHITE,0,100,F,INDEX,,F,F,0,0
7/8/2026,11:02:34 AM,RUT,ML/,54,3.2,,PUT,2730,0,17280,7/17/2026,WHITE,0,9,F,INDEX,,F,F,0,0
7/8/2026,10:47:59 AM,SPX,ML/,180,9.25,,PUT,3500,0,166500,1/15/2027,WHITE,0,191,F,INDEX,,F,F,0,0
7/8/2026,10:47:59 AM,SPX,ML/,60,25,,PUT,4800,0,150000,1/15/2027,WHITE,0,191,F,INDEX,,F,F,0,0
7/8/2026,11:29:58 AM,SPX,ML/,200,219.5,,PUT,7600,0,4390000,8/21/2026,WHITE,0,44,F,INDEX,,F,F,0,0
7/8/2026,10:48:39 AM,XSP,ML/,100,9.37,,PUT,710,0,93699,9/18/2026,WHITE,0,72,F,INDEX,,F,F,0,0
7/8/2026,10:48:46 AM,XSP,ML/,100,9.38,,PUT,710,0,93800,9/18/2026,WHITE,0,72,F,INDEX,,F,F,0,0
7/8/2026,10:51:22 AM,SPXW,ML/,455,38.3,,PUT,6200,0,1742650,10/16/2026,WHITE,0,100,F,INDEX,,F,F,0,0
7/8/2026,10:51:22 AM,SPXW,ML/,455,40.65,,PUT,6250,0,1849575,10/16/2026,WHITE,0,100,F,INDEX,,F,F,0,0
7/8/2026,10:51:22 AM,SPXW,ML/,455,21.75,,PUT,6125,0,989625,9/18/2026,WHITE,0,72,F,INDEX,,F,F,0,0
7/8/2026,10:49:35 AM,SPX,BLOCK,50,8.1,,PUT,5980,0,40500,8/21/2026,WHITE,0,44,F,INDEX,,F,F,0,0
7/8/2026,1:48:45 PM,VIX,ML/,2000,0.23,,PUT,15,0,46000,9/16/2026,WHITE,0,70,F,INDEX,,F,T,0,0
7/8/2026,10:49:49 AM,SPX,ML/,100,1.7,,PUT,4500,0,17000,8/21/2026,WHITE,0,44,F,INDEX,,F,F,0,0
7/8/2026,1:43:24 PM,SPX,ML/,150,641.64,,CALL,7500,0,9624600,6/17/2027,WHITE,0,344,F,INDEX,,F,T,0,0
7/8/2026,10:55:25 AM,SPX,ML/,210,201,,CALL,7490,0,4221000,9/18/2026,WHITE,0,72,F,INDEX,,F,F,0,0
7/8/2026,10:58:58 AM,SPX,ML/,98,199,,CALL,7490,0,1950200,9/18/2026,WHITE,0,72,F,INDEX,,F,F,0,0
7/8/2026,11:00:01 AM,SPX,ML/,54,197.3,,CALL,7490,0,1065420,9/18/2026,WHITE,0,72,F,INDEX,,F,F,0,0
7/8/2026,11:01:54 AM,SPX,ML/,120,198,,CALL,7490,0,2376000,9/18/2026,WHITE,0,72,F,INDEX,,F,F,0,0
7/8/2026,11:04:36 AM,SPX,ML/,180,197,,CALL,7490,0,3546000,9/18/2026,WHITE,0,72,F,INDEX,,F,F,0,0
7/8/2026,11:06:31 AM,SPX,ML/,60,196.5,,CALL,7490,0,1179000,9/18/2026,WHITE,0,72,F,INDEX,,F,F,0,0
7/8/2026,11:15:47 AM,SPX,ML/,68,194.2,,CALL,7490,0,1320559,9/18/2026,WHITE,0,72,F,INDEX,,F,F,0,0
7/8/2026,11:17:25 AM,SPX,ML/,63,195,,CALL,7490,0,1228500,9/18/2026,WHITE,0,72,F,INDEX,,F,F,0,0
7/8/2026,11:20:56 AM,SPX,ML/,83,194.1,,CALL,7490,0,1611030,9/18/2026,WHITE,0,72,F,INDEX,,F,F,0,0
7/8/2026,11:22:35 AM,SPX,ML/,54,196,,CALL,7490,0,1058400,9/18/2026,WHITE,0,72,F,INDEX,,F,F,0,0
7/8/2026,12:35:09 PM,SPX,ML/,250,205,,CALL,7490,0,5125000,9/18/2026,WHITE,0,72,F,INDEX,,F,F,0,0
7/8/2026,1:25:01 PM,SPXW,ML/,75,147.5,,PUT,7525,0,1106250,8/21/2026,WHITE,0,44,F,INDEX,,F,F,0,0
7/8/2026,12:56:05 PM,XSP,ML/,50,10.26,,CALL,752,0,51300,8/7/2026,WHITE,0,30,F,INDEX,,F,T,0,0
7/8/2026,3:56:53 PM,SPXW,BLOCK,111,1.75,,CALL,7660,0,19425,7/16/2026,WHITE,0,8,F,INDEX,,F,T,0,0
7/8/2026,12:46:33 PM,SPXW,ML/,70,67.25,,PUT,7435,0,470750,7/24/2026,WHITE,0,16,F,INDEX,,F,T,0,0
7/8/2026,3:18:02 PM,RUTW,ML/,55,6.58,,PUT,2620,0,36190,8/7/2026,WHITE,0,30,F,INDEX,,F,T,0,0
7/8/2026,3:18:11 PM,RUTW,ML/,50,6.58,,PUT,2620,0,32900,8/7/2026,WHITE,0,30,F,INDEX,,F,T,0,0
7/8/2026,1:22:11 PM,SPX,ML/,100,130.85,,PUT,7200,0,1308500,10/16/2026,WHITE,0,100,F,INDEX,,F,F,0,0
7/8/2026,2:33:44 PM,SPX,ML/,400,132.4,,PUT,7200,0,5296000,10/16/2026,WHITE,0,100,F,INDEX,,F,F,0,0
7/8/2026,2:49:24 PM,SPX,ML/,119,130.29,,PUT,7200,0,1550450,10/16/2026,WHITE,0,100,F,INDEX,,F,F,0,0
7/8/2026,11:01:00 AM,RUTW,BLOCK,130,6.8,,PUT,2790,0,88400,7/17/2026,WHITE,0,9,F,INDEX,,F,F,0,0
7/8/2026,1:14:44 PM,VIX,ML/,5000,0.54,,PUT,16,0,270000,10/21/2026,WHITE,0,105,F,INDEX,,F,T,0,0
7/8/2026,1:19:48 PM,VIX,ML/,5000,0.54,,PUT,16,0,270000,10/21/2026,WHITE,0,105,F,INDEX,,F,T,0,0
7/8/2026,10:51:53 AM,SPXW,BLOCK,150,0.7,,PUT,5875,0,10500,7/17/2026,WHITE,0,9,F,INDEX,,F,F,0,0
7/8/2026,11:12:31 AM,RUTW,ML/,50,12.3,,PUT,2685,0,61500,8/7/2026,WHITE,0,30,F,INDEX,,F,T,0,0
7/8/2026,10:52:46 AM,VIX,ML/,400,0.55,,CALL,38,0,22000,8/19/2026,WHITE,0,42,F,INDEX,,F,T,0,0
7/8/2026,2:50:47 PM,VIX,ML/,5000,0.47,,CALL,38,0,235000,8/19/2026,WHITE,0,42,F,INDEX,,F,T,0,0
7/8/2026,10:52:46 AM,VIX,ML/,475,0.46,,CALL,70,0,21850,10/21/2026,WHITE,0,105,F,INDEX,,F,T,0,0
7/8/2026,12:53:18 PM,VIX,BLOCK,500,0.42,,CALL,70,0,20999,10/21/2026,WHITE,0,105,F,INDEX,,F,T,0,0
7/8/2026,10:52:46 AM,VIX,ML/,440,0.75,,CALL,50,0,33000,10/21/2026,WHITE,0,105,F,INDEX,,F,T,0,0
7/8/2026,11:58:16 AM,VIX,BLOCK,800,0.74,,CALL,50,0,59200,10/21/2026,WHITE,0,105,F,INDEX,,F,T,0,0
7/8/2026,2:52:18 PM,SPX,ML/,100,1.82,,PUT,6900,0,18200,7/17/2026,WHITE,0,9,F,INDEX,,F,F,0,0
7/8/2026,2:11:11 PM,SPXW,BLOCK,228,0.6,,PUT,6930,0,13680,7/13/2026,WHITE,0,5,F,INDEX,,F,T,0,0
7/8/2026,10:57:18 AM,SPX,ML/,150,197,,CALL,7495,0,2955000,9/18/2026,WHITE,0,72,F,INDEX,,F,F,0,0
7/8/2026,11:13:43 AM,SPX,ML/,200,193,,CALL,7495,0,3860000,9/18/2026,WHITE,0,72,F,INDEX,,F,F,0,0
7/8/2026,12:09:53 PM,SPX,ML/,51,192.7,,CALL,7495,0,982769,9/18/2026,WHITE,0,72,F,INDEX,,F,F,0,0
7/8/2026,10:53:22 AM,SPX,ML/,375,124.32,,PUT,6725,0,4662000,12/18/2026,WHITE,0,163,F,INDEX,,F,F,0,0
7/8/2026,10:57:18 AM,SPX,ML/,150,195,,PUT,7495,0,2925000,9/18/2026,WHITE,0,72,F,INDEX,,F,F,0,0
7/8/2026,11:13:43 AM,SPX,ML/,200,198,,PUT,7495,0,3960000,9/18/2026,WHITE,0,72,F,INDEX,,F,F,0,0
7/8/2026,12:09:53 PM,SPX,ML/,51,197.7,,PUT,7495,0,1008269,9/18/2026,WHITE,0,72,F,INDEX,,F,F,0,0
7/8/2026,12:24:29 PM,SPXW,ML/,70,5.1,,CALL,7750,0,35700,7/29/2026,WHITE,0,21,F,INDEX,,F,T,0,0
7/8/2026,11:19:50 AM,SPX,ML/,120,279.24,,PUT,7450,0,3350880,12/18/2026,WHITE,0,163,F,INDEX,,F,F,0,0
7/8/2026,11:21:33 AM,SPX,ML/,120,279.96,,PUT,7450,0,3359519,12/18/2026,WHITE,0,163,F,INDEX,,F,F,0,0
7/8/2026,12:00:28 PM,SPX,ML/,120,281.37,,PUT,7450,0,3376440,12/18/2026,WHITE,0,163,F,INDEX,,F,F,0,0
7/8/2026,12:05:02 PM,SPX,ML/,120,280.04,,PUT,7450,0,3360480,12/18/2026,WHITE,0,163,F,INDEX,,F,F,0,0
7/8/2026,12:05:33 PM,SPX,ML/,120,278.8985,,PUT,7450,0,3346782,12/18/2026,WHITE,0,163,F,INDEX,,F,F,0,0
7/8/2026,10:53:46 AM,RUT,ML/,125,187.529,,PUT,2950,0,2344113,3/19/2027,WHITE,0,254,F,INDEX,,F,F,0,0
7/8/2026,11:09:05 AM,RUT,ML/,70,188.55,,PUT,2950,0,1319850,3/19/2027,WHITE,0,254,F,INDEX,,F,F,0,0
7/8/2026,10:53:46 AM,RUT,ML/,125,93.2771,,PUT,2650,0,1165964,3/19/2027,WHITE,0,254,F,INDEX,,F,F,0,0
7/8/2026,11:09:05 AM,RUT,ML/,70,93.91,,PUT,2650,0,657370,3/19/2027,WHITE,0,254,F,INDEX,,F,F,0,0
7/8/2026,1:32:59 PM,SPXW,ML/,600,122.8,,PUT,7500,0,7368000,8/10/2026,WHITE,0,33,F,INDEX,,F,T,0,0
7/8/2026,11:45:36 AM,SPXW,ML/,50,101.86,,PUT,7375,0,509300,8/10/2026,WHITE,0,33,F,INDEX,,F,T,0,0
7/8/2026,10:53:50 AM,SPXW,ML/,50,143.56,,PUT,7525,0,717800,8/10/2026,WHITE,0,33,F,INDEX,,F,T,0,0
7/8/2026,11:38:37 AM,SPX,ML/,500,7.11,,PUT,5850,0,355500,8/21/2026,WHITE,0,44,F,INDEX,,F,F,0,0
7/8/2026,10:54:22 AM,SPX,ML/,367,67.62,,PUT,6920,0,2481654,9/18/2026,WHITE,0,72,F,INDEX,,F,F,0,0
7/8/2026,10:54:22 AM,SPX,ML/,166,9.9,,PUT,7145,0,164340,7/17/2026,WHITE,0,9,F,INDEX,,F,F,0,0
7/8/2026,10:54:22 AM,SPX,ML/,157,61.75,,PUT,7130,0,969475,8/21/2026,WHITE,0,44,F,INDEX,,F,F,0,0
7/8/2026,11:02:29 AM,SPX,ML/,84,19.86,,CALL,8600,0,166824,12/18/2026,WHITE,0,163,F,INDEX,,F,F,0,0
7/8/2026,11:02:35 AM,SPX,ML/,50,19.95,,CALL,8600,0,99750,12/18/2026,WHITE,0,163,F,INDEX,,F,F,0,0
7/8/2026,11:10:10 AM,SPX,ML/,50,20.01,,CALL,8600,0,100050,12/18/2026,WHITE,0,163,F,INDEX,,F,F,0,0
7/8/2026,11:15:48 AM,SPX,ML/,60,19.8,,CALL,8600,0,118800,12/18/2026,WHITE,0,163,F,INDEX,,F,F,0,0
7/8/2026,11:18:27 AM,SPX,ML/,90,19.45,,CALL,8600,0,175050,12/18/2026,WHITE,0,163,F,INDEX,,F,F,0,0
7/8/2026,11:39:44 AM,SPX,ML/,50,19.09,,CALL,8600,0,95450,12/18/2026,WHITE,0,163,F,INDEX,,F,F,0,0
7/8/2026,11:40:08 AM,SPX,ML/,50,19.16,,CALL,8600,0,95800,12/18/2026,WHITE,0,163,F,INDEX,,F,F,0,0
7/8/2026,11:45:43 AM,SPX,ML/,98,18.98,,CALL,8600,0,186004,12/18/2026,WHITE,0,163,F,INDEX,,F,F,0,0
7/8/2026,12:35:11 PM,SPX,ML/,80,20.93,,CALL,8600,0,167440,12/18/2026,WHITE,0,163,F,INDEX,,F,F,0,0
7/8/2026,12:39:48 PM,SPX,ML/,64,20.17,,CALL,8600,0,129088,12/18/2026,WHITE,0,163,F,INDEX,,F,F,0,0
7/8/2026,11:44:36 AM,SPXW,ML/,50,133.03,,CALL,7450,0,665150,8/10/2026,WHITE,0,33,F,INDEX,,F,T,0,0
7/8/2026,10:55:25 AM,SPX,ML/,210,193,,PUT,7490,0,4053000,9/18/2026,WHITE,0,72,F,INDEX,,F,F,0,0
7/8/2026,10:58:58 AM,SPX,ML/,98,194,,PUT,7490,0,1901200,9/18/2026,WHITE,0,72,F,INDEX,,F,F,0,0
7/8/2026,11:00:01 AM,SPX,ML/,54,195.3,,PUT,7490,0,1054620,9/18/2026,WHITE,0,72,F,INDEX,,F,F,0,0
7/8/2026,11:01:54 AM,SPX,ML/,120,194,,PUT,7490,0,2328000,9/18/2026,WHITE,0,72,F,INDEX,,F,F,0,0
7/8/2026,11:04:36 AM,SPX,ML/,180,195,,PUT,7490,0,3510000,9/18/2026,WHITE,0,72,F,INDEX,,F,F,0,0
7/8/2026,11:06:31 AM,SPX,ML/,60,195.5,,PUT,7490,0,1173000,9/18/2026,WHITE,0,72,F,INDEX,,F,F,0,0
7/8/2026,11:15:47 AM,SPX,ML/,68,198.2,,PUT,7490,0,1347759,9/18/2026,WHITE,0,72,F,INDEX,,F,F,0,0
7/8/2026,11:17:25 AM,SPX,ML/,63,197,,PUT,7490,0,1241100,9/18/2026,WHITE,0,72,F,INDEX,,F,F,0,0
7/8/2026,11:20:56 AM,SPX,ML/,83,198.1,,PUT,7490,0,1644230,9/18/2026,WHITE,0,72,F,INDEX,,F,F,0,0
7/8/2026,11:22:35 AM,SPX,ML/,54,197,,PUT,7490,0,1063800,9/18/2026,WHITE,0,72,F,INDEX,,F,F,0,0
7/8/2026,12:35:09 PM,SPX,ML/,250,186,,PUT,7490,0,4650000,9/18/2026,WHITE,0,72,F,INDEX,,F,F,0,0
7/8/2026,10:56:51 AM,SPX,ML/,250,135,,PUT,6000,0,3375000,6/17/2027,WHITE,0,344,F,INDEX,,F,T,0,0
7/8/2026,10:56:51 AM,SPX,ML/,500,364,,PUT,7300,0,18200000,6/17/2027,WHITE,0,344,F,INDEX,,F,T,0,0
7/8/2026,10:57:00 AM,SPX,BLOCK,100,33.3,,CALL,7925,0,332999,9/18/2026,WHITE,0,72,F,INDEX,,F,F,0,0
7/8/2026,3:58:36 PM,XSP,ML/,100,7.3,,CALL,765,0,73000,8/21/2026,WHITE,0,44,F,INDEX,,F,F,0,0
7/8/2026,10:57:15 AM,XSP,ML/,761,3.87,,PUT,680,0,294507,8/31/2026,WHITE,0,54,F,INDEX,,F,T,0,0
7/8/2026,10:57:15 AM,XSP,ML/,761,1.7,,PUT,630,0,129370,8/31/2026,WHITE,0,54,F,INDEX,,F,T,0,0
7/8/2026,10:57:55 AM,SPXW,ML/,96,37.77,,PUT,6400,0,362592,9/30/2026,WHITE,0,84,F,INDEX,,F,T,0,0
7/8/2026,11:27:28 AM,SPX,ML/,100,117.08,,CALL,8100,0,1170800,1/15/2027,WHITE,0,191,F,INDEX,,F,F,0,0
7/8/2026,3:52:20 PM,XSP,ML/,50,4.77,,PUT,752,0,23849,7/9/2026,WHITE,0,1,F,INDEX,,F,T,0,0
7/8/2026,11:14:20 AM,RUTW,ML/,65,6.7646,,PUT,2590,0,43970,8/7/2026,WHITE,0,30,F,INDEX,,F,T,0,0
7/8/2026,10:59:50 AM,XSP,ML/,500,4.38,,PUT,705,0,219000,8/14/2026,WHITE,0,37,F,INDEX,,F,T,0,0
7/8/2026,3:09:50 PM,XSP,ML/,80,3.54,,PUT,705,0,28320,8/14/2026,WHITE,0,37,F,INDEX,,F,T,0,0
7/8/2026,2:07:03 PM,RUT,ML/,50,16.2,,CALL,3150,0,81000,8/21/2026,WHITE,0,44,F,INDEX,,F,F,0,0
7/8/2026,11:39:44 AM,SPX,ML/,50,49.59,,CALL,8300,0,247950,12/18/2026,WHITE,0,163,F,INDEX,,F,F,0,0
7/8/2026,11:40:08 AM,SPX,ML/,50,49.86,,CALL,8300,0,249300,12/18/2026,WHITE,0,163,F,INDEX,,F,F,0,0
7/8/2026,11:45:43 AM,SPX,ML/,98,49.38,,CALL,8300,0,483924,12/18/2026,WHITE,0,163,F,INDEX,,F,F,0,0
7/8/2026,1:27:29 PM,SPXW,ML/,85,120.53,,PUT,7600,0,1024504,7/14/2026,WHITE,0,6,F,INDEX,,F,T,0,0
7/8/2026,11:13:36 AM,SPX,ML/,300,161.7,,CALL,7550,0,4851000,9/18/2026,WHITE,0,72,F,INDEX,,F,F,0,0
7/8/2026,11:00:52 AM,VIX,ML/,4000,1.27,,CALL,29,0,508000,9/16/2026,WHITE,0,70,F,INDEX,,F,T,0,0
7/8/2026,11:01:59 AM,SPX,ML/,64,29.1,,PUT,6790,0,186240,8/21/2026,WHITE,0,44,F,INDEX,,F,F,0,0
7/8/2026,11:01:59 AM,SPX,ML/,67,49.5,,PUT,6430,0,331650,10/16/2026,WHITE,0,100,F,INDEX,,F,F,0,0
7/8/2026,11:01:59 AM,SPX,ML/,62,95.3,,PUT,6920,0,590860,10/16/2026,WHITE,0,100,F,INDEX,,F,F,0,0
7/8/2026,11:01:59 AM,SPX,ML/,64,8.4,,PUT,5990,0,53760,8/21/2026,WHITE,0,44,F,INDEX,,F,F,0,0
7/8/2026,11:01:59 AM,SPX,ML/,62,24.9,,PUT,5825,0,154380,10/16/2026,WHITE,0,100,F,INDEX,,F,F,0,0
7/8/2026,11:01:59 AM,SPX,ML/,67,14.1,,PUT,5225,0,94470,10/16/2026,WHITE,0,100,F,INDEX,,F,F,0,0
7/8/2026,11:49:14 AM,SPXW,ML/,80,75.37,,PUT,7435,0,602960,7/21/2026,WHITE,0,13,F,INDEX,,F,T,0,0
7/8/2026,1:15:19 PM,SPXW,ML/,70,53.2,,PUT,7435,0,372400,7/21/2026,WHITE,0,13,F,INDEX,,F,T,0,0
7/8/2026,11:03:38 AM,SPX,ML/,130,430.5,,PUT,7800,0,5596500,12/18/2026,WHITE,0,163,F,INDEX,,F,F,0,0
7/8/2026,11:03:38 AM,SPX,ML/,160,1173.13,,PUT,8800,0,18770080,3/19/2027,WHITE,0,254,F,INDEX,,F,F,0,0
7/8/2026,11:03:38 AM,SPX,ML/,780,80.07,,CALL,8900,0,6245459,6/17/2027,WHITE,0,344,F,INDEX,,F,T,0,0
7/8/2026,11:03:38 AM,SPX,ML/,780,43.22,,CALL,8800,0,3371160,3/19/2027,WHITE,0,254,F,INDEX,,F,F,0,0
7/8/2026,11:03:38 AM,SPX,ML/,160,1223.51,,PUT,8900,0,19576160,6/17/2027,WHITE,0,344,F,INDEX,,F,T,0,0
7/8/2026,11:03:38 AM,SPX,ML/,170,192.87,,CALL,7800,0,3278790,12/18/2026,WHITE,0,163,F,INDEX,,F,F,0,0
7/8/2026,11:18:42 AM,SPX,ML/,69,1.92,,CALL,8800,0,13247,10/16/2026,WHITE,0,100,F,INDEX,,F,F,0,0
7/8/2026,11:50:52 AM,SPX,ML/,129,1.87,,CALL,8800,0,24123,10/16/2026,WHITE,0,100,F,INDEX,,F,F,0,0
7/8/2026,11:50:52 AM,SPX,ML/,86,29.54,,CALL,8100,0,254044,10/16/2026,WHITE,0,100,F,INDEX,,F,F,0,0
7/8/2026,2:45:37 PM,SPX,ML/,100,21.81,,CALL,8200,0,218100,10/16/2026,WHITE,0,100,F,INDEX,,F,F,0,0
7/8/2026,12:56:19 PM,SPX,ML/,100,318,,PUT,7600,0,3180000,12/18/2026,WHITE,0,163,F,INDEX,,F,F,0,0
7/8/2026,3:25:17 PM,SPX,ML/,150,315.1,,PUT,7600,0,4726500,12/18/2026,WHITE,0,163,F,INDEX,,F,F,0,0
7/8/2026,11:41:13 AM,SPX,ML/,51,246.02,,CALL,7325,0,1254702,8/21/2026,WHITE,0,44,F,INDEX,,F,F,0,0
7/8/2026,12:05:00 PM,SPX,ML/,100,246.19,,CALL,7325,0,2461900,8/21/2026,WHITE,0,44,F,INDEX,,F,F,0,0
7/8/2026,11:34:01 AM,VIX,ML/,4000,1.01,,CALL,27,0,404000,8/19/2026,WHITE,0,42,F,INDEX,,F,T,0,0
7/8/2026,11:35:30 AM,VIX,ML/,2000,1.01,,CALL,27,0,202000,8/19/2026,WHITE,0,42,F,INDEX,,F,T,0,0
7/8/2026,2:33:12 PM,VIX,ML/,3000,0.86,,CALL,27,0,258000,8/19/2026,WHITE,0,42,F,INDEX,,F,T,0,0
7/8/2026,11:06:46 AM,SPX,ML/,1416,526.54,,PUT,8000,0,74558063,8/21/2026,WHITE,0,44,F,INDEX,,F,F,0,0
7/8/2026,12:29:28 PM,SPX,ML/,600,513.58,,PUT,8000,0,30814800,8/21/2026,WHITE,0,44,F,INDEX,,F,F,0,0
7/8/2026,1:34:42 PM,SPX,ML/,500,489.33,,PUT,8000,0,24466500,8/21/2026,WHITE,0,44,F,INDEX,,F,F,0,0
7/8/2026,3:14:53 PM,SPX,ML/,250,496.69,,PUT,8000,0,12417250,8/21/2026,WHITE,0,44,F,INDEX,,F,F,0,0
7/8/2026,11:07:17 AM,SPX,ML/,1416,551.09,,PUT,8000,0,78034344,7/17/2026,WHITE,0,9,F,INDEX,,F,F,0,0
7/8/2026,12:31:39 PM,SPX,ML/,2050,530.26,,PUT,8000,0,108703300,7/17/2026,WHITE,0,9,F,INDEX,,F,F,0,0
7/8/2026,12:37:57 PM,SPX,ML/,1784,540.75,,PUT,8000,0,96469800,7/17/2026,WHITE,0,9,F,INDEX,,F,F,0,0
7/8/2026,3:11:31 PM,SPX,ML/,200,514.56,,PUT,8000,0,10291199,7/17/2026,WHITE,0,9,F,INDEX,,F,F,0,0
7/8/2026,3:51:36 PM,SPX,ML/,180,215.07,,PUT,6750,0,3871260,5/21/2027,WHITE,0,317,F,INDEX,,F,F,0,0
7/8/2026,11:25:06 AM,RUTW,ML/,100,59.8289,,PUT,2930,0,598289,7/31/2026,WHITE,0,23,F,INDEX,,F,T,0,0
7/8/2026,12:04:17 PM,SPX,ML/,250,67.22,,CALL,8200,0,1680500,12/18/2026,WHITE,0,163,F,INDEX,,F,F,0,0
7/8/2026,11:09:48 AM,RUT,ML/,122,64.53,,PUT,1900,0,787266,12/15/2028,WHITE,0,891,F,INDEX,,F,F,0,0
7/8/2026,11:09:48 AM,RUT,ML/,122,97.47,,PUT,2150,0,1189134,12/15/2028,WHITE,0,891,F,INDEX,,F,F,0,0
7/8/2026,11:11:31 AM,SPXW,ML/,200,5.66,,PUT,6850,0,113200,7/22/2026,WHITE,0,14,F,INDEX,,F,T,0,0
7/8/2026,11:26:30 AM,SPXW,ML/,86,6.75,,PUT,6850,0,58050,7/22/2026,WHITE,0,14,F,INDEX,,F,T,0,0
7/8/2026,11:11:31 AM,SPXW,ML/,200,10.41,,PUT,6825,0,208200,7/29/2026,WHITE,0,21,F,INDEX,,F,T,0,0
7/8/2026,11:26:30 AM,SPXW,ML/,86,12.02,,PUT,6825,0,103372,7/29/2026,WHITE,0,21,F,INDEX,,F,T,0,0
7/8/2026,11:11:31 AM,SPXW,ML/,200,9.18,,PUT,6775,0,183600,7/29/2026,WHITE,0,21,F,INDEX,,F,T,0,0
7/8/2026,11:26:30 AM,SPXW,ML/,86,10.46,,PUT,6775,0,89956,7/29/2026,WHITE,0,21,F,INDEX,,F,T,0,0
7/8/2026,11:11:31 AM,SPXW,ML/,200,4.93,,PUT,6800,0,98600,7/22/2026,WHITE,0,14,F,INDEX,,F,T,0,0
7/8/2026,11:26:30 AM,SPXW,ML/,86,5.79,,PUT,6800,0,49794,7/22/2026,WHITE,0,14,F,INDEX,,F,T,0,0
7/8/2026,11:11:40 AM,SPX,ML/,50,92.06,,CALL,7580,0,460300,8/21/2026,WHITE,0,44,F,INDEX,,F,F,0,0
7/8/2026,2:31:13 PM,VIX,ML/,152,7.82,,PUT,26,0,118864,9/16/2026,WHITE,0,70,F,INDEX,,F,T,0,0
7/8/2026,2:40:36 PM,VIX,ML/,50,7.82,,PUT,26,0,39100,9/16/2026,WHITE,0,70,F,INDEX,,F,T,0,0
7/8/2026,2:44:11 PM,VIX,ML/,151,7.8,,PUT,26,0,117780,9/16/2026,WHITE,0,70,F,INDEX,,F,T,0,0
7/8/2026,3:07:32 PM,VIX,ML/,71,7.8,,PUT,26,0,55379,9/16/2026,WHITE,0,70,F,INDEX,,F,T,0,0
7/8/2026,11:12:19 AM,VIX,ML/,500,0.41,,CALL,45,0,20500,8/19/2026,WHITE,0,42,F,INDEX,,F,T,0,0
7/8/2026,11:12:51 AM,SPX,ML/,100,2.08,,PUT,6725,0,20800,7/17/2026,WHITE,0,9,F,INDEX,,F,F,0,0
7/8/2026,11:16:53 AM,SPX,ML/,100,2.25,,PUT,6725,0,22500,7/17/2026,WHITE,0,9,F,INDEX,,F,F,0,0
7/8/2026,11:12:51 AM,SPX,ML/,50,3.66,,PUT,6925,0,18300,7/17/2026,WHITE,0,9,F,INDEX,,F,F,0,0
7/8/2026,11:16:53 AM,SPX,ML/,50,4.04,,PUT,6925,0,20200,7/17/2026,WHITE,0,9,F,INDEX,,F,F,0,0
7/8/2026,11:12:56 AM,SPXW,ML/,51,7.3,,PUT,5600,0,37230,8/31/2026,WHITE,0,54,F,INDEX,,F,T,0,0
7/8/2026,11:13:36 AM,SPXW,ML/,300,268,,PUT,7550,0,8040000,10/30/2026,WHITE,0,114,F,INDEX,,F,T,0,0
7/8/2026,11:13:50 AM,SPX,ML/,130,238.9584,,PUT,7585,0,3106459,9/18/2026,WHITE,0,72,F,INDEX,,F,F,0,0
7/8/2026,11:48:15 AM,SPXW,ML/,50,121.9,,CALL,7430,0,609500,7/31/2026,WHITE,0,23,F,INDEX,,F,T,0,0
7/8/2026,11:14:01 AM,SPXW,ML/,54,2.75,,PUT,6000,0,14850,7/30/2026,WHITE,0,22,F,INDEX,,F,T,0,0
7/8/2026,11:14:01 AM,SPXW,ML/,54,11.25,,PUT,5975,0,60750,8/31/2026,WHITE,0,54,F,INDEX,,F,T,0,0
7/8/2026,11:14:20 AM,RUTW,ML/,65,6.3846,,PUT,2580,0,41500,8/7/2026,WHITE,0,30,F,INDEX,,F,T,0,0
7/8/2026,1:52:24 PM,SPXW,ML/,100,127.5,,PUT,7500,0,1275000,8/12/2026,WHITE,0,35,F,INDEX,,F,T,0,0
7/8/2026,11:14:33 AM,SPX,BLOCK,50,27.5,,CALL,8125,0,137500,10/16/2026,WHITE,0,100,F,INDEX,,F,F,0,0
7/8/2026,12:02:08 PM,SPXW,ML/,70,18,,PUT,7050,0,126000,7/27/2026,WHITE,0,19,F,INDEX,,F,T,0,0
7/8/2026,11:15:47 AM,SPX,ML/,150,16.85,,PUT,4900,0,252750,11/20/2026,WHITE,0,135,F,INDEX,,F,F,0,0
7/8/2026,11:15:47 AM,SPX,ML/,150,161.2,,PUT,7100,0,2418000,11/20/2026,WHITE,0,135,F,INDEX,,F,F,0,0
7/8/2026,11:16:08 AM,RUTW,ML/,50,8.61,,CALL,3060,0,43050,7/24/2026,WHITE,0,16,F,INDEX,,F,T,0,0
7/8/2026,11:16:18 AM,RUTW,SWEEP,100,19,A,CALL,2945,0,190000,7/10/2026,WHITE,0,2,F,INDEX,,F,T,0,0
7/8/2026,2:27:03 PM,RUTW,BLOCK,80,24.6,,CALL,2945,0,196800,7/10/2026,WHITE,0,2,F,INDEX,,F,T,0,0
7/8/2026,11:16:19 AM,XSP,BLOCK,250,4.5,,PUT,590,0,112500,11/30/2026,WHITE,0,145,F,INDEX,,F,T,0,0
7/8/2026,11:16:20 AM,XSP,ML/,80,12.4,,PUT,735,0,99200,8/28/2026,WHITE,0,51,F,INDEX,,F,T,0,0
7/8/2026,11:16:20 AM,XSP,ML/,80,32.05,,PUT,760,0,256400,11/30/2026,WHITE,0,145,F,INDEX,,F,T,0,0
7/8/2026,11:16:22 AM,SPXW,ML/,118,56.74,,PUT,7130,0,669532,8/14/2026,WHITE,0,37,F,INDEX,,F,T,0,0
7/8/2026,11:16:22 AM,SPXW,ML/,59,63.02,,PUT,7170,0,371818,8/14/2026,WHITE,0,37,F,INDEX,,F,T,0,0
7/8/2026,3:18:02 PM,RUTW,ML/,55,6.2,,PUT,2610,0,34100,8/7/2026,WHITE,0,30,F,INDEX,,F,T,0,0
7/8/2026,3:18:11 PM,RUTW,ML/,50,6.2,,PUT,2610,0,31000,8/7/2026,WHITE,0,30,F,INDEX,,F,T,0,0
7/8/2026,11:49:56 AM,SPX,ML/,85,197.5,,PUT,7480,0,1678750,9/18/2026,WHITE,0,72,F,INDEX,,F,F,0,0
7/8/2026,11:17:34 AM,SPXW,BLOCK,483,0.35,,PUT,5900,0,16905,7/15/2026,WHITE,0,7,F,INDEX,,F,T,0,0
7/8/2026,11:19:50 AM,SPX,ML/,240,220.63,,PUT,7250,0,5295120,12/18/2026,WHITE,0,163,F,INDEX,,F,F,0,0
7/8/2026,11:21:33 AM,SPX,ML/,240,221.27,,PUT,7250,0,5310480,12/18/2026,WHITE,0,163,F,INDEX,,F,F,0,0
7/8/2026,12:00:28 PM,SPX,ML/,240,222.54,,PUT,7250,0,5340960,12/18/2026,WHITE,0,163,F,INDEX,,F,F,0,0
7/8/2026,12:05:02 PM,SPX,ML/,240,221.48,,PUT,7250,0,5315520,12/18/2026,WHITE,0,163,F,INDEX,,F,F,0,0
7/8/2026,12:05:33 PM,SPX,ML/,240,220.4052,,PUT,7250,0,5289726,12/18/2026,WHITE,0,163,F,INDEX,,F,F,0,0
7/8/2026,11:20:48 AM,SPXW,BLOCK,57,2.7,,PUT,5200,0,15390,8/14/2026,WHITE,0,37,F,INDEX,,F,T,0,0
7/8/2026,11:23:49 AM,SPXW,BLOCK,51,2.75,,PUT,5200,0,14025,8/14/2026,WHITE,0,37,F,INDEX,,F,T,0,0
7/8/2026,11:20:59 AM,SPXW,ML/,100,27.95,,CALL,7700,0,279500,8/10/2026,WHITE,0,33,F,INDEX,,F,T,0,0
7/8/2026,11:21:21 AM,RUTW,ML/,50,3.94,,CALL,3040,0,19700,7/16/2026,WHITE,0,8,F,INDEX,,F,T,0,0
7/8/2026,11:21:21 AM,RUTW,ML/,50,6.73,,CALL,3040,0,33650,7/20/2026,WHITE,0,12,F,INDEX,,F,T,0,0
7/8/2026,12:36:00 PM,SPXW,ML/,535,42.19,,PUT,7175,0,2257165,8/5/2026,WHITE,0,28,F,INDEX,,F,T,0,0
7/8/2026,4:03:37 PM,SPXW,ML/,600,94.34,,PUT,7500,0,5660400,7/29/2026,WHITE,0,21,F,INDEX,,F,T,0,0
7/8/2026,11:22:04 AM,SPX,ML/,300,181.18,,CALL,9000,0,5435400,12/17/2027,WHITE,0,527,F,INDEX,,F,F,0,0
7/8/2026,11:23:32 AM,SPX,ML/,75,195.4,,CALL,7485,0,1465500,9/18/2026,WHITE,0,72,F,INDEX,,F,F,0,0
7/8/2026,11:55:20 AM,SPX,ML/,210,193,,CALL,7485,0,4053000,9/18/2026,WHITE,0,72,F,INDEX,,F,F,0,0
7/8/2026,12:10:38 PM,SPX,ML/,51,200,,CALL,7485,0,1020000,9/18/2026,WHITE,0,72,F,INDEX,,F,F,0,0
7/8/2026,11:23:32 AM,SPX,ML/,75,197.4,,PUT,7485,0,1480500,9/18/2026,WHITE,0,72,F,INDEX,,F,F,0,0
7/8/2026,11:55:20 AM,SPX,ML/,210,201,,PUT,7485,0,4221000,9/18/2026,WHITE,0,72,F,INDEX,,F,F,0,0
7/8/2026,12:10:38 PM,SPX,ML/,51,193,,PUT,7485,0,984300,9/18/2026,WHITE,0,72,F,INDEX,,F,F,0,0
7/8/2026,11:22:35 AM,XSP,BLOCK,101,6.5,,PUT,700,0,65650,9/4/2026,WHITE,0,58,F,INDEX,,F,T,0,0
7/8/2026,1:54:26 PM,SPXW,ML/,200,65.91,,CALL,7850,0,1318199,9/30/2026,WHITE,0,84,F,INDEX,,F,T,0,0
7/8/2026,11:23:41 AM,SPX,ML/,500,3.79,,PUT,4400,0,189500,9/18/2026,WHITE,0,72,F,INDEX,,F,F,0,0
7/8/2026,11:23:41 AM,SPX,ML/,100,15,,PUT,5800,0,150000,9/18/2026,WHITE,0,72,F,INDEX,,F,F,0,0
7/8/2026,11:23:41 AM,SPX,ML/,500,0.71,,PUT,2900,0,35500,9/18/2026,WHITE,0,72,F,INDEX,,F,F,0,0
7/8/2026,11:49:56 AM,SPX,ML/,85,197.5,,CALL,7480,0,1678750,9/18/2026,WHITE,0,72,F,INDEX,,F,F,0,0
7/8/2026,1:04:14 PM,SPX,ML/,120,86.04,,PUT,6900,0,1032480,10/16/2026,WHITE,0,100,F,INDEX,,F,F,0,0
7/8/2026,3:50:45 PM,SPX,ML/,750,84.8,,PUT,6900,0,6360000,10/16/2026,WHITE,0,100,F,INDEX,,F,F,0,0
7/8/2026,11:27:28 AM,SPX,ML/,100,303.58,,CALL,7650,0,3035800,1/15/2027,WHITE,0,191,F,INDEX,,F,F,0,0
7/8/2026,3:52:50 PM,SPXW,ML/,60,7.15,,PUT,6000,0,42900,8/21/2026,WHITE,0,44,F,INDEX,,F,F,0,0
7/8/2026,11:28:14 AM,SPX,ML/,200,395.53,,PUT,5800,0,7910600,12/19/2031,WHITE,0,1990,F,INDEX,,F,F,0,0
7/8/2026,11:28:14 AM,SPX,ML/,200,161.03,,PUT,4300,0,3220600,12/20/2030,WHITE,0,1626,F,INDEX,,F,F,0,0
7/8/2026,11:32:40 AM,VIX,ML/,50,5.55,,PUT,23.5,0,27750,8/19/2026,WHITE,0,42,F,INDEX,,F,T,0,0
7/8/2026,11:37:06 AM,VIX,ML/,70,2.7,,CALL,22,0,18900,10/21/2026,WHITE,0,105,F,INDEX,,F,T,0,0
7/8/2026,11:29:57 AM,SPX,ML/,88,198.5,,PUT,7475,0,1746800,9/18/2026,WHITE,0,72,F,INDEX,,F,F,0,0
7/8/2026,11:34:51 AM,SPX,ML/,71,196,,PUT,7475,0,1391600,9/18/2026,WHITE,0,72,F,INDEX,,F,F,0,0
7/8/2026,11:37:33 AM,SPX,ML/,158,197,,PUT,7475,0,3112600,9/18/2026,WHITE,0,72,F,INDEX,,F,F,0,0
7/8/2026,11:30:14 AM,SPX,ML/,100,186.94,,PUT,7200,0,1869400,11/20/2026,WHITE,0,135,F,INDEX,,F,F,0,0
7/8/2026,11:30:14 AM,SPX,ML/,50,242.32,,PUT,7400,0,1211600,11/20/2026,WHITE,0,135,F,INDEX,,F,F,0,0
7/8/2026,11:32:41 AM,SPX,ML/,188,198,,PUT,7470,0,3722400,9/18/2026,WHITE,0,72,F,INDEX,,F,F,0,0
7/8/2026,11:34:45 AM,SPX,ML/,118,195,,PUT,7470,0,2301000,9/18/2026,WHITE,0,72,F,INDEX,,F,F,0,0
7/8/2026,11:32:41 AM,SPX,ML/,188,200,,CALL,7470,0,3760000,9/18/2026,WHITE,0,72,F,INDEX,,F,F,0,0
7/8/2026,11:34:45 AM,SPX,ML/,118,203,,CALL,7470,0,2395400,9/18/2026,WHITE,0,72,F,INDEX,,F,F,0,0
7/8/2026,11:32:27 AM,SPX,ML/,50,83.04,,CALL,8000,0,415200,11/20/2026,WHITE,0,135,F,INDEX,,F,F,0,0
7/8/2026,11:32:45 AM,SPX,ML/,50,83.19,,CALL,8000,0,415950,11/20/2026,WHITE,0,135,F,INDEX,,F,F,0,0
7/8/2026,11:32:40 AM,VIX,ML/,50,2.32,,PUT,19.5,0,11599,8/19/2026,WHITE,0,42,F,INDEX,,F,T,0,0
7/8/2026,12:21:43 PM,VIX,ML/,1000,2.44,,PUT,19.5,0,244000,8/19/2026,WHITE,0,42,F,INDEX,,F,T,0,0
7/8/2026,11:52:21 AM,VIX,ML/,7000,1.78,,CALL,28,0,1246000,10/21/2026,WHITE,0,105,F,INDEX,,F,T,0,0
7/8/2026,11:34:31 AM,SPX,ML/,100,214.31,,PUT,7200,0,2143100,12/18/2026,WHITE,0,163,F,INDEX,,F,F,0,0
7/8/2026,11:34:45 AM,SPX,ML/,250,561.85,,PUT,8000,0,14046250,12/18/2026,WHITE,0,163,F,INDEX,,F,F,0,0
7/8/2026,2:16:49 PM,SPX,ML/,2700,523.15,,PUT,8000,0,141250500,12/18/2026,WHITE,0,163,F,INDEX,,F,F,0,0
7/8/2026,11:34:51 AM,SPX,ML/,310,128.15,,CALL,8625,0,3972650,6/17/2027,WHITE,0,344,F,INDEX,,F,T,0,0
7/8/2026,11:36:51 AM,SPX,ML/,100,539,,PUT,7800,0,5390000,6/17/2027,WHITE,0,344,F,INDEX,,F,T,0,0
7/8/2026,12:42:05 PM,SPX,ML/,400,522.6,,PUT,7800,0,20904000,6/17/2027,WHITE,0,344,F,INDEX,,F,T,0,0
7/8/2026,11:41:13 AM,SPX,ML/,51,303.32,,CALL,7325,0,1546932,9/18/2026,WHITE,0,72,F,INDEX,,F,F,0,0
7/8/2026,12:05:00 PM,SPX,ML/,100,303.64,,CALL,7325,0,3036399,9/18/2026,WHITE,0,72,F,INDEX,,F,F,0,0
7/8/2026,12:45:07 PM,SPX,ML/,1000,629.9,,CALL,7000,0,62990000,10/16/2026,WHITE,0,100,F,INDEX,,F,F,0,0
7/8/2026,12:46:18 PM,SPX,ML/,500,629.9,,CALL,7000,0,31495000,10/16/2026,WHITE,0,100,F,INDEX,,F,F,0,0
7/8/2026,1:05:39 PM,SPX,ML/,4500,631.78,,CALL,7000,0,284301000,10/16/2026,WHITE,0,100,F,INDEX,,F,F,0,0
7/8/2026,4:02:53 PM,SPX,ML/,1900,635.68,,CALL,7000,0,120779200,10/16/2026,WHITE,0,100,F,INDEX,,F,F,0,0
7/8/2026,4:12:11 PM,SPX,ML/,100,635.68,,CALL,7000,0,6356799,10/16/2026,WHITE,0,100,F,INDEX,,F,F,0,0
7/8/2026,11:37:11 AM,SPX,ML/,250,837.2,,CALL,7500,0,20930000,12/17/2027,WHITE,0,527,F,INDEX,,F,F,0,0
7/8/2026,11:37:11 AM,SPX,ML/,250,516.5,,PUT,7500,0,12912500,12/17/2027,WHITE,0,527,F,INDEX,,F,F,0,0
7/8/2026,11:37:33 AM,SPXW,ML/,750,201.43,,PUT,7525,0,15107250,9/4/2026,WHITE,0,58,F,INDEX,,F,T,0,0
7/8/2026,11:57:12 AM,SPXW,ML/,200,201.43,,PUT,7525,0,4028600,9/4/2026,WHITE,0,58,F,INDEX,,F,T,0,0
7/8/2026,1:48:12 PM,SPX,ML/,200,18.6,,PUT,6650,0,372000,8/21/2026,WHITE,0,44,F,INDEX,,F,F,0,0
7/8/2026,1:49:53 PM,SPX,ML/,200,18.67,,PUT,6650,0,373400,8/21/2026,WHITE,0,44,F,INDEX,,F,F,0,0
7/8/2026,2:24:43 PM,RUT,ML/,260,128.13,,PUT,3050,0,3331379,8/21/2026,WHITE,0,44,F,INDEX,,F,F,0,0
7/8/2026,11:41:34 AM,SPX,ML/,80,99.1148,,CALL,7560,0,792918,8/21/2026,WHITE,0,44,F,INDEX,,F,F,0,0
7/8/2026,11:41:34 AM,SPX,ML/,80,129.9529,,CALL,7610,0,1039623,9/18/2026,WHITE,0,72,F,INDEX,,F,F,0,0
7/8/2026,11:42:29 AM,RUT,ML/,500,11.33,,CALL,3170,0,566500,8/21/2026,WHITE,0,44,F,INDEX,,F,F,0,0
7/8/2026,11:42:29 AM,RUT,ML/,500,93.35,,PUT,2640,0,4667500,3/19/2027,WHITE,0,254,F,INDEX,,F,F,0,0
7/8/2026,11:42:29 AM,RUT,ML/,160,109,,CALL,2950,0,1744000,9/18/2026,WHITE,0,72,F,INDEX,,F,F,0,0
7/8/2026,11:42:44 AM,SPX,ML/,113,22.71,,CALL,8550,0,256623,12/18/2026,WHITE,0,163,F,INDEX,,F,F,0,0
7/8/2026,11:42:44 AM,SPX,ML/,113,46.31,,CALL,8325,0,523303,12/18/2026,WHITE,0,163,F,INDEX,,F,F,0,0
7/8/2026,11:42:45 AM,SPX,BLOCK,150,1.4,,PUT,4250,0,21000,8/21/2026,WHITE,0,44,F,INDEX,,F,F,0,0
7/8/2026,11:48:15 AM,SPXW,ML/,50,126.05,,CALL,7430,0,630250,8/3/2026,WHITE,0,26,F,INDEX,,F,T,0,0
7/8/2026,11:49:48 AM,SPX,ML/,51,120.15,,PUT,7220,0,612765,9/18/2026,WHITE,0,72,F,INDEX,,F,F,0,0
7/8/2026,12:24:29 PM,SPX,ML/,50,52,,PUT,6770,0,260000,9/18/2026,WHITE,0,72,F,INDEX,,F,F,0,0
7/8/2026,11:51:47 AM,SPX,ML/,72,14.45,,PUT,5750,0,104039,9/18/2026,WHITE,0,72,F,INDEX,,F,F,0,0
7/8/2026,11:51:54 AM,SPX,ML/,142,14.47,,PUT,5750,0,205473,9/18/2026,WHITE,0,72,F,INDEX,,F,F,0,0
7/8/2026,11:52:55 AM,SPX,ML/,74,14.45,,PUT,5750,0,106930,9/18/2026,WHITE,0,72,F,INDEX,,F,F,0,0
7/8/2026,11:51:54 AM,SPX,ML/,71,27.8,,PUT,6290,0,197380,9/18/2026,WHITE,0,72,F,INDEX,,F,F,0,0
7/8/2026,11:51:54 AM,SPXW,ML/,142,0.82,,PUT,5400,0,11644,7/23/2026,WHITE,0,15,F,INDEX,,F,T,0,0
7/8/2026,1:24:16 PM,XSP,ML/,198,1.2,,PUT,680,0,23760,8/5/2026,WHITE,0,28,F,INDEX,,F,T,0,0
7/8/2026,11:53:59 AM,SPXW,BLOCK,51,4.7,,PUT,6500,0,23970,7/28/2026,WHITE,0,20,F,INDEX,,F,T,0,0
7/8/2026,11:55:20 AM,SPX,ML/,740,157.33,,PUT,6925,0,11642420,12/18/2026,WHITE,0,163,F,INDEX,,F,F,0,0
7/8/2026,11:55:20 AM,SPX,ML/,270,315.8337,,CALL,7300,0,8527510,9/18/2026,WHITE,0,72,F,INDEX,,F,F,0,0
7/8/2026,1:41:48 PM,SPXW,ML/,60,107.48,,PUT,7490,0,644880,8/5/2026,WHITE,0,28,F,INDEX,,F,T,0,0
7/8/2026,11:56:12 AM,SPX,ML/,360,69.7419,,PUT,6150,0,2510709,12/18/2026,WHITE,0,163,F,INDEX,,F,F,0,0
7/8/2026,11:56:53 AM,SPX,ML/,120,69.9998,,PUT,6150,0,839998,12/18/2026,WHITE,0,163,F,INDEX,,F,F,0,0
7/8/2026,11:56:12 AM,SPX,ML/,360,159.9012,,PUT,6200,0,5756444,6/17/2027,WHITE,0,344,F,INDEX,,F,T,0,0
7/8/2026,11:56:53 AM,SPX,ML/,120,160.4753,,PUT,6200,0,1925703,6/17/2027,WHITE,0,344,F,INDEX,,F,T,0,0
7/8/2026,11:57:32 AM,SPX,ML/,100,133.45,,PUT,6775,0,1334500,12/18/2026,WHITE,0,163,F,INDEX,,F,F,0,0
7/8/2026,11:57:32 AM,SPX,ML/,100,51.85,,PUT,6725,0,518500,9/18/2026,WHITE,0,72,F,INDEX,,F,F,0,0
7/8/2026,11:57:32 AM,SPX,ML/,100,260.76,,CALL,7650,0,2607600,12/18/2026,WHITE,0,163,F,INDEX,,F,F,0,0
7/8/2026,11:57:32 AM,SPX,ML/,100,800.42,,CALL,6725,0,8004200,9/18/2026,WHITE,0,72,F,INDEX,,F,F,0,0
7/8/2026,11:57:32 AM,SPX,ML/,100,362.19,,PUT,7650,0,3621900,12/18/2026,WHITE,0,163,F,INDEX,,F,F,0,0
7/8/2026,11:57:32 AM,SPX,ML/,100,889.63,,CALL,6775,0,8896300,12/18/2026,WHITE,0,163,F,INDEX,,F,F,0,0
7/8/2026,11:57:32 AM,SPX,ML/,100,444.81,,PUT,7700,0,4448100,3/19/2027,WHITE,0,254,F,INDEX,,F,F,0,0
7/8/2026,11:57:32 AM,SPX,ML/,100,370.25,,CALL,7700,0,3702500,3/19/2027,WHITE,0,254,F,INDEX,,F,F,0,0
7/8/2026,2:18:00 PM,RUTW,ML/,100,9.06,,PUT,2840,0,90600,7/17/2026,WHITE,0,9,F,INDEX,,F,F,0,0
7/8/2026,3:37:51 PM,SPX,ML/,80,194,,CALL,8500,0,1552000,7/16/2027,WHITE,0,373,F,INDEX,,F,F,0,0
7/8/2026,12:24:29 PM,SPX,ML/,50,74.74,,PUT,6990,0,373699,9/18/2026,WHITE,0,72,F,INDEX,,F,F,0,0
7/8/2026,3:36:18 PM,SPXW,ML/,59,35.49,,CALL,7680,0,209391,8/7/2026,WHITE,0,30,F,INDEX,,F,T,0,0
7/8/2026,4:36:19 PM,SPX,BLOCK,50,715.57,,CALL,6800,0,3577850,8/21/2026,WHITE,0,44,F,INDEX,,F,F,0,0
7/8/2026,12:05:02 PM,SPX,ML/,50,122.99,,CALL,7515,0,614950,8/21/2026,WHITE,0,44,F,INDEX,,F,F,0,0
7/8/2026,12:09:53 PM,SPXW,ML/,150,61.94,,CALL,7600,0,929100,8/11/2026,WHITE,0,34,F,INDEX,,F,T,0,0
7/8/2026,4:37:34 PM,SPXW,BLOCK,50,159.3806,,PUT,7300,0,796903,10/16/2026,WHITE,0,100,F,INDEX,,F,F,0,0
7/8/2026,4:37:34 PM,SPXW,BLOCK,50,147.4296,,PUT,7250,0,737148,10/16/2026,WHITE,0,100,F,INDEX,,F,F,0,0
7/8/2026,12:31:03 PM,SPXW,ML/,120,0.97,,PUT,5000,0,11640,8/3/2026,WHITE,0,26,F,INDEX,,F,T,0,0
7/8/2026,3:25:08 PM,SPXW,ML/,201,0.87,,PUT,5000,0,17487,8/3/2026,WHITE,0,26,F,INDEX,,F,T,0,0
7/8/2026,1:35:30 PM,SPX,ML/,66,109,,PUT,7260,0,719400,9/18/2026,WHITE,0,72,F,INDEX,,F,F,0,0
7/8/2026,3:59:41 PM,SPXW,BLOCK,50,2,,CALL,7655,0,10000,7/16/2026,WHITE,0,8,F,INDEX,,F,T,0,0
7/8/2026,12:15:14 PM,NDX,ML/,240,17.03,,CALL,33600,0,408720,8/21/2026,WHITE,0,44,F,INDEX,,F,F,0,0
7/8/2026,12:15:14 PM,NDX,ML/,80,2273.59,,CALL,31500,0,18188720,6/17/2027,WHITE,0,344,F,INDEX,,F,T,0,0
7/8/2026,12:16:09 PM,RUT,ML/,50,43.87,,CALL,3110,0,219350,9/18/2026,WHITE,0,72,F,INDEX,,F,F,0,0
7/8/2026,12:16:09 PM,RUT,ML/,50,50.02,,CALL,3090,0,250100,9/18/2026,WHITE,0,72,F,INDEX,,F,F,0,0
7/8/2026,12:16:09 PM,RUTW,ML/,50,36.26,,CALL,3060,0,181300,8/21/2026,WHITE,0,44,F,INDEX,,F,F,0,0
7/8/2026,12:16:09 PM,RUTW,ML/,50,30.18,,CALL,3080,0,150900,8/21/2026,WHITE,0,44,F,INDEX,,F,F,0,0
7/8/2026,12:16:27 PM,SPX,ML/,300,14.5,,PUT,4400,0,435000,12/18/2026,WHITE,0,163,F,INDEX,,F,F,0,0
7/8/2026,3:56:44 PM,SPX,ML/,50,139.8068,,CALL,7620,0,699034,9/18/2026,WHITE,0,72,F,INDEX,,F,F,0,0
7/8/2026,12:21:43 PM,VIX,ML/,500,4.86,,PUT,22.5,0,243000,8/19/2026,WHITE,0,42,F,INDEX,,F,T,0,0
7/8/2026,12:22:56 PM,SPX,ML/,150,148.8,,PUT,6500,0,2232000,3/19/2027,WHITE,0,254,F,INDEX,,F,F,0,0
7/8/2026,12:54:08 PM,SPXW,ML/,70,1.7,,PUT,5000,0,11900,8/13/2026,WHITE,0,36,F,INDEX,,F,T,0,0
7/8/2026,3:38:19 PM,SPXW,BLOCK,290,0.7,,PUT,6800,0,20300,7/14/2026,WHITE,0,6,F,INDEX,,F,T,0,0
7/8/2026,12:27:49 PM,SPX,ML/,200,107.5,,CALL,8400,0,2150000,3/19/2027,WHITE,0,254,F,INDEX,,F,F,0,0
7/8/2026,12:29:33 PM,SPXW,ML/,75,10.83,,PUT,6000,0,81225,8/31/2026,WHITE,0,54,F,INDEX,,F,T,0,0
7/8/2026,12:29:33 PM,SPXW,ML/,225,7.17,,PUT,5650,0,161325,8/31/2026,WHITE,0,54,F,INDEX,,F,T,0,0
7/8/2026,12:29:33 PM,SPXW,ML/,75,11.03,,PUT,6020,0,82725,8/31/2026,WHITE,0,54,F,INDEX,,F,T,0,0
7/8/2026,12:30:04 PM,SPX,ML/,100,57.3,,PUT,4500,0,573000,9/17/2027,WHITE,0,436,F,INDEX,,F,F,0,0
7/8/2026,12:30:20 PM,SPX,ML/,450,56,,CALL,8700,0,2520000,3/19/2027,WHITE,0,254,F,INDEX,,F,F,0,0
7/8/2026,12:31:03 PM,SPX,ML/,80,5.66,,PUT,5760,0,45280,8/21/2026,WHITE,0,44,F,INDEX,,F,F,0,0
7/8/2026,3:25:08 PM,SPX,ML/,134,5.25,,PUT,5760,0,70350,8/21/2026,WHITE,0,44,F,INDEX,,F,F,0,0
7/8/2026,3:25:08 PM,SPX,ML/,67,7.79,,PUT,6080,0,52192,8/21/2026,WHITE,0,44,F,INDEX,,F,F,0,0
7/8/2026,2:29:25 PM,SPX,ML/,94,99.47,,PUT,6770,0,935018,11/20/2026,WHITE,0,135,F,INDEX,,F,F,0,0
7/8/2026,12:33:58 PM,SPXW,ML/,200,533.574,,CALL,6975,0,10671480,8/10/2026,WHITE,0,33,F,INDEX,,F,T,0,0
7/8/2026,12:33:58 PM,SPXW,ML/,240,355.77,,CALL,7175,0,8538480,8/10/2026,WHITE,0,33,F,INDEX,,F,T,0,0
7/8/2026,3:40:31 PM,SPX,BLOCK,50,2.65,,PUT,6990,0,13250,7/17/2026,WHITE,0,9,F,INDEX,,F,F,0,0
7/8/2026,12:35:33 PM,SPXW,ML/,75,519.8,,PUT,8000,0,3898500,10/30/2026,WHITE,0,114,F,INDEX,,F,T,0,0
7/8/2026,12:36:42 PM,SPX,BLOCK,100,17.5,,PUT,3800,0,175000,3/19/2027,WHITE,0,254,F,INDEX,,F,F,0,0
7/8/2026,12:42:35 PM,SPXW,BLOCK,55,6.7,,PUT,5100,0,36850,9/18/2026,WHITE,0,72,F,INDEX,,F,F,0,0
7/8/2026,1:39:50 PM,SPX,ML/,100,72.6,,CALL,7780,0,725999,9/18/2026,WHITE,0,72,F,INDEX,,F,F,0,0
7/8/2026,12:40:56 PM,SPXW,ML/,100,172.89,,CALL,7500,0,1728900,9/4/2026,WHITE,0,58,F,INDEX,,F,T,0,0
7/8/2026,12:40:56 PM,SPXW,ML/,100,171.7,,PUT,7500,0,1717000,9/4/2026,WHITE,0,58,F,INDEX,,F,T,0,0
7/8/2026,12:42:05 PM,SPX,ML/,600,209.44,,PUT,6600,0,12566400,6/17/2027,WHITE,0,344,F,INDEX,,F,T,0,0
7/8/2026,12:45:07 PM,SPX,ML/,1000,508.6,,PUT,8000,0,50860000,10/16/2026,WHITE,0,100,F,INDEX,,F,F,0,0
7/8/2026,12:46:18 PM,SPX,ML/,500,508.6,,PUT,8000,0,25430000,10/16/2026,WHITE,0,100,F,INDEX,,F,F,0,0
7/8/2026,1:05:39 PM,SPX,ML/,4500,504.98,,PUT,8000,0,227241000,10/16/2026,WHITE,0,100,F,INDEX,,F,F,0,0
7/8/2026,4:02:53 PM,SPX,ML/,1900,500.05,,PUT,8000,0,95009500,10/16/2026,WHITE,0,100,F,INDEX,,F,F,0,0
7/8/2026,4:12:11 PM,SPX,ML/,100,500.05,,PUT,8000,0,5000500,10/16/2026,WHITE,0,100,F,INDEX,,F,F,0,0
7/8/2026,2:15:59 PM,XSP,BLOCK,221,3.82,,PUT,720,0,84421,8/5/2026,WHITE,0,28,F,INDEX,,F,T,0,0
7/8/2026,12:48:02 PM,SPX,ML/,600,36.8,,PUT,6230,0,2208000,10/16/2026,WHITE,0,100,F,INDEX,,F,F,0,0
7/8/2026,12:53:02 PM,SPX,ML/,120,36.15,,PUT,6230,0,433800,10/16/2026,WHITE,0,100,F,INDEX,,F,F,0,0
7/8/2026,12:53:49 PM,SPX,ML/,180,36.8,,PUT,6230,0,662399,10/16/2026,WHITE,0,100,F,INDEX,,F,F,0,0
7/8/2026,3:18:22 PM,SPX,BLOCK,64,10.9,,CALL,8800,0,69760,12/18/2026,WHITE,0,163,F,INDEX,,F,F,0,0
7/8/2026,1:31:54 PM,SPXW,ML/,50,3.56,,PUT,5700,0,17800,8/14/2026,WHITE,0,37,F,INDEX,,F,T,0,0
7/8/2026,2:37:15 PM,SPX,ML/,1200,142.65,,PUT,6800,0,17118000,1/15/2027,WHITE,0,191,F,INDEX,,F,F,0,0
7/8/2026,2:38:20 PM,SPX,ML/,800,142.78,,PUT,6800,0,11422400,1/15/2027,WHITE,0,191,F,INDEX,,F,F,0,0
7/8/2026,2:45:31 PM,SPX,ML/,88,142.78,,PUT,6800,0,1256464,1/15/2027,WHITE,0,191,F,INDEX,,F,F,0,0
7/8/2026,2:47:55 PM,SPX,ML/,800,142.78,,PUT,6800,0,11422400,1/15/2027,WHITE,0,191,F,INDEX,,F,F,0,0
7/8/2026,2:59:09 PM,SPX,ML/,180,142.78,,PUT,6800,0,2570040,1/15/2027,WHITE,0,191,F,INDEX,,F,F,0,0
7/8/2026,2:59:11 PM,SPX,ML/,180,142.78,,PUT,6800,0,2570040,1/15/2027,WHITE,0,191,F,INDEX,,F,F,0,0
7/8/2026,12:53:30 PM,VIX,ML/,300,2.43,,CALL,23,0,72900,10/21/2026,WHITE,0,105,F,INDEX,,F,T,0,0
7/8/2026,1:12:19 PM,VIX,BLOCK,490,0.68,,CALL,55,0,33320,11/18/2026,WHITE,0,133,F,INDEX,,F,T,0,0
7/8/2026,3:01:42 PM,SPX,ML/,138,4.12,,PUT,3000,0,56856,12/18/2026,WHITE,0,163,F,INDEX,,F,F,0,0
7/8/2026,12:54:44 PM,SPX,ML/,500,390,,CALL,8000,0,19500000,7/16/2027,WHITE,0,373,F,INDEX,,F,F,0,0
7/8/2026,12:57:35 PM,VIX,ML/,401,6.07,,PUT,24,0,243407,9/16/2026,WHITE,0,70,F,INDEX,,F,T,0,0
7/8/2026,1:04:14 PM,SPX,ML/,120,60.61,,CALL,7950,0,727320,10/16/2026,WHITE,0,100,F,INDEX,,F,F,0,0
7/8/2026,1:04:37 PM,XSP,BLOCK,316,7.94,,PUT,685,0,250904,10/16/2026,WHITE,0,100,F,INDEX,,F,F,0,0
7/8/2026,1:05:56 PM,SPX,ML/,641,522.05,,CALL,7750,0,33463405,7/16/2027,WHITE,0,373,F,INDEX,,F,F,0,0
7/8/2026,1:05:56 PM,SPX,ML/,69,289.99,,CALL,7625,0,2000931,12/18/2026,WHITE,0,163,F,INDEX,,F,F,0,0
7/8/2026,1:10:50 PM,SPX,ML/,50,7.5008,,CALL,10200,0,37504,6/17/2027,WHITE,0,344,F,INDEX,,F,T,0,0
7/8/2026,1:10:50 PM,SPX,ML/,100,3.5924,,CALL,10800,0,35924,6/17/2027,WHITE,0,344,F,INDEX,,F,T,0,0
7/8/2026,1:11:22 PM,SPX,ML/,75,75.06,,CALL,7630,0,562950,8/21/2026,WHITE,0,44,F,INDEX,,F,F,0,0
7/8/2026,1:13:36 PM,SPX,ML/,150,347.18,,PUT,6900,0,5207700,12/17/2027,WHITE,0,527,F,INDEX,,F,F,0,0
7/8/2026,1:14:25 PM,SPX,ML/,50,347.18,,PUT,6900,0,1735900,12/17/2027,WHITE,0,527,F,INDEX,,F,F,0,0
7/8/2026,1:15:08 PM,SPXW,ML/,120,224.5083,,CALL,8350,0,2694100,6/30/2027,WHITE,0,357,F,INDEX,,F,T,0,0
7/8/2026,1:15:08 PM,SPXW,ML/,300,89.27,,PUT,5450,0,2678100,6/30/2027,WHITE,0,357,F,INDEX,,F,T,0,0
7/8/2026,1:16:09 PM,SPX,ML/,100,90.0397,,CALL,7725,0,900397,9/18/2026,WHITE,0,72,F,INDEX,,F,F,0,0
7/8/2026,1:19:49 PM,SPX,ML/,100,90.94,,CALL,7725,0,909400,9/18/2026,WHITE,0,72,F,INDEX,,F,F,0,0
7/8/2026,1:17:13 PM,SPX,ML/,160,438.87,,CALL,7175,0,7021920,9/18/2026,WHITE,0,72,F,INDEX,,F,F,0,0
7/8/2026,1:17:13 PM,SPX,ML/,160,385.77,,CALL,7175,0,6172320,8/21/2026,WHITE,0,44,F,INDEX,,F,F,0,0
7/8/2026,1:24:16 PM,XSP,ML/,198,2.79,,PUT,710,0,55241,8/5/2026,WHITE,0,28,F,INDEX,,F,T,0,0
7/8/2026,2:40:32 PM,SPXW,ML/,200,65.7,,PUT,7385,0,1314000,7/31/2026,WHITE,0,23,F,INDEX,,F,T,0,0
7/8/2026,1:24:32 PM,SPX,ML/,80,140,,PUT,6000,0,1120000,7/16/2027,WHITE,0,373,F,INDEX,,F,F,0,0
7/8/2026,2:39:50 PM,SPX,ML/,350,140,,PUT,6000,0,4900000,7/16/2027,WHITE,0,373,F,INDEX,,F,F,0,0
7/8/2026,1:24:32 PM,SPX,ML/,80,301,,CALL,8200,0,2408000,7/16/2027,WHITE,0,373,F,INDEX,,F,F,0,0
7/8/2026,2:39:50 PM,SPX,ML/,350,299,,CALL,8200,0,10465000,7/16/2027,WHITE,0,373,F,INDEX,,F,F,0,0
7/8/2026,1:26:15 PM,SPXW,ML/,192,4.83,,PUT,5700,0,92736,8/21/2026,WHITE,0,44,F,INDEX,,F,F,0,0
7/8/2026,1:26:15 PM,SPXW,ML/,96,8.11,,PUT,6120,0,77856,8/21/2026,WHITE,0,44,F,INDEX,,F,F,0,0
7/8/2026,1:26:15 PM,SPXW,ML/,288,0.35,,PUT,5750,0,10080,7/17/2026,WHITE,0,9,F,INDEX,,F,F,0,0
7/8/2026,1:27:24 PM,SPXW,ML/,55,8.92,,PUT,6200,0,49060,8/21/2026,WHITE,0,44,F,INDEX,,F,F,0,0
7/8/2026,1:27:29 PM,SPXW,ML/,85,104.06,,PUT,7580,0,884510,7/14/2026,WHITE,0,6,F,INDEX,,F,T,0,0
7/8/2026,1:52:24 PM,SPXW,ML/,100,123.5,,CALL,7500,0,1235000,8/12/2026,WHITE,0,35,F,INDEX,,F,T,0,0
7/8/2026,1:57:54 PM,SPXW,BLOCK,53,2.65,,PUT,6700,0,14044,7/22/2026,WHITE,0,14,F,INDEX,,F,T,0,0
7/8/2026,1:31:12 PM,XSP,ML/,50,2.85,,CALL,770,0,14250,8/6/2026,WHITE,0,29,F,INDEX,,F,T,0,0
7/8/2026,1:35:30 PM,SPX,ML/,66,111.1,,PUT,7270,0,733260,9/18/2026,WHITE,0,72,F,INDEX,,F,F,0,0
7/8/2026,1:38:36 PM,VIX,ML/,2500,0.83,,CALL,36,0,207500,9/16/2026,WHITE,0,70,F,INDEX,,F,T,0,0
7/8/2026,2:31:13 PM,VIX,ML/,304,0.84,,CALL,36,0,25536,9/16/2026,WHITE,0,70,F,INDEX,,F,T,0,0
7/8/2026,2:44:11 PM,VIX,ML/,302,0.85,,CALL,36,0,25670,9/16/2026,WHITE,0,70,F,INDEX,,F,T,0,0
7/8/2026,3:07:32 PM,VIX,ML/,142,0.85,,CALL,36,0,12070,9/16/2026,WHITE,0,70,F,INDEX,,F,T,0,0
7/8/2026,3:15:39 PM,SPX,ML/,60,112.02,,CALL,8500,0,672120,4/16/2027,WHITE,0,282,F,INDEX,,F,F,0,0
7/8/2026,1:41:48 PM,SPXW,ML/,60,109.9717,,PUT,7490,0,659830,8/6/2026,WHITE,0,29,F,INDEX,,F,T,0,0
7/8/2026,1:44:21 PM,SPX,ML/,700,120.04,,CALL,8700,0,8402800,6/17/2027,WHITE,0,344,F,INDEX,,F,T,0,0
7/8/2026,3:50:29 PM,SPX,BLOCK,50,8,,PUT,5350,0,40000,9/18/2026,WHITE,0,72,F,INDEX,,F,F,0,0
7/8/2026,4:36:19 PM,SPX,BLOCK,50,1002.57,,CALL,6500,0,5012850,8/21/2026,WHITE,0,44,F,INDEX,,F,F,0,0
7/8/2026,1:50:10 PM,SPXW,ML/,93,4.89,,PUT,7080,0,45477,7/17/2026,WHITE,0,9,F,INDEX,,F,F,0,0
7/8/2026,1:55:31 PM,SPX,ML/,100,477.25,,CALL,7125,0,4772500,9/18/2026,WHITE,0,72,F,INDEX,,F,F,0,0
7/8/2026,1:55:31 PM,SPX,ML/,100,426,,CALL,7125,0,4260000,8/21/2026,WHITE,0,44,F,INDEX,,F,F,0,0
7/8/2026,1:56:16 PM,SPX,ML/,80,22.77,,PUT,4200,0,182160,3/19/2027,WHITE,0,254,F,INDEX,,F,F,0,0
7/8/2026,1:56:17 PM,SPX,ML/,80,22.84,,PUT,4200,0,182720,3/19/2027,WHITE,0,254,F,INDEX,,F,F,0,0
7/8/2026,1:56:16 PM,SPX,ML/,80,43.67,,PUT,5075,0,349360,3/19/2027,WHITE,0,254,F,INDEX,,F,F,0,0
7/8/2026,1:56:17 PM,SPX,ML/,80,43.64,,PUT,5075,0,349120,3/19/2027,WHITE,0,254,F,INDEX,,F,F,0,0
7/8/2026,1:59:58 PM,SPX,ML/,345,213,,PUT,6950,0,7348500,3/19/2027,WHITE,0,254,F,INDEX,,F,F,0,0
7/8/2026,2:37:15 PM,SPX,ML/,1200,72.85,,PUT,6500,0,8741999,11/20/2026,WHITE,0,135,F,INDEX,,F,F,0,0
7/8/2026,2:38:20 PM,SPX,ML/,800,72.78,,PUT,6500,0,5822400,11/20/2026,WHITE,0,135,F,INDEX,,F,F,0,0
7/8/2026,2:45:33 PM,SPX,ML/,88,72.78,,PUT,6500,0,640464,11/20/2026,WHITE,0,135,F,INDEX,,F,F,0,0
7/8/2026,2:47:55 PM,SPX,ML/,800,72.78,,PUT,6500,0,5822400,11/20/2026,WHITE,0,135,F,INDEX,,F,F,0,0
7/8/2026,2:57:57 PM,SPX,ML/,180,72.78,,PUT,6500,0,1310040,11/20/2026,WHITE,0,135,F,INDEX,,F,F,0,0
7/8/2026,2:57:58 PM,SPX,ML/,180,72.78,,PUT,6500,0,1310040,11/20/2026,WHITE,0,135,F,INDEX,,F,F,0,0
7/8/2026,2:09:31 PM,SPX,ML/,2000,91,,CALL,7850,0,18200000,10/16/2026,WHITE,0,100,F,INDEX,,F,F,0,0
7/8/2026,3:55:26 PM,SPXW,ML/,165,1.15,,PUT,6300,0,18974,7/22/2026,WHITE,0,14,F,INDEX,,F,T,0,0
7/8/2026,2:13:21 PM,SPX,ML/,99,13.6,,PUT,4100,0,134640,1/15/2027,WHITE,0,191,F,INDEX,,F,F,0,0
7/8/2026,2:18:32 PM,SPX,ML/,200,2.4,,PUT,2200,0,48000,1/15/2027,WHITE,0,191,F,INDEX,,F,F,0,0
7/8/2026,2:18:32 PM,SPX,ML/,200,0.6,,PUT,2200,0,12000,10/16/2026,WHITE,0,100,F,INDEX,,F,F,0,0
7/8/2026,2:19:22 PM,RUTW,ML/,80,107.75,,PUT,2950,0,862000,9/30/2026,WHITE,0,84,F,INDEX,,F,T,0,0
7/8/2026,2:27:05 PM,SPX,ML/,80,53.5,,CALL,8600,0,428000,2/19/2027,WHITE,0,226,F,INDEX,,F,F,0,0
7/8/2026,2:36:17 PM,SPX,BLOCK,92,19.6,,PUT,4850,0,180320,12/18/2026,WHITE,0,163,F,INDEX,,F,F,0,0
7/8/2026,2:22:45 PM,NDXP,ML/,152,874.05,,PUT,29200,0,13285560,8/12/2026,WHITE,0,35,F,INDEX,,F,T,0,0
7/8/2026,2:22:45 PM,NDXP,ML/,152,967.85,,CALL,29200,0,14711320,8/12/2026,WHITE,0,35,F,INDEX,,F,T,0,0
7/8/2026,2:24:43 PM,RUT,ML/,780,90.39,,CALL,2950,0,7050420,8/21/2026,WHITE,0,44,F,INDEX,,F,F,0,0
7/8/2026,3:32:56 PM,RUT,ML/,550,89.9,,CALL,2950,0,4944500,8/21/2026,WHITE,0,44,F,INDEX,,F,F,0,0
7/8/2026,2:27:05 PM,SPX,ML/,80,32.1,,CALL,8800,0,256800,2/19/2027,WHITE,0,226,F,INDEX,,F,F,0,0
7/8/2026,2:29:25 PM,SPX,ML/,188,143.72,,PUT,7075,0,2701936,11/20/2026,WHITE,0,135,F,INDEX,,F,F,0,0
7/8/2026,2:29:25 PM,SPX,ML/,94,213.32,,PUT,7380,0,2005207,11/20/2026,WHITE,0,135,F,INDEX,,F,F,0,0
7/8/2026,3:47:47 PM,VIX,ML/,132,1.08,,CALL,40,0,14256,11/18/2026,WHITE,0,133,F,INDEX,,F,T,0,0
7/8/2026,2:37:45 PM,SPX,ML/,250,137.6,,PUT,5500,0,3440000,12/17/2027,WHITE,0,527,F,INDEX,,F,F,0,0
7/8/2026,3:15:39 PM,SPX,ML/,90,6.32,,CALL,8475,0,56880,10/16/2026,WHITE,0,100,F,INDEX,,F,F,0,0
7/8/2026,2:40:32 PM,SPX,ML/,300,136.92,,CALL,8300,0,4107599,3/19/2027,WHITE,0,254,F,INDEX,,F,F,0,0
7/8/2026,2:42:20 PM,SPX,ML/,97,306.29,,CALL,7275,0,2971013,8/21/2026,WHITE,0,44,F,INDEX,,F,F,0,0
7/8/2026,2:46:36 PM,SPX,ML/,300,61.625,,PUT,6125,0,1848750,12/18/2026,WHITE,0,163,F,INDEX,,F,F,0,0
7/8/2026,2:55:00 PM,SPXW,BLOCK,52,1.95,,PUT,5600,0,10140,8/5/2026,WHITE,0,28,F,INDEX,,F,T,0,0
7/8/2026,2:56:44 PM,SPXW,BLOCK,61,1.95,,PUT,5600,0,11894,8/5/2026,WHITE,0,28,F,INDEX,,F,T,0,0
7/8/2026,2:57:55 PM,SPXW,BLOCK,53,1.95,,PUT,5600,0,10335,8/5/2026,WHITE,0,28,F,INDEX,,F,T,0,0
7/8/2026,2:48:29 PM,SPXW,ML/,100,721.35,,CALL,7400,0,7213500,6/30/2027,WHITE,0,357,F,INDEX,,F,T,0,0
7/8/2026,2:49:24 PM,SPX,ML/,127,230.69,,PUT,7550,0,2929763,10/16/2026,WHITE,0,100,F,INDEX,,F,F,0,0
7/8/2026,3:56:06 PM,RUTW,BLOCK,180,104,,PUT,3060,0,1872000,7/9/2026,WHITE,0,1,F,INDEX,,F,T,0,0
7/8/2026,2:54:01 PM,SPXW,BLOCK,262,0.55,,CALL,9000,0,14410,9/18/2026,WHITE,0,72,F,INDEX,,F,F,0,0
7/8/2026,2:54:46 PM,SPX,ML/,375,2.078,,PUT,6940,0,77925,7/17/2026,WHITE,0,9,F,INDEX,,F,F,0,0
7/8/2026,3:00:38 PM,SPX,ML/,215,1.99,,PUT,6940,0,42785,7/17/2026,WHITE,0,9,F,INDEX,,F,F,0,0
7/8/2026,3:00:40 PM,SPX,ML/,245,1.99,,PUT,6940,0,48754,7/17/2026,WHITE,0,9,F,INDEX,,F,F,0,0
7/8/2026,3:00:41 PM,SPX,ML/,245,1.96,,PUT,6940,0,48020,7/17/2026,WHITE,0,9,F,INDEX,,F,F,0,0
7/8/2026,3:00:42 PM,SPX,ML/,60,1.96,,PUT,6940,0,11760,7/17/2026,WHITE,0,9,F,INDEX,,F,F,0,0
7/8/2026,3:03:37 PM,SPX,ML/,60,2.1475,,PUT,6940,0,12885,7/17/2026,WHITE,0,9,F,INDEX,,F,F,0,0
7/8/2026,3:05:13 PM,SPX,ML/,65,2.12,,PUT,6940,0,13780,7/17/2026,WHITE,0,9,F,INDEX,,F,F,0,0
7/8/2026,3:07:24 PM,SPX,ML/,65,2.13,,PUT,6940,0,13844,7/17/2026,WHITE,0,9,F,INDEX,,F,F,0,0
7/8/2026,3:07:28 PM,SPX,ML/,80,2.13,,PUT,6940,0,17039,7/17/2026,WHITE,0,9,F,INDEX,,F,F,0,0
7/8/2026,3:09:10 PM,SPX,ML/,50,2.15,,PUT,6940,0,10750,7/17/2026,WHITE,0,9,F,INDEX,,F,F,0,0
7/8/2026,3:09:49 PM,SPX,ML/,85,2.1406,,PUT,6940,0,18195,7/17/2026,WHITE,0,9,F,INDEX,,F,F,0,0
7/8/2026,2:56:10 PM,SPXW,ML/,63,2.19,,PUT,5980,0,13797,7/31/2026,WHITE,0,23,F,INDEX,,F,T,0,0
7/8/2026,3:07:29 PM,XSP,BLOCK,101,7.57,,CALL,748,0,76457,7/22/2026,WHITE,0,14,F,INDEX,,F,T,0,0
7/8/2026,3:08:45 PM,SPX,ML/,100,262.7,,CALL,7600,0,2627000,11/20/2026,WHITE,0,135,F,INDEX,,F,F,0,0
7/8/2026,3:09:50 PM,XSP,ML/,80,3.32,,PUT,712,0,26559,8/7/2026,WHITE,0,30,F,INDEX,,F,T,0,0
7/8/2026,3:15:39 PM,SPX,ML/,60,129.52,,CALL,8425,0,777120,4/16/2027,WHITE,0,282,F,INDEX,,F,F,0,0
7/8/2026,3:15:39 PM,SPX,ML/,90,8.72,,CALL,8400,0,78480,10/16/2026,WHITE,0,100,F,INDEX,,F,F,0,0
7/8/2026,3:17:54 PM,XSP,ML/,75,3.04,,PUT,710,0,22800,8/6/2026,WHITE,0,29,F,INDEX,,F,T,0,0
7/8/2026,3:20:55 PM,SPX,BLOCK,111,1,,PUT,2600,0,11100,10/16/2026,WHITE,0,100,F,INDEX,,F,F,0,0
7/8/2026,3:36:00 PM,SPX,BLOCK,167,1,,PUT,2600,0,16700,10/16/2026,WHITE,0,100,F,INDEX,,F,F,0,0
7/8/2026,3:46:36 PM,SPX,BLOCK,222,1,,PUT,2600,0,22200,10/16/2026,WHITE,0,100,F,INDEX,,F,F,0,0
7/8/2026,3:40:54 PM,SPX,BLOCK,50,26,,PUT,5975,0,130000,10/16/2026,WHITE,0,100,F,INDEX,,F,F,0,0
7/8/2026,3:24:51 PM,SPX,BLOCK,200,2,,PUT,4800,0,40000,8/21/2026,WHITE,0,44,F,INDEX,,F,F,0,0
7/8/2026,4:03:37 PM,SPXW,ML/,600,110.86,,PUT,7500,0,6651600,8/5/2026,WHITE,0,28,F,INDEX,,F,T,0,0
7/8/2026,3:26:59 PM,SPX,ML/,100,400.46,,PUT,7300,0,4004600,9/17/2027,WHITE,0,436,F,INDEX,,F,F,0,0
7/8/2026,3:29:23 PM,SPXW,ML/,129,126.8583,,CALL,7510,0,1636472,8/14/2026,WHITE,0,37,F,INDEX,,F,T,0,0
7/8/2026,3:29:48 PM,SPXW,ML/,86,131.45,,PUT,7510,0,1130470,8/14/2026,WHITE,0,37,F,INDEX,,F,T,0,0
7/8/2026,3:30:19 PM,SPX,ML/,80,8.43,,PUT,7210,0,67440,7/17/2026,WHITE,0,9,F,INDEX,,F,F,0,0
7/8/2026,3:31:54 PM,SPXW,ML/,50,21.63,,PUT,7085,0,108150,7/31/2026,WHITE,0,23,F,INDEX,,F,T,0,0
7/8/2026,3:37:04 PM,SPX,ML/,171,11.7,,PUT,5150,0,200069,10/16/2026,WHITE,0,100,F,INDEX,,F,F,0,0
7/8/2026,3:38:27 PM,SPX,ML/,50,1530.5,,CALL,6000,0,7652500,9/18/2026,WHITE,0,72,F,INDEX,,F,F,0,0
7/8/2026,3:51:45 PM,SPX,ML/,1950,1527.68,,CALL,6000,0,297897600,9/18/2026,WHITE,0,72,F,INDEX,,F,F,0,0
7/8/2026,3:56:40 PM,SPX,ML/,1050,1532.95,,CALL,6000,0,160959750,9/18/2026,WHITE,0,72,F,INDEX,,F,F,0,0
7/8/2026,4:02:16 PM,SPX,ML/,500,1532.95,,CALL,6000,0,76647500,9/18/2026,WHITE,0,72,F,INDEX,,F,F,0,0
7/8/2026,3:39:04 PM,SPX,BLOCK,50,71.8,,PUT,6790,0,359000,10/16/2026,WHITE,0,100,F,INDEX,,F,F,0,0
7/8/2026,3:45:48 PM,XSP,ML/,50,22.76,,CALL,725,0,113800,7/10/2026,WHITE,0,2,F,INDEX,,F,T,0,0
7/8/2026,3:48:59 PM,XSP,ML/,50,22.62,,CALL,725,0,113100,7/10/2026,WHITE,0,2,F,INDEX,,F,T,0,0
7/8/2026,3:54:36 PM,XSP,ML/,50,23.39,,CALL,725,0,116950,7/10/2026,WHITE,0,2,F,INDEX,,F,T,0,0
7/8/2026,3:55:58 PM,XSP,ML/,50,23.54,,CALL,725,0,117700,7/10/2026,WHITE,0,2,F,INDEX,,F,T,0,0
7/8/2026,3:59:38 PM,XSP,ML/,50,23.55,,CALL,725,0,117750,7/10/2026,WHITE,0,2,F,INDEX,,F,T,0,0
7/8/2026,4:01:37 PM,XSP,ML/,50,22.85,,CALL,725,0,114250,7/10/2026,WHITE,0,2,F,INDEX,,F,T,0,0
7/8/2026,3:45:48 PM,XSP,ML/,50,21.77,,CALL,726,0,108850,7/10/2026,WHITE,0,2,F,INDEX,,F,T,0,0
7/8/2026,3:54:36 PM,XSP,ML/,50,24.38,,CALL,724,0,121900,7/10/2026,WHITE,0,2,F,INDEX,,F,T,0,0
7/8/2026,3:55:58 PM,XSP,ML/,50,24.53,,CALL,724,0,122650,7/10/2026,WHITE,0,2,F,INDEX,,F,T,0,0
7/8/2026,3:59:38 PM,XSP,ML/,50,24.54,,CALL,724,0,122700,7/10/2026,WHITE,0,2,F,INDEX,,F,T,0,0
7/8/2026,3:47:29 PM,SPX,ML/,100,25.9,,PUT,5200,0,259000,12/18/2026,WHITE,0,163,F,INDEX,,F,F,0,0
7/8/2026,3:47:47 PM,VIX,BLOCK,90,3.75,,CALL,19,0,33750,11/18/2026,WHITE,0,133,F,INDEX,,F,T,0,0
7/8/2026,3:48:56 PM,SPXW,ML/,50,130.89,,CALL,7525,0,654449,8/21/2026,WHITE,0,44,F,INDEX,,F,F,0,0
7/8/2026,3:48:59 PM,XSP,ML/,50,24.6,,CALL,723,0,123000,7/10/2026,WHITE,0,2,F,INDEX,,F,T,0,0
7/8/2026,4:01:37 PM,XSP,ML/,50,24.83,,CALL,723,0,124150,7/10/2026,WHITE,0,2,F,INDEX,,F,T,0,0
7/8/2026,3:49:32 PM,SPX,ML/,50,341.22,,PUT,7475,0,1706100,3/19/2027,WHITE,0,254,F,INDEX,,F,F,0,0
7/8/2026,3:51:04 PM,SPXW,ML/,60,1.77,,PUT,3800,0,10620,9/18/2026,WHITE,0,72,F,INDEX,,F,F,0,0
7/8/2026,4:08:31 PM,SPXW,ML/,60,1.82,,PUT,3800,0,10920,9/18/2026,WHITE,0,72,F,INDEX,,F,F,0,0
7/8/2026,4:09:40 PM,SPXW,ML/,60,1.82,,PUT,3800,0,10920,9/18/2026,WHITE,0,72,F,INDEX,,F,F,0,0
7/8/2026,4:11:01 PM,SPXW,ML/,123,1.85,,PUT,3800,0,22755,9/18/2026,WHITE,0,72,F,INDEX,,F,F,0,0
7/8/2026,3:51:36 PM,SPX,ML/,180,185.52,,PUT,7425,0,3339360,10/16/2026,WHITE,0,100,F,INDEX,,F,F,0,0
7/8/2026,3:56:52 PM,SPXW,BLOCK,602,486,,CALL,7000,0,29257200,7/10/2026,WHITE,0,2,F,INDEX,,F,T,0,0
7/8/2026,3:58:01 PM,SPX,ML/,72,2.47,,PUT,2800,0,17784,11/20/2026,WHITE,0,135,F,INDEX,,F,F,0,0
7/8/2026,3:58:11 PM,SPXW,BLOCK,59,4.6,,PUT,6000,0,27139,8/12/2026,WHITE,0,35,F,INDEX,,F,T,0,0
7/8/2026,3:58:14 PM,VIX,BLOCK,1600,0.17,,CALL,70,0,27200,8/19/2026,WHITE,0,42,F,INDEX,,F,T,0,0
7/8/2026,3:58:31 PM,RUTW,ML/,70,26.9523,,CALL,2995,0,188666,7/22/2026,WHITE,0,14,F,INDEX,,F,T,0,0
7/8/2026,3:59:27 PM,XSP,ML/,100,9.15,,PUT,717,0,91500,9/18/2026,WHITE,0,72,F,INDEX,,F,F,0,0
7/8/2026,3:59:33 PM,XSP,ML/,100,9.23,,PUT,717,0,92300,9/18/2026,WHITE,0,72,F,INDEX,,F,F,0,0
7/8/2026,3:59:30 PM,NDXP,BLOCK,83,475.58,,CALL,30200,0,3947314,8/12/2026,WHITE,0,35,F,INDEX,,F,T,0,0
7/8/2026,4:01:24 PM,SPXW,ML/,1900,3,,CALL,8250,0,570000,9/4/2026,WHITE,0,58,F,INDEX,,F,T,0,0
7/8/2026,4:01:24 PM,SPXW,ML/,1900,0.75,,CALL,8600,0,142500,9/4/2026,WHITE,0,58,F,INDEX,,F,T,0,0
7/8/2026,4:02:13 PM,SPXW,ML/,100,168.54,,PUT,7535,0,1685400,8/31/2026,WHITE,0,54,F,INDEX,,F,T,0,0
7/8/2026,4:02:13 PM,SPXW,ML/,100,195.84,,PUT,7595,0,1958400,8/31/2026,WHITE,0,54,F,INDEX,,F,T,0,0
7/8/2026,4:02:30 PM,SPXW,ML/,150,52.43,,PUT,7030,0,786450,8/31/2026,WHITE,0,54,F,INDEX,,F,T,0,0
7/8/2026,4:02:30 PM,SPXW,ML/,150,48.18,,PUT,6990,0,722700,8/31/2026,WHITE,0,54,F,INDEX,,F,T,0,0
7/8/2026,4:06:48 PM,SPX,ML/,180,517.61,,CALL,7700,0,9316980,6/17/2027,WHITE,0,344,F,INDEX,,F,T,0,0
