CreatedDate,CreatedTime,Symbol,Type,Volume,Price,Side,CallPut,Strike,Spot,Premium,ExpirationDate,Color,ImpliedVolatility,Dte,ER,StockEtf,Sector,Uoa,Weekly,MktCap,OI
7/1/2026,3:58:46 PM,VIX,BLOCK,78,3.2,,CALL,20,0,24960,10/21/2026,WHITE,0,112,F,INDEX,,F,T,0,0
7/1/2026,4:02:39 PM,VIX,BLOCK,148,3.25,,CALL,20,0,48100,10/21/2026,WHITE,0,112,F,INDEX,,F,T,0,0
7/1/2026,9:47:41 AM,SPX,ML/,50,68,,CALL,7500,0,340000,7/17/2026,WHITE,0,16,F,INDEX,,F,F,0,0
7/1/2026,10:51:14 AM,SPX,ML/,1800,77.8,,CALL,7500,0,14004000,7/17/2026,WHITE,0,16,F,INDEX,,F,F,0,0
7/1/2026,12:27:58 PM,SPX,ML/,1250,91.39,,CALL,7500,0,11423750,7/17/2026,WHITE,0,16,F,INDEX,,F,F,0,0
7/1/2026,12:41:04 PM,SPX,ML/,300,91.39,,CALL,7500,0,2741700,7/17/2026,WHITE,0,16,F,INDEX,,F,F,0,0
7/1/2026,1:05:36 PM,SPX,ML/,750,91.39,,CALL,7500,0,6854250,7/17/2026,WHITE,0,16,F,INDEX,,F,F,0,0
7/1/2026,10:25:14 AM,SPX,ML/,400,78,,CALL,7500,0,3120000,7/17/2026,WHITE,0,16,F,INDEX,,F,F,0,0
7/1/2026,9:48:11 AM,SPX,ML/,500,68,,CALL,7500,0,3400000,7/17/2026,WHITE,0,16,F,INDEX,,F,F,0,0
7/1/2026,9:40:56 AM,SPX,ML/,100,65.84,,CALL,7500,0,658400,7/17/2026,WHITE,0,16,F,INDEX,,F,F,0,0
7/1/2026,9:43:13 AM,SPX,ML/,300,65.71,,CALL,7500,0,1971299,7/17/2026,WHITE,0,16,F,INDEX,,F,F,0,0
7/1/2026,9:43:40 AM,SPX,ML/,100,66.81,,CALL,7500,0,668100,7/17/2026,WHITE,0,16,F,INDEX,,F,F,0,0
7/1/2026,9:50:56 AM,SPX,ML/,100,67.5,,CALL,7500,0,675000,7/17/2026,WHITE,0,16,F,INDEX,,F,F,0,0
7/1/2026,9:52:22 AM,SPX,ML/,400,69.9,,CALL,7500,0,2796000,7/17/2026,WHITE,0,16,F,INDEX,,F,F,0,0
7/1/2026,9:54:15 AM,SPX,ML/,500,70.95,,CALL,7500,0,3547500,7/17/2026,WHITE,0,16,F,INDEX,,F,F,0,0
7/1/2026,9:56:09 AM,SPX,ML/,450,70.72,,CALL,7500,0,3182400,7/17/2026,WHITE,0,16,F,INDEX,,F,F,0,0
7/1/2026,9:59:54 AM,SPX,ML/,500,71.64,,CALL,7500,0,3582000,7/17/2026,WHITE,0,16,F,INDEX,,F,F,0,0
7/1/2026,10:13:03 AM,SPX,ML/,500,78.94,,CALL,7500,0,3947000,7/17/2026,WHITE,0,16,F,INDEX,,F,F,0,0
7/1/2026,10:15:01 AM,SPX,ML/,200,80.02,,CALL,7500,0,1600400,7/17/2026,WHITE,0,16,F,INDEX,,F,F,0,0
7/1/2026,10:17:58 AM,SPX,ML/,200,78.06,,CALL,7500,0,1561200,7/17/2026,WHITE,0,16,F,INDEX,,F,F,0,0
7/1/2026,2:56:49 PM,SPX,ML/,150,78.8,,CALL,7500,0,1182000,7/17/2026,WHITE,0,16,F,INDEX,,F,F,0,0
7/1/2026,10:20:06 AM,SPX,ML/,100,79.64,,CALL,7500,0,796400,7/17/2026,WHITE,0,16,F,INDEX,,F,F,0,0
7/1/2026,10:21:42 AM,SPX,ML/,500,78.86,,CALL,7500,0,3943000,7/17/2026,WHITE,0,16,F,INDEX,,F,F,0,0
7/1/2026,10:25:14 AM,SPX,ML/,100,80.03,,CALL,7500,0,800300,7/17/2026,WHITE,0,16,F,INDEX,,F,F,0,0
7/1/2026,10:45:22 AM,SPX,ML/,1000,79.85,,CALL,7500,0,7985000,7/17/2026,WHITE,0,16,F,INDEX,,F,F,0,0
7/1/2026,10:50:16 AM,SPX,ML/,56,79.38,,CALL,7500,0,444528,7/17/2026,WHITE,0,16,F,INDEX,,F,F,0,0
7/1/2026,10:52:23 AM,SPX,ML/,200,77.8,,CALL,7500,0,1556000,7/17/2026,WHITE,0,16,F,INDEX,,F,F,0,0
7/1/2026,10:58:44 AM,SPX,ML/,1000,79.8,,CALL,7500,0,7980000,7/17/2026,WHITE,0,16,F,INDEX,,F,F,0,0
7/1/2026,11:08:59 AM,SPX,ML/,150,85.14,,CALL,7500,0,1277100,7/17/2026,WHITE,0,16,F,INDEX,,F,F,0,0
7/1/2026,11:10:18 AM,SPX,BLOCK,110,87.5,,CALL,7500,0,962500,7/17/2026,WHITE,0,16,F,INDEX,,F,F,0,0
7/1/2026,11:20:37 AM,SPX,BLOCK,110,89.6,,CALL,7500,0,985599,7/17/2026,WHITE,0,16,F,INDEX,,F,F,0,0
7/1/2026,1:35:59 PM,SPX,ML/,200,91.39,,CALL,7500,0,1827800,7/17/2026,WHITE,0,16,F,INDEX,,F,F,0,0
7/1/2026,2:57:47 PM,SPX,ML/,300,78.75,,CALL,7500,0,2362500,7/17/2026,WHITE,0,16,F,INDEX,,F,F,0,0
7/1/2026,9:32:00 AM,XSP,ML/,171,10.44,,PUT,710,0,178524,9/30/2026,WHITE,0,91,F,INDEX,,F,T,0,0
7/1/2026,9:32:00 AM,XSP,ML/,171,4.29,,PUT,650,0,73359,9/30/2026,WHITE,0,91,F,INDEX,,F,T,0,0
7/1/2026,2:03:22 PM,SPXW,ML/,500,100.5,,CALL,7550,0,5025000,7/31/2026,WHITE,0,30,F,INDEX,,F,T,0,0
7/1/2026,2:17:09 PM,SPXW,ML/,250,73,,PUT,7410,0,1825000,7/31/2026,WHITE,0,30,F,INDEX,,F,T,0,0
7/1/2026,3:40:54 PM,SPXW,BLOCK,200,71.5,,CALL,7600,0,1430000,7/31/2026,WHITE,0,30,F,INDEX,,F,T,0,0
7/1/2026,3:06:29 PM,SPXW,BLOCK,200,75,,CALL,7600,0,1500000,7/31/2026,WHITE,0,30,F,INDEX,,F,T,0,0
7/1/2026,2:44:29 PM,SPXW,ML/,175,74.34,,CALL,7600,0,1300950,7/31/2026,WHITE,0,30,F,INDEX,,F,T,0,0
7/1/2026,1:53:47 PM,SPXW,ML/,1000,72.6,,PUT,7400,0,7260000,7/31/2026,WHITE,0,30,F,INDEX,,F,T,0,0
7/1/2026,11:42:15 AM,SPXW,ML/,60,68.6,,PUT,7400,0,411600,7/31/2026,WHITE,0,30,F,INDEX,,F,T,0,0
7/1/2026,9:36:38 AM,SPXW,ML/,60,78.3,,PUT,7350,0,469800,7/31/2026,WHITE,0,30,F,INDEX,,F,T,0,0
7/1/2026,9:37:09 AM,SPXW,ML/,60,76.12,,PUT,7350,0,456720,7/31/2026,WHITE,0,30,F,INDEX,,F,T,0,0
7/1/2026,11:27:30 AM,SPXW,ML/,61,60.5,,PUT,7365,0,369050,7/31/2026,WHITE,0,30,F,INDEX,,F,T,0,0
7/1/2026,12:05:49 PM,SPXW,ML/,61,60.55,,PUT,7365,0,369355,7/31/2026,WHITE,0,30,F,INDEX,,F,T,0,0
7/1/2026,2:40:50 PM,SPXW,BLOCK,69,53.7,,CALL,7650,0,370530,7/31/2026,WHITE,0,30,F,INDEX,,F,T,0,0
7/1/2026,10:43:08 AM,SPXW,ML/,600,36.04,,CALL,7700,0,2162400,7/31/2026,WHITE,0,30,F,INDEX,,F,T,0,0
7/1/2026,9:36:38 AM,SPXW,ML/,60,66.45,,PUT,7300,0,398700,7/31/2026,WHITE,0,30,F,INDEX,,F,T,0,0
7/1/2026,9:37:09 AM,SPXW,ML/,60,64.53,,PUT,7300,0,387180,7/31/2026,WHITE,0,30,F,INDEX,,F,T,0,0
7/1/2026,3:25:12 PM,SPXW,ML/,180,35.9,,CALL,7705,0,646200,7/31/2026,WHITE,0,30,F,INDEX,,F,T,0,0
7/1/2026,11:27:30 AM,SPXW,ML/,61,42.7,,PUT,7265,0,260469,7/31/2026,WHITE,0,30,F,INDEX,,F,T,0,0
7/1/2026,12:05:49 PM,SPXW,ML/,61,42.85,,PUT,7265,0,261385,7/31/2026,WHITE,0,30,F,INDEX,,F,T,0,0
7/1/2026,9:40:34 AM,SPXW,ML/,200,54.09,,PUT,7250,0,1081800,7/31/2026,WHITE,0,30,F,INDEX,,F,T,0,0
7/1/2026,9:35:26 AM,SPXW,ML/,700,54.95,,PUT,7250,0,3846500,7/31/2026,WHITE,0,30,F,INDEX,,F,T,0,0
7/1/2026,3:59:07 PM,SPXW,BLOCK,50,45.7,,PUT,7250,0,228500,7/31/2026,WHITE,0,30,F,INDEX,,F,T,0,0
7/1/2026,3:54:26 PM,SPXW,BLOCK,101,42,,PUT,7225,0,424200,7/31/2026,WHITE,0,30,F,INDEX,,F,T,0,0
7/1/2026,3:51:08 PM,SPXW,BLOCK,101,41.4,,PUT,7225,0,418139,7/31/2026,WHITE,0,30,F,INDEX,,F,T,0,0
7/1/2026,3:56:07 PM,SPXW,BLOCK,101,41.8,,PUT,7225,0,422179,7/31/2026,WHITE,0,30,F,INDEX,,F,T,0,0
7/1/2026,9:35:26 AM,SPXW,ML/,700,38,,CALL,7675,0,2660000,7/31/2026,WHITE,0,30,F,INDEX,,F,T,0,0
7/1/2026,11:27:30 AM,SPXW,ML/,61,52.2,,CALL,7670,0,318420,7/31/2026,WHITE,0,30,F,INDEX,,F,T,0,0
7/1/2026,12:05:49 PM,SPXW,ML/,61,51.25,,CALL,7670,0,312625,7/31/2026,WHITE,0,30,F,INDEX,,F,T,0,0
7/1/2026,2:05:41 PM,SPXW,ML/,156,25.51,,CALL,7750,0,397956,7/31/2026,WHITE,0,30,F,INDEX,,F,T,0,0
7/1/2026,4:00:21 PM,SPXW,ML/,900,21.46,,CALL,7750,0,1931400,7/31/2026,WHITE,0,30,F,INDEX,,F,T,0,0
7/1/2026,10:42:05 AM,SPXW,ML/,62,24.97,,CALL,7745,0,154814,7/31/2026,WHITE,0,30,F,INDEX,,F,T,0,0
7/1/2026,2:32:34 PM,SPXW,ML/,448,26.02,,CALL,7745,0,1165696,7/31/2026,WHITE,0,30,F,INDEX,,F,T,0,0
7/1/2026,10:42:05 AM,SPXW,ML/,62,22.97,,CALL,7755,0,142414,7/31/2026,WHITE,0,30,F,INDEX,,F,T,0,0
7/1/2026,11:29:25 AM,SPXW,ML/,54,28.05,,CALL,7755,0,151470,7/31/2026,WHITE,0,30,F,INDEX,,F,T,0,0
7/1/2026,11:29:26 AM,SPXW,ML/,57,28.16,,CALL,7755,0,160512,7/31/2026,WHITE,0,30,F,INDEX,,F,T,0,0
7/1/2026,10:34:29 AM,SPXW,ML/,50,15.15,,CALL,7800,0,75750,7/31/2026,WHITE,0,30,F,INDEX,,F,T,0,0
7/1/2026,10:34:29 AM,SPXW,ML/,50,11.55,,CALL,7830,0,57750,7/31/2026,WHITE,0,30,F,INDEX,,F,T,0,0
7/1/2026,11:27:30 AM,SPXW,ML/,61,24.4,,CALL,7770,0,148840,7/31/2026,WHITE,0,30,F,INDEX,,F,T,0,0
7/1/2026,12:05:49 PM,SPXW,ML/,61,23.55,,CALL,7770,0,143655,7/31/2026,WHITE,0,30,F,INDEX,,F,T,0,0
7/1/2026,2:44:29 PM,SPXW,ML/,175,31.89,,PUT,7150,0,558075,7/31/2026,WHITE,0,30,F,INDEX,,F,T,0,0
7/1/2026,10:02:02 AM,SPXW,ML/,50,35.04,,PUT,7155,0,175200,7/31/2026,WHITE,0,30,F,INDEX,,F,T,0,0
7/1/2026,10:02:02 AM,SPXW,ML/,50,36.14,,PUT,7165,0,180700,7/31/2026,WHITE,0,30,F,INDEX,,F,T,0,0
7/1/2026,12:36:13 PM,SPXW,ML/,300,11.5,,CALL,7850,0,345000,7/31/2026,WHITE,0,30,F,INDEX,,F,T,0,0
7/1/2026,12:36:13 PM,SPXW,ML/,100,11.5,,CALL,7850,0,115000,7/31/2026,WHITE,0,30,F,INDEX,,F,T,0,0
7/1/2026,3:40:10 PM,SPXW,ML/,145,27.3,,PUT,7100,0,395850,7/31/2026,WHITE,0,30,F,INDEX,,F,T,0,0
7/1/2026,9:40:34 AM,SPXW,ML/,400,31.13,,PUT,7075,0,1245200,7/31/2026,WHITE,0,30,F,INDEX,,F,T,0,0
7/1/2026,9:40:34 AM,SPXW,ML/,66,31.14,,PUT,7075,0,205524,7/31/2026,WHITE,0,30,F,INDEX,,F,T,0,0
7/1/2026,12:33:20 PM,SPXW,ML/,90,23.1,,PUT,7080,0,207900,7/31/2026,WHITE,0,30,F,INDEX,,F,T,0,0
7/1/2026,9:32:40 AM,SPXW,ML/,93,3.54,,CALL,7950,0,32922,7/31/2026,WHITE,0,30,F,INDEX,,F,T,0,0
7/1/2026,10:00:29 AM,SPXW,ML/,100,3.6,,CALL,7950,0,36000,7/31/2026,WHITE,0,30,F,INDEX,,F,T,0,0
7/1/2026,10:01:02 AM,SPXW,ML/,111,3.54,,CALL,7950,0,39294,7/31/2026,WHITE,0,30,F,INDEX,,F,T,0,0
7/1/2026,10:00:23 AM,SPXW,ML/,69,3.5,,CALL,7950,0,24150,7/31/2026,WHITE,0,30,F,INDEX,,F,T,0,0
7/1/2026,10:10:57 AM,SPXW,ML/,97,3.7,,CALL,7950,0,35890,7/31/2026,WHITE,0,30,F,INDEX,,F,T,0,0
7/1/2026,2:46:17 PM,SPXW,ML/,114,20.18,,PUT,7000,0,230052,7/31/2026,WHITE,0,30,F,INDEX,,F,T,0,0
7/1/2026,4:00:21 PM,SPXW,ML/,900,1.21,,CALL,8050,0,108900,7/31/2026,WHITE,0,30,F,INDEX,,F,T,0,0
7/1/2026,9:40:34 AM,SPXW,ML/,200,18.87,,PUT,6900,0,377400,7/31/2026,WHITE,0,30,F,INDEX,,F,T,0,0
7/1/2026,10:08:16 AM,SPXW,ML/,120,15.55,,PUT,6900,0,186600,7/31/2026,WHITE,0,30,F,INDEX,,F,T,0,0
7/1/2026,9:51:28 AM,SPXW,BLOCK,278,13.8,,PUT,6800,0,383640,7/31/2026,WHITE,0,30,F,INDEX,,F,T,0,0
7/1/2026,3:40:10 PM,SPXW,ML/,145,9.5,,PUT,6700,0,137750,7/31/2026,WHITE,0,30,F,INDEX,,F,T,0,0
7/1/2026,10:08:16 AM,SPXW,ML/,80,6.5,,PUT,6500,0,52000,7/31/2026,WHITE,0,30,F,INDEX,,F,T,0,0
7/1/2026,10:15:25 AM,SPXW,ML/,75,4.59,,PUT,6280,0,34425,7/31/2026,WHITE,0,30,F,INDEX,,F,T,0,0
7/1/2026,9:54:33 AM,SPXW,ML/,70,5.88,,PUT,6400,0,41160,7/31/2026,WHITE,0,30,F,INDEX,,F,T,0,0
7/1/2026,10:10:48 AM,SPX,ML/,100,312.75,,CALL,7450,0,3127500,10/16/2026,WHITE,0,107,F,INDEX,,F,F,0,0
7/1/2026,10:11:00 AM,SPX,ML/,50,313.16,,CALL,7450,0,1565800,10/16/2026,WHITE,0,107,F,INDEX,,F,F,0,0
7/1/2026,10:11:01 AM,SPX,ML/,50,313.23,,CALL,7450,0,1566150,10/16/2026,WHITE,0,107,F,INDEX,,F,F,0,0
7/1/2026,10:12:26 AM,SPX,ML/,50,315.09,,CALL,7450,0,1575449,10/16/2026,WHITE,0,107,F,INDEX,,F,F,0,0
7/1/2026,10:13:39 AM,SPX,ML/,52,314.76,,CALL,7450,0,1636752,10/16/2026,WHITE,0,107,F,INDEX,,F,F,0,0
7/1/2026,9:58:37 AM,SPX,ML/,350,162.5,,CALL,7500,0,5687500,8/21/2026,WHITE,0,51,F,INDEX,,F,F,0,0
7/1/2026,9:59:32 AM,SPX,ML/,550,162.5,,CALL,7500,0,8937500,8/21/2026,WHITE,0,51,F,INDEX,,F,F,0,0
7/1/2026,10:51:14 AM,SPX,ML/,500,171,,CALL,7500,0,8550000,8/21/2026,WHITE,0,51,F,INDEX,,F,F,0,0
7/1/2026,10:51:32 AM,SPX,ML/,1000,171,,CALL,7500,0,17100000,8/21/2026,WHITE,0,51,F,INDEX,,F,F,0,0
7/1/2026,11:00:39 AM,SPX,ML/,750,173.3,,CALL,7500,0,12997500,8/21/2026,WHITE,0,51,F,INDEX,,F,F,0,0
7/1/2026,12:27:58 PM,SPX,ML/,1250,185.58,,CALL,7500,0,23197500,8/21/2026,WHITE,0,51,F,INDEX,,F,F,0,0
7/1/2026,12:41:04 PM,SPX,ML/,300,185.58,,CALL,7500,0,5567400,8/21/2026,WHITE,0,51,F,INDEX,,F,F,0,0
7/1/2026,1:05:36 PM,SPX,ML/,750,185.58,,CALL,7500,0,13918500,8/21/2026,WHITE,0,51,F,INDEX,,F,F,0,0
7/1/2026,9:54:15 AM,SPX,ML/,500,162.25,,CALL,7500,0,8112500,8/21/2026,WHITE,0,51,F,INDEX,,F,F,0,0
7/1/2026,9:59:41 AM,SPX,ML/,100,162.5,,CALL,7500,0,1625000,8/21/2026,WHITE,0,51,F,INDEX,,F,F,0,0
7/1/2026,10:45:22 AM,SPX,ML/,1000,173.1,,CALL,7500,0,17310000,8/21/2026,WHITE,0,51,F,INDEX,,F,F,0,0
7/1/2026,10:52:23 AM,SPX,ML/,500,171,,CALL,7500,0,8550000,8/21/2026,WHITE,0,51,F,INDEX,,F,F,0,0
7/1/2026,11:01:18 AM,SPX,ML/,250,173.3,,CALL,7500,0,4332500,8/21/2026,WHITE,0,51,F,INDEX,,F,F,0,0
7/1/2026,1:35:59 PM,SPX,ML/,200,185.58,,CALL,7500,0,3711600,8/21/2026,WHITE,0,51,F,INDEX,,F,F,0,0
7/1/2026,11:57:16 AM,SPX,ML/,1000,182.8,,CALL,7500,0,18280000,8/21/2026,WHITE,0,51,F,INDEX,,F,F,0,0
7/1/2026,4:36:47 PM,SPX,BLOCK,50,160,,CALL,7500,0,800000,8/21/2026,WHITE,0,51,F,INDEX,,F,F,0,0
7/1/2026,9:48:31 AM,SPX,ML/,51,29.26,,PUT,6800,0,149226,8/21/2026,WHITE,0,51,F,INDEX,,F,F,0,0
7/1/2026,10:54:24 AM,SPX,ML/,50,15.77,,PUT,6500,0,78850,8/21/2026,WHITE,0,51,F,INDEX,,F,F,0,0
7/1/2026,11:10:29 AM,SPX,ML/,100,15.55,,PUT,6500,0,155500,8/21/2026,WHITE,0,51,F,INDEX,,F,F,0,0
7/1/2026,11:20:48 AM,SPX,ML/,64,14.9,,PUT,6500,0,95360,8/21/2026,WHITE,0,51,F,INDEX,,F,F,0,0
7/1/2026,12:23:35 PM,SPX,ML/,100,14.55,,PUT,6500,0,145500,8/21/2026,WHITE,0,51,F,INDEX,,F,F,0,0
7/1/2026,9:59:32 AM,SPX,ML/,550,150.7,,PUT,7500,0,8288499,8/21/2026,WHITE,0,51,F,INDEX,,F,F,0,0
7/1/2026,10:16:12 AM,SPX,ML/,100,140.5,,PUT,7500,0,1405000,8/21/2026,WHITE,0,51,F,INDEX,,F,F,0,0
7/1/2026,10:51:14 AM,SPX,ML/,1800,142.6,,PUT,7500,0,25668000,8/21/2026,WHITE,0,51,F,INDEX,,F,F,0,0
7/1/2026,12:27:58 PM,SPX,ML/,1250,130.36,,PUT,7500,0,16295000,8/21/2026,WHITE,0,51,F,INDEX,,F,F,0,0
7/1/2026,12:41:04 PM,SPX,ML/,300,130.36,,PUT,7500,0,3910800,8/21/2026,WHITE,0,51,F,INDEX,,F,F,0,0
7/1/2026,1:05:36 PM,SPX,ML/,750,130.36,,PUT,7500,0,9777000,8/21/2026,WHITE,0,51,F,INDEX,,F,F,0,0
7/1/2026,10:52:23 AM,SPX,ML/,200,142.6,,PUT,7500,0,2852000,8/21/2026,WHITE,0,51,F,INDEX,,F,F,0,0
7/1/2026,9:38:02 AM,SPX,ML/,300,159.5,,PUT,7500,0,4785000,8/21/2026,WHITE,0,51,F,INDEX,,F,F,0,0
7/1/2026,9:54:15 AM,SPX,ML/,500,150.49,,PUT,7500,0,7524500,8/21/2026,WHITE,0,51,F,INDEX,,F,F,0,0
7/1/2026,9:58:37 AM,SPX,ML/,350,149.7,,PUT,7500,0,5239499,8/21/2026,WHITE,0,51,F,INDEX,,F,F,0,0
7/1/2026,9:59:41 AM,SPX,ML/,100,150.7,,PUT,7500,0,1506999,8/21/2026,WHITE,0,51,F,INDEX,,F,F,0,0
7/1/2026,10:45:22 AM,SPX,ML/,1000,139.6,,PUT,7500,0,13960000,8/21/2026,WHITE,0,51,F,INDEX,,F,F,0,0
7/1/2026,10:58:44 AM,SPX,ML/,1000,140.8,,PUT,7500,0,14080000,8/21/2026,WHITE,0,51,F,INDEX,,F,F,0,0
7/1/2026,11:57:16 AM,SPX,ML/,1000,132.98,,PUT,7500,0,13298000,8/21/2026,WHITE,0,51,F,INDEX,,F,F,0,0
7/1/2026,1:35:59 PM,SPX,ML/,200,130.36,,PUT,7500,0,2607200,8/21/2026,WHITE,0,51,F,INDEX,,F,F,0,0
7/1/2026,12:55:14 PM,SPX,ML/,112,135.63,,PUT,7500,0,1519056,8/21/2026,WHITE,0,51,F,INDEX,,F,F,0,0
7/1/2026,2:07:19 PM,SPX,ML/,100,137.55,,PUT,7500,0,1375500,8/21/2026,WHITE,0,51,F,INDEX,,F,F,0,0
7/1/2026,4:36:53 PM,SPX,BLOCK,50,152.1,,PUT,7500,0,760500,8/21/2026,WHITE,0,51,F,INDEX,,F,F,0,0
7/1/2026,9:38:08 AM,SPXW,BLOCK,56,3.5,,PUT,5940,0,19600,7/31/2026,WHITE,0,30,F,INDEX,,F,T,0,0
7/1/2026,2:46:17 PM,SPXW,ML/,114,3.2,,PUT,6000,0,36480,7/31/2026,WHITE,0,30,F,INDEX,,F,T,0,0
7/1/2026,9:41:44 AM,SPXW,ML/,69,2.87,,PUT,5800,0,19803,7/31/2026,WHITE,0,30,F,INDEX,,F,T,0,0
7/1/2026,10:15:25 AM,SPXW,ML/,150,2.38,,PUT,5750,0,35700,7/31/2026,WHITE,0,30,F,INDEX,,F,T,0,0
7/1/2026,9:36:47 AM,VIX,ML/,2000,1.24,,CALL,30,0,248000,9/16/2026,WHITE,0,77,F,INDEX,,F,T,0,0
7/1/2026,2:42:09 PM,VIX,ML/,1630,1.23,,CALL,30,0,200490,9/16/2026,WHITE,0,77,F,INDEX,,F,T,0,0
7/1/2026,2:42:14 PM,VIX,ML/,370,1.23,,CALL,30,0,45510,9/16/2026,WHITE,0,77,F,INDEX,,F,T,0,0
7/1/2026,11:06:21 AM,VIX,BLOCK,6500,1.63,,CALL,25,0,1059500,9/16/2026,WHITE,0,77,F,INDEX,,F,T,0,0
7/1/2026,11:22:18 AM,VIX,BLOCK,4999,1.61,,CALL,25,0,804839,9/16/2026,WHITE,0,77,F,INDEX,,F,T,0,0
7/1/2026,9:54:33 AM,SPXW,ML/,70,1.53,,PUT,5300,0,10710,7/31/2026,WHITE,0,30,F,INDEX,,F,T,0,0
7/1/2026,11:42:51 AM,SPXW,ML/,50,97.6,,PUT,7500,0,488000,7/31/2026,WHITE,0,30,F,INDEX,,F,T,0,0
7/1/2026,1:34:47 PM,SPXW,ML/,50,101.57,,PUT,7500,0,507850,7/31/2026,WHITE,0,30,F,INDEX,,F,T,0,0
7/1/2026,10:21:46 AM,SPX,ML/,53,7.7,,PUT,7050,0,40810,7/17/2026,WHITE,0,16,F,INDEX,,F,F,0,0
7/1/2026,12:38:53 PM,SPX,ML/,500,6.18,,PUT,7050,0,309000,7/17/2026,WHITE,0,16,F,INDEX,,F,F,0,0
7/1/2026,3:26:44 PM,SPXW,ML/,55,14.57,,PUT,7350,0,80135,7/10/2026,WHITE,0,9,F,INDEX,,F,T,0,0
7/1/2026,12:55:14 PM,SPXW,ML/,96,19.53,,PUT,7400,0,187488,7/10/2026,WHITE,0,9,F,INDEX,,F,T,0,0
7/1/2026,2:48:33 PM,SPXW,BLOCK,116,10.6,,PUT,7300,0,122959,7/10/2026,WHITE,0,9,F,INDEX,,F,T,0,0
7/1/2026,11:42:47 AM,SPXW,ML/,85,8.61,,PUT,7300,0,73184,7/10/2026,WHITE,0,9,F,INDEX,,F,T,0,0
7/1/2026,10:13:09 AM,SPXW,ML/,74,19.98,,PUT,7250,0,147852,7/17/2026,WHITE,0,16,F,INDEX,,F,F,0,0
7/1/2026,10:16:03 AM,SPXW,ML/,81,19.96,,PUT,7250,0,161676,7/17/2026,WHITE,0,16,F,INDEX,,F,F,0,0
7/1/2026,10:18:49 AM,SPXW,ML/,110,20.18,,PUT,7250,0,221980,7/17/2026,WHITE,0,16,F,INDEX,,F,F,0,0
7/1/2026,10:18:49 AM,SPXW,ML/,144,20.18,,PUT,7250,0,290592,7/17/2026,WHITE,0,16,F,INDEX,,F,F,0,0
7/1/2026,10:16:05 AM,SPXW,ML/,394,19.96,,PUT,7250,0,786424,7/17/2026,WHITE,0,16,F,INDEX,,F,F,0,0
7/1/2026,10:18:44 AM,SPXW,ML/,70,19.93,,PUT,7250,0,139510,7/17/2026,WHITE,0,16,F,INDEX,,F,F,0,0
7/1/2026,9:32:53 AM,VIX,BLOCK,200,0.97,,CALL,20,0,19400,7/22/2026,WHITE,0,21,F,INDEX,,F,T,0,0
7/1/2026,11:29:45 AM,VIX,BLOCK,15000,0.83,,CALL,20,0,1245000,7/22/2026,WHITE,0,21,F,INDEX,,F,T,0,0
7/1/2026,9:32:22 AM,VIX,BLOCK,200,0.96,,CALL,20,0,19200,7/22/2026,WHITE,0,21,F,INDEX,,F,T,0,0
7/1/2026,3:17:40 PM,VIX,BLOCK,147,0.85,,CALL,20,0,12495,7/22/2026,WHITE,0,21,F,INDEX,,F,T,0,0
7/1/2026,3:19:33 PM,VIX,BLOCK,152,0.85,,CALL,20,0,12919,7/22/2026,WHITE,0,21,F,INDEX,,F,T,0,0
7/1/2026,3:32:10 PM,VIX,BLOCK,225,0.84,,CALL,20,0,18900,7/22/2026,WHITE,0,21,F,INDEX,,F,T,0,0
7/1/2026,3:29:34 PM,VIX,ML/,10000,0.83,,CALL,20,0,830000,7/22/2026,WHITE,0,21,F,INDEX,,F,T,0,0
7/1/2026,3:32:10 PM,VIX,BLOCK,225,0.84,,CALL,20,0,18900,7/22/2026,WHITE,0,21,F,INDEX,,F,T,0,0
7/1/2026,4:17:18 PM,VIX,BLOCK,900,0.92,,CALL,20,0,82800,7/22/2026,WHITE,0,21,F,INDEX,,F,T,0,0
7/1/2026,9:31:57 AM,VIX,BLOCK,200,0.95,,CALL,20,0,19000,7/22/2026,WHITE,0,21,F,INDEX,,F,T,0,0
7/1/2026,2:34:56 PM,VIX,ML/,3600,0.89,,CALL,20,0,320400,7/22/2026,WHITE,0,21,F,INDEX,,F,T,0,0
7/1/2026,3:38:37 PM,VIX,BLOCK,450,0.85,,CALL,20,0,38250,7/22/2026,WHITE,0,21,F,INDEX,,F,T,0,0
7/1/2026,3:49:33 PM,VIX,BLOCK,450,0.84,,CALL,20,0,37800,7/22/2026,WHITE,0,21,F,INDEX,,F,T,0,0
7/1/2026,4:01:55 PM,VIX,BLOCK,262,0.94,,CALL,20,0,24627,7/22/2026,WHITE,0,21,F,INDEX,,F,T,0,0
7/1/2026,10:25:05 AM,SPXW,ML/,75,4.67,,CALL,7550,0,35025,7/2/2026,WHITE,0,1,F,INDEX,,F,T,0,0
7/1/2026,10:37:11 AM,SPXW,ML/,80,3.7,,CALL,7550,0,29600,7/2/2026,WHITE,0,1,F,INDEX,,F,T,0,0
7/1/2026,10:37:17 AM,SPXW,BLOCK,63,4,,CALL,7550,0,25200,7/2/2026,WHITE,0,1,F,INDEX,,F,T,0,0
7/1/2026,10:37:11 AM,SPXW,ML/,118,3.7,,CALL,7550,0,43660,7/2/2026,WHITE,0,1,F,INDEX,,F,T,0,0
7/1/2026,10:47:45 AM,SPXW,BLOCK,100,3.7,,CALL,7550,0,37000,7/2/2026,WHITE,0,1,F,INDEX,,F,T,0,0
7/1/2026,11:16:28 AM,SPXW,BLOCK,50,6.5,,CALL,7550,0,32500,7/2/2026,WHITE,0,1,F,INDEX,,F,T,0,0
7/1/2026,11:48:22 AM,SPXW,ML/,100,8.02,,CALL,7550,0,80200,7/2/2026,WHITE,0,1,F,INDEX,,F,T,0,0
7/1/2026,11:52:24 AM,SPXW,ML/,50,6.9,,CALL,7550,0,34500,7/2/2026,WHITE,0,1,F,INDEX,,F,T,0,0
7/1/2026,12:53:08 PM,SPXW,BLOCK,55,5.8,,CALL,7550,0,31900,7/2/2026,WHITE,0,1,F,INDEX,,F,T,0,0
7/1/2026,1:10:06 PM,SPXW,BLOCK,52,4.8,,CALL,7550,0,24960,7/2/2026,WHITE,0,1,F,INDEX,,F,T,0,0
7/1/2026,1:51:05 PM,SPXW,BLOCK,50,4.8,,CALL,7550,0,24000,7/2/2026,WHITE,0,1,F,INDEX,,F,T,0,0
7/1/2026,2:35:40 PM,SPXW,BLOCK,50,4.2,,CALL,7550,0,21000,7/2/2026,WHITE,0,1,F,INDEX,,F,T,0,0
7/1/2026,2:57:18 PM,SPXW,ML/,150,3.36,,CALL,7550,0,50400,7/2/2026,WHITE,0,1,F,INDEX,,F,T,0,0
7/1/2026,3:21:59 PM,SPXW,BLOCK,54,4.3,,CALL,7550,0,23220,7/2/2026,WHITE,0,1,F,INDEX,,F,T,0,0
7/1/2026,3:45:18 PM,SPXW,SWEEP,89,3.1,,CALL,7550,0,27589,7/2/2026,WHITE,0,1,F,INDEX,,F,T,0,0
7/1/2026,3:53:34 PM,SPXW,BLOCK,55,2.45,,CALL,7550,0,13475,7/2/2026,WHITE,0,1,F,INDEX,,F,T,0,0
7/1/2026,4:03:27 PM,SPXW,ML/,80,1.65,,CALL,7550,0,13200,7/2/2026,WHITE,0,1,F,INDEX,,F,T,0,0
7/1/2026,4:18:34 PM,SPXW,BLOCK,440,1.7,,CALL,7550,0,74800,7/2/2026,WHITE,0,1,F,INDEX,,F,T,0,0
7/1/2026,11:34:56 AM,SPXW,ML/,85,7.62,,CALL,7550,0,64770,7/2/2026,WHITE,0,1,F,INDEX,,F,T,0,0
7/1/2026,1:20:07 PM,SPXW,ML/,79,5.89,,CALL,7550,0,46531,7/2/2026,WHITE,0,1,F,INDEX,,F,T,0,0
7/1/2026,2:55:59 PM,SPXW,ML/,50,3.32,,CALL,7550,0,16600,7/2/2026,WHITE,0,1,F,INDEX,,F,T,0,0
7/1/2026,3:10:23 PM,SPXW,ML/,1522,0.35,,CALL,7600,0,53269,7/2/2026,WHITE,0,1,F,INDEX,,F,T,0,0
7/1/2026,3:35:17 PM,SPXW,ML/,1522,0.35,,CALL,7600,0,53269,7/2/2026,WHITE,0,1,F,INDEX,,F,T,0,0
7/1/2026,3:10:57 PM,SPXW,ML/,1522,0.38,,CALL,7600,0,57836,7/2/2026,WHITE,0,1,F,INDEX,,F,T,0,0
7/1/2026,10:13:17 AM,SPXW,ML/,52,5.25,,PUT,7410,0,27300,7/2/2026,WHITE,0,1,F,INDEX,,F,T,0,0
7/1/2026,10:12:56 AM,SPXW,ML/,75,5.1,,PUT,7410,0,38250,7/2/2026,WHITE,0,1,F,INDEX,,F,T,0,0
7/1/2026,10:45:43 AM,SPXW,ML/,80,6,,PUT,7410,0,48000,7/2/2026,WHITE,0,1,F,INDEX,,F,T,0,0
7/1/2026,4:03:27 PM,SPXW,ML/,80,5.5,,PUT,7410,0,44000,7/2/2026,WHITE,0,1,F,INDEX,,F,T,0,0
7/1/2026,12:02:32 PM,SPXW,ML/,100,2.29,,PUT,7410,0,22900,7/2/2026,WHITE,0,1,F,INDEX,,F,T,0,0
7/1/2026,12:02:32 PM,SPXW,ML/,86,2.27,,PUT,7410,0,19522,7/2/2026,WHITE,0,1,F,INDEX,,F,T,0,0
7/1/2026,3:50:16 PM,SPXW,ML/,50,3.14,,PUT,7410,0,15700,7/2/2026,WHITE,0,1,F,INDEX,,F,T,0,0
7/1/2026,10:34:01 AM,SPXW,BLOCK,70,11.1,,PUT,7450,0,77700,7/2/2026,WHITE,0,1,F,INDEX,,F,T,0,0
7/1/2026,11:15:21 AM,SPXW,BLOCK,50,6.5,,PUT,7450,0,32500,7/2/2026,WHITE,0,1,F,INDEX,,F,T,0,0
7/1/2026,12:50:09 PM,SPXW,BLOCK,100,6,,PUT,7450,0,60000,7/2/2026,WHITE,0,1,F,INDEX,,F,T,0,0
7/1/2026,3:09:41 PM,SPXW,ML/,50,6.5,,PUT,7450,0,32500,7/2/2026,WHITE,0,1,F,INDEX,,F,T,0,0
7/1/2026,2:58:36 PM,SPXW,BLOCK,78,8.7,,PUT,7450,0,67859,7/2/2026,WHITE,0,1,F,INDEX,,F,T,0,0
7/1/2026,3:56:30 PM,SPXW,BLOCK,65,8.5,,PUT,7450,0,55250,7/2/2026,WHITE,0,1,F,INDEX,,F,T,0,0
7/1/2026,3:57:17 PM,SPXW,BLOCK,96,10,,PUT,7450,0,96000,7/2/2026,WHITE,0,1,F,INDEX,,F,T,0,0
7/1/2026,4:02:13 PM,SPXW,BLOCK,50,12.5,,PUT,7450,0,62500,7/2/2026,WHITE,0,1,F,INDEX,,F,T,0,0
7/1/2026,3:56:23 PM,SPXW,BLOCK,50,8.3,,PUT,7450,0,41500,7/2/2026,WHITE,0,1,F,INDEX,,F,T,0,0
7/1/2026,3:54:05 PM,SPXW,BLOCK,50,8,,PUT,7450,0,40000,7/2/2026,WHITE,0,1,F,INDEX,,F,T,0,0
7/1/2026,11:29:07 AM,SPXW,ML/,1000,5.02,,PUT,7450,0,502000,7/2/2026,WHITE,0,1,F,INDEX,,F,T,0,0
7/1/2026,11:39:32 AM,SPXW,ML/,150,6.31,,PUT,7450,0,94649,7/2/2026,WHITE,0,1,F,INDEX,,F,T,0,0
7/1/2026,2:58:26 PM,SPXW,ML/,500,9.31,,PUT,7450,0,465500,7/2/2026,WHITE,0,1,F,INDEX,,F,T,0,0
7/1/2026,3:08:17 PM,SPXW,ML/,100,6.91,,PUT,7450,0,69100,7/2/2026,WHITE,0,1,F,INDEX,,F,T,0,0
7/1/2026,9:54:53 AM,SPXW,BLOCK,50,16.6,,CALL,7500,0,83000,7/2/2026,WHITE,0,1,F,INDEX,,F,T,0,0
7/1/2026,9:58:08 AM,SPXW,ML/,63,16.4,,CALL,7500,0,103320,7/2/2026,WHITE,0,1,F,INDEX,,F,T,0,0
7/1/2026,10:51:01 AM,SPXW,ML/,50,23.46,,CALL,7500,0,117300,7/2/2026,WHITE,0,1,F,INDEX,,F,T,0,0
7/1/2026,10:54:20 AM,SPXW,ML/,100,23.35,,CALL,7500,0,233500,7/2/2026,WHITE,0,1,F,INDEX,,F,T,0,0
7/1/2026,2:11:52 PM,SPXW,ML/,50,24,,CALL,7500,0,120000,7/2/2026,WHITE,0,1,F,INDEX,,F,T,0,0
7/1/2026,10:26:59 AM,SPXW,ML/,93,22.31,,CALL,7500,0,207483,7/2/2026,WHITE,0,1,F,INDEX,,F,T,0,0
7/1/2026,2:56:07 PM,SPXW,ML/,100,20.8,,CALL,7500,0,208000,7/2/2026,WHITE,0,1,F,INDEX,,F,T,0,0
7/1/2026,3:25:36 PM,SPXW,ML/,100,23.94,,CALL,7500,0,239400,7/2/2026,WHITE,0,1,F,INDEX,,F,T,0,0
7/1/2026,3:29:23 PM,SPXW,ML/,200,22.7,,CALL,7500,0,454000,7/2/2026,WHITE,0,1,F,INDEX,,F,T,0,0
7/1/2026,10:56:20 AM,SPXW,ML/,300,22.92,,CALL,7500,0,687600,7/2/2026,WHITE,0,1,F,INDEX,,F,T,0,0
7/1/2026,2:58:32 PM,SPXW,BLOCK,85,21.5,,CALL,7500,0,182750,7/2/2026,WHITE,0,1,F,INDEX,,F,T,0,0
7/1/2026,10:47:01 AM,SPXW,ML/,56,20.95,,CALL,7500,0,117320,7/2/2026,WHITE,0,1,F,INDEX,,F,T,0,0
7/1/2026,10:01:13 AM,SPXW,ML/,150,16.8,,CALL,7500,0,252000,7/2/2026,WHITE,0,1,F,INDEX,,F,T,0,0
7/1/2026,3:54:12 PM,SPXW,ML/,100,17.99,,CALL,7500,0,179900,7/2/2026,WHITE,0,1,F,INDEX,,F,T,0,0
7/1/2026,3:54:35 PM,SPXW,ML/,100,18,,CALL,7500,0,180000,7/2/2026,WHITE,0,1,F,INDEX,,F,T,0,0
7/1/2026,9:49:19 AM,SPXW,BLOCK,50,14.7,,CALL,7500,0,73500,7/2/2026,WHITE,0,1,F,INDEX,,F,T,0,0
7/1/2026,4:03:08 PM,SPXW,BLOCK,94,12.8,,CALL,7500,0,120320,7/2/2026,WHITE,0,1,F,INDEX,,F,T,0,0
7/1/2026,4:31:49 PM,SPXW,BLOCK,82,13,,CALL,7500,0,106600,7/2/2026,WHITE,0,1,F,INDEX,,F,T,0,0
7/1/2026,4:14:08 PM,SPXW,ML/,50,14.07,,CALL,7500,0,70350,7/2/2026,WHITE,0,1,F,INDEX,,F,T,0,0
7/1/2026,9:51:44 AM,SPXW,ML/,800,14.75,,CALL,7500,0,1180000,7/2/2026,WHITE,0,1,F,INDEX,,F,T,0,0
7/1/2026,3:59:35 PM,SPXW,BLOCK,76,17.8,,CALL,7500,0,135280,7/2/2026,WHITE,0,1,F,INDEX,,F,T,0,0
7/1/2026,10:54:45 AM,SPXW,ML/,200,22.95,,CALL,7500,0,459000,7/2/2026,WHITE,0,1,F,INDEX,,F,T,0,0
7/1/2026,11:05:30 AM,SPXW,ML/,300,28.63,,CALL,7500,0,858900,7/2/2026,WHITE,0,1,F,INDEX,,F,T,0,0
7/1/2026,11:26:42 AM,SPXW,ML/,50,34.53,,CALL,7500,0,172650,7/2/2026,WHITE,0,1,F,INDEX,,F,T,0,0
7/1/2026,12:31:22 PM,SPXW,ML/,50,35.86,,CALL,7500,0,179300,7/2/2026,WHITE,0,1,F,INDEX,,F,T,0,0
7/1/2026,2:05:09 PM,SPXW,ML/,100,25.75,,CALL,7500,0,257500,7/2/2026,WHITE,0,1,F,INDEX,,F,T,0,0
7/1/2026,3:52:38 PM,SPXW,ML/,89,17.06,,CALL,7500,0,151834,7/2/2026,WHITE,0,1,F,INDEX,,F,T,0,0
7/1/2026,3:59:54 PM,SPXW,ML/,100,16.66,,CALL,7500,0,166600,7/2/2026,WHITE,0,1,F,INDEX,,F,T,0,0
7/1/2026,4:02:49 PM,SPXW,ML/,50,13.38,,CALL,7500,0,66900,7/2/2026,WHITE,0,1,F,INDEX,,F,T,0,0
7/1/2026,1:57:43 PM,SPXW,ML/,60,70.97,,PUT,7575,0,425820,7/2/2026,WHITE,0,1,F,INDEX,,F,T,0,0
7/1/2026,11:09:33 AM,SPXW,ML/,70,71.27,,PUT,7575,0,498889,7/2/2026,WHITE,0,1,F,INDEX,,F,T,0,0
7/1/2026,12:59:02 PM,SPXW,ML/,75,21.4,,CALL,7510,0,160500,7/2/2026,WHITE,0,1,F,INDEX,,F,T,0,0
7/1/2026,1:20:07 PM,SPXW,ML/,79,23.1,,CALL,7510,0,182490,7/2/2026,WHITE,0,1,F,INDEX,,F,T,0,0
7/1/2026,10:51:01 AM,SPXW,ML/,50,18.07,,CALL,7510,0,90350,7/2/2026,WHITE,0,1,F,INDEX,,F,T,0,0
7/1/2026,10:54:20 AM,SPXW,ML/,100,18.05,,CALL,7510,0,180500,7/2/2026,WHITE,0,1,F,INDEX,,F,T,0,0
7/1/2026,10:54:45 AM,SPXW,ML/,200,17.65,,CALL,7510,0,353000,7/2/2026,WHITE,0,1,F,INDEX,,F,T,0,0
7/1/2026,10:56:20 AM,SPXW,ML/,300,17.67,,CALL,7510,0,530100,7/2/2026,WHITE,0,1,F,INDEX,,F,T,0,0
7/1/2026,3:42:16 PM,SPXW,ML/,56,14.51,,CALL,7510,0,81256,7/2/2026,WHITE,0,1,F,INDEX,,F,T,0,0
7/1/2026,3:42:29 PM,SPXW,ML/,84,14.53,,CALL,7510,0,122052,7/2/2026,WHITE,0,1,F,INDEX,,F,T,0,0
7/1/2026,11:19:11 AM,SPXW,BLOCK,100,2.05,,PUT,7390,0,20499,7/2/2026,WHITE,0,1,F,INDEX,,F,T,0,0
7/1/2026,11:39:05 AM,SPXW,ML/,72,2.01,,PUT,7390,0,14471,7/2/2026,WHITE,0,1,F,INDEX,,F,T,0,0
7/1/2026,3:51:03 PM,SPXW,ML/,115,2.23,,PUT,7390,0,25645,7/2/2026,WHITE,0,1,F,INDEX,,F,T,0,0
7/1/2026,3:51:03 PM,SPXW,ML/,133,2.23,,PUT,7390,0,29658,7/2/2026,WHITE,0,1,F,INDEX,,F,T,0,0
7/1/2026,2:16:15 PM,SPXW,ML/,50,28.2,,CALL,7490,0,141000,7/2/2026,WHITE,0,1,F,INDEX,,F,T,0,0
7/1/2026,2:56:07 PM,SPXW,ML/,100,26.8,,CALL,7490,0,268000,7/2/2026,WHITE,0,1,F,INDEX,,F,T,0,0
7/1/2026,3:54:35 PM,SPXW,ML/,100,23.7,,CALL,7490,0,237000,7/2/2026,WHITE,0,1,F,INDEX,,F,T,0,0
7/1/2026,4:10:10 PM,SPXW,BLOCK,50,18,,CALL,7490,0,90000,7/2/2026,WHITE,0,1,F,INDEX,,F,T,0,0
7/1/2026,11:05:30 AM,SPXW,ML/,300,35.48,,CALL,7490,0,1064400,7/2/2026,WHITE,0,1,F,INDEX,,F,T,0,0
7/1/2026,2:04:36 PM,SPXW,ML/,50,32.6,,CALL,7490,0,163000,7/2/2026,WHITE,0,1,F,INDEX,,F,T,0,0
7/1/2026,2:05:09 PM,SPXW,ML/,100,32.45,,CALL,7490,0,324500,7/2/2026,WHITE,0,1,F,INDEX,,F,T,0,0
7/1/2026,3:52:29 PM,SPXW,ML/,89,22.15,,CALL,7490,0,197135,7/2/2026,WHITE,0,1,F,INDEX,,F,T,0,0
7/1/2026,3:52:29 PM,SPXW,ML/,111,22.13,,CALL,7490,0,245642,7/2/2026,WHITE,0,1,F,INDEX,,F,T,0,0
7/1/2026,4:02:49 PM,SPXW,ML/,50,17.83,,CALL,7490,0,89149,7/2/2026,WHITE,0,1,F,INDEX,,F,T,0,0
7/1/2026,10:09:04 AM,SPXW,ML/,50,4.99,,PUT,7400,0,24950,7/2/2026,WHITE,0,1,F,INDEX,,F,T,0,0
7/1/2026,10:45:43 AM,SPXW,ML/,81,5,,PUT,7400,0,40500,7/2/2026,WHITE,0,1,F,INDEX,,F,T,0,0
7/1/2026,10:51:44 AM,SPXW,ML/,144,3.8,,PUT,7400,0,54719,7/2/2026,WHITE,0,1,F,INDEX,,F,T,0,0
7/1/2026,12:59:30 PM,SPXW,ML/,59,2.85,,PUT,7400,0,16815,7/2/2026,WHITE,0,1,F,INDEX,,F,T,0,0
7/1/2026,2:19:09 PM,SPXW,BLOCK,60,2.95,,PUT,7400,0,17700,7/2/2026,WHITE,0,1,F,INDEX,,F,T,0,0
7/1/2026,2:47:50 PM,SPXW,BLOCK,60,3.1,,PUT,7400,0,18600,7/2/2026,WHITE,0,1,F,INDEX,,F,T,0,0
7/1/2026,2:47:56 PM,SPXW,BLOCK,60,3.1,,PUT,7400,0,18600,7/2/2026,WHITE,0,1,F,INDEX,,F,T,0,0
7/1/2026,2:04:55 PM,SPXW,BLOCK,100,2.5,,PUT,7400,0,25000,7/2/2026,WHITE,0,1,F,INDEX,,F,T,0,0
7/1/2026,3:49:39 PM,SPXW,BLOCK,50,2.75,,PUT,7400,0,13750,7/2/2026,WHITE,0,1,F,INDEX,,F,T,0,0
7/1/2026,2:58:36 PM,SPXW,BLOCK,180,3.1,,PUT,7400,0,55800,7/2/2026,WHITE,0,1,F,INDEX,,F,T,0,0
7/1/2026,3:57:18 PM,SPXW,ML/,85,3.47,,PUT,7400,0,29495,7/2/2026,WHITE,0,1,F,INDEX,,F,T,0,0
7/1/2026,4:01:46 PM,SPXW,BLOCK,57,4.1,,PUT,7400,0,23370,7/2/2026,WHITE,0,1,F,INDEX,,F,T,0,0
7/1/2026,4:01:09 PM,SPXW,ML/,100,4.15,,PUT,7400,0,41500,7/2/2026,WHITE,0,1,F,INDEX,,F,T,0,0
7/1/2026,10:45:08 AM,SPXW,ML/,90,4.5,,PUT,7400,0,40500,7/2/2026,WHITE,0,1,F,INDEX,,F,T,0,0
7/1/2026,11:14:26 AM,SPXW,ML/,50,2.79,,PUT,7400,0,13950,7/2/2026,WHITE,0,1,F,INDEX,,F,T,0,0
7/1/2026,9:33:50 AM,SPXW,BLOCK,81,1.3,,PUT,7350,0,10530,7/1/2026,WHITE,0,0,F,INDEX,,F,T,0,0
7/1/2026,9:37:20 AM,SPXW,ML/,200,1.15,,PUT,7350,0,22999,7/1/2026,WHITE,0,0,F,INDEX,,F,T,0,0
7/1/2026,9:30:17 AM,SPXW,BLOCK,105,6.8,,CALL,7500,0,71400,7/1/2026,WHITE,0,0,F,INDEX,,F,T,0,0
7/1/2026,9:30:33 AM,SPXW,ML/,60,6.4,,CALL,7500,0,38400,7/1/2026,WHITE,0,0,F,INDEX,,F,T,0,0
7/1/2026,9:30:17 AM,SPXW,BLOCK,54,6.9,,CALL,7500,0,37260,7/1/2026,WHITE,0,0,F,INDEX,,F,T,0,0
7/1/2026,9:30:17 AM,SPXW,BLOCK,59,7,,CALL,7500,0,41300,7/1/2026,WHITE,0,0,F,INDEX,,F,T,0,0
7/1/2026,9:33:20 AM,SPXW,BLOCK,101,5.2,,CALL,7500,0,52520,7/1/2026,WHITE,0,0,F,INDEX,,F,T,0,0
7/1/2026,9:36:04 AM,SPXW,ML/,54,3.92,,CALL,7500,0,21168,7/1/2026,WHITE,0,0,F,INDEX,,F,T,0,0
7/1/2026,9:37:09 AM,SPXW,ML/,69,4.8,,CALL,7500,0,33120,7/1/2026,WHITE,0,0,F,INDEX,,F,T,0,0
7/1/2026,9:39:40 AM,SPXW,BLOCK,64,4.2,,CALL,7500,0,26880,7/1/2026,WHITE,0,0,F,INDEX,,F,T,0,0
7/1/2026,9:39:40 AM,SPXW,BLOCK,83,4.2,,CALL,7500,0,34860,7/1/2026,WHITE,0,0,F,INDEX,,F,T,0,0
7/1/2026,9:39:45 AM,SPXW,ML/,100,4.47,,CALL,7500,0,44700,7/1/2026,WHITE,0,0,F,INDEX,,F,T,0,0
7/1/2026,9:41:33 AM,SPXW,BLOCK,57,4.4,,CALL,7500,0,25080,7/1/2026,WHITE,0,0,F,INDEX,,F,T,0,0
7/1/2026,9:45:02 AM,SPXW,BLOCK,72,3.7,,CALL,7500,0,26640,7/1/2026,WHITE,0,0,F,INDEX,,F,T,0,0
7/1/2026,9:45:45 AM,SPXW,BLOCK,100,4.3,,CALL,7500,0,43000,7/1/2026,WHITE,0,0,F,INDEX,,F,T,0,0
7/1/2026,9:47:51 AM,SPXW,BLOCK,55,4.3,,CALL,7500,0,23650,7/1/2026,WHITE,0,0,F,INDEX,,F,T,0,0
7/1/2026,9:48:11 AM,SPXW,ML/,500,4.3,,CALL,7500,0,215000,7/1/2026,WHITE,0,0,F,INDEX,,F,T,0,0
7/1/2026,9:48:28 AM,SPXW,ML/,83,4.45,,CALL,7500,0,36935,7/1/2026,WHITE,0,0,F,INDEX,,F,T,0,0
7/1/2026,9:48:53 AM,SPXW,BLOCK,57,4.2,,CALL,7500,0,23940,7/1/2026,WHITE,0,0,F,INDEX,,F,T,0,0
7/1/2026,9:51:20 AM,SPXW,BLOCK,205,4.5,,CALL,7500,0,92250,7/1/2026,WHITE,0,0,F,INDEX,,F,T,0,0
7/1/2026,9:51:30 AM,SPXW,BLOCK,100,4.7,,CALL,7500,0,47000,7/1/2026,WHITE,0,0,F,INDEX,,F,T,0,0
7/1/2026,9:52:11 AM,SPXW,ML/,100,4.55,,CALL,7500,0,45500,7/1/2026,WHITE,0,0,F,INDEX,,F,T,0,0
7/1/2026,9:52:22 AM,SPXW,ML/,400,4.6,,CALL,7500,0,183999,7/1/2026,WHITE,0,0,F,INDEX,,F,T,0,0
7/1/2026,9:52:27 AM,SPXW,ML/,223,4.5,,CALL,7500,0,100350,7/1/2026,WHITE,0,0,F,INDEX,,F,T,0,0
7/1/2026,9:52:52 AM,SPXW,ML/,138,4.8,,CALL,7500,0,66240,7/1/2026,WHITE,0,0,F,INDEX,,F,T,0,0
7/1/2026,9:53:42 AM,SPXW,ML/,54,5,,CALL,7500,0,27000,7/1/2026,WHITE,0,0,F,INDEX,,F,T,0,0
7/1/2026,9:53:45 AM,SPXW,ML/,261,5.1,,CALL,7500,0,133110,7/1/2026,WHITE,0,0,F,INDEX,,F,T,0,0
7/1/2026,9:53:40 AM,SPXW,ML/,50,4.93,,CALL,7500,0,24650,7/1/2026,WHITE,0,0,F,INDEX,,F,T,0,0
7/1/2026,9:56:37 AM,SPXW,BLOCK,73,4.3,,CALL,7500,0,31389,7/1/2026,WHITE,0,0,F,INDEX,,F,T,0,0
7/1/2026,10:00:06 AM,SPXW,BLOCK,80,6,,CALL,7500,0,48000,7/1/2026,WHITE,0,0,F,INDEX,,F,T,0,0
7/1/2026,10:00:25 AM,SPXW,BLOCK,77,6.2,,CALL,7500,0,47740,7/1/2026,WHITE,0,0,F,INDEX,,F,T,0,0
7/1/2026,10:03:57 AM,SPXW,BLOCK,59,6,,CALL,7500,0,35400,7/1/2026,WHITE,0,0,F,INDEX,,F,T,0,0
7/1/2026,10:05:45 AM,SPXW,ML/,152,6.5,,CALL,7500,0,98800,7/1/2026,WHITE,0,0,F,INDEX,,F,T,0,0
7/1/2026,10:05:54 AM,SPXW,BLOCK,61,7,,CALL,7500,0,42700,7/1/2026,WHITE,0,0,F,INDEX,,F,T,0,0
7/1/2026,10:07:50 AM,SPXW,ML/,78,8,,CALL,7500,0,62400,7/1/2026,WHITE,0,0,F,INDEX,,F,T,0,0
7/1/2026,10:08:13 AM,SPXW,BLOCK,56,8.3,,CALL,7500,0,46480,7/1/2026,WHITE,0,0,F,INDEX,,F,T,0,0
7/1/2026,10:10:19 AM,SPXW,BLOCK,93,7.4,,CALL,7500,0,68820,7/1/2026,WHITE,0,0,F,INDEX,,F,T,0,0
7/1/2026,10:14:41 AM,SPXW,BLOCK,68,9,,CALL,7500,0,61200,7/1/2026,WHITE,0,0,F,INDEX,,F,T,0,0
7/1/2026,10:13:03 AM,SPXW,ML/,500,9.27,,CALL,7500,0,463500,7/1/2026,WHITE,0,0,F,INDEX,,F,T,0,0
7/1/2026,10:18:15 AM,SPXW,BLOCK,100,8.7,,CALL,7500,0,87000,7/1/2026,WHITE,0,0,F,INDEX,,F,T,0,0
7/1/2026,10:18:48 AM,SPXW,BLOCK,50,8.3,,CALL,7500,0,41500,7/1/2026,WHITE,0,0,F,INDEX,,F,T,0,0
7/1/2026,10:16:39 AM,SPXW,ML/,50,8.85,,CALL,7500,0,44250,7/1/2026,WHITE,0,0,F,INDEX,,F,T,0,0
7/1/2026,10:20:01 AM,SPXW,BLOCK,55,8.8,,CALL,7500,0,48400,7/1/2026,WHITE,0,0,F,INDEX,,F,T,0,0
7/1/2026,10:21:01 AM,SPXW,BLOCK,132,9.3,,CALL,7500,0,122760,7/1/2026,WHITE,0,0,F,INDEX,,F,T,0,0
7/1/2026,10:21:51 AM,SPXW,ML/,93,10,,CALL,7500,0,93000,7/1/2026,WHITE,0,0,F,INDEX,,F,T,0,0
7/1/2026,10:23:34 AM,SPXW,BLOCK,150,9.9,,CALL,7500,0,148500,7/1/2026,WHITE,0,0,F,INDEX,,F,T,0,0
7/1/2026,10:25:37 AM,SPXW,ML/,50,9.02,,CALL,7500,0,45100,7/1/2026,WHITE,0,0,F,INDEX,,F,T,0,0
7/1/2026,10:27:03 AM,SPXW,BLOCK,50,9.1,,CALL,7500,0,45500,7/1/2026,WHITE,0,0,F,INDEX,,F,T,0,0
7/1/2026,10:28:15 AM,SPXW,BLOCK,53,9.5,,CALL,7500,0,50350,7/1/2026,WHITE,0,0,F,INDEX,,F,T,0,0
7/1/2026,10:28:53 AM,SPXW,BLOCK,50,9.3,,CALL,7500,0,46500,7/1/2026,WHITE,0,0,F,INDEX,,F,T,0,0
7/1/2026,10:29:27 AM,SPXW,BLOCK,74,9.3,,CALL,7500,0,68820,7/1/2026,WHITE,0,0,F,INDEX,,F,T,0,0
7/1/2026,10:30:48 AM,SPXW,ML/,60,7.67,,CALL,7500,0,46020,7/1/2026,WHITE,0,0,F,INDEX,,F,T,0,0
7/1/2026,10:32:49 AM,SPXW,ML/,97,6.71,,CALL,7500,0,65087,7/1/2026,WHITE,0,0,F,INDEX,,F,T,0,0
7/1/2026,10:34:13 AM,SPXW,ML/,91,6.45,,CALL,7500,0,58695,7/1/2026,WHITE,0,0,F,INDEX,,F,T,0,0
7/1/2026,10:30:43 AM,SPXW,SWEEP,70,8.3,,CALL,7500,0,58100,7/1/2026,WHITE,0,0,F,INDEX,,F,T,0,0
7/1/2026,10:38:32 AM,SPXW,BLOCK,66,9,,CALL,7500,0,59400,7/1/2026,WHITE,0,0,F,INDEX,,F,T,0,0
7/1/2026,10:45:42 AM,SPXW,BLOCK,51,7,,CALL,7500,0,35700,7/1/2026,WHITE,0,0,F,INDEX,,F,T,0,0
7/1/2026,10:47:06 AM,SPXW,BLOCK,61,7.2,,CALL,7500,0,43920,7/1/2026,WHITE,0,0,F,INDEX,,F,T,0,0
7/1/2026,10:47:25 AM,SPXW,BLOCK,54,8,,CALL,7500,0,43200,7/1/2026,WHITE,0,0,F,INDEX,,F,T,0,0
7/1/2026,10:49:58 AM,SPXW,BLOCK,61,8,,CALL,7500,0,48800,7/1/2026,WHITE,0,0,F,INDEX,,F,T,0,0
7/1/2026,10:51:24 AM,SPXW,BLOCK,56,10,,CALL,7500,0,56000,7/1/2026,WHITE,0,0,F,INDEX,,F,T,0,0
7/1/2026,10:26:25 AM,SPXW,ML/,137,10.05,,CALL,7500,0,137685,7/1/2026,WHITE,0,0,F,INDEX,,F,T,0,0
7/1/2026,10:51:42 AM,SPXW,SWEEP,58,10.1,,CALL,7500,0,58579,7/1/2026,WHITE,0,0,F,INDEX,,F,T,0,0
7/1/2026,10:53:22 AM,SPXW,ML/,102,9.3,,CALL,7500,0,94860,7/1/2026,WHITE,0,0,F,INDEX,,F,T,0,0
7/1/2026,10:55:44 AM,SPXW,BLOCK,71,8.7,,CALL,7500,0,61769,7/1/2026,WHITE,0,0,F,INDEX,,F,T,0,0
7/1/2026,10:58:46 AM,SPXW,BLOCK,76,7.4,,CALL,7500,0,56240,7/1/2026,WHITE,0,0,F,INDEX,,F,T,0,0
7/1/2026,10:52:39 AM,SPXW,ML/,100,9.57,,CALL,7500,0,95700,7/1/2026,WHITE,0,0,F,INDEX,,F,T,0,0
7/1/2026,11:00:07 AM,SPXW,BLOCK,125,9.8,,CALL,7500,0,122500,7/1/2026,WHITE,0,0,F,INDEX,,F,T,0,0
7/1/2026,11:00:07 AM,SPXW,BLOCK,75,9.9,,CALL,7500,0,74250,7/1/2026,WHITE,0,0,F,INDEX,,F,T,0,0
7/1/2026,11:00:45 AM,SPXW,BLOCK,118,9.7,,CALL,7500,0,114459,7/1/2026,WHITE,0,0,F,INDEX,,F,T,0,0
7/1/2026,11:00:55 AM,SPXW,BLOCK,69,10,,CALL,7500,0,69000,7/1/2026,WHITE,0,0,F,INDEX,,F,T,0,0
7/1/2026,11:02:19 AM,SPXW,BLOCK,113,11,,CALL,7500,0,124300,7/1/2026,WHITE,0,0,F,INDEX,,F,T,0,0
7/1/2026,11:02:19 AM,SPXW,BLOCK,58,10.9,,CALL,7500,0,63220,7/1/2026,WHITE,0,0,F,INDEX,,F,T,0,0
7/1/2026,11:01:52 AM,SPXW,BLOCK,84,10.3,,CALL,7500,0,86520,7/1/2026,WHITE,0,0,F,INDEX,,F,T,0,0
7/1/2026,11:03:06 AM,SPXW,BLOCK,64,12,,CALL,7500,0,76800,7/1/2026,WHITE,0,0,F,INDEX,,F,T,0,0
7/1/2026,11:04:01 AM,SPXW,BLOCK,63,12.3,,CALL,7500,0,77490,7/1/2026,WHITE,0,0,F,INDEX,,F,T,0,0
7/1/2026,11:04:06 AM,SPXW,BLOCK,54,13.2,,CALL,7500,0,71280,7/1/2026,WHITE,0,0,F,INDEX,,F,T,0,0
7/1/2026,11:04:09 AM,SPXW,BLOCK,51,13.6,,CALL,7500,0,69360,7/1/2026,WHITE,0,0,F,INDEX,,F,T,0,0
7/1/2026,11:04:09 AM,SPXW,BLOCK,71,13.5,,CALL,7500,0,95850,7/1/2026,WHITE,0,0,F,INDEX,,F,T,0,0
7/1/2026,11:04:38 AM,SPXW,ML/,68,14,,CALL,7500,0,95200,7/1/2026,WHITE,0,0,F,INDEX,,F,T,0,0
7/1/2026,11:12:09 AM,SPXW,ML/,86,12.9,,CALL,7500,0,110940,7/1/2026,WHITE,0,0,F,INDEX,,F,T,0,0
7/1/2026,11:07:00 AM,SPXW,ML/,100,14.58,,CALL,7500,0,145800,7/1/2026,WHITE,0,0,F,INDEX,,F,T,0,0
7/1/2026,11:20:47 AM,SPXW,BLOCK,66,20,,CALL,7500,0,132000,7/1/2026,WHITE,0,0,F,INDEX,,F,T,0,0
7/1/2026,11:24:01 AM,SPXW,ML/,60,21.6,,CALL,7500,0,129600,7/1/2026,WHITE,0,0,F,INDEX,,F,T,0,0
7/1/2026,11:32:36 AM,SPXW,ML/,71,21.2,,CALL,7500,0,150519,7/1/2026,WHITE,0,0,F,INDEX,,F,T,0,0
7/1/2026,11:33:18 AM,SPXW,ML/,82,20.6,,CALL,7500,0,168920,7/1/2026,WHITE,0,0,F,INDEX,,F,T,0,0
7/1/2026,11:35:48 AM,SPXW,BLOCK,52,19.1,,CALL,7500,0,99320,7/1/2026,WHITE,0,0,F,INDEX,,F,T,0,0
7/1/2026,11:40:01 AM,SPXW,BLOCK,87,18.5,,CALL,7500,0,160950,7/1/2026,WHITE,0,0,F,INDEX,,F,T,0,0
7/1/2026,11:46:34 AM,SPXW,BLOCK,100,19.5,,CALL,7500,0,195000,7/1/2026,WHITE,0,0,F,INDEX,,F,T,0,0
7/1/2026,11:48:40 AM,SPXW,ML/,90,19,,CALL,7500,0,171000,7/1/2026,WHITE,0,0,F,INDEX,,F,T,0,0
7/1/2026,11:50:11 AM,SPXW,BLOCK,140,17.6,,CALL,7500,0,246400,7/1/2026,WHITE,0,0,F,INDEX,,F,T,0,0
7/1/2026,11:51:05 AM,SPXW,BLOCK,84,16.8,,CALL,7500,0,141120,7/1/2026,WHITE,0,0,F,INDEX,,F,T,0,0
7/1/2026,11:51:59 AM,SPXW,BLOCK,89,17.3,,CALL,7500,0,153970,7/1/2026,WHITE,0,0,F,INDEX,,F,T,0,0
7/1/2026,11:51:59 AM,SPXW,BLOCK,55,17.2,,CALL,7500,0,94600,7/1/2026,WHITE,0,0,F,INDEX,,F,T,0,0
7/1/2026,11:56:08 AM,SPXW,BLOCK,143,17,,CALL,7500,0,243100,7/1/2026,WHITE,0,0,F,INDEX,,F,T,0,0
7/1/2026,11:56:16 AM,SPXW,BLOCK,66,17,,CALL,7500,0,112200,7/1/2026,WHITE,0,0,F,INDEX,,F,T,0,0
7/1/2026,11:57:32 AM,SPXW,BLOCK,65,17.9,,CALL,7500,0,116350,7/1/2026,WHITE,0,0,F,INDEX,,F,T,0,0
7/1/2026,11:57:32 AM,SPXW,BLOCK,62,18,,CALL,7500,0,111600,7/1/2026,WHITE,0,0,F,INDEX,,F,T,0,0
7/1/2026,12:01:00 PM,SPXW,BLOCK,76,19.4,,CALL,7500,0,147440,7/1/2026,WHITE,0,0,F,INDEX,,F,T,0,0
7/1/2026,12:02:17 PM,SPXW,ML/,55,20.5,,CALL,7500,0,112750,7/1/2026,WHITE,0,0,F,INDEX,,F,T,0,0
7/1/2026,12:02:26 PM,SPXW,ML/,87,20.5,,CALL,7500,0,178350,7/1/2026,WHITE,0,0,F,INDEX,,F,T,0,0
7/1/2026,12:02:38 PM,SPXW,BLOCK,120,20.9,,CALL,7500,0,250800,7/1/2026,WHITE,0,0,F,INDEX,,F,T,0,0
7/1/2026,12:04:03 PM,SPXW,ML/,251,20.4,,CALL,7500,0,512039,7/1/2026,WHITE,0,0,F,INDEX,,F,T,0,0
7/1/2026,12:02:05 PM,SPXW,ML/,177,18.92,,CALL,7500,0,334884,7/1/2026,WHITE,0,0,F,INDEX,,F,T,0,0
7/1/2026,12:04:25 PM,SPXW,BLOCK,87,19.9,,CALL,7500,0,173130,7/1/2026,WHITE,0,0,F,INDEX,,F,T,0,0
7/1/2026,11:20:48 AM,SPXW,ML/,62,20.35,,CALL,7500,0,126170,7/1/2026,WHITE,0,0,F,INDEX,,F,T,0,0
7/1/2026,12:09:30 PM,SPXW,BLOCK,68,19.9,,CALL,7500,0,135319,7/1/2026,WHITE,0,0,F,INDEX,,F,T,0,0
7/1/2026,12:10:23 PM,SPXW,SWEEP,57,19.6,,CALL,7500,0,111720,7/1/2026,WHITE,0,0,F,INDEX,,F,T,0,0
7/1/2026,12:10:23 PM,SPXW,BLOCK,77,19.7,,CALL,7500,0,151690,7/1/2026,WHITE,0,0,F,INDEX,,F,T,0,0
7/1/2026,12:02:05 PM,SPXW,ML/,59,18.93,,CALL,7500,0,111686,7/1/2026,WHITE,0,0,F,INDEX,,F,T,0,0
7/1/2026,12:04:03 PM,SPXW,ML/,251,20.44,,CALL,7500,0,513044,7/1/2026,WHITE,0,0,F,INDEX,,F,T,0,0
7/1/2026,12:11:48 PM,SPXW,BLOCK,78,20.5,,CALL,7500,0,159900,7/1/2026,WHITE,0,0,F,INDEX,,F,T,0,0
7/1/2026,12:07:25 PM,SPXW,BLOCK,102,21.1,,CALL,7500,0,215220,7/1/2026,WHITE,0,0,F,INDEX,,F,T,0,0
7/1/2026,12:12:56 PM,SPXW,BLOCK,103,21.2,,CALL,7500,0,218360,7/1/2026,WHITE,0,0,F,INDEX,,F,T,0,0
7/1/2026,12:03:27 PM,SPXW,BLOCK,95,21.6,,CALL,7500,0,205200,7/1/2026,WHITE,0,0,F,INDEX,,F,T,0,0
7/1/2026,12:17:58 PM,SPXW,BLOCK,78,20.1,,CALL,7500,0,156780,7/1/2026,WHITE,0,0,F,INDEX,,F,T,0,0
7/1/2026,12:19:33 PM,SPXW,BLOCK,70,20.8,,CALL,7500,0,145600,7/1/2026,WHITE,0,0,F,INDEX,,F,T,0,0
7/1/2026,12:23:13 PM,SPXW,ML/,80,22.5,,CALL,7500,0,180000,7/1/2026,WHITE,0,0,F,INDEX,,F,T,0,0
7/1/2026,12:26:25 PM,SPXW,ML/,114,22.3,,CALL,7500,0,254219,7/1/2026,WHITE,0,0,F,INDEX,,F,T,0,0
7/1/2026,12:37:52 PM,SPXW,BLOCK,51,19.1,,CALL,7500,0,97410,7/1/2026,WHITE,0,0,F,INDEX,,F,T,0,0
7/1/2026,12:38:35 PM,SPXW,BLOCK,64,18.4,,CALL,7500,0,117759,7/1/2026,WHITE,0,0,F,INDEX,,F,T,0,0
7/1/2026,12:41:20 PM,SPXW,ML/,50,15.38,,CALL,7500,0,76900,7/1/2026,WHITE,0,0,F,INDEX,,F,T,0,0
7/1/2026,12:47:20 PM,SPXW,BLOCK,51,17.1,,CALL,7500,0,87210,7/1/2026,WHITE,0,0,F,INDEX,,F,T,0,0
7/1/2026,12:47:03 PM,SPXW,BLOCK,51,16.5,,CALL,7500,0,84150,7/1/2026,WHITE,0,0,F,INDEX,,F,T,0,0
7/1/2026,12:46:20 PM,SPXW,BLOCK,105,16.2,,CALL,7500,0,170100,7/1/2026,WHITE,0,0,F,INDEX,,F,T,0,0
7/1/2026,12:46:14 PM,SPXW,ML/,750,15.8,,CALL,7500,0,1185000,7/1/2026,WHITE,0,0,F,INDEX,,F,T,0,0
7/1/2026,11:09:16 AM,SPXW,ML/,64,11.76,,CALL,7500,0,75264,7/1/2026,WHITE,0,0,F,INDEX,,F,T,0,0
7/1/2026,12:59:11 PM,SPXW,ML/,52,10.87,,CALL,7500,0,56524,7/1/2026,WHITE,0,0,F,INDEX,,F,T,0,0
7/1/2026,12:59:02 PM,SPXW,ML/,75,10.95,,CALL,7500,0,82125,7/1/2026,WHITE,0,0,F,INDEX,,F,T,0,0
7/1/2026,1:06:04 PM,SPXW,BLOCK,63,9,,CALL,7500,0,56700,7/1/2026,WHITE,0,0,F,INDEX,,F,T,0,0
7/1/2026,1:07:02 PM,SPXW,BLOCK,63,9,,CALL,7500,0,56700,7/1/2026,WHITE,0,0,F,INDEX,,F,T,0,0
7/1/2026,1:07:25 PM,SPXW,BLOCK,88,9,,CALL,7500,0,79200,7/1/2026,WHITE,0,0,F,INDEX,,F,T,0,0
7/1/2026,1:08:18 PM,SPXW,BLOCK,64,9.4,,CALL,7500,0,60160,7/1/2026,WHITE,0,0,F,INDEX,,F,T,0,0
7/1/2026,1:25:31 PM,SPXW,BLOCK,55,13.4,,CALL,7500,0,73700,7/1/2026,WHITE,0,0,F,INDEX,,F,T,0,0
7/1/2026,11:09:16 AM,SPXW,ML/,66,11.78,,CALL,7500,0,77747,7/1/2026,WHITE,0,0,F,INDEX,,F,T,0,0
7/1/2026,1:34:12 PM,SPXW,BLOCK,61,10,,CALL,7500,0,61000,7/1/2026,WHITE,0,0,F,INDEX,,F,T,0,0
7/1/2026,1:48:50 PM,SPXW,BLOCK,50,7.5,,CALL,7500,0,37500,7/1/2026,WHITE,0,0,F,INDEX,,F,T,0,0
7/1/2026,1:53:56 PM,SPXW,BLOCK,52,9,,CALL,7500,0,46800,7/1/2026,WHITE,0,0,F,INDEX,,F,T,0,0
7/1/2026,2:00:03 PM,SPXW,BLOCK,90,6,,CALL,7500,0,54000,7/1/2026,WHITE,0,0,F,INDEX,,F,T,0,0
7/1/2026,2:05:04 PM,SPXW,BLOCK,57,8,,CALL,7500,0,45600,7/1/2026,WHITE,0,0,F,INDEX,,F,T,0,0
7/1/2026,2:02:19 PM,SPXW,ML/,52,7.65,,CALL,7500,0,39780,7/1/2026,WHITE,0,0,F,INDEX,,F,T,0,0
7/1/2026,9:50:56 AM,SPXW,ML/,100,4.1,,CALL,7500,0,40999,7/1/2026,WHITE,0,0,F,INDEX,,F,T,0,0
7/1/2026,2:15:57 PM,SPXW,ML/,81,4.5,,CALL,7500,0,36450,7/1/2026,WHITE,0,0,F,INDEX,,F,T,0,0
7/1/2026,9:52:28 AM,SPXW,ML/,96,4.37,,CALL,7500,0,41952,7/1/2026,WHITE,0,0,F,INDEX,,F,T,0,0
7/1/2026,2:18:34 PM,SPXW,BLOCK,59,4.5,,CALL,7500,0,26550,7/1/2026,WHITE,0,0,F,INDEX,,F,T,0,0
7/1/2026,2:19:38 PM,SPXW,BLOCK,78,5.2,,CALL,7500,0,40560,7/1/2026,WHITE,0,0,F,INDEX,,F,T,0,0
7/1/2026,2:22:14 PM,SPXW,BLOCK,50,6,,CALL,7500,0,30000,7/1/2026,WHITE,0,0,F,INDEX,,F,T,0,0
7/1/2026,2:22:17 PM,SPXW,BLOCK,68,6,,CALL,7500,0,40800,7/1/2026,WHITE,0,0,F,INDEX,,F,T,0,0
7/1/2026,2:24:46 PM,SPXW,BLOCK,100,6.1,,CALL,7500,0,61000,7/1/2026,WHITE,0,0,F,INDEX,,F,T,0,0
7/1/2026,9:30:40 AM,SPXW,ML/,80,6.38,,CALL,7500,0,51040,7/1/2026,WHITE,0,0,F,INDEX,,F,T,0,0
7/1/2026,2:25:07 PM,SPXW,BLOCK,85,7,,CALL,7500,0,59500,7/1/2026,WHITE,0,0,F,INDEX,,F,T,0,0
7/1/2026,2:30:00 PM,SPXW,BLOCK,138,5,,CALL,7500,0,69000,7/1/2026,WHITE,0,0,F,INDEX,,F,T,0,0
7/1/2026,2:31:11 PM,SPXW,BLOCK,108,4.4,,CALL,7500,0,47520,7/1/2026,WHITE,0,0,F,INDEX,,F,T,0,0
7/1/2026,2:19:08 PM,SPXW,ML/,200,4.72,,CALL,7500,0,94400,7/1/2026,WHITE,0,0,F,INDEX,,F,T,0,0
7/1/2026,2:36:10 PM,SPXW,BLOCK,53,5,,CALL,7500,0,26500,7/1/2026,WHITE,0,0,F,INDEX,,F,T,0,0
7/1/2026,2:40:23 PM,SPXW,BLOCK,54,4.8,,CALL,7500,0,25920,7/1/2026,WHITE,0,0,F,INDEX,,F,T,0,0
7/1/2026,2:42:03 PM,SPXW,ML/,80,4.91,,CALL,7500,0,39280,7/1/2026,WHITE,0,0,F,INDEX,,F,T,0,0
7/1/2026,2:42:35 PM,SPXW,BLOCK,77,5,,CALL,7500,0,38500,7/1/2026,WHITE,0,0,F,INDEX,,F,T,0,0
7/1/2026,2:42:35 PM,SPXW,ML/,274,5.1,,CALL,7500,0,139740,7/1/2026,WHITE,0,0,F,INDEX,,F,T,0,0
7/1/2026,2:47:22 PM,SPXW,BLOCK,148,4,,CALL,7500,0,59200,7/1/2026,WHITE,0,0,F,INDEX,,F,T,0,0
7/1/2026,2:48:10 PM,SPXW,BLOCK,91,3.2,,CALL,7500,0,29120,7/1/2026,WHITE,0,0,F,INDEX,,F,T,0,0
7/1/2026,2:48:17 PM,SPXW,BLOCK,51,3.4,,CALL,7500,0,17340,7/1/2026,WHITE,0,0,F,INDEX,,F,T,0,0
7/1/2026,2:49:02 PM,SPXW,ML/,50,3.77,,CALL,7500,0,18850,7/1/2026,WHITE,0,0,F,INDEX,,F,T,0,0
7/1/2026,2:50:07 PM,SPXW,BLOCK,53,3.9,,CALL,7500,0,20670,7/1/2026,WHITE,0,0,F,INDEX,,F,T,0,0
7/1/2026,2:52:43 PM,SPXW,BLOCK,53,3.5,,CALL,7500,0,18550,7/1/2026,WHITE,0,0,F,INDEX,,F,T,0,0
7/1/2026,2:53:11 PM,SPXW,BLOCK,55,3.3,,CALL,7500,0,18149,7/1/2026,WHITE,0,0,F,INDEX,,F,T,0,0
7/1/2026,2:53:25 PM,SPXW,BLOCK,54,3,,CALL,7500,0,16200,7/1/2026,WHITE,0,0,F,INDEX,,F,T,0,0
7/1/2026,2:53:36 PM,SPXW,BLOCK,77,3,,CALL,7500,0,23100,7/1/2026,WHITE,0,0,F,INDEX,,F,T,0,0
7/1/2026,2:55:00 PM,SPXW,BLOCK,101,2.65,,CALL,7500,0,26764,7/1/2026,WHITE,0,0,F,INDEX,,F,T,0,0
7/1/2026,2:55:25 PM,SPXW,BLOCK,64,2.85,,CALL,7500,0,18240,7/1/2026,WHITE,0,0,F,INDEX,,F,T,0,0
7/1/2026,2:57:47 PM,SPXW,ML/,300,2.8,,CALL,7500,0,84000,7/1/2026,WHITE,0,0,F,INDEX,,F,T,0,0
7/1/2026,2:59:13 PM,SPXW,BLOCK,101,3.6,,CALL,7500,0,36360,7/1/2026,WHITE,0,0,F,INDEX,,F,T,0,0
7/1/2026,2:59:13 PM,SPXW,BLOCK,94,3.5,,CALL,7500,0,32900,7/1/2026,WHITE,0,0,F,INDEX,,F,T,0,0
7/1/2026,2:59:27 PM,SPXW,BLOCK,102,3.5,,CALL,7500,0,35700,7/1/2026,WHITE,0,0,F,INDEX,,F,T,0,0
7/1/2026,2:59:45 PM,SPXW,ML/,200,3.4,,CALL,7500,0,68000,7/1/2026,WHITE,0,0,F,INDEX,,F,T,0,0
7/1/2026,3:00:02 PM,SPXW,BLOCK,54,3.2,,CALL,7500,0,17280,7/1/2026,WHITE,0,0,F,INDEX,,F,T,0,0
7/1/2026,2:59:13 PM,SPXW,BLOCK,111,3.7,,CALL,7500,0,41070,7/1/2026,WHITE,0,0,F,INDEX,,F,T,0,0
7/1/2026,3:00:22 PM,SPXW,BLOCK,79,4,,CALL,7500,0,31600,7/1/2026,WHITE,0,0,F,INDEX,,F,T,0,0
7/1/2026,2:46:45 PM,SPXW,ML/,122,4.22,,CALL,7500,0,51484,7/1/2026,WHITE,0,0,F,INDEX,,F,T,0,0
7/1/2026,3:00:48 PM,SPXW,BLOCK,50,3.3,,CALL,7500,0,16500,7/1/2026,WHITE,0,0,F,INDEX,,F,T,0,0
7/1/2026,3:00:59 PM,SPXW,BLOCK,51,3.5,,CALL,7500,0,17850,7/1/2026,WHITE,0,0,F,INDEX,,F,T,0,0
7/1/2026,3:01:07 PM,SPXW,BLOCK,59,3.5,,CALL,7500,0,20650,7/1/2026,WHITE,0,0,F,INDEX,,F,T,0,0
7/1/2026,3:00:59 PM,SPXW,BLOCK,50,3.6,,CALL,7500,0,18000,7/1/2026,WHITE,0,0,F,INDEX,,F,T,0,0
7/1/2026,3:02:46 PM,SPXW,BLOCK,100,4.4,,CALL,7500,0,44000,7/1/2026,WHITE,0,0,F,INDEX,,F,T,0,0
7/1/2026,3:04:06 PM,SPXW,ML/,70,4.6,,CALL,7500,0,32200,7/1/2026,WHITE,0,0,F,INDEX,,F,T,0,0
7/1/2026,3:04:14 PM,SPXW,ML/,78,5,,CALL,7500,0,39000,7/1/2026,WHITE,0,0,F,INDEX,,F,T,0,0
7/1/2026,3:04:30 PM,SPXW,BLOCK,84,4.6,,CALL,7500,0,38640,7/1/2026,WHITE,0,0,F,INDEX,,F,T,0,0
7/1/2026,3:05:14 PM,SPXW,BLOCK,50,5.6,,CALL,7500,0,28000,7/1/2026,WHITE,0,0,F,INDEX,,F,T,0,0
7/1/2026,3:05:48 PM,SPXW,BLOCK,109,6,,CALL,7500,0,65400,7/1/2026,WHITE,0,0,F,INDEX,,F,T,0,0
7/1/2026,3:07:11 PM,SPXW,BLOCK,210,6,,CALL,7500,0,126000,7/1/2026,WHITE,0,0,F,INDEX,,F,T,0,0
7/1/2026,3:09:20 PM,SPXW,BLOCK,57,7,,CALL,7500,0,39900,7/1/2026,WHITE,0,0,F,INDEX,,F,T,0,0
7/1/2026,3:07:43 PM,SPXW,ML/,50,5.89,,CALL,7500,0,29450,7/1/2026,WHITE,0,0,F,INDEX,,F,T,0,0
7/1/2026,3:11:52 PM,SPXW,BLOCK,58,5,,CALL,7500,0,29000,7/1/2026,WHITE,0,0,F,INDEX,,F,T,0,0
7/1/2026,3:13:34 PM,SPXW,BLOCK,50,4.7,,CALL,7500,0,23500,7/1/2026,WHITE,0,0,F,INDEX,,F,T,0,0
7/1/2026,3:18:31 PM,SPXW,ML/,106,4.4,,CALL,7500,0,46640,7/1/2026,WHITE,0,0,F,INDEX,,F,T,0,0
7/1/2026,3:19:58 PM,SPXW,BLOCK,95,4.8,,CALL,7500,0,45600,7/1/2026,WHITE,0,0,F,INDEX,,F,T,0,0
7/1/2026,3:21:52 PM,SPXW,BLOCK,67,4.4,,CALL,7500,0,29480,7/1/2026,WHITE,0,0,F,INDEX,,F,T,0,0
7/1/2026,9:39:51 AM,SPXW,ML/,99,4.48,,CALL,7500,0,44352,7/1/2026,WHITE,0,0,F,INDEX,,F,T,0,0
7/1/2026,3:22:44 PM,SPXW,BLOCK,61,4,,CALL,7500,0,24400,7/1/2026,WHITE,0,0,F,INDEX,,F,T,0,0
7/1/2026,3:25:35 PM,SPXW,BLOCK,50,4.2,,CALL,7500,0,21000,7/1/2026,WHITE,0,0,F,INDEX,,F,T,0,0
7/1/2026,3:25:35 PM,SPXW,BLOCK,50,4.1,,CALL,7500,0,20500,7/1/2026,WHITE,0,0,F,INDEX,,F,T,0,0
7/1/2026,3:26:18 PM,SPXW,ML/,200,2.82,,CALL,7500,0,56400,7/1/2026,WHITE,0,0,F,INDEX,,F,T,0,0
7/1/2026,3:27:49 PM,SPXW,BLOCK,56,2.5,,CALL,7500,0,14000,7/1/2026,WHITE,0,0,F,INDEX,,F,T,0,0
7/1/2026,3:28:08 PM,SPXW,ML/,50,2.55,,CALL,7500,0,12750,7/1/2026,WHITE,0,0,F,INDEX,,F,T,0,0
7/1/2026,3:28:36 PM,SPXW,BLOCK,56,2.6,,CALL,7500,0,14560,7/1/2026,WHITE,0,0,F,INDEX,,F,T,0,0
7/1/2026,3:29:21 PM,SPXW,BLOCK,77,2.95,,CALL,7500,0,22715,7/1/2026,WHITE,0,0,F,INDEX,,F,T,0,0
7/1/2026,3:29:46 PM,SPXW,SWEEP,50,2.8,,CALL,7500,0,14000,7/1/2026,WHITE,0,0,F,INDEX,,F,T,0,0
7/1/2026,3:29:46 PM,SPXW,BLOCK,53,2.75,,CALL,7500,0,14575,7/1/2026,WHITE,0,0,F,INDEX,,F,T,0,0
7/1/2026,3:29:57 PM,SPXW,BLOCK,127,2.5,,CALL,7500,0,31750,7/1/2026,WHITE,0,0,F,INDEX,,F,T,0,0
7/1/2026,3:30:35 PM,SPXW,BLOCK,60,3.2,,CALL,7500,0,19200,7/1/2026,WHITE,0,0,F,INDEX,,F,T,0,0
7/1/2026,3:30:46 PM,SPXW,BLOCK,50,3.5,,CALL,7500,0,17500,7/1/2026,WHITE,0,0,F,INDEX,,F,T,0,0
7/1/2026,3:30:57 PM,SPXW,BLOCK,51,3.4,,CALL,7500,0,17339,7/1/2026,WHITE,0,0,F,INDEX,,F,T,0,0
7/1/2026,3:31:19 PM,SPXW,BLOCK,56,2.65,,CALL,7500,0,14840,7/1/2026,WHITE,0,0,F,INDEX,,F,T,0,0
7/1/2026,3:31:28 PM,SPXW,BLOCK,50,2.65,,CALL,7500,0,13250,7/1/2026,WHITE,0,0,F,INDEX,,F,T,0,0
7/1/2026,3:33:19 PM,SPXW,BLOCK,124,2.75,,CALL,7500,0,34100,7/1/2026,WHITE,0,0,F,INDEX,,F,T,0,0
7/1/2026,3:33:47 PM,SPXW,BLOCK,50,2.85,,CALL,7500,0,14250,7/1/2026,WHITE,0,0,F,INDEX,,F,T,0,0
7/1/2026,3:33:52 PM,SPXW,BLOCK,151,2.95,,CALL,7500,0,44545,7/1/2026,WHITE,0,0,F,INDEX,,F,T,0,0
7/1/2026,3:35:09 PM,SPXW,BLOCK,197,2.5,,CALL,7500,0,49250,7/1/2026,WHITE,0,0,F,INDEX,,F,T,0,0
7/1/2026,3:35:50 PM,SPXW,ML/,50,2.2,,CALL,7500,0,11000,7/1/2026,WHITE,0,0,F,INDEX,,F,T,0,0
7/1/2026,3:36:16 PM,SPXW,ML/,59,2,,CALL,7500,0,11800,7/1/2026,WHITE,0,0,F,INDEX,,F,T,0,0
7/1/2026,3:36:17 PM,SPXW,BLOCK,144,2,,CALL,7500,0,28800,7/1/2026,WHITE,0,0,F,INDEX,,F,T,0,0
7/1/2026,3:37:17 PM,SPXW,BLOCK,67,1.9,,CALL,7500,0,12730,7/1/2026,WHITE,0,0,F,INDEX,,F,T,0,0
7/1/2026,3:39:00 PM,SPXW,ML/,72,1.52,,CALL,7500,0,10944,7/1/2026,WHITE,0,0,F,INDEX,,F,T,0,0
7/1/2026,3:39:15 PM,SPXW,BLOCK,87,1.5,,CALL,7500,0,13050,7/1/2026,WHITE,0,0,F,INDEX,,F,T,0,0
7/1/2026,3:39:54 PM,SPXW,BLOCK,59,1.7,,CALL,7500,0,10030,7/1/2026,WHITE,0,0,F,INDEX,,F,T,0,0
7/1/2026,3:40:40 PM,SPXW,ML/,125,1.3,,CALL,7500,0,16250,7/1/2026,WHITE,0,0,F,INDEX,,F,T,0,0
7/1/2026,3:40:45 PM,SPXW,BLOCK,153,1.1,,CALL,7500,0,16830,7/1/2026,WHITE,0,0,F,INDEX,,F,T,0,0
7/1/2026,3:41:30 PM,SPXW,ML/,136,1,,CALL,7500,0,13600,7/1/2026,WHITE,0,0,F,INDEX,,F,T,0,0
7/1/2026,3:41:34 PM,SPXW,BLOCK,100,1.05,,CALL,7500,0,10500,7/1/2026,WHITE,0,0,F,INDEX,,F,T,0,0
7/1/2026,3:41:54 PM,SPXW,ML/,100,1,,CALL,7500,0,10000,7/1/2026,WHITE,0,0,F,INDEX,,F,T,0,0
7/1/2026,3:42:05 PM,SPXW,ML/,131,1,,CALL,7500,0,13100,7/1/2026,WHITE,0,0,F,INDEX,,F,T,0,0
7/1/2026,3:43:02 PM,SPXW,ML/,107,1.16,,CALL,7500,0,12411,7/1/2026,WHITE,0,0,F,INDEX,,F,T,0,0
7/1/2026,3:43:44 PM,SPXW,BLOCK,145,1,,CALL,7500,0,14500,7/1/2026,WHITE,0,0,F,INDEX,,F,T,0,0
7/1/2026,3:45:23 PM,SPXW,ML/,126,0.9,,CALL,7500,0,11340,7/1/2026,WHITE,0,0,F,INDEX,,F,T,0,0
7/1/2026,3:47:45 PM,SPXW,BLOCK,121,1,,CALL,7500,0,12100,7/1/2026,WHITE,0,0,F,INDEX,,F,T,0,0
7/1/2026,3:48:51 PM,SPXW,ML/,202,0.67,,CALL,7500,0,13534,7/1/2026,WHITE,0,0,F,INDEX,,F,T,0,0
7/1/2026,3:50:18 PM,SPXW,ML/,249,0.8,,CALL,7500,0,19920,7/1/2026,WHITE,0,0,F,INDEX,,F,T,0,0
7/1/2026,3:50:22 PM,SPXW,ML/,157,0.8,,CALL,7500,0,12560,7/1/2026,WHITE,0,0,F,INDEX,,F,T,0,0
7/1/2026,3:50:50 PM,SPXW,BLOCK,304,0.65,,CALL,7500,0,19760,7/1/2026,WHITE,0,0,F,INDEX,,F,T,0,0
7/1/2026,3:51:45 PM,SPXW,ML/,511,0.3,,CALL,7500,0,15330,7/1/2026,WHITE,0,0,F,INDEX,,F,T,0,0
7/1/2026,3:52:27 PM,SPXW,ML/,501,0.2,,CALL,7500,0,10020,7/1/2026,WHITE,0,0,F,INDEX,,F,T,0,0
7/1/2026,3:52:58 PM,SPXW,ML/,500,0.25,,CALL,7500,0,12500,7/1/2026,WHITE,0,0,F,INDEX,,F,T,0,0
7/1/2026,1:56:44 PM,SPXW,ML/,50,7.33,,CALL,7500,0,36650,7/1/2026,WHITE,0,0,F,INDEX,,F,T,0,0
7/1/2026,12:59:39 PM,SPXW,ML/,50,9.34,,CALL,7500,0,46700,7/1/2026,WHITE,0,0,F,INDEX,,F,T,0,0
7/1/2026,1:51:36 PM,SPXW,ML/,60,8.03,,CALL,7500,0,48179,7/1/2026,WHITE,0,0,F,INDEX,,F,T,0,0
7/1/2026,10:51:30 AM,SPXW,ML/,50,9.86,,CALL,7500,0,49300,7/1/2026,WHITE,0,0,F,INDEX,,F,T,0,0
7/1/2026,10:30:00 AM,SPXW,ML/,50,9.31,,CALL,7500,0,46550,7/1/2026,WHITE,0,0,F,INDEX,,F,T,0,0
7/1/2026,1:23:42 PM,SPXW,ML/,60,12.53,,CALL,7500,0,75180,7/1/2026,WHITE,0,0,F,INDEX,,F,T,0,0
7/1/2026,11:08:01 AM,SPXW,ML/,176,13.41,,CALL,7500,0,236016,7/1/2026,WHITE,0,0,F,INDEX,,F,T,0,0
7/1/2026,11:12:09 AM,SPXW,ML/,62,12.82,,CALL,7500,0,79484,7/1/2026,WHITE,0,0,F,INDEX,,F,T,0,0
7/1/2026,11:09:16 AM,SPXW,ML/,72,11.77,,CALL,7500,0,84744,7/1/2026,WHITE,0,0,F,INDEX,,F,T,0,0
7/1/2026,11:12:09 AM,SPXW,ML/,88,12.81,,CALL,7500,0,112728,7/1/2026,WHITE,0,0,F,INDEX,,F,T,0,0
7/1/2026,11:12:09 AM,SPXW,ML/,50,12.91,,CALL,7500,0,64550,7/1/2026,WHITE,0,0,F,INDEX,,F,T,0,0
7/1/2026,11:18:17 AM,SPXW,ML/,50,16.63,,CALL,7500,0,83149,7/1/2026,WHITE,0,0,F,INDEX,,F,T,0,0
7/1/2026,11:17:55 AM,SPXW,ML/,50,16.78,,CALL,7500,0,83900,7/1/2026,WHITE,0,0,F,INDEX,,F,T,0,0
7/1/2026,12:47:28 PM,SPXW,BLOCK,80,17.3,,CALL,7500,0,138400,7/1/2026,WHITE,0,0,F,INDEX,,F,T,0,0
7/1/2026,12:08:00 PM,SPXW,ML/,491,20.35,,CALL,7500,0,999185,7/1/2026,WHITE,0,0,F,INDEX,,F,T,0,0
7/1/2026,12:02:19 PM,SPXW,ML/,124,20.47,,CALL,7500,0,253827,7/1/2026,WHITE,0,0,F,INDEX,,F,T,0,0
7/1/2026,11:28:24 AM,SPXW,ML/,66,23.37,,CALL,7500,0,154242,7/1/2026,WHITE,0,0,F,INDEX,,F,T,0,0
7/1/2026,11:28:59 AM,SPXW,ML/,70,23.26,,CALL,7500,0,162820,7/1/2026,WHITE,0,0,F,INDEX,,F,T,0,0
7/1/2026,11:30:05 AM,SPXW,ML/,50,23.52,,CALL,7500,0,117600,7/1/2026,WHITE,0,0,F,INDEX,,F,T,0,0
7/1/2026,11:33:19 AM,SPXW,ML/,82,20.54,,CALL,7500,0,168428,7/1/2026,WHITE,0,0,F,INDEX,,F,T,0,0
7/1/2026,11:50:14 AM,SPXW,ML/,50,17.61,,CALL,7500,0,88050,7/1/2026,WHITE,0,0,F,INDEX,,F,T,0,0
7/1/2026,11:57:16 AM,SPXW,ML/,1000,17.26,,CALL,7500,0,1726000,7/1/2026,WHITE,0,0,F,INDEX,,F,T,0,0
7/1/2026,12:02:05 PM,SPXW,ML/,131,19.03,,CALL,7500,0,249293,7/1/2026,WHITE,0,0,F,INDEX,,F,T,0,0
7/1/2026,12:31:22 PM,SPXW,ML/,50,21.13,,CALL,7500,0,105650,7/1/2026,WHITE,0,0,F,INDEX,,F,T,0,0
7/1/2026,12:39:20 PM,SPXW,ML/,238,17.82,,CALL,7500,0,424116,7/1/2026,WHITE,0,0,F,INDEX,,F,T,0,0
7/1/2026,3:50:06 PM,SPXW,BLOCK,200,1.2,,CALL,7500,0,24000,7/1/2026,WHITE,0,0,F,INDEX,,F,T,0,0
7/1/2026,9:34:04 AM,SPXW,ML/,200,4.82,,PUT,7400,0,96400,7/1/2026,WHITE,0,0,F,INDEX,,F,T,0,0
7/1/2026,9:36:02 AM,SPXW,ML/,50,5.25,,PUT,7400,0,26250,7/1/2026,WHITE,0,0,F,INDEX,,F,T,0,0
7/1/2026,10:02:24 AM,SPXW,ML/,150,1.03,,PUT,7400,0,15450,7/1/2026,WHITE,0,0,F,INDEX,,F,T,0,0
7/1/2026,10:14:21 AM,SPXW,ML/,178,0.57,,PUT,7400,0,10145,7/1/2026,WHITE,0,0,F,INDEX,,F,T,0,0
7/1/2026,9:30:03 AM,SPXW,ML/,50,2.54,,PUT,7400,0,12700,7/1/2026,WHITE,0,0,F,INDEX,,F,T,0,0
7/1/2026,9:33:01 AM,SPXW,ML/,70,3.67,,PUT,7400,0,25689,7/1/2026,WHITE,0,0,F,INDEX,,F,T,0,0
7/1/2026,9:45:00 AM,SPXW,ML/,60,3.82,,PUT,7400,0,22920,7/1/2026,WHITE,0,0,F,INDEX,,F,T,0,0
7/1/2026,9:50:43 AM,SPXW,ML/,64,2.37,,PUT,7400,0,15168,7/1/2026,WHITE,0,0,F,INDEX,,F,T,0,0
7/1/2026,10:02:35 AM,SPXW,ML/,120,1.17,,PUT,7400,0,14039,7/1/2026,WHITE,0,0,F,INDEX,,F,T,0,0
7/1/2026,9:30:34 AM,SPXW,ML/,53,1.98,,PUT,7375,0,10494,7/1/2026,WHITE,0,0,F,INDEX,,F,T,0,0
7/1/2026,9:43:55 AM,SPXW,ML/,63,1.75,,PUT,7375,0,11025,7/1/2026,WHITE,0,0,F,INDEX,,F,T,0,0
7/1/2026,9:44:40 AM,SPXW,ML/,100,1.82,,PUT,7375,0,18200,7/1/2026,WHITE,0,0,F,INDEX,,F,T,0,0
7/1/2026,9:44:39 AM,SPXW,ML/,100,1.8,,PUT,7375,0,18000,7/1/2026,WHITE,0,0,F,INDEX,,F,T,0,0
7/1/2026,9:44:40 AM,SPXW,ML/,211,1.8,,PUT,7375,0,37980,7/1/2026,WHITE,0,0,F,INDEX,,F,T,0,0
7/1/2026,9:44:40 AM,SPXW,ML/,100,1.82,,PUT,7375,0,18200,7/1/2026,WHITE,0,0,F,INDEX,,F,T,0,0
7/1/2026,9:39:18 AM,SPXW,ML/,53,2.17,,PUT,7375,0,11501,7/1/2026,WHITE,0,0,F,INDEX,,F,T,0,0
7/1/2026,9:56:06 AM,SPXW,ML/,200,0.67,,PUT,7375,0,13400,7/1/2026,WHITE,0,0,F,INDEX,,F,T,0,0
7/1/2026,9:41:38 AM,SPXW,ML/,261,1.3,,CALL,7525,0,33930,7/1/2026,WHITE,0,0,F,INDEX,,F,T,0,0
7/1/2026,9:48:46 AM,SPXW,BLOCK,209,1.2,,CALL,7525,0,25080,7/1/2026,WHITE,0,0,F,INDEX,,F,T,0,0
7/1/2026,9:53:02 AM,SPXW,ML/,178,1.28,,CALL,7525,0,22784,7/1/2026,WHITE,0,0,F,INDEX,,F,T,0,0
7/1/2026,9:53:02 AM,SPXW,ML/,200,1.28,,CALL,7525,0,25600,7/1/2026,WHITE,0,0,F,INDEX,,F,T,0,0
7/1/2026,9:53:05 AM,SPXW,ML/,133,1.3,,CALL,7525,0,17290,7/1/2026,WHITE,0,0,F,INDEX,,F,T,0,0
7/1/2026,9:53:06 AM,SPXW,ML/,160,1.3,,CALL,7525,0,20800,7/1/2026,WHITE,0,0,F,INDEX,,F,T,0,0
7/1/2026,9:53:05 AM,SPXW,ML/,168,1.27,,CALL,7525,0,21336,7/1/2026,WHITE,0,0,F,INDEX,,F,T,0,0
7/1/2026,9:55:19 AM,SPXW,ML/,155,1.25,,CALL,7525,0,19375,7/1/2026,WHITE,0,0,F,INDEX,,F,T,0,0
7/1/2026,9:56:47 AM,SPXW,ML/,200,1.1,,CALL,7525,0,22000,7/1/2026,WHITE,0,0,F,INDEX,,F,T,0,0
7/1/2026,9:56:57 AM,SPXW,ML/,90,1.15,,CALL,7525,0,10350,7/1/2026,WHITE,0,0,F,INDEX,,F,T,0,0
7/1/2026,9:56:57 AM,SPXW,ML/,90,1.15,,CALL,7525,0,10350,7/1/2026,WHITE,0,0,F,INDEX,,F,T,0,0
7/1/2026,9:58:49 AM,SPXW,ML/,100,1.27,,CALL,7525,0,12700,7/1/2026,WHITE,0,0,F,INDEX,,F,T,0,0
7/1/2026,9:59:13 AM,SPXW,ML/,600,1.18,,CALL,7525,0,70800,7/1/2026,WHITE,0,0,F,INDEX,,F,T,0,0
7/1/2026,10:00:47 AM,SPXW,ML/,70,1.43,,CALL,7525,0,10010,7/1/2026,WHITE,0,0,F,INDEX,,F,T,0,0
7/1/2026,9:30:46 AM,SPXW,BLOCK,300,2,,CALL,7525,0,60000,7/1/2026,WHITE,0,0,F,INDEX,,F,T,0,0
7/1/2026,10:05:49 AM,SPXW,BLOCK,75,1.65,,CALL,7525,0,12375,7/1/2026,WHITE,0,0,F,INDEX,,F,T,0,0
7/1/2026,10:11:21 AM,SPXW,ML/,100,2.17,,CALL,7525,0,21700,7/1/2026,WHITE,0,0,F,INDEX,,F,T,0,0
7/1/2026,10:11:48 AM,SPXW,BLOCK,50,2.2,,CALL,7525,0,11000,7/1/2026,WHITE,0,0,F,INDEX,,F,T,0,0
7/1/2026,10:13:29 AM,SPXW,BLOCK,139,1.85,,CALL,7525,0,25715,7/1/2026,WHITE,0,0,F,INDEX,,F,T,0,0
7/1/2026,10:13:29 AM,SPXW,BLOCK,91,1.85,,CALL,7525,0,16835,7/1/2026,WHITE,0,0,F,INDEX,,F,T,0,0
7/1/2026,10:14:37 AM,SPXW,BLOCK,50,2.15,,CALL,7525,0,10750,7/1/2026,WHITE,0,0,F,INDEX,,F,T,0,0
7/1/2026,10:20:32 AM,SPXW,BLOCK,50,2.05,,CALL,7525,0,10249,7/1/2026,WHITE,0,0,F,INDEX,,F,T,0,0
7/1/2026,10:22:03 AM,SPXW,ML/,96,2.27,,CALL,7525,0,21792,7/1/2026,WHITE,0,0,F,INDEX,,F,T,0,0
7/1/2026,10:22:42 AM,SPXW,ML/,80,2.12,,CALL,7525,0,16960,7/1/2026,WHITE,0,0,F,INDEX,,F,T,0,0
7/1/2026,10:19:03 AM,SPXW,ML/,103,1.67,,CALL,7525,0,17201,7/1/2026,WHITE,0,0,F,INDEX,,F,T,0,0
7/1/2026,10:30:51 AM,SPXW,BLOCK,198,1.4,,CALL,7525,0,27720,7/1/2026,WHITE,0,0,F,INDEX,,F,T,0,0
7/1/2026,10:31:19 AM,SPXW,ML/,93,1.42,,CALL,7525,0,13206,7/1/2026,WHITE,0,0,F,INDEX,,F,T,0,0
7/1/2026,10:31:46 AM,SPXW,ML/,127,1.42,,CALL,7525,0,18034,7/1/2026,WHITE,0,0,F,INDEX,,F,T,0,0
7/1/2026,9:59:13 AM,SPXW,ML/,400,1.18,,CALL,7525,0,47200,7/1/2026,WHITE,0,0,F,INDEX,,F,T,0,0
7/1/2026,10:45:53 AM,SPXW,ML/,100,1.25,,CALL,7525,0,12500,7/1/2026,WHITE,0,0,F,INDEX,,F,T,0,0
7/1/2026,10:45:54 AM,SPXW,ML/,90,1.25,,CALL,7525,0,11250,7/1/2026,WHITE,0,0,F,INDEX,,F,T,0,0
7/1/2026,10:43:00 AM,SPXW,ML/,233,1.57,,CALL,7525,0,36581,7/1/2026,WHITE,0,0,F,INDEX,,F,T,0,0
7/1/2026,10:51:30 AM,SPXW,SWEEP,97,1.9,,CALL,7525,0,18430,7/1/2026,WHITE,0,0,F,INDEX,,F,T,0,0
7/1/2026,11:03:12 AM,SPXW,ML/,100,2.45,,CALL,7525,0,24500,7/1/2026,WHITE,0,0,F,INDEX,,F,T,0,0
7/1/2026,11:04:02 AM,SPXW,ML/,52,2.4,,CALL,7525,0,12480,7/1/2026,WHITE,0,0,F,INDEX,,F,T,0,0
7/1/2026,11:04:05 AM,SPXW,ML/,66,2.7,,CALL,7525,0,17820,7/1/2026,WHITE,0,0,F,INDEX,,F,T,0,0
7/1/2026,11:04:08 AM,SPXW,BLOCK,164,2.8,,CALL,7525,0,45920,7/1/2026,WHITE,0,0,F,INDEX,,F,T,0,0
7/1/2026,11:04:29 AM,SPXW,BLOCK,60,3,,CALL,7525,0,18000,7/1/2026,WHITE,0,0,F,INDEX,,F,T,0,0
7/1/2026,11:04:29 AM,SPXW,BLOCK,98,3.1,,CALL,7525,0,30380,7/1/2026,WHITE,0,0,F,INDEX,,F,T,0,0
7/1/2026,11:05:38 AM,SPXW,BLOCK,61,3.4,,CALL,7525,0,20740,7/1/2026,WHITE,0,0,F,INDEX,,F,T,0,0
7/1/2026,11:06:08 AM,SPXW,ML/,51,3.1,,CALL,7525,0,15810,7/1/2026,WHITE,0,0,F,INDEX,,F,T,0,0
7/1/2026,11:06:09 AM,SPXW,ML/,122,3.15,,CALL,7525,0,38430,7/1/2026,WHITE,0,0,F,INDEX,,F,T,0,0
7/1/2026,11:07:53 AM,SPXW,ML/,70,3.1,,CALL,7525,0,21700,7/1/2026,WHITE,0,0,F,INDEX,,F,T,0,0
7/1/2026,11:14:08 AM,SPXW,BLOCK,50,3.3,,CALL,7525,0,16500,7/1/2026,WHITE,0,0,F,INDEX,,F,T,0,0
7/1/2026,11:15:28 AM,SPXW,BLOCK,175,3.9,,CALL,7525,0,68250,7/1/2026,WHITE,0,0,F,INDEX,,F,T,0,0
7/1/2026,11:17:58 AM,SPXW,BLOCK,55,4.1,,CALL,7525,0,22549,7/1/2026,WHITE,0,0,F,INDEX,,F,T,0,0
7/1/2026,11:19:06 AM,SPXW,BLOCK,98,4.7,,CALL,7525,0,46060,7/1/2026,WHITE,0,0,F,INDEX,,F,T,0,0
7/1/2026,11:19:07 AM,SPXW,BLOCK,101,5,,CALL,7525,0,50500,7/1/2026,WHITE,0,0,F,INDEX,,F,T,0,0
7/1/2026,11:21:41 AM,SPXW,BLOCK,210,5.3,,CALL,7525,0,111300,7/1/2026,WHITE,0,0,F,INDEX,,F,T,0,0
7/1/2026,11:24:01 AM,SPXW,BLOCK,64,6,,CALL,7525,0,38400,7/1/2026,WHITE,0,0,F,INDEX,,F,T,0,0
7/1/2026,11:28:48 AM,SPXW,BLOCK,64,7,,CALL,7525,0,44800,7/1/2026,WHITE,0,0,F,INDEX,,F,T,0,0
7/1/2026,11:30:28 AM,SPXW,BLOCK,109,6.3,,CALL,7525,0,68670,7/1/2026,WHITE,0,0,F,INDEX,,F,T,0,0
7/1/2026,11:30:28 AM,SPXW,SWEEP,91,6.4,,CALL,7525,0,58240,7/1/2026,WHITE,0,0,F,INDEX,,F,T,0,0
7/1/2026,11:31:43 AM,SPXW,ML/,103,5.95,,CALL,7525,0,61285,7/1/2026,WHITE,0,0,F,INDEX,,F,T,0,0
7/1/2026,11:34:31 AM,SPXW,BLOCK,201,4.8,,CALL,7525,0,96480,7/1/2026,WHITE,0,0,F,INDEX,,F,T,0,0
7/1/2026,11:49:21 AM,SPXW,ML/,112,3.8,,CALL,7525,0,42560,7/1/2026,WHITE,0,0,F,INDEX,,F,T,0,0
7/1/2026,11:52:34 AM,SPXW,ML/,150,3.77,,CALL,7525,0,56550,7/1/2026,WHITE,0,0,F,INDEX,,F,T,0,0
7/1/2026,11:58:22 AM,SPXW,BLOCK,50,4.3,,CALL,7525,0,21500,7/1/2026,WHITE,0,0,F,INDEX,,F,T,0,0
7/1/2026,11:45:58 AM,SPXW,BLOCK,100,4.8,,CALL,7525,0,48000,7/1/2026,WHITE,0,0,F,INDEX,,F,T,0,0
7/1/2026,12:03:10 PM,SPXW,BLOCK,100,4.9,,CALL,7525,0,49000,7/1/2026,WHITE,0,0,F,INDEX,,F,T,0,0
7/1/2026,12:03:39 PM,SPXW,BLOCK,127,4.9,,CALL,7525,0,62230,7/1/2026,WHITE,0,0,F,INDEX,,F,T,0,0
7/1/2026,12:11:42 PM,SPXW,BLOCK,50,4.5,,CALL,7525,0,22500,7/1/2026,WHITE,0,0,F,INDEX,,F,T,0,0
7/1/2026,12:14:18 PM,SPXW,BLOCK,116,4.8,,CALL,7525,0,55679,7/1/2026,WHITE,0,0,F,INDEX,,F,T,0,0
7/1/2026,12:25:17 PM,SPXW,BLOCK,153,5.4,,CALL,7525,0,82620,7/1/2026,WHITE,0,0,F,INDEX,,F,T,0,0
7/1/2026,12:31:29 PM,SPXW,BLOCK,57,4.6,,CALL,7525,0,26220,7/1/2026,WHITE,0,0,F,INDEX,,F,T,0,0
7/1/2026,12:35:40 PM,SPXW,BLOCK,77,3.9,,CALL,7525,0,30029,7/1/2026,WHITE,0,0,F,INDEX,,F,T,0,0
7/1/2026,12:43:45 PM,SPXW,BLOCK,50,2.75,,CALL,7525,0,13750,7/1/2026,WHITE,0,0,F,INDEX,,F,T,0,0
7/1/2026,12:44:07 PM,SPXW,BLOCK,53,2.75,,CALL,7525,0,14575,7/1/2026,WHITE,0,0,F,INDEX,,F,T,0,0
7/1/2026,12:45:04 PM,SPXW,BLOCK,80,2.7,,CALL,7525,0,21600,7/1/2026,WHITE,0,0,F,INDEX,,F,T,0,0
7/1/2026,12:45:08 PM,SPXW,ML/,54,2.65,,CALL,7525,0,14310,7/1/2026,WHITE,0,0,F,INDEX,,F,T,0,0
7/1/2026,11:02:55 AM,SPXW,ML/,55,2.17,,CALL,7525,0,11935,7/1/2026,WHITE,0,0,F,INDEX,,F,T,0,0
7/1/2026,12:53:16 PM,SPXW,BLOCK,100,1.8,,CALL,7525,0,18000,7/1/2026,WHITE,0,0,F,INDEX,,F,T,0,0
7/1/2026,12:55:01 PM,SPXW,BLOCK,96,1.9,,CALL,7525,0,18239,7/1/2026,WHITE,0,0,F,INDEX,,F,T,0,0
7/1/2026,1:06:08 PM,SPXW,ML/,129,1,,CALL,7525,0,12900,7/1/2026,WHITE,0,0,F,INDEX,,F,T,0,0
7/1/2026,1:09:30 PM,SPXW,ML/,135,1.07,,CALL,7525,0,14445,7/1/2026,WHITE,0,0,F,INDEX,,F,T,0,0
7/1/2026,1:13:11 PM,SPXW,BLOCK,119,1.3,,CALL,7525,0,15470,7/1/2026,WHITE,0,0,F,INDEX,,F,T,0,0
7/1/2026,1:13:11 PM,SPXW,BLOCK,81,1.35,,CALL,7525,0,10935,7/1/2026,WHITE,0,0,F,INDEX,,F,T,0,0
7/1/2026,1:14:29 PM,SPXW,ML/,85,1.26,,CALL,7525,0,10710,7/1/2026,WHITE,0,0,F,INDEX,,F,T,0,0
7/1/2026,1:20:13 PM,SPXW,ML/,92,1.65,,CALL,7525,0,15179,7/1/2026,WHITE,0,0,F,INDEX,,F,T,0,0
7/1/2026,1:20:16 PM,SPXW,BLOCK,80,1.65,,CALL,7525,0,13200,7/1/2026,WHITE,0,0,F,INDEX,,F,T,0,0
7/1/2026,1:20:40 PM,SPXW,BLOCK,72,1.5,,CALL,7525,0,10800,7/1/2026,WHITE,0,0,F,INDEX,,F,T,0,0
7/1/2026,1:20:05 PM,SPXW,ML/,84,1.47,,CALL,7525,0,12347,7/1/2026,WHITE,0,0,F,INDEX,,F,T,0,0
7/1/2026,1:21:21 PM,SPXW,ML/,85,1.5,,CALL,7525,0,12750,7/1/2026,WHITE,0,0,F,INDEX,,F,T,0,0
7/1/2026,1:24:28 PM,SPXW,ML/,100,1.57,,CALL,7525,0,15700,7/1/2026,WHITE,0,0,F,INDEX,,F,T,0,0
7/1/2026,1:20:13 PM,SPXW,ML/,159,1.63,,CALL,7525,0,25916,7/1/2026,WHITE,0,0,F,INDEX,,F,T,0,0
7/1/2026,1:30:10 PM,SPXW,BLOCK,131,1.2,,CALL,7525,0,15719,7/1/2026,WHITE,0,0,F,INDEX,,F,T,0,0
7/1/2026,1:30:10 PM,SPXW,BLOCK,110,1.15,,CALL,7525,0,12649,7/1/2026,WHITE,0,0,F,INDEX,,F,T,0,0
7/1/2026,1:35:26 PM,SPXW,ML/,250,0.8,,CALL,7525,0,20000,7/1/2026,WHITE,0,0,F,INDEX,,F,T,0,0
7/1/2026,2:27:39 PM,SPXW,BLOCK,525,0.3,,CALL,7525,0,15750,7/1/2026,WHITE,0,0,F,INDEX,,F,T,0,0
7/1/2026,11:31:43 AM,SPXW,ML/,72,5.96,,CALL,7525,0,42912,7/1/2026,WHITE,0,0,F,INDEX,,F,T,0,0
7/1/2026,12:14:49 PM,SPXW,ML/,100,4.69,,CALL,7525,0,46900,7/1/2026,WHITE,0,0,F,INDEX,,F,T,0,0
7/1/2026,12:23:50 PM,SPXW,ML/,50,5.34,,CALL,7525,0,26700,7/1/2026,WHITE,0,0,F,INDEX,,F,T,0,0
7/1/2026,9:52:22 AM,SPXW,ML/,400,32.8,,PUT,7500,0,1311999,7/1/2026,WHITE,0,0,F,INDEX,,F,T,0,0
7/1/2026,10:12:22 AM,SPXW,ML/,60,15.35,,PUT,7500,0,92100,7/1/2026,WHITE,0,0,F,INDEX,,F,T,0,0
7/1/2026,11:02:55 AM,SPXW,BLOCK,110,10.2,,PUT,7500,0,112200,7/1/2026,WHITE,0,0,F,INDEX,,F,T,0,0
7/1/2026,11:06:21 AM,SPXW,BLOCK,60,7.9,,PUT,7500,0,47400,7/1/2026,WHITE,0,0,F,INDEX,,F,T,0,0
7/1/2026,11:08:27 AM,SPXW,BLOCK,81,8.3,,PUT,7500,0,67230,7/1/2026,WHITE,0,0,F,INDEX,,F,T,0,0
7/1/2026,11:11:23 AM,SPXW,BLOCK,100,8.9,,PUT,7500,0,89000,7/1/2026,WHITE,0,0,F,INDEX,,F,T,0,0
7/1/2026,11:12:49 AM,SPXW,BLOCK,82,7.7,,PUT,7500,0,63140,7/1/2026,WHITE,0,0,F,INDEX,,F,T,0,0
7/1/2026,11:13:06 AM,SPXW,BLOCK,50,7.7,,PUT,7500,0,38500,7/1/2026,WHITE,0,0,F,INDEX,,F,T,0,0
7/1/2026,11:15:05 AM,SPXW,BLOCK,50,6.5,,PUT,7500,0,32500,7/1/2026,WHITE,0,0,F,INDEX,,F,T,0,0
7/1/2026,11:20:17 AM,SPXW,BLOCK,130,5.3,,PUT,7500,0,68900,7/1/2026,WHITE,0,0,F,INDEX,,F,T,0,0
7/1/2026,11:21:38 AM,SPXW,BLOCK,66,4.7,,PUT,7500,0,31020,7/1/2026,WHITE,0,0,F,INDEX,,F,T,0,0
7/1/2026,11:22:43 AM,SPXW,BLOCK,119,4.5,,PUT,7500,0,53550,7/1/2026,WHITE,0,0,F,INDEX,,F,T,0,0
7/1/2026,11:24:18 AM,SPXW,BLOCK,50,4.6,,PUT,7500,0,22999,7/1/2026,WHITE,0,0,F,INDEX,,F,T,0,0
7/1/2026,11:25:15 AM,SPXW,BLOCK,51,4.5,,PUT,7500,0,22950,7/1/2026,WHITE,0,0,F,INDEX,,F,T,0,0
7/1/2026,11:28:28 AM,SPXW,BLOCK,50,3.5,,PUT,7500,0,17500,7/1/2026,WHITE,0,0,F,INDEX,,F,T,0,0
7/1/2026,11:28:50 AM,SPXW,BLOCK,50,3.3,,PUT,7500,0,16500,7/1/2026,WHITE,0,0,F,INDEX,,F,T,0,0
7/1/2026,11:29:25 AM,SPXW,BLOCK,104,3.5,,PUT,7500,0,36400,7/1/2026,WHITE,0,0,F,INDEX,,F,T,0,0
7/1/2026,11:28:50 AM,SPXW,BLOCK,50,3.2,,PUT,7500,0,16000,7/1/2026,WHITE,0,0,F,INDEX,,F,T,0,0
7/1/2026,11:29:32 AM,SPXW,BLOCK,100,3.6,,PUT,7500,0,36000,7/1/2026,WHITE,0,0,F,INDEX,,F,T,0,0
7/1/2026,11:34:04 AM,SPXW,BLOCK,69,3.9,,PUT,7500,0,26910,7/1/2026,WHITE,0,0,F,INDEX,,F,T,0,0
7/1/2026,11:34:29 AM,SPXW,BLOCK,63,3.9,,PUT,7500,0,24570,7/1/2026,WHITE,0,0,F,INDEX,,F,T,0,0
7/1/2026,11:44:45 AM,SPXW,BLOCK,54,3.6,,PUT,7500,0,19440,7/1/2026,WHITE,0,0,F,INDEX,,F,T,0,0
7/1/2026,11:45:03 AM,SPXW,ML/,55,3.53,,PUT,7500,0,19414,7/1/2026,WHITE,0,0,F,INDEX,,F,T,0,0
7/1/2026,11:45:14 AM,SPXW,ML/,50,3.6,,PUT,7500,0,18000,7/1/2026,WHITE,0,0,F,INDEX,,F,T,0,0
7/1/2026,11:34:34 AM,SPXW,ML/,150,3.99,,PUT,7500,0,59850,7/1/2026,WHITE,0,0,F,INDEX,,F,T,0,0
7/1/2026,11:47:50 AM,SPXW,BLOCK,127,3.9,,PUT,7500,0,49530,7/1/2026,WHITE,0,0,F,INDEX,,F,T,0,0
7/1/2026,11:53:51 AM,SPXW,BLOCK,50,3.7,,PUT,7500,0,18500,7/1/2026,WHITE,0,0,F,INDEX,,F,T,0,0
7/1/2026,11:53:35 AM,SPXW,BLOCK,50,3.8,,PUT,7500,0,19000,7/1/2026,WHITE,0,0,F,INDEX,,F,T,0,0
7/1/2026,11:55:23 AM,SPXW,BLOCK,50,4.3,,PUT,7500,0,21500,7/1/2026,WHITE,0,0,F,INDEX,,F,T,0,0
7/1/2026,11:55:59 AM,SPXW,BLOCK,157,4.9,,PUT,7500,0,76930,7/1/2026,WHITE,0,0,F,INDEX,,F,T,0,0
7/1/2026,11:54:14 AM,SPXW,ML/,61,4.12,,PUT,7500,0,25132,7/1/2026,WHITE,0,0,F,INDEX,,F,T,0,0
7/1/2026,11:57:53 AM,SPXW,BLOCK,142,4,,PUT,7500,0,56800,7/1/2026,WHITE,0,0,F,INDEX,,F,T,0,0
7/1/2026,11:58:13 AM,SPXW,BLOCK,50,3.6,,PUT,7500,0,18000,7/1/2026,WHITE,0,0,F,INDEX,,F,T,0,0
7/1/2026,11:59:02 AM,SPXW,BLOCK,100,3.7,,PUT,7500,0,37000,7/1/2026,WHITE,0,0,F,INDEX,,F,T,0,0
7/1/2026,11:59:06 AM,SPXW,BLOCK,94,3.5,,PUT,7500,0,32900,7/1/2026,WHITE,0,0,F,INDEX,,F,T,0,0
7/1/2026,12:00:04 PM,SPXW,BLOCK,61,3.4,,PUT,7500,0,20740,7/1/2026,WHITE,0,0,F,INDEX,,F,T,0,0
7/1/2026,12:01:08 PM,SPXW,BLOCK,87,3.3,,PUT,7500,0,28709,7/1/2026,WHITE,0,0,F,INDEX,,F,T,0,0
7/1/2026,12:02:15 PM,SPXW,BLOCK,103,3.1,,PUT,7500,0,31930,7/1/2026,WHITE,0,0,F,INDEX,,F,T,0,0
7/1/2026,12:02:48 PM,SPXW,BLOCK,53,2.75,,PUT,7500,0,14575,7/1/2026,WHITE,0,0,F,INDEX,,F,T,0,0
7/1/2026,12:02:09 PM,SPXW,BLOCK,172,3.3,,PUT,7500,0,56760,7/1/2026,WHITE,0,0,F,INDEX,,F,T,0,0
7/1/2026,12:05:29 PM,SPXW,BLOCK,100,3.4,,PUT,7500,0,34000,7/1/2026,WHITE,0,0,F,INDEX,,F,T,0,0
7/1/2026,12:09:40 PM,SPXW,BLOCK,85,3,,PUT,7500,0,25500,7/1/2026,WHITE,0,0,F,INDEX,,F,T,0,0
7/1/2026,12:13:03 PM,SPXW,ML/,200,2.57,,PUT,7500,0,51400,7/1/2026,WHITE,0,0,F,INDEX,,F,T,0,0
7/1/2026,12:13:48 PM,SPXW,ML/,248,2.65,,PUT,7500,0,65720,7/1/2026,WHITE,0,0,F,INDEX,,F,T,0,0
7/1/2026,12:14:02 PM,SPXW,ML/,86,2.5,,PUT,7500,0,21500,7/1/2026,WHITE,0,0,F,INDEX,,F,T,0,0
7/1/2026,12:17:28 PM,SPXW,BLOCK,57,2.5,,PUT,7500,0,14250,7/1/2026,WHITE,0,0,F,INDEX,,F,T,0,0
7/1/2026,12:17:58 PM,SPXW,ML/,50,2.62,,PUT,7500,0,13100,7/1/2026,WHITE,0,0,F,INDEX,,F,T,0,0
7/1/2026,12:18:45 PM,SPXW,BLOCK,104,2.7,,PUT,7500,0,28080,7/1/2026,WHITE,0,0,F,INDEX,,F,T,0,0
7/1/2026,12:19:17 PM,SPXW,BLOCK,55,2.55,,PUT,7500,0,14025,7/1/2026,WHITE,0,0,F,INDEX,,F,T,0,0
7/1/2026,12:19:18 PM,SPXW,BLOCK,99,2.6,,PUT,7500,0,25739,7/1/2026,WHITE,0,0,F,INDEX,,F,T,0,0
7/1/2026,12:20:40 PM,SPXW,BLOCK,50,2.5,,PUT,7500,0,12500,7/1/2026,WHITE,0,0,F,INDEX,,F,T,0,0
7/1/2026,12:21:19 PM,SPXW,BLOCK,50,2.5,,PUT,7500,0,12500,7/1/2026,WHITE,0,0,F,INDEX,,F,T,0,0
7/1/2026,12:23:14 PM,SPXW,BLOCK,80,2.15,,PUT,7500,0,17200,7/1/2026,WHITE,0,0,F,INDEX,,F,T,0,0
7/1/2026,12:23:55 PM,SPXW,BLOCK,90,2,,PUT,7500,0,18000,7/1/2026,WHITE,0,0,F,INDEX,,F,T,0,0
7/1/2026,12:23:52 PM,SPXW,BLOCK,51,2.05,,PUT,7500,0,10455,7/1/2026,WHITE,0,0,F,INDEX,,F,T,0,0
7/1/2026,12:24:43 PM,SPXW,BLOCK,149,2,,PUT,7500,0,29800,7/1/2026,WHITE,0,0,F,INDEX,,F,T,0,0
7/1/2026,12:27:54 PM,SPXW,BLOCK,54,2.2,,PUT,7500,0,11880,7/1/2026,WHITE,0,0,F,INDEX,,F,T,0,0
7/1/2026,12:29:59 PM,SPXW,BLOCK,50,2.55,,PUT,7500,0,12750,7/1/2026,WHITE,0,0,F,INDEX,,F,T,0,0
7/1/2026,12:31:22 PM,SPXW,ML/,50,2.26,,PUT,7500,0,11299,7/1/2026,WHITE,0,0,F,INDEX,,F,T,0,0
7/1/2026,12:35:04 PM,SPXW,BLOCK,54,2.4,,PUT,7500,0,12960,7/1/2026,WHITE,0,0,F,INDEX,,F,T,0,0
7/1/2026,12:35:44 PM,SPXW,BLOCK,55,2.55,,PUT,7500,0,14025,7/1/2026,WHITE,0,0,F,INDEX,,F,T,0,0
7/1/2026,12:36:38 PM,SPXW,BLOCK,57,2.7,,PUT,7500,0,15390,7/1/2026,WHITE,0,0,F,INDEX,,F,T,0,0
7/1/2026,12:40:04 PM,SPXW,BLOCK,76,3.5,,PUT,7500,0,26600,7/1/2026,WHITE,0,0,F,INDEX,,F,T,0,0
7/1/2026,12:39:30 PM,SPXW,BLOCK,103,2.95,,PUT,7500,0,30385,7/1/2026,WHITE,0,0,F,INDEX,,F,T,0,0
7/1/2026,11:47:51 AM,SPXW,ML/,800,3.99,,PUT,7500,0,319200,7/1/2026,WHITE,0,0,F,INDEX,,F,T,0,0
7/1/2026,12:41:31 PM,SPXW,ML/,331,3.9,,PUT,7500,0,129090,7/1/2026,WHITE,0,0,F,INDEX,,F,T,0,0
7/1/2026,12:41:32 PM,SPXW,SWEEP,103,3.7,,PUT,7500,0,38110,7/1/2026,WHITE,0,0,F,INDEX,,F,T,0,0
7/1/2026,12:41:44 PM,SPXW,BLOCK,50,3.8,,PUT,7500,0,19000,7/1/2026,WHITE,0,0,F,INDEX,,F,T,0,0
7/1/2026,12:41:31 PM,SPXW,BLOCK,169,4,,PUT,7500,0,67600,7/1/2026,WHITE,0,0,F,INDEX,,F,T,0,0
7/1/2026,12:43:55 PM,SPXW,ML/,80,3.55,,PUT,7500,0,28400,7/1/2026,WHITE,0,0,F,INDEX,,F,T,0,0
7/1/2026,12:47:11 PM,SPXW,BLOCK,50,3,,PUT,7500,0,15000,7/1/2026,WHITE,0,0,F,INDEX,,F,T,0,0
7/1/2026,12:39:24 PM,SPXW,ML/,500,2.65,,PUT,7500,0,132500,7/1/2026,WHITE,0,0,F,INDEX,,F,T,0,0
7/1/2026,12:49:27 PM,SPXW,BLOCK,50,3.6,,PUT,7500,0,18000,7/1/2026,WHITE,0,0,F,INDEX,,F,T,0,0
7/1/2026,12:46:14 PM,SPXW,ML/,750,3.65,,PUT,7500,0,273750,7/1/2026,WHITE,0,0,F,INDEX,,F,T,0,0
7/1/2026,12:49:42 PM,SPXW,BLOCK,50,3.7,,PUT,7500,0,18500,7/1/2026,WHITE,0,0,F,INDEX,,F,T,0,0
7/1/2026,12:50:03 PM,SPXW,BLOCK,208,3.8,,PUT,7500,0,79040,7/1/2026,WHITE,0,0,F,INDEX,,F,T,0,0
7/1/2026,12:52:08 PM,SPXW,BLOCK,102,4.2,,PUT,7500,0,42840,7/1/2026,WHITE,0,0,F,INDEX,,F,T,0,0
7/1/2026,12:53:00 PM,SPXW,BLOCK,98,5.2,,PUT,7500,0,50960,7/1/2026,WHITE,0,0,F,INDEX,,F,T,0,0
7/1/2026,12:53:00 PM,SPXW,BLOCK,82,5.3,,PUT,7500,0,43460,7/1/2026,WHITE,0,0,F,INDEX,,F,T,0,0
7/1/2026,12:53:22 PM,SPXW,BLOCK,133,4.8,,PUT,7500,0,63840,7/1/2026,WHITE,0,0,F,INDEX,,F,T,0,0
7/1/2026,12:55:08 PM,SPXW,BLOCK,90,4.8,,PUT,7500,0,43200,7/1/2026,WHITE,0,0,F,INDEX,,F,T,0,0
7/1/2026,12:56:36 PM,SPXW,BLOCK,58,5.2,,PUT,7500,0,30160,7/1/2026,WHITE,0,0,F,INDEX,,F,T,0,0
7/1/2026,12:58:42 PM,SPXW,BLOCK,58,5.5,,PUT,7500,0,31900,7/1/2026,WHITE,0,0,F,INDEX,,F,T,0,0
7/1/2026,12:59:24 PM,SPXW,ML/,571,6,,PUT,7500,0,342600,7/1/2026,WHITE,0,0,F,INDEX,,F,T,0,0
7/1/2026,12:59:34 PM,SPXW,BLOCK,83,7.1,,PUT,7500,0,58929,7/1/2026,WHITE,0,0,F,INDEX,,F,T,0,0
7/1/2026,11:14:47 AM,SPXW,BLOCK,50,7.7,,PUT,7500,0,38500,7/1/2026,WHITE,0,0,F,INDEX,,F,T,0,0
7/1/2026,1:01:12 PM,SPXW,BLOCK,50,5.7,,PUT,7500,0,28500,7/1/2026,WHITE,0,0,F,INDEX,,F,T,0,0
7/1/2026,1:02:00 PM,SPXW,BLOCK,130,5.1,,PUT,7500,0,66300,7/1/2026,WHITE,0,0,F,INDEX,,F,T,0,0
7/1/2026,1:02:01 PM,SPXW,BLOCK,67,5.1,,PUT,7500,0,34170,7/1/2026,WHITE,0,0,F,INDEX,,F,T,0,0
7/1/2026,11:14:53 AM,SPXW,ML/,300,7.53,,PUT,7500,0,225900,7/1/2026,WHITE,0,0,F,INDEX,,F,T,0,0
7/1/2026,1:04:16 PM,SPXW,ML/,53,7,,PUT,7500,0,37100,7/1/2026,WHITE,0,0,F,INDEX,,F,T,0,0
7/1/2026,1:05:07 PM,SPXW,BLOCK,94,8,,PUT,7500,0,75200,7/1/2026,WHITE,0,0,F,INDEX,,F,T,0,0
7/1/2026,1:06:04 PM,SPXW,BLOCK,68,8.3,,PUT,7500,0,56440,7/1/2026,WHITE,0,0,F,INDEX,,F,T,0,0
7/1/2026,1:08:04 PM,SPXW,BLOCK,50,8,,PUT,7500,0,40000,7/1/2026,WHITE,0,0,F,INDEX,,F,T,0,0
7/1/2026,1:09:32 PM,SPXW,BLOCK,50,7.1,,PUT,7500,0,35500,7/1/2026,WHITE,0,0,F,INDEX,,F,T,0,0
7/1/2026,1:00:01 PM,SPXW,ML/,74,6.13,,PUT,7500,0,45362,7/1/2026,WHITE,0,0,F,INDEX,,F,T,0,0
7/1/2026,1:13:00 PM,SPXW,BLOCK,61,5.4,,PUT,7500,0,32940,7/1/2026,WHITE,0,0,F,INDEX,,F,T,0,0
7/1/2026,1:14:32 PM,SPXW,BLOCK,103,5.3,,PUT,7500,0,54590,7/1/2026,WHITE,0,0,F,INDEX,,F,T,0,0
7/1/2026,1:15:06 PM,SPXW,ML/,74,4.58,,PUT,7500,0,33892,7/1/2026,WHITE,0,0,F,INDEX,,F,T,0,0
7/1/2026,1:15:17 PM,SPXW,ML/,58,4.73,,PUT,7500,0,27434,7/1/2026,WHITE,0,0,F,INDEX,,F,T,0,0
7/1/2026,1:15:18 PM,SPXW,ML/,60,4.73,,PUT,7500,0,28380,7/1/2026,WHITE,0,0,F,INDEX,,F,T,0,0
7/1/2026,1:15:18 PM,SPXW,ML/,67,4.7,,PUT,7500,0,31490,7/1/2026,WHITE,0,0,F,INDEX,,F,T,0,0
7/1/2026,1:15:18 PM,SPXW,ML/,64,4.73,,PUT,7500,0,30272,7/1/2026,WHITE,0,0,F,INDEX,,F,T,0,0
7/1/2026,1:15:20 PM,SPXW,ML/,74,4.72,,PUT,7500,0,34928,7/1/2026,WHITE,0,0,F,INDEX,,F,T,0,0
7/1/2026,1:15:20 PM,SPXW,ML/,74,4.72,,PUT,7500,0,34928,7/1/2026,WHITE,0,0,F,INDEX,,F,T,0,0
7/1/2026,1:15:20 PM,SPXW,ML/,52,4.72,,PUT,7500,0,24544,7/1/2026,WHITE,0,0,F,INDEX,,F,T,0,0
7/1/2026,1:15:23 PM,SPXW,ML/,68,4.82,,PUT,7500,0,32776,7/1/2026,WHITE,0,0,F,INDEX,,F,T,0,0
7/1/2026,1:32:49 PM,SPXW,BLOCK,50,4.4,,PUT,7500,0,22000,7/1/2026,WHITE,0,0,F,INDEX,,F,T,0,0
7/1/2026,1:35:08 PM,SPXW,ML/,59,4.7,,PUT,7500,0,27730,7/1/2026,WHITE,0,0,F,INDEX,,F,T,0,0
7/1/2026,1:38:25 PM,SPXW,BLOCK,54,3.5,,PUT,7500,0,18900,7/1/2026,WHITE,0,0,F,INDEX,,F,T,0,0
7/1/2026,11:57:16 AM,SPXW,ML/,1000,4.54,,PUT,7500,0,454000,7/1/2026,WHITE,0,0,F,INDEX,,F,T,0,0
7/1/2026,1:45:12 PM,SPXW,ML/,55,5.7,,PUT,7500,0,31350,7/1/2026,WHITE,0,0,F,INDEX,,F,T,0,0
7/1/2026,1:47:44 PM,SPXW,SWEEP,110,5.5,,PUT,7500,0,60500,7/1/2026,WHITE,0,0,F,INDEX,,F,T,0,0
7/1/2026,1:48:07 PM,SPXW,BLOCK,61,6,,PUT,7500,0,36600,7/1/2026,WHITE,0,0,F,INDEX,,F,T,0,0
7/1/2026,1:48:09 PM,SPXW,BLOCK,53,5.9,,PUT,7500,0,31270,7/1/2026,WHITE,0,0,F,INDEX,,F,T,0,0
7/1/2026,1:50:57 PM,SPXW,BLOCK,58,4.6,,PUT,7500,0,26680,7/1/2026,WHITE,0,0,F,INDEX,,F,T,0,0
7/1/2026,1:51:07 PM,SPXW,BLOCK,56,4.6,,PUT,7500,0,25759,7/1/2026,WHITE,0,0,F,INDEX,,F,T,0,0
7/1/2026,1:53:43 PM,SPXW,BLOCK,96,4.5,,PUT,7500,0,43200,7/1/2026,WHITE,0,0,F,INDEX,,F,T,0,0
7/1/2026,1:53:18 PM,SPXW,BLOCK,52,4.8,,PUT,7500,0,24960,7/1/2026,WHITE,0,0,F,INDEX,,F,T,0,0
7/1/2026,1:55:38 PM,SPXW,BLOCK,87,5.2,,PUT,7500,0,45240,7/1/2026,WHITE,0,0,F,INDEX,,F,T,0,0
7/1/2026,1:56:45 PM,SPXW,BLOCK,61,5,,PUT,7500,0,30500,7/1/2026,WHITE,0,0,F,INDEX,,F,T,0,0
7/1/2026,1:56:55 PM,SPXW,BLOCK,50,4.9,,PUT,7500,0,24500,7/1/2026,WHITE,0,0,F,INDEX,,F,T,0,0
7/1/2026,1:59:14 PM,SPXW,ML/,71,6,,PUT,7500,0,42600,7/1/2026,WHITE,0,0,F,INDEX,,F,T,0,0
7/1/2026,2:01:48 PM,SPXW,BLOCK,50,4.6,,PUT,7500,0,23000,7/1/2026,WHITE,0,0,F,INDEX,,F,T,0,0
7/1/2026,2:04:03 PM,SPXW,BLOCK,100,4.4,,PUT,7500,0,44000,7/1/2026,WHITE,0,0,F,INDEX,,F,T,0,0
7/1/2026,2:04:36 PM,SPXW,BLOCK,59,4.1,,PUT,7500,0,24190,7/1/2026,WHITE,0,0,F,INDEX,,F,T,0,0
7/1/2026,12:51:36 PM,SPXW,ML/,51,4.08,,PUT,7500,0,20808,7/1/2026,WHITE,0,0,F,INDEX,,F,T,0,0
7/1/2026,2:06:12 PM,SPXW,BLOCK,100,4.2,,PUT,7500,0,42000,7/1/2026,WHITE,0,0,F,INDEX,,F,T,0,0
7/1/2026,2:06:03 PM,SPXW,BLOCK,67,4.5,,PUT,7500,0,30150,7/1/2026,WHITE,0,0,F,INDEX,,F,T,0,0
7/1/2026,2:06:53 PM,SPXW,BLOCK,50,4.9,,PUT,7500,0,24500,7/1/2026,WHITE,0,0,F,INDEX,,F,T,0,0
7/1/2026,2:00:37 PM,SPXW,ML/,100,5.25,,PUT,7500,0,52500,7/1/2026,WHITE,0,0,F,INDEX,,F,T,0,0
7/1/2026,2:11:50 PM,SPXW,BLOCK,96,5.5,,PUT,7500,0,52800,7/1/2026,WHITE,0,0,F,INDEX,,F,T,0,0
7/1/2026,2:12:17 PM,SPXW,BLOCK,55,5.7,,PUT,7500,0,31350,7/1/2026,WHITE,0,0,F,INDEX,,F,T,0,0
7/1/2026,2:12:53 PM,SPXW,BLOCK,50,6,,PUT,7500,0,30000,7/1/2026,WHITE,0,0,F,INDEX,,F,T,0,0
7/1/2026,2:14:20 PM,SPXW,ML/,84,6.05,,PUT,7500,0,50820,7/1/2026,WHITE,0,0,F,INDEX,,F,T,0,0
7/1/2026,2:17:25 PM,SPXW,ML/,54,7.7,,PUT,7500,0,41580,7/1/2026,WHITE,0,0,F,INDEX,,F,T,0,0
7/1/2026,2:20:39 PM,SPXW,ML/,100,5.65,,PUT,7500,0,56500,7/1/2026,WHITE,0,0,F,INDEX,,F,T,0,0
7/1/2026,2:24:33 PM,SPXW,BLOCK,67,5,,PUT,7500,0,33500,7/1/2026,WHITE,0,0,F,INDEX,,F,T,0,0
7/1/2026,2:25:07 PM,SPXW,ML/,102,4,,PUT,7500,0,40800,7/1/2026,WHITE,0,0,F,INDEX,,F,T,0,0
7/1/2026,2:25:55 PM,SPXW,BLOCK,83,4.7,,PUT,7500,0,39010,7/1/2026,WHITE,0,0,F,INDEX,,F,T,0,0
7/1/2026,2:31:05 PM,SPXW,BLOCK,91,5.9,,PUT,7500,0,53690,7/1/2026,WHITE,0,0,F,INDEX,,F,T,0,0
7/1/2026,1:56:44 PM,SPXW,ML/,50,5.09,,PUT,7500,0,25450,7/1/2026,WHITE,0,0,F,INDEX,,F,T,0,0
7/1/2026,2:01:33 PM,SPXW,ML/,50,4.97,,PUT,7500,0,24849,7/1/2026,WHITE,0,0,F,INDEX,,F,T,0,0
7/1/2026,2:48:04 PM,SPXW,BLOCK,51,7.9,,PUT,7500,0,40290,7/1/2026,WHITE,0,0,F,INDEX,,F,T,0,0
7/1/2026,2:48:04 PM,SPXW,BLOCK,56,8,,PUT,7500,0,44800,7/1/2026,WHITE,0,0,F,INDEX,,F,T,0,0
7/1/2026,2:47:22 PM,SPXW,ML/,79,6.4,,PUT,7500,0,50560,7/1/2026,WHITE,0,0,F,INDEX,,F,T,0,0
7/1/2026,2:52:09 PM,SPXW,BLOCK,55,6.7,,PUT,7500,0,36850,7/1/2026,WHITE,0,0,F,INDEX,,F,T,0,0
7/1/2026,2:53:13 PM,SPXW,BLOCK,94,7.8,,PUT,7500,0,73320,7/1/2026,WHITE,0,0,F,INDEX,,F,T,0,0
7/1/2026,2:57:01 PM,SPXW,ML/,61,8.95,,PUT,7500,0,54594,7/1/2026,WHITE,0,0,F,INDEX,,F,T,0,0
7/1/2026,2:59:01 PM,SPXW,BLOCK,54,7,,PUT,7500,0,37800,7/1/2026,WHITE,0,0,F,INDEX,,F,T,0,0
7/1/2026,2:59:02 PM,SPXW,BLOCK,50,7,,PUT,7500,0,35000,7/1/2026,WHITE,0,0,F,INDEX,,F,T,0,0
7/1/2026,3:05:50 PM,SPXW,BLOCK,54,3.3,,PUT,7500,0,17820,7/1/2026,WHITE,0,0,F,INDEX,,F,T,0,0
7/1/2026,3:06:35 PM,SPXW,BLOCK,63,3.7,,PUT,7500,0,23310,7/1/2026,WHITE,0,0,F,INDEX,,F,T,0,0
7/1/2026,3:08:00 PM,SPXW,BLOCK,50,3.5,,PUT,7500,0,17500,7/1/2026,WHITE,0,0,F,INDEX,,F,T,0,0
7/1/2026,3:06:15 PM,SPXW,ML/,53,3.46,,PUT,7500,0,18338,7/1/2026,WHITE,0,0,F,INDEX,,F,T,0,0
7/1/2026,3:09:47 PM,SPXW,BLOCK,57,2.7,,PUT,7500,0,15390,7/1/2026,WHITE,0,0,F,INDEX,,F,T,0,0
7/1/2026,3:10:03 PM,SPXW,BLOCK,100,2.9,,PUT,7500,0,29000,7/1/2026,WHITE,0,0,F,INDEX,,F,T,0,0
7/1/2026,3:10:11 PM,SPXW,BLOCK,82,2.95,,PUT,7500,0,24190,7/1/2026,WHITE,0,0,F,INDEX,,F,T,0,0
7/1/2026,3:10:21 PM,SPXW,BLOCK,64,2.9,,PUT,7500,0,18560,7/1/2026,WHITE,0,0,F,INDEX,,F,T,0,0
7/1/2026,3:10:23 PM,SPXW,BLOCK,67,2.95,,PUT,7500,0,19765,7/1/2026,WHITE,0,0,F,INDEX,,F,T,0,0
7/1/2026,3:11:36 PM,SPXW,BLOCK,56,3.5,,PUT,7500,0,19600,7/1/2026,WHITE,0,0,F,INDEX,,F,T,0,0
7/1/2026,3:11:48 PM,SPXW,BLOCK,81,3.4,,PUT,7500,0,27539,7/1/2026,WHITE,0,0,F,INDEX,,F,T,0,0
7/1/2026,3:12:21 PM,SPXW,BLOCK,52,3.9,,PUT,7500,0,20280,7/1/2026,WHITE,0,0,F,INDEX,,F,T,0,0
7/1/2026,3:12:26 PM,SPXW,BLOCK,96,3.6,,PUT,7500,0,34560,7/1/2026,WHITE,0,0,F,INDEX,,F,T,0,0
7/1/2026,3:12:29 PM,SPXW,BLOCK,51,3.4,,PUT,7500,0,17340,7/1/2026,WHITE,0,0,F,INDEX,,F,T,0,0
7/1/2026,3:13:25 PM,SPXW,BLOCK,52,3.3,,PUT,7500,0,17160,7/1/2026,WHITE,0,0,F,INDEX,,F,T,0,0
7/1/2026,3:16:58 PM,SPXW,SWEEP,50,2.25,,PUT,7500,0,11250,7/1/2026,WHITE,0,0,F,INDEX,,F,T,0,0
7/1/2026,3:17:03 PM,SPXW,BLOCK,89,2.25,,PUT,7500,0,20025,7/1/2026,WHITE,0,0,F,INDEX,,F,T,0,0
7/1/2026,3:17:43 PM,SPXW,BLOCK,53,2.85,,PUT,7500,0,15105,7/1/2026,WHITE,0,0,F,INDEX,,F,T,0,0
7/1/2026,3:18:34 PM,SPXW,SWEEP,60,3,,PUT,7500,0,18000,7/1/2026,WHITE,0,0,F,INDEX,,F,T,0,0
7/1/2026,3:22:45 PM,SPXW,BLOCK,77,3,,PUT,7500,0,23100,7/1/2026,WHITE,0,0,F,INDEX,,F,T,0,0
7/1/2026,3:23:32 PM,SPXW,BLOCK,59,2.85,,PUT,7500,0,16815,7/1/2026,WHITE,0,0,F,INDEX,,F,T,0,0
7/1/2026,3:24:43 PM,SPXW,BLOCK,67,2.05,,PUT,7500,0,13735,7/1/2026,WHITE,0,0,F,INDEX,,F,T,0,0
7/1/2026,3:24:52 PM,SPXW,BLOCK,60,2.05,,PUT,7500,0,12299,7/1/2026,WHITE,0,0,F,INDEX,,F,T,0,0
7/1/2026,3:25:55 PM,SPXW,BLOCK,50,3.8,,PUT,7500,0,19000,7/1/2026,WHITE,0,0,F,INDEX,,F,T,0,0
7/1/2026,3:26:04 PM,SPXW,BLOCK,67,3.9,,PUT,7500,0,26130,7/1/2026,WHITE,0,0,F,INDEX,,F,T,0,0
7/1/2026,3:26:06 PM,SPXW,ML/,52,4,,PUT,7500,0,20800,7/1/2026,WHITE,0,0,F,INDEX,,F,T,0,0
7/1/2026,3:29:01 PM,SPXW,BLOCK,50,4,,PUT,7500,0,20000,7/1/2026,WHITE,0,0,F,INDEX,,F,T,0,0
7/1/2026,3:29:32 PM,SPXW,ML/,147,3.8,,PUT,7500,0,55860,7/1/2026,WHITE,0,0,F,INDEX,,F,T,0,0
7/1/2026,3:29:48 PM,SPXW,ML/,200,3.9,,PUT,7500,0,78000,7/1/2026,WHITE,0,0,F,INDEX,,F,T,0,0
7/1/2026,3:34:09 PM,SPXW,BLOCK,130,3,,PUT,7500,0,39000,7/1/2026,WHITE,0,0,F,INDEX,,F,T,0,0
7/1/2026,3:41:05 PM,SPXW,ML/,73,5.7,,PUT,7500,0,41610,7/1/2026,WHITE,0,0,F,INDEX,,F,T,0,0
7/1/2026,3:00:02 PM,SPXW,BLOCK,100,7.1,,PUT,7500,0,71000,7/1/2026,WHITE,0,0,F,INDEX,,F,T,0,0
7/1/2026,3:43:59 PM,SPXW,ML/,90,6.55,,PUT,7500,0,58950,7/1/2026,WHITE,0,0,F,INDEX,,F,T,0,0
7/1/2026,3:00:03 PM,SPXW,ML/,60,6.67,,PUT,7500,0,40020,7/1/2026,WHITE,0,0,F,INDEX,,F,T,0,0
7/1/2026,2:57:47 PM,SPXW,ML/,300,8.95,,PUT,7500,0,268499,7/1/2026,WHITE,0,0,F,INDEX,,F,T,0,0
7/1/2026,3:51:36 PM,SPXW,ML/,50,9.25,,PUT,7500,0,46250,7/1/2026,WHITE,0,0,F,INDEX,,F,T,0,0
7/1/2026,3:51:56 PM,SPXW,ML/,80,9.85,,PUT,7500,0,78800,7/1/2026,WHITE,0,0,F,INDEX,,F,T,0,0
7/1/2026,2:56:48 PM,SPXW,ML/,50,9.23,,PUT,7500,0,46150,7/1/2026,WHITE,0,0,F,INDEX,,F,T,0,0
7/1/2026,3:54:00 PM,SPXW,ML/,377,9.1,,PUT,7500,0,343070,7/1/2026,WHITE,0,0,F,INDEX,,F,T,0,0
7/1/2026,9:48:11 AM,SPXW,ML/,500,39.4,,PUT,7500,0,1970000,7/1/2026,WHITE,0,0,F,INDEX,,F,T,0,0
7/1/2026,9:50:56 AM,SPXW,ML/,100,38.7,,PUT,7500,0,387000,7/1/2026,WHITE,0,0,F,INDEX,,F,T,0,0
7/1/2026,10:13:03 AM,SPXW,ML/,500,15.19,,PUT,7500,0,759500,7/1/2026,WHITE,0,0,F,INDEX,,F,T,0,0
7/1/2026,10:30:35 AM,SPXW,ML/,63,14.57,,PUT,7500,0,91791,7/1/2026,WHITE,0,0,F,INDEX,,F,T,0,0
7/1/2026,10:31:27 AM,SPXW,ML/,50,16.62,,PUT,7500,0,83100,7/1/2026,WHITE,0,0,F,INDEX,,F,T,0,0
7/1/2026,10:22:50 AM,SPXW,ML/,100,14.38,,PUT,7500,0,143800,7/1/2026,WHITE,0,0,F,INDEX,,F,T,0,0
7/1/2026,10:30:48 AM,SPXW,ML/,60,16.26,,PUT,7500,0,97560,7/1/2026,WHITE,0,0,F,INDEX,,F,T,0,0
7/1/2026,3:41:05 PM,SPXW,ML/,106,5.64,,PUT,7500,0,59784,7/1/2026,WHITE,0,0,F,INDEX,,F,T,0,0
7/1/2026,12:24:37 PM,SPXW,ML/,250,1.9,,PUT,7500,0,47500,7/1/2026,WHITE,0,0,F,INDEX,,F,T,0,0
7/1/2026,3:54:00 PM,SPXW,ML/,92,9.12,,PUT,7500,0,83904,7/1/2026,WHITE,0,0,F,INDEX,,F,T,0,0
7/1/2026,3:44:33 PM,SPXW,ML/,100,6.69,,PUT,7500,0,66900,7/1/2026,WHITE,0,0,F,INDEX,,F,T,0,0
7/1/2026,9:34:01 AM,SPXW,BLOCK,50,16.5,,PUT,7450,0,82500,7/1/2026,WHITE,0,0,F,INDEX,,F,T,0,0
7/1/2026,9:43:51 AM,SPXW,ML/,250,12.4,,PUT,7450,0,310000,7/1/2026,WHITE,0,0,F,INDEX,,F,T,0,0
7/1/2026,9:30:46 AM,SPXW,BLOCK,86,11.9,,PUT,7450,0,102340,7/1/2026,WHITE,0,0,F,INDEX,,F,T,0,0
7/1/2026,9:50:48 AM,SPXW,BLOCK,62,9.6,,PUT,7450,0,59520,7/1/2026,WHITE,0,0,F,INDEX,,F,T,0,0
7/1/2026,10:09:20 AM,SPXW,BLOCK,50,3.5,,PUT,7450,0,17500,7/1/2026,WHITE,0,0,F,INDEX,,F,T,0,0
7/1/2026,10:09:54 AM,SPXW,BLOCK,97,3.4,,PUT,7450,0,32980,7/1/2026,WHITE,0,0,F,INDEX,,F,T,0,0
7/1/2026,10:09:59 AM,SPXW,BLOCK,133,3.4,,PUT,7450,0,45220,7/1/2026,WHITE,0,0,F,INDEX,,F,T,0,0
7/1/2026,10:10:13 AM,SPXW,BLOCK,209,3.4,,PUT,7450,0,71060,7/1/2026,WHITE,0,0,F,INDEX,,F,T,0,0
7/1/2026,10:11:28 AM,SPXW,ML/,100,2.47,,PUT,7450,0,24700,7/1/2026,WHITE,0,0,F,INDEX,,F,T,0,0
7/1/2026,10:11:28 AM,SPXW,ML/,50,2.47,,PUT,7450,0,12350,7/1/2026,WHITE,0,0,F,INDEX,,F,T,0,0
7/1/2026,10:13:15 AM,SPXW,ML/,95,2.58,,PUT,7450,0,24510,7/1/2026,WHITE,0,0,F,INDEX,,F,T,0,0
7/1/2026,10:13:17 AM,SPXW,ML/,395,2.63,,PUT,7450,0,103884,7/1/2026,WHITE,0,0,F,INDEX,,F,T,0,0
7/1/2026,10:13:16 AM,SPXW,ML/,64,2.58,,PUT,7450,0,16512,7/1/2026,WHITE,0,0,F,INDEX,,F,T,0,0
7/1/2026,10:13:17 AM,SPXW,ML/,206,2.63,,PUT,7450,0,54178,7/1/2026,WHITE,0,0,F,INDEX,,F,T,0,0
7/1/2026,10:14:32 AM,SPXW,BLOCK,50,2.4,,PUT,7450,0,11999,7/1/2026,WHITE,0,0,F,INDEX,,F,T,0,0
7/1/2026,10:13:17 AM,SPXW,ML/,103,2.67,,PUT,7450,0,27501,7/1/2026,WHITE,0,0,F,INDEX,,F,T,0,0
7/1/2026,10:13:17 AM,SPXW,ML/,143,2.62,,PUT,7450,0,37466,7/1/2026,WHITE,0,0,F,INDEX,,F,T,0,0
7/1/2026,10:16:12 AM,SPXW,BLOCK,50,2.55,,PUT,7450,0,12749,7/1/2026,WHITE,0,0,F,INDEX,,F,T,0,0
7/1/2026,10:25:03 AM,SPXW,BLOCK,50,2.3,,PUT,7450,0,11499,7/1/2026,WHITE,0,0,F,INDEX,,F,T,0,0
7/1/2026,10:27:09 AM,SPXW,ML/,94,2.2,,PUT,7450,0,20680,7/1/2026,WHITE,0,0,F,INDEX,,F,T,0,0
7/1/2026,10:30:42 AM,SPXW,BLOCK,50,2.4,,PUT,7450,0,12000,7/1/2026,WHITE,0,0,F,INDEX,,F,T,0,0
7/1/2026,10:30:46 AM,SPXW,ML/,57,2.55,,PUT,7450,0,14535,7/1/2026,WHITE,0,0,F,INDEX,,F,T,0,0
7/1/2026,10:30:46 AM,SPXW,ML/,72,2.58,,PUT,7450,0,18576,7/1/2026,WHITE,0,0,F,INDEX,,F,T,0,0
7/1/2026,10:34:29 AM,SPXW,BLOCK,54,2.8,,PUT,7450,0,15119,7/1/2026,WHITE,0,0,F,INDEX,,F,T,0,0
7/1/2026,10:35:33 AM,SPXW,BLOCK,102,2.9,,PUT,7450,0,29580,7/1/2026,WHITE,0,0,F,INDEX,,F,T,0,0
7/1/2026,10:36:58 AM,SPXW,BLOCK,51,2.5,,PUT,7450,0,12750,7/1/2026,WHITE,0,0,F,INDEX,,F,T,0,0
7/1/2026,10:37:03 AM,SPXW,ML/,75,2.3,,PUT,7450,0,17249,7/1/2026,WHITE,0,0,F,INDEX,,F,T,0,0
7/1/2026,10:37:27 AM,SPXW,BLOCK,84,2.2,,PUT,7450,0,18480,7/1/2026,WHITE,0,0,F,INDEX,,F,T,0,0
7/1/2026,10:30:35 AM,SPXW,ML/,59,2.27,,PUT,7450,0,13393,7/1/2026,WHITE,0,0,F,INDEX,,F,T,0,0
7/1/2026,10:41:48 AM,SPXW,BLOCK,51,2.35,,PUT,7450,0,11985,7/1/2026,WHITE,0,0,F,INDEX,,F,T,0,0
7/1/2026,10:43:59 AM,SPXW,BLOCK,90,1.9,,PUT,7450,0,17100,7/1/2026,WHITE,0,0,F,INDEX,,F,T,0,0
7/1/2026,10:36:58 AM,SPXW,BLOCK,62,2.5,,PUT,7450,0,15500,7/1/2026,WHITE,0,0,F,INDEX,,F,T,0,0
7/1/2026,10:46:35 AM,SPXW,ML/,56,3.8,,PUT,7450,0,21280,7/1/2026,WHITE,0,0,F,INDEX,,F,T,0,0
7/1/2026,10:47:06 AM,SPXW,BLOCK,50,3,,PUT,7450,0,15000,7/1/2026,WHITE,0,0,F,INDEX,,F,T,0,0
7/1/2026,10:48:07 AM,SPXW,ML/,216,3.02,,PUT,7450,0,65231,7/1/2026,WHITE,0,0,F,INDEX,,F,T,0,0
7/1/2026,10:56:55 AM,SPXW,BLOCK,184,1.95,,PUT,7450,0,35880,7/1/2026,WHITE,0,0,F,INDEX,,F,T,0,0
7/1/2026,10:50:00 AM,SPXW,ML/,199,2.37,,PUT,7450,0,47163,7/1/2026,WHITE,0,0,F,INDEX,,F,T,0,0
7/1/2026,10:59:14 AM,SPXW,BLOCK,105,2,,PUT,7450,0,21000,7/1/2026,WHITE,0,0,F,INDEX,,F,T,0,0
7/1/2026,10:59:14 AM,SPXW,ML/,80,2.05,,PUT,7450,0,16400,7/1/2026,WHITE,0,0,F,INDEX,,F,T,0,0
7/1/2026,11:00:02 AM,SPXW,BLOCK,200,1.7,,PUT,7450,0,34000,7/1/2026,WHITE,0,0,F,INDEX,,F,T,0,0
7/1/2026,11:00:13 AM,SPXW,ML/,200,1.6,,PUT,7450,0,32000,7/1/2026,WHITE,0,0,F,INDEX,,F,T,0,0
7/1/2026,11:00:23 AM,SPXW,BLOCK,176,1.7,,PUT,7450,0,29920,7/1/2026,WHITE,0,0,F,INDEX,,F,T,0,0
7/1/2026,11:00:40 AM,SPXW,BLOCK,150,1.7,,PUT,7450,0,25500,7/1/2026,WHITE,0,0,F,INDEX,,F,T,0,0
7/1/2026,11:08:06 AM,SPXW,ML/,109,1.15,,PUT,7450,0,12534,7/1/2026,WHITE,0,0,F,INDEX,,F,T,0,0
7/1/2026,2:22:02 PM,SPXW,ML/,1000,0.25,,PUT,7450,0,25000,7/1/2026,WHITE,0,0,F,INDEX,,F,T,0,0
7/1/2026,2:53:31 PM,SPXW,ML/,1000,0.37,,PUT,7450,0,37000,7/1/2026,WHITE,0,0,F,INDEX,,F,T,0,0
7/1/2026,9:57:21 AM,SPXW,BLOCK,50,7.5,,PUT,7450,0,37500,7/1/2026,WHITE,0,0,F,INDEX,,F,T,0,0
7/1/2026,9:57:50 AM,SPXW,ML/,50,6.74,,PUT,7450,0,33700,7/1/2026,WHITE,0,0,F,INDEX,,F,T,0,0
7/1/2026,10:05:41 AM,SPXW,ML/,50,4.28,,PUT,7450,0,21400,7/1/2026,WHITE,0,0,F,INDEX,,F,T,0,0
7/1/2026,10:47:05 AM,SPXW,ML/,50,3.23,,PUT,7450,0,16150,7/1/2026,WHITE,0,0,F,INDEX,,F,T,0,0
7/1/2026,10:47:05 AM,SPXW,ML/,57,3.2,,PUT,7450,0,18240,7/1/2026,WHITE,0,0,F,INDEX,,F,T,0,0
7/1/2026,10:35:41 AM,SPXW,ML/,50,3.03,,PUT,7450,0,15150,7/1/2026,WHITE,0,0,F,INDEX,,F,T,0,0
7/1/2026,1:05:35 PM,SPXW,ML/,198,0.71,,PUT,7450,0,14057,7/1/2026,WHITE,0,0,F,INDEX,,F,T,0,0
7/1/2026,11:26:20 AM,SPXW,BLOCK,153,0.8,,CALL,7550,0,12240,7/1/2026,WHITE,0,0,F,INDEX,,F,T,0,0
7/1/2026,11:27:23 AM,SPXW,BLOCK,140,0.75,,CALL,7550,0,10500,7/1/2026,WHITE,0,0,F,INDEX,,F,T,0,0
7/1/2026,9:30:13 AM,SPXW,ML/,199,1.2,,PUT,7250,0,23880,7/2/2026,WHITE,0,1,F,INDEX,,F,T,0,0
7/1/2026,9:30:14 AM,SPXW,ML/,269,1.21,,PUT,7250,0,32549,7/2/2026,WHITE,0,1,F,INDEX,,F,T,0,0
7/1/2026,9:30:25 AM,SPXW,ML/,410,1.23,,PUT,7250,0,50430,7/2/2026,WHITE,0,1,F,INDEX,,F,T,0,0
7/1/2026,9:30:26 AM,SPXW,ML/,92,1.25,,PUT,7250,0,11500,7/2/2026,WHITE,0,1,F,INDEX,,F,T,0,0
7/1/2026,9:30:26 AM,SPXW,ML/,176,1.25,,PUT,7250,0,22000,7/2/2026,WHITE,0,1,F,INDEX,,F,T,0,0
7/1/2026,9:30:14 AM,SPXW,ML/,152,1.2,,PUT,7250,0,18240,7/2/2026,WHITE,0,1,F,INDEX,,F,T,0,0
7/1/2026,9:30:02 AM,SPXW,BLOCK,260,1.1,,PUT,7250,0,28600,7/2/2026,WHITE,0,1,F,INDEX,,F,T,0,0
7/1/2026,11:30:04 AM,SPXW,ML/,2086,0.3,,PUT,7250,0,62579,7/2/2026,WHITE,0,1,F,INDEX,,F,T,0,0
7/1/2026,9:30:23 AM,SPXW,ML/,619,1.21,,PUT,7250,0,74899,7/2/2026,WHITE,0,1,F,INDEX,,F,T,0,0
7/1/2026,9:30:25 AM,SPXW,ML/,93,1.23,,PUT,7250,0,11439,7/2/2026,WHITE,0,1,F,INDEX,,F,T,0,0
7/1/2026,11:09:33 AM,SPXW,ML/,70,73.03,,PUT,7575,0,511210,7/1/2026,WHITE,0,0,F,INDEX,,F,T,0,0
7/1/2026,9:52:53 AM,SPXW,SWEEP,56,26.6,,PUT,7475,0,148960,7/2/2026,WHITE,0,1,F,INDEX,,F,T,0,0
7/1/2026,10:02:01 AM,SPXW,BLOCK,143,23,,PUT,7475,0,328900,7/2/2026,WHITE,0,1,F,INDEX,,F,T,0,0
7/1/2026,10:11:51 AM,SPXW,BLOCK,753,16.5,,PUT,7475,0,1242450,7/2/2026,WHITE,0,1,F,INDEX,,F,T,0,0
7/1/2026,10:30:05 AM,SPXW,BLOCK,60,15.4,,PUT,7475,0,92400,7/2/2026,WHITE,0,1,F,INDEX,,F,T,0,0
7/1/2026,1:32:38 PM,SPXW,ML/,50,11.2,,PUT,7475,0,56000,7/2/2026,WHITE,0,1,F,INDEX,,F,T,0,0
7/1/2026,2:11:52 PM,SPXW,ML/,80,12.5,,PUT,7475,0,100000,7/2/2026,WHITE,0,1,F,INDEX,,F,T,0,0
7/1/2026,2:47:40 PM,SPXW,ML/,50,13.5,,PUT,7475,0,67500,7/2/2026,WHITE,0,1,F,INDEX,,F,T,0,0
7/1/2026,3:57:01 PM,SPXW,ML/,50,15.2,,PUT,7475,0,76000,7/2/2026,WHITE,0,1,F,INDEX,,F,T,0,0
7/1/2026,10:04:05 AM,SPXW,ML/,239,22,,PUT,7475,0,525800,7/2/2026,WHITE,0,1,F,INDEX,,F,T,0,0
7/1/2026,10:02:01 AM,SPXW,BLOCK,62,22.9,,PUT,7475,0,141980,7/2/2026,WHITE,0,1,F,INDEX,,F,T,0,0
7/1/2026,3:51:08 PM,SPXW,ML/,52,13.8,,PUT,7475,0,71760,7/2/2026,WHITE,0,1,F,INDEX,,F,T,0,0
7/1/2026,3:54:36 PM,XSP,ML/,75,2.82,,CALL,746,0,21150,7/1/2026,WHITE,0,0,F,INDEX,,F,T,0,0
7/1/2026,10:00:55 AM,SPXW,BLOCK,58,9.1,,PUT,7470,0,52779,7/1/2026,WHITE,0,0,F,INDEX,,F,T,0,0
7/1/2026,10:15:33 AM,SPXW,ML/,60,4.95,,PUT,7470,0,29700,7/1/2026,WHITE,0,0,F,INDEX,,F,T,0,0
7/1/2026,10:20:30 AM,SPXW,BLOCK,64,4.7,,PUT,7470,0,30080,7/1/2026,WHITE,0,0,F,INDEX,,F,T,0,0
7/1/2026,10:29:06 AM,SPXW,ML/,100,4.2,,PUT,7470,0,42000,7/1/2026,WHITE,0,0,F,INDEX,,F,T,0,0
7/1/2026,10:31:20 AM,SPXW,ML/,90,5.15,,PUT,7470,0,46350,7/1/2026,WHITE,0,0,F,INDEX,,F,T,0,0
7/1/2026,10:16:30 AM,SPXW,ML/,50,5.42,,PUT,7470,0,27100,7/1/2026,WHITE,0,0,F,INDEX,,F,T,0,0
7/1/2026,10:16:30 AM,SPXW,ML/,50,5.57,,PUT,7470,0,27850,7/1/2026,WHITE,0,0,F,INDEX,,F,T,0,0
7/1/2026,10:33:51 AM,SPXW,ML/,61,5.75,,PUT,7470,0,35075,7/1/2026,WHITE,0,0,F,INDEX,,F,T,0,0
7/1/2026,10:44:57 AM,SPXW,ML/,50,4.4,,PUT,7470,0,22000,7/1/2026,WHITE,0,0,F,INDEX,,F,T,0,0
7/1/2026,10:46:21 AM,SPXW,BLOCK,72,6.8,,PUT,7470,0,48960,7/1/2026,WHITE,0,0,F,INDEX,,F,T,0,0
7/1/2026,10:46:34 AM,SPXW,BLOCK,59,7.3,,PUT,7470,0,43070,7/1/2026,WHITE,0,0,F,INDEX,,F,T,0,0
7/1/2026,10:49:04 AM,SPXW,BLOCK,51,5.7,,PUT,7470,0,29070,7/1/2026,WHITE,0,0,F,INDEX,,F,T,0,0
7/1/2026,10:51:33 AM,SPXW,BLOCK,50,3.9,,PUT,7470,0,19500,7/1/2026,WHITE,0,0,F,INDEX,,F,T,0,0
7/1/2026,11:03:58 AM,SPXW,BLOCK,50,2.55,,PUT,7470,0,12749,7/1/2026,WHITE,0,0,F,INDEX,,F,T,0,0
7/1/2026,11:09:12 AM,SPXW,BLOCK,51,2.7,,PUT,7470,0,13770,7/1/2026,WHITE,0,0,F,INDEX,,F,T,0,0
7/1/2026,11:49:40 AM,SPXW,ML/,100,1.22,,PUT,7470,0,12200,7/1/2026,WHITE,0,0,F,INDEX,,F,T,0,0
7/1/2026,11:49:40 AM,SPXW,ML/,137,1.22,,PUT,7470,0,16714,7/1/2026,WHITE,0,0,F,INDEX,,F,T,0,0
7/1/2026,11:53:39 AM,SPXW,ML/,118,0.87,,PUT,7470,0,10266,7/1/2026,WHITE,0,0,F,INDEX,,F,T,0,0
7/1/2026,11:20:12 AM,SPXW,ML/,1000,1.55,,PUT,7470,0,155000,7/1/2026,WHITE,0,0,F,INDEX,,F,T,0,0
7/1/2026,1:03:15 PM,SPXW,BLOCK,99,1.2,,PUT,7470,0,11880,7/1/2026,WHITE,0,0,F,INDEX,,F,T,0,0
7/1/2026,11:14:44 AM,SPXW,ML/,60,2.15,,PUT,7470,0,12900,7/1/2026,WHITE,0,0,F,INDEX,,F,T,0,0
7/1/2026,1:06:33 PM,SPXW,BLOCK,69,2.1,,PUT,7470,0,14490,7/1/2026,WHITE,0,0,F,INDEX,,F,T,0,0
7/1/2026,3:52:17 PM,SPXW,ML/,1000,0.15,,PUT,7470,0,15000,7/1/2026,WHITE,0,0,F,INDEX,,F,T,0,0
7/1/2026,10:03:01 AM,SPXW,BLOCK,121,11,,PUT,7470,0,133100,7/1/2026,WHITE,0,0,F,INDEX,,F,T,0,0
7/1/2026,10:45:45 AM,SPXW,ML/,64,6.75,,PUT,7470,0,43200,7/1/2026,WHITE,0,0,F,INDEX,,F,T,0,0
7/1/2026,10:30:48 AM,SPXW,ML/,60,5.36,,PUT,7470,0,32160,7/1/2026,WHITE,0,0,F,INDEX,,F,T,0,0
7/1/2026,10:59:58 AM,SPXW,ML/,67,3.57,,PUT,7470,0,23919,7/1/2026,WHITE,0,0,F,INDEX,,F,T,0,0
7/1/2026,11:11:26 AM,SPXW,BLOCK,95,2.55,,PUT,7470,0,24225,7/1/2026,WHITE,0,0,F,INDEX,,F,T,0,0
7/1/2026,9:30:14 AM,SPXW,BLOCK,68,3.9,,CALL,7510,0,26520,7/1/2026,WHITE,0,0,F,INDEX,,F,T,0,0
7/1/2026,9:36:18 AM,SPXW,BLOCK,159,2.55,,CALL,7510,0,40545,7/1/2026,WHITE,0,0,F,INDEX,,F,T,0,0
7/1/2026,9:39:33 AM,SPXW,BLOCK,100,2.7,,CALL,7510,0,27000,7/1/2026,WHITE,0,0,F,INDEX,,F,T,0,0
7/1/2026,9:39:45 AM,SPXW,ML/,100,2.82,,CALL,7510,0,28200,7/1/2026,WHITE,0,0,F,INDEX,,F,T,0,0
7/1/2026,9:39:51 AM,SPXW,ML/,99,2.83,,CALL,7510,0,28017,7/1/2026,WHITE,0,0,F,INDEX,,F,T,0,0
7/1/2026,9:43:18 AM,SPXW,BLOCK,100,2.7,,CALL,7510,0,27000,7/1/2026,WHITE,0,0,F,INDEX,,F,T,0,0
7/1/2026,9:48:28 AM,SPXW,ML/,84,2.7,,CALL,7510,0,22680,7/1/2026,WHITE,0,0,F,INDEX,,F,T,0,0
7/1/2026,9:53:40 AM,SPXW,ML/,50,2.88,,CALL,7510,0,14400,7/1/2026,WHITE,0,0,F,INDEX,,F,T,0,0
7/1/2026,10:04:03 AM,SPXW,ML/,51,3.6,,CALL,7510,0,18360,7/1/2026,WHITE,0,0,F,INDEX,,F,T,0,0
7/1/2026,9:30:13 AM,SPXW,ML/,75,3.92,,CALL,7510,0,29400,7/1/2026,WHITE,0,0,F,INDEX,,F,T,0,0
7/1/2026,10:07:24 AM,SPXW,ML/,59,4.5,,CALL,7510,0,26550,7/1/2026,WHITE,0,0,F,INDEX,,F,T,0,0
7/1/2026,10:05:43 AM,SPXW,ML/,60,3.73,,CALL,7510,0,22380,7/1/2026,WHITE,0,0,F,INDEX,,F,T,0,0
7/1/2026,10:32:29 AM,SPXW,ML/,60,3.74,,CALL,7510,0,22440,7/1/2026,WHITE,0,0,F,INDEX,,F,T,0,0
7/1/2026,10:32:06 AM,SPXW,ML/,90,4.42,,CALL,7510,0,39779,7/1/2026,WHITE,0,0,F,INDEX,,F,T,0,0
7/1/2026,10:42:21 AM,SPXW,BLOCK,92,4.4,,CALL,7510,0,40480,7/1/2026,WHITE,0,0,F,INDEX,,F,T,0,0
7/1/2026,10:34:12 AM,SPXW,ML/,96,3.52,,CALL,7510,0,33791,7/1/2026,WHITE,0,0,F,INDEX,,F,T,0,0
7/1/2026,10:36:43 AM,SPXW,ML/,92,3.97,,CALL,7510,0,36524,7/1/2026,WHITE,0,0,F,INDEX,,F,T,0,0
7/1/2026,10:30:00 AM,SPXW,ML/,50,5.26,,CALL,7510,0,26300,7/1/2026,WHITE,0,0,F,INDEX,,F,T,0,0
7/1/2026,11:03:02 AM,SPXW,BLOCK,151,6.4,,CALL,7510,0,96640,7/1/2026,WHITE,0,0,F,INDEX,,F,T,0,0
7/1/2026,11:04:59 AM,SPXW,SWEEP,118,7.9,,CALL,7510,0,93220,7/1/2026,WHITE,0,0,F,INDEX,,F,T,0,0
7/1/2026,11:05:58 AM,SPXW,BLOCK,50,9,,CALL,7510,0,45000,7/1/2026,WHITE,0,0,F,INDEX,,F,T,0,0
7/1/2026,11:07:08 AM,SPXW,SWEEP,86,9,,CALL,7510,0,77400,7/1/2026,WHITE,0,0,F,INDEX,,F,T,0,0
7/1/2026,11:07:28 AM,SPXW,SWEEP,157,9,,CALL,7510,0,141300,7/1/2026,WHITE,0,0,F,INDEX,,F,T,0,0
7/1/2026,11:07:33 AM,SPXW,BLOCK,76,9.3,,CALL,7510,0,70680,7/1/2026,WHITE,0,0,F,INDEX,,F,T,0,0
7/1/2026,11:07:35 AM,SPXW,BLOCK,96,9.2,,CALL,7510,0,88320,7/1/2026,WHITE,0,0,F,INDEX,,F,T,0,0
7/1/2026,11:07:35 AM,SPXW,BLOCK,50,9.2,,CALL,7510,0,46000,7/1/2026,WHITE,0,0,F,INDEX,,F,T,0,0
7/1/2026,11:15:12 AM,SPXW,BLOCK,51,10,,CALL,7510,0,51000,7/1/2026,WHITE,0,0,F,INDEX,,F,T,0,0
7/1/2026,11:15:25 AM,SPXW,BLOCK,77,10.2,,CALL,7510,0,78540,7/1/2026,WHITE,0,0,F,INDEX,,F,T,0,0
7/1/2026,11:17:59 AM,SPXW,BLOCK,63,10.8,,CALL,7510,0,68040,7/1/2026,WHITE,0,0,F,INDEX,,F,T,0,0
7/1/2026,11:20:33 AM,SPXW,SWEEP,89,12.4,,CALL,7510,0,110360,7/1/2026,WHITE,0,0,F,INDEX,,F,T,0,0
7/1/2026,11:23:16 AM,SPXW,BLOCK,151,14.3,,CALL,7510,0,215930,7/1/2026,WHITE,0,0,F,INDEX,,F,T,0,0
7/1/2026,11:24:04 AM,SPXW,ML/,78,14.3,,CALL,7510,0,111540,7/1/2026,WHITE,0,0,F,INDEX,,F,T,0,0
7/1/2026,11:29:45 AM,SPXW,BLOCK,50,16.1,,CALL,7510,0,80500,7/1/2026,WHITE,0,0,F,INDEX,,F,T,0,0
7/1/2026,11:29:10 AM,SPXW,ML/,50,15.05,,CALL,7510,0,75250,7/1/2026,WHITE,0,0,F,INDEX,,F,T,0,0
7/1/2026,11:32:35 AM,SPXW,ML/,71,13.7,,CALL,7510,0,97270,7/1/2026,WHITE,0,0,F,INDEX,,F,T,0,0
7/1/2026,11:33:18 AM,SPXW,ML/,83,13.2,,CALL,7510,0,109559,7/1/2026,WHITE,0,0,F,INDEX,,F,T,0,0
7/1/2026,11:37:26 AM,SPXW,ML/,50,12.05,,CALL,7510,0,60250,7/1/2026,WHITE,0,0,F,INDEX,,F,T,0,0
7/1/2026,11:42:43 AM,SPXW,ML/,62,12.8,,CALL,7510,0,79360,7/1/2026,WHITE,0,0,F,INDEX,,F,T,0,0
7/1/2026,11:15:19 AM,SPXW,ML/,200,10.22,,CALL,7510,0,204400,7/1/2026,WHITE,0,0,F,INDEX,,F,T,0,0
7/1/2026,11:51:39 AM,SPXW,BLOCK,60,10.5,,CALL,7510,0,63000,7/1/2026,WHITE,0,0,F,INDEX,,F,T,0,0
7/1/2026,11:57:18 AM,SPXW,BLOCK,53,11,,CALL,7510,0,58300,7/1/2026,WHITE,0,0,F,INDEX,,F,T,0,0
7/1/2026,12:02:22 PM,SPXW,BLOCK,50,12.6,,CALL,7510,0,63000,7/1/2026,WHITE,0,0,F,INDEX,,F,T,0,0
7/1/2026,11:33:19 AM,SPXW,ML/,82,13.14,,CALL,7510,0,107748,7/1/2026,WHITE,0,0,F,INDEX,,F,T,0,0
7/1/2026,12:40:44 PM,SPXW,BLOCK,51,9.5,,CALL,7510,0,48450,7/1/2026,WHITE,0,0,F,INDEX,,F,T,0,0
7/1/2026,12:44:26 PM,SPXW,BLOCK,75,9.5,,CALL,7510,0,71250,7/1/2026,WHITE,0,0,F,INDEX,,F,T,0,0
7/1/2026,12:50:37 PM,SPXW,BLOCK,51,8.5,,CALL,7510,0,43350,7/1/2026,WHITE,0,0,F,INDEX,,F,T,0,0
7/1/2026,1:00:50 PM,SPXW,BLOCK,58,6,,CALL,7510,0,34800,7/1/2026,WHITE,0,0,F,INDEX,,F,T,0,0
7/1/2026,1:01:33 PM,SPXW,BLOCK,60,5.8,,CALL,7510,0,34800,7/1/2026,WHITE,0,0,F,INDEX,,F,T,0,0
7/1/2026,1:01:52 PM,SPXW,BLOCK,55,6,,CALL,7510,0,33000,7/1/2026,WHITE,0,0,F,INDEX,,F,T,0,0
7/1/2026,1:05:08 PM,SPXW,ML/,110,4.5,,CALL,7510,0,49500,7/1/2026,WHITE,0,0,F,INDEX,,F,T,0,0
7/1/2026,1:06:54 PM,SPXW,BLOCK,254,4.1,,CALL,7510,0,104139,7/1/2026,WHITE,0,0,F,INDEX,,F,T,0,0
7/1/2026,12:59:39 PM,SPXW,ML/,50,4.49,,CALL,7510,0,22450,7/1/2026,WHITE,0,0,F,INDEX,,F,T,0,0
7/1/2026,1:09:15 PM,SPXW,BLOCK,58,4.7,,CALL,7510,0,27260,7/1/2026,WHITE,0,0,F,INDEX,,F,T,0,0
7/1/2026,1:10:24 PM,SPXW,ML/,116,4.32,,CALL,7510,0,50112,7/1/2026,WHITE,0,0,F,INDEX,,F,T,0,0
7/1/2026,1:10:24 PM,SPXW,ML/,84,4.32,,CALL,7510,0,36288,7/1/2026,WHITE,0,0,F,INDEX,,F,T,0,0
7/1/2026,1:12:20 PM,SPXW,BLOCK,84,4.9,,CALL,7510,0,41160,7/1/2026,WHITE,0,0,F,INDEX,,F,T,0,0
7/1/2026,1:02:01 PM,SPXW,BLOCK,53,6,,CALL,7510,0,31800,7/1/2026,WHITE,0,0,F,INDEX,,F,T,0,0
7/1/2026,1:16:28 PM,SPXW,BLOCK,50,5.5,,CALL,7510,0,27500,7/1/2026,WHITE,0,0,F,INDEX,,F,T,0,0
7/1/2026,1:17:53 PM,SPXW,BLOCK,61,5,,CALL,7510,0,30500,7/1/2026,WHITE,0,0,F,INDEX,,F,T,0,0
7/1/2026,1:19:12 PM,SPXW,ML/,59,6,,CALL,7510,0,35400,7/1/2026,WHITE,0,0,F,INDEX,,F,T,0,0
7/1/2026,1:19:43 PM,SPXW,BLOCK,76,6.1,,CALL,7510,0,46360,7/1/2026,WHITE,0,0,F,INDEX,,F,T,0,0
7/1/2026,1:19:59 PM,SPXW,BLOCK,190,6.2,,CALL,7510,0,117800,7/1/2026,WHITE,0,0,F,INDEX,,F,T,0,0
7/1/2026,1:19:59 PM,SPXW,BLOCK,110,6.1,,CALL,7510,0,67100,7/1/2026,WHITE,0,0,F,INDEX,,F,T,0,0
7/1/2026,1:20:08 PM,SPXW,BLOCK,111,6.7,,CALL,7510,0,74370,7/1/2026,WHITE,0,0,F,INDEX,,F,T,0,0
7/1/2026,1:20:13 PM,SPXW,ML/,159,6.73,,CALL,7510,0,107007,7/1/2026,WHITE,0,0,F,INDEX,,F,T,0,0
7/1/2026,1:20:13 PM,SPXW,ML/,91,6.8,,CALL,7510,0,61879,7/1/2026,WHITE,0,0,F,INDEX,,F,T,0,0
7/1/2026,1:20:31 PM,SPXW,BLOCK,52,6.7,,CALL,7510,0,34840,7/1/2026,WHITE,0,0,F,INDEX,,F,T,0,0
7/1/2026,1:22:43 PM,SPXW,BLOCK,60,6.3,,CALL,7510,0,37800,7/1/2026,WHITE,0,0,F,INDEX,,F,T,0,0
7/1/2026,1:22:45 PM,SPXW,BLOCK,50,6.4,,CALL,7510,0,32000,7/1/2026,WHITE,0,0,F,INDEX,,F,T,0,0
7/1/2026,1:26:35 PM,SPXW,BLOCK,70,6.6,,CALL,7510,0,46200,7/1/2026,WHITE,0,0,F,INDEX,,F,T,0,0
7/1/2026,1:28:40 PM,SPXW,BLOCK,60,5.7,,CALL,7510,0,34200,7/1/2026,WHITE,0,0,F,INDEX,,F,T,0,0
7/1/2026,1:19:46 PM,SPXW,ML/,50,5.97,,CALL,7510,0,29850,7/1/2026,WHITE,0,0,F,INDEX,,F,T,0,0
7/1/2026,1:31:04 PM,SPXW,BLOCK,62,5.5,,CALL,7510,0,34100,7/1/2026,WHITE,0,0,F,INDEX,,F,T,0,0
7/1/2026,1:32:29 PM,SPXW,BLOCK,51,4.4,,CALL,7510,0,22440,7/1/2026,WHITE,0,0,F,INDEX,,F,T,0,0
7/1/2026,1:35:26 PM,SPXW,ML/,250,4.3,,CALL,7510,0,107500,7/1/2026,WHITE,0,0,F,INDEX,,F,T,0,0
7/1/2026,1:38:31 PM,SPXW,BLOCK,82,4.7,,CALL,7510,0,38540,7/1/2026,WHITE,0,0,F,INDEX,,F,T,0,0
7/1/2026,1:40:24 PM,SPXW,BLOCK,70,4.5,,CALL,7510,0,31500,7/1/2026,WHITE,0,0,F,INDEX,,F,T,0,0
7/1/2026,1:41:12 PM,SPXW,BLOCK,68,4,,CALL,7510,0,27200,7/1/2026,WHITE,0,0,F,INDEX,,F,T,0,0
7/1/2026,1:42:48 PM,SPXW,BLOCK,138,3.9,,CALL,7510,0,53820,7/1/2026,WHITE,0,0,F,INDEX,,F,T,0,0
7/1/2026,10:45:54 AM,SPXW,ML/,100,3.57,,CALL,7510,0,35700,7/1/2026,WHITE,0,0,F,INDEX,,F,T,0,0
7/1/2026,10:46:32 AM,SPXW,ML/,100,3.46,,CALL,7510,0,34600,7/1/2026,WHITE,0,0,F,INDEX,,F,T,0,0
7/1/2026,1:43:04 PM,SPXW,ML/,168,3.65,,CALL,7510,0,61320,7/1/2026,WHITE,0,0,F,INDEX,,F,T,0,0
7/1/2026,1:44:03 PM,SPXW,BLOCK,120,3.8,,CALL,7510,0,45600,7/1/2026,WHITE,0,0,F,INDEX,,F,T,0,0
7/1/2026,1:45:06 PM,SPXW,ML/,51,3,,CALL,7510,0,15300,7/1/2026,WHITE,0,0,F,INDEX,,F,T,0,0
7/1/2026,1:45:07 PM,SPXW,ML/,66,3,,CALL,7510,0,19800,7/1/2026,WHITE,0,0,F,INDEX,,F,T,0,0
7/1/2026,1:46:09 PM,SPXW,BLOCK,50,3.4,,CALL,7510,0,17000,7/1/2026,WHITE,0,0,F,INDEX,,F,T,0,0
7/1/2026,1:45:26 PM,SPXW,SWEEP,94,3,,CALL,7510,0,28200,7/1/2026,WHITE,0,0,F,INDEX,,F,T,0,0
7/1/2026,1:46:30 PM,SPXW,ML/,50,3.05,,CALL,7510,0,15249,7/1/2026,WHITE,0,0,F,INDEX,,F,T,0,0
7/1/2026,1:47:28 PM,SPXW,ML/,103,3,,CALL,7510,0,30900,7/1/2026,WHITE,0,0,F,INDEX,,F,T,0,0
7/1/2026,1:48:33 PM,SPXW,SWEEP,69,2.65,,CALL,7510,0,18285,7/1/2026,WHITE,0,0,F,INDEX,,F,T,0,0
7/1/2026,1:50:00 PM,SPXW,BLOCK,95,2.95,,CALL,7510,0,28025,7/1/2026,WHITE,0,0,F,INDEX,,F,T,0,0
7/1/2026,1:50:57 PM,SPXW,BLOCK,116,3.2,,CALL,7510,0,37120,7/1/2026,WHITE,0,0,F,INDEX,,F,T,0,0
7/1/2026,2:01:05 PM,SPXW,BLOCK,50,2.85,,CALL,7510,0,14250,7/1/2026,WHITE,0,0,F,INDEX,,F,T,0,0
7/1/2026,2:04:03 PM,SPXW,ML/,74,3,,CALL,7510,0,22200,7/1/2026,WHITE,0,0,F,INDEX,,F,T,0,0
7/1/2026,2:05:32 PM,SPXW,BLOCK,56,2.95,,CALL,7510,0,16520,7/1/2026,WHITE,0,0,F,INDEX,,F,T,0,0
7/1/2026,2:05:32 PM,SPXW,BLOCK,56,2.95,,CALL,7510,0,16520,7/1/2026,WHITE,0,0,F,INDEX,,F,T,0,0
7/1/2026,2:09:22 PM,SPXW,ML/,200,2.7,,CALL,7510,0,54000,7/1/2026,WHITE,0,0,F,INDEX,,F,T,0,0
7/1/2026,2:10:33 PM,SPXW,BLOCK,50,2.45,,CALL,7510,0,12250,7/1/2026,WHITE,0,0,F,INDEX,,F,T,0,0
7/1/2026,2:15:55 PM,SPXW,BLOCK,108,1.3,,CALL,7510,0,14040,7/1/2026,WHITE,0,0,F,INDEX,,F,T,0,0
7/1/2026,2:17:26 PM,SPXW,ML/,70,1.5,,CALL,7510,0,10500,7/1/2026,WHITE,0,0,F,INDEX,,F,T,0,0
7/1/2026,2:18:40 PM,SPXW,BLOCK,100,1.45,,CALL,7510,0,14500,7/1/2026,WHITE,0,0,F,INDEX,,F,T,0,0
7/1/2026,2:19:08 PM,SPXW,ML/,200,1.52,,CALL,7510,0,30400,7/1/2026,WHITE,0,0,F,INDEX,,F,T,0,0
7/1/2026,2:19:20 PM,SPXW,BLOCK,103,1.65,,CALL,7510,0,16995,7/1/2026,WHITE,0,0,F,INDEX,,F,T,0,0
7/1/2026,2:20:23 PM,SPXW,SWEEP,64,1.8,,CALL,7510,0,11520,7/1/2026,WHITE,0,0,F,INDEX,,F,T,0,0
7/1/2026,2:20:40 PM,SPXW,BLOCK,59,2,,CALL,7510,0,11800,7/1/2026,WHITE,0,0,F,INDEX,,F,T,0,0
7/1/2026,2:21:20 PM,SPXW,ML/,91,1.85,,CALL,7510,0,16835,7/1/2026,WHITE,0,0,F,INDEX,,F,T,0,0
7/1/2026,2:30:30 PM,SPXW,ML/,210,1.3,,CALL,7510,0,27300,7/1/2026,WHITE,0,0,F,INDEX,,F,T,0,0
7/1/2026,2:32:07 PM,SPXW,BLOCK,101,1.6,,CALL,7510,0,16160,7/1/2026,WHITE,0,0,F,INDEX,,F,T,0,0
7/1/2026,2:32:35 PM,SPXW,BLOCK,100,1.5,,CALL,7510,0,15000,7/1/2026,WHITE,0,0,F,INDEX,,F,T,0,0
7/1/2026,2:33:36 PM,SPXW,BLOCK,100,1.35,,CALL,7510,0,13500,7/1/2026,WHITE,0,0,F,INDEX,,F,T,0,0
7/1/2026,2:34:39 PM,SPXW,BLOCK,100,1.45,,CALL,7510,0,14500,7/1/2026,WHITE,0,0,F,INDEX,,F,T,0,0
7/1/2026,2:37:14 PM,SPXW,BLOCK,70,1.5,,CALL,7510,0,10500,7/1/2026,WHITE,0,0,F,INDEX,,F,T,0,0
7/1/2026,2:37:17 PM,SPXW,BLOCK,78,1.5,,CALL,7510,0,11700,7/1/2026,WHITE,0,0,F,INDEX,,F,T,0,0
7/1/2026,2:36:57 PM,SPXW,BLOCK,106,1.4,,CALL,7510,0,14839,7/1/2026,WHITE,0,0,F,INDEX,,F,T,0,0
7/1/2026,2:37:37 PM,SPXW,BLOCK,88,1.4,,CALL,7510,0,12319,7/1/2026,WHITE,0,0,F,INDEX,,F,T,0,0
7/1/2026,2:40:00 PM,SPXW,ML/,71,1.55,,CALL,7510,0,11005,7/1/2026,WHITE,0,0,F,INDEX,,F,T,0,0
7/1/2026,2:40:30 PM,SPXW,BLOCK,90,1.4,,CALL,7510,0,12600,7/1/2026,WHITE,0,0,F,INDEX,,F,T,0,0
7/1/2026,2:41:17 PM,SPXW,ML/,82,1.25,,CALL,7510,0,10250,7/1/2026,WHITE,0,0,F,INDEX,,F,T,0,0
7/1/2026,2:42:43 PM,SPXW,BLOCK,100,1.4,,CALL,7510,0,14000,7/1/2026,WHITE,0,0,F,INDEX,,F,T,0,0
7/1/2026,2:43:37 PM,SPXW,BLOCK,100,1.3,,CALL,7510,0,13000,7/1/2026,WHITE,0,0,F,INDEX,,F,T,0,0
7/1/2026,2:43:53 PM,SPXW,BLOCK,78,1.4,,CALL,7510,0,10919,7/1/2026,WHITE,0,0,F,INDEX,,F,T,0,0
7/1/2026,2:44:26 PM,SPXW,BLOCK,101,1.35,,CALL,7510,0,13635,7/1/2026,WHITE,0,0,F,INDEX,,F,T,0,0
7/1/2026,2:46:45 PM,SPXW,ML/,122,1.12,,CALL,7510,0,13664,7/1/2026,WHITE,0,0,F,INDEX,,F,T,0,0
7/1/2026,2:50:10 PM,SPXW,BLOCK,100,1.05,,CALL,7510,0,10500,7/1/2026,WHITE,0,0,F,INDEX,,F,T,0,0
7/1/2026,2:55:47 PM,SPXW,BLOCK,284,0.7,,CALL,7510,0,19880,7/1/2026,WHITE,0,0,F,INDEX,,F,T,0,0
7/1/2026,2:59:45 PM,SPXW,ML/,200,0.95,,CALL,7510,0,19000,7/1/2026,WHITE,0,0,F,INDEX,,F,T,0,0
7/1/2026,3:00:32 PM,SPXW,BLOCK,100,1.1,,CALL,7510,0,11000,7/1/2026,WHITE,0,0,F,INDEX,,F,T,0,0
7/1/2026,3:04:35 PM,SPXW,BLOCK,101,1.15,,CALL,7510,0,11615,7/1/2026,WHITE,0,0,F,INDEX,,F,T,0,0
7/1/2026,3:05:06 PM,SPXW,BLOCK,173,1.5,,CALL,7510,0,25950,7/1/2026,WHITE,0,0,F,INDEX,,F,T,0,0
7/1/2026,3:05:49 PM,SPXW,ML/,53,2,,CALL,7510,0,10600,7/1/2026,WHITE,0,0,F,INDEX,,F,T,0,0
7/1/2026,3:05:50 PM,SPXW,ML/,56,2.1,,CALL,7510,0,11760,7/1/2026,WHITE,0,0,F,INDEX,,F,T,0,0
7/1/2026,3:05:51 PM,SPXW,BLOCK,52,2,,CALL,7510,0,10400,7/1/2026,WHITE,0,0,F,INDEX,,F,T,0,0
7/1/2026,3:06:15 PM,SPXW,BLOCK,60,1.75,,CALL,7510,0,10500,7/1/2026,WHITE,0,0,F,INDEX,,F,T,0,0
7/1/2026,3:07:43 PM,SPXW,BLOCK,90,1.65,,CALL,7510,0,14850,7/1/2026,WHITE,0,0,F,INDEX,,F,T,0,0
7/1/2026,3:09:18 PM,SPXW,ML/,85,2,,CALL,7510,0,17000,7/1/2026,WHITE,0,0,F,INDEX,,F,T,0,0
7/1/2026,3:09:25 PM,SPXW,BLOCK,101,2.05,,CALL,7510,0,20705,7/1/2026,WHITE,0,0,F,INDEX,,F,T,0,0
7/1/2026,3:09:47 PM,SPXW,BLOCK,162,2,,CALL,7510,0,32400,7/1/2026,WHITE,0,0,F,INDEX,,F,T,0,0
7/1/2026,3:09:53 PM,SPXW,BLOCK,52,2,,CALL,7510,0,10400,7/1/2026,WHITE,0,0,F,INDEX,,F,T,0,0
7/1/2026,3:15:00 PM,SPXW,BLOCK,188,1.1,,CALL,7510,0,20680,7/1/2026,WHITE,0,0,F,INDEX,,F,T,0,0
7/1/2026,3:14:29 PM,SPXW,ML/,86,1.2,,CALL,7510,0,10320,7/1/2026,WHITE,0,0,F,INDEX,,F,T,0,0
7/1/2026,3:17:38 PM,SPXW,ML/,103,1.05,,CALL,7510,0,10815,7/1/2026,WHITE,0,0,F,INDEX,,F,T,0,0
7/1/2026,11:28:59 AM,SPXW,ML/,70,15.51,,CALL,7510,0,108570,7/1/2026,WHITE,0,0,F,INDEX,,F,T,0,0
7/1/2026,11:50:14 AM,SPXW,ML/,50,10.71,,CALL,7510,0,53550,7/1/2026,WHITE,0,0,F,INDEX,,F,T,0,0
7/1/2026,12:23:58 PM,SPXW,ML/,73,15.27,,CALL,7510,0,111471,7/1/2026,WHITE,0,0,F,INDEX,,F,T,0,0
7/1/2026,3:05:53 PM,SPXW,ML/,200,1.94,,CALL,7510,0,38800,7/1/2026,WHITE,0,0,F,INDEX,,F,T,0,0
7/1/2026,10:12:52 AM,SPXW,ML/,530,0.2,,CALL,7570,0,10600,7/1/2026,WHITE,0,0,F,INDEX,,F,T,0,0
7/1/2026,9:30:33 AM,SPXW,ML/,60,9.5,,CALL,7490,0,57000,7/1/2026,WHITE,0,0,F,INDEX,,F,T,0,0
7/1/2026,9:30:44 AM,SPXW,BLOCK,50,10.2,,CALL,7490,0,50999,7/1/2026,WHITE,0,0,F,INDEX,,F,T,0,0
7/1/2026,9:37:06 AM,SPXW,BLOCK,105,7,,CALL,7490,0,73500,7/1/2026,WHITE,0,0,F,INDEX,,F,T,0,0
7/1/2026,9:52:59 AM,SPXW,BLOCK,108,7.9,,CALL,7490,0,85320,7/1/2026,WHITE,0,0,F,INDEX,,F,T,0,0
7/1/2026,9:52:59 AM,SPXW,BLOCK,92,8,,CALL,7490,0,73600,7/1/2026,WHITE,0,0,F,INDEX,,F,T,0,0
7/1/2026,9:59:39 AM,SPXW,BLOCK,73,9,,CALL,7490,0,65700,7/1/2026,WHITE,0,0,F,INDEX,,F,T,0,0
7/1/2026,10:06:24 AM,SPXW,BLOCK,50,11.9,,CALL,7490,0,59500,7/1/2026,WHITE,0,0,F,INDEX,,F,T,0,0
7/1/2026,10:07:57 AM,SPXW,ML/,77,12.7,,CALL,7490,0,97789,7/1/2026,WHITE,0,0,F,INDEX,,F,T,0,0
7/1/2026,10:06:37 AM,SPXW,ML/,100,11.78,,CALL,7490,0,117800,7/1/2026,WHITE,0,0,F,INDEX,,F,T,0,0
7/1/2026,10:10:19 AM,SPXW,BLOCK,96,12,,CALL,7490,0,115200,7/1/2026,WHITE,0,0,F,INDEX,,F,T,0,0
7/1/2026,10:12:13 AM,SPXW,ML/,100,15.22,,CALL,7490,0,152200,7/1/2026,WHITE,0,0,F,INDEX,,F,T,0,0
7/1/2026,10:13:56 AM,SPXW,BLOCK,70,15.5,,CALL,7490,0,108500,7/1/2026,WHITE,0,0,F,INDEX,,F,T,0,0
7/1/2026,10:14:07 AM,SPXW,BLOCK,58,15,,CALL,7490,0,87000,7/1/2026,WHITE,0,0,F,INDEX,,F,T,0,0
7/1/2026,10:14:48 AM,SPXW,BLOCK,60,14.3,,CALL,7490,0,85800,7/1/2026,WHITE,0,0,F,INDEX,,F,T,0,0
7/1/2026,10:32:45 AM,SPXW,BLOCK,100,11.4,,CALL,7490,0,114000,7/1/2026,WHITE,0,0,F,INDEX,,F,T,0,0
7/1/2026,10:34:35 AM,SPXW,BLOCK,50,11.4,,CALL,7490,0,57000,7/1/2026,WHITE,0,0,F,INDEX,,F,T,0,0
7/1/2026,10:35:10 AM,SPXW,BLOCK,50,12,,CALL,7490,0,60000,7/1/2026,WHITE,0,0,F,INDEX,,F,T,0,0
7/1/2026,10:26:25 AM,SPXW,ML/,138,15.9,,CALL,7490,0,219420,7/1/2026,WHITE,0,0,F,INDEX,,F,T,0,0
7/1/2026,10:47:41 AM,SPXW,BLOCK,50,12.2,,CALL,7490,0,61000,7/1/2026,WHITE,0,0,F,INDEX,,F,T,0,0
7/1/2026,10:47:37 AM,SPXW,BLOCK,71,12,,CALL,7490,0,85200,7/1/2026,WHITE,0,0,F,INDEX,,F,T,0,0
7/1/2026,10:47:05 AM,SPXW,BLOCK,62,11.3,,CALL,7490,0,70060,7/1/2026,WHITE,0,0,F,INDEX,,F,T,0,0
7/1/2026,11:01:57 AM,SPXW,BLOCK,52,17,,CALL,7490,0,88400,7/1/2026,WHITE,0,0,F,INDEX,,F,T,0,0
7/1/2026,11:02:10 AM,SPXW,BLOCK,75,18,,CALL,7490,0,135000,7/1/2026,WHITE,0,0,F,INDEX,,F,T,0,0
7/1/2026,11:08:01 AM,SPXW,ML/,176,20.42,,CALL,7490,0,359392,7/1/2026,WHITE,0,0,F,INDEX,,F,T,0,0
7/1/2026,11:12:09 AM,SPXW,ML/,50,19.9,,CALL,7490,0,99499,7/1/2026,WHITE,0,0,F,INDEX,,F,T,0,0
7/1/2026,11:09:16 AM,SPXW,ML/,72,18.46,,CALL,7490,0,132912,7/1/2026,WHITE,0,0,F,INDEX,,F,T,0,0
7/1/2026,2:24:05 PM,SPXW,ML/,90,12.4,,CALL,7490,0,111600,7/1/2026,WHITE,0,0,F,INDEX,,F,T,0,0
7/1/2026,3:14:58 PM,SPXW,BLOCK,50,12.2,,CALL,7490,0,61000,7/1/2026,WHITE,0,0,F,INDEX,,F,T,0,0
7/1/2026,3:14:00 PM,SPXW,BLOCK,55,12,,CALL,7490,0,66000,7/1/2026,WHITE,0,0,F,INDEX,,F,T,0,0
7/1/2026,3:23:36 PM,SPXW,BLOCK,50,11.8,,CALL,7490,0,59000,7/1/2026,WHITE,0,0,F,INDEX,,F,T,0,0
7/1/2026,3:26:21 PM,SPXW,BLOCK,50,9.5,,CALL,7490,0,47500,7/1/2026,WHITE,0,0,F,INDEX,,F,T,0,0
7/1/2026,3:28:14 PM,SPXW,BLOCK,51,9.6,,CALL,7490,0,48960,7/1/2026,WHITE,0,0,F,INDEX,,F,T,0,0
7/1/2026,3:43:02 PM,SPXW,ML/,61,5.9,,CALL,7490,0,35990,7/1/2026,WHITE,0,0,F,INDEX,,F,T,0,0
7/1/2026,3:43:22 PM,SPXW,BLOCK,118,5.6,,CALL,7490,0,66080,7/1/2026,WHITE,0,0,F,INDEX,,F,T,0,0
7/1/2026,3:43:23 PM,SPXW,BLOCK,75,5.6,,CALL,7490,0,42000,7/1/2026,WHITE,0,0,F,INDEX,,F,T,0,0
7/1/2026,3:43:22 PM,SPXW,BLOCK,201,6,,CALL,7490,0,120600,7/1/2026,WHITE,0,0,F,INDEX,,F,T,0,0
7/1/2026,3:45:04 PM,SPXW,BLOCK,156,6.1,,CALL,7490,0,95159,7/1/2026,WHITE,0,0,F,INDEX,,F,T,0,0
7/1/2026,3:45:21 PM,SPXW,ML/,155,6,,CALL,7490,0,93000,7/1/2026,WHITE,0,0,F,INDEX,,F,T,0,0
7/1/2026,3:46:34 PM,SPXW,ML/,113,5.8,,CALL,7490,0,65540,7/1/2026,WHITE,0,0,F,INDEX,,F,T,0,0
7/1/2026,3:48:51 PM,SPXW,ML/,200,4.67,,CALL,7490,0,93400,7/1/2026,WHITE,0,0,F,INDEX,,F,T,0,0
7/1/2026,3:51:27 PM,SPXW,ML/,70,3.1,,CALL,7490,0,21700,7/1/2026,WHITE,0,0,F,INDEX,,F,T,0,0
7/1/2026,3:52:10 PM,SPXW,ML/,57,2,,CALL,7490,0,11400,7/1/2026,WHITE,0,0,F,INDEX,,F,T,0,0
7/1/2026,3:53:12 PM,SPXW,ML/,67,2.05,,CALL,7490,0,13735,7/1/2026,WHITE,0,0,F,INDEX,,F,T,0,0
7/1/2026,3:51:46 PM,SPXW,BLOCK,50,3.1,,CALL,7490,0,15500,7/1/2026,WHITE,0,0,F,INDEX,,F,T,0,0
7/1/2026,3:54:25 PM,SPXW,BLOCK,101,2.6,,CALL,7490,0,26260,7/1/2026,WHITE,0,0,F,INDEX,,F,T,0,0
7/1/2026,3:53:25 PM,SPXW,ML/,200,1.95,,CALL,7490,0,39000,7/1/2026,WHITE,0,0,F,INDEX,,F,T,0,0
7/1/2026,3:54:28 PM,SPXW,BLOCK,61,2,,CALL,7490,0,12200,7/1/2026,WHITE,0,0,F,INDEX,,F,T,0,0
7/1/2026,3:54:26 PM,SPXW,BLOCK,69,2.6,,CALL,7490,0,17940,7/1/2026,WHITE,0,0,F,INDEX,,F,T,0,0
7/1/2026,3:56:03 PM,SPXW,ML/,79,1.85,,CALL,7490,0,14615,7/1/2026,WHITE,0,0,F,INDEX,,F,T,0,0
7/1/2026,3:56:03 PM,SPXW,ML/,64,1.86,,CALL,7490,0,11904,7/1/2026,WHITE,0,0,F,INDEX,,F,T,0,0
7/1/2026,3:56:28 PM,SPXW,BLOCK,81,2.05,,CALL,7490,0,16605,7/1/2026,WHITE,0,0,F,INDEX,,F,T,0,0
7/1/2026,3:56:54 PM,SPXW,BLOCK,74,1.5,,CALL,7490,0,11100,7/1/2026,WHITE,0,0,F,INDEX,,F,T,0,0
7/1/2026,3:57:04 PM,SPXW,BLOCK,125,1,,CALL,7490,0,12500,7/1/2026,WHITE,0,0,F,INDEX,,F,T,0,0
7/1/2026,3:58:16 PM,SPXW,ML/,309,0.36,,CALL,7490,0,11124,7/1/2026,WHITE,0,0,F,INDEX,,F,T,0,0
7/1/2026,10:51:30 AM,SPXW,ML/,50,15.71,,CALL,7490,0,78550,7/1/2026,WHITE,0,0,F,INDEX,,F,T,0,0
7/1/2026,2:04:36 PM,SPXW,ML/,50,15.85,,CALL,7490,0,79250,7/1/2026,WHITE,0,0,F,INDEX,,F,T,0,0
7/1/2026,11:09:16 AM,SPXW,ML/,66,18.44,,CALL,7490,0,121704,7/1/2026,WHITE,0,0,F,INDEX,,F,T,0,0
7/1/2026,11:09:16 AM,SPXW,ML/,58,18.47,,CALL,7490,0,107126,7/1/2026,WHITE,0,0,F,INDEX,,F,T,0,0
7/1/2026,11:12:09 AM,SPXW,ML/,86,19.88,,CALL,7490,0,170967,7/1/2026,WHITE,0,0,F,INDEX,,F,T,0,0
7/1/2026,11:12:09 AM,SPXW,ML/,88,19.77,,CALL,7490,0,173976,7/1/2026,WHITE,0,0,F,INDEX,,F,T,0,0
7/1/2026,11:12:09 AM,SPXW,ML/,62,19.76,,CALL,7490,0,122512,7/1/2026,WHITE,0,0,F,INDEX,,F,T,0,0
7/1/2026,11:15:45 AM,SPXW,ML/,90,23.93,,CALL,7490,0,215369,7/1/2026,WHITE,0,0,F,INDEX,,F,T,0,0
7/1/2026,11:40:17 AM,SPXW,ML/,60,26.95,,CALL,7490,0,161700,7/1/2026,WHITE,0,0,F,INDEX,,F,T,0,0
7/1/2026,3:27:38 PM,SPXW,ML/,95,9.09,,CALL,7490,0,86355,7/1/2026,WHITE,0,0,F,INDEX,,F,T,0,0
7/1/2026,3:43:02 PM,SPXW,ML/,107,5.91,,CALL,7490,0,63237,7/1/2026,WHITE,0,0,F,INDEX,,F,T,0,0
7/1/2026,3:57:00 PM,SPXW,ML/,79,1.32,,CALL,7490,0,10428,7/1/2026,WHITE,0,0,F,INDEX,,F,T,0,0
7/1/2026,9:33:01 AM,SPXW,ML/,70,4.72,,PUT,7410,0,33040,7/1/2026,WHITE,0,0,F,INDEX,,F,T,0,0
7/1/2026,9:42:21 AM,SPXW,ML/,92,4.9,,PUT,7410,0,45080,7/1/2026,WHITE,0,0,F,INDEX,,F,T,0,0
7/1/2026,9:45:00 AM,SPXW,ML/,60,5.02,,PUT,7410,0,30120,7/1/2026,WHITE,0,0,F,INDEX,,F,T,0,0
7/1/2026,9:52:56 AM,SPXW,ML/,50,2.1,,PUT,7410,0,10500,7/1/2026,WHITE,0,0,F,INDEX,,F,T,0,0
7/1/2026,10:10:37 AM,SPXW,ML/,139,0.87,,PUT,7410,0,12093,7/1/2026,WHITE,0,0,F,INDEX,,F,T,0,0
7/1/2026,9:45:12 AM,SPXW,BLOCK,67,5.2,,PUT,7410,0,34840,7/1/2026,WHITE,0,0,F,INDEX,,F,T,0,0
7/1/2026,9:50:43 AM,SPXW,ML/,63,3.17,,PUT,7410,0,19970,7/1/2026,WHITE,0,0,F,INDEX,,F,T,0,0
7/1/2026,10:02:35 AM,SPXW,ML/,120,1.57,,PUT,7410,0,18840,7/1/2026,WHITE,0,0,F,INDEX,,F,T,0,0
7/1/2026,9:41:27 AM,SPXW,ML/,97,1.07,,CALL,7530,0,10379,7/1/2026,WHITE,0,0,F,INDEX,,F,T,0,0
7/1/2026,9:53:02 AM,SPXW,ML/,216,0.98,,CALL,7530,0,21168,7/1/2026,WHITE,0,0,F,INDEX,,F,T,0,0
7/1/2026,9:53:02 AM,SPXW,ML/,200,0.98,,CALL,7530,0,19600,7/1/2026,WHITE,0,0,F,INDEX,,F,T,0,0
7/1/2026,9:53:05 AM,SPXW,ML/,133,1,,CALL,7530,0,13300,7/1/2026,WHITE,0,0,F,INDEX,,F,T,0,0
7/1/2026,9:53:05 AM,SPXW,ML/,168,0.97,,CALL,7530,0,16296,7/1/2026,WHITE,0,0,F,INDEX,,F,T,0,0
7/1/2026,9:53:06 AM,SPXW,ML/,160,1,,CALL,7530,0,16000,7/1/2026,WHITE,0,0,F,INDEX,,F,T,0,0
7/1/2026,9:55:19 AM,SPXW,ML/,153,0.95,,CALL,7530,0,14535,7/1/2026,WHITE,0,0,F,INDEX,,F,T,0,0
7/1/2026,9:56:47 AM,SPXW,ML/,200,0.85,,CALL,7530,0,17000,7/1/2026,WHITE,0,0,F,INDEX,,F,T,0,0
7/1/2026,9:59:13 AM,SPXW,ML/,600,0.93,,CALL,7530,0,55800,7/1/2026,WHITE,0,0,F,INDEX,,F,T,0,0
7/1/2026,10:04:59 AM,SPXW,ML/,100,1.13,,CALL,7530,0,11299,7/1/2026,WHITE,0,0,F,INDEX,,F,T,0,0
7/1/2026,10:18:33 AM,SPXW,ML/,176,1.38,,CALL,7530,0,24288,7/1/2026,WHITE,0,0,F,INDEX,,F,T,0,0
7/1/2026,10:19:51 AM,SPXW,ML/,99,1.47,,CALL,7530,0,14553,7/1/2026,WHITE,0,0,F,INDEX,,F,T,0,0
7/1/2026,10:44:33 AM,SPXW,BLOCK,100,1.2,,CALL,7530,0,12000,7/1/2026,WHITE,0,0,F,INDEX,,F,T,0,0
7/1/2026,11:00:55 AM,SPXW,ML/,249,1.22,,CALL,7530,0,30377,7/1/2026,WHITE,0,0,F,INDEX,,F,T,0,0
7/1/2026,11:20:39 AM,SPXW,BLOCK,103,3.5,,CALL,7530,0,36050,7/1/2026,WHITE,0,0,F,INDEX,,F,T,0,0
7/1/2026,11:20:48 AM,SPXW,BLOCK,64,4,,CALL,7530,0,25600,7/1/2026,WHITE,0,0,F,INDEX,,F,T,0,0
7/1/2026,11:21:16 AM,SPXW,ML/,61,3.85,,CALL,7530,0,23485,7/1/2026,WHITE,0,0,F,INDEX,,F,T,0,0
7/1/2026,11:22:26 AM,SPXW,ML/,65,4.22,,CALL,7530,0,27429,7/1/2026,WHITE,0,0,F,INDEX,,F,T,0,0
7/1/2026,11:22:54 AM,SPXW,BLOCK,64,4.5,,CALL,7530,0,28800,7/1/2026,WHITE,0,0,F,INDEX,,F,T,0,0
7/1/2026,11:22:59 AM,SPXW,ML/,50,4.37,,CALL,7530,0,21850,7/1/2026,WHITE,0,0,F,INDEX,,F,T,0,0
7/1/2026,11:24:04 AM,SPXW,ML/,78,4.16,,CALL,7530,0,32448,7/1/2026,WHITE,0,0,F,INDEX,,F,T,0,0
7/1/2026,11:24:10 AM,SPXW,ML/,74,4,,CALL,7530,0,29600,7/1/2026,WHITE,0,0,F,INDEX,,F,T,0,0
7/1/2026,11:26:55 AM,SPXW,BLOCK,156,3.9,,CALL,7530,0,60840,7/1/2026,WHITE,0,0,F,INDEX,,F,T,0,0
7/1/2026,11:27:40 AM,SPXW,BLOCK,55,3.9,,CALL,7530,0,21450,7/1/2026,WHITE,0,0,F,INDEX,,F,T,0,0
7/1/2026,11:25:06 AM,SPXW,ML/,70,4.12,,CALL,7530,0,28840,7/1/2026,WHITE,0,0,F,INDEX,,F,T,0,0
7/1/2026,11:30:04 AM,SPXW,BLOCK,50,4.8,,CALL,7530,0,24000,7/1/2026,WHITE,0,0,F,INDEX,,F,T,0,0
7/1/2026,11:31:28 AM,SPXW,BLOCK,58,4,,CALL,7530,0,23200,7/1/2026,WHITE,0,0,F,INDEX,,F,T,0,0
7/1/2026,11:32:58 AM,SPXW,BLOCK,100,3.8,,CALL,7530,0,38000,7/1/2026,WHITE,0,0,F,INDEX,,F,T,0,0
7/1/2026,11:36:12 AM,SPXW,BLOCK,55,2.55,,CALL,7530,0,14024,7/1/2026,WHITE,0,0,F,INDEX,,F,T,0,0
7/1/2026,11:36:24 AM,SPXW,BLOCK,58,2.5,,CALL,7530,0,14500,7/1/2026,WHITE,0,0,F,INDEX,,F,T,0,0
7/1/2026,11:36:37 AM,SPXW,BLOCK,81,2.45,,CALL,7530,0,19845,7/1/2026,WHITE,0,0,F,INDEX,,F,T,0,0
7/1/2026,11:36:38 AM,SPXW,BLOCK,77,2.45,,CALL,7530,0,18865,7/1/2026,WHITE,0,0,F,INDEX,,F,T,0,0
7/1/2026,11:35:12 AM,SPXW,ML/,50,2.87,,CALL,7530,0,14350,7/1/2026,WHITE,0,0,F,INDEX,,F,T,0,0
7/1/2026,11:38:21 AM,SPXW,ML/,50,2.97,,CALL,7530,0,14850,7/1/2026,WHITE,0,0,F,INDEX,,F,T,0,0
7/1/2026,11:39:53 AM,SPXW,BLOCK,78,3,,CALL,7530,0,23400,7/1/2026,WHITE,0,0,F,INDEX,,F,T,0,0
7/1/2026,11:43:42 AM,SPXW,ML/,155,2.92,,CALL,7530,0,45260,7/1/2026,WHITE,0,0,F,INDEX,,F,T,0,0
7/1/2026,11:44:15 AM,SPXW,ML/,70,3.05,,CALL,7530,0,21350,7/1/2026,WHITE,0,0,F,INDEX,,F,T,0,0
7/1/2026,11:45:03 AM,SPXW,ML/,55,3.02,,CALL,7530,0,16610,7/1/2026,WHITE,0,0,F,INDEX,,F,T,0,0
7/1/2026,11:45:21 AM,SPXW,BLOCK,54,3,,CALL,7530,0,16200,7/1/2026,WHITE,0,0,F,INDEX,,F,T,0,0
7/1/2026,11:46:35 AM,SPXW,ML/,96,2.9,,CALL,7530,0,27839,7/1/2026,WHITE,0,0,F,INDEX,,F,T,0,0
7/1/2026,11:46:35 AM,SPXW,ML/,88,2.9,,CALL,7530,0,25520,7/1/2026,WHITE,0,0,F,INDEX,,F,T,0,0
7/1/2026,11:46:36 AM,SPXW,ML/,132,2.9,,CALL,7530,0,38280,7/1/2026,WHITE,0,0,F,INDEX,,F,T,0,0
7/1/2026,11:46:36 AM,SPXW,ML/,116,2.9,,CALL,7530,0,33640,7/1/2026,WHITE,0,0,F,INDEX,,F,T,0,0
7/1/2026,11:46:36 AM,SPXW,ML/,68,2.9,,CALL,7530,0,19720,7/1/2026,WHITE,0,0,F,INDEX,,F,T,0,0
7/1/2026,11:46:45 AM,SPXW,BLOCK,50,2.85,,CALL,7530,0,14250,7/1/2026,WHITE,0,0,F,INDEX,,F,T,0,0
7/1/2026,11:48:18 AM,SPXW,ML/,66,2.95,,CALL,7530,0,19470,7/1/2026,WHITE,0,0,F,INDEX,,F,T,0,0
7/1/2026,11:17:50 AM,SPXW,ML/,100,2.28,,CALL,7530,0,22799,7/1/2026,WHITE,0,0,F,INDEX,,F,T,0,0
7/1/2026,11:49:25 AM,SPXW,ML/,99,2.22,,CALL,7530,0,21978,7/1/2026,WHITE,0,0,F,INDEX,,F,T,0,0
7/1/2026,11:52:03 AM,SPXW,BLOCK,60,2.3,,CALL,7530,0,13800,7/1/2026,WHITE,0,0,F,INDEX,,F,T,0,0
7/1/2026,11:54:15 AM,SPXW,BLOCK,85,2.35,,CALL,7530,0,19975,7/1/2026,WHITE,0,0,F,INDEX,,F,T,0,0
7/1/2026,11:55:21 AM,SPXW,ML/,70,2.47,,CALL,7530,0,17290,7/1/2026,WHITE,0,0,F,INDEX,,F,T,0,0
7/1/2026,11:58:05 AM,SPXW,ML/,85,2.67,,CALL,7530,0,22695,7/1/2026,WHITE,0,0,F,INDEX,,F,T,0,0
7/1/2026,12:03:18 PM,SPXW,BLOCK,100,3.2,,CALL,7530,0,32000,7/1/2026,WHITE,0,0,F,INDEX,,F,T,0,0
7/1/2026,12:03:40 PM,SPXW,BLOCK,50,3.1,,CALL,7530,0,15500,7/1/2026,WHITE,0,0,F,INDEX,,F,T,0,0
7/1/2026,12:03:51 PM,SPXW,BLOCK,117,3,,CALL,7530,0,35100,7/1/2026,WHITE,0,0,F,INDEX,,F,T,0,0
7/1/2026,12:03:57 PM,SPXW,BLOCK,50,2.95,,CALL,7530,0,14750,7/1/2026,WHITE,0,0,F,INDEX,,F,T,0,0
7/1/2026,12:06:36 PM,SPXW,BLOCK,108,3.1,,CALL,7530,0,33480,7/1/2026,WHITE,0,0,F,INDEX,,F,T,0,0
7/1/2026,12:07:34 PM,SPXW,BLOCK,50,3,,CALL,7530,0,15000,7/1/2026,WHITE,0,0,F,INDEX,,F,T,0,0
7/1/2026,12:12:06 PM,SPXW,ML/,77,3,,CALL,7530,0,23100,7/1/2026,WHITE,0,0,F,INDEX,,F,T,0,0
7/1/2026,12:12:40 PM,SPXW,BLOCK,50,2.95,,CALL,7530,0,14750,7/1/2026,WHITE,0,0,F,INDEX,,F,T,0,0
7/1/2026,12:12:46 PM,SPXW,ML/,53,2.9,,CALL,7530,0,15369,7/1/2026,WHITE,0,0,F,INDEX,,F,T,0,0
7/1/2026,12:14:20 PM,SPXW,BLOCK,62,3.1,,CALL,7530,0,19220,7/1/2026,WHITE,0,0,F,INDEX,,F,T,0,0
7/1/2026,12:07:41 PM,SPXW,ML/,50,2.96,,CALL,7530,0,14800,7/1/2026,WHITE,0,0,F,INDEX,,F,T,0,0
7/1/2026,12:16:03 PM,SPXW,BLOCK,58,2.8,,CALL,7530,0,16239,7/1/2026,WHITE,0,0,F,INDEX,,F,T,0,0
7/1/2026,12:20:55 PM,SPXW,BLOCK,90,2.8,,CALL,7530,0,25199,7/1/2026,WHITE,0,0,F,INDEX,,F,T,0,0
7/1/2026,12:21:10 PM,SPXW,BLOCK,100,2.9,,CALL,7530,0,29000,7/1/2026,WHITE,0,0,F,INDEX,,F,T,0,0
7/1/2026,12:19:19 PM,SPXW,BLOCK,57,3.1,,CALL,7530,0,17670,7/1/2026,WHITE,0,0,F,INDEX,,F,T,0,0
7/1/2026,11:34:40 AM,SPXW,ML/,50,3.43,,CALL,7530,0,17150,7/1/2026,WHITE,0,0,F,INDEX,,F,T,0,0
7/1/2026,12:23:18 PM,SPXW,BLOCK,50,3.4,,CALL,7530,0,17000,7/1/2026,WHITE,0,0,F,INDEX,,F,T,0,0
7/1/2026,12:23:41 PM,SPXW,BLOCK,59,3.5,,CALL,7530,0,20650,7/1/2026,WHITE,0,0,F,INDEX,,F,T,0,0
7/1/2026,12:23:58 PM,SPXW,BLOCK,53,3.9,,CALL,7530,0,20670,7/1/2026,WHITE,0,0,F,INDEX,,F,T,0,0
7/1/2026,12:23:55 PM,SPXW,BLOCK,51,3.6,,CALL,7530,0,18360,7/1/2026,WHITE,0,0,F,INDEX,,F,T,0,0
7/1/2026,12:27:01 PM,SPXW,ML/,50,3.25,,CALL,7530,0,16250,7/1/2026,WHITE,0,0,F,INDEX,,F,T,0,0
7/1/2026,12:28:04 PM,SPXW,BLOCK,50,3.1,,CALL,7530,0,15500,7/1/2026,WHITE,0,0,F,INDEX,,F,T,0,0
7/1/2026,12:28:13 PM,SPXW,BLOCK,66,3,,CALL,7530,0,19800,7/1/2026,WHITE,0,0,F,INDEX,,F,T,0,0
7/1/2026,12:29:00 PM,SPXW,BLOCK,52,2.75,,CALL,7530,0,14300,7/1/2026,WHITE,0,0,F,INDEX,,F,T,0,0
7/1/2026,12:30:51 PM,SPXW,BLOCK,50,2.9,,CALL,7530,0,14500,7/1/2026,WHITE,0,0,F,INDEX,,F,T,0,0
7/1/2026,12:39:16 PM,SPXW,ML/,95,2,,CALL,7530,0,19000,7/1/2026,WHITE,0,0,F,INDEX,,F,T,0,0
7/1/2026,12:39:49 PM,SPXW,ML/,101,1.72,,CALL,7530,0,17372,7/1/2026,WHITE,0,0,F,INDEX,,F,T,0,0
7/1/2026,11:09:42 AM,SPXW,ML/,100,1.62,,CALL,7530,0,16200,7/1/2026,WHITE,0,0,F,INDEX,,F,T,0,0
7/1/2026,12:40:24 PM,SPXW,BLOCK,80,1.8,,CALL,7530,0,14400,7/1/2026,WHITE,0,0,F,INDEX,,F,T,0,0
7/1/2026,12:41:20 PM,SPXW,ML/,115,1.64,,CALL,7530,0,18859,7/1/2026,WHITE,0,0,F,INDEX,,F,T,0,0
7/1/2026,12:39:18 PM,SPXW,ML/,53,2,,CALL,7530,0,10600,7/1/2026,WHITE,0,0,F,INDEX,,F,T,0,0
7/1/2026,12:50:06 PM,SPXW,ML/,100,1.37,,CALL,7530,0,13700,7/1/2026,WHITE,0,0,F,INDEX,,F,T,0,0
7/1/2026,12:54:01 PM,SPXW,BLOCK,103,1,,CALL,7530,0,10300,7/1/2026,WHITE,0,0,F,INDEX,,F,T,0,0
7/1/2026,9:59:13 AM,SPXW,ML/,400,0.93,,CALL,7530,0,37200,7/1/2026,WHITE,0,0,F,INDEX,,F,T,0,0
7/1/2026,12:58:42 PM,SPXW,ML/,253,0.82,,CALL,7530,0,20745,7/1/2026,WHITE,0,0,F,INDEX,,F,T,0,0
7/1/2026,1:00:40 PM,SPXW,ML/,125,0.92,,CALL,7530,0,11500,7/1/2026,WHITE,0,0,F,INDEX,,F,T,0,0
7/1/2026,12:35:32 PM,SPXW,BLOCK,50,2.55,,CALL,7530,0,12750,7/1/2026,WHITE,0,0,F,INDEX,,F,T,0,0
7/1/2026,9:52:28 AM,SPXW,ML/,192,1.47,,CALL,7520,0,28224,7/1/2026,WHITE,0,0,F,INDEX,,F,T,0,0
7/1/2026,10:05:31 AM,SPXW,BLOCK,60,2.05,,CALL,7520,0,12299,7/1/2026,WHITE,0,0,F,INDEX,,F,T,0,0
7/1/2026,10:05:57 AM,SPXW,BLOCK,51,2.25,,CALL,7520,0,11475,7/1/2026,WHITE,0,0,F,INDEX,,F,T,0,0
7/1/2026,10:08:37 AM,SPXW,BLOCK,120,2.55,,CALL,7520,0,30600,7/1/2026,WHITE,0,0,F,INDEX,,F,T,0,0
7/1/2026,10:15:07 AM,SPXW,ML/,53,2.7,,CALL,7520,0,14310,7/1/2026,WHITE,0,0,F,INDEX,,F,T,0,0
7/1/2026,10:15:10 AM,SPXW,ML/,72,2.82,,CALL,7520,0,20304,7/1/2026,WHITE,0,0,F,INDEX,,F,T,0,0
7/1/2026,10:16:23 AM,SPXW,BLOCK,64,2.8,,CALL,7520,0,17920,7/1/2026,WHITE,0,0,F,INDEX,,F,T,0,0
7/1/2026,10:16:39 AM,SPXW,ML/,100,2.71,,CALL,7520,0,27100,7/1/2026,WHITE,0,0,F,INDEX,,F,T,0,0
7/1/2026,10:20:31 AM,SPXW,ML/,50,2.82,,CALL,7520,0,14100,7/1/2026,WHITE,0,0,F,INDEX,,F,T,0,0
7/1/2026,10:24:03 AM,SPXW,BLOCK,99,2.9,,CALL,7520,0,28709,7/1/2026,WHITE,0,0,F,INDEX,,F,T,0,0
7/1/2026,10:25:38 AM,SPXW,BLOCK,123,2.7,,CALL,7520,0,33210,7/1/2026,WHITE,0,0,F,INDEX,,F,T,0,0
7/1/2026,10:26:36 AM,SPXW,BLOCK,246,3.1,,CALL,7520,0,76260,7/1/2026,WHITE,0,0,F,INDEX,,F,T,0,0
7/1/2026,10:27:09 AM,SPXW,BLOCK,93,2.7,,CALL,7520,0,25110,7/1/2026,WHITE,0,0,F,INDEX,,F,T,0,0
7/1/2026,10:27:54 AM,SPXW,ML/,120,2.95,,CALL,7520,0,35400,7/1/2026,WHITE,0,0,F,INDEX,,F,T,0,0
7/1/2026,10:31:49 AM,SPXW,BLOCK,51,2.15,,CALL,7520,0,10965,7/1/2026,WHITE,0,0,F,INDEX,,F,T,0,0
7/1/2026,10:34:12 AM,SPXW,ML/,96,1.72,,CALL,7520,0,16512,7/1/2026,WHITE,0,0,F,INDEX,,F,T,0,0
7/1/2026,10:38:01 AM,SPXW,BLOCK,50,2.5,,CALL,7520,0,12500,7/1/2026,WHITE,0,0,F,INDEX,,F,T,0,0
7/1/2026,10:38:09 AM,SPXW,BLOCK,52,2.45,,CALL,7520,0,12740,7/1/2026,WHITE,0,0,F,INDEX,,F,T,0,0
7/1/2026,10:38:42 AM,SPXW,BLOCK,50,2.6,,CALL,7520,0,13000,7/1/2026,WHITE,0,0,F,INDEX,,F,T,0,0
7/1/2026,10:18:33 AM,SPXW,ML/,176,2.63,,CALL,7520,0,46288,7/1/2026,WHITE,0,0,F,INDEX,,F,T,0,0
7/1/2026,10:49:16 AM,SPXW,BLOCK,50,2,,CALL,7520,0,10000,7/1/2026,WHITE,0,0,F,INDEX,,F,T,0,0
7/1/2026,10:49:45 AM,SPXW,BLOCK,60,2,,CALL,7520,0,12000,7/1/2026,WHITE,0,0,F,INDEX,,F,T,0,0
7/1/2026,10:51:43 AM,SPXW,BLOCK,63,2.9,,CALL,7520,0,18270,7/1/2026,WHITE,0,0,F,INDEX,,F,T,0,0
7/1/2026,11:01:58 AM,SPXW,BLOCK,55,3,,CALL,7520,0,16500,7/1/2026,WHITE,0,0,F,INDEX,,F,T,0,0
7/1/2026,11:04:04 AM,SPXW,BLOCK,64,3.9,,CALL,7520,0,24960,7/1/2026,WHITE,0,0,F,INDEX,,F,T,0,0
7/1/2026,11:04:55 AM,SPXW,ML/,51,4.05,,CALL,7520,0,20655,7/1/2026,WHITE,0,0,F,INDEX,,F,T,0,0
7/1/2026,11:10:00 AM,SPXW,BLOCK,118,4,,CALL,7520,0,47200,7/1/2026,WHITE,0,0,F,INDEX,,F,T,0,0
7/1/2026,11:13:31 AM,SPXW,ML/,50,4.53,,CALL,7520,0,22650,7/1/2026,WHITE,0,0,F,INDEX,,F,T,0,0
7/1/2026,11:15:03 AM,SPXW,BLOCK,54,5.3,,CALL,7520,0,28620,7/1/2026,WHITE,0,0,F,INDEX,,F,T,0,0
7/1/2026,11:15:12 AM,SPXW,ML/,126,5.6,,CALL,7520,0,70559,7/1/2026,WHITE,0,0,F,INDEX,,F,T,0,0
7/1/2026,11:19:03 AM,SPXW,BLOCK,72,6,,CALL,7520,0,43200,7/1/2026,WHITE,0,0,F,INDEX,,F,T,0,0
7/1/2026,11:20:36 AM,SPXW,BLOCK,106,6.9,,CALL,7520,0,73140,7/1/2026,WHITE,0,0,F,INDEX,,F,T,0,0
7/1/2026,11:21:51 AM,SPXW,BLOCK,141,7.4,,CALL,7520,0,104340,7/1/2026,WHITE,0,0,F,INDEX,,F,T,0,0
7/1/2026,11:21:49 AM,SPXW,BLOCK,50,7.6,,CALL,7520,0,38000,7/1/2026,WHITE,0,0,F,INDEX,,F,T,0,0
7/1/2026,11:22:33 AM,SPXW,ML/,143,8.3,,CALL,7520,0,118690,7/1/2026,WHITE,0,0,F,INDEX,,F,T,0,0
7/1/2026,11:22:37 AM,SPXW,BLOCK,50,8.3,,CALL,7520,0,41500,7/1/2026,WHITE,0,0,F,INDEX,,F,T,0,0
7/1/2026,11:22:57 AM,SPXW,ML/,50,8.55,,CALL,7520,0,42750,7/1/2026,WHITE,0,0,F,INDEX,,F,T,0,0
7/1/2026,11:23:13 AM,SPXW,BLOCK,51,8.5,,CALL,7520,0,43350,7/1/2026,WHITE,0,0,F,INDEX,,F,T,0,0
7/1/2026,11:23:01 AM,SPXW,ML/,109,8.3,,CALL,7520,0,90470,7/1/2026,WHITE,0,0,F,INDEX,,F,T,0,0
7/1/2026,11:23:49 AM,SPXW,BLOCK,101,8.5,,CALL,7520,0,85850,7/1/2026,WHITE,0,0,F,INDEX,,F,T,0,0
7/1/2026,11:28:07 AM,SPXW,BLOCK,57,8.5,,CALL,7520,0,48450,7/1/2026,WHITE,0,0,F,INDEX,,F,T,0,0
7/1/2026,11:29:10 AM,SPXW,ML/,57,8.8,,CALL,7520,0,50160,7/1/2026,WHITE,0,0,F,INDEX,,F,T,0,0
7/1/2026,11:29:59 AM,SPXW,BLOCK,65,9.7,,CALL,7520,0,63050,7/1/2026,WHITE,0,0,F,INDEX,,F,T,0,0
7/1/2026,11:15:04 AM,SPXW,ML/,54,5.42,,CALL,7520,0,29268,7/1/2026,WHITE,0,0,F,INDEX,,F,T,0,0
7/1/2026,11:39:21 AM,SPXW,ML/,79,6.3,,CALL,7520,0,49770,7/1/2026,WHITE,0,0,F,INDEX,,F,T,0,0
7/1/2026,11:37:26 AM,SPXW,ML/,50,6.55,,CALL,7520,0,32750,7/1/2026,WHITE,0,0,F,INDEX,,F,T,0,0
7/1/2026,11:43:42 AM,SPXW,ML/,155,6.42,,CALL,7520,0,99510,7/1/2026,WHITE,0,0,F,INDEX,,F,T,0,0
7/1/2026,11:43:59 AM,SPXW,BLOCK,50,6.3,,CALL,7520,0,31500,7/1/2026,WHITE,0,0,F,INDEX,,F,T,0,0
7/1/2026,11:44:15 AM,SPXW,ML/,70,6.65,,CALL,7520,0,46550,7/1/2026,WHITE,0,0,F,INDEX,,F,T,0,0
7/1/2026,11:51:11 AM,SPXW,BLOCK,55,5,,CALL,7520,0,27500,7/1/2026,WHITE,0,0,F,INDEX,,F,T,0,0
7/1/2026,11:49:25 AM,SPXW,ML/,98,5.22,,CALL,7520,0,51155,7/1/2026,WHITE,0,0,F,INDEX,,F,T,0,0
7/1/2026,11:53:20 AM,SPXW,BLOCK,54,6,,CALL,7520,0,32400,7/1/2026,WHITE,0,0,F,INDEX,,F,T,0,0
7/1/2026,11:53:42 AM,SPXW,BLOCK,88,6.5,,CALL,7520,0,57200,7/1/2026,WHITE,0,0,F,INDEX,,F,T,0,0
7/1/2026,11:54:39 AM,SPXW,BLOCK,80,5.4,,CALL,7520,0,43200,7/1/2026,WHITE,0,0,F,INDEX,,F,T,0,0
7/1/2026,11:55:21 AM,SPXW,ML/,70,5.62,,CALL,7520,0,39340,7/1/2026,WHITE,0,0,F,INDEX,,F,T,0,0
7/1/2026,11:57:14 AM,SPXW,BLOCK,50,5.4,,CALL,7520,0,27000,7/1/2026,WHITE,0,0,F,INDEX,,F,T,0,0
7/1/2026,12:04:03 PM,SPXW,ML/,251,6.7,,CALL,7520,0,168170,7/1/2026,WHITE,0,0,F,INDEX,,F,T,0,0
7/1/2026,12:02:05 PM,SPXW,ML/,131,6.03,,CALL,7520,0,78993,7/1/2026,WHITE,0,0,F,INDEX,,F,T,0,0
7/1/2026,12:04:25 PM,SPXW,BLOCK,59,6.6,,CALL,7520,0,38940,7/1/2026,WHITE,0,0,F,INDEX,,F,T,0,0
7/1/2026,12:04:03 PM,SPXW,ML/,251,6.74,,CALL,7520,0,169174,7/1/2026,WHITE,0,0,F,INDEX,,F,T,0,0
7/1/2026,12:02:05 PM,SPXW,ML/,59,5.93,,CALL,7520,0,34987,7/1/2026,WHITE,0,0,F,INDEX,,F,T,0,0
7/1/2026,12:08:00 PM,SPXW,ML/,491,6.65,,CALL,7520,0,326515,7/1/2026,WHITE,0,0,F,INDEX,,F,T,0,0
7/1/2026,12:21:29 PM,SPXW,BLOCK,74,7,,CALL,7520,0,51800,7/1/2026,WHITE,0,0,F,INDEX,,F,T,0,0
7/1/2026,12:23:15 PM,SPXW,BLOCK,50,7.7,,CALL,7520,0,38500,7/1/2026,WHITE,0,0,F,INDEX,,F,T,0,0
7/1/2026,12:23:43 PM,SPXW,BLOCK,59,8,,CALL,7520,0,47200,7/1/2026,WHITE,0,0,F,INDEX,,F,T,0,0
7/1/2026,12:23:58 PM,SPXW,BLOCK,62,8.5,,CALL,7520,0,52700,7/1/2026,WHITE,0,0,F,INDEX,,F,T,0,0
7/1/2026,12:25:46 PM,SPXW,SWEEP,70,7.4,,CALL,7520,0,51800,7/1/2026,WHITE,0,0,F,INDEX,,F,T,0,0
7/1/2026,12:26:06 PM,SPXW,BLOCK,73,7.5,,CALL,7520,0,54750,7/1/2026,WHITE,0,0,F,INDEX,,F,T,0,0
7/1/2026,12:26:13 PM,SPXW,BLOCK,50,7.5,,CALL,7520,0,37500,7/1/2026,WHITE,0,0,F,INDEX,,F,T,0,0
7/1/2026,12:27:01 PM,SPXW,ML/,50,7.45,,CALL,7520,0,37250,7/1/2026,WHITE,0,0,F,INDEX,,F,T,0,0
7/1/2026,12:39:19 PM,SPXW,BLOCK,76,5,,CALL,7520,0,38000,7/1/2026,WHITE,0,0,F,INDEX,,F,T,0,0
7/1/2026,12:39:53 PM,SPXW,BLOCK,70,4.5,,CALL,7520,0,31500,7/1/2026,WHITE,0,0,F,INDEX,,F,T,0,0
7/1/2026,11:10:13 AM,SPXW,ML/,50,3.97,,CALL,7520,0,19850,7/1/2026,WHITE,0,0,F,INDEX,,F,T,0,0
7/1/2026,12:45:08 PM,SPXW,BLOCK,50,4.2,,CALL,7520,0,21000,7/1/2026,WHITE,0,0,F,INDEX,,F,T,0,0
7/1/2026,12:47:50 PM,SPXW,BLOCK,50,4.7,,CALL,7520,0,23500,7/1/2026,WHITE,0,0,F,INDEX,,F,T,0,0
7/1/2026,12:45:20 PM,SPXW,ML/,55,4,,CALL,7520,0,22000,7/1/2026,WHITE,0,0,F,INDEX,,F,T,0,0
7/1/2026,12:49:57 PM,SPXW,BLOCK,51,3.6,,CALL,7520,0,18360,7/1/2026,WHITE,0,0,F,INDEX,,F,T,0,0
7/1/2026,12:50:54 PM,SPXW,BLOCK,50,4,,CALL,7520,0,20000,7/1/2026,WHITE,0,0,F,INDEX,,F,T,0,0
7/1/2026,12:54:06 PM,SPXW,ML/,50,2.92,,CALL,7520,0,14600,7/1/2026,WHITE,0,0,F,INDEX,,F,T,0,0
7/1/2026,12:56:47 PM,SPXW,ML/,68,2.62,,CALL,7520,0,17816,7/1/2026,WHITE,0,0,F,INDEX,,F,T,0,0
7/1/2026,12:58:16 PM,SPXW,SWEEP,52,2.6,,CALL,7520,0,13519,7/1/2026,WHITE,0,0,F,INDEX,,F,T,0,0
7/1/2026,1:00:32 PM,SPXW,BLOCK,50,2.6,,CALL,7520,0,13000,7/1/2026,WHITE,0,0,F,INDEX,,F,T,0,0
7/1/2026,12:58:15 PM,SPXW,BLOCK,50,2.65,,CALL,7520,0,13250,7/1/2026,WHITE,0,0,F,INDEX,,F,T,0,0
7/1/2026,1:00:40 PM,SPXW,ML/,125,2.62,,CALL,7520,0,32750,7/1/2026,WHITE,0,0,F,INDEX,,F,T,0,0
7/1/2026,1:00:54 PM,SPXW,BLOCK,55,2.45,,CALL,7520,0,13475,7/1/2026,WHITE,0,0,F,INDEX,,F,T,0,0
7/1/2026,1:00:58 PM,SPXW,ML/,100,2.42,,CALL,7520,0,24199,7/1/2026,WHITE,0,0,F,INDEX,,F,T,0,0
7/1/2026,1:02:32 PM,SPXW,ML/,51,2.12,,CALL,7520,0,10812,7/1/2026,WHITE,0,0,F,INDEX,,F,T,0,0
7/1/2026,1:03:28 PM,SPXW,ML/,57,2.1,,CALL,7520,0,11970,7/1/2026,WHITE,0,0,F,INDEX,,F,T,0,0
7/1/2026,1:03:37 PM,SPXW,ML/,149,2,,CALL,7520,0,29800,7/1/2026,WHITE,0,0,F,INDEX,,F,T,0,0
7/1/2026,1:03:47 PM,SPXW,BLOCK,54,1.9,,CALL,7520,0,10260,7/1/2026,WHITE,0,0,F,INDEX,,F,T,0,0
7/1/2026,1:04:09 PM,SPXW,ML/,53,2.1,,CALL,7520,0,11130,7/1/2026,WHITE,0,0,F,INDEX,,F,T,0,0
7/1/2026,1:05:00 PM,SPXW,BLOCK,54,2,,CALL,7520,0,10800,7/1/2026,WHITE,0,0,F,INDEX,,F,T,0,0
7/1/2026,1:05:01 PM,SPXW,ML/,152,1.95,,CALL,7520,0,29639,7/1/2026,WHITE,0,0,F,INDEX,,F,T,0,0
7/1/2026,1:05:01 PM,SPXW,ML/,58,1.95,,CALL,7520,0,11310,7/1/2026,WHITE,0,0,F,INDEX,,F,T,0,0
7/1/2026,12:59:42 PM,SPXW,ML/,125,1.77,,CALL,7520,0,22125,7/1/2026,WHITE,0,0,F,INDEX,,F,T,0,0
7/1/2026,9:57:27 AM,SPXW,ML/,68,1.48,,CALL,7520,0,10064,7/1/2026,WHITE,0,0,F,INDEX,,F,T,0,0
7/1/2026,1:07:55 PM,SPXW,ML/,108,1.8,,CALL,7520,0,19440,7/1/2026,WHITE,0,0,F,INDEX,,F,T,0,0
7/1/2026,1:09:13 PM,SPXW,BLOCK,88,1.85,,CALL,7520,0,16280,7/1/2026,WHITE,0,0,F,INDEX,,F,T,0,0
7/1/2026,1:09:42 PM,SPXW,BLOCK,106,2,,CALL,7520,0,21200,7/1/2026,WHITE,0,0,F,INDEX,,F,T,0,0
7/1/2026,1:10:24 PM,SPXW,ML/,116,1.72,,CALL,7520,0,19952,7/1/2026,WHITE,0,0,F,INDEX,,F,T,0,0
7/1/2026,1:10:24 PM,SPXW,ML/,84,1.72,,CALL,7520,0,14447,7/1/2026,WHITE,0,0,F,INDEX,,F,T,0,0
7/1/2026,1:12:44 PM,SPXW,BLOCK,50,2,,CALL,7520,0,10000,7/1/2026,WHITE,0,0,F,INDEX,,F,T,0,0
7/1/2026,1:13:04 PM,SPXW,BLOCK,60,2.1,,CALL,7520,0,12600,7/1/2026,WHITE,0,0,F,INDEX,,F,T,0,0
7/1/2026,1:14:50 PM,SPXW,BLOCK,50,2.2,,CALL,7520,0,11000,7/1/2026,WHITE,0,0,F,INDEX,,F,T,0,0
7/1/2026,1:15:12 PM,SPXW,ML/,68,2.27,,CALL,7520,0,15435,7/1/2026,WHITE,0,0,F,INDEX,,F,T,0,0
7/1/2026,1:15:19 PM,SPXW,BLOCK,51,2.25,,CALL,7520,0,11475,7/1/2026,WHITE,0,0,F,INDEX,,F,T,0,0
7/1/2026,1:17:38 PM,SPXW,BLOCK,50,2.05,,CALL,7520,0,10249,7/1/2026,WHITE,0,0,F,INDEX,,F,T,0,0
7/1/2026,1:01:53 PM,SPXW,ML/,50,2.47,,CALL,7520,0,12350,7/1/2026,WHITE,0,0,F,INDEX,,F,T,0,0
7/1/2026,1:20:05 PM,SPXW,BLOCK,83,2.5,,CALL,7520,0,20750,7/1/2026,WHITE,0,0,F,INDEX,,F,T,0,0
7/1/2026,1:20:08 PM,SPXW,BLOCK,128,2.6,,CALL,7520,0,33280,7/1/2026,WHITE,0,0,F,INDEX,,F,T,0,0
7/1/2026,1:20:05 PM,SPXW,ML/,83,2.47,,CALL,7520,0,20501,7/1/2026,WHITE,0,0,F,INDEX,,F,T,0,0
7/1/2026,1:21:21 PM,SPXW,ML/,81,2.5,,CALL,7520,0,20250,7/1/2026,WHITE,0,0,F,INDEX,,F,T,0,0
7/1/2026,1:21:39 PM,SPXW,BLOCK,81,2.4,,CALL,7520,0,19440,7/1/2026,WHITE,0,0,F,INDEX,,F,T,0,0
7/1/2026,1:19:46 PM,SPXW,ML/,56,2.32,,CALL,7520,0,12991,7/1/2026,WHITE,0,0,F,INDEX,,F,T,0,0
7/1/2026,1:25:22 PM,SPXW,BLOCK,62,2.9,,CALL,7520,0,17980,7/1/2026,WHITE,0,0,F,INDEX,,F,T,0,0
7/1/2026,1:28:08 PM,SPXW,BLOCK,50,2.15,,CALL,7520,0,10750,7/1/2026,WHITE,0,0,F,INDEX,,F,T,0,0
7/1/2026,1:29:01 PM,SPXW,BLOCK,67,2,,CALL,7520,0,13400,7/1/2026,WHITE,0,0,F,INDEX,,F,T,0,0
7/1/2026,1:32:29 PM,SPXW,ML/,111,1.6,,CALL,7520,0,17760,7/1/2026,WHITE,0,0,F,INDEX,,F,T,0,0
7/1/2026,1:06:44 PM,SPXW,ML/,142,1.57,,CALL,7520,0,22294,7/1/2026,WHITE,0,0,F,INDEX,,F,T,0,0
7/1/2026,1:34:47 PM,SPXW,BLOCK,200,1.6,,CALL,7520,0,32000,7/1/2026,WHITE,0,0,F,INDEX,,F,T,0,0
7/1/2026,1:43:04 PM,SPXW,ML/,170,1.2,,CALL,7520,0,20400,7/1/2026,WHITE,0,0,F,INDEX,,F,T,0,0
7/1/2026,1:44:49 PM,SPXW,BLOCK,150,1,,CALL,7520,0,15000,7/1/2026,WHITE,0,0,F,INDEX,,F,T,0,0
7/1/2026,2:04:49 PM,SPXW,ML/,108,1.02,,CALL,7520,0,11016,7/1/2026,WHITE,0,0,F,INDEX,,F,T,0,0
7/1/2026,2:09:22 PM,SPXW,ML/,200,0.85,,CALL,7520,0,17000,7/1/2026,WHITE,0,0,F,INDEX,,F,T,0,0
7/1/2026,2:21:52 PM,SPXW,ML/,200,0.62,,CALL,7520,0,12400,7/1/2026,WHITE,0,0,F,INDEX,,F,T,0,0
7/1/2026,2:30:17 PM,SPXW,BLOCK,308,0.35,,CALL,7520,0,10780,7/1/2026,WHITE,0,0,F,INDEX,,F,T,0,0
7/1/2026,3:05:45 PM,SPXW,BLOCK,402,0.5,,CALL,7520,0,20100,7/1/2026,WHITE,0,0,F,INDEX,,F,T,0,0
7/1/2026,1:32:12 PM,SPXW,BLOCK,152,2,,CALL,7520,0,30400,7/1/2026,WHITE,0,0,F,INDEX,,F,T,0,0
7/1/2026,12:40:27 PM,SPXW,ML/,50,4.65,,CALL,7520,0,23250,7/1/2026,WHITE,0,0,F,INDEX,,F,T,0,0
7/1/2026,12:02:05 PM,SPXW,ML/,177,5.92,,CALL,7520,0,104783,7/1/2026,WHITE,0,0,F,INDEX,,F,T,0,0
7/1/2026,11:30:02 AM,SPXW,BLOCK,81,10,,CALL,7520,0,81000,7/1/2026,WHITE,0,0,F,INDEX,,F,T,0,0
7/1/2026,11:17:52 AM,SPXW,BLOCK,53,9.8,,PUT,7510,0,51940,7/1/2026,WHITE,0,0,F,INDEX,,F,T,0,0
7/1/2026,11:28:11 AM,SPXW,BLOCK,55,6.2,,PUT,7510,0,34100,7/1/2026,WHITE,0,0,F,INDEX,,F,T,0,0
7/1/2026,11:35:04 AM,SPXW,BLOCK,60,7.3,,PUT,7510,0,43800,7/1/2026,WHITE,0,0,F,INDEX,,F,T,0,0
7/1/2026,11:35:07 AM,SPXW,BLOCK,87,7.5,,PUT,7510,0,65250,7/1/2026,WHITE,0,0,F,INDEX,,F,T,0,0
7/1/2026,11:38:43 AM,SPXW,BLOCK,88,7.9,,PUT,7510,0,69520,7/1/2026,WHITE,0,0,F,INDEX,,F,T,0,0
7/1/2026,11:41:41 AM,SPXW,BLOCK,85,7.4,,PUT,7510,0,62900,7/1/2026,WHITE,0,0,F,INDEX,,F,T,0,0
7/1/2026,11:49:28 AM,SPXW,BLOCK,50,7.7,,PUT,7510,0,38500,7/1/2026,WHITE,0,0,F,INDEX,,F,T,0,0
7/1/2026,11:49:40 AM,SPXW,BLOCK,56,8.1,,PUT,7510,0,45360,7/1/2026,WHITE,0,0,F,INDEX,,F,T,0,0
7/1/2026,12:11:31 PM,SPXW,BLOCK,52,5.2,,PUT,7510,0,27040,7/1/2026,WHITE,0,0,F,INDEX,,F,T,0,0
7/1/2026,12:12:38 PM,SPXW,BLOCK,60,4.9,,PUT,7510,0,29400,7/1/2026,WHITE,0,0,F,INDEX,,F,T,0,0
7/1/2026,12:13:03 PM,SPXW,ML/,100,4.71,,PUT,7510,0,47100,7/1/2026,WHITE,0,0,F,INDEX,,F,T,0,0
7/1/2026,12:47:48 PM,SPXW,BLOCK,53,5.5,,PUT,7510,0,29150,7/1/2026,WHITE,0,0,F,INDEX,,F,T,0,0
7/1/2026,12:52:46 PM,SPXW,ML/,51,9.2,,PUT,7510,0,46920,7/1/2026,WHITE,0,0,F,INDEX,,F,T,0,0
7/1/2026,11:17:10 AM,SPXW,ML/,97,10.33,,PUT,7510,0,100201,7/1/2026,WHITE,0,0,F,INDEX,,F,T,0,0
7/1/2026,1:29:35 PM,SPXW,BLOCK,50,8.1,,PUT,7510,0,40500,7/1/2026,WHITE,0,0,F,INDEX,,F,T,0,0
7/1/2026,2:12:35 PM,SPXW,ML/,148,11.4,,PUT,7510,0,168720,7/1/2026,WHITE,0,0,F,INDEX,,F,T,0,0
7/1/2026,3:31:53 PM,SPXW,BLOCK,50,11,,PUT,7510,0,55000,7/1/2026,WHITE,0,0,F,INDEX,,F,T,0,0
7/1/2026,12:37:39 PM,SPXW,ML/,50,4.55,,PUT,7510,0,22750,7/1/2026,WHITE,0,0,F,INDEX,,F,T,0,0
7/1/2026,3:02:22 PM,SPXW,ML/,72,11.63,,PUT,7510,0,83736,7/1/2026,WHITE,0,0,F,INDEX,,F,T,0,0
7/1/2026,9:56:57 AM,SPXW,BLOCK,500,0.55,,CALL,7540,0,27500,7/1/2026,WHITE,0,0,F,INDEX,,F,T,0,0
7/1/2026,9:34:22 AM,SPXW,ML/,300,0.73,,CALL,7540,0,21900,7/1/2026,WHITE,0,0,F,INDEX,,F,T,0,0
7/1/2026,10:08:06 AM,SPXW,BLOCK,203,0.8,,CALL,7540,0,16240,7/1/2026,WHITE,0,0,F,INDEX,,F,T,0,0
7/1/2026,10:08:07 AM,SPXW,BLOCK,143,0.8,,CALL,7540,0,11440,7/1/2026,WHITE,0,0,F,INDEX,,F,T,0,0
7/1/2026,9:57:51 AM,SPXW,ML/,200,0.54,,CALL,7540,0,10800,7/1/2026,WHITE,0,0,F,INDEX,,F,T,0,0
7/1/2026,10:30:55 AM,SPXW,ML/,500,0.67,,CALL,7540,0,33500,7/1/2026,WHITE,0,0,F,INDEX,,F,T,0,0
7/1/2026,11:00:55 AM,SPXW,ML/,260,0.57,,CALL,7540,0,14819,7/1/2026,WHITE,0,0,F,INDEX,,F,T,0,0
7/1/2026,11:05:32 AM,SPXW,BLOCK,279,1,,CALL,7540,0,27900,7/1/2026,WHITE,0,0,F,INDEX,,F,T,0,0
7/1/2026,11:05:31 AM,SPXW,ML/,504,0.95,,CALL,7540,0,47880,7/1/2026,WHITE,0,0,F,INDEX,,F,T,0,0
7/1/2026,11:07:47 AM,SPXW,BLOCK,123,1,,CALL,7540,0,12300,7/1/2026,WHITE,0,0,F,INDEX,,F,T,0,0
7/1/2026,11:15:00 AM,SPXW,ML/,389,1,,CALL,7540,0,38900,7/1/2026,WHITE,0,0,F,INDEX,,F,T,0,0
7/1/2026,11:19:04 AM,SPXW,BLOCK,102,1.25,,CALL,7540,0,12750,7/1/2026,WHITE,0,0,F,INDEX,,F,T,0,0
7/1/2026,11:20:32 AM,SPXW,ML/,88,1.52,,CALL,7540,0,13376,7/1/2026,WHITE,0,0,F,INDEX,,F,T,0,0
7/1/2026,11:22:41 AM,SPXW,BLOCK,55,1.95,,CALL,7540,0,10725,7/1/2026,WHITE,0,0,F,INDEX,,F,T,0,0
7/1/2026,11:22:57 AM,SPXW,ML/,50,2,,CALL,7540,0,10000,7/1/2026,WHITE,0,0,F,INDEX,,F,T,0,0
7/1/2026,11:22:26 AM,SPXW,ML/,65,1.87,,CALL,7540,0,12155,7/1/2026,WHITE,0,0,F,INDEX,,F,T,0,0
7/1/2026,11:26:18 AM,SPXW,ML/,65,1.8,,CALL,7540,0,11700,7/1/2026,WHITE,0,0,F,INDEX,,F,T,0,0
7/1/2026,11:31:09 AM,SPXW,ML/,110,1.87,,CALL,7540,0,20570,7/1/2026,WHITE,0,0,F,INDEX,,F,T,0,0
7/1/2026,11:35:01 AM,SPXW,ML/,100,1.12,,CALL,7540,0,11200,7/1/2026,WHITE,0,0,F,INDEX,,F,T,0,0
7/1/2026,11:35:44 AM,SPXW,BLOCK,102,1.25,,CALL,7540,0,12750,7/1/2026,WHITE,0,0,F,INDEX,,F,T,0,0
7/1/2026,11:42:19 AM,SPXW,BLOCK,100,1.35,,CALL,7540,0,13500,7/1/2026,WHITE,0,0,F,INDEX,,F,T,0,0
7/1/2026,11:42:55 AM,SPXW,BLOCK,100,1.25,,CALL,7540,0,12500,7/1/2026,WHITE,0,0,F,INDEX,,F,T,0,0
7/1/2026,11:46:35 AM,SPXW,ML/,120,1.15,,CALL,7540,0,13800,7/1/2026,WHITE,0,0,F,INDEX,,F,T,0,0
7/1/2026,11:46:36 AM,SPXW,ML/,165,1.16,,CALL,7540,0,19139,7/1/2026,WHITE,0,0,F,INDEX,,F,T,0,0
7/1/2026,11:46:35 AM,SPXW,ML/,110,1.15,,CALL,7540,0,12649,7/1/2026,WHITE,0,0,F,INDEX,,F,T,0,0
7/1/2026,11:46:36 AM,SPXW,ML/,145,1.16,,CALL,7540,0,16819,7/1/2026,WHITE,0,0,F,INDEX,,F,T,0,0
7/1/2026,11:55:47 AM,SPXW,ML/,404,0.95,,CALL,7540,0,38380,7/1/2026,WHITE,0,0,F,INDEX,,F,T,0,0
7/1/2026,12:21:33 PM,SPXW,BLOCK,156,1.05,,CALL,7540,0,16380,7/1/2026,WHITE,0,0,F,INDEX,,F,T,0,0
7/1/2026,12:21:34 PM,SPXW,BLOCK,114,1.1,,CALL,7540,0,12540,7/1/2026,WHITE,0,0,F,INDEX,,F,T,0,0
7/1/2026,12:23:18 PM,SPXW,ML/,195,1.3,,CALL,7540,0,25350,7/1/2026,WHITE,0,0,F,INDEX,,F,T,0,0
7/1/2026,12:58:42 PM,SPXW,ML/,358,0.32,,CALL,7540,0,11456,7/1/2026,WHITE,0,0,F,INDEX,,F,T,0,0
7/1/2026,11:34:56 AM,SPXW,ML/,85,9.98,,CALL,7630,0,84830,7/10/2026,WHITE,0,9,F,INDEX,,F,T,0,0
7/1/2026,10:08:40 AM,SPXW,BLOCK,172,1.25,,CALL,7580,0,21500,7/2/2026,WHITE,0,1,F,INDEX,,F,T,0,0
7/1/2026,10:08:41 AM,SPXW,BLOCK,107,1.25,,CALL,7580,0,13375,7/2/2026,WHITE,0,1,F,INDEX,,F,T,0,0
7/1/2026,10:08:42 AM,SPXW,BLOCK,89,1.25,,CALL,7580,0,11125,7/2/2026,WHITE,0,1,F,INDEX,,F,T,0,0
7/1/2026,10:08:43 AM,SPXW,ML/,88,1.25,,CALL,7580,0,11000,7/2/2026,WHITE,0,1,F,INDEX,,F,T,0,0
7/1/2026,10:08:45 AM,SPXW,BLOCK,101,1.25,,CALL,7580,0,12625,7/2/2026,WHITE,0,1,F,INDEX,,F,T,0,0
7/1/2026,10:08:52 AM,SPXW,BLOCK,112,1.3,,CALL,7580,0,14560,7/2/2026,WHITE,0,1,F,INDEX,,F,T,0,0
7/1/2026,10:12:56 AM,SPXW,ML/,132,1.32,,CALL,7580,0,17424,7/2/2026,WHITE,0,1,F,INDEX,,F,T,0,0
7/1/2026,11:34:56 AM,SPXW,ML/,85,1.95,,CALL,7580,0,16575,7/2/2026,WHITE,0,1,F,INDEX,,F,T,0,0
7/1/2026,11:19:51 AM,SPXW,BLOCK,55,1.85,,CALL,7580,0,10175,7/2/2026,WHITE,0,1,F,INDEX,,F,T,0,0
7/1/2026,11:35:20 AM,SPXW,BLOCK,71,2,,CALL,7580,0,14200,7/2/2026,WHITE,0,1,F,INDEX,,F,T,0,0
7/1/2026,12:14:06 PM,SPXW,ML/,70,2.12,,CALL,7580,0,14840,7/2/2026,WHITE,0,1,F,INDEX,,F,T,0,0
7/1/2026,1:08:00 PM,SPXW,BLOCK,150,1.15,,CALL,7580,0,17250,7/2/2026,WHITE,0,1,F,INDEX,,F,T,0,0
7/1/2026,1:06:53 PM,SPXW,BLOCK,120,1.1,,CALL,7580,0,13200,7/2/2026,WHITE,0,1,F,INDEX,,F,T,0,0
7/1/2026,2:16:14 PM,SPXW,ML/,286,0.82,,CALL,7580,0,23452,7/2/2026,WHITE,0,1,F,INDEX,,F,T,0,0
7/1/2026,11:39:32 AM,SPXW,ML/,150,41.51,,PUT,7550,0,622650,7/2/2026,WHITE,0,1,F,INDEX,,F,T,0,0
7/1/2026,2:57:17 PM,SPXW,ML/,150,56.31,,PUT,7550,0,844650,7/2/2026,WHITE,0,1,F,INDEX,,F,T,0,0
7/1/2026,11:29:10 AM,SPXW,ML/,50,17.4,,CALL,7530,0,86999,7/2/2026,WHITE,0,1,F,INDEX,,F,T,0,0
7/1/2026,3:47:25 PM,SPXW,ML/,50,7.4,,CALL,7530,0,37000,7/2/2026,WHITE,0,1,F,INDEX,,F,T,0,0
7/1/2026,4:03:33 PM,SPXW,ML/,57,4.3,,CALL,7530,0,24510,7/2/2026,WHITE,0,1,F,INDEX,,F,T,0,0
7/1/2026,4:14:04 PM,SPXW,ML/,78,4.65,,CALL,7530,0,36270,7/2/2026,WHITE,0,1,F,INDEX,,F,T,0,0
7/1/2026,12:41:47 PM,SPXW,BLOCK,50,13.7,,CALL,7530,0,68500,7/2/2026,WHITE,0,1,F,INDEX,,F,T,0,0
7/1/2026,3:28:29 PM,SPXW,ML/,50,8.88,,CALL,7530,0,44400,7/2/2026,WHITE,0,1,F,INDEX,,F,T,0,0
7/1/2026,3:44:40 PM,SPXW,ML/,101,7.31,,CALL,7530,0,73831,7/2/2026,WHITE,0,1,F,INDEX,,F,T,0,0
7/1/2026,3:49:32 PM,SPXW,ML/,77,6.87,,CALL,7530,0,52899,7/2/2026,WHITE,0,1,F,INDEX,,F,T,0,0
7/1/2026,3:49:24 PM,SPXW,ML/,82,6.91,,CALL,7530,0,56662,7/2/2026,WHITE,0,1,F,INDEX,,F,T,0,0
7/1/2026,4:06:09 PM,SPXW,ML/,90,4.34,,CALL,7530,0,39060,7/2/2026,WHITE,0,1,F,INDEX,,F,T,0,0
7/1/2026,4:39:16 PM,SPXW,BLOCK,50,3.89,,CALL,7530,0,19450,7/2/2026,WHITE,0,1,F,INDEX,,F,T,0,0
7/1/2026,11:03:27 AM,SPXW,BLOCK,50,8,,CALL,7540,0,40000,7/2/2026,WHITE,0,1,F,INDEX,,F,T,0,0
7/1/2026,11:29:10 AM,SPXW,ML/,50,12.6,,CALL,7540,0,63000,7/2/2026,WHITE,0,1,F,INDEX,,F,T,0,0
7/1/2026,12:30:26 PM,SPXW,BLOCK,70,12.3,,CALL,7540,0,86100,7/2/2026,WHITE,0,1,F,INDEX,,F,T,0,0
7/1/2026,3:20:21 PM,SPXW,BLOCK,150,6.7,,CALL,7540,0,100500,7/2/2026,WHITE,0,1,F,INDEX,,F,T,0,0
7/1/2026,3:39:17 PM,SPXW,ML/,104,5.15,,CALL,7540,0,53560,7/2/2026,WHITE,0,1,F,INDEX,,F,T,0,0
7/1/2026,3:40:33 PM,SPXW,BLOCK,87,5,,CALL,7540,0,43500,7/2/2026,WHITE,0,1,F,INDEX,,F,T,0,0
7/1/2026,3:43:04 PM,SPXW,BLOCK,108,4.7,,CALL,7540,0,50760,7/2/2026,WHITE,0,1,F,INDEX,,F,T,0,0
7/1/2026,3:52:41 PM,SPXW,BLOCK,60,3.8,,CALL,7540,0,22799,7/2/2026,WHITE,0,1,F,INDEX,,F,T,0,0
7/1/2026,3:59:28 PM,SPXW,SWEEP,92,4.4,,CALL,7540,0,40480,7/2/2026,WHITE,0,1,F,INDEX,,F,T,0,0
7/1/2026,4:11:22 PM,SPXW,ML/,66,3.05,,CALL,7540,0,20130,7/2/2026,WHITE,0,1,F,INDEX,,F,T,0,0
7/1/2026,4:16:15 PM,SPXW,BLOCK,61,2.75,,CALL,7540,0,16775,7/2/2026,WHITE,0,1,F,INDEX,,F,T,0,0
7/1/2026,3:28:29 PM,SPXW,ML/,50,5.93,,CALL,7540,0,29650,7/2/2026,WHITE,0,1,F,INDEX,,F,T,0,0
7/1/2026,3:56:42 PM,SPXW,ML/,500,4.25,,CALL,7540,0,212500,7/2/2026,WHITE,0,1,F,INDEX,,F,T,0,0
7/1/2026,9:37:20 AM,SPXW,ML/,200,0.75,,PUT,7330,0,15000,7/1/2026,WHITE,0,0,F,INDEX,,F,T,0,0
7/1/2026,9:36:02 AM,SPXW,ML/,50,8.8,,PUT,7420,0,44000,7/1/2026,WHITE,0,0,F,INDEX,,F,T,0,0
7/1/2026,9:54:37 AM,SPXW,BLOCK,77,2.55,,PUT,7420,0,19635,7/1/2026,WHITE,0,0,F,INDEX,,F,T,0,0
7/1/2026,9:59:18 AM,SPXW,ML/,66,2.3,,PUT,7420,0,15179,7/1/2026,WHITE,0,0,F,INDEX,,F,T,0,0
7/1/2026,10:00:25 AM,SPXW,BLOCK,104,1.65,,PUT,7420,0,17160,7/1/2026,WHITE,0,0,F,INDEX,,F,T,0,0
7/1/2026,10:00:32 AM,SPXW,ML/,100,1.9,,PUT,7420,0,19000,7/1/2026,WHITE,0,0,F,INDEX,,F,T,0,0
7/1/2026,10:00:32 AM,SPXW,ML/,95,2,,PUT,7420,0,19000,7/1/2026,WHITE,0,0,F,INDEX,,F,T,0,0
7/1/2026,10:00:32 AM,SPXW,ML/,76,2.02,,PUT,7420,0,15352,7/1/2026,WHITE,0,0,F,INDEX,,F,T,0,0
7/1/2026,10:00:32 AM,SPXW,ML/,628,1.99,,PUT,7420,0,124972,7/1/2026,WHITE,0,0,F,INDEX,,F,T,0,0
7/1/2026,10:45:35 AM,SPXW,BLOCK,244,1.1,,PUT,7420,0,26840,7/1/2026,WHITE,0,0,F,INDEX,,F,T,0,0
7/1/2026,10:44:04 AM,SPXW,ML/,129,0.8,,PUT,7420,0,10320,7/1/2026,WHITE,0,0,F,INDEX,,F,T,0,0
7/1/2026,11:07:10 AM,SPXW,ML/,300,0.45,,PUT,7420,0,13500,7/1/2026,WHITE,0,0,F,INDEX,,F,T,0,0
7/1/2026,11:09:15 AM,SPXW,ML/,268,0.6,,PUT,7420,0,16080,7/1/2026,WHITE,0,0,F,INDEX,,F,T,0,0
7/1/2026,11:09:14 AM,SPXW,ML/,248,0.57,,PUT,7420,0,14135,7/1/2026,WHITE,0,0,F,INDEX,,F,T,0,0
7/1/2026,11:13:06 AM,SPXW,BLOCK,456,0.5,,PUT,7420,0,22800,7/1/2026,WHITE,0,0,F,INDEX,,F,T,0,0
7/1/2026,12:25:09 PM,SPXW,ML/,1000,0.17,,PUT,7420,0,17000,7/1/2026,WHITE,0,0,F,INDEX,,F,T,0,0
7/1/2026,9:33:56 AM,SPXW,ML/,80,7.97,,PUT,7420,0,63760,7/1/2026,WHITE,0,0,F,INDEX,,F,T,0,0
7/1/2026,10:00:32 AM,SPXW,ML/,100,1.94,,PUT,7420,0,19400,7/1/2026,WHITE,0,0,F,INDEX,,F,T,0,0
7/1/2026,9:33:04 AM,SPXW,ML/,102,3.4,,PUT,7390,0,34680,7/1/2026,WHITE,0,0,F,INDEX,,F,T,0,0
7/1/2026,9:33:04 AM,SPXW,ML/,150,3.4,,PUT,7390,0,51000,7/1/2026,WHITE,0,0,F,INDEX,,F,T,0,0
7/1/2026,9:33:09 AM,SPXW,ML/,150,3.4,,PUT,7390,0,51000,7/1/2026,WHITE,0,0,F,INDEX,,F,T,0,0
7/1/2026,9:33:52 AM,SPXW,ML/,102,3.75,,PUT,7390,0,38250,7/1/2026,WHITE,0,0,F,INDEX,,F,T,0,0
7/1/2026,9:33:52 AM,SPXW,ML/,150,3.75,,PUT,7390,0,56250,7/1/2026,WHITE,0,0,F,INDEX,,F,T,0,0
7/1/2026,9:34:41 AM,SPXW,ML/,200,3.7,,PUT,7390,0,74000,7/1/2026,WHITE,0,0,F,INDEX,,F,T,0,0
7/1/2026,9:36:24 AM,SPXW,ML/,100,4.1,,PUT,7390,0,40999,7/1/2026,WHITE,0,0,F,INDEX,,F,T,0,0
7/1/2026,9:36:02 AM,SPXW,ML/,100,4.05,,PUT,7390,0,40500,7/1/2026,WHITE,0,0,F,INDEX,,F,T,0,0
7/1/2026,9:37:16 AM,SPXW,ML/,200,3.37,,PUT,7390,0,67400,7/1/2026,WHITE,0,0,F,INDEX,,F,T,0,0
7/1/2026,9:33:12 AM,SPXW,ML/,75,3.45,,PUT,7390,0,25875,7/1/2026,WHITE,0,0,F,INDEX,,F,T,0,0
7/1/2026,9:30:09 AM,SPXW,ML/,133,2.29,,PUT,7390,0,30457,7/1/2026,WHITE,0,0,F,INDEX,,F,T,0,0
7/1/2026,9:30:09 AM,SPXW,ML/,65,2.35,,PUT,7390,0,15275,7/1/2026,WHITE,0,0,F,INDEX,,F,T,0,0
7/1/2026,9:42:15 AM,SPXW,ML/,50,2.75,,PUT,7390,0,13750,7/1/2026,WHITE,0,0,F,INDEX,,F,T,0,0
7/1/2026,9:30:03 AM,SPXW,ML/,226,2,,PUT,7390,0,45200,7/1/2026,WHITE,0,0,F,INDEX,,F,T,0,0
7/1/2026,9:34:50 AM,SPXW,ML/,100,4.47,,PUT,7390,0,44700,7/1/2026,WHITE,0,0,F,INDEX,,F,T,0,0
7/1/2026,9:34:51 AM,SPXW,ML/,104,4.52,,PUT,7390,0,47007,7/1/2026,WHITE,0,0,F,INDEX,,F,T,0,0
7/1/2026,9:36:02 AM,SPXW,ML/,100,4.02,,PUT,7390,0,40199,7/1/2026,WHITE,0,0,F,INDEX,,F,T,0,0
7/1/2026,9:36:24 AM,SPXW,ML/,100,4.12,,PUT,7390,0,41200,7/1/2026,WHITE,0,0,F,INDEX,,F,T,0,0
7/1/2026,9:36:22 AM,SPXW,ML/,200,4.35,,PUT,7390,0,86999,7/1/2026,WHITE,0,0,F,INDEX,,F,T,0,0
7/1/2026,9:37:30 AM,SPXW,ML/,200,3.78,,PUT,7390,0,75599,7/1/2026,WHITE,0,0,F,INDEX,,F,T,0,0
7/1/2026,9:37:33 AM,SPXW,ML/,50,2.68,,PUT,7380,0,13400,7/1/2026,WHITE,0,0,F,INDEX,,F,T,0,0
7/1/2026,9:36:41 AM,SPXW,ML/,50,3.15,,PUT,7380,0,15750,7/1/2026,WHITE,0,0,F,INDEX,,F,T,0,0
7/1/2026,9:36:04 AM,SPXW,ML/,50,3.26,,PUT,7380,0,16300,7/1/2026,WHITE,0,0,F,INDEX,,F,T,0,0
7/1/2026,9:45:00 AM,SPXW,ML/,50,2.07,,PUT,7380,0,10350,7/1/2026,WHITE,0,0,F,INDEX,,F,T,0,0
7/1/2026,9:34:02 AM,SPXW,ML/,51,10.3,,PUT,7430,0,52530,7/1/2026,WHITE,0,0,F,INDEX,,F,T,0,0
7/1/2026,10:00:32 AM,SPXW,ML/,95,2.7,,PUT,7430,0,25650,7/1/2026,WHITE,0,0,F,INDEX,,F,T,0,0
7/1/2026,10:00:32 AM,SPXW,ML/,100,2.6,,PUT,7430,0,26000,7/1/2026,WHITE,0,0,F,INDEX,,F,T,0,0
7/1/2026,10:00:32 AM,SPXW,ML/,76,2.72,,PUT,7430,0,20672,7/1/2026,WHITE,0,0,F,INDEX,,F,T,0,0
7/1/2026,10:19:11 AM,SPXW,BLOCK,151,1.4,,PUT,7430,0,21139,7/1/2026,WHITE,0,0,F,INDEX,,F,T,0,0
7/1/2026,10:48:21 AM,SPXW,BLOCK,200,1.6,,PUT,7430,0,32000,7/1/2026,WHITE,0,0,F,INDEX,,F,T,0,0
7/1/2026,11:36:14 AM,SPXW,ML/,597,0.42,,PUT,7430,0,25073,7/1/2026,WHITE,0,0,F,INDEX,,F,T,0,0
7/1/2026,12:25:09 PM,SPXW,ML/,1000,0.22,,PUT,7430,0,22000,7/1/2026,WHITE,0,0,F,INDEX,,F,T,0,0
7/1/2026,10:02:34 AM,SPXW,ML/,72,2.95,,PUT,7430,0,21240,7/1/2026,WHITE,0,0,F,INDEX,,F,T,0,0
7/1/2026,10:00:32 AM,SPXW,ML/,100,2.64,,PUT,7430,0,26400,7/1/2026,WHITE,0,0,F,INDEX,,F,T,0,0
7/1/2026,10:00:32 AM,SPXW,ML/,628,2.69,,PUT,7430,0,168932,7/1/2026,WHITE,0,0,F,INDEX,,F,T,0,0
7/1/2026,3:29:32 PM,SPXW,ML/,213,35.11,,PUT,7475,0,747843,7/9/2026,WHITE,0,8,F,INDEX,,F,T,0,0
7/1/2026,9:33:44 AM,SPXW,BLOCK,78,12.3,,PUT,7440,0,95940,7/1/2026,WHITE,0,0,F,INDEX,,F,T,0,0
7/1/2026,9:34:18 AM,SPXW,BLOCK,69,14.7,,PUT,7440,0,101430,7/1/2026,WHITE,0,0,F,INDEX,,F,T,0,0
7/1/2026,9:55:18 AM,SPXW,ML/,50,4.82,,PUT,7440,0,24100,7/1/2026,WHITE,0,0,F,INDEX,,F,T,0,0
7/1/2026,10:00:31 AM,SPXW,BLOCK,60,3.3,,PUT,7440,0,19800,7/1/2026,WHITE,0,0,F,INDEX,,F,T,0,0
7/1/2026,10:12:39 AM,SPXW,ML/,91,1.77,,PUT,7440,0,16107,7/1/2026,WHITE,0,0,F,INDEX,,F,T,0,0
7/1/2026,10:19:10 AM,SPXW,ML/,60,1.9,,PUT,7440,0,11399,7/1/2026,WHITE,0,0,F,INDEX,,F,T,0,0
7/1/2026,10:35:19 AM,SPXW,BLOCK,51,2,,PUT,7440,0,10200,7/1/2026,WHITE,0,0,F,INDEX,,F,T,0,0
7/1/2026,10:45:26 AM,SPXW,BLOCK,150,1.9,,PUT,7440,0,28500,7/1/2026,WHITE,0,0,F,INDEX,,F,T,0,0
7/1/2026,10:49:03 AM,SPXW,BLOCK,88,2,,PUT,7440,0,17600,7/1/2026,WHITE,0,0,F,INDEX,,F,T,0,0
7/1/2026,10:50:00 AM,SPXW,ML/,199,1.67,,PUT,7440,0,33233,7/1/2026,WHITE,0,0,F,INDEX,,F,T,0,0
7/1/2026,9:57:50 AM,SPXW,ML/,50,4.94,,PUT,7440,0,24700,7/1/2026,WHITE,0,0,F,INDEX,,F,T,0,0
7/1/2026,9:59:18 AM,SPXW,ML/,66,4.35,,PUT,7440,0,28709,7/1/2026,WHITE,0,0,F,INDEX,,F,T,0,0
7/1/2026,10:05:45 AM,SPXW,BLOCK,60,3,,PUT,7440,0,18000,7/1/2026,WHITE,0,0,F,INDEX,,F,T,0,0
7/1/2026,10:05:41 AM,SPXW,ML/,50,3.03,,PUT,7440,0,15150,7/1/2026,WHITE,0,0,F,INDEX,,F,T,0,0
7/1/2026,10:48:07 AM,SPXW,ML/,216,2.17,,PUT,7440,0,46872,7/1/2026,WHITE,0,0,F,INDEX,,F,T,0,0
7/1/2026,10:58:56 AM,SPXW,ML/,256,1.67,,PUT,7440,0,42752,7/1/2026,WHITE,0,0,F,INDEX,,F,T,0,0
7/1/2026,9:30:07 AM,SPXW,BLOCK,99,1.3,,PUT,7370,0,12869,7/1/2026,WHITE,0,0,F,INDEX,,F,T,0,0
7/1/2026,9:33:56 AM,SPXW,ML/,80,2.25,,PUT,7370,0,18000,7/1/2026,WHITE,0,0,F,INDEX,,F,T,0,0
7/1/2026,9:36:41 AM,SPXW,ML/,50,2.45,,PUT,7370,0,12250,7/1/2026,WHITE,0,0,F,INDEX,,F,T,0,0
7/1/2026,9:37:33 AM,SPXW,ML/,50,2.08,,PUT,7370,0,10400,7/1/2026,WHITE,0,0,F,INDEX,,F,T,0,0
7/1/2026,10:13:52 AM,SPXW,BLOCK,75,2.45,,CALL,7600,0,18375,7/6/2026,WHITE,0,5,F,INDEX,,F,T,0,0
7/1/2026,10:15:41 AM,SPXW,BLOCK,75,2.45,,CALL,7600,0,18375,7/6/2026,WHITE,0,5,F,INDEX,,F,T,0,0
7/1/2026,10:58:22 AM,SPXW,ML/,151,2.05,,CALL,7600,0,30954,7/6/2026,WHITE,0,5,F,INDEX,,F,T,0,0
7/1/2026,2:39:39 PM,SPXW,ML/,200,1.87,,CALL,7600,0,37400,7/6/2026,WHITE,0,5,F,INDEX,,F,T,0,0
7/1/2026,4:36:52 PM,SPXW,BLOCK,136,0.75,,CALL,7600,0,10200,7/6/2026,WHITE,0,5,F,INDEX,,F,T,0,0
7/1/2026,12:45:13 PM,SPXW,ML/,159,15.11,,CALL,7650,0,240248,7/15/2026,WHITE,0,14,F,INDEX,,F,T,0,0
7/1/2026,12:45:06 PM,SPXW,ML/,94,15.2,,CALL,7650,0,142880,7/15/2026,WHITE,0,14,F,INDEX,,F,T,0,0
7/1/2026,12:45:15 PM,SPXW,ML/,65,15.07,,CALL,7650,0,97955,7/15/2026,WHITE,0,14,F,INDEX,,F,T,0,0
7/1/2026,9:37:39 AM,SPXW,ML/,141,0.82,,PUT,7335,0,11561,7/1/2026,WHITE,0,0,F,INDEX,,F,T,0,0
7/1/2026,9:36:48 AM,SPXW,ML/,100,1.08,,PUT,7335,0,10800,7/1/2026,WHITE,0,0,F,INDEX,,F,T,0,0
7/1/2026,2:13:58 PM,SPXW,ML/,150,20.8,,CALL,7505,0,312000,7/2/2026,WHITE,0,1,F,INDEX,,F,T,0,0
7/1/2026,3:30:50 PM,SPXW,BLOCK,72,20.7,,CALL,7505,0,149040,7/2/2026,WHITE,0,1,F,INDEX,,F,T,0,0
7/1/2026,3:35:37 PM,SPXW,BLOCK,100,19.6,,CALL,7505,0,196000,7/2/2026,WHITE,0,1,F,INDEX,,F,T,0,0
7/1/2026,3:38:06 PM,SPXW,BLOCK,100,18.5,,CALL,7505,0,185000,7/2/2026,WHITE,0,1,F,INDEX,,F,T,0,0
7/1/2026,3:49:43 PM,SPXW,BLOCK,76,16.7,,CALL,7505,0,126920,7/2/2026,WHITE,0,1,F,INDEX,,F,T,0,0
7/1/2026,3:49:44 PM,SPXW,BLOCK,124,16.7,,CALL,7505,0,207079,7/2/2026,WHITE,0,1,F,INDEX,,F,T,0,0
7/1/2026,3:47:45 PM,SPXW,BLOCK,100,17.6,,CALL,7505,0,176000,7/2/2026,WHITE,0,1,F,INDEX,,F,T,0,0
7/1/2026,3:54:12 PM,SPXW,ML/,50,15.56,,CALL,7505,0,77800,7/2/2026,WHITE,0,1,F,INDEX,,F,T,0,0
7/1/2026,11:33:26 AM,SPXW,BLOCK,55,6.8,,CALL,7555,0,37400,7/2/2026,WHITE,0,1,F,INDEX,,F,T,0,0
7/1/2026,10:56:53 AM,SPXW,ML/,50,3.3,,CALL,7555,0,16500,7/2/2026,WHITE,0,1,F,INDEX,,F,T,0,0
7/1/2026,9:45:07 AM,SPXW,ML/,700,2.36,,CALL,7555,0,165200,7/2/2026,WHITE,0,1,F,INDEX,,F,T,0,0
7/1/2026,3:57:02 PM,SPXW,ML/,82,1.85,,CALL,7555,0,15170,7/2/2026,WHITE,0,1,F,INDEX,,F,T,0,0
7/1/2026,4:03:27 PM,SPXW,ML/,80,1.3,,CALL,7555,0,10400,7/2/2026,WHITE,0,1,F,INDEX,,F,T,0,0
7/1/2026,3:52:16 PM,SPXW,ML/,300,2.22,,CALL,7555,0,66600,7/2/2026,WHITE,0,1,F,INDEX,,F,T,0,0
7/1/2026,4:10:28 PM,SPXW,BLOCK,150,1.4,,CALL,7555,0,20999,7/2/2026,WHITE,0,1,F,INDEX,,F,T,0,0
7/1/2026,9:36:06 AM,SPXW,BLOCK,71,7.5,,PUT,7415,0,53250,7/1/2026,WHITE,0,0,F,INDEX,,F,T,0,0
7/1/2026,9:53:39 AM,SPXW,BLOCK,50,2.2,,PUT,7415,0,11000,7/1/2026,WHITE,0,0,F,INDEX,,F,T,0,0
7/1/2026,9:55:18 AM,SPXW,ML/,50,2.2,,PUT,7415,0,11000,7/1/2026,WHITE,0,0,F,INDEX,,F,T,0,0
7/1/2026,9:56:10 AM,SPXW,ML/,600,2.11,,PUT,7415,0,126600,7/1/2026,WHITE,0,0,F,INDEX,,F,T,0,0
7/1/2026,9:55:02 AM,SPXW,ML/,66,2.28,,PUT,7415,0,15047,7/1/2026,WHITE,0,0,F,INDEX,,F,T,0,0
7/1/2026,10:04:59 AM,SPXW,ML/,100,1.55,,PUT,7415,0,15500,7/1/2026,WHITE,0,0,F,INDEX,,F,T,0,0
7/1/2026,12:24:49 PM,SPXW,ML/,973,0.17,,PUT,7415,0,16541,7/1/2026,WHITE,0,0,F,INDEX,,F,T,0,0
7/1/2026,9:56:10 AM,SPXW,ML/,400,2.11,,PUT,7415,0,84400,7/1/2026,WHITE,0,0,F,INDEX,,F,T,0,0
7/1/2026,9:33:12 AM,SPXW,ML/,75,3.05,,PUT,7385,0,22875,7/1/2026,WHITE,0,0,F,INDEX,,F,T,0,0
7/1/2026,9:30:09 AM,SPXW,ML/,65,2.1,,PUT,7385,0,13650,7/1/2026,WHITE,0,0,F,INDEX,,F,T,0,0
7/1/2026,9:30:09 AM,SPXW,ML/,133,2.04,,PUT,7385,0,27132,7/1/2026,WHITE,0,0,F,INDEX,,F,T,0,0
7/1/2026,10:47:03 AM,SPXW,BLOCK,220,0.5,,PUT,7385,0,11000,7/1/2026,WHITE,0,0,F,INDEX,,F,T,0,0
7/1/2026,9:39:18 AM,SPXW,ML/,53,2.82,,PUT,7385,0,14945,7/1/2026,WHITE,0,0,F,INDEX,,F,T,0,0
7/1/2026,9:34:52 AM,SPXW,ML/,50,4.02,,PUT,7385,0,20099,7/1/2026,WHITE,0,0,F,INDEX,,F,T,0,0
7/1/2026,9:43:51 AM,SPXW,ML/,250,10.9,,PUT,7445,0,272500,7/1/2026,WHITE,0,0,F,INDEX,,F,T,0,0
7/1/2026,10:11:28 AM,SPXW,ML/,100,2.07,,PUT,7445,0,20699,7/1/2026,WHITE,0,0,F,INDEX,,F,T,0,0
7/1/2026,10:11:28 AM,SPXW,ML/,50,2.07,,PUT,7445,0,10350,7/1/2026,WHITE,0,0,F,INDEX,,F,T,0,0
7/1/2026,10:15:20 AM,SPXW,BLOCK,50,2,,PUT,7445,0,10000,7/1/2026,WHITE,0,0,F,INDEX,,F,T,0,0
7/1/2026,10:13:17 AM,SPXW,ML/,114,2.27,,PUT,7445,0,25878,7/1/2026,WHITE,0,0,F,INDEX,,F,T,0,0
7/1/2026,10:11:04 AM,SPXW,BLOCK,60,2.3,,PUT,7445,0,13800,7/1/2026,WHITE,0,0,F,INDEX,,F,T,0,0
7/1/2026,10:19:59 AM,SPXW,BLOCK,100,2,,PUT,7445,0,20000,7/1/2026,WHITE,0,0,F,INDEX,,F,T,0,0
7/1/2026,10:22:01 AM,SPXW,ML/,87,1.8,,PUT,7445,0,15660,7/1/2026,WHITE,0,0,F,INDEX,,F,T,0,0
7/1/2026,10:37:03 AM,SPXW,ML/,75,1.95,,PUT,7445,0,14625,7/1/2026,WHITE,0,0,F,INDEX,,F,T,0,0
7/1/2026,10:56:19 AM,SPXW,ML/,249,1.78,,PUT,7445,0,44322,7/1/2026,WHITE,0,0,F,INDEX,,F,T,0,0
7/1/2026,11:00:04 AM,SPXW,ML/,115,1.32,,PUT,7445,0,15180,7/1/2026,WHITE,0,0,F,INDEX,,F,T,0,0
7/1/2026,11:00:04 AM,SPXW,ML/,100,1.32,,PUT,7445,0,13200,7/1/2026,WHITE,0,0,F,INDEX,,F,T,0,0
7/1/2026,11:02:03 AM,SPXW,BLOCK,254,1.25,,PUT,7445,0,31750,7/1/2026,WHITE,0,0,F,INDEX,,F,T,0,0
7/1/2026,11:09:21 AM,SPXW,ML/,100,1.15,,PUT,7445,0,11499,7/1/2026,WHITE,0,0,F,INDEX,,F,T,0,0
7/1/2026,1:05:35 PM,SPXW,ML/,198,0.61,,PUT,7445,0,12078,7/1/2026,WHITE,0,0,F,INDEX,,F,T,0,0
7/1/2026,10:08:37 AM,SPXW,ML/,99,2.61,,PUT,7445,0,25839,7/1/2026,WHITE,0,0,F,INDEX,,F,T,0,0
7/1/2026,9:37:54 AM,SPXW,BLOCK,436,5.2,,CALL,7495,0,226719,7/1/2026,WHITE,0,0,F,INDEX,,F,T,0,0
7/1/2026,9:45:20 AM,SPXW,SWEEP,77,5.1,,CALL,7495,0,39270,7/1/2026,WHITE,0,0,F,INDEX,,F,T,0,0
7/1/2026,9:53:17 AM,SPXW,BLOCK,90,6.3,,CALL,7495,0,56700,7/1/2026,WHITE,0,0,F,INDEX,,F,T,0,0
7/1/2026,9:55:55 AM,SPXW,BLOCK,50,6.4,,CALL,7495,0,32000,7/1/2026,WHITE,0,0,F,INDEX,,F,T,0,0
7/1/2026,9:59:07 AM,SPXW,BLOCK,65,6.3,,CALL,7495,0,40950,7/1/2026,WHITE,0,0,F,INDEX,,F,T,0,0
7/1/2026,9:30:40 AM,SPXW,ML/,80,7.83,,CALL,7495,0,62640,7/1/2026,WHITE,0,0,F,INDEX,,F,T,0,0
7/1/2026,10:00:15 AM,SPXW,BLOCK,50,7.7,,CALL,7495,0,38500,7/1/2026,WHITE,0,0,F,INDEX,,F,T,0,0
7/1/2026,10:06:50 AM,SPXW,BLOCK,96,9.6,,CALL,7495,0,92160,7/1/2026,WHITE,0,0,F,INDEX,,F,T,0,0
7/1/2026,10:07:55 AM,SPXW,BLOCK,52,10.2,,CALL,7495,0,53040,7/1/2026,WHITE,0,0,F,INDEX,,F,T,0,0
7/1/2026,10:08:11 AM,SPXW,BLOCK,136,10.1,,CALL,7495,0,137360,7/1/2026,WHITE,0,0,F,INDEX,,F,T,0,0
7/1/2026,10:12:13 AM,SPXW,ML/,100,12.37,,CALL,7495,0,123700,7/1/2026,WHITE,0,0,F,INDEX,,F,T,0,0
7/1/2026,10:15:33 AM,SPXW,ML/,101,11.6,,CALL,7495,0,117159,7/1/2026,WHITE,0,0,F,INDEX,,F,T,0,0
7/1/2026,10:23:35 AM,SPXW,BLOCK,50,12.4,,CALL,7495,0,62000,7/1/2026,WHITE,0,0,F,INDEX,,F,T,0,0
7/1/2026,10:31:07 AM,SPXW,BLOCK,50,9.8,,CALL,7495,0,49000,7/1/2026,WHITE,0,0,F,INDEX,,F,T,0,0
7/1/2026,10:06:22 AM,SPXW,ML/,51,9.35,,CALL,7495,0,47685,7/1/2026,WHITE,0,0,F,INDEX,,F,T,0,0
7/1/2026,10:33:55 AM,SPXW,BLOCK,120,9.4,,CALL,7495,0,112800,7/1/2026,WHITE,0,0,F,INDEX,,F,T,0,0
7/1/2026,10:49:09 AM,SPXW,BLOCK,95,9.6,,CALL,7495,0,91200,7/1/2026,WHITE,0,0,F,INDEX,,F,T,0,0
7/1/2026,10:50:01 AM,SPXW,BLOCK,100,10.4,,CALL,7495,0,104000,7/1/2026,WHITE,0,0,F,INDEX,,F,T,0,0
7/1/2026,10:52:03 AM,SPXW,BLOCK,57,12,,CALL,7495,0,68400,7/1/2026,WHITE,0,0,F,INDEX,,F,T,0,0
7/1/2026,10:59:02 AM,SPXW,BLOCK,127,9.6,,CALL,7495,0,121919,7/1/2026,WHITE,0,0,F,INDEX,,F,T,0,0
7/1/2026,11:06:08 AM,SPXW,ML/,60,17.8,,CALL,7495,0,106800,7/1/2026,WHITE,0,0,F,INDEX,,F,T,0,0
7/1/2026,11:06:09 AM,SPXW,ML/,122,17.85,,CALL,7495,0,217770,7/1/2026,WHITE,0,0,F,INDEX,,F,T,0,0
7/1/2026,12:59:11 PM,SPXW,ML/,52,14.37,,CALL,7495,0,74724,7/1/2026,WHITE,0,0,F,INDEX,,F,T,0,0
7/1/2026,1:44:49 PM,SPXW,ML/,56,11.52,,CALL,7495,0,64512,7/1/2026,WHITE,0,0,F,INDEX,,F,T,0,0
7/1/2026,1:51:36 PM,SPXW,ML/,60,11.53,,CALL,7495,0,69180,7/1/2026,WHITE,0,0,F,INDEX,,F,T,0,0
7/1/2026,1:58:08 PM,SPXW,ML/,50,10,,CALL,7495,0,50000,7/1/2026,WHITE,0,0,F,INDEX,,F,T,0,0
7/1/2026,2:15:36 PM,SPXW,BLOCK,99,7,,CALL,7495,0,69300,7/1/2026,WHITE,0,0,F,INDEX,,F,T,0,0
7/1/2026,2:15:57 PM,SPXW,ML/,62,7.2,,CALL,7495,0,44640,7/1/2026,WHITE,0,0,F,INDEX,,F,T,0,0
7/1/2026,2:24:05 PM,SPXW,ML/,90,8.6,,CALL,7495,0,77400,7/1/2026,WHITE,0,0,F,INDEX,,F,T,0,0
7/1/2026,2:19:10 PM,SPXW,BLOCK,66,7.5,,CALL,7495,0,49500,7/1/2026,WHITE,0,0,F,INDEX,,F,T,0,0
7/1/2026,2:17:05 PM,SPXW,BLOCK,56,6.7,,CALL,7495,0,37520,7/1/2026,WHITE,0,0,F,INDEX,,F,T,0,0
7/1/2026,2:16:14 PM,SPXW,BLOCK,70,6.5,,CALL,7495,0,45500,7/1/2026,WHITE,0,0,F,INDEX,,F,T,0,0
7/1/2026,9:59:04 AM,SPXW,BLOCK,50,6.2,,CALL,7495,0,31000,7/1/2026,WHITE,0,0,F,INDEX,,F,T,0,0
7/1/2026,9:41:58 AM,SPXW,ML/,75,5.26,,CALL,7495,0,39450,7/1/2026,WHITE,0,0,F,INDEX,,F,T,0,0
7/1/2026,2:55:13 PM,SPXW,BLOCK,63,5,,CALL,7495,0,31500,7/1/2026,WHITE,0,0,F,INDEX,,F,T,0,0
7/1/2026,2:55:21 PM,SPXW,BLOCK,52,5,,CALL,7495,0,26000,7/1/2026,WHITE,0,0,F,INDEX,,F,T,0,0
7/1/2026,2:55:31 PM,SPXW,BLOCK,52,5,,CALL,7495,0,26000,7/1/2026,WHITE,0,0,F,INDEX,,F,T,0,0
7/1/2026,2:57:57 PM,SPXW,BLOCK,53,5.4,,CALL,7495,0,28620,7/1/2026,WHITE,0,0,F,INDEX,,F,T,0,0
7/1/2026,2:52:36 PM,SPXW,BLOCK,50,6.3,,CALL,7495,0,31500,7/1/2026,WHITE,0,0,F,INDEX,,F,T,0,0
7/1/2026,3:11:23 PM,SPXW,BLOCK,75,9.3,,CALL,7495,0,69750,7/1/2026,WHITE,0,0,F,INDEX,,F,T,0,0
7/1/2026,3:12:05 PM,SPXW,BLOCK,54,8.1,,CALL,7495,0,43740,7/1/2026,WHITE,0,0,F,INDEX,,F,T,0,0
7/1/2026,9:33:56 AM,SPXW,ML/,80,6.08,,CALL,7495,0,48640,7/1/2026,WHITE,0,0,F,INDEX,,F,T,0,0
7/1/2026,3:36:20 PM,SPXW,ML/,50,4.3,,CALL,7495,0,21500,7/1/2026,WHITE,0,0,F,INDEX,,F,T,0,0
7/1/2026,3:41:54 PM,SPXW,ML/,50,2.7,,CALL,7495,0,13500,7/1/2026,WHITE,0,0,F,INDEX,,F,T,0,0
7/1/2026,3:42:05 PM,SPXW,BLOCK,66,2.6,,CALL,7495,0,17160,7/1/2026,WHITE,0,0,F,INDEX,,F,T,0,0
7/1/2026,3:42:09 PM,SPXW,ML/,50,2.45,,CALL,7495,0,12250,7/1/2026,WHITE,0,0,F,INDEX,,F,T,0,0
7/1/2026,3:42:47 PM,SPXW,BLOCK,51,2.7,,CALL,7495,0,13770,7/1/2026,WHITE,0,0,F,INDEX,,F,T,0,0
7/1/2026,3:43:46 PM,SPXW,BLOCK,58,2.6,,CALL,7495,0,15080,7/1/2026,WHITE,0,0,F,INDEX,,F,T,0,0
7/1/2026,3:44:01 PM,SPXW,BLOCK,60,3,,CALL,7495,0,18000,7/1/2026,WHITE,0,0,F,INDEX,,F,T,0,0
7/1/2026,3:44:37 PM,SPXW,ML/,61,2.95,,CALL,7495,0,17995,7/1/2026,WHITE,0,0,F,INDEX,,F,T,0,0
7/1/2026,3:44:54 PM,SPXW,BLOCK,62,3.2,,CALL,7495,0,19840,7/1/2026,WHITE,0,0,F,INDEX,,F,T,0,0
7/1/2026,3:45:25 PM,SPXW,BLOCK,50,3,,CALL,7495,0,15000,7/1/2026,WHITE,0,0,F,INDEX,,F,T,0,0
7/1/2026,3:46:53 PM,SPXW,BLOCK,94,2.5,,CALL,7495,0,23500,7/1/2026,WHITE,0,0,F,INDEX,,F,T,0,0
7/1/2026,3:47:41 PM,SPXW,BLOCK,83,2.6,,CALL,7495,0,21580,7/1/2026,WHITE,0,0,F,INDEX,,F,T,0,0
7/1/2026,3:48:51 PM,SPXW,BLOCK,99,2,,CALL,7495,0,19800,7/1/2026,WHITE,0,0,F,INDEX,,F,T,0,0
7/1/2026,3:49:18 PM,SPXW,BLOCK,62,1.95,,CALL,7495,0,12090,7/1/2026,WHITE,0,0,F,INDEX,,F,T,0,0
7/1/2026,3:50:00 PM,SPXW,BLOCK,50,3,,CALL,7495,0,15000,7/1/2026,WHITE,0,0,F,INDEX,,F,T,0,0
7/1/2026,3:50:04 PM,SPXW,ML/,59,3.5,,CALL,7495,0,20650,7/1/2026,WHITE,0,0,F,INDEX,,F,T,0,0
7/1/2026,3:50:24 PM,SPXW,BLOCK,53,2,,CALL,7495,0,10600,7/1/2026,WHITE,0,0,F,INDEX,,F,T,0,0
7/1/2026,3:51:02 PM,SPXW,ML/,88,1.7,,CALL,7495,0,14960,7/1/2026,WHITE,0,0,F,INDEX,,F,T,0,0
7/1/2026,3:51:24 PM,SPXW,ML/,108,1.15,,CALL,7495,0,12419,7/1/2026,WHITE,0,0,F,INDEX,,F,T,0,0
7/1/2026,3:54:00 PM,SPXW,ML/,192,1.12,,CALL,7495,0,21504,7/1/2026,WHITE,0,0,F,INDEX,,F,T,0,0
7/1/2026,9:59:26 AM,SPXW,ML/,50,6.64,,CALL,7495,0,33200,7/1/2026,WHITE,0,0,F,INDEX,,F,T,0,0
7/1/2026,10:06:37 AM,SPXW,ML/,100,9.38,,CALL,7495,0,93800,7/1/2026,WHITE,0,0,F,INDEX,,F,T,0,0
7/1/2026,11:15:45 AM,SPXW,ML/,90,19.93,,CALL,7495,0,179370,7/1/2026,WHITE,0,0,F,INDEX,,F,T,0,0
7/1/2026,11:20:48 AM,SPXW,ML/,62,24.35,,CALL,7495,0,150970,7/1/2026,WHITE,0,0,F,INDEX,,F,T,0,0
7/1/2026,11:24:01 AM,SPXW,ML/,59,25.72,,CALL,7495,0,151748,7/1/2026,WHITE,0,0,F,INDEX,,F,T,0,0
7/1/2026,11:30:05 AM,SPXW,ML/,50,27.72,,CALL,7495,0,138600,7/1/2026,WHITE,0,0,F,INDEX,,F,T,0,0
7/1/2026,11:31:43 AM,SPXW,ML/,58,26.11,,CALL,7495,0,151438,7/1/2026,WHITE,0,0,F,INDEX,,F,T,0,0
7/1/2026,11:31:43 AM,SPXW,ML/,96,26.15,,CALL,7495,0,251039,7/1/2026,WHITE,0,0,F,INDEX,,F,T,0,0
7/1/2026,2:46:33 PM,SPXW,ML/,57,7.19,,CALL,7495,0,40983,7/1/2026,WHITE,0,0,F,INDEX,,F,T,0,0
7/1/2026,3:51:01 PM,SPXW,ML/,126,1.8,,CALL,7495,0,22680,7/1/2026,WHITE,0,0,F,INDEX,,F,T,0,0
7/1/2026,3:56:25 PM,SPXW,ML/,200,0.57,,CALL,7495,0,11399,7/1/2026,WHITE,0,0,F,INDEX,,F,T,0,0
7/1/2026,9:36:33 AM,SPXW,ML/,50,7.68,,CALL,7485,0,38400,7/1/2026,WHITE,0,0,F,INDEX,,F,T,0,0
7/1/2026,9:39:42 AM,SPXW,BLOCK,55,8,,CALL,7485,0,44000,7/1/2026,WHITE,0,0,F,INDEX,,F,T,0,0
7/1/2026,9:41:58 AM,SPXW,ML/,75,7.96,,CALL,7485,0,59700,7/1/2026,WHITE,0,0,F,INDEX,,F,T,0,0
7/1/2026,10:05:49 AM,SPXW,BLOCK,53,13.4,,CALL,7485,0,71020,7/1/2026,WHITE,0,0,F,INDEX,,F,T,0,0
7/1/2026,10:06:22 AM,SPXW,ML/,52,14.35,,CALL,7485,0,74620,7/1/2026,WHITE,0,0,F,INDEX,,F,T,0,0
7/1/2026,10:15:33 AM,SPXW,ML/,101,17.7,,CALL,7485,0,178770,7/1/2026,WHITE,0,0,F,INDEX,,F,T,0,0
7/1/2026,10:10:17 AM,SPXW,BLOCK,50,14.7,,CALL,7485,0,73500,7/1/2026,WHITE,0,0,F,INDEX,,F,T,0,0
7/1/2026,10:40:27 AM,SPXW,BLOCK,72,18.5,,CALL,7485,0,133200,7/1/2026,WHITE,0,0,F,INDEX,,F,T,0,0
7/1/2026,10:44:13 AM,SPXW,ML/,55,19.5,,CALL,7485,0,107250,7/1/2026,WHITE,0,0,F,INDEX,,F,T,0,0
7/1/2026,10:36:45 AM,SPXW,BLOCK,50,15.2,,CALL,7485,0,76000,7/1/2026,WHITE,0,0,F,INDEX,,F,T,0,0
7/1/2026,10:50:04 AM,SPXW,ML/,55,16.5,,CALL,7485,0,90750,7/1/2026,WHITE,0,0,F,INDEX,,F,T,0,0
7/1/2026,11:00:18 AM,SPXW,ML/,50,18.7,,CALL,7485,0,93499,7/1/2026,WHITE,0,0,F,INDEX,,F,T,0,0
7/1/2026,11:02:20 AM,SPXW,ML/,120,20.85,,CALL,7485,0,250200,7/1/2026,WHITE,0,0,F,INDEX,,F,T,0,0
7/1/2026,3:08:47 PM,SPXW,ML/,71,19,,CALL,7485,0,134900,7/1/2026,WHITE,0,0,F,INDEX,,F,T,0,0
7/1/2026,10:46:32 AM,SPXW,ML/,100,13.66,,CALL,7485,0,136600,7/1/2026,WHITE,0,0,F,INDEX,,F,T,0,0
7/1/2026,3:56:04 PM,SPXW,BLOCK,71,5.4,,CALL,7485,0,38340,7/1/2026,WHITE,0,0,F,INDEX,,F,T,0,0
7/1/2026,3:57:59 PM,SPXW,BLOCK,106,1.2,,CALL,7485,0,12720,7/1/2026,WHITE,0,0,F,INDEX,,F,T,0,0
7/1/2026,3:58:13 PM,SPXW,BLOCK,81,1.55,,CALL,7485,0,12555,7/1/2026,WHITE,0,0,F,INDEX,,F,T,0,0
7/1/2026,3:58:53 PM,SPXW,BLOCK,58,1.8,,CALL,7485,0,10440,7/1/2026,WHITE,0,0,F,INDEX,,F,T,0,0
7/1/2026,3:59:19 PM,SPXW,BLOCK,52,2.7,,CALL,7485,0,14040,7/1/2026,WHITE,0,0,F,INDEX,,F,T,0,0
7/1/2026,9:59:26 AM,SPXW,ML/,50,10.64,,CALL,7485,0,53200,7/1/2026,WHITE,0,0,F,INDEX,,F,T,0,0
7/1/2026,10:04:03 AM,SPXW,ML/,50,12.45,,CALL,7485,0,62250,7/1/2026,WHITE,0,0,F,INDEX,,F,T,0,0
7/1/2026,10:04:32 AM,SPXW,ML/,75,12.23,,CALL,7485,0,91725,7/1/2026,WHITE,0,0,F,INDEX,,F,T,0,0
7/1/2026,10:02:47 AM,SPXW,ML/,50,11.26,,CALL,7485,0,56300,7/1/2026,WHITE,0,0,F,INDEX,,F,T,0,0
7/1/2026,11:01:57 AM,SPXW,ML/,63,20.67,,CALL,7485,0,130221,7/1/2026,WHITE,0,0,F,INDEX,,F,T,0,0
7/1/2026,11:55:35 AM,SPXW,ML/,75,30.37,,CALL,7485,0,227775,7/1/2026,WHITE,0,0,F,INDEX,,F,T,0,0
7/1/2026,3:57:06 PM,SPXW,ML/,50,3.02,,CALL,7485,0,15100,7/1/2026,WHITE,0,0,F,INDEX,,F,T,0,0
7/1/2026,9:36:12 AM,SPXW,ML/,78,2.15,,CALL,7515,0,16770,7/1/2026,WHITE,0,0,F,INDEX,,F,T,0,0
7/1/2026,10:00:47 AM,SPXW,ML/,70,2.53,,CALL,7515,0,17709,7/1/2026,WHITE,0,0,F,INDEX,,F,T,0,0
7/1/2026,10:02:34 AM,SPXW,BLOCK,50,2.3,,CALL,7515,0,11499,7/1/2026,WHITE,0,0,F,INDEX,,F,T,0,0
7/1/2026,10:03:58 AM,SPXW,ML/,63,2.63,,CALL,7515,0,16569,7/1/2026,WHITE,0,0,F,INDEX,,F,T,0,0
7/1/2026,10:07:26 AM,SPXW,BLOCK,96,3.2,,CALL,7515,0,30720,7/1/2026,WHITE,0,0,F,INDEX,,F,T,0,0
7/1/2026,10:08:38 AM,SPXW,BLOCK,67,3.3,,CALL,7515,0,22110,7/1/2026,WHITE,0,0,F,INDEX,,F,T,0,0
7/1/2026,10:14:06 AM,SPXW,BLOCK,150,4.2,,CALL,7515,0,63000,7/1/2026,WHITE,0,0,F,INDEX,,F,T,0,0
7/1/2026,10:16:30 AM,SPXW,BLOCK,54,3.5,,CALL,7515,0,18900,7/1/2026,WHITE,0,0,F,INDEX,,F,T,0,0
7/1/2026,10:10:32 AM,SPXW,BLOCK,80,3.3,,CALL,7515,0,26400,7/1/2026,WHITE,0,0,F,INDEX,,F,T,0,0
7/1/2026,10:17:12 AM,SPXW,BLOCK,50,3.6,,CALL,7515,0,18000,7/1/2026,WHITE,0,0,F,INDEX,,F,T,0,0
7/1/2026,10:19:51 AM,SPXW,ML/,99,3.87,,CALL,7515,0,38313,7/1/2026,WHITE,0,0,F,INDEX,,F,T,0,0
7/1/2026,10:31:02 AM,SPXW,BLOCK,150,2.85,,CALL,7515,0,42750,7/1/2026,WHITE,0,0,F,INDEX,,F,T,0,0
7/1/2026,10:31:19 AM,SPXW,ML/,93,2.92,,CALL,7515,0,27156,7/1/2026,WHITE,0,0,F,INDEX,,F,T,0,0
7/1/2026,10:31:46 AM,SPXW,ML/,125,2.92,,CALL,7515,0,36500,7/1/2026,WHITE,0,0,F,INDEX,,F,T,0,0
7/1/2026,10:05:43 AM,SPXW,ML/,60,2.83,,CALL,7515,0,16980,7/1/2026,WHITE,0,0,F,INDEX,,F,T,0,0
7/1/2026,10:45:07 AM,SPXW,ML/,53,2.95,,CALL,7515,0,15635,7/1/2026,WHITE,0,0,F,INDEX,,F,T,0,0
7/1/2026,10:50:15 AM,SPXW,BLOCK,50,3.4,,CALL,7515,0,17000,7/1/2026,WHITE,0,0,F,INDEX,,F,T,0,0
7/1/2026,10:51:39 AM,SPXW,BLOCK,50,4,,CALL,7515,0,20000,7/1/2026,WHITE,0,0,F,INDEX,,F,T,0,0
7/1/2026,11:01:29 AM,SPXW,BLOCK,69,3.7,,CALL,7515,0,25530,7/1/2026,WHITE,0,0,F,INDEX,,F,T,0,0
7/1/2026,11:03:13 AM,SPXW,BLOCK,70,5,,CALL,7515,0,35000,7/1/2026,WHITE,0,0,F,INDEX,,F,T,0,0
7/1/2026,11:04:55 AM,SPXW,ML/,52,5.75,,CALL,7515,0,29900,7/1/2026,WHITE,0,0,F,INDEX,,F,T,0,0
7/1/2026,11:05:31 AM,SPXW,BLOCK,67,6.6,,CALL,7515,0,44220,7/1/2026,WHITE,0,0,F,INDEX,,F,T,0,0
7/1/2026,11:08:38 AM,SPXW,BLOCK,50,5.7,,CALL,7515,0,28500,7/1/2026,WHITE,0,0,F,INDEX,,F,T,0,0
7/1/2026,11:10:16 AM,SPXW,BLOCK,61,5.4,,CALL,7515,0,32940,7/1/2026,WHITE,0,0,F,INDEX,,F,T,0,0
7/1/2026,11:15:33 AM,SPXW,BLOCK,164,7.6,,CALL,7515,0,124639,7/1/2026,WHITE,0,0,F,INDEX,,F,T,0,0
7/1/2026,11:15:19 AM,SPXW,ML/,200,7.72,,CALL,7515,0,154400,7/1/2026,WHITE,0,0,F,INDEX,,F,T,0,0
7/1/2026,11:20:47 AM,SPXW,BLOCK,76,9.9,,CALL,7515,0,75240,7/1/2026,WHITE,0,0,F,INDEX,,F,T,0,0
7/1/2026,11:20:47 AM,SPXW,ML/,243,10,,CALL,7515,0,243000,7/1/2026,WHITE,0,0,F,INDEX,,F,T,0,0
7/1/2026,11:22:32 AM,SPXW,BLOCK,60,11,,CALL,7515,0,66000,7/1/2026,WHITE,0,0,F,INDEX,,F,T,0,0
7/1/2026,11:34:46 AM,SPXW,BLOCK,53,9.5,,CALL,7515,0,50350,7/1/2026,WHITE,0,0,F,INDEX,,F,T,0,0
7/1/2026,11:40:32 AM,SPXW,ML/,50,8.4,,CALL,7515,0,42000,7/1/2026,WHITE,0,0,F,INDEX,,F,T,0,0
7/1/2026,11:44:13 AM,SPXW,BLOCK,54,9.3,,CALL,7515,0,50220,7/1/2026,WHITE,0,0,F,INDEX,,F,T,0,0
7/1/2026,11:44:22 AM,SPXW,BLOCK,55,9,,CALL,7515,0,49500,7/1/2026,WHITE,0,0,F,INDEX,,F,T,0,0
7/1/2026,11:44:50 AM,SPXW,BLOCK,50,9.4,,CALL,7515,0,47000,7/1/2026,WHITE,0,0,F,INDEX,,F,T,0,0
7/1/2026,11:50:16 AM,SPXW,SWEEP,100,7.9,,CALL,7515,0,79000,7/1/2026,WHITE,0,0,F,INDEX,,F,T,0,0
7/1/2026,11:56:56 AM,SPXW,BLOCK,102,7.6,,CALL,7515,0,77520,7/1/2026,WHITE,0,0,F,INDEX,,F,T,0,0
7/1/2026,11:58:16 AM,SPXW,BLOCK,83,8.8,,CALL,7515,0,73040,7/1/2026,WHITE,0,0,F,INDEX,,F,T,0,0
7/1/2026,12:00:05 PM,SPXW,BLOCK,99,8.9,,CALL,7515,0,88110,7/1/2026,WHITE,0,0,F,INDEX,,F,T,0,0
7/1/2026,12:01:10 PM,SPXW,BLOCK,100,8.9,,CALL,7515,0,89000,7/1/2026,WHITE,0,0,F,INDEX,,F,T,0,0
7/1/2026,12:02:48 PM,SPXW,BLOCK,50,9.9,,CALL,7515,0,49500,7/1/2026,WHITE,0,0,F,INDEX,,F,T,0,0
7/1/2026,12:03:04 PM,SPXW,BLOCK,151,9.9,,CALL,7515,0,149490,7/1/2026,WHITE,0,0,F,INDEX,,F,T,0,0
7/1/2026,12:06:46 PM,SPXW,BLOCK,73,9.4,,CALL,7515,0,68620,7/1/2026,WHITE,0,0,F,INDEX,,F,T,0,0
7/1/2026,12:07:03 PM,SPXW,BLOCK,74,9.6,,CALL,7515,0,71040,7/1/2026,WHITE,0,0,F,INDEX,,F,T,0,0
7/1/2026,12:08:43 PM,SPXW,ML/,110,9.9,,CALL,7515,0,108900,7/1/2026,WHITE,0,0,F,INDEX,,F,T,0,0
7/1/2026,12:10:47 PM,SPXW,BLOCK,59,8.4,,CALL,7515,0,49560,7/1/2026,WHITE,0,0,F,INDEX,,F,T,0,0
7/1/2026,12:12:51 PM,SPXW,BLOCK,100,9.9,,CALL,7515,0,99000,7/1/2026,WHITE,0,0,F,INDEX,,F,T,0,0
7/1/2026,12:14:49 PM,SPXW,ML/,100,9.84,,CALL,7515,0,98400,7/1/2026,WHITE,0,0,F,INDEX,,F,T,0,0
7/1/2026,12:18:12 PM,SPXW,SWEEP,74,9.1,,CALL,7515,0,67340,7/1/2026,WHITE,0,0,F,INDEX,,F,T,0,0
7/1/2026,12:18:52 PM,SPXW,BLOCK,95,9.2,,CALL,7515,0,87399,7/1/2026,WHITE,0,0,F,INDEX,,F,T,0,0
7/1/2026,12:19:36 PM,SPXW,BLOCK,91,9.4,,CALL,7515,0,85540,7/1/2026,WHITE,0,0,F,INDEX,,F,T,0,0
7/1/2026,12:20:20 PM,SPXW,BLOCK,76,9.7,,CALL,7515,0,73720,7/1/2026,WHITE,0,0,F,INDEX,,F,T,0,0
7/1/2026,12:21:41 PM,SPXW,BLOCK,55,9.4,,CALL,7515,0,51700,7/1/2026,WHITE,0,0,F,INDEX,,F,T,0,0
7/1/2026,12:26:43 PM,SPXW,BLOCK,101,10.5,,CALL,7515,0,106050,7/1/2026,WHITE,0,0,F,INDEX,,F,T,0,0
7/1/2026,12:36:05 PM,SPXW,SWEEP,56,8.2,,CALL,7515,0,45920,7/1/2026,WHITE,0,0,F,INDEX,,F,T,0,0
7/1/2026,12:36:06 PM,SPXW,BLOCK,63,8.1,,CALL,7515,0,51029,7/1/2026,WHITE,0,0,F,INDEX,,F,T,0,0
7/1/2026,12:36:04 PM,SPXW,BLOCK,53,8,,CALL,7515,0,42400,7/1/2026,WHITE,0,0,F,INDEX,,F,T,0,0
7/1/2026,12:37:06 PM,SPXW,ML/,58,8.02,,CALL,7515,0,46516,7/1/2026,WHITE,0,0,F,INDEX,,F,T,0,0
7/1/2026,12:50:59 PM,SPXW,BLOCK,66,6.3,,CALL,7515,0,41580,7/1/2026,WHITE,0,0,F,INDEX,,F,T,0,0
7/1/2026,12:51:56 PM,SPXW,BLOCK,52,5.3,,CALL,7515,0,27559,7/1/2026,WHITE,0,0,F,INDEX,,F,T,0,0
7/1/2026,11:10:13 AM,SPXW,ML/,50,5.57,,CALL,7515,0,27850,7/1/2026,WHITE,0,0,F,INDEX,,F,T,0,0
7/1/2026,12:53:09 PM,SPXW,BLOCK,51,4.5,,CALL,7515,0,22950,7/1/2026,WHITE,0,0,F,INDEX,,F,T,0,0
7/1/2026,12:54:18 PM,SPXW,BLOCK,50,4.6,,CALL,7515,0,23000,7/1/2026,WHITE,0,0,F,INDEX,,F,T,0,0
7/1/2026,12:54:47 PM,SPXW,BLOCK,69,4.5,,CALL,7515,0,31050,7/1/2026,WHITE,0,0,F,INDEX,,F,T,0,0
7/1/2026,12:58:35 PM,SPXW,ML/,90,4.1,,CALL,7515,0,36899,7/1/2026,WHITE,0,0,F,INDEX,,F,T,0,0
7/1/2026,12:59:24 PM,SPXW,ML/,50,3.45,,CALL,7515,0,17250,7/1/2026,WHITE,0,0,F,INDEX,,F,T,0,0
7/1/2026,1:00:50 PM,SPXW,BLOCK,114,4,,CALL,7515,0,45600,7/1/2026,WHITE,0,0,F,INDEX,,F,T,0,0
7/1/2026,1:01:27 PM,SPXW,BLOCK,85,3.9,,CALL,7515,0,33150,7/1/2026,WHITE,0,0,F,INDEX,,F,T,0,0
7/1/2026,1:03:06 PM,SPXW,ML/,66,3.52,,CALL,7515,0,23232,7/1/2026,WHITE,0,0,F,INDEX,,F,T,0,0
7/1/2026,1:05:03 PM,SPXW,BLOCK,119,3.1,,CALL,7515,0,36890,7/1/2026,WHITE,0,0,F,INDEX,,F,T,0,0
7/1/2026,1:05:07 PM,SPXW,BLOCK,54,3,,CALL,7515,0,16200,7/1/2026,WHITE,0,0,F,INDEX,,F,T,0,0
7/1/2026,1:06:28 PM,SPXW,ML/,64,2.5,,CALL,7515,0,16000,7/1/2026,WHITE,0,0,F,INDEX,,F,T,0,0
7/1/2026,1:06:56 PM,SPXW,BLOCK,50,2.7,,CALL,7515,0,13500,7/1/2026,WHITE,0,0,F,INDEX,,F,T,0,0
7/1/2026,1:08:59 PM,SPXW,BLOCK,148,2.85,,CALL,7515,0,42180,7/1/2026,WHITE,0,0,F,INDEX,,F,T,0,0
7/1/2026,1:13:06 PM,SPXW,BLOCK,60,3.5,,CALL,7515,0,21000,7/1/2026,WHITE,0,0,F,INDEX,,F,T,0,0
7/1/2026,1:14:29 PM,SPXW,ML/,85,3.46,,CALL,7515,0,29410,7/1/2026,WHITE,0,0,F,INDEX,,F,T,0,0
7/1/2026,1:16:53 PM,SPXW,BLOCK,87,3.5,,CALL,7515,0,30450,7/1/2026,WHITE,0,0,F,INDEX,,F,T,0,0
7/1/2026,1:19:25 PM,SPXW,BLOCK,105,4,,CALL,7515,0,42000,7/1/2026,WHITE,0,0,F,INDEX,,F,T,0,0
7/1/2026,1:20:08 PM,SPXW,BLOCK,103,4.2,,CALL,7515,0,43260,7/1/2026,WHITE,0,0,F,INDEX,,F,T,0,0
7/1/2026,1:20:45 PM,SPXW,BLOCK,53,4.1,,CALL,7515,0,21730,7/1/2026,WHITE,0,0,F,INDEX,,F,T,0,0
7/1/2026,1:24:26 PM,SPXW,ML/,53,4.2,,CALL,7515,0,22260,7/1/2026,WHITE,0,0,F,INDEX,,F,T,0,0
7/1/2026,1:32:10 PM,SPXW,BLOCK,54,3.5,,CALL,7515,0,18900,7/1/2026,WHITE,0,0,F,INDEX,,F,T,0,0
7/1/2026,1:32:38 PM,SPXW,SWEEP,70,2.7,,CALL,7515,0,18900,7/1/2026,WHITE,0,0,F,INDEX,,F,T,0,0
7/1/2026,1:33:17 PM,SPXW,ML/,70,2.67,,CALL,7515,0,18689,7/1/2026,WHITE,0,0,F,INDEX,,F,T,0,0
7/1/2026,1:43:04 PM,SPXW,BLOCK,59,2,,CALL,7515,0,11800,7/1/2026,WHITE,0,0,F,INDEX,,F,T,0,0
7/1/2026,1:42:58 PM,SPXW,ML/,200,2.22,,CALL,7515,0,44400,7/1/2026,WHITE,0,0,F,INDEX,,F,T,0,0
7/1/2026,1:45:31 PM,SPXW,BLOCK,76,1.85,,CALL,7515,0,14060,7/1/2026,WHITE,0,0,F,INDEX,,F,T,0,0
7/1/2026,1:47:36 PM,SPXW,BLOCK,73,1.7,,CALL,7515,0,12410,7/1/2026,WHITE,0,0,F,INDEX,,F,T,0,0
7/1/2026,1:49:40 PM,SPXW,BLOCK,105,1.7,,CALL,7515,0,17850,7/1/2026,WHITE,0,0,F,INDEX,,F,T,0,0
7/1/2026,1:50:41 PM,SPXW,BLOCK,72,1.75,,CALL,7515,0,12600,7/1/2026,WHITE,0,0,F,INDEX,,F,T,0,0
7/1/2026,1:50:52 PM,SPXW,BLOCK,100,1.75,,CALL,7515,0,17500,7/1/2026,WHITE,0,0,F,INDEX,,F,T,0,0
7/1/2026,1:52:23 PM,SPXW,ML/,70,1.47,,CALL,7515,0,10290,7/1/2026,WHITE,0,0,F,INDEX,,F,T,0,0
7/1/2026,1:53:51 PM,SPXW,BLOCK,69,1.9,,CALL,7515,0,13110,7/1/2026,WHITE,0,0,F,INDEX,,F,T,0,0
7/1/2026,2:01:06 PM,SPXW,BLOCK,100,1.6,,CALL,7515,0,16000,7/1/2026,WHITE,0,0,F,INDEX,,F,T,0,0
7/1/2026,2:08:32 PM,SPXW,BLOCK,95,1.55,,CALL,7515,0,14725,7/1/2026,WHITE,0,0,F,INDEX,,F,T,0,0
7/1/2026,2:09:26 PM,SPXW,BLOCK,83,1.45,,CALL,7515,0,12035,7/1/2026,WHITE,0,0,F,INDEX,,F,T,0,0
7/1/2026,2:09:56 PM,SPXW,BLOCK,79,1.5,,CALL,7515,0,11850,7/1/2026,WHITE,0,0,F,INDEX,,F,T,0,0
7/1/2026,2:10:28 PM,SPXW,BLOCK,100,1.35,,CALL,7515,0,13500,7/1/2026,WHITE,0,0,F,INDEX,,F,T,0,0
7/1/2026,2:12:40 PM,SPXW,BLOCK,100,1.2,,CALL,7515,0,12000,7/1/2026,WHITE,0,0,F,INDEX,,F,T,0,0
7/1/2026,2:14:46 PM,SPXW,BLOCK,100,1,,CALL,7515,0,10000,7/1/2026,WHITE,0,0,F,INDEX,,F,T,0,0
7/1/2026,2:25:06 PM,SPXW,BLOCK,104,1.3,,CALL,7515,0,13520,7/1/2026,WHITE,0,0,F,INDEX,,F,T,0,0
7/1/2026,2:26:05 PM,SPXW,BLOCK,100,1.05,,CALL,7515,0,10500,7/1/2026,WHITE,0,0,F,INDEX,,F,T,0,0
7/1/2026,2:27:05 PM,SPXW,BLOCK,125,1,,CALL,7515,0,12500,7/1/2026,WHITE,0,0,F,INDEX,,F,T,0,0
7/1/2026,2:15:55 PM,SPXW,ML/,189,0.67,,CALL,7515,0,12663,7/1/2026,WHITE,0,0,F,INDEX,,F,T,0,0
7/1/2026,1:42:14 PM,SPXW,ML/,50,2.42,,CALL,7515,0,12099,7/1/2026,WHITE,0,0,F,INDEX,,F,T,0,0
7/1/2026,12:42:48 PM,SPXW,ML/,78,6.13,,CALL,7515,0,47814,7/1/2026,WHITE,0,0,F,INDEX,,F,T,0,0
7/1/2026,11:13:31 AM,SPXW,ML/,50,6.38,,CALL,7515,0,31900,7/1/2026,WHITE,0,0,F,INDEX,,F,T,0,0
7/1/2026,12:40:40 PM,SPXW,ML/,74,7.07,,CALL,7515,0,52318,7/1/2026,WHITE,0,0,F,INDEX,,F,T,0,0
7/1/2026,12:29:37 PM,SPXW,ML/,87,9.23,,CALL,7515,0,80301,7/1/2026,WHITE,0,0,F,INDEX,,F,T,0,0
7/1/2026,12:23:50 PM,SPXW,ML/,50,10.89,,CALL,7515,0,54450,7/1/2026,WHITE,0,0,F,INDEX,,F,T,0,0
7/1/2026,12:24:05 PM,SPXW,ML/,68,11.12,,CALL,7515,0,75616,7/1/2026,WHITE,0,0,F,INDEX,,F,T,0,0
7/1/2026,9:30:17 AM,SPXW,BLOCK,50,5.8,,CALL,7505,0,29000,7/1/2026,WHITE,0,0,F,INDEX,,F,T,0,0
7/1/2026,9:36:15 AM,SPXW,BLOCK,133,3.2,,CALL,7505,0,42560,7/1/2026,WHITE,0,0,F,INDEX,,F,T,0,0
7/1/2026,9:36:55 AM,SPXW,BLOCK,102,3.1,,CALL,7505,0,31620,7/1/2026,WHITE,0,0,F,INDEX,,F,T,0,0
7/1/2026,9:36:12 AM,SPXW,ML/,78,3.41,,CALL,7505,0,26598,7/1/2026,WHITE,0,0,F,INDEX,,F,T,0,0
7/1/2026,9:44:38 AM,SPXW,BLOCK,129,3,,CALL,7505,0,38700,7/1/2026,WHITE,0,0,F,INDEX,,F,T,0,0
7/1/2026,9:48:22 AM,SPXW,BLOCK,205,3.4,,CALL,7505,0,69700,7/1/2026,WHITE,0,0,F,INDEX,,F,T,0,0
7/1/2026,9:50:51 AM,SPXW,BLOCK,200,3.4,,CALL,7505,0,68000,7/1/2026,WHITE,0,0,F,INDEX,,F,T,0,0
7/1/2026,9:51:30 AM,SPXW,BLOCK,200,3.5,,CALL,7505,0,70000,7/1/2026,WHITE,0,0,F,INDEX,,F,T,0,0
7/1/2026,9:51:01 AM,SPXW,ML/,76,3.48,,CALL,7505,0,26447,7/1/2026,WHITE,0,0,F,INDEX,,F,T,0,0
7/1/2026,9:37:09 AM,SPXW,ML/,69,3.85,,CALL,7505,0,26565,7/1/2026,WHITE,0,0,F,INDEX,,F,T,0,0
7/1/2026,10:13:41 AM,SPXW,BLOCK,51,7.1,,CALL,7505,0,36210,7/1/2026,WHITE,0,0,F,INDEX,,F,T,0,0
7/1/2026,10:13:09 AM,SPXW,ML/,50,6.75,,CALL,7505,0,33750,7/1/2026,WHITE,0,0,F,INDEX,,F,T,0,0
7/1/2026,10:20:01 AM,SPXW,BLOCK,51,6.8,,CALL,7505,0,34679,7/1/2026,WHITE,0,0,F,INDEX,,F,T,0,0
7/1/2026,10:25:37 AM,SPXW,ML/,50,6.87,,CALL,7505,0,34350,7/1/2026,WHITE,0,0,F,INDEX,,F,T,0,0
7/1/2026,9:30:13 AM,SPXW,ML/,75,4.92,,CALL,7505,0,36900,7/1/2026,WHITE,0,0,F,INDEX,,F,T,0,0
7/1/2026,10:39:12 AM,SPXW,BLOCK,75,7,,CALL,7505,0,52500,7/1/2026,WHITE,0,0,F,INDEX,,F,T,0,0
7/1/2026,10:52:39 AM,SPXW,ML/,100,7.27,,CALL,7505,0,72700,7/1/2026,WHITE,0,0,F,INDEX,,F,T,0,0
7/1/2026,11:07:00 AM,SPXW,ML/,100,11.43,,CALL,7505,0,114300,7/1/2026,WHITE,0,0,F,INDEX,,F,T,0,0
7/1/2026,11:08:59 AM,SPXW,BLOCK,51,9.7,,CALL,7505,0,49469,7/1/2026,WHITE,0,0,F,INDEX,,F,T,0,0
7/1/2026,11:24:29 AM,SPXW,BLOCK,50,17,,CALL,7505,0,85000,7/1/2026,WHITE,0,0,F,INDEX,,F,T,0,0
7/1/2026,11:48:40 AM,SPXW,ML/,93,15.2,,CALL,7505,0,141360,7/1/2026,WHITE,0,0,F,INDEX,,F,T,0,0
7/1/2026,12:02:52 PM,SPXW,BLOCK,51,16.7,,CALL,7505,0,85170,7/1/2026,WHITE,0,0,F,INDEX,,F,T,0,0
7/1/2026,12:04:37 PM,SPXW,BLOCK,58,15.6,,CALL,7505,0,90480,7/1/2026,WHITE,0,0,F,INDEX,,F,T,0,0
7/1/2026,12:06:50 PM,SPXW,BLOCK,50,16.2,,CALL,7505,0,81000,7/1/2026,WHITE,0,0,F,INDEX,,F,T,0,0
7/1/2026,12:54:42 PM,SPXW,SWEEP,55,10,,CALL,7505,0,55000,7/1/2026,WHITE,0,0,F,INDEX,,F,T,0,0
7/1/2026,1:00:45 PM,SPXW,BLOCK,72,8.8,,CALL,7505,0,63360,7/1/2026,WHITE,0,0,F,INDEX,,F,T,0,0
7/1/2026,1:00:59 PM,SPXW,BLOCK,52,8.5,,CALL,7505,0,44200,7/1/2026,WHITE,0,0,F,INDEX,,F,T,0,0
7/1/2026,1:00:42 PM,SPXW,BLOCK,77,9,,CALL,7505,0,69300,7/1/2026,WHITE,0,0,F,INDEX,,F,T,0,0
7/1/2026,12:59:02 PM,SPXW,ML/,75,7.95,,CALL,7505,0,59625,7/1/2026,WHITE,0,0,F,INDEX,,F,T,0,0
7/1/2026,1:03:25 PM,SPXW,BLOCK,74,7.5,,CALL,7505,0,55500,7/1/2026,WHITE,0,0,F,INDEX,,F,T,0,0
7/1/2026,1:04:29 PM,SPXW,SWEEP,92,7.4,,CALL,7505,0,68080,7/1/2026,WHITE,0,0,F,INDEX,,F,T,0,0
7/1/2026,1:05:45 PM,SPXW,BLOCK,50,6.6,,CALL,7505,0,33000,7/1/2026,WHITE,0,0,F,INDEX,,F,T,0,0
7/1/2026,1:06:45 PM,SPXW,BLOCK,84,6,,CALL,7505,0,50400,7/1/2026,WHITE,0,0,F,INDEX,,F,T,0,0
7/1/2026,1:05:18 PM,SPXW,BLOCK,53,7,,CALL,7505,0,37100,7/1/2026,WHITE,0,0,F,INDEX,,F,T,0,0
7/1/2026,1:09:47 PM,SPXW,BLOCK,100,7.2,,CALL,7505,0,72000,7/1/2026,WHITE,0,0,F,INDEX,,F,T,0,0
7/1/2026,1:11:27 PM,SPXW,BLOCK,53,6.5,,CALL,7505,0,34450,7/1/2026,WHITE,0,0,F,INDEX,,F,T,0,0
7/1/2026,1:04:43 PM,SPXW,BLOCK,100,7.5,,CALL,7505,0,75000,7/1/2026,WHITE,0,0,F,INDEX,,F,T,0,0
7/1/2026,1:12:56 PM,SPXW,BLOCK,79,7.6,,CALL,7505,0,60040,7/1/2026,WHITE,0,0,F,INDEX,,F,T,0,0
7/1/2026,1:15:56 PM,SPXW,BLOCK,75,7.8,,CALL,7505,0,58500,7/1/2026,WHITE,0,0,F,INDEX,,F,T,0,0
7/1/2026,1:20:09 PM,SPXW,ML/,57,9.7,,CALL,7505,0,55290,7/1/2026,WHITE,0,0,F,INDEX,,F,T,0,0
7/1/2026,1:20:09 PM,SPXW,SWEEP,52,9.7,,CALL,7505,0,50440,7/1/2026,WHITE,0,0,F,INDEX,,F,T,0,0
7/1/2026,1:20:09 PM,SPXW,SWEEP,61,9.6,,CALL,7505,0,58560,7/1/2026,WHITE,0,0,F,INDEX,,F,T,0,0
7/1/2026,1:24:22 PM,SPXW,BLOCK,52,9.1,,CALL,7505,0,47320,7/1/2026,WHITE,0,0,F,INDEX,,F,T,0,0
7/1/2026,1:29:24 PM,SPXW,BLOCK,101,7.9,,CALL,7505,0,79790,7/1/2026,WHITE,0,0,F,INDEX,,F,T,0,0
7/1/2026,1:29:25 PM,SPXW,BLOCK,92,7.9,,CALL,7505,0,72680,7/1/2026,WHITE,0,0,F,INDEX,,F,T,0,0
7/1/2026,1:29:24 PM,SPXW,BLOCK,88,8,,CALL,7505,0,70400,7/1/2026,WHITE,0,0,F,INDEX,,F,T,0,0
7/1/2026,1:32:40 PM,SPXW,BLOCK,53,6.8,,CALL,7505,0,36040,7/1/2026,WHITE,0,0,F,INDEX,,F,T,0,0
7/1/2026,1:33:47 PM,SPXW,BLOCK,80,7.4,,CALL,7505,0,59200,7/1/2026,WHITE,0,0,F,INDEX,,F,T,0,0
7/1/2026,1:33:33 PM,SPXW,BLOCK,100,7.1,,CALL,7505,0,71000,7/1/2026,WHITE,0,0,F,INDEX,,F,T,0,0
7/1/2026,1:34:47 PM,SPXW,BLOCK,54,7,,CALL,7505,0,37800,7/1/2026,WHITE,0,0,F,INDEX,,F,T,0,0
7/1/2026,1:43:00 PM,SPXW,BLOCK,50,6,,CALL,7505,0,30000,7/1/2026,WHITE,0,0,F,INDEX,,F,T,0,0
7/1/2026,1:43:29 PM,SPXW,BLOCK,94,6.1,,CALL,7505,0,57340,7/1/2026,WHITE,0,0,F,INDEX,,F,T,0,0
7/1/2026,1:43:38 PM,SPXW,BLOCK,65,6.1,,CALL,7505,0,39650,7/1/2026,WHITE,0,0,F,INDEX,,F,T,0,0
7/1/2026,1:43:46 PM,SPXW,BLOCK,55,6.1,,CALL,7505,0,33549,7/1/2026,WHITE,0,0,F,INDEX,,F,T,0,0
7/1/2026,1:44:49 PM,SPXW,ML/,56,5.25,,CALL,7505,0,29400,7/1/2026,WHITE,0,0,F,INDEX,,F,T,0,0
7/1/2026,10:34:13 AM,SPXW,ML/,90,4.75,,CALL,7505,0,42750,7/1/2026,WHITE,0,0,F,INDEX,,F,T,0,0
7/1/2026,1:50:41 PM,SPXW,BLOCK,111,5,,CALL,7505,0,55500,7/1/2026,WHITE,0,0,F,INDEX,,F,T,0,0
7/1/2026,1:51:02 PM,SPXW,BLOCK,50,5.4,,CALL,7505,0,27000,7/1/2026,WHITE,0,0,F,INDEX,,F,T,0,0
7/1/2026,1:52:24 PM,SPXW,BLOCK,60,4.3,,CALL,7505,0,25800,7/1/2026,WHITE,0,0,F,INDEX,,F,T,0,0
7/1/2026,1:52:47 PM,SPXW,BLOCK,50,4.4,,CALL,7505,0,22000,7/1/2026,WHITE,0,0,F,INDEX,,F,T,0,0
7/1/2026,1:53:34 PM,SPXW,BLOCK,65,5.3,,CALL,7505,0,34450,7/1/2026,WHITE,0,0,F,INDEX,,F,T,0,0
7/1/2026,1:54:06 PM,SPXW,BLOCK,116,5.5,,CALL,7505,0,63800,7/1/2026,WHITE,0,0,F,INDEX,,F,T,0,0
7/1/2026,1:54:15 PM,SPXW,BLOCK,64,5.6,,CALL,7505,0,35840,7/1/2026,WHITE,0,0,F,INDEX,,F,T,0,0
7/1/2026,2:00:04 PM,SPXW,BLOCK,169,3.5,,CALL,7505,0,59150,7/1/2026,WHITE,0,0,F,INDEX,,F,T,0,0
7/1/2026,2:01:47 PM,SPXW,BLOCK,50,5,,CALL,7505,0,25000,7/1/2026,WHITE,0,0,F,INDEX,,F,T,0,0
7/1/2026,2:03:02 PM,SPXW,BLOCK,58,4.7,,CALL,7505,0,27260,7/1/2026,WHITE,0,0,F,INDEX,,F,T,0,0
7/1/2026,2:04:55 PM,SPXW,BLOCK,51,5.3,,CALL,7505,0,27030,7/1/2026,WHITE,0,0,F,INDEX,,F,T,0,0
7/1/2026,2:06:30 PM,SPXW,BLOCK,58,4.1,,CALL,7505,0,23780,7/1/2026,WHITE,0,0,F,INDEX,,F,T,0,0
7/1/2026,2:07:23 PM,SPXW,BLOCK,51,4.2,,CALL,7505,0,21420,7/1/2026,WHITE,0,0,F,INDEX,,F,T,0,0
7/1/2026,2:08:20 PM,SPXW,BLOCK,50,4.5,,CALL,7505,0,22500,7/1/2026,WHITE,0,0,F,INDEX,,F,T,0,0
7/1/2026,2:10:46 PM,SPXW,BLOCK,96,4.3,,CALL,7505,0,41279,7/1/2026,WHITE,0,0,F,INDEX,,F,T,0,0
7/1/2026,2:06:27 PM,SPXW,BLOCK,71,4,,CALL,7505,0,28400,7/1/2026,WHITE,0,0,F,INDEX,,F,T,0,0
7/1/2026,2:11:12 PM,SPXW,BLOCK,50,3.8,,CALL,7505,0,19000,7/1/2026,WHITE,0,0,F,INDEX,,F,T,0,0
7/1/2026,2:11:58 PM,SPXW,SWEEP,100,3.4,,CALL,7505,0,34000,7/1/2026,WHITE,0,0,F,INDEX,,F,T,0,0
7/1/2026,2:13:49 PM,SPXW,BLOCK,100,3.6,,CALL,7505,0,36000,7/1/2026,WHITE,0,0,F,INDEX,,F,T,0,0
7/1/2026,2:14:30 PM,SPXW,BLOCK,102,3.4,,CALL,7505,0,34679,7/1/2026,WHITE,0,0,F,INDEX,,F,T,0,0
7/1/2026,2:17:50 PM,SPXW,BLOCK,50,2.75,,CALL,7505,0,13750,7/1/2026,WHITE,0,0,F,INDEX,,F,T,0,0
7/1/2026,2:19:35 PM,SPXW,ML/,52,3,,CALL,7505,0,15600,7/1/2026,WHITE,0,0,F,INDEX,,F,T,0,0
7/1/2026,2:20:07 PM,SPXW,BLOCK,67,3.4,,CALL,7505,0,22780,7/1/2026,WHITE,0,0,F,INDEX,,F,T,0,0
7/1/2026,2:21:40 PM,SPXW,BLOCK,60,3.8,,CALL,7505,0,22800,7/1/2026,WHITE,0,0,F,INDEX,,F,T,0,0
7/1/2026,2:22:05 PM,SPXW,BLOCK,50,3.8,,CALL,7505,0,18999,7/1/2026,WHITE,0,0,F,INDEX,,F,T,0,0
7/1/2026,2:26:10 PM,SPXW,BLOCK,54,3.7,,CALL,7505,0,19980,7/1/2026,WHITE,0,0,F,INDEX,,F,T,0,0
7/1/2026,2:26:20 PM,SPXW,BLOCK,72,3.7,,CALL,7505,0,26640,7/1/2026,WHITE,0,0,F,INDEX,,F,T,0,0
7/1/2026,2:27:00 PM,SPXW,ML/,53,3.5,,CALL,7505,0,18550,7/1/2026,WHITE,0,0,F,INDEX,,F,T,0,0
7/1/2026,2:15:05 PM,SPXW,ML/,53,3.01,,CALL,7505,0,15953,7/1/2026,WHITE,0,0,F,INDEX,,F,T,0,0
7/1/2026,2:15:55 PM,SPXW,ML/,174,2.42,,CALL,7505,0,42108,7/1/2026,WHITE,0,0,F,INDEX,,F,T,0,0
7/1/2026,2:32:05 PM,SPXW,BLOCK,50,3.1,,CALL,7505,0,15500,7/1/2026,WHITE,0,0,F,INDEX,,F,T,0,0
7/1/2026,2:35:32 PM,SPXW,BLOCK,50,3.3,,CALL,7505,0,16499,7/1/2026,WHITE,0,0,F,INDEX,,F,T,0,0
7/1/2026,2:37:57 PM,SPXW,BLOCK,63,2.6,,CALL,7505,0,16380,7/1/2026,WHITE,0,0,F,INDEX,,F,T,0,0
7/1/2026,2:39:17 PM,SPXW,BLOCK,57,2.9,,CALL,7505,0,16530,7/1/2026,WHITE,0,0,F,INDEX,,F,T,0,0
7/1/2026,2:39:33 PM,SPXW,BLOCK,200,2.95,,CALL,7505,0,59000,7/1/2026,WHITE,0,0,F,INDEX,,F,T,0,0
7/1/2026,2:41:10 PM,SPXW,BLOCK,57,2.5,,CALL,7505,0,14250,7/1/2026,WHITE,0,0,F,INDEX,,F,T,0,0
7/1/2026,2:41:40 PM,SPXW,BLOCK,100,2.7,,CALL,7505,0,27000,7/1/2026,WHITE,0,0,F,INDEX,,F,T,0,0
7/1/2026,2:45:08 PM,SPXW,ML/,70,2.65,,CALL,7505,0,18549,7/1/2026,WHITE,0,0,F,INDEX,,F,T,0,0
7/1/2026,2:45:05 PM,SPXW,ML/,54,2.75,,CALL,7505,0,14850,7/1/2026,WHITE,0,0,F,INDEX,,F,T,0,0
7/1/2026,2:46:31 PM,SPXW,ML/,55,2.4,,CALL,7505,0,13200,7/1/2026,WHITE,0,0,F,INDEX,,F,T,0,0
7/1/2026,2:46:33 PM,SPXW,ML/,57,2.29,,CALL,7505,0,13053,7/1/2026,WHITE,0,0,F,INDEX,,F,T,0,0
7/1/2026,2:46:42 PM,SPXW,BLOCK,169,2.3,,CALL,7505,0,38870,7/1/2026,WHITE,0,0,F,INDEX,,F,T,0,0
7/1/2026,2:46:47 PM,SPXW,BLOCK,151,2.3,,CALL,7505,0,34730,7/1/2026,WHITE,0,0,F,INDEX,,F,T,0,0
7/1/2026,2:47:27 PM,SPXW,BLOCK,117,2,,CALL,7505,0,23400,7/1/2026,WHITE,0,0,F,INDEX,,F,T,0,0
7/1/2026,2:47:27 PM,SPXW,ML/,54,1.97,,CALL,7505,0,10638,7/1/2026,WHITE,0,0,F,INDEX,,F,T,0,0
7/1/2026,2:47:29 PM,SPXW,BLOCK,58,1.9,,CALL,7505,0,11020,7/1/2026,WHITE,0,0,F,INDEX,,F,T,0,0
7/1/2026,2:49:01 PM,SPXW,BLOCK,86,2,,CALL,7505,0,17200,7/1/2026,WHITE,0,0,F,INDEX,,F,T,0,0
7/1/2026,2:49:27 PM,SPXW,BLOCK,51,2,,CALL,7505,0,10200,7/1/2026,WHITE,0,0,F,INDEX,,F,T,0,0
7/1/2026,2:51:21 PM,SPXW,ML/,51,2.1,,CALL,7505,0,10710,7/1/2026,WHITE,0,0,F,INDEX,,F,T,0,0
7/1/2026,2:48:25 PM,SPXW,ML/,93,1.77,,CALL,7505,0,16461,7/1/2026,WHITE,0,0,F,INDEX,,F,T,0,0
7/1/2026,2:59:57 PM,SPXW,BLOCK,60,1.7,,CALL,7505,0,10200,7/1/2026,WHITE,0,0,F,INDEX,,F,T,0,0
7/1/2026,3:00:12 PM,SPXW,BLOCK,98,1.95,,CALL,7505,0,19110,7/1/2026,WHITE,0,0,F,INDEX,,F,T,0,0
7/1/2026,3:00:24 PM,SPXW,BLOCK,56,2.15,,CALL,7505,0,12040,7/1/2026,WHITE,0,0,F,INDEX,,F,T,0,0
7/1/2026,3:01:02 PM,SPXW,BLOCK,90,1.8,,CALL,7505,0,16200,7/1/2026,WHITE,0,0,F,INDEX,,F,T,0,0
7/1/2026,3:01:06 PM,SPXW,BLOCK,90,1.75,,CALL,7505,0,15750,7/1/2026,WHITE,0,0,F,INDEX,,F,T,0,0
7/1/2026,3:02:04 PM,SPXW,ML/,108,2,,CALL,7505,0,21600,7/1/2026,WHITE,0,0,F,INDEX,,F,T,0,0
7/1/2026,3:02:06 PM,SPXW,ML/,65,2.07,,CALL,7505,0,13454,7/1/2026,WHITE,0,0,F,INDEX,,F,T,0,0
7/1/2026,3:02:17 PM,SPXW,BLOCK,109,2.2,,CALL,7505,0,23980,7/1/2026,WHITE,0,0,F,INDEX,,F,T,0,0
7/1/2026,3:03:15 PM,SPXW,BLOCK,229,2.15,,CALL,7505,0,49235,7/1/2026,WHITE,0,0,F,INDEX,,F,T,0,0
7/1/2026,3:03:30 PM,SPXW,BLOCK,90,2.5,,CALL,7505,0,22500,7/1/2026,WHITE,0,0,F,INDEX,,F,T,0,0
7/1/2026,3:03:45 PM,SPXW,BLOCK,56,2.35,,CALL,7505,0,13160,7/1/2026,WHITE,0,0,F,INDEX,,F,T,0,0
7/1/2026,3:03:53 PM,SPXW,BLOCK,129,2.5,,CALL,7505,0,32250,7/1/2026,WHITE,0,0,F,INDEX,,F,T,0,0
7/1/2026,3:03:56 PM,SPXW,BLOCK,50,2.55,,CALL,7505,0,12750,7/1/2026,WHITE,0,0,F,INDEX,,F,T,0,0
7/1/2026,3:04:01 PM,SPXW,BLOCK,76,2.5,,CALL,7505,0,19000,7/1/2026,WHITE,0,0,F,INDEX,,F,T,0,0
7/1/2026,3:04:29 PM,SPXW,BLOCK,55,2.5,,CALL,7505,0,13750,7/1/2026,WHITE,0,0,F,INDEX,,F,T,0,0
7/1/2026,3:05:10 PM,SPXW,BLOCK,76,3,,CALL,7505,0,22800,7/1/2026,WHITE,0,0,F,INDEX,,F,T,0,0
7/1/2026,3:05:10 PM,SPXW,ML/,232,3,,CALL,7505,0,69600,7/1/2026,WHITE,0,0,F,INDEX,,F,T,0,0
7/1/2026,3:05:11 PM,SPXW,BLOCK,50,3,,CALL,7505,0,15000,7/1/2026,WHITE,0,0,F,INDEX,,F,T,0,0
7/1/2026,3:05:17 PM,SPXW,BLOCK,71,3,,CALL,7505,0,21300,7/1/2026,WHITE,0,0,F,INDEX,,F,T,0,0
7/1/2026,3:05:48 PM,SPXW,BLOCK,61,3.7,,CALL,7505,0,22570,7/1/2026,WHITE,0,0,F,INDEX,,F,T,0,0
7/1/2026,3:05:51 PM,SPXW,BLOCK,52,3.7,,CALL,7505,0,19240,7/1/2026,WHITE,0,0,F,INDEX,,F,T,0,0
7/1/2026,3:05:53 PM,SPXW,ML/,100,3.6,,CALL,7505,0,36000,7/1/2026,WHITE,0,0,F,INDEX,,F,T,0,0
7/1/2026,3:06:05 PM,SPXW,BLOCK,63,3.7,,CALL,7505,0,23310,7/1/2026,WHITE,0,0,F,INDEX,,F,T,0,0
7/1/2026,3:06:02 PM,SPXW,BLOCK,50,3.5,,CALL,7505,0,17500,7/1/2026,WHITE,0,0,F,INDEX,,F,T,0,0
7/1/2026,3:06:20 PM,SPXW,SWEEP,110,3.4,,CALL,7505,0,37400,7/1/2026,WHITE,0,0,F,INDEX,,F,T,0,0
7/1/2026,3:06:58 PM,SPXW,ML/,403,3.6,,CALL,7505,0,145080,7/1/2026,WHITE,0,0,F,INDEX,,F,T,0,0
7/1/2026,3:07:32 PM,SPXW,BLOCK,218,3.2,,CALL,7505,0,69760,7/1/2026,WHITE,0,0,F,INDEX,,F,T,0,0
7/1/2026,3:08:19 PM,SPXW,BLOCK,52,3.6,,CALL,7505,0,18720,7/1/2026,WHITE,0,0,F,INDEX,,F,T,0,0
7/1/2026,3:08:22 PM,SPXW,ML/,173,3.5,,CALL,7505,0,60550,7/1/2026,WHITE,0,0,F,INDEX,,F,T,0,0
7/1/2026,3:08:22 PM,SPXW,BLOCK,131,3.6,,CALL,7505,0,47160,7/1/2026,WHITE,0,0,F,INDEX,,F,T,0,0
7/1/2026,3:09:21 PM,SPXW,BLOCK,95,4,,CALL,7505,0,38000,7/1/2026,WHITE,0,0,F,INDEX,,F,T,0,0
7/1/2026,3:09:33 PM,SPXW,BLOCK,51,3.9,,CALL,7505,0,19889,7/1/2026,WHITE,0,0,F,INDEX,,F,T,0,0
7/1/2026,9:33:56 AM,SPXW,ML/,50,3.99,,CALL,7505,0,19950,7/1/2026,WHITE,0,0,F,INDEX,,F,T,0,0
7/1/2026,3:11:38 PM,SPXW,BLOCK,50,2.65,,CALL,7505,0,13250,7/1/2026,WHITE,0,0,F,INDEX,,F,T,0,0
7/1/2026,3:16:39 PM,SPXW,BLOCK,65,2.9,,CALL,7505,0,18850,7/1/2026,WHITE,0,0,F,INDEX,,F,T,0,0
7/1/2026,3:16:45 PM,SPXW,BLOCK,50,3.1,,CALL,7505,0,15500,7/1/2026,WHITE,0,0,F,INDEX,,F,T,0,0
7/1/2026,3:17:38 PM,SPXW,ML/,101,2.35,,CALL,7505,0,23735,7/1/2026,WHITE,0,0,F,INDEX,,F,T,0,0
7/1/2026,3:17:40 PM,SPXW,BLOCK,55,2.3,,CALL,7505,0,12649,7/1/2026,WHITE,0,0,F,INDEX,,F,T,0,0
7/1/2026,3:19:11 PM,SPXW,ML/,159,2.2,,CALL,7505,0,34980,7/1/2026,WHITE,0,0,F,INDEX,,F,T,0,0
7/1/2026,3:20:40 PM,SPXW,BLOCK,90,2.35,,CALL,7505,0,21150,7/1/2026,WHITE,0,0,F,INDEX,,F,T,0,0
7/1/2026,3:21:17 PM,SPXW,BLOCK,53,2.25,,CALL,7505,0,11925,7/1/2026,WHITE,0,0,F,INDEX,,F,T,0,0
7/1/2026,3:21:38 PM,SPXW,BLOCK,52,2.25,,CALL,7505,0,11700,7/1/2026,WHITE,0,0,F,INDEX,,F,T,0,0
7/1/2026,3:22:23 PM,SPXW,BLOCK,100,2,,CALL,7505,0,20000,7/1/2026,WHITE,0,0,F,INDEX,,F,T,0,0
7/1/2026,3:22:30 PM,SPXW,BLOCK,64,1.9,,CALL,7505,0,12160,7/1/2026,WHITE,0,0,F,INDEX,,F,T,0,0
7/1/2026,3:22:53 PM,SPXW,BLOCK,57,2,,CALL,7505,0,11400,7/1/2026,WHITE,0,0,F,INDEX,,F,T,0,0
7/1/2026,3:24:03 PM,SPXW,BLOCK,53,2.15,,CALL,7505,0,11395,7/1/2026,WHITE,0,0,F,INDEX,,F,T,0,0
7/1/2026,3:24:43 PM,SPXW,BLOCK,60,2.3,,CALL,7505,0,13800,7/1/2026,WHITE,0,0,F,INDEX,,F,T,0,0
7/1/2026,3:24:54 PM,SPXW,BLOCK,70,2.35,,CALL,7505,0,16450,7/1/2026,WHITE,0,0,F,INDEX,,F,T,0,0
7/1/2026,3:24:56 PM,SPXW,BLOCK,115,2.35,,CALL,7505,0,27025,7/1/2026,WHITE,0,0,F,INDEX,,F,T,0,0
7/1/2026,3:25:05 PM,SPXW,ML/,110,2,,CALL,7505,0,22000,7/1/2026,WHITE,0,0,F,INDEX,,F,T,0,0
7/1/2026,3:00:02 PM,SPXW,ML/,73,1.62,,CALL,7505,0,11826,7/1/2026,WHITE,0,0,F,INDEX,,F,T,0,0
7/1/2026,3:26:38 PM,SPXW,BLOCK,105,1.2,,CALL,7505,0,12600,7/1/2026,WHITE,0,0,F,INDEX,,F,T,0,0
7/1/2026,3:26:53 PM,SPXW,ML/,401,1.1,,CALL,7505,0,44110,7/1/2026,WHITE,0,0,F,INDEX,,F,T,0,0
7/1/2026,3:34:09 PM,SPXW,ML/,205,1.25,,CALL,7505,0,25625,7/1/2026,WHITE,0,0,F,INDEX,,F,T,0,0
7/1/2026,3:35:03 PM,SPXW,BLOCK,148,1,,CALL,7505,0,14800,7/1/2026,WHITE,0,0,F,INDEX,,F,T,0,0
7/1/2026,3:35:50 PM,SPXW,ML/,487,0.85,,CALL,7505,0,41395,7/1/2026,WHITE,0,0,F,INDEX,,F,T,0,0
7/1/2026,3:38:04 PM,SPXW,BLOCK,464,0.7,,CALL,7505,0,32480,7/1/2026,WHITE,0,0,F,INDEX,,F,T,0,0
7/1/2026,3:41:07 PM,SPXW,BLOCK,272,0.45,,CALL,7505,0,12240,7/1/2026,WHITE,0,0,F,INDEX,,F,T,0,0
7/1/2026,3:41:19 PM,SPXW,ML/,365,0.45,,CALL,7505,0,16425,7/1/2026,WHITE,0,0,F,INDEX,,F,T,0,0
7/1/2026,2:25:08 PM,SPXW,ML/,54,4.5,,CALL,7505,0,24300,7/1/2026,WHITE,0,0,F,INDEX,,F,T,0,0
7/1/2026,12:23:58 PM,SPXW,ML/,73,19.27,,CALL,7505,0,140671,7/1/2026,WHITE,0,0,F,INDEX,,F,T,0,0
7/1/2026,11:28:24 AM,SPXW,ML/,66,19.37,,CALL,7505,0,127842,7/1/2026,WHITE,0,0,F,INDEX,,F,T,0,0
7/1/2026,12:41:20 PM,SPXW,ML/,50,11.78,,CALL,7505,0,58900,7/1/2026,WHITE,0,0,F,INDEX,,F,T,0,0
7/1/2026,9:34:05 AM,SPXW,BLOCK,100,1,,CALL,7535,0,10000,7/1/2026,WHITE,0,0,F,INDEX,,F,T,0,0
7/1/2026,9:47:28 AM,SPXW,ML/,184,0.72,,CALL,7535,0,13247,7/1/2026,WHITE,0,0,F,INDEX,,F,T,0,0
7/1/2026,10:10:52 AM,SPXW,BLOCK,100,1.05,,CALL,7535,0,10500,7/1/2026,WHITE,0,0,F,INDEX,,F,T,0,0
7/1/2026,10:30:37 AM,SPXW,ML/,500,0.92,,CALL,7535,0,46000,7/1/2026,WHITE,0,0,F,INDEX,,F,T,0,0
7/1/2026,10:43:00 AM,SPXW,ML/,233,0.77,,CALL,7535,0,17941,7/1/2026,WHITE,0,0,F,INDEX,,F,T,0,0
7/1/2026,11:05:58 AM,SPXW,BLOCK,126,1.55,,CALL,7535,0,19530,7/1/2026,WHITE,0,0,F,INDEX,,F,T,0,0
7/1/2026,11:06:37 AM,SPXW,BLOCK,100,1.4,,CALL,7535,0,14000,7/1/2026,WHITE,0,0,F,INDEX,,F,T,0,0
7/1/2026,11:13:42 AM,SPXW,BLOCK,100,1.45,,CALL,7535,0,14500,7/1/2026,WHITE,0,0,F,INDEX,,F,T,0,0
7/1/2026,11:14:35 AM,SPXW,BLOCK,100,1.3,,CALL,7535,0,13000,7/1/2026,WHITE,0,0,F,INDEX,,F,T,0,0
7/1/2026,11:14:47 AM,SPXW,BLOCK,92,1.4,,CALL,7535,0,12879,7/1/2026,WHITE,0,0,F,INDEX,,F,T,0,0
7/1/2026,11:15:04 AM,SPXW,BLOCK,93,1.7,,CALL,7535,0,15810,7/1/2026,WHITE,0,0,F,INDEX,,F,T,0,0
7/1/2026,11:17:58 AM,SPXW,ML/,76,1.8,,CALL,7535,0,13680,7/1/2026,WHITE,0,0,F,INDEX,,F,T,0,0
7/1/2026,11:19:05 AM,SPXW,BLOCK,61,2,,CALL,7535,0,12200,7/1/2026,WHITE,0,0,F,INDEX,,F,T,0,0
7/1/2026,11:19:07 AM,SPXW,ML/,56,2.2,,CALL,7535,0,12320,7/1/2026,WHITE,0,0,F,INDEX,,F,T,0,0
7/1/2026,11:25:01 AM,SPXW,BLOCK,53,2.65,,CALL,7535,0,14044,7/1/2026,WHITE,0,0,F,INDEX,,F,T,0,0
7/1/2026,11:25:06 AM,SPXW,ML/,70,2.82,,CALL,7535,0,19739,7/1/2026,WHITE,0,0,F,INDEX,,F,T,0,0
7/1/2026,11:28:27 AM,SPXW,SWEEP,50,3.2,,CALL,7535,0,16000,7/1/2026,WHITE,0,0,F,INDEX,,F,T,0,0
7/1/2026,11:29:11 AM,SPXW,ML/,117,3.02,,CALL,7535,0,35334,7/1/2026,WHITE,0,0,F,INDEX,,F,T,0,0
7/1/2026,11:30:02 AM,SPXW,BLOCK,67,3.5,,CALL,7535,0,23450,7/1/2026,WHITE,0,0,F,INDEX,,F,T,0,0
7/1/2026,11:30:08 AM,SPXW,BLOCK,50,3.1,,CALL,7535,0,15500,7/1/2026,WHITE,0,0,F,INDEX,,F,T,0,0
7/1/2026,11:37:04 AM,SPXW,BLOCK,100,1.75,,CALL,7535,0,17500,7/1/2026,WHITE,0,0,F,INDEX,,F,T,0,0
7/1/2026,11:37:42 AM,SPXW,BLOCK,100,1.8,,CALL,7535,0,18000,7/1/2026,WHITE,0,0,F,INDEX,,F,T,0,0
7/1/2026,11:42:01 AM,SPXW,BLOCK,65,2.1,,CALL,7535,0,13650,7/1/2026,WHITE,0,0,F,INDEX,,F,T,0,0
7/1/2026,11:49:57 AM,SPXW,BLOCK,100,1.5,,CALL,7535,0,15000,7/1/2026,WHITE,0,0,F,INDEX,,F,T,0,0
7/1/2026,11:50:27 AM,SPXW,BLOCK,84,1.55,,CALL,7535,0,13020,7/1/2026,WHITE,0,0,F,INDEX,,F,T,0,0
7/1/2026,11:52:34 AM,SPXW,ML/,164,1.52,,CALL,7535,0,24928,7/1/2026,WHITE,0,0,F,INDEX,,F,T,0,0
7/1/2026,11:54:04 AM,SPXW,BLOCK,70,1.65,,CALL,7535,0,11550,7/1/2026,WHITE,0,0,F,INDEX,,F,T,0,0
7/1/2026,12:00:23 PM,SPXW,ML/,61,1.75,,CALL,7535,0,10675,7/1/2026,WHITE,0,0,F,INDEX,,F,T,0,0
7/1/2026,12:01:01 PM,SPXW,BLOCK,100,1.75,,CALL,7535,0,17500,7/1/2026,WHITE,0,0,F,INDEX,,F,T,0,0
7/1/2026,12:02:15 PM,SPXW,ML/,60,1.85,,CALL,7535,0,11100,7/1/2026,WHITE,0,0,F,INDEX,,F,T,0,0
7/1/2026,12:02:17 PM,SPXW,ML/,57,1.9,,CALL,7535,0,10830,7/1/2026,WHITE,0,0,F,INDEX,,F,T,0,0
7/1/2026,12:03:58 PM,SPXW,BLOCK,71,1.85,,CALL,7535,0,13135,7/1/2026,WHITE,0,0,F,INDEX,,F,T,0,0
7/1/2026,12:06:36 PM,SPXW,BLOCK,53,1.95,,CALL,7535,0,10335,7/1/2026,WHITE,0,0,F,INDEX,,F,T,0,0
7/1/2026,12:11:15 PM,SPXW,BLOCK,100,1.8,,CALL,7535,0,18000,7/1/2026,WHITE,0,0,F,INDEX,,F,T,0,0
7/1/2026,12:11:39 PM,SPXW,ML/,59,1.75,,CALL,7535,0,10325,7/1/2026,WHITE,0,0,F,INDEX,,F,T,0,0
7/1/2026,12:13:14 PM,SPXW,ML/,61,1.7,,CALL,7535,0,10370,7/1/2026,WHITE,0,0,F,INDEX,,F,T,0,0
7/1/2026,12:15:14 PM,SPXW,BLOCK,52,1.95,,CALL,7535,0,10140,7/1/2026,WHITE,0,0,F,INDEX,,F,T,0,0
7/1/2026,12:23:49 PM,SPXW,BLOCK,66,2.15,,CALL,7535,0,14190,7/1/2026,WHITE,0,0,F,INDEX,,F,T,0,0
7/1/2026,11:33:18 AM,SPXW,ML/,54,2.32,,CALL,7535,0,12528,7/1/2026,WHITE,0,0,F,INDEX,,F,T,0,0
7/1/2026,12:24:05 PM,SPXW,ML/,68,2.22,,CALL,7535,0,15096,7/1/2026,WHITE,0,0,F,INDEX,,F,T,0,0
7/1/2026,11:34:40 AM,SPXW,ML/,50,2.23,,CALL,7535,0,11149,7/1/2026,WHITE,0,0,F,INDEX,,F,T,0,0
7/1/2026,12:02:30 PM,SPXW,ML/,80,1.96,,CALL,7535,0,15680,7/1/2026,WHITE,0,0,F,INDEX,,F,T,0,0
7/1/2026,12:29:37 PM,SPXW,ML/,87,1.68,,CALL,7535,0,14616,7/1/2026,WHITE,0,0,F,INDEX,,F,T,0,0
7/1/2026,12:41:20 PM,SPXW,ML/,115,0.99,,CALL,7535,0,11385,7/1/2026,WHITE,0,0,F,INDEX,,F,T,0,0
7/1/2026,12:47:07 PM,SPXW,BLOCK,100,1,,CALL,7535,0,10000,7/1/2026,WHITE,0,0,F,INDEX,,F,T,0,0
7/1/2026,12:35:35 PM,SPXW,BLOCK,148,1.5,,CALL,7535,0,22200,7/1/2026,WHITE,0,0,F,INDEX,,F,T,0,0
7/1/2026,12:26:23 PM,SPXW,BLOCK,100,2.15,,CALL,7535,0,21500,7/1/2026,WHITE,0,0,F,INDEX,,F,T,0,0
7/1/2026,11:29:11 AM,SPXW,ML/,117,3.02,,CALL,7535,0,35334,7/1/2026,WHITE,0,0,F,INDEX,,F,T,0,0
7/1/2026,10:28:52 AM,SPXW,BLOCK,200,0.5,,CALL,7545,0,10000,7/1/2026,WHITE,0,0,F,INDEX,,F,T,0,0
7/1/2026,11:19:07 AM,SPXW,BLOCK,210,1,,CALL,7545,0,21000,7/1/2026,WHITE,0,0,F,INDEX,,F,T,0,0
7/1/2026,11:28:33 AM,SPXW,BLOCK,100,1.45,,CALL,7545,0,14500,7/1/2026,WHITE,0,0,F,INDEX,,F,T,0,0
7/1/2026,11:29:38 AM,SPXW,BLOCK,100,1.35,,CALL,7545,0,13500,7/1/2026,WHITE,0,0,F,INDEX,,F,T,0,0
7/1/2026,11:31:09 AM,SPXW,ML/,110,1.22,,CALL,7545,0,13419,7/1/2026,WHITE,0,0,F,INDEX,,F,T,0,0
7/1/2026,9:30:03 AM,VIX,ML/,300,1.56,,PUT,18.5,0,46800,7/22/2026,WHITE,0,21,F,INDEX,,F,T,0,0
7/1/2026,11:08:59 AM,SPXW,ML/,150,27.82,,PUT,7500,0,417300,7/6/2026,WHITE,0,5,F,INDEX,,F,T,0,0
7/1/2026,10:15:01 AM,SPXW,ML/,200,33.22,,PUT,7500,0,664400,7/6/2026,WHITE,0,5,F,INDEX,,F,T,0,0
7/1/2026,10:17:58 AM,SPXW,ML/,200,35.65,,PUT,7500,0,713000,7/6/2026,WHITE,0,5,F,INDEX,,F,T,0,0
7/1/2026,12:39:04 PM,SPXW,ML/,200,23.27,,PUT,7500,0,465400,7/6/2026,WHITE,0,5,F,INDEX,,F,T,0,0
7/1/2026,12:41:35 PM,SPXW,ML/,200,24.64,,PUT,7500,0,492800,7/6/2026,WHITE,0,5,F,INDEX,,F,T,0,0
7/1/2026,12:42:31 PM,SPXW,ML/,100,24.89,,PUT,7500,0,248900,7/6/2026,WHITE,0,5,F,INDEX,,F,T,0,0
7/1/2026,4:09:06 PM,SPXW,BLOCK,90,40.2,,PUT,7500,0,361800,7/6/2026,WHITE,0,5,F,INDEX,,F,T,0,0
7/1/2026,11:02:43 AM,SPXW,BLOCK,50,22.3,,PUT,7475,0,111500,7/6/2026,WHITE,0,5,F,INDEX,,F,T,0,0
7/1/2026,1:33:23 PM,SPXW,ML/,50,19.55,,CALL,7530,0,97750,7/6/2026,WHITE,0,5,F,INDEX,,F,T,0,0
7/1/2026,9:30:03 AM,VIX,ML/,600,0.61,,PUT,17,0,36600,7/22/2026,WHITE,0,21,F,INDEX,,F,T,0,0
7/1/2026,1:42:15 PM,VIX,ML/,500,0.66,,PUT,17,0,33000,7/22/2026,WHITE,0,21,F,INDEX,,F,T,0,0
7/1/2026,1:42:49 PM,VIX,ML/,500,0.66,,PUT,17,0,33000,7/22/2026,WHITE,0,21,F,INDEX,,F,T,0,0
7/1/2026,9:34:16 AM,VIX,BLOCK,1000,0.6,,PUT,17,0,60000,7/22/2026,WHITE,0,21,F,INDEX,,F,T,0,0
7/1/2026,1:41:59 PM,VIX,ML/,1500,0.65,,PUT,17,0,97500,7/22/2026,WHITE,0,21,F,INDEX,,F,T,0,0
7/1/2026,1:43:09 PM,VIX,ML/,500,0.66,,PUT,17,0,33000,7/22/2026,WHITE,0,21,F,INDEX,,F,T,0,0
7/1/2026,2:34:56 PM,VIX,ML/,3600,0.64,,PUT,17,0,230400,7/22/2026,WHITE,0,21,F,INDEX,,F,T,0,0
7/1/2026,9:56:37 AM,SPXW,BLOCK,83,8.6,,PUT,7455,0,71380,7/1/2026,WHITE,0,0,F,INDEX,,F,T,0,0
7/1/2026,10:03:48 AM,SPXW,ML/,50,6.4,,PUT,7455,0,32000,7/1/2026,WHITE,0,0,F,INDEX,,F,T,0,0
7/1/2026,10:08:12 AM,SPXW,BLOCK,50,3.8,,PUT,7455,0,19000,7/1/2026,WHITE,0,0,F,INDEX,,F,T,0,0
7/1/2026,10:10:57 AM,SPXW,ML/,53,3.32,,PUT,7455,0,17595,7/1/2026,WHITE,0,0,F,INDEX,,F,T,0,0
7/1/2026,10:11:06 AM,SPXW,ML/,140,3.12,,PUT,7455,0,43680,7/1/2026,WHITE,0,0,F,INDEX,,F,T,0,0
7/1/2026,10:15:33 AM,SPXW,ML/,101,2.9,,PUT,7455,0,29289,7/1/2026,WHITE,0,0,F,INDEX,,F,T,0,0
7/1/2026,10:24:34 AM,SPXW,BLOCK,50,2.65,,PUT,7455,0,13250,7/1/2026,WHITE,0,0,F,INDEX,,F,T,0,0
7/1/2026,10:30:08 AM,SPXW,BLOCK,86,2.5,,PUT,7455,0,21500,7/1/2026,WHITE,0,0,F,INDEX,,F,T,0,0
7/1/2026,10:19:42 AM,SPXW,BLOCK,70,2.9,,PUT,7455,0,20300,7/1/2026,WHITE,0,0,F,INDEX,,F,T,0,0
7/1/2026,10:35:41 AM,SPXW,ML/,50,3.58,,PUT,7455,0,17900,7/1/2026,WHITE,0,0,F,INDEX,,F,T,0,0
7/1/2026,10:36:59 AM,SPXW,BLOCK,61,2.9,,PUT,7455,0,17689,7/1/2026,WHITE,0,0,F,INDEX,,F,T,0,0
7/1/2026,10:46:02 AM,SPXW,BLOCK,50,3.8,,PUT,7455,0,18999,7/1/2026,WHITE,0,0,F,INDEX,,F,T,0,0
7/1/2026,10:46:13 AM,SPXW,BLOCK,50,4,,PUT,7455,0,20000,7/1/2026,WHITE,0,0,F,INDEX,,F,T,0,0
7/1/2026,10:46:33 AM,SPXW,BLOCK,51,4,,PUT,7455,0,20400,7/1/2026,WHITE,0,0,F,INDEX,,F,T,0,0
7/1/2026,10:30:46 AM,SPXW,ML/,72,3.03,,PUT,7455,0,21816,7/1/2026,WHITE,0,0,F,INDEX,,F,T,0,0
7/1/2026,10:56:41 AM,SPXW,ML/,100,2.33,,PUT,7455,0,23300,7/1/2026,WHITE,0,0,F,INDEX,,F,T,0,0
7/1/2026,10:56:19 AM,SPXW,ML/,249,2.48,,PUT,7455,0,61752,7/1/2026,WHITE,0,0,F,INDEX,,F,T,0,0
7/1/2026,11:00:03 AM,SPXW,ML/,115,1.87,,PUT,7455,0,21505,7/1/2026,WHITE,0,0,F,INDEX,,F,T,0,0
7/1/2026,11:00:04 AM,SPXW,ML/,100,1.87,,PUT,7455,0,18700,7/1/2026,WHITE,0,0,F,INDEX,,F,T,0,0
7/1/2026,11:03:10 AM,SPXW,BLOCK,101,1.5,,PUT,7455,0,15150,7/1/2026,WHITE,0,0,F,INDEX,,F,T,0,0
7/1/2026,11:09:15 AM,SPXW,ML/,268,1.6,,PUT,7455,0,42880,7/1/2026,WHITE,0,0,F,INDEX,,F,T,0,0
7/1/2026,2:53:31 PM,SPXW,ML/,1000,0.42,,PUT,7455,0,41999,7/1/2026,WHITE,0,0,F,INDEX,,F,T,0,0
7/1/2026,10:46:48 AM,SPXW,ML/,50,3.45,,PUT,7455,0,17250,7/1/2026,WHITE,0,0,F,INDEX,,F,T,0,0
7/1/2026,11:09:14 AM,SPXW,ML/,248,1.57,,PUT,7455,0,38936,7/1/2026,WHITE,0,0,F,INDEX,,F,T,0,0
7/1/2026,9:36:48 AM,SPXW,ML/,100,1.33,,PUT,7345,0,13300,7/1/2026,WHITE,0,0,F,INDEX,,F,T,0,0
7/1/2026,9:44:39 AM,SPXW,ML/,109,1.4,,PUT,7365,0,15260,7/1/2026,WHITE,0,0,F,INDEX,,F,T,0,0
7/1/2026,9:44:40 AM,SPXW,ML/,211,1.4,,PUT,7365,0,29539,7/1/2026,WHITE,0,0,F,INDEX,,F,T,0,0
7/1/2026,9:30:28 AM,SPXW,ML/,70,1.57,,PUT,7365,0,10990,7/1/2026,WHITE,0,0,F,INDEX,,F,T,0,0
7/1/2026,9:56:06 AM,SPXW,ML/,200,0.52,,PUT,7365,0,10400,7/1/2026,WHITE,0,0,F,INDEX,,F,T,0,0
7/1/2026,9:44:39 AM,SPXW,ML/,200,1.42,,PUT,7365,0,28400,7/1/2026,WHITE,0,0,F,INDEX,,F,T,0,0
7/1/2026,9:33:04 AM,SPXW,ML/,100,3.85,,PUT,7395,0,38500,7/1/2026,WHITE,0,0,F,INDEX,,F,T,0,0
7/1/2026,9:33:04 AM,SPXW,ML/,150,3.85,,PUT,7395,0,57750,7/1/2026,WHITE,0,0,F,INDEX,,F,T,0,0
7/1/2026,9:33:52 AM,SPXW,ML/,100,4.25,,PUT,7395,0,42500,7/1/2026,WHITE,0,0,F,INDEX,,F,T,0,0
7/1/2026,9:33:52 AM,SPXW,ML/,150,4.25,,PUT,7395,0,63750,7/1/2026,WHITE,0,0,F,INDEX,,F,T,0,0
7/1/2026,9:34:41 AM,SPXW,ML/,200,4.2,,PUT,7395,0,84000,7/1/2026,WHITE,0,0,F,INDEX,,F,T,0,0
7/1/2026,9:36:02 AM,SPXW,ML/,100,4.6,,PUT,7395,0,46000,7/1/2026,WHITE,0,0,F,INDEX,,F,T,0,0
7/1/2026,9:36:24 AM,SPXW,ML/,100,4.6,,PUT,7395,0,45999,7/1/2026,WHITE,0,0,F,INDEX,,F,T,0,0
7/1/2026,9:33:09 AM,SPXW,ML/,150,3.85,,PUT,7395,0,57750,7/1/2026,WHITE,0,0,F,INDEX,,F,T,0,0
7/1/2026,9:30:03 AM,SPXW,ML/,50,2.24,,PUT,7395,0,11200,7/1/2026,WHITE,0,0,F,INDEX,,F,T,0,0
7/1/2026,9:36:24 AM,SPXW,ML/,100,4.62,,PUT,7395,0,46200,7/1/2026,WHITE,0,0,F,INDEX,,F,T,0,0
7/1/2026,9:36:22 AM,SPXW,ML/,200,4.9,,PUT,7395,0,98000,7/1/2026,WHITE,0,0,F,INDEX,,F,T,0,0
7/1/2026,9:36:47 AM,SPXW,ML/,50,4.67,,PUT,7395,0,23350,7/1/2026,WHITE,0,0,F,INDEX,,F,T,0,0
7/1/2026,9:34:50 AM,SPXW,ML/,100,5.07,,PUT,7395,0,50700,7/1/2026,WHITE,0,0,F,INDEX,,F,T,0,0
7/1/2026,9:34:51 AM,SPXW,ML/,104,5.12,,PUT,7395,0,53248,7/1/2026,WHITE,0,0,F,INDEX,,F,T,0,0
7/1/2026,9:36:02 AM,SPXW,ML/,100,4.57,,PUT,7395,0,45700,7/1/2026,WHITE,0,0,F,INDEX,,F,T,0,0
7/1/2026,9:37:30 AM,SPXW,ML/,200,4.23,,PUT,7395,0,84600,7/1/2026,WHITE,0,0,F,INDEX,,F,T,0,0
7/1/2026,9:37:16 AM,SPXW,ML/,200,3.82,,PUT,7395,0,76400,7/1/2026,WHITE,0,0,F,INDEX,,F,T,0,0
7/1/2026,9:52:24 AM,SPXW,BLOCK,100,4.9,,PUT,7435,0,49000,7/1/2026,WHITE,0,0,F,INDEX,,F,T,0,0
7/1/2026,9:53:11 AM,SPXW,BLOCK,95,4.2,,PUT,7435,0,39900,7/1/2026,WHITE,0,0,F,INDEX,,F,T,0,0
7/1/2026,9:53:11 AM,SPXW,BLOCK,105,4.1,,PUT,7435,0,43049,7/1/2026,WHITE,0,0,F,INDEX,,F,T,0,0
7/1/2026,9:53:45 AM,SPXW,ML/,302,4,,PUT,7435,0,120800,7/1/2026,WHITE,0,0,F,INDEX,,F,T,0,0
7/1/2026,9:54:39 AM,SPXW,BLOCK,60,4,,PUT,7435,0,24000,7/1/2026,WHITE,0,0,F,INDEX,,F,T,0,0
7/1/2026,11:02:03 AM,SPXW,BLOCK,155,0.95,,PUT,7435,0,14725,7/1/2026,WHITE,0,0,F,INDEX,,F,T,0,0
7/1/2026,9:36:12 AM,SPXW,ML/,78,11.83,,PUT,7435,0,92274,7/1/2026,WHITE,0,0,F,INDEX,,F,T,0,0
7/1/2026,9:52:43 AM,SPXW,BLOCK,142,4.9,,PUT,7435,0,69580,7/1/2026,WHITE,0,0,F,INDEX,,F,T,0,0
7/1/2026,9:52:50 AM,SPXW,BLOCK,100,4.7,,PUT,7435,0,47000,7/1/2026,WHITE,0,0,F,INDEX,,F,T,0,0
7/1/2026,9:55:02 AM,SPXW,ML/,66,4.28,,PUT,7435,0,28248,7/1/2026,WHITE,0,0,F,INDEX,,F,T,0,0
7/1/2026,9:36:33 AM,SPXW,ML/,50,11.13,,CALL,7475,0,55650,7/1/2026,WHITE,0,0,F,INDEX,,F,T,0,0
7/1/2026,9:51:59 AM,SPXW,BLOCK,50,13.9,,CALL,7475,0,69500,7/1/2026,WHITE,0,0,F,INDEX,,F,T,0,0
7/1/2026,9:54:40 AM,SPXW,BLOCK,51,15.5,,CALL,7475,0,79050,7/1/2026,WHITE,0,0,F,INDEX,,F,T,0,0
7/1/2026,9:55:13 AM,SPXW,BLOCK,80,14.5,,CALL,7475,0,116000,7/1/2026,WHITE,0,0,F,INDEX,,F,T,0,0
7/1/2026,9:58:57 AM,SPXW,BLOCK,102,15.7,,CALL,7475,0,160140,7/1/2026,WHITE,0,0,F,INDEX,,F,T,0,0
7/1/2026,10:02:26 AM,SPXW,ML/,80,16.3,,CALL,7475,0,130400,7/1/2026,WHITE,0,0,F,INDEX,,F,T,0,0
7/1/2026,10:03:14 AM,SPXW,BLOCK,50,17.2,,CALL,7475,0,86000,7/1/2026,WHITE,0,0,F,INDEX,,F,T,0,0
7/1/2026,10:05:54 AM,SPXW,ML/,86,20,,CALL,7475,0,172000,7/1/2026,WHITE,0,0,F,INDEX,,F,T,0,0
7/1/2026,10:06:25 AM,SPXW,BLOCK,203,21,,CALL,7475,0,426300,7/1/2026,WHITE,0,0,F,INDEX,,F,T,0,0
7/1/2026,10:06:08 AM,SPXW,BLOCK,51,20.2,,CALL,7475,0,103020,7/1/2026,WHITE,0,0,F,INDEX,,F,T,0,0
7/1/2026,10:05:56 AM,SPXW,BLOCK,52,19.4,,CALL,7475,0,100880,7/1/2026,WHITE,0,0,F,INDEX,,F,T,0,0
7/1/2026,11:00:18 AM,SPXW,ML/,50,26.5,,CALL,7475,0,132500,7/1/2026,WHITE,0,0,F,INDEX,,F,T,0,0
7/1/2026,1:58:08 PM,SPXW,ML/,50,27.3,,CALL,7475,0,136500,7/1/2026,WHITE,0,0,F,INDEX,,F,T,0,0
7/1/2026,10:50:04 AM,SPXW,ML/,55,23.7,,CALL,7475,0,130350,7/1/2026,WHITE,0,0,F,INDEX,,F,T,0,0
7/1/2026,9:50:54 AM,SPXW,ML/,51,13.27,,CALL,7475,0,67677,7/1/2026,WHITE,0,0,F,INDEX,,F,T,0,0
7/1/2026,11:20:40 AM,SPXW,ML/,52,41.2,,CALL,7475,0,214240,7/1/2026,WHITE,0,0,F,INDEX,,F,T,0,0
7/1/2026,2:18:23 PM,SPXW,ML/,60,23.45,,CALL,7475,0,140700,7/1/2026,WHITE,0,0,F,INDEX,,F,T,0,0
7/1/2026,3:39:17 PM,SPXW,ML/,104,4.1,,CALL,7545,0,42639,7/2/2026,WHITE,0,1,F,INDEX,,F,T,0,0
7/1/2026,3:59:26 PM,SPXW,SWEEP,61,3.4,,CALL,7545,0,20739,7/2/2026,WHITE,0,1,F,INDEX,,F,T,0,0
7/1/2026,4:06:09 PM,SPXW,ML/,90,2.19,,CALL,7545,0,19710,7/2/2026,WHITE,0,1,F,INDEX,,F,T,0,0
7/1/2026,3:24:04 PM,SPXW,ML/,160,5.45,,CALL,7545,0,87200,7/2/2026,WHITE,0,1,F,INDEX,,F,T,0,0
7/1/2026,3:54:18 PM,SPXW,ML/,50,3.27,,CALL,7545,0,16350,7/2/2026,WHITE,0,1,F,INDEX,,F,T,0,0
7/1/2026,3:49:23 PM,SPXW,ML/,50,41.08,,CALL,7480,0,205400,7/6/2026,WHITE,0,5,F,INDEX,,F,T,0,0
7/1/2026,4:09:52 PM,SPXW,ML/,200,33.6,,CALL,7480,0,672000,7/6/2026,WHITE,0,5,F,INDEX,,F,T,0,0
7/1/2026,2:34:47 PM,SPXW,ML/,60,49.01,,CALL,7475,0,294060,7/6/2026,WHITE,0,5,F,INDEX,,F,T,0,0
7/1/2026,2:41:24 PM,SPXW,ML/,60,49.21,,CALL,7475,0,295260,7/6/2026,WHITE,0,5,F,INDEX,,F,T,0,0
7/1/2026,2:11:13 PM,SPXW,ML/,100,49.9,,CALL,7475,0,499000,7/6/2026,WHITE,0,5,F,INDEX,,F,T,0,0
7/1/2026,2:10:24 PM,SPXW,ML/,100,50.54,,CALL,7475,0,505400,7/6/2026,WHITE,0,5,F,INDEX,,F,T,0,0
7/1/2026,2:19:06 PM,SPXW,ML/,100,47.73,,CALL,7475,0,477300,7/6/2026,WHITE,0,5,F,INDEX,,F,T,0,0
7/1/2026,2:19:45 PM,SPXW,ML/,100,49.34,,CALL,7475,0,493400,7/6/2026,WHITE,0,5,F,INDEX,,F,T,0,0
7/1/2026,2:20:10 PM,SPXW,ML/,100,49.55,,CALL,7475,0,495500,7/6/2026,WHITE,0,5,F,INDEX,,F,T,0,0
7/1/2026,2:42:04 PM,SPXW,ML/,100,49.1,,CALL,7475,0,491000,7/6/2026,WHITE,0,5,F,INDEX,,F,T,0,0
7/1/2026,2:20:44 PM,SPXW,ML/,100,50.05,,CALL,7475,0,500500,7/6/2026,WHITE,0,5,F,INDEX,,F,T,0,0
7/1/2026,2:27:17 PM,SPXW,ML/,82,50.24,,CALL,7475,0,411968,7/6/2026,WHITE,0,5,F,INDEX,,F,T,0,0
7/1/2026,2:27:33 PM,SPXW,ML/,100,50.37,,CALL,7475,0,503700,7/6/2026,WHITE,0,5,F,INDEX,,F,T,0,0
7/1/2026,2:37:28 PM,SPXW,ML/,77,49.63,,CALL,7475,0,382151,7/6/2026,WHITE,0,5,F,INDEX,,F,T,0,0
7/1/2026,2:42:38 PM,SPXW,ML/,50,49.09,,CALL,7475,0,245450,7/6/2026,WHITE,0,5,F,INDEX,,F,T,0,0
7/1/2026,2:42:38 PM,SPXW,ML/,50,49.08,,CALL,7475,0,245400,7/6/2026,WHITE,0,5,F,INDEX,,F,T,0,0
7/1/2026,2:51:29 PM,SPXW,ML/,100,47.89,,CALL,7475,0,478900,7/6/2026,WHITE,0,5,F,INDEX,,F,T,0,0
7/1/2026,2:58:38 PM,SPXW,ML/,100,46.98,,CALL,7475,0,469800,7/6/2026,WHITE,0,5,F,INDEX,,F,T,0,0
7/1/2026,4:16:52 PM,SPXW,BLOCK,447,35.9,,CALL,7475,0,1604730,7/6/2026,WHITE,0,5,F,INDEX,,F,T,0,0
7/1/2026,4:24:21 PM,SPXW,BLOCK,448,36.6,,CALL,7475,0,1639680,7/6/2026,WHITE,0,5,F,INDEX,,F,T,0,0
7/1/2026,3:49:23 PM,SPXW,ML/,50,34.68,,CALL,7490,0,173400,7/6/2026,WHITE,0,5,F,INDEX,,F,T,0,0
7/1/2026,9:53:29 AM,SPXW,ML/,52,3.75,,PUT,7280,0,19500,7/6/2026,WHITE,0,5,F,INDEX,,F,T,0,0
7/1/2026,10:38:18 AM,SPXW,ML/,100,2.42,,PUT,7280,0,24200,7/6/2026,WHITE,0,5,F,INDEX,,F,T,0,0
7/1/2026,10:00:32 AM,SPXW,ML/,79,15.62,,PUT,7485,0,123398,7/1/2026,WHITE,0,0,F,INDEX,,F,T,0,0
7/1/2026,10:10:21 AM,SPXW,BLOCK,72,11.1,,PUT,7485,0,79920,7/1/2026,WHITE,0,0,F,INDEX,,F,T,0,0
7/1/2026,10:14:41 AM,SPXW,ML/,100,8.77,,PUT,7485,0,87700,7/1/2026,WHITE,0,0,F,INDEX,,F,T,0,0
7/1/2026,10:20:19 AM,SPXW,BLOCK,76,8.5,,PUT,7485,0,64600,7/1/2026,WHITE,0,0,F,INDEX,,F,T,0,0
7/1/2026,10:14:50 AM,SPXW,ML/,100,9.02,,PUT,7485,0,90200,7/1/2026,WHITE,0,0,F,INDEX,,F,T,0,0
7/1/2026,10:34:00 AM,SPXW,BLOCK,81,10.2,,PUT,7485,0,82620,7/1/2026,WHITE,0,0,F,INDEX,,F,T,0,0
7/1/2026,10:37:12 AM,SPXW,BLOCK,85,8.1,,PUT,7485,0,68850,7/1/2026,WHITE,0,0,F,INDEX,,F,T,0,0
7/1/2026,11:10:00 AM,SPXW,BLOCK,50,4.5,,PUT,7485,0,22500,7/1/2026,WHITE,0,0,F,INDEX,,F,T,0,0
7/1/2026,11:08:51 AM,SPXW,ML/,61,4.75,,PUT,7485,0,28975,7/1/2026,WHITE,0,0,F,INDEX,,F,T,0,0
7/1/2026,11:07:20 AM,SPXW,ML/,50,3.85,,PUT,7485,0,19250,7/1/2026,WHITE,0,0,F,INDEX,,F,T,0,0
7/1/2026,11:15:20 AM,SPXW,ML/,70,3.12,,PUT,7485,0,21840,7/1/2026,WHITE,0,0,F,INDEX,,F,T,0,0
7/1/2026,11:15:22 AM,SPXW,ML/,53,3.15,,PUT,7485,0,16695,7/1/2026,WHITE,0,0,F,INDEX,,F,T,0,0
7/1/2026,11:18:51 AM,SPXW,BLOCK,62,2.95,,PUT,7485,0,18290,7/1/2026,WHITE,0,0,F,INDEX,,F,T,0,0
7/1/2026,11:20:01 AM,SPXW,BLOCK,65,2.75,,PUT,7485,0,17875,7/1/2026,WHITE,0,0,F,INDEX,,F,T,0,0
7/1/2026,11:21:23 AM,SPXW,BLOCK,64,2.3,,PUT,7485,0,14719,7/1/2026,WHITE,0,0,F,INDEX,,F,T,0,0
7/1/2026,11:22:18 AM,SPXW,ML/,60,2.45,,PUT,7485,0,14700,7/1/2026,WHITE,0,0,F,INDEX,,F,T,0,0
7/1/2026,11:28:19 AM,SPXW,ML/,66,1.76,,PUT,7485,0,11616,7/1/2026,WHITE,0,0,F,INDEX,,F,T,0,0
7/1/2026,11:21:42 AM,SPXW,BLOCK,69,2.55,,PUT,7485,0,17595,7/1/2026,WHITE,0,0,F,INDEX,,F,T,0,0
7/1/2026,11:38:32 AM,SPXW,ML/,50,2.07,,PUT,7485,0,10349,7/1/2026,WHITE,0,0,F,INDEX,,F,T,0,0
7/1/2026,11:35:12 AM,SPXW,ML/,125,2.14,,PUT,7485,0,26750,7/1/2026,WHITE,0,0,F,INDEX,,F,T,0,0
7/1/2026,11:55:59 AM,SPXW,BLOCK,137,2.3,,PUT,7485,0,31509,7/1/2026,WHITE,0,0,F,INDEX,,F,T,0,0
7/1/2026,12:00:47 PM,SPXW,ML/,95,1.57,,PUT,7485,0,14915,7/1/2026,WHITE,0,0,F,INDEX,,F,T,0,0
7/1/2026,12:02:30 PM,SPXW,ML/,80,1.25,,PUT,7485,0,10000,7/1/2026,WHITE,0,0,F,INDEX,,F,T,0,0
7/1/2026,12:19:17 PM,SPXW,BLOCK,97,1.15,,PUT,7485,0,11154,7/1/2026,WHITE,0,0,F,INDEX,,F,T,0,0
7/1/2026,12:24:00 PM,SPXW,BLOCK,154,0.85,,PUT,7485,0,13090,7/1/2026,WHITE,0,0,F,INDEX,,F,T,0,0
7/1/2026,12:32:39 PM,SPXW,ML/,1000,1.05,,PUT,7485,0,105000,7/1/2026,WHITE,0,0,F,INDEX,,F,T,0,0
7/1/2026,12:40:08 PM,SPXW,ML/,125,1.4,,PUT,7485,0,17499,7/1/2026,WHITE,0,0,F,INDEX,,F,T,0,0
7/1/2026,12:39:19 PM,SPXW,ML/,139,1.15,,PUT,7485,0,15985,7/1/2026,WHITE,0,0,F,INDEX,,F,T,0,0
7/1/2026,12:52:09 PM,SPXW,BLOCK,400,1.6,,PUT,7485,0,64000,7/1/2026,WHITE,0,0,F,INDEX,,F,T,0,0
7/1/2026,12:54:47 PM,SPXW,BLOCK,52,2.05,,PUT,7485,0,10659,7/1/2026,WHITE,0,0,F,INDEX,,F,T,0,0
7/1/2026,12:59:18 PM,SPXW,BLOCK,77,2.35,,PUT,7485,0,18095,7/1/2026,WHITE,0,0,F,INDEX,,F,T,0,0
7/1/2026,12:59:25 PM,SPXW,BLOCK,95,2.55,,PUT,7485,0,24224,7/1/2026,WHITE,0,0,F,INDEX,,F,T,0,0
7/1/2026,12:59:34 PM,SPXW,ML/,66,3.1,,PUT,7485,0,20460,7/1/2026,WHITE,0,0,F,INDEX,,F,T,0,0
7/1/2026,12:59:34 PM,SPXW,BLOCK,66,3.2,,PUT,7485,0,21120,7/1/2026,WHITE,0,0,F,INDEX,,F,T,0,0
7/1/2026,12:59:35 PM,SPXW,BLOCK,99,3.4,,PUT,7485,0,33660,7/1/2026,WHITE,0,0,F,INDEX,,F,T,0,0
7/1/2026,12:59:35 PM,SPXW,ML/,56,3.4,,PUT,7485,0,19040,7/1/2026,WHITE,0,0,F,INDEX,,F,T,0,0
7/1/2026,12:59:42 PM,SPXW,BLOCK,66,3.5,,PUT,7485,0,23100,7/1/2026,WHITE,0,0,F,INDEX,,F,T,0,0
7/1/2026,11:25:41 AM,SPXW,ML/,51,2.31,,PUT,7485,0,11781,7/1/2026,WHITE,0,0,F,INDEX,,F,T,0,0
7/1/2026,1:02:50 PM,SPXW,BLOCK,50,2.7,,PUT,7485,0,13500,7/1/2026,WHITE,0,0,F,INDEX,,F,T,0,0
7/1/2026,1:05:40 PM,SPXW,ML/,76,3.75,,PUT,7485,0,28500,7/1/2026,WHITE,0,0,F,INDEX,,F,T,0,0
7/1/2026,1:06:07 PM,SPXW,BLOCK,65,4.4,,PUT,7485,0,28600,7/1/2026,WHITE,0,0,F,INDEX,,F,T,0,0
7/1/2026,1:06:30 PM,SPXW,ML/,83,4.15,,PUT,7485,0,34445,7/1/2026,WHITE,0,0,F,INDEX,,F,T,0,0
7/1/2026,1:05:41 PM,SPXW,ML/,97,3.75,,PUT,7485,0,36375,7/1/2026,WHITE,0,0,F,INDEX,,F,T,0,0
7/1/2026,1:09:14 PM,SPXW,BLOCK,108,3,,PUT,7485,0,32400,7/1/2026,WHITE,0,0,F,INDEX,,F,T,0,0
7/1/2026,1:10:06 PM,SPXW,BLOCK,57,3.2,,PUT,7485,0,18240,7/1/2026,WHITE,0,0,F,INDEX,,F,T,0,0
7/1/2026,1:13:34 PM,SPXW,ML/,73,2.22,,PUT,7485,0,16206,7/1/2026,WHITE,0,0,F,INDEX,,F,T,0,0
7/1/2026,1:26:19 PM,SPXW,ML/,100,1.25,,PUT,7485,0,12500,7/1/2026,WHITE,0,0,F,INDEX,,F,T,0,0
7/1/2026,1:44:49 PM,SPXW,ML/,56,1.82,,PUT,7485,0,10192,7/1/2026,WHITE,0,0,F,INDEX,,F,T,0,0
7/1/2026,1:55:38 PM,SPXW,ML/,90,1.92,,PUT,7485,0,17280,7/1/2026,WHITE,0,0,F,INDEX,,F,T,0,0
7/1/2026,2:09:23 PM,SPXW,BLOCK,70,1.45,,PUT,7485,0,10150,7/1/2026,WHITE,0,0,F,INDEX,,F,T,0,0
7/1/2026,2:15:26 PM,SPXW,BLOCK,104,2.5,,PUT,7485,0,26000,7/1/2026,WHITE,0,0,F,INDEX,,F,T,0,0
7/1/2026,2:15:50 PM,SPXW,ML/,110,2.95,,PUT,7485,0,32450,7/1/2026,WHITE,0,0,F,INDEX,,F,T,0,0
7/1/2026,2:16:40 PM,SPXW,BLOCK,50,2.95,,PUT,7485,0,14750,7/1/2026,WHITE,0,0,F,INDEX,,F,T,0,0
7/1/2026,2:46:35 PM,SPXW,BLOCK,78,1.6,,PUT,7485,0,12480,7/1/2026,WHITE,0,0,F,INDEX,,F,T,0,0
7/1/2026,2:19:12 PM,SPXW,ML/,55,2.25,,PUT,7485,0,12375,7/1/2026,WHITE,0,0,F,INDEX,,F,T,0,0
7/1/2026,2:48:04 PM,SPXW,BLOCK,52,2.45,,PUT,7485,0,12740,7/1/2026,WHITE,0,0,F,INDEX,,F,T,0,0
7/1/2026,2:49:28 PM,SPXW,ML/,63,1.9,,PUT,7485,0,11970,7/1/2026,WHITE,0,0,F,INDEX,,F,T,0,0
7/1/2026,2:16:14 PM,SPXW,BLOCK,52,3.2,,PUT,7485,0,16640,7/1/2026,WHITE,0,0,F,INDEX,,F,T,0,0
7/1/2026,2:55:58 PM,SPXW,BLOCK,55,2.9,,PUT,7485,0,15950,7/1/2026,WHITE,0,0,F,INDEX,,F,T,0,0
7/1/2026,2:55:25 PM,SPXW,ML/,55,2.72,,PUT,7485,0,14960,7/1/2026,WHITE,0,0,F,INDEX,,F,T,0,0
7/1/2026,2:58:51 PM,SPXW,BLOCK,50,2,,PUT,7485,0,10000,7/1/2026,WHITE,0,0,F,INDEX,,F,T,0,0
7/1/2026,2:59:41 PM,SPXW,BLOCK,74,1.8,,PUT,7485,0,13319,7/1/2026,WHITE,0,0,F,INDEX,,F,T,0,0
7/1/2026,3:09:08 PM,SPXW,ML/,255,0.57,,PUT,7485,0,14535,7/1/2026,WHITE,0,0,F,INDEX,,F,T,0,0
7/1/2026,3:41:09 PM,SPXW,BLOCK,500,0.65,,PUT,7485,0,32500,7/1/2026,WHITE,0,0,F,INDEX,,F,T,0,0
7/1/2026,3:41:31 PM,SPXW,ML/,114,0.97,,PUT,7485,0,11058,7/1/2026,WHITE,0,0,F,INDEX,,F,T,0,0
7/1/2026,3:42:22 PM,SPXW,ML/,205,0.95,,PUT,7485,0,19475,7/1/2026,WHITE,0,0,F,INDEX,,F,T,0,0
7/1/2026,3:43:42 PM,SPXW,BLOCK,185,0.8,,PUT,7485,0,14800,7/1/2026,WHITE,0,0,F,INDEX,,F,T,0,0
7/1/2026,3:44:56 PM,SPXW,BLOCK,238,0.6,,PUT,7485,0,14280,7/1/2026,WHITE,0,0,F,INDEX,,F,T,0,0
7/1/2026,3:44:57 PM,SPXW,BLOCK,182,0.65,,PUT,7485,0,11830,7/1/2026,WHITE,0,0,F,INDEX,,F,T,0,0
7/1/2026,3:45:42 PM,SPXW,BLOCK,180,0.65,,PUT,7485,0,11700,7/1/2026,WHITE,0,0,F,INDEX,,F,T,0,0
7/1/2026,3:49:17 PM,SPXW,BLOCK,144,0.9,,PUT,7485,0,12960,7/1/2026,WHITE,0,0,F,INDEX,,F,T,0,0
7/1/2026,3:52:04 PM,SPXW,ML/,168,1,,PUT,7485,0,16800,7/1/2026,WHITE,0,0,F,INDEX,,F,T,0,0
7/1/2026,3:52:24 PM,SPXW,BLOCK,98,1.25,,PUT,7485,0,12250,7/1/2026,WHITE,0,0,F,INDEX,,F,T,0,0
7/1/2026,3:52:33 PM,SPXW,ML/,651,1.25,,PUT,7485,0,81375,7/1/2026,WHITE,0,0,F,INDEX,,F,T,0,0
7/1/2026,3:52:41 PM,SPXW,BLOCK,105,1.1,,PUT,7485,0,11550,7/1/2026,WHITE,0,0,F,INDEX,,F,T,0,0
7/1/2026,3:53:08 PM,SPXW,SWEEP,106,1.35,,PUT,7485,0,14310,7/1/2026,WHITE,0,0,F,INDEX,,F,T,0,0
7/1/2026,3:53:08 PM,SPXW,ML/,289,1.4,,PUT,7485,0,40460,7/1/2026,WHITE,0,0,F,INDEX,,F,T,0,0
7/1/2026,3:53:15 PM,SPXW,BLOCK,77,1.4,,PUT,7485,0,10779,7/1/2026,WHITE,0,0,F,INDEX,,F,T,0,0
7/1/2026,3:53:27 PM,SPXW,SWEEP,156,0.95,,PUT,7485,0,14819,7/1/2026,WHITE,0,0,F,INDEX,,F,T,0,0
7/1/2026,3:54:20 PM,SPXW,BLOCK,293,0.7,,PUT,7485,0,20510,7/1/2026,WHITE,0,0,F,INDEX,,F,T,0,0
7/1/2026,3:54:50 PM,SPXW,BLOCK,135,1.05,,PUT,7485,0,14175,7/1/2026,WHITE,0,0,F,INDEX,,F,T,0,0
7/1/2026,3:56:55 PM,SPXW,SWEEP,166,1.15,,PUT,7485,0,19090,7/1/2026,WHITE,0,0,F,INDEX,,F,T,0,0
7/1/2026,3:56:57 PM,SPXW,SWEEP,86,1.2,,PUT,7485,0,10320,7/1/2026,WHITE,0,0,F,INDEX,,F,T,0,0
7/1/2026,3:56:59 PM,SPXW,BLOCK,89,1.2,,PUT,7485,0,10680,7/1/2026,WHITE,0,0,F,INDEX,,F,T,0,0
7/1/2026,3:56:57 PM,SPXW,BLOCK,94,1.25,,PUT,7485,0,11750,7/1/2026,WHITE,0,0,F,INDEX,,F,T,0,0
7/1/2026,3:53:08 PM,SPXW,BLOCK,79,1.45,,PUT,7485,0,11455,7/1/2026,WHITE,0,0,F,INDEX,,F,T,0,0
7/1/2026,3:57:02 PM,SPXW,BLOCK,105,1.5,,PUT,7485,0,15750,7/1/2026,WHITE,0,0,F,INDEX,,F,T,0,0
7/1/2026,3:52:15 PM,SPXW,ML/,68,1.65,,PUT,7485,0,11220,7/1/2026,WHITE,0,0,F,INDEX,,F,T,0,0
7/1/2026,2:59:01 PM,SPXW,ML/,65,1.92,,PUT,7485,0,12480,7/1/2026,WHITE,0,0,F,INDEX,,F,T,0,0
7/1/2026,2:58:53 PM,SPXW,ML/,50,2.07,,PUT,7485,0,10350,7/1/2026,WHITE,0,0,F,INDEX,,F,T,0,0
7/1/2026,3:57:06 PM,SPXW,ML/,51,2.2,,PUT,7485,0,11220,7/1/2026,WHITE,0,0,F,INDEX,,F,T,0,0
7/1/2026,3:57:10 PM,SPXW,ML/,55,3,,PUT,7485,0,16500,7/1/2026,WHITE,0,0,F,INDEX,,F,T,0,0
7/1/2026,3:57:17 PM,SPXW,BLOCK,62,4,,PUT,7485,0,24800,7/1/2026,WHITE,0,0,F,INDEX,,F,T,0,0
7/1/2026,3:57:17 PM,SPXW,ML/,50,4.7,,PUT,7485,0,23500,7/1/2026,WHITE,0,0,F,INDEX,,F,T,0,0
7/1/2026,3:57:18 PM,SPXW,BLOCK,136,5,,PUT,7485,0,68000,7/1/2026,WHITE,0,0,F,INDEX,,F,T,0,0
7/1/2026,3:57:24 PM,SPXW,ML/,85,4.22,,PUT,7485,0,35870,7/1/2026,WHITE,0,0,F,INDEX,,F,T,0,0
7/1/2026,3:57:32 PM,SPXW,BLOCK,245,4,,PUT,7485,0,98000,7/1/2026,WHITE,0,0,F,INDEX,,F,T,0,0
7/1/2026,11:01:51 AM,SPXW,BLOCK,51,6.1,,PUT,7485,0,31109,7/1/2026,WHITE,0,0,F,INDEX,,F,T,0,0
7/1/2026,3:57:43 PM,SPXW,ML/,91,5.5,,PUT,7485,0,50050,7/1/2026,WHITE,0,0,F,INDEX,,F,T,0,0
7/1/2026,3:57:40 PM,SPXW,BLOCK,109,4.2,,PUT,7485,0,45780,7/1/2026,WHITE,0,0,F,INDEX,,F,T,0,0
7/1/2026,1:05:40 PM,SPXW,ML/,97,3.74,,PUT,7485,0,36278,7/1/2026,WHITE,0,0,F,INDEX,,F,T,0,0
7/1/2026,3:58:08 PM,SPXW,BLOCK,100,3.4,,PUT,7485,0,34000,7/1/2026,WHITE,0,0,F,INDEX,,F,T,0,0
7/1/2026,3:58:02 PM,SPXW,ML/,70,3,,PUT,7485,0,21000,7/1/2026,WHITE,0,0,F,INDEX,,F,T,0,0
7/1/2026,3:57:05 PM,SPXW,ML/,95,2,,PUT,7485,0,19000,7/1/2026,WHITE,0,0,F,INDEX,,F,T,0,0
7/1/2026,3:58:49 PM,SPXW,ML/,70,1.92,,PUT,7485,0,13440,7/1/2026,WHITE,0,0,F,INDEX,,F,T,0,0
7/1/2026,9:53:40 AM,SPXW,ML/,100,19.93,,PUT,7485,0,199300,7/1/2026,WHITE,0,0,F,INDEX,,F,T,0,0
7/1/2026,11:00:55 AM,SPXW,ML/,110,6.02,,PUT,7485,0,66220,7/1/2026,WHITE,0,0,F,INDEX,,F,T,0,0
7/1/2026,1:06:30 PM,SPXW,ML/,85,4.15,,PUT,7485,0,35275,7/1/2026,WHITE,0,0,F,INDEX,,F,T,0,0
7/1/2026,1:05:52 PM,SPXW,ML/,84,3.85,,PUT,7485,0,32340,7/1/2026,WHITE,0,0,F,INDEX,,F,T,0,0
7/1/2026,1:05:54 PM,SPXW,ML/,107,3.79,,PUT,7485,0,40553,7/1/2026,WHITE,0,0,F,INDEX,,F,T,0,0
7/1/2026,10:12:22 AM,SPXW,ML/,60,12.85,,PUT,7495,0,77100,7/1/2026,WHITE,0,0,F,INDEX,,F,T,0,0
7/1/2026,10:21:54 AM,SPXW,ML/,100,11,,PUT,7495,0,110000,7/1/2026,WHITE,0,0,F,INDEX,,F,T,0,0
7/1/2026,10:26:36 AM,SPXW,BLOCK,54,10.6,,PUT,7495,0,57240,7/1/2026,WHITE,0,0,F,INDEX,,F,T,0,0
7/1/2026,10:29:30 AM,SPXW,ML/,281,11.17,,PUT,7495,0,313877,7/1/2026,WHITE,0,0,F,INDEX,,F,T,0,0
7/1/2026,10:39:47 AM,SPXW,BLOCK,100,10.8,,PUT,7495,0,108000,7/1/2026,WHITE,0,0,F,INDEX,,F,T,0,0
7/1/2026,10:41:18 AM,SPXW,BLOCK,61,12,,PUT,7495,0,73200,7/1/2026,WHITE,0,0,F,INDEX,,F,T,0,0
7/1/2026,10:41:20 AM,SPXW,SWEEP,112,12,,PUT,7495,0,134400,7/1/2026,WHITE,0,0,F,INDEX,,F,T,0,0
7/1/2026,10:22:50 AM,SPXW,ML/,100,11.93,,PUT,7495,0,119300,7/1/2026,WHITE,0,0,F,INDEX,,F,T,0,0
7/1/2026,10:41:57 AM,SPXW,BLOCK,51,12.6,,PUT,7495,0,64259,7/1/2026,WHITE,0,0,F,INDEX,,F,T,0,0
7/1/2026,10:43:06 AM,SPXW,BLOCK,50,11.7,,PUT,7495,0,58500,7/1/2026,WHITE,0,0,F,INDEX,,F,T,0,0
7/1/2026,10:30:35 AM,SPXW,ML/,63,12.07,,PUT,7495,0,76041,7/1/2026,WHITE,0,0,F,INDEX,,F,T,0,0
7/1/2026,11:00:54 AM,SPXW,BLOCK,63,9.5,,PUT,7495,0,59850,7/1/2026,WHITE,0,0,F,INDEX,,F,T,0,0
7/1/2026,11:07:36 AM,SPXW,ML/,51,6.15,,PUT,7495,0,31364,7/1/2026,WHITE,0,0,F,INDEX,,F,T,0,0
7/1/2026,11:19:29 AM,SPXW,BLOCK,151,4.6,,PUT,7495,0,69460,7/1/2026,WHITE,0,0,F,INDEX,,F,T,0,0
7/1/2026,11:25:59 AM,SPXW,ML/,50,3.35,,PUT,7495,0,16750,7/1/2026,WHITE,0,0,F,INDEX,,F,T,0,0
7/1/2026,11:31:48 AM,SPXW,ML/,74,2.8,,PUT,7495,0,20720,7/1/2026,WHITE,0,0,F,INDEX,,F,T,0,0
7/1/2026,11:33:29 AM,SPXW,ML/,50,3.03,,PUT,7495,0,15150,7/1/2026,WHITE,0,0,F,INDEX,,F,T,0,0
7/1/2026,11:25:41 AM,SPXW,ML/,51,3.61,,PUT,7495,0,18411,7/1/2026,WHITE,0,0,F,INDEX,,F,T,0,0
7/1/2026,11:38:32 AM,SPXW,ML/,50,3.37,,PUT,7495,0,16850,7/1/2026,WHITE,0,0,F,INDEX,,F,T,0,0
7/1/2026,11:35:12 AM,SPXW,ML/,125,3.49,,PUT,7495,0,43625,7/1/2026,WHITE,0,0,F,INDEX,,F,T,0,0
7/1/2026,11:54:22 AM,SPXW,BLOCK,56,3.4,,PUT,7495,0,19040,7/1/2026,WHITE,0,0,F,INDEX,,F,T,0,0
7/1/2026,11:54:14 AM,SPXW,ML/,61,3.17,,PUT,7495,0,19337,7/1/2026,WHITE,0,0,F,INDEX,,F,T,0,0
7/1/2026,12:01:33 PM,SPXW,BLOCK,105,2.5,,PUT,7495,0,26250,7/1/2026,WHITE,0,0,F,INDEX,,F,T,0,0
7/1/2026,12:12:26 PM,SPXW,ML/,78,1.97,,PUT,7495,0,15366,7/1/2026,WHITE,0,0,F,INDEX,,F,T,0,0
7/1/2026,12:28:49 PM,SPXW,BLOCK,75,1.65,,PUT,7495,0,12375,7/1/2026,WHITE,0,0,F,INDEX,,F,T,0,0
7/1/2026,12:32:39 PM,SPXW,ML/,1000,1.7,,PUT,7495,0,170000,7/1/2026,WHITE,0,0,F,INDEX,,F,T,0,0
7/1/2026,12:15:42 PM,SPXW,ML/,90,1.83,,PUT,7495,0,16470,7/1/2026,WHITE,0,0,F,INDEX,,F,T,0,0
7/1/2026,12:40:08 PM,SPXW,ML/,125,2.5,,PUT,7495,0,31250,7/1/2026,WHITE,0,0,F,INDEX,,F,T,0,0
7/1/2026,12:44:53 PM,SPXW,BLOCK,52,2.4,,PUT,7495,0,12480,7/1/2026,WHITE,0,0,F,INDEX,,F,T,0,0
7/1/2026,12:52:37 PM,SPXW,BLOCK,68,3.3,,PUT,7495,0,22440,7/1/2026,WHITE,0,0,F,INDEX,,F,T,0,0
7/1/2026,12:54:34 PM,SPXW,ML/,73,3.2,,PUT,7495,0,23360,7/1/2026,WHITE,0,0,F,INDEX,,F,T,0,0
7/1/2026,12:59:32 PM,SPXW,BLOCK,76,5,,PUT,7495,0,38000,7/1/2026,WHITE,0,0,F,INDEX,,F,T,0,0
7/1/2026,11:14:53 AM,SPXW,ML/,102,5.9,,PUT,7495,0,60179,7/1/2026,WHITE,0,0,F,INDEX,,F,T,0,0
7/1/2026,1:05:40 PM,SPXW,ML/,76,6.4,,PUT,7495,0,48640,7/1/2026,WHITE,0,0,F,INDEX,,F,T,0,0
7/1/2026,1:05:41 PM,SPXW,ML/,97,6.4,,PUT,7495,0,62080,7/1/2026,WHITE,0,0,F,INDEX,,F,T,0,0
7/1/2026,1:06:30 PM,SPXW,ML/,83,7.1,,PUT,7495,0,58929,7/1/2026,WHITE,0,0,F,INDEX,,F,T,0,0
7/1/2026,1:06:30 PM,SPXW,ML/,85,7.1,,PUT,7495,0,60350,7/1/2026,WHITE,0,0,F,INDEX,,F,T,0,0
7/1/2026,1:05:54 PM,SPXW,ML/,117,6.49,,PUT,7495,0,75933,7/1/2026,WHITE,0,0,F,INDEX,,F,T,0,0
7/1/2026,11:14:53 AM,SPXW,ML/,300,6.03,,PUT,7495,0,180900,7/1/2026,WHITE,0,0,F,INDEX,,F,T,0,0
7/1/2026,1:13:13 PM,SPXW,BLOCK,57,4,,PUT,7495,0,22800,7/1/2026,WHITE,0,0,F,INDEX,,F,T,0,0
7/1/2026,1:13:34 PM,SPXW,ML/,73,4.07,,PUT,7495,0,29711,7/1/2026,WHITE,0,0,F,INDEX,,F,T,0,0
7/1/2026,1:15:20 PM,SPXW,ML/,74,3.47,,PUT,7495,0,25678,7/1/2026,WHITE,0,0,F,INDEX,,F,T,0,0
7/1/2026,1:15:20 PM,SPXW,ML/,74,3.47,,PUT,7495,0,25678,7/1/2026,WHITE,0,0,F,INDEX,,F,T,0,0
7/1/2026,1:15:20 PM,SPXW,ML/,52,3.47,,PUT,7495,0,18044,7/1/2026,WHITE,0,0,F,INDEX,,F,T,0,0
7/1/2026,1:15:23 PM,SPXW,ML/,68,3.57,,PUT,7495,0,24276,7/1/2026,WHITE,0,0,F,INDEX,,F,T,0,0
7/1/2026,1:18:12 PM,SPXW,BLOCK,56,3.6,,PUT,7495,0,20160,7/1/2026,WHITE,0,0,F,INDEX,,F,T,0,0
7/1/2026,11:47:51 AM,SPXW,ML/,800,3.06,,PUT,7495,0,244800,7/1/2026,WHITE,0,0,F,INDEX,,F,T,0,0
7/1/2026,1:27:18 PM,SPXW,SWEEP,132,2.25,,PUT,7495,0,29700,7/1/2026,WHITE,0,0,F,INDEX,,F,T,0,0
7/1/2026,12:51:36 PM,SPXW,ML/,51,2.98,,PUT,7495,0,15198,7/1/2026,WHITE,0,0,F,INDEX,,F,T,0,0
7/1/2026,1:44:49 PM,SPXW,ML/,56,3.55,,PUT,7495,0,19880,7/1/2026,WHITE,0,0,F,INDEX,,F,T,0,0
7/1/2026,1:45:06 PM,SPXW,BLOCK,61,3.8,,PUT,7495,0,23180,7/1/2026,WHITE,0,0,F,INDEX,,F,T,0,0
7/1/2026,1:45:07 PM,SPXW,ML/,63,3.7,,PUT,7495,0,23310,7/1/2026,WHITE,0,0,F,INDEX,,F,T,0,0
7/1/2026,1:45:49 PM,SPXW,SWEEP,182,3.2,,PUT,7495,0,58240,7/1/2026,WHITE,0,0,F,INDEX,,F,T,0,0
7/1/2026,1:50:36 PM,SPXW,BLOCK,50,3.3,,PUT,7495,0,16500,7/1/2026,WHITE,0,0,F,INDEX,,F,T,0,0
7/1/2026,1:55:35 PM,SPXW,BLOCK,212,3.4,,PUT,7495,0,72080,7/1/2026,WHITE,0,0,F,INDEX,,F,T,0,0
7/1/2026,1:58:21 PM,SPXW,BLOCK,79,3.7,,PUT,7495,0,29230,7/1/2026,WHITE,0,0,F,INDEX,,F,T,0,0
7/1/2026,1:58:31 PM,SPXW,BLOCK,88,3.7,,PUT,7495,0,32560,7/1/2026,WHITE,0,0,F,INDEX,,F,T,0,0
7/1/2026,2:00:21 PM,SPXW,BLOCK,50,4.3,,PUT,7495,0,21500,7/1/2026,WHITE,0,0,F,INDEX,,F,T,0,0
7/1/2026,2:04:37 PM,SPXW,BLOCK,135,2.65,,PUT,7495,0,35775,7/1/2026,WHITE,0,0,F,INDEX,,F,T,0,0
7/1/2026,2:04:37 PM,SPXW,BLOCK,66,2.6,,PUT,7495,0,17160,7/1/2026,WHITE,0,0,F,INDEX,,F,T,0,0
7/1/2026,2:15:18 PM,SPXW,ML/,53,5,,PUT,7495,0,26500,7/1/2026,WHITE,0,0,F,INDEX,,F,T,0,0
7/1/2026,2:15:49 PM,SPXW,BLOCK,99,6,,PUT,7495,0,59400,7/1/2026,WHITE,0,0,F,INDEX,,F,T,0,0
7/1/2026,2:16:11 PM,SPXW,BLOCK,84,6,,PUT,7495,0,50400,7/1/2026,WHITE,0,0,F,INDEX,,F,T,0,0
7/1/2026,2:16:13 PM,SPXW,SWEEP,59,6.3,,PUT,7495,0,37170,7/1/2026,WHITE,0,0,F,INDEX,,F,T,0,0
7/1/2026,2:00:37 PM,SPXW,ML/,100,3.55,,PUT,7495,0,35499,7/1/2026,WHITE,0,0,F,INDEX,,F,T,0,0
7/1/2026,2:22:16 PM,SPXW,BLOCK,50,3.4,,PUT,7495,0,17000,7/1/2026,WHITE,0,0,F,INDEX,,F,T,0,0
7/1/2026,2:29:05 PM,SPXW,BLOCK,53,3.6,,PUT,7495,0,19080,7/1/2026,WHITE,0,0,F,INDEX,,F,T,0,0
7/1/2026,2:31:11 PM,SPXW,BLOCK,50,4.2,,PUT,7495,0,21000,7/1/2026,WHITE,0,0,F,INDEX,,F,T,0,0
7/1/2026,2:41:59 PM,SPXW,BLOCK,50,3.5,,PUT,7495,0,17500,7/1/2026,WHITE,0,0,F,INDEX,,F,T,0,0
7/1/2026,2:44:03 PM,SPXW,ML/,76,3.43,,PUT,7495,0,26068,7/1/2026,WHITE,0,0,F,INDEX,,F,T,0,0
7/1/2026,2:46:17 PM,SPXW,BLOCK,54,3.4,,PUT,7495,0,18360,7/1/2026,WHITE,0,0,F,INDEX,,F,T,0,0
7/1/2026,2:49:20 PM,SPXW,BLOCK,50,4.5,,PUT,7495,0,22500,7/1/2026,WHITE,0,0,F,INDEX,,F,T,0,0
7/1/2026,2:53:42 PM,SPXW,BLOCK,54,6.1,,PUT,7495,0,32940,7/1/2026,WHITE,0,0,F,INDEX,,F,T,0,0
7/1/2026,1:05:52 PM,SPXW,ML/,84,6.55,,PUT,7495,0,55019,7/1/2026,WHITE,0,0,F,INDEX,,F,T,0,0
7/1/2026,2:57:01 PM,SPXW,ML/,63,6.1,,PUT,7495,0,38429,7/1/2026,WHITE,0,0,F,INDEX,,F,T,0,0
7/1/2026,2:46:33 PM,SPXW,ML/,57,3.67,,PUT,7495,0,20919,7/1/2026,WHITE,0,0,F,INDEX,,F,T,0,0
7/1/2026,3:00:07 PM,SPXW,BLOCK,82,4,,PUT,7495,0,32800,7/1/2026,WHITE,0,0,F,INDEX,,F,T,0,0
7/1/2026,3:00:54 PM,SPXW,BLOCK,56,4.1,,PUT,7495,0,22959,7/1/2026,WHITE,0,0,F,INDEX,,F,T,0,0
7/1/2026,3:01:02 PM,SPXW,BLOCK,50,4.2,,PUT,7495,0,21000,7/1/2026,WHITE,0,0,F,INDEX,,F,T,0,0
7/1/2026,3:00:41 PM,SPXW,BLOCK,50,3.8,,PUT,7495,0,19000,7/1/2026,WHITE,0,0,F,INDEX,,F,T,0,0
7/1/2026,2:45:05 PM,SPXW,ML/,53,3.17,,PUT,7495,0,16801,7/1/2026,WHITE,0,0,F,INDEX,,F,T,0,0
7/1/2026,3:03:37 PM,SPXW,BLOCK,125,3.2,,PUT,7495,0,40000,7/1/2026,WHITE,0,0,F,INDEX,,F,T,0,0
7/1/2026,3:03:56 PM,SPXW,BLOCK,57,3,,PUT,7495,0,17100,7/1/2026,WHITE,0,0,F,INDEX,,F,T,0,0
7/1/2026,3:04:06 PM,SPXW,BLOCK,50,3.1,,PUT,7495,0,15500,7/1/2026,WHITE,0,0,F,INDEX,,F,T,0,0
7/1/2026,3:06:31 PM,SPXW,BLOCK,51,2.05,,PUT,7495,0,10455,7/1/2026,WHITE,0,0,F,INDEX,,F,T,0,0
7/1/2026,3:07:44 PM,SPXW,BLOCK,90,2,,PUT,7495,0,18000,7/1/2026,WHITE,0,0,F,INDEX,,F,T,0,0
7/1/2026,3:07:46 PM,SPXW,BLOCK,50,2,,PUT,7495,0,10000,7/1/2026,WHITE,0,0,F,INDEX,,F,T,0,0
7/1/2026,3:09:34 PM,SPXW,ML/,71,1.55,,PUT,7495,0,11005,7/1/2026,WHITE,0,0,F,INDEX,,F,T,0,0
7/1/2026,3:11:03 PM,SPXW,BLOCK,102,1.6,,PUT,7495,0,16320,7/1/2026,WHITE,0,0,F,INDEX,,F,T,0,0
7/1/2026,3:11:48 PM,SPXW,BLOCK,61,1.75,,PUT,7495,0,10675,7/1/2026,WHITE,0,0,F,INDEX,,F,T,0,0
7/1/2026,3:12:27 PM,SPXW,BLOCK,60,1.9,,PUT,7495,0,11399,7/1/2026,WHITE,0,0,F,INDEX,,F,T,0,0
7/1/2026,3:16:29 PM,SPXW,BLOCK,91,1.1,,PUT,7495,0,10010,7/1/2026,WHITE,0,0,F,INDEX,,F,T,0,0
7/1/2026,3:16:59 PM,SPXW,BLOCK,100,1.1,,PUT,7495,0,11000,7/1/2026,WHITE,0,0,F,INDEX,,F,T,0,0
7/1/2026,3:25:49 PM,SPXW,BLOCK,172,1.9,,PUT,7495,0,32680,7/1/2026,WHITE,0,0,F,INDEX,,F,T,0,0
7/1/2026,3:25:49 PM,SPXW,BLOCK,78,1.9,,PUT,7495,0,14819,7/1/2026,WHITE,0,0,F,INDEX,,F,T,0,0
7/1/2026,3:12:22 PM,SPXW,ML/,110,2.15,,PUT,7495,0,23650,7/1/2026,WHITE,0,0,F,INDEX,,F,T,0,0
7/1/2026,3:26:08 PM,SPXW,ML/,88,2,,PUT,7495,0,17600,7/1/2026,WHITE,0,0,F,INDEX,,F,T,0,0
7/1/2026,3:28:47 PM,SPXW,BLOCK,135,1.9,,PUT,7495,0,25650,7/1/2026,WHITE,0,0,F,INDEX,,F,T,0,0
7/1/2026,3:29:03 PM,SPXW,BLOCK,82,1.8,,PUT,7495,0,14760,7/1/2026,WHITE,0,0,F,INDEX,,F,T,0,0
7/1/2026,3:29:48 PM,SPXW,BLOCK,56,1.85,,PUT,7495,0,10360,7/1/2026,WHITE,0,0,F,INDEX,,F,T,0,0
7/1/2026,3:29:48 PM,SPXW,ML/,200,1.85,,PUT,7495,0,37000,7/1/2026,WHITE,0,0,F,INDEX,,F,T,0,0
7/1/2026,3:33:17 PM,SPXW,BLOCK,63,1.6,,PUT,7495,0,10080,7/1/2026,WHITE,0,0,F,INDEX,,F,T,0,0
7/1/2026,3:33:31 PM,SPXW,BLOCK,108,1.75,,PUT,7495,0,18900,7/1/2026,WHITE,0,0,F,INDEX,,F,T,0,0
7/1/2026,3:35:41 PM,SPXW,BLOCK,92,1.7,,PUT,7495,0,15640,7/1/2026,WHITE,0,0,F,INDEX,,F,T,0,0
7/1/2026,3:36:03 PM,SPXW,BLOCK,96,1.85,,PUT,7495,0,17760,7/1/2026,WHITE,0,0,F,INDEX,,F,T,0,0
7/1/2026,3:37:22 PM,SPXW,BLOCK,50,2.15,,PUT,7495,0,10750,7/1/2026,WHITE,0,0,F,INDEX,,F,T,0,0
7/1/2026,3:37:26 PM,SPXW,BLOCK,50,2,,PUT,7495,0,10000,7/1/2026,WHITE,0,0,F,INDEX,,F,T,0,0
7/1/2026,3:37:31 PM,SPXW,BLOCK,50,2.1,,PUT,7495,0,10500,7/1/2026,WHITE,0,0,F,INDEX,,F,T,0,0
7/1/2026,3:38:06 PM,SPXW,BLOCK,74,2.3,,PUT,7495,0,17020,7/1/2026,WHITE,0,0,F,INDEX,,F,T,0,0
7/1/2026,3:38:55 PM,SPXW,BLOCK,50,2.3,,PUT,7495,0,11499,7/1/2026,WHITE,0,0,F,INDEX,,F,T,0,0
7/1/2026,3:38:59 PM,SPXW,ML/,191,2.5,,PUT,7495,0,47750,7/1/2026,WHITE,0,0,F,INDEX,,F,T,0,0
7/1/2026,3:39:31 PM,SPXW,ML/,136,2.4,,PUT,7495,0,32639,7/1/2026,WHITE,0,0,F,INDEX,,F,T,0,0
7/1/2026,3:40:10 PM,SPXW,BLOCK,84,2.5,,PUT,7495,0,21000,7/1/2026,WHITE,0,0,F,INDEX,,F,T,0,0
7/1/2026,3:40:14 PM,SPXW,BLOCK,89,2.5,,PUT,7495,0,22250,7/1/2026,WHITE,0,0,F,INDEX,,F,T,0,0
7/1/2026,3:40:24 PM,SPXW,BLOCK,52,3,,PUT,7495,0,15600,7/1/2026,WHITE,0,0,F,INDEX,,F,T,0,0
7/1/2026,3:40:44 PM,SPXW,BLOCK,51,3.3,,PUT,7495,0,16830,7/1/2026,WHITE,0,0,F,INDEX,,F,T,0,0
7/1/2026,3:41:56 PM,SPXW,BLOCK,61,3.8,,PUT,7495,0,23180,7/1/2026,WHITE,0,0,F,INDEX,,F,T,0,0
7/1/2026,3:42:03 PM,SPXW,BLOCK,63,4,,PUT,7495,0,25200,7/1/2026,WHITE,0,0,F,INDEX,,F,T,0,0
7/1/2026,3:42:09 PM,SPXW,BLOCK,53,4.4,,PUT,7495,0,23320,7/1/2026,WHITE,0,0,F,INDEX,,F,T,0,0
7/1/2026,3:45:26 PM,SPXW,BLOCK,50,3.6,,PUT,7495,0,18000,7/1/2026,WHITE,0,0,F,INDEX,,F,T,0,0
7/1/2026,3:46:45 PM,SPXW,ML/,52,3.7,,PUT,7495,0,19240,7/1/2026,WHITE,0,0,F,INDEX,,F,T,0,0
7/1/2026,3:44:33 PM,SPXW,ML/,100,3.39,,PUT,7495,0,33900,7/1/2026,WHITE,0,0,F,INDEX,,F,T,0,0
7/1/2026,3:50:34 PM,SPXW,BLOCK,61,3.6,,PUT,7495,0,21960,7/1/2026,WHITE,0,0,F,INDEX,,F,T,0,0
7/1/2026,3:51:36 PM,SPXW,ML/,50,5,,PUT,7495,0,25000,7/1/2026,WHITE,0,0,F,INDEX,,F,T,0,0
7/1/2026,3:51:56 PM,SPXW,ML/,80,5.45,,PUT,7495,0,43600,7/1/2026,WHITE,0,0,F,INDEX,,F,T,0,0
7/1/2026,3:51:56 PM,SPXW,BLOCK,59,5.5,,PUT,7495,0,32450,7/1/2026,WHITE,0,0,F,INDEX,,F,T,0,0
7/1/2026,2:56:48 PM,SPXW,ML/,50,6.33,,PUT,7495,0,31650,7/1/2026,WHITE,0,0,F,INDEX,,F,T,0,0
7/1/2026,3:52:11 PM,SPXW,ML/,61,7.5,,PUT,7495,0,45750,7/1/2026,WHITE,0,0,F,INDEX,,F,T,0,0
7/1/2026,3:52:00 PM,SPXW,BLOCK,264,5.5,,PUT,7495,0,145200,7/1/2026,WHITE,0,0,F,INDEX,,F,T,0,0
7/1/2026,3:54:00 PM,SPXW,ML/,380,4.8,,PUT,7495,0,182400,7/1/2026,WHITE,0,0,F,INDEX,,F,T,0,0
7/1/2026,3:53:10 PM,SPXW,ML/,67,6.62,,PUT,7495,0,44354,7/1/2026,WHITE,0,0,F,INDEX,,F,T,0,0
7/1/2026,3:59:52 PM,SPXW,ML/,96,11.35,,PUT,7495,0,108959,7/1/2026,WHITE,0,0,F,INDEX,,F,T,0,0
7/1/2026,10:29:30 AM,SPXW,ML/,119,11.19,,PUT,7495,0,133161,7/1/2026,WHITE,0,0,F,INDEX,,F,T,0,0
7/1/2026,10:31:27 AM,SPXW,ML/,50,13.92,,PUT,7495,0,69600,7/1/2026,WHITE,0,0,F,INDEX,,F,T,0,0
7/1/2026,1:05:40 PM,SPXW,ML/,97,6.39,,PUT,7495,0,61983,7/1/2026,WHITE,0,0,F,INDEX,,F,T,0,0
7/1/2026,3:54:00 PM,SPXW,ML/,92,4.82,,PUT,7495,0,44344,7/1/2026,WHITE,0,0,F,INDEX,,F,T,0,0
7/1/2026,3:53:15 PM,SPXW,ML/,100,6.94,,PUT,7495,0,69400,7/1/2026,WHITE,0,0,F,INDEX,,F,T,0,0
7/1/2026,3:31:12 PM,SPXW,BLOCK,275,0.45,,CALL,7595,0,12375,7/2/2026,WHITE,0,1,F,INDEX,,F,T,0,0
7/1/2026,11:12:00 AM,SPXW,BLOCK,62,2.7,,PUT,7395,0,16740,7/2/2026,WHITE,0,1,F,INDEX,,F,T,0,0
7/1/2026,12:59:30 PM,SPXW,ML/,59,2.6,,PUT,7395,0,15340,7/2/2026,WHITE,0,1,F,INDEX,,F,T,0,0
7/1/2026,3:49:22 PM,SPXW,ML/,55,2.45,,PUT,7395,0,13475,7/2/2026,WHITE,0,1,F,INDEX,,F,T,0,0
7/1/2026,3:39:15 PM,SPXW,ML/,55,2.17,,PUT,7395,0,11935,7/2/2026,WHITE,0,1,F,INDEX,,F,T,0,0
7/1/2026,3:57:18 PM,SPXW,ML/,85,3.12,,PUT,7395,0,26520,7/2/2026,WHITE,0,1,F,INDEX,,F,T,0,0
7/1/2026,10:01:23 AM,SPXW,ML/,2985,0.28,,CALL,7615,0,83580,7/2/2026,WHITE,0,1,F,INDEX,,F,T,0,0
7/1/2026,10:17:09 AM,SPXW,BLOCK,100,6.5,,PUT,7325,0,65000,7/7/2026,WHITE,0,6,F,INDEX,,F,T,0,0
7/1/2026,9:46:18 AM,SPXW,ML/,60,10,,PUT,7315,0,60000,7/7/2026,WHITE,0,6,F,INDEX,,F,T,0,0
7/1/2026,12:13:38 PM,SPXW,ML/,96,3.58,,PUT,7315,0,34368,7/7/2026,WHITE,0,6,F,INDEX,,F,T,0,0
7/1/2026,12:14:14 PM,SPXW,ML/,260,3.53,,PUT,7315,0,91780,7/7/2026,WHITE,0,6,F,INDEX,,F,T,0,0
7/1/2026,9:55:31 AM,SPXW,ML/,50,10.65,,PUT,7465,0,53250,7/1/2026,WHITE,0,0,F,INDEX,,F,T,0,0
7/1/2026,10:12:09 AM,SPXW,BLOCK,63,4,,PUT,7465,0,25200,7/1/2026,WHITE,0,0,F,INDEX,,F,T,0,0
7/1/2026,10:12:58 AM,SPXW,BLOCK,51,4.3,,PUT,7465,0,21930,7/1/2026,WHITE,0,0,F,INDEX,,F,T,0,0
7/1/2026,10:12:43 AM,SPXW,ML/,59,4.15,,PUT,7465,0,24485,7/1/2026,WHITE,0,0,F,INDEX,,F,T,0,0
7/1/2026,10:15:33 AM,SPXW,ML/,60,4.15,,PUT,7465,0,24900,7/1/2026,WHITE,0,0,F,INDEX,,F,T,0,0
7/1/2026,10:16:03 AM,SPXW,ML/,50,4.25,,PUT,7465,0,21250,7/1/2026,WHITE,0,0,F,INDEX,,F,T,0,0
7/1/2026,10:25:28 AM,SPXW,BLOCK,50,3.8,,PUT,7465,0,19000,7/1/2026,WHITE,0,0,F,INDEX,,F,T,0,0
7/1/2026,10:26:09 AM,SPXW,BLOCK,55,3.5,,PUT,7465,0,19250,7/1/2026,WHITE,0,0,F,INDEX,,F,T,0,0
7/1/2026,10:27:03 AM,SPXW,BLOCK,50,3.6,,PUT,7465,0,18000,7/1/2026,WHITE,0,0,F,INDEX,,F,T,0,0
7/1/2026,10:16:30 AM,SPXW,ML/,50,4.67,,PUT,7465,0,23349,7/1/2026,WHITE,0,0,F,INDEX,,F,T,0,0
7/1/2026,10:34:52 AM,SPXW,BLOCK,66,4.2,,PUT,7465,0,27720,7/1/2026,WHITE,0,0,F,INDEX,,F,T,0,0
7/1/2026,10:59:58 AM,SPXW,ML/,129,2.92,,PUT,7465,0,37668,7/1/2026,WHITE,0,0,F,INDEX,,F,T,0,0
7/1/2026,11:21:40 AM,SPXW,ML/,260,1.12,,PUT,7465,0,29120,7/1/2026,WHITE,0,0,F,INDEX,,F,T,0,0
7/1/2026,11:23:20 AM,SPXW,BLOCK,100,1.05,,PUT,7465,0,10500,7/1/2026,WHITE,0,0,F,INDEX,,F,T,0,0
7/1/2026,11:28:24 AM,SPXW,ML/,150,0.82,,PUT,7465,0,12300,7/1/2026,WHITE,0,0,F,INDEX,,F,T,0,0
7/1/2026,11:36:14 AM,SPXW,ML/,149,1.1,,PUT,7465,0,16390,7/1/2026,WHITE,0,0,F,INDEX,,F,T,0,0
7/1/2026,11:36:14 AM,SPXW,ML/,597,1.07,,PUT,7465,0,63879,7/1/2026,WHITE,0,0,F,INDEX,,F,T,0,0
7/1/2026,1:06:15 PM,SPXW,BLOCK,106,1.6,,PUT,7465,0,16960,7/1/2026,WHITE,0,0,F,INDEX,,F,T,0,0
7/1/2026,1:06:16 PM,SPXW,BLOCK,184,1.55,,PUT,7465,0,28520,7/1/2026,WHITE,0,0,F,INDEX,,F,T,0,0
7/1/2026,1:06:20 PM,SPXW,BLOCK,247,1.55,,PUT,7465,0,38285,7/1/2026,WHITE,0,0,F,INDEX,,F,T,0,0
7/1/2026,1:06:20 PM,SPXW,BLOCK,66,1.55,,PUT,7465,0,10230,7/1/2026,WHITE,0,0,F,INDEX,,F,T,0,0
7/1/2026,11:56:26 AM,SPXW,ML/,209,0.98,,PUT,7465,0,20482,7/1/2026,WHITE,0,0,F,INDEX,,F,T,0,0
7/1/2026,1:18:23 PM,SPXW,ML/,435,0.72,,PUT,7465,0,31320,7/1/2026,WHITE,0,0,F,INDEX,,F,T,0,0
7/1/2026,9:33:00 AM,SPXW,ML/,100,18.98,,PUT,7465,0,189800,7/1/2026,WHITE,0,0,F,INDEX,,F,T,0,0
7/1/2026,9:50:55 AM,SPXW,ML/,100,14.13,,PUT,7465,0,141300,7/1/2026,WHITE,0,0,F,INDEX,,F,T,0,0
7/1/2026,10:05:39 AM,SPXW,ML/,63,7.05,,PUT,7465,0,44415,7/1/2026,WHITE,0,0,F,INDEX,,F,T,0,0
7/1/2026,10:45:45 AM,SPXW,ML/,64,5.65,,PUT,7465,0,36160,7/1/2026,WHITE,0,0,F,INDEX,,F,T,0,0
7/1/2026,10:08:37 AM,SPXW,ML/,99,5.31,,PUT,7465,0,52568,7/1/2026,WHITE,0,0,F,INDEX,,F,T,0,0
7/1/2026,10:58:19 AM,SPXW,ML/,435,3.42,,PUT,7465,0,148770,7/1/2026,WHITE,0,0,F,INDEX,,F,T,0,0
7/1/2026,10:56:41 AM,SPXW,ML/,100,3.33,,PUT,7465,0,33300,7/1/2026,WHITE,0,0,F,INDEX,,F,T,0,0
7/1/2026,9:37:12 AM,SPXW,BLOCK,55,18.7,,PUT,7460,0,102850,7/1/2026,WHITE,0,0,F,INDEX,,F,T,0,0
7/1/2026,9:55:31 AM,SPXW,ML/,50,9.05,,PUT,7460,0,45250,7/1/2026,WHITE,0,0,F,INDEX,,F,T,0,0
7/1/2026,9:56:12 AM,SPXW,BLOCK,105,9.1,,PUT,7460,0,95550,7/1/2026,WHITE,0,0,F,INDEX,,F,T,0,0
7/1/2026,10:03:48 AM,SPXW,ML/,50,7.5,,PUT,7460,0,37500,7/1/2026,WHITE,0,0,F,INDEX,,F,T,0,0
7/1/2026,10:13:15 AM,SPXW,ML/,95,3.63,,PUT,7460,0,34485,7/1/2026,WHITE,0,0,F,INDEX,,F,T,0,0
7/1/2026,10:13:17 AM,SPXW,ML/,395,3.68,,PUT,7460,0,145360,7/1/2026,WHITE,0,0,F,INDEX,,F,T,0,0
7/1/2026,10:13:17 AM,SPXW,ML/,143,3.67,,PUT,7460,0,52481,7/1/2026,WHITE,0,0,F,INDEX,,F,T,0,0
7/1/2026,10:12:43 AM,SPXW,ML/,59,3.45,,PUT,7460,0,20355,7/1/2026,WHITE,0,0,F,INDEX,,F,T,0,0
7/1/2026,10:15:07 AM,SPXW,ML/,53,3.5,,PUT,7460,0,18550,7/1/2026,WHITE,0,0,F,INDEX,,F,T,0,0
7/1/2026,10:13:17 AM,SPXW,ML/,206,3.68,,PUT,7460,0,75808,7/1/2026,WHITE,0,0,F,INDEX,,F,T,0,0
7/1/2026,10:16:03 AM,SPXW,ML/,50,3.55,,PUT,7460,0,17750,7/1/2026,WHITE,0,0,F,INDEX,,F,T,0,0
7/1/2026,10:15:19 AM,SPXW,ML/,70,3.32,,PUT,7460,0,23239,7/1/2026,WHITE,0,0,F,INDEX,,F,T,0,0
7/1/2026,10:24:21 AM,SPXW,BLOCK,50,3.1,,PUT,7460,0,15500,7/1/2026,WHITE,0,0,F,INDEX,,F,T,0,0
7/1/2026,10:29:06 AM,SPXW,ML/,100,2.95,,PUT,7460,0,29500,7/1/2026,WHITE,0,0,F,INDEX,,F,T,0,0
7/1/2026,10:13:16 AM,SPXW,ML/,64,3.63,,PUT,7460,0,23232,7/1/2026,WHITE,0,0,F,INDEX,,F,T,0,0
7/1/2026,10:16:30 AM,SPXW,ML/,50,3.82,,PUT,7460,0,19099,7/1/2026,WHITE,0,0,F,INDEX,,F,T,0,0
7/1/2026,10:36:19 AM,SPXW,BLOCK,58,4,,PUT,7460,0,23200,7/1/2026,WHITE,0,0,F,INDEX,,F,T,0,0
7/1/2026,10:31:20 AM,SPXW,ML/,90,3.55,,PUT,7460,0,31950,7/1/2026,WHITE,0,0,F,INDEX,,F,T,0,0
7/1/2026,10:40:47 AM,SPXW,ML/,50,2.8,,PUT,7460,0,14000,7/1/2026,WHITE,0,0,F,INDEX,,F,T,0,0
7/1/2026,10:45:07 AM,SPXW,ML/,53,3.5,,PUT,7460,0,18550,7/1/2026,WHITE,0,0,F,INDEX,,F,T,0,0
7/1/2026,10:45:10 AM,SPXW,ML/,50,3.5,,PUT,7460,0,17500,7/1/2026,WHITE,0,0,F,INDEX,,F,T,0,0
7/1/2026,10:46:48 AM,SPXW,ML/,50,4.15,,PUT,7460,0,20750,7/1/2026,WHITE,0,0,F,INDEX,,F,T,0,0
7/1/2026,10:48:46 AM,SPXW,BLOCK,100,4.4,,PUT,7460,0,44000,7/1/2026,WHITE,0,0,F,INDEX,,F,T,0,0
7/1/2026,11:02:03 AM,SPXW,BLOCK,100,2,,PUT,7460,0,20000,7/1/2026,WHITE,0,0,F,INDEX,,F,T,0,0
7/1/2026,11:05:03 AM,SPXW,ML/,72,1.62,,PUT,7460,0,11664,7/1/2026,WHITE,0,0,F,INDEX,,F,T,0,0
7/1/2026,11:05:12 AM,SPXW,ML/,83,1.67,,PUT,7460,0,13860,7/1/2026,WHITE,0,0,F,INDEX,,F,T,0,0
7/1/2026,11:15:12 AM,SPXW,BLOCK,170,1.15,,PUT,7460,0,19549,7/1/2026,WHITE,0,0,F,INDEX,,F,T,0,0
7/1/2026,11:56:26 AM,SPXW,ML/,209,0.83,,PUT,7460,0,17347,7/1/2026,WHITE,0,0,F,INDEX,,F,T,0,0
7/1/2026,1:06:16 PM,SPXW,BLOCK,86,1.2,,PUT,7460,0,10320,7/1/2026,WHITE,0,0,F,INDEX,,F,T,0,0
7/1/2026,1:18:23 PM,SPXW,ML/,435,0.57,,PUT,7460,0,24795,7/1/2026,WHITE,0,0,F,INDEX,,F,T,0,0
7/1/2026,2:22:02 PM,SPXW,ML/,1000,0.4,,PUT,7460,0,40000,7/1/2026,WHITE,0,0,F,INDEX,,F,T,0,0
7/1/2026,10:58:19 AM,SPXW,ML/,435,2.87,,PUT,7460,0,124845,7/1/2026,WHITE,0,0,F,INDEX,,F,T,0,0
7/1/2026,11:09:14 AM,SPXW,ML/,61,1.87,,PUT,7460,0,11407,7/1/2026,WHITE,0,0,F,INDEX,,F,T,0,0
7/1/2026,2:47:57 PM,SPXW,BLOCK,599,0.4,,PUT,7000,0,23960,7/6/2026,WHITE,0,5,F,INDEX,,F,T,0,0
7/1/2026,11:20:33 AM,SPX,ML/,86,1.75,,PUT,6500,0,15050,7/17/2026,WHITE,0,16,F,INDEX,,F,F,0,0
7/1/2026,3:57:18 PM,SPX,ML/,120,1.98,,PUT,6500,0,23760,7/17/2026,WHITE,0,16,F,INDEX,,F,F,0,0
7/1/2026,11:20:48 AM,SPX,ML/,64,1.7,,PUT,6500,0,10880,7/17/2026,WHITE,0,16,F,INDEX,,F,F,0,0
7/1/2026,11:30:16 AM,SPX,ML/,250,1.68,,PUT,6500,0,42000,7/17/2026,WHITE,0,16,F,INDEX,,F,F,0,0
7/1/2026,12:23:35 PM,SPX,ML/,100,1.65,,PUT,6500,0,16500,7/17/2026,WHITE,0,16,F,INDEX,,F,F,0,0
7/1/2026,12:27:39 PM,SPXW,ML/,100,1.32,,PUT,7380,0,13200,7/2/2026,WHITE,0,1,F,INDEX,,F,T,0,0
7/1/2026,4:04:12 PM,SPXW,ML/,80,2.9,,PUT,7380,0,23200,7/2/2026,WHITE,0,1,F,INDEX,,F,T,0,0
7/1/2026,12:13:08 PM,SPXW,ML/,100,1.3,,PUT,7380,0,13000,7/2/2026,WHITE,0,1,F,INDEX,,F,T,0,0
7/1/2026,12:56:38 PM,SPXW,ML/,75,1.87,,PUT,7380,0,14025,7/2/2026,WHITE,0,1,F,INDEX,,F,T,0,0
7/1/2026,10:30:27 AM,SPXW,ML/,50,7.4,,PUT,7435,0,37000,7/2/2026,WHITE,0,1,F,INDEX,,F,T,0,0
7/1/2026,4:03:33 PM,SPXW,ML/,57,9.23,,PUT,7435,0,52611,7/2/2026,WHITE,0,1,F,INDEX,,F,T,0,0
7/1/2026,10:40:09 AM,VIX,ML/,50,3.4,,CALL,16,0,17000,8/19/2026,WHITE,0,49,F,INDEX,,F,T,0,0
7/1/2026,2:55:14 PM,SPXW,ML/,253,0.47,,CALL,7590,0,11891,7/2/2026,WHITE,0,1,F,INDEX,,F,T,0,0
7/1/2026,10:12:56 AM,SPXW,ML/,132,1.07,,CALL,7585,0,14124,7/2/2026,WHITE,0,1,F,INDEX,,F,T,0,0
7/1/2026,3:59:40 PM,SPXW,BLOCK,300,0.35,,CALL,7585,0,10500,7/2/2026,WHITE,0,1,F,INDEX,,F,T,0,0
7/1/2026,12:30:16 PM,SPXW,ML/,218,0.5,,PUT,7305,0,10900,7/2/2026,WHITE,0,1,F,INDEX,,F,T,0,0
7/1/2026,9:43:29 AM,SPXW,SWEEP,175,26.8,,PUT,7460,0,469000,7/2/2026,WHITE,0,1,F,INDEX,,F,T,0,0
7/1/2026,9:43:31 AM,SPXW,BLOCK,62,27,,PUT,7460,0,167400,7/2/2026,WHITE,0,1,F,INDEX,,F,T,0,0
7/1/2026,9:45:00 AM,SPXW,BLOCK,95,30,,PUT,7460,0,285000,7/2/2026,WHITE,0,1,F,INDEX,,F,T,0,0
7/1/2026,9:45:07 AM,SPXW,BLOCK,78,30,,PUT,7460,0,234000,7/2/2026,WHITE,0,1,F,INDEX,,F,T,0,0
7/1/2026,9:45:09 AM,SPXW,BLOCK,698,30,,PUT,7460,0,2094000,7/2/2026,WHITE,0,1,F,INDEX,,F,T,0,0
7/1/2026,9:43:36 AM,SPXW,BLOCK,55,27,,PUT,7460,0,148500,7/2/2026,WHITE,0,1,F,INDEX,,F,T,0,0
7/1/2026,4:02:07 PM,SPXW,ML/,50,14.98,,PUT,7460,0,74900,7/2/2026,WHITE,0,1,F,INDEX,,F,T,0,0
7/1/2026,11:24:15 AM,SPXW,ML/,500,1.72,,CALL,7620,0,86000,7/6/2026,WHITE,0,5,F,INDEX,,F,T,0,0
7/1/2026,11:36:43 AM,SPXW,ML/,462,1.62,,CALL,7620,0,74844,7/6/2026,WHITE,0,5,F,INDEX,,F,T,0,0
7/1/2026,11:45:25 AM,SPXW,ML/,500,1.67,,CALL,7620,0,83500,7/6/2026,WHITE,0,5,F,INDEX,,F,T,0,0
7/1/2026,3:10:38 PM,SPXW,ML/,500,0.89,,CALL,7620,0,44500,7/6/2026,WHITE,0,5,F,INDEX,,F,T,0,0
7/1/2026,3:54:37 PM,SPXW,ML/,100,1.2,,PUT,7355,0,12000,7/2/2026,WHITE,0,1,F,INDEX,,F,T,0,0
7/1/2026,4:04:12 PM,SPXW,ML/,210,1.62,,PUT,7355,0,34020,7/2/2026,WHITE,0,1,F,INDEX,,F,T,0,0
7/1/2026,3:16:14 PM,SPXW,ML/,100,1.04,,PUT,7355,0,10400,7/2/2026,WHITE,0,1,F,INDEX,,F,T,0,0
7/1/2026,3:57:03 PM,SPXW,ML/,100,1.12,,PUT,7355,0,11200,7/2/2026,WHITE,0,1,F,INDEX,,F,T,0,0
7/1/2026,9:30:08 AM,SPXW,ML/,90,2.99,,CALL,7560,0,26910,7/2/2026,WHITE,0,1,F,INDEX,,F,T,0,0
7/1/2026,10:31:04 AM,SPXW,ML/,100,2.5,,CALL,7560,0,25000,7/2/2026,WHITE,0,1,F,INDEX,,F,T,0,0
7/1/2026,11:31:09 AM,SPXW,ML/,110,6,,CALL,7560,0,66000,7/2/2026,WHITE,0,1,F,INDEX,,F,T,0,0
7/1/2026,1:45:19 PM,SPXW,BLOCK,60,2.7,,CALL,7560,0,16200,7/2/2026,WHITE,0,1,F,INDEX,,F,T,0,0
7/1/2026,2:18:22 PM,SPXW,ML/,69,2.37,,CALL,7560,0,16353,7/2/2026,WHITE,0,1,F,INDEX,,F,T,0,0
7/1/2026,2:18:23 PM,SPXW,ML/,70,2.37,,CALL,7560,0,16590,7/2/2026,WHITE,0,1,F,INDEX,,F,T,0,0
7/1/2026,2:18:22 PM,SPXW,ML/,75,2.35,,CALL,7560,0,17625,7/2/2026,WHITE,0,1,F,INDEX,,F,T,0,0
7/1/2026,3:00:52 PM,SPXW,ML/,60,2.25,,CALL,7560,0,13500,7/2/2026,WHITE,0,1,F,INDEX,,F,T,0,0
7/1/2026,4:06:01 PM,SPXW,ML/,100,1.01,,CALL,7560,0,10100,7/2/2026,WHITE,0,1,F,INDEX,,F,T,0,0
7/1/2026,4:24:33 PM,SPXW,BLOCK,147,1,,CALL,7560,0,14700,7/2/2026,WHITE,0,1,F,INDEX,,F,T,0,0
7/1/2026,4:10:07 PM,SPXW,ML/,100,1.01,,CALL,7560,0,10100,7/2/2026,WHITE,0,1,F,INDEX,,F,T,0,0
7/1/2026,10:05:37 AM,SPXW,ML/,50,44.68,,CALL,7510,0,223400,7/10/2026,WHITE,0,9,F,INDEX,,F,T,0,0
7/1/2026,3:58:36 PM,SPXW,BLOCK,50,42.1,,CALL,7510,0,210500,7/10/2026,WHITE,0,9,F,INDEX,,F,T,0,0
7/1/2026,3:25:33 PM,SPXW,ML/,500,0.21,,CALL,7610,0,10500,7/2/2026,WHITE,0,1,F,INDEX,,F,T,0,0
7/1/2026,3:01:14 PM,SPXW,ML/,60,5,,CALL,7570,0,30000,7/6/2026,WHITE,0,5,F,INDEX,,F,T,0,0
7/1/2026,11:26:22 AM,SPXW,SWEEP,50,5.8,,PUT,7395,0,29000,7/6/2026,WHITE,0,5,F,INDEX,,F,T,0,0
7/1/2026,1:42:15 PM,VIX,ML/,160,1.33,,CALL,18,0,21280,7/22/2026,WHITE,0,21,F,INDEX,,F,T,0,0
7/1/2026,1:42:49 PM,VIX,ML/,140,1.34,,CALL,18,0,18760,7/22/2026,WHITE,0,21,F,INDEX,,F,T,0,0
7/1/2026,1:28:39 PM,VIX,ML/,561,1.4,,CALL,18,0,78540,7/22/2026,WHITE,0,21,F,INDEX,,F,T,0,0
7/1/2026,1:49:47 PM,VIX,ML/,2200,1.37,,CALL,18,0,301400,7/22/2026,WHITE,0,21,F,INDEX,,F,T,0,0
7/1/2026,3:35:16 PM,VIX,ML/,324,1.3,,CALL,18,0,42120,7/22/2026,WHITE,0,21,F,INDEX,,F,T,0,0
7/1/2026,3:35:20 PM,VIX,ML/,1431,1.3,,CALL,18,0,186030,7/22/2026,WHITE,0,21,F,INDEX,,F,T,0,0
7/1/2026,1:44:30 PM,VIX,BLOCK,150,1.34,,CALL,18,0,20100,7/22/2026,WHITE,0,21,F,INDEX,,F,T,0,0
7/1/2026,1:41:59 PM,VIX,ML/,480,1.35,,CALL,18,0,64800,7/22/2026,WHITE,0,21,F,INDEX,,F,T,0,0
7/1/2026,1:43:09 PM,VIX,ML/,160,1.33,,CALL,18,0,21280,7/22/2026,WHITE,0,21,F,INDEX,,F,T,0,0
7/1/2026,12:47:31 PM,VIX,BLOCK,100,1.29,,CALL,18,0,12900,7/22/2026,WHITE,0,21,F,INDEX,,F,T,0,0
7/1/2026,3:35:21 PM,VIX,ML/,135,1.3,,CALL,18,0,17550,7/22/2026,WHITE,0,21,F,INDEX,,F,T,0,0
7/1/2026,10:08:37 AM,SPXW,BLOCK,54,9.3,,PUT,7480,0,50220,7/1/2026,WHITE,0,0,F,INDEX,,F,T,0,0
7/1/2026,10:11:49 AM,SPXW,BLOCK,61,7.4,,PUT,7480,0,45140,7/1/2026,WHITE,0,0,F,INDEX,,F,T,0,0
7/1/2026,10:12:36 AM,SPXW,ML/,58,7.25,,PUT,7480,0,42050,7/1/2026,WHITE,0,0,F,INDEX,,F,T,0,0
7/1/2026,10:16:34 AM,SPXW,BLOCK,60,7.9,,PUT,7480,0,47400,7/1/2026,WHITE,0,0,F,INDEX,,F,T,0,0
7/1/2026,10:16:37 AM,SPXW,BLOCK,54,7.8,,PUT,7480,0,42120,7/1/2026,WHITE,0,0,F,INDEX,,F,T,0,0
7/1/2026,10:13:17 AM,SPXW,ML/,52,7.75,,PUT,7480,0,40300,7/1/2026,WHITE,0,0,F,INDEX,,F,T,0,0
7/1/2026,10:14:50 AM,SPXW,ML/,100,7.52,,PUT,7480,0,75200,7/1/2026,WHITE,0,0,F,INDEX,,F,T,0,0
7/1/2026,10:30:46 AM,SPXW,BLOCK,50,7.5,,PUT,7480,0,37500,7/1/2026,WHITE,0,0,F,INDEX,,F,T,0,0
7/1/2026,10:31:05 AM,SPXW,BLOCK,100,7.9,,PUT,7480,0,79000,7/1/2026,WHITE,0,0,F,INDEX,,F,T,0,0
7/1/2026,10:32:01 AM,SPXW,ML/,59,7.35,,PUT,7480,0,43365,7/1/2026,WHITE,0,0,F,INDEX,,F,T,0,0
7/1/2026,10:31:46 AM,SPXW,BLOCK,50,7.9,,PUT,7480,0,39500,7/1/2026,WHITE,0,0,F,INDEX,,F,T,0,0
7/1/2026,10:32:33 AM,SPXW,BLOCK,136,8.4,,PUT,7480,0,114240,7/1/2026,WHITE,0,0,F,INDEX,,F,T,0,0
7/1/2026,10:32:34 AM,SPXW,BLOCK,58,8.4,,PUT,7480,0,48720,7/1/2026,WHITE,0,0,F,INDEX,,F,T,0,0
7/1/2026,10:42:34 AM,SPXW,BLOCK,50,6.7,,PUT,7480,0,33500,7/1/2026,WHITE,0,0,F,INDEX,,F,T,0,0
7/1/2026,10:10:19 AM,SPXW,BLOCK,81,9.6,,PUT,7480,0,77760,7/1/2026,WHITE,0,0,F,INDEX,,F,T,0,0
7/1/2026,10:09:49 AM,SPXW,BLOCK,61,10,,PUT,7480,0,61000,7/1/2026,WHITE,0,0,F,INDEX,,F,T,0,0
7/1/2026,10:46:11 AM,SPXW,BLOCK,77,10,,PUT,7480,0,77000,7/1/2026,WHITE,0,0,F,INDEX,,F,T,0,0
7/1/2026,10:34:48 AM,SPXW,ML/,50,7.95,,PUT,7480,0,39750,7/1/2026,WHITE,0,0,F,INDEX,,F,T,0,0
7/1/2026,11:02:02 AM,SPXW,BLOCK,53,4.5,,PUT,7480,0,23850,7/1/2026,WHITE,0,0,F,INDEX,,F,T,0,0
7/1/2026,11:08:51 AM,SPXW,ML/,62,3.85,,PUT,7480,0,23870,7/1/2026,WHITE,0,0,F,INDEX,,F,T,0,0
7/1/2026,11:05:12 AM,SPXW,ML/,83,3.67,,PUT,7480,0,30461,7/1/2026,WHITE,0,0,F,INDEX,,F,T,0,0
7/1/2026,11:14:44 AM,SPXW,ML/,60,3.25,,PUT,7480,0,19500,7/1/2026,WHITE,0,0,F,INDEX,,F,T,0,0
7/1/2026,11:23:01 AM,SPXW,ML/,80,1.9,,PUT,7480,0,15200,7/1/2026,WHITE,0,0,F,INDEX,,F,T,0,0
7/1/2026,11:24:01 AM,SPXW,ML/,59,1.77,,PUT,7480,0,10443,7/1/2026,WHITE,0,0,F,INDEX,,F,T,0,0
7/1/2026,11:29:42 AM,SPXW,BLOCK,100,1.45,,PUT,7480,0,14500,7/1/2026,WHITE,0,0,F,INDEX,,F,T,0,0
7/1/2026,11:38:01 AM,SPXW,BLOCK,100,1.8,,PUT,7480,0,18000,7/1/2026,WHITE,0,0,F,INDEX,,F,T,0,0
7/1/2026,11:46:27 AM,SPXW,ML/,75,1.47,,PUT,7480,0,11025,7/1/2026,WHITE,0,0,F,INDEX,,F,T,0,0
7/1/2026,11:49:23 AM,SPXW,ML/,128,1.65,,PUT,7480,0,21120,7/1/2026,WHITE,0,0,F,INDEX,,F,T,0,0
7/1/2026,11:53:38 AM,SPXW,ML/,86,1.32,,PUT,7480,0,11352,7/1/2026,WHITE,0,0,F,INDEX,,F,T,0,0
7/1/2026,11:53:39 AM,SPXW,ML/,118,1.32,,PUT,7480,0,15576,7/1/2026,WHITE,0,0,F,INDEX,,F,T,0,0
7/1/2026,11:49:40 AM,SPXW,ML/,237,1.82,,PUT,7480,0,43134,7/1/2026,WHITE,0,0,F,INDEX,,F,T,0,0
7/1/2026,12:09:57 PM,SPXW,ML/,100,1.1,,PUT,7480,0,11000,7/1/2026,WHITE,0,0,F,INDEX,,F,T,0,0
7/1/2026,12:15:58 PM,SPXW,ML/,195,0.9,,PUT,7480,0,17550,7/1/2026,WHITE,0,0,F,INDEX,,F,T,0,0
7/1/2026,12:51:35 PM,SPXW,BLOCK,100,1.2,,PUT,7480,0,12000,7/1/2026,WHITE,0,0,F,INDEX,,F,T,0,0
7/1/2026,11:56:25 AM,SPXW,ML/,79,1.82,,PUT,7480,0,14378,7/1/2026,WHITE,0,0,F,INDEX,,F,T,0,0
7/1/2026,12:52:57 PM,SPXW,BLOCK,143,1.75,,PUT,7480,0,25025,7/1/2026,WHITE,0,0,F,INDEX,,F,T,0,0
7/1/2026,12:52:57 PM,SPXW,BLOCK,110,1.7,,PUT,7480,0,18700,7/1/2026,WHITE,0,0,F,INDEX,,F,T,0,0
7/1/2026,11:20:12 AM,SPXW,ML/,1000,2.3,,PUT,7480,0,230000,7/1/2026,WHITE,0,0,F,INDEX,,F,T,0,0
7/1/2026,12:59:45 PM,SPXW,BLOCK,61,2.55,,PUT,7480,0,15554,7/1/2026,WHITE,0,0,F,INDEX,,F,T,0,0
7/1/2026,1:03:30 PM,SPXW,BLOCK,131,2.25,,PUT,7480,0,29475,7/1/2026,WHITE,0,0,F,INDEX,,F,T,0,0
7/1/2026,1:03:30 PM,SPXW,BLOCK,69,2.2,,PUT,7480,0,15180,7/1/2026,WHITE,0,0,F,INDEX,,F,T,0,0
7/1/2026,1:05:24 PM,SPXW,BLOCK,100,3,,PUT,7480,0,30000,7/1/2026,WHITE,0,0,F,INDEX,,F,T,0,0
7/1/2026,1:06:20 PM,SPXW,BLOCK,84,3.4,,PUT,7480,0,28560,7/1/2026,WHITE,0,0,F,INDEX,,F,T,0,0
7/1/2026,1:06:20 PM,SPXW,BLOCK,140,3.5,,PUT,7480,0,49000,7/1/2026,WHITE,0,0,F,INDEX,,F,T,0,0
7/1/2026,1:09:23 PM,SPXW,BLOCK,50,2.05,,PUT,7480,0,10249,7/1/2026,WHITE,0,0,F,INDEX,,F,T,0,0
7/1/2026,1:09:46 PM,SPXW,ML/,62,2.1,,PUT,7480,0,13019,7/1/2026,WHITE,0,0,F,INDEX,,F,T,0,0
7/1/2026,1:12:38 PM,SPXW,ML/,65,1.8,,PUT,7480,0,11700,7/1/2026,WHITE,0,0,F,INDEX,,F,T,0,0
7/1/2026,12:49:13 PM,SPXW,ML/,101,1.03,,PUT,7480,0,10403,7/1/2026,WHITE,0,0,F,INDEX,,F,T,0,0
7/1/2026,1:27:47 PM,SPXW,ML/,104,1.02,,PUT,7480,0,10608,7/1/2026,WHITE,0,0,F,INDEX,,F,T,0,0
7/1/2026,1:45:26 PM,SPXW,BLOCK,102,1.4,,PUT,7480,0,14279,7/1/2026,WHITE,0,0,F,INDEX,,F,T,0,0
7/1/2026,2:15:06 PM,SPXW,BLOCK,252,1.5,,PUT,7480,0,37800,7/1/2026,WHITE,0,0,F,INDEX,,F,T,0,0
7/1/2026,2:15:39 PM,SPXW,ML/,51,2.1,,PUT,7480,0,10710,7/1/2026,WHITE,0,0,F,INDEX,,F,T,0,0
7/1/2026,2:15:48 PM,SPXW,BLOCK,82,2.15,,PUT,7480,0,17630,7/1/2026,WHITE,0,0,F,INDEX,,F,T,0,0
7/1/2026,2:17:02 PM,SPXW,BLOCK,93,2,,PUT,7480,0,18600,7/1/2026,WHITE,0,0,F,INDEX,,F,T,0,0
7/1/2026,2:40:29 PM,SPXW,SWEEP,172,1,,PUT,7480,0,17200,7/1/2026,WHITE,0,0,F,INDEX,,F,T,0,0
7/1/2026,2:48:16 PM,SPXW,BLOCK,100,1.6,,PUT,7480,0,16000,7/1/2026,WHITE,0,0,F,INDEX,,F,T,0,0
7/1/2026,2:53:15 PM,SPXW,BLOCK,63,1.6,,PUT,7480,0,10080,7/1/2026,WHITE,0,0,F,INDEX,,F,T,0,0
7/1/2026,2:48:45 PM,SPXW,ML/,498,1.57,,PUT,7480,0,78186,7/1/2026,WHITE,0,0,F,INDEX,,F,T,0,0
7/1/2026,2:18:22 PM,SPXW,ML/,80,1.73,,PUT,7480,0,13840,7/1/2026,WHITE,0,0,F,INDEX,,F,T,0,0
7/1/2026,2:55:53 PM,SPXW,BLOCK,50,2.05,,PUT,7480,0,10250,7/1/2026,WHITE,0,0,F,INDEX,,F,T,0,0
7/1/2026,3:00:07 PM,SPXW,ML/,107,1.05,,PUT,7480,0,11235,7/1/2026,WHITE,0,0,F,INDEX,,F,T,0,0
7/1/2026,3:02:23 PM,SPXW,BLOCK,159,0.85,,PUT,7480,0,13515,7/1/2026,WHITE,0,0,F,INDEX,,F,T,0,0
7/1/2026,3:52:17 PM,SPXW,ML/,1001,0.6,,PUT,7480,0,60060,7/1/2026,WHITE,0,0,F,INDEX,,F,T,0,0
7/1/2026,3:57:17 PM,SPXW,ML/,61,1.9,,PUT,7480,0,11590,7/1/2026,WHITE,0,0,F,INDEX,,F,T,0,0
7/1/2026,3:57:33 PM,SPXW,BLOCK,114,1.75,,PUT,7480,0,19950,7/1/2026,WHITE,0,0,F,INDEX,,F,T,0,0
7/1/2026,9:53:40 AM,SPXW,ML/,100,17.23,,PUT,7480,0,172300,7/1/2026,WHITE,0,0,F,INDEX,,F,T,0,0
7/1/2026,10:00:32 AM,SPXW,ML/,79,13.32,,PUT,7480,0,105228,7/1/2026,WHITE,0,0,F,INDEX,,F,T,0,0
7/1/2026,10:14:41 AM,SPXW,ML/,100,7.27,,PUT,7480,0,72700,7/1/2026,WHITE,0,0,F,INDEX,,F,T,0,0
7/1/2026,11:00:55 AM,SPXW,ML/,110,4.87,,PUT,7480,0,53570,7/1/2026,WHITE,0,0,F,INDEX,,F,T,0,0
7/1/2026,9:51:01 AM,SPXW,ML/,76,4.3,,PUT,7425,0,32679,7/1/2026,WHITE,0,0,F,INDEX,,F,T,0,0
7/1/2026,10:32:19 AM,SPXW,ML/,100,1.27,,PUT,7425,0,12700,7/1/2026,WHITE,0,0,F,INDEX,,F,T,0,0
7/1/2026,10:38:46 AM,SPXW,ML/,200,0.95,,PUT,7425,0,18999,7/1/2026,WHITE,0,0,F,INDEX,,F,T,0,0
7/1/2026,11:28:13 AM,SPXW,BLOCK,396,0.35,,PUT,7425,0,13860,7/1/2026,WHITE,0,0,F,INDEX,,F,T,0,0
7/1/2026,12:24:49 PM,SPXW,ML/,973,0.22,,PUT,7425,0,21406,7/1/2026,WHITE,0,0,F,INDEX,,F,T,0,0
7/1/2026,9:30:07 AM,SPXW,ML/,50,4.93,,PUT,7425,0,24650,7/1/2026,WHITE,0,0,F,INDEX,,F,T,0,0
7/1/2026,9:33:56 AM,SPXW,ML/,50,9.02,,PUT,7425,0,45099,7/1/2026,WHITE,0,0,F,INDEX,,F,T,0,0
7/1/2026,9:36:12 AM,SPXW,ML/,78,9.24,,PUT,7425,0,72072,7/1/2026,WHITE,0,0,F,INDEX,,F,T,0,0
7/1/2026,9:54:14 AM,SPXW,ML/,60,3.22,,PUT,7425,0,19320,7/1/2026,WHITE,0,0,F,INDEX,,F,T,0,0
7/1/2026,9:56:10 AM,SPXW,ML/,1000,2.86,,PUT,7425,0,286000,7/1/2026,WHITE,0,0,F,INDEX,,F,T,0,0
7/1/2026,3:20:57 PM,SPXW,ML/,1800,0.5,,CALL,7650,0,90000,7/7/2026,WHITE,0,6,F,INDEX,,F,T,0,0
7/1/2026,9:34:20 AM,SPXW,ML/,500,1,,PUT,7340,0,50000,7/1/2026,WHITE,0,0,F,INDEX,,F,T,0,0
7/1/2026,9:47:07 AM,SPXW,ML/,204,0.65,,PUT,7340,0,13260,7/1/2026,WHITE,0,0,F,INDEX,,F,T,0,0
7/1/2026,9:34:52 AM,SPXW,ML/,101,1.3,,PUT,7340,0,13130,7/1/2026,WHITE,0,0,F,INDEX,,F,T,0,0
7/1/2026,9:50:55 AM,SPXW,ML/,100,18.63,,PUT,7475,0,186300,7/1/2026,WHITE,0,0,F,INDEX,,F,T,0,0
7/1/2026,10:09:23 AM,SPXW,BLOCK,100,8.4,,PUT,7475,0,84000,7/1/2026,WHITE,0,0,F,INDEX,,F,T,0,0
7/1/2026,10:14:37 AM,SPXW,BLOCK,54,5.9,,PUT,7475,0,31860,7/1/2026,WHITE,0,0,F,INDEX,,F,T,0,0
7/1/2026,10:16:59 AM,SPXW,BLOCK,60,6.3,,PUT,7475,0,37800,7/1/2026,WHITE,0,0,F,INDEX,,F,T,0,0
7/1/2026,10:17:00 AM,SPXW,ML/,72,6.3,,PUT,7475,0,45360,7/1/2026,WHITE,0,0,F,INDEX,,F,T,0,0
7/1/2026,10:22:36 AM,SPXW,BLOCK,60,5.6,,PUT,7475,0,33600,7/1/2026,WHITE,0,0,F,INDEX,,F,T,0,0
7/1/2026,10:26:55 AM,SPXW,BLOCK,60,4.7,,PUT,7475,0,28200,7/1/2026,WHITE,0,0,F,INDEX,,F,T,0,0
7/1/2026,10:31:12 AM,SPXW,BLOCK,64,6.7,,PUT,7475,0,42880,7/1/2026,WHITE,0,0,F,INDEX,,F,T,0,0
7/1/2026,10:34:48 AM,SPXW,ML/,50,6.55,,PUT,7475,0,32750,7/1/2026,WHITE,0,0,F,INDEX,,F,T,0,0
7/1/2026,10:44:57 AM,SPXW,ML/,821,5.4,,PUT,7475,0,443340,7/1/2026,WHITE,0,0,F,INDEX,,F,T,0,0
7/1/2026,10:10:19 AM,SPXW,BLOCK,99,8,,PUT,7475,0,79200,7/1/2026,WHITE,0,0,F,INDEX,,F,T,0,0
7/1/2026,10:13:17 AM,SPXW,ML/,52,6.45,,PUT,7475,0,33540,7/1/2026,WHITE,0,0,F,INDEX,,F,T,0,0
7/1/2026,10:44:57 AM,SPXW,BLOCK,163,5.3,,PUT,7475,0,86390,7/1/2026,WHITE,0,0,F,INDEX,,F,T,0,0
7/1/2026,10:50:17 AM,SPXW,BLOCK,73,5.3,,PUT,7475,0,38690,7/1/2026,WHITE,0,0,F,INDEX,,F,T,0,0
7/1/2026,11:04:00 AM,SPXW,ML/,60,3.02,,PUT,7475,0,18120,7/1/2026,WHITE,0,0,F,INDEX,,F,T,0,0
7/1/2026,11:06:26 AM,SPXW,ML/,100,2.75,,PUT,7475,0,27500,7/1/2026,WHITE,0,0,F,INDEX,,F,T,0,0
7/1/2026,11:06:27 AM,SPXW,ML/,70,2.72,,PUT,7475,0,19040,7/1/2026,WHITE,0,0,F,INDEX,,F,T,0,0
7/1/2026,11:09:12 AM,SPXW,BLOCK,50,3.3,,PUT,7475,0,16500,7/1/2026,WHITE,0,0,F,INDEX,,F,T,0,0
7/1/2026,11:11:05 AM,SPXW,BLOCK,121,2.75,,PUT,7475,0,33275,7/1/2026,WHITE,0,0,F,INDEX,,F,T,0,0
7/1/2026,11:11:24 AM,SPXW,BLOCK,156,3.2,,PUT,7475,0,49920,7/1/2026,WHITE,0,0,F,INDEX,,F,T,0,0
7/1/2026,11:11:27 AM,SPXW,ML/,52,3.3,,PUT,7475,0,17160,7/1/2026,WHITE,0,0,F,INDEX,,F,T,0,0
7/1/2026,11:11:30 AM,SPXW,BLOCK,175,3.4,,PUT,7475,0,59500,7/1/2026,WHITE,0,0,F,INDEX,,F,T,0,0
7/1/2026,11:11:19 AM,SPXW,BLOCK,153,3,,PUT,7475,0,45900,7/1/2026,WHITE,0,0,F,INDEX,,F,T,0,0
7/1/2026,11:11:13 AM,SPXW,BLOCK,132,2.9,,PUT,7475,0,38280,7/1/2026,WHITE,0,0,F,INDEX,,F,T,0,0
7/1/2026,11:11:09 AM,SPXW,BLOCK,118,2.8,,PUT,7475,0,33040,7/1/2026,WHITE,0,0,F,INDEX,,F,T,0,0
7/1/2026,11:21:40 AM,SPXW,ML/,258,1.62,,PUT,7475,0,41796,7/1/2026,WHITE,0,0,F,INDEX,,F,T,0,0
7/1/2026,11:28:24 AM,SPXW,ML/,100,1.17,,PUT,7475,0,11700,7/1/2026,WHITE,0,0,F,INDEX,,F,T,0,0
7/1/2026,11:28:24 AM,SPXW,ML/,150,1.17,,PUT,7475,0,17550,7/1/2026,WHITE,0,0,F,INDEX,,F,T,0,0
7/1/2026,11:43:09 AM,SPXW,ML/,83,1.22,,PUT,7475,0,10126,7/1/2026,WHITE,0,0,F,INDEX,,F,T,0,0
7/1/2026,11:49:07 AM,SPXW,ML/,113,1.25,,PUT,7475,0,14125,7/1/2026,WHITE,0,0,F,INDEX,,F,T,0,0
7/1/2026,11:49:23 AM,SPXW,ML/,127,1.35,,PUT,7475,0,17145,7/1/2026,WHITE,0,0,F,INDEX,,F,T,0,0
7/1/2026,12:15:58 PM,SPXW,ML/,195,0.7,,PUT,7475,0,13650,7/1/2026,WHITE,0,0,F,INDEX,,F,T,0,0
7/1/2026,12:39:19 PM,SPXW,ML/,150,0.75,,PUT,7475,0,11250,7/1/2026,WHITE,0,0,F,INDEX,,F,T,0,0
7/1/2026,12:52:48 PM,SPXW,BLOCK,80,1.35,,PUT,7475,0,10800,7/1/2026,WHITE,0,0,F,INDEX,,F,T,0,0
7/1/2026,11:56:25 AM,SPXW,ML/,79,1.47,,PUT,7475,0,11613,7/1/2026,WHITE,0,0,F,INDEX,,F,T,0,0
7/1/2026,1:06:37 PM,SPXW,BLOCK,54,2.65,,PUT,7475,0,14310,7/1/2026,WHITE,0,0,F,INDEX,,F,T,0,0
7/1/2026,2:15:40 PM,SPXW,SWEEP,93,1.6,,PUT,7475,0,14880,7/1/2026,WHITE,0,0,F,INDEX,,F,T,0,0
7/1/2026,2:15:40 PM,SPXW,BLOCK,161,1.6,,PUT,7475,0,25760,7/1/2026,WHITE,0,0,F,INDEX,,F,T,0,0
7/1/2026,2:15:50 PM,SPXW,ML/,100,1.55,,PUT,7475,0,15500,7/1/2026,WHITE,0,0,F,INDEX,,F,T,0,0
7/1/2026,2:15:39 PM,SPXW,BLOCK,69,1.5,,PUT,7475,0,10350,7/1/2026,WHITE,0,0,F,INDEX,,F,T,0,0
7/1/2026,2:16:38 PM,SPXW,BLOCK,79,1.6,,PUT,7475,0,12640,7/1/2026,WHITE,0,0,F,INDEX,,F,T,0,0
7/1/2026,2:18:22 PM,SPXW,ML/,80,1.28,,PUT,7475,0,10240,7/1/2026,WHITE,0,0,F,INDEX,,F,T,0,0
7/1/2026,2:37:49 PM,SPXW,ML/,440,0.75,,PUT,7475,0,33000,7/1/2026,WHITE,0,0,F,INDEX,,F,T,0,0
7/1/2026,2:38:28 PM,SPXW,BLOCK,239,0.8,,PUT,7475,0,19120,7/1/2026,WHITE,0,0,F,INDEX,,F,T,0,0
7/1/2026,2:38:44 PM,SPXW,BLOCK,687,0.8,,PUT,7475,0,54960,7/1/2026,WHITE,0,0,F,INDEX,,F,T,0,0
7/1/2026,2:37:31 PM,SPXW,BLOCK,394,0.65,,PUT,7475,0,25610,7/1/2026,WHITE,0,0,F,INDEX,,F,T,0,0
7/1/2026,2:17:08 PM,SPXW,BLOCK,90,1.5,,PUT,7475,0,13500,7/1/2026,WHITE,0,0,F,INDEX,,F,T,0,0
7/1/2026,3:01:59 PM,SPXW,BLOCK,1000,0.75,,PUT,7475,0,75000,7/1/2026,WHITE,0,0,F,INDEX,,F,T,0,0
7/1/2026,9:30:44 AM,SPXW,BLOCK,56,19.9,,PUT,7475,0,111439,7/1/2026,WHITE,0,0,F,INDEX,,F,T,0,0
7/1/2026,9:33:00 AM,SPXW,ML/,100,23.78,,PUT,7475,0,237800,7/1/2026,WHITE,0,0,F,INDEX,,F,T,0,0
7/1/2026,10:05:39 AM,SPXW,ML/,63,10.05,,PUT,7475,0,63315,7/1/2026,WHITE,0,0,F,INDEX,,F,T,0,0
7/1/2026,10:32:01 AM,SPXW,ML/,59,6.05,,PUT,7475,0,35695,7/1/2026,WHITE,0,0,F,INDEX,,F,T,0,0
7/1/2026,11:06:51 AM,SPXW,ML/,50,21.9,,PUT,7525,0,109500,7/1/2026,WHITE,0,0,F,INDEX,,F,T,0,0
7/1/2026,11:20:28 AM,SPXW,BLOCK,65,16,,PUT,7525,0,104000,7/1/2026,WHITE,0,0,F,INDEX,,F,T,0,0
7/1/2026,12:13:48 PM,SPXW,ML/,248,11.4,,PUT,7525,0,282720,7/1/2026,WHITE,0,0,F,INDEX,,F,T,0,0
7/1/2026,12:24:37 PM,SPXW,ML/,250,9.4,,PUT,7525,0,235000,7/1/2026,WHITE,0,0,F,INDEX,,F,T,0,0
7/1/2026,12:25:04 PM,SPXW,BLOCK,72,10.1,,PUT,7525,0,72720,7/1/2026,WHITE,0,0,F,INDEX,,F,T,0,0
7/1/2026,12:27:22 PM,SPXW,BLOCK,50,10.2,,PUT,7525,0,50999,7/1/2026,WHITE,0,0,F,INDEX,,F,T,0,0
7/1/2026,1:14:28 PM,SPXW,BLOCK,60,20.1,,PUT,7525,0,120600,7/1/2026,WHITE,0,0,F,INDEX,,F,T,0,0
7/1/2026,1:14:01 PM,SPXW,BLOCK,60,21.3,,PUT,7525,0,127800,7/1/2026,WHITE,0,0,F,INDEX,,F,T,0,0
7/1/2026,1:10:23 PM,SPXW,BLOCK,50,25,,PUT,7525,0,125000,7/1/2026,WHITE,0,0,F,INDEX,,F,T,0,0
7/1/2026,1:09:56 PM,SPXW,BLOCK,60,23.3,,PUT,7525,0,139800,7/1/2026,WHITE,0,0,F,INDEX,,F,T,0,0
7/1/2026,3:48:56 PM,SPXW,ML/,110,32.5,,PUT,7525,0,357500,7/1/2026,WHITE,0,0,F,INDEX,,F,T,0,0
7/1/2026,10:29:13 AM,SPXW,ML/,50,30.58,,PUT,7525,0,152900,7/1/2026,WHITE,0,0,F,INDEX,,F,T,0,0
7/1/2026,12:25:33 PM,SPXW,BLOCK,100,9.7,,PUT,7525,0,96999,7/1/2026,WHITE,0,0,F,INDEX,,F,T,0,0
7/1/2026,12:39:24 PM,SPXW,ML/,500,12.65,,PUT,7525,0,632500,7/1/2026,WHITE,0,0,F,INDEX,,F,T,0,0
7/1/2026,11:32:16 AM,SPXW,BLOCK,60,9.8,,PUT,7520,0,58800,7/1/2026,WHITE,0,0,F,INDEX,,F,T,0,0
7/1/2026,11:32:42 AM,SPXW,BLOCK,102,10.1,,PUT,7520,0,103019,7/1/2026,WHITE,0,0,F,INDEX,,F,T,0,0
7/1/2026,11:25:07 AM,SPXW,ML/,99,11.05,,PUT,7520,0,109395,7/1/2026,WHITE,0,0,F,INDEX,,F,T,0,0
7/1/2026,11:51:10 AM,SPXW,BLOCK,87,13,,PUT,7520,0,113100,7/1/2026,WHITE,0,0,F,INDEX,,F,T,0,0
7/1/2026,12:23:55 PM,SPXW,BLOCK,78,7,,PUT,7520,0,54600,7/1/2026,WHITE,0,0,F,INDEX,,F,T,0,0
7/1/2026,12:24:56 PM,SPXW,BLOCK,60,7.3,,PUT,7520,0,43800,7/1/2026,WHITE,0,0,F,INDEX,,F,T,0,0
7/1/2026,12:40:12 PM,SPXW,BLOCK,60,11,,PUT,7520,0,66000,7/1/2026,WHITE,0,0,F,INDEX,,F,T,0,0
7/1/2026,12:54:27 PM,SPXW,ML/,100,14.3,,PUT,7520,0,143000,7/1/2026,WHITE,0,0,F,INDEX,,F,T,0,0
7/1/2026,12:58:26 PM,SPXW,BLOCK,84,16,,PUT,7520,0,134400,7/1/2026,WHITE,0,0,F,INDEX,,F,T,0,0
7/1/2026,1:06:23 PM,SPXW,BLOCK,57,23,,PUT,7520,0,131100,7/1/2026,WHITE,0,0,F,INDEX,,F,T,0,0
7/1/2026,1:14:16 PM,SPXW,ML/,200,16.6,,PUT,7520,0,332000,7/1/2026,WHITE,0,0,F,INDEX,,F,T,0,0
7/1/2026,1:07:34 PM,SPXW,ML/,200,19.9,,PUT,7520,0,397999,7/1/2026,WHITE,0,0,F,INDEX,,F,T,0,0
7/1/2026,2:07:22 PM,SPXW,ML/,50,18.75,,PUT,7520,0,93750,7/1/2026,WHITE,0,0,F,INDEX,,F,T,0,0
7/1/2026,1:13:38 PM,SPXW,ML/,57,17.57,,PUT,7520,0,100149,7/1/2026,WHITE,0,0,F,INDEX,,F,T,0,0
7/1/2026,2:25:20 PM,SPXW,ML/,163,18.81,,PUT,7520,0,306603,7/1/2026,WHITE,0,0,F,INDEX,,F,T,0,0
7/1/2026,10:12:36 AM,SPXW,ML/,59,10.6,,PUT,7490,0,62540,7/1/2026,WHITE,0,0,F,INDEX,,F,T,0,0
7/1/2026,10:13:15 AM,SPXW,BLOCK,85,10.9,,PUT,7490,0,92650,7/1/2026,WHITE,0,0,F,INDEX,,F,T,0,0
7/1/2026,10:35:07 AM,SPXW,BLOCK,50,11.6,,PUT,7490,0,58000,7/1/2026,WHITE,0,0,F,INDEX,,F,T,0,0
7/1/2026,10:38:20 AM,SPXW,BLOCK,52,10.3,,PUT,7490,0,53560,7/1/2026,WHITE,0,0,F,INDEX,,F,T,0,0
7/1/2026,10:38:06 AM,SPXW,BLOCK,100,9.4,,PUT,7490,0,94000,7/1/2026,WHITE,0,0,F,INDEX,,F,T,0,0
7/1/2026,10:38:58 AM,SPXW,BLOCK,75,9.1,,PUT,7490,0,68250,7/1/2026,WHITE,0,0,F,INDEX,,F,T,0,0
7/1/2026,10:41:28 AM,SPXW,BLOCK,84,10.2,,PUT,7490,0,85680,7/1/2026,WHITE,0,0,F,INDEX,,F,T,0,0
7/1/2026,10:44:08 AM,SPXW,SWEEP,181,8.1,,PUT,7490,0,146610,7/1/2026,WHITE,0,0,F,INDEX,,F,T,0,0
7/1/2026,10:46:47 AM,SPXW,BLOCK,54,13,,PUT,7490,0,70200,7/1/2026,WHITE,0,0,F,INDEX,,F,T,0,0
7/1/2026,10:47:13 AM,SPXW,BLOCK,70,11.7,,PUT,7490,0,81900,7/1/2026,WHITE,0,0,F,INDEX,,F,T,0,0
7/1/2026,10:51:25 AM,SPXW,BLOCK,53,8.6,,PUT,7490,0,45580,7/1/2026,WHITE,0,0,F,INDEX,,F,T,0,0
7/1/2026,10:51:51 AM,SPXW,BLOCK,50,8.4,,PUT,7490,0,42000,7/1/2026,WHITE,0,0,F,INDEX,,F,T,0,0
7/1/2026,10:59:49 AM,SPXW,BLOCK,54,8.4,,PUT,7490,0,45360,7/1/2026,WHITE,0,0,F,INDEX,,F,T,0,0
7/1/2026,10:59:56 AM,SPXW,BLOCK,89,8.4,,PUT,7490,0,74760,7/1/2026,WHITE,0,0,F,INDEX,,F,T,0,0
7/1/2026,11:01:16 AM,SPXW,BLOCK,50,7.8,,PUT,7490,0,39000,7/1/2026,WHITE,0,0,F,INDEX,,F,T,0,0
7/1/2026,11:01:51 AM,SPXW,BLOCK,90,7.5,,PUT,7490,0,67500,7/1/2026,WHITE,0,0,F,INDEX,,F,T,0,0
7/1/2026,11:07:36 AM,SPXW,ML/,51,4.95,,PUT,7490,0,25245,7/1/2026,WHITE,0,0,F,INDEX,,F,T,0,0
7/1/2026,11:10:12 AM,SPXW,BLOCK,67,5.5,,PUT,7490,0,36850,7/1/2026,WHITE,0,0,F,INDEX,,F,T,0,0
7/1/2026,11:13:06 AM,SPXW,BLOCK,173,4.9,,PUT,7490,0,84770,7/1/2026,WHITE,0,0,F,INDEX,,F,T,0,0
7/1/2026,11:22:12 AM,SPXW,BLOCK,355,3,,PUT,7490,0,106500,7/1/2026,WHITE,0,0,F,INDEX,,F,T,0,0
7/1/2026,11:23:00 AM,SPXW,ML/,90,2.9,,PUT,7490,0,26100,7/1/2026,WHITE,0,0,F,INDEX,,F,T,0,0
7/1/2026,11:25:58 AM,SPXW,ML/,51,2.65,,PUT,7490,0,13515,7/1/2026,WHITE,0,0,F,INDEX,,F,T,0,0
7/1/2026,11:26:16 AM,SPXW,BLOCK,50,2.55,,PUT,7490,0,12749,7/1/2026,WHITE,0,0,F,INDEX,,F,T,0,0
7/1/2026,11:31:48 AM,SPXW,ML/,50,2.2,,PUT,7490,0,11000,7/1/2026,WHITE,0,0,F,INDEX,,F,T,0,0
7/1/2026,11:28:07 AM,SPXW,BLOCK,361,2.5,,PUT,7490,0,90250,7/1/2026,WHITE,0,0,F,INDEX,,F,T,0,0
7/1/2026,11:34:53 AM,SPXW,BLOCK,55,2.65,,PUT,7490,0,14575,7/1/2026,WHITE,0,0,F,INDEX,,F,T,0,0
7/1/2026,11:35:29 AM,SPXW,BLOCK,62,2.5,,PUT,7490,0,15500,7/1/2026,WHITE,0,0,F,INDEX,,F,T,0,0
7/1/2026,11:22:18 AM,SPXW,ML/,100,3,,PUT,7490,0,30000,7/1/2026,WHITE,0,0,F,INDEX,,F,T,0,0
7/1/2026,11:37:04 AM,SPXW,ML/,50,2.72,,PUT,7490,0,13600,7/1/2026,WHITE,0,0,F,INDEX,,F,T,0,0
7/1/2026,11:42:39 AM,SPXW,BLOCK,50,2.15,,PUT,7490,0,10749,7/1/2026,WHITE,0,0,F,INDEX,,F,T,0,0
7/1/2026,11:46:27 AM,SPXW,ML/,75,2.32,,PUT,7490,0,17399,7/1/2026,WHITE,0,0,F,INDEX,,F,T,0,0
7/1/2026,11:49:21 AM,SPXW,SWEEP,50,2.5,,PUT,7490,0,12500,7/1/2026,WHITE,0,0,F,INDEX,,F,T,0,0
7/1/2026,11:49:41 AM,SPXW,BLOCK,73,3,,PUT,7490,0,21900,7/1/2026,WHITE,0,0,F,INDEX,,F,T,0,0
7/1/2026,11:58:11 AM,SPXW,ML/,799,2.05,,PUT,7490,0,163794,7/1/2026,WHITE,0,0,F,INDEX,,F,T,0,0
7/1/2026,11:58:11 AM,SPXW,BLOCK,218,2.1,,PUT,7490,0,45780,7/1/2026,WHITE,0,0,F,INDEX,,F,T,0,0
7/1/2026,11:58:11 AM,SPXW,BLOCK,137,2.15,,PUT,7490,0,29455,7/1/2026,WHITE,0,0,F,INDEX,,F,T,0,0
7/1/2026,11:59:00 AM,SPXW,BLOCK,100,2.15,,PUT,7490,0,21500,7/1/2026,WHITE,0,0,F,INDEX,,F,T,0,0
7/1/2026,11:58:39 AM,SPXW,BLOCK,158,2,,PUT,7490,0,31600,7/1/2026,WHITE,0,0,F,INDEX,,F,T,0,0
7/1/2026,12:00:47 PM,SPXW,ML/,95,2.02,,PUT,7490,0,19190,7/1/2026,WHITE,0,0,F,INDEX,,F,T,0,0
7/1/2026,12:02:37 PM,SPXW,ML/,97,1.57,,PUT,7490,0,15229,7/1/2026,WHITE,0,0,F,INDEX,,F,T,0,0
7/1/2026,12:00:35 PM,SPXW,BLOCK,138,2.1,,PUT,7490,0,28980,7/1/2026,WHITE,0,0,F,INDEX,,F,T,0,0
7/1/2026,12:13:25 PM,SPXW,BLOCK,102,1.5,,PUT,7490,0,15300,7/1/2026,WHITE,0,0,F,INDEX,,F,T,0,0
7/1/2026,12:13:03 PM,SPXW,ML/,100,1.48,,PUT,7490,0,14800,7/1/2026,WHITE,0,0,F,INDEX,,F,T,0,0
7/1/2026,12:19:17 PM,SPXW,BLOCK,93,1.45,,PUT,7490,0,13485,7/1/2026,WHITE,0,0,F,INDEX,,F,T,0,0
7/1/2026,12:36:37 PM,SPXW,BLOCK,100,1.45,,PUT,7490,0,14500,7/1/2026,WHITE,0,0,F,INDEX,,F,T,0,0
7/1/2026,12:38:44 PM,SPXW,ML/,72,1.45,,PUT,7490,0,10440,7/1/2026,WHITE,0,0,F,INDEX,,F,T,0,0
7/1/2026,12:39:19 PM,SPXW,ML/,71,1.52,,PUT,7490,0,10792,7/1/2026,WHITE,0,0,F,INDEX,,F,T,0,0
7/1/2026,12:52:47 PM,SPXW,ML/,62,3.1,,PUT,7490,0,19220,7/1/2026,WHITE,0,0,F,INDEX,,F,T,0,0
7/1/2026,12:54:03 PM,SPXW,BLOCK,91,2.8,,PUT,7490,0,25480,7/1/2026,WHITE,0,0,F,INDEX,,F,T,0,0
7/1/2026,12:55:32 PM,SPXW,SWEEP,50,2.6,,PUT,7490,0,13000,7/1/2026,WHITE,0,0,F,INDEX,,F,T,0,0
7/1/2026,12:58:42 PM,SPXW,BLOCK,70,3,,PUT,7490,0,21000,7/1/2026,WHITE,0,0,F,INDEX,,F,T,0,0
7/1/2026,11:17:00 AM,SPXW,BLOCK,50,4.2,,PUT,7490,0,21000,7/1/2026,WHITE,0,0,F,INDEX,,F,T,0,0
7/1/2026,12:59:50 PM,SPXW,BLOCK,76,4.2,,PUT,7490,0,31920,7/1/2026,WHITE,0,0,F,INDEX,,F,T,0,0
7/1/2026,1:00:55 PM,SPXW,BLOCK,50,3.3,,PUT,7490,0,16500,7/1/2026,WHITE,0,0,F,INDEX,,F,T,0,0
7/1/2026,1:01:53 PM,SPXW,BLOCK,126,3,,PUT,7490,0,37800,7/1/2026,WHITE,0,0,F,INDEX,,F,T,0,0
7/1/2026,1:03:50 PM,SPXW,BLOCK,89,4.4,,PUT,7490,0,39160,7/1/2026,WHITE,0,0,F,INDEX,,F,T,0,0
7/1/2026,11:17:17 AM,SPXW,ML/,50,4.11,,PUT,7490,0,20550,7/1/2026,WHITE,0,0,F,INDEX,,F,T,0,0
7/1/2026,1:05:08 PM,SPXW,BLOCK,112,4.8,,PUT,7490,0,53760,7/1/2026,WHITE,0,0,F,INDEX,,F,T,0,0
7/1/2026,1:05:55 PM,SPXW,SWEEP,57,5,,PUT,7490,0,28500,7/1/2026,WHITE,0,0,F,INDEX,,F,T,0,0
7/1/2026,1:07:22 PM,SPXW,BLOCK,71,4.7,,PUT,7490,0,33370,7/1/2026,WHITE,0,0,F,INDEX,,F,T,0,0
7/1/2026,1:12:11 PM,SPXW,BLOCK,50,3.8,,PUT,7490,0,19000,7/1/2026,WHITE,0,0,F,INDEX,,F,T,0,0
7/1/2026,1:15:06 PM,SPXW,ML/,74,2.43,,PUT,7490,0,17982,7/1/2026,WHITE,0,0,F,INDEX,,F,T,0,0
7/1/2026,1:15:17 PM,SPXW,ML/,58,2.53,,PUT,7490,0,14673,7/1/2026,WHITE,0,0,F,INDEX,,F,T,0,0
7/1/2026,1:15:18 PM,SPXW,ML/,60,2.53,,PUT,7490,0,15179,7/1/2026,WHITE,0,0,F,INDEX,,F,T,0,0
7/1/2026,1:15:18 PM,SPXW,ML/,67,2.55,,PUT,7490,0,17085,7/1/2026,WHITE,0,0,F,INDEX,,F,T,0,0
7/1/2026,1:15:18 PM,SPXW,ML/,64,2.53,,PUT,7490,0,16191,7/1/2026,WHITE,0,0,F,INDEX,,F,T,0,0
7/1/2026,1:25:31 PM,SPXW,BLOCK,71,1.55,,PUT,7490,0,11005,7/1/2026,WHITE,0,0,F,INDEX,,F,T,0,0
7/1/2026,1:25:36 PM,SPXW,BLOCK,74,1.6,,PUT,7490,0,11840,7/1/2026,WHITE,0,0,F,INDEX,,F,T,0,0
7/1/2026,1:27:47 PM,SPXW,ML/,104,1.72,,PUT,7490,0,17888,7/1/2026,WHITE,0,0,F,INDEX,,F,T,0,0
7/1/2026,1:30:10 PM,SPXW,ML/,170,1.8,,PUT,7490,0,30600,7/1/2026,WHITE,0,0,F,INDEX,,F,T,0,0
7/1/2026,1:32:35 PM,SPXW,BLOCK,57,2.5,,PUT,7490,0,14250,7/1/2026,WHITE,0,0,F,INDEX,,F,T,0,0
7/1/2026,1:35:08 PM,SPXW,ML/,57,2.45,,PUT,7490,0,13965,7/1/2026,WHITE,0,0,F,INDEX,,F,T,0,0
7/1/2026,1:41:07 PM,SPXW,SWEEP,94,1.95,,PUT,7490,0,18330,7/1/2026,WHITE,0,0,F,INDEX,,F,T,0,0
7/1/2026,1:43:04 PM,SPXW,BLOCK,146,2.25,,PUT,7490,0,32850,7/1/2026,WHITE,0,0,F,INDEX,,F,T,0,0
7/1/2026,1:46:52 PM,SPXW,ML/,50,2.6,,PUT,7490,0,13000,7/1/2026,WHITE,0,0,F,INDEX,,F,T,0,0
7/1/2026,1:59:41 PM,SPXW,SWEEP,65,2.8,,PUT,7490,0,18200,7/1/2026,WHITE,0,0,F,INDEX,,F,T,0,0
7/1/2026,2:00:02 PM,SPXW,BLOCK,52,3,,PUT,7490,0,15600,7/1/2026,WHITE,0,0,F,INDEX,,F,T,0,0
7/1/2026,2:02:33 PM,SPXW,BLOCK,50,2.15,,PUT,7490,0,10749,7/1/2026,WHITE,0,0,F,INDEX,,F,T,0,0
7/1/2026,1:19:12 PM,SPXW,ML/,60,2.01,,PUT,7490,0,12059,7/1/2026,WHITE,0,0,F,INDEX,,F,T,0,0
7/1/2026,2:13:22 PM,SPXW,BLOCK,100,2.7,,PUT,7490,0,27000,7/1/2026,WHITE,0,0,F,INDEX,,F,T,0,0
7/1/2026,2:14:30 PM,SPXW,BLOCK,51,2.75,,PUT,7490,0,14025,7/1/2026,WHITE,0,0,F,INDEX,,F,T,0,0
7/1/2026,2:15:26 PM,SPXW,SWEEP,205,3.6,,PUT,7490,0,73800,7/1/2026,WHITE,0,0,F,INDEX,,F,T,0,0
7/1/2026,2:15:27 PM,SPXW,ML/,98,3.8,,PUT,7490,0,37240,7/1/2026,WHITE,0,0,F,INDEX,,F,T,0,0
7/1/2026,2:17:25 PM,SPXW,ML/,78,3.7,,PUT,7490,0,28860,7/1/2026,WHITE,0,0,F,INDEX,,F,T,0,0
7/1/2026,2:18:22 PM,SPXW,BLOCK,56,3.5,,PUT,7490,0,19600,7/1/2026,WHITE,0,0,F,INDEX,,F,T,0,0
7/1/2026,2:26:28 PM,SPXW,BLOCK,68,2.05,,PUT,7490,0,13939,7/1/2026,WHITE,0,0,F,INDEX,,F,T,0,0
7/1/2026,2:28:27 PM,SPXW,BLOCK,71,2.2,,PUT,7490,0,15620,7/1/2026,WHITE,0,0,F,INDEX,,F,T,0,0
7/1/2026,2:30:26 PM,SPXW,BLOCK,125,2.8,,PUT,7490,0,34999,7/1/2026,WHITE,0,0,F,INDEX,,F,T,0,0
7/1/2026,2:39:17 PM,SPXW,BLOCK,67,2,,PUT,7490,0,13400,7/1/2026,WHITE,0,0,F,INDEX,,F,T,0,0
7/1/2026,2:40:50 PM,SPXW,BLOCK,60,2.05,,PUT,7490,0,12299,7/1/2026,WHITE,0,0,F,INDEX,,F,T,0,0
7/1/2026,2:44:03 PM,SPXW,ML/,76,2.23,,PUT,7490,0,16948,7/1/2026,WHITE,0,0,F,INDEX,,F,T,0,0
7/1/2026,2:15:05 PM,SPXW,ML/,53,3.01,,PUT,7490,0,15953,7/1/2026,WHITE,0,0,F,INDEX,,F,T,0,0
7/1/2026,2:48:00 PM,SPXW,BLOCK,162,3.3,,PUT,7490,0,53460,7/1/2026,WHITE,0,0,F,INDEX,,F,T,0,0
7/1/2026,2:19:12 PM,SPXW,ML/,55,3.25,,PUT,7490,0,17875,7/1/2026,WHITE,0,0,F,INDEX,,F,T,0,0
7/1/2026,2:50:05 PM,SPXW,BLOCK,52,2.5,,PUT,7490,0,13000,7/1/2026,WHITE,0,0,F,INDEX,,F,T,0,0
7/1/2026,2:53:47 PM,SPXW,BLOCK,54,3.3,,PUT,7490,0,17820,7/1/2026,WHITE,0,0,F,INDEX,,F,T,0,0
7/1/2026,2:54:43 PM,SPXW,ML/,55,4.3,,PUT,7490,0,23650,7/1/2026,WHITE,0,0,F,INDEX,,F,T,0,0
7/1/2026,2:54:48 PM,SPXW,BLOCK,73,4.8,,PUT,7490,0,35040,7/1/2026,WHITE,0,0,F,INDEX,,F,T,0,0
7/1/2026,2:55:25 PM,SPXW,ML/,55,4.02,,PUT,7490,0,22109,7/1/2026,WHITE,0,0,F,INDEX,,F,T,0,0
7/1/2026,2:57:06 PM,SPXW,BLOCK,54,4,,PUT,7490,0,21600,7/1/2026,WHITE,0,0,F,INDEX,,F,T,0,0
7/1/2026,3:00:03 PM,SPXW,ML/,60,2.67,,PUT,7490,0,16019,7/1/2026,WHITE,0,0,F,INDEX,,F,T,0,0
7/1/2026,3:01:25 PM,SPXW,ML/,50,2.57,,PUT,7490,0,12850,7/1/2026,WHITE,0,0,F,INDEX,,F,T,0,0
7/1/2026,3:02:12 PM,SPXW,ML/,240,2.1,,PUT,7490,0,50400,7/1/2026,WHITE,0,0,F,INDEX,,F,T,0,0
7/1/2026,3:02:47 PM,SPXW,SWEEP,116,1.95,,PUT,7490,0,22620,7/1/2026,WHITE,0,0,F,INDEX,,F,T,0,0
7/1/2026,3:08:18 PM,SPXW,ML/,136,1,,PUT,7490,0,13600,7/1/2026,WHITE,0,0,F,INDEX,,F,T,0,0
7/1/2026,3:26:06 PM,SPXW,ML/,122,1,,PUT,7490,0,12200,7/1/2026,WHITE,0,0,F,INDEX,,F,T,0,0
7/1/2026,3:26:15 PM,SPXW,BLOCK,100,1.1,,PUT,7490,0,11000,7/1/2026,WHITE,0,0,F,INDEX,,F,T,0,0
7/1/2026,3:26:40 PM,SPXW,BLOCK,99,1.15,,PUT,7490,0,11385,7/1/2026,WHITE,0,0,F,INDEX,,F,T,0,0
7/1/2026,3:27:33 PM,SPXW,ML/,115,1.25,,PUT,7490,0,14375,7/1/2026,WHITE,0,0,F,INDEX,,F,T,0,0
7/1/2026,3:29:32 PM,SPXW,ML/,142,0.85,,PUT,7490,0,12070,7/1/2026,WHITE,0,0,F,INDEX,,F,T,0,0
7/1/2026,3:38:16 PM,SPXW,ML/,112,1.1,,PUT,7490,0,12320,7/1/2026,WHITE,0,0,F,INDEX,,F,T,0,0
7/1/2026,3:39:17 PM,SPXW,BLOCK,129,1.2,,PUT,7490,0,15480,7/1/2026,WHITE,0,0,F,INDEX,,F,T,0,0
7/1/2026,3:42:24 PM,SPXW,BLOCK,57,1.8,,PUT,7490,0,10260,7/1/2026,WHITE,0,0,F,INDEX,,F,T,0,0
7/1/2026,3:44:04 PM,SPXW,BLOCK,109,1.4,,PUT,7490,0,15260,7/1/2026,WHITE,0,0,F,INDEX,,F,T,0,0
7/1/2026,3:45:49 PM,SPXW,BLOCK,102,1.65,,PUT,7490,0,16830,7/1/2026,WHITE,0,0,F,INDEX,,F,T,0,0
7/1/2026,3:46:01 PM,SPXW,BLOCK,183,1.6,,PUT,7490,0,29280,7/1/2026,WHITE,0,0,F,INDEX,,F,T,0,0
7/1/2026,3:46:54 PM,SPXW,BLOCK,56,1.9,,PUT,7490,0,10640,7/1/2026,WHITE,0,0,F,INDEX,,F,T,0,0
7/1/2026,3:47:37 PM,SPXW,BLOCK,62,1.7,,PUT,7490,0,10540,7/1/2026,WHITE,0,0,F,INDEX,,F,T,0,0
7/1/2026,3:47:53 PM,SPXW,BLOCK,115,1.5,,PUT,7490,0,17250,7/1/2026,WHITE,0,0,F,INDEX,,F,T,0,0
7/1/2026,3:48:50 PM,SPXW,BLOCK,65,1.85,,PUT,7490,0,12025,7/1/2026,WHITE,0,0,F,INDEX,,F,T,0,0
7/1/2026,3:49:04 PM,SPXW,BLOCK,76,2.2,,PUT,7490,0,16720,7/1/2026,WHITE,0,0,F,INDEX,,F,T,0,0
7/1/2026,3:48:56 PM,SPXW,BLOCK,102,2,,PUT,7490,0,20400,7/1/2026,WHITE,0,0,F,INDEX,,F,T,0,0
7/1/2026,3:49:11 PM,SPXW,BLOCK,84,2,,PUT,7490,0,16800,7/1/2026,WHITE,0,0,F,INDEX,,F,T,0,0
7/1/2026,3:49:11 PM,SPXW,BLOCK,55,1.95,,PUT,7490,0,10725,7/1/2026,WHITE,0,0,F,INDEX,,F,T,0,0
7/1/2026,3:49:54 PM,SPXW,BLOCK,62,1.7,,PUT,7490,0,10540,7/1/2026,WHITE,0,0,F,INDEX,,F,T,0,0
7/1/2026,3:49:54 PM,SPXW,BLOCK,65,1.75,,PUT,7490,0,11375,7/1/2026,WHITE,0,0,F,INDEX,,F,T,0,0
7/1/2026,3:49:54 PM,SPXW,BLOCK,73,1.8,,PUT,7490,0,13140,7/1/2026,WHITE,0,0,F,INDEX,,F,T,0,0
7/1/2026,3:50:00 PM,SPXW,BLOCK,106,1.5,,PUT,7490,0,15900,7/1/2026,WHITE,0,0,F,INDEX,,F,T,0,0
7/1/2026,3:51:01 PM,SPXW,ML/,303,1.6,,PUT,7490,0,48480,7/1/2026,WHITE,0,0,F,INDEX,,F,T,0,0
7/1/2026,3:51:22 PM,SPXW,BLOCK,100,2,,PUT,7490,0,20000,7/1/2026,WHITE,0,0,F,INDEX,,F,T,0,0
7/1/2026,3:51:27 PM,SPXW,BLOCK,77,2.2,,PUT,7490,0,16940,7/1/2026,WHITE,0,0,F,INDEX,,F,T,0,0
7/1/2026,3:51:28 PM,SPXW,BLOCK,124,2.25,,PUT,7490,0,27900,7/1/2026,WHITE,0,0,F,INDEX,,F,T,0,0
7/1/2026,3:51:32 PM,SPXW,ML/,80,2.19,,PUT,7490,0,17520,7/1/2026,WHITE,0,0,F,INDEX,,F,T,0,0
7/1/2026,3:51:35 PM,SPXW,BLOCK,50,2.1,,PUT,7490,0,10500,7/1/2026,WHITE,0,0,F,INDEX,,F,T,0,0
7/1/2026,3:52:01 PM,SPXW,ML/,71,2.5,,PUT,7490,0,17750,7/1/2026,WHITE,0,0,F,INDEX,,F,T,0,0
7/1/2026,3:52:05 PM,SPXW,ML/,134,3,,PUT,7490,0,40200,7/1/2026,WHITE,0,0,F,INDEX,,F,T,0,0
7/1/2026,3:52:05 PM,SPXW,ML/,65,3.1,,PUT,7490,0,20150,7/1/2026,WHITE,0,0,F,INDEX,,F,T,0,0
7/1/2026,3:52:07 PM,SPXW,BLOCK,57,2.85,,PUT,7490,0,16245,7/1/2026,WHITE,0,0,F,INDEX,,F,T,0,0
7/1/2026,3:52:11 PM,SPXW,ML/,57,3.5,,PUT,7490,0,19950,7/1/2026,WHITE,0,0,F,INDEX,,F,T,0,0
7/1/2026,3:52:12 PM,SPXW,BLOCK,85,3.9,,PUT,7490,0,33150,7/1/2026,WHITE,0,0,F,INDEX,,F,T,0,0
7/1/2026,3:52:12 PM,SPXW,ML/,174,4,,PUT,7490,0,69600,7/1/2026,WHITE,0,0,F,INDEX,,F,T,0,0
7/1/2026,3:52:12 PM,SPXW,ML/,51,4.1,,PUT,7490,0,20910,7/1/2026,WHITE,0,0,F,INDEX,,F,T,0,0
7/1/2026,3:52:12 PM,SPXW,SWEEP,80,4.1,,PUT,7490,0,32799,7/1/2026,WHITE,0,0,F,INDEX,,F,T,0,0
7/1/2026,3:52:14 PM,SPXW,ML/,63,4.3,,PUT,7490,0,27089,7/1/2026,WHITE,0,0,F,INDEX,,F,T,0,0
7/1/2026,3:52:11 PM,SPXW,ML/,211,3.7,,PUT,7490,0,78070,7/1/2026,WHITE,0,0,F,INDEX,,F,T,0,0
7/1/2026,3:52:20 PM,SPXW,ML/,63,3.4,,PUT,7490,0,21420,7/1/2026,WHITE,0,0,F,INDEX,,F,T,0,0
7/1/2026,2:48:45 PM,SPXW,ML/,498,3.37,,PUT,7490,0,167826,7/1/2026,WHITE,0,0,F,INDEX,,F,T,0,0
7/1/2026,2:58:53 PM,SPXW,ML/,50,3.17,,PUT,7490,0,15850,7/1/2026,WHITE,0,0,F,INDEX,,F,T,0,0
7/1/2026,3:52:45 PM,SPXW,BLOCK,292,3.2,,PUT,7490,0,93440,7/1/2026,WHITE,0,0,F,INDEX,,F,T,0,0
7/1/2026,3:52:34 PM,SPXW,BLOCK,51,3.4,,PUT,7490,0,17339,7/1/2026,WHITE,0,0,F,INDEX,,F,T,0,0
7/1/2026,3:53:10 PM,SPXW,ML/,67,3.13,,PUT,7490,0,20970,7/1/2026,WHITE,0,0,F,INDEX,,F,T,0,0
7/1/2026,3:53:12 PM,SPXW,ML/,64,3.4,,PUT,7490,0,21760,7/1/2026,WHITE,0,0,F,INDEX,,F,T,0,0
7/1/2026,3:53:25 PM,SPXW,BLOCK,51,2.7,,PUT,7490,0,13770,7/1/2026,WHITE,0,0,F,INDEX,,F,T,0,0
7/1/2026,3:53:35 PM,SPXW,ML/,59,2.32,,PUT,7490,0,13688,7/1/2026,WHITE,0,0,F,INDEX,,F,T,0,0
7/1/2026,3:53:50 PM,SPXW,BLOCK,61,2,,PUT,7490,0,12200,7/1/2026,WHITE,0,0,F,INDEX,,F,T,0,0
7/1/2026,3:53:50 PM,SPXW,ML/,85,2,,PUT,7490,0,17000,7/1/2026,WHITE,0,0,F,INDEX,,F,T,0,0
7/1/2026,3:54:02 PM,SPXW,BLOCK,77,2.2,,PUT,7490,0,16940,7/1/2026,WHITE,0,0,F,INDEX,,F,T,0,0
7/1/2026,3:54:00 PM,SPXW,ML/,109,2,,PUT,7490,0,21800,7/1/2026,WHITE,0,0,F,INDEX,,F,T,0,0
7/1/2026,3:54:05 PM,SPXW,BLOCK,263,2,,PUT,7490,0,52600,7/1/2026,WHITE,0,0,F,INDEX,,F,T,0,0
7/1/2026,3:54:02 PM,SPXW,BLOCK,81,2.25,,PUT,7490,0,18225,7/1/2026,WHITE,0,0,F,INDEX,,F,T,0,0
7/1/2026,3:54:13 PM,SPXW,BLOCK,50,2.45,,PUT,7490,0,12250,7/1/2026,WHITE,0,0,F,INDEX,,F,T,0,0
7/1/2026,3:54:13 PM,SPXW,BLOCK,73,2.4,,PUT,7490,0,17520,7/1/2026,WHITE,0,0,F,INDEX,,F,T,0,0
7/1/2026,3:53:24 PM,SPXW,ML/,72,3,,PUT,7490,0,21600,7/1/2026,WHITE,0,0,F,INDEX,,F,T,0,0
7/1/2026,3:54:45 PM,SPXW,BLOCK,240,3,,PUT,7490,0,72000,7/1/2026,WHITE,0,0,F,INDEX,,F,T,0,0
7/1/2026,3:54:54 PM,SPXW,BLOCK,52,2.2,,PUT,7490,0,11440,7/1/2026,WHITE,0,0,F,INDEX,,F,T,0,0
7/1/2026,3:54:54 PM,SPXW,BLOCK,51,2.2,,PUT,7490,0,11220,7/1/2026,WHITE,0,0,F,INDEX,,F,T,0,0
7/1/2026,3:54:55 PM,SPXW,BLOCK,50,2.2,,PUT,7490,0,11000,7/1/2026,WHITE,0,0,F,INDEX,,F,T,0,0
7/1/2026,3:56:03 PM,SPXW,ML/,79,2.6,,PUT,7490,0,20540,7/1/2026,WHITE,0,0,F,INDEX,,F,T,0,0
7/1/2026,3:56:23 PM,SPXW,ML/,138,2.25,,PUT,7490,0,31050,7/1/2026,WHITE,0,0,F,INDEX,,F,T,0,0
7/1/2026,3:56:43 PM,SPXW,BLOCK,81,2.8,,PUT,7490,0,22680,7/1/2026,WHITE,0,0,F,INDEX,,F,T,0,0
7/1/2026,3:56:46 PM,SPXW,BLOCK,176,2.85,,PUT,7490,0,50160,7/1/2026,WHITE,0,0,F,INDEX,,F,T,0,0
7/1/2026,3:57:02 PM,SPXW,BLOCK,65,4,,PUT,7490,0,26000,7/1/2026,WHITE,0,0,F,INDEX,,F,T,0,0
7/1/2026,3:57:05 PM,SPXW,ML/,73,5,,PUT,7490,0,36500,7/1/2026,WHITE,0,0,F,INDEX,,F,T,0,0
7/1/2026,3:57:12 PM,SPXW,BLOCK,50,7,,PUT,7490,0,35000,7/1/2026,WHITE,0,0,F,INDEX,,F,T,0,0
7/1/2026,3:57:14 PM,SPXW,ML/,65,7.7,,PUT,7490,0,50050,7/1/2026,WHITE,0,0,F,INDEX,,F,T,0,0
7/1/2026,3:57:24 PM,SPXW,ML/,85,8.22,,PUT,7490,0,69870,7/1/2026,WHITE,0,0,F,INDEX,,F,T,0,0
7/1/2026,3:57:42 PM,SPXW,BLOCK,59,10,,PUT,7490,0,59000,7/1/2026,WHITE,0,0,F,INDEX,,F,T,0,0
7/1/2026,3:57:59 PM,SPXW,BLOCK,52,8.1,,PUT,7490,0,42120,7/1/2026,WHITE,0,0,F,INDEX,,F,T,0,0
7/1/2026,3:57:08 PM,SPXW,ML/,67,5.8,,PUT,7490,0,38860,7/1/2026,WHITE,0,0,F,INDEX,,F,T,0,0
7/1/2026,3:59:09 PM,SPXW,ML/,89,4.1,,PUT,7490,0,36490,7/1/2026,WHITE,0,0,F,INDEX,,F,T,0,0
7/1/2026,3:56:03 PM,SPXW,ML/,79,2.61,,PUT,7490,0,20619,7/1/2026,WHITE,0,0,F,INDEX,,F,T,0,0
7/1/2026,3:59:52 PM,SPXW,ML/,96,6.4,,PUT,7490,0,61440,7/1/2026,WHITE,0,0,F,INDEX,,F,T,0,0
7/1/2026,3:57:40 PM,SPXW,ML/,51,8.87,,PUT,7490,0,45236,7/1/2026,WHITE,0,0,F,INDEX,,F,T,0,0
7/1/2026,3:53:15 PM,SPXW,ML/,100,3.34,,PUT,7490,0,33400,7/1/2026,WHITE,0,0,F,INDEX,,F,T,0,0
7/1/2026,10:58:56 AM,SPXW,ML/,256,0.67,,PUT,7405,0,17152,7/1/2026,WHITE,0,0,F,INDEX,,F,T,0,0
7/1/2026,9:33:56 AM,SPXW,ML/,50,5.46,,PUT,7405,0,27300,7/1/2026,WHITE,0,0,F,INDEX,,F,T,0,0
7/1/2026,9:36:47 AM,SPXW,ML/,50,5.98,,PUT,7405,0,29900,7/1/2026,WHITE,0,0,F,INDEX,,F,T,0,0
7/1/2026,9:51:01 AM,SPXW,ML/,76,2.36,,PUT,7405,0,17936,7/1/2026,WHITE,0,0,F,INDEX,,F,T,0,0
7/1/2026,10:20:15 AM,SPXW,ML/,75,12.56,,PUT,7395,0,94200,7/7/2026,WHITE,0,6,F,INDEX,,F,T,0,0
7/1/2026,10:19:48 AM,SPXW,ML/,232,55.71,,CALL,7500,0,1292472,7/10/2026,WHITE,0,9,F,INDEX,,F,T,0,0
7/1/2026,10:20:06 AM,SPXW,ML/,100,55.14,,CALL,7500,0,551400,7/10/2026,WHITE,0,9,F,INDEX,,F,T,0,0
7/1/2026,10:25:14 AM,SPXW,ML/,100,55.43,,CALL,7500,0,554300,7/10/2026,WHITE,0,9,F,INDEX,,F,T,0,0
7/1/2026,10:26:59 AM,SPXW,ML/,93,53.77,,CALL,7500,0,500061,7/10/2026,WHITE,0,9,F,INDEX,,F,T,0,0
7/1/2026,2:10:21 PM,SPXW,ML/,60,57.35,,CALL,7500,0,344100,7/10/2026,WHITE,0,9,F,INDEX,,F,T,0,0
7/1/2026,11:27:53 AM,SPXW,BLOCK,66,38,,CALL,7550,0,250800,7/10/2026,WHITE,0,9,F,INDEX,,F,T,0,0
7/1/2026,2:27:19 PM,SPXW,ML/,500,31.13,,CALL,7550,0,1556500,7/10/2026,WHITE,0,9,F,INDEX,,F,T,0,0
7/1/2026,3:50:29 PM,SPXW,ML/,50,27.63,,CALL,7550,0,138150,7/10/2026,WHITE,0,9,F,INDEX,,F,T,0,0
7/1/2026,3:57:02 PM,SPXW,ML/,82,25.55,,CALL,7550,0,209510,7/10/2026,WHITE,0,9,F,INDEX,,F,T,0,0
7/1/2026,10:58:22 AM,SPXW,ML/,151,13.05,,CALL,7600,0,197055,7/10/2026,WHITE,0,9,F,INDEX,,F,T,0,0
7/1/2026,12:55:14 PM,SPXW,ML/,142,15.6,,CALL,7600,0,221519,7/10/2026,WHITE,0,9,F,INDEX,,F,T,0,0
7/1/2026,4:15:00 PM,SPXW,BLOCK,65,10,,CALL,7600,0,65000,7/10/2026,WHITE,0,9,F,INDEX,,F,T,0,0
7/1/2026,4:15:00 PM,SPXW,BLOCK,438,10.2,,CALL,7600,0,446759,7/10/2026,WHITE,0,9,F,INDEX,,F,T,0,0
7/1/2026,4:15:32 PM,SPXW,BLOCK,209,10.2,,CALL,7600,0,213179,7/10/2026,WHITE,0,9,F,INDEX,,F,T,0,0
7/1/2026,4:15:36 PM,SPXW,BLOCK,100,10.2,,CALL,7600,0,101999,7/10/2026,WHITE,0,9,F,INDEX,,F,T,0,0
7/1/2026,4:15:00 PM,SPXW,BLOCK,52,10,,CALL,7600,0,52000,7/10/2026,WHITE,0,9,F,INDEX,,F,T,0,0
7/1/2026,4:15:38 PM,SPXW,BLOCK,84,10.2,,CALL,7600,0,85680,7/10/2026,WHITE,0,9,F,INDEX,,F,T,0,0
7/1/2026,10:55:48 AM,SPXW,ML/,200,13.1,,CALL,7600,0,262000,7/10/2026,WHITE,0,9,F,INDEX,,F,T,0,0
7/1/2026,12:47:47 PM,SPXW,ML/,580,16.36,,CALL,7600,0,948879,7/10/2026,WHITE,0,9,F,INDEX,,F,T,0,0
7/1/2026,2:10:21 PM,SPXW,ML/,60,13.81,,CALL,7600,0,82860,7/10/2026,WHITE,0,9,F,INDEX,,F,T,0,0
7/1/2026,10:35:31 AM,SPXW,BLOCK,75,4.5,,CALL,7575,0,33750,7/6/2026,WHITE,0,5,F,INDEX,,F,T,0,0
7/1/2026,4:34:28 PM,SPXW,BLOCK,100,2.35,,CALL,7575,0,23500,7/6/2026,WHITE,0,5,F,INDEX,,F,T,0,0
7/1/2026,10:29:26 AM,SPXW,BLOCK,82,2.95,,PUT,7300,0,24190,7/6/2026,WHITE,0,5,F,INDEX,,F,T,0,0
7/1/2026,10:29:26 AM,SPXW,BLOCK,87,2.95,,PUT,7300,0,25665,7/6/2026,WHITE,0,5,F,INDEX,,F,T,0,0
7/1/2026,10:29:28 AM,SPXW,BLOCK,127,2.95,,PUT,7300,0,37465,7/6/2026,WHITE,0,5,F,INDEX,,F,T,0,0
7/1/2026,10:29:34 AM,SPXW,BLOCK,65,2.95,,PUT,7300,0,19175,7/6/2026,WHITE,0,5,F,INDEX,,F,T,0,0
7/1/2026,11:25:26 AM,SPXW,ML/,100,1.93,,PUT,7300,0,19300,7/6/2026,WHITE,0,5,F,INDEX,,F,T,0,0
7/1/2026,11:42:47 AM,SPXW,ML/,85,1.91,,PUT,7300,0,16235,7/6/2026,WHITE,0,5,F,INDEX,,F,T,0,0
7/1/2026,3:51:18 PM,SPXW,BLOCK,1500,2.35,,PUT,7300,0,352500,7/6/2026,WHITE,0,5,F,INDEX,,F,T,0,0
7/1/2026,3:09:41 PM,SPXW,ML/,50,4.3,,PUT,7430,0,21500,7/2/2026,WHITE,0,1,F,INDEX,,F,T,0,0
7/1/2026,4:03:33 PM,SPXW,ML/,57,8.29,,PUT,7430,0,47253,7/2/2026,WHITE,0,1,F,INDEX,,F,T,0,0
7/1/2026,3:39:38 PM,SPXW,ML/,81,4.66,,PUT,7430,0,37746,7/2/2026,WHITE,0,1,F,INDEX,,F,T,0,0
7/1/2026,10:16:30 AM,SPXW,ML/,541,0.67,,PUT,7275,0,36247,7/2/2026,WHITE,0,1,F,INDEX,,F,T,0,0
7/1/2026,10:16:30 AM,SPXW,ML/,187,0.67,,PUT,7275,0,12529,7/2/2026,WHITE,0,1,F,INDEX,,F,T,0,0
7/1/2026,10:17:20 AM,SPXW,ML/,278,0.67,,PUT,7275,0,18626,7/2/2026,WHITE,0,1,F,INDEX,,F,T,0,0
7/1/2026,10:17:21 AM,SPXW,ML/,979,0.67,,PUT,7275,0,65593,7/2/2026,WHITE,0,1,F,INDEX,,F,T,0,0
7/1/2026,9:33:01 AM,SPXW,BLOCK,50,16.6,,PUT,7425,0,83000,7/2/2026,WHITE,0,1,F,INDEX,,F,T,0,0
7/1/2026,1:20:07 PM,SPXW,ML/,89,3.75,,PUT,7425,0,33375,7/2/2026,WHITE,0,1,F,INDEX,,F,T,0,0
7/1/2026,3:08:19 PM,SPXW,BLOCK,81,4,,PUT,7425,0,32400,7/2/2026,WHITE,0,1,F,INDEX,,F,T,0,0
7/1/2026,3:07:25 PM,SPXW,ML/,66,4.2,,PUT,7425,0,27720,7/2/2026,WHITE,0,1,F,INDEX,,F,T,0,0
7/1/2026,3:42:16 PM,SPXW,ML/,84,4.49,,PUT,7425,0,37716,7/2/2026,WHITE,0,1,F,INDEX,,F,T,0,0
7/1/2026,3:47:25 PM,SPXW,ML/,50,4.6,,PUT,7425,0,22999,7/2/2026,WHITE,0,1,F,INDEX,,F,T,0,0
7/1/2026,3:49:24 PM,SPXW,ML/,82,4.59,,PUT,7425,0,37638,7/2/2026,WHITE,0,1,F,INDEX,,F,T,0,0
7/1/2026,10:13:17 AM,SPXW,ML/,50,6.85,,PUT,7425,0,34250,7/2/2026,WHITE,0,1,F,INDEX,,F,T,0,0
7/1/2026,3:57:09 PM,SPXW,ML/,200,5,,PUT,7425,0,100000,7/2/2026,WHITE,0,1,F,INDEX,,F,T,0,0
7/1/2026,3:08:17 PM,SPXW,ML/,100,4.11,,PUT,7425,0,41100,7/2/2026,WHITE,0,1,F,INDEX,,F,T,0,0
7/1/2026,3:44:40 PM,SPXW,ML/,101,4.29,,PUT,7425,0,43329,7/2/2026,WHITE,0,1,F,INDEX,,F,T,0,0
7/1/2026,3:42:29 PM,SPXW,ML/,126,4.48,,PUT,7425,0,56448,7/2/2026,WHITE,0,1,F,INDEX,,F,T,0,0
7/1/2026,3:49:32 PM,SPXW,ML/,77,4.63,,PUT,7425,0,35651,7/2/2026,WHITE,0,1,F,INDEX,,F,T,0,0
7/1/2026,3:52:16 PM,SPXW,ML/,150,4.69,,PUT,7425,0,70350,7/2/2026,WHITE,0,1,F,INDEX,,F,T,0,0
7/1/2026,11:29:36 AM,SPXW,ML/,60,2.75,,PUT,7100,0,16500,7/10/2026,WHITE,0,9,F,INDEX,,F,T,0,0
7/1/2026,11:10:12 AM,SPXW,ML/,50,2.99,,PUT,7100,0,14950,7/10/2026,WHITE,0,9,F,INDEX,,F,T,0,0
7/1/2026,10:14:21 AM,SPXW,BLOCK,391,22.6,,PUT,7495,0,883660,7/2/2026,WHITE,0,1,F,INDEX,,F,T,0,0
7/1/2026,10:14:43 AM,SPXW,BLOCK,414,23.5,,PUT,7495,0,972900,7/2/2026,WHITE,0,1,F,INDEX,,F,T,0,0
7/1/2026,10:22:07 AM,SPXW,BLOCK,431,22,,PUT,7495,0,948200,7/2/2026,WHITE,0,1,F,INDEX,,F,T,0,0
7/1/2026,10:24:11 AM,SPXW,BLOCK,473,22.4,,PUT,7495,0,1059520,7/2/2026,WHITE,0,1,F,INDEX,,F,T,0,0
7/1/2026,10:22:11 AM,SPXW,ML/,92,22,,PUT,7495,0,202400,7/2/2026,WHITE,0,1,F,INDEX,,F,T,0,0
7/1/2026,10:42:38 AM,SPXW,BLOCK,50,23.1,,PUT,7495,0,115500,7/2/2026,WHITE,0,1,F,INDEX,,F,T,0,0
7/1/2026,2:54:27 PM,SPXW,BLOCK,50,21.4,,PUT,7495,0,107000,7/2/2026,WHITE,0,1,F,INDEX,,F,T,0,0
7/1/2026,3:53:10 PM,SPXW,ML/,67,22.36,,PUT,7495,0,149812,7/2/2026,WHITE,0,1,F,INDEX,,F,T,0,0
7/1/2026,12:13:08 PM,SPXW,ML/,100,1.1,,PUT,7370,0,11000,7/2/2026,WHITE,0,1,F,INDEX,,F,T,0,0
7/1/2026,12:27:39 PM,SPXW,ML/,100,1.12,,PUT,7370,0,11200,7/2/2026,WHITE,0,1,F,INDEX,,F,T,0,0
7/1/2026,10:06:22 AM,SPXW,BLOCK,150,1.4,,CALL,7575,0,20999,7/2/2026,WHITE,0,1,F,INDEX,,F,T,0,0
7/1/2026,9:30:34 AM,SPXW,BLOCK,72,1.45,,CALL,7575,0,10440,7/2/2026,WHITE,0,1,F,INDEX,,F,T,0,0
7/1/2026,10:42:16 AM,SPXW,BLOCK,100,1.35,,CALL,7575,0,13500,7/2/2026,WHITE,0,1,F,INDEX,,F,T,0,0
7/1/2026,10:41:11 AM,SPXW,BLOCK,100,1.45,,CALL,7575,0,14500,7/2/2026,WHITE,0,1,F,INDEX,,F,T,0,0
7/1/2026,10:56:53 AM,SPXW,ML/,100,1.28,,CALL,7575,0,12800,7/2/2026,WHITE,0,1,F,INDEX,,F,T,0,0
7/1/2026,2:16:14 PM,SPXW,ML/,286,1.07,,CALL,7575,0,30602,7/2/2026,WHITE,0,1,F,INDEX,,F,T,0,0
7/1/2026,2:59:13 PM,SPXW,ML/,165,1,,CALL,7575,0,16500,7/2/2026,WHITE,0,1,F,INDEX,,F,T,0,0
7/1/2026,12:59:10 PM,SPXW,ML/,60,1.71,,CALL,7575,0,10260,7/2/2026,WHITE,0,1,F,INDEX,,F,T,0,0
7/1/2026,11:41:47 AM,SPXW,ML/,100,2.53,,CALL,7575,0,25299,7/2/2026,WHITE,0,1,F,INDEX,,F,T,0,0
7/1/2026,10:50:16 AM,SPXW,ML/,226,0.77,,PUT,7300,0,17402,7/2/2026,WHITE,0,1,F,INDEX,,F,T,0,0
7/1/2026,10:50:16 AM,SPXW,ML/,211,0.79,,PUT,7300,0,16669,7/2/2026,WHITE,0,1,F,INDEX,,F,T,0,0
7/1/2026,12:42:52 PM,SPXW,ML/,50,2.72,,CALL,7570,0,13600,7/2/2026,WHITE,0,1,F,INDEX,,F,T,0,0
7/1/2026,1:18:36 PM,SPXW,BLOCK,79,2.15,,CALL,7570,0,16985,7/2/2026,WHITE,0,1,F,INDEX,,F,T,0,0
7/1/2026,1:32:29 PM,SPXW,ML/,82,1.9,,CALL,7570,0,15580,7/2/2026,WHITE,0,1,F,INDEX,,F,T,0,0
7/1/2026,2:18:22 PM,SPXW,ML/,75,1.4,,CALL,7570,0,10500,7/2/2026,WHITE,0,1,F,INDEX,,F,T,0,0
7/1/2026,3:12:43 PM,SPXW,ML/,72,1.6,,CALL,7570,0,11520,7/2/2026,WHITE,0,1,F,INDEX,,F,T,0,0
7/1/2026,3:19:34 PM,SPXW,ML/,333,1.6,,CALL,7570,0,53280,7/2/2026,WHITE,0,1,F,INDEX,,F,T,0,0
7/1/2026,3:54:19 PM,SPXW,BLOCK,126,0.85,,CALL,7570,0,10710,7/2/2026,WHITE,0,1,F,INDEX,,F,T,0,0
7/1/2026,12:55:20 PM,SPXW,BLOCK,50,2.45,,CALL,7570,0,12250,7/2/2026,WHITE,0,1,F,INDEX,,F,T,0,0
7/1/2026,11:47:51 AM,SPXW,ML/,800,3.14,,CALL,7570,0,251200,7/2/2026,WHITE,0,1,F,INDEX,,F,T,0,0
7/1/2026,12:27:21 PM,SPXW,ML/,83,3.64,,CALL,7570,0,30212,7/2/2026,WHITE,0,1,F,INDEX,,F,T,0,0
7/1/2026,3:52:10 PM,XSP,BLOCK,740,0.3,,PUT,749,0,22200,7/1/2026,WHITE,0,0,F,INDEX,,F,T,0,0
7/1/2026,3:59:59 PM,XSP,BLOCK,266,0.5,,PUT,749,0,13300,7/1/2026,WHITE,0,0,F,INDEX,,F,T,0,0
7/1/2026,10:39:18 AM,SPXW,ML/,720,0.43,,PUT,7240,0,30960,7/2/2026,WHITE,0,1,F,INDEX,,F,T,0,0
7/1/2026,10:37:11 AM,SPXW,ML/,198,9.4,,CALL,7550,0,186120,7/6/2026,WHITE,0,5,F,INDEX,,F,T,0,0
7/1/2026,3:22:26 PM,SPXW,BLOCK,90,10.7,,CALL,7550,0,96299,7/6/2026,WHITE,0,5,F,INDEX,,F,T,0,0
7/1/2026,4:06:20 PM,SPXW,ML/,200,5.89,,CALL,7550,0,117800,7/6/2026,WHITE,0,5,F,INDEX,,F,T,0,0
7/1/2026,12:29:14 PM,SPXW,ML/,50,2.51,,CALL,7630,0,12550,7/7/2026,WHITE,0,6,F,INDEX,,F,T,0,0
7/1/2026,9:53:35 AM,SPXW,ML/,100,2.8,,CALL,7610,0,28000,7/7/2026,WHITE,0,6,F,INDEX,,F,T,0,0
7/1/2026,9:54:29 AM,SPXW,ML/,98,2.73,,CALL,7610,0,26754,7/7/2026,WHITE,0,6,F,INDEX,,F,T,0,0
7/1/2026,11:40:39 AM,SPXW,ML/,500,13.8,,PUT,7325,0,690000,7/13/2026,WHITE,0,12,F,INDEX,,F,T,0,0
7/1/2026,10:35:08 AM,VIX,ML/,5700,0.08,,CALL,50,0,45600,7/22/2026,WHITE,0,21,F,INDEX,,F,T,0,0
7/1/2026,9:47:58 AM,SPXW,BLOCK,97,10.3,,CALL,7480,0,99910,7/1/2026,WHITE,0,0,F,INDEX,,F,T,0,0
7/1/2026,9:47:58 AM,SPXW,ML/,295,10.4,,CALL,7480,0,306800,7/1/2026,WHITE,0,0,F,INDEX,,F,T,0,0
7/1/2026,9:50:35 AM,SPXW,BLOCK,71,9.7,,CALL,7480,0,68870,7/1/2026,WHITE,0,0,F,INDEX,,F,T,0,0
7/1/2026,10:04:03 AM,SPXW,ML/,50,15.25,,CALL,7480,0,76250,7/1/2026,WHITE,0,0,F,INDEX,,F,T,0,0
7/1/2026,10:05:49 AM,SPXW,BLOCK,51,16.2,,CALL,7480,0,82620,7/1/2026,WHITE,0,0,F,INDEX,,F,T,0,0
7/1/2026,10:10:20 AM,SPXW,BLOCK,50,18.1,,CALL,7480,0,90500,7/1/2026,WHITE,0,0,F,INDEX,,F,T,0,0
7/1/2026,10:14:54 AM,SPXW,BLOCK,89,21.1,,CALL,7480,0,187790,7/1/2026,WHITE,0,0,F,INDEX,,F,T,0,0
7/1/2026,10:14:55 AM,SPXW,BLOCK,105,21.1,,CALL,7480,0,221550,7/1/2026,WHITE,0,0,F,INDEX,,F,T,0,0
7/1/2026,10:31:05 AM,SPXW,BLOCK,103,18.8,,CALL,7480,0,193640,7/1/2026,WHITE,0,0,F,INDEX,,F,T,0,0
7/1/2026,10:33:44 AM,SPXW,BLOCK,51,17.7,,CALL,7480,0,90270,7/1/2026,WHITE,0,0,F,INDEX,,F,T,0,0
7/1/2026,10:35:55 AM,SPXW,BLOCK,120,17.6,,CALL,7480,0,211200,7/1/2026,WHITE,0,0,F,INDEX,,F,T,0,0
7/1/2026,10:38:09 AM,SPXW,BLOCK,62,20.5,,CALL,7480,0,127100,7/1/2026,WHITE,0,0,F,INDEX,,F,T,0,0
7/1/2026,10:38:09 AM,SPXW,BLOCK,58,20.6,,CALL,7480,0,119480,7/1/2026,WHITE,0,0,F,INDEX,,F,T,0,0
7/1/2026,10:59:58 AM,SPXW,BLOCK,92,22.5,,CALL,7480,0,207000,7/1/2026,WHITE,0,0,F,INDEX,,F,T,0,0
7/1/2026,11:02:20 AM,SPXW,ML/,120,24.8,,CALL,7480,0,297600,7/1/2026,WHITE,0,0,F,INDEX,,F,T,0,0
7/1/2026,2:37:14 PM,SPXW,BLOCK,89,21.1,,CALL,7480,0,187790,7/1/2026,WHITE,0,0,F,INDEX,,F,T,0,0
7/1/2026,3:08:47 PM,SPXW,ML/,71,23.8,,CALL,7480,0,168980,7/1/2026,WHITE,0,0,F,INDEX,,F,T,0,0
7/1/2026,10:02:47 AM,SPXW,ML/,50,13.86,,CALL,7480,0,69300,7/1/2026,WHITE,0,0,F,INDEX,,F,T,0,0
7/1/2026,9:50:54 AM,SPXW,ML/,51,10.97,,CALL,7480,0,55947,7/1/2026,WHITE,0,0,F,INDEX,,F,T,0,0
7/1/2026,10:04:32 AM,SPXW,ML/,75,14.98,,CALL,7480,0,112350,7/1/2026,WHITE,0,0,F,INDEX,,F,T,0,0
7/1/2026,2:18:23 PM,SPXW,ML/,60,18.95,,CALL,7480,0,113700,7/1/2026,WHITE,0,0,F,INDEX,,F,T,0,0
7/1/2026,11:01:57 AM,SPXW,ML/,63,24.57,,CALL,7480,0,154791,7/1/2026,WHITE,0,0,F,INDEX,,F,T,0,0
7/1/2026,11:20:40 AM,SPXW,ML/,52,36.55,,CALL,7480,0,190060,7/1/2026,WHITE,0,0,F,INDEX,,F,T,0,0
7/1/2026,11:55:35 AM,SPXW,ML/,75,34.87,,CALL,7480,0,261525,7/1/2026,WHITE,0,0,F,INDEX,,F,T,0,0
7/1/2026,3:27:38 PM,SPXW,ML/,95,18.34,,CALL,7480,0,174230,7/1/2026,WHITE,0,0,F,INDEX,,F,T,0,0
7/1/2026,3:57:06 PM,SPXW,ML/,50,6.72,,CALL,7480,0,33600,7/1/2026,WHITE,0,0,F,INDEX,,F,T,0,0
7/1/2026,9:41:27 AM,SPXW,ML/,61,33.57,,CALL,7440,0,204777,7/1/2026,WHITE,0,0,F,INDEX,,F,T,0,0
7/1/2026,11:05:39 AM,SPXW,BLOCK,58,1.85,,PUT,7270,0,10730,7/6/2026,WHITE,0,5,F,INDEX,,F,T,0,0
7/1/2026,11:05:48 AM,SPXW,BLOCK,55,1.85,,PUT,7270,0,10175,7/6/2026,WHITE,0,5,F,INDEX,,F,T,0,0
7/1/2026,11:07:16 AM,SPXW,BLOCK,58,1.85,,PUT,7270,0,10730,7/6/2026,WHITE,0,5,F,INDEX,,F,T,0,0
7/1/2026,1:08:56 PM,VIX,ML/,3500,0.88,,PUT,17,0,308000,8/19/2026,WHITE,0,49,F,INDEX,,F,T,0,0
7/1/2026,1:08:56 PM,VIX,ML/,3500,0.87,,PUT,17,0,304500,8/19/2026,WHITE,0,49,F,INDEX,,F,T,0,0
7/1/2026,9:51:04 AM,SPXW,BLOCK,61,2.55,,PUT,7325,0,15554,7/2/2026,WHITE,0,1,F,INDEX,,F,T,0,0
7/1/2026,11:46:57 AM,SPXW,ML/,170,0.6,,PUT,7325,0,10200,7/2/2026,WHITE,0,1,F,INDEX,,F,T,0,0
7/1/2026,10:17:26 AM,SPXW,ML/,100,1.34,,PUT,7325,0,13400,7/2/2026,WHITE,0,1,F,INDEX,,F,T,0,0
7/1/2026,11:40:28 AM,SPXW,ML/,700,0.64,,PUT,7325,0,44800,7/2/2026,WHITE,0,1,F,INDEX,,F,T,0,0
7/1/2026,3:59:58 PM,XSP,BLOCK,99,1.5,,PUT,750,0,14850,7/1/2026,WHITE,0,0,F,INDEX,,F,T,0,0
7/1/2026,3:59:57 PM,XSP,BLOCK,120,1.52,,PUT,750,0,18240,7/1/2026,WHITE,0,0,F,INDEX,,F,T,0,0
7/1/2026,3:59:58 PM,XSP,BLOCK,400,1.48,,PUT,750,0,59200,7/1/2026,WHITE,0,0,F,INDEX,,F,T,0,0
7/1/2026,3:59:56 PM,XSP,BLOCK,120,1.51,,PUT,750,0,18120,7/1/2026,WHITE,0,0,F,INDEX,,F,T,0,0
7/1/2026,3:59:59 PM,XSP,BLOCK,147,1.5,,PUT,750,0,22050,7/1/2026,WHITE,0,0,F,INDEX,,F,T,0,0
7/1/2026,3:58:01 PM,XSP,ML/,100,1.78,,PUT,750,0,17800,7/1/2026,WHITE,0,0,F,INDEX,,F,T,0,0
7/1/2026,9:38:30 AM,SPXW,ML/,74,3.95,,PUT,7320,0,29230,7/2/2026,WHITE,0,1,F,INDEX,,F,T,0,0
7/1/2026,12:56:38 PM,SPXW,ML/,75,1.72,,PUT,7375,0,12900,7/2/2026,WHITE,0,1,F,INDEX,,F,T,0,0
7/1/2026,2:33:51 PM,SPXW,ML/,90,1.75,,PUT,7375,0,15750,7/2/2026,WHITE,0,1,F,INDEX,,F,T,0,0
7/1/2026,3:59:03 PM,SPXW,BLOCK,80,1.6,,PUT,7375,0,12800,7/2/2026,WHITE,0,1,F,INDEX,,F,T,0,0
7/1/2026,4:17:24 PM,SPXW,BLOCK,300,2.5,,PUT,7375,0,75000,7/2/2026,WHITE,0,1,F,INDEX,,F,T,0,0
7/1/2026,4:06:32 PM,SPXW,ML/,90,2.52,,PUT,7375,0,22680,7/2/2026,WHITE,0,1,F,INDEX,,F,T,0,0
7/1/2026,12:17:25 PM,SPXW,BLOCK,100,31.7,,PUT,7550,0,317000,7/1/2026,WHITE,0,0,F,INDEX,,F,T,0,0
7/1/2026,12:29:01 PM,SPXW,BLOCK,100,32.3,,PUT,7550,0,322999,7/1/2026,WHITE,0,0,F,INDEX,,F,T,0,0
7/1/2026,2:27:19 PM,SPXW,ML/,500,48.57,,PUT,7550,0,2428500,7/1/2026,WHITE,0,0,F,INDEX,,F,T,0,0
7/1/2026,2:57:18 PM,SPXW,ML/,150,56.42,,PUT,7550,0,846300,7/1/2026,WHITE,0,0,F,INDEX,,F,T,0,0
7/1/2026,9:50:01 AM,VIXW,BLOCK,124,1.19,,CALL,17,0,14756,7/8/2026,WHITE,0,7,F,INDEX,,F,T,0,0
7/1/2026,10:10:20 AM,SPXW,ML/,60,34.26,,PUT,7480,0,205560,7/7/2026,WHITE,0,6,F,INDEX,,F,T,0,0
7/1/2026,12:24:15 PM,SPXW,ML/,50,21.22,,PUT,7480,0,106100,7/7/2026,WHITE,0,6,F,INDEX,,F,T,0,0
7/1/2026,11:21:45 AM,SPX,ML/,140,35.9,,PUT,7400,0,502600,7/17/2026,WHITE,0,16,F,INDEX,,F,F,0,0
7/1/2026,11:52:30 AM,SPX,BLOCK,86,35.8,,PUT,7400,0,307880,7/17/2026,WHITE,0,16,F,INDEX,,F,F,0,0
7/1/2026,12:06:14 PM,SPX,ML/,625,35,,PUT,7400,0,2187500,7/17/2026,WHITE,0,16,F,INDEX,,F,F,0,0
7/1/2026,4:03:40 PM,SPX,ML/,150,45.43,,PUT,7400,0,681450,7/17/2026,WHITE,0,16,F,INDEX,,F,F,0,0
7/1/2026,4:07:16 PM,SPX,ML/,150,45.43,,PUT,7400,0,681450,7/17/2026,WHITE,0,16,F,INDEX,,F,F,0,0
7/1/2026,4:16:25 PM,SPX,ML/,50,45.43,,PUT,7400,0,227150,7/17/2026,WHITE,0,16,F,INDEX,,F,F,0,0
7/1/2026,4:16:26 PM,SPX,ML/,50,45.43,,PUT,7400,0,227150,7/17/2026,WHITE,0,16,F,INDEX,,F,F,0,0
7/1/2026,12:34:55 PM,SPX,ML/,450,34,,PUT,7400,0,1530000,7/17/2026,WHITE,0,16,F,INDEX,,F,F,0,0
7/1/2026,12:55:14 PM,SPX,ML/,100,36.27,,PUT,7400,0,362700,7/17/2026,WHITE,0,16,F,INDEX,,F,F,0,0
7/1/2026,2:10:28 PM,SPX,ML/,500,37.92,,PUT,7400,0,1896000,7/17/2026,WHITE,0,16,F,INDEX,,F,F,0,0
7/1/2026,4:16:27 PM,SPX,ML/,50,45.43,,PUT,7400,0,227150,7/17/2026,WHITE,0,16,F,INDEX,,F,F,0,0
7/1/2026,10:31:11 AM,SPXW,ML/,182,64.12,,PUT,7555,0,1166984,7/1/2026,WHITE,0,0,F,INDEX,,F,T,0,0
7/1/2026,9:41:17 AM,VIX,BLOCK,1500,0.45,,CALL,25,0,67500,7/22/2026,WHITE,0,21,F,INDEX,,F,T,0,0
7/1/2026,10:18:47 AM,VIX,BLOCK,500,0.41,,CALL,25,0,20500,7/22/2026,WHITE,0,21,F,INDEX,,F,T,0,0
7/1/2026,10:18:56 AM,VIX,BLOCK,500,0.42,,CALL,25,0,21000,7/22/2026,WHITE,0,21,F,INDEX,,F,T,0,0
7/1/2026,12:05:29 PM,VIX,BLOCK,500,0.39,,CALL,25,0,19500,7/22/2026,WHITE,0,21,F,INDEX,,F,T,0,0
7/1/2026,2:07:57 PM,VIX,BLOCK,16000,0.44,,CALL,25,0,704000,7/22/2026,WHITE,0,21,F,INDEX,,F,T,0,0
7/1/2026,3:45:53 PM,VIX,ML/,300,0.41,,CALL,25,0,12299,7/22/2026,WHITE,0,21,F,INDEX,,F,T,0,0
7/1/2026,9:37:23 AM,VIX,BLOCK,2100,0.47,,CALL,25,0,98699,7/22/2026,WHITE,0,21,F,INDEX,,F,T,0,0
7/1/2026,9:30:14 AM,SPXW,ML/,269,0.51,,PUT,7150,0,13719,7/2/2026,WHITE,0,1,F,INDEX,,F,T,0,0
7/1/2026,9:30:25 AM,SPXW,ML/,410,0.53,,PUT,7150,0,21730,7/2/2026,WHITE,0,1,F,INDEX,,F,T,0,0
7/1/2026,9:30:23 AM,SPXW,ML/,619,0.51,,PUT,7150,0,31569,7/2/2026,WHITE,0,1,F,INDEX,,F,T,0,0
7/1/2026,10:26:29 AM,SPXW,ML/,500,0.37,,PUT,7225,0,18500,7/2/2026,WHITE,0,1,F,INDEX,,F,T,0,0
7/1/2026,11:40:28 AM,SPXW,ML/,500,0.26,,PUT,7225,0,13000,7/2/2026,WHITE,0,1,F,INDEX,,F,T,0,0
7/1/2026,9:34:21 AM,SPXW,ML/,2985,1.05,,PUT,7225,0,313425,7/2/2026,WHITE,0,1,F,INDEX,,F,T,0,0
7/1/2026,11:49:21 AM,XSP,ML/,71,3.87,,PUT,750,0,27477,7/9/2026,WHITE,0,8,F,INDEX,,F,T,0,0
7/1/2026,10:53:04 AM,VIX,ML/,500,1.89,,CALL,20,0,94500,8/19/2026,WHITE,0,49,F,INDEX,,F,T,0,0
7/1/2026,1:10:27 PM,VIX,ML/,839,1.99,,CALL,20,0,166961,8/19/2026,WHITE,0,49,F,INDEX,,F,T,0,0
7/1/2026,1:10:28 PM,VIX,ML/,936,2.01,,CALL,20,0,188136,8/19/2026,WHITE,0,49,F,INDEX,,F,T,0,0
7/1/2026,1:10:29 PM,VIX,ML/,1060,2.01,,CALL,20,0,213059,8/19/2026,WHITE,0,49,F,INDEX,,F,T,0,0
7/1/2026,1:10:30 PM,VIX,ML/,765,2.01,,CALL,20,0,153765,8/19/2026,WHITE,0,49,F,INDEX,,F,T,0,0
7/1/2026,1:10:31 PM,VIX,ML/,858,2.01,,CALL,20,0,172458,8/19/2026,WHITE,0,49,F,INDEX,,F,T,0,0
7/1/2026,1:10:31 PM,VIX,ML/,994,2.01,,CALL,20,0,199793,8/19/2026,WHITE,0,49,F,INDEX,,F,T,0,0
7/1/2026,1:10:28 PM,VIX,ML/,755,2,,CALL,20,0,151000,8/19/2026,WHITE,0,49,F,INDEX,,F,T,0,0
7/1/2026,4:02:14 PM,VIX,BLOCK,198,2,,CALL,20,0,39600,8/19/2026,WHITE,0,49,F,INDEX,,F,T,0,0
7/1/2026,12:41:52 PM,VIX,BLOCK,500,1.88,,CALL,20,0,94000,8/19/2026,WHITE,0,49,F,INDEX,,F,T,0,0
7/1/2026,3:58:54 PM,VIX,BLOCK,105,1.95,,CALL,20,0,20474,8/19/2026,WHITE,0,49,F,INDEX,,F,T,0,0
7/1/2026,1:10:31 PM,VIX,ML/,292,2.01,,CALL,20,0,58691,8/19/2026,WHITE,0,49,F,INDEX,,F,T,0,0
7/1/2026,10:52:05 AM,VIX,ML/,769,1.07,,CALL,26,0,82283,8/19/2026,WHITE,0,49,F,INDEX,,F,T,0,0
7/1/2026,3:54:05 PM,SPXW,ML/,59,19.22,,PUT,7490,0,113398,7/2/2026,WHITE,0,1,F,INDEX,,F,T,0,0
7/1/2026,3:53:10 PM,SPXW,ML/,67,20.32,,PUT,7490,0,136144,7/2/2026,WHITE,0,1,F,INDEX,,F,T,0,0
7/1/2026,10:00:01 AM,XSP,ML/,57,4.96,,PUT,748,0,28271,7/9/2026,WHITE,0,8,F,INDEX,,F,T,0,0
7/1/2026,2:55:09 PM,VIXW,BLOCK,150,0.68,,CALL,20,0,10200,7/15/2026,WHITE,0,14,F,INDEX,,F,T,0,0
7/1/2026,9:45:07 AM,SPXW,ML/,350,40.32,,CALL,7450,0,1411200,7/2/2026,WHITE,0,1,F,INDEX,,F,T,0,0
7/1/2026,9:52:43 AM,SPXW,ML/,50,44.58,,CALL,7450,0,222900,7/2/2026,WHITE,0,1,F,INDEX,,F,T,0,0
7/1/2026,9:52:43 AM,SPXW,ML/,50,44.6,,CALL,7450,0,223000,7/2/2026,WHITE,0,1,F,INDEX,,F,T,0,0
7/1/2026,10:47:04 AM,SPXW,ML/,200,53.53,,CALL,7450,0,1070600,7/2/2026,WHITE,0,1,F,INDEX,,F,T,0,0
7/1/2026,10:48:07 AM,SPXW,ML/,200,54.03,,CALL,7450,0,1080600,7/2/2026,WHITE,0,1,F,INDEX,,F,T,0,0
7/1/2026,10:48:40 AM,SPXW,ML/,51,54.75,,CALL,7450,0,279225,7/2/2026,WHITE,0,1,F,INDEX,,F,T,0,0
7/1/2026,10:48:41 AM,SPXW,ML/,121,54.65,,CALL,7450,0,661265,7/2/2026,WHITE,0,1,F,INDEX,,F,T,0,0
7/1/2026,10:57:57 AM,SPXW,ML/,99,58.19,,CALL,7450,0,576081,7/2/2026,WHITE,0,1,F,INDEX,,F,T,0,0
7/1/2026,10:58:34 AM,SPXW,ML/,200,57.68,,CALL,7450,0,1153600,7/2/2026,WHITE,0,1,F,INDEX,,F,T,0,0
7/1/2026,11:02:24 AM,SPXW,ML/,100,62.62,,CALL,7450,0,626200,7/2/2026,WHITE,0,1,F,INDEX,,F,T,0,0
7/1/2026,1:10:43 PM,SPXW,ML/,150,63.25,,CALL,7450,0,948750,7/2/2026,WHITE,0,1,F,INDEX,,F,T,0,0
7/1/2026,1:48:05 PM,SPXW,ML/,102,62.11,,CALL,7450,0,633522,7/2/2026,WHITE,0,1,F,INDEX,,F,T,0,0
7/1/2026,10:31:11 AM,SPXW,ML/,182,69.07,,PUT,7560,0,1257073,7/1/2026,WHITE,0,0,F,INDEX,,F,T,0,0
7/1/2026,9:32:01 AM,SPXW,BLOCK,251,0.45,,PUT,6890,0,11295,7/6/2026,WHITE,0,5,F,INDEX,,F,T,0,0
7/1/2026,2:33:51 PM,SPXW,ML/,90,1.35,,PUT,7360,0,12150,7/2/2026,WHITE,0,1,F,INDEX,,F,T,0,0
7/1/2026,4:03:51 PM,SPXW,ML/,250,1.78,,PUT,7360,0,44500,7/2/2026,WHITE,0,1,F,INDEX,,F,T,0,0
7/1/2026,4:04:16 PM,SPXW,ML/,250,1.88,,PUT,7360,0,46999,7/2/2026,WHITE,0,1,F,INDEX,,F,T,0,0
7/1/2026,4:06:32 PM,SPXW,ML/,90,1.77,,PUT,7360,0,15930,7/2/2026,WHITE,0,1,F,INDEX,,F,T,0,0
7/1/2026,12:06:14 PM,SPX,ML/,500,109.23,,PUT,7600,0,5461500,7/17/2026,WHITE,0,16,F,INDEX,,F,F,0,0
7/1/2026,11:44:39 AM,SPXW,ML/,70,1064.87,,CALL,6450,0,7454089,7/1/2026,WHITE,0,0,F,INDEX,,F,T,0,0
7/1/2026,9:34:52 AM,SPXW,ML/,100,1.85,,PUT,7355,0,18500,7/1/2026,WHITE,0,0,F,INDEX,,F,T,0,0
7/1/2026,9:33:13 AM,SPXW,ML/,245,0.45,,PUT,7100,0,11025,7/2/2026,WHITE,0,1,F,INDEX,,F,T,0,0
7/1/2026,9:33:20 AM,SPXW,ML/,1783,0.46,,PUT,7100,0,82018,7/2/2026,WHITE,0,1,F,INDEX,,F,T,0,0
7/1/2026,12:49:54 PM,SPXW,ML/,54,45.68,,PUT,7450,0,246672,7/16/2026,WHITE,0,15,F,INDEX,,F,T,0,0
7/1/2026,11:22:41 AM,SPXW,BLOCK,74,9,,PUT,7515,0,66600,7/1/2026,WHITE,0,0,F,INDEX,,F,T,0,0
7/1/2026,11:25:07 AM,SPXW,ML/,99,8.75,,PUT,7515,0,86625,7/1/2026,WHITE,0,0,F,INDEX,,F,T,0,0
7/1/2026,11:30:03 AM,SPXW,ML/,50,7.4,,PUT,7515,0,37000,7/1/2026,WHITE,0,0,F,INDEX,,F,T,0,0
7/1/2026,11:32:52 AM,SPXW,BLOCK,100,8,,PUT,7515,0,80000,7/1/2026,WHITE,0,0,F,INDEX,,F,T,0,0
7/1/2026,11:42:19 AM,SPXW,BLOCK,52,8.2,,PUT,7515,0,42640,7/1/2026,WHITE,0,0,F,INDEX,,F,T,0,0
7/1/2026,11:44:48 AM,SPXW,BLOCK,93,8.1,,PUT,7515,0,75330,7/1/2026,WHITE,0,0,F,INDEX,,F,T,0,0
7/1/2026,11:46:04 AM,SPXW,SWEEP,81,8.3,,PUT,7515,0,67230,7/1/2026,WHITE,0,0,F,INDEX,,F,T,0,0
7/1/2026,11:50:29 AM,SPXW,BLOCK,100,9.7,,PUT,7515,0,96999,7/1/2026,WHITE,0,0,F,INDEX,,F,T,0,0
7/1/2026,12:02:17 PM,SPXW,BLOCK,95,7.1,,PUT,7515,0,67450,7/1/2026,WHITE,0,0,F,INDEX,,F,T,0,0
7/1/2026,12:15:09 PM,SPXW,ML/,72,6.21,,PUT,7515,0,44712,7/1/2026,WHITE,0,0,F,INDEX,,F,T,0,0
7/1/2026,12:15:09 PM,SPXW,ML/,70,6.21,,PUT,7515,0,43470,7/1/2026,WHITE,0,0,F,INDEX,,F,T,0,0
7/1/2026,12:22:23 PM,SPXW,BLOCK,100,6.2,,PUT,7515,0,62000,7/1/2026,WHITE,0,0,F,INDEX,,F,T,0,0
7/1/2026,12:23:13 PM,SPXW,BLOCK,50,5.4,,PUT,7515,0,27000,7/1/2026,WHITE,0,0,F,INDEX,,F,T,0,0
7/1/2026,12:23:12 PM,SPXW,BLOCK,50,5.5,,PUT,7515,0,27500,7/1/2026,WHITE,0,0,F,INDEX,,F,T,0,0
7/1/2026,12:30:05 PM,SPXW,BLOCK,100,6.3,,PUT,7515,0,63000,7/1/2026,WHITE,0,0,F,INDEX,,F,T,0,0
7/1/2026,12:38:51 PM,SPXW,BLOCK,99,6.9,,PUT,7515,0,68310,7/1/2026,WHITE,0,0,F,INDEX,,F,T,0,0
7/1/2026,12:44:08 PM,SPXW,SWEEP,55,9,,PUT,7515,0,49500,7/1/2026,WHITE,0,0,F,INDEX,,F,T,0,0
7/1/2026,12:52:38 PM,SPXW,BLOCK,72,11,,PUT,7515,0,79200,7/1/2026,WHITE,0,0,F,INDEX,,F,T,0,0
7/1/2026,12:54:27 PM,SPXW,ML/,100,11,,PUT,7515,0,110000,7/1/2026,WHITE,0,0,F,INDEX,,F,T,0,0
7/1/2026,12:56:38 PM,SPXW,BLOCK,100,12.6,,PUT,7515,0,126000,7/1/2026,WHITE,0,0,F,INDEX,,F,T,0,0
7/1/2026,12:52:17 PM,SPXW,BLOCK,61,9.5,,PUT,7515,0,57950,7/1/2026,WHITE,0,0,F,INDEX,,F,T,0,0
7/1/2026,2:17:57 PM,SPXW,BLOCK,70,19.1,,PUT,7515,0,133700,7/1/2026,WHITE,0,0,F,INDEX,,F,T,0,0
7/1/2026,1:13:38 PM,SPXW,ML/,57,13.82,,PUT,7515,0,78774,7/1/2026,WHITE,0,0,F,INDEX,,F,T,0,0
7/1/2026,2:20:39 PM,SPXW,ML/,50,15.93,,PUT,7515,0,79650,7/1/2026,WHITE,0,0,F,INDEX,,F,T,0,0
7/1/2026,3:29:13 PM,SPXW,ML/,200,16.09,,PUT,7515,0,321800,7/1/2026,WHITE,0,0,F,INDEX,,F,T,0,0
7/1/2026,12:15:23 PM,SPXW,ML/,56,5.91,,PUT,7515,0,33096,7/1/2026,WHITE,0,0,F,INDEX,,F,T,0,0
7/1/2026,1:48:05 PM,SPXW,ML/,50,15.14,,PUT,7515,0,75700,7/1/2026,WHITE,0,0,F,INDEX,,F,T,0,0
7/1/2026,2:25:20 PM,SPXW,ML/,163,14.36,,PUT,7515,0,234067,7/1/2026,WHITE,0,0,F,INDEX,,F,T,0,0
7/1/2026,3:51:46 PM,SPXW,ML/,60,3.3,,PUT,7275,0,19800,7/7/2026,WHITE,0,6,F,INDEX,,F,T,0,0
7/1/2026,9:46:18 AM,SPXW,ML/,60,7.6,,PUT,7285,0,45600,7/7/2026,WHITE,0,6,F,INDEX,,F,T,0,0
7/1/2026,12:13:38 PM,SPXW,ML/,96,2.68,,PUT,7285,0,25728,7/7/2026,WHITE,0,6,F,INDEX,,F,T,0,0
7/1/2026,12:14:14 PM,SPXW,ML/,260,2.63,,PUT,7285,0,68380,7/7/2026,WHITE,0,6,F,INDEX,,F,T,0,0
7/1/2026,10:03:37 AM,XSP,ML/,70,1.47,,CALL,748,0,10290,7/1/2026,WHITE,0,0,F,INDEX,,F,T,0,0
7/1/2026,10:29:42 AM,XSP,ML/,50,2.19,,CALL,748,0,10950,7/1/2026,WHITE,0,0,F,INDEX,,F,T,0,0
7/1/2026,10:29:57 AM,XSP,ML/,50,2.18,,CALL,748,0,10900,7/1/2026,WHITE,0,0,F,INDEX,,F,T,0,0
7/1/2026,10:29:31 AM,XSP,ML/,50,2.21,,CALL,748,0,11050,7/1/2026,WHITE,0,0,F,INDEX,,F,T,0,0
7/1/2026,10:30:14 AM,XSP,ML/,50,2.18,,CALL,748,0,10900,7/1/2026,WHITE,0,0,F,INDEX,,F,T,0,0
7/1/2026,10:38:47 AM,XSP,ML/,51,2.24,,CALL,748,0,11424,7/1/2026,WHITE,0,0,F,INDEX,,F,T,0,0
7/1/2026,11:23:48 AM,XSP,ML/,86,3.94,,CALL,748,0,33884,7/1/2026,WHITE,0,0,F,INDEX,,F,T,0,0
7/1/2026,11:01:57 AM,XSP,ML/,123,2.44,,CALL,748,0,30012,7/1/2026,WHITE,0,0,F,INDEX,,F,T,0,0
7/1/2026,4:18:41 PM,SPXW,BLOCK,107,10.93,,PUT,7100,0,116951,7/17/2026,WHITE,0,16,F,INDEX,,F,F,0,0
7/1/2026,4:03:58 PM,SPXW,BLOCK,61,20,,PUT,7400,0,122000,7/8/2026,WHITE,0,7,F,INDEX,,F,T,0,0
7/1/2026,1:17:29 PM,SPXW,ML/,70,13.62,,PUT,7400,0,95340,7/8/2026,WHITE,0,7,F,INDEX,,F,T,0,0
7/1/2026,4:06:14 PM,SPXW,BLOCK,50,20.1,,PUT,7400,0,100500,7/8/2026,WHITE,0,7,F,INDEX,,F,T,0,0
7/1/2026,2:00:46 PM,SPXW,BLOCK,80,3.8,,PUT,7250,0,30400,7/8/2026,WHITE,0,7,F,INDEX,,F,T,0,0
7/1/2026,12:02:15 PM,SPXW,ML/,50,3.1,,PUT,7250,0,15500,7/8/2026,WHITE,0,7,F,INDEX,,F,T,0,0
7/1/2026,12:02:15 PM,SPXW,ML/,50,3.95,,PUT,7280,0,19750,7/8/2026,WHITE,0,7,F,INDEX,,F,T,0,0
7/1/2026,11:00:56 AM,SPXW,BLOCK,66,22.9,,PUT,7500,0,151140,7/2/2026,WHITE,0,1,F,INDEX,,F,T,0,0
7/1/2026,11:00:56 AM,SPXW,BLOCK,352,23,,PUT,7500,0,809600,7/2/2026,WHITE,0,1,F,INDEX,,F,T,0,0
7/1/2026,11:09:11 AM,SPXW,BLOCK,824,20.2,,PUT,7500,0,1664480,7/2/2026,WHITE,0,1,F,INDEX,,F,T,0,0
7/1/2026,11:51:10 AM,SPXW,BLOCK,73,16.5,,PUT,7500,0,120450,7/2/2026,WHITE,0,1,F,INDEX,,F,T,0,0
7/1/2026,11:28:15 AM,SPXW,BLOCK,72,14,,PUT,7500,0,100800,7/2/2026,WHITE,0,1,F,INDEX,,F,T,0,0
7/1/2026,1:07:52 PM,SPXW,BLOCK,50,20.7,,PUT,7500,0,103500,7/2/2026,WHITE,0,1,F,INDEX,,F,T,0,0
7/1/2026,11:02:54 AM,SPXW,BLOCK,397,22,,PUT,7500,0,873400,7/2/2026,WHITE,0,1,F,INDEX,,F,T,0,0
7/1/2026,1:06:50 PM,SPXW,BLOCK,50,22.2,,PUT,7500,0,111000,7/2/2026,WHITE,0,1,F,INDEX,,F,T,0,0
7/1/2026,2:11:52 PM,SPXW,ML/,50,20.35,,PUT,7500,0,101750,7/2/2026,WHITE,0,1,F,INDEX,,F,T,0,0
7/1/2026,3:29:23 PM,SPXW,ML/,200,20.7,,PUT,7500,0,414000,7/2/2026,WHITE,0,1,F,INDEX,,F,T,0,0
7/1/2026,10:57:06 AM,SPXW,ML/,300,24.1,,PUT,7500,0,723000,7/2/2026,WHITE,0,1,F,INDEX,,F,T,0,0
7/1/2026,10:26:59 AM,SPXW,ML/,93,26.47,,PUT,7500,0,246171,7/2/2026,WHITE,0,1,F,INDEX,,F,T,0,0
7/1/2026,12:39:04 PM,SPXW,ML/,200,14.97,,PUT,7500,0,299400,7/2/2026,WHITE,0,1,F,INDEX,,F,T,0,0
7/1/2026,12:41:35 PM,SPXW,ML/,200,16.14,,PUT,7500,0,322800,7/2/2026,WHITE,0,1,F,INDEX,,F,T,0,0
7/1/2026,12:31:22 PM,SPXW,ML/,50,13.89,,PUT,7500,0,69450,7/2/2026,WHITE,0,1,F,INDEX,,F,T,0,0
7/1/2026,12:42:31 PM,SPXW,ML/,100,16.39,,PUT,7500,0,163900,7/2/2026,WHITE,0,1,F,INDEX,,F,T,0,0
7/1/2026,3:25:36 PM,SPXW,ML/,100,19.21,,PUT,7500,0,192100,7/2/2026,WHITE,0,1,F,INDEX,,F,T,0,0
7/1/2026,3:39:38 PM,SPXW,ML/,81,21.31,,PUT,7500,0,172611,7/2/2026,WHITE,0,1,F,INDEX,,F,T,0,0
7/1/2026,11:29:07 AM,SPXW,ML/,1000,4.57,,PUT,7445,0,457000,7/2/2026,WHITE,0,1,F,INDEX,,F,T,0,0
7/1/2026,11:14:26 AM,SPXW,ML/,50,6.4,,PUT,7445,0,32000,7/2/2026,WHITE,0,1,F,INDEX,,F,T,0,0
7/1/2026,3:29:51 PM,SPXW,ML/,100,6.4,,PUT,7445,0,64000,7/2/2026,WHITE,0,1,F,INDEX,,F,T,0,0
7/1/2026,3:07:25 PM,SPXW,ML/,66,6.35,,PUT,7445,0,41910,7/2/2026,WHITE,0,1,F,INDEX,,F,T,0,0
7/1/2026,11:21:34 AM,VIXW,BLOCK,377,0.44,,PUT,17,0,16588,7/8/2026,WHITE,0,7,F,INDEX,,F,T,0,0
7/1/2026,9:30:08 AM,SPXW,ML/,90,2.44,,CALL,7565,0,21959,7/2/2026,WHITE,0,1,F,INDEX,,F,T,0,0
7/1/2026,10:25:05 AM,SPXW,ML/,75,2.47,,CALL,7565,0,18525,7/2/2026,WHITE,0,1,F,INDEX,,F,T,0,0
7/1/2026,2:47:47 PM,SPXW,ML/,67,1.7,,CALL,7565,0,11390,7/2/2026,WHITE,0,1,F,INDEX,,F,T,0,0
7/1/2026,2:56:06 PM,SPXW,ML/,72,1.55,,CALL,7565,0,11160,7/2/2026,WHITE,0,1,F,INDEX,,F,T,0,0
7/1/2026,3:36:20 PM,SPXW,ML/,161,1.64,,CALL,7565,0,26403,7/2/2026,WHITE,0,1,F,INDEX,,F,T,0,0
7/1/2026,12:59:10 PM,SPXW,ML/,60,2.71,,CALL,7565,0,16260,7/2/2026,WHITE,0,1,F,INDEX,,F,T,0,0
7/1/2026,11:31:09 AM,SPXW,ML/,110,4.85,,CALL,7565,0,53350,7/2/2026,WHITE,0,1,F,INDEX,,F,T,0,0
7/1/2026,11:47:51 AM,SPXW,ML/,800,4.02,,CALL,7565,0,321599,7/2/2026,WHITE,0,1,F,INDEX,,F,T,0,0
7/1/2026,9:30:07 AM,VIXW,BLOCK,144,1.1,,CALL,21,0,15840,7/29/2026,WHITE,0,28,F,INDEX,,F,T,0,0
7/1/2026,2:13:58 PM,SPXW,ML/,150,23,,PUT,7505,0,345000,7/2/2026,WHITE,0,1,F,INDEX,,F,T,0,0
7/1/2026,4:09:31 PM,SPXW,ML/,50,34.94,,PUT,7505,0,174700,7/2/2026,WHITE,0,1,F,INDEX,,F,T,0,0
7/1/2026,9:56:09 AM,SPX,ML/,350,82.73,,PUT,7500,0,2895550,7/17/2026,WHITE,0,16,F,INDEX,,F,F,0,0
7/1/2026,9:59:41 AM,SPX,ML/,100,81.33,,PUT,7500,0,813300,7/17/2026,WHITE,0,16,F,INDEX,,F,F,0,0
7/1/2026,10:17:25 AM,SPX,ML/,50,73.47,,PUT,7500,0,367350,7/17/2026,WHITE,0,16,F,INDEX,,F,F,0,0
7/1/2026,10:51:14 AM,SPX,ML/,500,73.7,,PUT,7500,0,3685000,7/17/2026,WHITE,0,16,F,INDEX,,F,F,0,0
7/1/2026,10:51:32 AM,SPX,ML/,1000,73.7,,PUT,7500,0,7370000,7/17/2026,WHITE,0,16,F,INDEX,,F,F,0,0
7/1/2026,11:00:39 AM,SPX,ML/,750,71.6,,PUT,7500,0,5369999,7/17/2026,WHITE,0,16,F,INDEX,,F,F,0,0
7/1/2026,12:27:58 PM,SPX,ML/,1250,60.67,,PUT,7500,0,7583750,7/17/2026,WHITE,0,16,F,INDEX,,F,F,0,0
7/1/2026,12:41:04 PM,SPX,ML/,300,60.67,,PUT,7500,0,1820100,7/17/2026,WHITE,0,16,F,INDEX,,F,F,0,0
7/1/2026,1:05:36 PM,SPX,ML/,750,60.67,,PUT,7500,0,4550250,7/17/2026,WHITE,0,16,F,INDEX,,F,F,0,0
7/1/2026,9:52:22 AM,SPX,ML/,400,85,,PUT,7500,0,3400000,7/17/2026,WHITE,0,16,F,INDEX,,F,F,0,0
7/1/2026,9:43:13 AM,SPX,ML/,300,95.01,,PUT,7500,0,2850300,7/17/2026,WHITE,0,16,F,INDEX,,F,F,0,0
7/1/2026,9:43:40 AM,SPX,ML/,100,92.43,,PUT,7500,0,924300,7/17/2026,WHITE,0,16,F,INDEX,,F,F,0,0
7/1/2026,9:45:00 AM,SPX,ML/,91,93.99,,PUT,7500,0,855309,7/17/2026,WHITE,0,16,F,INDEX,,F,F,0,0
7/1/2026,9:47:41 AM,SPX,ML/,50,91,,PUT,7500,0,455000,7/17/2026,WHITE,0,16,F,INDEX,,F,F,0,0
7/1/2026,9:48:11 AM,SPX,ML/,500,90,,PUT,7500,0,4500000,7/17/2026,WHITE,0,16,F,INDEX,,F,F,0,0
7/1/2026,9:50:56 AM,SPX,ML/,100,89,,PUT,7500,0,890000,7/17/2026,WHITE,0,16,F,INDEX,,F,F,0,0
7/1/2026,9:54:15 AM,SPX,ML/,500,83.39,,PUT,7500,0,4169500,7/17/2026,WHITE,0,16,F,INDEX,,F,F,0,0
7/1/2026,9:56:09 AM,SPX,ML/,100,82.73,,PUT,7500,0,827300,7/17/2026,WHITE,0,16,F,INDEX,,F,F,0,0
7/1/2026,9:59:54 AM,SPX,ML/,400,81.33,,PUT,7500,0,3253200,7/17/2026,WHITE,0,16,F,INDEX,,F,F,0,0
7/1/2026,10:11:29 AM,SPX,ML/,120,72.31,,PUT,7500,0,867720,7/17/2026,WHITE,0,16,F,INDEX,,F,F,0,0
7/1/2026,10:13:03 AM,SPX,ML/,500,72.06,,PUT,7500,0,3603000,7/17/2026,WHITE,0,16,F,INDEX,,F,F,0,0
7/1/2026,10:15:01 AM,SPX,ML/,200,71.12,,PUT,7500,0,1422400,7/17/2026,WHITE,0,16,F,INDEX,,F,F,0,0
7/1/2026,10:17:25 AM,SPX,ML/,50,73.47,,PUT,7500,0,367350,7/17/2026,WHITE,0,16,F,INDEX,,F,F,0,0
7/1/2026,10:17:58 AM,SPX,ML/,200,73.46,,PUT,7500,0,1469199,7/17/2026,WHITE,0,16,F,INDEX,,F,F,0,0
7/1/2026,10:26:55 AM,SPX,ML/,300,70.98,,PUT,7500,0,2129400,7/17/2026,WHITE,0,16,F,INDEX,,F,F,0,0
7/1/2026,10:45:22 AM,SPX,ML/,1000,70.65,,PUT,7500,0,7065000,7/17/2026,WHITE,0,16,F,INDEX,,F,F,0,0
7/1/2026,10:52:23 AM,SPX,ML/,500,73.7,,PUT,7500,0,3685000,7/17/2026,WHITE,0,16,F,INDEX,,F,F,0,0
7/1/2026,11:01:18 AM,SPX,ML/,250,71.6,,PUT,7500,0,1790000,7/17/2026,WHITE,0,16,F,INDEX,,F,F,0,0
7/1/2026,11:08:59 AM,SPX,ML/,150,66.54,,PUT,7500,0,998100,7/17/2026,WHITE,0,16,F,INDEX,,F,F,0,0
7/1/2026,1:35:59 PM,SPX,ML/,200,60.67,,PUT,7500,0,1213400,7/17/2026,WHITE,0,16,F,INDEX,,F,F,0,0
7/1/2026,12:55:14 PM,SPX,ML/,228,63.9,,PUT,7500,0,1456920,7/17/2026,WHITE,0,16,F,INDEX,,F,F,0,0
7/1/2026,2:57:47 PM,SPX,ML/,300,71.65,,PUT,7500,0,2149500,7/17/2026,WHITE,0,16,F,INDEX,,F,F,0,0
7/1/2026,3:34:48 PM,SPX,ML/,200,68,,PUT,7500,0,1360000,7/17/2026,WHITE,0,16,F,INDEX,,F,F,0,0
7/1/2026,11:06:29 AM,XSP,BLOCK,255,2.86,,CALL,750,0,72930,7/2/2026,WHITE,0,1,F,INDEX,,F,T,0,0
7/1/2026,11:06:38 AM,XSP,BLOCK,300,2.88,,CALL,750,0,86400,7/2/2026,WHITE,0,1,F,INDEX,,F,T,0,0
7/1/2026,11:37:08 AM,XSP,ML/,90,3.32,,CALL,750,0,29880,7/2/2026,WHITE,0,1,F,INDEX,,F,T,0,0
7/1/2026,12:23:58 PM,XSP,BLOCK,70,1.8,,CALL,753,0,12600,7/2/2026,WHITE,0,1,F,INDEX,,F,T,0,0
7/1/2026,1:20:05 PM,XSP,BLOCK,450,1.73,,CALL,752,0,77850,7/2/2026,WHITE,0,1,F,INDEX,,F,T,0,0
7/1/2026,11:01:57 AM,XSP,ML/,123,1.69,,CALL,749,0,20787,7/1/2026,WHITE,0,0,F,INDEX,,F,T,0,0
7/1/2026,11:23:48 AM,XSP,ML/,86,3.04,,CALL,749,0,26144,7/1/2026,WHITE,0,0,F,INDEX,,F,T,0,0
7/1/2026,3:05:49 PM,XSP,ML/,176,1.42,,CALL,749,0,24992,7/1/2026,WHITE,0,0,F,INDEX,,F,T,0,0
7/1/2026,10:41:12 AM,XSP,BLOCK,349,0.84,,CALL,750,0,29315,7/1/2026,WHITE,0,0,F,INDEX,,F,T,0,0
7/1/2026,10:44:15 AM,XSP,BLOCK,100,1,,CALL,750,0,10000,7/1/2026,WHITE,0,0,F,INDEX,,F,T,0,0
7/1/2026,10:52:06 AM,XSP,BLOCK,449,0.9,,CALL,750,0,40410,7/1/2026,WHITE,0,0,F,INDEX,,F,T,0,0
7/1/2026,3:05:49 PM,XSP,ML/,352,0.63,,CALL,750,0,22176,7/1/2026,WHITE,0,0,F,INDEX,,F,T,0,0
7/1/2026,12:16:31 PM,XSP,BLOCK,51,2.05,,CALL,750,0,10454,7/1/2026,WHITE,0,0,F,INDEX,,F,T,0,0
7/1/2026,3:50:29 PM,SPXW,ML/,50,36.63,,CALL,7530,0,183150,7/10/2026,WHITE,0,9,F,INDEX,,F,T,0,0
7/1/2026,10:31:57 AM,SPXW,BLOCK,94,30.2,,CALL,7500,0,283880,7/6/2026,WHITE,0,5,F,INDEX,,F,T,0,0
7/1/2026,2:27:33 PM,SPXW,ML/,100,33.8,,CALL,7500,0,337999,7/6/2026,WHITE,0,5,F,INDEX,,F,T,0,0
7/1/2026,2:20:44 PM,SPXW,ML/,100,33.5,,CALL,7500,0,335000,7/6/2026,WHITE,0,5,F,INDEX,,F,T,0,0
7/1/2026,2:42:04 PM,SPXW,ML/,100,32.6,,CALL,7500,0,326000,7/6/2026,WHITE,0,5,F,INDEX,,F,T,0,0
7/1/2026,10:31:58 AM,SPXW,BLOCK,64,30,,CALL,7500,0,192000,7/6/2026,WHITE,0,5,F,INDEX,,F,T,0,0
7/1/2026,9:57:28 AM,SPXW,ML/,300,24.86,,CALL,7500,0,745800,7/6/2026,WHITE,0,5,F,INDEX,,F,T,0,0
7/1/2026,9:57:28 AM,SPXW,ML/,200,24.87,,CALL,7500,0,497400,7/6/2026,WHITE,0,5,F,INDEX,,F,T,0,0
7/1/2026,2:41:24 PM,SPXW,ML/,100,32.69,,CALL,7500,0,326900,7/6/2026,WHITE,0,5,F,INDEX,,F,T,0,0
7/1/2026,10:15:01 AM,SPXW,ML/,200,32.92,,CALL,7500,0,658400,7/6/2026,WHITE,0,5,F,INDEX,,F,T,0,0
7/1/2026,10:17:58 AM,SPXW,ML/,200,31.05,,CALL,7500,0,621000,7/6/2026,WHITE,0,5,F,INDEX,,F,T,0,0
7/1/2026,2:20:10 PM,SPXW,ML/,100,33.07,,CALL,7500,0,330700,7/6/2026,WHITE,0,5,F,INDEX,,F,T,0,0
7/1/2026,10:31:58 AM,SPXW,BLOCK,55,30.1,,CALL,7500,0,165550,7/6/2026,WHITE,0,5,F,INDEX,,F,T,0,0
7/1/2026,11:08:59 AM,SPXW,ML/,150,37.12,,CALL,7500,0,556799,7/6/2026,WHITE,0,5,F,INDEX,,F,T,0,0
7/1/2026,2:10:24 PM,SPXW,ML/,100,33.93,,CALL,7500,0,339300,7/6/2026,WHITE,0,5,F,INDEX,,F,T,0,0
7/1/2026,2:11:13 PM,SPXW,ML/,100,33.37,,CALL,7500,0,333699,7/6/2026,WHITE,0,5,F,INDEX,,F,T,0,0
7/1/2026,2:19:06 PM,SPXW,ML/,100,31.69,,CALL,7500,0,316900,7/6/2026,WHITE,0,5,F,INDEX,,F,T,0,0
7/1/2026,2:19:45 PM,SPXW,ML/,100,32.88,,CALL,7500,0,328800,7/6/2026,WHITE,0,5,F,INDEX,,F,T,0,0
7/1/2026,2:37:28 PM,SPXW,ML/,77,33.09,,CALL,7500,0,254793,7/6/2026,WHITE,0,5,F,INDEX,,F,T,0,0
7/1/2026,2:27:17 PM,SPXW,ML/,82,33.73,,CALL,7500,0,276585,7/6/2026,WHITE,0,5,F,INDEX,,F,T,0,0
7/1/2026,2:34:47 PM,SPXW,ML/,100,32.56,,CALL,7500,0,325600,7/6/2026,WHITE,0,5,F,INDEX,,F,T,0,0
7/1/2026,2:42:38 PM,SPXW,ML/,50,32.58,,CALL,7500,0,162900,7/6/2026,WHITE,0,5,F,INDEX,,F,T,0,0
7/1/2026,2:42:38 PM,SPXW,ML/,50,32.59,,CALL,7500,0,162950,7/6/2026,WHITE,0,5,F,INDEX,,F,T,0,0
7/1/2026,2:51:29 PM,SPXW,ML/,100,31.68,,CALL,7500,0,316800,7/6/2026,WHITE,0,5,F,INDEX,,F,T,0,0
7/1/2026,2:58:38 PM,SPXW,ML/,100,30.95,,CALL,7500,0,309500,7/6/2026,WHITE,0,5,F,INDEX,,F,T,0,0
7/1/2026,4:14:08 PM,SPXW,ML/,50,23.27,,CALL,7500,0,116350,7/6/2026,WHITE,0,5,F,INDEX,,F,T,0,0
7/1/2026,9:41:27 AM,SPXW,ML/,61,26.57,,CALL,7450,0,162077,7/1/2026,WHITE,0,0,F,INDEX,,F,T,0,0
7/1/2026,9:34:16 AM,SPXW,ML/,51,16.3,,CALL,7465,0,83130,7/1/2026,WHITE,0,0,F,INDEX,,F,T,0,0
7/1/2026,10:06:25 AM,SPXW,ML/,52,28.44,,CALL,7465,0,147888,7/1/2026,WHITE,0,0,F,INDEX,,F,T,0,0
7/1/2026,10:13:59 AM,SPXW,ML/,1000,61.82,,CALL,7435,0,6182000,7/1/2026,WHITE,0,0,F,INDEX,,F,T,0,0
7/1/2026,11:16:26 AM,SPXW,BLOCK,80,8.9,,PUT,7505,0,71200,7/1/2026,WHITE,0,0,F,INDEX,,F,T,0,0
7/1/2026,11:17:52 AM,SPXW,BLOCK,100,7.7,,PUT,7505,0,77000,7/1/2026,WHITE,0,0,F,INDEX,,F,T,0,0
7/1/2026,11:53:12 AM,SPXW,BLOCK,52,5.4,,PUT,7505,0,28080,7/1/2026,WHITE,0,0,F,INDEX,,F,T,0,0
7/1/2026,12:15:09 PM,SPXW,ML/,72,3.36,,PUT,7505,0,24192,7/1/2026,WHITE,0,0,F,INDEX,,F,T,0,0
7/1/2026,12:15:09 PM,SPXW,ML/,70,3.36,,PUT,7505,0,23520,7/1/2026,WHITE,0,0,F,INDEX,,F,T,0,0
7/1/2026,12:15:20 PM,SPXW,ML/,72,3.12,,PUT,7505,0,22464,7/1/2026,WHITE,0,0,F,INDEX,,F,T,0,0
7/1/2026,12:24:59 PM,SPXW,ML/,96,2.92,,PUT,7505,0,28032,7/1/2026,WHITE,0,0,F,INDEX,,F,T,0,0
7/1/2026,12:25:24 PM,SPXW,BLOCK,51,2.65,,PUT,7505,0,13515,7/1/2026,WHITE,0,0,F,INDEX,,F,T,0,0
7/1/2026,12:26:49 PM,SPXW,BLOCK,75,2.8,,PUT,7505,0,21000,7/1/2026,WHITE,0,0,F,INDEX,,F,T,0,0
7/1/2026,12:31:21 PM,SPXW,BLOCK,57,3.1,,PUT,7505,0,17670,7/1/2026,WHITE,0,0,F,INDEX,,F,T,0,0
7/1/2026,12:15:23 PM,SPXW,ML/,56,3.16,,PUT,7505,0,17696,7/1/2026,WHITE,0,0,F,INDEX,,F,T,0,0
7/1/2026,12:43:51 PM,SPXW,BLOCK,50,5,,PUT,7505,0,25000,7/1/2026,WHITE,0,0,F,INDEX,,F,T,0,0
7/1/2026,12:43:55 PM,SPXW,ML/,80,4.85,,PUT,7505,0,38799,7/1/2026,WHITE,0,0,F,INDEX,,F,T,0,0
7/1/2026,12:52:23 PM,SPXW,BLOCK,64,6,,PUT,7505,0,38400,7/1/2026,WHITE,0,0,F,INDEX,,F,T,0,0
7/1/2026,12:53:46 PM,SPXW,BLOCK,55,6.1,,PUT,7505,0,33549,7/1/2026,WHITE,0,0,F,INDEX,,F,T,0,0
7/1/2026,12:58:24 PM,SPXW,ML/,67,7,,PUT,7505,0,46900,7/1/2026,WHITE,0,0,F,INDEX,,F,T,0,0
7/1/2026,12:59:10 PM,SPXW,BLOCK,62,7.7,,PUT,7505,0,47740,7/1/2026,WHITE,0,0,F,INDEX,,F,T,0,0
7/1/2026,1:01:40 PM,SPXW,BLOCK,58,8,,PUT,7505,0,46400,7/1/2026,WHITE,0,0,F,INDEX,,F,T,0,0
7/1/2026,1:00:01 PM,SPXW,ML/,74,8.13,,PUT,7505,0,60162,7/1/2026,WHITE,0,0,F,INDEX,,F,T,0,0
7/1/2026,1:13:54 PM,SPXW,BLOCK,50,7.8,,PUT,7505,0,39000,7/1/2026,WHITE,0,0,F,INDEX,,F,T,0,0
7/1/2026,1:19:08 PM,SPXW,BLOCK,51,6,,PUT,7505,0,30600,7/1/2026,WHITE,0,0,F,INDEX,,F,T,0,0
7/1/2026,1:19:28 PM,SPXW,BLOCK,52,5.5,,PUT,7505,0,28600,7/1/2026,WHITE,0,0,F,INDEX,,F,T,0,0
7/1/2026,1:25:34 PM,SPXW,SWEEP,57,4.3,,PUT,7505,0,24510,7/1/2026,WHITE,0,0,F,INDEX,,F,T,0,0
7/1/2026,1:28:02 PM,SPXW,BLOCK,71,4.8,,PUT,7505,0,34079,7/1/2026,WHITE,0,0,F,INDEX,,F,T,0,0
7/1/2026,1:33:16 PM,SPXW,BLOCK,68,6.7,,PUT,7505,0,45560,7/1/2026,WHITE,0,0,F,INDEX,,F,T,0,0
7/1/2026,1:39:06 PM,SPXW,BLOCK,53,4.8,,PUT,7505,0,25439,7/1/2026,WHITE,0,0,F,INDEX,,F,T,0,0
7/1/2026,1:41:02 PM,SPXW,BLOCK,56,5.5,,PUT,7505,0,30800,7/1/2026,WHITE,0,0,F,INDEX,,F,T,0,0
7/1/2026,1:43:05 PM,SPXW,BLOCK,76,7,,PUT,7505,0,53200,7/1/2026,WHITE,0,0,F,INDEX,,F,T,0,0
7/1/2026,2:12:35 PM,SPXW,ML/,148,8.1,,PUT,7505,0,119880,7/1/2026,WHITE,0,0,F,INDEX,,F,T,0,0
7/1/2026,2:14:20 PM,SPXW,ML/,84,8.8,,PUT,7505,0,73920,7/1/2026,WHITE,0,0,F,INDEX,,F,T,0,0
7/1/2026,1:48:05 PM,SPXW,ML/,50,8.24,,PUT,7505,0,41200,7/1/2026,WHITE,0,0,F,INDEX,,F,T,0,0
7/1/2026,3:10:18 PM,SPXW,BLOCK,63,5.1,,PUT,7505,0,32129,7/1/2026,WHITE,0,0,F,INDEX,,F,T,0,0
7/1/2026,3:29:13 PM,SPXW,ML/,200,7.04,,PUT,7505,0,140800,7/1/2026,WHITE,0,0,F,INDEX,,F,T,0,0
7/1/2026,11:17:10 AM,SPXW,ML/,97,8.23,,PUT,7505,0,79831,7/1/2026,WHITE,0,0,F,INDEX,,F,T,0,0
7/1/2026,10:29:30 AM,SPXW,ML/,119,16.24,,PUT,7505,0,193256,7/1/2026,WHITE,0,0,F,INDEX,,F,T,0,0
7/1/2026,10:29:30 AM,SPXW,ML/,281,16.27,,PUT,7505,0,457187,7/1/2026,WHITE,0,0,F,INDEX,,F,T,0,0
7/1/2026,3:41:05 PM,SPXW,ML/,73,9.85,,PUT,7505,0,71905,7/1/2026,WHITE,0,0,F,INDEX,,F,T,0,0
7/1/2026,3:06:15 PM,SPXW,ML/,51,5.86,,PUT,7505,0,29886,7/1/2026,WHITE,0,0,F,INDEX,,F,T,0,0
7/1/2026,12:37:39 PM,SPXW,ML/,50,3.25,,PUT,7505,0,16250,7/1/2026,WHITE,0,0,F,INDEX,,F,T,0,0
7/1/2026,3:43:59 PM,SPXW,ML/,90,10.85,,PUT,7505,0,97650,7/1/2026,WHITE,0,0,F,INDEX,,F,T,0,0
7/1/2026,3:02:22 PM,SPXW,ML/,72,7.83,,PUT,7505,0,56376,7/1/2026,WHITE,0,0,F,INDEX,,F,T,0,0
7/1/2026,3:41:05 PM,SPXW,ML/,106,9.79,,PUT,7505,0,103774,7/1/2026,WHITE,0,0,F,INDEX,,F,T,0,0
7/1/2026,10:00:37 AM,SPXW,ML/,280,0.42,,PUT,7175,0,11760,7/2/2026,WHITE,0,1,F,INDEX,,F,T,0,0
7/1/2026,10:16:30 AM,SPXW,ML/,541,0.32,,PUT,7175,0,17312,7/2/2026,WHITE,0,1,F,INDEX,,F,T,0,0
7/1/2026,10:17:21 AM,SPXW,ML/,979,0.32,,PUT,7175,0,31328,7/2/2026,WHITE,0,1,F,INDEX,,F,T,0,0
7/1/2026,1:31:37 PM,SPXW,ML/,150,28.85,,PUT,7450,0,432750,7/10/2026,WHITE,0,9,F,INDEX,,F,T,0,0
7/1/2026,10:02:37 AM,SPX,ML/,100,20,,CALL,18000,0,200000,12/19/2031,WHITE,0,1997,F,INDEX,,F,F,0,0
7/1/2026,4:55:59 PM,SPXW,BLOCK,50,6.6,,PUT,7200,0,33000,7/10/2026,WHITE,0,9,F,INDEX,,F,T,0,0
7/1/2026,12:41:21 PM,SPXW,ML/,125,4.6,,PUT,7200,0,57499,7/10/2026,WHITE,0,9,F,INDEX,,F,T,0,0
7/1/2026,9:37:24 AM,SPXW,BLOCK,60,13.9,,CALL,7470,0,83400,7/1/2026,WHITE,0,0,F,INDEX,,F,T,0,0
7/1/2026,9:43:25 AM,SPXW,BLOCK,63,14.9,,CALL,7470,0,93870,7/1/2026,WHITE,0,0,F,INDEX,,F,T,0,0
7/1/2026,9:48:15 AM,SPXW,BLOCK,52,14.8,,CALL,7470,0,76960,7/1/2026,WHITE,0,0,F,INDEX,,F,T,0,0
7/1/2026,9:49:36 AM,SPXW,BLOCK,52,13.9,,CALL,7470,0,72280,7/1/2026,WHITE,0,0,F,INDEX,,F,T,0,0
7/1/2026,9:52:22 AM,SPXW,BLOCK,102,16.6,,CALL,7470,0,169320,7/1/2026,WHITE,0,0,F,INDEX,,F,T,0,0
7/1/2026,9:53:22 AM,SPXW,BLOCK,67,17.6,,CALL,7470,0,117920,7/1/2026,WHITE,0,0,F,INDEX,,F,T,0,0
7/1/2026,9:53:33 AM,SPXW,BLOCK,120,17.8,,CALL,7470,0,213600,7/1/2026,WHITE,0,0,F,INDEX,,F,T,0,0
7/1/2026,9:45:16 AM,SPXW,BLOCK,53,13,,CALL,7470,0,68900,7/1/2026,WHITE,0,0,F,INDEX,,F,T,0,0
7/1/2026,2:02:58 PM,SPXW,ML/,50,33.56,,CALL,7470,0,167800,7/1/2026,WHITE,0,0,F,INDEX,,F,T,0,0
7/1/2026,11:39:05 AM,SPXW,ML/,72,6.81,,PUT,7455,0,49032,7/2/2026,WHITE,0,1,F,INDEX,,F,T,0,0
7/1/2026,4:05:59 PM,SPXW,ML/,98,55.74,,PUT,7475,0,546252,7/13/2026,WHITE,0,12,F,INDEX,,F,T,0,0
7/1/2026,9:46:07 AM,SPX,BLOCK,60,27.3,,CALL,7600,0,163800,7/17/2026,WHITE,0,16,F,INDEX,,F,F,0,0
7/1/2026,11:20:35 AM,SPX,BLOCK,77,38.5,,CALL,7600,0,296450,7/17/2026,WHITE,0,16,F,INDEX,,F,F,0,0
7/1/2026,9:33:19 AM,SPX,ML/,62,27.11,,CALL,7600,0,168082,7/17/2026,WHITE,0,16,F,INDEX,,F,F,0,0
7/1/2026,9:50:51 AM,SPX,BLOCK,100,27.1,,CALL,7600,0,271000,7/17/2026,WHITE,0,16,F,INDEX,,F,F,0,0
7/1/2026,9:50:12 AM,SPX,BLOCK,100,26.2,,CALL,7600,0,262000,7/17/2026,WHITE,0,16,F,INDEX,,F,F,0,0
7/1/2026,10:24:22 AM,SPX,ML/,120,32.37,,CALL,7600,0,388439,7/17/2026,WHITE,0,16,F,INDEX,,F,F,0,0
7/1/2026,11:20:35 AM,SPX,BLOCK,134,38.3,,CALL,7600,0,513220,7/17/2026,WHITE,0,16,F,INDEX,,F,F,0,0
7/1/2026,11:20:35 AM,SPX,BLOCK,89,38.4,,CALL,7600,0,341760,7/17/2026,WHITE,0,16,F,INDEX,,F,F,0,0
7/1/2026,11:21:45 AM,SPX,ML/,140,38,,CALL,7600,0,532000,7/17/2026,WHITE,0,16,F,INDEX,,F,F,0,0
7/1/2026,12:38:29 PM,SPX,ML/,100,37.85,,CALL,7600,0,378500,7/17/2026,WHITE,0,16,F,INDEX,,F,F,0,0
7/1/2026,12:55:14 PM,SPX,ML/,178,35.8,,CALL,7600,0,637240,7/17/2026,WHITE,0,16,F,INDEX,,F,F,0,0
7/1/2026,1:03:54 PM,SPX,ML/,500,34.62,,CALL,7600,0,1731000,7/17/2026,WHITE,0,16,F,INDEX,,F,F,0,0
7/1/2026,2:28:51 PM,SPX,ML/,550,32.8,,CALL,7600,0,1804000,7/17/2026,WHITE,0,16,F,INDEX,,F,F,0,0
7/1/2026,10:55:48 AM,SPX,ML/,100,17.6,,CALL,7650,0,176000,7/17/2026,WHITE,0,16,F,INDEX,,F,F,0,0
7/1/2026,12:03:19 PM,SPX,ML/,50,22.25,,CALL,7650,0,111250,7/17/2026,WHITE,0,16,F,INDEX,,F,F,0,0
7/1/2026,10:55:48 AM,SPX,ML/,100,17.6,,CALL,7650,0,176000,7/17/2026,WHITE,0,16,F,INDEX,,F,F,0,0
7/1/2026,10:11:58 AM,SPX,ML/,450,16.66,,CALL,7650,0,749700,7/17/2026,WHITE,0,16,F,INDEX,,F,F,0,0
7/1/2026,2:00:06 PM,SPX,ML/,50,17.7,,CALL,7650,0,88500,7/17/2026,WHITE,0,16,F,INDEX,,F,F,0,0
7/1/2026,11:34:34 AM,SPX,ML/,150,22.03,,CALL,7650,0,330450,7/17/2026,WHITE,0,16,F,INDEX,,F,F,0,0
7/1/2026,12:03:21 PM,SPX,ML/,89,22.25,,CALL,7650,0,198025,7/17/2026,WHITE,0,16,F,INDEX,,F,F,0,0
7/1/2026,12:03:21 PM,SPX,ML/,61,22.26,,CALL,7650,0,135786,7/17/2026,WHITE,0,16,F,INDEX,,F,F,0,0
7/1/2026,12:15:38 PM,SPX,BLOCK,250,21.9,,CALL,7650,0,547500,7/17/2026,WHITE,0,16,F,INDEX,,F,F,0,0
7/1/2026,12:18:24 PM,SPX,ML/,150,21.72,,CALL,7650,0,325800,7/17/2026,WHITE,0,16,F,INDEX,,F,F,0,0
7/1/2026,1:40:17 PM,SPX,BLOCK,194,19,,CALL,7650,0,368600,7/17/2026,WHITE,0,16,F,INDEX,,F,F,0,0
7/1/2026,3:03:34 PM,SPX,BLOCK,101,17.4,,CALL,7650,0,175740,7/17/2026,WHITE,0,16,F,INDEX,,F,F,0,0
7/1/2026,9:34:16 AM,SPXW,ML/,51,18.8,,CALL,7460,0,95880,7/1/2026,WHITE,0,0,F,INDEX,,F,T,0,0
7/1/2026,9:37:02 AM,SPXW,BLOCK,73,17.7,,CALL,7460,0,129209,7/1/2026,WHITE,0,0,F,INDEX,,F,T,0,0
7/1/2026,9:48:01 AM,SPXW,BLOCK,92,20.4,,CALL,7460,0,187680,7/1/2026,WHITE,0,0,F,INDEX,,F,T,0,0
7/1/2026,9:50:55 AM,SPXW,BLOCK,93,22,,CALL,7460,0,204600,7/1/2026,WHITE,0,0,F,INDEX,,F,T,0,0
7/1/2026,9:52:11 AM,SPXW,ML/,100,22.55,,CALL,7460,0,225500,7/1/2026,WHITE,0,0,F,INDEX,,F,T,0,0
7/1/2026,10:06:25 AM,SPXW,ML/,52,32.44,,CALL,7460,0,168688,7/1/2026,WHITE,0,0,F,INDEX,,F,T,0,0
7/1/2026,10:32:49 AM,SPXW,ML/,97,33.01,,CALL,7460,0,320197,7/1/2026,WHITE,0,0,F,INDEX,,F,T,0,0
7/1/2026,4:00:48 PM,RUTW,ML/,60,5.04,,PUT,2980,0,30240,7/2/2026,WHITE,0,1,F,INDEX,,F,T,0,0
7/1/2026,4:01:04 PM,RUTW,ML/,60,5.14,,PUT,2980,0,30839,7/2/2026,WHITE,0,1,F,INDEX,,F,T,0,0
7/1/2026,4:01:05 PM,RUTW,ML/,57,5.15,,PUT,2980,0,29355,7/2/2026,WHITE,0,1,F,INDEX,,F,T,0,0
7/1/2026,4:01:18 PM,RUTW,ML/,60,5.55,,PUT,2980,0,33300,7/2/2026,WHITE,0,1,F,INDEX,,F,T,0,0
7/1/2026,10:46:34 AM,SPXW,ML/,50,3,,CALL,7585,0,15000,7/6/2026,WHITE,0,5,F,INDEX,,F,T,0,0
7/1/2026,12:19:19 PM,SPXW,ML/,50,5.9,,CALL,7585,0,29500,7/6/2026,WHITE,0,5,F,INDEX,,F,T,0,0
7/1/2026,9:35:42 AM,SPXW,ML/,50,9.32,,PUT,7280,0,46600,7/7/2026,WHITE,0,6,F,INDEX,,F,T,0,0
7/1/2026,12:10:58 PM,SPXW,ML/,77,2.65,,PUT,7280,0,20405,7/7/2026,WHITE,0,6,F,INDEX,,F,T,0,0
7/1/2026,12:10:59 PM,SPXW,ML/,155,2.65,,PUT,7280,0,41075,7/7/2026,WHITE,0,6,F,INDEX,,F,T,0,0
7/1/2026,9:35:42 AM,SPXW,ML/,50,12.12,,PUT,7310,0,60600,7/7/2026,WHITE,0,6,F,INDEX,,F,T,0,0
7/1/2026,12:10:58 PM,SPXW,ML/,77,3.5,,PUT,7310,0,26950,7/7/2026,WHITE,0,6,F,INDEX,,F,T,0,0
7/1/2026,12:10:59 PM,SPXW,ML/,155,3.5,,PUT,7310,0,54250,7/7/2026,WHITE,0,6,F,INDEX,,F,T,0,0
7/1/2026,11:03:25 AM,SPXW,ML/,50,4.76,,PUT,7310,0,23800,7/7/2026,WHITE,0,6,F,INDEX,,F,T,0,0
7/1/2026,11:18:11 AM,SPXW,ML/,50,3.97,,PUT,7310,0,19850,7/7/2026,WHITE,0,6,F,INDEX,,F,T,0,0
7/1/2026,9:37:28 AM,SPXW,ML/,63,66.5,,PUT,7520,0,418950,7/2/2026,WHITE,0,1,F,INDEX,,F,T,0,0
7/1/2026,12:30:48 PM,SPXW,ML/,250,20.6,,PUT,7520,0,515000,7/2/2026,WHITE,0,1,F,INDEX,,F,T,0,0
7/1/2026,2:07:22 PM,SPXW,ML/,50,28.85,,PUT,7520,0,144250,7/2/2026,WHITE,0,1,F,INDEX,,F,T,0,0
7/1/2026,1:20:07 PM,SPXW,ML/,79,20.54,,PUT,7510,0,162266,7/2/2026,WHITE,0,1,F,INDEX,,F,T,0,0
7/1/2026,11:28:18 AM,SPXW,BLOCK,100,2.7,,CALL,7900,0,27000,7/24/2026,WHITE,0,23,F,INDEX,,F,T,0,0
7/1/2026,11:28:27 AM,SPXW,BLOCK,89,2.7,,CALL,7900,0,24030,7/24/2026,WHITE,0,23,F,INDEX,,F,T,0,0
7/1/2026,2:15:36 PM,SPXW,ML/,60,13.61,,PUT,7025,0,81659,7/24/2026,WHITE,0,23,F,INDEX,,F,T,0,0
7/1/2026,3:29:32 PM,SPXW,ML/,213,17.76,,PUT,7400,0,378288,7/9/2026,WHITE,0,8,F,INDEX,,F,T,0,0
7/1/2026,11:43:09 AM,SPXW,ML/,83,38.47,,PUT,7500,0,319301,7/9/2026,WHITE,0,8,F,INDEX,,F,T,0,0
7/1/2026,11:49:08 AM,SPXW,ML/,111,38.5,,PUT,7500,0,427350,7/9/2026,WHITE,0,8,F,INDEX,,F,T,0,0
7/1/2026,2:16:15 PM,SPXW,ML/,50,25.1,,CALL,7495,0,125500,7/2/2026,WHITE,0,1,F,INDEX,,F,T,0,0
7/1/2026,3:52:29 PM,SPXW,ML/,111,19.33,,CALL,7495,0,214562,7/2/2026,WHITE,0,1,F,INDEX,,F,T,0,0
7/1/2026,3:52:29 PM,SPXW,ML/,89,19.35,,CALL,7495,0,172215,7/2/2026,WHITE,0,1,F,INDEX,,F,T,0,0
7/1/2026,3:54:12 PM,SPXW,ML/,50,20.67,,CALL,7495,0,103350,7/2/2026,WHITE,0,1,F,INDEX,,F,T,0,0
7/1/2026,3:54:05 PM,SPXW,ML/,59,21.03,,CALL,7495,0,124077,7/2/2026,WHITE,0,1,F,INDEX,,F,T,0,0
7/1/2026,10:39:50 AM,SPXW,BLOCK,100,1.6,,PUT,7350,0,16000,7/2/2026,WHITE,0,1,F,INDEX,,F,T,0,0
7/1/2026,11:30:04 AM,SPXW,ML/,2086,0.9,,PUT,7350,0,187740,7/2/2026,WHITE,0,1,F,INDEX,,F,T,0,0
7/1/2026,2:47:37 PM,SPXW,ML/,120,1.15,,PUT,7350,0,13799,7/2/2026,WHITE,0,1,F,INDEX,,F,T,0,0
7/1/2026,3:54:37 PM,SPXW,ML/,100,1.1,,PUT,7350,0,11000,7/2/2026,WHITE,0,1,F,INDEX,,F,T,0,0
7/1/2026,11:11:47 AM,SPXW,BLOCK,98,1.3,,PUT,7350,0,12740,7/2/2026,WHITE,0,1,F,INDEX,,F,T,0,0
7/1/2026,4:05:14 PM,SPXW,ML/,400,1.5,,PUT,7350,0,60000,7/2/2026,WHITE,0,1,F,INDEX,,F,T,0,0
7/1/2026,4:05:41 PM,SPXW,ML/,480,1.45,,PUT,7350,0,69600,7/2/2026,WHITE,0,1,F,INDEX,,F,T,0,0
7/1/2026,10:17:26 AM,SPXW,ML/,100,1.99,,PUT,7350,0,19900,7/2/2026,WHITE,0,1,F,INDEX,,F,T,0,0
7/1/2026,3:57:03 PM,SPXW,ML/,100,1.02,,PUT,7350,0,10200,7/2/2026,WHITE,0,1,F,INDEX,,F,T,0,0
7/1/2026,9:43:38 AM,SPXW,ML/,54,15.76,,CALL,7520,0,85104,7/6/2026,WHITE,0,5,F,INDEX,,F,T,0,0
7/1/2026,1:33:23 PM,SPXW,ML/,50,24.35,,CALL,7520,0,121750,7/6/2026,WHITE,0,5,F,INDEX,,F,T,0,0
7/1/2026,9:32:41 AM,SPXW,BLOCK,100,3.9,,CALL,7600,0,39000,7/7/2026,WHITE,0,6,F,INDEX,,F,T,0,0
7/1/2026,9:32:41 AM,SPXW,BLOCK,230,3.9,,CALL,7600,0,89700,7/7/2026,WHITE,0,6,F,INDEX,,F,T,0,0
7/1/2026,9:37:26 AM,SPXW,BLOCK,166,3.6,,CALL,7600,0,59760,7/7/2026,WHITE,0,6,F,INDEX,,F,T,0,0
7/1/2026,9:37:26 AM,SPXW,BLOCK,66,3.6,,CALL,7600,0,23760,7/7/2026,WHITE,0,6,F,INDEX,,F,T,0,0
7/1/2026,9:37:28 AM,SPXW,BLOCK,140,3.6,,CALL,7600,0,50400,7/7/2026,WHITE,0,6,F,INDEX,,F,T,0,0
7/1/2026,9:46:19 AM,SPXW,BLOCK,143,3.6,,CALL,7600,0,51480,7/7/2026,WHITE,0,6,F,INDEX,,F,T,0,0
7/1/2026,9:46:18 AM,SPXW,BLOCK,82,3.7,,CALL,7600,0,30340,7/7/2026,WHITE,0,6,F,INDEX,,F,T,0,0
7/1/2026,9:46:19 AM,SPXW,BLOCK,130,3.7,,CALL,7600,0,48100,7/7/2026,WHITE,0,6,F,INDEX,,F,T,0,0
7/1/2026,10:17:08 AM,SPXW,BLOCK,100,4.3,,CALL,7600,0,42999,7/7/2026,WHITE,0,6,F,INDEX,,F,T,0,0
7/1/2026,11:37:43 AM,SPXW,BLOCK,691,6,,CALL,7600,0,414600,7/7/2026,WHITE,0,6,F,INDEX,,F,T,0,0
7/1/2026,11:38:05 AM,SPXW,BLOCK,402,6,,CALL,7600,0,241200,7/7/2026,WHITE,0,6,F,INDEX,,F,T,0,0
7/1/2026,11:50:05 AM,SPXW,BLOCK,2102,5.6,,CALL,7600,0,1177120,7/7/2026,WHITE,0,6,F,INDEX,,F,T,0,0
7/1/2026,12:44:27 PM,SPXW,BLOCK,54,34.2,,CALL,7520,0,184680,7/7/2026,WHITE,0,6,F,INDEX,,F,T,0,0
7/1/2026,12:59:32 PM,XSP,ML/,100,1.1,,PUT,751,0,11000,7/1/2026,WHITE,0,0,F,INDEX,,F,T,0,0
7/1/2026,3:59:59 PM,XSP,BLOCK,59,2.39,,PUT,751,0,14101,7/1/2026,WHITE,0,0,F,INDEX,,F,T,0,0
7/1/2026,9:30:09 AM,SPXW,ML/,55,23.67,,PUT,7125,0,130185,7/24/2026,WHITE,0,23,F,INDEX,,F,T,0,0
7/1/2026,9:46:26 AM,SPXW,ML/,60,23.82,,PUT,7125,0,142920,7/24/2026,WHITE,0,23,F,INDEX,,F,T,0,0
7/1/2026,9:30:09 AM,SPXW,ML/,55,23.27,,PUT,7120,0,127984,7/24/2026,WHITE,0,23,F,INDEX,,F,T,0,0
7/1/2026,9:46:26 AM,SPXW,ML/,60,23.42,,PUT,7120,0,140520,7/24/2026,WHITE,0,23,F,INDEX,,F,T,0,0
7/1/2026,3:59:08 PM,SPXW,BLOCK,297,25,,CALL,7485,0,742500,7/2/2026,WHITE,0,1,F,INDEX,,F,T,0,0
7/1/2026,4:09:50 PM,SPXW,BLOCK,997,21,,CALL,7485,0,2093700,7/2/2026,WHITE,0,1,F,INDEX,,F,T,0,0
7/1/2026,4:05:35 PM,SPXW,ML/,130,19.4,,CALL,7485,0,252200,7/2/2026,WHITE,0,1,F,INDEX,,F,T,0,0
7/1/2026,4:05:35 PM,SPXW,BLOCK,50,19.3,,CALL,7485,0,96500,7/2/2026,WHITE,0,1,F,INDEX,,F,T,0,0
7/1/2026,3:59:08 PM,SPXW,SWEEP,99,24.9,,CALL,7485,0,246510,7/2/2026,WHITE,0,1,F,INDEX,,F,T,0,0
7/1/2026,3:52:38 PM,SPXW,ML/,89,25.46,,CALL,7485,0,226594,7/2/2026,WHITE,0,1,F,INDEX,,F,T,0,0
7/1/2026,3:58:56 PM,SPXW,ML/,52,23.73,,CALL,7485,0,123396,7/2/2026,WHITE,0,1,F,INDEX,,F,T,0,0
7/1/2026,3:59:54 PM,SPXW,ML/,100,24.46,,CALL,7485,0,244600,7/2/2026,WHITE,0,1,F,INDEX,,F,T,0,0
7/1/2026,10:39:18 AM,SPXW,ML/,720,0.33,,PUT,7220,0,23760,7/2/2026,WHITE,0,1,F,INDEX,,F,T,0,0
7/1/2026,2:15:25 PM,SPXW,ML/,60,33.63,,CALL,7600,0,201780,7/17/2026,WHITE,0,16,F,INDEX,,F,F,0,0
7/1/2026,4:18:41 PM,SPXW,BLOCK,107,27.88,,CALL,7600,0,298316,7/17/2026,WHITE,0,16,F,INDEX,,F,F,0,0
7/1/2026,10:13:09 AM,SPXW,ML/,74,1.6,,PUT,7340,0,11840,7/2/2026,WHITE,0,1,F,INDEX,,F,T,0,0
7/1/2026,10:16:03 AM,SPXW,ML/,81,1.6,,PUT,7340,0,12960,7/2/2026,WHITE,0,1,F,INDEX,,F,T,0,0
7/1/2026,10:16:05 AM,SPXW,ML/,394,1.6,,PUT,7340,0,63040,7/2/2026,WHITE,0,1,F,INDEX,,F,T,0,0
7/1/2026,10:18:49 AM,SPXW,ML/,121,1.65,,PUT,7340,0,19965,7/2/2026,WHITE,0,1,F,INDEX,,F,T,0,0
7/1/2026,10:18:44 AM,SPXW,ML/,70,1.6,,PUT,7340,0,11200,7/2/2026,WHITE,0,1,F,INDEX,,F,T,0,0
7/1/2026,10:18:49 AM,SPXW,ML/,144,1.65,,PUT,7340,0,23760,7/2/2026,WHITE,0,1,F,INDEX,,F,T,0,0
7/1/2026,3:19:34 PM,SPXW,ML/,333,0.77,,PUT,7340,0,25641,7/2/2026,WHITE,0,1,F,INDEX,,F,T,0,0
7/1/2026,10:17:42 AM,RUTW,ML/,50,7.7,,CALL,3200,0,38500,7/24/2026,WHITE,0,23,F,INDEX,,F,T,0,0
7/1/2026,9:33:09 AM,SPXW,ML/,196,0.8,,PUT,7200,0,15680,7/2/2026,WHITE,0,1,F,INDEX,,F,T,0,0
7/1/2026,9:33:13 AM,SPXW,ML/,245,0.8,,PUT,7200,0,19600,7/2/2026,WHITE,0,1,F,INDEX,,F,T,0,0
7/1/2026,9:33:20 AM,SPXW,ML/,187,0.8,,PUT,7200,0,14960,7/2/2026,WHITE,0,1,F,INDEX,,F,T,0,0
7/1/2026,9:33:04 AM,SPXW,ML/,195,0.78,,PUT,7200,0,15210,7/2/2026,WHITE,0,1,F,INDEX,,F,T,0,0
7/1/2026,9:33:20 AM,SPXW,ML/,1783,0.81,,PUT,7200,0,144423,7/2/2026,WHITE,0,1,F,INDEX,,F,T,0,0
7/1/2026,12:55:14 PM,SPXW,ML/,128,56.66,,CALL,7600,0,725248,7/24/2026,WHITE,0,23,F,INDEX,,F,T,0,0
7/1/2026,10:46:35 AM,SPXW,ML/,92,1.46,,PUT,5900,0,13432,7/22/2026,WHITE,0,21,F,INDEX,,F,T,0,0
7/1/2026,12:59:08 PM,SPXW,ML/,106,1.35,,PUT,5900,0,14310,7/22/2026,WHITE,0,21,F,INDEX,,F,T,0,0
7/1/2026,1:50:07 PM,SPXW,BLOCK,100,1.75,,CALL,7605,0,17500,7/6/2026,WHITE,0,5,F,INDEX,,F,T,0,0
7/1/2026,10:13:29 AM,SPXW,ML/,84,1.25,,PUT,7200,0,10500,7/6/2026,WHITE,0,5,F,INDEX,,F,T,0,0
7/1/2026,10:13:31 AM,SPXW,ML/,84,1.25,,PUT,7200,0,10500,7/6/2026,WHITE,0,5,F,INDEX,,F,T,0,0
7/1/2026,11:10:26 AM,SPX,ML/,79,321,,CALL,7550,0,2535900,11/20/2026,WHITE,0,142,F,INDEX,,F,F,0,0
7/1/2026,11:48:22 AM,SPXW,ML/,100,18.72,,CALL,7525,0,187200,7/2/2026,WHITE,0,1,F,INDEX,,F,T,0,0
7/1/2026,1:08:51 PM,SPXW,BLOCK,50,12.8,,CALL,7525,0,64000,7/2/2026,WHITE,0,1,F,INDEX,,F,T,0,0
7/1/2026,1:12:25 PM,SPXW,BLOCK,50,13.1,,CALL,7525,0,65500,7/2/2026,WHITE,0,1,F,INDEX,,F,T,0,0
7/1/2026,1:11:49 PM,SPXW,ML/,57,12.5,,CALL,7525,0,71250,7/2/2026,WHITE,0,1,F,INDEX,,F,T,0,0
7/1/2026,2:15:19 PM,SPXW,ML/,60,10.6,,CALL,7525,0,63600,7/2/2026,WHITE,0,1,F,INDEX,,F,T,0,0
7/1/2026,10:11:58 AM,SPXW,ML/,150,9.98,,CALL,7525,0,149700,7/2/2026,WHITE,0,1,F,INDEX,,F,T,0,0
7/1/2026,9:50:43 AM,SPXW,BLOCK,93,7,,CALL,7525,0,65100,7/2/2026,WHITE,0,1,F,INDEX,,F,T,0,0
7/1/2026,9:50:12 AM,SPXW,BLOCK,50,6.9,,CALL,7525,0,34500,7/2/2026,WHITE,0,1,F,INDEX,,F,T,0,0
7/1/2026,4:03:33 PM,SPXW,ML/,57,5.26,,CALL,7525,0,29982,7/2/2026,WHITE,0,1,F,INDEX,,F,T,0,0
7/1/2026,3:48:37 PM,SPXW,BLOCK,605,8.6,,CALL,7525,0,520300,7/2/2026,WHITE,0,1,F,INDEX,,F,T,0,0
7/1/2026,12:52:35 PM,SPXW,ML/,70,8.7,,PUT,7355,0,60900,7/8/2026,WHITE,0,7,F,INDEX,,F,T,0,0
7/1/2026,2:58:13 PM,XSP,BLOCK,60,4.18,,PUT,750,0,25080,7/8/2026,WHITE,0,7,F,INDEX,,F,T,0,0
7/1/2026,12:56:03 PM,XSP,BLOCK,60,3.68,,PUT,750,0,22080,7/8/2026,WHITE,0,7,F,INDEX,,F,T,0,0
7/1/2026,9:39:48 AM,XSP,BLOCK,200,1.4,,CALL,747,0,28000,7/1/2026,WHITE,0,0,F,INDEX,,F,T,0,0
7/1/2026,9:53:30 AM,XSP,BLOCK,214,1.8,,CALL,747,0,38520,7/1/2026,WHITE,0,0,F,INDEX,,F,T,0,0
7/1/2026,12:34:55 PM,SPX,ML/,300,171.3,,PUT,7400,0,5139000,10/16/2026,WHITE,0,107,F,INDEX,,F,F,0,0
7/1/2026,10:37:39 AM,SPX,ML/,225,1.98,,CALL,7800,0,44550,7/17/2026,WHITE,0,16,F,INDEX,,F,F,0,0
7/1/2026,12:55:14 PM,SPX,ML/,120,2.19,,CALL,7800,0,26280,7/17/2026,WHITE,0,16,F,INDEX,,F,F,0,0
7/1/2026,2:02:58 PM,SPXW,ML/,50,46.66,,CALL,7470,0,233300,7/2/2026,WHITE,0,1,F,INDEX,,F,T,0,0
7/1/2026,10:45:08 AM,SPXW,ML/,90,1.5,,PUT,7335,0,13500,7/2/2026,WHITE,0,1,F,INDEX,,F,T,0,0
7/1/2026,11:45:07 AM,SPXW,ML/,1000,0.58,,CALL,7650,0,58000,7/6/2026,WHITE,0,5,F,INDEX,,F,T,0,0
7/1/2026,12:30:48 PM,SPXW,ML/,250,22.8,,CALL,7520,0,570000,7/2/2026,WHITE,0,1,F,INDEX,,F,T,0,0
7/1/2026,1:51:06 PM,SPXW,BLOCK,50,14.8,,CALL,7520,0,74000,7/2/2026,WHITE,0,1,F,INDEX,,F,T,0,0
7/1/2026,4:14:47 PM,SPXW,ML/,94,7,,CALL,7520,0,65800,7/2/2026,WHITE,0,1,F,INDEX,,F,T,0,0
7/1/2026,4:04:44 PM,SPXW,ML/,93,6.54,,CALL,7520,0,60822,7/2/2026,WHITE,0,1,F,INDEX,,F,T,0,0
7/1/2026,10:31:04 AM,SPXW,ML/,50,11.78,,CALL,7520,0,58900,7/2/2026,WHITE,0,1,F,INDEX,,F,T,0,0
7/1/2026,1:45:24 PM,SPXW,ML/,50,14.22,,CALL,7520,0,71100,7/2/2026,WHITE,0,1,F,INDEX,,F,T,0,0
7/1/2026,3:24:04 PM,SPXW,ML/,80,13.98,,CALL,7520,0,111840,7/2/2026,WHITE,0,1,F,INDEX,,F,T,0,0
7/1/2026,3:58:56 PM,SPXW,ML/,52,8.08,,CALL,7520,0,42016,7/2/2026,WHITE,0,1,F,INDEX,,F,T,0,0
7/1/2026,4:39:16 PM,SPXW,BLOCK,50,5.99,,CALL,7520,0,29950,7/2/2026,WHITE,0,1,F,INDEX,,F,T,0,0
7/1/2026,10:14:09 AM,SPXW,BLOCK,75,5.2,,PUT,7350,0,39000,7/6/2026,WHITE,0,5,F,INDEX,,F,T,0,0
7/1/2026,10:15:41 AM,SPXW,BLOCK,65,5.4,,PUT,7350,0,35100,7/6/2026,WHITE,0,5,F,INDEX,,F,T,0,0
7/1/2026,10:13:51 AM,SPXW,BLOCK,75,5.3,,PUT,7350,0,39750,7/6/2026,WHITE,0,5,F,INDEX,,F,T,0,0
7/1/2026,10:35:25 AM,SPXW,BLOCK,100,5.6,,PUT,7350,0,56000,7/6/2026,WHITE,0,5,F,INDEX,,F,T,0,0
7/1/2026,1:21:19 PM,SPXW,ML/,50,3.55,,PUT,7350,0,17750,7/6/2026,WHITE,0,5,F,INDEX,,F,T,0,0
7/1/2026,3:59:07 PM,SPXW,BLOCK,50,4.4,,PUT,7350,0,22000,7/6/2026,WHITE,0,5,F,INDEX,,F,T,0,0
7/1/2026,11:14:52 AM,SPXW,ML/,65,37.09,,PUT,7250,0,241085,7/29/2026,WHITE,0,28,F,INDEX,,F,T,0,0
7/1/2026,4:09:52 PM,SPXW,ML/,200,7.35,,CALL,7545,0,147000,7/6/2026,WHITE,0,5,F,INDEX,,F,T,0,0
7/1/2026,3:11:54 PM,SPXW,BLOCK,100,15.9,,CALL,7535,0,159000,7/6/2026,WHITE,0,5,F,INDEX,,F,T,0,0
7/1/2026,3:16:14 PM,SPXW,ML/,100,16.5,,CALL,7535,0,165000,7/6/2026,WHITE,0,5,F,INDEX,,F,T,0,0
7/1/2026,10:30:27 AM,SPXW,ML/,50,8.1,,PUT,7440,0,40500,7/2/2026,WHITE,0,1,F,INDEX,,F,T,0,0
7/1/2026,3:29:51 PM,SPXW,ML/,100,5.75,,PUT,7440,0,57500,7/2/2026,WHITE,0,1,F,INDEX,,F,T,0,0
7/1/2026,2:10:24 PM,SPXW,ML/,100,55.84,,CALL,7525,0,558400,7/14/2026,WHITE,0,13,F,INDEX,,F,T,0,0
7/1/2026,2:34:47 PM,SPXW,ML/,60,54.87,,CALL,7525,0,329220,7/14/2026,WHITE,0,13,F,INDEX,,F,T,0,0
7/1/2026,2:41:24 PM,SPXW,ML/,60,55.07,,CALL,7525,0,330420,7/14/2026,WHITE,0,13,F,INDEX,,F,T,0,0
7/1/2026,10:07:53 AM,SPXW,ML/,50,51.75,,CALL,7525,0,258750,7/14/2026,WHITE,0,13,F,INDEX,,F,T,0,0
7/1/2026,2:27:17 PM,SPXW,ML/,82,55.84,,CALL,7525,0,457888,7/14/2026,WHITE,0,13,F,INDEX,,F,T,0,0
7/1/2026,2:11:13 PM,SPXW,ML/,100,55.31,,CALL,7525,0,553100,7/14/2026,WHITE,0,13,F,INDEX,,F,T,0,0
7/1/2026,2:19:06 PM,SPXW,ML/,100,53.93,,CALL,7525,0,539300,7/14/2026,WHITE,0,13,F,INDEX,,F,T,0,0
7/1/2026,2:19:45 PM,SPXW,ML/,100,55.04,,CALL,7525,0,550400,7/14/2026,WHITE,0,13,F,INDEX,,F,T,0,0
7/1/2026,2:20:10 PM,SPXW,ML/,100,55.26,,CALL,7525,0,552600,7/14/2026,WHITE,0,13,F,INDEX,,F,T,0,0
7/1/2026,2:20:44 PM,SPXW,ML/,100,55.6,,CALL,7525,0,556000,7/14/2026,WHITE,0,13,F,INDEX,,F,T,0,0
7/1/2026,2:27:33 PM,SPXW,ML/,100,55.82,,CALL,7525,0,558200,7/14/2026,WHITE,0,13,F,INDEX,,F,T,0,0
7/1/2026,2:37:28 PM,SPXW,ML/,77,55.28,,CALL,7525,0,425656,7/14/2026,WHITE,0,13,F,INDEX,,F,T,0,0
7/1/2026,2:42:04 PM,SPXW,ML/,100,54.8,,CALL,7525,0,548000,7/14/2026,WHITE,0,13,F,INDEX,,F,T,0,0
7/1/2026,2:42:38 PM,SPXW,ML/,50,54.89,,CALL,7525,0,274450,7/14/2026,WHITE,0,13,F,INDEX,,F,T,0,0
7/1/2026,2:42:38 PM,SPXW,ML/,50,54.88,,CALL,7525,0,274400,7/14/2026,WHITE,0,13,F,INDEX,,F,T,0,0
7/1/2026,2:51:29 PM,SPXW,ML/,100,54.04,,CALL,7525,0,540400,7/14/2026,WHITE,0,13,F,INDEX,,F,T,0,0
7/1/2026,2:58:38 PM,SPXW,ML/,100,53.18,,CALL,7525,0,531800,7/14/2026,WHITE,0,13,F,INDEX,,F,T,0,0
7/1/2026,10:17:38 AM,SPXW,BLOCK,100,6.6,,CALL,7585,0,65999,7/7/2026,WHITE,0,6,F,INDEX,,F,T,0,0
7/1/2026,3:58:07 PM,SPXW,BLOCK,55,4.1,,CALL,7585,0,22550,7/7/2026,WHITE,0,6,F,INDEX,,F,T,0,0
7/1/2026,12:24:15 PM,SPXW,ML/,300,9.46,,CALL,7585,0,283800,7/7/2026,WHITE,0,6,F,INDEX,,F,T,0,0
7/1/2026,1:30:59 PM,SPXW,ML/,200,121.49,,CALL,7550,0,2429800,8/7/2026,WHITE,0,37,F,INDEX,,F,T,0,0
7/1/2026,11:04:54 AM,SPXW,BLOCK,54,30.6,,PUT,7535,0,165240,7/1/2026,WHITE,0,0,F,INDEX,,F,T,0,0
7/1/2026,2:06:28 PM,SPXW,ML/,50,34.06,,PUT,7535,0,170300,7/1/2026,WHITE,0,0,F,INDEX,,F,T,0,0
7/1/2026,9:34:20 AM,SPXW,ML/,500,0.7,,PUT,7320,0,35000,7/1/2026,WHITE,0,0,F,INDEX,,F,T,0,0
7/1/2026,10:13:59 AM,SPXW,ML/,1000,66.57,,CALL,7430,0,6657000,7/1/2026,WHITE,0,0,F,INDEX,,F,T,0,0
7/1/2026,9:58:46 AM,SPXW,ML/,50,64.03,,PUT,7450,0,320150,7/17/2026,WHITE,0,16,F,INDEX,,F,F,0,0
7/1/2026,10:09:49 AM,SPX,ML/,500,0.36,,CALL,8000,0,18000,7/17/2026,WHITE,0,16,F,INDEX,,F,F,0,0
7/1/2026,9:53:01 AM,SPXW,ML/,60,25.71,,PUT,7375,0,154260,7/10/2026,WHITE,0,9,F,INDEX,,F,T,0,0
7/1/2026,10:29:13 AM,SPXW,ML/,50,34.98,,PUT,7530,0,174899,7/1/2026,WHITE,0,0,F,INDEX,,F,T,0,0
7/1/2026,11:06:51 AM,SPXW,ML/,50,25.9,,PUT,7530,0,129500,7/1/2026,WHITE,0,0,F,INDEX,,F,T,0,0
7/1/2026,11:28:21 AM,SPXW,BLOCK,50,15,,PUT,7530,0,75000,7/1/2026,WHITE,0,0,F,INDEX,,F,T,0,0
7/1/2026,1:07:34 PM,SPXW,ML/,200,28.9,,PUT,7530,0,578000,7/1/2026,WHITE,0,0,F,INDEX,,F,T,0,0
7/1/2026,1:14:16 PM,SPXW,ML/,200,25.2,,PUT,7530,0,504000,7/1/2026,WHITE,0,0,F,INDEX,,F,T,0,0
7/1/2026,1:05:54 PM,SPXW,BLOCK,64,43.5,,CALL,7495,0,278400,7/7/2026,WHITE,0,6,F,INDEX,,F,T,0,0
7/1/2026,10:10:16 AM,SPXW,ML/,93,2.11,,PUT,7255,0,19623,7/6/2026,WHITE,0,5,F,INDEX,,F,T,0,0
7/1/2026,1:10:43 PM,SPXW,ML/,150,91.75,,CALL,7450,0,1376250,7/10/2026,WHITE,0,9,F,INDEX,,F,T,0,0
7/1/2026,1:48:05 PM,SPXW,ML/,102,90.61,,CALL,7450,0,924221,7/10/2026,WHITE,0,9,F,INDEX,,F,T,0,0
7/1/2026,3:06:08 PM,SPXW,ML/,199,89.16,,CALL,7450,0,1774283,7/10/2026,WHITE,0,9,F,INDEX,,F,T,0,0
7/1/2026,11:29:36 AM,SPXW,ML/,60,3.49,,PUT,7140,0,20940,7/10/2026,WHITE,0,9,F,INDEX,,F,T,0,0
7/1/2026,3:27:15 PM,SPXW,ML/,100,3.4,,PUT,7140,0,34000,7/10/2026,WHITE,0,9,F,INDEX,,F,T,0,0
7/1/2026,12:59:32 PM,XSP,ML/,100,1.8,,PUT,752,0,18000,7/1/2026,WHITE,0,0,F,INDEX,,F,T,0,0
7/1/2026,3:45:53 PM,SPXW,BLOCK,73,26.1,,PUT,7350,0,190530,7/15/2026,WHITE,0,14,F,INDEX,,F,T,0,0
7/1/2026,3:45:53 PM,SPXW,BLOCK,66,26.2,,PUT,7350,0,172920,7/15/2026,WHITE,0,14,F,INDEX,,F,T,0,0
7/1/2026,11:06:58 AM,SPXW,ML/,60,5.8,,CALL,7650,0,34800,7/10/2026,WHITE,0,9,F,INDEX,,F,T,0,0
7/1/2026,3:05:25 PM,SPXW,BLOCK,107,4.7,,CALL,7650,0,50290,7/10/2026,WHITE,0,9,F,INDEX,,F,T,0,0
7/1/2026,3:57:54 PM,SPXW,BLOCK,124,3.1,,CALL,7650,0,38440,7/10/2026,WHITE,0,9,F,INDEX,,F,T,0,0
7/1/2026,12:36:38 PM,SPXW,ML/,60,6.21,,CALL,7650,0,37260,7/10/2026,WHITE,0,9,F,INDEX,,F,T,0,0
7/1/2026,3:06:08 PM,SPXW,ML/,272,4.36,,CALL,7650,0,118592,7/10/2026,WHITE,0,9,F,INDEX,,F,T,0,0
7/1/2026,2:28:38 PM,SPXW,BLOCK,50,11.5,,PUT,7470,0,57500,7/2/2026,WHITE,0,1,F,INDEX,,F,T,0,0
7/1/2026,3:51:08 PM,SPXW,ML/,52,12.4,,PUT,7470,0,64480,7/2/2026,WHITE,0,1,F,INDEX,,F,T,0,0
7/1/2026,10:51:01 AM,SPXW,ML/,50,14.11,,PUT,7470,0,70550,7/2/2026,WHITE,0,1,F,INDEX,,F,T,0,0
7/1/2026,3:59:54 PM,SPXW,ML/,72,14.95,,PUT,7470,0,107640,7/2/2026,WHITE,0,1,F,INDEX,,F,T,0,0
7/1/2026,1:05:40 PM,SPXW,BLOCK,250,0.5,,PUT,7270,0,12500,7/2/2026,WHITE,0,1,F,INDEX,,F,T,0,0
7/1/2026,9:35:41 AM,SPXW,ML/,100,1.98,,PUT,7270,0,19800,7/2/2026,WHITE,0,1,F,INDEX,,F,T,0,0
7/1/2026,1:05:49 PM,SPXW,BLOCK,250,0.5,,PUT,7270,0,12500,7/2/2026,WHITE,0,1,F,INDEX,,F,T,0,0
7/1/2026,11:02:42 AM,SPXW,BLOCK,50,21.1,,CALL,7525,0,105500,7/6/2026,WHITE,0,5,F,INDEX,,F,T,0,0
7/1/2026,11:04:15 AM,SPXW,BLOCK,73,23.2,,CALL,7525,0,169360,7/6/2026,WHITE,0,5,F,INDEX,,F,T,0,0
7/1/2026,3:50:16 PM,SPXW,ML/,50,2.86,,PUT,7405,0,14300,7/2/2026,WHITE,0,1,F,INDEX,,F,T,0,0
7/1/2026,3:59:54 PM,SPXW,ML/,61,3.56,,PUT,7405,0,21716,7/2/2026,WHITE,0,1,F,INDEX,,F,T,0,0
7/1/2026,10:45:43 AM,SPXW,ML/,80,5.45,,PUT,7405,0,43600,7/2/2026,WHITE,0,1,F,INDEX,,F,T,0,0
7/1/2026,3:00:34 PM,SPXW,ML/,50,3.16,,PUT,7405,0,15800,7/2/2026,WHITE,0,1,F,INDEX,,F,T,0,0
7/1/2026,3:59:55 PM,SPXW,ML/,89,3.56,,PUT,7405,0,31684,7/2/2026,WHITE,0,1,F,INDEX,,F,T,0,0
7/1/2026,12:59:02 PM,SPXW,ML/,75,18.7,,CALL,7515,0,140250,7/2/2026,WHITE,0,1,F,INDEX,,F,T,0,0
7/1/2026,4:04:44 PM,SPXW,ML/,93,7.84,,CALL,7515,0,72912,7/2/2026,WHITE,0,1,F,INDEX,,F,T,0,0
7/1/2026,4:14:47 PM,SPXW,ML/,94,8.5,,CALL,7515,0,79900,7/2/2026,WHITE,0,1,F,INDEX,,F,T,0,0
7/1/2026,1:45:24 PM,SPXW,ML/,50,16.62,,CALL,7515,0,83100,7/2/2026,WHITE,0,1,F,INDEX,,F,T,0,0
7/1/2026,9:34:16 AM,SPXW,ML/,50,104.32,,PUT,6500,0,521600,12/31/2026,WHITE,0,183,F,INDEX,,F,T,0,0
7/1/2026,9:34:16 AM,SPXW,ML/,50,94.32,,PUT,6400,0,471600,12/31/2026,WHITE,0,183,F,INDEX,,F,T,0,0
7/1/2026,9:52:43 AM,SPXW,ML/,50,51.88,,CALL,7440,0,259400,7/2/2026,WHITE,0,1,F,INDEX,,F,T,0,0
7/1/2026,9:52:43 AM,SPXW,ML/,50,51.85,,CALL,7440,0,259250,7/2/2026,WHITE,0,1,F,INDEX,,F,T,0,0
7/1/2026,10:47:04 AM,SPXW,ML/,200,61.53,,CALL,7440,0,1230600,7/2/2026,WHITE,0,1,F,INDEX,,F,T,0,0
7/1/2026,10:48:07 AM,SPXW,ML/,200,62.18,,CALL,7440,0,1243600,7/2/2026,WHITE,0,1,F,INDEX,,F,T,0,0
7/1/2026,10:48:40 AM,SPXW,ML/,51,62.85,,CALL,7440,0,320535,7/2/2026,WHITE,0,1,F,INDEX,,F,T,0,0
7/1/2026,10:48:41 AM,SPXW,ML/,121,62.75,,CALL,7440,0,759275,7/2/2026,WHITE,0,1,F,INDEX,,F,T,0,0
7/1/2026,10:57:57 AM,SPXW,ML/,99,66.54,,CALL,7440,0,658746,7/2/2026,WHITE,0,1,F,INDEX,,F,T,0,0
7/1/2026,10:58:34 AM,SPXW,ML/,200,66.03,,CALL,7440,0,1320600,7/2/2026,WHITE,0,1,F,INDEX,,F,T,0,0
7/1/2026,11:02:24 AM,SPXW,ML/,100,71.17,,CALL,7440,0,711700,7/2/2026,WHITE,0,1,F,INDEX,,F,T,0,0
7/1/2026,11:37:08 AM,XSP,ML/,90,1.31,,PUT,749,0,11790,7/2/2026,WHITE,0,1,F,INDEX,,F,T,0,0
7/1/2026,3:49:22 PM,SPXW,ML/,135,1.3,,PUT,7365,0,17550,7/2/2026,WHITE,0,1,F,INDEX,,F,T,0,0
7/1/2026,3:49:22 PM,SPXW,ML/,165,1.3,,PUT,7365,0,21450,7/2/2026,WHITE,0,1,F,INDEX,,F,T,0,0
7/1/2026,3:50:58 PM,SPXW,ML/,105,1.3,,PUT,7365,0,13650,7/2/2026,WHITE,0,1,F,INDEX,,F,T,0,0
7/1/2026,3:59:55 PM,SPXW,ML/,89,1.46,,PUT,7365,0,12994,7/2/2026,WHITE,0,1,F,INDEX,,F,T,0,0
7/1/2026,4:03:51 PM,SPXW,ML/,250,1.98,,PUT,7365,0,49500,7/2/2026,WHITE,0,1,F,INDEX,,F,T,0,0
7/1/2026,4:04:16 PM,SPXW,ML/,250,2.08,,PUT,7365,0,52000,7/2/2026,WHITE,0,1,F,INDEX,,F,T,0,0
7/1/2026,11:28:44 AM,SPXW,ML/,53,149.72,,CALL,7375,0,793516,7/2/2026,WHITE,0,1,F,INDEX,,F,T,0,0
7/1/2026,11:40:07 AM,SPXW,ML/,55,143.92,,CALL,7375,0,791560,7/2/2026,WHITE,0,1,F,INDEX,,F,T,0,0
7/1/2026,11:42:01 AM,SPXW,ML/,73,147.22,,CALL,7375,0,1074706,7/2/2026,WHITE,0,1,F,INDEX,,F,T,0,0
7/1/2026,11:42:01 AM,SPXW,ML/,102,147.31,,CALL,7375,0,1502562,7/2/2026,WHITE,0,1,F,INDEX,,F,T,0,0
7/1/2026,11:49:45 AM,SPXW,ML/,173,143.26,,CALL,7375,0,2478398,7/2/2026,WHITE,0,1,F,INDEX,,F,T,0,0
7/1/2026,12:18:24 PM,SPXW,ML/,150,35.92,,PUT,7350,0,538800,7/22/2026,WHITE,0,21,F,INDEX,,F,T,0,0
7/1/2026,1:58:29 PM,SPXW,BLOCK,150,1.45,,CALL,7650,0,21750,7/8/2026,WHITE,0,7,F,INDEX,,F,T,0,0
7/1/2026,10:10:20 AM,SPXW,ML/,60,16.68,,PUT,7435,0,100080,7/6/2026,WHITE,0,5,F,INDEX,,F,T,0,0
7/1/2026,2:11:05 PM,SPXW,ML/,100,14.7,,PUT,7450,0,147000,7/6/2026,WHITE,0,5,F,INDEX,,F,T,0,0
7/1/2026,2:19:57 PM,SPXW,ML/,100,14.9,,PUT,7450,0,149000,7/6/2026,WHITE,0,5,F,INDEX,,F,T,0,0
7/1/2026,2:20:20 PM,SPXW,ML/,100,15.25,,PUT,7450,0,152500,7/6/2026,WHITE,0,5,F,INDEX,,F,T,0,0
7/1/2026,2:33:10 PM,SPXW,ML/,60,15.25,,PUT,7450,0,91500,7/6/2026,WHITE,0,5,F,INDEX,,F,T,0,0
7/1/2026,2:36:42 PM,SPXW,ML/,60,14.74,,PUT,7450,0,88440,7/6/2026,WHITE,0,5,F,INDEX,,F,T,0,0
7/1/2026,2:27:08 PM,SPXW,ML/,100,15.11,,PUT,7450,0,151100,7/6/2026,WHITE,0,5,F,INDEX,,F,T,0,0
7/1/2026,2:42:25 PM,SPXW,ML/,100,15,,PUT,7450,0,150000,7/6/2026,WHITE,0,5,F,INDEX,,F,T,0,0
7/1/2026,2:19:36 PM,SPXW,ML/,100,15.4,,PUT,7450,0,154000,7/6/2026,WHITE,0,5,F,INDEX,,F,T,0,0
7/1/2026,3:27:18 PM,SPXW,ML/,400,13.97,,PUT,7450,0,558800,7/6/2026,WHITE,0,5,F,INDEX,,F,T,0,0
7/1/2026,2:27:25 PM,SPXW,ML/,71,14.9,,PUT,7450,0,105790,7/6/2026,WHITE,0,5,F,INDEX,,F,T,0,0
7/1/2026,3:00:52 PM,SPXW,ML/,100,16.1,,PUT,7450,0,161000,7/6/2026,WHITE,0,5,F,INDEX,,F,T,0,0
7/1/2026,9:43:38 AM,SPXW,ML/,54,32.74,,PUT,7450,0,176796,7/6/2026,WHITE,0,5,F,INDEX,,F,T,0,0
7/1/2026,1:18:02 PM,SPXW,ML/,68,13.81,,PUT,7450,0,93908,7/6/2026,WHITE,0,5,F,INDEX,,F,T,0,0
7/1/2026,1:38:55 PM,SPXW,ML/,50,12.94,,PUT,7450,0,64700,7/6/2026,WHITE,0,5,F,INDEX,,F,T,0,0
7/1/2026,2:11:46 PM,SPXW,ML/,100,14.71,,PUT,7450,0,147100,7/6/2026,WHITE,0,5,F,INDEX,,F,T,0,0
7/1/2026,2:20:51 PM,SPXW,ML/,100,15.31,,PUT,7450,0,153100,7/6/2026,WHITE,0,5,F,INDEX,,F,T,0,0
7/1/2026,2:39:06 PM,SPXW,ML/,100,15.02,,PUT,7450,0,150200,7/6/2026,WHITE,0,5,F,INDEX,,F,T,0,0
7/1/2026,2:41:55 PM,SPXW,ML/,100,15.21,,PUT,7450,0,152100,7/6/2026,WHITE,0,5,F,INDEX,,F,T,0,0
7/1/2026,2:57:54 PM,SPXW,ML/,100,16.72,,PUT,7450,0,167200,7/6/2026,WHITE,0,5,F,INDEX,,F,T,0,0
7/1/2026,3:29:41 PM,SPXW,ML/,200,13.97,,PUT,7450,0,279400,7/6/2026,WHITE,0,5,F,INDEX,,F,T,0,0
7/1/2026,2:06:51 PM,SPXW,ML/,91,6.83,,CALL,7600,0,62153,7/8/2026,WHITE,0,7,F,INDEX,,F,T,0,0
7/1/2026,3:44:58 PM,RUTW,BLOCK,165,0.7,,CALL,3025,0,11549,7/1/2026,WHITE,0,0,F,INDEX,,F,T,0,0
7/1/2026,10:17:58 AM,SPXW,BLOCK,50,13.5,,PUT,7425,0,67500,7/6/2026,WHITE,0,5,F,INDEX,,F,T,0,0
7/1/2026,2:19:57 PM,SPXW,ML/,100,10.69,,PUT,7425,0,106900,7/6/2026,WHITE,0,5,F,INDEX,,F,T,0,0
7/1/2026,2:33:10 PM,SPXW,ML/,100,10.95,,PUT,7425,0,109500,7/6/2026,WHITE,0,5,F,INDEX,,F,T,0,0
7/1/2026,2:27:08 PM,SPXW,ML/,100,10.84,,PUT,7425,0,108400,7/6/2026,WHITE,0,5,F,INDEX,,F,T,0,0
7/1/2026,2:42:25 PM,SPXW,ML/,100,10.74,,PUT,7425,0,107400,7/6/2026,WHITE,0,5,F,INDEX,,F,T,0,0
7/1/2026,2:27:25 PM,SPXW,ML/,71,10.69,,PUT,7425,0,75899,7/6/2026,WHITE,0,5,F,INDEX,,F,T,0,0
7/1/2026,11:02:27 AM,SPXW,BLOCK,50,12,,PUT,7425,0,60000,7/6/2026,WHITE,0,5,F,INDEX,,F,T,0,0
7/1/2026,2:11:46 PM,SPXW,ML/,100,10.55,,PUT,7425,0,105500,7/6/2026,WHITE,0,5,F,INDEX,,F,T,0,0
7/1/2026,12:09:00 PM,SPXW,BLOCK,50,8,,PUT,7425,0,40000,7/6/2026,WHITE,0,5,F,INDEX,,F,T,0,0
7/1/2026,12:49:46 PM,SPXW,BLOCK,100,9,,PUT,7425,0,90000,7/6/2026,WHITE,0,5,F,INDEX,,F,T,0,0
7/1/2026,2:11:05 PM,SPXW,ML/,100,10.49,,PUT,7425,0,104900,7/6/2026,WHITE,0,5,F,INDEX,,F,T,0,0
7/1/2026,2:19:36 PM,SPXW,ML/,100,11.09,,PUT,7425,0,110900,7/6/2026,WHITE,0,5,F,INDEX,,F,T,0,0
7/1/2026,2:20:20 PM,SPXW,ML/,100,10.94,,PUT,7425,0,109400,7/6/2026,WHITE,0,5,F,INDEX,,F,T,0,0
7/1/2026,2:20:51 PM,SPXW,ML/,100,10.99,,PUT,7425,0,109900,7/6/2026,WHITE,0,5,F,INDEX,,F,T,0,0
7/1/2026,2:36:42 PM,SPXW,ML/,100,10.56,,PUT,7425,0,105600,7/6/2026,WHITE,0,5,F,INDEX,,F,T,0,0
7/1/2026,2:38:48 PM,SPXW,ML/,100,10.78,,PUT,7425,0,107800,7/6/2026,WHITE,0,5,F,INDEX,,F,T,0,0
7/1/2026,2:41:55 PM,SPXW,ML/,100,10.89,,PUT,7425,0,108900,7/6/2026,WHITE,0,5,F,INDEX,,F,T,0,0
7/1/2026,2:57:54 PM,SPXW,ML/,100,12.04,,PUT,7425,0,120400,7/6/2026,WHITE,0,5,F,INDEX,,F,T,0,0
7/1/2026,3:00:52 PM,SPXW,ML/,100,11.59,,PUT,7425,0,115900,7/6/2026,WHITE,0,5,F,INDEX,,F,T,0,0
7/1/2026,1:15:40 PM,SPXW,BLOCK,50,10,,CALL,7535,0,50000,7/2/2026,WHITE,0,1,F,INDEX,,F,T,0,0
7/1/2026,3:59:27 PM,SPXW,SWEEP,50,5.4,,CALL,7535,0,27000,7/2/2026,WHITE,0,1,F,INDEX,,F,T,0,0
7/1/2026,3:56:42 PM,SPXW,ML/,500,5.25,,CALL,7535,0,262500,7/2/2026,WHITE,0,1,F,INDEX,,F,T,0,0
7/1/2026,3:06:08 PM,SPXW,ML/,162,173.37,,CALL,7400,0,2808594,7/24/2026,WHITE,0,23,F,INDEX,,F,T,0,0
7/1/2026,10:20:35 AM,SPXW,ML/,1700,0.19,,CALL,7635,0,32300,7/2/2026,WHITE,0,1,F,INDEX,,F,T,0,0
7/1/2026,9:30:15 AM,SPXW,ML/,50,21.4,,PUT,7375,0,107000,7/8/2026,WHITE,0,7,F,INDEX,,F,T,0,0
7/1/2026,9:30:16 AM,SPXW,ML/,50,37.34,,CALL,7500,0,186700,7/8/2026,WHITE,0,7,F,INDEX,,F,T,0,0
7/1/2026,9:30:16 AM,SPXW,ML/,50,49.62,,PUT,7475,0,248100,7/8/2026,WHITE,0,7,F,INDEX,,F,T,0,0
7/1/2026,10:28:37 AM,SPXW,BLOCK,50,34,,PUT,7475,0,170000,7/8/2026,WHITE,0,7,F,INDEX,,F,T,0,0
7/1/2026,10:37:53 AM,SPXW,BLOCK,50,33.7,,PUT,7475,0,168500,7/8/2026,WHITE,0,7,F,INDEX,,F,T,0,0
7/1/2026,10:42:31 AM,SPXW,BLOCK,50,34.3,,PUT,7475,0,171499,7/8/2026,WHITE,0,7,F,INDEX,,F,T,0,0
7/1/2026,12:22:01 PM,SPXW,BLOCK,50,24.7,,PUT,7475,0,123500,7/8/2026,WHITE,0,7,F,INDEX,,F,T,0,0
7/1/2026,12:22:41 PM,SPXW,BLOCK,50,24.6,,PUT,7475,0,123000,7/8/2026,WHITE,0,7,F,INDEX,,F,T,0,0
7/1/2026,9:30:16 AM,SPXW,ML/,50,102.07,,CALL,7400,0,510350,7/8/2026,WHITE,0,7,F,INDEX,,F,T,0,0
7/1/2026,10:35:36 AM,NDXP,ML/,89,5.58,,PUT,29400,0,49662,7/1/2026,WHITE,0,0,F,INDEX,,F,T,0,0
7/1/2026,12:21:40 PM,SPXW,ML/,60,14.08,,PUT,7370,0,84480,7/10/2026,WHITE,0,9,F,INDEX,,F,T,0,0
7/1/2026,10:12:56 AM,SPXW,ML/,75,6.1,,PUT,7420,0,45750,7/2/2026,WHITE,0,1,F,INDEX,,F,T,0,0
7/1/2026,10:45:43 AM,SPXW,ML/,80,7.15,,PUT,7420,0,57200,7/2/2026,WHITE,0,1,F,INDEX,,F,T,0,0
7/1/2026,12:02:32 PM,SPXW,ML/,86,2.77,,PUT,7420,0,23822,7/2/2026,WHITE,0,1,F,INDEX,,F,T,0,0
7/1/2026,12:41:21 PM,SPXW,ML/,100,3.5,,PUT,7420,0,35000,7/2/2026,WHITE,0,1,F,INDEX,,F,T,0,0
7/1/2026,1:59:21 PM,SPXW,ML/,53,4.21,,PUT,7420,0,22313,7/2/2026,WHITE,0,1,F,INDEX,,F,T,0,0
7/1/2026,12:02:32 PM,SPXW,ML/,100,2.79,,PUT,7420,0,27900,7/2/2026,WHITE,0,1,F,INDEX,,F,T,0,0
7/1/2026,1:59:21 PM,SPXW,ML/,52,4.21,,PUT,7420,0,21892,7/2/2026,WHITE,0,1,F,INDEX,,F,T,0,0
7/1/2026,4:18:41 PM,SPXW,BLOCK,107,28.51,,PUT,7300,0,305057,7/17/2026,WHITE,0,16,F,INDEX,,F,F,0,0
7/1/2026,1:52:00 PM,SPXW,BLOCK,100,2.55,,PUT,7310,0,25499,7/6/2026,WHITE,0,5,F,INDEX,,F,T,0,0
7/1/2026,2:58:20 PM,SPXW,BLOCK,100,2.8,,PUT,7310,0,28000,7/6/2026,WHITE,0,5,F,INDEX,,F,T,0,0
7/1/2026,10:10:16 AM,SPXW,ML/,93,1.98,,PUT,7245,0,18414,7/6/2026,WHITE,0,5,F,INDEX,,F,T,0,0
7/1/2026,9:57:28 AM,SPX,ML/,190,200,,PUT,7525,0,3800000,9/18/2026,WHITE,0,79,F,INDEX,,F,F,0,0
7/1/2026,10:01:44 AM,SPX,ML/,58,195,,PUT,7525,0,1131000,9/18/2026,WHITE,0,79,F,INDEX,,F,F,0,0
7/1/2026,10:29:10 AM,SPX,ML/,58,188.22,,PUT,7525,0,1091676,9/18/2026,WHITE,0,79,F,INDEX,,F,F,0,0
7/1/2026,9:57:28 AM,SPX,ML/,190,202.8,,CALL,7525,0,3853200,9/18/2026,WHITE,0,79,F,INDEX,,F,F,0,0
7/1/2026,10:01:44 AM,SPX,ML/,58,207,,CALL,7525,0,1200600,9/18/2026,WHITE,0,79,F,INDEX,,F,F,0,0
7/1/2026,10:10:18 AM,SPX,ML/,100,210.34,,CALL,7525,0,2103400,9/18/2026,WHITE,0,79,F,INDEX,,F,F,0,0
7/1/2026,11:05:20 AM,SPX,ML/,51,220.34,,CALL,7525,0,1123734,9/18/2026,WHITE,0,79,F,INDEX,,F,F,0,0
7/1/2026,3:29:53 PM,SPXW,ML/,100,5.92,,PUT,7230,0,59200,7/10/2026,WHITE,0,9,F,INDEX,,F,T,0,0
7/1/2026,11:31:18 AM,SPXW,ML/,100,5.5,,PUT,7230,0,55000,7/10/2026,WHITE,0,9,F,INDEX,,F,T,0,0
7/1/2026,3:28:36 PM,SPXW,ML/,100,5.95,,PUT,7230,0,59500,7/10/2026,WHITE,0,9,F,INDEX,,F,T,0,0
7/1/2026,11:31:10 AM,SPXW,ML/,50,51.65,,PUT,7400,0,258250,7/24/2026,WHITE,0,23,F,INDEX,,F,T,0,0
7/1/2026,11:18:27 AM,SPXW,ML/,50,6.43,,PUT,7360,0,32150,7/7/2026,WHITE,0,6,F,INDEX,,F,T,0,0
7/1/2026,11:28:53 AM,SPXW,ML/,50,5.6,,PUT,7360,0,28000,7/7/2026,WHITE,0,6,F,INDEX,,F,T,0,0
7/1/2026,2:06:26 PM,SPXW,ML/,52,7.25,,PUT,7360,0,37700,7/7/2026,WHITE,0,6,F,INDEX,,F,T,0,0
7/1/2026,10:35:36 AM,NDXP,ML/,89,4.93,,PUT,29370,0,43877,7/1/2026,WHITE,0,0,F,INDEX,,F,T,0,0
7/1/2026,9:39:07 AM,NDXP,BLOCK,81,10.4,,CALL,30310,0,84240,7/1/2026,WHITE,0,0,F,INDEX,,F,T,0,0
7/1/2026,9:50:34 AM,SPX,BLOCK,1953,31.3,,PUT,7300,0,6112890,7/17/2026,WHITE,0,16,F,INDEX,,F,F,0,0
7/1/2026,10:11:29 AM,SPX,ML/,120,24.22,,PUT,7300,0,290640,7/17/2026,WHITE,0,16,F,INDEX,,F,F,0,0
7/1/2026,10:24:22 AM,SPX,ML/,120,24.5,,PUT,7300,0,294000,7/17/2026,WHITE,0,16,F,INDEX,,F,F,0,0
7/1/2026,12:55:14 PM,SPX,ML/,304,21.15,,PUT,7300,0,642960,7/17/2026,WHITE,0,16,F,INDEX,,F,F,0,0
7/1/2026,10:45:44 AM,SPXW,ML/,186,0.57,,PUT,7260,0,10602,7/2/2026,WHITE,0,1,F,INDEX,,F,T,0,0
7/1/2026,10:45:44 AM,SPXW,ML/,2383,0.57,,PUT,7260,0,135831,7/2/2026,WHITE,0,1,F,INDEX,,F,T,0,0
7/1/2026,10:16:26 AM,RUTW,BLOCK,100,6.6,,PUT,3035,0,66000,7/1/2026,WHITE,0,0,F,INDEX,,F,T,0,0
7/1/2026,10:30:37 AM,RUTW,BLOCK,100,7.1,,PUT,3035,0,71000,7/1/2026,WHITE,0,0,F,INDEX,,F,T,0,0
7/1/2026,11:24:40 AM,RUTW,ML/,90,6.28,,CALL,3045,0,56520,7/1/2026,WHITE,0,0,F,INDEX,,F,T,0,0
7/1/2026,10:05:58 AM,SPXW,ML/,100,7,,PUT,7000,0,70000,7/17/2026,WHITE,0,16,F,INDEX,,F,F,0,0
7/1/2026,12:36:25 PM,SPXW,ML/,56,5.6,,PUT,7000,0,31359,7/17/2026,WHITE,0,16,F,INDEX,,F,F,0,0
7/1/2026,12:36:32 PM,SPXW,ML/,368,5.6,,PUT,7000,0,206080,7/17/2026,WHITE,0,16,F,INDEX,,F,F,0,0
7/1/2026,12:36:32 PM,SPXW,ML/,178,5.6,,PUT,7000,0,99680,7/17/2026,WHITE,0,16,F,INDEX,,F,F,0,0
7/1/2026,12:36:34 PM,SPXW,ML/,138,5.6,,PUT,7000,0,77280,7/17/2026,WHITE,0,16,F,INDEX,,F,F,0,0
7/1/2026,12:36:34 PM,SPXW,ML/,138,5.6,,PUT,7000,0,77280,7/17/2026,WHITE,0,16,F,INDEX,,F,F,0,0
7/1/2026,12:36:36 PM,SPXW,ML/,66,5.6,,PUT,7000,0,36960,7/17/2026,WHITE,0,16,F,INDEX,,F,F,0,0
7/1/2026,1:09:24 PM,SPXW,ML/,100,6.3,,PUT,7000,0,63000,7/17/2026,WHITE,0,16,F,INDEX,,F,F,0,0
7/1/2026,9:35:41 AM,SPXW,ML/,100,2.28,,PUT,7280,0,22800,7/2/2026,WHITE,0,1,F,INDEX,,F,T,0,0
7/1/2026,3:59:54 PM,SPXW,ML/,72,13.45,,PUT,7465,0,96839,7/2/2026,WHITE,0,1,F,INDEX,,F,T,0,0
7/1/2026,10:28:04 AM,SPX,ML/,150,144.43,,CALL,8000,0,2166450,12/18/2026,WHITE,0,170,F,INDEX,,F,F,0,0
7/1/2026,10:32:20 AM,SPX,ML/,75,142.23,,CALL,8000,0,1066725,12/18/2026,WHITE,0,170,F,INDEX,,F,F,0,0
7/1/2026,11:40:26 AM,SPX,ML/,50,150.6,,CALL,8000,0,753000,12/18/2026,WHITE,0,170,F,INDEX,,F,F,0,0
7/1/2026,10:28:30 AM,SPX,ML/,150,144.43,,CALL,8000,0,2166450,12/18/2026,WHITE,0,170,F,INDEX,,F,F,0,0
7/1/2026,10:28:30 AM,SPX,ML/,50,144.42,,CALL,8000,0,722099,12/18/2026,WHITE,0,170,F,INDEX,,F,F,0,0
7/1/2026,10:41:49 AM,SPX,ML/,100,144,,CALL,8000,0,1440000,12/18/2026,WHITE,0,170,F,INDEX,,F,F,0,0
7/1/2026,11:45:02 AM,SPX,ML/,50,150.6,,CALL,8000,0,753000,12/18/2026,WHITE,0,170,F,INDEX,,F,F,0,0
7/1/2026,1:43:37 PM,SPX,ML/,350,149,,CALL,8000,0,5215000,12/18/2026,WHITE,0,170,F,INDEX,,F,F,0,0
7/1/2026,2:44:21 PM,SPX,ML/,200,146.47,,CALL,8000,0,2929400,12/18/2026,WHITE,0,170,F,INDEX,,F,F,0,0
7/1/2026,2:48:12 PM,SPX,ML/,200,146.7,,CALL,8000,0,2934000,12/18/2026,WHITE,0,170,F,INDEX,,F,F,0,0
7/1/2026,3:02:50 PM,SPX,ML/,200,144.26,,CALL,8000,0,2885200,12/18/2026,WHITE,0,170,F,INDEX,,F,F,0,0
7/1/2026,3:28:40 PM,SPX,ML/,100,144.48,,CALL,8000,0,1444799,12/18/2026,WHITE,0,170,F,INDEX,,F,F,0,0
7/1/2026,10:04:56 AM,SPXW,ML/,89,4.2,,CALL,7700,0,37380,7/14/2026,WHITE,0,13,F,INDEX,,F,T,0,0
7/1/2026,10:04:56 AM,SPXW,ML/,162,4.21,,CALL,7700,0,68202,7/14/2026,WHITE,0,13,F,INDEX,,F,T,0,0
7/1/2026,12:52:33 PM,SPXW,ML/,50,56.35,,PUT,7410,0,281750,7/24/2026,WHITE,0,23,F,INDEX,,F,T,0,0
7/1/2026,11:17:15 AM,SPX,ML/,450,88.75,,CALL,8200,0,3993750,12/18/2026,WHITE,0,170,F,INDEX,,F,F,0,0
7/1/2026,11:20:13 AM,SPX,ML/,50,88.75,,CALL,8200,0,443750,12/18/2026,WHITE,0,170,F,INDEX,,F,F,0,0
7/1/2026,11:22:16 AM,SPX,ML/,100,88.75,,CALL,8200,0,887500,12/18/2026,WHITE,0,170,F,INDEX,,F,F,0,0
7/1/2026,11:20:27 AM,SPX,ML/,450,91.2,,CALL,8200,0,4104000,12/18/2026,WHITE,0,170,F,INDEX,,F,F,0,0
7/1/2026,1:34:41 PM,VIX,ML/,5000,0.54,,CALL,40,0,270000,8/19/2026,WHITE,0,49,F,INDEX,,F,T,0,0
7/1/2026,1:38:42 PM,VIX,ML/,5000,0.53,,CALL,40,0,265000,8/19/2026,WHITE,0,49,F,INDEX,,F,T,0,0
7/1/2026,1:44:17 PM,VIX,ML/,5000,0.54,,CALL,40,0,270000,8/19/2026,WHITE,0,49,F,INDEX,,F,T,0,0
7/1/2026,3:49:20 PM,VIX,SWEEP,771,0.51,,CALL,40,0,39321,8/19/2026,WHITE,0,49,F,INDEX,,F,T,0,0
7/1/2026,4:05:31 PM,SPXW,BLOCK,50,7.6,,PUT,7300,0,37999,7/8/2026,WHITE,0,7,F,INDEX,,F,T,0,0
7/1/2026,3:43:22 PM,SPX,BLOCK,50,131.6,,PUT,7200,0,658000,10/16/2026,WHITE,0,107,F,INDEX,,F,F,0,0
7/1/2026,12:09:06 PM,SPX,ML/,76,125.67,,PUT,7200,0,955092,10/16/2026,WHITE,0,107,F,INDEX,,F,F,0,0
7/1/2026,9:48:19 AM,SPXW,ML/,58,38.16,,CALL,7455,0,221327,7/2/2026,WHITE,0,1,F,INDEX,,F,T,0,0
7/1/2026,11:03:28 AM,SPXW,ML/,99,59.54,,CALL,7455,0,589446,7/2/2026,WHITE,0,1,F,INDEX,,F,T,0,0
7/1/2026,11:03:48 AM,SPXW,ML/,200,60.28,,CALL,7455,0,1205600,7/2/2026,WHITE,0,1,F,INDEX,,F,T,0,0
7/1/2026,11:04:07 AM,SPXW,ML/,150,61.75,,CALL,7455,0,926250,7/2/2026,WHITE,0,1,F,INDEX,,F,T,0,0
7/1/2026,11:04:47 AM,SPXW,ML/,70,62.33,,CALL,7455,0,436310,7/2/2026,WHITE,0,1,F,INDEX,,F,T,0,0
7/1/2026,9:41:46 AM,SPX,BLOCK,50,10.4,,CALL,8000,0,52000,8/21/2026,WHITE,0,51,F,INDEX,,F,F,0,0
7/1/2026,2:42:10 PM,SPX,ML/,1000,12.2,,CALL,8000,0,1220000,8/21/2026,WHITE,0,51,F,INDEX,,F,F,0,0
7/1/2026,4:15:07 PM,SPX,BLOCK,50,10.57,,CALL,8000,0,52850,8/21/2026,WHITE,0,51,F,INDEX,,F,F,0,0
7/1/2026,4:15:17 PM,SPX,BLOCK,50,10.57,,CALL,8000,0,52850,8/21/2026,WHITE,0,51,F,INDEX,,F,F,0,0
7/1/2026,10:59:22 AM,SPX,ML/,425,11.62,,CALL,8000,0,493850,8/21/2026,WHITE,0,51,F,INDEX,,F,F,0,0
7/1/2026,11:48:11 AM,SPX,ML/,1500,13.26,,CALL,8000,0,1989000,8/21/2026,WHITE,0,51,F,INDEX,,F,F,0,0
7/1/2026,2:44:17 PM,SPX,ML/,500,12.2,,CALL,8000,0,610000,8/21/2026,WHITE,0,51,F,INDEX,,F,F,0,0
7/1/2026,4:15:17 PM,SPX,BLOCK,100,10.57,,CALL,8000,0,105700,8/21/2026,WHITE,0,51,F,INDEX,,F,F,0,0
7/1/2026,10:22:21 AM,VIXW,BLOCK,633,1.5,,CALL,19,0,94950,7/29/2026,WHITE,0,28,F,INDEX,,F,T,0,0
7/1/2026,9:51:44 AM,VIXW,BLOCK,633,1.6,,CALL,19,0,101280,7/29/2026,WHITE,0,28,F,INDEX,,F,T,0,0
7/1/2026,10:10:14 AM,VIXW,BLOCK,633,1.55,,CALL,19,0,98115,7/29/2026,WHITE,0,28,F,INDEX,,F,T,0,0
7/1/2026,11:56:47 AM,SPXW,ML/,67,4.61,,PUT,7330,0,30887,7/7/2026,WHITE,0,6,F,INDEX,,F,T,0,0
7/1/2026,10:59:52 AM,SPX,ML/,280,71.2,,PUT,7000,0,1993600,9/18/2026,WHITE,0,79,F,INDEX,,F,F,0,0
7/1/2026,11:14:04 AM,SPX,ML/,280,71.2,,PUT,7000,0,1993600,9/18/2026,WHITE,0,79,F,INDEX,,F,F,0,0
7/1/2026,11:14:08 AM,SPX,ML/,280,68.86,,PUT,7000,0,1928080,9/18/2026,WHITE,0,79,F,INDEX,,F,F,0,0
7/1/2026,11:40:23 AM,SPX,ML/,450,68.16,,PUT,7000,0,3067200,9/18/2026,WHITE,0,79,F,INDEX,,F,F,0,0
7/1/2026,2:48:57 PM,SPX,ML/,580,71.78,,PUT,7000,0,4163240,9/18/2026,WHITE,0,79,F,INDEX,,F,F,0,0
7/1/2026,10:15:53 AM,SPX,ML/,70,199,,PUT,7550,0,1393000,9/18/2026,WHITE,0,79,F,INDEX,,F,F,0,0
7/1/2026,10:24:16 AM,SPX,ML/,120,199,,PUT,7550,0,2388000,9/18/2026,WHITE,0,79,F,INDEX,,F,F,0,0
7/1/2026,10:20:33 AM,SPX,ML/,380,200,,PUT,7550,0,7600000,9/18/2026,WHITE,0,79,F,INDEX,,F,F,0,0
7/1/2026,10:24:22 AM,SPX,ML/,56,199,,PUT,7550,0,1114400,9/18/2026,WHITE,0,79,F,INDEX,,F,F,0,0
7/1/2026,10:28:10 AM,SPX,ML/,55,199,,PUT,7550,0,1094500,9/18/2026,WHITE,0,79,F,INDEX,,F,F,0,0
7/1/2026,10:57:30 AM,SPX,ML/,55,199.5,,PUT,7550,0,1097250,9/18/2026,WHITE,0,79,F,INDEX,,F,F,0,0
7/1/2026,10:56:50 AM,SPX,ML/,200,199,,PUT,7550,0,3980000,9/18/2026,WHITE,0,79,F,INDEX,,F,F,0,0
7/1/2026,2:56:49 PM,SPX,ML/,80,199.5,,PUT,7550,0,1596000,9/18/2026,WHITE,0,79,F,INDEX,,F,F,0,0
7/1/2026,10:25:14 AM,SPX,ML/,228,200,,PUT,7550,0,4560000,9/18/2026,WHITE,0,79,F,INDEX,,F,F,0,0
7/1/2026,10:41:49 AM,SPX,ML/,62,198,,PUT,7550,0,1227600,9/18/2026,WHITE,0,79,F,INDEX,,F,F,0,0
7/1/2026,10:24:53 AM,SPX,ML/,54,198.9,,PUT,7550,0,1074060,9/18/2026,WHITE,0,79,F,INDEX,,F,F,0,0
7/1/2026,2:52:46 PM,SPX,ML/,144,198.47,,PUT,7550,0,2857968,9/18/2026,WHITE,0,79,F,INDEX,,F,F,0,0
7/1/2026,11:18:03 AM,SPX,ML/,909,192.1,,PUT,7550,0,17461890,9/18/2026,WHITE,0,79,F,INDEX,,F,F,0,0
7/1/2026,1:30:59 PM,SPX,ML/,200,192.9,,PUT,7550,0,3858000,9/18/2026,WHITE,0,79,F,INDEX,,F,F,0,0
7/1/2026,3:06:08 PM,SPX,ML/,205,197,,PUT,7550,0,4038500,9/18/2026,WHITE,0,79,F,INDEX,,F,F,0,0
7/1/2026,4:06:20 PM,SPX,ML/,200,208.23,,PUT,7550,0,4164600,9/18/2026,WHITE,0,79,F,INDEX,,F,F,0,0
7/1/2026,9:59:41 AM,RUTW,ML/,100,1.07,,CALL,3055,0,10700,7/1/2026,WHITE,0,0,F,INDEX,,F,T,0,0
7/1/2026,10:02:59 AM,RUTW,ML/,97,1.39,,CALL,3055,0,13482,7/1/2026,WHITE,0,0,F,INDEX,,F,T,0,0
7/1/2026,9:30:35 AM,SPXW,BLOCK,65,1.55,,PUT,6150,0,10075,7/17/2026,WHITE,0,16,F,INDEX,,F,F,0,0
7/1/2026,10:33:43 AM,SPXW,ML/,50,3.45,,PUT,7260,0,17250,7/7/2026,WHITE,0,6,F,INDEX,,F,T,0,0
7/1/2026,9:32:28 AM,RUTW,BLOCK,87,5.26,,CALL,3035,0,45762,7/1/2026,WHITE,0,0,F,INDEX,,F,T,0,0
7/1/2026,4:17:53 PM,SPXW,BLOCK,50,17.35,,PUT,7200,0,86750,7/17/2026,WHITE,0,16,F,INDEX,,F,F,0,0
7/1/2026,4:18:30 PM,SPXW,BLOCK,50,17.15,,PUT,7200,0,85749,7/17/2026,WHITE,0,16,F,INDEX,,F,F,0,0
7/1/2026,4:18:30 PM,SPXW,BLOCK,50,17.19,,PUT,7200,0,85950,7/17/2026,WHITE,0,16,F,INDEX,,F,F,0,0
7/1/2026,10:45:02 AM,NDXP,ML/,90,9.4,,PUT,29500,0,84600,7/1/2026,WHITE,0,0,F,INDEX,,F,T,0,0
7/1/2026,12:41:21 PM,SPXW,ML/,100,3.2,,PUT,7415,0,32000,7/2/2026,WHITE,0,1,F,INDEX,,F,T,0,0
7/1/2026,4:03:27 PM,SPXW,ML/,80,6.1,,PUT,7415,0,48800,7/2/2026,WHITE,0,1,F,INDEX,,F,T,0,0
7/1/2026,10:25:14 AM,SPX,ML/,400,4.14,,CALL,7750,0,165599,7/17/2026,WHITE,0,16,F,INDEX,,F,F,0,0
7/1/2026,11:46:36 AM,SPX,ML/,145,5.17,,CALL,7750,0,74965,7/17/2026,WHITE,0,16,F,INDEX,,F,F,0,0
7/1/2026,12:24:15 PM,SPX,ML/,180,5.25,,CALL,7750,0,94500,7/17/2026,WHITE,0,16,F,INDEX,,F,F,0,0
7/1/2026,2:28:51 PM,SPX,ML/,1100,4.11,,CALL,7750,0,452100,7/17/2026,WHITE,0,16,F,INDEX,,F,F,0,0
7/1/2026,3:57:14 PM,NDXP,BLOCK,50,4.3,,PUT,29800,0,21499,7/1/2026,WHITE,0,0,F,INDEX,,F,T,0,0
7/1/2026,1:45:06 PM,VIX,BLOCK,150,1.78,,CALL,17,0,26700,7/22/2026,WHITE,0,21,F,INDEX,,F,T,0,0
7/1/2026,2:34:56 PM,VIX,ML/,1800,1.82,,CALL,17,0,327600,7/22/2026,WHITE,0,21,F,INDEX,,F,T,0,0
7/1/2026,10:03:20 AM,VIX,BLOCK,50,2.8,,PUT,20,0,14000,7/22/2026,WHITE,0,21,F,INDEX,,F,T,0,0
7/1/2026,2:34:56 PM,VIX,ML/,1800,2.72,,PUT,20,0,489600,7/22/2026,WHITE,0,21,F,INDEX,,F,T,0,0
7/1/2026,12:20:46 PM,VIX,BLOCK,500,2.83,,PUT,20,0,141500,7/22/2026,WHITE,0,21,F,INDEX,,F,T,0,0
7/1/2026,3:58:56 PM,VIX,ML/,100,2.72,,PUT,20,0,27200,7/22/2026,WHITE,0,21,F,INDEX,,F,T,0,0
7/1/2026,9:54:42 AM,SPX,ML/,183,266.18,,CALL,7700,0,4871094,12/18/2026,WHITE,0,170,F,INDEX,,F,F,0,0
7/1/2026,2:25:49 PM,SPXW,ML/,50,30.97,,PUT,7505,0,154850,7/6/2026,WHITE,0,5,F,INDEX,,F,T,0,0
7/1/2026,1:34:47 PM,SPXW,ML/,50,28.57,,PUT,7505,0,142850,7/6/2026,WHITE,0,5,F,INDEX,,F,T,0,0
7/1/2026,10:13:29 AM,SPXW,ML/,84,1.9,,PUT,7250,0,15960,7/6/2026,WHITE,0,5,F,INDEX,,F,T,0,0
7/1/2026,10:13:31 AM,SPXW,ML/,84,1.9,,PUT,7250,0,15960,7/6/2026,WHITE,0,5,F,INDEX,,F,T,0,0
7/1/2026,1:32:38 PM,SPXW,ML/,50,12.4,,PUT,7480,0,62000,7/2/2026,WHITE,0,1,F,INDEX,,F,T,0,0
7/1/2026,2:11:52 PM,SPXW,ML/,81,13.8,,PUT,7480,0,111780,7/2/2026,WHITE,0,1,F,INDEX,,F,T,0,0
7/1/2026,2:47:40 PM,SPXW,ML/,50,14.9,,PUT,7480,0,74500,7/2/2026,WHITE,0,1,F,INDEX,,F,T,0,0
7/1/2026,3:56:02 PM,SPXW,BLOCK,54,16.3,,PUT,7480,0,88020,7/2/2026,WHITE,0,1,F,INDEX,,F,T,0,0
7/1/2026,3:57:01 PM,SPXW,ML/,50,16.9,,PUT,7480,0,84499,7/2/2026,WHITE,0,1,F,INDEX,,F,T,0,0
7/1/2026,10:51:01 AM,SPXW,ML/,50,16.92,,PUT,7480,0,84600,7/2/2026,WHITE,0,1,F,INDEX,,F,T,0,0
7/1/2026,9:53:35 AM,SPXW,ML/,100,2.7,,CALL,7590,0,27000,7/6/2026,WHITE,0,5,F,INDEX,,F,T,0,0
7/1/2026,9:54:29 AM,SPXW,ML/,98,2.63,,CALL,7590,0,25774,7/6/2026,WHITE,0,5,F,INDEX,,F,T,0,0
7/1/2026,3:38:04 PM,SPXW,BLOCK,300,1,,PUT,7230,0,30000,7/6/2026,WHITE,0,5,F,INDEX,,F,T,0,0
7/1/2026,3:38:05 PM,SPXW,BLOCK,200,1,,PUT,7230,0,20000,7/6/2026,WHITE,0,5,F,INDEX,,F,T,0,0
7/1/2026,3:40:43 PM,SPXW,ML/,150,13.52,,PUT,6700,0,202800,8/7/2026,WHITE,0,37,F,INDEX,,F,T,0,0
7/1/2026,3:41:30 PM,SPXW,ML/,50,13.52,,PUT,6700,0,67600,8/7/2026,WHITE,0,37,F,INDEX,,F,T,0,0
7/1/2026,11:24:40 AM,RUTW,ML/,90,9.35,,CALL,3040,0,84150,7/1/2026,WHITE,0,0,F,INDEX,,F,T,0,0
7/1/2026,10:34:58 AM,SPX,ML/,135,275.82,,CALL,7250,0,3723569,7/17/2026,WHITE,0,16,F,INDEX,,F,F,0,0
7/1/2026,11:14:52 AM,SPXW,ML/,65,39.29,,CALL,7675,0,255385,7/29/2026,WHITE,0,28,F,INDEX,,F,T,0,0
7/1/2026,2:42:10 PM,SPX,ML/,1000,41.2,,PUT,7000,0,4120000,8/21/2026,WHITE,0,51,F,INDEX,,F,F,0,0
7/1/2026,1:08:42 PM,SPX,ML/,200,42,,PUT,7000,0,840000,8/21/2026,WHITE,0,51,F,INDEX,,F,F,0,0
7/1/2026,3:45:22 PM,SPX,ML/,100,42,,PUT,7000,0,420000,8/21/2026,WHITE,0,51,F,INDEX,,F,F,0,0
7/1/2026,10:37:02 AM,SPX,ML/,100,40.83,,PUT,7000,0,408300,8/21/2026,WHITE,0,51,F,INDEX,,F,F,0,0
7/1/2026,10:59:22 AM,SPX,ML/,425,41.42,,PUT,7000,0,1760350,8/21/2026,WHITE,0,51,F,INDEX,,F,F,0,0
7/1/2026,11:48:11 AM,SPX,ML/,1500,38.51,,PUT,7000,0,5776500,8/21/2026,WHITE,0,51,F,INDEX,,F,F,0,0
7/1/2026,12:00:50 PM,SPX,BLOCK,50,38.6,,PUT,7000,0,193000,8/21/2026,WHITE,0,51,F,INDEX,,F,F,0,0
7/1/2026,2:44:17 PM,SPX,ML/,500,41.2,,PUT,7000,0,2060000,8/21/2026,WHITE,0,51,F,INDEX,,F,F,0,0
7/1/2026,2:37:05 PM,SPX,BLOCK,50,41.3,,PUT,7000,0,206500,8/21/2026,WHITE,0,51,F,INDEX,,F,F,0,0
7/1/2026,3:43:29 PM,SPX,ML/,400,41.38,,PUT,7000,0,1655200,8/21/2026,WHITE,0,51,F,INDEX,,F,F,0,0
7/1/2026,10:19:48 AM,SPXW,ML/,232,51.89,,PUT,7500,0,1203848,7/10/2026,WHITE,0,9,F,INDEX,,F,T,0,0
7/1/2026,10:26:59 AM,SPXW,ML/,93,53.63,,PUT,7500,0,498759,7/10/2026,WHITE,0,9,F,INDEX,,F,T,0,0
7/1/2026,10:57:06 AM,SPXW,ML/,300,51.7,,PUT,7500,0,1551000,7/10/2026,WHITE,0,9,F,INDEX,,F,T,0,0
7/1/2026,11:16:41 AM,SPXW,ML/,800,44.69,,PUT,7500,0,3575200,7/10/2026,WHITE,0,9,F,INDEX,,F,T,0,0
7/1/2026,3:34:48 PM,SPXW,ML/,200,48,,PUT,7500,0,960000,7/10/2026,WHITE,0,9,F,INDEX,,F,T,0,0
7/1/2026,4:00:48 PM,RUTW,ML/,60,4.28,,PUT,2975,0,25680,7/2/2026,WHITE,0,1,F,INDEX,,F,T,0,0
7/1/2026,4:01:04 PM,RUTW,ML/,60,4.28,,PUT,2975,0,25680,7/2/2026,WHITE,0,1,F,INDEX,,F,T,0,0
7/1/2026,4:01:05 PM,RUTW,ML/,57,4.32,,PUT,2975,0,24624,7/2/2026,WHITE,0,1,F,INDEX,,F,T,0,0
7/1/2026,4:01:18 PM,RUTW,ML/,60,4.66,,PUT,2975,0,27960,7/2/2026,WHITE,0,1,F,INDEX,,F,T,0,0
7/1/2026,10:30:46 AM,SPXW,ML/,51,10.4,,CALL,7580,0,53040,7/8/2026,WHITE,0,7,F,INDEX,,F,T,0,0
7/1/2026,10:30:47 AM,SPXW,ML/,89,10.26,,CALL,7580,0,91314,7/8/2026,WHITE,0,7,F,INDEX,,F,T,0,0
7/1/2026,10:30:48 AM,SPXW,ML/,88,10.31,,CALL,7580,0,90728,7/8/2026,WHITE,0,7,F,INDEX,,F,T,0,0
7/1/2026,3:10:53 PM,SPXW,ML/,52,5.14,,PUT,7375,0,26727,7/6/2026,WHITE,0,5,F,INDEX,,F,T,0,0
7/1/2026,10:49:15 AM,SPXW,SWEEP,100,7.8,,PUT,7375,0,78000,7/6/2026,WHITE,0,5,F,INDEX,,F,T,0,0
7/1/2026,4:02:07 PM,SPXW,ML/,100,7.64,,PUT,7375,0,76399,7/6/2026,WHITE,0,5,F,INDEX,,F,T,0,0
7/1/2026,10:10:20 AM,SPXW,ML/,60,21.46,,PUT,7455,0,128760,7/6/2026,WHITE,0,5,F,INDEX,,F,T,0,0
7/1/2026,1:08:42 PM,SPX,ML/,200,108.36,,PUT,7400,0,2167200,8/21/2026,WHITE,0,51,F,INDEX,,F,F,0,0
7/1/2026,10:15:53 AM,SPX,ML/,200,107.9,,PUT,7400,0,2158000,8/21/2026,WHITE,0,51,F,INDEX,,F,F,0,0
7/1/2026,10:37:02 AM,SPX,ML/,100,108.33,,PUT,7400,0,1083300,8/21/2026,WHITE,0,51,F,INDEX,,F,F,0,0
7/1/2026,12:01:21 PM,SPX,ML/,200,101.6,,PUT,7400,0,2032000,8/21/2026,WHITE,0,51,F,INDEX,,F,F,0,0
7/1/2026,3:45:22 PM,SPX,ML/,100,108.36,,PUT,7400,0,1083600,8/21/2026,WHITE,0,51,F,INDEX,,F,F,0,0
7/1/2026,10:34:53 AM,SPX,ML/,233,5.83,,PUT,6975,0,135839,7/17/2026,WHITE,0,16,F,INDEX,,F,F,0,0
7/1/2026,10:23:02 AM,SPX,ML/,140,9,,CALL,7700,0,126000,7/17/2026,WHITE,0,16,F,INDEX,,F,F,0,0
7/1/2026,9:40:56 AM,SPX,ML/,200,7.4,,CALL,7700,0,148000,7/17/2026,WHITE,0,16,F,INDEX,,F,F,0,0
7/1/2026,2:32:42 PM,SPX,ML/,1000,9.05,,CALL,7700,0,905000,7/17/2026,WHITE,0,16,F,INDEX,,F,F,0,0
7/1/2026,2:52:44 PM,SPX,ML/,100,8.8,,CALL,7700,0,88000,7/17/2026,WHITE,0,16,F,INDEX,,F,F,0,0
7/1/2026,11:22:47 AM,SPX,BLOCK,60,11.6,,CALL,7700,0,69600,7/17/2026,WHITE,0,16,F,INDEX,,F,F,0,0
7/1/2026,11:48:01 AM,SPX,ML/,950,11.49,,CALL,7700,0,1091550,7/17/2026,WHITE,0,16,F,INDEX,,F,F,0,0
7/1/2026,12:55:14 PM,SPX,ML/,52,9.94,,CALL,7700,0,51688,7/17/2026,WHITE,0,16,F,INDEX,,F,F,0,0
7/1/2026,3:06:08 PM,SPX,ML/,247,8.64,,CALL,7700,0,213408,7/17/2026,WHITE,0,16,F,INDEX,,F,F,0,0
7/1/2026,10:30:44 AM,XSP,ML/,125,2.77,,CALL,749,0,34625,7/2/2026,WHITE,0,1,F,INDEX,,F,T,0,0
7/1/2026,2:08:16 PM,SPXW,ML/,50,37.72,,PUT,7540,0,188600,7/1/2026,WHITE,0,0,F,INDEX,,F,T,0,0
7/1/2026,9:31:03 AM,SPXW,ML/,200,16.1,,PUT,7285,0,322000,7/10/2026,WHITE,0,9,F,INDEX,,F,T,0,0
7/1/2026,10:45:44 AM,SPXW,ML/,2383,0.27,,PUT,7160,0,64341,7/2/2026,WHITE,0,1,F,INDEX,,F,T,0,0
7/1/2026,3:04:44 PM,NDXP,BLOCK,81,4.1,,CALL,30000,0,33210,7/1/2026,WHITE,0,0,F,INDEX,,F,T,0,0
7/1/2026,3:45:14 PM,SPXW,ML/,117,16.65,,PUT,7410,0,194804,7/8/2026,WHITE,0,7,F,INDEX,,F,T,0,0
7/1/2026,3:45:15 PM,SPXW,ML/,208,16.61,,PUT,7410,0,345488,7/8/2026,WHITE,0,7,F,INDEX,,F,T,0,0
7/1/2026,11:24:15 AM,SPXW,ML/,500,1.42,,CALL,7625,0,71000,7/6/2026,WHITE,0,5,F,INDEX,,F,T,0,0
7/1/2026,11:36:43 AM,SPXW,ML/,462,1.27,,CALL,7625,0,58674,7/6/2026,WHITE,0,5,F,INDEX,,F,T,0,0
7/1/2026,11:45:25 AM,SPXW,ML/,500,1.37,,CALL,7625,0,68500,7/6/2026,WHITE,0,5,F,INDEX,,F,T,0,0
7/1/2026,3:10:38 PM,SPXW,ML/,500,0.69,,CALL,7625,0,34500,7/6/2026,WHITE,0,5,F,INDEX,,F,T,0,0
7/1/2026,1:53:21 PM,XSP,ML/,300,1.96,,CALL,765,0,58800,7/17/2026,WHITE,0,16,F,INDEX,,F,F,0,0
7/1/2026,1:53:21 PM,XSP,ML/,300,1.96,,CALL,765,0,58800,7/17/2026,WHITE,0,16,F,INDEX,,F,F,0,0
7/1/2026,1:53:21 PM,XSP,ML/,300,1.96,,CALL,765,0,58800,7/17/2026,WHITE,0,16,F,INDEX,,F,F,0,0
7/1/2026,1:53:25 PM,XSP,ML/,300,1.96,,CALL,765,0,58800,7/17/2026,WHITE,0,16,F,INDEX,,F,F,0,0
7/1/2026,1:49:25 PM,XSP,BLOCK,209,1.94,,CALL,765,0,40546,7/17/2026,WHITE,0,16,F,INDEX,,F,F,0,0
7/1/2026,1:50:03 PM,XSP,BLOCK,649,1.95,,CALL,765,0,126555,7/17/2026,WHITE,0,16,F,INDEX,,F,F,0,0
7/1/2026,1:51:03 PM,XSP,ML/,500,1.98,,CALL,765,0,99000,7/17/2026,WHITE,0,16,F,INDEX,,F,F,0,0
7/1/2026,1:53:28 PM,XSP,ML/,300,1.96,,CALL,765,0,58800,7/17/2026,WHITE,0,16,F,INDEX,,F,F,0,0
7/1/2026,10:37:51 AM,XSP,ML/,100,3.76,,CALL,749,0,37600,7/6/2026,WHITE,0,5,F,INDEX,,F,T,0,0
7/1/2026,11:20:18 AM,SPX,ML/,77,1.32,,PUT,6300,0,10164,7/17/2026,WHITE,0,16,F,INDEX,,F,F,0,0
7/1/2026,1:20:49 PM,SPX,ML/,92,1.3,,PUT,6300,0,11960,7/17/2026,WHITE,0,16,F,INDEX,,F,F,0,0
7/1/2026,12:55:14 PM,SPX,ML/,150,8.2,,PUT,7100,0,123000,7/17/2026,WHITE,0,16,F,INDEX,,F,F,0,0
7/1/2026,11:12:58 AM,SPX,ML/,500,8.6,,PUT,7100,0,430000,7/17/2026,WHITE,0,16,F,INDEX,,F,F,0,0
7/1/2026,9:48:23 AM,SPX,ML/,50,12.1,,PUT,7100,0,60500,7/17/2026,WHITE,0,16,F,INDEX,,F,F,0,0
7/1/2026,11:40:25 AM,SPX,ML/,55,8.09,,PUT,7100,0,44495,7/17/2026,WHITE,0,16,F,INDEX,,F,F,0,0
7/1/2026,2:10:28 PM,SPX,ML/,1000,8.66,,PUT,7100,0,866000,7/17/2026,WHITE,0,16,F,INDEX,,F,F,0,0
7/1/2026,11:12:58 AM,SPX,ML/,500,2.6,,PUT,6700,0,130000,7/17/2026,WHITE,0,16,F,INDEX,,F,F,0,0
7/1/2026,3:57:18 PM,SPX,ML/,240,2.82,,PUT,6700,0,67680,7/17/2026,WHITE,0,16,F,INDEX,,F,F,0,0
7/1/2026,9:48:54 AM,SPX,ML/,57,3.21,,PUT,6700,0,18297,7/17/2026,WHITE,0,16,F,INDEX,,F,F,0,0
7/1/2026,3:57:40 PM,SPX,ML/,58,2.8,,PUT,6700,0,16239,7/17/2026,WHITE,0,16,F,INDEX,,F,F,0,0
7/1/2026,3:16:30 PM,SPX,BLOCK,250,2.6,,PUT,6700,0,65000,7/17/2026,WHITE,0,16,F,INDEX,,F,F,0,0
7/1/2026,12:04:27 PM,SPX,ML/,500,2.4,,PUT,6700,0,120000,7/17/2026,WHITE,0,16,F,INDEX,,F,F,0,0
7/1/2026,3:27:32 PM,SPX,BLOCK,250,2.65,,PUT,6700,0,66250,7/17/2026,WHITE,0,16,F,INDEX,,F,F,0,0
7/1/2026,3:47:17 PM,SPX,BLOCK,250,2.75,,PUT,6700,0,68750,7/17/2026,WHITE,0,16,F,INDEX,,F,F,0,0
7/1/2026,10:36:21 AM,SPXW,ML/,1350,0.2,,CALL,7625,0,27000,7/2/2026,WHITE,0,1,F,INDEX,,F,T,0,0
7/1/2026,10:18:51 AM,SPXW,ML/,2990,0.25,,CALL,7625,0,74750,7/2/2026,WHITE,0,1,F,INDEX,,F,T,0,0
7/1/2026,11:15:23 AM,SPXW,ML/,2762,0.25,,CALL,7625,0,69050,7/2/2026,WHITE,0,1,F,INDEX,,F,T,0,0
7/1/2026,11:40:28 AM,SPXW,ML/,700,0.25,,CALL,7625,0,17500,7/2/2026,WHITE,0,1,F,INDEX,,F,T,0,0
7/1/2026,10:01:40 AM,SPXW,ML/,3000,0.23,,CALL,7625,0,69000,7/2/2026,WHITE,0,1,F,INDEX,,F,T,0,0
7/1/2026,10:46:44 AM,SPX,BLOCK,524,53.8,,CALL,7900,0,2819120,9/18/2026,WHITE,0,79,F,INDEX,,F,F,0,0
7/1/2026,11:36:51 AM,SPX,ML/,80,60.36,,CALL,7900,0,482880,9/18/2026,WHITE,0,79,F,INDEX,,F,F,0,0
7/1/2026,12:55:14 PM,SPX,ML/,50,60.59,,CALL,7900,0,302950,9/18/2026,WHITE,0,79,F,INDEX,,F,F,0,0
7/1/2026,10:07:49 AM,VIXW,BLOCK,105,1,,PUT,18,0,10500,7/8/2026,WHITE,0,7,F,INDEX,,F,T,0,0
7/1/2026,1:00:36 PM,SPX,ML/,500,55.3,,CALL,8800,0,2765000,3/19/2027,WHITE,0,261,F,INDEX,,F,F,0,0
7/1/2026,3:35:49 PM,SPX,ML/,75,54.08,,CALL,8800,0,405599,3/19/2027,WHITE,0,261,F,INDEX,,F,F,0,0
7/1/2026,3:27:18 PM,SPXW,ML/,400,13.87,,PUT,7425,0,554800,7/7/2026,WHITE,0,6,F,INDEX,,F,T,0,0
7/1/2026,3:29:41 PM,SPXW,ML/,200,13.87,,PUT,7425,0,277400,7/7/2026,WHITE,0,6,F,INDEX,,F,T,0,0
7/1/2026,9:31:39 AM,VIXW,BLOCK,50,2.4,,CALL,16,0,12000,7/15/2026,WHITE,0,14,F,INDEX,,F,T,0,0
7/1/2026,12:33:13 PM,VIXW,BLOCK,101,2,,CALL,16,0,20200,7/15/2026,WHITE,0,14,F,INDEX,,F,T,0,0
7/1/2026,12:51:35 PM,VIXW,BLOCK,55,2.17,,CALL,16,0,11935,7/15/2026,WHITE,0,14,F,INDEX,,F,T,0,0
7/1/2026,12:51:35 PM,VIXW,BLOCK,100,2.12,,CALL,16,0,21200,7/15/2026,WHITE,0,14,F,INDEX,,F,T,0,0
7/1/2026,9:31:28 AM,SPXW,ML/,72,1.55,,PUT,6975,0,11160,7/8/2026,WHITE,0,7,F,INDEX,,F,T,0,0
7/1/2026,11:35:29 AM,VIX,BLOCK,50,2.28,,CALL,16,0,11399,7/22/2026,WHITE,0,21,F,INDEX,,F,T,0,0
7/1/2026,2:09:28 PM,SPXW,ML/,75,85.13,,PUT,7590,0,638475,7/2/2026,WHITE,0,1,F,INDEX,,F,T,0,0
7/1/2026,2:11:31 PM,SPXW,ML/,70,86.39,,PUT,7590,0,604730,7/2/2026,WHITE,0,1,F,INDEX,,F,T,0,0
7/1/2026,11:52:24 AM,SPXW,ML/,50,11,,CALL,7560,0,55000,7/6/2026,WHITE,0,5,F,INDEX,,F,T,0,0
7/1/2026,3:25:47 PM,SPXW,ML/,51,8.76,,CALL,7620,0,44676,7/10/2026,WHITE,0,9,F,INDEX,,F,T,0,0
7/1/2026,3:25:48 PM,SPXW,ML/,72,8.76,,CALL,7620,0,63072,7/10/2026,WHITE,0,9,F,INDEX,,F,T,0,0
7/1/2026,3:26:07 PM,SPXW,ML/,75,9.34,,CALL,7620,0,70050,7/10/2026,WHITE,0,9,F,INDEX,,F,T,0,0
7/1/2026,2:06:51 PM,SPXW,ML/,91,19.78,,CALL,7540,0,179998,7/7/2026,WHITE,0,6,F,INDEX,,F,T,0,0
7/1/2026,3:48:13 PM,SPXW,ML/,50,79.11,,CALL,7500,0,395550,7/17/2026,WHITE,0,16,F,INDEX,,F,F,0,0
7/1/2026,9:38:34 AM,NDXP,SWEEP,311,22.6,,CALL,30190,0,702860,7/1/2026,WHITE,0,0,F,INDEX,,F,T,0,0
7/1/2026,1:37:32 PM,SPXW,ML/,1000,3.12,,CALL,7630,0,312000,7/8/2026,WHITE,0,7,F,INDEX,,F,T,0,0
7/1/2026,9:45:06 AM,SPX,ML/,206,38.6,,PUT,7320,0,795160,7/17/2026,WHITE,0,16,F,INDEX,,F,F,0,0
7/1/2026,10:47:20 AM,SPX,ML/,59,28.44,,PUT,7320,0,167796,7/17/2026,WHITE,0,16,F,INDEX,,F,F,0,0
7/1/2026,10:31:12 AM,NDXP,ML/,69,17.02,,PUT,29690,0,117437,7/1/2026,WHITE,0,0,F,INDEX,,F,T,0,0
7/1/2026,10:31:12 AM,NDXP,ML/,69,16.27,,PUT,29680,0,112262,7/1/2026,WHITE,0,0,F,INDEX,,F,T,0,0
7/1/2026,11:37:08 AM,XSP,ML/,90,1.58,,PUT,750,0,14220,7/2/2026,WHITE,0,1,F,INDEX,,F,T,0,0
7/1/2026,3:58:01 PM,XSP,ML/,100,2.73,,PUT,750,0,27300,7/2/2026,WHITE,0,1,F,INDEX,,F,T,0,0
7/1/2026,12:39:34 PM,VIX,ML/,3000,1.14,,CALL,25,0,341999,8/19/2026,WHITE,0,49,F,INDEX,,F,T,0,0
7/1/2026,2:04:29 PM,VIX,ML/,115,1.15,,CALL,25,0,13225,8/19/2026,WHITE,0,49,F,INDEX,,F,T,0,0
7/1/2026,3:45:53 PM,VIX,ML/,300,1.17,,CALL,25,0,35100,8/19/2026,WHITE,0,49,F,INDEX,,F,T,0,0
7/1/2026,3:47:19 PM,VIX,ML/,200,1.17,,CALL,25,0,23400,8/19/2026,WHITE,0,49,F,INDEX,,F,T,0,0
7/1/2026,1:08:56 PM,VIX,ML/,7000,1.2,,CALL,25,0,840000,8/19/2026,WHITE,0,49,F,INDEX,,F,T,0,0
7/1/2026,12:42:15 PM,VIX,BLOCK,500,1.12,,CALL,25,0,56000,8/19/2026,WHITE,0,49,F,INDEX,,F,T,0,0
7/1/2026,3:15:11 PM,SPXW,ML/,63,1.97,,CALL,7620,0,12411,7/7/2026,WHITE,0,6,F,INDEX,,F,T,0,0
7/1/2026,10:05:58 AM,SPXW,ML/,100,37.93,,PUT,6950,0,379300,8/21/2026,WHITE,0,51,F,INDEX,,F,F,0,0
7/1/2026,1:09:24 PM,SPXW,ML/,100,37.88,,PUT,6950,0,378800,8/21/2026,WHITE,0,51,F,INDEX,,F,F,0,0
7/1/2026,11:03:28 AM,SPXW,ML/,99,67.99,,CALL,7445,0,673100,7/2/2026,WHITE,0,1,F,INDEX,,F,T,0,0
7/1/2026,11:03:48 AM,SPXW,ML/,200,68.78,,CALL,7445,0,1375600,7/2/2026,WHITE,0,1,F,INDEX,,F,T,0,0
7/1/2026,11:04:07 AM,SPXW,ML/,150,70.3,,CALL,7445,0,1054500,7/2/2026,WHITE,0,1,F,INDEX,,F,T,0,0
7/1/2026,11:04:47 AM,SPXW,ML/,70,70.93,,CALL,7445,0,496510,7/2/2026,WHITE,0,1,F,INDEX,,F,T,0,0
7/1/2026,3:29:53 PM,SPXW,ML/,50,3,,PUT,7120,0,15000,7/10/2026,WHITE,0,9,F,INDEX,,F,T,0,0
7/1/2026,3:28:36 PM,SPXW,ML/,50,3.01,,PUT,7120,0,15050,7/10/2026,WHITE,0,9,F,INDEX,,F,T,0,0
7/1/2026,11:31:32 AM,RUTW,BLOCK,100,3.6,,PUT,3040,0,36000,7/1/2026,WHITE,0,0,F,INDEX,,F,T,0,0
7/1/2026,12:21:28 PM,RUTW,BLOCK,100,5,,PUT,3040,0,50000,7/1/2026,WHITE,0,0,F,INDEX,,F,T,0,0
7/1/2026,11:28:49 AM,SPXW,ML/,70,3.9,,PUT,7370,0,27300,7/6/2026,WHITE,0,5,F,INDEX,,F,T,0,0
7/1/2026,10:37:51 AM,XSP,ML/,100,2.62,,CALL,751,0,26200,7/6/2026,WHITE,0,5,F,INDEX,,F,T,0,0
7/1/2026,1:02:24 PM,XSP,ML/,69,3.01,,CALL,751,0,20769,7/6/2026,WHITE,0,5,F,INDEX,,F,T,0,0
7/1/2026,10:28:29 AM,RUTW,ML/,52,10.97,,CALL,3060,0,57044,7/6/2026,WHITE,0,5,F,INDEX,,F,T,0,0
7/1/2026,10:45:02 AM,NDXP,ML/,90,8.19,,PUT,29470,0,73710,7/1/2026,WHITE,0,0,F,INDEX,,F,T,0,0
7/1/2026,10:01:03 AM,SPXW,ML/,1785,0.07,,CALL,7700,0,12495,7/2/2026,WHITE,0,1,F,INDEX,,F,T,0,0
7/1/2026,11:57:29 AM,SPXW,BLOCK,100,118,,CALL,7400,0,1180000,7/2/2026,WHITE,0,1,F,INDEX,,F,T,0,0
7/1/2026,3:10:23 PM,SPXW,ML/,64,13.63,,PUT,7485,0,87232,7/2/2026,WHITE,0,1,F,INDEX,,F,T,0,0
7/1/2026,3:57:09 PM,SPXW,ML/,100,17.9,,PUT,7485,0,178999,7/2/2026,WHITE,0,1,F,INDEX,,F,T,0,0
7/1/2026,9:48:42 AM,SPXW,ML/,59,35.38,,PUT,7485,0,208742,7/2/2026,WHITE,0,1,F,INDEX,,F,T,0,0
7/1/2026,12:51:35 PM,SPXW,BLOCK,51,12.2,,PUT,7485,0,62219,7/2/2026,WHITE,0,1,F,INDEX,,F,T,0,0
7/1/2026,12:22:51 PM,SPXW,ML/,59,9.89,,PUT,7485,0,58351,7/2/2026,WHITE,0,1,F,INDEX,,F,T,0,0
7/1/2026,3:35:19 PM,SPXW,ML/,64,13.63,,PUT,7485,0,87232,7/2/2026,WHITE,0,1,F,INDEX,,F,T,0,0
7/1/2026,3:10:58 PM,SPXW,ML/,64,13.99,,PUT,7485,0,89536,7/2/2026,WHITE,0,1,F,INDEX,,F,T,0,0
7/1/2026,4:09:31 PM,SPXW,ML/,50,24.09,,PUT,7485,0,120450,7/2/2026,WHITE,0,1,F,INDEX,,F,T,0,0
7/1/2026,4:04:03 PM,RUTW,ML/,90,5.41,,CALL,3035,0,48690,7/2/2026,WHITE,0,1,F,INDEX,,F,T,0,0
7/1/2026,4:06:10 PM,RUTW,ML/,50,5.23,,CALL,3035,0,26150,7/2/2026,WHITE,0,1,F,INDEX,,F,T,0,0
7/1/2026,9:48:42 AM,SPXW,ML/,118,40.69,,PUT,7345,0,480142,7/17/2026,WHITE,0,16,F,INDEX,,F,F,0,0
7/1/2026,12:22:51 PM,SPXW,ML/,118,26.32,,PUT,7345,0,310576,7/17/2026,WHITE,0,16,F,INDEX,,F,F,0,0
7/1/2026,1:47:15 PM,VIX,ML/,1500,0.94,,PUT,17.5,0,141000,7/22/2026,WHITE,0,21,F,INDEX,,F,T,0,0
7/1/2026,2:11:19 PM,VIX,ML/,1500,0.92,,PUT,17.5,0,138000,7/22/2026,WHITE,0,21,F,INDEX,,F,T,0,0
7/1/2026,9:32:00 AM,XSP,ML/,55,4.7,,CALL,798,0,25850,9/30/2026,WHITE,0,91,F,INDEX,,F,T,0,0
7/1/2026,9:32:00 AM,XSP,ML/,116,4.72,,CALL,798,0,54752,9/30/2026,WHITE,0,91,F,INDEX,,F,T,0,0
7/1/2026,10:30:44 AM,XSP,ML/,125,4.87,,CALL,746,0,60875,7/2/2026,WHITE,0,1,F,INDEX,,F,T,0,0
7/1/2026,3:54:36 PM,XSP,ML/,75,4.27,,CALL,746,0,32024,7/2/2026,WHITE,0,1,F,INDEX,,F,T,0,0
7/1/2026,1:57:52 PM,SPXW,BLOCK,118,2,,CALL,7640,0,23600,7/8/2026,WHITE,0,7,F,INDEX,,F,T,0,0
7/1/2026,1:57:16 PM,SPXW,BLOCK,86,2.05,,CALL,7640,0,17630,7/8/2026,WHITE,0,7,F,INDEX,,F,T,0,0
7/1/2026,11:37:08 AM,XSP,ML/,90,2.66,,CALL,751,0,23940,7/2/2026,WHITE,0,1,F,INDEX,,F,T,0,0
7/1/2026,3:23:20 PM,SPXW,ML/,60,11.05,,PUT,7175,0,66300,7/16/2026,WHITE,0,15,F,INDEX,,F,T,0,0
7/1/2026,11:02:20 AM,SPXW,BLOCK,73,20.8,,PUT,7470,0,151840,7/6/2026,WHITE,0,5,F,INDEX,,F,T,0,0
7/1/2026,10:55:46 AM,SPXW,BLOCK,50,22.6,,PUT,7470,0,113000,7/6/2026,WHITE,0,5,F,INDEX,,F,T,0,0
7/1/2026,10:55:37 AM,SPXW,BLOCK,50,22.4,,PUT,7470,0,112000,7/6/2026,WHITE,0,5,F,INDEX,,F,T,0,0
7/1/2026,9:49:50 AM,VIX,BLOCK,749,2.55,,CALL,20,0,190994,9/16/2026,WHITE,0,77,F,INDEX,,F,T,0,0
7/1/2026,9:49:56 AM,VIX,BLOCK,750,2.55,,CALL,20,0,191249,9/16/2026,WHITE,0,77,F,INDEX,,F,T,0,0
7/1/2026,10:52:41 AM,VIX,BLOCK,88,2.55,,CALL,20,0,22439,9/16/2026,WHITE,0,77,F,INDEX,,F,T,0,0
7/1/2026,10:52:41 AM,VIX,BLOCK,88,2.55,,CALL,20,0,22439,9/16/2026,WHITE,0,77,F,INDEX,,F,T,0,0
7/1/2026,10:52:42 AM,VIX,BLOCK,88,2.55,,CALL,20,0,22439,9/16/2026,WHITE,0,77,F,INDEX,,F,T,0,0
7/1/2026,10:52:44 AM,VIX,BLOCK,88,2.55,,CALL,20,0,22439,9/16/2026,WHITE,0,77,F,INDEX,,F,T,0,0
7/1/2026,10:54:12 AM,VIX,BLOCK,88,2.55,,CALL,20,0,22439,9/16/2026,WHITE,0,77,F,INDEX,,F,T,0,0
7/1/2026,10:55:01 AM,VIX,BLOCK,88,2.55,,CALL,20,0,22439,9/16/2026,WHITE,0,77,F,INDEX,,F,T,0,0
7/1/2026,10:55:11 AM,VIX,BLOCK,88,2.55,,CALL,20,0,22439,9/16/2026,WHITE,0,77,F,INDEX,,F,T,0,0
7/1/2026,2:42:09 PM,VIX,ML/,815,2.59,,CALL,20,0,211085,9/16/2026,WHITE,0,77,F,INDEX,,F,T,0,0
7/1/2026,11:44:38 AM,VIX,BLOCK,100,2.57,,CALL,20,0,25700,9/16/2026,WHITE,0,77,F,INDEX,,F,T,0,0
7/1/2026,11:00:07 AM,VIX,BLOCK,88,2.55,,CALL,20,0,22439,9/16/2026,WHITE,0,77,F,INDEX,,F,T,0,0
7/1/2026,2:32:54 PM,VIX,ML/,440,2.56,,CALL,20,0,112640,9/16/2026,WHITE,0,77,F,INDEX,,F,T,0,0
7/1/2026,2:42:14 PM,VIX,ML/,185,2.59,,CALL,20,0,47915,9/16/2026,WHITE,0,77,F,INDEX,,F,T,0,0
7/1/2026,3:58:54 PM,VIX,BLOCK,68,2.6,,CALL,20,0,17680,9/16/2026,WHITE,0,77,F,INDEX,,F,T,0,0
7/1/2026,12:29:59 PM,VIX,ML/,7200,2.52,,CALL,20,0,1814400,9/16/2026,WHITE,0,77,F,INDEX,,F,T,0,0
7/1/2026,4:02:25 PM,VIX,BLOCK,165,2.65,,CALL,20,0,43724,9/16/2026,WHITE,0,77,F,INDEX,,F,T,0,0
7/1/2026,9:57:06 AM,SPXW,ML/,90,42.97,,PUT,7445,0,386730,7/10/2026,WHITE,0,9,F,INDEX,,F,T,0,0
7/1/2026,4:04:03 PM,RUTW,ML/,90,6.45,,PUT,2985,0,58050,7/2/2026,WHITE,0,1,F,INDEX,,F,T,0,0
7/1/2026,4:06:10 PM,RUTW,ML/,50,6.71,,PUT,2985,0,33550,7/2/2026,WHITE,0,1,F,INDEX,,F,T,0,0
7/1/2026,4:05:59 PM,SPXW,ML/,98,48.64,,PUT,7470,0,476672,7/10/2026,WHITE,0,9,F,INDEX,,F,T,0,0
7/1/2026,1:52:15 PM,SPXW,ML/,105,8.12,,PUT,7340,0,85259,7/8/2026,WHITE,0,7,F,INDEX,,F,T,0,0
7/1/2026,1:52:15 PM,SPXW,ML/,138,8.17,,PUT,7340,0,112746,7/8/2026,WHITE,0,7,F,INDEX,,F,T,0,0
7/1/2026,1:52:24 PM,SPXW,ML/,121,8.17,,PUT,7340,0,98857,7/8/2026,WHITE,0,7,F,INDEX,,F,T,0,0
7/1/2026,12:52:35 PM,SPXW,ML/,70,7.6,,PUT,7340,0,53200,7/8/2026,WHITE,0,7,F,INDEX,,F,T,0,0
7/1/2026,1:52:24 PM,SPXW,ML/,129,8.17,,PUT,7340,0,105393,7/8/2026,WHITE,0,7,F,INDEX,,F,T,0,0
7/1/2026,1:52:16 PM,SPXW,ML/,79,8.12,,PUT,7340,0,64147,7/8/2026,WHITE,0,7,F,INDEX,,F,T,0,0
7/1/2026,1:52:15 PM,SPXW,ML/,100,8.15,,PUT,7340,0,81500,7/8/2026,WHITE,0,7,F,INDEX,,F,T,0,0
7/1/2026,10:53:04 AM,VIX,ML/,500,2.91,,PUT,20,0,145500,8/19/2026,WHITE,0,49,F,INDEX,,F,T,0,0
7/1/2026,12:52:31 PM,VIX,BLOCK,498,2.85,,PUT,20,0,141930,8/19/2026,WHITE,0,49,F,INDEX,,F,T,0,0
7/1/2026,10:17:25 AM,SPX,ML/,50,132.59,,PUT,7475,0,662950,8/21/2026,WHITE,0,51,F,INDEX,,F,F,0,0
7/1/2026,10:17:25 AM,SPX,ML/,50,132.59,,PUT,7475,0,662950,8/21/2026,WHITE,0,51,F,INDEX,,F,F,0,0
7/1/2026,10:35:08 AM,VIX,ML/,2900,0.07,,CALL,55,0,20300,7/22/2026,WHITE,0,21,F,INDEX,,F,T,0,0
7/1/2026,1:52:15 PM,SPXW,ML/,105,6.22,,PUT,7310,0,65309,7/8/2026,WHITE,0,7,F,INDEX,,F,T,0,0
7/1/2026,1:52:15 PM,SPXW,ML/,138,6.27,,PUT,7310,0,86526,7/8/2026,WHITE,0,7,F,INDEX,,F,T,0,0
7/1/2026,1:52:24 PM,SPXW,ML/,121,6.27,,PUT,7310,0,75867,7/8/2026,WHITE,0,7,F,INDEX,,F,T,0,0
7/1/2026,1:52:16 PM,SPXW,ML/,79,6.22,,PUT,7310,0,49138,7/8/2026,WHITE,0,7,F,INDEX,,F,T,0,0
7/1/2026,1:52:24 PM,SPXW,ML/,129,6.27,,PUT,7310,0,80883,7/8/2026,WHITE,0,7,F,INDEX,,F,T,0,0
7/1/2026,1:52:15 PM,SPXW,ML/,100,6.25,,PUT,7310,0,62500,7/8/2026,WHITE,0,7,F,INDEX,,F,T,0,0
7/1/2026,10:42:17 AM,SPXW,ML/,60,4.96,,PUT,7175,0,29760,7/10/2026,WHITE,0,9,F,INDEX,,F,T,0,0
7/1/2026,11:06:50 AM,XSP,BLOCK,240,3.72,,CALL,750,0,89280,7/6/2026,WHITE,0,5,F,INDEX,,F,T,0,0
7/1/2026,1:02:24 PM,XSP,ML/,69,3.6,,CALL,750,0,24840,7/6/2026,WHITE,0,5,F,INDEX,,F,T,0,0
7/1/2026,12:02:32 PM,XSP,BLOCK,100,3.1,,CALL,752,0,31000,7/6/2026,WHITE,0,5,F,INDEX,,F,T,0,0
7/1/2026,12:33:49 PM,XSP,BLOCK,100,3.11,,CALL,752,0,31100,7/6/2026,WHITE,0,5,F,INDEX,,F,T,0,0
7/1/2026,12:28:45 PM,XSP,BLOCK,100,3.15,,CALL,752,0,31500,7/6/2026,WHITE,0,5,F,INDEX,,F,T,0,0
7/1/2026,2:48:15 PM,XSP,BLOCK,100,2.03,,CALL,752,0,20299,7/6/2026,WHITE,0,5,F,INDEX,,F,T,0,0
7/1/2026,11:11:33 AM,SPX,BLOCK,54,13.8,,PUT,7200,0,74520,7/17/2026,WHITE,0,16,F,INDEX,,F,F,0,0
7/1/2026,10:21:42 AM,SPX,ML/,500,14.58,,PUT,7200,0,729000,7/17/2026,WHITE,0,16,F,INDEX,,F,F,0,0
7/1/2026,10:25:14 AM,SPX,ML/,400,15,,PUT,7200,0,600000,7/17/2026,WHITE,0,16,F,INDEX,,F,F,0,0
7/1/2026,2:31:54 PM,SPX,BLOCK,57,14.1,,PUT,7200,0,80370,7/17/2026,WHITE,0,16,F,INDEX,,F,F,0,0
7/1/2026,1:38:23 PM,SPX,BLOCK,250,12.9,,PUT,7200,0,322500,7/17/2026,WHITE,0,16,F,INDEX,,F,F,0,0
7/1/2026,2:00:06 PM,SPX,ML/,50,13.85,,PUT,7200,0,69250,7/17/2026,WHITE,0,16,F,INDEX,,F,F,0,0
7/1/2026,2:07:19 PM,SPX,ML/,200,13.6,,PUT,7200,0,272000,7/17/2026,WHITE,0,16,F,INDEX,,F,F,0,0
7/1/2026,9:32:20 AM,SPXW,BLOCK,57,7,,PUT,7000,0,39900,7/15/2026,WHITE,0,14,F,INDEX,,F,T,0,0
7/1/2026,9:32:21 AM,SPXW,BLOCK,50,7,,PUT,7000,0,35000,7/15/2026,WHITE,0,14,F,INDEX,,F,T,0,0
7/1/2026,9:32:22 AM,SPXW,BLOCK,61,7,,PUT,7000,0,42700,7/15/2026,WHITE,0,14,F,INDEX,,F,T,0,0
7/1/2026,10:45:39 AM,SPXW,BLOCK,100,5,,PUT,7000,0,50000,7/15/2026,WHITE,0,14,F,INDEX,,F,T,0,0
7/1/2026,10:45:40 AM,SPXW,BLOCK,58,5,,PUT,7000,0,29000,7/15/2026,WHITE,0,14,F,INDEX,,F,T,0,0
7/1/2026,10:47:22 AM,SPXW,BLOCK,65,5,,PUT,7000,0,32500,7/15/2026,WHITE,0,14,F,INDEX,,F,T,0,0
7/1/2026,10:50:05 AM,SPXW,BLOCK,50,5,,PUT,7000,0,25000,7/15/2026,WHITE,0,14,F,INDEX,,F,T,0,0
7/1/2026,2:59:11 PM,SPXW,BLOCK,53,4.6,,PUT,7000,0,24380,7/15/2026,WHITE,0,14,F,INDEX,,F,T,0,0
7/1/2026,10:50:05 AM,SPXW,BLOCK,76,5,,PUT,7000,0,38000,7/15/2026,WHITE,0,14,F,INDEX,,F,T,0,0
7/1/2026,4:03:05 PM,SPXW,BLOCK,88,5.1,,PUT,7000,0,44879,7/15/2026,WHITE,0,14,F,INDEX,,F,T,0,0
7/1/2026,9:36:29 AM,SPXW,ML/,100,3.98,,PUT,7235,0,39800,7/6/2026,WHITE,0,5,F,INDEX,,F,T,0,0
7/1/2026,10:09:06 AM,RUTW,ML/,100,1.37,,PUT,3010,0,13700,7/1/2026,WHITE,0,0,F,INDEX,,F,T,0,0
7/1/2026,12:19:19 PM,SPXW,ML/,50,6.9,,CALL,7580,0,34500,7/6/2026,WHITE,0,5,F,INDEX,,F,T,0,0
7/1/2026,3:36:20 PM,SPXW,ML/,161,5.14,,CALL,7605,0,82754,7/8/2026,WHITE,0,7,F,INDEX,,F,T,0,0
7/1/2026,3:59:06 PM,SPXW,BLOCK,59,10.7,,PUT,7415,0,63129,7/6/2026,WHITE,0,5,F,INDEX,,F,T,0,0
7/1/2026,3:59:06 PM,SPXW,BLOCK,141,10.8,,PUT,7415,0,152280,7/6/2026,WHITE,0,5,F,INDEX,,F,T,0,0
7/1/2026,12:42:40 PM,SPXW,BLOCK,75,25.4,,CALL,7900,0,190500,8/21/2026,WHITE,0,51,F,INDEX,,F,F,0,0
7/1/2026,9:38:02 AM,SPX,ML/,300,96,,PUT,7300,0,2880000,8/21/2026,WHITE,0,51,F,INDEX,,F,F,0,0
7/1/2026,10:51:53 AM,SPX,ML/,500,83.82,,PUT,7300,0,4191000,8/21/2026,WHITE,0,51,F,INDEX,,F,F,0,0
7/1/2026,12:43:42 PM,SPX,ML/,150,78.99,,PUT,7300,0,1184850,8/21/2026,WHITE,0,51,F,INDEX,,F,F,0,0
7/1/2026,12:55:14 PM,SPX,ML/,94,81.2,,PUT,7300,0,763280,8/21/2026,WHITE,0,51,F,INDEX,,F,F,0,0
7/1/2026,10:11:29 AM,SPXW,ML/,981,0.48,,PUT,7235,0,47088,7/2/2026,WHITE,0,1,F,INDEX,,F,T,0,0
7/1/2026,2:11:07 PM,NDXP,ML/,53,2.43,,PUT,29650,0,12879,7/1/2026,WHITE,0,0,F,INDEX,,F,T,0,0
7/1/2026,2:04:14 PM,SPXW,ML/,50,18.8,,PUT,7450,0,94000,7/7/2026,WHITE,0,6,F,INDEX,,F,T,0,0
7/1/2026,10:27:54 AM,SPXW,BLOCK,50,21.7,,PUT,7450,0,108500,7/7/2026,WHITE,0,6,F,INDEX,,F,T,0,0
7/1/2026,10:23:17 AM,SPXW,ML/,50,22.15,,PUT,7450,0,110750,7/7/2026,WHITE,0,6,F,INDEX,,F,T,0,0
7/1/2026,10:15:19 AM,RUTW,BLOCK,200,0.8,,PUT,3000,0,16000,7/1/2026,WHITE,0,0,F,INDEX,,F,T,0,0
7/1/2026,9:38:40 AM,RUTW,ML/,90,6.52,,PUT,3000,0,58679,7/1/2026,WHITE,0,0,F,INDEX,,F,T,0,0
7/1/2026,9:57:45 AM,RUTW,BLOCK,200,2.3,,PUT,3000,0,46000,7/1/2026,WHITE,0,0,F,INDEX,,F,T,0,0
7/1/2026,1:58:35 PM,SPXW,BLOCK,51,2.65,,PUT,5900,0,13514,7/30/2026,WHITE,0,29,F,INDEX,,F,T,0,0
7/1/2026,1:58:38 PM,SPXW,BLOCK,65,2.65,,PUT,5900,0,17225,7/30/2026,WHITE,0,29,F,INDEX,,F,T,0,0
7/1/2026,2:02:01 PM,SPXW,BLOCK,55,2.65,,PUT,5900,0,14575,7/30/2026,WHITE,0,29,F,INDEX,,F,T,0,0
7/1/2026,2:09:22 PM,SPXW,BLOCK,71,2.7,,PUT,5900,0,19170,7/30/2026,WHITE,0,29,F,INDEX,,F,T,0,0
7/1/2026,11:22:37 AM,SPX,ML/,700,473.5,,CALL,7400,0,33145000,12/18/2026,WHITE,0,170,F,INDEX,,F,F,0,0
7/1/2026,9:32:39 AM,SPXW,BLOCK,248,471,,CALL,7000,0,11680800,7/2/2026,WHITE,0,1,F,INDEX,,F,T,0,0
7/1/2026,10:07:27 AM,SPXW,ML/,60,51.42,,CALL,7550,0,308520,7/17/2026,WHITE,0,16,F,INDEX,,F,F,0,0
7/1/2026,3:48:13 PM,SPXW,ML/,50,52.33,,CALL,7550,0,261650,7/17/2026,WHITE,0,16,F,INDEX,,F,F,0,0
7/1/2026,11:08:01 AM,SPXW,ML/,88,10.02,,PUT,7420,0,88176,7/6/2026,WHITE,0,5,F,INDEX,,F,T,0,0
7/1/2026,11:09:16 AM,SPXW,ML/,62,10.57,,PUT,7420,0,65534,7/6/2026,WHITE,0,5,F,INDEX,,F,T,0,0
7/1/2026,2:30:22 PM,SPXW,ML/,800,10.37,,PUT,7420,0,829600,7/6/2026,WHITE,0,5,F,INDEX,,F,T,0,0
7/1/2026,9:32:40 AM,SPX,ML/,279,0.48,,CALL,7950,0,13391,7/17/2026,WHITE,0,16,F,INDEX,,F,F,0,0
7/1/2026,10:00:29 AM,SPX,ML/,300,0.5,,CALL,7950,0,15000,7/17/2026,WHITE,0,16,F,INDEX,,F,F,0,0
7/1/2026,10:01:02 AM,SPX,ML/,333,0.48,,CALL,7950,0,15984,7/17/2026,WHITE,0,16,F,INDEX,,F,F,0,0
7/1/2026,10:10:57 AM,SPX,ML/,194,0.53,,CALL,7950,0,10282,7/17/2026,WHITE,0,16,F,INDEX,,F,F,0,0
7/1/2026,10:29:46 AM,VIX,ML/,125,1.29,,PUT,18,0,16125,7/22/2026,WHITE,0,21,F,INDEX,,F,T,0,0
7/1/2026,10:32:00 AM,VIX,ML/,125,1.29,,PUT,18,0,16125,7/22/2026,WHITE,0,21,F,INDEX,,F,T,0,0
7/1/2026,10:34:12 AM,VIX,ML/,125,1.29,,PUT,18,0,16125,7/22/2026,WHITE,0,21,F,INDEX,,F,T,0,0
7/1/2026,10:34:13 AM,VIX,ML/,375,1.29,,PUT,18,0,48375,7/22/2026,WHITE,0,21,F,INDEX,,F,T,0,0
7/1/2026,1:42:49 PM,VIX,ML/,160,1.27,,PUT,18,0,20320,7/22/2026,WHITE,0,21,F,INDEX,,F,T,0,0
7/1/2026,1:42:15 PM,VIX,ML/,140,1.26,,PUT,18,0,17640,7/22/2026,WHITE,0,21,F,INDEX,,F,T,0,0
7/1/2026,1:41:59 PM,VIX,ML/,480,1.25,,PUT,18,0,60000,7/22/2026,WHITE,0,21,F,INDEX,,F,T,0,0
7/1/2026,10:34:18 AM,VIX,ML/,80,1.29,,PUT,18,0,10320,7/22/2026,WHITE,0,21,F,INDEX,,F,T,0,0
7/1/2026,1:49:47 PM,VIX,ML/,2200,1.22,,PUT,18,0,268400,7/22/2026,WHITE,0,21,F,INDEX,,F,T,0,0
7/1/2026,10:35:33 AM,VIX,ML/,170,1.28,,PUT,18,0,21760,7/22/2026,WHITE,0,21,F,INDEX,,F,T,0,0
7/1/2026,3:35:21 PM,VIX,ML/,1890,1.3,,PUT,18,0,245700,7/22/2026,WHITE,0,21,F,INDEX,,F,T,0,0
7/1/2026,1:28:39 PM,VIX,ML/,561,1.23,,PUT,18,0,69003,7/22/2026,WHITE,0,21,F,INDEX,,F,T,0,0
7/1/2026,3:14:02 PM,VIX,BLOCK,100,1.25,,PUT,18,0,12500,7/22/2026,WHITE,0,21,F,INDEX,,F,T,0,0
7/1/2026,1:43:09 PM,VIX,ML/,140,1.26,,PUT,18,0,17640,7/22/2026,WHITE,0,21,F,INDEX,,F,T,0,0
7/1/2026,3:14:05 PM,SPXW,ML/,140,62.6,,PUT,7500,0,876400,7/15/2026,WHITE,0,14,F,INDEX,,F,T,0,0
7/1/2026,11:42:47 AM,SPXW,ML/,85,2.62,,PUT,7330,0,22270,7/6/2026,WHITE,0,5,F,INDEX,,F,T,0,0
7/1/2026,3:42:32 PM,SPXW,ML/,150,13.75,,PUT,6550,0,206250,8/14/2026,WHITE,0,44,F,INDEX,,F,T,0,0
7/1/2026,3:42:57 PM,SPXW,ML/,50,13.75,,PUT,6550,0,68750,8/14/2026,WHITE,0,44,F,INDEX,,F,T,0,0
7/1/2026,10:33:43 AM,SPXW,ML/,50,2.15,,PUT,7200,0,10750,7/7/2026,WHITE,0,6,F,INDEX,,F,T,0,0
7/1/2026,11:30:03 AM,VIX,BLOCK,960,1.15,,CALL,18.5,0,110400,7/22/2026,WHITE,0,21,F,INDEX,,F,T,0,0
7/1/2026,12:47:47 PM,SPX,ML/,990,27.94,,CALL,7625,0,2766060,7/17/2026,WHITE,0,16,F,INDEX,,F,F,0,0
7/1/2026,10:08:01 AM,VIX,ML/,400,2.15,,CALL,19,0,86000,8/19/2026,WHITE,0,49,F,INDEX,,F,T,0,0
7/1/2026,1:34:41 PM,VIX,ML/,50,2.2,,CALL,19,0,11000,8/19/2026,WHITE,0,49,F,INDEX,,F,T,0,0
7/1/2026,1:34:41 PM,VIX,ML/,500,2.21,,CALL,19,0,110500,8/19/2026,WHITE,0,49,F,INDEX,,F,T,0,0
7/1/2026,1:44:23 PM,VIX,ML/,500,2.21,,CALL,19,0,110500,8/19/2026,WHITE,0,49,F,INDEX,,F,T,0,0
7/1/2026,1:38:42 PM,VIX,ML/,250,2.15,,CALL,19,0,53750,8/19/2026,WHITE,0,49,F,INDEX,,F,T,0,0
7/1/2026,1:38:42 PM,VIX,ML/,400,2.16,,CALL,19,0,86400,8/19/2026,WHITE,0,49,F,INDEX,,F,T,0,0
7/1/2026,1:55:37 PM,VIX,ML/,100,2.21,,CALL,19,0,22100,8/19/2026,WHITE,0,49,F,INDEX,,F,T,0,0
7/1/2026,12:25:07 PM,VIX,ML/,4400,2.14,,CALL,19,0,941600,8/19/2026,WHITE,0,49,F,INDEX,,F,T,0,0
7/1/2026,1:44:17 PM,VIX,ML/,50,2.2,,CALL,19,0,11000,8/19/2026,WHITE,0,49,F,INDEX,,F,T,0,0
7/1/2026,9:32:54 AM,SPX,ML/,100,66.5,,CALL,7700,0,665000,8/21/2026,WHITE,0,51,F,INDEX,,F,F,0,0
7/1/2026,9:33:19 AM,SPX,ML/,62,65.81,,CALL,7700,0,408022,8/21/2026,WHITE,0,51,F,INDEX,,F,F,0,0
7/1/2026,10:38:30 AM,SPX,ML/,500,72,,CALL,7700,0,3600000,8/21/2026,WHITE,0,51,F,INDEX,,F,F,0,0
7/1/2026,3:43:29 PM,SPX,ML/,400,72.25,,CALL,7700,0,2890000,8/21/2026,WHITE,0,51,F,INDEX,,F,F,0,0
7/1/2026,10:45:40 AM,SPX,BLOCK,51,28.8,,PUT,7325,0,146880,7/17/2026,WHITE,0,16,F,INDEX,,F,F,0,0
7/1/2026,12:38:53 PM,SPX,ML/,200,22.77,,PUT,7325,0,455400,7/17/2026,WHITE,0,16,F,INDEX,,F,F,0,0
7/1/2026,12:20:07 PM,XSP,ML/,60,1.99,,PUT,703,0,11940,7/31/2026,WHITE,0,30,F,INDEX,,F,T,0,0
7/1/2026,10:22:30 AM,VIX,BLOCK,480,2.02,,PUT,19,0,96960,7/22/2026,WHITE,0,21,F,INDEX,,F,T,0,0
7/1/2026,3:41:43 PM,VIX,ML/,250,2.01,,PUT,19,0,50249,7/22/2026,WHITE,0,21,F,INDEX,,F,T,0,0
7/1/2026,9:57:06 AM,SPXW,ML/,90,37.07,,PUT,7425,0,333630,7/10/2026,WHITE,0,9,F,INDEX,,F,T,0,0
7/1/2026,9:34:48 AM,XSP,BLOCK,50,6.1,,PUT,747,0,30500,7/9/2026,WHITE,0,8,F,INDEX,,F,T,0,0
7/1/2026,11:21:13 AM,XSP,BLOCK,180,2.9,,PUT,747,0,52200,7/9/2026,WHITE,0,8,F,INDEX,,F,T,0,0
7/1/2026,1:12:24 PM,XSP,BLOCK,200,3.25,,PUT,747,0,65000,7/9/2026,WHITE,0,8,F,INDEX,,F,T,0,0
7/1/2026,10:13:02 AM,XSP,BLOCK,280,3.8,,PUT,747,0,106400,7/9/2026,WHITE,0,8,F,INDEX,,F,T,0,0
7/1/2026,11:29:32 AM,XSP,BLOCK,100,2.78,,PUT,747,0,27800,7/9/2026,WHITE,0,8,F,INDEX,,F,T,0,0
7/1/2026,12:15:46 PM,XSP,BLOCK,100,2.75,,PUT,747,0,27500,7/9/2026,WHITE,0,8,F,INDEX,,F,T,0,0
7/1/2026,1:59:38 PM,XSP,BLOCK,50,3.35,,PUT,747,0,16750,7/9/2026,WHITE,0,8,F,INDEX,,F,T,0,0
7/1/2026,3:52:33 PM,XSP,BLOCK,50,3.75,,PUT,747,0,18750,7/9/2026,WHITE,0,8,F,INDEX,,F,T,0,0
7/1/2026,3:58:38 PM,XSP,BLOCK,50,3.9,,PUT,747,0,19500,7/9/2026,WHITE,0,8,F,INDEX,,F,T,0,0
7/1/2026,4:00:53 PM,XSP,BLOCK,50,4.15,,PUT,747,0,20750,7/9/2026,WHITE,0,8,F,INDEX,,F,T,0,0
7/1/2026,4:56:12 PM,XSP,BLOCK,50,4.4,,PUT,747,0,22000,7/9/2026,WHITE,0,8,F,INDEX,,F,T,0,0
7/1/2026,10:52:31 AM,SPXW,ML/,60,2.37,,CALL,7680,0,14220,7/10/2026,WHITE,0,9,F,INDEX,,F,T,0,0
7/1/2026,3:16:15 PM,SPXW,ML/,57,2.12,,CALL,7680,0,12084,7/10/2026,WHITE,0,9,F,INDEX,,F,T,0,0
7/1/2026,3:39:33 PM,SPXW,ML/,56,4.6,,CALL,8000,0,25759,8/7/2026,WHITE,0,37,F,INDEX,,F,T,0,0
7/1/2026,3:39:33 PM,SPXW,ML/,56,4.6,,CALL,8000,0,25759,8/7/2026,WHITE,0,37,F,INDEX,,F,T,0,0
7/1/2026,9:41:31 AM,VIX,ML/,80,5.2,,CALL,16,0,41600,11/18/2026,WHITE,0,140,F,INDEX,,F,T,0,0
7/1/2026,3:27:15 PM,SPXW,ML/,200,6.9,,PUT,7250,0,138000,7/10/2026,WHITE,0,9,F,INDEX,,F,T,0,0
7/1/2026,3:12:43 PM,SPXW,ML/,72,30.59,,PUT,7350,0,220248,7/17/2026,WHITE,0,16,F,INDEX,,F,F,0,0
7/1/2026,3:19:34 PM,SPXW,ML/,333,30.4,,PUT,7350,0,1012319,7/17/2026,WHITE,0,16,F,INDEX,,F,F,0,0
7/1/2026,10:10:20 AM,SPXW,ML/,60,42.44,,PUT,7500,0,254639,7/7/2026,WHITE,0,6,F,INDEX,,F,T,0,0
7/1/2026,9:34:21 AM,SPXW,ML/,1000,0.55,,PUT,7125,0,55000,7/2/2026,WHITE,0,1,F,INDEX,,F,T,0,0
7/1/2026,10:26:29 AM,SPXW,ML/,500,0.22,,PUT,7125,0,11000,7/2/2026,WHITE,0,1,F,INDEX,,F,T,0,0
7/1/2026,9:34:22 AM,SPXW,ML/,1985,0.55,,PUT,7125,0,109175,7/2/2026,WHITE,0,1,F,INDEX,,F,T,0,0
7/1/2026,9:37:47 AM,SPXW,ML/,100,1.83,,PUT,7075,0,18300,7/7/2026,WHITE,0,6,F,INDEX,,F,T,0,0
7/1/2026,3:10:23 PM,SPXW,ML/,106,2.11,,PUT,6000,0,22366,7/27/2026,WHITE,0,26,F,INDEX,,F,T,0,0
7/1/2026,3:35:20 PM,SPXW,ML/,106,2.11,,PUT,6000,0,22366,7/27/2026,WHITE,0,26,F,INDEX,,F,T,0,0
7/1/2026,3:10:58 PM,SPXW,ML/,106,2.2,,PUT,6000,0,23320,7/27/2026,WHITE,0,26,F,INDEX,,F,T,0,0
7/1/2026,2:42:10 PM,SPX,ML/,1000,574.24,,CALL,7000,0,57424000,8/21/2026,WHITE,0,51,F,INDEX,,F,F,0,0
7/1/2026,10:59:22 AM,SPX,ML/,425,567.68,,CALL,7000,0,24126399,8/21/2026,WHITE,0,51,F,INDEX,,F,F,0,0
7/1/2026,11:48:11 AM,SPX,ML/,1500,587.64,,CALL,7000,0,88146000,8/21/2026,WHITE,0,51,F,INDEX,,F,F,0,0
7/1/2026,2:44:17 PM,SPX,ML/,500,574.24,,CALL,7000,0,28712000,8/21/2026,WHITE,0,51,F,INDEX,,F,F,0,0
7/1/2026,11:29:36 AM,SPXW,ML/,60,4.4,,PUT,7180,0,26400,7/10/2026,WHITE,0,9,F,INDEX,,F,T,0,0
7/1/2026,12:41:21 PM,SPXW,ML/,125,4.1,,PUT,7180,0,51249,7/10/2026,WHITE,0,9,F,INDEX,,F,T,0,0
7/1/2026,3:41:43 PM,VIX,ML/,250,1.02,,CALL,19,0,25500,7/22/2026,WHITE,0,21,F,INDEX,,F,T,0,0
7/1/2026,2:02:22 PM,SPXW,SWEEP,63,2.65,,PUT,7200,0,16695,7/8/2026,WHITE,0,7,F,INDEX,,F,T,0,0
7/1/2026,11:04:55 AM,VIXW,BLOCK,100,1.65,,CALL,16,0,16500,7/8/2026,WHITE,0,7,F,INDEX,,F,T,0,0
7/1/2026,12:51:50 PM,VIXW,BLOCK,100,1.68,,CALL,16,0,16800,7/8/2026,WHITE,0,7,F,INDEX,,F,T,0,0
7/1/2026,11:03:25 AM,SPXW,ML/,50,2.81,,PUT,7250,0,14050,7/7/2026,WHITE,0,6,F,INDEX,,F,T,0,0
7/1/2026,11:18:11 AM,SPXW,ML/,50,2.27,,PUT,7250,0,11350,7/7/2026,WHITE,0,6,F,INDEX,,F,T,0,0
7/1/2026,4:16:47 PM,SPXW,BLOCK,150,3.2,,PUT,7250,0,48000,7/7/2026,WHITE,0,6,F,INDEX,,F,T,0,0
7/1/2026,12:27:58 PM,XSP,ML/,72,3.05,,PUT,715,0,21960,8/3/2026,WHITE,0,33,F,INDEX,,F,T,0,0
7/1/2026,9:51:31 AM,SPX,ML/,50,90.6,,CALL,7460,0,453000,7/17/2026,WHITE,0,16,F,INDEX,,F,F,0,0
7/1/2026,9:52:01 AM,SPX,ML/,100,90.6,,CALL,7460,0,906000,7/17/2026,WHITE,0,16,F,INDEX,,F,F,0,0
7/1/2026,12:51:24 PM,SPXW,BLOCK,76,20.6,,CALL,8000,0,156560,8/31/2026,WHITE,0,61,F,INDEX,,F,T,0,0
7/1/2026,9:51:51 AM,SPXW,ML/,136,2.2,,PUT,7090,0,29920,7/8/2026,WHITE,0,7,F,INDEX,,F,T,0,0
7/1/2026,9:38:09 AM,SPX,ML/,360,76.06,,PUT,7200,0,2738160,8/21/2026,WHITE,0,51,F,INDEX,,F,F,0,0
7/1/2026,9:38:09 AM,SPX,ML/,196,76.07,,PUT,7200,0,1490972,8/21/2026,WHITE,0,51,F,INDEX,,F,F,0,0
7/1/2026,9:51:44 AM,SPX,ML/,800,72.3,,PUT,7200,0,5784000,8/21/2026,WHITE,0,51,F,INDEX,,F,F,0,0
7/1/2026,9:52:31 AM,SPX,ML/,400,71.37,,PUT,7200,0,2854800,8/21/2026,WHITE,0,51,F,INDEX,,F,F,0,0
7/1/2026,2:15:18 PM,SPXW,ML/,50,7.63,,PUT,7325,0,38150,7/8/2026,WHITE,0,7,F,INDEX,,F,T,0,0
7/1/2026,4:14:46 PM,SPXW,BLOCK,1600,0.1,,PUT,6940,0,16000,7/2/2026,WHITE,0,1,F,INDEX,,F,T,0,0
7/1/2026,10:30:13 AM,SPX,ML/,50,36.77,,PUT,7380,0,183850,7/17/2026,WHITE,0,16,F,INDEX,,F,F,0,0
7/1/2026,10:30:14 AM,SPX,ML/,50,36.67,,PUT,7380,0,183350,7/17/2026,WHITE,0,16,F,INDEX,,F,F,0,0
7/1/2026,10:36:28 AM,SPX,ML/,50,38.25,,PUT,7380,0,191250,7/17/2026,WHITE,0,16,F,INDEX,,F,F,0,0
7/1/2026,10:36:30 AM,SPX,ML/,50,38.04,,PUT,7380,0,190200,7/17/2026,WHITE,0,16,F,INDEX,,F,F,0,0
7/1/2026,9:34:19 AM,SPX,ML/,200,26.05,,PUT,7250,0,521000,7/17/2026,WHITE,0,16,F,INDEX,,F,F,0,0
7/1/2026,9:35:57 AM,SPX,ML/,60,28.02,,PUT,7250,0,168120,7/17/2026,WHITE,0,16,F,INDEX,,F,F,0,0
7/1/2026,3:58:42 PM,SPX,BLOCK,50,19,,PUT,7250,0,95000,7/17/2026,WHITE,0,16,F,INDEX,,F,F,0,0
7/1/2026,12:43:56 PM,SPX,ML/,100,15.79,,PUT,7250,0,157900,7/17/2026,WHITE,0,16,F,INDEX,,F,F,0,0
7/1/2026,12:59:19 PM,SPX,ML/,100,17.23,,PUT,7250,0,172300,7/17/2026,WHITE,0,16,F,INDEX,,F,F,0,0
7/1/2026,10:07:47 AM,SPXW,ML/,50,4.57,,PUT,7240,0,22850,7/8/2026,WHITE,0,7,F,INDEX,,F,T,0,0
7/1/2026,3:10:57 PM,SPXW,ML/,1732,0.5,,PUT,7310,0,86600,7/2/2026,WHITE,0,1,F,INDEX,,F,T,0,0
7/1/2026,3:10:23 PM,SPXW,ML/,1732,0.52,,PUT,7310,0,90064,7/2/2026,WHITE,0,1,F,INDEX,,F,T,0,0
7/1/2026,3:48:37 PM,SPXW,BLOCK,250,0.5,,PUT,7310,0,12500,7/2/2026,WHITE,0,1,F,INDEX,,F,T,0,0
7/1/2026,3:35:18 PM,SPXW,ML/,1732,0.52,,PUT,7310,0,90064,7/2/2026,WHITE,0,1,F,INDEX,,F,T,0,0
7/1/2026,2:15:36 PM,SPXW,ML/,60,17.67,,PUT,7100,0,106020,7/24/2026,WHITE,0,23,F,INDEX,,F,T,0,0
7/1/2026,10:28:30 AM,SPX,ML/,150,35.6,,CALL,8000,0,534000,9/18/2026,WHITE,0,79,F,INDEX,,F,F,0,0
7/1/2026,10:32:20 AM,SPX,ML/,75,34.45,,CALL,8000,0,258375,9/18/2026,WHITE,0,79,F,INDEX,,F,F,0,0
7/1/2026,10:59:52 AM,SPX,ML/,280,35.2,,CALL,8000,0,985600,9/18/2026,WHITE,0,79,F,INDEX,,F,F,0,0
7/1/2026,10:28:30 AM,SPX,ML/,50,35.6,,CALL,8000,0,178000,9/18/2026,WHITE,0,79,F,INDEX,,F,F,0,0
7/1/2026,10:58:28 AM,SPX,ML/,420,35.5,,CALL,8000,0,1491000,9/18/2026,WHITE,0,79,F,INDEX,,F,F,0,0
7/1/2026,11:14:04 AM,SPX,ML/,280,35.2,,CALL,8000,0,985600,9/18/2026,WHITE,0,79,F,INDEX,,F,F,0,0
7/1/2026,11:14:08 AM,SPX,ML/,280,37.29,,CALL,8000,0,1044119,9/18/2026,WHITE,0,79,F,INDEX,,F,F,0,0
7/1/2026,1:04:35 PM,SPX,ML/,54,37.9,,CALL,8000,0,204660,9/18/2026,WHITE,0,79,F,INDEX,,F,F,0,0
7/1/2026,1:06:51 PM,SPX,ML/,69,37.3,,CALL,8000,0,257369,9/18/2026,WHITE,0,79,F,INDEX,,F,F,0,0
7/1/2026,2:11:04 PM,SPX,ML/,300,37.04,,CALL,8000,0,1111200,9/18/2026,WHITE,0,79,F,INDEX,,F,F,0,0
7/1/2026,3:20:57 PM,SPXW,ML/,1800,0.7,,PUT,7090,0,126000,7/7/2026,WHITE,0,6,F,INDEX,,F,T,0,0
7/1/2026,2:41:48 PM,RUTW,ML/,50,2.13,,PUT,2970,0,10650,7/2/2026,WHITE,0,1,F,INDEX,,F,T,0,0
7/1/2026,3:41:58 PM,RUTW,ML/,50,2.38,,PUT,2970,0,11900,7/2/2026,WHITE,0,1,F,INDEX,,F,T,0,0
7/1/2026,9:48:47 AM,SPXW,ML/,414,133.89,,CALL,7695,0,5543045,9/30/2026,WHITE,0,91,F,INDEX,,F,T,0,0
7/1/2026,11:33:23 AM,XSP,ML/,60,4.11,,PUT,710,0,24660,8/14/2026,WHITE,0,44,F,INDEX,,F,T,0,0
7/1/2026,1:12:17 PM,XSP,BLOCK,66,3.8,,PUT,705,0,25080,8/14/2026,WHITE,0,44,F,INDEX,,F,T,0,0
7/1/2026,11:29:06 AM,SPXW,ML/,50,5.1,,PUT,7350,0,25499,7/7/2026,WHITE,0,6,F,INDEX,,F,T,0,0
7/1/2026,12:29:14 PM,SPXW,ML/,50,5.1,,PUT,7350,0,25500,7/7/2026,WHITE,0,6,F,INDEX,,F,T,0,0
7/1/2026,2:06:26 PM,SPXW,ML/,52,6.55,,PUT,7350,0,34060,7/7/2026,WHITE,0,6,F,INDEX,,F,T,0,0
7/1/2026,4:16:47 PM,SPXW,BLOCK,150,9.05,,PUT,7350,0,135750,7/7/2026,WHITE,0,6,F,INDEX,,F,T,0,0
7/1/2026,10:11:17 AM,SPXW,ML/,69,62.73,,PUT,7100,0,432837,8/31/2026,WHITE,0,61,F,INDEX,,F,T,0,0
7/1/2026,10:06:43 AM,SPX,ML/,100,53.27,,PUT,6200,0,532700,11/20/2026,WHITE,0,142,F,INDEX,,F,F,0,0
7/1/2026,1:11:10 PM,SPX,ML/,100,53.79,,PUT,6200,0,537900,11/20/2026,WHITE,0,142,F,INDEX,,F,F,0,0
7/1/2026,10:42:35 AM,SPXW,ML/,50,17.55,,CALL,7655,0,87750,7/17/2026,WHITE,0,16,F,INDEX,,F,F,0,0
7/1/2026,10:22:03 AM,RUTW,BLOCK,115,3.1,,PUT,3030,0,35650,7/1/2026,WHITE,0,0,F,INDEX,,F,T,0,0
7/1/2026,9:57:30 AM,RUTW,BLOCK,100,11.1,,PUT,3030,0,111000,7/1/2026,WHITE,0,0,F,INDEX,,F,T,0,0
7/1/2026,1:04:19 PM,SPX,ML/,750,50.23,,PUT,7450,0,3767250,7/17/2026,WHITE,0,16,F,INDEX,,F,F,0,0
7/1/2026,1:27:39 PM,SPX,ML/,100,50.23,,PUT,7450,0,502300,7/17/2026,WHITE,0,16,F,INDEX,,F,F,0,0
7/1/2026,1:27:40 PM,SPX,ML/,50,50.23,,PUT,7450,0,251150,7/17/2026,WHITE,0,16,F,INDEX,,F,F,0,0
7/1/2026,1:27:41 PM,SPX,ML/,100,50.23,,PUT,7450,0,502300,7/17/2026,WHITE,0,16,F,INDEX,,F,F,0,0
7/1/2026,1:27:43 PM,SPX,ML/,50,50.23,,PUT,7450,0,251150,7/17/2026,WHITE,0,16,F,INDEX,,F,F,0,0
7/1/2026,1:27:43 PM,SPX,ML/,50,50.23,,PUT,7450,0,251150,7/17/2026,WHITE,0,16,F,INDEX,,F,F,0,0
7/1/2026,1:27:45 PM,SPX,ML/,100,50.23,,PUT,7450,0,502300,7/17/2026,WHITE,0,16,F,INDEX,,F,F,0,0
7/1/2026,1:27:46 PM,SPX,ML/,100,50.23,,PUT,7450,0,502300,7/17/2026,WHITE,0,16,F,INDEX,,F,F,0,0
7/1/2026,1:08:42 PM,SPX,ML/,80,53,,PUT,7450,0,424000,7/17/2026,WHITE,0,16,F,INDEX,,F,F,0,0
7/1/2026,9:55:56 AM,SPX,BLOCK,50,63,,PUT,7450,0,315000,7/17/2026,WHITE,0,16,F,INDEX,,F,F,0,0
7/1/2026,9:56:26 AM,SPX,BLOCK,50,63.2,,PUT,7450,0,316000,7/17/2026,WHITE,0,16,F,INDEX,,F,F,0,0
7/1/2026,11:03:53 AM,SPX,BLOCK,50,51.3,,PUT,7450,0,256500,7/17/2026,WHITE,0,16,F,INDEX,,F,F,0,0
7/1/2026,11:17:59 AM,SPX,BLOCK,50,48.4,,PUT,7450,0,242000,7/17/2026,WHITE,0,16,F,INDEX,,F,F,0,0
7/1/2026,11:18:03 AM,SPX,ML/,1150,48.77,,PUT,7450,0,5608550,7/17/2026,WHITE,0,16,F,INDEX,,F,F,0,0
7/1/2026,12:43:56 PM,SPX,ML/,50,46.68,,PUT,7450,0,233400,7/17/2026,WHITE,0,16,F,INDEX,,F,F,0,0
7/1/2026,12:59:19 PM,SPX,ML/,50,49.86,,PUT,7450,0,249300,7/17/2026,WHITE,0,16,F,INDEX,,F,F,0,0
7/1/2026,1:27:47 PM,SPX,ML/,200,50.23,,PUT,7450,0,1004600,7/17/2026,WHITE,0,16,F,INDEX,,F,F,0,0
7/1/2026,1:23:11 PM,SPX,ML/,675,48.59,,PUT,7450,0,3279825,7/17/2026,WHITE,0,16,F,INDEX,,F,F,0,0
7/1/2026,1:23:11 PM,SPX,ML/,75,48.6,,PUT,7450,0,364500,7/17/2026,WHITE,0,16,F,INDEX,,F,F,0,0
7/1/2026,2:32:42 PM,SPX,ML/,1500,51.4,,PUT,7450,0,7710000,7/17/2026,WHITE,0,16,F,INDEX,,F,F,0,0
7/1/2026,1:42:49 PM,XSP,BLOCK,58,5.29,,PUT,735,0,30682,7/29/2026,WHITE,0,28,F,INDEX,,F,T,0,0
7/1/2026,12:29:38 PM,SPXW,ML/,1000,0.87,,CALL,7640,0,87000,7/6/2026,WHITE,0,5,F,INDEX,,F,T,0,0
7/1/2026,9:36:19 AM,RUTW,BLOCK,60,9.56,,CALL,3020,0,57360,7/1/2026,WHITE,0,0,F,INDEX,,F,T,0,0
7/1/2026,10:09:06 AM,RUTW,ML/,100,23.43,,CALL,3020,0,234300,7/1/2026,WHITE,0,0,F,INDEX,,F,T,0,0
7/1/2026,3:06:08 PM,SPXW,ML/,240,63.38,,CALL,7575,0,1521120,7/24/2026,WHITE,0,23,F,INDEX,,F,T,0,0
7/1/2026,9:38:09 AM,SPX,ML/,556,15.47,,PUT,6400,0,860132,8/21/2026,WHITE,0,51,F,INDEX,,F,F,0,0
7/1/2026,11:20:18 AM,SPX,ML/,67,12.82,,PUT,6400,0,85894,8/21/2026,WHITE,0,51,F,INDEX,,F,F,0,0
7/1/2026,12:48:08 PM,SPX,ML/,65,12.62,,PUT,6400,0,82030,8/21/2026,WHITE,0,51,F,INDEX,,F,F,0,0
7/1/2026,10:11:37 AM,SPX,ML/,63,11.56,,PUT,6300,0,72828,8/21/2026,WHITE,0,51,F,INDEX,,F,F,0,0
7/1/2026,10:09:02 AM,SPX,ML/,51,11.55,,PUT,6300,0,58905,8/21/2026,WHITE,0,51,F,INDEX,,F,F,0,0
7/1/2026,11:20:18 AM,SPX,ML/,77,11.12,,PUT,6300,0,85623,8/21/2026,WHITE,0,51,F,INDEX,,F,F,0,0
7/1/2026,1:20:49 PM,SPX,ML/,92,11.45,,PUT,6300,0,105339,8/21/2026,WHITE,0,51,F,INDEX,,F,F,0,0
7/1/2026,3:02:55 PM,SPX,ML/,67,11.65,,PUT,6300,0,78055,8/21/2026,WHITE,0,51,F,INDEX,,F,F,0,0
7/1/2026,12:55:14 PM,SPX,ML/,100,247.81,,CALL,7400,0,2478100,8/21/2026,WHITE,0,51,F,INDEX,,F,F,0,0
7/1/2026,11:29:06 AM,SPXW,ML/,50,9.55,,PUT,7410,0,47750,7/7/2026,WHITE,0,6,F,INDEX,,F,T,0,0
7/1/2026,12:29:14 PM,SPXW,ML/,50,9.71,,PUT,7410,0,48550,7/7/2026,WHITE,0,6,F,INDEX,,F,T,0,0
7/1/2026,2:15:18 PM,SPXW,ML/,50,5.88,,PUT,7295,0,29400,7/8/2026,WHITE,0,7,F,INDEX,,F,T,0,0
7/1/2026,10:07:47 AM,SPXW,ML/,50,5.82,,PUT,7270,0,29100,7/8/2026,WHITE,0,7,F,INDEX,,F,T,0,0
7/1/2026,2:26:02 PM,RUTW,ML/,60,6.29,,CALL,3100,0,37740,7/10/2026,WHITE,0,9,F,INDEX,,F,T,0,0
7/1/2026,9:58:20 AM,SPX,ML/,80,162.35,,CALL,7600,0,1298800,9/18/2026,WHITE,0,79,F,INDEX,,F,F,0,0
7/1/2026,10:50:16 AM,SPX,ML/,56,171.44,,CALL,7600,0,960064,9/18/2026,WHITE,0,79,F,INDEX,,F,F,0,0
7/1/2026,11:36:51 AM,SPX,ML/,80,181.86,,CALL,7600,0,1454880,9/18/2026,WHITE,0,79,F,INDEX,,F,F,0,0
7/1/2026,11:38:04 AM,SPX,ML/,100,181.48,,CALL,7600,0,1814800,9/18/2026,WHITE,0,79,F,INDEX,,F,F,0,0
7/1/2026,1:19:17 PM,SPX,ML/,200,178.61,,CALL,7600,0,3572200,9/18/2026,WHITE,0,79,F,INDEX,,F,F,0,0
7/1/2026,2:11:04 PM,SPX,ML/,100,176.03,,CALL,7600,0,1760300,9/18/2026,WHITE,0,79,F,INDEX,,F,F,0,0
7/1/2026,2:11:04 PM,SPX,ML/,100,176.04,,CALL,7600,0,1760400,9/18/2026,WHITE,0,79,F,INDEX,,F,F,0,0
7/1/2026,2:52:46 PM,SPX,ML/,89,173.62,,CALL,7600,0,1545218,9/18/2026,WHITE,0,79,F,INDEX,,F,F,0,0
7/1/2026,10:24:48 AM,SPXW,ML/,80,2.56,,PUT,6200,0,20480,7/24/2026,WHITE,0,23,F,INDEX,,F,T,0,0
7/1/2026,9:45:11 AM,NDXP,ML/,100,6.35,,PUT,27800,0,63500,7/2/2026,WHITE,0,1,F,INDEX,,F,T,0,0
7/1/2026,3:04:18 PM,SPXW,BLOCK,100,2.7,,PUT,7265,0,27000,7/7/2026,WHITE,0,6,F,INDEX,,F,T,0,0
7/1/2026,11:25:26 AM,SPXW,ML/,100,2.08,,PUT,7245,0,20800,7/7/2026,WHITE,0,6,F,INDEX,,F,T,0,0
7/1/2026,3:09:18 PM,RUTW,ML/,60,24.6,,PUT,2930,0,147600,7/24/2026,WHITE,0,23,F,INDEX,,F,T,0,0
7/1/2026,2:28:51 PM,SPXW,ML/,1100,8.14,,CALL,8150,0,895400,8/31/2026,WHITE,0,61,F,INDEX,,F,T,0,0
7/1/2026,10:38:00 AM,SPXW,BLOCK,50,30,,CALL,7525,0,150000,7/8/2026,WHITE,0,7,F,INDEX,,F,T,0,0
7/1/2026,9:34:07 AM,SPX,ML/,60,225.86,,PUT,7200,0,1355160,1/15/2027,WHITE,0,198,F,INDEX,,F,F,0,0
7/1/2026,9:34:07 AM,SPX,ML/,60,502.01,,PUT,7925,0,3012060,1/15/2027,WHITE,0,198,F,INDEX,,F,F,0,0
7/1/2026,10:24:43 AM,VIX,ML/,1480,0.2,,CALL,65,0,29600,8/19/2026,WHITE,0,49,F,INDEX,,F,T,0,0
7/1/2026,10:35:08 AM,VIX,ML/,3000,0.23,,CALL,65,0,69000,8/19/2026,WHITE,0,49,F,INDEX,,F,T,0,0
7/1/2026,9:34:09 AM,VIX,BLOCK,130,5.75,,PUT,24,0,74750,12/16/2026,WHITE,0,168,F,INDEX,,F,T,0,0
7/1/2026,9:35:46 AM,VIX,BLOCK,90,5.75,,PUT,24,0,51750,12/16/2026,WHITE,0,168,F,INDEX,,F,T,0,0
7/1/2026,11:03:22 AM,NDXP,BLOCK,50,62.7,,CALL,30010,0,313500,7/1/2026,WHITE,0,0,F,INDEX,,F,T,0,0
7/1/2026,3:02:52 PM,NDXP,BLOCK,50,39,,CALL,29880,0,195000,7/1/2026,WHITE,0,0,F,INDEX,,F,T,0,0
7/1/2026,3:00:38 PM,NDXP,BLOCK,50,29.8,,CALL,29880,0,149000,7/1/2026,WHITE,0,0,F,INDEX,,F,T,0,0
7/1/2026,3:15:02 PM,SPXW,ML/,100,22.15,,PUT,7330,0,221500,7/15/2026,WHITE,0,14,F,INDEX,,F,T,0,0
7/1/2026,9:57:34 AM,SPX,BLOCK,50,100.7,,CALL,7450,0,503500,7/17/2026,WHITE,0,16,F,INDEX,,F,F,0,0
7/1/2026,10:10:14 AM,SPX,ML/,80,108.46,,CALL,7450,0,867679,7/17/2026,WHITE,0,16,F,INDEX,,F,F,0,0
7/1/2026,2:00:14 PM,SPXW,ML/,50,26,,CALL,7800,0,130000,8/7/2026,WHITE,0,37,F,INDEX,,F,T,0,0
7/1/2026,1:29:59 PM,SPX,ML/,58,65.44,,CALL,9000,0,379552,5/21/2027,WHITE,0,324,F,INDEX,,F,F,0,0
7/1/2026,3:25:12 PM,SPXW,ML/,60,35.09,,CALL,7540,0,210540,7/10/2026,WHITE,0,9,F,INDEX,,F,T,0,0
7/1/2026,12:06:18 PM,SPXW,ML/,70,9.1,,PUT,7310,0,63700,7/10/2026,WHITE,0,9,F,INDEX,,F,T,0,0
7/1/2026,12:51:35 PM,VIX,BLOCK,170,3.2,,PUT,20.5,0,54400,7/22/2026,WHITE,0,21,F,INDEX,,F,T,0,0
7/1/2026,1:49:47 PM,VIX,ML/,5000,0.55,,CALL,23,0,275000,7/22/2026,WHITE,0,21,F,INDEX,,F,T,0,0
7/1/2026,1:49:47 PM,VIX,ML/,5000,0.54,,CALL,23,0,270000,7/22/2026,WHITE,0,21,F,INDEX,,F,T,0,0
7/1/2026,3:16:52 PM,VIX,ML/,200,0.54,,CALL,23,0,10800,7/22/2026,WHITE,0,21,F,INDEX,,F,T,0,0
7/1/2026,1:12:12 PM,VIX,BLOCK,1000,0.58,,CALL,23,0,58000,7/22/2026,WHITE,0,21,F,INDEX,,F,T,0,0
7/1/2026,9:34:19 AM,SPX,ML/,200,100.75,,PUT,7150,0,2015000,9/18/2026,WHITE,0,79,F,INDEX,,F,F,0,0
7/1/2026,9:55:07 AM,SPX,ML/,172,196,,PUT,7520,0,3371200,9/18/2026,WHITE,0,79,F,INDEX,,F,F,0,0
7/1/2026,9:58:37 AM,SPX,ML/,128,197,,PUT,7520,0,2521600,9/18/2026,WHITE,0,79,F,INDEX,,F,F,0,0
7/1/2026,9:59:32 AM,SPX,ML/,201,197,,PUT,7520,0,3959700,9/18/2026,WHITE,0,79,F,INDEX,,F,F,0,0
7/1/2026,9:52:31 AM,SPX,ML/,120,200.02,,PUT,7520,0,2400240,9/18/2026,WHITE,0,79,F,INDEX,,F,F,0,0
7/1/2026,9:52:31 AM,SPX,ML/,260,200.03,,PUT,7520,0,5200780,9/18/2026,WHITE,0,79,F,INDEX,,F,F,0,0
7/1/2026,10:05:25 AM,SPX,ML/,52,193,,PUT,7520,0,1003600,9/18/2026,WHITE,0,79,F,INDEX,,F,F,0,0
7/1/2026,9:58:37 AM,SPX,ML/,128,207,,CALL,7520,0,2649600,9/18/2026,WHITE,0,79,F,INDEX,,F,F,0,0
7/1/2026,9:59:32 AM,SPX,ML/,201,207,,CALL,7520,0,4160700,9/18/2026,WHITE,0,79,F,INDEX,,F,F,0,0
7/1/2026,9:52:31 AM,SPX,ML/,380,203.89,,CALL,7520,0,7747820,9/18/2026,WHITE,0,79,F,INDEX,,F,F,0,0
7/1/2026,9:55:07 AM,SPX,ML/,184,208,,CALL,7520,0,3827200,9/18/2026,WHITE,0,79,F,INDEX,,F,F,0,0
7/1/2026,10:05:25 AM,SPX,ML/,52,210,,CALL,7520,0,1092000,9/18/2026,WHITE,0,79,F,INDEX,,F,F,0,0
7/1/2026,2:06:28 PM,SPXW,ML/,50,38.96,,PUT,7535,0,194800,7/2/2026,WHITE,0,1,F,INDEX,,F,T,0,0
7/1/2026,11:45:07 AM,SPXW,ML/,1000,0.73,,CALL,7645,0,73000,7/6/2026,WHITE,0,5,F,INDEX,,F,T,0,0
7/1/2026,12:29:38 PM,SPXW,ML/,1000,0.72,,CALL,7645,0,72000,7/6/2026,WHITE,0,5,F,INDEX,,F,T,0,0
7/1/2026,1:14:45 PM,SPXW,ML/,500,0.43,,CALL,7645,0,21500,7/6/2026,WHITE,0,5,F,INDEX,,F,T,0,0
7/1/2026,11:22:05 AM,SPX,ML/,50,7.8,,CALL,7725,0,39000,7/17/2026,WHITE,0,16,F,INDEX,,F,F,0,0
7/1/2026,10:50:46 AM,SPX,ML/,75,5.75,,CALL,7725,0,43125,7/17/2026,WHITE,0,16,F,INDEX,,F,F,0,0
7/1/2026,2:21:35 PM,SPX,ML/,84,6.05,,CALL,7725,0,50820,7/17/2026,WHITE,0,16,F,INDEX,,F,F,0,0
7/1/2026,11:14:52 AM,SPX,BLOCK,70,7.1,,CALL,7725,0,49700,7/17/2026,WHITE,0,16,F,INDEX,,F,F,0,0
7/1/2026,11:22:12 AM,SPX,ML/,50,7.85,,CALL,7725,0,39250,7/17/2026,WHITE,0,16,F,INDEX,,F,F,0,0
7/1/2026,3:05:06 PM,SPX,ML/,50,5.95,,CALL,7725,0,29750,7/17/2026,WHITE,0,16,F,INDEX,,F,F,0,0
7/1/2026,11:02:31 AM,VIX,ML/,80,1.5,,CALL,22,0,12000,8/19/2026,WHITE,0,49,F,INDEX,,F,T,0,0
7/1/2026,3:36:28 PM,VIX,ML/,300,1.51,,CALL,22,0,45300,8/19/2026,WHITE,0,49,F,INDEX,,F,T,0,0
7/1/2026,12:34:12 PM,VIX,BLOCK,100,1.47,,CALL,22,0,14700,8/19/2026,WHITE,0,49,F,INDEX,,F,T,0,0
7/1/2026,2:59:01 PM,VIX,ML/,100,1.56,,CALL,22,0,15600,8/19/2026,WHITE,0,49,F,INDEX,,F,T,0,0
7/1/2026,12:01:48 PM,SPXW,BLOCK,4992,0.05,,CALL,7675,0,24960,7/1/2026,WHITE,0,0,F,INDEX,,F,T,0,0
7/1/2026,10:34:13 AM,VIX,ML/,750,0.27,,PUT,16,0,20250,7/22/2026,WHITE,0,21,F,INDEX,,F,T,0,0
7/1/2026,1:47:15 PM,VIX,ML/,1500,0.26,,PUT,16,0,39000,7/22/2026,WHITE,0,21,F,INDEX,,F,T,0,0
7/1/2026,1:28:39 PM,VIX,ML/,3300,0.25,,PUT,16,0,82500,7/22/2026,WHITE,0,21,F,INDEX,,F,T,0,0
7/1/2026,2:11:19 PM,VIX,ML/,1500,0.25,,PUT,16,0,37500,7/22/2026,WHITE,0,21,F,INDEX,,F,T,0,0
7/1/2026,4:05:14 PM,SPXW,ML/,200,2.6,,PUT,7290,0,52000,7/6/2026,WHITE,0,5,F,INDEX,,F,T,0,0
7/1/2026,4:05:41 PM,SPXW,ML/,240,2.6,,PUT,7290,0,62400,7/6/2026,WHITE,0,5,F,INDEX,,F,T,0,0
7/1/2026,12:36:32 PM,SPXW,ML/,343,64.88,,PUT,7400,0,2225383,7/30/2026,WHITE,0,29,F,INDEX,,F,T,0,0
7/1/2026,12:36:34 PM,SPXW,ML/,138,64.84,,PUT,7400,0,894792,7/30/2026,WHITE,0,29,F,INDEX,,F,T,0,0
7/1/2026,12:36:34 PM,SPXW,ML/,138,64.84,,PUT,7400,0,894792,7/30/2026,WHITE,0,29,F,INDEX,,F,T,0,0
7/1/2026,12:36:25 PM,SPXW,ML/,56,64.86,,PUT,7400,0,363216,7/30/2026,WHITE,0,29,F,INDEX,,F,T,0,0
7/1/2026,12:36:32 PM,SPXW,ML/,178,64.88,,PUT,7400,0,1154864,7/30/2026,WHITE,0,29,F,INDEX,,F,T,0,0
7/1/2026,12:36:36 PM,SPXW,ML/,66,64.93,,PUT,7400,0,428538,7/30/2026,WHITE,0,29,F,INDEX,,F,T,0,0
7/1/2026,11:22:40 AM,SPX,ML/,100,5.27,,PUT,3200,0,52700,12/18/2026,WHITE,0,170,F,INDEX,,F,F,0,0
7/1/2026,9:34:55 AM,SPXW,ML/,200,1.08,,PUT,6100,0,21600,7/15/2026,WHITE,0,14,F,INDEX,,F,T,0,0
7/1/2026,11:45:17 AM,SPX,ML/,113,80.63,,PUT,6400,0,911118,12/18/2026,WHITE,0,170,F,INDEX,,F,F,0,0
7/1/2026,10:06:25 AM,SPXW,ML/,100,2.95,,PUT,6700,0,29500,7/17/2026,WHITE,0,16,F,INDEX,,F,F,0,0
7/1/2026,10:06:25 AM,SPXW,ML/,150,2.95,,PUT,6700,0,44250,7/17/2026,WHITE,0,16,F,INDEX,,F,F,0,0
7/1/2026,1:17:08 PM,SPXW,ML/,156,46.53,,PUT,7040,0,725868,8/21/2026,WHITE,0,51,F,INDEX,,F,F,0,0
7/1/2026,4:36:10 PM,SPXW,BLOCK,100,36.7,,CALL,7470,0,367000,7/6/2026,WHITE,0,5,F,INDEX,,F,T,0,0
7/1/2026,4:39:35 PM,SPXW,BLOCK,100,37.3,,CALL,7470,0,372999,7/6/2026,WHITE,0,5,F,INDEX,,F,T,0,0
7/1/2026,9:45:00 AM,SPX,ML/,91,91.64,,PUT,7495,0,833924,7/17/2026,WHITE,0,16,F,INDEX,,F,F,0,0
7/1/2026,10:27:59 AM,SPXW,BLOCK,50,15.9,,CALL,7550,0,79500,7/7/2026,WHITE,0,6,F,INDEX,,F,T,0,0
7/1/2026,3:18:59 PM,SPXW,ML/,50,109.56,,CALL,7425,0,547800,7/10/2026,WHITE,0,9,F,INDEX,,F,T,0,0
7/1/2026,11:42:47 AM,SPXW,ML/,85,7,,PUT,7270,0,59500,7/10/2026,WHITE,0,9,F,INDEX,,F,T,0,0
7/1/2026,11:10:12 AM,SPXW,ML/,50,2.74,,PUT,7080,0,13700,7/10/2026,WHITE,0,9,F,INDEX,,F,T,0,0
7/1/2026,10:50:51 AM,SPXW,ML/,60,50.15,,PUT,7375,0,300900,7/23/2026,WHITE,0,22,F,INDEX,,F,T,0,0
7/1/2026,12:21:40 PM,SPXW,ML/,60,16.48,,PUT,7390,0,98880,7/10/2026,WHITE,0,9,F,INDEX,,F,T,0,0
7/1/2026,9:34:55 AM,SPXW,ML/,120,1.25,,PUT,6200,0,15000,7/15/2026,WHITE,0,14,F,INDEX,,F,T,0,0
7/1/2026,9:34:55 AM,SPXW,ML/,100,1.87,,PUT,6250,0,18700,7/17/2026,WHITE,0,16,F,INDEX,,F,F,0,0
7/1/2026,10:05:37 AM,RUTW,ML/,75,6.92,,PUT,2710,0,51900,7/31/2026,WHITE,0,30,F,INDEX,,F,T,0,0
7/1/2026,10:35:37 AM,SPX,ML/,50,175.06,,PUT,7100,0,875300,12/18/2026,WHITE,0,170,F,INDEX,,F,F,0,0
7/1/2026,12:30:45 PM,SPX,ML/,250,168.19,,PUT,7100,0,4204750,12/18/2026,WHITE,0,170,F,INDEX,,F,F,0,0
7/1/2026,1:00:36 PM,SPX,ML/,100,477.21,,CALL,7600,0,4772100,3/19/2027,WHITE,0,261,F,INDEX,,F,F,0,0
7/1/2026,1:00:36 PM,SPX,ML/,150,477.22,,CALL,7600,0,7158300,3/19/2027,WHITE,0,261,F,INDEX,,F,F,0,0
7/1/2026,9:36:30 AM,XSP,BLOCK,200,2.8,,CALL,751,0,56000,7/8/2026,WHITE,0,7,F,INDEX,,F,T,0,0
7/1/2026,9:55:16 AM,XSP,BLOCK,200,3.2,,CALL,751,0,64000,7/8/2026,WHITE,0,7,F,INDEX,,F,T,0,0
7/1/2026,10:05:48 AM,XSP,BLOCK,100,3.45,,CALL,751,0,34500,7/8/2026,WHITE,0,7,F,INDEX,,F,T,0,0
7/1/2026,10:08:13 AM,XSP,BLOCK,100,3.65,,CALL,751,0,36500,7/8/2026,WHITE,0,7,F,INDEX,,F,T,0,0
7/1/2026,10:13:41 AM,XSP,BLOCK,100,3.8,,CALL,751,0,38000,7/8/2026,WHITE,0,7,F,INDEX,,F,T,0,0
7/1/2026,10:20:34 AM,XSP,BLOCK,50,3.9,,CALL,751,0,19500,7/8/2026,WHITE,0,7,F,INDEX,,F,T,0,0
7/1/2026,1:13:29 PM,XSP,BLOCK,300,4.2,,CALL,751,0,126000,7/8/2026,WHITE,0,7,F,INDEX,,F,T,0,0
7/1/2026,9:35:08 AM,SPX,ML/,75,50.93,,PUT,7375,0,381975,7/17/2026,WHITE,0,16,F,INDEX,,F,F,0,0
7/1/2026,9:58:56 AM,SPX,ML/,200,46.42,,PUT,7375,0,928400,7/17/2026,WHITE,0,16,F,INDEX,,F,F,0,0
7/1/2026,10:32:39 AM,SPX,ML/,50,36.93,,PUT,7375,0,184650,7/17/2026,WHITE,0,16,F,INDEX,,F,F,0,0
7/1/2026,12:30:45 PM,SPX,ML/,250,29.76,,PUT,7375,0,744000,7/17/2026,WHITE,0,16,F,INDEX,,F,F,0,0
7/1/2026,1:12:10 PM,SPX,ML/,50,33.26,,PUT,7375,0,166300,7/17/2026,WHITE,0,16,F,INDEX,,F,F,0,0
7/1/2026,3:21:08 PM,SPX,ML/,100,33.07,,PUT,7375,0,330700,7/17/2026,WHITE,0,16,F,INDEX,,F,F,0,0
7/1/2026,9:35:08 AM,SPX,ML/,75,65.58,,PUT,7425,0,491850,7/17/2026,WHITE,0,16,F,INDEX,,F,F,0,0
7/1/2026,10:11:29 AM,SPX,ML/,120,47.69,,PUT,7425,0,572280,7/17/2026,WHITE,0,16,F,INDEX,,F,F,0,0
7/1/2026,2:01:15 PM,SPX,ML/,150,43.8,,PUT,7425,0,657000,7/17/2026,WHITE,0,16,F,INDEX,,F,F,0,0
7/1/2026,9:39:21 AM,VIXW,ML/,50,3.05,,CALL,15,0,15250,7/8/2026,WHITE,0,7,F,INDEX,,F,T,0,0
7/1/2026,10:16:03 AM,SPXW,ML/,81,41.17,,PUT,7390,0,333477,7/17/2026,WHITE,0,16,F,INDEX,,F,F,0,0
7/1/2026,10:18:49 AM,SPXW,ML/,110,41.51,,PUT,7390,0,456610,7/17/2026,WHITE,0,16,F,INDEX,,F,F,0,0
7/1/2026,10:13:09 AM,SPXW,ML/,74,41.16,,PUT,7390,0,304583,7/17/2026,WHITE,0,16,F,INDEX,,F,F,0,0
7/1/2026,10:16:05 AM,SPXW,ML/,394,41.17,,PUT,7390,0,1622098,7/17/2026,WHITE,0,16,F,INDEX,,F,F,0,0
7/1/2026,10:18:44 AM,SPXW,ML/,70,41.11,,PUT,7390,0,287770,7/17/2026,WHITE,0,16,F,INDEX,,F,F,0,0
7/1/2026,10:18:49 AM,SPXW,ML/,144,41.51,,PUT,7390,0,597744,7/17/2026,WHITE,0,16,F,INDEX,,F,F,0,0
7/1/2026,3:39:33 PM,SPXW,ML/,56,4.05,,CALL,8000,0,22680,8/6/2026,WHITE,0,36,F,INDEX,,F,T,0,0
7/1/2026,3:39:33 PM,SPXW,ML/,56,4.05,,CALL,8000,0,22680,8/6/2026,WHITE,0,36,F,INDEX,,F,T,0,0
7/1/2026,3:42:00 PM,SPXW,ML/,56,3.94,,CALL,8000,0,22064,8/6/2026,WHITE,0,36,F,INDEX,,F,T,0,0
7/1/2026,3:40:05 PM,SPXW,ML/,56,9.57,,CALL,7900,0,53592,8/6/2026,WHITE,0,36,F,INDEX,,F,T,0,0
7/1/2026,3:40:05 PM,SPXW,ML/,56,9.57,,CALL,7900,0,53592,8/6/2026,WHITE,0,36,F,INDEX,,F,T,0,0
7/1/2026,3:42:00 PM,SPXW,ML/,56,9.44,,CALL,7900,0,52864,8/6/2026,WHITE,0,36,F,INDEX,,F,T,0,0
7/1/2026,10:28:04 AM,SPX,ML/,150,762.95,,CALL,7000,0,11444250,12/18/2026,WHITE,0,170,F,INDEX,,F,F,0,0
7/1/2026,2:44:21 PM,SPX,ML/,150,766.21,,CALL,7000,0,11493150,12/18/2026,WHITE,0,170,F,INDEX,,F,F,0,0
7/1/2026,2:44:21 PM,SPX,ML/,50,766.22,,CALL,7000,0,3831100,12/18/2026,WHITE,0,170,F,INDEX,,F,F,0,0
7/1/2026,2:48:12 PM,SPX,ML/,150,765.98,,CALL,7000,0,11489700,12/18/2026,WHITE,0,170,F,INDEX,,F,F,0,0
7/1/2026,2:48:12 PM,SPX,ML/,50,765.99,,CALL,7000,0,3829950,12/18/2026,WHITE,0,170,F,INDEX,,F,F,0,0
7/1/2026,3:28:40 PM,SPX,ML/,100,762.23,,CALL,7000,0,7622300,12/18/2026,WHITE,0,170,F,INDEX,,F,F,0,0
7/1/2026,3:23:20 PM,SPX,ML/,250,55,,PUT,6000,0,1375000,12/18/2026,WHITE,0,170,F,INDEX,,F,F,0,0
7/1/2026,10:28:04 AM,SPX,ML/,150,154.91,,PUT,7000,0,2323650,12/18/2026,WHITE,0,170,F,INDEX,,F,F,0,0
7/1/2026,11:22:37 AM,SPX,ML/,700,151,,PUT,7000,0,10570000,12/18/2026,WHITE,0,170,F,INDEX,,F,F,0,0
7/1/2026,3:23:20 PM,SPX,ML/,250,154.5,,PUT,7000,0,3862500,12/18/2026,WHITE,0,170,F,INDEX,,F,F,0,0
7/1/2026,3:28:40 PM,SPX,ML/,100,156.77,,PUT,7000,0,1567700,12/18/2026,WHITE,0,170,F,INDEX,,F,F,0,0
7/1/2026,9:48:43 AM,SPXW,ML/,126,160.63,,CALL,7700,0,2023938,10/16/2026,WHITE,0,107,F,INDEX,,F,F,0,0
7/1/2026,9:35:14 AM,VIX,BLOCK,110,6.8,,CALL,15,0,74800,1/20/2027,WHITE,0,203,F,INDEX,,F,T,0,0
7/1/2026,10:07:53 AM,SPXW,ML/,50,65.9,,PUT,7500,0,329500,7/14/2026,WHITE,0,13,F,INDEX,,F,T,0,0
7/1/2026,11:34:04 AM,SPXW,ML/,68,31.65,,PUT,7370,0,215219,7/17/2026,WHITE,0,16,F,INDEX,,F,F,0,0
7/1/2026,1:39:53 PM,SPXW,ML/,68,32.55,,PUT,7370,0,221339,7/17/2026,WHITE,0,16,F,INDEX,,F,F,0,0
7/1/2026,1:39:53 PM,SPXW,ML/,50,32.56,,PUT,7370,0,162800,7/17/2026,WHITE,0,16,F,INDEX,,F,F,0,0
7/1/2026,1:37:27 PM,SPXW,BLOCK,180,16.1,,PUT,7200,0,289800,7/20/2026,WHITE,0,19,F,INDEX,,F,T,0,0
7/1/2026,9:52:08 AM,SPX,ML/,88,201.5,,PUT,7515,0,1773200,9/18/2026,WHITE,0,79,F,INDEX,,F,F,0,0
7/1/2026,9:53:17 AM,SPX,ML/,132,201.5,,PUT,7515,0,2659800,9/18/2026,WHITE,0,79,F,INDEX,,F,F,0,0
7/1/2026,9:51:44 AM,SPX,ML/,456,200,,PUT,7515,0,9120000,9/18/2026,WHITE,0,79,F,INDEX,,F,F,0,0
7/1/2026,9:35:26 AM,SPX,ML/,343,204,,PUT,7515,0,6997200,9/18/2026,WHITE,0,79,F,INDEX,,F,F,0,0
7/1/2026,9:39:47 AM,SPX,ML/,300,205,,PUT,7515,0,6150000,9/18/2026,WHITE,0,79,F,INDEX,,F,F,0,0
7/1/2026,9:45:07 AM,SPX,ML/,133,202,,PUT,7515,0,2686600,9/18/2026,WHITE,0,79,F,INDEX,,F,F,0,0
7/1/2026,9:54:15 AM,SPX,ML/,220,201.5,,PUT,7515,0,4433000,9/18/2026,WHITE,0,79,F,INDEX,,F,F,0,0
7/1/2026,9:35:26 AM,SPX,ML/,343,204,,CALL,7515,0,6997200,9/18/2026,WHITE,0,79,F,INDEX,,F,F,0,0
7/1/2026,9:52:08 AM,SPX,ML/,88,204.5,,CALL,7515,0,1799600,9/18/2026,WHITE,0,79,F,INDEX,,F,F,0,0
7/1/2026,9:53:17 AM,SPX,ML/,132,204.5,,CALL,7515,0,2699400,9/18/2026,WHITE,0,79,F,INDEX,,F,F,0,0
7/1/2026,9:45:07 AM,SPX,ML/,133,204,,CALL,7515,0,2713200,9/18/2026,WHITE,0,79,F,INDEX,,F,F,0,0
7/1/2026,9:39:47 AM,SPX,ML/,300,202,,CALL,7515,0,6060000,9/18/2026,WHITE,0,79,F,INDEX,,F,F,0,0
7/1/2026,9:51:44 AM,SPX,ML/,456,205,,CALL,7515,0,9348000,9/18/2026,WHITE,0,79,F,INDEX,,F,F,0,0
7/1/2026,9:54:15 AM,SPX,ML/,220,204.5,,CALL,7515,0,4499000,9/18/2026,WHITE,0,79,F,INDEX,,F,F,0,0
7/1/2026,9:35:44 AM,RUTW,BLOCK,123,45,,PUT,3060,0,553500,7/1/2026,WHITE,0,0,F,INDEX,,F,T,0,0
7/1/2026,9:44:14 AM,RUTW,BLOCK,100,44,,PUT,3060,0,440000,7/1/2026,WHITE,0,0,F,INDEX,,F,T,0,0
7/1/2026,12:55:14 PM,SPXW,ML/,80,110.63,,CALL,7500,0,885040,7/24/2026,WHITE,0,23,F,INDEX,,F,T,0,0
7/1/2026,4:08:06 PM,SPX,ML/,60,283.9,,PUT,6000,0,1703400,12/15/2028,WHITE,0,898,F,INDEX,,F,F,0,0
7/1/2026,11:28:01 AM,SPXW,ML/,90,64.83,,CALL,7540,0,583470,7/16/2026,WHITE,0,15,F,INDEX,,F,T,0,0
7/1/2026,3:40:43 PM,SPXW,ML/,150,15.02,,PUT,6750,0,225300,8/7/2026,WHITE,0,37,F,INDEX,,F,T,0,0
7/1/2026,3:41:30 PM,SPXW,ML/,50,15.02,,PUT,6750,0,75100,8/7/2026,WHITE,0,37,F,INDEX,,F,T,0,0
7/1/2026,12:36:54 PM,SPX,BLOCK,200,15.1,,PUT,4500,0,302000,12/18/2026,WHITE,0,170,F,INDEX,,F,F,0,0
7/1/2026,12:36:59 PM,SPX,BLOCK,200,15.1,,PUT,4500,0,302000,12/18/2026,WHITE,0,170,F,INDEX,,F,F,0,0
7/1/2026,12:41:24 PM,SPX,BLOCK,352,15.1,,PUT,4500,0,531520,12/18/2026,WHITE,0,170,F,INDEX,,F,F,0,0
7/1/2026,11:28:09 AM,SPXW,ML/,75,9.75,,PUT,7025,0,73125,7/22/2026,WHITE,0,21,F,INDEX,,F,T,0,0
7/1/2026,3:21:27 PM,SPX,ML/,180,14.19,,CALL,9000,0,255419,1/15/2027,WHITE,0,198,F,INDEX,,F,F,0,0
7/1/2026,3:11:49 PM,SPX,ML/,120,21.9,,CALL,9200,0,262800,3/19/2027,WHITE,0,261,F,INDEX,,F,F,0,0
7/1/2026,9:37:28 AM,SPXW,ML/,63,70.35,,PUT,7525,0,443204,7/2/2026,WHITE,0,1,F,INDEX,,F,T,0,0
7/1/2026,2:53:00 PM,RUT,ML/,139,23.8,,PUT,1950,0,330820,6/17/2027,WHITE,0,351,F,INDEX,,F,T,0,0
7/1/2026,10:20:15 AM,SPXW,ML/,75,15.56,,PUT,7415,0,116700,7/7/2026,WHITE,0,6,F,INDEX,,F,T,0,0
7/1/2026,11:18:27 AM,SPXW,ML/,50,3.58,,PUT,7300,0,17900,7/7/2026,WHITE,0,6,F,INDEX,,F,T,0,0
7/1/2026,11:28:53 AM,SPXW,ML/,50,3.1,,PUT,7300,0,15500,7/7/2026,WHITE,0,6,F,INDEX,,F,T,0,0
7/1/2026,4:05:56 PM,SPXW,BLOCK,50,5.3,,PUT,7300,0,26500,7/7/2026,WHITE,0,6,F,INDEX,,F,T,0,0
7/1/2026,9:35:47 AM,XSP,BLOCK,180,1.1,,PUT,720,0,19800,7/10/2026,WHITE,0,9,F,INDEX,,F,T,0,0
7/1/2026,3:20:15 PM,SPX,ML/,100,7.66,,PUT,5200,0,76600,9/18/2026,WHITE,0,79,F,INDEX,,F,F,0,0
7/1/2026,10:30:47 AM,SPX,BLOCK,199,60,,PUT,6900,0,1194000,9/18/2026,WHITE,0,79,F,INDEX,,F,F,0,0
7/1/2026,3:59:31 PM,SPX,BLOCK,50,60.6,,PUT,6900,0,303000,9/18/2026,WHITE,0,79,F,INDEX,,F,F,0,0
7/1/2026,10:05:23 AM,SPX,BLOCK,204,61,,PUT,6900,0,1244400,9/18/2026,WHITE,0,79,F,INDEX,,F,F,0,0
7/1/2026,10:57:17 AM,SPX,BLOCK,68,60,,PUT,6900,0,408000,9/18/2026,WHITE,0,79,F,INDEX,,F,F,0,0
7/1/2026,10:58:34 AM,SPX,BLOCK,100,60.2,,PUT,6900,0,602000,9/18/2026,WHITE,0,79,F,INDEX,,F,F,0,0
7/1/2026,11:07:59 AM,SPX,BLOCK,100,58.5,,PUT,6900,0,585000,9/18/2026,WHITE,0,79,F,INDEX,,F,F,0,0
7/1/2026,11:24:18 AM,SPX,BLOCK,200,57,,PUT,6900,0,1140000,9/18/2026,WHITE,0,79,F,INDEX,,F,F,0,0
7/1/2026,3:59:51 PM,SPX,SWEEP,50,60.6,,PUT,6900,0,303000,9/18/2026,WHITE,0,79,F,INDEX,,F,F,0,0
7/1/2026,11:56:47 AM,SPXW,ML/,67,3.6,,PUT,7305,0,24120,7/7/2026,WHITE,0,6,F,INDEX,,F,T,0,0
7/1/2026,9:36:58 AM,RUTW,ML/,56,11.46,,CALL,3155,0,64176,7/24/2026,WHITE,0,23,F,INDEX,,F,T,0,0
7/1/2026,9:48:23 AM,SPX,ML/,50,72.45,,PUT,7460,0,362250,7/17/2026,WHITE,0,16,F,INDEX,,F,F,0,0
7/1/2026,11:48:58 AM,SPX,ML/,50,49.37,,PUT,7460,0,246850,7/17/2026,WHITE,0,16,F,INDEX,,F,F,0,0
7/1/2026,9:35:49 AM,VIX,BLOCK,1387,1.75,,CALL,28,0,242725,10/21/2026,WHITE,0,112,F,INDEX,,F,T,0,0
7/1/2026,9:35:49 AM,VIX,BLOCK,3612,1.73,,CALL,28,0,624876,10/21/2026,WHITE,0,112,F,INDEX,,F,T,0,0
7/1/2026,9:35:49 AM,SPX,BLOCK,50,58,,PUT,5800,0,290000,1/15/2027,WHITE,0,198,F,INDEX,,F,F,0,0
7/1/2026,1:14:24 PM,VIX,ML/,163,1.5,,PUT,18,0,24450,11/18/2026,WHITE,0,140,F,INDEX,,F,T,0,0
7/1/2026,11:09:44 AM,SPXW,ML/,100,61.04,,PUT,7485,0,610400,7/16/2026,WHITE,0,15,F,INDEX,,F,T,0,0
7/1/2026,12:06:18 PM,SPXW,ML/,70,10.5,,PUT,7330,0,73500,7/10/2026,WHITE,0,9,F,INDEX,,F,T,0,0
7/1/2026,9:35:57 AM,SPX,ML/,120,4.3,,PUT,6750,0,51600,7/17/2026,WHITE,0,16,F,INDEX,,F,F,0,0
7/1/2026,9:36:02 AM,SPX,ML/,80,4.27,,PUT,6750,0,34159,7/17/2026,WHITE,0,16,F,INDEX,,F,F,0,0
7/1/2026,2:59:17 PM,SPX,BLOCK,189,3.1,,PUT,6750,0,58590,7/17/2026,WHITE,0,16,F,INDEX,,F,F,0,0
7/1/2026,3:04:31 PM,SPX,ML/,100,6,,PUT,7000,0,60000,7/17/2026,WHITE,0,16,F,INDEX,,F,F,0,0
7/1/2026,9:35:57 AM,SPX,ML/,60,9.42,,PUT,7000,0,56520,7/17/2026,WHITE,0,16,F,INDEX,,F,F,0,0
7/1/2026,9:37:47 AM,SPX,BLOCK,100,9.2,,PUT,7000,0,91999,7/17/2026,WHITE,0,16,F,INDEX,,F,F,0,0
7/1/2026,12:55:14 PM,SPX,ML/,414,5.6,,PUT,7000,0,231840,7/17/2026,WHITE,0,16,F,INDEX,,F,F,0,0
7/1/2026,11:40:26 AM,SPX,ML/,50,505,,PUT,8000,0,2525000,12/18/2026,WHITE,0,170,F,INDEX,,F,F,0,0
7/1/2026,10:28:04 AM,SPX,ML/,150,515.49,,PUT,8000,0,7732350,12/18/2026,WHITE,0,170,F,INDEX,,F,F,0,0
7/1/2026,11:45:02 AM,SPX,ML/,50,505,,PUT,8000,0,2525000,12/18/2026,WHITE,0,170,F,INDEX,,F,F,0,0
7/1/2026,3:28:40 PM,SPX,ML/,100,518.02,,PUT,8000,0,5180200,12/18/2026,WHITE,0,170,F,INDEX,,F,F,0,0
7/1/2026,9:35:59 AM,VIX,BLOCK,115,4.55,,PUT,23,0,52325,1/20/2027,WHITE,0,203,F,INDEX,,F,T,0,0
7/1/2026,12:29:57 PM,SPX,ML/,250,127.35,,CALL,7600,0,3183750,8/21/2026,WHITE,0,51,F,INDEX,,F,F,0,0
7/1/2026,4:11:10 PM,SPX,BLOCK,93,109.6,,CALL,7600,0,1019279,8/21/2026,WHITE,0,51,F,INDEX,,F,F,0,0
7/1/2026,9:36:07 AM,SPX,ML/,100,101.65,,PUT,6400,0,1016500,1/15/2027,WHITE,0,198,F,INDEX,,F,F,0,0
7/1/2026,9:40:38 AM,SPX,ML/,300,245.2,,CALL,8000,0,7356000,3/19/2027,WHITE,0,261,F,INDEX,,F,F,0,0
7/1/2026,12:38:29 PM,SPX,ML/,100,269.1,,CALL,8000,0,2691000,3/19/2027,WHITE,0,261,F,INDEX,,F,F,0,0
7/1/2026,3:45:14 PM,SPXW,ML/,117,3.6,,PUT,7245,0,42120,7/8/2026,WHITE,0,7,F,INDEX,,F,T,0,0
7/1/2026,3:45:15 PM,SPXW,ML/,208,3.61,,PUT,7245,0,75088,7/8/2026,WHITE,0,7,F,INDEX,,F,T,0,0
7/1/2026,10:26:55 AM,SPXW,ML/,300,42.41,,PUT,7400,0,1272300,7/17/2026,WHITE,0,16,F,INDEX,,F,F,0,0
7/1/2026,12:36:25 PM,SPXW,ML/,56,36.21,,PUT,7400,0,202776,7/17/2026,WHITE,0,16,F,INDEX,,F,F,0,0
7/1/2026,12:36:32 PM,SPXW,ML/,343,36.1,,PUT,7400,0,1238230,7/17/2026,WHITE,0,16,F,INDEX,,F,F,0,0
7/1/2026,12:36:34 PM,SPXW,ML/,138,36.01,,PUT,7400,0,496938,7/17/2026,WHITE,0,16,F,INDEX,,F,F,0,0
7/1/2026,12:36:34 PM,SPXW,ML/,138,36.01,,PUT,7400,0,496938,7/17/2026,WHITE,0,16,F,INDEX,,F,F,0,0
7/1/2026,12:36:32 PM,SPXW,ML/,178,36.1,,PUT,7400,0,642580,7/17/2026,WHITE,0,16,F,INDEX,,F,F,0,0
7/1/2026,12:36:36 PM,SPXW,ML/,66,36.1,,PUT,7400,0,238260,7/17/2026,WHITE,0,16,F,INDEX,,F,F,0,0
7/1/2026,11:12:28 AM,NDX,ML/,176,117.2,,PUT,28000,0,2062720,7/17/2026,WHITE,0,16,F,INDEX,,F,F,0,0
7/1/2026,9:36:12 AM,RUTW,ML/,70,37.85,,PUT,2990,0,264950,7/17/2026,WHITE,0,16,F,INDEX,,F,F,0,0
7/1/2026,9:36:12 AM,RUTW,ML/,70,25.98,,PUT,2950,0,181860,7/17/2026,WHITE,0,16,F,INDEX,,F,F,0,0
7/1/2026,9:43:44 AM,SPXW,ML/,105,8.25,,PUT,6150,0,86625,8/14/2026,WHITE,0,44,F,INDEX,,F,T,0,0
7/1/2026,9:43:47 AM,SPXW,ML/,145,8.25,,PUT,6150,0,119625,8/14/2026,WHITE,0,44,F,INDEX,,F,T,0,0
7/1/2026,9:43:59 AM,SPXW,ML/,250,8.25,,PUT,6150,0,206250,8/14/2026,WHITE,0,44,F,INDEX,,F,T,0,0
7/1/2026,9:44:01 AM,SPXW,ML/,116,8.25,,PUT,6150,0,95700,8/14/2026,WHITE,0,44,F,INDEX,,F,T,0,0
7/1/2026,9:44:07 AM,SPXW,ML/,250,8.27,,PUT,6150,0,206750,8/14/2026,WHITE,0,44,F,INDEX,,F,T,0,0
7/1/2026,9:44:08 AM,SPXW,ML/,250,8.27,,PUT,6150,0,206750,8/14/2026,WHITE,0,44,F,INDEX,,F,T,0,0
7/1/2026,11:10:03 AM,SPXW,BLOCK,50,7.4,,PUT,6150,0,37000,8/14/2026,WHITE,0,44,F,INDEX,,F,T,0,0
7/1/2026,1:18:09 PM,XSP,BLOCK,142,10.93,,PUT,725,0,155206,9/18/2026,WHITE,0,79,F,INDEX,,F,F,0,0
7/1/2026,1:50:48 PM,SPXW,ML/,50,97.54,,CALL,7650,0,487700,8/21/2026,WHITE,0,51,F,INDEX,,F,F,0,0
7/1/2026,12:20:07 PM,XSP,ML/,60,2.32,,PUT,708,0,13919,7/31/2026,WHITE,0,30,F,INDEX,,F,T,0,0
7/1/2026,3:59:31 PM,SPXW,SWEEP,50,2.4,,PUT,7190,0,12000,7/8/2026,WHITE,0,7,F,INDEX,,F,T,0,0
7/1/2026,10:05:37 AM,SPXW,ML/,50,56.12,,CALL,7500,0,280600,7/13/2026,WHITE,0,12,F,INDEX,,F,T,0,0
7/1/2026,3:00:48 PM,SPXW,BLOCK,50,60.6,,CALL,7500,0,303000,7/13/2026,WHITE,0,12,F,INDEX,,F,T,0,0
7/1/2026,9:36:29 AM,SPXW,ML/,100,3.73,,PUT,7175,0,37300,7/7/2026,WHITE,0,6,F,INDEX,,F,T,0,0
7/1/2026,3:49:45 PM,SPXW,BLOCK,86,1.35,,CALL,7660,0,11610,7/9/2026,WHITE,0,8,F,INDEX,,F,T,0,0
7/1/2026,11:08:16 AM,SPX,ML/,340,380,,CALL,8000,0,12920000,6/17/2027,WHITE,0,351,F,INDEX,,F,T,0,0
7/1/2026,9:36:38 AM,SPXW,ML/,60,111.58,,PUT,7300,0,669480,8/31/2026,WHITE,0,61,F,INDEX,,F,T,0,0
7/1/2026,9:37:09 AM,SPXW,ML/,60,109.6,,PUT,7300,0,657600,8/31/2026,WHITE,0,61,F,INDEX,,F,T,0,0
7/1/2026,9:36:38 AM,SPXW,ML/,60,99.93,,PUT,7250,0,599580,8/31/2026,WHITE,0,61,F,INDEX,,F,T,0,0
7/1/2026,9:37:09 AM,SPXW,ML/,60,98.11,,PUT,7250,0,588660,8/31/2026,WHITE,0,61,F,INDEX,,F,T,0,0
7/1/2026,1:05:16 PM,SPXW,ML/,72,3.83,,PUT,6500,0,27576,7/24/2026,WHITE,0,23,F,INDEX,,F,T,0,0
7/1/2026,3:16:52 PM,VIX,ML/,300,0.61,,CALL,22,0,18300,7/22/2026,WHITE,0,21,F,INDEX,,F,T,0,0
7/1/2026,9:36:47 AM,VIX,ML/,2000,0.58,,CALL,50,0,116000,9/16/2026,WHITE,0,77,F,INDEX,,F,T,0,0
7/1/2026,9:36:51 AM,VIX,BLOCK,351,110.25,,PUT,130,0,3869775,8/19/2026,WHITE,0,49,F,INDEX,,F,T,0,0
7/1/2026,11:28:44 AM,SPXW,ML/,60,223.82,,CALL,7300,0,1342920,7/2/2026,WHITE,0,1,F,INDEX,,F,T,0,0
7/1/2026,11:28:48 AM,SPXW,ML/,55,225.24,,CALL,7300,0,1238820,7/2/2026,WHITE,0,1,F,INDEX,,F,T,0,0
7/1/2026,11:42:01 AM,SPXW,ML/,73,222.65,,CALL,7300,0,1625345,7/2/2026,WHITE,0,1,F,INDEX,,F,T,0,0
7/1/2026,11:42:01 AM,SPXW,ML/,102,222.78,,CALL,7300,0,2272356,7/2/2026,WHITE,0,1,F,INDEX,,F,T,0,0
7/1/2026,11:42:59 AM,SPXW,ML/,70,219.64,,CALL,7300,0,1537480,7/2/2026,WHITE,0,1,F,INDEX,,F,T,0,0
7/1/2026,3:57:09 PM,SPX,ML/,122,3.89,,PUT,6850,0,47458,7/17/2026,WHITE,0,16,F,INDEX,,F,F,0,0
7/1/2026,2:28:02 PM,SPX,ML/,100,3.79,,PUT,6850,0,37900,7/17/2026,WHITE,0,16,F,INDEX,,F,F,0,0
7/1/2026,2:28:23 PM,SPX,ML/,100,3.81,,PUT,6850,0,38100,7/17/2026,WHITE,0,16,F,INDEX,,F,F,0,0
7/1/2026,3:57:09 PM,SPX,ML/,67,3.89,,PUT,6850,0,26063,7/17/2026,WHITE,0,16,F,INDEX,,F,F,0,0
7/1/2026,2:28:43 PM,SPX,ML/,100,3.57,,PUT,6825,0,35700,7/17/2026,WHITE,0,16,F,INDEX,,F,F,0,0
7/1/2026,2:55:00 PM,SPX,ML/,100,3.71,,PUT,6825,0,37100,7/17/2026,WHITE,0,16,F,INDEX,,F,F,0,0
7/1/2026,3:05:47 PM,SPX,ML/,450,258.15,,PUT,7450,0,11616749,12/18/2026,WHITE,0,170,F,INDEX,,F,F,0,0
7/1/2026,4:07:33 PM,SPX,ML/,450,267.55,,PUT,7450,0,12039750,12/18/2026,WHITE,0,170,F,INDEX,,F,F,0,0
7/1/2026,3:15:36 PM,SPX,ML/,150,265.4,,PUT,7475,0,3981000,12/18/2026,WHITE,0,170,F,INDEX,,F,F,0,0
7/1/2026,4:04:03 PM,RUTW,ML/,90,7.66,,PUT,2990,0,68940,7/2/2026,WHITE,0,1,F,INDEX,,F,T,0,0
7/1/2026,4:06:10 PM,RUTW,ML/,50,7.88,,PUT,2990,0,39400,7/2/2026,WHITE,0,1,F,INDEX,,F,T,0,0
7/1/2026,2:41:44 PM,SPXW,BLOCK,66,9.3,,CALL,7585,0,61380,7/8/2026,WHITE,0,7,F,INDEX,,F,T,0,0
7/1/2026,9:37:09 AM,VIX,BLOCK,90,10.55,,CALL,11,0,94950,1/20/2027,WHITE,0,203,F,INDEX,,F,T,0,0
7/1/2026,10:10:18 AM,SPX,ML/,100,62.09,,CALL,7525,0,620900,7/17/2026,WHITE,0,16,F,INDEX,,F,F,0,0
7/1/2026,11:05:20 AM,SPX,ML/,51,70.04,,CALL,7525,0,357204,7/17/2026,WHITE,0,16,F,INDEX,,F,F,0,0
7/1/2026,3:06:08 PM,SPX,ML/,198,66.25,,CALL,7525,0,1311750,7/17/2026,WHITE,0,16,F,INDEX,,F,F,0,0
7/1/2026,12:47:14 PM,SPXW,ML/,50,154.52,,PUT,7400,0,772600,9/30/2026,WHITE,0,91,F,INDEX,,F,T,0,0
7/1/2026,10:18:50 AM,VIX,ML/,378,1.54,,PUT,18,0,58212,8/19/2026,WHITE,0,49,F,INDEX,,F,T,0,0
7/1/2026,10:17:09 AM,VIX,ML/,126,1.53,,PUT,18,0,19278,8/19/2026,WHITE,0,49,F,INDEX,,F,T,0,0
7/1/2026,10:21:17 AM,VIX,ML/,244,1.54,,PUT,18,0,37576,8/19/2026,WHITE,0,49,F,INDEX,,F,T,0,0
7/1/2026,10:17:09 AM,VIX,ML/,126,1.52,,PUT,18,0,19152,8/19/2026,WHITE,0,49,F,INDEX,,F,T,0,0
7/1/2026,1:14:24 PM,VIX,ML/,163,1.46,,PUT,18,0,23798,8/19/2026,WHITE,0,49,F,INDEX,,F,T,0,0
7/1/2026,11:31:10 AM,SPXW,ML/,50,40.46,,CALL,7650,0,202300,7/24/2026,WHITE,0,23,F,INDEX,,F,T,0,0
7/1/2026,3:20:27 PM,XSP,BLOCK,133,7.87,,CALL,750,0,104671,7/16/2026,WHITE,0,15,F,INDEX,,F,T,0,0
7/1/2026,12:23:56 PM,SPXW,ML/,76,27.4,,PUT,7355,0,208240,7/17/2026,WHITE,0,16,F,INDEX,,F,F,0,0
7/1/2026,10:50:59 AM,SPXW,ML/,160,0.75,,CALL,7675,0,12000,7/8/2026,WHITE,0,7,F,INDEX,,F,T,0,0
7/1/2026,10:04:18 AM,VIX,BLOCK,100,1.51,,CALL,17.5,0,15100,7/22/2026,WHITE,0,21,F,INDEX,,F,T,0,0
7/1/2026,9:37:47 AM,SPXW,ML/,100,2.08,,PUT,7025,0,20800,7/8/2026,WHITE,0,7,F,INDEX,,F,T,0,0
7/1/2026,10:40:37 AM,SPXW,BLOCK,80,10.5,,PUT,7325,0,84000,7/9/2026,WHITE,0,8,F,INDEX,,F,T,0,0
7/1/2026,3:21:01 PM,SPXW,ML/,113,14.97,,CALL,7670,0,169161,7/17/2026,WHITE,0,16,F,INDEX,,F,F,0,0
7/1/2026,3:21:01 PM,SPXW,ML/,89,14.97,,CALL,7670,0,133233,7/17/2026,WHITE,0,16,F,INDEX,,F,F,0,0
7/1/2026,10:46:59 AM,SPXW,BLOCK,50,73.3,,CALL,7450,0,366500,7/8/2026,WHITE,0,7,F,INDEX,,F,T,0,0
7/1/2026,11:30:48 AM,VIX,BLOCK,200,2.83,,PUT,20,0,56600,9/16/2026,WHITE,0,77,F,INDEX,,F,T,0,0
7/1/2026,9:39:59 AM,VIX,BLOCK,500,2.76,,PUT,20,0,138000,9/16/2026,WHITE,0,77,F,INDEX,,F,T,0,0
7/1/2026,11:48:42 AM,VIX,BLOCK,100,2.83,,PUT,20,0,28300,9/16/2026,WHITE,0,77,F,INDEX,,F,T,0,0
7/1/2026,11:55:29 AM,VIX,BLOCK,1000,2.86,,PUT,20,0,286000,9/16/2026,WHITE,0,77,F,INDEX,,F,T,0,0
7/1/2026,12:29:59 PM,VIX,ML/,7200,2.87,,PUT,20,0,2066400,9/16/2026,WHITE,0,77,F,INDEX,,F,T,0,0
7/1/2026,2:32:54 PM,VIX,ML/,440,2.81,,PUT,20,0,123640,9/16/2026,WHITE,0,77,F,INDEX,,F,T,0,0
7/1/2026,10:28:10 AM,SPX,ML/,250,122.7,,PUT,7450,0,3067500,8/21/2026,WHITE,0,51,F,INDEX,,F,F,0,0
7/1/2026,3:35:49 PM,SPX,ML/,150,91.71,,PUT,6350,0,1375650,1/15/2027,WHITE,0,198,F,INDEX,,F,F,0,0
7/1/2026,1:55:37 PM,VIX,ML/,1000,0.36,,CALL,50,0,36000,8/19/2026,WHITE,0,49,F,INDEX,,F,T,0,0
7/1/2026,9:37:59 AM,VIX,ML/,2999,2.1,,PUT,19,0,629790,9/16/2026,WHITE,0,77,F,INDEX,,F,T,0,0
7/1/2026,2:36:10 PM,VIX,ML/,5000,2.12,,PUT,19,0,1060000,9/16/2026,WHITE,0,77,F,INDEX,,F,T,0,0
7/1/2026,9:37:59 AM,VIX,ML/,6000,0.92,,PUT,17,0,552000,9/16/2026,WHITE,0,77,F,INDEX,,F,T,0,0
7/1/2026,2:36:10 PM,VIX,ML/,10000,0.95,,PUT,17,0,950000,9/16/2026,WHITE,0,77,F,INDEX,,F,T,0,0
7/1/2026,9:38:01 AM,SPX,ML/,50,12.45,,PUT,4500,0,62250,11/20/2026,WHITE,0,142,F,INDEX,,F,F,0,0
7/1/2026,9:38:01 AM,SPX,ML/,50,12.95,,PUT,4200,0,64750,12/18/2026,WHITE,0,170,F,INDEX,,F,F,0,0
7/1/2026,9:38:02 AM,SPX,ML/,300,59,,PUT,7100,0,1770000,8/21/2026,WHITE,0,51,F,INDEX,,F,F,0,0
7/1/2026,11:28:19 AM,SPX,BLOCK,75,48,,PUT,7100,0,360000,8/21/2026,WHITE,0,51,F,INDEX,,F,F,0,0
7/1/2026,11:29:22 AM,SPX,ML/,500,47.75,,PUT,7100,0,2387500,8/21/2026,WHITE,0,51,F,INDEX,,F,F,0,0
7/1/2026,11:40:01 AM,SPX,ML/,500,48.7,,PUT,7100,0,2435000,8/21/2026,WHITE,0,51,F,INDEX,,F,F,0,0
7/1/2026,12:49:55 PM,SPX,ML/,300,48.24,,PUT,7100,0,1447200,8/21/2026,WHITE,0,51,F,INDEX,,F,F,0,0
7/1/2026,2:17:09 PM,SPX,BLOCK,55,52.1,,PUT,7100,0,286550,8/21/2026,WHITE,0,51,F,INDEX,,F,F,0,0
7/1/2026,3:00:23 PM,SPX,BLOCK,75,51.7,,PUT,7100,0,387750,8/21/2026,WHITE,0,51,F,INDEX,,F,F,0,0
7/1/2026,9:38:02 AM,SPX,ML/,300,21,,PUT,6600,0,630000,8/21/2026,WHITE,0,51,F,INDEX,,F,F,0,0
7/1/2026,9:40:38 AM,SPX,ML/,120,206,,CALL,7510,0,2472000,9/18/2026,WHITE,0,79,F,INDEX,,F,F,0,0
7/1/2026,9:45:06 AM,SPX,ML/,160,204,,CALL,7510,0,3264000,9/18/2026,WHITE,0,79,F,INDEX,,F,F,0,0
7/1/2026,9:40:38 AM,SPX,ML/,120,201,,PUT,7510,0,2412000,9/18/2026,WHITE,0,79,F,INDEX,,F,F,0,0
7/1/2026,9:45:06 AM,SPX,ML/,160,204,,PUT,7510,0,3264000,9/18/2026,WHITE,0,79,F,INDEX,,F,F,0,0
7/1/2026,2:46:17 PM,SPXW,ML/,114,542.07,,CALL,7000,0,6179598,7/31/2026,WHITE,0,30,F,INDEX,,F,T,0,0
7/1/2026,1:30:59 PM,SPXW,ML/,200,132.51,,PUT,7550,0,2650200,8/7/2026,WHITE,0,37,F,INDEX,,F,T,0,0
7/1/2026,10:05:37 AM,RUTW,ML/,75,7.12,,PUT,2715,0,53400,7/31/2026,WHITE,0,30,F,INDEX,,F,T,0,0
7/1/2026,9:38:09 AM,SPX,ML/,910,48.75,,PUT,6400,0,4436250,10/16/2026,WHITE,0,107,F,INDEX,,F,F,0,0
7/1/2026,12:57:18 PM,SPX,ML/,1500,97.97,,PUT,7000,0,14695500,10/16/2026,WHITE,0,107,F,INDEX,,F,F,0,0
7/1/2026,9:38:09 AM,SPX,ML/,910,107.75,,PUT,7000,0,9805250,10/16/2026,WHITE,0,107,F,INDEX,,F,F,0,0
7/1/2026,11:37:43 AM,SPX,ML/,100,95,,PUT,7000,0,950000,10/16/2026,WHITE,0,107,F,INDEX,,F,F,0,0
7/1/2026,12:57:52 PM,SPX,ML/,500,97.97,,PUT,7000,0,4898500,10/16/2026,WHITE,0,107,F,INDEX,,F,F,0,0
7/1/2026,1:16:16 PM,SPX,ML/,300,97.58,,PUT,7000,0,2927400,10/16/2026,WHITE,0,107,F,INDEX,,F,F,0,0
7/1/2026,12:53:48 PM,SPXW,ML/,80,92.53,,PUT,7525,0,740240,7/24/2026,WHITE,0,23,F,INDEX,,F,T,0,0
7/1/2026,9:44:18 AM,SPX,ML/,200,23.8,,PUT,6200,0,476000,9/18/2026,WHITE,0,79,F,INDEX,,F,F,0,0
7/1/2026,11:28:44 AM,SPXW,ML/,53,174.27,,CALL,7350,0,923631,7/2/2026,WHITE,0,1,F,INDEX,,F,T,0,0
7/1/2026,11:28:48 AM,SPXW,ML/,55,176.25,,CALL,7350,0,969375,7/2/2026,WHITE,0,1,F,INDEX,,F,T,0,0
7/1/2026,11:42:01 AM,SPXW,ML/,73,172.29,,CALL,7350,0,1257717,7/2/2026,WHITE,0,1,F,INDEX,,F,T,0,0
7/1/2026,11:42:01 AM,SPXW,ML/,102,172.51,,CALL,7350,0,1759602,7/2/2026,WHITE,0,1,F,INDEX,,F,T,0,0
7/1/2026,11:42:59 AM,SPXW,ML/,70,170.81,,CALL,7350,0,1195670,7/2/2026,WHITE,0,1,F,INDEX,,F,T,0,0
7/1/2026,11:02:41 AM,VIXW,BLOCK,424,0.5,,PUT,17,0,21200,7/15/2026,WHITE,0,14,F,INDEX,,F,T,0,0
7/1/2026,11:02:27 AM,VIXW,BLOCK,219,0.49,,PUT,17,0,10731,7/15/2026,WHITE,0,14,F,INDEX,,F,T,0,0
7/1/2026,2:08:16 PM,SPXW,ML/,50,41.07,,PUT,7540,0,205350,7/2/2026,WHITE,0,1,F,INDEX,,F,T,0,0
7/1/2026,4:15:17 PM,SPX,BLOCK,50,24.72,,CALL,7875,0,123600,8/21/2026,WHITE,0,51,F,INDEX,,F,F,0,0
7/1/2026,4:15:07 PM,SPX,BLOCK,50,24.77,,CALL,7875,0,123850,8/21/2026,WHITE,0,51,F,INDEX,,F,F,0,0
7/1/2026,4:15:17 PM,SPX,BLOCK,100,24.72,,CALL,7875,0,247200,8/21/2026,WHITE,0,51,F,INDEX,,F,F,0,0
7/1/2026,10:03:18 AM,SPX,ML/,50,40.01,,CALL,7800,0,200050,8/21/2026,WHITE,0,51,F,INDEX,,F,F,0,0
7/1/2026,11:20:34 AM,SPX,ML/,1500,46.5,,CALL,7800,0,6975000,8/21/2026,WHITE,0,51,F,INDEX,,F,F,0,0
7/1/2026,1:45:49 PM,VIXW,BLOCK,75,12.3,,PUT,30,0,92250,7/8/2026,WHITE,0,7,F,INDEX,,F,T,0,0
7/1/2026,12:55:14 PM,SPXW,ML/,292,83.67,,PUT,7500,0,2443164,7/24/2026,WHITE,0,23,F,INDEX,,F,T,0,0
7/1/2026,12:56:38 PM,SPXW,ML/,83,8.67,,PUT,7240,0,71961,7/13/2026,WHITE,0,12,F,INDEX,,F,T,0,0
7/1/2026,2:25:49 PM,SPX,ML/,50,139.87,,PUT,7505,0,699350,8/21/2026,WHITE,0,51,F,INDEX,,F,F,0,0
7/1/2026,11:05:41 AM,NDXP,BLOCK,50,60.1,,CALL,30040,0,300500,7/1/2026,WHITE,0,0,F,INDEX,,F,T,0,0
7/1/2026,3:04:31 PM,SPX,ML/,100,486.3,,PUT,8000,0,4863000,7/17/2026,WHITE,0,16,F,INDEX,,F,F,0,0
7/1/2026,3:28:49 PM,SPX,ML/,99,1011.36,,CALL,6500,0,10012464,7/17/2026,WHITE,0,16,F,INDEX,,F,F,0,0
7/1/2026,11:59:18 AM,VIX,BLOCK,812,0.43,,CALL,60,0,34916,9/16/2026,WHITE,0,77,F,INDEX,,F,T,0,0
7/1/2026,11:59:59 AM,VIX,BLOCK,988,0.43,,CALL,60,0,42484,9/16/2026,WHITE,0,77,F,INDEX,,F,T,0,0
7/1/2026,12:00:06 PM,VIX,BLOCK,555,0.43,,CALL,60,0,23865,9/16/2026,WHITE,0,77,F,INDEX,,F,T,0,0
7/1/2026,12:01:14 PM,VIX,BLOCK,1622,0.43,,CALL,60,0,69746,9/16/2026,WHITE,0,77,F,INDEX,,F,T,0,0
7/1/2026,12:01:30 PM,VIX,BLOCK,917,0.43,,CALL,60,0,39431,9/16/2026,WHITE,0,77,F,INDEX,,F,T,0,0
7/1/2026,12:01:37 PM,VIX,BLOCK,469,0.43,,CALL,60,0,20167,9/16/2026,WHITE,0,77,F,INDEX,,F,T,0,0
7/1/2026,10:50:56 AM,VIX,BLOCK,637,0.42,,CALL,60,0,26753,9/16/2026,WHITE,0,77,F,INDEX,,F,T,0,0
7/1/2026,2:10:24 PM,SPXW,ML/,100,70.1,,CALL,7500,0,700999,7/14/2026,WHITE,0,13,F,INDEX,,F,T,0,0
7/1/2026,2:27:17 PM,SPXW,ML/,82,70,,CALL,7500,0,574000,7/14/2026,WHITE,0,13,F,INDEX,,F,T,0,0
7/1/2026,2:11:13 PM,SPXW,ML/,100,69.49,,CALL,7500,0,694899,7/14/2026,WHITE,0,13,F,INDEX,,F,T,0,0
7/1/2026,2:19:06 PM,SPXW,ML/,100,67.87,,CALL,7500,0,678700,7/14/2026,WHITE,0,13,F,INDEX,,F,T,0,0
7/1/2026,2:19:45 PM,SPXW,ML/,100,69.15,,CALL,7500,0,691500,7/14/2026,WHITE,0,13,F,INDEX,,F,T,0,0
7/1/2026,2:20:10 PM,SPXW,ML/,100,69.39,,CALL,7500,0,693900,7/14/2026,WHITE,0,13,F,INDEX,,F,T,0,0
7/1/2026,2:20:44 PM,SPXW,ML/,100,69.8,,CALL,7500,0,698000,7/14/2026,WHITE,0,13,F,INDEX,,F,T,0,0
7/1/2026,2:27:33 PM,SPXW,ML/,100,70.09,,CALL,7500,0,700900,7/14/2026,WHITE,0,13,F,INDEX,,F,T,0,0
7/1/2026,2:34:47 PM,SPXW,ML/,100,68.97,,CALL,7500,0,689700,7/14/2026,WHITE,0,13,F,INDEX,,F,T,0,0
7/1/2026,2:37:28 PM,SPXW,ML/,77,69.47,,CALL,7500,0,534919,7/14/2026,WHITE,0,13,F,INDEX,,F,T,0,0
7/1/2026,2:41:24 PM,SPXW,ML/,100,69.24,,CALL,7500,0,692400,7/14/2026,WHITE,0,13,F,INDEX,,F,T,0,0
7/1/2026,2:42:04 PM,SPXW,ML/,100,69,,CALL,7500,0,690000,7/14/2026,WHITE,0,13,F,INDEX,,F,T,0,0
7/1/2026,2:42:38 PM,SPXW,ML/,50,69.07,,CALL,7500,0,345349,7/14/2026,WHITE,0,13,F,INDEX,,F,T,0,0
7/1/2026,2:42:38 PM,SPXW,ML/,50,69.05,,CALL,7500,0,345250,7/14/2026,WHITE,0,13,F,INDEX,,F,T,0,0
7/1/2026,2:51:29 PM,SPXW,ML/,100,68.05,,CALL,7500,0,680499,7/14/2026,WHITE,0,13,F,INDEX,,F,T,0,0
7/1/2026,2:58:38 PM,SPXW,ML/,100,67.11,,CALL,7500,0,671100,7/14/2026,WHITE,0,13,F,INDEX,,F,T,0,0
7/1/2026,11:28:09 AM,SPXW,ML/,75,8.25,,PUT,6975,0,61875,7/22/2026,WHITE,0,21,F,INDEX,,F,T,0,0
7/1/2026,11:17:58 AM,SPX,ML/,50,31.54,,PUT,6900,0,157700,8/21/2026,WHITE,0,51,F,INDEX,,F,F,0,0
7/1/2026,11:20:50 AM,SPX,ML/,89,31.04,,PUT,6900,0,276256,8/21/2026,WHITE,0,51,F,INDEX,,F,F,0,0
7/1/2026,12:55:14 PM,SPX,ML/,216,32.8,,PUT,6900,0,708479,8/21/2026,WHITE,0,51,F,INDEX,,F,F,0,0
7/1/2026,11:43:22 AM,SPX,ML/,60,269.31,,PUT,7500,0,1615860,12/18/2026,WHITE,0,170,F,INDEX,,F,F,0,0
7/1/2026,10:41:49 AM,SPX,ML/,100,193.96,,PUT,7200,0,1939600,12/18/2026,WHITE,0,170,F,INDEX,,F,F,0,0
7/1/2026,12:41:02 PM,SPX,ML/,240,188.23,,PUT,7200,0,4517520,12/18/2026,WHITE,0,170,F,INDEX,,F,F,0,0
7/1/2026,10:30:42 AM,RUTW,ML/,59,3.5,,CALL,3070,0,20650,7/2/2026,WHITE,0,1,F,INDEX,,F,T,0,0
7/1/2026,2:01:19 PM,XSP,BLOCK,100,7.09,,CALL,747,0,70900,7/8/2026,WHITE,0,7,F,INDEX,,F,T,0,0
7/1/2026,3:35:11 PM,XSP,BLOCK,100,6.35,,CALL,747,0,63500,7/8/2026,WHITE,0,7,F,INDEX,,F,T,0,0
7/1/2026,2:39:40 PM,SPXW,ML/,175,1.9,,PUT,7000,0,33250,7/10/2026,WHITE,0,9,F,INDEX,,F,T,0,0
7/1/2026,10:07:53 AM,SPXW,ML/,50,34.75,,PUT,7400,0,173750,7/14/2026,WHITE,0,13,F,INDEX,,F,T,0,0
7/1/2026,11:16:41 AM,SPXW,ML/,800,29.24,,PUT,7400,0,2339200,7/14/2026,WHITE,0,13,F,INDEX,,F,T,0,0
7/1/2026,12:45:13 PM,SPXW,ML/,159,23.99,,PUT,7360,0,381441,7/15/2026,WHITE,0,14,F,INDEX,,F,T,0,0
7/1/2026,12:45:06 PM,SPXW,ML/,94,23.9,,PUT,7360,0,224660,7/15/2026,WHITE,0,14,F,INDEX,,F,T,0,0
7/1/2026,12:45:15 PM,SPXW,ML/,65,24.03,,PUT,7360,0,156195,7/15/2026,WHITE,0,14,F,INDEX,,F,T,0,0
7/1/2026,3:20:18 PM,NDXP,BLOCK,50,46,,PUT,29000,0,230000,7/6/2026,WHITE,0,5,F,INDEX,,F,T,0,0
7/1/2026,3:36:36 PM,NDXP,BLOCK,50,43.5,,PUT,29000,0,217500,7/6/2026,WHITE,0,5,F,INDEX,,F,T,0,0
7/1/2026,3:17:32 PM,XSP,BLOCK,86,4.3,,PUT,725,0,36979,7/31/2026,WHITE,0,30,F,INDEX,,F,T,0,0
7/1/2026,9:39:47 AM,SPX,ML/,1000,43.1,,PUT,7345,0,4310000,7/17/2026,WHITE,0,16,F,INDEX,,F,F,0,0
7/1/2026,9:51:31 AM,SPX,ML/,50,39.9,,PUT,7345,0,199500,7/17/2026,WHITE,0,16,F,INDEX,,F,F,0,0
7/1/2026,9:52:01 AM,SPX,ML/,100,39.7,,PUT,7345,0,397000,7/17/2026,WHITE,0,16,F,INDEX,,F,F,0,0
7/1/2026,10:28:29 AM,RUTW,ML/,52,4.49,,PUT,2970,0,23348,7/6/2026,WHITE,0,5,F,INDEX,,F,T,0,0
7/1/2026,10:37:02 AM,SPX,ML/,225,39.2,,CALL,7975,0,882000,9/18/2026,WHITE,0,79,F,INDEX,,F,F,0,0
7/1/2026,10:52:56 AM,SPX,ML/,100,39.9,,CALL,7975,0,399000,9/18/2026,WHITE,0,79,F,INDEX,,F,F,0,0
7/1/2026,10:59:58 AM,SPX,ML/,125,40.08,,CALL,7975,0,501000,9/18/2026,WHITE,0,79,F,INDEX,,F,F,0,0
7/1/2026,9:40:07 AM,SPX,ML/,150,1.5,,PUT,2800,0,22500,10/16/2026,WHITE,0,107,F,INDEX,,F,F,0,0
7/1/2026,9:40:07 AM,SPX,ML/,150,3.9,,PUT,2800,0,58500,12/18/2026,WHITE,0,170,F,INDEX,,F,F,0,0
7/1/2026,4:04:03 PM,RUTW,ML/,90,4.2,,CALL,3040,0,37800,7/2/2026,WHITE,0,1,F,INDEX,,F,T,0,0
7/1/2026,4:01:04 PM,RUTW,ML/,60,4.68,,CALL,3040,0,28079,7/2/2026,WHITE,0,1,F,INDEX,,F,T,0,0
7/1/2026,4:01:05 PM,RUTW,ML/,57,4.7,,CALL,3040,0,26789,7/2/2026,WHITE,0,1,F,INDEX,,F,T,0,0
7/1/2026,4:01:18 PM,RUTW,ML/,60,4.34,,CALL,3040,0,26039,7/2/2026,WHITE,0,1,F,INDEX,,F,T,0,0
7/1/2026,4:06:10 PM,RUTW,ML/,50,4,,CALL,3040,0,20000,7/2/2026,WHITE,0,1,F,INDEX,,F,T,0,0
7/1/2026,3:16:27 PM,SPXW,ML/,50,4.26,,PUT,7185,0,21300,7/10/2026,WHITE,0,9,F,INDEX,,F,T,0,0
7/1/2026,3:16:27 PM,SPXW,ML/,50,3.76,,PUT,7165,0,18800,7/10/2026,WHITE,0,9,F,INDEX,,F,T,0,0
7/1/2026,10:16:41 AM,SPX,ML/,50,59,,CALL,8200,0,295000,11/20/2026,WHITE,0,142,F,INDEX,,F,F,0,0
7/1/2026,11:10:26 AM,SPX,ML/,119,62.09,,CALL,8200,0,738871,11/20/2026,WHITE,0,142,F,INDEX,,F,F,0,0
7/1/2026,12:29:57 PM,SPX,ML/,250,65,,CALL,8200,0,1625000,11/20/2026,WHITE,0,142,F,INDEX,,F,F,0,0
7/1/2026,1:16:01 PM,XSP,BLOCK,942,0.2,,PUT,650,0,18840,7/17/2026,WHITE,0,16,F,INDEX,,F,F,0,0
7/1/2026,11:34:56 AM,SPXW,ML/,85,5.31,,CALL,7660,0,45135,7/10/2026,WHITE,0,9,F,INDEX,,F,T,0,0
7/1/2026,10:23:17 AM,SPXW,ML/,50,29.1,,PUT,7475,0,145500,7/7/2026,WHITE,0,6,F,INDEX,,F,T,0,0
7/1/2026,2:04:14 PM,SPXW,ML/,50,25,,PUT,7475,0,125000,7/7/2026,WHITE,0,6,F,INDEX,,F,T,0,0
7/1/2026,9:40:55 AM,VIX,ML/,783,6.74,,CALL,14,0,527742,12/16/2026,WHITE,0,168,F,INDEX,,F,T,0,0
7/1/2026,9:40:55 AM,VIX,ML/,783,6.69,,CALL,14,0,523827,11/18/2026,WHITE,0,140,F,INDEX,,F,T,0,0
7/1/2026,9:45:11 AM,NDXP,ML/,100,6.95,,PUT,27900,0,69500,7/2/2026,WHITE,0,1,F,INDEX,,F,T,0,0
7/1/2026,11:15:06 AM,SPXW,BLOCK,50,8.4,,PUT,7350,0,42000,7/8/2026,WHITE,0,7,F,INDEX,,F,T,0,0
7/1/2026,9:41:13 AM,SPXW,ML/,6000,2.3,,CALL,8700,0,1380000,9/30/2026,WHITE,0,91,F,INDEX,,F,T,0,0
7/1/2026,10:05:28 AM,SPXW,ML/,800,2.4,,CALL,8700,0,192000,9/30/2026,WHITE,0,91,F,INDEX,,F,T,0,0
7/1/2026,9:41:13 AM,SPXW,ML/,6000,6.15,,CALL,8430,0,3690000,9/30/2026,WHITE,0,91,F,INDEX,,F,T,0,0
7/1/2026,12:51:35 PM,SPXW,BLOCK,102,7.5,,CALL,8430,0,76500,9/30/2026,WHITE,0,91,F,INDEX,,F,T,0,0
7/1/2026,2:17:03 PM,XSP,ML/,50,7.4,,PUT,757,0,37000,7/1/2026,WHITE,0,0,F,INDEX,,F,T,0,0
7/1/2026,11:55:15 AM,XSP,BLOCK,500,0.27,,PUT,710,0,13500,7/10/2026,WHITE,0,9,F,INDEX,,F,T,0,0
7/1/2026,1:50:40 PM,SPX,ML/,200,111.76,,CALL,8000,0,2235200,11/20/2026,WHITE,0,142,F,INDEX,,F,F,0,0
7/1/2026,1:51:29 PM,SPX,ML/,2700,111.76,,CALL,8000,0,30175200,11/20/2026,WHITE,0,142,F,INDEX,,F,F,0,0
7/1/2026,2:38:48 PM,SPXW,ML/,100,44.52,,PUT,7455,0,445200,7/14/2026,WHITE,0,13,F,INDEX,,F,T,0,0
7/1/2026,2:11:05 PM,SPXW,ML/,100,43.82,,PUT,7455,0,438200,7/14/2026,WHITE,0,13,F,INDEX,,F,T,0,0
7/1/2026,2:11:46 PM,SPXW,ML/,100,43.88,,PUT,7455,0,438800,7/14/2026,WHITE,0,13,F,INDEX,,F,T,0,0
7/1/2026,2:19:36 PM,SPXW,ML/,100,44.87,,PUT,7455,0,448700,7/14/2026,WHITE,0,13,F,INDEX,,F,T,0,0
7/1/2026,2:19:57 PM,SPXW,ML/,100,44.17,,PUT,7455,0,441700,7/14/2026,WHITE,0,13,F,INDEX,,F,T,0,0
7/1/2026,2:20:20 PM,SPXW,ML/,100,44.62,,PUT,7455,0,446200,7/14/2026,WHITE,0,13,F,INDEX,,F,T,0,0
7/1/2026,2:20:51 PM,SPXW,ML/,100,44.7,,PUT,7455,0,447000,7/14/2026,WHITE,0,13,F,INDEX,,F,T,0,0
7/1/2026,2:27:08 PM,SPXW,ML/,100,44.45,,PUT,7455,0,444500,7/14/2026,WHITE,0,13,F,INDEX,,F,T,0,0
7/1/2026,2:27:25 PM,SPXW,ML/,71,44.22,,PUT,7455,0,313962,7/14/2026,WHITE,0,13,F,INDEX,,F,T,0,0
7/1/2026,2:33:10 PM,SPXW,ML/,100,44.75,,PUT,7455,0,447500,7/14/2026,WHITE,0,13,F,INDEX,,F,T,0,0
7/1/2026,2:36:42 PM,SPXW,ML/,100,44.07,,PUT,7455,0,440700,7/14/2026,WHITE,0,13,F,INDEX,,F,T,0,0
7/1/2026,2:42:25 PM,SPXW,ML/,100,44.52,,PUT,7455,0,445200,7/14/2026,WHITE,0,13,F,INDEX,,F,T,0,0
7/1/2026,2:41:55 PM,SPXW,ML/,100,44.8,,PUT,7455,0,448000,7/14/2026,WHITE,0,13,F,INDEX,,F,T,0,0
7/1/2026,2:57:54 PM,SPXW,ML/,100,46.43,,PUT,7455,0,464300,7/14/2026,WHITE,0,13,F,INDEX,,F,T,0,0
7/1/2026,3:00:52 PM,SPXW,ML/,100,45.42,,PUT,7455,0,454200,7/14/2026,WHITE,0,13,F,INDEX,,F,T,0,0
7/1/2026,9:41:31 AM,VIX,ML/,80,5.98,,CALL,15,0,47840,12/16/2026,WHITE,0,168,F,INDEX,,F,T,0,0
7/1/2026,2:58:14 PM,NDXP,SWEEP,100,3.2,,CALL,30600,0,32000,7/2/2026,WHITE,0,1,F,INDEX,,F,T,0,0
7/1/2026,9:56:59 AM,SPXW,BLOCK,456,67.2,,CALL,7575,0,3064320,7/29/2026,WHITE,0,28,F,INDEX,,F,T,0,0
7/1/2026,10:29:10 AM,SPXW,ML/,58,116.47,,PUT,7525,0,675526,7/31/2026,WHITE,0,30,F,INDEX,,F,T,0,0
7/1/2026,10:20:36 AM,SPXW,ML/,50,137.89,,PUT,7570,0,689449,7/31/2026,WHITE,0,30,F,INDEX,,F,T,0,0
7/1/2026,11:31:10 AM,SPXW,ML/,50,57.51,,PUT,7400,0,287550,7/28/2026,WHITE,0,27,F,INDEX,,F,T,0,0
7/1/2026,9:52:31 AM,SPX,ML/,800,45.27,,CALL,7550,0,3621600,7/17/2026,WHITE,0,16,F,INDEX,,F,F,0,0
7/1/2026,11:17:06 AM,SPX,BLOCK,58,58.6,,CALL,7550,0,339880,7/17/2026,WHITE,0,16,F,INDEX,,F,F,0,0
7/1/2026,11:18:03 AM,SPX,ML/,1150,58.92,,CALL,7550,0,6775800,7/17/2026,WHITE,0,16,F,INDEX,,F,F,0,0
7/1/2026,11:48:58 AM,SPX,ML/,50,61.13,,CALL,7550,0,305650,7/17/2026,WHITE,0,16,F,INDEX,,F,F,0,0
7/1/2026,12:47:47 PM,SPX,ML/,616,59.49,,CALL,7550,0,3664584,7/17/2026,WHITE,0,16,F,INDEX,,F,F,0,0
7/1/2026,3:33:48 PM,SPX,ML/,469,53,,CALL,7550,0,2485700,7/17/2026,WHITE,0,16,F,INDEX,,F,F,0,0
7/1/2026,11:05:25 AM,SPX,ML/,1000,184,,CALL,8000,0,18400000,1/15/2027,WHITE,0,198,F,INDEX,,F,F,0,0
7/1/2026,12:20:52 PM,SPXW,ML/,56,46.79,,CALL,7585,0,262023,7/17/2026,WHITE,0,16,F,INDEX,,F,F,0,0
7/1/2026,12:23:42 PM,SPXW,ML/,74,47.75,,CALL,7585,0,353350,7/17/2026,WHITE,0,16,F,INDEX,,F,F,0,0
7/1/2026,10:02:19 AM,VIX,BLOCK,200,0.65,,CALL,35,0,13000,8/19/2026,WHITE,0,49,F,INDEX,,F,T,0,0
7/1/2026,10:03:05 AM,VIX,BLOCK,351,0.65,,CALL,35,0,22815,8/19/2026,WHITE,0,49,F,INDEX,,F,T,0,0
7/1/2026,11:39:40 AM,VIX,BLOCK,250,0.66,,CALL,35,0,16500,8/19/2026,WHITE,0,49,F,INDEX,,F,T,0,0
7/1/2026,3:12:19 PM,SPX,ML/,150,176.8,,PUT,7500,0,2652000,9/18/2026,WHITE,0,79,F,INDEX,,F,F,0,0
7/1/2026,9:43:13 AM,SPX,ML/,300,198.94,,PUT,7500,0,5968200,9/18/2026,WHITE,0,79,F,INDEX,,F,F,0,0
7/1/2026,9:43:40 AM,SPX,ML/,100,196.49,,PUT,7500,0,1964900,9/18/2026,WHITE,0,79,F,INDEX,,F,F,0,0
7/1/2026,9:56:09 AM,SPX,ML/,450,188.77,,PUT,7500,0,8494650,9/18/2026,WHITE,0,79,F,INDEX,,F,F,0,0
7/1/2026,9:59:54 AM,SPX,ML/,500,187.45,,PUT,7500,0,9372500,9/18/2026,WHITE,0,79,F,INDEX,,F,F,0,0
7/1/2026,10:01:13 AM,SPX,ML/,150,187.57,,PUT,7500,0,2813550,9/18/2026,WHITE,0,79,F,INDEX,,F,F,0,0
7/1/2026,10:11:57 AM,SPX,ML/,300,180.46,,PUT,7500,0,5413800,9/18/2026,WHITE,0,79,F,INDEX,,F,F,0,0
7/1/2026,12:46:14 PM,SPX,ML/,750,171.75,,PUT,7500,0,12881250,9/18/2026,WHITE,0,79,F,INDEX,,F,F,0,0
7/1/2026,2:11:52 PM,SPX,ML/,50,177.88,,PUT,7500,0,889400,9/18/2026,WHITE,0,79,F,INDEX,,F,F,0,0
7/1/2026,3:13:03 PM,SPX,ML/,250,176.8,,PUT,7500,0,4420000,9/18/2026,WHITE,0,79,F,INDEX,,F,F,0,0
7/1/2026,9:56:09 AM,SPX,ML/,350,219.26,,CALL,7500,0,7674100,9/18/2026,WHITE,0,79,F,INDEX,,F,F,0,0
7/1/2026,9:59:41 AM,SPX,ML/,100,220.46,,CALL,7500,0,2204600,9/18/2026,WHITE,0,79,F,INDEX,,F,F,0,0
7/1/2026,9:43:13 AM,SPX,ML/,300,210.94,,CALL,7500,0,6328200,9/18/2026,WHITE,0,79,F,INDEX,,F,F,0,0
7/1/2026,9:43:40 AM,SPX,ML/,100,212.17,,CALL,7500,0,2121700,9/18/2026,WHITE,0,79,F,INDEX,,F,F,0,0
7/1/2026,9:46:56 AM,SPX,ML/,150,213.4,,CALL,7500,0,3201000,9/18/2026,WHITE,0,79,F,INDEX,,F,F,0,0
7/1/2026,9:56:09 AM,SPX,ML/,100,219.26,,CALL,7500,0,2192600,9/18/2026,WHITE,0,79,F,INDEX,,F,F,0,0
7/1/2026,9:59:54 AM,SPX,ML/,400,220.46,,CALL,7500,0,8818400,9/18/2026,WHITE,0,79,F,INDEX,,F,F,0,0
7/1/2026,10:01:13 AM,SPX,ML/,150,220.27,,CALL,7500,0,3304050,9/18/2026,WHITE,0,79,F,INDEX,,F,F,0,0
7/1/2026,10:05:25 AM,SPX,ML/,200,221.94,,CALL,7500,0,4438800,9/18/2026,WHITE,0,79,F,INDEX,,F,F,0,0
7/1/2026,12:46:14 PM,SPX,ML/,750,240,,CALL,7500,0,18000000,9/18/2026,WHITE,0,79,F,INDEX,,F,F,0,0
7/1/2026,2:11:52 PM,SPX,ML/,50,234.28,,CALL,7500,0,1171400,9/18/2026,WHITE,0,79,F,INDEX,,F,F,0,0
7/1/2026,3:12:19 PM,SPX,ML/,150,234.3,,CALL,7500,0,3514500,9/18/2026,WHITE,0,79,F,INDEX,,F,F,0,0
7/1/2026,3:13:03 PM,SPX,ML/,250,234.4,,CALL,7500,0,5860000,9/18/2026,WHITE,0,79,F,INDEX,,F,F,0,0
7/1/2026,12:55:14 PM,SPX,ML/,196,146.83,,PUT,7100,0,2877868,11/20/2026,WHITE,0,142,F,INDEX,,F,F,0,0
7/1/2026,3:21:27 PM,SPX,ML/,50,147.07,,PUT,7100,0,735350,11/20/2026,WHITE,0,142,F,INDEX,,F,F,0,0
7/1/2026,10:17:04 AM,VIX,ML/,315,0.49,,PUT,16,0,15435,8/19/2026,WHITE,0,49,F,INDEX,,F,T,0,0
7/1/2026,10:17:09 AM,VIX,ML/,630,0.49,,PUT,16,0,30870,8/19/2026,WHITE,0,49,F,INDEX,,F,T,0,0
7/1/2026,10:13:56 AM,VIX,BLOCK,250,0.5,,PUT,16,0,12500,8/19/2026,WHITE,0,49,F,INDEX,,F,T,0,0
7/1/2026,10:18:50 AM,VIX,ML/,378,0.49,,PUT,16,0,18522,8/19/2026,WHITE,0,49,F,INDEX,,F,T,0,0
7/1/2026,10:18:50 AM,VIX,ML/,567,0.5,,PUT,16,0,28350,8/19/2026,WHITE,0,49,F,INDEX,,F,T,0,0
7/1/2026,10:21:17 AM,VIX,ML/,249,0.49,,PUT,16,0,12201,8/19/2026,WHITE,0,49,F,INDEX,,F,T,0,0
7/1/2026,10:21:17 AM,VIX,ML/,366,0.5,,PUT,16,0,18300,8/19/2026,WHITE,0,49,F,INDEX,,F,T,0,0
7/1/2026,12:39:34 PM,VIX,ML/,3000,0.51,,PUT,16,0,153000,8/19/2026,WHITE,0,49,F,INDEX,,F,T,0,0
7/1/2026,3:45:45 PM,VIX,BLOCK,1101,0.48,,PUT,16,0,52848,8/19/2026,WHITE,0,49,F,INDEX,,F,T,0,0
7/1/2026,1:55:37 PM,VIX,ML/,1000,0.5,,PUT,16,0,50000,8/19/2026,WHITE,0,49,F,INDEX,,F,T,0,0
7/1/2026,11:37:34 AM,SPXW,ML/,250,164.9,,CALL,7565,0,4122500,8/31/2026,WHITE,0,61,F,INDEX,,F,T,0,0
7/1/2026,11:42:11 AM,SPXW,ML/,50,164.9,,CALL,7565,0,824500,8/31/2026,WHITE,0,61,F,INDEX,,F,T,0,0
7/1/2026,11:43:20 AM,SPXW,ML/,50,164.9,,CALL,7565,0,824500,8/31/2026,WHITE,0,61,F,INDEX,,F,T,0,0
7/1/2026,11:55:53 AM,SPXW,ML/,100,164.9,,CALL,7565,0,1649000,8/31/2026,WHITE,0,61,F,INDEX,,F,T,0,0
7/1/2026,10:06:25 AM,SPXW,ML/,100,2.65,,PUT,6650,0,26500,7/17/2026,WHITE,0,16,F,INDEX,,F,F,0,0
7/1/2026,10:06:25 AM,SPXW,ML/,150,2.65,,PUT,6650,0,39750,7/17/2026,WHITE,0,16,F,INDEX,,F,F,0,0
7/1/2026,12:57:18 PM,SPX,ML/,1500,69.37,,CALL,8000,0,10405500,10/16/2026,WHITE,0,107,F,INDEX,,F,F,0,0
7/1/2026,12:57:52 PM,SPX,ML/,500,69.37,,CALL,8000,0,3468500,10/16/2026,WHITE,0,107,F,INDEX,,F,F,0,0
7/1/2026,1:16:16 PM,SPX,ML/,300,68.78,,CALL,8000,0,2063400,10/16/2026,WHITE,0,107,F,INDEX,,F,F,0,0
7/1/2026,10:00:18 AM,VIX,BLOCK,200,0.83,,CALL,30,0,16600,8/19/2026,WHITE,0,49,F,INDEX,,F,T,0,0
7/1/2026,1:10:28 PM,VIX,ML/,936,0.87,,CALL,30,0,81432,8/19/2026,WHITE,0,49,F,INDEX,,F,T,0,0
7/1/2026,1:10:29 PM,VIX,ML/,1060,0.87,,CALL,30,0,92220,8/19/2026,WHITE,0,49,F,INDEX,,F,T,0,0
7/1/2026,1:10:27 PM,VIX,ML/,839,0.86,,CALL,30,0,72154,8/19/2026,WHITE,0,49,F,INDEX,,F,T,0,0
7/1/2026,1:10:30 PM,VIX,ML/,765,0.87,,CALL,30,0,66555,8/19/2026,WHITE,0,49,F,INDEX,,F,T,0,0
7/1/2026,1:10:28 PM,VIX,ML/,756,0.85,,CALL,30,0,64260,8/19/2026,WHITE,0,49,F,INDEX,,F,T,0,0
7/1/2026,1:10:31 PM,VIX,ML/,994,0.87,,CALL,30,0,86478,8/19/2026,WHITE,0,49,F,INDEX,,F,T,0,0
7/1/2026,1:10:31 PM,VIX,ML/,292,0.85,,CALL,30,0,24820,8/19/2026,WHITE,0,49,F,INDEX,,F,T,0,0
7/1/2026,1:10:31 PM,VIX,ML/,858,0.86,,CALL,30,0,73788,8/19/2026,WHITE,0,49,F,INDEX,,F,T,0,0
7/1/2026,3:27:15 PM,SPXW,ML/,100,15.65,,PUT,7360,0,156500,7/10/2026,WHITE,0,9,F,INDEX,,F,T,0,0
7/1/2026,9:42:27 AM,SPX,BLOCK,64,34.3,,CALL,7575,0,219519,7/17/2026,WHITE,0,16,F,INDEX,,F,F,0,0
7/1/2026,12:03:19 PM,SPX,ML/,50,50.1,,CALL,7575,0,250500,7/17/2026,WHITE,0,16,F,INDEX,,F,F,0,0
7/1/2026,12:03:21 PM,SPX,ML/,61,50.16,,CALL,7575,0,305976,7/17/2026,WHITE,0,16,F,INDEX,,F,F,0,0
7/1/2026,12:03:21 PM,SPX,ML/,89,50.15,,CALL,7575,0,446334,7/17/2026,WHITE,0,16,F,INDEX,,F,F,0,0
7/1/2026,2:15:54 PM,SPX,BLOCK,66,41.4,,CALL,7575,0,273239,7/17/2026,WHITE,0,16,F,INDEX,,F,F,0,0
7/1/2026,3:57:54 PM,SPX,ML/,800,37.92,,CALL,7575,0,3033600,7/17/2026,WHITE,0,16,F,INDEX,,F,F,0,0
7/1/2026,3:13:18 PM,SPXW,ML/,80,37.05,,PUT,7415,0,296400,7/15/2026,WHITE,0,14,F,INDEX,,F,T,0,0
7/1/2026,3:13:24 PM,SPXW,ML/,64,36.98,,PUT,7415,0,236671,7/15/2026,WHITE,0,14,F,INDEX,,F,T,0,0
7/1/2026,3:13:24 PM,SPXW,ML/,146,36.97,,PUT,7415,0,539762,7/15/2026,WHITE,0,14,F,INDEX,,F,T,0,0
7/1/2026,9:44:13 AM,SPXW,ML/,52,4.14,,PUT,6550,0,21527,7/22/2026,WHITE,0,21,F,INDEX,,F,T,0,0
7/1/2026,9:44:13 AM,SPXW,ML/,52,10.53,,PUT,6750,0,54755,7/29/2026,WHITE,0,28,F,INDEX,,F,T,0,0
7/1/2026,9:48:31 AM,SPX,ML/,51,4.11,,PUT,6800,0,20961,7/17/2026,WHITE,0,16,F,INDEX,,F,F,0,0
7/1/2026,9:42:47 AM,SPX,BLOCK,1279,4.7,,PUT,6800,0,601130,7/17/2026,WHITE,0,16,F,INDEX,,F,F,0,0
7/1/2026,11:17:41 AM,SPX,ML/,105,3.22,,PUT,6800,0,33810,7/17/2026,WHITE,0,16,F,INDEX,,F,F,0,0
7/1/2026,11:19:53 AM,SPX,BLOCK,60,3.3,,PUT,6800,0,19800,7/17/2026,WHITE,0,16,F,INDEX,,F,F,0,0
7/1/2026,12:09:20 PM,SPX,ML/,162,2.87,,PUT,6800,0,46494,7/17/2026,WHITE,0,16,F,INDEX,,F,F,0,0
7/1/2026,12:55:14 PM,SPX,ML/,70,3.11,,PUT,6800,0,21770,7/17/2026,WHITE,0,16,F,INDEX,,F,F,0,0
7/1/2026,9:42:51 AM,SPX,ML/,60,13.87,,PUT,4650,0,83220,11/20/2026,WHITE,0,142,F,INDEX,,F,F,0,0
7/1/2026,9:42:51 AM,SPX,ML/,60,16.02,,PUT,4200,0,96120,1/15/2027,WHITE,0,198,F,INDEX,,F,F,0,0
7/1/2026,9:56:11 AM,SPX,ML/,50,15.65,,PUT,4200,0,78250,1/15/2027,WHITE,0,198,F,INDEX,,F,F,0,0
7/1/2026,9:43:01 AM,SPX,ML/,100,1.2,,PUT,2600,0,12000,10/16/2026,WHITE,0,107,F,INDEX,,F,F,0,0
7/1/2026,10:05:58 AM,SPXW,ML/,100,5.01,,PUT,6900,0,50100,7/17/2026,WHITE,0,16,F,INDEX,,F,F,0,0
7/1/2026,1:09:24 PM,SPXW,ML/,100,4.51,,PUT,6900,0,45100,7/17/2026,WHITE,0,16,F,INDEX,,F,F,0,0
7/1/2026,12:49:54 PM,SPXW,ML/,53,48.51,,PUT,7460,0,257102,7/16/2026,WHITE,0,15,F,INDEX,,F,T,0,0
7/1/2026,9:43:22 AM,VIX,BLOCK,1000,0.92,,PUT,17,0,92000,10/21/2026,WHITE,0,112,F,INDEX,,F,T,0,0
7/1/2026,11:12:58 AM,SPX,ML/,500,4.9,,PUT,6950,0,245000,7/17/2026,WHITE,0,16,F,INDEX,,F,F,0,0
7/1/2026,1:05:58 PM,SPX,ML/,65,4.98,,PUT,6950,0,32370,7/17/2026,WHITE,0,16,F,INDEX,,F,F,0,0
7/1/2026,2:22:52 PM,SPX,ML/,100,52,,CALL,7925,0,520000,9/18/2026,WHITE,0,79,F,INDEX,,F,F,0,0
7/1/2026,4:08:53 PM,SPX,ML/,1000,46.5,,CALL,7925,0,4650000,9/18/2026,WHITE,0,79,F,INDEX,,F,F,0,0
7/1/2026,9:43:44 AM,SPXW,ML/,105,7.75,,PUT,6100,0,81375,8/14/2026,WHITE,0,44,F,INDEX,,F,T,0,0
7/1/2026,9:43:47 AM,SPXW,ML/,145,7.75,,PUT,6100,0,112375,8/14/2026,WHITE,0,44,F,INDEX,,F,T,0,0
7/1/2026,9:43:59 AM,SPXW,ML/,250,7.75,,PUT,6100,0,193750,8/14/2026,WHITE,0,44,F,INDEX,,F,T,0,0
7/1/2026,9:44:01 AM,SPXW,ML/,116,7.75,,PUT,6100,0,89900,8/14/2026,WHITE,0,44,F,INDEX,,F,T,0,0
7/1/2026,9:44:07 AM,SPXW,ML/,250,7.77,,PUT,6100,0,194249,8/14/2026,WHITE,0,44,F,INDEX,,F,T,0,0
7/1/2026,9:44:08 AM,SPXW,ML/,250,7.77,,PUT,6100,0,194249,8/14/2026,WHITE,0,44,F,INDEX,,F,T,0,0
7/1/2026,12:53:48 PM,SPXW,ML/,80,98.98,,PUT,7525,0,791840,7/28/2026,WHITE,0,27,F,INDEX,,F,T,0,0
7/1/2026,10:11:57 AM,SPX,ML/,300,32.5,,PUT,6500,0,975000,9/18/2026,WHITE,0,79,F,INDEX,,F,F,0,0
7/1/2026,10:16:41 AM,SPX,ML/,200,252.25,,PUT,7500,0,5045000,11/20/2026,WHITE,0,142,F,INDEX,,F,F,0,0
7/1/2026,1:17:08 PM,SPXW,ML/,75,24.7,,PUT,7200,0,185250,7/24/2026,WHITE,0,23,F,INDEX,,F,T,0,0
7/1/2026,3:38:09 PM,SPXW,ML/,250,24.8,,PUT,7200,0,620000,7/24/2026,WHITE,0,23,F,INDEX,,F,T,0,0
7/1/2026,12:24:15 PM,SPX,ML/,120,51.69,,CALL,7570,0,620279,7/17/2026,WHITE,0,16,F,INDEX,,F,F,0,0
7/1/2026,9:44:18 AM,SPX,ML/,100,55.6,,PUT,6800,0,556000,9/18/2026,WHITE,0,79,F,INDEX,,F,F,0,0
7/1/2026,10:00:06 AM,SPX,ML/,50,52.61,,PUT,6800,0,263050,9/18/2026,WHITE,0,79,F,INDEX,,F,F,0,0
7/1/2026,12:55:14 PM,SPX,ML/,190,51.1,,PUT,6800,0,970900,9/18/2026,WHITE,0,79,F,INDEX,,F,F,0,0
7/1/2026,11:29:00 AM,SPX,BLOCK,50,48.4,,PUT,6800,0,242000,9/18/2026,WHITE,0,79,F,INDEX,,F,F,0,0
7/1/2026,2:45:38 PM,SPX,ML/,200,51.5,,PUT,6800,0,1030000,9/18/2026,WHITE,0,79,F,INDEX,,F,F,0,0
7/1/2026,2:25:41 PM,VIX,ML/,30000,1.1,,CALL,32,0,3300000,9/16/2026,WHITE,0,77,F,INDEX,,F,T,0,0
7/1/2026,11:27:06 AM,SPXW,BLOCK,100,3.2,,PUT,6800,0,32000,7/17/2026,WHITE,0,16,F,INDEX,,F,F,0,0
7/1/2026,10:07:53 AM,SPXW,ML/,50,115,,CALL,7425,0,575000,7/14/2026,WHITE,0,13,F,INDEX,,F,T,0,0
7/1/2026,3:55:09 PM,SPXW,BLOCK,53,6.5,,PUT,6600,0,34450,7/29/2026,WHITE,0,28,F,INDEX,,F,T,0,0
7/1/2026,10:28:29 AM,RUTW,ML/,52,5.61,,PUT,2980,0,29172,7/6/2026,WHITE,0,5,F,INDEX,,F,T,0,0
7/1/2026,12:59:34 PM,SPXW,ML/,150,0.72,,PUT,6900,0,10800,7/8/2026,WHITE,0,7,F,INDEX,,F,T,0,0
7/1/2026,2:26:53 PM,SPX,ML/,250,4.97,,CALL,9200,0,124250,12/18/2026,WHITE,0,170,F,INDEX,,F,F,0,0
7/1/2026,9:45:06 AM,SPX,ML/,326,4.08,,CALL,7740,0,133008,7/17/2026,WHITE,0,16,F,INDEX,,F,F,0,0
7/1/2026,9:45:06 AM,SPX,ML/,175,3.33,,CALL,7755,0,58275,7/17/2026,WHITE,0,16,F,INDEX,,F,F,0,0
7/1/2026,9:45:06 AM,SPX,ML/,169,28.26,,CALL,7590,0,477594,7/17/2026,WHITE,0,16,F,INDEX,,F,F,0,0
7/1/2026,9:45:06 AM,SPX,ML/,175,24.89,,PUT,7230,0,435575,7/17/2026,WHITE,0,16,F,INDEX,,F,F,0,0
7/1/2026,9:45:09 AM,SPX,ML/,50,347.45,,CALL,7225,0,1737250,8/21/2026,WHITE,0,51,F,INDEX,,F,F,0,0
7/1/2026,12:51:35 PM,SPX,ML/,61,389.45,,CALL,7225,0,2375645,8/21/2026,WHITE,0,51,F,INDEX,,F,F,0,0
7/1/2026,2:15:14 PM,SPX,ML/,50,378.31,,CALL,7225,0,1891550,8/21/2026,WHITE,0,51,F,INDEX,,F,F,0,0
7/1/2026,2:53:25 PM,SPX,ML/,50,375.88,,CALL,7225,0,1879400,8/21/2026,WHITE,0,51,F,INDEX,,F,F,0,0
7/1/2026,3:52:04 PM,SPX,ML/,50,370.62,,CALL,7225,0,1853100,8/21/2026,WHITE,0,51,F,INDEX,,F,F,0,0
7/1/2026,3:57:09 PM,SPX,ML/,50,368.28,,CALL,7225,0,1841400,8/21/2026,WHITE,0,51,F,INDEX,,F,F,0,0
7/1/2026,9:45:09 AM,SPX,ML/,50,268.55,,CALL,7225,0,1342750,7/17/2026,WHITE,0,16,F,INDEX,,F,F,0,0
7/1/2026,12:51:35 PM,SPX,ML/,61,313.95,,CALL,7225,0,1915095,7/17/2026,WHITE,0,16,F,INDEX,,F,F,0,0
7/1/2026,2:15:14 PM,SPX,ML/,50,301.61,,CALL,7225,0,1508050,7/17/2026,WHITE,0,16,F,INDEX,,F,F,0,0
7/1/2026,2:53:25 PM,SPX,ML/,50,299.08,,CALL,7225,0,1495400,7/17/2026,WHITE,0,16,F,INDEX,,F,F,0,0
7/1/2026,3:52:04 PM,SPX,ML/,50,293.92,,CALL,7225,0,1469600,7/17/2026,WHITE,0,16,F,INDEX,,F,F,0,0
7/1/2026,3:57:09 PM,SPX,ML/,50,290.88,,CALL,7225,0,1454400,7/17/2026,WHITE,0,16,F,INDEX,,F,F,0,0
7/1/2026,10:11:17 AM,SPXW,ML/,69,77.78,,PUT,7200,0,536682,8/31/2026,WHITE,0,61,F,INDEX,,F,T,0,0
7/1/2026,10:23:49 AM,SPXW,ML/,80,46.37,,CALL,7570,0,370960,7/17/2026,WHITE,0,16,F,INDEX,,F,F,0,0
7/1/2026,3:10:46 PM,XSP,BLOCK,72,2.7,,PUT,690,0,19440,8/14/2026,WHITE,0,44,F,INDEX,,F,T,0,0
7/1/2026,9:45:53 AM,SPX,ML/,400,10.06,,PUT,5400,0,402400,9/18/2026,WHITE,0,79,F,INDEX,,F,F,0,0
7/1/2026,2:28:02 PM,SPX,ML/,200,2.45,,PUT,6650,0,49000,7/17/2026,WHITE,0,16,F,INDEX,,F,F,0,0
7/1/2026,3:57:09 PM,SPX,ML/,244,2.5,,PUT,6650,0,61000,7/17/2026,WHITE,0,16,F,INDEX,,F,F,0,0
7/1/2026,4:07:35 PM,SPX,ML/,56,2.66,,PUT,6650,0,14896,7/17/2026,WHITE,0,16,F,INDEX,,F,F,0,0
7/1/2026,9:45:53 AM,SPX,ML/,400,3.11,,PUT,6650,0,124400,7/17/2026,WHITE,0,16,F,INDEX,,F,F,0,0
7/1/2026,2:28:23 PM,SPX,ML/,200,2.47,,PUT,6650,0,49400,7/17/2026,WHITE,0,16,F,INDEX,,F,F,0,0
7/1/2026,3:57:09 PM,SPX,ML/,134,2.5,,PUT,6650,0,33500,7/17/2026,WHITE,0,16,F,INDEX,,F,F,0,0
7/1/2026,4:07:35 PM,SPX,ML/,54,2.66,,PUT,6650,0,14364,7/17/2026,WHITE,0,16,F,INDEX,,F,F,0,0
7/1/2026,10:28:10 AM,SPX,ML/,750,8.5,,CALL,8050,0,637500,8/21/2026,WHITE,0,51,F,INDEX,,F,F,0,0
7/1/2026,10:43:08 AM,SPX,ML/,1200,8.32,,CALL,8050,0,998400,8/21/2026,WHITE,0,51,F,INDEX,,F,F,0,0
7/1/2026,10:31:50 AM,SPX,ML/,300,100.54,,PUT,6100,0,3016200,3/19/2027,WHITE,0,261,F,INDEX,,F,F,0,0
7/1/2026,10:40:09 AM,VIX,ML/,50,4.97,,CALL,14,0,24850,8/19/2026,WHITE,0,49,F,INDEX,,F,T,0,0
7/1/2026,11:17:15 AM,SPX,ML/,450,118.7,,PUT,7300,0,5341500,9/18/2026,WHITE,0,79,F,INDEX,,F,F,0,0
7/1/2026,11:20:13 AM,SPX,ML/,50,118.7,,PUT,7300,0,593500,9/18/2026,WHITE,0,79,F,INDEX,,F,F,0,0
7/1/2026,11:11:57 AM,SPX,ML/,180,119.1,,PUT,7300,0,2143800,9/18/2026,WHITE,0,79,F,INDEX,,F,F,0,0
7/1/2026,11:22:16 AM,SPX,ML/,100,118.7,,PUT,7300,0,1187000,9/18/2026,WHITE,0,79,F,INDEX,,F,F,0,0
7/1/2026,11:20:27 AM,SPX,ML/,450,116.5,,PUT,7300,0,5242500,9/18/2026,WHITE,0,79,F,INDEX,,F,F,0,0
7/1/2026,2:26:02 PM,SPX,ML/,60,120.4,,PUT,7300,0,722400,9/18/2026,WHITE,0,79,F,INDEX,,F,F,0,0
7/1/2026,2:52:46 PM,SPX,ML/,125,121.56,,PUT,7300,0,1519500,9/18/2026,WHITE,0,79,F,INDEX,,F,F,0,0
7/1/2026,2:25:05 PM,VIX,BLOCK,516,0.23,,CALL,110,0,11868,12/16/2026,WHITE,0,168,F,INDEX,,F,T,0,0
7/1/2026,2:17:09 PM,SPXW,ML/,250,21.4,,PUT,7410,0,535000,7/10/2026,WHITE,0,9,F,INDEX,,F,T,0,0
7/1/2026,3:49:22 PM,VIX,SWEEP,771,0.78,,CALL,40,0,60138,9/16/2026,WHITE,0,77,F,INDEX,,F,T,0,0
7/1/2026,9:46:56 AM,SPXW,ML/,150,178,,CALL,7500,0,2670000,8/31/2026,WHITE,0,61,F,INDEX,,F,T,0,0
7/1/2026,9:46:56 AM,SPXW,ML/,150,171,,PUT,7500,0,2565000,8/31/2026,WHITE,0,61,F,INDEX,,F,T,0,0
7/1/2026,3:05:38 PM,SPX,ML/,195,174.6,,PUT,7000,0,3404700,1/15/2027,WHITE,0,198,F,INDEX,,F,F,0,0
7/1/2026,10:17:45 AM,SPX,ML/,60,174,,PUT,7000,0,1044000,1/15/2027,WHITE,0,198,F,INDEX,,F,F,0,0
7/1/2026,11:05:25 AM,SPX,ML/,1000,172,,PUT,7000,0,17200000,1/15/2027,WHITE,0,198,F,INDEX,,F,F,0,0
7/1/2026,3:06:06 PM,SPX,ML/,65,174.6,,PUT,7000,0,1134900,1/15/2027,WHITE,0,198,F,INDEX,,F,F,0,0
7/1/2026,3:46:33 PM,SPX,ML/,100,174.38,,PUT,7000,0,1743800,1/15/2027,WHITE,0,198,F,INDEX,,F,F,0,0
7/1/2026,12:28:21 PM,XSP,BLOCK,50,3.75,,CALL,752,0,18750,7/7/2026,WHITE,0,6,F,INDEX,,F,T,0,0
7/1/2026,12:13:05 PM,SPXW,ML/,85,1.52,,PUT,5000,0,12919,8/10/2026,WHITE,0,40,F,INDEX,,F,T,0,0
7/1/2026,2:53:00 PM,RUT,ML/,139,17.6,,PUT,1800,0,244640,6/17/2027,WHITE,0,351,F,INDEX,,F,T,0,0
7/1/2026,2:33:10 PM,SPXW,ML/,60,38.05,,PUT,7430,0,228300,7/14/2026,WHITE,0,13,F,INDEX,,F,T,0,0
7/1/2026,2:36:42 PM,SPXW,ML/,60,37.49,,PUT,7430,0,224940,7/14/2026,WHITE,0,13,F,INDEX,,F,T,0,0
7/1/2026,2:20:20 PM,SPXW,ML/,100,37.91,,PUT,7430,0,379099,7/14/2026,WHITE,0,13,F,INDEX,,F,T,0,0
7/1/2026,2:20:51 PM,SPXW,ML/,100,37.98,,PUT,7430,0,379799,7/14/2026,WHITE,0,13,F,INDEX,,F,T,0,0
7/1/2026,2:11:05 PM,SPXW,ML/,100,37.16,,PUT,7430,0,371599,7/14/2026,WHITE,0,13,F,INDEX,,F,T,0,0
7/1/2026,2:11:46 PM,SPXW,ML/,100,37.27,,PUT,7430,0,372700,7/14/2026,WHITE,0,13,F,INDEX,,F,T,0,0
7/1/2026,2:19:36 PM,SPXW,ML/,100,38.16,,PUT,7430,0,381600,7/14/2026,WHITE,0,13,F,INDEX,,F,T,0,0
7/1/2026,2:19:57 PM,SPXW,ML/,100,37.56,,PUT,7430,0,375600,7/14/2026,WHITE,0,13,F,INDEX,,F,T,0,0
7/1/2026,2:27:08 PM,SPXW,ML/,100,37.78,,PUT,7430,0,377800,7/14/2026,WHITE,0,13,F,INDEX,,F,T,0,0
7/1/2026,2:27:25 PM,SPXW,ML/,71,37.61,,PUT,7430,0,267031,7/14/2026,WHITE,0,13,F,INDEX,,F,T,0,0
7/1/2026,2:39:06 PM,SPXW,ML/,100,37.88,,PUT,7430,0,378800,7/14/2026,WHITE,0,13,F,INDEX,,F,T,0,0
7/1/2026,2:41:55 PM,SPXW,ML/,100,38.08,,PUT,7430,0,380800,7/14/2026,WHITE,0,13,F,INDEX,,F,T,0,0
7/1/2026,2:42:25 PM,SPXW,ML/,100,37.86,,PUT,7430,0,378600,7/14/2026,WHITE,0,13,F,INDEX,,F,T,0,0
7/1/2026,2:57:54 PM,SPXW,ML/,100,39.5,,PUT,7430,0,395000,7/14/2026,WHITE,0,13,F,INDEX,,F,T,0,0
7/1/2026,3:00:52 PM,SPXW,ML/,100,38.66,,PUT,7430,0,386600,7/14/2026,WHITE,0,13,F,INDEX,,F,T,0,0
7/1/2026,2:27:19 PM,SPXW,ML/,500,71.83,,PUT,7550,0,3591500,7/10/2026,WHITE,0,9,F,INDEX,,F,T,0,0
7/1/2026,9:47:41 AM,SPX,ML/,50,507,,PUT,7500,0,2535000,12/17/2027,WHITE,0,534,F,INDEX,,F,F,0,0
7/1/2026,3:13:03 PM,SPX,ML/,250,492.7,,PUT,7500,0,12317500,12/17/2027,WHITE,0,534,F,INDEX,,F,F,0,0
7/1/2026,9:47:41 AM,SPX,ML/,50,857.7,,CALL,7500,0,4288500,12/17/2027,WHITE,0,534,F,INDEX,,F,F,0,0
7/1/2026,3:13:03 PM,SPX,ML/,250,885.3,,CALL,7500,0,22132500,12/17/2027,WHITE,0,534,F,INDEX,,F,F,0,0
7/1/2026,9:47:43 AM,SPX,ML/,50,24.65,,PUT,5375,0,123250,11/20/2026,WHITE,0,142,F,INDEX,,F,F,0,0
7/1/2026,9:47:43 AM,SPX,ML/,50,26.35,,PUT,5150,0,131750,12/18/2026,WHITE,0,170,F,INDEX,,F,F,0,0
7/1/2026,10:50:46 AM,SPXW,ML/,75,25.65,,CALL,7675,0,192375,7/24/2026,WHITE,0,23,F,INDEX,,F,T,0,0
7/1/2026,3:26:44 PM,SPXW,ML/,55,3.2,,PUT,7130,0,17600,7/10/2026,WHITE,0,9,F,INDEX,,F,T,0,0
7/1/2026,12:05:53 PM,SPXW,ML/,57,20,,CALL,7720,0,114000,7/24/2026,WHITE,0,23,F,INDEX,,F,T,0,0
7/1/2026,12:04:11 PM,SPXW,ML/,55,22.55,,CALL,7710,0,124025,7/24/2026,WHITE,0,23,F,INDEX,,F,T,0,0
7/1/2026,12:23:35 PM,VIX,BLOCK,163,1.65,,CALL,21,0,26895,8/19/2026,WHITE,0,49,F,INDEX,,F,T,0,0
7/1/2026,9:51:58 AM,SPXW,ML/,81,9.64,,CALL,7850,0,78084,8/3/2026,WHITE,0,33,F,INDEX,,F,T,0,0
7/1/2026,9:48:23 AM,SPX,ML/,50,62,,PUT,7135,0,310000,8/21/2026,WHITE,0,51,F,INDEX,,F,F,0,0
7/1/2026,9:48:23 AM,SPX,ML/,50,137.7,,PUT,7455,0,688499,8/21/2026,WHITE,0,51,F,INDEX,,F,F,0,0
7/1/2026,9:48:43 AM,SPXW,ML/,126,172.33,,CALL,7675,0,2171358,10/16/2026,WHITE,0,107,F,INDEX,,F,F,0,0
7/1/2026,9:48:46 AM,SPX,BLOCK,50,82.8,,CALL,7475,0,414000,7/17/2026,WHITE,0,16,F,INDEX,,F,F,0,0
7/1/2026,9:48:47 AM,SPXW,ML/,414,131.74,,CALL,7700,0,5454036,9/30/2026,WHITE,0,91,F,INDEX,,F,T,0,0
7/1/2026,11:31:00 AM,SPX,BLOCK,64,18,,PUT,7275,0,115200,7/17/2026,WHITE,0,16,F,INDEX,,F,F,0,0
7/1/2026,9:48:54 AM,SPX,ML/,57,24.21,,PUT,6700,0,137997,8/21/2026,WHITE,0,51,F,INDEX,,F,F,0,0
7/1/2026,3:12:43 PM,SPXW,ML/,72,42.46,,CALL,7580,0,305712,7/17/2026,WHITE,0,16,F,INDEX,,F,F,0,0
7/1/2026,3:19:34 PM,SPXW,ML/,333,42.37,,CALL,7580,0,1410921,7/17/2026,WHITE,0,16,F,INDEX,,F,F,0,0
7/1/2026,9:48:58 AM,SPX,BLOCK,50,77.7,,PUT,7475,0,388500,7/17/2026,WHITE,0,16,F,INDEX,,F,F,0,0
7/1/2026,9:59:21 AM,RUT,ML/,255,109,,PUT,3030,0,2779500,9/18/2026,WHITE,0,79,F,INDEX,,F,F,0,0
7/1/2026,9:59:21 AM,RUT,ML/,255,127,,CALL,3030,0,3238500,9/18/2026,WHITE,0,79,F,INDEX,,F,F,0,0
7/1/2026,3:59:31 PM,SPXW,BLOCK,50,2.35,,PUT,7185,0,11750,7/8/2026,WHITE,0,7,F,INDEX,,F,T,0,0
7/1/2026,9:49:20 AM,SPX,BLOCK,77,569,,PUT,7800,0,4381300,9/17/2027,WHITE,0,443,F,INDEX,,F,F,0,0
7/1/2026,10:26:55 AM,SPX,BLOCK,112,555.5,,PUT,7800,0,6221600,9/17/2027,WHITE,0,443,F,INDEX,,F,F,0,0
7/1/2026,10:00:27 AM,SPXW,BLOCK,50,56.9,,CALL,8400,0,284500,12/31/2026,WHITE,0,183,F,INDEX,,F,T,0,0
7/1/2026,10:19:46 AM,SPXW,BLOCK,50,58.6,,CALL,8400,0,293000,12/31/2026,WHITE,0,183,F,INDEX,,F,T,0,0
7/1/2026,10:20:06 AM,SPXW,BLOCK,50,58.8,,CALL,8400,0,294000,12/31/2026,WHITE,0,183,F,INDEX,,F,T,0,0
7/1/2026,3:45:53 PM,VIX,ML/,300,0.44,,CALL,45,0,13200,8/19/2026,WHITE,0,49,F,INDEX,,F,T,0,0
7/1/2026,9:58:37 AM,SPX,ML/,525,216,,CALL,7800,0,11340000,12/18/2026,WHITE,0,170,F,INDEX,,F,F,0,0
7/1/2026,9:59:32 AM,SPX,ML/,825,216,,CALL,7800,0,17820000,12/18/2026,WHITE,0,170,F,INDEX,,F,F,0,0
7/1/2026,9:59:41 AM,SPX,ML/,150,216,,CALL,7800,0,3240000,12/18/2026,WHITE,0,170,F,INDEX,,F,F,0,0
7/1/2026,3:23:20 PM,SPX,ML/,250,227.7,,CALL,7800,0,5692500,12/18/2026,WHITE,0,170,F,INDEX,,F,F,0,0
7/1/2026,3:25:12 PM,SPXW,ML/,120,61.75,,CALL,7580,0,741000,7/24/2026,WHITE,0,23,F,INDEX,,F,T,0,0
7/1/2026,9:54:42 AM,SPX,ML/,183,279.38,,CALL,7675,0,5112654,12/18/2026,WHITE,0,170,F,INDEX,,F,F,0,0
7/1/2026,2:17:03 PM,XSP,ML/,50,7.2,,PUT,757,0,36000,7/2/2026,WHITE,0,1,F,INDEX,,F,T,0,0
7/1/2026,10:28:29 AM,RUTW,ML/,52,15.15,,CALL,3050,0,78780,7/6/2026,WHITE,0,5,F,INDEX,,F,T,0,0
7/1/2026,11:56:44 AM,RUT,ML/,300,74.09,,CALL,3000,0,2222700,7/17/2026,WHITE,0,16,F,INDEX,,F,F,0,0
7/1/2026,3:40:11 PM,SPX,ML/,200,331.97,,CALL,7600,0,6639400,12/18/2026,WHITE,0,170,F,INDEX,,F,F,0,0
7/1/2026,3:40:11 PM,SPX,ML/,50,331.98,,CALL,7600,0,1659900,12/18/2026,WHITE,0,170,F,INDEX,,F,F,0,0
7/1/2026,10:20:36 AM,SPXW,ML/,50,114.24,,PUT,7570,0,571200,7/21/2026,WHITE,0,20,F,INDEX,,F,T,0,0
7/1/2026,9:50:00 AM,SPXW,ML/,286,184.07,,CALL,7700,0,5264402,10/30/2026,WHITE,0,121,F,INDEX,,F,T,0,0
7/1/2026,9:50:00 AM,SPXW,ML/,286,188.82,,CALL,7690,0,5400252,10/30/2026,WHITE,0,121,F,INDEX,,F,T,0,0
7/1/2026,11:08:16 AM,SPX,ML/,340,592,,PUT,8000,0,20128000,6/17/2027,WHITE,0,351,F,INDEX,,F,T,0,0
7/1/2026,9:50:30 AM,SPX,ML/,60,134.25,,PUT,6975,0,805500,11/20/2026,WHITE,0,142,F,INDEX,,F,F,0,0
7/1/2026,1:00:36 PM,SPX,ML/,600,78.49,,PUT,5800,0,4709400,3/19/2027,WHITE,0,261,F,INDEX,,F,F,0,0
7/1/2026,11:03:52 AM,SPX,ML/,50,129.8,,PUT,6400,0,649000,3/19/2027,WHITE,0,261,F,INDEX,,F,F,0,0
7/1/2026,9:51:00 AM,SPXW,ML/,183,233.05,,CALL,7675,0,4264815,11/20/2026,WHITE,0,142,F,INDEX,,F,F,0,0
7/1/2026,9:51:00 AM,SPXW,ML/,183,220.4,,CALL,7700,0,4033320,11/20/2026,WHITE,0,142,F,INDEX,,F,F,0,0
7/1/2026,1:16:33 PM,SPXW,ML/,60,12.3,,PUT,7335,0,73800,7/10/2026,WHITE,0,9,F,INDEX,,F,T,0,0
7/1/2026,3:01:16 PM,SPXW,ML/,60,13.31,,PUT,7335,0,79860,7/10/2026,WHITE,0,9,F,INDEX,,F,T,0,0
7/1/2026,10:11:29 AM,SPXW,ML/,981,0.28,,PUT,7135,0,27468,7/2/2026,WHITE,0,1,F,INDEX,,F,T,0,0
7/1/2026,9:51:05 AM,RUTW,SWEEP,282,32.2,,PUT,2950,0,908040,7/24/2026,WHITE,0,23,F,INDEX,,F,T,0,0
7/1/2026,9:51:25 AM,RUTW,SWEEP,75,32.2,,PUT,2950,0,241500,7/24/2026,WHITE,0,23,F,INDEX,,F,T,0,0
7/1/2026,10:50:02 AM,SPXW,ML/,80,18.09,,CALL,7725,0,144719,7/27/2026,WHITE,0,26,F,INDEX,,F,T,0,0
7/1/2026,2:42:30 PM,SPX,ML/,5000,161.2,,PUT,7450,0,80600000,9/18/2026,WHITE,0,79,F,INDEX,,F,F,0,0
7/1/2026,2:42:30 PM,SPX,ML/,5000,266.2,,CALL,7450,0,133100000,9/18/2026,WHITE,0,79,F,INDEX,,F,F,0,0
7/1/2026,2:41:48 PM,RUTW,ML/,100,5.88,,PUT,3000,0,58800,7/2/2026,WHITE,0,1,F,INDEX,,F,T,0,0
7/1/2026,11:37:15 AM,SPX,BLOCK,98,69.5,,PUT,7250,0,681100,8/21/2026,WHITE,0,51,F,INDEX,,F,F,0,0
7/1/2026,11:50:52 AM,SPX,ML/,480,69.75,,PUT,7250,0,3348000,8/21/2026,WHITE,0,51,F,INDEX,,F,F,0,0
7/1/2026,12:08:50 PM,SPX,ML/,120,68.44,,PUT,7250,0,821279,8/21/2026,WHITE,0,51,F,INDEX,,F,F,0,0
7/1/2026,9:51:36 AM,RUT,ML/,92,45.02,,PUT,2900,0,414184,8/21/2026,WHITE,0,51,F,INDEX,,F,F,0,0
7/1/2026,12:56:20 PM,VIX,BLOCK,157,0.69,,CALL,21.5,0,10832,7/22/2026,WHITE,0,21,F,INDEX,,F,T,0,0
7/1/2026,3:35:21 PM,VIX,ML/,7000,0.63,,CALL,21.5,0,441000,7/22/2026,WHITE,0,21,F,INDEX,,F,T,0,0
7/1/2026,11:11:24 AM,SPX,ML/,1000,126.7,,PUT,6000,0,12670000,6/17/2027,WHITE,0,351,F,INDEX,,F,T,0,0
7/1/2026,10:57:39 AM,VIX,BLOCK,889,0.27,,CALL,30,0,24003,7/22/2026,WHITE,0,21,F,INDEX,,F,T,0,0
7/1/2026,10:59:03 AM,VIX,BLOCK,444,0.27,,CALL,30,0,11988,7/22/2026,WHITE,0,21,F,INDEX,,F,T,0,0
7/1/2026,11:04:45 AM,VIX,BLOCK,500,0.26,,CALL,30,0,13000,7/22/2026,WHITE,0,21,F,INDEX,,F,T,0,0
7/1/2026,10:59:39 AM,VIX,BLOCK,2000,0.27,,CALL,30,0,54000,7/22/2026,WHITE,0,21,F,INDEX,,F,T,0,0
7/1/2026,3:29:34 PM,VIX,ML/,10000,0.26,,CALL,30,0,260000,7/22/2026,WHITE,0,21,F,INDEX,,F,T,0,0
7/1/2026,9:51:51 AM,SPXW,ML/,136,1.15,,PUT,6940,0,15639,7/8/2026,WHITE,0,7,F,INDEX,,F,T,0,0
7/1/2026,10:36:11 AM,SPXW,ML/,288,3.55,,CALL,7850,0,102239,7/24/2026,WHITE,0,23,F,INDEX,,F,T,0,0
7/1/2026,10:36:11 AM,SPXW,ML/,192,3.55,,CALL,7850,0,68159,7/24/2026,WHITE,0,23,F,INDEX,,F,T,0,0
7/1/2026,10:56:50 AM,SPX,ML/,2500,38,,PUT,6600,0,9500000,9/18/2026,WHITE,0,79,F,INDEX,,F,F,0,0
7/1/2026,10:04:56 AM,SPXW,ML/,89,20.4,,PUT,7300,0,181560,7/14/2026,WHITE,0,13,F,INDEX,,F,T,0,0
7/1/2026,10:04:56 AM,SPXW,ML/,162,20.44,,PUT,7300,0,331128,7/14/2026,WHITE,0,13,F,INDEX,,F,T,0,0
7/1/2026,3:43:00 PM,SPX,ML/,300,46.13,,PUT,7050,0,1383900,8/21/2026,WHITE,0,51,F,INDEX,,F,F,0,0
7/1/2026,3:43:05 PM,SPX,ML/,50,46.09,,PUT,7050,0,230450,8/21/2026,WHITE,0,51,F,INDEX,,F,F,0,0
7/1/2026,3:43:19 PM,SPX,ML/,2902,46.07,,PUT,7050,0,13369514,8/21/2026,WHITE,0,51,F,INDEX,,F,F,0,0
7/1/2026,9:51:58 AM,SPXW,ML/,57,22.86,,PUT,6000,0,130302,9/30/2026,WHITE,0,91,F,INDEX,,F,T,0,0
7/1/2026,9:51:58 AM,SPXW,ML/,81,22.3,,PUT,6950,0,180630,8/3/2026,WHITE,0,33,F,INDEX,,F,T,0,0
7/1/2026,10:52:05 AM,VIX,ML/,382,0.99,,CALL,27,0,37818,8/19/2026,WHITE,0,49,F,INDEX,,F,T,0,0
7/1/2026,11:37:04 AM,VIX,ML/,2000,0.99,,CALL,27,0,198000,8/19/2026,WHITE,0,49,F,INDEX,,F,T,0,0
7/1/2026,2:39:40 PM,SPXW,ML/,175,128.6,,CALL,7400,0,2250500,7/10/2026,WHITE,0,9,F,INDEX,,F,T,0,0
7/1/2026,3:36:28 PM,VIX,ML/,300,0.69,,CALL,21,0,20699,7/22/2026,WHITE,0,21,F,INDEX,,F,T,0,0
7/1/2026,10:10:14 AM,SPX,ML/,96,241.8,,CALL,7475,0,2321280,9/18/2026,WHITE,0,79,F,INDEX,,F,F,0,0
7/1/2026,9:52:08 AM,SPXW,ML/,200,83.92,,CALL,7525,0,1678400,7/28/2026,WHITE,0,27,F,INDEX,,F,T,0,0
7/1/2026,9:53:17 AM,SPXW,ML/,300,84.12,,CALL,7525,0,2523600,7/28/2026,WHITE,0,27,F,INDEX,,F,T,0,0
7/1/2026,9:54:15 AM,SPXW,ML/,500,84.22,,CALL,7525,0,4211000,7/28/2026,WHITE,0,27,F,INDEX,,F,T,0,0
7/1/2026,3:25:12 PM,SPXW,ML/,60,103.09,,CALL,7405,0,618540,7/2/2026,WHITE,0,1,F,INDEX,,F,T,0,0
7/1/2026,1:14:45 PM,SPXW,ML/,500,0.68,,CALL,7635,0,34000,7/6/2026,WHITE,0,5,F,INDEX,,F,T,0,0
7/1/2026,3:40:05 PM,SPXW,ML/,56,13.32,,CALL,7875,0,74592,8/7/2026,WHITE,0,37,F,INDEX,,F,T,0,0
7/1/2026,3:40:05 PM,SPXW,ML/,56,13.32,,CALL,7875,0,74592,8/7/2026,WHITE,0,37,F,INDEX,,F,T,0,0
7/1/2026,1:37:47 PM,SPX,ML/,1813,5.92,,CALL,7730,0,1073296,7/17/2026,WHITE,0,16,F,INDEX,,F,F,0,0
7/1/2026,10:01:23 AM,SPXW,ML/,2985,0.08,,CALL,7715,0,23880,7/2/2026,WHITE,0,1,F,INDEX,,F,T,0,0
7/1/2026,12:27:58 PM,XSP,ML/,72,2.63,,PUT,710,0,18936,8/3/2026,WHITE,0,33,F,INDEX,,F,T,0,0
7/1/2026,9:52:39 AM,SPXW,ML/,162,238.34,,CALL,7690,0,3861108,11/30/2026,WHITE,0,152,F,INDEX,,F,T,0,0
7/1/2026,9:52:39 AM,SPXW,ML/,162,233.29,,CALL,7700,0,3779297,11/30/2026,WHITE,0,152,F,INDEX,,F,T,0,0
7/1/2026,10:45:40 AM,SPXW,BLOCK,66,35.8,,PUT,7275,0,236279,7/24/2026,WHITE,0,23,F,INDEX,,F,T,0,0
7/1/2026,4:00:48 PM,RUTW,ML/,60,3.68,,CALL,3045,0,22080,7/2/2026,WHITE,0,1,F,INDEX,,F,T,0,0
7/1/2026,4:01:04 PM,RUTW,ML/,60,3.63,,CALL,3045,0,21780,7/2/2026,WHITE,0,1,F,INDEX,,F,T,0,0
7/1/2026,4:01:05 PM,RUTW,ML/,57,3.62,,CALL,3045,0,20634,7/2/2026,WHITE,0,1,F,INDEX,,F,T,0,0
7/1/2026,4:01:18 PM,RUTW,ML/,60,3.32,,CALL,3045,0,19920,7/2/2026,WHITE,0,1,F,INDEX,,F,T,0,0
7/1/2026,11:09:44 AM,SPXW,ML/,200,66.61,,PUT,7500,0,1332200,7/16/2026,WHITE,0,15,F,INDEX,,F,T,0,0
7/1/2026,9:53:05 AM,SPXW,BLOCK,100,1.5,,PUT,5600,0,15000,7/27/2026,WHITE,0,26,F,INDEX,,F,T,0,0
7/1/2026,9:57:18 AM,SPXW,BLOCK,78,1.5,,PUT,5600,0,11700,7/27/2026,WHITE,0,26,F,INDEX,,F,T,0,0
7/1/2026,11:55:58 AM,SPX,ML/,50,327.75,,CALL,7300,0,1638750,8/21/2026,WHITE,0,51,F,INDEX,,F,F,0,0
7/1/2026,12:51:28 PM,SPX,ML/,76,326.65,,CALL,7300,0,2482540,8/21/2026,WHITE,0,51,F,INDEX,,F,F,0,0
7/1/2026,12:51:28 PM,SPX,ML/,50,326.74,,CALL,7300,0,1633700,8/21/2026,WHITE,0,51,F,INDEX,,F,F,0,0
7/1/2026,3:40:11 PM,SPX,ML/,250,312.19,,PUT,7600,0,7804750,12/18/2026,WHITE,0,170,F,INDEX,,F,F,0,0
7/1/2026,4:00:45 PM,SPX,BLOCK,53,319.4,,PUT,7600,0,1692819,12/18/2026,WHITE,0,170,F,INDEX,,F,F,0,0
7/1/2026,9:55:07 AM,SPX,ML/,800,87.95,,PUT,7100,0,7036000,9/18/2026,WHITE,0,79,F,INDEX,,F,F,0,0
7/1/2026,2:26:02 PM,SPX,ML/,60,84,,PUT,7100,0,504000,9/18/2026,WHITE,0,79,F,INDEX,,F,F,0,0
7/1/2026,1:19:17 PM,SPX,ML/,200,83.34,,PUT,7100,0,1666800,9/18/2026,WHITE,0,79,F,INDEX,,F,F,0,0
7/1/2026,10:20:33 AM,SPX,ML/,1000,121.84,,CALL,7700,0,12184000,9/18/2026,WHITE,0,79,F,INDEX,,F,F,0,0
7/1/2026,10:16:40 AM,SPX,ML/,1160,53.29,,CALL,10000,0,6181640,12/17/2027,WHITE,0,534,F,INDEX,,F,F,0,0
7/1/2026,12:47:14 PM,SPXW,ML/,50,223.85,,PUT,7600,0,1119250,9/30/2026,WHITE,0,91,F,INDEX,,F,T,0,0
7/1/2026,12:47:14 PM,SPXW,ML/,50,202.06,,CALL,7600,0,1010300,9/30/2026,WHITE,0,91,F,INDEX,,F,T,0,0
7/1/2026,2:44:21 PM,SPX,ML/,350,396.99,,CALL,7500,0,13894650,12/18/2026,WHITE,0,170,F,INDEX,,F,F,0,0
7/1/2026,2:48:12 PM,SPX,ML/,350,396.99,,CALL,7500,0,13894650,12/18/2026,WHITE,0,170,F,INDEX,,F,F,0,0
7/1/2026,9:53:49 AM,SPXW,BLOCK,57,19.3,,CALL,7555,0,110010,7/9/2026,WHITE,0,8,F,INDEX,,F,T,0,0
7/1/2026,10:29:36 AM,SPXW,BLOCK,100,23,,CALL,7555,0,230000,7/9/2026,WHITE,0,8,F,INDEX,,F,T,0,0
7/1/2026,10:37:39 AM,SPX,ML/,150,11.97,,CALL,7675,0,179550,7/17/2026,WHITE,0,16,F,INDEX,,F,F,0,0
7/1/2026,1:10:44 PM,SPX,ML/,120,13.35,,CALL,7675,0,160200,7/17/2026,WHITE,0,16,F,INDEX,,F,F,0,0
7/1/2026,3:26:07 PM,SPXW,ML/,75,12.81,,PUT,7340,0,96075,7/10/2026,WHITE,0,9,F,INDEX,,F,T,0,0
7/1/2026,3:28:36 PM,SPXW,ML/,50,13.29,,PUT,7340,0,66450,7/10/2026,WHITE,0,9,F,INDEX,,F,T,0,0
7/1/2026,3:29:53 PM,SPXW,ML/,50,13.24,,PUT,7340,0,66200,7/10/2026,WHITE,0,9,F,INDEX,,F,T,0,0
7/1/2026,3:26:36 PM,SPXW,ML/,70,6.41,,PUT,7240,0,44870,7/10/2026,WHITE,0,9,F,INDEX,,F,T,0,0
7/1/2026,3:26:42 PM,SPXW,ML/,60,6.43,,PUT,7240,0,38579,7/10/2026,WHITE,0,9,F,INDEX,,F,T,0,0
7/1/2026,3:26:44 PM,SPXW,ML/,110,6.46,,PUT,7240,0,71060,7/10/2026,WHITE,0,9,F,INDEX,,F,T,0,0
7/1/2026,10:48:30 AM,SPXW,ML/,60,35.82,,CALL,7590,0,214919,7/17/2026,WHITE,0,16,F,INDEX,,F,F,0,0
7/1/2026,12:03:02 PM,SPX,ML/,154,1.14,,CALL,10000,0,17555,12/18/2026,WHITE,0,170,F,INDEX,,F,F,0,0
7/1/2026,9:54:45 AM,SPX,ML/,200,1.11,,CALL,10000,0,22200,12/18/2026,WHITE,0,170,F,INDEX,,F,F,0,0
7/1/2026,12:03:02 PM,SPX,ML/,146,1.14,,CALL,10000,0,16644,12/18/2026,WHITE,0,170,F,INDEX,,F,F,0,0
7/1/2026,12:03:02 PM,SPX,ML/,154,8.79,,CALL,9000,0,135366,12/18/2026,WHITE,0,170,F,INDEX,,F,F,0,0
7/1/2026,9:54:45 AM,SPX,ML/,200,7.61,,CALL,9000,0,152200,12/18/2026,WHITE,0,170,F,INDEX,,F,F,0,0
7/1/2026,10:25:40 AM,SPX,ML/,950,7.95,,CALL,9000,0,755250,12/18/2026,WHITE,0,170,F,INDEX,,F,F,0,0
7/1/2026,12:03:02 PM,SPX,ML/,146,8.79,,CALL,9000,0,128333,12/18/2026,WHITE,0,170,F,INDEX,,F,F,0,0
7/1/2026,2:26:53 PM,SPX,ML/,500,8.53,,CALL,9000,0,426500,12/18/2026,WHITE,0,170,F,INDEX,,F,F,0,0
7/1/2026,10:39:09 AM,XSP,BLOCK,179,1.31,,PUT,738,0,23449,7/8/2026,WHITE,0,7,F,INDEX,,F,T,0,0
7/1/2026,4:01:43 PM,SPXW,BLOCK,1200,0.15,,PUT,6600,0,18000,7/6/2026,WHITE,0,5,F,INDEX,,F,T,0,0
7/1/2026,10:24:16 AM,SPX,ML/,120,200,,CALL,7550,0,2400000,9/18/2026,WHITE,0,79,F,INDEX,,F,F,0,0
7/1/2026,10:20:33 AM,SPX,ML/,380,198,,CALL,7550,0,7524000,9/18/2026,WHITE,0,79,F,INDEX,,F,F,0,0
7/1/2026,10:24:22 AM,SPX,ML/,56,200,,CALL,7550,0,1120000,9/18/2026,WHITE,0,79,F,INDEX,,F,F,0,0
7/1/2026,10:28:10 AM,SPX,ML/,55,200,,CALL,7550,0,1100000,9/18/2026,WHITE,0,79,F,INDEX,,F,F,0,0
7/1/2026,10:41:49 AM,SPX,ML/,62,200,,CALL,7550,0,1240000,9/18/2026,WHITE,0,79,F,INDEX,,F,F,0,0
7/1/2026,10:56:50 AM,SPX,ML/,200,200,,CALL,7550,0,4000000,9/18/2026,WHITE,0,79,F,INDEX,,F,F,0,0
7/1/2026,10:25:14 AM,SPX,ML/,228,198,,CALL,7550,0,4514400,9/18/2026,WHITE,0,79,F,INDEX,,F,F,0,0
7/1/2026,10:15:53 AM,SPX,ML/,70,199,,CALL,7550,0,1393000,9/18/2026,WHITE,0,79,F,INDEX,,F,F,0,0
7/1/2026,10:24:53 AM,SPX,ML/,54,199.9,,CALL,7550,0,1079460,9/18/2026,WHITE,0,79,F,INDEX,,F,F,0,0
7/1/2026,10:57:30 AM,SPX,ML/,55,199.5,,CALL,7550,0,1097250,9/18/2026,WHITE,0,79,F,INDEX,,F,F,0,0
7/1/2026,10:26:55 AM,SPX,ML/,51,201.03,,CALL,7550,0,1025253,9/18/2026,WHITE,0,79,F,INDEX,,F,F,0,0
7/1/2026,2:56:49 PM,SPX,ML/,80,200.5,,CALL,7550,0,1604000,9/18/2026,WHITE,0,79,F,INDEX,,F,F,0,0
7/1/2026,11:18:03 AM,SPX,ML/,909,208.1,,CALL,7550,0,18916289,9/18/2026,WHITE,0,79,F,INDEX,,F,F,0,0
7/1/2026,1:30:59 PM,SPX,ML/,200,207.98,,CALL,7550,0,4159600,9/18/2026,WHITE,0,79,F,INDEX,,F,F,0,0
7/1/2026,3:06:08 PM,SPX,ML/,205,203,,CALL,7550,0,4161500,9/18/2026,WHITE,0,79,F,INDEX,,F,F,0,0
7/1/2026,4:06:20 PM,SPX,ML/,200,189.41,,CALL,7550,0,3788200,9/18/2026,WHITE,0,79,F,INDEX,,F,F,0,0
7/1/2026,11:20:03 AM,SPX,BLOCK,53,179,,CALL,7925,0,948700,12/18/2026,WHITE,0,170,F,INDEX,,F,F,0,0
7/1/2026,9:56:11 AM,SPX,ML/,50,14.3,,PUT,4725,0,71500,11/20/2026,WHITE,0,142,F,INDEX,,F,F,0,0
7/1/2026,9:56:22 AM,VIX,BLOCK,830,0.26,,CALL,80,0,21580,9/16/2026,WHITE,0,77,F,INDEX,,F,T,0,0
7/1/2026,11:42:01 AM,SPXW,ML/,73,197.23,,CALL,7325,0,1439779,7/2/2026,WHITE,0,1,F,INDEX,,F,T,0,0
7/1/2026,11:28:44 AM,SPXW,ML/,53,198.97,,CALL,7325,0,1054541,7/2/2026,WHITE,0,1,F,INDEX,,F,T,0,0
7/1/2026,11:40:07 AM,SPXW,ML/,55,192.95,,CALL,7325,0,1061225,7/2/2026,WHITE,0,1,F,INDEX,,F,T,0,0
7/1/2026,11:42:01 AM,SPXW,ML/,102,197.23,,CALL,7325,0,2011746,7/2/2026,WHITE,0,1,F,INDEX,,F,T,0,0
7/1/2026,11:49:45 AM,SPXW,ML/,173,193.06,,CALL,7325,0,3339938,7/2/2026,WHITE,0,1,F,INDEX,,F,T,0,0
7/1/2026,3:18:59 PM,SPXW,ML/,50,180.21,,CALL,7325,0,901050,7/2/2026,WHITE,0,1,F,INDEX,,F,T,0,0
7/1/2026,9:56:35 AM,RUTW,ML/,2600,1.22,,PUT,2350,0,317200,7/31/2026,WHITE,0,30,F,INDEX,,F,T,0,0
7/1/2026,9:56:35 AM,RUTW,ML/,2000,5.1,,PUT,2650,0,1020000,7/31/2026,WHITE,0,30,F,INDEX,,F,T,0,0
7/1/2026,9:56:35 AM,RUT,ML/,2000,15.57,,PUT,2700,0,3114000,8/21/2026,WHITE,0,51,F,INDEX,,F,F,0,0
7/1/2026,9:56:35 AM,RUT,ML/,2600,3.95,,PUT,2400,0,1027000,8/21/2026,WHITE,0,51,F,INDEX,,F,F,0,0
7/1/2026,3:20:57 PM,SPXW,ML/,1800,0.1,,PUT,6450,0,18000,7/7/2026,WHITE,0,6,F,INDEX,,F,T,0,0
7/1/2026,3:39:15 PM,SPXW,ML/,2000,0.18,,PUT,6450,0,36000,7/7/2026,WHITE,0,6,F,INDEX,,F,T,0,0
7/1/2026,9:57:30 AM,VIX,BLOCK,559,0.26,,CALL,100,0,14534,12/16/2026,WHITE,0,168,F,INDEX,,F,T,0,0
7/1/2026,12:19:09 PM,XSP,ML/,95,2.9,,PUT,720,0,27550,7/29/2026,WHITE,0,28,F,INDEX,,F,T,0,0
7/1/2026,12:19:09 PM,XSP,ML/,95,2.9,,PUT,720,0,27550,7/29/2026,WHITE,0,28,F,INDEX,,F,T,0,0
7/1/2026,10:08:29 AM,SPX,ML/,250,219.78,,PUT,7300,0,5494500,12/18/2026,WHITE,0,170,F,INDEX,,F,F,0,0
7/1/2026,10:08:43 AM,SPX,ML/,250,219.68,,PUT,7300,0,5492000,12/18/2026,WHITE,0,170,F,INDEX,,F,F,0,0
7/1/2026,12:55:14 PM,SPX,ML/,120,215.4,,PUT,7300,0,2584800,12/18/2026,WHITE,0,170,F,INDEX,,F,F,0,0
7/1/2026,1:43:37 PM,SPX,ML/,350,215.31,,PUT,7300,0,7535850,12/18/2026,WHITE,0,170,F,INDEX,,F,F,0,0
7/1/2026,9:58:37 AM,SPX,ML/,350,413.9,,PUT,7800,0,14486500,12/18/2026,WHITE,0,170,F,INDEX,,F,F,0,0
7/1/2026,9:59:32 AM,SPX,ML/,550,414.9,,PUT,7800,0,22819500,12/18/2026,WHITE,0,170,F,INDEX,,F,F,0,0
7/1/2026,9:59:41 AM,SPX,ML/,100,415.1,,PUT,7800,0,4151000,12/18/2026,WHITE,0,170,F,INDEX,,F,F,0,0
7/1/2026,10:35:37 AM,SPX,ML/,50,405.86,,PUT,7800,0,2029300,12/18/2026,WHITE,0,170,F,INDEX,,F,F,0,0
7/1/2026,9:58:37 AM,SPXW,ML/,875,17.1,,CALL,7670,0,1496250,7/21/2026,WHITE,0,20,F,INDEX,,F,T,0,0
7/1/2026,9:59:32 AM,SPXW,ML/,1375,17.1,,CALL,7670,0,2351250,7/21/2026,WHITE,0,20,F,INDEX,,F,T,0,0
7/1/2026,9:59:41 AM,SPXW,ML/,250,17.1,,CALL,7670,0,427500,7/21/2026,WHITE,0,20,F,INDEX,,F,T,0,0
7/1/2026,12:39:30 PM,RUT,ML/,105,26.91,,CALL,3600,0,282555,12/18/2026,WHITE,0,170,F,INDEX,,F,F,0,0
7/1/2026,3:15:02 PM,SPXW,ML/,100,58.7,,PUT,7490,0,587000,7/15/2026,WHITE,0,14,F,INDEX,,F,T,0,0
7/1/2026,10:30:13 AM,SPX,ML/,50,8.45,,PUT,7080,0,42249,7/17/2026,WHITE,0,16,F,INDEX,,F,F,0,0
7/1/2026,10:30:14 AM,SPX,ML/,50,8.45,,PUT,7080,0,42249,7/17/2026,WHITE,0,16,F,INDEX,,F,F,0,0
7/1/2026,9:58:56 AM,SPX,ML/,200,12.8,,PUT,7110,0,256000,7/17/2026,WHITE,0,16,F,INDEX,,F,F,0,0
7/1/2026,10:30:47 AM,SPXW,ML/,89,15.74,,PUT,7390,0,140086,7/8/2026,WHITE,0,7,F,INDEX,,F,T,0,0
7/1/2026,10:30:46 AM,SPXW,ML/,51,15.6,,PUT,7390,0,79560,7/8/2026,WHITE,0,7,F,INDEX,,F,T,0,0
7/1/2026,10:30:48 AM,SPXW,ML/,88,15.74,,PUT,7390,0,138512,7/8/2026,WHITE,0,7,F,INDEX,,F,T,0,0
7/1/2026,9:59:21 AM,RUT,ML/,1000,51.93,,PUT,2850,0,5193000,9/18/2026,WHITE,0,79,F,INDEX,,F,F,0,0
7/1/2026,9:59:21 AM,RUT,ML/,500,226.39,,CALL,3200,0,11319500,6/17/2027,WHITE,0,351,F,INDEX,,F,T,0,0
7/1/2026,9:59:21 AM,RUT,ML/,500,298.1,,PUT,3200,0,14905000,6/17/2027,WHITE,0,351,F,INDEX,,F,T,0,0
7/1/2026,1:37:32 PM,SPXW,ML/,1000,3.57,,CALL,7625,0,357000,7/8/2026,WHITE,0,7,F,INDEX,,F,T,0,0
7/1/2026,1:03:17 PM,VIX,BLOCK,50,3.38,,CALL,15,0,16900,7/22/2026,WHITE,0,21,F,INDEX,,F,T,0,0
7/1/2026,3:20:48 PM,SPX,ML/,100,6.92,,PUT,5100,0,69200,9/18/2026,WHITE,0,79,F,INDEX,,F,F,0,0
7/1/2026,10:30:13 AM,SPX,ML/,50,38.78,,PUT,6980,0,193900,8/21/2026,WHITE,0,51,F,INDEX,,F,F,0,0
7/1/2026,10:30:14 AM,SPX,ML/,50,38.78,,PUT,6980,0,193900,8/21/2026,WHITE,0,51,F,INDEX,,F,F,0,0
7/1/2026,3:13:24 PM,SPXW,ML/,73,60.81,,PUT,7495,0,443913,7/15/2026,WHITE,0,14,F,INDEX,,F,T,0,0
7/1/2026,9:59:56 AM,SPX,BLOCK,725,0.15,,PUT,600,0,10875,2/19/2027,WHITE,0,233,F,INDEX,,F,F,0,0
7/1/2026,1:41:02 PM,SPX,ML/,390,30.5,,PUT,6450,0,1189500,9/18/2026,WHITE,0,79,F,INDEX,,F,F,0,0
7/1/2026,10:00:01 AM,RUT,BLOCK,75,58,,PUT,2880,0,435000,9/18/2026,WHITE,0,79,F,INDEX,,F,F,0,0
7/1/2026,10:05:38 AM,RUT,BLOCK,75,56.3,,PUT,2880,0,422250,9/18/2026,WHITE,0,79,F,INDEX,,F,F,0,0
7/1/2026,11:31:52 AM,RUT,BLOCK,75,52.8,,PUT,2880,0,396000,9/18/2026,WHITE,0,79,F,INDEX,,F,F,0,0
7/1/2026,1:15:00 PM,RUT,BLOCK,75,54.4,,PUT,2880,0,408000,9/18/2026,WHITE,0,79,F,INDEX,,F,F,0,0
7/1/2026,3:05:40 PM,RUT,BLOCK,70,57.2,,PUT,2880,0,400400,9/18/2026,WHITE,0,79,F,INDEX,,F,F,0,0
7/1/2026,3:24:05 PM,RUT,BLOCK,75,56.7,,PUT,2880,0,425250,9/18/2026,WHITE,0,79,F,INDEX,,F,F,0,0
7/1/2026,10:45:44 AM,RUT,ML/,50,6.36,,PUT,2840,0,31800,7/17/2026,WHITE,0,16,F,INDEX,,F,F,0,0
7/1/2026,10:00:06 AM,SPX,ML/,50,103.61,,PUT,7200,0,518050,9/18/2026,WHITE,0,79,F,INDEX,,F,F,0,0
7/1/2026,10:11:57 AM,SPX,ML/,600,100.73,,PUT,7200,0,6043800,9/18/2026,WHITE,0,79,F,INDEX,,F,F,0,0
7/1/2026,11:38:04 AM,SPX,ML/,100,96.72,,PUT,7200,0,967200,9/18/2026,WHITE,0,79,F,INDEX,,F,F,0,0
7/1/2026,12:49:54 PM,SPXW,ML/,54,32.35,,PUT,7480,0,174690,7/9/2026,WHITE,0,8,F,INDEX,,F,T,0,0
7/1/2026,2:52:46 PM,SPX,ML/,70,94.22,,CALL,7650,0,659540,8/21/2026,WHITE,0,51,F,INDEX,,F,F,0,0
7/1/2026,11:22:38 AM,SPX,ML/,50,154.95,,CALL,7550,0,774749,8/21/2026,WHITE,0,51,F,INDEX,,F,F,0,0
7/1/2026,11:22:45 AM,SPX,ML/,50,155.29,,CALL,7550,0,776450,8/21/2026,WHITE,0,51,F,INDEX,,F,F,0,0
7/1/2026,2:43:13 PM,SPXW,BLOCK,52,3.3,,PUT,6675,0,17160,7/20/2026,WHITE,0,19,F,INDEX,,F,T,0,0
7/1/2026,11:28:49 AM,SPXW,ML/,70,3.25,,PUT,7355,0,22750,7/6/2026,WHITE,0,5,F,INDEX,,F,T,0,0
7/1/2026,2:32:54 PM,VIX,ML/,4000,1.81,,CALL,24,0,724000,9/16/2026,WHITE,0,77,F,INDEX,,F,T,0,0
7/1/2026,3:17:17 PM,SPX,BLOCK,112,74.5,,PUT,6300,0,834400,12/18/2026,WHITE,0,170,F,INDEX,,F,F,0,0
7/1/2026,4:11:59 PM,SPX,BLOCK,60,103,,PUT,7550,0,618000,7/17/2026,WHITE,0,16,F,INDEX,,F,F,0,0
7/1/2026,10:58:28 AM,SPX,ML/,350,66.28,,CALL,8300,0,2319800,12/18/2026,WHITE,0,170,F,INDEX,,F,F,0,0
7/1/2026,1:03:03 PM,SPX,ML/,300,70.03,,CALL,8300,0,2100900,12/18/2026,WHITE,0,170,F,INDEX,,F,F,0,0
7/1/2026,11:34:13 AM,SPXW,BLOCK,52,6.9,,PUT,7215,0,35880,7/13/2026,WHITE,0,12,F,INDEX,,F,T,0,0
7/1/2026,11:01:46 AM,SPXW,BLOCK,50,20.4,,PUT,7425,0,101999,7/8/2026,WHITE,0,7,F,INDEX,,F,T,0,0
7/1/2026,4:00:45 PM,SPXW,BLOCK,50,23.9,,PUT,7425,0,119500,7/8/2026,WHITE,0,7,F,INDEX,,F,T,0,0
7/1/2026,4:40:26 PM,SPXW,BLOCK,50,26.4,,PUT,7425,0,132000,7/8/2026,WHITE,0,7,F,INDEX,,F,T,0,0
7/1/2026,10:18:51 AM,SPXW,ML/,2990,0.05,,CALL,7725,0,14950,7/2/2026,WHITE,0,1,F,INDEX,,F,T,0,0
7/1/2026,11:15:23 AM,SPXW,ML/,2762,0.05,,CALL,7725,0,13810,7/2/2026,WHITE,0,1,F,INDEX,,F,T,0,0
7/1/2026,10:01:40 AM,SPXW,ML/,1500,0.08,,CALL,7725,0,12000,7/2/2026,WHITE,0,1,F,INDEX,,F,T,0,0
7/1/2026,10:01:44 AM,SPX,ML/,200,146.5,,CALL,8200,0,2930000,2/19/2027,WHITE,0,233,F,INDEX,,F,F,0,0
7/1/2026,3:14:33 PM,SPX,BLOCK,56,15.2,,CALL,8800,0,85120,12/18/2026,WHITE,0,170,F,INDEX,,F,F,0,0
7/1/2026,2:26:53 PM,SPX,ML/,250,15.46,,CALL,8800,0,386500,12/18/2026,WHITE,0,170,F,INDEX,,F,F,0,0
7/1/2026,11:51:38 AM,VIX,BLOCK,240,4.2,,CALL,16,0,100800,9/16/2026,WHITE,0,77,F,INDEX,,F,T,0,0
7/1/2026,11:56:44 AM,RUT,ML/,500,90.22,,PUT,3000,0,4511000,9/18/2026,WHITE,0,79,F,INDEX,,F,F,0,0
7/1/2026,10:02:13 AM,SPX,ML/,50,10.7,,PUT,3700,0,53500,1/15/2027,WHITE,0,198,F,INDEX,,F,F,0,0
7/1/2026,10:02:13 AM,SPX,ML/,50,6.8,,PUT,3800,0,34000,11/20/2026,WHITE,0,142,F,INDEX,,F,F,0,0
7/1/2026,3:37:13 PM,SPX,ML/,107,16.52,,CALL,7950,0,176764,8/21/2026,WHITE,0,51,F,INDEX,,F,F,0,0
7/1/2026,3:37:14 PM,SPX,ML/,115,16.52,,CALL,7950,0,189980,8/21/2026,WHITE,0,51,F,INDEX,,F,F,0,0
7/1/2026,3:36:12 PM,SPX,ML/,500,16.6,,CALL,7950,0,830000,8/21/2026,WHITE,0,51,F,INDEX,,F,F,0,0
7/1/2026,11:46:36 AM,SPX,ML/,310,18.58,,CALL,7950,0,575979,8/21/2026,WHITE,0,51,F,INDEX,,F,F,0,0
7/1/2026,3:37:16 PM,SPX,ML/,96,16.52,,CALL,7950,0,158592,8/21/2026,WHITE,0,51,F,INDEX,,F,F,0,0
7/1/2026,10:02:22 AM,RUT,ML/,50,104.48,,CALL,3400,0,522400,3/19/2027,WHITE,0,261,F,INDEX,,F,F,0,0
7/1/2026,11:48:58 AM,SPXW,ML/,90,1.42,,PUT,6000,0,12780,7/22/2026,WHITE,0,21,F,INDEX,,F,T,0,0
7/1/2026,4:03:09 PM,VIX,BLOCK,107,3.6,,CALL,20,0,38520,12/16/2026,WHITE,0,168,F,INDEX,,F,T,0,0
7/1/2026,10:21:46 AM,SPX,ML/,71,2.9,,PUT,5100,0,20590,8/21/2026,WHITE,0,51,F,INDEX,,F,F,0,0
7/1/2026,3:20:48 PM,SPX,ML/,100,2.87,,PUT,5100,0,28700,8/21/2026,WHITE,0,51,F,INDEX,,F,F,0,0
7/1/2026,10:02:37 AM,SPX,ML/,100,300,,PUT,5200,0,3000000,12/19/2031,WHITE,0,1997,F,INDEX,,F,F,0,0
7/1/2026,10:02:37 AM,SPX,ML/,100,411.66,,PUT,6000,0,4116600,12/19/2031,WHITE,0,1997,F,INDEX,,F,F,0,0
7/1/2026,3:37:13 PM,SPX,ML/,214,3.06,,CALL,8200,0,65484,8/21/2026,WHITE,0,51,F,INDEX,,F,F,0,0
7/1/2026,3:37:14 PM,SPX,ML/,230,3.06,,CALL,8200,0,70380,8/21/2026,WHITE,0,51,F,INDEX,,F,F,0,0
7/1/2026,3:37:16 PM,SPX,ML/,192,3.06,,CALL,8200,0,58752,8/21/2026,WHITE,0,51,F,INDEX,,F,F,0,0
7/1/2026,3:37:17 PM,SPX,ML/,70,3.06,,CALL,8200,0,21420,8/21/2026,WHITE,0,51,F,INDEX,,F,F,0,0
7/1/2026,3:37:18 PM,SPX,ML/,58,3.06,,CALL,8200,0,17748,8/21/2026,WHITE,0,51,F,INDEX,,F,F,0,0
7/1/2026,3:37:18 PM,SPX,ML/,54,3.06,,CALL,8200,0,16524,8/21/2026,WHITE,0,51,F,INDEX,,F,F,0,0
7/1/2026,3:37:19 PM,SPX,ML/,66,3.06,,CALL,8200,0,20196,8/21/2026,WHITE,0,51,F,INDEX,,F,F,0,0
7/1/2026,3:37:19 PM,SPX,ML/,94,3.06,,CALL,8200,0,28764,8/21/2026,WHITE,0,51,F,INDEX,,F,F,0,0
7/1/2026,3:36:12 PM,SPX,ML/,1000,3.05,,CALL,8200,0,305000,8/21/2026,WHITE,0,51,F,INDEX,,F,F,0,0
7/1/2026,3:55:55 PM,SPX,ML/,110,882.2,,PUT,8500,0,9704200,6/17/2027,WHITE,0,351,F,INDEX,,F,T,0,0
7/1/2026,2:00:14 PM,SPXW,ML/,50,35,,PUT,7100,0,175000,8/7/2026,WHITE,0,37,F,INDEX,,F,T,0,0
7/1/2026,3:50:18 PM,RUT,ML/,52,251.12,,PUT,3100,0,1305824,6/17/2027,WHITE,0,351,F,INDEX,,F,T,0,0
7/1/2026,10:03:18 AM,SPX,ML/,50,38.81,,CALL,7805,0,194050,8/21/2026,WHITE,0,51,F,INDEX,,F,F,0,0
7/1/2026,3:15:02 PM,SPXW,ML/,200,35.7,,PUT,7410,0,714000,7/15/2026,WHITE,0,14,F,INDEX,,F,T,0,0
7/1/2026,3:15:02 PM,SPXW,ML/,54,35.64,,PUT,7410,0,192456,7/15/2026,WHITE,0,14,F,INDEX,,F,T,0,0
7/1/2026,10:22:51 AM,SPXW,ML/,60,16.23,,CALL,7700,0,97380,7/22/2026,WHITE,0,21,F,INDEX,,F,T,0,0
7/1/2026,10:50:02 AM,SPXW,ML/,80,32,,PUT,7250,0,256000,7/24/2026,WHITE,0,23,F,INDEX,,F,T,0,0
7/1/2026,11:33:23 AM,XSP,ML/,60,4.65,,PUT,715,0,27900,8/14/2026,WHITE,0,44,F,INDEX,,F,T,0,0
7/1/2026,3:57:18 PM,SPX,ML/,120,4.61,,PUT,6900,0,55320,7/17/2026,WHITE,0,16,F,INDEX,,F,F,0,0
7/1/2026,2:52:44 PM,SPX,ML/,100,4.3,,PUT,6900,0,43000,7/17/2026,WHITE,0,16,F,INDEX,,F,F,0,0
7/1/2026,11:20:50 AM,SPX,ML/,89,3.94,,PUT,6900,0,35066,7/17/2026,WHITE,0,16,F,INDEX,,F,F,0,0
7/1/2026,12:55:14 PM,SPX,ML/,292,4.03,,PUT,6900,0,117676,7/17/2026,WHITE,0,16,F,INDEX,,F,F,0,0
7/1/2026,4:38:15 PM,SPX,BLOCK,60,4.9,,PUT,6900,0,29400,7/17/2026,WHITE,0,16,F,INDEX,,F,F,0,0
7/1/2026,10:04:04 AM,SPX,ML/,63,4.42,,PUT,6875,0,27846,7/17/2026,WHITE,0,16,F,INDEX,,F,F,0,0
7/1/2026,10:21:46 AM,SPX,ML/,64,4.2,,PUT,6875,0,26880,7/17/2026,WHITE,0,16,F,INDEX,,F,F,0,0
7/1/2026,11:02:40 AM,SPXW,BLOCK,50,3.5,,CALL,8000,0,17500,8/4/2026,WHITE,0,34,F,INDEX,,F,T,0,0
7/1/2026,12:01:08 PM,SPXW,ML/,90,2.22,,PUT,6800,0,19980,7/15/2026,WHITE,0,14,F,INDEX,,F,T,0,0
7/1/2026,3:38:39 PM,SPXW,ML/,50,2.38,,PUT,6800,0,11900,7/15/2026,WHITE,0,14,F,INDEX,,F,T,0,0
7/1/2026,10:04:56 AM,SPXW,ML/,251,2.5,,CALL,7730,0,62750,7/14/2026,WHITE,0,13,F,INDEX,,F,T,0,0
7/1/2026,10:04:56 AM,SPXW,ML/,89,24.45,,PUT,7330,0,217604,7/14/2026,WHITE,0,13,F,INDEX,,F,T,0,0
7/1/2026,10:04:56 AM,SPXW,ML/,162,24.48,,PUT,7330,0,396576,7/14/2026,WHITE,0,13,F,INDEX,,F,T,0,0
7/1/2026,10:05:25 AM,SPX,ML/,300,42.48,,CALL,7950,0,1274399,9/18/2026,WHITE,0,79,F,INDEX,,F,F,0,0
7/1/2026,10:37:02 AM,SPX,ML/,225,43.95,,CALL,7950,0,988875,9/18/2026,WHITE,0,79,F,INDEX,,F,F,0,0
7/1/2026,10:52:56 AM,SPX,ML/,100,44.65,,CALL,7950,0,446500,9/18/2026,WHITE,0,79,F,INDEX,,F,F,0,0
7/1/2026,10:59:58 AM,SPX,ML/,125,44.93,,CALL,7950,0,561625,9/18/2026,WHITE,0,79,F,INDEX,,F,F,0,0
7/1/2026,2:52:46 PM,SPX,ML/,53,45.44,,CALL,7950,0,240831,9/18/2026,WHITE,0,79,F,INDEX,,F,F,0,0
7/1/2026,10:05:28 AM,SPXW,ML/,800,6.25,,CALL,8440,0,500000,9/30/2026,WHITE,0,91,F,INDEX,,F,T,0,0
7/1/2026,4:04:02 PM,SPX,ML/,75,578.9,,CALL,8000,0,4341750,12/17/2027,WHITE,0,534,F,INDEX,,F,F,0,0
7/1/2026,11:20:34 AM,SPX,ML/,500,666,,PUT,8000,0,33300000,12/17/2027,WHITE,0,534,F,INDEX,,F,F,0,0
7/1/2026,4:04:02 PM,SPX,ML/,75,679.74,,PUT,8000,0,5098050,12/17/2027,WHITE,0,534,F,INDEX,,F,F,0,0
7/1/2026,10:12:22 AM,SPXW,BLOCK,99,1.55,,PUT,5800,0,15344,7/24/2026,WHITE,0,23,F,INDEX,,F,T,0,0
7/1/2026,1:43:37 PM,SPX,ML/,350,60.5,,PUT,6100,0,2117500,12/18/2026,WHITE,0,170,F,INDEX,,F,F,0,0
7/1/2026,3:40:11 PM,SPX,ML/,600,61.1,,PUT,6100,0,3666000,12/18/2026,WHITE,0,170,F,INDEX,,F,F,0,0
7/1/2026,3:22:38 PM,SPX,ML/,105,20.8,,PUT,6150,0,218400,9/18/2026,WHITE,0,79,F,INDEX,,F,F,0,0
7/1/2026,10:34:18 AM,SPX,ML/,61,16.6,,PUT,5950,0,101260,9/18/2026,WHITE,0,79,F,INDEX,,F,F,0,0
7/1/2026,2:20:57 PM,SPX,ML/,60,2.32,,PUT,6625,0,13919,7/17/2026,WHITE,0,16,F,INDEX,,F,F,0,0
7/1/2026,2:28:43 PM,SPX,ML/,200,2.35,,PUT,6625,0,47000,7/17/2026,WHITE,0,16,F,INDEX,,F,F,0,0
7/1/2026,2:55:00 PM,SPX,ML/,200,2.42,,PUT,6625,0,48400,7/17/2026,WHITE,0,16,F,INDEX,,F,F,0,0
7/1/2026,11:42:07 AM,SPXW,ML/,51,8.28,,PUT,6900,0,42228,7/24/2026,WHITE,0,23,F,INDEX,,F,T,0,0
7/1/2026,12:02:09 PM,SPXW,ML/,129,8.2,,PUT,6900,0,105780,7/24/2026,WHITE,0,23,F,INDEX,,F,T,0,0
7/1/2026,12:24:41 PM,SPXW,ML/,102,7.97,,PUT,6900,0,81294,7/24/2026,WHITE,0,23,F,INDEX,,F,T,0,0
7/1/2026,12:24:46 PM,SPXW,ML/,60,7.97,,PUT,6900,0,47820,7/24/2026,WHITE,0,23,F,INDEX,,F,T,0,0
7/1/2026,12:24:46 PM,SPXW,ML/,51,7.97,,PUT,6900,0,40647,7/24/2026,WHITE,0,23,F,INDEX,,F,T,0,0
7/1/2026,12:25:10 PM,SPXW,ML/,60,7.97,,PUT,6900,0,47820,7/24/2026,WHITE,0,23,F,INDEX,,F,T,0,0
7/1/2026,12:23:07 PM,SPXW,ML/,75,7.98,,PUT,6900,0,59850,7/24/2026,WHITE,0,23,F,INDEX,,F,T,0,0
7/1/2026,11:37:27 AM,SPXW,ML/,87,8.38,,PUT,6900,0,72906,7/24/2026,WHITE,0,23,F,INDEX,,F,T,0,0
7/1/2026,12:26:16 PM,SPXW,ML/,60,7.98,,PUT,6900,0,47880,7/24/2026,WHITE,0,23,F,INDEX,,F,T,0,0
7/1/2026,12:25:14 PM,SPXW,ML/,60,7.97,,PUT,6900,0,47820,7/24/2026,WHITE,0,23,F,INDEX,,F,T,0,0
7/1/2026,12:24:54 PM,SPXW,ML/,60,7.95,,PUT,6900,0,47700,7/24/2026,WHITE,0,23,F,INDEX,,F,T,0,0
7/1/2026,10:05:58 AM,SPXW,ML/,100,30.69,,PUT,6850,0,306900,8/21/2026,WHITE,0,51,F,INDEX,,F,F,0,0
7/1/2026,1:09:24 PM,SPXW,ML/,100,30.84,,PUT,6850,0,308400,8/21/2026,WHITE,0,51,F,INDEX,,F,F,0,0
7/1/2026,10:45:44 AM,RUTW,ML/,100,2.43,,PUT,2840,0,24300,7/10/2026,WHITE,0,9,F,INDEX,,F,T,0,0
7/1/2026,10:12:45 AM,SPX,BLOCK,60,88,,CALL,7485,0,528000,7/17/2026,WHITE,0,16,F,INDEX,,F,F,0,0
7/1/2026,11:17:58 AM,SPX,BLOCK,60,98,,CALL,7485,0,588000,7/17/2026,WHITE,0,16,F,INDEX,,F,F,0,0
7/1/2026,11:31:18 AM,SPX,ML/,100,26.5,,PUT,7350,0,265000,7/17/2026,WHITE,0,16,F,INDEX,,F,F,0,0
7/1/2026,10:09:25 AM,SPX,ML/,250,34.25,,PUT,7350,0,856250,7/17/2026,WHITE,0,16,F,INDEX,,F,F,0,0
7/1/2026,3:33:48 PM,SPX,ML/,469,29.4,,PUT,7350,0,1378860,7/17/2026,WHITE,0,16,F,INDEX,,F,F,0,0
7/1/2026,4:06:20 PM,SPXW,ML/,200,77.21,,PUT,7550,0,1544199,7/6/2026,WHITE,0,5,F,INDEX,,F,T,0,0
7/1/2026,10:06:43 AM,SPX,ML/,100,35.18,,PUT,6200,0,351800,10/16/2026,WHITE,0,107,F,INDEX,,F,F,0,0
7/1/2026,1:11:10 PM,SPX,ML/,100,35.87,,PUT,6200,0,358699,10/16/2026,WHITE,0,107,F,INDEX,,F,F,0,0
7/1/2026,10:06:43 AM,SPX,ML/,100,39.67,,PUT,6300,0,396700,10/16/2026,WHITE,0,107,F,INDEX,,F,F,0,0
7/1/2026,1:11:10 PM,SPX,ML/,100,40.33,,PUT,6300,0,403300,10/16/2026,WHITE,0,107,F,INDEX,,F,F,0,0
7/1/2026,10:06:43 AM,SPX,ML/,100,59.41,,PUT,6300,0,594100,11/20/2026,WHITE,0,142,F,INDEX,,F,F,0,0
7/1/2026,1:11:10 PM,SPX,ML/,100,59.85,,PUT,6300,0,598500,11/20/2026,WHITE,0,142,F,INDEX,,F,F,0,0
7/1/2026,10:06:49 AM,SPXW,ML/,800,57.3,,PUT,6850,0,4584000,9/18/2026,WHITE,0,79,F,INDEX,,F,F,0,0
7/1/2026,10:06:49 AM,SPXW,ML/,750,48.72,,PUT,6750,0,3654000,9/18/2026,WHITE,0,79,F,INDEX,,F,F,0,0
7/1/2026,11:05:25 AM,SPX,ML/,1000,815.7,,CALL,7000,0,81570000,1/15/2027,WHITE,0,198,F,INDEX,,F,F,0,0
7/1/2026,3:46:43 PM,SPX,ML/,100,806.31,,CALL,7000,0,8063100,1/15/2027,WHITE,0,198,F,INDEX,,F,F,0,0
7/1/2026,12:55:14 PM,SPXW,ML/,128,0.84,,PUT,6700,0,10752,7/10/2026,WHITE,0,9,F,INDEX,,F,T,0,0
7/1/2026,11:20:18 AM,SPX,ML/,67,1.52,,PUT,6400,0,10184,7/17/2026,WHITE,0,16,F,INDEX,,F,F,0,0
7/1/2026,10:07:20 AM,SPXW,ML/,225,22.34,,PUT,7000,0,502650,8/3/2026,WHITE,0,33,F,INDEX,,F,T,0,0
7/1/2026,10:07:20 AM,SPXW,ML/,75,79.72,,PUT,7400,0,597900,8/3/2026,WHITE,0,33,F,INDEX,,F,T,0,0
7/1/2026,10:07:20 AM,SPXW,ML/,150,8.65,,PUT,6600,0,129750,8/3/2026,WHITE,0,33,F,INDEX,,F,T,0,0
7/1/2026,10:07:26 AM,RUT,ML/,480,30.55,,PUT,2450,0,1466400,12/18/2026,WHITE,0,170,F,INDEX,,F,F,0,0
7/1/2026,1:48:06 PM,RUT,ML/,60,29.42,,PUT,2450,0,176520,12/18/2026,WHITE,0,170,F,INDEX,,F,F,0,0
7/1/2026,10:07:26 AM,RUT,ML/,101,122,,CALL,3050,0,1232200,9/18/2026,WHITE,0,79,F,INDEX,,F,F,0,0
7/1/2026,10:07:26 AM,RUT,ML/,240,50.06,,CALL,3450,0,1201440,12/18/2026,WHITE,0,170,F,INDEX,,F,F,0,0
7/1/2026,10:07:26 AM,RUT,ML/,101,112,,PUT,3050,0,1131200,9/18/2026,WHITE,0,79,F,INDEX,,F,F,0,0
7/1/2026,3:42:32 PM,SPXW,ML/,150,15,,PUT,6600,0,225000,8/14/2026,WHITE,0,44,F,INDEX,,F,T,0,0
7/1/2026,3:42:57 PM,SPXW,ML/,50,15,,PUT,6600,0,75000,8/14/2026,WHITE,0,44,F,INDEX,,F,T,0,0
7/1/2026,10:07:54 AM,SPX,ML/,50,4.27,,PUT,2400,0,21349,2/19/2027,WHITE,0,233,F,INDEX,,F,F,0,0
7/1/2026,10:08:01 AM,VIX,ML/,2000,0.79,,CALL,31,0,158000,8/19/2026,WHITE,0,49,F,INDEX,,F,T,0,0
7/1/2026,10:08:01 AM,VIX,ML/,400,2.2,,PUT,19,0,88000,8/19/2026,WHITE,0,49,F,INDEX,,F,T,0,0
7/1/2026,1:38:42 PM,VIX,ML/,650,2.16,,PUT,19,0,140400,8/19/2026,WHITE,0,49,F,INDEX,,F,T,0,0
7/1/2026,1:34:41 PM,VIX,ML/,550,2.15,,PUT,19,0,118250,8/19/2026,WHITE,0,49,F,INDEX,,F,T,0,0
7/1/2026,12:25:07 PM,VIX,ML/,4400,2.19,,PUT,19,0,963600,8/19/2026,WHITE,0,49,F,INDEX,,F,T,0,0
7/1/2026,1:44:18 PM,VIX,ML/,550,2.15,,PUT,19,0,118250,8/19/2026,WHITE,0,49,F,INDEX,,F,T,0,0
7/1/2026,1:55:37 PM,VIX,ML/,100,2.11,,PUT,19,0,21100,8/19/2026,WHITE,0,49,F,INDEX,,F,T,0,0
7/1/2026,10:11:21 AM,SPXW,BLOCK,153,0.75,,PUT,5750,0,11475,7/17/2026,WHITE,0,16,F,INDEX,,F,F,0,0
7/1/2026,10:08:29 AM,SPX,ML/,83,202,,CALL,7540,0,1676600,9/18/2026,WHITE,0,79,F,INDEX,,F,F,0,0
7/1/2026,10:08:43 AM,SPX,ML/,82,202,,CALL,7540,0,1656400,9/18/2026,WHITE,0,79,F,INDEX,,F,F,0,0
7/1/2026,10:09:25 AM,SPX,ML/,63,199,,CALL,7540,0,1253700,9/18/2026,WHITE,0,79,F,INDEX,,F,F,0,0
7/1/2026,10:16:40 AM,SPX,ML/,300,204.4,,CALL,7540,0,6132000,9/18/2026,WHITE,0,79,F,INDEX,,F,F,0,0
7/1/2026,10:08:29 AM,SPX,ML/,83,198,,PUT,7540,0,1643400,9/18/2026,WHITE,0,79,F,INDEX,,F,F,0,0
7/1/2026,10:08:43 AM,SPX,ML/,82,198,,PUT,7540,0,1623600,9/18/2026,WHITE,0,79,F,INDEX,,F,F,0,0
7/1/2026,10:09:25 AM,SPX,ML/,63,200,,PUT,7540,0,1260000,9/18/2026,WHITE,0,79,F,INDEX,,F,F,0,0
7/1/2026,10:16:40 AM,SPX,ML/,300,195.4,,PUT,7540,0,5862000,9/18/2026,WHITE,0,79,F,INDEX,,F,F,0,0
7/1/2026,11:40:01 AM,SPX,ML/,85,199,,CALL,7570,0,1691500,9/18/2026,WHITE,0,79,F,INDEX,,F,F,0,0
7/1/2026,12:06:14 PM,SPX,ML/,160,199.5,,CALL,7570,0,3192000,9/18/2026,WHITE,0,79,F,INDEX,,F,F,0,0
7/1/2026,11:39:32 AM,SPX,ML/,83,198,,CALL,7570,0,1643400,9/18/2026,WHITE,0,79,F,INDEX,,F,F,0,0
7/1/2026,11:29:22 AM,SPX,ML/,85,201.6,,CALL,7570,0,1713600,9/18/2026,WHITE,0,79,F,INDEX,,F,F,0,0
7/1/2026,11:46:36 AM,SPX,ML/,77,199,,CALL,7570,0,1532300,9/18/2026,WHITE,0,79,F,INDEX,,F,F,0,0
7/1/2026,11:40:23 AM,SPX,ML/,131,198.5,,CALL,7570,0,2600350,9/18/2026,WHITE,0,79,F,INDEX,,F,F,0,0
7/1/2026,11:48:01 AM,SPX,ML/,171,200,,CALL,7570,0,3420000,9/18/2026,WHITE,0,79,F,INDEX,,F,F,0,0
7/1/2026,11:50:52 AM,SPX,ML/,120,198.2,,CALL,7570,0,2378399,9/18/2026,WHITE,0,79,F,INDEX,,F,F,0,0
7/1/2026,12:46:49 PM,SPX,ML/,57,197.5,,CALL,7570,0,1125750,9/18/2026,WHITE,0,79,F,INDEX,,F,F,0,0
7/1/2026,12:01:21 PM,SPX,ML/,70,198.8,,CALL,7570,0,1391600,9/18/2026,WHITE,0,79,F,INDEX,,F,F,0,0
7/1/2026,12:49:55 PM,SPX,ML/,51,197.65,,CALL,7570,0,1008015,9/18/2026,WHITE,0,79,F,INDEX,,F,F,0,0
7/1/2026,3:41:42 PM,SPXW,ML/,3000,0.51,,CALL,8350,0,153000,8/7/2026,WHITE,0,37,F,INDEX,,F,T,0,0
7/1/2026,1:50:48 PM,SPXW,ML/,50,206.99,,PUT,7650,0,1034950,8/21/2026,WHITE,0,51,F,INDEX,,F,F,0,0
7/1/2026,10:17:42 AM,RUTW,ML/,50,7.1,,CALL,3205,0,35500,7/24/2026,WHITE,0,23,F,INDEX,,F,T,0,0
7/1/2026,12:49:54 PM,SPXW,ML/,53,35.48,,PUT,7490,0,188043,7/9/2026,WHITE,0,8,F,INDEX,,F,T,0,0
7/1/2026,10:09:48 AM,SPX,ML/,200,3.37,,PUT,2000,0,67400,3/19/2027,WHITE,0,261,F,INDEX,,F,F,0,0
7/1/2026,10:09:48 AM,SPX,ML/,200,2.72,,PUT,2500,0,54400,12/18/2026,WHITE,0,170,F,INDEX,,F,F,0,0
7/1/2026,10:18:03 AM,SPX,ML/,57,197,,PUT,7545,0,1122900,9/18/2026,WHITE,0,79,F,INDEX,,F,F,0,0
7/1/2026,10:38:30 AM,SPX,ML/,90,199,,PUT,7545,0,1791000,9/18/2026,WHITE,0,79,F,INDEX,,F,F,0,0
7/1/2026,10:43:08 AM,SPX,ML/,72,197.5,,PUT,7545,0,1422000,9/18/2026,WHITE,0,79,F,INDEX,,F,F,0,0
7/1/2026,10:21:42 AM,SPX,ML/,315,197,,PUT,7545,0,6205500,9/18/2026,WHITE,0,79,F,INDEX,,F,F,0,0
7/1/2026,10:51:53 AM,SPX,ML/,140,197,,PUT,7545,0,2758000,9/18/2026,WHITE,0,79,F,INDEX,,F,F,0,0
7/1/2026,3:57:54 PM,SPX,ML/,520,199,,PUT,7545,0,10348000,9/18/2026,WHITE,0,79,F,INDEX,,F,F,0,0
7/1/2026,4:00:21 PM,SPX,ML/,135,201.5,,PUT,7545,0,2720250,9/18/2026,WHITE,0,79,F,INDEX,,F,F,0,0
7/1/2026,10:18:03 AM,SPX,ML/,57,202,,CALL,7545,0,1151400,9/18/2026,WHITE,0,79,F,INDEX,,F,F,0,0
7/1/2026,10:51:53 AM,SPX,ML/,140,203,,CALL,7545,0,2842000,9/18/2026,WHITE,0,79,F,INDEX,,F,F,0,0
7/1/2026,10:38:30 AM,SPX,ML/,90,200,,CALL,7545,0,1800000,9/18/2026,WHITE,0,79,F,INDEX,,F,F,0,0
7/1/2026,10:21:42 AM,SPX,ML/,315,202,,CALL,7545,0,6363000,9/18/2026,WHITE,0,79,F,INDEX,,F,F,0,0
7/1/2026,3:57:54 PM,SPX,ML/,520,200,,CALL,7545,0,10400000,9/18/2026,WHITE,0,79,F,INDEX,,F,F,0,0
7/1/2026,10:43:08 AM,SPX,ML/,72,201.5,,CALL,7545,0,1450800,9/18/2026,WHITE,0,79,F,INDEX,,F,F,0,0
7/1/2026,4:00:21 PM,SPX,ML/,135,196.5,,CALL,7545,0,2652750,9/18/2026,WHITE,0,79,F,INDEX,,F,F,0,0
7/1/2026,10:45:40 AM,SPX,BLOCK,126,27.3,,PUT,7315,0,343980,7/17/2026,WHITE,0,16,F,INDEX,,F,F,0,0
7/1/2026,11:54:16 AM,SPX,ML/,150,253.45,,CALL,8300,0,3801750,6/17/2027,WHITE,0,351,F,INDEX,,F,T,0,0
7/1/2026,2:15:36 PM,SPXW,ML/,120,16.14,,PUT,7075,0,193680,7/24/2026,WHITE,0,23,F,INDEX,,F,T,0,0
7/1/2026,10:34:53 AM,SPX,ML/,116,1.04,,PUT,6100,0,12064,7/17/2026,WHITE,0,16,F,INDEX,,F,F,0,0
7/1/2026,3:50:27 PM,RUT,ML/,71,6.29,,PUT,2830,0,44659,7/17/2026,WHITE,0,16,F,INDEX,,F,F,0,0
7/1/2026,3:52:21 PM,RUT,ML/,51,6.52,,PUT,2830,0,33252,7/17/2026,WHITE,0,16,F,INDEX,,F,F,0,0
7/1/2026,10:10:48 AM,SPX,ML/,100,168.7,,CALL,7700,0,1687000,10/16/2026,WHITE,0,107,F,INDEX,,F,F,0,0
7/1/2026,10:11:00 AM,SPX,ML/,50,169.11,,CALL,7700,0,845550,10/16/2026,WHITE,0,107,F,INDEX,,F,F,0,0
7/1/2026,10:11:01 AM,SPX,ML/,50,169.13,,CALL,7700,0,845650,10/16/2026,WHITE,0,107,F,INDEX,,F,F,0,0
7/1/2026,10:12:26 AM,SPX,ML/,50,170.44,,CALL,7700,0,852200,10/16/2026,WHITE,0,107,F,INDEX,,F,F,0,0
7/1/2026,10:13:39 AM,SPX,ML/,52,170.16,,CALL,7700,0,884832,10/16/2026,WHITE,0,107,F,INDEX,,F,F,0,0
7/1/2026,10:36:28 AM,SPX,ML/,50,8.25,,PUT,7065,0,41250,7/17/2026,WHITE,0,16,F,INDEX,,F,F,0,0
7/1/2026,10:36:30 AM,SPX,ML/,50,8.15,,PUT,7065,0,40750,7/17/2026,WHITE,0,16,F,INDEX,,F,F,0,0
7/1/2026,10:11:26 AM,SPX,ML/,50,2.44,,PUT,3300,0,12200,10/16/2026,WHITE,0,107,F,INDEX,,F,F,0,0
7/1/2026,10:11:26 AM,SPX,ML/,50,7.69,,PUT,3000,0,38450,2/19/2027,WHITE,0,233,F,INDEX,,F,F,0,0
7/1/2026,2:48:57 PM,SPX,ML/,580,1554.41,,CALL,6000,0,90155780,9/18/2026,WHITE,0,79,F,INDEX,,F,F,0,0
7/1/2026,10:59:52 AM,SPX,ML/,280,614.55,,CALL,7000,0,17207400,9/18/2026,WHITE,0,79,F,INDEX,,F,F,0,0
7/1/2026,11:13:58 AM,SPX,ML/,280,614.55,,CALL,7000,0,17207400,9/18/2026,WHITE,0,79,F,INDEX,,F,F,0,0
7/1/2026,11:14:08 AM,SPX,ML/,280,626.72,,CALL,7000,0,17548160,9/18/2026,WHITE,0,79,F,INDEX,,F,F,0,0
7/1/2026,2:48:55 PM,SPX,ML/,580,618.31,,CALL,7000,0,35861980,9/18/2026,WHITE,0,79,F,INDEX,,F,F,0,0
7/1/2026,2:48:55 PM,SPX,ML/,580,17.88,,PUT,6000,0,1037040,9/18/2026,WHITE,0,79,F,INDEX,,F,F,0,0
7/1/2026,12:56:20 PM,VIX,BLOCK,73,2.13,,CALL,22,0,15549,9/16/2026,WHITE,0,77,F,INDEX,,F,T,0,0
7/1/2026,2:25:41 PM,VIX,ML/,30000,2.13,,CALL,22,0,6390000,9/16/2026,WHITE,0,77,F,INDEX,,F,T,0,0
7/1/2026,10:15:38 AM,SPXW,ML/,86,28.48,,PUT,7320,0,244928,7/17/2026,WHITE,0,16,F,INDEX,,F,F,0,0
7/1/2026,10:16:03 AM,SPXW,ML/,162,28.49,,PUT,7320,0,461538,7/17/2026,WHITE,0,16,F,INDEX,,F,F,0,0
7/1/2026,10:18:49 AM,SPXW,ML/,220,28.72,,PUT,7320,0,631840,7/17/2026,WHITE,0,16,F,INDEX,,F,F,0,0
7/1/2026,10:13:09 AM,SPXW,ML/,148,28.47,,PUT,7320,0,421355,7/17/2026,WHITE,0,16,F,INDEX,,F,F,0,0
7/1/2026,10:15:39 AM,SPXW,ML/,84,28.48,,PUT,7320,0,239232,7/17/2026,WHITE,0,16,F,INDEX,,F,F,0,0
7/1/2026,10:16:05 AM,SPXW,ML/,788,28.49,,PUT,7320,0,2245012,7/17/2026,WHITE,0,16,F,INDEX,,F,F,0,0
7/1/2026,10:18:44 AM,SPXW,ML/,140,28.42,,PUT,7320,0,397880,7/17/2026,WHITE,0,16,F,INDEX,,F,F,0,0
7/1/2026,10:18:49 AM,SPXW,ML/,288,28.72,,PUT,7320,0,827136,7/17/2026,WHITE,0,16,F,INDEX,,F,F,0,0
7/1/2026,3:02:55 PM,SPX,ML/,67,25.35,,PUT,6300,0,169845,9/18/2026,WHITE,0,79,F,INDEX,,F,F,0,0
7/1/2026,3:00:42 PM,SPXW,ML/,81,2.15,,CALL,7615,0,17415,7/7/2026,WHITE,0,6,F,INDEX,,F,T,0,0
7/1/2026,3:01:07 PM,SPXW,ML/,99,2.04,,CALL,7615,0,20196,7/7/2026,WHITE,0,6,F,INDEX,,F,T,0,0
7/1/2026,3:01:14 PM,SPXW,ML/,180,2,,CALL,7615,0,36000,7/7/2026,WHITE,0,6,F,INDEX,,F,T,0,0
7/1/2026,3:01:36 PM,SPXW,ML/,93,1.94,,CALL,7615,0,18042,7/7/2026,WHITE,0,6,F,INDEX,,F,T,0,0
7/1/2026,3:15:12 PM,SPXW,ML/,90,2.36,,CALL,7615,0,21239,7/7/2026,WHITE,0,6,F,INDEX,,F,T,0,0
7/1/2026,3:54:27 PM,SPXW,ML/,66,1.52,,CALL,7615,0,10032,7/7/2026,WHITE,0,6,F,INDEX,,F,T,0,0
7/1/2026,3:57:01 PM,SPXW,ML/,75,1.44,,CALL,7615,0,10800,7/7/2026,WHITE,0,6,F,INDEX,,F,T,0,0
7/1/2026,10:12:26 AM,VIX,BLOCK,389,0.33,,PUT,15.5,0,12837,8/19/2026,WHITE,0,49,F,INDEX,,F,T,0,0
7/1/2026,1:13:12 PM,XSP,BLOCK,311,4.42,,PUT,704,0,137462,8/21/2026,WHITE,0,51,F,INDEX,,F,F,0,0
7/1/2026,11:22:38 AM,SPX,ML/,50,150.45,,PUT,7550,0,752249,8/21/2026,WHITE,0,51,F,INDEX,,F,F,0,0
7/1/2026,11:22:45 AM,SPX,ML/,50,150.11,,PUT,7550,0,750550,8/21/2026,WHITE,0,51,F,INDEX,,F,F,0,0
7/1/2026,10:13:08 AM,SPX,BLOCK,96,32.8,,CALL,10400,0,314880,12/17/2027,WHITE,0,534,F,INDEX,,F,F,0,0
7/1/2026,12:51:24 PM,SPX,BLOCK,55,19.2,,CALL,7940,0,105600,8/21/2026,WHITE,0,51,F,INDEX,,F,F,0,0
7/1/2026,11:09:33 AM,SPXW,ML/,70,76.03,,PUT,7580,0,532210,7/2/2026,WHITE,0,1,F,INDEX,,F,T,0,0
7/1/2026,1:57:43 PM,SPXW,ML/,100,75.62,,PUT,7580,0,756200,7/2/2026,WHITE,0,1,F,INDEX,,F,T,0,0
7/1/2026,11:09:33 AM,SPXW,ML/,70,78.19,,PUT,7580,0,547330,7/1/2026,WHITE,0,0,F,INDEX,,F,T,0,0
7/1/2026,10:52:31 AM,SPXW,ML/,60,4.05,,CALL,7680,0,24300,7/13/2026,WHITE,0,12,F,INDEX,,F,T,0,0
7/1/2026,10:14:41 AM,SPXW,ML/,100,1.33,,PUT,4600,0,13300,8/14/2026,WHITE,0,44,F,INDEX,,F,T,0,0
7/1/2026,10:21:14 AM,SPXW,ML/,100,1.33,,PUT,4600,0,13300,8/14/2026,WHITE,0,44,F,INDEX,,F,T,0,0
7/1/2026,10:15:07 AM,SPX,ML/,500,152.91,,PUT,7300,0,7645500,10/16/2026,WHITE,0,107,F,INDEX,,F,F,0,0
7/1/2026,12:55:14 PM,SPX,ML/,280,150.34,,PUT,7300,0,4209520,10/16/2026,WHITE,0,107,F,INDEX,,F,F,0,0
7/1/2026,2:01:14 PM,SPX,ML/,225,151.7,,PUT,7300,0,3413250,10/16/2026,WHITE,0,107,F,INDEX,,F,F,0,0
7/1/2026,4:03:40 PM,SPX,ML/,50,199.6,,CALL,7535,0,998000,9/18/2026,WHITE,0,79,F,INDEX,,F,F,0,0
7/1/2026,4:07:16 PM,SPX,ML/,50,199.6,,CALL,7535,0,998000,9/18/2026,WHITE,0,79,F,INDEX,,F,F,0,0
7/1/2026,10:15:07 AM,SPX,ML/,165,207.25,,CALL,7535,0,3419625,9/18/2026,WHITE,0,79,F,INDEX,,F,F,0,0
7/1/2026,4:08:53 PM,SPX,ML/,200,199,,CALL,7535,0,3980000,9/18/2026,WHITE,0,79,F,INDEX,,F,F,0,0
7/1/2026,4:03:40 PM,SPX,ML/,50,200.6,,PUT,7535,0,1003000,9/18/2026,WHITE,0,79,F,INDEX,,F,F,0,0
7/1/2026,4:07:16 PM,SPX,ML/,50,200.6,,PUT,7535,0,1003000,9/18/2026,WHITE,0,79,F,INDEX,,F,F,0,0
7/1/2026,10:15:07 AM,SPX,ML/,165,193.25,,PUT,7535,0,3188625,9/18/2026,WHITE,0,79,F,INDEX,,F,F,0,0
7/1/2026,4:08:53 PM,SPX,ML/,200,201,,PUT,7535,0,4020000,9/18/2026,WHITE,0,79,F,INDEX,,F,F,0,0
7/1/2026,12:55:14 PM,SPX,ML/,110,91.3,,PUT,6500,0,1004300,12/18/2026,WHITE,0,170,F,INDEX,,F,F,0,0
7/1/2026,3:02:50 PM,SPX,ML/,200,92.65,,PUT,6500,0,1853000,12/18/2026,WHITE,0,170,F,INDEX,,F,F,0,0
7/1/2026,11:46:36 AM,SPX,ML/,105,159.62,,CALL,8600,0,1676009,6/17/2027,WHITE,0,351,F,INDEX,,F,T,0,0
7/1/2026,3:58:39 PM,SPXW,BLOCK,50,53.1,,PUT,7495,0,265500,7/10/2026,WHITE,0,9,F,INDEX,,F,T,0,0
7/1/2026,10:16:12 AM,SPX,ML/,50,345.62,,PUT,7500,0,1728100,3/19/2027,WHITE,0,261,F,INDEX,,F,F,0,0
7/1/2026,10:16:40 AM,SPX,ML/,450,479.96,,PUT,7450,0,21598200,12/17/2027,WHITE,0,534,F,INDEX,,F,F,0,0
7/1/2026,10:16:40 AM,SPX,ML/,720,354.72,,CALL,8950,0,25539840,6/16/2028,WHITE,0,716,F,INDEX,,F,F,0,0
7/1/2026,10:16:41 AM,SPX,ML/,300,114,,PUT,6875,0,3420000,11/20/2026,WHITE,0,142,F,INDEX,,F,F,0,0
7/1/2026,10:16:41 AM,SPX,ML/,200,26.5,,PUT,5500,0,530000,11/20/2026,WHITE,0,142,F,INDEX,,F,F,0,0
7/1/2026,2:30:30 PM,SPXW,BLOCK,100,1.95,,PUT,5200,0,19500,8/7/2026,WHITE,0,37,F,INDEX,,F,T,0,0
7/1/2026,10:24:16 AM,SPX,ML/,400,180.6,,CALL,8500,0,7224000,6/17/2027,WHITE,0,351,F,INDEX,,F,T,0,0
7/1/2026,4:05:48 PM,RUTW,ML/,50,6.09,,PUT,2670,0,30450,7/31/2026,WHITE,0,30,F,INDEX,,F,T,0,0
7/1/2026,10:17:25 AM,SPX,ML/,50,52.86,,PUT,7110,0,264300,8/21/2026,WHITE,0,51,F,INDEX,,F,F,0,0
7/1/2026,10:17:25 AM,SPX,ML/,50,52.86,,PUT,7110,0,264300,8/21/2026,WHITE,0,51,F,INDEX,,F,F,0,0
7/1/2026,10:36:28 AM,SPX,ML/,50,53.25,,PUT,7110,0,266250,8/21/2026,WHITE,0,51,F,INDEX,,F,F,0,0
7/1/2026,10:36:30 AM,SPX,ML/,50,53.13,,PUT,7110,0,265650,8/21/2026,WHITE,0,51,F,INDEX,,F,F,0,0
7/1/2026,10:17:25 AM,SPX,ML/,50,9.99,,PUT,7115,0,49950,7/17/2026,WHITE,0,16,F,INDEX,,F,F,0,0
7/1/2026,10:17:25 AM,SPX,ML/,50,9.99,,PUT,7115,0,49950,7/17/2026,WHITE,0,16,F,INDEX,,F,F,0,0
7/1/2026,10:34:53 AM,SPX,ML/,114,10.1,,PUT,7115,0,115139,7/17/2026,WHITE,0,16,F,INDEX,,F,F,0,0
7/1/2026,1:41:02 PM,SPX,ML/,300,6.54,,PUT,5850,0,196200,8/21/2026,WHITE,0,51,F,INDEX,,F,F,0,0
7/1/2026,1:51:56 PM,XSP,BLOCK,63,4.77,,PUT,728,0,30051,7/31/2026,WHITE,0,30,F,INDEX,,F,T,0,0
7/1/2026,10:18:03 AM,SPX,ML/,300,198.65,,CALL,9000,0,5959500,12/17/2027,WHITE,0,534,F,INDEX,,F,F,0,0
7/1/2026,10:57:01 AM,SPX,ML/,80,199.5,,CALL,9000,0,1596000,12/17/2027,WHITE,0,534,F,INDEX,,F,F,0,0
7/1/2026,10:18:03 AM,SPX,ML/,300,12.9,,CALL,8200,0,387000,9/18/2026,WHITE,0,79,F,INDEX,,F,F,0,0
7/1/2026,1:19:17 PM,SPX,ML/,200,14.32,,CALL,8200,0,286400,9/18/2026,WHITE,0,79,F,INDEX,,F,F,0,0
7/1/2026,3:21:07 PM,SPX,ML/,90,13.5,,CALL,8200,0,121500,9/18/2026,WHITE,0,79,F,INDEX,,F,F,0,0
7/1/2026,10:44:13 AM,RUT,ML/,59,111,,CALL,3060,0,654900,9/18/2026,WHITE,0,79,F,INDEX,,F,F,0,0
7/1/2026,10:44:13 AM,RUT,ML/,59,121,,PUT,3060,0,713900,9/18/2026,WHITE,0,79,F,INDEX,,F,F,0,0
7/1/2026,10:19:46 AM,RUT,ML/,100,56.72,,CALL,3125,0,567200,8/21/2026,WHITE,0,51,F,INDEX,,F,F,0,0
7/1/2026,10:30:14 AM,SPX,ML/,50,100.5,,PUT,7375,0,502500,8/21/2026,WHITE,0,51,F,INDEX,,F,F,0,0
7/1/2026,10:30:13 AM,SPX,ML/,50,100.6,,PUT,7375,0,503000,8/21/2026,WHITE,0,51,F,INDEX,,F,F,0,0
7/1/2026,10:36:28 AM,SPX,ML/,50,102.65,,PUT,7375,0,513250,8/21/2026,WHITE,0,51,F,INDEX,,F,F,0,0
7/1/2026,10:36:30 AM,SPX,ML/,50,102.47,,PUT,7375,0,512350,8/21/2026,WHITE,0,51,F,INDEX,,F,F,0,0
7/1/2026,10:20:10 AM,VIX,BLOCK,290,1.2,,CALL,24.5,0,34800,8/19/2026,WHITE,0,49,F,INDEX,,F,T,0,0
7/1/2026,3:05:47 PM,SPX,ML/,450,291.47,,PUT,7550,0,13116150,12/18/2026,WHITE,0,170,F,INDEX,,F,F,0,0
7/1/2026,4:07:33 PM,SPX,ML/,450,302.2,,PUT,7550,0,13599000,12/18/2026,WHITE,0,170,F,INDEX,,F,F,0,0
7/1/2026,3:13:24 PM,SPXW,ML/,73,22.88,,PUT,7335,0,167024,7/15/2026,WHITE,0,14,F,INDEX,,F,T,0,0
7/1/2026,10:20:28 AM,SPX,BLOCK,60,5.5,,PUT,1800,0,33000,9/17/2027,WHITE,0,443,F,INDEX,,F,F,0,0
7/1/2026,11:17:15 AM,SPX,ML/,450,105.85,,CALL,7750,0,4763250,9/18/2026,WHITE,0,79,F,INDEX,,F,F,0,0
7/1/2026,11:20:13 AM,SPX,ML/,50,105.85,,CALL,7750,0,529250,9/18/2026,WHITE,0,79,F,INDEX,,F,F,0,0
7/1/2026,11:22:16 AM,SPX,ML/,100,105.85,,CALL,7750,0,1058500,9/18/2026,WHITE,0,79,F,INDEX,,F,F,0,0
7/1/2026,11:20:27 AM,SPX,ML/,450,109.1,,CALL,7750,0,4909500,9/18/2026,WHITE,0,79,F,INDEX,,F,F,0,0
7/1/2026,12:51:34 PM,SPXW,BLOCK,75,8.1,,CALL,7950,0,60750,8/7/2026,WHITE,0,37,F,INDEX,,F,T,0,0
7/1/2026,4:05:48 PM,RUTW,ML/,50,6.48,,PUT,2680,0,32400,7/31/2026,WHITE,0,30,F,INDEX,,F,T,0,0
7/1/2026,10:24:39 AM,VIX,BLOCK,56,4.45,,CALL,19,0,24920,1/20/2027,WHITE,0,203,F,INDEX,,F,T,0,0
7/1/2026,10:21:46 AM,SPX,ML/,67,5.1,,PUT,5640,0,34170,8/21/2026,WHITE,0,51,F,INDEX,,F,F,0,0
7/1/2026,10:21:46 AM,SPX,ML/,67,4.7,,PUT,5575,0,31490,8/21/2026,WHITE,0,51,F,INDEX,,F,F,0,0
7/1/2026,10:21:46 AM,SPX,ML/,67,21.9,,PUT,6690,0,146730,8/21/2026,WHITE,0,51,F,INDEX,,F,F,0,0
7/1/2026,1:41:02 PM,SPX,ML/,300,21.54,,PUT,6690,0,646200,8/21/2026,WHITE,0,51,F,INDEX,,F,F,0,0
7/1/2026,10:21:46 AM,SPX,ML/,71,11.3,,PUT,6270,0,80230,8/21/2026,WHITE,0,51,F,INDEX,,F,F,0,0
7/1/2026,10:21:46 AM,SPX,ML/,67,21.49,,PUT,6680,0,143983,8/21/2026,WHITE,0,51,F,INDEX,,F,F,0,0
7/1/2026,11:37:43 AM,SPX,ML/,200,49.05,,PUT,6500,0,981000,10/16/2026,WHITE,0,107,F,INDEX,,F,F,0,0
7/1/2026,10:45:43 AM,XSP,BLOCK,50,2.18,,PUT,730,0,10900,7/15/2026,WHITE,0,14,F,INDEX,,F,T,0,0
7/1/2026,3:10:46 PM,XSP,BLOCK,159,1.82,,PUT,730,0,28938,7/15/2026,WHITE,0,14,F,INDEX,,F,T,0,0
7/1/2026,3:57:16 PM,XSP,BLOCK,56,2.1,,PUT,730,0,11760,7/15/2026,WHITE,0,14,F,INDEX,,F,T,0,0
7/1/2026,11:42:51 AM,SPXW,ML/,50,113.34,,PUT,7475,0,566700,8/14/2026,WHITE,0,44,F,INDEX,,F,T,0,0
7/1/2026,3:28:25 PM,SPXW,BLOCK,377,15,,CALL,7640,0,565500,7/15/2026,WHITE,0,14,F,INDEX,,F,T,0,0
7/1/2026,3:28:25 PM,SPXW,BLOCK,263,15,,CALL,7640,0,394500,7/15/2026,WHITE,0,14,F,INDEX,,F,T,0,0
7/1/2026,3:28:25 PM,SPXW,BLOCK,249,15,,CALL,7640,0,373500,7/15/2026,WHITE,0,14,F,INDEX,,F,T,0,0
7/1/2026,12:51:35 PM,VIX,BLOCK,306,4.1,,PUT,21.5,0,125459,7/22/2026,WHITE,0,21,F,INDEX,,F,T,0,0
7/1/2026,10:22:51 AM,SPXW,ML/,60,14.11,,CALL,7700,0,84659,7/21/2026,WHITE,0,20,F,INDEX,,F,T,0,0
7/1/2026,10:23:49 AM,SPXW,ML/,80,55.06,,CALL,7560,0,440480,7/20/2026,WHITE,0,19,F,INDEX,,F,T,0,0
7/1/2026,1:05:16 PM,SPXW,ML/,72,3.48,,PUT,6450,0,25055,7/24/2026,WHITE,0,23,F,INDEX,,F,T,0,0
7/1/2026,10:47:20 AM,SPX,ML/,283,23.04,,PUT,7280,0,652032,7/17/2026,WHITE,0,16,F,INDEX,,F,F,0,0
7/1/2026,1:04:43 PM,SPXW,ML/,14000,51,,PUT,7000,0,71400000,8/31/2026,WHITE,0,61,F,INDEX,,F,T,0,0
7/1/2026,10:24:39 AM,SPX,BLOCK,3000,20.6,,PUT,5700,0,6180000,10/16/2026,WHITE,0,107,F,INDEX,,F,F,0,0
7/1/2026,12:04:27 PM,SPX,ML/,500,20.1,,PUT,5700,0,1005000,10/16/2026,WHITE,0,107,F,INDEX,,F,F,0,0
7/1/2026,10:24:43 AM,VIX,ML/,1050,0.1,,CALL,42.5,0,10500,7/22/2026,WHITE,0,21,F,INDEX,,F,T,0,0
7/1/2026,10:35:08 AM,VIX,ML/,6500,0.11,,CALL,42.5,0,71500,7/22/2026,WHITE,0,21,F,INDEX,,F,T,0,0
7/1/2026,10:24:43 AM,VIX,ML/,1110,0.1,,CALL,95,0,11100,8/19/2026,WHITE,0,49,F,INDEX,,F,T,0,0
7/1/2026,10:28:43 AM,VIX,ML/,1035,0.1,,CALL,95,0,10350,8/19/2026,WHITE,0,49,F,INDEX,,F,T,0,0
7/1/2026,10:24:43 AM,VIX,ML/,1060,0.24,,CALL,60,0,25439,8/19/2026,WHITE,0,49,F,INDEX,,F,T,0,0
7/1/2026,12:52:31 PM,VIX,BLOCK,1174,0.27,,CALL,60,0,31698,8/19/2026,WHITE,0,49,F,INDEX,,F,T,0,0
7/1/2026,12:55:26 PM,VIX,BLOCK,500,0.27,,CALL,60,0,13500,8/19/2026,WHITE,0,49,F,INDEX,,F,T,0,0
7/1/2026,12:56:23 PM,VIX,BLOCK,698,0.27,,CALL,60,0,18846,8/19/2026,WHITE,0,49,F,INDEX,,F,T,0,0
7/1/2026,12:56:45 PM,VIX,BLOCK,682,0.27,,CALL,60,0,18414,8/19/2026,WHITE,0,49,F,INDEX,,F,T,0,0
7/1/2026,12:57:04 PM,VIX,BLOCK,1000,0.27,,CALL,60,0,27000,8/19/2026,WHITE,0,49,F,INDEX,,F,T,0,0
7/1/2026,12:57:14 PM,VIX,BLOCK,1000,0.27,,CALL,60,0,27000,8/19/2026,WHITE,0,49,F,INDEX,,F,T,0,0
7/1/2026,12:57:22 PM,VIX,BLOCK,599,0.27,,CALL,60,0,16173,8/19/2026,WHITE,0,49,F,INDEX,,F,T,0,0
7/1/2026,10:33:02 AM,SPX,ML/,163,3.5,,PUT,6805,0,57050,7/17/2026,WHITE,0,16,F,INDEX,,F,F,0,0
7/1/2026,10:24:48 AM,SPXW,ML/,160,1.74,,PUT,5900,0,27839,7/24/2026,WHITE,0,23,F,INDEX,,F,T,0,0
7/1/2026,2:08:12 PM,VIXW,BLOCK,223,0.64,,CALL,25,0,14272,7/29/2026,WHITE,0,28,F,INDEX,,F,T,0,0
7/1/2026,10:24:53 AM,SPX,ML/,150,218.2,,CALL,8100,0,3273000,3/19/2027,WHITE,0,261,F,INDEX,,F,F,0,0
7/1/2026,11:28:01 AM,SPXW,ML/,180,73.28,,CALL,7525,0,1319040,7/16/2026,WHITE,0,15,F,INDEX,,F,T,0,0
7/1/2026,10:38:57 AM,RUTW,ML/,50,84.78,,CALL,3000,0,423900,7/24/2026,WHITE,0,23,F,INDEX,,F,T,0,0
7/1/2026,3:55:56 PM,SPX,ML/,50,134.79,,PUT,7350,0,673950,9/18/2026,WHITE,0,79,F,INDEX,,F,F,0,0
7/1/2026,3:21:08 PM,SPX,ML/,150,131.14,,PUT,7350,0,1967099,9/18/2026,WHITE,0,79,F,INDEX,,F,F,0,0
7/1/2026,3:55:45 PM,SPX,ML/,50,134.98,,PUT,7350,0,674899,9/18/2026,WHITE,0,79,F,INDEX,,F,F,0,0
7/1/2026,3:56:14 PM,SPX,ML/,50,134.81,,PUT,7350,0,674050,9/18/2026,WHITE,0,79,F,INDEX,,F,F,0,0
7/1/2026,3:19:42 PM,SPX,ML/,164,12.11,,PUT,5100,0,198604,10/16/2026,WHITE,0,107,F,INDEX,,F,F,0,0
7/1/2026,10:50:02 AM,SPXW,ML/,80,15.54,,CALL,7725,0,124319,7/24/2026,WHITE,0,23,F,INDEX,,F,T,0,0
7/1/2026,12:47:14 PM,SPXW,ML/,50,330.58,,CALL,7400,0,1652900,9/30/2026,WHITE,0,91,F,INDEX,,F,T,0,0
7/1/2026,12:36:25 PM,SPXW,ML/,56,16.85,,PUT,7000,0,94360,7/30/2026,WHITE,0,29,F,INDEX,,F,T,0,0
7/1/2026,12:36:32 PM,SPXW,ML/,368,16.83,,PUT,7000,0,619344,7/30/2026,WHITE,0,29,F,INDEX,,F,T,0,0
7/1/2026,12:36:32 PM,SPXW,ML/,178,16.83,,PUT,7000,0,299574,7/30/2026,WHITE,0,29,F,INDEX,,F,T,0,0
7/1/2026,12:36:34 PM,SPXW,ML/,138,16.83,,PUT,7000,0,232253,7/30/2026,WHITE,0,29,F,INDEX,,F,T,0,0
7/1/2026,12:36:34 PM,SPXW,ML/,138,16.83,,PUT,7000,0,232254,7/30/2026,WHITE,0,29,F,INDEX,,F,T,0,0
7/1/2026,12:36:36 PM,SPXW,ML/,66,16.83,,PUT,7000,0,111078,7/30/2026,WHITE,0,29,F,INDEX,,F,T,0,0
7/1/2026,11:27:15 AM,VIX,BLOCK,50,2,,CALL,16.5,0,10000,7/22/2026,WHITE,0,21,F,INDEX,,F,T,0,0
7/1/2026,10:47:20 AM,SPX,ML/,185,57.76,,PUT,7140,0,1068559,8/21/2026,WHITE,0,51,F,INDEX,,F,F,0,0
7/1/2026,10:52:40 AM,SPX,ML/,55,21.2,,PUT,6675,0,116600,8/21/2026,WHITE,0,51,F,INDEX,,F,F,0,0
7/1/2026,12:41:59 PM,XSP,ML/,60,4.26,,PUT,695,0,25560,8/28/2026,WHITE,0,58,F,INDEX,,F,T,0,0
7/1/2026,10:50:02 AM,SPXW,ML/,80,34.95,,PUT,7250,0,279600,7/27/2026,WHITE,0,26,F,INDEX,,F,T,0,0
7/1/2026,3:35:49 PM,SPX,ML/,150,149.4,,PUT,6850,0,2241000,1/15/2027,WHITE,0,198,F,INDEX,,F,F,0,0
7/1/2026,3:05:47 PM,SPX,ML/,450,431.27,,CALL,7450,0,19407150,12/18/2026,WHITE,0,170,F,INDEX,,F,F,0,0
7/1/2026,4:07:33 PM,SPX,ML/,450,414.45,,CALL,7450,0,18650250,12/18/2026,WHITE,0,170,F,INDEX,,F,F,0,0
7/1/2026,3:55:45 PM,SPX,ML/,50,172.58,,PUT,7475,0,862900,9/18/2026,WHITE,0,79,F,INDEX,,F,F,0,0
7/1/2026,3:55:56 PM,SPX,ML/,50,172.39,,PUT,7475,0,861950,9/18/2026,WHITE,0,79,F,INDEX,,F,F,0,0
7/1/2026,3:56:14 PM,SPX,ML/,50,172.41,,PUT,7475,0,862050,9/18/2026,WHITE,0,79,F,INDEX,,F,F,0,0
7/1/2026,11:55:50 AM,VIX,BLOCK,1397,0.21,,CALL,70,0,29337,8/19/2026,WHITE,0,49,F,INDEX,,F,T,0,0
7/1/2026,10:52:05 AM,VIX,ML/,440,0.28,,CALL,29,0,12320,7/22/2026,WHITE,0,21,F,INDEX,,F,T,0,0
7/1/2026,11:11:57 AM,SPX,ML/,180,183.85,,PUT,6700,0,3309300,4/16/2027,WHITE,0,289,F,INDEX,,F,F,0,0
7/1/2026,12:41:36 PM,SPXW,ML/,74,7.38,,PUT,6900,0,54612,7/23/2026,WHITE,0,22,F,INDEX,,F,T,0,0
7/1/2026,1:07:35 PM,SPXW,ML/,200,8.1,,PUT,6900,0,162000,7/23/2026,WHITE,0,22,F,INDEX,,F,T,0,0
7/1/2026,12:37:57 PM,SPXW,ML/,100,7.2,,PUT,6900,0,72000,7/23/2026,WHITE,0,22,F,INDEX,,F,T,0,0
7/1/2026,3:43:00 PM,SPX,ML/,300,55.48,,PUT,7130,0,1664400,8/21/2026,WHITE,0,51,F,INDEX,,F,F,0,0
7/1/2026,3:43:19 PM,SPX,ML/,2902,55.45,,PUT,7130,0,16091590,8/21/2026,WHITE,0,51,F,INDEX,,F,F,0,0
7/1/2026,3:43:05 PM,SPX,ML/,50,55.43,,PUT,7130,0,277150,8/21/2026,WHITE,0,51,F,INDEX,,F,F,0,0
7/1/2026,2:52:44 PM,SPXW,ML/,75,13.8,,PUT,7000,0,103500,7/27/2026,WHITE,0,26,F,INDEX,,F,T,0,0
7/1/2026,2:30:22 PM,SPX,ML/,152,199,,PUT,7555,0,3024800,9/18/2026,WHITE,0,79,F,INDEX,,F,F,0,0
7/1/2026,2:32:42 PM,SPX,ML/,450,198.5,,PUT,7555,0,8932500,9/18/2026,WHITE,0,79,F,INDEX,,F,F,0,0
7/1/2026,2:58:26 PM,SPX,ML/,110,202,,PUT,7555,0,2222000,9/18/2026,WHITE,0,79,F,INDEX,,F,F,0,0
7/1/2026,2:39:40 PM,SPX,ML/,131,199.3,,PUT,7555,0,2610830,9/18/2026,WHITE,0,79,F,INDEX,,F,F,0,0
7/1/2026,2:44:29 PM,SPX,ML/,96,199.4,,PUT,7555,0,1914240,9/18/2026,WHITE,0,79,F,INDEX,,F,F,0,0
7/1/2026,3:43:29 PM,SPX,ML/,76,200.5,,PUT,7555,0,1523800,9/18/2026,WHITE,0,79,F,INDEX,,F,F,0,0
7/1/2026,2:30:22 PM,SPX,ML/,152,201,,CALL,7555,0,3055200,9/18/2026,WHITE,0,79,F,INDEX,,F,F,0,0
7/1/2026,2:58:26 PM,SPX,ML/,110,197,,CALL,7555,0,2167000,9/18/2026,WHITE,0,79,F,INDEX,,F,F,0,0
7/1/2026,2:32:42 PM,SPX,ML/,450,201.5,,CALL,7555,0,9067500,9/18/2026,WHITE,0,79,F,INDEX,,F,F,0,0
7/1/2026,2:39:40 PM,SPX,ML/,131,200.3,,CALL,7555,0,2623930,9/18/2026,WHITE,0,79,F,INDEX,,F,F,0,0
7/1/2026,2:44:29 PM,SPX,ML/,96,200.4,,CALL,7555,0,1923840,9/18/2026,WHITE,0,79,F,INDEX,,F,F,0,0
7/1/2026,3:02:50 PM,SPX,ML/,94,197.44,,CALL,7555,0,1855936,9/18/2026,WHITE,0,79,F,INDEX,,F,F,0,0
7/1/2026,3:43:29 PM,SPX,ML/,76,195.5,,CALL,7555,0,1485800,9/18/2026,WHITE,0,79,F,INDEX,,F,F,0,0
7/1/2026,11:30:16 AM,SPX,ML/,250,9.58,,PUT,6200,0,239500,8/21/2026,WHITE,0,51,F,INDEX,,F,F,0,0
7/1/2026,1:49:47 PM,RUT,ML/,73,3.24,,PUT,2785,0,23652,7/17/2026,WHITE,0,16,F,INDEX,,F,F,0,0
7/1/2026,10:32:39 AM,SPX,ML/,75,5,,PUT,6930,0,37500,7/17/2026,WHITE,0,16,F,INDEX,,F,F,0,0
7/1/2026,11:35:33 AM,XSP,BLOCK,100,1.84,,CALL,757,0,18400,7/8/2026,WHITE,0,7,F,INDEX,,F,T,0,0
7/1/2026,12:05:07 PM,XSP,BLOCK,100,1.79,,CALL,757,0,17900,7/8/2026,WHITE,0,7,F,INDEX,,F,T,0,0
7/1/2026,10:33:02 AM,SPX,ML/,163,3.6,,PUT,6820,0,58679,7/17/2026,WHITE,0,16,F,INDEX,,F,F,0,0
7/1/2026,3:22:38 PM,SPX,ML/,105,3.3,,PUT,6820,0,34650,7/17/2026,WHITE,0,16,F,INDEX,,F,F,0,0
7/1/2026,10:33:02 AM,SPX,ML/,157,8.84,,PUT,7085,0,138788,7/17/2026,WHITE,0,16,F,INDEX,,F,F,0,0
7/1/2026,10:33:02 AM,SPX,ML/,163,3.3,,PUT,6785,0,53790,7/17/2026,WHITE,0,16,F,INDEX,,F,F,0,0
7/1/2026,10:33:02 AM,SPX,ML/,157,1.52,,PUT,6345,0,23864,7/17/2026,WHITE,0,16,F,INDEX,,F,F,0,0
7/1/2026,10:33:02 AM,SPX,ML/,81,20.69,,PUT,6660,0,167589,8/21/2026,WHITE,0,51,F,INDEX,,F,F,0,0
7/1/2026,10:33:02 AM,SPX,ML/,326,0.71,,PUT,5730,0,23145,7/17/2026,WHITE,0,16,F,INDEX,,F,F,0,0
7/1/2026,10:33:02 AM,SPX,ML/,53,3.59,,PUT,5275,0,19027,8/21/2026,WHITE,0,51,F,INDEX,,F,F,0,0
7/1/2026,10:52:40 AM,SPX,ML/,78,3.59,,PUT,5275,0,28002,8/21/2026,WHITE,0,51,F,INDEX,,F,F,0,0
7/1/2026,2:33:13 PM,SPX,BLOCK,50,8.4,,PUT,6050,0,42000,8/21/2026,WHITE,0,51,F,INDEX,,F,F,0,0
7/1/2026,12:43:42 PM,SPX,ML/,150,51.31,,CALL,7780,0,769650,8/21/2026,WHITE,0,51,F,INDEX,,F,F,0,0
7/1/2026,3:59:10 PM,SPX,BLOCK,50,118.8,,PUT,7125,0,594000,10/16/2026,WHITE,0,107,F,INDEX,,F,F,0,0
7/1/2026,10:34:07 AM,SPXW,BLOCK,153,0.7,,PUT,6100,0,10710,7/14/2026,WHITE,0,13,F,INDEX,,F,T,0,0
7/1/2026,1:37:47 PM,SPX,ML/,140,199,,PUT,7565,0,2786000,9/18/2026,WHITE,0,79,F,INDEX,,F,F,0,0
7/1/2026,11:22:37 AM,SPX,ML/,280,195,,PUT,7565,0,5460000,9/18/2026,WHITE,0,79,F,INDEX,,F,F,0,0
7/1/2026,1:03:54 PM,SPX,ML/,165,202,,PUT,7565,0,3333000,9/18/2026,WHITE,0,79,F,INDEX,,F,F,0,0
7/1/2026,1:43:37 PM,SPX,ML/,196,199,,PUT,7565,0,3900400,9/18/2026,WHITE,0,79,F,INDEX,,F,F,0,0
7/1/2026,10:34:18 AM,SPX,ML/,61,15.99,,PUT,5900,0,97539,9/18/2026,WHITE,0,79,F,INDEX,,F,F,0,0
7/1/2026,10:34:18 AM,SPX,ML/,61,2.25,,CALL,8600,0,13725,9/18/2026,WHITE,0,79,F,INDEX,,F,F,0,0
7/1/2026,10:34:18 AM,SPX,ML/,61,1.66,,CALL,8650,0,10126,9/18/2026,WHITE,0,79,F,INDEX,,F,F,0,0
7/1/2026,3:32:33 PM,SPX,BLOCK,76,52.4,,PUT,4800,0,398239,6/17/2027,WHITE,0,351,F,INDEX,,F,T,0,0
7/1/2026,10:34:53 AM,SPX,ML/,57,2.82,,PUT,5050,0,16073,8/21/2026,WHITE,0,51,F,INDEX,,F,F,0,0
7/1/2026,10:34:53 AM,SPX,ML/,61,16.97,,PUT,6540,0,103516,8/21/2026,WHITE,0,51,F,INDEX,,F,F,0,0
7/1/2026,10:34:53 AM,SPX,ML/,117,1.05,,PUT,6080,0,12285,7/17/2026,WHITE,0,16,F,INDEX,,F,F,0,0
7/1/2026,10:34:53 AM,SPX,ML/,117,0.95,,PUT,6020,0,11115,7/17/2026,WHITE,0,16,F,INDEX,,F,F,0,0
7/1/2026,10:34:53 AM,SPX,ML/,117,5.54,,PUT,6960,0,64818,7/17/2026,WHITE,0,16,F,INDEX,,F,F,0,0
7/1/2026,10:34:53 AM,SPX,ML/,114,1.46,,PUT,6335,0,16644,7/17/2026,WHITE,0,16,F,INDEX,,F,F,0,0
7/1/2026,3:57:00 PM,SPX,ML/,55,247.58,,CALL,7275,0,1361690,7/17/2026,WHITE,0,16,F,INDEX,,F,F,0,0
7/1/2026,12:30:45 PM,SPX,ML/,500,90.95,,PUT,7175,0,4547500,9/18/2026,WHITE,0,79,F,INDEX,,F,F,0,0
7/1/2026,10:35:08 AM,VIX,ML/,2200,0.18,,CALL,75,0,39600,8/19/2026,WHITE,0,49,F,INDEX,,F,T,0,0
7/1/2026,12:47:15 PM,SPXW,BLOCK,89,1.75,,PUT,5400,0,15575,8/4/2026,WHITE,0,34,F,INDEX,,F,T,0,0
7/1/2026,1:18:51 PM,SPX,BLOCK,50,107.8,,CALL,7630,0,539000,8/21/2026,WHITE,0,51,F,INDEX,,F,F,0,0
7/1/2026,1:19:21 PM,SPX,BLOCK,50,108.3,,CALL,7630,0,541500,8/21/2026,WHITE,0,51,F,INDEX,,F,F,0,0
7/1/2026,3:50:27 PM,RUT,ML/,71,6,,PUT,2825,0,42600,7/17/2026,WHITE,0,16,F,INDEX,,F,F,0,0
7/1/2026,3:52:21 PM,RUT,ML/,51,6.22,,PUT,2825,0,31721,7/17/2026,WHITE,0,16,F,INDEX,,F,F,0,0
7/1/2026,3:45:30 PM,XSP,ML/,50,13.24,,PUT,763,0,66200,7/6/2026,WHITE,0,5,F,INDEX,,F,T,0,0
7/1/2026,3:47:28 PM,XSP,ML/,50,13.28,,PUT,763,0,66400,7/6/2026,WHITE,0,5,F,INDEX,,F,T,0,0
7/1/2026,3:48:25 PM,XSP,ML/,50,13.32,,PUT,763,0,66600,7/6/2026,WHITE,0,5,F,INDEX,,F,T,0,0
7/1/2026,4:02:25 PM,XSP,ML/,50,14.88,,PUT,763,0,74400,7/6/2026,WHITE,0,5,F,INDEX,,F,T,0,0
7/1/2026,4:03:56 PM,XSP,ML/,50,15.1,,PUT,763,0,75500,7/6/2026,WHITE,0,5,F,INDEX,,F,T,0,0
7/1/2026,4:04:26 PM,XSP,ML/,65,15.18,,PUT,763,0,98670,7/6/2026,WHITE,0,5,F,INDEX,,F,T,0,0
7/1/2026,4:04:58 PM,XSP,ML/,65,15.04,,PUT,763,0,97759,7/6/2026,WHITE,0,5,F,INDEX,,F,T,0,0
7/1/2026,4:07:05 PM,XSP,ML/,60,14.87,,PUT,763,0,89220,7/6/2026,WHITE,0,5,F,INDEX,,F,T,0,0
7/1/2026,4:07:37 PM,XSP,ML/,60,14.93,,PUT,763,0,89580,7/6/2026,WHITE,0,5,F,INDEX,,F,T,0,0
7/1/2026,4:08:29 PM,XSP,ML/,60,14.75,,PUT,763,0,88500,7/6/2026,WHITE,0,5,F,INDEX,,F,T,0,0
7/1/2026,1:29:59 PM,SPX,ML/,298,412.45,,CALL,7875,0,12291010,5/21/2027,WHITE,0,324,F,INDEX,,F,F,0,0
7/1/2026,11:40:26 AM,SPX,ML/,170,85,,PUT,6450,0,1445000,12/18/2026,WHITE,0,170,F,INDEX,,F,F,0,0
7/1/2026,11:45:02 AM,SPX,ML/,170,85,,PUT,6450,0,1445000,12/18/2026,WHITE,0,170,F,INDEX,,F,F,0,0
7/1/2026,1:08:28 PM,SPXW,ML/,160,1.14,,PUT,6100,0,18239,7/17/2026,WHITE,0,16,F,INDEX,,F,F,0,0
7/1/2026,3:14:05 PM,SPXW,ML/,140,23.55,,PUT,7340,0,329700,7/15/2026,WHITE,0,14,F,INDEX,,F,T,0,0
7/1/2026,4:04:47 PM,SPX,ML/,100,261.8,,PUT,6900,0,2618000,6/17/2027,WHITE,0,351,F,INDEX,,F,T,0,0
7/1/2026,10:38:08 AM,SPX,ML/,200,72.7,,PUT,6100,0,1454000,1/15/2027,WHITE,0,198,F,INDEX,,F,F,0,0
7/1/2026,12:41:02 PM,SPXW,ML/,210,121.47,,CALL,7650,0,2550870,8/31/2026,WHITE,0,61,F,INDEX,,F,T,0,0
7/1/2026,10:38:30 AM,SPX,ML/,500,317.06,,CALL,7700,0,15853000,1/15/2027,WHITE,0,198,F,INDEX,,F,F,0,0
7/1/2026,10:57:30 AM,SPX,ML/,109,319.25,,CALL,7700,0,3479825,1/15/2027,WHITE,0,198,F,INDEX,,F,F,0,0
7/1/2026,10:38:33 AM,SPXW,BLOCK,100,1.55,,PUT,6100,0,15500,7/21/2026,WHITE,0,20,F,INDEX,,F,T,0,0
7/1/2026,10:38:57 AM,RUTW,ML/,50,94.93,,CALL,2985,0,474650,7/24/2026,WHITE,0,23,F,INDEX,,F,T,0,0
7/1/2026,10:38:57 AM,RUTW,ML/,50,75.93,,CALL,3080,0,379650,8/21/2026,WHITE,0,51,F,INDEX,,F,F,0,0
7/1/2026,10:38:57 AM,RUTW,ML/,50,85.93,,CALL,3060,0,429650,8/21/2026,WHITE,0,51,F,INDEX,,F,F,0,0
7/1/2026,11:37:34 AM,SPX,ML/,125,195,,CALL,7575,0,2437500,9/18/2026,WHITE,0,79,F,INDEX,,F,F,0,0
7/1/2026,11:34:34 AM,SPX,ML/,72,197.5,,CALL,7575,0,1422000,9/18/2026,WHITE,0,79,F,INDEX,,F,F,0,0
7/1/2026,12:18:24 PM,SPX,ML/,71,197.5,,CALL,7575,0,1402250,9/18/2026,WHITE,0,79,F,INDEX,,F,F,0,0
7/1/2026,12:24:15 PM,SPX,ML/,58,197.5,,CALL,7575,0,1145500,9/18/2026,WHITE,0,79,F,INDEX,,F,F,0,0
7/1/2026,12:29:57 PM,SPX,ML/,65,197.5,,CALL,7575,0,1283750,9/18/2026,WHITE,0,79,F,INDEX,,F,F,0,0
7/1/2026,12:33:20 PM,SPX,ML/,80,197.5,,CALL,7575,0,1580000,9/18/2026,WHITE,0,79,F,INDEX,,F,F,0,0
7/1/2026,11:55:59 AM,SPX,ML/,50,195,,CALL,7575,0,975000,9/18/2026,WHITE,0,79,F,INDEX,,F,F,0,0
7/1/2026,12:41:02 PM,SPX,ML/,52,197.42,,CALL,7575,0,1026584,9/18/2026,WHITE,0,79,F,INDEX,,F,F,0,0
7/1/2026,1:29:59 PM,SPX,ML/,135,540.82,,CALL,7650,0,7301070,5/21/2027,WHITE,0,324,F,INDEX,,F,F,0,0
7/1/2026,3:58:52 PM,SPX,BLOCK,50,36,,PUT,6550,0,180000,9/18/2026,WHITE,0,79,F,INDEX,,F,F,0,0
7/1/2026,3:58:53 PM,SPX,BLOCK,50,36,,PUT,6550,0,180000,9/18/2026,WHITE,0,79,F,INDEX,,F,F,0,0
7/1/2026,3:14:05 PM,SPXW,ML/,280,38.05,,PUT,7420,0,1065400,7/15/2026,WHITE,0,14,F,INDEX,,F,T,0,0
7/1/2026,12:51:35 PM,VIX,BLOCK,1063,0.95,,CALL,35,0,100984,9/16/2026,WHITE,0,77,F,INDEX,,F,T,0,0
7/1/2026,12:51:35 PM,VIX,BLOCK,331,0.95,,CALL,35,0,31445,9/16/2026,WHITE,0,77,F,INDEX,,F,T,0,0
7/1/2026,12:51:38 PM,VIX,BLOCK,296,0.95,,CALL,35,0,28120,9/16/2026,WHITE,0,77,F,INDEX,,F,T,0,0
7/1/2026,12:52:08 PM,VIX,BLOCK,310,0.95,,CALL,35,0,29450,9/16/2026,WHITE,0,77,F,INDEX,,F,T,0,0
7/1/2026,10:44:28 AM,SPXW,ML/,60,4.88,,PUT,7120,0,29280,7/13/2026,WHITE,0,12,F,INDEX,,F,T,0,0
7/1/2026,10:42:35 AM,SPXW,ML/,50,21.65,,CALL,7650,0,108250,7/20/2026,WHITE,0,19,F,INDEX,,F,T,0,0
7/1/2026,12:14:03 PM,VIX,ML/,2500,2.07,,PUT,19,0,517500,10/21/2026,WHITE,0,112,F,INDEX,,F,T,0,0
7/1/2026,11:45:48 AM,VIX,ML/,15000,2.06,,PUT,19,0,3090000,10/21/2026,WHITE,0,112,F,INDEX,,F,T,0,0
7/1/2026,12:15:08 PM,VIX,ML/,2500,2.08,,PUT,19,0,520000,10/21/2026,WHITE,0,112,F,INDEX,,F,T,0,0
7/1/2026,10:57:01 AM,SPX,ML/,80,363,,PUT,7000,0,2904000,12/17/2027,WHITE,0,534,F,INDEX,,F,F,0,0
7/1/2026,12:51:37 PM,SPXW,BLOCK,91,14.5,,CALL,8050,0,131950,8/28/2026,WHITE,0,58,F,INDEX,,F,T,0,0
7/1/2026,12:56:38 PM,SPXW,ML/,83,8.42,,PUT,7235,0,69886,7/13/2026,WHITE,0,12,F,INDEX,,F,T,0,0
7/1/2026,10:44:13 AM,RUT,ML/,441,40.9,,CALL,4400,0,1803690,12/17/2027,WHITE,0,534,F,INDEX,,F,F,0,0
7/1/2026,3:57:18 PM,SPXW,ML/,50,7.83,,PUT,6775,0,39150,7/27/2026,WHITE,0,26,F,INDEX,,F,T,0,0
7/1/2026,3:57:18 PM,SPXW,ML/,50,8.83,,PUT,6825,0,44150,7/27/2026,WHITE,0,26,F,INDEX,,F,T,0,0
7/1/2026,10:46:35 AM,SPXW,ML/,276,0.62,,PUT,5200,0,17112,7/22/2026,WHITE,0,21,F,INDEX,,F,T,0,0
7/1/2026,11:48:58 AM,SPXW,ML/,180,0.57,,PUT,5200,0,10260,7/22/2026,WHITE,0,21,F,INDEX,,F,T,0,0
7/1/2026,12:59:08 PM,SPXW,ML/,318,0.6,,PUT,5200,0,19080,7/22/2026,WHITE,0,21,F,INDEX,,F,T,0,0
7/1/2026,10:46:25 AM,SPX,BLOCK,61,3.4,,PUT,2700,0,20740,12/18/2026,WHITE,0,170,F,INDEX,,F,F,0,0
7/1/2026,10:46:19 AM,RUTW,ML/,100,121.37,,PUT,3000,0,1213700,10/30/2026,WHITE,0,121,F,INDEX,,F,T,0,0
7/1/2026,10:46:19 AM,RUT,ML/,100,27.35,,PUT,2700,0,273500,9/18/2026,WHITE,0,79,F,INDEX,,F,F,0,0
7/1/2026,10:48:14 AM,XSP,BLOCK,178,2.5,,PUT,733,0,44500,7/15/2026,WHITE,0,14,F,INDEX,,F,T,0,0
7/1/2026,12:51:34 PM,XSP,BLOCK,50,7,,PUT,700,0,35000,9/18/2026,WHITE,0,79,F,INDEX,,F,F,0,0
7/1/2026,3:47:27 PM,VIX,BLOCK,739,5.5,,PUT,23,0,406450,7/22/2026,WHITE,0,21,F,INDEX,,F,T,0,0
7/1/2026,10:46:47 AM,SPX,BLOCK,80,4.2,,PUT,2600,0,33600,1/15/2027,WHITE,0,198,F,INDEX,,F,F,0,0
7/1/2026,3:25:19 PM,SPX,ML/,100,471,,PUT,7800,0,4710000,4/16/2027,WHITE,0,289,F,INDEX,,F,F,0,0
7/1/2026,2:01:15 PM,SPX,ML/,75,471.5,,PUT,7800,0,3536250,4/16/2027,WHITE,0,289,F,INDEX,,F,F,0,0
7/1/2026,3:25:20 PM,SPX,ML/,100,471,,PUT,7800,0,4710000,4/16/2027,WHITE,0,289,F,INDEX,,F,F,0,0
7/1/2026,11:11:57 AM,SPX,ML/,180,169,,PUT,6600,0,3042000,4/16/2027,WHITE,0,289,F,INDEX,,F,F,0,0
7/1/2026,10:47:20 AM,SPX,ML/,394,79.69,,PUT,7060,0,3139786,9/18/2026,WHITE,0,79,F,INDEX,,F,F,0,0
7/1/2026,10:47:20 AM,SPX,ML/,293,78.36,,PUT,7050,0,2295948,9/18/2026,WHITE,0,79,F,INDEX,,F,F,0,0
7/1/2026,10:47:20 AM,SPX,ML/,183,59.86,,PUT,7155,0,1095438,8/21/2026,WHITE,0,51,F,INDEX,,F,F,0,0
7/1/2026,3:52:13 PM,SPXW,ML/,100,27,,PUT,7200,0,270000,7/27/2026,WHITE,0,26,F,INDEX,,F,T,0,0
7/1/2026,10:56:50 AM,SPX,ML/,2500,112.72,,PUT,6700,0,28180000,12/18/2026,WHITE,0,170,F,INDEX,,F,F,0,0
7/1/2026,11:36:24 AM,SPX,BLOCK,115,110.3,,PUT,6700,0,1268450,12/18/2026,WHITE,0,170,F,INDEX,,F,F,0,0
7/1/2026,3:26:36 PM,NDXP,BLOCK,641,8,,PUT,27800,0,512800,7/6/2026,WHITE,0,5,F,INDEX,,F,T,0,0
7/1/2026,3:26:01 PM,NDXP,BLOCK,59,8.3,,PUT,27800,0,48970,7/6/2026,WHITE,0,5,F,INDEX,,F,T,0,0
7/1/2026,4:02:51 PM,VIX,BLOCK,128,3.5,,CALL,20,0,44800,11/18/2026,WHITE,0,140,F,INDEX,,F,T,0,0
7/1/2026,2:28:43 PM,SPX,ML/,100,1.68,,PUT,6425,0,16800,7/17/2026,WHITE,0,16,F,INDEX,,F,F,0,0
7/1/2026,2:55:00 PM,SPX,ML/,100,1.73,,PUT,6425,0,17300,7/17/2026,WHITE,0,16,F,INDEX,,F,F,0,0
7/1/2026,10:48:30 AM,SPXW,ML/,60,43.62,,CALL,7580,0,261719,7/20/2026,WHITE,0,19,F,INDEX,,F,T,0,0
7/1/2026,3:34:28 PM,SPX,ML/,250,440.7,,CALL,7150,0,11017500,8/21/2026,WHITE,0,51,F,INDEX,,F,F,0,0
7/1/2026,11:33:30 AM,SPX,ML/,67,227.44,,CALL,7325,0,1523848,7/17/2026,WHITE,0,16,F,INDEX,,F,F,0,0
7/1/2026,11:36:10 AM,SPX,ML/,80,224.73,,CALL,7325,0,1797839,7/17/2026,WHITE,0,16,F,INDEX,,F,F,0,0
7/1/2026,10:50:16 AM,SPX,ML/,83,7.81,,CALL,8300,0,64823,9/18/2026,WHITE,0,79,F,INDEX,,F,F,0,0
7/1/2026,10:50:16 AM,SPX,ML/,67,7.8,,CALL,8300,0,52260,9/18/2026,WHITE,0,79,F,INDEX,,F,F,0,0
7/1/2026,2:46:39 PM,XSP,ML/,50,16.87,,PUT,747,0,84350,9/18/2026,WHITE,0,79,F,INDEX,,F,F,0,0
7/1/2026,2:46:39 PM,XSP,ML/,50,16.87,,PUT,747,0,84350,9/18/2026,WHITE,0,79,F,INDEX,,F,F,0,0
7/1/2026,12:57:18 PM,SPX,ML/,1500,676.24,,CALL,7000,0,101436000,10/16/2026,WHITE,0,107,F,INDEX,,F,F,0,0
7/1/2026,12:57:52 PM,SPX,ML/,500,676.24,,CALL,7000,0,33812000,10/16/2026,WHITE,0,107,F,INDEX,,F,F,0,0
7/1/2026,1:16:16 PM,SPX,ML/,300,674.67,,CALL,7000,0,20240100,10/16/2026,WHITE,0,107,F,INDEX,,F,F,0,0
7/1/2026,10:50:44 AM,SPX,ML/,150,188.04,,PUT,6500,0,2820600,6/17/2027,WHITE,0,351,F,INDEX,,F,T,0,0
7/1/2026,10:50:51 AM,SPXW,ML/,60,62.45,,PUT,7425,0,374700,7/23/2026,WHITE,0,22,F,INDEX,,F,T,0,0
7/1/2026,1:07:55 PM,SPX,ML/,231,21.9,,CALL,7640,0,505889,7/17/2026,WHITE,0,16,F,INDEX,,F,F,0,0
7/1/2026,11:27:03 AM,VIX,BLOCK,880,0.22,,CALL,33,0,19360,7/22/2026,WHITE,0,21,F,INDEX,,F,T,0,0
7/1/2026,12:51:34 PM,SPX,BLOCK,78,46,,CALL,8450,0,358800,12/18/2026,WHITE,0,170,F,INDEX,,F,F,0,0
7/1/2026,10:53:29 AM,SPXW,ML/,62,132.84,,PUT,7560,0,823608,7/31/2026,WHITE,0,30,F,INDEX,,F,T,0,0
7/1/2026,10:53:29 AM,SPXW,ML/,62,108.29,,PUT,7560,0,671398,7/21/2026,WHITE,0,20,F,INDEX,,F,T,0,0
7/1/2026,11:28:48 AM,SPXW,ML/,55,202.28,,CALL,7325,0,1112540,7/7/2026,WHITE,0,6,F,INDEX,,F,T,0,0
7/1/2026,11:40:07 AM,SPXW,ML/,55,197.65,,CALL,7325,0,1087075,7/7/2026,WHITE,0,6,F,INDEX,,F,T,0,0
7/1/2026,11:42:59 AM,SPXW,ML/,70,198.81,,CALL,7325,0,1391670,7/7/2026,WHITE,0,6,F,INDEX,,F,T,0,0
7/1/2026,11:49:45 AM,SPXW,ML/,173,198.77,,CALL,7325,0,3438721,7/7/2026,WHITE,0,6,F,INDEX,,F,T,0,0
7/1/2026,11:08:16 AM,SPX,ML/,340,274,,PUT,7000,0,9316000,6/17/2027,WHITE,0,351,F,INDEX,,F,T,0,0
7/1/2026,1:29:18 PM,SPX,ML/,275,273.7,,PUT,7000,0,7526750,6/17/2027,WHITE,0,351,F,INDEX,,F,T,0,0
7/1/2026,11:08:16 AM,SPX,ML/,340,1018.7,,CALL,7000,0,34635800,6/17/2027,WHITE,0,351,F,INDEX,,F,T,0,0
7/1/2026,12:18:29 PM,VIX,BLOCK,2625,0.33,,CALL,70,0,86625,9/16/2026,WHITE,0,77,F,INDEX,,F,T,0,0
7/1/2026,12:18:30 PM,VIX,BLOCK,2625,0.32,,CALL,70,0,84000,9/16/2026,WHITE,0,77,F,INDEX,,F,T,0,0
7/1/2026,12:26:38 PM,VIX,BLOCK,500,0.33,,CALL,70,0,16500,9/16/2026,WHITE,0,77,F,INDEX,,F,T,0,0
7/1/2026,3:49:50 PM,VIX,BLOCK,869,0.33,,CALL,70,0,28677,9/16/2026,WHITE,0,77,F,INDEX,,F,T,0,0
7/1/2026,12:26:38 PM,VIX,BLOCK,500,0.32,,CALL,70,0,16000,9/16/2026,WHITE,0,77,F,INDEX,,F,T,0,0
7/1/2026,10:58:28 AM,SPX,ML/,350,124.8,,PUT,6800,0,4368000,12/18/2026,WHITE,0,170,F,INDEX,,F,F,0,0
7/1/2026,10:58:28 AM,SPX,ML/,350,88,,PUT,7125,0,3080000,9/18/2026,WHITE,0,79,F,INDEX,,F,F,0,0
7/1/2026,3:04:31 PM,SPX,ML/,100,517.8,,CALL,7000,0,5178000,7/17/2026,WHITE,0,16,F,INDEX,,F,F,0,0
7/1/2026,12:38:29 PM,SPX,ML/,250,118.7,,CALL,8100,0,2967500,12/18/2026,WHITE,0,170,F,INDEX,,F,F,0,0
7/1/2026,2:42:10 PM,SPX,ML/,1000,472.61,,PUT,8000,0,47261000,8/21/2026,WHITE,0,51,F,INDEX,,F,F,0,0
7/1/2026,10:59:22 AM,SPX,ML/,425,478.71,,PUT,8000,0,20345175,8/21/2026,WHITE,0,51,F,INDEX,,F,F,0,0
7/1/2026,11:48:11 AM,SPX,ML/,1500,457.53,,PUT,8000,0,68629500,8/21/2026,WHITE,0,51,F,INDEX,,F,F,0,0
7/1/2026,2:44:17 PM,SPX,ML/,500,472.61,,PUT,8000,0,23630500,8/21/2026,WHITE,0,51,F,INDEX,,F,F,0,0
7/1/2026,10:59:52 AM,SPX,ML/,280,481.65,,PUT,8000,0,13486200,9/18/2026,WHITE,0,79,F,INDEX,,F,F,0,0
7/1/2026,11:13:59 AM,SPX,ML/,280,481.65,,PUT,8000,0,13486200,9/18/2026,WHITE,0,79,F,INDEX,,F,F,0,0
7/1/2026,11:14:08 AM,SPX,ML/,280,469.33,,PUT,8000,0,13141240,9/18/2026,WHITE,0,79,F,INDEX,,F,F,0,0
7/1/2026,11:00:02 AM,SPX,BLOCK,517,118.3,,PUT,5900,0,6116110,6/17/2027,WHITE,0,351,F,INDEX,,F,T,0,0
7/1/2026,2:52:46 PM,SPX,ML/,89,219.68,,PUT,7600,0,1955152,9/18/2026,WHITE,0,79,F,INDEX,,F,F,0,0
7/1/2026,11:02:31 AM,VIX,ML/,80,1.56,,CALL,21.5,0,12480,8/19/2026,WHITE,0,49,F,INDEX,,F,T,0,0
7/1/2026,3:02:16 PM,SPXW,ML/,160,418.52,,CALL,7100,0,6696320,7/17/2026,WHITE,0,16,F,INDEX,,F,F,0,0
7/1/2026,2:17:09 PM,SPXW,ML/,250,27.55,,PUT,7240,0,688750,7/24/2026,WHITE,0,23,F,INDEX,,F,T,0,0
7/1/2026,3:34:28 PM,SPX,ML/,250,225,,CALL,7600,0,5625000,10/16/2026,WHITE,0,107,F,INDEX,,F,F,0,0
7/1/2026,11:03:52 AM,SPX,ML/,50,34,,CALL,9000,0,170000,3/19/2027,WHITE,0,261,F,INDEX,,F,F,0,0
7/1/2026,1:12:10 PM,SPX,ML/,75,93.49,,PUT,7350,0,701175,8/21/2026,WHITE,0,51,F,INDEX,,F,F,0,0
7/1/2026,2:52:46 PM,SPX,ML/,51,94.89,,PUT,7350,0,483939,8/21/2026,WHITE,0,51,F,INDEX,,F,F,0,0
7/1/2026,3:21:08 PM,SPX,ML/,250,92.58,,PUT,7350,0,2314500,8/21/2026,WHITE,0,51,F,INDEX,,F,F,0,0
7/1/2026,3:57:54 PM,SPX,ML/,800,96.27,,PUT,7350,0,7701600,8/21/2026,WHITE,0,51,F,INDEX,,F,F,0,0
7/1/2026,11:06:26 AM,SPXW,ML/,100,39.5,,PUT,7505,0,395000,7/8/2026,WHITE,0,7,F,INDEX,,F,T,0,0
7/1/2026,11:06:27 AM,SPXW,ML/,70,39.62,,PUT,7505,0,277339,7/8/2026,WHITE,0,7,F,INDEX,,F,T,0,0
7/1/2026,11:05:25 AM,SPX,ML/,1000,515,,PUT,8000,0,51500000,1/15/2027,WHITE,0,198,F,INDEX,,F,F,0,0
7/1/2026,11:05:29 AM,SPX,BLOCK,100,2.6,,PUT,2800,0,26000,11/20/2026,WHITE,0,142,F,INDEX,,F,F,0,0
7/1/2026,11:28:01 AM,SPXW,ML/,90,82.33,,CALL,7510,0,740970,7/16/2026,WHITE,0,15,F,INDEX,,F,T,0,0
7/1/2026,4:37:55 PM,SPX,BLOCK,50,15.1,,PUT,7175,0,75500,7/17/2026,WHITE,0,16,F,INDEX,,F,F,0,0
7/1/2026,11:55:58 AM,SPX,ML/,50,246.05,,CALL,7300,0,1230250,7/17/2026,WHITE,0,16,F,INDEX,,F,F,0,0
7/1/2026,12:51:28 PM,SPX,ML/,50,244.84,,CALL,7300,0,1224200,7/17/2026,WHITE,0,16,F,INDEX,,F,F,0,0
7/1/2026,12:51:28 PM,SPX,ML/,76,244.9,,CALL,7300,0,1861240,7/17/2026,WHITE,0,16,F,INDEX,,F,F,0,0
7/1/2026,1:46:47 PM,SPXW,ML/,73,109.3,,CALL,7625,0,797890,8/21/2026,WHITE,0,51,F,INDEX,,F,F,0,0
7/1/2026,2:09:28 PM,SPXW,ML/,75,80.28,,PUT,7585,0,602100,7/2/2026,WHITE,0,1,F,INDEX,,F,T,0,0
7/1/2026,2:11:31 PM,SPXW,ML/,70,81.54,,PUT,7585,0,570780,7/2/2026,WHITE,0,1,F,INDEX,,F,T,0,0
7/1/2026,3:57:00 PM,SPX,ML/,55,329.58,,CALL,7275,0,1812689,8/21/2026,WHITE,0,51,F,INDEX,,F,F,0,0
7/1/2026,11:09:44 AM,SPXW,ML/,100,72.73,,PUT,7515,0,727300,7/16/2026,WHITE,0,15,F,INDEX,,F,T,0,0
7/1/2026,2:48:46 PM,XSP,BLOCK,70,5.63,,CALL,764,0,39410,7/31/2026,WHITE,0,30,F,INDEX,,F,T,0,0
7/1/2026,2:42:27 PM,XSP,BLOCK,135,5.74,,CALL,764,0,77490,7/31/2026,WHITE,0,30,F,INDEX,,F,T,0,0
7/1/2026,11:17:15 AM,SPX,ML/,90,199,,PUT,7560,0,1791000,9/18/2026,WHITE,0,79,F,INDEX,,F,F,0,0
7/1/2026,11:16:41 AM,SPX,ML/,160,196,,PUT,7560,0,3136000,9/18/2026,WHITE,0,79,F,INDEX,,F,F,0,0
7/1/2026,11:11:24 AM,SPX,ML/,110,198.5,,PUT,7560,0,2183500,9/18/2026,WHITE,0,79,F,INDEX,,F,F,0,0
7/1/2026,1:04:19 PM,SPX,ML/,278,200,,PUT,7560,0,5560000,9/18/2026,WHITE,0,79,F,INDEX,,F,F,0,0
7/1/2026,1:27:47 PM,SPX,ML/,74,200,,PUT,7560,0,1480000,9/18/2026,WHITE,0,79,F,INDEX,,F,F,0,0
7/1/2026,1:19:17 PM,SPX,ML/,124,198.5,,PUT,7560,0,2461400,9/18/2026,WHITE,0,79,F,INDEX,,F,F,0,0
7/1/2026,2:10:28 PM,SPX,ML/,75,199.5,,PUT,7560,0,1496250,9/18/2026,WHITE,0,79,F,INDEX,,F,F,0,0
7/1/2026,3:20:25 PM,SPX,ML/,100,199.5,,PUT,7560,0,1995000,9/18/2026,WHITE,0,79,F,INDEX,,F,F,0,0
7/1/2026,3:25:19 PM,SPX,ML/,50,199,,PUT,7560,0,995000,9/18/2026,WHITE,0,79,F,INDEX,,F,F,0,0
7/1/2026,1:53:47 PM,SPX,ML/,330,200.5,,PUT,7560,0,6616500,9/18/2026,WHITE,0,79,F,INDEX,,F,F,0,0
7/1/2026,3:33:48 PM,SPX,ML/,103,200.5,,PUT,7560,0,2065150,9/18/2026,WHITE,0,79,F,INDEX,,F,F,0,0
7/1/2026,11:20:34 AM,SPX,ML/,600,196,,PUT,7560,0,11760000,9/18/2026,WHITE,0,79,F,INDEX,,F,F,0,0
7/1/2026,11:20:27 AM,SPX,ML/,90,195,,PUT,7560,0,1755000,9/18/2026,WHITE,0,79,F,INDEX,,F,F,0,0
7/1/2026,11:21:45 AM,SPX,ML/,83,194.5,,PUT,7560,0,1614350,9/18/2026,WHITE,0,79,F,INDEX,,F,F,0,0
7/1/2026,1:23:11 PM,SPX,ML/,278,196.9,,PUT,7560,0,5473820,9/18/2026,WHITE,0,79,F,INDEX,,F,F,0,0
7/1/2026,3:34:28 PM,SPX,ML/,75,200.5,,PUT,7560,0,1503750,9/18/2026,WHITE,0,79,F,INDEX,,F,F,0,0
7/1/2026,3:23:20 PM,SPX,ML/,150,199.5,,PUT,7560,0,2992500,9/18/2026,WHITE,0,79,F,INDEX,,F,F,0,0
7/1/2026,2:28:51 PM,SPX,ML/,66,201.42,,PUT,7560,0,1329372,9/18/2026,WHITE,0,79,F,INDEX,,F,F,0,0
7/1/2026,3:15:36 PM,SPX,ML/,60,198.9,,PUT,7560,0,1193400,9/18/2026,WHITE,0,79,F,INDEX,,F,F,0,0
7/1/2026,11:11:24 AM,SPX,ML/,110,199,,CALL,7560,0,2189000,9/18/2026,WHITE,0,79,F,INDEX,,F,F,0,0
7/1/2026,11:17:15 AM,SPX,ML/,90,199,,CALL,7560,0,1791000,9/18/2026,WHITE,0,79,F,INDEX,,F,F,0,0
7/1/2026,11:16:41 AM,SPX,ML/,160,202,,CALL,7560,0,3232000,9/18/2026,WHITE,0,79,F,INDEX,,F,F,0,0
7/1/2026,1:04:19 PM,SPX,ML/,278,201,,CALL,7560,0,5587800,9/18/2026,WHITE,0,79,F,INDEX,,F,F,0,0
7/1/2026,1:19:17 PM,SPX,ML/,124,201,,CALL,7560,0,2492400,9/18/2026,WHITE,0,79,F,INDEX,,F,F,0,0
7/1/2026,1:27:47 PM,SPX,ML/,74,201,,CALL,7560,0,1487400,9/18/2026,WHITE,0,79,F,INDEX,,F,F,0,0
7/1/2026,1:53:47 PM,SPX,ML/,330,198.5,,CALL,7560,0,6550500,9/18/2026,WHITE,0,79,F,INDEX,,F,F,0,0
7/1/2026,3:20:25 PM,SPX,ML/,100,197.5,,CALL,7560,0,1975000,9/18/2026,WHITE,0,79,F,INDEX,,F,F,0,0
7/1/2026,3:33:48 PM,SPX,ML/,103,195.5,,CALL,7560,0,2013650,9/18/2026,WHITE,0,79,F,INDEX,,F,F,0,0
7/1/2026,11:20:34 AM,SPX,ML/,600,202,,CALL,7560,0,12120000,9/18/2026,WHITE,0,79,F,INDEX,,F,F,0,0
7/1/2026,11:20:27 AM,SPX,ML/,90,204,,CALL,7560,0,1836000,9/18/2026,WHITE,0,79,F,INDEX,,F,F,0,0
7/1/2026,11:21:45 AM,SPX,ML/,83,204.5,,CALL,7560,0,1697350,9/18/2026,WHITE,0,79,F,INDEX,,F,F,0,0
7/1/2026,1:23:11 PM,SPX,ML/,278,202.6,,CALL,7560,0,5632280,9/18/2026,WHITE,0,79,F,INDEX,,F,F,0,0
7/1/2026,2:10:28 PM,SPX,ML/,75,199.5,,CALL,7560,0,1496250,9/18/2026,WHITE,0,79,F,INDEX,,F,F,0,0
7/1/2026,2:28:51 PM,SPX,ML/,66,197.92,,CALL,7560,0,1306272,9/18/2026,WHITE,0,79,F,INDEX,,F,F,0,0
7/1/2026,3:34:28 PM,SPX,ML/,75,195.5,,CALL,7560,0,1466250,9/18/2026,WHITE,0,79,F,INDEX,,F,F,0,0
7/1/2026,3:15:36 PM,SPX,ML/,60,198.9,,CALL,7560,0,1193400,9/18/2026,WHITE,0,79,F,INDEX,,F,F,0,0
7/1/2026,3:23:20 PM,SPX,ML/,150,197.5,,CALL,7560,0,2962500,9/18/2026,WHITE,0,79,F,INDEX,,F,F,0,0
7/1/2026,11:11:24 AM,SPX,ML/,500,17.75,,CALL,9800,0,887500,6/17/2027,WHITE,0,351,F,INDEX,,F,T,0,0
7/1/2026,11:11:24 AM,SPX,ML/,1000,42,,PUT,4500,0,4200000,6/17/2027,WHITE,0,351,F,INDEX,,F,T,0,0
7/1/2026,11:11:57 AM,SPX,ML/,180,137.55,,PUT,7375,0,2475900,9/18/2026,WHITE,0,79,F,INDEX,,F,F,0,0
7/1/2026,11:12:28 AM,NDX,ML/,103,670.52,,PUT,29000,0,6906356,8/21/2026,WHITE,0,51,F,INDEX,,F,F,0,0
7/1/2026,11:12:28 AM,NDX,ML/,64,670.51,,PUT,29000,0,4291264,8/21/2026,WHITE,0,51,F,INDEX,,F,F,0,0
7/1/2026,11:46:36 AM,SPX,ML/,250,54.64,,CALL,7775,0,1366000,8/21/2026,WHITE,0,51,F,INDEX,,F,F,0,0
7/1/2026,11:12:54 AM,SPXW,BLOCK,70,1.65,,PUT,5800,0,11550,7/27/2026,WHITE,0,26,F,INDEX,,F,T,0,0
7/1/2026,11:13:49 AM,SPXW,BLOCK,70,1.65,,PUT,5800,0,11550,7/27/2026,WHITE,0,26,F,INDEX,,F,T,0,0
7/1/2026,12:33:20 PM,SPX,ML/,270,7.5,,CALL,8080,0,202500,8/21/2026,WHITE,0,51,F,INDEX,,F,F,0,0
7/1/2026,11:46:36 AM,SPX,ML/,75,65.01,,PUT,7225,0,487575,8/21/2026,WHITE,0,51,F,INDEX,,F,F,0,0
7/1/2026,3:09:52 PM,SPX,ML/,52,28.32,,PUT,6835,0,147264,8/21/2026,WHITE,0,51,F,INDEX,,F,F,0,0
7/1/2026,3:22:38 PM,SPX,ML/,105,28.38,,PUT,6835,0,297989,8/21/2026,WHITE,0,51,F,INDEX,,F,F,0,0
7/1/2026,1:05:58 PM,SPX,ML/,65,6.98,,PUT,7040,0,45370,7/17/2026,WHITE,0,16,F,INDEX,,F,F,0,0
7/1/2026,2:32:51 PM,SPX,ML/,75,165.72,,PUT,6950,0,1242900,1/15/2027,WHITE,0,198,F,INDEX,,F,F,0,0
7/1/2026,11:40:23 AM,SPX,ML/,1800,5.51,,CALL,8125,0,991800,8/21/2026,WHITE,0,51,F,INDEX,,F,F,0,0
7/1/2026,11:17:15 AM,SPX,ML/,450,146,,PUT,6950,0,6570000,12/18/2026,WHITE,0,170,F,INDEX,,F,F,0,0
7/1/2026,11:20:13 AM,SPX,ML/,50,146,,PUT,6950,0,730000,12/18/2026,WHITE,0,170,F,INDEX,,F,F,0,0
7/1/2026,11:22:16 AM,SPX,ML/,100,146,,PUT,6950,0,1460000,12/18/2026,WHITE,0,170,F,INDEX,,F,F,0,0
7/1/2026,11:20:27 AM,SPX,ML/,450,144,,PUT,6950,0,6480000,12/18/2026,WHITE,0,170,F,INDEX,,F,F,0,0
7/1/2026,3:58:37 PM,SPX,BLOCK,50,44.3,,PUT,7020,0,221500,8/21/2026,WHITE,0,51,F,INDEX,,F,F,0,0
7/1/2026,3:58:38 PM,SPX,BLOCK,50,44.3,,PUT,7020,0,221500,8/21/2026,WHITE,0,51,F,INDEX,,F,F,0,0
7/1/2026,11:40:39 AM,SPXW,ML/,435,14.3,,PUT,7330,0,622050,7/13/2026,WHITE,0,12,F,INDEX,,F,T,0,0
7/1/2026,11:40:39 AM,SPXW,ML/,65,14.3,,PUT,7330,0,92950,7/13/2026,WHITE,0,12,F,INDEX,,F,T,0,0
7/1/2026,11:17:41 AM,SPX,ML/,105,3.02,,PUT,6775,0,31710,7/17/2026,WHITE,0,16,F,INDEX,,F,F,0,0
7/1/2026,2:53:40 PM,SPX,ML/,50,3.24,,PUT,6775,0,16200,7/17/2026,WHITE,0,16,F,INDEX,,F,F,0,0
7/1/2026,12:05:22 PM,SPXW,ML/,300,10.28,,CALL,7875,0,308400,8/3/2026,WHITE,0,33,F,INDEX,,F,T,0,0
7/1/2026,12:07:20 PM,SPXW,ML/,400,10.18,,CALL,7875,0,407200,8/3/2026,WHITE,0,33,F,INDEX,,F,T,0,0
7/1/2026,1:50:40 PM,SPX,ML/,200,727.24,,CALL,7000,0,14544800,11/20/2026,WHITE,0,142,F,INDEX,,F,F,0,0
7/1/2026,1:51:30 PM,SPX,ML/,2700,727.24,,CALL,7000,0,196354800,11/20/2026,WHITE,0,142,F,INDEX,,F,F,0,0
7/1/2026,1:50:40 PM,SPX,ML/,200,131.05,,PUT,7000,0,2621000,11/20/2026,WHITE,0,142,F,INDEX,,F,F,0,0
7/1/2026,1:51:29 PM,SPX,ML/,2700,131.05,,PUT,7000,0,35383500,11/20/2026,WHITE,0,142,F,INDEX,,F,F,0,0
7/1/2026,3:55:55 PM,SPX,ML/,100,405.92,,PUT,7500,0,4059200,6/17/2027,WHITE,0,351,F,INDEX,,F,T,0,0
7/1/2026,3:46:33 PM,SPX,ML/,100,66.38,,PUT,6000,0,663800,1/15/2027,WHITE,0,198,F,INDEX,,F,F,0,0
7/1/2026,12:56:30 PM,VIX,BLOCK,110,1.4,,CALL,23,0,15400,8/19/2026,WHITE,0,49,F,INDEX,,F,T,0,0
7/1/2026,12:56:43 PM,VIX,BLOCK,108,1.4,,CALL,23,0,15119,8/19/2026,WHITE,0,49,F,INDEX,,F,T,0,0
7/1/2026,1:29:59 PM,SPX,ML/,99,241.55,,CALL,8250,0,2391345,5/21/2027,WHITE,0,324,F,INDEX,,F,F,0,0
7/1/2026,11:21:08 AM,SPX,ML/,60,14.11,,PUT,4100,0,84659,1/15/2027,WHITE,0,198,F,INDEX,,F,F,0,0
7/1/2026,1:05:17 PM,SPXW,ML/,1353,0.95,,PUT,5950,0,128534,7/17/2026,WHITE,0,16,F,INDEX,,F,F,0,0
7/1/2026,11:22:01 AM,SPX,ML/,50,17.7,,PUT,4700,0,88500,12/18/2026,WHITE,0,170,F,INDEX,,F,F,0,0
7/1/2026,11:22:01 AM,SPX,ML/,50,16.1,,PUT,4925,0,80500,11/20/2026,WHITE,0,142,F,INDEX,,F,F,0,0
7/1/2026,11:22:05 AM,SPX,ML/,50,71.35,,CALL,7725,0,356749,8/21/2026,WHITE,0,51,F,INDEX,,F,F,0,0
7/1/2026,11:22:12 AM,SPX,ML/,50,71.55,,CALL,7725,0,357750,8/21/2026,WHITE,0,51,F,INDEX,,F,F,0,0
7/1/2026,2:21:35 PM,SPX,ML/,84,66.65,,CALL,7725,0,559860,8/21/2026,WHITE,0,51,F,INDEX,,F,F,0,0
7/1/2026,3:05:06 PM,SPX,ML/,50,66.05,,CALL,7725,0,330250,8/21/2026,WHITE,0,51,F,INDEX,,F,F,0,0
7/1/2026,1:03:54 PM,SPX,ML/,165,198,,CALL,7565,0,3267000,9/18/2026,WHITE,0,79,F,INDEX,,F,F,0,0
7/1/2026,11:22:37 AM,SPX,ML/,280,203,,CALL,7565,0,5684000,9/18/2026,WHITE,0,79,F,INDEX,,F,F,0,0
7/1/2026,1:37:47 PM,SPX,ML/,140,199,,CALL,7565,0,2786000,9/18/2026,WHITE,0,79,F,INDEX,,F,F,0,0
7/1/2026,1:43:37 PM,SPX,ML/,196,198,,CALL,7565,0,3880800,9/18/2026,WHITE,0,79,F,INDEX,,F,F,0,0
7/1/2026,11:22:40 AM,SPX,ML/,100,5.07,,PUT,3500,0,50700,11/20/2026,WHITE,0,142,F,INDEX,,F,F,0,0
7/1/2026,2:48:03 PM,SPXW,BLOCK,200,2.75,,PUT,7195,0,55000,7/8/2026,WHITE,0,7,F,INDEX,,F,T,0,0
7/1/2026,2:50:57 PM,SPXW,BLOCK,100,2.7,,PUT,7195,0,27000,7/8/2026,WHITE,0,7,F,INDEX,,F,T,0,0
7/1/2026,1:48:06 PM,RUT,ML/,60,89.01,,CALL,3100,0,534060,9/18/2026,WHITE,0,79,F,INDEX,,F,F,0,0
7/1/2026,11:26:00 AM,RUTW,BLOCK,56,32,,CALL,3050,0,179200,7/10/2026,WHITE,0,9,F,INDEX,,F,T,0,0
7/1/2026,11:33:30 AM,SPX,ML/,67,311.04,,CALL,7325,0,2083968,8/21/2026,WHITE,0,51,F,INDEX,,F,F,0,0
7/1/2026,11:36:10 AM,SPX,ML/,80,308.48,,CALL,7325,0,2467840,8/21/2026,WHITE,0,51,F,INDEX,,F,F,0,0
7/1/2026,12:25:12 PM,NDX,BLOCK,60,2662.9,,CALL,32000,0,15977400,6/17/2027,WHITE,0,351,F,INDEX,,F,T,0,0
7/1/2026,11:54:16 AM,SPX,ML/,150,370.1,,PUT,7400,0,5551500,6/17/2027,WHITE,0,351,F,INDEX,,F,T,0,0
7/1/2026,1:29:18 PM,SPX,ML/,250,371.27,,PUT,7400,0,9281750,6/17/2027,WHITE,0,351,F,INDEX,,F,T,0,0
7/1/2026,3:26:15 PM,SPX,ML/,148,359,,PUT,7350,0,5313200,6/17/2027,WHITE,0,351,F,INDEX,,F,T,0,0
7/1/2026,11:28:48 AM,SPXW,ML/,55,155.54,,CALL,7375,0,855469,7/7/2026,WHITE,0,6,F,INDEX,,F,T,0,0
7/1/2026,11:40:07 AM,SPXW,ML/,55,150.72,,CALL,7375,0,828960,7/7/2026,WHITE,0,6,F,INDEX,,F,T,0,0
7/1/2026,11:42:59 AM,SPXW,ML/,70,152.38,,CALL,7375,0,1066660,7/7/2026,WHITE,0,6,F,INDEX,,F,T,0,0
7/1/2026,11:49:45 AM,SPXW,ML/,173,151.12,,CALL,7375,0,2614376,7/7/2026,WHITE,0,6,F,INDEX,,F,T,0,0
7/1/2026,11:40:01 AM,SPX,ML/,85,198,,PUT,7570,0,1683000,9/18/2026,WHITE,0,79,F,INDEX,,F,F,0,0
7/1/2026,11:39:32 AM,SPX,ML/,83,199,,PUT,7570,0,1651700,9/18/2026,WHITE,0,79,F,INDEX,,F,F,0,0
7/1/2026,11:48:01 AM,SPX,ML/,171,197,,PUT,7570,0,3368700,9/18/2026,WHITE,0,79,F,INDEX,,F,F,0,0
7/1/2026,11:29:22 AM,SPX,ML/,85,195.6,,PUT,7570,0,1662600,9/18/2026,WHITE,0,79,F,INDEX,,F,F,0,0
7/1/2026,11:46:36 AM,SPX,ML/,77,198,,PUT,7570,0,1524600,9/18/2026,WHITE,0,79,F,INDEX,,F,F,0,0
7/1/2026,11:40:23 AM,SPX,ML/,131,198.5,,PUT,7570,0,2600350,9/18/2026,WHITE,0,79,F,INDEX,,F,F,0,0
7/1/2026,12:06:14 PM,SPX,ML/,160,197,,PUT,7570,0,3152000,9/18/2026,WHITE,0,79,F,INDEX,,F,F,0,0
7/1/2026,11:50:52 AM,SPX,ML/,120,198.2,,PUT,7570,0,2378399,9/18/2026,WHITE,0,79,F,INDEX,,F,F,0,0
7/1/2026,12:01:21 PM,SPX,ML/,70,197.8,,PUT,7570,0,1384600,9/18/2026,WHITE,0,79,F,INDEX,,F,F,0,0
7/1/2026,12:46:49 PM,SPX,ML/,57,197.5,,PUT,7570,0,1125750,9/18/2026,WHITE,0,79,F,INDEX,,F,F,0,0
7/1/2026,2:45:38 PM,SPX,ML/,200,10.4,,PUT,5500,0,208000,9/18/2026,WHITE,0,79,F,INDEX,,F,F,0,0
7/1/2026,11:31:10 AM,SPXW,ML/,50,47.2,,CALL,7650,0,236000,7/28/2026,WHITE,0,27,F,INDEX,,F,T,0,0
7/1/2026,3:24:24 PM,SPX,ML/,135,176.2,,CALL,8525,0,2378700,6/17/2027,WHITE,0,351,F,INDEX,,F,T,0,0
7/1/2026,1:44:31 PM,RUT,SWEEP,100,70.5,,PUT,2750,0,705000,12/18/2026,WHITE,0,170,F,INDEX,,F,F,0,0
7/1/2026,12:49:16 PM,SPX,ML/,50,180.54,,CALL,7375,0,902700,7/17/2026,WHITE,0,16,F,INDEX,,F,F,0,0
7/1/2026,12:51:32 PM,SPX,ML/,50,180.13,,CALL,7375,0,900650,7/17/2026,WHITE,0,16,F,INDEX,,F,F,0,0
7/1/2026,12:51:35 PM,SPX,ML/,50,181.26,,CALL,7375,0,906300,7/17/2026,WHITE,0,16,F,INDEX,,F,F,0,0
7/1/2026,12:49:16 PM,SPX,ML/,50,268.99,,CALL,7375,0,1344950,8/21/2026,WHITE,0,51,F,INDEX,,F,F,0,0
7/1/2026,12:51:32 PM,SPX,ML/,50,268.83,,CALL,7375,0,1344150,8/21/2026,WHITE,0,51,F,INDEX,,F,F,0,0
7/1/2026,12:51:35 PM,SPX,ML/,50,270.26,,CALL,7375,0,1351300,8/21/2026,WHITE,0,51,F,INDEX,,F,F,0,0
7/1/2026,3:41:42 PM,SPXW,ML/,3000,0.27,,CALL,8600,0,81000,8/7/2026,WHITE,0,37,F,INDEX,,F,T,0,0
7/1/2026,11:37:34 AM,SPX,ML/,125,201,,PUT,7575,0,2512500,9/18/2026,WHITE,0,79,F,INDEX,,F,F,0,0
7/1/2026,12:18:24 PM,SPX,ML/,71,197.5,,PUT,7575,0,1402250,9/18/2026,WHITE,0,79,F,INDEX,,F,F,0,0
7/1/2026,12:24:15 PM,SPX,ML/,58,197.5,,PUT,7575,0,1145500,9/18/2026,WHITE,0,79,F,INDEX,,F,F,0,0
7/1/2026,12:29:57 PM,SPX,ML/,65,197.5,,PUT,7575,0,1283750,9/18/2026,WHITE,0,79,F,INDEX,,F,F,0,0
7/1/2026,12:33:20 PM,SPX,ML/,80,197.5,,PUT,7575,0,1580000,9/18/2026,WHITE,0,79,F,INDEX,,F,F,0,0
7/1/2026,11:34:34 AM,SPX,ML/,72,199.5,,PUT,7575,0,1436400,9/18/2026,WHITE,0,79,F,INDEX,,F,F,0,0
7/1/2026,11:55:54 AM,SPX,ML/,50,201,,PUT,7575,0,1005000,9/18/2026,WHITE,0,79,F,INDEX,,F,F,0,0
7/1/2026,12:41:02 PM,SPX,ML/,88,197.74,,PUT,7575,0,1740112,9/18/2026,WHITE,0,79,F,INDEX,,F,F,0,0
7/1/2026,2:22:52 PM,SPX,ML/,100,103.9,,CALL,8500,0,1039000,3/19/2027,WHITE,0,261,F,INDEX,,F,F,0,0
7/1/2026,2:03:22 PM,SPX,ML/,500,310,,CALL,7900,0,15500000,3/19/2027,WHITE,0,261,F,INDEX,,F,F,0,0
7/1/2026,2:53:40 PM,SPX,ML/,100,2.2,,PUT,6575,0,22000,7/17/2026,WHITE,0,16,F,INDEX,,F,F,0,0
7/1/2026,1:50:48 PM,SPXW,ML/,50,201.57,,PUT,7640,0,1007850,8/21/2026,WHITE,0,51,F,INDEX,,F,F,0,0
7/1/2026,1:00:36 PM,SPX,ML/,250,378.06,,PUT,7600,0,9451500,3/19/2027,WHITE,0,261,F,INDEX,,F,F,0,0
7/1/2026,3:35:49 PM,SPX,ML/,300,377.71,,PUT,7600,0,11331300,3/19/2027,WHITE,0,261,F,INDEX,,F,F,0,0
7/1/2026,11:48:01 AM,SPX,ML/,1900,12.3,,PUT,5700,0,2337000,9/18/2026,WHITE,0,79,F,INDEX,,F,F,0,0
7/1/2026,11:37:04 AM,VIX,ML/,4000,0.69,,PUT,16.5,0,276000,8/19/2026,WHITE,0,49,F,INDEX,,F,T,0,0
7/1/2026,3:45:23 PM,VIX,BLOCK,1000,0.69,,PUT,16.5,0,69000,8/19/2026,WHITE,0,49,F,INDEX,,F,T,0,0
7/1/2026,3:59:40 PM,SPX,BLOCK,50,17.3,,PUT,6550,0,86500,8/21/2026,WHITE,0,51,F,INDEX,,F,F,0,0
7/1/2026,12:51:24 PM,SPX,BLOCK,108,26.7,,CALL,7890,0,288360,8/21/2026,WHITE,0,51,F,INDEX,,F,F,0,0
7/1/2026,12:26:56 PM,SPX,ML/,80,40.86,,PUT,7435,0,326880,7/17/2026,WHITE,0,16,F,INDEX,,F,F,0,0
7/1/2026,11:38:06 AM,RUTW,ML/,200,0.59,,CALL,3200,0,11799,7/10/2026,WHITE,0,9,F,INDEX,,F,T,0,0
7/1/2026,11:38:06 AM,RUT,ML/,100,3.08,,CALL,3200,0,30800,7/17/2026,WHITE,0,16,F,INDEX,,F,F,0,0
7/1/2026,12:59:42 PM,RUT,ML/,50,2.45,,CALL,3200,0,12250,7/17/2026,WHITE,0,16,F,INDEX,,F,F,0,0
7/1/2026,11:38:18 AM,SPXW,ML/,53,84.87,,PUT,7525,0,449811,7/22/2026,WHITE,0,21,F,INDEX,,F,T,0,0
7/1/2026,11:38:18 AM,SPXW,ML/,53,120.32,,PUT,7525,0,637696,8/7/2026,WHITE,0,37,F,INDEX,,F,T,0,0
7/1/2026,12:33:20 PM,SPXW,ML/,300,67.32,,CALL,7670,0,2019600,8/7/2026,WHITE,0,37,F,INDEX,,F,T,0,0
7/1/2026,3:02:16 PM,SPXW,ML/,160,111.4,,PUT,7250,0,1782400,9/18/2026,WHITE,0,79,F,INDEX,,F,F,0,0
7/1/2026,11:40:25 AM,SPX,ML/,63,4.2,,PUT,6915,0,26460,7/17/2026,WHITE,0,16,F,INDEX,,F,F,0,0
7/1/2026,11:42:54 AM,SPXW,BLOCK,94,11.8,,PUT,5650,0,110920,9/18/2026,WHITE,0,79,F,INDEX,,F,F,0,0
7/1/2026,11:44:39 AM,SPXW,ML/,70,1067.97,,CALL,6450,0,7475790,7/6/2026,WHITE,0,5,F,INDEX,,F,T,0,0
7/1/2026,11:44:39 AM,SPXW,ML/,70,1017.77,,CALL,6500,0,7124389,7/6/2026,WHITE,0,5,F,INDEX,,F,T,0,0
7/1/2026,11:44:39 AM,SPXW,ML/,70,1014.57,,CALL,6500,0,7101990,7/1/2026,WHITE,0,0,F,INDEX,,F,T,0,0
7/1/2026,11:45:05 AM,SPX,ML/,300,54.63,,PUT,4500,0,1638900,9/17/2027,WHITE,0,443,F,INDEX,,F,F,0,0
7/1/2026,11:45:48 AM,VIX,ML/,14999,1.82,,CALL,27,0,2729818,10/21/2026,WHITE,0,112,F,INDEX,,F,T,0,0
7/1/2026,12:14:03 PM,VIX,ML/,2500,1.81,,CALL,27,0,452500,10/21/2026,WHITE,0,112,F,INDEX,,F,T,0,0
7/1/2026,12:15:08 PM,VIX,ML/,2500,1.8,,CALL,27,0,450000,10/21/2026,WHITE,0,112,F,INDEX,,F,T,0,0
7/1/2026,11:48:58 AM,SPXW,ML/,180,1.81,,PUT,6200,0,32580,7/22/2026,WHITE,0,21,F,INDEX,,F,T,0,0
7/1/2026,11:48:58 AM,SPXW,ML/,90,2.64,,PUT,6450,0,23760,7/22/2026,WHITE,0,21,F,INDEX,,F,T,0,0
7/1/2026,12:51:35 PM,VIX,BLOCK,140,2.4,,PUT,19.5,0,33600,7/22/2026,WHITE,0,21,F,INDEX,,F,T,0,0
7/1/2026,1:07:55 PM,SPX,ML/,50,52.35,,CALL,7930,0,261750,9/18/2026,WHITE,0,79,F,INDEX,,F,F,0,0
7/1/2026,1:22:44 PM,DJX,BLOCK,75,5.85,,CALL,525,0,43874,7/17/2026,WHITE,0,16,F,INDEX,,F,F,0,0
7/1/2026,3:59:30 PM,NDXP,BLOCK,181,29.72,,CALL,30210,0,537932,7/2/2026,WHITE,0,1,F,INDEX,,F,T,0,0
7/1/2026,3:00:27 PM,VIX,BLOCK,200,0.73,,CALL,33,0,14600,8/19/2026,WHITE,0,49,F,INDEX,,F,T,0,0
7/1/2026,11:53:30 AM,SPX,BLOCK,109,3.3,,CALL,8800,0,35970,10/16/2026,WHITE,0,107,F,INDEX,,F,F,0,0
7/1/2026,12:52:44 PM,SPX,ML/,50,3.43,,CALL,8800,0,17150,10/16/2026,WHITE,0,107,F,INDEX,,F,F,0,0
7/1/2026,3:39:15 PM,SPXW,ML/,1000,0.1,,PUT,6100,0,10000,7/7/2026,WHITE,0,6,F,INDEX,,F,T,0,0
7/1/2026,11:54:55 AM,SPXW,BLOCK,220,3.4,,CALL,8800,0,74800,10/16/2026,WHITE,0,107,F,INDEX,,F,F,0,0
7/1/2026,11:56:44 AM,RUT,ML/,300,29.27,,PUT,3000,0,878100,7/17/2026,WHITE,0,16,F,INDEX,,F,F,0,0
7/1/2026,11:56:44 AM,RUT,ML/,500,149.59,,CALL,3000,0,7479500,9/18/2026,WHITE,0,79,F,INDEX,,F,F,0,0
7/1/2026,12:42:35 PM,VIX,BLOCK,500,0.2,,PUT,15,0,10000,8/19/2026,WHITE,0,49,F,INDEX,,F,T,0,0
7/1/2026,12:01:08 PM,SPXW,ML/,180,1.46,,PUT,6600,0,26280,7/15/2026,WHITE,0,14,F,INDEX,,F,T,0,0
7/1/2026,1:32:20 PM,SPXW,ML/,100,1.3,,PUT,5800,0,13000,7/23/2026,WHITE,0,22,F,INDEX,,F,T,0,0
7/1/2026,12:04:11 PM,SPXW,ML/,55,27.55,,CALL,7690,0,151525,7/24/2026,WHITE,0,23,F,INDEX,,F,T,0,0
7/1/2026,2:05:41 PM,SPXW,ML/,156,23.86,,CALL,7690,0,372216,7/24/2026,WHITE,0,23,F,INDEX,,F,T,0,0
7/1/2026,2:32:34 PM,SPXW,ML/,448,23.32,,CALL,7690,0,1044736,7/24/2026,WHITE,0,23,F,INDEX,,F,T,0,0
7/1/2026,2:28:51 PM,SPXW,ML/,550,35.56,,CALL,7900,0,1955800,8/31/2026,WHITE,0,61,F,INDEX,,F,T,0,0
7/1/2026,12:51:34 PM,SPX,BLOCK,85,22.7,,PUT,6730,0,192950,8/21/2026,WHITE,0,51,F,INDEX,,F,F,0,0
7/1/2026,2:32:54 PM,VIX,ML/,4000,1.3,,CALL,29,0,520000,9/16/2026,WHITE,0,77,F,INDEX,,F,T,0,0
7/1/2026,12:05:53 PM,SPXW,ML/,57,16.15,,CALL,7740,0,92055,7/24/2026,WHITE,0,23,F,INDEX,,F,T,0,0
7/1/2026,3:20:48 PM,SPX,ML/,100,6.27,,PUT,5000,0,62700,9/18/2026,WHITE,0,79,F,INDEX,,F,F,0,0
7/1/2026,12:43:42 PM,SPX,ML/,81,191,,CALL,7580,0,1547100,9/18/2026,WHITE,0,79,F,INDEX,,F,F,0,0
7/1/2026,3:20:48 PM,SPX,ML/,100,2.57,,PUT,5000,0,25700,8/21/2026,WHITE,0,51,F,INDEX,,F,F,0,0
7/1/2026,12:09:06 PM,SPX,ML/,76,55.07,,PUT,6600,0,418532,10/16/2026,WHITE,0,107,F,INDEX,,F,F,0,0
7/1/2026,12:09:20 PM,SPX,ML/,162,1.12,,PUT,6200,0,18144,7/17/2026,WHITE,0,16,F,INDEX,,F,F,0,0
7/1/2026,2:29:04 PM,SPX,ML/,100,153.7,,PUT,7425,0,1536999,9/18/2026,WHITE,0,79,F,INDEX,,F,F,0,0
7/1/2026,3:22:47 PM,SPX,ML/,100,1861.63,,CALL,7000,0,18616300,12/21/2029,WHITE,0,1269,F,INDEX,,F,F,0,0
7/1/2026,1:16:40 PM,XSP,BLOCK,54,2.15,,PUT,718,0,11610,7/24/2026,WHITE,0,23,F,INDEX,,F,T,0,0
7/1/2026,12:20:04 PM,VIX,ML/,4000,0.42,,CALL,75,0,168000,11/18/2026,WHITE,0,140,F,INDEX,,F,T,0,0
7/1/2026,12:23:59 PM,VIX,ML/,4000,0.42,,CALL,75,0,168000,11/18/2026,WHITE,0,140,F,INDEX,,F,T,0,0
7/1/2026,12:20:04 PM,VIX,ML/,2000,0.81,,CALL,50,0,162000,11/18/2026,WHITE,0,140,F,INDEX,,F,T,0,0
7/1/2026,12:23:59 PM,VIX,ML/,2000,0.81,,CALL,50,0,162000,11/18/2026,WHITE,0,140,F,INDEX,,F,T,0,0
7/1/2026,12:25:12 PM,NDX,BLOCK,270,89,,CALL,33600,0,2403000,8/21/2026,WHITE,0,51,F,INDEX,,F,F,0,0
7/1/2026,12:27:29 PM,SPXW,ML/,50,153.63,,PUT,6970,0,768150,12/31/2026,WHITE,0,183,F,INDEX,,F,T,0,0
7/1/2026,12:27:29 PM,SPXW,ML/,50,152.78,,PUT,6965,0,763900,12/31/2026,WHITE,0,183,F,INDEX,,F,T,0,0
7/1/2026,12:34:39 PM,SPX,BLOCK,70,16.6,,PUT,5500,0,116200,10/16/2026,WHITE,0,107,F,INDEX,,F,F,0,0
7/1/2026,12:55:14 PM,SPX,ML/,200,17.14,,PUT,5500,0,342800,10/16/2026,WHITE,0,107,F,INDEX,,F,F,0,0
7/1/2026,12:41:36 PM,SPXW,ML/,74,10.03,,PUT,7000,0,74221,7/23/2026,WHITE,0,22,F,INDEX,,F,T,0,0
7/1/2026,12:37:57 PM,SPXW,ML/,100,9.8,,PUT,7000,0,98000,7/23/2026,WHITE,0,22,F,INDEX,,F,T,0,0
7/1/2026,1:07:35 PM,SPXW,ML/,200,11.05,,PUT,7000,0,221000,7/23/2026,WHITE,0,22,F,INDEX,,F,T,0,0
7/1/2026,12:39:30 PM,RUT,ML/,56,28.72,,CALL,3210,0,160831,8/21/2026,WHITE,0,51,F,INDEX,,F,F,0,0
7/1/2026,12:39:30 PM,RUT,ML/,294,10.41,,CALL,3450,0,306054,9/18/2026,WHITE,0,79,F,INDEX,,F,F,0,0
7/1/2026,12:39:34 PM,VIX,ML/,3000,0.56,,CALL,38,0,168000,8/19/2026,WHITE,0,49,F,INDEX,,F,T,0,0
7/1/2026,12:41:02 PM,SPX,ML/,90,48.7,,CALL,8100,0,438300,10/16/2026,WHITE,0,107,F,INDEX,,F,F,0,0
7/1/2026,12:55:14 PM,SPX,ML/,144,48.4,,CALL,8100,0,696960,10/16/2026,WHITE,0,107,F,INDEX,,F,F,0,0
7/1/2026,12:41:02 PM,SPXW,ML/,270,249.53,,CALL,8350,0,6737310,6/30/2027,WHITE,0,364,F,INDEX,,F,T,0,0
7/1/2026,12:41:59 PM,XSP,ML/,60,4.7,,PUT,700,0,28200,8/28/2026,WHITE,0,58,F,INDEX,,F,T,0,0
7/1/2026,12:42:41 PM,SPX,ML/,1000,1569.05,,CALL,7000,0,156905000,12/15/2028,WHITE,0,898,F,INDEX,,F,F,0,0
7/1/2026,12:42:41 PM,SPX,ML/,1000,763.4,,PUT,8000,0,76340000,12/15/2028,WHITE,0,898,F,INDEX,,F,F,0,0
7/1/2026,12:42:41 PM,SPX,ML/,1000,961.85,,CALL,8000,0,96185000,12/15/2028,WHITE,0,898,F,INDEX,,F,F,0,0
7/1/2026,12:42:41 PM,SPX,ML/,1000,475.6,,PUT,7000,0,47560000,12/15/2028,WHITE,0,898,F,INDEX,,F,F,0,0
7/1/2026,12:43:42 PM,SPX,ML/,81,203,,PUT,7580,0,1644300,9/18/2026,WHITE,0,79,F,INDEX,,F,F,0,0
7/1/2026,3:22:38 PM,SPX,ML/,105,8.57,,PUT,6090,0,89985,8/21/2026,WHITE,0,51,F,INDEX,,F,F,0,0
7/1/2026,12:46:49 PM,SPX,ML/,383,201,,PUT,6100,0,7698300,12/17/2027,WHITE,0,534,F,INDEX,,F,F,0,0
7/1/2026,3:05:47 PM,SPX,ML/,450,366.64,,CALL,7550,0,16498800,12/18/2026,WHITE,0,170,F,INDEX,,F,F,0,0
7/1/2026,4:07:33 PM,SPX,ML/,450,351.15,,CALL,7550,0,15801750,12/18/2026,WHITE,0,170,F,INDEX,,F,F,0,0
7/1/2026,1:22:26 PM,SPX,BLOCK,160,20.8,,CALL,8125,0,332800,9/18/2026,WHITE,0,79,F,INDEX,,F,F,0,0
7/1/2026,12:51:26 PM,VIX,BLOCK,112,3.7,,PUT,21,0,41440,8/19/2026,WHITE,0,49,F,INDEX,,F,T,0,0
7/1/2026,3:31:53 PM,RUT,ML/,51,27.87,,PUT,2820,0,142137,8/21/2026,WHITE,0,51,F,INDEX,,F,F,0,0
7/1/2026,12:51:34 PM,XSP,BLOCK,164,3.37,,PUT,692,0,55268,8/21/2026,WHITE,0,51,F,INDEX,,F,F,0,0
7/1/2026,1:12:36 PM,NDXP,ML/,56,282.09,,PUT,25000,0,1579704,9/30/2026,WHITE,0,91,F,INDEX,,F,T,0,0
7/1/2026,12:51:35 PM,XSP,BLOCK,166,4.54,,PUT,673,0,75364,9/18/2026,WHITE,0,79,F,INDEX,,F,F,0,0
7/1/2026,12:52:44 PM,SPX,ML/,50,4.72,,CALL,8700,0,23600,10/16/2026,WHITE,0,107,F,INDEX,,F,F,0,0
7/1/2026,1:29:46 PM,SPX,ML/,50,73.5,,PUT,6125,0,367500,1/15/2027,WHITE,0,198,F,INDEX,,F,F,0,0
7/1/2026,1:04:43 PM,SPXW,ML/,14000,30,,CALL,7950,0,42000000,8/31/2026,WHITE,0,61,F,INDEX,,F,T,0,0
7/1/2026,12:52:33 PM,SPXW,ML/,50,59.95,,PUT,7410,0,299750,7/27/2026,WHITE,0,26,F,INDEX,,F,T,0,0
7/1/2026,12:52:43 PM,SPXW,BLOCK,55,4.1,,PUT,6100,0,22549,8/4/2026,WHITE,0,34,F,INDEX,,F,T,0,0
7/1/2026,12:52:44 PM,SPX,ML/,50,2.59,,CALL,8900,0,12950,10/16/2026,WHITE,0,107,F,INDEX,,F,F,0,0
7/1/2026,12:54:35 PM,SPXW,ML/,76,388.6,,CALL,7400,0,2953360,10/30/2026,WHITE,0,121,F,INDEX,,F,T,0,0
7/1/2026,12:54:35 PM,SPXW,ML/,608,64.2,,CALL,8100,0,3903360,10/30/2026,WHITE,0,121,F,INDEX,,F,T,0,0
7/1/2026,12:54:38 PM,SPX,BLOCK,589,7.5,,PUT,4500,0,441750,10/16/2026,WHITE,0,107,F,INDEX,,F,F,0,0
7/1/2026,12:54:38 PM,SPX,BLOCK,168,7.5,,PUT,4500,0,126000,10/16/2026,WHITE,0,107,F,INDEX,,F,F,0,0
7/1/2026,12:55:14 PM,SPX,ML/,60,8.57,,PUT,5300,0,51420,9/18/2026,WHITE,0,79,F,INDEX,,F,F,0,0
7/1/2026,3:28:04 PM,SPX,ML/,100,8.46,,PUT,5300,0,84600,9/18/2026,WHITE,0,79,F,INDEX,,F,F,0,0
7/1/2026,12:55:14 PM,SPX,ML/,340,0.64,,PUT,5700,0,21760,7/17/2026,WHITE,0,16,F,INDEX,,F,F,0,0
7/1/2026,12:57:18 PM,SPX,ML/,1500,477.6,,PUT,8000,0,71640000,10/16/2026,WHITE,0,107,F,INDEX,,F,F,0,0
7/1/2026,12:57:52 PM,SPX,ML/,500,477.6,,PUT,8000,0,23880000,10/16/2026,WHITE,0,107,F,INDEX,,F,F,0,0
7/1/2026,1:16:16 PM,SPX,ML/,300,478.19,,PUT,8000,0,14345700,10/16/2026,WHITE,0,107,F,INDEX,,F,F,0,0
7/1/2026,3:20:12 PM,VIX,BLOCK,504,0.27,,CALL,100,0,13608,11/18/2026,WHITE,0,140,F,INDEX,,F,T,0,0
7/1/2026,1:15:21 PM,SPX,BLOCK,75,90.5,,PUT,4500,0,678750,6/16/2028,WHITE,0,716,F,INDEX,,F,F,0,0
7/1/2026,1:03:03 PM,SPX,ML/,600,25.25,,CALL,8650,0,1515000,12/18/2026,WHITE,0,170,F,INDEX,,F,F,0,0
7/1/2026,1:03:15 PM,XSP,ML/,344,8.3,,PUT,709,0,285520,9/18/2026,WHITE,0,79,F,INDEX,,F,F,0,0
7/1/2026,1:03:16 PM,XSP,ML/,14549,8.31,,PUT,709,0,12090219,9/18/2026,WHITE,0,79,F,INDEX,,F,F,0,0
7/1/2026,1:03:15 PM,XSP,ML/,10349,0.11,,PUT,595,0,113838,7/17/2026,WHITE,0,16,F,INDEX,,F,F,0,0
7/1/2026,1:03:16 PM,XSP,ML/,6900,0.11,,PUT,595,0,75900,7/17/2026,WHITE,0,16,F,INDEX,,F,F,0,0
7/1/2026,1:05:17 PM,SPXW,ML/,1163,82.92,,PUT,7090,0,9643596,9/18/2026,WHITE,0,79,F,INDEX,,F,F,0,0
7/1/2026,2:29:04 PM,SPX,ML/,100,457.18,,PUT,7800,0,4571800,3/19/2027,WHITE,0,261,F,INDEX,,F,F,0,0
7/1/2026,1:07:55 PM,SPX,ML/,292,97.7,,CALL,8175,0,2852840,12/18/2026,WHITE,0,170,F,INDEX,,F,F,0,0
7/1/2026,1:08:28 PM,SPXW,ML/,80,1.68,,PUT,6400,0,13440,7/17/2026,WHITE,0,16,F,INDEX,,F,F,0,0
7/1/2026,1:10:44 PM,SPX,ML/,360,11,,CALL,8250,0,396000,9/18/2026,WHITE,0,79,F,INDEX,,F,F,0,0
7/1/2026,1:12:36 PM,NDXP,ML/,56,523.39,,PUT,27000,0,2930984,9/30/2026,WHITE,0,91,F,INDEX,,F,T,0,0
7/1/2026,1:13:54 PM,SPX,BLOCK,500,3.3,,PUT,5250,0,165000,8/21/2026,WHITE,0,51,F,INDEX,,F,F,0,0
7/1/2026,1:14:24 PM,VIX,ML/,163,1.46,,PUT,18,0,23798,10/21/2026,WHITE,0,112,F,INDEX,,F,T,0,0
7/1/2026,1:17:08 PM,SPXW,ML/,357,1.4,,PUT,6310,0,49979,7/17/2026,WHITE,0,16,F,INDEX,,F,F,0,0
7/1/2026,3:23:20 PM,SPXW,ML/,60,11.3,,PUT,7180,0,67800,7/16/2026,WHITE,0,15,F,INDEX,,F,T,0,0
7/1/2026,1:23:29 PM,XSP,BLOCK,129,4.73,,PUT,729,0,61017,7/31/2026,WHITE,0,30,F,INDEX,,F,T,0,0
7/1/2026,2:57:10 PM,SPX,ML/,50,661.36,,CALL,7500,0,3306800,6/17/2027,WHITE,0,351,F,INDEX,,F,T,0,0
7/1/2026,2:32:51 PM,SPX,ML/,75,320.23,,PUT,7575,0,2401725,1/15/2027,WHITE,0,198,F,INDEX,,F,F,0,0
7/1/2026,1:29:59 PM,SPX,ML/,206,736,,CALL,7350,0,15161600,5/21/2027,WHITE,0,324,F,INDEX,,F,F,0,0
7/1/2026,1:29:59 PM,SPX,ML/,299,135.5,,CALL,8600,0,4051450,5/21/2027,WHITE,0,324,F,INDEX,,F,F,0,0
7/1/2026,1:29:59 PM,SPX,ML/,51,341.49,,PUT,7350,0,1741599,5/21/2027,WHITE,0,324,F,INDEX,,F,F,0,0
7/1/2026,1:36:04 PM,SPXW,BLOCK,347,1.1,,PUT,6200,0,38170,7/16/2026,WHITE,0,15,F,INDEX,,F,T,0,0
7/1/2026,1:36:11 PM,SPXW,BLOCK,647,1.15,,PUT,6200,0,74405,7/16/2026,WHITE,0,15,F,INDEX,,F,T,0,0
7/1/2026,1:36:11 PM,SPXW,BLOCK,279,1.15,,PUT,6200,0,32084,7/16/2026,WHITE,0,15,F,INDEX,,F,T,0,0
7/1/2026,1:36:13 PM,SPXW,BLOCK,116,1.15,,PUT,6200,0,13339,7/16/2026,WHITE,0,15,F,INDEX,,F,T,0,0
7/1/2026,1:36:18 PM,SPXW,BLOCK,101,1.15,,PUT,6200,0,11615,7/16/2026,WHITE,0,15,F,INDEX,,F,T,0,0
7/1/2026,1:36:26 PM,SPXW,BLOCK,250,1.15,,PUT,6200,0,28750,7/16/2026,WHITE,0,15,F,INDEX,,F,T,0,0
7/1/2026,1:59:38 PM,SPXW,BLOCK,250,1.15,,PUT,6200,0,28750,7/16/2026,WHITE,0,15,F,INDEX,,F,T,0,0
7/1/2026,3:35:21 PM,SPXW,BLOCK,762,1.15,,PUT,6200,0,87630,7/16/2026,WHITE,0,15,F,INDEX,,F,T,0,0
7/1/2026,3:35:23 PM,SPXW,BLOCK,151,1.15,,PUT,6200,0,17364,7/16/2026,WHITE,0,15,F,INDEX,,F,T,0,0
7/1/2026,4:01:53 PM,SPXW,BLOCK,642,1.35,,PUT,6200,0,86670,7/16/2026,WHITE,0,15,F,INDEX,,F,T,0,0
7/1/2026,4:01:53 PM,SPXW,BLOCK,192,1.35,,PUT,6200,0,25920,7/16/2026,WHITE,0,15,F,INDEX,,F,T,0,0
7/1/2026,4:01:55 PM,SPXW,BLOCK,238,1.35,,PUT,6200,0,32130,7/16/2026,WHITE,0,15,F,INDEX,,F,T,0,0
7/1/2026,4:01:55 PM,SPXW,BLOCK,141,1.35,,PUT,6200,0,19035,7/16/2026,WHITE,0,15,F,INDEX,,F,T,0,0
7/1/2026,3:35:36 PM,SPXW,BLOCK,268,1.15,,PUT,6200,0,30820,7/16/2026,WHITE,0,15,F,INDEX,,F,T,0,0
7/1/2026,4:01:53 PM,SPXW,BLOCK,99,1.3,,PUT,6200,0,12869,7/16/2026,WHITE,0,15,F,INDEX,,F,T,0,0
7/1/2026,1:37:47 PM,SPX,ML/,174,173.29,,CALL,7380,0,3015246,7/17/2026,WHITE,0,16,F,INDEX,,F,F,0,0
7/1/2026,1:37:48 PM,SPX,ML/,185,173.3,,CALL,7380,0,3206050,7/17/2026,WHITE,0,16,F,INDEX,,F,F,0,0
7/1/2026,1:41:02 PM,SPX,ML/,390,8.8,,PUT,5325,0,343200,9/18/2026,WHITE,0,79,F,INDEX,,F,F,0,0
7/1/2026,1:46:38 PM,SPXW,ML/,120,1.17,,PUT,4200,0,14039,8/21/2026,WHITE,0,51,F,INDEX,,F,F,0,0
7/1/2026,1:52:39 PM,SPXW,ML/,120,1.17,,PUT,4200,0,14039,8/21/2026,WHITE,0,51,F,INDEX,,F,F,0,0
7/1/2026,3:53:00 PM,SPXW,ML/,93,1.22,,PUT,4200,0,11346,8/21/2026,WHITE,0,51,F,INDEX,,F,F,0,0
7/1/2026,4:02:00 PM,SPXW,ML/,93,1.25,,PUT,4200,0,11625,8/21/2026,WHITE,0,51,F,INDEX,,F,F,0,0
7/1/2026,3:22:47 PM,SPX,ML/,100,550.72,,PUT,7000,0,5507200,12/21/2029,WHITE,0,1269,F,INDEX,,F,F,0,0
7/1/2026,1:48:06 PM,RUT,ML/,60,77.93,,CALL,3500,0,467580,3/19/2027,WHITE,0,261,F,INDEX,,F,F,0,0
7/1/2026,1:48:24 PM,SPXW,ML/,354,27.15,,PUT,5950,0,961109,10/16/2026,WHITE,0,107,F,INDEX,,F,F,0,0
7/1/2026,1:48:24 PM,SPXW,ML/,354,28.6,,PUT,6000,0,1012440,10/16/2026,WHITE,0,107,F,INDEX,,F,F,0,0
7/1/2026,3:55:01 PM,SPX,ML/,61,20.55,,PUT,6125,0,125355,9/18/2026,WHITE,0,79,F,INDEX,,F,F,0,0
7/1/2026,1:49:47 PM,RUT,ML/,73,3.12,,PUT,2780,0,22776,7/17/2026,WHITE,0,16,F,INDEX,,F,F,0,0
7/1/2026,1:50:40 PM,SPX,ML/,200,497.72,,PUT,8000,0,9954400,11/20/2026,WHITE,0,142,F,INDEX,,F,F,0,0
7/1/2026,1:51:30 PM,SPX,ML/,2700,497.72,,PUT,8000,0,134384400,11/20/2026,WHITE,0,142,F,INDEX,,F,F,0,0
7/1/2026,1:50:48 PM,SPXW,ML/,50,93.21,,CALL,7660,0,466050,8/21/2026,WHITE,0,51,F,INDEX,,F,F,0,0
7/1/2026,3:59:41 PM,SPX,SWEEP,50,9.8,,PUT,5425,0,49000,9/18/2026,WHITE,0,79,F,INDEX,,F,F,0,0
7/1/2026,3:05:38 PM,SPX,ML/,150,264.63,,PUT,7400,0,3969450,1/15/2027,WHITE,0,198,F,INDEX,,F,F,0,0
7/1/2026,3:06:06 PM,SPX,ML/,50,264.63,,PUT,7400,0,1323150,1/15/2027,WHITE,0,198,F,INDEX,,F,F,0,0
7/1/2026,1:58:29 PM,SPXW,BLOCK,54,2.7,,PUT,7145,0,14580,7/9/2026,WHITE,0,8,F,INDEX,,F,T,0,0
7/1/2026,1:58:30 PM,SPXW,BLOCK,2645,2.7,,PUT,7145,0,714150,7/9/2026,WHITE,0,8,F,INDEX,,F,T,0,0
7/1/2026,3:59:39 PM,SPXW,SWEEP,50,2.65,,PUT,7145,0,13250,7/9/2026,WHITE,0,8,F,INDEX,,F,T,0,0
7/1/2026,2:10:05 PM,SPX,ML/,50,38,,CALL,9100,0,190000,4/16/2027,WHITE,0,289,F,INDEX,,F,F,0,0
7/1/2026,2:11:03 PM,SPX,BLOCK,50,49.4,,PUT,6475,0,247000,10/16/2026,WHITE,0,107,F,INDEX,,F,F,0,0
7/1/2026,3:57:09 PM,SPX,ML/,122,1.81,,PUT,6450,0,22082,7/17/2026,WHITE,0,16,F,INDEX,,F,F,0,0
7/1/2026,2:28:02 PM,SPX,ML/,100,1.76,,PUT,6450,0,17600,7/17/2026,WHITE,0,16,F,INDEX,,F,F,0,0
7/1/2026,2:28:23 PM,SPX,ML/,100,1.78,,PUT,6450,0,17800,7/17/2026,WHITE,0,16,F,INDEX,,F,F,0,0
7/1/2026,3:57:09 PM,SPX,ML/,67,1.81,,PUT,6450,0,12127,7/17/2026,WHITE,0,16,F,INDEX,,F,F,0,0
7/1/2026,2:57:10 PM,SPX,ML/,50,328.51,,CALL,8100,0,1642550,6/17/2027,WHITE,0,351,F,INDEX,,F,T,0,0
7/1/2026,2:22:56 PM,SPXW,ML/,62,583.84,,CALL,6920,0,3619808,7/2/2026,WHITE,0,1,F,INDEX,,F,T,0,0
7/1/2026,2:22:56 PM,SPXW,ML/,62,528.91,,CALL,6975,0,3279242,7/2/2026,WHITE,0,1,F,INDEX,,F,T,0,0
7/1/2026,2:22:56 PM,SPXW,ML/,62,580.72,,CALL,6920,0,3600464,7/1/2026,WHITE,0,0,F,INDEX,,F,T,0,0
7/1/2026,2:22:56 PM,SPXW,ML/,62,525.69,,CALL,6975,0,3259278,7/1/2026,WHITE,0,0,F,INDEX,,F,T,0,0
7/1/2026,2:32:51 PM,SPX,ML/,225,18.11,,PUT,4400,0,407475,1/15/2027,WHITE,0,198,F,INDEX,,F,F,0,0
7/1/2026,2:32:51 PM,SPX,ML/,150,79.92,,PUT,6200,0,1198800,1/15/2027,WHITE,0,198,F,INDEX,,F,F,0,0
7/1/2026,3:35:49 PM,SPX,ML/,300,44.54,,PUT,5100,0,1336200,3/19/2027,WHITE,0,261,F,INDEX,,F,F,0,0
7/1/2026,3:58:57 PM,SPX,BLOCK,50,21.6,,PUT,6160,0,108000,9/18/2026,WHITE,0,79,F,INDEX,,F,F,0,0
7/1/2026,3:55:00 PM,SPX,ML/,99,21.45,,PUT,6160,0,212354,9/18/2026,WHITE,0,79,F,INDEX,,F,F,0,0
7/1/2026,3:58:58 PM,SPX,BLOCK,50,21.6,,PUT,6160,0,108000,9/18/2026,WHITE,0,79,F,INDEX,,F,F,0,0
7/1/2026,2:46:17 PM,SPXW,ML/,114,1521.19,,CALL,6000,0,17341566,7/31/2026,WHITE,0,30,F,INDEX,,F,T,0,0
7/1/2026,2:57:25 PM,SPX,BLOCK,85,57.6,,PUT,3800,0,489600,6/16/2028,WHITE,0,716,F,INDEX,,F,F,0,0
7/1/2026,3:46:58 PM,SPX,BLOCK,85,57.8,,PUT,3800,0,491300,6/16/2028,WHITE,0,716,F,INDEX,,F,F,0,0
7/1/2026,3:54:00 PM,SPX,BLOCK,83,57.9,,PUT,3800,0,480570,6/16/2028,WHITE,0,716,F,INDEX,,F,F,0,0
7/1/2026,3:00:04 PM,SPXW,BLOCK,1500,0.25,,CALL,8110,0,37500,7/17/2026,WHITE,0,16,F,INDEX,,F,F,0,0
7/1/2026,3:02:16 PM,SPXW,ML/,160,354.49,,CALL,7325,0,5671840,9/18/2026,WHITE,0,79,F,INDEX,,F,F,0,0
7/1/2026,3:02:16 PM,SPXW,ML/,160,116.6,,PUT,7275,0,1865600,9/18/2026,WHITE,0,79,F,INDEX,,F,F,0,0
7/1/2026,3:02:16 PM,SPXW,ML/,160,442.63,,CALL,7075,0,7082079,7/17/2026,WHITE,0,16,F,INDEX,,F,F,0,0
7/1/2026,3:02:16 PM,SPXW,ML/,160,373.4,,CALL,7300,0,5974399,9/18/2026,WHITE,0,79,F,INDEX,,F,F,0,0
7/1/2026,4:00:52 PM,SPXW,BLOCK,58,57.1,,CALL,7650,0,331180,8/5/2026,WHITE,0,35,F,INDEX,,F,T,0,0
7/1/2026,3:04:00 PM,NDXP,BLOCK,50,2,,PUT,22000,0,10000,7/8/2026,WHITE,0,7,F,INDEX,,F,T,0,0
7/1/2026,3:06:07 PM,RUTW,ML/,50,1136.65,,CALL,1900,0,5683250,9/30/2026,WHITE,0,91,F,INDEX,,F,T,0,0
7/1/2026,3:06:07 PM,RUTW,ML/,50,1185.85,,CALL,1850,0,5929249,9/30/2026,WHITE,0,91,F,INDEX,,F,T,0,0
7/1/2026,3:09:52 PM,SPX,ML/,52,3.4,,PUT,6830,0,17680,7/17/2026,WHITE,0,16,F,INDEX,,F,F,0,0
7/1/2026,3:11:49 PM,SPX,ML/,120,19.7,,CALL,9400,0,236400,4/16/2027,WHITE,0,289,F,INDEX,,F,F,0,0
7/1/2026,3:12:19 PM,SPX,ML/,150,608.9,,PUT,7500,0,9133500,12/15/2028,WHITE,0,898,F,INDEX,,F,F,0,0
7/1/2026,3:12:19 PM,SPX,ML/,100,1248.4,,CALL,7500,0,12484000,12/15/2028,WHITE,0,898,F,INDEX,,F,F,0,0
7/1/2026,3:12:20 PM,SPX,ML/,50,1248.4,,CALL,7500,0,6242000,12/15/2028,WHITE,0,898,F,INDEX,,F,F,0,0
7/1/2026,3:14:43 PM,SPX,BLOCK,100,4.5,,CALL,9000,0,45000,11/20/2026,WHITE,0,142,F,INDEX,,F,F,0,0
7/1/2026,3:52:00 PM,SPXW,BLOCK,500,0.45,,PUT,6275,0,22500,7/10/2026,WHITE,0,9,F,INDEX,,F,T,0,0
7/1/2026,3:53:01 PM,SPXW,BLOCK,500,0.45,,PUT,6275,0,22500,7/10/2026,WHITE,0,9,F,INDEX,,F,T,0,0
7/1/2026,4:01:27 PM,SPXW,BLOCK,499,0.45,,PUT,6275,0,22455,7/10/2026,WHITE,0,9,F,INDEX,,F,T,0,0
7/1/2026,4:46:06 PM,SPXW,BLOCK,500,0.45,,PUT,6275,0,22500,7/10/2026,WHITE,0,9,F,INDEX,,F,T,0,0
7/1/2026,4:46:28 PM,SPXW,BLOCK,374,0.45,,PUT,6275,0,16830,7/10/2026,WHITE,0,9,F,INDEX,,F,T,0,0
7/1/2026,4:46:42 PM,SPXW,BLOCK,250,0.45,,PUT,6275,0,11250,7/10/2026,WHITE,0,9,F,INDEX,,F,T,0,0
7/1/2026,4:46:45 PM,SPXW,BLOCK,250,0.45,,PUT,6275,0,11250,7/10/2026,WHITE,0,9,F,INDEX,,F,T,0,0
7/1/2026,4:52:32 PM,SPXW,BLOCK,500,0.45,,PUT,6275,0,22500,7/10/2026,WHITE,0,9,F,INDEX,,F,T,0,0
7/1/2026,4:52:32 PM,SPXW,BLOCK,232,0.45,,PUT,6275,0,10440,7/10/2026,WHITE,0,9,F,INDEX,,F,T,0,0
7/1/2026,4:52:36 PM,SPXW,BLOCK,268,0.45,,PUT,6275,0,12060,7/10/2026,WHITE,0,9,F,INDEX,,F,T,0,0
7/1/2026,4:52:40 PM,SPXW,BLOCK,500,0.45,,PUT,6275,0,22500,7/10/2026,WHITE,0,9,F,INDEX,,F,T,0,0
7/1/2026,4:52:47 PM,SPXW,BLOCK,250,0.45,,PUT,6275,0,11250,7/10/2026,WHITE,0,9,F,INDEX,,F,T,0,0
7/1/2026,4:52:50 PM,SPXW,BLOCK,250,0.45,,PUT,6275,0,11250,7/10/2026,WHITE,0,9,F,INDEX,,F,T,0,0
7/1/2026,3:20:02 PM,SPX,ML/,100,11.35,,PUT,5600,0,113500,9/18/2026,WHITE,0,79,F,INDEX,,F,F,0,0
7/1/2026,3:20:02 PM,SPX,ML/,100,4.85,,PUT,5600,0,48499,8/21/2026,WHITE,0,51,F,INDEX,,F,F,0,0
7/1/2026,3:20:15 PM,SPX,ML/,100,3.21,,PUT,5200,0,32100,8/21/2026,WHITE,0,51,F,INDEX,,F,F,0,0
7/1/2026,3:20:25 PM,SPX,ML/,1000,454.1,,PUT,7700,0,45410000,5/21/2027,WHITE,0,324,F,INDEX,,F,F,0,0
7/1/2026,3:20:25 PM,SPX,ML/,1000,506.7,,CALL,7700,0,50670000,5/21/2027,WHITE,0,324,F,INDEX,,F,F,0,0
7/1/2026,3:21:07 PM,SPX,ML/,90,10,,CALL,8475,0,90000,10/16/2026,WHITE,0,107,F,INDEX,,F,F,0,0
7/1/2026,3:21:19 PM,SPXW,ML/,2000,2.6,,CALL,8360,0,520000,8/31/2026,WHITE,0,61,F,INDEX,,F,T,0,0
7/1/2026,3:41:42 PM,SPXW,ML/,2000,2.48,,CALL,8360,0,496000,8/31/2026,WHITE,0,61,F,INDEX,,F,T,0,0
7/1/2026,3:21:19 PM,SPXW,ML/,2000,0.75,,CALL,8700,0,150000,8/31/2026,WHITE,0,61,F,INDEX,,F,T,0,0
7/1/2026,3:41:42 PM,SPXW,ML/,2000,0.72,,CALL,8700,0,144000,8/31/2026,WHITE,0,61,F,INDEX,,F,T,0,0
7/1/2026,4:02:15 PM,SPXW,ML/,2100,0.55,,CALL,8700,0,115500,8/31/2026,WHITE,0,61,F,INDEX,,F,T,0,0
7/1/2026,3:21:27 PM,SPX,ML/,180,20.87,,CALL,8700,0,375660,12/18/2026,WHITE,0,170,F,INDEX,,F,F,0,0
7/1/2026,3:22:47 PM,SPX,ML/,100,1283.79,,CALL,8000,0,12837900,12/21/2029,WHITE,0,1269,F,INDEX,,F,F,0,0
7/1/2026,3:22:47 PM,SPX,ML/,100,828.38,,PUT,8000,0,8283800,12/21/2029,WHITE,0,1269,F,INDEX,,F,F,0,0
7/1/2026,3:24:24 PM,SPX,ML/,135,155.29,,CALL,8700,0,2096414,7/16/2027,WHITE,0,380,F,INDEX,,F,F,0,0
7/1/2026,3:25:19 PM,SPX,ML/,100,49.15,,PUT,5050,0,491500,4/16/2027,WHITE,0,289,F,INDEX,,F,F,0,0
7/1/2026,3:25:20 PM,SPX,ML/,100,49.15,,PUT,5050,0,491500,4/16/2027,WHITE,0,289,F,INDEX,,F,F,0,0
7/1/2026,3:25:19 PM,SPX,ML/,300,181,,PUT,6675,0,5430000,4/16/2027,WHITE,0,289,F,INDEX,,F,F,0,0
7/1/2026,3:26:15 PM,SPX,ML/,142,448.96,,PUT,7350,0,6375232,12/17/2027,WHITE,0,534,F,INDEX,,F,F,0,0
7/1/2026,3:28:04 PM,SPX,ML/,100,3.56,,PUT,5300,0,35600,8/21/2026,WHITE,0,51,F,INDEX,,F,F,0,0
7/1/2026,3:28:49 PM,SPX,ML/,99,852.72,,CALL,6700,0,8441928,8/21/2026,WHITE,0,51,F,INDEX,,F,F,0,0
7/1/2026,3:28:49 PM,SPX,ML/,99,664.57,,CALL,6900,0,6579242,8/21/2026,WHITE,0,51,F,INDEX,,F,F,0,0
7/1/2026,3:28:49 PM,SPX,ML/,99,812.51,,CALL,6700,0,8043848,7/17/2026,WHITE,0,16,F,INDEX,,F,F,0,0
7/1/2026,3:30:50 PM,SPX,BLOCK,500,6.3,,PUT,5825,0,315000,8/21/2026,WHITE,0,51,F,INDEX,,F,F,0,0
7/1/2026,3:30:56 PM,SPXW,BLOCK,57,3.8,,CALL,8175,0,21660,8/21/2026,WHITE,0,51,F,INDEX,,F,F,0,0
7/1/2026,3:32:22 PM,RUTW,BLOCK,52,8.6,,CALL,3120,0,44720,7/15/2026,WHITE,0,14,F,INDEX,,F,T,0,0
7/1/2026,3:32:29 PM,RUTW,SWEEP,54,8.5,,CALL,3120,0,45900,7/15/2026,WHITE,0,14,F,INDEX,,F,T,0,0
7/1/2026,3:50:18 PM,RUT,ML/,52,115.94,,PUT,2700,0,602888,6/17/2027,WHITE,0,351,F,INDEX,,F,T,0,0
7/1/2026,3:35:49 PM,SPX,ML/,450,184.59,,PUT,6800,0,8306550,3/19/2027,WHITE,0,261,F,INDEX,,F,F,0,0
7/1/2026,3:40:11 PM,SPX,ML/,600,27.53,,CALL,8600,0,1651800,12/18/2026,WHITE,0,170,F,INDEX,,F,F,0,0
7/1/2026,3:43:00 PM,SPX,ML/,300,5.8,,PUT,5750,0,174000,8/21/2026,WHITE,0,51,F,INDEX,,F,F,0,0
7/1/2026,3:43:05 PM,SPX,ML/,98,5.8,,PUT,5750,0,56840,8/21/2026,WHITE,0,51,F,INDEX,,F,F,0,0
7/1/2026,3:43:19 PM,SPX,ML/,2902,5.79,,PUT,5750,0,1680258,8/21/2026,WHITE,0,51,F,INDEX,,F,F,0,0
7/1/2026,3:43:05 PM,SPX,ML/,98,5.31,,PUT,5670,0,52038,8/21/2026,WHITE,0,51,F,INDEX,,F,F,0,0
7/1/2026,3:43:00 PM,SPX,ML/,300,5.3,,PUT,5670,0,159000,8/21/2026,WHITE,0,51,F,INDEX,,F,F,0,0
7/1/2026,3:43:19 PM,SPX,ML/,2902,5.31,,PUT,5670,0,1540962,8/21/2026,WHITE,0,51,F,INDEX,,F,F,0,0
7/1/2026,3:46:43 PM,SPX,ML/,100,1673.31,,CALL,6000,0,16733100,1/15/2027,WHITE,0,198,F,INDEX,,F,F,0,0
7/1/2026,3:45:30 PM,XSP,ML/,50,14.23,,PUT,764,0,71150,7/6/2026,WHITE,0,5,F,INDEX,,F,T,0,0
7/1/2026,3:47:28 PM,XSP,ML/,50,14.27,,PUT,764,0,71350,7/6/2026,WHITE,0,5,F,INDEX,,F,T,0,0
7/1/2026,3:48:25 PM,XSP,ML/,50,14.31,,PUT,764,0,71550,7/6/2026,WHITE,0,5,F,INDEX,,F,T,0,0
7/1/2026,3:45:53 PM,SPXW,BLOCK,120,5.9,,PUT,7060,0,70800,7/15/2026,WHITE,0,14,F,INDEX,,F,T,0,0
7/1/2026,3:51:44 PM,NDXP,ML/,50,6,,PUT,28770,0,30000,7/2/2026,WHITE,0,1,F,INDEX,,F,T,0,0
7/1/2026,3:51:44 PM,NDXP,ML/,50,14.22,,PUT,29070,0,71100,7/2/2026,WHITE,0,1,F,INDEX,,F,T,0,0
7/1/2026,3:52:15 PM,SPX,BLOCK,60,5,,PUT,3100,0,30000,12/18/2026,WHITE,0,170,F,INDEX,,F,F,0,0
7/1/2026,4:02:15 PM,SPXW,ML/,2100,2.6,,CALL,8330,0,546000,8/31/2026,WHITE,0,61,F,INDEX,,F,T,0,0
7/1/2026,3:55:13 PM,SPX,BLOCK,83,2.9,,CALL,10000,0,24070,2/19/2027,WHITE,0,233,F,INDEX,,F,F,0,0
7/1/2026,3:56:11 PM,SPX,BLOCK,165,2.9,,CALL,10000,0,47850,2/19/2027,WHITE,0,233,F,INDEX,,F,F,0,0
7/1/2026,3:59:23 PM,SPXW,BLOCK,50,22.6,,PUT,6550,0,113000,8/28/2026,WHITE,0,58,F,INDEX,,F,T,0,0
7/1/2026,3:59:30 PM,NDXP,BLOCK,50,402.44,,CALL,31000,0,2012200,8/5/2026,WHITE,0,35,F,INDEX,,F,T,0,0
7/1/2026,3:59:42 PM,SPX,BLOCK,83,14.2,,PUT,5800,0,117859,9/18/2026,WHITE,0,79,F,INDEX,,F,F,0,0
7/1/2026,3:59:47 PM,SPX,ML/,200,0.98,,PUT,2000,0,19600,11/20/2026,WHITE,0,142,F,INDEX,,F,F,0,0
7/1/2026,3:59:47 PM,SPX,ML/,200,1.48,,PUT,2000,0,29600,12/18/2026,WHITE,0,170,F,INDEX,,F,F,0,0
7/1/2026,4:02:25 PM,XSP,ML/,50,13.89,,PUT,762,0,69450,7/6/2026,WHITE,0,5,F,INDEX,,F,T,0,0
7/1/2026,4:03:56 PM,XSP,ML/,50,14.11,,PUT,762,0,70550,7/6/2026,WHITE,0,5,F,INDEX,,F,T,0,0
7/1/2026,4:04:26 PM,XSP,ML/,65,14.19,,PUT,762,0,92235,7/6/2026,WHITE,0,5,F,INDEX,,F,T,0,0
7/1/2026,4:04:58 PM,XSP,ML/,65,14.05,,PUT,762,0,91325,7/6/2026,WHITE,0,5,F,INDEX,,F,T,0,0
7/1/2026,4:07:05 PM,XSP,ML/,60,13.88,,PUT,762,0,83280,7/6/2026,WHITE,0,5,F,INDEX,,F,T,0,0
7/1/2026,4:07:37 PM,XSP,ML/,60,13.94,,PUT,762,0,83640,7/6/2026,WHITE,0,5,F,INDEX,,F,T,0,0
7/1/2026,4:08:29 PM,XSP,ML/,60,13.76,,PUT,762,0,82560,7/6/2026,WHITE,0,5,F,INDEX,,F,T,0,0
