CreatedDate,CreatedTime,Symbol,Type,Volume,Price,Side,CallPut,Strike,Spot,Premium,ExpirationDate,Color,ImpliedVolatility,Dte,ER,StockEtf,Sector,Uoa,Weekly,MktCap,OI
6/29/2026,10:39:45 AM,VIX,ML/,870,2.17,,CALL,20,0,188790,8/19/2026,WHITE,0,51,F,INDEX,,F,T,0,0
6/29/2026,10:50:52 AM,VIX,ML/,50,2.14,,CALL,20,0,10700,8/19/2026,WHITE,0,51,F,INDEX,,F,T,0,0
6/29/2026,11:39:58 AM,VIX,ML/,540,2.09,,CALL,20,0,112859,8/19/2026,WHITE,0,51,F,INDEX,,F,T,0,0
6/29/2026,10:48:53 AM,VIX,ML/,60,2.16,,CALL,20,0,12960,8/19/2026,WHITE,0,51,F,INDEX,,F,T,0,0
6/29/2026,10:48:53 AM,VIX,ML/,120,2.17,,CALL,20,0,26039,8/19/2026,WHITE,0,51,F,INDEX,,F,T,0,0
6/29/2026,10:36:35 AM,VIX,BLOCK,100,2.15,,CALL,20,0,21500,8/19/2026,WHITE,0,51,F,INDEX,,F,T,0,0
6/29/2026,10:39:45 AM,VIX,ML/,1740,2.18,,CALL,20,0,379320,8/19/2026,WHITE,0,51,F,INDEX,,F,T,0,0
6/29/2026,10:50:52 AM,VIX,ML/,400,2.13,,CALL,20,0,85200,8/19/2026,WHITE,0,51,F,INDEX,,F,T,0,0
6/29/2026,9:38:31 AM,VIX,BLOCK,58,1.76,,PUT,19,0,10208,7/22/2026,WHITE,0,23,F,INDEX,,F,T,0,0
6/29/2026,9:38:32 AM,VIX,BLOCK,59,1.76,,PUT,19,0,10384,7/22/2026,WHITE,0,23,F,INDEX,,F,T,0,0
6/29/2026,9:38:57 AM,VIX,BLOCK,57,1.76,,PUT,19,0,10032,7/22/2026,WHITE,0,23,F,INDEX,,F,T,0,0
6/29/2026,10:00:09 AM,VIX,ML/,148,1.68,,PUT,19,0,24864,7/22/2026,WHITE,0,23,F,INDEX,,F,T,0,0
6/29/2026,12:20:35 PM,VIX,BLOCK,184,1.8,,PUT,19,0,33120,7/22/2026,WHITE,0,23,F,INDEX,,F,T,0,0
6/29/2026,3:56:13 PM,VIXW,BLOCK,4001,0.04,,PUT,15,0,16004,7/1/2026,WHITE,0,2,F,INDEX,,F,T,0,0
6/29/2026,3:56:30 PM,VIXW,BLOCK,5091,0.04,,PUT,15,0,20364,7/1/2026,WHITE,0,2,F,INDEX,,F,T,0,0
6/29/2026,3:57:44 PM,VIXW,BLOCK,18105,0.04,,PUT,15,0,72420,7/1/2026,WHITE,0,2,F,INDEX,,F,T,0,0
6/29/2026,3:57:47 PM,VIXW,BLOCK,6895,0.04,,PUT,15,0,27580,7/1/2026,WHITE,0,2,F,INDEX,,F,T,0,0
6/29/2026,3:59:06 PM,VIXW,BLOCK,20905,0.04,,PUT,15,0,83620,7/1/2026,WHITE,0,2,F,INDEX,,F,T,0,0
6/29/2026,4:07:48 PM,VIXW,BLOCK,32451,0.05,,PUT,15,0,162255,7/1/2026,WHITE,0,2,F,INDEX,,F,T,0,0
6/29/2026,4:08:46 PM,VIXW,BLOCK,50000,0.05,,PUT,15,0,250000,7/1/2026,WHITE,0,2,F,INDEX,,F,T,0,0
6/29/2026,12:34:55 PM,VIX,ML/,10000,0.88,,PUT,17,0,880000,8/19/2026,WHITE,0,51,F,INDEX,,F,T,0,0
6/29/2026,10:57:47 AM,VIX,BLOCK,1000,0.84,,PUT,17,0,84000,8/19/2026,WHITE,0,51,F,INDEX,,F,T,0,0
6/29/2026,11:17:06 AM,VIX,ML/,478,0.85,,PUT,17,0,40630,8/19/2026,WHITE,0,51,F,INDEX,,F,T,0,0
6/29/2026,3:11:20 PM,VIX,ML/,1562,0.88,,PUT,17,0,137456,8/19/2026,WHITE,0,51,F,INDEX,,F,T,0,0
6/29/2026,3:56:53 PM,VIX,ML/,200,0.87,,PUT,17,0,17400,8/19/2026,WHITE,0,51,F,INDEX,,F,T,0,0
6/29/2026,3:22:51 PM,VIX,ML/,3000,2.77,,PUT,20,0,831000,8/19/2026,WHITE,0,51,F,INDEX,,F,T,0,0
6/29/2026,12:47:58 PM,VIX,ML/,80,2.78,,PUT,20,0,22239,8/19/2026,WHITE,0,51,F,INDEX,,F,T,0,0
6/29/2026,10:00:09 AM,VIX,ML/,270,2.68,,PUT,20,0,72360,8/19/2026,WHITE,0,51,F,INDEX,,F,T,0,0
6/29/2026,10:39:45 AM,VIX,ML/,2610,2.71,,PUT,20,0,707310,8/19/2026,WHITE,0,51,F,INDEX,,F,T,0,0
6/29/2026,10:48:53 AM,VIX,ML/,180,2.7,,PUT,20,0,48600,8/19/2026,WHITE,0,51,F,INDEX,,F,T,0,0
6/29/2026,10:50:52 AM,VIX,ML/,450,2.72,,PUT,20,0,122400,8/19/2026,WHITE,0,51,F,INDEX,,F,T,0,0
6/29/2026,11:30:58 AM,VIX,BLOCK,500,2.73,,PUT,20,0,136500,8/19/2026,WHITE,0,51,F,INDEX,,F,T,0,0
6/29/2026,11:39:58 AM,VIX,ML/,540,2.79,,PUT,20,0,150660,8/19/2026,WHITE,0,51,F,INDEX,,F,T,0,0
6/29/2026,10:33:23 AM,SPX,ML/,70,137.95,,CALL,7600,0,965650,9/18/2026,WHITE,0,81,F,INDEX,,F,F,0,0
6/29/2026,11:10:25 AM,SPX,ML/,100,139.2,,CALL,7600,0,1391999,9/18/2026,WHITE,0,81,F,INDEX,,F,F,0,0
6/29/2026,11:10:48 AM,SPX,ML/,200,139.1,,CALL,7600,0,2782000,9/18/2026,WHITE,0,81,F,INDEX,,F,F,0,0
6/29/2026,1:36:50 PM,SPX,ML/,75,152.34,,CALL,7600,0,1142550,9/18/2026,WHITE,0,81,F,INDEX,,F,F,0,0
6/29/2026,10:07:48 AM,XSP,ML/,425,0.29,,PUT,720,0,12324,6/30/2026,WHITE,0,1,F,INDEX,,F,T,0,0
6/29/2026,11:50:52 AM,SPXW,ML/,263,1.37,,CALL,7500,0,36031,6/30/2026,WHITE,0,1,F,INDEX,,F,T,0,0
6/29/2026,11:50:53 AM,SPXW,ML/,139,1.37,,CALL,7500,0,19043,6/30/2026,WHITE,0,1,F,INDEX,,F,T,0,0
6/29/2026,1:10:12 PM,SPXW,ML/,75,1.87,,CALL,7500,0,14025,6/30/2026,WHITE,0,1,F,INDEX,,F,T,0,0
6/29/2026,9:43:24 AM,SPXW,ML/,1104,2.32,,CALL,7500,0,256127,6/30/2026,WHITE,0,1,F,INDEX,,F,T,0,0
6/29/2026,1:15:42 PM,SPXW,ML/,76,2.25,,CALL,7500,0,17100,6/30/2026,WHITE,0,1,F,INDEX,,F,T,0,0
6/29/2026,1:17:46 PM,SPXW,BLOCK,100,2.35,,CALL,7500,0,23500,6/30/2026,WHITE,0,1,F,INDEX,,F,T,0,0
6/29/2026,1:16:52 PM,SPXW,ML/,108,2.17,,CALL,7500,0,23436,6/30/2026,WHITE,0,1,F,INDEX,,F,T,0,0
6/29/2026,1:26:02 PM,SPXW,ML/,374,2.25,,CALL,7500,0,84150,6/30/2026,WHITE,0,1,F,INDEX,,F,T,0,0
6/29/2026,1:26:08 PM,SPXW,ML/,165,2.25,,CALL,7500,0,37125,6/30/2026,WHITE,0,1,F,INDEX,,F,T,0,0
6/29/2026,1:28:50 PM,SPXW,ML/,102,2.33,,CALL,7500,0,23766,6/30/2026,WHITE,0,1,F,INDEX,,F,T,0,0
6/29/2026,1:44:24 PM,SPXW,BLOCK,90,2.4,,CALL,7500,0,21600,6/30/2026,WHITE,0,1,F,INDEX,,F,T,0,0
6/29/2026,1:28:50 PM,SPXW,ML/,94,2.32,,CALL,7500,0,21808,6/30/2026,WHITE,0,1,F,INDEX,,F,T,0,0
6/29/2026,1:28:53 PM,SPXW,ML/,276,2.34,,CALL,7500,0,64583,6/30/2026,WHITE,0,1,F,INDEX,,F,T,0,0
6/29/2026,1:25:53 PM,SPXW,ML/,89,2.17,,CALL,7500,0,19313,6/30/2026,WHITE,0,1,F,INDEX,,F,T,0,0
6/29/2026,1:27:39 PM,SPXW,BLOCK,103,2.15,,CALL,7500,0,22145,6/30/2026,WHITE,0,1,F,INDEX,,F,T,0,0
6/29/2026,1:26:18 PM,SPXW,ML/,190,2.28,,CALL,7500,0,43320,6/30/2026,WHITE,0,1,F,INDEX,,F,T,0,0
6/29/2026,2:31:00 PM,SPXW,ML/,150,2.15,,CALL,7500,0,32250,6/30/2026,WHITE,0,1,F,INDEX,,F,T,0,0
6/29/2026,1:44:23 PM,SPXW,ML/,500,2.47,,CALL,7500,0,123500,6/30/2026,WHITE,0,1,F,INDEX,,F,T,0,0
6/29/2026,2:37:05 PM,SPXW,BLOCK,89,2.7,,CALL,7500,0,24030,6/30/2026,WHITE,0,1,F,INDEX,,F,T,0,0
6/29/2026,2:48:16 PM,SPXW,BLOCK,71,2.9,,CALL,7500,0,20589,6/30/2026,WHITE,0,1,F,INDEX,,F,T,0,0
6/29/2026,3:05:37 PM,SPXW,ML/,250,2.3,,CALL,7500,0,57500,6/30/2026,WHITE,0,1,F,INDEX,,F,T,0,0
6/29/2026,3:10:45 PM,SPXW,ML/,250,2.35,,CALL,7500,0,58750,6/30/2026,WHITE,0,1,F,INDEX,,F,T,0,0
6/29/2026,3:12:45 PM,SPXW,ML/,108,2.26,,CALL,7500,0,24408,6/30/2026,WHITE,0,1,F,INDEX,,F,T,0,0
6/29/2026,1:25:57 PM,SPXW,ML/,89,2.21,,CALL,7500,0,19669,6/30/2026,WHITE,0,1,F,INDEX,,F,T,0,0
6/29/2026,1:26:00 PM,SPXW,ML/,95,2.22,,CALL,7500,0,21090,6/30/2026,WHITE,0,1,F,INDEX,,F,T,0,0
6/29/2026,3:17:55 PM,SPXW,ML/,350,2.25,,CALL,7500,0,78750,6/30/2026,WHITE,0,1,F,INDEX,,F,T,0,0
6/29/2026,1:33:42 PM,SPXW,ML/,66,2.24,,CALL,7500,0,14784,6/30/2026,WHITE,0,1,F,INDEX,,F,T,0,0
6/29/2026,3:34:04 PM,SPXW,ML/,159,2.02,,CALL,7500,0,32118,6/30/2026,WHITE,0,1,F,INDEX,,F,T,0,0
6/29/2026,3:38:04 PM,SPXW,ML/,550,2.15,,CALL,7500,0,118250,6/30/2026,WHITE,0,1,F,INDEX,,F,T,0,0
6/29/2026,3:41:41 PM,SPXW,ML/,450,2.15,,CALL,7500,0,96750,6/30/2026,WHITE,0,1,F,INDEX,,F,T,0,0
6/29/2026,3:53:16 PM,SPXW,BLOCK,50,2,,CALL,7500,0,10000,6/30/2026,WHITE,0,1,F,INDEX,,F,T,0,0
6/29/2026,3:53:29 PM,SPXW,BLOCK,50,2,,CALL,7500,0,10000,6/30/2026,WHITE,0,1,F,INDEX,,F,T,0,0
6/29/2026,3:54:10 PM,SPXW,BLOCK,50,2,,CALL,7500,0,10000,6/30/2026,WHITE,0,1,F,INDEX,,F,T,0,0
6/29/2026,3:54:02 PM,SPXW,ML/,165,1.92,,CALL,7500,0,31679,6/30/2026,WHITE,0,1,F,INDEX,,F,T,0,0
6/29/2026,3:59:39 PM,SPXW,ML/,259,2.97,,CALL,7500,0,76923,6/30/2026,WHITE,0,1,F,INDEX,,F,T,0,0
6/29/2026,3:59:44 PM,SPXW,BLOCK,128,2.9,,CALL,7500,0,37120,6/30/2026,WHITE,0,1,F,INDEX,,F,T,0,0
6/29/2026,3:59:45 PM,SPXW,BLOCK,336,2.9,,CALL,7500,0,97440,6/30/2026,WHITE,0,1,F,INDEX,,F,T,0,0
6/29/2026,4:01:31 PM,SPXW,BLOCK,199,2.15,,CALL,7500,0,42785,6/30/2026,WHITE,0,1,F,INDEX,,F,T,0,0
6/29/2026,4:01:31 PM,SPXW,BLOCK,301,2.2,,CALL,7500,0,66220,6/30/2026,WHITE,0,1,F,INDEX,,F,T,0,0
6/29/2026,4:01:42 PM,SPXW,BLOCK,238,2.25,,CALL,7500,0,53550,6/30/2026,WHITE,0,1,F,INDEX,,F,T,0,0
6/29/2026,4:01:55 PM,SPXW,ML/,262,2.25,,CALL,7500,0,58950,6/30/2026,WHITE,0,1,F,INDEX,,F,T,0,0
6/29/2026,4:03:01 PM,SPXW,ML/,90,2.2,,CALL,7500,0,19800,6/30/2026,WHITE,0,1,F,INDEX,,F,T,0,0
6/29/2026,4:03:16 PM,SPXW,BLOCK,50,2.15,,CALL,7500,0,10750,6/30/2026,WHITE,0,1,F,INDEX,,F,T,0,0
6/29/2026,3:27:15 PM,SPXW,ML/,202,2.48,,CALL,7500,0,50096,6/30/2026,WHITE,0,1,F,INDEX,,F,T,0,0
6/29/2026,4:27:28 PM,SPXW,BLOCK,62,2.25,,CALL,7500,0,13950,6/30/2026,WHITE,0,1,F,INDEX,,F,T,0,0
6/29/2026,4:04:26 PM,SPXW,ML/,400,1.95,,CALL,7500,0,78000,6/30/2026,WHITE,0,1,F,INDEX,,F,T,0,0
6/29/2026,2:45:51 PM,SPXW,ML/,53,3.12,,CALL,7500,0,16536,6/30/2026,WHITE,0,1,F,INDEX,,F,T,0,0
6/29/2026,1:00:35 PM,SPXW,ML/,210,1.5,,CALL,7500,0,31500,6/30/2026,WHITE,0,1,F,INDEX,,F,T,0,0
6/29/2026,3:58:20 PM,SPXW,ML/,100,1.96,,CALL,7500,0,19600,6/30/2026,WHITE,0,1,F,INDEX,,F,T,0,0
6/29/2026,9:55:34 AM,SPXW,ML/,1463,0.25,,PUT,7000,0,36575,6/30/2026,WHITE,0,1,F,INDEX,,F,T,0,0
6/29/2026,10:45:07 AM,SPXW,ML/,100,1.55,,PUT,7175,0,15500,6/30/2026,WHITE,0,1,F,INDEX,,F,T,0,0
6/29/2026,12:17:51 PM,SPXW,ML/,1450,0.83,,PUT,7175,0,120350,6/30/2026,WHITE,0,1,F,INDEX,,F,T,0,0
6/29/2026,10:16:42 AM,SPXW,BLOCK,50,3.5,,PUT,7175,0,17500,6/30/2026,WHITE,0,1,F,INDEX,,F,T,0,0
6/29/2026,9:33:49 AM,SPXW,ML/,396,4,,PUT,7300,0,158400,6/30/2026,WHITE,0,1,F,INDEX,,F,T,0,0
6/29/2026,9:45:25 AM,SPXW,BLOCK,59,4.9,,PUT,7300,0,28910,6/30/2026,WHITE,0,1,F,INDEX,,F,T,0,0
6/29/2026,9:45:24 AM,SPXW,BLOCK,94,5,,PUT,7300,0,47000,6/30/2026,WHITE,0,1,F,INDEX,,F,T,0,0
6/29/2026,9:58:57 AM,SPXW,ML/,50,7.92,,PUT,7300,0,39600,6/30/2026,WHITE,0,1,F,INDEX,,F,T,0,0
6/29/2026,11:42:31 AM,SPXW,BLOCK,50,5.4,,PUT,7300,0,27000,6/30/2026,WHITE,0,1,F,INDEX,,F,T,0,0
6/29/2026,11:46:11 AM,SPXW,BLOCK,134,5.1,,PUT,7300,0,68340,6/30/2026,WHITE,0,1,F,INDEX,,F,T,0,0
6/29/2026,1:13:45 PM,SPXW,SWEEP,62,3.1,,PUT,7300,0,19220,6/30/2026,WHITE,0,1,F,INDEX,,F,T,0,0
6/29/2026,1:13:38 PM,SPXW,BLOCK,50,3.2,,PUT,7300,0,16000,6/30/2026,WHITE,0,1,F,INDEX,,F,T,0,0
6/29/2026,1:15:46 PM,SPXW,BLOCK,50,3.2,,PUT,7300,0,16000,6/30/2026,WHITE,0,1,F,INDEX,,F,T,0,0
6/29/2026,1:25:53 PM,SPXW,ML/,89,3.35,,PUT,7300,0,29815,6/30/2026,WHITE,0,1,F,INDEX,,F,T,0,0
6/29/2026,1:26:02 PM,SPXW,ML/,374,3.33,,PUT,7300,0,124542,6/30/2026,WHITE,0,1,F,INDEX,,F,T,0,0
6/29/2026,1:28:50 PM,SPXW,ML/,94,3.2,,PUT,7300,0,30080,6/30/2026,WHITE,0,1,F,INDEX,,F,T,0,0
6/29/2026,1:28:53 PM,SPXW,ML/,276,3.2,,PUT,7300,0,88320,6/30/2026,WHITE,0,1,F,INDEX,,F,T,0,0
6/29/2026,1:28:50 PM,SPXW,ML/,102,3.21,,PUT,7300,0,32742,6/30/2026,WHITE,0,1,F,INDEX,,F,T,0,0
6/29/2026,3:05:26 PM,SPXW,ML/,200,1.9,,PUT,7300,0,38000,6/30/2026,WHITE,0,1,F,INDEX,,F,T,0,0
6/29/2026,3:16:12 PM,SPXW,ML/,300,1.9,,PUT,7300,0,57000,6/30/2026,WHITE,0,1,F,INDEX,,F,T,0,0
6/29/2026,3:20:38 PM,SPXW,BLOCK,69,1.8,,PUT,7300,0,12420,6/30/2026,WHITE,0,1,F,INDEX,,F,T,0,0
6/29/2026,3:30:22 PM,SPXW,ML/,300,1.8,,PUT,7300,0,54000,6/30/2026,WHITE,0,1,F,INDEX,,F,T,0,0
6/29/2026,3:30:22 PM,SPXW,ML/,200,1.8,,PUT,7300,0,36000,6/30/2026,WHITE,0,1,F,INDEX,,F,T,0,0
6/29/2026,3:51:18 PM,SPXW,ML/,179,1.9,,PUT,7300,0,34010,6/30/2026,WHITE,0,1,F,INDEX,,F,T,0,0
6/29/2026,3:56:15 PM,SPXW,ML/,150,1.8,,PUT,7300,0,27000,6/30/2026,WHITE,0,1,F,INDEX,,F,T,0,0
6/29/2026,3:59:50 PM,SPXW,ML/,60,1.75,,PUT,7300,0,10500,6/30/2026,WHITE,0,1,F,INDEX,,F,T,0,0
6/29/2026,3:59:55 PM,SPXW,ML/,200,1.85,,PUT,7300,0,37000,6/30/2026,WHITE,0,1,F,INDEX,,F,T,0,0
6/29/2026,10:28:58 AM,SPXW,ML/,50,10.8,,PUT,7300,0,54000,6/30/2026,WHITE,0,1,F,INDEX,,F,T,0,0
6/29/2026,10:19:53 AM,SPXW,BLOCK,199,17.2,,PUT,7300,0,342280,6/30/2026,WHITE,0,1,F,INDEX,,F,T,0,0
6/29/2026,10:29:53 AM,SPXW,ML/,53,10.39,,PUT,7300,0,55067,6/30/2026,WHITE,0,1,F,INDEX,,F,T,0,0
6/29/2026,10:53:06 AM,SPXW,ML/,81,7.85,,PUT,7300,0,63585,6/30/2026,WHITE,0,1,F,INDEX,,F,T,0,0
6/29/2026,10:53:06 AM,SPXW,ML/,119,7.81,,PUT,7300,0,92939,6/30/2026,WHITE,0,1,F,INDEX,,F,T,0,0
6/29/2026,1:26:18 PM,SPXW,ML/,190,3.33,,PUT,7300,0,63270,6/30/2026,WHITE,0,1,F,INDEX,,F,T,0,0
6/29/2026,1:26:00 PM,SPXW,ML/,95,3.35,,PUT,7300,0,31825,6/30/2026,WHITE,0,1,F,INDEX,,F,T,0,0
6/29/2026,1:25:57 PM,SPXW,ML/,89,3.36,,PUT,7300,0,29903,6/30/2026,WHITE,0,1,F,INDEX,,F,T,0,0
6/29/2026,1:26:08 PM,SPXW,ML/,165,3.31,,PUT,7300,0,54615,6/30/2026,WHITE,0,1,F,INDEX,,F,T,0,0
6/29/2026,2:08:55 PM,SPXW,ML/,500,2.42,,PUT,7300,0,121000,6/30/2026,WHITE,0,1,F,INDEX,,F,T,0,0
6/29/2026,9:40:47 AM,SPXW,BLOCK,76,13.1,,PUT,7350,0,99560,6/30/2026,WHITE,0,1,F,INDEX,,F,T,0,0
6/29/2026,9:43:01 AM,SPXW,BLOCK,85,12.2,,PUT,7350,0,103699,6/30/2026,WHITE,0,1,F,INDEX,,F,T,0,0
6/29/2026,9:43:01 AM,SPXW,BLOCK,63,12,,PUT,7350,0,75600,6/30/2026,WHITE,0,1,F,INDEX,,F,T,0,0
6/29/2026,9:51:41 AM,SPXW,BLOCK,89,10.2,,PUT,7350,0,90780,6/30/2026,WHITE,0,1,F,INDEX,,F,T,0,0
6/29/2026,9:51:41 AM,SPXW,BLOCK,60,10.1,,PUT,7350,0,60600,6/30/2026,WHITE,0,1,F,INDEX,,F,T,0,0
6/29/2026,10:20:09 AM,SPXW,ML/,95,31.7,,PUT,7350,0,301150,6/30/2026,WHITE,0,1,F,INDEX,,F,T,0,0
6/29/2026,10:26:48 AM,SPXW,ML/,400,34.5,,PUT,7350,0,1380000,6/30/2026,WHITE,0,1,F,INDEX,,F,T,0,0
6/29/2026,10:46:54 AM,SPXW,ML/,100,34.5,,PUT,7350,0,345000,6/30/2026,WHITE,0,1,F,INDEX,,F,T,0,0
6/29/2026,10:26:13 AM,SPXW,ML/,350,34.4,,PUT,7350,0,1204000,6/30/2026,WHITE,0,1,F,INDEX,,F,T,0,0
6/29/2026,10:49:21 AM,SPXW,ML/,400,34.5,,PUT,7350,0,1380000,6/30/2026,WHITE,0,1,F,INDEX,,F,T,0,0
6/29/2026,10:52:39 AM,SPXW,ML/,100,34.4,,PUT,7350,0,344000,6/30/2026,WHITE,0,1,F,INDEX,,F,T,0,0
6/29/2026,10:54:22 AM,SPXW,BLOCK,90,14.3,,PUT,7350,0,128700,6/30/2026,WHITE,0,1,F,INDEX,,F,T,0,0
6/29/2026,9:43:01 AM,SPXW,BLOCK,102,12.1,,PUT,7350,0,123420,6/30/2026,WHITE,0,1,F,INDEX,,F,T,0,0
6/29/2026,11:59:09 AM,SPXW,BLOCK,66,10,,PUT,7350,0,66000,6/30/2026,WHITE,0,1,F,INDEX,,F,T,0,0
6/29/2026,11:59:09 AM,SPXW,BLOCK,60,10.1,,PUT,7350,0,60600,6/30/2026,WHITE,0,1,F,INDEX,,F,T,0,0
6/29/2026,11:59:09 AM,SPXW,BLOCK,65,10.2,,PUT,7350,0,66300,6/30/2026,WHITE,0,1,F,INDEX,,F,T,0,0
6/29/2026,1:02:55 PM,SPXW,BLOCK,60,8.3,,PUT,7350,0,49800,6/30/2026,WHITE,0,1,F,INDEX,,F,T,0,0
6/29/2026,2:05:50 PM,SPXW,ML/,1000,5.4,,PUT,7350,0,540000,6/30/2026,WHITE,0,1,F,INDEX,,F,T,0,0
6/29/2026,3:20:08 PM,SPXW,ML/,100,4.3,,PUT,7350,0,43000,6/30/2026,WHITE,0,1,F,INDEX,,F,T,0,0
6/29/2026,3:40:22 PM,SPXW,BLOCK,150,4.4,,PUT,7350,0,66000,6/30/2026,WHITE,0,1,F,INDEX,,F,T,0,0
6/29/2026,3:51:07 PM,SPXW,BLOCK,100,4.7,,PUT,7350,0,47000,6/30/2026,WHITE,0,1,F,INDEX,,F,T,0,0
6/29/2026,3:49:35 PM,SPXW,ML/,250,4.37,,PUT,7350,0,109250,6/30/2026,WHITE,0,1,F,INDEX,,F,T,0,0
6/29/2026,4:01:21 PM,SPXW,ML/,73,4.98,,PUT,7350,0,36354,6/30/2026,WHITE,0,1,F,INDEX,,F,T,0,0
6/29/2026,4:20:00 PM,SPXW,BLOCK,75,4.11,,PUT,7350,0,30825,6/30/2026,WHITE,0,1,F,INDEX,,F,T,0,0
6/29/2026,3:19:53 PM,SPXW,ML/,200,4.36,,PUT,7350,0,87200,6/30/2026,WHITE,0,1,F,INDEX,,F,T,0,0
6/29/2026,11:56:23 AM,SPXW,ML/,62,11.2,,PUT,7350,0,69440,6/30/2026,WHITE,0,1,F,INDEX,,F,T,0,0
6/29/2026,9:50:06 AM,SPXW,ML/,400,10.21,,PUT,7350,0,408400,6/30/2026,WHITE,0,1,F,INDEX,,F,T,0,0
6/29/2026,10:02:43 AM,SPXW,BLOCK,127,18.5,,PUT,7350,0,234950,6/30/2026,WHITE,0,1,F,INDEX,,F,T,0,0
6/29/2026,11:09:29 AM,SPXW,ML/,50,34.4,,PUT,7350,0,172000,6/30/2026,WHITE,0,1,F,INDEX,,F,T,0,0
6/29/2026,10:52:41 AM,SPXW,ML/,50,34.5,,PUT,7350,0,172500,6/30/2026,WHITE,0,1,F,INDEX,,F,T,0,0
6/29/2026,10:29:53 AM,SPXW,ML/,53,20.49,,PUT,7350,0,108596,6/30/2026,WHITE,0,1,F,INDEX,,F,T,0,0
6/29/2026,10:53:06 AM,SPXW,ML/,81,15.7,,PUT,7350,0,127170,6/30/2026,WHITE,0,1,F,INDEX,,F,T,0,0
6/29/2026,10:53:06 AM,SPXW,ML/,119,15.66,,PUT,7350,0,186354,6/30/2026,WHITE,0,1,F,INDEX,,F,T,0,0
6/29/2026,10:54:42 AM,SPXW,ML/,50,13.25,,PUT,7350,0,66250,6/30/2026,WHITE,0,1,F,INDEX,,F,T,0,0
6/29/2026,12:51:00 PM,SPXW,BLOCK,124,9.3,,PUT,7350,0,115320,6/30/2026,WHITE,0,1,F,INDEX,,F,T,0,0
6/29/2026,12:09:36 PM,SPXW,ML/,87,9.46,,PUT,7350,0,82302,6/30/2026,WHITE,0,1,F,INDEX,,F,T,0,0
6/29/2026,12:10:32 PM,SPXW,ML/,100,9.63,,PUT,7350,0,96300,6/30/2026,WHITE,0,1,F,INDEX,,F,T,0,0
6/29/2026,1:24:26 PM,SPXW,ML/,54,7.65,,PUT,7350,0,41310,6/30/2026,WHITE,0,1,F,INDEX,,F,T,0,0
6/29/2026,1:20:05 PM,SPXW,ML/,200,6.95,,PUT,7350,0,139000,6/30/2026,WHITE,0,1,F,INDEX,,F,T,0,0
6/29/2026,1:47:11 PM,SPXW,ML/,100,6.25,,PUT,7350,0,62500,6/30/2026,WHITE,0,1,F,INDEX,,F,T,0,0
6/29/2026,1:41:18 PM,SPXW,ML/,101,6.45,,PUT,7350,0,65145,6/30/2026,WHITE,0,1,F,INDEX,,F,T,0,0
6/29/2026,1:59:55 PM,SPXW,BLOCK,100,5.8,,PUT,7350,0,58000,6/30/2026,WHITE,0,1,F,INDEX,,F,T,0,0
6/29/2026,2:31:00 PM,SPXW,ML/,150,5.55,,PUT,7350,0,83250,6/30/2026,WHITE,0,1,F,INDEX,,F,T,0,0
6/29/2026,4:01:21 PM,SPXW,ML/,162,4.95,,PUT,7350,0,80190,6/30/2026,WHITE,0,1,F,INDEX,,F,T,0,0
6/29/2026,3:56:15 PM,SPXW,ML/,98,4.63,,PUT,7350,0,45374,6/30/2026,WHITE,0,1,F,INDEX,,F,T,0,0
6/29/2026,9:36:15 AM,SPXW,ML/,127,3.45,,PUT,7250,0,43815,6/30/2026,WHITE,0,1,F,INDEX,,F,T,0,0
6/29/2026,11:35:22 AM,SPXW,ML/,68,3.1,,PUT,7250,0,21080,6/30/2026,WHITE,0,1,F,INDEX,,F,T,0,0
6/29/2026,12:01:29 PM,SPXW,BLOCK,54,2.1,,PUT,7250,0,11340,6/30/2026,WHITE,0,1,F,INDEX,,F,T,0,0
6/29/2026,3:59:08 PM,SPXW,BLOCK,189,0.7,,PUT,7250,0,13229,6/30/2026,WHITE,0,1,F,INDEX,,F,T,0,0
6/29/2026,3:59:56 PM,SPXW,BLOCK,141,0.8,,PUT,7250,0,11280,6/30/2026,WHITE,0,1,F,INDEX,,F,T,0,0
6/29/2026,9:30:02 AM,SPXW,ML/,52,4.52,,PUT,7250,0,23503,6/30/2026,WHITE,0,1,F,INDEX,,F,T,0,0
6/29/2026,9:36:15 AM,SPXW,ML/,136,3.47,,PUT,7250,0,47192,6/30/2026,WHITE,0,1,F,INDEX,,F,T,0,0
6/29/2026,10:13:29 AM,SPXW,ML/,60,9.62,,PUT,7250,0,57720,6/30/2026,WHITE,0,1,F,INDEX,,F,T,0,0
6/29/2026,12:43:12 PM,SPXW,ML/,100,2.2,,PUT,7250,0,22000,6/30/2026,WHITE,0,1,F,INDEX,,F,T,0,0
6/29/2026,9:44:57 AM,SPXW,ML/,151,1.23,,PUT,7200,0,18573,6/30/2026,WHITE,0,1,F,INDEX,,F,T,0,0
6/29/2026,9:44:13 AM,SPXW,ML/,131,1.27,,PUT,7200,0,16637,6/30/2026,WHITE,0,1,F,INDEX,,F,T,0,0
6/29/2026,10:15:20 AM,SPXW,BLOCK,59,6.1,,PUT,7200,0,35990,6/30/2026,WHITE,0,1,F,INDEX,,F,T,0,0
6/29/2026,10:15:21 AM,SPXW,BLOCK,144,6.1,,PUT,7200,0,87840,6/30/2026,WHITE,0,1,F,INDEX,,F,T,0,0
6/29/2026,11:28:34 AM,SPXW,ML/,60,1.78,,PUT,7200,0,10680,6/30/2026,WHITE,0,1,F,INDEX,,F,T,0,0
6/29/2026,11:29:48 AM,SPXW,ML/,100,1.69,,PUT,7200,0,16900,6/30/2026,WHITE,0,1,F,INDEX,,F,T,0,0
6/29/2026,12:16:32 PM,SPXW,ML/,100,1.15,,PUT,7200,0,11500,6/30/2026,WHITE,0,1,F,INDEX,,F,T,0,0
6/29/2026,9:44:57 AM,SPXW,ML/,125,1.23,,PUT,7200,0,15375,6/30/2026,WHITE,0,1,F,INDEX,,F,T,0,0
6/29/2026,10:15:30 AM,SPXW,BLOCK,85,6,,PUT,7200,0,51000,6/30/2026,WHITE,0,1,F,INDEX,,F,T,0,0
6/29/2026,10:15:41 AM,SPXW,ML/,58,6.4,,PUT,7200,0,37120,6/30/2026,WHITE,0,1,F,INDEX,,F,T,0,0
6/29/2026,9:30:02 AM,SPXW,ML/,340,1.05,,PUT,7150,0,35700,6/30/2026,WHITE,0,1,F,INDEX,,F,T,0,0
6/29/2026,10:26:31 AM,SPXW,BLOCK,159,0.75,,PUT,7100,0,11925,6/30/2026,WHITE,0,1,F,INDEX,,F,T,0,0
6/29/2026,9:55:34 AM,SPXW,ML/,1463,0.5,,PUT,7100,0,73150,6/30/2026,WHITE,0,1,F,INDEX,,F,T,0,0
6/29/2026,1:29:16 PM,SPXW,BLOCK,71,2.25,,PUT,7275,0,15975,6/30/2026,WHITE,0,1,F,INDEX,,F,T,0,0
6/29/2026,1:48:57 PM,SPXW,ML/,65,1.9,,PUT,7275,0,12350,6/30/2026,WHITE,0,1,F,INDEX,,F,T,0,0
6/29/2026,10:21:21 AM,SPX,ML/,364,27.45,,PUT,7050,0,999179,7/17/2026,WHITE,0,18,F,INDEX,,F,F,0,0
6/29/2026,12:01:34 PM,SPX,ML/,120,17.3,,PUT,7050,0,207600,7/17/2026,WHITE,0,18,F,INDEX,,F,F,0,0
6/29/2026,3:34:11 PM,SPX,ML/,68,15.1,,PUT,7050,0,102680,7/17/2026,WHITE,0,18,F,INDEX,,F,F,0,0
6/29/2026,11:41:53 AM,SPX,ML/,95,55.11,,PUT,7300,0,523545,7/17/2026,WHITE,0,18,F,INDEX,,F,F,0,0
6/29/2026,11:42:13 AM,SPX,ML/,65,54.21,,PUT,7300,0,352365,7/17/2026,WHITE,0,18,F,INDEX,,F,F,0,0
6/29/2026,11:45:21 AM,SPX,ML/,200,53.28,,PUT,7300,0,1065600,7/17/2026,WHITE,0,18,F,INDEX,,F,F,0,0
6/29/2026,3:34:11 PM,SPX,ML/,136,45.86,,PUT,7300,0,623696,7/17/2026,WHITE,0,18,F,INDEX,,F,F,0,0
6/29/2026,12:44:23 PM,XSP,BLOCK,167,1.85,,PUT,729,0,30895,7/6/2026,WHITE,0,7,F,INDEX,,F,T,0,0
6/29/2026,10:00:09 AM,VIX,ML/,180,1.28,,CALL,25,0,23040,8/19/2026,WHITE,0,51,F,INDEX,,F,T,0,0
6/29/2026,3:42:31 PM,VIX,ML/,189,1.23,,CALL,25,0,23247,8/19/2026,WHITE,0,51,F,INDEX,,F,T,0,0
6/29/2026,3:22:51 PM,VIX,ML/,3000,1.25,,CALL,25,0,375000,8/19/2026,WHITE,0,51,F,INDEX,,F,T,0,0
6/29/2026,3:42:40 PM,VIX,ML/,171,1.23,,CALL,25,0,21033,8/19/2026,WHITE,0,51,F,INDEX,,F,T,0,0
6/29/2026,3:49:25 PM,VIX,ML/,360,1.23,,CALL,25,0,44280,8/19/2026,WHITE,0,51,F,INDEX,,F,T,0,0
6/29/2026,3:53:19 PM,VIX,ML/,360,1.23,,CALL,25,0,44280,8/19/2026,WHITE,0,51,F,INDEX,,F,T,0,0
6/29/2026,3:57:02 PM,VIX,ML/,360,1.23,,CALL,25,0,44280,8/19/2026,WHITE,0,51,F,INDEX,,F,T,0,0
6/29/2026,4:05:29 PM,VIX,ML/,359,1.23,,CALL,25,0,44157,8/19/2026,WHITE,0,51,F,INDEX,,F,T,0,0
6/29/2026,10:38:44 AM,VIX,ML/,10000,1.32,,CALL,25,0,1320000,8/19/2026,WHITE,0,51,F,INDEX,,F,T,0,0
6/29/2026,3:16:30 PM,VIX,BLOCK,100,1.26,,CALL,25,0,12600,8/19/2026,WHITE,0,51,F,INDEX,,F,T,0,0
6/29/2026,12:52:10 PM,VIX,ML/,1200,1.24,,CALL,25,0,148800,8/19/2026,WHITE,0,51,F,INDEX,,F,T,0,0
6/29/2026,9:30:02 AM,SPXW,ML/,340,0.45,,PUT,7060,0,15300,6/30/2026,WHITE,0,1,F,INDEX,,F,T,0,0
6/29/2026,9:40:31 AM,SPXW,ML/,183,1.14,,PUT,7190,0,20861,6/30/2026,WHITE,0,1,F,INDEX,,F,T,0,0
6/29/2026,12:10:54 PM,SPXW,BLOCK,133,1.55,,PUT,7225,0,20615,6/30/2026,WHITE,0,1,F,INDEX,,F,T,0,0
6/29/2026,3:38:28 PM,SPXW,BLOCK,250,0.6,,PUT,7225,0,15000,6/30/2026,WHITE,0,1,F,INDEX,,F,T,0,0
6/29/2026,11:34:58 AM,SPXW,ML/,54,2.26,,PUT,7225,0,12204,6/30/2026,WHITE,0,1,F,INDEX,,F,T,0,0
6/29/2026,1:25:46 PM,SPXW,ML/,100,1.03,,PUT,7210,0,10300,6/30/2026,WHITE,0,1,F,INDEX,,F,T,0,0
6/29/2026,1:38:15 PM,SPXW,ML/,99,2.05,,PUT,7270,0,20295,6/30/2026,WHITE,0,1,F,INDEX,,F,T,0,0
6/29/2026,10:45:03 AM,SPXW,ML/,58,5.67,,PUT,7270,0,32886,6/30/2026,WHITE,0,1,F,INDEX,,F,T,0,0
6/29/2026,10:45:34 AM,SPXW,ML/,301,6.17,,PUT,7270,0,185717,6/30/2026,WHITE,0,1,F,INDEX,,F,T,0,0
6/29/2026,2:12:50 PM,SPXW,ML/,100,1.62,,PUT,7270,0,16200,6/30/2026,WHITE,0,1,F,INDEX,,F,T,0,0
6/29/2026,1:57:21 PM,SPXW,ML/,80,1.67,,PUT,7270,0,13360,6/30/2026,WHITE,0,1,F,INDEX,,F,T,0,0
6/29/2026,1:17:27 PM,SPXW,BLOCK,147,1.85,,PUT,7260,0,27195,6/30/2026,WHITE,0,1,F,INDEX,,F,T,0,0
6/29/2026,10:45:03 AM,SPXW,ML/,58,4.92,,PUT,7260,0,28536,6/30/2026,WHITE,0,1,F,INDEX,,F,T,0,0
6/29/2026,10:45:34 AM,SPXW,ML/,301,5.37,,PUT,7260,0,161637,6/30/2026,WHITE,0,1,F,INDEX,,F,T,0,0
6/29/2026,12:57:09 PM,SPXW,ML/,60,2.38,,PUT,7260,0,14279,6/30/2026,WHITE,0,1,F,INDEX,,F,T,0,0
6/29/2026,1:38:15 PM,SPXW,ML/,99,1.8,,PUT,7260,0,17820,6/30/2026,WHITE,0,1,F,INDEX,,F,T,0,0
6/29/2026,2:12:50 PM,SPXW,ML/,100,1.42,,PUT,7260,0,14200,6/30/2026,WHITE,0,1,F,INDEX,,F,T,0,0
6/29/2026,1:57:21 PM,SPXW,ML/,80,1.47,,PUT,7260,0,11760,6/30/2026,WHITE,0,1,F,INDEX,,F,T,0,0
6/29/2026,9:38:44 AM,XSP,BLOCK,100,1.9,,CALL,740,0,19000,6/29/2026,WHITE,0,0,F,INDEX,,F,T,0,0
6/29/2026,9:40:46 AM,XSP,BLOCK,108,2.5,,CALL,740,0,27000,6/29/2026,WHITE,0,0,F,INDEX,,F,T,0,0
6/29/2026,3:59:56 PM,XSP,BLOCK,403,1,,CALL,743,0,40300,6/29/2026,WHITE,0,0,F,INDEX,,F,T,0,0
6/29/2026,3:59:54 PM,XSP,BLOCK,100,1.08,,CALL,743,0,10800,6/29/2026,WHITE,0,0,F,INDEX,,F,T,0,0
6/29/2026,3:59:54 PM,XSP,BLOCK,100,1.06,,CALL,743,0,10600,6/29/2026,WHITE,0,0,F,INDEX,,F,T,0,0
6/29/2026,3:59:59 PM,XSP,BLOCK,296,0.79,,CALL,743,0,23384,6/29/2026,WHITE,0,0,F,INDEX,,F,T,0,0
6/29/2026,10:26:58 AM,XSP,BLOCK,100,1.48,,PUT,737,0,14800,6/29/2026,WHITE,0,0,F,INDEX,,F,T,0,0
6/29/2026,9:33:12 AM,XSP,BLOCK,500,0.83,,PUT,737,0,41500,6/29/2026,WHITE,0,0,F,INDEX,,F,T,0,0
6/29/2026,10:25:56 AM,XSP,BLOCK,425,1.69,,PUT,737,0,71825,6/29/2026,WHITE,0,0,F,INDEX,,F,T,0,0
6/29/2026,10:22:50 AM,XSP,BLOCK,533,1.85,,PUT,737,0,98605,6/29/2026,WHITE,0,0,F,INDEX,,F,T,0,0
6/29/2026,10:26:10 AM,XSP,ML/,50,2.39,,PUT,739,0,11950,6/29/2026,WHITE,0,0,F,INDEX,,F,T,0,0
6/29/2026,10:21:02 AM,XSP,ML/,63,3.32,,PUT,739,0,20916,6/29/2026,WHITE,0,0,F,INDEX,,F,T,0,0
6/29/2026,10:16:37 AM,XSP,ML/,50,3.48,,PUT,739,0,17400,6/29/2026,WHITE,0,0,F,INDEX,,F,T,0,0
6/29/2026,10:19:24 AM,XSP,ML/,50,3.47,,PUT,739,0,17350,6/29/2026,WHITE,0,0,F,INDEX,,F,T,0,0
6/29/2026,10:22:05 AM,XSP,ML/,64,3.04,,PUT,739,0,19456,6/29/2026,WHITE,0,0,F,INDEX,,F,T,0,0
6/29/2026,3:51:17 PM,XSP,ML/,97,1.48,,PUT,741,0,14356,6/30/2026,WHITE,0,1,F,INDEX,,F,T,0,0
6/29/2026,9:52:59 AM,SPXW,BLOCK,100,61,,CALL,7600,0,610000,7/31/2026,WHITE,0,32,F,INDEX,,F,T,0,0
6/29/2026,9:54:23 AM,SPXW,ML/,80,53.54,,PUT,7300,0,428320,7/17/2026,WHITE,0,18,F,INDEX,,F,F,0,0
6/29/2026,11:00:38 AM,SPXW,ML/,100,58.73,,PUT,7300,0,587300,7/17/2026,WHITE,0,18,F,INDEX,,F,F,0,0
6/29/2026,11:32:16 AM,SPXW,ML/,100,57.31,,PUT,7300,0,573100,7/17/2026,WHITE,0,18,F,INDEX,,F,F,0,0
6/29/2026,12:17:45 PM,SPXW,ML/,72,54.24,,PUT,7300,0,390528,7/17/2026,WHITE,0,18,F,INDEX,,F,F,0,0
6/29/2026,12:02:35 PM,SPX,ML/,100,292,,CALL,7600,0,2920000,12/18/2026,WHITE,0,172,F,INDEX,,F,F,0,0
6/29/2026,12:37:12 PM,SPX,ML/,150,291,,CALL,7600,0,4365000,12/18/2026,WHITE,0,172,F,INDEX,,F,F,0,0
6/29/2026,9:46:23 AM,SPX,ML/,198,358.05,,CALL,7500,0,7089390,12/18/2026,WHITE,0,172,F,INDEX,,F,F,0,0
6/29/2026,2:33:39 PM,SPX,ML/,200,364.32,,CALL,7500,0,7286400,12/18/2026,WHITE,0,172,F,INDEX,,F,F,0,0
6/29/2026,3:06:17 PM,SPX,ML/,300,364.91,,CALL,7500,0,10947300,12/18/2026,WHITE,0,172,F,INDEX,,F,F,0,0
6/29/2026,3:10:25 PM,SPX,ML/,250,364.9,,CALL,7500,0,9122500,12/18/2026,WHITE,0,172,F,INDEX,,F,F,0,0
6/29/2026,3:33:26 PM,SPX,BLOCK,71,364.6,,CALL,7500,0,2588660,12/18/2026,WHITE,0,172,F,INDEX,,F,F,0,0
6/29/2026,3:56:15 PM,SPXW,ML/,150,3.85,,PUT,7340,0,57750,6/30/2026,WHITE,0,1,F,INDEX,,F,T,0,0
6/29/2026,9:45:47 AM,SPXW,BLOCK,50,11.8,,PUT,7360,0,59000,6/30/2026,WHITE,0,1,F,INDEX,,F,T,0,0
6/29/2026,9:52:23 AM,SPXW,BLOCK,60,11.5,,PUT,7360,0,69000,6/30/2026,WHITE,0,1,F,INDEX,,F,T,0,0
6/29/2026,3:23:18 PM,SPXW,BLOCK,58,5,,PUT,7360,0,29000,6/30/2026,WHITE,0,1,F,INDEX,,F,T,0,0
6/29/2026,3:28:13 PM,SPXW,BLOCK,146,5,,PUT,7360,0,73000,6/30/2026,WHITE,0,1,F,INDEX,,F,T,0,0
6/29/2026,3:16:21 PM,SPXW,ML/,55,5.7,,PUT,7360,0,31350,6/30/2026,WHITE,0,1,F,INDEX,,F,T,0,0
6/29/2026,9:54:58 AM,SPXW,BLOCK,60,12.8,,PUT,7360,0,76800,6/30/2026,WHITE,0,1,F,INDEX,,F,T,0,0
6/29/2026,11:25:33 AM,SPXW,BLOCK,50,18.5,,PUT,7360,0,92500,6/30/2026,WHITE,0,1,F,INDEX,,F,T,0,0
6/29/2026,12:16:42 PM,SPXW,ML/,214,10.85,,PUT,7360,0,232190,6/30/2026,WHITE,0,1,F,INDEX,,F,T,0,0
6/29/2026,1:41:18 PM,SPXW,ML/,101,7.55,,PUT,7360,0,76255,6/30/2026,WHITE,0,1,F,INDEX,,F,T,0,0
6/29/2026,2:36:15 PM,SPXW,BLOCK,50,25.3,,PUT,7440,0,126500,6/30/2026,WHITE,0,1,F,INDEX,,F,T,0,0
6/29/2026,2:54:51 PM,SPXW,BLOCK,50,24.5,,PUT,7440,0,122500,6/30/2026,WHITE,0,1,F,INDEX,,F,T,0,0
6/29/2026,3:59:57 PM,SPXW,ML/,50,25.01,,PUT,7440,0,125050,6/30/2026,WHITE,0,1,F,INDEX,,F,T,0,0
6/29/2026,4:00:16 PM,SPXW,ML/,59,20.9,,CALL,7440,0,123309,6/30/2026,WHITE,0,1,F,INDEX,,F,T,0,0
6/29/2026,2:24:44 PM,SPXW,ML/,110,20.21,,CALL,7440,0,222310,6/30/2026,WHITE,0,1,F,INDEX,,F,T,0,0
6/29/2026,4:02:21 PM,SPXW,ML/,60,20.48,,CALL,7440,0,122880,6/30/2026,WHITE,0,1,F,INDEX,,F,T,0,0
6/29/2026,9:40:31 AM,SPXW,ML/,183,1.79,,PUT,7220,0,32757,6/30/2026,WHITE,0,1,F,INDEX,,F,T,0,0
6/29/2026,1:13:32 PM,SPXW,ML/,69,4.33,,PUT,7320,0,29877,6/30/2026,WHITE,0,1,F,INDEX,,F,T,0,0
6/29/2026,1:13:39 PM,SPXW,ML/,62,4.14,,PUT,7320,0,25668,6/30/2026,WHITE,0,1,F,INDEX,,F,T,0,0
6/29/2026,3:12:00 PM,SPXW,ML/,301,2.56,,PUT,7320,0,77056,6/30/2026,WHITE,0,1,F,INDEX,,F,T,0,0
6/29/2026,3:08:17 PM,SPXW,ML/,1000,2.52,,PUT,7320,0,252000,6/30/2026,WHITE,0,1,F,INDEX,,F,T,0,0
6/29/2026,3:53:23 PM,SPXW,ML/,65,2.7,,PUT,7320,0,17550,6/30/2026,WHITE,0,1,F,INDEX,,F,T,0,0
6/29/2026,3:59:50 PM,SPXW,ML/,50,2.5,,PUT,7320,0,12500,6/30/2026,WHITE,0,1,F,INDEX,,F,T,0,0
6/29/2026,1:13:32 PM,SPXW,ML/,51,4.33,,PUT,7320,0,22083,6/30/2026,WHITE,0,1,F,INDEX,,F,T,0,0
6/29/2026,3:31:36 PM,SPXW,ML/,171,2.62,,PUT,7320,0,44802,6/30/2026,WHITE,0,1,F,INDEX,,F,T,0,0
6/29/2026,3:52:42 PM,SPXW,ML/,125,3.19,,PUT,7330,0,39875,6/30/2026,WHITE,0,1,F,INDEX,,F,T,0,0
6/29/2026,12:10:54 PM,SPXW,BLOCK,120,0.95,,PUT,7185,0,11400,6/30/2026,WHITE,0,1,F,INDEX,,F,T,0,0
6/29/2026,12:37:41 PM,SPXW,BLOCK,100,1,,PUT,7185,0,10000,6/30/2026,WHITE,0,1,F,INDEX,,F,T,0,0
6/29/2026,2:49:24 PM,SPXW,BLOCK,100,1.75,,PUT,7290,0,17500,6/30/2026,WHITE,0,1,F,INDEX,,F,T,0,0
6/29/2026,9:44:03 AM,SPXW,ML/,52,5.03,,PUT,7290,0,26156,6/30/2026,WHITE,0,1,F,INDEX,,F,T,0,0
6/29/2026,10:35:27 AM,SPXW,ML/,60,7.55,,PUT,7290,0,45300,6/30/2026,WHITE,0,1,F,INDEX,,F,T,0,0
6/29/2026,10:46:54 AM,SPXW,ML/,850,7.15,,PUT,7290,0,607750,6/30/2026,WHITE,0,1,F,INDEX,,F,T,0,0
6/29/2026,12:41:38 PM,SPXW,ML/,100,3.75,,PUT,7290,0,37500,6/30/2026,WHITE,0,1,F,INDEX,,F,T,0,0
6/29/2026,3:29:05 PM,SPXW,ML/,153,1.54,,PUT,7290,0,23562,6/30/2026,WHITE,0,1,F,INDEX,,F,T,0,0
6/29/2026,10:19:00 AM,SPXW,ML/,1878,0.22,,CALL,7540,0,41316,6/30/2026,WHITE,0,1,F,INDEX,,F,T,0,0
6/29/2026,9:32:53 AM,VIX,BLOCK,100,1.15,,CALL,20,0,11499,7/22/2026,WHITE,0,23,F,INDEX,,F,T,0,0
6/29/2026,9:53:39 AM,VIX,BLOCK,1000,1.1,,CALL,20,0,110000,7/22/2026,WHITE,0,23,F,INDEX,,F,T,0,0
6/29/2026,11:48:21 AM,VIX,BLOCK,2000,1.1,,CALL,20,0,220000,7/22/2026,WHITE,0,23,F,INDEX,,F,T,0,0
6/29/2026,10:08:21 AM,VIX,BLOCK,350,1.28,,CALL,20,0,44800,7/22/2026,WHITE,0,23,F,INDEX,,F,T,0,0
6/29/2026,10:33:13 AM,SPXW,ML/,100,7.17,,CALL,7850,0,71700,7/31/2026,WHITE,0,32,F,INDEX,,F,T,0,0
6/29/2026,12:15:28 PM,SPXW,BLOCK,216,0.65,,CALL,7520,0,14040,6/30/2026,WHITE,0,1,F,INDEX,,F,T,0,0
6/29/2026,1:25:53 PM,SPXW,ML/,89,3.15,,PUT,7295,0,28034,6/30/2026,WHITE,0,1,F,INDEX,,F,T,0,0
6/29/2026,1:25:57 PM,SPXW,ML/,89,3.15,,PUT,7295,0,28034,6/30/2026,WHITE,0,1,F,INDEX,,F,T,0,0
6/29/2026,1:26:02 PM,SPXW,ML/,374,3.11,,PUT,7295,0,116313,6/30/2026,WHITE,0,1,F,INDEX,,F,T,0,0
6/29/2026,1:28:50 PM,SPXW,ML/,94,3.02,,PUT,7295,0,28388,6/30/2026,WHITE,0,1,F,INDEX,,F,T,0,0
6/29/2026,1:28:50 PM,SPXW,ML/,102,3.02,,PUT,7295,0,30804,6/30/2026,WHITE,0,1,F,INDEX,,F,T,0,0
6/29/2026,3:51:18 PM,SPXW,ML/,179,1.75,,PUT,7295,0,31325,6/30/2026,WHITE,0,1,F,INDEX,,F,T,0,0
6/29/2026,3:59:55 PM,SPXW,ML/,200,1.7,,PUT,7295,0,34000,6/30/2026,WHITE,0,1,F,INDEX,,F,T,0,0
6/29/2026,4:07:44 PM,SPXW,BLOCK,150,1.65,,PUT,7295,0,24749,6/30/2026,WHITE,0,1,F,INDEX,,F,T,0,0
6/29/2026,1:26:00 PM,SPXW,ML/,95,3.15,,PUT,7295,0,29925,6/30/2026,WHITE,0,1,F,INDEX,,F,T,0,0
6/29/2026,1:26:18 PM,SPXW,ML/,190,3.11,,PUT,7295,0,59090,6/30/2026,WHITE,0,1,F,INDEX,,F,T,0,0
6/29/2026,1:26:08 PM,SPXW,ML/,165,3.07,,PUT,7295,0,50655,6/30/2026,WHITE,0,1,F,INDEX,,F,T,0,0
6/29/2026,1:28:53 PM,SPXW,ML/,276,3.02,,PUT,7295,0,83352,6/30/2026,WHITE,0,1,F,INDEX,,F,T,0,0
6/29/2026,12:41:38 PM,SPXW,ML/,100,3.5,,PUT,7285,0,35000,6/30/2026,WHITE,0,1,F,INDEX,,F,T,0,0
6/29/2026,1:25:59 PM,SPXW,ML/,60,2.71,,PUT,7285,0,16260,6/30/2026,WHITE,0,1,F,INDEX,,F,T,0,0
6/29/2026,10:03:00 AM,SPXW,BLOCK,90,30.3,,CALL,7400,0,272700,6/30/2026,WHITE,0,1,F,INDEX,,F,T,0,0
6/29/2026,9:53:56 AM,SPXW,BLOCK,200,46,,CALL,7400,0,920000,6/30/2026,WHITE,0,1,F,INDEX,,F,T,0,0
6/29/2026,2:55:54 PM,SPXW,ML/,150,48.7,,CALL,7400,0,730500,6/30/2026,WHITE,0,1,F,INDEX,,F,T,0,0
6/29/2026,3:02:52 PM,SPXW,ML/,180,47.35,,CALL,7400,0,852300,6/30/2026,WHITE,0,1,F,INDEX,,F,T,0,0
6/29/2026,3:25:49 PM,SPXW,BLOCK,150,49,,CALL,7400,0,735000,6/30/2026,WHITE,0,1,F,INDEX,,F,T,0,0
6/29/2026,3:06:56 PM,SPXW,ML/,246,47.9,,CALL,7400,0,1178340,6/30/2026,WHITE,0,1,F,INDEX,,F,T,0,0
6/29/2026,3:03:00 PM,SPXW,ML/,120,47.35,,CALL,7400,0,568200,6/30/2026,WHITE,0,1,F,INDEX,,F,T,0,0
6/29/2026,11:02:29 AM,SPXW,ML/,500,34.61,,CALL,7400,0,1730500,6/30/2026,WHITE,0,1,F,INDEX,,F,T,0,0
6/29/2026,12:21:56 PM,SPXW,ML/,198,35.41,,CALL,7400,0,701117,6/30/2026,WHITE,0,1,F,INDEX,,F,T,0,0
6/29/2026,12:24:30 PM,SPXW,ML/,158,36.43,,CALL,7400,0,575594,6/30/2026,WHITE,0,1,F,INDEX,,F,T,0,0
6/29/2026,12:27:44 PM,SPXW,ML/,117,35.23,,CALL,7400,0,412191,6/30/2026,WHITE,0,1,F,INDEX,,F,T,0,0
6/29/2026,12:28:49 PM,SPXW,ML/,53,34.83,,CALL,7400,0,184598,6/30/2026,WHITE,0,1,F,INDEX,,F,T,0,0
6/29/2026,12:28:49 PM,SPXW,ML/,147,34.82,,CALL,7400,0,511854,6/30/2026,WHITE,0,1,F,INDEX,,F,T,0,0
6/29/2026,12:31:50 PM,SPXW,ML/,166,34.16,,CALL,7400,0,567056,6/30/2026,WHITE,0,1,F,INDEX,,F,T,0,0
6/29/2026,12:30:32 PM,SPXW,ML/,179,34.93,,CALL,7400,0,625247,6/30/2026,WHITE,0,1,F,INDEX,,F,T,0,0
6/29/2026,12:34:08 PM,SPXW,ML/,200,33.16,,CALL,7400,0,663199,6/30/2026,WHITE,0,1,F,INDEX,,F,T,0,0
6/29/2026,2:56:08 PM,SPXW,ML/,150,48.7,,CALL,7400,0,730500,6/30/2026,WHITE,0,1,F,INDEX,,F,T,0,0
6/29/2026,2:51:57 PM,SPXW,ML/,300,48.05,,CALL,7400,0,1441499,6/30/2026,WHITE,0,1,F,INDEX,,F,T,0,0
6/29/2026,2:52:48 PM,SPXW,BLOCK,300,48.1,,CALL,7400,0,1443000,6/30/2026,WHITE,0,1,F,INDEX,,F,T,0,0
6/29/2026,3:13:46 PM,SPXW,ML/,198,47.17,,CALL,7400,0,933966,6/30/2026,WHITE,0,1,F,INDEX,,F,T,0,0
6/29/2026,9:44:13 AM,SPXW,ML/,131,1.92,,PUT,7230,0,25152,6/30/2026,WHITE,0,1,F,INDEX,,F,T,0,0
6/29/2026,9:44:57 AM,SPXW,ML/,151,1.88,,PUT,7230,0,28388,6/30/2026,WHITE,0,1,F,INDEX,,F,T,0,0
6/29/2026,9:44:57 AM,SPXW,ML/,125,1.88,,PUT,7230,0,23500,6/30/2026,WHITE,0,1,F,INDEX,,F,T,0,0
6/29/2026,11:42:09 AM,SPXW,BLOCK,50,2,,PUT,7230,0,10000,6/30/2026,WHITE,0,1,F,INDEX,,F,T,0,0
6/29/2026,9:51:58 AM,SPXW,BLOCK,74,2.5,,CALL,7505,0,18500,6/30/2026,WHITE,0,1,F,INDEX,,F,T,0,0
6/29/2026,1:10:12 PM,SPXW,ML/,75,1.52,,CALL,7505,0,11400,6/30/2026,WHITE,0,1,F,INDEX,,F,T,0,0
6/29/2026,1:25:57 PM,SPXW,ML/,89,1.77,,CALL,7505,0,15753,6/30/2026,WHITE,0,1,F,INDEX,,F,T,0,0
6/29/2026,1:26:18 PM,SPXW,ML/,190,1.85,,CALL,7505,0,35150,6/30/2026,WHITE,0,1,F,INDEX,,F,T,0,0
6/29/2026,1:28:50 PM,SPXW,ML/,102,1.87,,CALL,7505,0,19074,6/30/2026,WHITE,0,1,F,INDEX,,F,T,0,0
6/29/2026,1:28:50 PM,SPXW,ML/,94,1.85,,CALL,7505,0,17390,6/30/2026,WHITE,0,1,F,INDEX,,F,T,0,0
6/29/2026,1:26:02 PM,SPXW,ML/,374,1.82,,CALL,7505,0,68068,6/30/2026,WHITE,0,1,F,INDEX,,F,T,0,0
6/29/2026,1:25:53 PM,SPXW,ML/,89,1.72,,CALL,7505,0,15307,6/30/2026,WHITE,0,1,F,INDEX,,F,T,0,0
6/29/2026,1:26:00 PM,SPXW,ML/,95,1.77,,CALL,7505,0,16815,6/30/2026,WHITE,0,1,F,INDEX,,F,T,0,0
6/29/2026,1:26:08 PM,SPXW,ML/,165,1.84,,CALL,7505,0,30360,6/30/2026,WHITE,0,1,F,INDEX,,F,T,0,0
6/29/2026,3:43:26 PM,SPXW,ML/,526,1.62,,CALL,7505,0,85212,6/30/2026,WHITE,0,1,F,INDEX,,F,T,0,0
6/29/2026,1:28:53 PM,SPXW,ML/,276,1.87,,CALL,7505,0,51612,6/30/2026,WHITE,0,1,F,INDEX,,F,T,0,0
6/29/2026,3:43:26 PM,SPXW,ML/,422,1.6,,CALL,7505,0,67520,6/30/2026,WHITE,0,1,F,INDEX,,F,T,0,0
6/29/2026,4:03:01 PM,SPXW,ML/,89,1.7,,CALL,7505,0,15129,6/30/2026,WHITE,0,1,F,INDEX,,F,T,0,0
6/29/2026,3:43:26 PM,SPXW,ML/,552,1.63,,CALL,7505,0,89976,6/30/2026,WHITE,0,1,F,INDEX,,F,T,0,0
6/29/2026,3:56:28 PM,SPXW,ML/,80,21.75,,CALL,7435,0,174000,6/30/2026,WHITE,0,1,F,INDEX,,F,T,0,0
6/29/2026,3:57:14 PM,SPXW,ML/,63,23.1,,CALL,7435,0,145530,6/30/2026,WHITE,0,1,F,INDEX,,F,T,0,0
6/29/2026,1:32:24 PM,SPXW,ML/,69,23.83,,CALL,7435,0,164427,6/30/2026,WHITE,0,1,F,INDEX,,F,T,0,0
6/29/2026,3:31:12 PM,SPXW,ML/,100,23.23,,CALL,7435,0,232300,6/30/2026,WHITE,0,1,F,INDEX,,F,T,0,0
6/29/2026,3:54:23 PM,SPXW,ML/,80,21.73,,CALL,7435,0,173840,6/30/2026,WHITE,0,1,F,INDEX,,F,T,0,0
6/29/2026,3:07:35 PM,SPXW,ML/,1636,0.65,,PUT,7215,0,106340,6/30/2026,WHITE,0,1,F,INDEX,,F,T,0,0
6/29/2026,10:04:58 AM,SPXW,BLOCK,75,17,,CALL,7425,0,127500,6/30/2026,WHITE,0,1,F,INDEX,,F,T,0,0
6/29/2026,1:32:24 PM,SPXW,ML/,156,29.74,,CALL,7425,0,463943,6/30/2026,WHITE,0,1,F,INDEX,,F,T,0,0
6/29/2026,1:32:43 PM,SPXW,ML/,62,29.1,,CALL,7425,0,180420,6/30/2026,WHITE,0,1,F,INDEX,,F,T,0,0
6/29/2026,2:51:57 PM,SPXW,ML/,300,30.2,,CALL,7425,0,906000,6/30/2026,WHITE,0,1,F,INDEX,,F,T,0,0
6/29/2026,3:06:56 PM,SPXW,ML/,246,30.05,,CALL,7425,0,739230,6/30/2026,WHITE,0,1,F,INDEX,,F,T,0,0
6/29/2026,3:02:52 PM,SPXW,ML/,300,29.7,,CALL,7425,0,891000,6/30/2026,WHITE,0,1,F,INDEX,,F,T,0,0
6/29/2026,12:31:50 PM,SPXW,ML/,166,19.95,,CALL,7425,0,331170,6/30/2026,WHITE,0,1,F,INDEX,,F,T,0,0
6/29/2026,12:21:56 PM,SPXW,ML/,198,20.84,,CALL,7425,0,412632,6/30/2026,WHITE,0,1,F,INDEX,,F,T,0,0
6/29/2026,12:24:30 PM,SPXW,ML/,158,21.54,,CALL,7425,0,340332,6/30/2026,WHITE,0,1,F,INDEX,,F,T,0,0
6/29/2026,12:27:44 PM,SPXW,ML/,117,20.64,,CALL,7425,0,241488,6/30/2026,WHITE,0,1,F,INDEX,,F,T,0,0
6/29/2026,12:28:49 PM,SPXW,ML/,147,20.36,,CALL,7425,0,299292,6/30/2026,WHITE,0,1,F,INDEX,,F,T,0,0
6/29/2026,12:28:49 PM,SPXW,ML/,53,20.34,,CALL,7425,0,107802,6/30/2026,WHITE,0,1,F,INDEX,,F,T,0,0
6/29/2026,12:30:32 PM,SPXW,ML/,179,20.44,,CALL,7425,0,365876,6/30/2026,WHITE,0,1,F,INDEX,,F,T,0,0
6/29/2026,12:34:08 PM,SPXW,ML/,200,19.23,,CALL,7425,0,384600,6/30/2026,WHITE,0,1,F,INDEX,,F,T,0,0
6/29/2026,2:55:54 PM,SPXW,ML/,300,30.75,,CALL,7425,0,922500,6/30/2026,WHITE,0,1,F,INDEX,,F,T,0,0
6/29/2026,3:13:46 PM,SPXW,ML/,198,29.34,,CALL,7425,0,580932,6/30/2026,WHITE,0,1,F,INDEX,,F,T,0,0
6/29/2026,3:45:17 PM,SPXW,BLOCK,100,1,,PUT,7265,0,10000,6/30/2026,WHITE,0,1,F,INDEX,,F,T,0,0
6/29/2026,12:57:09 PM,SPXW,ML/,60,2.53,,PUT,7265,0,15179,6/30/2026,WHITE,0,1,F,INDEX,,F,T,0,0
6/29/2026,3:59:40 PM,SPXW,BLOCK,300,0.6,,CALL,7525,0,18000,6/30/2026,WHITE,0,1,F,INDEX,,F,T,0,0
6/29/2026,3:59:50 PM,SPXW,BLOCK,240,0.55,,CALL,7525,0,13200,6/30/2026,WHITE,0,1,F,INDEX,,F,T,0,0
6/29/2026,3:20:08 PM,SPXW,ML/,100,2.75,,PUT,7325,0,27500,6/30/2026,WHITE,0,1,F,INDEX,,F,T,0,0
6/29/2026,3:26:02 PM,SPXW,BLOCK,125,2.7,,PUT,7325,0,33750,6/30/2026,WHITE,0,1,F,INDEX,,F,T,0,0
6/29/2026,3:40:30 PM,SPXW,ML/,80,2.69,,PUT,7325,0,21520,6/30/2026,WHITE,0,1,F,INDEX,,F,T,0,0
6/29/2026,3:40:31 PM,SPXW,ML/,70,2.69,,PUT,7325,0,18830,6/30/2026,WHITE,0,1,F,INDEX,,F,T,0,0
6/29/2026,3:19:53 PM,SPXW,ML/,200,2.81,,PUT,7325,0,56200,6/30/2026,WHITE,0,1,F,INDEX,,F,T,0,0
6/29/2026,3:40:32 PM,SPXW,ML/,154,2.68,,PUT,7325,0,41272,6/30/2026,WHITE,0,1,F,INDEX,,F,T,0,0
6/29/2026,3:53:23 PM,SPXW,ML/,65,2.95,,PUT,7325,0,19175,6/30/2026,WHITE,0,1,F,INDEX,,F,T,0,0
6/29/2026,3:52:42 PM,SPXW,ML/,125,2.96,,PUT,7325,0,37000,6/30/2026,WHITE,0,1,F,INDEX,,F,T,0,0
6/29/2026,4:07:16 PM,SPXW,ML/,72,2.8,,PUT,7325,0,20160,6/30/2026,WHITE,0,1,F,INDEX,,F,T,0,0
6/29/2026,10:31:33 AM,SPXW,ML/,50,13.07,,PUT,7325,0,65350,6/30/2026,WHITE,0,1,F,INDEX,,F,T,0,0
6/29/2026,9:36:15 AM,SPXW,ML/,127,3.7,,PUT,7255,0,46990,6/30/2026,WHITE,0,1,F,INDEX,,F,T,0,0
6/29/2026,9:36:15 AM,SPXW,ML/,136,3.72,,PUT,7255,0,50592,6/30/2026,WHITE,0,1,F,INDEX,,F,T,0,0
6/29/2026,12:43:12 PM,SPXW,ML/,100,2.3,,PUT,7255,0,22999,6/30/2026,WHITE,0,1,F,INDEX,,F,T,0,0
6/29/2026,1:53:15 PM,SPXW,BLOCK,100,3.4,,CALL,7495,0,34000,6/30/2026,WHITE,0,1,F,INDEX,,F,T,0,0
6/29/2026,1:53:28 PM,SPXW,BLOCK,50,3.4,,CALL,7495,0,17000,6/30/2026,WHITE,0,1,F,INDEX,,F,T,0,0
6/29/2026,3:01:24 PM,SPXW,BLOCK,100,3.4,,CALL,7495,0,34000,6/30/2026,WHITE,0,1,F,INDEX,,F,T,0,0
6/29/2026,4:03:05 PM,SPXW,ML/,84,2.75,,CALL,7495,0,23100,6/30/2026,WHITE,0,1,F,INDEX,,F,T,0,0
6/29/2026,2:45:51 PM,SPXW,ML/,53,3.82,,CALL,7495,0,20245,6/30/2026,WHITE,0,1,F,INDEX,,F,T,0,0
6/29/2026,4:03:24 PM,SPXW,ML/,96,2.73,,CALL,7495,0,26208,6/30/2026,WHITE,0,1,F,INDEX,,F,T,0,0
6/29/2026,9:33:18 AM,XSP,BLOCK,50,5.5,,CALL,736,0,27500,6/29/2026,WHITE,0,0,F,INDEX,,F,T,0,0
6/29/2026,3:53:00 PM,XSP,ML/,75,2.2,,CALL,741,0,16500,6/29/2026,WHITE,0,0,F,INDEX,,F,T,0,0
6/29/2026,3:59:55 PM,XSP,BLOCK,60,2.87,,CALL,741,0,17220,6/29/2026,WHITE,0,0,F,INDEX,,F,T,0,0
6/29/2026,3:59:57 PM,XSP,BLOCK,60,2.71,,CALL,741,0,16260,6/29/2026,WHITE,0,0,F,INDEX,,F,T,0,0
6/29/2026,3:59:54 PM,XSP,BLOCK,60,3.04,,CALL,741,0,18240,6/29/2026,WHITE,0,0,F,INDEX,,F,T,0,0
6/29/2026,3:59:55 PM,XSP,BLOCK,60,2.93,,CALL,741,0,17580,6/29/2026,WHITE,0,0,F,INDEX,,F,T,0,0
6/29/2026,10:21:02 AM,XSP,ML/,63,2.74,,PUT,738,0,17262,6/29/2026,WHITE,0,0,F,INDEX,,F,T,0,0
6/29/2026,10:16:37 AM,XSP,ML/,50,2.88,,PUT,738,0,14400,6/29/2026,WHITE,0,0,F,INDEX,,F,T,0,0
6/29/2026,10:19:24 AM,XSP,ML/,50,2.87,,PUT,738,0,14350,6/29/2026,WHITE,0,0,F,INDEX,,F,T,0,0
6/29/2026,10:20:28 AM,XSP,BLOCK,180,2.93,,PUT,738,0,52740,6/29/2026,WHITE,0,0,F,INDEX,,F,T,0,0
6/29/2026,10:22:05 AM,XSP,ML/,64,2.48,,PUT,738,0,15872,6/29/2026,WHITE,0,0,F,INDEX,,F,T,0,0
6/29/2026,2:31:35 PM,SPXW,ML/,100,9.51,,PUT,6900,0,95100,7/17/2026,WHITE,0,18,F,INDEX,,F,F,0,0
6/29/2026,2:58:04 PM,SPXW,ML/,100,8.96,,PUT,6900,0,89600,7/17/2026,WHITE,0,18,F,INDEX,,F,F,0,0
6/29/2026,10:15:03 AM,VIX,ML/,1000,0.4,,CALL,50,0,40000,8/19/2026,WHITE,0,51,F,INDEX,,F,T,0,0
6/29/2026,10:39:45 AM,VIX,ML/,14500,0.74,,CALL,35,0,1073000,8/19/2026,WHITE,0,51,F,INDEX,,F,T,0,0
6/29/2026,10:50:52 AM,VIX,ML/,2500,0.73,,CALL,35,0,182500,8/19/2026,WHITE,0,51,F,INDEX,,F,T,0,0
6/29/2026,10:48:53 AM,VIX,ML/,1000,0.74,,CALL,35,0,74000,8/19/2026,WHITE,0,51,F,INDEX,,F,T,0,0
6/29/2026,11:39:58 AM,VIX,ML/,3000,0.71,,CALL,35,0,213000,8/19/2026,WHITE,0,51,F,INDEX,,F,T,0,0
6/29/2026,9:30:56 AM,SPXW,SWEEP,86,4.7,,PUT,7325,0,40420,6/29/2026,WHITE,0,0,F,INDEX,,F,T,0,0
6/29/2026,9:57:11 AM,SPXW,BLOCK,130,2.9,,PUT,7325,0,37700,6/29/2026,WHITE,0,0,F,INDEX,,F,T,0,0
6/29/2026,9:57:11 AM,SPXW,BLOCK,165,2.95,,PUT,7325,0,48675,6/29/2026,WHITE,0,0,F,INDEX,,F,T,0,0
6/29/2026,9:57:11 AM,SPXW,BLOCK,99,3,,PUT,7325,0,29700,6/29/2026,WHITE,0,0,F,INDEX,,F,T,0,0
6/29/2026,9:57:11 AM,SPXW,BLOCK,72,2.85,,PUT,7325,0,20520,6/29/2026,WHITE,0,0,F,INDEX,,F,T,0,0
6/29/2026,10:03:09 AM,SPXW,ML/,50,3.55,,PUT,7325,0,17750,6/29/2026,WHITE,0,0,F,INDEX,,F,T,0,0
6/29/2026,10:39:36 AM,SPXW,BLOCK,143,2.3,,PUT,7325,0,32890,6/29/2026,WHITE,0,0,F,INDEX,,F,T,0,0
6/29/2026,10:39:40 AM,SPXW,BLOCK,326,2.3,,PUT,7325,0,74980,6/29/2026,WHITE,0,0,F,INDEX,,F,T,0,0
6/29/2026,11:03:00 AM,SPXW,ML/,175,1.37,,PUT,7325,0,23975,6/29/2026,WHITE,0,0,F,INDEX,,F,T,0,0
6/29/2026,11:30:27 AM,SPXW,BLOCK,175,0.8,,PUT,7325,0,14000,6/29/2026,WHITE,0,0,F,INDEX,,F,T,0,0
6/29/2026,12:10:52 PM,SPXW,ML/,353,0.62,,PUT,7325,0,21886,6/29/2026,WHITE,0,0,F,INDEX,,F,T,0,0
6/29/2026,9:30:30 AM,SPXW,ML/,100,5.87,,PUT,7325,0,58700,6/29/2026,WHITE,0,0,F,INDEX,,F,T,0,0
6/29/2026,10:32:20 AM,SPXW,ML/,174,2.82,,PUT,7325,0,49067,6/29/2026,WHITE,0,0,F,INDEX,,F,T,0,0
6/29/2026,10:28:02 AM,SPXW,ML/,250,4.72,,PUT,7325,0,118000,6/29/2026,WHITE,0,0,F,INDEX,,F,T,0,0
6/29/2026,10:16:16 AM,SPXW,ML/,100,9.61,,PUT,7325,0,96099,6/29/2026,WHITE,0,0,F,INDEX,,F,T,0,0
6/29/2026,10:27:20 AM,SPXW,ML/,50,4.96,,PUT,7325,0,24800,6/29/2026,WHITE,0,0,F,INDEX,,F,T,0,0
6/29/2026,9:35:30 AM,SPXW,ML/,80,13.9,,PUT,7400,0,111200,6/29/2026,WHITE,0,0,F,INDEX,,F,T,0,0
6/29/2026,9:35:36 AM,SPXW,BLOCK,51,14,,PUT,7400,0,71400,6/29/2026,WHITE,0,0,F,INDEX,,F,T,0,0
6/29/2026,9:45:19 AM,SPXW,ML/,57,9,,PUT,7400,0,51300,6/29/2026,WHITE,0,0,F,INDEX,,F,T,0,0
6/29/2026,9:49:00 AM,SPXW,ML/,56,8.7,,PUT,7400,0,48720,6/29/2026,WHITE,0,0,F,INDEX,,F,T,0,0
6/29/2026,9:54:01 AM,SPXW,BLOCK,100,8.2,,PUT,7400,0,81999,6/29/2026,WHITE,0,0,F,INDEX,,F,T,0,0
6/29/2026,9:55:47 AM,SPXW,BLOCK,54,15,,PUT,7400,0,81000,6/29/2026,WHITE,0,0,F,INDEX,,F,T,0,0
6/29/2026,9:58:03 AM,SPXW,ML/,80,19.8,,PUT,7400,0,158400,6/29/2026,WHITE,0,0,F,INDEX,,F,T,0,0
6/29/2026,9:57:32 AM,SPXW,BLOCK,55,20.5,,PUT,7400,0,112750,6/29/2026,WHITE,0,0,F,INDEX,,F,T,0,0
6/29/2026,10:35:41 AM,SPXW,ML/,200,44,,PUT,7400,0,880000,6/29/2026,WHITE,0,0,F,INDEX,,F,T,0,0
6/29/2026,10:36:00 AM,SPXW,ML/,300,44,,PUT,7400,0,1320000,6/29/2026,WHITE,0,0,F,INDEX,,F,T,0,0
6/29/2026,10:51:24 AM,SPXW,BLOCK,51,15,,PUT,7400,0,76500,6/29/2026,WHITE,0,0,F,INDEX,,F,T,0,0
6/29/2026,10:51:57 AM,SPXW,BLOCK,50,14.4,,PUT,7400,0,72000,6/29/2026,WHITE,0,0,F,INDEX,,F,T,0,0
6/29/2026,10:58:33 AM,SPXW,BLOCK,90,13.3,,PUT,7400,0,119700,6/29/2026,WHITE,0,0,F,INDEX,,F,T,0,0
6/29/2026,10:52:00 AM,SPXW,ML/,93,14.77,,PUT,7400,0,137361,6/29/2026,WHITE,0,0,F,INDEX,,F,T,0,0
6/29/2026,11:00:55 AM,SPXW,BLOCK,51,12.1,,PUT,7400,0,61710,6/29/2026,WHITE,0,0,F,INDEX,,F,T,0,0
6/29/2026,11:11:01 AM,SPXW,BLOCK,102,14.7,,PUT,7400,0,149940,6/29/2026,WHITE,0,0,F,INDEX,,F,T,0,0
6/29/2026,11:12:47 AM,SPXW,BLOCK,50,16.1,,PUT,7400,0,80500,6/29/2026,WHITE,0,0,F,INDEX,,F,T,0,0
6/29/2026,11:14:47 AM,SPXW,BLOCK,100,12.5,,PUT,7400,0,125000,6/29/2026,WHITE,0,0,F,INDEX,,F,T,0,0
6/29/2026,11:15:29 AM,SPXW,BLOCK,59,11,,PUT,7400,0,64900,6/29/2026,WHITE,0,0,F,INDEX,,F,T,0,0
6/29/2026,11:18:34 AM,SPXW,ML/,51,13.1,,PUT,7400,0,66810,6/29/2026,WHITE,0,0,F,INDEX,,F,T,0,0
6/29/2026,10:38:09 AM,SPXW,ML/,84,15.83,,PUT,7400,0,132972,6/29/2026,WHITE,0,0,F,INDEX,,F,T,0,0
6/29/2026,11:33:36 AM,SPXW,BLOCK,101,9.9,,PUT,7400,0,99990,6/29/2026,WHITE,0,0,F,INDEX,,F,T,0,0
6/29/2026,11:34:59 AM,SPXW,BLOCK,82,10.6,,PUT,7400,0,86920,6/29/2026,WHITE,0,0,F,INDEX,,F,T,0,0
6/29/2026,11:38:14 AM,SPXW,ML/,103,9,,PUT,7400,0,92700,6/29/2026,WHITE,0,0,F,INDEX,,F,T,0,0
6/29/2026,11:41:27 AM,SPXW,BLOCK,60,9.4,,PUT,7400,0,56400,6/29/2026,WHITE,0,0,F,INDEX,,F,T,0,0
6/29/2026,11:43:40 AM,SPXW,BLOCK,150,7.4,,PUT,7400,0,111000,6/29/2026,WHITE,0,0,F,INDEX,,F,T,0,0
6/29/2026,11:44:09 AM,SPXW,BLOCK,51,7.6,,PUT,7400,0,38760,6/29/2026,WHITE,0,0,F,INDEX,,F,T,0,0
6/29/2026,11:44:15 AM,SPXW,ML/,89,7.7,,PUT,7400,0,68530,6/29/2026,WHITE,0,0,F,INDEX,,F,T,0,0
6/29/2026,11:46:09 AM,SPXW,BLOCK,67,7.4,,PUT,7400,0,49580,6/29/2026,WHITE,0,0,F,INDEX,,F,T,0,0
6/29/2026,11:46:24 AM,SPXW,BLOCK,56,7.7,,PUT,7400,0,43120,6/29/2026,WHITE,0,0,F,INDEX,,F,T,0,0
6/29/2026,11:44:08 AM,SPXW,ML/,50,7.45,,PUT,7400,0,37250,6/29/2026,WHITE,0,0,F,INDEX,,F,T,0,0
6/29/2026,11:42:14 AM,SPXW,ML/,50,7.97,,PUT,7400,0,39850,6/29/2026,WHITE,0,0,F,INDEX,,F,T,0,0
6/29/2026,11:58:55 AM,SPXW,BLOCK,51,6.7,,PUT,7400,0,34170,6/29/2026,WHITE,0,0,F,INDEX,,F,T,0,0
6/29/2026,11:59:18 AM,SPXW,ML/,52,6,,PUT,7400,0,31200,6/29/2026,WHITE,0,0,F,INDEX,,F,T,0,0
6/29/2026,12:05:08 PM,SPXW,ML/,71,4.57,,PUT,7400,0,32447,6/29/2026,WHITE,0,0,F,INDEX,,F,T,0,0
6/29/2026,12:06:43 PM,SPXW,BLOCK,50,5.3,,PUT,7400,0,26500,6/29/2026,WHITE,0,0,F,INDEX,,F,T,0,0
6/29/2026,12:18:14 PM,SPXW,BLOCK,50,5.9,,PUT,7400,0,29500,6/29/2026,WHITE,0,0,F,INDEX,,F,T,0,0
6/29/2026,12:29:52 PM,SPXW,ML/,70,6.1,,PUT,7400,0,42700,6/29/2026,WHITE,0,0,F,INDEX,,F,T,0,0
6/29/2026,12:32:04 PM,SPXW,BLOCK,58,6.3,,PUT,7400,0,36540,6/29/2026,WHITE,0,0,F,INDEX,,F,T,0,0
6/29/2026,12:32:08 PM,SPXW,BLOCK,132,6.2,,PUT,7400,0,81840,6/29/2026,WHITE,0,0,F,INDEX,,F,T,0,0
6/29/2026,12:32:08 PM,SPXW,BLOCK,148,6.3,,PUT,7400,0,93240,6/29/2026,WHITE,0,0,F,INDEX,,F,T,0,0
6/29/2026,12:32:29 PM,SPXW,ML/,85,6.6,,PUT,7400,0,56100,6/29/2026,WHITE,0,0,F,INDEX,,F,T,0,0
6/29/2026,12:32:51 PM,SPXW,ML/,96,6.3,,PUT,7400,0,60480,6/29/2026,WHITE,0,0,F,INDEX,,F,T,0,0
6/29/2026,12:41:09 PM,SPXW,BLOCK,64,5.2,,PUT,7400,0,33280,6/29/2026,WHITE,0,0,F,INDEX,,F,T,0,0
6/29/2026,12:43:04 PM,SPXW,SWEEP,50,5.4,,PUT,7400,0,27000,6/29/2026,WHITE,0,0,F,INDEX,,F,T,0,0
6/29/2026,12:53:57 PM,SPXW,BLOCK,50,3.9,,PUT,7400,0,19500,6/29/2026,WHITE,0,0,F,INDEX,,F,T,0,0
6/29/2026,12:54:12 PM,SPXW,BLOCK,184,3.7,,PUT,7400,0,68080,6/29/2026,WHITE,0,0,F,INDEX,,F,T,0,0
6/29/2026,12:54:12 PM,SPXW,BLOCK,220,3.6,,PUT,7400,0,79200,6/29/2026,WHITE,0,0,F,INDEX,,F,T,0,0
6/29/2026,1:00:06 PM,SPXW,BLOCK,63,3.7,,PUT,7400,0,23310,6/29/2026,WHITE,0,0,F,INDEX,,F,T,0,0
6/29/2026,1:00:12 PM,SPXW,BLOCK,89,3.7,,PUT,7400,0,32930,6/29/2026,WHITE,0,0,F,INDEX,,F,T,0,0
6/29/2026,1:00:13 PM,SPXW,BLOCK,102,3.7,,PUT,7400,0,37740,6/29/2026,WHITE,0,0,F,INDEX,,F,T,0,0
6/29/2026,1:00:19 PM,SPXW,BLOCK,77,3.6,,PUT,7400,0,27720,6/29/2026,WHITE,0,0,F,INDEX,,F,T,0,0
6/29/2026,1:05:20 PM,SPXW,BLOCK,96,3,,PUT,7400,0,28800,6/29/2026,WHITE,0,0,F,INDEX,,F,T,0,0
6/29/2026,1:06:01 PM,SPXW,ML/,75,2.77,,PUT,7400,0,20775,6/29/2026,WHITE,0,0,F,INDEX,,F,T,0,0
6/29/2026,1:09:09 PM,SPXW,BLOCK,50,2.8,,PUT,7400,0,14000,6/29/2026,WHITE,0,0,F,INDEX,,F,T,0,0
6/29/2026,1:09:36 PM,SPXW,BLOCK,54,2.65,,PUT,7400,0,14310,6/29/2026,WHITE,0,0,F,INDEX,,F,T,0,0
6/29/2026,1:10:44 PM,SPXW,ML/,101,2.35,,PUT,7400,0,23735,6/29/2026,WHITE,0,0,F,INDEX,,F,T,0,0
6/29/2026,1:12:27 PM,SPXW,ML/,53,2.3,,PUT,7400,0,12190,6/29/2026,WHITE,0,0,F,INDEX,,F,T,0,0
6/29/2026,1:13:07 PM,SPXW,BLOCK,52,2,,PUT,7400,0,10400,6/29/2026,WHITE,0,0,F,INDEX,,F,T,0,0
6/29/2026,1:18:43 PM,SPXW,BLOCK,50,2,,PUT,7400,0,10000,6/29/2026,WHITE,0,0,F,INDEX,,F,T,0,0
6/29/2026,1:20:32 PM,SPXW,BLOCK,84,1.85,,PUT,7400,0,15540,6/29/2026,WHITE,0,0,F,INDEX,,F,T,0,0
6/29/2026,1:21:24 PM,SPXW,BLOCK,84,2,,PUT,7400,0,16800,6/29/2026,WHITE,0,0,F,INDEX,,F,T,0,0
6/29/2026,1:23:27 PM,SPXW,BLOCK,256,2.5,,PUT,7400,0,64000,6/29/2026,WHITE,0,0,F,INDEX,,F,T,0,0
6/29/2026,1:25:20 PM,SPXW,ML/,108,2.45,,PUT,7400,0,26460,6/29/2026,WHITE,0,0,F,INDEX,,F,T,0,0
6/29/2026,1:26:57 PM,SPXW,BLOCK,50,2.2,,PUT,7400,0,11000,6/29/2026,WHITE,0,0,F,INDEX,,F,T,0,0
6/29/2026,1:29:16 PM,SPXW,ML/,378,1.9,,PUT,7400,0,71820,6/29/2026,WHITE,0,0,F,INDEX,,F,T,0,0
6/29/2026,1:32:12 PM,SPXW,BLOCK,100,1.5,,PUT,7400,0,15000,6/29/2026,WHITE,0,0,F,INDEX,,F,T,0,0
6/29/2026,1:33:51 PM,SPXW,ML/,150,1.92,,PUT,7400,0,28800,6/29/2026,WHITE,0,0,F,INDEX,,F,T,0,0
6/29/2026,1:35:27 PM,SPXW,ML/,100,1.57,,PUT,7400,0,15700,6/29/2026,WHITE,0,0,F,INDEX,,F,T,0,0
6/29/2026,1:36:06 PM,SPXW,ML/,192,1.6,,PUT,7400,0,30720,6/29/2026,WHITE,0,0,F,INDEX,,F,T,0,0
6/29/2026,1:36:21 PM,SPXW,ML/,250,1.67,,PUT,7400,0,41750,6/29/2026,WHITE,0,0,F,INDEX,,F,T,0,0
6/29/2026,1:42:57 PM,SPXW,ML/,304,1.42,,PUT,7400,0,43168,6/29/2026,WHITE,0,0,F,INDEX,,F,T,0,0
6/29/2026,1:45:08 PM,SPXW,ML/,250,1.52,,PUT,7400,0,38000,6/29/2026,WHITE,0,0,F,INDEX,,F,T,0,0
6/29/2026,1:47:42 PM,SPXW,ML/,100,1.17,,PUT,7400,0,11700,6/29/2026,WHITE,0,0,F,INDEX,,F,T,0,0
6/29/2026,1:58:18 PM,SPXW,ML/,200,1.32,,PUT,7400,0,26400,6/29/2026,WHITE,0,0,F,INDEX,,F,T,0,0
6/29/2026,1:58:18 PM,SPXW,ML/,76,1.32,,PUT,7400,0,10032,6/29/2026,WHITE,0,0,F,INDEX,,F,T,0,0
6/29/2026,2:01:31 PM,SPXW,ML/,199,1.07,,PUT,7400,0,21293,6/29/2026,WHITE,0,0,F,INDEX,,F,T,0,0
6/29/2026,2:04:32 PM,SPXW,BLOCK,161,1.05,,PUT,7400,0,16905,6/29/2026,WHITE,0,0,F,INDEX,,F,T,0,0
6/29/2026,2:09:13 PM,SPXW,ML/,248,1.02,,PUT,7400,0,25296,6/29/2026,WHITE,0,0,F,INDEX,,F,T,0,0
6/29/2026,2:09:37 PM,SPXW,BLOCK,286,1.05,,PUT,7400,0,30030,6/29/2026,WHITE,0,0,F,INDEX,,F,T,0,0
6/29/2026,2:30:06 PM,SPXW,BLOCK,275,0.95,,PUT,7400,0,26125,6/29/2026,WHITE,0,0,F,INDEX,,F,T,0,0
6/29/2026,9:49:28 AM,SPXW,ML/,100,9.43,,PUT,7400,0,94300,6/29/2026,WHITE,0,0,F,INDEX,,F,T,0,0
6/29/2026,9:58:49 AM,SPXW,ML/,88,18.45,,PUT,7400,0,162360,6/29/2026,WHITE,0,0,F,INDEX,,F,T,0,0
6/29/2026,10:47:06 AM,SPXW,ML/,150,20.75,,PUT,7400,0,311250,6/29/2026,WHITE,0,0,F,INDEX,,F,T,0,0
6/29/2026,10:41:12 AM,SPXW,ML/,150,44,,PUT,7400,0,660000,6/29/2026,WHITE,0,0,F,INDEX,,F,T,0,0
6/29/2026,10:28:48 AM,SPXW,ML/,50,27.84,,PUT,7400,0,139200,6/29/2026,WHITE,0,0,F,INDEX,,F,T,0,0
6/29/2026,11:13:11 AM,SPXW,ML/,66,14.66,,PUT,7400,0,96756,6/29/2026,WHITE,0,0,F,INDEX,,F,T,0,0
6/29/2026,11:13:00 AM,SPXW,ML/,60,15.61,,PUT,7400,0,93660,6/29/2026,WHITE,0,0,F,INDEX,,F,T,0,0
6/29/2026,11:44:50 AM,SPXW,ML/,70,6.72,,PUT,7400,0,47040,6/29/2026,WHITE,0,0,F,INDEX,,F,T,0,0
6/29/2026,12:23:59 PM,SPXW,ML/,80,4.94,,PUT,7400,0,39520,6/29/2026,WHITE,0,0,F,INDEX,,F,T,0,0
6/29/2026,1:28:46 PM,SPXW,BLOCK,110,2,,PUT,7400,0,22000,6/29/2026,WHITE,0,0,F,INDEX,,F,T,0,0
6/29/2026,1:33:51 PM,SPXW,ML/,92,1.92,,PUT,7400,0,17664,6/29/2026,WHITE,0,0,F,INDEX,,F,T,0,0
6/29/2026,1:39:06 PM,SPXW,ML/,209,1.67,,PUT,7400,0,34903,6/29/2026,WHITE,0,0,F,INDEX,,F,T,0,0
6/29/2026,2:32:56 PM,SPXW,ML/,271,0.72,,PUT,7400,0,19511,6/29/2026,WHITE,0,0,F,INDEX,,F,T,0,0
6/29/2026,9:30:55 AM,SPXW,ML/,500,0.22,,CALL,7500,0,11000,6/29/2026,WHITE,0,0,F,INDEX,,F,T,0,0
6/29/2026,9:47:22 AM,SPXW,ML/,548,0.22,,CALL,7500,0,12056,6/29/2026,WHITE,0,0,F,INDEX,,F,T,0,0
6/29/2026,9:30:04 AM,SPXW,BLOCK,61,2,,CALL,7450,0,12200,6/29/2026,WHITE,0,0,F,INDEX,,F,T,0,0
6/29/2026,9:30:49 AM,SPXW,BLOCK,98,1.95,,CALL,7450,0,19110,6/29/2026,WHITE,0,0,F,INDEX,,F,T,0,0
6/29/2026,9:30:49 AM,SPXW,ML/,81,1.95,,CALL,7450,0,15795,6/29/2026,WHITE,0,0,F,INDEX,,F,T,0,0
6/29/2026,9:35:47 AM,SPXW,BLOCK,50,3.7,,CALL,7450,0,18500,6/29/2026,WHITE,0,0,F,INDEX,,F,T,0,0
6/29/2026,9:36:17 AM,SPXW,ML/,117,3.2,,CALL,7450,0,37440,6/29/2026,WHITE,0,0,F,INDEX,,F,T,0,0
6/29/2026,9:38:42 AM,SPXW,ML/,56,2.6,,CALL,7450,0,14560,6/29/2026,WHITE,0,0,F,INDEX,,F,T,0,0
6/29/2026,9:38:34 AM,SPXW,BLOCK,69,3,,CALL,7450,0,20700,6/29/2026,WHITE,0,0,F,INDEX,,F,T,0,0
6/29/2026,9:40:31 AM,SPXW,ML/,100,3.15,,CALL,7450,0,31500,6/29/2026,WHITE,0,0,F,INDEX,,F,T,0,0
6/29/2026,9:41:55 AM,SPXW,ML/,52,3,,CALL,7450,0,15600,6/29/2026,WHITE,0,0,F,INDEX,,F,T,0,0
6/29/2026,9:36:18 AM,SPXW,ML/,196,3.09,,CALL,7450,0,60564,6/29/2026,WHITE,0,0,F,INDEX,,F,T,0,0
6/29/2026,9:41:40 AM,SPXW,ML/,101,3.15,,CALL,7450,0,31814,6/29/2026,WHITE,0,0,F,INDEX,,F,T,0,0
6/29/2026,9:41:39 AM,SPXW,ML/,60,3.17,,CALL,7450,0,19020,6/29/2026,WHITE,0,0,F,INDEX,,F,T,0,0
6/29/2026,9:40:31 AM,SPXW,ML/,169,3.23,,CALL,7450,0,54587,6/29/2026,WHITE,0,0,F,INDEX,,F,T,0,0
6/29/2026,9:43:34 AM,SPXW,ML/,140,3.03,,CALL,7450,0,42420,6/29/2026,WHITE,0,0,F,INDEX,,F,T,0,0
6/29/2026,9:44:00 AM,SPXW,ML/,200,3.12,,CALL,7450,0,62400,6/29/2026,WHITE,0,0,F,INDEX,,F,T,0,0
6/29/2026,9:41:13 AM,SPXW,ML/,200,3.47,,CALL,7450,0,69400,6/29/2026,WHITE,0,0,F,INDEX,,F,T,0,0
6/29/2026,9:44:28 AM,SPXW,BLOCK,71,4,,CALL,7450,0,28400,6/29/2026,WHITE,0,0,F,INDEX,,F,T,0,0
6/29/2026,9:44:28 AM,SPXW,ML/,186,4.05,,CALL,7450,0,75330,6/29/2026,WHITE,0,0,F,INDEX,,F,T,0,0
6/29/2026,9:49:05 AM,SPXW,ML/,89,4.15,,CALL,7450,0,36935,6/29/2026,WHITE,0,0,F,INDEX,,F,T,0,0
6/29/2026,9:43:43 AM,SPXW,ML/,200,2.95,,CALL,7450,0,59000,6/29/2026,WHITE,0,0,F,INDEX,,F,T,0,0
6/29/2026,9:51:25 AM,SPXW,BLOCK,79,4.8,,CALL,7450,0,37920,6/29/2026,WHITE,0,0,F,INDEX,,F,T,0,0
6/29/2026,9:52:58 AM,SPXW,BLOCK,57,4.2,,CALL,7450,0,23940,6/29/2026,WHITE,0,0,F,INDEX,,F,T,0,0
6/29/2026,9:53:24 AM,SPXW,ML/,50,4.7,,CALL,7450,0,23500,6/29/2026,WHITE,0,0,F,INDEX,,F,T,0,0
6/29/2026,9:54:09 AM,SPXW,BLOCK,100,4,,CALL,7450,0,40000,6/29/2026,WHITE,0,0,F,INDEX,,F,T,0,0
6/29/2026,9:36:17 AM,SPXW,ML/,83,3.19,,CALL,7450,0,26477,6/29/2026,WHITE,0,0,F,INDEX,,F,T,0,0
6/29/2026,9:40:31 AM,SPXW,ML/,94,3.22,,CALL,7450,0,30268,6/29/2026,WHITE,0,0,F,INDEX,,F,T,0,0
6/29/2026,9:43:34 AM,SPXW,ML/,50,3.02,,CALL,7450,0,15100,6/29/2026,WHITE,0,0,F,INDEX,,F,T,0,0
6/29/2026,9:55:27 AM,SPXW,BLOCK,69,2.8,,CALL,7450,0,19320,6/29/2026,WHITE,0,0,F,INDEX,,F,T,0,0
6/29/2026,9:55:28 AM,SPXW,BLOCK,83,2.8,,CALL,7450,0,23240,6/29/2026,WHITE,0,0,F,INDEX,,F,T,0,0
6/29/2026,9:57:21 AM,SPXW,BLOCK,65,2.35,,CALL,7450,0,15275,6/29/2026,WHITE,0,0,F,INDEX,,F,T,0,0
6/29/2026,9:57:47 AM,SPXW,ML/,143,2.05,,CALL,7450,0,29314,6/29/2026,WHITE,0,0,F,INDEX,,F,T,0,0
6/29/2026,9:57:46 AM,SPXW,BLOCK,83,2.15,,CALL,7450,0,17845,6/29/2026,WHITE,0,0,F,INDEX,,F,T,0,0
6/29/2026,10:00:36 AM,SPXW,BLOCK,70,1.65,,CALL,7450,0,11550,6/29/2026,WHITE,0,0,F,INDEX,,F,T,0,0
6/29/2026,9:57:12 AM,SPXW,ML/,50,2.77,,CALL,7450,0,13850,6/29/2026,WHITE,0,0,F,INDEX,,F,T,0,0
6/29/2026,10:04:42 AM,SPXW,BLOCK,100,1.3,,CALL,7450,0,13000,6/29/2026,WHITE,0,0,F,INDEX,,F,T,0,0
6/29/2026,10:08:04 AM,SPXW,BLOCK,115,0.9,,CALL,7450,0,10350,6/29/2026,WHITE,0,0,F,INDEX,,F,T,0,0
6/29/2026,10:09:27 AM,SPXW,BLOCK,249,0.9,,CALL,7450,0,22410,6/29/2026,WHITE,0,0,F,INDEX,,F,T,0,0
6/29/2026,10:26:11 AM,SPXW,BLOCK,249,0.85,,CALL,7450,0,21164,6/29/2026,WHITE,0,0,F,INDEX,,F,T,0,0
6/29/2026,10:28:44 AM,SPXW,ML/,150,0.8,,CALL,7450,0,12000,6/29/2026,WHITE,0,0,F,INDEX,,F,T,0,0
6/29/2026,10:33:30 AM,SPXW,BLOCK,101,1,,CALL,7450,0,10100,6/29/2026,WHITE,0,0,F,INDEX,,F,T,0,0
6/29/2026,10:35:27 AM,SPXW,BLOCK,124,0.9,,CALL,7450,0,11160,6/29/2026,WHITE,0,0,F,INDEX,,F,T,0,0
6/29/2026,10:42:37 AM,SPXW,BLOCK,140,1.05,,CALL,7450,0,14700,6/29/2026,WHITE,0,0,F,INDEX,,F,T,0,0
6/29/2026,10:25:00 AM,SPXW,ML/,200,0.68,,CALL,7450,0,13600,6/29/2026,WHITE,0,0,F,INDEX,,F,T,0,0
6/29/2026,10:48:13 AM,SPXW,BLOCK,429,0.5,,CALL,7450,0,21450,6/29/2026,WHITE,0,0,F,INDEX,,F,T,0,0
6/29/2026,11:01:11 AM,SPXW,BLOCK,250,0.85,,CALL,7450,0,21250,6/29/2026,WHITE,0,0,F,INDEX,,F,T,0,0
6/29/2026,11:03:50 AM,SPXW,BLOCK,250,0.85,,CALL,7450,0,21250,6/29/2026,WHITE,0,0,F,INDEX,,F,T,0,0
6/29/2026,11:04:56 AM,SPXW,BLOCK,201,0.7,,CALL,7450,0,14069,6/29/2026,WHITE,0,0,F,INDEX,,F,T,0,0
6/29/2026,11:06:28 AM,SPXW,BLOCK,250,0.7,,CALL,7450,0,17500,6/29/2026,WHITE,0,0,F,INDEX,,F,T,0,0
6/29/2026,11:11:24 AM,SPXW,BLOCK,282,0.5,,CALL,7450,0,14100,6/29/2026,WHITE,0,0,F,INDEX,,F,T,0,0
6/29/2026,11:12:21 AM,SPXW,BLOCK,456,0.4,,CALL,7450,0,18240,6/29/2026,WHITE,0,0,F,INDEX,,F,T,0,0
6/29/2026,11:19:29 AM,SPXW,ML/,250,0.52,,CALL,7450,0,13000,6/29/2026,WHITE,0,0,F,INDEX,,F,T,0,0
6/29/2026,11:07:19 AM,SPXW,ML/,246,0.77,,CALL,7450,0,18942,6/29/2026,WHITE,0,0,F,INDEX,,F,T,0,0
6/29/2026,12:04:43 PM,SPXW,BLOCK,233,0.7,,CALL,7450,0,16310,6/29/2026,WHITE,0,0,F,INDEX,,F,T,0,0
6/29/2026,12:14:00 PM,SPXW,ML/,289,0.55,,CALL,7450,0,15895,6/29/2026,WHITE,0,0,F,INDEX,,F,T,0,0
6/29/2026,12:54:13 PM,SPXW,ML/,300,0.53,,CALL,7450,0,15900,6/29/2026,WHITE,0,0,F,INDEX,,F,T,0,0
6/29/2026,12:54:13 PM,SPXW,ML/,200,0.53,,CALL,7450,0,10600,6/29/2026,WHITE,0,0,F,INDEX,,F,T,0,0
6/29/2026,1:13:10 PM,SPXW,ML/,110,1.1,,CALL,7450,0,12100,6/29/2026,WHITE,0,0,F,INDEX,,F,T,0,0
6/29/2026,1:13:38 PM,SPXW,ML/,137,1.35,,CALL,7450,0,18495,6/29/2026,WHITE,0,0,F,INDEX,,F,T,0,0
6/29/2026,1:13:39 PM,SPXW,BLOCK,145,1.5,,CALL,7450,0,21750,6/29/2026,WHITE,0,0,F,INDEX,,F,T,0,0
6/29/2026,1:13:39 PM,SPXW,ML/,124,1.5,,CALL,7450,0,18600,6/29/2026,WHITE,0,0,F,INDEX,,F,T,0,0
6/29/2026,1:13:56 PM,SPXW,BLOCK,112,1.4,,CALL,7450,0,15679,6/29/2026,WHITE,0,0,F,INDEX,,F,T,0,0
6/29/2026,1:14:07 PM,SPXW,BLOCK,101,1.65,,CALL,7450,0,16664,6/29/2026,WHITE,0,0,F,INDEX,,F,T,0,0
6/29/2026,1:14:08 PM,SPXW,ML/,84,1.82,,CALL,7450,0,15288,6/29/2026,WHITE,0,0,F,INDEX,,F,T,0,0
6/29/2026,1:16:35 PM,SPXW,BLOCK,95,1.3,,CALL,7450,0,12350,6/29/2026,WHITE,0,0,F,INDEX,,F,T,0,0
6/29/2026,1:16:55 PM,SPXW,BLOCK,107,1.4,,CALL,7450,0,14979,6/29/2026,WHITE,0,0,F,INDEX,,F,T,0,0
6/29/2026,1:16:10 PM,SPXW,ML/,100,1.42,,CALL,7450,0,14200,6/29/2026,WHITE,0,0,F,INDEX,,F,T,0,0
6/29/2026,1:19:05 PM,SPXW,BLOCK,159,1.7,,CALL,7450,0,27029,6/29/2026,WHITE,0,0,F,INDEX,,F,T,0,0
6/29/2026,1:20:49 PM,SPXW,BLOCK,86,2,,CALL,7450,0,17200,6/29/2026,WHITE,0,0,F,INDEX,,F,T,0,0
6/29/2026,1:20:44 PM,SPXW,ML/,750,1.82,,CALL,7450,0,136500,6/29/2026,WHITE,0,0,F,INDEX,,F,T,0,0
6/29/2026,1:31:01 PM,SPXW,ML/,60,2,,CALL,7450,0,12000,6/29/2026,WHITE,0,0,F,INDEX,,F,T,0,0
6/29/2026,1:31:05 PM,SPXW,BLOCK,212,2.1,,CALL,7450,0,44520,6/29/2026,WHITE,0,0,F,INDEX,,F,T,0,0
6/29/2026,1:31:50 PM,SPXW,BLOCK,104,2.65,,CALL,7450,0,27560,6/29/2026,WHITE,0,0,F,INDEX,,F,T,0,0
6/29/2026,1:31:54 PM,SPXW,BLOCK,57,2.65,,CALL,7450,0,15104,6/29/2026,WHITE,0,0,F,INDEX,,F,T,0,0
6/29/2026,1:32:40 PM,SPXW,ML/,65,1.9,,CALL,7450,0,12349,6/29/2026,WHITE,0,0,F,INDEX,,F,T,0,0
6/29/2026,1:32:48 PM,SPXW,BLOCK,50,2,,CALL,7450,0,10000,6/29/2026,WHITE,0,0,F,INDEX,,F,T,0,0
6/29/2026,1:33:01 PM,SPXW,BLOCK,136,1.9,,CALL,7450,0,25839,6/29/2026,WHITE,0,0,F,INDEX,,F,T,0,0
6/29/2026,1:38:15 PM,SPXW,ML/,199,1.5,,CALL,7450,0,29850,6/29/2026,WHITE,0,0,F,INDEX,,F,T,0,0
6/29/2026,1:33:42 PM,SPXW,ML/,109,1.38,,CALL,7450,0,15041,6/29/2026,WHITE,0,0,F,INDEX,,F,T,0,0
6/29/2026,1:47:36 PM,SPXW,BLOCK,55,2,,CALL,7450,0,11000,6/29/2026,WHITE,0,0,F,INDEX,,F,T,0,0
6/29/2026,1:48:31 PM,SPXW,BLOCK,294,1.9,,CALL,7450,0,55859,6/29/2026,WHITE,0,0,F,INDEX,,F,T,0,0
6/29/2026,1:48:32 PM,SPXW,BLOCK,58,1.9,,CALL,7450,0,11019,6/29/2026,WHITE,0,0,F,INDEX,,F,T,0,0
6/29/2026,1:49:02 PM,SPXW,BLOCK,52,2,,CALL,7450,0,10400,6/29/2026,WHITE,0,0,F,INDEX,,F,T,0,0
6/29/2026,1:50:09 PM,SPXW,BLOCK,100,1.85,,CALL,7450,0,18500,6/29/2026,WHITE,0,0,F,INDEX,,F,T,0,0
6/29/2026,1:51:25 PM,SPXW,BLOCK,100,1.8,,CALL,7450,0,18000,6/29/2026,WHITE,0,0,F,INDEX,,F,T,0,0
6/29/2026,1:51:57 PM,SPXW,BLOCK,58,1.85,,CALL,7450,0,10730,6/29/2026,WHITE,0,0,F,INDEX,,F,T,0,0
6/29/2026,1:52:41 PM,SPXW,ML/,130,2.2,,CALL,7450,0,28600,6/29/2026,WHITE,0,0,F,INDEX,,F,T,0,0
6/29/2026,1:52:39 PM,SPXW,ML/,60,2.22,,CALL,7450,0,13320,6/29/2026,WHITE,0,0,F,INDEX,,F,T,0,0
6/29/2026,1:54:04 PM,SPXW,BLOCK,236,2.35,,CALL,7450,0,55460,6/29/2026,WHITE,0,0,F,INDEX,,F,T,0,0
6/29/2026,1:52:35 PM,SPXW,ML/,59,2,,CALL,7450,0,11800,6/29/2026,WHITE,0,0,F,INDEX,,F,T,0,0
6/29/2026,1:58:59 PM,SPXW,ML/,1002,1.5,,CALL,7450,0,150300,6/29/2026,WHITE,0,0,F,INDEX,,F,T,0,0
6/29/2026,2:00:03 PM,SPXW,BLOCK,70,1.5,,CALL,7450,0,10500,6/29/2026,WHITE,0,0,F,INDEX,,F,T,0,0
6/29/2026,2:01:27 PM,SPXW,BLOCK,60,1.8,,CALL,7450,0,10800,6/29/2026,WHITE,0,0,F,INDEX,,F,T,0,0
6/29/2026,2:05:38 PM,SPXW,BLOCK,102,2.1,,CALL,7450,0,21420,6/29/2026,WHITE,0,0,F,INDEX,,F,T,0,0
6/29/2026,2:05:53 PM,SPXW,BLOCK,52,2.1,,CALL,7450,0,10920,6/29/2026,WHITE,0,0,F,INDEX,,F,T,0,0
6/29/2026,2:07:27 PM,SPXW,BLOCK,232,2,,CALL,7450,0,46400,6/29/2026,WHITE,0,0,F,INDEX,,F,T,0,0
6/29/2026,2:11:55 PM,SPXW,ML/,73,1.55,,CALL,7450,0,11315,6/29/2026,WHITE,0,0,F,INDEX,,F,T,0,0
6/29/2026,2:13:17 PM,SPXW,BLOCK,101,1.75,,CALL,7450,0,17675,6/29/2026,WHITE,0,0,F,INDEX,,F,T,0,0
6/29/2026,2:14:17 PM,SPXW,ML/,80,1.72,,CALL,7450,0,13760,6/29/2026,WHITE,0,0,F,INDEX,,F,T,0,0
6/29/2026,2:12:04 PM,SPXW,ML/,2500,1.52,,CALL,7450,0,380000,6/29/2026,WHITE,0,0,F,INDEX,,F,T,0,0
6/29/2026,2:20:08 PM,SPXW,ML/,132,1.22,,CALL,7450,0,16104,6/29/2026,WHITE,0,0,F,INDEX,,F,T,0,0
6/29/2026,2:28:33 PM,SPXW,BLOCK,177,0.9,,CALL,7450,0,15930,6/29/2026,WHITE,0,0,F,INDEX,,F,T,0,0
6/29/2026,2:36:32 PM,SPXW,ML/,100,1.85,,CALL,7450,0,18500,6/29/2026,WHITE,0,0,F,INDEX,,F,T,0,0
6/29/2026,2:36:43 PM,SPXW,BLOCK,62,1.8,,CALL,7450,0,11160,6/29/2026,WHITE,0,0,F,INDEX,,F,T,0,0
6/29/2026,2:37:37 PM,SPXW,BLOCK,101,1.55,,CALL,7450,0,15655,6/29/2026,WHITE,0,0,F,INDEX,,F,T,0,0
6/29/2026,2:37:39 PM,SPXW,BLOCK,82,1.5,,CALL,7450,0,12300,6/29/2026,WHITE,0,0,F,INDEX,,F,T,0,0
6/29/2026,2:44:02 PM,SPXW,BLOCK,58,2,,CALL,7450,0,11600,6/29/2026,WHITE,0,0,F,INDEX,,F,T,0,0
6/29/2026,2:44:06 PM,SPXW,BLOCK,51,2.15,,CALL,7450,0,10965,6/29/2026,WHITE,0,0,F,INDEX,,F,T,0,0
6/29/2026,2:44:22 PM,SPXW,BLOCK,57,2.1,,CALL,7450,0,11970,6/29/2026,WHITE,0,0,F,INDEX,,F,T,0,0
6/29/2026,2:44:24 PM,SPXW,BLOCK,125,2.1,,CALL,7450,0,26250,6/29/2026,WHITE,0,0,F,INDEX,,F,T,0,0
6/29/2026,2:44:24 PM,SPXW,BLOCK,225,2.05,,CALL,7450,0,46124,6/29/2026,WHITE,0,0,F,INDEX,,F,T,0,0
6/29/2026,2:08:26 PM,SPXW,ML/,2500,1.97,,CALL,7450,0,492500,6/29/2026,WHITE,0,0,F,INDEX,,F,T,0,0
6/29/2026,2:45:03 PM,SPXW,ML/,61,2,,CALL,7450,0,12200,6/29/2026,WHITE,0,0,F,INDEX,,F,T,0,0
6/29/2026,2:44:24 PM,SPXW,BLOCK,100,2.15,,CALL,7450,0,21500,6/29/2026,WHITE,0,0,F,INDEX,,F,T,0,0
6/29/2026,2:45:33 PM,SPXW,BLOCK,53,2.2,,CALL,7450,0,11660,6/29/2026,WHITE,0,0,F,INDEX,,F,T,0,0
6/29/2026,2:45:54 PM,SPXW,BLOCK,76,2.35,,CALL,7450,0,17860,6/29/2026,WHITE,0,0,F,INDEX,,F,T,0,0
6/29/2026,2:45:54 PM,SPXW,ML/,235,2.4,,CALL,7450,0,56400,6/29/2026,WHITE,0,0,F,INDEX,,F,T,0,0
6/29/2026,2:45:54 PM,SPXW,BLOCK,76,2.3,,CALL,7450,0,17480,6/29/2026,WHITE,0,0,F,INDEX,,F,T,0,0
6/29/2026,2:46:10 PM,SPXW,BLOCK,54,2.5,,CALL,7450,0,13500,6/29/2026,WHITE,0,0,F,INDEX,,F,T,0,0
6/29/2026,2:46:16 PM,SPXW,ML/,253,2.4,,CALL,7450,0,60719,6/29/2026,WHITE,0,0,F,INDEX,,F,T,0,0
6/29/2026,2:46:19 PM,SPXW,BLOCK,164,2.4,,CALL,7450,0,39360,6/29/2026,WHITE,0,0,F,INDEX,,F,T,0,0
6/29/2026,2:46:25 PM,SPXW,BLOCK,61,2.4,,CALL,7450,0,14640,6/29/2026,WHITE,0,0,F,INDEX,,F,T,0,0
6/29/2026,2:47:20 PM,SPXW,BLOCK,77,1.8,,CALL,7450,0,13860,6/29/2026,WHITE,0,0,F,INDEX,,F,T,0,0
6/29/2026,2:47:44 PM,SPXW,BLOCK,378,1.8,,CALL,7450,0,68040,6/29/2026,WHITE,0,0,F,INDEX,,F,T,0,0
6/29/2026,2:47:43 PM,SPXW,BLOCK,100,1.85,,CALL,7450,0,18500,6/29/2026,WHITE,0,0,F,INDEX,,F,T,0,0
6/29/2026,2:48:46 PM,SPXW,BLOCK,74,1.9,,CALL,7450,0,14060,6/29/2026,WHITE,0,0,F,INDEX,,F,T,0,0
6/29/2026,2:56:38 PM,SPXW,ML/,160,1.37,,CALL,7450,0,21920,6/29/2026,WHITE,0,0,F,INDEX,,F,T,0,0
6/29/2026,2:33:14 PM,SPXW,ML/,350,0.86,,CALL,7450,0,30100,6/29/2026,WHITE,0,0,F,INDEX,,F,T,0,0
6/29/2026,3:04:18 PM,SPXW,BLOCK,200,1,,CALL,7450,0,20000,6/29/2026,WHITE,0,0,F,INDEX,,F,T,0,0
6/29/2026,10:00:53 AM,SPXW,ML/,100,2.77,,CALL,7450,0,27700,6/29/2026,WHITE,0,0,F,INDEX,,F,T,0,0
6/29/2026,9:41:11 AM,SPXW,ML/,173,3.48,,CALL,7450,0,60204,6/29/2026,WHITE,0,0,F,INDEX,,F,T,0,0
6/29/2026,10:15:14 AM,SPXW,ML/,55,2.7,,PUT,7250,0,14850,6/29/2026,WHITE,0,0,F,INDEX,,F,T,0,0
6/29/2026,10:15:51 AM,SPXW,BLOCK,150,2.25,,PUT,7250,0,33750,6/29/2026,WHITE,0,0,F,INDEX,,F,T,0,0
6/29/2026,10:22:51 AM,SPXW,BLOCK,151,1,,PUT,7250,0,15100,6/29/2026,WHITE,0,0,F,INDEX,,F,T,0,0
6/29/2026,10:18:22 AM,SPXW,ML/,51,2.33,,PUT,7250,0,11883,6/29/2026,WHITE,0,0,F,INDEX,,F,T,0,0
6/29/2026,9:30:46 AM,SPXW,ML/,100,6.3,,CALL,7425,0,63000,6/29/2026,WHITE,0,0,F,INDEX,,F,T,0,0
6/29/2026,9:35:32 AM,SPXW,BLOCK,63,12.3,,CALL,7425,0,77490,6/29/2026,WHITE,0,0,F,INDEX,,F,T,0,0
6/29/2026,9:44:15 AM,SPXW,BLOCK,94,12.2,,CALL,7425,0,114680,6/29/2026,WHITE,0,0,F,INDEX,,F,T,0,0
6/29/2026,9:44:16 AM,SPXW,BLOCK,66,12.2,,CALL,7425,0,80520,6/29/2026,WHITE,0,0,F,INDEX,,F,T,0,0
6/29/2026,9:44:21 AM,SPXW,BLOCK,95,12.2,,CALL,7425,0,115900,6/29/2026,WHITE,0,0,F,INDEX,,F,T,0,0
6/29/2026,9:57:18 AM,SPXW,ML/,55,7.5,,CALL,7425,0,41250,6/29/2026,WHITE,0,0,F,INDEX,,F,T,0,0
6/29/2026,10:09:43 AM,SPXW,BLOCK,50,3.6,,CALL,7425,0,18000,6/29/2026,WHITE,0,0,F,INDEX,,F,T,0,0
6/29/2026,10:10:46 AM,SPXW,ML/,56,2.9,,CALL,7425,0,16239,6/29/2026,WHITE,0,0,F,INDEX,,F,T,0,0
6/29/2026,10:13:29 AM,SPXW,BLOCK,68,2.4,,CALL,7425,0,16319,6/29/2026,WHITE,0,0,F,INDEX,,F,T,0,0
6/29/2026,10:15:39 AM,SPXW,BLOCK,76,2.1,,CALL,7425,0,15960,6/29/2026,WHITE,0,0,F,INDEX,,F,T,0,0
6/29/2026,10:13:35 AM,SPXW,ML/,66,2.52,,CALL,7425,0,16632,6/29/2026,WHITE,0,0,F,INDEX,,F,T,0,0
6/29/2026,10:16:24 AM,SPXW,BLOCK,300,2.8,,CALL,7425,0,83999,6/29/2026,WHITE,0,0,F,INDEX,,F,T,0,0
6/29/2026,10:16:41 AM,SPXW,BLOCK,61,2.6,,CALL,7425,0,15860,6/29/2026,WHITE,0,0,F,INDEX,,F,T,0,0
6/29/2026,10:18:19 AM,SPXW,BLOCK,62,2.35,,CALL,7425,0,14570,6/29/2026,WHITE,0,0,F,INDEX,,F,T,0,0
6/29/2026,10:18:19 AM,SPXW,ML/,56,2.35,,CALL,7425,0,13160,6/29/2026,WHITE,0,0,F,INDEX,,F,T,0,0
6/29/2026,10:18:20 AM,SPXW,BLOCK,122,2.35,,CALL,7425,0,28670,6/29/2026,WHITE,0,0,F,INDEX,,F,T,0,0
6/29/2026,10:18:23 AM,SPXW,BLOCK,77,2.25,,CALL,7425,0,17325,6/29/2026,WHITE,0,0,F,INDEX,,F,T,0,0
6/29/2026,10:18:59 AM,SPXW,BLOCK,71,2.5,,CALL,7425,0,17750,6/29/2026,WHITE,0,0,F,INDEX,,F,T,0,0
6/29/2026,10:19:01 AM,SPXW,BLOCK,114,2.55,,CALL,7425,0,29070,6/29/2026,WHITE,0,0,F,INDEX,,F,T,0,0
6/29/2026,10:19:01 AM,SPXW,ML/,193,2.55,,CALL,7425,0,49215,6/29/2026,WHITE,0,0,F,INDEX,,F,T,0,0
6/29/2026,10:19:43 AM,SPXW,BLOCK,79,2.75,,CALL,7425,0,21725,6/29/2026,WHITE,0,0,F,INDEX,,F,T,0,0
6/29/2026,10:24:18 AM,SPXW,ML/,61,2.2,,CALL,7425,0,13420,6/29/2026,WHITE,0,0,F,INDEX,,F,T,0,0
6/29/2026,10:24:52 AM,SPXW,BLOCK,50,2.5,,CALL,7425,0,12500,6/29/2026,WHITE,0,0,F,INDEX,,F,T,0,0
6/29/2026,10:26:23 AM,SPXW,BLOCK,50,3.2,,CALL,7425,0,16000,6/29/2026,WHITE,0,0,F,INDEX,,F,T,0,0
6/29/2026,10:27:04 AM,SPXW,BLOCK,51,3.2,,CALL,7425,0,16320,6/29/2026,WHITE,0,0,F,INDEX,,F,T,0,0
6/29/2026,10:27:20 AM,SPXW,BLOCK,401,2.85,,CALL,7425,0,114284,6/29/2026,WHITE,0,0,F,INDEX,,F,T,0,0
6/29/2026,10:25:27 AM,SPXW,ML/,53,2.97,,CALL,7425,0,15741,6/29/2026,WHITE,0,0,F,INDEX,,F,T,0,0
6/29/2026,10:27:35 AM,SPXW,SWEEP,90,3,,CALL,7425,0,27000,6/29/2026,WHITE,0,0,F,INDEX,,F,T,0,0
6/29/2026,10:27:35 AM,SPXW,SWEEP,110,2.95,,CALL,7425,0,32450,6/29/2026,WHITE,0,0,F,INDEX,,F,T,0,0
6/29/2026,10:30:21 AM,SPXW,BLOCK,106,3.9,,CALL,7425,0,41340,6/29/2026,WHITE,0,0,F,INDEX,,F,T,0,0
6/29/2026,10:30:22 AM,SPXW,BLOCK,72,4,,CALL,7425,0,28800,6/29/2026,WHITE,0,0,F,INDEX,,F,T,0,0
6/29/2026,10:30:53 AM,SPXW,ML/,135,4.17,,CALL,7425,0,56295,6/29/2026,WHITE,0,0,F,INDEX,,F,T,0,0
6/29/2026,10:36:11 AM,SPXW,BLOCK,56,5.5,,CALL,7425,0,30800,6/29/2026,WHITE,0,0,F,INDEX,,F,T,0,0
6/29/2026,10:38:24 AM,SPXW,BLOCK,74,6,,CALL,7425,0,44400,6/29/2026,WHITE,0,0,F,INDEX,,F,T,0,0
6/29/2026,10:38:25 AM,SPXW,SWEEP,67,6,,CALL,7425,0,40200,6/29/2026,WHITE,0,0,F,INDEX,,F,T,0,0
6/29/2026,10:29:52 AM,SPXW,BLOCK,193,3.4,,CALL,7425,0,65620,6/29/2026,WHITE,0,0,F,INDEX,,F,T,0,0
6/29/2026,10:26:42 AM,SPXW,ML/,50,3.22,,CALL,7425,0,16100,6/29/2026,WHITE,0,0,F,INDEX,,F,T,0,0
6/29/2026,10:46:20 AM,SPXW,BLOCK,50,3.8,,CALL,7425,0,18999,6/29/2026,WHITE,0,0,F,INDEX,,F,T,0,0
6/29/2026,10:49:46 AM,SPXW,BLOCK,51,4,,CALL,7425,0,20400,6/29/2026,WHITE,0,0,F,INDEX,,F,T,0,0
6/29/2026,10:35:38 AM,SPXW,ML/,100,5.37,,CALL,7425,0,53700,6/29/2026,WHITE,0,0,F,INDEX,,F,T,0,0
6/29/2026,10:53:39 AM,SPXW,BLOCK,61,6.4,,CALL,7425,0,39040,6/29/2026,WHITE,0,0,F,INDEX,,F,T,0,0
6/29/2026,9:57:42 AM,SPXW,ML/,55,7.45,,CALL,7425,0,40975,6/29/2026,WHITE,0,0,F,INDEX,,F,T,0,0
6/29/2026,9:38:30 AM,SPXW,ML/,100,7.95,,CALL,7425,0,79500,6/29/2026,WHITE,0,0,F,INDEX,,F,T,0,0
6/29/2026,10:54:44 AM,SPXW,BLOCK,75,7.6,,CALL,7425,0,57000,6/29/2026,WHITE,0,0,F,INDEX,,F,T,0,0
6/29/2026,11:04:08 AM,SPXW,ML/,131,4.66,,CALL,7425,0,61046,6/29/2026,WHITE,0,0,F,INDEX,,F,T,0,0
6/29/2026,11:13:32 AM,SPXW,BLOCK,100,2.95,,CALL,7425,0,29500,6/29/2026,WHITE,0,0,F,INDEX,,F,T,0,0
6/29/2026,11:14:16 AM,SPXW,BLOCK,102,3.3,,CALL,7425,0,33660,6/29/2026,WHITE,0,0,F,INDEX,,F,T,0,0
6/29/2026,11:14:04 AM,SPXW,BLOCK,100,2.85,,CALL,7425,0,28500,6/29/2026,WHITE,0,0,F,INDEX,,F,T,0,0
6/29/2026,11:33:08 AM,SPXW,BLOCK,100,4,,CALL,7425,0,40000,6/29/2026,WHITE,0,0,F,INDEX,,F,T,0,0
6/29/2026,11:44:39 AM,SPXW,ML/,65,5.1,,CALL,7425,0,33150,6/29/2026,WHITE,0,0,F,INDEX,,F,T,0,0
6/29/2026,11:49:28 AM,SPXW,ML/,50,3.82,,CALL,7425,0,19099,6/29/2026,WHITE,0,0,F,INDEX,,F,T,0,0
6/29/2026,11:43:42 AM,SPXW,ML/,50,4.93,,CALL,7425,0,24650,6/29/2026,WHITE,0,0,F,INDEX,,F,T,0,0
6/29/2026,12:01:09 PM,SPXW,BLOCK,84,5.5,,CALL,7425,0,46200,6/29/2026,WHITE,0,0,F,INDEX,,F,T,0,0
6/29/2026,12:05:04 PM,SPXW,ML/,66,6.75,,CALL,7425,0,44550,6/29/2026,WHITE,0,0,F,INDEX,,F,T,0,0
6/29/2026,12:10:04 PM,SPXW,ML/,81,6.1,,CALL,7425,0,49410,6/29/2026,WHITE,0,0,F,INDEX,,F,T,0,0
6/29/2026,12:14:11 PM,SPXW,BLOCK,57,4.8,,CALL,7425,0,27360,6/29/2026,WHITE,0,0,F,INDEX,,F,T,0,0
6/29/2026,12:14:30 PM,SPXW,BLOCK,50,4.9,,CALL,7425,0,24500,6/29/2026,WHITE,0,0,F,INDEX,,F,T,0,0
6/29/2026,12:15:06 PM,SPXW,ML/,50,5.55,,CALL,7425,0,27750,6/29/2026,WHITE,0,0,F,INDEX,,F,T,0,0
6/29/2026,11:59:40 AM,SPXW,ML/,67,4.98,,CALL,7425,0,33366,6/29/2026,WHITE,0,0,F,INDEX,,F,T,0,0
6/29/2026,12:24:30 PM,SPXW,ML/,180,5.4,,CALL,7425,0,97200,6/29/2026,WHITE,0,0,F,INDEX,,F,T,0,0
6/29/2026,12:27:43 PM,SPXW,ML/,64,4.6,,CALL,7425,0,29439,6/29/2026,WHITE,0,0,F,INDEX,,F,T,0,0
6/29/2026,12:28:49 PM,SPXW,ML/,53,4.4,,CALL,7425,0,23320,6/29/2026,WHITE,0,0,F,INDEX,,F,T,0,0
6/29/2026,10:32:42 AM,SPXW,ML/,100,3.81,,CALL,7425,0,38100,6/29/2026,WHITE,0,0,F,INDEX,,F,T,0,0
6/29/2026,12:33:05 PM,SPXW,BLOCK,117,3.5,,CALL,7425,0,40950,6/29/2026,WHITE,0,0,F,INDEX,,F,T,0,0
6/29/2026,12:34:08 PM,SPXW,ML/,200,3.45,,CALL,7425,0,69000,6/29/2026,WHITE,0,0,F,INDEX,,F,T,0,0
6/29/2026,12:30:32 PM,SPXW,ML/,198,4.45,,CALL,7425,0,88110,6/29/2026,WHITE,0,0,F,INDEX,,F,T,0,0
6/29/2026,12:42:35 PM,SPXW,BLOCK,102,3.8,,CALL,7425,0,38760,6/29/2026,WHITE,0,0,F,INDEX,,F,T,0,0
6/29/2026,12:43:48 PM,SPXW,BLOCK,99,3.9,,CALL,7425,0,38610,6/29/2026,WHITE,0,0,F,INDEX,,F,T,0,0
6/29/2026,12:46:23 PM,SPXW,ML/,200,4.1,,CALL,7425,0,81999,6/29/2026,WHITE,0,0,F,INDEX,,F,T,0,0
6/29/2026,12:31:50 PM,SPXW,ML/,188,3.94,,CALL,7425,0,74072,6/29/2026,WHITE,0,0,F,INDEX,,F,T,0,0
6/29/2026,12:52:09 PM,SPXW,BLOCK,64,4.1,,CALL,7425,0,26239,6/29/2026,WHITE,0,0,F,INDEX,,F,T,0,0
6/29/2026,12:52:56 PM,SPXW,BLOCK,91,4.3,,CALL,7425,0,39130,6/29/2026,WHITE,0,0,F,INDEX,,F,T,0,0
6/29/2026,12:54:29 PM,SPXW,BLOCK,94,5.3,,CALL,7425,0,49820,6/29/2026,WHITE,0,0,F,INDEX,,F,T,0,0
6/29/2026,12:21:56 PM,SPXW,ML/,198,4.84,,CALL,7425,0,95832,6/29/2026,WHITE,0,0,F,INDEX,,F,T,0,0
6/29/2026,12:57:23 PM,SPXW,ML/,90,4.42,,CALL,7425,0,39780,6/29/2026,WHITE,0,0,F,INDEX,,F,T,0,0
6/29/2026,1:00:28 PM,SPXW,BLOCK,56,4.8,,CALL,7425,0,26880,6/29/2026,WHITE,0,0,F,INDEX,,F,T,0,0
6/29/2026,1:01:18 PM,SPXW,BLOCK,60,5,,CALL,7425,0,30000,6/29/2026,WHITE,0,0,F,INDEX,,F,T,0,0
6/29/2026,1:01:37 PM,SPXW,BLOCK,100,4.9,,CALL,7425,0,49000,6/29/2026,WHITE,0,0,F,INDEX,,F,T,0,0
6/29/2026,1:02:14 PM,SPXW,BLOCK,121,5,,CALL,7425,0,60500,6/29/2026,WHITE,0,0,F,INDEX,,F,T,0,0
6/29/2026,1:02:34 PM,SPXW,BLOCK,110,4.9,,CALL,7425,0,53900,6/29/2026,WHITE,0,0,F,INDEX,,F,T,0,0
6/29/2026,1:05:31 PM,SPXW,ML/,50,5.75,,CALL,7425,0,28750,6/29/2026,WHITE,0,0,F,INDEX,,F,T,0,0
6/29/2026,1:06:09 PM,SPXW,ML/,130,5.8,,CALL,7425,0,75400,6/29/2026,WHITE,0,0,F,INDEX,,F,T,0,0
6/29/2026,1:09:35 PM,SPXW,BLOCK,100,6,,CALL,7425,0,60000,6/29/2026,WHITE,0,0,F,INDEX,,F,T,0,0
6/29/2026,1:12:48 PM,SPXW,BLOCK,108,7.1,,CALL,7425,0,76680,6/29/2026,WHITE,0,0,F,INDEX,,F,T,0,0
6/29/2026,1:14:16 PM,SPXW,BLOCK,99,11.2,,CALL,7425,0,110880,6/29/2026,WHITE,0,0,F,INDEX,,F,T,0,0
6/29/2026,1:22:38 PM,SPXW,BLOCK,82,8.8,,CALL,7425,0,72160,6/29/2026,WHITE,0,0,F,INDEX,,F,T,0,0
6/29/2026,1:31:26 PM,SPXW,BLOCK,50,13,,CALL,7425,0,65000,6/29/2026,WHITE,0,0,F,INDEX,,F,T,0,0
6/29/2026,1:31:33 PM,SPXW,ML/,154,13.5,,CALL,7425,0,207900,6/29/2026,WHITE,0,0,F,INDEX,,F,T,0,0
6/29/2026,1:33:31 PM,SPXW,BLOCK,87,10.6,,CALL,7425,0,92220,6/29/2026,WHITE,0,0,F,INDEX,,F,T,0,0
6/29/2026,1:41:48 PM,SPXW,BLOCK,104,11.9,,CALL,7425,0,123760,6/29/2026,WHITE,0,0,F,INDEX,,F,T,0,0
6/29/2026,1:51:09 PM,SPXW,BLOCK,113,12.6,,CALL,7425,0,142380,6/29/2026,WHITE,0,0,F,INDEX,,F,T,0,0
6/29/2026,1:54:11 PM,SPXW,ML/,113,14.6,,CALL,7425,0,164980,6/29/2026,WHITE,0,0,F,INDEX,,F,T,0,0
6/29/2026,2:44:04 PM,SPXW,ML/,70,15.9,,CALL,7425,0,111300,6/29/2026,WHITE,0,0,F,INDEX,,F,T,0,0
6/29/2026,3:43:18 PM,SPXW,BLOCK,50,10.5,,CALL,7425,0,52500,6/29/2026,WHITE,0,0,F,INDEX,,F,T,0,0
6/29/2026,12:27:44 PM,SPXW,ML/,136,4.65,,CALL,7425,0,63240,6/29/2026,WHITE,0,0,F,INDEX,,F,T,0,0
6/29/2026,11:24:25 AM,SPXW,BLOCK,58,2.3,,CALL,7425,0,13339,6/29/2026,WHITE,0,0,F,INDEX,,F,T,0,0
6/29/2026,10:25:21 AM,SPXW,ML/,200,2.34,,CALL,7425,0,46800,6/29/2026,WHITE,0,0,F,INDEX,,F,T,0,0
6/29/2026,12:28:49 PM,SPXW,ML/,147,4.39,,CALL,7425,0,64532,6/29/2026,WHITE,0,0,F,INDEX,,F,T,0,0
6/29/2026,3:51:42 PM,SPXW,ML/,100,8.16,,CALL,7425,0,81600,6/29/2026,WHITE,0,0,F,INDEX,,F,T,0,0
6/29/2026,9:33:54 AM,SPXW,BLOCK,50,25,,CALL,7400,0,125000,6/29/2026,WHITE,0,0,F,INDEX,,F,T,0,0
6/29/2026,10:02:21 AM,SPXW,BLOCK,50,15,,CALL,7400,0,75000,6/29/2026,WHITE,0,0,F,INDEX,,F,T,0,0
6/29/2026,10:10:21 AM,SPXW,ML/,93,9.8,,CALL,7400,0,91140,6/29/2026,WHITE,0,0,F,INDEX,,F,T,0,0
6/29/2026,10:16:26 AM,SPXW,ML/,100,7.74,,CALL,7400,0,77400,6/29/2026,WHITE,0,0,F,INDEX,,F,T,0,0
6/29/2026,10:16:28 AM,SPXW,ML/,997,6.8,,CALL,7400,0,677960,6/29/2026,WHITE,0,0,F,INDEX,,F,T,0,0
6/29/2026,10:18:51 AM,SPXW,BLOCK,149,7.2,,CALL,7400,0,107280,6/29/2026,WHITE,0,0,F,INDEX,,F,T,0,0
6/29/2026,10:21:03 AM,SPXW,BLOCK,60,8,,CALL,7400,0,48000,6/29/2026,WHITE,0,0,F,INDEX,,F,T,0,0
6/29/2026,10:21:32 AM,SPXW,BLOCK,116,7.8,,CALL,7400,0,90480,6/29/2026,WHITE,0,0,F,INDEX,,F,T,0,0
6/29/2026,10:21:32 AM,SPXW,BLOCK,52,7.7,,CALL,7400,0,40040,6/29/2026,WHITE,0,0,F,INDEX,,F,T,0,0
6/29/2026,10:18:32 AM,SPXW,BLOCK,151,6.2,,CALL,7400,0,93620,6/29/2026,WHITE,0,0,F,INDEX,,F,T,0,0
6/29/2026,10:25:19 AM,SPXW,BLOCK,60,9,,CALL,7400,0,54000,6/29/2026,WHITE,0,0,F,INDEX,,F,T,0,0
6/29/2026,10:27:11 AM,SPXW,ML/,50,9.89,,CALL,7400,0,49450,6/29/2026,WHITE,0,0,F,INDEX,,F,T,0,0
6/29/2026,10:29:44 AM,SPXW,BLOCK,50,11.7,,CALL,7400,0,58500,6/29/2026,WHITE,0,0,F,INDEX,,F,T,0,0
6/29/2026,10:30:05 AM,SPXW,ML/,70,11.9,,CALL,7400,0,83300,6/29/2026,WHITE,0,0,F,INDEX,,F,T,0,0
6/29/2026,10:32:39 AM,SPXW,ML/,998,14.2,,CALL,7400,0,1417159,6/29/2026,WHITE,0,0,F,INDEX,,F,T,0,0
6/29/2026,10:33:47 AM,SPXW,ML/,103,17.73,,CALL,7400,0,182619,6/29/2026,WHITE,0,0,F,INDEX,,F,T,0,0
6/29/2026,10:35:41 AM,SPXW,ML/,200,7.2,,CALL,7400,0,144000,6/29/2026,WHITE,0,0,F,INDEX,,F,T,0,0
6/29/2026,10:37:37 AM,SPXW,BLOCK,53,15.1,,CALL,7400,0,80030,6/29/2026,WHITE,0,0,F,INDEX,,F,T,0,0
6/29/2026,10:36:00 AM,SPXW,ML/,300,7.2,,CALL,7400,0,216000,6/29/2026,WHITE,0,0,F,INDEX,,F,T,0,0
6/29/2026,10:42:55 AM,SPXW,BLOCK,83,17.7,,CALL,7400,0,146910,6/29/2026,WHITE,0,0,F,INDEX,,F,T,0,0
6/29/2026,10:42:55 AM,SPXW,BLOCK,52,17.6,,CALL,7400,0,91520,6/29/2026,WHITE,0,0,F,INDEX,,F,T,0,0
6/29/2026,10:43:18 AM,SPXW,BLOCK,118,18,,CALL,7400,0,212400,6/29/2026,WHITE,0,0,F,INDEX,,F,T,0,0
6/29/2026,10:45:16 AM,SPXW,BLOCK,103,13,,CALL,7400,0,133900,6/29/2026,WHITE,0,0,F,INDEX,,F,T,0,0
6/29/2026,10:45:16 AM,SPXW,BLOCK,84,13.1,,CALL,7400,0,110039,6/29/2026,WHITE,0,0,F,INDEX,,F,T,0,0
6/29/2026,10:46:51 AM,SPXW,BLOCK,61,12.2,,CALL,7400,0,74420,6/29/2026,WHITE,0,0,F,INDEX,,F,T,0,0
6/29/2026,10:46:51 AM,SPXW,BLOCK,71,12,,CALL,7400,0,85200,6/29/2026,WHITE,0,0,F,INDEX,,F,T,0,0
6/29/2026,10:46:51 AM,SPXW,BLOCK,118,12.1,,CALL,7400,0,142780,6/29/2026,WHITE,0,0,F,INDEX,,F,T,0,0
6/29/2026,10:47:59 AM,SPXW,BLOCK,80,11.2,,CALL,7400,0,89599,6/29/2026,WHITE,0,0,F,INDEX,,F,T,0,0
6/29/2026,10:47:59 AM,SPXW,BLOCK,57,11,,CALL,7400,0,62700,6/29/2026,WHITE,0,0,F,INDEX,,F,T,0,0
6/29/2026,10:47:59 AM,SPXW,BLOCK,113,11.1,,CALL,7400,0,125430,6/29/2026,WHITE,0,0,F,INDEX,,F,T,0,0
6/29/2026,10:49:24 AM,SPXW,BLOCK,159,12.9,,CALL,7400,0,205110,6/29/2026,WHITE,0,0,F,INDEX,,F,T,0,0
6/29/2026,10:50:33 AM,SPXW,ML/,133,16.8,,CALL,7400,0,223440,6/29/2026,WHITE,0,0,F,INDEX,,F,T,0,0
6/29/2026,10:50:33 AM,SPXW,BLOCK,102,16.8,,CALL,7400,0,171360,6/29/2026,WHITE,0,0,F,INDEX,,F,T,0,0
6/29/2026,10:50:39 AM,SPXW,BLOCK,58,16.6,,CALL,7400,0,96280,6/29/2026,WHITE,0,0,F,INDEX,,F,T,0,0
6/29/2026,10:54:01 AM,SPXW,BLOCK,121,20,,CALL,7400,0,242000,6/29/2026,WHITE,0,0,F,INDEX,,F,T,0,0
6/29/2026,10:56:25 AM,SPXW,BLOCK,81,17.1,,CALL,7400,0,138510,6/29/2026,WHITE,0,0,F,INDEX,,F,T,0,0
6/29/2026,10:57:28 AM,SPXW,BLOCK,58,16.2,,CALL,7400,0,93959,6/29/2026,WHITE,0,0,F,INDEX,,F,T,0,0
6/29/2026,10:57:28 AM,SPXW,BLOCK,80,16.1,,CALL,7400,0,128800,6/29/2026,WHITE,0,0,F,INDEX,,F,T,0,0
6/29/2026,10:57:28 AM,SPXW,BLOCK,112,16,,CALL,7400,0,179200,6/29/2026,WHITE,0,0,F,INDEX,,F,T,0,0
6/29/2026,11:00:53 AM,SPXW,BLOCK,155,17.8,,CALL,7400,0,275900,6/29/2026,WHITE,0,0,F,INDEX,,F,T,0,0
6/29/2026,11:02:23 AM,SPXW,BLOCK,71,14.9,,CALL,7400,0,105790,6/29/2026,WHITE,0,0,F,INDEX,,F,T,0,0
6/29/2026,11:03:26 AM,SPXW,BLOCK,105,16.2,,CALL,7400,0,170100,6/29/2026,WHITE,0,0,F,INDEX,,F,T,0,0
6/29/2026,11:03:26 AM,SPXW,BLOCK,66,16.1,,CALL,7400,0,106260,6/29/2026,WHITE,0,0,F,INDEX,,F,T,0,0
6/29/2026,11:03:27 AM,SPXW,BLOCK,79,16.2,,CALL,7400,0,127980,6/29/2026,WHITE,0,0,F,INDEX,,F,T,0,0
6/29/2026,11:02:23 AM,SPXW,BLOCK,96,14.8,,CALL,7400,0,142080,6/29/2026,WHITE,0,0,F,INDEX,,F,T,0,0
6/29/2026,11:08:48 AM,SPXW,BLOCK,50,14.5,,CALL,7400,0,72500,6/29/2026,WHITE,0,0,F,INDEX,,F,T,0,0
6/29/2026,11:09:16 AM,SPXW,BLOCK,93,13.2,,CALL,7400,0,122759,6/29/2026,WHITE,0,0,F,INDEX,,F,T,0,0
6/29/2026,11:09:16 AM,SPXW,BLOCK,142,13.1,,CALL,7400,0,186020,6/29/2026,WHITE,0,0,F,INDEX,,F,T,0,0
6/29/2026,11:09:36 AM,SPXW,BLOCK,174,13.9,,CALL,7400,0,241860,6/29/2026,WHITE,0,0,F,INDEX,,F,T,0,0
6/29/2026,11:09:37 AM,SPXW,BLOCK,77,13.9,,CALL,7400,0,107030,6/29/2026,WHITE,0,0,F,INDEX,,F,T,0,0
6/29/2026,11:10:29 AM,SPXW,BLOCK,57,12.9,,CALL,7400,0,73530,6/29/2026,WHITE,0,0,F,INDEX,,F,T,0,0
6/29/2026,10:49:24 AM,SPXW,BLOCK,249,12.7,,CALL,7400,0,316230,6/29/2026,WHITE,0,0,F,INDEX,,F,T,0,0
6/29/2026,11:11:09 AM,SPXW,BLOCK,93,13,,CALL,7400,0,120900,6/29/2026,WHITE,0,0,F,INDEX,,F,T,0,0
6/29/2026,11:11:09 AM,SPXW,SWEEP,104,12.9,,CALL,7400,0,134160,6/29/2026,WHITE,0,0,F,INDEX,,F,T,0,0
6/29/2026,11:11:24 AM,SPXW,BLOCK,102,12.9,,CALL,7400,0,131580,6/29/2026,WHITE,0,0,F,INDEX,,F,T,0,0
6/29/2026,11:12:04 AM,SPXW,BLOCK,90,11.5,,CALL,7400,0,103500,6/29/2026,WHITE,0,0,F,INDEX,,F,T,0,0
6/29/2026,11:12:04 AM,SPXW,ML/,144,11.4,,CALL,7400,0,164160,6/29/2026,WHITE,0,0,F,INDEX,,F,T,0,0
6/29/2026,10:28:58 AM,SPXW,ML/,90,10.87,,CALL,7400,0,97830,6/29/2026,WHITE,0,0,F,INDEX,,F,T,0,0
6/29/2026,11:13:18 AM,SPXW,BLOCK,148,12,,CALL,7400,0,177600,6/29/2026,WHITE,0,0,F,INDEX,,F,T,0,0
6/29/2026,11:13:00 AM,SPXW,BLOCK,102,11.4,,CALL,7400,0,116280,6/29/2026,WHITE,0,0,F,INDEX,,F,T,0,0
6/29/2026,11:23:43 AM,SPXW,BLOCK,50,11.5,,CALL,7400,0,57500,6/29/2026,WHITE,0,0,F,INDEX,,F,T,0,0
6/29/2026,11:12:59 AM,SPXW,BLOCK,54,11.3,,CALL,7400,0,61020,6/29/2026,WHITE,0,0,F,INDEX,,F,T,0,0
6/29/2026,11:23:52 AM,SPXW,BLOCK,98,10.9,,CALL,7400,0,106820,6/29/2026,WHITE,0,0,F,INDEX,,F,T,0,0
6/29/2026,11:23:52 AM,SPXW,BLOCK,70,11.1,,CALL,7400,0,77700,6/29/2026,WHITE,0,0,F,INDEX,,F,T,0,0
6/29/2026,11:23:52 AM,SPXW,BLOCK,82,11,,CALL,7400,0,90200,6/29/2026,WHITE,0,0,F,INDEX,,F,T,0,0
6/29/2026,11:24:20 AM,SPXW,BLOCK,100,11.1,,CALL,7400,0,111000,6/29/2026,WHITE,0,0,F,INDEX,,F,T,0,0
6/29/2026,11:24:54 AM,SPXW,ML/,90,11.55,,CALL,7400,0,103950,6/29/2026,WHITE,0,0,F,INDEX,,F,T,0,0
6/29/2026,11:27:42 AM,SPXW,BLOCK,53,14.1,,CALL,7400,0,74730,6/29/2026,WHITE,0,0,F,INDEX,,F,T,0,0
6/29/2026,11:00:53 AM,SPXW,SWEEP,75,17.7,,CALL,7400,0,132750,6/29/2026,WHITE,0,0,F,INDEX,,F,T,0,0
6/29/2026,11:44:36 AM,SPXW,BLOCK,82,18.6,,CALL,7400,0,152520,6/29/2026,WHITE,0,0,F,INDEX,,F,T,0,0
6/29/2026,11:47:49 AM,SPXW,ML/,50,17.55,,CALL,7400,0,87750,6/29/2026,WHITE,0,0,F,INDEX,,F,T,0,0
6/29/2026,11:49:05 AM,SPXW,BLOCK,64,16.6,,CALL,7400,0,106240,6/29/2026,WHITE,0,0,F,INDEX,,F,T,0,0
6/29/2026,11:52:25 AM,SPXW,BLOCK,50,16,,CALL,7400,0,80000,6/29/2026,WHITE,0,0,F,INDEX,,F,T,0,0
6/29/2026,11:51:54 AM,SPXW,BLOCK,63,17.1,,CALL,7400,0,107730,6/29/2026,WHITE,0,0,F,INDEX,,F,T,0,0
6/29/2026,10:38:09 AM,SPXW,ML/,84,16.67,,CALL,7400,0,140028,6/29/2026,WHITE,0,0,F,INDEX,,F,T,0,0
6/29/2026,11:59:07 AM,SPXW,BLOCK,50,18.6,,CALL,7400,0,93000,6/29/2026,WHITE,0,0,F,INDEX,,F,T,0,0
6/29/2026,12:32:43 PM,SPXW,ML/,125,16.8,,CALL,7400,0,210000,6/29/2026,WHITE,0,0,F,INDEX,,F,T,0,0
6/29/2026,12:31:50 PM,SPXW,ML/,188,17.8,,CALL,7400,0,334640,6/29/2026,WHITE,0,0,F,INDEX,,F,T,0,0
6/29/2026,12:28:49 PM,SPXW,ML/,53,18.74,,CALL,7400,0,99321,6/29/2026,WHITE,0,0,F,INDEX,,F,T,0,0
6/29/2026,12:46:25 PM,SPXW,BLOCK,78,17.5,,CALL,7400,0,136500,6/29/2026,WHITE,0,0,F,INDEX,,F,T,0,0
6/29/2026,12:46:23 PM,SPXW,ML/,200,18.4,,CALL,7400,0,367999,6/29/2026,WHITE,0,0,F,INDEX,,F,T,0,0
6/29/2026,1:10:15 PM,SPXW,BLOCK,213,25,,CALL,7400,0,532500,6/29/2026,WHITE,0,0,F,INDEX,,F,T,0,0
6/29/2026,9:49:05 AM,SPXW,ML/,89,30.14,,CALL,7400,0,268246,6/29/2026,WHITE,0,0,F,INDEX,,F,T,0,0
6/29/2026,1:32:44 PM,SPXW,BLOCK,50,33.4,,CALL,7400,0,167000,6/29/2026,WHITE,0,0,F,INDEX,,F,T,0,0
6/29/2026,1:00:25 PM,SPXW,ML/,102,20.9,,CALL,7400,0,213179,6/29/2026,WHITE,0,0,F,INDEX,,F,T,0,0
6/29/2026,10:37:42 AM,SPXW,ML/,100,15.35,,CALL,7400,0,153500,6/29/2026,WHITE,0,0,F,INDEX,,F,T,0,0
6/29/2026,10:25:10 AM,SPXW,BLOCK,53,8.5,,CALL,7400,0,45050,6/29/2026,WHITE,0,0,F,INDEX,,F,T,0,0
6/29/2026,10:41:13 AM,SPXW,ML/,150,7.2,,CALL,7400,0,108000,6/29/2026,WHITE,0,0,F,INDEX,,F,T,0,0
6/29/2026,10:24:41 AM,SPXW,BLOCK,50,7,,CALL,7400,0,35000,6/29/2026,WHITE,0,0,F,INDEX,,F,T,0,0
6/29/2026,10:16:27 AM,SPXW,ML/,65,7.74,,CALL,7400,0,50310,6/29/2026,WHITE,0,0,F,INDEX,,F,T,0,0
6/29/2026,10:18:29 AM,SPXW,ML/,200,6.73,,CALL,7400,0,134600,6/29/2026,WHITE,0,0,F,INDEX,,F,T,0,0
6/29/2026,10:19:05 AM,SPXW,ML/,70,6.99,,CALL,7400,0,48930,6/29/2026,WHITE,0,0,F,INDEX,,F,T,0,0
6/29/2026,12:34:08 PM,SPXW,ML/,200,16.48,,CALL,7400,0,329600,6/29/2026,WHITE,0,0,F,INDEX,,F,T,0,0
6/29/2026,12:27:44 PM,SPXW,ML/,117,19.24,,CALL,7400,0,225108,6/29/2026,WHITE,0,0,F,INDEX,,F,T,0,0
6/29/2026,12:28:49 PM,SPXW,ML/,147,18.75,,CALL,7400,0,275625,6/29/2026,WHITE,0,0,F,INDEX,,F,T,0,0
6/29/2026,12:30:32 PM,SPXW,ML/,179,18.94,,CALL,7400,0,339026,6/29/2026,WHITE,0,0,F,INDEX,,F,T,0,0
6/29/2026,12:24:30 PM,SPXW,ML/,158,20.74,,CALL,7400,0,327691,6/29/2026,WHITE,0,0,F,INDEX,,F,T,0,0
6/29/2026,12:21:56 PM,SPXW,ML/,198,19.36,,CALL,7400,0,383328,6/29/2026,WHITE,0,0,F,INDEX,,F,T,0,0
6/29/2026,12:54:18 PM,SPXW,ML/,52,21.26,,CALL,7400,0,110552,6/29/2026,WHITE,0,0,F,INDEX,,F,T,0,0
6/29/2026,1:34:57 PM,SPXW,ML/,50,32.64,,CALL,7400,0,163200,6/29/2026,WHITE,0,0,F,INDEX,,F,T,0,0
6/29/2026,9:30:39 AM,SPXW,BLOCK,51,9.9,,PUT,7350,0,50490,6/29/2026,WHITE,0,0,F,INDEX,,F,T,0,0
6/29/2026,9:30:48 AM,SPXW,BLOCK,101,8.5,,PUT,7350,0,85850,6/29/2026,WHITE,0,0,F,INDEX,,F,T,0,0
6/29/2026,9:35:54 AM,SPXW,SWEEP,57,4.3,,PUT,7350,0,24510,6/29/2026,WHITE,0,0,F,INDEX,,F,T,0,0
6/29/2026,9:36:45 AM,SPXW,BLOCK,60,5.5,,PUT,7350,0,33000,6/29/2026,WHITE,0,0,F,INDEX,,F,T,0,0
6/29/2026,9:36:45 AM,SPXW,BLOCK,80,5.5,,PUT,7350,0,44000,6/29/2026,WHITE,0,0,F,INDEX,,F,T,0,0
6/29/2026,9:35:54 AM,SPXW,SWEEP,62,4.2,,PUT,7350,0,26039,6/29/2026,WHITE,0,0,F,INDEX,,F,T,0,0
6/29/2026,9:44:30 AM,SPXW,BLOCK,100,2.75,,PUT,7350,0,27500,6/29/2026,WHITE,0,0,F,INDEX,,F,T,0,0
6/29/2026,9:50:02 AM,SPXW,ML/,63,3.2,,PUT,7350,0,20160,6/29/2026,WHITE,0,0,F,INDEX,,F,T,0,0
6/29/2026,9:52:45 AM,SPXW,ML/,103,2.42,,PUT,7350,0,24926,6/29/2026,WHITE,0,0,F,INDEX,,F,T,0,0
6/29/2026,9:54:59 AM,SPXW,BLOCK,64,2.85,,PUT,7350,0,18240,6/29/2026,WHITE,0,0,F,INDEX,,F,T,0,0
6/29/2026,9:54:59 AM,SPXW,BLOCK,86,2.85,,PUT,7350,0,24510,6/29/2026,WHITE,0,0,F,INDEX,,F,T,0,0
6/29/2026,9:55:22 AM,SPXW,ML/,61,3.5,,PUT,7350,0,21350,6/29/2026,WHITE,0,0,F,INDEX,,F,T,0,0
6/29/2026,9:57:27 AM,SPXW,BLOCK,50,6.3,,PUT,7350,0,31500,6/29/2026,WHITE,0,0,F,INDEX,,F,T,0,0
6/29/2026,9:58:31 AM,SPXW,BLOCK,50,5.4,,PUT,7350,0,27000,6/29/2026,WHITE,0,0,F,INDEX,,F,T,0,0
6/29/2026,9:59:06 AM,SPXW,ML/,104,6,,PUT,7350,0,62400,6/29/2026,WHITE,0,0,F,INDEX,,F,T,0,0
6/29/2026,10:00:18 AM,SPXW,ML/,122,7.1,,PUT,7350,0,86620,6/29/2026,WHITE,0,0,F,INDEX,,F,T,0,0
6/29/2026,9:30:03 AM,SPXW,ML/,50,7.66,,PUT,7350,0,38300,6/29/2026,WHITE,0,0,F,INDEX,,F,T,0,0
6/29/2026,10:05:15 AM,SPXW,ML/,63,8.3,,PUT,7350,0,52290,6/29/2026,WHITE,0,0,F,INDEX,,F,T,0,0
6/29/2026,10:07:06 AM,SPXW,BLOCK,51,9,,PUT,7350,0,45900,6/29/2026,WHITE,0,0,F,INDEX,,F,T,0,0
6/29/2026,10:27:57 AM,SPXW,BLOCK,50,8.8,,PUT,7350,0,44000,6/29/2026,WHITE,0,0,F,INDEX,,F,T,0,0
6/29/2026,10:28:25 AM,SPXW,BLOCK,50,8,,PUT,7350,0,40000,6/29/2026,WHITE,0,0,F,INDEX,,F,T,0,0
6/29/2026,10:02:20 AM,SPXW,ML/,60,7.17,,PUT,7350,0,43020,6/29/2026,WHITE,0,0,F,INDEX,,F,T,0,0
6/29/2026,10:32:20 AM,SPXW,BLOCK,50,5.4,,PUT,7350,0,27000,6/29/2026,WHITE,0,0,F,INDEX,,F,T,0,0
6/29/2026,10:34:19 AM,SPXW,BLOCK,52,4,,PUT,7350,0,20800,6/29/2026,WHITE,0,0,F,INDEX,,F,T,0,0
6/29/2026,10:36:34 AM,SPXW,BLOCK,80,4,,PUT,7350,0,32000,6/29/2026,WHITE,0,0,F,INDEX,,F,T,0,0
6/29/2026,10:36:34 AM,SPXW,BLOCK,58,4,,PUT,7350,0,23200,6/29/2026,WHITE,0,0,F,INDEX,,F,T,0,0
6/29/2026,10:45:03 AM,SPXW,BLOCK,58,4.7,,PUT,7350,0,27260,6/29/2026,WHITE,0,0,F,INDEX,,F,T,0,0
6/29/2026,10:47:19 AM,SPXW,BLOCK,50,5.4,,PUT,7350,0,27000,6/29/2026,WHITE,0,0,F,INDEX,,F,T,0,0
6/29/2026,10:50:30 AM,SPXW,BLOCK,51,3.5,,PUT,7350,0,17850,6/29/2026,WHITE,0,0,F,INDEX,,F,T,0,0
6/29/2026,10:51:25 AM,SPXW,BLOCK,54,3.5,,PUT,7350,0,18900,6/29/2026,WHITE,0,0,F,INDEX,,F,T,0,0
6/29/2026,10:54:12 AM,SPXW,BLOCK,100,2.65,,PUT,7350,0,26500,6/29/2026,WHITE,0,0,F,INDEX,,F,T,0,0
6/29/2026,10:56:27 AM,SPXW,BLOCK,100,3,,PUT,7350,0,30000,6/29/2026,WHITE,0,0,F,INDEX,,F,T,0,0
6/29/2026,10:56:33 AM,SPXW,ML/,132,3.17,,PUT,7350,0,41843,6/29/2026,WHITE,0,0,F,INDEX,,F,T,0,0
6/29/2026,10:59:54 AM,SPXW,ML/,191,2.47,,PUT,7350,0,47177,6/29/2026,WHITE,0,0,F,INDEX,,F,T,0,0
6/29/2026,11:05:01 AM,SPXW,BLOCK,154,2.7,,PUT,7350,0,41580,6/29/2026,WHITE,0,0,F,INDEX,,F,T,0,0
6/29/2026,11:03:00 AM,SPXW,ML/,175,2.82,,PUT,7350,0,49350,6/29/2026,WHITE,0,0,F,INDEX,,F,T,0,0
6/29/2026,11:10:18 AM,SPXW,BLOCK,100,2.7,,PUT,7350,0,27000,6/29/2026,WHITE,0,0,F,INDEX,,F,T,0,0
6/29/2026,11:10:50 AM,SPXW,BLOCK,85,2.85,,PUT,7350,0,24225,6/29/2026,WHITE,0,0,F,INDEX,,F,T,0,0
6/29/2026,10:56:33 AM,SPXW,ML/,118,3.15,,PUT,7350,0,37170,6/29/2026,WHITE,0,0,F,INDEX,,F,T,0,0
6/29/2026,11:12:55 AM,SPXW,BLOCK,51,3,,PUT,7350,0,15300,6/29/2026,WHITE,0,0,F,INDEX,,F,T,0,0
6/29/2026,11:13:14 AM,SPXW,BLOCK,66,2.8,,PUT,7350,0,18480,6/29/2026,WHITE,0,0,F,INDEX,,F,T,0,0
6/29/2026,11:15:29 AM,SPXW,ML/,121,2,,PUT,7350,0,24200,6/29/2026,WHITE,0,0,F,INDEX,,F,T,0,0
6/29/2026,11:22:33 AM,SPXW,ML/,50,2.5,,PUT,7350,0,12500,6/29/2026,WHITE,0,0,F,INDEX,,F,T,0,0
6/29/2026,11:23:54 AM,SPXW,BLOCK,83,2.8,,PUT,7350,0,23240,6/29/2026,WHITE,0,0,F,INDEX,,F,T,0,0
6/29/2026,11:29:17 AM,SPXW,BLOCK,97,2,,PUT,7350,0,19400,6/29/2026,WHITE,0,0,F,INDEX,,F,T,0,0
6/29/2026,11:29:42 AM,SPXW,ML/,64,1.77,,PUT,7350,0,11328,6/29/2026,WHITE,0,0,F,INDEX,,F,T,0,0
6/29/2026,11:44:29 AM,SPXW,BLOCK,114,1.2,,PUT,7350,0,13679,6/29/2026,WHITE,0,0,F,INDEX,,F,T,0,0
6/29/2026,11:45:09 AM,SPXW,BLOCK,100,1.1,,PUT,7350,0,11000,6/29/2026,WHITE,0,0,F,INDEX,,F,T,0,0
6/29/2026,12:05:41 PM,SPXW,BLOCK,138,0.95,,PUT,7350,0,13110,6/29/2026,WHITE,0,0,F,INDEX,,F,T,0,0
6/29/2026,12:23:28 PM,SPXW,BLOCK,100,1,,PUT,7350,0,10000,6/29/2026,WHITE,0,0,F,INDEX,,F,T,0,0
6/29/2026,12:32:47 PM,SPXW,BLOCK,100,1.1,,PUT,7350,0,11000,6/29/2026,WHITE,0,0,F,INDEX,,F,T,0,0
6/29/2026,1:09:43 PM,SPXW,ML/,183,0.55,,PUT,7350,0,10065,6/29/2026,WHITE,0,0,F,INDEX,,F,T,0,0
6/29/2026,10:28:04 AM,SPXW,BLOCK,50,8.6,,PUT,7350,0,42999,6/29/2026,WHITE,0,0,F,INDEX,,F,T,0,0
6/29/2026,10:27:20 AM,SPXW,ML/,50,9.23,,PUT,7350,0,46150,6/29/2026,WHITE,0,0,F,INDEX,,F,T,0,0
6/29/2026,10:25:10 AM,SPXW,ML/,51,10.85,,PUT,7350,0,55335,6/29/2026,WHITE,0,0,F,INDEX,,F,T,0,0
6/29/2026,10:09:08 AM,SPXW,ML/,50,9.96,,PUT,7350,0,49800,6/29/2026,WHITE,0,0,F,INDEX,,F,T,0,0
6/29/2026,10:21:32 AM,SPXW,ML/,60,14.17,,PUT,7350,0,85020,6/29/2026,WHITE,0,0,F,INDEX,,F,T,0,0
6/29/2026,10:13:19 AM,SPXW,ML/,58,16.77,,PUT,7350,0,97266,6/29/2026,WHITE,0,0,F,INDEX,,F,T,0,0
6/29/2026,10:15:24 AM,SPXW,ML/,73,22.2,,PUT,7350,0,162060,6/29/2026,WHITE,0,0,F,INDEX,,F,T,0,0
6/29/2026,10:25:21 AM,SPXW,ML/,200,13.34,,PUT,7350,0,266800,6/29/2026,WHITE,0,0,F,INDEX,,F,T,0,0
6/29/2026,11:43:04 AM,SPXW,ML/,114,61,,CALL,7350,0,695400,6/29/2026,WHITE,0,0,F,INDEX,,F,T,0,0
6/29/2026,11:43:16 AM,SPXW,ML/,115,61,,CALL,7350,0,701500,6/29/2026,WHITE,0,0,F,INDEX,,F,T,0,0
6/29/2026,10:15:44 AM,SPXW,ML/,50,26.94,,CALL,7350,0,134700,6/29/2026,WHITE,0,0,F,INDEX,,F,T,0,0
6/29/2026,2:45:54 PM,SPXW,ML/,50,90.6,,CALL,7350,0,453000,6/29/2026,WHITE,0,0,F,INDEX,,F,T,0,0
6/29/2026,3:02:54 PM,SPXW,ML/,80,85.18,,CALL,7350,0,681440,6/29/2026,WHITE,0,0,F,INDEX,,F,T,0,0
6/29/2026,3:23:35 PM,SPXW,ML/,100,89.01,,CALL,7350,0,890100,6/29/2026,WHITE,0,0,F,INDEX,,F,T,0,0
6/29/2026,3:56:47 PM,SPXW,ML/,2350,18.2,,PUT,7225,0,4277000,7/10/2026,WHITE,0,11,F,INDEX,,F,T,0,0
6/29/2026,9:34:15 AM,VIXW,BLOCK,329,0.39,,PUT,18,0,12831,7/1/2026,WHITE,0,2,F,INDEX,,F,T,0,0
6/29/2026,11:43:39 AM,VIXW,BLOCK,327,0.45,,PUT,18,0,14715,7/1/2026,WHITE,0,2,F,INDEX,,F,T,0,0
6/29/2026,12:29:02 PM,VIXW,BLOCK,1000,0.46,,PUT,18,0,46000,7/1/2026,WHITE,0,2,F,INDEX,,F,T,0,0
6/29/2026,10:40:47 AM,SPXW,ML/,150,18.85,,PUT,7000,0,282750,7/17/2026,WHITE,0,18,F,INDEX,,F,F,0,0
6/29/2026,2:31:35 PM,SPXW,ML/,100,13.7,,PUT,7000,0,137000,7/17/2026,WHITE,0,18,F,INDEX,,F,F,0,0
6/29/2026,9:35:09 AM,SPXW,BLOCK,98,1.3,,PUT,7300,0,12740,6/29/2026,WHITE,0,0,F,INDEX,,F,T,0,0
6/29/2026,9:57:15 AM,SPXW,ML/,55,2,,PUT,7300,0,11000,6/29/2026,WHITE,0,0,F,INDEX,,F,T,0,0
6/29/2026,9:57:18 AM,SPXW,ML/,53,2.2,,PUT,7300,0,11660,6/29/2026,WHITE,0,0,F,INDEX,,F,T,0,0
6/29/2026,10:00:38 AM,SPXW,ML/,256,2.5,,PUT,7300,0,64000,6/29/2026,WHITE,0,0,F,INDEX,,F,T,0,0
6/29/2026,9:30:03 AM,SPXW,ML/,50,2.56,,PUT,7300,0,12800,6/29/2026,WHITE,0,0,F,INDEX,,F,T,0,0
6/29/2026,10:03:42 AM,SPXW,ML/,60,1.97,,PUT,7300,0,11819,6/29/2026,WHITE,0,0,F,INDEX,,F,T,0,0
6/29/2026,10:05:24 AM,SPXW,BLOCK,247,2.35,,PUT,7300,0,58045,6/29/2026,WHITE,0,0,F,INDEX,,F,T,0,0
6/29/2026,10:07:59 AM,SPXW,BLOCK,109,3.3,,PUT,7300,0,35970,6/29/2026,WHITE,0,0,F,INDEX,,F,T,0,0
6/29/2026,10:09:30 AM,SPXW,BLOCK,100,3.1,,PUT,7300,0,31000,6/29/2026,WHITE,0,0,F,INDEX,,F,T,0,0
6/29/2026,10:09:58 AM,SPXW,BLOCK,89,2.85,,PUT,7300,0,25365,6/29/2026,WHITE,0,0,F,INDEX,,F,T,0,0
6/29/2026,10:13:00 AM,SPXW,BLOCK,57,5.2,,PUT,7300,0,29640,6/29/2026,WHITE,0,0,F,INDEX,,F,T,0,0
6/29/2026,10:13:19 AM,SPXW,ML/,58,5.67,,PUT,7300,0,32886,6/29/2026,WHITE,0,0,F,INDEX,,F,T,0,0
6/29/2026,10:13:42 AM,SPXW,BLOCK,50,5.5,,PUT,7300,0,27500,6/29/2026,WHITE,0,0,F,INDEX,,F,T,0,0
6/29/2026,10:15:09 AM,SPXW,BLOCK,70,7.7,,PUT,7300,0,53900,6/29/2026,WHITE,0,0,F,INDEX,,F,T,0,0
6/29/2026,10:16:41 AM,SPXW,BLOCK,146,5.5,,PUT,7300,0,80300,6/29/2026,WHITE,0,0,F,INDEX,,F,T,0,0
6/29/2026,10:22:24 AM,SPXW,BLOCK,61,3.6,,PUT,7300,0,21960,6/29/2026,WHITE,0,0,F,INDEX,,F,T,0,0
6/29/2026,10:12:02 AM,SPXW,BLOCK,57,3.4,,PUT,7300,0,19380,6/29/2026,WHITE,0,0,F,INDEX,,F,T,0,0
6/29/2026,10:22:36 AM,SPXW,BLOCK,83,3.3,,PUT,7300,0,27389,6/29/2026,WHITE,0,0,F,INDEX,,F,T,0,0
6/29/2026,10:22:36 AM,SPXW,BLOCK,167,3.2,,PUT,7300,0,53440,6/29/2026,WHITE,0,0,F,INDEX,,F,T,0,0
6/29/2026,9:30:32 AM,SPXW,ML/,160,3.55,,PUT,7300,0,56800,6/29/2026,WHITE,0,0,F,INDEX,,F,T,0,0
6/29/2026,10:20:32 AM,SPXW,ML/,167,5.12,,PUT,7300,0,85504,6/29/2026,WHITE,0,0,F,INDEX,,F,T,0,0
6/29/2026,10:07:01 AM,SPXW,ML/,50,2.63,,PUT,7300,0,13150,6/29/2026,WHITE,0,0,F,INDEX,,F,T,0,0
6/29/2026,10:32:04 AM,SPXW,BLOCK,117,1.4,,PUT,7300,0,16379,6/29/2026,WHITE,0,0,F,INDEX,,F,T,0,0
6/29/2026,10:34:29 AM,SPXW,ML/,100,1.17,,PUT,7300,0,11700,6/29/2026,WHITE,0,0,F,INDEX,,F,T,0,0
6/29/2026,10:39:21 AM,SPXW,BLOCK,500,1.15,,PUT,7300,0,57500,6/29/2026,WHITE,0,0,F,INDEX,,F,T,0,0
6/29/2026,10:46:29 AM,SPXW,BLOCK,313,1.4,,PUT,7300,0,43819,6/29/2026,WHITE,0,0,F,INDEX,,F,T,0,0
6/29/2026,10:47:53 AM,SPXW,BLOCK,114,1.5,,PUT,7300,0,17100,6/29/2026,WHITE,0,0,F,INDEX,,F,T,0,0
6/29/2026,10:48:01 AM,SPXW,BLOCK,94,1.55,,PUT,7300,0,14570,6/29/2026,WHITE,0,0,F,INDEX,,F,T,0,0
6/29/2026,10:48:47 AM,SPXW,BLOCK,98,1.45,,PUT,7300,0,14210,6/29/2026,WHITE,0,0,F,INDEX,,F,T,0,0
6/29/2026,10:57:38 AM,SPXW,ML/,269,0.82,,PUT,7300,0,22058,6/29/2026,WHITE,0,0,F,INDEX,,F,T,0,0
6/29/2026,11:18:09 AM,SPXW,BLOCK,250,0.7,,PUT,7300,0,17499,6/29/2026,WHITE,0,0,F,INDEX,,F,T,0,0
6/29/2026,11:19:45 AM,SPXW,BLOCK,224,0.75,,PUT,7300,0,16800,6/29/2026,WHITE,0,0,F,INDEX,,F,T,0,0
6/29/2026,11:21:00 AM,SPXW,ML/,400,0.72,,PUT,7300,0,28800,6/29/2026,WHITE,0,0,F,INDEX,,F,T,0,0
6/29/2026,11:29:40 AM,SPXW,BLOCK,201,0.5,,PUT,7300,0,10050,6/29/2026,WHITE,0,0,F,INDEX,,F,T,0,0
6/29/2026,11:39:41 AM,SPXW,ML/,200,0.5,,PUT,7300,0,10000,6/29/2026,WHITE,0,0,F,INDEX,,F,T,0,0
6/29/2026,11:44:58 AM,SPXW,BLOCK,399,0.35,,PUT,7300,0,13965,6/29/2026,WHITE,0,0,F,INDEX,,F,T,0,0
6/29/2026,11:44:59 AM,SPXW,ML/,601,0.35,,PUT,7300,0,21035,6/29/2026,WHITE,0,0,F,INDEX,,F,T,0,0
6/29/2026,10:28:53 AM,SPXW,BLOCK,51,2.1,,PUT,7300,0,10710,6/29/2026,WHITE,0,0,F,INDEX,,F,T,0,0
6/29/2026,10:22:04 AM,SPXW,ML/,500,4.27,,PUT,7300,0,213499,6/29/2026,WHITE,0,0,F,INDEX,,F,T,0,0
6/29/2026,10:18:16 AM,SPXW,ML/,95,6.95,,PUT,7300,0,66025,6/29/2026,WHITE,0,0,F,INDEX,,F,T,0,0
6/29/2026,10:20:05 AM,SPXW,ML/,100,5.57,,PUT,7300,0,55700,6/29/2026,WHITE,0,0,F,INDEX,,F,T,0,0
6/29/2026,10:45:59 AM,SPXW,ML/,100,1.28,,PUT,7300,0,12800,6/29/2026,WHITE,0,0,F,INDEX,,F,T,0,0
6/29/2026,11:28:46 AM,SPXW,BLOCK,250,0.65,,PUT,7300,0,16250,6/29/2026,WHITE,0,0,F,INDEX,,F,T,0,0
6/29/2026,10:06:27 AM,SPXW,ML/,80,3.6,,PUT,7100,0,28800,7/2/2026,WHITE,0,3,F,INDEX,,F,T,0,0
6/29/2026,10:19:35 AM,SPXW,BLOCK,69,5.6,,PUT,7100,0,38640,7/2/2026,WHITE,0,3,F,INDEX,,F,T,0,0
6/29/2026,1:16:11 PM,SPXW,ML/,251,1.86,,PUT,7100,0,46686,7/2/2026,WHITE,0,3,F,INDEX,,F,T,0,0
6/29/2026,10:28:31 AM,SPXW,ML/,129,3.59,,PUT,7100,0,46311,7/2/2026,WHITE,0,3,F,INDEX,,F,T,0,0
6/29/2026,10:00:51 AM,SPXW,ML/,79,5.55,,PUT,7150,0,43845,7/2/2026,WHITE,0,3,F,INDEX,,F,T,0,0
6/29/2026,1:52:00 PM,SPXW,ML/,300,2.25,,PUT,7150,0,67500,7/2/2026,WHITE,0,3,F,INDEX,,F,T,0,0
6/29/2026,9:51:52 AM,SPXW,ML/,50,3.27,,PUT,7150,0,16350,7/2/2026,WHITE,0,3,F,INDEX,,F,T,0,0
6/29/2026,9:52:43 AM,SPXW,ML/,80,3.28,,PUT,7150,0,26239,7/2/2026,WHITE,0,3,F,INDEX,,F,T,0,0
6/29/2026,12:01:33 PM,SPXW,ML/,64,2.99,,PUT,7150,0,19136,7/2/2026,WHITE,0,3,F,INDEX,,F,T,0,0
6/29/2026,12:01:34 PM,SPXW,ML/,54,2.93,,PUT,7150,0,15822,7/2/2026,WHITE,0,3,F,INDEX,,F,T,0,0
6/29/2026,1:20:43 PM,SPXW,ML/,200,2.73,,PUT,7150,0,54600,7/2/2026,WHITE,0,3,F,INDEX,,F,T,0,0
6/29/2026,9:55:03 AM,SPXW,ML/,106,34.65,,CALL,7450,0,367289,7/2/2026,WHITE,0,3,F,INDEX,,F,T,0,0
6/29/2026,10:15:54 AM,SPXW,ML/,114,19.9,,CALL,7450,0,226860,7/2/2026,WHITE,0,3,F,INDEX,,F,T,0,0
6/29/2026,10:05:16 AM,SPXW,BLOCK,50,36,,PUT,7350,0,180000,7/2/2026,WHITE,0,3,F,INDEX,,F,T,0,0
6/29/2026,12:00:36 PM,SPXW,BLOCK,194,22.2,,PUT,7350,0,430680,7/2/2026,WHITE,0,3,F,INDEX,,F,T,0,0
6/29/2026,12:01:32 PM,SPXW,BLOCK,91,21.6,,PUT,7350,0,196560,7/2/2026,WHITE,0,3,F,INDEX,,F,T,0,0
6/29/2026,12:01:33 PM,SPXW,BLOCK,51,21.4,,PUT,7350,0,109139,7/2/2026,WHITE,0,3,F,INDEX,,F,T,0,0
6/29/2026,12:01:33 PM,SPXW,BLOCK,55,21.3,,PUT,7350,0,117150,7/2/2026,WHITE,0,3,F,INDEX,,F,T,0,0
6/29/2026,12:01:33 PM,SPXW,BLOCK,77,21.3,,PUT,7350,0,164010,7/2/2026,WHITE,0,3,F,INDEX,,F,T,0,0
6/29/2026,12:01:33 PM,SPXW,BLOCK,68,21.2,,PUT,7350,0,144160,7/2/2026,WHITE,0,3,F,INDEX,,F,T,0,0
6/29/2026,12:42:50 PM,SPXW,BLOCK,390,22.4,,PUT,7350,0,873600,7/2/2026,WHITE,0,3,F,INDEX,,F,T,0,0
6/29/2026,12:44:23 PM,SPXW,BLOCK,60,22.1,,PUT,7350,0,132600,7/2/2026,WHITE,0,3,F,INDEX,,F,T,0,0
6/29/2026,12:44:23 PM,SPXW,BLOCK,52,22,,PUT,7350,0,114400,7/2/2026,WHITE,0,3,F,INDEX,,F,T,0,0
6/29/2026,12:44:23 PM,SPXW,BLOCK,51,22.2,,PUT,7350,0,113220,7/2/2026,WHITE,0,3,F,INDEX,,F,T,0,0
6/29/2026,12:44:24 PM,SPXW,BLOCK,59,22.3,,PUT,7350,0,131570,7/2/2026,WHITE,0,3,F,INDEX,,F,T,0,0
6/29/2026,12:01:33 PM,SPXW,BLOCK,62,20.7,,PUT,7350,0,128339,7/2/2026,WHITE,0,3,F,INDEX,,F,T,0,0
6/29/2026,12:00:18 PM,SPXW,BLOCK,52,22.7,,PUT,7350,0,118039,7/2/2026,WHITE,0,3,F,INDEX,,F,T,0,0
6/29/2026,10:07:21 AM,SPXW,BLOCK,57,37.4,,PUT,7350,0,213179,7/2/2026,WHITE,0,3,F,INDEX,,F,T,0,0
6/29/2026,11:16:33 AM,SPXW,ML/,100,28.8,,PUT,7350,0,288000,7/2/2026,WHITE,0,3,F,INDEX,,F,T,0,0
6/29/2026,12:00:18 PM,SPXW,ML/,339,22.5,,PUT,7350,0,762750,7/2/2026,WHITE,0,3,F,INDEX,,F,T,0,0
6/29/2026,2:28:28 PM,SPXW,ML/,360,16.62,,PUT,7350,0,598320,7/2/2026,WHITE,0,3,F,INDEX,,F,T,0,0
6/29/2026,3:04:55 PM,SPXW,SWEEP,130,1.4,,PUT,7000,0,18200,7/6/2026,WHITE,0,7,F,INDEX,,F,T,0,0
6/29/2026,3:05:27 PM,SPXW,BLOCK,300,1.4,,PUT,7000,0,42000,7/6/2026,WHITE,0,7,F,INDEX,,F,T,0,0
6/29/2026,3:28:39 PM,SPXW,ML/,106,1.4,,PUT,7000,0,14840,7/6/2026,WHITE,0,7,F,INDEX,,F,T,0,0
6/29/2026,9:41:45 AM,SPXW,BLOCK,75,12.3,,CALL,7420,0,92250,6/29/2026,WHITE,0,0,F,INDEX,,F,T,0,0
6/29/2026,9:41:52 AM,SPXW,BLOCK,81,12.5,,CALL,7420,0,101250,6/29/2026,WHITE,0,0,F,INDEX,,F,T,0,0
6/29/2026,9:40:58 AM,SPXW,BLOCK,70,13.5,,CALL,7420,0,94500,6/29/2026,WHITE,0,0,F,INDEX,,F,T,0,0
6/29/2026,9:45:41 AM,SPXW,ML/,152,17.4,,CALL,7420,0,264480,6/29/2026,WHITE,0,0,F,INDEX,,F,T,0,0
6/29/2026,9:47:17 AM,SPXW,BLOCK,58,18,,CALL,7420,0,104400,6/29/2026,WHITE,0,0,F,INDEX,,F,T,0,0
6/29/2026,9:49:00 AM,SPXW,ML/,56,17.2,,CALL,7420,0,96320,6/29/2026,WHITE,0,0,F,INDEX,,F,T,0,0
6/29/2026,9:49:34 AM,SPXW,ML/,50,14.9,,CALL,7420,0,74500,6/29/2026,WHITE,0,0,F,INDEX,,F,T,0,0
6/29/2026,10:02:21 AM,SPXW,BLOCK,66,7,,CALL,7420,0,46200,6/29/2026,WHITE,0,0,F,INDEX,,F,T,0,0
6/29/2026,10:10:21 AM,SPXW,ML/,109,4.2,,CALL,7420,0,45780,6/29/2026,WHITE,0,0,F,INDEX,,F,T,0,0
6/29/2026,10:13:11 AM,SPXW,ML/,53,3.1,,CALL,7420,0,16430,6/29/2026,WHITE,0,0,F,INDEX,,F,T,0,0
6/29/2026,10:15:14 AM,SPXW,BLOCK,91,2.45,,CALL,7420,0,22295,6/29/2026,WHITE,0,0,F,INDEX,,F,T,0,0
6/29/2026,10:16:06 AM,SPXW,BLOCK,51,3.3,,CALL,7420,0,16830,6/29/2026,WHITE,0,0,F,INDEX,,F,T,0,0
6/29/2026,10:16:34 AM,SPXW,BLOCK,60,3.6,,CALL,7420,0,21600,6/29/2026,WHITE,0,0,F,INDEX,,F,T,0,0
6/29/2026,10:16:39 AM,SPXW,BLOCK,60,3.2,,CALL,7420,0,19200,6/29/2026,WHITE,0,0,F,INDEX,,F,T,0,0
6/29/2026,10:19:01 AM,SPXW,ML/,70,3.15,,CALL,7420,0,22050,6/29/2026,WHITE,0,0,F,INDEX,,F,T,0,0
6/29/2026,10:20:48 AM,SPXW,BLOCK,50,3.1,,CALL,7420,0,15500,6/29/2026,WHITE,0,0,F,INDEX,,F,T,0,0
6/29/2026,10:25:34 AM,SPXW,BLOCK,56,3.7,,CALL,7420,0,20720,6/29/2026,WHITE,0,0,F,INDEX,,F,T,0,0
6/29/2026,10:25:38 AM,SPXW,ML/,182,3.63,,CALL,7420,0,66066,6/29/2026,WHITE,0,0,F,INDEX,,F,T,0,0
6/29/2026,10:26:04 AM,SPXW,BLOCK,53,4,,CALL,7420,0,21200,6/29/2026,WHITE,0,0,F,INDEX,,F,T,0,0
6/29/2026,10:28:58 AM,SPXW,BLOCK,64,4.5,,CALL,7420,0,28800,6/29/2026,WHITE,0,0,F,INDEX,,F,T,0,0
6/29/2026,10:29:02 AM,SPXW,BLOCK,59,4.8,,CALL,7420,0,28320,6/29/2026,WHITE,0,0,F,INDEX,,F,T,0,0
6/29/2026,10:29:01 AM,SPXW,BLOCK,82,4.7,,CALL,7420,0,38540,6/29/2026,WHITE,0,0,F,INDEX,,F,T,0,0
6/29/2026,10:35:38 AM,SPXW,ML/,100,7.02,,CALL,7420,0,70200,6/29/2026,WHITE,0,0,F,INDEX,,F,T,0,0
6/29/2026,10:35:08 AM,SPXW,ML/,100,8.12,,CALL,7420,0,81199,6/29/2026,WHITE,0,0,F,INDEX,,F,T,0,0
6/29/2026,10:53:32 AM,SPXW,ML/,59,8.79,,CALL,7420,0,51860,6/29/2026,WHITE,0,0,F,INDEX,,F,T,0,0
6/29/2026,10:56:22 AM,SPXW,BLOCK,60,7.6,,CALL,7420,0,45600,6/29/2026,WHITE,0,0,F,INDEX,,F,T,0,0
6/29/2026,10:59:53 AM,SPXW,BLOCK,75,7.7,,CALL,7420,0,57750,6/29/2026,WHITE,0,0,F,INDEX,,F,T,0,0
6/29/2026,11:20:37 AM,SPXW,BLOCK,60,4.2,,CALL,7420,0,25200,6/29/2026,WHITE,0,0,F,INDEX,,F,T,0,0
6/29/2026,11:21:06 AM,SPXW,BLOCK,59,4.2,,CALL,7420,0,24780,6/29/2026,WHITE,0,0,F,INDEX,,F,T,0,0
6/29/2026,11:26:42 AM,SPXW,BLOCK,65,4,,CALL,7420,0,26000,6/29/2026,WHITE,0,0,F,INDEX,,F,T,0,0
6/29/2026,11:27:39 AM,SPXW,BLOCK,60,5.1,,CALL,7420,0,30600,6/29/2026,WHITE,0,0,F,INDEX,,F,T,0,0
6/29/2026,11:32:17 AM,SPXW,ML/,200,5.9,,CALL,7420,0,118000,6/29/2026,WHITE,0,0,F,INDEX,,F,T,0,0
6/29/2026,11:37:25 AM,SPXW,BLOCK,50,5.5,,CALL,7420,0,27500,6/29/2026,WHITE,0,0,F,INDEX,,F,T,0,0
6/29/2026,11:38:46 AM,SPXW,BLOCK,60,6.2,,CALL,7420,0,37200,6/29/2026,WHITE,0,0,F,INDEX,,F,T,0,0
6/29/2026,11:49:28 AM,SPXW,ML/,50,5.42,,CALL,7420,0,27100,6/29/2026,WHITE,0,0,F,INDEX,,F,T,0,0
6/29/2026,11:57:35 AM,SPXW,ML/,100,5.75,,CALL,7420,0,57500,6/29/2026,WHITE,0,0,F,INDEX,,F,T,0,0
6/29/2026,12:04:26 PM,SPXW,ML/,339,8.1,,CALL,7420,0,274590,6/29/2026,WHITE,0,0,F,INDEX,,F,T,0,0
6/29/2026,12:04:27 PM,SPXW,BLOCK,110,8.1,,CALL,7420,0,89099,6/29/2026,WHITE,0,0,F,INDEX,,F,T,0,0
6/29/2026,12:05:05 PM,SPXW,BLOCK,69,9.2,,CALL,7420,0,63479,6/29/2026,WHITE,0,0,F,INDEX,,F,T,0,0
6/29/2026,12:05:05 PM,SPXW,BLOCK,110,9.1,,CALL,7420,0,100099,6/29/2026,WHITE,0,0,F,INDEX,,F,T,0,0
6/29/2026,12:05:05 PM,SPXW,BLOCK,73,9,,CALL,7420,0,65700,6/29/2026,WHITE,0,0,F,INDEX,,F,T,0,0
6/29/2026,12:07:38 PM,SPXW,BLOCK,112,8.1,,CALL,7420,0,90720,6/29/2026,WHITE,0,0,F,INDEX,,F,T,0,0
6/29/2026,12:07:38 PM,SPXW,BLOCK,88,8.2,,CALL,7420,0,72159,6/29/2026,WHITE,0,0,F,INDEX,,F,T,0,0
6/29/2026,12:11:01 PM,SPXW,BLOCK,78,7.8,,CALL,7420,0,60840,6/29/2026,WHITE,0,0,F,INDEX,,F,T,0,0
6/29/2026,11:59:18 AM,SPXW,ML/,50,7.46,,CALL,7420,0,37300,6/29/2026,WHITE,0,0,F,INDEX,,F,T,0,0
6/29/2026,11:59:40 AM,SPXW,ML/,67,6.98,,CALL,7420,0,46766,6/29/2026,WHITE,0,0,F,INDEX,,F,T,0,0
6/29/2026,12:15:06 PM,SPXW,ML/,50,7.75,,CALL,7420,0,38750,6/29/2026,WHITE,0,0,F,INDEX,,F,T,0,0
6/29/2026,11:57:00 AM,SPXW,ML/,50,5.57,,CALL,7420,0,27850,6/29/2026,WHITE,0,0,F,INDEX,,F,T,0,0
6/29/2026,12:32:18 PM,SPXW,BLOCK,59,5.3,,CALL,7420,0,31270,6/29/2026,WHITE,0,0,F,INDEX,,F,T,0,0
6/29/2026,11:56:47 AM,SPXW,ML/,50,5.47,,CALL,7420,0,27350,6/29/2026,WHITE,0,0,F,INDEX,,F,T,0,0
6/29/2026,12:53:25 PM,SPXW,BLOCK,50,6.3,,CALL,7420,0,31500,6/29/2026,WHITE,0,0,F,INDEX,,F,T,0,0
6/29/2026,11:43:42 AM,SPXW,ML/,50,6.88,,CALL,7420,0,34400,6/29/2026,WHITE,0,0,F,INDEX,,F,T,0,0
6/29/2026,1:00:25 PM,SPXW,BLOCK,51,7,,CALL,7420,0,35700,6/29/2026,WHITE,0,0,F,INDEX,,F,T,0,0
6/29/2026,1:04:47 PM,SPXW,BLOCK,88,7.6,,CALL,7420,0,66880,6/29/2026,WHITE,0,0,F,INDEX,,F,T,0,0
6/29/2026,12:10:04 PM,SPXW,ML/,80,8.45,,CALL,7420,0,67600,6/29/2026,WHITE,0,0,F,INDEX,,F,T,0,0
6/29/2026,1:05:55 PM,SPXW,BLOCK,300,8.3,,CALL,7420,0,249000,6/29/2026,WHITE,0,0,F,INDEX,,F,T,0,0
6/29/2026,1:05:59 PM,SPXW,BLOCK,53,8.5,,CALL,7420,0,45050,6/29/2026,WHITE,0,0,F,INDEX,,F,T,0,0
6/29/2026,1:05:31 PM,SPXW,ML/,50,8.35,,CALL,7420,0,41750,6/29/2026,WHITE,0,0,F,INDEX,,F,T,0,0
6/29/2026,1:06:09 PM,SPXW,ML/,130,8.4,,CALL,7420,0,109200,6/29/2026,WHITE,0,0,F,INDEX,,F,T,0,0
6/29/2026,1:06:45 PM,SPXW,BLOCK,88,8.3,,CALL,7420,0,73040,6/29/2026,WHITE,0,0,F,INDEX,,F,T,0,0
6/29/2026,1:07:05 PM,SPXW,BLOCK,64,8,,CALL,7420,0,51200,6/29/2026,WHITE,0,0,F,INDEX,,F,T,0,0
6/29/2026,1:09:08 PM,SPXW,BLOCK,52,8.1,,CALL,7420,0,42120,6/29/2026,WHITE,0,0,F,INDEX,,F,T,0,0
6/29/2026,1:10:03 PM,SPXW,BLOCK,91,8.8,,CALL,7420,0,80080,6/29/2026,WHITE,0,0,F,INDEX,,F,T,0,0
6/29/2026,1:10:03 PM,SPXW,BLOCK,66,8.7,,CALL,7420,0,57419,6/29/2026,WHITE,0,0,F,INDEX,,F,T,0,0
6/29/2026,1:24:53 PM,SPXW,ML/,200,10.55,,CALL,7420,0,211000,6/29/2026,WHITE,0,0,F,INDEX,,F,T,0,0
6/29/2026,1:31:06 PM,SPXW,ML/,63,16.34,,CALL,7420,0,102942,6/29/2026,WHITE,0,0,F,INDEX,,F,T,0,0
6/29/2026,1:31:33 PM,SPXW,BLOCK,52,17,,CALL,7420,0,88400,6/29/2026,WHITE,0,0,F,INDEX,,F,T,0,0
6/29/2026,2:21:36 PM,SPXW,BLOCK,50,15,,CALL,7420,0,75000,6/29/2026,WHITE,0,0,F,INDEX,,F,T,0,0
6/29/2026,2:38:46 PM,SPXW,ML/,50,17.5,,CALL,7420,0,87500,6/29/2026,WHITE,0,0,F,INDEX,,F,T,0,0
6/29/2026,3:16:21 PM,SPXW,ML/,50,14.2,,CALL,7420,0,70999,6/29/2026,WHITE,0,0,F,INDEX,,F,T,0,0
6/29/2026,3:17:03 PM,SPXW,BLOCK,50,15.2,,CALL,7420,0,76000,6/29/2026,WHITE,0,0,F,INDEX,,F,T,0,0
6/29/2026,3:50:05 PM,SPXW,ML/,52,15,,CALL,7420,0,78000,6/29/2026,WHITE,0,0,F,INDEX,,F,T,0,0
6/29/2026,1:24:02 PM,SPXW,ML/,75,10.65,,CALL,7420,0,79875,6/29/2026,WHITE,0,0,F,INDEX,,F,T,0,0
6/29/2026,3:50:19 PM,SPXW,BLOCK,50,15.8,,CALL,7420,0,79000,6/29/2026,WHITE,0,0,F,INDEX,,F,T,0,0
6/29/2026,1:24:02 PM,SPXW,ML/,122,10.64,,CALL,7420,0,129808,6/29/2026,WHITE,0,0,F,INDEX,,F,T,0,0
6/29/2026,2:45:54 PM,SPXW,ML/,50,21.6,,CALL,7420,0,108000,6/29/2026,WHITE,0,0,F,INDEX,,F,T,0,0
6/29/2026,3:23:35 PM,SPXW,ML/,100,19.31,,CALL,7420,0,193099,6/29/2026,WHITE,0,0,F,INDEX,,F,T,0,0
6/29/2026,9:33:44 AM,SPXW,ML/,104,1.35,,CALL,7470,0,14040,6/29/2026,WHITE,0,0,F,INDEX,,F,T,0,0
6/29/2026,9:38:15 AM,SPXW,ML/,170,0.95,,CALL,7470,0,16150,6/29/2026,WHITE,0,0,F,INDEX,,F,T,0,0
6/29/2026,9:38:16 AM,SPXW,ML/,170,0.95,,CALL,7470,0,16150,6/29/2026,WHITE,0,0,F,INDEX,,F,T,0,0
6/29/2026,9:40:34 AM,SPXW,ML/,229,1.07,,CALL,7470,0,24503,6/29/2026,WHITE,0,0,F,INDEX,,F,T,0,0
6/29/2026,9:40:48 AM,SPXW,ML/,170,1.18,,CALL,7470,0,20060,6/29/2026,WHITE,0,0,F,INDEX,,F,T,0,0
6/29/2026,9:47:30 AM,SPXW,ML/,290,1.1,,CALL,7470,0,31900,6/29/2026,WHITE,0,0,F,INDEX,,F,T,0,0
6/29/2026,9:40:33 AM,SPXW,ML/,135,1.08,,CALL,7470,0,14580,6/29/2026,WHITE,0,0,F,INDEX,,F,T,0,0
6/29/2026,9:47:12 AM,SPXW,ML/,100,1.13,,CALL,7470,0,11299,6/29/2026,WHITE,0,0,F,INDEX,,F,T,0,0
6/29/2026,9:40:34 AM,SPXW,ML/,80,1.92,,CALL,7460,0,15360,6/29/2026,WHITE,0,0,F,INDEX,,F,T,0,0
6/29/2026,9:35:54 AM,SPXW,ML/,50,2.13,,CALL,7460,0,10650,6/29/2026,WHITE,0,0,F,INDEX,,F,T,0,0
6/29/2026,9:35:54 AM,SPXW,ML/,50,2.12,,CALL,7460,0,10600,6/29/2026,WHITE,0,0,F,INDEX,,F,T,0,0
6/29/2026,9:44:25 AM,SPXW,ML/,61,2.1,,CALL,7460,0,12810,6/29/2026,WHITE,0,0,F,INDEX,,F,T,0,0
6/29/2026,9:44:52 AM,SPXW,BLOCK,50,2.15,,CALL,7460,0,10750,6/29/2026,WHITE,0,0,F,INDEX,,F,T,0,0
6/29/2026,9:45:35 AM,SPXW,BLOCK,50,2.55,,CALL,7460,0,12750,6/29/2026,WHITE,0,0,F,INDEX,,F,T,0,0
6/29/2026,9:47:06 AM,SPXW,BLOCK,57,2.1,,CALL,7460,0,11970,6/29/2026,WHITE,0,0,F,INDEX,,F,T,0,0
6/29/2026,9:51:32 AM,SPXW,ML/,50,2.4,,CALL,7460,0,12000,6/29/2026,WHITE,0,0,F,INDEX,,F,T,0,0
6/29/2026,9:49:13 AM,SPXW,ML/,100,2.27,,CALL,7460,0,22700,6/29/2026,WHITE,0,0,F,INDEX,,F,T,0,0
6/29/2026,9:40:48 AM,SPXW,ML/,170,2.08,,CALL,7460,0,35360,6/29/2026,WHITE,0,0,F,INDEX,,F,T,0,0
6/29/2026,9:54:16 AM,SPXW,ML/,51,2.1,,CALL,7460,0,10710,6/29/2026,WHITE,0,0,F,INDEX,,F,T,0,0
6/29/2026,9:55:22 AM,SPXW,ML/,171,1.5,,CALL,7460,0,25650,6/29/2026,WHITE,0,0,F,INDEX,,F,T,0,0
6/29/2026,9:55:26 AM,SPXW,ML/,111,1.52,,CALL,7460,0,16872,6/29/2026,WHITE,0,0,F,INDEX,,F,T,0,0
6/29/2026,9:58:13 AM,SPXW,BLOCK,106,1,,CALL,7460,0,10600,6/29/2026,WHITE,0,0,F,INDEX,,F,T,0,0
6/29/2026,9:58:35 AM,SPXW,BLOCK,100,1.1,,CALL,7460,0,11000,6/29/2026,WHITE,0,0,F,INDEX,,F,T,0,0
6/29/2026,11:30:45 AM,SPXW,ML/,330,0.31,,CALL,7460,0,10230,6/29/2026,WHITE,0,0,F,INDEX,,F,T,0,0
6/29/2026,1:13:31 PM,SPXW,BLOCK,184,0.6,,CALL,7460,0,11040,6/29/2026,WHITE,0,0,F,INDEX,,F,T,0,0
6/29/2026,1:13:17 PM,SPXW,BLOCK,236,0.65,,CALL,7460,0,15340,6/29/2026,WHITE,0,0,F,INDEX,,F,T,0,0
6/29/2026,1:13:39 PM,SPXW,ML/,334,0.75,,CALL,7460,0,25050,6/29/2026,WHITE,0,0,F,INDEX,,F,T,0,0
6/29/2026,1:20:49 PM,SPXW,BLOCK,180,0.95,,CALL,7460,0,17100,6/29/2026,WHITE,0,0,F,INDEX,,F,T,0,0
6/29/2026,1:21:06 PM,SPXW,BLOCK,170,0.9,,CALL,7460,0,15300,6/29/2026,WHITE,0,0,F,INDEX,,F,T,0,0
6/29/2026,1:47:36 PM,SPXW,ML/,229,0.82,,CALL,7460,0,18778,6/29/2026,WHITE,0,0,F,INDEX,,F,T,0,0
6/29/2026,1:52:41 PM,SPXW,ML/,130,0.9,,CALL,7460,0,11700,6/29/2026,WHITE,0,0,F,INDEX,,F,T,0,0
6/29/2026,1:56:05 PM,SPXW,BLOCK,146,0.8,,CALL,7460,0,11680,6/29/2026,WHITE,0,0,F,INDEX,,F,T,0,0
6/29/2026,2:00:31 PM,SPXW,BLOCK,200,0.55,,CALL,7460,0,11000,6/29/2026,WHITE,0,0,F,INDEX,,F,T,0,0
6/29/2026,2:14:32 PM,SPXW,BLOCK,401,0.65,,CALL,7460,0,26064,6/29/2026,WHITE,0,0,F,INDEX,,F,T,0,0
6/29/2026,2:15:59 PM,SPXW,ML/,282,0.6,,CALL,7460,0,16920,6/29/2026,WHITE,0,0,F,INDEX,,F,T,0,0
6/29/2026,2:18:09 PM,SPXW,ML/,318,0.53,,CALL,7460,0,16854,6/29/2026,WHITE,0,0,F,INDEX,,F,T,0,0
6/29/2026,2:43:10 PM,SPXW,ML/,200,0.62,,CALL,7460,0,12400,6/29/2026,WHITE,0,0,F,INDEX,,F,T,0,0
6/29/2026,2:46:05 PM,SPXW,ML/,145,0.9,,CALL,7460,0,13050,6/29/2026,WHITE,0,0,F,INDEX,,F,T,0,0
6/29/2026,9:55:10 AM,SPXW,ML/,82,1.64,,CALL,7460,0,13447,6/29/2026,WHITE,0,0,F,INDEX,,F,T,0,0
6/29/2026,2:50:57 PM,SPXW,ML/,250,0.56,,CALL,7460,0,14000,6/29/2026,WHITE,0,0,F,INDEX,,F,T,0,0
6/29/2026,1:13:20 PM,SPXW,ML/,80,21.8,,CALL,7500,0,174400,7/6/2026,WHITE,0,7,F,INDEX,,F,T,0,0
6/29/2026,1:15:37 PM,SPXW,BLOCK,137,22.3,,CALL,7500,0,305510,7/6/2026,WHITE,0,7,F,INDEX,,F,T,0,0
6/29/2026,9:32:04 AM,SPXW,ML/,66,1.62,,PUT,7050,0,10692,7/2/2026,WHITE,0,3,F,INDEX,,F,T,0,0
6/29/2026,10:08:01 AM,SPXW,ML/,52,8.7,,CALL,7500,0,45240,7/2/2026,WHITE,0,3,F,INDEX,,F,T,0,0
6/29/2026,9:47:12 AM,SPXW,BLOCK,66,16.2,,CALL,7500,0,106920,7/2/2026,WHITE,0,3,F,INDEX,,F,T,0,0
6/29/2026,1:53:06 PM,SPXW,ML/,50,15.95,,CALL,7500,0,79750,7/2/2026,WHITE,0,3,F,INDEX,,F,T,0,0
6/29/2026,3:50:00 PM,SPXW,BLOCK,100,15,,CALL,7500,0,150000,7/2/2026,WHITE,0,3,F,INDEX,,F,T,0,0
6/29/2026,3:24:19 PM,SPXW,ML/,50,16.2,,CALL,7500,0,81000,7/2/2026,WHITE,0,3,F,INDEX,,F,T,0,0
6/29/2026,4:18:20 PM,SPXW,BLOCK,55,15.9,,CALL,7500,0,87450,7/2/2026,WHITE,0,3,F,INDEX,,F,T,0,0
6/29/2026,1:13:00 PM,SPXW,ML/,60,12.4,,CALL,7500,0,74400,7/2/2026,WHITE,0,3,F,INDEX,,F,T,0,0
6/29/2026,1:31:40 PM,SPXW,ML/,3300,0.92,,PUT,7000,0,303600,7/2/2026,WHITE,0,3,F,INDEX,,F,T,0,0
6/29/2026,2:15:45 PM,SPXW,ML/,300,0.92,,PUT,7000,0,27600,7/2/2026,WHITE,0,3,F,INDEX,,F,T,0,0
6/29/2026,1:00:20 PM,SPXW,ML/,175,181.22,,PUT,7400,0,3171350,9/18/2026,WHITE,0,81,F,INDEX,,F,F,0,0
6/29/2026,1:00:20 PM,SPXW,ML/,51,181.26,,PUT,7400,0,924426,9/18/2026,WHITE,0,81,F,INDEX,,F,F,0,0
6/29/2026,10:36:00 AM,SPXW,ML/,300,69.6,,PUT,7400,0,2088000,7/2/2026,WHITE,0,3,F,INDEX,,F,T,0,0
6/29/2026,11:19:09 AM,SPXW,ML/,50,43.4,,PUT,7400,0,217000,7/2/2026,WHITE,0,3,F,INDEX,,F,T,0,0
6/29/2026,12:16:42 PM,SPXW,ML/,58,35,,PUT,7400,0,203000,7/2/2026,WHITE,0,3,F,INDEX,,F,T,0,0
6/29/2026,2:05:50 PM,SPXW,ML/,1000,27.7,,PUT,7400,0,2770000,7/2/2026,WHITE,0,3,F,INDEX,,F,T,0,0
6/29/2026,2:02:59 PM,SPXW,ML/,88,28.19,,PUT,7400,0,248072,7/2/2026,WHITE,0,3,F,INDEX,,F,T,0,0
6/29/2026,3:24:19 PM,SPXW,ML/,71,25.2,,PUT,7400,0,178919,7/2/2026,WHITE,0,3,F,INDEX,,F,T,0,0
6/29/2026,10:35:41 AM,SPXW,ML/,200,69.5,,PUT,7400,0,1390000,7/2/2026,WHITE,0,3,F,INDEX,,F,T,0,0
6/29/2026,10:41:13 AM,SPXW,ML/,150,69.6,,PUT,7400,0,1044000,7/2/2026,WHITE,0,3,F,INDEX,,F,T,0,0
6/29/2026,2:02:59 PM,SPXW,ML/,140,28.2,,PUT,7400,0,394800,7/2/2026,WHITE,0,3,F,INDEX,,F,T,0,0
6/29/2026,2:28:28 PM,SPXW,ML/,780,28.19,,PUT,7400,0,2198820,7/2/2026,WHITE,0,3,F,INDEX,,F,T,0,0
6/29/2026,3:24:19 PM,SPXW,BLOCK,54,25.1,,PUT,7400,0,135540,7/2/2026,WHITE,0,3,F,INDEX,,F,T,0,0
6/29/2026,9:32:23 AM,SPXW,ML/,60,1.99,,PUT,7075,0,11940,7/2/2026,WHITE,0,3,F,INDEX,,F,T,0,0
6/29/2026,10:24:36 AM,SPXW,ML/,50,3.49,,PUT,7070,0,17450,7/2/2026,WHITE,0,3,F,INDEX,,F,T,0,0
6/29/2026,12:20:55 PM,SPXW,ML/,100,1.66,,PUT,7070,0,16600,7/2/2026,WHITE,0,3,F,INDEX,,F,T,0,0
6/29/2026,2:51:57 PM,SPXW,ML/,300,49.55,,CALL,7430,0,1486499,7/2/2026,WHITE,0,3,F,INDEX,,F,T,0,0
6/29/2026,2:55:54 PM,SPXW,ML/,300,50.15,,CALL,7430,0,1504500,7/2/2026,WHITE,0,3,F,INDEX,,F,T,0,0
6/29/2026,3:02:52 PM,SPXW,ML/,300,48.95,,CALL,7430,0,1468500,7/2/2026,WHITE,0,3,F,INDEX,,F,T,0,0
6/29/2026,3:06:56 PM,SPXW,ML/,246,49.4,,CALL,7430,0,1215240,7/2/2026,WHITE,0,3,F,INDEX,,F,T,0,0
6/29/2026,3:13:46 PM,SPXW,ML/,198,48.79,,CALL,7430,0,966042,7/2/2026,WHITE,0,3,F,INDEX,,F,T,0,0
6/29/2026,3:31:12 PM,SPXW,ML/,100,48.86,,CALL,7430,0,488600,7/2/2026,WHITE,0,3,F,INDEX,,F,T,0,0
6/29/2026,10:12:26 AM,SPXW,ML/,76,3.94,,CALL,7525,0,29944,7/2/2026,WHITE,0,3,F,INDEX,,F,T,0,0
6/29/2026,1:13:00 PM,SPXW,ML/,60,6.7,,CALL,7525,0,40200,7/2/2026,WHITE,0,3,F,INDEX,,F,T,0,0
6/29/2026,2:56:22 PM,SPXW,ML/,60,8.57,,CALL,7525,0,51420,7/2/2026,WHITE,0,3,F,INDEX,,F,T,0,0
6/29/2026,3:48:55 PM,SPXW,ML/,50,7.99,,CALL,7525,0,39950,7/2/2026,WHITE,0,3,F,INDEX,,F,T,0,0
6/29/2026,12:20:55 PM,SPXW,ML/,100,1.55,,PUT,7060,0,15500,7/2/2026,WHITE,0,3,F,INDEX,,F,T,0,0
6/29/2026,10:24:36 AM,SPXW,ML/,50,3.2,,PUT,7060,0,16000,7/2/2026,WHITE,0,3,F,INDEX,,F,T,0,0
6/29/2026,10:06:27 AM,SPXW,ML/,80,6.2,,CALL,7520,0,49600,7/2/2026,WHITE,0,3,F,INDEX,,F,T,0,0
6/29/2026,1:19:32 PM,SPXW,BLOCK,93,9.4,,CALL,7520,0,87420,7/2/2026,WHITE,0,3,F,INDEX,,F,T,0,0
6/29/2026,10:00:18 AM,SPXW,ML/,56,6.74,,PUT,7180,0,37744,7/2/2026,WHITE,0,3,F,INDEX,,F,T,0,0
6/29/2026,10:00:18 AM,SPXW,ML/,77,6.8,,PUT,7180,0,52359,7/2/2026,WHITE,0,3,F,INDEX,,F,T,0,0
6/29/2026,10:05:05 AM,SPXW,ML/,50,7.47,,PUT,7180,0,37350,7/2/2026,WHITE,0,3,F,INDEX,,F,T,0,0
6/29/2026,3:43:10 PM,SPXW,ML/,75,2.19,,PUT,7170,0,16425,7/2/2026,WHITE,0,3,F,INDEX,,F,T,0,0
6/29/2026,10:00:18 AM,SPXW,ML/,56,6.14,,PUT,7170,0,34384,7/2/2026,WHITE,0,3,F,INDEX,,F,T,0,0
6/29/2026,10:00:18 AM,SPXW,ML/,77,6.2,,PUT,7170,0,47740,7/2/2026,WHITE,0,3,F,INDEX,,F,T,0,0
6/29/2026,3:25:06 PM,SPXW,ML/,70,2.08,,PUT,7170,0,14560,7/2/2026,WHITE,0,3,F,INDEX,,F,T,0,0
6/29/2026,9:36:02 AM,SPXW,BLOCK,101,4,,CALL,7550,0,40400,7/2/2026,WHITE,0,3,F,INDEX,,F,T,0,0
6/29/2026,9:36:06 AM,SPXW,BLOCK,107,4,,CALL,7550,0,42800,7/2/2026,WHITE,0,3,F,INDEX,,F,T,0,0
6/29/2026,9:36:12 AM,SPXW,BLOCK,107,4,,CALL,7550,0,42800,7/2/2026,WHITE,0,3,F,INDEX,,F,T,0,0
6/29/2026,11:48:24 AM,SPXW,ML/,89,2.65,,CALL,7550,0,23585,7/2/2026,WHITE,0,3,F,INDEX,,F,T,0,0
6/29/2026,1:24:20 PM,SPXW,BLOCK,96,3.4,,CALL,7550,0,32639,7/2/2026,WHITE,0,3,F,INDEX,,F,T,0,0
6/29/2026,1:24:25 PM,SPXW,BLOCK,97,3.4,,CALL,7550,0,32980,7/2/2026,WHITE,0,3,F,INDEX,,F,T,0,0
6/29/2026,1:53:06 PM,SPXW,ML/,100,4.2,,CALL,7550,0,42000,7/2/2026,WHITE,0,3,F,INDEX,,F,T,0,0
6/29/2026,3:49:55 PM,SPXW,BLOCK,366,3.8,,CALL,7550,0,139080,7/2/2026,WHITE,0,3,F,INDEX,,F,T,0,0
6/29/2026,2:46:56 PM,SPXW,ML/,100,4.67,,CALL,7550,0,46700,7/2/2026,WHITE,0,3,F,INDEX,,F,T,0,0
6/29/2026,10:05:05 AM,SPXW,ML/,50,8.18,,PUT,7190,0,40900,7/2/2026,WHITE,0,3,F,INDEX,,F,T,0,0
6/29/2026,10:12:26 AM,SPXW,ML/,76,8.43,,CALL,7525,0,64067,7/6/2026,WHITE,0,7,F,INDEX,,F,T,0,0
6/29/2026,2:46:56 PM,SPXW,ML/,100,9.82,,CALL,7550,0,98200,7/6/2026,WHITE,0,7,F,INDEX,,F,T,0,0
6/29/2026,11:48:27 AM,SPXW,ML/,172,6.32,,CALL,7550,0,108704,7/6/2026,WHITE,0,7,F,INDEX,,F,T,0,0
6/29/2026,10:54:49 AM,SPXW,ML/,78,22.42,,PUT,7425,0,174876,6/29/2026,WHITE,0,0,F,INDEX,,F,T,0,0
6/29/2026,10:54:49 AM,SPXW,ML/,78,22.42,,PUT,7425,0,174876,6/29/2026,WHITE,0,0,F,INDEX,,F,T,0,0
6/29/2026,9:55:48 AM,SPXW,ML/,85,27.25,,PUT,7425,0,231625,6/29/2026,WHITE,0,0,F,INDEX,,F,T,0,0
6/29/2026,10:54:42 AM,SPXW,ML/,50,22.5,,PUT,7425,0,112500,6/29/2026,WHITE,0,0,F,INDEX,,F,T,0,0
6/29/2026,12:05:26 PM,SPXW,ML/,163,13.9,,PUT,7425,0,226570,6/29/2026,WHITE,0,0,F,INDEX,,F,T,0,0
6/29/2026,1:12:05 PM,SPXW,BLOCK,100,9,,PUT,7425,0,90000,6/29/2026,WHITE,0,0,F,INDEX,,F,T,0,0
6/29/2026,1:14:11 PM,SPXW,BLOCK,100,6.6,,PUT,7425,0,66000,6/29/2026,WHITE,0,0,F,INDEX,,F,T,0,0
6/29/2026,1:14:48 PM,SPXW,BLOCK,84,7.1,,PUT,7425,0,59640,6/29/2026,WHITE,0,0,F,INDEX,,F,T,0,0
6/29/2026,1:15:00 PM,SPXW,BLOCK,162,7.1,,PUT,7425,0,115019,6/29/2026,WHITE,0,0,F,INDEX,,F,T,0,0
6/29/2026,1:18:39 PM,SPXW,BLOCK,100,6.7,,PUT,7425,0,67000,6/29/2026,WHITE,0,0,F,INDEX,,F,T,0,0
6/29/2026,1:17:43 PM,SPXW,ML/,229,6.85,,PUT,7425,0,156865,6/29/2026,WHITE,0,0,F,INDEX,,F,T,0,0
6/29/2026,1:17:52 PM,SPXW,BLOCK,62,6.2,,PUT,7425,0,38440,6/29/2026,WHITE,0,0,F,INDEX,,F,T,0,0
6/29/2026,1:17:52 PM,SPXW,BLOCK,147,6.1,,PUT,7425,0,89670,6/29/2026,WHITE,0,0,F,INDEX,,F,T,0,0
6/29/2026,1:23:43 PM,SPXW,BLOCK,64,8.6,,PUT,7425,0,55040,6/29/2026,WHITE,0,0,F,INDEX,,F,T,0,0
6/29/2026,1:23:40 PM,SPXW,BLOCK,53,8.9,,PUT,7425,0,47170,6/29/2026,WHITE,0,0,F,INDEX,,F,T,0,0
6/29/2026,1:24:13 PM,SPXW,BLOCK,50,8.9,,PUT,7425,0,44500,6/29/2026,WHITE,0,0,F,INDEX,,F,T,0,0
6/29/2026,1:24:26 PM,SPXW,SWEEP,179,8.9,,PUT,7425,0,159310,6/29/2026,WHITE,0,0,F,INDEX,,F,T,0,0
6/29/2026,1:25:53 PM,SPXW,SWEEP,131,7.7,,PUT,7425,0,100870,6/29/2026,WHITE,0,0,F,INDEX,,F,T,0,0
6/29/2026,1:26:15 PM,SPXW,BLOCK,113,7.5,,PUT,7425,0,84750,6/29/2026,WHITE,0,0,F,INDEX,,F,T,0,0
6/29/2026,1:26:15 PM,SPXW,BLOCK,62,7.6,,PUT,7425,0,47120,6/29/2026,WHITE,0,0,F,INDEX,,F,T,0,0
6/29/2026,1:29:26 PM,SPXW,BLOCK,56,6.3,,PUT,7425,0,35280,6/29/2026,WHITE,0,0,F,INDEX,,F,T,0,0
6/29/2026,1:30:05 PM,SPXW,BLOCK,95,6.7,,PUT,7425,0,63650,6/29/2026,WHITE,0,0,F,INDEX,,F,T,0,0
6/29/2026,1:30:05 PM,SPXW,BLOCK,71,6.6,,PUT,7425,0,46860,6/29/2026,WHITE,0,0,F,INDEX,,F,T,0,0
6/29/2026,1:29:26 PM,SPXW,BLOCK,120,6.2,,PUT,7425,0,74400,6/29/2026,WHITE,0,0,F,INDEX,,F,T,0,0
6/29/2026,1:30:45 PM,SPXW,BLOCK,70,6.2,,PUT,7425,0,43400,6/29/2026,WHITE,0,0,F,INDEX,,F,T,0,0
6/29/2026,1:20:54 PM,SPXW,BLOCK,100,5.8,,PUT,7425,0,58000,6/29/2026,WHITE,0,0,F,INDEX,,F,T,0,0
6/29/2026,1:31:12 PM,SPXW,ML/,124,5.2,,PUT,7425,0,64480,6/29/2026,WHITE,0,0,F,INDEX,,F,T,0,0
6/29/2026,1:34:16 PM,SPXW,BLOCK,79,6.2,,PUT,7425,0,48980,6/29/2026,WHITE,0,0,F,INDEX,,F,T,0,0
6/29/2026,1:42:22 PM,SPXW,ML/,52,5.3,,PUT,7425,0,27560,6/29/2026,WHITE,0,0,F,INDEX,,F,T,0,0
6/29/2026,1:45:16 PM,SPXW,BLOCK,100,5.9,,PUT,7425,0,59000,6/29/2026,WHITE,0,0,F,INDEX,,F,T,0,0
6/29/2026,1:52:41 PM,SPXW,BLOCK,66,3.7,,PUT,7425,0,24420,6/29/2026,WHITE,0,0,F,INDEX,,F,T,0,0
6/29/2026,1:52:41 PM,SPXW,SWEEP,107,3.8,,PUT,7425,0,40660,6/29/2026,WHITE,0,0,F,INDEX,,F,T,0,0
6/29/2026,1:52:55 PM,SPXW,BLOCK,50,3.7,,PUT,7425,0,18500,6/29/2026,WHITE,0,0,F,INDEX,,F,T,0,0
6/29/2026,1:53:03 PM,SPXW,ML/,53,3.52,,PUT,7425,0,18656,6/29/2026,WHITE,0,0,F,INDEX,,F,T,0,0
6/29/2026,1:46:47 PM,SPXW,BLOCK,100,5.2,,PUT,7425,0,52000,6/29/2026,WHITE,0,0,F,INDEX,,F,T,0,0
6/29/2026,2:01:31 PM,SPXW,BLOCK,83,4,,PUT,7425,0,33200,6/29/2026,WHITE,0,0,F,INDEX,,F,T,0,0
6/29/2026,2:02:53 PM,SPXW,BLOCK,100,4.3,,PUT,7425,0,43000,6/29/2026,WHITE,0,0,F,INDEX,,F,T,0,0
6/29/2026,2:04:20 PM,SPXW,BLOCK,72,4,,PUT,7425,0,28800,6/29/2026,WHITE,0,0,F,INDEX,,F,T,0,0
6/29/2026,2:06:11 PM,SPXW,BLOCK,100,3.6,,PUT,7425,0,36000,6/29/2026,WHITE,0,0,F,INDEX,,F,T,0,0
6/29/2026,2:08:59 PM,SPXW,BLOCK,62,3.8,,PUT,7425,0,23560,6/29/2026,WHITE,0,0,F,INDEX,,F,T,0,0
6/29/2026,2:08:59 PM,SPXW,BLOCK,58,3.9,,PUT,7425,0,22620,6/29/2026,WHITE,0,0,F,INDEX,,F,T,0,0
6/29/2026,2:13:59 PM,SPXW,BLOCK,130,3.6,,PUT,7425,0,46800,6/29/2026,WHITE,0,0,F,INDEX,,F,T,0,0
6/29/2026,2:15:49 PM,SPXW,BLOCK,104,3.9,,PUT,7425,0,40560,6/29/2026,WHITE,0,0,F,INDEX,,F,T,0,0
6/29/2026,2:17:47 PM,SPXW,BLOCK,75,3.9,,PUT,7425,0,29250,6/29/2026,WHITE,0,0,F,INDEX,,F,T,0,0
6/29/2026,2:18:43 PM,SPXW,BLOCK,52,3.6,,PUT,7425,0,18720,6/29/2026,WHITE,0,0,F,INDEX,,F,T,0,0
6/29/2026,2:20:09 PM,SPXW,BLOCK,81,4.5,,PUT,7425,0,36450,6/29/2026,WHITE,0,0,F,INDEX,,F,T,0,0
6/29/2026,2:21:27 PM,SPXW,BLOCK,51,3.9,,PUT,7425,0,19890,6/29/2026,WHITE,0,0,F,INDEX,,F,T,0,0
6/29/2026,2:22:09 PM,SPXW,BLOCK,186,3.6,,PUT,7425,0,66960,6/29/2026,WHITE,0,0,F,INDEX,,F,T,0,0
6/29/2026,2:23:24 PM,SPXW,BLOCK,83,3.5,,PUT,7425,0,29050,6/29/2026,WHITE,0,0,F,INDEX,,F,T,0,0
6/29/2026,2:23:51 PM,SPXW,BLOCK,50,3.7,,PUT,7425,0,18500,6/29/2026,WHITE,0,0,F,INDEX,,F,T,0,0
6/29/2026,2:25:45 PM,SPXW,BLOCK,63,4.2,,PUT,7425,0,26460,6/29/2026,WHITE,0,0,F,INDEX,,F,T,0,0
6/29/2026,2:27:19 PM,SPXW,BLOCK,50,3.9,,PUT,7425,0,19500,6/29/2026,WHITE,0,0,F,INDEX,,F,T,0,0
6/29/2026,2:30:05 PM,SPXW,BLOCK,103,4.1,,PUT,7425,0,42229,6/29/2026,WHITE,0,0,F,INDEX,,F,T,0,0
6/29/2026,2:30:11 PM,SPXW,BLOCK,86,3.9,,PUT,7425,0,33540,6/29/2026,WHITE,0,0,F,INDEX,,F,T,0,0
6/29/2026,2:27:34 PM,SPXW,ML/,69,3.85,,PUT,7425,0,26564,6/29/2026,WHITE,0,0,F,INDEX,,F,T,0,0
6/29/2026,2:34:19 PM,SPXW,BLOCK,64,2.55,,PUT,7425,0,16319,6/29/2026,WHITE,0,0,F,INDEX,,F,T,0,0
6/29/2026,2:35:36 PM,SPXW,ML/,67,2.4,,PUT,7425,0,16079,6/29/2026,WHITE,0,0,F,INDEX,,F,T,0,0
6/29/2026,2:44:48 PM,SPXW,ML/,99,2.02,,PUT,7425,0,19998,6/29/2026,WHITE,0,0,F,INDEX,,F,T,0,0
6/29/2026,2:46:26 PM,SPXW,ML/,100,1.6,,PUT,7425,0,16000,6/29/2026,WHITE,0,0,F,INDEX,,F,T,0,0
6/29/2026,2:44:55 PM,SPXW,ML/,81,2.05,,PUT,7425,0,16605,6/29/2026,WHITE,0,0,F,INDEX,,F,T,0,0
6/29/2026,2:54:11 PM,SPXW,BLOCK,75,1.75,,PUT,7425,0,13125,6/29/2026,WHITE,0,0,F,INDEX,,F,T,0,0
6/29/2026,2:56:30 PM,SPXW,BLOCK,98,1.9,,PUT,7425,0,18620,6/29/2026,WHITE,0,0,F,INDEX,,F,T,0,0
6/29/2026,2:57:39 PM,SPXW,BLOCK,69,2.05,,PUT,7425,0,14144,6/29/2026,WHITE,0,0,F,INDEX,,F,T,0,0
6/29/2026,2:57:57 PM,SPXW,BLOCK,50,2.15,,PUT,7425,0,10750,6/29/2026,WHITE,0,0,F,INDEX,,F,T,0,0
6/29/2026,2:58:14 PM,SPXW,BLOCK,138,2.3,,PUT,7425,0,31739,6/29/2026,WHITE,0,0,F,INDEX,,F,T,0,0
6/29/2026,2:58:25 PM,SPXW,BLOCK,50,2.2,,PUT,7425,0,11000,6/29/2026,WHITE,0,0,F,INDEX,,F,T,0,0
6/29/2026,2:58:37 PM,SPXW,BLOCK,56,2.2,,PUT,7425,0,12320,6/29/2026,WHITE,0,0,F,INDEX,,F,T,0,0
6/29/2026,2:59:56 PM,SPXW,ML/,122,2.12,,PUT,7425,0,25864,6/29/2026,WHITE,0,0,F,INDEX,,F,T,0,0
6/29/2026,3:00:32 PM,SPXW,BLOCK,100,2.25,,PUT,7425,0,22500,6/29/2026,WHITE,0,0,F,INDEX,,F,T,0,0
6/29/2026,3:01:01 PM,SPXW,BLOCK,75,2,,PUT,7425,0,15000,6/29/2026,WHITE,0,0,F,INDEX,,F,T,0,0
6/29/2026,3:02:38 PM,SPXW,BLOCK,50,2.4,,PUT,7425,0,11999,6/29/2026,WHITE,0,0,F,INDEX,,F,T,0,0
6/29/2026,3:02:42 PM,SPXW,BLOCK,50,2.35,,PUT,7425,0,11750,6/29/2026,WHITE,0,0,F,INDEX,,F,T,0,0
6/29/2026,3:02:46 PM,SPXW,BLOCK,50,2.3,,PUT,7425,0,11500,6/29/2026,WHITE,0,0,F,INDEX,,F,T,0,0
6/29/2026,3:03:35 PM,SPXW,ML/,50,2.12,,PUT,7425,0,10600,6/29/2026,WHITE,0,0,F,INDEX,,F,T,0,0
6/29/2026,3:11:45 PM,SPXW,BLOCK,74,1.6,,PUT,7425,0,11840,6/29/2026,WHITE,0,0,F,INDEX,,F,T,0,0
6/29/2026,3:13:02 PM,SPXW,ML/,99,1.55,,PUT,7425,0,15344,6/29/2026,WHITE,0,0,F,INDEX,,F,T,0,0
6/29/2026,3:13:50 PM,SPXW,BLOCK,92,1.65,,PUT,7425,0,15179,6/29/2026,WHITE,0,0,F,INDEX,,F,T,0,0
6/29/2026,3:17:37 PM,SPXW,BLOCK,74,1.75,,PUT,7425,0,12950,6/29/2026,WHITE,0,0,F,INDEX,,F,T,0,0
6/29/2026,3:18:01 PM,SPXW,BLOCK,75,1.6,,PUT,7425,0,12000,6/29/2026,WHITE,0,0,F,INDEX,,F,T,0,0
6/29/2026,3:18:05 PM,SPXW,BLOCK,75,1.6,,PUT,7425,0,12000,6/29/2026,WHITE,0,0,F,INDEX,,F,T,0,0
6/29/2026,3:20:19 PM,SPXW,BLOCK,95,1.1,,PUT,7425,0,10450,6/29/2026,WHITE,0,0,F,INDEX,,F,T,0,0
6/29/2026,3:34:40 PM,SPXW,BLOCK,108,1.15,,PUT,7425,0,12419,6/29/2026,WHITE,0,0,F,INDEX,,F,T,0,0
6/29/2026,3:39:39 PM,SPXW,BLOCK,270,0.7,,PUT,7425,0,18900,6/29/2026,WHITE,0,0,F,INDEX,,F,T,0,0
6/29/2026,3:52:23 PM,SPXW,ML/,300,0.4,,PUT,7425,0,12000,6/29/2026,WHITE,0,0,F,INDEX,,F,T,0,0
6/29/2026,3:53:18 PM,SPXW,ML/,402,0.3,,PUT,7425,0,12060,6/29/2026,WHITE,0,0,F,INDEX,,F,T,0,0
6/29/2026,9:45:54 AM,SPXW,ML/,50,15.83,,PUT,7425,0,79150,6/29/2026,WHITE,0,0,F,INDEX,,F,T,0,0
6/29/2026,9:55:46 AM,SPXW,ML/,87,27.27,,PUT,7425,0,237248,6/29/2026,WHITE,0,0,F,INDEX,,F,T,0,0
6/29/2026,9:55:55 AM,SPXW,ML/,117,27.45,,PUT,7425,0,321165,6/29/2026,WHITE,0,0,F,INDEX,,F,T,0,0
6/29/2026,9:55:55 AM,SPXW,ML/,60,27.55,,PUT,7425,0,165300,6/29/2026,WHITE,0,0,F,INDEX,,F,T,0,0
6/29/2026,9:55:56 AM,SPXW,ML/,87,27.78,,PUT,7425,0,241686,6/29/2026,WHITE,0,0,F,INDEX,,F,T,0,0
6/29/2026,9:55:56 AM,SPXW,ML/,87,27.73,,PUT,7425,0,241251,6/29/2026,WHITE,0,0,F,INDEX,,F,T,0,0
6/29/2026,9:58:14 AM,SPXW,ML/,50,33.91,,PUT,7425,0,169549,6/29/2026,WHITE,0,0,F,INDEX,,F,T,0,0
6/29/2026,10:30:24 AM,SPXW,ML/,120,37.45,,PUT,7425,0,449400,6/29/2026,WHITE,0,0,F,INDEX,,F,T,0,0
6/29/2026,10:54:04 AM,SPXW,ML/,78,23.37,,PUT,7425,0,182286,6/29/2026,WHITE,0,0,F,INDEX,,F,T,0,0
6/29/2026,10:54:40 AM,SPXW,ML/,78,21.85,,PUT,7425,0,170430,6/29/2026,WHITE,0,0,F,INDEX,,F,T,0,0
6/29/2026,10:54:48 AM,SPXW,ML/,58,22.33,,PUT,7425,0,129513,6/29/2026,WHITE,0,0,F,INDEX,,F,T,0,0
6/29/2026,10:54:49 AM,SPXW,ML/,78,22.37,,PUT,7425,0,174486,6/29/2026,WHITE,0,0,F,INDEX,,F,T,0,0
6/29/2026,10:54:49 AM,SPXW,ML/,56,22.42,,PUT,7425,0,125552,6/29/2026,WHITE,0,0,F,INDEX,,F,T,0,0
6/29/2026,2:29:56 PM,SPXW,ML/,76,4.37,,PUT,7425,0,33212,6/29/2026,WHITE,0,0,F,INDEX,,F,T,0,0
6/29/2026,2:04:38 PM,SPXW,ML/,77,3.98,,PUT,7425,0,30645,6/29/2026,WHITE,0,0,F,INDEX,,F,T,0,0
6/29/2026,9:33:57 AM,SPXW,BLOCK,55,19,,PUT,7410,0,104500,6/29/2026,WHITE,0,0,F,INDEX,,F,T,0,0
6/29/2026,9:33:57 AM,SPXW,BLOCK,52,19.2,,PUT,7410,0,99839,6/29/2026,WHITE,0,0,F,INDEX,,F,T,0,0
6/29/2026,12:01:54 PM,SPXW,BLOCK,120,7.9,,PUT,7410,0,94800,6/29/2026,WHITE,0,0,F,INDEX,,F,T,0,0
6/29/2026,12:01:18 PM,SPXW,BLOCK,61,8.7,,PUT,7410,0,53069,6/29/2026,WHITE,0,0,F,INDEX,,F,T,0,0
6/29/2026,12:15:08 PM,SPXW,BLOCK,60,7.8,,PUT,7410,0,46800,6/29/2026,WHITE,0,0,F,INDEX,,F,T,0,0
6/29/2026,12:20:49 PM,SPXW,BLOCK,55,8,,PUT,7410,0,44000,6/29/2026,WHITE,0,0,F,INDEX,,F,T,0,0
6/29/2026,12:17:06 PM,SPXW,ML/,101,7.95,,PUT,7410,0,80295,6/29/2026,WHITE,0,0,F,INDEX,,F,T,0,0
6/29/2026,12:27:23 PM,SPXW,BLOCK,75,9,,PUT,7410,0,67500,6/29/2026,WHITE,0,0,F,INDEX,,F,T,0,0
6/29/2026,12:27:24 PM,SPXW,BLOCK,79,9,,PUT,7410,0,71100,6/29/2026,WHITE,0,0,F,INDEX,,F,T,0,0
6/29/2026,12:30:46 PM,SPXW,BLOCK,82,9.1,,PUT,7410,0,74620,6/29/2026,WHITE,0,0,F,INDEX,,F,T,0,0
6/29/2026,12:30:20 PM,SPXW,ML/,75,8.98,,PUT,7410,0,67350,6/29/2026,WHITE,0,0,F,INDEX,,F,T,0,0
6/29/2026,11:58:34 AM,SPXW,ML/,120,10.25,,PUT,7410,0,123000,6/29/2026,WHITE,0,0,F,INDEX,,F,T,0,0
6/29/2026,12:36:32 PM,SPXW,BLOCK,63,9.2,,PUT,7410,0,57959,6/29/2026,WHITE,0,0,F,INDEX,,F,T,0,0
6/29/2026,12:38:00 PM,SPXW,BLOCK,65,8.7,,PUT,7410,0,56549,6/29/2026,WHITE,0,0,F,INDEX,,F,T,0,0
6/29/2026,12:52:58 PM,SPXW,BLOCK,56,6.5,,PUT,7410,0,36400,6/29/2026,WHITE,0,0,F,INDEX,,F,T,0,0
6/29/2026,12:53:08 PM,SPXW,BLOCK,53,6.6,,PUT,7410,0,34980,6/29/2026,WHITE,0,0,F,INDEX,,F,T,0,0
6/29/2026,12:54:25 PM,SPXW,ML/,65,5.8,,PUT,7410,0,37700,6/29/2026,WHITE,0,0,F,INDEX,,F,T,0,0
6/29/2026,1:05:30 PM,SPXW,BLOCK,61,4.7,,PUT,7410,0,28670,6/29/2026,WHITE,0,0,F,INDEX,,F,T,0,0
6/29/2026,1:05:44 PM,SPXW,BLOCK,154,4.7,,PUT,7410,0,72380,6/29/2026,WHITE,0,0,F,INDEX,,F,T,0,0
6/29/2026,1:15:07 PM,SPXW,ML/,54,3.02,,PUT,7410,0,16307,6/29/2026,WHITE,0,0,F,INDEX,,F,T,0,0
6/29/2026,1:16:29 PM,SPXW,BLOCK,50,3.2,,PUT,7410,0,16000,6/29/2026,WHITE,0,0,F,INDEX,,F,T,0,0
6/29/2026,1:23:07 PM,SPXW,ML/,75,3.92,,PUT,7410,0,29400,6/29/2026,WHITE,0,0,F,INDEX,,F,T,0,0
6/29/2026,1:29:08 PM,SPXW,BLOCK,50,3,,PUT,7410,0,15000,6/29/2026,WHITE,0,0,F,INDEX,,F,T,0,0
6/29/2026,1:42:06 PM,SPXW,BLOCK,102,2.3,,PUT,7410,0,23460,6/29/2026,WHITE,0,0,F,INDEX,,F,T,0,0
6/29/2026,1:48:47 PM,SPXW,ML/,80,1.9,,PUT,7410,0,15200,6/29/2026,WHITE,0,0,F,INDEX,,F,T,0,0
6/29/2026,1:54:04 PM,SPXW,BLOCK,102,1.5,,PUT,7410,0,15300,6/29/2026,WHITE,0,0,F,INDEX,,F,T,0,0
6/29/2026,1:55:27 PM,SPXW,BLOCK,100,1.65,,PUT,7410,0,16500,6/29/2026,WHITE,0,0,F,INDEX,,F,T,0,0
6/29/2026,2:00:01 PM,SPXW,ML/,53,1.9,,PUT,7410,0,10069,6/29/2026,WHITE,0,0,F,INDEX,,F,T,0,0
6/29/2026,2:05:11 PM,SPXW,BLOCK,99,1.5,,PUT,7410,0,14850,6/29/2026,WHITE,0,0,F,INDEX,,F,T,0,0
6/29/2026,2:08:17 PM,SPXW,BLOCK,100,1.6,,PUT,7410,0,16000,6/29/2026,WHITE,0,0,F,INDEX,,F,T,0,0
6/29/2026,2:23:19 PM,SPXW,BLOCK,103,1.4,,PUT,7410,0,14419,6/29/2026,WHITE,0,0,F,INDEX,,F,T,0,0
6/29/2026,2:25:06 PM,SPXW,BLOCK,78,1.6,,PUT,7410,0,12480,6/29/2026,WHITE,0,0,F,INDEX,,F,T,0,0
6/29/2026,2:32:19 PM,SPXW,BLOCK,91,1.3,,PUT,7410,0,11830,6/29/2026,WHITE,0,0,F,INDEX,,F,T,0,0
6/29/2026,10:32:41 AM,SPXW,ML/,200,24.4,,PUT,7410,0,488000,6/29/2026,WHITE,0,0,F,INDEX,,F,T,0,0
6/29/2026,9:38:41 AM,SPXW,ML/,57,23.43,,PUT,7410,0,133551,6/29/2026,WHITE,0,0,F,INDEX,,F,T,0,0
6/29/2026,9:49:28 AM,SPXW,ML/,50,12.39,,PUT,7410,0,61950,6/29/2026,WHITE,0,0,F,INDEX,,F,T,0,0
6/29/2026,11:58:34 AM,SPXW,ML/,78,10.28,,PUT,7410,0,80183,6/29/2026,WHITE,0,0,F,INDEX,,F,T,0,0
6/29/2026,12:23:59 PM,SPXW,ML/,80,7.59,,PUT,7410,0,60720,6/29/2026,WHITE,0,0,F,INDEX,,F,T,0,0
6/29/2026,9:52:14 AM,SPXW,BLOCK,100,14,,PUT,7420,0,140000,6/29/2026,WHITE,0,0,F,INDEX,,F,T,0,0
6/29/2026,9:53:41 AM,SPXW,BLOCK,50,14.9,,PUT,7420,0,74500,6/29/2026,WHITE,0,0,F,INDEX,,F,T,0,0
6/29/2026,9:55:00 AM,SPXW,BLOCK,52,16.9,,PUT,7420,0,87880,6/29/2026,WHITE,0,0,F,INDEX,,F,T,0,0
6/29/2026,12:01:40 PM,SPXW,BLOCK,57,12,,PUT,7420,0,68400,6/29/2026,WHITE,0,0,F,INDEX,,F,T,0,0
6/29/2026,12:05:26 PM,SPXW,ML/,163,11.4,,PUT,7420,0,185820,6/29/2026,WHITE,0,0,F,INDEX,,F,T,0,0
6/29/2026,12:10:31 PM,SPXW,ML/,66,12.5,,PUT,7420,0,82500,6/29/2026,WHITE,0,0,F,INDEX,,F,T,0,0
6/29/2026,12:43:17 PM,SPXW,ML/,50,13.2,,PUT,7420,0,66000,6/29/2026,WHITE,0,0,F,INDEX,,F,T,0,0
6/29/2026,12:54:12 PM,SPXW,BLOCK,71,10,,PUT,7420,0,71000,6/29/2026,WHITE,0,0,F,INDEX,,F,T,0,0
6/29/2026,1:01:52 PM,SPXW,BLOCK,101,9.4,,PUT,7420,0,94940,6/29/2026,WHITE,0,0,F,INDEX,,F,T,0,0
6/29/2026,1:08:10 PM,SPXW,BLOCK,60,8.5,,PUT,7420,0,51000,6/29/2026,WHITE,0,0,F,INDEX,,F,T,0,0
6/29/2026,1:12:10 PM,SPXW,BLOCK,68,6.6,,PUT,7420,0,44879,6/29/2026,WHITE,0,0,F,INDEX,,F,T,0,0
6/29/2026,1:13:24 PM,SPXW,BLOCK,86,5.7,,PUT,7420,0,49020,6/29/2026,WHITE,0,0,F,INDEX,,F,T,0,0
6/29/2026,1:15:02 PM,SPXW,BLOCK,55,5.4,,PUT,7420,0,29700,6/29/2026,WHITE,0,0,F,INDEX,,F,T,0,0
6/29/2026,1:16:02 PM,SPXW,BLOCK,53,5.4,,PUT,7420,0,28620,6/29/2026,WHITE,0,0,F,INDEX,,F,T,0,0
6/29/2026,1:17:47 PM,SPXW,SWEEP,95,5.3,,PUT,7420,0,50350,6/29/2026,WHITE,0,0,F,INDEX,,F,T,0,0
6/29/2026,1:17:43 PM,SPXW,ML/,229,5.25,,PUT,7420,0,120225,6/29/2026,WHITE,0,0,F,INDEX,,F,T,0,0
6/29/2026,1:20:32 PM,SPXW,BLOCK,72,4.8,,PUT,7420,0,34560,6/29/2026,WHITE,0,0,F,INDEX,,F,T,0,0
6/29/2026,1:21:52 PM,SPXW,BLOCK,50,5.8,,PUT,7420,0,29000,6/29/2026,WHITE,0,0,F,INDEX,,F,T,0,0
6/29/2026,1:22:10 PM,SPXW,ML/,57,5.9,,PUT,7420,0,33630,6/29/2026,WHITE,0,0,F,INDEX,,F,T,0,0
6/29/2026,1:22:16 PM,SPXW,BLOCK,92,6,,PUT,7420,0,55200,6/29/2026,WHITE,0,0,F,INDEX,,F,T,0,0
6/29/2026,1:23:38 PM,SPXW,ML/,51,6.75,,PUT,7420,0,34425,6/29/2026,WHITE,0,0,F,INDEX,,F,T,0,0
6/29/2026,1:25:13 PM,SPXW,BLOCK,72,6.6,,PUT,7420,0,47520,6/29/2026,WHITE,0,0,F,INDEX,,F,T,0,0
6/29/2026,1:29:13 PM,SPXW,BLOCK,97,5.1,,PUT,7420,0,49470,6/29/2026,WHITE,0,0,F,INDEX,,F,T,0,0
6/29/2026,1:29:13 PM,SPXW,BLOCK,79,5,,PUT,7420,0,39500,6/29/2026,WHITE,0,0,F,INDEX,,F,T,0,0
6/29/2026,1:29:35 PM,SPXW,SWEEP,50,4.9,,PUT,7420,0,24500,6/29/2026,WHITE,0,0,F,INDEX,,F,T,0,0
6/29/2026,1:30:24 PM,SPXW,BLOCK,51,4.8,,PUT,7420,0,24480,6/29/2026,WHITE,0,0,F,INDEX,,F,T,0,0
6/29/2026,1:31:01 PM,SPXW,SWEEP,50,4.3,,PUT,7420,0,21500,6/29/2026,WHITE,0,0,F,INDEX,,F,T,0,0
6/29/2026,1:32:24 PM,SPXW,ML/,51,4.1,,PUT,7420,0,20910,6/29/2026,WHITE,0,0,F,INDEX,,F,T,0,0
6/29/2026,1:34:53 PM,SPXW,BLOCK,50,4.5,,PUT,7420,0,22500,6/29/2026,WHITE,0,0,F,INDEX,,F,T,0,0
6/29/2026,1:40:42 PM,SPXW,ML/,61,3.9,,PUT,7420,0,23789,6/29/2026,WHITE,0,0,F,INDEX,,F,T,0,0
6/29/2026,1:42:28 PM,SPXW,ML/,68,3.8,,PUT,7420,0,25839,6/29/2026,WHITE,0,0,F,INDEX,,F,T,0,0
6/29/2026,1:42:29 PM,SPXW,ML/,55,3.76,,PUT,7420,0,20680,6/29/2026,WHITE,0,0,F,INDEX,,F,T,0,0
6/29/2026,1:42:30 PM,SPXW,ML/,78,3.74,,PUT,7420,0,29172,6/29/2026,WHITE,0,0,F,INDEX,,F,T,0,0
6/29/2026,1:42:31 PM,SPXW,ML/,78,3.74,,PUT,7420,0,29172,6/29/2026,WHITE,0,0,F,INDEX,,F,T,0,0
6/29/2026,1:42:28 PM,SPXW,ML/,78,3.8,,PUT,7420,0,29639,6/29/2026,WHITE,0,0,F,INDEX,,F,T,0,0
6/29/2026,1:54:23 PM,SPXW,ML/,65,2.6,,PUT,7420,0,16900,6/29/2026,WHITE,0,0,F,INDEX,,F,T,0,0
6/29/2026,1:55:35 PM,SPXW,BLOCK,57,3,,PUT,7420,0,17100,6/29/2026,WHITE,0,0,F,INDEX,,F,T,0,0
6/29/2026,1:58:20 PM,SPXW,BLOCK,100,3.7,,PUT,7420,0,37000,6/29/2026,WHITE,0,0,F,INDEX,,F,T,0,0
6/29/2026,2:14:23 PM,SPXW,ML/,100,2.4,,PUT,7420,0,24000,6/29/2026,WHITE,0,0,F,INDEX,,F,T,0,0
6/29/2026,2:15:16 PM,SPXW,ML/,53,2.7,,PUT,7420,0,14310,6/29/2026,WHITE,0,0,F,INDEX,,F,T,0,0
6/29/2026,2:18:18 PM,SPXW,BLOCK,50,2.8,,PUT,7420,0,13999,6/29/2026,WHITE,0,0,F,INDEX,,F,T,0,0
6/29/2026,2:23:58 PM,SPXW,BLOCK,50,2.65,,PUT,7420,0,13250,6/29/2026,WHITE,0,0,F,INDEX,,F,T,0,0
6/29/2026,2:27:14 PM,SPXW,BLOCK,111,2.75,,PUT,7420,0,30525,6/29/2026,WHITE,0,0,F,INDEX,,F,T,0,0
6/29/2026,2:32:21 PM,SPXW,BLOCK,101,2.4,,PUT,7420,0,24239,6/29/2026,WHITE,0,0,F,INDEX,,F,T,0,0
6/29/2026,2:36:32 PM,SPXW,ML/,100,1.65,,PUT,7420,0,16500,6/29/2026,WHITE,0,0,F,INDEX,,F,T,0,0
6/29/2026,2:36:45 PM,SPXW,SWEEP,100,1.65,,PUT,7420,0,16500,6/29/2026,WHITE,0,0,F,INDEX,,F,T,0,0
6/29/2026,2:46:42 PM,SPXW,ML/,99,1.1,,PUT,7420,0,10890,6/29/2026,WHITE,0,0,F,INDEX,,F,T,0,0
6/29/2026,2:59:56 PM,SPXW,ML/,122,1.37,,PUT,7420,0,16714,6/29/2026,WHITE,0,0,F,INDEX,,F,T,0,0
6/29/2026,3:35:05 PM,SPXW,BLOCK,218,0.5,,PUT,7420,0,10900,6/29/2026,WHITE,0,0,F,INDEX,,F,T,0,0
6/29/2026,9:30:31 AM,SPXW,ML/,50,43.46,,PUT,7420,0,217300,6/29/2026,WHITE,0,0,F,INDEX,,F,T,0,0
6/29/2026,1:40:43 PM,SPXW,ML/,50,3.98,,PUT,7420,0,19900,6/29/2026,WHITE,0,0,F,INDEX,,F,T,0,0
6/29/2026,1:42:30 PM,SPXW,ML/,78,3.76,,PUT,7420,0,29327,6/29/2026,WHITE,0,0,F,INDEX,,F,T,0,0
6/29/2026,9:40:44 AM,SPXW,ML/,100,18.6,,CALL,7410,0,186000,6/29/2026,WHITE,0,0,F,INDEX,,F,T,0,0
6/29/2026,9:51:13 AM,SPXW,BLOCK,113,25,,CALL,7410,0,282500,6/29/2026,WHITE,0,0,F,INDEX,,F,T,0,0
6/29/2026,9:57:00 AM,SPXW,BLOCK,56,15,,CALL,7410,0,84000,6/29/2026,WHITE,0,0,F,INDEX,,F,T,0,0
6/29/2026,9:57:55 AM,SPXW,BLOCK,110,12.9,,CALL,7410,0,141900,6/29/2026,WHITE,0,0,F,INDEX,,F,T,0,0
6/29/2026,10:04:33 AM,SPXW,BLOCK,104,10,,CALL,7410,0,104000,6/29/2026,WHITE,0,0,F,INDEX,,F,T,0,0
6/29/2026,10:13:26 AM,SPXW,ML/,50,4.88,,CALL,7410,0,24400,6/29/2026,WHITE,0,0,F,INDEX,,F,T,0,0
6/29/2026,10:16:26 AM,SPXW,ML/,100,5.29,,CALL,7410,0,52900,6/29/2026,WHITE,0,0,F,INDEX,,F,T,0,0
6/29/2026,10:16:27 AM,SPXW,BLOCK,55,5.3,,CALL,7410,0,29150,6/29/2026,WHITE,0,0,F,INDEX,,F,T,0,0
6/29/2026,10:19:54 AM,SPXW,ML/,241,5.1,,CALL,7410,0,122909,6/29/2026,WHITE,0,0,F,INDEX,,F,T,0,0
6/29/2026,10:19:53 AM,SPXW,ML/,64,5.2,,CALL,7410,0,33280,6/29/2026,WHITE,0,0,F,INDEX,,F,T,0,0
6/29/2026,10:25:14 AM,SPXW,ML/,65,6,,CALL,7410,0,39000,6/29/2026,WHITE,0,0,F,INDEX,,F,T,0,0
6/29/2026,10:30:05 AM,SPXW,ML/,70,7.8,,CALL,7410,0,54600,6/29/2026,WHITE,0,0,F,INDEX,,F,T,0,0
6/29/2026,10:37:34 AM,SPXW,ML/,50,9.97,,CALL,7410,0,49850,6/29/2026,WHITE,0,0,F,INDEX,,F,T,0,0
6/29/2026,10:38:20 AM,SPXW,BLOCK,60,13,,CALL,7410,0,78000,6/29/2026,WHITE,0,0,F,INDEX,,F,T,0,0
6/29/2026,11:05:05 AM,SPXW,BLOCK,55,9.3,,CALL,7410,0,51150,6/29/2026,WHITE,0,0,F,INDEX,,F,T,0,0
6/29/2026,11:16:38 AM,SPXW,BLOCK,186,9.7,,CALL,7410,0,180419,6/29/2026,WHITE,0,0,F,INDEX,,F,T,0,0
6/29/2026,11:17:12 AM,SPXW,BLOCK,68,9.8,,CALL,7410,0,66640,6/29/2026,WHITE,0,0,F,INDEX,,F,T,0,0
6/29/2026,11:17:18 AM,SPXW,BLOCK,78,9.8,,CALL,7410,0,76440,6/29/2026,WHITE,0,0,F,INDEX,,F,T,0,0
6/29/2026,11:23:58 AM,SPXW,BLOCK,200,6.7,,CALL,7410,0,134000,6/29/2026,WHITE,0,0,F,INDEX,,F,T,0,0
6/29/2026,11:25:09 AM,SPXW,BLOCK,55,6.9,,CALL,7410,0,37950,6/29/2026,WHITE,0,0,F,INDEX,,F,T,0,0
6/29/2026,11:25:23 AM,SPXW,BLOCK,68,6.9,,CALL,7410,0,46920,6/29/2026,WHITE,0,0,F,INDEX,,F,T,0,0
6/29/2026,11:25:24 AM,SPXW,BLOCK,80,6.9,,CALL,7410,0,55200,6/29/2026,WHITE,0,0,F,INDEX,,F,T,0,0
6/29/2026,11:28:23 AM,SPXW,BLOCK,76,9,,CALL,7410,0,68400,6/29/2026,WHITE,0,0,F,INDEX,,F,T,0,0
6/29/2026,11:30:59 AM,SPXW,BLOCK,100,10.2,,CALL,7410,0,101999,6/29/2026,WHITE,0,0,F,INDEX,,F,T,0,0
6/29/2026,11:36:46 AM,SPXW,BLOCK,95,9,,CALL,7410,0,85500,6/29/2026,WHITE,0,0,F,INDEX,,F,T,0,0
6/29/2026,11:37:37 AM,SPXW,BLOCK,90,10,,CALL,7410,0,90000,6/29/2026,WHITE,0,0,F,INDEX,,F,T,0,0
6/29/2026,11:43:32 AM,SPXW,BLOCK,50,12,,CALL,7410,0,60000,6/29/2026,WHITE,0,0,F,INDEX,,F,T,0,0
6/29/2026,11:52:24 AM,SPXW,BLOCK,51,10,,CALL,7410,0,51000,6/29/2026,WHITE,0,0,F,INDEX,,F,T,0,0
6/29/2026,11:00:28 AM,SPXW,BLOCK,58,13.1,,CALL,7410,0,75980,6/29/2026,WHITE,0,0,F,INDEX,,F,T,0,0
6/29/2026,11:59:21 AM,SPXW,BLOCK,50,12.8,,CALL,7410,0,64000,6/29/2026,WHITE,0,0,F,INDEX,,F,T,0,0
6/29/2026,12:04:17 PM,SPXW,BLOCK,92,14.1,,CALL,7410,0,129720,6/29/2026,WHITE,0,0,F,INDEX,,F,T,0,0
6/29/2026,12:04:35 PM,SPXW,ML/,90,14.1,,CALL,7410,0,126900,6/29/2026,WHITE,0,0,F,INDEX,,F,T,0,0
6/29/2026,12:04:39 PM,SPXW,BLOCK,228,14.1,,CALL,7410,0,321480,6/29/2026,WHITE,0,0,F,INDEX,,F,T,0,0
6/29/2026,12:35:45 PM,SPXW,BLOCK,50,10.4,,CALL,7410,0,52000,6/29/2026,WHITE,0,0,F,INDEX,,F,T,0,0
6/29/2026,12:40:31 PM,SPXW,BLOCK,56,10.8,,CALL,7410,0,60480,6/29/2026,WHITE,0,0,F,INDEX,,F,T,0,0
6/29/2026,12:28:06 PM,SPXW,BLOCK,50,12.3,,CALL,7410,0,61500,6/29/2026,WHITE,0,0,F,INDEX,,F,T,0,0
6/29/2026,11:00:20 AM,SPXW,ML/,65,12.87,,CALL,7410,0,83655,6/29/2026,WHITE,0,0,F,INDEX,,F,T,0,0
6/29/2026,3:06:23 PM,SPXW,ML/,50,26.39,,CALL,7410,0,131950,6/29/2026,WHITE,0,0,F,INDEX,,F,T,0,0
6/29/2026,12:32:43 PM,SPXW,ML/,125,10.15,,CALL,7410,0,126875,6/29/2026,WHITE,0,0,F,INDEX,,F,T,0,0
6/29/2026,10:16:27 AM,SPXW,ML/,65,5.29,,CALL,7410,0,34385,6/29/2026,WHITE,0,0,F,INDEX,,F,T,0,0
6/29/2026,10:18:29 AM,SPXW,ML/,200,4.63,,CALL,7410,0,92600,6/29/2026,WHITE,0,0,F,INDEX,,F,T,0,0
6/29/2026,10:19:53 AM,SPXW,ML/,58,5.15,,CALL,7410,0,29870,6/29/2026,WHITE,0,0,F,INDEX,,F,T,0,0
6/29/2026,10:19:54 AM,SPXW,ML/,66,5.14,,CALL,7410,0,33923,6/29/2026,WHITE,0,0,F,INDEX,,F,T,0,0
6/29/2026,11:06:10 AM,SPXW,ML/,100,9.47,,CALL,7410,0,94700,6/29/2026,WHITE,0,0,F,INDEX,,F,T,0,0
6/29/2026,1:00:25 PM,SPXW,ML/,51,13.15,,CALL,7410,0,67065,6/29/2026,WHITE,0,0,F,INDEX,,F,T,0,0
6/29/2026,1:09:45 PM,SPXW,ML/,57,15.95,,CALL,7410,0,90915,6/29/2026,WHITE,0,0,F,INDEX,,F,T,0,0
6/29/2026,2:19:20 PM,SPXW,ML/,53,25.84,,CALL,7410,0,136952,6/29/2026,WHITE,0,0,F,INDEX,,F,T,0,0
6/29/2026,9:30:03 AM,SPXW,ML/,50,3.12,,PUT,7310,0,15600,6/29/2026,WHITE,0,0,F,INDEX,,F,T,0,0
6/29/2026,9:38:30 AM,SPXW,ML/,70,2,,PUT,7310,0,14000,6/29/2026,WHITE,0,0,F,INDEX,,F,T,0,0
6/29/2026,9:47:30 AM,SPXW,ML/,290,1.2,,PUT,7310,0,34800,6/29/2026,WHITE,0,0,F,INDEX,,F,T,0,0
6/29/2026,9:59:22 AM,SPXW,BLOCK,65,2.55,,PUT,7310,0,16575,6/29/2026,WHITE,0,0,F,INDEX,,F,T,0,0
6/29/2026,10:00:47 AM,SPXW,BLOCK,102,3.2,,PUT,7310,0,32640,6/29/2026,WHITE,0,0,F,INDEX,,F,T,0,0
6/29/2026,10:05:02 AM,SPXW,BLOCK,110,3,,PUT,7310,0,33000,6/29/2026,WHITE,0,0,F,INDEX,,F,T,0,0
6/29/2026,10:09:20 AM,SPXW,ML/,50,3.8,,PUT,7310,0,19000,6/29/2026,WHITE,0,0,F,INDEX,,F,T,0,0
6/29/2026,10:10:33 AM,SPXW,BLOCK,82,5.1,,PUT,7310,0,41820,6/29/2026,WHITE,0,0,F,INDEX,,F,T,0,0
6/29/2026,9:36:18 AM,SPXW,ML/,82,1.88,,PUT,7310,0,15416,6/29/2026,WHITE,0,0,F,INDEX,,F,T,0,0
6/29/2026,10:35:10 AM,SPXW,ML/,80,1.45,,PUT,7310,0,11600,6/29/2026,WHITE,0,0,F,INDEX,,F,T,0,0
6/29/2026,10:32:20 AM,SPXW,ML/,201,1.92,,PUT,7310,0,38591,6/29/2026,WHITE,0,0,F,INDEX,,F,T,0,0
6/29/2026,11:31:23 AM,SPXW,BLOCK,200,0.65,,PUT,7310,0,13000,6/29/2026,WHITE,0,0,F,INDEX,,F,T,0,0
6/29/2026,9:59:15 AM,SPXW,ML/,200,2.52,,PUT,7310,0,50400,6/29/2026,WHITE,0,0,F,INDEX,,F,T,0,0
6/29/2026,10:00:28 AM,SPXW,ML/,50,3.01,,PUT,7310,0,15049,6/29/2026,WHITE,0,0,F,INDEX,,F,T,0,0
6/29/2026,11:39:46 AM,SPXW,ML/,290,0.59,,PUT,7310,0,17110,6/29/2026,WHITE,0,0,F,INDEX,,F,T,0,0
6/29/2026,9:38:30 AM,SPXW,ML/,70,2.5,,PUT,7320,0,17500,6/29/2026,WHITE,0,0,F,INDEX,,F,T,0,0
6/29/2026,9:49:23 AM,SPXW,BLOCK,100,1.5,,PUT,7320,0,15000,6/29/2026,WHITE,0,0,F,INDEX,,F,T,0,0
6/29/2026,9:55:09 AM,SPXW,ML/,94,1.67,,PUT,7320,0,15697,6/29/2026,WHITE,0,0,F,INDEX,,F,T,0,0
6/29/2026,10:00:00 AM,SPXW,BLOCK,52,2.85,,PUT,7320,0,14819,6/29/2026,WHITE,0,0,F,INDEX,,F,T,0,0
6/29/2026,10:07:01 AM,SPXW,ML/,50,4.28,,PUT,7320,0,21400,6/29/2026,WHITE,0,0,F,INDEX,,F,T,0,0
6/29/2026,10:07:32 AM,SPXW,BLOCK,52,4.3,,PUT,7320,0,22360,6/29/2026,WHITE,0,0,F,INDEX,,F,T,0,0
6/29/2026,10:19:24 AM,SPXW,ML/,100,8.03,,PUT,7320,0,80299,6/29/2026,WHITE,0,0,F,INDEX,,F,T,0,0
6/29/2026,10:28:52 AM,SPXW,ML/,100,3.65,,PUT,7320,0,36500,6/29/2026,WHITE,0,0,F,INDEX,,F,T,0,0
6/29/2026,9:57:16 AM,SPXW,ML/,50,3.01,,PUT,7320,0,15050,6/29/2026,WHITE,0,0,F,INDEX,,F,T,0,0
6/29/2026,10:44:32 AM,SPXW,ML/,610,1.87,,PUT,7320,0,114070,6/29/2026,WHITE,0,0,F,INDEX,,F,T,0,0
6/29/2026,10:53:47 AM,SPXW,ML/,137,1.22,,PUT,7320,0,16714,6/29/2026,WHITE,0,0,F,INDEX,,F,T,0,0
6/29/2026,10:32:20 AM,SPXW,ML/,52,2.48,,PUT,7320,0,12896,6/29/2026,WHITE,0,0,F,INDEX,,F,T,0,0
6/29/2026,10:03:42 AM,SPXW,ML/,60,3.13,,PUT,7320,0,18780,6/29/2026,WHITE,0,0,F,INDEX,,F,T,0,0
6/29/2026,10:09:20 AM,SPXW,ML/,50,4.85,,PUT,7320,0,24249,6/29/2026,WHITE,0,0,F,INDEX,,F,T,0,0
6/29/2026,9:33:52 AM,SPXW,BLOCK,51,5.7,,PUT,7360,0,29070,6/29/2026,WHITE,0,0,F,INDEX,,F,T,0,0
6/29/2026,9:40:44 AM,SPXW,BLOCK,50,4.9,,PUT,7360,0,24500,6/29/2026,WHITE,0,0,F,INDEX,,F,T,0,0
6/29/2026,9:45:17 AM,SPXW,BLOCK,50,3.3,,PUT,7360,0,16500,6/29/2026,WHITE,0,0,F,INDEX,,F,T,0,0
6/29/2026,9:45:07 AM,SPXW,ML/,50,3.47,,PUT,7360,0,17350,6/29/2026,WHITE,0,0,F,INDEX,,F,T,0,0
6/29/2026,9:49:24 AM,SPXW,BLOCK,65,3.3,,PUT,7360,0,21450,6/29/2026,WHITE,0,0,F,INDEX,,F,T,0,0
6/29/2026,9:50:03 AM,SPXW,ML/,50,4.15,,PUT,7360,0,20750,6/29/2026,WHITE,0,0,F,INDEX,,F,T,0,0
6/29/2026,10:15:03 AM,SPXW,ML/,50,26.6,,PUT,7360,0,133000,6/29/2026,WHITE,0,0,F,INDEX,,F,T,0,0
6/29/2026,10:36:22 AM,SPXW,ML/,151,5.5,,PUT,7360,0,83050,6/29/2026,WHITE,0,0,F,INDEX,,F,T,0,0
6/29/2026,10:59:27 AM,SPXW,BLOCK,100,3.5,,PUT,7360,0,35000,6/29/2026,WHITE,0,0,F,INDEX,,F,T,0,0
6/29/2026,10:59:54 AM,SPXW,ML/,191,3.37,,PUT,7360,0,64367,6/29/2026,WHITE,0,0,F,INDEX,,F,T,0,0
6/29/2026,10:56:33 AM,SPXW,ML/,118,4.25,,PUT,7360,0,50150,6/29/2026,WHITE,0,0,F,INDEX,,F,T,0,0
6/29/2026,9:54:22 AM,SPXW,ML/,84,2.97,,PUT,7360,0,24948,6/29/2026,WHITE,0,0,F,INDEX,,F,T,0,0
6/29/2026,11:19:34 AM,SPXW,BLOCK,100,3.6,,PUT,7360,0,36000,6/29/2026,WHITE,0,0,F,INDEX,,F,T,0,0
6/29/2026,11:19:49 AM,SPXW,BLOCK,105,3.7,,PUT,7360,0,38850,6/29/2026,WHITE,0,0,F,INDEX,,F,T,0,0
6/29/2026,11:22:09 AM,SPXW,BLOCK,86,3,,PUT,7360,0,25800,6/29/2026,WHITE,0,0,F,INDEX,,F,T,0,0
6/29/2026,11:29:10 AM,SPXW,BLOCK,100,2.8,,PUT,7360,0,28000,6/29/2026,WHITE,0,0,F,INDEX,,F,T,0,0
6/29/2026,11:41:55 AM,SPXW,ML/,201,2,,PUT,7360,0,40200,6/29/2026,WHITE,0,0,F,INDEX,,F,T,0,0
6/29/2026,11:54:14 AM,SPXW,ML/,115,1.97,,PUT,7360,0,22655,6/29/2026,WHITE,0,0,F,INDEX,,F,T,0,0
6/29/2026,11:54:14 AM,SPXW,ML/,59,1.97,,PUT,7360,0,11623,6/29/2026,WHITE,0,0,F,INDEX,,F,T,0,0
6/29/2026,12:04:34 PM,SPXW,ML/,82,1.22,,PUT,7360,0,10004,6/29/2026,WHITE,0,0,F,INDEX,,F,T,0,0
6/29/2026,12:10:52 PM,SPXW,ML/,353,1.37,,PUT,7360,0,48361,6/29/2026,WHITE,0,0,F,INDEX,,F,T,0,0
6/29/2026,12:16:56 PM,SPXW,ML/,163,1.42,,PUT,7360,0,23146,6/29/2026,WHITE,0,0,F,INDEX,,F,T,0,0
6/29/2026,12:25:34 PM,SPXW,ML/,83,1.37,,PUT,7360,0,11371,6/29/2026,WHITE,0,0,F,INDEX,,F,T,0,0
6/29/2026,12:51:05 PM,SPXW,ML/,164,0.95,,PUT,7360,0,15579,6/29/2026,WHITE,0,0,F,INDEX,,F,T,0,0
6/29/2026,1:17:27 PM,SPXW,BLOCK,194,0.6,,PUT,7360,0,11640,6/29/2026,WHITE,0,0,F,INDEX,,F,T,0,0
6/29/2026,9:33:35 AM,SPXW,ML/,92,6.01,,PUT,7360,0,55291,6/29/2026,WHITE,0,0,F,INDEX,,F,T,0,0
6/29/2026,9:36:52 AM,SPXW,ML/,60,7.37,,PUT,7360,0,44220,6/29/2026,WHITE,0,0,F,INDEX,,F,T,0,0
6/29/2026,10:10:20 AM,SPXW,ML/,115,13.65,,PUT,7360,0,156975,6/29/2026,WHITE,0,0,F,INDEX,,F,T,0,0
6/29/2026,10:18:15 AM,SPXW,ML/,100,24.45,,PUT,7360,0,244500,6/29/2026,WHITE,0,0,F,INDEX,,F,T,0,0
6/29/2026,10:56:33 AM,SPXW,ML/,132,4.27,,PUT,7360,0,56363,6/29/2026,WHITE,0,0,F,INDEX,,F,T,0,0
6/29/2026,12:52:24 PM,SPXW,ML/,100,1.07,,PUT,7360,0,10700,6/29/2026,WHITE,0,0,F,INDEX,,F,T,0,0
6/29/2026,10:09:19 AM,SPXW,BLOCK,92,15.1,,CALL,7390,0,138920,6/29/2026,WHITE,0,0,F,INDEX,,F,T,0,0
6/29/2026,10:09:19 AM,SPXW,BLOCK,58,15.1,,CALL,7390,0,87580,6/29/2026,WHITE,0,0,F,INDEX,,F,T,0,0
6/29/2026,10:12:06 AM,SPXW,BLOCK,88,12.6,,CALL,7390,0,110880,6/29/2026,WHITE,0,0,F,INDEX,,F,T,0,0
6/29/2026,10:34:39 AM,SPXW,ML/,100,23.67,,CALL,7390,0,236700,6/29/2026,WHITE,0,0,F,INDEX,,F,T,0,0
6/29/2026,10:49:15 AM,SPXW,BLOCK,65,16.1,,CALL,7390,0,104650,6/29/2026,WHITE,0,0,F,INDEX,,F,T,0,0
6/29/2026,10:50:08 AM,SPXW,BLOCK,73,20.2,,CALL,7390,0,147460,6/29/2026,WHITE,0,0,F,INDEX,,F,T,0,0
6/29/2026,10:24:23 AM,SPXW,ML/,50,9.45,,CALL,7390,0,47249,6/29/2026,WHITE,0,0,F,INDEX,,F,T,0,0
6/29/2026,10:26:17 AM,SPXW,ML/,50,14.25,,CALL,7390,0,71250,6/29/2026,WHITE,0,0,F,INDEX,,F,T,0,0
6/29/2026,1:00:25 PM,SPXW,ML/,51,29.65,,CALL,7390,0,151215,6/29/2026,WHITE,0,0,F,INDEX,,F,T,0,0
6/29/2026,1:13:35 PM,SPXW,ML/,60,37.53,,CALL,7390,0,225180,6/29/2026,WHITE,0,0,F,INDEX,,F,T,0,0
6/29/2026,9:36:24 AM,SPXW,BLOCK,86,4.8,,CALL,7440,0,41280,6/29/2026,WHITE,0,0,F,INDEX,,F,T,0,0
6/29/2026,9:36:41 AM,SPXW,BLOCK,90,4.5,,CALL,7440,0,40500,6/29/2026,WHITE,0,0,F,INDEX,,F,T,0,0
6/29/2026,9:38:42 AM,SPXW,ML/,51,4.3,,CALL,7440,0,21930,6/29/2026,WHITE,0,0,F,INDEX,,F,T,0,0
6/29/2026,9:36:17 AM,SPXW,ML/,117,5.25,,CALL,7440,0,61425,6/29/2026,WHITE,0,0,F,INDEX,,F,T,0,0
6/29/2026,9:44:38 AM,SPXW,ML/,50,6.4,,CALL,7440,0,32000,6/29/2026,WHITE,0,0,F,INDEX,,F,T,0,0
6/29/2026,9:36:18 AM,SPXW,ML/,196,5.09,,CALL,7440,0,99764,6/29/2026,WHITE,0,0,F,INDEX,,F,T,0,0
6/29/2026,9:45:08 AM,SPXW,ML/,53,6.31,,CALL,7440,0,33443,6/29/2026,WHITE,0,0,F,INDEX,,F,T,0,0
6/29/2026,9:51:45 AM,SPXW,BLOCK,55,8,,CALL,7440,0,44000,6/29/2026,WHITE,0,0,F,INDEX,,F,T,0,0
6/29/2026,9:55:22 AM,SPXW,ML/,55,4.75,,CALL,7440,0,26125,6/29/2026,WHITE,0,0,F,INDEX,,F,T,0,0
6/29/2026,9:55:30 AM,SPXW,BLOCK,81,4.7,,CALL,7440,0,38070,6/29/2026,WHITE,0,0,F,INDEX,,F,T,0,0
6/29/2026,9:57:52 AM,SPXW,BLOCK,72,3.5,,CALL,7440,0,25200,6/29/2026,WHITE,0,0,F,INDEX,,F,T,0,0
6/29/2026,10:03:03 AM,SPXW,ML/,60,2.87,,CALL,7440,0,17220,6/29/2026,WHITE,0,0,F,INDEX,,F,T,0,0
6/29/2026,10:04:00 AM,SPXW,BLOCK,117,2.5,,CALL,7440,0,29250,6/29/2026,WHITE,0,0,F,INDEX,,F,T,0,0
6/29/2026,10:05:39 AM,SPXW,BLOCK,76,2.15,,CALL,7440,0,16339,6/29/2026,WHITE,0,0,F,INDEX,,F,T,0,0
6/29/2026,10:05:45 AM,SPXW,BLOCK,76,2.15,,CALL,7440,0,16340,6/29/2026,WHITE,0,0,F,INDEX,,F,T,0,0
6/29/2026,10:07:02 AM,SPXW,ML/,71,1.82,,CALL,7440,0,12922,6/29/2026,WHITE,0,0,F,INDEX,,F,T,0,0
6/29/2026,10:07:54 AM,SPXW,BLOCK,120,1.55,,CALL,7440,0,18600,6/29/2026,WHITE,0,0,F,INDEX,,F,T,0,0
6/29/2026,10:07:54 AM,SPXW,BLOCK,110,1.5,,CALL,7440,0,16500,6/29/2026,WHITE,0,0,F,INDEX,,F,T,0,0
6/29/2026,10:09:14 AM,SPXW,ML/,77,1.67,,CALL,7440,0,12859,6/29/2026,WHITE,0,0,F,INDEX,,F,T,0,0
6/29/2026,10:28:58 AM,SPXW,ML/,114,1.4,,CALL,7440,0,15960,6/29/2026,WHITE,0,0,F,INDEX,,F,T,0,0
6/29/2026,10:33:24 AM,SPXW,BLOCK,71,2,,CALL,7440,0,14200,6/29/2026,WHITE,0,0,F,INDEX,,F,T,0,0
6/29/2026,10:33:51 AM,SPXW,BLOCK,94,2.55,,CALL,7440,0,23970,6/29/2026,WHITE,0,0,F,INDEX,,F,T,0,0
6/29/2026,10:36:22 AM,SPXW,ML/,150,2.12,,CALL,7440,0,31800,6/29/2026,WHITE,0,0,F,INDEX,,F,T,0,0
6/29/2026,10:43:09 AM,SPXW,BLOCK,73,2.35,,CALL,7440,0,17155,6/29/2026,WHITE,0,0,F,INDEX,,F,T,0,0
6/29/2026,10:53:24 AM,SPXW,BLOCK,51,2.3,,CALL,7440,0,11729,6/29/2026,WHITE,0,0,F,INDEX,,F,T,0,0
6/29/2026,10:53:31 AM,SPXW,BLOCK,116,2.6,,CALL,7440,0,30160,6/29/2026,WHITE,0,0,F,INDEX,,F,T,0,0
6/29/2026,10:54:01 AM,SPXW,BLOCK,91,2.65,,CALL,7440,0,24114,6/29/2026,WHITE,0,0,F,INDEX,,F,T,0,0
6/29/2026,10:54:38 AM,SPXW,BLOCK,64,3,,CALL,7440,0,19200,6/29/2026,WHITE,0,0,F,INDEX,,F,T,0,0
6/29/2026,10:51:28 AM,SPXW,ML/,50,2.02,,CALL,7440,0,10100,6/29/2026,WHITE,0,0,F,INDEX,,F,T,0,0
6/29/2026,11:03:04 AM,SPXW,BLOCK,192,1.6,,CALL,7440,0,30720,6/29/2026,WHITE,0,0,F,INDEX,,F,T,0,0
6/29/2026,11:07:19 AM,SPXW,ML/,246,1.62,,CALL,7440,0,39852,6/29/2026,WHITE,0,0,F,INDEX,,F,T,0,0
6/29/2026,11:09:17 AM,SPXW,ML/,112,1.27,,CALL,7440,0,14224,6/29/2026,WHITE,0,0,F,INDEX,,F,T,0,0
6/29/2026,11:09:28 AM,SPXW,ML/,104,1.22,,CALL,7440,0,12688,6/29/2026,WHITE,0,0,F,INDEX,,F,T,0,0
6/29/2026,11:08:18 AM,SPXW,ML/,500,1.36,,CALL,7440,0,68000,6/29/2026,WHITE,0,0,F,INDEX,,F,T,0,0
6/29/2026,11:55:33 AM,SPXW,ML/,96,1.22,,CALL,7440,0,11711,6/29/2026,WHITE,0,0,F,INDEX,,F,T,0,0
6/29/2026,10:36:38 AM,SPXW,ML/,95,2.31,,CALL,7440,0,21945,6/29/2026,WHITE,0,0,F,INDEX,,F,T,0,0
6/29/2026,12:05:19 PM,SPXW,BLOCK,55,2.2,,CALL,7440,0,12100,6/29/2026,WHITE,0,0,F,INDEX,,F,T,0,0
6/29/2026,12:06:08 PM,SPXW,BLOCK,209,2.15,,CALL,7440,0,44935,6/29/2026,WHITE,0,0,F,INDEX,,F,T,0,0
6/29/2026,12:07:01 PM,SPXW,ML/,101,1.77,,CALL,7440,0,17877,6/29/2026,WHITE,0,0,F,INDEX,,F,T,0,0
6/29/2026,12:08:24 PM,SPXW,ML/,93,1.92,,CALL,7440,0,17856,6/29/2026,WHITE,0,0,F,INDEX,,F,T,0,0
6/29/2026,12:15:06 PM,SPXW,BLOCK,65,1.6,,CALL,7440,0,10400,6/29/2026,WHITE,0,0,F,INDEX,,F,T,0,0
6/29/2026,12:18:43 PM,SPXW,BLOCK,101,1.5,,CALL,7440,0,15150,6/29/2026,WHITE,0,0,F,INDEX,,F,T,0,0
6/29/2026,1:05:26 PM,SPXW,ML/,94,1.5,,CALL,7440,0,14100,6/29/2026,WHITE,0,0,F,INDEX,,F,T,0,0
6/29/2026,1:12:55 PM,SPXW,BLOCK,124,2.25,,CALL,7440,0,27900,6/29/2026,WHITE,0,0,F,INDEX,,F,T,0,0
6/29/2026,1:13:09 PM,SPXW,BLOCK,60,2.55,,CALL,7440,0,15300,6/29/2026,WHITE,0,0,F,INDEX,,F,T,0,0
6/29/2026,1:13:18 PM,SPXW,BLOCK,52,3,,CALL,7440,0,15600,6/29/2026,WHITE,0,0,F,INDEX,,F,T,0,0
6/29/2026,10:54:52 AM,SPXW,ML/,60,2.97,,CALL,7440,0,17820,6/29/2026,WHITE,0,0,F,INDEX,,F,T,0,0
6/29/2026,1:13:39 PM,SPXW,BLOCK,79,3.5,,CALL,7440,0,27650,6/29/2026,WHITE,0,0,F,INDEX,,F,T,0,0
6/29/2026,9:57:42 AM,SPXW,ML/,55,3.75,,CALL,7440,0,20625,6/29/2026,WHITE,0,0,F,INDEX,,F,T,0,0
6/29/2026,1:14:46 PM,SPXW,ML/,203,3.7,,CALL,7440,0,75110,6/29/2026,WHITE,0,0,F,INDEX,,F,T,0,0
6/29/2026,1:13:37 PM,SPXW,ML/,62,3,,CALL,7440,0,18600,6/29/2026,WHITE,0,0,F,INDEX,,F,T,0,0
6/29/2026,1:20:03 PM,SPXW,BLOCK,86,3.7,,CALL,7440,0,31820,6/29/2026,WHITE,0,0,F,INDEX,,F,T,0,0
6/29/2026,1:21:24 PM,SPXW,BLOCK,52,3.9,,CALL,7440,0,20280,6/29/2026,WHITE,0,0,F,INDEX,,F,T,0,0
6/29/2026,10:43:26 AM,SPXW,ML/,61,2.48,,CALL,7440,0,15128,6/29/2026,WHITE,0,0,F,INDEX,,F,T,0,0
6/29/2026,1:26:24 PM,SPXW,BLOCK,51,3,,CALL,7440,0,15300,6/29/2026,WHITE,0,0,F,INDEX,,F,T,0,0
6/29/2026,1:27:54 PM,SPXW,ML/,100,2.91,,CALL,7440,0,29100,6/29/2026,WHITE,0,0,F,INDEX,,F,T,0,0
6/29/2026,1:28:42 PM,SPXW,ML/,60,3.3,,CALL,7440,0,19800,6/29/2026,WHITE,0,0,F,INDEX,,F,T,0,0
6/29/2026,1:29:00 PM,SPXW,BLOCK,101,3.7,,CALL,7440,0,37370,6/29/2026,WHITE,0,0,F,INDEX,,F,T,0,0
6/29/2026,1:29:26 PM,SPXW,BLOCK,66,4,,CALL,7440,0,26400,6/29/2026,WHITE,0,0,F,INDEX,,F,T,0,0
6/29/2026,1:30:24 PM,SPXW,BLOCK,104,4,,CALL,7440,0,41600,6/29/2026,WHITE,0,0,F,INDEX,,F,T,0,0
6/29/2026,9:40:34 AM,SPXW,ML/,80,5.53,,CALL,7440,0,44240,6/29/2026,WHITE,0,0,F,INDEX,,F,T,0,0
6/29/2026,1:15:28 PM,SPXW,ML/,100,3.53,,CALL,7440,0,35300,6/29/2026,WHITE,0,0,F,INDEX,,F,T,0,0
6/29/2026,1:14:34 PM,SPXW,ML/,53,3.42,,CALL,7440,0,18126,6/29/2026,WHITE,0,0,F,INDEX,,F,T,0,0
6/29/2026,1:33:01 PM,SPXW,ML/,53,4.35,,CALL,7440,0,23055,6/29/2026,WHITE,0,0,F,INDEX,,F,T,0,0
6/29/2026,1:34:17 PM,SPXW,ML/,50,3.97,,CALL,7440,0,19850,6/29/2026,WHITE,0,0,F,INDEX,,F,T,0,0
6/29/2026,1:34:17 PM,SPXW,ML/,50,3.93,,CALL,7440,0,19650,6/29/2026,WHITE,0,0,F,INDEX,,F,T,0,0
6/29/2026,1:41:36 PM,SPXW,BLOCK,50,4.5,,CALL,7440,0,22500,6/29/2026,WHITE,0,0,F,INDEX,,F,T,0,0
6/29/2026,1:42:21 PM,SPXW,BLOCK,59,4.3,,CALL,7440,0,25370,6/29/2026,WHITE,0,0,F,INDEX,,F,T,0,0
6/29/2026,1:42:57 PM,SPXW,ML/,304,4.36,,CALL,7440,0,132544,6/29/2026,WHITE,0,0,F,INDEX,,F,T,0,0
6/29/2026,1:45:16 PM,SPXW,ML/,53,3.42,,CALL,7440,0,18126,6/29/2026,WHITE,0,0,F,INDEX,,F,T,0,0
6/29/2026,1:45:01 PM,SPXW,ML/,123,3.8,,CALL,7440,0,46740,6/29/2026,WHITE,0,0,F,INDEX,,F,T,0,0
6/29/2026,1:38:41 PM,SPXW,ML/,50,3.87,,CALL,7440,0,19350,6/29/2026,WHITE,0,0,F,INDEX,,F,T,0,0
6/29/2026,1:48:57 PM,SPXW,BLOCK,60,4.6,,CALL,7440,0,27600,6/29/2026,WHITE,0,0,F,INDEX,,F,T,0,0
6/29/2026,1:51:09 PM,SPXW,BLOCK,121,4.4,,CALL,7440,0,53240,6/29/2026,WHITE,0,0,F,INDEX,,F,T,0,0
6/29/2026,1:51:59 PM,SPXW,BLOCK,51,4.5,,CALL,7440,0,22950,6/29/2026,WHITE,0,0,F,INDEX,,F,T,0,0
6/29/2026,9:36:17 AM,SPXW,ML/,83,5.24,,CALL,7440,0,43492,6/29/2026,WHITE,0,0,F,INDEX,,F,T,0,0
6/29/2026,1:54:24 PM,SPXW,BLOCK,130,5.3,,CALL,7440,0,68900,6/29/2026,WHITE,0,0,F,INDEX,,F,T,0,0
6/29/2026,1:54:41 PM,SPXW,BLOCK,50,5.1,,CALL,7440,0,25499,6/29/2026,WHITE,0,0,F,INDEX,,F,T,0,0
6/29/2026,1:57:22 PM,SPXW,BLOCK,78,4.5,,CALL,7440,0,35100,6/29/2026,WHITE,0,0,F,INDEX,,F,T,0,0
6/29/2026,2:01:37 PM,SPXW,BLOCK,53,4.6,,CALL,7440,0,24380,6/29/2026,WHITE,0,0,F,INDEX,,F,T,0,0
6/29/2026,2:02:10 PM,SPXW,BLOCK,105,4.6,,CALL,7440,0,48299,6/29/2026,WHITE,0,0,F,INDEX,,F,T,0,0
6/29/2026,2:03:03 PM,SPXW,BLOCK,110,4.1,,CALL,7440,0,45099,6/29/2026,WHITE,0,0,F,INDEX,,F,T,0,0
6/29/2026,2:03:19 PM,SPXW,BLOCK,110,4.4,,CALL,7440,0,48400,6/29/2026,WHITE,0,0,F,INDEX,,F,T,0,0
6/29/2026,2:06:14 PM,SPXW,BLOCK,59,5,,CALL,7440,0,29500,6/29/2026,WHITE,0,0,F,INDEX,,F,T,0,0
6/29/2026,2:06:14 PM,SPXW,BLOCK,53,5,,CALL,7440,0,26500,6/29/2026,WHITE,0,0,F,INDEX,,F,T,0,0
6/29/2026,2:07:14 PM,SPXW,BLOCK,209,5,,CALL,7440,0,104500,6/29/2026,WHITE,0,0,F,INDEX,,F,T,0,0
6/29/2026,2:07:14 PM,SPXW,BLOCK,94,4.9,,CALL,7440,0,46060,6/29/2026,WHITE,0,0,F,INDEX,,F,T,0,0
6/29/2026,1:57:10 PM,SPXW,ML/,100,4.77,,CALL,7440,0,47699,6/29/2026,WHITE,0,0,F,INDEX,,F,T,0,0
6/29/2026,2:14:25 PM,SPXW,BLOCK,77,4.4,,CALL,7440,0,33880,6/29/2026,WHITE,0,0,F,INDEX,,F,T,0,0
6/29/2026,2:15:06 PM,SPXW,BLOCK,76,4.1,,CALL,7440,0,31159,6/29/2026,WHITE,0,0,F,INDEX,,F,T,0,0
6/29/2026,2:17:56 PM,SPXW,BLOCK,50,3.7,,CALL,7440,0,18500,6/29/2026,WHITE,0,0,F,INDEX,,F,T,0,0
6/29/2026,2:21:19 PM,SPXW,BLOCK,183,3.4,,CALL,7440,0,62219,6/29/2026,WHITE,0,0,F,INDEX,,F,T,0,0
6/29/2026,2:20:08 PM,SPXW,ML/,131,3.22,,CALL,7440,0,42182,6/29/2026,WHITE,0,0,F,INDEX,,F,T,0,0
6/29/2026,2:22:30 PM,SPXW,BLOCK,66,3.9,,CALL,7440,0,25739,6/29/2026,WHITE,0,0,F,INDEX,,F,T,0,0
6/29/2026,2:25:24 PM,SPXW,BLOCK,65,2.9,,CALL,7440,0,18850,6/29/2026,WHITE,0,0,F,INDEX,,F,T,0,0
6/29/2026,2:25:25 PM,SPXW,ML/,71,2.9,,CALL,7440,0,20590,6/29/2026,WHITE,0,0,F,INDEX,,F,T,0,0
6/29/2026,12:05:08 PM,SPXW,ML/,51,2.33,,CALL,7440,0,11883,6/29/2026,WHITE,0,0,F,INDEX,,F,T,0,0
6/29/2026,2:29:12 PM,SPXW,BLOCK,51,2.35,,CALL,7440,0,11985,6/29/2026,WHITE,0,0,F,INDEX,,F,T,0,0
6/29/2026,2:29:42 PM,SPXW,BLOCK,51,2.35,,CALL,7440,0,11985,6/29/2026,WHITE,0,0,F,INDEX,,F,T,0,0
6/29/2026,2:30:34 PM,SPXW,BLOCK,98,2.6,,CALL,7440,0,25480,6/29/2026,WHITE,0,0,F,INDEX,,F,T,0,0
6/29/2026,2:33:32 PM,SPXW,ML/,61,3.4,,CALL,7440,0,20739,6/29/2026,WHITE,0,0,F,INDEX,,F,T,0,0
6/29/2026,2:34:03 PM,SPXW,BLOCK,101,3.7,,CALL,7440,0,37370,6/29/2026,WHITE,0,0,F,INDEX,,F,T,0,0
6/29/2026,2:34:08 PM,SPXW,BLOCK,62,4,,CALL,7440,0,24800,6/29/2026,WHITE,0,0,F,INDEX,,F,T,0,0
6/29/2026,2:18:06 PM,SPXW,ML/,83,3.91,,CALL,7440,0,32453,6/29/2026,WHITE,0,0,F,INDEX,,F,T,0,0
6/29/2026,2:34:29 PM,SPXW,BLOCK,50,3.9,,CALL,7440,0,19500,6/29/2026,WHITE,0,0,F,INDEX,,F,T,0,0
6/29/2026,2:35:17 PM,SPXW,BLOCK,60,3.9,,CALL,7440,0,23400,6/29/2026,WHITE,0,0,F,INDEX,,F,T,0,0
6/29/2026,2:35:47 PM,SPXW,BLOCK,143,5.1,,CALL,7440,0,72930,6/29/2026,WHITE,0,0,F,INDEX,,F,T,0,0
6/29/2026,2:35:47 PM,SPXW,BLOCK,160,5,,CALL,7440,0,80000,6/29/2026,WHITE,0,0,F,INDEX,,F,T,0,0
6/29/2026,2:35:48 PM,SPXW,BLOCK,60,4.7,,CALL,7440,0,28200,6/29/2026,WHITE,0,0,F,INDEX,,F,T,0,0
6/29/2026,2:36:03 PM,SPXW,BLOCK,99,4.5,,CALL,7440,0,44550,6/29/2026,WHITE,0,0,F,INDEX,,F,T,0,0
6/29/2026,2:36:16 PM,SPXW,BLOCK,80,4.4,,CALL,7440,0,35200,6/29/2026,WHITE,0,0,F,INDEX,,F,T,0,0
6/29/2026,2:36:16 PM,SPXW,BLOCK,113,4.5,,CALL,7440,0,50850,6/29/2026,WHITE,0,0,F,INDEX,,F,T,0,0
6/29/2026,2:36:37 PM,SPXW,BLOCK,85,4.9,,CALL,7440,0,41650,6/29/2026,WHITE,0,0,F,INDEX,,F,T,0,0
6/29/2026,2:36:44 PM,SPXW,BLOCK,245,4.8,,CALL,7440,0,117600,6/29/2026,WHITE,0,0,F,INDEX,,F,T,0,0
6/29/2026,2:36:45 PM,SPXW,BLOCK,51,4.7,,CALL,7440,0,23970,6/29/2026,WHITE,0,0,F,INDEX,,F,T,0,0
6/29/2026,2:37:33 PM,SPXW,BLOCK,100,4.4,,CALL,7440,0,44000,6/29/2026,WHITE,0,0,F,INDEX,,F,T,0,0
6/29/2026,2:37:51 PM,SPXW,BLOCK,100,4,,CALL,7440,0,40000,6/29/2026,WHITE,0,0,F,INDEX,,F,T,0,0
6/29/2026,2:37:53 PM,SPXW,BLOCK,85,4,,CALL,7440,0,34000,6/29/2026,WHITE,0,0,F,INDEX,,F,T,0,0
6/29/2026,2:38:24 PM,SPXW,BLOCK,88,3.6,,CALL,7440,0,31680,6/29/2026,WHITE,0,0,F,INDEX,,F,T,0,0
6/29/2026,2:39:06 PM,SPXW,BLOCK,102,4.4,,CALL,7440,0,44880,6/29/2026,WHITE,0,0,F,INDEX,,F,T,0,0
6/29/2026,2:39:19 PM,SPXW,BLOCK,85,4.3,,CALL,7440,0,36550,6/29/2026,WHITE,0,0,F,INDEX,,F,T,0,0
6/29/2026,2:40:18 PM,SPXW,BLOCK,90,4.3,,CALL,7440,0,38700,6/29/2026,WHITE,0,0,F,INDEX,,F,T,0,0
6/29/2026,2:40:26 PM,SPXW,BLOCK,75,4.4,,CALL,7440,0,33000,6/29/2026,WHITE,0,0,F,INDEX,,F,T,0,0
6/29/2026,2:41:06 PM,SPXW,BLOCK,51,4.5,,CALL,7440,0,22950,6/29/2026,WHITE,0,0,F,INDEX,,F,T,0,0
6/29/2026,2:41:18 PM,SPXW,BLOCK,100,4.4,,CALL,7440,0,44000,6/29/2026,WHITE,0,0,F,INDEX,,F,T,0,0
6/29/2026,2:43:54 PM,SPXW,BLOCK,91,5,,CALL,7440,0,45500,6/29/2026,WHITE,0,0,F,INDEX,,F,T,0,0
6/29/2026,9:33:15 AM,SPXW,ML/,200,5.54,,CALL,7440,0,110800,6/29/2026,WHITE,0,0,F,INDEX,,F,T,0,0
6/29/2026,2:46:05 PM,SPXW,ML/,148,6,,CALL,7440,0,88800,6/29/2026,WHITE,0,0,F,INDEX,,F,T,0,0
6/29/2026,2:46:05 PM,SPXW,ML/,105,6.02,,CALL,7440,0,63209,6/29/2026,WHITE,0,0,F,INDEX,,F,T,0,0
6/29/2026,2:45:03 PM,SPXW,BLOCK,235,5.3,,CALL,7440,0,124550,6/29/2026,WHITE,0,0,F,INDEX,,F,T,0,0
6/29/2026,2:47:09 PM,SPXW,SWEEP,69,5,,CALL,7440,0,34500,6/29/2026,WHITE,0,0,F,INDEX,,F,T,0,0
6/29/2026,2:48:22 PM,SPXW,BLOCK,50,4.8,,CALL,7440,0,24000,6/29/2026,WHITE,0,0,F,INDEX,,F,T,0,0
6/29/2026,2:48:29 PM,SPXW,SWEEP,54,4.8,,CALL,7440,0,25920,6/29/2026,WHITE,0,0,F,INDEX,,F,T,0,0
6/29/2026,2:49:19 PM,SPXW,BLOCK,63,4.8,,CALL,7440,0,30239,6/29/2026,WHITE,0,0,F,INDEX,,F,T,0,0
6/29/2026,2:49:57 PM,SPXW,SWEEP,60,5,,CALL,7440,0,30000,6/29/2026,WHITE,0,0,F,INDEX,,F,T,0,0
6/29/2026,2:51:26 PM,SPXW,BLOCK,90,4,,CALL,7440,0,36000,6/29/2026,WHITE,0,0,F,INDEX,,F,T,0,0
6/29/2026,1:38:41 PM,SPXW,ML/,102,3.89,,CALL,7440,0,39678,6/29/2026,WHITE,0,0,F,INDEX,,F,T,0,0
6/29/2026,2:52:51 PM,SPXW,BLOCK,77,4,,CALL,7440,0,30800,6/29/2026,WHITE,0,0,F,INDEX,,F,T,0,0
6/29/2026,2:53:28 PM,SPXW,ML/,74,4.5,,CALL,7440,0,33300,6/29/2026,WHITE,0,0,F,INDEX,,F,T,0,0
6/29/2026,2:55:19 PM,SPXW,BLOCK,70,4.1,,CALL,7440,0,28700,6/29/2026,WHITE,0,0,F,INDEX,,F,T,0,0
6/29/2026,2:58:13 PM,SPXW,BLOCK,110,3.1,,CALL,7440,0,34100,6/29/2026,WHITE,0,0,F,INDEX,,F,T,0,0
6/29/2026,2:58:14 PM,SPXW,BLOCK,105,3.1,,CALL,7440,0,32550,6/29/2026,WHITE,0,0,F,INDEX,,F,T,0,0
6/29/2026,3:00:49 PM,SPXW,BLOCK,50,3,,CALL,7440,0,15000,6/29/2026,WHITE,0,0,F,INDEX,,F,T,0,0
6/29/2026,3:00:55 PM,SPXW,BLOCK,51,3.1,,CALL,7440,0,15810,6/29/2026,WHITE,0,0,F,INDEX,,F,T,0,0
6/29/2026,3:01:23 PM,SPXW,BLOCK,50,4.2,,CALL,7440,0,21000,6/29/2026,WHITE,0,0,F,INDEX,,F,T,0,0
6/29/2026,3:02:28 PM,SPXW,ML/,51,2.87,,CALL,7440,0,14637,6/29/2026,WHITE,0,0,F,INDEX,,F,T,0,0
6/29/2026,3:05:56 PM,SPXW,BLOCK,66,3.1,,CALL,7440,0,20460,6/29/2026,WHITE,0,0,F,INDEX,,F,T,0,0
6/29/2026,3:07:28 PM,SPXW,BLOCK,55,4,,CALL,7440,0,22000,6/29/2026,WHITE,0,0,F,INDEX,,F,T,0,0
6/29/2026,2:24:44 PM,SPXW,ML/,110,3.64,,CALL,7440,0,40040,6/29/2026,WHITE,0,0,F,INDEX,,F,T,0,0
6/29/2026,3:09:52 PM,SPXW,ML/,50,3.35,,CALL,7440,0,16750,6/29/2026,WHITE,0,0,F,INDEX,,F,T,0,0
6/29/2026,3:06:23 PM,SPXW,ML/,50,3.25,,CALL,7440,0,16250,6/29/2026,WHITE,0,0,F,INDEX,,F,T,0,0
6/29/2026,3:11:45 PM,SPXW,BLOCK,50,3,,CALL,7440,0,15000,6/29/2026,WHITE,0,0,F,INDEX,,F,T,0,0
6/29/2026,3:14:08 PM,SPXW,BLOCK,101,2.5,,CALL,7440,0,25250,6/29/2026,WHITE,0,0,F,INDEX,,F,T,0,0
6/29/2026,3:15:06 PM,SPXW,BLOCK,75,2.4,,CALL,7440,0,18000,6/29/2026,WHITE,0,0,F,INDEX,,F,T,0,0
6/29/2026,3:15:23 PM,SPXW,BLOCK,78,2.5,,CALL,7440,0,19500,6/29/2026,WHITE,0,0,F,INDEX,,F,T,0,0
6/29/2026,3:15:14 PM,SPXW,ML/,50,2.32,,CALL,7440,0,11600,6/29/2026,WHITE,0,0,F,INDEX,,F,T,0,0
6/29/2026,3:15:47 PM,SPXW,ML/,59,2.27,,CALL,7440,0,13393,6/29/2026,WHITE,0,0,F,INDEX,,F,T,0,0
6/29/2026,3:16:10 PM,SPXW,BLOCK,60,2.1,,CALL,7440,0,12600,6/29/2026,WHITE,0,0,F,INDEX,,F,T,0,0
6/29/2026,3:17:08 PM,SPXW,BLOCK,129,2,,CALL,7440,0,25800,6/29/2026,WHITE,0,0,F,INDEX,,F,T,0,0
6/29/2026,3:18:04 PM,SPXW,ML/,225,2.3,,CALL,7440,0,51750,6/29/2026,WHITE,0,0,F,INDEX,,F,T,0,0
6/29/2026,3:19:59 PM,SPXW,BLOCK,60,2.5,,CALL,7440,0,15000,6/29/2026,WHITE,0,0,F,INDEX,,F,T,0,0
6/29/2026,3:20:00 PM,SPXW,BLOCK,81,2.6,,CALL,7440,0,21060,6/29/2026,WHITE,0,0,F,INDEX,,F,T,0,0
6/29/2026,3:20:01 PM,SPXW,ML/,197,2.6,,CALL,7440,0,51220,6/29/2026,WHITE,0,0,F,INDEX,,F,T,0,0
6/29/2026,3:20:29 PM,SPXW,BLOCK,50,2.8,,CALL,7440,0,13999,6/29/2026,WHITE,0,0,F,INDEX,,F,T,0,0
6/29/2026,3:20:49 PM,SPXW,BLOCK,50,2.95,,CALL,7440,0,14750,6/29/2026,WHITE,0,0,F,INDEX,,F,T,0,0
6/29/2026,3:20:51 PM,SPXW,BLOCK,61,3.2,,CALL,7440,0,19520,6/29/2026,WHITE,0,0,F,INDEX,,F,T,0,0
6/29/2026,3:22:25 PM,SPXW,BLOCK,54,3.2,,CALL,7440,0,17280,6/29/2026,WHITE,0,0,F,INDEX,,F,T,0,0
6/29/2026,3:22:39 PM,SPXW,ML/,75,3.5,,CALL,7440,0,26250,6/29/2026,WHITE,0,0,F,INDEX,,F,T,0,0
6/29/2026,3:22:12 PM,SPXW,ML/,50,3.24,,CALL,7440,0,16200,6/29/2026,WHITE,0,0,F,INDEX,,F,T,0,0
6/29/2026,3:23:57 PM,SPXW,BLOCK,80,4,,CALL,7440,0,32000,6/29/2026,WHITE,0,0,F,INDEX,,F,T,0,0
6/29/2026,3:24:20 PM,SPXW,ML/,56,3.6,,CALL,7440,0,20160,6/29/2026,WHITE,0,0,F,INDEX,,F,T,0,0
6/29/2026,3:25:19 PM,SPXW,ML/,225,3,,CALL,7440,0,67500,6/29/2026,WHITE,0,0,F,INDEX,,F,T,0,0
6/29/2026,3:25:52 PM,SPXW,BLOCK,63,3,,CALL,7440,0,18900,6/29/2026,WHITE,0,0,F,INDEX,,F,T,0,0
6/29/2026,3:27:21 PM,SPXW,BLOCK,73,2.85,,CALL,7440,0,20805,6/29/2026,WHITE,0,0,F,INDEX,,F,T,0,0
6/29/2026,3:27:26 PM,SPXW,BLOCK,67,2.95,,CALL,7440,0,19765,6/29/2026,WHITE,0,0,F,INDEX,,F,T,0,0
6/29/2026,3:27:26 PM,SPXW,ML/,128,3,,CALL,7440,0,38400,6/29/2026,WHITE,0,0,F,INDEX,,F,T,0,0
6/29/2026,3:27:28 PM,SPXW,BLOCK,79,3,,CALL,7440,0,23700,6/29/2026,WHITE,0,0,F,INDEX,,F,T,0,0
6/29/2026,3:27:28 PM,SPXW,BLOCK,121,2.9,,CALL,7440,0,35090,6/29/2026,WHITE,0,0,F,INDEX,,F,T,0,0
6/29/2026,3:28:06 PM,SPXW,ML/,52,3.2,,CALL,7440,0,16640,6/29/2026,WHITE,0,0,F,INDEX,,F,T,0,0
6/29/2026,3:29:24 PM,SPXW,BLOCK,101,3.1,,CALL,7440,0,31310,6/29/2026,WHITE,0,0,F,INDEX,,F,T,0,0
6/29/2026,3:31:10 PM,SPXW,ML/,66,2,,CALL,7440,0,13200,6/29/2026,WHITE,0,0,F,INDEX,,F,T,0,0
6/29/2026,3:33:12 PM,SPXW,ML/,93,1.85,,CALL,7440,0,17205,6/29/2026,WHITE,0,0,F,INDEX,,F,T,0,0
6/29/2026,3:34:06 PM,SPXW,BLOCK,89,1.25,,CALL,7440,0,11125,6/29/2026,WHITE,0,0,F,INDEX,,F,T,0,0
6/29/2026,3:35:03 PM,SPXW,BLOCK,115,1.4,,CALL,7440,0,16100,6/29/2026,WHITE,0,0,F,INDEX,,F,T,0,0
6/29/2026,3:35:03 PM,SPXW,BLOCK,156,1.4,,CALL,7440,0,21839,6/29/2026,WHITE,0,0,F,INDEX,,F,T,0,0
6/29/2026,3:35:40 PM,SPXW,BLOCK,81,1.75,,CALL,7440,0,14175,6/29/2026,WHITE,0,0,F,INDEX,,F,T,0,0
6/29/2026,3:38:42 PM,SPXW,ML/,131,1.5,,CALL,7440,0,19650,6/29/2026,WHITE,0,0,F,INDEX,,F,T,0,0
6/29/2026,3:39:17 PM,SPXW,BLOCK,108,1.5,,CALL,7440,0,16200,6/29/2026,WHITE,0,0,F,INDEX,,F,T,0,0
6/29/2026,3:39:54 PM,SPXW,BLOCK,55,1.9,,CALL,7440,0,10449,6/29/2026,WHITE,0,0,F,INDEX,,F,T,0,0
6/29/2026,3:40:03 PM,SPXW,ML/,76,1.8,,CALL,7440,0,13680,6/29/2026,WHITE,0,0,F,INDEX,,F,T,0,0
6/29/2026,3:40:31 PM,SPXW,ML/,104,2,,CALL,7440,0,20800,6/29/2026,WHITE,0,0,F,INDEX,,F,T,0,0
6/29/2026,3:40:35 PM,SPXW,BLOCK,93,2.2,,CALL,7440,0,20460,6/29/2026,WHITE,0,0,F,INDEX,,F,T,0,0
6/29/2026,3:30:04 PM,SPXW,BLOCK,50,2.65,,CALL,7440,0,13250,6/29/2026,WHITE,0,0,F,INDEX,,F,T,0,0
6/29/2026,3:41:05 PM,SPXW,ML/,76,1.7,,CALL,7440,0,12919,6/29/2026,WHITE,0,0,F,INDEX,,F,T,0,0
6/29/2026,3:42:08 PM,SPXW,BLOCK,95,1.75,,CALL,7440,0,16625,6/29/2026,WHITE,0,0,F,INDEX,,F,T,0,0
6/29/2026,3:42:37 PM,SPXW,BLOCK,95,1.5,,CALL,7440,0,14250,6/29/2026,WHITE,0,0,F,INDEX,,F,T,0,0
6/29/2026,3:43:17 PM,SPXW,BLOCK,85,1.35,,CALL,7440,0,11475,6/29/2026,WHITE,0,0,F,INDEX,,F,T,0,0
6/29/2026,3:47:22 PM,SPXW,ML/,102,1.4,,CALL,7440,0,14279,6/29/2026,WHITE,0,0,F,INDEX,,F,T,0,0
6/29/2026,3:48:58 PM,SPXW,ML/,150,1.25,,CALL,7440,0,18750,6/29/2026,WHITE,0,0,F,INDEX,,F,T,0,0
6/29/2026,3:49:01 PM,SPXW,BLOCK,83,1.35,,CALL,7440,0,11205,6/29/2026,WHITE,0,0,F,INDEX,,F,T,0,0
6/29/2026,3:49:13 PM,SPXW,BLOCK,214,1.5,,CALL,7440,0,32100,6/29/2026,WHITE,0,0,F,INDEX,,F,T,0,0
6/29/2026,3:49:14 PM,SPXW,ML/,255,1.5,,CALL,7440,0,38250,6/29/2026,WHITE,0,0,F,INDEX,,F,T,0,0
6/29/2026,3:49:28 PM,SPXW,BLOCK,94,1.45,,CALL,7440,0,13629,6/29/2026,WHITE,0,0,F,INDEX,,F,T,0,0
6/29/2026,3:50:11 PM,SPXW,ML/,318,0.9,,CALL,7440,0,28620,6/29/2026,WHITE,0,0,F,INDEX,,F,T,0,0
6/29/2026,3:50:16 PM,SPXW,BLOCK,126,0.9,,CALL,7440,0,11340,6/29/2026,WHITE,0,0,F,INDEX,,F,T,0,0
6/29/2026,3:50:14 PM,SPXW,ML/,110,0.92,,CALL,7440,0,10120,6/29/2026,WHITE,0,0,F,INDEX,,F,T,0,0
6/29/2026,3:58:37 PM,SPXW,ML/,89,1.5,,CALL,7440,0,13350,6/29/2026,WHITE,0,0,F,INDEX,,F,T,0,0
6/29/2026,3:50:00 PM,SPXW,BLOCK,65,2,,CALL,7440,0,13000,6/29/2026,WHITE,0,0,F,INDEX,,F,T,0,0
6/29/2026,3:58:40 PM,SPXW,ML/,425,2.5,,CALL,7440,0,106250,6/29/2026,WHITE,0,0,F,INDEX,,F,T,0,0
6/29/2026,3:58:39 PM,SPXW,ML/,122,2,,CALL,7440,0,24400,6/29/2026,WHITE,0,0,F,INDEX,,F,T,0,0
6/29/2026,3:58:46 PM,SPXW,BLOCK,53,2.1,,CALL,7440,0,11130,6/29/2026,WHITE,0,0,F,INDEX,,F,T,0,0
6/29/2026,3:59:03 PM,SPXW,ML/,64,2,,CALL,7440,0,12800,6/29/2026,WHITE,0,0,F,INDEX,,F,T,0,0
6/29/2026,3:58:41 PM,SPXW,ML/,286,2.55,,CALL,7440,0,72930,6/29/2026,WHITE,0,0,F,INDEX,,F,T,0,0
6/29/2026,3:59:09 PM,SPXW,ML/,67,4,,CALL,7440,0,26800,6/29/2026,WHITE,0,0,F,INDEX,,F,T,0,0
6/29/2026,3:59:08 PM,SPXW,ML/,82,3.8,,CALL,7440,0,31159,6/29/2026,WHITE,0,0,F,INDEX,,F,T,0,0
6/29/2026,3:59:06 PM,SPXW,BLOCK,81,3,,CALL,7440,0,24300,6/29/2026,WHITE,0,0,F,INDEX,,F,T,0,0
6/29/2026,3:59:04 PM,SPXW,ML/,100,2.5,,CALL,7440,0,25000,6/29/2026,WHITE,0,0,F,INDEX,,F,T,0,0
6/29/2026,3:59:04 PM,SPXW,ML/,155,2.35,,CALL,7440,0,36425,6/29/2026,WHITE,0,0,F,INDEX,,F,T,0,0
6/29/2026,3:59:20 PM,SPXW,BLOCK,54,2.35,,CALL,7440,0,12690,6/29/2026,WHITE,0,0,F,INDEX,,F,T,0,0
6/29/2026,3:59:29 PM,SPXW,BLOCK,100,3,,CALL,7440,0,30000,6/29/2026,WHITE,0,0,F,INDEX,,F,T,0,0
6/29/2026,3:59:39 PM,SPXW,ML/,121,4,,CALL,7440,0,48400,6/29/2026,WHITE,0,0,F,INDEX,,F,T,0,0
6/29/2026,3:23:50 PM,SPXW,ML/,80,4.03,,CALL,7440,0,32239,6/29/2026,WHITE,0,0,F,INDEX,,F,T,0,0
6/29/2026,2:53:42 PM,SPXW,ML/,80,4.63,,CALL,7440,0,37040,6/29/2026,WHITE,0,0,F,INDEX,,F,T,0,0
6/29/2026,2:50:57 PM,SPXW,ML/,250,4.56,,CALL,7440,0,114000,6/29/2026,WHITE,0,0,F,INDEX,,F,T,0,0
6/29/2026,9:45:41 AM,SPXW,ML/,152,7.47,,CALL,7440,0,113544,6/29/2026,WHITE,0,0,F,INDEX,,F,T,0,0
6/29/2026,3:50:17 PM,SPXW,ML/,119,1.16,,CALL,7440,0,13804,6/29/2026,WHITE,0,0,F,INDEX,,F,T,0,0
6/29/2026,9:30:47 AM,SPXW,ML/,100,5.1,,CALL,7430,0,50999,6/29/2026,WHITE,0,0,F,INDEX,,F,T,0,0
6/29/2026,9:40:01 AM,SPXW,ML/,110,7.7,,CALL,7430,0,84700,6/29/2026,WHITE,0,0,F,INDEX,,F,T,0,0
6/29/2026,9:40:28 AM,SPXW,BLOCK,100,8.1,,CALL,7430,0,80999,6/29/2026,WHITE,0,0,F,INDEX,,F,T,0,0
6/29/2026,9:41:32 AM,SPXW,BLOCK,100,8.4,,CALL,7430,0,84000,6/29/2026,WHITE,0,0,F,INDEX,,F,T,0,0
6/29/2026,9:43:37 AM,SPXW,BLOCK,50,8.9,,CALL,7430,0,44500,6/29/2026,WHITE,0,0,F,INDEX,,F,T,0,0
6/29/2026,9:57:00 AM,SPXW,BLOCK,62,6.8,,CALL,7430,0,42160,6/29/2026,WHITE,0,0,F,INDEX,,F,T,0,0
6/29/2026,9:38:53 AM,SPXW,BLOCK,80,6.3,,CALL,7430,0,50400,6/29/2026,WHITE,0,0,F,INDEX,,F,T,0,0
6/29/2026,9:57:29 AM,SPXW,BLOCK,51,6.2,,CALL,7430,0,31620,6/29/2026,WHITE,0,0,F,INDEX,,F,T,0,0
6/29/2026,9:59:09 AM,SPXW,BLOCK,50,4.9,,CALL,7430,0,24500,6/29/2026,WHITE,0,0,F,INDEX,,F,T,0,0
6/29/2026,10:00:48 AM,SPXW,ML/,50,4.2,,CALL,7430,0,21000,6/29/2026,WHITE,0,0,F,INDEX,,F,T,0,0
6/29/2026,10:10:01 AM,SPXW,ML/,104,2.75,,CALL,7430,0,28600,6/29/2026,WHITE,0,0,F,INDEX,,F,T,0,0
6/29/2026,10:10:46 AM,SPXW,ML/,50,2.25,,CALL,7430,0,11250,6/29/2026,WHITE,0,0,F,INDEX,,F,T,0,0
6/29/2026,10:10:32 AM,SPXW,ML/,50,2.42,,CALL,7430,0,12100,6/29/2026,WHITE,0,0,F,INDEX,,F,T,0,0
6/29/2026,10:11:16 AM,SPXW,BLOCK,60,2.5,,CALL,7430,0,15000,6/29/2026,WHITE,0,0,F,INDEX,,F,T,0,0
6/29/2026,10:12:26 AM,SPXW,ML/,69,2.2,,CALL,7430,0,15180,6/29/2026,WHITE,0,0,F,INDEX,,F,T,0,0
6/29/2026,10:13:50 AM,SPXW,ML/,63,2,,CALL,7430,0,12600,6/29/2026,WHITE,0,0,F,INDEX,,F,T,0,0
6/29/2026,10:15:10 AM,SPXW,BLOCK,76,1.6,,CALL,7430,0,12160,6/29/2026,WHITE,0,0,F,INDEX,,F,T,0,0
6/29/2026,10:15:58 AM,SPXW,BLOCK,69,1.85,,CALL,7430,0,12765,6/29/2026,WHITE,0,0,F,INDEX,,F,T,0,0
6/29/2026,10:25:47 AM,SPXW,BLOCK,102,2.2,,CALL,7430,0,22440,6/29/2026,WHITE,0,0,F,INDEX,,F,T,0,0
6/29/2026,10:28:58 AM,SPXW,BLOCK,58,2.5,,CALL,7430,0,14500,6/29/2026,WHITE,0,0,F,INDEX,,F,T,0,0
6/29/2026,10:28:58 AM,SPXW,BLOCK,58,2.5,,CALL,7430,0,14500,6/29/2026,WHITE,0,0,F,INDEX,,F,T,0,0
6/29/2026,10:30:06 AM,SPXW,ML/,51,2.7,,CALL,7430,0,13770,6/29/2026,WHITE,0,0,F,INDEX,,F,T,0,0
6/29/2026,10:30:58 AM,SPXW,BLOCK,110,3.4,,CALL,7430,0,37400,6/29/2026,WHITE,0,0,F,INDEX,,F,T,0,0
6/29/2026,10:33:03 AM,SPXW,BLOCK,101,3,,CALL,7430,0,30300,6/29/2026,WHITE,0,0,F,INDEX,,F,T,0,0
6/29/2026,10:33:24 AM,SPXW,ML/,67,3.9,,CALL,7430,0,26130,6/29/2026,WHITE,0,0,F,INDEX,,F,T,0,0
6/29/2026,10:33:26 AM,SPXW,ML/,150,3.85,,CALL,7430,0,57750,6/29/2026,WHITE,0,0,F,INDEX,,F,T,0,0
6/29/2026,10:33:25 AM,SPXW,ML/,94,3.8,,CALL,7430,0,35720,6/29/2026,WHITE,0,0,F,INDEX,,F,T,0,0
6/29/2026,10:33:24 AM,SPXW,BLOCK,74,3.7,,CALL,7430,0,27380,6/29/2026,WHITE,0,0,F,INDEX,,F,T,0,0
6/29/2026,10:33:28 AM,SPXW,BLOCK,56,3.7,,CALL,7430,0,20720,6/29/2026,WHITE,0,0,F,INDEX,,F,T,0,0
6/29/2026,10:33:29 AM,SPXW,BLOCK,53,3.6,,CALL,7430,0,19080,6/29/2026,WHITE,0,0,F,INDEX,,F,T,0,0
6/29/2026,10:33:54 AM,SPXW,BLOCK,100,4.4,,CALL,7430,0,44000,6/29/2026,WHITE,0,0,F,INDEX,,F,T,0,0
6/29/2026,10:38:09 AM,SPXW,ML/,84,4.05,,CALL,7430,0,34020,6/29/2026,WHITE,0,0,F,INDEX,,F,T,0,0
6/29/2026,10:43:10 AM,SPXW,ML/,100,4.45,,CALL,7430,0,44500,6/29/2026,WHITE,0,0,F,INDEX,,F,T,0,0
6/29/2026,10:43:33 AM,SPXW,ML/,54,4.4,,CALL,7430,0,23760,6/29/2026,WHITE,0,0,F,INDEX,,F,T,0,0
6/29/2026,10:45:29 AM,SPXW,ML/,52,2.95,,CALL,7430,0,15340,6/29/2026,WHITE,0,0,F,INDEX,,F,T,0,0
6/29/2026,10:32:42 AM,SPXW,ML/,100,2.82,,CALL,7430,0,28200,6/29/2026,WHITE,0,0,F,INDEX,,F,T,0,0
6/29/2026,10:50:35 AM,SPXW,BLOCK,100,4,,CALL,7430,0,40000,6/29/2026,WHITE,0,0,F,INDEX,,F,T,0,0
6/29/2026,10:52:49 AM,SPXW,ML/,100,4.22,,CALL,7430,0,42200,6/29/2026,WHITE,0,0,F,INDEX,,F,T,0,0
6/29/2026,10:54:40 AM,SPXW,BLOCK,96,6,,CALL,7430,0,57600,6/29/2026,WHITE,0,0,F,INDEX,,F,T,0,0
6/29/2026,10:54:40 AM,SPXW,ML/,63,6,,CALL,7430,0,37800,6/29/2026,WHITE,0,0,F,INDEX,,F,T,0,0
6/29/2026,11:08:36 AM,SPXW,BLOCK,100,3,,CALL,7430,0,30000,6/29/2026,WHITE,0,0,F,INDEX,,F,T,0,0
6/29/2026,11:08:46 AM,SPXW,BLOCK,100,2.9,,CALL,7430,0,29000,6/29/2026,WHITE,0,0,F,INDEX,,F,T,0,0
6/29/2026,11:10:36 AM,SPXW,BLOCK,52,2.4,,CALL,7430,0,12479,6/29/2026,WHITE,0,0,F,INDEX,,F,T,0,0
6/29/2026,11:11:22 AM,SPXW,BLOCK,50,2.3,,CALL,7430,0,11500,6/29/2026,WHITE,0,0,F,INDEX,,F,T,0,0
6/29/2026,10:25:38 AM,SPXW,ML/,182,2.18,,CALL,7430,0,39676,6/29/2026,WHITE,0,0,F,INDEX,,F,T,0,0
6/29/2026,10:25:21 AM,SPXW,ML/,200,1.82,,CALL,7430,0,36400,6/29/2026,WHITE,0,0,F,INDEX,,F,T,0,0
6/29/2026,11:08:18 AM,SPXW,ML/,500,2.81,,CALL,7430,0,140500,6/29/2026,WHITE,0,0,F,INDEX,,F,T,0,0
6/29/2026,11:16:10 AM,SPXW,BLOCK,139,3,,CALL,7430,0,41700,6/29/2026,WHITE,0,0,F,INDEX,,F,T,0,0
6/29/2026,11:22:31 AM,SPXW,BLOCK,101,2.45,,CALL,7430,0,24745,6/29/2026,WHITE,0,0,F,INDEX,,F,T,0,0
6/29/2026,11:24:01 AM,SPXW,BLOCK,100,1.7,,CALL,7430,0,17000,6/29/2026,WHITE,0,0,F,INDEX,,F,T,0,0
6/29/2026,11:26:04 AM,SPXW,BLOCK,62,2,,CALL,7430,0,12400,6/29/2026,WHITE,0,0,F,INDEX,,F,T,0,0
6/29/2026,11:30:18 AM,SPXW,BLOCK,99,3.3,,CALL,7430,0,32669,6/29/2026,WHITE,0,0,F,INDEX,,F,T,0,0
6/29/2026,11:30:35 AM,SPXW,BLOCK,113,3.5,,CALL,7430,0,39550,6/29/2026,WHITE,0,0,F,INDEX,,F,T,0,0
6/29/2026,11:32:17 AM,SPXW,ML/,200,3,,CALL,7430,0,60000,6/29/2026,WHITE,0,0,F,INDEX,,F,T,0,0
6/29/2026,11:33:04 AM,SPXW,BLOCK,50,2.7,,CALL,7430,0,13500,6/29/2026,WHITE,0,0,F,INDEX,,F,T,0,0
6/29/2026,11:33:40 AM,SPXW,BLOCK,50,3,,CALL,7430,0,15000,6/29/2026,WHITE,0,0,F,INDEX,,F,T,0,0
6/29/2026,11:37:31 AM,SPXW,BLOCK,72,2.8,,CALL,7430,0,20159,6/29/2026,WHITE,0,0,F,INDEX,,F,T,0,0
6/29/2026,11:38:39 AM,SPXW,BLOCK,100,3.1,,CALL,7430,0,31000,6/29/2026,WHITE,0,0,F,INDEX,,F,T,0,0
6/29/2026,11:39:03 AM,SPXW,BLOCK,80,2.95,,CALL,7430,0,23600,6/29/2026,WHITE,0,0,F,INDEX,,F,T,0,0
6/29/2026,11:42:03 AM,SPXW,BLOCK,99,3.3,,CALL,7430,0,32670,6/29/2026,WHITE,0,0,F,INDEX,,F,T,0,0
6/29/2026,11:45:09 AM,SPXW,ML/,53,3.5,,CALL,7430,0,18550,6/29/2026,WHITE,0,0,F,INDEX,,F,T,0,0
6/29/2026,11:47:02 AM,SPXW,BLOCK,52,2.8,,CALL,7430,0,14560,6/29/2026,WHITE,0,0,F,INDEX,,F,T,0,0
6/29/2026,11:47:02 AM,SPXW,BLOCK,52,2.8,,CALL,7430,0,14560,6/29/2026,WHITE,0,0,F,INDEX,,F,T,0,0
6/29/2026,11:47:21 AM,SPXW,BLOCK,103,2.95,,CALL,7430,0,30385,6/29/2026,WHITE,0,0,F,INDEX,,F,T,0,0
6/29/2026,11:47:49 AM,SPXW,ML/,50,3.05,,CALL,7430,0,15250,6/29/2026,WHITE,0,0,F,INDEX,,F,T,0,0
6/29/2026,11:53:06 AM,SPXW,ML/,65,2.7,,CALL,7430,0,17550,6/29/2026,WHITE,0,0,F,INDEX,,F,T,0,0
6/29/2026,11:36:25 AM,SPXW,BLOCK,53,2.3,,CALL,7430,0,12190,6/29/2026,WHITE,0,0,F,INDEX,,F,T,0,0
6/29/2026,11:54:56 AM,SPXW,BLOCK,60,2.65,,CALL,7430,0,15900,6/29/2026,WHITE,0,0,F,INDEX,,F,T,0,0
6/29/2026,11:55:33 AM,SPXW,BLOCK,81,3,,CALL,7430,0,24300,6/29/2026,WHITE,0,0,F,INDEX,,F,T,0,0
6/29/2026,11:55:46 AM,SPXW,BLOCK,100,3,,CALL,7430,0,30000,6/29/2026,WHITE,0,0,F,INDEX,,F,T,0,0
6/29/2026,11:58:20 AM,SPXW,BLOCK,51,2.7,,CALL,7430,0,13770,6/29/2026,WHITE,0,0,F,INDEX,,F,T,0,0
6/29/2026,11:55:33 AM,SPXW,ML/,106,2.97,,CALL,7430,0,31482,6/29/2026,WHITE,0,0,F,INDEX,,F,T,0,0
6/29/2026,12:05:08 PM,SPXW,ML/,100,5.22,,CALL,7430,0,52200,6/29/2026,WHITE,0,0,F,INDEX,,F,T,0,0
6/29/2026,12:05:08 PM,SPXW,BLOCK,70,5.4,,CALL,7430,0,37800,6/29/2026,WHITE,0,0,F,INDEX,,F,T,0,0
6/29/2026,12:05:07 PM,SPXW,BLOCK,50,5,,CALL,7430,0,25000,6/29/2026,WHITE,0,0,F,INDEX,,F,T,0,0
6/29/2026,12:05:04 PM,SPXW,ML/,66,4.75,,CALL,7430,0,31350,6/29/2026,WHITE,0,0,F,INDEX,,F,T,0,0
6/29/2026,12:16:10 PM,SPXW,ML/,50,3.7,,CALL,7430,0,18500,6/29/2026,WHITE,0,0,F,INDEX,,F,T,0,0
6/29/2026,12:22:07 PM,SPXW,BLOCK,50,3.2,,CALL,7430,0,16000,6/29/2026,WHITE,0,0,F,INDEX,,F,T,0,0
6/29/2026,12:25:02 PM,SPXW,BLOCK,54,4,,CALL,7430,0,21600,6/29/2026,WHITE,0,0,F,INDEX,,F,T,0,0
6/29/2026,12:25:56 PM,SPXW,ML/,50,3.32,,CALL,7430,0,16600,6/29/2026,WHITE,0,0,F,INDEX,,F,T,0,0
6/29/2026,12:38:37 PM,SPXW,BLOCK,102,2.4,,CALL,7430,0,24480,6/29/2026,WHITE,0,0,F,INDEX,,F,T,0,0
6/29/2026,12:39:08 PM,SPXW,BLOCK,62,2.45,,CALL,7430,0,15190,6/29/2026,WHITE,0,0,F,INDEX,,F,T,0,0
6/29/2026,12:54:35 PM,SPXW,BLOCK,60,3.4,,CALL,7430,0,20400,6/29/2026,WHITE,0,0,F,INDEX,,F,T,0,0
6/29/2026,12:56:55 PM,SPXW,ML/,50,2.72,,CALL,7430,0,13600,6/29/2026,WHITE,0,0,F,INDEX,,F,T,0,0
6/29/2026,1:00:09 PM,SPXW,ML/,54,2.7,,CALL,7430,0,14580,6/29/2026,WHITE,0,0,F,INDEX,,F,T,0,0
6/29/2026,1:02:02 PM,SPXW,BLOCK,50,3.3,,CALL,7430,0,16500,6/29/2026,WHITE,0,0,F,INDEX,,F,T,0,0
6/29/2026,12:54:13 PM,SPXW,ML/,50,3.42,,CALL,7430,0,17100,6/29/2026,WHITE,0,0,F,INDEX,,F,T,0,0
6/29/2026,1:08:52 PM,SPXW,SWEEP,100,3.5,,CALL,7430,0,35000,6/29/2026,WHITE,0,0,F,INDEX,,F,T,0,0
6/29/2026,1:09:24 PM,SPXW,BLOCK,52,3.8,,CALL,7430,0,19760,6/29/2026,WHITE,0,0,F,INDEX,,F,T,0,0
6/29/2026,1:10:21 PM,SPXW,BLOCK,50,4.7,,CALL,7430,0,23500,6/29/2026,WHITE,0,0,F,INDEX,,F,T,0,0
6/29/2026,1:10:54 PM,SPXW,BLOCK,100,4.7,,CALL,7430,0,47000,6/29/2026,WHITE,0,0,F,INDEX,,F,T,0,0
6/29/2026,1:11:06 PM,SPXW,BLOCK,102,4.4,,CALL,7430,0,44880,6/29/2026,WHITE,0,0,F,INDEX,,F,T,0,0
6/29/2026,1:11:07 PM,SPXW,BLOCK,50,4.4,,CALL,7430,0,22000,6/29/2026,WHITE,0,0,F,INDEX,,F,T,0,0
6/29/2026,1:11:04 PM,SPXW,BLOCK,101,4.5,,CALL,7430,0,45450,6/29/2026,WHITE,0,0,F,INDEX,,F,T,0,0
6/29/2026,1:11:48 PM,SPXW,BLOCK,100,4.6,,CALL,7430,0,46000,6/29/2026,WHITE,0,0,F,INDEX,,F,T,0,0
6/29/2026,1:11:54 PM,SPXW,BLOCK,102,4.6,,CALL,7430,0,46920,6/29/2026,WHITE,0,0,F,INDEX,,F,T,0,0
6/29/2026,1:12:03 PM,SPXW,BLOCK,100,4.8,,CALL,7430,0,48000,6/29/2026,WHITE,0,0,F,INDEX,,F,T,0,0
6/29/2026,1:12:46 PM,SPXW,ML/,100,4.75,,CALL,7430,0,47500,6/29/2026,WHITE,0,0,F,INDEX,,F,T,0,0
6/29/2026,1:12:51 PM,SPXW,BLOCK,54,5.3,,CALL,7430,0,28620,6/29/2026,WHITE,0,0,F,INDEX,,F,T,0,0
6/29/2026,1:12:51 PM,SPXW,BLOCK,53,5.2,,CALL,7430,0,27560,6/29/2026,WHITE,0,0,F,INDEX,,F,T,0,0
6/29/2026,1:13:09 PM,SPXW,BLOCK,52,5.8,,CALL,7430,0,30160,6/29/2026,WHITE,0,0,F,INDEX,,F,T,0,0
6/29/2026,1:13:17 PM,SPXW,ML/,50,6.3,,CALL,7430,0,31500,6/29/2026,WHITE,0,0,F,INDEX,,F,T,0,0
6/29/2026,1:13:23 PM,SPXW,BLOCK,74,6.2,,CALL,7430,0,45880,6/29/2026,WHITE,0,0,F,INDEX,,F,T,0,0
6/29/2026,9:38:30 AM,SPXW,ML/,100,6.45,,CALL,7430,0,64500,6/29/2026,WHITE,0,0,F,INDEX,,F,T,0,0
6/29/2026,1:13:28 PM,SPXW,BLOCK,57,6.1,,CALL,7430,0,34770,6/29/2026,WHITE,0,0,F,INDEX,,F,T,0,0
6/29/2026,1:13:40 PM,SPXW,ML/,88,7.9,,CALL,7430,0,69520,6/29/2026,WHITE,0,0,F,INDEX,,F,T,0,0
6/29/2026,1:13:38 PM,SPXW,BLOCK,57,6.6,,CALL,7430,0,37620,6/29/2026,WHITE,0,0,F,INDEX,,F,T,0,0
6/29/2026,1:14:46 PM,SPXW,ML/,203,8,,CALL,7430,0,162400,6/29/2026,WHITE,0,0,F,INDEX,,F,T,0,0
6/29/2026,1:14:10 PM,SPXW,ML/,100,8.55,,CALL,7430,0,85500,6/29/2026,WHITE,0,0,F,INDEX,,F,T,0,0
6/29/2026,1:13:36 PM,SPXW,ML/,105,6.3,,CALL,7430,0,66150,6/29/2026,WHITE,0,0,F,INDEX,,F,T,0,0
6/29/2026,1:22:37 PM,SPXW,ML/,50,6.45,,CALL,7430,0,32250,6/29/2026,WHITE,0,0,F,INDEX,,F,T,0,0
6/29/2026,1:13:16 PM,SPXW,BLOCK,75,6,,CALL,7430,0,45000,6/29/2026,WHITE,0,0,F,INDEX,,F,T,0,0
6/29/2026,1:24:38 PM,SPXW,BLOCK,70,5.6,,CALL,7430,0,39200,6/29/2026,WHITE,0,0,F,INDEX,,F,T,0,0
6/29/2026,1:24:53 PM,SPXW,ML/,200,5.35,,CALL,7430,0,107000,6/29/2026,WHITE,0,0,F,INDEX,,F,T,0,0
6/29/2026,1:25:47 PM,SPXW,SWEEP,129,6,,CALL,7430,0,77400,6/29/2026,WHITE,0,0,F,INDEX,,F,T,0,0
6/29/2026,1:25:59 PM,SPXW,ML/,50,6.55,,CALL,7430,0,32750,6/29/2026,WHITE,0,0,F,INDEX,,F,T,0,0
6/29/2026,1:29:01 PM,SPXW,BLOCK,76,7.9,,CALL,7430,0,60040,6/29/2026,WHITE,0,0,F,INDEX,,F,T,0,0
6/29/2026,1:31:29 PM,SPXW,SWEEP,50,9.8,,CALL,7430,0,49000,6/29/2026,WHITE,0,0,F,INDEX,,F,T,0,0
6/29/2026,1:35:02 PM,SPXW,BLOCK,58,9,,CALL,7430,0,52200,6/29/2026,WHITE,0,0,F,INDEX,,F,T,0,0
6/29/2026,1:32:58 PM,SPXW,BLOCK,56,9.2,,CALL,7430,0,51519,6/29/2026,WHITE,0,0,F,INDEX,,F,T,0,0
6/29/2026,1:38:54 PM,SPXW,BLOCK,51,8.1,,CALL,7430,0,41310,6/29/2026,WHITE,0,0,F,INDEX,,F,T,0,0
6/29/2026,1:39:07 PM,SPXW,BLOCK,51,8.6,,CALL,7430,0,43860,6/29/2026,WHITE,0,0,F,INDEX,,F,T,0,0
6/29/2026,1:40:14 PM,SPXW,BLOCK,50,9,,CALL,7430,0,45000,6/29/2026,WHITE,0,0,F,INDEX,,F,T,0,0
6/29/2026,1:40:39 PM,SPXW,BLOCK,54,8.7,,CALL,7430,0,46979,6/29/2026,WHITE,0,0,F,INDEX,,F,T,0,0
6/29/2026,1:42:06 PM,SPXW,BLOCK,55,9.1,,CALL,7430,0,50050,6/29/2026,WHITE,0,0,F,INDEX,,F,T,0,0
6/29/2026,1:47:38 PM,SPXW,BLOCK,54,9.8,,CALL,7430,0,52920,6/29/2026,WHITE,0,0,F,INDEX,,F,T,0,0
6/29/2026,1:54:04 PM,SPXW,BLOCK,88,11,,CALL,7430,0,96800,6/29/2026,WHITE,0,0,F,INDEX,,F,T,0,0
6/29/2026,1:54:11 PM,SPXW,BLOCK,82,10.9,,CALL,7430,0,89380,6/29/2026,WHITE,0,0,F,INDEX,,F,T,0,0
6/29/2026,1:54:14 PM,SPXW,ML/,130,10.9,,CALL,7430,0,141700,6/29/2026,WHITE,0,0,F,INDEX,,F,T,0,0
6/29/2026,1:58:34 PM,SPXW,BLOCK,80,7.8,,CALL,7430,0,62400,6/29/2026,WHITE,0,0,F,INDEX,,F,T,0,0
6/29/2026,1:59:57 PM,SPXW,BLOCK,61,8.8,,CALL,7430,0,53680,6/29/2026,WHITE,0,0,F,INDEX,,F,T,0,0
6/29/2026,1:32:24 PM,SPXW,ML/,69,9.61,,CALL,7430,0,66308,6/29/2026,WHITE,0,0,F,INDEX,,F,T,0,0
6/29/2026,1:33:52 PM,SPXW,BLOCK,60,7.2,,CALL,7430,0,43200,6/29/2026,WHITE,0,0,F,INDEX,,F,T,0,0
6/29/2026,2:20:33 PM,SPXW,BLOCK,50,7.8,,CALL,7430,0,39000,6/29/2026,WHITE,0,0,F,INDEX,,F,T,0,0
6/29/2026,1:21:50 PM,SPXW,ML/,50,6.95,,CALL,7430,0,34750,6/29/2026,WHITE,0,0,F,INDEX,,F,T,0,0
6/29/2026,2:33:30 PM,SPXW,BLOCK,50,8.4,,CALL,7430,0,42000,6/29/2026,WHITE,0,0,F,INDEX,,F,T,0,0
6/29/2026,2:35:58 PM,SPXW,BLOCK,50,10.1,,CALL,7430,0,50500,6/29/2026,WHITE,0,0,F,INDEX,,F,T,0,0
6/29/2026,2:35:36 PM,SPXW,ML/,97,10.15,,CALL,7430,0,98455,6/29/2026,WHITE,0,0,F,INDEX,,F,T,0,0
6/29/2026,2:44:04 PM,SPXW,ML/,70,11.9,,CALL,7430,0,83300,6/29/2026,WHITE,0,0,F,INDEX,,F,T,0,0
6/29/2026,2:19:20 PM,SPXW,ML/,53,9.24,,CALL,7430,0,48972,6/29/2026,WHITE,0,0,F,INDEX,,F,T,0,0
6/29/2026,3:16:28 PM,SPXW,BLOCK,57,7,,CALL,7430,0,39900,6/29/2026,WHITE,0,0,F,INDEX,,F,T,0,0
6/29/2026,3:24:21 PM,SPXW,BLOCK,52,10.1,,CALL,7430,0,52519,6/29/2026,WHITE,0,0,F,INDEX,,F,T,0,0
6/29/2026,3:25:52 PM,SPXW,BLOCK,57,9.1,,CALL,7430,0,51869,6/29/2026,WHITE,0,0,F,INDEX,,F,T,0,0
6/29/2026,3:32:00 PM,SPXW,BLOCK,50,7,,CALL,7430,0,35000,6/29/2026,WHITE,0,0,F,INDEX,,F,T,0,0
6/29/2026,3:32:26 PM,SPXW,BLOCK,50,7.2,,CALL,7430,0,36000,6/29/2026,WHITE,0,0,F,INDEX,,F,T,0,0
6/29/2026,3:42:47 PM,SPXW,BLOCK,61,6.8,,CALL,7430,0,41480,6/29/2026,WHITE,0,0,F,INDEX,,F,T,0,0
6/29/2026,1:11:24 PM,SPXW,BLOCK,100,4.2,,CALL,7430,0,42000,6/29/2026,WHITE,0,0,F,INDEX,,F,T,0,0
6/29/2026,3:52:38 PM,SPXW,BLOCK,55,3.9,,CALL,7430,0,21450,6/29/2026,WHITE,0,0,F,INDEX,,F,T,0,0
6/29/2026,3:56:19 PM,SPXW,ML/,88,3.6,,CALL,7430,0,31680,6/29/2026,WHITE,0,0,F,INDEX,,F,T,0,0
6/29/2026,3:50:00 PM,SPXW,ML/,99,8.67,,CALL,7430,0,85833,6/29/2026,WHITE,0,0,F,INDEX,,F,T,0,0
6/29/2026,1:03:27 PM,SPXW,ML/,100,3.13,,CALL,7430,0,31300,6/29/2026,WHITE,0,0,F,INDEX,,F,T,0,0
6/29/2026,3:51:42 PM,SPXW,ML/,100,3.86,,CALL,7430,0,38600,6/29/2026,WHITE,0,0,F,INDEX,,F,T,0,0
6/29/2026,12:31:20 PM,SPXW,ML/,175,2.54,,CALL,7430,0,44450,6/29/2026,WHITE,0,0,F,INDEX,,F,T,0,0
6/29/2026,3:56:19 PM,SPXW,ML/,88,3.61,,CALL,7430,0,31768,6/29/2026,WHITE,0,0,F,INDEX,,F,T,0,0
6/29/2026,1:24:02 PM,SPXW,ML/,100,5.45,,CALL,7430,0,54500,6/29/2026,WHITE,0,0,F,INDEX,,F,T,0,0
6/29/2026,1:24:02 PM,SPXW,ML/,122,5.44,,CALL,7430,0,66368,6/29/2026,WHITE,0,0,F,INDEX,,F,T,0,0
6/29/2026,3:50:08 PM,SPXW,ML/,150,2.44,,PUT,6825,0,36600,7/10/2026,WHITE,0,11,F,INDEX,,F,T,0,0
6/29/2026,4:02:33 PM,SPXW,ML/,75,2.44,,PUT,6825,0,18300,7/10/2026,WHITE,0,11,F,INDEX,,F,T,0,0
6/29/2026,4:02:35 PM,SPXW,ML/,75,2.44,,PUT,6825,0,18300,7/10/2026,WHITE,0,11,F,INDEX,,F,T,0,0
6/29/2026,4:01:03 PM,SPXW,ML/,150,2.4,,PUT,6825,0,36000,7/10/2026,WHITE,0,11,F,INDEX,,F,T,0,0
6/29/2026,2:07:53 PM,SPXW,BLOCK,100,2.3,,PUT,6800,0,23000,7/10/2026,WHITE,0,11,F,INDEX,,F,T,0,0
6/29/2026,2:44:08 PM,SPXW,ML/,55,11.78,,CALL,7540,0,64790,7/6/2026,WHITE,0,7,F,INDEX,,F,T,0,0
6/29/2026,9:47:30 AM,SPXW,ML/,290,0.6,,PUT,7260,0,17400,6/29/2026,WHITE,0,0,F,INDEX,,F,T,0,0
6/29/2026,10:08:10 AM,SPXW,ML/,87,1.43,,PUT,7260,0,12441,6/29/2026,WHITE,0,0,F,INDEX,,F,T,0,0
6/29/2026,10:11:04 AM,SPXW,BLOCK,93,1.6,,PUT,7260,0,14880,6/29/2026,WHITE,0,0,F,INDEX,,F,T,0,0
6/29/2026,10:15:06 AM,SPXW,ML/,100,2.32,,PUT,7260,0,23199,6/29/2026,WHITE,0,0,F,INDEX,,F,T,0,0
6/29/2026,2:43:31 PM,SPXW,BLOCK,200,1,,PUT,7160,0,20000,7/1/2026,WHITE,0,2,F,INDEX,,F,T,0,0
6/29/2026,10:01:39 AM,SPXW,ML/,60,2.68,,PUT,7150,0,16080,7/1/2026,WHITE,0,2,F,INDEX,,F,T,0,0
6/29/2026,9:43:48 AM,SPXW,BLOCK,52,16,,CALL,7415,0,83200,6/29/2026,WHITE,0,0,F,INDEX,,F,T,0,0
6/29/2026,9:58:59 AM,SPXW,BLOCK,60,10,,CALL,7415,0,60000,6/29/2026,WHITE,0,0,F,INDEX,,F,T,0,0
6/29/2026,10:15:33 AM,SPXW,BLOCK,51,3,,CALL,7415,0,15300,6/29/2026,WHITE,0,0,F,INDEX,,F,T,0,0
6/29/2026,10:22:08 AM,SPXW,ML/,200,4.55,,CALL,7415,0,91000,6/29/2026,WHITE,0,0,F,INDEX,,F,T,0,0
6/29/2026,10:13:26 AM,SPXW,ML/,50,3.93,,CALL,7415,0,19650,6/29/2026,WHITE,0,0,F,INDEX,,F,T,0,0
6/29/2026,10:25:27 AM,SPXW,BLOCK,82,5,,CALL,7415,0,41000,6/29/2026,WHITE,0,0,F,INDEX,,F,T,0,0
6/29/2026,10:29:00 AM,SPXW,BLOCK,52,6,,CALL,7415,0,31200,6/29/2026,WHITE,0,0,F,INDEX,,F,T,0,0
6/29/2026,10:43:08 AM,SPXW,BLOCK,53,10,,CALL,7415,0,53000,6/29/2026,WHITE,0,0,F,INDEX,,F,T,0,0
6/29/2026,10:56:58 AM,SPXW,BLOCK,300,9.3,,CALL,7415,0,279000,6/29/2026,WHITE,0,0,F,INDEX,,F,T,0,0
6/29/2026,10:35:08 AM,SPXW,ML/,100,10.22,,CALL,7415,0,102200,6/29/2026,WHITE,0,0,F,INDEX,,F,T,0,0
6/29/2026,11:02:47 AM,SPXW,BLOCK,55,8.1,,CALL,7415,0,44550,6/29/2026,WHITE,0,0,F,INDEX,,F,T,0,0
6/29/2026,11:15:19 AM,SPXW,BLOCK,50,7.6,,CALL,7415,0,38000,6/29/2026,WHITE,0,0,F,INDEX,,F,T,0,0
6/29/2026,11:35:07 AM,SPXW,BLOCK,95,6.1,,CALL,7415,0,57950,6/29/2026,WHITE,0,0,F,INDEX,,F,T,0,0
6/29/2026,11:06:10 AM,SPXW,ML/,100,7.37,,CALL,7415,0,73700,6/29/2026,WHITE,0,0,F,INDEX,,F,T,0,0
6/29/2026,11:32:12 AM,SPXW,BLOCK,100,8.6,,CALL,7415,0,86000,6/29/2026,WHITE,0,0,F,INDEX,,F,T,0,0
6/29/2026,11:38:34 AM,SPXW,SWEEP,60,8.6,,CALL,7415,0,51600,6/29/2026,WHITE,0,0,F,INDEX,,F,T,0,0
6/29/2026,11:38:34 AM,SPXW,SWEEP,66,8.6,,CALL,7415,0,56760,6/29/2026,WHITE,0,0,F,INDEX,,F,T,0,0
6/29/2026,11:57:35 AM,SPXW,ML/,130,7.9,,CALL,7415,0,102700,6/29/2026,WHITE,0,0,F,INDEX,,F,T,0,0
6/29/2026,12:00:00 PM,SPXW,ML/,201,9.9,,CALL,7415,0,198990,6/29/2026,WHITE,0,0,F,INDEX,,F,T,0,0
6/29/2026,12:01:33 PM,SPXW,BLOCK,154,10.9,,CALL,7415,0,167860,6/29/2026,WHITE,0,0,F,INDEX,,F,T,0,0
6/29/2026,11:00:20 AM,SPXW,ML/,65,10.32,,CALL,7415,0,67080,6/29/2026,WHITE,0,0,F,INDEX,,F,T,0,0
6/29/2026,12:01:58 PM,SPXW,ML/,93,11.7,,CALL,7415,0,108809,6/29/2026,WHITE,0,0,F,INDEX,,F,T,0,0
6/29/2026,12:01:58 PM,SPXW,BLOCK,58,11.8,,CALL,7415,0,68440,6/29/2026,WHITE,0,0,F,INDEX,,F,T,0,0
6/29/2026,12:05:04 PM,SPXW,BLOCK,50,12.1,,CALL,7415,0,60500,6/29/2026,WHITE,0,0,F,INDEX,,F,T,0,0
6/29/2026,12:13:28 PM,SPXW,BLOCK,50,10,,CALL,7415,0,50000,6/29/2026,WHITE,0,0,F,INDEX,,F,T,0,0
6/29/2026,12:20:48 PM,SPXW,BLOCK,50,10.1,,CALL,7415,0,50500,6/29/2026,WHITE,0,0,F,INDEX,,F,T,0,0
6/29/2026,12:22:04 PM,SPXW,BLOCK,51,8.8,,CALL,7415,0,44880,6/29/2026,WHITE,0,0,F,INDEX,,F,T,0,0
6/29/2026,12:23:52 PM,SPXW,BLOCK,100,10.5,,CALL,7415,0,105000,6/29/2026,WHITE,0,0,F,INDEX,,F,T,0,0
6/29/2026,12:31:53 PM,SPXW,BLOCK,50,8,,CALL,7415,0,40000,6/29/2026,WHITE,0,0,F,INDEX,,F,T,0,0
6/29/2026,12:34:17 PM,SPXW,BLOCK,50,7.2,,CALL,7415,0,36000,6/29/2026,WHITE,0,0,F,INDEX,,F,T,0,0
6/29/2026,12:35:32 PM,SPXW,BLOCK,51,7.8,,CALL,7415,0,39780,6/29/2026,WHITE,0,0,F,INDEX,,F,T,0,0
6/29/2026,12:35:45 PM,SPXW,BLOCK,50,7.7,,CALL,7415,0,38500,6/29/2026,WHITE,0,0,F,INDEX,,F,T,0,0
6/29/2026,12:38:56 PM,SPXW,BLOCK,50,7.8,,CALL,7415,0,39000,6/29/2026,WHITE,0,0,F,INDEX,,F,T,0,0
6/29/2026,10:53:32 AM,SPXW,ML/,59,11.09,,CALL,7415,0,65430,6/29/2026,WHITE,0,0,F,INDEX,,F,T,0,0
6/29/2026,1:08:10 PM,SPXW,BLOCK,56,10.5,,CALL,7415,0,58800,6/29/2026,WHITE,0,0,F,INDEX,,F,T,0,0
6/29/2026,9:36:52 AM,SPXW,ML/,50,12.54,,CALL,7415,0,62700,6/29/2026,WHITE,0,0,F,INDEX,,F,T,0,0
6/29/2026,1:30:30 PM,SPXW,BLOCK,55,18.2,,CALL,7415,0,100100,6/29/2026,WHITE,0,0,F,INDEX,,F,T,0,0
6/29/2026,2:38:46 PM,SPXW,ML/,50,21.9,,CALL,7415,0,109500,6/29/2026,WHITE,0,0,F,INDEX,,F,T,0,0
6/29/2026,1:31:06 PM,SPXW,ML/,63,20.34,,CALL,7415,0,128142,6/29/2026,WHITE,0,0,F,INDEX,,F,T,0,0
6/29/2026,3:06:23 PM,SPXW,ML/,50,21.57,,CALL,7415,0,107850,6/29/2026,WHITE,0,0,F,INDEX,,F,T,0,0
6/29/2026,1:08:22 PM,SPXW,BLOCK,50,11.1,,CALL,7415,0,55500,6/29/2026,WHITE,0,0,F,INDEX,,F,T,0,0
6/29/2026,10:19:01 AM,SPXW,ML/,70,3.85,,CALL,7415,0,26950,6/29/2026,WHITE,0,0,F,INDEX,,F,T,0,0
6/29/2026,9:45:39 AM,SPXW,BLOCK,65,3.5,,PUT,7365,0,22750,6/29/2026,WHITE,0,0,F,INDEX,,F,T,0,0
6/29/2026,9:36:52 AM,SPXW,ML/,60,8.32,,PUT,7365,0,49920,6/29/2026,WHITE,0,0,F,INDEX,,F,T,0,0
6/29/2026,10:29:02 AM,SPXW,BLOCK,51,10,,PUT,7365,0,51000,6/29/2026,WHITE,0,0,F,INDEX,,F,T,0,0
6/29/2026,10:37:24 AM,SPXW,ML/,53,6.55,,PUT,7365,0,34715,6/29/2026,WHITE,0,0,F,INDEX,,F,T,0,0
6/29/2026,10:36:38 AM,SPXW,ML/,95,6.01,,PUT,7365,0,57095,6/29/2026,WHITE,0,0,F,INDEX,,F,T,0,0
6/29/2026,9:40:34 AM,SPXW,ML/,80,5.54,,PUT,7365,0,44320,6/29/2026,WHITE,0,0,F,INDEX,,F,T,0,0
6/29/2026,11:00:35 AM,SPXW,BLOCK,101,4,,PUT,7365,0,40400,6/29/2026,WHITE,0,0,F,INDEX,,F,T,0,0
6/29/2026,11:01:40 AM,SPXW,SWEEP,101,4.4,,PUT,7365,0,44440,6/29/2026,WHITE,0,0,F,INDEX,,F,T,0,0
6/29/2026,11:15:09 AM,SPXW,ML/,53,3.32,,PUT,7365,0,17595,6/29/2026,WHITE,0,0,F,INDEX,,F,T,0,0
6/29/2026,11:38:18 AM,SPXW,ML/,261,2.47,,PUT,7365,0,64467,6/29/2026,WHITE,0,0,F,INDEX,,F,T,0,0
6/29/2026,11:42:16 AM,SPXW,BLOCK,54,2.15,,PUT,7365,0,11610,6/29/2026,WHITE,0,0,F,INDEX,,F,T,0,0
6/29/2026,11:51:08 AM,SPXW,BLOCK,50,2,,PUT,7365,0,10000,6/29/2026,WHITE,0,0,F,INDEX,,F,T,0,0
6/29/2026,11:52:15 AM,SPXW,BLOCK,70,2.15,,PUT,7365,0,15050,6/29/2026,WHITE,0,0,F,INDEX,,F,T,0,0
6/29/2026,12:01:29 PM,SPXW,ML/,113,1.51,,PUT,7365,0,17063,6/29/2026,WHITE,0,0,F,INDEX,,F,T,0,0
6/29/2026,12:01:46 PM,SPXW,ML/,80,1.51,,PUT,7365,0,12080,6/29/2026,WHITE,0,0,F,INDEX,,F,T,0,0
6/29/2026,12:11:57 PM,SPXW,ML/,129,1.72,,PUT,7365,0,22188,6/29/2026,WHITE,0,0,F,INDEX,,F,T,0,0
6/29/2026,11:59:16 AM,SPXW,ML/,65,1.75,,PUT,7365,0,11375,6/29/2026,WHITE,0,0,F,INDEX,,F,T,0,0
6/29/2026,12:15:21 PM,SPXW,BLOCK,133,1.6,,PUT,7365,0,21280,6/29/2026,WHITE,0,0,F,INDEX,,F,T,0,0
6/29/2026,12:12:12 PM,SPXW,ML/,107,1.73,,PUT,7365,0,18511,6/29/2026,WHITE,0,0,F,INDEX,,F,T,0,0
6/29/2026,12:25:02 PM,SPXW,ML/,197,1.37,,PUT,7365,0,26989,6/29/2026,WHITE,0,0,F,INDEX,,F,T,0,0
6/29/2026,11:35:15 AM,SPXW,ML/,229,3.43,,PUT,7365,0,78547,6/29/2026,WHITE,0,0,F,INDEX,,F,T,0,0
6/29/2026,10:15:03 AM,SPXW,ML/,50,29.1,,PUT,7365,0,145500,6/29/2026,WHITE,0,0,F,INDEX,,F,T,0,0
6/29/2026,11:41:34 AM,SPXW,ML/,193,2.68,,PUT,7365,0,51724,6/29/2026,WHITE,0,0,F,INDEX,,F,T,0,0
6/29/2026,9:33:20 AM,SPXW,ML/,90,3.17,,CALL,7455,0,28530,6/29/2026,WHITE,0,0,F,INDEX,,F,T,0,0
6/29/2026,9:35:54 AM,SPXW,ML/,50,2.77,,CALL,7455,0,13850,6/29/2026,WHITE,0,0,F,INDEX,,F,T,0,0
6/29/2026,9:35:54 AM,SPXW,ML/,50,2.78,,CALL,7455,0,13900,6/29/2026,WHITE,0,0,F,INDEX,,F,T,0,0
6/29/2026,9:40:31 AM,SPXW,ML/,100,2.4,,CALL,7455,0,24000,6/29/2026,WHITE,0,0,F,INDEX,,F,T,0,0
6/29/2026,9:40:31 AM,SPXW,ML/,94,2.47,,CALL,7455,0,23218,6/29/2026,WHITE,0,0,F,INDEX,,F,T,0,0
6/29/2026,9:41:56 AM,SPXW,BLOCK,60,2.3,,CALL,7455,0,13800,6/29/2026,WHITE,0,0,F,INDEX,,F,T,0,0
6/29/2026,9:41:40 AM,SPXW,ML/,101,2.4,,CALL,7455,0,24240,6/29/2026,WHITE,0,0,F,INDEX,,F,T,0,0
6/29/2026,9:43:34 AM,SPXW,ML/,50,2.27,,CALL,7455,0,11350,6/29/2026,WHITE,0,0,F,INDEX,,F,T,0,0
6/29/2026,9:43:43 AM,SPXW,ML/,200,2.2,,CALL,7455,0,44000,6/29/2026,WHITE,0,0,F,INDEX,,F,T,0,0
6/29/2026,9:41:11 AM,SPXW,ML/,173,2.68,,CALL,7455,0,46364,6/29/2026,WHITE,0,0,F,INDEX,,F,T,0,0
6/29/2026,9:44:28 AM,SPXW,ML/,186,3.05,,CALL,7455,0,56729,6/29/2026,WHITE,0,0,F,INDEX,,F,T,0,0
6/29/2026,9:41:39 AM,SPXW,ML/,60,2.42,,CALL,7455,0,14519,6/29/2026,WHITE,0,0,F,INDEX,,F,T,0,0
6/29/2026,9:43:25 AM,SPXW,ML/,101,2.23,,CALL,7455,0,22523,6/29/2026,WHITE,0,0,F,INDEX,,F,T,0,0
6/29/2026,9:50:15 AM,SPXW,BLOCK,71,2.25,,CALL,7455,0,15975,6/29/2026,WHITE,0,0,F,INDEX,,F,T,0,0
6/29/2026,9:44:00 AM,SPXW,ML/,200,2.37,,CALL,7455,0,47400,6/29/2026,WHITE,0,0,F,INDEX,,F,T,0,0
6/29/2026,9:50:21 AM,SPXW,ML/,50,2.32,,CALL,7455,0,11599,6/29/2026,WHITE,0,0,F,INDEX,,F,T,0,0
6/29/2026,9:41:13 AM,SPXW,ML/,200,2.72,,CALL,7455,0,54400,6/29/2026,WHITE,0,0,F,INDEX,,F,T,0,0
6/29/2026,9:51:47 AM,SPXW,BLOCK,50,3.5,,CALL,7455,0,17500,6/29/2026,WHITE,0,0,F,INDEX,,F,T,0,0
6/29/2026,9:50:30 AM,SPXW,BLOCK,100,2.3,,CALL,7455,0,22999,6/29/2026,WHITE,0,0,F,INDEX,,F,T,0,0
6/29/2026,9:54:49 AM,SPXW,ML/,100,2.27,,CALL,7455,0,22700,6/29/2026,WHITE,0,0,F,INDEX,,F,T,0,0
6/29/2026,9:54:41 AM,SPXW,ML/,89,2.25,,CALL,7455,0,20025,6/29/2026,WHITE,0,0,F,INDEX,,F,T,0,0
6/29/2026,9:59:23 AM,SPXW,ML/,127,1.2,,CALL,7455,0,15240,6/29/2026,WHITE,0,0,F,INDEX,,F,T,0,0
6/29/2026,9:59:25 AM,SPXW,BLOCK,326,1.2,,CALL,7455,0,39120,6/29/2026,WHITE,0,0,F,INDEX,,F,T,0,0
6/29/2026,10:03:18 AM,SPXW,BLOCK,150,1.1,,CALL,7455,0,16500,6/29/2026,WHITE,0,0,F,INDEX,,F,T,0,0
6/29/2026,10:10:28 AM,SPXW,BLOCK,246,0.65,,CALL,7455,0,15990,6/29/2026,WHITE,0,0,F,INDEX,,F,T,0,0
6/29/2026,10:32:06 AM,SPXW,BLOCK,150,0.7,,CALL,7455,0,10500,6/29/2026,WHITE,0,0,F,INDEX,,F,T,0,0
6/29/2026,10:47:34 AM,SPXW,BLOCK,252,0.4,,CALL,7455,0,10080,6/29/2026,WHITE,0,0,F,INDEX,,F,T,0,0
6/29/2026,1:32:07 PM,SPXW,BLOCK,102,1.5,,CALL,7455,0,15300,6/29/2026,WHITE,0,0,F,INDEX,,F,T,0,0
6/29/2026,1:47:36 PM,SPXW,ML/,224,1.27,,CALL,7455,0,28448,6/29/2026,WHITE,0,0,F,INDEX,,F,T,0,0
6/29/2026,1:58:59 PM,SPXW,ML/,1002,0.95,,CALL,7455,0,95190,6/29/2026,WHITE,0,0,F,INDEX,,F,T,0,0
6/29/2026,2:46:11 PM,SPXW,BLOCK,66,1.55,,CALL,7455,0,10230,6/29/2026,WHITE,0,0,F,INDEX,,F,T,0,0
6/29/2026,2:56:38 PM,SPXW,ML/,160,0.77,,CALL,7455,0,12320,6/29/2026,WHITE,0,0,F,INDEX,,F,T,0,0
6/29/2026,9:40:31 AM,SPXW,ML/,169,2.48,,CALL,7455,0,41912,6/29/2026,WHITE,0,0,F,INDEX,,F,T,0,0
6/29/2026,9:43:34 AM,SPXW,ML/,140,2.28,,CALL,7455,0,31919,6/29/2026,WHITE,0,0,F,INDEX,,F,T,0,0
6/29/2026,12:24:03 PM,VIX,ML/,2000,0.59,,PUT,17,0,118000,7/22/2026,WHITE,0,23,F,INDEX,,F,T,0,0
6/29/2026,2:15:13 PM,VIX,ML/,1500,0.59,,PUT,17,0,88500,7/22/2026,WHITE,0,23,F,INDEX,,F,T,0,0
6/29/2026,3:27:32 PM,VIX,BLOCK,200,0.6,,PUT,17,0,12000,7/22/2026,WHITE,0,23,F,INDEX,,F,T,0,0
6/29/2026,10:48:29 AM,VIX,BLOCK,15000,0.53,,PUT,17,0,795000,7/22/2026,WHITE,0,23,F,INDEX,,F,T,0,0
6/29/2026,1:06:47 PM,VIX,ML/,16208,1.02,,CALL,35,0,1653216,9/16/2026,WHITE,0,79,F,INDEX,,F,T,0,0
6/29/2026,11:48:18 AM,SPXW,ML/,130,13.81,,CALL,8010,0,179530,8/31/2026,WHITE,0,63,F,INDEX,,F,T,0,0
6/29/2026,9:30:20 AM,SPXW,BLOCK,70,22.3,,PUT,7390,0,156100,6/29/2026,WHITE,0,0,F,INDEX,,F,T,0,0
6/29/2026,9:43:11 AM,SPXW,BLOCK,60,9.2,,PUT,7390,0,55200,6/29/2026,WHITE,0,0,F,INDEX,,F,T,0,0
6/29/2026,9:44:35 AM,SPXW,BLOCK,50,7.5,,PUT,7390,0,37500,6/29/2026,WHITE,0,0,F,INDEX,,F,T,0,0
6/29/2026,9:45:42 AM,SPXW,BLOCK,80,6.5,,PUT,7390,0,52000,6/29/2026,WHITE,0,0,F,INDEX,,F,T,0,0
6/29/2026,9:52:40 AM,SPXW,BLOCK,79,6,,PUT,7390,0,47400,6/29/2026,WHITE,0,0,F,INDEX,,F,T,0,0
6/29/2026,9:55:35 AM,SPXW,BLOCK,65,11.2,,PUT,7390,0,72799,6/29/2026,WHITE,0,0,F,INDEX,,F,T,0,0
6/29/2026,9:55:41 AM,SPXW,BLOCK,93,11.4,,PUT,7390,0,106020,6/29/2026,WHITE,0,0,F,INDEX,,F,T,0,0
6/29/2026,9:55:57 AM,SPXW,BLOCK,69,12,,PUT,7390,0,82800,6/29/2026,WHITE,0,0,F,INDEX,,F,T,0,0
6/29/2026,9:58:15 AM,SPXW,BLOCK,57,15.2,,PUT,7390,0,86640,6/29/2026,WHITE,0,0,F,INDEX,,F,T,0,0
6/29/2026,9:59:39 AM,SPXW,BLOCK,61,16.5,,PUT,7390,0,100650,6/29/2026,WHITE,0,0,F,INDEX,,F,T,0,0
6/29/2026,10:04:23 AM,SPXW,BLOCK,50,17.9,,PUT,7390,0,89500,6/29/2026,WHITE,0,0,F,INDEX,,F,T,0,0
6/29/2026,10:41:05 AM,SPXW,BLOCK,54,11.4,,PUT,7390,0,61560,6/29/2026,WHITE,0,0,F,INDEX,,F,T,0,0
6/29/2026,10:37:36 AM,SPXW,ML/,50,13.7,,PUT,7390,0,68500,6/29/2026,WHITE,0,0,F,INDEX,,F,T,0,0
6/29/2026,10:47:08 AM,SPXW,BLOCK,80,16,,PUT,7390,0,128000,6/29/2026,WHITE,0,0,F,INDEX,,F,T,0,0
6/29/2026,10:49:34 AM,SPXW,ML/,50,14,,PUT,7390,0,70000,6/29/2026,WHITE,0,0,F,INDEX,,F,T,0,0
6/29/2026,10:49:52 AM,SPXW,BLOCK,50,14.6,,PUT,7390,0,73000,6/29/2026,WHITE,0,0,F,INDEX,,F,T,0,0
6/29/2026,11:00:57 AM,SPXW,BLOCK,122,9,,PUT,7390,0,109800,6/29/2026,WHITE,0,0,F,INDEX,,F,T,0,0
6/29/2026,11:01:15 AM,SPXW,BLOCK,81,9.5,,PUT,7390,0,76950,6/29/2026,WHITE,0,0,F,INDEX,,F,T,0,0
6/29/2026,11:01:15 AM,SPXW,BLOCK,119,9.4,,PUT,7390,0,111860,6/29/2026,WHITE,0,0,F,INDEX,,F,T,0,0
6/29/2026,11:08:03 AM,SPXW,BLOCK,60,10,,PUT,7390,0,60000,6/29/2026,WHITE,0,0,F,INDEX,,F,T,0,0
6/29/2026,11:10:50 AM,SPXW,SWEEP,89,10.3,,PUT,7390,0,91670,6/29/2026,WHITE,0,0,F,INDEX,,F,T,0,0
6/29/2026,11:11:50 AM,SPXW,BLOCK,56,10.5,,PUT,7390,0,58800,6/29/2026,WHITE,0,0,F,INDEX,,F,T,0,0
6/29/2026,11:23:54 AM,SPXW,BLOCK,63,11,,PUT,7390,0,69300,6/29/2026,WHITE,0,0,F,INDEX,,F,T,0,0
6/29/2026,11:24:25 AM,SPXW,BLOCK,80,12,,PUT,7390,0,96000,6/29/2026,WHITE,0,0,F,INDEX,,F,T,0,0
6/29/2026,9:49:28 AM,SPXW,ML/,50,7.27,,PUT,7390,0,36350,6/29/2026,WHITE,0,0,F,INDEX,,F,T,0,0
6/29/2026,11:30:04 AM,SPXW,ML/,73,7.2,,PUT,7390,0,52560,6/29/2026,WHITE,0,0,F,INDEX,,F,T,0,0
6/29/2026,11:38:18 AM,SPXW,BLOCK,64,6,,PUT,7390,0,38400,6/29/2026,WHITE,0,0,F,INDEX,,F,T,0,0
6/29/2026,11:38:24 AM,SPXW,ML/,120,6.4,,PUT,7390,0,76800,6/29/2026,WHITE,0,0,F,INDEX,,F,T,0,0
6/29/2026,12:04:34 PM,SPXW,ML/,81,3.52,,PUT,7390,0,28512,6/29/2026,WHITE,0,0,F,INDEX,,F,T,0,0
6/29/2026,12:10:01 PM,SPXW,BLOCK,102,3.6,,PUT,7390,0,36720,6/29/2026,WHITE,0,0,F,INDEX,,F,T,0,0
6/29/2026,12:16:42 PM,SPXW,ML/,163,3.6,,PUT,7390,0,58680,6/29/2026,WHITE,0,0,F,INDEX,,F,T,0,0
6/29/2026,12:31:46 PM,SPXW,BLOCK,83,3.9,,PUT,7390,0,32370,6/29/2026,WHITE,0,0,F,INDEX,,F,T,0,0
6/29/2026,12:31:20 PM,SPXW,ML/,176,4.05,,PUT,7390,0,71280,6/29/2026,WHITE,0,0,F,INDEX,,F,T,0,0
6/29/2026,12:45:17 PM,SPXW,ML/,53,3.25,,PUT,7390,0,17225,6/29/2026,WHITE,0,0,F,INDEX,,F,T,0,0
6/29/2026,12:47:10 PM,SPXW,BLOCK,50,3.4,,PUT,7390,0,17000,6/29/2026,WHITE,0,0,F,INDEX,,F,T,0,0
6/29/2026,12:43:17 PM,SPXW,ML/,50,3.55,,PUT,7390,0,17750,6/29/2026,WHITE,0,0,F,INDEX,,F,T,0,0
6/29/2026,12:54:11 PM,SPXW,BLOCK,75,2.45,,PUT,7390,0,18375,6/29/2026,WHITE,0,0,F,INDEX,,F,T,0,0
6/29/2026,12:54:20 PM,SPXW,BLOCK,52,2.3,,PUT,7390,0,11960,6/29/2026,WHITE,0,0,F,INDEX,,F,T,0,0
6/29/2026,12:54:27 PM,SPXW,BLOCK,61,2.2,,PUT,7390,0,13420,6/29/2026,WHITE,0,0,F,INDEX,,F,T,0,0
6/29/2026,12:58:38 PM,SPXW,BLOCK,50,2.5,,PUT,7390,0,12500,6/29/2026,WHITE,0,0,F,INDEX,,F,T,0,0
6/29/2026,1:10:53 PM,SPXW,BLOCK,75,1.5,,PUT,7390,0,11250,6/29/2026,WHITE,0,0,F,INDEX,,F,T,0,0
6/29/2026,1:22:51 PM,SPXW,ML/,245,1.57,,PUT,7390,0,38465,6/29/2026,WHITE,0,0,F,INDEX,,F,T,0,0
6/29/2026,1:26:17 PM,SPXW,ML/,185,1.27,,PUT,7390,0,23495,6/29/2026,WHITE,0,0,F,INDEX,,F,T,0,0
6/29/2026,1:34:00 PM,SPXW,BLOCK,100,1.15,,PUT,7390,0,11499,6/29/2026,WHITE,0,0,F,INDEX,,F,T,0,0
6/29/2026,1:36:06 PM,SPXW,ML/,192,1.1,,PUT,7390,0,21120,6/29/2026,WHITE,0,0,F,INDEX,,F,T,0,0
6/29/2026,1:32:02 PM,SPXW,BLOCK,132,0.95,,PUT,7390,0,12540,6/29/2026,WHITE,0,0,F,INDEX,,F,T,0,0
6/29/2026,9:35:25 AM,SPXW,ML/,50,10.91,,PUT,7390,0,54550,6/29/2026,WHITE,0,0,F,INDEX,,F,T,0,0
6/29/2026,9:45:08 AM,SPXW,ML/,53,7.31,,PUT,7390,0,38743,6/29/2026,WHITE,0,0,F,INDEX,,F,T,0,0
6/29/2026,11:41:51 AM,SPXW,BLOCK,50,6.2,,PUT,7390,0,31000,6/29/2026,WHITE,0,0,F,INDEX,,F,T,0,0
6/29/2026,9:52:49 AM,SPXW,ML/,100,6.22,,PUT,7390,0,62200,6/29/2026,WHITE,0,0,F,INDEX,,F,T,0,0
6/29/2026,9:58:49 AM,SPXW,ML/,88,14.45,,PUT,7390,0,127159,6/29/2026,WHITE,0,0,F,INDEX,,F,T,0,0
6/29/2026,10:05:17 AM,SPXW,ML/,50,21.11,,PUT,7390,0,105550,6/29/2026,WHITE,0,0,F,INDEX,,F,T,0,0
6/29/2026,10:28:48 AM,SPXW,ML/,50,22.18,,PUT,7390,0,110900,6/29/2026,WHITE,0,0,F,INDEX,,F,T,0,0
6/29/2026,10:08:21 AM,SPXW,ML/,100,27.56,,PUT,7390,0,275600,6/29/2026,WHITE,0,0,F,INDEX,,F,T,0,0
6/29/2026,10:26:08 AM,SPXW,ML/,72,23.78,,PUT,7390,0,171216,6/29/2026,WHITE,0,0,F,INDEX,,F,T,0,0
6/29/2026,11:51:30 AM,SPXW,ML/,100,3.15,,PUT,7000,0,31500,7/7/2026,WHITE,0,8,F,INDEX,,F,T,0,0
6/29/2026,10:18:29 AM,SPXW,ML/,80,6.88,,PUT,7000,0,55040,7/7/2026,WHITE,0,8,F,INDEX,,F,T,0,0
6/29/2026,11:52:07 AM,SPXW,ML/,100,3.13,,PUT,7000,0,31300,7/7/2026,WHITE,0,8,F,INDEX,,F,T,0,0
6/29/2026,12:04:55 PM,SPXW,ML/,80,2.8,,PUT,7000,0,22399,7/7/2026,WHITE,0,8,F,INDEX,,F,T,0,0
6/29/2026,3:50:08 PM,SPXW,ML/,210,8.25,,PUT,7100,0,173250,7/10/2026,WHITE,0,11,F,INDEX,,F,T,0,0
6/29/2026,4:02:34 PM,SPXW,ML/,105,8.25,,PUT,7100,0,86625,7/10/2026,WHITE,0,11,F,INDEX,,F,T,0,0
6/29/2026,4:02:36 PM,SPXW,ML/,105,8.25,,PUT,7100,0,86625,7/10/2026,WHITE,0,11,F,INDEX,,F,T,0,0
6/29/2026,4:01:03 PM,SPXW,ML/,210,7.88,,PUT,7100,0,165480,7/10/2026,WHITE,0,11,F,INDEX,,F,T,0,0
6/29/2026,9:40:50 AM,SPXW,ML/,90,11.65,,PUT,7090,0,104850,7/10/2026,WHITE,0,11,F,INDEX,,F,T,0,0
6/29/2026,10:05:31 AM,SPXW,BLOCK,50,28.5,,PUT,7375,0,142500,6/30/2026,WHITE,0,1,F,INDEX,,F,T,0,0
6/29/2026,3:23:08 PM,SPXW,SWEEP,100,6.7,,PUT,7375,0,67000,6/30/2026,WHITE,0,1,F,INDEX,,F,T,0,0
6/29/2026,3:58:59 PM,SPXW,BLOCK,104,6.6,,PUT,7375,0,68640,6/30/2026,WHITE,0,1,F,INDEX,,F,T,0,0
6/29/2026,3:59:02 PM,SPXW,BLOCK,53,6.6,,PUT,7375,0,34979,6/30/2026,WHITE,0,1,F,INDEX,,F,T,0,0
6/29/2026,4:06:39 PM,SPXW,ML/,50,7.32,,PUT,7375,0,36600,6/30/2026,WHITE,0,1,F,INDEX,,F,T,0,0
6/29/2026,10:31:33 AM,SPXW,ML/,50,25.52,,PUT,7375,0,127600,6/30/2026,WHITE,0,1,F,INDEX,,F,T,0,0
6/29/2026,1:25:18 PM,SPXW,BLOCK,68,11.2,,PUT,7375,0,76159,6/30/2026,WHITE,0,1,F,INDEX,,F,T,0,0
6/29/2026,1:27:39 PM,SPXW,BLOCK,119,10.6,,PUT,7375,0,126139,6/30/2026,WHITE,0,1,F,INDEX,,F,T,0,0
6/29/2026,3:40:32 PM,SPXW,ML/,77,6.78,,PUT,7375,0,52206,6/30/2026,WHITE,0,1,F,INDEX,,F,T,0,0
6/29/2026,1:05:53 PM,SPXW,BLOCK,100,10.1,,PUT,7365,0,101000,6/30/2026,WHITE,0,1,F,INDEX,,F,T,0,0
6/29/2026,4:01:58 PM,SPXW,BLOCK,100,6.4,,PUT,7365,0,64000,6/30/2026,WHITE,0,1,F,INDEX,,F,T,0,0
6/29/2026,4:07:17 PM,SPXW,ML/,80,6.02,,PUT,7365,0,48160,6/30/2026,WHITE,0,1,F,INDEX,,F,T,0,0
6/29/2026,9:35:12 AM,SPXW,BLOCK,50,2.5,,PUT,7330,0,12500,6/29/2026,WHITE,0,0,F,INDEX,,F,T,0,0
6/29/2026,9:55:37 AM,SPXW,BLOCK,50,2.65,,PUT,7330,0,13250,6/29/2026,WHITE,0,0,F,INDEX,,F,T,0,0
6/29/2026,9:58:16 AM,SPXW,BLOCK,99,3.6,,PUT,7330,0,35640,6/29/2026,WHITE,0,0,F,INDEX,,F,T,0,0
6/29/2026,9:58:58 AM,SPXW,BLOCK,51,3.4,,PUT,7330,0,17340,6/29/2026,WHITE,0,0,F,INDEX,,F,T,0,0
6/29/2026,10:03:09 AM,SPXW,ML/,50,3.95,,PUT,7330,0,19750,6/29/2026,WHITE,0,0,F,INDEX,,F,T,0,0
6/29/2026,10:11:51 AM,SPXW,ML/,50,7.4,,PUT,7330,0,37000,6/29/2026,WHITE,0,0,F,INDEX,,F,T,0,0
6/29/2026,10:35:10 AM,SPXW,ML/,80,2.4,,PUT,7330,0,19200,6/29/2026,WHITE,0,0,F,INDEX,,F,T,0,0
6/29/2026,10:38:01 AM,SPXW,BLOCK,50,2.35,,PUT,7330,0,11750,6/29/2026,WHITE,0,0,F,INDEX,,F,T,0,0
6/29/2026,10:43:06 AM,SPXW,ML/,50,2.1,,PUT,7330,0,10500,6/29/2026,WHITE,0,0,F,INDEX,,F,T,0,0
6/29/2026,10:45:15 AM,SPXW,BLOCK,138,2.75,,PUT,7330,0,37950,6/29/2026,WHITE,0,0,F,INDEX,,F,T,0,0
6/29/2026,11:10:06 AM,SPXW,ML/,647,1.57,,PUT,7330,0,101579,6/29/2026,WHITE,0,0,F,INDEX,,F,T,0,0
6/29/2026,11:24:56 AM,SPXW,BLOCK,72,1.6,,PUT,7330,0,11520,6/29/2026,WHITE,0,0,F,INDEX,,F,T,0,0
6/29/2026,10:40:04 AM,SPXW,ML/,56,2.56,,PUT,7330,0,14336,6/29/2026,WHITE,0,0,F,INDEX,,F,T,0,0
6/29/2026,10:09:08 AM,SPXW,ML/,50,6.11,,PUT,7330,0,30550,6/29/2026,WHITE,0,0,F,INDEX,,F,T,0,0
6/29/2026,9:57:15 AM,SPXW,ML/,130,1,,PUT,7265,0,13000,6/29/2026,WHITE,0,0,F,INDEX,,F,T,0,0
6/29/2026,10:00:57 AM,SPXW,ML/,96,1.2,,PUT,7265,0,11520,6/29/2026,WHITE,0,0,F,INDEX,,F,T,0,0
6/29/2026,10:19:36 AM,SPXW,ML/,50,2.4,,PUT,7265,0,12000,6/29/2026,WHITE,0,0,F,INDEX,,F,T,0,0
6/29/2026,10:12:35 AM,SPXW,ML/,100,1.85,,PUT,7265,0,18500,6/29/2026,WHITE,0,0,F,INDEX,,F,T,0,0
6/29/2026,10:08:10 AM,SPXW,ML/,87,1.58,,PUT,7265,0,13746,6/29/2026,WHITE,0,0,F,INDEX,,F,T,0,0
6/29/2026,10:29:35 AM,SPXW,BLOCK,125,0.8,,PUT,7265,0,10000,6/29/2026,WHITE,0,0,F,INDEX,,F,T,0,0
6/29/2026,10:15:45 AM,SPXW,ML/,50,3.55,,PUT,7265,0,17750,6/29/2026,WHITE,0,0,F,INDEX,,F,T,0,0
6/29/2026,10:24:03 AM,SPXW,ML/,100,2.17,,PUT,7265,0,21699,6/29/2026,WHITE,0,0,F,INDEX,,F,T,0,0
6/29/2026,9:30:07 AM,SPXW,ML/,50,2.17,,PUT,7295,0,10850,6/29/2026,WHITE,0,0,F,INDEX,,F,T,0,0
6/29/2026,9:30:32 AM,SPXW,ML/,160,3.2,,PUT,7295,0,51200,6/29/2026,WHITE,0,0,F,INDEX,,F,T,0,0
6/29/2026,9:30:19 AM,SPXW,ML/,50,2.68,,PUT,7295,0,13400,6/29/2026,WHITE,0,0,F,INDEX,,F,T,0,0
6/29/2026,9:30:31 AM,SPXW,ML/,60,3.05,,PUT,7295,0,18300,6/29/2026,WHITE,0,0,F,INDEX,,F,T,0,0
6/29/2026,9:55:04 AM,SPXW,ML/,150,1,,PUT,7295,0,15000,6/29/2026,WHITE,0,0,F,INDEX,,F,T,0,0
6/29/2026,10:04:02 AM,SPXW,BLOCK,58,2.4,,PUT,7305,0,13919,6/29/2026,WHITE,0,0,F,INDEX,,F,T,0,0
6/29/2026,10:00:28 AM,SPXW,ML/,50,2.73,,PUT,7305,0,13650,6/29/2026,WHITE,0,0,F,INDEX,,F,T,0,0
6/29/2026,9:36:18 AM,SPXW,ML/,82,1.73,,PUT,7305,0,14185,6/29/2026,WHITE,0,0,F,INDEX,,F,T,0,0
6/29/2026,9:59:15 AM,SPXW,ML/,200,2.27,,PUT,7305,0,45400,6/29/2026,WHITE,0,0,F,INDEX,,F,T,0,0
6/29/2026,10:04:01 AM,SPXW,ML/,100,2.33,,PUT,7305,0,23300,6/29/2026,WHITE,0,0,F,INDEX,,F,T,0,0
6/29/2026,10:11:16 AM,SPXW,ML/,70,3.93,,PUT,7305,0,27510,6/29/2026,WHITE,0,0,F,INDEX,,F,T,0,0
6/29/2026,10:16:16 AM,SPXW,ML/,100,6.11,,PUT,7305,0,61100,6/29/2026,WHITE,0,0,F,INDEX,,F,T,0,0
6/29/2026,10:23:45 AM,SPXW,ML/,250,4.85,,PUT,7305,0,121250,6/29/2026,WHITE,0,0,F,INDEX,,F,T,0,0
6/29/2026,10:28:02 AM,SPXW,ML/,250,2.82,,PUT,7305,0,70500,6/29/2026,WHITE,0,0,F,INDEX,,F,T,0,0
6/29/2026,10:04:01 AM,SPXW,ML/,100,2.93,,PUT,7315,0,29300,6/29/2026,WHITE,0,0,F,INDEX,,F,T,0,0
6/29/2026,10:44:17 AM,SPXW,BLOCK,63,1.7,,PUT,7315,0,10710,6/29/2026,WHITE,0,0,F,INDEX,,F,T,0,0
6/29/2026,10:44:32 AM,SPXW,ML/,610,1.67,,PUT,7315,0,101870,6/29/2026,WHITE,0,0,F,INDEX,,F,T,0,0
6/29/2026,10:53:47 AM,SPXW,ML/,137,1.07,,PUT,7315,0,14659,6/29/2026,WHITE,0,0,F,INDEX,,F,T,0,0
6/29/2026,10:44:05 AM,SPXW,ML/,279,1.47,,PUT,7315,0,41013,6/29/2026,WHITE,0,0,F,INDEX,,F,T,0,0
6/29/2026,9:57:16 AM,SPXW,ML/,50,2.74,,PUT,7315,0,13700,6/29/2026,WHITE,0,0,F,INDEX,,F,T,0,0
6/29/2026,10:11:16 AM,SPXW,ML/,70,5.03,,PUT,7315,0,35210,6/29/2026,WHITE,0,0,F,INDEX,,F,T,0,0
6/29/2026,9:59:05 AM,SPXW,BLOCK,90,6.7,,PUT,7355,0,60300,6/29/2026,WHITE,0,0,F,INDEX,,F,T,0,0
6/29/2026,10:00:18 AM,SPXW,ML/,110,8,,PUT,7355,0,88000,6/29/2026,WHITE,0,0,F,INDEX,,F,T,0,0
6/29/2026,10:02:20 AM,SPXW,ML/,60,8.07,,PUT,7355,0,48420,6/29/2026,WHITE,0,0,F,INDEX,,F,T,0,0
6/29/2026,10:15:45 AM,SPXW,BLOCK,195,22.5,,PUT,7355,0,438750,6/29/2026,WHITE,0,0,F,INDEX,,F,T,0,0
6/29/2026,10:10:20 AM,SPXW,ML/,115,12.15,,PUT,7355,0,139725,6/29/2026,WHITE,0,0,F,INDEX,,F,T,0,0
6/29/2026,10:29:10 AM,SPXW,BLOCK,50,7.6,,PUT,7355,0,38000,6/29/2026,WHITE,0,0,F,INDEX,,F,T,0,0
6/29/2026,9:55:53 AM,SPXW,BLOCK,179,4.6,,PUT,7355,0,82340,6/29/2026,WHITE,0,0,F,INDEX,,F,T,0,0
6/29/2026,10:37:24 AM,SPXW,ML/,53,4.95,,PUT,7355,0,26235,6/29/2026,WHITE,0,0,F,INDEX,,F,T,0,0
6/29/2026,10:36:22 AM,SPXW,ML/,150,4.84,,PUT,7355,0,72600,6/29/2026,WHITE,0,0,F,INDEX,,F,T,0,0
6/29/2026,9:55:21 AM,SPXW,BLOCK,56,3.7,,PUT,7355,0,20720,6/29/2026,WHITE,0,0,F,INDEX,,F,T,0,0
6/29/2026,10:33:23 AM,SPXW,BLOCK,50,5.6,,PUT,7355,0,28000,6/29/2026,WHITE,0,0,F,INDEX,,F,T,0,0
6/29/2026,11:07:17 AM,SPXW,BLOCK,78,3,,PUT,7355,0,23400,6/29/2026,WHITE,0,0,F,INDEX,,F,T,0,0
6/29/2026,11:23:13 AM,SPXW,BLOCK,73,3,,PUT,7355,0,21900,6/29/2026,WHITE,0,0,F,INDEX,,F,T,0,0
6/29/2026,11:38:18 AM,SPXW,ML/,250,1.77,,PUT,7355,0,44250,6/29/2026,WHITE,0,0,F,INDEX,,F,T,0,0
6/29/2026,12:01:29 PM,SPXW,ML/,193,1.06,,PUT,7355,0,20458,6/29/2026,WHITE,0,0,F,INDEX,,F,T,0,0
6/29/2026,12:09:48 PM,SPXW,BLOCK,473,1.2,,PUT,7355,0,56760,6/29/2026,WHITE,0,0,F,INDEX,,F,T,0,0
6/29/2026,10:05:15 AM,SPXW,ML/,64,9.35,,PUT,7355,0,59840,6/29/2026,WHITE,0,0,F,INDEX,,F,T,0,0
6/29/2026,10:18:15 AM,SPXW,ML/,101,22.2,,PUT,7355,0,224219,6/29/2026,WHITE,0,0,F,INDEX,,F,T,0,0
6/29/2026,10:22:00 AM,SPXW,ML/,72,14.85,,PUT,7355,0,106920,6/29/2026,WHITE,0,0,F,INDEX,,F,T,0,0
6/29/2026,10:25:21 AM,SPXW,ML/,200,14.92,,PUT,7355,0,298400,6/29/2026,WHITE,0,0,F,INDEX,,F,T,0,0
6/29/2026,11:35:15 AM,SPXW,ML/,229,2.43,,PUT,7355,0,55647,6/29/2026,WHITE,0,0,F,INDEX,,F,T,0,0
6/29/2026,11:41:34 AM,SPXW,ML/,193,1.93,,PUT,7355,0,37249,6/29/2026,WHITE,0,0,F,INDEX,,F,T,0,0
6/29/2026,9:50:03 AM,SPXW,ML/,50,5.3,,PUT,7370,0,26500,6/29/2026,WHITE,0,0,F,INDEX,,F,T,0,0
6/29/2026,9:50:02 AM,SPXW,ML/,64,5.2,,PUT,7370,0,33280,6/29/2026,WHITE,0,0,F,INDEX,,F,T,0,0
6/29/2026,9:45:41 AM,SPXW,ML/,152,3.93,,PUT,7370,0,59736,6/29/2026,WHITE,0,0,F,INDEX,,F,T,0,0
6/29/2026,9:47:34 AM,SPXW,ML/,122,3.88,,PUT,7370,0,47335,6/29/2026,WHITE,0,0,F,INDEX,,F,T,0,0
6/29/2026,10:05:24 AM,SPXW,BLOCK,50,12.5,,PUT,7370,0,62500,6/29/2026,WHITE,0,0,F,INDEX,,F,T,0,0
6/29/2026,10:10:47 AM,SPXW,BLOCK,66,21.2,,PUT,7370,0,139919,6/29/2026,WHITE,0,0,F,INDEX,,F,T,0,0
6/29/2026,10:12:16 AM,SPXW,BLOCK,51,20.5,,PUT,7370,0,104550,6/29/2026,WHITE,0,0,F,INDEX,,F,T,0,0
6/29/2026,10:13:16 AM,SPXW,BLOCK,71,25.4,,PUT,7370,0,180340,6/29/2026,WHITE,0,0,F,INDEX,,F,T,0,0
6/29/2026,10:22:59 AM,SPXW,BLOCK,50,19.4,,PUT,7370,0,96999,6/29/2026,WHITE,0,0,F,INDEX,,F,T,0,0
6/29/2026,10:05:54 AM,SPXW,BLOCK,50,13.7,,PUT,7370,0,68500,6/29/2026,WHITE,0,0,F,INDEX,,F,T,0,0
6/29/2026,10:38:09 AM,SPXW,ML/,84,7.05,,PUT,7370,0,59220,6/29/2026,WHITE,0,0,F,INDEX,,F,T,0,0
6/29/2026,10:37:36 AM,SPXW,ML/,50,8.05,,PUT,7370,0,40250,6/29/2026,WHITE,0,0,F,INDEX,,F,T,0,0
6/29/2026,9:58:49 AM,SPXW,ML/,88,8.6,,PUT,7370,0,75680,6/29/2026,WHITE,0,0,F,INDEX,,F,T,0,0
6/29/2026,10:47:02 AM,SPXW,BLOCK,89,9.5,,PUT,7370,0,84550,6/29/2026,WHITE,0,0,F,INDEX,,F,T,0,0
6/29/2026,10:47:03 AM,SPXW,BLOCK,60,9.5,,PUT,7370,0,57000,6/29/2026,WHITE,0,0,F,INDEX,,F,T,0,0
6/29/2026,9:45:07 AM,SPXW,ML/,50,4.42,,PUT,7370,0,22100,6/29/2026,WHITE,0,0,F,INDEX,,F,T,0,0
6/29/2026,10:52:00 AM,SPXW,ML/,71,6.23,,PUT,7370,0,44233,6/29/2026,WHITE,0,0,F,INDEX,,F,T,0,0
6/29/2026,11:25:38 AM,SPXW,BLOCK,56,6.1,,PUT,7370,0,34160,6/29/2026,WHITE,0,0,F,INDEX,,F,T,0,0
6/29/2026,9:54:22 AM,SPXW,ML/,84,3.72,,PUT,7370,0,31248,6/29/2026,WHITE,0,0,F,INDEX,,F,T,0,0
6/29/2026,11:54:14 AM,SPXW,ML/,115,2.77,,PUT,7370,0,31855,6/29/2026,WHITE,0,0,F,INDEX,,F,T,0,0
6/29/2026,11:54:14 AM,SPXW,ML/,59,2.77,,PUT,7370,0,16343,6/29/2026,WHITE,0,0,F,INDEX,,F,T,0,0
6/29/2026,12:05:35 PM,SPXW,BLOCK,73,1.6,,PUT,7370,0,11680,6/29/2026,WHITE,0,0,F,INDEX,,F,T,0,0
6/29/2026,12:10:21 PM,SPXW,BLOCK,195,1.7,,PUT,7370,0,33150,6/29/2026,WHITE,0,0,F,INDEX,,F,T,0,0
6/29/2026,12:15:35 PM,SPXW,ML/,72,1.82,,PUT,7370,0,13104,6/29/2026,WHITE,0,0,F,INDEX,,F,T,0,0
6/29/2026,12:18:59 PM,SPXW,BLOCK,227,1.9,,PUT,7370,0,43129,6/29/2026,WHITE,0,0,F,INDEX,,F,T,0,0
6/29/2026,12:16:56 PM,SPXW,ML/,163,1.87,,PUT,7370,0,30481,6/29/2026,WHITE,0,0,F,INDEX,,F,T,0,0
6/29/2026,12:23:47 PM,SPXW,ML/,120,1.85,,PUT,7370,0,22200,6/29/2026,WHITE,0,0,F,INDEX,,F,T,0,0
6/29/2026,12:24:08 PM,SPXW,ML/,80,1.85,,PUT,7370,0,14800,6/29/2026,WHITE,0,0,F,INDEX,,F,T,0,0
6/29/2026,12:28:45 PM,SPXW,ML/,200,1.89,,PUT,7370,0,37800,6/29/2026,WHITE,0,0,F,INDEX,,F,T,0,0
6/29/2026,12:30:15 PM,SPXW,ML/,120,2,,PUT,7370,0,24000,6/29/2026,WHITE,0,0,F,INDEX,,F,T,0,0
6/29/2026,12:31:07 PM,SPXW,ML/,83,1.95,,PUT,7370,0,16185,6/29/2026,WHITE,0,0,F,INDEX,,F,T,0,0
6/29/2026,12:31:19 PM,SPXW,ML/,80,2,,PUT,7370,0,16000,6/29/2026,WHITE,0,0,F,INDEX,,F,T,0,0
6/29/2026,11:59:16 AM,SPXW,ML/,65,2.1,,PUT,7370,0,13650,6/29/2026,WHITE,0,0,F,INDEX,,F,T,0,0
6/29/2026,12:32:22 PM,SPXW,ML/,200,2.07,,PUT,7370,0,41399,6/29/2026,WHITE,0,0,F,INDEX,,F,T,0,0
6/29/2026,12:38:28 PM,SPXW,ML/,200,1.85,,PUT,7370,0,37000,6/29/2026,WHITE,0,0,F,INDEX,,F,T,0,0
6/29/2026,12:25:36 PM,SPXW,ML/,200,1.65,,PUT,7370,0,33000,6/29/2026,WHITE,0,0,F,INDEX,,F,T,0,0
6/29/2026,12:05:35 PM,SPXW,BLOCK,67,1.55,,PUT,7370,0,10385,6/29/2026,WHITE,0,0,F,INDEX,,F,T,0,0
6/29/2026,9:35:24 AM,SPXW,ML/,50,6.66,,PUT,7370,0,33300,6/29/2026,WHITE,0,0,F,INDEX,,F,T,0,0
6/29/2026,11:24:26 AM,SPXW,ML/,80,6.46,,PUT,7370,0,51679,6/29/2026,WHITE,0,0,F,INDEX,,F,T,0,0
6/29/2026,10:05:17 AM,SPXW,ML/,50,13.36,,PUT,7370,0,66800,6/29/2026,WHITE,0,0,F,INDEX,,F,T,0,0
6/29/2026,10:10:15 AM,SPXW,ML/,60,16.15,,PUT,7370,0,96899,6/29/2026,WHITE,0,0,F,INDEX,,F,T,0,0
6/29/2026,10:21:06 AM,SPXW,ML/,200,24.62,,PUT,7370,0,492400,6/29/2026,WHITE,0,0,F,INDEX,,F,T,0,0
6/29/2026,10:22:19 AM,SPXW,ML/,80,19.45,,PUT,7370,0,155600,6/29/2026,WHITE,0,0,F,INDEX,,F,T,0,0
6/29/2026,10:30:13 AM,SPXW,ML/,80,11.22,,PUT,7370,0,89760,6/29/2026,WHITE,0,0,F,INDEX,,F,T,0,0
6/29/2026,9:43:25 AM,SPXW,ML/,101,1.23,,CALL,7465,0,12422,6/29/2026,WHITE,0,0,F,INDEX,,F,T,0,0
6/29/2026,9:49:13 AM,SPXW,ML/,100,1.67,,CALL,7465,0,16700,6/29/2026,WHITE,0,0,F,INDEX,,F,T,0,0
6/29/2026,9:30:07 AM,SPXW,ML/,137,1,,CALL,7465,0,13700,6/29/2026,WHITE,0,0,F,INDEX,,F,T,0,0
6/29/2026,10:04:30 AM,SPXW,BLOCK,250,0.5,,CALL,7465,0,12500,6/29/2026,WHITE,0,0,F,INDEX,,F,T,0,0
6/29/2026,10:07:39 AM,SPXW,BLOCK,359,0.4,,CALL,7465,0,14360,6/29/2026,WHITE,0,0,F,INDEX,,F,T,0,0
6/29/2026,10:09:00 AM,SPXW,BLOCK,90,1.45,,PUT,7270,0,13050,6/29/2026,WHITE,0,0,F,INDEX,,F,T,0,0
6/29/2026,10:13:44 AM,SPXW,BLOCK,98,2.6,,PUT,7270,0,25480,6/29/2026,WHITE,0,0,F,INDEX,,F,T,0,0
6/29/2026,10:13:04 AM,SPXW,BLOCK,59,2.55,,PUT,7270,0,15044,6/29/2026,WHITE,0,0,F,INDEX,,F,T,0,0
6/29/2026,10:18:04 AM,SPXW,BLOCK,53,3.1,,PUT,7270,0,16430,6/29/2026,WHITE,0,0,F,INDEX,,F,T,0,0
6/29/2026,10:12:04 AM,SPXW,BLOCK,100,1.65,,PUT,7270,0,16500,6/29/2026,WHITE,0,0,F,INDEX,,F,T,0,0
6/29/2026,3:15:26 PM,SPXW,ML/,610,62.3,,PUT,7500,0,3800300,6/29/2026,WHITE,0,0,F,INDEX,,F,T,0,0
6/29/2026,3:17:55 PM,SPXW,ML/,350,65,,PUT,7500,0,2275000,6/29/2026,WHITE,0,0,F,INDEX,,F,T,0,0
6/29/2026,3:10:45 PM,SPXW,ML/,250,64.3,,PUT,7500,0,1607500,6/29/2026,WHITE,0,0,F,INDEX,,F,T,0,0
6/29/2026,12:49:37 PM,SPXW,ML/,50,87.12,,PUT,7500,0,435600,6/29/2026,WHITE,0,0,F,INDEX,,F,T,0,0
6/29/2026,3:05:37 PM,SPXW,ML/,250,65.25,,PUT,7500,0,1631250,6/29/2026,WHITE,0,0,F,INDEX,,F,T,0,0
6/29/2026,3:31:52 PM,SPXW,ML/,90,62.3,,PUT,7500,0,560700,6/29/2026,WHITE,0,0,F,INDEX,,F,T,0,0
6/29/2026,3:33:55 PM,SPXW,ML/,200,64.53,,PUT,7500,0,1290600,6/29/2026,WHITE,0,0,F,INDEX,,F,T,0,0
6/29/2026,3:45:05 PM,SPXW,ML/,100,65.65,,PUT,7500,0,656500,6/29/2026,WHITE,0,0,F,INDEX,,F,T,0,0
6/29/2026,10:16:38 AM,SPXW,BLOCK,51,20,,CALL,7370,0,102000,6/29/2026,WHITE,0,0,F,INDEX,,F,T,0,0
6/29/2026,10:19:54 AM,SPXW,ML/,120,19.7,,CALL,7370,0,236400,6/29/2026,WHITE,0,0,F,INDEX,,F,T,0,0
6/29/2026,10:22:04 AM,SPXW,BLOCK,62,21.5,,CALL,7370,0,133300,6/29/2026,WHITE,0,0,F,INDEX,,F,T,0,0
6/29/2026,9:30:31 AM,SPXW,ML/,50,28.92,,CALL,7370,0,144600,6/29/2026,WHITE,0,0,F,INDEX,,F,T,0,0
6/29/2026,10:27:11 AM,SPXW,ML/,50,25.84,,CALL,7370,0,129200,6/29/2026,WHITE,0,0,F,INDEX,,F,T,0,0
6/29/2026,11:14:55 AM,SPXW,ML/,68,19.4,,PUT,7270,0,131920,7/6/2026,WHITE,0,7,F,INDEX,,F,T,0,0
6/29/2026,11:14:51 AM,SPXW,ML/,64,19.47,,PUT,7270,0,124608,7/6/2026,WHITE,0,7,F,INDEX,,F,T,0,0
6/29/2026,11:15:03 AM,SPXW,ML/,71,19.32,,PUT,7270,0,137172,7/6/2026,WHITE,0,7,F,INDEX,,F,T,0,0
6/29/2026,11:15:10 AM,SPXW,ML/,79,18.87,,PUT,7270,0,149073,7/6/2026,WHITE,0,7,F,INDEX,,F,T,0,0
6/29/2026,11:15:13 AM,SPXW,ML/,65,19.08,,PUT,7270,0,124019,7/6/2026,WHITE,0,7,F,INDEX,,F,T,0,0
6/29/2026,12:01:33 PM,SPXW,ML/,64,4.74,,PUT,7200,0,30336,7/2/2026,WHITE,0,3,F,INDEX,,F,T,0,0
6/29/2026,3:43:10 PM,SPXW,ML/,75,2.92,,PUT,7200,0,21900,7/2/2026,WHITE,0,3,F,INDEX,,F,T,0,0
6/29/2026,4:13:10 PM,SPXW,BLOCK,75,3.1,,PUT,7200,0,23250,7/2/2026,WHITE,0,3,F,INDEX,,F,T,0,0
6/29/2026,10:00:51 AM,SPXW,ML/,79,8.85,,PUT,7200,0,69915,7/2/2026,WHITE,0,3,F,INDEX,,F,T,0,0
6/29/2026,11:16:33 AM,SPXW,ML/,200,6.95,,PUT,7200,0,139000,7/2/2026,WHITE,0,3,F,INDEX,,F,T,0,0
6/29/2026,12:01:34 PM,SPXW,ML/,54,4.68,,PUT,7200,0,25272,7/2/2026,WHITE,0,3,F,INDEX,,F,T,0,0
6/29/2026,10:09:14 AM,SPXW,ML/,77,6.77,,PUT,7155,0,52129,7/2/2026,WHITE,0,3,F,INDEX,,F,T,0,0
6/29/2026,12:04:55 PM,SPXW,ML/,80,2.1,,PUT,6950,0,16800,7/7/2026,WHITE,0,8,F,INDEX,,F,T,0,0
6/29/2026,1:52:05 PM,SPXW,BLOCK,2758,1.85,,PUT,6950,0,510230,7/7/2026,WHITE,0,8,F,INDEX,,F,T,0,0
6/29/2026,10:18:29 AM,SPXW,ML/,80,5.13,,PUT,6950,0,41040,7/7/2026,WHITE,0,8,F,INDEX,,F,T,0,0
6/29/2026,10:10:33 AM,SPXW,ML/,54,2.37,,PUT,7280,0,12798,6/29/2026,WHITE,0,0,F,INDEX,,F,T,0,0
6/29/2026,10:16:40 AM,SPXW,ML/,50,3.32,,PUT,7280,0,16599,6/29/2026,WHITE,0,0,F,INDEX,,F,T,0,0
6/29/2026,3:58:33 PM,SPXW,ML/,58,2.53,,CALL,7700,0,14673,7/13/2026,WHITE,0,14,F,INDEX,,F,T,0,0
6/29/2026,3:59:29 PM,SPXW,BLOCK,250,0.55,,CALL,7560,0,13750,7/1/2026,WHITE,0,2,F,INDEX,,F,T,0,0
6/29/2026,3:32:36 PM,SPXW,ML/,700,0.71,,CALL,7560,0,49700,7/1/2026,WHITE,0,2,F,INDEX,,F,T,0,0
6/29/2026,3:28:37 PM,SPXW,ML/,50,2.35,,PUT,7250,0,11750,7/1/2026,WHITE,0,2,F,INDEX,,F,T,0,0
6/29/2026,9:55:33 AM,SPXW,ML/,81,6.7,,PUT,7250,0,54270,7/1/2026,WHITE,0,2,F,INDEX,,F,T,0,0
6/29/2026,10:02:16 AM,SPXW,ML/,60,8.5,,PUT,7250,0,51000,7/1/2026,WHITE,0,2,F,INDEX,,F,T,0,0
6/29/2026,12:34:17 PM,SPXW,ML/,50,5.27,,PUT,7250,0,26350,7/1/2026,WHITE,0,2,F,INDEX,,F,T,0,0
6/29/2026,1:19:17 PM,SPXW,BLOCK,50,3.8,,PUT,7250,0,19000,7/1/2026,WHITE,0,2,F,INDEX,,F,T,0,0
6/29/2026,2:07:49 PM,SPXW,BLOCK,50,2.95,,PUT,7250,0,14750,7/1/2026,WHITE,0,2,F,INDEX,,F,T,0,0
6/29/2026,9:55:33 AM,SPXW,ML/,81,6,,PUT,7240,0,48600,7/1/2026,WHITE,0,2,F,INDEX,,F,T,0,0
6/29/2026,12:34:17 PM,SPXW,ML/,50,4.72,,PUT,7240,0,23600,7/1/2026,WHITE,0,2,F,INDEX,,F,T,0,0
6/29/2026,4:04:15 PM,SPXW,ML/,50,2.18,,PUT,7240,0,10900,7/1/2026,WHITE,0,2,F,INDEX,,F,T,0,0
6/29/2026,4:10:44 PM,SPXW,ML/,250,2.12,,PUT,7240,0,53000,7/1/2026,WHITE,0,2,F,INDEX,,F,T,0,0
6/29/2026,4:11:13 PM,SPXW,ML/,200,2.08,,PUT,7240,0,41600,7/1/2026,WHITE,0,2,F,INDEX,,F,T,0,0
6/29/2026,12:44:20 PM,SPXW,ML/,100,2.45,,PUT,7190,0,24500,7/1/2026,WHITE,0,2,F,INDEX,,F,T,0,0
6/29/2026,9:57:15 AM,SPXW,ML/,130,0.85,,PUT,7255,0,11050,6/29/2026,WHITE,0,0,F,INDEX,,F,T,0,0
6/29/2026,10:15:45 AM,SPXW,ML/,50,2.9,,PUT,7255,0,14500,6/29/2026,WHITE,0,0,F,INDEX,,F,T,0,0
6/29/2026,10:00:04 AM,SPXW,ML/,150,0.72,,PUT,7255,0,10800,6/29/2026,WHITE,0,0,F,INDEX,,F,T,0,0
6/29/2026,10:37:13 AM,SPXW,BLOCK,221,0.5,,PUT,7255,0,11050,6/29/2026,WHITE,0,0,F,INDEX,,F,T,0,0
6/29/2026,10:15:06 AM,SPXW,ML/,100,2.07,,PUT,7255,0,20699,6/29/2026,WHITE,0,0,F,INDEX,,F,T,0,0
6/29/2026,10:15:44 AM,SPXW,ML/,150,3.29,,PUT,7255,0,49350,6/29/2026,WHITE,0,0,F,INDEX,,F,T,0,0
6/29/2026,11:58:06 AM,SPXW,ML/,1000,27.5,,PUT,7385,0,2750000,7/1/2026,WHITE,0,2,F,INDEX,,F,T,0,0
6/29/2026,9:33:46 AM,SPXW,BLOCK,50,8.4,,PUT,7375,0,42000,6/29/2026,WHITE,0,0,F,INDEX,,F,T,0,0
6/29/2026,9:36:28 AM,SPXW,BLOCK,70,9.3,,PUT,7375,0,65100,6/29/2026,WHITE,0,0,F,INDEX,,F,T,0,0
6/29/2026,9:57:47 AM,SPXW,BLOCK,60,10.8,,PUT,7375,0,64800,6/29/2026,WHITE,0,0,F,INDEX,,F,T,0,0
6/29/2026,10:10:15 AM,SPXW,ML/,60,18,,PUT,7375,0,108000,6/29/2026,WHITE,0,0,F,INDEX,,F,T,0,0
6/29/2026,10:10:47 AM,SPXW,ML/,60,23.65,,PUT,7375,0,141899,6/29/2026,WHITE,0,0,F,INDEX,,F,T,0,0
6/29/2026,10:22:19 AM,SPXW,ML/,80,21.7,,PUT,7375,0,173600,6/29/2026,WHITE,0,0,F,INDEX,,F,T,0,0
6/29/2026,10:32:39 AM,SPXW,BLOCK,57,12,,PUT,7375,0,68400,6/29/2026,WHITE,0,0,F,INDEX,,F,T,0,0
6/29/2026,10:47:45 AM,SPXW,BLOCK,105,10.6,,PUT,7375,0,111300,6/29/2026,WHITE,0,0,F,INDEX,,F,T,0,0
6/29/2026,10:41:12 AM,SPXW,ML/,84,7.45,,PUT,7375,0,62579,6/29/2026,WHITE,0,0,F,INDEX,,F,T,0,0
6/29/2026,10:54:38 AM,SPXW,BLOCK,102,5.3,,PUT,7375,0,54060,6/29/2026,WHITE,0,0,F,INDEX,,F,T,0,0
6/29/2026,10:56:12 AM,SPXW,BLOCK,80,5.9,,PUT,7375,0,47200,6/29/2026,WHITE,0,0,F,INDEX,,F,T,0,0
6/29/2026,9:50:02 AM,SPXW,ML/,67,5.82,,PUT,7375,0,38994,6/29/2026,WHITE,0,0,F,INDEX,,F,T,0,0
6/29/2026,11:15:04 AM,SPXW,BLOCK,50,5.1,,PUT,7375,0,25499,6/29/2026,WHITE,0,0,F,INDEX,,F,T,0,0
6/29/2026,11:19:08 AM,SPXW,BLOCK,63,5.9,,PUT,7375,0,37170,6/29/2026,WHITE,0,0,F,INDEX,,F,T,0,0
6/29/2026,11:22:36 AM,SPXW,BLOCK,74,6.2,,PUT,7375,0,45880,6/29/2026,WHITE,0,0,F,INDEX,,F,T,0,0
6/29/2026,11:24:32 AM,SPXW,BLOCK,50,7.2,,PUT,7375,0,36000,6/29/2026,WHITE,0,0,F,INDEX,,F,T,0,0
6/29/2026,11:29:51 AM,SPXW,BLOCK,79,4.2,,PUT,7375,0,33180,6/29/2026,WHITE,0,0,F,INDEX,,F,T,0,0
6/29/2026,11:33:00 AM,SPXW,BLOCK,50,4.3,,PUT,7375,0,21500,6/29/2026,WHITE,0,0,F,INDEX,,F,T,0,0
6/29/2026,11:39:19 AM,SPXW,BLOCK,51,3.7,,PUT,7375,0,18870,6/29/2026,WHITE,0,0,F,INDEX,,F,T,0,0
6/29/2026,11:38:59 AM,SPXW,BLOCK,50,3.6,,PUT,7375,0,18000,6/29/2026,WHITE,0,0,F,INDEX,,F,T,0,0
6/29/2026,11:45:04 AM,SPXW,BLOCK,50,2.55,,PUT,7375,0,12749,6/29/2026,WHITE,0,0,F,INDEX,,F,T,0,0
6/29/2026,11:46:37 AM,SPXW,BLOCK,50,2.9,,PUT,7375,0,14500,6/29/2026,WHITE,0,0,F,INDEX,,F,T,0,0
6/29/2026,12:01:40 PM,SPXW,ML/,54,1.92,,PUT,7375,0,10368,6/29/2026,WHITE,0,0,F,INDEX,,F,T,0,0
6/29/2026,12:04:03 PM,SPXW,ML/,55,2.12,,PUT,7375,0,11660,6/29/2026,WHITE,0,0,F,INDEX,,F,T,0,0
6/29/2026,12:11:57 PM,SPXW,ML/,129,2.32,,PUT,7375,0,29927,6/29/2026,WHITE,0,0,F,INDEX,,F,T,0,0
6/29/2026,12:12:12 PM,SPXW,ML/,107,2.33,,PUT,7375,0,24931,6/29/2026,WHITE,0,0,F,INDEX,,F,T,0,0
6/29/2026,12:24:16 PM,SPXW,ML/,75,1.95,,PUT,7375,0,14625,6/29/2026,WHITE,0,0,F,INDEX,,F,T,0,0
6/29/2026,12:24:08 PM,SPXW,ML/,100,1.97,,PUT,7375,0,19700,6/29/2026,WHITE,0,0,F,INDEX,,F,T,0,0
6/29/2026,12:29:52 PM,SPXW,ML/,70,2.3,,PUT,7375,0,16100,6/29/2026,WHITE,0,0,F,INDEX,,F,T,0,0
6/29/2026,12:22:27 PM,SPXW,ML/,100,2.28,,PUT,7375,0,22799,6/29/2026,WHITE,0,0,F,INDEX,,F,T,0,0
6/29/2026,12:25:02 PM,SPXW,ML/,201,1.87,,PUT,7375,0,37587,6/29/2026,WHITE,0,0,F,INDEX,,F,T,0,0
6/29/2026,1:22:51 PM,SPXW,ML/,245,0.97,,PUT,7375,0,23765,6/29/2026,WHITE,0,0,F,INDEX,,F,T,0,0
6/29/2026,1:26:17 PM,SPXW,ML/,185,0.77,,PUT,7375,0,14245,6/29/2026,WHITE,0,0,F,INDEX,,F,T,0,0
6/29/2026,10:21:06 AM,SPXW,ML/,200,27.12,,PUT,7375,0,542400,6/29/2026,WHITE,0,0,F,INDEX,,F,T,0,0
6/29/2026,10:27:20 AM,SPXW,ML/,50,16.97,,PUT,7375,0,84850,6/29/2026,WHITE,0,0,F,INDEX,,F,T,0,0
6/29/2026,10:30:13 AM,SPXW,ML/,80,12.67,,PUT,7375,0,101360,6/29/2026,WHITE,0,0,F,INDEX,,F,T,0,0
6/29/2026,10:54:38 AM,SPXW,ML/,50,5.33,,PUT,7375,0,26650,6/29/2026,WHITE,0,0,F,INDEX,,F,T,0,0
6/29/2026,2:49:55 PM,SPXW,BLOCK,56,14.2,,PUT,7380,0,79520,7/1/2026,WHITE,0,2,F,INDEX,,F,T,0,0
6/29/2026,10:26:17 AM,SPXW,ML/,50,12,,CALL,7395,0,60000,6/29/2026,WHITE,0,0,F,INDEX,,F,T,0,0
6/29/2026,10:34:39 AM,SPXW,ML/,100,20.37,,CALL,7395,0,203700,6/29/2026,WHITE,0,0,F,INDEX,,F,T,0,0
6/29/2026,11:24:54 AM,SPXW,ML/,90,14.25,,CALL,7395,0,128250,6/29/2026,WHITE,0,0,F,INDEX,,F,T,0,0
6/29/2026,2:56:11 PM,SPXW,ML/,68,41.8,,CALL,7395,0,284239,6/29/2026,WHITE,0,0,F,INDEX,,F,T,0,0
6/29/2026,10:24:23 AM,SPXW,ML/,50,7.85,,CALL,7395,0,39250,6/29/2026,WHITE,0,0,F,INDEX,,F,T,0,0
6/29/2026,10:33:47 AM,SPXW,ML/,103,20.78,,CALL,7395,0,214034,6/29/2026,WHITE,0,0,F,INDEX,,F,T,0,0
6/29/2026,1:13:35 PM,SPXW,ML/,60,32.78,,CALL,7395,0,196680,6/29/2026,WHITE,0,0,F,INDEX,,F,T,0,0
6/29/2026,9:33:15 AM,SPXW,ML/,200,4.44,,CALL,7445,0,88800,6/29/2026,WHITE,0,0,F,INDEX,,F,T,0,0
6/29/2026,9:44:15 AM,SPXW,BLOCK,50,4.9,,CALL,7445,0,24500,6/29/2026,WHITE,0,0,F,INDEX,,F,T,0,0
6/29/2026,9:44:38 AM,SPXW,ML/,50,4.9,,CALL,7445,0,24500,6/29/2026,WHITE,0,0,F,INDEX,,F,T,0,0
6/29/2026,9:54:49 AM,SPXW,ML/,100,4.17,,CALL,7445,0,41700,6/29/2026,WHITE,0,0,F,INDEX,,F,T,0,0
6/29/2026,9:59:22 AM,SPXW,BLOCK,100,2.2,,CALL,7445,0,22000,6/29/2026,WHITE,0,0,F,INDEX,,F,T,0,0
6/29/2026,10:02:56 AM,SPXW,ML/,1000,2.15,,CALL,7445,0,215000,6/29/2026,WHITE,0,0,F,INDEX,,F,T,0,0
6/29/2026,10:13:48 AM,SPXW,BLOCK,166,0.95,,CALL,7445,0,15769,6/29/2026,WHITE,0,0,F,INDEX,,F,T,0,0
6/29/2026,10:12:21 AM,SPXW,BLOCK,129,1.1,,CALL,7445,0,14190,6/29/2026,WHITE,0,0,F,INDEX,,F,T,0,0
6/29/2026,10:23:58 AM,SPXW,BLOCK,171,0.85,,CALL,7445,0,14535,6/29/2026,WHITE,0,0,F,INDEX,,F,T,0,0
6/29/2026,10:26:04 AM,SPXW,BLOCK,369,1.05,,CALL,7445,0,38745,6/29/2026,WHITE,0,0,F,INDEX,,F,T,0,0
6/29/2026,10:28:58 AM,SPXW,ML/,114,1.05,,CALL,7445,0,11970,6/29/2026,WHITE,0,0,F,INDEX,,F,T,0,0
6/29/2026,10:29:58 AM,SPXW,BLOCK,149,1.15,,CALL,7445,0,17135,6/29/2026,WHITE,0,0,F,INDEX,,F,T,0,0
6/29/2026,10:34:18 AM,SPXW,ML/,200,1.9,,CALL,7445,0,38000,6/29/2026,WHITE,0,0,F,INDEX,,F,T,0,0
6/29/2026,10:36:22 AM,SPXW,ML/,150,1.48,,CALL,7445,0,22200,6/29/2026,WHITE,0,0,F,INDEX,,F,T,0,0
6/29/2026,10:50:40 AM,SPXW,ML/,98,1.4,,CALL,7445,0,13719,6/29/2026,WHITE,0,0,F,INDEX,,F,T,0,0
6/29/2026,11:00:09 AM,SPXW,BLOCK,78,1.4,,CALL,7445,0,10920,6/29/2026,WHITE,0,0,F,INDEX,,F,T,0,0
6/29/2026,11:23:52 AM,SPXW,ML/,195,0.57,,CALL,7445,0,11115,6/29/2026,WHITE,0,0,F,INDEX,,F,T,0,0
6/29/2026,12:04:39 PM,SPXW,BLOCK,184,1.1,,CALL,7445,0,20240,6/29/2026,WHITE,0,0,F,INDEX,,F,T,0,0
6/29/2026,12:20:20 PM,SPXW,BLOCK,150,0.95,,CALL,7445,0,14250,6/29/2026,WHITE,0,0,F,INDEX,,F,T,0,0
6/29/2026,12:40:07 PM,SPXW,ML/,261,0.67,,CALL,7445,0,17487,6/29/2026,WHITE,0,0,F,INDEX,,F,T,0,0
6/29/2026,12:47:27 PM,SPXW,ML/,214,0.49,,CALL,7445,0,10486,6/29/2026,WHITE,0,0,F,INDEX,,F,T,0,0
6/29/2026,12:52:55 PM,SPXW,ML/,225,0.67,,CALL,7445,0,15075,6/29/2026,WHITE,0,0,F,INDEX,,F,T,0,0
6/29/2026,12:54:13 PM,SPXW,ML/,500,0.78,,CALL,7445,0,39000,6/29/2026,WHITE,0,0,F,INDEX,,F,T,0,0
6/29/2026,1:11:08 PM,SPXW,SWEEP,100,1.1,,CALL,7445,0,11000,6/29/2026,WHITE,0,0,F,INDEX,,F,T,0,0
6/29/2026,1:12:45 PM,SPXW,ML/,1000,1.2,,CALL,7445,0,120000,6/29/2026,WHITE,0,0,F,INDEX,,F,T,0,0
6/29/2026,1:13:31 PM,SPXW,BLOCK,102,1.9,,CALL,7445,0,19380,6/29/2026,WHITE,0,0,F,INDEX,,F,T,0,0
6/29/2026,10:00:00 AM,SPXW,BLOCK,88,2.5,,CALL,7445,0,22000,6/29/2026,WHITE,0,0,F,INDEX,,F,T,0,0
6/29/2026,1:14:03 PM,SPXW,BLOCK,50,2.6,,CALL,7445,0,13000,6/29/2026,WHITE,0,0,F,INDEX,,F,T,0,0
6/29/2026,1:14:10 PM,SPXW,BLOCK,130,2.75,,CALL,7445,0,35750,6/29/2026,WHITE,0,0,F,INDEX,,F,T,0,0
6/29/2026,1:20:32 PM,SPXW,BLOCK,54,3,,CALL,7445,0,16200,6/29/2026,WHITE,0,0,F,INDEX,,F,T,0,0
6/29/2026,1:20:50 PM,SPXW,BLOCK,83,3.2,,CALL,7445,0,26560,6/29/2026,WHITE,0,0,F,INDEX,,F,T,0,0
6/29/2026,1:25:36 PM,SPXW,ML/,94,1.6,,CALL,7445,0,15040,6/29/2026,WHITE,0,0,F,INDEX,,F,T,0,0
6/29/2026,1:27:54 PM,SPXW,ML/,100,1.96,,CALL,7445,0,19600,6/29/2026,WHITE,0,0,F,INDEX,,F,T,0,0
6/29/2026,1:31:01 PM,SPXW,ML/,59,3,,CALL,7445,0,17700,6/29/2026,WHITE,0,0,F,INDEX,,F,T,0,0
6/29/2026,1:31:34 PM,SPXW,BLOCK,61,3.8,,CALL,7445,0,23180,6/29/2026,WHITE,0,0,F,INDEX,,F,T,0,0
6/29/2026,1:32:56 PM,SPXW,BLOCK,50,3.1,,CALL,7445,0,15500,6/29/2026,WHITE,0,0,F,INDEX,,F,T,0,0
6/29/2026,1:34:17 PM,SPXW,ML/,50,2.67,,CALL,7445,0,13350,6/29/2026,WHITE,0,0,F,INDEX,,F,T,0,0
6/29/2026,1:36:22 PM,SPXW,BLOCK,81,2.75,,CALL,7445,0,22275,6/29/2026,WHITE,0,0,F,INDEX,,F,T,0,0
6/29/2026,1:33:42 PM,SPXW,ML/,109,2.18,,CALL,7445,0,23762,6/29/2026,WHITE,0,0,F,INDEX,,F,T,0,0
6/29/2026,1:15:28 PM,SPXW,ML/,100,2.33,,CALL,7445,0,23300,6/29/2026,WHITE,0,0,F,INDEX,,F,T,0,0
6/29/2026,1:38:41 PM,SPXW,ML/,50,2.5,,CALL,7445,0,12500,6/29/2026,WHITE,0,0,F,INDEX,,F,T,0,0
6/29/2026,1:34:17 PM,SPXW,ML/,50,2.63,,CALL,7445,0,13150,6/29/2026,WHITE,0,0,F,INDEX,,F,T,0,0
6/29/2026,1:54:27 PM,SPXW,ML/,148,3.5,,CALL,7445,0,51800,6/29/2026,WHITE,0,0,F,INDEX,,F,T,0,0
6/29/2026,1:57:46 PM,SPXW,BLOCK,73,2.55,,CALL,7445,0,18614,6/29/2026,WHITE,0,0,F,INDEX,,F,T,0,0
6/29/2026,1:38:41 PM,SPXW,ML/,102,2.53,,CALL,7445,0,25805,6/29/2026,WHITE,0,0,F,INDEX,,F,T,0,0
6/29/2026,1:54:38 PM,SPXW,ML/,227,3.5,,CALL,7445,0,79450,6/29/2026,WHITE,0,0,F,INDEX,,F,T,0,0
6/29/2026,2:03:52 PM,SPXW,ML/,50,3.12,,CALL,7445,0,15600,6/29/2026,WHITE,0,0,F,INDEX,,F,T,0,0
6/29/2026,2:08:18 PM,SPXW,BLOCK,50,2.7,,CALL,7445,0,13500,6/29/2026,WHITE,0,0,F,INDEX,,F,T,0,0
6/29/2026,2:20:31 PM,SPXW,BLOCK,50,2,,CALL,7445,0,10000,6/29/2026,WHITE,0,0,F,INDEX,,F,T,0,0
6/29/2026,2:24:32 PM,SPXW,BLOCK,100,2.15,,CALL,7445,0,21500,6/29/2026,WHITE,0,0,F,INDEX,,F,T,0,0
6/29/2026,1:25:36 PM,SPXW,ML/,106,1.61,,CALL,7445,0,17066,6/29/2026,WHITE,0,0,F,INDEX,,F,T,0,0
6/29/2026,2:27:07 PM,SPXW,ML/,128,1.7,,CALL,7445,0,21760,6/29/2026,WHITE,0,0,F,INDEX,,F,T,0,0
6/29/2026,2:28:11 PM,SPXW,BLOCK,125,1.6,,CALL,7445,0,20000,6/29/2026,WHITE,0,0,F,INDEX,,F,T,0,0
6/29/2026,2:30:00 PM,SPXW,BLOCK,88,1.5,,CALL,7445,0,13200,6/29/2026,WHITE,0,0,F,INDEX,,F,T,0,0
6/29/2026,2:32:44 PM,SPXW,BLOCK,100,1.65,,CALL,7445,0,16499,6/29/2026,WHITE,0,0,F,INDEX,,F,T,0,0
6/29/2026,2:24:44 PM,SPXW,ML/,110,2.22,,CALL,7445,0,24420,6/29/2026,WHITE,0,0,F,INDEX,,F,T,0,0
6/29/2026,2:35:13 PM,SPXW,BLOCK,50,2.45,,CALL,7445,0,12250,6/29/2026,WHITE,0,0,F,INDEX,,F,T,0,0
6/29/2026,2:35:29 PM,SPXW,BLOCK,75,2.45,,CALL,7445,0,18375,6/29/2026,WHITE,0,0,F,INDEX,,F,T,0,0
6/29/2026,2:18:06 PM,SPXW,ML/,83,2.46,,CALL,7445,0,20418,6/29/2026,WHITE,0,0,F,INDEX,,F,T,0,0
6/29/2026,1:42:57 PM,SPXW,ML/,304,2.84,,CALL,7445,0,86336,6/29/2026,WHITE,0,0,F,INDEX,,F,T,0,0
6/29/2026,2:44:04 PM,SPXW,BLOCK,75,3.6,,CALL,7445,0,27000,6/29/2026,WHITE,0,0,F,INDEX,,F,T,0,0
6/29/2026,2:52:53 PM,SPXW,ML/,59,2.35,,CALL,7445,0,13865,6/29/2026,WHITE,0,0,F,INDEX,,F,T,0,0
6/29/2026,2:53:41 PM,SPXW,BLOCK,50,2.85,,CALL,7445,0,14250,6/29/2026,WHITE,0,0,F,INDEX,,F,T,0,0
6/29/2026,2:53:42 PM,SPXW,ML/,80,2.78,,CALL,7445,0,22239,6/29/2026,WHITE,0,0,F,INDEX,,F,T,0,0
6/29/2026,2:57:34 PM,SPXW,BLOCK,102,2.25,,CALL,7445,0,22950,6/29/2026,WHITE,0,0,F,INDEX,,F,T,0,0
6/29/2026,3:01:08 PM,SPXW,BLOCK,73,2,,CALL,7445,0,14600,6/29/2026,WHITE,0,0,F,INDEX,,F,T,0,0
6/29/2026,3:01:23 PM,SPXW,BLOCK,72,2.4,,CALL,7445,0,17280,6/29/2026,WHITE,0,0,F,INDEX,,F,T,0,0
6/29/2026,3:05:15 PM,SPXW,ML/,100,1.7,,CALL,7445,0,17000,6/29/2026,WHITE,0,0,F,INDEX,,F,T,0,0
6/29/2026,3:05:38 PM,SPXW,ML/,100,1.65,,CALL,7445,0,16500,6/29/2026,WHITE,0,0,F,INDEX,,F,T,0,0
6/29/2026,3:07:01 PM,SPXW,BLOCK,70,2,,CALL,7445,0,14000,6/29/2026,WHITE,0,0,F,INDEX,,F,T,0,0
6/29/2026,3:15:00 PM,SPXW,BLOCK,149,1.2,,CALL,7445,0,17880,6/29/2026,WHITE,0,0,F,INDEX,,F,T,0,0
6/29/2026,3:22:21 PM,SPXW,BLOCK,100,1.7,,CALL,7445,0,17000,6/29/2026,WHITE,0,0,F,INDEX,,F,T,0,0
6/29/2026,3:23:44 PM,SPXW,ML/,78,2,,CALL,7445,0,15600,6/29/2026,WHITE,0,0,F,INDEX,,F,T,0,0
6/29/2026,3:23:52 PM,SPXW,BLOCK,104,2,,CALL,7445,0,20800,6/29/2026,WHITE,0,0,F,INDEX,,F,T,0,0
6/29/2026,3:25:22 PM,SPXW,BLOCK,100,1.5,,CALL,7445,0,15000,6/29/2026,WHITE,0,0,F,INDEX,,F,T,0,0
6/29/2026,3:32:26 PM,SPXW,BLOCK,286,0.8,,CALL,7445,0,22880,6/29/2026,WHITE,0,0,F,INDEX,,F,T,0,0
6/29/2026,3:49:59 PM,SPXW,ML/,160,0.67,,CALL,7445,0,10720,6/29/2026,WHITE,0,0,F,INDEX,,F,T,0,0
6/29/2026,3:59:09 PM,SPXW,ML/,132,1,,CALL,7445,0,13200,6/29/2026,WHITE,0,0,F,INDEX,,F,T,0,0
6/29/2026,2:46:10 PM,SPXW,BLOCK,50,4.1,,CALL,7445,0,20499,6/29/2026,WHITE,0,0,F,INDEX,,F,T,0,0
6/29/2026,9:54:41 AM,SPXW,ML/,89,4.15,,CALL,7445,0,36935,6/29/2026,WHITE,0,0,F,INDEX,,F,T,0,0
6/29/2026,3:23:50 PM,SPXW,ML/,80,2.08,,CALL,7445,0,16640,6/29/2026,WHITE,0,0,F,INDEX,,F,T,0,0
6/29/2026,10:09:14 AM,SPXW,ML/,77,8.15,,CALL,7505,0,62755,7/2/2026,WHITE,0,3,F,INDEX,,F,T,0,0
6/29/2026,10:12:10 AM,SPXW,ML/,136,7.53,,CALL,7505,0,102408,7/2/2026,WHITE,0,3,F,INDEX,,F,T,0,0
6/29/2026,1:33:42 PM,SPXW,ML/,66,12.77,,CALL,7505,0,84282,7/2/2026,WHITE,0,3,F,INDEX,,F,T,0,0
6/29/2026,1:34:30 PM,SPXW,ML/,60,13.29,,CALL,7505,0,79740,7/2/2026,WHITE,0,3,F,INDEX,,F,T,0,0
6/29/2026,3:24:19 PM,SPXW,ML/,50,14.5,,CALL,7505,0,72500,7/2/2026,WHITE,0,3,F,INDEX,,F,T,0,0
6/29/2026,9:30:03 AM,SPXW,ML/,68,1.89,,PUT,7285,0,12851,6/29/2026,WHITE,0,0,F,INDEX,,F,T,0,0
6/29/2026,10:04:17 AM,SPXW,BLOCK,200,1.45,,PUT,7285,0,29000,6/29/2026,WHITE,0,0,F,INDEX,,F,T,0,0
6/29/2026,10:09:14 AM,SPXW,ML/,77,1.95,,PUT,7285,0,15015,6/29/2026,WHITE,0,0,F,INDEX,,F,T,0,0
6/29/2026,10:11:30 AM,SPXW,BLOCK,100,2.6,,PUT,7285,0,26000,6/29/2026,WHITE,0,0,F,INDEX,,F,T,0,0
6/29/2026,10:12:05 AM,SPXW,ML/,50,2.54,,PUT,7285,0,12700,6/29/2026,WHITE,0,0,F,INDEX,,F,T,0,0
6/29/2026,10:20:05 AM,SPXW,ML/,100,3.97,,PUT,7285,0,39700,6/29/2026,WHITE,0,0,F,INDEX,,F,T,0,0
6/29/2026,10:18:16 AM,SPXW,ML/,93,4.95,,PUT,7285,0,46035,6/29/2026,WHITE,0,0,F,INDEX,,F,T,0,0
6/29/2026,9:57:53 AM,SPXW,BLOCK,427,1.1,,PUT,7275,0,46970,6/29/2026,WHITE,0,0,F,INDEX,,F,T,0,0
6/29/2026,10:00:57 AM,SPXW,ML/,96,1.45,,PUT,7275,0,13919,6/29/2026,WHITE,0,0,F,INDEX,,F,T,0,0
6/29/2026,10:08:11 AM,SPXW,ML/,52,2.02,,PUT,7275,0,10504,6/29/2026,WHITE,0,0,F,INDEX,,F,T,0,0
6/29/2026,10:10:43 AM,SPXW,BLOCK,50,2.35,,PUT,7275,0,11750,6/29/2026,WHITE,0,0,F,INDEX,,F,T,0,0
6/29/2026,10:12:35 AM,SPXW,ML/,88,2.3,,PUT,7275,0,20239,6/29/2026,WHITE,0,0,F,INDEX,,F,T,0,0
6/29/2026,10:26:03 AM,SPXW,BLOCK,86,1.45,,PUT,7275,0,12469,6/29/2026,WHITE,0,0,F,INDEX,,F,T,0,0
6/29/2026,9:55:04 AM,SPXW,ML/,150,0.75,,PUT,7275,0,11250,6/29/2026,WHITE,0,0,F,INDEX,,F,T,0,0
6/29/2026,10:10:33 AM,SPXW,ML/,53,2.12,,PUT,7275,0,11236,6/29/2026,WHITE,0,0,F,INDEX,,F,T,0,0
6/29/2026,10:24:06 AM,SPXW,BLOCK,70,2.65,,PUT,7275,0,18550,6/29/2026,WHITE,0,0,F,INDEX,,F,T,0,0
6/29/2026,9:55:48 AM,SPXW,ML/,85,10.25,,PUT,7385,0,87125,6/29/2026,WHITE,0,0,F,INDEX,,F,T,0,0
6/29/2026,9:55:56 AM,SPXW,ML/,87,10.45,,PUT,7385,0,90915,6/29/2026,WHITE,0,0,F,INDEX,,F,T,0,0
6/29/2026,9:58:14 AM,SPXW,ML/,50,13.49,,PUT,7385,0,67450,6/29/2026,WHITE,0,0,F,INDEX,,F,T,0,0
6/29/2026,10:05:54 AM,SPXW,ML/,108,20,,PUT,7385,0,216000,6/29/2026,WHITE,0,0,F,INDEX,,F,T,0,0
6/29/2026,9:55:55 AM,SPXW,ML/,60,10.3,,PUT,7385,0,61800,6/29/2026,WHITE,0,0,F,INDEX,,F,T,0,0
6/29/2026,9:55:56 AM,SPXW,ML/,87,10.45,,PUT,7385,0,90915,6/29/2026,WHITE,0,0,F,INDEX,,F,T,0,0
6/29/2026,10:50:23 AM,SPXW,BLOCK,51,10,,PUT,7385,0,51000,6/29/2026,WHITE,0,0,F,INDEX,,F,T,0,0
6/29/2026,10:54:04 AM,SPXW,ML/,78,7.5,,PUT,7385,0,58500,6/29/2026,WHITE,0,0,F,INDEX,,F,T,0,0
6/29/2026,10:54:49 AM,SPXW,ML/,78,6.95,,PUT,7385,0,54210,6/29/2026,WHITE,0,0,F,INDEX,,F,T,0,0
6/29/2026,10:54:49 AM,SPXW,ML/,78,6.95,,PUT,7385,0,54210,6/29/2026,WHITE,0,0,F,INDEX,,F,T,0,0
6/29/2026,10:54:49 AM,SPXW,ML/,78,6.95,,PUT,7385,0,54210,6/29/2026,WHITE,0,0,F,INDEX,,F,T,0,0
6/29/2026,10:54:49 AM,SPXW,ML/,56,6.95,,PUT,7385,0,38920,6/29/2026,WHITE,0,0,F,INDEX,,F,T,0,0
6/29/2026,10:54:40 AM,SPXW,ML/,79,6.85,,PUT,7385,0,54115,6/29/2026,WHITE,0,0,F,INDEX,,F,T,0,0
6/29/2026,11:45:09 AM,SPXW,ML/,53,3.7,,PUT,7385,0,19610,6/29/2026,WHITE,0,0,F,INDEX,,F,T,0,0
6/29/2026,11:52:32 AM,SPXW,ML/,74,4.7,,PUT,7385,0,34780,6/29/2026,WHITE,0,0,F,INDEX,,F,T,0,0
6/29/2026,12:03:47 PM,SPXW,BLOCK,58,3,,PUT,7385,0,17400,6/29/2026,WHITE,0,0,F,INDEX,,F,T,0,0
6/29/2026,12:05:07 PM,SPXW,BLOCK,62,2.5,,PUT,7385,0,15500,6/29/2026,WHITE,0,0,F,INDEX,,F,T,0,0
6/29/2026,12:11:19 PM,SPXW,BLOCK,101,3,,PUT,7385,0,30300,6/29/2026,WHITE,0,0,F,INDEX,,F,T,0,0
6/29/2026,12:19:22 PM,SPXW,BLOCK,93,3.1,,PUT,7385,0,28830,6/29/2026,WHITE,0,0,F,INDEX,,F,T,0,0
6/29/2026,12:22:59 PM,SPXW,ML/,52,2.9,,PUT,7385,0,15079,6/29/2026,WHITE,0,0,F,INDEX,,F,T,0,0
6/29/2026,12:28:55 PM,SPXW,BLOCK,50,3.3,,PUT,7385,0,16500,6/29/2026,WHITE,0,0,F,INDEX,,F,T,0,0
6/29/2026,12:35:46 PM,SPXW,BLOCK,54,3.1,,PUT,7385,0,16740,6/29/2026,WHITE,0,0,F,INDEX,,F,T,0,0
6/29/2026,12:40:32 PM,SPXW,BLOCK,57,2.95,,PUT,7385,0,16815,6/29/2026,WHITE,0,0,F,INDEX,,F,T,0,0
6/29/2026,12:48:42 PM,SPXW,BLOCK,56,2.7,,PUT,7385,0,15119,6/29/2026,WHITE,0,0,F,INDEX,,F,T,0,0
6/29/2026,12:53:58 PM,SPXW,BLOCK,80,2,,PUT,7385,0,16000,6/29/2026,WHITE,0,0,F,INDEX,,F,T,0,0
6/29/2026,1:05:29 PM,SPXW,BLOCK,77,1.5,,PUT,7385,0,11550,6/29/2026,WHITE,0,0,F,INDEX,,F,T,0,0
6/29/2026,1:05:59 PM,SPXW,BLOCK,72,1.45,,PUT,7385,0,10440,6/29/2026,WHITE,0,0,F,INDEX,,F,T,0,0
6/29/2026,1:20:32 PM,SPXW,BLOCK,95,1.1,,PUT,7385,0,10450,6/29/2026,WHITE,0,0,F,INDEX,,F,T,0,0
6/29/2026,1:30:10 PM,SPXW,BLOCK,233,1,,PUT,7385,0,23300,6/29/2026,WHITE,0,0,F,INDEX,,F,T,0,0
6/29/2026,1:33:51 PM,SPXW,ML/,150,1.07,,PUT,7385,0,16050,6/29/2026,WHITE,0,0,F,INDEX,,F,T,0,0
6/29/2026,1:36:21 PM,SPXW,ML/,250,0.92,,PUT,7385,0,23000,6/29/2026,WHITE,0,0,F,INDEX,,F,T,0,0
6/29/2026,1:45:08 PM,SPXW,ML/,250,0.87,,PUT,7385,0,21750,6/29/2026,WHITE,0,0,F,INDEX,,F,T,0,0
6/29/2026,1:58:18 PM,SPXW,ML/,200,0.77,,PUT,7385,0,15400,6/29/2026,WHITE,0,0,F,INDEX,,F,T,0,0
6/29/2026,2:01:31 PM,SPXW,ML/,199,0.62,,PUT,7385,0,12338,6/29/2026,WHITE,0,0,F,INDEX,,F,T,0,0
6/29/2026,2:09:13 PM,SPXW,ML/,248,0.62,,PUT,7385,0,15376,6/29/2026,WHITE,0,0,F,INDEX,,F,T,0,0
6/29/2026,2:32:56 PM,SPXW,ML/,271,0.42,,PUT,7385,0,11382,6/29/2026,WHITE,0,0,F,INDEX,,F,T,0,0
6/29/2026,10:26:08 AM,SPXW,ML/,72,21.28,,PUT,7385,0,153216,6/29/2026,WHITE,0,0,F,INDEX,,F,T,0,0
6/29/2026,11:24:26 AM,SPXW,BLOCK,51,10.9,,PUT,7385,0,55590,6/29/2026,WHITE,0,0,F,INDEX,,F,T,0,0
6/29/2026,9:52:49 AM,SPXW,ML/,100,5.47,,PUT,7385,0,54700,6/29/2026,WHITE,0,0,F,INDEX,,F,T,0,0
6/29/2026,10:54:42 AM,SPXW,ML/,51,7.07,,PUT,7385,0,36057,6/29/2026,WHITE,0,0,F,INDEX,,F,T,0,0
6/29/2026,9:55:46 AM,SPXW,ML/,87,10.22,,PUT,7385,0,88914,6/29/2026,WHITE,0,0,F,INDEX,,F,T,0,0
6/29/2026,10:16:32 AM,SPXW,ML/,86,30.53,,PUT,7385,0,262558,6/29/2026,WHITE,0,0,F,INDEX,,F,T,0,0
6/29/2026,10:39:20 AM,SPXW,ML/,55,10.78,,PUT,7385,0,59290,6/29/2026,WHITE,0,0,F,INDEX,,F,T,0,0
6/29/2026,10:54:48 AM,SPXW,ML/,58,6.93,,PUT,7385,0,40194,6/29/2026,WHITE,0,0,F,INDEX,,F,T,0,0
6/29/2026,11:55:12 AM,SPXW,ML/,137,4.57,,PUT,7385,0,62609,6/29/2026,WHITE,0,0,F,INDEX,,F,T,0,0
6/29/2026,11:55:12 AM,SPXW,ML/,63,4.55,,PUT,7385,0,28664,6/29/2026,WHITE,0,0,F,INDEX,,F,T,0,0
6/29/2026,12:22:27 PM,SPXW,ML/,100,3.18,,PUT,7385,0,31800,6/29/2026,WHITE,0,0,F,INDEX,,F,T,0,0
6/29/2026,3:35:13 PM,SPXW,BLOCK,50,11.1,,PUT,7445,0,55500,6/29/2026,WHITE,0,0,F,INDEX,,F,T,0,0
6/29/2026,3:52:51 PM,SPXW,ML/,64,12.81,,PUT,7445,0,81984,6/29/2026,WHITE,0,0,F,INDEX,,F,T,0,0
6/29/2026,3:57:19 PM,SPXW,ML/,100,9.06,,PUT,7445,0,90600,6/29/2026,WHITE,0,0,F,INDEX,,F,T,0,0
6/29/2026,3:58:35 PM,SPXW,ML/,50,6.35,,PUT,7445,0,31750,6/29/2026,WHITE,0,0,F,INDEX,,F,T,0,0
6/29/2026,9:30:33 AM,SPXW,BLOCK,63,2.85,,PUT,7290,0,17955,6/29/2026,WHITE,0,0,F,INDEX,,F,T,0,0
6/29/2026,9:30:31 AM,SPXW,ML/,60,2.75,,PUT,7290,0,16500,6/29/2026,WHITE,0,0,F,INDEX,,F,T,0,0
6/29/2026,10:20:32 AM,SPXW,ML/,167,4.07,,PUT,7290,0,67969,6/29/2026,WHITE,0,0,F,INDEX,,F,T,0,0
6/29/2026,10:12:05 AM,SPXW,ML/,50,2.8,,PUT,7290,0,14000,6/29/2026,WHITE,0,0,F,INDEX,,F,T,0,0
6/29/2026,10:44:05 AM,SPXW,ML/,279,0.87,,PUT,7290,0,24273,6/29/2026,WHITE,0,0,F,INDEX,,F,T,0,0
6/29/2026,10:22:04 AM,SPXW,ML/,500,3.37,,PUT,7290,0,168500,6/29/2026,WHITE,0,0,F,INDEX,,F,T,0,0
6/29/2026,1:36:35 PM,SPXW,ML/,53,24.77,,PUT,7455,0,131281,6/29/2026,WHITE,0,0,F,INDEX,,F,T,0,0
6/29/2026,3:57:19 PM,SPXW,ML/,50,18.94,,PUT,7455,0,94700,6/29/2026,WHITE,0,0,F,INDEX,,F,T,0,0
6/29/2026,9:36:38 AM,SPXW,BLOCK,80,5.1,,PUT,7345,0,40800,6/29/2026,WHITE,0,0,F,INDEX,,F,T,0,0
6/29/2026,9:40:34 AM,SPXW,ML/,80,3.35,,PUT,7345,0,26800,6/29/2026,WHITE,0,0,F,INDEX,,F,T,0,0
6/29/2026,10:05:45 AM,SPXW,BLOCK,152,7.2,,PUT,7345,0,109440,6/29/2026,WHITE,0,0,F,INDEX,,F,T,0,0
6/29/2026,10:18:03 AM,SPXW,ML/,50,17.12,,PUT,7345,0,85600,6/29/2026,WHITE,0,0,F,INDEX,,F,T,0,0
6/29/2026,10:16:16 AM,SPXW,BLOCK,50,14.7,,PUT,7345,0,73500,6/29/2026,WHITE,0,0,F,INDEX,,F,T,0,0
6/29/2026,10:24:02 AM,SPXW,BLOCK,90,14,,PUT,7345,0,126000,6/29/2026,WHITE,0,0,F,INDEX,,F,T,0,0
6/29/2026,10:22:59 AM,SPXW,BLOCK,90,11.1,,PUT,7345,0,99900,6/29/2026,WHITE,0,0,F,INDEX,,F,T,0,0
6/29/2026,10:26:43 AM,SPXW,BLOCK,100,8.2,,PUT,7345,0,81999,6/29/2026,WHITE,0,0,F,INDEX,,F,T,0,0
6/29/2026,10:36:38 AM,SPXW,ML/,95,3.45,,PUT,7345,0,32775,6/29/2026,WHITE,0,0,F,INDEX,,F,T,0,0
6/29/2026,11:15:23 AM,SPXW,BLOCK,150,1.85,,PUT,7345,0,27750,6/29/2026,WHITE,0,0,F,INDEX,,F,T,0,0
6/29/2026,11:22:33 AM,SPXW,ML/,50,2.15,,PUT,7345,0,10750,6/29/2026,WHITE,0,0,F,INDEX,,F,T,0,0
6/29/2026,11:22:35 AM,SPXW,BLOCK,52,2.15,,PUT,7345,0,11180,6/29/2026,WHITE,0,0,F,INDEX,,F,T,0,0
6/29/2026,11:26:00 AM,SPXW,BLOCK,53,2.3,,PUT,7345,0,12190,6/29/2026,WHITE,0,0,F,INDEX,,F,T,0,0
6/29/2026,11:56:22 AM,SPXW,BLOCK,165,1.05,,PUT,7345,0,17325,6/29/2026,WHITE,0,0,F,INDEX,,F,T,0,0
6/29/2026,12:14:27 PM,SPXW,BLOCK,170,1.05,,PUT,7345,0,17850,6/29/2026,WHITE,0,0,F,INDEX,,F,T,0,0
6/29/2026,12:23:47 PM,SPXW,ML/,200,0.9,,PUT,7345,0,18000,6/29/2026,WHITE,0,0,F,INDEX,,F,T,0,0
6/29/2026,12:28:45 PM,SPXW,ML/,200,0.9,,PUT,7345,0,18000,6/29/2026,WHITE,0,0,F,INDEX,,F,T,0,0
6/29/2026,12:30:15 PM,SPXW,ML/,200,0.95,,PUT,7345,0,19000,6/29/2026,WHITE,0,0,F,INDEX,,F,T,0,0
6/29/2026,12:32:22 PM,SPXW,ML/,200,0.97,,PUT,7345,0,19400,6/29/2026,WHITE,0,0,F,INDEX,,F,T,0,0
6/29/2026,12:25:36 PM,SPXW,ML/,200,0.82,,PUT,7345,0,16400,6/29/2026,WHITE,0,0,F,INDEX,,F,T,0,0
6/29/2026,10:00:49 AM,SPXW,ML/,50,7.42,,PUT,7345,0,37100,6/29/2026,WHITE,0,0,F,INDEX,,F,T,0,0
6/29/2026,10:21:32 AM,SPXW,ML/,60,12.72,,PUT,7345,0,76320,6/29/2026,WHITE,0,0,F,INDEX,,F,T,0,0
6/29/2026,12:38:28 PM,SPXW,ML/,200,0.92,,PUT,7345,0,18400,6/29/2026,WHITE,0,0,F,INDEX,,F,T,0,0
6/29/2026,9:36:10 AM,SPXW,ML/,65,3.4,,PUT,7340,0,22100,6/29/2026,WHITE,0,0,F,INDEX,,F,T,0,0
6/29/2026,9:49:24 AM,SPXW,ML/,200,2.22,,PUT,7340,0,44400,6/29/2026,WHITE,0,0,F,INDEX,,F,T,0,0
6/29/2026,9:47:07 AM,SPXW,ML/,200,2.23,,PUT,7340,0,44600,6/29/2026,WHITE,0,0,F,INDEX,,F,T,0,0
6/29/2026,9:50:19 AM,SPXW,ML/,200,2.35,,PUT,7340,0,47000,6/29/2026,WHITE,0,0,F,INDEX,,F,T,0,0
6/29/2026,9:54:41 AM,SPXW,ML/,324,2.35,,PUT,7340,0,76140,6/29/2026,WHITE,0,0,F,INDEX,,F,T,0,0
6/29/2026,9:54:41 AM,SPXW,ML/,262,2.35,,PUT,7340,0,61570,6/29/2026,WHITE,0,0,F,INDEX,,F,T,0,0
6/29/2026,9:50:57 AM,SPXW,ML/,200,2.5,,PUT,7340,0,50000,6/29/2026,WHITE,0,0,F,INDEX,,F,T,0,0
6/29/2026,10:08:08 AM,SPXW,BLOCK,97,8.8,,PUT,7340,0,85360,6/29/2026,WHITE,0,0,F,INDEX,,F,T,0,0
6/29/2026,10:12:34 AM,SPXW,BLOCK,50,11,,PUT,7340,0,55000,6/29/2026,WHITE,0,0,F,INDEX,,F,T,0,0
6/29/2026,10:33:41 AM,SPXW,ML/,75,3.5,,PUT,7340,0,26250,6/29/2026,WHITE,0,0,F,INDEX,,F,T,0,0
6/29/2026,10:35:35 AM,SPXW,BLOCK,101,3.3,,PUT,7340,0,33330,6/29/2026,WHITE,0,0,F,INDEX,,F,T,0,0
6/29/2026,10:35:48 AM,SPXW,BLOCK,58,3.3,,PUT,7340,0,19139,6/29/2026,WHITE,0,0,F,INDEX,,F,T,0,0
6/29/2026,10:37:17 AM,SPXW,SWEEP,91,3.4,,PUT,7340,0,30939,6/29/2026,WHITE,0,0,F,INDEX,,F,T,0,0
6/29/2026,9:55:21 AM,SPXW,ML/,100,2.65,,PUT,7340,0,26500,6/29/2026,WHITE,0,0,F,INDEX,,F,T,0,0
6/29/2026,10:45:29 AM,SPXW,ML/,52,3.5,,PUT,7340,0,18200,6/29/2026,WHITE,0,0,F,INDEX,,F,T,0,0
6/29/2026,10:48:19 AM,SPXW,BLOCK,69,4.6,,PUT,7340,0,31739,6/29/2026,WHITE,0,0,F,INDEX,,F,T,0,0
6/29/2026,9:55:21 AM,SPXW,ML/,67,2.68,,PUT,7340,0,17956,6/29/2026,WHITE,0,0,F,INDEX,,F,T,0,0
6/29/2026,9:55:21 AM,SPXW,ML/,233,2.67,,PUT,7340,0,62211,6/29/2026,WHITE,0,0,F,INDEX,,F,T,0,0
6/29/2026,9:54:41 AM,SPXW,ML/,119,2.37,,PUT,7340,0,28202,6/29/2026,WHITE,0,0,F,INDEX,,F,T,0,0
6/29/2026,9:55:13 AM,SPXW,ML/,400,2.3,,PUT,7340,0,91999,6/29/2026,WHITE,0,0,F,INDEX,,F,T,0,0
6/29/2026,9:54:41 AM,SPXW,ML/,313,2.33,,PUT,7340,0,72929,6/29/2026,WHITE,0,0,F,INDEX,,F,T,0,0
6/29/2026,9:54:55 AM,SPXW,ML/,200,2.32,,PUT,7340,0,46399,6/29/2026,WHITE,0,0,F,INDEX,,F,T,0,0
6/29/2026,9:54:41 AM,SPXW,ML/,102,2.38,,PUT,7340,0,24276,6/29/2026,WHITE,0,0,F,INDEX,,F,T,0,0
6/29/2026,11:10:39 AM,SPXW,ML/,50,2.05,,PUT,7340,0,10249,6/29/2026,WHITE,0,0,F,INDEX,,F,T,0,0
6/29/2026,10:32:42 AM,SPXW,ML/,100,4.51,,PUT,7340,0,45099,6/29/2026,WHITE,0,0,F,INDEX,,F,T,0,0
6/29/2026,10:18:03 AM,SPXW,ML/,50,15.42,,PUT,7340,0,77100,6/29/2026,WHITE,0,0,F,INDEX,,F,T,0,0
6/29/2026,10:21:19 AM,SPXW,ML/,100,11.62,,PUT,7340,0,116200,6/29/2026,WHITE,0,0,F,INDEX,,F,T,0,0
6/29/2026,10:32:20 AM,SPXW,ML/,52,4.23,,PUT,7340,0,21996,6/29/2026,WHITE,0,0,F,INDEX,,F,T,0,0
6/29/2026,9:30:25 AM,SPXW,ML/,50,6.8,,PUT,7335,0,34000,6/29/2026,WHITE,0,0,F,INDEX,,F,T,0,0
6/29/2026,9:35:54 AM,SPXW,ML/,50,3,,PUT,7335,0,15000,6/29/2026,WHITE,0,0,F,INDEX,,F,T,0,0
6/29/2026,9:49:24 AM,SPXW,ML/,200,2.02,,PUT,7335,0,40400,6/29/2026,WHITE,0,0,F,INDEX,,F,T,0,0
6/29/2026,9:50:19 AM,SPXW,ML/,200,2.15,,PUT,7335,0,43000,6/29/2026,WHITE,0,0,F,INDEX,,F,T,0,0
6/29/2026,9:47:07 AM,SPXW,ML/,200,2.03,,PUT,7335,0,40599,6/29/2026,WHITE,0,0,F,INDEX,,F,T,0,0
6/29/2026,9:54:41 AM,SPXW,ML/,324,2.15,,PUT,7335,0,69660,6/29/2026,WHITE,0,0,F,INDEX,,F,T,0,0
6/29/2026,9:54:41 AM,SPXW,ML/,262,2.15,,PUT,7335,0,56329,6/29/2026,WHITE,0,0,F,INDEX,,F,T,0,0
6/29/2026,9:50:57 AM,SPXW,ML/,200,2.3,,PUT,7335,0,45999,6/29/2026,WHITE,0,0,F,INDEX,,F,T,0,0
6/29/2026,9:55:21 AM,SPXW,ML/,100,2.4,,PUT,7335,0,24000,6/29/2026,WHITE,0,0,F,INDEX,,F,T,0,0
6/29/2026,10:11:51 AM,SPXW,ML/,50,8.3,,PUT,7335,0,41500,6/29/2026,WHITE,0,0,F,INDEX,,F,T,0,0
6/29/2026,9:36:10 AM,SPXW,ML/,65,3.05,,PUT,7335,0,19825,6/29/2026,WHITE,0,0,F,INDEX,,F,T,0,0
6/29/2026,9:55:21 AM,SPXW,ML/,233,2.42,,PUT,7335,0,56386,6/29/2026,WHITE,0,0,F,INDEX,,F,T,0,0
6/29/2026,9:55:09 AM,SPXW,ML/,94,2.22,,PUT,7335,0,20868,6/29/2026,WHITE,0,0,F,INDEX,,F,T,0,0
6/29/2026,10:32:42 AM,SPXW,ML/,100,3.9,,PUT,7335,0,39000,6/29/2026,WHITE,0,0,F,INDEX,,F,T,0,0
6/29/2026,9:55:21 AM,SPXW,ML/,67,2.43,,PUT,7335,0,16281,6/29/2026,WHITE,0,0,F,INDEX,,F,T,0,0
6/29/2026,9:54:41 AM,SPXW,ML/,100,2.17,,PUT,7335,0,21700,6/29/2026,WHITE,0,0,F,INDEX,,F,T,0,0
6/29/2026,9:55:13 AM,SPXW,ML/,400,2.1,,PUT,7335,0,84000,6/29/2026,WHITE,0,0,F,INDEX,,F,T,0,0
6/29/2026,9:54:55 AM,SPXW,ML/,200,2.12,,PUT,7335,0,42400,6/29/2026,WHITE,0,0,F,INDEX,,F,T,0,0
6/29/2026,10:57:38 AM,SPXW,ML/,269,2.02,,PUT,7335,0,54338,6/29/2026,WHITE,0,0,F,INDEX,,F,T,0,0
6/29/2026,11:04:39 AM,SPXW,BLOCK,300,1.65,,PUT,7335,0,49500,6/29/2026,WHITE,0,0,F,INDEX,,F,T,0,0
6/29/2026,11:05:25 AM,SPXW,BLOCK,72,1.8,,PUT,7335,0,12960,6/29/2026,WHITE,0,0,F,INDEX,,F,T,0,0
6/29/2026,11:05:26 AM,SPXW,BLOCK,216,1.8,,PUT,7335,0,38880,6/29/2026,WHITE,0,0,F,INDEX,,F,T,0,0
6/29/2026,11:10:30 AM,SPXW,ML/,94,1.92,,PUT,7335,0,18048,6/29/2026,WHITE,0,0,F,INDEX,,F,T,0,0
6/29/2026,11:10:06 AM,SPXW,ML/,647,1.77,,PUT,7335,0,114519,6/29/2026,WHITE,0,0,F,INDEX,,F,T,0,0
6/29/2026,11:10:30 AM,SPXW,ML/,61,1.9,,PUT,7335,0,11590,6/29/2026,WHITE,0,0,F,INDEX,,F,T,0,0
6/29/2026,11:10:30 AM,SPXW,ML/,93,1.92,,PUT,7335,0,17856,6/29/2026,WHITE,0,0,F,INDEX,,F,T,0,0
6/29/2026,12:10:21 PM,SPXW,BLOCK,165,0.7,,PUT,7335,0,11549,6/29/2026,WHITE,0,0,F,INDEX,,F,T,0,0
6/29/2026,9:54:41 AM,SPXW,ML/,102,2.18,,PUT,7335,0,22236,6/29/2026,WHITE,0,0,F,INDEX,,F,T,0,0
6/29/2026,11:21:00 AM,SPXW,ML/,400,1.72,,PUT,7335,0,68800,6/29/2026,WHITE,0,0,F,INDEX,,F,T,0,0
6/29/2026,9:54:41 AM,SPXW,ML/,313,2.13,,PUT,7335,0,66669,6/29/2026,WHITE,0,0,F,INDEX,,F,T,0,0
6/29/2026,10:22:00 AM,SPXW,ML/,72,9.35,,PUT,7335,0,67320,6/29/2026,WHITE,0,0,F,INDEX,,F,T,0,0
6/29/2026,10:19:24 AM,SPXW,ML/,100,11.33,,PUT,7335,0,113300,6/29/2026,WHITE,0,0,F,INDEX,,F,T,0,0
6/29/2026,10:21:19 AM,SPXW,ML/,100,10.42,,PUT,7335,0,104200,6/29/2026,WHITE,0,0,F,INDEX,,F,T,0,0
6/29/2026,10:28:52 AM,SPXW,ML/,100,5.45,,PUT,7335,0,54500,6/29/2026,WHITE,0,0,F,INDEX,,F,T,0,0
6/29/2026,10:50:57 AM,SPXW,BLOCK,50,34.2,,CALL,7375,0,171000,6/29/2026,WHITE,0,0,F,INDEX,,F,T,0,0
6/29/2026,9:30:31 AM,SPXW,ML/,50,25.81,,CALL,7375,0,129049,6/29/2026,WHITE,0,0,F,INDEX,,F,T,0,0
6/29/2026,9:33:24 AM,SPXW,BLOCK,51,8.2,,CALL,7435,0,41819,6/29/2026,WHITE,0,0,F,INDEX,,F,T,0,0
6/29/2026,9:36:43 AM,SPXW,BLOCK,53,5.7,,CALL,7435,0,30210,6/29/2026,WHITE,0,0,F,INDEX,,F,T,0,0
6/29/2026,9:36:46 AM,SPXW,BLOCK,50,6.1,,CALL,7435,0,30500,6/29/2026,WHITE,0,0,F,INDEX,,F,T,0,0
6/29/2026,9:36:44 AM,SPXW,BLOCK,436,7.1,,CALL,7435,0,309560,6/29/2026,WHITE,0,0,F,INDEX,,F,T,0,0
6/29/2026,9:59:38 AM,SPXW,BLOCK,101,3.8,,CALL,7435,0,38380,6/29/2026,WHITE,0,0,F,INDEX,,F,T,0,0
6/29/2026,10:00:58 AM,SPXW,ML/,70,3.7,,CALL,7435,0,25900,6/29/2026,WHITE,0,0,F,INDEX,,F,T,0,0
6/29/2026,10:02:56 AM,SPXW,ML/,1000,3.6,,CALL,7435,0,360000,6/29/2026,WHITE,0,0,F,INDEX,,F,T,0,0
6/29/2026,10:09:35 AM,SPXW,ML/,52,2.1,,CALL,7435,0,10920,6/29/2026,WHITE,0,0,F,INDEX,,F,T,0,0
6/29/2026,10:20:49 AM,SPXW,ML/,496,1.6,,CALL,7435,0,79360,6/29/2026,WHITE,0,0,F,INDEX,,F,T,0,0
6/29/2026,10:20:56 AM,SPXW,BLOCK,110,1.6,,CALL,7435,0,17600,6/29/2026,WHITE,0,0,F,INDEX,,F,T,0,0
6/29/2026,10:20:57 AM,SPXW,BLOCK,190,1.6,,CALL,7435,0,30400,6/29/2026,WHITE,0,0,F,INDEX,,F,T,0,0
6/29/2026,10:12:10 AM,SPXW,ML/,136,1.98,,CALL,7435,0,26927,6/29/2026,WHITE,0,0,F,INDEX,,F,T,0,0
6/29/2026,10:30:12 AM,SPXW,BLOCK,50,2.05,,CALL,7435,0,10250,6/29/2026,WHITE,0,0,F,INDEX,,F,T,0,0
6/29/2026,10:30:37 AM,SPXW,BLOCK,300,2.25,,CALL,7435,0,67500,6/29/2026,WHITE,0,0,F,INDEX,,F,T,0,0
6/29/2026,10:33:24 AM,SPXW,ML/,64,2.9,,CALL,7435,0,18560,6/29/2026,WHITE,0,0,F,INDEX,,F,T,0,0
6/29/2026,10:33:25 AM,SPXW,ML/,89,2.8,,CALL,7435,0,24920,6/29/2026,WHITE,0,0,F,INDEX,,F,T,0,0
6/29/2026,10:33:26 AM,SPXW,ML/,150,2.85,,CALL,7435,0,42750,6/29/2026,WHITE,0,0,F,INDEX,,F,T,0,0
6/29/2026,10:34:05 AM,SPXW,BLOCK,55,3.3,,CALL,7435,0,18150,6/29/2026,WHITE,0,0,F,INDEX,,F,T,0,0
6/29/2026,10:34:18 AM,SPXW,ML/,200,3.3,,CALL,7435,0,66000,6/29/2026,WHITE,0,0,F,INDEX,,F,T,0,0
6/29/2026,10:43:10 AM,SPXW,ML/,100,3.25,,CALL,7435,0,32500,6/29/2026,WHITE,0,0,F,INDEX,,F,T,0,0
6/29/2026,10:49:50 AM,SPXW,ML/,100,1.97,,CALL,7435,0,19700,6/29/2026,WHITE,0,0,F,INDEX,,F,T,0,0
6/29/2026,10:50:40 AM,SPXW,ML/,98,2.85,,CALL,7435,0,27930,6/29/2026,WHITE,0,0,F,INDEX,,F,T,0,0
6/29/2026,10:52:49 AM,SPXW,ML/,100,3.07,,CALL,7435,0,30700,6/29/2026,WHITE,0,0,F,INDEX,,F,T,0,0
6/29/2026,10:51:28 AM,SPXW,ML/,50,2.87,,CALL,7435,0,14350,6/29/2026,WHITE,0,0,F,INDEX,,F,T,0,0
6/29/2026,10:52:32 AM,SPXW,BLOCK,100,3.1,,CALL,7435,0,31000,6/29/2026,WHITE,0,0,F,INDEX,,F,T,0,0
6/29/2026,10:53:31 AM,SPXW,BLOCK,101,3.5,,CALL,7435,0,35350,6/29/2026,WHITE,0,0,F,INDEX,,F,T,0,0
6/29/2026,10:51:57 AM,SPXW,ML/,50,3.17,,CALL,7435,0,15850,6/29/2026,WHITE,0,0,F,INDEX,,F,T,0,0
6/29/2026,11:01:18 AM,SPXW,BLOCK,60,2.55,,CALL,7435,0,15300,6/29/2026,WHITE,0,0,F,INDEX,,F,T,0,0
6/29/2026,11:01:52 AM,SPXW,BLOCK,50,2.6,,CALL,7435,0,13000,6/29/2026,WHITE,0,0,F,INDEX,,F,T,0,0
6/29/2026,11:02:42 AM,SPXW,BLOCK,50,2.3,,CALL,7435,0,11500,6/29/2026,WHITE,0,0,F,INDEX,,F,T,0,0
6/29/2026,11:08:06 AM,SPXW,BLOCK,157,2,,CALL,7435,0,31400,6/29/2026,WHITE,0,0,F,INDEX,,F,T,0,0
6/29/2026,11:12:45 AM,SPXW,BLOCK,84,1.2,,CALL,7435,0,10080,6/29/2026,WHITE,0,0,F,INDEX,,F,T,0,0
6/29/2026,11:13:37 AM,SPXW,ML/,104,1.47,,CALL,7435,0,15288,6/29/2026,WHITE,0,0,F,INDEX,,F,T,0,0
6/29/2026,11:13:38 AM,SPXW,ML/,146,1.47,,CALL,7435,0,21462,6/29/2026,WHITE,0,0,F,INDEX,,F,T,0,0
6/29/2026,11:23:52 AM,SPXW,ML/,195,1.27,,CALL,7435,0,24765,6/29/2026,WHITE,0,0,F,INDEX,,F,T,0,0
6/29/2026,11:30:42 AM,SPXW,BLOCK,190,2.05,,CALL,7435,0,38950,6/29/2026,WHITE,0,0,F,INDEX,,F,T,0,0
6/29/2026,11:35:02 AM,SPXW,BLOCK,99,1.55,,CALL,7435,0,15345,6/29/2026,WHITE,0,0,F,INDEX,,F,T,0,0
6/29/2026,11:37:15 AM,SPXW,ML/,214,1.8,,CALL,7435,0,38520,6/29/2026,WHITE,0,0,F,INDEX,,F,T,0,0
6/29/2026,11:39:26 AM,SPXW,ML/,80,1.95,,CALL,7435,0,15600,6/29/2026,WHITE,0,0,F,INDEX,,F,T,0,0
6/29/2026,11:39:27 AM,SPXW,BLOCK,106,1.95,,CALL,7435,0,20670,6/29/2026,WHITE,0,0,F,INDEX,,F,T,0,0
6/29/2026,11:42:04 AM,SPXW,ML/,192,2.3,,CALL,7435,0,44160,6/29/2026,WHITE,0,0,F,INDEX,,F,T,0,0
6/29/2026,11:45:54 AM,SPXW,BLOCK,303,2.1,,CALL,7435,0,63630,6/29/2026,WHITE,0,0,F,INDEX,,F,T,0,0
6/29/2026,11:59:18 AM,SPXW,ML/,50,2.46,,CALL,7435,0,12300,6/29/2026,WHITE,0,0,F,INDEX,,F,T,0,0
6/29/2026,12:00:04 PM,SPXW,BLOCK,87,2.5,,CALL,7435,0,21750,6/29/2026,WHITE,0,0,F,INDEX,,F,T,0,0
6/29/2026,12:01:02 PM,SPXW,BLOCK,204,2.7,,CALL,7435,0,55080,6/29/2026,WHITE,0,0,F,INDEX,,F,T,0,0
6/29/2026,12:00:47 PM,SPXW,BLOCK,100,2.55,,CALL,7435,0,25499,6/29/2026,WHITE,0,0,F,INDEX,,F,T,0,0
6/29/2026,12:02:15 PM,SPXW,ML/,50,2.47,,CALL,7435,0,12350,6/29/2026,WHITE,0,0,F,INDEX,,F,T,0,0
6/29/2026,12:05:24 PM,SPXW,BLOCK,50,3.3,,CALL,7435,0,16500,6/29/2026,WHITE,0,0,F,INDEX,,F,T,0,0
6/29/2026,12:04:41 PM,SPXW,SWEEP,50,2.75,,CALL,7435,0,13750,6/29/2026,WHITE,0,0,F,INDEX,,F,T,0,0
6/29/2026,12:07:01 PM,SPXW,ML/,101,2.77,,CALL,7435,0,27977,6/29/2026,WHITE,0,0,F,INDEX,,F,T,0,0
6/29/2026,12:10:37 PM,SPXW,BLOCK,91,2.5,,CALL,7435,0,22750,6/29/2026,WHITE,0,0,F,INDEX,,F,T,0,0
6/29/2026,12:15:06 PM,SPXW,BLOCK,113,2.5,,CALL,7435,0,28250,6/29/2026,WHITE,0,0,F,INDEX,,F,T,0,0
6/29/2026,12:16:10 PM,SPXW,ML/,50,2.5,,CALL,7435,0,12500,6/29/2026,WHITE,0,0,F,INDEX,,F,T,0,0
6/29/2026,12:21:51 PM,SPXW,ML/,50,2.1,,CALL,7435,0,10500,6/29/2026,WHITE,0,0,F,INDEX,,F,T,0,0
6/29/2026,12:36:42 PM,SPXW,BLOCK,208,1.5,,CALL,7435,0,31200,6/29/2026,WHITE,0,0,F,INDEX,,F,T,0,0
6/29/2026,12:31:20 PM,SPXW,ML/,175,1.62,,CALL,7435,0,28350,6/29/2026,WHITE,0,0,F,INDEX,,F,T,0,0
6/29/2026,12:39:49 PM,SPXW,ML/,120,1.62,,CALL,7435,0,19440,6/29/2026,WHITE,0,0,F,INDEX,,F,T,0,0
6/29/2026,12:42:35 PM,SPXW,BLOCK,245,1.5,,CALL,7435,0,36750,6/29/2026,WHITE,0,0,F,INDEX,,F,T,0,0
6/29/2026,12:49:43 PM,SPXW,BLOCK,100,1.5,,CALL,7435,0,15000,6/29/2026,WHITE,0,0,F,INDEX,,F,T,0,0
6/29/2026,12:50:34 PM,SPXW,BLOCK,99,1.55,,CALL,7435,0,15345,6/29/2026,WHITE,0,0,F,INDEX,,F,T,0,0
6/29/2026,12:57:23 PM,SPXW,ML/,90,1.77,,CALL,7435,0,15930,6/29/2026,WHITE,0,0,F,INDEX,,F,T,0,0
6/29/2026,1:04:47 PM,SPXW,ML/,50,2.1,,CALL,7435,0,10500,6/29/2026,WHITE,0,0,F,INDEX,,F,T,0,0
6/29/2026,12:08:24 PM,SPXW,ML/,93,2.97,,CALL,7435,0,27621,6/29/2026,WHITE,0,0,F,INDEX,,F,T,0,0
6/29/2026,1:10:20 PM,SPXW,ML/,80,3.04,,CALL,7435,0,24320,6/29/2026,WHITE,0,0,F,INDEX,,F,T,0,0
6/29/2026,1:11:15 PM,SPXW,BLOCK,57,2.7,,CALL,7435,0,15390,6/29/2026,WHITE,0,0,F,INDEX,,F,T,0,0
6/29/2026,1:11:57 PM,SPXW,ML/,53,2.95,,CALL,7435,0,15635,6/29/2026,WHITE,0,0,F,INDEX,,F,T,0,0
6/29/2026,1:12:45 PM,SPXW,ML/,1000,3.1,,CALL,7435,0,310000,6/29/2026,WHITE,0,0,F,INDEX,,F,T,0,0
6/29/2026,1:12:46 PM,SPXW,ML/,106,3.1,,CALL,7435,0,32860,6/29/2026,WHITE,0,0,F,INDEX,,F,T,0,0
6/29/2026,12:05:08 PM,SPXW,ML/,100,3.57,,CALL,7435,0,35700,6/29/2026,WHITE,0,0,F,INDEX,,F,T,0,0
6/29/2026,1:12:52 PM,SPXW,BLOCK,50,3.5,,CALL,7435,0,17500,6/29/2026,WHITE,0,0,F,INDEX,,F,T,0,0
6/29/2026,1:13:07 PM,SPXW,BLOCK,51,4,,CALL,7435,0,20400,6/29/2026,WHITE,0,0,F,INDEX,,F,T,0,0
6/29/2026,1:13:40 PM,SPXW,ML/,86,5.5,,CALL,7435,0,47300,6/29/2026,WHITE,0,0,F,INDEX,,F,T,0,0
6/29/2026,1:14:10 PM,SPXW,ML/,100,6.05,,CALL,7435,0,60500,6/29/2026,WHITE,0,0,F,INDEX,,F,T,0,0
6/29/2026,1:14:17 PM,SPXW,BLOCK,56,5.6,,CALL,7435,0,31360,6/29/2026,WHITE,0,0,F,INDEX,,F,T,0,0
6/29/2026,1:15:19 PM,SPXW,BLOCK,50,5.4,,CALL,7435,0,27000,6/29/2026,WHITE,0,0,F,INDEX,,F,T,0,0
6/29/2026,1:16:23 PM,SPXW,ML/,408,5,,CALL,7435,0,204000,6/29/2026,WHITE,0,0,F,INDEX,,F,T,0,0
6/29/2026,1:18:25 PM,SPXW,BLOCK,50,6.1,,CALL,7435,0,30500,6/29/2026,WHITE,0,0,F,INDEX,,F,T,0,0
6/29/2026,1:21:12 PM,SPXW,ML/,56,6,,CALL,7435,0,33600,6/29/2026,WHITE,0,0,F,INDEX,,F,T,0,0
6/29/2026,1:22:37 PM,SPXW,ML/,50,4.45,,CALL,7435,0,22250,6/29/2026,WHITE,0,0,F,INDEX,,F,T,0,0
6/29/2026,1:23:12 PM,SPXW,ML/,377,3.9,,CALL,7435,0,147030,6/29/2026,WHITE,0,0,F,INDEX,,F,T,0,0
6/29/2026,1:25:29 PM,SPXW,BLOCK,50,3.7,,CALL,7435,0,18500,6/29/2026,WHITE,0,0,F,INDEX,,F,T,0,0
6/29/2026,1:25:36 PM,SPXW,ML/,100,3.7,,CALL,7435,0,37000,6/29/2026,WHITE,0,0,F,INDEX,,F,T,0,0
6/29/2026,1:25:59 PM,SPXW,ML/,50,4.55,,CALL,7435,0,22750,6/29/2026,WHITE,0,0,F,INDEX,,F,T,0,0
6/29/2026,1:29:42 PM,SPXW,BLOCK,66,5.7,,CALL,7435,0,37620,6/29/2026,WHITE,0,0,F,INDEX,,F,T,0,0
6/29/2026,1:30:26 PM,SPXW,BLOCK,69,5.9,,CALL,7435,0,40710,6/29/2026,WHITE,0,0,F,INDEX,,F,T,0,0
6/29/2026,1:30:26 PM,SPXW,BLOCK,82,6,,CALL,7435,0,49200,6/29/2026,WHITE,0,0,F,INDEX,,F,T,0,0
6/29/2026,1:30:58 PM,SPXW,BLOCK,139,6.1,,CALL,7435,0,84790,6/29/2026,WHITE,0,0,F,INDEX,,F,T,0,0
6/29/2026,1:30:58 PM,SPXW,BLOCK,96,6.2,,CALL,7435,0,59520,6/29/2026,WHITE,0,0,F,INDEX,,F,T,0,0
6/29/2026,1:31:35 PM,SPXW,BLOCK,122,7.6,,CALL,7435,0,92720,6/29/2026,WHITE,0,0,F,INDEX,,F,T,0,0
6/29/2026,1:31:35 PM,SPXW,BLOCK,94,7.7,,CALL,7435,0,72380,6/29/2026,WHITE,0,0,F,INDEX,,F,T,0,0
6/29/2026,1:31:35 PM,SPXW,ML/,186,7.5,,CALL,7435,0,139500,6/29/2026,WHITE,0,0,F,INDEX,,F,T,0,0
6/29/2026,1:30:58 PM,SPXW,BLOCK,166,6,,CALL,7435,0,99600,6/29/2026,WHITE,0,0,F,INDEX,,F,T,0,0
6/29/2026,1:35:52 PM,SPXW,BLOCK,78,6.6,,CALL,7435,0,51479,6/29/2026,WHITE,0,0,F,INDEX,,F,T,0,0
6/29/2026,1:36:19 PM,SPXW,BLOCK,97,6.1,,CALL,7435,0,59169,6/29/2026,WHITE,0,0,F,INDEX,,F,T,0,0
6/29/2026,1:36:19 PM,SPXW,BLOCK,143,6,,CALL,7435,0,85800,6/29/2026,WHITE,0,0,F,INDEX,,F,T,0,0
6/29/2026,1:33:01 PM,SPXW,ML/,53,6.35,,CALL,7435,0,33655,6/29/2026,WHITE,0,0,F,INDEX,,F,T,0,0
6/29/2026,1:38:19 PM,SPXW,BLOCK,84,5.3,,CALL,7435,0,44520,6/29/2026,WHITE,0,0,F,INDEX,,F,T,0,0
6/29/2026,1:38:48 PM,SPXW,BLOCK,110,5.7,,CALL,7435,0,62700,6/29/2026,WHITE,0,0,F,INDEX,,F,T,0,0
6/29/2026,1:37:21 PM,SPXW,BLOCK,109,6.6,,CALL,7435,0,71940,6/29/2026,WHITE,0,0,F,INDEX,,F,T,0,0
6/29/2026,1:40:03 PM,SPXW,ML/,57,6.4,,CALL,7435,0,36480,6/29/2026,WHITE,0,0,F,INDEX,,F,T,0,0
6/29/2026,1:40:15 PM,SPXW,BLOCK,53,6.4,,CALL,7435,0,33920,6/29/2026,WHITE,0,0,F,INDEX,,F,T,0,0
6/29/2026,1:40:23 PM,SPXW,BLOCK,157,6.4,,CALL,7435,0,100480,6/29/2026,WHITE,0,0,F,INDEX,,F,T,0,0
6/29/2026,1:46:35 PM,SPXW,BLOCK,90,5.9,,CALL,7435,0,53100,6/29/2026,WHITE,0,0,F,INDEX,,F,T,0,0
6/29/2026,1:32:24 PM,SPXW,ML/,75,6.93,,CALL,7435,0,51975,6/29/2026,WHITE,0,0,F,INDEX,,F,T,0,0
6/29/2026,1:47:37 PM,SPXW,BLOCK,65,6.9,,CALL,7435,0,44850,6/29/2026,WHITE,0,0,F,INDEX,,F,T,0,0
6/29/2026,1:47:40 PM,SPXW,BLOCK,120,6.7,,CALL,7435,0,80400,6/29/2026,WHITE,0,0,F,INDEX,,F,T,0,0
6/29/2026,1:47:40 PM,SPXW,ML/,80,6.8,,CALL,7435,0,54400,6/29/2026,WHITE,0,0,F,INDEX,,F,T,0,0
6/29/2026,1:47:40 PM,SPXW,BLOCK,134,6.6,,CALL,7435,0,88440,6/29/2026,WHITE,0,0,F,INDEX,,F,T,0,0
6/29/2026,1:48:26 PM,SPXW,BLOCK,79,6.8,,CALL,7435,0,53719,6/29/2026,WHITE,0,0,F,INDEX,,F,T,0,0
6/29/2026,1:48:42 PM,SPXW,BLOCK,119,6.7,,CALL,7435,0,79730,6/29/2026,WHITE,0,0,F,INDEX,,F,T,0,0
6/29/2026,1:50:25 PM,SPXW,BLOCK,50,6.2,,CALL,7435,0,31000,6/29/2026,WHITE,0,0,F,INDEX,,F,T,0,0
6/29/2026,1:51:48 PM,SPXW,BLOCK,50,6.6,,CALL,7435,0,33000,6/29/2026,WHITE,0,0,F,INDEX,,F,T,0,0
6/29/2026,1:52:54 PM,SPXW,ML/,58,7.6,,CALL,7435,0,44079,6/29/2026,WHITE,0,0,F,INDEX,,F,T,0,0
6/29/2026,1:53:01 PM,SPXW,BLOCK,129,7.6,,CALL,7435,0,98040,6/29/2026,WHITE,0,0,F,INDEX,,F,T,0,0
6/29/2026,1:54:11 PM,SPXW,ML/,113,7.9,,CALL,7435,0,89270,6/29/2026,WHITE,0,0,F,INDEX,,F,T,0,0
6/29/2026,1:54:14 PM,SPXW,ML/,130,7.8,,CALL,7435,0,101400,6/29/2026,WHITE,0,0,F,INDEX,,F,T,0,0
6/29/2026,1:54:51 PM,SPXW,BLOCK,93,6.9,,CALL,7435,0,64170,6/29/2026,WHITE,0,0,F,INDEX,,F,T,0,0
6/29/2026,1:56:13 PM,SPXW,BLOCK,100,7.2,,CALL,7435,0,72000,6/29/2026,WHITE,0,0,F,INDEX,,F,T,0,0
6/29/2026,1:56:38 PM,SPXW,BLOCK,68,6.8,,CALL,7435,0,46240,6/29/2026,WHITE,0,0,F,INDEX,,F,T,0,0
6/29/2026,1:57:36 PM,SPXW,BLOCK,100,6.1,,CALL,7435,0,60999,6/29/2026,WHITE,0,0,F,INDEX,,F,T,0,0
6/29/2026,1:45:44 PM,SPXW,BLOCK,50,5.6,,CALL,7435,0,28000,6/29/2026,WHITE,0,0,F,INDEX,,F,T,0,0
6/29/2026,1:57:18 PM,SPXW,BLOCK,94,6.9,,CALL,7435,0,64860,6/29/2026,WHITE,0,0,F,INDEX,,F,T,0,0
6/29/2026,2:01:34 PM,SPXW,BLOCK,65,7,,CALL,7435,0,45500,6/29/2026,WHITE,0,0,F,INDEX,,F,T,0,0
6/29/2026,2:03:49 PM,SPXW,BLOCK,50,7.2,,CALL,7435,0,36000,6/29/2026,WHITE,0,0,F,INDEX,,F,T,0,0
6/29/2026,1:57:10 PM,SPXW,ML/,100,7.02,,CALL,7435,0,70200,6/29/2026,WHITE,0,0,F,INDEX,,F,T,0,0
6/29/2026,2:19:03 PM,SPXW,BLOCK,105,6.2,,CALL,7435,0,65100,6/29/2026,WHITE,0,0,F,INDEX,,F,T,0,0
6/29/2026,2:19:03 PM,SPXW,BLOCK,94,6.1,,CALL,7435,0,57340,6/29/2026,WHITE,0,0,F,INDEX,,F,T,0,0
6/29/2026,2:20:03 PM,SPXW,ML/,60,5.6,,CALL,7435,0,33600,6/29/2026,WHITE,0,0,F,INDEX,,F,T,0,0
6/29/2026,1:21:50 PM,SPXW,ML/,50,4.85,,CALL,7435,0,24249,6/29/2026,WHITE,0,0,F,INDEX,,F,T,0,0
6/29/2026,2:34:04 PM,SPXW,BLOCK,51,6.1,,CALL,7435,0,31109,6/29/2026,WHITE,0,0,F,INDEX,,F,T,0,0
6/29/2026,2:34:11 PM,SPXW,BLOCK,100,6.3,,CALL,7435,0,63000,6/29/2026,WHITE,0,0,F,INDEX,,F,T,0,0
6/29/2026,2:35:09 PM,SPXW,BLOCK,50,6.3,,CALL,7435,0,31500,6/29/2026,WHITE,0,0,F,INDEX,,F,T,0,0
6/29/2026,2:35:10 PM,SPXW,BLOCK,114,6.4,,CALL,7435,0,72960,6/29/2026,WHITE,0,0,F,INDEX,,F,T,0,0
6/29/2026,2:35:36 PM,SPXW,ML/,97,6.95,,CALL,7435,0,67415,6/29/2026,WHITE,0,0,F,INDEX,,F,T,0,0
6/29/2026,2:42:55 PM,SPXW,BLOCK,51,6.9,,CALL,7435,0,35190,6/29/2026,WHITE,0,0,F,INDEX,,F,T,0,0
6/29/2026,2:59:41 PM,SPXW,BLOCK,50,5.3,,CALL,7435,0,26500,6/29/2026,WHITE,0,0,F,INDEX,,F,T,0,0
6/29/2026,3:05:30 PM,SPXW,BLOCK,85,5.4,,CALL,7435,0,45900,6/29/2026,WHITE,0,0,F,INDEX,,F,T,0,0
6/29/2026,3:09:59 PM,SPXW,BLOCK,50,5.6,,CALL,7435,0,28000,6/29/2026,WHITE,0,0,F,INDEX,,F,T,0,0
6/29/2026,3:16:06 PM,SPXW,ML/,55,4,,CALL,7435,0,22000,6/29/2026,WHITE,0,0,F,INDEX,,F,T,0,0
6/29/2026,3:21:01 PM,SPXW,BLOCK,50,5.7,,CALL,7435,0,28500,6/29/2026,WHITE,0,0,F,INDEX,,F,T,0,0
6/29/2026,3:09:52 PM,SPXW,ML/,50,5.85,,CALL,7435,0,29250,6/29/2026,WHITE,0,0,F,INDEX,,F,T,0,0
6/29/2026,3:21:49 PM,SPXW,BLOCK,50,5.5,,CALL,7435,0,27500,6/29/2026,WHITE,0,0,F,INDEX,,F,T,0,0
6/29/2026,3:22:44 PM,SPXW,BLOCK,53,6.1,,CALL,7435,0,32329,6/29/2026,WHITE,0,0,F,INDEX,,F,T,0,0
6/29/2026,3:22:12 PM,SPXW,ML/,50,5.94,,CALL,7435,0,29700,6/29/2026,WHITE,0,0,F,INDEX,,F,T,0,0
6/29/2026,3:23:40 PM,SPXW,BLOCK,50,6.4,,CALL,7435,0,32000,6/29/2026,WHITE,0,0,F,INDEX,,F,T,0,0
6/29/2026,3:26:33 PM,SPXW,ML/,100,5.8,,CALL,7435,0,58000,6/29/2026,WHITE,0,0,F,INDEX,,F,T,0,0
6/29/2026,3:28:23 PM,SPXW,BLOCK,52,6.1,,CALL,7435,0,31720,6/29/2026,WHITE,0,0,F,INDEX,,F,T,0,0
6/29/2026,1:25:36 PM,SPXW,ML/,106,3.66,,CALL,7435,0,38796,6/29/2026,WHITE,0,0,F,INDEX,,F,T,0,0
6/29/2026,3:34:50 PM,SPXW,BLOCK,50,3,,CALL,7435,0,15000,6/29/2026,WHITE,0,0,F,INDEX,,F,T,0,0
6/29/2026,3:36:34 PM,SPXW,ML/,113,3.5,,CALL,7435,0,39550,6/29/2026,WHITE,0,0,F,INDEX,,F,T,0,0
6/29/2026,3:37:04 PM,SPXW,BLOCK,86,3.7,,CALL,7435,0,31820,6/29/2026,WHITE,0,0,F,INDEX,,F,T,0,0
6/29/2026,3:37:07 PM,SPXW,BLOCK,101,3.8,,CALL,7435,0,38379,6/29/2026,WHITE,0,0,F,INDEX,,F,T,0,0
6/29/2026,3:37:51 PM,SPXW,BLOCK,100,3.9,,CALL,7435,0,39000,6/29/2026,WHITE,0,0,F,INDEX,,F,T,0,0
6/29/2026,3:38:02 PM,SPXW,BLOCK,108,3.5,,CALL,7435,0,37800,6/29/2026,WHITE,0,0,F,INDEX,,F,T,0,0
6/29/2026,10:43:26 AM,SPXW,ML/,61,3.48,,CALL,7435,0,21228,6/29/2026,WHITE,0,0,F,INDEX,,F,T,0,0
6/29/2026,3:39:55 PM,SPXW,BLOCK,60,4,,CALL,7435,0,24000,6/29/2026,WHITE,0,0,F,INDEX,,F,T,0,0
6/29/2026,12:05:08 PM,SPXW,ML/,51,3.53,,CALL,7435,0,18003,6/29/2026,WHITE,0,0,F,INDEX,,F,T,0,0
6/29/2026,3:40:37 PM,SPXW,BLOCK,93,4.9,,CALL,7435,0,45570,6/29/2026,WHITE,0,0,F,INDEX,,F,T,0,0
6/29/2026,3:41:10 PM,SPXW,BLOCK,51,3.9,,CALL,7435,0,19890,6/29/2026,WHITE,0,0,F,INDEX,,F,T,0,0
6/29/2026,3:48:07 PM,SPXW,BLOCK,100,3.3,,CALL,7435,0,32999,6/29/2026,WHITE,0,0,F,INDEX,,F,T,0,0
6/29/2026,3:50:59 PM,SPXW,ML/,58,2,,CALL,7435,0,11600,6/29/2026,WHITE,0,0,F,INDEX,,F,T,0,0
6/29/2026,3:51:43 PM,SPXW,BLOCK,96,1.35,,CALL,7435,0,12960,6/29/2026,WHITE,0,0,F,INDEX,,F,T,0,0
6/29/2026,3:55:03 PM,SPXW,ML/,61,1.95,,CALL,7435,0,11895,6/29/2026,WHITE,0,0,F,INDEX,,F,T,0,0
6/29/2026,3:55:03 PM,SPXW,ML/,67,1.8,,CALL,7435,0,12060,6/29/2026,WHITE,0,0,F,INDEX,,F,T,0,0
6/29/2026,3:55:05 PM,SPXW,BLOCK,55,1.9,,CALL,7435,0,10450,6/29/2026,WHITE,0,0,F,INDEX,,F,T,0,0
6/29/2026,3:55:11 PM,SPXW,BLOCK,64,1.95,,CALL,7435,0,12480,6/29/2026,WHITE,0,0,F,INDEX,,F,T,0,0
6/29/2026,3:55:21 PM,SPXW,ML/,108,1.25,,CALL,7435,0,13500,6/29/2026,WHITE,0,0,F,INDEX,,F,T,0,0
6/29/2026,3:55:22 PM,SPXW,BLOCK,91,1.25,,CALL,7435,0,11375,6/29/2026,WHITE,0,0,F,INDEX,,F,T,0,0
6/29/2026,3:55:25 PM,SPXW,BLOCK,84,1.35,,CALL,7435,0,11340,6/29/2026,WHITE,0,0,F,INDEX,,F,T,0,0
6/29/2026,3:56:10 PM,SPXW,BLOCK,116,1.25,,CALL,7435,0,14500,6/29/2026,WHITE,0,0,F,INDEX,,F,T,0,0
6/29/2026,3:57:05 PM,SPXW,BLOCK,83,1.4,,CALL,7435,0,11619,6/29/2026,WHITE,0,0,F,INDEX,,F,T,0,0
6/29/2026,3:57:12 PM,SPXW,BLOCK,63,2,,CALL,7435,0,12600,6/29/2026,WHITE,0,0,F,INDEX,,F,T,0,0
6/29/2026,3:50:49 PM,SPXW,BLOCK,117,2.4,,CALL,7435,0,28080,6/29/2026,WHITE,0,0,F,INDEX,,F,T,0,0
6/29/2026,3:57:30 PM,SPXW,BLOCK,70,1.8,,CALL,7435,0,12600,6/29/2026,WHITE,0,0,F,INDEX,,F,T,0,0
6/29/2026,3:57:31 PM,SPXW,BLOCK,92,1.8,,CALL,7435,0,16560,6/29/2026,WHITE,0,0,F,INDEX,,F,T,0,0
6/29/2026,3:57:36 PM,SPXW,BLOCK,85,1.8,,CALL,7435,0,15300,6/29/2026,WHITE,0,0,F,INDEX,,F,T,0,0
6/29/2026,3:57:07 PM,SPXW,ML/,74,1.5,,CALL,7435,0,11100,6/29/2026,WHITE,0,0,F,INDEX,,F,T,0,0
6/29/2026,3:58:01 PM,SPXW,ML/,52,2,,CALL,7435,0,10400,6/29/2026,WHITE,0,0,F,INDEX,,F,T,0,0
6/29/2026,3:58:09 PM,SPXW,BLOCK,57,2.7,,CALL,7435,0,15390,6/29/2026,WHITE,0,0,F,INDEX,,F,T,0,0
6/29/2026,3:50:14 PM,SPXW,ML/,110,2.62,,CALL,7435,0,28820,6/29/2026,WHITE,0,0,F,INDEX,,F,T,0,0
6/29/2026,3:58:37 PM,SPXW,BLOCK,64,5,,CALL,7435,0,32000,6/29/2026,WHITE,0,0,F,INDEX,,F,T,0,0
6/29/2026,3:58:37 PM,SPXW,BLOCK,55,4.9,,CALL,7435,0,26950,6/29/2026,WHITE,0,0,F,INDEX,,F,T,0,0
6/29/2026,3:58:49 PM,SPXW,ML/,60,4.8,,CALL,7435,0,28800,6/29/2026,WHITE,0,0,F,INDEX,,F,T,0,0
6/29/2026,3:59:18 PM,SPXW,BLOCK,50,7.5,,CALL,7435,0,37500,6/29/2026,WHITE,0,0,F,INDEX,,F,T,0,0
6/29/2026,3:49:41 PM,SPXW,ML/,50,3.81,,CALL,7435,0,19050,6/29/2026,WHITE,0,0,F,INDEX,,F,T,0,0
6/29/2026,3:50:17 PM,SPXW,ML/,119,3.11,,CALL,7435,0,37009,6/29/2026,WHITE,0,0,F,INDEX,,F,T,0,0
6/29/2026,3:58:32 PM,SPXW,ML/,57,3,,CALL,7435,0,17100,6/29/2026,WHITE,0,0,F,INDEX,,F,T,0,0
6/29/2026,3:58:32 PM,SPXW,ML/,61,2.9,,CALL,7435,0,17690,6/29/2026,WHITE,0,0,F,INDEX,,F,T,0,0
6/29/2026,3:50:15 PM,SPXW,ML/,79,2.66,,CALL,7435,0,21014,6/29/2026,WHITE,0,0,F,INDEX,,F,T,0,0
6/29/2026,1:03:27 PM,SPXW,ML/,100,1.98,,CALL,7435,0,19800,6/29/2026,WHITE,0,0,F,INDEX,,F,T,0,0
6/29/2026,3:58:13 PM,SPXW,ML/,98,2.99,,CALL,7435,0,29302,6/29/2026,WHITE,0,0,F,INDEX,,F,T,0,0
6/29/2026,3:59:01 PM,SPXW,ML/,50,4.65,,CALL,7435,0,23250,6/29/2026,WHITE,0,0,F,INDEX,,F,T,0,0
6/29/2026,3:50:00 PM,SPXW,ML/,99,4.67,,CALL,7435,0,46233,6/29/2026,WHITE,0,0,F,INDEX,,F,T,0,0
6/29/2026,9:44:03 AM,SPXW,ML/,52,7.63,,PUT,7275,0,39676,7/1/2026,WHITE,0,2,F,INDEX,,F,T,0,0
6/29/2026,11:39:55 AM,SPXW,BLOCK,100,8,,PUT,7275,0,80000,7/1/2026,WHITE,0,2,F,INDEX,,F,T,0,0
6/29/2026,11:40:17 AM,SPXW,BLOCK,69,7.8,,PUT,7275,0,53820,7/1/2026,WHITE,0,2,F,INDEX,,F,T,0,0
6/29/2026,4:14:07 PM,SPXW,ML/,75,10.44,,CALL,7490,0,78300,7/1/2026,WHITE,0,2,F,INDEX,,F,T,0,0
6/29/2026,1:33:07 PM,SPXW,BLOCK,139,1.8,,CALL,7540,0,25020,7/1/2026,WHITE,0,2,F,INDEX,,F,T,0,0
6/29/2026,9:41:05 AM,SPXW,ML/,100,1.75,,CALL,7540,0,17500,7/1/2026,WHITE,0,2,F,INDEX,,F,T,0,0
6/29/2026,9:40:31 AM,SPXW,ML/,100,1.6,,CALL,7540,0,16000,7/1/2026,WHITE,0,2,F,INDEX,,F,T,0,0
6/29/2026,2:50:30 PM,SPXW,ML/,200,1.85,,CALL,7540,0,37000,7/1/2026,WHITE,0,2,F,INDEX,,F,T,0,0
6/29/2026,9:44:12 AM,SPXW,ML/,100,1.83,,CALL,7540,0,18300,7/1/2026,WHITE,0,2,F,INDEX,,F,T,0,0
6/29/2026,3:09:53 PM,SPXW,ML/,300,1.62,,CALL,7540,0,48600,7/1/2026,WHITE,0,2,F,INDEX,,F,T,0,0
6/29/2026,10:28:59 AM,SPXW,ML/,96,1.17,,CALL,7535,0,11232,7/1/2026,WHITE,0,2,F,INDEX,,F,T,0,0
6/29/2026,10:24:38 AM,SPXW,ML/,150,0.87,,CALL,7535,0,13050,7/1/2026,WHITE,0,2,F,INDEX,,F,T,0,0
6/29/2026,9:40:31 AM,SPXW,ML/,100,2.4,,CALL,7530,0,24000,7/1/2026,WHITE,0,2,F,INDEX,,F,T,0,0
6/29/2026,9:41:05 AM,SPXW,ML/,100,2.6,,CALL,7530,0,26000,7/1/2026,WHITE,0,2,F,INDEX,,F,T,0,0
6/29/2026,3:36:11 PM,SPXW,BLOCK,50,2.2,,CALL,7530,0,11000,7/1/2026,WHITE,0,2,F,INDEX,,F,T,0,0
6/29/2026,9:44:12 AM,SPXW,ML/,100,2.73,,CALL,7530,0,27300,7/1/2026,WHITE,0,2,F,INDEX,,F,T,0,0
6/29/2026,2:50:30 PM,SPXW,ML/,200,2.75,,CALL,7530,0,55000,7/1/2026,WHITE,0,2,F,INDEX,,F,T,0,0
6/29/2026,3:09:53 PM,SPXW,ML/,300,2.47,,CALL,7530,0,74100,7/1/2026,WHITE,0,2,F,INDEX,,F,T,0,0
6/29/2026,10:31:39 AM,SPXW,ML/,50,104.71,,CALL,7450,0,523550,7/27/2026,WHITE,0,28,F,INDEX,,F,T,0,0
6/29/2026,1:50:33 PM,SPXW,ML/,50,119.68,,CALL,7450,0,598400,7/27/2026,WHITE,0,28,F,INDEX,,F,T,0,0
6/29/2026,10:02:16 AM,SPXW,ML/,60,23.22,,PUT,7250,0,139319,7/7/2026,WHITE,0,8,F,INDEX,,F,T,0,0
6/29/2026,1:16:32 PM,SPXW,ML/,50,14.84,,PUT,7250,0,74200,7/7/2026,WHITE,0,8,F,INDEX,,F,T,0,0
6/29/2026,3:40:45 PM,SPXW,ML/,110,11.6,,PUT,7250,0,127600,7/7/2026,WHITE,0,8,F,INDEX,,F,T,0,0
6/29/2026,3:40:45 PM,SPXW,ML/,110,11.61,,PUT,7250,0,127709,7/7/2026,WHITE,0,8,F,INDEX,,F,T,0,0
6/29/2026,12:01:33 PM,SPXW,ML/,100,2.14,,PUT,6700,0,21400,7/10/2026,WHITE,0,11,F,INDEX,,F,T,0,0
6/29/2026,10:45:46 AM,SPXW,ML/,100,2.74,,PUT,6700,0,27400,7/10/2026,WHITE,0,11,F,INDEX,,F,T,0,0
6/29/2026,12:01:34 PM,SPXW,ML/,250,2.14,,PUT,6700,0,53500,7/10/2026,WHITE,0,11,F,INDEX,,F,T,0,0
6/29/2026,9:55:36 AM,VIXW,BLOCK,2000,0.19,,CALL,20,0,38000,7/1/2026,WHITE,0,2,F,INDEX,,F,T,0,0
6/29/2026,9:58:58 AM,VIXW,BLOCK,1100,0.19,,CALL,20,0,20900,7/1/2026,WHITE,0,2,F,INDEX,,F,T,0,0
6/29/2026,2:59:56 PM,VIXW,BLOCK,1000,0.1,,CALL,20,0,10000,7/1/2026,WHITE,0,2,F,INDEX,,F,T,0,0
6/29/2026,10:31:39 AM,SPXW,ML/,50,100.51,,CALL,7450,0,502550,7/24/2026,WHITE,0,25,F,INDEX,,F,T,0,0
6/29/2026,1:50:33 PM,SPXW,ML/,50,115.28,,CALL,7450,0,576400,7/24/2026,WHITE,0,25,F,INDEX,,F,T,0,0
6/29/2026,2:38:11 PM,SPXW,ML/,90,23.14,,PUT,7350,0,208260,7/6/2026,WHITE,0,7,F,INDEX,,F,T,0,0
6/29/2026,2:57:41 PM,SPXW,ML/,50,39.19,,PUT,7330,0,195950,7/13/2026,WHITE,0,14,F,INDEX,,F,T,0,0
6/29/2026,3:23:43 PM,SPXW,ML/,50,37.9,,PUT,7330,0,189500,7/13/2026,WHITE,0,14,F,INDEX,,F,T,0,0
6/29/2026,9:58:49 AM,SPXW,ML/,88,11.2,,PUT,7380,0,98559,6/29/2026,WHITE,0,0,F,INDEX,,F,T,0,0
6/29/2026,9:50:02 AM,SPXW,ML/,67,6.62,,PUT,7380,0,44354,6/29/2026,WHITE,0,0,F,INDEX,,F,T,0,0
6/29/2026,10:54:52 AM,SPXW,ML/,60,5.95,,PUT,7380,0,35700,6/29/2026,WHITE,0,0,F,INDEX,,F,T,0,0
6/29/2026,11:14:53 AM,SPXW,BLOCK,61,6.2,,PUT,7380,0,37820,6/29/2026,WHITE,0,0,F,INDEX,,F,T,0,0
6/29/2026,11:19:59 AM,SPXW,SWEEP,50,7.3,,PUT,7380,0,36500,6/29/2026,WHITE,0,0,F,INDEX,,F,T,0,0
6/29/2026,11:21:26 AM,SPXW,BLOCK,60,6.5,,PUT,7380,0,39000,6/29/2026,WHITE,0,0,F,INDEX,,F,T,0,0
6/29/2026,11:23:01 AM,SPXW,BLOCK,61,7,,PUT,7380,0,42700,6/29/2026,WHITE,0,0,F,INDEX,,F,T,0,0
6/29/2026,11:12:46 AM,SPXW,BLOCK,60,8.5,,PUT,7380,0,51000,6/29/2026,WHITE,0,0,F,INDEX,,F,T,0,0
6/29/2026,11:24:38 AM,SPXW,BLOCK,50,8.6,,PUT,7380,0,43000,6/29/2026,WHITE,0,0,F,INDEX,,F,T,0,0
6/29/2026,11:43:48 AM,SPXW,BLOCK,60,3.4,,PUT,7380,0,20400,6/29/2026,WHITE,0,0,F,INDEX,,F,T,0,0
6/29/2026,11:45:15 AM,SPXW,ML/,53,3.2,,PUT,7380,0,16960,6/29/2026,WHITE,0,0,F,INDEX,,F,T,0,0
6/29/2026,11:49:33 AM,SPXW,ML/,50,3.9,,PUT,7380,0,19500,6/29/2026,WHITE,0,0,F,INDEX,,F,T,0,0
6/29/2026,11:57:02 AM,SPXW,BLOCK,61,3.6,,PUT,7380,0,21960,6/29/2026,WHITE,0,0,F,INDEX,,F,T,0,0
6/29/2026,11:59:40 AM,SPXW,BLOCK,60,2.75,,PUT,7380,0,16500,6/29/2026,WHITE,0,0,F,INDEX,,F,T,0,0
6/29/2026,12:05:08 PM,SPXW,ML/,71,2.07,,PUT,7380,0,14697,6/29/2026,WHITE,0,0,F,INDEX,,F,T,0,0
6/29/2026,12:05:51 PM,SPXW,ML/,50,2.32,,PUT,7380,0,11599,6/29/2026,WHITE,0,0,F,INDEX,,F,T,0,0
6/29/2026,12:11:19 PM,SPXW,BLOCK,281,2.6,,PUT,7380,0,73060,6/29/2026,WHITE,0,0,F,INDEX,,F,T,0,0
6/29/2026,12:11:19 PM,SPXW,BLOCK,214,2.55,,PUT,7380,0,54569,6/29/2026,WHITE,0,0,F,INDEX,,F,T,0,0
6/29/2026,12:13:28 PM,SPXW,ML/,65,2.7,,PUT,7380,0,17550,6/29/2026,WHITE,0,0,F,INDEX,,F,T,0,0
6/29/2026,12:14:20 PM,SPXW,BLOCK,58,2.8,,PUT,7380,0,16239,6/29/2026,WHITE,0,0,F,INDEX,,F,T,0,0
6/29/2026,12:25:32 PM,SPXW,BLOCK,90,2.45,,PUT,7380,0,22050,6/29/2026,WHITE,0,0,F,INDEX,,F,T,0,0
6/29/2026,12:25:34 PM,SPXW,ML/,83,2.52,,PUT,7380,0,20916,6/29/2026,WHITE,0,0,F,INDEX,,F,T,0,0
6/29/2026,12:30:58 PM,SPXW,BLOCK,50,2.8,,PUT,7380,0,14000,6/29/2026,WHITE,0,0,F,INDEX,,F,T,0,0
6/29/2026,12:05:08 PM,SPXW,ML/,67,2.07,,PUT,7380,0,13869,6/29/2026,WHITE,0,0,F,INDEX,,F,T,0,0
6/29/2026,1:12:48 PM,SPXW,BLOCK,107,1,,PUT,7380,0,10700,6/29/2026,WHITE,0,0,F,INDEX,,F,T,0,0
6/29/2026,1:22:18 PM,SPXW,BLOCK,178,1.05,,PUT,7380,0,18690,6/29/2026,WHITE,0,0,F,INDEX,,F,T,0,0
6/29/2026,1:25:20 PM,SPXW,ML/,108,1.1,,PUT,7380,0,11880,6/29/2026,WHITE,0,0,F,INDEX,,F,T,0,0
6/29/2026,1:52:44 PM,SPXW,BLOCK,200,0.55,,PUT,7380,0,11000,6/29/2026,WHITE,0,0,F,INDEX,,F,T,0,0
6/29/2026,2:00:23 PM,SPXW,BLOCK,168,0.65,,PUT,7380,0,10920,6/29/2026,WHITE,0,0,F,INDEX,,F,T,0,0
6/29/2026,9:47:34 AM,SPXW,ML/,122,4.98,,PUT,7380,0,60756,6/29/2026,WHITE,0,0,F,INDEX,,F,T,0,0
6/29/2026,10:10:47 AM,SPXW,ML/,60,26.15,,PUT,7380,0,156899,6/29/2026,WHITE,0,0,F,INDEX,,F,T,0,0
6/29/2026,10:16:32 AM,SPXW,ML/,86,27.73,,PUT,7380,0,238478,6/29/2026,WHITE,0,0,F,INDEX,,F,T,0,0
6/29/2026,10:39:20 AM,SPXW,ML/,55,9.38,,PUT,7380,0,51590,6/29/2026,WHITE,0,0,F,INDEX,,F,T,0,0
6/29/2026,11:55:12 AM,SPXW,ML/,137,3.77,,PUT,7380,0,51649,6/29/2026,WHITE,0,0,F,INDEX,,F,T,0,0
6/29/2026,11:55:12 AM,SPXW,ML/,63,3.75,,PUT,7380,0,23625,6/29/2026,WHITE,0,0,F,INDEX,,F,T,0,0
6/29/2026,12:44:20 PM,SPXW,ML/,100,2.55,,PUT,7195,0,25499,7/1/2026,WHITE,0,2,F,INDEX,,F,T,0,0
6/29/2026,10:12:26 AM,SPXW,ML/,76,32.64,,PUT,7280,0,248064,7/6/2026,WHITE,0,7,F,INDEX,,F,T,0,0
6/29/2026,3:36:06 PM,SPXW,BLOCK,219,0.75,,CALL,7555,0,16425,7/1/2026,WHITE,0,2,F,INDEX,,F,T,0,0
6/29/2026,3:59:53 PM,SPXW,BLOCK,195,0.7,,CALL,7555,0,13650,7/1/2026,WHITE,0,2,F,INDEX,,F,T,0,0
6/29/2026,9:59:02 AM,SPXW,ML/,136,1.6,,PUT,6900,0,21760,7/6/2026,WHITE,0,7,F,INDEX,,F,T,0,0
6/29/2026,2:40:33 PM,SPXW,BLOCK,432,0.9,,PUT,6900,0,38880,7/6/2026,WHITE,0,7,F,INDEX,,F,T,0,0
6/29/2026,2:42:13 PM,SPXW,BLOCK,288,0.95,,PUT,6900,0,27359,7/6/2026,WHITE,0,7,F,INDEX,,F,T,0,0
6/29/2026,2:42:13 PM,SPXW,BLOCK,261,0.95,,PUT,6900,0,24795,7/6/2026,WHITE,0,7,F,INDEX,,F,T,0,0
6/29/2026,2:40:33 PM,SPXW,BLOCK,168,0.9,,PUT,6900,0,15119,7/6/2026,WHITE,0,7,F,INDEX,,F,T,0,0
6/29/2026,2:54:38 PM,SPXW,BLOCK,208,0.95,,PUT,6900,0,19760,7/6/2026,WHITE,0,7,F,INDEX,,F,T,0,0
6/29/2026,2:54:39 PM,SPXW,BLOCK,196,0.95,,PUT,6900,0,18620,7/6/2026,WHITE,0,7,F,INDEX,,F,T,0,0
6/29/2026,2:54:50 PM,SPXW,BLOCK,133,0.95,,PUT,6900,0,12635,7/6/2026,WHITE,0,7,F,INDEX,,F,T,0,0
6/29/2026,3:10:01 PM,SPXW,BLOCK,275,0.95,,PUT,6900,0,26125,7/6/2026,WHITE,0,7,F,INDEX,,F,T,0,0
6/29/2026,3:10:14 PM,SPXW,BLOCK,325,0.95,,PUT,6900,0,30875,7/6/2026,WHITE,0,7,F,INDEX,,F,T,0,0
6/29/2026,3:55:28 PM,SPXW,BLOCK,151,0.85,,PUT,6900,0,12835,7/6/2026,WHITE,0,7,F,INDEX,,F,T,0,0
6/29/2026,3:25:28 PM,SPXW,BLOCK,270,1,,PUT,6900,0,27000,7/6/2026,WHITE,0,7,F,INDEX,,F,T,0,0
6/29/2026,3:46:40 PM,SPXW,BLOCK,100,1,,PUT,7065,0,10000,7/2/2026,WHITE,0,3,F,INDEX,,F,T,0,0
6/29/2026,3:46:55 PM,SPXW,BLOCK,227,1,,PUT,7065,0,22700,7/2/2026,WHITE,0,3,F,INDEX,,F,T,0,0
6/29/2026,11:50:11 AM,SPXW,BLOCK,69,2.85,,CALL,7600,0,19665,7/7/2026,WHITE,0,8,F,INDEX,,F,T,0,0
6/29/2026,11:50:13 AM,SPXW,BLOCK,56,2.85,,CALL,7600,0,15960,7/7/2026,WHITE,0,8,F,INDEX,,F,T,0,0
6/29/2026,4:12:28 PM,SPXW,ML/,50,4.02,,CALL,7600,0,20099,7/7/2026,WHITE,0,8,F,INDEX,,F,T,0,0
6/29/2026,3:57:24 PM,SPXW,BLOCK,92,3.4,,CALL,7600,0,31280,7/7/2026,WHITE,0,8,F,INDEX,,F,T,0,0
6/29/2026,10:15:45 AM,SPXW,ML/,60,2.25,,CALL,7600,0,13500,7/7/2026,WHITE,0,8,F,INDEX,,F,T,0,0
6/29/2026,11:26:52 AM,SPXW,ML/,85,2.57,,CALL,7600,0,21845,7/7/2026,WHITE,0,8,F,INDEX,,F,T,0,0
6/29/2026,1:20:16 PM,SPXW,BLOCK,50,11.5,,CALL,7460,0,57500,6/30/2026,WHITE,0,1,F,INDEX,,F,T,0,0
6/29/2026,1:33:42 PM,SPXW,ML/,66,10.66,,CALL,7460,0,70356,6/30/2026,WHITE,0,1,F,INDEX,,F,T,0,0
6/29/2026,11:17:42 AM,SPXW,ML/,50,6.18,,CALL,7460,0,30900,6/30/2026,WHITE,0,1,F,INDEX,,F,T,0,0
6/29/2026,9:34:52 AM,SPXW,BLOCK,84,15.5,,CALL,7450,0,130200,6/30/2026,WHITE,0,1,F,INDEX,,F,T,0,0
6/29/2026,10:10:13 AM,SPXW,ML/,100,7.2,,CALL,7450,0,72000,6/30/2026,WHITE,0,1,F,INDEX,,F,T,0,0
6/29/2026,10:20:09 AM,SPXW,ML/,95,6.2,,CALL,7450,0,58900,6/30/2026,WHITE,0,1,F,INDEX,,F,T,0,0
6/29/2026,10:15:53 AM,SPXW,ML/,100,7.2,,CALL,7450,0,72000,6/30/2026,WHITE,0,1,F,INDEX,,F,T,0,0
6/29/2026,10:05:36 AM,SPXW,BLOCK,50,8.6,,CALL,7450,0,42999,6/30/2026,WHITE,0,1,F,INDEX,,F,T,0,0
6/29/2026,12:30:46 PM,SPXW,BLOCK,85,9.7,,CALL,7450,0,82449,6/30/2026,WHITE,0,1,F,INDEX,,F,T,0,0
6/29/2026,1:17:08 PM,SPXW,ML/,800,14.4,,CALL,7450,0,1152000,6/30/2026,WHITE,0,1,F,INDEX,,F,T,0,0
6/29/2026,1:32:24 PM,SPXW,ML/,312,16.17,,CALL,7450,0,504504,6/30/2026,WHITE,0,1,F,INDEX,,F,T,0,0
6/29/2026,1:33:11 PM,SPXW,ML/,176,15.4,,CALL,7450,0,271040,6/30/2026,WHITE,0,1,F,INDEX,,F,T,0,0
6/29/2026,1:32:43 PM,SPXW,ML/,124,15.7,,CALL,7450,0,194680,6/30/2026,WHITE,0,1,F,INDEX,,F,T,0,0
6/29/2026,3:13:30 PM,SPXW,ML/,80,15.5,,CALL,7450,0,124000,6/30/2026,WHITE,0,1,F,INDEX,,F,T,0,0
6/29/2026,2:31:00 PM,SPXW,ML/,150,14.6,,CALL,7450,0,219000,6/30/2026,WHITE,0,1,F,INDEX,,F,T,0,0
6/29/2026,3:30:00 PM,SPXW,ML/,200,16.1,,CALL,7450,0,322000,6/30/2026,WHITE,0,1,F,INDEX,,F,T,0,0
6/29/2026,2:14:17 PM,SPXW,ML/,80,16.06,,CALL,7450,0,128479,6/30/2026,WHITE,0,1,F,INDEX,,F,T,0,0
6/29/2026,10:25:00 AM,SPXW,ML/,200,5.79,,CALL,7450,0,115800,6/30/2026,WHITE,0,1,F,INDEX,,F,T,0,0
6/29/2026,10:18:28 AM,SPXW,ML/,100,6.01,,CALL,7450,0,60100,6/30/2026,WHITE,0,1,F,INDEX,,F,T,0,0
6/29/2026,10:28:43 AM,SPXW,ML/,150,5.62,,CALL,7450,0,84300,6/30/2026,WHITE,0,1,F,INDEX,,F,T,0,0
6/29/2026,10:46:54 AM,SPXW,ML/,850,9.92,,CALL,7450,0,843200,6/30/2026,WHITE,0,1,F,INDEX,,F,T,0,0
6/29/2026,1:04:44 PM,SPXW,ML/,260,11.05,,CALL,7450,0,287300,6/30/2026,WHITE,0,1,F,INDEX,,F,T,0,0
6/29/2026,11:01:10 AM,SPXW,ML/,500,11.06,,CALL,7450,0,553000,6/30/2026,WHITE,0,1,F,INDEX,,F,T,0,0
6/29/2026,11:04:08 AM,SPXW,ML/,131,9.91,,CALL,7450,0,129821,6/30/2026,WHITE,0,1,F,INDEX,,F,T,0,0
6/29/2026,11:38:56 AM,SPXW,ML/,200,8.37,,CALL,7450,0,167399,6/30/2026,WHITE,0,1,F,INDEX,,F,T,0,0
6/29/2026,1:16:52 PM,SPXW,ML/,54,14.44,,CALL,7450,0,77976,6/30/2026,WHITE,0,1,F,INDEX,,F,T,0,0
6/29/2026,3:54:02 PM,SPXW,ML/,165,14.42,,CALL,7450,0,237930,6/30/2026,WHITE,0,1,F,INDEX,,F,T,0,0
6/29/2026,3:59:57 PM,SPXW,ML/,50,17.04,,CALL,7450,0,85199,6/30/2026,WHITE,0,1,F,INDEX,,F,T,0,0
6/29/2026,9:47:15 AM,VIX,BLOCK,397,0.79,,CALL,21.5,0,31363,7/22/2026,WHITE,0,23,F,INDEX,,F,T,0,0
6/29/2026,10:02:06 AM,VIX,BLOCK,499,0.86,,CALL,21.5,0,42914,7/22/2026,WHITE,0,23,F,INDEX,,F,T,0,0
6/29/2026,12:52:10 PM,VIX,ML/,1200,0.8,,CALL,21.5,0,96000,7/22/2026,WHITE,0,23,F,INDEX,,F,T,0,0
6/29/2026,10:15:13 AM,XSP,BLOCK,75,1.43,,PUT,727,0,10725,6/30/2026,WHITE,0,1,F,INDEX,,F,T,0,0
6/29/2026,2:15:13 PM,VIX,ML/,1500,0.83,,PUT,17.5,0,124500,7/22/2026,WHITE,0,23,F,INDEX,,F,T,0,0
6/29/2026,11:42:59 AM,SPXW,BLOCK,50,9.3,,PUT,7250,0,46500,7/2/2026,WHITE,0,3,F,INDEX,,F,T,0,0
6/29/2026,1:36:44 PM,SPXW,ML/,285,6.4,,PUT,7250,0,182400,7/2/2026,WHITE,0,3,F,INDEX,,F,T,0,0
6/29/2026,3:44:07 PM,SPXW,ML/,300,5,,PUT,7250,0,150000,7/2/2026,WHITE,0,3,F,INDEX,,F,T,0,0
6/29/2026,3:50:51 PM,SPXW,ML/,62,5,,PUT,7250,0,31000,7/2/2026,WHITE,0,3,F,INDEX,,F,T,0,0
6/29/2026,3:50:51 PM,SPXW,ML/,138,5,,PUT,7250,0,69000,7/2/2026,WHITE,0,3,F,INDEX,,F,T,0,0
6/29/2026,10:19:08 AM,SPXW,ML/,60,21.74,,PUT,7250,0,130439,7/2/2026,WHITE,0,3,F,INDEX,,F,T,0,0
6/29/2026,10:20:50 AM,SPXW,ML/,90,20.68,,PUT,7250,0,186119,7/2/2026,WHITE,0,3,F,INDEX,,F,T,0,0
6/29/2026,11:40:46 AM,SPXW,BLOCK,60,9.7,,PUT,7250,0,58200,7/2/2026,WHITE,0,3,F,INDEX,,F,T,0,0
6/29/2026,1:32:02 PM,SPXW,ML/,60,6.36,,PUT,7250,0,38160,7/2/2026,WHITE,0,3,F,INDEX,,F,T,0,0
6/29/2026,2:28:28 PM,SPXW,ML/,750,5.68,,PUT,7250,0,426000,7/2/2026,WHITE,0,3,F,INDEX,,F,T,0,0
6/29/2026,1:20:43 PM,SPXW,ML/,200,2.53,,PUT,7140,0,50600,7/2/2026,WHITE,0,3,F,INDEX,,F,T,0,0
6/29/2026,3:25:06 PM,SPXW,ML/,70,1.63,,PUT,7140,0,11410,7/2/2026,WHITE,0,3,F,INDEX,,F,T,0,0
6/29/2026,1:45:55 PM,SPXW,BLOCK,152,0.7,,CALL,7600,0,10640,7/2/2026,WHITE,0,3,F,INDEX,,F,T,0,0
6/29/2026,10:31:15 AM,SPXW,BLOCK,100,1.95,,CALL,7490,0,19500,6/30/2026,WHITE,0,1,F,INDEX,,F,T,0,0
6/29/2026,10:32:36 AM,SPXW,BLOCK,100,1.9,,CALL,7490,0,19000,6/30/2026,WHITE,0,1,F,INDEX,,F,T,0,0
6/29/2026,10:28:38 AM,SPXW,BLOCK,100,1.7,,CALL,7490,0,17000,6/30/2026,WHITE,0,1,F,INDEX,,F,T,0,0
6/29/2026,11:50:53 AM,SPXW,ML/,263,2.12,,CALL,7490,0,55756,6/30/2026,WHITE,0,1,F,INDEX,,F,T,0,0
6/29/2026,11:50:53 AM,SPXW,ML/,139,2.12,,CALL,7490,0,29468,6/30/2026,WHITE,0,1,F,INDEX,,F,T,0,0
6/29/2026,11:50:54 AM,SPXW,ML/,65,2.1,,CALL,7490,0,13650,6/30/2026,WHITE,0,1,F,INDEX,,F,T,0,0
6/29/2026,1:18:42 PM,SPXW,BLOCK,150,3.7,,CALL,7490,0,55500,6/30/2026,WHITE,0,1,F,INDEX,,F,T,0,0
6/29/2026,1:19:02 PM,SPXW,BLOCK,150,3.7,,CALL,7490,0,55500,6/30/2026,WHITE,0,1,F,INDEX,,F,T,0,0
6/29/2026,1:19:44 PM,SPXW,BLOCK,106,3.7,,CALL,7490,0,39220,6/30/2026,WHITE,0,1,F,INDEX,,F,T,0,0
6/29/2026,1:53:44 PM,SPXW,BLOCK,50,4.2,,CALL,7490,0,21000,6/30/2026,WHITE,0,1,F,INDEX,,F,T,0,0
6/29/2026,4:10:44 PM,SPXW,BLOCK,64,3.8,,CALL,7490,0,24320,6/30/2026,WHITE,0,1,F,INDEX,,F,T,0,0
6/29/2026,4:10:44 PM,SPXW,BLOCK,63,3.8,,CALL,7490,0,23939,6/30/2026,WHITE,0,1,F,INDEX,,F,T,0,0
6/29/2026,4:10:44 PM,SPXW,BLOCK,77,3.8,,CALL,7490,0,29260,6/30/2026,WHITE,0,1,F,INDEX,,F,T,0,0
6/29/2026,4:14:05 PM,SPXW,ML/,78,3.8,,CALL,7490,0,29639,6/30/2026,WHITE,0,1,F,INDEX,,F,T,0,0
6/29/2026,4:14:25 PM,SPXW,ML/,70,3.9,,CALL,7490,0,27300,6/30/2026,WHITE,0,1,F,INDEX,,F,T,0,0
6/29/2026,1:20:51 PM,SPXW,ML/,80,4.12,,CALL,7490,0,32960,6/30/2026,WHITE,0,1,F,INDEX,,F,T,0,0
6/29/2026,11:29:12 AM,SPXW,ML/,88,1.92,,CALL,7490,0,16895,6/30/2026,WHITE,0,1,F,INDEX,,F,T,0,0
6/29/2026,10:13:30 AM,SPXW,BLOCK,92,32.8,,PUT,7300,0,301760,7/2/2026,WHITE,0,3,F,INDEX,,F,T,0,0
6/29/2026,10:37:46 AM,SPXW,BLOCK,158,20.5,,PUT,7300,0,323900,7/2/2026,WHITE,0,3,F,INDEX,,F,T,0,0
6/29/2026,10:06:06 AM,SPXW,ML/,100,22.24,,PUT,7300,0,222400,7/2/2026,WHITE,0,3,F,INDEX,,F,T,0,0
6/29/2026,12:00:48 PM,SPXW,BLOCK,245,13.3,,PUT,7300,0,325850,7/2/2026,WHITE,0,3,F,INDEX,,F,T,0,0
6/29/2026,12:01:12 PM,SPXW,BLOCK,408,13.3,,PUT,7300,0,542640,7/2/2026,WHITE,0,3,F,INDEX,,F,T,0,0
6/29/2026,12:01:13 PM,SPXW,BLOCK,418,13.3,,PUT,7300,0,555940,7/2/2026,WHITE,0,3,F,INDEX,,F,T,0,0
6/29/2026,1:16:11 PM,SPXW,ML/,251,11.41,,PUT,7300,0,286391,7/2/2026,WHITE,0,3,F,INDEX,,F,T,0,0
6/29/2026,1:36:44 PM,SPXW,ML/,285,10.6,,PUT,7300,0,302100,7/2/2026,WHITE,0,3,F,INDEX,,F,T,0,0
6/29/2026,10:11:38 AM,SPXW,BLOCK,55,27.6,,PUT,7300,0,151800,7/2/2026,WHITE,0,3,F,INDEX,,F,T,0,0
6/29/2026,10:28:31 AM,SPXW,ML/,129,24.34,,PUT,7300,0,313986,7/2/2026,WHITE,0,3,F,INDEX,,F,T,0,0
6/29/2026,10:37:46 AM,SPXW,BLOCK,88,20.5,,PUT,7300,0,180400,7/2/2026,WHITE,0,3,F,INDEX,,F,T,0,0
6/29/2026,1:32:02 PM,SPXW,ML/,60,10.46,,PUT,7300,0,62760,7/2/2026,WHITE,0,3,F,INDEX,,F,T,0,0
6/29/2026,9:36:10 AM,SPXW,ML/,200,0.67,,CALL,7480,0,13400,6/29/2026,WHITE,0,0,F,INDEX,,F,T,0,0
6/29/2026,9:30:55 AM,SPXW,ML/,500,0.42,,CALL,7480,0,21000,6/29/2026,WHITE,0,0,F,INDEX,,F,T,0,0
6/29/2026,9:38:15 AM,SPXW,ML/,170,0.75,,CALL,7475,0,12750,6/29/2026,WHITE,0,0,F,INDEX,,F,T,0,0
6/29/2026,9:38:16 AM,SPXW,ML/,170,0.75,,CALL,7475,0,12750,6/29/2026,WHITE,0,0,F,INDEX,,F,T,0,0
6/29/2026,9:40:33 AM,SPXW,ML/,135,0.83,,CALL,7475,0,11204,6/29/2026,WHITE,0,0,F,INDEX,,F,T,0,0
6/29/2026,9:40:34 AM,SPXW,ML/,229,0.82,,CALL,7475,0,18778,6/29/2026,WHITE,0,0,F,INDEX,,F,T,0,0
6/29/2026,3:09:19 PM,SPXW,BLOCK,100,27.7,,PUT,7375,0,277000,7/6/2026,WHITE,0,7,F,INDEX,,F,T,0,0
6/29/2026,2:44:03 PM,SPXW,BLOCK,55,18.5,,PUT,7400,0,101750,7/1/2026,WHITE,0,2,F,INDEX,,F,T,0,0
6/29/2026,12:38:40 PM,SPXW,ML/,100,30.15,,PUT,7400,0,301500,7/1/2026,WHITE,0,2,F,INDEX,,F,T,0,0
6/29/2026,12:15:02 PM,SPXW,ML/,50,28.87,,PUT,7400,0,144350,7/1/2026,WHITE,0,2,F,INDEX,,F,T,0,0
6/29/2026,3:45:25 PM,SPXW,BLOCK,85,18.6,,PUT,7400,0,158100,7/1/2026,WHITE,0,2,F,INDEX,,F,T,0,0
6/29/2026,9:32:43 AM,SPXW,ML/,100,5.7,,CALL,7535,0,57000,7/2/2026,WHITE,0,3,F,INDEX,,F,T,0,0
6/29/2026,2:33:32 PM,SPXW,ML/,50,6.27,,CALL,7535,0,31350,7/2/2026,WHITE,0,3,F,INDEX,,F,T,0,0
6/29/2026,12:12:58 PM,SPXW,ML/,65,9.8,,PUT,7270,0,63700,7/2/2026,WHITE,0,3,F,INDEX,,F,T,0,0
6/29/2026,9:32:43 AM,SPXW,ML/,100,25.82,,CALL,7465,0,258200,7/2/2026,WHITE,0,3,F,INDEX,,F,T,0,0
6/29/2026,11:56:42 AM,SPXW,ML/,79,37.22,,CALL,7540,0,294038,7/16/2026,WHITE,0,17,F,INDEX,,F,T,0,0
6/29/2026,10:28:09 AM,SPXW,ML/,60,22.11,,PUT,7290,0,132660,7/2/2026,WHITE,0,3,F,INDEX,,F,T,0,0
6/29/2026,3:58:40 PM,SPXW,ML/,89,13.35,,PUT,7345,0,118814,7/2/2026,WHITE,0,3,F,INDEX,,F,T,0,0
6/29/2026,2:55:54 PM,SPXW,ML/,150,35.65,,CALL,7455,0,534750,7/2/2026,WHITE,0,3,F,INDEX,,F,T,0,0
6/29/2026,3:02:52 PM,SPXW,ML/,180,34.75,,CALL,7455,0,625500,7/2/2026,WHITE,0,3,F,INDEX,,F,T,0,0
6/29/2026,3:06:56 PM,SPXW,ML/,246,35,,CALL,7455,0,861000,7/2/2026,WHITE,0,3,F,INDEX,,F,T,0,0
6/29/2026,2:51:57 PM,SPXW,ML/,300,35.1,,CALL,7455,0,1053000,7/2/2026,WHITE,0,3,F,INDEX,,F,T,0,0
6/29/2026,2:56:08 PM,SPXW,ML/,150,35.65,,CALL,7455,0,534750,7/2/2026,WHITE,0,3,F,INDEX,,F,T,0,0
6/29/2026,3:03:00 PM,SPXW,ML/,120,34.75,,CALL,7455,0,417000,7/2/2026,WHITE,0,3,F,INDEX,,F,T,0,0
6/29/2026,3:13:46 PM,SPXW,ML/,198,34.41,,CALL,7455,0,681317,7/2/2026,WHITE,0,3,F,INDEX,,F,T,0,0
6/29/2026,9:58:43 AM,SPXW,ML/,60,6.21,,PUT,7185,0,37260,7/2/2026,WHITE,0,3,F,INDEX,,F,T,0,0
6/29/2026,10:44:11 AM,SPXW,ML/,73,6.6,,PUT,7185,0,48179,7/2/2026,WHITE,0,3,F,INDEX,,F,T,0,0
6/29/2026,10:29:02 AM,SPXW,ML/,54,7.66,,PUT,7185,0,41364,7/2/2026,WHITE,0,3,F,INDEX,,F,T,0,0
6/29/2026,10:46:16 AM,SPXW,ML/,86,7.17,,PUT,7185,0,61662,7/2/2026,WHITE,0,3,F,INDEX,,F,T,0,0
6/29/2026,11:58:06 AM,SPXW,ML/,1000,26.7,,CALL,7430,0,2670000,7/1/2026,WHITE,0,2,F,INDEX,,F,T,0,0
6/29/2026,10:05:54 AM,SPXW,BLOCK,62,10.3,,CALL,7405,0,63860,6/29/2026,WHITE,0,0,F,INDEX,,F,T,0,0
6/29/2026,10:05:54 AM,SPXW,BLOCK,73,10.2,,CALL,7405,0,74459,6/29/2026,WHITE,0,0,F,INDEX,,F,T,0,0
6/29/2026,10:08:11 AM,SPXW,BLOCK,99,7.8,,CALL,7405,0,77220,6/29/2026,WHITE,0,0,F,INDEX,,F,T,0,0
6/29/2026,10:12:52 AM,SPXW,BLOCK,50,6.5,,CALL,7405,0,32500,6/29/2026,WHITE,0,0,F,INDEX,,F,T,0,0
6/29/2026,10:16:28 AM,SPXW,ML/,997,5.65,,CALL,7405,0,563305,6/29/2026,WHITE,0,0,F,INDEX,,F,T,0,0
6/29/2026,10:15:44 AM,SPXW,BLOCK,73,5,,CALL,7405,0,36500,6/29/2026,WHITE,0,0,F,INDEX,,F,T,0,0
6/29/2026,10:22:08 AM,SPXW,ML/,200,6.9,,CALL,7405,0,138000,6/29/2026,WHITE,0,0,F,INDEX,,F,T,0,0
6/29/2026,10:25:14 AM,SPXW,ML/,65,7.4,,CALL,7405,0,48100,6/29/2026,WHITE,0,0,F,INDEX,,F,T,0,0
6/29/2026,10:26:02 AM,SPXW,ML/,51,7.8,,CALL,7405,0,39779,6/29/2026,WHITE,0,0,F,INDEX,,F,T,0,0
6/29/2026,10:26:16 AM,SPXW,BLOCK,132,8.2,,CALL,7405,0,108239,6/29/2026,WHITE,0,0,F,INDEX,,F,T,0,0
6/29/2026,10:30:10 AM,SPXW,BLOCK,55,10,,CALL,7405,0,55000,6/29/2026,WHITE,0,0,F,INDEX,,F,T,0,0
6/29/2026,10:32:55 AM,SPXW,BLOCK,50,10.8,,CALL,7405,0,54000,6/29/2026,WHITE,0,0,F,INDEX,,F,T,0,0
6/29/2026,10:32:39 AM,SPXW,ML/,998,11.7,,CALL,7405,0,1167659,6/29/2026,WHITE,0,0,F,INDEX,,F,T,0,0
6/29/2026,10:37:42 AM,SPXW,ML/,100,12.7,,CALL,7405,0,127000,6/29/2026,WHITE,0,0,F,INDEX,,F,T,0,0
6/29/2026,10:53:55 AM,SPXW,BLOCK,65,16.1,,CALL,7405,0,104650,6/29/2026,WHITE,0,0,F,INDEX,,F,T,0,0
6/29/2026,10:37:34 AM,SPXW,ML/,50,12.27,,CALL,7405,0,61350,6/29/2026,WHITE,0,0,F,INDEX,,F,T,0,0
6/29/2026,11:09:19 AM,SPXW,SWEEP,67,10.9,,CALL,7405,0,73030,6/29/2026,WHITE,0,0,F,INDEX,,F,T,0,0
6/29/2026,11:14:04 AM,SPXW,BLOCK,67,9.5,,CALL,7405,0,63650,6/29/2026,WHITE,0,0,F,INDEX,,F,T,0,0
6/29/2026,11:14:57 AM,SPXW,SWEEP,74,12,,CALL,7405,0,88800,6/29/2026,WHITE,0,0,F,INDEX,,F,T,0,0
6/29/2026,11:07:20 AM,SPXW,BLOCK,100,13.1,,CALL,7405,0,131000,6/29/2026,WHITE,0,0,F,INDEX,,F,T,0,0
6/29/2026,11:23:14 AM,SPXW,BLOCK,57,9.3,,CALL,7405,0,53010,6/29/2026,WHITE,0,0,F,INDEX,,F,T,0,0
6/29/2026,11:24:08 AM,SPXW,BLOCK,67,8.3,,CALL,7405,0,55610,6/29/2026,WHITE,0,0,F,INDEX,,F,T,0,0
6/29/2026,11:42:12 AM,SPXW,BLOCK,68,14.4,,CALL,7405,0,97920,6/29/2026,WHITE,0,0,F,INDEX,,F,T,0,0
6/29/2026,11:42:13 AM,SPXW,BLOCK,68,14.4,,CALL,7405,0,97920,6/29/2026,WHITE,0,0,F,INDEX,,F,T,0,0
6/29/2026,1:36:35 PM,SPXW,BLOCK,75,28.3,,CALL,7405,0,212250,6/29/2026,WHITE,0,0,F,INDEX,,F,T,0,0
6/29/2026,9:36:52 AM,SPXW,ML/,50,17.33,,CALL,7405,0,86649,6/29/2026,WHITE,0,0,F,INDEX,,F,T,0,0
6/29/2026,10:28:58 AM,SPXW,ML/,90,8.87,,CALL,7405,0,79830,6/29/2026,WHITE,0,0,F,INDEX,,F,T,0,0
6/29/2026,12:54:18 PM,SPXW,ML/,52,17.23,,CALL,7405,0,89596,6/29/2026,WHITE,0,0,F,INDEX,,F,T,0,0
6/29/2026,1:09:45 PM,SPXW,ML/,57,19.95,,CALL,7405,0,113715,6/29/2026,WHITE,0,0,F,INDEX,,F,T,0,0
6/29/2026,2:56:11 PM,SPXW,ML/,68,31.95,,CALL,7405,0,217260,6/29/2026,WHITE,0,0,F,INDEX,,F,T,0,0
6/29/2026,1:33:42 PM,SPXW,ML/,66,3.25,,CALL,7555,0,21450,7/2/2026,WHITE,0,3,F,INDEX,,F,T,0,0
6/29/2026,11:56:42 AM,SPXW,ML/,79,33.82,,CALL,7550,0,267178,7/16/2026,WHITE,0,17,F,INDEX,,F,T,0,0
6/29/2026,11:02:20 AM,SPXW,ML/,500,17.28,,PUT,7250,0,864000,7/6/2026,WHITE,0,7,F,INDEX,,F,T,0,0
6/29/2026,1:40:40 PM,SPXW,ML/,233,10.89,,PUT,7250,0,253737,7/6/2026,WHITE,0,7,F,INDEX,,F,T,0,0
6/29/2026,10:08:28 AM,SPXW,ML/,50,3,,CALL,7505,0,15000,7/1/2026,WHITE,0,2,F,INDEX,,F,T,0,0
6/29/2026,10:13:00 AM,SPXW,ML/,50,2.45,,CALL,7505,0,12250,7/1/2026,WHITE,0,2,F,INDEX,,F,T,0,0
6/29/2026,4:14:07 PM,SPXW,ML/,75,6.59,,CALL,7505,0,49425,7/1/2026,WHITE,0,2,F,INDEX,,F,T,0,0
6/29/2026,2:43:50 PM,SPXW,ML/,120,40.12,,PUT,7335,0,481439,7/13/2026,WHITE,0,14,F,INDEX,,F,T,0,0
6/29/2026,2:43:50 PM,SPXW,ML/,120,40.12,,PUT,7335,0,481439,7/13/2026,WHITE,0,14,F,INDEX,,F,T,0,0
6/29/2026,11:51:41 AM,SPXW,ML/,150,20.07,,CALL,7545,0,301050,7/10/2026,WHITE,0,11,F,INDEX,,F,T,0,0
6/29/2026,12:53:46 PM,SPXW,ML/,53,21.5,,CALL,7545,0,113950,7/10/2026,WHITE,0,11,F,INDEX,,F,T,0,0
6/29/2026,10:11:49 AM,VIX,ML/,858,2.54,,PUT,20,0,217932,9/16/2026,WHITE,0,79,F,INDEX,,F,T,0,0
6/29/2026,12:08:53 PM,VIX,ML/,54,2.7,,PUT,20,0,14580,9/16/2026,WHITE,0,79,F,INDEX,,F,T,0,0
6/29/2026,10:11:50 AM,VIX,ML/,242,2.54,,PUT,20,0,61468,9/16/2026,WHITE,0,79,F,INDEX,,F,T,0,0
6/29/2026,10:11:50 AM,VIX,ML/,850,2.84,,CALL,20,0,241400,9/16/2026,WHITE,0,79,F,INDEX,,F,T,0,0
6/29/2026,11:39:15 AM,VIX,BLOCK,1265,2.75,,CALL,20,0,347875,9/16/2026,WHITE,0,79,F,INDEX,,F,T,0,0
6/29/2026,11:39:55 AM,VIX,BLOCK,100,2.75,,CALL,20,0,27500,9/16/2026,WHITE,0,79,F,INDEX,,F,T,0,0
6/29/2026,11:40:14 AM,VIX,BLOCK,200,2.75,,CALL,20,0,55000,9/16/2026,WHITE,0,79,F,INDEX,,F,T,0,0
6/29/2026,12:48:42 PM,VIX,BLOCK,1900,2.73,,CALL,20,0,518700,9/16/2026,WHITE,0,79,F,INDEX,,F,T,0,0
6/29/2026,12:08:54 PM,VIX,ML/,50,2.76,,CALL,20,0,13800,9/16/2026,WHITE,0,79,F,INDEX,,F,T,0,0
6/29/2026,10:11:50 AM,VIX,ML/,250,2.85,,CALL,20,0,71250,9/16/2026,WHITE,0,79,F,INDEX,,F,T,0,0
6/29/2026,9:33:49 AM,SPXW,ML/,440,30.5,,PUT,7400,0,1342000,6/30/2026,WHITE,0,1,F,INDEX,,F,T,0,0
6/29/2026,10:03:02 AM,SPXW,BLOCK,50,35.2,,PUT,7400,0,176000,6/30/2026,WHITE,0,1,F,INDEX,,F,T,0,0
6/29/2026,1:22:05 PM,SPXW,BLOCK,50,16.3,,PUT,7400,0,81500,6/30/2026,WHITE,0,1,F,INDEX,,F,T,0,0
6/29/2026,1:52:25 PM,SPXW,BLOCK,58,13.3,,PUT,7400,0,77140,6/30/2026,WHITE,0,1,F,INDEX,,F,T,0,0
6/29/2026,1:56:41 PM,SPXW,BLOCK,50,13.4,,PUT,7400,0,67000,6/30/2026,WHITE,0,1,F,INDEX,,F,T,0,0
6/29/2026,2:23:39 PM,SPXW,BLOCK,100,12.8,,PUT,7400,0,128000,6/30/2026,WHITE,0,1,F,INDEX,,F,T,0,0
6/29/2026,2:05:16 PM,SPXW,BLOCK,130,12.4,,PUT,7400,0,161200,6/30/2026,WHITE,0,1,F,INDEX,,F,T,0,0
6/29/2026,2:38:03 PM,SPXW,BLOCK,90,12.3,,PUT,7400,0,110700,6/30/2026,WHITE,0,1,F,INDEX,,F,T,0,0
6/29/2026,3:05:26 PM,SPXW,ML/,200,11.9,,PUT,7400,0,238000,6/30/2026,WHITE,0,1,F,INDEX,,F,T,0,0
6/29/2026,3:16:12 PM,SPXW,ML/,300,11.9,,PUT,7400,0,357000,6/30/2026,WHITE,0,1,F,INDEX,,F,T,0,0
6/29/2026,3:30:22 PM,SPXW,ML/,500,10.8,,PUT,7400,0,540000,6/30/2026,WHITE,0,1,F,INDEX,,F,T,0,0
6/29/2026,4:38:52 PM,SPXW,BLOCK,50,11.9,,PUT,7400,0,59500,6/30/2026,WHITE,0,1,F,INDEX,,F,T,0,0
6/29/2026,9:50:06 AM,SPXW,ML/,400,21.69,,PUT,7400,0,867600,6/30/2026,WHITE,0,1,F,INDEX,,F,T,0,0
6/29/2026,10:54:42 AM,SPXW,ML/,50,26.75,,PUT,7400,0,133750,6/30/2026,WHITE,0,1,F,INDEX,,F,T,0,0
6/29/2026,11:38:56 AM,SPXW,ML/,200,30.53,,PUT,7400,0,610600,6/30/2026,WHITE,0,1,F,INDEX,,F,T,0,0
6/29/2026,12:09:36 PM,SPXW,ML/,87,21.01,,PUT,7400,0,182787,6/30/2026,WHITE,0,1,F,INDEX,,F,T,0,0
6/29/2026,12:10:32 PM,SPXW,ML/,100,21.13,,PUT,7400,0,211300,6/30/2026,WHITE,0,1,F,INDEX,,F,T,0,0
6/29/2026,1:47:11 PM,SPXW,ML/,200,14.25,,PUT,7400,0,285000,6/30/2026,WHITE,0,1,F,INDEX,,F,T,0,0
6/29/2026,3:41:12 PM,SPXW,ML/,100,11.09,,PUT,7400,0,110900,6/30/2026,WHITE,0,1,F,INDEX,,F,T,0,0
6/29/2026,3:23:44 PM,SPXW,BLOCK,100,4.5,,PUT,7355,0,45000,6/30/2026,WHITE,0,1,F,INDEX,,F,T,0,0
6/29/2026,11:56:23 AM,SPXW,ML/,52,12.08,,PUT,7355,0,62816,6/30/2026,WHITE,0,1,F,INDEX,,F,T,0,0
6/29/2026,1:24:26 PM,SPXW,ML/,54,8.25,,PUT,7355,0,44550,6/30/2026,WHITE,0,1,F,INDEX,,F,T,0,0
6/29/2026,1:17:21 PM,SPXW,ML/,58,7.46,,PUT,7355,0,43268,6/30/2026,WHITE,0,1,F,INDEX,,F,T,0,0
6/29/2026,12:23:47 PM,SPXW,ML/,120,8.8,,PUT,7345,0,105600,6/30/2026,WHITE,0,1,F,INDEX,,F,T,0,0
6/29/2026,12:30:15 PM,SPXW,ML/,120,9.25,,PUT,7345,0,111000,6/30/2026,WHITE,0,1,F,INDEX,,F,T,0,0
6/29/2026,12:25:36 PM,SPXW,ML/,200,8.3,,PUT,7345,0,166000,6/30/2026,WHITE,0,1,F,INDEX,,F,T,0,0
6/29/2026,1:15:44 PM,SPXW,ML/,101,6.42,,PUT,7345,0,64841,6/30/2026,WHITE,0,1,F,INDEX,,F,T,0,0
6/29/2026,1:12:33 PM,SPXW,ML/,75,7,,PUT,7345,0,52500,6/30/2026,WHITE,0,1,F,INDEX,,F,T,0,0
6/29/2026,2:52:35 PM,SPXW,ML/,300,4.24,,PUT,7345,0,127200,6/30/2026,WHITE,0,1,F,INDEX,,F,T,0,0
6/29/2026,3:09:46 PM,SPXW,ML/,300,3.95,,PUT,7345,0,118500,6/30/2026,WHITE,0,1,F,INDEX,,F,T,0,0
6/29/2026,3:10:35 PM,SPXW,ML/,200,3.95,,PUT,7345,0,79000,6/30/2026,WHITE,0,1,F,INDEX,,F,T,0,0
6/29/2026,10:40:16 AM,SPXW,ML/,60,16.12,,PUT,7345,0,96720,6/30/2026,WHITE,0,1,F,INDEX,,F,T,0,0
6/29/2026,11:01:33 AM,SPXW,ML/,66,13.12,,PUT,7345,0,86592,6/30/2026,WHITE,0,1,F,INDEX,,F,T,0,0
6/29/2026,12:32:22 PM,SPXW,ML/,200,9.66,,PUT,7345,0,193200,6/30/2026,WHITE,0,1,F,INDEX,,F,T,0,0
6/29/2026,12:24:08 PM,SPXW,ML/,80,8.8,,PUT,7345,0,70400,6/30/2026,WHITE,0,1,F,INDEX,,F,T,0,0
6/29/2026,12:28:45 PM,SPXW,ML/,200,8.97,,PUT,7345,0,179400,6/30/2026,WHITE,0,1,F,INDEX,,F,T,0,0
6/29/2026,12:31:19 PM,SPXW,ML/,80,9.25,,PUT,7345,0,74000,6/30/2026,WHITE,0,1,F,INDEX,,F,T,0,0
6/29/2026,12:38:28 PM,SPXW,ML/,200,9.32,,PUT,7345,0,186400,6/30/2026,WHITE,0,1,F,INDEX,,F,T,0,0
6/29/2026,3:06:00 PM,SPXW,ML/,298,4.13,,PUT,7345,0,123074,6/30/2026,WHITE,0,1,F,INDEX,,F,T,0,0
6/29/2026,3:00:15 PM,SPXW,ML/,300,4.23,,PUT,7345,0,126900,6/30/2026,WHITE,0,1,F,INDEX,,F,T,0,0
6/29/2026,11:55:27 AM,SPXW,ML/,196,24.35,,CALL,7545,0,477260,7/13/2026,WHITE,0,14,F,INDEX,,F,T,0,0
6/29/2026,12:52:57 PM,SPXW,ML/,71,25.85,,CALL,7545,0,183535,7/13/2026,WHITE,0,14,F,INDEX,,F,T,0,0
6/29/2026,12:17:51 PM,SPXW,ML/,1450,0.38,,PUT,7075,0,55100,6/30/2026,WHITE,0,1,F,INDEX,,F,T,0,0
6/29/2026,3:45:18 PM,SPXW,ML/,106,4.6,,CALL,7485,0,48759,6/30/2026,WHITE,0,1,F,INDEX,,F,T,0,0
6/29/2026,3:43:17 PM,SPXW,ML/,175,4.15,,CALL,7485,0,72625,6/30/2026,WHITE,0,1,F,INDEX,,F,T,0,0
6/29/2026,4:06:39 PM,SPXW,ML/,50,4.51,,CALL,7485,0,22549,6/30/2026,WHITE,0,1,F,INDEX,,F,T,0,0
6/29/2026,4:14:05 PM,SPXW,ML/,78,4.8,,CALL,7485,0,37440,6/30/2026,WHITE,0,1,F,INDEX,,F,T,0,0
6/29/2026,4:14:25 PM,SPXW,ML/,70,4.9,,CALL,7485,0,34300,6/30/2026,WHITE,0,1,F,INDEX,,F,T,0,0
6/29/2026,10:36:24 AM,SPXW,ML/,50,2.76,,CALL,7485,0,13800,6/30/2026,WHITE,0,1,F,INDEX,,F,T,0,0
6/29/2026,2:31:41 PM,SPXW,ML/,70,981.33,,CALL,6450,0,6869310,6/30/2026,WHITE,0,1,F,INDEX,,F,T,0,0
6/29/2026,11:26:52 AM,SPXW,ML/,85,2.62,,CALL,7580,0,22270,7/6/2026,WHITE,0,7,F,INDEX,,F,T,0,0
6/29/2026,2:31:41 PM,SPXW,ML/,70,982.31,,CALL,6450,0,6876170,6/29/2026,WHITE,0,0,F,INDEX,,F,T,0,0
6/29/2026,11:14:59 AM,XSP,BLOCK,201,1.2,,PUT,740,0,24120,6/29/2026,WHITE,0,0,F,INDEX,,F,T,0,0
6/29/2026,10:26:10 AM,XSP,ML/,50,2.95,,PUT,740,0,14750,6/29/2026,WHITE,0,0,F,INDEX,,F,T,0,0
6/29/2026,11:17:52 AM,XSP,BLOCK,200,1.32,,PUT,740,0,26400,6/29/2026,WHITE,0,0,F,INDEX,,F,T,0,0
6/29/2026,11:32:59 AM,SPX,ML/,500,0.4,,PUT,4700,0,20000,7/17/2026,WHITE,0,18,F,INDEX,,F,F,0,0
6/29/2026,3:12:45 PM,SPXW,ML/,108,1.45,,CALL,7510,0,15660,6/30/2026,WHITE,0,1,F,INDEX,,F,T,0,0
6/29/2026,3:22:10 PM,SPXW,ML/,273,1.58,,CALL,7510,0,43134,6/30/2026,WHITE,0,1,F,INDEX,,F,T,0,0
6/29/2026,3:46:32 PM,SPXW,ML/,117,1.47,,CALL,7510,0,17198,6/30/2026,WHITE,0,1,F,INDEX,,F,T,0,0
6/29/2026,3:46:32 PM,SPXW,ML/,105,1.45,,CALL,7510,0,15225,6/30/2026,WHITE,0,1,F,INDEX,,F,T,0,0
6/29/2026,3:22:12 PM,SPXW,ML/,158,1.57,,CALL,7510,0,24806,6/30/2026,WHITE,0,1,F,INDEX,,F,T,0,0
6/29/2026,3:59:25 PM,SPXW,BLOCK,150,1.5,,CALL,7510,0,22500,6/30/2026,WHITE,0,1,F,INDEX,,F,T,0,0
6/29/2026,3:22:11 PM,SPXW,ML/,82,1.58,,CALL,7510,0,12956,6/30/2026,WHITE,0,1,F,INDEX,,F,T,0,0
6/29/2026,10:15:03 AM,VIX,ML/,500,0.6,,CALL,40,0,30000,8/19/2026,WHITE,0,51,F,INDEX,,F,T,0,0
6/29/2026,3:39:24 PM,VIX,SWEEP,387,0.55,,CALL,40,0,21285,8/19/2026,WHITE,0,51,F,INDEX,,F,T,0,0
6/29/2026,3:51:28 PM,XSP,ML/,50,5.31,,CALL,739,0,26550,6/30/2026,WHITE,0,1,F,INDEX,,F,T,0,0
6/29/2026,3:51:46 PM,XSP,ML/,50,5.31,,CALL,739,0,26550,6/30/2026,WHITE,0,1,F,INDEX,,F,T,0,0
6/29/2026,11:35:15 AM,SPXW,ML/,2995,0.8,,PUT,7125,0,239600,6/30/2026,WHITE,0,1,F,INDEX,,F,T,0,0
6/29/2026,11:21:51 AM,SPXW,ML/,700,0.85,,PUT,7125,0,59500,6/30/2026,WHITE,0,1,F,INDEX,,F,T,0,0
6/29/2026,11:51:19 AM,SPXW,ML/,1480,0.61,,PUT,7125,0,90280,6/30/2026,WHITE,0,1,F,INDEX,,F,T,0,0
6/29/2026,4:08:54 PM,XSP,ML/,100,1.19,,PUT,740,0,11900,6/30/2026,WHITE,0,1,F,INDEX,,F,T,0,0
6/29/2026,3:52:21 PM,SPX,ML/,60,10.11,,PUT,6950,0,60659,7/17/2026,WHITE,0,18,F,INDEX,,F,F,0,0
6/29/2026,2:47:32 PM,SPXW,BLOCK,50,11.1,,CALL,7465,0,55500,6/30/2026,WHITE,0,1,F,INDEX,,F,T,0,0
6/29/2026,1:24:26 PM,SPXW,ML/,55,8,,CALL,7465,0,44000,6/30/2026,WHITE,0,1,F,INDEX,,F,T,0,0
6/29/2026,4:26:12 PM,SPXW,BLOCK,100,1.95,,PUT,7310,0,19500,6/30/2026,WHITE,0,1,F,INDEX,,F,T,0,0
6/29/2026,10:35:27 AM,SPXW,ML/,60,6.55,,PUT,7280,0,39300,6/30/2026,WHITE,0,1,F,INDEX,,F,T,0,0
6/29/2026,10:28:58 AM,SPXW,ML/,50,8.1,,PUT,7280,0,40500,6/30/2026,WHITE,0,1,F,INDEX,,F,T,0,0
6/29/2026,2:32:43 PM,SPXW,BLOCK,63,1.75,,PUT,7280,0,11025,6/30/2026,WHITE,0,1,F,INDEX,,F,T,0,0
6/29/2026,10:02:01 AM,SPX,ML/,500,2.96,,PUT,6250,0,148000,7/17/2026,WHITE,0,18,F,INDEX,,F,F,0,0
6/29/2026,3:02:02 PM,SPXW,ML/,75,11.16,,PUT,7150,0,83700,7/10/2026,WHITE,0,11,F,INDEX,,F,T,0,0
6/29/2026,3:29:05 PM,SPXW,ML/,51,3.3,,PUT,7335,0,16830,6/30/2026,WHITE,0,1,F,INDEX,,F,T,0,0
6/29/2026,10:18:54 AM,VIXW,BLOCK,625,1.04,,CALL,20,0,65000,7/8/2026,WHITE,0,9,F,INDEX,,F,T,0,0
6/29/2026,10:22:07 AM,VIXW,BLOCK,525,0.98,,CALL,20,0,51450,7/8/2026,WHITE,0,9,F,INDEX,,F,T,0,0
6/29/2026,3:59:54 PM,XSP,BLOCK,80,1.95,,CALL,742,0,15600,6/29/2026,WHITE,0,0,F,INDEX,,F,T,0,0
6/29/2026,3:50:51 PM,XSP,BLOCK,100,1.4,,CALL,742,0,14000,6/29/2026,WHITE,0,0,F,INDEX,,F,T,0,0
6/29/2026,3:59:55 PM,XSP,BLOCK,80,1.9,,CALL,742,0,15200,6/29/2026,WHITE,0,0,F,INDEX,,F,T,0,0
6/29/2026,3:59:56 PM,XSP,BLOCK,292,1.95,,CALL,742,0,56940,6/29/2026,WHITE,0,0,F,INDEX,,F,T,0,0
6/29/2026,3:59:54 PM,XSP,BLOCK,80,2.07,,CALL,742,0,16560,6/29/2026,WHITE,0,0,F,INDEX,,F,T,0,0
6/29/2026,3:59:57 PM,XSP,BLOCK,251,1.89,,CALL,742,0,47439,6/29/2026,WHITE,0,0,F,INDEX,,F,T,0,0
6/29/2026,9:52:05 AM,SPX,ML/,52,64.03,,PUT,7350,0,332956,7/17/2026,WHITE,0,18,F,INDEX,,F,F,0,0
6/29/2026,12:54:06 PM,SPX,ML/,200,64.17,,PUT,7350,0,1283400,7/17/2026,WHITE,0,18,F,INDEX,,F,F,0,0
6/29/2026,12:54:08 PM,SPX,ML/,200,64.17,,PUT,7350,0,1283400,7/17/2026,WHITE,0,18,F,INDEX,,F,F,0,0
6/29/2026,12:54:12 PM,SPX,ML/,199,64.14,,PUT,7350,0,1276386,7/17/2026,WHITE,0,18,F,INDEX,,F,F,0,0
6/29/2026,9:52:03 AM,SPX,ML/,57,64.08,,PUT,7350,0,365256,7/17/2026,WHITE,0,18,F,INDEX,,F,F,0,0
6/29/2026,12:11:22 PM,SPX,ML/,114,64.27,,PUT,7350,0,732678,7/17/2026,WHITE,0,18,F,INDEX,,F,F,0,0
6/29/2026,12:54:04 PM,SPX,ML/,117,64.29,,PUT,7350,0,752193,7/17/2026,WHITE,0,18,F,INDEX,,F,F,0,0
6/29/2026,1:03:49 PM,SPX,ML/,93,63.81,,PUT,7350,0,593433,7/17/2026,WHITE,0,18,F,INDEX,,F,F,0,0
6/29/2026,12:54:14 PM,SPX,ML/,68,64.14,,PUT,7350,0,436152,7/17/2026,WHITE,0,18,F,INDEX,,F,F,0,0
6/29/2026,3:36:12 PM,SPX,ML/,371,57.6,,PUT,7350,0,2136960,7/17/2026,WHITE,0,18,F,INDEX,,F,F,0,0
6/29/2026,10:13:15 AM,VIXW,BLOCK,200,0.71,,CALL,21,0,14200,7/8/2026,WHITE,0,9,F,INDEX,,F,T,0,0
6/29/2026,10:36:54 AM,XSP,ML/,92,6.99,,PUT,745,0,64308,7/2/2026,WHITE,0,3,F,INDEX,,F,T,0,0
6/29/2026,10:38:05 AM,XSP,ML/,64,6.98,,PUT,745,0,44672,7/2/2026,WHITE,0,3,F,INDEX,,F,T,0,0
6/29/2026,10:36:55 AM,XSP,ML/,85,6.99,,PUT,745,0,59415,7/2/2026,WHITE,0,3,F,INDEX,,F,T,0,0
6/29/2026,10:38:06 AM,XSP,ML/,64,6.98,,PUT,745,0,44672,7/2/2026,WHITE,0,3,F,INDEX,,F,T,0,0
6/29/2026,12:32:20 PM,RUT,ML/,53,21.21,,PUT,2875,0,112413,7/17/2026,WHITE,0,18,F,INDEX,,F,F,0,0
6/29/2026,12:32:20 PM,RUT,ML/,53,23.08,,PUT,2885,0,122324,7/17/2026,WHITE,0,18,F,INDEX,,F,F,0,0
6/29/2026,9:55:34 AM,SPXW,ML/,139,0.87,,PUT,6950,0,12093,7/2/2026,WHITE,0,3,F,INDEX,,F,T,0,0
6/29/2026,10:54:47 AM,SPXW,BLOCK,113,0.95,,CALL,7515,0,10735,6/30/2026,WHITE,0,1,F,INDEX,,F,T,0,0
6/29/2026,3:22:10 PM,SPXW,ML/,273,1.28,,CALL,7515,0,34944,6/30/2026,WHITE,0,1,F,INDEX,,F,T,0,0
6/29/2026,3:22:12 PM,SPXW,ML/,158,1.27,,CALL,7515,0,20066,6/30/2026,WHITE,0,1,F,INDEX,,F,T,0,0
6/29/2026,3:46:32 PM,SPXW,ML/,105,1.15,,CALL,7515,0,12074,6/30/2026,WHITE,0,1,F,INDEX,,F,T,0,0
6/29/2026,3:46:32 PM,SPXW,ML/,117,1.17,,CALL,7515,0,13688,6/30/2026,WHITE,0,1,F,INDEX,,F,T,0,0
6/29/2026,3:22:11 PM,SPXW,ML/,82,1.28,,CALL,7515,0,10496,6/30/2026,WHITE,0,1,F,INDEX,,F,T,0,0
6/29/2026,9:33:40 AM,SPXW,ML/,68,2.22,,PUT,7090,0,15096,7/2/2026,WHITE,0,3,F,INDEX,,F,T,0,0
6/29/2026,12:12:58 PM,SPXW,ML/,65,16.2,,PUT,7320,0,105300,7/2/2026,WHITE,0,3,F,INDEX,,F,T,0,0
6/29/2026,3:09:46 PM,SPXW,ML/,180,17.55,,PUT,7365,0,315900,7/2/2026,WHITE,0,3,F,INDEX,,F,T,0,0
6/29/2026,2:52:35 PM,SPXW,ML/,300,18.06,,PUT,7365,0,541800,7/2/2026,WHITE,0,3,F,INDEX,,F,T,0,0
6/29/2026,3:00:15 PM,SPXW,ML/,300,18.14,,PUT,7365,0,544200,7/2/2026,WHITE,0,3,F,INDEX,,F,T,0,0
6/29/2026,3:06:00 PM,SPXW,ML/,298,18.04,,PUT,7365,0,537591,7/2/2026,WHITE,0,3,F,INDEX,,F,T,0,0
6/29/2026,3:09:51 PM,SPXW,ML/,120,17.55,,PUT,7365,0,210600,7/2/2026,WHITE,0,3,F,INDEX,,F,T,0,0
6/29/2026,3:10:35 PM,SPXW,ML/,200,17.7,,PUT,7365,0,353999,7/2/2026,WHITE,0,3,F,INDEX,,F,T,0,0
6/29/2026,11:22:19 AM,SPXW,ML/,500,0.4,,PUT,7025,0,20000,6/30/2026,WHITE,0,1,F,INDEX,,F,T,0,0
6/29/2026,11:51:19 AM,SPXW,ML/,888,0.31,,PUT,7025,0,27527,6/30/2026,WHITE,0,1,F,INDEX,,F,T,0,0
6/29/2026,11:35:15 AM,SPXW,ML/,2995,0.4,,PUT,7025,0,119800,6/30/2026,WHITE,0,1,F,INDEX,,F,T,0,0
6/29/2026,11:51:30 AM,SPXW,ML/,592,0.31,,PUT,7025,0,18352,6/30/2026,WHITE,0,1,F,INDEX,,F,T,0,0
6/29/2026,11:43:04 AM,SPXW,ML/,229,56.2,,CALL,7355,0,1286980,6/29/2026,WHITE,0,0,F,INDEX,,F,T,0,0
6/29/2026,10:15:44 AM,SPXW,ML/,50,24.04,,CALL,7355,0,120200,6/29/2026,WHITE,0,0,F,INDEX,,F,T,0,0
6/29/2026,9:35:30 AM,SPXW,ML/,80,12.3,,PUT,7395,0,98400,6/29/2026,WHITE,0,0,F,INDEX,,F,T,0,0
6/29/2026,9:54:06 AM,SPXW,BLOCK,77,7.4,,PUT,7395,0,56979,6/29/2026,WHITE,0,0,F,INDEX,,F,T,0,0
6/29/2026,9:55:48 AM,SPXW,ML/,85,13.2,,PUT,7395,0,112200,6/29/2026,WHITE,0,0,F,INDEX,,F,T,0,0
6/29/2026,9:55:55 AM,SPXW,ML/,60,13.3,,PUT,7395,0,79800,6/29/2026,WHITE,0,0,F,INDEX,,F,T,0,0
6/29/2026,9:55:56 AM,SPXW,ML/,87,13.45,,PUT,7395,0,117014,6/29/2026,WHITE,0,0,F,INDEX,,F,T,0,0
6/29/2026,9:36:52 AM,SPXW,ML/,50,16.88,,PUT,7395,0,84400,6/29/2026,WHITE,0,0,F,INDEX,,F,T,0,0
6/29/2026,9:58:03 AM,SPXW,ML/,80,17.65,,PUT,7395,0,141200,6/29/2026,WHITE,0,0,F,INDEX,,F,T,0,0
6/29/2026,9:58:14 AM,SPXW,ML/,50,17.2,,PUT,7395,0,86000,6/29/2026,WHITE,0,0,F,INDEX,,F,T,0,0
6/29/2026,9:55:56 AM,SPXW,ML/,87,13.45,,PUT,7395,0,117014,6/29/2026,WHITE,0,0,F,INDEX,,F,T,0,0
6/29/2026,10:45:03 AM,SPXW,BLOCK,112,16,,PUT,7395,0,179200,6/29/2026,WHITE,0,0,F,INDEX,,F,T,0,0
6/29/2026,10:54:04 AM,SPXW,ML/,78,10.05,,PUT,7395,0,78390,6/29/2026,WHITE,0,0,F,INDEX,,F,T,0,0
6/29/2026,10:54:49 AM,SPXW,ML/,157,9.45,,PUT,7395,0,148365,6/29/2026,WHITE,0,0,F,INDEX,,F,T,0,0
6/29/2026,10:54:49 AM,SPXW,ML/,78,9.4,,PUT,7395,0,73320,6/29/2026,WHITE,0,0,F,INDEX,,F,T,0,0
6/29/2026,10:54:48 AM,SPXW,ML/,58,9.41,,PUT,7395,0,54578,6/29/2026,WHITE,0,0,F,INDEX,,F,T,0,0
6/29/2026,10:54:40 AM,SPXW,ML/,78,9.25,,PUT,7395,0,72150,6/29/2026,WHITE,0,0,F,INDEX,,F,T,0,0
6/29/2026,11:20:48 AM,SPXW,BLOCK,74,12.2,,PUT,7395,0,90280,6/29/2026,WHITE,0,0,F,INDEX,,F,T,0,0
6/29/2026,11:28:03 AM,SPXW,BLOCK,50,10,,PUT,7395,0,50000,6/29/2026,WHITE,0,0,F,INDEX,,F,T,0,0
6/29/2026,11:30:04 AM,SPXW,ML/,70,8.6,,PUT,7395,0,60200,6/29/2026,WHITE,0,0,F,INDEX,,F,T,0,0
6/29/2026,11:31:12 AM,SPXW,BLOCK,105,9.3,,PUT,7395,0,97650,6/29/2026,WHITE,0,0,F,INDEX,,F,T,0,0
6/29/2026,11:31:37 AM,SPXW,BLOCK,50,8.8,,PUT,7395,0,44000,6/29/2026,WHITE,0,0,F,INDEX,,F,T,0,0
6/29/2026,11:31:12 AM,SPXW,BLOCK,105,9.4,,PUT,7395,0,98700,6/29/2026,WHITE,0,0,F,INDEX,,F,T,0,0
6/29/2026,11:38:24 AM,SPXW,ML/,120,7.7,,PUT,7395,0,92400,6/29/2026,WHITE,0,0,F,INDEX,,F,T,0,0
6/29/2026,11:42:01 AM,SPXW,BLOCK,220,6.8,,PUT,7395,0,149600,6/29/2026,WHITE,0,0,F,INDEX,,F,T,0,0
6/29/2026,11:44:22 AM,SPXW,BLOCK,186,6.1,,PUT,7395,0,113459,6/29/2026,WHITE,0,0,F,INDEX,,F,T,0,0
6/29/2026,11:44:50 AM,SPXW,ML/,70,5.52,,PUT,7395,0,38640,6/29/2026,WHITE,0,0,F,INDEX,,F,T,0,0
6/29/2026,11:47:49 AM,SPXW,ML/,50,6.34,,PUT,7395,0,31700,6/29/2026,WHITE,0,0,F,INDEX,,F,T,0,0
6/29/2026,12:04:03 PM,SPXW,ML/,55,4.57,,PUT,7395,0,25135,6/29/2026,WHITE,0,0,F,INDEX,,F,T,0,0
6/29/2026,12:35:37 PM,SPXW,BLOCK,99,4.8,,PUT,7395,0,47520,6/29/2026,WHITE,0,0,F,INDEX,,F,T,0,0
6/29/2026,12:36:08 PM,SPXW,BLOCK,92,5.2,,PUT,7395,0,47840,6/29/2026,WHITE,0,0,F,INDEX,,F,T,0,0
6/29/2026,12:45:20 PM,SPXW,BLOCK,84,3.8,,PUT,7395,0,31920,6/29/2026,WHITE,0,0,F,INDEX,,F,T,0,0
6/29/2026,12:54:30 PM,SPXW,BLOCK,136,2.75,,PUT,7395,0,37400,6/29/2026,WHITE,0,0,F,INDEX,,F,T,0,0
6/29/2026,12:55:19 PM,SPXW,ML/,200,3.1,,PUT,7395,0,62000,6/29/2026,WHITE,0,0,F,INDEX,,F,T,0,0
6/29/2026,1:00:09 PM,SPXW,ML/,53,2.95,,PUT,7395,0,15635,6/29/2026,WHITE,0,0,F,INDEX,,F,T,0,0
6/29/2026,1:00:09 PM,SPXW,BLOCK,73,2.95,,PUT,7395,0,21535,6/29/2026,WHITE,0,0,F,INDEX,,F,T,0,0
6/29/2026,1:00:10 PM,SPXW,BLOCK,64,3,,PUT,7395,0,19200,6/29/2026,WHITE,0,0,F,INDEX,,F,T,0,0
6/29/2026,12:54:30 PM,SPXW,BLOCK,66,2.7,,PUT,7395,0,17820,6/29/2026,WHITE,0,0,F,INDEX,,F,T,0,0
6/29/2026,1:05:06 PM,SPXW,BLOCK,64,2.5,,PUT,7395,0,16000,6/29/2026,WHITE,0,0,F,INDEX,,F,T,0,0
6/29/2026,1:09:50 PM,SPXW,BLOCK,64,1.95,,PUT,7395,0,12480,6/29/2026,WHITE,0,0,F,INDEX,,F,T,0,0
6/29/2026,1:13:52 PM,SPXW,ML/,66,1.55,,PUT,7395,0,10230,6/29/2026,WHITE,0,0,F,INDEX,,F,T,0,0
6/29/2026,1:14:35 PM,SPXW,ML/,80,1.62,,PUT,7395,0,12960,6/29/2026,WHITE,0,0,F,INDEX,,F,T,0,0
6/29/2026,1:15:00 PM,SPXW,BLOCK,101,1.6,,PUT,7395,0,16160,6/29/2026,WHITE,0,0,F,INDEX,,F,T,0,0
6/29/2026,1:21:43 PM,SPXW,BLOCK,86,1.7,,PUT,7395,0,14619,6/29/2026,WHITE,0,0,F,INDEX,,F,T,0,0
6/29/2026,1:25:08 PM,SPXW,BLOCK,106,1.95,,PUT,7395,0,20670,6/29/2026,WHITE,0,0,F,INDEX,,F,T,0,0
6/29/2026,1:27:48 PM,SPXW,ML/,65,1.77,,PUT,7395,0,11505,6/29/2026,WHITE,0,0,F,INDEX,,F,T,0,0
6/29/2026,1:35:27 PM,SPXW,ML/,100,1.27,,PUT,7395,0,12700,6/29/2026,WHITE,0,0,F,INDEX,,F,T,0,0
6/29/2026,10:54:42 AM,SPXW,ML/,50,9.63,,PUT,7395,0,48150,6/29/2026,WHITE,0,0,F,INDEX,,F,T,0,0
6/29/2026,9:55:46 AM,SPXW,ML/,87,13.09,,PUT,7395,0,113883,6/29/2026,WHITE,0,0,F,INDEX,,F,T,0,0
6/29/2026,10:08:21 AM,SPXW,ML/,100,30.56,,PUT,7395,0,305600,6/29/2026,WHITE,0,0,F,INDEX,,F,T,0,0
6/29/2026,10:47:06 AM,SPXW,ML/,150,18.25,,PUT,7395,0,273750,6/29/2026,WHITE,0,0,F,INDEX,,F,T,0,0
6/29/2026,10:54:49 AM,SPXW,ML/,56,9.45,,PUT,7395,0,52919,6/29/2026,WHITE,0,0,F,INDEX,,F,T,0,0
6/29/2026,12:31:20 PM,SPXW,ML/,175,4.93,,PUT,7395,0,86275,6/29/2026,WHITE,0,0,F,INDEX,,F,T,0,0
6/29/2026,1:00:10 PM,SPXW,BLOCK,85,2.95,,PUT,7395,0,25075,6/29/2026,WHITE,0,0,F,INDEX,,F,T,0,0
6/29/2026,1:38:41 PM,SPXW,ML/,102,1.36,,PUT,7395,0,13872,6/29/2026,WHITE,0,0,F,INDEX,,F,T,0,0
6/29/2026,4:01:24 PM,SPXW,ML/,158,16.01,,PUT,6750,0,252958,7/31/2026,WHITE,0,32,F,INDEX,,F,T,0,0
6/29/2026,4:01:35 PM,SPXW,ML/,312,15.96,,PUT,6750,0,497952,7/31/2026,WHITE,0,32,F,INDEX,,F,T,0,0
6/29/2026,4:01:39 PM,SPXW,ML/,506,15.97,,PUT,6750,0,808082,7/31/2026,WHITE,0,32,F,INDEX,,F,T,0,0
6/29/2026,10:00:25 AM,SPXW,ML/,56,99.61,,PUT,7490,0,557816,6/29/2026,WHITE,0,0,F,INDEX,,F,T,0,0
6/29/2026,10:00:50 AM,SPXW,ML/,56,102.15,,PUT,7490,0,572040,6/29/2026,WHITE,0,0,F,INDEX,,F,T,0,0
6/29/2026,9:30:06 AM,RUTW,ML/,50,49.81,,CALL,2960,0,249050,7/1/2026,WHITE,0,2,F,INDEX,,F,T,0,0
6/29/2026,9:30:06 AM,RUTW,ML/,50,58.73,,CALL,2950,0,293650,7/1/2026,WHITE,0,2,F,INDEX,,F,T,0,0
6/29/2026,12:10:54 PM,SPXW,BLOCK,55,1.9,,PUT,7240,0,10450,6/30/2026,WHITE,0,1,F,INDEX,,F,T,0,0
6/29/2026,3:57:49 PM,SPXW,BLOCK,209,0.6,,PUT,7240,0,12540,6/30/2026,WHITE,0,1,F,INDEX,,F,T,0,0
6/29/2026,10:13:29 AM,SPXW,ML/,60,9.02,,PUT,7245,0,54120,6/30/2026,WHITE,0,1,F,INDEX,,F,T,0,0
6/29/2026,11:35:22 AM,SPXW,ML/,68,2.9,,PUT,7245,0,19720,6/30/2026,WHITE,0,1,F,INDEX,,F,T,0,0
6/29/2026,9:37:07 AM,RUTW,BLOCK,564,2.49,,CALL,3025,0,140436,6/29/2026,WHITE,0,0,F,INDEX,,F,T,0,0
6/29/2026,9:30:06 AM,RUTW,ML/,50,2.32,,PUT,2890,0,11599,7/1/2026,WHITE,0,2,F,INDEX,,F,T,0,0
6/29/2026,9:30:06 AM,RUTW,ML/,50,2.04,,PUT,2880,0,10200,7/1/2026,WHITE,0,2,F,INDEX,,F,T,0,0
6/29/2026,9:30:47 AM,RUTW,BLOCK,60,7.18,,PUT,2980,0,43079,6/29/2026,WHITE,0,0,F,INDEX,,F,T,0,0
6/29/2026,9:33:17 AM,RUTW,ML/,100,3.47,,PUT,2980,0,34700,6/29/2026,WHITE,0,0,F,INDEX,,F,T,0,0
6/29/2026,1:31:40 PM,SPXW,ML/,3300,0.07,,CALL,8000,0,23100,7/2/2026,WHITE,0,3,F,INDEX,,F,T,0,0
6/29/2026,3:20:54 PM,SPXW,SWEEP,56,11.4,,CALL,7600,0,63840,7/10/2026,WHITE,0,11,F,INDEX,,F,T,0,0
6/29/2026,3:21:04 PM,SPXW,ML/,163,11.5,,CALL,7600,0,187450,7/10/2026,WHITE,0,11,F,INDEX,,F,T,0,0
6/29/2026,3:46:15 PM,SPXW,ML/,144,11.14,,CALL,7600,0,160416,7/10/2026,WHITE,0,11,F,INDEX,,F,T,0,0
6/29/2026,4:09:57 PM,SPXW,BLOCK,69,11.2,,CALL,7600,0,77280,7/10/2026,WHITE,0,11,F,INDEX,,F,T,0,0
6/29/2026,3:21:29 PM,SPXW,BLOCK,94,11.5,,CALL,7600,0,108100,7/10/2026,WHITE,0,11,F,INDEX,,F,T,0,0
6/29/2026,12:21:55 PM,SPXW,ML/,110,8.73,,CALL,7600,0,96030,7/10/2026,WHITE,0,11,F,INDEX,,F,T,0,0
6/29/2026,3:46:18 PM,SPXW,ML/,160,11.14,,CALL,7600,0,178240,7/10/2026,WHITE,0,11,F,INDEX,,F,T,0,0
6/29/2026,11:11:56 AM,SPXW,ML/,50,16.44,,CALL,7475,0,82200,7/2/2026,WHITE,0,3,F,INDEX,,F,T,0,0
6/29/2026,12:09:59 PM,SPXW,ML/,63,16.5,,PUT,7325,0,103950,7/2/2026,WHITE,0,3,F,INDEX,,F,T,0,0
6/29/2026,2:02:59 PM,SPXW,ML/,280,12.75,,PUT,7325,0,357000,7/2/2026,WHITE,0,3,F,INDEX,,F,T,0,0
6/29/2026,2:02:59 PM,SPXW,ML/,176,12.77,,PUT,7325,0,224752,7/2/2026,WHITE,0,3,F,INDEX,,F,T,0,0
6/29/2026,2:43:43 PM,SPXW,ML/,150,41.34,,PUT,7340,0,620100,7/13/2026,WHITE,0,14,F,INDEX,,F,T,0,0
6/29/2026,2:43:50 PM,SPXW,ML/,150,41.24,,PUT,7340,0,618600,7/13/2026,WHITE,0,14,F,INDEX,,F,T,0,0
6/29/2026,9:30:21 AM,RUTW,ML/,140,0.75,,CALL,3050,0,10500,6/29/2026,WHITE,0,0,F,INDEX,,F,T,0,0
6/29/2026,10:35:41 AM,SPXW,ML/,200,41,,CALL,7400,0,820000,7/2/2026,WHITE,0,3,F,INDEX,,F,T,0,0
6/29/2026,10:36:00 AM,SPXW,ML/,300,41,,CALL,7400,0,1230000,7/2/2026,WHITE,0,3,F,INDEX,,F,T,0,0
6/29/2026,10:41:11 AM,SPXW,ML/,150,41,,CALL,7400,0,615000,7/2/2026,WHITE,0,3,F,INDEX,,F,T,0,0
6/29/2026,11:19:09 AM,SPXW,ML/,50,53.35,,CALL,7400,0,266750,7/2/2026,WHITE,0,3,F,INDEX,,F,T,0,0
6/29/2026,9:58:57 AM,SPXW,ML/,50,8.47,,PUT,7305,0,42350,6/30/2026,WHITE,0,1,F,INDEX,,F,T,0,0
6/29/2026,11:08:49 AM,SPXW,BLOCK,51,4.5,,CALL,7530,0,22950,7/2/2026,WHITE,0,3,F,INDEX,,F,T,0,0
6/29/2026,3:58:38 PM,SPXW,ML/,73,7.5,,CALL,7530,0,54750,7/2/2026,WHITE,0,3,F,INDEX,,F,T,0,0
6/29/2026,10:24:36 AM,SPXW,ML/,50,3.54,,CALL,7530,0,17700,7/2/2026,WHITE,0,3,F,INDEX,,F,T,0,0
6/29/2026,12:20:55 PM,SPXW,ML/,100,5.08,,CALL,7530,0,50800,7/2/2026,WHITE,0,3,F,INDEX,,F,T,0,0
6/29/2026,2:33:32 PM,SPXW,ML/,50,7.17,,CALL,7530,0,35850,7/2/2026,WHITE,0,3,F,INDEX,,F,T,0,0
6/29/2026,2:23:47 PM,SPXW,ML/,110,6.33,,PUT,6825,0,69630,7/16/2026,WHITE,0,17,F,INDEX,,F,T,0,0
6/29/2026,3:31:36 PM,SPXW,ML/,171,2.42,,PUT,7315,0,41382,6/30/2026,WHITE,0,1,F,INDEX,,F,T,0,0
6/29/2026,1:49:12 PM,SPXW,BLOCK,150,3.3,,PUT,7315,0,49499,6/30/2026,WHITE,0,1,F,INDEX,,F,T,0,0
6/29/2026,3:48:55 PM,SPXW,ML/,60,2.1,,CALL,7565,0,12600,7/2/2026,WHITE,0,3,F,INDEX,,F,T,0,0
6/29/2026,4:04:15 PM,RUTW,ML/,52,4.05,,CALL,3030,0,21060,6/30/2026,WHITE,0,1,F,INDEX,,F,T,0,0
6/29/2026,10:10:15 AM,SPX,ML/,500,71.82,,PUT,6800,0,3590999,9/18/2026,WHITE,0,81,F,INDEX,,F,F,0,0
6/29/2026,2:50:14 PM,SPX,BLOCK,50,60.7,,PUT,6800,0,303500,9/18/2026,WHITE,0,81,F,INDEX,,F,F,0,0
6/29/2026,1:15:02 PM,SPX,ML/,850,0.7,,CALL,7900,0,59500,7/17/2026,WHITE,0,18,F,INDEX,,F,F,0,0
6/29/2026,1:58:33 PM,SPX,ML/,140,0.74,,CALL,7900,0,10360,7/17/2026,WHITE,0,18,F,INDEX,,F,F,0,0
6/29/2026,1:47:40 PM,SPXW,BLOCK,200,0.65,,PUT,7180,0,13000,6/30/2026,WHITE,0,1,F,INDEX,,F,T,0,0
6/29/2026,10:13:01 AM,SPXW,ML/,100,5.52,,PUT,6950,0,55200,7/8/2026,WHITE,0,9,F,INDEX,,F,T,0,0
6/29/2026,10:24:51 AM,SPX,ML/,1850,616.65,,PUT,8000,0,114080250,7/17/2026,WHITE,0,18,F,INDEX,,F,F,0,0
6/29/2026,3:44:04 PM,SPX,ML/,2000,546.41,,PUT,8000,0,109282000,7/17/2026,WHITE,0,18,F,INDEX,,F,F,0,0
6/29/2026,3:48:36 PM,SPX,ML/,300,545.3,,PUT,8000,0,16359000,7/17/2026,WHITE,0,18,F,INDEX,,F,F,0,0
6/29/2026,10:26:35 AM,SPX,ML/,1800,616.65,,PUT,8000,0,110997000,7/17/2026,WHITE,0,18,F,INDEX,,F,F,0,0
6/29/2026,11:46:21 AM,SPX,ML/,101,568.88,,PUT,8000,0,5745688,7/17/2026,WHITE,0,18,F,INDEX,,F,F,0,0
6/29/2026,2:25:13 PM,SPX,ML/,3300,547.06,,PUT,8000,0,180529799,7/17/2026,WHITE,0,18,F,INDEX,,F,F,0,0
6/29/2026,3:18:47 PM,SPX,ML/,3000,546.43,,PUT,8000,0,163928999,7/17/2026,WHITE,0,18,F,INDEX,,F,F,0,0
6/29/2026,3:44:04 PM,SPX,ML/,450,546.41,,PUT,8000,0,24588450,7/17/2026,WHITE,0,18,F,INDEX,,F,F,0,0
6/29/2026,4:00:16 PM,SPX,ML/,250,545.3,,PUT,8000,0,13632500,7/17/2026,WHITE,0,18,F,INDEX,,F,F,0,0
6/29/2026,9:53:44 AM,SPXW,BLOCK,50,2.7,,CALL,7600,0,13500,7/6/2026,WHITE,0,7,F,INDEX,,F,T,0,0
6/29/2026,3:56:41 PM,SPXW,BLOCK,58,1.85,,CALL,7600,0,10730,7/6/2026,WHITE,0,7,F,INDEX,,F,T,0,0
6/29/2026,1:42:55 PM,SPXW,ML/,60,112.32,,CALL,7320,0,673920,6/29/2026,WHITE,0,0,F,INDEX,,F,T,0,0
6/29/2026,12:01:34 PM,SPX,ML/,60,13.6,,PUT,6990,0,81600,7/17/2026,WHITE,0,18,F,INDEX,,F,F,0,0
6/29/2026,10:24:51 AM,SPX,ML/,1850,22.08,,PUT,7000,0,4084800,7/17/2026,WHITE,0,18,F,INDEX,,F,F,0,0
6/29/2026,3:18:47 PM,SPX,ML/,2300,12.09,,PUT,7000,0,2780700,7/17/2026,WHITE,0,18,F,INDEX,,F,F,0,0
6/29/2026,3:44:04 PM,SPX,ML/,2400,12.14,,PUT,7000,0,2913600,7/17/2026,WHITE,0,18,F,INDEX,,F,F,0,0
6/29/2026,3:48:36 PM,SPX,ML/,300,12.05,,PUT,7000,0,361500,7/17/2026,WHITE,0,18,F,INDEX,,F,F,0,0
6/29/2026,9:46:16 AM,SPX,BLOCK,51,14.9,,PUT,7000,0,75990,7/17/2026,WHITE,0,18,F,INDEX,,F,F,0,0
6/29/2026,10:23:50 AM,SPX,BLOCK,82,21.6,,PUT,7000,0,177120,7/17/2026,WHITE,0,18,F,INDEX,,F,F,0,0
6/29/2026,10:26:35 AM,SPX,ML/,1800,22.08,,PUT,7000,0,3974400,7/17/2026,WHITE,0,18,F,INDEX,,F,F,0,0
6/29/2026,10:46:04 AM,SPX,ML/,250,18.05,,PUT,7000,0,451250,7/17/2026,WHITE,0,18,F,INDEX,,F,F,0,0
6/29/2026,11:02:52 AM,SPX,ML/,500,16.4,,PUT,7000,0,819999,7/17/2026,WHITE,0,18,F,INDEX,,F,F,0,0
6/29/2026,11:46:21 AM,SPX,ML/,101,14.89,,PUT,7000,0,150389,7/17/2026,WHITE,0,18,F,INDEX,,F,F,0,0
6/29/2026,12:02:25 PM,SPX,ML/,750,14.23,,PUT,7000,0,1067250,7/17/2026,WHITE,0,18,F,INDEX,,F,F,0,0
6/29/2026,1:51:23 PM,SPX,ML/,53,12.99,,PUT,7000,0,68847,7/17/2026,WHITE,0,18,F,INDEX,,F,F,0,0
6/29/2026,2:25:13 PM,SPX,ML/,3300,12.67,,PUT,7000,0,4181100,7/17/2026,WHITE,0,18,F,INDEX,,F,F,0,0
6/29/2026,4:00:16 PM,SPX,ML/,250,12.05,,PUT,7000,0,301250,7/17/2026,WHITE,0,18,F,INDEX,,F,F,0,0
6/29/2026,3:18:47 PM,SPX,ML/,700,12.09,,PUT,7000,0,846300,7/17/2026,WHITE,0,18,F,INDEX,,F,F,0,0
6/29/2026,3:44:04 PM,SPX,ML/,50,12.14,,PUT,7000,0,60700,7/17/2026,WHITE,0,18,F,INDEX,,F,F,0,0
6/29/2026,3:02:11 PM,SPX,ML/,650,9.65,,PUT,6000,0,627250,8/21/2026,WHITE,0,53,F,INDEX,,F,F,0,0
6/29/2026,1:47:20 PM,SPXW,ML/,50,2.68,,PUT,7230,0,13400,7/1/2026,WHITE,0,2,F,INDEX,,F,T,0,0
6/29/2026,4:10:44 PM,SPXW,ML/,250,1.92,,PUT,7230,0,48000,7/1/2026,WHITE,0,2,F,INDEX,,F,T,0,0
6/29/2026,4:11:13 PM,SPXW,ML/,200,1.88,,PUT,7230,0,37599,7/1/2026,WHITE,0,2,F,INDEX,,F,T,0,0
6/29/2026,10:41:36 AM,SPXW,BLOCK,50,11,,PUT,6475,0,55000,7/31/2026,WHITE,0,32,F,INDEX,,F,T,0,0
6/29/2026,10:05:58 AM,SPX,ML/,120,2.04,,CALL,7775,0,24480,7/17/2026,WHITE,0,18,F,INDEX,,F,F,0,0
6/29/2026,9:57:12 AM,SPXW,ML/,50,44.71,,PUT,7450,0,223550,6/29/2026,WHITE,0,0,F,INDEX,,F,T,0,0
6/29/2026,10:10:13 AM,SPXW,ML/,100,70.92,,PUT,7450,0,709200,6/29/2026,WHITE,0,0,F,INDEX,,F,T,0,0
6/29/2026,10:17:47 AM,SPXW,ML/,200,89.87,,PUT,7450,0,1797400,6/29/2026,WHITE,0,0,F,INDEX,,F,T,0,0
6/29/2026,10:23:49 AM,SPXW,ML/,50,89.87,,PUT,7450,0,449350,6/29/2026,WHITE,0,0,F,INDEX,,F,T,0,0
6/29/2026,11:19:29 AM,SPXW,ML/,250,49.96,,PUT,7450,0,1249000,6/29/2026,WHITE,0,0,F,INDEX,,F,T,0,0
6/29/2026,2:23:03 PM,SPXW,ML/,98,17.9,,PUT,7450,0,175419,6/29/2026,WHITE,0,0,F,INDEX,,F,T,0,0
6/29/2026,10:00:53 AM,SPXW,ML/,100,44.71,,PUT,7450,0,447100,6/29/2026,WHITE,0,0,F,INDEX,,F,T,0,0
6/29/2026,10:15:54 AM,SPXW,ML/,100,70.92,,PUT,7450,0,709200,6/29/2026,WHITE,0,0,F,INDEX,,F,T,0,0
6/29/2026,10:28:44 AM,SPXW,ML/,150,89.87,,PUT,7450,0,1348050,6/29/2026,WHITE,0,0,F,INDEX,,F,T,0,0
6/29/2026,10:18:28 AM,SPXW,ML/,100,88.19,,PUT,7450,0,881900,6/29/2026,WHITE,0,0,F,INDEX,,F,T,0,0
6/29/2026,10:25:00 AM,SPXW,ML/,200,84.37,,PUT,7450,0,1687400,6/29/2026,WHITE,0,0,F,INDEX,,F,T,0,0
6/29/2026,11:35:37 AM,SPXW,ML/,150,49.96,,PUT,7450,0,749400,6/29/2026,WHITE,0,0,F,INDEX,,F,T,0,0
6/29/2026,1:20:44 PM,SPXW,ML/,750,21.93,,PUT,7450,0,1644750,6/29/2026,WHITE,0,0,F,INDEX,,F,T,0,0
6/29/2026,2:12:04 PM,SPXW,ML/,2500,18.22,,PUT,7450,0,4555000,6/29/2026,WHITE,0,0,F,INDEX,,F,T,0,0
6/29/2026,2:08:26 PM,SPXW,ML/,2500,17.19,,PUT,7450,0,4297500,6/29/2026,WHITE,0,0,F,INDEX,,F,T,0,0
6/29/2026,2:14:17 PM,SPXW,ML/,80,17.01,,PUT,7450,0,136080,6/29/2026,WHITE,0,0,F,INDEX,,F,T,0,0
6/29/2026,2:33:14 PM,SPXW,ML/,350,18.88,,PUT,7450,0,660800,6/29/2026,WHITE,0,0,F,INDEX,,F,T,0,0
6/29/2026,3:58:35 PM,SPXW,ML/,51,11.2,,PUT,7450,0,57120,6/29/2026,WHITE,0,0,F,INDEX,,F,T,0,0
6/29/2026,9:30:37 AM,SPXW,ML/,60,26.68,,PUT,7200,0,160080,7/10/2026,WHITE,0,11,F,INDEX,,F,T,0,0
6/29/2026,1:32:30 PM,SPXW,BLOCK,50,43,,CALL,7500,0,215000,7/10/2026,WHITE,0,11,F,INDEX,,F,T,0,0
6/29/2026,2:08:04 PM,SPXW,BLOCK,57,43,,CALL,7500,0,245100,7/10/2026,WHITE,0,11,F,INDEX,,F,T,0,0
6/29/2026,1:59:47 PM,SPXW,ML/,50,42.64,,CALL,7500,0,213200,7/10/2026,WHITE,0,11,F,INDEX,,F,T,0,0
6/29/2026,2:04:40 PM,SPXW,ML/,64,43.69,,CALL,7500,0,279616,7/10/2026,WHITE,0,11,F,INDEX,,F,T,0,0
6/29/2026,10:24:03 AM,SPXW,ML/,100,1.12,,PUT,7235,0,11200,6/29/2026,WHITE,0,0,F,INDEX,,F,T,0,0
6/29/2026,1:13:22 PM,SPXW,ML/,96,4.95,,CALL,7480,0,47520,6/30/2026,WHITE,0,1,F,INDEX,,F,T,0,0
6/29/2026,1:13:22 PM,SPXW,ML/,162,4.95,,CALL,7480,0,80190,6/30/2026,WHITE,0,1,F,INDEX,,F,T,0,0
6/29/2026,1:13:39 PM,SPXW,ML/,62,5.16,,CALL,7480,0,31992,6/30/2026,WHITE,0,1,F,INDEX,,F,T,0,0
6/29/2026,3:43:26 PM,SPXW,ML/,422,5.2,,CALL,7480,0,219440,6/30/2026,WHITE,0,1,F,INDEX,,F,T,0,0
6/29/2026,3:43:26 PM,SPXW,ML/,526,5.27,,CALL,7480,0,277202,6/30/2026,WHITE,0,1,F,INDEX,,F,T,0,0
6/29/2026,3:45:18 PM,SPXW,ML/,106,5.63,,CALL,7480,0,59678,6/30/2026,WHITE,0,1,F,INDEX,,F,T,0,0
6/29/2026,3:43:17 PM,SPXW,ML/,175,5.15,,CALL,7480,0,90125,6/30/2026,WHITE,0,1,F,INDEX,,F,T,0,0
6/29/2026,10:24:38 AM,SPXW,ML/,50,2.1,,CALL,7480,0,10500,6/30/2026,WHITE,0,1,F,INDEX,,F,T,0,0
6/29/2026,12:55:32 PM,SPXW,ML/,75,3.45,,CALL,7480,0,25875,6/30/2026,WHITE,0,1,F,INDEX,,F,T,0,0
6/29/2026,1:13:32 PM,SPXW,ML/,69,4.87,,CALL,7480,0,33603,6/30/2026,WHITE,0,1,F,INDEX,,F,T,0,0
6/29/2026,1:13:32 PM,SPXW,ML/,51,4.92,,CALL,7480,0,25092,6/30/2026,WHITE,0,1,F,INDEX,,F,T,0,0
6/29/2026,4:06:39 PM,SPXW,ML/,50,5.57,,CALL,7480,0,27850,6/30/2026,WHITE,0,1,F,INDEX,,F,T,0,0
6/29/2026,3:43:26 PM,SPXW,ML/,552,5.18,,CALL,7480,0,285935,6/30/2026,WHITE,0,1,F,INDEX,,F,T,0,0
6/29/2026,3:41:10 PM,SPXW,ML/,59,3.71,,PUT,7150,0,21889,7/6/2026,WHITE,0,7,F,INDEX,,F,T,0,0
6/29/2026,3:41:11 PM,SPXW,ML/,53,3.71,,PUT,7150,0,19663,7/6/2026,WHITE,0,7,F,INDEX,,F,T,0,0
6/29/2026,3:41:12 PM,SPXW,ML/,64,3.71,,PUT,7150,0,23744,7/6/2026,WHITE,0,7,F,INDEX,,F,T,0,0
6/29/2026,11:41:13 AM,SPXW,ML/,55,6.82,,PUT,7150,0,37510,7/6/2026,WHITE,0,7,F,INDEX,,F,T,0,0
6/29/2026,9:42:13 AM,XSP,ML/,69,3.14,,PUT,737,0,21666,7/2/2026,WHITE,0,3,F,INDEX,,F,T,0,0
6/29/2026,9:41:59 AM,SPX,ML/,350,49.86,,PUT,7275,0,1745100,7/17/2026,WHITE,0,18,F,INDEX,,F,F,0,0
6/29/2026,10:07:29 AM,SPXW,ML/,50,4.47,,PUT,7110,0,22350,7/2/2026,WHITE,0,3,F,INDEX,,F,T,0,0
6/29/2026,9:45:19 AM,SPXW,ML/,187,4.85,,PUT,7025,0,90695,7/8/2026,WHITE,0,9,F,INDEX,,F,T,0,0
6/29/2026,11:32:34 AM,SPXW,ML/,100,5.43,,PUT,7025,0,54300,7/8/2026,WHITE,0,9,F,INDEX,,F,T,0,0
6/29/2026,11:33:08 AM,SPXW,ML/,100,5.5,,PUT,7025,0,55000,7/8/2026,WHITE,0,9,F,INDEX,,F,T,0,0
6/29/2026,11:34:27 AM,SPXW,ML/,100,5.4,,PUT,7025,0,54000,7/8/2026,WHITE,0,9,F,INDEX,,F,T,0,0
6/29/2026,11:35:10 AM,SPXW,ML/,81,5.73,,PUT,7025,0,46413,7/8/2026,WHITE,0,9,F,INDEX,,F,T,0,0
6/29/2026,11:40:20 AM,SPXW,ML/,200,5.18,,PUT,7025,0,103600,7/8/2026,WHITE,0,9,F,INDEX,,F,T,0,0
6/29/2026,9:45:19 AM,SPXW,ML/,187,5.55,,PUT,7050,0,103784,7/8/2026,WHITE,0,9,F,INDEX,,F,T,0,0
6/29/2026,9:36:30 AM,SPX,BLOCK,110,28,,PUT,7125,0,308000,7/17/2026,WHITE,0,18,F,INDEX,,F,F,0,0
6/29/2026,9:50:02 AM,SPX,BLOCK,124,26,,PUT,7125,0,322400,7/17/2026,WHITE,0,18,F,INDEX,,F,F,0,0
6/29/2026,10:23:05 AM,SPX,BLOCK,54,36,,PUT,7125,0,194400,7/17/2026,WHITE,0,18,F,INDEX,,F,F,0,0
6/29/2026,3:51:49 PM,SPX,BLOCK,85,20.8,,PUT,7125,0,176800,7/17/2026,WHITE,0,18,F,INDEX,,F,F,0,0
6/29/2026,9:59:25 AM,XSP,ML/,100,12.22,,PUT,746,0,122200,7/17/2026,WHITE,0,18,F,INDEX,,F,F,0,0
6/29/2026,10:04:12 AM,XSP,ML/,50,12.32,,PUT,746,0,61600,7/17/2026,WHITE,0,18,F,INDEX,,F,F,0,0
6/29/2026,10:04:51 AM,XSP,ML/,200,12.36,,PUT,746,0,247200,7/17/2026,WHITE,0,18,F,INDEX,,F,F,0,0
6/29/2026,10:15:01 AM,XSP,ML/,350,14.85,,PUT,746,0,519750,7/17/2026,WHITE,0,18,F,INDEX,,F,F,0,0
6/29/2026,3:59:31 PM,SPXW,BLOCK,52,92.1,,CALL,7355,0,478920,6/30/2026,WHITE,0,1,F,INDEX,,F,T,0,0
6/29/2026,1:42:55 PM,SPXW,ML/,60,122.27,,CALL,7310,0,733620,6/29/2026,WHITE,0,0,F,INDEX,,F,T,0,0
6/29/2026,9:49:05 AM,SPXW,ML/,89,53.93,,CALL,7420,0,479976,7/2/2026,WHITE,0,3,F,INDEX,,F,T,0,0
6/29/2026,3:49:56 PM,SPXW,ML/,72,50.16,,PUT,7250,0,361151,7/24/2026,WHITE,0,25,F,INDEX,,F,T,0,0
6/29/2026,9:30:11 AM,RUTW,ML/,365,1.33,,PUT,2630,0,48545,7/10/2026,WHITE,0,11,F,INDEX,,F,T,0,0
6/29/2026,9:30:15 AM,RUTW,ML/,130,1.35,,PUT,2630,0,17550,7/10/2026,WHITE,0,11,F,INDEX,,F,T,0,0
6/29/2026,9:30:15 AM,RUTW,BLOCK,250,1.75,,PUT,2660,0,43750,7/10/2026,WHITE,0,11,F,INDEX,,F,T,0,0
6/29/2026,9:30:15 AM,RUTW,BLOCK,265,1.75,,PUT,2660,0,46375,7/10/2026,WHITE,0,11,F,INDEX,,F,T,0,0
6/29/2026,9:30:23 AM,RUTW,BLOCK,69,1.75,,PUT,2660,0,12075,7/10/2026,WHITE,0,11,F,INDEX,,F,T,0,0
6/29/2026,9:30:11 AM,RUTW,ML/,365,1.63,,PUT,2660,0,59494,7/10/2026,WHITE,0,11,F,INDEX,,F,T,0,0
6/29/2026,9:30:13 AM,RUTW,ML/,72,1.65,,PUT,2660,0,11880,7/10/2026,WHITE,0,11,F,INDEX,,F,T,0,0
6/29/2026,9:30:15 AM,RUTW,ML/,130,1.67,,PUT,2660,0,21710,7/10/2026,WHITE,0,11,F,INDEX,,F,T,0,0
6/29/2026,10:48:03 AM,SPXW,SWEEP,86,4,,CALL,7500,0,34400,7/1/2026,WHITE,0,2,F,INDEX,,F,T,0,0
6/29/2026,10:37:36 AM,SPXW,ML/,60,4.9,,CALL,7500,0,29400,7/1/2026,WHITE,0,2,F,INDEX,,F,T,0,0
6/29/2026,2:05:21 PM,SPXW,BLOCK,70,7.8,,CALL,7500,0,54600,7/1/2026,WHITE,0,2,F,INDEX,,F,T,0,0
6/29/2026,2:05:21 PM,SPXW,ML/,130,7.9,,CALL,7500,0,102700,7/1/2026,WHITE,0,2,F,INDEX,,F,T,0,0
6/29/2026,3:15:26 PM,SPXW,ML/,610,7.45,,CALL,7500,0,454450,7/1/2026,WHITE,0,2,F,INDEX,,F,T,0,0
6/29/2026,4:00:06 PM,SPXW,BLOCK,200,7,,CALL,7500,0,140000,7/1/2026,WHITE,0,2,F,INDEX,,F,T,0,0
6/29/2026,10:15:45 AM,SPXW,ML/,60,3.96,,CALL,7500,0,23760,7/1/2026,WHITE,0,2,F,INDEX,,F,T,0,0
6/29/2026,10:48:04 AM,SPXW,SWEEP,56,3.9,,CALL,7500,0,21839,7/1/2026,WHITE,0,2,F,INDEX,,F,T,0,0
6/29/2026,3:31:52 PM,SPXW,ML/,90,7.45,,CALL,7500,0,67050,7/1/2026,WHITE,0,2,F,INDEX,,F,T,0,0
6/29/2026,9:36:13 AM,SPXW,ML/,53,147.52,,PUT,7500,0,781856,7/24/2026,WHITE,0,25,F,INDEX,,F,T,0,0
6/29/2026,11:17:15 AM,SPX,BLOCK,400,0.6,,PUT,5000,0,24000,7/17/2026,WHITE,0,18,F,INDEX,,F,F,0,0
6/29/2026,9:52:18 AM,SPXW,ML/,55,6.5,,CALL,7540,0,35750,7/2/2026,WHITE,0,3,F,INDEX,,F,T,0,0
6/29/2026,10:24:36 AM,SPXW,ML/,50,2.58,,CALL,7540,0,12900,7/2/2026,WHITE,0,3,F,INDEX,,F,T,0,0
6/29/2026,12:20:55 PM,SPXW,ML/,100,3.74,,CALL,7540,0,37400,7/2/2026,WHITE,0,3,F,INDEX,,F,T,0,0
6/29/2026,3:58:38 PM,SPXW,ML/,73,5.5,,CALL,7540,0,40150,7/2/2026,WHITE,0,3,F,INDEX,,F,T,0,0
6/29/2026,9:52:18 AM,SPXW,ML/,55,5.6,,CALL,7545,0,30800,7/2/2026,WHITE,0,3,F,INDEX,,F,T,0,0
6/29/2026,11:48:24 AM,SPXW,ML/,89,3.1,,CALL,7545,0,27590,7/2/2026,WHITE,0,3,F,INDEX,,F,T,0,0
6/29/2026,3:50:18 PM,SPXW,ML/,54,100.22,,CALL,7400,0,541188,7/10/2026,WHITE,0,11,F,INDEX,,F,T,0,0
6/29/2026,4:08:54 PM,XSP,ML/,100,1.57,,PUT,735,0,15700,7/2/2026,WHITE,0,3,F,INDEX,,F,T,0,0
6/29/2026,1:01:44 PM,SPX,ML/,250,13,,CALL,7650,0,325000,7/17/2026,WHITE,0,18,F,INDEX,,F,F,0,0
6/29/2026,3:49:35 PM,SPXW,BLOCK,100,5.1,,CALL,7510,0,50999,7/1/2026,WHITE,0,2,F,INDEX,,F,T,0,0
6/29/2026,3:53:29 PM,SPXW,BLOCK,50,4.6,,CALL,7510,0,22999,7/1/2026,WHITE,0,2,F,INDEX,,F,T,0,0
6/29/2026,3:55:14 PM,SPXW,BLOCK,50,4.7,,CALL,7510,0,23500,7/1/2026,WHITE,0,2,F,INDEX,,F,T,0,0
6/29/2026,10:57:40 AM,SPXW,ML/,50,2.45,,CALL,7520,0,12250,7/1/2026,WHITE,0,2,F,INDEX,,F,T,0,0
6/29/2026,10:55:20 AM,SPXW,ML/,50,2.7,,CALL,7520,0,13500,7/1/2026,WHITE,0,2,F,INDEX,,F,T,0,0
6/29/2026,9:49:34 AM,SPXW,ML/,75,1.9,,PUT,7080,0,14250,7/2/2026,WHITE,0,3,F,INDEX,,F,T,0,0
6/29/2026,10:06:27 AM,SPXW,ML/,80,3.05,,PUT,7080,0,24400,7/2/2026,WHITE,0,3,F,INDEX,,F,T,0,0
6/29/2026,1:33:11 PM,SPXW,ML/,88,13.3,,CALL,7455,0,117040,6/30/2026,WHITE,0,1,F,INDEX,,F,T,0,0
6/29/2026,11:17:42 AM,SPXW,ML/,50,7.43,,CALL,7455,0,37150,6/30/2026,WHITE,0,1,F,INDEX,,F,T,0,0
6/29/2026,1:22:43 PM,SPXW,ML/,50,13.4,,PUT,7435,0,67000,6/29/2026,WHITE,0,0,F,INDEX,,F,T,0,0
6/29/2026,1:31:04 PM,SPXW,BLOCK,50,9.9,,PUT,7435,0,49500,6/29/2026,WHITE,0,0,F,INDEX,,F,T,0,0
6/29/2026,1:32:42 PM,SPXW,BLOCK,63,9.7,,PUT,7435,0,61110,6/29/2026,WHITE,0,0,F,INDEX,,F,T,0,0
6/29/2026,1:35:03 PM,SPXW,ML/,57,9.93,,PUT,7435,0,56601,6/29/2026,WHITE,0,0,F,INDEX,,F,T,0,0
6/29/2026,1:35:50 PM,SPXW,BLOCK,101,9.9,,PUT,7435,0,99990,6/29/2026,WHITE,0,0,F,INDEX,,F,T,0,0
6/29/2026,1:45:37 PM,SPXW,BLOCK,50,10,,PUT,7435,0,50000,6/29/2026,WHITE,0,0,F,INDEX,,F,T,0,0
6/29/2026,1:47:20 PM,SPXW,ML/,52,8.75,,PUT,7435,0,45500,6/29/2026,WHITE,0,0,F,INDEX,,F,T,0,0
6/29/2026,1:51:37 PM,SPXW,BLOCK,50,8.3,,PUT,7435,0,41500,6/29/2026,WHITE,0,0,F,INDEX,,F,T,0,0
6/29/2026,1:52:33 PM,SPXW,ML/,65,7.65,,PUT,7435,0,49725,6/29/2026,WHITE,0,0,F,INDEX,,F,T,0,0
6/29/2026,1:53:01 PM,SPXW,BLOCK,110,7,,PUT,7435,0,77000,6/29/2026,WHITE,0,0,F,INDEX,,F,T,0,0
6/29/2026,1:53:07 PM,SPXW,BLOCK,50,7,,PUT,7435,0,35000,6/29/2026,WHITE,0,0,F,INDEX,,F,T,0,0
6/29/2026,1:54:47 PM,SPXW,BLOCK,50,7.6,,PUT,7435,0,38000,6/29/2026,WHITE,0,0,F,INDEX,,F,T,0,0
6/29/2026,1:54:39 PM,SPXW,BLOCK,61,7.2,,PUT,7435,0,43920,6/29/2026,WHITE,0,0,F,INDEX,,F,T,0,0
6/29/2026,2:01:32 PM,SPXW,BLOCK,74,7.5,,PUT,7435,0,55500,6/29/2026,WHITE,0,0,F,INDEX,,F,T,0,0
6/29/2026,2:04:06 PM,SPXW,BLOCK,175,7.7,,PUT,7435,0,134750,6/29/2026,WHITE,0,0,F,INDEX,,F,T,0,0
6/29/2026,2:04:36 PM,SPXW,BLOCK,55,7.5,,PUT,7435,0,41250,6/29/2026,WHITE,0,0,F,INDEX,,F,T,0,0
6/29/2026,2:07:11 PM,SPXW,BLOCK,97,7.1,,PUT,7435,0,68870,6/29/2026,WHITE,0,0,F,INDEX,,F,T,0,0
6/29/2026,2:07:11 PM,SPXW,BLOCK,78,7,,PUT,7435,0,54600,6/29/2026,WHITE,0,0,F,INDEX,,F,T,0,0
6/29/2026,2:08:40 PM,SPXW,BLOCK,74,7.5,,PUT,7435,0,55500,6/29/2026,WHITE,0,0,F,INDEX,,F,T,0,0
6/29/2026,2:08:41 PM,SPXW,ML/,83,7.5,,PUT,7435,0,62250,6/29/2026,WHITE,0,0,F,INDEX,,F,T,0,0
6/29/2026,2:14:05 PM,SPXW,ML/,127,6.8,,PUT,7435,0,86360,6/29/2026,WHITE,0,0,F,INDEX,,F,T,0,0
6/29/2026,2:16:46 PM,SPXW,BLOCK,55,8.2,,PUT,7435,0,45099,6/29/2026,WHITE,0,0,F,INDEX,,F,T,0,0
6/29/2026,2:19:52 PM,SPXW,ML/,50,8,,PUT,7435,0,40000,6/29/2026,WHITE,0,0,F,INDEX,,F,T,0,0
6/29/2026,2:20:41 PM,SPXW,BLOCK,175,8.2,,PUT,7435,0,143500,6/29/2026,WHITE,0,0,F,INDEX,,F,T,0,0
6/29/2026,2:20:06 PM,SPXW,BLOCK,74,8.1,,PUT,7435,0,59940,6/29/2026,WHITE,0,0,F,INDEX,,F,T,0,0
6/29/2026,2:20:03 PM,SPXW,ML/,60,7.85,,PUT,7435,0,47100,6/29/2026,WHITE,0,0,F,INDEX,,F,T,0,0
6/29/2026,2:25:44 PM,SPXW,BLOCK,89,8.3,,PUT,7435,0,73870,6/29/2026,WHITE,0,0,F,INDEX,,F,T,0,0
6/29/2026,1:54:10 PM,SPXW,BLOCK,60,6.6,,PUT,7435,0,39599,6/29/2026,WHITE,0,0,F,INDEX,,F,T,0,0
6/29/2026,2:35:33 PM,SPXW,BLOCK,87,5.5,,PUT,7435,0,47850,6/29/2026,WHITE,0,0,F,INDEX,,F,T,0,0
6/29/2026,2:35:34 PM,SPXW,BLOCK,56,5.5,,PUT,7435,0,30800,6/29/2026,WHITE,0,0,F,INDEX,,F,T,0,0
6/29/2026,2:37:21 PM,SPXW,ML/,60,5.56,,PUT,7435,0,33360,6/29/2026,WHITE,0,0,F,INDEX,,F,T,0,0
6/29/2026,2:41:13 PM,SPXW,BLOCK,80,5.5,,PUT,7435,0,44000,6/29/2026,WHITE,0,0,F,INDEX,,F,T,0,0
6/29/2026,2:47:42 PM,SPXW,BLOCK,100,4.5,,PUT,7435,0,45000,6/29/2026,WHITE,0,0,F,INDEX,,F,T,0,0
6/29/2026,2:48:50 PM,SPXW,BLOCK,90,4.5,,PUT,7435,0,40500,6/29/2026,WHITE,0,0,F,INDEX,,F,T,0,0
6/29/2026,2:50:14 PM,SPXW,BLOCK,100,4.6,,PUT,7435,0,45999,6/29/2026,WHITE,0,0,F,INDEX,,F,T,0,0
6/29/2026,2:51:32 PM,SPXW,BLOCK,63,5,,PUT,7435,0,31500,6/29/2026,WHITE,0,0,F,INDEX,,F,T,0,0
6/29/2026,2:51:39 PM,SPXW,BLOCK,67,5.1,,PUT,7435,0,34170,6/29/2026,WHITE,0,0,F,INDEX,,F,T,0,0
6/29/2026,2:51:46 PM,SPXW,BLOCK,50,5.1,,PUT,7435,0,25500,6/29/2026,WHITE,0,0,F,INDEX,,F,T,0,0
6/29/2026,2:52:26 PM,SPXW,BLOCK,61,4.9,,PUT,7435,0,29889,6/29/2026,WHITE,0,0,F,INDEX,,F,T,0,0
6/29/2026,2:52:37 PM,SPXW,BLOCK,54,5.2,,PUT,7435,0,28080,6/29/2026,WHITE,0,0,F,INDEX,,F,T,0,0
6/29/2026,2:54:40 PM,SPXW,BLOCK,59,4.5,,PUT,7435,0,26550,6/29/2026,WHITE,0,0,F,INDEX,,F,T,0,0
6/29/2026,2:56:17 PM,SPXW,BLOCK,51,4.7,,PUT,7435,0,23970,6/29/2026,WHITE,0,0,F,INDEX,,F,T,0,0
6/29/2026,2:59:43 PM,SPXW,BLOCK,51,5.3,,PUT,7435,0,27030,6/29/2026,WHITE,0,0,F,INDEX,,F,T,0,0
6/29/2026,3:04:58 PM,SPXW,BLOCK,50,5.3,,PUT,7435,0,26500,6/29/2026,WHITE,0,0,F,INDEX,,F,T,0,0
6/29/2026,3:05:07 PM,SPXW,BLOCK,63,5.5,,PUT,7435,0,34650,6/29/2026,WHITE,0,0,F,INDEX,,F,T,0,0
6/29/2026,3:10:50 PM,SPXW,BLOCK,71,4.1,,PUT,7435,0,29109,6/29/2026,WHITE,0,0,F,INDEX,,F,T,0,0
6/29/2026,3:12:09 PM,SPXW,BLOCK,51,4.5,,PUT,7435,0,22950,6/29/2026,WHITE,0,0,F,INDEX,,F,T,0,0
6/29/2026,3:16:28 PM,SPXW,BLOCK,60,5.1,,PUT,7435,0,30600,6/29/2026,WHITE,0,0,F,INDEX,,F,T,0,0
6/29/2026,3:14:58 PM,SPXW,ML/,60,4.66,,PUT,7435,0,27960,6/29/2026,WHITE,0,0,F,INDEX,,F,T,0,0
6/29/2026,3:18:05 PM,SPXW,BLOCK,50,4.7,,PUT,7435,0,23500,6/29/2026,WHITE,0,0,F,INDEX,,F,T,0,0
6/29/2026,3:18:24 PM,SPXW,BLOCK,83,4.4,,PUT,7435,0,36520,6/29/2026,WHITE,0,0,F,INDEX,,F,T,0,0
6/29/2026,3:19:14 PM,SPXW,BLOCK,60,4.2,,PUT,7435,0,25200,6/29/2026,WHITE,0,0,F,INDEX,,F,T,0,0
6/29/2026,3:21:10 PM,SPXW,BLOCK,50,3.1,,PUT,7435,0,15500,6/29/2026,WHITE,0,0,F,INDEX,,F,T,0,0
6/29/2026,3:22:24 PM,SPXW,BLOCK,77,2.8,,PUT,7435,0,21560,6/29/2026,WHITE,0,0,F,INDEX,,F,T,0,0
6/29/2026,3:24:21 PM,SPXW,BLOCK,154,2.5,,PUT,7435,0,38500,6/29/2026,WHITE,0,0,F,INDEX,,F,T,0,0
6/29/2026,3:25:14 PM,SPXW,ML/,102,2.6,,PUT,7435,0,26520,6/29/2026,WHITE,0,0,F,INDEX,,F,T,0,0
6/29/2026,3:25:22 PM,SPXW,BLOCK,50,2.6,,PUT,7435,0,13000,6/29/2026,WHITE,0,0,F,INDEX,,F,T,0,0
6/29/2026,3:26:00 PM,SPXW,BLOCK,82,2.4,,PUT,7435,0,19680,6/29/2026,WHITE,0,0,F,INDEX,,F,T,0,0
6/29/2026,3:26:57 PM,SPXW,SWEEP,58,2.55,,PUT,7435,0,14790,6/29/2026,WHITE,0,0,F,INDEX,,F,T,0,0
6/29/2026,3:27:12 PM,SPXW,BLOCK,92,2.7,,PUT,7435,0,24840,6/29/2026,WHITE,0,0,F,INDEX,,F,T,0,0
6/29/2026,3:25:46 PM,SPXW,ML/,96,2.8,,PUT,7435,0,26880,6/29/2026,WHITE,0,0,F,INDEX,,F,T,0,0
6/29/2026,3:27:21 PM,SPXW,BLOCK,59,2.5,,PUT,7435,0,14750,6/29/2026,WHITE,0,0,F,INDEX,,F,T,0,0
6/29/2026,3:28:13 PM,SPXW,SWEEP,50,2.4,,PUT,7435,0,12000,6/29/2026,WHITE,0,0,F,INDEX,,F,T,0,0
6/29/2026,3:28:42 PM,SPXW,BLOCK,50,2.4,,PUT,7435,0,12000,6/29/2026,WHITE,0,0,F,INDEX,,F,T,0,0
6/29/2026,3:30:30 PM,SPXW,BLOCK,63,3,,PUT,7435,0,18900,6/29/2026,WHITE,0,0,F,INDEX,,F,T,0,0
6/29/2026,3:31:00 PM,SPXW,ML/,74,3.4,,PUT,7435,0,25160,6/29/2026,WHITE,0,0,F,INDEX,,F,T,0,0
6/29/2026,3:31:15 PM,SPXW,BLOCK,97,3.4,,PUT,7435,0,32980,6/29/2026,WHITE,0,0,F,INDEX,,F,T,0,0
6/29/2026,3:31:42 PM,SPXW,BLOCK,99,3.6,,PUT,7435,0,35640,6/29/2026,WHITE,0,0,F,INDEX,,F,T,0,0
6/29/2026,3:31:58 PM,SPXW,ML/,51,3.5,,PUT,7435,0,17850,6/29/2026,WHITE,0,0,F,INDEX,,F,T,0,0
6/29/2026,3:32:15 PM,SPXW,BLOCK,53,3.8,,PUT,7435,0,20139,6/29/2026,WHITE,0,0,F,INDEX,,F,T,0,0
6/29/2026,3:33:07 PM,SPXW,ML/,74,3.4,,PUT,7435,0,25160,6/29/2026,WHITE,0,0,F,INDEX,,F,T,0,0
6/29/2026,3:33:47 PM,SPXW,BLOCK,50,3.8,,PUT,7435,0,19000,6/29/2026,WHITE,0,0,F,INDEX,,F,T,0,0
6/29/2026,3:36:16 PM,SPXW,BLOCK,68,3.6,,PUT,7435,0,24480,6/29/2026,WHITE,0,0,F,INDEX,,F,T,0,0
6/29/2026,3:39:02 PM,SPXW,BLOCK,188,3.4,,PUT,7435,0,63919,6/29/2026,WHITE,0,0,F,INDEX,,F,T,0,0
6/29/2026,3:40:45 PM,SPXW,BLOCK,65,1.9,,PUT,7435,0,12350,6/29/2026,WHITE,0,0,F,INDEX,,F,T,0,0
6/29/2026,3:42:49 PM,SPXW,ML/,68,3.1,,PUT,7435,0,21080,6/29/2026,WHITE,0,0,F,INDEX,,F,T,0,0
6/29/2026,3:43:48 PM,SPXW,BLOCK,81,3.3,,PUT,7435,0,26730,6/29/2026,WHITE,0,0,F,INDEX,,F,T,0,0
6/29/2026,3:44:14 PM,SPXW,ML/,216,4,,PUT,7435,0,86400,6/29/2026,WHITE,0,0,F,INDEX,,F,T,0,0
6/29/2026,3:44:14 PM,SPXW,ML/,79,3.9,,PUT,7435,0,30809,6/29/2026,WHITE,0,0,F,INDEX,,F,T,0,0
6/29/2026,3:44:05 PM,SPXW,BLOCK,81,3.5,,PUT,7435,0,28350,6/29/2026,WHITE,0,0,F,INDEX,,F,T,0,0
6/29/2026,3:43:47 PM,SPXW,ML/,192,3.1,,PUT,7435,0,59520,6/29/2026,WHITE,0,0,F,INDEX,,F,T,0,0
6/29/2026,3:42:47 PM,SPXW,ML/,65,2.97,,PUT,7435,0,19305,6/29/2026,WHITE,0,0,F,INDEX,,F,T,0,0
6/29/2026,3:50:03 PM,SPXW,BLOCK,62,2.2,,PUT,7435,0,13640,6/29/2026,WHITE,0,0,F,INDEX,,F,T,0,0
6/29/2026,3:50:03 PM,SPXW,BLOCK,82,2.25,,PUT,7435,0,18450,6/29/2026,WHITE,0,0,F,INDEX,,F,T,0,0
6/29/2026,3:50:49 PM,SPXW,BLOCK,51,3,,PUT,7435,0,15300,6/29/2026,WHITE,0,0,F,INDEX,,F,T,0,0
6/29/2026,3:51:14 PM,SPXW,BLOCK,75,3.3,,PUT,7435,0,24749,6/29/2026,WHITE,0,0,F,INDEX,,F,T,0,0
6/29/2026,3:51:28 PM,SPXW,BLOCK,74,3.7,,PUT,7435,0,27380,6/29/2026,WHITE,0,0,F,INDEX,,F,T,0,0
6/29/2026,3:44:15 PM,SPXW,BLOCK,331,4,,PUT,7435,0,132400,6/29/2026,WHITE,0,0,F,INDEX,,F,T,0,0
6/29/2026,3:51:49 PM,SPXW,BLOCK,64,4,,PUT,7435,0,25600,6/29/2026,WHITE,0,0,F,INDEX,,F,T,0,0
6/29/2026,3:51:29 PM,SPXW,ML/,59,3.3,,PUT,7435,0,19470,6/29/2026,WHITE,0,0,F,INDEX,,F,T,0,0
6/29/2026,3:52:44 PM,SPXW,BLOCK,50,3.4,,PUT,7435,0,17000,6/29/2026,WHITE,0,0,F,INDEX,,F,T,0,0
6/29/2026,3:53:02 PM,SPXW,ML/,51,4.3,,PUT,7435,0,21930,6/29/2026,WHITE,0,0,F,INDEX,,F,T,0,0
6/29/2026,3:53:21 PM,SPXW,ML/,53,3.4,,PUT,7435,0,18020,6/29/2026,WHITE,0,0,F,INDEX,,F,T,0,0
6/29/2026,3:53:30 PM,SPXW,BLOCK,72,3.6,,PUT,7435,0,25920,6/29/2026,WHITE,0,0,F,INDEX,,F,T,0,0
6/29/2026,3:53:54 PM,SPXW,SWEEP,50,3.8,,PUT,7435,0,19000,6/29/2026,WHITE,0,0,F,INDEX,,F,T,0,0
6/29/2026,3:53:10 PM,SPXW,ML/,50,3.62,,PUT,7435,0,18100,6/29/2026,WHITE,0,0,F,INDEX,,F,T,0,0
6/29/2026,3:54:07 PM,SPXW,SWEEP,50,4,,PUT,7435,0,20000,6/29/2026,WHITE,0,0,F,INDEX,,F,T,0,0
6/29/2026,3:54:33 PM,SPXW,SWEEP,65,3.6,,PUT,7435,0,23400,6/29/2026,WHITE,0,0,F,INDEX,,F,T,0,0
6/29/2026,3:50:07 PM,SPXW,ML/,88,3.06,,PUT,7435,0,26928,6/29/2026,WHITE,0,0,F,INDEX,,F,T,0,0
6/29/2026,3:58:12 PM,SPXW,ML/,118,1,,PUT,7435,0,11800,6/29/2026,WHITE,0,0,F,INDEX,,F,T,0,0
6/29/2026,12:54:18 PM,SPXW,ML/,52,19.61,,PUT,7435,0,101971,6/29/2026,WHITE,0,0,F,INDEX,,F,T,0,0
6/29/2026,1:17:06 PM,SPXW,ML/,74,11.79,,PUT,7435,0,87245,6/29/2026,WHITE,0,0,F,INDEX,,F,T,0,0
6/29/2026,1:53:56 PM,SPXW,ML/,90,6.98,,PUT,7435,0,62820,6/29/2026,WHITE,0,0,F,INDEX,,F,T,0,0
6/29/2026,1:54:06 PM,SPXW,ML/,50,6.73,,PUT,7435,0,33650,6/29/2026,WHITE,0,0,F,INDEX,,F,T,0,0
6/29/2026,2:00:39 PM,SPXW,ML/,67,8.88,,PUT,7435,0,59496,6/29/2026,WHITE,0,0,F,INDEX,,F,T,0,0
6/29/2026,3:57:02 PM,SPXW,ML/,56,2.49,,PUT,7435,0,13944,6/29/2026,WHITE,0,0,F,INDEX,,F,T,0,0
6/29/2026,3:58:06 PM,SPXW,ML/,184,1.17,,PUT,7435,0,21528,6/29/2026,WHITE,0,0,F,INDEX,,F,T,0,0
6/29/2026,10:09:32 AM,SPXW,BLOCK,88,2.8,,PUT,7195,0,24639,6/30/2026,WHITE,0,1,F,INDEX,,F,T,0,0
6/29/2026,10:11:49 AM,SPXW,BLOCK,87,3.1,,PUT,7195,0,26970,6/30/2026,WHITE,0,1,F,INDEX,,F,T,0,0
6/29/2026,10:05:54 AM,SPXW,ML/,50,22.56,,PUT,7325,0,112800,7/1/2026,WHITE,0,2,F,INDEX,,F,T,0,0
6/29/2026,3:49:35 PM,SPXW,ML/,250,6.45,,PUT,7325,0,161250,7/1/2026,WHITE,0,2,F,INDEX,,F,T,0,0
6/29/2026,3:00:53 PM,XSP,BLOCK,55,2.38,,PUT,680,0,13090,8/7/2026,WHITE,0,39,F,INDEX,,F,T,0,0
6/29/2026,12:53:46 PM,SPX,ML/,153,33.38,,PUT,7200,0,510714,7/17/2026,WHITE,0,18,F,INDEX,,F,F,0,0
6/29/2026,11:02:00 AM,SPX,ML/,50,37.45,,PUT,7200,0,187250,7/17/2026,WHITE,0,18,F,INDEX,,F,F,0,0
6/29/2026,12:52:57 PM,SPX,ML/,87,33.4,,PUT,7200,0,290580,7/17/2026,WHITE,0,18,F,INDEX,,F,F,0,0
6/29/2026,12:23:14 PM,SPX,ML/,60,32.86,,PUT,7200,0,197160,7/17/2026,WHITE,0,18,F,INDEX,,F,F,0,0
6/29/2026,12:34:39 PM,SPX,ML/,78,34.55,,PUT,7200,0,269489,7/17/2026,WHITE,0,18,F,INDEX,,F,F,0,0
6/29/2026,12:51:51 PM,SPX,ML/,59,33.76,,PUT,7200,0,199184,7/17/2026,WHITE,0,18,F,INDEX,,F,F,0,0
6/29/2026,12:52:57 PM,SPX,ML/,52,33.6,,PUT,7200,0,174720,7/17/2026,WHITE,0,18,F,INDEX,,F,F,0,0
6/29/2026,4:00:05 PM,SPX,BLOCK,65,29,,PUT,7200,0,188500,7/17/2026,WHITE,0,18,F,INDEX,,F,F,0,0
6/29/2026,1:33:11 PM,SPXW,ML/,88,17.7,,CALL,7445,0,155760,6/30/2026,WHITE,0,1,F,INDEX,,F,T,0,0
6/29/2026,2:24:44 PM,SPXW,ML/,110,17.69,,CALL,7445,0,194590,6/30/2026,WHITE,0,1,F,INDEX,,F,T,0,0
6/29/2026,3:59:57 PM,SPXW,ML/,50,19.57,,CALL,7445,0,97850,6/30/2026,WHITE,0,1,F,INDEX,,F,T,0,0
6/29/2026,4:02:21 PM,SPXW,ML/,60,17.88,,CALL,7445,0,107280,6/30/2026,WHITE,0,1,F,INDEX,,F,T,0,0
6/29/2026,10:32:28 AM,XSP,BLOCK,147,1.84,,CALL,739,0,27048,6/29/2026,WHITE,0,0,F,INDEX,,F,T,0,0
6/29/2026,10:33:17 AM,XSP,BLOCK,171,2,,CALL,739,0,34200,6/29/2026,WHITE,0,0,F,INDEX,,F,T,0,0
6/29/2026,3:38:56 PM,XSP,ML/,400,4.5,,CALL,739,0,180000,6/29/2026,WHITE,0,0,F,INDEX,,F,T,0,0
6/29/2026,3:58:10 PM,XSP,ML/,400,4.66,,CALL,739,0,186400,6/29/2026,WHITE,0,0,F,INDEX,,F,T,0,0
6/29/2026,10:12:56 AM,SPXW,BLOCK,70,15.2,,CALL,7380,0,106400,6/29/2026,WHITE,0,0,F,INDEX,,F,T,0,0
6/29/2026,10:27:14 AM,SPXW,ML/,50,19.5,,CALL,7380,0,97500,6/29/2026,WHITE,0,0,F,INDEX,,F,T,0,0
6/29/2026,1:16:32 PM,SPXW,ML/,50,15.94,,PUT,7260,0,79700,7/7/2026,WHITE,0,8,F,INDEX,,F,T,0,0
6/29/2026,3:31:26 PM,SPXW,ML/,140,13.01,,PUT,7260,0,182140,7/7/2026,WHITE,0,8,F,INDEX,,F,T,0,0
6/29/2026,3:31:28 PM,SPXW,ML/,92,13.05,,PUT,7260,0,120060,7/7/2026,WHITE,0,8,F,INDEX,,F,T,0,0
6/29/2026,11:06:14 AM,SPX,BLOCK,62,90.7,,CALL,7600,0,562340,8/21/2026,WHITE,0,53,F,INDEX,,F,F,0,0
6/29/2026,11:44:24 AM,SPX,ML/,150,92.04,,CALL,7600,0,1380600,8/21/2026,WHITE,0,53,F,INDEX,,F,F,0,0
6/29/2026,1:01:44 PM,SPX,ML/,250,95.5,,CALL,7600,0,2387500,8/21/2026,WHITE,0,53,F,INDEX,,F,F,0,0
6/29/2026,3:57:14 PM,SPXW,ML/,65,26,,CALL,7430,0,169000,6/30/2026,WHITE,0,1,F,INDEX,,F,T,0,0
6/29/2026,11:02:29 AM,SPXW,ML/,500,18.68,,CALL,7430,0,934000,6/30/2026,WHITE,0,1,F,INDEX,,F,T,0,0
6/29/2026,3:54:23 PM,SPXW,ML/,80,24.68,,CALL,7430,0,197440,6/30/2026,WHITE,0,1,F,INDEX,,F,T,0,0
6/29/2026,1:32:24 PM,SPXW,ML/,69,26.66,,CALL,7430,0,183954,6/30/2026,WHITE,0,1,F,INDEX,,F,T,0,0
6/29/2026,1:44:23 PM,SPXW,ML/,250,26.04,,CALL,7430,0,651000,6/30/2026,WHITE,0,1,F,INDEX,,F,T,0,0
6/29/2026,3:31:12 PM,SPXW,ML/,100,26.21,,CALL,7430,0,262100,6/30/2026,WHITE,0,1,F,INDEX,,F,T,0,0
6/29/2026,3:56:28 PM,SPXW,ML/,80,24.55,,CALL,7430,0,196400,6/30/2026,WHITE,0,1,F,INDEX,,F,T,0,0
6/29/2026,9:54:41 AM,SPXW,BLOCK,51,14.5,,PUT,7415,0,73950,6/29/2026,WHITE,0,0,F,INDEX,,F,T,0,0
6/29/2026,11:52:32 AM,SPXW,ML/,75,14.8,,PUT,7415,0,111000,6/29/2026,WHITE,0,0,F,INDEX,,F,T,0,0
6/29/2026,12:05:05 PM,SPXW,BLOCK,50,9,,PUT,7415,0,45000,6/29/2026,WHITE,0,0,F,INDEX,,F,T,0,0
6/29/2026,12:05:04 PM,SPXW,BLOCK,50,9.1,,PUT,7415,0,45500,6/29/2026,WHITE,0,0,F,INDEX,,F,T,0,0
6/29/2026,12:09:15 PM,SPXW,ML/,104,10.4,,PUT,7415,0,108160,6/29/2026,WHITE,0,0,F,INDEX,,F,T,0,0
6/29/2026,12:13:18 PM,SPXW,BLOCK,50,10.7,,PUT,7415,0,53500,6/29/2026,WHITE,0,0,F,INDEX,,F,T,0,0
6/29/2026,12:24:20 PM,SPXW,BLOCK,60,9.6,,PUT,7415,0,57600,6/29/2026,WHITE,0,0,F,INDEX,,F,T,0,0
6/29/2026,12:30:20 PM,SPXW,ML/,75,11.18,,PUT,7415,0,83850,6/29/2026,WHITE,0,0,F,INDEX,,F,T,0,0
6/29/2026,11:58:51 AM,SPXW,BLOCK,72,12.5,,PUT,7415,0,90000,6/29/2026,WHITE,0,0,F,INDEX,,F,T,0,0
6/29/2026,12:44:45 PM,SPXW,BLOCK,50,9.6,,PUT,7415,0,48000,6/29/2026,WHITE,0,0,F,INDEX,,F,T,0,0
6/29/2026,12:57:12 PM,SPXW,BLOCK,114,8.6,,PUT,7415,0,98040,6/29/2026,WHITE,0,0,F,INDEX,,F,T,0,0
6/29/2026,12:57:12 PM,SPXW,BLOCK,112,8.7,,PUT,7415,0,97440,6/29/2026,WHITE,0,0,F,INDEX,,F,T,0,0
6/29/2026,1:00:33 PM,SPXW,ML/,53,7,,PUT,7415,0,37100,6/29/2026,WHITE,0,0,F,INDEX,,F,T,0,0
6/29/2026,1:00:47 PM,SPXW,BLOCK,50,7.1,,PUT,7415,0,35500,6/29/2026,WHITE,0,0,F,INDEX,,F,T,0,0
6/29/2026,1:05:20 PM,SPXW,BLOCK,113,6.3,,PUT,7415,0,71190,6/29/2026,WHITE,0,0,F,INDEX,,F,T,0,0
6/29/2026,1:05:20 PM,SPXW,BLOCK,137,6.2,,PUT,7415,0,84940,6/29/2026,WHITE,0,0,F,INDEX,,F,T,0,0
6/29/2026,1:07:33 PM,SPXW,ML/,73,6.3,,PUT,7415,0,45990,6/29/2026,WHITE,0,0,F,INDEX,,F,T,0,0
6/29/2026,1:07:42 PM,SPXW,BLOCK,179,6.3,,PUT,7415,0,112770,6/29/2026,WHITE,0,0,F,INDEX,,F,T,0,0
6/29/2026,1:12:50 PM,SPXW,BLOCK,177,4.7,,PUT,7415,0,83190,6/29/2026,WHITE,0,0,F,INDEX,,F,T,0,0
6/29/2026,1:12:50 PM,SPXW,BLOCK,75,4.8,,PUT,7415,0,36000,6/29/2026,WHITE,0,0,F,INDEX,,F,T,0,0
6/29/2026,1:12:56 PM,SPXW,BLOCK,81,4.6,,PUT,7415,0,37260,6/29/2026,WHITE,0,0,F,INDEX,,F,T,0,0
6/29/2026,1:15:45 PM,SPXW,BLOCK,57,4.1,,PUT,7415,0,23370,6/29/2026,WHITE,0,0,F,INDEX,,F,T,0,0
6/29/2026,1:19:19 PM,SPXW,BLOCK,50,4.1,,PUT,7415,0,20499,6/29/2026,WHITE,0,0,F,INDEX,,F,T,0,0
6/29/2026,1:17:06 PM,SPXW,ML/,74,4.04,,PUT,7415,0,29895,6/29/2026,WHITE,0,0,F,INDEX,,F,T,0,0
6/29/2026,1:22:18 PM,SPXW,BLOCK,52,4.7,,PUT,7415,0,24440,6/29/2026,WHITE,0,0,F,INDEX,,F,T,0,0
6/29/2026,1:10:44 PM,SPXW,ML/,50,5.24,,PUT,7415,0,26200,6/29/2026,WHITE,0,0,F,INDEX,,F,T,0,0
6/29/2026,1:23:38 PM,SPXW,ML/,50,5.15,,PUT,7415,0,25750,6/29/2026,WHITE,0,0,F,INDEX,,F,T,0,0
6/29/2026,1:26:07 PM,SPXW,BLOCK,51,4.1,,PUT,7415,0,20910,6/29/2026,WHITE,0,0,F,INDEX,,F,T,0,0
6/29/2026,1:29:18 PM,SPXW,BLOCK,51,3.9,,PUT,7415,0,19890,6/29/2026,WHITE,0,0,F,INDEX,,F,T,0,0
6/29/2026,1:32:08 PM,SPXW,BLOCK,60,3,,PUT,7415,0,18000,6/29/2026,WHITE,0,0,F,INDEX,,F,T,0,0
6/29/2026,1:40:42 PM,SPXW,ML/,53,2.95,,PUT,7415,0,15635,6/29/2026,WHITE,0,0,F,INDEX,,F,T,0,0
6/29/2026,1:42:28 PM,SPXW,ML/,68,2.85,,PUT,7415,0,19380,6/29/2026,WHITE,0,0,F,INDEX,,F,T,0,0
6/29/2026,1:42:28 PM,SPXW,ML/,78,2.85,,PUT,7415,0,22230,6/29/2026,WHITE,0,0,F,INDEX,,F,T,0,0
6/29/2026,1:42:29 PM,SPXW,ML/,55,2.82,,PUT,7415,0,15510,6/29/2026,WHITE,0,0,F,INDEX,,F,T,0,0
6/29/2026,1:42:30 PM,SPXW,ML/,78,2.82,,PUT,7415,0,21995,6/29/2026,WHITE,0,0,F,INDEX,,F,T,0,0
6/29/2026,1:42:30 PM,SPXW,ML/,78,2.82,,PUT,7415,0,21995,6/29/2026,WHITE,0,0,F,INDEX,,F,T,0,0
6/29/2026,1:42:31 PM,SPXW,ML/,78,2.82,,PUT,7415,0,21995,6/29/2026,WHITE,0,0,F,INDEX,,F,T,0,0
6/29/2026,1:45:16 PM,SPXW,ML/,53,3.23,,PUT,7415,0,17119,6/29/2026,WHITE,0,0,F,INDEX,,F,T,0,0
6/29/2026,1:45:14 PM,SPXW,ML/,50,3.25,,PUT,7415,0,16250,6/29/2026,WHITE,0,0,F,INDEX,,F,T,0,0
6/29/2026,1:48:47 PM,SPXW,ML/,80,2.45,,PUT,7415,0,19600,6/29/2026,WHITE,0,0,F,INDEX,,F,T,0,0
6/29/2026,1:54:24 PM,SPXW,BLOCK,71,2,,PUT,7415,0,14200,6/29/2026,WHITE,0,0,F,INDEX,,F,T,0,0
6/29/2026,1:55:25 PM,SPXW,SWEEP,62,2.2,,PUT,7415,0,13640,6/29/2026,WHITE,0,0,F,INDEX,,F,T,0,0
6/29/2026,1:55:29 PM,SPXW,SWEEP,75,2.25,,PUT,7415,0,16875,6/29/2026,WHITE,0,0,F,INDEX,,F,T,0,0
6/29/2026,1:56:52 PM,SPXW,ML/,70,2.27,,PUT,7415,0,15890,6/29/2026,WHITE,0,0,F,INDEX,,F,T,0,0
6/29/2026,2:11:59 PM,SPXW,ML/,50,2.07,,PUT,7415,0,10349,6/29/2026,WHITE,0,0,F,INDEX,,F,T,0,0
6/29/2026,2:14:40 PM,SPXW,BLOCK,138,1.9,,PUT,7415,0,26220,6/29/2026,WHITE,0,0,F,INDEX,,F,T,0,0
6/29/2026,2:14:43 PM,SPXW,BLOCK,158,1.95,,PUT,7415,0,30809,6/29/2026,WHITE,0,0,F,INDEX,,F,T,0,0
6/29/2026,2:14:43 PM,SPXW,BLOCK,207,1.95,,PUT,7415,0,40365,6/29/2026,WHITE,0,0,F,INDEX,,F,T,0,0
6/29/2026,2:14:48 PM,SPXW,BLOCK,191,2,,PUT,7415,0,38200,6/29/2026,WHITE,0,0,F,INDEX,,F,T,0,0
6/29/2026,2:14:52 PM,SPXW,BLOCK,88,2.05,,PUT,7415,0,18039,6/29/2026,WHITE,0,0,F,INDEX,,F,T,0,0
6/29/2026,2:14:53 PM,SPXW,BLOCK,100,2.1,,PUT,7415,0,21000,6/29/2026,WHITE,0,0,F,INDEX,,F,T,0,0
6/29/2026,2:14:55 PM,SPXW,BLOCK,256,2.15,,PUT,7415,0,55040,6/29/2026,WHITE,0,0,F,INDEX,,F,T,0,0
6/29/2026,2:14:59 PM,SPXW,BLOCK,71,2.15,,PUT,7415,0,15264,6/29/2026,WHITE,0,0,F,INDEX,,F,T,0,0
6/29/2026,2:15:06 PM,SPXW,ML/,467,2.15,,PUT,7415,0,100405,6/29/2026,WHITE,0,0,F,INDEX,,F,T,0,0
6/29/2026,2:15:12 PM,SPXW,BLOCK,108,2.15,,PUT,7415,0,23220,6/29/2026,WHITE,0,0,F,INDEX,,F,T,0,0
6/29/2026,2:14:51 PM,SPXW,BLOCK,58,2,,PUT,7415,0,11600,6/29/2026,WHITE,0,0,F,INDEX,,F,T,0,0
6/29/2026,2:20:10 PM,SPXW,BLOCK,51,2.4,,PUT,7415,0,12240,6/29/2026,WHITE,0,0,F,INDEX,,F,T,0,0
6/29/2026,2:29:08 PM,SPXW,BLOCK,50,2.3,,PUT,7415,0,11499,6/29/2026,WHITE,0,0,F,INDEX,,F,T,0,0
6/29/2026,2:36:29 PM,SPXW,SWEEP,100,1.15,,PUT,7415,0,11500,6/29/2026,WHITE,0,0,F,INDEX,,F,T,0,0
6/29/2026,2:56:12 PM,SPXW,BLOCK,438,0.9,,PUT,7415,0,39420,6/29/2026,WHITE,0,0,F,INDEX,,F,T,0,0
6/29/2026,3:02:47 PM,SPXW,BLOCK,105,1,,PUT,7415,0,10500,6/29/2026,WHITE,0,0,F,INDEX,,F,T,0,0
6/29/2026,3:03:00 PM,SPXW,BLOCK,173,1,,PUT,7415,0,17300,6/29/2026,WHITE,0,0,F,INDEX,,F,T,0,0
6/29/2026,3:06:48 PM,SPXW,BLOCK,162,0.65,,PUT,7415,0,10530,6/29/2026,WHITE,0,0,F,INDEX,,F,T,0,0
6/29/2026,3:08:58 PM,SPXW,BLOCK,500,0.6,,PUT,7415,0,30000,6/29/2026,WHITE,0,0,F,INDEX,,F,T,0,0
6/29/2026,3:20:55 PM,SPXW,ML/,353,0.35,,PUT,7415,0,12354,6/29/2026,WHITE,0,0,F,INDEX,,F,T,0,0
6/29/2026,3:22:23 PM,SPXW,ML/,500,0.25,,PUT,7415,0,12500,6/29/2026,WHITE,0,0,F,INDEX,,F,T,0,0
6/29/2026,9:30:31 AM,SPXW,ML/,50,39.82,,PUT,7415,0,199100,6/29/2026,WHITE,0,0,F,INDEX,,F,T,0,0
6/29/2026,11:47:49 AM,SPXW,ML/,50,13.74,,PUT,7415,0,68700,6/29/2026,WHITE,0,0,F,INDEX,,F,T,0,0
6/29/2026,1:22:43 PM,SPXW,ML/,50,4.65,,PUT,7415,0,23250,6/29/2026,WHITE,0,0,F,INDEX,,F,T,0,0
6/29/2026,1:40:43 PM,SPXW,ML/,50,3.01,,PUT,7415,0,15050,6/29/2026,WHITE,0,0,F,INDEX,,F,T,0,0
6/29/2026,3:16:07 PM,SPXW,ML/,50,39.25,,PUT,7350,0,196250,7/10/2026,WHITE,0,11,F,INDEX,,F,T,0,0
6/29/2026,12:03:00 PM,SPXW,ML/,3000,0.2,,CALL,7550,0,60000,6/30/2026,WHITE,0,1,F,INDEX,,F,T,0,0
6/29/2026,9:41:00 AM,SPXW,ML/,2985,0.33,,CALL,7550,0,98505,6/30/2026,WHITE,0,1,F,INDEX,,F,T,0,0
6/29/2026,9:33:28 AM,SPXW,ML/,1778,0.31,,CALL,7550,0,55118,6/30/2026,WHITE,0,1,F,INDEX,,F,T,0,0
6/29/2026,9:53:51 AM,SPXW,ML/,3000,0.36,,CALL,7550,0,108000,6/30/2026,WHITE,0,1,F,INDEX,,F,T,0,0
6/29/2026,10:32:41 AM,SPXW,ML/,200,21.6,,PUT,7405,0,432000,6/29/2026,WHITE,0,0,F,INDEX,,F,T,0,0
6/29/2026,11:07:52 AM,SPXW,BLOCK,50,15.7,,PUT,7405,0,78500,6/29/2026,WHITE,0,0,F,INDEX,,F,T,0,0
6/29/2026,11:31:06 AM,SPXW,BLOCK,51,13.1,,PUT,7405,0,66810,6/29/2026,WHITE,0,0,F,INDEX,,F,T,0,0
6/29/2026,11:35:05 AM,SPXW,BLOCK,95,14,,PUT,7405,0,133000,6/29/2026,WHITE,0,0,F,INDEX,,F,T,0,0
6/29/2026,11:37:57 AM,SPXW,BLOCK,80,11.4,,PUT,7405,0,91200,6/29/2026,WHITE,0,0,F,INDEX,,F,T,0,0
6/29/2026,11:42:14 AM,SPXW,ML/,50,9.62,,PUT,7405,0,48099,6/29/2026,WHITE,0,0,F,INDEX,,F,T,0,0
6/29/2026,11:49:43 AM,SPXW,BLOCK,57,10.2,,PUT,7405,0,58140,6/29/2026,WHITE,0,0,F,INDEX,,F,T,0,0
6/29/2026,11:44:08 AM,SPXW,ML/,50,9.05,,PUT,7405,0,45250,6/29/2026,WHITE,0,0,F,INDEX,,F,T,0,0
6/29/2026,11:59:10 AM,SPXW,BLOCK,54,7.5,,PUT,7405,0,40500,6/29/2026,WHITE,0,0,F,INDEX,,F,T,0,0
6/29/2026,12:17:06 PM,SPXW,ML/,101,6.45,,PUT,7405,0,65145,6/29/2026,WHITE,0,0,F,INDEX,,F,T,0,0
6/29/2026,12:32:34 PM,SPXW,BLOCK,61,8.2,,PUT,7405,0,50019,6/29/2026,WHITE,0,0,F,INDEX,,F,T,0,0
6/29/2026,12:54:25 PM,SPXW,ML/,66,4.5,,PUT,7405,0,29700,6/29/2026,WHITE,0,0,F,INDEX,,F,T,0,0
6/29/2026,1:12:55 PM,SPXW,ML/,57,2.7,,PUT,7405,0,15390,6/29/2026,WHITE,0,0,F,INDEX,,F,T,0,0
6/29/2026,1:13:37 PM,SPXW,SWEEP,148,2.5,,PUT,7405,0,37000,6/29/2026,WHITE,0,0,F,INDEX,,F,T,0,0
6/29/2026,1:23:07 PM,SPXW,ML/,81,3.07,,PUT,7405,0,24867,6/29/2026,WHITE,0,0,F,INDEX,,F,T,0,0
6/29/2026,1:33:32 PM,SPXW,BLOCK,92,2.3,,PUT,7405,0,21160,6/29/2026,WHITE,0,0,F,INDEX,,F,T,0,0
6/29/2026,1:51:17 PM,SPXW,ML/,76,1.5,,PUT,7405,0,11400,6/29/2026,WHITE,0,0,F,INDEX,,F,T,0,0
6/29/2026,2:19:01 PM,SPXW,ML/,174,1.17,,PUT,7405,0,20358,6/29/2026,WHITE,0,0,F,INDEX,,F,T,0,0
6/29/2026,2:58:56 PM,SPXW,ML/,249,0.48,,PUT,7405,0,11952,6/29/2026,WHITE,0,0,F,INDEX,,F,T,0,0
6/29/2026,9:36:52 AM,SPXW,ML/,50,21.29,,PUT,7405,0,106450,6/29/2026,WHITE,0,0,F,INDEX,,F,T,0,0
6/29/2026,9:38:41 AM,SPXW,ML/,57,20.93,,PUT,7405,0,119301,6/29/2026,WHITE,0,0,F,INDEX,,F,T,0,0
6/29/2026,11:58:34 AM,SPXW,ML/,78,8.38,,PUT,7405,0,65364,6/29/2026,WHITE,0,0,F,INDEX,,F,T,0,0
6/29/2026,11:58:34 AM,SPXW,ML/,119,8.35,,PUT,7405,0,99365,6/29/2026,WHITE,0,0,F,INDEX,,F,T,0,0
6/29/2026,3:58:40 PM,SPXW,ML/,89,36.03,,PUT,7345,0,320667,7/10/2026,WHITE,0,11,F,INDEX,,F,T,0,0
6/29/2026,3:09:33 PM,SPXW,ML/,55,5.05,,PUT,7255,0,27775,7/2/2026,WHITE,0,3,F,INDEX,,F,T,0,0
6/29/2026,3:05:39 PM,SPXW,ML/,50,5.17,,PUT,7255,0,25850,7/2/2026,WHITE,0,3,F,INDEX,,F,T,0,0
6/29/2026,3:40:45 PM,SPXW,ML/,55,28.32,,PUT,7360,0,155760,7/7/2026,WHITE,0,8,F,INDEX,,F,T,0,0
6/29/2026,3:40:45 PM,SPXW,ML/,55,28.3,,PUT,7360,0,155650,7/7/2026,WHITE,0,8,F,INDEX,,F,T,0,0
6/29/2026,12:24:37 PM,SPXW,ML/,96,38.8,,CALL,7450,0,372480,7/6/2026,WHITE,0,7,F,INDEX,,F,T,0,0
6/29/2026,9:35:35 AM,SPXW,BLOCK,50,43.8,,CALL,7450,0,219000,7/6/2026,WHITE,0,7,F,INDEX,,F,T,0,0
6/29/2026,11:51:52 AM,SPXW,ML/,212,28,,CALL,7410,0,593600,6/30/2026,WHITE,0,1,F,INDEX,,F,T,0,0
6/29/2026,11:50:34 AM,SPXW,ML/,217,27.2,,CALL,7410,0,590240,6/30/2026,WHITE,0,1,F,INDEX,,F,T,0,0
6/29/2026,11:53:38 AM,SPXW,ML/,102,27.6,,CALL,7410,0,281520,6/30/2026,WHITE,0,1,F,INDEX,,F,T,0,0
6/29/2026,1:39:58 PM,SPXW,ML/,172,38.85,,CALL,7410,0,668220,6/30/2026,WHITE,0,1,F,INDEX,,F,T,0,0
6/29/2026,1:59:59 PM,SPXW,ML/,123,38.9,,CALL,7410,0,478470,6/30/2026,WHITE,0,1,F,INDEX,,F,T,0,0
6/29/2026,11:50:24 AM,SPXW,ML/,179,27.4,,CALL,7410,0,490459,6/30/2026,WHITE,0,1,F,INDEX,,F,T,0,0
6/29/2026,11:50:44 AM,SPXW,ML/,121,27.49,,CALL,7410,0,332629,6/30/2026,WHITE,0,1,F,INDEX,,F,T,0,0
6/29/2026,11:53:31 AM,SPXW,ML/,86,27.69,,CALL,7410,0,238134,6/30/2026,WHITE,0,1,F,INDEX,,F,T,0,0
6/29/2026,1:59:38 PM,SPXW,ML/,200,38.53,,CALL,7410,0,770600,6/30/2026,WHITE,0,1,F,INDEX,,F,T,0,0
6/29/2026,2:02:18 PM,SPXW,ML/,120,39.98,,CALL,7410,0,479759,6/30/2026,WHITE,0,1,F,INDEX,,F,T,0,0
6/29/2026,2:05:26 PM,SPXW,ML/,100,40.99,,CALL,7410,0,409900,6/30/2026,WHITE,0,1,F,INDEX,,F,T,0,0
6/29/2026,2:05:40 PM,SPXW,ML/,141,40.6,,CALL,7410,0,572460,6/30/2026,WHITE,0,1,F,INDEX,,F,T,0,0
6/29/2026,2:06:40 PM,SPXW,ML/,50,40.09,,CALL,7410,0,200450,6/30/2026,WHITE,0,1,F,INDEX,,F,T,0,0
6/29/2026,11:47:00 AM,SPXW,ML/,80,19.78,,PUT,7100,0,158240,7/15/2026,WHITE,0,16,F,INDEX,,F,T,0,0
6/29/2026,10:44:11 AM,SPXW,ML/,73,6,,PUT,7175,0,43800,7/2/2026,WHITE,0,3,F,INDEX,,F,T,0,0
6/29/2026,10:46:16 AM,SPXW,ML/,86,6.52,,PUT,7175,0,56071,7/2/2026,WHITE,0,3,F,INDEX,,F,T,0,0
6/29/2026,4:04:20 PM,SPXW,ML/,445,2.65,,PUT,7175,0,117925,7/2/2026,WHITE,0,3,F,INDEX,,F,T,0,0
6/29/2026,3:02:02 PM,SPXW,ML/,75,32.77,,PUT,7300,0,245775,7/13/2026,WHITE,0,14,F,INDEX,,F,T,0,0
6/29/2026,9:30:14 AM,VIX,BLOCK,200,0.85,,CALL,22,0,17000,7/22/2026,WHITE,0,23,F,INDEX,,F,T,0,0
6/29/2026,10:37:02 AM,VIX,ML/,1500,0.8,,CALL,22,0,120000,7/22/2026,WHITE,0,23,F,INDEX,,F,T,0,0
6/29/2026,3:16:28 PM,VIX,BLOCK,248,0.72,,CALL,22,0,17856,7/22/2026,WHITE,0,23,F,INDEX,,F,T,0,0
6/29/2026,10:17:04 AM,VIX,BLOCK,317,0.98,,CALL,22,0,31065,7/22/2026,WHITE,0,23,F,INDEX,,F,T,0,0
6/29/2026,10:17:12 AM,VIX,BLOCK,199,0.97,,CALL,22,0,19303,7/22/2026,WHITE,0,23,F,INDEX,,F,T,0,0
6/29/2026,10:37:02 AM,VIX,ML/,1500,0.81,,CALL,22,0,121500,7/22/2026,WHITE,0,23,F,INDEX,,F,T,0,0
6/29/2026,11:32:34 AM,SPXW,ML/,100,5.48,,PUT,7075,0,54800,7/7/2026,WHITE,0,8,F,INDEX,,F,T,0,0
6/29/2026,11:33:08 AM,SPXW,ML/,100,5.55,,PUT,7075,0,55500,7/7/2026,WHITE,0,8,F,INDEX,,F,T,0,0
6/29/2026,11:34:27 AM,SPXW,ML/,100,5.45,,PUT,7075,0,54500,7/7/2026,WHITE,0,8,F,INDEX,,F,T,0,0
6/29/2026,11:35:10 AM,SPXW,ML/,81,5.83,,PUT,7075,0,47223,7/7/2026,WHITE,0,8,F,INDEX,,F,T,0,0
6/29/2026,11:40:20 AM,SPXW,ML/,200,5.18,,PUT,7075,0,103600,7/7/2026,WHITE,0,8,F,INDEX,,F,T,0,0
6/29/2026,12:43:16 PM,NDXP,ML/,100,16.6,,PUT,29390,0,166000,6/29/2026,WHITE,0,0,F,INDEX,,F,T,0,0
6/29/2026,9:55:48 AM,SPXW,ML/,85,30.55,,PUT,7430,0,259675,6/29/2026,WHITE,0,0,F,INDEX,,F,T,0,0
6/29/2026,9:55:55 AM,SPXW,ML/,117,30.7,,PUT,7430,0,359190,6/29/2026,WHITE,0,0,F,INDEX,,F,T,0,0
6/29/2026,10:54:49 AM,SPXW,ML/,78,25.57,,PUT,7430,0,199446,6/29/2026,WHITE,0,0,F,INDEX,,F,T,0,0
6/29/2026,10:54:49 AM,SPXW,ML/,78,25.57,,PUT,7430,0,199446,6/29/2026,WHITE,0,0,F,INDEX,,F,T,0,0
6/29/2026,9:55:55 AM,SPXW,ML/,60,30.9,,PUT,7430,0,185400,6/29/2026,WHITE,0,0,F,INDEX,,F,T,0,0
6/29/2026,10:54:40 AM,SPXW,ML/,78,24.9,,PUT,7430,0,194220,6/29/2026,WHITE,0,0,F,INDEX,,F,T,0,0
6/29/2026,1:14:02 PM,SPXW,BLOCK,73,9,,PUT,7430,0,65700,6/29/2026,WHITE,0,0,F,INDEX,,F,T,0,0
6/29/2026,1:19:34 PM,SPXW,ML/,93,8.9,,PUT,7430,0,82770,6/29/2026,WHITE,0,0,F,INDEX,,F,T,0,0
6/29/2026,1:20:57 PM,SPXW,BLOCK,50,7.8,,PUT,7430,0,39000,6/29/2026,WHITE,0,0,F,INDEX,,F,T,0,0
6/29/2026,1:21:03 PM,SPXW,BLOCK,50,8,,PUT,7430,0,40000,6/29/2026,WHITE,0,0,F,INDEX,,F,T,0,0
6/29/2026,1:21:58 PM,SPXW,BLOCK,118,10.2,,PUT,7430,0,120359,6/29/2026,WHITE,0,0,F,INDEX,,F,T,0,0
6/29/2026,1:22:26 PM,SPXW,BLOCK,70,10.6,,PUT,7430,0,74200,6/29/2026,WHITE,0,0,F,INDEX,,F,T,0,0
6/29/2026,1:20:57 PM,SPXW,BLOCK,50,7.7,,PUT,7430,0,38500,6/29/2026,WHITE,0,0,F,INDEX,,F,T,0,0
6/29/2026,1:33:47 PM,SPXW,BLOCK,60,9,,PUT,7430,0,54000,6/29/2026,WHITE,0,0,F,INDEX,,F,T,0,0
6/29/2026,1:34:25 PM,SPXW,SWEEP,65,8.1,,PUT,7430,0,52650,6/29/2026,WHITE,0,0,F,INDEX,,F,T,0,0
6/29/2026,1:34:25 PM,SPXW,BLOCK,110,8.2,,PUT,7430,0,90199,6/29/2026,WHITE,0,0,F,INDEX,,F,T,0,0
6/29/2026,1:39:39 PM,SPXW,BLOCK,50,7.7,,PUT,7430,0,38500,6/29/2026,WHITE,0,0,F,INDEX,,F,T,0,0
6/29/2026,1:39:52 PM,SPXW,BLOCK,67,7.4,,PUT,7430,0,49580,6/29/2026,WHITE,0,0,F,INDEX,,F,T,0,0
6/29/2026,1:39:52 PM,SPXW,BLOCK,113,7.3,,PUT,7430,0,82490,6/29/2026,WHITE,0,0,F,INDEX,,F,T,0,0
6/29/2026,1:41:01 PM,SPXW,SWEEP,132,7.3,,PUT,7430,0,96360,6/29/2026,WHITE,0,0,F,INDEX,,F,T,0,0
6/29/2026,1:42:27 PM,SPXW,BLOCK,145,6.8,,PUT,7430,0,98600,6/29/2026,WHITE,0,0,F,INDEX,,F,T,0,0
6/29/2026,1:45:32 PM,SPXW,BLOCK,162,7.5,,PUT,7430,0,121500,6/29/2026,WHITE,0,0,F,INDEX,,F,T,0,0
6/29/2026,1:47:20 PM,SPXW,BLOCK,132,6.5,,PUT,7430,0,85800,6/29/2026,WHITE,0,0,F,INDEX,,F,T,0,0
6/29/2026,1:48:15 PM,SPXW,ML/,66,6,,PUT,7430,0,39600,6/29/2026,WHITE,0,0,F,INDEX,,F,T,0,0
6/29/2026,1:55:44 PM,SPXW,ML/,56,5.6,,PUT,7430,0,31359,6/29/2026,WHITE,0,0,F,INDEX,,F,T,0,0
6/29/2026,1:56:08 PM,SPXW,ML/,102,5.5,,PUT,7430,0,56100,6/29/2026,WHITE,0,0,F,INDEX,,F,T,0,0
6/29/2026,1:57:08 PM,SPXW,BLOCK,78,5.5,,PUT,7430,0,42900,6/29/2026,WHITE,0,0,F,INDEX,,F,T,0,0
6/29/2026,1:57:22 PM,SPXW,BLOCK,59,6,,PUT,7430,0,35400,6/29/2026,WHITE,0,0,F,INDEX,,F,T,0,0
6/29/2026,1:47:20 PM,SPXW,BLOCK,53,6.6,,PUT,7430,0,34979,6/29/2026,WHITE,0,0,F,INDEX,,F,T,0,0
6/29/2026,1:58:52 PM,SPXW,BLOCK,53,7,,PUT,7430,0,37100,6/29/2026,WHITE,0,0,F,INDEX,,F,T,0,0
6/29/2026,2:00:18 PM,SPXW,BLOCK,90,6.6,,PUT,7430,0,59400,6/29/2026,WHITE,0,0,F,INDEX,,F,T,0,0
6/29/2026,2:00:20 PM,SPXW,BLOCK,101,6.8,,PUT,7430,0,68680,6/29/2026,WHITE,0,0,F,INDEX,,F,T,0,0
6/29/2026,1:47:20 PM,SPXW,ML/,52,6.45,,PUT,7430,0,33540,6/29/2026,WHITE,0,0,F,INDEX,,F,T,0,0
6/29/2026,2:01:38 PM,SPXW,BLOCK,83,5.5,,PUT,7430,0,45650,6/29/2026,WHITE,0,0,F,INDEX,,F,T,0,0
6/29/2026,2:02:47 PM,SPXW,BLOCK,107,5.7,,PUT,7430,0,60990,6/29/2026,WHITE,0,0,F,INDEX,,F,T,0,0
6/29/2026,2:07:10 PM,SPXW,BLOCK,72,5,,PUT,7430,0,36000,6/29/2026,WHITE,0,0,F,INDEX,,F,T,0,0
6/29/2026,2:06:37 PM,SPXW,BLOCK,80,5.5,,PUT,7430,0,44000,6/29/2026,WHITE,0,0,F,INDEX,,F,T,0,0
6/29/2026,2:14:23 PM,SPXW,ML/,100,4.8,,PUT,7430,0,48000,6/29/2026,WHITE,0,0,F,INDEX,,F,T,0,0
6/29/2026,2:17:28 PM,SPXW,ML/,76,5.4,,PUT,7430,0,41040,6/29/2026,WHITE,0,0,F,INDEX,,F,T,0,0
6/29/2026,2:17:33 PM,SPXW,BLOCK,59,5.4,,PUT,7430,0,31860,6/29/2026,WHITE,0,0,F,INDEX,,F,T,0,0
6/29/2026,1:53:56 PM,SPXW,ML/,90,5.03,,PUT,7430,0,45270,6/29/2026,WHITE,0,0,F,INDEX,,F,T,0,0
6/29/2026,2:01:20 PM,SPXW,BLOCK,52,6.4,,PUT,7430,0,33280,6/29/2026,WHITE,0,0,F,INDEX,,F,T,0,0
6/29/2026,2:19:52 PM,SPXW,ML/,51,5.65,,PUT,7430,0,28814,6/29/2026,WHITE,0,0,F,INDEX,,F,T,0,0
6/29/2026,2:20:39 PM,SPXW,BLOCK,90,6,,PUT,7430,0,54000,6/29/2026,WHITE,0,0,F,INDEX,,F,T,0,0
6/29/2026,2:25:26 PM,SPXW,BLOCK,61,5.8,,PUT,7430,0,35380,6/29/2026,WHITE,0,0,F,INDEX,,F,T,0,0
6/29/2026,2:25:32 PM,SPXW,BLOCK,50,5.8,,PUT,7430,0,29000,6/29/2026,WHITE,0,0,F,INDEX,,F,T,0,0
6/29/2026,2:25:47 PM,SPXW,BLOCK,57,6,,PUT,7430,0,34200,6/29/2026,WHITE,0,0,F,INDEX,,F,T,0,0
6/29/2026,2:27:34 PM,SPXW,ML/,69,5.55,,PUT,7430,0,38295,6/29/2026,WHITE,0,0,F,INDEX,,F,T,0,0
6/29/2026,2:35:33 PM,SPXW,BLOCK,97,3.7,,PUT,7430,0,35890,6/29/2026,WHITE,0,0,F,INDEX,,F,T,0,0
6/29/2026,2:35:37 PM,SPXW,BLOCK,74,3.5,,PUT,7430,0,25900,6/29/2026,WHITE,0,0,F,INDEX,,F,T,0,0
6/29/2026,2:35:43 PM,SPXW,BLOCK,61,3.4,,PUT,7430,0,20739,6/29/2026,WHITE,0,0,F,INDEX,,F,T,0,0
6/29/2026,2:36:27 PM,SPXW,BLOCK,65,3.5,,PUT,7430,0,22750,6/29/2026,WHITE,0,0,F,INDEX,,F,T,0,0
6/29/2026,2:38:14 PM,SPXW,BLOCK,99,4.2,,PUT,7430,0,41580,6/29/2026,WHITE,0,0,F,INDEX,,F,T,0,0
6/29/2026,2:41:56 PM,SPXW,ML/,53,3.79,,PUT,7430,0,20087,6/29/2026,WHITE,0,0,F,INDEX,,F,T,0,0
6/29/2026,2:43:57 PM,SPXW,BLOCK,80,3.2,,PUT,7430,0,25600,6/29/2026,WHITE,0,0,F,INDEX,,F,T,0,0
6/29/2026,2:45:52 PM,SPXW,BLOCK,61,2.65,,PUT,7430,0,16165,6/29/2026,WHITE,0,0,F,INDEX,,F,T,0,0
6/29/2026,2:46:25 PM,SPXW,BLOCK,75,2.4,,PUT,7430,0,18000,6/29/2026,WHITE,0,0,F,INDEX,,F,T,0,0
6/29/2026,2:47:09 PM,SPXW,BLOCK,70,2.9,,PUT,7430,0,20300,6/29/2026,WHITE,0,0,F,INDEX,,F,T,0,0
6/29/2026,2:48:45 PM,SPXW,BLOCK,68,2.8,,PUT,7430,0,19039,6/29/2026,WHITE,0,0,F,INDEX,,F,T,0,0
6/29/2026,2:44:48 PM,SPXW,ML/,99,3.07,,PUT,7430,0,30393,6/29/2026,WHITE,0,0,F,INDEX,,F,T,0,0
6/29/2026,2:50:58 PM,SPXW,BLOCK,70,3.2,,PUT,7430,0,22400,6/29/2026,WHITE,0,0,F,INDEX,,F,T,0,0
6/29/2026,2:54:36 PM,SPXW,BLOCK,92,2.9,,PUT,7430,0,26679,6/29/2026,WHITE,0,0,F,INDEX,,F,T,0,0
6/29/2026,2:44:40 PM,SPXW,ML/,56,2.98,,PUT,7430,0,16688,6/29/2026,WHITE,0,0,F,INDEX,,F,T,0,0
6/29/2026,2:58:13 PM,SPXW,BLOCK,80,3.5,,PUT,7430,0,28000,6/29/2026,WHITE,0,0,F,INDEX,,F,T,0,0
6/29/2026,2:58:14 PM,SPXW,BLOCK,51,3.5,,PUT,7430,0,17850,6/29/2026,WHITE,0,0,F,INDEX,,F,T,0,0
6/29/2026,2:59:07 PM,SPXW,BLOCK,75,3.4,,PUT,7430,0,25500,6/29/2026,WHITE,0,0,F,INDEX,,F,T,0,0
6/29/2026,3:05:11 PM,SPXW,BLOCK,55,3.3,,PUT,7430,0,18150,6/29/2026,WHITE,0,0,F,INDEX,,F,T,0,0
6/29/2026,3:05:41 PM,SPXW,BLOCK,80,3.3,,PUT,7430,0,26400,6/29/2026,WHITE,0,0,F,INDEX,,F,T,0,0
6/29/2026,3:07:07 PM,SPXW,BLOCK,55,2.45,,PUT,7430,0,13475,6/29/2026,WHITE,0,0,F,INDEX,,F,T,0,0
6/29/2026,3:07:29 PM,SPXW,BLOCK,101,2.25,,PUT,7430,0,22725,6/29/2026,WHITE,0,0,F,INDEX,,F,T,0,0
6/29/2026,3:08:04 PM,SPXW,ML/,50,2.4,,PUT,7430,0,11999,6/29/2026,WHITE,0,0,F,INDEX,,F,T,0,0
6/29/2026,3:08:20 PM,SPXW,SWEEP,100,2.35,,PUT,7430,0,23500,6/29/2026,WHITE,0,0,F,INDEX,,F,T,0,0
6/29/2026,3:08:33 PM,SPXW,BLOCK,80,2.3,,PUT,7430,0,18400,6/29/2026,WHITE,0,0,F,INDEX,,F,T,0,0
6/29/2026,3:12:34 PM,SPXW,ML/,108,2.8,,PUT,7430,0,30239,6/29/2026,WHITE,0,0,F,INDEX,,F,T,0,0
6/29/2026,3:15:48 PM,SPXW,BLOCK,100,2.8,,PUT,7430,0,28000,6/29/2026,WHITE,0,0,F,INDEX,,F,T,0,0
6/29/2026,3:15:56 PM,SPXW,BLOCK,90,2.9,,PUT,7430,0,26100,6/29/2026,WHITE,0,0,F,INDEX,,F,T,0,0
6/29/2026,3:16:30 PM,SPXW,BLOCK,64,3.3,,PUT,7430,0,21120,6/29/2026,WHITE,0,0,F,INDEX,,F,T,0,0
6/29/2026,3:18:28 PM,SPXW,BLOCK,66,2.5,,PUT,7430,0,16500,6/29/2026,WHITE,0,0,F,INDEX,,F,T,0,0
6/29/2026,3:22:12 PM,SPXW,BLOCK,100,1.5,,PUT,7430,0,15000,6/29/2026,WHITE,0,0,F,INDEX,,F,T,0,0
6/29/2026,3:25:52 PM,SPXW,BLOCK,82,1.25,,PUT,7430,0,10250,6/29/2026,WHITE,0,0,F,INDEX,,F,T,0,0
6/29/2026,3:25:54 PM,SPXW,BLOCK,101,1.2,,PUT,7430,0,12120,6/29/2026,WHITE,0,0,F,INDEX,,F,T,0,0
6/29/2026,3:28:23 PM,SPXW,ML/,113,1.1,,PUT,7430,0,12430,6/29/2026,WHITE,0,0,F,INDEX,,F,T,0,0
6/29/2026,3:29:09 PM,SPXW,BLOCK,101,1.2,,PUT,7430,0,12120,6/29/2026,WHITE,0,0,F,INDEX,,F,T,0,0
6/29/2026,3:21:00 PM,SPXW,ML/,60,1.68,,PUT,7430,0,10080,6/29/2026,WHITE,0,0,F,INDEX,,F,T,0,0
6/29/2026,3:32:51 PM,SPXW,BLOCK,122,1.7,,PUT,7430,0,20740,6/29/2026,WHITE,0,0,F,INDEX,,F,T,0,0
6/29/2026,3:33:53 PM,SPXW,BLOCK,82,2,,PUT,7430,0,16400,6/29/2026,WHITE,0,0,F,INDEX,,F,T,0,0
6/29/2026,3:35:46 PM,SPXW,BLOCK,171,1.5,,PUT,7430,0,25650,6/29/2026,WHITE,0,0,F,INDEX,,F,T,0,0
6/29/2026,3:38:43 PM,SPXW,BLOCK,83,1.65,,PUT,7430,0,13694,6/29/2026,WHITE,0,0,F,INDEX,,F,T,0,0
6/29/2026,3:43:56 PM,SPXW,BLOCK,247,1.45,,PUT,7430,0,35815,6/29/2026,WHITE,0,0,F,INDEX,,F,T,0,0
6/29/2026,3:44:32 PM,SPXW,BLOCK,84,1.45,,PUT,7430,0,12180,6/29/2026,WHITE,0,0,F,INDEX,,F,T,0,0
6/29/2026,3:50:13 PM,SPXW,BLOCK,113,0.95,,PUT,7430,0,10735,6/29/2026,WHITE,0,0,F,INDEX,,F,T,0,0
6/29/2026,3:50:48 PM,SPXW,SWEEP,100,1,,PUT,7430,0,10000,6/29/2026,WHITE,0,0,F,INDEX,,F,T,0,0
6/29/2026,3:50:49 PM,SPXW,BLOCK,110,1.1,,PUT,7430,0,12100,6/29/2026,WHITE,0,0,F,INDEX,,F,T,0,0
6/29/2026,3:52:45 PM,SPXW,BLOCK,102,1.1,,PUT,7430,0,11220,6/29/2026,WHITE,0,0,F,INDEX,,F,T,0,0
6/29/2026,3:53:00 PM,SPXW,ML/,108,1.5,,PUT,7430,0,16200,6/29/2026,WHITE,0,0,F,INDEX,,F,T,0,0
6/29/2026,3:54:50 PM,SPXW,ML/,113,1.2,,PUT,7430,0,13560,6/29/2026,WHITE,0,0,F,INDEX,,F,T,0,0
6/29/2026,3:55:03 PM,SPXW,ML/,417,0.72,,PUT,7430,0,30023,6/29/2026,WHITE,0,0,F,INDEX,,F,T,0,0
6/29/2026,3:56:00 PM,SPXW,ML/,222,0.75,,PUT,7430,0,16650,6/29/2026,WHITE,0,0,F,INDEX,,F,T,0,0
6/29/2026,3:55:02 PM,SPXW,ML/,146,0.78,,PUT,7430,0,11388,6/29/2026,WHITE,0,0,F,INDEX,,F,T,0,0
6/29/2026,9:45:54 AM,SPXW,ML/,50,18.13,,PUT,7430,0,90650,6/29/2026,WHITE,0,0,F,INDEX,,F,T,0,0
6/29/2026,9:55:46 AM,SPXW,ML/,87,30.49,,PUT,7430,0,265263,6/29/2026,WHITE,0,0,F,INDEX,,F,T,0,0
6/29/2026,9:55:56 AM,SPXW,ML/,87,31.13,,PUT,7430,0,270831,6/29/2026,WHITE,0,0,F,INDEX,,F,T,0,0
6/29/2026,9:55:56 AM,SPXW,ML/,87,31.08,,PUT,7430,0,270396,6/29/2026,WHITE,0,0,F,INDEX,,F,T,0,0
6/29/2026,9:58:14 AM,SPXW,ML/,50,37.52,,PUT,7430,0,187600,6/29/2026,WHITE,0,0,F,INDEX,,F,T,0,0
6/29/2026,10:30:24 AM,SPXW,ML/,120,41.45,,PUT,7430,0,497400,6/29/2026,WHITE,0,0,F,INDEX,,F,T,0,0
6/29/2026,10:54:04 AM,SPXW,ML/,78,26.57,,PUT,7430,0,207246,6/29/2026,WHITE,0,0,F,INDEX,,F,T,0,0
6/29/2026,10:54:42 AM,SPXW,ML/,50,25.71,,PUT,7430,0,128550,6/29/2026,WHITE,0,0,F,INDEX,,F,T,0,0
6/29/2026,10:54:48 AM,SPXW,ML/,58,25.46,,PUT,7430,0,147668,6/29/2026,WHITE,0,0,F,INDEX,,F,T,0,0
6/29/2026,10:54:49 AM,SPXW,ML/,78,25.47,,PUT,7430,0,198666,6/29/2026,WHITE,0,0,F,INDEX,,F,T,0,0
6/29/2026,10:54:49 AM,SPXW,ML/,56,25.57,,PUT,7430,0,143192,6/29/2026,WHITE,0,0,F,INDEX,,F,T,0,0
6/29/2026,1:28:57 PM,SPXW,BLOCK,100,10.1,,PUT,7430,0,101000,6/29/2026,WHITE,0,0,F,INDEX,,F,T,0,0
6/29/2026,2:29:56 PM,SPXW,ML/,76,6.17,,PUT,7430,0,46892,6/29/2026,WHITE,0,0,F,INDEX,,F,T,0,0
6/29/2026,2:00:39 PM,SPXW,ML/,67,6.48,,PUT,7430,0,43416,6/29/2026,WHITE,0,0,F,INDEX,,F,T,0,0
6/29/2026,1:23:46 PM,NDXP,ML/,95,13.85,,CALL,29780,0,131575,6/29/2026,WHITE,0,0,F,INDEX,,F,T,0,0
6/29/2026,10:02:21 AM,SPX,BLOCK,69,9,,CALL,8000,0,62100,8/21/2026,WHITE,0,53,F,INDEX,,F,F,0,0
6/29/2026,9:34:02 AM,SPX,BLOCK,69,9.7,,CALL,8000,0,66930,8/21/2026,WHITE,0,53,F,INDEX,,F,F,0,0
6/29/2026,11:41:50 AM,SPX,ML/,5000,9.15,,CALL,8000,0,4575000,8/21/2026,WHITE,0,53,F,INDEX,,F,F,0,0
6/29/2026,11:33:55 AM,SPX,ML/,270,8.8,,CALL,8000,0,237600,8/21/2026,WHITE,0,53,F,INDEX,,F,F,0,0
6/29/2026,10:48:42 AM,SPX,ML/,750,8.76,,CALL,8000,0,657000,8/21/2026,WHITE,0,53,F,INDEX,,F,F,0,0
6/29/2026,4:08:32 PM,SPX,ML/,500,10.75,,CALL,8000,0,537500,8/21/2026,WHITE,0,53,F,INDEX,,F,F,0,0
6/29/2026,9:30:27 AM,SPXW,BLOCK,70,4,,CALL,7470,0,28000,6/30/2026,WHITE,0,1,F,INDEX,,F,T,0,0
6/29/2026,1:13:22 PM,SPXW,ML/,96,7.2,,CALL,7470,0,69120,6/30/2026,WHITE,0,1,F,INDEX,,F,T,0,0
6/29/2026,1:13:22 PM,SPXW,ML/,162,7.2,,CALL,7470,0,116640,6/30/2026,WHITE,0,1,F,INDEX,,F,T,0,0
6/29/2026,1:20:05 PM,SPXW,ML/,200,8.1,,CALL,7470,0,162000,6/30/2026,WHITE,0,1,F,INDEX,,F,T,0,0
6/29/2026,1:24:26 PM,SPXW,ML/,54,6.7,,CALL,7470,0,36180,6/30/2026,WHITE,0,1,F,INDEX,,F,T,0,0
6/29/2026,4:33:35 PM,SPXW,BLOCK,54,8.23,,CALL,7470,0,44442,6/30/2026,WHITE,0,1,F,INDEX,,F,T,0,0
6/29/2026,3:34:56 PM,SPXW,BLOCK,2300,1.3,,PUT,7105,0,299000,7/2/2026,WHITE,0,3,F,INDEX,,F,T,0,0
6/29/2026,9:32:23 AM,SPXW,ML/,60,2.64,,PUT,7105,0,15840,7/2/2026,WHITE,0,3,F,INDEX,,F,T,0,0
6/29/2026,9:38:14 AM,SPXW,BLOCK,70,2.55,,CALL,7595,0,17850,7/6/2026,WHITE,0,7,F,INDEX,,F,T,0,0
6/29/2026,9:59:15 AM,SPXW,ML/,90,32.71,,PUT,7395,0,294390,6/30/2026,WHITE,0,1,F,INDEX,,F,T,0,0
6/29/2026,1:02:48 PM,SPXW,ML/,65,17.2,,PUT,7395,0,111800,6/30/2026,WHITE,0,1,F,INDEX,,F,T,0,0
6/29/2026,2:23:03 PM,SPXW,ML/,98,11.65,,PUT,7395,0,114170,6/30/2026,WHITE,0,1,F,INDEX,,F,T,0,0
6/29/2026,4:14:05 PM,SPXW,ML/,78,10.3,,PUT,7395,0,80340,6/30/2026,WHITE,0,1,F,INDEX,,F,T,0,0
6/29/2026,4:14:25 PM,SPXW,ML/,70,10.1,,PUT,7395,0,70700,6/30/2026,WHITE,0,1,F,INDEX,,F,T,0,0
6/29/2026,4:06:29 PM,SPXW,ML/,61,10.82,,PUT,7395,0,66002,6/30/2026,WHITE,0,1,F,INDEX,,F,T,0,0
6/29/2026,3:24:04 PM,SPXW,ML/,76,72.04,,PUT,7350,0,547504,7/24/2026,WHITE,0,25,F,INDEX,,F,T,0,0
6/29/2026,3:49:56 PM,SPXW,ML/,144,72.59,,PUT,7350,0,1045296,7/24/2026,WHITE,0,25,F,INDEX,,F,T,0,0
6/29/2026,9:46:24 AM,SPXW,ML/,167,15.36,,CALL,7475,0,256512,7/1/2026,WHITE,0,2,F,INDEX,,F,T,0,0
6/29/2026,9:51:48 AM,VIXW,BLOCK,100,1.15,,PUT,19,0,11499,7/1/2026,WHITE,0,2,F,INDEX,,F,T,0,0
6/29/2026,3:01:15 PM,VIXW,BLOCK,200,1.35,,PUT,19,0,27000,7/1/2026,WHITE,0,2,F,INDEX,,F,T,0,0
6/29/2026,2:22:28 PM,VIXW,ML/,110,1.24,,PUT,19,0,13640,7/1/2026,WHITE,0,2,F,INDEX,,F,T,0,0
6/29/2026,9:56:27 AM,SPX,ML/,500,83.99,,CALL,7450,0,4199500,7/17/2026,WHITE,0,18,F,INDEX,,F,F,0,0
6/29/2026,9:57:12 AM,SPX,ML/,50,83.99,,CALL,7450,0,419950,7/17/2026,WHITE,0,18,F,INDEX,,F,F,0,0
6/29/2026,11:19:29 AM,SPX,ML/,250,78.49,,CALL,7450,0,1962250,7/17/2026,WHITE,0,18,F,INDEX,,F,F,0,0
6/29/2026,10:00:53 AM,SPX,ML/,100,83.99,,CALL,7450,0,839900,7/17/2026,WHITE,0,18,F,INDEX,,F,F,0,0
6/29/2026,10:15:54 AM,SPX,ML/,114,66.65,,CALL,7450,0,759810,7/17/2026,WHITE,0,18,F,INDEX,,F,F,0,0
6/29/2026,10:17:03 AM,SPX,ML/,403,65.35,,CALL,7450,0,2633605,7/17/2026,WHITE,0,18,F,INDEX,,F,F,0,0
6/29/2026,10:17:03 AM,SPX,ML/,297,65.25,,CALL,7450,0,1937925,7/17/2026,WHITE,0,18,F,INDEX,,F,F,0,0
6/29/2026,10:17:03 AM,SPX,ML/,57,65.14,,CALL,7450,0,371298,7/17/2026,WHITE,0,18,F,INDEX,,F,F,0,0
6/29/2026,10:17:03 AM,SPX,ML/,275,65.21,,CALL,7450,0,1793275,7/17/2026,WHITE,0,18,F,INDEX,,F,F,0,0
6/29/2026,10:17:03 AM,SPX,ML/,168,65.18,,CALL,7450,0,1095024,7/17/2026,WHITE,0,18,F,INDEX,,F,F,0,0
6/29/2026,11:35:37 AM,SPX,ML/,150,78.49,,CALL,7450,0,1177350,7/17/2026,WHITE,0,18,F,INDEX,,F,F,0,0
6/29/2026,11:52:13 AM,SPX,ML/,150,80.9,,CALL,7450,0,1213500,7/17/2026,WHITE,0,18,F,INDEX,,F,F,0,0
6/29/2026,1:20:44 PM,SPX,ML/,750,92.04,,CALL,7450,0,6903000,7/17/2026,WHITE,0,18,F,INDEX,,F,F,0,0
6/29/2026,1:35:42 PM,SPX,ML/,250,92.56,,CALL,7450,0,2314000,7/17/2026,WHITE,0,18,F,INDEX,,F,F,0,0
6/29/2026,1:56:51 PM,SPX,ML/,100,93.92,,CALL,7450,0,939200,7/17/2026,WHITE,0,18,F,INDEX,,F,F,0,0
6/29/2026,3:20:22 PM,SPX,ML/,1000,93,,CALL,7450,0,9300000,7/17/2026,WHITE,0,18,F,INDEX,,F,F,0,0
6/29/2026,2:33:14 PM,SPX,ML/,350,91.95,,CALL,7450,0,3218250,7/17/2026,WHITE,0,18,F,INDEX,,F,F,0,0
6/29/2026,3:39:49 PM,SPX,ML/,500,92.59,,CALL,7450,0,4629500,7/17/2026,WHITE,0,18,F,INDEX,,F,F,0,0
6/29/2026,2:55:33 PM,SPXW,ML/,188,41.05,,PUT,7100,0,771740,7/31/2026,WHITE,0,32,F,INDEX,,F,T,0,0
6/29/2026,11:55:44 AM,XSP,ML/,75,5.78,,PUT,700,0,43350,8/21/2026,WHITE,0,53,F,INDEX,,F,F,0,0
6/29/2026,11:55:58 AM,XSP,ML/,63,5.78,,PUT,700,0,36414,8/21/2026,WHITE,0,53,F,INDEX,,F,F,0,0
6/29/2026,11:38:53 AM,XSP,BLOCK,50,5.79,,PUT,700,0,28950,8/21/2026,WHITE,0,53,F,INDEX,,F,F,0,0
6/29/2026,11:56:05 AM,XSP,ML/,274,5.79,,PUT,700,0,158646,8/21/2026,WHITE,0,53,F,INDEX,,F,F,0,0
6/29/2026,11:56:01 AM,XSP,ML/,63,5.78,,PUT,700,0,36414,8/21/2026,WHITE,0,53,F,INDEX,,F,F,0,0
6/29/2026,12:35:14 PM,XSP,BLOCK,50,5.68,,PUT,700,0,28400,8/21/2026,WHITE,0,53,F,INDEX,,F,F,0,0
6/29/2026,3:40:14 PM,SPXW,ML/,67,9.32,,PUT,7390,0,62444,6/30/2026,WHITE,0,1,F,INDEX,,F,T,0,0
6/29/2026,4:14:25 PM,SPXW,ML/,70,9.2,,PUT,7390,0,64400,6/30/2026,WHITE,0,1,F,INDEX,,F,T,0,0
6/29/2026,2:08:55 PM,SPXW,ML/,250,10.54,,PUT,7390,0,263500,6/30/2026,WHITE,0,1,F,INDEX,,F,T,0,0
6/29/2026,3:45:18 PM,SPXW,ML/,106,9.28,,PUT,7390,0,98368,6/30/2026,WHITE,0,1,F,INDEX,,F,T,0,0
6/29/2026,4:14:05 PM,SPXW,ML/,78,9.35,,PUT,7390,0,72930,6/30/2026,WHITE,0,1,F,INDEX,,F,T,0,0
6/29/2026,9:49:05 AM,SPXW,ML/,89,27.94,,CALL,7470,0,248666,7/2/2026,WHITE,0,3,F,INDEX,,F,T,0,0
6/29/2026,4:01:24 PM,SPXW,ML/,79,76.4,,PUT,7300,0,603560,7/31/2026,WHITE,0,32,F,INDEX,,F,T,0,0
6/29/2026,4:01:35 PM,SPXW,ML/,107,76.13,,PUT,7300,0,814590,7/31/2026,WHITE,0,32,F,INDEX,,F,T,0,0
6/29/2026,4:01:39 PM,SPXW,ML/,253,76.09,,PUT,7300,0,1925077,7/31/2026,WHITE,0,32,F,INDEX,,F,T,0,0
6/29/2026,10:19:20 AM,XSP,BLOCK,50,3.22,,PUT,735,0,16100,6/30/2026,WHITE,0,1,F,INDEX,,F,T,0,0
6/29/2026,10:59:21 AM,SPXW,ML/,500,37.3,,PUT,7375,0,1865000,7/2/2026,WHITE,0,3,F,INDEX,,F,T,0,0
6/29/2026,11:27:52 AM,SPXW,ML/,750,36.3,,PUT,7375,0,2722500,7/2/2026,WHITE,0,3,F,INDEX,,F,T,0,0
6/29/2026,2:05:10 PM,RUTW,BLOCK,50,2,,PUT,2995,0,10000,6/29/2026,WHITE,0,0,F,INDEX,,F,T,0,0
6/29/2026,2:23:05 PM,SPXW,BLOCK,79,3,,PUT,5900,0,23700,7/27/2026,WHITE,0,28,F,INDEX,,F,T,0,0
6/29/2026,3:43:10 PM,SPXW,ML/,75,4.7,,PUT,7245,0,35250,7/2/2026,WHITE,0,3,F,INDEX,,F,T,0,0
6/29/2026,3:05:39 PM,SPXW,ML/,50,4.67,,PUT,7245,0,23350,7/2/2026,WHITE,0,3,F,INDEX,,F,T,0,0
6/29/2026,3:12:45 PM,SPXW,ML/,105,7.71,,PUT,7380,0,80955,6/30/2026,WHITE,0,1,F,INDEX,,F,T,0,0
6/29/2026,2:47:54 PM,SPXW,ML/,60,7.87,,PUT,7380,0,47220,6/30/2026,WHITE,0,1,F,INDEX,,F,T,0,0
6/29/2026,3:16:21 PM,SPXW,ML/,110,8.33,,PUT,7380,0,91630,6/30/2026,WHITE,0,1,F,INDEX,,F,T,0,0
6/29/2026,3:16:18 PM,SPXW,ML/,50,8.25,,PUT,7380,0,41250,6/30/2026,WHITE,0,1,F,INDEX,,F,T,0,0
6/29/2026,4:06:39 PM,SPXW,ML/,50,8.01,,PUT,7380,0,40050,6/30/2026,WHITE,0,1,F,INDEX,,F,T,0,0
6/29/2026,1:51:07 PM,SPXW,ML/,60,9.66,,PUT,7380,0,57960,6/30/2026,WHITE,0,1,F,INDEX,,F,T,0,0
6/29/2026,10:23:14 AM,SPXW,BLOCK,100,2.35,,PUT,7160,0,23500,6/30/2026,WHITE,0,1,F,INDEX,,F,T,0,0
6/29/2026,10:26:12 AM,SPXW,BLOCK,100,1.55,,PUT,7160,0,15500,6/30/2026,WHITE,0,1,F,INDEX,,F,T,0,0
6/29/2026,11:56:40 AM,SPXW,ML/,84,37.92,,CALL,7550,0,318528,7/17/2026,WHITE,0,18,F,INDEX,,F,F,0,0
6/29/2026,11:55:44 AM,XSP,ML/,75,1.58,,PUT,700,0,11850,7/17/2026,WHITE,0,18,F,INDEX,,F,F,0,0
6/29/2026,11:56:05 AM,XSP,ML/,274,1.58,,PUT,700,0,43292,7/17/2026,WHITE,0,18,F,INDEX,,F,F,0,0
6/29/2026,2:44:08 PM,SPXW,ML/,110,32.57,,CALL,7700,0,358270,7/31/2026,WHITE,0,32,F,INDEX,,F,T,0,0
6/29/2026,9:56:13 AM,SPXW,ML/,300,30.46,,CALL,7700,0,913800,7/31/2026,WHITE,0,32,F,INDEX,,F,T,0,0
6/29/2026,11:31:06 AM,SPXW,BLOCK,76,3.8,,CALL,7475,0,28880,6/30/2026,WHITE,0,1,F,INDEX,,F,T,0,0
6/29/2026,11:31:36 AM,SPXW,ML/,250,3.83,,CALL,7475,0,95750,6/30/2026,WHITE,0,1,F,INDEX,,F,T,0,0
6/29/2026,12:55:32 PM,SPXW,ML/,75,4.2,,CALL,7475,0,31500,6/30/2026,WHITE,0,1,F,INDEX,,F,T,0,0
6/29/2026,1:32:28 PM,SPXW,BLOCK,100,7.3,,CALL,7475,0,73000,6/30/2026,WHITE,0,1,F,INDEX,,F,T,0,0
6/29/2026,3:34:04 PM,SPXW,ML/,159,6.02,,CALL,7475,0,95718,6/30/2026,WHITE,0,1,F,INDEX,,F,T,0,0
6/29/2026,3:38:22 PM,SPXW,SWEEP,75,6.4,,CALL,7475,0,48000,6/30/2026,WHITE,0,1,F,INDEX,,F,T,0,0
6/29/2026,3:48:55 PM,SPXW,ML/,60,6.65,,CALL,7475,0,39900,6/30/2026,WHITE,0,1,F,INDEX,,F,T,0,0
6/29/2026,4:02:18 PM,SPXW,SWEEP,58,6.6,,CALL,7475,0,38279,6/30/2026,WHITE,0,1,F,INDEX,,F,T,0,0
6/29/2026,12:34:11 PM,SPXW,BLOCK,100,3.7,,CALL,7475,0,37000,6/30/2026,WHITE,0,1,F,INDEX,,F,T,0,0
6/29/2026,1:00:07 PM,SPXW,BLOCK,100,4.3,,CALL,7475,0,43000,6/30/2026,WHITE,0,1,F,INDEX,,F,T,0,0
6/29/2026,11:11:56 AM,SPXW,ML/,50,3.34,,CALL,7475,0,16700,6/30/2026,WHITE,0,1,F,INDEX,,F,T,0,0
6/29/2026,3:05:14 PM,SPX,ML/,54,18.49,,PUT,7100,0,99845,7/17/2026,WHITE,0,18,F,INDEX,,F,F,0,0
6/29/2026,10:57:21 AM,SPX,ML/,100,16.75,,PUT,6300,0,167500,8/21/2026,WHITE,0,53,F,INDEX,,F,F,0,0
6/29/2026,4:01:35 PM,SPX,ML/,156,14.72,,PUT,6300,0,229632,8/21/2026,WHITE,0,53,F,INDEX,,F,F,0,0
6/29/2026,4:01:24 PM,SPX,ML/,79,14.71,,PUT,6300,0,116209,8/21/2026,WHITE,0,53,F,INDEX,,F,F,0,0
6/29/2026,4:01:39 PM,SPX,ML/,253,14.73,,PUT,6300,0,372669,8/21/2026,WHITE,0,53,F,INDEX,,F,F,0,0
6/29/2026,1:21:26 PM,VIXW,ML/,80,1.82,,CALL,19,0,14560,7/29/2026,WHITE,0,30,F,INDEX,,F,T,0,0
6/29/2026,1:33:11 PM,SPXW,ML/,100,31.85,,PUT,7445,0,318500,6/30/2026,WHITE,0,1,F,INDEX,,F,T,0,0
6/29/2026,2:23:03 PM,SPXW,ML/,98,29.09,,PUT,7445,0,285082,6/30/2026,WHITE,0,1,F,INDEX,,F,T,0,0
6/29/2026,3:27:22 PM,SPXW,ML/,50,16,,PUT,7420,0,80000,6/30/2026,WHITE,0,1,F,INDEX,,F,T,0,0
6/29/2026,2:11:32 PM,SPXW,BLOCK,100,22.6,,PUT,7430,0,226000,6/30/2026,WHITE,0,1,F,INDEX,,F,T,0,0
6/29/2026,2:16:46 PM,SPXW,BLOCK,100,23,,PUT,7430,0,230000,6/30/2026,WHITE,0,1,F,INDEX,,F,T,0,0
6/29/2026,3:46:12 PM,SPXW,BLOCK,70,20.5,,PUT,7430,0,143500,6/30/2026,WHITE,0,1,F,INDEX,,F,T,0,0
6/29/2026,3:48:29 PM,SPXW,BLOCK,81,20.8,,PUT,7430,0,168480,6/30/2026,WHITE,0,1,F,INDEX,,F,T,0,0
6/29/2026,3:51:02 PM,SPXW,BLOCK,101,21.5,,PUT,7430,0,217150,6/30/2026,WHITE,0,1,F,INDEX,,F,T,0,0
6/29/2026,3:49:14 PM,SPXW,BLOCK,55,20.2,,PUT,7430,0,111100,6/30/2026,WHITE,0,1,F,INDEX,,F,T,0,0
6/29/2026,4:01:21 PM,SPXW,ML/,177,21.9,,PUT,7430,0,387630,6/30/2026,WHITE,0,1,F,INDEX,,F,T,0,0
6/29/2026,1:47:11 PM,SPXW,ML/,100,24.05,,PUT,7430,0,240500,6/30/2026,WHITE,0,1,F,INDEX,,F,T,0,0
6/29/2026,4:01:21 PM,SPXW,ML/,73,21.88,,PUT,7430,0,159724,6/30/2026,WHITE,0,1,F,INDEX,,F,T,0,0
6/29/2026,11:56:22 AM,SPXW,ML/,100,57.4,,PUT,7450,0,574000,7/1/2026,WHITE,0,2,F,INDEX,,F,T,0,0
6/29/2026,12:08:29 PM,SPXW,ML/,200,51.2,,PUT,7450,0,1024000,7/1/2026,WHITE,0,2,F,INDEX,,F,T,0,0
6/29/2026,11:56:42 AM,SPXW,ML/,300,57.4,,PUT,7450,0,1722000,7/1/2026,WHITE,0,2,F,INDEX,,F,T,0,0
6/29/2026,12:08:37 PM,SPXW,ML/,600,51.2,,PUT,7450,0,3072000,7/1/2026,WHITE,0,2,F,INDEX,,F,T,0,0
6/29/2026,2:12:13 PM,VIX,ML/,100,1.25,,CALL,30,0,12500,9/16/2026,WHITE,0,79,F,INDEX,,F,T,0,0
6/29/2026,2:13:24 PM,VIX,ML/,100,1.25,,CALL,30,0,12500,9/16/2026,WHITE,0,79,F,INDEX,,F,T,0,0
6/29/2026,2:14:19 PM,VIX,ML/,100,1.25,,CALL,30,0,12500,9/16/2026,WHITE,0,79,F,INDEX,,F,T,0,0
6/29/2026,9:34:37 AM,SPXW,BLOCK,50,38,,CALL,8000,0,190000,9/30/2026,WHITE,0,93,F,INDEX,,F,T,0,0
6/29/2026,9:37:41 AM,SPXW,ML/,77,20.8,,PUT,7370,0,160160,6/30/2026,WHITE,0,1,F,INDEX,,F,T,0,0
6/29/2026,1:15:44 PM,SPXW,ML/,101,9.57,,PUT,7370,0,96657,6/30/2026,WHITE,0,1,F,INDEX,,F,T,0,0
6/29/2026,3:09:46 PM,SPXW,ML/,180,6.3,,PUT,7370,0,113400,6/30/2026,WHITE,0,1,F,INDEX,,F,T,0,0
6/29/2026,3:12:45 PM,SPXW,ML/,105,6.42,,PUT,7370,0,67410,6/30/2026,WHITE,0,1,F,INDEX,,F,T,0,0
6/29/2026,3:10:35 PM,SPXW,ML/,200,6.35,,PUT,7370,0,126999,6/30/2026,WHITE,0,1,F,INDEX,,F,T,0,0
6/29/2026,3:09:51 PM,SPXW,ML/,120,6.3,,PUT,7370,0,75600,6/30/2026,WHITE,0,1,F,INDEX,,F,T,0,0
6/29/2026,2:52:35 PM,SPXW,ML/,300,6.67,,PUT,7370,0,200100,6/30/2026,WHITE,0,1,F,INDEX,,F,T,0,0
6/29/2026,3:06:00 PM,SPXW,ML/,298,6.65,,PUT,7370,0,198170,6/30/2026,WHITE,0,1,F,INDEX,,F,T,0,0
6/29/2026,3:00:15 PM,SPXW,ML/,300,6.75,,PUT,7370,0,202500,6/30/2026,WHITE,0,1,F,INDEX,,F,T,0,0
6/29/2026,4:07:17 PM,SPXW,ML/,80,6.58,,PUT,7370,0,52640,6/30/2026,WHITE,0,1,F,INDEX,,F,T,0,0
6/29/2026,12:23:47 PM,SPXW,ML/,200,13,,PUT,7370,0,260000,6/30/2026,WHITE,0,1,F,INDEX,,F,T,0,0
6/29/2026,12:25:36 PM,SPXW,ML/,200,12.38,,PUT,7370,0,247600,6/30/2026,WHITE,0,1,F,INDEX,,F,T,0,0
6/29/2026,12:28:45 PM,SPXW,ML/,200,13.21,,PUT,7370,0,264200,6/30/2026,WHITE,0,1,F,INDEX,,F,T,0,0
6/29/2026,12:30:15 PM,SPXW,ML/,200,13.55,,PUT,7370,0,271000,6/30/2026,WHITE,0,1,F,INDEX,,F,T,0,0
6/29/2026,12:32:22 PM,SPXW,ML/,200,14.26,,PUT,7370,0,285200,6/30/2026,WHITE,0,1,F,INDEX,,F,T,0,0
6/29/2026,12:38:28 PM,SPXW,ML/,200,13.75,,PUT,7370,0,275000,6/30/2026,WHITE,0,1,F,INDEX,,F,T,0,0
6/29/2026,1:12:33 PM,SPXW,ML/,75,10.45,,PUT,7370,0,78374,6/30/2026,WHITE,0,1,F,INDEX,,F,T,0,0
6/29/2026,3:41:12 PM,SPXW,ML/,100,6.14,,PUT,7370,0,61400,6/30/2026,WHITE,0,1,F,INDEX,,F,T,0,0
6/29/2026,9:40:30 AM,VIX,BLOCK,350,2.57,,PUT,20,0,89950,7/22/2026,WHITE,0,23,F,INDEX,,F,T,0,0
6/29/2026,10:00:09 AM,VIX,ML/,270,2.41,,PUT,20,0,65070,7/22/2026,WHITE,0,23,F,INDEX,,F,T,0,0
6/29/2026,3:31:12 PM,SPXW,ML/,100,45.83,,CALL,7435,0,458300,7/2/2026,WHITE,0,3,F,INDEX,,F,T,0,0
6/29/2026,11:53:50 AM,SPXW,ML/,50,26.6,,PUT,7405,0,133000,6/30/2026,WHITE,0,1,F,INDEX,,F,T,0,0
6/29/2026,9:45:36 AM,VIX,BLOCK,100,1.62,,CALL,18,0,16200,7/22/2026,WHITE,0,23,F,INDEX,,F,T,0,0
6/29/2026,2:17:59 PM,VIX,BLOCK,150,1.62,,CALL,18,0,24300,7/22/2026,WHITE,0,23,F,INDEX,,F,T,0,0
6/29/2026,2:18:35 PM,VIX,BLOCK,150,1.62,,CALL,18,0,24300,7/22/2026,WHITE,0,23,F,INDEX,,F,T,0,0
6/29/2026,9:56:33 AM,VIX,ML/,100,1.78,,CALL,18,0,17800,7/22/2026,WHITE,0,23,F,INDEX,,F,T,0,0
6/29/2026,11:51:41 AM,SPXW,ML/,150,18.77,,CALL,7550,0,281550,7/10/2026,WHITE,0,11,F,INDEX,,F,T,0,0
6/29/2026,12:53:46 PM,SPXW,ML/,53,20.1,,CALL,7550,0,106530,7/10/2026,WHITE,0,11,F,INDEX,,F,T,0,0
6/29/2026,9:43:09 AM,SPX,ML/,250,150.2,,PUT,7400,0,3755000,8/21/2026,WHITE,0,53,F,INDEX,,F,F,0,0
6/29/2026,9:43:15 AM,SPX,ML/,170,130.05,,PUT,7500,0,2210850,7/17/2026,WHITE,0,18,F,INDEX,,F,F,0,0
6/29/2026,1:36:35 PM,SPXW,ML/,53,10.51,,PUT,7340,0,55703,7/1/2026,WHITE,0,2,F,INDEX,,F,T,0,0
6/29/2026,3:43:06 PM,NDXP,BLOCK,51,45,,CALL,29700,0,229500,6/29/2026,WHITE,0,0,F,INDEX,,F,T,0,0
6/29/2026,3:50:00 PM,NDXP,BLOCK,50,55.1,,CALL,29700,0,275500,6/29/2026,WHITE,0,0,F,INDEX,,F,T,0,0
6/29/2026,9:39:52 AM,NDXP,BLOCK,81,11.1,,CALL,29790,0,89910,6/29/2026,WHITE,0,0,F,INDEX,,F,T,0,0
6/29/2026,1:23:46 PM,NDXP,ML/,95,12.15,,CALL,29790,0,115425,6/29/2026,WHITE,0,0,F,INDEX,,F,T,0,0
6/29/2026,2:45:37 PM,NDXP,BLOCK,82,28,,CALL,29790,0,229600,6/29/2026,WHITE,0,0,F,INDEX,,F,T,0,0
6/29/2026,2:50:23 PM,SPXW,ML/,53,8.8,,PUT,7385,0,46640,6/30/2026,WHITE,0,1,F,INDEX,,F,T,0,0
6/29/2026,3:16:21 PM,SPXW,ML/,55,9.21,,PUT,7385,0,50655,6/30/2026,WHITE,0,1,F,INDEX,,F,T,0,0
6/29/2026,4:20:00 PM,SPXW,BLOCK,52,8.09,,PUT,7385,0,42068,6/30/2026,WHITE,0,1,F,INDEX,,F,T,0,0
6/29/2026,4:20:00 PM,SPXW,BLOCK,150,8.09,,PUT,7385,0,121350,6/30/2026,WHITE,0,1,F,INDEX,,F,T,0,0
6/29/2026,9:59:15 AM,SPXW,ML/,90,28.71,,PUT,7385,0,258390,6/30/2026,WHITE,0,1,F,INDEX,,F,T,0,0
6/29/2026,2:47:54 PM,SPXW,ML/,50,8.63,,PUT,7385,0,43150,6/30/2026,WHITE,0,1,F,INDEX,,F,T,0,0
6/29/2026,3:45:18 PM,SPXW,ML/,106,8.41,,PUT,7385,0,89146,6/30/2026,WHITE,0,1,F,INDEX,,F,T,0,0
6/29/2026,4:20:00 PM,SPXW,BLOCK,78,8.09,,PUT,7385,0,63102,6/30/2026,WHITE,0,1,F,INDEX,,F,T,0,0
6/29/2026,3:09:33 PM,SPXW,ML/,55,5.6,,PUT,7265,0,30800,7/2/2026,WHITE,0,3,F,INDEX,,F,T,0,0
6/29/2026,1:36:35 PM,SPXW,ML/,53,11.89,,PUT,7350,0,63017,7/1/2026,WHITE,0,2,F,INDEX,,F,T,0,0
6/29/2026,1:52:00 PM,SPXW,ML/,150,11.1,,PUT,7350,0,166500,7/1/2026,WHITE,0,2,F,INDEX,,F,T,0,0
6/29/2026,1:52:00 PM,SPXW,ML/,150,11.05,,PUT,7350,0,165750,7/1/2026,WHITE,0,2,F,INDEX,,F,T,0,0
6/29/2026,4:04:15 PM,RUTW,ML/,75,2.95,,CALL,3035,0,22125,6/30/2026,WHITE,0,1,F,INDEX,,F,T,0,0
6/29/2026,10:20:50 AM,SPXW,ML/,50,141.72,,PUT,7400,0,708600,7/31/2026,WHITE,0,32,F,INDEX,,F,T,0,0
6/29/2026,4:04:15 PM,RUTW,ML/,61,7.15,,PUT,2990,0,43615,6/30/2026,WHITE,0,1,F,INDEX,,F,T,0,0
6/29/2026,4:04:15 PM,RUTW,ML/,75,5.9,,PUT,2985,0,44250,6/30/2026,WHITE,0,1,F,INDEX,,F,T,0,0
6/29/2026,3:46:15 PM,SPXW,ML/,144,4.39,,CALL,7650,0,63216,7/10/2026,WHITE,0,11,F,INDEX,,F,T,0,0
6/29/2026,3:46:18 PM,SPXW,ML/,160,4.39,,CALL,7650,0,70240,7/10/2026,WHITE,0,11,F,INDEX,,F,T,0,0
6/29/2026,2:17:31 PM,SPXW,BLOCK,150,1.15,,CALL,7850,0,17249,7/17/2026,WHITE,0,18,F,INDEX,,F,F,0,0
6/29/2026,2:21:34 PM,SPXW,ML/,54,27.75,,CALL,7445,0,149850,7/1/2026,WHITE,0,2,F,INDEX,,F,T,0,0
6/29/2026,10:21:01 AM,VIX,BLOCK,309,1.65,,CALL,23,0,50985,8/19/2026,WHITE,0,51,F,INDEX,,F,T,0,0
6/29/2026,10:17:12 AM,VIX,BLOCK,244,1.14,,CALL,21,0,27815,7/22/2026,WHITE,0,23,F,INDEX,,F,T,0,0
6/29/2026,11:01:40 AM,VIX,BLOCK,500,0.95,,CALL,21,0,47500,7/22/2026,WHITE,0,23,F,INDEX,,F,T,0,0
6/29/2026,9:30:49 AM,VIX,BLOCK,350,0.99,,CALL,21,0,34650,7/22/2026,WHITE,0,23,F,INDEX,,F,T,0,0
6/29/2026,10:17:04 AM,VIX,BLOCK,272,1.15,,CALL,21,0,31280,7/22/2026,WHITE,0,23,F,INDEX,,F,T,0,0
6/29/2026,10:18:42 AM,VIX,ML/,1000,1.14,,CALL,21,0,114000,7/22/2026,WHITE,0,23,F,INDEX,,F,T,0,0
6/29/2026,11:25:54 AM,VIX,ML/,5000,0.95,,CALL,21,0,475000,7/22/2026,WHITE,0,23,F,INDEX,,F,T,0,0
6/29/2026,11:50:24 AM,SPXW,ML/,179,28.8,,PUT,7410,0,515520,6/30/2026,WHITE,0,1,F,INDEX,,F,T,0,0
6/29/2026,11:51:52 AM,SPXW,ML/,101,28.3,,PUT,7410,0,285830,6/30/2026,WHITE,0,1,F,INDEX,,F,T,0,0
6/29/2026,11:53:38 AM,SPXW,ML/,102,28.5,,PUT,7410,0,290700,6/30/2026,WHITE,0,1,F,INDEX,,F,T,0,0
6/29/2026,11:50:34 AM,SPXW,ML/,217,29.1,,PUT,7410,0,631470,6/30/2026,WHITE,0,1,F,INDEX,,F,T,0,0
6/29/2026,1:02:48 PM,SPXW,ML/,65,22.1,,PUT,7410,0,143650,6/30/2026,WHITE,0,1,F,INDEX,,F,T,0,0
6/29/2026,1:39:58 PM,SPXW,ML/,172,17.3,,PUT,7410,0,297560,6/30/2026,WHITE,0,1,F,INDEX,,F,T,0,0
6/29/2026,2:02:18 PM,SPXW,ML/,120,15.7,,PUT,7410,0,188400,6/30/2026,WHITE,0,1,F,INDEX,,F,T,0,0
6/29/2026,2:05:40 PM,SPXW,ML/,141,15.2,,PUT,7410,0,214319,6/30/2026,WHITE,0,1,F,INDEX,,F,T,0,0
6/29/2026,2:06:40 PM,SPXW,ML/,50,15.4,,PUT,7410,0,77000,6/30/2026,WHITE,0,1,F,INDEX,,F,T,0,0
6/29/2026,2:05:26 PM,SPXW,ML/,100,15,,PUT,7410,0,150000,6/30/2026,WHITE,0,1,F,INDEX,,F,T,0,0
6/29/2026,4:20:00 PM,SPXW,BLOCK,75,13.27,,PUT,7410,0,99525,6/30/2026,WHITE,0,1,F,INDEX,,F,T,0,0
6/29/2026,11:50:44 AM,SPXW,ML/,121,28.71,,PUT,7410,0,347391,6/30/2026,WHITE,0,1,F,INDEX,,F,T,0,0
6/29/2026,11:51:52 AM,SPXW,ML/,111,28.25,,PUT,7410,0,313575,6/30/2026,WHITE,0,1,F,INDEX,,F,T,0,0
6/29/2026,11:53:31 AM,SPXW,ML/,86,28.31,,PUT,7410,0,243466,6/30/2026,WHITE,0,1,F,INDEX,,F,T,0,0
6/29/2026,1:11:42 PM,SPXW,BLOCK,60,20.5,,PUT,7410,0,123000,6/30/2026,WHITE,0,1,F,INDEX,,F,T,0,0
6/29/2026,1:59:38 PM,SPXW,ML/,200,16.36,,PUT,7410,0,327200,6/30/2026,WHITE,0,1,F,INDEX,,F,T,0,0
6/29/2026,1:59:59 PM,SPXW,ML/,123,16.25,,PUT,7410,0,199875,6/30/2026,WHITE,0,1,F,INDEX,,F,T,0,0
6/29/2026,3:28:07 PM,SPXW,ML/,56,9.63,,PUT,7260,0,53928,7/6/2026,WHITE,0,7,F,INDEX,,F,T,0,0
6/29/2026,3:55:28 PM,SPXW,BLOCK,63,5.8,,PUT,7200,0,36540,7/6/2026,WHITE,0,7,F,INDEX,,F,T,0,0
6/29/2026,3:02:02 PM,SPXW,ML/,75,5.66,,PUT,7200,0,42450,7/6/2026,WHITE,0,7,F,INDEX,,F,T,0,0
6/29/2026,3:58:40 PM,SPXW,ML/,89,15.81,,PUT,7360,0,140709,7/2/2026,WHITE,0,3,F,INDEX,,F,T,0,0
6/29/2026,3:27:06 PM,NDXP,ML/,144,9.5,,CALL,29800,0,136800,6/29/2026,WHITE,0,0,F,INDEX,,F,T,0,0
6/29/2026,9:32:51 AM,NDXP,ML/,115,1.27,,CALL,30050,0,14605,6/29/2026,WHITE,0,0,F,INDEX,,F,T,0,0
6/29/2026,9:55:03 AM,SPXW,ML/,106,34.95,,PUT,7390,0,370470,7/2/2026,WHITE,0,3,F,INDEX,,F,T,0,0
6/29/2026,3:10:35 PM,SPXW,ML/,200,23.3,,PUT,7390,0,466000,7/2/2026,WHITE,0,3,F,INDEX,,F,T,0,0
6/29/2026,2:52:35 PM,SPXW,ML/,300,23.64,,PUT,7390,0,709200,7/2/2026,WHITE,0,3,F,INDEX,,F,T,0,0
6/29/2026,3:00:15 PM,SPXW,ML/,300,23.76,,PUT,7390,0,712800,7/2/2026,WHITE,0,3,F,INDEX,,F,T,0,0
6/29/2026,3:06:00 PM,SPXW,ML/,298,23.66,,PUT,7390,0,705068,7/2/2026,WHITE,0,3,F,INDEX,,F,T,0,0
6/29/2026,3:09:46 PM,SPXW,ML/,300,23,,PUT,7390,0,690000,7/2/2026,WHITE,0,3,F,INDEX,,F,T,0,0
6/29/2026,10:00:09 AM,VIX,ML/,114,1.05,,PUT,18,0,11970,7/22/2026,WHITE,0,23,F,INDEX,,F,T,0,0
6/29/2026,12:36:59 PM,VIX,BLOCK,710,1.12,,PUT,18,0,79520,7/22/2026,WHITE,0,23,F,INDEX,,F,T,0,0
6/29/2026,12:24:03 PM,VIX,ML/,2000,1.14,,PUT,18,0,228000,7/22/2026,WHITE,0,23,F,INDEX,,F,T,0,0
6/29/2026,3:16:24 PM,VIX,BLOCK,300,1.13,,PUT,18,0,33899,7/22/2026,WHITE,0,23,F,INDEX,,F,T,0,0
6/29/2026,3:17:00 PM,VIX,BLOCK,1220,1.13,,PUT,18,0,137860,7/22/2026,WHITE,0,23,F,INDEX,,F,T,0,0
6/29/2026,3:17:48 PM,VIX,BLOCK,200,1.13,,PUT,18,0,22599,7/22/2026,WHITE,0,23,F,INDEX,,F,T,0,0
6/29/2026,3:27:21 PM,VIX,BLOCK,300,1.15,,PUT,18,0,34500,7/22/2026,WHITE,0,23,F,INDEX,,F,T,0,0
6/29/2026,3:27:21 PM,VIX,BLOCK,200,1.15,,PUT,18,0,22999,7/22/2026,WHITE,0,23,F,INDEX,,F,T,0,0
6/29/2026,3:27:21 PM,VIX,BLOCK,200,1.15,,PUT,18,0,22999,7/22/2026,WHITE,0,23,F,INDEX,,F,T,0,0
6/29/2026,3:27:26 PM,VIX,BLOCK,200,1.15,,PUT,18,0,22999,7/22/2026,WHITE,0,23,F,INDEX,,F,T,0,0
6/29/2026,3:27:28 PM,VIX,BLOCK,100,1.15,,PUT,18,0,11499,7/22/2026,WHITE,0,23,F,INDEX,,F,T,0,0
6/29/2026,3:18:02 PM,VIX,BLOCK,200,1.13,,PUT,18,0,22599,7/22/2026,WHITE,0,23,F,INDEX,,F,T,0,0
6/29/2026,11:12:45 AM,VIX,ML/,10000,1.1,,PUT,18,0,1100000,7/22/2026,WHITE,0,23,F,INDEX,,F,T,0,0
6/29/2026,3:54:49 PM,VIX,BLOCK,350,1.16,,PUT,18,0,40600,7/22/2026,WHITE,0,23,F,INDEX,,F,T,0,0
6/29/2026,9:52:05 AM,SPX,ML/,52,79.53,,PUT,7400,0,413556,7/17/2026,WHITE,0,18,F,INDEX,,F,F,0,0
6/29/2026,9:59:26 AM,SPX,ML/,250,90,,PUT,7400,0,2250000,7/17/2026,WHITE,0,18,F,INDEX,,F,F,0,0
6/29/2026,9:52:03 AM,SPX,ML/,57,79.58,,PUT,7400,0,453605,7/17/2026,WHITE,0,18,F,INDEX,,F,F,0,0
6/29/2026,10:59:35 AM,SPX,ML/,300,90,,PUT,7400,0,2700000,7/17/2026,WHITE,0,18,F,INDEX,,F,F,0,0
6/29/2026,11:28:08 AM,SPX,ML/,250,91.5,,PUT,7400,0,2287500,7/17/2026,WHITE,0,18,F,INDEX,,F,F,0,0
6/29/2026,12:13:59 PM,SPX,ML/,69,81.13,,PUT,7400,0,559796,7/17/2026,WHITE,0,18,F,INDEX,,F,F,0,0
6/29/2026,4:10:29 PM,SPX,ML/,1000,72.3,,PUT,7400,0,7230000,7/17/2026,WHITE,0,18,F,INDEX,,F,F,0,0
6/29/2026,2:35:34 PM,SPXW,ML/,200,47.05,,PUT,7475,0,941000,6/30/2026,WHITE,0,1,F,INDEX,,F,T,0,0
6/29/2026,12:15:02 PM,SPXW,ML/,50,11.22,,PUT,7200,0,56100,7/7/2026,WHITE,0,8,F,INDEX,,F,T,0,0
6/29/2026,12:38:40 PM,SPXW,ML/,100,11.95,,PUT,7200,0,119500,7/7/2026,WHITE,0,8,F,INDEX,,F,T,0,0
6/29/2026,4:12:28 PM,SPXW,ML/,50,8.03,,PUT,7200,0,40149,7/7/2026,WHITE,0,8,F,INDEX,,F,T,0,0
6/29/2026,10:11:05 AM,SPXW,BLOCK,83,1.5,,PUT,7130,0,12450,6/30/2026,WHITE,0,1,F,INDEX,,F,T,0,0
6/29/2026,2:46:21 PM,SPXW,BLOCK,93,1.1,,PUT,6950,0,10230,7/6/2026,WHITE,0,7,F,INDEX,,F,T,0,0
6/29/2026,2:46:41 PM,SPXW,BLOCK,440,1.15,,PUT,6950,0,50599,7/6/2026,WHITE,0,7,F,INDEX,,F,T,0,0
6/29/2026,9:46:56 AM,SPX,ML/,800,154.73,,PUT,7300,0,12378399,9/18/2026,WHITE,0,81,F,INDEX,,F,F,0,0
6/29/2026,12:14:41 PM,SPXW,ML/,68,29.54,,PUT,7270,0,200871,7/10/2026,WHITE,0,11,F,INDEX,,F,T,0,0
6/29/2026,3:47:53 PM,SPXW,ML/,90,23.44,,PUT,7270,0,210960,7/10/2026,WHITE,0,11,F,INDEX,,F,T,0,0
6/29/2026,3:48:49 PM,SPXW,ML/,50,23.49,,PUT,7270,0,117450,7/10/2026,WHITE,0,11,F,INDEX,,F,T,0,0
6/29/2026,3:50:42 PM,SPXW,ML/,77,23.54,,PUT,7270,0,181258,7/10/2026,WHITE,0,11,F,INDEX,,F,T,0,0
6/29/2026,3:55:01 PM,SPXW,ML/,181,23.59,,PUT,7270,0,426979,7/10/2026,WHITE,0,11,F,INDEX,,F,T,0,0
6/29/2026,3:11:25 PM,SPX,ML/,98,6.04,,PUT,6800,0,59192,7/17/2026,WHITE,0,18,F,INDEX,,F,F,0,0
6/29/2026,3:11:28 PM,SPX,ML/,72,6.03,,PUT,6800,0,43416,7/17/2026,WHITE,0,18,F,INDEX,,F,F,0,0
6/29/2026,3:11:27 PM,SPX,ML/,54,6.04,,PUT,6800,0,32616,7/17/2026,WHITE,0,18,F,INDEX,,F,F,0,0
6/29/2026,10:46:04 AM,SPX,ML/,500,9,,PUT,6800,0,450000,7/17/2026,WHITE,0,18,F,INDEX,,F,F,0,0
6/29/2026,11:29:08 AM,SPX,ML/,66,8.19,,PUT,6800,0,54054,7/17/2026,WHITE,0,18,F,INDEX,,F,F,0,0
6/29/2026,11:41:53 AM,SPX,ML/,190,7.78,,PUT,6800,0,147820,7/17/2026,WHITE,0,18,F,INDEX,,F,F,0,0
6/29/2026,11:42:06 AM,SPX,ML/,50,7.62,,PUT,6800,0,38100,7/17/2026,WHITE,0,18,F,INDEX,,F,F,0,0
6/29/2026,11:42:13 AM,SPX,ML/,130,7.58,,PUT,6800,0,98540,7/17/2026,WHITE,0,18,F,INDEX,,F,F,0,0
6/29/2026,3:11:12 PM,SPX,ML/,76,5.99,,PUT,6800,0,45524,7/17/2026,WHITE,0,18,F,INDEX,,F,F,0,0
6/29/2026,3:11:33 PM,SPX,ML/,52,6.04,,PUT,6800,0,31408,7/17/2026,WHITE,0,18,F,INDEX,,F,F,0,0
6/29/2026,3:11:29 PM,SPX,ML/,70,6.03,,PUT,6800,0,42210,7/17/2026,WHITE,0,18,F,INDEX,,F,F,0,0
6/29/2026,3:28:39 PM,SPXW,ML/,106,1.6,,PUT,7020,0,16960,7/6/2026,WHITE,0,7,F,INDEX,,F,T,0,0
6/29/2026,3:51:46 PM,XSP,ML/,150,1.75,,PUT,736,0,26250,7/2/2026,WHITE,0,3,F,INDEX,,F,T,0,0
6/29/2026,9:42:13 AM,XSP,ML/,138,2.86,,PUT,736,0,39468,7/2/2026,WHITE,0,3,F,INDEX,,F,T,0,0
6/29/2026,10:52:18 AM,SPX,ML/,50,138.44,,PUT,6000,0,692200,6/17/2027,WHITE,0,353,F,INDEX,,F,T,0,0
6/29/2026,10:47:56 AM,NDXP,ML/,50,15.95,,PUT,28740,0,79750,6/29/2026,WHITE,0,0,F,INDEX,,F,T,0,0
6/29/2026,1:33:11 PM,SPXW,ML/,100,37.45,,PUT,7455,0,374500,6/30/2026,WHITE,0,1,F,INDEX,,F,T,0,0
6/29/2026,10:16:09 AM,SPXW,BLOCK,50,98.7,,PUT,7460,0,493500,6/29/2026,WHITE,0,0,F,INDEX,,F,T,0,0
6/29/2026,11:30:45 AM,SPXW,ML/,330,53.41,,PUT,7460,0,1762530,6/29/2026,WHITE,0,0,F,INDEX,,F,T,0,0
6/29/2026,3:50:08 PM,SPXW,ML/,60,28.42,,PUT,7300,0,170520,7/10/2026,WHITE,0,11,F,INDEX,,F,T,0,0
6/29/2026,10:15:50 AM,SPXW,ML/,51,59.45,,PUT,7300,0,303195,7/10/2026,WHITE,0,11,F,INDEX,,F,T,0,0
6/29/2026,3:02:02 PM,SPXW,ML/,75,28.16,,PUT,7300,0,211200,7/10/2026,WHITE,0,11,F,INDEX,,F,T,0,0
6/29/2026,4:01:03 PM,SPXW,ML/,60,27.07,,PUT,7300,0,162420,7/10/2026,WHITE,0,11,F,INDEX,,F,T,0,0
6/29/2026,3:16:07 PM,SPXW,ML/,50,21.1,,PUT,7250,0,105500,7/10/2026,WHITE,0,11,F,INDEX,,F,T,0,0
6/29/2026,9:31:13 AM,SPX,BLOCK,52,22.3,,PUT,7060,0,115959,7/17/2026,WHITE,0,18,F,INDEX,,F,F,0,0
6/29/2026,11:08:46 AM,SPXW,ML/,67,27.91,,PUT,6900,0,186997,7/31/2026,WHITE,0,32,F,INDEX,,F,T,0,0
6/29/2026,11:08:46 AM,SPXW,ML/,61,27.88,,PUT,6900,0,170067,7/31/2026,WHITE,0,32,F,INDEX,,F,T,0,0
6/29/2026,10:10:23 AM,RUTW,BLOCK,60,37.6,,PUT,3000,0,225600,7/2/2026,WHITE,0,3,F,INDEX,,F,T,0,0
6/29/2026,10:10:37 AM,VIXW,BLOCK,126,1.5,,PUT,20,0,18900,7/1/2026,WHITE,0,2,F,INDEX,,F,T,0,0
6/29/2026,10:10:59 AM,VIXW,BLOCK,71,1.5,,PUT,20,0,10650,7/1/2026,WHITE,0,2,F,INDEX,,F,T,0,0
6/29/2026,9:48:09 AM,VIXW,BLOCK,200,2.05,,PUT,20,0,40999,7/1/2026,WHITE,0,2,F,INDEX,,F,T,0,0
6/29/2026,2:56:45 PM,VIXW,BLOCK,200,2.25,,PUT,20,0,45000,7/1/2026,WHITE,0,2,F,INDEX,,F,T,0,0
6/29/2026,3:08:24 PM,VIXW,BLOCK,200,2.3,,PUT,20,0,45999,7/1/2026,WHITE,0,2,F,INDEX,,F,T,0,0
6/29/2026,3:50:01 PM,VIXW,BLOCK,200,2.3,,PUT,20,0,45999,7/1/2026,WHITE,0,2,F,INDEX,,F,T,0,0
6/29/2026,3:02:33 PM,VIXW,BLOCK,200,2.25,,PUT,20,0,45000,7/1/2026,WHITE,0,2,F,INDEX,,F,T,0,0
6/29/2026,11:50:56 AM,VIXW,BLOCK,200,2.05,,PUT,20,0,41000,7/1/2026,WHITE,0,2,F,INDEX,,F,T,0,0
6/29/2026,10:19:52 AM,VIXW,BLOCK,200,1.34,,PUT,20,0,26800,7/1/2026,WHITE,0,2,F,INDEX,,F,T,0,0
6/29/2026,10:23:47 AM,VIXW,BLOCK,200,1.44,,PUT,20,0,28800,7/1/2026,WHITE,0,2,F,INDEX,,F,T,0,0
6/29/2026,11:59:52 AM,VIXW,BLOCK,60,2.1,,PUT,20,0,12600,7/1/2026,WHITE,0,2,F,INDEX,,F,T,0,0
6/29/2026,4:15:05 PM,VIXW,BLOCK,81,2.25,,PUT,20,0,18225,7/1/2026,WHITE,0,2,F,INDEX,,F,T,0,0
6/29/2026,4:11:30 PM,VIXW,BLOCK,200,2.3,,PUT,20,0,45999,7/1/2026,WHITE,0,2,F,INDEX,,F,T,0,0
6/29/2026,4:00:52 PM,VIXW,BLOCK,200,2.26,,PUT,20,0,45199,7/1/2026,WHITE,0,2,F,INDEX,,F,T,0,0
6/29/2026,1:02:48 PM,SPXW,ML/,65,25.2,,PUT,7395,0,163800,7/1/2026,WHITE,0,2,F,INDEX,,F,T,0,0
6/29/2026,11:55:41 AM,XSP,ML/,75,4.95,,PUT,746,0,37125,6/29/2026,WHITE,0,0,F,INDEX,,F,T,0,0
6/29/2026,3:38:04 PM,SPXW,ML/,550,67.18,,PUT,7500,0,3694900,6/30/2026,WHITE,0,1,F,INDEX,,F,T,0,0
6/29/2026,3:05:37 PM,SPXW,ML/,250,67.3,,PUT,7500,0,1682500,6/30/2026,WHITE,0,1,F,INDEX,,F,T,0,0
6/29/2026,9:48:23 AM,SPXW,ML/,80,82.7,,PUT,7500,0,661600,6/30/2026,WHITE,0,1,F,INDEX,,F,T,0,0
6/29/2026,10:38:48 AM,SPXW,ML/,50,102.34,,PUT,7500,0,511700,6/30/2026,WHITE,0,1,F,INDEX,,F,T,0,0
6/29/2026,10:54:30 AM,SPXW,ML/,50,93.52,,PUT,7500,0,467600,6/30/2026,WHITE,0,1,F,INDEX,,F,T,0,0
6/29/2026,12:49:37 PM,SPXW,ML/,50,88.09,,PUT,7500,0,440450,6/30/2026,WHITE,0,1,F,INDEX,,F,T,0,0
6/29/2026,3:17:55 PM,SPXW,ML/,350,67.1,,PUT,7500,0,2348499,6/30/2026,WHITE,0,1,F,INDEX,,F,T,0,0
6/29/2026,3:10:45 PM,SPXW,ML/,250,66.4,,PUT,7500,0,1660000,6/30/2026,WHITE,0,1,F,INDEX,,F,T,0,0
6/29/2026,3:41:41 PM,SPXW,ML/,450,67.18,,PUT,7500,0,3023100,6/30/2026,WHITE,0,1,F,INDEX,,F,T,0,0
6/29/2026,3:58:20 PM,SPXW,ML/,100,67.64,,PUT,7500,0,676400,6/30/2026,WHITE,0,1,F,INDEX,,F,T,0,0
6/29/2026,4:04:26 PM,SPXW,ML/,400,67.75,,PUT,7500,0,2710000,6/30/2026,WHITE,0,1,F,INDEX,,F,T,0,0
6/29/2026,10:27:38 AM,SPXW,ML/,144,0.71,,CALL,7545,0,10224,7/1/2026,WHITE,0,2,F,INDEX,,F,T,0,0
6/29/2026,11:29:12 AM,SPXW,ML/,264,0.76,,CALL,7545,0,20064,7/1/2026,WHITE,0,2,F,INDEX,,F,T,0,0
6/29/2026,3:32:36 PM,SPXW,ML/,700,0.56,,CALL,7565,0,39200,7/1/2026,WHITE,0,2,F,INDEX,,F,T,0,0
6/29/2026,3:46:34 PM,SPX,BLOCK,50,4.7,,PUT,6700,0,23500,7/17/2026,WHITE,0,18,F,INDEX,,F,F,0,0
6/29/2026,1:56:06 PM,SPX,BLOCK,85,5.1,,PUT,6700,0,43350,7/17/2026,WHITE,0,18,F,INDEX,,F,F,0,0
6/29/2026,11:55:44 AM,XSP,ML/,75,2.91,,PUT,715,0,21825,7/17/2026,WHITE,0,18,F,INDEX,,F,F,0,0
6/29/2026,11:55:58 AM,XSP,ML/,63,2.91,,PUT,715,0,18333,7/17/2026,WHITE,0,18,F,INDEX,,F,F,0,0
6/29/2026,11:56:01 AM,XSP,ML/,63,2.91,,PUT,715,0,18333,7/17/2026,WHITE,0,18,F,INDEX,,F,F,0,0
6/29/2026,11:56:05 AM,XSP,ML/,274,2.91,,PUT,715,0,79734,7/17/2026,WHITE,0,18,F,INDEX,,F,F,0,0
6/29/2026,3:57:49 PM,SPXW,ML/,258,11.37,,PUT,6600,0,293345,7/31/2026,WHITE,0,32,F,INDEX,,F,T,0,0
6/29/2026,3:58:10 PM,SPXW,ML/,116,11.3,,PUT,6600,0,131080,7/31/2026,WHITE,0,32,F,INDEX,,F,T,0,0
6/29/2026,3:57:49 PM,SPXW,ML/,150,11.37,,PUT,6600,0,170549,7/31/2026,WHITE,0,32,F,INDEX,,F,T,0,0
6/29/2026,3:58:06 PM,SPXW,ML/,78,11.31,,PUT,6600,0,88218,7/31/2026,WHITE,0,32,F,INDEX,,F,T,0,0
6/29/2026,3:58:11 PM,SPXW,ML/,116,11.3,,PUT,6600,0,131080,7/31/2026,WHITE,0,32,F,INDEX,,F,T,0,0
6/29/2026,3:58:18 PM,SPXW,ML/,300,11.26,,PUT,6600,0,337800,7/31/2026,WHITE,0,32,F,INDEX,,F,T,0,0
6/29/2026,3:58:18 PM,SPXW,ML/,5582,11.28,,PUT,6600,0,6296496,7/31/2026,WHITE,0,32,F,INDEX,,F,T,0,0
6/29/2026,12:07:49 PM,SPXW,ML/,90,10,,PUT,7275,0,90000,7/2/2026,WHITE,0,3,F,INDEX,,F,T,0,0
6/29/2026,12:09:59 PM,SPXW,ML/,63,9.9,,PUT,7275,0,62370,7/2/2026,WHITE,0,3,F,INDEX,,F,T,0,0
6/29/2026,12:10:03 PM,SPXW,ML/,80,9.87,,PUT,7275,0,78959,7/2/2026,WHITE,0,3,F,INDEX,,F,T,0,0
6/29/2026,2:28:28 PM,SPXW,ML/,1050,7.4,,PUT,7275,0,777000,7/2/2026,WHITE,0,3,F,INDEX,,F,T,0,0
6/29/2026,3:43:10 PM,SPXW,ML/,75,6.53,,PUT,7275,0,48975,7/2/2026,WHITE,0,3,F,INDEX,,F,T,0,0
6/29/2026,3:44:07 PM,SPXW,ML/,300,4.5,,PUT,7240,0,135000,7/2/2026,WHITE,0,3,F,INDEX,,F,T,0,0
6/29/2026,3:50:51 PM,SPXW,ML/,62,4.5,,PUT,7240,0,27900,7/2/2026,WHITE,0,3,F,INDEX,,F,T,0,0
6/29/2026,3:50:51 PM,SPXW,ML/,138,4.5,,PUT,7240,0,62100,7/2/2026,WHITE,0,3,F,INDEX,,F,T,0,0
6/29/2026,9:38:34 AM,SPXW,ML/,57,19.74,,PUT,7310,0,112517,7/2/2026,WHITE,0,3,F,INDEX,,F,T,0,0
6/29/2026,12:26:50 PM,SPX,ML/,252,46.5,,CALL,7525,0,1171800,7/17/2026,WHITE,0,18,F,INDEX,,F,F,0,0
6/29/2026,9:57:58 AM,SPX,ML/,357,6.4,,CALL,7700,0,228480,7/17/2026,WHITE,0,18,F,INDEX,,F,F,0,0
6/29/2026,10:00:18 AM,SPX,ML/,69,6.09,,CALL,7700,0,42021,7/17/2026,WHITE,0,18,F,INDEX,,F,F,0,0
6/29/2026,10:01:27 AM,SPX,ML/,60,6.09,,CALL,7700,0,36540,7/17/2026,WHITE,0,18,F,INDEX,,F,F,0,0
6/29/2026,10:03:54 AM,SPX,ML/,230,6.02,,CALL,7700,0,138460,7/17/2026,WHITE,0,18,F,INDEX,,F,F,0,0
6/29/2026,10:02:19 AM,SPX,ML/,184,6,,CALL,7700,0,110400,7/17/2026,WHITE,0,18,F,INDEX,,F,F,0,0
6/29/2026,10:04:50 AM,SPX,ML/,644,5.8,,CALL,7700,0,373520,7/17/2026,WHITE,0,18,F,INDEX,,F,F,0,0
6/29/2026,1:20:19 PM,SPX,ML/,136,7.85,,CALL,7700,0,106759,7/17/2026,WHITE,0,18,F,INDEX,,F,F,0,0
6/29/2026,10:01:20 AM,SPX,ML/,138,6.31,,CALL,7700,0,87078,7/17/2026,WHITE,0,18,F,INDEX,,F,F,0,0
6/29/2026,9:59:37 AM,SPX,ML/,69,6.4,,CALL,7700,0,44160,7/17/2026,WHITE,0,18,F,INDEX,,F,F,0,0
6/29/2026,9:57:58 AM,SPX,ML/,245,6.44,,CALL,7700,0,157780,7/17/2026,WHITE,0,18,F,INDEX,,F,F,0,0
6/29/2026,9:57:58 AM,SPX,ML/,98,6.45,,CALL,7700,0,63210,7/17/2026,WHITE,0,18,F,INDEX,,F,F,0,0
6/29/2026,10:00:16 AM,SPX,ML/,69,6.33,,CALL,7700,0,43677,7/17/2026,WHITE,0,18,F,INDEX,,F,F,0,0
6/29/2026,10:00:16 AM,SPX,ML/,69,6.29,,CALL,7700,0,43401,7/17/2026,WHITE,0,18,F,INDEX,,F,F,0,0
6/29/2026,10:01:30 AM,SPX,ML/,138,6.09,,CALL,7700,0,84042,7/17/2026,WHITE,0,18,F,INDEX,,F,F,0,0
6/29/2026,10:00:20 AM,SPX,ML/,69,6.05,,CALL,7700,0,41745,7/17/2026,WHITE,0,18,F,INDEX,,F,F,0,0
6/29/2026,10:02:17 AM,SPX,ML/,138,6.14,,CALL,7700,0,84732,7/17/2026,WHITE,0,18,F,INDEX,,F,F,0,0
6/29/2026,10:02:19 AM,SPX,ML/,132,5.97,,CALL,7700,0,78804,7/17/2026,WHITE,0,18,F,INDEX,,F,F,0,0
6/29/2026,12:24:02 PM,SPX,ML/,250,6.43,,CALL,7700,0,160750,7/17/2026,WHITE,0,18,F,INDEX,,F,F,0,0
6/29/2026,10:47:56 AM,NDXP,ML/,50,14.94,,PUT,28720,0,74700,6/29/2026,WHITE,0,0,F,INDEX,,F,T,0,0
6/29/2026,1:43:52 PM,SPXW,ML/,400,91.1,,PUT,7350,0,3644000,7/31/2026,WHITE,0,32,F,INDEX,,F,T,0,0
6/29/2026,4:02:16 PM,SPXW,ML/,700,0.17,,CALL,7665,0,11900,7/2/2026,WHITE,0,3,F,INDEX,,F,T,0,0
6/29/2026,4:04:20 PM,SPXW,ML/,890,1.85,,PUT,7220,0,164650,7/1/2026,WHITE,0,2,F,INDEX,,F,T,0,0
6/29/2026,2:43:50 PM,SPXW,ML/,60,67.86,,PUT,7430,0,407160,7/13/2026,WHITE,0,14,F,INDEX,,F,T,0,0
6/29/2026,2:43:50 PM,SPXW,ML/,60,67.86,,PUT,7430,0,407160,7/13/2026,WHITE,0,14,F,INDEX,,F,T,0,0
6/29/2026,1:32:09 PM,NDXP,ML/,57,22.8,,CALL,29810,0,129959,6/29/2026,WHITE,0,0,F,INDEX,,F,T,0,0
6/29/2026,4:04:13 PM,SPXW,ML/,1500,0.45,,PUT,6930,0,67500,7/2/2026,WHITE,0,3,F,INDEX,,F,T,0,0
6/29/2026,4:12:42 PM,SPXW,ML/,700,0.5,,PUT,6930,0,35000,7/2/2026,WHITE,0,3,F,INDEX,,F,T,0,0
6/29/2026,10:23:58 AM,XSP,ML/,100,1.14,,PUT,719,0,11399,7/2/2026,WHITE,0,3,F,INDEX,,F,T,0,0
6/29/2026,3:44:53 PM,XSP,ML/,75,7.37,,PUT,740,0,55275,7/17/2026,WHITE,0,18,F,INDEX,,F,F,0,0
6/29/2026,1:25:34 PM,SPXW,SWEEP,150,6,,CALL,7800,0,90000,7/24/2026,WHITE,0,25,F,INDEX,,F,T,0,0
6/29/2026,1:25:34 PM,SPXW,SWEEP,96,6,,CALL,7800,0,57600,7/24/2026,WHITE,0,25,F,INDEX,,F,T,0,0
6/29/2026,1:25:34 PM,SPXW,BLOCK,70,6,,CALL,7800,0,42000,7/24/2026,WHITE,0,25,F,INDEX,,F,T,0,0
6/29/2026,1:25:46 PM,SPXW,SWEEP,143,6.1,,CALL,7800,0,87230,7/24/2026,WHITE,0,25,F,INDEX,,F,T,0,0
6/29/2026,10:10:13 AM,SPXW,ML/,100,77.93,,PUT,7450,0,779300,6/30/2026,WHITE,0,1,F,INDEX,,F,T,0,0
6/29/2026,10:17:47 AM,SPXW,ML/,200,95.49,,PUT,7450,0,1909800,6/30/2026,WHITE,0,1,F,INDEX,,F,T,0,0
6/29/2026,10:23:49 AM,SPXW,ML/,50,95.49,,PUT,7450,0,477450,6/30/2026,WHITE,0,1,F,INDEX,,F,T,0,0
6/29/2026,3:13:30 PM,SPXW,ML/,80,30,,PUT,7450,0,240000,6/30/2026,WHITE,0,1,F,INDEX,,F,T,0,0
6/29/2026,2:14:17 PM,SPXW,ML/,80,31.1,,PUT,7450,0,248800,6/30/2026,WHITE,0,1,F,INDEX,,F,T,0,0
6/29/2026,10:15:55 AM,SPXW,ML/,100,77.93,,PUT,7450,0,779300,6/30/2026,WHITE,0,1,F,INDEX,,F,T,0,0
6/29/2026,10:28:44 AM,SPXW,ML/,150,95.49,,PUT,7450,0,1432350,6/30/2026,WHITE,0,1,F,INDEX,,F,T,0,0
6/29/2026,10:18:28 AM,SPXW,ML/,100,92.58,,PUT,7450,0,925800,6/30/2026,WHITE,0,1,F,INDEX,,F,T,0,0
6/29/2026,10:25:00 AM,SPXW,ML/,200,88.68,,PUT,7450,0,1773600,6/30/2026,WHITE,0,1,F,INDEX,,F,T,0,0
6/29/2026,11:01:10 AM,SPXW,ML/,500,53.39,,PUT,7450,0,2669500,6/30/2026,WHITE,0,1,F,INDEX,,F,T,0,0
6/29/2026,11:53:50 AM,SPXW,ML/,50,50.78,,PUT,7450,0,253900,6/30/2026,WHITE,0,1,F,INDEX,,F,T,0,0
6/29/2026,1:04:44 PM,SPXW,ML/,260,42.75,,PUT,7450,0,1111500,6/30/2026,WHITE,0,1,F,INDEX,,F,T,0,0
6/29/2026,1:33:11 PM,SPXW,ML/,200,34.55,,PUT,7450,0,690999,6/30/2026,WHITE,0,1,F,INDEX,,F,T,0,0
6/29/2026,1:51:39 PM,SPXW,BLOCK,56,5.4,,PUT,7000,0,30240,7/10/2026,WHITE,0,11,F,INDEX,,F,T,0,0
6/29/2026,1:51:23 PM,SPXW,ML/,53,5.49,,PUT,7000,0,29097,7/10/2026,WHITE,0,11,F,INDEX,,F,T,0,0
6/29/2026,11:51:37 AM,NDXP,ML/,57,2.05,,CALL,30600,0,11685,6/30/2026,WHITE,0,1,F,INDEX,,F,T,0,0
6/29/2026,11:58:34 AM,NDXP,ML/,144,2.05,,CALL,30600,0,29520,6/30/2026,WHITE,0,1,F,INDEX,,F,T,0,0
6/29/2026,12:02:00 PM,NDXP,ML/,71,2.05,,CALL,30600,0,14554,6/30/2026,WHITE,0,1,F,INDEX,,F,T,0,0
6/29/2026,1:19:35 PM,NDXP,ML/,188,1.8,,CALL,30600,0,33840,6/30/2026,WHITE,0,1,F,INDEX,,F,T,0,0
6/29/2026,1:29:30 PM,NDXP,ML/,112,2.05,,CALL,30600,0,22959,6/30/2026,WHITE,0,1,F,INDEX,,F,T,0,0
6/29/2026,1:29:31 PM,NDXP,ML/,50,2.05,,CALL,30600,0,10249,6/30/2026,WHITE,0,1,F,INDEX,,F,T,0,0
6/29/2026,9:41:05 AM,NDXP,ML/,69,2.17,,CALL,30600,0,14972,6/30/2026,WHITE,0,1,F,INDEX,,F,T,0,0
6/29/2026,9:45:42 AM,NDXP,ML/,397,2.13,,CALL,30600,0,84560,6/30/2026,WHITE,0,1,F,INDEX,,F,T,0,0
6/29/2026,3:08:29 PM,NDXP,BLOCK,81,7.4,,CALL,29820,0,59940,6/29/2026,WHITE,0,0,F,INDEX,,F,T,0,0
6/29/2026,1:32:09 PM,NDXP,ML/,57,19.95,,CALL,29820,0,113715,6/29/2026,WHITE,0,0,F,INDEX,,F,T,0,0
6/29/2026,9:35:42 AM,SPXW,ML/,392,74.1,,CALL,7350,0,2904719,6/30/2026,WHITE,0,1,F,INDEX,,F,T,0,0
6/29/2026,3:51:31 PM,SPXW,ML/,60,102.78,,CALL,7395,0,616680,7/10/2026,WHITE,0,11,F,INDEX,,F,T,0,0
6/29/2026,3:16:03 PM,SPXW,ML/,52,65.98,,PUT,7475,0,343096,7/6/2026,WHITE,0,7,F,INDEX,,F,T,0,0
6/29/2026,3:16:40 PM,SPXW,ML/,52,66.25,,PUT,7475,0,344500,7/6/2026,WHITE,0,7,F,INDEX,,F,T,0,0
6/29/2026,11:16:09 AM,SPXW,ML/,62,24.27,,PUT,6750,0,150474,8/7/2026,WHITE,0,39,F,INDEX,,F,T,0,0
6/29/2026,11:16:12 AM,SPXW,ML/,68,24.27,,PUT,6750,0,165036,8/7/2026,WHITE,0,39,F,INDEX,,F,T,0,0
6/29/2026,1:36:08 PM,SPXW,ML/,62,21.67,,PUT,6750,0,134354,8/7/2026,WHITE,0,39,F,INDEX,,F,T,0,0
6/29/2026,1:36:09 PM,SPXW,ML/,68,21.7,,PUT,6750,0,147560,8/7/2026,WHITE,0,39,F,INDEX,,F,T,0,0
6/29/2026,11:09:40 AM,SPXW,ML/,150,22.32,,PUT,6700,0,334800,8/7/2026,WHITE,0,39,F,INDEX,,F,T,0,0
6/29/2026,9:55:26 AM,SPXW,ML/,192,5.46,,PUT,6800,0,104832,7/14/2026,WHITE,0,15,F,INDEX,,F,T,0,0
6/29/2026,9:48:42 AM,SPXW,ML/,66,5.19,,PUT,6800,0,34254,7/14/2026,WHITE,0,15,F,INDEX,,F,T,0,0
6/29/2026,9:55:26 AM,SPXW,ML/,85,5.46,,PUT,6800,0,46410,7/14/2026,WHITE,0,15,F,INDEX,,F,T,0,0
6/29/2026,9:55:34 AM,SPXW,ML/,139,0.82,,PUT,6925,0,11397,7/2/2026,WHITE,0,3,F,INDEX,,F,T,0,0
6/29/2026,3:58:39 PM,SPXW,BLOCK,75,20,,CALL,7490,0,150000,7/2/2026,WHITE,0,3,F,INDEX,,F,T,0,0
6/29/2026,3:55:46 PM,SPXW,BLOCK,100,17.7,,CALL,7490,0,177000,7/2/2026,WHITE,0,3,F,INDEX,,F,T,0,0
6/29/2026,2:21:34 PM,SPXW,ML/,54,22.7,,CALL,7455,0,122580,7/1/2026,WHITE,0,2,F,INDEX,,F,T,0,0
6/29/2026,10:45:15 AM,SPXW,ML/,52,53.87,,PUT,7150,0,280124,7/29/2026,WHITE,0,30,F,INDEX,,F,T,0,0
6/29/2026,3:53:32 PM,SPXW,ML/,120,55.53,,CALL,7575,0,666360,7/27/2026,WHITE,0,28,F,INDEX,,F,T,0,0
6/29/2026,11:51:30 AM,SPXW,ML/,100,3.05,,PUT,7050,0,30500,7/6/2026,WHITE,0,7,F,INDEX,,F,T,0,0
6/29/2026,9:59:02 AM,SPXW,ML/,136,3.9,,PUT,7050,0,53040,7/6/2026,WHITE,0,7,F,INDEX,,F,T,0,0
6/29/2026,11:52:07 AM,SPXW,ML/,100,3.03,,PUT,7050,0,30300,7/6/2026,WHITE,0,7,F,INDEX,,F,T,0,0
6/29/2026,1:36:56 PM,SPXW,ML/,53,71.73,,CALL,7380,0,380169,7/1/2026,WHITE,0,2,F,INDEX,,F,T,0,0
6/29/2026,3:37:21 PM,SPXW,BLOCK,50,9.1,,PUT,6700,0,45500,7/24/2026,WHITE,0,25,F,INDEX,,F,T,0,0
6/29/2026,3:42:41 PM,SPX,ML/,500,26,,PUT,7175,0,1300000,7/17/2026,WHITE,0,18,F,INDEX,,F,F,0,0
6/29/2026,2:35:34 PM,SPXW,ML/,200,43.65,,PUT,7470,0,873000,6/30/2026,WHITE,0,1,F,INDEX,,F,T,0,0
6/29/2026,10:15:45 AM,SPXW,ML/,60,16.76,,CALL,7500,0,100560,7/7/2026,WHITE,0,8,F,INDEX,,F,T,0,0
6/29/2026,9:47:15 AM,VIX,BLOCK,266,0.95,,CALL,20.5,0,25270,7/22/2026,WHITE,0,23,F,INDEX,,F,T,0,0
6/29/2026,9:48:38 AM,VIX,BLOCK,272,0.95,,CALL,20.5,0,25839,7/22/2026,WHITE,0,23,F,INDEX,,F,T,0,0
6/29/2026,9:31:58 AM,VIX,BLOCK,140,1.07,,CALL,20.5,0,14980,7/22/2026,WHITE,0,23,F,INDEX,,F,T,0,0
6/29/2026,10:02:06 AM,VIX,BLOCK,334,1.03,,CALL,20.5,0,34402,7/22/2026,WHITE,0,23,F,INDEX,,F,T,0,0
6/29/2026,10:02:41 AM,VIX,BLOCK,182,1.05,,CALL,20.5,0,19110,7/22/2026,WHITE,0,23,F,INDEX,,F,T,0,0
6/29/2026,2:28:47 PM,SPXW,ML/,299,0.8,,PUT,6200,0,23920,7/10/2026,WHITE,0,11,F,INDEX,,F,T,0,0
6/29/2026,2:36:36 PM,SPXW,BLOCK,244,0.75,,PUT,6200,0,18300,7/10/2026,WHITE,0,11,F,INDEX,,F,T,0,0
6/29/2026,2:28:53 PM,SPXW,ML/,308,0.8,,PUT,6200,0,24640,7/10/2026,WHITE,0,11,F,INDEX,,F,T,0,0
6/29/2026,3:02:36 PM,SPXW,ML/,100,4.5,,CALL,7800,0,45000,7/22/2026,WHITE,0,23,F,INDEX,,F,T,0,0
6/29/2026,12:43:16 PM,NDXP,ML/,100,16,,PUT,29380,0,160000,6/29/2026,WHITE,0,0,F,INDEX,,F,T,0,0
6/29/2026,10:05:11 AM,XSP,BLOCK,75,1.36,,PUT,732,0,10200,6/30/2026,WHITE,0,1,F,INDEX,,F,T,0,0
6/29/2026,10:06:06 AM,SPXW,ML/,100,12.28,,PUT,7235,0,122800,7/2/2026,WHITE,0,3,F,INDEX,,F,T,0,0
6/29/2026,11:56:43 AM,SPXW,ML/,80,30.55,,CALL,7550,0,244400,7/15/2026,WHITE,0,16,F,INDEX,,F,T,0,0
6/29/2026,12:01:33 PM,SPXW,ML/,100,1.89,,PUT,6650,0,18900,7/10/2026,WHITE,0,11,F,INDEX,,F,T,0,0
6/29/2026,10:45:46 AM,SPXW,ML/,100,2.39,,PUT,6650,0,23900,7/10/2026,WHITE,0,11,F,INDEX,,F,T,0,0
6/29/2026,12:01:34 PM,SPXW,ML/,250,1.89,,PUT,6650,0,47250,7/10/2026,WHITE,0,11,F,INDEX,,F,T,0,0
6/29/2026,1:43:52 PM,SPXW,ML/,600,36.6,,PUT,7050,0,2196000,7/31/2026,WHITE,0,32,F,INDEX,,F,T,0,0
6/29/2026,11:08:46 AM,SPXW,ML/,67,32,,PUT,6950,0,214400,7/31/2026,WHITE,0,32,F,INDEX,,F,T,0,0
6/29/2026,11:08:46 AM,SPXW,ML/,61,31.97,,PUT,6950,0,195016,7/31/2026,WHITE,0,32,F,INDEX,,F,T,0,0
6/29/2026,11:25:21 AM,SPXW,ML/,53,3.65,,CALL,7565,0,19345,7/6/2026,WHITE,0,7,F,INDEX,,F,T,0,0
6/29/2026,3:27:15 PM,SPXW,ML/,202,6.33,,CALL,7565,0,127866,7/6/2026,WHITE,0,7,F,INDEX,,F,T,0,0
6/29/2026,3:28:07 PM,SPXW,ML/,56,6.32,,CALL,7565,0,35391,7/6/2026,WHITE,0,7,F,INDEX,,F,T,0,0
6/29/2026,11:51:47 AM,SPX,ML/,4500,60.94,,PUT,6500,0,27423000,10/16/2026,WHITE,0,109,F,INDEX,,F,F,0,0
6/29/2026,11:18:02 AM,SPX,ML/,53,20.46,,PUT,5500,0,108438,10/16/2026,WHITE,0,109,F,INDEX,,F,F,0,0
6/29/2026,2:52:43 PM,SPX,ML/,53,19.03,,PUT,5500,0,100859,10/16/2026,WHITE,0,109,F,INDEX,,F,F,0,0
6/29/2026,12:12:45 PM,SPXW,ML/,1480,0.68,,PUT,7155,0,100640,6/30/2026,WHITE,0,1,F,INDEX,,F,T,0,0
6/29/2026,11:46:16 AM,SPXW,ML/,1500,0.78,,PUT,7155,0,117000,6/30/2026,WHITE,0,1,F,INDEX,,F,T,0,0
6/29/2026,11:49:55 AM,SPXW,ML/,480,0.83,,PUT,7155,0,39840,6/30/2026,WHITE,0,1,F,INDEX,,F,T,0,0
6/29/2026,12:31:27 PM,SPXW,ML/,1500,0.68,,PUT,7155,0,102000,6/30/2026,WHITE,0,1,F,INDEX,,F,T,0,0
6/29/2026,3:06:53 PM,NDXP,ML/,100,2.16,,PUT,29500,0,21600,6/29/2026,WHITE,0,0,F,INDEX,,F,T,0,0
6/29/2026,12:13:59 PM,SPX,ML/,69,113.07,,CALL,7400,0,780183,7/17/2026,WHITE,0,18,F,INDEX,,F,F,0,0
6/29/2026,11:45:21 AM,SPX,ML/,200,112,,CALL,7400,0,2240000,7/17/2026,WHITE,0,18,F,INDEX,,F,F,0,0
6/29/2026,11:28:08 AM,SPX,ML/,250,104.5,,CALL,7400,0,2612500,7/17/2026,WHITE,0,18,F,INDEX,,F,F,0,0
6/29/2026,1:57:09 PM,SPX,ML/,100,125.3,,CALL,7400,0,1253000,7/17/2026,WHITE,0,18,F,INDEX,,F,F,0,0
6/29/2026,3:59:05 PM,SPXW,ML/,106,6.78,,PUT,7335,0,71868,7/1/2026,WHITE,0,2,F,INDEX,,F,T,0,0
6/29/2026,1:57:30 PM,SPXW,ML/,50,2.97,,CALL,7675,0,14850,7/10/2026,WHITE,0,11,F,INDEX,,F,T,0,0
6/29/2026,12:49:11 PM,SPXW,ML/,60,94.9,,CALL,7375,0,569400,7/8/2026,WHITE,0,9,F,INDEX,,F,T,0,0
6/29/2026,9:45:01 AM,VIX,ML/,1150,0.11,,CALL,90,0,12650,8/19/2026,WHITE,0,51,F,INDEX,,F,T,0,0
6/29/2026,2:43:43 PM,SPXW,ML/,75,24.21,,PUT,7245,0,181575,7/13/2026,WHITE,0,14,F,INDEX,,F,T,0,0
6/29/2026,2:43:50 PM,SPXW,ML/,75,24.16,,PUT,7245,0,181200,7/13/2026,WHITE,0,14,F,INDEX,,F,T,0,0
6/29/2026,1:36:56 PM,SPXW,ML/,53,64.1,,CALL,7390,0,339730,7/1/2026,WHITE,0,2,F,INDEX,,F,T,0,0
6/29/2026,12:57:07 PM,SPXW,ML/,120,36.18,,PUT,7370,0,434160,7/6/2026,WHITE,0,7,F,INDEX,,F,T,0,0
6/29/2026,11:51:37 AM,NDXP,ML/,57,2.4,,CALL,30500,0,13679,6/30/2026,WHITE,0,1,F,INDEX,,F,T,0,0
6/29/2026,11:58:34 AM,NDXP,ML/,144,2.4,,CALL,30500,0,34560,6/30/2026,WHITE,0,1,F,INDEX,,F,T,0,0
6/29/2026,12:02:00 PM,NDXP,ML/,71,2.4,,CALL,30500,0,17040,6/30/2026,WHITE,0,1,F,INDEX,,F,T,0,0
6/29/2026,1:19:35 PM,NDXP,ML/,188,2.4,,CALL,30500,0,45120,6/30/2026,WHITE,0,1,F,INDEX,,F,T,0,0
6/29/2026,1:29:30 PM,NDXP,ML/,112,2.65,,CALL,30500,0,29680,6/30/2026,WHITE,0,1,F,INDEX,,F,T,0,0
6/29/2026,1:29:31 PM,NDXP,ML/,50,2.65,,CALL,30500,0,13250,6/30/2026,WHITE,0,1,F,INDEX,,F,T,0,0
6/29/2026,9:41:05 AM,NDXP,ML/,69,2.67,,CALL,30500,0,18423,6/30/2026,WHITE,0,1,F,INDEX,,F,T,0,0
6/29/2026,9:45:42 AM,NDXP,ML/,397,2.68,,CALL,30500,0,106396,6/30/2026,WHITE,0,1,F,INDEX,,F,T,0,0
6/29/2026,9:39:59 AM,NDXP,ML/,86,4.75,,PUT,27500,0,40850,6/30/2026,WHITE,0,1,F,INDEX,,F,T,0,0
6/29/2026,9:55:40 AM,NDXP,ML/,102,5.35,,PUT,27500,0,54569,6/30/2026,WHITE,0,1,F,INDEX,,F,T,0,0
6/29/2026,10:05:03 AM,NDXP,ML/,126,8.5,,PUT,27500,0,107100,6/30/2026,WHITE,0,1,F,INDEX,,F,T,0,0
6/29/2026,10:00:47 AM,NDXP,ML/,449,8.55,,PUT,27500,0,383895,6/30/2026,WHITE,0,1,F,INDEX,,F,T,0,0
6/29/2026,9:40:00 AM,NDXP,ML/,379,4.75,,PUT,27500,0,180025,6/30/2026,WHITE,0,1,F,INDEX,,F,T,0,0
6/29/2026,9:55:41 AM,NDXP,ML/,265,5.35,,PUT,27500,0,141775,6/30/2026,WHITE,0,1,F,INDEX,,F,T,0,0
6/29/2026,9:56:18 AM,NDXP,ML/,500,5.4,,PUT,27500,0,270000,6/30/2026,WHITE,0,1,F,INDEX,,F,T,0,0
6/29/2026,10:05:17 AM,NDXP,ML/,89,8.55,,PUT,27500,0,76095,6/30/2026,WHITE,0,1,F,INDEX,,F,T,0,0
6/29/2026,10:00:47 AM,NDXP,ML/,51,8.6,,PUT,27500,0,43860,6/30/2026,WHITE,0,1,F,INDEX,,F,T,0,0
6/29/2026,10:05:17 AM,NDXP,ML/,249,8.5,,PUT,27500,0,211650,6/30/2026,WHITE,0,1,F,INDEX,,F,T,0,0
6/29/2026,10:07:52 AM,NDXP,ML/,500,9.68,,PUT,27500,0,484000,6/30/2026,WHITE,0,1,F,INDEX,,F,T,0,0
6/29/2026,9:39:59 AM,NDXP,ML/,86,4.25,,PUT,27400,0,36550,6/30/2026,WHITE,0,1,F,INDEX,,F,T,0,0
6/29/2026,9:55:40 AM,NDXP,ML/,102,4.65,,PUT,27400,0,47430,6/30/2026,WHITE,0,1,F,INDEX,,F,T,0,0
6/29/2026,9:55:41 AM,NDXP,ML/,265,4.65,,PUT,27400,0,123225,6/30/2026,WHITE,0,1,F,INDEX,,F,T,0,0
6/29/2026,10:05:03 AM,NDXP,ML/,126,7.3,,PUT,27400,0,91980,6/30/2026,WHITE,0,1,F,INDEX,,F,T,0,0
6/29/2026,10:00:47 AM,NDXP,ML/,449,7.35,,PUT,27400,0,330015,6/30/2026,WHITE,0,1,F,INDEX,,F,T,0,0
6/29/2026,9:40:00 AM,NDXP,ML/,379,4.25,,PUT,27400,0,161075,6/30/2026,WHITE,0,1,F,INDEX,,F,T,0,0
6/29/2026,9:56:18 AM,NDXP,ML/,500,4.65,,PUT,27400,0,232500,6/30/2026,WHITE,0,1,F,INDEX,,F,T,0,0
6/29/2026,10:05:17 AM,NDXP,ML/,89,7.35,,PUT,27400,0,65415,6/30/2026,WHITE,0,1,F,INDEX,,F,T,0,0
6/29/2026,10:00:48 AM,NDXP,ML/,51,7.4,,PUT,27400,0,37740,6/30/2026,WHITE,0,1,F,INDEX,,F,T,0,0
6/29/2026,10:05:17 AM,NDXP,ML/,249,7.3,,PUT,27400,0,181770,6/30/2026,WHITE,0,1,F,INDEX,,F,T,0,0
6/29/2026,10:07:52 AM,NDXP,ML/,500,8.33,,PUT,27400,0,416500,6/30/2026,WHITE,0,1,F,INDEX,,F,T,0,0
6/29/2026,11:53:50 AM,SPXW,ML/,50,120.29,,PUT,7450,0,601450,7/24/2026,WHITE,0,25,F,INDEX,,F,T,0,0
6/29/2026,1:49:16 PM,SPXW,ML/,50,108.34,,PUT,7450,0,541700,7/24/2026,WHITE,0,25,F,INDEX,,F,T,0,0
6/29/2026,9:49:34 AM,SPXW,ML/,75,2.7,,PUT,7120,0,20250,7/2/2026,WHITE,0,3,F,INDEX,,F,T,0,0
6/29/2026,9:51:52 AM,SPXW,ML/,50,2.52,,PUT,7120,0,12600,7/2/2026,WHITE,0,3,F,INDEX,,F,T,0,0
6/29/2026,9:52:43 AM,SPXW,ML/,80,2.53,,PUT,7120,0,20239,7/2/2026,WHITE,0,3,F,INDEX,,F,T,0,0
6/29/2026,10:07:29 AM,SPXW,ML/,50,4.88,,PUT,7120,0,24400,7/2/2026,WHITE,0,3,F,INDEX,,F,T,0,0
6/29/2026,9:33:17 AM,RUTW,ML/,100,14.13,,CALL,3005,0,141300,6/29/2026,WHITE,0,0,F,INDEX,,F,T,0,0
6/29/2026,3:41:11 PM,SPXW,ML/,53,17.61,,PUT,7325,0,93333,7/6/2026,WHITE,0,7,F,INDEX,,F,T,0,0
6/29/2026,3:41:12 PM,SPXW,ML/,64,17.61,,PUT,7325,0,112704,7/6/2026,WHITE,0,7,F,INDEX,,F,T,0,0
6/29/2026,3:02:02 PM,SPXW,ML/,75,17.62,,PUT,7325,0,132150,7/6/2026,WHITE,0,7,F,INDEX,,F,T,0,0
6/29/2026,3:41:10 PM,SPXW,ML/,59,17.71,,PUT,7325,0,104489,7/6/2026,WHITE,0,7,F,INDEX,,F,T,0,0
6/29/2026,11:58:06 AM,SPXW,ML/,1000,29.1,,PUT,7390,0,2910000,7/1/2026,WHITE,0,2,F,INDEX,,F,T,0,0
6/29/2026,3:46:00 PM,SPXW,ML/,75,1.47,,CALL,7630,0,11025,7/7/2026,WHITE,0,8,F,INDEX,,F,T,0,0
6/29/2026,3:59:11 PM,SPXW,ML/,72,1.53,,CALL,7630,0,11016,7/7/2026,WHITE,0,8,F,INDEX,,F,T,0,0
6/29/2026,3:51:28 PM,SPXW,BLOCK,100,41.5,,CALL,7440,0,415000,7/2/2026,WHITE,0,3,F,INDEX,,F,T,0,0
6/29/2026,12:07:20 PM,VIX,ML/,160,1.81,,CALL,30,0,28960,11/18/2026,WHITE,0,142,F,INDEX,,F,T,0,0
6/29/2026,12:12:26 PM,VIX,ML/,1340,1.81,,CALL,30,0,242540,11/18/2026,WHITE,0,142,F,INDEX,,F,T,0,0
6/29/2026,11:26:06 AM,SPX,ML/,900,26.01,,CALL,8000,0,2340900,9/18/2026,WHITE,0,81,F,INDEX,,F,F,0,0
6/29/2026,11:27:00 AM,SPX,ML/,5000,26.01,,CALL,8000,0,13005000,9/18/2026,WHITE,0,81,F,INDEX,,F,F,0,0
6/29/2026,12:15:17 PM,SPX,ML/,100,28,,CALL,8000,0,280000,9/18/2026,WHITE,0,81,F,INDEX,,F,F,0,0
6/29/2026,1:20:49 PM,SPX,ML/,100,30.7,,CALL,8000,0,307000,9/18/2026,WHITE,0,81,F,INDEX,,F,F,0,0
6/29/2026,4:13:25 PM,SPX,ML/,100,31.24,,CALL,8000,0,312400,9/18/2026,WHITE,0,81,F,INDEX,,F,F,0,0
6/29/2026,9:32:16 AM,SPX,BLOCK,325,27.1,,CALL,8000,0,880750,9/18/2026,WHITE,0,81,F,INDEX,,F,F,0,0
6/29/2026,11:39:49 AM,SPX,ML/,100,27,,CALL,8000,0,270000,9/18/2026,WHITE,0,81,F,INDEX,,F,F,0,0
6/29/2026,10:18:41 AM,SPX,BLOCK,50,23.5,,CALL,8000,0,117500,9/18/2026,WHITE,0,81,F,INDEX,,F,F,0,0
6/29/2026,10:20:25 AM,SPX,ML/,100,24.03,,CALL,8000,0,240300,9/18/2026,WHITE,0,81,F,INDEX,,F,F,0,0
6/29/2026,11:27:22 AM,SPX,ML/,100,26.01,,CALL,8000,0,260100,9/18/2026,WHITE,0,81,F,INDEX,,F,F,0,0
6/29/2026,12:01:23 PM,SPX,ML/,100,27.4,,CALL,8000,0,274000,9/18/2026,WHITE,0,81,F,INDEX,,F,F,0,0
6/29/2026,12:36:28 PM,SPX,ML/,950,27.58,,CALL,8000,0,2620100,9/18/2026,WHITE,0,81,F,INDEX,,F,F,0,0
6/29/2026,1:16:30 PM,SPX,ML/,500,30.3,,CALL,8000,0,1515000,9/18/2026,WHITE,0,81,F,INDEX,,F,F,0,0
6/29/2026,1:14:55 PM,SPX,ML/,1250,30.25,,CALL,8000,0,3781250,9/18/2026,WHITE,0,81,F,INDEX,,F,F,0,0
6/29/2026,1:34:17 PM,SPX,ML/,1750,31.1,,CALL,8000,0,5442500,9/18/2026,WHITE,0,81,F,INDEX,,F,F,0,0
6/29/2026,1:57:09 PM,SPX,ML/,1000,31.55,,CALL,8000,0,3155000,9/18/2026,WHITE,0,81,F,INDEX,,F,F,0,0
6/29/2026,4:08:46 PM,SPX,ML/,250,31,,CALL,8000,0,775000,9/18/2026,WHITE,0,81,F,INDEX,,F,F,0,0
6/29/2026,4:23:30 PM,SPX,ML/,100,31.24,,CALL,8000,0,312400,9/18/2026,WHITE,0,81,F,INDEX,,F,F,0,0
6/29/2026,4:15:13 PM,SPX,ML/,650,31.21,,CALL,8000,0,2028650,9/18/2026,WHITE,0,81,F,INDEX,,F,F,0,0
6/29/2026,2:21:34 PM,SPXW,ML/,54,26.9,,PUT,7420,0,145260,7/1/2026,WHITE,0,2,F,INDEX,,F,T,0,0
6/29/2026,9:40:41 AM,SPXW,ML/,100,1.61,,PUT,5900,0,16100,7/16/2026,WHITE,0,17,F,INDEX,,F,T,0,0
6/29/2026,12:08:37 PM,SPXW,ML/,800,20,,CALL,7450,0,1600000,7/1/2026,WHITE,0,2,F,INDEX,,F,T,0,0
6/29/2026,3:30:00 PM,SPXW,ML/,200,26.4,,CALL,7450,0,528000,7/1/2026,WHITE,0,2,F,INDEX,,F,T,0,0
6/29/2026,4:14:12 PM,SPXW,ML/,200,20,,CALL,7450,0,400000,7/1/2026,WHITE,0,2,F,INDEX,,F,T,0,0
6/29/2026,11:56:42 AM,SPXW,ML/,400,17.6,,CALL,7450,0,704000,7/1/2026,WHITE,0,2,F,INDEX,,F,T,0,0
6/29/2026,3:40:48 PM,SPXW,ML/,55,33.24,,PUT,7380,0,182820,7/7/2026,WHITE,0,8,F,INDEX,,F,T,0,0
6/29/2026,9:33:28 AM,SPXW,ML/,1778,0.11,,CALL,7640,0,19558,6/30/2026,WHITE,0,1,F,INDEX,,F,T,0,0
6/29/2026,10:19:00 AM,SPXW,ML/,1878,0.07,,CALL,7640,0,13146,6/30/2026,WHITE,0,1,F,INDEX,,F,T,0,0
6/29/2026,11:46:16 AM,SPXW,ML/,1500,0.38,,PUT,7055,0,57000,6/30/2026,WHITE,0,1,F,INDEX,,F,T,0,0
6/29/2026,12:12:45 PM,SPXW,ML/,1480,0.33,,PUT,7055,0,48840,6/30/2026,WHITE,0,1,F,INDEX,,F,T,0,0
6/29/2026,11:49:55 AM,SPXW,ML/,480,0.38,,PUT,7055,0,18240,6/30/2026,WHITE,0,1,F,INDEX,,F,T,0,0
6/29/2026,12:31:27 PM,SPXW,ML/,1500,0.33,,PUT,7055,0,49500,6/30/2026,WHITE,0,1,F,INDEX,,F,T,0,0
6/29/2026,12:03:00 PM,SPXW,ML/,2500,0.05,,CALL,7650,0,12500,6/30/2026,WHITE,0,1,F,INDEX,,F,T,0,0
6/29/2026,9:54:03 AM,SPXW,ML/,3000,0.11,,CALL,7650,0,33000,6/30/2026,WHITE,0,1,F,INDEX,,F,T,0,0
6/29/2026,9:41:00 AM,SPXW,ML/,2985,0.13,,CALL,7650,0,38805,6/30/2026,WHITE,0,1,F,INDEX,,F,T,0,0
6/29/2026,1:36:35 PM,SPXW,ML/,53,34.1,,PUT,7465,0,180730,6/29/2026,WHITE,0,0,F,INDEX,,F,T,0,0
6/29/2026,3:20:22 PM,SPX,ML/,300,12.62,,PUT,6200,0,378599,8/21/2026,WHITE,0,53,F,INDEX,,F,F,0,0
6/29/2026,11:02:20 AM,SPXW,ML/,500,5.23,,PUT,7100,0,261500,7/6/2026,WHITE,0,7,F,INDEX,,F,T,0,0
6/29/2026,3:54:37 PM,SPXW,BLOCK,50,2.65,,PUT,7100,0,13250,7/6/2026,WHITE,0,7,F,INDEX,,F,T,0,0
6/29/2026,4:14:49 PM,XSP,ML/,60,7.98,,CALL,740,0,47880,7/6/2026,WHITE,0,7,F,INDEX,,F,T,0,0
6/29/2026,4:10:57 PM,SPXW,BLOCK,50,30.7,,PUT,7310,0,153500,7/10/2026,WHITE,0,11,F,INDEX,,F,T,0,0
6/29/2026,9:44:03 AM,SPX,ML/,72,3.41,,PUT,5000,0,24552,8/21/2026,WHITE,0,53,F,INDEX,,F,F,0,0
6/29/2026,11:18:02 AM,SPX,ML/,64,3.68,,PUT,5000,0,23552,8/21/2026,WHITE,0,53,F,INDEX,,F,F,0,0
6/29/2026,2:52:43 PM,SPX,ML/,64,3.3,,PUT,5000,0,21120,8/21/2026,WHITE,0,53,F,INDEX,,F,F,0,0
6/29/2026,3:02:11 PM,SPX,ML/,650,1478.75,,CALL,6000,0,96118750,8/21/2026,WHITE,0,53,F,INDEX,,F,F,0,0
6/29/2026,3:51:17 PM,XSP,ML/,97,1.79,,PUT,742,0,17363,6/30/2026,WHITE,0,1,F,INDEX,,F,T,0,0
6/29/2026,3:40:48 PM,SPXW,ML/,110,13.72,,PUT,7270,0,150920,7/7/2026,WHITE,0,8,F,INDEX,,F,T,0,0
6/29/2026,3:39:25 PM,SPXW,ML/,70,14.25,,PUT,7270,0,99750,7/7/2026,WHITE,0,8,F,INDEX,,F,T,0,0
6/29/2026,3:40:51 PM,SPXW,ML/,66,13.78,,PUT,7270,0,90947,7/7/2026,WHITE,0,8,F,INDEX,,F,T,0,0
6/29/2026,3:50:14 PM,SPXW,ML/,63,1.65,,CALL,7625,0,10394,7/7/2026,WHITE,0,8,F,INDEX,,F,T,0,0
6/29/2026,9:50:39 AM,SPXW,ML/,60,2.34,,CALL,7625,0,14039,7/7/2026,WHITE,0,8,F,INDEX,,F,T,0,0
6/29/2026,4:12:28 PM,SPXW,ML/,50,2.01,,CALL,7625,0,10049,7/7/2026,WHITE,0,8,F,INDEX,,F,T,0,0
6/29/2026,1:12:50 PM,XSP,ML/,51,9.25,,PUT,750,0,47175,7/7/2026,WHITE,0,8,F,INDEX,,F,T,0,0
6/29/2026,9:51:02 AM,XSP,ML/,50,9.89,,PUT,750,0,49450,7/7/2026,WHITE,0,8,F,INDEX,,F,T,0,0
6/29/2026,3:49:35 PM,SPXW,ML/,250,26.77,,PUT,7425,0,669250,7/1/2026,WHITE,0,2,F,INDEX,,F,T,0,0
6/29/2026,11:51:34 AM,NDXP,BLOCK,50,6,,PUT,29000,0,30000,6/29/2026,WHITE,0,0,F,INDEX,,F,T,0,0
6/29/2026,1:16:29 PM,SPXW,ML/,100,24.3,,PUT,7425,0,243000,6/30/2026,WHITE,0,1,F,INDEX,,F,T,0,0
6/29/2026,1:24:17 PM,SPXW,BLOCK,50,26,,PUT,7425,0,130000,6/30/2026,WHITE,0,1,F,INDEX,,F,T,0,0
6/29/2026,3:49:35 PM,SPXW,ML/,250,18.79,,PUT,7425,0,469750,6/30/2026,WHITE,0,1,F,INDEX,,F,T,0,0
6/29/2026,9:49:25 AM,VIX,ML/,430,0.28,,CALL,55,0,12040,8/19/2026,WHITE,0,51,F,INDEX,,F,T,0,0
6/29/2026,10:10:32 AM,SPX,ML/,100,44.5,,CALL,8200,0,445000,11/20/2026,WHITE,0,144,F,INDEX,,F,F,0,0
6/29/2026,10:59:16 AM,SPXW,ML/,125,102.73,,CALL,7550,0,1284125,8/14/2026,WHITE,0,46,F,INDEX,,F,T,0,0
6/29/2026,1:08:23 PM,SPXW,ML/,194,107.52,,CALL,7550,0,2085888,8/14/2026,WHITE,0,46,F,INDEX,,F,T,0,0
6/29/2026,3:39:38 PM,SPXW,BLOCK,250,1,,CALL,7670,0,25000,7/8/2026,WHITE,0,9,F,INDEX,,F,T,0,0
6/29/2026,3:10:23 PM,NDXP,ML/,99,1.21,,CALL,29900,0,11979,6/29/2026,WHITE,0,0,F,INDEX,,F,T,0,0
6/29/2026,9:39:02 AM,SPXW,ML/,70,93.05,,PUT,7490,0,651350,7/2/2026,WHITE,0,3,F,INDEX,,F,T,0,0
6/29/2026,9:40:29 AM,SPXW,ML/,158,89.88,,PUT,7490,0,1420104,7/2/2026,WHITE,0,3,F,INDEX,,F,T,0,0
6/29/2026,9:43:35 AM,SPXW,ML/,68,85.56,,PUT,7490,0,581808,7/2/2026,WHITE,0,3,F,INDEX,,F,T,0,0
6/29/2026,9:43:41 AM,SPXW,ML/,68,84.86,,PUT,7490,0,577048,7/2/2026,WHITE,0,3,F,INDEX,,F,T,0,0
6/29/2026,9:44:05 AM,SPXW,ML/,60,85.27,,PUT,7490,0,511620,7/2/2026,WHITE,0,3,F,INDEX,,F,T,0,0
6/29/2026,10:17:03 AM,SPX,ML/,403,28.35,,CALL,7550,0,1142505,7/17/2026,WHITE,0,18,F,INDEX,,F,F,0,0
6/29/2026,10:35:08 AM,SPX,BLOCK,610,37.6,,CALL,7550,0,2293600,7/17/2026,WHITE,0,18,F,INDEX,,F,F,0,0
6/29/2026,10:17:03 AM,SPX,ML/,297,28.35,,CALL,7550,0,841995,7/17/2026,WHITE,0,18,F,INDEX,,F,F,0,0
6/29/2026,10:17:03 AM,SPX,ML/,275,28.36,,CALL,7550,0,779900,7/17/2026,WHITE,0,18,F,INDEX,,F,F,0,0
6/29/2026,10:17:03 AM,SPX,ML/,57,28.39,,CALL,7550,0,161823,7/17/2026,WHITE,0,18,F,INDEX,,F,F,0,0
6/29/2026,10:17:03 AM,SPX,ML/,168,28.38,,CALL,7550,0,476784,7/17/2026,WHITE,0,18,F,INDEX,,F,F,0,0
6/29/2026,3:36:12 PM,SPX,ML/,371,42.99,,CALL,7550,0,1594929,7/17/2026,WHITE,0,18,F,INDEX,,F,F,0,0
6/29/2026,3:42:41 PM,SPX,ML/,500,43.6,,CALL,7550,0,2180000,7/17/2026,WHITE,0,18,F,INDEX,,F,F,0,0
6/29/2026,3:43:19 PM,SPX,ML/,750,44.14,,CALL,7550,0,3310500,7/17/2026,WHITE,0,18,F,INDEX,,F,F,0,0
6/29/2026,9:52:13 AM,VIXW,BLOCK,263,1.22,,PUT,19,0,32086,7/8/2026,WHITE,0,9,F,INDEX,,F,T,0,0
6/29/2026,3:22:08 PM,VIXW,BLOCK,100,1.2,,PUT,19,0,12000,7/8/2026,WHITE,0,9,F,INDEX,,F,T,0,0
6/29/2026,1:02:26 PM,SPX,ML/,64,40.91,,PUT,7250,0,261823,7/17/2026,WHITE,0,18,F,INDEX,,F,F,0,0
6/29/2026,1:03:49 PM,SPX,ML/,186,41.07,,PUT,7250,0,763902,7/17/2026,WHITE,0,18,F,INDEX,,F,F,0,0
6/29/2026,10:43:51 AM,SPXW,ML/,125,64.47,,PUT,7400,0,805875,7/8/2026,WHITE,0,9,F,INDEX,,F,T,0,0
6/29/2026,12:58:10 PM,SPXW,ML/,200,54.3,,PUT,7400,0,1086000,7/8/2026,WHITE,0,9,F,INDEX,,F,T,0,0
6/29/2026,1:00:55 PM,SPXW,ML/,50,53.1,,PUT,7400,0,265500,7/8/2026,WHITE,0,9,F,INDEX,,F,T,0,0
6/29/2026,11:02:52 AM,SPX,ML/,500,22.1,,CALL,7600,0,1105000,7/17/2026,WHITE,0,18,F,INDEX,,F,F,0,0
6/29/2026,1:18:54 PM,SPX,ML/,60,26.38,,CALL,7600,0,158280,7/17/2026,WHITE,0,18,F,INDEX,,F,F,0,0
6/29/2026,1:49:43 PM,SPX,ML/,58,27.2,,CALL,7600,0,157760,7/17/2026,WHITE,0,18,F,INDEX,,F,F,0,0
6/29/2026,1:20:19 PM,SPX,ML/,272,26.49,,CALL,7600,0,720528,7/17/2026,WHITE,0,18,F,INDEX,,F,F,0,0
6/29/2026,1:24:50 PM,SPX,ML/,150,25.4,,CALL,7600,0,381000,7/17/2026,WHITE,0,18,F,INDEX,,F,F,0,0
6/29/2026,4:08:32 PM,SPX,ML/,250,27,,CALL,7600,0,675000,7/17/2026,WHITE,0,18,F,INDEX,,F,F,0,0
6/29/2026,2:54:30 PM,SPX,ML/,53,27.82,,CALL,7600,0,147446,7/17/2026,WHITE,0,18,F,INDEX,,F,F,0,0
6/29/2026,4:06:29 PM,SPXW,ML/,61,11.07,,PUT,7360,0,67527,7/1/2026,WHITE,0,2,F,INDEX,,F,T,0,0
6/29/2026,2:58:04 PM,SPXW,ML/,100,18.27,,PUT,6900,0,182700,7/28/2026,WHITE,0,29,F,INDEX,,F,T,0,0
6/29/2026,3:33:55 PM,SPXW,ML/,200,108.31,,CALL,7500,0,2166200,7/31/2026,WHITE,0,32,F,INDEX,,F,T,0,0
6/29/2026,11:14:55 AM,SPXW,ML/,68,14.3,,CALL,7510,0,97240,7/6/2026,WHITE,0,7,F,INDEX,,F,T,0,0
6/29/2026,11:14:51 AM,SPXW,ML/,64,14.33,,CALL,7510,0,91712,7/6/2026,WHITE,0,7,F,INDEX,,F,T,0,0
6/29/2026,11:15:13 AM,SPXW,ML/,65,14.37,,CALL,7510,0,93405,7/6/2026,WHITE,0,7,F,INDEX,,F,T,0,0
6/29/2026,11:15:03 AM,SPXW,ML/,71,14.23,,CALL,7510,0,101033,7/6/2026,WHITE,0,7,F,INDEX,,F,T,0,0
6/29/2026,11:15:10 AM,SPXW,ML/,79,14.48,,CALL,7510,0,114392,7/6/2026,WHITE,0,7,F,INDEX,,F,T,0,0
6/29/2026,3:39:25 PM,SPXW,ML/,70,16.8,,PUT,7290,0,117600,7/7/2026,WHITE,0,8,F,INDEX,,F,T,0,0
6/29/2026,9:43:24 AM,SPX,ML/,1359,4.04,,PUT,6500,0,549036,7/17/2026,WHITE,0,18,F,INDEX,,F,F,0,0
6/29/2026,9:32:53 AM,SPXW,ML/,50,135.43,,PUT,7475,0,677150,7/24/2026,WHITE,0,25,F,INDEX,,F,T,0,0
6/29/2026,9:32:53 AM,SPXW,ML/,50,138.73,,PUT,7475,0,693649,7/27/2026,WHITE,0,28,F,INDEX,,F,T,0,0
6/29/2026,1:52:15 PM,XSP,ML/,110,0.94,,CALL,752,0,10340,7/2/2026,WHITE,0,3,F,INDEX,,F,T,0,0
6/29/2026,1:13:00 PM,SPX,ML/,90,72.5,,CALL,7475,0,652500,7/17/2026,WHITE,0,18,F,INDEX,,F,F,0,0
6/29/2026,11:55:27 AM,SPXW,ML/,196,22.9,,CALL,7550,0,448839,7/13/2026,WHITE,0,14,F,INDEX,,F,T,0,0
6/29/2026,12:52:57 PM,SPXW,ML/,71,24.35,,CALL,7550,0,172885,7/13/2026,WHITE,0,14,F,INDEX,,F,T,0,0
6/29/2026,3:57:18 PM,SPXW,BLOCK,52,5,,CALL,7570,0,26000,7/6/2026,WHITE,0,7,F,INDEX,,F,T,0,0
6/29/2026,11:23:50 AM,SPXW,ML/,50,3.27,,CALL,7570,0,16350,7/6/2026,WHITE,0,7,F,INDEX,,F,T,0,0
6/29/2026,11:24:50 AM,SPXW,ML/,50,3.2,,CALL,7570,0,16000,7/6/2026,WHITE,0,7,F,INDEX,,F,T,0,0
6/29/2026,11:14:08 AM,SPXW,ML/,74,8.1,,CALL,7750,0,59940,7/24/2026,WHITE,0,25,F,INDEX,,F,T,0,0
6/29/2026,1:49:26 PM,XSP,BLOCK,55,2.32,,PUT,743,0,12759,6/30/2026,WHITE,0,1,F,INDEX,,F,T,0,0
6/29/2026,3:59:27 PM,SPXW,BLOCK,100,13,,CALL,7550,0,130000,7/7/2026,WHITE,0,8,F,INDEX,,F,T,0,0
6/29/2026,11:48:52 AM,SPXW,ML/,112,8.87,,CALL,7550,0,99344,7/7/2026,WHITE,0,8,F,INDEX,,F,T,0,0
6/29/2026,4:01:05 PM,SPXW,BLOCK,100,11.5,,CALL,7550,0,115000,7/7/2026,WHITE,0,8,F,INDEX,,F,T,0,0
6/29/2026,3:40:31 PM,SPXW,BLOCK,59,5.4,,PUT,7260,0,31860,7/2/2026,WHITE,0,3,F,INDEX,,F,T,0,0
6/29/2026,3:15:38 PM,SPX,ML/,125,96.44,,PUT,7075,0,1205500,9/18/2026,WHITE,0,81,F,INDEX,,F,F,0,0
6/29/2026,11:58:06 AM,SPXW,ML/,1000,24.2,,CALL,7435,0,2420000,7/1/2026,WHITE,0,2,F,INDEX,,F,T,0,0
6/29/2026,11:59:18 AM,SPXW,BLOCK,286,0.5,,PUT,5900,0,14300,7/9/2026,WHITE,0,10,F,INDEX,,F,T,0,0
6/29/2026,12:21:55 PM,SPXW,ML/,110,7.33,,CALL,7610,0,80630,7/10/2026,WHITE,0,11,F,INDEX,,F,T,0,0
6/29/2026,10:48:29 AM,SPXW,ML/,76,164.74,,PUT,7550,0,1252024,7/10/2026,WHITE,0,11,F,INDEX,,F,T,0,0
6/29/2026,1:24:00 PM,SPXW,SWEEP,61,18.1,,PUT,7440,0,110410,6/29/2026,WHITE,0,0,F,INDEX,,F,T,0,0
6/29/2026,1:31:37 PM,SPXW,BLOCK,85,11.5,,PUT,7440,0,97750,6/29/2026,WHITE,0,0,F,INDEX,,F,T,0,0
6/29/2026,1:35:03 PM,SPXW,ML/,57,12.93,,PUT,7440,0,73701,6/29/2026,WHITE,0,0,F,INDEX,,F,T,0,0
6/29/2026,1:52:33 PM,SPXW,ML/,65,10.35,,PUT,7440,0,67275,6/29/2026,WHITE,0,0,F,INDEX,,F,T,0,0
6/29/2026,2:35:11 PM,SPXW,ML/,51,8.16,,PUT,7440,0,41616,6/29/2026,WHITE,0,0,F,INDEX,,F,T,0,0
6/29/2026,2:45:54 PM,SPXW,ML/,63,6,,PUT,7440,0,37800,6/29/2026,WHITE,0,0,F,INDEX,,F,T,0,0
6/29/2026,2:45:55 PM,SPXW,BLOCK,80,6,,PUT,7440,0,48000,6/29/2026,WHITE,0,0,F,INDEX,,F,T,0,0
6/29/2026,2:45:56 PM,SPXW,ML/,70,5.9,,PUT,7440,0,41300,6/29/2026,WHITE,0,0,F,INDEX,,F,T,0,0
6/29/2026,2:46:29 PM,SPXW,BLOCK,87,6,,PUT,7440,0,52200,6/29/2026,WHITE,0,0,F,INDEX,,F,T,0,0
6/29/2026,2:46:58 PM,SPXW,BLOCK,50,6.5,,PUT,7440,0,32500,6/29/2026,WHITE,0,0,F,INDEX,,F,T,0,0
6/29/2026,2:48:34 PM,SPXW,BLOCK,50,6.9,,PUT,7440,0,34500,6/29/2026,WHITE,0,0,F,INDEX,,F,T,0,0
6/29/2026,2:49:40 PM,SPXW,BLOCK,85,6.7,,PUT,7440,0,56950,6/29/2026,WHITE,0,0,F,INDEX,,F,T,0,0
6/29/2026,2:50:25 PM,SPXW,BLOCK,50,7.1,,PUT,7440,0,35500,6/29/2026,WHITE,0,0,F,INDEX,,F,T,0,0
6/29/2026,2:56:10 PM,SPXW,BLOCK,60,7.5,,PUT,7440,0,45000,6/29/2026,WHITE,0,0,F,INDEX,,F,T,0,0
6/29/2026,3:23:44 PM,SPXW,BLOCK,80,4.3,,PUT,7440,0,34400,6/29/2026,WHITE,0,0,F,INDEX,,F,T,0,0
6/29/2026,3:25:19 PM,SPXW,BLOCK,103,5.1,,PUT,7440,0,52529,6/29/2026,WHITE,0,0,F,INDEX,,F,T,0,0
6/29/2026,3:26:07 PM,SPXW,BLOCK,72,4.5,,PUT,7440,0,32400,6/29/2026,WHITE,0,0,F,INDEX,,F,T,0,0
6/29/2026,3:29:26 PM,SPXW,BLOCK,88,4.8,,PUT,7440,0,42240,6/29/2026,WHITE,0,0,F,INDEX,,F,T,0,0
6/29/2026,3:31:58 PM,SPXW,ML/,50,6.4,,PUT,7440,0,32000,6/29/2026,WHITE,0,0,F,INDEX,,F,T,0,0
6/29/2026,3:42:49 PM,SPXW,ML/,71,6.2,,PUT,7440,0,44020,6/29/2026,WHITE,0,0,F,INDEX,,F,T,0,0
6/29/2026,3:50:07 PM,SPXW,ML/,88,6.46,,PUT,7440,0,56848,6/29/2026,WHITE,0,0,F,INDEX,,F,T,0,0
6/29/2026,12:54:18 PM,SPXW,ML/,52,23.79,,PUT,7440,0,123708,6/29/2026,WHITE,0,0,F,INDEX,,F,T,0,0
6/29/2026,1:26:51 PM,SPXW,BLOCK,71,17.1,,PUT,7440,0,121410,6/29/2026,WHITE,0,0,F,INDEX,,F,T,0,0
6/29/2026,1:54:06 PM,SPXW,ML/,50,9.23,,PUT,7440,0,46150,6/29/2026,WHITE,0,0,F,INDEX,,F,T,0,0
6/29/2026,3:42:47 PM,SPXW,ML/,65,5.97,,PUT,7440,0,38804,6/29/2026,WHITE,0,0,F,INDEX,,F,T,0,0
6/29/2026,3:39:22 PM,SPXW,BLOCK,600,1.85,,PUT,7225,0,111000,7/1/2026,WHITE,0,2,F,INDEX,,F,T,0,0
6/29/2026,10:12:26 AM,SPXW,ML/,76,24.73,,PUT,7280,0,187948,7/2/2026,WHITE,0,3,F,INDEX,,F,T,0,0
6/29/2026,10:23:58 AM,XSP,ML/,100,1.25,,PUT,720,0,12500,7/2/2026,WHITE,0,3,F,INDEX,,F,T,0,0
6/29/2026,3:50:02 PM,NDXP,ML/,85,2.55,,PUT,29640,0,21675,6/29/2026,WHITE,0,0,F,INDEX,,F,T,0,0
6/29/2026,9:33:17 AM,SPX,ML/,1000,138,,PUT,7100,0,13800000,10/16/2026,WHITE,0,109,F,INDEX,,F,F,0,0
6/29/2026,9:33:17 AM,SPX,ML/,500,233.6,,PUT,7450,0,11680000,10/16/2026,WHITE,0,109,F,INDEX,,F,F,0,0
6/29/2026,11:35:33 AM,SPX,ML/,100,234,,PUT,7450,0,2340000,10/16/2026,WHITE,0,109,F,INDEX,,F,F,0,0
6/29/2026,9:33:17 AM,SPX,ML/,500,54.5,,PUT,6400,0,2725000,10/16/2026,WHITE,0,109,F,INDEX,,F,F,0,0
6/29/2026,4:01:02 PM,SPXW,BLOCK,50,35.2,,PUT,7425,0,176000,7/2/2026,WHITE,0,3,F,INDEX,,F,T,0,0
6/29/2026,3:59:00 PM,SPXW,BLOCK,66,32.9,,PUT,7425,0,217140,7/2/2026,WHITE,0,3,F,INDEX,,F,T,0,0
6/29/2026,2:09:02 PM,SPX,ML/,1000,3.2,,CALL,8200,0,320000,8/21/2026,WHITE,0,53,F,INDEX,,F,F,0,0
6/29/2026,11:52:30 AM,SPXW,ML/,90,7.98,,CALL,7700,0,71820,7/20/2026,WHITE,0,21,F,INDEX,,F,T,0,0
6/29/2026,9:33:18 AM,SPX,BLOCK,629,2.95,,PUT,2800,0,185555,11/20/2026,WHITE,0,144,F,INDEX,,F,F,0,0
6/29/2026,9:33:47 AM,SPX,BLOCK,122,2.95,,PUT,2800,0,35990,11/20/2026,WHITE,0,144,F,INDEX,,F,F,0,0
6/29/2026,9:33:56 AM,SPX,BLOCK,100,2.95,,PUT,2800,0,29500,11/20/2026,WHITE,0,144,F,INDEX,,F,F,0,0
6/29/2026,9:34:36 AM,SPX,BLOCK,65,2.95,,PUT,2800,0,19175,11/20/2026,WHITE,0,144,F,INDEX,,F,F,0,0
6/29/2026,9:34:37 AM,SPX,BLOCK,61,2.95,,PUT,2800,0,17995,11/20/2026,WHITE,0,144,F,INDEX,,F,F,0,0
6/29/2026,9:40:37 AM,SPX,BLOCK,169,2.95,,PUT,2800,0,49855,11/20/2026,WHITE,0,144,F,INDEX,,F,F,0,0
6/29/2026,9:40:58 AM,SPX,BLOCK,50,2.95,,PUT,2800,0,14750,11/20/2026,WHITE,0,144,F,INDEX,,F,F,0,0
6/29/2026,12:03:03 PM,SPX,BLOCK,292,2.9,,PUT,2800,0,84680,11/20/2026,WHITE,0,144,F,INDEX,,F,F,0,0
6/29/2026,12:06:20 PM,SPX,BLOCK,197,2.9,,PUT,2800,0,57129,11/20/2026,WHITE,0,144,F,INDEX,,F,F,0,0
6/29/2026,12:40:29 PM,SPX,BLOCK,63,2.9,,PUT,2800,0,18270,11/20/2026,WHITE,0,144,F,INDEX,,F,F,0,0
6/29/2026,12:58:09 PM,SPX,BLOCK,801,2.9,,PUT,2800,0,232290,11/20/2026,WHITE,0,144,F,INDEX,,F,F,0,0
6/29/2026,12:59:26 PM,SPX,BLOCK,143,2.9,,PUT,2800,0,41470,11/20/2026,WHITE,0,144,F,INDEX,,F,F,0,0
6/29/2026,9:42:41 AM,SPX,BLOCK,419,2.95,,PUT,2800,0,123605,11/20/2026,WHITE,0,144,F,INDEX,,F,F,0,0
6/29/2026,1:19:13 PM,SPX,BLOCK,168,2.9,,PUT,2800,0,48720,11/20/2026,WHITE,0,144,F,INDEX,,F,F,0,0
6/29/2026,9:33:18 AM,SPXW,BLOCK,50,2.8,,CALL,8200,0,14000,8/21/2026,WHITE,0,53,F,INDEX,,F,F,0,0
6/29/2026,10:08:49 AM,SPX,ML/,3000,46.3,,PUT,6850,0,13890000,8/21/2026,WHITE,0,53,F,INDEX,,F,F,0,0
6/29/2026,10:21:21 AM,SPX,ML/,364,51,,PUT,6850,0,1856400,8/21/2026,WHITE,0,53,F,INDEX,,F,F,0,0
6/29/2026,1:06:02 PM,SPXW,ML/,80,86.68,,CALL,7410,0,693440,7/10/2026,WHITE,0,11,F,INDEX,,F,T,0,0
6/29/2026,9:39:46 AM,SPXW,ML/,64,47.27,,PUT,7330,0,302528,7/10/2026,WHITE,0,11,F,INDEX,,F,T,0,0
6/29/2026,9:40:06 AM,SPXW,ML/,76,48.76,,PUT,7330,0,370576,7/10/2026,WHITE,0,11,F,INDEX,,F,T,0,0
6/29/2026,11:48:43 AM,SPXW,ML/,72,44.15,,PUT,7330,0,317880,7/10/2026,WHITE,0,11,F,INDEX,,F,T,0,0
6/29/2026,12:14:41 PM,SPXW,ML/,136,41.96,,PUT,7330,0,570656,7/10/2026,WHITE,0,11,F,INDEX,,F,T,0,0
6/29/2026,12:22:04 PM,SPXW,ML/,54,42.18,,PUT,7330,0,227771,7/10/2026,WHITE,0,11,F,INDEX,,F,T,0,0
6/29/2026,3:47:53 PM,SPXW,ML/,180,34.16,,PUT,7330,0,614879,7/10/2026,WHITE,0,11,F,INDEX,,F,T,0,0
6/29/2026,3:48:49 PM,SPXW,ML/,100,34.21,,PUT,7330,0,342100,7/10/2026,WHITE,0,11,F,INDEX,,F,T,0,0
6/29/2026,3:50:42 PM,SPXW,ML/,154,34.26,,PUT,7330,0,527603,7/10/2026,WHITE,0,11,F,INDEX,,F,T,0,0
6/29/2026,3:55:01 PM,SPXW,ML/,362,34.43,,PUT,7330,0,1246366,7/10/2026,WHITE,0,11,F,INDEX,,F,T,0,0
6/29/2026,3:56:07 PM,SPXW,ML/,69,34.72,,PUT,7330,0,239567,7/10/2026,WHITE,0,11,F,INDEX,,F,T,0,0
6/29/2026,3:56:07 PM,SPXW,ML/,51,34.6,,PUT,7330,0,176460,7/10/2026,WHITE,0,11,F,INDEX,,F,T,0,0
6/29/2026,3:58:40 PM,SPXW,ML/,89,32.87,,PUT,7330,0,292543,7/10/2026,WHITE,0,11,F,INDEX,,F,T,0,0
6/29/2026,9:33:19 AM,SPXW,ML/,52,2.01,,PUT,5950,0,10451,7/17/2026,WHITE,0,18,F,INDEX,,F,F,0,0
6/29/2026,9:33:19 AM,SPXW,ML/,144,0.77,,PUT,5200,0,11088,7/17/2026,WHITE,0,18,F,INDEX,,F,F,0,0
6/29/2026,3:38:58 PM,SPXW,ML/,669,0.6,,PUT,5200,0,40140,7/17/2026,WHITE,0,18,F,INDEX,,F,F,0,0
6/29/2026,9:33:19 AM,SPXW,ML/,156,0.77,,PUT,5200,0,12012,7/17/2026,WHITE,0,18,F,INDEX,,F,F,0,0
6/29/2026,3:38:58 PM,SPXW,ML/,231,0.6,,PUT,5200,0,13860,7/17/2026,WHITE,0,18,F,INDEX,,F,F,0,0
6/29/2026,10:38:48 AM,SPXW,ML/,50,97.84,,PUT,7495,0,489200,6/30/2026,WHITE,0,1,F,INDEX,,F,T,0,0
6/29/2026,10:54:30 AM,SPXW,ML/,50,88.92,,PUT,7495,0,444600,6/30/2026,WHITE,0,1,F,INDEX,,F,T,0,0
6/29/2026,12:49:37 PM,SPXW,ML/,50,83.36,,PUT,7495,0,416800,6/30/2026,WHITE,0,1,F,INDEX,,F,T,0,0
6/29/2026,10:05:58 AM,SPX,ML/,120,15.7,,CALL,7625,0,188400,7/17/2026,WHITE,0,18,F,INDEX,,F,F,0,0
6/29/2026,11:58:34 AM,SPX,ML/,200,16.06,,CALL,7625,0,321199,7/17/2026,WHITE,0,18,F,INDEX,,F,F,0,0
6/29/2026,9:40:29 AM,SPXW,ML/,79,57.87,,PUT,7435,0,457172,7/2/2026,WHITE,0,3,F,INDEX,,F,T,0,0
6/29/2026,1:08:17 PM,SPXW,ML/,220,12.43,,CALL,7800,0,273460,7/31/2026,WHITE,0,32,F,INDEX,,F,T,0,0
6/29/2026,1:36:49 PM,SPXW,ML/,89,13.92,,CALL,7800,0,123888,7/31/2026,WHITE,0,32,F,INDEX,,F,T,0,0
6/29/2026,3:59:05 PM,SPXW,ML/,106,5.08,,PUT,7315,0,53848,7/1/2026,WHITE,0,2,F,INDEX,,F,T,0,0
6/29/2026,11:37:16 AM,SPX,ML/,70,4.93,,PUT,6600,0,34510,7/17/2026,WHITE,0,18,F,INDEX,,F,F,0,0
6/29/2026,2:28:53 PM,SPX,BLOCK,160,4.1,,PUT,6600,0,65599,7/17/2026,WHITE,0,18,F,INDEX,,F,F,0,0
6/29/2026,10:10:15 AM,SPX,ML/,500,24,,PUT,6000,0,1200000,9/18/2026,WHITE,0,81,F,INDEX,,F,F,0,0
6/29/2026,1:22:08 PM,SPX,ML/,200,20.7,,PUT,6000,0,414000,9/18/2026,WHITE,0,81,F,INDEX,,F,F,0,0
6/29/2026,1:22:08 PM,SPX,ML/,200,1494.14,,CALL,6000,0,29882800,9/18/2026,WHITE,0,81,F,INDEX,,F,F,0,0
6/29/2026,9:33:35 AM,SPXW,ML/,92,47.76,,PUT,7410,0,439392,7/2/2026,WHITE,0,3,F,INDEX,,F,T,0,0
6/29/2026,1:02:48 PM,SPXW,ML/,65,30.25,,PUT,7410,0,196625,7/1/2026,WHITE,0,2,F,INDEX,,F,T,0,0
6/29/2026,2:21:34 PM,SPXW,ML/,54,23.55,,PUT,7410,0,127170,7/1/2026,WHITE,0,2,F,INDEX,,F,T,0,0
6/29/2026,1:48:52 PM,SPXW,ML/,50,102.35,,PUT,7425,0,511750,7/27/2026,WHITE,0,28,F,INDEX,,F,T,0,0
6/29/2026,3:13:12 PM,SPXW,ML/,51,100.25,,PUT,7425,0,511275,7/27/2026,WHITE,0,28,F,INDEX,,F,T,0,0
6/29/2026,2:31:35 PM,SPXW,ML/,100,40.09,,PUT,6850,0,400900,8/21/2026,WHITE,0,53,F,INDEX,,F,F,0,0
6/29/2026,12:41:31 PM,SPXW,BLOCK,84,23.7,,PUT,6875,0,199080,7/31/2026,WHITE,0,32,F,INDEX,,F,T,0,0
6/29/2026,12:41:39 PM,SPXW,BLOCK,100,23.7,,PUT,6875,0,237000,7/31/2026,WHITE,0,32,F,INDEX,,F,T,0,0
6/29/2026,10:53:24 AM,SPXW,ML/,176,21.65,,PUT,6800,0,381040,7/31/2026,WHITE,0,32,F,INDEX,,F,T,0,0
6/29/2026,10:53:25 AM,SPXW,ML/,249,21.53,,PUT,6800,0,536097,7/31/2026,WHITE,0,32,F,INDEX,,F,T,0,0
6/29/2026,10:59:17 AM,RUTW,ML/,51,3.64,,PUT,2935,0,18564,6/30/2026,WHITE,0,1,F,INDEX,,F,T,0,0
6/29/2026,10:14:22 AM,SPX,BLOCK,60,23.3,,CALL,7575,0,139800,7/17/2026,WHITE,0,18,F,INDEX,,F,F,0,0
6/29/2026,3:04:19 PM,SPX,ML/,74,34.82,,CALL,7575,0,257667,7/17/2026,WHITE,0,18,F,INDEX,,F,F,0,0
6/29/2026,10:14:42 AM,SPX,BLOCK,50,23.3,,CALL,7575,0,116500,7/17/2026,WHITE,0,18,F,INDEX,,F,F,0,0
6/29/2026,11:44:19 AM,SPX,ML/,200,28.74,,CALL,7575,0,574800,7/17/2026,WHITE,0,18,F,INDEX,,F,F,0,0
6/29/2026,3:52:11 PM,SPX,ML/,750,34.5,,CALL,7575,0,2587500,7/17/2026,WHITE,0,18,F,INDEX,,F,F,0,0
6/29/2026,1:48:20 PM,SPX,ML/,250,34.85,,CALL,7575,0,871250,7/17/2026,WHITE,0,18,F,INDEX,,F,F,0,0
6/29/2026,3:03:19 PM,SPX,ML/,116,34.57,,CALL,7575,0,401012,7/17/2026,WHITE,0,18,F,INDEX,,F,F,0,0
6/29/2026,11:30:01 AM,NDXP,ML/,138,1.73,,CALL,30550,0,23874,6/30/2026,WHITE,0,1,F,INDEX,,F,T,0,0
6/29/2026,11:30:35 AM,NDXP,ML/,108,1.73,,CALL,30550,0,18684,6/30/2026,WHITE,0,1,F,INDEX,,F,T,0,0
6/29/2026,11:37:45 AM,NDXP,ML/,84,1.82,,CALL,30550,0,15288,6/30/2026,WHITE,0,1,F,INDEX,,F,T,0,0
6/29/2026,11:37:49 AM,NDXP,ML/,75,1.82,,CALL,30550,0,13650,6/30/2026,WHITE,0,1,F,INDEX,,F,T,0,0
6/29/2026,12:01:40 PM,NDXP,ML/,102,1.76,,CALL,30550,0,17952,6/30/2026,WHITE,0,1,F,INDEX,,F,T,0,0
6/29/2026,12:16:02 PM,NDXP,ML/,129,2.01,,CALL,30550,0,25928,6/30/2026,WHITE,0,1,F,INDEX,,F,T,0,0
6/29/2026,12:18:43 PM,NDXP,ML/,78,2,,CALL,30550,0,15600,6/30/2026,WHITE,0,1,F,INDEX,,F,T,0,0
6/29/2026,12:18:44 PM,NDXP,ML/,52,2,,CALL,30550,0,10400,6/30/2026,WHITE,0,1,F,INDEX,,F,T,0,0
6/29/2026,12:16:14 PM,NDXP,ML/,102,2.01,,CALL,30550,0,20502,6/30/2026,WHITE,0,1,F,INDEX,,F,T,0,0
6/29/2026,12:24:52 PM,NDXP,ML/,97,2.55,,CALL,30550,0,24735,6/30/2026,WHITE,0,1,F,INDEX,,F,T,0,0
6/29/2026,11:38:27 AM,NDXP,ML/,499,1.82,,CALL,30550,0,90818,6/30/2026,WHITE,0,1,F,INDEX,,F,T,0,0
6/29/2026,12:05:08 PM,NDXP,ML/,73,1.76,,CALL,30550,0,12847,6/30/2026,WHITE,0,1,F,INDEX,,F,T,0,0
6/29/2026,4:14:39 PM,SPX,ML/,150,148.93,,PUT,7200,0,2233950,10/16/2026,WHITE,0,109,F,INDEX,,F,F,0,0
6/29/2026,2:04:32 PM,SPXW,ML/,200,14.8,,PUT,7180,0,296000,7/10/2026,WHITE,0,11,F,INDEX,,F,T,0,0
6/29/2026,2:59:06 PM,NDXP,ML/,50,2.87,,PUT,29540,0,14350,6/29/2026,WHITE,0,0,F,INDEX,,F,T,0,0
6/29/2026,3:03:45 PM,NDXP,ML/,50,3.15,,PUT,29540,0,15750,6/29/2026,WHITE,0,0,F,INDEX,,F,T,0,0
6/29/2026,11:17:36 AM,RUT,ML/,332,127.1,,PUT,3010,0,4219720,9/18/2026,WHITE,0,81,F,INDEX,,F,F,0,0
6/29/2026,3:59:52 PM,RUT,SWEEP,63,100.5,,PUT,2980,0,633150,9/18/2026,WHITE,0,81,F,INDEX,,F,F,0,0
6/29/2026,11:02:39 AM,SPX,ML/,50,410.6,,CALL,7400,0,2053000,12/18/2026,WHITE,0,172,F,INDEX,,F,F,0,0
6/29/2026,3:32:09 PM,SPX,ML/,200,428.65,,CALL,7400,0,8573000,12/18/2026,WHITE,0,172,F,INDEX,,F,F,0,0
6/29/2026,9:51:02 AM,XSP,ML/,50,8.09,,PUT,750,0,40450,6/29/2026,WHITE,0,0,F,INDEX,,F,T,0,0
6/29/2026,1:12:50 PM,XSP,ML/,51,7.62,,PUT,750,0,38862,6/29/2026,WHITE,0,0,F,INDEX,,F,T,0,0
6/29/2026,11:09:05 AM,SPXW,ML/,100,1.2,,PUT,6990,0,12000,7/2/2026,WHITE,0,3,F,INDEX,,F,T,0,0
6/29/2026,11:05:27 AM,SPXW,ML/,100,1.22,,PUT,6990,0,12200,7/2/2026,WHITE,0,3,F,INDEX,,F,T,0,0
6/29/2026,11:07:12 AM,SPXW,ML/,100,1.17,,PUT,6990,0,11700,7/2/2026,WHITE,0,3,F,INDEX,,F,T,0,0
6/29/2026,11:25:21 AM,SPXW,ML/,53,3.5,,CALL,7585,0,18550,7/7/2026,WHITE,0,8,F,INDEX,,F,T,0,0
6/29/2026,1:47:14 PM,SPXW,SWEEP,89,1.3,,CALL,7625,0,11570,7/6/2026,WHITE,0,7,F,INDEX,,F,T,0,0
6/29/2026,10:00:25 AM,SPXW,ML/,56,94.66,,PUT,7485,0,530096,6/29/2026,WHITE,0,0,F,INDEX,,F,T,0,0
6/29/2026,10:00:50 AM,SPXW,ML/,56,97.2,,PUT,7485,0,544320,6/29/2026,WHITE,0,0,F,INDEX,,F,T,0,0
6/29/2026,3:32:36 PM,SPXW,ML/,1400,0.13,,CALL,7700,0,18200,7/1/2026,WHITE,0,2,F,INDEX,,F,T,0,0
6/29/2026,1:40:40 PM,SPXW,ML/,233,56.74,,PUT,7450,0,1322042,7/6/2026,WHITE,0,7,F,INDEX,,F,T,0,0
6/29/2026,11:48:27 AM,SPXW,ML/,172,7.07,,CALL,7545,0,121604,7/6/2026,WHITE,0,7,F,INDEX,,F,T,0,0
6/29/2026,10:16:05 AM,SPXW,ML/,60,7.54,,CALL,7545,0,45240,7/7/2026,WHITE,0,8,F,INDEX,,F,T,0,0
6/29/2026,11:48:52 AM,SPXW,ML/,112,9.77,,CALL,7545,0,109424,7/7/2026,WHITE,0,8,F,INDEX,,F,T,0,0
6/29/2026,12:20:37 PM,SPXW,BLOCK,250,1.25,,CALL,7700,0,31250,7/10/2026,WHITE,0,11,F,INDEX,,F,T,0,0
6/29/2026,12:16:42 PM,SPXW,ML/,96,63.5,,PUT,7405,0,609600,7/10/2026,WHITE,0,11,F,INDEX,,F,T,0,0
6/29/2026,10:52:22 AM,SPXW,ML/,55,73.47,,CALL,7550,0,404085,7/31/2026,WHITE,0,32,F,INDEX,,F,T,0,0
6/29/2026,1:02:47 PM,SPXW,ML/,84,77.45,,CALL,7550,0,650580,7/31/2026,WHITE,0,32,F,INDEX,,F,T,0,0
6/29/2026,9:58:17 AM,SPXW,ML/,82,55.04,,CALL,7550,0,451328,7/24/2026,WHITE,0,25,F,INDEX,,F,T,0,0
6/29/2026,1:35:42 PM,SPXW,ML/,250,63,,CALL,7550,0,1575000,7/24/2026,WHITE,0,25,F,INDEX,,F,T,0,0
6/29/2026,10:50:27 AM,SPXW,ML/,100,123.47,,CALL,7285,0,1234700,6/30/2026,WHITE,0,1,F,INDEX,,F,T,0,0
6/29/2026,11:31:58 AM,SPXW,ML/,50,125.91,,CALL,7285,0,629550,6/30/2026,WHITE,0,1,F,INDEX,,F,T,0,0
6/29/2026,12:17:13 PM,SPXW,ML/,77,134.73,,CALL,7285,0,1037420,6/30/2026,WHITE,0,1,F,INDEX,,F,T,0,0
6/29/2026,3:56:47 PM,SPXW,ML/,2350,24.65,,PUT,7275,0,5792750,7/10/2026,WHITE,0,11,F,INDEX,,F,T,0,0
6/29/2026,9:45:19 AM,SPXW,ML/,187,2.3,,CALL,7650,0,43010,7/8/2026,WHITE,0,9,F,INDEX,,F,T,0,0
6/29/2026,11:51:40 AM,SPXW,ML/,137,15.17,,CALL,7550,0,207829,7/9/2026,WHITE,0,10,F,INDEX,,F,T,0,0
6/29/2026,3:43:26 PM,SPXW,BLOCK,50,6.4,,CALL,7630,0,32000,7/10/2026,WHITE,0,11,F,INDEX,,F,T,0,0
6/29/2026,12:49:37 PM,SPXW,ML/,50,82.04,,PUT,7495,0,410200,6/29/2026,WHITE,0,0,F,INDEX,,F,T,0,0
6/29/2026,3:51:28 PM,XSP,ML/,50,6.14,,CALL,738,0,30700,6/30/2026,WHITE,0,1,F,INDEX,,F,T,0,0
6/29/2026,3:51:46 PM,XSP,ML/,50,6.14,,CALL,738,0,30700,6/30/2026,WHITE,0,1,F,INDEX,,F,T,0,0
6/29/2026,4:14:49 PM,XSP,ML/,60,6.54,,CALL,738,0,39240,6/30/2026,WHITE,0,1,F,INDEX,,F,T,0,0
6/29/2026,11:47:00 AM,SPXW,ML/,80,15.74,,PUT,7050,0,125920,7/15/2026,WHITE,0,16,F,INDEX,,F,T,0,0
6/29/2026,3:57:49 PM,SPXW,ML/,129,55.76,,PUT,7200,0,719304,7/31/2026,WHITE,0,32,F,INDEX,,F,T,0,0
6/29/2026,3:57:49 PM,SPXW,ML/,75,55.76,,PUT,7200,0,418200,7/31/2026,WHITE,0,32,F,INDEX,,F,T,0,0
6/29/2026,10:17:30 AM,SPXW,BLOCK,136,79.7,,PUT,7200,0,1083920,7/31/2026,WHITE,0,32,F,INDEX,,F,T,0,0
6/29/2026,3:58:10 PM,SPXW,ML/,58,55.25,,PUT,7200,0,320450,7/31/2026,WHITE,0,32,F,INDEX,,F,T,0,0
6/29/2026,3:58:11 PM,SPXW,ML/,58,55.2,,PUT,7200,0,320160,7/31/2026,WHITE,0,32,F,INDEX,,F,T,0,0
6/29/2026,3:58:18 PM,SPXW,ML/,150,55.19,,PUT,7200,0,827850,7/31/2026,WHITE,0,32,F,INDEX,,F,T,0,0
6/29/2026,3:58:18 PM,SPXW,ML/,2791,55.14,,PUT,7200,0,15389574,7/31/2026,WHITE,0,32,F,INDEX,,F,T,0,0
6/29/2026,9:34:19 AM,VIX,BLOCK,500,1.27,,CALL,19.5,0,63500,7/22/2026,WHITE,0,23,F,INDEX,,F,T,0,0
6/29/2026,11:27:44 AM,SPXW,BLOCK,50,6.4,,CALL,7700,0,32000,7/17/2026,WHITE,0,18,F,INDEX,,F,F,0,0
6/29/2026,3:59:57 PM,SPXW,ML/,50,22.84,,PUT,7435,0,114200,6/30/2026,WHITE,0,1,F,INDEX,,F,T,0,0
6/29/2026,10:05:54 AM,SPXW,ML/,50,42.43,,PUT,7325,0,212150,7/7/2026,WHITE,0,8,F,INDEX,,F,T,0,0
6/29/2026,4:02:16 PM,SPXW,ML/,700,0.27,,CALL,7615,0,18900,7/2/2026,WHITE,0,3,F,INDEX,,F,T,0,0
6/29/2026,12:24:02 PM,SPX,ML/,225,33.15,,CALL,7800,0,745875,8/21/2026,WHITE,0,53,F,INDEX,,F,F,0,0
6/29/2026,1:15:02 PM,SPX,ML/,850,60.55,,CALL,7700,0,5146750,8/21/2026,WHITE,0,53,F,INDEX,,F,F,0,0
6/29/2026,4:14:49 PM,XSP,ML/,60,4.12,,CALL,741,0,24720,6/30/2026,WHITE,0,1,F,INDEX,,F,T,0,0
6/29/2026,10:15:17 AM,XSP,ML/,140,8.43,,PUT,740,0,118020,7/6/2026,WHITE,0,7,F,INDEX,,F,T,0,0
6/29/2026,10:21:51 AM,XSP,ML/,50,7.28,,PUT,740,0,36400,7/6/2026,WHITE,0,7,F,INDEX,,F,T,0,0
6/29/2026,2:56:29 PM,RUT,ML/,50,106.18,,CALL,3000,0,530900,8/21/2026,WHITE,0,53,F,INDEX,,F,F,0,0
6/29/2026,1:51:51 PM,SPXW,ML/,500,63.6,,PUT,7125,0,3180000,8/14/2026,WHITE,0,46,F,INDEX,,F,T,0,0
6/29/2026,9:43:24 AM,SPX,ML/,663,143.45,,CALL,7500,0,9510735,8/21/2026,WHITE,0,53,F,INDEX,,F,F,0,0
6/29/2026,9:43:24 AM,SPX,ML/,441,143.46,,CALL,7500,0,6326586,8/21/2026,WHITE,0,53,F,INDEX,,F,F,0,0
6/29/2026,9:34:39 AM,SPXW,ML/,59,7.64,,PUT,6765,0,45076,7/17/2026,WHITE,0,18,F,INDEX,,F,F,0,0
6/29/2026,9:34:39 AM,SPXW,ML/,120,1.08,,PUT,6550,0,12960,7/8/2026,WHITE,0,9,F,INDEX,,F,T,0,0
6/29/2026,9:34:39 AM,SPXW,ML/,66,5.01,,PUT,6585,0,33066,7/17/2026,WHITE,0,18,F,INDEX,,F,F,0,0
6/29/2026,9:34:39 AM,SPXW,ML/,118,5,,PUT,6585,0,59000,7/17/2026,WHITE,0,18,F,INDEX,,F,F,0,0
6/29/2026,11:50:19 AM,SPXW,ML/,137,11.95,,CALL,7550,0,163715,7/8/2026,WHITE,0,9,F,INDEX,,F,T,0,0
6/29/2026,9:40:29 AM,SPXW,ML/,79,123.79,,PUT,7535,0,977941,7/2/2026,WHITE,0,3,F,INDEX,,F,T,0,0
6/29/2026,11:38:19 AM,SPXW,ML/,100,11.55,,CALL,7660,0,115500,7/17/2026,WHITE,0,18,F,INDEX,,F,F,0,0
6/29/2026,2:53:31 PM,SPX,BLOCK,120,0.9,,CALL,7880,0,10800,7/17/2026,WHITE,0,18,F,INDEX,,F,F,0,0
6/29/2026,9:34:56 AM,SPX,ML/,80,1.98,,CALL,7800,0,15839,7/17/2026,WHITE,0,18,F,INDEX,,F,F,0,0
6/29/2026,2:48:01 PM,SPX,ML/,100,2.18,,CALL,7800,0,21800,7/17/2026,WHITE,0,18,F,INDEX,,F,F,0,0
6/29/2026,9:34:56 AM,SPX,ML/,50,26.21,,PUT,6600,0,131050,8/21/2026,WHITE,0,53,F,INDEX,,F,F,0,0
6/29/2026,3:49:01 PM,SPX,ML/,50,23.8,,PUT,6600,0,119000,8/21/2026,WHITE,0,53,F,INDEX,,F,F,0,0
6/29/2026,9:34:56 AM,SPX,ML/,50,81.25,,PUT,7150,0,406250,8/21/2026,WHITE,0,53,F,INDEX,,F,F,0,0
6/29/2026,11:36:59 AM,SPX,ML/,1000,84.01,,PUT,7150,0,8401000,8/21/2026,WHITE,0,53,F,INDEX,,F,F,0,0
6/29/2026,12:24:58 PM,SPX,ML/,100,78.75,,PUT,7150,0,787500,8/21/2026,WHITE,0,53,F,INDEX,,F,F,0,0
6/29/2026,3:49:01 PM,SPX,ML/,50,74.37,,PUT,7150,0,371850,8/21/2026,WHITE,0,53,F,INDEX,,F,F,0,0
6/29/2026,9:34:56 AM,SPX,ML/,100,46.88,,PUT,6900,0,468800,8/21/2026,WHITE,0,53,F,INDEX,,F,F,0,0
6/29/2026,10:22:18 AM,SPX,ML/,500,56.6,,PUT,6900,0,2830000,8/21/2026,WHITE,0,53,F,INDEX,,F,F,0,0
6/29/2026,12:03:30 PM,SPX,ML/,50,45.17,,PUT,6900,0,225850,8/21/2026,WHITE,0,53,F,INDEX,,F,F,0,0
6/29/2026,3:49:01 PM,SPX,ML/,100,42.61,,PUT,6900,0,426100,8/21/2026,WHITE,0,53,F,INDEX,,F,F,0,0
6/29/2026,9:34:57 AM,SPXW,ML/,160,2.38,,PUT,6100,0,38079,7/17/2026,WHITE,0,18,F,INDEX,,F,F,0,0
6/29/2026,12:06:36 PM,SPXW,ML/,62,2.24,,PUT,6100,0,13888,7/17/2026,WHITE,0,18,F,INDEX,,F,F,0,0
6/29/2026,9:34:57 AM,SPXW,ML/,80,3.69,,PUT,6400,0,29520,7/17/2026,WHITE,0,18,F,INDEX,,F,F,0,0
6/29/2026,10:57:21 AM,SPX,ML/,100,23,,PUT,6500,0,230000,8/21/2026,WHITE,0,53,F,INDEX,,F,F,0,0
6/29/2026,12:32:50 PM,SPXW,ML/,50,4.56,,CALL,7600,0,22799,7/8/2026,WHITE,0,9,F,INDEX,,F,T,0,0
6/29/2026,12:51:33 PM,SPXW,ML/,76,40.27,,CALL,7490,0,306052,7/10/2026,WHITE,0,11,F,INDEX,,F,T,0,0
6/29/2026,12:02:35 PM,SPX,ML/,100,351,,PUT,7600,0,3510000,12/18/2026,WHITE,0,172,F,INDEX,,F,F,0,0
6/29/2026,12:37:12 PM,SPX,ML/,150,351.06,,PUT,7600,0,5265900,12/18/2026,WHITE,0,172,F,INDEX,,F,F,0,0
6/29/2026,10:15:02 AM,SPX,ML/,417,202.45,,CALL,7450,0,8442165,9/18/2026,WHITE,0,81,F,INDEX,,F,F,0,0
6/29/2026,11:56:22 AM,SPX,ML/,100,221,,CALL,7450,0,2210000,9/18/2026,WHITE,0,81,F,INDEX,,F,F,0,0
6/29/2026,12:08:29 PM,SPX,ML/,200,226,,CALL,7450,0,4520000,9/18/2026,WHITE,0,81,F,INDEX,,F,F,0,0
6/29/2026,10:10:15 AM,SPX,ML/,160,209.5,,CALL,7450,0,3352000,9/18/2026,WHITE,0,81,F,INDEX,,F,F,0,0
6/29/2026,10:15:02 AM,SPX,ML/,83,202.45,,CALL,7450,0,1680334,9/18/2026,WHITE,0,81,F,INDEX,,F,F,0,0
6/29/2026,10:54:10 AM,SPX,ML/,142,220.5,,CALL,7450,0,3131100,9/18/2026,WHITE,0,81,F,INDEX,,F,F,0,0
6/29/2026,11:01:10 AM,SPX,ML/,500,222.76,,CALL,7450,0,11138000,9/18/2026,WHITE,0,81,F,INDEX,,F,F,0,0
6/29/2026,11:24:59 AM,SPX,ML/,50,215.8,,CALL,7450,0,1079000,9/18/2026,WHITE,0,81,F,INDEX,,F,F,0,0
6/29/2026,11:35:33 AM,SPX,ML/,100,222,,CALL,7450,0,2220000,9/18/2026,WHITE,0,81,F,INDEX,,F,F,0,0
6/29/2026,11:52:13 AM,SPX,ML/,150,221.88,,CALL,7450,0,3328200,9/18/2026,WHITE,0,81,F,INDEX,,F,F,0,0
6/29/2026,11:56:42 AM,SPX,ML/,300,221,,CALL,7450,0,6630000,9/18/2026,WHITE,0,81,F,INDEX,,F,F,0,0
6/29/2026,12:08:37 PM,SPX,ML/,600,226,,CALL,7450,0,13560000,9/18/2026,WHITE,0,81,F,INDEX,,F,F,0,0
6/29/2026,1:04:44 PM,SPX,ML/,260,227.6,,CALL,7450,0,5917600,9/18/2026,WHITE,0,81,F,INDEX,,F,F,0,0
6/29/2026,2:08:26 PM,SPX,ML/,2500,237.54,,CALL,7450,0,59385000,9/18/2026,WHITE,0,81,F,INDEX,,F,F,0,0
6/29/2026,2:12:04 PM,SPX,ML/,2500,236.76,,CALL,7450,0,59190000,9/18/2026,WHITE,0,81,F,INDEX,,F,F,0,0
6/29/2026,2:56:45 PM,SPX,ML/,200,238.64,,CALL,7450,0,4772800,9/18/2026,WHITE,0,81,F,INDEX,,F,F,0,0
6/29/2026,3:13:30 PM,SPX,ML/,80,237.5,,CALL,7450,0,1900000,9/18/2026,WHITE,0,81,F,INDEX,,F,F,0,0
6/29/2026,3:20:22 PM,SPX,ML/,1000,237.15,,CALL,7450,0,23715000,9/18/2026,WHITE,0,81,F,INDEX,,F,F,0,0
6/29/2026,3:39:49 PM,SPX,ML/,500,236.62,,CALL,7450,0,11831000,9/18/2026,WHITE,0,81,F,INDEX,,F,F,0,0
6/29/2026,12:08:37 PM,SPX,ML/,800,199,,PUT,7450,0,15920000,9/18/2026,WHITE,0,81,F,INDEX,,F,F,0,0
6/29/2026,10:10:15 AM,SPX,ML/,160,220.5,,PUT,7450,0,3528000,9/18/2026,WHITE,0,81,F,INDEX,,F,F,0,0
6/29/2026,10:15:02 AM,SPX,ML/,500,228.73,,PUT,7450,0,11436500,9/18/2026,WHITE,0,81,F,INDEX,,F,F,0,0
6/29/2026,10:54:10 AM,SPX,ML/,142,208.5,,PUT,7450,0,2960700,9/18/2026,WHITE,0,81,F,INDEX,,F,F,0,0
6/29/2026,11:01:10 AM,SPX,ML/,500,205.09,,PUT,7450,0,10254500,9/18/2026,WHITE,0,81,F,INDEX,,F,F,0,0
6/29/2026,11:24:59 AM,SPX,ML/,50,209.8,,PUT,7450,0,1049000,9/18/2026,WHITE,0,81,F,INDEX,,F,F,0,0
6/29/2026,11:35:33 AM,SPX,ML/,100,204,,PUT,7450,0,2040000,9/18/2026,WHITE,0,81,F,INDEX,,F,F,0,0
6/29/2026,11:52:13 AM,SPX,ML/,150,202.51,,PUT,7450,0,3037650,9/18/2026,WHITE,0,81,F,INDEX,,F,F,0,0
6/29/2026,11:56:42 AM,SPX,ML/,400,203,,PUT,7450,0,8120000,9/18/2026,WHITE,0,81,F,INDEX,,F,F,0,0
6/29/2026,4:14:13 PM,SPX,ML/,200,199,,PUT,7450,0,3980000,9/18/2026,WHITE,0,81,F,INDEX,,F,F,0,0
6/29/2026,1:04:44 PM,SPX,ML/,260,197.7,,PUT,7450,0,5140200,9/18/2026,WHITE,0,81,F,INDEX,,F,F,0,0
6/29/2026,2:08:26 PM,SPX,ML/,2500,191.56,,PUT,7450,0,47890000,9/18/2026,WHITE,0,81,F,INDEX,,F,F,0,0
6/29/2026,2:12:04 PM,SPX,ML/,2500,192.26,,PUT,7450,0,48065000,9/18/2026,WHITE,0,81,F,INDEX,,F,F,0,0
6/29/2026,2:56:45 PM,SPX,ML/,200,191.46,,PUT,7450,0,3829200,9/18/2026,WHITE,0,81,F,INDEX,,F,F,0,0
6/29/2026,3:13:30 PM,SPX,ML/,80,191.5,,PUT,7450,0,1532000,9/18/2026,WHITE,0,81,F,INDEX,,F,F,0,0
6/29/2026,3:20:22 PM,SPX,ML/,1000,191.75,,PUT,7450,0,19175000,9/18/2026,WHITE,0,81,F,INDEX,,F,F,0,0
6/29/2026,3:39:49 PM,SPX,ML/,500,191.99,,PUT,7450,0,9599500,9/18/2026,WHITE,0,81,F,INDEX,,F,F,0,0
6/29/2026,10:13:03 AM,SPX,ML/,70,68.54,,PUT,6750,0,479780,9/18/2026,WHITE,0,81,F,INDEX,,F,F,0,0
6/29/2026,10:37:06 AM,RUTW,ML/,60,31.05,,PUT,2880,0,186300,7/24/2026,WHITE,0,25,F,INDEX,,F,T,0,0
6/29/2026,9:47:15 AM,VIX,BLOCK,433,0.68,,CALL,22.5,0,29444,7/22/2026,WHITE,0,23,F,INDEX,,F,T,0,0
6/29/2026,9:35:17 AM,VIX,BLOCK,190,0.75,,CALL,22.5,0,14250,7/22/2026,WHITE,0,23,F,INDEX,,F,T,0,0
6/29/2026,3:36:01 PM,VIX,ML/,3000,0.67,,CALL,22.5,0,201000,7/22/2026,WHITE,0,23,F,INDEX,,F,T,0,0
6/29/2026,10:04:40 AM,VIX,BLOCK,148,0.75,,CALL,22.5,0,11100,7/22/2026,WHITE,0,23,F,INDEX,,F,T,0,0
6/29/2026,9:50:02 AM,VIX,BLOCK,200,0.7,,CALL,22.5,0,14000,7/22/2026,WHITE,0,23,F,INDEX,,F,T,0,0
6/29/2026,10:02:06 AM,VIX,BLOCK,368,0.73,,CALL,22.5,0,26864,7/22/2026,WHITE,0,23,F,INDEX,,F,T,0,0
6/29/2026,9:35:18 AM,SPXW,BLOCK,186,1.55,,PUT,5750,0,28830,7/17/2026,WHITE,0,18,F,INDEX,,F,F,0,0
6/29/2026,3:29:01 PM,VIX,BLOCK,555,0.39,,CALL,27,0,21645,7/22/2026,WHITE,0,23,F,INDEX,,F,T,0,0
6/29/2026,3:29:06 PM,VIX,BLOCK,945,0.39,,CALL,27,0,36855,7/22/2026,WHITE,0,23,F,INDEX,,F,T,0,0
6/29/2026,4:00:27 PM,RUTW,BLOCK,221,0.6,,CALL,3060,0,13260,6/30/2026,WHITE,0,1,F,INDEX,,F,T,0,0
6/29/2026,10:50:27 AM,SPXW,ML/,100,204.06,,CALL,7200,0,2040600,6/30/2026,WHITE,0,1,F,INDEX,,F,T,0,0
6/29/2026,11:31:58 AM,SPXW,ML/,50,207.82,,CALL,7200,0,1039100,6/30/2026,WHITE,0,1,F,INDEX,,F,T,0,0
6/29/2026,12:17:13 PM,SPXW,ML/,77,217.44,,CALL,7200,0,1674288,6/30/2026,WHITE,0,1,F,INDEX,,F,T,0,0
6/29/2026,9:36:08 AM,SPX,ML/,170,1.41,,PUT,5700,0,23970,7/17/2026,WHITE,0,18,F,INDEX,,F,F,0,0
6/29/2026,3:21:41 PM,SPX,BLOCK,210,2.05,,PUT,6200,0,43050,7/17/2026,WHITE,0,18,F,INDEX,,F,F,0,0
6/29/2026,9:36:08 AM,SPX,ML/,85,2.67,,PUT,6200,0,22695,7/17/2026,WHITE,0,18,F,INDEX,,F,F,0,0
6/29/2026,12:24:03 PM,VIX,ML/,1300,1.45,,CALL,18.5,0,188500,7/22/2026,WHITE,0,23,F,INDEX,,F,T,0,0
6/29/2026,12:52:10 PM,VIX,ML/,360,1.45,,CALL,18.5,0,52200,7/22/2026,WHITE,0,23,F,INDEX,,F,T,0,0
6/29/2026,9:35:27 AM,VIX,BLOCK,100,1.55,,CALL,18.5,0,15500,7/22/2026,WHITE,0,23,F,INDEX,,F,T,0,0
6/29/2026,3:36:01 PM,VIX,ML/,600,1.4,,CALL,18.5,0,84000,7/22/2026,WHITE,0,23,F,INDEX,,F,T,0,0
6/29/2026,11:25:54 AM,VIX,ML/,1100,1.54,,CALL,18.5,0,169400,7/22/2026,WHITE,0,23,F,INDEX,,F,T,0,0
6/29/2026,11:37:16 AM,VIX,ML/,560,1.52,,CALL,18.5,0,85120,7/22/2026,WHITE,0,23,F,INDEX,,F,T,0,0
6/29/2026,12:46:28 PM,VIX,ML/,255,1.47,,CALL,18.5,0,37485,7/22/2026,WHITE,0,23,F,INDEX,,F,T,0,0
6/29/2026,10:57:11 AM,SPXW,ML/,242,3.02,,PUT,5500,0,73084,7/31/2026,WHITE,0,32,F,INDEX,,F,T,0,0
6/29/2026,1:10:59 PM,SPXW,ML/,50,2.7,,PUT,5500,0,13500,7/31/2026,WHITE,0,32,F,INDEX,,F,T,0,0
6/29/2026,1:11:23 PM,SPXW,ML/,71,2.7,,PUT,5500,0,19170,7/31/2026,WHITE,0,32,F,INDEX,,F,T,0,0
6/29/2026,1:12:01 PM,SPXW,ML/,100,2.7,,PUT,5500,0,27000,7/31/2026,WHITE,0,32,F,INDEX,,F,T,0,0
6/29/2026,1:12:50 PM,SPXW,ML/,63,2.7,,PUT,5500,0,17010,7/31/2026,WHITE,0,32,F,INDEX,,F,T,0,0
6/29/2026,1:13:04 PM,SPXW,ML/,100,2.68,,PUT,5500,0,26800,7/31/2026,WHITE,0,32,F,INDEX,,F,T,0,0
6/29/2026,1:13:06 PM,SPXW,ML/,85,2.68,,PUT,5500,0,22780,7/31/2026,WHITE,0,32,F,INDEX,,F,T,0,0
6/29/2026,1:13:07 PM,SPXW,ML/,89,2.68,,PUT,5500,0,23852,7/31/2026,WHITE,0,32,F,INDEX,,F,T,0,0
6/29/2026,1:13:12 PM,SPXW,ML/,86,2.68,,PUT,5500,0,23048,7/31/2026,WHITE,0,32,F,INDEX,,F,T,0,0
6/29/2026,1:31:06 PM,SPXW,ML/,80,2.68,,PUT,5500,0,21440,7/31/2026,WHITE,0,32,F,INDEX,,F,T,0,0
6/29/2026,1:31:37 PM,SPXW,ML/,114,2.66,,PUT,5500,0,30324,7/31/2026,WHITE,0,32,F,INDEX,,F,T,0,0
6/29/2026,1:31:40 PM,SPXW,ML/,111,2.65,,PUT,5500,0,29414,7/31/2026,WHITE,0,32,F,INDEX,,F,T,0,0
6/29/2026,2:04:39 PM,SPXW,ML/,71,2.58,,PUT,5500,0,18318,7/31/2026,WHITE,0,32,F,INDEX,,F,T,0,0
6/29/2026,3:57:18 PM,SPXW,ML/,55,2.58,,PUT,5500,0,14190,7/31/2026,WHITE,0,32,F,INDEX,,F,T,0,0
6/29/2026,3:58:33 PM,SPXW,ML/,74,2.58,,PUT,5500,0,19092,7/31/2026,WHITE,0,32,F,INDEX,,F,T,0,0
6/29/2026,3:58:34 PM,SPXW,ML/,96,2.58,,PUT,5500,0,24768,7/31/2026,WHITE,0,32,F,INDEX,,F,T,0,0
6/29/2026,9:35:27 AM,SPXW,ML/,60,2.95,,PUT,5500,0,17700,7/31/2026,WHITE,0,32,F,INDEX,,F,T,0,0
6/29/2026,1:10:16 PM,SPXW,ML/,133,2.71,,PUT,5500,0,36043,7/31/2026,WHITE,0,32,F,INDEX,,F,T,0,0
6/29/2026,1:31:11 PM,SPXW,ML/,54,2.69,,PUT,5500,0,14526,7/31/2026,WHITE,0,32,F,INDEX,,F,T,0,0
6/29/2026,1:31:38 PM,SPXW,ML/,194,2.66,,PUT,5500,0,51604,7/31/2026,WHITE,0,32,F,INDEX,,F,T,0,0
6/29/2026,1:32:01 PM,SPXW,ML/,84,2.65,,PUT,5500,0,22260,7/31/2026,WHITE,0,32,F,INDEX,,F,T,0,0
6/29/2026,2:04:39 PM,SPXW,ML/,89,2.61,,PUT,5500,0,23229,7/31/2026,WHITE,0,32,F,INDEX,,F,T,0,0
6/29/2026,3:58:35 PM,SPXW,ML/,81,2.58,,PUT,5500,0,20898,7/31/2026,WHITE,0,32,F,INDEX,,F,T,0,0
6/29/2026,3:58:33 PM,SPXW,ML/,99,2.56,,PUT,5500,0,25344,7/31/2026,WHITE,0,32,F,INDEX,,F,T,0,0
6/29/2026,3:31:40 PM,SPXW,SWEEP,50,7.3,,PUT,6350,0,36500,7/31/2026,WHITE,0,32,F,INDEX,,F,T,0,0
6/29/2026,12:02:25 PM,SPX,ML/,150,166.86,,CALL,7650,0,2502900,10/16/2026,WHITE,0,109,F,INDEX,,F,F,0,0
6/29/2026,12:02:25 PM,SPX,ML/,600,166.87,,CALL,7650,0,10012200,10/16/2026,WHITE,0,109,F,INDEX,,F,F,0,0
6/29/2026,9:38:59 AM,NDXP,ML/,291,35.2,,CALL,29610,0,1024320,6/29/2026,WHITE,0,0,F,INDEX,,F,T,0,0
6/29/2026,3:32:09 PM,SPX,ML/,200,77.55,,CALL,8200,0,1551000,12/18/2026,WHITE,0,172,F,INDEX,,F,F,0,0
6/29/2026,10:20:07 AM,SPX,BLOCK,52,2.45,,CALL,7750,0,12740,7/17/2026,WHITE,0,18,F,INDEX,,F,F,0,0
6/29/2026,12:18:23 PM,SPX,BLOCK,118,3,,CALL,7750,0,35400,7/17/2026,WHITE,0,18,F,INDEX,,F,F,0,0
6/29/2026,12:18:30 PM,SPX,BLOCK,82,3,,CALL,7750,0,24600,7/17/2026,WHITE,0,18,F,INDEX,,F,F,0,0
6/29/2026,12:18:49 PM,SPX,BLOCK,200,3,,CALL,7750,0,60000,7/17/2026,WHITE,0,18,F,INDEX,,F,F,0,0
6/29/2026,1:16:24 PM,SPX,BLOCK,182,3.8,,CALL,7750,0,69160,7/17/2026,WHITE,0,18,F,INDEX,,F,F,0,0
6/29/2026,1:16:30 PM,SPX,BLOCK,283,3.8,,CALL,7750,0,107539,7/17/2026,WHITE,0,18,F,INDEX,,F,F,0,0
6/29/2026,1:16:40 PM,SPX,BLOCK,87,3.8,,CALL,7750,0,33060,7/17/2026,WHITE,0,18,F,INDEX,,F,F,0,0
6/29/2026,1:22:27 PM,SPX,BLOCK,54,3.8,,CALL,7750,0,20520,7/17/2026,WHITE,0,18,F,INDEX,,F,F,0,0
6/29/2026,1:22:49 PM,SPX,BLOCK,78,3.8,,CALL,7750,0,29639,7/17/2026,WHITE,0,18,F,INDEX,,F,F,0,0
6/29/2026,1:22:49 PM,SPX,BLOCK,106,3.8,,CALL,7750,0,40280,7/17/2026,WHITE,0,18,F,INDEX,,F,F,0,0
6/29/2026,10:20:15 AM,SPX,BLOCK,156,2.4,,CALL,7750,0,37440,7/17/2026,WHITE,0,18,F,INDEX,,F,F,0,0
6/29/2026,3:06:53 PM,NDXP,ML/,100,1.6,,PUT,29450,0,16000,6/29/2026,WHITE,0,0,F,INDEX,,F,T,0,0
6/29/2026,9:35:40 AM,VIX,ML/,200,4.15,,PUT,22,0,83000,7/22/2026,WHITE,0,23,F,INDEX,,F,T,0,0
6/29/2026,9:35:45 AM,VIX,ML/,200,4.15,,PUT,22,0,83000,7/22/2026,WHITE,0,23,F,INDEX,,F,T,0,0
6/29/2026,9:35:51 AM,VIX,ML/,100,4.15,,PUT,22,0,41500,7/22/2026,WHITE,0,23,F,INDEX,,F,T,0,0
6/29/2026,10:37:02 AM,VIX,ML/,3000,4.15,,PUT,22,0,1245000,7/22/2026,WHITE,0,23,F,INDEX,,F,T,0,0
6/29/2026,9:35:40 AM,VIX,ML/,200,5.93,,PUT,24,0,118600,7/22/2026,WHITE,0,23,F,INDEX,,F,T,0,0
6/29/2026,9:35:45 AM,VIX,ML/,200,5.93,,PUT,24,0,118600,7/22/2026,WHITE,0,23,F,INDEX,,F,T,0,0
6/29/2026,9:35:51 AM,VIX,ML/,100,5.93,,PUT,24,0,59300,7/22/2026,WHITE,0,23,F,INDEX,,F,T,0,0
6/29/2026,1:24:17 PM,SPX,ML/,80,90.19,,PUT,7435,0,721520,7/17/2026,WHITE,0,18,F,INDEX,,F,F,0,0
6/29/2026,1:51:51 PM,SPXW,ML/,500,17.04,,PUT,6500,0,852000,8/14/2026,WHITE,0,46,F,INDEX,,F,T,0,0
6/29/2026,9:35:43 AM,SPXW,ML/,80,36.12,,PUT,7300,0,288960,7/9/2026,WHITE,0,10,F,INDEX,,F,T,0,0
6/29/2026,10:54:10 AM,SPXW,ML/,360,39.39,,PUT,7300,0,1418040,7/9/2026,WHITE,0,10,F,INDEX,,F,T,0,0
6/29/2026,9:35:43 AM,SPXW,ML/,80,39.47,,PUT,7315,0,315760,7/9/2026,WHITE,0,10,F,INDEX,,F,T,0,0
6/29/2026,11:00:04 AM,SPXW,ML/,231,116.57,,CALL,7550,0,2692767,8/21/2026,WHITE,0,53,F,INDEX,,F,F,0,0
6/29/2026,1:08:24 PM,SPXW,ML/,355,120.49,,CALL,7550,0,4277395,8/21/2026,WHITE,0,53,F,INDEX,,F,F,0,0
6/29/2026,9:35:43 AM,RUTW,ML/,50,32.5,,PUT,2830,0,162500,8/7/2026,WHITE,0,39,F,INDEX,,F,T,0,0
6/29/2026,9:35:43 AM,RUTW,ML/,50,33.34,,PUT,2835,0,166700,8/7/2026,WHITE,0,39,F,INDEX,,F,T,0,0
6/29/2026,9:38:34 AM,SPXW,ML/,57,161.95,,PUT,7450,0,923115,8/14/2026,WHITE,0,46,F,INDEX,,F,T,0,0
6/29/2026,12:03:30 PM,SPX,ML/,50,25.11,,CALL,7850,0,125550,8/21/2026,WHITE,0,53,F,INDEX,,F,F,0,0
6/29/2026,12:03:30 PM,SPX,ML/,50,29.17,,CALL,7825,0,145850,8/21/2026,WHITE,0,53,F,INDEX,,F,F,0,0
6/29/2026,1:56:51 PM,SPX,ML/,100,182.26,,CALL,7450,0,1822600,8/21/2026,WHITE,0,53,F,INDEX,,F,F,0,0
6/29/2026,9:36:13 AM,SPXW,ML/,53,142.52,,PUT,7490,0,755356,7/24/2026,WHITE,0,25,F,INDEX,,F,T,0,0
6/29/2026,2:12:12 PM,VIX,ML/,5400,0.3,,CALL,30,0,162000,7/22/2026,WHITE,0,23,F,INDEX,,F,T,0,0
6/29/2026,3:33:51 PM,VIX,BLOCK,2500,0.31,,CALL,30,0,77500,7/22/2026,WHITE,0,23,F,INDEX,,F,T,0,0
6/29/2026,9:36:05 AM,VIX,BLOCK,107,117.05,,PUT,140,0,1252434,11/18/2026,WHITE,0,142,F,INDEX,,F,T,0,0
6/29/2026,1:17:47 PM,VIX,BLOCK,282,0.5,,CALL,25,0,14100,7/22/2026,WHITE,0,23,F,INDEX,,F,T,0,0
6/29/2026,3:40:28 PM,VIX,BLOCK,509,0.49,,CALL,25,0,24941,7/22/2026,WHITE,0,23,F,INDEX,,F,T,0,0
6/29/2026,3:53:08 PM,VIX,BLOCK,2480,0.5,,CALL,25,0,124000,7/22/2026,WHITE,0,23,F,INDEX,,F,T,0,0
6/29/2026,3:57:49 PM,SPX,ML/,258,16.96,,PUT,6400,0,437568,8/21/2026,WHITE,0,53,F,INDEX,,F,F,0,0
6/29/2026,3:58:10 PM,SPX,ML/,116,16.9,,PUT,6400,0,196040,8/21/2026,WHITE,0,53,F,INDEX,,F,F,0,0
6/29/2026,10:24:46 AM,SPX,ML/,70,21.68,,PUT,6400,0,151760,8/21/2026,WHITE,0,53,F,INDEX,,F,F,0,0
6/29/2026,3:58:11 PM,SPX,ML/,116,16.9,,PUT,6400,0,196040,8/21/2026,WHITE,0,53,F,INDEX,,F,F,0,0
6/29/2026,3:57:49 PM,SPX,ML/,150,16.96,,PUT,6400,0,254400,8/21/2026,WHITE,0,53,F,INDEX,,F,F,0,0
6/29/2026,3:58:06 PM,SPX,ML/,78,16.93,,PUT,6400,0,132054,8/21/2026,WHITE,0,53,F,INDEX,,F,F,0,0
6/29/2026,3:58:18 PM,SPX,ML/,300,16.87,,PUT,6400,0,506100,8/21/2026,WHITE,0,53,F,INDEX,,F,F,0,0
6/29/2026,3:58:18 PM,SPX,ML/,5582,16.85,,PUT,6400,0,9405670,8/21/2026,WHITE,0,53,F,INDEX,,F,F,0,0
6/29/2026,3:52:26 PM,SPXW,ML/,150,0.68,,PUT,6800,0,10200,7/6/2026,WHITE,0,7,F,INDEX,,F,T,0,0
6/29/2026,3:07:35 PM,SPXW,ML/,1354,0.3,,CALL,7555,0,40620,6/30/2026,WHITE,0,1,F,INDEX,,F,T,0,0
6/29/2026,1:00:23 PM,SPX,ML/,144,6.45,,PUT,5620,0,92880,8/21/2026,WHITE,0,53,F,INDEX,,F,F,0,0
6/29/2026,3:50:27 PM,NDXP,ML/,70,4.6,,PUT,27900,0,32200,6/30/2026,WHITE,0,1,F,INDEX,,F,T,0,0
6/29/2026,9:43:41 AM,VIXW,BLOCK,365,0.4,,CALL,25,0,14600,7/15/2026,WHITE,0,16,F,INDEX,,F,T,0,0
6/29/2026,3:12:17 PM,XSP,BLOCK,70,5.37,,PUT,725,0,37590,7/27/2026,WHITE,0,28,F,INDEX,,F,T,0,0
6/29/2026,3:11:57 PM,XSP,BLOCK,100,5.36,,PUT,725,0,53600,7/27/2026,WHITE,0,28,F,INDEX,,F,T,0,0
6/29/2026,3:13:31 PM,XSP,BLOCK,100,5.38,,PUT,725,0,53800,7/27/2026,WHITE,0,28,F,INDEX,,F,T,0,0
6/29/2026,9:36:35 AM,SPXW,BLOCK,58,3,,PUT,5200,0,17400,8/7/2026,WHITE,0,39,F,INDEX,,F,T,0,0
6/29/2026,9:36:40 AM,SPXW,BLOCK,415,3.1,,PUT,5200,0,128650,8/7/2026,WHITE,0,39,F,INDEX,,F,T,0,0
6/29/2026,12:06:36 PM,SPXW,BLOCK,100,2.75,,PUT,5200,0,27500,8/7/2026,WHITE,0,39,F,INDEX,,F,T,0,0
6/29/2026,9:36:39 AM,SPXW,BLOCK,86,3,,PUT,5200,0,25800,8/7/2026,WHITE,0,39,F,INDEX,,F,T,0,0
6/29/2026,9:36:40 AM,SPXW,BLOCK,141,3.1,,PUT,5200,0,43710,8/7/2026,WHITE,0,39,F,INDEX,,F,T,0,0
6/29/2026,9:37:44 AM,SPXW,ML/,200,2.97,,PUT,5200,0,59400,8/7/2026,WHITE,0,39,F,INDEX,,F,T,0,0
6/29/2026,9:48:31 AM,SPXW,ML/,236,2.77,,PUT,5200,0,65372,8/7/2026,WHITE,0,39,F,INDEX,,F,T,0,0
6/29/2026,12:06:45 PM,SPXW,BLOCK,100,2.75,,PUT,5200,0,27500,8/7/2026,WHITE,0,39,F,INDEX,,F,T,0,0
6/29/2026,2:28:48 PM,SPXW,ML/,236,2.57,,PUT,5200,0,60652,8/7/2026,WHITE,0,39,F,INDEX,,F,T,0,0
6/29/2026,3:06:23 PM,SPXW,BLOCK,65,2.55,,PUT,5200,0,16575,8/7/2026,WHITE,0,39,F,INDEX,,F,T,0,0
6/29/2026,3:50:09 PM,SPXW,ML/,120,12.18,,PUT,7220,0,146160,7/8/2026,WHITE,0,9,F,INDEX,,F,T,0,0
6/29/2026,3:50:31 PM,SPXW,ML/,120,12.15,,PUT,7220,0,145800,7/8/2026,WHITE,0,9,F,INDEX,,F,T,0,0
6/29/2026,9:36:41 AM,VIX,BLOCK,746,0.62,,CALL,24,0,46252,7/22/2026,WHITE,0,23,F,INDEX,,F,T,0,0
6/29/2026,9:40:21 AM,VIX,BLOCK,55,6.95,,PUT,25,0,38225,7/22/2026,WHITE,0,23,F,INDEX,,F,T,0,0
6/29/2026,3:28:48 PM,VIX,ML/,150,7.07,,PUT,25,0,106050,7/22/2026,WHITE,0,23,F,INDEX,,F,T,0,0
6/29/2026,9:50:02 AM,VIX,BLOCK,55,6.95,,PUT,25,0,38225,7/22/2026,WHITE,0,23,F,INDEX,,F,T,0,0
6/29/2026,11:23:50 AM,SPXW,ML/,50,3.17,,CALL,7590,0,15850,7/7/2026,WHITE,0,8,F,INDEX,,F,T,0,0
6/29/2026,11:24:50 AM,SPXW,ML/,50,3.1,,CALL,7590,0,15500,7/7/2026,WHITE,0,8,F,INDEX,,F,T,0,0
6/29/2026,9:50:54 AM,SPXW,ML/,50,4.34,,PUT,7000,0,21700,7/8/2026,WHITE,0,9,F,INDEX,,F,T,0,0
6/29/2026,9:53:21 AM,SPXW,ML/,80,4.17,,PUT,7000,0,33360,7/8/2026,WHITE,0,9,F,INDEX,,F,T,0,0
6/29/2026,1:23:36 PM,SPX,ML/,300,63.27,,CALL,7500,0,1898100,7/17/2026,WHITE,0,18,F,INDEX,,F,F,0,0
6/29/2026,9:43:15 AM,SPX,ML/,170,61,,CALL,7500,0,1037000,7/17/2026,WHITE,0,18,F,INDEX,,F,F,0,0
6/29/2026,10:31:53 AM,SPX,ML/,100,50.8,,CALL,7500,0,508000,7/17/2026,WHITE,0,18,F,INDEX,,F,F,0,0
6/29/2026,11:31:36 AM,SPX,ML/,250,55.88,,CALL,7500,0,1397000,7/17/2026,WHITE,0,18,F,INDEX,,F,F,0,0
6/29/2026,12:58:06 PM,SPX,ML/,50,58.98,,CALL,7500,0,294900,7/17/2026,WHITE,0,18,F,INDEX,,F,F,0,0
6/29/2026,1:13:00 PM,SPX,ML/,90,60,,CALL,7500,0,540000,7/17/2026,WHITE,0,18,F,INDEX,,F,F,0,0
6/29/2026,1:20:19 PM,SPX,ML/,136,65.03,,CALL,7500,0,884408,7/17/2026,WHITE,0,18,F,INDEX,,F,F,0,0
6/29/2026,1:28:00 PM,SPX,ML/,100,63.27,,CALL,7500,0,632700,7/17/2026,WHITE,0,18,F,INDEX,,F,F,0,0
6/29/2026,1:28:12 PM,SPX,ML/,700,63.4,,CALL,7500,0,4438000,7/17/2026,WHITE,0,18,F,INDEX,,F,F,0,0
6/29/2026,4:13:48 PM,SPX,ML/,500,67.44,,CALL,7500,0,3372000,7/17/2026,WHITE,0,18,F,INDEX,,F,F,0,0
6/29/2026,10:45:15 AM,SPXW,ML/,104,33.98,,PUT,7000,0,353391,7/29/2026,WHITE,0,30,F,INDEX,,F,T,0,0
6/29/2026,9:37:08 AM,SPX,ML/,500,89.95,,CALL,8000,0,4497500,11/20/2026,WHITE,0,144,F,INDEX,,F,F,0,0
6/29/2026,9:37:28 AM,SPX,ML/,200,89.2,,CALL,8000,0,1784000,11/20/2026,WHITE,0,144,F,INDEX,,F,F,0,0
6/29/2026,11:44:24 AM,SPX,ML/,54,210,,CALL,7470,0,1134000,9/18/2026,WHITE,0,81,F,INDEX,,F,F,0,0
6/29/2026,11:46:05 AM,SPX,ML/,98,209.5,,CALL,7470,0,2053100,9/18/2026,WHITE,0,81,F,INDEX,,F,F,0,0
6/29/2026,11:51:10 AM,SPX,ML/,266,210,,CALL,7470,0,5586000,9/18/2026,WHITE,0,81,F,INDEX,,F,F,0,0
6/29/2026,11:52:31 AM,SPX,ML/,156,210,,CALL,7470,0,3276000,9/18/2026,WHITE,0,81,F,INDEX,,F,F,0,0
6/29/2026,12:03:16 PM,SPX,ML/,56,213,,CALL,7470,0,1192800,9/18/2026,WHITE,0,81,F,INDEX,,F,F,0,0
6/29/2026,9:37:08 AM,SPX,ML/,125,214,,CALL,7470,0,2675000,9/18/2026,WHITE,0,81,F,INDEX,,F,F,0,0
6/29/2026,9:37:28 AM,SPX,ML/,50,212.5,,CALL,7470,0,1062500,9/18/2026,WHITE,0,81,F,INDEX,,F,F,0,0
6/29/2026,9:59:26 AM,SPX,ML/,113,209,,CALL,7470,0,2361700,9/18/2026,WHITE,0,81,F,INDEX,,F,F,0,0
6/29/2026,10:59:21 AM,SPX,ML/,190,208,,CALL,7470,0,3952000,9/18/2026,WHITE,0,81,F,INDEX,,F,F,0,0
6/29/2026,11:52:29 AM,SPX,ML/,58,209.5,,CALL,7470,0,1215100,9/18/2026,WHITE,0,81,F,INDEX,,F,F,0,0
6/29/2026,12:04:18 PM,SPX,ML/,155,213,,CALL,7470,0,3301500,9/18/2026,WHITE,0,81,F,INDEX,,F,F,0,0
6/29/2026,9:37:08 AM,SPX,ML/,125,211,,PUT,7470,0,2637500,9/18/2026,WHITE,0,81,F,INDEX,,F,F,0,0
6/29/2026,11:51:10 AM,SPX,ML/,266,210,,PUT,7470,0,5586000,9/18/2026,WHITE,0,81,F,INDEX,,F,F,0,0
6/29/2026,11:52:31 AM,SPX,ML/,156,210,,PUT,7470,0,3276000,9/18/2026,WHITE,0,81,F,INDEX,,F,F,0,0
6/29/2026,12:03:16 PM,SPX,ML/,56,207,,PUT,7470,0,1159200,9/18/2026,WHITE,0,81,F,INDEX,,F,F,0,0
6/29/2026,11:44:24 AM,SPX,ML/,54,211,,PUT,7470,0,1139400,9/18/2026,WHITE,0,81,F,INDEX,,F,F,0,0
6/29/2026,9:37:28 AM,SPX,ML/,50,212.5,,PUT,7470,0,1062500,9/18/2026,WHITE,0,81,F,INDEX,,F,F,0,0
6/29/2026,9:59:26 AM,SPX,ML/,113,217,,PUT,7470,0,2452100,9/18/2026,WHITE,0,81,F,INDEX,,F,F,0,0
6/29/2026,10:59:21 AM,SPX,ML/,190,216,,PUT,7470,0,4104000,9/18/2026,WHITE,0,81,F,INDEX,,F,F,0,0
6/29/2026,11:46:05 AM,SPX,ML/,98,211.5,,PUT,7470,0,2072700,9/18/2026,WHITE,0,81,F,INDEX,,F,F,0,0
6/29/2026,11:52:29 AM,SPX,ML/,58,210.5,,PUT,7470,0,1220900,9/18/2026,WHITE,0,81,F,INDEX,,F,F,0,0
6/29/2026,12:04:18 PM,SPX,ML/,155,207,,PUT,7470,0,3208500,9/18/2026,WHITE,0,81,F,INDEX,,F,F,0,0
6/29/2026,9:37:10 AM,SPXW,ML/,69,98.12,,PUT,7150,0,677028,8/31/2026,WHITE,0,63,F,INDEX,,F,T,0,0
6/29/2026,9:37:10 AM,SPXW,ML/,69,54.42,,PUT,6850,0,375498,8/31/2026,WHITE,0,63,F,INDEX,,F,T,0,0
6/29/2026,3:30:01 PM,VIX,BLOCK,500,0.52,,CALL,24.5,0,26000,7/22/2026,WHITE,0,23,F,INDEX,,F,T,0,0
6/29/2026,3:13:12 PM,SPXW,ML/,51,65.95,,PUT,7425,0,336345,7/13/2026,WHITE,0,14,F,INDEX,,F,T,0,0
6/29/2026,9:37:12 AM,RUTW,ML/,74,6.52,,PUT,2655,0,48247,7/24/2026,WHITE,0,25,F,INDEX,,F,T,0,0
6/29/2026,9:37:12 AM,RUTW,ML/,74,6.72,,PUT,2660,0,49728,7/24/2026,WHITE,0,25,F,INDEX,,F,T,0,0
6/29/2026,9:58:55 AM,RUTW,ML/,150,6.63,,PUT,2660,0,99450,7/24/2026,WHITE,0,25,F,INDEX,,F,T,0,0
6/29/2026,10:39:55 AM,RUTW,ML/,52,6.77,,PUT,2660,0,35204,7/24/2026,WHITE,0,25,F,INDEX,,F,T,0,0
6/29/2026,10:18:42 AM,VIX,ML/,2000,2.63,,CALL,21,0,526000,9/16/2026,WHITE,0,79,F,INDEX,,F,T,0,0
6/29/2026,11:52:30 AM,SPXW,ML/,90,26.59,,PUT,7100,0,239310,7/20/2026,WHITE,0,21,F,INDEX,,F,T,0,0
6/29/2026,4:17:36 PM,SPXW,BLOCK,1234,0.1,,PUT,5850,0,12340,7/2/2026,WHITE,0,3,F,INDEX,,F,T,0,0
6/29/2026,12:43:45 PM,SPXW,ML/,270,6.53,,CALL,8000,0,176310,8/14/2026,WHITE,0,46,F,INDEX,,F,T,0,0
6/29/2026,12:45:43 PM,SPX,ML/,148,708.55,,CALL,7350,0,10486540,6/17/2027,WHITE,0,353,F,INDEX,,F,T,0,0
6/29/2026,9:48:49 AM,RUT,ML/,216,4.36,,PUT,2690,0,94176,7/17/2026,WHITE,0,18,F,INDEX,,F,F,0,0
6/29/2026,9:49:25 AM,RUT,ML/,183,4.48,,PUT,2690,0,81984,7/17/2026,WHITE,0,18,F,INDEX,,F,F,0,0
6/29/2026,12:21:03 PM,NDXP,BLOCK,63,7.4,,PUT,26200,0,46620,7/2/2026,WHITE,0,3,F,INDEX,,F,T,0,0
6/29/2026,9:48:09 AM,VIX,ML/,200,6.61,,PUT,25,0,132200,9/16/2026,WHITE,0,79,F,INDEX,,F,T,0,0
6/29/2026,9:49:21 AM,VIX,ML/,200,6.61,,PUT,25,0,132200,9/16/2026,WHITE,0,79,F,INDEX,,F,T,0,0
6/29/2026,9:49:24 AM,VIX,ML/,200,6.61,,PUT,25,0,132200,9/16/2026,WHITE,0,79,F,INDEX,,F,T,0,0
6/29/2026,9:49:28 AM,VIX,ML/,200,6.61,,PUT,25,0,132200,9/16/2026,WHITE,0,79,F,INDEX,,F,T,0,0
6/29/2026,9:49:31 AM,VIX,ML/,200,6.61,,PUT,25,0,132200,9/16/2026,WHITE,0,79,F,INDEX,,F,T,0,0
6/29/2026,9:37:44 AM,SPXW,ML/,100,5.69,,PUT,5800,0,56900,8/7/2026,WHITE,0,39,F,INDEX,,F,T,0,0
6/29/2026,9:48:31 AM,SPXW,ML/,118,5.29,,PUT,5800,0,62422,8/7/2026,WHITE,0,39,F,INDEX,,F,T,0,0
6/29/2026,2:28:48 PM,SPXW,ML/,118,4.89,,PUT,5800,0,57702,8/7/2026,WHITE,0,39,F,INDEX,,F,T,0,0
6/29/2026,3:04:04 PM,SPXW,ML/,52,29.33,,PUT,7305,0,152516,7/10/2026,WHITE,0,11,F,INDEX,,F,T,0,0
6/29/2026,3:04:04 PM,SPXW,ML/,52,29.33,,PUT,7305,0,152516,7/10/2026,WHITE,0,11,F,INDEX,,F,T,0,0
6/29/2026,3:04:05 PM,SPXW,ML/,76,29.25,,PUT,7305,0,222300,7/10/2026,WHITE,0,11,F,INDEX,,F,T,0,0
6/29/2026,3:16:07 PM,SPXW,ML/,100,29.75,,PUT,7305,0,297500,7/10/2026,WHITE,0,11,F,INDEX,,F,T,0,0
6/29/2026,9:45:44 AM,SPX,ML/,400,112.86,,PUT,7300,0,4514400,8/21/2026,WHITE,0,53,F,INDEX,,F,F,0,0
6/29/2026,10:22:18 AM,SPX,ML/,500,137.25,,PUT,7300,0,6862500,8/21/2026,WHITE,0,53,F,INDEX,,F,F,0,0
6/29/2026,11:51:10 AM,SPX,ML/,700,115.44,,PUT,7300,0,8080800,8/21/2026,WHITE,0,53,F,INDEX,,F,F,0,0
6/29/2026,4:01:24 PM,SPX,ML/,79,106.73,,PUT,7300,0,843167,8/21/2026,WHITE,0,53,F,INDEX,,F,F,0,0
6/29/2026,4:01:35 PM,SPX,ML/,107,106.83,,PUT,7300,0,1143081,8/21/2026,WHITE,0,53,F,INDEX,,F,F,0,0
6/29/2026,4:01:39 PM,SPX,ML/,253,106.72,,PUT,7300,0,2700016,8/21/2026,WHITE,0,53,F,INDEX,,F,F,0,0
6/29/2026,4:12:28 PM,SPXW,ML/,50,6.74,,PUT,7175,0,33700,7/7/2026,WHITE,0,8,F,INDEX,,F,T,0,0
6/29/2026,3:23:56 PM,VIX,BLOCK,1335,0.25,,CALL,65,0,33375,8/19/2026,WHITE,0,51,F,INDEX,,F,T,0,0
6/29/2026,3:24:01 PM,VIX,BLOCK,2000,0.25,,CALL,65,0,50000,8/19/2026,WHITE,0,51,F,INDEX,,F,T,0,0
6/29/2026,3:24:17 PM,VIX,BLOCK,1474,0.25,,CALL,65,0,36850,8/19/2026,WHITE,0,51,F,INDEX,,F,T,0,0
6/29/2026,9:45:44 AM,SPX,ML/,88,215,,CALL,7475,0,1892000,9/18/2026,WHITE,0,81,F,INDEX,,F,F,0,0
6/29/2026,12:26:50 PM,SPX,ML/,103,209,,CALL,7475,0,2152700,9/18/2026,WHITE,0,81,F,INDEX,,F,F,0,0
6/29/2026,12:45:43 PM,SPX,ML/,151,209.5,,CALL,7475,0,3163450,9/18/2026,WHITE,0,81,F,INDEX,,F,F,0,0
6/29/2026,1:01:44 PM,SPX,ML/,138,212,,CALL,7475,0,2925600,9/18/2026,WHITE,0,81,F,INDEX,,F,F,0,0
6/29/2026,9:45:44 AM,SPX,ML/,88,208,,PUT,7475,0,1830400,9/18/2026,WHITE,0,81,F,INDEX,,F,F,0,0
6/29/2026,12:26:50 PM,SPX,ML/,103,209,,PUT,7475,0,2152700,9/18/2026,WHITE,0,81,F,INDEX,,F,F,0,0
6/29/2026,1:01:44 PM,SPX,ML/,138,207,,PUT,7475,0,2856600,9/18/2026,WHITE,0,81,F,INDEX,,F,F,0,0
6/29/2026,10:58:15 AM,SPX,BLOCK,70,218.3,,PUT,7475,0,1528100,9/18/2026,WHITE,0,81,F,INDEX,,F,F,0,0
6/29/2026,12:45:43 PM,SPX,ML/,151,209,,PUT,7475,0,3155900,9/18/2026,WHITE,0,81,F,INDEX,,F,F,0,0
6/29/2026,10:13:14 AM,RUTW,ML/,59,65.05,,CALL,2910,0,383795,6/29/2026,WHITE,0,0,F,INDEX,,F,T,0,0
6/29/2026,11:16:09 AM,SPXW,ML/,62,5.64,,CALL,7950,0,34968,8/7/2026,WHITE,0,39,F,INDEX,,F,T,0,0
6/29/2026,11:16:12 AM,SPXW,ML/,68,5.64,,CALL,7950,0,38352,8/7/2026,WHITE,0,39,F,INDEX,,F,T,0,0
6/29/2026,12:43:45 PM,SPXW,ML/,270,5.84,,CALL,7950,0,157680,8/7/2026,WHITE,0,39,F,INDEX,,F,T,0,0
6/29/2026,3:57:49 PM,SPX,ML/,129,59.43,,PUT,7050,0,766647,8/21/2026,WHITE,0,53,F,INDEX,,F,F,0,0
6/29/2026,10:33:20 AM,SPX,ML/,150,69.68,,PUT,7050,0,1045200,8/21/2026,WHITE,0,53,F,INDEX,,F,F,0,0
6/29/2026,3:57:49 PM,SPX,ML/,75,59.43,,PUT,7050,0,445725,8/21/2026,WHITE,0,53,F,INDEX,,F,F,0,0
6/29/2026,3:58:10 PM,SPX,ML/,58,59.09,,PUT,7050,0,342722,8/21/2026,WHITE,0,53,F,INDEX,,F,F,0,0
6/29/2026,3:58:11 PM,SPX,ML/,58,59.04,,PUT,7050,0,342432,8/21/2026,WHITE,0,53,F,INDEX,,F,F,0,0
6/29/2026,3:58:18 PM,SPX,ML/,150,59.05,,PUT,7050,0,885750,8/21/2026,WHITE,0,53,F,INDEX,,F,F,0,0
6/29/2026,3:58:18 PM,SPX,ML/,2791,59.11,,PUT,7050,0,16497601,8/21/2026,WHITE,0,53,F,INDEX,,F,F,0,0
6/29/2026,10:59:35 AM,SPX,ML/,300,194.26,,PUT,7500,0,5827800,8/21/2026,WHITE,0,53,F,INDEX,,F,F,0,0
6/29/2026,1:03:49 PM,SPX,ML/,93,26.43,,PUT,7150,0,245798,7/17/2026,WHITE,0,18,F,INDEX,,F,F,0,0
6/29/2026,2:45:17 PM,SPX,ML/,1800,22.75,,PUT,7150,0,4095000,7/17/2026,WHITE,0,18,F,INDEX,,F,F,0,0
6/29/2026,1:06:47 PM,VIX,ML/,16208,0.19,,CALL,100,0,307952,9/16/2026,WHITE,0,79,F,INDEX,,F,T,0,0
6/29/2026,3:38:04 PM,SPX,ML/,550,211.19,,PUT,7500,0,11615450,9/18/2026,WHITE,0,81,F,INDEX,,F,F,0,0
6/29/2026,3:35:25 PM,SPX,ML/,320,211,,PUT,7500,0,6752000,9/18/2026,WHITE,0,81,F,INDEX,,F,F,0,0
6/29/2026,3:52:11 PM,SPX,ML/,210,211,,PUT,7500,0,4431000,9/18/2026,WHITE,0,81,F,INDEX,,F,F,0,0
6/29/2026,4:04:26 PM,SPX,ML/,400,211,,PUT,7500,0,8440000,9/18/2026,WHITE,0,81,F,INDEX,,F,F,0,0
6/29/2026,9:43:15 AM,SPX,ML/,170,222,,PUT,7500,0,3774000,9/18/2026,WHITE,0,81,F,INDEX,,F,F,0,0
6/29/2026,11:42:29 AM,SPX,ML/,500,225.96,,PUT,7500,0,11298000,9/18/2026,WHITE,0,81,F,INDEX,,F,F,0,0
6/29/2026,1:11:39 PM,SPX,ML/,200,216,,PUT,7500,0,4320000,9/18/2026,WHITE,0,81,F,INDEX,,F,F,0,0
6/29/2026,1:36:50 PM,SPX,ML/,121,212.15,,PUT,7500,0,2567015,9/18/2026,WHITE,0,81,F,INDEX,,F,F,0,0
6/29/2026,2:33:39 PM,SPX,ML/,200,211.43,,PUT,7500,0,4228600,9/18/2026,WHITE,0,81,F,INDEX,,F,F,0,0
6/29/2026,3:27:16 PM,SPX,ML/,162,210,,PUT,7500,0,3402000,9/18/2026,WHITE,0,81,F,INDEX,,F,F,0,0
6/29/2026,3:41:41 PM,SPX,ML/,450,211.19,,PUT,7500,0,9503550,9/18/2026,WHITE,0,81,F,INDEX,,F,F,0,0
6/29/2026,3:45:05 PM,SPX,ML/,100,211.75,,PUT,7500,0,2117500,9/18/2026,WHITE,0,81,F,INDEX,,F,F,0,0
6/29/2026,3:58:20 PM,SPX,ML/,100,211.09,,PUT,7500,0,2110900,9/18/2026,WHITE,0,81,F,INDEX,,F,F,0,0
6/29/2026,3:58:21 PM,SPXW,SWEEP,192,2.55,,PUT,6600,0,48960,7/14/2026,WHITE,0,15,F,INDEX,,F,T,0,0
6/29/2026,3:58:34 PM,SPXW,BLOCK,178,2.55,,PUT,6600,0,45390,7/14/2026,WHITE,0,15,F,INDEX,,F,T,0,0
6/29/2026,2:11:38 PM,SPXW,ML/,80,2.53,,PUT,6600,0,20239,7/14/2026,WHITE,0,15,F,INDEX,,F,T,0,0
6/29/2026,3:58:40 PM,SPXW,BLOCK,51,2.55,,PUT,6600,0,13004,7/14/2026,WHITE,0,15,F,INDEX,,F,T,0,0
6/29/2026,3:12:35 PM,VIXW,ML/,170,0.87,,CALL,19,0,14790,7/8/2026,WHITE,0,9,F,INDEX,,F,T,0,0
6/29/2026,9:55:28 AM,VIX,ML/,200,6.35,,PUT,25,0,127000,10/21/2026,WHITE,0,114,F,INDEX,,F,T,0,0
6/29/2026,9:55:36 AM,VIX,ML/,200,6.35,,PUT,25,0,127000,10/21/2026,WHITE,0,114,F,INDEX,,F,T,0,0
6/29/2026,9:55:40 AM,VIX,ML/,200,6.35,,PUT,25,0,127000,10/21/2026,WHITE,0,114,F,INDEX,,F,T,0,0
6/29/2026,9:55:44 AM,VIX,ML/,200,6.35,,PUT,25,0,127000,10/21/2026,WHITE,0,114,F,INDEX,,F,T,0,0
6/29/2026,9:55:54 AM,VIX,ML/,200,6.34,,PUT,25,0,126800,10/21/2026,WHITE,0,114,F,INDEX,,F,T,0,0
6/29/2026,3:53:00 PM,XSP,ML/,75,1.53,,CALL,747,0,11475,7/1/2026,WHITE,0,2,F,INDEX,,F,T,0,0
6/29/2026,12:34:55 PM,VIX,ML/,20000,0.45,,PUT,16,0,900000,8/19/2026,WHITE,0,51,F,INDEX,,F,T,0,0
6/29/2026,3:11:20 PM,VIX,ML/,3124,0.45,,PUT,16,0,140580,8/19/2026,WHITE,0,51,F,INDEX,,F,T,0,0
6/29/2026,9:38:34 AM,SPXW,ML/,57,29.85,,PUT,7320,0,170145,7/6/2026,WHITE,0,7,F,INDEX,,F,T,0,0
6/29/2026,3:10:27 PM,SPXW,ML/,59,70.21,,PUT,7450,0,414238,7/10/2026,WHITE,0,11,F,INDEX,,F,T,0,0
6/29/2026,3:10:45 PM,SPXW,ML/,135,70.19,,PUT,7450,0,947565,7/10/2026,WHITE,0,11,F,INDEX,,F,T,0,0
6/29/2026,9:38:34 AM,SPXW,ML/,57,151.49,,PUT,7450,0,863493,8/7/2026,WHITE,0,39,F,INDEX,,F,T,0,0
6/29/2026,11:52:30 AM,SPXW,ML/,90,14.73,,CALL,7650,0,132570,7/20/2026,WHITE,0,21,F,INDEX,,F,T,0,0
6/29/2026,11:36:59 AM,SPX,ML/,2500,29.42,,PUT,6650,0,7355000,8/21/2026,WHITE,0,53,F,INDEX,,F,F,0,0
6/29/2026,11:57:54 AM,SPX,ML/,120,27.95,,PUT,6650,0,335400,8/21/2026,WHITE,0,53,F,INDEX,,F,F,0,0
6/29/2026,9:56:13 AM,SPXW,ML/,200,134.17,,CALL,7450,0,2683399,7/31/2026,WHITE,0,32,F,INDEX,,F,T,0,0
6/29/2026,3:01:00 PM,VIX,ML/,3000,2.6,,PUT,20,0,780000,10/21/2026,WHITE,0,114,F,INDEX,,F,T,0,0
6/29/2026,3:02:59 PM,VIX,ML/,2000,2.6,,PUT,20,0,520000,10/21/2026,WHITE,0,114,F,INDEX,,F,T,0,0
6/29/2026,11:26:06 AM,SPX,ML/,900,93.57,,PUT,7000,0,8421300,9/18/2026,WHITE,0,81,F,INDEX,,F,F,0,0
6/29/2026,11:27:00 AM,SPX,ML/,5000,93.57,,PUT,7000,0,46784999,9/18/2026,WHITE,0,81,F,INDEX,,F,F,0,0
6/29/2026,4:13:25 PM,SPX,ML/,100,85.25,,PUT,7000,0,852500,9/18/2026,WHITE,0,81,F,INDEX,,F,F,0,0
6/29/2026,10:16:10 AM,SPX,ML/,930,105.92,,PUT,7000,0,9850560,9/18/2026,WHITE,0,81,F,INDEX,,F,F,0,0
6/29/2026,10:16:44 AM,SPX,ML/,270,102.97,,PUT,7000,0,2780190,9/18/2026,WHITE,0,81,F,INDEX,,F,F,0,0
6/29/2026,10:46:42 AM,SPX,ML/,200,93.62,,PUT,7000,0,1872400,9/18/2026,WHITE,0,81,F,INDEX,,F,F,0,0
6/29/2026,11:27:22 AM,SPX,ML/,100,93.57,,PUT,7000,0,935700,9/18/2026,WHITE,0,81,F,INDEX,,F,F,0,0
6/29/2026,11:42:29 AM,SPX,ML/,500,91.36,,PUT,7000,0,4568000,9/18/2026,WHITE,0,81,F,INDEX,,F,F,0,0
6/29/2026,12:36:28 PM,SPX,ML/,950,88.94,,PUT,7000,0,8449300,9/18/2026,WHITE,0,81,F,INDEX,,F,F,0,0
6/29/2026,1:06:28 PM,SPX,ML/,1000,87.45,,PUT,7000,0,8745000,9/18/2026,WHITE,0,81,F,INDEX,,F,F,0,0
6/29/2026,1:14:55 PM,SPX,ML/,1250,85.45,,PUT,7000,0,10681250,9/18/2026,WHITE,0,81,F,INDEX,,F,F,0,0
6/29/2026,1:16:30 PM,SPX,ML/,500,85.55,,PUT,7000,0,4277500,9/18/2026,WHITE,0,81,F,INDEX,,F,F,0,0
6/29/2026,1:22:08 PM,SPX,ML/,200,86.13,,PUT,7000,0,1722600,9/18/2026,WHITE,0,81,F,INDEX,,F,F,0,0
6/29/2026,1:34:17 PM,SPX,ML/,1750,85.34,,PUT,7000,0,14934500,9/18/2026,WHITE,0,81,F,INDEX,,F,F,0,0
6/29/2026,4:08:46 PM,SPX,ML/,250,85.2,,PUT,7000,0,2130000,9/18/2026,WHITE,0,81,F,INDEX,,F,F,0,0
6/29/2026,4:23:30 PM,SPX,ML/,100,85.25,,PUT,7000,0,852500,9/18/2026,WHITE,0,81,F,INDEX,,F,F,0,0
6/29/2026,4:15:13 PM,SPX,ML/,650,84.92,,PUT,7000,0,5519800,9/18/2026,WHITE,0,81,F,INDEX,,F,F,0,0
6/29/2026,9:40:12 AM,SPXW,BLOCK,4900,0.6,,PUT,6575,0,294000,7/6/2026,WHITE,0,7,F,INDEX,,F,T,0,0
6/29/2026,4:13:41 PM,SPXW,BLOCK,1000,0.45,,PUT,6575,0,45000,7/6/2026,WHITE,0,7,F,INDEX,,F,T,0,0
6/29/2026,4:05:49 PM,RUTW,ML/,110,10.13,,PUT,2700,0,111430,7/31/2026,WHITE,0,32,F,INDEX,,F,T,0,0
6/29/2026,9:47:49 AM,SPXW,BLOCK,100,10,,PUT,5250,0,100000,9/18/2026,WHITE,0,81,F,INDEX,,F,F,0,0
6/29/2026,9:39:12 AM,SPXW,BLOCK,120,10.3,,PUT,5250,0,123600,9/18/2026,WHITE,0,81,F,INDEX,,F,F,0,0
6/29/2026,1:39:02 PM,SPX,BLOCK,120,2.55,,PUT,6300,0,30600,7/17/2026,WHITE,0,18,F,INDEX,,F,F,0,0
6/29/2026,1:39:43 PM,SPX,BLOCK,682,2.5,,PUT,6300,0,170500,7/17/2026,WHITE,0,18,F,INDEX,,F,F,0,0
6/29/2026,1:39:11 PM,SPX,BLOCK,100,2.55,,PUT,6300,0,25500,7/17/2026,WHITE,0,18,F,INDEX,,F,F,0,0
6/29/2026,1:40:29 PM,SPX,BLOCK,73,2.5,,PUT,6300,0,18250,7/17/2026,WHITE,0,18,F,INDEX,,F,F,0,0
6/29/2026,10:53:03 AM,SPX,BLOCK,50,3.4,,PUT,6350,0,17000,7/17/2026,WHITE,0,18,F,INDEX,,F,F,0,0
6/29/2026,11:58:26 AM,SPX,ML/,90,2.81,,PUT,4800,0,25290,8/21/2026,WHITE,0,53,F,INDEX,,F,F,0,0
6/29/2026,9:40:28 AM,SPXW,ML/,78,93.29,,PUT,7495,0,727662,7/2/2026,WHITE,0,3,F,INDEX,,F,T,0,0
6/29/2026,2:59:15 PM,SPXW,SWEEP,51,2.15,,CALL,7640,0,10965,7/8/2026,WHITE,0,9,F,INDEX,,F,T,0,0
6/29/2026,9:45:19 AM,SPXW,ML/,187,4.1,,CALL,7625,0,76670,7/8/2026,WHITE,0,9,F,INDEX,,F,T,0,0
6/29/2026,2:29:28 PM,SPXW,ML/,50,3.35,,CALL,7625,0,16750,7/8/2026,WHITE,0,9,F,INDEX,,F,T,0,0
6/29/2026,1:00:20 PM,SPXW,ML/,175,89.37,,PUT,7200,0,1563975,8/21/2026,WHITE,0,53,F,INDEX,,F,F,0,0
6/29/2026,1:00:20 PM,SPXW,ML/,51,89.36,,PUT,7200,0,455735,8/21/2026,WHITE,0,53,F,INDEX,,F,F,0,0
6/29/2026,10:09:33 AM,NDX,ML/,200,1692.95,,CALL,30500,0,33859000,12/18/2026,WHITE,0,172,F,INDEX,,F,F,0,0
6/29/2026,3:31:26 PM,SPXW,ML/,70,5.4,,PUT,7150,0,37800,7/7/2026,WHITE,0,8,F,INDEX,,F,T,0,0
6/29/2026,10:01:39 AM,SPXW,ML/,60,11.19,,PUT,7150,0,67140,7/7/2026,WHITE,0,8,F,INDEX,,F,T,0,0
6/29/2026,3:31:28 PM,SPXW,ML/,70,5.4,,PUT,7150,0,37800,7/7/2026,WHITE,0,8,F,INDEX,,F,T,0,0
6/29/2026,12:14:41 PM,SPXW,ML/,68,55.98,,PUT,7380,0,380664,7/10/2026,WHITE,0,11,F,INDEX,,F,T,0,0
6/29/2026,3:47:53 PM,SPXW,ML/,90,46.43,,PUT,7380,0,417870,7/10/2026,WHITE,0,11,F,INDEX,,F,T,0,0
6/29/2026,3:48:49 PM,SPXW,ML/,50,46.48,,PUT,7380,0,232400,7/10/2026,WHITE,0,11,F,INDEX,,F,T,0,0
6/29/2026,3:50:42 PM,SPXW,ML/,77,46.53,,PUT,7380,0,358281,7/10/2026,WHITE,0,11,F,INDEX,,F,T,0,0
6/29/2026,3:55:01 PM,SPXW,ML/,181,46.87,,PUT,7380,0,848346,7/10/2026,WHITE,0,11,F,INDEX,,F,T,0,0
6/29/2026,9:44:25 AM,XSP,ML/,60,2.99,,CALL,753,0,17940,7/10/2026,WHITE,0,11,F,INDEX,,F,T,0,0
6/29/2026,11:35:33 AM,SPX,ML/,100,273,,CALL,7450,0,2730000,10/16/2026,WHITE,0,109,F,INDEX,,F,F,0,0
6/29/2026,9:45:44 AM,SPX,ML/,400,21.12,,PUT,7090,0,844800,7/17/2026,WHITE,0,18,F,INDEX,,F,F,0,0
6/29/2026,2:45:17 PM,SPX,ML/,900,17.5,,PUT,7090,0,1575000,7/17/2026,WHITE,0,18,F,INDEX,,F,F,0,0
6/29/2026,3:05:14 PM,SPX,ML/,54,17.67,,PUT,7090,0,95418,7/17/2026,WHITE,0,18,F,INDEX,,F,F,0,0
6/29/2026,3:21:42 PM,SPXW,ML/,100,126.01,,CALL,7500,0,1260100,8/7/2026,WHITE,0,39,F,INDEX,,F,T,0,0
6/29/2026,9:40:50 AM,SPXW,ML/,90,27.5,,PUT,7240,0,247500,7/10/2026,WHITE,0,11,F,INDEX,,F,T,0,0
6/29/2026,9:40:11 AM,SPXW,BLOCK,66,4.3,,PUT,5800,0,28379,7/31/2026,WHITE,0,32,F,INDEX,,F,T,0,0
6/29/2026,3:22:18 PM,VIX,BLOCK,50,3.3,,CALL,20,0,16500,10/21/2026,WHITE,0,114,F,INDEX,,F,T,0,0
6/29/2026,3:22:57 PM,VIX,BLOCK,50,3.3,,CALL,20,0,16500,10/21/2026,WHITE,0,114,F,INDEX,,F,T,0,0
6/29/2026,3:30:44 PM,VIX,BLOCK,500,2.33,,CALL,19,0,116500,8/19/2026,WHITE,0,51,F,INDEX,,F,T,0,0
6/29/2026,3:33:26 PM,VIX,BLOCK,50,2.34,,CALL,19,0,11700,8/19/2026,WHITE,0,51,F,INDEX,,F,T,0,0
6/29/2026,3:33:30 PM,VIX,BLOCK,250,2.34,,CALL,19,0,58500,8/19/2026,WHITE,0,51,F,INDEX,,F,T,0,0
6/29/2026,3:36:13 PM,VIX,BLOCK,50,2.34,,CALL,19,0,11700,8/19/2026,WHITE,0,51,F,INDEX,,F,T,0,0
6/29/2026,3:33:04 PM,VIX,BLOCK,200,2.33,,CALL,19,0,46600,8/19/2026,WHITE,0,51,F,INDEX,,F,T,0,0
6/29/2026,3:54:50 PM,VIX,BLOCK,350,2.34,,CALL,19,0,81900,8/19/2026,WHITE,0,51,F,INDEX,,F,T,0,0
6/29/2026,2:43:48 PM,SPXW,ML/,60,24.95,,PUT,7250,0,149700,7/13/2026,WHITE,0,14,F,INDEX,,F,T,0,0
6/29/2026,12:24:03 PM,VIX,ML/,1139,1.46,,PUT,18.5,0,166294,7/22/2026,WHITE,0,23,F,INDEX,,F,T,0,0
6/29/2026,12:52:10 PM,VIX,ML/,360,1.45,,PUT,18.5,0,52200,7/22/2026,WHITE,0,23,F,INDEX,,F,T,0,0
6/29/2026,12:25:13 PM,VIX,ML/,201,1.46,,PUT,18.5,0,29345,7/22/2026,WHITE,0,23,F,INDEX,,F,T,0,0
6/29/2026,3:16:28 PM,VIX,BLOCK,100,1.46,,PUT,18.5,0,14600,7/22/2026,WHITE,0,23,F,INDEX,,F,T,0,0
6/29/2026,3:16:50 PM,VIX,BLOCK,500,1.46,,PUT,18.5,0,73000,7/22/2026,WHITE,0,23,F,INDEX,,F,T,0,0
6/29/2026,3:16:52 PM,VIX,BLOCK,137,1.46,,PUT,18.5,0,20002,7/22/2026,WHITE,0,23,F,INDEX,,F,T,0,0
6/29/2026,3:36:01 PM,VIX,ML/,600,1.45,,PUT,18.5,0,87000,7/22/2026,WHITE,0,23,F,INDEX,,F,T,0,0
6/29/2026,9:47:33 AM,VIX,BLOCK,83,1.5,,PUT,18.5,0,12450,7/22/2026,WHITE,0,23,F,INDEX,,F,T,0,0
6/29/2026,11:25:54 AM,VIX,ML/,1100,1.39,,PUT,18.5,0,152900,7/22/2026,WHITE,0,23,F,INDEX,,F,T,0,0
6/29/2026,11:37:16 AM,VIX,ML/,560,1.42,,PUT,18.5,0,79520,7/22/2026,WHITE,0,23,F,INDEX,,F,T,0,0
6/29/2026,12:46:28 PM,VIX,ML/,255,1.43,,PUT,18.5,0,36465,7/22/2026,WHITE,0,23,F,INDEX,,F,T,0,0
6/29/2026,3:33:55 PM,SPXW,ML/,200,143.51,,PUT,7500,0,2870200,7/31/2026,WHITE,0,32,F,INDEX,,F,T,0,0
6/29/2026,12:49:09 PM,SPX,ML/,90,43.66,,PUT,6550,0,392939,9/18/2026,WHITE,0,81,F,INDEX,,F,F,0,0
6/29/2026,9:40:31 AM,VIX,SWEEP,782,0.84,,PUT,17,0,65688,9/16/2026,WHITE,0,79,F,INDEX,,F,T,0,0
6/29/2026,9:45:38 AM,VIX,BLOCK,218,0.85,,PUT,17,0,18530,9/16/2026,WHITE,0,79,F,INDEX,,F,T,0,0
6/29/2026,3:27:06 PM,NDXP,ML/,144,57.3,,PUT,29800,0,825119,6/29/2026,WHITE,0,0,F,INDEX,,F,T,0,0
6/29/2026,9:40:35 AM,SPX,BLOCK,59,47.8,,PUT,5950,0,282020,11/20/2026,WHITE,0,144,F,INDEX,,F,F,0,0
6/29/2026,10:07:08 AM,VIX,ML/,200,6.37,,PUT,25,0,127400,12/16/2026,WHITE,0,170,F,INDEX,,F,T,0,0
6/29/2026,10:07:11 AM,VIX,ML/,200,6.37,,PUT,25,0,127400,12/16/2026,WHITE,0,170,F,INDEX,,F,T,0,0
6/29/2026,10:07:15 AM,VIX,ML/,200,6.37,,PUT,25,0,127400,12/16/2026,WHITE,0,170,F,INDEX,,F,T,0,0
6/29/2026,10:07:18 AM,VIX,ML/,200,6.37,,PUT,25,0,127400,12/16/2026,WHITE,0,170,F,INDEX,,F,T,0,0
6/29/2026,10:07:22 AM,VIX,ML/,200,6.37,,PUT,25,0,127400,12/16/2026,WHITE,0,170,F,INDEX,,F,T,0,0
6/29/2026,3:31:36 PM,SPX,ML/,90,115.47,,PUT,6500,0,1039229,1/15/2027,WHITE,0,200,F,INDEX,,F,F,0,0
6/29/2026,3:32:17 PM,SPX,ML/,100,115.62,,PUT,6500,0,1156200,1/15/2027,WHITE,0,200,F,INDEX,,F,F,0,0
6/29/2026,3:25:47 PM,SPXW,ML/,50,114.76,,PUT,7425,0,573800,8/3/2026,WHITE,0,35,F,INDEX,,F,T,0,0
6/29/2026,3:25:55 PM,SPXW,ML/,50,114.76,,PUT,7425,0,573800,8/3/2026,WHITE,0,35,F,INDEX,,F,T,0,0
6/29/2026,3:25:47 PM,SPXW,ML/,100,111.66,,PUT,7425,0,1116600,7/31/2026,WHITE,0,32,F,INDEX,,F,T,0,0
6/29/2026,9:40:41 AM,SPXW,ML/,300,0.62,,PUT,5200,0,18600,7/16/2026,WHITE,0,17,F,INDEX,,F,T,0,0
6/29/2026,11:55:31 AM,SPXW,ML/,60,27.62,,CALL,7550,0,165720,7/14/2026,WHITE,0,15,F,INDEX,,F,T,0,0
6/29/2026,9:40:50 AM,SPXW,ML/,180,20.3,,PUT,7190,0,365400,7/10/2026,WHITE,0,11,F,INDEX,,F,T,0,0
6/29/2026,9:52:43 AM,SPX,BLOCK,50,56.1,,PUT,7000,0,280500,8/21/2026,WHITE,0,53,F,INDEX,,F,F,0,0
6/29/2026,10:33:20 AM,SPX,ML/,150,62.48,,PUT,7000,0,937200,8/21/2026,WHITE,0,53,F,INDEX,,F,F,0,0
6/29/2026,10:48:42 AM,SPX,ML/,750,63.39,,PUT,7000,0,4754250,8/21/2026,WHITE,0,53,F,INDEX,,F,F,0,0
6/29/2026,11:41:50 AM,SPX,ML/,5000,58.55,,PUT,7000,0,29275000,8/21/2026,WHITE,0,53,F,INDEX,,F,F,0,0
6/29/2026,3:02:11 PM,SPX,ML/,650,53.15,,PUT,7000,0,3454750,8/21/2026,WHITE,0,53,F,INDEX,,F,F,0,0
6/29/2026,9:41:00 AM,RUT,ML/,225,29.24,,PUT,2650,0,657900,9/18/2026,WHITE,0,81,F,INDEX,,F,F,0,0
6/29/2026,9:41:00 AM,RUT,ML/,115,29.23,,PUT,2650,0,336145,9/18/2026,WHITE,0,81,F,INDEX,,F,F,0,0
6/29/2026,9:41:01 AM,RUT,ML/,480,29.24,,PUT,2650,0,1403520,9/18/2026,WHITE,0,81,F,INDEX,,F,F,0,0
6/29/2026,9:41:00 AM,RUT,ML/,225,35.34,,PUT,2700,0,795150,9/18/2026,WHITE,0,81,F,INDEX,,F,F,0,0
6/29/2026,9:41:00 AM,RUT,ML/,115,35.35,,PUT,2700,0,406525,9/18/2026,WHITE,0,81,F,INDEX,,F,F,0,0
6/29/2026,9:41:01 AM,RUT,ML/,480,35.34,,PUT,2700,0,1696320,9/18/2026,WHITE,0,81,F,INDEX,,F,F,0,0
6/29/2026,3:50:31 PM,SPXW,ML/,60,5.2,,PUT,7100,0,31200,7/8/2026,WHITE,0,9,F,INDEX,,F,T,0,0
6/29/2026,3:50:09 PM,SPXW,ML/,60,5.19,,PUT,7100,0,31140,7/8/2026,WHITE,0,9,F,INDEX,,F,T,0,0
6/29/2026,9:41:07 AM,VIX,ML/,200,6.88,,PUT,25,0,137600,8/19/2026,WHITE,0,51,F,INDEX,,F,T,0,0
6/29/2026,9:42:51 AM,VIX,ML/,200,6.88,,PUT,25,0,137600,8/19/2026,WHITE,0,51,F,INDEX,,F,T,0,0
6/29/2026,9:42:56 AM,VIX,ML/,200,6.88,,PUT,25,0,137600,8/19/2026,WHITE,0,51,F,INDEX,,F,T,0,0
6/29/2026,9:43:00 AM,VIX,ML/,200,6.88,,PUT,25,0,137600,8/19/2026,WHITE,0,51,F,INDEX,,F,T,0,0
6/29/2026,9:43:04 AM,VIX,ML/,200,6.88,,PUT,25,0,137600,8/19/2026,WHITE,0,51,F,INDEX,,F,T,0,0
6/29/2026,9:41:07 AM,VIX,ML/,200,5.15,,PUT,23,0,103000,8/19/2026,WHITE,0,51,F,INDEX,,F,T,0,0
6/29/2026,9:42:51 AM,VIX,ML/,200,5.15,,PUT,23,0,103000,8/19/2026,WHITE,0,51,F,INDEX,,F,T,0,0
6/29/2026,9:42:56 AM,VIX,ML/,200,5.15,,PUT,23,0,103000,8/19/2026,WHITE,0,51,F,INDEX,,F,T,0,0
6/29/2026,9:43:00 AM,VIX,ML/,100,5.15,,PUT,23,0,51500,8/19/2026,WHITE,0,51,F,INDEX,,F,T,0,0
6/29/2026,9:43:04 AM,VIX,ML/,200,5.15,,PUT,23,0,103000,8/19/2026,WHITE,0,51,F,INDEX,,F,T,0,0
6/29/2026,12:54:06 PM,SPX,ML/,600,9.79,,PUT,6900,0,587399,7/17/2026,WHITE,0,18,F,INDEX,,F,F,0,0
6/29/2026,12:54:08 PM,SPX,ML/,600,9.79,,PUT,6900,0,587399,7/17/2026,WHITE,0,18,F,INDEX,,F,F,0,0
6/29/2026,12:54:12 PM,SPX,ML/,597,9.78,,PUT,6900,0,583866,7/17/2026,WHITE,0,18,F,INDEX,,F,F,0,0
6/29/2026,12:11:22 PM,SPX,ML/,342,9.84,,PUT,6900,0,336528,7/17/2026,WHITE,0,18,F,INDEX,,F,F,0,0
6/29/2026,12:54:04 PM,SPX,ML/,351,9.83,,PUT,6900,0,345033,7/17/2026,WHITE,0,18,F,INDEX,,F,F,0,0
6/29/2026,12:24:32 PM,SPX,ML/,72,9.73,,PUT,6900,0,70056,7/17/2026,WHITE,0,18,F,INDEX,,F,F,0,0
6/29/2026,12:25:01 PM,SPX,ML/,69,9.68,,PUT,6900,0,66792,7/17/2026,WHITE,0,18,F,INDEX,,F,F,0,0
6/29/2026,12:54:14 PM,SPX,ML/,204,9.78,,PUT,6900,0,199512,7/17/2026,WHITE,0,18,F,INDEX,,F,F,0,0
6/29/2026,12:58:06 PM,SPX,ML/,50,9.88,,PUT,6900,0,49400,7/17/2026,WHITE,0,18,F,INDEX,,F,F,0,0
6/29/2026,9:41:15 AM,SPX,ML/,50,428.86,,CALL,7600,0,2144300,3/19/2027,WHITE,0,263,F,INDEX,,F,F,0,0
6/29/2026,10:14:55 AM,SPX,ML/,50,400.68,,CALL,7600,0,2003400,3/19/2027,WHITE,0,263,F,INDEX,,F,F,0,0
6/29/2026,1:16:03 PM,SPX,ML/,100,405.5,,PUT,7600,0,4055000,3/19/2027,WHITE,0,263,F,INDEX,,F,F,0,0
6/29/2026,9:41:15 AM,SPX,ML/,50,412.44,,PUT,7600,0,2062200,3/19/2027,WHITE,0,263,F,INDEX,,F,F,0,0
6/29/2026,10:14:55 AM,SPX,ML/,50,439.32,,PUT,7600,0,2196600,3/19/2027,WHITE,0,263,F,INDEX,,F,F,0,0
6/29/2026,10:50:27 AM,SPXW,ML/,100,181.07,,CALL,7300,0,1810700,7/17/2026,WHITE,0,18,F,INDEX,,F,F,0,0
6/29/2026,11:31:58 AM,SPXW,ML/,50,182.1,,CALL,7300,0,910500,7/17/2026,WHITE,0,18,F,INDEX,,F,F,0,0
6/29/2026,12:17:13 PM,SPXW,ML/,77,187.48,,CALL,7300,0,1443596,7/17/2026,WHITE,0,18,F,INDEX,,F,F,0,0
6/29/2026,3:42:25 PM,SPXW,SWEEP,165,2,,PUT,6750,0,33000,7/10/2026,WHITE,0,11,F,INDEX,,F,T,0,0
6/29/2026,3:45:04 PM,SPXW,BLOCK,134,2,,PUT,6750,0,26800,7/10/2026,WHITE,0,11,F,INDEX,,F,T,0,0
6/29/2026,3:45:04 PM,SPXW,BLOCK,61,2,,PUT,6750,0,12200,7/10/2026,WHITE,0,11,F,INDEX,,F,T,0,0
6/29/2026,9:50:06 AM,SPX,ML/,72,214,,CALL,7480,0,1540800,9/18/2026,WHITE,0,81,F,INDEX,,F,F,0,0
6/29/2026,9:53:25 AM,SPX,ML/,50,215,,CALL,7480,0,1075000,9/18/2026,WHITE,0,81,F,INDEX,,F,F,0,0
6/29/2026,12:08:30 PM,SPX,ML/,138,207.5,,CALL,7480,0,2863500,9/18/2026,WHITE,0,81,F,INDEX,,F,F,0,0
6/29/2026,12:21:10 PM,SPX,ML/,60,207,,CALL,7480,0,1242000,9/18/2026,WHITE,0,81,F,INDEX,,F,F,0,0
6/29/2026,1:06:28 PM,SPX,ML/,80,209.5,,CALL,7480,0,1676000,9/18/2026,WHITE,0,81,F,INDEX,,F,F,0,0
6/29/2026,1:13:00 PM,SPX,ML/,55,210,,CALL,7480,0,1155000,9/18/2026,WHITE,0,81,F,INDEX,,F,F,0,0
6/29/2026,1:24:10 PM,SPX,ML/,65,217,,CALL,7480,0,1410500,9/18/2026,WHITE,0,81,F,INDEX,,F,F,0,0
6/29/2026,3:19:46 PM,SPX,ML/,220,232.1,,PUT,7550,0,5106200,9/18/2026,WHITE,0,81,F,INDEX,,F,F,0,0
6/29/2026,2:04:11 PM,SPXW,ML/,120,59.25,,PUT,7415,0,711000,7/10/2026,WHITE,0,11,F,INDEX,,F,T,0,0
6/29/2026,2:45:54 PM,SPXW,BLOCK,96,52.5,,PUT,7440,0,504000,7/7/2026,WHITE,0,8,F,INDEX,,F,T,0,0
6/29/2026,2:51:01 PM,SPXW,BLOCK,60,53.6,,PUT,7440,0,321600,7/7/2026,WHITE,0,8,F,INDEX,,F,T,0,0
6/29/2026,10:17:04 AM,VIX,BLOCK,377,0.84,,CALL,23,0,31668,7/22/2026,WHITE,0,23,F,INDEX,,F,T,0,0
6/29/2026,1:53:05 PM,VIX,BLOCK,250,0.63,,CALL,23,0,15750,7/22/2026,WHITE,0,23,F,INDEX,,F,T,0,0
6/29/2026,3:32:56 PM,VIX,ML/,250,0.63,,CALL,23,0,15750,7/22/2026,WHITE,0,23,F,INDEX,,F,T,0,0
6/29/2026,10:18:36 AM,VIX,BLOCK,139,0.84,,CALL,23,0,11676,7/22/2026,WHITE,0,23,F,INDEX,,F,T,0,0
6/29/2026,12:03:30 PM,SPX,ML/,50,42.88,,PUT,6875,0,214400,8/21/2026,WHITE,0,53,F,INDEX,,F,F,0,0
6/29/2026,9:41:59 AM,SPX,ML/,350,221.16,,PUT,7200,0,7740600,12/18/2026,WHITE,0,172,F,INDEX,,F,F,0,0
6/29/2026,11:09:39 AM,SPX,ML/,145,224.57,,PUT,7200,0,3256265,12/18/2026,WHITE,0,172,F,INDEX,,F,F,0,0
6/29/2026,2:49:24 PM,SPXW,ML/,200,82.49,,CALL,7555,0,1649800,7/31/2026,WHITE,0,32,F,INDEX,,F,T,0,0
6/29/2026,1:56:51 PM,SPX,ML/,100,154.49,,PUT,7450,0,1544900,8/21/2026,WHITE,0,53,F,INDEX,,F,F,0,0
6/29/2026,9:42:13 AM,XSP,ML/,69,2.14,,PUT,733,0,14766,7/2/2026,WHITE,0,3,F,INDEX,,F,T,0,0
6/29/2026,3:51:46 PM,XSP,ML/,150,1.25,,PUT,733,0,18750,7/2/2026,WHITE,0,3,F,INDEX,,F,T,0,0
6/29/2026,9:56:50 AM,VIX,BLOCK,493,0.64,,CALL,23.5,0,31552,7/22/2026,WHITE,0,23,F,INDEX,,F,T,0,0
6/29/2026,10:00:00 AM,VIX,BLOCK,249,0.64,,CALL,23.5,0,15936,7/22/2026,WHITE,0,23,F,INDEX,,F,T,0,0
6/29/2026,3:31:55 PM,VIX,BLOCK,200,0.59,,CALL,23.5,0,11800,7/22/2026,WHITE,0,23,F,INDEX,,F,T,0,0
6/29/2026,3:34:01 PM,VIX,BLOCK,198,0.59,,CALL,23.5,0,11682,7/22/2026,WHITE,0,23,F,INDEX,,F,T,0,0
6/29/2026,3:55:36 PM,SPX,BLOCK,50,52.2,,PUT,6700,0,261000,9/18/2026,WHITE,0,81,F,INDEX,,F,F,0,0
6/29/2026,3:55:35 PM,SPX,BLOCK,50,52.1,,PUT,6700,0,260500,9/18/2026,WHITE,0,81,F,INDEX,,F,F,0,0
6/29/2026,9:43:24 AM,SPX,ML/,1359,55.41,,PUT,6700,0,7530219,9/18/2026,WHITE,0,81,F,INDEX,,F,F,0,0
6/29/2026,3:55:36 PM,SPX,BLOCK,50,52.2,,PUT,6700,0,261000,9/18/2026,WHITE,0,81,F,INDEX,,F,F,0,0
6/29/2026,12:22:43 PM,SPXW,ML/,70,37.28,,PUT,6300,0,260960,9/30/2026,WHITE,0,93,F,INDEX,,F,T,0,0
6/29/2026,10:26:13 AM,SPX,ML/,158,219,,CALL,7420,0,3460200,9/18/2026,WHITE,0,81,F,INDEX,,F,F,0,0
6/29/2026,10:26:48 AM,SPX,ML/,180,219,,CALL,7420,0,3942000,9/18/2026,WHITE,0,81,F,INDEX,,F,F,0,0
6/29/2026,10:48:39 AM,SPX,ML/,158,219,,CALL,7420,0,3460200,9/18/2026,WHITE,0,81,F,INDEX,,F,F,0,0
6/29/2026,10:49:21 AM,SPX,ML/,180,219,,CALL,7420,0,3942000,9/18/2026,WHITE,0,81,F,INDEX,,F,F,0,0
6/29/2026,10:22:18 AM,SPX,ML/,115,216,,CALL,7425,0,2484000,9/18/2026,WHITE,0,81,F,INDEX,,F,F,0,0
6/29/2026,10:44:41 AM,SPX,ML/,1050,237,,CALL,7425,0,24885000,9/18/2026,WHITE,0,81,F,INDEX,,F,F,0,0
6/29/2026,11:06:23 AM,SPX,BLOCK,63,234.4,,CALL,7425,0,1476720,9/18/2026,WHITE,0,81,F,INDEX,,F,F,0,0
6/29/2026,4:04:17 PM,SPX,ML/,50,253.37,,CALL,7425,0,1266850,9/18/2026,WHITE,0,81,F,INDEX,,F,F,0,0
6/29/2026,1:32:09 PM,NDXP,ML/,57,97.95,,CALL,29910,0,558315,6/30/2026,WHITE,0,1,F,INDEX,,F,T,0,0
6/29/2026,3:50:47 PM,SPXW,ML/,90,13.09,,PUT,7230,0,117809,7/8/2026,WHITE,0,9,F,INDEX,,F,T,0,0
6/29/2026,3:50:49 PM,SPXW,ML/,90,13.17,,PUT,7230,0,118530,7/8/2026,WHITE,0,9,F,INDEX,,F,T,0,0
6/29/2026,11:47:00 AM,SPXW,ML/,80,8.86,,CALL,7650,0,70880,7/15/2026,WHITE,0,16,F,INDEX,,F,T,0,0
6/29/2026,3:50:00 PM,NDXP,ML/,60,3.85,,PUT,29660,0,23100,6/29/2026,WHITE,0,0,F,INDEX,,F,T,0,0
6/29/2026,10:48:29 AM,SPXW,ML/,76,187.8,,PUT,7550,0,1427280,7/24/2026,WHITE,0,25,F,INDEX,,F,T,0,0
6/29/2026,11:41:13 AM,SPXW,ML/,55,8.62,,PUT,7180,0,47410,7/6/2026,WHITE,0,7,F,INDEX,,F,T,0,0
6/29/2026,11:50:24 AM,SPX,ML/,179,187.55,,PUT,7410,0,3357145,9/18/2026,WHITE,0,81,F,INDEX,,F,F,0,0
6/29/2026,11:50:34 AM,SPX,ML/,217,187.74,,PUT,7410,0,4073958,9/18/2026,WHITE,0,81,F,INDEX,,F,F,0,0
6/29/2026,11:50:44 AM,SPX,ML/,121,187.46,,PUT,7410,0,2268266,9/18/2026,WHITE,0,81,F,INDEX,,F,F,0,0
6/29/2026,11:51:52 AM,SPX,ML/,101,186.94,,PUT,7410,0,1888093,9/18/2026,WHITE,0,81,F,INDEX,,F,F,0,0
6/29/2026,11:51:52 AM,SPX,ML/,111,186.92,,PUT,7410,0,2074812,9/18/2026,WHITE,0,81,F,INDEX,,F,F,0,0
6/29/2026,11:53:31 AM,SPX,ML/,86,187.08,,PUT,7410,0,1608888,9/18/2026,WHITE,0,81,F,INDEX,,F,F,0,0
6/29/2026,11:53:38 AM,SPX,ML/,102,187.19,,PUT,7410,0,1909338,9/18/2026,WHITE,0,81,F,INDEX,,F,F,0,0
6/29/2026,1:39:58 PM,SPX,ML/,172,178.68,,PUT,7410,0,3073296,9/18/2026,WHITE,0,81,F,INDEX,,F,F,0,0
6/29/2026,1:59:38 PM,SPX,ML/,200,178.63,,PUT,7410,0,3572600,9/18/2026,WHITE,0,81,F,INDEX,,F,F,0,0
6/29/2026,1:59:59 PM,SPX,ML/,123,178.35,,PUT,7410,0,2193705,9/18/2026,WHITE,0,81,F,INDEX,,F,F,0,0
6/29/2026,2:02:18 PM,SPX,ML/,120,177.54,,PUT,7410,0,2130480,9/18/2026,WHITE,0,81,F,INDEX,,F,F,0,0
6/29/2026,2:05:26 PM,SPX,ML/,100,176.98,,PUT,7410,0,1769800,9/18/2026,WHITE,0,81,F,INDEX,,F,F,0,0
6/29/2026,2:05:40 PM,SPX,ML/,141,177.17,,PUT,7410,0,2498097,9/18/2026,WHITE,0,81,F,INDEX,,F,F,0,0
6/29/2026,2:06:40 PM,SPX,ML/,50,177.48,,PUT,7410,0,887400,9/18/2026,WHITE,0,81,F,INDEX,,F,F,0,0
6/29/2026,10:49:27 AM,NDX,ML/,250,307.3,,PUT,28000,0,7682500,7/17/2026,WHITE,0,18,F,INDEX,,F,F,0,0
6/29/2026,10:21:21 AM,VIX,BLOCK,100,1.5,,CALL,24,0,15000,8/19/2026,WHITE,0,51,F,INDEX,,F,T,0,0
6/29/2026,11:43:07 AM,VIX,BLOCK,3841,1.36,,CALL,24,0,522376,8/19/2026,WHITE,0,51,F,INDEX,,F,T,0,0
6/29/2026,11:43:08 AM,VIX,BLOCK,500,1.36,,CALL,24,0,68000,8/19/2026,WHITE,0,51,F,INDEX,,F,T,0,0
6/29/2026,10:22:06 AM,VIX,BLOCK,191,1.5,,CALL,24,0,28650,8/19/2026,WHITE,0,51,F,INDEX,,F,T,0,0
6/29/2026,11:43:11 AM,VIX,BLOCK,659,1.36,,CALL,24,0,89624,8/19/2026,WHITE,0,51,F,INDEX,,F,T,0,0
6/29/2026,9:43:05 AM,RUTW,ML/,100,9.67,,CALL,3270,0,96700,8/7/2026,WHITE,0,39,F,INDEX,,F,T,0,0
6/29/2026,9:43:05 AM,RUTW,ML/,100,9.22,,CALL,3275,0,92200,8/7/2026,WHITE,0,39,F,INDEX,,F,T,0,0
6/29/2026,10:46:54 AM,SPX,ML/,323,210,,CALL,7465,0,6783000,9/18/2026,WHITE,0,81,F,INDEX,,F,F,0,0
6/29/2026,11:02:29 AM,SPX,ML/,80,213,,CALL,7465,0,1704000,9/18/2026,WHITE,0,81,F,INDEX,,F,F,0,0
6/29/2026,9:43:09 AM,SPX,ML/,113,214.8,,CALL,7465,0,2427240,9/18/2026,WHITE,0,81,F,INDEX,,F,F,0,0
6/29/2026,11:45:21 AM,SPX,ML/,98,215,,CALL,7465,0,2107000,9/18/2026,WHITE,0,81,F,INDEX,,F,F,0,0
6/29/2026,9:48:23 AM,SPX,ML/,64,221,,CALL,7465,0,1414400,9/18/2026,WHITE,0,81,F,INDEX,,F,F,0,0
6/29/2026,11:31:36 AM,SPX,ML/,63,212.5,,CALL,7465,0,1338750,9/18/2026,WHITE,0,81,F,INDEX,,F,F,0,0
6/29/2026,11:42:29 AM,SPX,ML/,145,211.5,,CALL,7465,0,3066750,9/18/2026,WHITE,0,81,F,INDEX,,F,F,0,0
6/29/2026,9:43:09 AM,SPX,ML/,113,210.8,,PUT,7465,0,2382040,9/18/2026,WHITE,0,81,F,INDEX,,F,F,0,0
6/29/2026,9:48:23 AM,SPX,ML/,64,204,,PUT,7465,0,1305600,9/18/2026,WHITE,0,81,F,INDEX,,F,F,0,0
6/29/2026,11:02:29 AM,SPX,ML/,80,212,,PUT,7465,0,1696000,9/18/2026,WHITE,0,81,F,INDEX,,F,F,0,0
6/29/2026,10:46:54 AM,SPX,ML/,323,214.5,,PUT,7465,0,6928350,9/18/2026,WHITE,0,81,F,INDEX,,F,F,0,0
6/29/2026,11:31:36 AM,SPX,ML/,63,210.5,,PUT,7465,0,1326150,9/18/2026,WHITE,0,81,F,INDEX,,F,F,0,0
6/29/2026,11:42:29 AM,SPX,ML/,145,211.5,,PUT,7465,0,3066750,9/18/2026,WHITE,0,81,F,INDEX,,F,F,0,0
6/29/2026,11:45:21 AM,SPX,ML/,98,207,,PUT,7465,0,2028600,9/18/2026,WHITE,0,81,F,INDEX,,F,F,0,0
6/29/2026,2:33:39 PM,SPX,ML/,200,303.1,,PUT,7500,0,6062000,12/18/2026,WHITE,0,172,F,INDEX,,F,F,0,0
6/29/2026,3:10:25 PM,SPX,ML/,250,303,,PUT,7500,0,7575000,12/18/2026,WHITE,0,172,F,INDEX,,F,F,0,0
6/29/2026,11:09:39 AM,SPX,ML/,145,118.63,,CALL,8000,0,1720134,12/18/2026,WHITE,0,172,F,INDEX,,F,F,0,0
6/29/2026,1:24:10 PM,SPX,ML/,500,127.41,,CALL,8000,0,6370500,12/18/2026,WHITE,0,172,F,INDEX,,F,F,0,0
6/29/2026,3:27:16 PM,SPX,ML/,300,130.3,,CALL,8000,0,3909000,12/18/2026,WHITE,0,172,F,INDEX,,F,F,0,0
6/29/2026,3:35:25 PM,SPX,ML/,800,129.51,,CALL,8000,0,10360800,12/18/2026,WHITE,0,172,F,INDEX,,F,F,0,0
6/29/2026,3:38:04 PM,SPX,ML/,550,206.76,,CALL,7500,0,11371800,9/18/2026,WHITE,0,81,F,INDEX,,F,F,0,0
6/29/2026,3:35:25 PM,SPX,ML/,320,207,,CALL,7500,0,6624000,9/18/2026,WHITE,0,81,F,INDEX,,F,F,0,0
6/29/2026,9:43:15 AM,SPX,ML/,170,196.8,,CALL,7500,0,3345600,9/18/2026,WHITE,0,81,F,INDEX,,F,F,0,0
6/29/2026,10:28:36 AM,SPX,ML/,200,175.34,,CALL,7500,0,3506800,9/18/2026,WHITE,0,81,F,INDEX,,F,F,0,0
6/29/2026,10:31:53 AM,SPX,ML/,100,183.14,,CALL,7500,0,1831400,9/18/2026,WHITE,0,81,F,INDEX,,F,F,0,0
6/29/2026,11:46:05 AM,SPX,ML/,200,192.41,,CALL,7500,0,3848200,9/18/2026,WHITE,0,81,F,INDEX,,F,F,0,0
6/29/2026,11:51:56 AM,SPX,ML/,100,193.2,,CALL,7500,0,1932000,9/18/2026,WHITE,0,81,F,INDEX,,F,F,0,0
6/29/2026,1:11:39 PM,SPX,ML/,200,200.5,,CALL,7500,0,4010000,9/18/2026,WHITE,0,81,F,INDEX,,F,F,0,0
6/29/2026,2:33:39 PM,SPX,ML/,200,206.95,,CALL,7500,0,4139000,9/18/2026,WHITE,0,81,F,INDEX,,F,F,0,0
6/29/2026,3:27:16 PM,SPX,ML/,162,209,,CALL,7500,0,3385800,9/18/2026,WHITE,0,81,F,INDEX,,F,F,0,0
6/29/2026,3:32:55 PM,SPX,ML/,200,206.8,,CALL,7500,0,4136000,9/18/2026,WHITE,0,81,F,INDEX,,F,F,0,0
6/29/2026,3:52:11 PM,SPX,ML/,210,206,,CALL,7500,0,4326000,9/18/2026,WHITE,0,81,F,INDEX,,F,F,0,0
6/29/2026,3:41:41 PM,SPX,ML/,450,206.76,,CALL,7500,0,9304200,9/18/2026,WHITE,0,81,F,INDEX,,F,F,0,0
6/29/2026,3:45:05 PM,SPX,ML/,100,205.95,,CALL,7500,0,2059500,9/18/2026,WHITE,0,81,F,INDEX,,F,F,0,0
6/29/2026,3:58:20 PM,SPX,ML/,100,205.71,,CALL,7500,0,2057100,9/18/2026,WHITE,0,81,F,INDEX,,F,F,0,0
6/29/2026,4:04:17 PM,SPX,ML/,50,207.47,,CALL,7500,0,1037350,9/18/2026,WHITE,0,81,F,INDEX,,F,F,0,0
6/29/2026,4:04:26 PM,SPX,ML/,400,205.8,,CALL,7500,0,8232000,9/18/2026,WHITE,0,81,F,INDEX,,F,F,0,0
6/29/2026,9:58:17 AM,SPXW,ML/,82,76.54,,CALL,7500,0,627628,7/24/2026,WHITE,0,25,F,INDEX,,F,T,0,0
6/29/2026,1:59:38 PM,SPXW,ML/,71,86.72,,CALL,7500,0,615712,7/24/2026,WHITE,0,25,F,INDEX,,F,T,0,0
6/29/2026,3:45:39 PM,SPXW,ML/,83,87.05,,CALL,7500,0,722515,7/24/2026,WHITE,0,25,F,INDEX,,F,T,0,0
6/29/2026,3:16:28 PM,SPX,ML/,50,157.36,,CALL,7490,0,786800,8/21/2026,WHITE,0,53,F,INDEX,,F,F,0,0
6/29/2026,1:19:12 PM,SPX,ML/,81,60.79,,PUT,6000,0,492399,12/18/2026,WHITE,0,172,F,INDEX,,F,F,0,0
6/29/2026,1:32:01 PM,SPX,ML/,95,60.57,,PUT,6000,0,575415,12/18/2026,WHITE,0,172,F,INDEX,,F,F,0,0
6/29/2026,2:46:11 PM,SPX,ML/,51,60.22,,PUT,6000,0,307122,12/18/2026,WHITE,0,172,F,INDEX,,F,F,0,0
6/29/2026,2:46:11 PM,SPX,ML/,80,60.22,,PUT,6000,0,481760,12/18/2026,WHITE,0,172,F,INDEX,,F,F,0,0
6/29/2026,2:46:11 PM,SPX,ML/,51,60.22,,PUT,6000,0,307122,12/18/2026,WHITE,0,172,F,INDEX,,F,F,0,0
6/29/2026,12:11:58 PM,SPX,ML/,100,61.46,,PUT,6000,0,614600,12/18/2026,WHITE,0,172,F,INDEX,,F,F,0,0
6/29/2026,1:18:01 PM,SPX,ML/,63,60.67,,PUT,6000,0,382221,12/18/2026,WHITE,0,172,F,INDEX,,F,F,0,0
6/29/2026,1:19:12 PM,SPX,ML/,120,60.79,,PUT,6000,0,729480,12/18/2026,WHITE,0,172,F,INDEX,,F,F,0,0
6/29/2026,1:32:02 PM,SPX,ML/,60,60.57,,PUT,6000,0,363420,12/18/2026,WHITE,0,172,F,INDEX,,F,F,0,0
6/29/2026,2:46:11 PM,SPX,ML/,82,60.22,,PUT,6000,0,493804,12/18/2026,WHITE,0,172,F,INDEX,,F,F,0,0
6/29/2026,12:37:12 PM,SPX,ML/,150,127.81,,PUT,6700,0,1917150,12/18/2026,WHITE,0,172,F,INDEX,,F,F,0,0
6/29/2026,3:31:36 PM,SPX,ML/,90,110.02,,PUT,6450,0,990179,1/15/2027,WHITE,0,200,F,INDEX,,F,F,0,0
6/29/2026,3:32:17 PM,SPX,ML/,100,110.17,,PUT,6450,0,1101700,1/15/2027,WHITE,0,200,F,INDEX,,F,F,0,0
6/29/2026,3:10:27 PM,SPXW,ML/,59,80.86,,PUT,7450,0,477074,7/14/2026,WHITE,0,15,F,INDEX,,F,T,0,0
6/29/2026,3:10:45 PM,SPXW,ML/,135,80.89,,PUT,7450,0,1092015,7/14/2026,WHITE,0,15,F,INDEX,,F,T,0,0
6/29/2026,9:58:18 AM,NDXP,ML/,50,393.83,,CALL,29500,0,1969150,7/7/2026,WHITE,0,8,F,INDEX,,F,T,0,0
6/29/2026,2:09:02 PM,SPX,ML/,250,39.5,,CALL,7950,0,987500,9/18/2026,WHITE,0,81,F,INDEX,,F,F,0,0
6/29/2026,3:31:41 PM,SPX,BLOCK,50,29.7,,PUT,6300,0,148500,9/18/2026,WHITE,0,81,F,INDEX,,F,F,0,0
6/29/2026,12:04:18 PM,SPX,ML/,80,195.13,,CALL,7800,0,1561040,12/18/2026,WHITE,0,172,F,INDEX,,F,F,0,0
6/29/2026,9:44:03 AM,SPX,ML/,72,13.19,,PUT,6170,0,94968,8/21/2026,WHITE,0,53,F,INDEX,,F,F,0,0
6/29/2026,9:44:03 AM,SPX,ML/,62,15.88,,PUT,7010,0,98456,7/17/2026,WHITE,0,18,F,INDEX,,F,F,0,0
6/29/2026,9:50:21 AM,VIX,ML/,1000,0.63,,PUT,16.5,0,63000,8/19/2026,WHITE,0,51,F,INDEX,,F,T,0,0
6/29/2026,11:46:20 AM,VIX,ML/,1000,0.65,,PUT,16.5,0,65000,8/19/2026,WHITE,0,51,F,INDEX,,F,T,0,0
6/29/2026,9:44:06 AM,SPX,SWEEP,75,38.1,,PUT,4800,0,285750,3/19/2027,WHITE,0,263,F,INDEX,,F,F,0,0
6/29/2026,9:52:00 AM,SPXW,ML/,220,8.15,,PUT,6150,0,179300,8/7/2026,WHITE,0,39,F,INDEX,,F,T,0,0
6/29/2026,9:52:14 AM,SPXW,ML/,100,8.15,,PUT,6150,0,81500,8/7/2026,WHITE,0,39,F,INDEX,,F,T,0,0
6/29/2026,9:52:19 AM,SPXW,ML/,100,8.15,,PUT,6150,0,81500,8/7/2026,WHITE,0,39,F,INDEX,,F,T,0,0
6/29/2026,9:52:26 AM,SPXW,ML/,95,8.15,,PUT,6150,0,77425,8/7/2026,WHITE,0,39,F,INDEX,,F,T,0,0
6/29/2026,9:52:35 AM,SPXW,ML/,100,8.12,,PUT,6150,0,81199,8/7/2026,WHITE,0,39,F,INDEX,,F,T,0,0
6/29/2026,9:52:00 AM,SPXW,ML/,220,7.65,,PUT,6100,0,168300,8/7/2026,WHITE,0,39,F,INDEX,,F,T,0,0
6/29/2026,9:52:14 AM,SPXW,ML/,100,7.65,,PUT,6100,0,76500,8/7/2026,WHITE,0,39,F,INDEX,,F,T,0,0
6/29/2026,9:52:19 AM,SPXW,ML/,100,7.65,,PUT,6100,0,76500,8/7/2026,WHITE,0,39,F,INDEX,,F,T,0,0
6/29/2026,9:52:26 AM,SPXW,ML/,95,7.65,,PUT,6100,0,72675,8/7/2026,WHITE,0,39,F,INDEX,,F,T,0,0
6/29/2026,9:52:35 AM,SPXW,ML/,100,7.62,,PUT,6100,0,76200,8/7/2026,WHITE,0,39,F,INDEX,,F,T,0,0
6/29/2026,3:39:26 PM,SPXW,ML/,101,7,,PUT,6100,0,70700,8/7/2026,WHITE,0,39,F,INDEX,,F,T,0,0
6/29/2026,3:44:49 PM,SPXW,BLOCK,50,59.7,,PUT,7430,0,298500,7/9/2026,WHITE,0,10,F,INDEX,,F,T,0,0
6/29/2026,2:43:43 PM,SPXW,ML/,75,69.82,,PUT,7435,0,523649,7/13/2026,WHITE,0,14,F,INDEX,,F,T,0,0
6/29/2026,2:43:50 PM,SPXW,ML/,75,69.67,,PUT,7435,0,522525,7/13/2026,WHITE,0,14,F,INDEX,,F,T,0,0
6/29/2026,3:44:04 PM,SPXW,BLOCK,401,0.3,,CALL,7700,0,12030,7/7/2026,WHITE,0,8,F,INDEX,,F,T,0,0
6/29/2026,4:01:24 PM,SPX,ML/,158,34.83,,PUT,6800,0,550314,8/21/2026,WHITE,0,53,F,INDEX,,F,F,0,0
6/29/2026,1:54:57 PM,SPX,BLOCK,85,35,,PUT,6800,0,297500,8/21/2026,WHITE,0,53,F,INDEX,,F,F,0,0
6/29/2026,4:01:39 PM,SPX,ML/,506,34.8,,PUT,6800,0,1760880,8/21/2026,WHITE,0,53,F,INDEX,,F,F,0,0
6/29/2026,4:01:35 PM,SPX,ML/,98,34.83,,PUT,6800,0,341333,8/21/2026,WHITE,0,53,F,INDEX,,F,F,0,0
6/29/2026,4:01:35 PM,SPX,ML/,214,34.82,,PUT,6800,0,745148,8/21/2026,WHITE,0,53,F,INDEX,,F,F,0,0
6/29/2026,12:49:11 PM,SPXW,ML/,60,47.5,,PUT,7375,0,285000,7/8/2026,WHITE,0,9,F,INDEX,,F,T,0,0
6/29/2026,12:16:11 PM,SPXW,ML/,50,10.1,,PUT,7150,0,50500,7/8/2026,WHITE,0,9,F,INDEX,,F,T,0,0
6/29/2026,9:44:25 AM,XSP,ML/,60,3.17,,CALL,752.5,0,19020,7/10/2026,WHITE,0,11,F,INDEX,,F,T,0,0
6/29/2026,4:01:24 PM,SPXW,ML/,79,5.9,,PUT,6200,0,46610,7/31/2026,WHITE,0,32,F,INDEX,,F,T,0,0
6/29/2026,4:01:35 PM,SPXW,ML/,156,5.9,,PUT,6200,0,92040,7/31/2026,WHITE,0,32,F,INDEX,,F,T,0,0
6/29/2026,10:57:11 AM,SPXW,ML/,121,7.04,,PUT,6200,0,85184,7/31/2026,WHITE,0,32,F,INDEX,,F,T,0,0
6/29/2026,2:56:18 PM,SPXW,ML/,50,5.78,,PUT,6200,0,28900,7/31/2026,WHITE,0,32,F,INDEX,,F,T,0,0
6/29/2026,4:01:39 PM,SPXW,ML/,253,5.9,,PUT,6200,0,149270,7/31/2026,WHITE,0,32,F,INDEX,,F,T,0,0
6/29/2026,9:44:30 AM,VIXW,BLOCK,125,8.05,,CALL,10,0,100625,7/1/2026,WHITE,0,2,F,INDEX,,F,T,0,0
6/29/2026,9:44:30 AM,VIXW,BLOCK,94,6.55,,CALL,11.5,0,61570,7/1/2026,WHITE,0,2,F,INDEX,,F,T,0,0
6/29/2026,9:44:30 AM,VIXW,BLOCK,60,7.05,,CALL,11,0,42300,7/1/2026,WHITE,0,2,F,INDEX,,F,T,0,0
6/29/2026,10:02:01 AM,SPX,ML/,500,1.07,,PUT,5500,0,53500,7/17/2026,WHITE,0,18,F,INDEX,,F,F,0,0
6/29/2026,3:40:45 PM,SPXW,ML/,55,4.8,,PUT,7140,0,26400,7/7/2026,WHITE,0,8,F,INDEX,,F,T,0,0
6/29/2026,3:40:45 PM,SPXW,ML/,55,4.8,,PUT,7140,0,26400,7/7/2026,WHITE,0,8,F,INDEX,,F,T,0,0
6/29/2026,3:40:48 PM,SPXW,ML/,55,5.6,,PUT,7160,0,30800,7/7/2026,WHITE,0,8,F,INDEX,,F,T,0,0
6/29/2026,3:40:51 PM,SPXW,ML/,55,5.6,,PUT,7160,0,30800,7/7/2026,WHITE,0,8,F,INDEX,,F,T,0,0
6/29/2026,9:44:45 AM,SPX,SWEEP,120,130.1,,PUT,6300,0,1561200,3/19/2027,WHITE,0,263,F,INDEX,,F,F,0,0
6/29/2026,11:16:09 AM,SPXW,ML/,62,27.13,,PUT,6800,0,168206,8/7/2026,WHITE,0,39,F,INDEX,,F,T,0,0
6/29/2026,9:44:49 AM,SPXW,ML/,180,25.57,,PUT,6800,0,460260,8/7/2026,WHITE,0,39,F,INDEX,,F,T,0,0
6/29/2026,11:16:12 AM,SPXW,ML/,68,27.13,,PUT,6800,0,184484,8/7/2026,WHITE,0,39,F,INDEX,,F,T,0,0
6/29/2026,1:36:08 PM,SPXW,ML/,62,24.27,,PUT,6800,0,150474,8/7/2026,WHITE,0,39,F,INDEX,,F,T,0,0
6/29/2026,1:36:09 PM,SPXW,ML/,68,24.3,,PUT,6800,0,165240,8/7/2026,WHITE,0,39,F,INDEX,,F,T,0,0
6/29/2026,9:44:49 AM,SPXW,ML/,180,34.42,,PUT,6925,0,619560,8/7/2026,WHITE,0,39,F,INDEX,,F,T,0,0
6/29/2026,3:31:27 PM,SPXW,BLOCK,50,62.9,,CALL,7460,0,314500,7/10/2026,WHITE,0,11,F,INDEX,,F,T,0,0
6/29/2026,12:59:14 PM,SPXW,ML/,52,43.54,,CALL,7550,0,226408,7/20/2026,WHITE,0,21,F,INDEX,,F,T,0,0
6/29/2026,3:50:09 PM,SPXW,ML/,60,29.27,,PUT,7340,0,175620,7/8/2026,WHITE,0,9,F,INDEX,,F,T,0,0
6/29/2026,3:50:31 PM,SPXW,ML/,60,29.2,,PUT,7340,0,175200,7/8/2026,WHITE,0,9,F,INDEX,,F,T,0,0
6/29/2026,12:39:05 PM,NDXP,BLOCK,1500,13.5,,PUT,26800,0,2025000,7/2/2026,WHITE,0,3,F,INDEX,,F,T,0,0
6/29/2026,2:31:50 PM,SPX,ML/,100,45.8,,PUT,6300,0,458000,10/16/2026,WHITE,0,109,F,INDEX,,F,F,0,0
6/29/2026,2:09:41 PM,SPXW,ML/,50,57.91,,CALL,7520,0,289550,7/17/2026,WHITE,0,18,F,INDEX,,F,F,0,0
6/29/2026,1:22:28 PM,XSP,BLOCK,187,3.96,,PUT,715,0,74052,7/27/2026,WHITE,0,28,F,INDEX,,F,T,0,0
6/29/2026,10:50:27 AM,SPXW,ML/,100,121.83,,CALL,7385,0,1218300,7/17/2026,WHITE,0,18,F,INDEX,,F,F,0,0
6/29/2026,11:31:58 AM,SPXW,ML/,50,121.84,,CALL,7385,0,609200,7/17/2026,WHITE,0,18,F,INDEX,,F,F,0,0
6/29/2026,12:17:13 PM,SPXW,ML/,77,126.27,,CALL,7385,0,972279,7/17/2026,WHITE,0,18,F,INDEX,,F,F,0,0
6/29/2026,3:43:33 PM,SPX,ML/,50,231.5,,PUT,6700,0,1157500,6/17/2027,WHITE,0,353,F,INDEX,,F,T,0,0
6/29/2026,10:33:24 AM,XSP,ML/,110,4.38,,CALL,775,0,48180,8/21/2026,WHITE,0,53,F,INDEX,,F,F,0,0
6/29/2026,9:45:44 AM,RUTW,ML/,50,5.05,,CALL,3240,0,25250,7/24/2026,WHITE,0,25,F,INDEX,,F,T,0,0
6/29/2026,9:45:44 AM,RUTW,ML/,50,5.44,,CALL,3235,0,27200,7/24/2026,WHITE,0,25,F,INDEX,,F,T,0,0
6/29/2026,9:45:44 AM,RUTW,ML/,50,14.97,,PUT,2795,0,74850,7/24/2026,WHITE,0,25,F,INDEX,,F,T,0,0
6/29/2026,9:45:44 AM,RUTW,ML/,50,14.52,,PUT,2790,0,72600,7/24/2026,WHITE,0,25,F,INDEX,,F,T,0,0
6/29/2026,9:56:27 AM,SPX,ML/,500,106.83,,PUT,7450,0,5341500,7/17/2026,WHITE,0,18,F,INDEX,,F,F,0,0
6/29/2026,9:57:12 AM,SPX,ML/,50,106.83,,PUT,7450,0,534150,7/17/2026,WHITE,0,18,F,INDEX,,F,F,0,0
6/29/2026,11:19:29 AM,SPX,ML/,250,109.43,,PUT,7450,0,2735750,7/17/2026,WHITE,0,18,F,INDEX,,F,F,0,0
6/29/2026,10:00:53 AM,SPX,ML/,100,106.83,,PUT,7450,0,1068300,7/17/2026,WHITE,0,18,F,INDEX,,F,F,0,0
6/29/2026,11:35:37 AM,SPX,ML/,150,109.43,,PUT,7450,0,1641450,7/17/2026,WHITE,0,18,F,INDEX,,F,F,0,0
6/29/2026,11:52:13 AM,SPX,ML/,150,104.13,,PUT,7450,0,1561950,7/17/2026,WHITE,0,18,F,INDEX,,F,F,0,0
6/29/2026,1:20:44 PM,SPX,ML/,750,93.6,,PUT,7450,0,7020000,7/17/2026,WHITE,0,18,F,INDEX,,F,F,0,0
6/29/2026,1:56:51 PM,SPX,ML/,100,90.85,,PUT,7450,0,908500,7/17/2026,WHITE,0,18,F,INDEX,,F,F,0,0
6/29/2026,2:33:14 PM,SPX,ML/,350,91.67,,PUT,7450,0,3208450,7/17/2026,WHITE,0,18,F,INDEX,,F,F,0,0
6/29/2026,3:20:22 PM,SPX,ML/,1000,89.35,,PUT,7450,0,8935000,7/17/2026,WHITE,0,18,F,INDEX,,F,F,0,0
6/29/2026,3:34:11 PM,SPX,ML/,68,90.32,,PUT,7450,0,614175,7/17/2026,WHITE,0,18,F,INDEX,,F,F,0,0
6/29/2026,3:39:49 PM,SPX,ML/,500,89.91,,PUT,7450,0,4495500,7/17/2026,WHITE,0,18,F,INDEX,,F,F,0,0
6/29/2026,3:02:35 PM,XSP,BLOCK,385,4.4,,PUT,705,0,169400,8/7/2026,WHITE,0,39,F,INDEX,,F,T,0,0
6/29/2026,3:14:15 PM,XSP,BLOCK,393,4.4,,PUT,705,0,172920,8/7/2026,WHITE,0,39,F,INDEX,,F,T,0,0
6/29/2026,3:14:17 PM,XSP,BLOCK,100,4.4,,PUT,705,0,44000,8/7/2026,WHITE,0,39,F,INDEX,,F,T,0,0
6/29/2026,3:14:20 PM,XSP,BLOCK,200,4.4,,PUT,705,0,88000,8/7/2026,WHITE,0,39,F,INDEX,,F,T,0,0
6/29/2026,3:15:04 PM,XSP,BLOCK,100,4.4,,PUT,705,0,44000,8/7/2026,WHITE,0,39,F,INDEX,,F,T,0,0
6/29/2026,3:15:14 PM,XSP,BLOCK,400,4.4,,PUT,705,0,176000,8/7/2026,WHITE,0,39,F,INDEX,,F,T,0,0
6/29/2026,3:15:49 PM,XSP,BLOCK,100,4.4,,PUT,705,0,44000,8/7/2026,WHITE,0,39,F,INDEX,,F,T,0,0
6/29/2026,3:15:51 PM,XSP,BLOCK,100,4.4,,PUT,705,0,44000,8/7/2026,WHITE,0,39,F,INDEX,,F,T,0,0
6/29/2026,3:15:56 PM,XSP,BLOCK,503,4.4,,PUT,705,0,221320,8/7/2026,WHITE,0,39,F,INDEX,,F,T,0,0
6/29/2026,3:15:56 PM,XSP,ML/,103,4.4,,PUT,705,0,45320,8/7/2026,WHITE,0,39,F,INDEX,,F,T,0,0
6/29/2026,3:16:03 PM,XSP,BLOCK,97,4.4,,PUT,705,0,42680,8/7/2026,WHITE,0,39,F,INDEX,,F,T,0,0
6/29/2026,3:16:03 PM,XSP,BLOCK,400,4.4,,PUT,705,0,176000,8/7/2026,WHITE,0,39,F,INDEX,,F,T,0,0
6/29/2026,3:16:04 PM,XSP,BLOCK,100,4.4,,PUT,705,0,44000,8/7/2026,WHITE,0,39,F,INDEX,,F,T,0,0
6/29/2026,3:16:04 PM,XSP,BLOCK,100,4.4,,PUT,705,0,44000,8/7/2026,WHITE,0,39,F,INDEX,,F,T,0,0
6/29/2026,3:16:04 PM,XSP,BLOCK,58,4.4,,PUT,705,0,25520,8/7/2026,WHITE,0,39,F,INDEX,,F,T,0,0
6/29/2026,11:38:31 AM,XSP,BLOCK,64,5.64,,PUT,705,0,36096,8/14/2026,WHITE,0,46,F,INDEX,,F,T,0,0
6/29/2026,2:57:41 PM,SPXW,ML/,50,37.09,,PUT,7320,0,185450,7/13/2026,WHITE,0,14,F,INDEX,,F,T,0,0
6/29/2026,3:23:43 PM,SPXW,ML/,50,35.8,,PUT,7320,0,178999,7/13/2026,WHITE,0,14,F,INDEX,,F,T,0,0
6/29/2026,4:08:53 PM,SPXW,ML/,200,42.85,,PUT,7200,0,857000,7/24/2026,WHITE,0,25,F,INDEX,,F,T,0,0
6/29/2026,11:16:09 AM,SPXW,ML/,62,8.33,,CALL,7900,0,51646,8/7/2026,WHITE,0,39,F,INDEX,,F,T,0,0
6/29/2026,11:16:12 AM,SPXW,ML/,68,8.33,,CALL,7900,0,56644,8/7/2026,WHITE,0,39,F,INDEX,,F,T,0,0
6/29/2026,10:28:47 AM,SPXW,ML/,50,88.13,,CALL,7470,0,440650,7/27/2026,WHITE,0,28,F,INDEX,,F,T,0,0
6/29/2026,1:49:43 PM,SPXW,ML/,50,108.3,,CALL,7470,0,541500,7/27/2026,WHITE,0,28,F,INDEX,,F,T,0,0
6/29/2026,10:24:51 AM,SPX,ML/,1850,0.27,,CALL,8000,0,49950,7/17/2026,WHITE,0,18,F,INDEX,,F,F,0,0
6/29/2026,2:25:13 PM,SPX,ML/,3300,0.37,,CALL,8000,0,122100,7/17/2026,WHITE,0,18,F,INDEX,,F,F,0,0
6/29/2026,3:18:47 PM,SPX,ML/,2300,0.37,,CALL,8000,0,85100,7/17/2026,WHITE,0,18,F,INDEX,,F,F,0,0
6/29/2026,3:18:47 PM,SPX,ML/,700,0.37,,CALL,8000,0,25900,7/17/2026,WHITE,0,18,F,INDEX,,F,F,0,0
6/29/2026,3:44:04 PM,SPX,ML/,2400,0.37,,CALL,8000,0,88800,7/17/2026,WHITE,0,18,F,INDEX,,F,F,0,0
6/29/2026,3:48:36 PM,SPX,ML/,300,0.37,,CALL,8000,0,11100,7/17/2026,WHITE,0,18,F,INDEX,,F,F,0,0
6/29/2026,10:26:35 AM,SPX,ML/,1800,0.27,,CALL,8000,0,48600,7/17/2026,WHITE,0,18,F,INDEX,,F,F,0,0
6/29/2026,2:53:30 PM,SPXW,ML/,545,40.96,,PUT,7175,0,2232320,7/27/2026,WHITE,0,28,F,INDEX,,F,T,0,0
6/29/2026,11:55:41 AM,XSP,ML/,75,6.37,,PUT,747,0,47775,6/30/2026,WHITE,0,1,F,INDEX,,F,T,0,0
6/29/2026,3:59:19 PM,XSP,ML/,60,3.81,,PUT,747,0,22860,6/30/2026,WHITE,0,1,F,INDEX,,F,T,0,0
6/29/2026,9:46:20 AM,SPXW,ML/,84,19.56,,PUT,4900,0,164304,11/30/2026,WHITE,0,154,F,INDEX,,F,T,0,0
6/29/2026,9:46:20 AM,SPXW,ML/,84,100.21,,PUT,6600,0,841764,11/30/2026,WHITE,0,154,F,INDEX,,F,T,0,0
6/29/2026,3:02:02 PM,SPXW,ML/,75,14.06,,PUT,7150,0,105450,7/13/2026,WHITE,0,14,F,INDEX,,F,T,0,0
6/29/2026,9:46:23 AM,SPX,ML/,110,684.88,,CALL,7400,0,7533680,6/17/2027,WHITE,0,353,F,INDEX,,F,T,0,0
6/29/2026,12:03:16 PM,SPX,ML/,90,676.52,,CALL,7400,0,6088680,6/17/2027,WHITE,0,353,F,INDEX,,F,T,0,0
6/29/2026,9:46:23 AM,SPX,ML/,110,276.87,,CALL,8150,0,3045570,6/17/2027,WHITE,0,353,F,INDEX,,F,T,0,0
6/29/2026,2:25:03 PM,SPX,ML/,100,182,,CALL,8150,0,1820000,3/19/2027,WHITE,0,263,F,INDEX,,F,F,0,0
6/29/2026,2:38:16 PM,SPX,ML/,50,182.72,,CALL,8150,0,913600,3/19/2027,WHITE,0,263,F,INDEX,,F,F,0,0
6/29/2026,9:46:23 AM,SPX,ML/,60,560.95,,CALL,7400,0,3365700,3/19/2027,WHITE,0,263,F,INDEX,,F,F,0,0
6/29/2026,9:46:23 AM,SPX,ML/,198,64.24,,CALL,8250,0,1271951,12/18/2026,WHITE,0,172,F,INDEX,,F,F,0,0
6/29/2026,12:04:18 PM,SPX,ML/,185,62.55,,CALL,8250,0,1157175,12/18/2026,WHITE,0,172,F,INDEX,,F,F,0,0
6/29/2026,3:03:45 PM,NDXP,ML/,50,2.6,,PUT,29510,0,13000,6/29/2026,WHITE,0,0,F,INDEX,,F,T,0,0
6/29/2026,2:29:28 PM,SPXW,ML/,50,3.75,,CALL,7620,0,18750,7/8/2026,WHITE,0,9,F,INDEX,,F,T,0,0
6/29/2026,1:10:59 PM,SPXW,ML/,50,9.87,,PUT,6500,0,49349,7/31/2026,WHITE,0,32,F,INDEX,,F,T,0,0
6/29/2026,1:11:23 PM,SPXW,ML/,71,9.87,,PUT,6500,0,70077,7/31/2026,WHITE,0,32,F,INDEX,,F,T,0,0
6/29/2026,1:12:01 PM,SPXW,ML/,100,9.87,,PUT,6500,0,98699,7/31/2026,WHITE,0,32,F,INDEX,,F,T,0,0
6/29/2026,1:12:50 PM,SPXW,ML/,63,9.87,,PUT,6500,0,62180,7/31/2026,WHITE,0,32,F,INDEX,,F,T,0,0
6/29/2026,1:13:04 PM,SPXW,ML/,100,9.87,,PUT,6500,0,98699,7/31/2026,WHITE,0,32,F,INDEX,,F,T,0,0
6/29/2026,1:13:06 PM,SPXW,ML/,85,9.87,,PUT,6500,0,83894,7/31/2026,WHITE,0,32,F,INDEX,,F,T,0,0
6/29/2026,1:13:07 PM,SPXW,ML/,89,9.87,,PUT,6500,0,87843,7/31/2026,WHITE,0,32,F,INDEX,,F,T,0,0
6/29/2026,1:31:06 PM,SPXW,ML/,80,9.8,,PUT,6500,0,78400,7/31/2026,WHITE,0,32,F,INDEX,,F,T,0,0
6/29/2026,1:31:37 PM,SPXW,ML/,114,9.66,,PUT,6500,0,110124,7/31/2026,WHITE,0,32,F,INDEX,,F,T,0,0
6/29/2026,1:32:01 PM,SPXW,ML/,84,9.67,,PUT,6500,0,81228,7/31/2026,WHITE,0,32,F,INDEX,,F,T,0,0
6/29/2026,1:31:40 PM,SPXW,ML/,111,9.65,,PUT,6500,0,107115,7/31/2026,WHITE,0,32,F,INDEX,,F,T,0,0
6/29/2026,2:04:39 PM,SPXW,ML/,71,9.6,,PUT,6500,0,68159,7/31/2026,WHITE,0,32,F,INDEX,,F,T,0,0
6/29/2026,3:57:18 PM,SPXW,ML/,55,9.37,,PUT,6500,0,51534,7/31/2026,WHITE,0,32,F,INDEX,,F,T,0,0
6/29/2026,3:58:33 PM,SPXW,ML/,99,9.35,,PUT,6500,0,92565,7/31/2026,WHITE,0,32,F,INDEX,,F,T,0,0
6/29/2026,3:58:33 PM,SPXW,ML/,74,9.35,,PUT,6500,0,69190,7/31/2026,WHITE,0,32,F,INDEX,,F,T,0,0
6/29/2026,3:58:34 PM,SPXW,ML/,95,9.35,,PUT,6500,0,88825,7/31/2026,WHITE,0,32,F,INDEX,,F,T,0,0
6/29/2026,1:10:16 PM,SPXW,ML/,133,9.86,,PUT,6500,0,131138,7/31/2026,WHITE,0,32,F,INDEX,,F,T,0,0
6/29/2026,1:13:12 PM,SPXW,ML/,86,9.87,,PUT,6500,0,84882,7/31/2026,WHITE,0,32,F,INDEX,,F,T,0,0
6/29/2026,1:31:11 PM,SPXW,ML/,54,9.77,,PUT,6500,0,52757,7/31/2026,WHITE,0,32,F,INDEX,,F,T,0,0
6/29/2026,1:31:38 PM,SPXW,ML/,194,9.66,,PUT,6500,0,187404,7/31/2026,WHITE,0,32,F,INDEX,,F,T,0,0
6/29/2026,2:04:39 PM,SPXW,ML/,89,9.65,,PUT,6500,0,85885,7/31/2026,WHITE,0,32,F,INDEX,,F,T,0,0
6/29/2026,3:58:35 PM,SPXW,ML/,81,9.35,,PUT,6500,0,75735,7/31/2026,WHITE,0,32,F,INDEX,,F,T,0,0
6/29/2026,11:18:02 AM,SPX,ML/,78,8.49,,PUT,4500,0,66222,10/16/2026,WHITE,0,109,F,INDEX,,F,F,0,0
6/29/2026,1:32:03 PM,SPX,ML/,85,8.21,,PUT,4500,0,69785,10/16/2026,WHITE,0,109,F,INDEX,,F,F,0,0
6/29/2026,2:52:43 PM,SPX,ML/,78,8,,PUT,4500,0,62400,10/16/2026,WHITE,0,109,F,INDEX,,F,F,0,0
6/29/2026,3:50:05 PM,SPXW,BLOCK,50,10,,PUT,6350,0,50000,8/7/2026,WHITE,0,39,F,INDEX,,F,T,0,0
6/29/2026,9:46:56 AM,SPX,ML/,800,179.33,,PUT,7380,0,14346400,9/18/2026,WHITE,0,81,F,INDEX,,F,F,0,0
6/29/2026,11:03:07 AM,SPXW,ML/,52,140.77,,CALL,7525,0,732004,8/28/2026,WHITE,0,60,F,INDEX,,F,T,0,0
6/29/2026,2:43:50 PM,SPXW,ML/,60,23.48,,PUT,7240,0,140880,7/13/2026,WHITE,0,14,F,INDEX,,F,T,0,0
6/29/2026,2:43:50 PM,SPXW,ML/,60,23.48,,PUT,7240,0,140880,7/13/2026,WHITE,0,14,F,INDEX,,F,T,0,0
6/29/2026,10:52:22 AM,SPXW,ML/,55,84.52,,CALL,7525,0,464859,7/31/2026,WHITE,0,32,F,INDEX,,F,T,0,0
6/29/2026,10:54:04 AM,SPXW,ML/,55,87,,CALL,7525,0,478500,7/31/2026,WHITE,0,32,F,INDEX,,F,T,0,0
6/29/2026,3:56:23 PM,SPXW,SWEEP,153,3.2,,PUT,6800,0,48960,7/13/2026,WHITE,0,14,F,INDEX,,F,T,0,0
6/29/2026,3:56:23 PM,SPXW,SWEEP,77,3.2,,PUT,6800,0,24640,7/13/2026,WHITE,0,14,F,INDEX,,F,T,0,0
6/29/2026,3:56:23 PM,SPXW,SWEEP,142,3.2,,PUT,6800,0,45440,7/13/2026,WHITE,0,14,F,INDEX,,F,T,0,0
6/29/2026,3:56:24 PM,SPXW,BLOCK,128,3.2,,PUT,6800,0,40960,7/13/2026,WHITE,0,14,F,INDEX,,F,T,0,0
6/29/2026,11:14:08 AM,SPXW,ML/,74,6.15,,CALL,7775,0,45510,7/24/2026,WHITE,0,25,F,INDEX,,F,T,0,0
6/29/2026,10:15:50 AM,SPXW,ML/,51,128.48,,CALL,7300,0,655248,7/10/2026,WHITE,0,11,F,INDEX,,F,T,0,0
6/29/2026,10:44:41 AM,SPX,ML/,1050,198,,PUT,7425,0,20790000,9/18/2026,WHITE,0,81,F,INDEX,,F,F,0,0
6/29/2026,10:22:18 AM,SPX,ML/,115,219,,PUT,7425,0,2518500,9/18/2026,WHITE,0,81,F,INDEX,,F,F,0,0
6/29/2026,2:16:32 PM,SPX,ML/,200,183.07,,PUT,7425,0,3661400,9/18/2026,WHITE,0,81,F,INDEX,,F,F,0,0
6/29/2026,4:14:49 PM,XSP,ML/,60,5.38,,CALL,744,0,32280,7/6/2026,WHITE,0,7,F,INDEX,,F,T,0,0
6/29/2026,2:50:07 PM,SPX,ML/,60,9.64,,PUT,3800,0,57840,12/18/2026,WHITE,0,172,F,INDEX,,F,F,0,0
6/29/2026,2:23:37 PM,SPX,ML/,50,7.49,,PUT,3200,0,37450,1/15/2027,WHITE,0,200,F,INDEX,,F,F,0,0
6/29/2026,10:31:56 AM,VIX,BLOCK,924,0.85,,CALL,40,0,78540,9/16/2026,WHITE,0,79,F,INDEX,,F,T,0,0
6/29/2026,10:32:02 AM,VIX,BLOCK,752,0.85,,CALL,40,0,63919,9/16/2026,WHITE,0,79,F,INDEX,,F,T,0,0
6/29/2026,10:32:08 AM,VIX,BLOCK,249,0.85,,CALL,40,0,21164,9/16/2026,WHITE,0,79,F,INDEX,,F,T,0,0
6/29/2026,10:31:47 AM,VIX,BLOCK,570,0.84,,CALL,40,0,47880,9/16/2026,WHITE,0,79,F,INDEX,,F,T,0,0
6/29/2026,12:08:53 PM,VIX,ML/,500,0.85,,CALL,40,0,42500,9/16/2026,WHITE,0,79,F,INDEX,,F,T,0,0
6/29/2026,3:08:58 PM,SPXW,ML/,190,3.06,,PUT,3800,0,58140,9/30/2026,WHITE,0,93,F,INDEX,,F,T,0,0
6/29/2026,2:14:54 PM,SPXW,ML/,190,3.08,,PUT,3800,0,58520,9/30/2026,WHITE,0,93,F,INDEX,,F,T,0,0
6/29/2026,3:35:49 PM,SPXW,ML/,195,3.07,,PUT,3800,0,59865,9/30/2026,WHITE,0,93,F,INDEX,,F,T,0,0
6/29/2026,1:17:48 PM,SPXW,BLOCK,150,54.8,,PUT,7430,0,822000,7/7/2026,WHITE,0,8,F,INDEX,,F,T,0,0
6/29/2026,1:22:02 PM,SPXW,SWEEP,69,56.1,,PUT,7430,0,387090,7/7/2026,WHITE,0,8,F,INDEX,,F,T,0,0
6/29/2026,1:22:02 PM,SPXW,BLOCK,81,56,,PUT,7430,0,453600,7/7/2026,WHITE,0,8,F,INDEX,,F,T,0,0
6/29/2026,12:49:11 PM,SPXW,ML/,60,29.03,,PUT,7300,0,174180,7/8/2026,WHITE,0,9,F,INDEX,,F,T,0,0
6/29/2026,11:52:30 AM,SPXW,ML/,90,21.99,,PUT,7050,0,197910,7/20/2026,WHITE,0,21,F,INDEX,,F,T,0,0
6/29/2026,11:50:57 AM,RUTW,ML/,88,7.43,,PUT,2680,0,65383,7/24/2026,WHITE,0,25,F,INDEX,,F,T,0,0
6/29/2026,11:51:37 AM,RUTW,ML/,65,7.49,,PUT,2680,0,48685,7/24/2026,WHITE,0,25,F,INDEX,,F,T,0,0
6/29/2026,9:50:54 AM,SPXW,ML/,50,3.89,,PUT,6970,0,19450,7/8/2026,WHITE,0,9,F,INDEX,,F,T,0,0
6/29/2026,9:48:09 AM,VIX,ML/,200,4.95,,PUT,23,0,99000,9/16/2026,WHITE,0,79,F,INDEX,,F,T,0,0
6/29/2026,9:49:21 AM,VIX,ML/,200,4.95,,PUT,23,0,99000,9/16/2026,WHITE,0,79,F,INDEX,,F,T,0,0
6/29/2026,9:49:24 AM,VIX,ML/,200,4.95,,PUT,23,0,99000,9/16/2026,WHITE,0,79,F,INDEX,,F,T,0,0
6/29/2026,9:49:28 AM,VIX,ML/,200,4.95,,PUT,23,0,99000,9/16/2026,WHITE,0,79,F,INDEX,,F,T,0,0
6/29/2026,9:49:31 AM,VIX,ML/,200,4.95,,PUT,23,0,99000,9/16/2026,WHITE,0,79,F,INDEX,,F,T,0,0
6/29/2026,3:04:05 PM,RUTW,ML/,60,6.71,,CALL,3100,0,40260,7/10/2026,WHITE,0,11,F,INDEX,,F,T,0,0
6/29/2026,2:43:48 PM,SPXW,ML/,60,71.8,,PUT,7440,0,430800,7/13/2026,WHITE,0,14,F,INDEX,,F,T,0,0
6/29/2026,10:15:17 AM,XSP,ML/,140,7.93,,PUT,739,0,111020,7/6/2026,WHITE,0,7,F,INDEX,,F,T,0,0
6/29/2026,10:21:51 AM,XSP,ML/,50,6.86,,PUT,739,0,34300,7/6/2026,WHITE,0,7,F,INDEX,,F,T,0,0
6/29/2026,2:50:20 PM,SPX,BLOCK,60,107,,CALL,7430,0,642000,7/17/2026,WHITE,0,18,F,INDEX,,F,F,0,0
6/29/2026,3:15:42 PM,SPX,BLOCK,60,104.6,,CALL,7430,0,627599,7/17/2026,WHITE,0,18,F,INDEX,,F,F,0,0
6/29/2026,10:03:31 AM,VIX,BLOCK,100,1.8,,CALL,21.5,0,18000,8/19/2026,WHITE,0,51,F,INDEX,,F,T,0,0
6/29/2026,9:48:38 AM,VIX,BLOCK,309,1.72,,CALL,21.5,0,53148,8/19/2026,WHITE,0,51,F,INDEX,,F,T,0,0
6/29/2026,10:03:32 AM,VIX,BLOCK,209,1.8,,CALL,21.5,0,37620,8/19/2026,WHITE,0,51,F,INDEX,,F,T,0,0
6/29/2026,9:48:38 AM,VIX,BLOCK,309,1.4,,CALL,23.5,0,43260,8/19/2026,WHITE,0,51,F,INDEX,,F,T,0,0
6/29/2026,10:04:16 AM,VIX,BLOCK,309,1.48,,CALL,23.5,0,45732,8/19/2026,WHITE,0,51,F,INDEX,,F,T,0,0
6/29/2026,9:48:42 AM,SPXW,ML/,66,6.05,,PUT,6850,0,39930,7/14/2026,WHITE,0,15,F,INDEX,,F,T,0,0
6/29/2026,9:48:42 AM,SPXW,ML/,66,11.02,,PUT,6825,0,72732,7/21/2026,WHITE,0,22,F,INDEX,,F,T,0,0
6/29/2026,9:48:42 AM,SPXW,ML/,66,9.66,,PUT,6775,0,63756,7/21/2026,WHITE,0,22,F,INDEX,,F,T,0,0
6/29/2026,10:15:17 AM,NDXP,ML/,333,7.65,,PUT,27000,0,254745,6/30/2026,WHITE,0,1,F,INDEX,,F,T,0,0
6/29/2026,10:15:17 AM,NDXP,ML/,166,7.83,,PUT,27000,0,129978,6/30/2026,WHITE,0,1,F,INDEX,,F,T,0,0
6/29/2026,9:48:49 AM,RUT,ML/,216,4.68,,PUT,2700,0,101087,7/17/2026,WHITE,0,18,F,INDEX,,F,F,0,0
6/29/2026,9:49:25 AM,RUT,ML/,183,4.81,,PUT,2700,0,88023,7/17/2026,WHITE,0,18,F,INDEX,,F,F,0,0
6/29/2026,9:48:51 AM,SPXW,ML/,750,59.44,,PUT,6750,0,4458000,9/18/2026,WHITE,0,81,F,INDEX,,F,F,0,0
6/29/2026,9:48:51 AM,SPXW,ML/,750,37.59,,PUT,6800,0,2819250,8/21/2026,WHITE,0,53,F,INDEX,,F,F,0,0
6/29/2026,10:09:33 AM,NDX,ML/,200,230.95,,CALL,32000,0,4619000,8/21/2026,WHITE,0,53,F,INDEX,,F,F,0,0
6/29/2026,9:49:01 AM,VIX,BLOCK,309,1.55,,CALL,22.5,0,47895,8/19/2026,WHITE,0,51,F,INDEX,,F,T,0,0
6/29/2026,10:05:00 AM,VIX,BLOCK,279,1.64,,CALL,22.5,0,45755,8/19/2026,WHITE,0,51,F,INDEX,,F,T,0,0
6/29/2026,10:33:23 AM,SPX,ML/,140,52.41,,PUT,6625,0,733740,9/18/2026,WHITE,0,81,F,INDEX,,F,F,0,0
6/29/2026,12:08:30 PM,SPX,ML/,138,210.5,,PUT,7480,0,2904900,9/18/2026,WHITE,0,81,F,INDEX,,F,F,0,0
6/29/2026,9:50:06 AM,SPX,ML/,72,209,,PUT,7480,0,1504800,9/18/2026,WHITE,0,81,F,INDEX,,F,F,0,0
6/29/2026,1:13:00 PM,SPX,ML/,55,209,,PUT,7480,0,1149500,9/18/2026,WHITE,0,81,F,INDEX,,F,F,0,0
6/29/2026,9:53:25 AM,SPX,ML/,50,208,,PUT,7480,0,1040000,9/18/2026,WHITE,0,81,F,INDEX,,F,F,0,0
6/29/2026,12:21:10 PM,SPX,ML/,60,211,,PUT,7480,0,1266000,9/18/2026,WHITE,0,81,F,INDEX,,F,F,0,0
6/29/2026,1:06:28 PM,SPX,ML/,80,209.5,,PUT,7480,0,1676000,9/18/2026,WHITE,0,81,F,INDEX,,F,F,0,0
6/29/2026,1:24:10 PM,SPX,ML/,65,204,,PUT,7480,0,1326000,9/18/2026,WHITE,0,81,F,INDEX,,F,F,0,0
6/29/2026,11:51:40 AM,SPXW,ML/,137,16.37,,CALL,7545,0,224269,7/9/2026,WHITE,0,10,F,INDEX,,F,T,0,0
6/29/2026,1:27:15 PM,SPXW,ML/,270,19.6,,PUT,7175,0,529200,7/13/2026,WHITE,0,14,F,INDEX,,F,T,0,0
6/29/2026,10:24:56 AM,VIX,BLOCK,1385,0.23,,CALL,70,0,31855,8/19/2026,WHITE,0,51,F,INDEX,,F,T,0,0
6/29/2026,12:49:09 PM,SPX,ML/,60,44.04,,CALL,7900,0,264240,9/18/2026,WHITE,0,81,F,INDEX,,F,F,0,0
6/29/2026,1:36:50 PM,SPX,ML/,52,48.74,,CALL,7900,0,253448,9/18/2026,WHITE,0,81,F,INDEX,,F,F,0,0
6/29/2026,3:15:12 PM,SPXW,ML/,160,67,,PUT,7500,0,1072000,7/1/2026,WHITE,0,2,F,INDEX,,F,T,0,0
6/29/2026,3:15:26 PM,SPXW,ML/,450,67,,PUT,7500,0,3015000,7/1/2026,WHITE,0,2,F,INDEX,,F,T,0,0
6/29/2026,3:31:52 PM,SPXW,ML/,90,67,,PUT,7500,0,603000,7/1/2026,WHITE,0,2,F,INDEX,,F,T,0,0
6/29/2026,3:55:15 PM,SPXW,ML/,160,67,,PUT,7500,0,1072000,7/1/2026,WHITE,0,2,F,INDEX,,F,T,0,0
6/29/2026,10:05:58 AM,SPX,ML/,120,92.24,,CALL,8200,0,1106880,1/15/2027,WHITE,0,200,F,INDEX,,F,F,0,0
6/29/2026,2:38:11 PM,SPXW,ML/,90,27.54,,PUT,7350,0,247860,7/7/2026,WHITE,0,8,F,INDEX,,F,T,0,0
6/29/2026,9:55:26 AM,SPXW,ML/,192,10.86,,PUT,6800,0,208512,7/21/2026,WHITE,0,22,F,INDEX,,F,T,0,0
6/29/2026,9:55:26 AM,SPXW,ML/,85,10.86,,PUT,6800,0,92309,7/21/2026,WHITE,0,22,F,INDEX,,F,T,0,0
6/29/2026,10:51:43 AM,SPX,ML/,95,4.05,,PUT,6450,0,38475,7/17/2026,WHITE,0,18,F,INDEX,,F,F,0,0
6/29/2026,11:09:40 AM,SPXW,ML/,150,15.12,,PUT,6500,0,226800,8/7/2026,WHITE,0,39,F,INDEX,,F,T,0,0
6/29/2026,10:54:10 AM,SPXW,ML/,110,24.56,,CALL,7520,0,270160,7/9/2026,WHITE,0,10,F,INDEX,,F,T,0,0
6/29/2026,12:43:45 PM,SPXW,ML/,90,23.46,,CALL,7520,0,211140,7/9/2026,WHITE,0,10,F,INDEX,,F,T,0,0
6/29/2026,12:43:45 PM,SPXW,ML/,150,23.47,,CALL,7520,0,352049,7/9/2026,WHITE,0,10,F,INDEX,,F,T,0,0
6/29/2026,9:50:21 AM,VIX,ML/,500,1.42,,PUT,18,0,71000,8/19/2026,WHITE,0,51,F,INDEX,,F,T,0,0
6/29/2026,11:46:20 AM,VIX,ML/,500,1.45,,PUT,18,0,72500,8/19/2026,WHITE,0,51,F,INDEX,,F,T,0,0
6/29/2026,9:58:18 AM,NDXP,ML/,50,155.58,,CALL,29500,0,777900,6/30/2026,WHITE,0,1,F,INDEX,,F,T,0,0
6/29/2026,1:19:25 PM,SPX,ML/,50,206.74,,PUT,7400,0,1033700,10/16/2026,WHITE,0,109,F,INDEX,,F,F,0,0
6/29/2026,1:19:38 PM,SPX,ML/,50,206.7,,PUT,7400,0,1033500,10/16/2026,WHITE,0,109,F,INDEX,,F,F,0,0
6/29/2026,11:20:36 AM,SPX,BLOCK,50,12.6,,PUT,6100,0,63000,8/21/2026,WHITE,0,53,F,INDEX,,F,F,0,0
6/29/2026,11:02:17 AM,SPXW,ML/,60,134.25,,CALL,7545,0,805500,8/31/2026,WHITE,0,63,F,INDEX,,F,T,0,0
6/29/2026,9:50:45 AM,SPX,ML/,110,99.98,,PUT,7445,0,1099780,7/17/2026,WHITE,0,18,F,INDEX,,F,F,0,0
6/29/2026,9:50:54 AM,SPX,ML/,90,99.85,,PUT,7445,0,898650,7/17/2026,WHITE,0,18,F,INDEX,,F,F,0,0
6/29/2026,9:50:45 AM,SPX,ML/,110,72.51,,PUT,7370,0,797610,7/17/2026,WHITE,0,18,F,INDEX,,F,F,0,0
6/29/2026,9:50:54 AM,SPX,ML/,90,72.4,,PUT,7370,0,651600,7/17/2026,WHITE,0,18,F,INDEX,,F,F,0,0
6/29/2026,9:50:45 AM,SPX,ML/,110,91.38,,CALL,7445,0,1005179,7/17/2026,WHITE,0,18,F,INDEX,,F,F,0,0
6/29/2026,9:50:54 AM,SPX,ML/,90,91.45,,CALL,7445,0,823050,7/17/2026,WHITE,0,18,F,INDEX,,F,F,0,0
6/29/2026,9:50:45 AM,SPX,ML/,110,58.1,,CALL,7510,0,639100,7/17/2026,WHITE,0,18,F,INDEX,,F,F,0,0
6/29/2026,9:50:54 AM,SPX,ML/,90,58.15,,CALL,7510,0,523350,7/17/2026,WHITE,0,18,F,INDEX,,F,F,0,0
6/29/2026,11:54:38 AM,SPX,BLOCK,50,127.1,,PUT,7200,0,635500,9/18/2026,WHITE,0,81,F,INDEX,,F,F,0,0
6/29/2026,1:06:28 PM,SPX,ML/,1000,124,,PUT,7200,0,12400000,9/18/2026,WHITE,0,81,F,INDEX,,F,F,0,0
6/29/2026,1:36:50 PM,SPX,ML/,94,120.98,,PUT,7200,0,1137212,9/18/2026,WHITE,0,81,F,INDEX,,F,F,0,0
6/29/2026,4:01:33 PM,SPX,ML/,600,120.3,,PUT,7200,0,7218000,9/18/2026,WHITE,0,81,F,INDEX,,F,F,0,0
6/29/2026,4:02:27 PM,SPX,ML/,650,120.5,,PUT,7200,0,7832500,9/18/2026,WHITE,0,81,F,INDEX,,F,F,0,0
6/29/2026,4:14:39 PM,SPX,ML/,150,118.01,,PUT,7200,0,1770150,9/18/2026,WHITE,0,81,F,INDEX,,F,F,0,0
6/29/2026,4:14:15 PM,XSP,ML/,50,24.15,,CALL,720,0,120750,7/1/2026,WHITE,0,2,F,INDEX,,F,T,0,0
6/29/2026,12:01:04 PM,SPX,ML/,50,208.9,,PUT,7075,0,1044500,1/15/2027,WHITE,0,200,F,INDEX,,F,F,0,0
6/29/2026,11:00:38 AM,SPXW,ML/,100,41.18,,PUT,7215,0,411800,7/17/2026,WHITE,0,18,F,INDEX,,F,F,0,0
6/29/2026,11:32:16 AM,SPXW,ML/,100,40.16,,PUT,7215,0,401599,7/17/2026,WHITE,0,18,F,INDEX,,F,F,0,0
6/29/2026,12:17:45 PM,SPXW,ML/,72,37.64,,PUT,7215,0,271008,7/17/2026,WHITE,0,18,F,INDEX,,F,F,0,0
6/29/2026,3:57:44 PM,DJX,BLOCK,84,7.85,,CALL,520,0,65940,7/17/2026,WHITE,0,18,F,INDEX,,F,F,0,0
6/29/2026,3:48:13 PM,SPX,ML/,140,50.1,,PUT,6975,0,701400,8/21/2026,WHITE,0,53,F,INDEX,,F,F,0,0
6/29/2026,9:51:15 AM,SPXW,ML/,130,244.05,,CALL,7350,0,3172650,8/21/2026,WHITE,0,53,F,INDEX,,F,F,0,0
6/29/2026,9:51:15 AM,SPXW,ML/,130,265.2,,CALL,7400,0,3447600,9/18/2026,WHITE,0,81,F,INDEX,,F,F,0,0
6/29/2026,10:44:32 AM,SPXW,ML/,150,16.45,,PUT,6980,0,246750,7/17/2026,WHITE,0,18,F,INDEX,,F,F,0,0
6/29/2026,12:58:10 PM,SPXW,ML/,200,50.4,,CALL,7450,0,1008000,7/8/2026,WHITE,0,9,F,INDEX,,F,T,0,0
6/29/2026,1:00:55 PM,SPXW,ML/,50,50.9,,CALL,7450,0,254500,7/8/2026,WHITE,0,9,F,INDEX,,F,T,0,0
6/29/2026,11:28:08 AM,SPX,ML/,250,941,,CALL,7000,0,23525000,6/17/2027,WHITE,0,353,F,INDEX,,F,T,0,0
6/29/2026,1:34:17 PM,SPX,ML/,1750,967.35,,CALL,7000,0,169286250,6/17/2027,WHITE,0,353,F,INDEX,,F,T,0,0
6/29/2026,11:15:51 AM,SPX,ML/,350,429.22,,CALL,7800,0,15022700,6/17/2027,WHITE,0,353,F,INDEX,,F,T,0,0
6/29/2026,11:28:08 AM,SPX,ML/,250,301.75,,PUT,7000,0,7543750,6/17/2027,WHITE,0,353,F,INDEX,,F,T,0,0
6/29/2026,1:34:17 PM,SPX,ML/,1750,291,,PUT,7000,0,50925000,6/17/2027,WHITE,0,353,F,INDEX,,F,T,0,0
6/29/2026,1:58:53 PM,SPX,ML/,250,292.2,,PUT,7000,0,7305000,6/17/2027,WHITE,0,353,F,INDEX,,F,T,0,0
6/29/2026,1:59:38 PM,RUTW,ML/,100,5.38,,PUT,2970,0,53800,6/30/2026,WHITE,0,1,F,INDEX,,F,T,0,0
6/29/2026,10:58:50 AM,NDX,ML/,53,2039.9,,CALL,30000,0,10811470,12/18/2026,WHITE,0,172,F,INDEX,,F,F,0,0
6/29/2026,3:39:41 PM,SPXW,BLOCK,150,0.9,,CALL,7675,0,13500,7/8/2026,WHITE,0,9,F,INDEX,,F,T,0,0
6/29/2026,3:49:31 PM,SPXW,ML/,68,63.6,,CALL,7470,0,432480,7/13/2026,WHITE,0,14,F,INDEX,,F,T,0,0
6/29/2026,2:22:44 PM,SPX,ML/,200,113.6,,PUT,7000,0,2272000,10/16/2026,WHITE,0,109,F,INDEX,,F,F,0,0
6/29/2026,4:13:26 PM,SPX,ML/,350,114.05,,PUT,7000,0,3991750,10/16/2026,WHITE,0,109,F,INDEX,,F,F,0,0
6/29/2026,10:10:07 AM,SPX,BLOCK,60,91,,PUT,7375,0,546000,7/17/2026,WHITE,0,18,F,INDEX,,F,F,0,0
6/29/2026,10:13:24 AM,SPX,BLOCK,60,101,,PUT,7375,0,606000,7/17/2026,WHITE,0,18,F,INDEX,,F,F,0,0
6/29/2026,1:36:50 PM,SPX,ML/,75,257.45,,PUT,7600,0,1930875,9/18/2026,WHITE,0,81,F,INDEX,,F,F,0,0
6/29/2026,3:50:18 PM,SPXW,ML/,72,66.19,,CALL,7465,0,476568,7/13/2026,WHITE,0,14,F,INDEX,,F,T,0,0
6/29/2026,2:05:18 PM,SPXW,BLOCK,70,8.6,,PUT,7000,0,60200,7/14/2026,WHITE,0,15,F,INDEX,,F,T,0,0
6/29/2026,12:32:50 PM,SPXW,ML/,50,12.89,,PUT,7175,0,64450,7/8/2026,WHITE,0,9,F,INDEX,,F,T,0,0
6/29/2026,9:52:54 AM,SPX,ML/,50,281.82,,PUT,7500,0,1409100,11/20/2026,WHITE,0,144,F,INDEX,,F,F,0,0
6/29/2026,10:21:50 AM,SPX,ML/,50,309.22,,PUT,7500,0,1546100,11/20/2026,WHITE,0,144,F,INDEX,,F,F,0,0
6/29/2026,9:52:54 AM,SPX,ML/,100,133.77,,PUT,6900,0,1337700,11/20/2026,WHITE,0,144,F,INDEX,,F,F,0,0
6/29/2026,10:21:50 AM,SPX,ML/,100,147.28,,PUT,6900,0,1472800,11/20/2026,WHITE,0,144,F,INDEX,,F,F,0,0
6/29/2026,9:52:54 AM,SPX,ML/,50,57.82,,PUT,6150,0,289100,11/20/2026,WHITE,0,144,F,INDEX,,F,F,0,0
6/29/2026,10:21:50 AM,SPX,ML/,50,63.84,,PUT,6150,0,319200,11/20/2026,WHITE,0,144,F,INDEX,,F,F,0,0
6/29/2026,12:04:18 PM,SPX,ML/,133,267,,CALL,7650,0,3551100,12/18/2026,WHITE,0,172,F,INDEX,,F,F,0,0
6/29/2026,10:51:58 AM,SPXW,BLOCK,60,42.4,,PUT,7150,0,254400,7/23/2026,WHITE,0,24,F,INDEX,,F,T,0,0
6/29/2026,11:18:35 AM,SPXW,ML/,246,2.47,,PUT,5800,0,60762,7/22/2026,WHITE,0,23,F,INDEX,,F,T,0,0
6/29/2026,9:53:21 AM,SPXW,ML/,80,3.72,,PUT,6975,0,29760,7/8/2026,WHITE,0,9,F,INDEX,,F,T,0,0
6/29/2026,3:31:26 PM,SPX,SWEEP,50,31.7,,PUT,6350,0,158500,9/18/2026,WHITE,0,81,F,INDEX,,F,F,0,0
6/29/2026,3:31:27 PM,SPX,SWEEP,50,31.7,,PUT,6350,0,158500,9/18/2026,WHITE,0,81,F,INDEX,,F,F,0,0
6/29/2026,3:31:27 PM,SPX,BLOCK,50,31.7,,PUT,6350,0,158500,9/18/2026,WHITE,0,81,F,INDEX,,F,F,0,0
6/29/2026,1:23:36 PM,SPX,ML/,150,102.66,,PUT,7100,0,1539900,9/18/2026,WHITE,0,81,F,INDEX,,F,F,0,0
6/29/2026,3:51:00 PM,SPX,ML/,62,100.55,,PUT,7100,0,623410,9/18/2026,WHITE,0,81,F,INDEX,,F,F,0,0
6/29/2026,1:28:01 PM,SPX,ML/,50,102.66,,PUT,7100,0,513300,9/18/2026,WHITE,0,81,F,INDEX,,F,F,0,0
6/29/2026,1:25:27 PM,SPX,ML/,60,103.17,,PUT,7100,0,619020,9/18/2026,WHITE,0,81,F,INDEX,,F,F,0,0
6/29/2026,2:58:02 PM,SPX,ML/,100,100.62,,PUT,7100,0,1006200,9/18/2026,WHITE,0,81,F,INDEX,,F,F,0,0
6/29/2026,2:59:18 PM,SPX,ML/,100,100.71,,PUT,7100,0,1007100,9/18/2026,WHITE,0,81,F,INDEX,,F,F,0,0
6/29/2026,3:54:33 PM,SPX,ML/,50,100.91,,PUT,7100,0,504550,9/18/2026,WHITE,0,81,F,INDEX,,F,F,0,0
6/29/2026,2:55:33 PM,SPX,ML/,188,62.75,,PUT,7075,0,1179700,8/21/2026,WHITE,0,53,F,INDEX,,F,F,0,0
6/29/2026,9:53:25 AM,SPX,ML/,500,30.75,,CALL,8500,0,1537500,12/18/2026,WHITE,0,172,F,INDEX,,F,F,0,0
6/29/2026,10:46:42 AM,SPX,ML/,480,28.5,,CALL,8500,0,1368000,12/18/2026,WHITE,0,172,F,INDEX,,F,F,0,0
6/29/2026,11:44:28 AM,SPX,BLOCK,381,29.5,,CALL,8500,0,1123950,12/18/2026,WHITE,0,172,F,INDEX,,F,F,0,0
6/29/2026,12:11:58 PM,SPX,ML/,100,30,,CALL,8500,0,300000,12/18/2026,WHITE,0,172,F,INDEX,,F,F,0,0
6/29/2026,1:24:10 PM,SPX,ML/,800,32.05,,CALL,8500,0,2564000,12/18/2026,WHITE,0,172,F,INDEX,,F,F,0,0
6/29/2026,10:03:54 AM,SPX,ML/,90,42.64,,CALL,7750,0,383760,8/21/2026,WHITE,0,53,F,INDEX,,F,F,0,0
6/29/2026,9:57:58 AM,SPX,ML/,147,43.7,,CALL,7750,0,642390,8/21/2026,WHITE,0,53,F,INDEX,,F,F,0,0
6/29/2026,9:57:58 AM,SPX,ML/,153,43.6,,CALL,7750,0,667080,8/21/2026,WHITE,0,53,F,INDEX,,F,F,0,0
6/29/2026,10:02:19 AM,SPX,ML/,126,42.7,,CALL,7750,0,538020,8/21/2026,WHITE,0,53,F,INDEX,,F,F,0,0
6/29/2026,10:04:50 AM,SPX,ML/,168,42.37,,CALL,7750,0,711816,8/21/2026,WHITE,0,53,F,INDEX,,F,F,0,0
6/29/2026,10:04:50 AM,SPX,ML/,84,42.36,,CALL,7750,0,355824,8/21/2026,WHITE,0,53,F,INDEX,,F,F,0,0
6/29/2026,3:28:31 PM,VIX,ML/,75,8.95,,PUT,27,0,67125,7/22/2026,WHITE,0,23,F,INDEX,,F,T,0,0
6/29/2026,3:50:22 PM,VIX,ML/,50,8.95,,PUT,27,0,44749,7/22/2026,WHITE,0,23,F,INDEX,,F,T,0,0
6/29/2026,3:52:21 PM,SPX,ML/,60,7.11,,PUT,6850,0,42660,7/17/2026,WHITE,0,18,F,INDEX,,F,F,0,0
6/29/2026,10:30:15 AM,SPX,ML/,200,102.01,,PUT,5000,0,2040200,12/17/2027,WHITE,0,536,F,INDEX,,F,F,0,0
6/29/2026,3:55:56 PM,SPX,ML/,250,99.1,,PUT,5000,0,2477500,12/17/2027,WHITE,0,536,F,INDEX,,F,F,0,0
6/29/2026,3:10:25 PM,SPXW,ML/,250,224.9,,PUT,7500,0,5622500,9/30/2026,WHITE,0,93,F,INDEX,,F,T,0,0
6/29/2026,9:54:23 AM,SPXW,ML/,80,55.84,,PUT,7310,0,446720,7/17/2026,WHITE,0,18,F,INDEX,,F,F,0,0
6/29/2026,12:27:39 PM,SPXW,ML/,63,29.46,,PUT,5100,0,185598,12/31/2026,WHITE,0,185,F,INDEX,,F,T,0,0
6/29/2026,4:02:22 PM,SPXW,ML/,68,34.01,,PUT,7075,0,231267,7/29/2026,WHITE,0,30,F,INDEX,,F,T,0,0
6/29/2026,4:14:42 PM,RUTW,ML/,100,4.17,,PUT,2980,0,41700,6/30/2026,WHITE,0,1,F,INDEX,,F,T,0,0
6/29/2026,4:30:19 PM,SPXW,BLOCK,80,41.2,,PUT,7375,0,329600,7/9/2026,WHITE,0,10,F,INDEX,,F,T,0,0
6/29/2026,2:56:29 PM,RUT,ML/,50,100.44,,CALL,3010,0,502200,8/21/2026,WHITE,0,53,F,INDEX,,F,F,0,0
6/29/2026,9:55:26 AM,SPXW,ML/,192,4.73,,PUT,6750,0,90816,7/14/2026,WHITE,0,15,F,INDEX,,F,T,0,0
6/29/2026,9:55:26 AM,SPXW,ML/,85,4.73,,PUT,6750,0,40205,7/14/2026,WHITE,0,15,F,INDEX,,F,T,0,0
6/29/2026,9:55:26 AM,SPXW,ML/,192,9.53,,PUT,6750,0,182975,7/21/2026,WHITE,0,22,F,INDEX,,F,T,0,0
6/29/2026,9:55:26 AM,SPXW,ML/,85,9.53,,PUT,6750,0,81005,7/21/2026,WHITE,0,22,F,INDEX,,F,T,0,0
6/29/2026,9:55:28 AM,VIX,ML/,200,4.75,,PUT,23,0,95000,10/21/2026,WHITE,0,114,F,INDEX,,F,T,0,0
6/29/2026,9:55:36 AM,VIX,ML/,200,4.75,,PUT,23,0,95000,10/21/2026,WHITE,0,114,F,INDEX,,F,T,0,0
6/29/2026,9:55:40 AM,VIX,ML/,200,4.75,,PUT,23,0,95000,10/21/2026,WHITE,0,114,F,INDEX,,F,T,0,0
6/29/2026,9:55:44 AM,VIX,ML/,200,4.75,,PUT,23,0,95000,10/21/2026,WHITE,0,114,F,INDEX,,F,T,0,0
6/29/2026,9:55:54 AM,VIX,ML/,200,4.75,,PUT,23,0,95000,10/21/2026,WHITE,0,114,F,INDEX,,F,T,0,0
6/29/2026,9:55:32 AM,SPX,BLOCK,103,5.6,,PUT,2400,0,57679,3/19/2027,WHITE,0,263,F,INDEX,,F,F,0,0
6/29/2026,3:59:50 PM,NDXP,BLOCK,125,54.77,,CALL,30030,0,684625,6/30/2026,WHITE,0,1,F,INDEX,,F,T,0,0
6/29/2026,3:59:50 PM,NDXP,BLOCK,50,56.63,,CALL,30030,0,283150,6/30/2026,WHITE,0,1,F,INDEX,,F,T,0,0
6/29/2026,2:43:47 PM,SPXW,ML/,70,42.58,,PUT,7345,0,298060,7/13/2026,WHITE,0,14,F,INDEX,,F,T,0,0
6/29/2026,2:43:48 PM,SPXW,ML/,50,42.58,,PUT,7345,0,212900,7/13/2026,WHITE,0,14,F,INDEX,,F,T,0,0
6/29/2026,2:43:48 PM,SPXW,ML/,120,42.55,,PUT,7345,0,510600,7/13/2026,WHITE,0,14,F,INDEX,,F,T,0,0
6/29/2026,3:21:39 PM,SPXW,ML/,50,42,,PUT,7345,0,210000,7/13/2026,WHITE,0,14,F,INDEX,,F,T,0,0
6/29/2026,3:21:39 PM,SPXW,ML/,50,41.97,,PUT,7345,0,209850,7/13/2026,WHITE,0,14,F,INDEX,,F,T,0,0
6/29/2026,9:56:28 AM,VIX,ML/,409,0.44,,PUT,16,0,17996,9/16/2026,WHITE,0,79,F,INDEX,,F,T,0,0
6/29/2026,9:56:28 AM,VIX,ML/,409,0.5,,PUT,16,0,20450,11/18/2026,WHITE,0,142,F,INDEX,,F,T,0,0
6/29/2026,9:56:39 AM,VIX,BLOCK,136,98,,PUT,120,0,1332800,10/21/2026,WHITE,0,114,F,INDEX,,F,T,0,0
6/29/2026,3:52:36 PM,SPX,ML/,250,259.82,,CALL,7600,0,6495500,11/20/2026,WHITE,0,144,F,INDEX,,F,F,0,0
6/29/2026,10:43:51 AM,SPXW,ML/,125,62.43,,CALL,7425,0,780375,7/8/2026,WHITE,0,9,F,INDEX,,F,T,0,0
6/29/2026,1:32:01 PM,SPX,ML/,95,24.61,,PUT,5000,0,233794,12/18/2026,WHITE,0,172,F,INDEX,,F,F,0,0
6/29/2026,2:46:11 PM,SPX,ML/,51,24.46,,PUT,5000,0,124746,12/18/2026,WHITE,0,172,F,INDEX,,F,F,0,0
6/29/2026,2:46:11 PM,SPX,ML/,80,24.46,,PUT,5000,0,195680,12/18/2026,WHITE,0,172,F,INDEX,,F,F,0,0
6/29/2026,2:46:11 PM,SPX,ML/,51,24.46,,PUT,5000,0,124746,12/18/2026,WHITE,0,172,F,INDEX,,F,F,0,0
6/29/2026,1:32:02 PM,SPX,ML/,60,24.61,,PUT,5000,0,147660,12/18/2026,WHITE,0,172,F,INDEX,,F,F,0,0
6/29/2026,2:46:11 PM,SPX,ML/,82,24.46,,PUT,5000,0,200572,12/18/2026,WHITE,0,172,F,INDEX,,F,F,0,0
6/29/2026,9:56:58 AM,SPXW,ML/,58,541.5,,CALL,6865,0,3140700,6/30/2026,WHITE,0,1,F,INDEX,,F,T,0,0
6/29/2026,9:56:58 AM,SPXW,ML/,58,511.5,,CALL,6895,0,2966700,6/30/2026,WHITE,0,1,F,INDEX,,F,T,0,0
6/29/2026,1:13:41 PM,SPXW,ML/,76,13.32,,PUT,6000,0,101232,8/31/2026,WHITE,0,63,F,INDEX,,F,T,0,0
6/29/2026,1:13:42 PM,SPXW,ML/,72,13.33,,PUT,6000,0,95976,8/31/2026,WHITE,0,63,F,INDEX,,F,T,0,0
6/29/2026,3:20:06 PM,SPXW,ML/,86,13.09,,PUT,6000,0,112574,8/31/2026,WHITE,0,63,F,INDEX,,F,T,0,0
6/29/2026,3:20:06 PM,SPXW,ML/,82,13.09,,PUT,6000,0,107337,8/31/2026,WHITE,0,63,F,INDEX,,F,T,0,0
6/29/2026,3:20:38 PM,SPXW,ML/,62,13.09,,PUT,6000,0,81158,8/31/2026,WHITE,0,63,F,INDEX,,F,T,0,0
6/29/2026,3:20:38 PM,SPXW,ML/,80,13.09,,PUT,6000,0,104720,8/31/2026,WHITE,0,63,F,INDEX,,F,T,0,0
6/29/2026,3:20:39 PM,SPXW,ML/,92,13.09,,PUT,6000,0,120428,8/31/2026,WHITE,0,63,F,INDEX,,F,T,0,0
6/29/2026,3:20:40 PM,SPXW,ML/,76,13.09,,PUT,6000,0,99484,8/31/2026,WHITE,0,63,F,INDEX,,F,T,0,0
6/29/2026,1:13:26 PM,SPXW,ML/,68,13.42,,PUT,6000,0,91256,8/31/2026,WHITE,0,63,F,INDEX,,F,T,0,0
6/29/2026,1:13:36 PM,SPXW,ML/,68,13.39,,PUT,6000,0,91052,8/31/2026,WHITE,0,63,F,INDEX,,F,T,0,0
6/29/2026,1:13:37 PM,SPXW,ML/,86,13.35,,PUT,6000,0,114809,8/31/2026,WHITE,0,63,F,INDEX,,F,T,0,0
6/29/2026,1:13:39 PM,SPXW,ML/,86,13.27,,PUT,6000,0,114122,8/31/2026,WHITE,0,63,F,INDEX,,F,T,0,0
6/29/2026,2:49:24 PM,SPXW,ML/,200,131.57,,PUT,7475,0,2631400,7/31/2026,WHITE,0,32,F,INDEX,,F,T,0,0
6/29/2026,1:35:38 PM,VIX,BLOCK,2000,0.09,,CALL,55,0,18000,7/22/2026,WHITE,0,23,F,INDEX,,F,T,0,0
6/29/2026,3:52:03 PM,SPXW,ML/,60,14,,CALL,7750,0,84000,7/28/2026,WHITE,0,29,F,INDEX,,F,T,0,0
6/29/2026,1:16:52 PM,SPX,ML/,66,208,,PUT,7485,0,1372800,9/18/2026,WHITE,0,81,F,INDEX,,F,F,0,0
6/29/2026,1:15:02 PM,SPX,ML/,221,209.5,,PUT,7485,0,4629950,9/18/2026,WHITE,0,81,F,INDEX,,F,F,0,0
6/29/2026,1:28:12 PM,SPX,ML/,280,208,,PUT,7485,0,5824000,9/18/2026,WHITE,0,81,F,INDEX,,F,F,0,0
6/29/2026,1:16:52 PM,SPX,ML/,66,211,,CALL,7485,0,1392600,9/18/2026,WHITE,0,81,F,INDEX,,F,F,0,0
6/29/2026,1:15:02 PM,SPX,ML/,221,209.5,,CALL,7485,0,4629950,9/18/2026,WHITE,0,81,F,INDEX,,F,F,0,0
6/29/2026,1:28:12 PM,SPX,ML/,280,212,,CALL,7485,0,5936000,9/18/2026,WHITE,0,81,F,INDEX,,F,F,0,0
6/29/2026,9:58:06 AM,VIX,BLOCK,188,4.7,,PUT,23,0,88360,11/18/2026,WHITE,0,142,F,INDEX,,F,T,0,0
6/29/2026,10:00:58 AM,VIX,ML/,200,4.7,,PUT,23,0,94000,11/18/2026,WHITE,0,142,F,INDEX,,F,T,0,0
6/29/2026,10:01:01 AM,VIX,ML/,200,4.7,,PUT,23,0,94000,11/18/2026,WHITE,0,142,F,INDEX,,F,T,0,0
6/29/2026,10:01:03 AM,VIX,ML/,200,4.7,,PUT,23,0,94000,11/18/2026,WHITE,0,142,F,INDEX,,F,T,0,0
6/29/2026,10:01:07 AM,VIX,ML/,200,4.7,,PUT,23,0,94000,11/18/2026,WHITE,0,142,F,INDEX,,F,T,0,0
6/29/2026,10:01:10 AM,VIX,ML/,200,4.7,,PUT,23,0,94000,11/18/2026,WHITE,0,142,F,INDEX,,F,T,0,0
6/29/2026,10:20:50 AM,SPXW,ML/,50,144.72,,PUT,7400,0,723600,8/3/2026,WHITE,0,35,F,INDEX,,F,T,0,0
6/29/2026,10:39:55 AM,RUTW,ML/,52,6.36,,PUT,2650,0,33072,7/24/2026,WHITE,0,25,F,INDEX,,F,T,0,0
6/29/2026,11:07:02 AM,SPXW,ML/,701,164.62,,CALL,7550,0,11539862,9/18/2026,WHITE,0,81,F,INDEX,,F,F,0,0
6/29/2026,9:58:55 AM,RUTW,ML/,150,6.83,,PUT,2665,0,102450,7/24/2026,WHITE,0,25,F,INDEX,,F,T,0,0
6/29/2026,10:33:23 AM,SPX,ML/,140,16.26,,CALL,8100,0,227640,9/18/2026,WHITE,0,81,F,INDEX,,F,F,0,0
6/29/2026,11:08:46 AM,SPXW,ML/,67,2.35,,CALL,7975,0,15744,7/31/2026,WHITE,0,32,F,INDEX,,F,T,0,0
6/29/2026,11:08:46 AM,SPXW,ML/,61,2.35,,CALL,7975,0,14335,7/31/2026,WHITE,0,32,F,INDEX,,F,T,0,0
6/29/2026,9:59:25 AM,XSP,ML/,100,11.73,,PUT,745,0,117300,7/17/2026,WHITE,0,18,F,INDEX,,F,F,0,0
6/29/2026,10:04:12 AM,XSP,ML/,50,11.83,,PUT,745,0,59150,7/17/2026,WHITE,0,18,F,INDEX,,F,F,0,0
6/29/2026,10:04:51 AM,XSP,ML/,200,11.86,,PUT,745,0,237200,7/17/2026,WHITE,0,18,F,INDEX,,F,F,0,0
6/29/2026,10:15:01 AM,XSP,ML/,350,14.31,,PUT,745,0,500850,7/17/2026,WHITE,0,18,F,INDEX,,F,F,0,0
6/29/2026,11:38:56 AM,SPXW,ML/,600,33.93,,CALL,7475,0,2035800,7/8/2026,WHITE,0,9,F,INDEX,,F,T,0,0
6/29/2026,10:01:01 AM,VIX,ML/,200,6.27,,PUT,25,0,125400,11/18/2026,WHITE,0,142,F,INDEX,,F,T,0,0
6/29/2026,10:01:03 AM,VIX,ML/,200,6.27,,PUT,25,0,125400,11/18/2026,WHITE,0,142,F,INDEX,,F,T,0,0
6/29/2026,10:01:07 AM,VIX,ML/,200,6.27,,PUT,25,0,125400,11/18/2026,WHITE,0,142,F,INDEX,,F,T,0,0
6/29/2026,10:00:58 AM,VIX,ML/,200,6.26,,PUT,25,0,125200,11/18/2026,WHITE,0,142,F,INDEX,,F,T,0,0
6/29/2026,10:01:10 AM,VIX,ML/,200,6.27,,PUT,25,0,125400,11/18/2026,WHITE,0,142,F,INDEX,,F,T,0,0
6/29/2026,10:30:04 AM,SPXW,ML/,50,82.2,,CALL,7480,0,411000,7/24/2026,WHITE,0,25,F,INDEX,,F,T,0,0
6/29/2026,1:49:16 PM,SPXW,ML/,50,98.08,,CALL,7480,0,490400,7/24/2026,WHITE,0,25,F,INDEX,,F,T,0,0
6/29/2026,10:02:04 AM,VIX,BLOCK,457,2.54,,PUT,20,0,116078,11/18/2026,WHITE,0,142,F,INDEX,,F,T,0,0
6/29/2026,10:00:09 AM,VIX,ML/,67,1.69,,CALL,22,0,11322,8/19/2026,WHITE,0,51,F,INDEX,,F,T,0,0
6/29/2026,10:18:51 AM,VIX,BLOCK,309,1.83,,CALL,22,0,56547,8/19/2026,WHITE,0,51,F,INDEX,,F,T,0,0
6/29/2026,3:50:10 PM,SPXW,BLOCK,78,1.9,,PUT,6575,0,14819,7/13/2026,WHITE,0,14,F,INDEX,,F,T,0,0
6/29/2026,3:50:10 PM,SPXW,BLOCK,77,1.9,,PUT,6575,0,14629,7/13/2026,WHITE,0,14,F,INDEX,,F,T,0,0
6/29/2026,3:55:07 PM,SPXW,BLOCK,88,1.9,,PUT,6575,0,16720,7/13/2026,WHITE,0,14,F,INDEX,,F,T,0,0
6/29/2026,3:55:37 PM,SPXW,BLOCK,176,1.9,,PUT,6575,0,33440,7/13/2026,WHITE,0,14,F,INDEX,,F,T,0,0
6/29/2026,2:56:29 PM,RUTW,ML/,50,58.3,,CALL,3100,0,291500,8/21/2026,WHITE,0,53,F,INDEX,,F,F,0,0
6/29/2026,2:54:15 PM,SPXW,ML/,270,8.06,,CALL,7850,0,217619,7/30/2026,WHITE,0,31,F,INDEX,,F,T,0,0
6/29/2026,10:45:59 AM,XSP,BLOCK,80,2.54,,PUT,590,0,20320,9/30/2026,WHITE,0,93,F,INDEX,,F,T,0,0
6/29/2026,10:42:23 AM,SPX,ML/,200,34.51,,CALL,8100,0,690200,10/16/2026,WHITE,0,109,F,INDEX,,F,F,0,0
6/29/2026,3:01:00 PM,VIX,ML/,1140,3.3,,PUT,21,0,376200,10/21/2026,WHITE,0,114,F,INDEX,,F,T,0,0
6/29/2026,3:02:59 PM,VIX,ML/,760,3.3,,PUT,21,0,250800,10/21/2026,WHITE,0,114,F,INDEX,,F,T,0,0
6/29/2026,10:01:54 AM,SPX,ML/,196,28.39,,CALL,7990,0,556444,9/18/2026,WHITE,0,81,F,INDEX,,F,F,0,0
6/29/2026,10:01:54 AM,SPX,ML/,145,121.74,,CALL,7640,0,1765230,9/18/2026,WHITE,0,81,F,INDEX,,F,F,0,0
6/29/2026,10:01:54 AM,SPX,ML/,74,299.46,,PUT,7640,0,2216004,9/18/2026,WHITE,0,81,F,INDEX,,F,F,0,0
6/29/2026,10:01:54 AM,SPX,ML/,148,75.7,,PUT,6870,0,1120360,9/18/2026,WHITE,0,81,F,INDEX,,F,F,0,0
6/29/2026,10:50:45 AM,SPX,ML/,192,77.12,,PUT,6870,0,1480704,9/18/2026,WHITE,0,81,F,INDEX,,F,F,0,0
6/29/2026,12:04:18 PM,SPX,ML/,77,190.05,,PUT,7075,0,1463385,12/18/2026,WHITE,0,172,F,INDEX,,F,F,0,0
6/29/2026,1:32:09 PM,NDXP,ML/,57,94.1,,CALL,29920,0,536370,6/30/2026,WHITE,0,1,F,INDEX,,F,T,0,0
6/29/2026,10:02:19 AM,SPX,BLOCK,50,3.7,,CALL,7735,0,18500,7/17/2026,WHITE,0,18,F,INDEX,,F,F,0,0
6/29/2026,3:14:05 PM,SPXW,ML/,102,154.5,,PUT,7590,0,1575900,6/30/2026,WHITE,0,1,F,INDEX,,F,T,0,0
6/29/2026,3:14:10 PM,SPXW,ML/,68,154.5,,PUT,7590,0,1050600,6/30/2026,WHITE,0,1,F,INDEX,,F,T,0,0
6/29/2026,3:40:43 PM,SPX,BLOCK,50,4.2,,PUT,6650,0,21000,7/17/2026,WHITE,0,18,F,INDEX,,F,F,0,0
6/29/2026,3:40:49 PM,SPX,BLOCK,50,4.2,,PUT,6650,0,21000,7/17/2026,WHITE,0,18,F,INDEX,,F,F,0,0
6/29/2026,10:51:43 AM,SPX,ML/,95,5.85,,PUT,6650,0,55575,7/17/2026,WHITE,0,18,F,INDEX,,F,F,0,0
6/29/2026,11:57:54 AM,SPX,ML/,65,214.09,,CALL,7375,0,1391585,8/21/2026,WHITE,0,53,F,INDEX,,F,F,0,0
6/29/2026,3:50:00 PM,SPXW,ML/,100,64.2,,PUT,7275,0,642000,7/29/2026,WHITE,0,30,F,INDEX,,F,T,0,0
6/29/2026,11:47:00 AM,SPXW,ML/,80,4.15,,CALL,7700,0,33200,7/15/2026,WHITE,0,16,F,INDEX,,F,T,0,0
6/29/2026,11:26:45 AM,SPXW,ML/,135,1.39,,PUT,4800,0,18764,7/31/2026,WHITE,0,32,F,INDEX,,F,T,0,0
6/29/2026,12:16:55 PM,SPXW,ML/,135,1.28,,PUT,4800,0,17280,7/31/2026,WHITE,0,32,F,INDEX,,F,T,0,0
6/29/2026,1:34:17 PM,SPX,ML/,1750,627,,PUT,8000,0,109725000,6/17/2027,WHITE,0,353,F,INDEX,,F,T,0,0
6/29/2026,10:08:49 AM,SPX,ML/,855,217,,PUT,7455,0,18553500,9/18/2026,WHITE,0,81,F,INDEX,,F,F,0,0
6/29/2026,11:27:52 AM,SPX,ML/,300,210,,PUT,7455,0,6300000,9/18/2026,WHITE,0,81,F,INDEX,,F,F,0,0
6/29/2026,11:02:52 AM,SPX,ML/,150,208,,PUT,7455,0,3120000,9/18/2026,WHITE,0,81,F,INDEX,,F,F,0,0
6/29/2026,10:08:49 AM,SPX,ML/,855,212,,CALL,7455,0,18126000,9/18/2026,WHITE,0,81,F,INDEX,,F,F,0,0
6/29/2026,11:02:52 AM,SPX,ML/,150,218,,CALL,7455,0,3270000,9/18/2026,WHITE,0,81,F,INDEX,,F,F,0,0
6/29/2026,11:27:52 AM,SPX,ML/,300,215,,CALL,7455,0,6450000,9/18/2026,WHITE,0,81,F,INDEX,,F,F,0,0
6/29/2026,2:26:54 PM,XSP,ML/,92,3.29,,PUT,710,0,30268,7/27/2026,WHITE,0,28,F,INDEX,,F,T,0,0
6/29/2026,2:26:54 PM,XSP,ML/,91,3.29,,PUT,710,0,29939,7/27/2026,WHITE,0,28,F,INDEX,,F,T,0,0
6/29/2026,2:28:47 PM,XSP,ML/,53,3.3,,PUT,710,0,17489,7/27/2026,WHITE,0,28,F,INDEX,,F,T,0,0
6/29/2026,2:28:53 PM,XSP,ML/,52,3.3,,PUT,710,0,17160,7/27/2026,WHITE,0,28,F,INDEX,,F,T,0,0
6/29/2026,2:28:55 PM,XSP,ML/,50,3.3,,PUT,710,0,16500,7/27/2026,WHITE,0,28,F,INDEX,,F,T,0,0
6/29/2026,3:16:03 PM,SPXW,ML/,52,106.93,,PUT,7475,0,556036,7/20/2026,WHITE,0,21,F,INDEX,,F,T,0,0
6/29/2026,3:16:40 PM,SPXW,ML/,52,107,,PUT,7475,0,556400,7/20/2026,WHITE,0,21,F,INDEX,,F,T,0,0
6/29/2026,11:02:27 AM,SPX,ML/,200,250.32,,PUT,7300,0,5006400,12/18/2026,WHITE,0,172,F,INDEX,,F,F,0,0
6/29/2026,11:18:02 AM,SPX,ML/,53,6.18,,PUT,5500,0,32753,8/21/2026,WHITE,0,53,F,INDEX,,F,F,0,0
6/29/2026,2:52:43 PM,SPX,ML/,53,5.5,,PUT,5500,0,29150,8/21/2026,WHITE,0,53,F,INDEX,,F,F,0,0
6/29/2026,2:09:02 PM,SPX,ML/,250,22,,CALL,8075,0,550000,9/18/2026,WHITE,0,81,F,INDEX,,F,F,0,0
6/29/2026,10:27:03 AM,XSP,BLOCK,60,3.75,,PUT,730,0,22500,7/7/2026,WHITE,0,8,F,INDEX,,F,T,0,0
6/29/2026,10:55:22 AM,XSP,BLOCK,80,3.05,,PUT,730,0,24400,7/7/2026,WHITE,0,8,F,INDEX,,F,T,0,0
6/29/2026,12:32:50 PM,SPXW,ML/,50,25.08,,PUT,7275,0,125400,7/8/2026,WHITE,0,9,F,INDEX,,F,T,0,0
6/29/2026,12:03:47 PM,SPX,BLOCK,255,22.4,,CALL,8050,0,571200,9/18/2026,WHITE,0,81,F,INDEX,,F,F,0,0
6/29/2026,2:09:02 PM,SPX,ML/,1000,25,,CALL,8050,0,2500000,9/18/2026,WHITE,0,81,F,INDEX,,F,F,0,0
6/29/2026,2:49:24 PM,SPXW,ML/,200,100.39,,PUT,7390,0,2007800,7/31/2026,WHITE,0,32,F,INDEX,,F,T,0,0
6/29/2026,11:37:16 AM,VIX,ML/,4000,0.37,,CALL,28,0,148000,7/22/2026,WHITE,0,23,F,INDEX,,F,T,0,0
6/29/2026,3:33:53 PM,VIX,BLOCK,300,0.36,,CALL,28,0,10800,7/22/2026,WHITE,0,23,F,INDEX,,F,T,0,0
6/29/2026,10:20:25 AM,SPX,ML/,200,11.44,,CALL,8150,0,228800,9/18/2026,WHITE,0,81,F,INDEX,,F,F,0,0
6/29/2026,11:58:34 AM,SPX,ML/,400,10.03,,CALL,8200,0,401200,9/18/2026,WHITE,0,81,F,INDEX,,F,F,0,0
6/29/2026,12:22:52 PM,SPX,ML/,4000,10.4,,CALL,8200,0,4160000,9/18/2026,WHITE,0,81,F,INDEX,,F,F,0,0
6/29/2026,10:06:15 AM,SPXW,BLOCK,350,1.95,,PUT,5100,0,68250,7/31/2026,WHITE,0,32,F,INDEX,,F,T,0,0
6/29/2026,10:07:07 AM,SPXW,BLOCK,291,1.95,,PUT,5100,0,56745,7/31/2026,WHITE,0,32,F,INDEX,,F,T,0,0
6/29/2026,3:45:57 PM,SPXW,ML/,100,1.67,,PUT,5100,0,16700,7/31/2026,WHITE,0,32,F,INDEX,,F,T,0,0
6/29/2026,3:48:49 PM,SPXW,ML/,100,1.67,,PUT,5100,0,16700,7/31/2026,WHITE,0,32,F,INDEX,,F,T,0,0
6/29/2026,10:07:07 AM,SPXW,BLOCK,59,2,,PUT,5100,0,11800,7/31/2026,WHITE,0,32,F,INDEX,,F,T,0,0
6/29/2026,11:46:44 AM,SPXW,ML/,200,1.84,,PUT,5100,0,36800,7/31/2026,WHITE,0,32,F,INDEX,,F,T,0,0
6/29/2026,3:50:03 PM,SPXW,ML/,100,1.67,,PUT,5100,0,16700,7/31/2026,WHITE,0,32,F,INDEX,,F,T,0,0
6/29/2026,1:11:39 PM,SPX,ML/,200,617.8,,CALL,7500,0,12355999,6/17/2027,WHITE,0,353,F,INDEX,,F,T,0,0
6/29/2026,1:52:45 PM,SPX,ML/,100,626.4,,CALL,7500,0,6264000,6/17/2027,WHITE,0,353,F,INDEX,,F,T,0,0
6/29/2026,1:11:39 PM,SPX,ML/,200,429,,PUT,7500,0,8580000,6/17/2027,WHITE,0,353,F,INDEX,,F,T,0,0
6/29/2026,1:52:45 PM,SPX,ML/,100,426,,PUT,7500,0,4260000,6/17/2027,WHITE,0,353,F,INDEX,,F,T,0,0
6/29/2026,11:38:56 AM,SPX,ML/,200,96.69,,CALL,7700,0,1933800,9/18/2026,WHITE,0,81,F,INDEX,,F,F,0,0
6/29/2026,2:54:30 PM,SPX,ML/,53,109.97,,CALL,7700,0,582841,9/18/2026,WHITE,0,81,F,INDEX,,F,F,0,0
6/29/2026,3:52:19 PM,SPXW,ML/,87,1.99,,PUT,6000,0,17313,7/20/2026,WHITE,0,21,F,INDEX,,F,T,0,0
6/29/2026,3:05:20 PM,SPXW,ML/,180,1.96,,PUT,6000,0,35280,7/20/2026,WHITE,0,21,F,INDEX,,F,T,0,0
6/29/2026,3:52:19 PM,SPXW,ML/,88,1.99,,PUT,6000,0,17512,7/20/2026,WHITE,0,21,F,INDEX,,F,T,0,0
6/29/2026,3:05:20 PM,SPXW,ML/,180,0.7,,PUT,5200,0,12599,7/20/2026,WHITE,0,21,F,INDEX,,F,T,0,0
6/29/2026,10:07:08 AM,VIX,ML/,200,4.82,,PUT,23,0,96400,12/16/2026,WHITE,0,170,F,INDEX,,F,T,0,0
6/29/2026,10:07:11 AM,VIX,ML/,200,4.82,,PUT,23,0,96400,12/16/2026,WHITE,0,170,F,INDEX,,F,T,0,0
6/29/2026,10:07:15 AM,VIX,ML/,200,4.82,,PUT,23,0,96400,12/16/2026,WHITE,0,170,F,INDEX,,F,T,0,0
6/29/2026,10:07:18 AM,VIX,ML/,200,4.82,,PUT,23,0,96400,12/16/2026,WHITE,0,170,F,INDEX,,F,T,0,0
6/29/2026,10:07:22 AM,VIX,ML/,200,4.82,,PUT,23,0,96400,12/16/2026,WHITE,0,170,F,INDEX,,F,T,0,0
6/29/2026,1:00:23 PM,SPX,ML/,70,40.36,,PUT,6845,0,282520,8/21/2026,WHITE,0,53,F,INDEX,,F,F,0,0
6/29/2026,10:13:44 AM,SPXW,BLOCK,367,59,,CALL,7525,0,2165300,7/27/2026,WHITE,0,28,F,INDEX,,F,T,0,0
6/29/2026,10:28:47 AM,SPXW,ML/,50,84.08,,CALL,7470,0,420400,7/24/2026,WHITE,0,25,F,INDEX,,F,T,0,0
6/29/2026,1:49:43 PM,SPXW,ML/,50,103.95,,CALL,7470,0,519750,7/24/2026,WHITE,0,25,F,INDEX,,F,T,0,0
6/29/2026,3:34:00 PM,SPX,ML/,60,22.14,,PUT,7140,0,132840,7/17/2026,WHITE,0,18,F,INDEX,,F,F,0,0
6/29/2026,3:22:19 PM,SPXW,ML/,62,47.85,,PUT,7350,0,296670,7/14/2026,WHITE,0,15,F,INDEX,,F,T,0,0
6/29/2026,3:22:44 PM,SPXW,ML/,179,47.69,,PUT,7350,0,853651,7/14/2026,WHITE,0,15,F,INDEX,,F,T,0,0
6/29/2026,11:56:47 AM,RUTW,ML/,50,5.4,,PUT,2630,0,27000,7/24/2026,WHITE,0,25,F,INDEX,,F,T,0,0
6/29/2026,10:33:23 AM,SPX,ML/,70,192.14,,PUT,7400,0,1344980,9/18/2026,WHITE,0,81,F,INDEX,,F,F,0,0
6/29/2026,3:52:51 PM,SPXW,ML/,56,11.6,,PUT,7210,0,64959,7/8/2026,WHITE,0,9,F,INDEX,,F,T,0,0
6/29/2026,3:52:51 PM,SPXW,ML/,54,11.6,,PUT,7210,0,62640,7/8/2026,WHITE,0,9,F,INDEX,,F,T,0,0
6/29/2026,3:52:50 PM,SPXW,ML/,54,11.54,,PUT,7210,0,62316,7/8/2026,WHITE,0,9,F,INDEX,,F,T,0,0
6/29/2026,10:08:14 AM,SPX,ML/,50,7.83,,CALL,8700,0,39150,11/20/2026,WHITE,0,144,F,INDEX,,F,F,0,0
6/29/2026,10:08:37 AM,SPX,ML/,50,12.62,,PUT,4350,0,63100,11/20/2026,WHITE,0,144,F,INDEX,,F,F,0,0
6/29/2026,10:12:26 AM,SPX,ML/,50,12.73,,PUT,4350,0,63650,11/20/2026,WHITE,0,144,F,INDEX,,F,F,0,0
6/29/2026,10:08:37 AM,SPX,ML/,100,13.39,,PUT,4100,0,133900,12/18/2026,WHITE,0,172,F,INDEX,,F,F,0,0
6/29/2026,10:12:26 AM,SPX,ML/,100,13.51,,PUT,4100,0,135100,12/18/2026,WHITE,0,172,F,INDEX,,F,F,0,0
6/29/2026,10:08:37 AM,SPX,ML/,50,16.56,,PUT,3600,0,82799,3/19/2027,WHITE,0,263,F,INDEX,,F,F,0,0
6/29/2026,10:12:26 AM,SPX,ML/,50,16.69,,PUT,3600,0,83450,3/19/2027,WHITE,0,263,F,INDEX,,F,F,0,0
6/29/2026,11:54:19 AM,SPX,ML/,200,104.26,,PUT,7250,0,2085200,8/21/2026,WHITE,0,53,F,INDEX,,F,F,0,0
6/29/2026,1:01:44 PM,SPX,ML/,250,99.2,,PUT,7250,0,2480000,8/21/2026,WHITE,0,53,F,INDEX,,F,F,0,0
6/29/2026,10:08:49 AM,SPXW,ML/,1500,42.72,,CALL,7550,0,6408000,7/21/2026,WHITE,0,22,F,INDEX,,F,T,0,0
6/29/2026,10:09:27 AM,NDX,ML/,64,1548.95,,PUT,29800,0,9913280,9/18/2026,WHITE,0,81,F,INDEX,,F,F,0,0
6/29/2026,10:09:27 AM,NDX,ML/,64,1248.95,,CALL,29800,0,7993280,9/18/2026,WHITE,0,81,F,INDEX,,F,F,0,0
6/29/2026,10:09:30 AM,SPXW,BLOCK,50,2.85,,CALL,7700,0,14250,7/14/2026,WHITE,0,15,F,INDEX,,F,T,0,0
6/29/2026,2:23:47 PM,SPXW,ML/,55,5.48,,PUT,6775,0,30140,7/16/2026,WHITE,0,17,F,INDEX,,F,T,0,0
6/29/2026,11:54:19 AM,SPX,ML/,200,114.02,,CALL,7550,0,2280400,8/21/2026,WHITE,0,53,F,INDEX,,F,F,0,0
6/29/2026,11:52:29 AM,SPX,ML/,200,81.42,,CALL,7750,0,1628400,9/18/2026,WHITE,0,81,F,INDEX,,F,F,0,0
6/29/2026,12:22:52 PM,SPX,ML/,800,83.3,,CALL,7750,0,6664000,9/18/2026,WHITE,0,81,F,INDEX,,F,F,0,0
6/29/2026,10:10:15 AM,SPX,ML/,500,99,,CALL,8400,0,4950000,3/19/2027,WHITE,0,263,F,INDEX,,F,F,0,0
6/29/2026,10:46:42 AM,SPX,ML/,124,213,,PUT,7460,0,2641200,9/18/2026,WHITE,0,81,F,INDEX,,F,F,0,0
6/29/2026,11:02:27 AM,SPX,ML/,74,211,,PUT,7460,0,1561400,9/18/2026,WHITE,0,81,F,INDEX,,F,F,0,0
6/29/2026,11:15:51 AM,SPX,ML/,182,213,,PUT,7460,0,3876600,9/18/2026,WHITE,0,81,F,INDEX,,F,F,0,0
6/29/2026,11:51:24 AM,SPX,ML/,115,206,,PUT,7460,0,2369000,9/18/2026,WHITE,0,81,F,INDEX,,F,F,0,0
6/29/2026,11:02:20 AM,SPX,ML/,65,210,,PUT,7460,0,1365000,9/18/2026,WHITE,0,81,F,INDEX,,F,F,0,0
6/29/2026,11:10:48 AM,SPX,ML/,80,211.7,,PUT,7460,0,1693600,9/18/2026,WHITE,0,81,F,INDEX,,F,F,0,0
6/29/2026,11:28:08 AM,SPX,ML/,238,214,,PUT,7460,0,5093200,9/18/2026,WHITE,0,81,F,INDEX,,F,F,0,0
6/29/2026,11:30:45 AM,SPX,ML/,330,207.92,,PUT,7460,0,6861359,9/18/2026,WHITE,0,81,F,INDEX,,F,F,0,0
6/29/2026,11:38:56 AM,SPX,ML/,196,212,,PUT,7460,0,4155200,9/18/2026,WHITE,0,81,F,INDEX,,F,F,0,0
6/29/2026,11:39:27 AM,SPX,ML/,63,209.5,,PUT,7460,0,1319850,9/18/2026,WHITE,0,81,F,INDEX,,F,F,0,0
6/29/2026,10:10:32 AM,SPX,ML/,50,27,,CALL,8350,0,135000,11/20/2026,WHITE,0,144,F,INDEX,,F,F,0,0
6/29/2026,11:02:20 AM,SPX,ML/,65,215,,CALL,7460,0,1397500,9/18/2026,WHITE,0,81,F,INDEX,,F,F,0,0
6/29/2026,10:46:42 AM,SPX,ML/,124,213,,CALL,7460,0,2641200,9/18/2026,WHITE,0,81,F,INDEX,,F,F,0,0
6/29/2026,11:15:51 AM,SPX,ML/,182,211,,CALL,7460,0,3840200,9/18/2026,WHITE,0,81,F,INDEX,,F,F,0,0
6/29/2026,11:02:27 AM,SPX,ML/,74,215,,CALL,7460,0,1591000,9/18/2026,WHITE,0,81,F,INDEX,,F,F,0,0
6/29/2026,11:51:24 AM,SPX,ML/,115,217,,CALL,7460,0,2495500,9/18/2026,WHITE,0,81,F,INDEX,,F,F,0,0
6/29/2026,11:10:48 AM,SPX,ML/,80,213.7,,CALL,7460,0,1709600,9/18/2026,WHITE,0,81,F,INDEX,,F,F,0,0
6/29/2026,11:28:08 AM,SPX,ML/,238,209,,CALL,7460,0,4974200,9/18/2026,WHITE,0,81,F,INDEX,,F,F,0,0
6/29/2026,11:30:45 AM,SPX,ML/,330,216.02,,CALL,7460,0,7128660,9/18/2026,WHITE,0,81,F,INDEX,,F,F,0,0
6/29/2026,11:38:56 AM,SPX,ML/,196,212,,CALL,7460,0,4155200,9/18/2026,WHITE,0,81,F,INDEX,,F,F,0,0
6/29/2026,11:39:27 AM,SPX,ML/,63,214.5,,CALL,7460,0,1351350,9/18/2026,WHITE,0,81,F,INDEX,,F,F,0,0
6/29/2026,1:46:45 PM,RUTW,ML/,78,6.84,,PUT,2690,0,53352,7/24/2026,WHITE,0,25,F,INDEX,,F,T,0,0
6/29/2026,1:46:45 PM,RUTW,ML/,78,6.65,,PUT,2685,0,51870,7/24/2026,WHITE,0,25,F,INDEX,,F,T,0,0
6/29/2026,11:50:57 AM,RUTW,ML/,88,7.66,,PUT,2685,0,67408,7/24/2026,WHITE,0,25,F,INDEX,,F,T,0,0
6/29/2026,11:51:37 AM,RUTW,ML/,65,7.72,,PUT,2685,0,50179,7/24/2026,WHITE,0,25,F,INDEX,,F,T,0,0
6/29/2026,1:59:38 PM,RUTW,ML/,100,13.88,,PUT,2970,0,138800,7/2/2026,WHITE,0,3,F,INDEX,,F,T,0,0
6/29/2026,10:11:49 AM,VIX,ML/,1950,2.13,,CALL,23,0,415350,9/16/2026,WHITE,0,79,F,INDEX,,F,T,0,0
6/29/2026,10:11:50 AM,VIX,ML/,550,2.13,,CALL,23,0,117150,9/16/2026,WHITE,0,79,F,INDEX,,F,T,0,0
6/29/2026,3:28:32 PM,VIX,BLOCK,250,0.43,,CALL,26,0,10749,7/22/2026,WHITE,0,23,F,INDEX,,F,T,0,0
6/29/2026,10:37:13 AM,VIX,BLOCK,500,1.2,,CALL,26,0,60000,8/19/2026,WHITE,0,51,F,INDEX,,F,T,0,0
6/29/2026,11:56:47 AM,RUTW,ML/,50,5.74,,PUT,2640,0,28700,7/24/2026,WHITE,0,25,F,INDEX,,F,T,0,0
6/29/2026,12:29:40 PM,SPX,ML/,114,135.95,,PUT,7375,0,1549830,8/21/2026,WHITE,0,53,F,INDEX,,F,F,0,0
6/29/2026,3:59:28 PM,SPXW,BLOCK,1279,0.15,,PUT,6895,0,19185,6/30/2026,WHITE,0,1,F,INDEX,,F,T,0,0
6/29/2026,3:36:01 PM,VIX,ML/,3000,0.19,,CALL,37,0,57000,7/22/2026,WHITE,0,23,F,INDEX,,F,T,0,0
6/29/2026,1:56:17 PM,RUTW,ML/,66,51.14,,PUT,3050,0,337524,6/30/2026,WHITE,0,1,F,INDEX,,F,T,0,0
6/29/2026,10:27:42 AM,RUTW,ML/,50,24.7,,PUT,2980,0,123500,7/2/2026,WHITE,0,3,F,INDEX,,F,T,0,0
6/29/2026,10:13:14 AM,RUTW,ML/,59,55.37,,CALL,2920,0,326683,6/29/2026,WHITE,0,0,F,INDEX,,F,T,0,0
6/29/2026,10:13:01 AM,SPXW,ML/,60,5.27,,PUT,6940,0,31620,7/8/2026,WHITE,0,9,F,INDEX,,F,T,0,0
6/29/2026,10:29:53 AM,SPX,BLOCK,54,29.6,,PUT,6200,0,159840,9/18/2026,WHITE,0,81,F,INDEX,,F,F,0,0
6/29/2026,10:30:03 AM,SPX,BLOCK,63,29.6,,PUT,6200,0,186480,9/18/2026,WHITE,0,81,F,INDEX,,F,F,0,0
6/29/2026,10:27:51 AM,SPX,BLOCK,250,30.2,,PUT,6200,0,755000,9/18/2026,WHITE,0,81,F,INDEX,,F,F,0,0
6/29/2026,2:56:52 PM,SPX,ML/,160,8.96,,PUT,5200,0,143360,9/18/2026,WHITE,0,81,F,INDEX,,F,F,0,0
6/29/2026,11:26:06 AM,SPX,ML/,900,545.19,,CALL,7000,0,49067100,9/18/2026,WHITE,0,81,F,INDEX,,F,F,0,0
6/29/2026,11:27:00 AM,SPX,ML/,5000,545.19,,CALL,7000,0,272595000,9/18/2026,WHITE,0,81,F,INDEX,,F,F,0,0
6/29/2026,12:36:28 PM,SPX,ML/,350,554.78,,CALL,7000,0,19417300,9/18/2026,WHITE,0,81,F,INDEX,,F,F,0,0
6/29/2026,4:13:25 PM,SPX,ML/,100,577.56,,CALL,7000,0,5775599,9/18/2026,WHITE,0,81,F,INDEX,,F,F,0,0
6/29/2026,11:27:21 AM,SPX,ML/,100,545.19,,CALL,7000,0,5451900,9/18/2026,WHITE,0,81,F,INDEX,,F,F,0,0
6/29/2026,12:36:28 PM,SPX,ML/,600,554.78,,CALL,7000,0,33286800,9/18/2026,WHITE,0,81,F,INDEX,,F,F,0,0
6/29/2026,1:14:55 PM,SPX,ML/,1250,571,,CALL,7000,0,71375000,9/18/2026,WHITE,0,81,F,INDEX,,F,F,0,0
6/29/2026,1:16:43 PM,SPX,ML/,500,571.2,,CALL,7000,0,28560000,9/18/2026,WHITE,0,81,F,INDEX,,F,F,0,0
6/29/2026,1:22:08 PM,SPX,ML/,200,570.32,,CALL,7000,0,11406400,9/18/2026,WHITE,0,81,F,INDEX,,F,F,0,0
6/29/2026,1:34:17 PM,SPX,ML/,1750,574.37,,CALL,7000,0,100514750,9/18/2026,WHITE,0,81,F,INDEX,,F,F,0,0
6/29/2026,4:08:46 PM,SPX,ML/,250,575.05,,CALL,7000,0,14376250,9/18/2026,WHITE,0,81,F,INDEX,,F,F,0,0
6/29/2026,4:23:29 PM,SPX,ML/,100,577.56,,CALL,7000,0,5775599,9/18/2026,WHITE,0,81,F,INDEX,,F,F,0,0
6/29/2026,4:15:13 PM,SPX,ML/,650,577.49,,CALL,7000,0,37536850,9/18/2026,WHITE,0,81,F,INDEX,,F,F,0,0
6/29/2026,10:15:17 AM,NDXP,ML/,333,6.65,,PUT,26900,0,221444,6/30/2026,WHITE,0,1,F,INDEX,,F,T,0,0
6/29/2026,10:15:17 AM,NDXP,ML/,166,6.83,,PUT,26900,0,113378,6/30/2026,WHITE,0,1,F,INDEX,,F,T,0,0
6/29/2026,1:23:10 PM,SPX,ML/,53,37.07,,CALL,8300,0,196471,11/20/2026,WHITE,0,144,F,INDEX,,F,F,0,0
6/29/2026,1:36:08 PM,SPXW,ML/,62,25.72,,PUT,6825,0,159464,8/7/2026,WHITE,0,39,F,INDEX,,F,T,0,0
6/29/2026,1:36:09 PM,SPXW,ML/,68,25.7,,PUT,6825,0,174760,8/7/2026,WHITE,0,39,F,INDEX,,F,T,0,0
6/29/2026,10:14:13 AM,SPX,ML/,50,2.82,,PUT,2400,0,14100,12/18/2026,WHITE,0,172,F,INDEX,,F,F,0,0
6/29/2026,10:14:28 AM,SPX,ML/,50,2.82,,PUT,2400,0,14100,12/18/2026,WHITE,0,172,F,INDEX,,F,F,0,0
6/29/2026,10:14:41 AM,SPX,ML/,200,2.82,,PUT,2400,0,56400,12/18/2026,WHITE,0,172,F,INDEX,,F,F,0,0
6/29/2026,10:35:24 AM,SPX,ML/,200,2.63,,PUT,2400,0,52600,12/18/2026,WHITE,0,172,F,INDEX,,F,F,0,0
6/29/2026,10:14:13 AM,SPX,ML/,50,2.17,,PUT,1600,0,10850,3/19/2027,WHITE,0,263,F,INDEX,,F,F,0,0
6/29/2026,10:14:28 AM,SPX,ML/,50,2.17,,PUT,1600,0,10850,3/19/2027,WHITE,0,263,F,INDEX,,F,F,0,0
6/29/2026,10:14:41 AM,SPX,ML/,200,2.17,,PUT,1600,0,43400,3/19/2027,WHITE,0,263,F,INDEX,,F,F,0,0
6/29/2026,10:35:24 AM,SPX,ML/,200,2.03,,PUT,1600,0,40599,3/19/2027,WHITE,0,263,F,INDEX,,F,F,0,0
6/29/2026,10:36:24 AM,SPX,ML/,100,181.5,,PUT,7000,0,1815000,12/18/2026,WHITE,0,172,F,INDEX,,F,F,0,0
6/29/2026,3:27:16 PM,SPX,ML/,300,170.95,,PUT,7000,0,5128500,12/18/2026,WHITE,0,172,F,INDEX,,F,F,0,0
6/29/2026,10:31:09 AM,SPXW,BLOCK,50,2.65,,CALL,8000,0,13250,8/4/2026,WHITE,0,36,F,INDEX,,F,T,0,0
6/29/2026,2:20:14 PM,SPX,ML/,78,91.62,,PUT,7230,0,714636,8/21/2026,WHITE,0,53,F,INDEX,,F,F,0,0
6/29/2026,2:57:50 PM,SPXW,ML/,1208,53.73,,CALL,8100,0,6490584,10/30/2026,WHITE,0,123,F,INDEX,,F,T,0,0
6/29/2026,10:15:02 AM,SPX,ML/,417,317.32,,PUT,7450,0,13232244,12/18/2026,WHITE,0,172,F,INDEX,,F,F,0,0
6/29/2026,10:15:02 AM,SPX,ML/,83,317.32,,PUT,7450,0,2633756,12/18/2026,WHITE,0,172,F,INDEX,,F,F,0,0
6/29/2026,10:15:02 AM,SPX,ML/,500,356.14,,CALL,7450,0,17807000,12/18/2026,WHITE,0,172,F,INDEX,,F,F,0,0
6/29/2026,11:41:50 AM,SPX,ML/,2000,504.77,,CALL,7000,0,100954000,8/21/2026,WHITE,0,53,F,INDEX,,F,F,0,0
6/29/2026,10:48:42 AM,SPX,ML/,750,493.05,,CALL,7000,0,36978750,8/21/2026,WHITE,0,53,F,INDEX,,F,F,0,0
6/29/2026,11:41:50 AM,SPX,ML/,3000,504.77,,CALL,7000,0,151431000,8/21/2026,WHITE,0,53,F,INDEX,,F,F,0,0
6/29/2026,3:02:11 PM,SPX,ML/,650,529.35,,CALL,7000,0,34407750,8/21/2026,WHITE,0,53,F,INDEX,,F,F,0,0
6/29/2026,10:46:52 AM,VIX,BLOCK,500,1.06,,CALL,28,0,53000,8/19/2026,WHITE,0,51,F,INDEX,,F,T,0,0
6/29/2026,10:48:48 AM,VIX,BLOCK,500,1.06,,CALL,28,0,53000,8/19/2026,WHITE,0,51,F,INDEX,,F,T,0,0
6/29/2026,2:55:15 PM,SPXW,ML/,80,9.16,,CALL,9000,0,73280,12/31/2026,WHITE,0,185,F,INDEX,,F,T,0,0
6/29/2026,2:55:20 PM,SPXW,ML/,80,9.18,,CALL,9000,0,73440,12/31/2026,WHITE,0,185,F,INDEX,,F,T,0,0
6/29/2026,11:45:21 AM,SPX,ML/,400,252,,CALL,8200,0,10080000,6/17/2027,WHITE,0,353,F,INDEX,,F,T,0,0
6/29/2026,10:15:34 AM,SPXW,ML/,66,23.44,,PUT,5000,0,154704,11/30/2026,WHITE,0,154,F,INDEX,,F,T,0,0
6/29/2026,10:15:34 AM,SPXW,ML/,66,116.9,,PUT,6625,0,771540,11/30/2026,WHITE,0,154,F,INDEX,,F,T,0,0
6/29/2026,11:50:19 AM,SPXW,ML/,137,13,,CALL,7545,0,178100,7/8/2026,WHITE,0,9,F,INDEX,,F,T,0,0
6/29/2026,10:16:10 AM,SPX,ML/,930,88.36,,PUT,6890,0,8217480,9/18/2026,WHITE,0,81,F,INDEX,,F,F,0,0
6/29/2026,10:16:44 AM,SPX,ML/,270,86.01,,PUT,6890,0,2322270,9/18/2026,WHITE,0,81,F,INDEX,,F,F,0,0
6/29/2026,10:16:10 AM,SPX,ML/,1860,97.44,,PUT,6950,0,18123840,9/18/2026,WHITE,0,81,F,INDEX,,F,F,0,0
6/29/2026,10:16:44 AM,SPX,ML/,540,94.79,,PUT,6950,0,5118660,9/18/2026,WHITE,0,81,F,INDEX,,F,F,0,0
6/29/2026,4:14:39 PM,SPX,ML/,300,76.67,,PUT,6950,0,2300100,9/18/2026,WHITE,0,81,F,INDEX,,F,F,0,0
6/29/2026,3:01:00 PM,VIX,ML/,840,3.05,,CALL,21,0,256200,10/21/2026,WHITE,0,114,F,INDEX,,F,T,0,0
6/29/2026,3:01:00 PM,VIX,ML/,300,3.04,,CALL,21,0,91200,10/21/2026,WHITE,0,114,F,INDEX,,F,T,0,0
6/29/2026,3:02:59 PM,VIX,ML/,560,3.05,,CALL,21,0,170800,10/21/2026,WHITE,0,114,F,INDEX,,F,T,0,0
6/29/2026,3:02:59 PM,VIX,ML/,200,3.04,,CALL,21,0,60800,10/21/2026,WHITE,0,114,F,INDEX,,F,T,0,0
6/29/2026,10:26:13 AM,SPX,ML/,158,219,,PUT,7420,0,3460200,9/18/2026,WHITE,0,81,F,INDEX,,F,F,0,0
6/29/2026,10:26:48 AM,SPX,ML/,180,219,,PUT,7420,0,3942000,9/18/2026,WHITE,0,81,F,INDEX,,F,F,0,0
6/29/2026,10:48:39 AM,SPX,ML/,158,219,,PUT,7420,0,3460200,9/18/2026,WHITE,0,81,F,INDEX,,F,F,0,0
6/29/2026,10:49:21 AM,SPX,ML/,180,219,,PUT,7420,0,3942000,9/18/2026,WHITE,0,81,F,INDEX,,F,F,0,0
6/29/2026,10:25:00 AM,RUT,ML/,83,129.3,,CALL,2990,0,1073190,9/18/2026,WHITE,0,81,F,INDEX,,F,F,0,0
6/29/2026,2:23:47 PM,SPXW,ML/,55,6.78,,PUT,6850,0,37290,7/16/2026,WHITE,0,17,F,INDEX,,F,T,0,0
6/29/2026,3:31:26 PM,SPXW,ML/,70,31.32,,PUT,7370,0,219240,7/7/2026,WHITE,0,8,F,INDEX,,F,T,0,0
6/29/2026,11:17:36 AM,RUT,ML/,332,117.1,,CALL,3010,0,3887719,9/18/2026,WHITE,0,81,F,INDEX,,F,F,0,0
6/29/2026,3:42:48 PM,SPX,BLOCK,50,18.9,,PUT,5930,0,94499,9/18/2026,WHITE,0,81,F,INDEX,,F,F,0,0
6/29/2026,3:42:49 PM,SPX,BLOCK,50,18.9,,PUT,5930,0,94499,9/18/2026,WHITE,0,81,F,INDEX,,F,F,0,0
6/29/2026,3:56:53 PM,VIX,ML/,100,2.07,,PUT,19,0,20699,8/19/2026,WHITE,0,51,F,INDEX,,F,T,0,0
6/29/2026,2:09:02 PM,SPX,ML/,500,61.09,,CALL,7850,0,3054500,9/18/2026,WHITE,0,81,F,INDEX,,F,F,0,0
6/29/2026,1:57:09 PM,SPX,ML/,2000,3.16,,CALL,8500,0,632000,9/18/2026,WHITE,0,81,F,INDEX,,F,F,0,0
6/29/2026,2:50:58 PM,RUT,ML/,50,2.38,,CALL,3200,0,11900,7/17/2026,WHITE,0,18,F,INDEX,,F,F,0,0
6/29/2026,1:34:17 PM,SPX,ML/,1750,347,,CALL,8000,0,60725000,6/17/2027,WHITE,0,353,F,INDEX,,F,T,0,0
6/29/2026,1:58:53 PM,SPX,ML/,250,347.4,,CALL,8000,0,8685000,6/17/2027,WHITE,0,353,F,INDEX,,F,T,0,0
6/29/2026,1:36:49 PM,SPXW,ML/,82,45.51,,PUT,7125,0,373182,7/31/2026,WHITE,0,32,F,INDEX,,F,T,0,0
6/29/2026,10:21:12 AM,SPXW,BLOCK,176,0.9,,CALL,7900,0,15840,7/22/2026,WHITE,0,23,F,INDEX,,F,T,0,0
6/29/2026,10:21:21 AM,SPX,ML/,364,182.41,,PUT,7325,0,6639723,9/18/2026,WHITE,0,81,F,INDEX,,F,F,0,0
6/29/2026,10:21:21 AM,SPX,ML/,364,43.3,,CALL,7725,0,1576120,8/21/2026,WHITE,0,53,F,INDEX,,F,F,0,0
6/29/2026,3:15:38 PM,SPX,ML/,100,56.56,,CALL,7725,0,565600,8/21/2026,WHITE,0,53,F,INDEX,,F,F,0,0
6/29/2026,10:21:21 AM,SPX,ML/,364,225.66,,PUT,7515,0,8214023,8/21/2026,WHITE,0,53,F,INDEX,,F,F,0,0
6/29/2026,10:21:37 AM,SPXW,BLOCK,51,2.2,,CALL,7800,0,11220,7/21/2026,WHITE,0,22,F,INDEX,,F,T,0,0
6/29/2026,10:21:37 AM,SPXW,BLOCK,59,2.2,,CALL,7800,0,12980,7/21/2026,WHITE,0,22,F,INDEX,,F,T,0,0
6/29/2026,10:24:01 AM,XSP,ML/,60,17.87,,CALL,780,0,107220,12/18/2026,WHITE,0,172,F,INDEX,,F,F,0,0
6/29/2026,10:24:01 AM,XSP,ML/,60,22.24,,CALL,770,0,133440,12/18/2026,WHITE,0,172,F,INDEX,,F,F,0,0
6/29/2026,1:31:40 PM,SPXW,ML/,3300,440,,CALL,7000,0,145200000,7/2/2026,WHITE,0,3,F,INDEX,,F,T,0,0
6/29/2026,2:15:45 PM,SPXW,ML/,300,440,,CALL,7000,0,13200000,7/2/2026,WHITE,0,3,F,INDEX,,F,T,0,0
6/29/2026,12:52:10 PM,VIX,ML/,360,2.2,,CALL,19.5,0,79200,8/19/2026,WHITE,0,51,F,INDEX,,F,T,0,0
6/29/2026,10:38:44 AM,VIX,ML/,3200,2.3,,CALL,19.5,0,735999,8/19/2026,WHITE,0,51,F,INDEX,,F,T,0,0
6/29/2026,11:37:16 AM,VIX,ML/,960,2.25,,CALL,19.5,0,216000,8/19/2026,WHITE,0,51,F,INDEX,,F,T,0,0
6/29/2026,3:22:51 PM,VIX,ML/,60,2.18,,CALL,19.5,0,13080,8/19/2026,WHITE,0,51,F,INDEX,,F,T,0,0
6/29/2026,3:22:51 PM,VIX,ML/,420,2.19,,CALL,19.5,0,91980,8/19/2026,WHITE,0,51,F,INDEX,,F,T,0,0
6/29/2026,10:45:15 AM,SPXW,ML/,52,13.59,,PUT,6650,0,70668,7/29/2026,WHITE,0,30,F,INDEX,,F,T,0,0
6/29/2026,4:13:26 PM,SPX,ML/,525,81.5,,CALL,7900,0,4278750,10/16/2026,WHITE,0,109,F,INDEX,,F,F,0,0
6/29/2026,10:50:52 AM,SPXW,BLOCK,119,11.4,,PUT,6575,0,135660,7/29/2026,WHITE,0,30,F,INDEX,,F,T,0,0
6/29/2026,10:44:41 AM,SPX,ML/,2000,166,,PUT,6925,0,33200000,12/18/2026,WHITE,0,172,F,INDEX,,F,F,0,0
6/29/2026,3:48:13 PM,SPX,ML/,100,81.65,,PUT,6980,0,816500,9/18/2026,WHITE,0,81,F,INDEX,,F,F,0,0
6/29/2026,1:48:52 PM,SPXW,ML/,50,98.85,,PUT,7425,0,494250,7/24/2026,WHITE,0,25,F,INDEX,,F,T,0,0
6/29/2026,3:49:56 PM,SPXW,ML/,72,96.02,,PUT,7425,0,691344,7/24/2026,WHITE,0,25,F,INDEX,,F,T,0,0
6/29/2026,10:24:51 AM,SPX,ML/,1850,402.95,,CALL,7000,0,74545750,7/17/2026,WHITE,0,18,F,INDEX,,F,F,0,0
6/29/2026,3:44:04 PM,SPX,ML/,2000,463.4,,CALL,7000,0,92680000,7/17/2026,WHITE,0,18,F,INDEX,,F,F,0,0
6/29/2026,3:48:36 PM,SPX,ML/,300,464.42,,CALL,7000,0,13932600,7/17/2026,WHITE,0,18,F,INDEX,,F,F,0,0
6/29/2026,10:26:35 AM,SPX,ML/,1800,402.95,,CALL,7000,0,72531000,7/17/2026,WHITE,0,18,F,INDEX,,F,F,0,0
6/29/2026,11:46:21 AM,SPX,ML/,101,443.48,,CALL,7000,0,4479148,7/17/2026,WHITE,0,18,F,INDEX,,F,F,0,0
6/29/2026,2:25:13 PM,SPX,ML/,3300,463.23,,CALL,7000,0,152865900,7/17/2026,WHITE,0,18,F,INDEX,,F,F,0,0
6/29/2026,3:18:47 PM,SPX,ML/,3000,463.33,,CALL,7000,0,138999000,7/17/2026,WHITE,0,18,F,INDEX,,F,F,0,0
6/29/2026,3:44:04 PM,SPX,ML/,450,463.4,,CALL,7000,0,20853000,7/17/2026,WHITE,0,18,F,INDEX,,F,F,0,0
6/29/2026,4:00:16 PM,SPX,ML/,250,464.42,,CALL,7000,0,11610500,7/17/2026,WHITE,0,18,F,INDEX,,F,F,0,0
6/29/2026,10:25:00 AM,RUT,ML/,460,43.45,,CALL,3450,0,1998700,12/18/2026,WHITE,0,172,F,INDEX,,F,F,0,0
6/29/2026,10:25:00 AM,RUT,ML/,690,86,,CALL,3600,0,5934000,6/17/2027,WHITE,0,353,F,INDEX,,F,T,0,0
6/29/2026,10:25:00 AM,RUT,ML/,83,119.3,,PUT,2990,0,990190,9/18/2026,WHITE,0,81,F,INDEX,,F,F,0,0
6/29/2026,12:46:28 PM,VIX,ML/,1445,0.22,,PUT,16,0,31789,7/22/2026,WHITE,0,23,F,INDEX,,F,T,0,0
6/29/2026,11:25:54 AM,VIX,ML/,5000,0.2,,PUT,16,0,100000,7/22/2026,WHITE,0,23,F,INDEX,,F,T,0,0
6/29/2026,2:08:00 PM,SPX,ML/,200,101,,PUT,6500,0,2020000,12/18/2026,WHITE,0,172,F,INDEX,,F,F,0,0
6/29/2026,3:06:17 PM,SPX,ML/,150,803,,CALL,6900,0,12045000,12/18/2026,WHITE,0,172,F,INDEX,,F,F,0,0
6/29/2026,1:25:27 PM,SPX,ML/,120,94.59,,PUT,7050,0,1135080,9/18/2026,WHITE,0,81,F,INDEX,,F,F,0,0
6/29/2026,10:28:36 AM,SPX,ML/,92,219,,PUT,7430,0,2014800,9/18/2026,WHITE,0,81,F,INDEX,,F,F,0,0
6/29/2026,12:22:43 PM,SPXW,ML/,70,109.05,,PUT,7050,0,763350,9/30/2026,WHITE,0,93,F,INDEX,,F,T,0,0
6/29/2026,11:55:58 AM,XSP,ML/,63,8.12,,PUT,715,0,51155,8/21/2026,WHITE,0,53,F,INDEX,,F,F,0,0
6/29/2026,11:55:44 AM,XSP,ML/,75,8.13,,PUT,715,0,60975,8/21/2026,WHITE,0,53,F,INDEX,,F,F,0,0
6/29/2026,11:56:01 AM,XSP,ML/,63,8.12,,PUT,715,0,51155,8/21/2026,WHITE,0,53,F,INDEX,,F,F,0,0
6/29/2026,11:56:05 AM,XSP,ML/,274,8.14,,PUT,715,0,223036,8/21/2026,WHITE,0,53,F,INDEX,,F,F,0,0
6/29/2026,12:35:25 PM,SPXW,ML/,112,50.04,,PUT,5100,0,560448,3/31/2027,WHITE,0,275,F,INDEX,,F,T,0,0
6/29/2026,3:16:16 PM,SPX,ML/,62,952.29,,CALL,6500,0,5904198,7/17/2026,WHITE,0,18,F,INDEX,,F,F,0,0
6/29/2026,3:16:22 PM,SPX,ML/,232,951.64,,CALL,6500,0,22078048,7/17/2026,WHITE,0,18,F,INDEX,,F,F,0,0
6/29/2026,1:48:20 PM,SPX,ML/,70,209.5,,PUT,7495,0,1466500,9/18/2026,WHITE,0,81,F,INDEX,,F,F,0,0
6/29/2026,1:51:51 PM,SPX,ML/,85,209.5,,PUT,7495,0,1780750,9/18/2026,WHITE,0,81,F,INDEX,,F,F,0,0
6/29/2026,1:52:00 PM,SPX,ML/,51,209.5,,PUT,7495,0,1068450,9/18/2026,WHITE,0,81,F,INDEX,,F,F,0,0
6/29/2026,2:04:11 PM,SPX,ML/,52,209.5,,PUT,7495,0,1089400,9/18/2026,WHITE,0,81,F,INDEX,,F,F,0,0
6/29/2026,1:43:52 PM,SPX,ML/,52,210,,PUT,7495,0,1092000,9/18/2026,WHITE,0,81,F,INDEX,,F,F,0,0
6/29/2026,2:05:50 PM,SPX,ML/,200,209.6,,PUT,7495,0,4192000,9/18/2026,WHITE,0,81,F,INDEX,,F,F,0,0
6/29/2026,2:28:28 PM,SPX,ML/,145,210,,PUT,7495,0,3045000,9/18/2026,WHITE,0,81,F,INDEX,,F,F,0,0
6/29/2026,2:25:03 PM,SPX,ML/,64,209.5,,PUT,7495,0,1340800,9/18/2026,WHITE,0,81,F,INDEX,,F,F,0,0
6/29/2026,3:19:46 PM,SPX,ML/,73,208.5,,PUT,7495,0,1522050,9/18/2026,WHITE,0,81,F,INDEX,,F,F,0,0
6/29/2026,3:43:19 PM,SPX,ML/,240,208.5,,PUT,7495,0,5004000,9/18/2026,WHITE,0,81,F,INDEX,,F,F,0,0
6/29/2026,3:52:36 PM,SPX,ML/,123,210,,PUT,7495,0,2583000,9/18/2026,WHITE,0,81,F,INDEX,,F,F,0,0
6/29/2026,3:56:47 PM,SPX,ML/,118,210,,PUT,7495,0,2478000,9/18/2026,WHITE,0,81,F,INDEX,,F,F,0,0
6/29/2026,4:01:33 PM,SPX,ML/,180,209,,PUT,7495,0,3762000,9/18/2026,WHITE,0,81,F,INDEX,,F,F,0,0
6/29/2026,4:02:27 PM,SPX,ML/,195,209,,PUT,7495,0,4075500,9/18/2026,WHITE,0,81,F,INDEX,,F,F,0,0
6/29/2026,3:42:41 PM,SPX,ML/,250,209.5,,PUT,7495,0,5237500,9/18/2026,WHITE,0,81,F,INDEX,,F,F,0,0
6/29/2026,1:44:23 PM,SPX,ML/,75,209.9,,PUT,7495,0,1574250,9/18/2026,WHITE,0,81,F,INDEX,,F,F,0,0
6/29/2026,4:10:29 PM,SPX,ML/,400,209.5,,PUT,7495,0,8380000,9/18/2026,WHITE,0,81,F,INDEX,,F,F,0,0
6/29/2026,4:13:26 PM,SPX,ML/,193,209.7,,PUT,7495,0,4047210,9/18/2026,WHITE,0,81,F,INDEX,,F,F,0,0
6/29/2026,1:58:53 PM,SPX,ML/,180,210.7,,PUT,7495,0,3792600,9/18/2026,WHITE,0,81,F,INDEX,,F,F,0,0
6/29/2026,4:13:48 PM,SPX,ML/,220,209,,PUT,7495,0,4598000,9/18/2026,WHITE,0,81,F,INDEX,,F,F,0,0
6/29/2026,2:20:03 PM,SPX,ML/,60,209.93,,PUT,7495,0,1259580,9/18/2026,WHITE,0,81,F,INDEX,,F,F,0,0
6/29/2026,2:31:00 PM,SPX,ML/,63,210.5,,PUT,7495,0,1326150,9/18/2026,WHITE,0,81,F,INDEX,,F,F,0,0
6/29/2026,3:30:46 PM,SPX,ML/,260,208,,PUT,7495,0,5408000,9/18/2026,WHITE,0,81,F,INDEX,,F,F,0,0
6/29/2026,3:08:17 PM,SPX,ML/,70,207.8,,PUT,7495,0,1454600,9/18/2026,WHITE,0,81,F,INDEX,,F,F,0,0
6/29/2026,3:32:55 PM,SPX,ML/,102,208.4,,PUT,7495,0,2125680,9/18/2026,WHITE,0,81,F,INDEX,,F,F,0,0
6/29/2026,10:27:42 AM,RUTW,ML/,50,42.7,,PUT,2950,0,213500,7/17/2026,WHITE,0,18,F,INDEX,,F,F,0,0
6/29/2026,12:14:54 PM,RUT,BLOCK,120,2.4,,PUT,2600,0,28800,7/17/2026,WHITE,0,18,F,INDEX,,F,F,0,0
6/29/2026,10:28:36 AM,SPX,ML/,92,215,,CALL,7430,0,1978000,9/18/2026,WHITE,0,81,F,INDEX,,F,F,0,0
6/29/2026,11:35:06 AM,SPXW,ML/,60,5.29,,PUT,6920,0,31739,7/10/2026,WHITE,0,11,F,INDEX,,F,T,0,0
6/29/2026,3:22:19 PM,SPXW,ML/,62,32.35,,PUT,7275,0,200570,7/14/2026,WHITE,0,15,F,INDEX,,F,T,0,0
6/29/2026,3:22:44 PM,SPXW,ML/,179,32.29,,PUT,7275,0,577991,7/14/2026,WHITE,0,15,F,INDEX,,F,T,0,0
6/29/2026,10:30:04 AM,SPXW,ML/,50,86.3,,CALL,7480,0,431500,7/27/2026,WHITE,0,28,F,INDEX,,F,T,0,0
6/29/2026,1:49:16 PM,SPXW,ML/,50,102.43,,CALL,7480,0,512150,7/27/2026,WHITE,0,28,F,INDEX,,F,T,0,0
6/29/2026,3:08:58 PM,SPXW,ML/,190,1.01,,PUT,2800,0,19190,9/30/2026,WHITE,0,93,F,INDEX,,F,T,0,0
6/29/2026,2:14:54 PM,SPXW,ML/,190,1.03,,PUT,2800,0,19570,9/30/2026,WHITE,0,93,F,INDEX,,F,T,0,0
6/29/2026,3:35:49 PM,SPXW,ML/,195,1.02,,PUT,2800,0,19890,9/30/2026,WHITE,0,93,F,INDEX,,F,T,0,0
6/29/2026,10:30:15 AM,SPX,ML/,200,203.91,,PUT,6000,0,4078200,12/17/2027,WHITE,0,536,F,INDEX,,F,F,0,0
6/29/2026,3:55:56 PM,SPX,ML/,125,197.75,,PUT,6000,0,2471875,12/17/2027,WHITE,0,536,F,INDEX,,F,F,0,0
6/29/2026,3:55:56 PM,SPX,ML/,125,197.8,,PUT,6000,0,2472500,12/17/2027,WHITE,0,536,F,INDEX,,F,F,0,0
6/29/2026,10:30:19 AM,SPXW,BLOCK,250,0.8,,CALL,8200,0,20000,8/4/2026,WHITE,0,36,F,INDEX,,F,T,0,0
6/29/2026,10:50:18 AM,SPX,BLOCK,117,2.65,,PUT,6150,0,31005,7/17/2026,WHITE,0,18,F,INDEX,,F,F,0,0
6/29/2026,10:37:55 AM,SPX,BLOCK,500,0.3,,PUT,4200,0,15000,7/17/2026,WHITE,0,18,F,INDEX,,F,F,0,0
6/29/2026,10:50:34 AM,SPX,BLOCK,400,0.25,,PUT,4200,0,10000,7/17/2026,WHITE,0,18,F,INDEX,,F,F,0,0
6/29/2026,10:42:09 AM,SPX,BLOCK,469,0.3,,PUT,4200,0,14069,7/17/2026,WHITE,0,18,F,INDEX,,F,F,0,0
6/29/2026,1:44:13 PM,SPX,BLOCK,500,0.25,,PUT,4200,0,12500,7/17/2026,WHITE,0,18,F,INDEX,,F,F,0,0
6/29/2026,1:47:39 PM,SPX,BLOCK,418,0.25,,PUT,4200,0,10450,7/17/2026,WHITE,0,18,F,INDEX,,F,F,0,0
6/29/2026,11:17:36 AM,RUT,ML/,924,46.88,,PUT,2840,0,4331712,8/21/2026,WHITE,0,53,F,INDEX,,F,F,0,0
6/29/2026,1:49:04 PM,XSP,ML/,142,1.27,,CALL,781,0,18034,7/31/2026,WHITE,0,32,F,INDEX,,F,T,0,0
6/29/2026,10:30:58 AM,SPX,ML/,50,91.23,,PUT,6975,0,456150,9/18/2026,WHITE,0,81,F,INDEX,,F,F,0,0
6/29/2026,10:30:58 AM,XSP,BLOCK,50,6.4,,PUT,675,0,32000,9/18/2026,WHITE,0,81,F,INDEX,,F,F,0,0
6/29/2026,4:05:46 PM,SPXW,BLOCK,303,0.75,,PUT,6825,0,22725,7/6/2026,WHITE,0,7,F,INDEX,,F,T,0,0
6/29/2026,10:31:39 AM,SPX,BLOCK,100,1,,PUT,3800,0,10000,8/21/2026,WHITE,0,53,F,INDEX,,F,F,0,0
6/29/2026,10:31:58 AM,SPX,BLOCK,65,34.5,,PUT,6330,0,224250,9/18/2026,WHITE,0,81,F,INDEX,,F,F,0,0
6/29/2026,3:37:17 PM,SPXW,BLOCK,600,1.2,,PUT,6100,0,72000,7/14/2026,WHITE,0,15,F,INDEX,,F,T,0,0
6/29/2026,3:46:06 PM,SPXW,BLOCK,164,1.2,,PUT,6100,0,19680,7/14/2026,WHITE,0,15,F,INDEX,,F,T,0,0
6/29/2026,12:04:18 PM,SPX,ML/,92,32.1,,PUT,5300,0,295320,12/18/2026,WHITE,0,172,F,INDEX,,F,F,0,0
6/29/2026,2:59:18 PM,SPX,ML/,100,108.06,,PUT,7140,0,1080600,9/18/2026,WHITE,0,81,F,INDEX,,F,F,0,0
6/29/2026,2:30:05 PM,SPX,ML/,50,73.5,,PUT,7135,0,367500,8/21/2026,WHITE,0,53,F,INDEX,,F,F,0,0
6/29/2026,3:16:28 PM,SPX,ML/,50,72.76,,PUT,7135,0,363800,8/21/2026,WHITE,0,53,F,INDEX,,F,F,0,0
6/29/2026,1:12:06 PM,SPX,ML/,60,37.81,,PUT,5500,0,226860,12/18/2026,WHITE,0,172,F,INDEX,,F,F,0,0
6/29/2026,1:12:52 PM,SPX,ML/,62,37.76,,PUT,5500,0,234112,12/18/2026,WHITE,0,172,F,INDEX,,F,F,0,0
6/29/2026,1:12:52 PM,SPX,ML/,56,37.76,,PUT,5500,0,211456,12/18/2026,WHITE,0,172,F,INDEX,,F,F,0,0
6/29/2026,1:12:52 PM,SPX,ML/,68,37.76,,PUT,5500,0,256767,12/18/2026,WHITE,0,172,F,INDEX,,F,F,0,0
6/29/2026,1:32:01 PM,SPX,ML/,190,37.59,,PUT,5500,0,714210,12/18/2026,WHITE,0,172,F,INDEX,,F,F,0,0
6/29/2026,2:46:11 PM,SPX,ML/,102,37.34,,PUT,5500,0,380868,12/18/2026,WHITE,0,172,F,INDEX,,F,F,0,0
6/29/2026,2:46:11 PM,SPX,ML/,160,37.34,,PUT,5500,0,597440,12/18/2026,WHITE,0,172,F,INDEX,,F,F,0,0
6/29/2026,2:46:11 PM,SPX,ML/,102,37.34,,PUT,5500,0,380868,12/18/2026,WHITE,0,172,F,INDEX,,F,F,0,0
6/29/2026,2:43:48 PM,SPX,ML/,60,37.53,,PUT,5500,0,225180,12/18/2026,WHITE,0,172,F,INDEX,,F,F,0,0
6/29/2026,1:12:08 PM,SPX,ML/,50,37.81,,PUT,5500,0,189050,12/18/2026,WHITE,0,172,F,INDEX,,F,F,0,0
6/29/2026,1:12:52 PM,SPX,ML/,58,37.76,,PUT,5500,0,219008,12/18/2026,WHITE,0,172,F,INDEX,,F,F,0,0
6/29/2026,1:32:02 PM,SPX,ML/,120,37.59,,PUT,5500,0,451080,12/18/2026,WHITE,0,172,F,INDEX,,F,F,0,0
6/29/2026,2:46:11 PM,SPX,ML/,164,37.34,,PUT,5500,0,612376,12/18/2026,WHITE,0,172,F,INDEX,,F,F,0,0
6/29/2026,3:32:28 PM,SPX,ML/,80,37.57,,PUT,5500,0,300560,12/18/2026,WHITE,0,172,F,INDEX,,F,F,0,0
6/29/2026,11:56:43 AM,SPXW,ML/,80,33.85,,CALL,7540,0,270800,7/15/2026,WHITE,0,16,F,INDEX,,F,T,0,0
6/29/2026,10:35:10 AM,SPXW,BLOCK,129,0.9,,PUT,6050,0,11610,7/10/2026,WHITE,0,11,F,INDEX,,F,T,0,0
6/29/2026,10:35:38 AM,SPX,ML/,50,666.55,,PUT,7000,0,3332750,12/19/2031,WHITE,0,1999,F,INDEX,,F,F,0,0
6/29/2026,11:30:01 AM,NDXP,ML/,138,2.13,,CALL,30450,0,29394,6/30/2026,WHITE,0,1,F,INDEX,,F,T,0,0
6/29/2026,11:30:35 AM,NDXP,ML/,108,2.13,,CALL,30450,0,23004,6/30/2026,WHITE,0,1,F,INDEX,,F,T,0,0
6/29/2026,11:37:45 AM,NDXP,ML/,84,2.22,,CALL,30450,0,18648,6/30/2026,WHITE,0,1,F,INDEX,,F,T,0,0
6/29/2026,11:37:49 AM,NDXP,ML/,75,2.22,,CALL,30450,0,16650,6/30/2026,WHITE,0,1,F,INDEX,,F,T,0,0
6/29/2026,12:01:40 PM,NDXP,ML/,102,2.41,,CALL,30450,0,24582,6/30/2026,WHITE,0,1,F,INDEX,,F,T,0,0
6/29/2026,12:16:02 PM,NDXP,ML/,129,2.56,,CALL,30450,0,33024,6/30/2026,WHITE,0,1,F,INDEX,,F,T,0,0
6/29/2026,12:18:43 PM,NDXP,ML/,78,2.55,,CALL,30450,0,19889,6/30/2026,WHITE,0,1,F,INDEX,,F,T,0,0
6/29/2026,12:18:44 PM,NDXP,ML/,52,2.55,,CALL,30450,0,13260,6/30/2026,WHITE,0,1,F,INDEX,,F,T,0,0
6/29/2026,12:16:14 PM,NDXP,ML/,102,2.56,,CALL,30450,0,26112,6/30/2026,WHITE,0,1,F,INDEX,,F,T,0,0
6/29/2026,12:24:52 PM,NDXP,ML/,97,3.2,,CALL,30450,0,31040,6/30/2026,WHITE,0,1,F,INDEX,,F,T,0,0
6/29/2026,11:38:27 AM,NDXP,ML/,499,2.22,,CALL,30450,0,110778,6/30/2026,WHITE,0,1,F,INDEX,,F,T,0,0
6/29/2026,12:05:08 PM,NDXP,ML/,73,2.41,,CALL,30450,0,17593,6/30/2026,WHITE,0,1,F,INDEX,,F,T,0,0
6/29/2026,10:36:54 AM,XSP,ML/,92,7.57,,PUT,746,0,69644,7/2/2026,WHITE,0,3,F,INDEX,,F,T,0,0
6/29/2026,10:38:05 AM,XSP,ML/,64,7.56,,PUT,746,0,48384,7/2/2026,WHITE,0,3,F,INDEX,,F,T,0,0
6/29/2026,10:36:55 AM,XSP,ML/,85,7.57,,PUT,746,0,64345,7/2/2026,WHITE,0,3,F,INDEX,,F,T,0,0
6/29/2026,10:38:06 AM,XSP,ML/,64,7.56,,PUT,746,0,48384,7/2/2026,WHITE,0,3,F,INDEX,,F,T,0,0
6/29/2026,10:37:30 AM,SPX,ML/,120,204.25,,PUT,6500,0,2451000,6/17/2027,WHITE,0,353,F,INDEX,,F,T,0,0
6/29/2026,11:28:08 AM,SPX,ML/,250,205.5,,PUT,6500,0,5137500,6/17/2027,WHITE,0,353,F,INDEX,,F,T,0,0
6/29/2026,10:37:30 AM,SPX,ML/,93,487.44,,CALL,7700,0,4533192,6/17/2027,WHITE,0,353,F,INDEX,,F,T,0,0
6/29/2026,3:06:29 PM,SPX,ML/,50,506.24,,CALL,7700,0,2531200,6/17/2027,WHITE,0,353,F,INDEX,,F,T,0,0
6/29/2026,10:37:30 AM,SPX,ML/,58,686.25,,CALL,7375,0,3980250,6/17/2027,WHITE,0,353,F,INDEX,,F,T,0,0
6/29/2026,10:37:30 AM,SPX,ML/,73,397.66,,PUT,7375,0,2902918,6/17/2027,WHITE,0,353,F,INDEX,,F,T,0,0
6/29/2026,3:21:42 PM,SPX,ML/,100,320.51,,CALL,7500,0,3205100,11/20/2026,WHITE,0,144,F,INDEX,,F,F,0,0
6/29/2026,4:12:54 PM,SPX,BLOCK,50,320.7,,CALL,7500,0,1603500,11/20/2026,WHITE,0,144,F,INDEX,,F,F,0,0
6/29/2026,11:37:16 AM,VIX,ML/,960,2.4,,PUT,19.5,0,230400,8/19/2026,WHITE,0,51,F,INDEX,,F,T,0,0
6/29/2026,10:38:44 AM,VIX,ML/,3200,2.35,,PUT,19.5,0,752000,8/19/2026,WHITE,0,51,F,INDEX,,F,T,0,0
6/29/2026,12:52:10 PM,VIX,ML/,360,2.4,,PUT,19.5,0,86400,8/19/2026,WHITE,0,51,F,INDEX,,F,T,0,0
6/29/2026,3:22:51 PM,VIX,ML/,480,2.42,,PUT,19.5,0,116159,8/19/2026,WHITE,0,51,F,INDEX,,F,T,0,0
6/29/2026,11:55:31 AM,SPXW,ML/,60,30.82,,CALL,7540,0,184920,7/14/2026,WHITE,0,15,F,INDEX,,F,T,0,0
6/29/2026,3:51:31 PM,SPXW,ML/,80,71.11,,CALL,7455,0,568880,7/13/2026,WHITE,0,14,F,INDEX,,F,T,0,0
6/29/2026,11:53:50 AM,SPXW,ML/,50,96.86,,PUT,7390,0,484300,7/24/2026,WHITE,0,25,F,INDEX,,F,T,0,0
6/29/2026,3:16:16 PM,SPX,ML/,62,989.78,,CALL,6500,0,6136636,8/21/2026,WHITE,0,53,F,INDEX,,F,F,0,0
6/29/2026,3:16:22 PM,SPX,ML/,232,989.08,,CALL,6500,0,22946656,8/21/2026,WHITE,0,53,F,INDEX,,F,F,0,0
6/29/2026,10:42:23 AM,SPX,ML/,200,78.71,,CALL,8525,0,1574199,3/19/2027,WHITE,0,263,F,INDEX,,F,F,0,0
6/29/2026,11:17:36 AM,RUT,ML/,660,9.99,,PUT,2770,0,659340,7/17/2026,WHITE,0,18,F,INDEX,,F,F,0,0
6/29/2026,3:43:22 PM,SPXW,ML/,55,92.05,,CALL,7490,0,506275,7/24/2026,WHITE,0,25,F,INDEX,,F,T,0,0
6/29/2026,3:43:26 PM,SPXW,ML/,54,92.2,,CALL,7490,0,497880,7/24/2026,WHITE,0,25,F,INDEX,,F,T,0,0
6/29/2026,3:37:36 PM,SPXW,SWEEP,111,2.5,,PUT,6830,0,27750,7/10/2026,WHITE,0,11,F,INDEX,,F,T,0,0
6/29/2026,3:40:33 PM,SPXW,BLOCK,144,2.5,,PUT,6830,0,36000,7/10/2026,WHITE,0,11,F,INDEX,,F,T,0,0
6/29/2026,10:52:18 AM,SPX,ML/,50,154.94,,CALL,8500,0,774700,6/17/2027,WHITE,0,353,F,INDEX,,F,T,0,0
6/29/2026,10:44:03 AM,SPXW,ML/,50,114.43,,CALL,7475,0,572150,8/3/2026,WHITE,0,35,F,INDEX,,F,T,0,0
6/29/2026,10:44:03 AM,SPXW,ML/,50,110.88,,CALL,7475,0,554400,7/31/2026,WHITE,0,32,F,INDEX,,F,T,0,0
6/29/2026,2:49:24 PM,SPXW,ML/,200,124.11,,CALL,7475,0,2482200,7/31/2026,WHITE,0,32,F,INDEX,,F,T,0,0
6/29/2026,10:44:22 AM,RUTW,ML/,55,12.17,,PUT,2645,0,66935,8/7/2026,WHITE,0,39,F,INDEX,,F,T,0,0
6/29/2026,10:44:22 AM,RUTW,ML/,55,12.47,,PUT,2650,0,68585,8/7/2026,WHITE,0,39,F,INDEX,,F,T,0,0
6/29/2026,10:44:41 AM,SPX,ML/,1000,565.75,,CALL,7950,0,56575000,12/17/2027,WHITE,0,536,F,INDEX,,F,F,0,0
6/29/2026,11:17:51 AM,SPXW,ML/,65,2.02,,PUT,5000,0,13130,8/5/2026,WHITE,0,37,F,INDEX,,F,T,0,0
6/29/2026,11:56:40 AM,SPXW,ML/,84,39.67,,CALL,7545,0,333228,7/17/2026,WHITE,0,18,F,INDEX,,F,F,0,0
6/29/2026,1:07:46 PM,SPXW,ML/,72,93.52,,CALL,7550,0,673344,8/7/2026,WHITE,0,39,F,INDEX,,F,T,0,0
6/29/2026,10:45:41 AM,RUTW,ML/,50,14.23,,PUT,2670,0,71150,8/7/2026,WHITE,0,39,F,INDEX,,F,T,0,0
6/29/2026,10:45:41 AM,RUTW,ML/,50,14.6,,PUT,2675,0,73000,8/7/2026,WHITE,0,39,F,INDEX,,F,T,0,0
6/29/2026,11:17:03 AM,SPXW,ML/,60,73.92,,CALL,7465,0,443520,7/17/2026,WHITE,0,18,F,INDEX,,F,F,0,0
6/29/2026,12:59:14 PM,SPXW,ML/,52,47.34,,CALL,7540,0,246168,7/20/2026,WHITE,0,21,F,INDEX,,F,T,0,0
6/29/2026,12:21:10 PM,SPX,ML/,100,686.4,,PUT,8100,0,6864000,6/17/2027,WHITE,0,353,F,INDEX,,F,T,0,0
6/29/2026,10:46:42 AM,SPX,ML/,70,511.8,,PUT,7700,0,3582600,6/17/2027,WHITE,0,353,F,INDEX,,F,T,0,0
6/29/2026,3:06:29 PM,SPX,ML/,50,497.4,,PUT,7700,0,2487000,6/17/2027,WHITE,0,353,F,INDEX,,F,T,0,0
6/29/2026,11:02:00 AM,SPX,ML/,50,79.15,,PUT,7125,0,395750,8/21/2026,WHITE,0,53,F,INDEX,,F,F,0,0
6/29/2026,3:41:31 PM,SPXW,BLOCK,100,68,,CALL,7540,0,680000,7/24/2026,WHITE,0,25,F,INDEX,,F,T,0,0
6/29/2026,10:48:29 AM,SPXW,ML/,76,200.51,,PUT,7570,0,1523875,7/24/2026,WHITE,0,25,F,INDEX,,F,T,0,0
6/29/2026,10:48:29 AM,SPXW,ML/,76,180.3,,PUT,7570,0,1370280,7/10/2026,WHITE,0,11,F,INDEX,,F,T,0,0
6/29/2026,12:53:46 PM,SPX,ML/,306,11.34,,PUT,6940,0,347004,7/17/2026,WHITE,0,18,F,INDEX,,F,F,0,0
6/29/2026,12:51:51 PM,SPX,ML/,118,11.53,,PUT,6940,0,136054,7/17/2026,WHITE,0,18,F,INDEX,,F,F,0,0
6/29/2026,12:52:57 PM,SPX,ML/,104,11.45,,PUT,6940,0,119080,7/17/2026,WHITE,0,18,F,INDEX,,F,F,0,0
6/29/2026,12:52:57 PM,SPX,ML/,126,11.35,,PUT,6940,0,143010,7/17/2026,WHITE,0,18,F,INDEX,,F,F,0,0
6/29/2026,11:41:50 AM,SPX,ML/,2000,555.68,,PUT,8000,0,111136000,8/21/2026,WHITE,0,53,F,INDEX,,F,F,0,0
6/29/2026,10:48:42 AM,SPX,ML/,750,571.85,,PUT,8000,0,42888750,8/21/2026,WHITE,0,53,F,INDEX,,F,F,0,0
6/29/2026,11:41:50 AM,SPX,ML/,3000,555.68,,PUT,8000,0,166703999,8/21/2026,WHITE,0,53,F,INDEX,,F,F,0,0
6/29/2026,10:49:27 AM,NDX,ML/,250,1598.96,,CALL,28000,0,39974000,7/17/2026,WHITE,0,18,F,INDEX,,F,F,0,0
6/29/2026,10:49:27 AM,NDX,ML/,250,1341.22,,PUT,28000,0,33530500,12/18/2026,WHITE,0,172,F,INDEX,,F,F,0,0
6/29/2026,10:49:27 AM,NDX,ML/,250,3159.04,,CALL,28000,0,78976000,12/18/2026,WHITE,0,172,F,INDEX,,F,F,0,0
6/29/2026,10:58:50 AM,NDX,ML/,59,1142.25,,CALL,32000,0,6739275,12/18/2026,WHITE,0,172,F,INDEX,,F,F,0,0
6/29/2026,10:49:39 AM,SPXW,ML/,76,16.07,,CALL,7690,0,122132,7/24/2026,WHITE,0,25,F,INDEX,,F,T,0,0
6/29/2026,10:49:39 AM,SPXW,ML/,76,13.12,,CALL,7710,0,99711,7/24/2026,WHITE,0,25,F,INDEX,,F,T,0,0
6/29/2026,2:45:17 PM,SPX,ML/,900,27.8,,PUT,7195,0,2502000,7/17/2026,WHITE,0,18,F,INDEX,,F,F,0,0
6/29/2026,1:58:26 PM,SPXW,BLOCK,76,45,,PUT,7050,0,342000,8/7/2026,WHITE,0,39,F,INDEX,,F,T,0,0
6/29/2026,1:58:29 PM,SPXW,BLOCK,461,45,,PUT,7050,0,2074500,8/7/2026,WHITE,0,39,F,INDEX,,F,T,0,0
6/29/2026,10:50:45 AM,SPX,ML/,211,25.05,,PUT,7080,0,528555,7/17/2026,WHITE,0,18,F,INDEX,,F,F,0,0
6/29/2026,10:50:45 AM,SPX,ML/,107,35.61,,PUT,7165,0,381027,7/17/2026,WHITE,0,18,F,INDEX,,F,F,0,0
6/29/2026,10:50:45 AM,SPX,ML/,477,84.78,,PUT,6930,0,4044006,9/18/2026,WHITE,0,81,F,INDEX,,F,F,0,0
6/29/2026,10:50:45 AM,SPX,ML/,191,65.08,,PUT,7015,0,1243028,8/21/2026,WHITE,0,53,F,INDEX,,F,F,0,0
6/29/2026,10:50:45 AM,SPX,ML/,137,57.22,,PUT,6955,0,783914,8/21/2026,WHITE,0,53,F,INDEX,,F,F,0,0
6/29/2026,2:30:05 PM,SPX,ML/,50,145.25,,CALL,7510,0,726250,8/21/2026,WHITE,0,53,F,INDEX,,F,F,0,0
6/29/2026,10:53:24 AM,SPXW,ML/,176,23.05,,PUT,6825,0,405680,7/31/2026,WHITE,0,32,F,INDEX,,F,T,0,0
6/29/2026,10:53:25 AM,SPXW,ML/,249,22.93,,PUT,6825,0,570957,7/31/2026,WHITE,0,32,F,INDEX,,F,T,0,0
6/29/2026,10:54:04 AM,SPXW,ML/,55,77.85,,CALL,7545,0,428175,7/31/2026,WHITE,0,32,F,INDEX,,F,T,0,0
6/29/2026,1:02:47 PM,SPXW,ML/,84,79.65,,CALL,7545,0,669060,7/31/2026,WHITE,0,32,F,INDEX,,F,T,0,0
6/29/2026,1:16:52 PM,SPX,ML/,150,247.3,,CALL,7700,0,3709500,12/18/2026,WHITE,0,172,F,INDEX,,F,F,0,0
6/29/2026,10:55:05 AM,SPX,BLOCK,74,10.3,,PUT,5950,0,76220,8/21/2026,WHITE,0,53,F,INDEX,,F,F,0,0
6/29/2026,2:55:33 PM,SPX,ML/,188,242.07,,PUT,7400,0,4550916,11/20/2026,WHITE,0,144,F,INDEX,,F,F,0,0
6/29/2026,1:07:46 PM,SPXW,ML/,72,98.17,,CALL,7540,0,706824,8/7/2026,WHITE,0,39,F,INDEX,,F,T,0,0
6/29/2026,11:26:06 AM,SPX,ML/,900,563.49,,PUT,8000,0,50714100,9/18/2026,WHITE,0,81,F,INDEX,,F,F,0,0
6/29/2026,11:27:00 AM,SPX,ML/,5000,563.49,,PUT,8000,0,281745000,9/18/2026,WHITE,0,81,F,INDEX,,F,F,0,0
6/29/2026,12:36:28 PM,SPX,ML/,350,550.99,,PUT,8000,0,19284650,9/18/2026,WHITE,0,81,F,INDEX,,F,F,0,0
6/29/2026,4:13:25 PM,SPX,ML/,100,528.33,,PUT,8000,0,5283300,9/18/2026,WHITE,0,81,F,INDEX,,F,F,0,0
6/29/2026,11:27:21 AM,SPX,ML/,100,563.49,,PUT,8000,0,5634900,9/18/2026,WHITE,0,81,F,INDEX,,F,F,0,0
6/29/2026,12:36:28 PM,SPX,ML/,600,550.99,,PUT,8000,0,33059400,9/18/2026,WHITE,0,81,F,INDEX,,F,F,0,0
6/29/2026,1:14:55 PM,SPX,ML/,1250,533.95,,PUT,8000,0,66743750,9/18/2026,WHITE,0,81,F,INDEX,,F,F,0,0
6/29/2026,1:16:43 PM,SPX,ML/,500,533.85,,PUT,8000,0,26692500,9/18/2026,WHITE,0,81,F,INDEX,,F,F,0,0
6/29/2026,1:34:17 PM,SPX,ML/,1750,531.32,,PUT,8000,0,92981000,9/18/2026,WHITE,0,81,F,INDEX,,F,F,0,0
6/29/2026,4:08:46 PM,SPX,ML/,250,530.55,,PUT,8000,0,13263750,9/18/2026,WHITE,0,81,F,INDEX,,F,F,0,0
6/29/2026,4:23:30 PM,SPX,ML/,100,528.33,,PUT,8000,0,5283300,9/18/2026,WHITE,0,81,F,INDEX,,F,F,0,0
6/29/2026,4:15:13 PM,SPX,ML/,650,528.14,,PUT,8000,0,34329100,9/18/2026,WHITE,0,81,F,INDEX,,F,F,0,0
6/29/2026,1:59:38 PM,SPXW,ML/,71,69.72,,CALL,7580,0,495012,7/31/2026,WHITE,0,32,F,INDEX,,F,T,0,0
6/29/2026,3:45:39 PM,SPXW,ML/,83,70.2,,CALL,7580,0,582660,7/31/2026,WHITE,0,32,F,INDEX,,F,T,0,0
6/29/2026,10:59:16 AM,SPXW,ML/,125,107.33,,CALL,7540,0,1341625,8/14/2026,WHITE,0,46,F,INDEX,,F,T,0,0
6/29/2026,1:08:23 PM,SPXW,ML/,194,112.32,,CALL,7540,0,2179008,8/14/2026,WHITE,0,46,F,INDEX,,F,T,0,0
6/29/2026,10:59:37 AM,RUTW,ML/,50,7.45,,PUT,2610,0,37250,7/31/2026,WHITE,0,32,F,INDEX,,F,T,0,0
6/29/2026,10:59:37 AM,RUTW,ML/,50,7.85,,PUT,2620,0,39250,7/31/2026,WHITE,0,32,F,INDEX,,F,T,0,0
6/29/2026,3:06:24 PM,SPXW,ML/,62,518.84,,CALL,6920,0,3216808,7/1/2026,WHITE,0,2,F,INDEX,,F,T,0,0
6/29/2026,11:00:04 AM,SPXW,ML/,231,118.92,,CALL,7545,0,2747052,8/21/2026,WHITE,0,53,F,INDEX,,F,F,0,0
6/29/2026,1:08:24 PM,SPXW,ML/,355,122.89,,CALL,7545,0,4362595,8/21/2026,WHITE,0,53,F,INDEX,,F,F,0,0
6/29/2026,1:10:16 PM,SPXW,ML/,266,4.71,,PUT,6000,0,125286,7/31/2026,WHITE,0,32,F,INDEX,,F,T,0,0
6/29/2026,1:10:16 PM,SPXW,ML/,58,4.71,,PUT,6000,0,27318,7/31/2026,WHITE,0,32,F,INDEX,,F,T,0,0
6/29/2026,1:10:59 PM,SPXW,ML/,100,4.71,,PUT,6000,0,47100,7/31/2026,WHITE,0,32,F,INDEX,,F,T,0,0
6/29/2026,1:11:23 PM,SPXW,ML/,142,4.71,,PUT,6000,0,66882,7/31/2026,WHITE,0,32,F,INDEX,,F,T,0,0
6/29/2026,1:12:01 PM,SPXW,ML/,200,4.71,,PUT,6000,0,94200,7/31/2026,WHITE,0,32,F,INDEX,,F,T,0,0
6/29/2026,1:12:50 PM,SPXW,ML/,126,4.71,,PUT,6000,0,59346,7/31/2026,WHITE,0,32,F,INDEX,,F,T,0,0
6/29/2026,1:13:04 PM,SPXW,ML/,200,4.7,,PUT,6000,0,94000,7/31/2026,WHITE,0,32,F,INDEX,,F,T,0,0
6/29/2026,1:13:06 PM,SPXW,ML/,88,4.7,,PUT,6000,0,41360,7/31/2026,WHITE,0,32,F,INDEX,,F,T,0,0
6/29/2026,1:13:06 PM,SPXW,ML/,170,4.7,,PUT,6000,0,79900,7/31/2026,WHITE,0,32,F,INDEX,,F,T,0,0
6/29/2026,1:13:07 PM,SPXW,ML/,178,4.7,,PUT,6000,0,83660,7/31/2026,WHITE,0,32,F,INDEX,,F,T,0,0
6/29/2026,1:13:07 PM,SPXW,ML/,58,4.7,,PUT,6000,0,27260,7/31/2026,WHITE,0,32,F,INDEX,,F,T,0,0
6/29/2026,1:13:12 PM,SPXW,ML/,172,4.7,,PUT,6000,0,80840,7/31/2026,WHITE,0,32,F,INDEX,,F,T,0,0
6/29/2026,1:13:17 PM,SPXW,ML/,74,4.69,,PUT,6000,0,34706,7/31/2026,WHITE,0,32,F,INDEX,,F,T,0,0
6/29/2026,1:31:06 PM,SPXW,ML/,160,4.69,,PUT,6000,0,75040,7/31/2026,WHITE,0,32,F,INDEX,,F,T,0,0
6/29/2026,1:31:37 PM,SPXW,ML/,228,4.61,,PUT,6000,0,105108,7/31/2026,WHITE,0,32,F,INDEX,,F,T,0,0
6/29/2026,1:31:40 PM,SPXW,ML/,222,4.6,,PUT,6000,0,102119,7/31/2026,WHITE,0,32,F,INDEX,,F,T,0,0
6/29/2026,1:31:38 PM,SPXW,ML/,388,4.61,,PUT,6000,0,178868,7/31/2026,WHITE,0,32,F,INDEX,,F,T,0,0
6/29/2026,1:31:49 PM,SPXW,ML/,84,4.6,,PUT,6000,0,38640,7/31/2026,WHITE,0,32,F,INDEX,,F,T,0,0
6/29/2026,2:04:39 PM,SPXW,ML/,178,4.58,,PUT,6000,0,81524,7/31/2026,WHITE,0,32,F,INDEX,,F,T,0,0
6/29/2026,2:04:39 PM,SPXW,ML/,142,4.54,,PUT,6000,0,64468,7/31/2026,WHITE,0,32,F,INDEX,,F,T,0,0
6/29/2026,2:04:40 PM,SPXW,ML/,76,4.54,,PUT,6000,0,34504,7/31/2026,WHITE,0,32,F,INDEX,,F,T,0,0
6/29/2026,3:57:18 PM,SPXW,ML/,110,4.5,,PUT,6000,0,49500,7/31/2026,WHITE,0,32,F,INDEX,,F,T,0,0
6/29/2026,3:57:49 PM,SPXW,ML/,129,4.5,,PUT,6000,0,58050,7/31/2026,WHITE,0,32,F,INDEX,,F,T,0,0
6/29/2026,3:58:10 PM,SPXW,ML/,58,4.49,,PUT,6000,0,26042,7/31/2026,WHITE,0,32,F,INDEX,,F,T,0,0
6/29/2026,3:57:49 PM,SPXW,ML/,75,4.5,,PUT,6000,0,33750,7/31/2026,WHITE,0,32,F,INDEX,,F,T,0,0
6/29/2026,3:58:11 PM,SPXW,ML/,58,4.49,,PUT,6000,0,26042,7/31/2026,WHITE,0,32,F,INDEX,,F,T,0,0
6/29/2026,3:58:18 PM,SPXW,ML/,150,4.5,,PUT,6000,0,67500,7/31/2026,WHITE,0,32,F,INDEX,,F,T,0,0
6/29/2026,3:58:18 PM,SPXW,ML/,2791,4.49,,PUT,6000,0,1253159,7/31/2026,WHITE,0,32,F,INDEX,,F,T,0,0
6/29/2026,3:58:32 PM,SPXW,ML/,90,4.49,,PUT,6000,0,40410,7/31/2026,WHITE,0,32,F,INDEX,,F,T,0,0
6/29/2026,3:58:33 PM,SPXW,ML/,148,4.49,,PUT,6000,0,66452,7/31/2026,WHITE,0,32,F,INDEX,,F,T,0,0
6/29/2026,3:58:34 PM,SPXW,ML/,190,4.49,,PUT,6000,0,85310,7/31/2026,WHITE,0,32,F,INDEX,,F,T,0,0
6/29/2026,11:18:35 AM,SPXW,ML/,123,5.34,,PUT,6000,0,65682,7/31/2026,WHITE,0,32,F,INDEX,,F,T,0,0
6/29/2026,1:10:15 PM,SPXW,ML/,62,4.78,,PUT,6000,0,29636,7/31/2026,WHITE,0,32,F,INDEX,,F,T,0,0
6/29/2026,1:12:50 PM,SPXW,ML/,70,4.71,,PUT,6000,0,32970,7/31/2026,WHITE,0,32,F,INDEX,,F,T,0,0
6/29/2026,1:31:06 PM,SPXW,ML/,86,4.69,,PUT,6000,0,40334,7/31/2026,WHITE,0,32,F,INDEX,,F,T,0,0
6/29/2026,1:31:11 PM,SPXW,ML/,108,4.68,,PUT,6000,0,50543,7/31/2026,WHITE,0,32,F,INDEX,,F,T,0,0
6/29/2026,1:32:01 PM,SPXW,ML/,168,4.61,,PUT,6000,0,77448,7/31/2026,WHITE,0,32,F,INDEX,,F,T,0,0
6/29/2026,1:53:56 PM,SPXW,ML/,50,4.6,,PUT,6000,0,22999,7/31/2026,WHITE,0,32,F,INDEX,,F,T,0,0
6/29/2026,2:04:39 PM,SPXW,ML/,58,4.58,,PUT,6000,0,26564,7/31/2026,WHITE,0,32,F,INDEX,,F,T,0,0
6/29/2026,2:04:40 PM,SPXW,ML/,52,4.54,,PUT,6000,0,23608,7/31/2026,WHITE,0,32,F,INDEX,,F,T,0,0
6/29/2026,3:50:00 PM,SPXW,ML/,58,4.45,,PUT,6000,0,25810,7/31/2026,WHITE,0,32,F,INDEX,,F,T,0,0
6/29/2026,3:58:35 PM,SPXW,ML/,162,4.49,,PUT,6000,0,72738,7/31/2026,WHITE,0,32,F,INDEX,,F,T,0,0
6/29/2026,3:58:33 PM,SPXW,ML/,198,4.48,,PUT,6000,0,88704,7/31/2026,WHITE,0,32,F,INDEX,,F,T,0,0
6/29/2026,12:45:43 PM,SPX,ML/,148,277,,PUT,7350,0,4099600,1/15/2027,WHITE,0,200,F,INDEX,,F,F,0,0
6/29/2026,11:03:07 AM,SPXW,ML/,52,128.37,,CALL,7550,0,667524,8/28/2026,WHITE,0,60,F,INDEX,,F,T,0,0
6/29/2026,11:01:49 AM,SPX,ML/,55,92.5,,CALL,8100,0,508750,12/18/2026,WHITE,0,172,F,INDEX,,F,F,0,0
6/29/2026,3:06:17 PM,SPX,ML/,150,100.87,,CALL,8100,0,1513050,12/18/2026,WHITE,0,172,F,INDEX,,F,F,0,0
6/29/2026,12:01:34 PM,SPX,ML/,60,20.85,,PUT,7095,0,125100,7/17/2026,WHITE,0,18,F,INDEX,,F,F,0,0
6/29/2026,11:02:17 AM,SPXW,ML/,60,131.85,,CALL,7550,0,791100,8/31/2026,WHITE,0,63,F,INDEX,,F,T,0,0
6/29/2026,11:54:19 AM,SPXW,ML/,200,132.5,,CALL,7550,0,2650000,8/31/2026,WHITE,0,63,F,INDEX,,F,T,0,0
6/29/2026,1:07:11 PM,SPXW,ML/,300,138.3,,CALL,7550,0,4149000,8/31/2026,WHITE,0,63,F,INDEX,,F,T,0,0
6/29/2026,2:57:50 PM,SPXW,ML/,148,350.37,,CALL,7400,0,5185476,10/30/2026,WHITE,0,123,F,INDEX,,F,T,0,0
6/29/2026,11:03:08 AM,SPX,ML/,50,131.04,,CALL,8600,0,655199,6/17/2027,WHITE,0,353,F,INDEX,,F,T,0,0
6/29/2026,3:45:20 PM,SPXW,BLOCK,50,20.1,,PUT,6350,0,100500,8/28/2026,WHITE,0,60,F,INDEX,,F,T,0,0
6/29/2026,11:04:53 AM,SPX,BLOCK,100,178.6,,CALL,8125,0,1786000,3/19/2027,WHITE,0,263,F,INDEX,,F,F,0,0
6/29/2026,11:07:02 AM,SPXW,ML/,701,167.12,,CALL,7545,0,11715112,9/18/2026,WHITE,0,81,F,INDEX,,F,F,0,0
6/29/2026,3:33:45 PM,SPXW,BLOCK,50,5.6,,PUT,6450,0,28000,7/24/2026,WHITE,0,25,F,INDEX,,F,T,0,0
6/29/2026,11:18:02 AM,SPX,ML/,64,13.16,,PUT,5000,0,84224,10/16/2026,WHITE,0,109,F,INDEX,,F,F,0,0
6/29/2026,1:32:03 PM,SPX,ML/,50,12.53,,PUT,5000,0,62650,10/16/2026,WHITE,0,109,F,INDEX,,F,F,0,0
6/29/2026,2:52:43 PM,SPX,ML/,64,12.27,,PUT,5000,0,78528,10/16/2026,WHITE,0,109,F,INDEX,,F,F,0,0
6/29/2026,11:08:46 AM,SPXW,ML/,67,3.61,,CALL,7925,0,24187,7/31/2026,WHITE,0,32,F,INDEX,,F,T,0,0
6/29/2026,11:08:46 AM,SPXW,ML/,61,3.61,,CALL,7925,0,22020,7/31/2026,WHITE,0,32,F,INDEX,,F,T,0,0
6/29/2026,11:09:24 AM,SPX,BLOCK,74,173.4,,PUT,7090,0,1283160,11/20/2026,WHITE,0,144,F,INDEX,,F,F,0,0
6/29/2026,3:28:31 PM,VIX,ML/,75,5.2,,PUT,23,0,39000,7/22/2026,WHITE,0,23,F,INDEX,,F,T,0,0
6/29/2026,3:50:22 PM,VIX,ML/,50,5.2,,PUT,23,0,26000,7/22/2026,WHITE,0,23,F,INDEX,,F,T,0,0
6/29/2026,11:24:59 AM,SPX,ML/,50,632.85,,CALL,7450,0,3164250,6/17/2027,WHITE,0,353,F,INDEX,,F,T,0,0
6/29/2026,4:05:49 PM,RUTW,ML/,55,12.64,,CALL,3200,0,69520,7/31/2026,WHITE,0,32,F,INDEX,,F,T,0,0
6/29/2026,12:35:16 PM,XSP,BLOCK,60,6.13,,PUT,715,0,36780,8/7/2026,WHITE,0,39,F,INDEX,,F,T,0,0
6/29/2026,11:14:47 AM,SPX,BLOCK,133,70.4,,PUT,6100,0,936320,12/18/2026,WHITE,0,172,F,INDEX,,F,F,0,0
6/29/2026,11:13:55 AM,SPX,BLOCK,57,70.9,,PUT,6100,0,404130,12/18/2026,WHITE,0,172,F,INDEX,,F,F,0,0
6/29/2026,11:14:53 AM,SPX,BLOCK,100,70.4,,PUT,6100,0,704000,12/18/2026,WHITE,0,172,F,INDEX,,F,F,0,0
6/29/2026,11:16:10 AM,SPX,BLOCK,169,70.2,,PUT,6100,0,1186380,12/18/2026,WHITE,0,172,F,INDEX,,F,F,0,0
6/29/2026,3:35:25 PM,SPX,ML/,800,66.91,,PUT,6100,0,5352800,12/18/2026,WHITE,0,172,F,INDEX,,F,F,0,0
6/29/2026,11:12:45 AM,VIX,ML/,25000,4.02,,PUT,22,0,10049999,11/18/2026,WHITE,0,142,F,INDEX,,F,T,0,0
6/29/2026,11:13:09 AM,SPX,BLOCK,58,234.4,,PUT,6675,0,1359520,6/17/2027,WHITE,0,353,F,INDEX,,F,T,0,0
6/29/2026,11:13:37 AM,SPX,BLOCK,85,234.4,,PUT,6675,0,1992400,6/17/2027,WHITE,0,353,F,INDEX,,F,T,0,0
6/29/2026,1:42:08 PM,SPX,ML/,150,191.9,,PUT,7100,0,2878500,12/18/2026,WHITE,0,172,F,INDEX,,F,F,0,0
6/29/2026,11:54:19 AM,SPXW,ML/,200,117.78,,PUT,7250,0,2355600,8/31/2026,WHITE,0,63,F,INDEX,,F,T,0,0
6/29/2026,12:20:10 PM,SPXW,BLOCK,56,102,,PUT,7200,0,571200,8/31/2026,WHITE,0,63,F,INDEX,,F,T,0,0
6/29/2026,3:59:49 PM,SPXW,ML/,300,97.2,,PUT,7200,0,2916000,8/31/2026,WHITE,0,63,F,INDEX,,F,T,0,0
6/29/2026,12:04:18 PM,SPX,ML/,121,155.15,,CALL,7900,0,1877315,12/18/2026,WHITE,0,172,F,INDEX,,F,F,0,0
6/29/2026,11:15:45 AM,SPX,ML/,200,2500.9,,CALL,5000,0,50018000,12/18/2026,WHITE,0,172,F,INDEX,,F,F,0,0
6/29/2026,11:15:55 AM,SPX,ML/,150,2503.3,,CALL,5000,0,37549500,12/18/2026,WHITE,0,172,F,INDEX,,F,F,0,0
6/29/2026,11:18:59 AM,SPX,BLOCK,125,20.2,,PUT,3900,0,252500,3/19/2027,WHITE,0,263,F,INDEX,,F,F,0,0
6/29/2026,1:36:08 PM,SPXW,ML/,62,22.97,,PUT,6775,0,142414,8/7/2026,WHITE,0,39,F,INDEX,,F,T,0,0
6/29/2026,1:36:09 PM,SPXW,ML/,68,22.95,,PUT,6775,0,156060,8/7/2026,WHITE,0,39,F,INDEX,,F,T,0,0
6/29/2026,11:18:07 AM,SPX,BLOCK,69,18.3,,PUT,4000,0,126270,2/19/2027,WHITE,0,235,F,INDEX,,F,F,0,0
6/29/2026,11:17:06 AM,VIX,ML/,239,1.72,,PUT,18.5,0,41108,8/19/2026,WHITE,0,51,F,INDEX,,F,T,0,0
6/29/2026,2:12:12 PM,VIX,ML/,5400,0.8,,CALL,32,0,432000,8/19/2026,WHITE,0,51,F,INDEX,,F,T,0,0
6/29/2026,3:11:10 PM,SPX,ML/,200,781.6,,CALL,7600,0,15632000,12/17/2027,WHITE,0,536,F,INDEX,,F,F,0,0
6/29/2026,11:17:36 AM,RUT,ML/,276,206.27,,CALL,3200,0,5693052,6/17/2027,WHITE,0,353,F,INDEX,,F,T,0,0
6/29/2026,11:17:36 AM,RUT,ML/,120,28.11,,CALL,3180,0,337320,8/21/2026,WHITE,0,53,F,INDEX,,F,F,0,0
6/29/2026,11:18:02 AM,SPX,ML/,259,3.46,,PUT,3500,0,89614,10/16/2026,WHITE,0,109,F,INDEX,,F,F,0,0
6/29/2026,2:52:43 PM,SPX,ML/,259,3.27,,PUT,3500,0,84693,10/16/2026,WHITE,0,109,F,INDEX,,F,F,0,0
6/29/2026,11:18:02 AM,SPX,ML/,259,0.69,,PUT,3500,0,17870,8/21/2026,WHITE,0,53,F,INDEX,,F,F,0,0
6/29/2026,2:52:43 PM,SPX,ML/,259,0.67,,PUT,3500,0,17353,8/21/2026,WHITE,0,53,F,INDEX,,F,F,0,0
6/29/2026,11:18:02 AM,SPX,ML/,78,2.17,,PUT,4500,0,16926,8/21/2026,WHITE,0,53,F,INDEX,,F,F,0,0
6/29/2026,2:52:43 PM,SPX,ML/,78,1.95,,PUT,4500,0,15210,8/21/2026,WHITE,0,53,F,INDEX,,F,F,0,0
6/29/2026,1:36:49 PM,SPXW,ML/,82,17.41,,PUT,6775,0,142762,7/31/2026,WHITE,0,32,F,INDEX,,F,T,0,0
6/29/2026,11:37:16 AM,VIX,ML/,4000,0.97,,CALL,29,0,388000,8/19/2026,WHITE,0,51,F,INDEX,,F,T,0,0
6/29/2026,12:11:08 PM,VIX,ML/,1000,0.63,,CALL,47.5,0,63000,9/16/2026,WHITE,0,79,F,INDEX,,F,T,0,0
6/29/2026,11:38:19 AM,SPXW,ML/,100,10.85,,CALL,7665,0,108500,7/17/2026,WHITE,0,18,F,INDEX,,F,F,0,0
6/29/2026,1:49:04 PM,XSP,ML/,70,2.09,,PUT,685,0,14629,7/31/2026,WHITE,0,32,F,INDEX,,F,T,0,0
6/29/2026,1:49:04 PM,XSP,ML/,70,2.09,,PUT,685,0,14629,7/31/2026,WHITE,0,32,F,INDEX,,F,T,0,0
6/29/2026,1:49:04 PM,XSP,ML/,70,2.09,,PUT,685,0,14629,7/31/2026,WHITE,0,32,F,INDEX,,F,T,0,0
6/29/2026,1:49:04 PM,XSP,ML/,142,2.09,,PUT,685,0,29677,7/31/2026,WHITE,0,32,F,INDEX,,F,T,0,0
6/29/2026,3:42:31 PM,VIX,ML/,189,1.13,,PUT,17.5,0,21357,8/19/2026,WHITE,0,51,F,INDEX,,F,T,0,0
6/29/2026,3:42:40 PM,VIX,ML/,171,1.13,,PUT,17.5,0,19323,8/19/2026,WHITE,0,51,F,INDEX,,F,T,0,0
6/29/2026,3:49:25 PM,VIX,ML/,360,1.13,,PUT,17.5,0,40679,8/19/2026,WHITE,0,51,F,INDEX,,F,T,0,0
6/29/2026,3:53:19 PM,VIX,ML/,360,1.13,,PUT,17.5,0,40679,8/19/2026,WHITE,0,51,F,INDEX,,F,T,0,0
6/29/2026,3:57:02 PM,VIX,ML/,360,1.13,,PUT,17.5,0,40679,8/19/2026,WHITE,0,51,F,INDEX,,F,T,0,0
6/29/2026,4:05:29 PM,VIX,ML/,359,1.13,,PUT,17.5,0,40566,8/19/2026,WHITE,0,51,F,INDEX,,F,T,0,0
6/29/2026,12:11:08 PM,VIX,ML/,2000,0.11,,CALL,47.5,0,22000,7/22/2026,WHITE,0,23,F,INDEX,,F,T,0,0
6/29/2026,11:24:59 AM,SPX,ML/,50,423.6,,PUT,7450,0,2118000,6/17/2027,WHITE,0,353,F,INDEX,,F,T,0,0
6/29/2026,1:11:44 PM,XSP,BLOCK,372,7.03,,PUT,726,0,261516,7/31/2026,WHITE,0,32,F,INDEX,,F,T,0,0
6/29/2026,1:11:44 PM,XSP,BLOCK,194,7.1,,PUT,726,0,137740,7/31/2026,WHITE,0,32,F,INDEX,,F,T,0,0
6/29/2026,1:11:44 PM,XSP,BLOCK,89,7.09,,PUT,726,0,63101,7/31/2026,WHITE,0,32,F,INDEX,,F,T,0,0
6/29/2026,1:11:44 PM,XSP,BLOCK,68,7.08,,PUT,726,0,48144,7/31/2026,WHITE,0,32,F,INDEX,,F,T,0,0
6/29/2026,1:11:44 PM,XSP,BLOCK,77,7.02,,PUT,726,0,54054,7/31/2026,WHITE,0,32,F,INDEX,,F,T,0,0
6/29/2026,1:11:44 PM,XSP,BLOCK,375,7.07,,PUT,726,0,265125,7/31/2026,WHITE,0,32,F,INDEX,,F,T,0,0
6/29/2026,1:11:45 PM,XSP,BLOCK,145,7.03,,PUT,726,0,101935,7/31/2026,WHITE,0,32,F,INDEX,,F,T,0,0
6/29/2026,1:11:44 PM,XSP,BLOCK,62,7.06,,PUT,726,0,43772,7/31/2026,WHITE,0,32,F,INDEX,,F,T,0,0
6/29/2026,1:11:44 PM,XSP,BLOCK,158,7.05,,PUT,726,0,111390,7/31/2026,WHITE,0,32,F,INDEX,,F,T,0,0
6/29/2026,1:49:16 PM,SPXW,ML/,50,111.74,,PUT,7450,0,558700,7/27/2026,WHITE,0,28,F,INDEX,,F,T,0,0
6/29/2026,2:48:19 PM,SPX,ML/,100,280.5,,PUT,7200,0,2805000,3/19/2027,WHITE,0,263,F,INDEX,,F,F,0,0
6/29/2026,1:54:04 PM,SPXW,BLOCK,143,52.7,,PUT,7435,0,753610,7/7/2026,WHITE,0,8,F,INDEX,,F,T,0,0
6/29/2026,2:00:23 PM,SPXW,BLOCK,117,54.7,,PUT,7435,0,639990,7/7/2026,WHITE,0,8,F,INDEX,,F,T,0,0
6/29/2026,2:56:18 PM,SPXW,ML/,50,6.23,,PUT,6250,0,31150,7/31/2026,WHITE,0,32,F,INDEX,,F,T,0,0
6/29/2026,2:38:25 PM,SPXW,BLOCK,100,1.3,,CALL,7800,0,13000,7/15/2026,WHITE,0,16,F,INDEX,,F,T,0,0
6/29/2026,11:28:08 AM,SPX,ML/,250,1323.5,,CALL,6500,0,33087500,6/17/2027,WHITE,0,353,F,INDEX,,F,T,0,0
6/29/2026,11:28:56 AM,SPX,ML/,150,125.26,,CALL,8300,0,1878900,3/19/2027,WHITE,0,263,F,INDEX,,F,F,0,0
6/29/2026,11:28:56 AM,SPX,ML/,150,212,,CALL,8300,0,3180000,6/17/2027,WHITE,0,353,F,INDEX,,F,T,0,0
6/29/2026,11:29:37 AM,NDX,BLOCK,154,180,,CALL,30775,0,2772000,7/17/2026,WHITE,0,18,F,INDEX,,F,F,0,0
6/29/2026,3:35:00 PM,SPXW,BLOCK,50,4.8,,PUT,6350,0,24000,7/24/2026,WHITE,0,25,F,INDEX,,F,T,0,0
6/29/2026,1:32:03 PM,SPX,ML/,125,5.33,,PUT,4000,0,66625,10/16/2026,WHITE,0,109,F,INDEX,,F,F,0,0
6/29/2026,11:32:39 AM,RUT,ML/,100,4.49,,CALL,3160,0,44900,7/17/2026,WHITE,0,18,F,INDEX,,F,F,0,0
6/29/2026,11:32:39 AM,RUT,ML/,100,4.1,,CALL,3165,0,40999,7/17/2026,WHITE,0,18,F,INDEX,,F,F,0,0
6/29/2026,11:32:59 AM,SPX,ML/,500,0.25,,PUT,4300,0,12500,7/17/2026,WHITE,0,18,F,INDEX,,F,F,0,0
6/29/2026,11:33:54 AM,SPX,ML/,100,801.92,,PUT,8000,0,8019200,12/15/2028,WHITE,0,900,F,INDEX,,F,F,0,0
6/29/2026,1:14:55 PM,SPX,ML/,1250,792,,PUT,8000,0,99000000,12/15/2028,WHITE,0,900,F,INDEX,,F,F,0,0
6/29/2026,11:35:13 AM,SPX,ML/,150,36.27,,CALL,9300,0,544050,6/17/2027,WHITE,0,353,F,INDEX,,F,T,0,0
6/29/2026,11:35:13 AM,SPX,ML/,150,10.67,,CALL,9400,0,160050,3/19/2027,WHITE,0,263,F,INDEX,,F,F,0,0
6/29/2026,2:38:17 PM,SPX,ML/,100,12,,CALL,9400,0,120000,3/19/2027,WHITE,0,263,F,INDEX,,F,F,0,0
6/29/2026,11:35:26 AM,VIX,BLOCK,50,3.25,,PUT,21,0,16250,11/18/2026,WHITE,0,142,F,INDEX,,F,T,0,0
6/29/2026,12:35:16 PM,XSP,BLOCK,60,8.27,,PUT,710,0,49620,8/31/2026,WHITE,0,63,F,INDEX,,F,T,0,0
6/29/2026,11:39:27 AM,SPX,ML/,180,218.25,,CALL,8100,0,3928500,4/16/2027,WHITE,0,291,F,INDEX,,F,F,0,0
6/29/2026,11:39:49 AM,SPX,ML/,100,95.25,,CALL,7825,0,952500,10/16/2026,WHITE,0,109,F,INDEX,,F,F,0,0
6/29/2026,12:15:17 PM,SPX,ML/,100,97.15,,CALL,7825,0,971500,10/16/2026,WHITE,0,109,F,INDEX,,F,F,0,0
6/29/2026,2:23:11 PM,VIX,BLOCK,900,0.26,,PUT,15,0,23400,11/18/2026,WHITE,0,142,F,INDEX,,F,T,0,0
6/29/2026,11:40:31 AM,XSP,BLOCK,54,3.32,,PUT,699,0,17928,7/31/2026,WHITE,0,32,F,INDEX,,F,T,0,0
6/29/2026,3:45:57 PM,SPXW,ML/,50,3.19,,PUT,5700,0,15950,7/31/2026,WHITE,0,32,F,INDEX,,F,T,0,0
6/29/2026,3:48:49 PM,SPXW,ML/,50,3.19,,PUT,5700,0,15950,7/31/2026,WHITE,0,32,F,INDEX,,F,T,0,0
6/29/2026,11:46:44 AM,SPXW,ML/,100,3.53,,PUT,5700,0,35299,7/31/2026,WHITE,0,32,F,INDEX,,F,T,0,0
6/29/2026,3:50:03 PM,SPXW,ML/,50,3.19,,PUT,5700,0,15950,7/31/2026,WHITE,0,32,F,INDEX,,F,T,0,0
6/29/2026,1:23:04 PM,SPX,BLOCK,100,1.65,,PUT,4300,0,16500,8/21/2026,WHITE,0,53,F,INDEX,,F,F,0,0
6/29/2026,4:00:06 PM,SPXW,ML/,89,2.9,,PUT,5600,0,25809,7/31/2026,WHITE,0,32,F,INDEX,,F,T,0,0
6/29/2026,3:41:38 PM,SPXW,ML/,100,2.85,,PUT,5600,0,28500,7/31/2026,WHITE,0,32,F,INDEX,,F,T,0,0
6/29/2026,3:14:05 PM,SPXW,ML/,170,149.59,,PUT,7585,0,2543030,6/30/2026,WHITE,0,1,F,INDEX,,F,T,0,0
6/29/2026,11:44:19 AM,SPX,ML/,100,173.82,,PUT,7575,0,1738200,7/17/2026,WHITE,0,18,F,INDEX,,F,F,0,0
6/29/2026,3:03:19 PM,SPX,ML/,58,156.21,,PUT,7575,0,906018,7/17/2026,WHITE,0,18,F,INDEX,,F,F,0,0
6/29/2026,11:44:29 AM,VIX,BLOCK,1000,1.37,,PUT,18,0,137000,10/21/2026,WHITE,0,114,F,INDEX,,F,T,0,0
6/29/2026,11:44:39 AM,SPXW,BLOCK,100,1.75,,PUT,3500,0,17500,9/18/2026,WHITE,0,81,F,INDEX,,F,F,0,0
6/29/2026,11:46:26 AM,SPXW,BLOCK,100,2.15,,PUT,4500,0,21500,8/21/2026,WHITE,0,53,F,INDEX,,F,F,0,0
6/29/2026,1:23:21 PM,SPXW,BLOCK,100,2.1,,PUT,4500,0,21000,8/21/2026,WHITE,0,53,F,INDEX,,F,F,0,0
6/29/2026,11:46:31 AM,SPXW,BLOCK,100,1.75,,PUT,4000,0,17500,8/31/2026,WHITE,0,63,F,INDEX,,F,T,0,0
6/29/2026,11:46:39 AM,SPXW,BLOCK,100,2.3,,PUT,6090,0,22999,7/17/2026,WHITE,0,18,F,INDEX,,F,F,0,0
6/29/2026,12:26:50 PM,SPX,ML/,210,44,,PUT,6250,0,924000,10/16/2026,WHITE,0,109,F,INDEX,,F,F,0,0
6/29/2026,3:15:57 PM,SPX,ML/,54,32.95,,PUT,4850,0,177930,2/19/2027,WHITE,0,235,F,INDEX,,F,F,0,0
6/29/2026,3:30:46 PM,SPXW,ML/,1000,233.92,,PUT,7600,0,23392000,8/31/2026,WHITE,0,63,F,INDEX,,F,T,0,0
6/29/2026,11:49:42 AM,VIX,ML/,200,0.7,,CALL,70,0,14000,3/17/2027,WHITE,0,261,F,INDEX,,F,T,0,0
6/29/2026,12:06:39 PM,VIX,ML/,200,0.65,,CALL,70,0,13000,3/17/2027,WHITE,0,261,F,INDEX,,F,T,0,0
6/29/2026,11:48:18 AM,SPXW,ML/,130,18.48,,CALL,7960,0,240240,8/31/2026,WHITE,0,63,F,INDEX,,F,T,0,0
6/29/2026,11:48:18 AM,SPXW,ML/,130,33.63,,PUT,6610,0,437190,8/31/2026,WHITE,0,63,F,INDEX,,F,T,0,0
6/29/2026,11:48:18 AM,SPXW,ML/,130,36.61,,PUT,6660,0,475929,8/31/2026,WHITE,0,63,F,INDEX,,F,T,0,0
6/29/2026,3:57:42 PM,SPX,ML/,125,332,,PUT,6500,0,4150000,6/16/2028,WHITE,0,718,F,INDEX,,F,F,0,0
6/29/2026,11:50:24 AM,SPX,ML/,179,246.6,,CALL,7410,0,4414140,9/18/2026,WHITE,0,81,F,INDEX,,F,F,0,0
6/29/2026,11:50:34 AM,SPX,ML/,217,246.34,,CALL,7410,0,5345578,9/18/2026,WHITE,0,81,F,INDEX,,F,F,0,0
6/29/2026,11:50:44 AM,SPX,ML/,121,246.79,,CALL,7410,0,2986159,9/18/2026,WHITE,0,81,F,INDEX,,F,F,0,0
6/29/2026,11:51:52 AM,SPX,ML/,101,247.19,,CALL,7410,0,2496619,9/18/2026,WHITE,0,81,F,INDEX,,F,F,0,0
6/29/2026,11:51:52 AM,SPX,ML/,111,247.22,,CALL,7410,0,2744142,9/18/2026,WHITE,0,81,F,INDEX,,F,F,0,0
6/29/2026,11:53:31 AM,SPX,ML/,86,247.01,,CALL,7410,0,2124286,9/18/2026,WHITE,0,81,F,INDEX,,F,F,0,0
6/29/2026,11:53:38 AM,SPX,ML/,102,246.84,,CALL,7410,0,2517768,9/18/2026,WHITE,0,81,F,INDEX,,F,F,0,0
6/29/2026,1:39:58 PM,SPX,ML/,172,261.03,,CALL,7410,0,4489716,9/18/2026,WHITE,0,81,F,INDEX,,F,F,0,0
6/29/2026,1:59:38 PM,SPX,ML/,200,261.6,,CALL,7410,0,5232000,9/18/2026,WHITE,0,81,F,INDEX,,F,F,0,0
6/29/2026,1:59:59 PM,SPX,ML/,123,261.8,,CALL,7410,0,3220140,9/18/2026,WHITE,0,81,F,INDEX,,F,F,0,0
6/29/2026,2:02:18 PM,SPX,ML/,120,262.62,,CALL,7410,0,3151440,9/18/2026,WHITE,0,81,F,INDEX,,F,F,0,0
6/29/2026,2:05:26 PM,SPX,ML/,100,263.77,,CALL,7410,0,2637700,9/18/2026,WHITE,0,81,F,INDEX,,F,F,0,0
6/29/2026,2:05:40 PM,SPX,ML/,141,263.37,,CALL,7410,0,3713517,9/18/2026,WHITE,0,81,F,INDEX,,F,F,0,0
6/29/2026,2:06:40 PM,SPX,ML/,50,262.97,,CALL,7410,0,1314850,9/18/2026,WHITE,0,81,F,INDEX,,F,F,0,0
6/29/2026,11:51:24 AM,SPXW,ML/,480,47.56,,PUT,7200,0,2282880,7/23/2026,WHITE,0,24,F,INDEX,,F,T,0,0
6/29/2026,11:51:47 AM,SPX,ML/,3750,84.38,,PUT,6750,0,31642500,10/16/2026,WHITE,0,109,F,INDEX,,F,F,0,0
6/29/2026,11:52:31 AM,SPX,ML/,200,643.6,,PUT,8100,0,12872000,12/18/2026,WHITE,0,172,F,INDEX,,F,F,0,0
6/29/2026,2:11:05 PM,SPXW,ML/,129,1.02,,PUT,6400,0,13158,7/10/2026,WHITE,0,11,F,INDEX,,F,T,0,0
6/29/2026,2:11:06 PM,SPXW,ML/,100,1.02,,PUT,6400,0,10200,7/10/2026,WHITE,0,11,F,INDEX,,F,T,0,0
6/29/2026,2:28:47 PM,SPXW,ML/,299,1.05,,PUT,6400,0,31395,7/10/2026,WHITE,0,11,F,INDEX,,F,T,0,0
6/29/2026,2:28:53 PM,SPXW,ML/,308,1.05,,PUT,6400,0,32340,7/10/2026,WHITE,0,11,F,INDEX,,F,T,0,0
6/29/2026,11:57:54 AM,SPX,ML/,95,96.25,,PUT,7225,0,914375,8/21/2026,WHITE,0,53,F,INDEX,,F,F,0,0
6/29/2026,11:57:54 AM,SPX,ML/,60,15,,CALL,7925,0,90000,8/21/2026,WHITE,0,53,F,INDEX,,F,F,0,0
6/29/2026,2:48:01 PM,SPX,ML/,100,1.93,,CALL,7810,0,19300,7/17/2026,WHITE,0,18,F,INDEX,,F,F,0,0
6/29/2026,3:56:07 PM,SPXW,ML/,69,9.92,,PUT,7130,0,68448,7/10/2026,WHITE,0,11,F,INDEX,,F,T,0,0
6/29/2026,3:56:07 PM,SPXW,ML/,51,9.95,,PUT,7130,0,50745,7/10/2026,WHITE,0,11,F,INDEX,,F,T,0,0
6/29/2026,3:48:13 PM,SPX,ML/,230,67,,PUT,6860,0,1541000,9/18/2026,WHITE,0,81,F,INDEX,,F,F,0,0
6/29/2026,12:01:23 PM,SPX,ML/,100,3.6,,CALL,8425,0,36000,9/18/2026,WHITE,0,81,F,INDEX,,F,F,0,0
6/29/2026,3:39:26 PM,SPXW,ML/,101,8,,PUT,6200,0,80800,8/7/2026,WHITE,0,39,F,INDEX,,F,T,0,0
6/29/2026,3:48:13 PM,SPX,ML/,125,61.85,,PUT,7070,0,773125,8/21/2026,WHITE,0,53,F,INDEX,,F,F,0,0
6/29/2026,12:22:43 PM,SPXW,ML/,70,14.26,,PUT,5425,0,99820,9/30/2026,WHITE,0,93,F,INDEX,,F,T,0,0
6/29/2026,12:02:25 PM,SPX,ML/,2250,43.73,,CALL,8050,0,9839250,10/16/2026,WHITE,0,109,F,INDEX,,F,F,0,0
6/29/2026,12:02:25 PM,SPXW,ML/,900,38.59,,PUT,6700,0,3473100,8/31/2026,WHITE,0,63,F,INDEX,,F,T,0,0
6/29/2026,1:07:47 PM,SPXW,BLOCK,750,38.5,,PUT,6700,0,2887500,8/31/2026,WHITE,0,63,F,INDEX,,F,T,0,0
6/29/2026,3:24:37 PM,SPX,ML/,100,579.08,,PUT,7800,0,5790800,9/17/2027,WHITE,0,445,F,INDEX,,F,F,0,0
6/29/2026,12:02:35 PM,SPX,ML/,100,588.14,,PUT,7800,0,5881400,9/17/2027,WHITE,0,445,F,INDEX,,F,F,0,0
6/29/2026,3:49:02 PM,SPX,ML/,100,579.08,,PUT,7800,0,5790800,9/17/2027,WHITE,0,445,F,INDEX,,F,F,0,0
6/29/2026,3:32:38 PM,SPX,ML/,100,580.38,,PUT,7800,0,5803800,9/17/2027,WHITE,0,445,F,INDEX,,F,F,0,0
6/29/2026,3:24:37 PM,SPX,ML/,100,562.7,,CALL,7800,0,5627000,9/17/2027,WHITE,0,445,F,INDEX,,F,F,0,0
6/29/2026,12:02:35 PM,SPX,ML/,100,547,,CALL,7800,0,5470000,9/17/2027,WHITE,0,445,F,INDEX,,F,F,0,0
6/29/2026,3:48:59 PM,SPX,ML/,100,562.7,,CALL,7800,0,5627000,9/17/2027,WHITE,0,445,F,INDEX,,F,F,0,0
6/29/2026,3:32:38 PM,SPX,ML/,100,560.62,,CALL,7800,0,5606200,9/17/2027,WHITE,0,445,F,INDEX,,F,F,0,0
6/29/2026,12:04:18 PM,SPX,ML/,111,41.1,,PUT,5575,0,456210,12/18/2026,WHITE,0,172,F,INDEX,,F,F,0,0
6/29/2026,12:04:18 PM,SPX,ML/,180,754.2,,PUT,8250,0,13575600,12/18/2026,WHITE,0,172,F,INDEX,,F,F,0,0
6/29/2026,12:29:40 PM,SPX,ML/,114,54.1,,PUT,6980,0,616740,8/21/2026,WHITE,0,53,F,INDEX,,F,F,0,0
6/29/2026,12:05:30 PM,SPX,ML/,270,9.91,,CALL,7990,0,267570,8/21/2026,WHITE,0,53,F,INDEX,,F,F,0,0
6/29/2026,3:50:00 PM,NDXP,ML/,70,3.19,,PUT,29650,0,22330,6/29/2026,WHITE,0,0,F,INDEX,,F,T,0,0
6/29/2026,12:07:20 PM,VIX,ML/,160,1.99,,PUT,19,0,31839,11/18/2026,WHITE,0,142,F,INDEX,,F,T,0,0
6/29/2026,12:12:26 PM,VIX,ML/,1340,1.99,,PUT,19,0,266660,11/18/2026,WHITE,0,142,F,INDEX,,F,T,0,0
6/29/2026,12:37:12 PM,SPX,ML/,150,948.43,,CALL,6700,0,14226450,12/18/2026,WHITE,0,172,F,INDEX,,F,F,0,0
6/29/2026,12:08:30 PM,SPX,ML/,550,218.85,,PUT,6900,0,12036750,3/19/2027,WHITE,0,263,F,INDEX,,F,F,0,0
6/29/2026,1:13:45 PM,SPXW,ML/,80,14.9,,PUT,5500,0,119200,9/30/2026,WHITE,0,93,F,INDEX,,F,T,0,0
6/29/2026,12:16:19 PM,RUT,ML/,74,65.61,,CALL,4400,0,485514,6/16/2028,WHITE,0,718,F,INDEX,,F,F,0,0
6/29/2026,2:56:29 PM,RUTW,ML/,50,52.61,,CALL,3115,0,263050,8/21/2026,WHITE,0,53,F,INDEX,,F,F,0,0
6/29/2026,12:13:29 PM,XSP,BLOCK,55,4.53,,CALL,763,0,24915,7/31/2026,WHITE,0,32,F,INDEX,,F,T,0,0
6/29/2026,12:13:34 PM,XSP,BLOCK,55,4.52,,CALL,763,0,24859,7/31/2026,WHITE,0,32,F,INDEX,,F,T,0,0
6/29/2026,12:13:26 PM,XSP,BLOCK,55,4.51,,CALL,763,0,24805,7/31/2026,WHITE,0,32,F,INDEX,,F,T,0,0
6/29/2026,12:13:32 PM,XSP,BLOCK,55,4.53,,CALL,763,0,24915,7/31/2026,WHITE,0,32,F,INDEX,,F,T,0,0
6/29/2026,2:31:50 PM,SPX,ML/,100,40.6,,PUT,6200,0,406000,10/16/2026,WHITE,0,109,F,INDEX,,F,F,0,0
6/29/2026,2:16:14 PM,SPXW,BLOCK,100,2.6,,CALL,7750,0,26000,7/15/2026,WHITE,0,16,F,INDEX,,F,T,0,0
6/29/2026,12:27:39 PM,SPXW,ML/,63,89.4,,PUT,6300,0,563220,12/31/2026,WHITE,0,185,F,INDEX,,F,T,0,0
6/29/2026,12:19:09 PM,SPX,ML/,50,374.95,,PUT,7500,0,1874750,3/19/2027,WHITE,0,263,F,INDEX,,F,F,0,0
6/29/2026,3:05:20 PM,SPXW,ML/,90,2.87,,PUT,6300,0,25830,7/20/2026,WHITE,0,21,F,INDEX,,F,T,0,0
6/29/2026,12:22:43 PM,SPXW,ML/,70,27.38,,PUT,6050,0,191660,9/30/2026,WHITE,0,93,F,INDEX,,F,T,0,0
6/29/2026,1:14:55 PM,SPX,ML/,1250,1508.65,,CALL,7000,0,188581250,12/15/2028,WHITE,0,900,F,INDEX,,F,F,0,0
6/29/2026,1:14:55 PM,SPX,ML/,1250,495,,PUT,7000,0,61875000,12/15/2028,WHITE,0,900,F,INDEX,,F,F,0,0
6/29/2026,12:24:58 PM,SPX,ML/,200,1.5,,PUT,4250,0,30000,8/21/2026,WHITE,0,53,F,INDEX,,F,F,0,0
6/29/2026,1:16:03 PM,SPX,ML/,100,1.56,,PUT,4250,0,15600,8/21/2026,WHITE,0,53,F,INDEX,,F,F,0,0
6/29/2026,2:26:54 PM,XSP,ML/,92,1.33,,PUT,680,0,12236,7/27/2026,WHITE,0,28,F,INDEX,,F,T,0,0
6/29/2026,2:26:54 PM,XSP,ML/,91,1.33,,PUT,680,0,12103,7/27/2026,WHITE,0,28,F,INDEX,,F,T,0,0
6/29/2026,12:27:39 PM,SPXW,ML/,63,193.15,,PUT,7050,0,1216845,12/31/2026,WHITE,0,185,F,INDEX,,F,T,0,0
6/29/2026,12:27:39 PM,SPXW,ML/,63,69.76,,PUT,6050,0,439488,12/31/2026,WHITE,0,185,F,INDEX,,F,T,0,0
6/29/2026,12:32:05 PM,SPX,BLOCK,196,23.3,,CALL,7595,0,456680,7/17/2026,WHITE,0,18,F,INDEX,,F,F,0,0
6/29/2026,12:32:31 PM,SPXW,BLOCK,90,1.8,,PUT,5800,0,16200,7/20/2026,WHITE,0,21,F,INDEX,,F,T,0,0
6/29/2026,3:52:19 PM,SPXW,ML/,87,1.59,,PUT,5800,0,13833,7/20/2026,WHITE,0,21,F,INDEX,,F,T,0,0
6/29/2026,3:05:20 PM,SPXW,ML/,90,1.55,,PUT,5800,0,13950,7/20/2026,WHITE,0,21,F,INDEX,,F,T,0,0
6/29/2026,3:52:19 PM,SPXW,ML/,88,1.59,,PUT,5800,0,13992,7/20/2026,WHITE,0,21,F,INDEX,,F,T,0,0
6/29/2026,12:32:34 PM,RUT,ML/,60,214.07,,PUT,2700,0,1284420,12/15/2028,WHITE,0,900,F,INDEX,,F,F,0,0
6/29/2026,12:35:25 PM,SPXW,ML/,112,100.34,,PUT,5950,0,1123808,3/31/2027,WHITE,0,275,F,INDEX,,F,T,0,0
6/29/2026,12:35:25 PM,SPXW,ML/,112,258.33,,PUT,7050,0,2893296,3/31/2027,WHITE,0,275,F,INDEX,,F,T,0,0
6/29/2026,12:35:25 PM,SPXW,ML/,112,109.23,,PUT,6050,0,1223376,3/31/2027,WHITE,0,275,F,INDEX,,F,T,0,0
6/29/2026,3:30:46 PM,SPXW,ML/,1500,78.4,,PUT,7100,0,11760000,8/31/2026,WHITE,0,63,F,INDEX,,F,T,0,0
6/29/2026,12:37:12 PM,SPXW,ML/,76,314.4,,PUT,7050,0,2389440,6/30/2027,WHITE,0,366,F,INDEX,,F,T,0,0
6/29/2026,12:37:12 PM,SPXW,ML/,76,135.4,,PUT,5950,0,1029040,6/30/2027,WHITE,0,366,F,INDEX,,F,T,0,0
6/29/2026,12:37:12 PM,SPX,ML/,150,396.76,,CALL,7650,0,5951400,3/19/2027,WHITE,0,263,F,INDEX,,F,F,0,0
6/29/2026,12:37:12 PM,SPX,ML/,150,863.75,,CALL,6650,0,12956250,9/18/2026,WHITE,0,81,F,INDEX,,F,F,0,0
6/29/2026,12:37:12 PM,SPX,ML/,150,50.77,,PUT,6650,0,761550,9/18/2026,WHITE,0,81,F,INDEX,,F,F,0,0
6/29/2026,12:37:12 PM,SPX,ML/,150,431.8,,PUT,7650,0,6477000,3/19/2027,WHITE,0,263,F,INDEX,,F,F,0,0
6/29/2026,12:39:56 PM,SPXW,ML/,54,87.83,,PUT,6910,0,474282,9/30/2026,WHITE,0,93,F,INDEX,,F,T,0,0
6/29/2026,3:50:02 PM,NDXP,ML/,80,2.2,,PUT,29630,0,17600,6/29/2026,WHITE,0,0,F,INDEX,,F,T,0,0
6/29/2026,3:00:53 PM,XSP,BLOCK,162,1.88,,PUT,720,0,30456,7/13/2026,WHITE,0,14,F,INDEX,,F,T,0,0
6/29/2026,2:05:15 PM,RUT,ML/,250,55.63,,PUT,2600,0,1390750,12/18/2026,WHITE,0,172,F,INDEX,,F,F,0,0
6/29/2026,3:06:24 PM,SPXW,ML/,62,460.14,,CALL,6975,0,2852868,6/29/2026,WHITE,0,0,F,INDEX,,F,T,0,0
6/29/2026,3:28:48 PM,VIX,ML/,150,3.45,,PUT,21,0,51750,7/22/2026,WHITE,0,23,F,INDEX,,F,T,0,0
6/29/2026,3:52:33 PM,RUT,ML/,50,156.54,,CALL,3100,0,782700,12/18/2026,WHITE,0,172,F,INDEX,,F,F,0,0
6/29/2026,12:49:11 PM,SPXW,ML/,60,151.28,,CALL,7300,0,907679,7/8/2026,WHITE,0,9,F,INDEX,,F,T,0,0
6/29/2026,3:10:25 PM,SPXW,ML/,250,228.3,,CALL,7500,0,5707500,9/30/2026,WHITE,0,93,F,INDEX,,F,T,0,0
6/29/2026,3:55:35 PM,SPX,SWEEP,50,63.7,,PUT,6575,0,318500,10/16/2026,WHITE,0,109,F,INDEX,,F,F,0,0
6/29/2026,3:15:38 PM,SPX,ML/,100,73.99,,PUT,7145,0,739899,8/21/2026,WHITE,0,53,F,INDEX,,F,F,0,0
6/29/2026,12:58:56 PM,SPX,BLOCK,96,29.9,,PUT,4500,0,287039,3/19/2027,WHITE,0,263,F,INDEX,,F,F,0,0
6/29/2026,3:28:25 PM,SPX,BLOCK,50,7.7,,CALL,7705,0,38500,7/17/2026,WHITE,0,18,F,INDEX,,F,F,0,0
6/29/2026,3:11:10 PM,SPX,ML/,100,298.7,,CALL,8600,0,2987000,12/17/2027,WHITE,0,536,F,INDEX,,F,F,0,0
6/29/2026,1:07:11 PM,SPXW,ML/,250,281.14,,PUT,7550,0,7028500,10/30/2026,WHITE,0,123,F,INDEX,,F,T,0,0
6/29/2026,1:08:17 PM,SPX,ML/,90,173.54,,CALL,7950,0,1561859,1/15/2027,WHITE,0,200,F,INDEX,,F,F,0,0
6/29/2026,1:10:48 PM,SPX,ML/,80,425,,PUT,6700,0,3400000,12/15/2028,WHITE,0,900,F,INDEX,,F,F,0,0
6/29/2026,1:11:20 PM,VIX,ML/,80,6.05,,PUT,24,0,48400,8/19/2026,WHITE,0,51,F,INDEX,,F,T,0,0
6/29/2026,1:13:40 PM,SPXW,ML/,74,1.7,,PUT,6100,0,12580,7/16/2026,WHITE,0,17,F,INDEX,,F,T,0,0
6/29/2026,1:14:55 PM,SPX,ML/,1250,910,,CALL,8000,0,113750000,12/15/2028,WHITE,0,900,F,INDEX,,F,F,0,0
6/29/2026,1:16:03 PM,SPX,ML/,200,36.5,,PUT,6450,0,730000,9/18/2026,WHITE,0,81,F,INDEX,,F,F,0,0
6/29/2026,3:00:20 PM,SPXW,ML/,85,28.87,,PUT,5900,0,245395,10/16/2026,WHITE,0,109,F,INDEX,,F,F,0,0
6/29/2026,1:20:05 PM,SPX,ML/,80,208.5,,PUT,7490,0,1668000,9/18/2026,WHITE,0,81,F,INDEX,,F,F,0,0
6/29/2026,1:23:36 PM,SPX,ML/,90,210.5,,PUT,7490,0,1894500,9/18/2026,WHITE,0,81,F,INDEX,,F,F,0,0
6/29/2026,1:23:21 PM,SPX,ML/,50,208.5,,PUT,7490,0,1042500,9/18/2026,WHITE,0,81,F,INDEX,,F,F,0,0
6/29/2026,1:17:08 PM,SPX,ML/,288,209.5,,PUT,7490,0,6033600,9/18/2026,WHITE,0,81,F,INDEX,,F,F,0,0
6/29/2026,1:23:36 PM,SPX,ML/,90,208.5,,CALL,7490,0,1876500,9/18/2026,WHITE,0,81,F,INDEX,,F,F,0,0
6/29/2026,1:23:21 PM,SPX,ML/,50,210.5,,CALL,7490,0,1052500,9/18/2026,WHITE,0,81,F,INDEX,,F,F,0,0
6/29/2026,1:17:08 PM,SPX,ML/,288,209.5,,CALL,7490,0,6033600,9/18/2026,WHITE,0,81,F,INDEX,,F,F,0,0
6/29/2026,1:20:05 PM,SPX,ML/,80,210,,CALL,7490,0,1680000,9/18/2026,WHITE,0,81,F,INDEX,,F,F,0,0
6/29/2026,1:20:49 PM,SPX,ML/,100,27.3,,CALL,8025,0,273000,9/18/2026,WHITE,0,81,F,INDEX,,F,F,0,0
6/29/2026,1:20:52 PM,RUT,ML/,100,241.37,,PUT,3100,0,2413700,3/19/2027,WHITE,0,263,F,INDEX,,F,F,0,0
6/29/2026,1:20:52 PM,RUT,ML/,200,37.49,,PUT,2720,0,749800,9/18/2026,WHITE,0,81,F,INDEX,,F,F,0,0
6/29/2026,1:21:11 PM,VIX,ML/,282,0.98,,CALL,50,0,27636,2/17/2027,WHITE,0,233,F,INDEX,,F,T,0,0
6/29/2026,1:21:11 PM,VIX,ML/,282,0.96,,CALL,55,0,27071,3/17/2027,WHITE,0,261,F,INDEX,,F,T,0,0
6/29/2026,1:23:10 PM,SPX,ML/,53,35.52,,CALL,8600,0,188256,1/15/2027,WHITE,0,200,F,INDEX,,F,F,0,0
6/29/2026,1:23:21 PM,SPX,ML/,200,180.75,,CALL,9000,0,3615000,12/17/2027,WHITE,0,536,F,INDEX,,F,F,0,0
6/29/2026,1:25:27 PM,SPX,ML/,60,85.46,,PUT,6990,0,512759,9/18/2026,WHITE,0,81,F,INDEX,,F,F,0,0
6/29/2026,3:04:59 PM,SPX,ML/,60,7.9,,CALL,9600,0,47400,3/19/2027,WHITE,0,263,F,INDEX,,F,F,0,0
6/29/2026,1:27:15 PM,XSP,ML/,79,1.61,,PUT,689,0,12719,7/24/2026,WHITE,0,25,F,INDEX,,F,T,0,0
6/29/2026,1:27:15 PM,XSP,ML/,79,1.39,,PUT,684,0,10980,7/24/2026,WHITE,0,25,F,INDEX,,F,T,0,0
6/29/2026,3:49:34 PM,SPXW,ML/,6000,43.82,,PUT,6800,0,26292000,8/31/2026,WHITE,0,63,F,INDEX,,F,T,0,0
6/29/2026,1:47:26 PM,SPXW,ML/,50,75.52,,CALL,7925,0,377600,10/16/2026,WHITE,0,109,F,INDEX,,F,F,0,0
6/29/2026,1:47:26 PM,SPXW,ML/,50,82.22,,CALL,7900,0,411100,10/16/2026,WHITE,0,109,F,INDEX,,F,F,0,0
6/29/2026,1:31:40 PM,SPXW,ML/,3300,560.14,,PUT,8000,0,184846200,7/2/2026,WHITE,0,3,F,INDEX,,F,T,0,0
6/29/2026,2:15:45 PM,SPXW,ML/,300,560.14,,PUT,8000,0,16804200,7/2/2026,WHITE,0,3,F,INDEX,,F,T,0,0
6/29/2026,3:44:53 PM,SPX,BLOCK,50,15.9,,PUT,6350,0,79500,8/21/2026,WHITE,0,53,F,INDEX,,F,F,0,0
6/29/2026,1:44:29 PM,XSP,BLOCK,1500,0.19,,PUT,685,0,28500,7/8/2026,WHITE,0,9,F,INDEX,,F,T,0,0
6/29/2026,1:48:20 PM,SPX,ML/,70,209.5,,CALL,7495,0,1466500,9/18/2026,WHITE,0,81,F,INDEX,,F,F,0,0
6/29/2026,1:51:51 PM,SPX,ML/,85,209.5,,CALL,7495,0,1780750,9/18/2026,WHITE,0,81,F,INDEX,,F,F,0,0
6/29/2026,1:52:00 PM,SPX,ML/,51,210,,CALL,7495,0,1071000,9/18/2026,WHITE,0,81,F,INDEX,,F,F,0,0
6/29/2026,2:04:11 PM,SPX,ML/,52,209.5,,CALL,7495,0,1089400,9/18/2026,WHITE,0,81,F,INDEX,,F,F,0,0
6/29/2026,2:05:50 PM,SPX,ML/,200,209.6,,CALL,7495,0,4192000,9/18/2026,WHITE,0,81,F,INDEX,,F,F,0,0
6/29/2026,1:43:52 PM,SPX,ML/,52,209,,CALL,7495,0,1086800,9/18/2026,WHITE,0,81,F,INDEX,,F,F,0,0
6/29/2026,2:25:03 PM,SPX,ML/,64,209.5,,CALL,7495,0,1340800,9/18/2026,WHITE,0,81,F,INDEX,,F,F,0,0
6/29/2026,3:19:46 PM,SPX,ML/,73,210.5,,CALL,7495,0,1536650,9/18/2026,WHITE,0,81,F,INDEX,,F,F,0,0
6/29/2026,3:43:19 PM,SPX,ML/,160,210.5,,CALL,7495,0,3368000,9/18/2026,WHITE,0,81,F,INDEX,,F,F,0,0
6/29/2026,2:28:28 PM,SPX,ML/,145,209,,CALL,7495,0,3030500,9/18/2026,WHITE,0,81,F,INDEX,,F,F,0,0
6/29/2026,3:42:41 PM,SPX,ML/,250,209.5,,CALL,7495,0,5237500,9/18/2026,WHITE,0,81,F,INDEX,,F,F,0,0
6/29/2026,2:31:00 PM,SPX,ML/,63,208.5,,CALL,7495,0,1313550,9/18/2026,WHITE,0,81,F,INDEX,,F,F,0,0
6/29/2026,3:52:36 PM,SPX,ML/,123,208,,CALL,7495,0,2558400,9/18/2026,WHITE,0,81,F,INDEX,,F,F,0,0
6/29/2026,4:01:33 PM,SPX,ML/,180,209,,CALL,7495,0,3762000,9/18/2026,WHITE,0,81,F,INDEX,,F,F,0,0
6/29/2026,3:30:46 PM,SPX,ML/,260,211,,CALL,7495,0,5486000,9/18/2026,WHITE,0,81,F,INDEX,,F,F,0,0
6/29/2026,4:10:29 PM,SPX,ML/,400,209.5,,CALL,7495,0,8380000,9/18/2026,WHITE,0,81,F,INDEX,,F,F,0,0
6/29/2026,4:02:27 PM,SPX,ML/,195,209,,CALL,7495,0,4075500,9/18/2026,WHITE,0,81,F,INDEX,,F,F,0,0
6/29/2026,1:44:23 PM,SPX,ML/,75,208.9,,CALL,7495,0,1566750,9/18/2026,WHITE,0,81,F,INDEX,,F,F,0,0
6/29/2026,4:13:26 PM,SPX,ML/,193,209.7,,CALL,7495,0,4047210,9/18/2026,WHITE,0,81,F,INDEX,,F,F,0,0
6/29/2026,1:58:53 PM,SPX,ML/,180,208.7,,CALL,7495,0,3756600,9/18/2026,WHITE,0,81,F,INDEX,,F,F,0,0
6/29/2026,3:43:19 PM,SPX,ML/,80,210.5,,CALL,7495,0,1684000,9/18/2026,WHITE,0,81,F,INDEX,,F,F,0,0
6/29/2026,2:20:03 PM,SPX,ML/,60,209.33,,CALL,7495,0,1255980,9/18/2026,WHITE,0,81,F,INDEX,,F,F,0,0
6/29/2026,4:13:48 PM,SPX,ML/,220,211,,CALL,7495,0,4642000,9/18/2026,WHITE,0,81,F,INDEX,,F,F,0,0
6/29/2026,3:08:17 PM,SPX,ML/,70,211.8,,CALL,7495,0,1482600,9/18/2026,WHITE,0,81,F,INDEX,,F,F,0,0
6/29/2026,3:32:55 PM,SPX,ML/,102,209.4,,CALL,7495,0,2135880,9/18/2026,WHITE,0,81,F,INDEX,,F,F,0,0
6/29/2026,3:56:47 PM,SPX,ML/,118,208,,CALL,7495,0,2454400,9/18/2026,WHITE,0,81,F,INDEX,,F,F,0,0
6/29/2026,1:49:04 PM,XSP,ML/,70,4.71,,PUT,714,0,32970,7/31/2026,WHITE,0,32,F,INDEX,,F,T,0,0
6/29/2026,1:49:04 PM,XSP,ML/,70,4.71,,PUT,714,0,32970,7/31/2026,WHITE,0,32,F,INDEX,,F,T,0,0
6/29/2026,1:49:04 PM,XSP,ML/,70,4.71,,PUT,714,0,32970,7/31/2026,WHITE,0,32,F,INDEX,,F,T,0,0
6/29/2026,1:49:04 PM,XSP,ML/,70,4.71,,PUT,714,0,32970,7/31/2026,WHITE,0,32,F,INDEX,,F,T,0,0
6/29/2026,1:49:04 PM,XSP,ML/,70,4.72,,PUT,714,0,33040,7/31/2026,WHITE,0,32,F,INDEX,,F,T,0,0
6/29/2026,4:12:42 PM,SPXW,ML/,700,0.15,,PUT,6125,0,10500,7/2/2026,WHITE,0,3,F,INDEX,,F,T,0,0
6/29/2026,1:54:28 PM,SPXW,BLOCK,686,2.3,,PUT,5600,0,157780,7/28/2026,WHITE,0,29,F,INDEX,,F,T,0,0
6/29/2026,1:56:17 PM,RUTW,ML/,66,41.86,,PUT,3040,0,276276,6/30/2026,WHITE,0,1,F,INDEX,,F,T,0,0
6/29/2026,1:58:55 PM,SPX,ML/,100,303.3,,CALL,8100,0,3033000,6/17/2027,WHITE,0,353,F,INDEX,,F,T,0,0
6/29/2026,1:59:56 PM,SPX,ML/,50,303.3,,CALL,8100,0,1516500,6/17/2027,WHITE,0,353,F,INDEX,,F,T,0,0
6/29/2026,2:02:20 PM,SPX,BLOCK,50,6.7,,CALL,11200,0,33500,9/17/2027,WHITE,0,445,F,INDEX,,F,F,0,0
6/29/2026,2:04:46 PM,VIX,BLOCK,100,1.17,,CALL,47.5,0,11700,2/17/2027,WHITE,0,233,F,INDEX,,F,T,0,0
6/29/2026,2:09:08 PM,VIX,BLOCK,100,1.17,,CALL,47.5,0,11700,2/17/2027,WHITE,0,233,F,INDEX,,F,T,0,0
6/29/2026,2:14:38 PM,VIX,BLOCK,100,1.15,,CALL,47.5,0,11499,2/17/2027,WHITE,0,233,F,INDEX,,F,T,0,0
6/29/2026,2:16:59 PM,VIX,BLOCK,100,1.15,,CALL,47.5,0,11499,2/17/2027,WHITE,0,233,F,INDEX,,F,T,0,0
6/29/2026,2:17:40 PM,VIX,BLOCK,100,1.15,,CALL,47.5,0,11499,2/17/2027,WHITE,0,233,F,INDEX,,F,T,0,0
6/29/2026,2:19:17 PM,VIX,BLOCK,100,1.15,,CALL,47.5,0,11499,2/17/2027,WHITE,0,233,F,INDEX,,F,T,0,0
6/29/2026,2:21:06 PM,VIX,BLOCK,116,1.15,,CALL,47.5,0,13339,2/17/2027,WHITE,0,233,F,INDEX,,F,T,0,0
6/29/2026,2:21:48 PM,VIX,BLOCK,104,1.15,,CALL,47.5,0,11960,2/17/2027,WHITE,0,233,F,INDEX,,F,T,0,0
6/29/2026,2:27:06 PM,VIX,BLOCK,116,1.15,,CALL,47.5,0,13339,2/17/2027,WHITE,0,233,F,INDEX,,F,T,0,0
6/29/2026,2:30:46 PM,VIX,BLOCK,100,1.15,,CALL,47.5,0,11499,2/17/2027,WHITE,0,233,F,INDEX,,F,T,0,0
6/29/2026,2:13:21 PM,VIX,BLOCK,100,1.17,,CALL,47.5,0,11700,2/17/2027,WHITE,0,233,F,INDEX,,F,T,0,0
6/29/2026,2:31:27 PM,VIX,BLOCK,97,1.15,,CALL,47.5,0,11155,2/17/2027,WHITE,0,233,F,INDEX,,F,T,0,0
6/29/2026,2:05:03 PM,SPX,ML/,100,10.13,,PUT,3850,0,101300,12/18/2026,WHITE,0,172,F,INDEX,,F,F,0,0
6/29/2026,2:05:03 PM,SPX,ML/,100,8.63,,PUT,4000,0,86300,11/20/2026,WHITE,0,144,F,INDEX,,F,F,0,0
6/29/2026,3:52:33 PM,RUT,ML/,50,124.06,,PUT,2900,0,620300,12/18/2026,WHITE,0,172,F,INDEX,,F,F,0,0
6/29/2026,2:09:02 PM,SPX,ML/,1000,49,,CALL,8650,0,4900000,2/19/2027,WHITE,0,235,F,INDEX,,F,F,0,0
6/29/2026,2:09:02 PM,SPX,ML/,1000,95.92,,CALL,8475,0,9592000,3/19/2027,WHITE,0,263,F,INDEX,,F,F,0,0
6/29/2026,2:11:02 PM,SPXW,ML/,100,5.03,,PUT,6300,0,50300,7/27/2026,WHITE,0,28,F,INDEX,,F,T,0,0
6/29/2026,3:15:38 PM,SPX,ML/,125,71.84,,CALL,7810,0,898000,9/18/2026,WHITE,0,81,F,INDEX,,F,F,0,0
6/29/2026,2:15:24 PM,SPXW,ML/,300,494.68,,CALL,6940,0,14840400,6/30/2026,WHITE,0,1,F,INDEX,,F,T,0,0
6/29/2026,2:15:24 PM,SPXW,ML/,300,501.98,,CALL,6990,0,15059400,7/31/2026,WHITE,0,32,F,INDEX,,F,T,0,0
6/29/2026,2:16:32 PM,SPX,ML/,200,522.97,,PUT,7875,0,10459400,3/19/2027,WHITE,0,263,F,INDEX,,F,F,0,0
6/29/2026,2:20:14 PM,SPX,ML/,78,88.47,,PUT,7215,0,690066,8/21/2026,WHITE,0,53,F,INDEX,,F,F,0,0
6/29/2026,2:21:34 PM,VIX,BLOCK,1000,0.5,,PUT,16,0,50000,10/21/2026,WHITE,0,114,F,INDEX,,F,T,0,0
6/29/2026,2:25:03 PM,SPX,ML/,100,295,,PUT,7250,0,2950000,3/19/2027,WHITE,0,263,F,INDEX,,F,F,0,0
6/29/2026,3:38:58 PM,SPXW,ML/,223,1.5,,PUT,5900,0,33450,7/17/2026,WHITE,0,18,F,INDEX,,F,F,0,0
6/29/2026,3:38:58 PM,SPXW,ML/,77,1.5,,PUT,5900,0,11550,7/17/2026,WHITE,0,18,F,INDEX,,F,F,0,0
6/29/2026,3:34:00 PM,SPX,ML/,60,22.04,,PUT,6060,0,132240,9/18/2026,WHITE,0,81,F,INDEX,,F,F,0,0
6/29/2026,2:31:35 PM,SPXW,ML/,100,49.43,,PUT,6950,0,494300,8/21/2026,WHITE,0,53,F,INDEX,,F,F,0,0
6/29/2026,2:31:41 PM,SPXW,ML/,70,930.58,,CALL,6500,0,6514060,6/30/2026,WHITE,0,1,F,INDEX,,F,T,0,0
6/29/2026,2:31:41 PM,SPXW,ML/,70,931.51,,CALL,6500,0,6520570,6/29/2026,WHITE,0,0,F,INDEX,,F,T,0,0
6/29/2026,2:31:50 PM,SPX,ML/,100,59.85,,PUT,6200,0,598500,11/20/2026,WHITE,0,144,F,INDEX,,F,F,0,0
6/29/2026,2:31:50 PM,SPX,ML/,100,66.75,,PUT,6300,0,667500,11/20/2026,WHITE,0,144,F,INDEX,,F,F,0,0
6/29/2026,4:14:15 PM,XSP,ML/,50,26.13,,CALL,718,0,130650,7/1/2026,WHITE,0,2,F,INDEX,,F,T,0,0
6/29/2026,2:58:02 PM,SPX,ML/,100,90.77,,PUT,7040,0,907700,9/18/2026,WHITE,0,81,F,INDEX,,F,F,0,0
6/29/2026,2:55:33 PM,SPXW,ML/,188,212.76,,PUT,7375,0,3999887,10/30/2026,WHITE,0,123,F,INDEX,,F,T,0,0
6/29/2026,2:44:08 PM,SPXW,ML/,110,12.98,,CALL,7725,0,142780,7/23/2026,WHITE,0,24,F,INDEX,,F,T,0,0
6/29/2026,2:42:18 PM,SPXW,ML/,76,2.61,,PUT,6625,0,19836,7/14/2026,WHITE,0,15,F,INDEX,,F,T,0,0
6/29/2026,2:42:18 PM,SPXW,ML/,76,2.61,,PUT,6625,0,19836,7/14/2026,WHITE,0,15,F,INDEX,,F,T,0,0
6/29/2026,2:44:03 PM,XSP,ML/,120,8.63,,PUT,635,0,103560,12/18/2026,WHITE,0,172,F,INDEX,,F,F,0,0
6/29/2026,2:44:03 PM,XSP,ML/,120,9.58,,PUT,645,0,114959,12/18/2026,WHITE,0,172,F,INDEX,,F,F,0,0
6/29/2026,3:37:49 PM,SPX,BLOCK,50,2.45,,PUT,6330,0,12250,7/17/2026,WHITE,0,18,F,INDEX,,F,F,0,0
6/29/2026,2:50:58 PM,RUT,ML/,70,2.7,,PUT,2650,0,18900,7/17/2026,WHITE,0,18,F,INDEX,,F,F,0,0
6/29/2026,2:53:30 PM,SPXW,ML/,335,26.39,,CALL,7675,0,884065,7/27/2026,WHITE,0,28,F,INDEX,,F,T,0,0
6/29/2026,2:53:30 PM,SPXW,ML/,204,26.4,,CALL,7675,0,538560,7/27/2026,WHITE,0,28,F,INDEX,,F,T,0,0
6/29/2026,2:54:42 PM,SPX,BLOCK,60,5,,PUT,3950,0,30000,10/16/2026,WHITE,0,109,F,INDEX,,F,F,0,0
6/29/2026,2:55:15 PM,SPXW,ML/,80,12.26,,CALL,8900,0,98080,12/31/2026,WHITE,0,185,F,INDEX,,F,T,0,0
6/29/2026,2:55:20 PM,SPXW,ML/,80,12.23,,CALL,8900,0,97840,12/31/2026,WHITE,0,185,F,INDEX,,F,T,0,0
6/29/2026,3:43:22 PM,SPXW,ML/,55,67.75,,CALL,7585,0,372625,7/31/2026,WHITE,0,32,F,INDEX,,F,T,0,0
6/29/2026,3:43:26 PM,SPXW,ML/,54,67.9,,CALL,7585,0,366660,7/31/2026,WHITE,0,32,F,INDEX,,F,T,0,0
6/29/2026,3:00:20 PM,SPXW,ML/,85,27.37,,PUT,5850,0,232645,10/16/2026,WHITE,0,109,F,INDEX,,F,F,0,0
6/29/2026,3:06:24 PM,SPXW,ML/,62,515.16,,CALL,6920,0,3193992,6/29/2026,WHITE,0,0,F,INDEX,,F,T,0,0
6/29/2026,3:06:24 PM,SPXW,ML/,62,463.92,,CALL,6975,0,2876304,7/1/2026,WHITE,0,2,F,INDEX,,F,T,0,0
6/29/2026,3:07:35 PM,SPXW,ML/,103,2.2,,PUT,5800,0,22660,7/23/2026,WHITE,0,24,F,INDEX,,F,T,0,0
6/29/2026,3:11:10 PM,SPX,ML/,100,1464.2,,CALL,6600,0,14642000,12/17/2027,WHITE,0,536,F,INDEX,,F,F,0,0
6/29/2026,3:18:04 PM,SPX,BLOCK,70,13,,CALL,8800,0,91000,12/18/2026,WHITE,0,172,F,INDEX,,F,F,0,0
6/29/2026,3:13:07 PM,DJX,ML/,175,13.57,,CALL,620,0,237475,12/17/2027,WHITE,0,536,F,INDEX,,F,F,0,0
6/29/2026,3:13:07 PM,DJX,ML/,88,13,,PUT,525,0,114400,9/18/2026,WHITE,0,81,F,INDEX,,F,F,0,0
6/29/2026,3:13:07 PM,DJX,ML/,88,14.25,,CALL,525,0,125400,9/18/2026,WHITE,0,81,F,INDEX,,F,F,0,0
6/29/2026,3:13:07 PM,DJX,ML/,175,19.92,,PUT,480,0,348600,12/17/2027,WHITE,0,536,F,INDEX,,F,F,0,0
6/29/2026,3:14:05 PM,SPXW,ML/,102,142.57,,PUT,7585,0,1454214,7/2/2026,WHITE,0,3,F,INDEX,,F,T,0,0
6/29/2026,3:14:10 PM,SPXW,ML/,68,142.57,,PUT,7585,0,969476,7/2/2026,WHITE,0,3,F,INDEX,,F,T,0,0
6/29/2026,3:14:05 PM,SPXW,ML/,170,147.23,,PUT,7590,0,2502910,7/2/2026,WHITE,0,3,F,INDEX,,F,T,0,0
6/29/2026,3:15:30 PM,RUTW,ML/,195,9.13,,PUT,2000,0,178035,11/30/2026,WHITE,0,154,F,INDEX,,F,T,0,0
6/29/2026,3:15:30 PM,RUTW,ML/,195,2.44,,PUT,2100,0,47580,8/31/2026,WHITE,0,63,F,INDEX,,F,T,0,0
6/29/2026,3:15:30 PM,RUTW,ML/,195,37.97,,PUT,2520,0,740415,11/30/2026,WHITE,0,154,F,INDEX,,F,T,0,0
6/29/2026,3:16:16 PM,SPX,ML/,62,706.95,,CALL,6800,0,4383090,8/21/2026,WHITE,0,53,F,INDEX,,F,F,0,0
6/29/2026,3:16:22 PM,SPX,ML/,232,706.28,,CALL,6800,0,16385696,8/21/2026,WHITE,0,53,F,INDEX,,F,F,0,0
6/29/2026,3:16:16 PM,SPX,ML/,62,754.46,,CALL,6700,0,4677652,7/17/2026,WHITE,0,18,F,INDEX,,F,F,0,0
6/29/2026,3:16:22 PM,SPX,ML/,232,753.84,,CALL,6700,0,17489088,7/17/2026,WHITE,0,18,F,INDEX,,F,F,0,0
6/29/2026,3:16:26 PM,XSP,BLOCK,122,8.53,,CALL,744,0,104065,7/14/2026,WHITE,0,15,F,INDEX,,F,T,0,0
6/29/2026,3:16:44 PM,SPX,BLOCK,55,4,,CALL,9000,0,22000,11/20/2026,WHITE,0,144,F,INDEX,,F,F,0,0
6/29/2026,3:16:49 PM,SPX,BLOCK,50,4,,CALL,9000,0,20000,11/20/2026,WHITE,0,144,F,INDEX,,F,F,0,0
6/29/2026,3:36:02 PM,SPX,BLOCK,82,4,,CALL,9000,0,32800,11/20/2026,WHITE,0,144,F,INDEX,,F,F,0,0
6/29/2026,3:16:48 PM,SPX,BLOCK,60,45.4,,CALL,8250,0,272400,11/20/2026,WHITE,0,144,F,INDEX,,F,F,0,0
6/29/2026,3:58:22 PM,SPXW,BLOCK,86,6.2,,PUT,6450,0,53320,7/27/2026,WHITE,0,28,F,INDEX,,F,T,0,0
6/29/2026,3:19:46 PM,SPX,ML/,660,27.7,,PUT,6250,0,1828200,9/18/2026,WHITE,0,81,F,INDEX,,F,F,0,0
6/29/2026,3:20:22 PM,SPX,ML/,900,8.24,,PUT,5125,0,741600,9/18/2026,WHITE,0,81,F,INDEX,,F,F,0,0
6/29/2026,3:27:06 PM,NDXP,ML/,144,972.55,,CALL,29800,0,14004719,8/3/2026,WHITE,0,35,F,INDEX,,F,T,0,0
6/29/2026,3:27:06 PM,NDXP,ML/,144,887.85,,PUT,29800,0,12785040,8/3/2026,WHITE,0,35,F,INDEX,,F,T,0,0
6/29/2026,3:31:26 PM,SPX,BLOCK,50,3.8,,PUT,5150,0,19000,8/21/2026,WHITE,0,53,F,INDEX,,F,F,0,0
6/29/2026,3:55:49 PM,SPXW,SWEEP,50,7.6,,PUT,6625,0,38000,7/24/2026,WHITE,0,25,F,INDEX,,F,T,0,0
6/29/2026,3:55:35 PM,SPX,BLOCK,50,46.2,,PUT,6620,0,231000,9/18/2026,WHITE,0,81,F,INDEX,,F,F,0,0
6/29/2026,3:48:13 PM,SPX,ML/,100,83.59,,PUT,6780,0,835900,10/16/2026,WHITE,0,109,F,INDEX,,F,F,0,0
6/29/2026,3:48:13 PM,SPX,ML/,175,101.15,,PUT,6920,0,1770125,10/16/2026,WHITE,0,109,F,INDEX,,F,F,0,0
6/29/2026,3:48:46 PM,RUTW,ML/,50,6.1,,PUT,2790,0,30500,7/14/2026,WHITE,0,15,F,INDEX,,F,T,0,0
6/29/2026,3:48:46 PM,RUTW,ML/,50,5.6,,PUT,2780,0,28000,7/14/2026,WHITE,0,15,F,INDEX,,F,T,0,0
6/29/2026,3:49:34 PM,SPXW,ML/,2400,1193.96,,CALL,6300,0,286550400,8/31/2026,WHITE,0,63,F,INDEX,,F,T,0,0
6/29/2026,3:49:34 PM,SPXW,ML/,2400,1135.66,,CALL,6300,0,272558400,6/30/2026,WHITE,0,1,F,INDEX,,F,T,0,0
6/29/2026,3:50:27 PM,NDXP,ML/,70,4.9,,PUT,28010,0,34300,6/30/2026,WHITE,0,1,F,INDEX,,F,T,0,0
6/29/2026,3:53:10 PM,SPX,BLOCK,50,6.5,,PUT,4850,0,32500,9/18/2026,WHITE,0,81,F,INDEX,,F,F,0,0
6/29/2026,3:53:32 PM,SPXW,ML/,120,53.68,,CALL,7570,0,644160,7/24/2026,WHITE,0,25,F,INDEX,,F,T,0,0
6/29/2026,3:57:49 PM,SPX,ML/,129,7.26,,PUT,5750,0,93654,8/21/2026,WHITE,0,53,F,INDEX,,F,F,0,0
6/29/2026,3:58:10 PM,SPX,ML/,58,7.25,,PUT,5750,0,42050,8/21/2026,WHITE,0,53,F,INDEX,,F,F,0,0
6/29/2026,3:57:49 PM,SPX,ML/,75,7.26,,PUT,5750,0,54450,8/21/2026,WHITE,0,53,F,INDEX,,F,F,0,0
6/29/2026,3:58:18 PM,SPX,ML/,150,7.26,,PUT,5750,0,108900,8/21/2026,WHITE,0,53,F,INDEX,,F,F,0,0
6/29/2026,3:58:18 PM,SPX,ML/,2791,7.26,,PUT,5750,0,2026266,8/21/2026,WHITE,0,53,F,INDEX,,F,F,0,0
6/29/2026,3:58:11 PM,SPX,ML/,58,7.25,,PUT,5750,0,42050,8/21/2026,WHITE,0,53,F,INDEX,,F,F,0,0
6/29/2026,3:59:12 PM,SPXW,ML/,2300,0.75,,CALL,8700,0,172500,8/31/2026,WHITE,0,63,F,INDEX,,F,T,0,0
6/29/2026,3:59:12 PM,SPXW,ML/,2300,2.8,,CALL,8325,0,644000,8/31/2026,WHITE,0,63,F,INDEX,,F,T,0,0
6/29/2026,3:59:40 PM,NDXP,BLOCK,50,421.81,,CALL,31000,0,2109050,8/3/2026,WHITE,0,35,F,INDEX,,F,T,0,0
6/29/2026,3:59:49 PM,SPXW,ML/,300,29.7,,CALL,7900,0,891000,8/31/2026,WHITE,0,63,F,INDEX,,F,T,0,0
6/29/2026,3:59:49 PM,SPXW,ML/,300,63.5,,PUT,7000,0,1905000,8/31/2026,WHITE,0,63,F,INDEX,,F,T,0,0
